{

    "format_version": "1.13.0",

    "minecraft:entity": {

    "description": {

        "identifier": "md:a_red",

        "is_spawnable": true,

        "is_summonable": true,

        "is_experimental": false,

        "animations":{

            "spawn": "animation.velociraptor.spawn",

            "dead":"animation.velociraptor.dead",

            "command_controller": "controller.animation.velociraptor_commands",

            "sleeping_controller": "controller.animation.sleep_commands",

            "sleeping": "animation.sleeping.command",

            "awake": "animation.awake.command"

          },

          "scripts": {

            "animate": [

              "command_controller",

              "sleeping_controller"

            ]

          }

      },

      "component_groups": {

          "jp:look_for_mobs":{

              "minecraft:on_target_acquired":{

                  "event":"jp:target_acquired",

                  "target":"self"

              },

              "minecraft:behavior.nearest_prioritized_attackable_target":{

                  "priority":1,

                  "entity_types":[

                      {

                          "filters":

                          {

                            "all_of":

                            [

                                {"test":"has_component","subject":"other","operator":"!=","value":"minecraft:is_baby"},

                                {

                                    "any_of":[  

                                          {"test":"is_family","subject":"other","value":"indominus_rex"},

                                          {"test":"is_family","subject":"other","value":"trex"},

                                          {"test":"is_family","subject":"other","value":"spinosaurus"},

                                          {"test":"is_family","subject":"other","value":"armiger_rex"},

                                          {"test":"is_family","subject":"other","value":"dilophosaurus"},

                                          {"test":"is_family","subject":"other","value":"venatorus"},

                                          {"test":"is_family","subject":"other","value":"indoraptor"},

                                          {"test":"is_family","subject":"other","value":"symmachosophus"},

                                          {"test":"is_family","subject":"other","value":"carnotaurus"},

                                          {"test":"is_family","subject":"other","value":"compy"},

                                          

                                          {"test":"is_family","subject":"other","value":"iacusaurus"},

                                          {"test":"is_family","subject":"other","value":"apatosaurus"},

                                          {"test":"is_family","subject":"other","value":"brachiosaurus"},

                                          {"test":"is_family","subject":"other","value":"triceratops"},

                                          {"test":"is_family","subject":"other","value":"stegosaurus"},

                                          {"test":"is_family","subject":"other","value":"ankylosaurus"},

                                          {"test":"is_family","subject":"other","value":"gallimimus"},

                                          {"test":"is_family","subject":"other","value":"parasaurolophus"},

                                          {"test":"is_family","subject":"other","value":"stygimoloch"},

                                          {"test":"is_family","subject":"other","value":"stygi_liberi"},

                                          {"test":"is_family","subject":"other","value":"claridon"},

                                          {"test":"is_family","subject":"other","value":"fascino_nathus"},

                                          {"test":"is_family","subject":"other","value":"placidusaur"},

                                          {"test":"is_family","subject":"other","value":"pig"},

                                          {"test":"is_family","subject":"other","value":"sheep"}

                                      ]

                                  }

                            ]

                        },

                          "max_dist":16,

                          "priority": 4

                      },

                      {

                          "filters":

                          {

                              "any_of":

                              [

                                  {"test":"is_family","subject":"other","value":"attack_marker"}

                              ]

                          },

                          "max_dist":64,

                          "priority": 1

                      },

                      {

                          "filters":

                          { 

                              "any_of": 

                              [

                                  {"test":"is_family","subject":"other","value":"move_marker"}

                              ] 

                          },

                          "max_dist":64,

                          "priority": 1

                      },

                      {

                          "filters":

                          { 

                              "any_of": 

                              [

                                  {"test":"is_family","subject":"other","value":"follow_marker"}

                              ] 

                          },

                          "max_dist":64,

                          "priority": 1

                      }

                  ],

                  "must_see":true,

                  "reselect_targets": true

              },

              "minecraft:timer":{

                      "looping":true,

                      "time": 1,

                      "time_down_event": { "event": "jp:stop_looking"}

              }

          },

          "jp:attack_mode":{

            "minecraft:type_family": {

                "family": [ "velociraptor", "trained_dino", "carnivore", "historic", "dinosaur" ]

                },

              "minecraft:on_target_escape":{

                  "event":"jp:look_for_targets",

                  "target":"self"

              },

              "minecraft:on_target_acquired":{

                  "event":"jp:check_if_stop",

                  "target":"self"

              },

              "minecraft:behavior.nearest_prioritized_attackable_target":{

                  "priority":1,

                  "attack_interval": 2,

                  "entity_types":[

                      {

                          "filters":

                          {

                            "all_of":

                            [

                                {

                                    "any_of":[

                                          {"test":"is_family","subject":"other","value":"dilophosaurus"},

                                          {"test":"is_family","subject":"other","value":"indoraptor"},

                                          {"test":"is_family","subject":"other","value":"symmachosophus"},

                                          {"test":"is_family","subject":"other","value":"compy"},

                                          

                                          {"test":"is_family","subject":"other","value":"iacusaurus"},

                                          {"test":"is_family","subject":"other","value":"triceratops"},

                                          {"test":"is_family","subject":"other","value":"stegosaurus"},

                                          {"test":"is_family","subject":"other","value":"ankylosaurus"},

                                          {"test":"is_family","subject":"other","value":"gallimimus"},

                                          {"test":"is_family","subject":"other","value":"parasaurolophus"},

                                          {"test":"is_family","subject":"other","value":"stygimoloch"},

                                          {"test":"is_family","subject":"other","value":"stygi_liberi"},

                                          {"test":"is_family","subject":"other","value":"claridon"}

                                    ]

                                },



                                {"test":"is_family","subject":"other","operator":"!=","value":"trained_dino"},

                                {"test":"has_component","subject":"other","operator":"!=","value":"minecraft:is_baby"}

                            ]

                          },

                          "max_dist":32,

                          "priority": 4

                      },

                      {

                          "filters":

                          {

                              "any_of":

                              [

                                  {"test":"is_family","subject":"other","value":"attack_marker"}

                              ]

                          },

                          "max_dist":64,

                          "priority": 1

                      },

                      {

                          "filters":

                          { 

                              "any_of": 

                              [

                                  {"test":"is_family","subject":"other","value":"move_marker"}

                              ] 

                          },

                          "max_dist":64,

                          "priority": 1

                      },

                      {

                          "filters":

                          { 

                              "any_of": 

                              [

                                  {"test":"is_family","subject":"other","value":"follow_marker"}

                              ] 

                          },

                          "max_dist":64,

                          "priority": 1

                      }

                  ],

                  "must_see":true,

                  "reselect_targets": true

              },

               "minecraft:behavior.delayed_attack": {

                  "attack_duration": 2.9,

                  "hit_delay_pct": 0.362,

                  "melee_fov": 90,

                "priority": 1,

                "speed_multiplier": 1.2,

                "track_target": true,

                "reach_multiplier": 2.5

              },

              "minecraft:attack": {

                "damage": 8

              }

          },

          "jp:trusting":{

              "minecraft:interact":{

                  "interactions":[

                      {

                          "on_interact":{

                              "filters":{

                                  "all_of":[

                                      {"test":"has_equipment","subject":"other","domain":"hand","value":"JW:training_clicker"},

                                      {"test":"is_family","subject":"other","value":"player"},

                                      {"test":"has_component","subject":"self","operator":"!=","value":"minecraft:is_baby"}

                                  ]

                              },

                              "event":"jp:training",

                              "target":"self"

                          

                          },

                          "interact_text":"jw.train_velociraptor.interact"

                      }

                  ]

              },

              "minecraft:variant":{

                  "value":2

              }

          },

          "jp:trained":{

              "minecraft:type_family": {

                "family": [ "velociraptor", "trained_dino", "carnivore", "historic", "dinosaur" ]

               },

              "minecraft:variant":{

                  "value":3

              },

              "minecraft:on_target_acquired":{

                  "event":"jp:check_if_stop_trained",

                  "target":"self"

              },

              "minecraft:follow_range": {

                  "value": 64

                },

              "minecraft:behavior.nearest_attackable_target":{

                  "priority":1,

                  "entity_types":[

                      { 

                          "filters": { "any_of": [ {"test":"is_family","subject":"other","value":"attack_marker"} ] },

                          "max_dist":64

                      },

                      {

                          "filters": { "any_of": [ {"test":"is_family","subject":"other","value":"move_marker"}] },

                          "max_dist":64

                      },

                      {

                          "filters":{ "any_of": [{"test":"is_family","subject":"other","value":"follow_marker"}] },

                          "max_dist":64

                      }

                  ],

                  "must_see":false,

                  "reselect_targets":true

              },

               "minecraft:behavior.melee_attack": {

                "priority": 4,

                "speed_multiplier": 1.5,

                "track_target": false,

                "reach_multiplier":  0

              },

              "minecraft:target_nearby_sensor":{

                  "inside_range": 4,

                  "must_see":false,

                  "on_inside_range":{

                      "event":"jp:look_for_attackable_mobs",

                      "target":"self"

                  }

                  

              }

          },

          "jp:follow":{

              "minecraft:type_family": {

                "family": [ "velociraptor", "trained_dino", "carnivore", "historic", "dinosaur" ]

               },

              "minecraft:variant":{

                  "value":3

              },

              "minecraft:behavior.nearest_attackable_target":{

                  "priority":1,

                  "entity_types":[

                      { 

                          "filters": { "any_of": [ {"test":"is_family","subject":"other","value":"attack_marker"} ] },

                          "max_dist":64

                      },

                      {

                          "filters": { "any_of": [ {"test":"is_family","subject":"other","value":"move_marker"}] },

                          "max_dist":64

                      },

                      {

                          "filters":{ "any_of": [{"test":"is_family","subject":"other","value":"follow_marker"}] },

                          "max_dist":64

                      }

                  ],

                  "must_see":false,

                  "reselect_targets":true

              },

              "minecraft:behavior.melee_attack": {

                  "priority": 4,

                  "speed_multiplier": 1.5,

                  "track_target": true,

                  "reach_multiplier":  0

                },

              "minecraft:attack": {

                "damage": 0

              },

              "minecraft:target_nearby_sensor":{

                  "inside_range": 4,

                  "must_see":false,

                  "on_inside_range":{

                      "event":"jp:stop_following",

                      "target":"self"

                  }

                  

              }

          },

          "jp:follow_wait":{

              "minecraft:type_family": {

                "family": [ "velociraptor", "trained_dino", "carnivore", "historic", "dinosaur" ]

               },

              "minecraft:variant":{

                  "value":3

              },

              "minecraft:behavior.nearest_attackable_target":{

                  "priority":1,

                  "entity_types":[

                      { 

                          "filters": { "any_of": [ {"test":"is_family","subject":"other","value":"attack_marker"} ] },

                          "max_dist":64

                      },

                      {

                          "filters": { "any_of": [ {"test":"is_family","subject":"other","value":"move_marker"}] },

                          "max_dist":64

                      },

                      {

                          "filters":{ "any_of": [{"test":"is_family","subject":"other","value":"follow_marker"}] },

                          "max_dist":64

                      }

                  ],

                  "must_see":false,

                  "reselect_targets":true

              },

              "minecraft:on_target_acquired":{

                  "event":"jp:target_acquired",

                  "target":"self"

              },

              "minecraft:target_nearby_sensor":{

                  "outside_range": 5,

                  "on_outside_range":{

                      "event":"jp:start_following",

                      "target":"self"

                  }

                  

              }

          },

          "jp:awake":{

              "minecraft:mark_variant":{

                  "value": 1

              },

              "minecraft:movement":{

                    "value": 0.4

                },

              "minecraft:behavior.tempt": {

                  "priority": 4,

                  "speed_multiplier": 1,

                  "items": [

                    "beef"

                  ]

              },

              "minecraft:behavior.random_stroll": {

                  "priority": 6,

                  "speed_multiplier": 0.5

              },

              "minecraft:behavior.look_at_player": {

                  "priority": 8,

                  "look_distance": 6.0,

                  "probability": 0.02

              },

              "minecraft:behavior.random_look_around": {

                  "priority": 9

              },

              "minecraft:behavior.hurt_by_target":{

                "entity_types":[

                    { 

                        "filters": { 

                            "all_of":[

                                {"test":"has_component","subject":"self","operator":"!=","value":"minecraft:target_nearby_sensor"},

                                {"test":"has_component","subject":"self","operator":"!=","value":"minecraft:is_baby"},

                                {

                                    "any_of":[

                                        {"test":"is_family","subject":"other","value":"player"}

                                    ]

                                }

                            ]

                        },

                        "max_dist":32

                    },

                    { 

                        "filters": { 

                            "all_of":[

                                {"test":"has_component","subject":"self","operator":"!=","value":"minecraft:is_baby"},

                                {

                                    "any_of":[

                                        {"test":"is_family","subject":"other","value":"indominus_rex"},

                                        {"test":"is_family","subject":"other","value":"trex"},

                                        {"test":"is_family","subject":"other","value":"spinosaurus"},

                                        {"test":"is_family","subject":"other","value":"armiger_rex"},

                                        {"test":"is_family","subject":"other","value":"dilophosaurus"},

                                        {"test":"is_family","subject":"other","value":"venatorus"},

                                        {"test":"is_family","subject":"other","value":"indoraptor"},

                                        {"test":"is_family","subject":"other","value":"symmachosophus"},

                                        {"test":"is_family","subject":"other","value":"carnotaurus"},

                                        {"test":"is_family","subject":"other","value":"compy"},

                                        

                                        {"test":"is_family","subject":"other","value":"iacusaurus"},

                                        {"test":"is_family","subject":"other","value":"apatosaurus"},

                                        {"test":"is_family","subject":"other","value":"brachiosaurus"},

                                        {"test":"is_family","subject":"other","value":"triceratops"},

                                        {"test":"is_family","subject":"other","value":"stegosaurus"},

                                        {"test":"is_family","subject":"other","value":"ankylosaurus"},

                                        {"test":"is_family","subject":"other","value":"gallimimus"},

                                        {"test":"is_family","subject":"other","value":"parasaurolophus"},

                                        {"test":"is_family","subject":"other","value":"stygimoloch"},

                                        {"test":"is_family","subject":"other","value":"stygi_liberi"},

                                        {"test":"is_family","subject":"other","value":"claridon"},

                                        {"test":"is_family","subject":"other","value":"fascino_nathus"},

                                        {"test":"is_family","subject":"other","value":"placidusaur"},

                                        {"test":"is_family","subject":"other","value":"tourists"}

                                    ]

                                }

                            ]

                        },

                        "max_dist":32

                    }

                ]

            },

            "minecraft:behavior.nearest_attackable_target":{

                "priority":1,

                "entity_types":[

                    { 

                        "filters": { 

                            "all_of": [ 

                                {"test":"has_component","subject":"self","operator":"!=","value":"minecraft:target_nearby_sensor"},

                                {"test":"has_component","subject":"self","operator":"!=","value":"minecraft:is_baby"},

                                {

                                    "any_of":[

                                        {"test":"is_family","subject":"other","value":"indoraptor"},

                                        {"test":"is_family","subject":"other","value":"dilophosaurus"},

                                        {"test":"is_family","subject":"other","value":"compy"},

                                        {"test":"is_family","subject":"other","value":"triceratops"},

                                        {"test":"is_family","subject":"other","value":"stegosaurus"},

                                        {"test":"is_family","subject":"other","value":"ankylosaurus"},

                                        {"test":"is_family","subject":"other","value":"symmachosophus"},

                                        {"test":"is_family","subject":"other","value":"gallimimus"},

                                        {"test":"is_family","subject":"other","value":"parasaurolophus"},

                                        {"test":"is_family","subject":"other","value":"stygimoloch"},

                                        {"test":"is_family","subject":"other","value":"stygi_liberi"},

                                        {"test":"is_family","subject":"other","value":"claridon"},

                                        {"test":"is_family","subject":"other","value":"ACU"},

                                        {"test":"is_family","subject":"other","value":"tourists"},

                                        {"test":"is_family","subject":"other","value":"pig"},

                                        {"test":"is_family","subject":"other","value":"sheep"},

                                        {

                                            "all_of":

                                                [

                                                    {"test":"is_family","subject":"other","value":"player"},

                                                    {"test":"has_component","subject":"self","operator":"!=","value":"minecraft:interact"}

                                                ]

                                        }

                                    ]

                                }

                            ] 

                        },

                        "max_dist":32,

                        "walk_speed_multiplier": 1.0,

                        "sprint_speed_multiplier":1.2,

                        "must_see":true,

                        "must_see_forget_duration":10

                    }

                ],

                "must_see":true,

                "must_see_forget_duration":10,

                "reselect_targets":true

            },

            

            "minecraft:follow_range": {

                "value": 32,

                "max": 32

            },

        

            "minecraft:behavior.delayed_attack": {

                "attack_duration": 2.9,

                  "hit_delay_pct": 0.362,

                "melee_fov": 90,

                "priority": 1,

                "speed_multiplier": 1.2,

                "track_target": true,

                "reach_multiplier": 2.5

            },

              "minecraft:attack":{

                  "damage": 8

              },

              "minecraft:damage_sensor": {

                "triggers":[

                    {

                        "on_damage":{

                            "filters": {

                                "any_of": [

                                  {"test": "is_family", "subject":"damager", "value": "stunner"},

                                  { "test": "has_equipment", "subject": "other", "domain": "hand", "value": "minecraft:diamond_sword"}

                              ]

                            },

                            "event":"jp:go_to_sleep"

                        },

                        "deals_damage": false

                    },

                    {

                        "on_damage":{

                            "filters": {

                                "all_of": [

                                  {"test": "is_family", "subject":"other", "value": "player"},

                                  {"test":"has_component","subject":"self","operator":"==","value":"minecraft:target_nearby_sensor"}

                              ]

                            }

                        },

                        "deals_damage": false

                    }

                ]

            },

              "minecraft:behavior.lay_down": {

                  "priority": 7,

                  "interval": 600,

                  "random_stop_interval": 200

              }

          },

        "jp:getting_up":{

            "minecraft:mark_variant":{

                "value": 3.6

            },

            "minecraft:movement":{

                "value": 0

            },

            "minecraft:timer":{

                "looping":false,

                "time": 6.0,

                "time_down_event": {

                    "event":"jp:stood_up"

                }

            },

            "minecraft:damage_sensor":

            {

                "triggers":[

                    {

                        "on_damage":{

                            "filters": {

                                "any_of": [

									{"test": "is_family", "subject":"damager", "value": "stunner"},

                                    { "test": "has_equipment", "subject": "other", "domain": "hand", "value": "minecraft:diamond_sword"}

								]

                            }

                        },

                        "deals_damage": false

                    }

                ]

            }

        },

          "jp:asleep":{

              "minecraft:mark_variant":{

                  "value": 2

              },

              "minecraft:timer":{

                  "time":[ 17.35, 22.35 ],

                  "time_down_event": {

                      "event":"jp:wake_up"

                  },

                  "randomInterval": true

              },

              "minecraft:damage_sensor": {

                "triggers":[

                    {

                        "on_damage":{

                            "filters": {

                                "any_of": [

                                  {"test": "is_family", "subject":"damager", "value": "stunner"},

                                  { "test": "has_equipment", "subject": "other", "domain": "hand", "value": "minecraft:diamond_sword"}

                              ]

                            }

                        },

                        "deals_damage": false

                    }

                ]

            }

          },

          "jp:baby":{

              "minecraft:is_baby": {

              },

              "minecraft:scale": {

                "value": 0.5

              },

              "minecraft:ageable": {

                "duration": 180,

                "feed_items": "chicken",

                "grow_up": {

                  "event": "minecraft:ageable_grow_up",

                  "target": "self"

                }

              },

              "minecraft:trusting":{

                  "probability": 0.4,

                  "trust_items":[ "beef", "fish" ],

                  "trust_event":{

                      "event": "jp:on_trust",

                      "target":"self"

                  }

              }

          },

          "jp:adult":{

        

          }

       },

      "components": {

        "minecraft:nameable": {

        },

        "minecraft:type_family": {

            "family": [ "velociraptor", "dinosaur", "carnivore", "historic" ]

        },

        "minecraft:health": {

          "value": 40,

          "max": 80

        },

        "minecraft:movement":{

          "value": 0.4

        },

        "minecraft:navigation.walk":{

            "can_path_over_water": true,

          "avoid_damage_blocks": true

        },

        "minecraft:movement.basic": {},

        "minecraft:jump.static": {

        },

        "minecraft:attack":{

            "damage": 10

        },

        "minecraft:foot_size":{

          "value": 10.0

        },

        "minecraft:collision_box": {

          "width": 1.0,

          "height": 2.0

        },

        "minecraft:behavior.float": {

          "priority": 0

        },

        "minecraft:physics": {}

      },

      "events": {

          "jp:stop_following":{

              "remove":{

                  "component_groups":[

                      "jp:follow"

                  ]

              },

              "add":{

                  "component_groups":[

                      "jp:follow_wait"

                  ]

              }

          },

          "jp:start_following":{

              "remove":{

                  "component_groups":[

                      "jp:follow_wait"

                  ]

              },

              "add":{

                  "component_groups":[

                      "jp:follow"

                  ]

              }

          },

          "jp:target_acquired":{

              "sequence":[

                  {

                    "filters":{

                        "all_of":

                            [

                                {"test":"has_component","subject":"other","operator":"!=","value":"minecraft:is_baby"},

                                {

                                    "any_of":[  

                                          {"test":"is_family","subject":"other","value":"indominus_rex"},

                                          {"test":"is_family","subject":"other","value":"trex"},

                                          {"test":"is_family","subject":"other","value":"spinosaurus"},

                                          {"test":"is_family","subject":"other","value":"armiger_rex"},

                                          {"test":"is_family","subject":"other","value":"dilophosaurus"},

                                          {"test":"is_family","subject":"other","value":"venatorus"},

                                          {"test":"is_family","subject":"other","value":"indoraptor"},

                                          {"test":"is_family","subject":"other","value":"symmachosophus"},

                                          {"test":"is_family","subject":"other","value":"carnotaurus"},

                                          {"test":"is_family","subject":"other","value":"compy"},

                                          

                                          {"test":"is_family","subject":"other","value":"iacusaurus"},

                                          {"test":"is_family","subject":"other","value":"apatosaurus"},

                                          {"test":"is_family","subject":"other","value":"brachiosaurus"},

                                          {"test":"is_family","subject":"other","value":"triceratops"},

                                          {"test":"is_family","subject":"other","value":"stegosaurus"},

                                          {"test":"is_family","subject":"other","value":"ankylosaurus"},

                                          {"test":"is_family","subject":"other","value":"gallimimus"},

                                          {"test":"is_family","subject":"other","value":"parasaurolophus"},

                                          {"test":"is_family","subject":"other","value":"stygimoloch"},

                                          {"test":"is_family","subject":"other","value":"stygi_liberi"},

                                          {"test":"is_family","subject":"other","value":"claridon"},

                                          {"test":"is_family","subject":"other","value":"fascino_nathus"},

                                          {"test":"is_family","subject":"other","value":"placidusaur"},

                                          {"test":"is_family","subject":"other","value":"pig"},

                                          {"test":"is_family","subject":"other","value":"sheep"}

                                      ]

                                  }

                            ]

                    },

                    "remove":{

                        "component_groups":[

                            "jp:look_for_mobs"

                        ]

                    },

                    "add":{

                        "component_groups":[

                            "jp:attack_mode"

                        ]

                    }

                },

                {

                    "filters":{

                        "any_of":[

                            {"test":"is_family","subject":"target","value":"attack_marker"},

                            {"test":"is_family","subject":"target","value":"move_marker"}

                        ]

                    },

                    "remove":{

                        "component_groups":[

                            "jp:look_for_mobs"

                        ]

                    },

                    "add":{

                        "component_groups":[

                            "jp:trained"

                        ]

                    }

                },

                {

                    "filters":{

                        "any_of":[

                            {"test":"is_family","subject":"target","value":"follow_marker"}

                        ]

                    },

                    "remove":{

                        "component_groups":[

                            "jp:look_for_mobs"

                        ]

                    },

                    "add":{

                        "component_groups":[

                            "jp:follow"

                        ]

                    }

                }

            ]

        },

          "jp:check_if_stop":{

              "sequence":[

                  {

                      "filters":{

                          "any_of":[

                              {"test":"is_family","subject":"target","value":"attack_marker"},

                              {"test":"is_family","subject":"target","value":"move_marker"}

                          ]

                      },

                      "remove":{

                          "component_groups":[

                              "jp:attack_mode",

                              "jp:follow",

                              "jp:follow_wait"

                          ]

                      },

                      "add":{

                          "component_groups":[

                              "jp:trained"

                          ]

                      }

                  },

                  {

                      "filters":{

                          "any_of":[

                              {"test":"is_family","subject":"target","value":"follow_marker"}

                          ]

                      },

                      "remove":{

                          "component_groups":[

                              "jp:attack_mode"

                          ]

                      },

                      "add":{

                          "component_groups":[

                              "jp:follow"

                          ]

                      }

                  }

              ]

          },

          "jp:check_if_stop_trained":{

              "sequence":[

                  {

                      "filters":{

                          "any_of":[

                              {"test":"is_family","subject":"target","value":"follow_marker"}

                          ]

                      },

                      "remove":{

                          "component_groups":[

                              "jp:trained"

                          ]

                      },

                      "add":{

                          "component_groups":[

                              "jp:follow"

                          ]

                      }

                  }

              ]

          },

          "jp:look_for_targets":{

              "remove":{

                  "component_groups":[

                      "jp:attack_mode"

                  ]

              },

              "add":{

                  "component_groups":[

                      "jp:look_for_mobs"

                  ]

              }

          },

          "jp:stop_looking":{

              "remove":{

                  "component_groups":[

                      "jp:look_for_mobs"

                  ]

              },

              "add":{

                  "component_groups":[

                      "jp:trained"

                  ]

              }

          },

          "jp:look_for_attackable_mobs":{

              "sequence":[

                  {

                      "filters":{

                          "any_of":[

                              {"test":"is_family","subject":"target","value":"attack_marker"}

                          ]

                      },

                      "remove":{

                          "component_groups":[

                              "jp:trained"

                          ]

                      },

                      "add":{

                          "component_groups":[

                              "jp:look_for_mobs"

                          ]

                      }

                  }

              ]

          },

          "jp:change_to_attack_mode":

          {

              "sequence":[

                  {

                      "filters":{

                          "any_of":[

                              {"test":"is_family","subject":"target","value":"attack_marker"}

                          ]

                      },

                      "remove":{

                          "component_groups":[

                              "jp:trained",

                              "jp:follow",

                              "jp:follow_wait"

                              

                          ]

                      },

                      "add":{

                          "component_groups":[

                              "jp:attack_mode"

                          ]

                      }

                  }

              ]

              

          },

          "jp:go_to_sleep":{

              "remove":{

                  "component_groups":[

                      "jp:awake"

                  ]

              },

              "add":{

                  "component_groups":[

                      "jp:asleep"

                  ]

              }

          },

          "jp:stood_up":{

            "remove":{

                "component_groups":[

                    "jp:getting_up"

                ]

            },

            "add":{

                "component_groups":[

                    "jp:awake"

                ]

            }

        },

        "jp:wake_up":{

            "remove":{

                "component_groups":[

                    "jp:asleep"

                ]

            },

            "add":{

                "component_groups":[

                    "jp:getting_up"

                ]

            }

        },

          "jp:on_trust":{

              "add":{

                  "component_groups":[

                      "jp:trusting"

                  ]

              }

          },

          "jp:training":{

  

                              "remove":{

                                  "component_groups":[

                                      "jp:trusting"

                                  ]

                              },

                              "add":{

                                  "component_groups":[

                                      "jp:trained"

                                  ]

                              }

          },

          "minecraft:ageable_grow_up": {

              "remove": {

                "component_groups": [

                  "jp:baby"

                ]

              },

              "add": {

                "component_groups": [

                  "jp:adult"

                ]

              }

        },

        "jw:adult":{

            "add":{

                "component_groups":[

                    "jp:adult",

                    "jp:awake"

                ]

            }

        },

        "minecraft:entity_spawned": {

          "add": {

            "component_groups": [

              "jp:baby",

              "jp:awake"

            ]

          }

        },

        "minecraft:entity_born": {

          "add": {

            "component_groups": [

              "jp:baby",

              "jp:awake"

            ]

          }

        }

      }

    }

  }