{

  "format_version": "1.13.0",

  "minecraft:entity": {

    "description": {

      "identifier": "md:alberto",

      "is_spawnable": true,

      "is_summonable": true,

      "is_experimental": false,

      "animations":{

        "spawn": "animation.trex.spawn",

        "dead":"animation.trex.dead",

        "command_controller": "controller.animation.trex_commands",

        "sleeping_controller": "controller.animation.sleep_commands",

        "sleeping": "animation.sleeping.command",

        "awake": "animation.awake.command"

      },

      "scripts": {

        "animate": [

          "command_controller",

          "sleeping_controller"

        ]

      }

    },

    "component_groups": {

		"jp:escaped":{

            "minecraft:skin_id":{

                "value": 2

            },

            "minecraft:environment_sensor": {

                "triggers": [

                  {

                    "filters": {

                      "all_of": [

                        {

                          "test": "is_altitude",

                          "operator": "<=",

                          "value": 2

                        }

                      ]

                    },

                    "event": "jw:remove_escape"

                  }

                ]

              }

        },

        "jp:captured":{

            "minecraft:skin_id":{

                "value": 1

            }

        },

		"jp:awake":{

      "minecraft:mark_variant":{

				"value": 1

      },

      

      "minecraft:movement": {

				"value": 0.3

      },

      

      "minecraft:behavior.random_stroll": {

				"priority": 3,

				"speed_multiplier": 0.75

			},

      

      "minecraft:behavior.random_look_around": {

				"priority": 9

			},

			

			"minecraft:behavior.lay_down": {

				"priority": 7,

				"interval": 300,

				"random_stop_interval": 200

      },

     

      "minecraft:behavior.hurt_by_target":{

				"entity_types":[

				  { 

            "filters": { 

                "any_of":[

                    {"test":"is_family","subject":"other","value":"indominus_rex"},

                    {"test":"is_family","subject":"other","value":"spinosaurus"},

                    {"test":"is_family","subject":"other","value":"armiger_rex"},

                    {"test":"is_family","subject":"other","value":"venatorus"},

                    {"test":"is_family","subject":"other","value":"carnotaurus"},

                    {"test":"is_family","subject":"other","value":"indoraptor"},

                    {"test":"is_family","subject":"other","value":"velociraptor"},

                    {"test":"is_family","subject":"other","value":"pluma_raptor"},

                    {"test":"is_family","subject":"other","value":"dilophosaurus"},

                    {"test":"is_family","subject":"other","value":"compy"},

                    

                    {"test":"is_family","subject":"other","value":"iacusaurus"},

                    {"test":"is_family","subject":"other","value":"apatosaurus"},

                    {"test":"is_family","subject":"other","value":"brachiosaurus"},

                    {"test":"is_family","subject":"other","value":"triceratops"},

                    {"test":"is_family","subject":"other","value":"stegosaurus"},

                    {"test":"is_family","subject":"other","value":"ankylosaurus"},

                    {"test":"is_family","subject":"other","value":"symmachosophus"},

                    {"test":"is_family","subject":"other","value":"gallimimus"},

                    {"test":"is_family","subject":"other","value":"parasaurolophus"},

                    {"test":"is_family","subject":"other","value":"stygimoloch"},

                    {"test":"is_family","subject":"other","value":"stygi_liberi"},

                    {"test":"is_family","subject":"other","value":"claridon"},

                    {"test":"is_family","subject":"other","value":"fascino_nathus"},

                    {"test":"is_family","subject":"other","value":"placidusaur"},

                    {"test":"is_family","subject":"other","value":"tourists"},

                    {"test":"is_family","subject":"other","value":"player"},

                    {"test":"is_family","subject":"other","value":"pig"},

                    {"test":"is_family","subject":"other","value":"sheep"}

                ] 

              

            },

            "max_dist":32

				  }

				]

      },

      

      "minecraft:behavior.nearest_attackable_target":{

				"priority":1,

				"entity_types":[

				  { "filters": { 

                    "any_of":[

                        {"test":"is_family","subject":"other","value":"indominus_rex"},

                        {"test":"is_family","subject":"other","value":"spinosaurus"},

                        {"test":"is_family","subject":"other","value":"armiger_rex"},

                        {"test":"is_family","subject":"other","value":"venatorus"},

                        {"test":"is_family","subject":"other","value":"carnotaurus"},

                        {"test":"is_family","subject":"other","value":"indoraptor"},

                        {"test":"is_family","subject":"other","value":"velociraptor"},

                        {"test":"is_family","subject":"other","value":"pluma_raptor"},

                        {"test":"is_family","subject":"other","value":"dilophosaurus"},

                        {"test":"is_family","subject":"other","value":"compy"},

                        

                        {"test":"is_family","subject":"other","value":"iacusaurus"},

                        {"test":"is_family","subject":"other","value":"apatosaurus"},

                        {"test":"is_family","subject":"other","value":"brachiosaurus"},

                        {"test":"is_family","subject":"other","value":"triceratops"},

                        {"test":"is_family","subject":"other","value":"stegosaurus"},

                        {"test":"is_family","subject":"other","value":"ankylosaurus"},

                        {"test":"is_family","subject":"other","value":"symmachosophus"},

                        {"test":"is_family","subject":"other","value":"gallimimus"},

                        {"test":"is_family","subject":"other","value":"parasaurolophus"},

                        {"test":"is_family","subject":"other","value":"stygimoloch"},

                        {"test":"is_family","subject":"other","value":"stygi_liberi"},

                        {"test":"is_family","subject":"other","value":"claridon"},

                        {"test":"is_family","subject":"other","value":"fascino_nathus"},

                        {"test":"is_family","subject":"other","value":"placidusaur"},

                        {"test":"is_family","subject":"other","value":"tourists"},

                        {"test":"is_family","subject":"other","value":"player"},

                        {"test":"is_family","subject":"other","value":"pig"},

                        {"test":"is_family","subject":"other","value":"sheep"}

                    ] 

              },

            "max_dist":32,

            "walk_speed_multiplier": 1.0,

            "sprint_speed_multiplier":1.2,

            "must_see":true,

            "must_see_forget_duration":10

				  }

        ],

        "must_see":true,

        "must_see_forget_duration":10,

				"reselect_targets":true

      },

      

      "minecraft:follow_range": {

        "value": 32,

        "max": 32

      },



      "minecraft:behavior.delayed_attack": {

			  "attack_duration": 2.5,

			  "hit_delay_pct": 0.38,

			  "melee_fov": 120,

			  "priority": 1,

			  "speed_multiplier": 1.2,

			  "track_target": true,

			  "reach_multiplier": 2.35

      },

      

			"minecraft:attack": {

			  "damage": 18

			},

      "minecraft:damage_sensor": {

				"triggers":[

					{

						"on_damage":{

							"filters": {

								"any_of": [

									{"test": "is_family", "subject":"damager", "value": "stunner"},

                                    { "test": "has_equipment", "subject": "other", "domain": "hand", "value": "minecraft:diamond_sword"}

								]

							},

							"event":"jp:go_to_sleep"

						},

						"deals_damage": false

					}

				]

			}

    },



    "jp:getting_up":{

			"minecraft:mark_variant":{

				"value": 3

			},

			"minecraft:movement":{

				"value": 0

			},

			"minecraft:timer":{

				"looping":false,

				"time": 4.6,

				"time_down_event": {

					"event":"jp:stood_up"

				}

			},

			"minecraft:damage_sensor":

			{

				"triggers":[

					{

						"on_damage":{

							"filters": {

								"any_of": [

									{"test": "is_family", "subject":"damager", "value": "stunner"},

                                    { "test": "has_equipment", "subject": "other", "domain": "hand", "value": "minecraft:diamond_sword"}

								]

							}

						},

						"deals_damage": false

					}

				]

			}

    },

    

		"jp:asleep":{

			"minecraft:mark_variant":{

				"value": 2

			},

			"minecraft:movement":{

				"value": 0

			},

			"minecraft:timer":{

				"time":[ 17.65, 22.65 ],

				"time_down_event": {

					"event":"jp:wake_up"

				},

				"randomInterval": true

			},

			"minecraft:damage_sensor":{

				"triggers":[

					{

						"on_damage":{

							"filters": {

								"any_of": [

									{"test": "is_family", "subject":"damager", "value": "stunner"},

                                    { "test": "has_equipment", "subject": "other", "domain": "hand", "value": "minecraft:diamond_sword"}

								]

							}

						},

						"deals_damage": false

					}

				]

			}

    },

    

    "jp:baby":{

      "minecraft:is_baby": {

			},

			"minecraft:scale": {

			  "value": 0.28

      },

      "minecraft:ageable": {

			  "duration": 180,

			  "feed_items": "beef",

			  "grow_up": {

				"event": "minecraft:ageable_grow_up",

				"target": "self"

			  }

      },

      "minecraft:collision_box": {

        "width": 5,

        "height": 4.5

      }

    },



		"jp:baby_awake":{	

      "minecraft:mark_variant":{

				"value": 1

      },

			"minecraft:behavior.panic":{

				"priority":1,

				"speed_multiplier":1.25

      },



      "minecraft:movement": {

				"value": 0.3

      },

      

      "minecraft:behavior.random_stroll": {

				"priority": 3,

				"speed_multiplier": 0.75

			},

      

      "minecraft:behavior.random_look_around": {

				"priority": 9

			},

			

			"minecraft:behavior.lay_down": {

				"priority": 7,

				"interval": 300,

				"random_stop_interval": 200

      },



      "minecraft:damage_sensor": {

				"triggers":[

					{

						"on_damage":{

							"filters": {

								"any_of": [

									{"test": "is_family", "subject":"damager", "value": "stunner"},

                                    { "test": "has_equipment", "subject": "other", "domain": "hand", "value": "minecraft:diamond_sword"}

								]

							},

							"event":"jp:go_to_sleep"

						},

						"deals_damage": false

					}

				]

			}

    },

    

		"jp:adult":{

			"minecraft:scale": {

				"value": 0.8

      },

      "minecraft:collision_box": {

        "width": 3,

        "height": 4.5

      }

		}

  },

  

    "components": {

      "minecraft:nameable": {

      },

      "minecraft:type_family": {

        "family": [ "large_dino", "carnivore", "trex", "historic", "dinosaur" ]

      },

      "minecraft:health": {

          "value": 100,

          "max": 100

      },

	    

	    "minecraft:physics": {},

      "minecraft:navigation.walk": {

        "can_path_over_water": true,

        "avoid_water": true

      },

      "minecraft:movement.basic": {

        

      },

      "minecraft:jump.static": {

      },

      "minecraft:can_climb": {

      },

	    "minecraft:foot_size":{

		    "value": 2

	    },

	    "minecraft:behavior.float": {

        "priority": 0

      },

	    "minecraft:pushable": {

        "is_pushable": false,

        "is_pushable_by_piston": false

      }

    },



    "events": {

		  "minecraft:ageable_grow_up": {

        "remove": {

          "component_groups": [

            "jp:baby",

            "jp:baby_awake"

          ]

        },

        "add": {

          "component_groups": [

            "jp:adult",

            "jp:awake"

          ]

        }

      },



		  "jp:go_to_sleep":{

        "sequence":[

          {

            "filters":{

              "any_of":[

                {"test":"has_component","subject":"self","operator":"==","value":"minecraft:is_baby"}

              ]

            },

            "remove":{

              "component_groups":[

                "jp:baby_awake"

              ]

            },

            "add":{

              "component_groups":[

                "jp:asleep"

              ]

            }

          },

          {

            "filters":{

              "any_of":[

                {"test":"has_component","subject":"self","operator":"!=","value":"minecraft:is_baby"}

              ]

            },

            "remove":{

              "component_groups":[

                "jp:awake"

              ]

            },

            "add":{

              "component_groups":[

                "jp:asleep"

              ]

            }

          }

        ]

    },

    "jp:stood_up":{

      "sequence":[

				{

				  "filters":{

            "all_of":[

              {"test":"has_component","subject":"self","operator":"!=","value":"minecraft:is_baby"}

            ]

				  },

				  "remove":{

            "component_groups":[

              "jp:getting_up"

            ]

				  },

				  "add":{

            "component_groups":[

              "jp:awake"

            ]

				  }

				},

        {

					"filters":{

            "any_of":[

              {"test":"has_component","subject":"self","operator":"==","value":"minecraft:is_baby"}

            ]

          },

          "remove":{

            "component_groups":[

              "jp:getting_up"

            ]

          },

          "add":{

            "component_groups":[

              "jp:baby_awake"

            ]

          }

        }

			]

    },

		"jp:wake_up":{

      "remove":{

        "component_groups":[

          "jp:asleep"

        ]

      },

      "add":{

        "component_groups":[

          "jp:getting_up"

        ]

      }

        },

        "jw:adult":{

            "add":{

                "component_groups":[

                    "jp:adult",

                    "jp:awake"

                ]

            }

        },

        "jw:escaped":{

            "add":{

                "component_groups":[

                    "jp:adult",

                    "jp:awake",

                    "jp:escaped"

                ]

            }

        },

        "jw:remove_escape":{

            "remove": {

                "component_groups": [

                    "jp:escaped"

				]

			},

			"add": {

				"component_groups": [

                    "jp:captured"

				]

			}

        },

		"minecraft:entity_spawned": {

			"remove": {

			},

			"add": {

				"component_groups": [

					"jp:baby",

					"jp:baby_awake"

				]

			}

		}

	}

  }

}