{

  "format_version": "1.13.0",

  "minecraft:entity": {

    "description": {

      "identifier": "md:baby_re",

      "is_spawnable": true,

      "is_summonable": true,

      "is_experimental": false,

	    "animations":{

		    "spawn": "animation.stygi_liberi.spawn",

        "dead": "animation.stygi_liberi.dead",

        "command_controller": "controller.animation.stygi_liberi_commands",

        "sleeping_controller": "controller.animation.sleep_commands",

        "sleeping": "animation.sleeping.command",

        "awake": "animation.awake.command"

      },

      "scripts": {

        "animate": [

          "command_controller",

          "sleeping_controller"

        ]

      }

    },

    "component_groups": {

      "jp:attacked_by_player":{

        "minecraft:timer":{

          "time": 2,

          "time_down_event":{

            "event": "jp:gain_immunity"

          },

          "looping": true

        },

        

        "minecraft:damage_sensor": {

            "triggers":[

                {

                    "on_damage":{

                        "filters": {

                            "any_of": [

                              {"test": "is_family", "subject":"damager", "value": "stunner"},

                              { "test": "has_equipment", "subject": "other", "domain": "hand", "value": "minecraft:diamond_sword"}

                          ]

                        },

                        "event":"jp:go_to_sleep"

                    },

                    "deals_damage": false

                }

            ]

        }

      },

      "jp:gross_delay":{

        "minecraft:timer":{

          "time": 0.1,

          "time_down_event":{

            "event": "jp:lose_immunity"

          },

          "looping": true

        }

      },

      "jp:immune":{

        "minecraft:damage_sensor": {

          "triggers":[

            {

              "on_damage":{

                "filters": {

                    "any_of": [

                        {"test": "is_family", "subject":"damager", "value": "stunner"},

                        { "test": "has_equipment", "subject": "other", "domain": "hand", "value": "minecraft:diamond_sword"}

                    ]

                },

                "event":"jp:go_to_sleep"

              },

              "deals_damage": false

            },

            {

              "on_damage":{

                "filters": {

                  "any_of": [

                    {"test": "is_family", "subject":"other", "value": "player"}

                  ]

                },

                "event":"jp:gross_delay"

              },

              "deals_damage": false

            }

          ]

        }	

      },

      "jp:run":{

        "minecraft:behavior.random_stroll": {

            "priority": 3,

            "speed_multiplier": 2,

            "interval": 80

          },

        "minecraft:timer":{

            "looping":true,

            "time": [3, 5],

            "time_down_event": {

              "event":"jp:walk"

            }

          }

      },

      "jp:walk":{

        "minecraft:behavior.random_stroll": {

            "priority": 3,

            "speed_multiplier": 1,

            "interval": 80

          },

        "minecraft:timer":{

            "looping":true,

            "time": [3, 5],

            "time_down_event": {

              "event":"jp:run"

            }

          }

      },

      "jp:awake":{

        "minecraft:movement": {

          "value": 0.15

        },



        "minecraft:mark_variant":{

          "value": 1

        },



        "minecraft:behavior.random_look_around": {

          "priority": 9

        },



        "minecraft:behavior.avoid_mob_type": {

          "priority": 3,

          "entity_types": [

            {

              "filters": {

                "any_of": [

                  { "test" :  "is_family", "subject" : "other", "value" :  "carnivore"}

                ]

              },

              "max_dist": 16,

              "walk_speed_multiplier": 1,

              "sprint_speed_multiplier": 2

            }

          ]

        },

        

        "minecraft:behavior.lay_down": {

          "priority": 7,

          "interval": 300,

          "random_stop_interval": 200

        },



        "minecraft:behavior.panic":{

          "priority":1,

          "speed_multiplier":2

        }

      },



      "jp:getting_up":{

        "minecraft:mark_variant":{

          "value": 3

        },

        "minecraft:movement":{

          "value": 0

        },

        "minecraft:timer":{

          "looping":false,

          "time": 3.35,

          "time_down_event": {

            "event":"jp:stood_up"

          }

        },

        "minecraft:damage_sensor": {

            "triggers":[

                {

                    "on_damage":{

                        "filters": {

                            "any_of": [

                              {"test": "is_family", "subject":"damager", "value": "stunner"},

                              { "test": "has_equipment", "subject": "other", "domain": "hand", "value": "minecraft:diamond_sword"}

                          ]

                        }

                    },

                    "deals_damage": false

                }

            ]

        }

      },

      

      "jp:asleep":{

        "minecraft:mark_variant":{

          "value": 2

        },

        "minecraft:movement":{

          "value": 0

        },

        "minecraft:timer":{

          "time":[ 18.5, 23.5 ],

          "time_down_event": {

            "event":"jp:wake_up"

          },

          "randomInterval": true

        },

        "minecraft:damage_sensor": {

            "triggers":[

                {

                    "on_damage":{

                        "filters": {

                            "any_of": [

                              {"test": "is_family", "subject":"damager", "value": "stunner"},

                              { "test": "has_equipment", "subject": "other", "domain": "hand", "value": "minecraft:diamond_sword"}

                          ]

                        }

                    },

                    "deals_damage": false

                }

            ]

        }

      },

      "jp:baby":{

        "minecraft:is_baby": {

        },

        "minecraft:scale": {

          "value": 1.2

        },

        "minecraft:ageable": {

          "duration": 180,

          "feed_items": "wheat",

          "grow_up": {

          "event": "minecraft:ageable_grow_up",

          "target": "self"

          }

        }

      },

      "jp:adult":{

        "minecraft:scale": {

          "value": 1.3

        }

      }

    },

      "components": {

      "minecraft:nameable":{

      },

        "minecraft:type_family": {

          "family": [ "hybrid", "stygi_liberi", "herbivore", "dinosaur" ]

        },

        "minecraft:health": {

            "value": 8,

            "max": 8

        },

        "minecraft:collision_box": {

            "width": 1.5,

            "height": 1.5

        },

        "minecraft:physics": {},

        "minecraft:navigation.walk": {

            "can_path_over_water": true,

            "avoid_water": true

        },

        "minecraft:movement.basic": {

            

        },

        "minecraft:jump.static": {

        },

        "minecraft:can_climb": {

        },

        "minecraft:foot_size":{

          "value": 1

        },

        "minecraft:behavior.float": {

          "priority": 0

        },

        "minecraft:pushable": {

          "is_pushable": true,

          "is_pushable_by_piston": true

        }

      },

      "events": {

          "jp:run":{

            "remove": {

                "component_groups": [

                "jp:walk"

                ]

              },

              "add": {

                "component_groups": [

                "jp:run"

                ]

              }

          },

          "jp:walk":{

            "remove": {

                "component_groups": [

                "jp:run"

                ]

              },

              "add": {

                "component_groups": [

                "jp:walk"

                ]

              }

          },

        "minecraft:ageable_grow_up": {

          "remove": {

            "component_groups": [

            "jp:baby"

            ]

          },

          "add": {

            "component_groups": [

            "jp:adult"

            ]

          }

          },

        "jp:go_to_sleep":{

          "remove":{

            "component_groups":[

              "jp:awake",

              "jp:run",

              "jp:walk",

              "jp:gross_delay",

              "jp:attacked_by_player",

              "jp:immune"

            ]

          },

          "add":{

            "component_groups":[

              "jp:asleep"

            ]

          }

        },

        "jp:stood_up":{

            "remove":{

              "component_groups":[

                "jp:getting_up"

              ]

            },

            "add":{

              "component_groups":[

                "jp:awake",

                "jp:walk",

                "jp:immune"

              ]

            }

        },

        "jp:wake_up":{

          "remove":{

            "component_groups":[

            "jp:asleep"

            ]

          },

          "add":{

            "component_groups":[

              "jp:getting_up"

            ]

          }

        },

        "jp:gross_delay":{

          "remove":{

            "component_groups":[

              "jp:immune"

            ]

          },

          "add":{

            "component_groups":[

              "jp:gross_delay"

            ]

          }

        },

        "jp:lose_immunity":{

          "remove":{

            "component_groups":[

              "jp:gross_delay"

            ]

          },

          "add":{

            "component_groups":[

              "jp:attacked_by_player"

            ]

          }

        },

        "jp:gain_immunity":{

          "remove":{

            "component_groups":[

              "jp:attacked_by_player"

            ]

          },

          "add":{

            "component_groups":[

              "jp:immune"

            ]

          }

        },

        "minecraft:entity_born": {

          "remove": {

          },

          "add": {

            "component_groups": [

              "jp:awake",

              "jp:walk",

              "jp:immune"

            ]

          }

        },

        "jw:adult":{

            "add":{

                "component_groups":[

                    "jp:adult",

                    "jp:awake",

                    "jp:walk",

                    "jp:immune"

                ]

            }

        },

        "minecraft:entity_spawned": {

          "remove": {

          },

          "add": {

            "component_groups": [

              "jp:baby",

              "jp:awake",

              "jp:walk",

              "jp:immune"

            ]

          }

        }

      }

    }

  }