{

  "format_version": "1.13.0",

  "minecraft:entity": {

    "description": {

      "identifier": "md:drea",

      "is_spawnable": true,

      "is_summonable": true,

      "is_experimental": false,

      "animations":{

        "spawn": "animation.md_mamenchi.spawn",

        "dead":"animation.md_mamenchi.dead",

        "command_controller": "controller.animation.brachiosaurus_commands",

        "sleeping_controller": "controller.animation.sleep_commands",

        "sleeping": "animation.sleeping.command",

        "awake": "animation.awake.command"

      },

      "scripts": {

        "animate": [

          "command_controller",

          "sleeping_controller"

        ]

      }

    },

    "component_groups": {

		"jp:attacked_by_player":{

			"minecraft:timer":{

				"time": 2,

				"time_down_event":{

					"event": "jp:gain_immunity"

				},

				"looping": true

			},

			

			"minecraft:on_target_acquired":{

				"event":"jp:hurt",

				"target":"self"

			},

			"minecraft:behavior.hurt_by_target":{

				"entity_types":[

					{

						"filters":

						{

							"any_of":

							[

								{"test":"is_family","subject":"other","operator":"not","value":"player"},

								{"test":"is_family","subject":"other","operator":"equals","value":"player"}

							]

						},

						"max_dist":16,

						"priority": 4

					}

				]

			},

			"minecraft:damage_sensor":{

				"triggers":[

					{

						"on_damage":{

							"filters": {

								"any_of": [

									{"test": "is_family", "subject":"damager", "value": "stunner"},

                                    { "test": "has_equipment", "subject": "other", "domain": "hand", "value": "minecraft:diamond_sword"}

								]

							},

							"event":"jp:go_to_sleep"

						},

						"deals_damage": false

					}

				]

			}

		},

		"jp:baby_attacked_by_player":{

			"minecraft:timer":{

				"time": 2,

				"time_down_event":{

					"event": "jp:gain_immunity"

				},

				"looping": true

			},

			"minecraft:damage_sensor":{

				"triggers":[

					{

						"on_damage":{

							"filters": {

								"any_of": [

									{"test": "is_family", "subject":"damager", "value": "stunner"},

                                    { "test": "has_equipment", "subject": "other", "domain": "hand", "value": "minecraft:diamond_sword"}

								]

							},

							"event":"jp:go_to_sleep"

						},

						"deals_damage": false

					}

				]

			}

		},

		"jp:gross_delay":{

			"minecraft:timer":{

				"time": 0.1,

				"time_down_event":{

					"event": "jp:lose_immunity"

				},

				"looping": true

			}

		},

		"jp:immune":{

			"minecraft:damage_sensor": {

				"triggers":[

					{

						"on_damage":{

							"filters": {

								"any_of": [

									{"test": "is_family", "subject":"damager", "value": "stunner"},

                                    { "test": "has_equipment", "subject": "other", "domain": "hand", "value": "minecraft:diamond_sword"}

								]

							},

							"event":"jp:go_to_sleep"

						},

						"deals_damage": false

					},

					{

						"on_damage":{

							"filters": {

								"any_of": [

									{"test": "is_family", "subject":"other", "value": "player"}

								]

							},

							"event":"jp:gross_delay"

						},

						"deals_damage": false

					}

				]

			},	

			

			"minecraft:on_target_acquired":{

				"event":"jp:hurt",

				"target":"self"

			},

			"minecraft:behavior.hurt_by_target":{

				"entity_types":[

					{

						"filters":

						{

							"any_of":

							[

								{"test":"is_family","subject":"other","operator":"not","value":"player"}

							]

						},

						"max_dist":16,

						"priority": 4

					}

				]

			}

		},

		"jp:self_defense_player":{

			"minecraft:on_target_acquired":{

				"event":"jp:hurt",

				"target":"self"

			  },

			  

			"minecraft:follow_range": {

				"value": 40,

				"max": 50

			},

			"minecraft:behavior.nearest_attackable_target":{

				"priority":1,

				"entity_types":[

				  { 

					"filters": { "any_of": [ {"test":"is_family","subject":"other","value":"player"} ] },

					"max_dist": 40

				  }

				],

				"must_see":false,

				"reselect_targets":true

			  },

			"minecraft:on_target_escape":{

				"event":"jp:target_loss",

				"target":"self"

			},

			"minecraft:damage_sensor":{

				"triggers":[

					{

						"on_damage":{

							"filters": {

								"any_of": [

									{"test": "is_family", "subject":"damager", "value": "stunner"},

                                    { "test": "has_equipment", "subject": "other", "domain": "hand", "value": "minecraft:diamond_sword"}

								]

							},

							"event":"jp:go_to_sleep"

						},

						"deals_damage": false

					}

				]

			},

			"minecraft:behavior.delayed_attack": {

			  "attack_duration": 6,

			  "hit_delay_pct": 0.61,

			  "melee_fov": 120,

			  "priority": 1,

			  "speed_multiplier": 2,

			  "track_target": true,

			  "reach_multiplier": 3

			},

			"minecraft:attack": {

			  "damage": 50

			}

		},

		"jp:self_defense":{

			"minecraft:on_target_acquired":{

				"event":"jp:hurt",

				"target":"self"

			  },

			  

			"minecraft:follow_range": {

				"value": 40,

				"max": 50

			},

			"minecraft:behavior.nearest_attackable_target":{

				"priority":1,

				"entity_types":[

				  { 

					"filters": { 

                        "all_of": [ 

                            { 

                                "any_of":[

                                    {"test":"is_family","subject":"other","value":"indominus_rex"},

                                    {"test":"is_family","subject":"other","value":"trex"},

                                    {"test":"is_family","subject":"other","value":"spinosaurus"},

                                    {"test":"is_family","subject":"other","value":"armiger_rex"},

                                    {"test":"is_family","subject":"other","value":"venatorus"},

                                    {"test":"is_family","subject":"other","value":"carnotaurus"},

                                    {"test":"is_family","subject":"other","value":"indoraptor"},

                                    {"test":"is_family","subject":"other","value":"velociraptor"},

                                    {"test":"is_family","subject":"other","value":"pluma_raptor"},

                                    {"test":"is_family","subject":"other","value":"dilophosaurus"},

                                    {"test":"is_family","subject":"other","value":"compy"}

                                ]

                            },

                            {"test":"has_component","subject":"other","operator":"not","value":"minecraft:is_baby"}

                        ] 

                    },

					"max_dist": 40

				  }

				],

				"must_see":false,

				"reselect_targets":true

			  },

			"minecraft:on_target_escape":{

				"event":"jp:target_loss",

				"target":"self"

			},

			"minecraft:damage_sensor":{

				"triggers":[

					{

						"on_damage":{

							"filters": {

								"any_of": [

									{"test": "is_family", "subject":"damager", "value": "stunner"},

                                    { "test": "has_equipment", "subject": "other", "domain": "hand", "value": "minecraft:diamond_sword"}

								]

							},

							"event":"jp:go_to_sleep"

						},

						"deals_damage": false

					}

				]

			},

			"minecraft:behavior.delayed_attack": {

			  "attack_duration": 6,

			  "hit_delay_pct": 0.61,

			  "melee_fov": 120,

			  "priority": 1,

			  "speed_multiplier": 2,

			  "track_target": true,

			  "reach_multiplier": 3

			},

			"minecraft:attack": {

			  "damage": 50

			}

			

		},

		"jp:awake":{

			"minecraft:movement": {

				"value": 0.15

			  },

			"minecraft:mark_variant":{

				"value": 1

			},

		    "minecraft:behavior.random_stroll": {

				"priority": 3,

				"speed_multiplier": 1.0,

				"xz_dist": 32,

				"interval": 10

			},

			"minecraft:behavior.avoid_mob_type": {

				"priority": 3,

				"entity_types": [

					{

						"filters": {

							"any_of": [

								{ "test" :  "is_family", "subject" : "other", "value" :  "carnivore"}

							]

						},

						"max_dist": 16,

						"walk_speed_multiplier": 1,

						"sprint_speed_multiplier": 1.2

					}

				]

			},

			

			"minecraft:behavior.lay_down": {

				"priority": 7,

				"interval": 300,

				"random_stop_interval": 200

			}

        },

        "jp:baby_awake":{

			"minecraft:movement": {

				"value": 0.08

			  },

			"minecraft:mark_variant":{

				"value": 1

			},

		    "minecraft:behavior.random_stroll": {

				"priority": 3,

				"speed_multiplier": 1.0,

				"xz_dist": 32,

				"interval": 10

			},

			"minecraft:behavior.avoid_mob_type": {

				"priority": 3,

				"entity_types": [

					{

						"filters": {

							"any_of": [

								{ "test" :  "is_family", "subject" : "other", "value" :  "carnivore"}

							]

						},

						"max_dist": 16,

						"walk_speed_multiplier": 1,

						"sprint_speed_multiplier": 1.2

					}

				]

			},

			

			"minecraft:behavior.lay_down": {

				"priority": 7,

				"interval": 300,

				"random_stop_interval": 200

			}

		},

		"jp:asleep":{

			"minecraft:mark_variant":{

				"value": 2

			},

			"minecraft:movement":{

				"value": 0

			},

			"minecraft:timer":{

                    "time":[ 20.0, 25.0 ],

                    "time_down_event": {

                        "event":"jp:wake_up"

                    },

                    "randomInterval": true

                },

			"minecraft:damage_sensor":

			{

				"triggers":[

					{

						"on_damage":{

							"filters": {

								"any_of": [

									{"test": "is_family", "subject":"damager", "value": "stunner"},

                                    { "test": "has_equipment", "subject": "other", "domain": "hand", "value": "minecraft:diamond_sword"}

								]

							}

						},

						"deals_damage": false

					}

				]

			}

		},

		"jp:getting_up":{

			"minecraft:mark_variant":{

				"value": 3

			},

			"minecraft:movement":{

				"value": 0

			},

			"minecraft:timer":{

				"looping":false,

				"time": 6.6,

				"time_down_event": {

					"event":"jp:stood_up"

				}

			},

			"minecraft:damage_sensor":

			{

				"triggers":[

					{

						"on_damage":{

							"filters": {

								"any_of": [

									{"test": "is_family", "subject":"damager", "value": "stunner"},

                                    { "test": "has_equipment", "subject": "other", "domain": "hand", "value": "minecraft:diamond_sword"}

								]

							}

						},

						"deals_damage": false

					}

				]

			}

		},

		"jp:baby_getting_up":{

			"minecraft:is_baby":{},

			"minecraft:mark_variant":{

				"value": 3

			},

			"minecraft:movement":{

				"value": 0

			},

			"minecraft:timer":{

				"looping":false,

				"time": 6,

				"time_down_event": {

					"event":"jp:stood_up"

				}

			},

			"minecraft:damage_sensor":

			{

				"triggers":[

					{

						"on_damage":{

							"filters": {

								"any_of": [

									{"test": "is_family", "subject":"damager", "value": "stunner"},

                                    { "test": "has_equipment", "subject": "other", "domain": "hand", "value": "minecraft:diamond_sword"}

								]

							}

						},

						"deals_damage": false

					}

				]

			}

		},

		"jp:baby_asleep":{

			"minecraft:is_baby":{},

			"minecraft:scale":{

				"value":0.3

			},

			"minecraft:movement":{

				"value": 0

			},

			"minecraft:mark_variant":{

				"value": 2

			},

			"minecraft:timer":{

                    "time":[ 20.0, 25.0 ],

                    "time_down_event": {

                        "event":"jp:wake_up"

                    },

                    "randomInterval": true

                },

			"minecraft:damage_sensor":{

				"triggers":[

					{

						"on_damage":{

							"filters": {

								"any_of": [

									{"test": "is_family", "subject":"damager", "value": "stunner"},

                                    { "test": "has_equipment", "subject": "other", "domain": "hand", "value": "minecraft:diamond_sword"}

								]

							}

						},

						"deals_damage": false

					}

				]

			}

		},

		"jp:baby":{

			"minecraft:is_baby": {

			},

			"minecraft:scale": {

			  "value": 0.3

			},

			"minecraft:ageable": {

			  "duration": 180,

			  "feed_items": "wheat",

			  "grow_up": {

				"event": "minecraft:ageable_grow_up",

				"target": "self"

			  }

			},

			"minecraft:behavior.panic":{

				"priority":1,

				"speed_multiplier":1.25

			}

		},

		"jp:adult":{

			"minecraft:scale": {

				"value": 1.2

			}

		}

	},

    "components": {

	        	"minecraft:nameable":{

	},

		"minecraft:type_family": {

			"family": [ "large_dino", "herbivore", "dinosaur", "neutral", "brachiosaurus", "historic" ]

		},

	  "minecraft:health": {

        "value": 170,

        "max": 170

	  },

	  "minecraft:collision_box": {

        "width": 5,

        "height": 12

      },

	  "minecraft:physics": {},

      "minecraft:navigation.walk": {

        "can_path_over_water": true,

        "avoid_water": true

      },

      "minecraft:movement.basic": {

        

      },

      "minecraft:jump.static": {

      },

      "minecraft:can_climb": {

      },

	  "minecraft:foot_size":{

		"value": 2

	  },

	  "minecraft:behavior.float": {

        "priority": 0

      },

	  "minecraft:pushable": {

        "is_pushable": false,

        "is_pushable_by_piston": false

      }

    },

    "events": {

		"minecraft:ageable_grow_up": {

			"remove": {

			  "component_groups": [

                "jp:baby",

                "jp:baby_awake"

			  ]

			},

			"add": {

			  "component_groups": [

				"jp:adult",

                "jp:awake"

			  ]

			}

      },

		"jp:go_to_sleep":{

			"sequence":[

				{

					"filters":{

						"any_of":[

							{"test":"has_component","subject":"self","operator":"==","value":"minecraft:is_baby"}

						]

					},

					"remove":{

						"component_groups":[

							"jp:awake",

							"jp:baby_awake",

							"jp:baby",

							"jp:baby_attacked_by_player",

							"jp:gross_delay",

							"jp:self_defense",

							"jp:immune"

						]

					},

					"add":{

						"component_groups":[

							"jp:baby_asleep"

						]

					}

				},

				{

					"filters":{

						"any_of":[

							{"test":"has_component","subject":"self","operator":"!=","value":"minecraft:is_baby"}

						]

					},

					"remove":{

						"component_groups":[

							"jp:awake",

							"jp:attacked_by_player",

							"jp:gross_delay",

							"jp:self_defense",

							"jp:immune"

						]

					},

					"add":{

						"component_groups":[

							"jp:asleep"

						]

					}

				}

			]

		},

		"jp:stood_up": {

            "sequence":[

                {

                    "filters":{

                      "all_of":[

                        {"test":"is_family","subject":"target","value":"player"},

                        {"test":"has_component","subject":"self","operator":"!=","value":"minecraft:is_baby"}

                      ]

                    },

                    "remove":{

                      "component_groups":[

                        "jp:getting_up"

                      ]

                    },

                    "add":{

                      "component_groups":[

                        "jp:self_defense_player"

                      ]

                    }

                  },

                  {

                    "filters":{

                      "all_of":[

                        {"test":"is_family","subject":"target","operator":"!=","value":"player"},

                        {"test":"has_component","subject":"self","operator":"!=","value":"minecraft:is_baby"}

                      ]

                    },

                    "remove":{

                      "component_groups":[

                        "jp:getting_up"

                      ]

                    },

                    "add":{

                      "component_groups":[

                        "jp:self_defense"

                      ]

                    }

                  },

                  {

                      "filters":{

                          "any_of":[

                            {"test":"has_component","subject":"self","operator":"!=","value":"minecraft:is_baby"}

                          ]

                      },

                      "remove":{

                        "component_groups":[

                            "jp:getting_up"

                        ]

                      },

                      "add":{

                        "component_groups":[

                          "jp:awake",

                          "jp:immune"

                        ]

                      }

                    },

                    {

                      "filters":{

                          "any_of":[

                                {"test":"has_component","subject":"self","operator":"==","value":"minecraft:is_baby"}

                            ]

                        },

                        "remove":{

                            "component_groups":[

                                "jp:baby_getting_up"

                            ]

                        },

                        "add":{

                            "component_groups":[

                                "jp:baby_awake",

                                "jp:immune"

                            ]

                        }

                    }

            ]

        },

		"jp:wake_up":{

			"sequence":[

				{

				  "filters":{

					"all_of":[

					  {"test":"has_component","subject":"self","operator":"!=","value":"minecraft:is_baby"}

					]

				  },

				  "remove":{

					"component_groups":[

					  "jp:asleep"

					]

				  },

				  "add":{

					"component_groups":[

					  "jp:getting_up"

					]

				  }

				},

				{

				  "filters":{

					"all_of":[

					  {"test":"has_component","subject":"self","operator":"==","value":"minecraft:is_baby"}

					]

				  },

				  "remove":{

					"component_groups":[

					  "jp:baby_asleep"

					]

				  },

				  "add":{

					"component_groups":[

						"jp:baby_getting_up"

					]

				  }

				}

			]

		},

		"jp:gross_delay":{

			"remove":{

				"component_groups":[

					"jp:immune"

				]

			},

			"add":{

				"component_groups":[

					"jp:gross_delay"

				]

			}

		},

		"jp:lose_immunity":{

			"sequence":[

				{

					"filters":{

						"all_of":[

							{"test":"has_component","subject":"self","operator":"==","value":"minecraft:is_baby"}

						]

					},

					"remove":{

						"component_groups":[

							"jp:gross_delay"

						]

					},

					"add":{

						"component_groups":[

							"jp:baby_attacked_by_player"

						]

					}

				},

				{

					"filters":{

						"all_of":[

							{"test":"has_component","subject":"self","operator":"!=","value":"minecraft:is_baby"}

						]

					},

					"remove":{

						"component_groups":[

							"jp:gross_delay"

						]

					},

					"add":{

						"component_groups":[

							"jp:attacked_by_player"

						]

					}

				}

			]

			

		},

		"jp:gain_immunity":{

			"remove":{

				"component_groups":[

					"jp:attacked_by_player",

					"jp:baby_attacked_by_player"

				]

			},

			"add":{

				"component_groups":[

					"jp:immune"

				]

			}

		},

		"jp:target_loss":{	

			"remove":{

				"component_groups":[

					"jp:self_defense"

				]

			},

			"add":{

				"component_groups":[

					"jp:awake",

					"jp:immune"

				]

			}

		},

		"jp:hurt":{

			"sequence":[

				{

				  "filters":{

					"all_of":[

					  {"test":"is_family","subject":"target","value":"player"},

					  {"test":"has_component","subject":"self","operator":"not","value":"minecraft:is_baby"}

					]

				  },

				  "remove":{

					"component_groups":[

					  "jp:attacked_by_player",

					  "jp:self_defense",

					  "jp:awake"

					]

				  },

				  "add":{

					"component_groups":[

					  "jp:self_defense_player"

					]

				  }

				},

				{

				  "filters":{

					"all_of":[

					  {"test":"is_family","subject":"target","operator":"!=","value":"player"},

					  {"test":"has_component","subject":"self","operator":"not","value":"minecraft:is_baby"}

					]

				  },

				  "remove":{

					"component_groups":[

					  "jp:attacked_by_player",

					  "jp:self_defense_player",

					  "jp:awake"

					]

				  },

				  "add":{

					"component_groups":[

					  "jp:self_defense"

					]

				  }

				}

			  ]

		},

        "jw:adult":{

            "add":{

                "component_groups":[

                    "jp:adult",

                    "jp:awake",

                    "jp:immune"

                ]

            }

        },

		"minecraft:entity_spawned": {

			"remove": {

			},

			"add": {

				"component_groups": [

					"jp:baby",

					"jp:baby_awake",

					"jp:immune"

				]

			}

		}

	}

  }

}