{

    "format_version": "1.13.0",

    "minecraft:entity": {

        "description": {

            "identifier": "md:f_l",

            "is_spawnable": true,

            "is_summonable": true,

            "is_experimental": false,

            "animations": {

                "spawn": "animation.claridon.spawn",

                "dead": "animation.claridon.dead",

                "command_controller": "controller.animation.claridon_commands",

                "sleeping_controller": "controller.animation.sleep_commands",

                "sleeping": "animation.sleeping.command",

                "awake": "animation.awake.command"

              },

              "scripts": {

                "animate": [

                  "command_controller",

                  "sleeping_controller"

                ]

              }

        },

        "component_groups": {

            "jp:awake": {

                "minecraft:behavior.avoid_mob_type": {

                    "priority": 3,

                    "entity_types": [

                        {

                            "filters": {

                                "any_of": [

                                    { "test" :  "is_family", "subject" : "other", "value" :  "carnivore"}

                                ]

                            },

                            "max_dist": 16,

                            "walk_speed_multiplier": 1,

                            "sprint_speed_multiplier": 2

                        }

                    ]

                },

                "minecraft:behavior.lay_down": {

                    "priority": 7,

                    "interval": 300,

                    "random_stop_interval": 200

                },

                "minecraft:mark_variant": {

                    "value": 1

                },

                "minecraft:jump.static": {},

                "minecraft:can_climb": {},

                "minecraft:behavior.random_stroll": {

                    "priority": 3,

                    "speed_multiplier": 2.0,

                    "y_dist": 3,

                    "interval": 100

                },

                "minecraft:movement": {

                    "value": 0.8

                },

                "minecraft:can_fly": {

                    "value": true

                },

                "minecraft:navigation.fly": {

                    "can_path_over_water": true,

                    "can_path_from_air": true

                },

                "minecraft:movement.fly": {

                    "max_turn": 180

                },

                "minecraft:behavior.panic": {

                    "priority": 1,

                    "speed_multiplier": 1.0

                },

                "minecraft:damage_sensor": {

                    "triggers": [

                        {

                            "on_damage": {

                                "filters": {

                                    "any_of": [

                                        {"test": "is_family", "subject":"damager", "value": "stunner"},

                                        { "test": "has_equipment", "subject": "other", "domain": "hand", "value": "minecraft:diamond_sword"}

                                    ]

                                },

                                "event": "jp:go_to_sleep"

                            },

                            "deals_damage": false

                        },

                        {

                            "cause": "fall",

                            "deals_damage": false

                        }

                    ]

                }

            },

            "jp:getting_up": {

                "minecraft:mark_variant": {

                    "value": 3

                },

                "minecraft:movement": {

                    "value": 0

                },

                "minecraft:timer": {

                    "looping": false,

                    "time": 4.35,

                    "time_down_event": {

                        "event": "jp:stood_up"

                    }

                },

                "minecraft:damage_sensor": {

                    "triggers": [

                        {

                            "on_damage": {

                                "filters": {

                                    "any_of": [

                                        {"test": "is_family", "subject":"damager", "value": "stunner"},

                                        { "test": "has_equipment", "subject": "other", "domain": "hand", "value": "minecraft:diamond_sword"}

                                    ]

                                }

                            },

                            "deals_damage": false

                        },

                        {

                            "cause": "fall",

                            "deals_damage": false

                        }

                    ]

                }

            },

            "jp:asleep": {

                "minecraft:mark_variant": {

                    "value": 2

                },

                "minecraft:flying_speed": {

                    "value": 0

                },

                "minecraft:can_fly": {

                    "value": false

                },

                "minecraft:navigation.walk": {

                    "can_path_over_water": true,

                    "avoid_water": true

                },

                "minecraft:jump.static": {

                    "jump_power": 0.0

                },

                "minecraft:movement": {

                    "value": 0.0

                },

                "minecraft:timer": {

                   "time":[ 18.45, 23.45 ],

                    "time_down_event": {

                        "event": "jp:wake_up"

                    },

                    "randomInterval": true

                },

                "minecraft:damage_sensor": {

                    "triggers": [

                        {

                            "on_damage": {

                                "filters": {

                                    "any_of": [

                                        {"test": "is_family", "subject":"damager", "value": "stunner"},

                                        { "test": "has_equipment", "subject": "other", "domain": "hand", "value": "minecraft:diamond_sword"}

                                    ]

                                }

                            },

                            "deals_damage": false

                        },

                        {

                            "cause": "fall",

                            "deals_damage": false

                        }

                    ]

                }

            },

            "jp:baby": {

                "minecraft:is_baby": {},

                "minecraft:scale": {

                    "value": 0.5

                },

                "minecraft:ageable": {

                    "duration": 180,

                    "feed_items": "fish",

                    "grow_up": {

                        "event": "minecraft:ageable_grow_up",

                        "target": "self"

                    }

                }

            },

            "jp:baby_awake": {

                "minecraft:behavior.lay_down": {

                    "priority": 7,

                    "interval": 300,

                    "random_stop_interval": 200

                },

                "minecraft:behavior.avoid_mob_type": {

                    "priority": 3,

                    "entity_types": [

                        {

                            "filters": {

                                "any_of": [

                                    { "test" :  "is_family", "subject" : "other", "value" :  "carnivore"}

                                ]

                            },

                            "max_dist": 16,

                            "walk_speed_multiplier": 1,

                            "sprint_speed_multiplier": 2

                        }

                    ]

                },

                "minecraft:mark_variant": {

                    "value": 1

                },

                "minecraft:jump.static": {},

                "minecraft:can_climb": {},

                "minecraft:behavior.panic": {

                    "priority": 1,

                    "speed_multiplier": 1.0

                },

                "minecraft:behavior.random_stroll": {

                    "priority": 3,

                    "speed_multiplier": 2.0,

                    "y_dist": 3,

                    "interval": 100

                },

                "minecraft:movement": {

                    "value": 0.8

                },

                "minecraft:can_fly": {

                    "value": true

                },

                "minecraft:navigation.fly": {

                    "can_path_over_water": true,

                    "can_path_from_air": true

                },

                "minecraft:movement.fly": {

                    "max_turn": 180

                },

                "minecraft:damage_sensor": {

                    "triggers": [

                        {

                            "on_damage": {

                                "filters": {

                                    "any_of": [

                                        {"test": "is_family", "subject":"damager", "value": "stunner"},

                                        { "test": "has_equipment", "subject": "other", "domain": "hand", "value": "minecraft:diamond_sword"}

                                    ]

                                },

                                "event": "jp:go_to_sleep"

                            },

                            "deals_damage": false

                        },

                        {

                            "cause": "fall",

                            "deals_damage": false

                        }

                    ]

                }

            },

            "jp:adult": {

                "minecraft:scale": {

                    "value": 1

                }

            }

        },

        "components": {

              "minecraft:nameable":{

            },

            "minecraft:collision_box": {

                "width": 2,

                "height": 1

            },

            "minecraft:physics": {

                "has_gravity": true

            },

            "minecraft:type_family": {

                "family": [

                    "dinosaur",

                    "flyer",

                    "claridon",

                    "hybrid"

                ]

            },

            "minecraft:health": {

                "value": 8,

                "max": 8

            },

            "minecraft:foot_size": {

                "value": 2

            },

            "minecraft:behavior.float": {

                "priority": 0

            },

            "minecraft:pushable": {

                "is_pushable": false,

                "is_pushable_by_piston": false

            }

        },

        "events": {

            "minecraft:ageable_grow_up": {

                "remove": {

                    "component_groups": [

                        "jp:baby",

                        "jp:baby_awake"

                    ]

                },

                "add": {

                    "component_groups": [

                        "jp:adult",

                        "jp:awake"

                    ]

                }

            },

            "jp:go_to_sleep": {

                "sequence": [

                    {

                        "filters": {

                            "any_of": [

                                {

                                    "test": "has_component",

                                    "subject": "self",

                                    "operator": "==",

                                    "value": "minecraft:is_baby"

                                }

                            ]

                        },

                        "remove": {

                            "component_groups": [

                                "jp:baby_awake"

                            ]

                        },

                        "add": {

                            "component_groups": [

                                "jp:asleep"

                            ]

                        }

                    },

                    {

                        "filters": {

                            "any_of": [

                                {

                                    "test": "has_component",

                                    "subject": "self",

                                    "operator": "!=",

                                    "value": "minecraft:is_baby"

                                }

                            ]

                        },

                        "remove": {

                            "component_groups": [

                                "jp:awake"

                            ]

                        },

                        "add": {

                            "component_groups": [

                                "jp:asleep"

                            ]

                        }

                    }

                ]

            },

            "jp:stood_up": {

                "sequence": [

                    {

                        "filters": {

                            "all_of": [

                                {

                                    "test": "has_component",

                                    "subject": "self",

                                    "operator": "!=",

                                    "value": "minecraft:is_baby"

                                }

                            ]

                        },

                        "remove": {

                            "component_groups": [

                                "jp:getting_up"

                            ]

                        },

                        "add": {

                            "component_groups": [

                                "jp:awake"

                            ]

                        }

                    },

                    {

                        "filters": {

                            "any_of": [

                                {

                                    "test": "has_component",

                                    "subject": "self",

                                    "operator": "==",

                                    "value": "minecraft:is_baby"

                                }

                            ]

                        },

                        "remove": {

                            "component_groups": [

                                "jp:getting_up"

                            ]

                        },

                        "add": {

                            "component_groups": [

                                "jp:baby_awake"

                            ]

                        }

                    }

                ]

            },

            "jp:wake_up": {

                "remove": {

                    "component_groups": [

                        "jp:asleep"

                    ]

                },

                "add": {

                    "component_groups": [

                        "jp:getting_up"

                    ]

                }

            },

            "jw:adult":{

                "add":{

                    "component_groups":[

                        "jp:adult",

                        "jp:awake"

                    ]

                }

            },

            "minecraft:entity_spawned": {

                "remove": {},

                "add": {

                    "component_groups": [

                        "jp:baby",

                        "jp:baby_awake"

                    ]

                }

            }

        }

    }

}