{

  "format_version": "1.13.0",

  "minecraft:entity": {

    "description": {

      "identifier": "md:geo",

      "is_spawnable": true,

      "is_summonable": true,

      "is_experimental": false,

	  "animations":{

		"spawn": "animation.pteranodon.spawn",

        "dead":"animation.pteranodon.dead",

        "command_controller": "controller.animation.pteranodon_commands",

        "sleeping_controller": "controller.animation.sleep_commands",

        "sleeping": "animation.sleeping.command",

        "awake": "animation.awake.command"

      },

      "scripts": {

        "animate": [

          "command_controller",

          "sleeping_controller"

        ]

      }

    },

    "component_groups": {

		

		"jp:awake":{

            

			"minecraft:behavior.lay_down": {

				"priority": 7,

				"interval": 500,

				"random_stop_interval": 200

			},

      "minecraft:mark_variant":{

				"value": 1

      },

      "minecraft:can_fly":{

        "value":true

      },

      

      "minecraft:jump.static": {

      },

      "minecraft:can_climb": {

      },

      "minecraft:navigation.hover": {

        "can_path_over_water": true,

        "can_sink": false,

        "can_pass_doors": false,

        "can_path_from_air": true,

        "avoid_water": true,

        "avoid_damage_blocks": true,

        "avoid_sun": false

      },

      "minecraft:movement.hover": {},

      "minecraft:flying_speed": {

        "value": 0.25

      },

      "minecraft:behavior.random_hover": {

        "priority": 12,

        "xz_dist": 8,

        "y_dist": 8,

        "y_offset": -1,

        "interval": 1,

        "hover_height": [1, 4]

    },

      

      "minecraft:behavior.random_look_around": {

				"priority": 9

			},

			

     

      "minecraft:behavior.hurt_by_target":{

				"entity_types":[

				  { 

            "max_dist":32

				  }

				]

      },

      

      "minecraft:behavior.nearest_attackable_target":{

				"priority":1,

				"entity_types":[

				  { 

            "filters": { 

              "any_of": [ 

                {"test":"is_family","subject":"other","operator":"equals","value":"compy"},

                {"test":"is_family","subject":"other","operator":"equals","value":"fascino"},

                {"test":"is_family","subject":"other","operator":"equals","value":"player"},

                {"test":"is_family","subject":"other","operator":"equals","value":"acu"},

                {"test":"is_family","subject":"other","operator":"equals","value":"tourists"},

                {"test":"is_family","subject":"other","value":"pig"},

                {"test":"is_family","subject":"other","value":"sheep"}

              ] 

            },

            "max_dist":32,

            "walk_speed_multiplier": 1.0,

            "sprint_speed_multiplier":1.2,

            "must_see":true,

            "must_see_forget_duration":10

				  }

        ],

        "must_see":true,

        "must_see_forget_duration":10,

				"reselect_targets":true

      },

      

      "minecraft:follow_range": {

        "value": 32,

        "max": 32

      },



      "minecraft:behavior.delayed_attack": {

			  "attack_duration": 2.2,

			  "hit_delay_pct": 0.68,

			  "melee_fov": 90,

			  "priority": 1,

			  "speed_multiplier": 9,

			  "track_target": true,

			  "reach_multiplier": 2

      },

      

			"minecraft:attack": {

			  "damage": 10

			},



      "minecraft:damage_sensor": {

				"triggers":[

					{

						"on_damage":{

							"filters": {

								"any_of": [

									{"test": "is_family", "subject":"damager", "value": "stunner"},

                                    { "test": "has_equipment", "subject": "other", "domain": "hand", "value": "minecraft:diamond_sword"}

								]

							},

							"event":"jp:go_to_sleep"

						},

						"deals_damage": false

                    },

                    {

                        "cause":"fall",

                        "deals_damage": false

                    }

				]

			}

    },

    

    "jp:getting_up":{

			"minecraft:mark_variant":{

				"value": 3

			},

			"minecraft:movement":{

				"value": 0

			},

			"minecraft:timer":{

				"looping":false,

				"time": 1.55,

				"time_down_event": {

					"event":"jp:stood_up"

				}

			},

			"minecraft:damage_sensor":

			{

				"triggers":[

					{

						"on_damage":{

							"filters": {

								"any_of": [

									{"test": "is_family", "subject":"damager", "value": "stunner"},

                                    { "test": "has_equipment", "subject": "other", "domain": "hand", "value": "minecraft:diamond_sword"}

								]

							}

						},

						"deals_damage": false

                    },

                    {

                        "cause":"fall",

                        "deals_damage": false

                    }

				]

			}

    },



		"jp:asleep":{

			"minecraft:mark_variant":{

				"value": 2

			},

			"minecraft:flying_speed":{

				"value": 0

      },

      "minecraft:can_fly":{

        "value":false

      },

      "minecraft:physics":{

        "has_gravity":true

      },

      "minecraft:navigation.walk": {

        "can_path_over_water": true,

        "avoid_water": true

      },

      "minecraft:jump.static":{

        "jump_power":0.0

      },

      "minecraft:movement.basic": {

        

      },

      "minecraft:movement": {

				"value": 0.0

      },

			"minecraft:timer":{

				"time":[ 15.0, 20.0 ],

				"time_down_event": {

					"event":"jp:wake_up"

				},

				"randomInterval": true

      },

      "minecraft:damage_sensor":{

				"triggers":[

					{

						"on_damage":{

							"filters": {

								"any_of": [

									{"test": "is_family", "subject":"damager", "value": "stunner"},

                                    { "test": "has_equipment", "subject": "other", "domain": "hand", "value": "minecraft:diamond_sword"}

								]

							}

						},

						"deals_damage": false

          },

          {

              "cause":"fall",

              "deals_damage": false

          }

				]

			}

    },

    

    "jp:baby":{

      "minecraft:is_baby": {

			},

			"minecraft:scale": {

			  "value": 0.4

      },

      "minecraft:ageable": {

			  "duration": 180,

			  "feed_items": "fish",

			  "grow_up": {

				"event": "minecraft:ageable_grow_up",

				"target": "self"

			  }

      },

      "minecraft:collision_box": {

        "width": 2,

        "height": 1

      }

    },



		"jp:baby_awake":{	

            

			"minecraft:behavior.lay_down": {

				"priority": 7,

				"interval": 500,

				"random_stop_interval": 200

			},

      "minecraft:mark_variant":{

				"value": 1

      },

      

      "minecraft:jump.static": {

      },

      "minecraft:can_climb": {

      },

			"minecraft:behavior.panic":{

				"priority":1,

				"speed_multiplier":1.25

      },

      "minecraft:can_fly":{

        "value":true

      },

      "minecraft:navigation.hover": {

        "can_path_over_water": true,

        "can_sink": false,

        "can_pass_doors": false,

        "can_path_from_air": true,

        "avoid_water": true,

        "avoid_damage_blocks": true,

        "avoid_sun": false

      },

      "minecraft:movement.hover": {},

      "minecraft:flying_speed": {

        "value": 0.25

      },

      "minecraft:behavior.random_hover": {

        "priority": 12,

        "xz_dist": 8,

        "y_dist": 8,

        "y_offset": -1,

        "interval": 1,

        "hover_height": [1, 4]

      },

      

      "minecraft:behavior.random_look_around": {

				"priority": 9

			},

			

      "minecraft:damage_sensor": {

				"triggers":[

					{

						"on_damage":{

							"filters": {

								"any_of": [

									{"test": "is_family", "subject":"damager", "value": "stunner"},

                                    { "test": "has_equipment", "subject": "other", "domain": "hand", "value": "minecraft:diamond_sword"}

								]

							},

							"event":"jp:go_to_sleep"

						},

						"deals_damage": false

                    },

                    {

                        "cause":"fall",

                        "deals_damage": false

                    }

				]

			}

    },

    

		"jp:adult":{

			"minecraft:scale": {

				"value": 0.9

      },

      "minecraft:collision_box": {

        "width": 2,

        "height": 1

      }

		}

  },

  

    "components": {

        "minecraft:nameable": {

        },

      "minecraft:type_family": {

        "family": [ "large_dino", "carnivore", "trex", "dinosaur" ]

      },

      "minecraft:health": {

          "value": 15,

          "max": 15

      },

	    

      "minecraft:physics": {},



	    "minecraft:foot_size":{

		    "value": 2

	    },

	    "minecraft:behavior.float": {

        "priority": 0

      },

	    "minecraft:pushable": {

        "is_pushable": false,

        "is_pushable_by_piston": false

      }

    },



    "events": {

		  "minecraft:ageable_grow_up": {

        "remove": {

          "component_groups": [

            "jp:baby",

            "jp:baby_awake"

          ]

        },

        "add": {

          "component_groups": [

            "jp:adult",

            "jp:awake"

          ]

        }

      },



		  "jp:go_to_sleep":{

        "sequence":[

          {

            "filters":{

              "any_of":[

                {"test":"has_component","subject":"self","operator":"==","value":"minecraft:is_baby"}

              ]

            },

            "remove":{

              "component_groups":[

                "jp:baby_awake"

              ]

            },

            "add":{

              "component_groups":[

                "jp:asleep"

              ]

            }

          },

          {

            "filters":{

              "any_of":[

                {"test":"has_component","subject":"self","operator":"!=","value":"minecraft:is_baby"}

              ]

            },

            "remove":{

              "component_groups":[

                "jp:awake"

              ]

            },

            "add":{

              "component_groups":[

                "jp:asleep"

              ]

            }

          }

        ]

    },

    "jp:stood_up":{

      "sequence":[

				{

				  "filters":{

            "all_of":[

              {"test":"has_component","subject":"self","operator":"!=","value":"minecraft:is_baby"}

            ]

				  },

				  "remove":{

            "component_groups":[

              "jp:getting_up"

            ]

				  },

				  "add":{

            "component_groups":[

              "jp:awake"

            ]

				  }

				},

        {

					"filters":{

            "any_of":[

              {"test":"has_component","subject":"self","operator":"==","value":"minecraft:is_baby"}

            ]

          },

          "remove":{

            "component_groups":[

              "jp:getting_up"

            ]

          },

          "add":{

            "component_groups":[

              "jp:baby_awake"

            ]

          }

        }

			]

		},

		"jp:wake_up":{

			"remove":{

        "component_groups":[

          "jp:asleep"

        ]

      },

      "add":{

        "component_groups":[

          "jp:getting_up"

        ]

      }

        },

        "jw:adult":{

            "add":{

                "component_groups":[

                    "jp:adult",

                    "jp:awake"

                ]

            }

        },

		"minecraft:entity_spawned": {

			"remove": {

			},

			"add": {

				"component_groups": [

					"jp:baby",

					"jp:baby_awake"

				]

			}

		}

	}

  }

}