{

  "format_version": "1.13.0",

  "minecraft:entity": {

    "description": {

      "identifier": "md:jeep",

      "is_spawnable": true,

      "is_summonable": true,

      "is_experimental": false,

      "animations":{

        "do_nothing": "animation.do_nothing",

        "broken_commands":"animation.broken_vehicle.commands",

        "command_controller": "controller.animation.vehicle_command"

      },

      "scripts": {

        "animate": [

          "command_controller"

        ]

      }

    },

    "component_groups": {

      "jw:broken_down":{

      

        "minecraft:skin_id":{

            "value": 2

        },

        "minecraft:interact": {

          "interactions": [

            {

              "use_item": false,

              "play_sounds": "shear",

              "interact_text": "action.interact.fix_car",

              "on_interact": {

                "filters": {

                  "all_of": [

                    { "test": "has_equipment", "subject": "other", "domain": "hand", "value": "jw:wrench"},

                    { "test" :  "is_family", "subject" : "other", "value" :  "player"}

                  ]

                },

                "event": "jw:got_fixed",

                "target": "self"

              }

            }

          ]

        },

        "minecraft:mark_variant":{

          "value":1

        },

        "minecraft:damage_sensor": {

        "triggers":[

            {

                "cause": "all",

                "deals_damage": false

              }

           ]

        }

      },

      "jw:fixed":{

        "minecraft:mark_variant":{

          "value":2

        }

      },

      "jw:working":{

        "minecraft:rideable": {

          "seat_count": 5,

          "crouching_skip_interact": true,

          "family_types": [

            "player"

          ],

          "interact_text": "action.interact.ride.car",

            

          "seats": [

            { //Driver Seat

              "position": [ 0.375, 0.8, 0.9 ],

              "min_rider_count": 0,

              "max_rider_count": 5

                },

            { //Left Passenger Seat 1

              "position": [ 0.25, 0.8, -0.435 ],

              "min_rider_count": 1,

              "max_rider_count": 5,

              "rotate_rider_by": -90

            },

            { // Left Passenger Seat 2

              "position": [ 0.25, 0.8, -1.435 ],

              "min_rider_count": 2,

              "max_rider_count": 5,

              "rotate_rider_by": -90

            },

            { // Right Passenger Seat 1

              "position": [ -0.25, 0.8, -0.435 ],

              "min_rider_count": 3,

              "max_rider_count": 5,

              "rotate_rider_by": 90

            },

            { // Right Passenger Seat 2

              "position": [ -0.25, 0.8, -1.435 ],

              "min_rider_count": 4,

              "max_rider_count": 5,

              "rotate_rider_by": 90

            }

         ]

        },

        "minecraft:is_saddled": {},

        "minecraft:input_ground_controlled": {},

        "minecraft:behavior.player_ride_tamed": {}

      }

    },

    

    "components": {

          "minecraft:nameable": {

      },

      "minecraft:type_family": {

        "family": ["vehicle", "minecart"]

      },

      "minecraft:health": {

        "value": 20

      },

      "minecraft:movement": {

        "value": 0.3

      },

      "minecraft:scale":{

          "value": 1.0

      },

      

      "minecraft:navigation.walk": {

        "can_path_over_water": false,

        "avoid_water": true,

        "avoid_damage_blocks": true

      },

      "minecraft:movement.basic": {},

      "minecraft:collision_box": {

        "width": 3,

        "height": 1.99

      },      

      "minecraft:behavior.float": {

        "priority": 1

      },

      "minecraft:damage_sensor": {

        "triggers": {

          "cause": "fall",

          "deals_damage": false

        }

      },

     

      "minecraft:physics": {

        "has_gravity": true

      }

    },



    "events": {

      "minecraft:entity_spawned":{

        "add": {

          "component_groups": [

            "jw:working"

          ]

        }

      },

      "jw:got_fixed":{

        "remove": {

          "component_groups": [

            "jw:broken_down"

          ]

        },

        "add": {

          "component_groups": [

            "jw:fixed"

          ]

        }

      },

      "jw:broken":{

        "add": {

          "component_groups": [

            "jw:broken_down"

          ]

        }

      }

    }

  }

}