{
  "format_version": "1.12.0",
  "minecraft:geometry": [
    {
      "description": {
        "identifier": "geometry.md_a_panter",
        "texture_width": 128,
        "texture_height": 128,
        "visible_bounds_width": 16,
        "visible_bounds_height": 12,
        "visible_bounds_offset": [
          0,
          0,
          0
        ]
      },
      "bones": [
        {
          "name": "root",
          "pivot": [
            0,
            19,
            5.5
          ],
          "cubes": [
            {
              "origin": [
                -4.5,
                17.5,
                -0.5
              ],
              "size": [
                9.0,
                10.0,
                10.0
              ],
              "uv": [
                34,
                41
              ],
              "inflate": 0
            }
          ],
          "locators": {}
        },
        {
          "name": "spine0",
          "pivot": [
            0,
            19,
            1.5
          ],
          "cubes": [
            {
              "origin": [
                -4.0,
                18.0,
                -10.5
              ],
              "size": [
                8.0,
                10.0,
                12.0
              ],
              "uv": [
                34,
                14
              ],
              "inflate": 0
            }
          ],
          "parent": "root"
        },
        {
          "name": "chest",
          "pivot": [
            0,
            19,
            -8.5
          ],
          "parent": "spine0"
        },
        {
          "name": "neck0",
          "pivot": [
            0,
            20.5,
            -8
          ],
          "cubes": [
            {
              "origin": [
                -2.0,
                19.0,
                -12.0
              ],
              "size": [
                4.0,
                7.0,
                5.0
              ],
              "uv": [
                0,
                86
              ],
              "inflate": -0.009
            }
          ],
          "parent": "chest"
        },
        {
          "name": "neck1",
          "pivot": [
            0,
            20.5,
            -11
          ],
          "cubes": [
            {
              "origin": [
                -2.0,
                19.0,
                -21.0
              ],
              "size": [
                4.0,
                7.0,
                10.0
              ],
              "uv": [
                24,
                61
              ],
              "inflate": -0.01
            }
          ],
          "parent": "neck0"
        },
        {
          "name": "head",
          "pivot": [
            -1,
            21.5,
            -18
          ],
          "cubes": [
            {
              "origin": [
                -2.5,
                19.5,
                -20.5
              ],
              "size": [
                5.0,
                7.0,
                5.0
              ],
              "uv": [
                0,
                71
              ],
              "inflate": 0
            },
            {
              "origin": [
                -2.5,
                21.5,
                -29.5
              ],
              "size": [
                5.0,
                5.0,
                9.0
              ],
              "uv": [
                25,
                0
              ],
              "inflate": 0
            },
            {
              "origin": [
                -2.5,
                19.5,
                -28.5
              ],
              "size": [
                5.0,
                1.0,
                8.0
              ],
              "uv": [
                62,
                11
              ],
              "inflate": -0.015
            },
            {
              "origin": [
                -2.0,
                20.5,
                -29.0
              ],
              "size": [
                4.0,
                1.0,
                10.0
              ],
              "uv": [
                42,
                98
              ],
              "inflate": 0
            }
          ],
          "parent": "neck1"
        },
        {
          "name": "jaw",
          "pivot": [
            -1,
            20.5,
            -20.5
          ],
          "cubes": [
            {
              "origin": [
                -2.5,
                19.5,
                -29.5
              ],
              "size": [
                5.0,
                2.0,
                9.0
              ],
              "uv": [
                53,
                0
              ],
              "inflate": -0.01
            },
            {
              "origin": [
                -2.5,
                20.5,
                -28.5
              ],
              "size": [
                5.0,
                1.0,
                8.0
              ],
              "uv": [
                42,
                61
              ],
              "inflate": -0.02
            },
            {
              "origin": [
                -2.4,
                20.0,
                -23.0
              ],
              "size": [
                0.0,
                2.0,
                3.0
              ],
              "uv": [
                0,
                16
              ],
              "inflate": -0.01
            },
            {
              "origin": [
                2.4,
                20.0,
                -23.0
              ],
              "size": [
                0.0,
                2.0,
                3.0
              ],
              "uv": [
                0,
                0
              ],
              "inflate": -0.01
            },
            {
              "origin": [
                -2.0,
                21.5,
                -28.5
              ],
              "size": [
                4.0,
                1.0,
                8.0
              ],
              "uv": [
                94,
                33
              ],
              "inflate": 0
            }
          ],
          "parent": "head"
        },
        {
          "name": "eyelids",
          "pivot": [
            0,
            23,
            -22
          ],
          "cubes": [
            {
              "origin": [
                2.51,
                22.5,
                -24.0
              ],
              "size": [
                0.0,
                3.0,
                4.0
              ],
              "uv": [
                115,
                12
              ],
              "inflate": 0
            },
            {
              "origin": [
                -2.51,
                22.5,
                -24.0
              ],
              "size": [
                0.0,
                3.0,
                4.0
              ],
              "uv": [
                112,
                116
              ],
              "inflate": 0
            }
          ],
          "parent": "head"
        },
        {
          "name": "shoulder_r",
          "pivot": [
            -4,
            18,
            -8.5
          ],
          "cubes": [
            {
              "origin": [
                -5.0,
                15.0,
                -9.5
              ],
              "size": [
                1.0,
                6.0,
                3.0
              ],
              "uv": [
                22,
                95
              ],
              "inflate": 0
            }
          ],
          "parent": "chest"
        },
        {
          "name": "elbow_r",
          "pivot": [
            -4.5,
            14.5,
            -8
          ],
          "cubes": [
            {
              "origin": [
                -5.0,
                15.0,
                -13.0
              ],
              "size": [
                1.0,
                2.0,
                5.0
              ],
              "uv": [
                27,
                95
              ],
              "inflate": -0.01
            }
          ],
          "parent": "shoulder_r"
        },
        {
          "name": "wrist_r",
          "pivot": [
            -4.5,
            14.5,
            -12
          ],
          "cubes": [
            {
              "origin": [
                -6.0,
                13.0,
                -12.5
              ],
              "size": [
                3.0,
                4.0,
                1.0
              ],
              "uv": [
                29,
                87
              ],
              "inflate": 0.001
            }
          ],
          "parent": "elbow_r",
          "rotation": [
            0,
            90,
            0
          ]
        },
        {
          "name": "finger0_r",
          "pivot": [
            -3.5,
            12,
            -12
          ],
          "cubes": [
            {
              "origin": [
                -4.0,
                11.0,
                -12.5
              ],
              "size": [
                1.0,
                2.0,
                1.0
              ],
              "uv": [
                25,
                14
              ],
              "inflate": 0
            },
            {
              "origin": [
                -4.0,
                11.0,
                -11.5
              ],
              "size": [
                1.0,
                1.0,
                1.0
              ],
              "uv": [
                32,
                16
              ],
              "inflate": 0
            }
          ],
          "parent": "wrist_r"
        },
        {
          "name": "finger1_r",
          "pivot": [
            -4.5,
            12,
            -12
          ],
          "cubes": [
            {
              "origin": [
                -5.0,
                10.0,
                -12.5
              ],
              "size": [
                1.0,
                3.0,
                1.0
              ],
              "uv": [
                16,
                0
              ],
              "inflate": 0
            },
            {
              "origin": [
                -5.0,
                10.0,
                -11.5
              ],
              "size": [
                1.0,
                1.0,
                2.0
              ],
              "uv": [
                39,
                36
              ],
              "inflate": 0
            }
          ],
          "parent": "wrist_r"
        },
        {
          "name": "finger2_r",
          "pivot": [
            -5.5,
            12,
            -12
          ],
          "cubes": [
            {
              "origin": [
                -6.0,
                11.0,
                -12.5
              ],
              "size": [
                1.0,
                2.0,
                1.0
              ],
              "uv": [
                16,
                11
              ],
              "inflate": 0
            },
            {
              "origin": [
                -6.0,
                11.0,
                -11.5
              ],
              "size": [
                1.0,
                1.0,
                1.0
              ],
              "uv": [
                32,
                14
              ],
              "inflate": 0
            }
          ],
          "parent": "wrist_r"
        },
        {
          "name": "shoulder_l",
          "pivot": [
            4,
            18,
            -8.5
          ],
          "cubes": [
            {
              "origin": [
                4.0,
                15.0,
                -9.5
              ],
              "size": [
                1.0,
                6.0,
                3.0
              ],
              "uv": [
                25,
                0
              ],
              "inflate": 0
            }
          ],
          "parent": "chest"
        },
        {
          "name": "elbow_l",
          "pivot": [
            4.5,
            14.5,
            -8
          ],
          "cubes": [
            {
              "origin": [
                4.0,
                15.0,
                -13.0
              ],
              "size": [
                1.0,
                2.0,
                5.0
              ],
              "uv": [
                68,
                106
              ],
              "inflate": -0.01
            }
          ],
          "parent": "shoulder_l"
        },
        {
          "name": "wrist_l",
          "pivot": [
            4.5,
            14.5,
            -12
          ],
          "cubes": [
            {
              "origin": [
                3.0,
                13.0,
                -12.5
              ],
              "size": [
                3.0,
                4.0,
                1.0
              ],
              "uv": [
                10,
                26
              ],
              "inflate": 0.001
            }
          ],
          "parent": "elbow_l",
          "rotation": [
            180,
            -87.5,
            180
          ]
        },
        {
          "name": "finger0_l",
          "pivot": [
            3.5,
            12,
            -12
          ],
          "cubes": [
            {
              "origin": [
                3.0,
                11.0,
                -12.5
              ],
              "size": [
                1.0,
                2.0,
                1.0
              ],
              "uv": [
                16,
                8
              ],
              "inflate": 0
            },
            {
              "origin": [
                3.0,
                11.0,
                -11.5
              ],
              "size": [
                1.0,
                1.0,
                1.0
              ],
              "uv": [
                25,
                31
              ],
              "inflate": 0
            }
          ],
          "parent": "wrist_l"
        },
        {
          "name": "finger1_l",
          "pivot": [
            4.5,
            12,
            -12
          ],
          "cubes": [
            {
              "origin": [
                4.0,
                10.0,
                -12.5
              ],
              "size": [
                1.0,
                3.0,
                1.0
              ],
              "uv": [
                10,
                0
              ],
              "inflate": 0
            },
            {
              "origin": [
                4.0,
                10.0,
                -11.5
              ],
              "size": [
                1.0,
                1.0,
                2.0
              ],
              "uv": [
                0,
                29
              ],
              "inflate": 0
            }
          ],
          "parent": "wrist_l"
        },
        {
          "name": "finger2_l",
          "pivot": [
            5.5,
            12,
            -12
          ],
          "cubes": [
            {
              "origin": [
                5.0,
                11.0,
                -12.5
              ],
              "size": [
                1.0,
                2.0,
                1.0
              ],
              "uv": [
                16,
                5
              ],
              "inflate": 0
            },
            {
              "origin": [
                5.0,
                11.0,
                -11.5
              ],
              "size": [
                1.0,
                1.0,
                1.0
              ],
              "uv": [
                30,
                0
              ],
              "inflate": 0
            }
          ],
          "parent": "wrist_l"
        },
        {
          "name": "tail_0",
          "pivot": [
            0,
            21,
            8.5
          ],
          "cubes": [
            {
              "origin": [
                -2.5,
                19.0,
                6.5
              ],
              "size": [
                5.0,
                8.0,
                12.0
              ],
              "uv": [
                0,
                51
              ],
              "inflate": 0
            }
          ],
          "parent": "root",
          "rotation": [
            -10.01363,
            0.64686,
            -2.41492
          ]
        },
        {
          "name": "tail_1",
          "pivot": [
            0,
            21,
            16.5
          ],
          "cubes": [
            {
              "origin": [
                -1.5,
                20.0,
                15.5
              ],
              "size": [
                3.0,
                6.0,
                19.0
              ],
              "uv": [
                0,
                26
              ],
              "inflate": 0
            }
          ],
          "parent": "tail_0",
          "rotation": [
            2.5,
            0,
            0
          ]
        },
        {
          "name": "tail_2",
          "pivot": [
            0,
            21,
            33.5
          ],
          "cubes": [
            {
              "origin": [
                -1.0,
                20.5,
                32.5
              ],
              "size": [
                2.0,
                5.0,
                21.0
              ],
              "uv": [
                0,
                0
              ],
              "inflate": 0
            }
          ],
          "parent": "tail_1",
          "rotation": [
            -5,
            0,
            0
          ]
        },
        {
          "name": "rump_r",
          "pivot": [
            -3.5,
            19,
            3.5
          ],
          "cubes": [
            {
              "origin": [
                -5.5,
                13.5,
                1.0
              ],
              "size": [
                2.0,
                13.0,
                6.0
              ],
              "uv": [
                0,
                26
              ],
              "inflate": 0.001
            }
          ],
          "parent": "root"
        },
        {
          "name": "hip_r",
          "pivot": [
            -4.5,
            14,
            1.5
          ],
          "cubes": [
            {
              "origin": [
                -5.5,
                7.0,
                1.0
              ],
              "size": [
                2.0,
                7.0,
                4.0
              ],
              "uv": [
                81,
                0
              ],
              "inflate": 0
            }
          ],
          "parent": "rump_r"
        },
        {
          "name": "knee_r",
          "pivot": [
            -4.5,
            7.25,
            3.25
          ],
          "cubes": [
            {
              "origin": [
                -5.5,
                0.5,
                1.5
              ],
              "size": [
                2.0,
                7.0,
                3.0
              ],
              "uv": [
                52,
                70
              ],
              "inflate": -0.001
            }
          ],
          "parent": "hip_r"
        },
        {
          "name": "foot_r",
          "pivot": [
            -4.5,
            0.25,
            2.5
          ],
          "parent": "knee_r"
        },
        {
          "name": "toe0_r",
          "pivot": [
            -3.5,
            1,
            2.5
          ],
          "cubes": [
            {
              "origin": [
                -4.0,
                0.0,
                0.5
              ],
              "size": [
                1.0,
                1.0,
                3.0
              ],
              "uv": [
                38,
                14
              ],
              "inflate": 0
            },
            {
              "origin": [
                -4.0,
                0.5,
                -1.0
              ],
              "size": [
                1.0,
                1.0,
                2.0
              ],
              "uv": [
                0,
                26
              ],
              "inflate": 0
            }
          ],
          "parent": "foot_r",
          "rotation": [
            -27.5,
            0,
            0
          ]
        },
        {
          "name": "toe1_r",
          "pivot": [
            -4.5,
            1,
            2.5
          ],
          "cubes": [
            {
              "origin": [
                -5.0,
                0.0,
                -0.5
              ],
              "size": [
                1.0,
                1.0,
                4.0
              ],
              "uv": [
                32,
                14
              ],
              "inflate": 0
            },
            {
              "origin": [
                -5.0,
                0.0,
                -1.5
              ],
              "size": [
                1.0,
                1.0,
                1.0
              ],
              "uv": [
                25,
                17
              ],
              "inflate": 0
            }
          ],
          "parent": "foot_r"
        },
        {
          "name": "toe2_r",
          "pivot": [
            -5.5,
            1,
            2.5
          ],
          "cubes": [
            {
              "origin": [
                -6.0,
                0.0,
                -0.5
              ],
              "size": [
                1.0,
                1.0,
                5.0
              ],
              "uv": [
                62,
                20
              ],
              "inflate": 0
            },
            {
              "origin": [
                -6.0,
                0.0,
                -1.5
              ],
              "size": [
                1.0,
                1.0,
                1.0
              ],
              "uv": [
                10,
                19
              ],
              "inflate": 0
            }
          ],
          "parent": "foot_r"
        },
        {
          "name": "rump_l",
          "pivot": [
            3.5,
            19,
            3.5
          ],
          "cubes": [
            {
              "origin": [
                3.5,
                13.5,
                1.0
              ],
              "size": [
                2.0,
                13.0,
                6.0
              ],
              "uv": [
                0,
                0
              ],
              "inflate": 0.001
            }
          ],
          "parent": "root"
        },
        {
          "name": "hip_l",
          "pivot": [
            4.5,
            14,
            1.5
          ],
          "cubes": [
            {
              "origin": [
                3.5,
                7.0,
                1.0
              ],
              "size": [
                2.0,
                7.0,
                4.0
              ],
              "uv": [
                87,
                75
              ],
              "inflate": 0
            }
          ],
          "parent": "rump_l"
        },
        {
          "name": "knee_l",
          "pivot": [
            4.5,
            7.25,
            3.25
          ],
          "cubes": [
            {
              "origin": [
                3.5,
                0.5,
                1.5
              ],
              "size": [
                2.0,
                7.0,
                3.0
              ],
              "uv": [
                100,
                113
              ],
              "inflate": -0.001
            }
          ],
          "parent": "hip_l"
        },
        {
          "name": "foot_l",
          "pivot": [
            4.5,
            0.25,
            2.5
          ],
          "parent": "knee_l"
        },
        {
          "name": "toe0_l",
          "pivot": [
            3.5,
            1,
            2.5
          ],
          "cubes": [
            {
              "origin": [
                3.0,
                0.0,
                0.5
              ],
              "size": [
                1.0,
                1.0,
                3.0
              ],
              "uv": [
                13,
                16
              ],
              "inflate": 0
            },
            {
              "origin": [
                3.0,
                0.5,
                -1.0
              ],
              "size": [
                1.0,
                1.0,
                2.0
              ],
              "uv": [
                0,
                0
              ],
              "inflate": 0
            }
          ],
          "parent": "foot_l",
          "rotation": [
            -20.92083,
            -8.35384,
            2.93801
          ]
        },
        {
          "name": "toe1_l",
          "pivot": [
            4.5,
            1,
            2.5
          ],
          "cubes": [
            {
              "origin": [
                4.0,
                0.0,
                -1.5
              ],
              "size": [
                1.0,
                1.0,
                1.0
              ],
              "uv": [
                6,
                19
              ],
              "inflate": 0
            },
            {
              "origin": [
                4.0,
                0.0,
                -0.5
              ],
              "size": [
                1.0,
                1.0,
                4.0
              ],
              "uv": [
                10,
                0
              ],
              "inflate": 0
            }
          ],
          "parent": "foot_l"
        },
        {
          "name": "toe2_l",
          "pivot": [
            5.5,
            1,
            2.5
          ],
          "cubes": [
            {
              "origin": [
                5.0,
                0.0,
                -0.5
              ],
              "size": [
                1.0,
                1.0,
                5.0
              ],
              "uv": [
                44,
                0
              ],
              "inflate": 0
            },
            {
              "origin": [
                5.0,
                0.0,
                -1.5
              ],
              "size": [
                1.0,
                1.0,
                1.0
              ],
              "uv": [
                16,
                14
              ],
              "inflate": 0
            }
          ],
          "parent": "foot_l"
        }
      ]
    }
  ]
}