{
  "format_version": "1.12.0",
  "minecraft:geometry": [
    {
      "description": {
        "identifier": "geometry.md_ac",
        "texture_width": 512,
        "texture_height": 512,
        "visible_bounds_width": 16,
        "visible_bounds_height": 13,
        "visible_bounds_offset": [
          0,
          2.5,
          0
        ]
      },
      "bones": [
        {
          "name": "root",
          "pivot": [
            0,
            36,
            24
          ],
          "cubes": [
            {
              "origin": [
                -13.0,
                18.0,
                -12.0
              ],
              "size": [
                26.0,
                28.0,
                40.0
              ],
              "uv": [
                0,
                0
              ],
              "inflate": 0
            },
            {
              "origin": [
                -13.0,
                45.0,
                -23.0
              ],
              "size": [
                26.0,
                5.0,
                12.0
              ],
              "uv": [
                172,
                135
              ],
              "inflate": 0
            },
            {
              "origin": [
                -14.0,
                46.0,
                -12.0
              ],
              "size": [
                28.0,
                5.0,
                40.0
              ],
              "uv": [
                0,
                68
              ],
              "inflate": 0
            },
            {
              "origin": [
                -23.0,
                50.0,
                -12.0
              ],
              "size": [
                16.0,
                0.0,
                39.0
              ],
              "pivot": [
                0.0,
                36.0,
                24.0
              ],
              "rotation": [
                0.0,
                0.0,
                -15.0
              ],
              "uv": [
                85,
                0
              ],
              "inflate": 0
            },
            {
              "origin": [
                9.0,
                49.0,
                -12.0
              ],
              "size": [
                16.0,
                0.0,
                39.0
              ],
              "pivot": [
                0.0,
                36.0,
                24.0
              ],
              "rotation": [
                0.0,
                0.0,
                15.0
              ],
              "uv": [
                53,
                0
              ],
              "inflate": 0
            },
            {
              "origin": [
                -23.0,
                49.0,
                -23.0
              ],
              "size": [
                16.0,
                0.0,
                12.0
              ],
              "pivot": [
                0.0,
                36.0,
                24.0
              ],
              "rotation": [
                0.0,
                0.0,
                -15.0
              ],
              "uv": [
                71,
                164
              ],
              "inflate": 0
            },
            {
              "origin": [
                10.0,
                45.0,
                -23.0
              ],
              "size": [
                16.0,
                0.0,
                12.0
              ],
              "pivot": [
                0.0,
                36.0,
                24.0
              ],
              "rotation": [
                0.0,
                0.0,
                5.0
              ],
              "uv": [
                39,
                164
              ],
              "inflate": 0
            },
            {
              "origin": [
                -10.0,
                18.0,
                21.0
              ],
              "size": [
                19.0,
                26.0,
                17.0
              ],
              "uv": [
                144,
                92
              ],
              "inflate": 0
            },
            {
              "origin": [
                -11.0,
                44.0,
                26.0
              ],
              "size": [
                21.0,
                6.0,
                12.0
              ],
              "uv": [
                216,
                106
              ],
              "inflate": 0
            },
            {
              "origin": [
                9.0,
                45.0,
                27.0
              ],
              "size": [
                17.0,
                0.0,
                12.0
              ],
              "uv": [
                160,
                152
              ],
              "inflate": 0
            },
            {
              "origin": [
                -24.0,
                45.0,
                27.0
              ],
              "size": [
                17.0,
                0.0,
                12.0
              ],
              "uv": [
                84,
                92
              ],
              "inflate": 0
            }
          ],
          "locators": {}
        },
        {
          "name": "spine0",
          "pivot": [
            0,
            36,
            -9
          ],
          "cubes": [
            {
              "origin": [
                -12.0,
                19.0,
                -23.0
              ],
              "size": [
                24.0,
                26.0,
                16.0
              ],
              "uv": [
                0,
                113
              ],
              "inflate": 0
            }
          ],
          "parent": "root"
        },
        {
          "name": "chest",
          "pivot": [
            0,
            36,
            -15
          ],
          "parent": "spine0"
        },
        {
          "name": "neck0",
          "pivot": [
            0,
            36,
            -21.5
          ],
          "cubes": [
            {
              "origin": [
                -10.0,
                26.0,
                -31.0
              ],
              "size": [
                22.0,
                21.0,
                12.0
              ],
              "uv": [
                72,
                181
              ],
              "inflate": 0
            }
          ],
          "parent": "chest"
        },
        {
          "name": "head0",
          "pivot": [
            0,
            33,
            -29
          ],
          "cubes": [
            {
              "origin": [
                -11.0,
                25.0,
                -51.0
              ],
              "size": [
                24.0,
                24.0,
                27.0
              ],
              "uv": [
                105,
                41
              ],
              "inflate": 0
            },
            {
              "origin": [
                -6.0,
                30.0,
                -68.0
              ],
              "size": [
                12.0,
                14.0,
                18.0
              ],
              "uv": [
                199,
                74
              ],
              "inflate": 0
            },
            {
              "origin": [
                -6.0,
                25.0,
                -68.0
              ],
              "size": [
                12.0,
                5.0,
                0.0
              ],
              "uv": [
                144,
                135
              ],
              "inflate": 0
            }
          ],
          "parent": "neck0",
          "rotation": [
            15,
            0,
            0
          ]
        },
        {
          "name": "horn0",
          "pivot": [
            -1,
            37,
            -60
          ],
          "cubes": [
            {
              "origin": [
                -3.0,
                42.0,
                -67.0
              ],
              "size": [
                6.0,
                12.0,
                6.0
              ],
              "uv": [
                241,
                74
              ],
              "inflate": 0
            }
          ],
          "parent": "head0"
        },
        {
          "name": "horn1",
          "pivot": [
            0,
            42,
            -46
          ],
          "cubes": [
            {
              "origin": [
                -2.0,
                44.0,
                -42.5
              ],
              "size": [
                6.0,
                27.0,
                6.0
              ],
              "pivot": [
                0.0,
                0.0,
                -1.0
              ],
              "rotation": [
                0.0,
                0.0,
                10.0
              ],
              "uv": [
                116,
                252
              ],
              "inflate": 0
            },
            {
              "origin": [
                -2.0,
                43.0,
                -42.5
              ],
              "size": [
                6.0,
                28.0,
                6.0
              ],
              "pivot": [
                0.0,
                0.0,
                -1.0
              ],
              "rotation": [
                0.0,
                0.0,
                -10.0
              ],
              "uv": [
                92,
                247
              ],
              "inflate": 0
            }
          ],
          "parent": "head0"
        },
        {
          "name": "frill0",
          "pivot": [
            -1,
            44,
            -40
          ],
          "cubes": [
            {
              "origin": [
                -16.0,
                35.0,
                -31.0
              ],
              "size": [
                32.0,
                51.0,
                0.0
              ],
              "uv": [
                80,
                113
              ],
              "inflate": 0
            }
          ],
          "parent": "head0",
          "rotation": [
            -20,
            0,
            0
          ]
        },
        {
          "name": "frill1",
          "pivot": [
            -16,
            50,
            -39
          ],
          "cubes": [
            {
              "origin": [
                -33.0,
                36.0,
                -31.0
              ],
              "size": [
                17.0,
                50.0,
                0.0
              ],
              "uv": [
                58,
                214
              ],
              "inflate": 0
            }
          ],
          "parent": "frill0"
        },
        {
          "name": "frill2",
          "pivot": [
            16,
            50,
            -39
          ],
          "cubes": [
            {
              "origin": [
                16.0,
                36.0,
                -31.0
              ],
              "size": [
                18.0,
                50.0,
                0.0
              ],
              "uv": [
                184,
                205
              ],
              "inflate": 0
            }
          ],
          "parent": "frill0"
        },
        {
          "name": "jaw",
          "pivot": [
            -1,
            30,
            -52
          ],
          "cubes": [
            {
              "origin": [
                -5.0,
                25.0,
                -67.0
              ],
              "size": [
                10.0,
                5.0,
                16.0
              ],
              "uv": [
                218,
                152
              ],
              "inflate": 0
            }
          ],
          "parent": "head0"
        },
        {
          "name": "eyelids",
          "pivot": [
            0,
            44,
            -47
          ],
          "cubes": [
            {
              "origin": [
                13.25,
                38.0,
                -51.0
              ],
              "size": [
                0.0,
                6.0,
                8.0
              ],
              "uv": [
                0,
                6
              ],
              "inflate": 0
            },
            {
              "origin": [
                -11.25,
                38.0,
                -50.0
              ],
              "size": [
                0.0,
                6.0,
                8.0
              ],
              "uv": [
                0,
                0
              ],
              "inflate": 0
            }
          ],
          "parent": "head0"
        },
        {
          "name": "shoulder_r",
          "pivot": [
            -13,
            31,
            -15
          ],
          "cubes": [
            {
              "origin": [
                -20.0,
                17.0,
                -21.0
              ],
              "size": [
                13.0,
                18.0,
                13.0
              ],
              "uv": [
                220,
                205
              ],
              "inflate": 0
            }
          ],
          "parent": "chest"
        },
        {
          "name": "elbow_r",
          "pivot": [
            -13,
            17,
            -12
          ],
          "cubes": [
            {
              "origin": [
                -18.0,
                3.0,
                -19.0
              ],
              "size": [
                9.0,
                17.0,
                9.0
              ],
              "uv": [
                220,
                236
              ],
              "inflate": 0
            }
          ],
          "parent": "shoulder_r"
        },
        {
          "name": "wrist_r",
          "pivot": [
            -13,
            4,
            -13
          ],
          "cubes": [
            {
              "origin": [
                -19.0,
                0.0,
                -22.0
              ],
              "size": [
                11.0,
                5.0,
                13.0
              ],
              "uv": [
                129,
                234
              ],
              "inflate": 0
            }
          ],
          "parent": "elbow_r"
        },
        {
          "name": "shoulder_l",
          "pivot": [
            14,
            31,
            -15
          ],
          "cubes": [
            {
              "origin": [
                8.0,
                17.0,
                -21.0
              ],
              "size": [
                13.0,
                18.0,
                13.0
              ],
              "uv": [
                218,
                25
              ],
              "inflate": 0
            }
          ],
          "parent": "chest"
        },
        {
          "name": "elbow_l",
          "pivot": [
            14,
            17,
            -12
          ],
          "cubes": [
            {
              "origin": [
                10.0,
                3.0,
                -19.0
              ],
              "size": [
                9.0,
                17.0,
                9.0
              ],
              "uv": [
                0,
                68
              ],
              "inflate": 0
            }
          ],
          "parent": "shoulder_l"
        },
        {
          "name": "wrist_l",
          "pivot": [
            14,
            4,
            -13
          ],
          "cubes": [
            {
              "origin": [
                9.0,
                0.0,
                -22.0
              ],
              "size": [
                11.0,
                5.0,
                13.0
              ],
              "uv": [
                223,
                56
              ],
              "inflate": 0
            }
          ],
          "parent": "elbow_l"
        },
        {
          "name": "tail0",
          "pivot": [
            0,
            35,
            36
          ],
          "cubes": [
            {
              "origin": [
                -9.0,
                24.0,
                35.0
              ],
              "size": [
                17.0,
                22.0,
                16.0
              ],
              "uv": [
                156,
                0
              ],
              "inflate": 0
            },
            {
              "origin": [
                -19.0,
                44.0,
                38.0
              ],
              "size": [
                10.0,
                0.0,
                13.0
              ],
              "uv": [
                117,
                92
              ],
              "inflate": 0
            },
            {
              "origin": [
                7.0,
                44.0,
                38.0
              ],
              "size": [
                10.0,
                0.0,
                13.0
              ],
              "uv": [
                0,
                94
              ],
              "inflate": 0
            }
          ],
          "parent": "root"
        },
        {
          "name": "tail1",
          "pivot": [
            0,
            35,
            48
          ],
          "cubes": [
            {
              "origin": [
                -8.0,
                26.0,
                47.0
              ],
              "size": [
                15.0,
                18.0,
                21.0
              ],
              "uv": [
                0,
                155
              ],
              "inflate": 0
            },
            {
              "origin": [
                -1.0,
                35.0,
                47.0
              ],
              "size": [
                2.0,
                2.0,
                2.0
              ],
              "uv": [
                0,
                0
              ],
              "inflate": 0
            },
            {
              "origin": [
                -17.0,
                41.0,
                50.0
              ],
              "size": [
                9.0,
                0.0,
                18.0
              ],
              "uv": [
                0,
                18
              ],
              "inflate": 0
            },
            {
              "origin": [
                5.0,
                41.0,
                50.0
              ],
              "size": [
                9.0,
                0.0,
                18.0
              ],
              "uv": [
                0,
                0
              ],
              "inflate": 0
            }
          ],
          "parent": "tail0"
        },
        {
          "name": "tail2",
          "pivot": [
            0,
            35,
            67
          ],
          "cubes": [
            {
              "origin": [
                -7.0,
                28.0,
                65.0
              ],
              "size": [
                13.0,
                14.0,
                18.0
              ],
              "uv": [
                122,
                196
              ],
              "inflate": 0
            }
          ],
          "parent": "tail1"
        },
        {
          "name": "tail3",
          "pivot": [
            0,
            35,
            76
          ],
          "cubes": [
            {
              "origin": [
                -5.0,
                30.0,
                81.0
              ],
              "size": [
                10.0,
                10.0,
                18.0
              ],
              "uv": [
                180,
                38
              ],
              "inflate": 0
            }
          ],
          "parent": "tail2"
        },
        {
          "name": "tail4",
          "pivot": [
            0,
            35,
            84
          ],
          "cubes": [
            {
              "origin": [
                -7.0,
                28.0,
                96.0
              ],
              "size": [
                14.0,
                17.0,
                22.0
              ],
              "uv": [
                122,
                142
              ],
              "inflate": 0
            }
          ],
          "parent": "tail3"
        },
        {
          "name": "rump_r",
          "pivot": [
            -12,
            39,
            24
          ],
          "cubes": [
            {
              "origin": [
                -19.0,
                20.0,
                16.0
              ],
              "size": [
                12.0,
                24.0,
                17.0
              ],
              "uv": [
                0,
                194
              ],
              "inflate": 0
            }
          ],
          "parent": "root"
        },
        {
          "name": "hip_r",
          "pivot": [
            -12,
            20,
            21
          ],
          "cubes": [
            {
              "origin": [
                -18.0,
                12.0,
                19.0
              ],
              "size": [
                10.0,
                12.0,
                11.0
              ],
              "uv": [
                235,
                173
              ],
              "inflate": 0
            }
          ],
          "parent": "rump_r"
        },
        {
          "name": "knee_r",
          "pivot": [
            -12,
            14,
            25
          ],
          "cubes": [
            {
              "origin": [
                -17.0,
                3.0,
                20.0
              ],
              "size": [
                8.0,
                13.0,
                9.0
              ],
              "uv": [
                140,
                252
              ],
              "inflate": 0
            }
          ],
          "parent": "hip_r"
        },
        {
          "name": "ankle_r",
          "pivot": [
            -13,
            4,
            24
          ],
          "cubes": [
            {
              "origin": [
                -18.5,
                0.0,
                16.0
              ],
              "size": [
                11.0,
                5.0,
                14.0
              ],
              "uv": [
                92,
                228
              ],
              "inflate": 0
            }
          ],
          "parent": "knee_r"
        },
        {
          "name": "rump_l",
          "pivot": [
            10,
            39,
            24
          ],
          "cubes": [
            {
              "origin": [
                5.0,
                20.0,
                16.0
              ],
              "size": [
                12.0,
                24.0,
                17.0
              ],
              "uv": [
                177,
                164
              ],
              "inflate": 0
            }
          ],
          "parent": "root"
        },
        {
          "name": "hip_l",
          "pivot": [
            10,
            20,
            21
          ],
          "cubes": [
            {
              "origin": [
                6.0,
                12.0,
                19.0
              ],
              "size": [
                10.0,
                12.0,
                11.0
              ],
              "uv": [
                0,
                235
              ],
              "inflate": 0
            }
          ],
          "parent": "rump_l"
        },
        {
          "name": "knee_l",
          "pivot": [
            10,
            14,
            25
          ],
          "cubes": [
            {
              "origin": [
                7.0,
                3.0,
                20.0
              ],
              "size": [
                8.0,
                13.0,
                9.0
              ],
              "uv": [
                236,
                124
              ],
              "inflate": 0
            }
          ],
          "parent": "hip_l"
        },
        {
          "name": "ankle_l",
          "pivot": [
            10,
            4,
            24
          ],
          "cubes": [
            {
              "origin": [
                5.5,
                0.0,
                16.0
              ],
              "size": [
                11.0,
                5.0,
                14.0
              ],
              "uv": [
                222,
                0
              ],
              "inflate": 0
            }
          ],
          "parent": "knee_l"
        }
      ]
    }
  ]
}