{
  "format_version": "1.12.0",
  "minecraft:geometry": [
    {
      "description": {
        "identifier": "geometry.md_alberto",
        "texture_width": 256,
        "texture_height": 256,
        "visible_bounds_width": 18,
        "visible_bounds_height": 11,
        "visible_bounds_offset": [
          0,
          2.5,
          0
        ]
      },
      "bones": [
        {
          "name": "root",
          "pivot": [
            0,
            64,
            8
          ],
          "cubes": [
            {
              "origin": [
                -10.0,
                49.0,
                -9.0
              ],
              "size": [
                20.0,
                30.0,
                33.0
              ],
              "uv": [
                0,
                0
              ],
              "inflate": 0
            }
          ],
          "locators": {},
          "rotation": [
            12.5,
            0,
            0
          ]
        },
        {
          "name": "spine0",
          "pivot": [
            0,
            64,
            -8
          ],
          "cubes": [
            {
              "origin": [
                -12.0,
                49.0,
                -22.0
              ],
              "size": [
                24.0,
                30.0,
                17.0
              ],
              "uv": [
                130,
                0
              ],
              "inflate": 0
            }
          ],
          "parent": "root"
        },
        {
          "name": "chest",
          "pivot": [
            0,
            64,
            -21
          ],
          "cubes": [
            {
              "origin": [
                -10.0,
                49.0,
                -34.0
              ],
              "size": [
                20.0,
                30.0,
                18.0
              ],
              "uv": [
                0,
                123
              ],
              "inflate": 0
            }
          ],
          "parent": "spine0"
        },
        {
          "name": "neck0",
          "pivot": [
            0,
            75,
            -34
          ],
          "cubes": [
            {
              "origin": [
                -6.0,
                61.0,
                -44.0
              ],
              "size": [
                12.0,
                20.0,
                21.0
              ],
              "uv": [
                147,
                56
              ],
              "inflate": 0
            }
          ],
          "parent": "chest",
          "rotation": [
            -25,
            0,
            0
          ]
        },
        {
          "name": "neck1",
          "pivot": [
            0,
            76,
            -44
          ],
          "cubes": [
            {
              "origin": [
                -5.0,
                62.0,
                -54.0
              ],
              "size": [
                10.0,
                20.0,
                12.0
              ],
              "uv": [
                197,
                149
              ],
              "inflate": 0
            }
          ],
          "parent": "neck0"
        },
        {
          "name": "head",
          "pivot": [
            0,
            75,
            -54
          ],
          "cubes": [
            {
              "origin": [
                -7.0,
                72.0,
                -68.0
              ],
              "size": [
                14.0,
                13.0,
                18.0
              ],
              "uv": [
                0,
                171
              ],
              "inflate": 0
            },
            {
              "origin": [
                54.0,
                39.0,
                -87.0
              ],
              "size": [
                4.0,
                2.0,
                18.0
              ],
              "pivot": [
                0.0,
                6.0,
                0.0
              ],
              "rotation": [
                0.0,
                -12.5,
                -60.0
              ],
              "uv": [
                116,
                99
              ],
              "inflate": 0
            },
            {
              "origin": [
                -66.0,
                36.0,
                -83.0
              ],
              "size": [
                4.0,
                2.0,
                19.0
              ],
              "pivot": [
                0.0,
                6.0,
                0.0
              ],
              "rotation": [
                0.0,
                7.5,
                62.5
              ],
              "uv": [
                116,
                78
              ],
              "inflate": 0
            },
            {
              "origin": [
                -8.0,
                72.0,
                -69.0
              ],
              "size": [
                16.0,
                4.0,
                10.0
              ],
              "uv": [
                152,
                97
              ],
              "inflate": 0
            },
            {
              "origin": [
                -6.0,
                65.0,
                -68.0
              ],
              "size": [
                12.0,
                9.0,
                9.0
              ],
              "uv": [
                0,
                202
              ],
              "inflate": 0
            },
            {
              "origin": [
                -5.0,
                71.0,
                -89.0
              ],
              "size": [
                10.0,
                13.0,
                21.0
              ],
              "uv": [
                119,
                161
              ],
              "inflate": 0
            },
            {
              "origin": [
                -4.5,
                67.0,
                -89.0
              ],
              "size": [
                9.0,
                4.0,
                20.0
              ],
              "uv": [
                184,
                97
              ],
              "inflate": -0.001
            },
            {
              "origin": [
                -7.0,
                64.0,
                -59.0
              ],
              "size": [
                14.0,
                9.0,
                9.0
              ],
              "uv": [
                192,
                47
              ],
              "inflate": 0
            }
          ],
          "parent": "neck1"
        },
        {
          "name": "eyelids",
          "pivot": [
            0,
            80.5,
            -66.01
          ],
          "cubes": [
            {
              "origin": [
                5.01,
                78.0,
                -68.01
              ],
              "size": [
                2.0,
                5.0,
                4.0
              ],
              "uv": [
                85,
                22
              ],
              "inflate": 0
            },
            {
              "origin": [
                -7.01,
                78.0,
                -68.01
              ],
              "size": [
                2.0,
                5.0,
                4.0
              ],
              "uv": [
                73,
                22
              ],
              "inflate": 0
            }
          ],
          "parent": "head"
        },
        {
          "name": "jaw",
          "pivot": [
            0,
            74,
            -59
          ],
          "cubes": [
            {
              "origin": [
                -7.0,
                64.0,
                -68.0
              ],
              "size": [
                14.0,
                8.0,
                9.0
              ],
              "uv": [
                195,
                0
              ],
              "inflate": 0
            },
            {
              "origin": [
                -4.0,
                64.0,
                -89.0
              ],
              "size": [
                8.0,
                7.0,
                22.0
              ],
              "uv": [
                159,
                173
              ],
              "inflate": 0
            },
            {
              "origin": [
                -3.5,
                71.0,
                -88.5
              ],
              "size": [
                7.0,
                3.0,
                19.0
              ],
              "uv": [
                73,
                0
              ],
              "inflate": 0
            }
          ],
          "parent": "head"
        },
        {
          "name": "shoulder_l",
          "pivot": [
            10,
            54,
            -30
          ],
          "cubes": [
            {
              "origin": [
                8.0,
                46.5,
                -32.5
              ],
              "size": [
                4.0,
                12.0,
                5.0
              ],
              "uv": [
                116,
                77
              ],
              "inflate": 0
            }
          ],
          "parent": "chest"
        },
        {
          "name": "elbow_l",
          "pivot": [
            10,
            47,
            -29
          ],
          "cubes": [
            {
              "origin": [
                8.5,
                39.0,
                -32.0
              ],
              "size": [
                3.0,
                8.0,
                4.0
              ],
              "uv": [
                0,
                123
              ],
              "inflate": 0
            }
          ],
          "parent": "shoulder_l"
        },
        {
          "name": "wrist_l",
          "pivot": [
            10,
            39,
            -30
          ],
          "cubes": [
            {
              "origin": [
                8.5,
                34.0,
                -31.0
              ],
              "size": [
                3.0,
                5.0,
                2.0
              ],
              "uv": [
                20,
                63
              ],
              "inflate": 0
            }
          ],
          "parent": "elbow_l",
          "rotation": [
            0,
            -97.5,
            0
          ]
        },
        {
          "name": "finger_l",
          "pivot": [
            10,
            34.5,
            -30.5
          ],
          "cubes": [
            {
              "origin": [
                11.0,
                31.0,
                -31.0
              ],
              "size": [
                0.0,
                3.0,
                2.0
              ],
              "uv": [
                0,
                64
              ],
              "inflate": 0
            },
            {
              "origin": [
                9.0,
                30.0,
                -31.0
              ],
              "size": [
                0.0,
                4.0,
                2.0
              ],
              "uv": [
                28,
                21
              ],
              "inflate": 0
            }
          ],
          "parent": "wrist_l"
        },
        {
          "name": "shoulder_r",
          "pivot": [
            -10,
            53,
            -30
          ],
          "cubes": [
            {
              "origin": [
                -12.0,
                45.5,
                -32.5
              ],
              "size": [
                4.0,
                12.0,
                5.0
              ],
              "uv": [
                73,
                0
              ],
              "inflate": 0
            }
          ],
          "parent": "chest"
        },
        {
          "name": "elbow_r",
          "pivot": [
            -10,
            46,
            -29
          ],
          "cubes": [
            {
              "origin": [
                -11.5,
                38.0,
                -32.0
              ],
              "size": [
                3.0,
                8.0,
                4.0
              ],
              "uv": [
                116,
                99
              ],
              "inflate": 0
            }
          ],
          "parent": "shoulder_r"
        },
        {
          "name": "wrist_r",
          "pivot": [
            -10,
            38,
            -30
          ],
          "cubes": [
            {
              "origin": [
                -11.5,
                33.0,
                -31.0
              ],
              "size": [
                3.0,
                5.0,
                2.0
              ],
              "uv": [
                20,
                0
              ],
              "inflate": 0
            }
          ],
          "parent": "elbow_r",
          "rotation": [
            0,
            92.5,
            0
          ]
        },
        {
          "name": "finger_r",
          "pivot": [
            -10,
            33.5,
            -30.5
          ],
          "cubes": [
            {
              "origin": [
                -11.0,
                30.0,
                -31.0
              ],
              "size": [
                0.0,
                3.0,
                2.0
              ],
              "uv": [
                30,
                61
              ],
              "inflate": 0
            },
            {
              "origin": [
                -9.0,
                29.0,
                -31.0
              ],
              "size": [
                0.0,
                4.0,
                2.0
              ],
              "uv": [
                28,
                17
              ],
              "inflate": 0
            }
          ],
          "parent": "wrist_r"
        },
        {
          "name": "tail0",
          "pivot": [
            0,
            65,
            22
          ],
          "cubes": [
            {
              "origin": [
                -8.0,
                53.0,
                22.0
              ],
              "size": [
                16.0,
                24.0,
                36.0
              ],
              "uv": [
                0,
                63
              ],
              "inflate": 0
            }
          ],
          "parent": "root",
          "rotation": [
            12.5,
            0,
            0
          ]
        },
        {
          "name": "tail1",
          "pivot": [
            0,
            66,
            56
          ],
          "cubes": [
            {
              "origin": [
                -6.0,
                59.0,
                56.0
              ],
              "size": [
                12.0,
                14.0,
                38.0
              ],
              "uv": [
                68,
                25
              ],
              "inflate": 0
            }
          ],
          "parent": "tail0"
        },
        {
          "name": "tail2",
          "pivot": [
            0,
            67,
            92
          ],
          "cubes": [
            {
              "origin": [
                -3.0,
                63.0,
                92.0
              ],
              "size": [
                6.0,
                8.0,
                40.0
              ],
              "uv": [
                64,
                83
              ],
              "inflate": 0
            }
          ],
          "parent": "tail1"
        },
        {
          "name": "rump_l",
          "pivot": [
            10,
            63,
            7
          ],
          "cubes": [
            {
              "origin": [
                4.0,
                44.0,
                -4.0
              ],
              "size": [
                12.0,
                30.0,
                20.0
              ],
              "uv": [
                140,
                111
              ],
              "inflate": 0
            }
          ],
          "parent": "root",
          "rotation": [
            -15,
            0,
            0
          ]
        },
        {
          "name": "hip_l",
          "pivot": [
            10,
            46,
            3
          ],
          "cubes": [
            {
              "origin": [
                6.0,
                18.0,
                -3.0
              ],
              "size": [
                8.0,
                30.0,
                12.0
              ],
              "uv": [
                104,
                195
              ],
              "inflate": 0
            }
          ],
          "parent": "rump_l"
        },
        {
          "name": "knee_l",
          "pivot": [
            10,
            20,
            4
          ],
          "cubes": [
            {
              "origin": [
                7.0,
                0.0,
                0.0
              ],
              "size": [
                6.0,
                20.0,
                8.0
              ],
              "uv": [
                0,
                63
              ],
              "inflate": 0
            }
          ],
          "parent": "hip_l"
        },
        {
          "name": "ankle_l",
          "pivot": [
            10,
            2,
            3
          ],
          "parent": "knee_l"
        },
        {
          "name": "toe0_l",
          "pivot": [
            7,
            2,
            1
          ],
          "cubes": [
            {
              "origin": [
                5.0,
                0.0,
                -7.0
              ],
              "size": [
                4.0,
                4.0,
                8.0
              ],
              "uv": [
                92,
                181
              ],
              "inflate": 0
            },
            {
              "origin": [
                7.0,
                0.0,
                -11.0
              ],
              "size": [
                0.0,
                3.0,
                4.0
              ],
              "uv": [
                0,
                59
              ],
              "inflate": 0
            }
          ],
          "parent": "ankle_l"
        },
        {
          "name": "toe1_l",
          "pivot": [
            10,
            2,
            1
          ],
          "cubes": [
            {
              "origin": [
                8.0,
                0.0,
                -9.0
              ],
              "size": [
                4.0,
                4.0,
                10.0
              ],
              "uv": [
                46,
                171
              ],
              "inflate": 0
            },
            {
              "origin": [
                10.0,
                0.0,
                -13.0
              ],
              "size": [
                0.0,
                3.0,
                4.0
              ],
              "uv": [
                24,
                24
              ],
              "inflate": 0
            }
          ],
          "parent": "ankle_l"
        },
        {
          "name": "toe2_l",
          "pivot": [
            13,
            2,
            1
          ],
          "cubes": [
            {
              "origin": [
                11.0,
                0.0,
                -9.0
              ],
              "size": [
                4.0,
                4.0,
                10.0
              ],
              "uv": [
                130,
                47
              ],
              "inflate": 0
            },
            {
              "origin": [
                13.0,
                0.0,
                -13.0
              ],
              "size": [
                0.0,
                3.0,
                4.0
              ],
              "uv": [
                16,
                24
              ],
              "inflate": 0
            }
          ],
          "parent": "ankle_l"
        },
        {
          "name": "toe3_l",
          "pivot": [
            8,
            11,
            3
          ],
          "cubes": [
            {
              "origin": [
                7.0,
                5.0,
                3.0
              ],
              "size": [
                2.0,
                6.0,
                0.0
              ],
              "uv": [
                28,
                13
              ],
              "inflate": 0
            }
          ],
          "parent": "knee_l"
        },
        {
          "name": "rump_r",
          "pivot": [
            -10,
            63,
            7
          ],
          "cubes": [
            {
              "origin": [
                -16.0,
                44.0,
                -4.0
              ],
              "size": [
                12.0,
                30.0,
                20.0
              ],
              "uv": [
                76,
                131
              ],
              "inflate": 0
            }
          ],
          "parent": "root",
          "rotation": [
            -12.5,
            0,
            0
          ]
        },
        {
          "name": "hip_r",
          "pivot": [
            -10,
            46,
            3
          ],
          "cubes": [
            {
              "origin": [
                -14.0,
                18.0,
                -3.0
              ],
              "size": [
                8.0,
                30.0,
                12.0
              ],
              "uv": [
                64,
                181
              ],
              "inflate": 0
            }
          ],
          "parent": "rump_r"
        },
        {
          "name": "knee_r",
          "pivot": [
            -10,
            20,
            4
          ],
          "cubes": [
            {
              "origin": [
                -13.0,
                0.0,
                0.0
              ],
              "size": [
                6.0,
                20.0,
                8.0
              ],
              "uv": [
                0,
                0
              ],
              "inflate": 0
            }
          ],
          "parent": "hip_r"
        },
        {
          "name": "ankle_r",
          "pivot": [
            -10,
            2,
            3
          ],
          "parent": "knee_r"
        },
        {
          "name": "toe0_r",
          "pivot": [
            -7,
            2,
            1
          ],
          "cubes": [
            {
              "origin": [
                -9.0,
                0.0,
                -7.0
              ],
              "size": [
                4.0,
                4.0,
                8.0
              ],
              "uv": [
                160,
                161
              ],
              "inflate": 0
            },
            {
              "origin": [
                -7.0,
                0.0,
                -11.0
              ],
              "size": [
                0.0,
                3.0,
                4.0
              ],
              "uv": [
                8,
                24
              ],
              "inflate": 0
            }
          ],
          "parent": "ankle_r"
        },
        {
          "name": "toe1_r",
          "pivot": [
            -10,
            2,
            1
          ],
          "cubes": [
            {
              "origin": [
                -12.0,
                0.0,
                -9.0
              ],
              "size": [
                4.0,
                4.0,
                10.0
              ],
              "uv": [
                106,
                0
              ],
              "inflate": 0
            },
            {
              "origin": [
                -10.0,
                0.0,
                -13.0
              ],
              "size": [
                0.0,
                3.0,
                4.0
              ],
              "uv": [
                0,
                24
              ],
              "inflate": 0
            }
          ],
          "parent": "ankle_r"
        },
        {
          "name": "toe2_r",
          "pivot": [
            -13,
            2,
            1
          ],
          "cubes": [
            {
              "origin": [
                -15.0,
                0.0,
                -9.0
              ],
              "size": [
                4.0,
                4.0,
                10.0
              ],
              "uv": [
                68,
                77
              ],
              "inflate": 0
            },
            {
              "origin": [
                -13.0,
                0.0,
                -13.0
              ],
              "size": [
                0.0,
                3.0,
                4.0
              ],
              "uv": [
                0,
                0
              ],
              "inflate": 0
            }
          ],
          "parent": "ankle_r"
        },
        {
          "name": "toe3_r",
          "pivot": [
            -8,
            11,
            3
          ],
          "cubes": [
            {
              "origin": [
                -9.0,
                5.0,
                3.0
              ],
              "size": [
                2.0,
                6.0,
                0.0
              ],
              "uv": [
                28,
                7
              ],
              "inflate": 0
            }
          ],
          "parent": "knee_r"
        }
      ]
    }
  ]
}