{
  "format_version": "1.12.0",
  "minecraft:geometry": [
    {
      "description": {
        "identifier": "geometry.md_brown_mono",
        "texture_width": 128,
        "texture_height": 128,
        "visible_bounds_width": 8,
        "visible_bounds_height": 4,
        "visible_bounds_offset": [
          0,
          1,
          0
        ]
      },
      "bones": [
        {
          "name": "root",
          "pivot": [
            0,
            19,
            5.5
          ],
          "cubes": [
            {
              "origin": [
                -3.5,
                14.5,
                -1.5
              ],
              "size": [
                7.0,
                10.0,
                11.0
              ],
              "uv": [
                0,
                23
              ],
              "inflate": 0
            }
          ]
        },
        {
          "name": "spine0",
          "pivot": [
            0,
            19,
            1.5
          ],
          "cubes": [
            {
              "origin": [
                -3.0,
                15.5,
                -11.5
              ],
              "size": [
                6.0,
                9.0,
                11.0
              ],
              "uv": [
                25,
                33
              ],
              "inflate": 0
            }
          ],
          "parent": "root"
        },
        {
          "name": "chest",
          "pivot": [
            0,
            19,
            -8.5
          ],
          "parent": "spine0"
        },
        {
          "name": "neck0",
          "pivot": [
            0,
            20.5,
            -11
          ],
          "cubes": [
            {
              "origin": [
                -1.0,
                17.0,
                -15.0
              ],
              "size": [
                2.0,
                6.0,
                5.0
              ],
              "uv": [
                0,
                61
              ],
              "inflate": -0.009
            }
          ],
          "parent": "chest",
          "rotation": [
            15,
            0,
            0
          ]
        },
        {
          "name": "neck1",
          "pivot": [
            0,
            20.5,
            -14
          ],
          "cubes": [
            {
              "origin": [
                -1.0,
                17.0,
                -20.0
              ],
              "size": [
                2.0,
                6.0,
                7.0
              ],
              "uv": [
                45,
                54
              ],
              "inflate": -0.01
            }
          ],
          "parent": "neck0",
          "rotation": [
            -7.5,
            0,
            0
          ]
        },
        {
          "name": "head",
          "pivot": [
            -1,
            20.5,
            -18
          ],
          "cubes": [
            {
              "origin": [
                -1.5,
                18.5,
                -19.5
              ],
              "size": [
                3.0,
                6.0,
                4.0
              ],
              "pivot": [
                0.0,
                -1.0,
                -1.0
              ],
              "rotation": [
                2.5,
                0.0,
                0.0
              ],
              "uv": [
                62,
                0
              ],
              "inflate": 0
            },
            {
              "origin": [
                -1.5,
                19.5,
                -30.5
              ],
              "size": [
                3.0,
                4.0,
                10.0
              ],
              "uv": [
                46,
                0
              ],
              "inflate": 0
            },
            {
              "origin": [
                -1.5,
                18.5,
                -30.5
              ],
              "size": [
                3.0,
                1.0,
                9.0
              ],
              "uv": [
                21,
                53
              ],
              "inflate": -0.015
            },
            {
              "origin": [
                -1.0,
                23.5,
                -30.5
              ],
              "size": [
                2.0,
                2.5,
                7.0
              ],
              "uv": [
                46,
                14
              ],
              "inflate": 0
            },
            {
              "origin": [
                0.0,
                18.5,
                -21.0
              ],
              "size": [
                0.0,
                7.0,
                5.0
              ],
              "pivot": [
                -1.0,
                20.5,
                -18.0
              ],
              "rotation": [
                -10.0,
                0.0,
                0.0
              ],
              "uv": [
                0,
                18
              ],
              "inflate": 0
            }
          ],
          "parent": "neck1",
          "rotation": [
            -15,
            0,
            0
          ]
        },
        {
          "name": "jaw",
          "pivot": [
            -1,
            19.5,
            -20.5
          ],
          "cubes": [
            {
              "origin": [
                -1.5,
                17.5,
                -30.5
              ],
              "size": [
                3.0,
                2.0,
                10.0
              ],
              "uv": [
                48,
                27
              ],
              "inflate": -0.01
            },
            {
              "origin": [
                -1.5,
                19.5,
                -30.5
              ],
              "size": [
                3.0,
                1.0,
                9.0
              ],
              "uv": [
                50,
                44
              ],
              "inflate": -0.02
            }
          ],
          "parent": "head"
        },
        {
          "name": "eyelids",
          "pivot": [
            0,
            22,
            -22
          ],
          "parent": "head"
        },
        {
          "name": "shoulder_r",
          "pivot": [
            -3,
            18,
            -10.5
          ],
          "cubes": [
            {
              "origin": [
                -4.0,
                13.0,
                -11.5
              ],
              "size": [
                1.0,
                6.0,
                3.0
              ],
              "uv": [
                63,
                63
              ],
              "inflate": 0
            }
          ],
          "parent": "chest",
          "rotation": [
            27.5,
            0,
            0
          ]
        },
        {
          "name": "elbow_r",
          "pivot": [
            -3.5,
            14.5,
            -10
          ],
          "cubes": [
            {
              "origin": [
                -4.0,
                13.0,
                -15.0
              ],
              "size": [
                1.0,
                2.0,
                5.0
              ],
              "uv": [
                36,
                53
              ],
              "inflate": -0.01
            }
          ],
          "parent": "shoulder_r",
          "rotation": [
            12.5,
            10,
            0
          ]
        },
        {
          "name": "wrist_r",
          "pivot": [
            -3.5,
            14.5,
            -15
          ],
          "cubes": [
            {
              "origin": [
                -5.0,
                12.0,
                -15.5
              ],
              "size": [
                3.0,
                3.0,
                1.0
              ],
              "uv": [
                0,
                30
              ],
              "inflate": 0.001
            }
          ],
          "parent": "elbow_r",
          "rotation": [
            0,
            65,
            0
          ]
        },
        {
          "name": "finger0_r",
          "pivot": [
            -2.5,
            12,
            -15
          ],
          "cubes": [
            {
              "origin": [
                -3.0,
                10.0,
                -15.5
              ],
              "size": [
                1.0,
                2.0,
                1.0
              ],
              "uv": [
                12,
                15
              ],
              "inflate": 0
            },
            {
              "origin": [
                -2.0,
                9.0,
                -15.5
              ],
              "size": [
                0.0,
                1.0,
                1.0
              ],
              "uv": [
                13,
                3
              ],
              "inflate": 0
            }
          ],
          "parent": "wrist_r",
          "rotation": [
            22.5,
            0,
            0
          ]
        },
        {
          "name": "finger1_r",
          "pivot": [
            -3.5,
            12,
            -15
          ],
          "cubes": [
            {
              "origin": [
                -4.0,
                10.0,
                -15.5
              ],
              "size": [
                1.0,
                2.0,
                1.0
              ],
              "uv": [
                8,
                15
              ],
              "inflate": 0
            },
            {
              "origin": [
                -3.5,
                9.0,
                -15.5
              ],
              "size": [
                0.0,
                1.0,
                1.0
              ],
              "uv": [
                4,
                4
              ],
              "inflate": 0
            }
          ],
          "parent": "wrist_r",
          "rotation": [
            20,
            0,
            0
          ]
        },
        {
          "name": "finger2_r",
          "pivot": [
            -4.5,
            12,
            -15
          ],
          "cubes": [
            {
              "origin": [
                -5.0,
                10.0,
                -15.5
              ],
              "size": [
                1.0,
                2.0,
                1.0
              ],
              "uv": [
                4,
                15
              ],
              "inflate": 0
            },
            {
              "origin": [
                -5.0,
                9.0,
                -15.5
              ],
              "size": [
                0.0,
                1.0,
                1.0
              ],
              "uv": [
                4,
                3
              ],
              "inflate": 0
            }
          ],
          "parent": "wrist_r",
          "rotation": [
            22.5,
            0,
            0
          ]
        },
        {
          "name": "shoulder_l",
          "pivot": [
            3,
            18,
            -10.5
          ],
          "cubes": [
            {
              "origin": [
                3.0,
                13.0,
                -11.5
              ],
              "size": [
                1.0,
                6.0,
                3.0
              ],
              "uv": [
                63,
                54
              ],
              "inflate": 0
            }
          ],
          "parent": "chest",
          "rotation": [
            27.5,
            0,
            0
          ]
        },
        {
          "name": "elbow_l",
          "pivot": [
            3.5,
            14.5,
            -10
          ],
          "cubes": [
            {
              "origin": [
                3.0,
                13.0,
                -15.0
              ],
              "size": [
                1.0,
                2.0,
                5.0
              ],
              "uv": [
                40,
                0
              ],
              "inflate": -0.01
            }
          ],
          "parent": "shoulder_l",
          "rotation": [
            7.67995,
            -12.39135,
            -1.6575
          ]
        },
        {
          "name": "wrist_l",
          "pivot": [
            3.5,
            14.5,
            -15
          ],
          "cubes": [
            {
              "origin": [
                2.0,
                12.0,
                -15.5
              ],
              "size": [
                3.0,
                3.0,
                1.0
              ],
              "uv": [
                10,
                0
              ],
              "inflate": 0.001
            }
          ],
          "parent": "elbow_l",
          "rotation": [
            0,
            -65,
            0
          ]
        },
        {
          "name": "finger0_l",
          "pivot": [
            2.5,
            12,
            -15
          ],
          "cubes": [
            {
              "origin": [
                2.0,
                10.0,
                -15.5
              ],
              "size": [
                1.0,
                2.0,
                1.0
              ],
              "uv": [
                0,
                15
              ],
              "inflate": 0
            },
            {
              "origin": [
                2.0,
                9.0,
                -15.5
              ],
              "size": [
                0.0,
                1.0,
                1.0
              ],
              "uv": [
                4,
                1
              ],
              "inflate": 0
            }
          ],
          "parent": "wrist_l",
          "rotation": [
            17.5,
            0,
            0
          ]
        },
        {
          "name": "finger1_l",
          "pivot": [
            3.5,
            12,
            -15
          ],
          "cubes": [
            {
              "origin": [
                3.0,
                10.0,
                -15.5
              ],
              "size": [
                1.0,
                2.0,
                1.0
              ],
              "uv": [
                0,
                3
              ],
              "inflate": 0
            },
            {
              "origin": [
                3.5,
                9.0,
                -15.5
              ],
              "size": [
                0.0,
                1.0,
                1.0
              ],
              "uv": [
                4,
                0
              ],
              "inflate": 0
            }
          ],
          "parent": "wrist_l",
          "rotation": [
            32.5,
            0,
            0
          ]
        },
        {
          "name": "finger2_l",
          "pivot": [
            4.5,
            12,
            -15
          ],
          "cubes": [
            {
              "origin": [
                4.0,
                10.0,
                -15.5
              ],
              "size": [
                1.0,
                2.0,
                1.0
              ],
              "uv": [
                0,
                0
              ],
              "inflate": 0
            },
            {
              "origin": [
                5.0,
                9.0,
                -15.5
              ],
              "size": [
                0.0,
                1.0,
                1.0
              ],
              "uv": [
                3,
                2
              ],
              "inflate": 0
            }
          ],
          "parent": "wrist_l",
          "rotation": [
            37.5,
            0,
            0
          ]
        },
        {
          "name": "tail_0",
          "pivot": [
            0,
            21,
            8.5
          ],
          "cubes": [
            {
              "origin": [
                -2.5,
                17.0,
                6.5
              ],
              "size": [
                5.0,
                7.0,
                10.0
              ],
              "uv": [
                0,
                44
              ],
              "inflate": 0
            }
          ],
          "parent": "root",
          "rotation": [
            -15,
            0,
            0
          ]
        },
        {
          "name": "tail_1",
          "pivot": [
            0,
            21,
            16.5
          ],
          "cubes": [
            {
              "origin": [
                -1.5,
                18.0,
                15.5
              ],
              "size": [
                3.0,
                5.0,
                18.0
              ],
              "uv": [
                0,
                0
              ],
              "inflate": 0
            }
          ],
          "parent": "tail_0",
          "rotation": [
            10,
            0,
            0
          ]
        },
        {
          "name": "tail_2",
          "pivot": [
            0,
            21,
            33.5
          ],
          "cubes": [
            {
              "origin": [
                -1.0,
                18.5,
                32.5
              ],
              "size": [
                2.0,
                4.0,
                16.0
              ],
              "uv": [
                26,
                7
              ],
              "inflate": 0
            }
          ],
          "parent": "tail_1",
          "rotation": [
            -7.5,
            0,
            0
          ]
        },
        {
          "name": "rump_r",
          "pivot": [
            -3.5,
            19,
            3.5
          ],
          "cubes": [
            {
              "origin": [
                -5.5,
                13.5,
                1.0
              ],
              "size": [
                2.0,
                9.0,
                6.0
              ],
              "uv": [
                24,
                0
              ],
              "inflate": 0.001
            }
          ],
          "parent": "root"
        },
        {
          "name": "hip_r",
          "pivot": [
            -4.5,
            14,
            1.5
          ],
          "cubes": [
            {
              "origin": [
                -5.5,
                7.0,
                1.0
              ],
              "size": [
                2.0,
                7.0,
                4.0
              ],
              "uv": [
                26,
                63
              ],
              "inflate": 0
            }
          ],
          "parent": "rump_r"
        },
        {
          "name": "knee_r",
          "pivot": [
            -4.5,
            7.25,
            3.25
          ],
          "cubes": [
            {
              "origin": [
                -5.5,
                0.5,
                1.5
              ],
              "size": [
                2.0,
                7.0,
                2.0
              ],
              "uv": [
                49,
                27
              ],
              "inflate": -0.001
            }
          ],
          "parent": "hip_r"
        },
        {
          "name": "foot_r",
          "pivot": [
            -4.5,
            0.25,
            2.5
          ],
          "parent": "knee_r"
        },
        {
          "name": "toe0_r",
          "pivot": [
            -3.5,
            1,
            2.5
          ],
          "cubes": [
            {
              "origin": [
                -4.0,
                -1.0,
                -1.5
              ],
              "size": [
                1.0,
                1.0,
                5.0
              ],
              "pivot": [
                0.0,
                0.0,
                0.0
              ],
              "rotation": [
                25.0,
                0.0,
                0.0
              ],
              "uv": [
                37,
                27
              ],
              "inflate": 0
            }
          ],
          "parent": "foot_r"
        },
        {
          "name": "toe1_r",
          "pivot": [
            -4.5,
            1,
            2.5
          ],
          "cubes": [
            {
              "origin": [
                -5.0,
                0.0,
                -0.5
              ],
              "size": [
                1.0,
                1.0,
                4.0
              ],
              "uv": [
                57,
                14
              ],
              "inflate": 0
            },
            {
              "origin": [
                -5.0,
                0.0,
                -1.5
              ],
              "size": [
                1.0,
                1.0,
                1.0
              ],
              "uv": [
                24,
                2
              ],
              "inflate": 0
            }
          ],
          "parent": "foot_r"
        },
        {
          "name": "toe2_r",
          "pivot": [
            -5.5,
            1,
            2.5
          ],
          "cubes": [
            {
              "origin": [
                -6.0,
                0.0,
                -0.5
              ],
              "size": [
                1.0,
                1.0,
                4.0
              ],
              "uv": [
                48,
                39
              ],
              "inflate": 0
            },
            {
              "origin": [
                -6.0,
                0.0,
                -1.5
              ],
              "size": [
                1.0,
                1.0,
                1.0
              ],
              "uv": [
                24,
                0
              ],
              "inflate": 0
            }
          ],
          "parent": "foot_r"
        },
        {
          "name": "rump_l",
          "pivot": [
            3.5,
            19,
            3.5
          ],
          "cubes": [
            {
              "origin": [
                3.5,
                13.5,
                1.0
              ],
              "size": [
                2.0,
                9.0,
                6.0
              ],
              "uv": [
                0,
                0
              ],
              "inflate": 0.001
            }
          ],
          "parent": "root"
        },
        {
          "name": "hip_l",
          "pivot": [
            4.5,
            14,
            1.5
          ],
          "cubes": [
            {
              "origin": [
                3.5,
                7.0,
                1.0
              ],
              "size": [
                2.0,
                7.0,
                4.0
              ],
              "uv": [
                14,
                63
              ],
              "inflate": 0
            }
          ],
          "parent": "rump_l"
        },
        {
          "name": "knee_l",
          "pivot": [
            4.5,
            7.25,
            3.25
          ],
          "cubes": [
            {
              "origin": [
                3.5,
                0.5,
                1.5
              ],
              "size": [
                2.0,
                7.0,
                2.0
              ],
              "uv": [
                0,
                44
              ],
              "inflate": -0.001
            }
          ],
          "parent": "hip_l"
        },
        {
          "name": "foot_l",
          "pivot": [
            4.5,
            0.25,
            2.5
          ],
          "parent": "knee_l"
        },
        {
          "name": "toe0_l",
          "pivot": [
            3.5,
            1,
            2.5
          ],
          "cubes": [
            {
              "origin": [
                3.0,
                -1.0,
                -1.5
              ],
              "size": [
                1.0,
                1.0,
                5.0
              ],
              "pivot": [
                0.0,
                0.0,
                0.0
              ],
              "rotation": [
                27.5,
                0.0,
                0.0
              ],
              "uv": [
                25,
                27
              ],
              "inflate": 0
            }
          ],
          "parent": "foot_l"
        },
        {
          "name": "toe1_l",
          "pivot": [
            4.5,
            1,
            2.5
          ],
          "cubes": [
            {
              "origin": [
                4.0,
                0.0,
                -1.5
              ],
              "size": [
                1.0,
                1.0,
                1.0
              ],
              "uv": [
                14,
                4
              ],
              "inflate": 0
            },
            {
              "origin": [
                4.0,
                0.0,
                -0.5
              ],
              "size": [
                1.0,
                1.0,
                4.0
              ],
              "uv": [
                34,
                0
              ],
              "inflate": 0
            }
          ],
          "parent": "foot_l"
        },
        {
          "name": "toe2_l",
          "pivot": [
            5.5,
            1,
            2.5
          ],
          "cubes": [
            {
              "origin": [
                5.0,
                0.0,
                -0.5
              ],
              "size": [
                1.0,
                1.0,
                4.0
              ],
              "uv": [
                32,
                27
              ],
              "inflate": 0
            },
            {
              "origin": [
                5.0,
                0.0,
                -1.5
              ],
              "size": [
                1.0,
                1.0,
                1.0
              ],
              "uv": [
                10,
                4
              ],
              "inflate": 0
            }
          ],
          "parent": "foot_l"
        }
      ]
    }
  ]
}