{
  "format_version": "1.12.0",
  "minecraft:geometry": [
    {
      "description": {
        "identifier": "geometry.md_beta",
        "texture_width": 128,
        "texture_height": 128,
        "visible_bounds_width": 8,
        "visible_bounds_height": 3,
        "visible_bounds_offset": [
          0,
          1.5,
          0
        ]
      },
      "bones": [
        {
          "name": "root",
          "pivot": [
            0,
            19,
            5.5
          ],
          "cubes": [
            {
              "origin": [
                -4.5,
                14.5,
                -0.5
              ],
              "size": [
                9.0,
                9.0,
                10.0
              ],
              "uv": [
                0,
                22
              ],
              "inflate": 0
            }
          ],
          "locators": {}
        },
        {
          "name": "spine0",
          "pivot": [
            0,
            19,
            1.5
          ],
          "cubes": [
            {
              "origin": [
                -4.0,
                15.0,
                -7.5
              ],
              "size": [
                8.0,
                8.0,
                9.0
              ],
              "uv": [
                29,
                32
              ],
              "inflate": 0
            }
          ],
          "parent": "root"
        },
        {
          "name": "chest",
          "pivot": [
            0,
            19,
            -8.5
          ],
          "parent": "spine0"
        },
        {
          "name": "neck0",
          "pivot": [
            0,
            19.5,
            -7
          ],
          "cubes": [
            {
              "origin": [
                -2.0,
                17.0,
                -11.0
              ],
              "size": [
                4.0,
                6.0,
                5.0
              ],
              "uv": [
                36,
                63
              ],
              "inflate": -0.009
            }
          ],
          "parent": "chest"
        },
        {
          "name": "neck1",
          "pivot": [
            0,
            19.5,
            -10
          ],
          "cubes": [
            {
              "origin": [
                -2.0,
                17.0,
                -15.0
              ],
              "size": [
                4.0,
                6.0,
                6.0
              ],
              "uv": [
                0,
                58
              ],
              "inflate": -0.01
            }
          ],
          "parent": "neck0"
        },
        {
          "name": "head",
          "pivot": [
            -1,
            20.5,
            -15
          ],
          "cubes": [
            {
              "origin": [
                -2.5,
                17.5,
                -17.5
              ],
              "size": [
                5.0,
                8.0,
                5.0
              ],
              "uv": [
                54,
                24
              ],
              "inflate": 0
            },
            {
              "origin": [
                -2.5,
                19.5,
                -28.5
              ],
              "size": [
                5.0,
                6.0,
                11.0
              ],
              "uv": [
                0,
                41
              ],
              "inflate": 0
            },
            {
              "origin": [
                -2.5,
                18.5,
                -28.5
              ],
              "size": [
                5.0,
                1.0,
                11.0
              ],
              "uv": [
                52,
                38
              ],
              "inflate": -0.015
            }
          ],
          "parent": "neck1"
        },
        {
          "name": "jaw",
          "pivot": [
            -1,
            19.5,
            -17.5
          ],
          "cubes": [
            {
              "origin": [
                -2.5,
                17.5,
                -28.5
              ],
              "size": [
                5.0,
                2.0,
                11.0
              ],
              "uv": [
                21,
                49
              ],
              "inflate": -0.01
            },
            {
              "origin": [
                -2.5,
                19.5,
                -28.5
              ],
              "size": [
                5.0,
                1.0,
                11.0
              ],
              "uv": [
                42,
                51
              ],
              "inflate": -0.02
            },
            {
              "origin": [
                -2.4,
                19.0,
                -20.0
              ],
              "size": [
                0.0,
                2.0,
                3.0
              ],
              "uv": [
                10,
                1
              ],
              "inflate": -0.01
            },
            {
              "origin": [
                2.4,
                19.0,
                -20.0
              ],
              "size": [
                0.0,
                2.0,
                3.0
              ],
              "uv": [
                0,
                0
              ],
              "inflate": -0.01
            }
          ],
          "parent": "head"
        },
        {
          "name": "eyelids",
          "pivot": [
            0,
            23,
            -19
          ],
          "cubes": [
            {
              "origin": [
                2.51,
                21.5,
                -21.0
              ],
              "size": [
                0.0,
                3.0,
                4.0
              ],
              "uv": [
                8,
                11
              ],
              "inflate": 0
            },
            {
              "origin": [
                -2.51,
                21.5,
                -21.0
              ],
              "size": [
                0.0,
                3.0,
                4.0
              ],
              "uv": [
                0,
                11
              ],
              "inflate": 0
            }
          ],
          "parent": "head"
        },
        {
          "name": "shoulder_r",
          "pivot": [
            -4,
            18,
            -6.5
          ],
          "cubes": [
            {
              "origin": [
                -5.0,
                14.0,
                -7.5
              ],
              "size": [
                1.0,
                5.0,
                2.0
              ],
              "uv": [
                21,
                41
              ],
              "inflate": 0
            }
          ],
          "parent": "chest"
        },
        {
          "name": "elbow_r",
          "pivot": [
            -4.5,
            14.5,
            -6
          ],
          "cubes": [
            {
              "origin": [
                -5.0,
                14.0,
                -11.0
              ],
              "size": [
                1.0,
                1.0,
                5.0
              ],
              "uv": [
                63,
                50
              ],
              "inflate": -0.01
            }
          ],
          "parent": "shoulder_r"
        },
        {
          "name": "wrist_r",
          "pivot": [
            -4.5,
            14.5,
            -11
          ],
          "cubes": [
            {
              "origin": [
                -6.0,
                12.0,
                -11.5
              ],
              "size": [
                3.0,
                3.0,
                1.0
              ],
              "uv": [
                50,
                7
              ],
              "inflate": 0.001
            }
          ],
          "parent": "elbow_r",
          "rotation": [
            0,
            82.5,
            0
          ]
        },
        {
          "name": "finger0_r",
          "pivot": [
            -3.5,
            12,
            -11
          ],
          "cubes": [
            {
              "origin": [
                -4.0,
                10.0,
                -11.5
              ],
              "size": [
                1.0,
                2.0,
                1.0
              ],
              "uv": [
                43,
                6
              ],
              "inflate": 0
            },
            {
              "origin": [
                -4.0,
                10.0,
                -10.5
              ],
              "size": [
                1.0,
                1.0,
                1.0
              ],
              "uv": [
                46,
                13
              ],
              "inflate": 0
            }
          ],
          "parent": "wrist_r"
        },
        {
          "name": "finger1_r",
          "pivot": [
            -4.5,
            12,
            -11
          ],
          "cubes": [
            {
              "origin": [
                -5.0,
                9.0,
                -11.5
              ],
              "size": [
                1.0,
                3.0,
                1.0
              ],
              "uv": [
                32,
                0
              ],
              "inflate": 0
            },
            {
              "origin": [
                -5.0,
                9.0,
                -10.5
              ],
              "size": [
                1.0,
                1.0,
                2.0
              ],
              "uv": [
                29,
                11
              ],
              "inflate": 0
            }
          ],
          "parent": "wrist_r"
        },
        {
          "name": "finger2_r",
          "pivot": [
            -5.5,
            12,
            -11
          ],
          "cubes": [
            {
              "origin": [
                -6.0,
                10.0,
                -11.5
              ],
              "size": [
                1.0,
                2.0,
                1.0
              ],
              "uv": [
                43,
                0
              ],
              "inflate": 0
            },
            {
              "origin": [
                -6.0,
                10.0,
                -10.5
              ],
              "size": [
                1.0,
                1.0,
                1.0
              ],
              "uv": [
                43,
                12
              ],
              "inflate": 0
            }
          ],
          "parent": "wrist_r"
        },
        {
          "name": "shoulder_l",
          "pivot": [
            4,
            18,
            -6.5
          ],
          "cubes": [
            {
              "origin": [
                4.0,
                14.0,
                -7.5
              ],
              "size": [
                1.0,
                5.0,
                2.0
              ],
              "uv": [
                0,
                41
              ],
              "inflate": 0
            }
          ],
          "parent": "chest"
        },
        {
          "name": "elbow_l",
          "pivot": [
            4.5,
            14.5,
            -6
          ],
          "cubes": [
            {
              "origin": [
                4.0,
                14.0,
                -11.0
              ],
              "size": [
                1.0,
                1.0,
                5.0
              ],
              "uv": [
                14,
                58
              ],
              "inflate": -0.01
            }
          ],
          "parent": "shoulder_l"
        },
        {
          "name": "wrist_l",
          "pivot": [
            4.5,
            14.5,
            -11
          ],
          "cubes": [
            {
              "origin": [
                3.0,
                12.0,
                -11.5
              ],
              "size": [
                3.0,
                3.0,
                1.0
              ],
              "uv": [
                42,
                49
              ],
              "inflate": 0.001
            }
          ],
          "parent": "elbow_l",
          "rotation": [
            0,
            -82.5,
            0
          ]
        },
        {
          "name": "finger0_l",
          "pivot": [
            3.5,
            12,
            -11
          ],
          "cubes": [
            {
              "origin": [
                3.0,
                10.0,
                -11.5
              ],
              "size": [
                1.0,
                2.0,
                1.0
              ],
              "uv": [
                6,
                41
              ],
              "inflate": 0
            },
            {
              "origin": [
                3.0,
                10.0,
                -10.5
              ],
              "size": [
                1.0,
                1.0,
                1.0
              ],
              "uv": [
                43,
                9
              ],
              "inflate": 0
            }
          ],
          "parent": "wrist_l"
        },
        {
          "name": "finger1_l",
          "pivot": [
            4.5,
            12,
            -11
          ],
          "cubes": [
            {
              "origin": [
                4.0,
                9.0,
                -11.5
              ],
              "size": [
                1.0,
                3.0,
                1.0
              ],
              "uv": [
                24,
                0
              ],
              "inflate": 0
            },
            {
              "origin": [
                4.0,
                9.0,
                -10.5
              ],
              "size": [
                1.0,
                1.0,
                2.0
              ],
              "uv": [
                0,
                0
              ],
              "inflate": 0
            }
          ],
          "parent": "wrist_l"
        },
        {
          "name": "finger2_l",
          "pivot": [
            5.5,
            12,
            -11
          ],
          "cubes": [
            {
              "origin": [
                5.0,
                10.0,
                -11.5
              ],
              "size": [
                1.0,
                2.0,
                1.0
              ],
              "uv": [
                35,
                10
              ],
              "inflate": 0
            },
            {
              "origin": [
                5.0,
                10.0,
                -10.5
              ],
              "size": [
                1.0,
                1.0,
                1.0
              ],
              "uv": [
                43,
                3
              ],
              "inflate": 0
            }
          ],
          "parent": "wrist_l"
        },
        {
          "name": "tail_0",
          "pivot": [
            0,
            19,
            8.5
          ],
          "cubes": [
            {
              "origin": [
                -2.5,
                16.0,
                6.5
              ],
              "size": [
                5.0,
                6.0,
                10.0
              ],
              "uv": [
                48,
                8
              ],
              "inflate": 0
            }
          ],
          "parent": "root",
          "rotation": [
            17.5,
            0,
            0
          ]
        },
        {
          "name": "tail_1",
          "pivot": [
            0,
            19,
            16.5
          ],
          "cubes": [
            {
              "origin": [
                -1.5,
                17.0,
                15.5
              ],
              "size": [
                3.0,
                4.0,
                18.0
              ],
              "uv": [
                0,
                0
              ],
              "inflate": 0
            }
          ],
          "parent": "tail_0"
        },
        {
          "name": "tail_2",
          "pivot": [
            0,
            19,
            33.5
          ],
          "cubes": [
            {
              "origin": [
                -1.0,
                17.5,
                32.5
              ],
              "size": [
                2.0,
                3.0,
                15.0
              ],
              "uv": [
                24,
                0
              ],
              "inflate": 0
            }
          ],
          "parent": "tail_1",
          "rotation": [
            -25,
            0,
            0
          ]
        },
        {
          "name": "rump_r",
          "pivot": [
            -3.5,
            19,
            3.5
          ],
          "cubes": [
            {
              "origin": [
                -5.5,
                13.5,
                1.0
              ],
              "size": [
                2.0,
                9.0,
                6.0
              ],
              "uv": [
                20,
                62
              ],
              "inflate": 0.001
            }
          ],
          "parent": "root"
        },
        {
          "name": "hip_r",
          "pivot": [
            -4.5,
            14,
            1.5
          ],
          "cubes": [
            {
              "origin": [
                -5.5,
                7.0,
                1.0
              ],
              "size": [
                2.0,
                7.0,
                4.0
              ],
              "uv": [
                38,
                20
              ],
              "inflate": 0
            }
          ],
          "parent": "rump_r"
        },
        {
          "name": "knee_r",
          "pivot": [
            -4.5,
            7.25,
            3.25
          ],
          "cubes": [
            {
              "origin": [
                -5.5,
                0.5,
                1.5
              ],
              "size": [
                2.0,
                7.0,
                3.0
              ],
              "uv": [
                28,
                22
              ],
              "inflate": -0.001
            }
          ],
          "parent": "hip_r"
        },
        {
          "name": "foot_r",
          "pivot": [
            -4.5,
            0.25,
            2.5
          ],
          "parent": "knee_r"
        },
        {
          "name": "toe0_r",
          "pivot": [
            -3.5,
            1,
            2.5
          ],
          "cubes": [
            {
              "origin": [
                -4.0,
                0.0,
                0.5
              ],
              "size": [
                1.0,
                1.0,
                3.0
              ],
              "uv": [
                24,
                46
              ],
              "inflate": 0
            },
            {
              "origin": [
                -4.0,
                0.5,
                -2.0
              ],
              "size": [
                1.0,
                1.0,
                3.0
              ],
              "uv": [
                3,
                45
              ],
              "inflate": 0
            }
          ],
          "parent": "foot_r"
        },
        {
          "name": "toe1_r",
          "pivot": [
            -4.5,
            1,
            2.5
          ],
          "cubes": [
            {
              "origin": [
                -5.0,
                0.0,
                -1.5
              ],
              "size": [
                1.0,
                1.0,
                5.0
              ],
              "uv": [
                57,
                0
              ],
              "inflate": 0
            },
            {
              "origin": [
                -5.0,
                0.0,
                -2.5
              ],
              "size": [
                1.0,
                1.0,
                1.0
              ],
              "uv": [
                42,
                18
              ],
              "inflate": 0
            }
          ],
          "parent": "foot_r"
        },
        {
          "name": "toe2_r",
          "pivot": [
            -5.5,
            1,
            2.5
          ],
          "cubes": [
            {
              "origin": [
                -6.0,
                0.0,
                -1.5
              ],
              "size": [
                1.0,
                1.0,
                5.0
              ],
              "uv": [
                50,
                1
              ],
              "inflate": 0
            },
            {
              "origin": [
                -6.0,
                0.0,
                -2.5
              ],
              "size": [
                1.0,
                1.0,
                1.0
              ],
              "uv": [
                25,
                41
              ],
              "inflate": 0
            }
          ],
          "parent": "foot_r"
        },
        {
          "name": "rump_l",
          "pivot": [
            3.5,
            19,
            3.5
          ],
          "cubes": [
            {
              "origin": [
                3.5,
                13.5,
                1.0
              ],
              "size": [
                2.0,
                9.0,
                6.0
              ],
              "uv": [
                0,
                0
              ],
              "inflate": 0.001
            }
          ],
          "parent": "root"
        },
        {
          "name": "hip_l",
          "pivot": [
            4.5,
            14,
            1.5
          ],
          "cubes": [
            {
              "origin": [
                3.5,
                7.0,
                1.0
              ],
              "size": [
                2.0,
                7.0,
                4.0
              ],
              "uv": [
                24,
                0
              ],
              "inflate": 0
            }
          ],
          "parent": "rump_l"
        },
        {
          "name": "knee_l",
          "pivot": [
            4.5,
            7.25,
            3.25
          ],
          "cubes": [
            {
              "origin": [
                3.5,
                0.5,
                1.5
              ],
              "size": [
                2.0,
                7.0,
                3.0
              ],
              "uv": [
                0,
                22
              ],
              "inflate": -0.001
            }
          ],
          "parent": "hip_l"
        },
        {
          "name": "foot_l",
          "pivot": [
            4.5,
            0.25,
            2.5
          ],
          "parent": "knee_l"
        },
        {
          "name": "toe0_l",
          "pivot": [
            3.5,
            1,
            2.5
          ],
          "cubes": [
            {
              "origin": [
                3.0,
                0.0,
                0.5
              ],
              "size": [
                1.0,
                1.0,
                3.0
              ],
              "uv": [
                24,
                11
              ],
              "inflate": 0
            },
            {
              "origin": [
                3.0,
                0.5,
                -2.0
              ],
              "size": [
                1.0,
                1.0,
                3.0
              ],
              "uv": [
                10,
                0
              ],
              "inflate": 0
            }
          ],
          "parent": "foot_l"
        },
        {
          "name": "toe1_l",
          "pivot": [
            4.5,
            1,
            2.5
          ],
          "cubes": [
            {
              "origin": [
                4.0,
                0.0,
                -2.5
              ],
              "size": [
                1.0,
                1.0,
                1.0
              ],
              "uv": [
                35,
                22
              ],
              "inflate": 0
            },
            {
              "origin": [
                4.0,
                0.0,
                -1.5
              ],
              "size": [
                1.0,
                1.0,
                5.0
              ],
              "uv": [
                43,
                6
              ],
              "inflate": 0
            }
          ],
          "parent": "foot_l"
        },
        {
          "name": "toe2_l",
          "pivot": [
            5.5,
            1,
            2.5
          ],
          "cubes": [
            {
              "origin": [
                5.0,
                0.0,
                -1.5
              ],
              "size": [
                1.0,
                1.0,
                5.0
              ],
              "uv": [
                43,
                0
              ],
              "inflate": 0
            },
            {
              "origin": [
                5.0,
                0.0,
                -2.5
              ],
              "size": [
                1.0,
                1.0,
                1.0
              ],
              "uv": [
                34,
                13
              ],
              "inflate": 0
            }
          ],
          "parent": "foot_l"
        }
      ]
    }
  ]
}