{
  "format_version": "1.12.0",
  "minecraft:geometry": [
    {
      "description": {
        "identifier": "geometry.md_b_b_p",
        "texture_width": 256,
        "texture_height": 256,
        "visible_bounds_width": 14,
        "visible_bounds_height": 9.5,
        "visible_bounds_offset": [
          0,
          2.25,
          0
        ]
      },
      "bones": [
        {
          "name": "root",
          "pivot": [
            0,
            48,
            10
          ],
          "cubes": [
            {
              "origin": [
                -8.0,
                38.0,
                -14.0
              ],
              "size": [
                16.0,
                26.0,
                33.0
              ],
              "uv": [
                0,
                0
              ],
              "inflate": 0
            },
            {
              "origin": [
                -8.0,
                37.0,
                -19.0
              ],
              "size": [
                16.0,
                27.0,
                5.0
              ],
              "uv": [
                125,
                37
              ],
              "inflate": 0
            }
          ],
          "rotation": [
            -10,
            0,
            0
          ]
        },
        {
          "name": "spine0",
          "pivot": [
            0,
            48,
            -11
          ],
          "cubes": [
            {
              "origin": [
                -7.0,
                37.0,
                -29.0
              ],
              "size": [
                14.0,
                26.0,
                19.0
              ],
              "uv": [
                78,
                59
              ],
              "inflate": 0
            }
          ],
          "parent": "root"
        },
        {
          "name": "chest",
          "pivot": [
            0,
            43,
            -20
          ],
          "parent": "spine0"
        },
        {
          "name": "neck0",
          "pivot": [
            0,
            53.5,
            -25
          ],
          "cubes": [
            {
              "origin": [
                -3.0,
                47.5,
                -40.5
              ],
              "size": [
                6.0,
                12.0,
                16.0
              ],
              "uv": [
                0,
                140
              ],
              "inflate": 0
            }
          ],
          "parent": "chest"
        },
        {
          "name": "neck1",
          "pivot": [
            0,
            53.5,
            -38.5
          ],
          "cubes": [
            {
              "origin": [
                -2.5,
                48.5,
                -50.5
              ],
              "size": [
                5.0,
                10.0,
                14.0
              ],
              "uv": [
                139,
                0
              ],
              "inflate": -0.3
            }
          ],
          "parent": "neck0"
        },
        {
          "name": "head",
          "pivot": [
            0,
            57.5,
            -48
          ],
          "cubes": [
            {
              "origin": [
                -3.0,
                56.5,
                -65.5
              ],
              "size": [
                6.0,
                6.0,
                18.0
              ],
              "uv": [
                50,
                137
              ],
              "inflate": 0.02
            },
            {
              "origin": [
                -3.0,
                62.5,
                -56.5
              ],
              "size": [
                6.0,
                2.0,
                9.0
              ],
              "uv": [
                144,
                69
              ],
              "inflate": 0.02
            },
            {
              "origin": [
                -3.0,
                54.5,
                -59.5
              ],
              "size": [
                6.0,
                2.0,
                12.0
              ],
              "uv": [
                45,
                59
              ],
              "inflate": 0.02
            }
          ],
          "parent": "neck1"
        },
        {
          "name": "horn0",
          "pivot": [
            0,
            62.5,
            -64
          ],
          "cubes": [
            {
              "origin": [
                -2.0,
                57.5,
                -64.0
              ],
              "size": [
                4.0,
                5.0,
                20.0
              ],
              "uv": [
                65,
                0
              ],
              "inflate": 0.02
            }
          ],
          "parent": "head"
        },
        {
          "name": "horn1",
          "pivot": [
            0,
            62.5,
            -44
          ],
          "cubes": [
            {
              "origin": [
                -2.0,
                58.5,
                -44.0
              ],
              "size": [
                4.0,
                4.0,
                11.0
              ],
              "uv": [
                45,
                73
              ],
              "inflate": 0
            }
          ],
          "parent": "horn0"
        },
        {
          "name": "horn2",
          "pivot": [
            0,
            62.5,
            -33
          ],
          "cubes": [
            {
              "origin": [
                -2.0,
                58.5,
                -33.0
              ],
              "size": [
                4.0,
                4.0,
                6.0
              ],
              "uv": [
                80,
                137
              ],
              "inflate": -0.01
            }
          ],
          "parent": "horn1"
        },
        {
          "name": "jaw",
          "pivot": [
            0,
            56.5,
            -59.5
          ],
          "cubes": [
            {
              "origin": [
                -3.0,
                54.5,
                -65.5
              ],
              "size": [
                6.0,
                2.0,
                6.0
              ],
              "uv": [
                65,
                25
              ],
              "inflate": 0.01
            },
            {
              "origin": [
                2.99,
                54.5,
                -62.5
              ],
              "size": [
                0.0,
                6.0,
                3.0
              ],
              "uv": [
                24,
                6
              ],
              "inflate": 0
            },
            {
              "origin": [
                -2.99,
                54.5,
                -62.5
              ],
              "size": [
                0.0,
                6.0,
                3.0
              ],
              "uv": [
                24,
                0
              ],
              "inflate": 0
            }
          ],
          "parent": "head"
        },
        {
          "name": "eyelids",
          "pivot": [
            0,
            57.5,
            -48
          ],
          "cubes": [
            {
              "origin": [
                3.1,
                60.5,
                -57.0
              ],
              "size": [
                0.0,
                3.0,
                6.0
              ],
              "uv": [
                12,
                22
              ],
              "inflate": 0
            },
            {
              "origin": [
                -3.1,
                60.5,
                -57.0
              ],
              "size": [
                0.0,
                3.0,
                6.0
              ],
              "uv": [
                0,
                22
              ],
              "inflate": 0
            }
          ],
          "parent": "head"
        },
        {
          "name": "shoulder_l",
          "pivot": [
            7,
            50,
            -25
          ],
          "cubes": [
            {
              "origin": [
                7.0,
                36.0,
                -27.0
              ],
              "size": [
                4.0,
                16.0,
                6.0
              ],
              "uv": [
                150,
                152
              ],
              "inflate": 0.1
            }
          ],
          "parent": "chest"
        },
        {
          "name": "elbow_l",
          "pivot": [
            9,
            36,
            -24.5
          ],
          "cubes": [
            {
              "origin": [
                7.0,
                22.0,
                -27.0
              ],
              "size": [
                4.0,
                14.0,
                3.0
              ],
              "uv": [
                0,
                98
              ],
              "inflate": 0
            }
          ],
          "parent": "shoulder_l"
        },
        {
          "name": "wrist_l",
          "pivot": [
            9,
            22,
            -27.5
          ],
          "cubes": [
            {
              "origin": [
                6.0,
                20.0,
                -27.0
              ],
              "size": [
                6.0,
                2.0,
                8.0
              ],
              "uv": [
                105,
                104
              ],
              "inflate": 0
            }
          ],
          "parent": "elbow_l"
        },
        {
          "name": "shoulder_r",
          "pivot": [
            -7,
            49,
            -25
          ],
          "cubes": [
            {
              "origin": [
                -11.0,
                35.0,
                -27.0
              ],
              "size": [
                4.0,
                16.0,
                6.0
              ],
              "uv": [
                150,
                130
              ],
              "inflate": 0.1
            }
          ],
          "parent": "chest"
        },
        {
          "name": "elbow_r",
          "pivot": [
            -9,
            35,
            -24.5
          ],
          "cubes": [
            {
              "origin": [
                -11.0,
                21.0,
                -27.0
              ],
              "size": [
                4.0,
                14.0,
                3.0
              ],
              "uv": [
                65,
                0
              ],
              "inflate": 0
            }
          ],
          "parent": "shoulder_r"
        },
        {
          "name": "wrist_r",
          "pivot": [
            -9,
            21,
            -27.5
          ],
          "cubes": [
            {
              "origin": [
                -12.0,
                19.0,
                -27.0
              ],
              "size": [
                6.0,
                2.0,
                8.0
              ],
              "uv": [
                69,
                59
              ],
              "inflate": 0.01
            }
          ],
          "parent": "elbow_r"
        },
        {
          "name": "tail0",
          "pivot": [
            0,
            51,
            17
          ],
          "cubes": [
            {
              "origin": [
                -7.0,
                41.5,
                11.5
              ],
              "size": [
                14.0,
                22.0,
                20.0
              ],
              "uv": [
                0,
                98
              ],
              "inflate": 0
            }
          ],
          "parent": "root",
          "rotation": [
            2.5,
            0,
            0
          ]
        },
        {
          "name": "tail1",
          "pivot": [
            0,
            54,
            30
          ],
          "cubes": [
            {
              "origin": [
                -5.0,
                45.0,
                27.5
              ],
              "size": [
                10.0,
                16.0,
                17.0
              ],
              "uv": [
                68,
                104
              ],
              "inflate": 0
            }
          ],
          "parent": "tail0"
        },
        {
          "name": "tail2",
          "pivot": [
            0,
            54,
            42
          ],
          "cubes": [
            {
              "origin": [
                -4.0,
                48.5,
                42.5
              ],
              "size": [
                8.0,
                12.0,
                25.0
              ],
              "uv": [
                98,
                0
              ],
              "inflate": 0
            }
          ],
          "parent": "tail1",
          "rotation": [
            12.5,
            0,
            0
          ]
        },
        {
          "name": "tail3",
          "pivot": [
            0,
            56,
            65.5
          ],
          "cubes": [
            {
              "origin": [
                -3.0,
                36.0,
                69.0
              ],
              "size": [
                6.0,
                6.0,
                33.0
              ],
              "pivot": [
                0.0,
                5.0,
                0.0
              ],
              "rotation": [
                12.5,
                0.0,
                0.0
              ],
              "uv": [
                0,
                59
              ],
              "inflate": 0
            }
          ],
          "parent": "tail2"
        },
        {
          "name": "rump_l",
          "pivot": [
            8,
            47,
            7
          ],
          "cubes": [
            {
              "origin": [
                5.0,
                31.0,
                -1.0
              ],
              "size": [
                6.0,
                26.0,
                16.0
              ],
              "uv": [
                134,
                88
              ],
              "inflate": 0
            }
          ],
          "parent": "root",
          "rotation": [
            10,
            0,
            0
          ]
        },
        {
          "name": "hip_l",
          "pivot": [
            8,
            33,
            4
          ],
          "cubes": [
            {
              "origin": [
                6.0,
                13.0,
                1.0
              ],
              "size": [
                4.0,
                20.0,
                8.0
              ],
              "uv": [
                0,
                59
              ],
              "inflate": 0
            }
          ],
          "parent": "rump_l"
        },
        {
          "name": "knee_l",
          "pivot": [
            8,
            15,
            5
          ],
          "cubes": [
            {
              "origin": [
                5.5,
                1.0,
                2.0
              ],
              "size": [
                5.0,
                14.0,
                6.0
              ],
              "uv": [
                98,
                37
              ],
              "inflate": 0
            }
          ],
          "parent": "hip_l"
        },
        {
          "name": "ankle_l",
          "pivot": [
            8,
            3,
            4
          ],
          "cubes": [
            {
              "origin": [
                4.0,
                0.0,
                -3.0
              ],
              "size": [
                8.0,
                3.0,
                9.0
              ],
              "uv": [
                28,
                140
              ],
              "inflate": 0
            }
          ],
          "parent": "knee_l"
        },
        {
          "name": "toes_l",
          "pivot": [
            8,
            1,
            -3
          ],
          "cubes": [
            {
              "origin": [
                4.0,
                0.0,
                -7.0
              ],
              "size": [
                8.0,
                3.0,
                4.0
              ],
              "uv": [
                105,
                114
              ],
              "inflate": 0
            }
          ],
          "parent": "ankle_l"
        },
        {
          "name": "rump_r",
          "pivot": [
            -8,
            47,
            7
          ],
          "cubes": [
            {
              "origin": [
                -11.0,
                31.0,
                -1.0
              ],
              "size": [
                6.0,
                26.0,
                16.0
              ],
              "uv": [
                106,
                121
              ],
              "inflate": 0
            }
          ],
          "parent": "root",
          "rotation": [
            10,
            0,
            0
          ]
        },
        {
          "name": "hip_r",
          "pivot": [
            -8,
            33,
            4
          ],
          "cubes": [
            {
              "origin": [
                -10.0,
                13.0,
                1.0
              ],
              "size": [
                4.0,
                20.0,
                8.0
              ],
              "uv": [
                0,
                0
              ],
              "inflate": 0
            }
          ],
          "parent": "rump_r"
        },
        {
          "name": "knee_r",
          "pivot": [
            -8,
            15,
            5
          ],
          "cubes": [
            {
              "origin": [
                -10.5,
                1.0,
                2.0
              ],
              "size": [
                5.0,
                14.0,
                6.0
              ],
              "uv": [
                93,
                0
              ],
              "inflate": 0
            }
          ],
          "parent": "hip_r"
        },
        {
          "name": "ankle_r",
          "pivot": [
            -8,
            3,
            4
          ],
          "cubes": [
            {
              "origin": [
                -12.0,
                0.0,
                -3.0
              ],
              "size": [
                8.0,
                3.0,
                9.0
              ],
              "uv": [
                48,
                98
              ],
              "inflate": 0
            }
          ],
          "parent": "knee_r"
        },
        {
          "name": "toes_r",
          "pivot": [
            -8,
            1,
            -3
          ],
          "cubes": [
            {
              "origin": [
                -12.0,
                0.0,
                -7.0
              ],
              "size": [
                8.0,
                3.0,
                4.0
              ],
              "uv": [
                48,
                110
              ],
              "inflate": 0
            }
          ],
          "parent": "ankle_r"
        }
      ]
    }
  ]
}