{
  "format_version": "1.12.0",
  "minecraft:geometry": [
    {
      "description": {
        "identifier": "geometry.md_buck",
        "texture_width": 256,
        "texture_height": 256,
        "visible_bounds_width": 18,
        "visible_bounds_height": 11,
        "visible_bounds_offset": [
          0,
          1.5,
          0
        ]
      },
      "bones": [
        {
          "name": "root",
          "pivot": [
            0,
            64,
            8
          ],
          "cubes": [
            {
              "origin": [
                -10.0,
                46.0,
                -9.0
              ],
              "size": [
                20.0,
                34.0,
                33.0
              ],
              "uv": [
                0,
                66
              ],
              "inflate": 0
            }
          ],
          "locators": {},
          "rotation": [
            7.5,
            0,
            0
          ]
        },
        {
          "name": "spine0",
          "pivot": [
            0,
            64,
            -8
          ],
          "cubes": [
            {
              "origin": [
                -9.0,
                47.0,
                -20.0
              ],
              "size": [
                18.0,
                32.0,
                15.0
              ],
              "uv": [
                68,
                141
              ],
              "inflate": 0
            }
          ],
          "parent": "root"
        },
        {
          "name": "chest",
          "pivot": [
            0,
            64,
            -21
          ],
          "cubes": [
            {
              "origin": [
                -10.0,
                46.0,
                -34.0
              ],
              "size": [
                20.0,
                33.0,
                16.0
              ],
              "uv": [
                118,
                80
              ],
              "inflate": 0
            }
          ],
          "parent": "spine0"
        },
        {
          "name": "neck0",
          "pivot": [
            0,
            70,
            -31
          ],
          "cubes": [
            {
              "origin": [
                -6.0,
                55.0,
                -41.0
              ],
              "size": [
                12.0,
                21.0,
                18.0
              ],
              "uv": [
                178,
                46
              ],
              "inflate": 0
            }
          ],
          "parent": "chest",
          "rotation": [
            -15,
            0,
            0
          ]
        },
        {
          "name": "neck1",
          "pivot": [
            0,
            71,
            -41
          ],
          "cubes": [
            {
              "origin": [
                -5.0,
                55.0,
                -61.0
              ],
              "size": [
                10.0,
                22.0,
                24.0
              ],
              "uv": [
                140,
                0
              ],
              "inflate": 0
            }
          ],
          "parent": "neck0",
          "rotation": [
            -12.5,
            0,
            0
          ]
        },
        {
          "name": "head",
          "pivot": [
            0,
            68,
            -55
          ],
          "cubes": [
            {
              "origin": [
                -7.0,
                68.0,
                -69.0
              ],
              "size": [
                14.0,
                11.0,
                18.0
              ],
              "uv": [
                116,
                181
              ],
              "inflate": 0
            },
            {
              "origin": [
                3.0,
                79.0,
                -69.0
              ],
              "size": [
                4.0,
                2.0,
                10.0
              ],
              "uv": [
                0,
                204
              ],
              "inflate": 0
            },
            {
              "origin": [
                -7.0,
                79.0,
                -69.0
              ],
              "size": [
                4.0,
                2.0,
                10.0
              ],
              "uv": [
                101,
                80
              ],
              "inflate": 0
            },
            {
              "origin": [
                -8.0,
                65.0,
                -70.0
              ],
              "size": [
                16.0,
                4.0,
                10.0
              ],
              "uv": [
                182,
                136
              ],
              "inflate": 0
            },
            {
              "origin": [
                -6.0,
                58.0,
                -70.0
              ],
              "size": [
                12.0,
                9.0,
                10.0
              ],
              "uv": [
                46,
                188
              ],
              "inflate": 0
            },
            {
              "origin": [
                -5.0,
                64.0,
                -88.0
              ],
              "size": [
                10.0,
                15.0,
                19.0
              ],
              "uv": [
                180,
                181
              ],
              "inflate": 0
            },
            {
              "origin": [
                -4.5,
                61.0,
                -88.0
              ],
              "size": [
                9.0,
                4.0,
                18.0
              ],
              "uv": [
                184,
                0
              ],
              "inflate": -0.001
            },
            {
              "origin": [
                -7.0,
                57.0,
                -60.0
              ],
              "size": [
                14.0,
                11.0,
                9.0
              ],
              "uv": [
                114,
                0
              ],
              "inflate": 0
            }
          ],
          "parent": "neck1",
          "rotation": [
            20,
            0,
            0
          ]
        },
        {
          "name": "eyelids",
          "pivot": [
            0,
            73.5,
            -67.01
          ],
          "cubes": [
            {
              "origin": [
                5.01,
                71.0,
                -69.01
              ],
              "size": [
                2.0,
                5.0,
                4.0
              ],
              "uv": [
                74,
                0
              ],
              "inflate": 0
            },
            {
              "origin": [
                -7.01,
                71.0,
                -69.01
              ],
              "size": [
                2.0,
                5.0,
                4.0
              ],
              "uv": [
                0,
                0
              ],
              "inflate": 0
            }
          ],
          "parent": "head"
        },
        {
          "name": "jaw",
          "pivot": [
            0,
            67,
            -60
          ],
          "cubes": [
            {
              "origin": [
                -8.0,
                57.0,
                -70.0
              ],
              "size": [
                16.0,
                8.0,
                10.0
              ],
              "uv": [
                140,
                46
              ],
              "inflate": 0
            },
            {
              "origin": [
                -4.0,
                57.0,
                -87.0
              ],
              "size": [
                8.0,
                7.0,
                19.0
              ],
              "uv": [
                182,
                110
              ],
              "inflate": 0
            },
            {
              "origin": [
                -3.5,
                64.0,
                -86.5
              ],
              "size": [
                7.0,
                3.0,
                16.0
              ],
              "uv": [
                0,
                185
              ],
              "inflate": 0
            }
          ],
          "parent": "head"
        },
        {
          "name": "shoulder_l",
          "pivot": [
            10,
            56,
            -30
          ],
          "cubes": [
            {
              "origin": [
                8.0,
                48.5,
                -32.5
              ],
              "size": [
                4.0,
                10.0,
                5.0
              ],
              "uv": [
                184,
                0
              ],
              "inflate": 0
            }
          ],
          "parent": "chest"
        },
        {
          "name": "elbow_l",
          "pivot": [
            10,
            49,
            -29
          ],
          "cubes": [
            {
              "origin": [
                8.5,
                41.0,
                -32.0
              ],
              "size": [
                3.0,
                8.0,
                4.0
              ],
              "uv": [
                119,
                141
              ],
              "inflate": 0
            }
          ],
          "parent": "shoulder_l"
        },
        {
          "name": "wrist_l",
          "pivot": [
            10,
            41,
            -30
          ],
          "cubes": [
            {
              "origin": [
                8.5,
                36.0,
                -31.0
              ],
              "size": [
                3.0,
                5.0,
                2.0
              ],
              "uv": [
                73,
                80
              ],
              "inflate": 0
            }
          ],
          "parent": "elbow_l",
          "rotation": [
            0,
            -80,
            0
          ]
        },
        {
          "name": "finger_l",
          "pivot": [
            10,
            36.5,
            -30.5
          ],
          "cubes": [
            {
              "origin": [
                11.0,
                33.0,
                -31.0
              ],
              "size": [
                0.0,
                3.0,
                2.0
              ],
              "uv": [
                28,
                77
              ],
              "inflate": 0
            },
            {
              "origin": [
                9.0,
                32.0,
                -31.0
              ],
              "size": [
                0.0,
                4.0,
                2.0
              ],
              "uv": [
                73,
                74
              ],
              "inflate": 0
            }
          ],
          "parent": "wrist_l"
        },
        {
          "name": "shoulder_r",
          "pivot": [
            -10,
            56,
            -30
          ],
          "cubes": [
            {
              "origin": [
                -12.0,
                48.5,
                -32.5
              ],
              "size": [
                4.0,
                10.0,
                5.0
              ],
              "uv": [
                0,
                133
              ],
              "inflate": 0
            }
          ],
          "parent": "chest"
        },
        {
          "name": "elbow_r",
          "pivot": [
            -10,
            49,
            -29
          ],
          "cubes": [
            {
              "origin": [
                -11.5,
                41.0,
                -32.0
              ],
              "size": [
                3.0,
                8.0,
                4.0
              ],
              "uv": [
                28,
                0
              ],
              "inflate": 0
            }
          ],
          "parent": "shoulder_r"
        },
        {
          "name": "wrist_r",
          "pivot": [
            -10,
            41,
            -30
          ],
          "cubes": [
            {
              "origin": [
                -11.5,
                36.0,
                -31.0
              ],
              "size": [
                3.0,
                5.0,
                2.0
              ],
              "uv": [
                20,
                66
              ],
              "inflate": 0
            }
          ],
          "parent": "elbow_r",
          "rotation": [
            0,
            67.5,
            0
          ]
        },
        {
          "name": "finger_r",
          "pivot": [
            -10,
            36.5,
            -30.5
          ],
          "cubes": [
            {
              "origin": [
                -11.0,
                33.0,
                -31.0
              ],
              "size": [
                0.0,
                3.0,
                2.0
              ],
              "uv": [
                8,
                7
              ],
              "inflate": 0
            },
            {
              "origin": [
                -9.0,
                32.0,
                -31.0
              ],
              "size": [
                0.0,
                4.0,
                2.0
              ],
              "uv": [
                73,
                70
              ],
              "inflate": 0
            }
          ],
          "parent": "wrist_r"
        },
        {
          "name": "tail0",
          "pivot": [
            0,
            68,
            22
          ],
          "cubes": [
            {
              "origin": [
                -8.0,
                56.0,
                16.0
              ],
              "size": [
                16.0,
                24.0,
                42.0
              ],
              "uv": [
                0,
                0
              ],
              "inflate": 0
            }
          ],
          "parent": "root",
          "rotation": [
            17.5,
            0,
            0
          ]
        },
        {
          "name": "tail1",
          "pivot": [
            0,
            69,
            56
          ],
          "cubes": [
            {
              "origin": [
                -6.0,
                62.0,
                56.0
              ],
              "size": [
                12.0,
                14.0,
                38.0
              ],
              "uv": [
                78,
                28
              ],
              "inflate": 0
            }
          ],
          "parent": "tail0",
          "rotation": [
            -5,
            0,
            0
          ]
        },
        {
          "name": "tail2",
          "pivot": [
            0,
            70,
            92
          ],
          "cubes": [
            {
              "origin": [
                -3.0,
                66.0,
                92.0
              ],
              "size": [
                6.0,
                8.0,
                40.0
              ],
              "uv": [
                66,
                93
              ],
              "inflate": 0
            }
          ],
          "parent": "tail1"
        },
        {
          "name": "rump_l",
          "pivot": [
            10,
            63,
            7
          ],
          "cubes": [
            {
              "origin": [
                4.0,
                44.0,
                -4.0
              ],
              "size": [
                12.0,
                30.0,
                22.0
              ],
              "uv": [
                136,
                129
              ],
              "inflate": 0
            }
          ],
          "parent": "root",
          "rotation": [
            -2.5,
            0,
            0
          ]
        },
        {
          "name": "hip_l",
          "pivot": [
            10,
            46,
            3
          ],
          "cubes": [
            {
              "origin": [
                6.0,
                18.0,
                -3.0
              ],
              "size": [
                8.0,
                30.0,
                12.0
              ],
              "uv": [
                74,
                0
              ],
              "inflate": 0
            }
          ],
          "parent": "rump_l"
        },
        {
          "name": "knee_l",
          "pivot": [
            10,
            20,
            4
          ],
          "cubes": [
            {
              "origin": [
                7.0,
                0.0,
                0.0
              ],
              "size": [
                6.0,
                20.0,
                8.0
              ],
              "uv": [
                82,
                199
              ],
              "inflate": 0
            }
          ],
          "parent": "hip_l"
        },
        {
          "name": "ankle_l",
          "pivot": [
            10,
            2,
            3
          ],
          "parent": "knee_l"
        },
        {
          "name": "toe0_l",
          "pivot": [
            7,
            2,
            1
          ],
          "cubes": [
            {
              "origin": [
                5.0,
                0.0,
                -7.0
              ],
              "size": [
                4.0,
                4.0,
                8.0
              ],
              "uv": [
                28,
                204
              ],
              "inflate": 0
            },
            {
              "origin": [
                7.0,
                0.0,
                -11.0
              ],
              "size": [
                0.0,
                3.0,
                4.0
              ],
              "uv": [
                0,
                90
              ],
              "inflate": 0
            }
          ],
          "parent": "ankle_l"
        },
        {
          "name": "toe1_l",
          "pivot": [
            10,
            2,
            1
          ],
          "cubes": [
            {
              "origin": [
                8.0,
                0.0,
                -9.0
              ],
              "size": [
                4.0,
                4.0,
                10.0
              ],
              "uv": [
                190,
                85
              ],
              "inflate": 0
            },
            {
              "origin": [
                10.0,
                0.0,
                -13.0
              ],
              "size": [
                0.0,
                3.0,
                4.0
              ],
              "uv": [
                73,
                83
              ],
              "inflate": 0
            }
          ],
          "parent": "ankle_l"
        },
        {
          "name": "toe2_l",
          "pivot": [
            13,
            2,
            1
          ],
          "cubes": [
            {
              "origin": [
                11.0,
                0.0,
                -9.0
              ],
              "size": [
                4.0,
                4.0,
                10.0
              ],
              "uv": [
                162,
                181
              ],
              "inflate": 0
            },
            {
              "origin": [
                13.0,
                0.0,
                -13.0
              ],
              "size": [
                0.0,
                3.0,
                4.0
              ],
              "uv": [
                74,
                5
              ],
              "inflate": 0
            }
          ],
          "parent": "ankle_l"
        },
        {
          "name": "toe3_l",
          "pivot": [
            8,
            11,
            3
          ],
          "cubes": [
            {
              "origin": [
                7.0,
                5.0,
                3.0
              ],
              "size": [
                2.0,
                6.0,
                0.0
              ],
              "uv": [
                73,
                66
              ],
              "inflate": 0
            }
          ],
          "parent": "knee_l"
        },
        {
          "name": "rump_r",
          "pivot": [
            -10,
            63,
            7
          ],
          "cubes": [
            {
              "origin": [
                -16.0,
                44.0,
                -4.0
              ],
              "size": [
                12.0,
                30.0,
                22.0
              ],
              "uv": [
                0,
                133
              ],
              "inflate": 0
            }
          ],
          "parent": "root",
          "rotation": [
            -5,
            0,
            0
          ]
        },
        {
          "name": "hip_r",
          "pivot": [
            -10,
            46,
            3
          ],
          "cubes": [
            {
              "origin": [
                -14.0,
                18.0,
                -3.0
              ],
              "size": [
                8.0,
                30.0,
                12.0
              ],
              "uv": [
                0,
                0
              ],
              "inflate": 0
            }
          ],
          "parent": "rump_r"
        },
        {
          "name": "knee_r",
          "pivot": [
            -10,
            20,
            4
          ],
          "cubes": [
            {
              "origin": [
                -13.0,
                0.0,
                0.0
              ],
              "size": [
                6.0,
                20.0,
                8.0
              ],
              "uv": [
                0,
                66
              ],
              "inflate": 0
            }
          ],
          "parent": "hip_r"
        },
        {
          "name": "ankle_r",
          "pivot": [
            -10,
            2,
            3
          ],
          "parent": "knee_r"
        },
        {
          "name": "toe0_r",
          "pivot": [
            -7,
            2,
            1
          ],
          "cubes": [
            {
              "origin": [
                -9.0,
                0.0,
                -7.0
              ],
              "size": [
                4.0,
                4.0,
                8.0
              ],
              "uv": [
                30,
                185
              ],
              "inflate": 0
            },
            {
              "origin": [
                -7.0,
                0.0,
                -11.0
              ],
              "size": [
                0.0,
                3.0,
                4.0
              ],
              "uv": [
                0,
                65
              ],
              "inflate": 0
            }
          ],
          "parent": "ankle_r"
        },
        {
          "name": "toe1_r",
          "pivot": [
            -10,
            2,
            1
          ],
          "cubes": [
            {
              "origin": [
                -12.0,
                0.0,
                -9.0
              ],
              "size": [
                4.0,
                4.0,
                10.0
              ],
              "uv": [
                46,
                133
              ],
              "inflate": 0
            },
            {
              "origin": [
                -10.0,
                0.0,
                -13.0
              ],
              "size": [
                0.0,
                3.0,
                4.0
              ],
              "uv": [
                0,
                62
              ],
              "inflate": 0
            }
          ],
          "parent": "ankle_r"
        },
        {
          "name": "toe2_r",
          "pivot": [
            -13,
            2,
            1
          ],
          "cubes": [
            {
              "origin": [
                -15.0,
                0.0,
                -9.0
              ],
              "size": [
                4.0,
                4.0,
                10.0
              ],
              "uv": [
                73,
                80
              ],
              "inflate": 0
            },
            {
              "origin": [
                -13.0,
                0.0,
                -13.0
              ],
              "size": [
                0.0,
                3.0,
                4.0
              ],
              "uv": [
                0,
                5
              ],
              "inflate": 0
            }
          ],
          "parent": "ankle_r"
        },
        {
          "name": "toe3_r",
          "pivot": [
            -8,
            11,
            3
          ],
          "cubes": [
            {
              "origin": [
                -9.0,
                5.0,
                3.0
              ],
              "size": [
                2.0,
                6.0,
                0.0
              ],
              "uv": [
                28,
                73
              ],
              "inflate": 0
            }
          ],
          "parent": "knee_r"
        }
      ]
    }
  ]
}