{
  "format_version": "1.12.0",
  "minecraft:geometry": [
    {
      "description": {
        "identifier": "geometry.md_bumpy",
        "texture_width": 256,
        "texture_height": 256,
        "visible_bounds_width": 29,
        "visible_bounds_height": 28,
        "visible_bounds_offset": [
          0,
          0,
          0
        ]
      },
      "bones": [
        {
          "name": "root",
          "pivot": [
            0,
            28,
            9
          ]
        },
        {
          "name": "spine0",
          "pivot": [
            0,
            28,
            1
          ],
          "cubes": [
            {
              "origin": [
                -12.5,
                26.88961,
                -18.33877
              ],
              "size": [
                25.0,
                8.0,
                34.0
              ],
              "uv": [
                0,
                0
              ],
              "inflate": 0
            },
            {
              "origin": [
                -11.5,
                14.90666,
                -17.32706
              ],
              "size": [
                23.0,
                14.0,
                32.0
              ],
              "uv": [
                0,
                42
              ],
              "inflate": 0
            }
          ],
          "parent": "root"
        },
        {
          "name": "spikes0_r",
          "pivot": [
            -12,
            32,
            3
          ],
          "cubes": [
            {
              "origin": [
                -24.0,
                32.0,
                -18.0
              ],
              "size": [
                13.0,
                0.0,
                33.0
              ],
              "uv": [
                77,
                0
              ],
              "inflate": 0
            }
          ],
          "parent": "spine0"
        },
        {
          "name": "spikes0_l",
          "pivot": [
            12,
            32,
            3
          ],
          "cubes": [
            {
              "origin": [
                11.0,
                32.0,
                -18.0
              ],
              "size": [
                13.0,
                0.0,
                33.0
              ],
              "uv": [
                51,
                0
              ],
              "inflate": 0
            }
          ],
          "parent": "spine0"
        },
        {
          "name": "chest",
          "pivot": [
            0,
            28,
            -14
          ],
          "cubes": [
            {
              "origin": [
                -12.0,
                27.0,
                -27.5
              ],
              "size": [
                24.0,
                6.0,
                12.0
              ],
              "uv": [
                68,
                114
              ],
              "inflate": 0
            },
            {
              "origin": [
                -10.5,
                16.0,
                -27.0
              ],
              "size": [
                22.0,
                15.0,
                11.0
              ],
              "uv": [
                80,
                88
              ],
              "inflate": 0
            }
          ],
          "parent": "spine0"
        },
        {
          "name": "spikes1_l",
          "pivot": [
            9,
            30,
            -23
          ],
          "cubes": [
            {
              "origin": [
                7.5,
                30.0,
                -27.0
              ],
              "size": [
                10.0,
                0.0,
                8.5
              ],
              "uv": [
                0,
                64
              ],
              "inflate": 0
            }
          ],
          "parent": "chest"
        },
        {
          "name": "spikes1_r",
          "pivot": [
            -8,
            30,
            -23
          ],
          "cubes": [
            {
              "origin": [
                -16.0,
                30.0,
                -27.0
              ],
              "size": [
                8.0,
                0.0,
                9.5
              ],
              "uv": [
                32,
                121
              ],
              "inflate": 0
            }
          ],
          "parent": "chest"
        },
        {
          "name": "neck0",
          "pivot": [
            0,
            24,
            -25
          ],
          "cubes": [
            {
              "origin": [
                -5.0,
                25.0,
                -35.0
              ],
              "size": [
                10.0,
                4.0,
                11.0
              ],
              "uv": [
                70,
                132
              ],
              "inflate": 0
            },
            {
              "origin": [
                -4.5,
                19.0,
                -34.0
              ],
              "size": [
                9.0,
                8.0,
                9.0
              ],
              "uv": [
                136,
                0
              ],
              "inflate": 0
            }
          ],
          "parent": "chest"
        },
        {
          "name": "spikes2_r",
          "pivot": [
            -4.82062,
            26.83725,
            -29.91761
          ],
          "cubes": [
            {
              "origin": [
                -11.5,
                27.0,
                -32.5
              ],
              "size": [
                8.0,
                0.0,
                5.5
              ],
              "uv": [
                52,
                121
              ],
              "inflate": 0
            }
          ],
          "parent": "neck0"
        },
        {
          "name": "spikes2_l",
          "pivot": [
            5.17938,
            26.83725,
            -29.91761
          ],
          "cubes": [
            {
              "origin": [
                4.0,
                27.0,
                -32.5
              ],
              "size": [
                8.0,
                0.0,
                5.5
              ],
              "uv": [
                53,
                105
              ],
              "inflate": 0
            }
          ],
          "parent": "neck0"
        },
        {
          "name": "head",
          "pivot": [
            0,
            25,
            -33
          ],
          "cubes": [
            {
              "origin": [
                -4.5,
                22.0,
                -50.0
              ],
              "size": [
                9.0,
                6.0,
                6.0
              ],
              "uv": [
                146,
                90
              ],
              "inflate": 0
            },
            {
              "origin": [
                -6.0,
                19.0,
                -45.0
              ],
              "size": [
                12.0,
                11.0,
                12.0
              ],
              "uv": [
                142,
                42
              ],
              "inflate": 0
            },
            {
              "origin": [
                -3.0,
                20.0,
                -50.0
              ],
              "size": [
                6.0,
                3.0,
                0.0
              ],
              "uv": [
                0,
                10
              ],
              "inflate": 0
            }
          ],
          "parent": "neck0"
        },
        {
          "name": "eyelids",
          "pivot": [
            0,
            25,
            -33
          ],
          "cubes": [
            {
              "origin": [
                -6.0,
                26.0,
                -41.0
              ],
              "size": [
                0.0,
                2.0,
                4.0
              ],
              "uv": [
                226,
                19
              ],
              "inflate": 0
            },
            {
              "origin": [
                6.0,
                26.0,
                -41.0
              ],
              "size": [
                0.0,
                2.0,
                4.0
              ],
              "uv": [
                63,
                238
              ],
              "inflate": 0
            }
          ],
          "parent": "head"
        },
        {
          "name": "spikes3_r1",
          "pivot": [
            -6.62569,
            30.90788,
            -35
          ],
          "cubes": [
            {
              "origin": [
                -9.62569,
                28.40788,
                -35.0
              ],
              "size": [
                7.0,
                3.0,
                2.0
              ],
              "uv": [
                101,
                132
              ],
              "inflate": 0
            }
          ],
          "parent": "head"
        },
        {
          "name": "spikes3_l1",
          "pivot": [
            6.62569,
            30.90788,
            -35
          ],
          "cubes": [
            {
              "origin": [
                2.62569,
                28.40788,
                -35.0
              ],
              "size": [
                5.0,
                3.0,
                2.0
              ],
              "uv": [
                0,
                5
              ],
              "inflate": 0
            }
          ],
          "parent": "head"
        },
        {
          "name": "spikes3_r2",
          "pivot": [
            -5,
            21,
            -35
          ],
          "cubes": [
            {
              "origin": [
                -9.88988,
                19.87833,
                -35.0
              ],
              "size": [
                6.0,
                3.0,
                2.0
              ],
              "uv": [
                0,
                121
              ],
              "inflate": 0
            }
          ],
          "parent": "head"
        },
        {
          "name": "spikes3_l2",
          "pivot": [
            5,
            21,
            -35
          ],
          "cubes": [
            {
              "origin": [
                3.88988,
                19.87833,
                -35.0
              ],
              "size": [
                5.0,
                3.0,
                2.0
              ],
              "uv": [
                0,
                0
              ],
              "inflate": 0
            }
          ],
          "parent": "head"
        },
        {
          "name": "jaw",
          "pivot": [
            0,
            22,
            -41
          ],
          "cubes": [
            {
              "origin": [
                -3.5,
                19.0,
                -49.0
              ],
              "size": [
                7.0,
                3.0,
                5.0
              ],
              "uv": [
                18,
                143
              ],
              "inflate": 0
            }
          ],
          "parent": "head"
        },
        {
          "name": "shoulder_r",
          "pivot": [
            -11,
            19,
            -20
          ],
          "cubes": [
            {
              "origin": [
                -13.0,
                9.5,
                -24.0
              ],
              "size": [
                5.0,
                12.0,
                8.0
              ],
              "uv": [
                0,
                143
              ],
              "inflate": 0
            }
          ],
          "parent": "chest"
        },
        {
          "name": "elbow_r",
          "pivot": [
            -11,
            13,
            -19
          ],
          "cubes": [
            {
              "origin": [
                -12.5,
                2.5,
                -23.0
              ],
              "size": [
                4.0,
                12.0,
                6.0
              ],
              "uv": [
                160,
                112
              ],
              "inflate": 0
            }
          ],
          "parent": "shoulder_r"
        },
        {
          "name": "wrist_r",
          "pivot": [
            -11,
            3,
            -20
          ],
          "cubes": [
            {
              "origin": [
                -14.0,
                0.0,
                -24.0
              ],
              "size": [
                7.0,
                3.0,
                7.0
              ],
              "uv": [
                159,
                65
              ],
              "inflate": 0.01
            }
          ],
          "parent": "elbow_r"
        },
        {
          "name": "shoulder_l",
          "pivot": [
            11,
            19,
            -20
          ],
          "cubes": [
            {
              "origin": [
                8.0,
                9.5,
                -24.0
              ],
              "size": [
                5.0,
                12.0,
                8.0
              ],
              "uv": [
                135,
                142
              ],
              "inflate": 0
            }
          ],
          "parent": "chest"
        },
        {
          "name": "elbow_l",
          "pivot": [
            11,
            13,
            -19
          ],
          "cubes": [
            {
              "origin": [
                8.5,
                2.5,
                -23.0
              ],
              "size": [
                4.0,
                12.0,
                6.0
              ],
              "uv": [
                0,
                88
              ],
              "inflate": 0
            }
          ],
          "parent": "shoulder_l"
        },
        {
          "name": "wrist_l",
          "pivot": [
            11,
            3,
            -20
          ],
          "cubes": [
            {
              "origin": [
                7.0,
                0.0,
                -24.0
              ],
              "size": [
                7.0,
                3.0,
                7.0
              ],
              "uv": [
                43,
                158
              ],
              "inflate": 0.01
            }
          ],
          "parent": "elbow_l"
        },
        {
          "name": "tail0",
          "pivot": [
            0,
            28,
            15
          ],
          "cubes": [
            {
              "origin": [
                -9.0,
                19.0,
                13.0
              ],
              "size": [
                18.0,
                11.0,
                22.0
              ],
              "uv": [
                0,
                88
              ],
              "inflate": 0
            },
            {
              "origin": [
                -10.0,
                29.0,
                12.0
              ],
              "size": [
                20.0,
                5.0,
                24.0
              ],
              "uv": [
                78,
                42
              ],
              "inflate": 0
            }
          ],
          "parent": "root"
        },
        {
          "name": "spikes5_l",
          "pivot": [
            11,
            31,
            22
          ],
          "cubes": [
            {
              "origin": [
                8.0,
                31.0,
                17.0
              ],
              "size": [
                12.0,
                0.0,
                19.0
              ],
              "uv": [
                116,
                71
              ],
              "inflate": 0
            }
          ],
          "parent": "tail0"
        },
        {
          "name": "spikes5_r",
          "pivot": [
            -11,
            31,
            22
          ],
          "cubes": [
            {
              "origin": [
                -19.0,
                31.0,
                17.0
              ],
              "size": [
                12.0,
                0.0,
                20.0
              ],
              "uv": [
                58,
                42
              ],
              "inflate": 0
            }
          ],
          "parent": "tail0"
        },
        {
          "name": "tail1",
          "pivot": [
            0,
            24,
            35
          ],
          "cubes": [
            {
              "origin": [
                -6.0,
                28.0,
                34.0
              ],
              "size": [
                12.0,
                5.0,
                17.0
              ],
              "uv": [
                0,
                121
              ],
              "inflate": 0
            },
            {
              "origin": [
                -5.0,
                20.5,
                35.0
              ],
              "size": [
                10.0,
                10.0,
                16.0
              ],
              "uv": [
                124,
                116
              ],
              "inflate": 0
            }
          ],
          "parent": "tail0"
        },
        {
          "name": "spikes6_r",
          "pivot": [
            -5.5,
            30,
            42.5
          ],
          "cubes": [
            {
              "origin": [
                -15.0,
                30.0,
                37.0
              ],
              "size": [
                10.0,
                0.0,
                14.0
              ],
              "uv": [
                0,
                14
              ],
              "inflate": 0
            }
          ],
          "parent": "tail1"
        },
        {
          "name": "spikes6_l",
          "pivot": [
            5.5,
            30,
            42.5
          ],
          "cubes": [
            {
              "origin": [
                5.0,
                30.0,
                37.0
              ],
              "size": [
                10.0,
                0.0,
                14.0
              ],
              "uv": [
                0,
                0
              ],
              "inflate": 0
            }
          ],
          "parent": "tail1"
        },
        {
          "name": "tail2",
          "pivot": [
            0,
            27,
            50
          ],
          "cubes": [
            {
              "origin": [
                -3.0,
                22.5,
                50.0
              ],
              "size": [
                6.0,
                7.0,
                19.0
              ],
              "uv": [
                39,
                132
              ],
              "inflate": 0
            }
          ],
          "parent": "tail1"
        },
        {
          "name": "spikes7_r",
          "pivot": [
            -2.5,
            28,
            61
          ],
          "cubes": [
            {
              "origin": [
                -12.0,
                28.0,
                51.0
              ],
              "size": [
                10.0,
                0.0,
                17.0
              ],
              "uv": [
                41,
                88
              ],
              "inflate": 0
            }
          ],
          "parent": "tail2"
        },
        {
          "name": "spikes7_l",
          "pivot": [
            2.5,
            28,
            61
          ],
          "cubes": [
            {
              "origin": [
                2.0,
                28.0,
                52.0
              ],
              "size": [
                10.0,
                0.0,
                16.0
              ],
              "uv": [
                94,
                71
              ],
              "inflate": 0
            }
          ],
          "parent": "tail2"
        },
        {
          "name": "tail3",
          "pivot": [
            0,
            27.5,
            68
          ],
          "cubes": [
            {
              "origin": [
                -6.5,
                22.5,
                68.0
              ],
              "size": [
                13.0,
                9.0,
                16.0
              ],
              "uv": [
                120,
                17
              ],
              "inflate": 0
            }
          ],
          "parent": "tail2"
        },
        {
          "name": "rump_r",
          "pivot": [
            -12,
            23,
            9
          ],
          "cubes": [
            {
              "origin": [
                -15.0,
                14.0,
                5.0
              ],
              "size": [
                7.0,
                13.0,
                9.0
              ],
              "uv": [
                103,
                142
              ],
              "inflate": 0
            }
          ],
          "parent": "root"
        },
        {
          "name": "hip_r",
          "pivot": [
            -12,
            14,
            7
          ],
          "cubes": [
            {
              "origin": [
                -14.0,
                6.0,
                5.5
              ],
              "size": [
                5.0,
                9.0,
                7.0
              ],
              "uv": [
                19,
                156
              ],
              "inflate": 0
            }
          ],
          "parent": "rump_r"
        },
        {
          "name": "knee_r",
          "pivot": [
            -12,
            7,
            10
          ],
          "cubes": [
            {
              "origin": [
                -13.5,
                2.5,
                5.5
              ],
              "size": [
                4.0,
                6.0,
                6.0
              ],
              "uv": [
                159,
                75
              ],
              "inflate": 0
            }
          ],
          "parent": "hip_r"
        },
        {
          "name": "ankle_r",
          "pivot": [
            -12,
            2,
            8.5
          ],
          "cubes": [
            {
              "origin": [
                -15.0,
                0.0,
                4.5
              ],
              "size": [
                7.0,
                3.0,
                7.0
              ],
              "uv": [
                82,
                157
              ],
              "inflate": 0.01
            }
          ],
          "parent": "knee_r"
        },
        {
          "name": "rump_l",
          "pivot": [
            12,
            23,
            10
          ],
          "cubes": [
            {
              "origin": [
                8.0,
                14.0,
                6.0
              ],
              "size": [
                7.0,
                13.0,
                9.0
              ],
              "uv": [
                0,
                42
              ],
              "inflate": 0
            }
          ],
          "parent": "root"
        },
        {
          "name": "hip_l",
          "pivot": [
            12,
            14,
            8
          ],
          "cubes": [
            {
              "origin": [
                9.0,
                6.0,
                6.5
              ],
              "size": [
                5.0,
                9.0,
                7.0
              ],
              "uv": [
                154,
                155
              ],
              "inflate": 0
            }
          ],
          "parent": "rump_l"
        },
        {
          "name": "knee_l",
          "pivot": [
            12,
            7,
            11
          ],
          "cubes": [
            {
              "origin": [
                9.5,
                2.5,
                6.5
              ],
              "size": [
                4.0,
                6.0,
                6.0
              ],
              "uv": [
                0,
                22
              ],
              "inflate": 0
            }
          ],
          "parent": "hip_l"
        },
        {
          "name": "ankle_l",
          "pivot": [
            12,
            2,
            9.5
          ],
          "cubes": [
            {
              "origin": [
                8.0,
                0.0,
                5.5
              ],
              "size": [
                7.0,
                3.0,
                7.0
              ],
              "uv": [
                146,
                102
              ],
              "inflate": 0.01
            }
          ],
          "parent": "knee_l"
        }
      ]
    }
  ]
}