{
  "format_version": "1.12.0",
  "minecraft:geometry": [
    {
      "description": {
        "identifier": "geometry.md_barba",
        "texture_width": 128,
        "texture_height": 128,
        "visible_bounds_width": 8,
        "visible_bounds_height": 4,
        "visible_bounds_offset": [
          0,
          2,
          0
        ]
      },
      "bones": [
        {
          "name": "root",
          "pivot": [
            0,
            15,
            0
          ],
          "cubes": [
            {
              "origin": [
                -3.0,
                12.0,
                -1.5
              ],
              "size": [
                6.0,
                8.0,
                3.0
              ],
              "uv": [
                66,
                0
              ],
              "inflate": 0
            },
            {
              "origin": [
                -3.0,
                10.0,
                0.5
              ],
              "size": [
                6.0,
                2.0,
                1.0
              ],
              "uv": [
                74,
                50
              ],
              "inflate": 0
            }
          ]
        },
        {
          "name": "spine0",
          "pivot": [
            0,
            18,
            0
          ],
          "cubes": [
            {
              "origin": [
                -3.5,
                18.0,
                -2.0
              ],
              "size": [
                7.0,
                7.0,
                4.0
              ],
              "uv": [
                0,
                52
              ],
              "inflate": 0
            }
          ],
          "parent": "root"
        },
        {
          "name": "chest",
          "pivot": [
            0,
            23,
            0
          ],
          "parent": "spine0"
        },
        {
          "name": "shoulder_l",
          "pivot": [
            2,
            23.5,
            0
          ],
          "cubes": [
            {
              "origin": [
                2.0,
                22.0,
                -1.5
              ],
              "size": [
                10.0,
                3.0,
                3.0
              ],
              "pivot": [
                2.0,
                23.5,
                0.0
              ],
              "rotation": [
                0.0,
                0.0,
                20.0
              ],
              "uv": [
                22,
                53
              ],
              "inflate": 0
            },
            {
              "origin": [
                3.0,
                10.0,
                0.05
              ],
              "size": [
                8.0,
                15.0,
                0.0
              ],
              "uv": [
                0,
                63
              ],
              "inflate": 0
            }
          ],
          "parent": "chest"
        },
        {
          "name": "elbow_l",
          "pivot": [
            11,
            20.25,
            0
          ],
          "cubes": [
            {
              "origin": [
                10.0,
                19.25,
                -1.0
              ],
              "size": [
                10.0,
                2.0,
                2.0
              ],
              "pivot": [
                11.0,
                20.25,
                0.0
              ],
              "rotation": [
                0.0,
                0.0,
                -35.0
              ],
              "uv": [
                66,
                17
              ],
              "inflate": 0
            },
            {
              "origin": [
                11.0,
                13.0,
                0.05
              ],
              "size": [
                7.0,
                13.0,
                0.0
              ],
              "uv": [
                52,
                68
              ],
              "inflate": 0
            }
          ],
          "parent": "shoulder_l"
        },
        {
          "name": "wrist_l",
          "pivot": [
            18,
            25.5,
            0
          ],
          "cubes": [
            {
              "origin": [
                18.0,
                25.0,
                -0.5
              ],
              "size": [
                12.0,
                1.0,
                1.0
              ],
              "pivot": [
                18.0,
                25.5,
                0.0
              ],
              "rotation": [
                0.0,
                0.0,
                10.0
              ],
              "uv": [
                66,
                15
              ],
              "inflate": 0
            },
            {
              "origin": [
                22.0,
                25.0,
                -2.0
              ],
              "size": [
                3.0,
                3.0,
                2.0
              ],
              "pivot": [
                18.0,
                25.5,
                0.0
              ],
              "rotation": [
                0.0,
                0.0,
                10.0
              ],
              "uv": [
                80,
                53
              ],
              "inflate": 0
            },
            {
              "origin": [
                18.0,
                14.0,
                0.05
              ],
              "size": [
                12.0,
                11.0,
                0.0
              ],
              "uv": [
                44,
                23
              ],
              "inflate": 0
            }
          ],
          "parent": "elbow_l"
        },
        {
          "name": "index_finger_l",
          "pivot": [
            29.5,
            23.5,
            0
          ],
          "cubes": [
            {
              "origin": [
                29.5,
                14.0,
                0.05
              ],
              "size": [
                21.0,
                10.0,
                0.0
              ],
              "uv": [
                0,
                20
              ],
              "inflate": 0
            }
          ],
          "parent": "wrist_l"
        },
        {
          "name": "neck0",
          "pivot": [
            0,
            25,
            0
          ],
          "cubes": [
            {
              "origin": [
                -1.0,
                24.0,
                -1.5
              ],
              "size": [
                2.0,
                4.0,
                3.0
              ],
              "uv": [
                11,
                80
              ],
              "inflate": 0
            }
          ],
          "parent": "chest"
        },
        {
          "name": "neck1",
          "pivot": [
            0,
            27.25,
            0
          ],
          "cubes": [
            {
              "origin": [
                -1.0,
                27.0,
                -1.5
              ],
              "size": [
                2.0,
                4.0,
                3.0
              ],
              "uv": [
                38,
                59
              ],
              "inflate": -0.01
            }
          ],
          "parent": "neck0"
        },
        {
          "name": "head",
          "pivot": [
            0,
            32,
            0
          ],
          "cubes": [
            {
              "origin": [
                -2.0,
                30.0,
                -2.0
              ],
              "size": [
                4.0,
                4.0,
                4.0
              ],
              "uv": [
                74,
                42
              ],
              "inflate": 0.001
            },
            {
              "origin": [
                -2.0,
                31.0,
                -5.0
              ],
              "size": [
                4.0,
                3.0,
                3.0
              ],
              "uv": [
                77,
                78
              ],
              "inflate": 0
            },
            {
              "origin": [
                -1.0,
                31.0,
                -15.0
              ],
              "size": [
                2.0,
                2.0,
                10.0
              ],
              "uv": [
                42,
                0
              ],
              "inflate": 0
            },
            {
              "origin": [
                -0.9,
                28.0,
                -23.0
              ],
              "size": [
                1.8,
                2.0,
                3.0
              ],
              "pivot": [
                0.0,
                -2.0,
                0.0
              ],
              "rotation": [
                -10.0,
                0.0,
                0.0
              ],
              "uv": [
                33,
                78
              ],
              "inflate": 0
            }
          ],
          "parent": "neck1"
        },
        {
          "name": "jaw",
          "pivot": [
            0,
            31,
            -2
          ],
          "cubes": [
            {
              "origin": [
                -1.0,
                30.0,
                -16.9
              ],
              "size": [
                2.0,
                1.0,
                11.9
              ],
              "uv": [
                0,
                40
              ],
              "inflate": 0
            },
            {
              "origin": [
                -2.0,
                30.0,
                -5.0
              ],
              "size": [
                4.0,
                1.0,
                3.0
              ],
              "uv": [
                0,
                79
              ],
              "inflate": 0
            },
            {
              "origin": [
                -1.9,
                31.0,
                -4.0
              ],
              "size": [
                0.0,
                2.0,
                2.0
              ],
              "uv": [
                22,
                38
              ],
              "inflate": 0
            },
            {
              "origin": [
                1.9,
                31.0,
                -4.0
              ],
              "size": [
                0.0,
                2.0,
                2.0
              ],
              "uv": [
                7,
                38
              ],
              "inflate": 0
            }
          ],
          "parent": "head"
        },
        {
          "name": "horn",
          "pivot": [
            0,
            35,
            0
          ],
          "cubes": [
            {
              "origin": [
                -0.5,
                33.17365,
                -0.88059
              ],
              "size": [
                1.0,
                2.0,
                13.0
              ],
              "pivot": [
                0.0,
                34.40438,
                1.05211
              ],
              "rotation": [
                55.0,
                0.0,
                0.0
              ],
              "uv": [
                29,
                27
              ],
              "inflate": 0
            },
            {
              "origin": [
                -0.5,
                36.0,
                4.0
              ],
              "size": [
                1.0,
                1.0,
                7.0
              ],
              "pivot": [
                0.0,
                35.0,
                0.0
              ],
              "rotation": [
                3.21217,
                -0.25092,
                1.07069
              ],
              "uv": [
                9,
                71
              ],
              "inflate": 0
            }
          ],
          "parent": "head"
        },
        {
          "name": "eyelids",
          "pivot": [
            0,
            32,
            0
          ],
          "parent": "head"
        },
        {
          "name": "shoulder_r",
          "pivot": [
            -2,
            23.5,
            0
          ],
          "cubes": [
            {
              "origin": [
                -12.0,
                22.0,
                -1.5
              ],
              "size": [
                10.0,
                3.0,
                3.0
              ],
              "pivot": [
                -2.0,
                23.5,
                0.0
              ],
              "rotation": [
                0.0,
                0.0,
                -20.0
              ],
              "uv": [
                44,
                34
              ],
              "inflate": 0
            },
            {
              "origin": [
                -11.0,
                10.0,
                0.05
              ],
              "size": [
                8.0,
                15.0,
                0.0
              ],
              "uv": [
                48,
                53
              ],
              "inflate": 0
            }
          ],
          "parent": "chest"
        },
        {
          "name": "elbow_r",
          "pivot": [
            -11,
            20.25,
            0
          ],
          "cubes": [
            {
              "origin": [
                -20.0,
                19.25,
                -1.0
              ],
              "size": [
                10.0,
                2.0,
                2.0
              ],
              "pivot": [
                -11.0,
                20.25,
                0.0
              ],
              "rotation": [
                0.0,
                0.0,
                35.0
              ],
              "uv": [
                66,
                11
              ],
              "inflate": 0
            },
            {
              "origin": [
                -18.0,
                13.0,
                0.05
              ],
              "size": [
                7.0,
                13.0,
                0.0
              ],
              "uv": [
                68,
                21
              ],
              "inflate": 0
            }
          ],
          "parent": "shoulder_r"
        },
        {
          "name": "wrist_r",
          "pivot": [
            -18,
            25.5,
            0
          ],
          "cubes": [
            {
              "origin": [
                -30.0,
                25.0,
                -0.5
              ],
              "size": [
                12.0,
                1.0,
                1.0
              ],
              "pivot": [
                -18.0,
                25.5,
                0.0
              ],
              "rotation": [
                0.0,
                0.0,
                -10.0
              ],
              "uv": [
                57,
                40
              ],
              "inflate": 0
            },
            {
              "origin": [
                -25.0,
                25.0,
                -2.0
              ],
              "size": [
                3.0,
                3.0,
                2.0
              ],
              "pivot": [
                -18.0,
                25.5,
                0.0
              ],
              "rotation": [
                0.0,
                0.0,
                -10.0
              ],
              "uv": [
                21,
                80
              ],
              "inflate": 0
            },
            {
              "origin": [
                -30.0,
                14.0,
                0.05
              ],
              "size": [
                12.0,
                11.0,
                0.0
              ],
              "uv": [
                42,
                12
              ],
              "inflate": 0
            }
          ],
          "parent": "elbow_r"
        },
        {
          "name": "index_finger_r",
          "pivot": [
            -29.5,
            23.5,
            0
          ],
          "cubes": [
            {
              "origin": [
                -50.5,
                14.0,
                0.05
              ],
              "size": [
                21.0,
                10.0,
                0.0
              ],
              "uv": [
                0,
                0
              ],
              "inflate": 0
            }
          ],
          "parent": "wrist_r"
        },
        {
          "name": "tail0",
          "pivot": [
            0,
            12.5,
            1
          ],
          "cubes": [
            {
              "origin": [
                -0.5,
                8.5,
                0.5
              ],
              "size": [
                1.0,
                4.0,
                1.0
              ],
              "uv": [
                70,
                34
              ],
              "inflate": 0.01
            }
          ],
          "parent": "root"
        },
        {
          "name": "rump_l",
          "pivot": [
            3,
            15,
            0
          ],
          "cubes": [
            {
              "origin": [
                2.0,
                10.0,
                -1.5
              ],
              "size": [
                2.0,
                5.0,
                3.0
              ],
              "uv": [
                15,
                40
              ],
              "inflate": 0.01
            }
          ],
          "parent": "root"
        },
        {
          "name": "hip_l",
          "pivot": [
            3,
            10,
            -0.25
          ],
          "cubes": [
            {
              "origin": [
                2.0,
                4.0,
                -1.0
              ],
              "size": [
                2.0,
                7.0,
                2.0
              ],
              "uv": [
                56,
                0
              ],
              "inflate": 0
            }
          ],
          "parent": "rump_l"
        },
        {
          "name": "knee_l",
          "pivot": [
            3,
            4,
            0.25
          ],
          "cubes": [
            {
              "origin": [
                2.5,
                1.0,
                -0.5
              ],
              "size": [
                1.0,
                4.0,
                1.0
              ],
              "uv": [
                18,
                68
              ],
              "inflate": 0
            }
          ],
          "parent": "hip_l"
        },
        {
          "name": "ankle_l",
          "pivot": [
            3,
            1,
            0
          ],
          "cubes": [
            {
              "origin": [
                1.5,
                0.0,
                -4.5
              ],
              "size": [
                3.0,
                1.0,
                5.0
              ],
              "uv": [
                20,
                74
              ],
              "inflate": 0
            }
          ],
          "parent": "knee_l"
        },
        {
          "name": "rump_r",
          "pivot": [
            -3,
            15,
            0
          ],
          "cubes": [
            {
              "origin": [
                -4.0,
                10.0,
                -1.5
              ],
              "size": [
                2.0,
                5.0,
                3.0
              ],
              "uv": [
                0,
                40
              ],
              "inflate": 0.01
            }
          ],
          "parent": "root"
        },
        {
          "name": "hip_r",
          "pivot": [
            -3,
            10,
            -0.25
          ],
          "cubes": [
            {
              "origin": [
                -4.0,
                4.0,
                -1.0
              ],
              "size": [
                2.0,
                7.0,
                2.0
              ],
              "uv": [
                42,
                0
              ],
              "inflate": 0
            }
          ],
          "parent": "rump_r"
        },
        {
          "name": "knee_r",
          "pivot": [
            -3,
            4,
            0.25
          ],
          "cubes": [
            {
              "origin": [
                -3.5,
                1.0,
                -0.5
              ],
              "size": [
                1.0,
                4.0,
                1.0
              ],
              "uv": [
                16,
                63
              ],
              "inflate": 0
            }
          ],
          "parent": "hip_r"
        },
        {
          "name": "ankle_r",
          "pivot": [
            -3,
            1,
            0
          ],
          "cubes": [
            {
              "origin": [
                -4.5,
                0.0,
                -4.5
              ],
              "size": [
                3.0,
                1.0,
                5.0
              ],
              "uv": [
                70,
                34
              ],
              "inflate": 0
            }
          ],
          "parent": "knee_r"
        }
      ]
    }
  ]
}