{
  "format_version": "1.12.0",
  "minecraft:geometry": [
    {
      "description": {
        "identifier": "geometry.md_bbb",
        "texture_width": 64,
        "texture_height": 64,
        "visible_bounds_width": 6,
        "visible_bounds_height": 4,
        "visible_bounds_offset": [
          0,
          1,
          0
        ]
      },
      "bones": [
        {
          "name": "root",
          "pivot": [
            0,
            10,
            4
          ],
          "cubes": [
            {
              "origin": [
                -3.0,
                5.0,
                1.0
              ],
              "size": [
                6.0,
                7.0,
                8.0
              ],
              "uv": {
                "north": {
                  "uv": [
                    25,
                    7
                  ],
                  "uv_size": [
                    6,
                    7
                  ]
                },
                "east": {
                  "uv": [
                    7,
                    17
                  ],
                  "uv_size": [
                    8,
                    7
                  ]
                },
                "south": {
                  "uv": [
                    28,
                    28
                  ],
                  "uv_size": [
                    6,
                    7
                  ]
                },
                "west": {
                  "uv": [
                    23,
                    14
                  ],
                  "uv_size": [
                    8,
                    7
                  ]
                },
                "up": {
                  "uv": [
                    0,
                    26
                  ],
                  "uv_size": [
                    6,
                    8
                  ]
                },
                "down": {
                  "uv": [
                    22,
                    36
                  ],
                  "uv_size": [
                    6,
                    -8
                  ]
                }
              },
              "inflate": 0.01
            },
            {
              "origin": [
                -4.0,
                11.0,
                1.0
              ],
              "size": [
                8.0,
                3.5,
                8.0
              ],
              "uv": {
                "north": {
                  "uv": [
                    39,
                    38
                  ],
                  "uv_size": [
                    8,
                    3.5
                  ]
                },
                "east": {
                  "uv": [
                    18,
                    40
                  ],
                  "uv_size": [
                    8,
                    3.5
                  ]
                },
                "south": {
                  "uv": [
                    40,
                    26
                  ],
                  "uv_size": [
                    8,
                    3.5
                  ]
                },
                "west": {
                  "uv": [
                    40,
                    30
                  ],
                  "uv_size": [
                    8,
                    3.5
                  ]
                },
                "up": {
                  "uv": [
                    0,
                    9
                  ],
                  "uv_size": [
                    8,
                    8
                  ]
                },
                "down": {
                  "uv": [
                    8,
                    17
                  ],
                  "uv_size": [
                    8,
                    -8
                  ]
                }
              },
              "inflate": 0
            }
          ]
        },
        {
          "name": "spine0",
          "pivot": [
            0,
            10,
            1
          ],
          "cubes": [
            {
              "origin": [
                -3.5,
                5.25,
                -7.25
              ],
              "size": [
                7.0,
                7.0,
                9.0
              ],
              "uv": {
                "north": {
                  "uv": [
                    15,
                    23
                  ],
                  "uv_size": [
                    7,
                    7
                  ]
                },
                "east": {
                  "uv": [
                    16,
                    0
                  ],
                  "uv_size": [
                    9,
                    7
                  ]
                },
                "south": {
                  "uv": [
                    23,
                    21
                  ],
                  "uv_size": [
                    7,
                    7
                  ]
                },
                "west": {
                  "uv": [
                    16,
                    7
                  ],
                  "uv_size": [
                    9,
                    7
                  ]
                },
                "up": {
                  "uv": [
                    16,
                    14
                  ],
                  "uv_size": [
                    7,
                    9
                  ]
                },
                "down": {
                  "uv": [
                    0,
                    26
                  ],
                  "uv_size": [
                    7,
                    -9
                  ]
                }
              },
              "inflate": 0
            },
            {
              "origin": [
                -4.0,
                11.0,
                -7.0
              ],
              "size": [
                8.0,
                3.5,
                9.0
              ],
              "uv": {
                "north": {
                  "uv": [
                    26,
                    41
                  ],
                  "uv_size": [
                    8,
                    3.5
                  ]
                },
                "east": {
                  "uv": [
                    34,
                    34
                  ],
                  "uv_size": [
                    9,
                    3.5
                  ]
                },
                "south": {
                  "uv": [
                    42,
                    18
                  ],
                  "uv_size": [
                    8,
                    3.5
                  ]
                },
                "west": {
                  "uv": [
                    20,
                    36
                  ],
                  "uv_size": [
                    9,
                    3.5
                  ]
                },
                "up": {
                  "uv": [
                    0,
                    0
                  ],
                  "uv_size": [
                    8,
                    9
                  ]
                },
                "down": {
                  "uv": [
                    8,
                    9
                  ],
                  "uv_size": [
                    8,
                    -9
                  ]
                }
              },
              "inflate": 0
            }
          ],
          "parent": "root",
          "rotation": [
            -7.5,
            0,
            0
          ]
        },
        {
          "name": "chest",
          "pivot": [
            0,
            10,
            -5
          ],
          "parent": "spine0"
        },
        {
          "name": "shoulder_l",
          "pivot": [
            3.5,
            10.5,
            -5.75
          ],
          "cubes": [
            {
              "origin": [
                2.0,
                3.0,
                -6.75
              ],
              "size": [
                3.0,
                6.0,
                3.0
              ],
              "uv": {
                "north": {
                  "uv": [
                    38,
                    47
                  ],
                  "uv_size": [
                    3,
                    6
                  ]
                },
                "east": {
                  "uv": [
                    41,
                    47
                  ],
                  "uv_size": [
                    3,
                    6
                  ]
                },
                "south": {
                  "uv": [
                    48,
                    22
                  ],
                  "uv_size": [
                    3,
                    6
                  ]
                },
                "west": {
                  "uv": [
                    48,
                    28
                  ],
                  "uv_size": [
                    3,
                    6
                  ]
                },
                "up": {
                  "uv": [
                    53,
                    18
                  ],
                  "uv_size": [
                    3,
                    3
                  ]
                },
                "down": {
                  "uv": [
                    53,
                    40
                  ],
                  "uv_size": [
                    3,
                    -3
                  ]
                }
              },
              "inflate": 0
            }
          ],
          "parent": "chest",
          "rotation": [
            7.5,
            0,
            0
          ]
        },
        {
          "name": "elbow_l",
          "pivot": [
            3.5,
            4.5,
            -4.75
          ],
          "cubes": [
            {
              "origin": [
                2.5,
                -0.25,
                -7.0
              ],
              "size": [
                2.0,
                5.0,
                3.0
              ],
              "uv": {
                "north": {
                  "uv": [
                    53,
                    13
                  ],
                  "uv_size": [
                    2,
                    5
                  ]
                },
                "east": {
                  "uv": [
                    51,
                    3
                  ],
                  "uv_size": [
                    3,
                    5
                  ]
                },
                "south": {
                  "uv": [
                    53,
                    32
                  ],
                  "uv_size": [
                    2,
                    5
                  ]
                },
                "west": {
                  "uv": [
                    51,
                    8
                  ],
                  "uv_size": [
                    3,
                    5
                  ]
                },
                "up": {
                  "uv": [
                    18,
                    37
                  ],
                  "uv_size": [
                    2,
                    3
                  ]
                },
                "down": {
                  "uv": [
                    51,
                    16
                  ],
                  "uv_size": [
                    2,
                    -3
                  ]
                }
              },
              "inflate": 0
            }
          ],
          "parent": "shoulder_l"
        },
        {
          "name": "wrist_l",
          "pivot": [
            3.5,
            -0.5,
            -4.25
          ],
          "cubes": [
            {
              "origin": [
                2.5,
                -1.5,
                -7.0
              ],
              "size": [
                2.0,
                3.0,
                3.0
              ],
              "uv": {
                "north": {
                  "uv": [
                    55,
                    34
                  ],
                  "uv_size": [
                    2,
                    3
                  ]
                },
                "east": {
                  "uv": [
                    41,
                    53
                  ],
                  "uv_size": [
                    3,
                    3
                  ]
                },
                "south": {
                  "uv": [
                    21,
                    56
                  ],
                  "uv_size": [
                    2,
                    3
                  ]
                },
                "west": {
                  "uv": [
                    53,
                    47
                  ],
                  "uv_size": [
                    3,
                    3
                  ]
                },
                "up": {
                  "uv": [
                    23,
                    56
                  ],
                  "uv_size": [
                    2,
                    3
                  ]
                },
                "down": {
                  "uv": [
                    25,
                    59
                  ],
                  "uv_size": [
                    2,
                    -3
                  ]
                }
              },
              "inflate": 0.01
            }
          ],
          "parent": "elbow_l"
        },
        {
          "name": "shoulder_r",
          "pivot": [
            -3.5,
            10.5,
            -6.75
          ],
          "cubes": [
            {
              "origin": [
                -5.0,
                3.0,
                -6.75
              ],
              "size": [
                3.0,
                6.0,
                3.0
              ],
              "uv": {
                "north": {
                  "uv": [
                    44,
                    48
                  ],
                  "uv_size": [
                    3,
                    6
                  ]
                },
                "east": {
                  "uv": [
                    47,
                    48
                  ],
                  "uv_size": [
                    3,
                    6
                  ]
                },
                "south": {
                  "uv": [
                    4,
                    49
                  ],
                  "uv_size": [
                    3,
                    6
                  ]
                },
                "west": {
                  "uv": [
                    7,
                    49
                  ],
                  "uv_size": [
                    3,
                    6
                  ]
                },
                "up": {
                  "uv": [
                    50,
                    53
                  ],
                  "uv_size": [
                    3,
                    3
                  ]
                },
                "down": {
                  "uv": [
                    53,
                    53
                  ],
                  "uv_size": [
                    3,
                    -3
                  ]
                }
              },
              "inflate": 0
            }
          ],
          "parent": "chest",
          "rotation": [
            7.5,
            0,
            0
          ]
        },
        {
          "name": "elbow_r",
          "pivot": [
            -3.5,
            4.5,
            -4.75
          ],
          "cubes": [
            {
              "origin": [
                -4.5,
                -0.25,
                -7.0
              ],
              "size": [
                2.0,
                5.0,
                3.0
              ],
              "uv": {
                "north": {
                  "uv": [
                    37,
                    53
                  ],
                  "uv_size": [
                    2,
                    5
                  ]
                },
                "east": {
                  "uv": [
                    51,
                    22
                  ],
                  "uv_size": [
                    3,
                    5
                  ]
                },
                "south": {
                  "uv": [
                    39,
                    53
                  ],
                  "uv_size": [
                    2,
                    5
                  ]
                },
                "west": {
                  "uv": [
                    24,
                    51
                  ],
                  "uv_size": [
                    3,
                    5
                  ]
                },
                "up": {
                  "uv": [
                    27,
                    56
                  ],
                  "uv_size": [
                    2,
                    3
                  ]
                },
                "down": {
                  "uv": [
                    29,
                    59
                  ],
                  "uv_size": [
                    2,
                    -3
                  ]
                }
              },
              "inflate": 0
            }
          ],
          "parent": "shoulder_r"
        },
        {
          "name": "wrist_r",
          "pivot": [
            -3.5,
            -0.5,
            -4.25
          ],
          "cubes": [
            {
              "origin": [
                -4.5,
                -1.5,
                -7.0
              ],
              "size": [
                2.0,
                3.0,
                3.0
              ],
              "uv": {
                "north": {
                  "uv": [
                    31,
                    56
                  ],
                  "uv_size": [
                    2,
                    3
                  ]
                },
                "east": {
                  "uv": [
                    53,
                    53
                  ],
                  "uv_size": [
                    3,
                    3
                  ]
                },
                "south": {
                  "uv": [
                    33,
                    56
                  ],
                  "uv_size": [
                    2,
                    3
                  ]
                },
                "west": {
                  "uv": [
                    54,
                    3
                  ],
                  "uv_size": [
                    3,
                    3
                  ]
                },
                "up": {
                  "uv": [
                    35,
                    56
                  ],
                  "uv_size": [
                    2,
                    3
                  ]
                },
                "down": {
                  "uv": [
                    56,
                    40
                  ],
                  "uv_size": [
                    2,
                    -3
                  ]
                }
              },
              "inflate": 0.01
            }
          ],
          "parent": "elbow_r"
        },
        {
          "name": "neck0",
          "pivot": [
            0,
            10,
            -7.5
          ],
          "cubes": [
            {
              "origin": [
                -2.0,
                7.0,
                -10.0
              ],
              "size": [
                4.0,
                6.0,
                6.0
              ],
              "uv": {
                "north": {
                  "uv": [
                    43,
                    5
                  ],
                  "uv_size": [
                    4,
                    6
                  ]
                },
                "east": {
                  "uv": [
                    0,
                    34
                  ],
                  "uv_size": [
                    6,
                    6
                  ]
                },
                "south": {
                  "uv": [
                    6,
                    43
                  ],
                  "uv_size": [
                    4,
                    6
                  ]
                },
                "west": {
                  "uv": [
                    34,
                    28
                  ],
                  "uv_size": [
                    6,
                    6
                  ]
                },
                "up": {
                  "uv": [
                    43,
                    11
                  ],
                  "uv_size": [
                    4,
                    6
                  ]
                },
                "down": {
                  "uv": [
                    18,
                    50
                  ],
                  "uv_size": [
                    4,
                    -6
                  ]
                }
              },
              "inflate": 0
            }
          ],
          "parent": "chest",
          "rotation": [
            50,
            0,
            0
          ]
        },
        {
          "name": "neck1",
          "pivot": [
            0,
            15.5,
            -6.5
          ],
          "parent": "neck0"
        },
        {
          "name": "head",
          "pivot": [
            0,
            12.5,
            -8
          ],
          "cubes": [
            {
              "origin": [
                -3.4213,
                11.4979,
                -11.6309
              ],
              "size": [
                6.84259,
                6.84259,
                6.05219
              ],
              "uv": {
                "north": {
                  "uv": [
                    7,
                    24
                  ],
                  "uv_size": [
                    7,
                    7
                  ]
                },
                "east": {
                  "uv": [
                    14,
                    30
                  ],
                  "uv_size": [
                    6,
                    7
                  ]
                },
                "south": {
                  "uv": [
                    25,
                    0
                  ],
                  "uv_size": [
                    7,
                    7
                  ]
                },
                "west": {
                  "uv": [
                    30,
                    21
                  ],
                  "uv_size": [
                    6,
                    7
                  ]
                },
                "up": {
                  "uv": [
                    6,
                    31
                  ],
                  "uv_size": [
                    7,
                    6
                  ]
                },
                "down": {
                  "uv": [
                    31,
                    13
                  ],
                  "uv_size": [
                    7,
                    -6
                  ]
                }
              },
              "inflate": 0.01
            },
            {
              "origin": [
                -2.8165,
                13.1027,
                -15.2597
              ],
              "size": [
                5.63299,
                4.42339,
                5.63299
              ],
              "uv": {
                "north": {
                  "uv": [
                    0,
                    40
                  ],
                  "uv_size": [
                    5.5,
                    4.5
                  ]
                },
                "east": {
                  "uv": [
                    12,
                    42
                  ],
                  "uv_size": [
                    5.5,
                    4.5
                  ]
                },
                "south": {
                  "uv": [
                    39,
                    42
                  ],
                  "uv_size": [
                    5.5,
                    4.5
                  ]
                },
                "west": {
                  "uv": [
                    43,
                    0
                  ],
                  "uv_size": [
                    5.5,
                    4.5
                  ]
                },
                "up": {
                  "uv": [
                    36,
                    20
                  ],
                  "uv_size": [
                    5.5,
                    5.5
                  ]
                },
                "down": {
                  "uv": [
                    6,
                    42.5
                  ],
                  "uv_size": [
                    5.5,
                    -5.5
                  ]
                }
              },
              "inflate": 0.01
            },
            {
              "origin": [
                0.0,
                16.5,
                -8.0
              ],
              "size": [
                2.0,
                4.0,
                1.0
              ],
              "pivot": [
                0.0,
                12.5,
                -8.0
              ],
              "rotation": [
                -15.74348,
                10.76183,
                -47.83625
              ],
              "uv": {
                "north": {
                  "uv": [
                    10,
                    43
                  ],
                  "uv_size": [
                    2,
                    4
                  ]
                },
                "east": {
                  "uv": [
                    15,
                    17
                  ],
                  "uv_size": [
                    1,
                    4
                  ]
                },
                "south": {
                  "uv": [
                    4,
                    45
                  ],
                  "uv_size": [
                    2,
                    4
                  ]
                },
                "west": {
                  "uv": [
                    22,
                    23
                  ],
                  "uv_size": [
                    1,
                    4
                  ]
                },
                "up": {
                  "uv": [
                    37,
                    19
                  ],
                  "uv_size": [
                    2,
                    1
                  ]
                },
                "down": {
                  "uv": [
                    38,
                    13
                  ],
                  "uv_size": [
                    2,
                    -1
                  ]
                }
              },
              "inflate": 0
            },
            {
              "origin": [
                -2.0,
                16.5,
                -9.0
              ],
              "size": [
                2.0,
                4.0,
                1.0
              ],
              "pivot": [
                0.0,
                12.5,
                -8.0
              ],
              "rotation": [
                -23.3427,
                -10.63745,
                46.86234
              ],
              "uv": {
                "north": {
                  "uv": [
                    54,
                    43
                  ],
                  "uv_size": [
                    2,
                    4
                  ]
                },
                "east": {
                  "uv": [
                    14,
                    24
                  ],
                  "uv_size": [
                    1,
                    4
                  ]
                },
                "south": {
                  "uv": [
                    44,
                    54
                  ],
                  "uv_size": [
                    2,
                    4
                  ]
                },
                "west": {
                  "uv": [
                    6,
                    26
                  ],
                  "uv_size": [
                    1,
                    4
                  ]
                },
                "up": {
                  "uv": [
                    39,
                    19
                  ],
                  "uv_size": [
                    2,
                    1
                  ]
                },
                "down": {
                  "uv": [
                    40,
                    13
                  ],
                  "uv_size": [
                    2,
                    -1
                  ]
                }
              },
              "inflate": 0
            },
            {
              "origin": [
                0.0,
                13.5,
                -8.0
              ],
              "size": [
                2.0,
                4.0,
                1.0
              ],
              "pivot": [
                0.0,
                12.5,
                -8.0
              ],
              "rotation": [
                -16.60009,
                -9.36191,
                -109.97528
              ],
              "uv": {
                "north": {
                  "uv": [
                    46,
                    54
                  ],
                  "uv_size": [
                    2,
                    4
                  ]
                },
                "east": {
                  "uv": [
                    13,
                    31
                  ],
                  "uv_size": [
                    1,
                    4
                  ]
                },
                "south": {
                  "uv": [
                    48,
                    54
                  ],
                  "uv_size": [
                    2,
                    4
                  ]
                },
                "west": {
                  "uv": [
                    33,
                    51
                  ],
                  "uv_size": [
                    1,
                    4
                  ]
                },
                "up": {
                  "uv": [
                    26,
                    40
                  ],
                  "uv_size": [
                    2,
                    1
                  ]
                },
                "down": {
                  "uv": [
                    47,
                    17
                  ],
                  "uv_size": [
                    2,
                    -1
                  ]
                }
              },
              "inflate": 0
            },
            {
              "origin": [
                0.0,
                7.5,
                -8.0
              ],
              "size": [
                2.0,
                4.0,
                1.0
              ],
              "pivot": [
                0.0,
                12.5,
                -8.0
              ],
              "rotation": [
                14.18311,
                -17.04591,
                -69.67273
              ],
              "uv": {
                "north": {
                  "uv": [
                    0,
                    55
                  ],
                  "uv_size": [
                    2,
                    4
                  ]
                },
                "east": {
                  "uv": [
                    17,
                    52
                  ],
                  "uv_size": [
                    1,
                    4
                  ]
                },
                "south": {
                  "uv": [
                    2,
                    55
                  ],
                  "uv_size": [
                    2,
                    4
                  ]
                },
                "west": {
                  "uv": [
                    43,
                    56
                  ],
                  "uv_size": [
                    1,
                    4
                  ]
                },
                "up": {
                  "uv": [
                    47,
                    41
                  ],
                  "uv_size": [
                    2,
                    1
                  ]
                },
                "down": {
                  "uv": [
                    49,
                    4
                  ],
                  "uv_size": [
                    2,
                    -1
                  ]
                }
              },
              "inflate": 0
            }
          ],
          "parent": "neck1",
          "rotation": [
            -42.24482,
            -0.93762,
            -0.55797
          ]
        },
        {
          "name": "eyelids",
          "pivot": [
            0,
            2.8384,
            -9.6768
          ],
          "parent": "head"
        },
        {
          "name": "jaw",
          "pivot": [
            0,
            15.8416,
            -12.7008
          ],
          "cubes": [
            {
              "origin": [
                -2.8165,
                11.8931,
                -14.6549
              ],
              "size": [
                5.63299,
                1.21379,
                6.84259
              ],
              "uv": {
                "north": {
                  "uv": [
                    55,
                    1
                  ],
                  "uv_size": [
                    5.5,
                    1
                  ]
                },
                "east": {
                  "uv": [
                    43,
                    17
                  ],
                  "uv_size": [
                    7,
                    1
                  ]
                },
                "south": {
                  "uv": [
                    55,
                    2
                  ],
                  "uv_size": [
                    5.5,
                    1
                  ]
                },
                "west": {
                  "uv": [
                    55,
                    0
                  ],
                  "uv_size": [
                    7,
                    1
                  ]
                },
                "up": {
                  "uv": [
                    31,
                    13
                  ],
                  "uv_size": [
                    5.5,
                    7
                  ]
                },
                "down": {
                  "uv": [
                    32,
                    7
                  ],
                  "uv_size": [
                    5.5,
                    -7
                  ]
                }
              },
              "inflate": 0.01
            }
          ],
          "parent": "head"
        },
        {
          "name": "tail0",
          "pivot": [
            0,
            11,
            7
          ],
          "cubes": [
            {
              "origin": [
                -2.0,
                9.0,
                7.0
              ],
              "size": [
                4.0,
                5.0,
                6.0
              ],
              "uv": {
                "north": {
                  "uv": [
                    47,
                    11
                  ],
                  "uv_size": [
                    4,
                    5
                  ]
                },
                "east": {
                  "uv": [
                    12,
                    37
                  ],
                  "uv_size": [
                    6,
                    5
                  ]
                },
                "south": {
                  "uv": [
                    14,
                    47
                  ],
                  "uv_size": [
                    4,
                    5
                  ]
                },
                "west": {
                  "uv": [
                    37,
                    13
                  ],
                  "uv_size": [
                    6,
                    5
                  ]
                },
                "up": {
                  "uv": [
                    22,
                    44
                  ],
                  "uv_size": [
                    4,
                    6
                  ]
                },
                "down": {
                  "uv": [
                    34,
                    50
                  ],
                  "uv_size": [
                    4,
                    -6
                  ]
                }
              },
              "inflate": 0
            }
          ],
          "parent": "root",
          "rotation": [
            -12.5,
            0,
            0
          ]
        },
        {
          "name": "tail1",
          "pivot": [
            0,
            12,
            13
          ],
          "cubes": [
            {
              "origin": [
                -1.5,
                10.0,
                12.0
              ],
              "size": [
                3.0,
                3.0,
                6.0
              ],
              "uv": {
                "north": {
                  "uv": [
                    54,
                    6
                  ],
                  "uv_size": [
                    3,
                    3
                  ]
                },
                "east": {
                  "uv": [
                    47,
                    38
                  ],
                  "uv_size": [
                    6,
                    3
                  ]
                },
                "south": {
                  "uv": [
                    54,
                    9
                  ],
                  "uv_size": [
                    3,
                    3
                  ]
                },
                "west": {
                  "uv": [
                    49,
                    0
                  ],
                  "uv_size": [
                    6,
                    3
                  ]
                },
                "up": {
                  "uv": [
                    49,
                    41
                  ],
                  "uv_size": [
                    3,
                    6
                  ]
                },
                "down": {
                  "uv": [
                    50,
                    22
                  ],
                  "uv_size": [
                    3,
                    -6
                  ]
                }
              },
              "inflate": -0.01
            }
          ],
          "parent": "tail0",
          "rotation": [
            12.5,
            0,
            0
          ]
        },
        {
          "name": "tail2",
          "pivot": [
            0,
            12,
            19
          ],
          "cubes": [
            {
              "origin": [
                -2.0,
                12.0,
                14.0
              ],
              "size": [
                4.0,
                4.0,
                6.0
              ],
              "pivot": [
                0.0,
                -1.0,
                0.0
              ],
              "rotation": [
                -7.5,
                0.0,
                0.0
              ],
              "uv": {
                "north": {
                  "uv": [
                    49,
                    34
                  ],
                  "uv_size": [
                    4,
                    4
                  ]
                },
                "east": {
                  "uv": [
                    42,
                    22
                  ],
                  "uv_size": [
                    6,
                    4
                  ]
                },
                "south": {
                  "uv": [
                    0,
                    51
                  ],
                  "uv_size": [
                    4,
                    4
                  ]
                },
                "west": {
                  "uv": [
                    43,
                    34
                  ],
                  "uv_size": [
                    6,
                    4
                  ]
                },
                "up": {
                  "uv": [
                    0,
                    45
                  ],
                  "uv_size": [
                    4,
                    6
                  ]
                },
                "down": {
                  "uv": [
                    26,
                    51
                  ],
                  "uv_size": [
                    4,
                    -6
                  ]
                }
              },
              "inflate": -0.02
            }
          ],
          "parent": "tail1",
          "rotation": [
            17.5,
            0,
            0
          ]
        },
        {
          "name": "tail3",
          "pivot": [
            0,
            12.5,
            25
          ],
          "parent": "tail2"
        },
        {
          "name": "rump_l",
          "pivot": [
            3.5,
            10.5,
            5
          ],
          "cubes": [
            {
              "origin": [
                2.0,
                5.5,
                3.0
              ],
              "size": [
                3.0,
                6.0,
                5.0
              ],
              "uv": {
                "north": {
                  "uv": [
                    18,
                    50
                  ],
                  "uv_size": [
                    3,
                    6
                  ]
                },
                "east": {
                  "uv": [
                    29,
                    35
                  ],
                  "uv_size": [
                    5,
                    6
                  ]
                },
                "south": {
                  "uv": [
                    21,
                    50
                  ],
                  "uv_size": [
                    3,
                    6
                  ]
                },
                "west": {
                  "uv": [
                    38,
                    0
                  ],
                  "uv_size": [
                    5,
                    6
                  ]
                },
                "up": {
                  "uv": [
                    27,
                    51
                  ],
                  "uv_size": [
                    3,
                    5
                  ]
                },
                "down": {
                  "uv": [
                    51,
                    32
                  ],
                  "uv_size": [
                    3,
                    -5
                  ]
                }
              },
              "inflate": 0
            }
          ],
          "parent": "root"
        },
        {
          "name": "hip_l",
          "pivot": [
            4,
            6.5,
            5
          ],
          "cubes": [
            {
              "origin": [
                2.5,
                1.0,
                3.5
              ],
              "size": [
                2.0,
                6.0,
                4.0
              ],
              "uv": {
                "north": {
                  "uv": [
                    20,
                    30
                  ],
                  "uv_size": [
                    2,
                    6
                  ]
                },
                "east": {
                  "uv": [
                    30,
                    45
                  ],
                  "uv_size": [
                    4,
                    6
                  ]
                },
                "south": {
                  "uv": [
                    52,
                    41
                  ],
                  "uv_size": [
                    2,
                    6
                  ]
                },
                "west": {
                  "uv": [
                    45,
                    42
                  ],
                  "uv_size": [
                    4,
                    6
                  ]
                },
                "up": {
                  "uv": [
                    4,
                    55
                  ],
                  "uv_size": [
                    2,
                    4
                  ]
                },
                "down": {
                  "uv": [
                    6,
                    59
                  ],
                  "uv_size": [
                    2,
                    -4
                  ]
                }
              },
              "inflate": 0
            }
          ],
          "parent": "rump_l"
        },
        {
          "name": "knee_l",
          "pivot": [
            3.5,
            1,
            5
          ],
          "cubes": [
            {
              "origin": [
                2.5,
                0.0,
                2.0
              ],
              "size": [
                2.0,
                1.0,
                4.0
              ],
              "uv": {
                "north": {
                  "uv": [
                    49,
                    4
                  ],
                  "uv_size": [
                    2,
                    1
                  ]
                },
                "east": {
                  "uv": [
                    31,
                    20
                  ],
                  "uv_size": [
                    4,
                    1
                  ]
                },
                "south": {
                  "uv": [
                    24,
                    50
                  ],
                  "uv_size": [
                    2,
                    1
                  ]
                },
                "west": {
                  "uv": [
                    36,
                    26
                  ],
                  "uv_size": [
                    4,
                    1
                  ]
                },
                "up": {
                  "uv": [
                    8,
                    55
                  ],
                  "uv_size": [
                    2,
                    4
                  ]
                },
                "down": {
                  "uv": [
                    55,
                    16
                  ],
                  "uv_size": [
                    2,
                    -4
                  ]
                }
              },
              "inflate": 0
            }
          ],
          "parent": "hip_l"
        },
        {
          "name": "ankle_l",
          "pivot": [
            3.5,
            0.5,
            2.5
          ],
          "cubes": [
            {
              "origin": [
                2.5,
                0.0,
                0.5
              ],
              "size": [
                2.0,
                3.0,
                3.0
              ],
              "uv": {
                "north": {
                  "uv": [
                    41,
                    56
                  ],
                  "uv_size": [
                    2,
                    3
                  ]
                },
                "east": {
                  "uv": [
                    54,
                    21
                  ],
                  "uv_size": [
                    3,
                    3
                  ]
                },
                "south": {
                  "uv": [
                    56,
                    43
                  ],
                  "uv_size": [
                    2,
                    3
                  ]
                },
                "west": {
                  "uv": [
                    54,
                    24
                  ],
                  "uv_size": [
                    3,
                    3
                  ]
                },
                "up": {
                  "uv": [
                    56,
                    46
                  ],
                  "uv_size": [
                    2,
                    3
                  ]
                },
                "down": {
                  "uv": [
                    56,
                    52
                  ],
                  "uv_size": [
                    2,
                    -3
                  ]
                }
              },
              "inflate": 0.01
            }
          ],
          "parent": "knee_l"
        },
        {
          "name": "rump_r",
          "pivot": [
            -3.5,
            10.5,
            5
          ],
          "cubes": [
            {
              "origin": [
                -5.0,
                5.5,
                3.0
              ],
              "size": [
                3.0,
                6.0,
                5.0
              ],
              "uv": {
                "north": {
                  "uv": [
                    34,
                    50
                  ],
                  "uv_size": [
                    3,
                    6
                  ]
                },
                "east": {
                  "uv": [
                    38,
                    6
                  ],
                  "uv_size": [
                    5,
                    6
                  ]
                },
                "south": {
                  "uv": [
                    50,
                    47
                  ],
                  "uv_size": [
                    3,
                    6
                  ]
                },
                "west": {
                  "uv": [
                    34,
                    38
                  ],
                  "uv_size": [
                    5,
                    6
                  ]
                },
                "up": {
                  "uv": [
                    30,
                    51
                  ],
                  "uv_size": [
                    3,
                    5
                  ]
                },
                "down": {
                  "uv": [
                    14,
                    57
                  ],
                  "uv_size": [
                    3,
                    -5
                  ]
                }
              },
              "inflate": 0
            }
          ],
          "parent": "root"
        },
        {
          "name": "hip_r",
          "pivot": [
            -3,
            6.5,
            5
          ],
          "cubes": [
            {
              "origin": [
                -4.5,
                1.0,
                3.5
              ],
              "size": [
                2.0,
                6.0,
                4.0
              ],
              "uv": {
                "north": {
                  "uv": [
                    10,
                    53
                  ],
                  "uv_size": [
                    2,
                    6
                  ]
                },
                "east": {
                  "uv": [
                    47,
                    5
                  ],
                  "uv_size": [
                    4,
                    6
                  ]
                },
                "south": {
                  "uv": [
                    12,
                    53
                  ],
                  "uv_size": [
                    2,
                    6
                  ]
                },
                "west": {
                  "uv": [
                    10,
                    47
                  ],
                  "uv_size": [
                    4,
                    6
                  ]
                },
                "up": {
                  "uv": [
                    55,
                    30
                  ],
                  "uv_size": [
                    2,
                    4
                  ]
                },
                "down": {
                  "uv": [
                    56,
                    20
                  ],
                  "uv_size": [
                    2,
                    -4
                  ]
                }
              },
              "inflate": 0
            }
          ],
          "parent": "rump_r"
        },
        {
          "name": "knee_r",
          "pivot": [
            -3.5,
            1,
            5
          ],
          "cubes": [
            {
              "origin": [
                -4.5,
                0.0,
                2.0
              ],
              "size": [
                2.0,
                1.0,
                4.0
              ],
              "uv": {
                "north": {
                  "uv": [
                    51,
                    32
                  ],
                  "uv_size": [
                    2,
                    1
                  ]
                },
                "east": {
                  "uv": [
                    36,
                    27
                  ],
                  "uv_size": [
                    4,
                    1
                  ]
                },
                "south": {
                  "uv": [
                    51,
                    33
                  ],
                  "uv_size": [
                    2,
                    1
                  ]
                },
                "west": {
                  "uv": [
                    37,
                    18
                  ],
                  "uv_size": [
                    4,
                    1
                  ]
                },
                "up": {
                  "uv": [
                    17,
                    56
                  ],
                  "uv_size": [
                    2,
                    4
                  ]
                },
                "down": {
                  "uv": [
                    19,
                    60
                  ],
                  "uv_size": [
                    2,
                    -4
                  ]
                }
              },
              "inflate": 0
            }
          ],
          "parent": "hip_r"
        },
        {
          "name": "ankle_r",
          "pivot": [
            -3.5,
            0.5,
            2.5
          ],
          "cubes": [
            {
              "origin": [
                -4.5,
                0.0,
                0.5
              ],
              "size": [
                2.0,
                3.0,
                3.0
              ],
              "uv": {
                "north": {
                  "uv": [
                    50,
                    56
                  ],
                  "uv_size": [
                    2,
                    3
                  ]
                },
                "east": {
                  "uv": [
                    54,
                    27
                  ],
                  "uv_size": [
                    3,
                    3
                  ]
                },
                "south": {
                  "uv": [
                    52,
                    56
                  ],
                  "uv_size": [
                    2,
                    3
                  ]
                },
                "west": {
                  "uv": [
                    54,
                    40
                  ],
                  "uv_size": [
                    3,
                    3
                  ]
                },
                "up": {
                  "uv": [
                    56,
                    52
                  ],
                  "uv_size": [
                    2,
                    3
                  ]
                },
                "down": {
                  "uv": [
                    54,
                    59
                  ],
                  "uv_size": [
                    2,
                    -3
                  ]
                }
              },
              "inflate": 0.01
            }
          ],
          "parent": "knee_r"
        }
      ]
    }
  ]
}