{
  "format_version": "1.12.0",
  "minecraft:geometry": [
    {
      "description": {
        "identifier": "geometry.md_conca",
        "texture_width": 256,
        "texture_height": 256,
        "visible_bounds_width": 14,
        "visible_bounds_height": 11,
        "visible_bounds_offset": [
          0,
          0.5,
          0
        ]
      },
      "bones": [
        {
          "name": "root",
          "pivot": [
            0,
            40,
            8
          ],
          "cubes": [
            {
              "origin": [
                -8.0,
                33.0,
                -9.0
              ],
              "size": [
                16.0,
                19.0,
                24.0
              ],
              "uv": [
                0,
                0
              ],
              "inflate": 0
            },
            {
              "origin": [
                0.0,
                51.0,
                -8.0
              ],
              "size": [
                0.0,
                13.0,
                23.0
              ],
              "uv": [
                31,
                68
              ],
              "inflate": 0
            }
          ],
          "locators": {},
          "rotation": [
            10,
            0,
            0
          ]
        },
        {
          "name": "rump_r",
          "pivot": [
            -8,
            42,
            5
          ],
          "cubes": [
            {
              "origin": [
                -11.0,
                29.0,
                -1.0
              ],
              "size": [
                6.0,
                20.0,
                11.0
              ],
              "uv": [
                108,
                0
              ],
              "inflate": 0
            }
          ],
          "parent": "root",
          "rotation": [
            -10,
            0,
            0
          ]
        },
        {
          "name": "hip_r",
          "pivot": [
            -8,
            29,
            0
          ],
          "cubes": [
            {
              "origin": [
                -10.5,
                14.0,
                0.0
              ],
              "size": [
                5.0,
                15.0,
                6.0
              ],
              "uv": [
                0,
                43
              ],
              "inflate": 0
            }
          ],
          "parent": "rump_r"
        },
        {
          "name": "knee_r",
          "pivot": [
            -8,
            17,
            5
          ],
          "cubes": [
            {
              "origin": [
                -10.0,
                3.0,
                1.0
              ],
              "size": [
                4.0,
                14.0,
                5.0
              ],
              "uv": [
                129,
                31
              ],
              "inflate": 0
            }
          ],
          "parent": "hip_r"
        },
        {
          "name": "ankle_r",
          "pivot": [
            -8,
            4,
            3.5
          ],
          "cubes": [
            {
              "origin": [
                -10.0,
                2.0,
                1.0
              ],
              "size": [
                4.0,
                2.0,
                5.0
              ],
              "uv": [
                108,
                31
              ],
              "inflate": 0.01
            }
          ],
          "parent": "knee_r"
        },
        {
          "name": "toe0_r",
          "pivot": [
            -6,
            4,
            1
          ],
          "cubes": [
            {
              "origin": [
                -7.0,
                2.0,
                -4.5
              ],
              "size": [
                2.0,
                2.0,
                7.0
              ],
              "uv": [
                93,
                100
              ],
              "inflate": 0
            },
            {
              "origin": [
                -6.0,
                2.0,
                -7.5
              ],
              "size": [
                0.0,
                2.0,
                3.0
              ],
              "uv": [
                0,
                44
              ],
              "inflate": 0
            }
          ],
          "parent": "ankle_r"
        },
        {
          "name": "toe1_r",
          "pivot": [
            -8,
            4,
            1
          ],
          "cubes": [
            {
              "origin": [
                -9.0,
                2.0,
                -5.5
              ],
              "size": [
                2.0,
                2.0,
                7.0
              ],
              "uv": [
                99,
                2
              ],
              "inflate": 0
            },
            {
              "origin": [
                -8.0,
                2.0,
                -8.5
              ],
              "size": [
                0.0,
                2.0,
                3.0
              ],
              "uv": [
                0,
                42
              ],
              "inflate": 0
            }
          ],
          "parent": "ankle_r"
        },
        {
          "name": "toe2_r",
          "pivot": [
            -10,
            4,
            1
          ],
          "cubes": [
            {
              "origin": [
                -11.0,
                2.0,
                -4.5
              ],
              "size": [
                2.0,
                2.0,
                7.0
              ],
              "uv": [
                88,
                0
              ],
              "inflate": 0
            },
            {
              "origin": [
                -10.0,
                2.0,
                -7.5
              ],
              "size": [
                0.0,
                2.0,
                3.0
              ],
              "uv": [
                0,
                40
              ],
              "inflate": 0
            }
          ],
          "parent": "ankle_r"
        },
        {
          "name": "rump_l",
          "pivot": [
            8,
            42,
            4
          ],
          "cubes": [
            {
              "origin": [
                5.0,
                29.0,
                -2.0
              ],
              "size": [
                6.0,
                20.0,
                10.0
              ],
              "uv": [
                109,
                107
              ],
              "inflate": 0
            }
          ],
          "parent": "root",
          "rotation": [
            -7.5,
            0,
            0
          ]
        },
        {
          "name": "hip_l",
          "pivot": [
            8,
            29,
            -1
          ],
          "cubes": [
            {
              "origin": [
                5.5,
                14.0,
                -1.0
              ],
              "size": [
                5.0,
                15.0,
                6.0
              ],
              "uv": [
                0,
                0
              ],
              "inflate": 0
            }
          ],
          "parent": "rump_l"
        },
        {
          "name": "knee_l",
          "pivot": [
            8,
            17,
            4
          ],
          "cubes": [
            {
              "origin": [
                6.0,
                3.0,
                0.0
              ],
              "size": [
                4.0,
                14.0,
                5.0
              ],
              "uv": [
                0,
                82
              ],
              "inflate": 0
            }
          ],
          "parent": "hip_l"
        },
        {
          "name": "ankle_l",
          "pivot": [
            8,
            4,
            2.5
          ],
          "cubes": [
            {
              "origin": [
                6.0,
                2.0,
                0.0
              ],
              "size": [
                4.0,
                2.0,
                5.0
              ],
              "uv": [
                54,
                104
              ],
              "inflate": 0.01
            }
          ],
          "parent": "knee_l"
        },
        {
          "name": "toe0_l",
          "pivot": [
            6,
            4,
            0
          ],
          "cubes": [
            {
              "origin": [
                5.0,
                2.0,
                -5.5
              ],
              "size": [
                2.0,
                2.0,
                7.0
              ],
              "uv": [
                86,
                69
              ],
              "inflate": 0
            },
            {
              "origin": [
                6.0,
                2.0,
                -8.5
              ],
              "size": [
                0.0,
                2.0,
                3.0
              ],
              "uv": [
                16,
                18
              ],
              "inflate": 0
            }
          ],
          "parent": "ankle_l"
        },
        {
          "name": "toe1_l",
          "pivot": [
            8,
            4,
            0
          ],
          "cubes": [
            {
              "origin": [
                7.0,
                2.0,
                -6.5
              ],
              "size": [
                2.0,
                2.0,
                7.0
              ],
              "uv": [
                86,
                60
              ],
              "inflate": 0
            },
            {
              "origin": [
                8.0,
                2.0,
                -9.5
              ],
              "size": [
                0.0,
                2.0,
                3.0
              ],
              "uv": [
                16,
                0
              ],
              "inflate": 0
            }
          ],
          "parent": "ankle_l"
        },
        {
          "name": "toe2_l",
          "pivot": [
            10,
            4,
            0
          ],
          "cubes": [
            {
              "origin": [
                9.0,
                2.0,
                -5.5
              ],
              "size": [
                2.0,
                2.0,
                7.0
              ],
              "uv": [
                31,
                82
              ],
              "inflate": 0
            },
            {
              "origin": [
                10.0,
                2.0,
                -8.5
              ],
              "size": [
                0.0,
                2.0,
                3.0
              ],
              "uv": [
                0,
                0
              ],
              "inflate": 0
            }
          ],
          "parent": "ankle_l"
        },
        {
          "name": "tail0",
          "pivot": [
            0,
            46,
            12
          ],
          "cubes": [
            {
              "origin": [
                -5.0,
                39.0,
                12.0
              ],
              "size": [
                10.0,
                13.0,
                26.0
              ],
              "uv": [
                0,
                43
              ],
              "inflate": 0.01
            },
            {
              "origin": [
                0.0,
                52.0,
                14.0
              ],
              "size": [
                0.0,
                9.0,
                23.0
              ],
              "uv": [
                77,
                68
              ],
              "inflate": 0
            }
          ],
          "parent": "root",
          "rotation": [
            7.5,
            0,
            0
          ]
        },
        {
          "name": "tail1",
          "pivot": [
            0,
            46,
            36
          ],
          "cubes": [
            {
              "origin": [
                -3.5,
                42.0,
                36.0
              ],
              "size": [
                7.0,
                9.0,
                22.0
              ],
              "uv": [
                50,
                60
              ],
              "inflate": 0
            }
          ],
          "parent": "tail0",
          "rotation": [
            7.5,
            0,
            0
          ]
        },
        {
          "name": "tail2",
          "pivot": [
            0,
            47,
            57
          ],
          "cubes": [
            {
              "origin": [
                -2.0,
                44.0,
                57.0
              ],
              "size": [
                4.0,
                6.0,
                23.0
              ],
              "uv": [
                0,
                82
              ],
              "inflate": 0
            }
          ],
          "parent": "tail1",
          "rotation": [
            -5,
            0,
            0
          ]
        },
        {
          "name": "tail3",
          "pivot": [
            0,
            47,
            79
          ],
          "cubes": [
            {
              "origin": [
                -1.0,
                45.0,
                78.0
              ],
              "size": [
                2.0,
                4.0,
                18.0
              ],
              "uv": [
                86,
                60
              ],
              "inflate": 0
            }
          ],
          "parent": "tail2",
          "rotation": [
            -15,
            0,
            0
          ]
        },
        {
          "name": "spine0",
          "pivot": [
            0,
            40,
            -9
          ],
          "cubes": [
            {
              "origin": [
                -7.0,
                34.0,
                -26.0
              ],
              "size": [
                14.0,
                17.0,
                21.0
              ],
              "uv": [
                59,
                22
              ],
              "inflate": 0
            }
          ],
          "parent": "root",
          "rotation": [
            -10,
            0,
            0
          ]
        },
        {
          "name": "chest",
          "pivot": [
            0,
            40,
            -21.5
          ],
          "parent": "spine0"
        },
        {
          "name": "neck0",
          "pivot": [
            0,
            44,
            -26
          ],
          "cubes": [
            {
              "origin": [
                -4.0,
                39.0,
                -39.0
              ],
              "size": [
                8.0,
                11.0,
                16.0
              ],
              "uv": [
                61,
                100
              ],
              "inflate": -0.01
            }
          ],
          "parent": "chest",
          "rotation": [
            5,
            0,
            0
          ]
        },
        {
          "name": "neck1",
          "pivot": [
            0,
            44,
            -38
          ],
          "cubes": [
            {
              "origin": [
                -3.0,
                39.5,
                -47.0
              ],
              "size": [
                6.0,
                11.0,
                12.0
              ],
              "uv": [
                0,
                111
              ],
              "inflate": -0.01
            },
            {
              "origin": [
                0.0,
                49.0,
                -50.0
              ],
              "size": [
                0.0,
                4.0,
                10.0
              ],
              "uv": [
                46,
                50
              ],
              "inflate": 0
            }
          ],
          "parent": "neck0",
          "rotation": [
            -40,
            0,
            0
          ]
        },
        {
          "name": "head",
          "pivot": [
            0,
            45.5,
            -47.5
          ],
          "cubes": [
            {
              "origin": [
                -4.0,
                38.5,
                -52.5
              ],
              "size": [
                8.0,
                11.0,
                8.0
              ],
              "uv": [
                55,
                127
              ],
              "inflate": 0.01
            },
            {
              "origin": [
                -4.0,
                41.5,
                -68.5
              ],
              "size": [
                8.0,
                7.0,
                16.0
              ],
              "uv": [
                107,
                84
              ],
              "inflate": 0.01
            },
            {
              "origin": [
                -3.5,
                40.5,
                -68.0
              ],
              "size": [
                7.0,
                1.0,
                13.0
              ],
              "uv": [
                23,
                121
              ],
              "inflate": -0.01
            },
            {
              "origin": [
                0.0,
                49.5,
                -52.5
              ],
              "size": [
                0.0,
                4.0,
                9.0
              ],
              "uv": [
                0,
                55
              ],
              "inflate": 0
            },
            {
              "origin": [
                -4.0,
                48.5,
                -66.5
              ],
              "size": [
                2.0,
                4.0,
                12.0
              ],
              "pivot": [
                0.0,
                45.5,
                -47.5
              ],
              "rotation": [
                10.0,
                0.0,
                0.0
              ],
              "uv": [
                128,
                124
              ],
              "inflate": 0
            },
            {
              "origin": [
                2.0,
                48.5,
                -66.5
              ],
              "size": [
                2.0,
                4.0,
                12.0
              ],
              "pivot": [
                0.0,
                45.5,
                -47.5
              ],
              "rotation": [
                10.0,
                0.0,
                0.0
              ],
              "uv": [
                87,
                127
              ],
              "inflate": 0
            },
            {
              "origin": [
                -4.0,
                41.5,
                -69.5
              ],
              "size": [
                8.0,
                6.0,
                1.0
              ],
              "uv": [
                92,
                223
              ],
              "inflate": 0
            }
          ],
          "parent": "neck1",
          "locators": {},
          "rotation": [
            25,
            0,
            0
          ]
        },
        {
          "name": "eyelids",
          "pivot": [
            0,
            46.5,
            -56
          ],
          "cubes": [
            {
              "origin": [
                4.02,
                45.5,
                -58.0
              ],
              "size": [
                0.0,
                3.0,
                4.0
              ],
              "uv": [
                8,
                17
              ],
              "inflate": 0
            },
            {
              "origin": [
                -4.02,
                45.5,
                -58.0
              ],
              "size": [
                0.0,
                3.0,
                4.0
              ],
              "uv": [
                0,
                17
              ],
              "inflate": 0
            }
          ],
          "parent": "head"
        },
        {
          "name": "left_horn",
          "pivot": [
            3,
            49.5,
            -51.25
          ],
          "parent": "head"
        },
        {
          "name": "right_horn",
          "pivot": [
            -3,
            49.5,
            -51.25
          ],
          "parent": "head"
        },
        {
          "name": "jaw",
          "pivot": [
            0,
            41.5,
            -50.5
          ],
          "cubes": [
            {
              "origin": [
                -4.0,
                38.5,
                -69.5
              ],
              "size": [
                8.0,
                3.0,
                17.0
              ],
              "uv": [
                56,
                0
              ],
              "inflate": 0
            },
            {
              "origin": [
                -3.5,
                41.5,
                -68.0
              ],
              "size": [
                7.0,
                1.0,
                13.0
              ],
              "uv": [
                108,
                60
              ],
              "inflate": -0.02
            },
            {
              "origin": [
                4.0,
                41.5,
                -55.5
              ],
              "size": [
                0.0,
                5.0,
                5.0
              ],
              "uv": [
                46,
                59
              ],
              "inflate": 0
            },
            {
              "origin": [
                -4.0,
                41.5,
                -55.5
              ],
              "size": [
                0.0,
                5.0,
                5.0
              ],
              "uv": [
                16,
                38
              ],
              "inflate": 0
            }
          ],
          "parent": "head"
        },
        {
          "name": "shoulder_r",
          "pivot": [
            -8,
            39,
            -21.5
          ],
          "cubes": [
            {
              "origin": [
                -9.0,
                33.0,
                -23.0
              ],
              "size": [
                2.0,
                10.0,
                4.0
              ],
              "uv": [
                56,
                0
              ],
              "inflate": 0
            }
          ],
          "parent": "chest"
        },
        {
          "name": "elbow_r",
          "pivot": [
            -8,
            33,
            -20.5
          ],
          "cubes": [
            {
              "origin": [
                -9.0,
                28.0,
                -22.0
              ],
              "size": [
                2.0,
                5.0,
                2.0
              ],
              "uv": [
                42,
                82
              ],
              "inflate": -0.01
            }
          ],
          "parent": "shoulder_r"
        },
        {
          "name": "wrist_r",
          "pivot": [
            -8,
            28,
            -21
          ],
          "cubes": [
            {
              "origin": [
                -9.5,
                23.0,
                -21.5
              ],
              "size": [
                4.0,
                5.0,
                1.0
              ],
              "uv": [
                108,
                60
              ],
              "inflate": -0.01
            },
            {
              "origin": [
                -8.0,
                20.0,
                -24.0
              ],
              "size": [
                1.0,
                5.0,
                1.0
              ],
              "pivot": [
                -8.0,
                28.0,
                -21.0
              ],
              "rotation": [
                37.5,
                0.0,
                0.0
              ],
              "uv": [
                22,
                54
              ],
              "inflate": 0
            },
            {
              "origin": [
                -10.0,
                22.0,
                -25.0
              ],
              "size": [
                1.0,
                4.0,
                1.0
              ],
              "pivot": [
                -8.0,
                28.0,
                -21.0
              ],
              "rotation": [
                62.5,
                0.0,
                0.0
              ],
              "uv": [
                60,
                64
              ],
              "inflate": 0
            },
            {
              "origin": [
                -7.0,
                22.0,
                -25.0
              ],
              "size": [
                1.0,
                4.0,
                1.0
              ],
              "pivot": [
                -8.0,
                28.0,
                -21.0
              ],
              "rotation": [
                62.5,
                0.0,
                0.0
              ],
              "uv": [
                56,
                64
              ],
              "inflate": 0
            }
          ],
          "parent": "elbow_r",
          "rotation": [
            -22.5,
            2.5,
            0
          ]
        },
        {
          "name": "shoulder_l",
          "pivot": [
            8,
            39,
            -21.5
          ],
          "cubes": [
            {
              "origin": [
                7.0,
                33.0,
                -23.0
              ],
              "size": [
                2.0,
                10.0,
                4.0
              ],
              "uv": [
                46,
                43
              ],
              "inflate": 0
            }
          ],
          "parent": "chest"
        },
        {
          "name": "elbow_l",
          "pivot": [
            8,
            33,
            -20.5
          ],
          "cubes": [
            {
              "origin": [
                7.0,
                28.0,
                -22.0
              ],
              "size": [
                2.0,
                5.0,
                2.0
              ],
              "uv": [
                64,
                62
              ],
              "inflate": -0.01
            }
          ],
          "parent": "shoulder_l"
        },
        {
          "name": "wrist_l",
          "pivot": [
            8,
            28,
            -21
          ],
          "cubes": [
            {
              "origin": [
                5.5,
                23.0,
                -21.5
              ],
              "size": [
                4.0,
                5.0,
                1.0
              ],
              "uv": [
                88,
                9
              ],
              "inflate": -0.01
            },
            {
              "origin": [
                7.0,
                20.0,
                -24.0
              ],
              "size": [
                1.0,
                5.0,
                1.0
              ],
              "pivot": [
                8.0,
                28.0,
                -21.0
              ],
              "rotation": [
                40.0,
                -2.5,
                0.0
              ],
              "uv": [
                22,
                48
              ],
              "inflate": 0
            },
            {
              "origin": [
                6.0,
                22.0,
                -25.0
              ],
              "size": [
                1.0,
                4.0,
                1.0
              ],
              "pivot": [
                8.0,
                28.0,
                -21.0
              ],
              "rotation": [
                59.13252,
                -12.95254,
                7.63074
              ],
              "uv": [
                18,
                64
              ],
              "inflate": 0
            },
            {
              "origin": [
                9.0,
                21.0,
                -24.0
              ],
              "size": [
                1.0,
                4.0,
                1.0
              ],
              "pivot": [
                8.0,
                28.0,
                -21.0
              ],
              "rotation": [
                42.5,
                0.0,
                0.0
              ],
              "uv": [
                22,
                60
              ],
              "inflate": 0
            }
          ],
          "parent": "elbow_l",
          "rotation": [
            -22.5,
            0,
            0
          ]
        }
      ]
    }
  ]
}