{
  "format_version": "1.12.0",
  "minecraft:geometry": [
    {
      "description": {
        "identifier": "geometry.md_ccspino",
        "texture_width": 512,
        "texture_height": 512,
        "visible_bounds_width": 20,
        "visible_bounds_height": 13,
        "visible_bounds_offset": [
          0,
          2.5,
          0
        ]
      },
      "bones": [
        {
          "name": "root",
          "pivot": [
            0,
            62,
            20
          ],
          "cubes": [
            {
              "origin": [
                -12.0,
                46.0,
                -1.0
              ],
              "size": [
                24.0,
                30.0,
                40.0
              ],
              "uv": [
                0,
                0
              ],
              "inflate": 0
            }
          ],
          "locators": {},
          "rotation": [
            7.5,
            0,
            0
          ]
        },
        {
          "name": "chest",
          "pivot": [
            0,
            58,
            3
          ],
          "cubes": [
            {
              "origin": [
                -11.0,
                46.0,
                -27.0
              ],
              "size": [
                22.0,
                29.0,
                34.0
              ],
              "uv": [
                0,
                70
              ],
              "inflate": 0
            }
          ],
          "parent": "root",
          "rotation": [
            -2.5,
            0,
            0
          ]
        },
        {
          "name": "neck0",
          "pivot": [
            0,
            60,
            -29
          ],
          "cubes": [
            {
              "origin": [
                -7.0,
                54.0,
                -42.0
              ],
              "size": [
                14.0,
                19.0,
                23.0
              ],
              "uv": [
                167,
                65
              ],
              "inflate": 0
            }
          ],
          "parent": "chest",
          "rotation": [
            -35,
            0,
            0
          ]
        },
        {
          "name": "neck1",
          "pivot": [
            0,
            61,
            -41
          ],
          "cubes": [
            {
              "origin": [
                -7.0,
                54.0,
                -62.0
              ],
              "size": [
                14.0,
                18.0,
                22.0
              ],
              "uv": [
                110,
                168
              ],
              "inflate": 0
            }
          ],
          "parent": "neck0",
          "rotation": [
            -20,
            0,
            0
          ]
        },
        {
          "name": "head",
          "pivot": [
            0,
            66,
            -52
          ],
          "cubes": [
            {
              "origin": [
                -6.5,
                65.0,
                -97.0
              ],
              "size": [
                13.0,
                12.0,
                22.0
              ],
              "uv": [
                202,
                107
              ],
              "inflate": 0
            },
            {
              "origin": [
                -8.5,
                65.0,
                -75.0
              ],
              "size": [
                17.0,
                13.0,
                23.0
              ],
              "uv": [
                0,
                166
              ],
              "inflate": 0
            },
            {
              "origin": [
                -6.5,
                59.0,
                -63.0
              ],
              "size": [
                13.0,
                7.0,
                11.0
              ],
              "uv": [
                112,
                232
              ],
              "inflate": 0.01
            },
            {
              "origin": [
                -6.82676,
                77.74455,
                -77.99116
              ],
              "size": [
                2.0,
                6.0,
                3.0
              ],
              "pivot": [
                -3.82676,
                79.74455,
                -83.49116
              ],
              "rotation": [
                -22.5,
                0.0,
                -7.5
              ],
              "uv": [
                156,
                46
              ],
              "inflate": 0
            },
            {
              "origin": [
                4.1048,
                77.78876,
                -77.99116
              ],
              "size": [
                2.0,
                6.0,
                3.0
              ],
              "pivot": [
                4.1048,
                80.78876,
                -83.49116
              ],
              "rotation": [
                -21.55613,
                6.60796,
                7.5
              ],
              "uv": [
                29,
                0
              ],
              "inflate": 0
            },
            {
              "origin": [
                -6.0,
                54.0,
                -76.0
              ],
              "size": [
                2.0,
                7.0,
                4.0
              ],
              "pivot": [
                0.0,
                66.0,
                -52.0
              ],
              "rotation": [
                -50.0,
                0.0,
                0.0
              ],
              "uv": [
                136,
                95
              ],
              "inflate": 0
            },
            {
              "origin": [
                5.0,
                54.0,
                -76.0
              ],
              "size": [
                2.0,
                7.0,
                4.0
              ],
              "pivot": [
                0.0,
                66.0,
                -52.0
              ],
              "rotation": [
                -50.0,
                0.0,
                0.0
              ],
              "uv": [
                128,
                88
              ],
              "inflate": 0
            },
            {
              "origin": [
                -7.0,
                66.0,
                -110.0
              ],
              "size": [
                14.0,
                12.0,
                14.0
              ],
              "uv": [
                0,
                202
              ],
              "inflate": 0
            },
            {
              "origin": [
                -7.0,
                63.0,
                -110.0
              ],
              "size": [
                14.0,
                3.0,
                14.0
              ],
              "uv": [
                215,
                217
              ],
              "inflate": 0
            },
            {
              "origin": [
                -6.0,
                62.0,
                -96.0
              ],
              "size": [
                12.0,
                3.0,
                23.0
              ],
              "uv": [
                203,
                0
              ],
              "inflate": 0
            }
          ],
          "parent": "neck1",
          "rotation": [
            47.5,
            0,
            0
          ]
        },
        {
          "name": "jaw",
          "pivot": [
            0,
            63,
            -69
          ],
          "cubes": [
            {
              "origin": [
                6.0,
                63.0,
                -73.0
              ],
              "size": [
                0.0,
                10.0,
                10.0
              ],
              "uv": [
                88,
                0
              ],
              "inflate": 0
            },
            {
              "origin": [
                -6.0,
                63.0,
                -73.0
              ],
              "size": [
                0.0,
                10.0,
                10.0
              ],
              "uv": [
                0,
                84
              ],
              "inflate": 0
            },
            {
              "origin": [
                -7.5,
                58.0,
                -74.0
              ],
              "size": [
                15.0,
                7.0,
                17.0
              ],
              "uv": [
                204,
                38
              ],
              "inflate": 0
            },
            {
              "origin": [
                -6.5,
                58.0,
                -97.0
              ],
              "size": [
                13.0,
                7.0,
                23.0
              ],
              "uv": [
                88,
                0
              ],
              "inflate": 0
            },
            {
              "origin": [
                -6.5,
                58.0,
                -109.0
              ],
              "size": [
                13.0,
                8.0,
                12.0
              ],
              "uv": [
                137,
                0
              ],
              "inflate": 0
            },
            {
              "origin": [
                -6.0,
                65.0,
                -98.0
              ],
              "size": [
                12.0,
                2.0,
                24.0
              ],
              "uv": [
                156,
                38
              ],
              "inflate": 0
            },
            {
              "origin": [
                -6.0,
                66.0,
                -108.0
              ],
              "size": [
                12.0,
                3.0,
                14.0
              ],
              "uv": [
                218,
                62
              ],
              "inflate": 0
            }
          ],
          "parent": "head"
        },
        {
          "name": "eyelids",
          "pivot": [
            0,
            74,
            -70
          ],
          "parent": "head"
        },
        {
          "name": "shoulder_l",
          "pivot": [
            12,
            54,
            -19.5
          ],
          "cubes": [
            {
              "origin": [
                7.0,
                37.0,
                -24.0
              ],
              "size": [
                10.0,
                19.0,
                9.0
              ],
              "uv": [
                0,
                228
              ],
              "inflate": 0
            }
          ],
          "parent": "chest"
        },
        {
          "name": "elbow_l",
          "pivot": [
            12,
            37,
            -18
          ],
          "cubes": [
            {
              "origin": [
                8.0,
                37.0,
                -37.0
              ],
              "size": [
                8.0,
                5.0,
                19.0
              ],
              "uv": [
                123,
                208
              ],
              "inflate": 0
            }
          ],
          "parent": "shoulder_l"
        },
        {
          "name": "wrist_l",
          "pivot": [
            12,
            42,
            -36
          ],
          "cubes": [
            {
              "origin": [
                6.0,
                33.0,
                -40.0
              ],
              "size": [
                11.0,
                9.0,
                3.0
              ],
              "uv": [
                160,
                168
              ],
              "inflate": 0
            }
          ],
          "parent": "elbow_l"
        },
        {
          "name": "finger0_l",
          "pivot": [
            15.5,
            33,
            -38
          ],
          "cubes": [
            {
              "origin": [
                14.0,
                28.0,
                -40.0
              ],
              "size": [
                3.0,
                5.0,
                3.0
              ],
              "uv": [
                156,
                38
              ],
              "inflate": 0
            },
            {
              "origin": [
                15.5,
                24.0,
                -40.0
              ],
              "size": [
                0.0,
                6.0,
                3.0
              ],
              "uv": [
                126,
                27
              ],
              "inflate": 0
            }
          ],
          "parent": "wrist_l"
        },
        {
          "name": "finger1_l",
          "pivot": [
            11.5,
            33,
            -38
          ],
          "cubes": [
            {
              "origin": [
                10.0,
                26.0,
                -40.0
              ],
              "size": [
                3.0,
                7.0,
                3.0
              ],
              "uv": [
                114,
                30
              ],
              "inflate": 0
            },
            {
              "origin": [
                11.5,
                22.0,
                -40.0
              ],
              "size": [
                0.0,
                6.0,
                3.0
              ],
              "uv": [
                104,
                92
              ],
              "inflate": 0
            }
          ],
          "parent": "wrist_l"
        },
        {
          "name": "finger2_l",
          "pivot": [
            7.5,
            33,
            -37
          ],
          "cubes": [
            {
              "origin": [
                6.0,
                28.0,
                -40.0
              ],
              "size": [
                3.0,
                5.0,
                3.0
              ],
              "uv": [
                144,
                125
              ],
              "inflate": 0
            },
            {
              "origin": [
                7.5,
                24.0,
                -40.0
              ],
              "size": [
                0.0,
                6.0,
                3.0
              ],
              "uv": [
                102,
                0
              ],
              "inflate": 0
            }
          ],
          "parent": "wrist_l"
        },
        {
          "name": "shoulder_r",
          "pivot": [
            -12,
            53,
            -19.5
          ],
          "cubes": [
            {
              "origin": [
                -17.0,
                35.0,
                -24.0
              ],
              "size": [
                10.0,
                20.0,
                9.0
              ],
              "uv": [
                227,
                141
              ],
              "inflate": 0
            }
          ],
          "parent": "chest"
        },
        {
          "name": "elbow_r",
          "pivot": [
            -12,
            36,
            -18
          ],
          "cubes": [
            {
              "origin": [
                -16.0,
                35.0,
                -37.0
              ],
              "size": [
                8.0,
                6.0,
                19.0
              ],
              "uv": [
                132,
                88
              ],
              "inflate": 0
            }
          ],
          "parent": "shoulder_r"
        },
        {
          "name": "wrist_r",
          "pivot": [
            -12,
            41,
            -36
          ],
          "cubes": [
            {
              "origin": [
                -17.0,
                32.0,
                -40.0
              ],
              "size": [
                11.0,
                9.0,
                3.0
              ],
              "uv": [
                132,
                113
              ],
              "inflate": 0
            }
          ],
          "parent": "elbow_r"
        },
        {
          "name": "finger0_r",
          "pivot": [
            -15.5,
            32,
            -38
          ],
          "cubes": [
            {
              "origin": [
                -17.0,
                27.0,
                -40.0
              ],
              "size": [
                3.0,
                5.0,
                3.0
              ],
              "uv": [
                137,
                0
              ],
              "inflate": 0
            },
            {
              "origin": [
                -15.5,
                23.0,
                -40.0
              ],
              "size": [
                0.0,
                6.0,
                3.0
              ],
              "uv": [
                23,
                67
              ],
              "inflate": 0
            }
          ],
          "parent": "wrist_r"
        },
        {
          "name": "finger1_r",
          "pivot": [
            -11.5,
            32,
            -38
          ],
          "cubes": [
            {
              "origin": [
                -13.0,
                25.0,
                -40.0
              ],
              "size": [
                3.0,
                7.0,
                3.0
              ],
              "uv": [
                102,
                30
              ],
              "inflate": 0
            },
            {
              "origin": [
                -11.5,
                21.0,
                -40.0
              ],
              "size": [
                0.0,
                6.0,
                3.0
              ],
              "uv": [
                0,
                67
              ],
              "inflate": 0
            }
          ],
          "parent": "wrist_r"
        },
        {
          "name": "finger2_r",
          "pivot": [
            -7.5,
            32,
            -37
          ],
          "cubes": [
            {
              "origin": [
                -9.0,
                27.0,
                -40.0
              ],
              "size": [
                3.0,
                5.0,
                3.0
              ],
              "uv": [
                132,
                125
              ],
              "inflate": 0
            },
            {
              "origin": [
                -7.5,
                23.0,
                -40.0
              ],
              "size": [
                0.0,
                6.0,
                3.0
              ],
              "uv": [
                0,
                0
              ],
              "inflate": 0
            }
          ],
          "parent": "wrist_r"
        },
        {
          "name": "spine",
          "pivot": [
            0,
            73.5,
            5
          ],
          "cubes": [
            {
              "origin": [
                0.0,
                67.0,
                -26.0
              ],
              "size": [
                0.0,
                41.0,
                31.0
              ],
              "uv": [
                70,
                115
              ],
              "inflate": 0
            },
            {
              "origin": [
                0.0,
                74.0,
                5.0
              ],
              "size": [
                0.0,
                33.0,
                35.0
              ],
              "uv": [
                0,
                98
              ],
              "inflate": 0
            }
          ],
          "parent": "root"
        },
        {
          "name": "tail0",
          "pivot": [
            0,
            58,
            37
          ],
          "cubes": [
            {
              "origin": [
                -9.0,
                52.0,
                36.0
              ],
              "size": [
                18.0,
                22.0,
                25.0
              ],
              "uv": [
                141,
                121
              ],
              "inflate": 0
            },
            {
              "origin": [
                -0.01,
                74.0,
                36.0
              ],
              "size": [
                0.0,
                7.0,
                25.0
              ],
              "uv": [
                78,
                63
              ],
              "inflate": 0
            }
          ],
          "parent": "root",
          "rotation": [
            7.5,
            0,
            0
          ]
        },
        {
          "name": "tail1",
          "pivot": [
            0,
            57,
            61
          ],
          "cubes": [
            {
              "origin": [
                -7.0,
                55.0,
                60.0
              ],
              "size": [
                14.0,
                18.0,
                34.0
              ],
              "uv": [
                94,
                36
              ],
              "inflate": 0
            }
          ],
          "parent": "tail0"
        },
        {
          "name": "tail2",
          "pivot": [
            0,
            57,
            90
          ],
          "cubes": [
            {
              "origin": [
                -5.0,
                58.0,
                89.0
              ],
              "size": [
                10.0,
                13.0,
                34.0
              ],
              "uv": [
                78,
                99
              ],
              "inflate": 0
            }
          ],
          "parent": "tail1",
          "rotation": [
            -10,
            0,
            0
          ]
        },
        {
          "name": "tail3",
          "pivot": [
            0,
            57,
            116
          ],
          "cubes": [
            {
              "origin": [
                -4.0,
                62.0,
                116.0
              ],
              "size": [
                8.0,
                7.0,
                31.0
              ],
              "uv": [
                156,
                0
              ],
              "inflate": 0
            }
          ],
          "parent": "tail2",
          "rotation": [
            -20,
            0,
            0
          ]
        },
        {
          "name": "rump_l",
          "pivot": [
            13,
            57,
            19
          ],
          "cubes": [
            {
              "origin": [
                7.0,
                39.0,
                10.0
              ],
              "size": [
                12.0,
                30.0,
                19.0
              ],
              "uv": [
                182,
                168
              ],
              "inflate": 0
            }
          ],
          "parent": "root",
          "rotation": [
            -7.5,
            0,
            0
          ]
        },
        {
          "name": "hip_l",
          "pivot": [
            13,
            42,
            10
          ],
          "cubes": [
            {
              "origin": [
                8.0,
                15.0,
                10.5
              ],
              "size": [
                10.0,
                27.0,
                9.0
              ],
              "uv": [
                177,
                217
              ],
              "inflate": 0
            }
          ],
          "parent": "rump_l"
        },
        {
          "name": "knee_l",
          "pivot": [
            13,
            20,
            11
          ],
          "cubes": [
            {
              "origin": [
                9.0,
                2.0,
                10.8
              ],
              "size": [
                8.0,
                15.0,
                7.0
              ],
              "uv": [
                38,
                230
              ],
              "inflate": 0
            }
          ],
          "parent": "hip_l"
        },
        {
          "name": "ankle_l",
          "pivot": [
            13,
            4,
            15
          ],
          "cubes": [
            {
              "origin": [
                7.0,
                0.0,
                6.0
              ],
              "size": [
                12.0,
                5.0,
                12.0
              ],
              "uv": [
                215,
                234
              ],
              "inflate": 0
            }
          ],
          "parent": "knee_l"
        },
        {
          "name": "toe0",
          "pivot": [
            8.5,
            2,
            6
          ],
          "cubes": [
            {
              "origin": [
                7.0,
                0.0,
                2.0
              ],
              "size": [
                3.0,
                4.0,
                4.0
              ],
              "uv": [
                78,
                95
              ],
              "inflate": 0
            },
            {
              "origin": [
                8.5,
                1.0,
                -2.0
              ],
              "size": [
                0.0,
                3.0,
                6.0
              ],
              "uv": [
                92,
                92
              ],
              "inflate": 0
            }
          ],
          "parent": "ankle_l"
        },
        {
          "name": "toe1",
          "pivot": [
            13,
            2,
            6
          ],
          "cubes": [
            {
              "origin": [
                11.5,
                0.0,
                1.0
              ],
              "size": [
                3.0,
                4.0,
                5.0
              ],
              "uv": [
                78,
                79
              ],
              "inflate": 0
            },
            {
              "origin": [
                13.0,
                1.0,
                -3.0
              ],
              "size": [
                0.0,
                3.0,
                7.0
              ],
              "uv": [
                14,
                29
              ],
              "inflate": 0
            }
          ],
          "parent": "ankle_l"
        },
        {
          "name": "toe2",
          "pivot": [
            17.5,
            2,
            6
          ],
          "cubes": [
            {
              "origin": [
                16.0,
                0.0,
                2.0
              ],
              "size": [
                3.0,
                4.0,
                4.0
              ],
              "uv": [
                20,
                94
              ],
              "inflate": 0
            },
            {
              "origin": [
                17.5,
                1.0,
                -2.0
              ],
              "size": [
                0.0,
                3.0,
                6.0
              ],
              "uv": [
                88,
                89
              ],
              "inflate": 0
            }
          ],
          "parent": "ankle_l"
        },
        {
          "name": "rump_r",
          "pivot": [
            -13,
            57,
            19
          ],
          "cubes": [
            {
              "origin": [
                -19.0,
                40.0,
                10.0
              ],
              "size": [
                12.0,
                29.0,
                19.0
              ],
              "uv": [
                61,
                189
              ],
              "inflate": 0
            }
          ],
          "parent": "root",
          "rotation": [
            -7.5,
            0,
            0
          ]
        },
        {
          "name": "hip_r",
          "pivot": [
            -13,
            42,
            10
          ],
          "cubes": [
            {
              "origin": [
                -18.0,
                15.0,
                10.5
              ],
              "size": [
                10.0,
                27.0,
                9.0
              ],
              "uv": [
                0,
                0
              ],
              "inflate": 0
            }
          ],
          "parent": "rump_r"
        },
        {
          "name": "knee_r",
          "pivot": [
            -13,
            20,
            11
          ],
          "cubes": [
            {
              "origin": [
                -17.0,
                2.0,
                10.8
              ],
              "size": [
                8.0,
                17.0,
                7.0
              ],
              "uv": [
                0,
                70
              ],
              "inflate": 0
            }
          ],
          "parent": "hip_r"
        },
        {
          "name": "ankle_r",
          "pivot": [
            -13,
            4,
            15
          ],
          "cubes": [
            {
              "origin": [
                -19.0,
                0.0,
                6.0
              ],
              "size": [
                12.0,
                5.0,
                12.0
              ],
              "uv": [
                225,
                170
              ],
              "inflate": 0
            }
          ],
          "parent": "knee_r"
        },
        {
          "name": "toe3",
          "pivot": [
            -8.5,
            2,
            6
          ],
          "cubes": [
            {
              "origin": [
                -10.0,
                0.0,
                2.0
              ],
              "size": [
                3.0,
                4.0,
                4.0
              ],
              "uv": [
                88,
                30
              ],
              "inflate": 0
            },
            {
              "origin": [
                -8.5,
                1.0,
                -2.0
              ],
              "size": [
                0.0,
                3.0,
                6.0
              ],
              "uv": [
                88,
                14
              ],
              "inflate": 0
            }
          ],
          "parent": "ankle_r"
        },
        {
          "name": "toe4",
          "pivot": [
            -13,
            2,
            6
          ],
          "cubes": [
            {
              "origin": [
                -14.5,
                0.0,
                1.0
              ],
              "size": [
                3.0,
                4.0,
                5.0
              ],
              "uv": [
                78,
                70
              ],
              "inflate": 0
            },
            {
              "origin": [
                -13.0,
                1.0,
                -3.0
              ],
              "size": [
                0.0,
                3.0,
                7.0
              ],
              "uv": [
                0,
                29
              ],
              "inflate": 0
            }
          ],
          "parent": "ankle_r"
        },
        {
          "name": "toe5",
          "pivot": [
            -17.5,
            2,
            6
          ],
          "cubes": [
            {
              "origin": [
                -19.0,
                0.0,
                2.0
              ],
              "size": [
                3.0,
                4.0,
                4.0
              ],
              "uv": [
                88,
                0
              ],
              "inflate": 0
            },
            {
              "origin": [
                -17.5,
                1.0,
                -2.0
              ],
              "size": [
                0.0,
                3.0,
                6.0
              ],
              "uv": [
                28,
                30
              ],
              "inflate": 0
            }
          ],
          "parent": "ankle_r"
        }
      ]
    }
  ]
}