{
  "format_version": "1.12.0",
  "minecraft:geometry": [
    {
      "description": {
        "identifier": "geometry.md_ccar",
        "texture_width": 256,
        "texture_height": 128,
        "visible_bounds_width": 6,
        "visible_bounds_height": 6,
        "visible_bounds_offset": [
          0,
          1,
          0
        ]
      },
      "bones": [
        {
          "name": "root"
        },
        {
          "name": "tires_and_frame",
          "cubes": [
            {
              "origin": [
                13.0,
                0.0,
                -30.0
              ],
              "size": [
                5.0,
                12.0,
                12.0
              ],
              "uv": [
                222,
                104
              ],
              "inflate": -0.01
            },
            {
              "origin": [
                -18.0,
                0.0,
                -30.0
              ],
              "size": [
                5.0,
                12.0,
                12.0
              ],
              "uv": [
                222,
                104
              ],
              "inflate": -0.01,
              "mirror": true
            },
            {
              "origin": [
                13.0,
                0.0,
                18.0
              ],
              "size": [
                5.0,
                12.0,
                12.0
              ],
              "uv": [
                222,
                104
              ],
              "inflate": -0.01
            },
            {
              "origin": [
                -18.0,
                0.0,
                18.0
              ],
              "size": [
                5.0,
                12.0,
                12.0
              ],
              "uv": [
                222,
                104
              ],
              "inflate": -0.01,
              "mirror": true
            },
            {
              "origin": [
                -13.0,
                5.0,
                24.0
              ],
              "size": [
                26.0,
                4.0,
                0.0
              ],
              "uv": [
                77,
                102
              ],
              "inflate": -0.01
            },
            {
              "origin": [
                -13.0,
                5.0,
                -24.0
              ],
              "size": [
                26.0,
                4.0,
                0.0
              ],
              "uv": [
                77,
                102
              ],
              "inflate": -0.01
            }
          ],
          "parent": "root"
        },
        {
          "name": "body",
          "cubes": [
            {
              "origin": [
                16.0,
                14.0,
                -31.0
              ],
              "size": [
                2.0,
                2.0,
                14.0
              ],
              "uv": [
                219,
                67
              ],
              "inflate": 0
            },
            {
              "origin": [
                16.0,
                15.0,
                16.0
              ],
              "size": [
                2.0,
                1.0,
                15.0
              ],
              "uv": [
                36,
                72
              ],
              "inflate": 0
            },
            {
              "origin": [
                -18.0,
                15.0,
                16.0
              ],
              "size": [
                2.0,
                1.0,
                15.0
              ],
              "uv": [
                36,
                72
              ],
              "inflate": 0,
              "mirror": true
            },
            {
              "origin": [
                -18.0,
                14.0,
                -31.0
              ],
              "size": [
                2.0,
                2.0,
                14.0
              ],
              "uv": [
                219,
                67
              ],
              "inflate": 0,
              "mirror": true
            },
            {
              "origin": [
                14.0,
                12.0,
                -33.0
              ],
              "size": [
                4.0,
                4.0,
                2.0
              ],
              "uv": [
                242,
                59
              ],
              "inflate": 0
            },
            {
              "origin": [
                -18.0,
                12.0,
                -33.0
              ],
              "size": [
                4.0,
                4.0,
                2.0
              ],
              "uv": [
                242,
                59
              ],
              "inflate": 0,
              "mirror": true
            },
            {
              "origin": [
                16.0,
                9.0,
                -17.0
              ],
              "size": [
                2.0,
                7.0,
                1.0
              ],
              "uv": [
                250,
                70
              ],
              "inflate": 0
            },
            {
              "origin": [
                16.0,
                9.0,
                16.0
              ],
              "size": [
                2.0,
                6.0,
                1.0
              ],
              "uv": [
                0,
                57
              ],
              "inflate": 0
            },
            {
              "origin": [
                -18.0,
                9.0,
                16.0
              ],
              "size": [
                2.0,
                6.0,
                1.0
              ],
              "uv": [
                0,
                57
              ],
              "inflate": 0,
              "mirror": true
            },
            {
              "origin": [
                16.0,
                9.0,
                31.0
              ],
              "size": [
                2.0,
                7.0,
                1.0
              ],
              "uv": [
                14,
                56
              ],
              "inflate": 0
            },
            {
              "origin": [
                -18.0,
                9.0,
                31.0
              ],
              "size": [
                2.0,
                7.0,
                1.0
              ],
              "uv": [
                14,
                56
              ],
              "inflate": 0,
              "mirror": true
            },
            {
              "origin": [
                -18.0,
                9.0,
                -17.0
              ],
              "size": [
                2.0,
                7.0,
                1.0
              ],
              "uv": [
                250,
                70
              ],
              "inflate": 0,
              "mirror": true
            },
            {
              "origin": [
                16.0,
                9.0,
                -16.0
              ],
              "size": [
                2.0,
                1.0,
                32.0
              ],
              "uv": [
                0,
                56
              ],
              "inflate": 0
            },
            {
              "origin": [
                -18.0,
                9.0,
                -16.0
              ],
              "size": [
                2.0,
                1.0,
                32.0
              ],
              "uv": [
                0,
                56
              ],
              "inflate": 0,
              "mirror": true
            },
            {
              "origin": [
                -15.0,
                10.0,
                -23.0
              ],
              "size": [
                3.0,
                3.0,
                6.0
              ],
              "uv": [
                204,
                119
              ],
              "inflate": -0.01,
              "mirror": true
            },
            {
              "origin": [
                12.0,
                10.0,
                -23.0
              ],
              "size": [
                3.0,
                3.0,
                6.0
              ],
              "uv": [
                204,
                119
              ],
              "inflate": -0.01
            },
            {
              "origin": [
                -16.0,
                9.0,
                -26.0
              ],
              "size": [
                32.0,
                17.0,
                3.0
              ],
              "uv": [
                184,
                15
              ],
              "inflate": 0
            },
            {
              "origin": [
                -15.0,
                10.0,
                -4.0
              ],
              "size": [
                30.0,
                0.0,
                19.0
              ],
              "uv": [
                38,
                57
              ],
              "inflate": 0
            },
            {
              "origin": [
                -15.0,
                10.0,
                -23.0
              ],
              "size": [
                30.0,
                0.0,
                19.0
              ],
              "uv": [
                38,
                57
              ],
              "inflate": 0
            },
            {
              "origin": [
                -16.0,
                9.0,
                -4.0
              ],
              "size": [
                32.0,
                0.0,
                19.0
              ],
              "uv": [
                129,
                64
              ],
              "inflate": 0
            },
            {
              "origin": [
                -16.0,
                9.0,
                -23.0
              ],
              "size": [
                32.0,
                0.0,
                19.0
              ],
              "uv": [
                129,
                64
              ],
              "inflate": 0
            },
            {
              "origin": [
                -16.0,
                9.0,
                15.0
              ],
              "size": [
                32.0,
                0.0,
                19.0
              ],
              "uv": [
                129,
                47
              ],
              "inflate": 0
            },
            {
              "origin": [
                -15.0,
                10.0,
                15.0
              ],
              "size": [
                30.0,
                0.0,
                19.0
              ],
              "uv": [
                38,
                57
              ],
              "inflate": 0
            },
            {
              "origin": [
                -15.0,
                10.0,
                18.0
              ],
              "size": [
                2.0,
                2.0,
                12.0
              ],
              "uv": [
                135,
                114
              ],
              "inflate": 0.01
            },
            {
              "origin": [
                13.0,
                10.0,
                18.0
              ],
              "size": [
                2.0,
                2.0,
                12.0
              ],
              "uv": [
                135,
                114
              ],
              "inflate": 0.01
            },
            {
              "origin": [
                1.0,
                17.0,
                -21.9
              ],
              "size": [
                10.0,
                10.0,
                0.0
              ],
              "uv": [
                236,
                0
              ],
              "inflate": 0
            },
            {
              "origin": [
                -18.0,
                9.0,
                -34.0
              ],
              "size": [
                36.0,
                3.0,
                3.0
              ],
              "uv": [
                3,
                89
              ],
              "inflate": 0
            },
            {
              "origin": [
                -16.0,
                14.0,
                -31.0
              ],
              "size": [
                32.0,
                7.0,
                5.0
              ],
              "uv": [
                61,
                116
              ],
              "inflate": 0
            },
            {
              "origin": [
                -16.0,
                9.0,
                -31.0
              ],
              "size": [
                32.0,
                5.0,
                5.0
              ],
              "uv": [
                66,
                106
              ],
              "inflate": 0
            },
            {
              "origin": [
                -10.0,
                12.0,
                -32.5
              ],
              "size": [
                20.0,
                12.0,
                0.0
              ],
              "uv": [
                193,
                99
              ],
              "inflate": 0
            },
            {
              "origin": [
                -13.0,
                10.0,
                33.9
              ],
              "size": [
                8.0,
                16.0,
                0.0
              ],
              "uv": [
                16,
                72
              ],
              "inflate": 0,
              "mirror": true
            },
            {
              "origin": [
                -16.0,
                9.0,
                34.0
              ],
              "size": [
                32.0,
                15.0,
                1.0
              ],
              "uv": [
                0,
                105
              ],
              "inflate": 0
            }
          ],
          "parent": "root"
        },
        {
          "name": "canopy",
          "cubes": [
            {
              "origin": [
                16.01,
                9.0,
                -23.0
              ],
              "size": [
                0.0,
                33.0,
                57.0
              ],
              "uv": [
                94,
                2
              ],
              "inflate": 0
            },
            {
              "origin": [
                -15.99,
                10.0,
                -23.0
              ],
              "size": [
                0.0,
                32.0,
                57.0
              ],
              "uv": [
                94,
                2
              ],
              "inflate": 0
            },
            {
              "origin": [
                -16.0,
                42.0,
                -18.0
              ],
              "size": [
                32.0,
                0.0,
                53.0
              ],
              "uv": [
                23,
                30
              ],
              "inflate": 0
            },
            {
              "origin": [
                -16.0,
                24.0,
                34.0
              ],
              "size": [
                32.0,
                18.0,
                1.0
              ],
              "uv": [
                0,
                22
              ],
              "inflate": 0,
              "mirror": true
            },
            {
              "origin": [
                -16.0,
                24.0,
                33.0
              ],
              "size": [
                1.0,
                18.0,
                1.0
              ],
              "uv": [
                0,
                22
              ],
              "inflate": 0
            },
            {
              "origin": [
                -15.0,
                41.0,
                33.0
              ],
              "size": [
                30.0,
                1.0,
                1.0
              ],
              "uv": [
                94,
                0
              ],
              "inflate": 0
            }
          ],
          "parent": "body"
        },
        {
          "name": "hood",
          "pivot": [
            0,
            18,
            -30.7
          ],
          "cubes": [
            {
              "origin": [
                -16.0,
                20.0,
                -33.0
              ],
              "size": [
                32.0,
                7.0,
                6.0
              ],
              "uv": [
                160,
                0
              ],
              "inflate": -0.01
            }
          ],
          "parent": "body",
          "rotation": [
            -45,
            0,
            0
          ]
        },
        {
          "name": "left_side_mirror2",
          "pivot": [
            -16,
            25,
            -24
          ],
          "cubes": [
            {
              "origin": [
                -24.0,
                24.0,
                -23.0
              ],
              "size": [
                8.0,
                8.0,
                0.0
              ],
              "uv": [
                240,
                46
              ],
              "inflate": 0,
              "mirror": true
            }
          ],
          "parent": "body",
          "rotation": [
            0,
            20,
            0
          ]
        },
        {
          "name": "left_side_mirror",
          "pivot": [
            16,
            25,
            -24
          ],
          "cubes": [
            {
              "origin": [
                16.0,
                24.0,
                -23.0
              ],
              "size": [
                8.0,
                8.0,
                0.0
              ],
              "uv": [
                240,
                46
              ],
              "inflate": 0
            }
          ],
          "parent": "body",
          "rotation": [
            0,
            -20,
            0
          ]
        },
        {
          "name": "seats",
          "pivot": [
            0,
            4,
            4
          ],
          "parent": "body"
        },
        {
          "name": "driver",
          "pivot": [
            6,
            15,
            -11
          ],
          "cubes": [
            {
              "origin": [
                0.0,
                16.0,
                -10.0
              ],
              "size": [
                12.0,
                12.0,
                1.0
              ],
              "uv": [
                67,
                2
              ],
              "inflate": 0
            },
            {
              "origin": [
                -12.0,
                16.0,
                -10.0
              ],
              "size": [
                12.0,
                12.0,
                1.0
              ],
              "uv": [
                67,
                2
              ],
              "inflate": 0
            },
            {
              "origin": [
                0.0,
                14.0,
                -17.0
              ],
              "size": [
                12.0,
                2.0,
                8.0
              ],
              "uv": [
                34,
                19
              ],
              "inflate": 0
            },
            {
              "origin": [
                -12.0,
                14.0,
                -17.0
              ],
              "size": [
                12.0,
                2.0,
                8.0
              ],
              "uv": [
                34,
                19
              ],
              "inflate": 0
            },
            {
              "origin": [
                0.0,
                10.0,
                -17.0
              ],
              "size": [
                12.0,
                4.0,
                8.0
              ],
              "uv": [
                113,
                2
              ],
              "inflate": 0
            },
            {
              "origin": [
                -12.0,
                10.0,
                -17.0
              ],
              "size": [
                12.0,
                4.0,
                8.0
              ],
              "uv": [
                113,
                2
              ],
              "inflate": 0
            },
            {
              "origin": [
                0.0,
                28.0,
                -9.5
              ],
              "size": [
                12.0,
                5.0,
                0.0
              ],
              "uv": [
                68,
                22
              ],
              "inflate": 0
            },
            {
              "origin": [
                -12.0,
                28.0,
                -9.5
              ],
              "size": [
                12.0,
                5.0,
                0.0
              ],
              "uv": [
                68,
                22
              ],
              "inflate": 0
            }
          ],
          "parent": "seats"
        },
        {
          "name": "passenger_rightside",
          "pivot": [
            -15,
            0,
            10
          ],
          "parent": "seats",
          "rotation": [
            0,
            90,
            0
          ]
        },
        {
          "name": "seat1",
          "pivot": [
            -12,
            15,
            23
          ],
          "cubes": [
            {
              "origin": [
                -18.0,
                16.0,
                38.0
              ],
              "size": [
                12.0,
                12.0,
                1.0
              ],
              "uv": [
                67,
                2
              ],
              "inflate": 0
            },
            {
              "origin": [
                -18.0,
                14.0,
                31.0
              ],
              "size": [
                12.0,
                2.0,
                8.0
              ],
              "uv": [
                34,
                19
              ],
              "inflate": 0
            },
            {
              "origin": [
                -18.0,
                10.0,
                11.0
              ],
              "size": [
                12.0,
                4.0,
                8.0
              ],
              "uv": [
                113,
                2
              ],
              "inflate": 0
            },
            {
              "origin": [
                -18.0,
                28.0,
                11.5
              ],
              "size": [
                12.0,
                5.0,
                0.0
              ],
              "uv": [
                68,
                22
              ],
              "inflate": 0
            }
          ],
          "parent": "passenger_rightside"
        },
        {
          "name": "seat2",
          "pivot": [
            -28,
            15,
            23
          ],
          "cubes": [
            {
              "origin": [
                -34.0,
                16.0,
                38.0
              ],
              "size": [
                12.0,
                12.0,
                1.0
              ],
              "uv": [
                67,
                2
              ],
              "inflate": 0
            },
            {
              "origin": [
                -34.0,
                14.0,
                31.0
              ],
              "size": [
                12.0,
                2.0,
                8.0
              ],
              "uv": [
                34,
                19
              ],
              "inflate": 0
            },
            {
              "origin": [
                -34.0,
                10.0,
                31.0
              ],
              "size": [
                12.0,
                4.0,
                8.0
              ],
              "uv": [
                113,
                2
              ],
              "inflate": 0
            },
            {
              "origin": [
                -34.0,
                28.0,
                11.5
              ],
              "size": [
                12.0,
                5.0,
                0.0
              ],
              "uv": [
                68,
                22
              ],
              "inflate": 0
            }
          ],
          "parent": "passenger_rightside"
        },
        {
          "name": "passenger_leftside",
          "pivot": [
            15,
            0,
            20
          ],
          "parent": "seats",
          "rotation": [
            0,
            -90,
            0
          ]
        },
        {
          "name": "seat3",
          "pivot": [
            18,
            15,
            33
          ],
          "cubes": [
            {
              "origin": [
                12.0,
                16.0,
                48.0
              ],
              "size": [
                12.0,
                12.0,
                1.0
              ],
              "uv": [
                67,
                2
              ],
              "inflate": 0
            },
            {
              "origin": [
                12.0,
                14.0,
                41.0
              ],
              "size": [
                12.0,
                2.0,
                8.0
              ],
              "uv": [
                34,
                19
              ],
              "inflate": 0
            },
            {
              "origin": [
                12.0,
                10.0,
                42.0
              ],
              "size": [
                12.0,
                4.0,
                8.0
              ],
              "uv": [
                113,
                2
              ],
              "inflate": 0
            },
            {
              "origin": [
                12.0,
                28.0,
                21.5
              ],
              "size": [
                12.0,
                5.0,
                0.0
              ],
              "uv": [
                68,
                22
              ],
              "inflate": 0
            }
          ],
          "parent": "passenger_leftside"
        },
        {
          "name": "seat4",
          "pivot": [
            2,
            15,
            33
          ],
          "cubes": [
            {
              "origin": [
                -4.0,
                16.0,
                48.0
              ],
              "size": [
                12.0,
                12.0,
                1.0
              ],
              "uv": [
                67,
                2
              ],
              "inflate": 0
            },
            {
              "origin": [
                -4.0,
                14.0,
                41.0
              ],
              "size": [
                12.0,
                2.0,
                8.0
              ],
              "uv": [
                34,
                19
              ],
              "inflate": 0
            },
            {
              "origin": [
                -4.0,
                10.0,
                21.0
              ],
              "size": [
                12.0,
                4.0,
                8.0
              ],
              "uv": [
                113,
                2
              ],
              "inflate": 0
            },
            {
              "origin": [
                -4.0,
                28.0,
                21.5
              ],
              "size": [
                12.0,
                5.0,
                0.0
              ],
              "uv": [
                68,
                22
              ],
              "inflate": 0
            }
          ],
          "parent": "passenger_leftside"
        },
        {
          "name": "exterior_side_right",
          "parent": "body"
        },
        {
          "name": "exterior_side_left",
          "pivot": [
            0,
            4,
            4
          ],
          "parent": "body"
        },
        {
          "name": "windshield",
          "pivot": [
            0,
            27.5,
            -24
          ],
          "cubes": [
            {
              "origin": [
                -16.0,
                26.0,
                -23.5
              ],
              "size": [
                32.0,
                17.0,
                1.0
              ],
              "uv": [
                0,
                0
              ],
              "inflate": 0.01
            }
          ],
          "parent": "body",
          "locators": {},
          "rotation": [
            -20,
            0,
            0
          ]
        },
        {
          "name": "spare_tire",
          "pivot": [
            0,
            20,
            35
          ],
          "parent": "body",
          "rotation": [
            0,
            90,
            0
          ]
        }
      ]
    }
  ]
}