{
  "format_version": "1.12.0",
  "minecraft:geometry": [
    {
      "description": {
        "identifier": "geometry.md_chaos",
        "texture_width": 256,
        "texture_height": 256,
        "visible_bounds_width": 15,
        "visible_bounds_height": 9.5,
        "visible_bounds_offset": [
          0,
          2.25,
          0
        ]
      },
      "bones": [
        {
          "name": "root",
          "pivot": [
            0,
            48,
            8
          ],
          "cubes": [
            {
              "origin": [
                -7.0,
                38.0,
                -9.0
              ],
              "size": [
                14.0,
                20.0,
                29.0
              ],
              "uv": [
                0,
                0
              ],
              "inflate": 0
            }
          ],
          "locators": {}
        },
        {
          "name": "rump_r",
          "pivot": [
            -9,
            48,
            8
          ],
          "cubes": [
            {
              "origin": [
                -12.0,
                35.0,
                2.0
              ],
              "size": [
                6.0,
                20.0,
                12.0
              ],
              "uv": [
                121,
                112
              ],
              "inflate": 0
            }
          ],
          "parent": "root"
        },
        {
          "name": "hip_r",
          "pivot": [
            -9,
            35,
            3
          ],
          "cubes": [
            {
              "origin": [
                -11.5,
                15.0,
                2.0
              ],
              "size": [
                5.0,
                20.0,
                7.0
              ],
              "uv": [
                0,
                49
              ],
              "inflate": 0
            }
          ],
          "parent": "rump_r"
        },
        {
          "name": "knee_r",
          "pivot": [
            -9,
            15,
            8
          ],
          "cubes": [
            {
              "origin": [
                -11.0,
                1.0,
                4.0
              ],
              "size": [
                4.0,
                14.0,
                5.0
              ],
              "uv": [
                0,
                91
              ],
              "inflate": 0
            }
          ],
          "parent": "hip_r"
        },
        {
          "name": "ankle_r",
          "pivot": [
            -9,
            2,
            6.5
          ],
          "cubes": [
            {
              "origin": [
                -11.0,
                0.0,
                4.0
              ],
              "size": [
                4.0,
                2.0,
                5.0
              ],
              "uv": [
                103,
                0
              ],
              "inflate": 0.01
            }
          ],
          "parent": "knee_r"
        },
        {
          "name": "toe0_r",
          "pivot": [
            -7,
            2,
            4
          ],
          "cubes": [
            {
              "origin": [
                -8.0,
                0.0,
                -1.5
              ],
              "size": [
                2.0,
                2.0,
                7.0
              ],
              "uv": [
                34,
                100
              ],
              "inflate": 0
            },
            {
              "origin": [
                -7.0,
                0.0,
                -4.5
              ],
              "size": [
                0.0,
                2.0,
                3.0
              ],
              "uv": [
                18,
                24
              ],
              "inflate": 0
            }
          ],
          "parent": "ankle_r"
        },
        {
          "name": "toe1_r",
          "pivot": [
            -9,
            2,
            4
          ],
          "cubes": [
            {
              "origin": [
                -10.0,
                0.0,
                -2.5
              ],
              "size": [
                2.0,
                2.0,
                7.0
              ],
              "uv": [
                92,
                78
              ],
              "inflate": 0
            },
            {
              "origin": [
                -9.0,
                0.0,
                -5.5
              ],
              "size": [
                0.0,
                2.0,
                3.0
              ],
              "uv": [
                12,
                24
              ],
              "inflate": 0
            }
          ],
          "parent": "ankle_r"
        },
        {
          "name": "toe2_r",
          "pivot": [
            -11,
            2,
            4
          ],
          "cubes": [
            {
              "origin": [
                -12.0,
                0.0,
                -1.5
              ],
              "size": [
                2.0,
                2.0,
                7.0
              ],
              "uv": [
                92,
                9
              ],
              "inflate": 0
            },
            {
              "origin": [
                -11.0,
                0.0,
                -4.5
              ],
              "size": [
                0.0,
                2.0,
                3.0
              ],
              "uv": [
                6,
                24
              ],
              "inflate": 0
            }
          ],
          "parent": "ankle_r"
        },
        {
          "name": "rump_l",
          "pivot": [
            9,
            48,
            8
          ],
          "cubes": [
            {
              "origin": [
                6.0,
                35.0,
                2.0
              ],
              "size": [
                6.0,
                20.0,
                12.0
              ],
              "uv": [
                85,
                112
              ],
              "inflate": 0
            }
          ],
          "parent": "root"
        },
        {
          "name": "hip_l",
          "pivot": [
            9,
            35,
            3
          ],
          "cubes": [
            {
              "origin": [
                6.5,
                15.0,
                2.0
              ],
              "size": [
                5.0,
                20.0,
                7.0
              ],
              "uv": [
                0,
                0
              ],
              "inflate": 0
            }
          ],
          "parent": "rump_l"
        },
        {
          "name": "knee_l",
          "pivot": [
            9,
            15,
            8
          ],
          "cubes": [
            {
              "origin": [
                7.0,
                1.0,
                4.0
              ],
              "size": [
                4.0,
                14.0,
                5.0
              ],
              "uv": [
                195,
                5
              ],
              "inflate": 0
            }
          ],
          "parent": "hip_l"
        },
        {
          "name": "ankle_l",
          "pivot": [
            9,
            2,
            6.5
          ],
          "cubes": [
            {
              "origin": [
                7.0,
                0.0,
                4.0
              ],
              "size": [
                4.0,
                2.0,
                5.0
              ],
              "uv": [
                60,
                69
              ],
              "inflate": 0.01
            }
          ],
          "parent": "knee_l"
        },
        {
          "name": "toe0_l",
          "pivot": [
            7,
            2,
            4
          ],
          "cubes": [
            {
              "origin": [
                6.0,
                0.0,
                -1.5
              ],
              "size": [
                2.0,
                2.0,
                7.0
              ],
              "uv": [
                92,
                0
              ],
              "inflate": 0
            },
            {
              "origin": [
                7.0,
                0.0,
                -4.5
              ],
              "size": [
                0.0,
                2.0,
                3.0
              ],
              "uv": [
                0,
                24
              ],
              "inflate": 0
            }
          ],
          "parent": "ankle_l"
        },
        {
          "name": "toe1_l",
          "pivot": [
            9,
            2,
            4
          ],
          "cubes": [
            {
              "origin": [
                8.0,
                0.0,
                -2.5
              ],
              "size": [
                2.0,
                2.0,
                7.0
              ],
              "uv": [
                34,
                91
              ],
              "inflate": 0
            },
            {
              "origin": [
                9.0,
                0.0,
                -5.5
              ],
              "size": [
                0.0,
                2.0,
                3.0
              ],
              "uv": [
                0,
                2
              ],
              "inflate": 0
            }
          ],
          "parent": "ankle_l"
        },
        {
          "name": "toe2_l",
          "pivot": [
            11,
            2,
            4
          ],
          "cubes": [
            {
              "origin": [
                10.0,
                0.0,
                -1.5
              ],
              "size": [
                2.0,
                2.0,
                7.0
              ],
              "uv": [
                49,
                69
              ],
              "inflate": 0
            },
            {
              "origin": [
                11.0,
                0.0,
                -4.5
              ],
              "size": [
                0.0,
                2.0,
                3.0
              ],
              "uv": [
                0,
                0
              ],
              "inflate": 0
            }
          ],
          "parent": "ankle_l"
        },
        {
          "name": "tail0",
          "pivot": [
            0,
            51,
            16
          ],
          "cubes": [
            {
              "origin": [
                -5.0,
                44.0,
                16.0
              ],
              "size": [
                10.0,
                13.0,
                29.0
              ],
              "uv": [
                0,
                49
              ],
              "inflate": 0.01
            }
          ],
          "parent": "root",
          "rotation": [
            22.5,
            0,
            0
          ]
        },
        {
          "name": "tail1",
          "pivot": [
            0,
            51,
            40
          ],
          "cubes": [
            {
              "origin": [
                -3.5,
                47.0,
                40.0
              ],
              "size": [
                7.0,
                9.0,
                25.0
              ],
              "uv": [
                53,
                68
              ],
              "inflate": 0
            }
          ],
          "parent": "tail0"
        },
        {
          "name": "tail2",
          "pivot": [
            0,
            52,
            61
          ],
          "cubes": [
            {
              "origin": [
                -2.0,
                49.0,
                61.0
              ],
              "size": [
                4.0,
                6.0,
                26.0
              ],
              "uv": [
                0,
                91
              ],
              "inflate": 0
            }
          ],
          "parent": "tail1"
        },
        {
          "name": "tail3",
          "pivot": [
            0,
            52,
            83
          ],
          "cubes": [
            {
              "origin": [
                -1.0,
                50.0,
                85.0
              ],
              "size": [
                2.0,
                4.0,
                21.0
              ],
              "uv": [
                39,
                102
              ],
              "inflate": 0
            }
          ],
          "parent": "tail2"
        },
        {
          "name": "spine0",
          "pivot": [
            0,
            48,
            -9
          ],
          "cubes": [
            {
              "origin": [
                -6.0,
                38.0,
                -26.0
              ],
              "size": [
                12.0,
                19.0,
                21.0
              ],
              "uv": [
                65,
                28
              ],
              "inflate": 0
            },
            {
              "origin": [
                -8.0,
                36.0,
                -24.0
              ],
              "size": [
                2.0,
                9.0,
                4.0
              ],
              "uv": [
                49,
                49
              ],
              "inflate": 0
            }
          ],
          "parent": "root"
        },
        {
          "name": "chest",
          "pivot": [
            0,
            48,
            -21.5
          ],
          "parent": "spine0"
        },
        {
          "name": "neck0",
          "pivot": [
            0,
            50,
            -23
          ],
          "cubes": [
            {
              "origin": [
                -5.0,
                44.0,
                -40.0
              ],
              "size": [
                10.0,
                10.0,
                16.0
              ],
              "uv": [
                101,
                86
              ],
              "inflate": -0.01
            }
          ],
          "parent": "chest",
          "rotation": [
            -10,
            0,
            0
          ]
        },
        {
          "name": "neck1",
          "pivot": [
            0,
            49,
            -34
          ],
          "cubes": [
            {
              "origin": [
                -4.0,
                43.5,
                -48.0
              ],
              "size": [
                8.0,
                9.0,
                10.0
              ],
              "uv": [
                121,
                58
              ],
              "inflate": -0.01
            }
          ],
          "parent": "neck0",
          "rotation": [
            -22.5,
            0,
            0
          ]
        },
        {
          "name": "head",
          "pivot": [
            0,
            50.5,
            -49.5
          ],
          "cubes": [
            {
              "origin": [
                -4.0,
                43.5,
                -58.5
              ],
              "size": [
                8.0,
                10.0,
                11.0
              ],
              "uv": [
                110,
                28
              ],
              "inflate": 0.01
            },
            {
              "origin": [
                -4.0,
                46.5,
                -75.5
              ],
              "size": [
                8.0,
                6.0,
                18.0
              ],
              "uv": [
                57,
                0
              ],
              "inflate": 0.01
            },
            {
              "origin": [
                -3.5,
                45.5,
                -75.0
              ],
              "size": [
                7.0,
                1.0,
                17.0
              ],
              "uv": [
                194,
                63
              ],
              "inflate": -0.01
            }
          ],
          "parent": "neck1",
          "locators": {},
          "rotation": [
            28.07612,
            -2.37361,
            -3.16929
          ]
        },
        {
          "name": "eyelids",
          "pivot": [
            0,
            52.5,
            -56
          ],
          "parent": "head"
        },
        {
          "name": "left_horn",
          "pivot": [
            3,
            54.5,
            -53.25
          ],
          "parent": "head"
        },
        {
          "name": "right_horn",
          "pivot": [
            -3,
            54.5,
            -53.25
          ],
          "parent": "head"
        },
        {
          "name": "jaw",
          "pivot": [
            0,
            46.5,
            -52.5
          ],
          "cubes": [
            {
              "origin": [
                -4.0,
                44.5,
                -75.5
              ],
              "size": [
                8.0,
                3.0,
                18.0
              ],
              "uv": [
                93,
                7
              ],
              "inflate": 0
            },
            {
              "origin": [
                -3.5,
                47.5,
                -74.0
              ],
              "size": [
                7.0,
                1.0,
                16.0
              ],
              "uv": [
                77,
                188
              ],
              "inflate": -0.02
            },
            {
              "origin": [
                4.0,
                46.5,
                -62.5
              ],
              "size": [
                0.0,
                5.0,
                5.0
              ],
              "uv": [
                13,
                86
              ],
              "inflate": 0
            },
            {
              "origin": [
                -4.0,
                46.5,
                -62.5
              ],
              "size": [
                0.0,
                5.0,
                5.0
              ],
              "uv": [
                17,
                44
              ],
              "inflate": 0
            }
          ],
          "parent": "head"
        },
        {
          "name": "shoulder_r",
          "pivot": [
            -7,
            44,
            -21.5
          ],
          "parent": "chest"
        },
        {
          "name": "elbow_r",
          "pivot": [
            -7,
            38,
            -20.5
          ],
          "cubes": [
            {
              "origin": [
                -8.0,
                30.0,
                -23.0
              ],
              "size": [
                2.0,
                6.0,
                3.0
              ],
              "uv": [
                87,
                102
              ],
              "inflate": -0.01
            },
            {
              "origin": [
                -9.0,
                34.0,
                -29.5
              ],
              "size": [
                4.0,
                6.0,
                1.0
              ],
              "pivot": [
                -7.0,
                38.0,
                -20.5
              ],
              "rotation": [
                87.5,
                0.0,
                0.0
              ],
              "uv": [
                17,
                0
              ],
              "inflate": 0
            }
          ],
          "parent": "shoulder_r"
        },
        {
          "name": "wrist_r",
          "pivot": [
            -7,
            33,
            -21
          ],
          "parent": "elbow_r"
        },
        {
          "name": "shoulder_l",
          "pivot": [
            7,
            42,
            -21.5
          ],
          "cubes": [
            {
              "origin": [
                6.0,
                34.0,
                -24.0
              ],
              "size": [
                2.0,
                10.0,
                4.0
              ],
              "uv": [
                0,
                123
              ],
              "inflate": 0
            }
          ],
          "parent": "chest"
        },
        {
          "name": "elbow_l",
          "pivot": [
            7,
            36,
            -20.5
          ],
          "cubes": [
            {
              "origin": [
                6.0,
                28.0,
                -23.0
              ],
              "size": [
                2.0,
                7.0,
                3.0
              ],
              "uv": [
                49,
                106
              ],
              "inflate": -0.01
            },
            {
              "origin": [
                5.0,
                27.0,
                -22.5
              ],
              "size": [
                4.0,
                1.0,
                6.0
              ],
              "uv": [
                49,
                62
              ],
              "inflate": 0
            }
          ],
          "parent": "shoulder_l"
        },
        {
          "name": "wrist_l",
          "pivot": [
            7,
            31,
            -21
          ],
          "parent": "elbow_l"
        }
      ]
    }
  ]
}