{
  "format_version": "1.12.0",
  "minecraft:geometry": [
    {
      "description": {
        "identifier": "geometry.md_cc_cerato",
        "texture_width": 256,
        "texture_height": 256,
        "visible_bounds_width": 14,
        "visible_bounds_height": 9,
        "visible_bounds_offset": [
          0,
          1.5,
          0
        ]
      },
      "bones": [
        {
          "name": "root",
          "pivot": [
            0,
            51,
            8
          ],
          "cubes": [
            {
              "origin": [
                -9.0,
                39.0,
                -9.0
              ],
              "size": [
                18.0,
                24.0,
                29.0
              ],
              "uv": [
                0,
                0
              ],
              "inflate": 0
            },
            {
              "origin": [
                0.0,
                63.0,
                6.0
              ],
              "size": [
                0.0,
                2.0,
                14.0
              ],
              "uv": [
                65,
                10
              ],
              "inflate": 0
            },
            {
              "origin": [
                0.0,
                63.0,
                -9.0
              ],
              "size": [
                0.0,
                2.0,
                15.0
              ],
              "uv": [
                65,
                7
              ],
              "inflate": 0
            }
          ],
          "rotation": [
            10,
            0,
            0
          ]
        },
        {
          "name": "rump_r",
          "pivot": [
            -10,
            51,
            8
          ],
          "cubes": [
            {
              "origin": [
                -13.0,
                37.0,
                0.0
              ],
              "size": [
                6.0,
                23.0,
                14.0
              ],
              "uv": [
                114,
                0
              ],
              "inflate": 0
            }
          ],
          "parent": "root",
          "rotation": [
            -10,
            0,
            0
          ]
        },
        {
          "name": "hip_r",
          "pivot": [
            -10,
            38,
            3
          ],
          "cubes": [
            {
              "origin": [
                -12.5,
                18.0,
                2.0
              ],
              "size": [
                5.0,
                23.0,
                8.0
              ],
              "uv": [
                42,
                127
              ],
              "inflate": 0
            }
          ],
          "parent": "rump_r",
          "rotation": [
            2.5,
            0,
            0
          ]
        },
        {
          "name": "knee_r",
          "pivot": [
            -10,
            16,
            6
          ],
          "cubes": [
            {
              "origin": [
                -12.0,
                1.0,
                2.0
              ],
              "size": [
                4.0,
                17.0,
                5.0
              ],
              "uv": [
                0,
                53
              ],
              "inflate": 0
            }
          ],
          "parent": "hip_r"
        },
        {
          "name": "ankle_r",
          "pivot": [
            -10,
            2,
            4.5
          ],
          "cubes": [
            {
              "origin": [
                -12.0,
                0.0,
                2.0
              ],
              "size": [
                4.0,
                2.0,
                5.0
              ],
              "uv": [
                139,
                37
              ],
              "inflate": 0.01
            }
          ],
          "parent": "knee_r",
          "rotation": [
            -5,
            0,
            0
          ]
        },
        {
          "name": "toe0_r",
          "pivot": [
            -8,
            2,
            2
          ],
          "cubes": [
            {
              "origin": [
                -9.0,
                0.0,
                -3.5
              ],
              "size": [
                2.0,
                2.0,
                7.0
              ],
              "uv": [
                135,
                68
              ],
              "inflate": 0
            },
            {
              "origin": [
                -8.0,
                0.0,
                -6.5
              ],
              "size": [
                0.0,
                2.0,
                3.0
              ],
              "uv": [
                50,
                52
              ],
              "inflate": 0
            }
          ],
          "parent": "ankle_r"
        },
        {
          "name": "toe1_r",
          "pivot": [
            -10,
            2,
            2
          ],
          "cubes": [
            {
              "origin": [
                -11.0,
                0.0,
                -4.5
              ],
              "size": [
                2.0,
                2.0,
                7.0
              ],
              "uv": [
                135,
                59
              ],
              "inflate": 0
            },
            {
              "origin": [
                -10.0,
                0.0,
                -7.5
              ],
              "size": [
                0.0,
                2.0,
                3.0
              ],
              "uv": [
                13,
                52
              ],
              "inflate": 0
            }
          ],
          "parent": "ankle_r"
        },
        {
          "name": "toe2_r",
          "pivot": [
            -12,
            2,
            2
          ],
          "cubes": [
            {
              "origin": [
                -13.0,
                0.0,
                -3.5
              ],
              "size": [
                2.0,
                2.0,
                7.0
              ],
              "uv": [
                29,
                126
              ],
              "inflate": 0
            },
            {
              "origin": [
                -12.0,
                0.0,
                -6.5
              ],
              "size": [
                0.0,
                2.0,
                3.0
              ],
              "uv": [
                50,
                50
              ],
              "inflate": 0
            }
          ],
          "parent": "ankle_r"
        },
        {
          "name": "rump_l",
          "pivot": [
            10,
            51,
            8
          ],
          "cubes": [
            {
              "origin": [
                7.0,
                37.0,
                0.0
              ],
              "size": [
                6.0,
                23.0,
                14.0
              ],
              "uv": [
                104,
                97
              ],
              "inflate": 0
            }
          ],
          "parent": "root",
          "rotation": [
            -10,
            0,
            0
          ]
        },
        {
          "name": "hip_l",
          "pivot": [
            10,
            38,
            3
          ],
          "cubes": [
            {
              "origin": [
                7.5,
                18.0,
                2.0
              ],
              "size": [
                5.0,
                20.0,
                8.0
              ],
              "uv": [
                0,
                0
              ],
              "inflate": 0
            }
          ],
          "parent": "rump_l"
        },
        {
          "name": "knee_l",
          "pivot": [
            10,
            16,
            8
          ],
          "cubes": [
            {
              "origin": [
                8.0,
                2.0,
                4.0
              ],
              "size": [
                4.0,
                16.0,
                5.0
              ],
              "uv": [
                0,
                97
              ],
              "inflate": 0
            }
          ],
          "parent": "hip_l"
        },
        {
          "name": "ankle_l",
          "pivot": [
            10,
            3,
            6.5
          ],
          "cubes": [
            {
              "origin": [
                8.0,
                1.0,
                4.0
              ],
              "size": [
                4.0,
                2.0,
                5.0
              ],
              "uv": [
                129,
                134
              ],
              "inflate": 0.01
            }
          ],
          "parent": "knee_l"
        },
        {
          "name": "toe0_l",
          "pivot": [
            8,
            3,
            4
          ],
          "cubes": [
            {
              "origin": [
                7.0,
                1.0,
                -1.5
              ],
              "size": [
                2.0,
                2.0,
                7.0
              ],
              "uv": [
                31,
                111
              ],
              "inflate": 0
            },
            {
              "origin": [
                8.0,
                1.0,
                -4.5
              ],
              "size": [
                0.0,
                2.0,
                3.0
              ],
              "uv": [
                13,
                50
              ],
              "inflate": 0
            }
          ],
          "parent": "ankle_l"
        },
        {
          "name": "toe1_l",
          "pivot": [
            10,
            3,
            4
          ],
          "cubes": [
            {
              "origin": [
                9.0,
                1.0,
                -2.5
              ],
              "size": [
                2.0,
                2.0,
                7.0
              ],
              "uv": [
                99,
                97
              ],
              "inflate": 0
            },
            {
              "origin": [
                10.0,
                1.0,
                -5.5
              ],
              "size": [
                0.0,
                2.0,
                3.0
              ],
              "uv": [
                18,
                2
              ],
              "inflate": 0
            }
          ],
          "parent": "ankle_l"
        },
        {
          "name": "toe2_l",
          "pivot": [
            12,
            3,
            4
          ],
          "cubes": [
            {
              "origin": [
                11.0,
                1.0,
                -1.5
              ],
              "size": [
                2.0,
                2.0,
                7.0
              ],
              "uv": [
                50,
                53
              ],
              "inflate": 0
            },
            {
              "origin": [
                12.0,
                1.0,
                -4.5
              ],
              "size": [
                0.0,
                2.0,
                3.0
              ],
              "uv": [
                18,
                0
              ],
              "inflate": 0
            }
          ],
          "parent": "ankle_l"
        },
        {
          "name": "tail0",
          "pivot": [
            0,
            56,
            16
          ],
          "cubes": [
            {
              "origin": [
                -5.0,
                49.0,
                16.0
              ],
              "size": [
                10.0,
                13.0,
                26.0
              ],
              "uv": [
                68,
                27
              ],
              "inflate": 0.01
            },
            {
              "origin": [
                0.0,
                62.0,
                21.0
              ],
              "size": [
                0.0,
                2.0,
                20.0
              ],
              "uv": [
                50,
                50
              ],
              "inflate": 0
            }
          ],
          "parent": "root",
          "rotation": [
            10,
            0,
            0
          ]
        },
        {
          "name": "tail1",
          "pivot": [
            0,
            56,
            40
          ],
          "cubes": [
            {
              "origin": [
                0.0,
                61.0,
                42.0
              ],
              "size": [
                0.0,
                2.0,
                20.0
              ],
              "uv": [
                50,
                48
              ],
              "inflate": 0
            },
            {
              "origin": [
                -3.5,
                52.0,
                40.0
              ],
              "size": [
                7.0,
                9.0,
                22.0
              ],
              "uv": [
                72,
                66
              ],
              "inflate": 0
            }
          ],
          "parent": "tail0",
          "rotation": [
            -7.5,
            0,
            0
          ]
        },
        {
          "name": "tail2",
          "pivot": [
            0,
            57,
            61
          ],
          "cubes": [
            {
              "origin": [
                -2.0,
                54.0,
                61.0
              ],
              "size": [
                4.0,
                6.0,
                23.0
              ],
              "uv": [
                0,
                97
              ],
              "inflate": 0
            },
            {
              "origin": [
                0.0,
                60.0,
                62.0
              ],
              "size": [
                0.0,
                2.0,
                22.0
              ],
              "uv": [
                50,
                44
              ],
              "inflate": 0
            }
          ],
          "parent": "tail1"
        },
        {
          "name": "tail3",
          "pivot": [
            0,
            57,
            83
          ],
          "cubes": [
            {
              "origin": [
                -1.0,
                55.0,
                82.0
              ],
              "size": [
                2.0,
                4.0,
                18.0
              ],
              "uv": [
                65,
                0
              ],
              "inflate": 0
            }
          ],
          "parent": "tail2",
          "rotation": [
            -15,
            0,
            0
          ]
        },
        {
          "name": "spine0",
          "pivot": [
            0,
            51,
            -9
          ],
          "cubes": [
            {
              "origin": [
                -7.0,
                40.0,
                -27.0
              ],
              "size": [
                14.0,
                22.0,
                22.0
              ],
              "uv": [
                0,
                53
              ],
              "inflate": 0
            },
            {
              "origin": [
                0.0,
                62.0,
                -26.0
              ],
              "size": [
                0.0,
                2.0,
                19.0
              ],
              "uv": [
                50,
                53
              ],
              "inflate": 0
            }
          ],
          "parent": "root",
          "rotation": [
            -7.5,
            0,
            0
          ]
        },
        {
          "name": "chest",
          "pivot": [
            0,
            51,
            -21.5
          ],
          "parent": "spine0"
        },
        {
          "name": "neck0",
          "pivot": [
            0,
            53,
            -23
          ],
          "cubes": [
            {
              "origin": [
                -4.0,
                48.0,
                -37.0
              ],
              "size": [
                8.0,
                13.5,
                17.0
              ],
              "uv": [
                54,
                97
              ],
              "inflate": -0.01
            },
            {
              "origin": [
                0.0,
                60.0,
                -35.0
              ],
              "size": [
                0.0,
                2.0,
                7.0
              ],
              "uv": [
                50,
                57
              ],
              "inflate": 0
            }
          ],
          "parent": "chest",
          "rotation": [
            -12.5,
            0,
            0
          ]
        },
        {
          "name": "neck1",
          "pivot": [
            0,
            55,
            -37
          ],
          "cubes": [
            {
              "origin": [
                -4.0,
                47.5,
                -47.0
              ],
              "size": [
                8.0,
                15.0,
                13.0
              ],
              "uv": [
                0,
                126
              ],
              "inflate": -0.01
            },
            {
              "origin": [
                0.0,
                62.0,
                -46.0
              ],
              "size": [
                0.0,
                2.0,
                8.0
              ],
              "uv": [
                50,
                54
              ],
              "inflate": 0
            }
          ],
          "parent": "neck0",
          "rotation": [
            -25,
            0,
            0
          ]
        },
        {
          "name": "head",
          "pivot": [
            0,
            56.5,
            -46.5
          ],
          "cubes": [
            {
              "origin": [
                -5.0,
                49.5,
                -49.5
              ],
              "size": [
                10.0,
                13.0,
                6.0
              ],
              "uv": [
                130,
                86
              ],
              "inflate": 0.01
            },
            {
              "origin": [
                -5.0,
                52.5,
                -56.5
              ],
              "size": [
                10.0,
                10.0,
                7.0
              ],
              "uv": [
                68,
                127
              ],
              "inflate": 0.01
            },
            {
              "origin": [
                -4.0,
                52.5,
                -67.5
              ],
              "size": [
                8.0,
                9.0,
                11.0
              ],
              "uv": [
                108,
                66
              ],
              "inflate": 0.01
            },
            {
              "origin": [
                -3.5,
                51.5,
                -67.0
              ],
              "size": [
                7.0,
                1.0,
                13.0
              ],
              "uv": [
                87,
                0
              ],
              "inflate": -0.01
            },
            {
              "origin": [
                -0.5,
                62.25,
                -66.5
              ],
              "size": [
                1.0,
                4.0,
                3.0
              ],
              "uv": [
                0,
                0
              ],
              "inflate": 0
            },
            {
              "origin": [
                -1.0,
                60.25,
                -66.5
              ],
              "size": [
                2.0,
                4.0,
                4.0
              ],
              "uv": [
                101,
                18
              ],
              "inflate": 0
            },
            {
              "origin": [
                -5.0,
                62.5,
                -46.5
              ],
              "size": [
                1.0,
                5.0,
                4.0
              ],
              "pivot": [
                0.0,
                56.5,
                -46.5
              ],
              "rotation": [
                65.0,
                0.0,
                0.0
              ],
              "uv": [
                108,
                66
              ],
              "inflate": 0
            },
            {
              "origin": [
                4.0,
                61.5,
                -46.5
              ],
              "size": [
                1.0,
                6.0,
                4.0
              ],
              "pivot": [
                0.0,
                56.5,
                -46.5
              ],
              "rotation": [
                65.0,
                0.0,
                0.0
              ],
              "uv": [
                58,
                97
              ],
              "inflate": 0
            }
          ],
          "parent": "neck1",
          "rotation": [
            27.5,
            0,
            0
          ]
        },
        {
          "name": "left_horn",
          "pivot": [
            3,
            60.5,
            -50.25
          ],
          "parent": "head"
        },
        {
          "name": "right_horn",
          "pivot": [
            -3,
            60.5,
            -50.25
          ],
          "parent": "head"
        },
        {
          "name": "jaw",
          "pivot": [
            0,
            52.5,
            -49.5
          ],
          "cubes": [
            {
              "origin": [
                -5.0,
                49.5,
                -56.5
              ],
              "size": [
                10.0,
                3.0,
                7.0
              ],
              "uv": [
                102,
                134
              ],
              "inflate": 0
            },
            {
              "origin": [
                -4.0,
                49.5,
                -67.5
              ],
              "size": [
                8.0,
                3.0,
                11.0
              ],
              "uv": [
                31,
                97
              ],
              "inflate": 0
            },
            {
              "origin": [
                -3.5,
                52.5,
                -67.0
              ],
              "size": [
                7.0,
                1.0,
                11.0
              ],
              "uv": [
                114,
                37
              ],
              "inflate": -0.02
            },
            {
              "origin": [
                4.0,
                52.5,
                -54.5
              ],
              "size": [
                0.0,
                5.0,
                5.0
              ],
              "uv": [
                31,
                92
              ],
              "inflate": 0
            },
            {
              "origin": [
                -4.0,
                52.5,
                -54.5
              ],
              "size": [
                0.0,
                5.0,
                5.0
              ],
              "uv": [
                13,
                92
              ],
              "inflate": 0
            }
          ],
          "parent": "head"
        },
        {
          "name": "shoulder_r",
          "pivot": [
            -8,
            47,
            -21.5
          ],
          "cubes": [
            {
              "origin": [
                -9.0,
                38.0,
                -24.0
              ],
              "size": [
                2.0,
                11.0,
                4.0
              ],
              "uv": [
                87,
                97
              ],
              "inflate": 0
            }
          ],
          "parent": "chest"
        },
        {
          "name": "elbow_r",
          "pivot": [
            -8,
            39,
            -20.5
          ],
          "cubes": [
            {
              "origin": [
                -9.0,
                29.0,
                -23.0
              ],
              "size": [
                2.0,
                10.0,
                3.0
              ],
              "uv": [
                114,
                0
              ],
              "inflate": -0.01
            },
            {
              "origin": [
                -10.0,
                28.0,
                -22.5
              ],
              "size": [
                4.0,
                1.0,
                6.0
              ],
              "pivot": [
                -8.0,
                39.0,
                -20.5
              ],
              "rotation": [
                0.0,
                22.5,
                0.0
              ],
              "uv": [
                72,
                81
              ],
              "inflate": 0
            }
          ],
          "parent": "shoulder_r"
        },
        {
          "name": "wrist_r",
          "pivot": [
            -8,
            34,
            -21
          ],
          "parent": "elbow_r"
        },
        {
          "name": "shoulder_l",
          "pivot": [
            8,
            47,
            -21.5
          ],
          "cubes": [
            {
              "origin": [
                7.0,
                39.0,
                -24.0
              ],
              "size": [
                2.0,
                11.0,
                4.0
              ],
              "uv": [
                65,
                0
              ],
              "inflate": 0
            }
          ],
          "parent": "chest"
        },
        {
          "name": "elbow_l",
          "pivot": [
            8,
            39,
            -20.5
          ],
          "cubes": [
            {
              "origin": [
                7.0,
                29.0,
                -23.0
              ],
              "size": [
                2.0,
                10.0,
                3.0
              ],
              "uv": [
                87,
                0
              ],
              "inflate": -0.01
            },
            {
              "origin": [
                6.0,
                28.0,
                -22.5
              ],
              "size": [
                4.0,
                1.0,
                6.0
              ],
              "pivot": [
                8.0,
                39.0,
                -20.5
              ],
              "rotation": [
                0.0,
                -22.5,
                0.0
              ],
              "uv": [
                72,
                74
              ],
              "inflate": 0
            }
          ],
          "parent": "shoulder_l"
        },
        {
          "name": "wrist_l",
          "pivot": [
            8,
            34,
            -21
          ],
          "parent": "elbow_l"
        }
      ]
    }
  ]
}