{
  "format_version": "1.12.0",
  "minecraft:geometry": [
    {
      "description": {
        "identifier": "geometry.md_diplo",
        "texture_width": 512,
        "texture_height": 512,
        "visible_bounds_width": 33,
        "visible_bounds_height": 14.5,
        "visible_bounds_offset": [
          0,
          3.75,
          0
        ]
      },
      "bones": [
        {
          "name": "root",
          "pivot": [
            0,
            66,
            25
          ],
          "cubes": [
            {
              "origin": [
                -18.5,
                41.0,
                6.0
              ],
              "size": [
                37.0,
                47.0,
                32.0
              ],
              "uv": [
                0,
                82
              ],
              "inflate": 0
            },
            {
              "origin": [
                1.0,
                87.0,
                8.0
              ],
              "size": [
                0.0,
                8.0,
                30.0
              ],
              "uv": [
                191,
                248
              ],
              "inflate": 0
            }
          ],
          "locators": {}
        },
        {
          "name": "spine0",
          "pivot": [
            0,
            66,
            -7
          ],
          "cubes": [
            {
              "origin": [
                -19.5,
                41.0,
                -24.0
              ],
              "size": [
                39.0,
                50.0,
                32.0
              ],
              "uv": [
                0,
                0
              ],
              "inflate": 0
            },
            {
              "origin": [
                1.0,
                89.0,
                -24.0
              ],
              "size": [
                0.0,
                6.0,
                32.0
              ],
              "uv": [
                229,
                38
              ],
              "inflate": 0
            }
          ],
          "parent": "root"
        },
        {
          "name": "chest",
          "pivot": [
            0,
            66,
            -26
          ],
          "cubes": [
            {
              "origin": [
                -17.5,
                41.0,
                -43.0
              ],
              "size": [
                35.0,
                48.0,
                21.0
              ],
              "uv": [
                138,
                61
              ],
              "inflate": 0
            },
            {
              "origin": [
                1.0,
                88.0,
                -43.0
              ],
              "size": [
                0.0,
                6.0,
                22.0
              ],
              "uv": [
                296,
                102
              ],
              "inflate": 0
            }
          ],
          "parent": "spine0"
        },
        {
          "name": "neck0",
          "pivot": [
            0,
            65,
            -38
          ],
          "cubes": [
            {
              "origin": [
                1.0,
                82.0,
                -72.0
              ],
              "size": [
                0.0,
                5.0,
                31.0
              ],
              "uv": [
                52,
                203
              ],
              "inflate": 0
            }
          ],
          "parent": "chest"
        },
        {
          "name": "bone",
          "pivot": [
            0,
            8,
            -6
          ],
          "cubes": [
            {
              "origin": [
                -9.5,
                55.0,
                -72.0
              ],
              "size": [
                20.0,
                28.0,
                37.0
              ],
              "uv": [
                0,
                164
              ],
              "inflate": 0
            }
          ],
          "parent": "neck0"
        },
        {
          "name": "neck1",
          "pivot": [
            0,
            71,
            -73
          ],
          "cubes": [
            {
              "origin": [
                -8.5,
                57.0,
                -107.0
              ],
              "size": [
                18.0,
                24.0,
                39.0
              ],
              "uv": [
                184,
                162
              ],
              "inflate": 0
            },
            {
              "origin": [
                1.0,
                80.0,
                -107.0
              ],
              "size": [
                0.0,
                6.0,
                35.0
              ],
              "uv": [
                150,
                199
              ],
              "inflate": 0
            }
          ],
          "parent": "neck0",
          "rotation": [
            -7.5,
            0,
            0
          ]
        },
        {
          "name": "neck2",
          "pivot": [
            0,
            71,
            -108
          ],
          "cubes": [
            {
              "origin": [
                -7.5,
                60.0,
                -140.0
              ],
              "size": [
                16.0,
                19.0,
                34.0
              ],
              "uv": [
                189,
                225
              ],
              "inflate": 0
            },
            {
              "origin": [
                1.0,
                79.0,
                -140.0
              ],
              "size": [
                0.0,
                5.0,
                33.0
              ],
              "uv": [
                229,
                32
              ],
              "inflate": 0
            }
          ],
          "parent": "neck1"
        },
        {
          "name": "neck3",
          "pivot": [
            0,
            71,
            -142
          ],
          "cubes": [
            {
              "origin": [
                -6.0,
                61.0,
                -171.0
              ],
              "size": [
                13.0,
                17.0,
                31.0
              ],
              "uv": [
                258,
                247
              ],
              "inflate": 0
            },
            {
              "origin": [
                1.0,
                77.0,
                -171.0
              ],
              "size": [
                0.0,
                5.0,
                31.0
              ],
              "uv": [
                52,
                198
              ],
              "inflate": 0
            }
          ],
          "parent": "neck2"
        },
        {
          "name": "neck4",
          "pivot": [
            0,
            71,
            -171
          ],
          "cubes": [
            {
              "origin": [
                -5.0,
                62.0,
                -187.0
              ],
              "size": [
                11.0,
                15.0,
                18.0
              ],
              "uv": [
                277,
                65
              ],
              "inflate": 0
            },
            {
              "origin": [
                1.0,
                76.0,
                -186.0
              ],
              "size": [
                0.0,
                5.0,
                15.0
              ],
              "uv": [
                0,
                0
              ],
              "inflate": 0
            }
          ],
          "parent": "neck3"
        },
        {
          "name": "neck5",
          "pivot": [
            0,
            71,
            -184
          ],
          "cubes": [
            {
              "origin": [
                -3.5,
                64.0,
                -197.0
              ],
              "size": [
                8.0,
                12.0,
                14.0
              ],
              "uv": [
                313,
                324
              ],
              "inflate": 0
            }
          ],
          "parent": "neck4"
        },
        {
          "name": "head",
          "pivot": [
            0,
            71,
            -194
          ],
          "cubes": [
            {
              "origin": [
                -7.5,
                63.0,
                -211.0
              ],
              "size": [
                15.0,
                13.0,
                18.0
              ],
              "uv": [
                110,
                0
              ],
              "inflate": 0
            },
            {
              "origin": [
                -7.5,
                67.0,
                -225.0
              ],
              "size": [
                15.0,
                7.0,
                15.0
              ],
              "uv": [
                214,
                0
              ],
              "inflate": 0
            },
            {
              "origin": [
                -6.0,
                59.0,
                -210.0
              ],
              "size": [
                12.0,
                10.0,
                9.0
              ],
              "pivot": [
                0.0,
                71.0,
                -194.0
              ],
              "rotation": [
                -45.0,
                0.0,
                0.0
              ],
              "uv": [
                318,
                201
              ],
              "inflate": 0
            }
          ],
          "parent": "neck5"
        },
        {
          "name": "eyelids",
          "pivot": [
            0,
            74,
            -205
          ],
          "parent": "head"
        },
        {
          "name": "jaw",
          "pivot": [
            0,
            67,
            -208
          ],
          "cubes": [
            {
              "origin": [
                -6.5,
                63.0,
                -225.0
              ],
              "size": [
                13.0,
                4.0,
                17.0
              ],
              "uv": [
                304,
                0
              ],
              "inflate": 0
            }
          ],
          "parent": "head"
        },
        {
          "name": "shoulder_l",
          "pivot": [
            15,
            57,
            -36
          ],
          "cubes": [
            {
              "origin": [
                12.0,
                31.0,
                -45.0
              ],
              "size": [
                12.0,
                38.0,
                17.0
              ],
              "uv": [
                133,
                263
              ],
              "inflate": 0
            }
          ],
          "parent": "chest"
        },
        {
          "name": "elbow_l",
          "pivot": [
            15,
            29,
            -33
          ],
          "cubes": [
            {
              "origin": [
                13.0,
                4.0,
                -42.0
              ],
              "size": [
                9.0,
                30.0,
                13.0
              ],
              "uv": [
                283,
                295
              ],
              "inflate": 0
            }
          ],
          "parent": "shoulder_l"
        },
        {
          "name": "wrist_l",
          "pivot": [
            15,
            7,
            -35
          ],
          "cubes": [
            {
              "origin": [
                12.0,
                0.0,
                -46.0
              ],
              "size": [
                11.0,
                8.0,
                18.0
              ],
              "uv": [
                30,
                317
              ],
              "inflate": 0
            }
          ],
          "parent": "elbow_l"
        },
        {
          "name": "shoulder_r",
          "pivot": [
            -13,
            57,
            -35
          ],
          "cubes": [
            {
              "origin": [
                -22.0,
                31.0,
                -43.0
              ],
              "size": [
                12.0,
                36.0,
                17.0
              ],
              "uv": [
                74,
                272
              ],
              "inflate": 0
            }
          ],
          "parent": "chest"
        },
        {
          "name": "elbow_r",
          "pivot": [
            -13,
            30,
            -32
          ],
          "cubes": [
            {
              "origin": [
                -20.0,
                6.0,
                -41.0
              ],
              "size": [
                9.0,
                30.0,
                13.0
              ],
              "uv": [
                239,
                295
              ],
              "inflate": 0
            }
          ],
          "parent": "shoulder_r"
        },
        {
          "name": "wrist_r",
          "pivot": [
            -13,
            8,
            -34
          ],
          "cubes": [
            {
              "origin": [
                -21.0,
                1.0,
                -45.0
              ],
              "size": [
                11.0,
                8.0,
                18.0
              ],
              "uv": [
                315,
                238
              ],
              "inflate": 0
            }
          ],
          "parent": "elbow_r"
        },
        {
          "name": "tail0",
          "pivot": [
            0,
            66,
            34
          ],
          "cubes": [
            {
              "origin": [
                -12.0,
                45.0,
                30.0
              ],
              "size": [
                27.0,
                40.0,
                31.0
              ],
              "uv": [
                107,
                130
              ],
              "inflate": 0
            },
            {
              "origin": [
                1.0,
                84.0,
                39.0
              ],
              "size": [
                0.0,
                6.0,
                23.0
              ],
              "uv": [
                229,
                53
              ],
              "inflate": 0
            }
          ],
          "parent": "root",
          "rotation": [
            2.5,
            0,
            0
          ]
        },
        {
          "name": "tail1",
          "pivot": [
            0,
            66,
            57
          ],
          "cubes": [
            {
              "origin": [
                -11.0,
                52.0,
                55.0
              ],
              "size": [
                23.0,
                30.0,
                30.0
              ],
              "uv": [
                220,
                100
              ],
              "inflate": 0
            },
            {
              "origin": [
                1.0,
                80.0,
                61.0
              ],
              "size": [
                0.0,
                8.0,
                24.0
              ],
              "uv": [
                255,
                214
              ],
              "inflate": 0
            }
          ],
          "parent": "tail0"
        },
        {
          "name": "tail2",
          "pivot": [
            0,
            66,
            86
          ],
          "cubes": [
            {
              "origin": [
                -9.0,
                55.0,
                84.0
              ],
              "size": [
                18.0,
                23.0,
                39.0
              ],
              "uv": [
                75,
                201
              ],
              "inflate": 0
            },
            {
              "origin": [
                1.0,
                77.0,
                85.0
              ],
              "size": [
                0.0,
                9.0,
                38.0
              ],
              "uv": [
                74,
                225
              ],
              "inflate": 0
            }
          ],
          "parent": "tail1"
        },
        {
          "name": "tail3",
          "pivot": [
            0,
            66,
            120
          ],
          "cubes": [
            {
              "origin": [
                -8.0,
                57.0,
                118.0
              ],
              "size": [
                16.0,
                19.0,
                40.0
              ],
              "uv": [
                142,
                0
              ],
              "inflate": 0
            },
            {
              "origin": [
                1.0,
                73.0,
                122.0
              ],
              "size": [
                0.0,
                9.0,
                36.0
              ],
              "uv": [
                150,
                189
              ],
              "inflate": 0
            }
          ],
          "parent": "tail2"
        },
        {
          "name": "tail4",
          "pivot": [
            0,
            66,
            156
          ],
          "cubes": [
            {
              "origin": [
                -7.0,
                59.0,
                155.0
              ],
              "size": [
                14.0,
                15.0,
                26.0
              ],
              "uv": [
                259,
                160
              ],
              "inflate": 0
            },
            {
              "origin": [
                -1.0,
                66.0,
                155.0
              ],
              "size": [
                2.0,
                2.0,
                2.0
              ],
              "uv": [
                0,
                0
              ],
              "inflate": 0
            },
            {
              "origin": [
                1.0,
                74.0,
                158.0
              ],
              "size": [
                0.0,
                5.0,
                19.0
              ],
              "uv": [
                142,
                12
              ],
              "inflate": 0
            }
          ],
          "parent": "tail3"
        },
        {
          "name": "tail5",
          "pivot": [
            0,
            66,
            179
          ],
          "cubes": [
            {
              "origin": [
                -5.0,
                60.0,
                177.0
              ],
              "size": [
                10.0,
                12.0,
                25.0
              ],
              "uv": [
                273,
                201
              ],
              "inflate": 0
            }
          ],
          "parent": "tail4"
        },
        {
          "name": "tail6",
          "pivot": [
            0,
            66,
            199
          ],
          "cubes": [
            {
              "origin": [
                -4.0,
                61.0,
                198.0
              ],
              "size": [
                8.0,
                10.0,
                17.0
              ],
              "uv": [
                115,
                318
              ],
              "inflate": 0
            }
          ],
          "parent": "tail5"
        },
        {
          "name": "tail7",
          "pivot": [
            0,
            66,
            213
          ],
          "cubes": [
            {
              "origin": [
                -2.5,
                63.0,
                212.0
              ],
              "size": [
                5.0,
                7.0,
                20.0
              ],
              "uv": [
                317,
                45
              ],
              "inflate": 0
            }
          ],
          "parent": "tail6"
        },
        {
          "name": "tail8",
          "pivot": [
            0,
            66,
            230
          ],
          "cubes": [
            {
              "origin": [
                -1.5,
                64.0,
                229.0
              ],
              "size": [
                3.0,
                5.0,
                20.0
              ],
              "uv": [
                165,
                318
              ],
              "inflate": 0
            }
          ],
          "parent": "tail7"
        },
        {
          "name": "rump_l",
          "pivot": [
            15,
            63,
            22
          ],
          "cubes": [
            {
              "origin": [
                10.0,
                33.0,
                11.0
              ],
              "size": [
                14.0,
                43.0,
                22.0
              ],
              "uv": [
                254,
                0
              ],
              "inflate": 0
            }
          ],
          "parent": "root"
        },
        {
          "name": "hip_l",
          "pivot": [
            15,
            29,
            17
          ],
          "cubes": [
            {
              "origin": [
                11.5,
                6.0,
                14.0
              ],
              "size": [
                10.0,
                27.0,
                14.0
              ],
              "uv": [
                191,
                286
              ],
              "inflate": 0
            }
          ],
          "parent": "rump_l"
        },
        {
          "name": "knee_l",
          "pivot": [
            15,
            6,
            22
          ],
          "cubes": [
            {
              "origin": [
                10.5,
                0.0,
                11.0
              ],
              "size": [
                12.0,
                8.0,
                18.0
              ],
              "uv": [
                313,
                142
              ],
              "inflate": 0
            }
          ],
          "parent": "hip_l"
        },
        {
          "name": "rump_r",
          "pivot": [
            -15,
            63,
            22
          ],
          "cubes": [
            {
              "origin": [
                -24.0,
                33.0,
                11.0
              ],
              "size": [
                15.0,
                44.0,
                22.0
              ],
              "uv": [
                0,
                229
              ],
              "inflate": 0
            }
          ],
          "parent": "root"
        },
        {
          "name": "hip_r",
          "pivot": [
            -15,
            29,
            17
          ],
          "cubes": [
            {
              "origin": [
                -21.5,
                7.0,
                14.0
              ],
              "size": [
                10.0,
                26.0,
                14.0
              ],
              "uv": [
                0,
                295
              ],
              "inflate": 0
            }
          ],
          "parent": "rump_r"
        },
        {
          "name": "knee_r",
          "pivot": [
            -15,
            6,
            22
          ],
          "cubes": [
            {
              "origin": [
                -22.5,
                0.0,
                11.0
              ],
              "size": [
                12.0,
                8.0,
                18.0
              ],
              "uv": [
                296,
                98
              ],
              "inflate": 0
            }
          ],
          "parent": "hip_r"
        }
      ]
    }
  ]
}