{
  "format_version": "1.12.0",
  "minecraft:geometry": [
    {
      "description": {
        "identifier": "geometry.md_drea",
        "texture_width": 512,
        "texture_height": 512,
        "visible_bounds_width": 36,
        "visible_bounds_height": 18,
        "visible_bounds_offset": [
          0,
          4,
          0
        ]
      },
      "bones": [
        {
          "name": "root",
          "pivot": [
            0,
            70,
            26.5
          ],
          "cubes": [
            {
              "origin": [
                -16.5,
                41.0,
                12.5
              ],
              "size": [
                33.0,
                54.0,
                30.0
              ],
              "uv": [
                276,
                147
              ],
              "inflate": 0
            }
          ],
          "locators": {}
        },
        {
          "name": "spine0",
          "pivot": [
            0,
            71,
            4
          ],
          "cubes": [
            {
              "origin": [
                -17.5,
                42.0,
                -17.5
              ],
              "size": [
                35.0,
                58.0,
                35.0
              ],
              "uv": [
                0,
                207
              ],
              "inflate": 0
            }
          ],
          "parent": "root"
        },
        {
          "name": "chest",
          "pivot": [
            0,
            71,
            -23
          ],
          "cubes": [
            {
              "origin": [
                -22.5,
                43.0,
                -36.5
              ],
              "size": [
                45.0,
                59.0,
                27.0
              ],
              "uv": [
                140,
                207
              ],
              "inflate": 0
            }
          ],
          "parent": "spine0"
        },
        {
          "name": "neck0",
          "pivot": [
            0,
            70,
            -34
          ],
          "cubes": [
            {
              "origin": [
                -14.5,
                53.0,
                -74.0
              ],
              "size": [
                29.0,
                43.0,
                54.0
              ],
              "uv": [
                200,
                50
              ],
              "inflate": 0
            }
          ],
          "parent": "chest",
          "rotation": [
            -12.5,
            0,
            0
          ]
        },
        {
          "name": "neck1",
          "pivot": [
            0,
            70,
            -64
          ],
          "cubes": [
            {
              "origin": [
                -10.5,
                56.5,
                -106.0
              ],
              "size": [
                21.0,
                37.0,
                44.0
              ],
              "uv": [
                121,
                0
              ],
              "inflate": 0
            }
          ],
          "parent": "neck0"
        },
        {
          "name": "neck2",
          "pivot": [
            0,
            70,
            -94
          ],
          "cubes": [
            {
              "origin": [
                -7.5,
                62.0,
                -137.5
              ],
              "size": [
                15.0,
                25.0,
                45.0
              ],
              "uv": [
                312,
                0
              ],
              "inflate": 0
            }
          ],
          "parent": "neck1",
          "rotation": [
            10,
            0,
            0
          ]
        },
        {
          "name": "neck3",
          "pivot": [
            0,
            70,
            -126
          ],
          "cubes": [
            {
              "origin": [
                -5.5,
                63.5,
                -179.0
              ],
              "size": [
                11.0,
                20.0,
                55.0
              ],
              "uv": [
                85,
                293
              ],
              "inflate": 0
            }
          ],
          "parent": "neck2",
          "rotation": [
            20,
            0,
            0
          ]
        },
        {
          "name": "neck4",
          "pivot": [
            0,
            70,
            -169
          ],
          "cubes": [
            {
              "origin": [
                -5.0,
                66.5,
                -203.5
              ],
              "size": [
                10.0,
                16.0,
                39.0
              ],
              "uv": [
                162,
                293
              ],
              "inflate": 0
            }
          ],
          "parent": "neck3"
        },
        {
          "name": "head",
          "pivot": [
            0,
            74,
            -197
          ],
          "cubes": [
            {
              "origin": [
                -5.5,
                71.5,
                -212.5
              ],
              "size": [
                11.0,
                13.0,
                15.0
              ],
              "uv": [
                301,
                0
              ],
              "inflate": 0
            },
            {
              "origin": [
                -4.5,
                83.0,
                -191.0
              ],
              "size": [
                9.0,
                8.0,
                6.0
              ],
              "pivot": [
                0.0,
                77.0,
                -198.75
              ],
              "rotation": [
                127.5,
                0.0,
                0.0
              ],
              "uv": [
                54,
                0
              ],
              "inflate": 0
            },
            {
              "origin": [
                -5.5,
                71.5,
                -221.5
              ],
              "size": [
                11.0,
                9.0,
                10.0
              ],
              "uv": [
                0,
                66
              ],
              "inflate": 0
            }
          ],
          "parent": "neck4",
          "rotation": [
            -17.5,
            0,
            0
          ]
        },
        {
          "name": "eyelids",
          "pivot": [
            0,
            74,
            -201
          ],
          "parent": "head"
        },
        {
          "name": "jaw",
          "pivot": [
            0,
            71,
            -197
          ],
          "cubes": [
            {
              "origin": [
                -5.5,
                67.5,
                -221.5
              ],
              "size": [
                11.0,
                4.0,
                24.0
              ],
              "uv": [
                200,
                147
              ],
              "inflate": 0
            },
            {
              "origin": [
                -4.75,
                71.5,
                -204.0
              ],
              "size": [
                0.0,
                5.0,
                7.0
              ],
              "uv": [
                0,
                5
              ],
              "inflate": 0
            },
            {
              "origin": [
                4.75,
                71.5,
                -204.0
              ],
              "size": [
                0.0,
                5.0,
                7.0
              ],
              "uv": [
                0,
                0
              ],
              "inflate": 0
            }
          ],
          "parent": "head"
        },
        {
          "name": "shoulder_l",
          "pivot": [
            21,
            59,
            -23
          ],
          "cubes": [
            {
              "origin": [
                10.5,
                29.0,
                -32.0
              ],
              "size": [
                16.0,
                44.0,
                22.0
              ],
              "uv": [
                0,
                0
              ],
              "inflate": 0.01
            }
          ],
          "parent": "chest"
        },
        {
          "name": "elbow_l",
          "pivot": [
            23,
            32,
            -18
          ],
          "cubes": [
            {
              "origin": [
                15.0,
                3.5,
                -31.0
              ],
              "size": [
                11.0,
                32.0,
                17.0
              ],
              "uv": [
                118,
                104
              ],
              "inflate": 0
            }
          ],
          "parent": "shoulder_l"
        },
        {
          "name": "wrist_l",
          "pivot": [
            23,
            6,
            -23
          ],
          "cubes": [
            {
              "origin": [
                15.0,
                -8.0,
                -30.0
              ],
              "size": [
                11.0,
                15.0,
                14.0
              ],
              "uv": [
                312,
                70
              ],
              "inflate": 0.01
            }
          ],
          "parent": "elbow_l"
        },
        {
          "name": "shoulder_r",
          "pivot": [
            -21,
            59,
            -23
          ],
          "cubes": [
            {
              "origin": [
                -26.5,
                29.0,
                -32.0
              ],
              "size": [
                15.0,
                43.0,
                22.0
              ],
              "uv": [
                0,
                300
              ],
              "inflate": 0.01
            }
          ],
          "parent": "chest"
        },
        {
          "name": "elbow_r",
          "pivot": [
            -21,
            32,
            -18
          ],
          "cubes": [
            {
              "origin": [
                -26.0,
                3.5,
                -30.0
              ],
              "size": [
                13.0,
                31.0,
                16.0
              ],
              "uv": [
                0,
                104
              ],
              "inflate": 0
            }
          ],
          "parent": "shoulder_r"
        },
        {
          "name": "wrist_r",
          "pivot": [
            -21,
            6,
            -23
          ],
          "cubes": [
            {
              "origin": [
                -26.0,
                -8.0,
                -30.0
              ],
              "size": [
                11.0,
                14.0,
                14.0
              ],
              "uv": [
                203,
                354
              ],
              "inflate": 0.01
            }
          ],
          "parent": "elbow_r"
        },
        {
          "name": "tail0",
          "pivot": [
            0,
            76,
            36
          ],
          "cubes": [
            {
              "origin": [
                -15.0,
                60.0,
                29.5
              ],
              "size": [
                30.0,
                33.0,
                58.0
              ],
              "uv": [
                0,
                104
              ],
              "inflate": 0
            }
          ],
          "parent": "root",
          "rotation": [
            17.5,
            0,
            0
          ]
        },
        {
          "name": "tail1",
          "pivot": [
            -3,
            78,
            70
          ],
          "cubes": [
            {
              "origin": [
                -13.5,
                64.0,
                81.5
              ],
              "size": [
                23.0,
                26.0,
                50.0
              ],
              "uv": [
                234,
                243
              ],
              "inflate": 0
            }
          ],
          "parent": "tail0"
        },
        {
          "name": "tail2",
          "pivot": [
            -3,
            79,
            84
          ],
          "cubes": [
            {
              "origin": [
                -11.5,
                65.0,
                114.5
              ],
              "size": [
                17.0,
                17.0,
                87.0
              ],
              "uv": [
                0,
                0
              ],
              "inflate": 0
            },
            {
              "origin": [
                -9.0,
                69.0,
                196.0
              ],
              "size": [
                12.0,
                12.0,
                76.0
              ],
              "uv": [
                100,
                119
              ],
              "inflate": 0
            }
          ],
          "parent": "tail1"
        },
        {
          "name": "tail3",
          "pivot": [
            -3,
            78,
            122
          ],
          "parent": "tail2"
        },
        {
          "name": "rump_r",
          "pivot": [
            -21,
            56,
            26
          ],
          "cubes": [
            {
              "origin": [
                -26.5,
                37.5,
                14.5
              ],
              "size": [
                12.0,
                32.0,
                20.0
              ],
              "uv": [
                324,
                319
              ],
              "inflate": 0.01
            }
          ],
          "parent": "root"
        },
        {
          "name": "hip_r",
          "pivot": [
            -21,
            38,
            22
          ],
          "cubes": [
            {
              "origin": [
                -26.0,
                11.0,
                19.5
              ],
              "size": [
                11.0,
                31.0,
                14.0
              ],
              "uv": [
                74,
                300
              ],
              "inflate": 0
            }
          ],
          "parent": "rump_r"
        },
        {
          "name": "knee_r",
          "pivot": [
            -21,
            14,
            27
          ],
          "cubes": [
            {
              "origin": [
                -26.0,
                0.0,
                19.5
              ],
              "size": [
                11.0,
                14.0,
                14.0
              ],
              "uv": [
                330,
                259
              ],
              "inflate": 0.01
            }
          ],
          "parent": "hip_r"
        },
        {
          "name": "rump_l",
          "pivot": [
            21,
            56,
            26
          ],
          "cubes": [
            {
              "origin": [
                14.5,
                37.5,
                14.5
              ],
              "size": [
                12.0,
                35.0,
                20.0
              ],
              "uv": [
                260,
                319
              ],
              "inflate": 0.01
            }
          ],
          "parent": "root"
        },
        {
          "name": "hip_l",
          "pivot": [
            21,
            38,
            22
          ],
          "cubes": [
            {
              "origin": [
                15.0,
                11.0,
                19.5
              ],
              "size": [
                11.0,
                31.0,
                14.0
              ],
              "uv": [
                251,
                0
              ],
              "inflate": 0
            }
          ],
          "parent": "rump_l"
        },
        {
          "name": "knee_l",
          "pivot": [
            21,
            14,
            27
          ],
          "cubes": [
            {
              "origin": [
                15.0,
                0.0,
                19.5
              ],
              "size": [
                11.0,
                14.0,
                14.0
              ],
              "uv": [
                330,
                231
              ],
              "inflate": 0.01
            }
          ],
          "parent": "hip_l"
        }
      ]
    }
  ]
}