{
  "format_version": "1.12.0",
  "minecraft:geometry": [
    {
      "description": {
        "identifier": "geometry.md_geo",
        "texture_width": 128,
        "texture_height": 128,
        "visible_bounds_width": 8,
        "visible_bounds_height": 4,
        "visible_bounds_offset": [
          0,
          2,
          0
        ]
      },
      "bones": [
        {
          "name": "root",
          "pivot": [
            0,
            17,
            2
          ],
          "cubes": [
            {
              "origin": [
                -3.0,
                14.0,
                0.5
              ],
              "size": [
                6.0,
                8.0,
                3.0
              ],
              "uv": [
                58,
                17
              ],
              "inflate": 0
            },
            {
              "origin": [
                -3.0,
                9.0,
                2.5
              ],
              "size": [
                6.0,
                5.0,
                1.0
              ],
              "uv": [
                24,
                65
              ],
              "inflate": 0
            }
          ],
          "locators": {}
        },
        {
          "name": "spine0",
          "pivot": [
            0,
            20,
            2
          ],
          "cubes": [
            {
              "origin": [
                -3.5,
                20.0,
                0.0
              ],
              "size": [
                7.0,
                7.0,
                4.0
              ],
              "uv": [
                48,
                6
              ],
              "inflate": 0
            }
          ],
          "parent": "root",
          "rotation": [
            -17.5,
            0,
            0
          ]
        },
        {
          "name": "chest",
          "pivot": [
            0,
            25,
            2
          ],
          "parent": "spine0"
        },
        {
          "name": "shoulder_l",
          "pivot": [
            2,
            25.5,
            2
          ],
          "cubes": [
            {
              "origin": [
                3.0,
                12.0,
                2.0
              ],
              "size": [
                10.0,
                15.0,
                0.0
              ],
              "uv": [
                44,
                37
              ],
              "inflate": 0
            },
            {
              "origin": [
                3.0,
                23.5,
                1.0
              ],
              "size": [
                9.0,
                3.0,
                2.0
              ],
              "pivot": [
                2.0,
                25.5,
                2.0
              ],
              "rotation": [
                0.0,
                0.0,
                22.5
              ],
              "uv": [
                63,
                50
              ],
              "inflate": 0
            }
          ],
          "parent": "chest"
        },
        {
          "name": "elbow_l",
          "pivot": [
            11,
            22.25,
            2
          ],
          "cubes": [
            {
              "origin": [
                10.0,
                21.25,
                1.0
              ],
              "size": [
                10.0,
                2.0,
                2.0
              ],
              "pivot": [
                11.0,
                22.25,
                2.0
              ],
              "rotation": [
                0.0,
                0.0,
                -35.0
              ],
              "uv": [
                0,
                63
              ],
              "inflate": 0
            },
            {
              "origin": [
                11.0,
                15.0,
                2.0
              ],
              "size": [
                9.0,
                13.0,
                0.0
              ],
              "uv": [
                29,
                52
              ],
              "inflate": 0
            }
          ],
          "parent": "shoulder_l"
        },
        {
          "name": "wrist_l",
          "pivot": [
            18,
            27.5,
            2
          ],
          "cubes": [
            {
              "origin": [
                18.0,
                27.0,
                1.5
              ],
              "size": [
                12.0,
                1.0,
                1.0
              ],
              "pivot": [
                18.0,
                27.5,
                2.0
              ],
              "rotation": [
                0.0,
                0.0,
                10.0
              ],
              "uv": [
                58,
                28
              ],
              "inflate": 0
            },
            {
              "origin": [
                22.0,
                27.0,
                0.0
              ],
              "size": [
                3.0,
                3.0,
                2.0
              ],
              "pivot": [
                18.0,
                27.5,
                2.0
              ],
              "rotation": [
                0.0,
                0.0,
                10.0
              ],
              "uv": [
                70,
                6
              ],
              "inflate": 0
            },
            {
              "origin": [
                18.0,
                16.0,
                2.0
              ],
              "size": [
                12.0,
                11.0,
                0.0
              ],
              "uv": [
                20,
                37
              ],
              "inflate": 0
            }
          ],
          "parent": "elbow_l"
        },
        {
          "name": "index_finger_l",
          "pivot": [
            29.5,
            25.5,
            2
          ],
          "cubes": [
            {
              "origin": [
                29.5,
                16.0,
                2.0
              ],
              "size": [
                24.0,
                10.0,
                0.0
              ],
              "uv": [
                0,
                10
              ],
              "inflate": 0
            }
          ],
          "parent": "wrist_l"
        },
        {
          "name": "neck0",
          "pivot": [
            0,
            27,
            2
          ],
          "cubes": [
            {
              "origin": [
                -1.0,
                26.0,
                0.5
              ],
              "size": [
                2.0,
                4.0,
                3.0
              ],
              "uv": [
                16,
                68
              ],
              "inflate": 0
            }
          ],
          "parent": "chest"
        },
        {
          "name": "neck1",
          "pivot": [
            0,
            29.25,
            2
          ],
          "cubes": [
            {
              "origin": [
                -1.0,
                29.0,
                0.5
              ],
              "size": [
                2.0,
                4.0,
                3.0
              ],
              "uv": [
                49,
                67
              ],
              "inflate": -0.01
            }
          ],
          "parent": "neck0"
        },
        {
          "name": "head",
          "pivot": [
            0,
            34,
            2
          ],
          "cubes": [
            {
              "origin": [
                -2.21989,
                30.67023,
                -0.21989
              ],
              "size": [
                4.43977,
                6.65955,
                4.43977
              ],
              "uv": [
                59,
                61
              ],
              "inflate": 0.001
            },
            {
              "origin": [
                -2.21978,
                32.89011,
                -3.54944
              ],
              "size": [
                4.43955,
                3.32966,
                3.32966
              ],
              "uv": [
                64,
                43
              ],
              "inflate": 0
            },
            {
              "origin": [
                -1.10989,
                33.89011,
                -15.75821
              ],
              "size": [
                2.21978,
                2.21978,
                12.20877
              ],
              "uv": [
                18,
                23
              ],
              "inflate": 0
            }
          ],
          "parent": "neck1"
        },
        {
          "name": "jaw",
          "pivot": [
            0,
            36.6263,
            0
          ],
          "cubes": [
            {
              "origin": [
                -1.10989,
                31.67034,
                -15.75821
              ],
              "size": [
                2.21978,
                2.21978,
                13.31866
              ],
              "uv": [
                0,
                20
              ],
              "inflate": 0
            },
            {
              "origin": [
                -2.21978,
                30.67034,
                -3.54944
              ],
              "size": [
                4.43955,
                2.21978,
                3.32966
              ],
              "uv": [
                38,
                65
              ],
              "inflate": 0
            },
            {
              "origin": [
                -2.10879,
                32.89011,
                -2.43955
              ],
              "size": [
                0.0,
                2.21978,
                2.21978
              ],
              "uv": [
                24,
                18
              ],
              "inflate": 0
            },
            {
              "origin": [
                2.10879,
                32.89011,
                -2.43955
              ],
              "size": [
                0.0,
                2.21978,
                2.21978
              ],
              "uv": [
                7,
                18
              ],
              "inflate": 0
            }
          ],
          "parent": "head"
        },
        {
          "name": "horn",
          "pivot": [
            0,
            41.06586,
            1.10989
          ],
          "cubes": [
            {
              "origin": [
                -0.55494,
                35.10989,
                0.89011
              ],
              "size": [
                1.10989,
                8.8791,
                7.76922
              ],
              "pivot": [
                0.0,
                37.32966,
                0.89011
              ],
              "rotation": [
                10.0,
                0.0,
                0.0
              ],
              "uv": [
                13,
                48
              ],
              "inflate": 0
            },
            {
              "origin": [
                0.0,
                40.65933,
                -4.65933
              ],
              "size": [
                0.0,
                6.65933,
                4.43955
              ],
              "pivot": [
                0.0,
                37.32966,
                0.89011
              ],
              "rotation": [
                -52.5,
                0.0,
                0.0
              ],
              "uv": [
                0,
                48
              ],
              "inflate": 0
            }
          ],
          "parent": "head",
          "rotation": [
            -20,
            2.5,
            0
          ]
        },
        {
          "name": "eyelids",
          "pivot": [
            0,
            37.73619,
            2.21978
          ],
          "parent": "head"
        },
        {
          "name": "shoulder_r",
          "pivot": [
            -2,
            25.5,
            2
          ],
          "cubes": [
            {
              "origin": [
                -12.0,
                24.0,
                0.5
              ],
              "size": [
                10.0,
                3.0,
                3.0
              ],
              "pivot": [
                -2.0,
                25.5,
                2.0
              ],
              "rotation": [
                0.0,
                0.0,
                -20.0
              ],
              "uv": [
                46,
                31
              ],
              "inflate": 0
            },
            {
              "origin": [
                -13.0,
                12.0,
                2.0
              ],
              "size": [
                10.0,
                15.0,
                0.0
              ],
              "uv": [
                0,
                37
              ],
              "inflate": 0
            }
          ],
          "parent": "chest"
        },
        {
          "name": "elbow_r",
          "pivot": [
            -11,
            22.25,
            2
          ],
          "cubes": [
            {
              "origin": [
                -20.0,
                21.25,
                1.0
              ],
              "size": [
                10.0,
                2.0,
                2.0
              ],
              "pivot": [
                -11.0,
                22.25,
                2.0
              ],
              "rotation": [
                0.0,
                0.0,
                35.0
              ],
              "uv": [
                50,
                2
              ],
              "inflate": 0
            },
            {
              "origin": [
                -19.0,
                15.0,
                2.0
              ],
              "size": [
                8.0,
                13.0,
                0.0
              ],
              "uv": [
                47,
                52
              ],
              "inflate": 0
            }
          ],
          "parent": "shoulder_r"
        },
        {
          "name": "wrist_r",
          "pivot": [
            -18,
            27.5,
            2
          ],
          "cubes": [
            {
              "origin": [
                -30.0,
                27.0,
                1.5
              ],
              "size": [
                12.0,
                1.0,
                1.0
              ],
              "pivot": [
                -18.0,
                27.5,
                2.0
              ],
              "rotation": [
                0.0,
                0.0,
                -10.0
              ],
              "uv": [
                50,
                0
              ],
              "inflate": 0
            },
            {
              "origin": [
                -25.0,
                27.0,
                0.0
              ],
              "size": [
                3.0,
                3.0,
                2.0
              ],
              "pivot": [
                -18.0,
                27.5,
                2.0
              ],
              "rotation": [
                0.0,
                0.0,
                -10.0
              ],
              "uv": [
                0,
                58
              ],
              "inflate": 0
            },
            {
              "origin": [
                -30.0,
                16.0,
                2.0
              ],
              "size": [
                12.0,
                11.0,
                0.0
              ],
              "uv": [
                34,
                20
              ],
              "inflate": 0
            }
          ],
          "parent": "elbow_r"
        },
        {
          "name": "index_finger_r",
          "pivot": [
            -29.5,
            25.5,
            2
          ],
          "cubes": [
            {
              "origin": [
                -54.5,
                16.0,
                2.0
              ],
              "size": [
                25.0,
                10.0,
                0.0
              ],
              "uv": [
                0,
                0
              ],
              "inflate": 0
            }
          ],
          "parent": "wrist_r"
        },
        {
          "name": "tail0",
          "pivot": [
            0,
            14.5,
            3
          ],
          "cubes": [
            {
              "origin": [
                -0.5,
                6.5,
                2.5
              ],
              "size": [
                1.0,
                8.0,
                1.0
              ],
              "uv": [
                37,
                70
              ],
              "inflate": 0.01
            }
          ],
          "parent": "root"
        },
        {
          "name": "rump_l",
          "pivot": [
            3,
            15,
            2
          ],
          "cubes": [
            {
              "origin": [
                2.0,
                10.0,
                0.5
              ],
              "size": [
                2.0,
                6.0,
                3.0
              ],
              "uv": [
                17,
                20
              ],
              "inflate": 0.01
            }
          ],
          "parent": "root"
        },
        {
          "name": "hip_l",
          "pivot": [
            3,
            10,
            1.75
          ],
          "cubes": [
            {
              "origin": [
                2.0,
                4.0,
                1.0
              ],
              "size": [
                2.0,
                7.0,
                2.0
              ],
              "uv": [
                8,
                67
              ],
              "inflate": 0
            }
          ],
          "parent": "rump_l"
        },
        {
          "name": "knee_l",
          "pivot": [
            3,
            4,
            2.25
          ],
          "cubes": [
            {
              "origin": [
                2.5,
                1.0,
                1.5
              ],
              "size": [
                1.0,
                4.0,
                1.0
              ],
              "uv": [
                26,
                28
              ],
              "inflate": 0
            }
          ],
          "parent": "hip_l"
        },
        {
          "name": "ankle_l",
          "pivot": [
            3,
            1,
            2
          ],
          "cubes": [
            {
              "origin": [
                1.5,
                0.0,
                -1.5
              ],
              "size": [
                3.0,
                1.0,
                4.0
              ],
              "uv": [
                94,
                119
              ],
              "inflate": 0
            }
          ],
          "parent": "knee_l"
        },
        {
          "name": "rump_r",
          "pivot": [
            -3,
            15,
            2
          ],
          "cubes": [
            {
              "origin": [
                -4.0,
                10.0,
                0.5
              ],
              "size": [
                2.0,
                6.0,
                3.0
              ],
              "uv": [
                0,
                20
              ],
              "inflate": 0.01
            }
          ],
          "parent": "root"
        },
        {
          "name": "hip_r",
          "pivot": [
            -3,
            10,
            1.75
          ],
          "cubes": [
            {
              "origin": [
                -4.0,
                4.0,
                1.0
              ],
              "size": [
                2.0,
                7.0,
                2.0
              ],
              "uv": [
                0,
                67
              ],
              "inflate": 0
            }
          ],
          "parent": "rump_r"
        },
        {
          "name": "knee_r",
          "pivot": [
            -3,
            4,
            2.25
          ],
          "cubes": [
            {
              "origin": [
                -3.5,
                1.0,
                1.5
              ],
              "size": [
                1.0,
                4.0,
                1.0
              ],
              "uv": [
                9,
                28
              ],
              "inflate": 0
            }
          ],
          "parent": "hip_r"
        },
        {
          "name": "ankle_r",
          "pivot": [
            -3,
            1,
            2
          ],
          "cubes": [
            {
              "origin": [
                -4.5,
                0.0,
                -1.5
              ],
              "size": [
                3.0,
                1.0,
                4.0
              ],
              "uv": [
                97,
                75
              ],
              "inflate": 0
            }
          ],
          "parent": "knee_r"
        }
      ]
    }
  ]
}