{
  "format_version": "1.12.0",
  "minecraft:geometry": [
    {
      "description": {
        "identifier": "geometry.md_gigatlw",
        "texture_width": 512,
        "texture_height": 512,
        "visible_bounds_width": 20,
        "visible_bounds_height": 13,
        "visible_bounds_offset": [
          0,
          3.5,
          0
        ]
      },
      "bones": [
        {
          "name": "root",
          "pivot": [
            0,
            68,
            8
          ],
          "cubes": [
            {
              "origin": [
                -10.0,
                52.0,
                -9.0
              ],
              "size": [
                20.0,
                35.0,
                33.0
              ],
              "uv": [
                93,
                38
              ],
              "inflate": 0
            }
          ],
          "locators": {}
        },
        {
          "name": "spine0",
          "pivot": [
            0,
            68,
            -8
          ],
          "cubes": [
            {
              "origin": [
                -12.0,
                50.0,
                -22.0
              ],
              "size": [
                24.0,
                39.0,
                17.0
              ],
              "uv": [
                84,
                163
              ],
              "inflate": 0
            }
          ],
          "parent": "root"
        },
        {
          "name": "chest",
          "pivot": [
            0,
            68,
            -21
          ],
          "cubes": [
            {
              "origin": [
                -10.0,
                50.0,
                -40.0
              ],
              "size": [
                20.0,
                40.0,
                22.0
              ],
              "uv": [
                0,
                141
              ],
              "inflate": 0
            }
          ],
          "parent": "spine0"
        },
        {
          "name": "neck0",
          "pivot": [
            0,
            73,
            -40
          ],
          "cubes": [
            {
              "origin": [
                -6.0,
                59.0,
                -50.0
              ],
              "size": [
                12.0,
                25.0,
                16.0
              ],
              "uv": [
                132,
                106
              ],
              "inflate": 0
            }
          ],
          "parent": "chest",
          "rotation": [
            -17.5,
            0,
            0
          ]
        },
        {
          "name": "neck1",
          "pivot": [
            0,
            74,
            -50
          ],
          "cubes": [
            {
              "origin": [
                -5.0,
                60.0,
                -63.0
              ],
              "size": [
                10.0,
                23.0,
                19.0
              ],
              "uv": [
                0,
                203
              ],
              "inflate": 0
            }
          ],
          "parent": "neck0",
          "rotation": [
            5,
            0,
            0
          ]
        },
        {
          "name": "head",
          "pivot": [
            0,
            73,
            -60
          ],
          "cubes": [
            {
              "origin": [
                -7.8652,
                69.6292,
                -75.7304
              ],
              "size": [
                15.7304,
                13.4832,
                20.2248
              ],
              "uv": [
                166,
                196
              ],
              "inflate": 0
            },
            {
              "origin": [
                3.3708,
                81.9888,
                -75.7304
              ],
              "size": [
                4.4944,
                2.2472,
                11.236
              ],
              "uv": [
                188,
                119
              ],
              "inflate": 0
            },
            {
              "origin": [
                -7.8652,
                81.9888,
                -75.7304
              ],
              "size": [
                4.4944,
                2.2472,
                11.236
              ],
              "uv": [
                166,
                58
              ],
              "inflate": 0
            },
            {
              "origin": [
                -7.8652,
                60.764,
                -73.7304
              ],
              "size": [
                15.7304,
                11.1124,
                8.1124
              ],
              "uv": [
                62,
                133
              ],
              "inflate": 0
            },
            {
              "origin": [
                -5.618,
                68.5056,
                -99.4496
              ],
              "size": [
                11.236,
                13.4832,
                24.7192
              ],
              "uv": [
                175,
                82
              ],
              "inflate": 0
            },
            {
              "origin": [
                -4.61676,
                66.25964,
                -102.20116
              ],
              "size": [
                9.23353,
                2.24473,
                22.46953
              ],
              "uv": [
                199,
                58
              ],
              "inflate": -0.01
            },
            {
              "origin": [
                -7.8652,
                60.6404,
                -65.618
              ],
              "size": [
                15.7304,
                12.3596,
                10.1124
              ],
              "uv": [
                124,
                0
              ],
              "inflate": 0
            },
            {
              "origin": [
                -5.618,
                81.9888,
                -98.2024
              ],
              "size": [
                2.2472,
                2.1236,
                23.5956
              ],
              "uv": [
                213,
                206
              ],
              "inflate": 0
            },
            {
              "origin": [
                3.3708,
                81.9888,
                -98.2024
              ],
              "size": [
                2.2472,
                2.1236,
                22.472
              ],
              "uv": [
                58,
                203
              ],
              "inflate": 0
            },
            {
              "origin": [
                -4.4944,
                68.5056,
                -102.6968
              ],
              "size": [
                8.9888,
                12.3596,
                3.3708
              ],
              "uv": [
                0,
                133
              ],
              "inflate": 0
            }
          ],
          "parent": "neck1",
          "rotation": [
            7.5,
            0,
            0
          ]
        },
        {
          "name": "eyelids",
          "pivot": [
            0,
            88.2026,
            -80.91044
          ],
          "parent": "head"
        },
        {
          "name": "jaw",
          "pivot": [
            0,
            80.8992,
            -73.034
          ],
          "cubes": [
            {
              "origin": [
                -4.4944,
                61.764,
                -102.6968
              ],
              "size": [
                8.9888,
                6.7416,
                29.09
              ],
              "uv": [
                79,
                0
              ],
              "inflate": 0
            },
            {
              "origin": [
                -3.9326,
                68.5056,
                -102.3934
              ],
              "size": [
                7.8652,
                2.3708,
                22.9776
              ],
              "uv": [
                213,
                119
              ],
              "inflate": 0
            }
          ],
          "parent": "head"
        },
        {
          "name": "shoulder_l",
          "pivot": [
            10,
            60,
            -30
          ],
          "cubes": [
            {
              "origin": [
                8.0,
                45.5,
                -33.5
              ],
              "size": [
                4.0,
                17.0,
                6.0
              ],
              "uv": [
                72,
                95
              ],
              "inflate": 0
            }
          ],
          "parent": "chest"
        },
        {
          "name": "elbow_l",
          "pivot": [
            10,
            46,
            -29
          ],
          "cubes": [
            {
              "origin": [
                8.5,
                33.0,
                -33.0
              ],
              "size": [
                3.0,
                13.0,
                5.0
              ],
              "uv": [
                199,
                58
              ],
              "inflate": 0
            }
          ],
          "parent": "shoulder_l"
        },
        {
          "name": "wrist_l",
          "pivot": [
            10,
            34,
            -30
          ],
          "cubes": [
            {
              "origin": [
                8.5,
                29.0,
                -31.0
              ],
              "size": [
                3.0,
                5.0,
                2.0
              ],
              "uv": [
                0,
                7
              ],
              "inflate": 0
            },
            {
              "origin": [
                9.0,
                26.0,
                -31.0
              ],
              "size": [
                0.0,
                4.0,
                2.0
              ],
              "uv": [
                28,
                69
              ],
              "inflate": 0
            }
          ],
          "parent": "elbow_l",
          "rotation": [
            162.5,
            -87.5,
            -180
          ]
        },
        {
          "name": "finger_l",
          "pivot": [
            10,
            29.5,
            -30.5
          ],
          "cubes": [
            {
              "origin": [
                11.0,
                26.0,
                -31.0
              ],
              "size": [
                0.0,
                3.0,
                2.0
              ],
              "uv": [
                4,
                42
              ],
              "inflate": 0
            },
            {
              "origin": [
                10.0,
                25.0,
                -31.0
              ],
              "size": [
                0.0,
                4.0,
                2.0
              ],
              "uv": [
                8,
                69
              ],
              "inflate": 0
            }
          ],
          "parent": "wrist_l"
        },
        {
          "name": "shoulder_r",
          "pivot": [
            -10,
            60,
            -30
          ],
          "cubes": [
            {
              "origin": [
                -12.0,
                44.5,
                -33.5
              ],
              "size": [
                4.0,
                18.0,
                6.0
              ],
              "uv": [
                72,
                71
              ],
              "inflate": 0
            }
          ],
          "parent": "chest"
        },
        {
          "name": "elbow_r",
          "pivot": [
            -10,
            46,
            -29
          ],
          "cubes": [
            {
              "origin": [
                -11.5,
                33.0,
                -33.0
              ],
              "size": [
                3.0,
                13.0,
                5.0
              ],
              "uv": [
                166,
                196
              ],
              "inflate": 0
            }
          ],
          "parent": "shoulder_r"
        },
        {
          "name": "wrist_r",
          "pivot": [
            -10,
            34,
            -30
          ],
          "cubes": [
            {
              "origin": [
                -11.5,
                29.0,
                -31.0
              ],
              "size": [
                3.0,
                5.0,
                2.0
              ],
              "uv": [
                0,
                0
              ],
              "inflate": 0
            },
            {
              "origin": [
                -9.0,
                26.0,
                -31.0
              ],
              "size": [
                0.0,
                5.0,
                2.0
              ],
              "uv": [
                10,
                0
              ],
              "inflate": 0
            }
          ],
          "parent": "elbow_r",
          "rotation": [
            -17.5,
            85,
            0
          ]
        },
        {
          "name": "finger_r",
          "pivot": [
            -10,
            29.5,
            -30.5
          ],
          "cubes": [
            {
              "origin": [
                -11.0,
                26.0,
                -31.0
              ],
              "size": [
                0.0,
                3.0,
                2.0
              ],
              "uv": [
                0,
                42
              ],
              "inflate": 0
            },
            {
              "origin": [
                -10.0,
                25.0,
                -31.0
              ],
              "size": [
                0.0,
                4.0,
                2.0
              ],
              "uv": [
                4,
                69
              ],
              "inflate": 0
            }
          ],
          "parent": "wrist_r"
        },
        {
          "name": "tail0",
          "pivot": [
            0,
            73,
            22
          ],
          "cubes": [
            {
              "origin": [
                -8.0,
                61.0,
                16.0
              ],
              "size": [
                16.0,
                24.0,
                47.0
              ],
              "uv": [
                0,
                0
              ],
              "inflate": 0
            }
          ],
          "parent": "root",
          "rotation": [
            15,
            0,
            0
          ]
        },
        {
          "name": "tail1",
          "pivot": [
            0,
            74,
            56
          ],
          "cubes": [
            {
              "origin": [
                -6.0,
                67.0,
                61.0
              ],
              "size": [
                12.0,
                14.0,
                48.0
              ],
              "uv": [
                0,
                71
              ],
              "inflate": 0
            }
          ],
          "parent": "tail0",
          "rotation": [
            -2.5,
            0,
            0
          ]
        },
        {
          "name": "tail2",
          "pivot": [
            0,
            75,
            92
          ],
          "cubes": [
            {
              "origin": [
                -3.0,
                71.0,
                99.0
              ],
              "size": [
                6.0,
                8.0,
                49.0
              ],
              "uv": [
                71,
                106
              ],
              "inflate": 0
            }
          ],
          "parent": "tail1"
        },
        {
          "name": "rump_l",
          "pivot": [
            10,
            62,
            7
          ],
          "cubes": [
            {
              "origin": [
                4.0,
                43.0,
                -4.0
              ],
              "size": [
                12.0,
                35.0,
                23.0
              ],
              "uv": [
                166,
                0
              ],
              "inflate": 0
            }
          ],
          "parent": "root"
        },
        {
          "name": "hip_l",
          "pivot": [
            10,
            45,
            3
          ],
          "cubes": [
            {
              "origin": [
                6.0,
                17.0,
                -3.0
              ],
              "size": [
                8.0,
                30.0,
                12.0
              ],
              "uv": [
                0,
                71
              ],
              "inflate": 0
            }
          ],
          "parent": "rump_l"
        },
        {
          "name": "knee_l",
          "pivot": [
            10,
            19,
            4
          ],
          "cubes": [
            {
              "origin": [
                7.0,
                -1.0,
                0.0
              ],
              "size": [
                6.0,
                20.0,
                8.0
              ],
              "uv": [
                98,
                219
              ],
              "inflate": 0
            }
          ],
          "parent": "hip_l"
        },
        {
          "name": "ankle_l",
          "pivot": [
            10,
            1,
            3
          ],
          "parent": "knee_l"
        },
        {
          "name": "toe0_l",
          "pivot": [
            7,
            1,
            1
          ],
          "cubes": [
            {
              "origin": [
                5.0,
                -1.0,
                -7.0
              ],
              "size": [
                4.0,
                4.0,
                8.0
              ],
              "uv": [
                92,
                106
              ],
              "inflate": 0
            },
            {
              "origin": [
                7.0,
                -1.0,
                -11.0
              ],
              "size": [
                0.0,
                3.0,
                4.0
              ],
              "uv": [
                38,
                6
              ],
              "inflate": 0
            }
          ],
          "parent": "ankle_l"
        },
        {
          "name": "toe1_l",
          "pivot": [
            10,
            1,
            1
          ],
          "cubes": [
            {
              "origin": [
                8.0,
                -1.0,
                -9.0
              ],
              "size": [
                4.0,
                4.0,
                10.0
              ],
              "uv": [
                126,
                219
              ],
              "inflate": 0
            },
            {
              "origin": [
                10.0,
                -1.0,
                -13.0
              ],
              "size": [
                0.0,
                3.0,
                4.0
              ],
              "uv": [
                38,
                3
              ],
              "inflate": 0
            }
          ],
          "parent": "ankle_l"
        },
        {
          "name": "toe2_l",
          "pivot": [
            13,
            1,
            1
          ],
          "cubes": [
            {
              "origin": [
                11.0,
                -1.0,
                -9.0
              ],
              "size": [
                4.0,
                4.0,
                10.0
              ],
              "uv": [
                213,
                143
              ],
              "inflate": 0
            },
            {
              "origin": [
                13.0,
                -1.0,
                -13.0
              ],
              "size": [
                0.0,
                3.0,
                4.0
              ],
              "uv": [
                38,
                0
              ],
              "inflate": 0
            }
          ],
          "parent": "ankle_l"
        },
        {
          "name": "toe3_l",
          "pivot": [
            8,
            10,
            3
          ],
          "cubes": [
            {
              "origin": [
                7.0,
                4.0,
                3.0
              ],
              "size": [
                2.0,
                6.0,
                0.0
              ],
              "uv": [
                0,
                71
              ],
              "inflate": 0
            }
          ],
          "parent": "knee_l"
        },
        {
          "name": "rump_r",
          "pivot": [
            -10,
            63,
            7
          ],
          "cubes": [
            {
              "origin": [
                -16.0,
                44.0,
                -4.0
              ],
              "size": [
                12.0,
                33.0,
                23.0
              ],
              "uv": [
                166,
                140
              ],
              "inflate": 0
            }
          ],
          "parent": "root"
        },
        {
          "name": "hip_r",
          "pivot": [
            -10,
            46,
            3
          ],
          "cubes": [
            {
              "origin": [
                -14.0,
                18.0,
                -3.0
              ],
              "size": [
                8.0,
                30.0,
                14.0
              ],
              "uv": [
                0,
                0
              ],
              "inflate": 0
            }
          ],
          "parent": "rump_r"
        },
        {
          "name": "knee_r",
          "pivot": [
            -10,
            20,
            4
          ],
          "cubes": [
            {
              "origin": [
                -13.0,
                0.0,
                0.0
              ],
              "size": [
                6.0,
                20.0,
                8.0
              ],
              "uv": [
                79,
                0
              ],
              "inflate": 0
            }
          ],
          "parent": "hip_r"
        },
        {
          "name": "ankle_r",
          "pivot": [
            -10,
            2,
            3
          ],
          "parent": "knee_r"
        },
        {
          "name": "toe0_r",
          "pivot": [
            -7,
            2,
            1
          ],
          "cubes": [
            {
              "origin": [
                -9.0,
                0.0,
                -7.0
              ],
              "size": [
                4.0,
                4.0,
                8.0
              ],
              "uv": [
                79,
                35
              ],
              "inflate": 0
            },
            {
              "origin": [
                -7.0,
                0.0,
                -11.0
              ],
              "size": [
                0.0,
                3.0,
                4.0
              ],
              "uv": [
                30,
                6
              ],
              "inflate": 0
            }
          ],
          "parent": "ankle_r"
        },
        {
          "name": "toe1_r",
          "pivot": [
            -10,
            2,
            1
          ],
          "cubes": [
            {
              "origin": [
                -12.0,
                0.0,
                -9.0
              ],
              "size": [
                4.0,
                4.0,
                10.0
              ],
              "uv": [
                213,
                0
              ],
              "inflate": 0
            },
            {
              "origin": [
                -10.0,
                0.0,
                -13.0
              ],
              "size": [
                0.0,
                3.0,
                4.0
              ],
              "uv": [
                30,
                3
              ],
              "inflate": 0
            }
          ],
          "parent": "ankle_r"
        },
        {
          "name": "toe2_r",
          "pivot": [
            -13,
            2,
            1
          ],
          "cubes": [
            {
              "origin": [
                -15.0,
                0.0,
                -9.0
              ],
              "size": [
                4.0,
                4.0,
                10.0
              ],
              "uv": [
                39,
                203
              ],
              "inflate": 0
            },
            {
              "origin": [
                -13.0,
                0.0,
                -13.0
              ],
              "size": [
                0.0,
                3.0,
                4.0
              ],
              "uv": [
                30,
                0
              ],
              "inflate": 0
            }
          ],
          "parent": "ankle_r"
        },
        {
          "name": "toe3_r",
          "pivot": [
            -8,
            11,
            3
          ],
          "cubes": [
            {
              "origin": [
                -9.0,
                5.0,
                3.0
              ],
              "size": [
                2.0,
                6.0,
                0.0
              ],
              "uv": [
                10,
                7
              ],
              "inflate": 0
            }
          ],
          "parent": "knee_r"
        }
      ]
    }
  ]
}