{
  "format_version": "1.12.0",
  "minecraft:geometry": [
    {
      "description": {
        "identifier": "geometry.md_herrera",
        "texture_width": 128,
        "texture_height": 128,
        "visible_bounds_width": 7,
        "visible_bounds_height": 3,
        "visible_bounds_offset": [
          0,
          1.5,
          0
        ]
      },
      "bones": [
        {
          "name": "root",
          "pivot": [
            0,
            19,
            5.5
          ],
          "cubes": [
            {
              "origin": [
                -4.5,
                14.5,
                -0.5
              ],
              "size": [
                9.0,
                10.0,
                10.0
              ],
              "uv": [
                32,
                12
              ],
              "inflate": 0
            }
          ],
          "locators": {}
        },
        {
          "name": "spine0",
          "pivot": [
            0,
            19,
            1.5
          ],
          "cubes": [
            {
              "origin": [
                -4.0,
                15.0,
                -10.5
              ],
              "size": [
                8.0,
                9.0,
                12.0
              ],
              "uv": [
                0,
                22
              ],
              "inflate": 0
            }
          ],
          "parent": "root"
        },
        {
          "name": "chest",
          "pivot": [
            0,
            19,
            -8.5
          ],
          "parent": "spine0"
        },
        {
          "name": "neck0",
          "pivot": [
            0,
            18.5,
            -10
          ],
          "cubes": [
            {
              "origin": [
                -2.0,
                16.0,
                -14.0
              ],
              "size": [
                4.0,
                6.0,
                5.0
              ],
              "uv": [
                0,
                60
              ],
              "inflate": -0.009
            }
          ],
          "parent": "chest"
        },
        {
          "name": "neck1",
          "pivot": [
            0,
            18.5,
            -13
          ],
          "cubes": [
            {
              "origin": [
                -2.0,
                16.0,
                -19.0
              ],
              "size": [
                4.0,
                6.0,
                6.0
              ],
              "uv": [
                53,
                46
              ],
              "inflate": -0.01
            }
          ],
          "parent": "neck0"
        },
        {
          "name": "head",
          "pivot": [
            -1,
            19.5,
            -18
          ],
          "cubes": [
            {
              "origin": [
                -2.5,
                16.5,
                -20.5
              ],
              "size": [
                5.0,
                6.0,
                5.0
              ],
              "uv": [
                54,
                0
              ],
              "inflate": 0
            },
            {
              "origin": [
                -2.5,
                18.5,
                -30.5
              ],
              "size": [
                5.0,
                4.0,
                10.0
              ],
              "uv": [
                44,
                32
              ],
              "inflate": 0
            },
            {
              "origin": [
                -2.5,
                16.5,
                -30.0
              ],
              "size": [
                0.0,
                2.0,
                7.0
              ],
              "uv": [
                24,
                5
              ],
              "inflate": 0
            },
            {
              "origin": [
                2.5,
                16.5,
                -30.0
              ],
              "size": [
                0.0,
                2.0,
                7.0
              ],
              "uv": [
                0,
                8
              ],
              "inflate": 0
            }
          ],
          "parent": "neck1"
        },
        {
          "name": "jaw",
          "pivot": [
            -1,
            18.5,
            -20.5
          ],
          "cubes": [
            {
              "origin": [
                -2.5,
                16.5,
                -30.5
              ],
              "size": [
                5.0,
                2.0,
                10.0
              ],
              "uv": [
                24,
                0
              ],
              "inflate": -0.01
            },
            {
              "origin": [
                -2.5,
                18.5,
                -30.5
              ],
              "size": [
                5.0,
                1.0,
                10.0
              ],
              "uv": [
                30,
                49
              ],
              "inflate": -0.02
            },
            {
              "origin": [
                -2.4,
                18.0,
                -23.0
              ],
              "size": [
                0.0,
                2.0,
                3.0
              ],
              "uv": [
                28,
                29
              ],
              "inflate": -0.01
            },
            {
              "origin": [
                2.4,
                18.0,
                -23.0
              ],
              "size": [
                0.0,
                2.0,
                3.0
              ],
              "uv": [
                0,
                0
              ],
              "inflate": -0.01
            }
          ],
          "parent": "head"
        },
        {
          "name": "eyelids",
          "pivot": [
            0,
            21,
            -23
          ],
          "cubes": [
            {
              "origin": [
                2.51,
                19.5,
                -25.0
              ],
              "size": [
                0.0,
                3.0,
                4.0
              ],
              "uv": [
                32,
                10
              ],
              "inflate": 0
            },
            {
              "origin": [
                -2.51,
                19.5,
                -25.0
              ],
              "size": [
                0.0,
                3.0,
                4.0
              ],
              "uv": [
                24,
                10
              ],
              "inflate": 0
            }
          ],
          "parent": "head"
        },
        {
          "name": "shoulder_r",
          "pivot": [
            -4,
            18,
            -7.5
          ],
          "cubes": [
            {
              "origin": [
                -5.0,
                14.0,
                -9.5
              ],
              "size": [
                1.0,
                6.0,
                3.0
              ],
              "uv": [
                44,
                32
              ],
              "inflate": 0
            }
          ],
          "parent": "chest",
          "rotation": [
            15,
            0,
            0
          ]
        },
        {
          "name": "elbow_r",
          "pivot": [
            -4.5,
            14.5,
            -7
          ],
          "cubes": [
            {
              "origin": [
                -5.0,
                14.0,
                -12.0
              ],
              "size": [
                1.0,
                2.0,
                5.0
              ],
              "uv": [
                30,
                60
              ],
              "inflate": -0.01
            }
          ],
          "parent": "shoulder_r",
          "rotation": [
            27.5,
            0,
            0
          ]
        },
        {
          "name": "wrist_r",
          "pivot": [
            -4.5,
            14.5,
            -12
          ],
          "cubes": [
            {
              "origin": [
                -6.0,
                12.0,
                -12.5
              ],
              "size": [
                3.0,
                4.0,
                1.0
              ],
              "uv": [
                37,
                60
              ],
              "inflate": 0.001
            }
          ],
          "parent": "elbow_r"
        },
        {
          "name": "finger0_r",
          "pivot": [
            -3.5,
            12,
            -12
          ],
          "cubes": [
            {
              "origin": [
                -4.0,
                10.0,
                -12.5
              ],
              "size": [
                1.0,
                2.0,
                1.0
              ],
              "uv": [
                20,
                43
              ],
              "inflate": 0
            },
            {
              "origin": [
                -4.0,
                10.0,
                -11.5
              ],
              "size": [
                1.0,
                1.0,
                1.0
              ],
              "uv": [
                36,
                43
              ],
              "inflate": 0
            }
          ],
          "parent": "wrist_r"
        },
        {
          "name": "finger1_r",
          "pivot": [
            -4.5,
            12,
            -12
          ],
          "cubes": [
            {
              "origin": [
                -5.0,
                9.0,
                -12.5
              ],
              "size": [
                1.0,
                3.0,
                1.0
              ],
              "uv": [
                8,
                22
              ],
              "inflate": 0
            },
            {
              "origin": [
                -5.0,
                9.0,
                -11.5
              ],
              "size": [
                1.0,
                1.0,
                2.0
              ],
              "uv": [
                12,
                15
              ],
              "inflate": 0
            }
          ],
          "parent": "wrist_r"
        },
        {
          "name": "finger2_r",
          "pivot": [
            -5.5,
            12,
            -12
          ],
          "cubes": [
            {
              "origin": [
                -6.0,
                10.0,
                -12.5
              ],
              "size": [
                1.0,
                2.0,
                1.0
              ],
              "uv": [
                28,
                28
              ],
              "inflate": 0
            },
            {
              "origin": [
                -6.0,
                10.0,
                -11.5
              ],
              "size": [
                1.0,
                1.0,
                1.0
              ],
              "uv": [
                32,
                43
              ],
              "inflate": 0
            }
          ],
          "parent": "wrist_r"
        },
        {
          "name": "shoulder_l",
          "pivot": [
            4,
            18,
            -7.5
          ],
          "cubes": [
            {
              "origin": [
                4.0,
                14.0,
                -9.5
              ],
              "size": [
                1.0,
                6.0,
                3.0
              ],
              "uv": [
                44,
                0
              ],
              "inflate": 0
            }
          ],
          "parent": "chest",
          "rotation": [
            17.5,
            0,
            0
          ]
        },
        {
          "name": "elbow_l",
          "pivot": [
            4.5,
            14.5,
            -7
          ],
          "cubes": [
            {
              "origin": [
                4.0,
                14.0,
                -12.0
              ],
              "size": [
                1.0,
                2.0,
                5.0
              ],
              "uv": [
                18,
                60
              ],
              "inflate": -0.01
            }
          ],
          "parent": "shoulder_l",
          "rotation": [
            25,
            0,
            0
          ]
        },
        {
          "name": "wrist_l",
          "pivot": [
            4.5,
            14.5,
            -12
          ],
          "cubes": [
            {
              "origin": [
                3.0,
                12.0,
                -12.5
              ],
              "size": [
                3.0,
                4.0,
                1.0
              ],
              "uv": [
                10,
                0
              ],
              "inflate": 0.001
            }
          ],
          "parent": "elbow_l"
        },
        {
          "name": "finger0_l",
          "pivot": [
            3.5,
            12,
            -12
          ],
          "cubes": [
            {
              "origin": [
                3.0,
                10.0,
                -12.5
              ],
              "size": [
                1.0,
                2.0,
                1.0
              ],
              "uv": [
                28,
                25
              ],
              "inflate": 0
            },
            {
              "origin": [
                3.0,
                10.0,
                -11.5
              ],
              "size": [
                1.0,
                1.0,
                1.0
              ],
              "uv": [
                28,
                43
              ],
              "inflate": 0
            }
          ],
          "parent": "wrist_l"
        },
        {
          "name": "finger1_l",
          "pivot": [
            4.5,
            12,
            -12
          ],
          "cubes": [
            {
              "origin": [
                4.0,
                9.0,
                -12.5
              ],
              "size": [
                1.0,
                3.0,
                1.0
              ],
              "uv": [
                0,
                22
              ],
              "inflate": 0
            },
            {
              "origin": [
                4.0,
                9.0,
                -11.5
              ],
              "size": [
                1.0,
                1.0,
                2.0
              ],
              "uv": [
                0,
                0
              ],
              "inflate": 0
            }
          ],
          "parent": "wrist_l"
        },
        {
          "name": "finger2_l",
          "pivot": [
            5.5,
            12,
            -12
          ],
          "cubes": [
            {
              "origin": [
                5.0,
                10.0,
                -12.5
              ],
              "size": [
                1.0,
                2.0,
                1.0
              ],
              "uv": [
                28,
                22
              ],
              "inflate": 0
            },
            {
              "origin": [
                5.0,
                10.0,
                -11.5
              ],
              "size": [
                1.0,
                1.0,
                1.0
              ],
              "uv": [
                24,
                43
              ],
              "inflate": 0
            }
          ],
          "parent": "wrist_l"
        },
        {
          "name": "tail_0",
          "pivot": [
            0,
            21,
            8.5
          ],
          "cubes": [
            {
              "origin": [
                -2.5,
                17.0,
                6.5
              ],
              "size": [
                5.0,
                7.0,
                10.0
              ],
              "uv": [
                0,
                43
              ],
              "inflate": 0
            }
          ],
          "parent": "root",
          "rotation": [
            -5,
            0,
            0
          ]
        },
        {
          "name": "tail_1",
          "pivot": [
            0,
            21,
            16.5
          ],
          "cubes": [
            {
              "origin": [
                -1.5,
                19.0,
                15.5
              ],
              "size": [
                3.0,
                4.0,
                18.0
              ],
              "uv": [
                0,
                0
              ],
              "inflate": 0
            }
          ],
          "parent": "tail_0"
        },
        {
          "name": "tail_2",
          "pivot": [
            0,
            21,
            33.5
          ],
          "cubes": [
            {
              "origin": [
                -1.0,
                20.5,
                32.5
              ],
              "size": [
                2.0,
                2.0,
                15.0
              ],
              "uv": [
                25,
                32
              ],
              "inflate": 0
            }
          ],
          "parent": "tail_1",
          "rotation": [
            -17.5,
            0,
            0
          ]
        },
        {
          "name": "rump_r",
          "pivot": [
            -3.5,
            19,
            5.5
          ],
          "cubes": [
            {
              "origin": [
                -5.5,
                13.5,
                2.0
              ],
              "size": [
                2.0,
                9.0,
                6.0
              ],
              "uv": [
                54,
                58
              ],
              "inflate": 0.001
            }
          ],
          "parent": "root"
        },
        {
          "name": "hip_r",
          "pivot": [
            -4.5,
            14,
            3.5
          ],
          "cubes": [
            {
              "origin": [
                -5.5,
                7.0,
                3.0
              ],
              "size": [
                2.0,
                7.0,
                4.0
              ],
              "uv": [
                60,
                11
              ],
              "inflate": 0
            }
          ],
          "parent": "rump_r"
        },
        {
          "name": "knee_r",
          "pivot": [
            -4.5,
            7.25,
            5.25
          ],
          "cubes": [
            {
              "origin": [
                -5.5,
                0.5,
                3.5
              ],
              "size": [
                2.0,
                7.0,
                2.0
              ],
              "uv": [
                0,
                43
              ],
              "inflate": -0.001
            }
          ],
          "parent": "hip_r"
        },
        {
          "name": "foot_r",
          "pivot": [
            -4.5,
            0.25,
            4.5
          ],
          "parent": "knee_r"
        },
        {
          "name": "toe0_r",
          "pivot": [
            -3.5,
            1,
            4.5
          ],
          "cubes": [
            {
              "origin": [
                -4.0,
                0.0,
                0.5
              ],
              "size": [
                1.0,
                1.0,
                5.0
              ],
              "uv": [
                64,
                32
              ],
              "inflate": 0
            }
          ],
          "parent": "foot_r",
          "rotation": [
            20,
            0,
            0
          ]
        },
        {
          "name": "toe1_r",
          "pivot": [
            -4.5,
            1,
            4.5
          ],
          "cubes": [
            {
              "origin": [
                -5.0,
                0.0,
                1.5
              ],
              "size": [
                1.0,
                1.0,
                4.0
              ],
              "uv": [
                25,
                60
              ],
              "inflate": 0
            },
            {
              "origin": [
                -5.0,
                0.0,
                0.5
              ],
              "size": [
                1.0,
                1.0,
                1.0
              ],
              "uv": [
                6,
                43
              ],
              "inflate": 0
            }
          ],
          "parent": "foot_r"
        },
        {
          "name": "toe2_r",
          "pivot": [
            -5.5,
            1,
            4.5
          ],
          "cubes": [
            {
              "origin": [
                -6.0,
                0.0,
                1.5
              ],
              "size": [
                1.0,
                1.0,
                4.0
              ],
              "uv": [
                13,
                60
              ],
              "inflate": 0
            },
            {
              "origin": [
                -6.0,
                0.0,
                0.5
              ],
              "size": [
                1.0,
                1.0,
                1.0
              ],
              "uv": [
                38,
                12
              ],
              "inflate": 0
            }
          ],
          "parent": "foot_r"
        },
        {
          "name": "rump_l",
          "pivot": [
            3.5,
            19,
            5.5
          ],
          "cubes": [
            {
              "origin": [
                3.5,
                13.5,
                2.0
              ],
              "size": [
                2.0,
                9.0,
                6.0
              ],
              "uv": [
                0,
                0
              ],
              "inflate": 0.001
            }
          ],
          "parent": "root"
        },
        {
          "name": "hip_l",
          "pivot": [
            4.5,
            14,
            3.5
          ],
          "cubes": [
            {
              "origin": [
                3.5,
                7.0,
                3.0
              ],
              "size": [
                2.0,
                7.0,
                4.0
              ],
              "uv": [
                0,
                22
              ],
              "inflate": 0
            }
          ],
          "parent": "rump_l"
        },
        {
          "name": "knee_l",
          "pivot": [
            4.5,
            7.25,
            5.25
          ],
          "cubes": [
            {
              "origin": [
                3.5,
                0.5,
                3.5
              ],
              "size": [
                2.0,
                7.0,
                2.0
              ],
              "uv": [
                24,
                0
              ],
              "inflate": -0.001
            }
          ],
          "parent": "hip_l"
        },
        {
          "name": "foot_l",
          "pivot": [
            4.5,
            0.25,
            4.5
          ],
          "parent": "knee_l"
        },
        {
          "name": "toe0_l",
          "pivot": [
            3.5,
            1,
            4.5
          ],
          "cubes": [
            {
              "origin": [
                3.0,
                -1.0,
                0.5
              ],
              "size": [
                1.0,
                1.0,
                5.0
              ],
              "pivot": [
                0.0,
                0.0,
                2.0
              ],
              "rotation": [
                27.5,
                0.0,
                0.0
              ],
              "uv": [
                42,
                60
              ],
              "inflate": 0
            }
          ],
          "parent": "foot_l"
        },
        {
          "name": "toe1_l",
          "pivot": [
            4.5,
            1,
            4.5
          ],
          "cubes": [
            {
              "origin": [
                4.0,
                0.0,
                0.5
              ],
              "size": [
                1.0,
                1.0,
                1.0
              ],
              "uv": [
                34,
                32
              ],
              "inflate": 0
            },
            {
              "origin": [
                4.0,
                0.0,
                1.5
              ],
              "size": [
                1.0,
                1.0,
                4.0
              ],
              "uv": [
                30,
                54
              ],
              "inflate": 0
            }
          ],
          "parent": "foot_l"
        },
        {
          "name": "toe2_l",
          "pivot": [
            5.5,
            1,
            4.5
          ],
          "cubes": [
            {
              "origin": [
                5.0,
                0.0,
                1.5
              ],
              "size": [
                1.0,
                1.0,
                4.0
              ],
              "uv": [
                30,
                49
              ],
              "inflate": 0
            },
            {
              "origin": [
                5.0,
                0.0,
                0.5
              ],
              "size": [
                1.0,
                1.0,
                1.0
              ],
              "uv": [
                30,
                0
              ],
              "inflate": 0
            }
          ],
          "parent": "foot_l"
        }
      ]
    }
  ]
}