{
  "format_version": "1.12.0",
  "minecraft:geometry": [
    {
      "description": {
        "identifier": "geometry.md_iguano",
        "texture_width": 256,
        "texture_height": 256,
        "visible_bounds_width": 22,
        "visible_bounds_height": 11,
        "visible_bounds_offset": [
          0,
          1.5,
          0
        ]
      },
      "bones": [
        {
          "name": "root",
          "pivot": [
            0,
            62,
            32
          ],
          "cubes": [
            {
              "origin": [
                -13.0,
                34.0,
                13.0
              ],
              "size": [
                26.0,
                42.0,
                34.0
              ],
              "uv": [
                0,
                0
              ],
              "inflate": 0
            }
          ],
          "locators": {}
        },
        {
          "name": "spikes2",
          "pivot": [
            7,
            83,
            35
          ],
          "parent": "root"
        },
        {
          "name": "spikes3",
          "pivot": [
            -7,
            83,
            35
          ],
          "parent": "root"
        },
        {
          "name": "spine0",
          "pivot": [
            0,
            62,
            18
          ],
          "cubes": [
            {
              "origin": [
                -13.0,
                33.0,
                -18.0
              ],
              "size": [
                26.0,
                41.0,
                33.0
              ],
              "uv": [
                0,
                76
              ],
              "inflate": 0
            }
          ],
          "parent": "root"
        },
        {
          "name": "chest",
          "pivot": [
            0,
            62,
            -12
          ],
          "cubes": [
            {
              "origin": [
                -11.0,
                27.0,
                -17.0
              ],
              "size": [
                22.0,
                31.0,
                35.0
              ],
              "pivot": [
                0.0,
                27.0,
                -17.0
              ],
              "rotation": [
                45.0,
                0.0,
                0.0
              ],
              "uv": [
                85,
                41
              ],
              "inflate": 0
            }
          ],
          "parent": "spine0"
        },
        {
          "name": "neck0",
          "pivot": [
            0,
            47,
            -22
          ],
          "cubes": [
            {
              "origin": [
                -7.0,
                39.0,
                -44.0
              ],
              "size": [
                15.0,
                16.0,
                13.0
              ],
              "uv": [
                158,
                186
              ],
              "inflate": 0
            }
          ],
          "parent": "chest",
          "rotation": [
            -20,
            0,
            0
          ]
        },
        {
          "name": "neck1",
          "pivot": [
            0,
            48,
            -47
          ],
          "cubes": [
            {
              "origin": [
                -4.5,
                41.0,
                -59.0
              ],
              "size": [
                10.0,
                15.0,
                18.0
              ],
              "uv": [
                181,
                89
              ],
              "inflate": 0
            }
          ],
          "parent": "neck0",
          "rotation": [
            -15,
            0,
            0
          ]
        },
        {
          "name": "spikes6",
          "pivot": [
            4,
            56,
            -55
          ],
          "parent": "neck1"
        },
        {
          "name": "spikes7",
          "pivot": [
            -4,
            56,
            -55
          ],
          "parent": "neck1"
        },
        {
          "name": "head",
          "pivot": [
            0,
            51,
            -57
          ],
          "cubes": [
            {
              "origin": [
                -3.5,
                48.0,
                -86.0
              ],
              "size": [
                7.0,
                9.0,
                12.0
              ],
              "uv": [
                218,
                0
              ],
              "inflate": 0
            },
            {
              "origin": [
                -5.5,
                44.0,
                -74.0
              ],
              "size": [
                11.0,
                14.0,
                18.0
              ],
              "uv": [
                86,
                0
              ],
              "inflate": 0
            },
            {
              "origin": [
                -2.0,
                39.0,
                -74.0
              ],
              "size": [
                4.0,
                7.0,
                4.0
              ],
              "pivot": [
                0.0,
                51.0,
                -57.0
              ],
              "rotation": [
                -40.0,
                0.0,
                0.0
              ],
              "uv": [
                86,
                0
              ],
              "inflate": 0
            },
            {
              "origin": [
                -3.0,
                74.0,
                -74.0
              ],
              "size": [
                6.0,
                5.0,
                7.0
              ],
              "pivot": [
                0.0,
                51.0,
                -57.0
              ],
              "rotation": [
                60.0,
                0.0,
                0.0
              ],
              "uv": [
                137,
                25
              ],
              "inflate": 0
            }
          ],
          "parent": "neck1",
          "rotation": [
            34.93826,
            1.45556,
            -1.2894
          ]
        },
        {
          "name": "eyelids",
          "pivot": [
            0,
            55,
            -67
          ],
          "parent": "head"
        },
        {
          "name": "jaw",
          "pivot": [
            0,
            48,
            -74
          ],
          "cubes": [
            {
              "origin": [
                -3.5,
                44.0,
                -86.0
              ],
              "size": [
                7.0,
                4.0,
                12.0
              ],
              "uv": [
                126,
                0
              ],
              "inflate": 0
            }
          ],
          "parent": "head"
        },
        {
          "name": "spikes5",
          "pivot": [
            -8,
            66,
            -28
          ],
          "parent": "chest"
        },
        {
          "name": "spikes4",
          "pivot": [
            8,
            66,
            -28
          ],
          "parent": "chest"
        },
        {
          "name": "shoulder_l",
          "pivot": [
            11,
            47,
            -16
          ],
          "cubes": [
            {
              "origin": [
                8.0,
                23.0,
                -21.0
              ],
              "size": [
                9.0,
                25.0,
                12.0
              ],
              "uv": [
                142,
                110
              ],
              "inflate": 0
            }
          ],
          "parent": "chest"
        },
        {
          "name": "elbow_l",
          "pivot": [
            11,
            27,
            -12
          ],
          "cubes": [
            {
              "origin": [
                9.0,
                2.0,
                -18.0
              ],
              "size": [
                7.0,
                22.0,
                8.0
              ],
              "uv": [
                0,
                0
              ],
              "inflate": 0
            }
          ],
          "parent": "shoulder_l"
        },
        {
          "name": "wrist_l",
          "pivot": [
            11,
            10,
            -12
          ],
          "cubes": [
            {
              "origin": [
                9.0,
                0.0,
                -26.0
              ],
              "size": [
                8.0,
                5.0,
                16.0
              ],
              "uv": [
                32,
                209
              ],
              "inflate": 0
            },
            {
              "origin": [
                1.0,
                4.0,
                -17.0
              ],
              "size": [
                7.0,
                3.0,
                2.0
              ],
              "pivot": [
                11.0,
                10.0,
                -12.0
              ],
              "rotation": [
                0.0,
                0.0,
                -25.0
              ],
              "uv": [
                0,
                104
              ],
              "inflate": 0
            }
          ],
          "parent": "elbow_l"
        },
        {
          "name": "shoulder_r",
          "pivot": [
            -10,
            47,
            -18
          ],
          "cubes": [
            {
              "origin": [
                -16.0,
                23.0,
                -22.0
              ],
              "size": [
                9.0,
                25.0,
                11.0
              ],
              "uv": [
                203,
                204
              ],
              "inflate": 0
            }
          ],
          "parent": "chest"
        },
        {
          "name": "elbow_r",
          "pivot": [
            -10,
            27,
            -14
          ],
          "cubes": [
            {
              "origin": [
                -15.0,
                4.0,
                -20.0
              ],
              "size": [
                7.0,
                20.0,
                8.0
              ],
              "uv": [
                0,
                76
              ],
              "inflate": 0
            }
          ],
          "parent": "shoulder_r"
        },
        {
          "name": "wrist_r",
          "pivot": [
            -10,
            10,
            -14
          ],
          "cubes": [
            {
              "origin": [
                -16.0,
                0.0,
                -26.0
              ],
              "size": [
                9.0,
                5.0,
                14.0
              ],
              "uv": [
                144,
                216
              ],
              "inflate": 0
            },
            {
              "origin": [
                -8.0,
                4.0,
                -17.0
              ],
              "size": [
                7.0,
                3.0,
                2.0
              ],
              "pivot": [
                -10.0,
                10.0,
                -14.0
              ],
              "rotation": [
                0.0,
                0.0,
                22.5
              ],
              "uv": [
                86,
                11
              ],
              "inflate": 0
            }
          ],
          "parent": "elbow_r"
        },
        {
          "name": "spikes1",
          "pivot": [
            -6,
            83,
            0
          ],
          "parent": "spine0"
        },
        {
          "name": "spikes0",
          "pivot": [
            6,
            83,
            -1
          ],
          "parent": "spine0"
        },
        {
          "name": "tail0",
          "pivot": [
            0,
            59,
            48
          ],
          "cubes": [
            {
              "origin": [
                -10.0,
                48.0,
                46.0
              ],
              "size": [
                20.0,
                27.0,
                32.0
              ],
              "uv": [
                0,
                150
              ],
              "inflate": 0
            }
          ],
          "parent": "root",
          "rotation": [
            10,
            0,
            0
          ]
        },
        {
          "name": "frill1",
          "pivot": [
            6,
            72,
            73
          ],
          "parent": "tail0"
        },
        {
          "name": "frill2",
          "pivot": [
            -6,
            72,
            73
          ],
          "parent": "tail0"
        },
        {
          "name": "tail1",
          "pivot": [
            0,
            59,
            87
          ],
          "cubes": [
            {
              "origin": [
                -6.0,
                52.0,
                73.0
              ],
              "size": [
                12.0,
                21.0,
                44.0
              ],
              "uv": [
                74,
                107
              ],
              "inflate": 0
            }
          ],
          "parent": "tail0"
        },
        {
          "name": "frill3",
          "pivot": [
            5,
            68,
            105
          ],
          "parent": "tail1"
        },
        {
          "name": "frill4",
          "pivot": [
            -5,
            68,
            105
          ],
          "parent": "tail1"
        },
        {
          "name": "tail2",
          "pivot": [
            0,
            60,
            120
          ],
          "cubes": [
            {
              "origin": [
                -3.0,
                55.0,
                114.0
              ],
              "size": [
                6.0,
                14.0,
                34.0
              ],
              "uv": [
                152,
                138
              ],
              "inflate": 0
            }
          ],
          "parent": "tail1"
        },
        {
          "name": "frill5",
          "pivot": [
            2,
            67,
            143
          ],
          "parent": "tail2"
        },
        {
          "name": "frill6",
          "pivot": [
            -2,
            67,
            143
          ],
          "parent": "tail2"
        },
        {
          "name": "spikes8",
          "pivot": [
            5,
            65,
            150
          ],
          "parent": "tail2"
        },
        {
          "name": "spikes9",
          "pivot": [
            -5,
            65,
            150
          ],
          "parent": "tail2"
        },
        {
          "name": "rump_l",
          "pivot": [
            20,
            62,
            32
          ],
          "cubes": [
            {
              "origin": [
                11.0,
                32.0,
                24.0
              ],
              "size": [
                10.0,
                41.0,
                17.0
              ],
              "uv": [
                104,
                172
              ],
              "inflate": 0
            }
          ],
          "parent": "root"
        },
        {
          "name": "hip_l",
          "pivot": [
            20,
            36,
            31
          ],
          "cubes": [
            {
              "origin": [
                12.0,
                4.0,
                30.0
              ],
              "size": [
                7.0,
                31.0,
                11.0
              ],
              "uv": [
                198,
                122
              ],
              "inflate": 0
            }
          ],
          "parent": "rump_l"
        },
        {
          "name": "knee_l",
          "pivot": [
            20,
            5,
            40
          ],
          "cubes": [
            {
              "origin": [
                11.0,
                1.0,
                24.0
              ],
              "size": [
                9.0,
                5.0,
                17.0
              ],
              "uv": [
                199,
                61
              ],
              "inflate": 0
            }
          ],
          "parent": "hip_l"
        },
        {
          "name": "rump_r",
          "pivot": [
            -20,
            62,
            32
          ],
          "cubes": [
            {
              "origin": [
                -20.0,
                30.0,
                25.0
              ],
              "size": [
                9.0,
                43.0,
                18.0
              ],
              "uv": [
                164,
                0
              ],
              "inflate": 0
            }
          ],
          "parent": "root"
        },
        {
          "name": "hip_r",
          "pivot": [
            -20,
            36,
            30
          ],
          "cubes": [
            {
              "origin": [
                -19.0,
                4.0,
                31.0
              ],
              "size": [
                7.0,
                29.0,
                9.0
              ],
              "uv": [
                0,
                209
              ],
              "inflate": 0
            }
          ],
          "parent": "rump_r"
        },
        {
          "name": "knee_r",
          "pivot": [
            -20,
            5,
            39
          ],
          "cubes": [
            {
              "origin": [
                -19.0,
                1.0,
                25.0
              ],
              "size": [
                8.0,
                5.0,
                15.0
              ],
              "uv": [
                65,
                215
              ],
              "inflate": 1
            }
          ],
          "parent": "hip_r"
        }
      ]
    }
  ]
}