{
  "format_version": "1.12.0",
  "minecraft:geometry": [
    {
      "description": {
        "identifier": "geometry.md_jp3cerato",
        "texture_width": 256,
        "texture_height": 256,
        "visible_bounds_width": 27,
        "visible_bounds_height": 25,
        "visible_bounds_offset": [
          0,
          3.5,
          0
        ]
      },
      "bones": [
        {
          "name": "root",
          "pivot": [
            0,
            51,
            8
          ],
          "cubes": [
            {
              "origin": [
                -8.0,
                40.0,
                -9.0
              ],
              "size": [
                16.0,
                24.0,
                29.0
              ],
              "uv": [
                0,
                0
              ],
              "inflate": 0
            },
            {
              "origin": [
                0.0,
                64.0,
                6.0
              ],
              "size": [
                0.0,
                2.0,
                14.0
              ],
              "uv": [
                0,
                0
              ],
              "inflate": 0
            },
            {
              "origin": [
                0.0,
                64.0,
                -9.0
              ],
              "size": [
                0.0,
                2.0,
                15.0
              ],
              "uv": [
                86,
                0
              ],
              "inflate": 0
            }
          ],
          "rotation": [
            10,
            0,
            0
          ]
        },
        {
          "name": "rump_r",
          "pivot": [
            -8,
            51,
            8
          ],
          "cubes": [
            {
              "origin": [
                -11.0,
                37.0,
                0.0
              ],
              "size": [
                6.0,
                23.0,
                16.0
              ],
              "uv": [
                98,
                103
              ],
              "inflate": 0
            }
          ],
          "parent": "root",
          "rotation": [
            -10,
            0,
            0
          ]
        },
        {
          "name": "hip_r",
          "pivot": [
            -8,
            38,
            3
          ],
          "cubes": [
            {
              "origin": [
                -10.5,
                16.0,
                2.0
              ],
              "size": [
                5.0,
                25.0,
                9.0
              ],
              "uv": [
                0,
                129
              ],
              "inflate": 0
            }
          ],
          "parent": "rump_r",
          "rotation": [
            2.5,
            0,
            0
          ]
        },
        {
          "name": "knee_r",
          "pivot": [
            -8,
            16,
            6
          ],
          "cubes": [
            {
              "origin": [
                -10.0,
                1.0,
                2.0
              ],
              "size": [
                4.0,
                17.0,
                6.0
              ],
              "uv": [
                0,
                98
              ],
              "inflate": 0
            }
          ],
          "parent": "hip_r"
        },
        {
          "name": "ankle_r",
          "pivot": [
            -8,
            2,
            4.5
          ],
          "cubes": [
            {
              "origin": [
                -10.0,
                0.0,
                2.0
              ],
              "size": [
                4.0,
                2.0,
                6.0
              ],
              "uv": [
                72,
                83
              ],
              "inflate": 0.01
            }
          ],
          "parent": "knee_r",
          "rotation": [
            -5,
            0,
            0
          ]
        },
        {
          "name": "toe0_r",
          "pivot": [
            -6,
            2,
            2
          ],
          "cubes": [
            {
              "origin": [
                -7.0,
                0.0,
                -3.5
              ],
              "size": [
                2.0,
                3.0,
                7.0
              ],
              "uv": [
                108,
                77
              ],
              "inflate": 0
            },
            {
              "origin": [
                -6.0,
                0.0,
                -6.5
              ],
              "size": [
                0.0,
                2.0,
                3.0
              ],
              "uv": [
                11,
                2
              ],
              "inflate": 0
            }
          ],
          "parent": "ankle_r"
        },
        {
          "name": "toe1_r",
          "pivot": [
            -8,
            2,
            2
          ],
          "cubes": [
            {
              "origin": [
                -9.0,
                0.0,
                -4.5
              ],
              "size": [
                2.0,
                3.0,
                7.0
              ],
              "uv": [
                93,
                106
              ],
              "inflate": 0
            },
            {
              "origin": [
                -8.0,
                0.0,
                -7.5
              ],
              "size": [
                0.0,
                2.0,
                3.0
              ],
              "uv": [
                11,
                0
              ],
              "inflate": 0
            }
          ],
          "parent": "ankle_r"
        },
        {
          "name": "toe2_r",
          "pivot": [
            -10,
            2,
            2
          ],
          "cubes": [
            {
              "origin": [
                -11.0,
                0.0,
                -3.5
              ],
              "size": [
                2.0,
                3.0,
                7.0
              ],
              "uv": [
                82,
                103
              ],
              "inflate": 0
            },
            {
              "origin": [
                -10.0,
                0.0,
                -6.5
              ],
              "size": [
                0.0,
                2.0,
                3.0
              ],
              "uv": [
                0,
                9
              ],
              "inflate": 0
            }
          ],
          "parent": "ankle_r"
        },
        {
          "name": "rump_l",
          "pivot": [
            8,
            51,
            8
          ],
          "cubes": [
            {
              "origin": [
                5.0,
                37.0,
                0.0
              ],
              "size": [
                6.0,
                23.0,
                16.0
              ],
              "uv": [
                54,
                103
              ],
              "inflate": 0
            }
          ],
          "parent": "root",
          "rotation": [
            -10,
            0,
            0
          ]
        },
        {
          "name": "hip_l",
          "pivot": [
            8,
            38,
            3
          ],
          "cubes": [
            {
              "origin": [
                5.5,
                17.0,
                2.0
              ],
              "size": [
                5.0,
                21.0,
                9.0
              ],
              "uv": [
                28,
                133
              ],
              "inflate": 0
            }
          ],
          "parent": "rump_l"
        },
        {
          "name": "knee_l",
          "pivot": [
            8,
            16,
            8
          ],
          "cubes": [
            {
              "origin": [
                6.0,
                2.0,
                4.0
              ],
              "size": [
                4.0,
                16.0,
                6.0
              ],
              "uv": [
                0,
                53
              ],
              "inflate": 0
            }
          ],
          "parent": "hip_l"
        },
        {
          "name": "ankle_l",
          "pivot": [
            8,
            3,
            6.5
          ],
          "cubes": [
            {
              "origin": [
                6.0,
                1.0,
                4.0
              ],
              "size": [
                4.0,
                2.0,
                6.0
              ],
              "uv": [
                72,
                75
              ],
              "inflate": 0.01
            }
          ],
          "parent": "knee_l"
        },
        {
          "name": "toe0_l",
          "pivot": [
            6,
            3,
            4
          ],
          "cubes": [
            {
              "origin": [
                5.0,
                1.0,
                -1.5
              ],
              "size": [
                2.0,
                3.0,
                7.0
              ],
              "uv": [
                0,
                18
              ],
              "inflate": 0
            },
            {
              "origin": [
                6.0,
                1.0,
                -4.5
              ],
              "size": [
                0.0,
                2.0,
                3.0
              ],
              "uv": [
                0,
                7
              ],
              "inflate": 0
            }
          ],
          "parent": "ankle_l"
        },
        {
          "name": "toe1_l",
          "pivot": [
            8,
            3,
            4
          ],
          "cubes": [
            {
              "origin": [
                7.0,
                1.0,
                -2.5
              ],
              "size": [
                2.0,
                3.0,
                7.0
              ],
              "uv": [
                11,
                3
              ],
              "inflate": 0
            },
            {
              "origin": [
                8.0,
                1.0,
                -5.5
              ],
              "size": [
                0.0,
                2.0,
                3.0
              ],
              "uv": [
                0,
                2
              ],
              "inflate": 0
            }
          ],
          "parent": "ankle_l"
        },
        {
          "name": "toe2_l",
          "pivot": [
            10,
            3,
            4
          ],
          "cubes": [
            {
              "origin": [
                9.0,
                1.0,
                -1.5
              ],
              "size": [
                2.0,
                3.0,
                7.0
              ],
              "uv": [
                0,
                0
              ],
              "inflate": 0
            },
            {
              "origin": [
                10.0,
                1.0,
                -4.5
              ],
              "size": [
                0.0,
                2.0,
                3.0
              ],
              "uv": [
                0,
                0
              ],
              "inflate": 0
            }
          ],
          "parent": "ankle_l"
        },
        {
          "name": "tail0",
          "pivot": [
            0,
            56,
            16
          ],
          "cubes": [
            {
              "origin": [
                -5.0,
                47.0,
                16.0
              ],
              "size": [
                10.0,
                16.0,
                26.0
              ],
              "uv": [
                64,
                27
              ],
              "inflate": 0.01
            },
            {
              "origin": [
                0.0,
                62.0,
                21.0
              ],
              "size": [
                0.0,
                2.0,
                20.0
              ],
              "uv": [
                50,
                53
              ],
              "inflate": 0
            }
          ],
          "parent": "root",
          "rotation": [
            10,
            0,
            0
          ]
        },
        {
          "name": "tail1",
          "pivot": [
            0,
            56,
            40
          ],
          "cubes": [
            {
              "origin": [
                0.0,
                61.0,
                42.0
              ],
              "size": [
                0.0,
                2.0,
                20.0
              ],
              "uv": [
                50,
                51
              ],
              "inflate": 0
            },
            {
              "origin": [
                -3.5,
                49.0,
                40.0
              ],
              "size": [
                7.0,
                12.0,
                22.0
              ],
              "uv": [
                72,
                69
              ],
              "inflate": 0
            }
          ],
          "parent": "tail0"
        },
        {
          "name": "tail2",
          "pivot": [
            0,
            57,
            61
          ],
          "cubes": [
            {
              "origin": [
                -2.0,
                52.0,
                61.0
              ],
              "size": [
                4.0,
                8.0,
                23.0
              ],
              "uv": [
                0,
                98
              ],
              "inflate": 0
            },
            {
              "origin": [
                0.0,
                60.0,
                62.0
              ],
              "size": [
                0.0,
                2.0,
                22.0
              ],
              "uv": [
                50,
                47
              ],
              "inflate": 0
            }
          ],
          "parent": "tail1"
        },
        {
          "name": "tail3",
          "pivot": [
            0,
            57,
            83
          ],
          "cubes": [
            {
              "origin": [
                -1.0,
                54.0,
                82.0
              ],
              "size": [
                2.0,
                5.0,
                21.0
              ],
              "uv": [
                61,
                0
              ],
              "inflate": 0
            }
          ],
          "parent": "tail2",
          "rotation": [
            -2.5,
            0,
            0
          ]
        },
        {
          "name": "spine0",
          "pivot": [
            0,
            51,
            -9
          ],
          "cubes": [
            {
              "origin": [
                -7.0,
                41.0,
                -27.0
              ],
              "size": [
                14.0,
                23.0,
                22.0
              ],
              "uv": [
                0,
                53
              ],
              "inflate": 0
            },
            {
              "origin": [
                0.0,
                64.0,
                -26.0
              ],
              "size": [
                0.0,
                2.0,
                19.0
              ],
              "uv": [
                31,
                79
              ],
              "inflate": 0
            }
          ],
          "parent": "root",
          "rotation": [
            -7.5,
            0,
            0
          ]
        },
        {
          "name": "chest",
          "pivot": [
            0,
            51,
            -21.5
          ],
          "parent": "spine0"
        },
        {
          "name": "neck0",
          "pivot": [
            0,
            53,
            -23
          ],
          "cubes": [
            {
              "origin": [
                -4.0,
                47.0,
                -37.0
              ],
              "size": [
                8.0,
                14.5,
                17.0
              ],
              "uv": [
                110,
                0
              ],
              "inflate": -0.01
            },
            {
              "origin": [
                0.0,
                60.0,
                -35.0
              ],
              "size": [
                0.0,
                2.0,
                7.0
              ],
              "uv": [
                11,
                13
              ],
              "inflate": 0
            }
          ],
          "parent": "chest",
          "rotation": [
            -12.5,
            0,
            0
          ]
        },
        {
          "name": "neck1",
          "pivot": [
            0,
            55,
            -37
          ],
          "cubes": [
            {
              "origin": [
                -4.0,
                47.5,
                -48.0
              ],
              "size": [
                8.0,
                15.5,
                15.0
              ],
              "uv": [
                121,
                54
              ],
              "inflate": -0.01
            },
            {
              "origin": [
                0.0,
                62.0,
                -46.0
              ],
              "size": [
                0.0,
                2.0,
                8.0
              ],
              "uv": [
                11,
                10
              ],
              "inflate": 0
            }
          ],
          "parent": "neck0",
          "rotation": [
            -25,
            0,
            0
          ]
        },
        {
          "name": "head",
          "pivot": [
            0,
            56.5,
            -46.5
          ],
          "cubes": [
            {
              "origin": [
                -5.0,
                48.5,
                -49.5
              ],
              "size": [
                10.0,
                14.0,
                6.0
              ],
              "uv": [
                56,
                142
              ],
              "inflate": 0.01
            },
            {
              "origin": [
                -5.0,
                52.5,
                -57.5
              ],
              "size": [
                10.0,
                10.5,
                8.0
              ],
              "uv": [
                31,
                100
              ],
              "inflate": 0.01
            },
            {
              "origin": [
                -4.0,
                52.5,
                -69.5
              ],
              "size": [
                8.0,
                10.0,
                13.0
              ],
              "uv": [
                126,
                90
              ],
              "inflate": 0.01
            },
            {
              "origin": [
                -3.5,
                51.5,
                -69.0
              ],
              "size": [
                7.0,
                1.0,
                15.0
              ],
              "uv": [
                110,
                31
              ],
              "inflate": -0.01
            },
            {
              "origin": [
                -0.5,
                63.25,
                -68.5
              ],
              "size": [
                1.0,
                4.0,
                3.0
              ],
              "uv": [
                110,
                31
              ],
              "inflate": 0
            },
            {
              "origin": [
                -1.0,
                61.25,
                -68.5
              ],
              "size": [
                2.0,
                3.0,
                4.0
              ],
              "uv": [
                108,
                69
              ],
              "inflate": 0
            },
            {
              "origin": [
                -5.0,
                64.5,
                -46.5
              ],
              "size": [
                1.0,
                4.0,
                3.0
              ],
              "pivot": [
                0.0,
                56.5,
                -46.5
              ],
              "rotation": [
                65.0,
                0.0,
                0.0
              ],
              "uv": [
                31,
                100
              ],
              "inflate": 0
            },
            {
              "origin": [
                4.0,
                62.5,
                -46.5
              ],
              "size": [
                1.0,
                6.0,
                3.0
              ],
              "pivot": [
                0.0,
                56.5,
                -46.5
              ],
              "rotation": [
                65.0,
                0.0,
                0.0
              ],
              "uv": [
                104,
                103
              ],
              "inflate": 0
            },
            {
              "origin": [
                0.0,
                62.5,
                -56.5
              ],
              "size": [
                0.0,
                2.0,
                13.0
              ],
              "uv": [
                0,
                3
              ],
              "inflate": 0
            }
          ],
          "parent": "neck1",
          "rotation": [
            27.5,
            0,
            0
          ]
        },
        {
          "name": "left_horn",
          "pivot": [
            3,
            60.5,
            -50.25
          ],
          "parent": "head"
        },
        {
          "name": "right_horn",
          "pivot": [
            -3,
            60.5,
            -50.25
          ],
          "parent": "head"
        },
        {
          "name": "jaw",
          "pivot": [
            0,
            52.5,
            -49.5
          ],
          "cubes": [
            {
              "origin": [
                -5.0,
                48.5,
                -56.5
              ],
              "size": [
                10.0,
                4.0,
                7.0
              ],
              "uv": [
                139,
                31
              ],
              "inflate": 0
            },
            {
              "origin": [
                -4.0,
                49.5,
                -69.5
              ],
              "size": [
                8.0,
                3.0,
                13.0
              ],
              "uv": [
                129,
                129
              ],
              "inflate": 0
            },
            {
              "origin": [
                -3.5,
                52.5,
                -69.0
              ],
              "size": [
                7.0,
                1.0,
                13.0
              ],
              "uv": [
                86,
                0
              ],
              "inflate": -0.02
            },
            {
              "origin": [
                4.0,
                52.5,
                -54.5
              ],
              "size": [
                0.0,
                5.0,
                5.0
              ],
              "uv": [
                59,
                95
              ],
              "inflate": 0
            },
            {
              "origin": [
                -4.0,
                52.5,
                -54.5
              ],
              "size": [
                0.0,
                5.0,
                5.0
              ],
              "uv": [
                18,
                17
              ],
              "inflate": 0
            }
          ],
          "parent": "head"
        },
        {
          "name": "shoulder_r",
          "pivot": [
            -7,
            43,
            -23.5
          ],
          "cubes": [
            {
              "origin": [
                -8.0,
                34.0,
                -26.0
              ],
              "size": [
                3.0,
                12.0,
                6.0
              ],
              "uv": [
                61,
                0
              ],
              "inflate": 0
            }
          ],
          "parent": "chest"
        },
        {
          "name": "elbow_r",
          "pivot": [
            -7,
            35,
            -22.5
          ],
          "cubes": [
            {
              "origin": [
                -8.0,
                25.0,
                -25.0
              ],
              "size": [
                3.0,
                10.0,
                3.0
              ],
              "uv": [
                86,
                0
              ],
              "inflate": -0.01
            },
            {
              "origin": [
                -9.0,
                24.0,
                -24.5
              ],
              "size": [
                4.0,
                1.0,
                6.0
              ],
              "pivot": [
                -7.0,
                35.0,
                -22.5
              ],
              "rotation": [
                0.0,
                22.5,
                0.0
              ],
              "uv": [
                104,
                142
              ],
              "inflate": 0
            }
          ],
          "parent": "shoulder_r"
        },
        {
          "name": "wrist_r",
          "pivot": [
            -7,
            30,
            -23
          ],
          "parent": "elbow_r"
        },
        {
          "name": "shoulder_l",
          "pivot": [
            8,
            44,
            -23.5
          ],
          "cubes": [
            {
              "origin": [
                6.0,
                36.0,
                -26.0
              ],
              "size": [
                3.0,
                12.0,
                5.0
              ],
              "uv": [
                88,
                142
              ],
              "inflate": 0
            }
          ],
          "parent": "chest"
        },
        {
          "name": "elbow_l",
          "pivot": [
            8,
            36,
            -22.5
          ],
          "cubes": [
            {
              "origin": [
                6.0,
                26.0,
                -25.0
              ],
              "size": [
                3.0,
                10.0,
                3.0
              ],
              "uv": [
                50,
                53
              ],
              "inflate": -0.01
            },
            {
              "origin": [
                6.0,
                25.0,
                -24.5
              ],
              "size": [
                4.0,
                1.0,
                6.0
              ],
              "pivot": [
                8.0,
                36.0,
                -22.5
              ],
              "rotation": [
                0.0,
                -22.5,
                0.0
              ],
              "uv": [
                136,
                47
              ],
              "inflate": 0
            }
          ],
          "parent": "shoulder_l"
        },
        {
          "name": "wrist_l",
          "pivot": [
            8,
            31,
            -23
          ],
          "parent": "elbow_l"
        }
      ]
    }
  ]
}