{
  "format_version": "1.12.0",
  "minecraft:geometry": [
    {
      "description": {
        "identifier": "geometry.md_jp3ptera",
        "texture_width": 128,
        "texture_height": 128,
        "visible_bounds_width": 8,
        "visible_bounds_height": 5,
        "visible_bounds_offset": [
          0,
          1.5,
          0
        ]
      },
      "bones": [
        {
          "name": "root",
          "pivot": [
            0,
            17,
            0
          ],
          "cubes": [
            {
              "origin": [
                -3.0,
                13.0,
                -1.5
              ],
              "size": [
                6.0,
                9.0,
                3.0
              ],
              "uv": [
                66,
                0
              ],
              "inflate": 0
            },
            {
              "origin": [
                -3.0,
                12.0,
                0.5
              ],
              "size": [
                6.0,
                2.0,
                1.0
              ],
              "uv": [
                11,
                80
              ],
              "inflate": 0
            }
          ],
          "locators": {}
        },
        {
          "name": "spine0",
          "pivot": [
            0,
            20,
            0
          ],
          "cubes": [
            {
              "origin": [
                -3.5,
                20.0,
                -3.0
              ],
              "size": [
                7.0,
                7.0,
                5.0
              ],
              "uv": [
                42,
                0
              ],
              "inflate": 0
            }
          ],
          "parent": "root"
        },
        {
          "name": "chest",
          "pivot": [
            0,
            25,
            0
          ],
          "parent": "spine0"
        },
        {
          "name": "shoulder_l",
          "pivot": [
            2,
            25.5,
            0
          ],
          "cubes": [
            {
              "origin": [
                2.0,
                24.0,
                -1.5
              ],
              "size": [
                10.0,
                3.0,
                3.0
              ],
              "pivot": [
                2.0,
                25.5,
                0.0
              ],
              "rotation": [
                0.0,
                0.0,
                20.0
              ],
              "uv": [
                0,
                52
              ],
              "inflate": 0
            },
            {
              "origin": [
                3.0,
                12.0,
                0.05
              ],
              "size": [
                8.0,
                15.0,
                0.0
              ],
              "uv": [
                0,
                58
              ],
              "inflate": 0
            }
          ],
          "parent": "chest"
        },
        {
          "name": "elbow_l",
          "pivot": [
            11,
            22.25,
            0
          ],
          "cubes": [
            {
              "origin": [
                10.0,
                21.25,
                -1.0
              ],
              "size": [
                10.0,
                2.0,
                2.0
              ],
              "pivot": [
                11.0,
                22.25,
                0.0
              ],
              "rotation": [
                0.0,
                0.0,
                -35.0
              ],
              "uv": [
                66,
                18
              ],
              "inflate": 0
            },
            {
              "origin": [
                11.0,
                15.0,
                0.05
              ],
              "size": [
                7.0,
                13.0,
                0.0
              ],
              "uv": [
                62,
                69
              ],
              "inflate": 0
            }
          ],
          "parent": "shoulder_l"
        },
        {
          "name": "wrist_l",
          "pivot": [
            18,
            27.5,
            0
          ],
          "cubes": [
            {
              "origin": [
                18.0,
                27.0,
                -0.5
              ],
              "size": [
                12.0,
                1.0,
                1.0
              ],
              "pivot": [
                18.0,
                27.5,
                0.0
              ],
              "rotation": [
                0.0,
                0.0,
                10.0
              ],
              "uv": [
                66,
                16
              ],
              "inflate": 0
            },
            {
              "origin": [
                22.0,
                27.0,
                -2.0
              ],
              "size": [
                3.0,
                3.0,
                2.0
              ],
              "pivot": [
                18.0,
                27.5,
                0.0
              ],
              "rotation": [
                0.0,
                0.0,
                10.0
              ],
              "uv": [
                0,
                81
              ],
              "inflate": 0
            },
            {
              "origin": [
                18.0,
                16.0,
                0.05
              ],
              "size": [
                12.0,
                11.0,
                0.0
              ],
              "uv": [
                46,
                23
              ],
              "inflate": 0
            }
          ],
          "parent": "elbow_l"
        },
        {
          "name": "index_finger_l",
          "pivot": [
            29.5,
            25.5,
            0
          ],
          "cubes": [
            {
              "origin": [
                29.5,
                16.0,
                0.05
              ],
              "size": [
                21.0,
                10.0,
                0.0
              ],
              "uv": [
                0,
                20
              ],
              "inflate": 0
            }
          ],
          "parent": "wrist_l"
        },
        {
          "name": "neck0",
          "pivot": [
            0,
            27,
            0
          ],
          "cubes": [
            {
              "origin": [
                -1.0,
                26.0,
                -1.5
              ],
              "size": [
                2.0,
                4.0,
                3.0
              ],
              "uv": [
                76,
                77
              ],
              "inflate": 0
            }
          ],
          "parent": "chest"
        },
        {
          "name": "neck1",
          "pivot": [
            0,
            29.25,
            0
          ],
          "cubes": [
            {
              "origin": [
                -1.0,
                29.0,
                -1.5
              ],
              "size": [
                2.0,
                4.0,
                3.0
              ],
              "uv": [
                76,
                70
              ],
              "inflate": -0.01
            }
          ],
          "parent": "neck0"
        },
        {
          "name": "head",
          "pivot": [
            0,
            34,
            0
          ],
          "cubes": [
            {
              "origin": [
                -2.0,
                32.0,
                -2.0
              ],
              "size": [
                4.0,
                5.0,
                4.0
              ],
              "uv": [
                12,
                71
              ],
              "inflate": 0.001
            },
            {
              "origin": [
                -2.0,
                33.0,
                -5.0
              ],
              "size": [
                4.0,
                4.0,
                3.0
              ],
              "uv": [
                74,
                54
              ],
              "inflate": 0
            },
            {
              "origin": [
                -1.0,
                33.0,
                -16.0
              ],
              "size": [
                2.0,
                3.0,
                11.0
              ],
              "uv": [
                31,
                29
              ],
              "inflate": 0
            }
          ],
          "parent": "neck1"
        },
        {
          "name": "jaw",
          "pivot": [
            0,
            33,
            -2
          ],
          "cubes": [
            {
              "origin": [
                -1.0,
                32.0,
                -16.0
              ],
              "size": [
                2.0,
                1.0,
                11.0
              ],
              "uv": [
                0,
                40
              ],
              "inflate": 0
            },
            {
              "origin": [
                -2.0,
                32.0,
                -5.0
              ],
              "size": [
                4.0,
                1.0,
                3.0
              ],
              "uv": [
                72,
                35
              ],
              "inflate": 0
            },
            {
              "origin": [
                -1.9,
                33.0,
                -4.0
              ],
              "size": [
                0.0,
                2.0,
                2.0
              ],
              "uv": [
                0,
                47
              ],
              "inflate": 0
            },
            {
              "origin": [
                1.9,
                33.0,
                -4.0
              ],
              "size": [
                0.0,
                2.0,
                2.0
              ],
              "uv": [
                7,
                38
              ],
              "inflate": 0
            }
          ],
          "parent": "head"
        },
        {
          "name": "horn",
          "pivot": [
            0,
            37,
            0
          ],
          "cubes": [
            {
              "origin": [
                -0.5,
                34.0,
                0.0
              ],
              "size": [
                1.0,
                3.0,
                5.0
              ],
              "pivot": [
                0.0,
                37.0,
                0.0
              ],
              "rotation": [
                35.0,
                0.0,
                0.0
              ],
              "uv": [
                0,
                73
              ],
              "inflate": 0
            },
            {
              "origin": [
                -0.5,
                35.4,
                4.0
              ],
              "size": [
                1.0,
                2.0,
                8.0
              ],
              "pivot": [
                0.0,
                37.0,
                0.0
              ],
              "rotation": [
                27.5,
                0.0,
                0.0
              ],
              "uv": [
                16,
                61
              ],
              "inflate": 0
            }
          ],
          "parent": "head",
          "rotation": [
            -12.5,
            0,
            0
          ]
        },
        {
          "name": "eyelids",
          "pivot": [
            0,
            34,
            0
          ],
          "cubes": [
            {
              "origin": [
                -2.05,
                33.0,
                -4.0
              ],
              "size": [
                0.0,
                3.0,
                4.0
              ],
              "uv": [
                24,
                67
              ],
              "inflate": 0
            },
            {
              "origin": [
                2.05,
                33.0,
                -4.0
              ],
              "size": [
                0.0,
                3.0,
                4.0
              ],
              "uv": [
                22,
                36
              ],
              "inflate": 0
            }
          ],
          "parent": "head"
        },
        {
          "name": "shoulder_r",
          "pivot": [
            -2,
            25.5,
            0
          ],
          "cubes": [
            {
              "origin": [
                -12.0,
                24.0,
                -1.5
              ],
              "size": [
                10.0,
                3.0,
                3.0
              ],
              "pivot": [
                -2.0,
                25.5,
                0.0
              ],
              "rotation": [
                0.0,
                0.0,
                -20.0
              ],
              "uv": [
                46,
                34
              ],
              "inflate": 0
            },
            {
              "origin": [
                -11.0,
                12.0,
                0.05
              ],
              "size": [
                8.0,
                15.0,
                0.0
              ],
              "uv": [
                26,
                54
              ],
              "inflate": 0
            }
          ],
          "parent": "chest"
        },
        {
          "name": "elbow_r",
          "pivot": [
            -11,
            22.25,
            0
          ],
          "cubes": [
            {
              "origin": [
                -20.0,
                21.25,
                -1.0
              ],
              "size": [
                10.0,
                2.0,
                2.0
              ],
              "pivot": [
                -11.0,
                22.25,
                0.0
              ],
              "rotation": [
                0.0,
                0.0,
                35.0
              ],
              "uv": [
                66,
                12
              ],
              "inflate": 0
            },
            {
              "origin": [
                -18.0,
                15.0,
                0.05
              ],
              "size": [
                7.0,
                13.0,
                0.0
              ],
              "uv": [
                34,
                69
              ],
              "inflate": 0
            }
          ],
          "parent": "shoulder_r"
        },
        {
          "name": "wrist_r",
          "pivot": [
            -18,
            27.5,
            0
          ],
          "cubes": [
            {
              "origin": [
                -30.0,
                27.0,
                -0.5
              ],
              "size": [
                12.0,
                1.0,
                1.0
              ],
              "pivot": [
                -18.0,
                27.5,
                0.0
              ],
              "rotation": [
                0.0,
                0.0,
                -10.0
              ],
              "uv": [
                57,
                40
              ],
              "inflate": 0
            },
            {
              "origin": [
                -25.0,
                27.0,
                -2.0
              ],
              "size": [
                3.0,
                3.0,
                2.0
              ],
              "pivot": [
                -18.0,
                27.5,
                0.0
              ],
              "rotation": [
                0.0,
                0.0,
                -10.0
              ],
              "uv": [
                25,
                80
              ],
              "inflate": 0
            },
            {
              "origin": [
                -30.0,
                16.0,
                0.05
              ],
              "size": [
                12.0,
                11.0,
                0.0
              ],
              "uv": [
                42,
                12
              ],
              "inflate": 0
            }
          ],
          "parent": "elbow_r"
        },
        {
          "name": "index_finger_r",
          "pivot": [
            -29.5,
            25.5,
            0
          ],
          "cubes": [
            {
              "origin": [
                -50.5,
                16.0,
                0.05
              ],
              "size": [
                21.0,
                10.0,
                0.0
              ],
              "uv": [
                0,
                0
              ],
              "inflate": 0
            }
          ],
          "parent": "wrist_r"
        },
        {
          "name": "tail0",
          "pivot": [
            0,
            14.5,
            1
          ],
          "cubes": [
            {
              "origin": [
                -0.5,
                10.5,
                0.5
              ],
              "size": [
                1.0,
                4.0,
                1.0
              ],
              "uv": [
                61,
                0
              ],
              "inflate": 0.01
            }
          ],
          "parent": "root"
        },
        {
          "name": "rump_l",
          "pivot": [
            3,
            15,
            0
          ],
          "cubes": [
            {
              "origin": [
                2.0,
                10.0,
                -1.5
              ],
              "size": [
                2.0,
                6.0,
                3.0
              ],
              "uv": [
                15,
                40
              ],
              "inflate": 0.01
            }
          ],
          "parent": "root"
        },
        {
          "name": "hip_l",
          "pivot": [
            3,
            10,
            -0.25
          ],
          "cubes": [
            {
              "origin": [
                2.0,
                4.0,
                -1.0
              ],
              "size": [
                2.0,
                7.0,
                2.0
              ],
              "uv": [
                76,
                61
              ],
              "inflate": 0
            }
          ],
          "parent": "rump_l"
        },
        {
          "name": "knee_l",
          "pivot": [
            3,
            4,
            0.25
          ],
          "cubes": [
            {
              "origin": [
                2.5,
                1.0,
                -0.5
              ],
              "size": [
                1.0,
                4.0,
                1.0
              ],
              "uv": [
                42,
                23
              ],
              "inflate": 0
            }
          ],
          "parent": "hip_l"
        },
        {
          "name": "ankle_l",
          "pivot": [
            3,
            1,
            0
          ],
          "cubes": [
            {
              "origin": [
                1.5,
                0.0,
                -4.5
              ],
              "size": [
                3.0,
                1.0,
                5.0
              ],
              "uv": [
                74,
                48
              ],
              "inflate": 0
            }
          ],
          "parent": "knee_l"
        },
        {
          "name": "rump_r",
          "pivot": [
            -3,
            15,
            0
          ],
          "cubes": [
            {
              "origin": [
                -4.0,
                10.0,
                -1.5
              ],
              "size": [
                2.0,
                6.0,
                3.0
              ],
              "uv": [
                0,
                40
              ],
              "inflate": 0.01
            }
          ],
          "parent": "root"
        },
        {
          "name": "hip_r",
          "pivot": [
            -3,
            10,
            -0.25
          ],
          "cubes": [
            {
              "origin": [
                -4.0,
                4.0,
                -1.0
              ],
              "size": [
                2.0,
                7.0,
                2.0
              ],
              "uv": [
                16,
                58
              ],
              "inflate": 0
            }
          ],
          "parent": "rump_r"
        },
        {
          "name": "knee_r",
          "pivot": [
            -3,
            4,
            0.25
          ],
          "cubes": [
            {
              "origin": [
                -3.5,
                1.0,
                -0.5
              ],
              "size": [
                1.0,
                4.0,
                1.0
              ],
              "uv": [
                42,
                0
              ],
              "inflate": 0
            }
          ],
          "parent": "hip_r"
        },
        {
          "name": "ankle_r",
          "pivot": [
            -3,
            1,
            0
          ],
          "cubes": [
            {
              "origin": [
                -4.5,
                0.0,
                -4.5
              ],
              "size": [
                3.0,
                1.0,
                5.0
              ],
              "uv": [
                74,
                42
              ],
              "inflate": 0
            }
          ],
          "parent": "knee_r"
        }
      ]
    }
  ]
}