{
  "format_version": "1.12.0",
  "minecraft:geometry": [
    {
      "description": {
        "identifier": "geometry.md_jp3spino",
        "texture_width": 512,
        "texture_height": 512,
        "visible_bounds_width": 20,
        "visible_bounds_height": 13,
        "visible_bounds_offset": [
          0,
          2.5,
          0
        ]
      },
      "bones": [
        {
          "name": "root",
          "pivot": [
            0,
            62,
            20
          ],
          "cubes": [
            {
              "origin": [
                -12.0,
                43.0,
                -1.0
              ],
              "size": [
                24.0,
                33.0,
                40.0
              ],
              "uv": [
                0,
                0
              ],
              "inflate": 0
            }
          ],
          "locators": {},
          "rotation": [
            7.5,
            0,
            0
          ]
        },
        {
          "name": "chest",
          "pivot": [
            0,
            58,
            3
          ],
          "cubes": [
            {
              "origin": [
                -11.0,
                44.0,
                -27.0
              ],
              "size": [
                22.0,
                31.0,
                34.0
              ],
              "uv": [
                0,
                73
              ],
              "inflate": 0
            }
          ],
          "parent": "root",
          "rotation": [
            -2.5,
            0,
            0
          ]
        },
        {
          "name": "neck0",
          "pivot": [
            0,
            58,
            -25
          ],
          "cubes": [
            {
              "origin": [
                -7.0,
                52.0,
                -38.0
              ],
              "size": [
                14.0,
                19.0,
                16.0
              ],
              "uv": [
                214,
                51
              ],
              "inflate": 0
            }
          ],
          "parent": "chest",
          "rotation": [
            -27.5,
            0,
            0
          ]
        },
        {
          "name": "neck1",
          "pivot": [
            0,
            59,
            -37
          ],
          "cubes": [
            {
              "origin": [
                -7.0,
                51.0,
                -56.0
              ],
              "size": [
                14.0,
                19.0,
                20.0
              ],
              "uv": [
                113,
                185
              ],
              "inflate": 0
            }
          ],
          "parent": "neck0"
        },
        {
          "name": "head",
          "pivot": [
            0,
            61,
            -50
          ],
          "cubes": [
            {
              "origin": [
                -6.5,
                60.0,
                -95.0
              ],
              "size": [
                13.0,
                12.0,
                22.0
              ],
              "uv": [
                181,
                185
              ],
              "inflate": 0
            },
            {
              "origin": [
                -8.5,
                60.0,
                -73.0
              ],
              "size": [
                17.0,
                13.0,
                23.0
              ],
              "uv": [
                156,
                15
              ],
              "inflate": 0
            },
            {
              "origin": [
                -6.5,
                54.0,
                -61.0
              ],
              "size": [
                13.0,
                7.0,
                11.0
              ],
              "uv": [
                0,
                179
              ],
              "inflate": 0.01
            },
            {
              "origin": [
                -6.82676,
                70.74455,
                -75.99116
              ],
              "size": [
                2.0,
                6.0,
                3.0
              ],
              "pivot": [
                -3.82676,
                74.74455,
                -81.49116
              ],
              "rotation": [
                -22.5,
                0.0,
                -7.5
              ],
              "uv": [
                130,
                171
              ],
              "inflate": 0
            },
            {
              "origin": [
                4.1048,
                70.78876,
                -75.99116
              ],
              "size": [
                2.0,
                6.0,
                3.0
              ],
              "pivot": [
                4.1048,
                75.78876,
                -81.49116
              ],
              "rotation": [
                -21.55613,
                6.60796,
                7.5
              ],
              "uv": [
                29,
                0
              ],
              "inflate": 0
            },
            {
              "origin": [
                -6.0,
                48.0,
                -74.0
              ],
              "size": [
                2.0,
                7.0,
                4.0
              ],
              "pivot": [
                0.0,
                61.0,
                -50.0
              ],
              "rotation": [
                -50.0,
                0.0,
                0.0
              ],
              "uv": [
                152,
                148
              ],
              "inflate": 0
            },
            {
              "origin": [
                5.0,
                48.0,
                -75.0
              ],
              "size": [
                2.0,
                7.0,
                4.0
              ],
              "pivot": [
                0.0,
                61.0,
                -50.0
              ],
              "rotation": [
                -50.0,
                0.0,
                0.0
              ],
              "uv": [
                140,
                148
              ],
              "inflate": 0
            },
            {
              "origin": [
                -7.0,
                61.0,
                -108.0
              ],
              "size": [
                14.0,
                12.0,
                14.0
              ],
              "uv": [
                58,
                220
              ],
              "inflate": 0
            },
            {
              "origin": [
                -7.0,
                58.0,
                -108.0
              ],
              "size": [
                14.0,
                3.0,
                14.0
              ],
              "uv": [
                156,
                51
              ],
              "inflate": 0
            },
            {
              "origin": [
                -6.0,
                57.0,
                -94.0
              ],
              "size": [
                12.0,
                3.0,
                23.0
              ],
              "uv": [
                213,
                0
              ],
              "inflate": 0
            }
          ],
          "parent": "neck1",
          "rotation": [
            22.5,
            0,
            0
          ]
        },
        {
          "name": "jaw",
          "pivot": [
            0,
            58,
            -67
          ],
          "cubes": [
            {
              "origin": [
                6.0,
                58.0,
                -71.0
              ],
              "size": [
                0.0,
                10.0,
                10.0
              ],
              "uv": [
                140,
                128
              ],
              "inflate": 0
            },
            {
              "origin": [
                -6.0,
                58.0,
                -71.0
              ],
              "size": [
                0.0,
                10.0,
                10.0
              ],
              "uv": [
                0,
                87
              ],
              "inflate": 0
            },
            {
              "origin": [
                -7.5,
                53.0,
                -72.0
              ],
              "size": [
                15.0,
                7.0,
                17.0
              ],
              "uv": [
                164,
                219
              ],
              "inflate": 0
            },
            {
              "origin": [
                -6.5,
                53.0,
                -95.0
              ],
              "size": [
                13.0,
                7.0,
                23.0
              ],
              "uv": [
                0,
                197
              ],
              "inflate": 0
            },
            {
              "origin": [
                -6.5,
                53.0,
                -107.0
              ],
              "size": [
                13.0,
                8.0,
                12.0
              ],
              "uv": [
                0,
                227
              ],
              "inflate": 0
            },
            {
              "origin": [
                -6.0,
                60.0,
                -96.0
              ],
              "size": [
                12.0,
                2.0,
                24.0
              ],
              "uv": [
                201,
                120
              ],
              "inflate": 0
            },
            {
              "origin": [
                -6.0,
                61.0,
                -106.0
              ],
              "size": [
                12.0,
                3.0,
                14.0
              ],
              "uv": [
                229,
                182
              ],
              "inflate": 0
            }
          ],
          "parent": "head"
        },
        {
          "name": "eyelids",
          "pivot": [
            0,
            69,
            -68
          ],
          "parent": "head"
        },
        {
          "name": "shoulder_l",
          "pivot": [
            12,
            56,
            -19.5
          ],
          "cubes": [
            {
              "origin": [
                7.0,
                39.0,
                -24.0
              ],
              "size": [
                10.0,
                19.0,
                9.0
              ],
              "uv": [
                233,
                86
              ],
              "inflate": 0
            }
          ],
          "parent": "chest"
        },
        {
          "name": "elbow_l",
          "pivot": [
            12,
            39,
            -18
          ],
          "cubes": [
            {
              "origin": [
                8.0,
                39.0,
                -37.0
              ],
              "size": [
                8.0,
                5.0,
                19.0
              ],
              "uv": [
                209,
                224
              ],
              "inflate": 0
            }
          ],
          "parent": "shoulder_l"
        },
        {
          "name": "wrist_l",
          "pivot": [
            12,
            44,
            -36
          ],
          "cubes": [
            {
              "origin": [
                6.0,
                35.0,
                -40.0
              ],
              "size": [
                11.0,
                9.0,
                3.0
              ],
              "uv": [
                112,
                110
              ],
              "inflate": 0
            }
          ],
          "parent": "elbow_l"
        },
        {
          "name": "finger0_l",
          "pivot": [
            15.5,
            35,
            -38
          ],
          "cubes": [
            {
              "origin": [
                14.0,
                30.0,
                -40.0
              ],
              "size": [
                3.0,
                5.0,
                3.0
              ],
              "uv": [
                118,
                171
              ],
              "inflate": 0
            },
            {
              "origin": [
                15.5,
                26.0,
                -40.0
              ],
              "size": [
                0.0,
                6.0,
                3.0
              ],
              "uv": [
                134,
                88
              ],
              "inflate": 0
            }
          ],
          "parent": "wrist_l"
        },
        {
          "name": "finger1_l",
          "pivot": [
            11.5,
            35,
            -38
          ],
          "cubes": [
            {
              "origin": [
                10.0,
                28.0,
                -40.0
              ],
              "size": [
                3.0,
                7.0,
                3.0
              ],
              "uv": [
                94,
                171
              ],
              "inflate": 0
            },
            {
              "origin": [
                11.5,
                24.0,
                -40.0
              ],
              "size": [
                0.0,
                6.0,
                3.0
              ],
              "uv": [
                128,
                88
              ],
              "inflate": 0
            }
          ],
          "parent": "wrist_l"
        },
        {
          "name": "finger2_l",
          "pivot": [
            7.5,
            35,
            -37
          ],
          "cubes": [
            {
              "origin": [
                6.0,
                30.0,
                -40.0
              ],
              "size": [
                3.0,
                5.0,
                3.0
              ],
              "uv": [
                106,
                171
              ],
              "inflate": 0
            },
            {
              "origin": [
                7.5,
                26.0,
                -40.0
              ],
              "size": [
                0.0,
                6.0,
                3.0
              ],
              "uv": [
                106,
                95
              ],
              "inflate": 0
            }
          ],
          "parent": "wrist_l"
        },
        {
          "name": "shoulder_r",
          "pivot": [
            -12,
            55,
            -19.5
          ],
          "cubes": [
            {
              "origin": [
                -17.0,
                37.0,
                -24.0
              ],
              "size": [
                10.0,
                20.0,
                9.0
              ],
              "uv": [
                135,
                0
              ],
              "inflate": 0
            }
          ],
          "parent": "chest"
        },
        {
          "name": "elbow_r",
          "pivot": [
            -12,
            38,
            -18
          ],
          "cubes": [
            {
              "origin": [
                -16.0,
                37.0,
                -37.0
              ],
              "size": [
                8.0,
                6.0,
                19.0
              ],
              "uv": [
                114,
                224
              ],
              "inflate": 0
            }
          ],
          "parent": "shoulder_r"
        },
        {
          "name": "wrist_r",
          "pivot": [
            -12,
            43,
            -36
          ],
          "cubes": [
            {
              "origin": [
                -17.0,
                34.0,
                -40.0
              ],
              "size": [
                11.0,
                9.0,
                3.0
              ],
              "uv": [
                112,
                98
              ],
              "inflate": 0
            }
          ],
          "parent": "elbow_r"
        },
        {
          "name": "finger0_r",
          "pivot": [
            -15.5,
            34,
            -38
          ],
          "cubes": [
            {
              "origin": [
                -17.0,
                29.0,
                -40.0
              ],
              "size": [
                3.0,
                5.0,
                3.0
              ],
              "uv": [
                166,
                29
              ],
              "inflate": 0
            },
            {
              "origin": [
                -15.5,
                25.0,
                -40.0
              ],
              "size": [
                0.0,
                6.0,
                3.0
              ],
              "uv": [
                23,
                70
              ],
              "inflate": 0
            }
          ],
          "parent": "wrist_r"
        },
        {
          "name": "finger1_r",
          "pivot": [
            -11.5,
            34,
            -38
          ],
          "cubes": [
            {
              "origin": [
                -13.0,
                27.0,
                -40.0
              ],
              "size": [
                3.0,
                7.0,
                3.0
              ],
              "uv": [
                156,
                51
              ],
              "inflate": 0
            },
            {
              "origin": [
                -11.5,
                23.0,
                -40.0
              ],
              "size": [
                0.0,
                6.0,
                3.0
              ],
              "uv": [
                0,
                70
              ],
              "inflate": 0
            }
          ],
          "parent": "wrist_r"
        },
        {
          "name": "finger2_r",
          "pivot": [
            -7.5,
            34,
            -37
          ],
          "cubes": [
            {
              "origin": [
                -9.0,
                29.0,
                -40.0
              ],
              "size": [
                3.0,
                5.0,
                3.0
              ],
              "uv": [
                164,
                0
              ],
              "inflate": 0
            },
            {
              "origin": [
                -7.5,
                25.0,
                -40.0
              ],
              "size": [
                0.0,
                6.0,
                3.0
              ],
              "uv": [
                0,
                0
              ],
              "inflate": 0
            }
          ],
          "parent": "wrist_r"
        },
        {
          "name": "spine",
          "pivot": [
            0,
            73.5,
            5
          ],
          "cubes": [
            {
              "origin": [
                0.0,
                67.0,
                -30.0
              ],
              "size": [
                0.0,
                41.0,
                35.0
              ],
              "uv": [
                0,
                103
              ],
              "inflate": 0
            },
            {
              "origin": [
                0.0,
                74.0,
                5.0
              ],
              "size": [
                0.0,
                33.0,
                35.0
              ],
              "uv": [
                70,
                103
              ],
              "inflate": 0
            }
          ],
          "parent": "root"
        },
        {
          "name": "tail0",
          "pivot": [
            0,
            58,
            37
          ],
          "cubes": [
            {
              "origin": [
                -9.0,
                52.0,
                36.0
              ],
              "size": [
                18.0,
                22.0,
                25.0
              ],
              "uv": [
                140,
                138
              ],
              "inflate": 0
            },
            {
              "origin": [
                -0.01,
                74.0,
                36.0
              ],
              "size": [
                0.0,
                7.0,
                25.0
              ],
              "uv": [
                78,
                66
              ],
              "inflate": 0
            }
          ],
          "parent": "root",
          "rotation": [
            7.5,
            0,
            0
          ]
        },
        {
          "name": "tail1",
          "pivot": [
            0,
            57,
            61
          ],
          "cubes": [
            {
              "origin": [
                -7.0,
                55.0,
                60.0
              ],
              "size": [
                14.0,
                18.0,
                34.0
              ],
              "uv": [
                94,
                39
              ],
              "inflate": 0
            }
          ],
          "parent": "tail0"
        },
        {
          "name": "tail2",
          "pivot": [
            0,
            57,
            90
          ],
          "cubes": [
            {
              "origin": [
                -5.0,
                58.0,
                89.0
              ],
              "size": [
                10.0,
                13.0,
                34.0
              ],
              "uv": [
                112,
                91
              ],
              "inflate": 0
            }
          ],
          "parent": "tail1",
          "rotation": [
            -10,
            0,
            0
          ]
        },
        {
          "name": "tail3",
          "pivot": [
            0,
            57,
            116
          ],
          "cubes": [
            {
              "origin": [
                -4.0,
                62.0,
                116.0
              ],
              "size": [
                8.0,
                7.0,
                31.0
              ],
              "uv": [
                88,
                0
              ],
              "inflate": 0
            }
          ],
          "parent": "tail2",
          "rotation": [
            -20,
            0,
            0
          ]
        },
        {
          "name": "rump_l",
          "pivot": [
            13,
            57,
            19
          ],
          "cubes": [
            {
              "origin": [
                7.0,
                39.0,
                10.0
              ],
              "size": [
                12.0,
                30.0,
                19.0
              ],
              "uv": [
                51,
                171
              ],
              "inflate": 0
            }
          ],
          "parent": "root",
          "rotation": [
            -7.5,
            0,
            0
          ]
        },
        {
          "name": "hip_l",
          "pivot": [
            13,
            42,
            10
          ],
          "cubes": [
            {
              "origin": [
                8.0,
                15.0,
                10.5
              ],
              "size": [
                10.0,
                27.0,
                9.0
              ],
              "uv": [
                226,
                146
              ],
              "inflate": 0
            }
          ],
          "parent": "rump_l"
        },
        {
          "name": "knee_l",
          "pivot": [
            13,
            20,
            11
          ],
          "cubes": [
            {
              "origin": [
                9.0,
                2.0,
                10.8
              ],
              "size": [
                8.0,
                15.0,
                7.0
              ],
              "uv": [
                88,
                0
              ],
              "inflate": 0
            }
          ],
          "parent": "hip_l"
        },
        {
          "name": "ankle_l",
          "pivot": [
            13,
            4,
            15
          ],
          "cubes": [
            {
              "origin": [
                7.0,
                0.0,
                6.0
              ],
              "size": [
                12.0,
                5.0,
                12.0
              ],
              "uv": [
                239,
                207
              ],
              "inflate": 0
            }
          ],
          "parent": "knee_l"
        },
        {
          "name": "toe0",
          "pivot": [
            8.5,
            2,
            6
          ],
          "cubes": [
            {
              "origin": [
                7.0,
                0.0,
                2.0
              ],
              "size": [
                3.0,
                4.0,
                4.0
              ],
              "uv": [
                92,
                98
              ],
              "inflate": 0
            },
            {
              "origin": [
                8.5,
                1.0,
                -2.0
              ],
              "size": [
                0.0,
                3.0,
                6.0
              ],
              "uv": [
                102,
                22
              ],
              "inflate": 0
            }
          ],
          "parent": "ankle_l"
        },
        {
          "name": "toe1",
          "pivot": [
            13,
            2,
            6
          ],
          "cubes": [
            {
              "origin": [
                11.5,
                0.0,
                1.0
              ],
              "size": [
                3.0,
                4.0,
                5.0
              ],
              "uv": [
                78,
                82
              ],
              "inflate": 0
            },
            {
              "origin": [
                13.0,
                1.0,
                -3.0
              ],
              "size": [
                0.0,
                3.0,
                7.0
              ],
              "uv": [
                14,
                29
              ],
              "inflate": 0
            }
          ],
          "parent": "ankle_l"
        },
        {
          "name": "toe2",
          "pivot": [
            17.5,
            2,
            6
          ],
          "cubes": [
            {
              "origin": [
                16.0,
                0.0,
                2.0
              ],
              "size": [
                3.0,
                4.0,
                4.0
              ],
              "uv": [
                78,
                98
              ],
              "inflate": 0
            },
            {
              "origin": [
                17.5,
                1.0,
                -2.0
              ],
              "size": [
                0.0,
                3.0,
                6.0
              ],
              "uv": [
                102,
                19
              ],
              "inflate": 0
            }
          ],
          "parent": "ankle_l"
        },
        {
          "name": "rump_r",
          "pivot": [
            -13,
            57,
            19
          ],
          "cubes": [
            {
              "origin": [
                -19.0,
                40.0,
                10.0
              ],
              "size": [
                12.0,
                29.0,
                19.0
              ],
              "uv": [
                171,
                72
              ],
              "inflate": 0
            }
          ],
          "parent": "root",
          "rotation": [
            -7.5,
            0,
            0
          ]
        },
        {
          "name": "hip_r",
          "pivot": [
            -13,
            42,
            10
          ],
          "cubes": [
            {
              "origin": [
                -18.0,
                15.0,
                10.5
              ],
              "size": [
                10.0,
                27.0,
                9.0
              ],
              "uv": [
                0,
                0
              ],
              "inflate": 0
            }
          ],
          "parent": "rump_r"
        },
        {
          "name": "knee_r",
          "pivot": [
            -13,
            20,
            11
          ],
          "cubes": [
            {
              "origin": [
                -17.0,
                2.0,
                10.8
              ],
              "size": [
                8.0,
                17.0,
                7.0
              ],
              "uv": [
                0,
                73
              ],
              "inflate": 0
            }
          ],
          "parent": "hip_r"
        },
        {
          "name": "ankle_r",
          "pivot": [
            -13,
            4,
            15
          ],
          "cubes": [
            {
              "origin": [
                -19.0,
                0.0,
                6.0
              ],
              "size": [
                12.0,
                5.0,
                12.0
              ],
              "uv": [
                236,
                26
              ],
              "inflate": 0
            }
          ],
          "parent": "knee_r"
        },
        {
          "name": "toe3",
          "pivot": [
            -8.5,
            2,
            6
          ],
          "cubes": [
            {
              "origin": [
                -10.0,
                0.0,
                2.0
              ],
              "size": [
                3.0,
                4.0,
                4.0
              ],
              "uv": [
                20,
                97
              ],
              "inflate": 0
            },
            {
              "origin": [
                -8.5,
                1.0,
                -2.0
              ],
              "size": [
                0.0,
                3.0,
                6.0
              ],
              "uv": [
                98,
                16
              ],
              "inflate": 0
            }
          ],
          "parent": "ankle_r"
        },
        {
          "name": "toe4",
          "pivot": [
            -13,
            2,
            6
          ],
          "cubes": [
            {
              "origin": [
                -14.5,
                0.0,
                1.0
              ],
              "size": [
                3.0,
                4.0,
                5.0
              ],
              "uv": [
                78,
                73
              ],
              "inflate": 0
            },
            {
              "origin": [
                -13.0,
                1.0,
                -3.0
              ],
              "size": [
                0.0,
                3.0,
                7.0
              ],
              "uv": [
                0,
                29
              ],
              "inflate": 0
            }
          ],
          "parent": "ankle_r"
        },
        {
          "name": "toe5",
          "pivot": [
            -17.5,
            2,
            6
          ],
          "cubes": [
            {
              "origin": [
                -19.0,
                0.0,
                2.0
              ],
              "size": [
                3.0,
                4.0,
                4.0
              ],
              "uv": [
                88,
                22
              ],
              "inflate": 0
            },
            {
              "origin": [
                -17.5,
                1.0,
                -2.0
              ],
              "size": [
                0.0,
                3.0,
                6.0
              ],
              "uv": [
                28,
                30
              ],
              "inflate": 0
            }
          ],
          "parent": "ankle_r"
        }
      ]
    }
  ]
}