{
  "format_version": "1.12.0",
  "minecraft:geometry": [
    {
      "description": {
        "identifier": "geometry.md_junior",
        "texture_width": 128,
        "texture_height": 128,
        "visible_bounds_width": 7,
        "visible_bounds_height": 3,
        "visible_bounds_offset": [
          0,
          1.5,
          0
        ]
      },
      "bones": [
        {
          "name": "root",
          "pivot": [
            0,
            18,
            5.5
          ],
          "cubes": [
            {
              "origin": [
                -3.5,
                14.5,
                -0.5
              ],
              "size": [
                7.0,
                8.0,
                10.0
              ],
              "uv": [
                24,
                0
              ],
              "inflate": 0
            }
          ],
          "locators": {},
          "rotation": [
            5,
            0,
            0
          ]
        },
        {
          "name": "spine0",
          "pivot": [
            0,
            18,
            1.5
          ],
          "cubes": [
            {
              "origin": [
                -3.0,
                15.0,
                -10.5
              ],
              "size": [
                6.0,
                7.5,
                12.0
              ],
              "uv": [
                0,
                21
              ],
              "inflate": 0
            }
          ],
          "parent": "root"
        },
        {
          "name": "chest",
          "pivot": [
            0,
            18,
            -8.5
          ],
          "parent": "spine0"
        },
        {
          "name": "neck0",
          "pivot": [
            0,
            19.5,
            -8
          ],
          "cubes": [
            {
              "origin": [
                -2.0,
                17.0,
                -12.0
              ],
              "size": [
                4.0,
                5.0,
                5.0
              ],
              "uv": [
                50,
                49
              ],
              "inflate": -0.009
            }
          ],
          "parent": "chest"
        },
        {
          "name": "neck1",
          "pivot": [
            0,
            19.5,
            -11
          ],
          "cubes": [
            {
              "origin": [
                -2.0,
                17.0,
                -15.0
              ],
              "size": [
                4.0,
                5.0,
                4.0
              ],
              "uv": [
                14,
                57
              ],
              "inflate": -0.01
            }
          ],
          "parent": "neck0"
        },
        {
          "name": "head",
          "pivot": [
            -1,
            20.5,
            -15
          ],
          "cubes": [
            {
              "origin": [
                -2.5,
                17.5,
                -19.5
              ],
              "size": [
                5.0,
                7.0,
                7.0
              ],
              "uv": [
                26,
                45
              ],
              "inflate": 0
            },
            {
              "origin": [
                -1.8,
                19.5,
                -25.5
              ],
              "size": [
                3.5,
                4.5,
                6.0
              ],
              "uv": [
                50,
                39
              ],
              "inflate": 0
            },
            {
              "origin": [
                -1.5,
                18.5,
                -25.5
              ],
              "size": [
                3.0,
                1.0,
                8.0
              ],
              "uv": [
                48,
                0
              ],
              "inflate": -0.015
            },
            {
              "origin": [
                -2.5,
                24.5,
                -19.5
              ],
              "size": [
                1.0,
                1.0,
                3.0
              ],
              "uv": [
                12,
                53
              ],
              "inflate": 0
            },
            {
              "origin": [
                1.5,
                24.5,
                -19.5
              ],
              "size": [
                1.0,
                1.0,
                3.0
              ],
              "uv": [
                38,
                24
              ],
              "inflate": 0
            }
          ],
          "parent": "neck1"
        },
        {
          "name": "jaw",
          "pivot": [
            -1,
            19.5,
            -17.5
          ],
          "cubes": [
            {
              "origin": [
                -1.5,
                17.5,
                -25.5
              ],
              "size": [
                3.0,
                2.0,
                6.0
              ],
              "uv": [
                0,
                53
              ],
              "inflate": -0.01
            },
            {
              "origin": [
                -1.5,
                19.5,
                -25.5
              ],
              "size": [
                3.0,
                1.0,
                8.0
              ],
              "uv": [
                24,
                21
              ],
              "inflate": -0.02
            },
            {
              "origin": [
                -1.4,
                19.0,
                -23.0
              ],
              "size": [
                0.0,
                2.0,
                3.0
              ],
              "uv": [
                6,
                12
              ],
              "inflate": -0.01
            },
            {
              "origin": [
                1.4,
                19.0,
                -23.0
              ],
              "size": [
                0.0,
                2.0,
                3.0
              ],
              "uv": [
                12,
                0
              ],
              "inflate": -0.01
            }
          ],
          "parent": "head"
        },
        {
          "name": "eyelids",
          "pivot": [
            0,
            22,
            -19
          ],
          "cubes": [
            {
              "origin": [
                2.51,
                21.5,
                -20.0
              ],
              "size": [
                0.0,
                3.0,
                3.0
              ],
              "uv": [
                0,
                12
              ],
              "inflate": 0
            },
            {
              "origin": [
                -2.51,
                21.5,
                -20.0
              ],
              "size": [
                0.0,
                3.0,
                3.0
              ],
              "uv": [
                0,
                0
              ],
              "inflate": 0
            }
          ],
          "parent": "head"
        },
        {
          "name": "shoulder_r",
          "pivot": [
            -3,
            17,
            -8.5
          ],
          "cubes": [
            {
              "origin": [
                -4.0,
                13.0,
                -9.5
              ],
              "size": [
                1.0,
                5.0,
                2.0
              ],
              "uv": [
                48,
                0
              ],
              "inflate": 0
            }
          ],
          "parent": "chest",
          "rotation": [
            27.5,
            0,
            0
          ]
        },
        {
          "name": "elbow_r",
          "pivot": [
            -3.5,
            13.5,
            -8
          ],
          "cubes": [
            {
              "origin": [
                -4.0,
                13.0,
                -13.0
              ],
              "size": [
                1.0,
                1.0,
                5.0
              ],
              "uv": [
                46,
                32
              ],
              "inflate": -0.01
            },
            {
              "origin": [
                -4.0,
                14.0,
                -14.0
              ],
              "size": [
                1.0,
                1.0,
                2.0
              ],
              "pivot": [
                -3.5,
                13.5,
                -8.0
              ],
              "rotation": [
                12.5,
                0.0,
                0.0
              ],
              "uv": [
                12,
                0
              ],
              "inflate": 0
            }
          ],
          "parent": "shoulder_r",
          "rotation": [
            30,
            0,
            0
          ]
        },
        {
          "name": "wrist_r",
          "pivot": [
            -3.5,
            13.5,
            -13
          ],
          "parent": "elbow_r"
        },
        {
          "name": "finger0_r",
          "pivot": [
            -2.5,
            11,
            -13
          ],
          "parent": "wrist_r"
        },
        {
          "name": "finger1_r",
          "pivot": [
            -3.5,
            11,
            -13
          ],
          "parent": "wrist_r"
        },
        {
          "name": "finger2_r",
          "pivot": [
            -4.5,
            11,
            -13
          ],
          "parent": "wrist_r"
        },
        {
          "name": "shoulder_l",
          "pivot": [
            3,
            17,
            -8.5
          ],
          "cubes": [
            {
              "origin": [
                3.0,
                13.0,
                -9.5
              ],
              "size": [
                1.0,
                5.0,
                2.0
              ],
              "uv": [
                24,
                21
              ],
              "inflate": 0
            }
          ],
          "parent": "chest",
          "rotation": [
            22.5,
            0,
            0
          ]
        },
        {
          "name": "elbow_l",
          "pivot": [
            3.5,
            13.5,
            -8
          ],
          "cubes": [
            {
              "origin": [
                3.0,
                13.0,
                -13.0
              ],
              "size": [
                1.0,
                1.0,
                5.0
              ],
              "uv": [
                43,
                45
              ],
              "inflate": -0.01
            },
            {
              "origin": [
                3.0,
                13.5,
                -14.0
              ],
              "size": [
                1.0,
                1.0,
                2.0
              ],
              "pivot": [
                3.5,
                13.5,
                -8.0
              ],
              "rotation": [
                7.5,
                0.0,
                0.0
              ],
              "uv": [
                0,
                0
              ],
              "inflate": 0
            }
          ],
          "parent": "shoulder_l",
          "rotation": [
            27.5,
            0,
            0
          ]
        },
        {
          "name": "wrist_l",
          "pivot": [
            3.5,
            13.5,
            -13
          ],
          "parent": "elbow_l"
        },
        {
          "name": "finger0_l",
          "pivot": [
            2.5,
            11,
            -13
          ],
          "parent": "wrist_l"
        },
        {
          "name": "finger1_l",
          "pivot": [
            3.5,
            11,
            -13
          ],
          "parent": "wrist_l"
        },
        {
          "name": "finger2_l",
          "pivot": [
            4.5,
            11,
            -13
          ],
          "parent": "wrist_l"
        },
        {
          "name": "tail_0",
          "pivot": [
            0,
            18,
            8.5
          ],
          "cubes": [
            {
              "origin": [
                -2.5,
                16.0,
                6.5
              ],
              "size": [
                5.0,
                5.0,
                10.0
              ],
              "uv": [
                26,
                30
              ],
              "inflate": 0
            }
          ],
          "parent": "root",
          "rotation": [
            -7.5,
            0,
            0
          ]
        },
        {
          "name": "tail_1",
          "pivot": [
            0,
            18,
            16.5
          ],
          "cubes": [
            {
              "origin": [
                -1.5,
                17.0,
                15.5
              ],
              "size": [
                3.0,
                3.0,
                18.0
              ],
              "uv": [
                0,
                0
              ],
              "inflate": 0
            }
          ],
          "parent": "tail_0"
        },
        {
          "name": "tail_2",
          "pivot": [
            0,
            18,
            33.5
          ],
          "cubes": [
            {
              "origin": [
                -1.0,
                17.5,
                32.5
              ],
              "size": [
                2.0,
                2.0,
                11.0
              ],
              "uv": [
                0,
                40
              ],
              "inflate": 0
            }
          ],
          "parent": "tail_1",
          "rotation": [
            -15,
            0,
            0
          ]
        },
        {
          "name": "rump_r",
          "pivot": [
            -3.5,
            19,
            4.5
          ],
          "cubes": [
            {
              "origin": [
                -5.5,
                13.5,
                2.0
              ],
              "size": [
                3.0,
                8.0,
                6.0
              ],
              "uv": [
                46,
                18
              ],
              "inflate": 0.001
            }
          ],
          "parent": "root"
        },
        {
          "name": "hip_r",
          "pivot": [
            -4.5,
            14,
            2.5
          ],
          "cubes": [
            {
              "origin": [
                -5.5,
                7.0,
                2.0
              ],
              "size": [
                3.0,
                7.0,
                3.0
              ],
              "uv": [
                58,
                9
              ],
              "inflate": 0
            }
          ],
          "parent": "rump_r"
        },
        {
          "name": "knee_r",
          "pivot": [
            -4.5,
            7.25,
            4.25
          ],
          "cubes": [
            {
              "origin": [
                -5.5,
                0.5,
                2.5
              ],
              "size": [
                2.0,
                7.0,
                2.0
              ],
              "uv": [
                0,
                40
              ],
              "inflate": -0.001
            }
          ],
          "parent": "hip_r",
          "rotation": [
            -5,
            0,
            0
          ]
        },
        {
          "name": "foot_r",
          "pivot": [
            -4.5,
            0.25,
            3.5
          ],
          "parent": "knee_r"
        },
        {
          "name": "toe0_r",
          "pivot": [
            -3.5,
            1,
            3.5
          ],
          "cubes": [
            {
              "origin": [
                -4.0,
                -1.0,
                -0.5
              ],
              "size": [
                1.0,
                1.0,
                5.0
              ],
              "pivot": [
                0.0,
                0.0,
                1.0
              ],
              "rotation": [
                27.5,
                0.0,
                0.0
              ],
              "uv": [
                15,
                40
              ],
              "inflate": 0
            }
          ],
          "parent": "foot_r"
        },
        {
          "name": "toe1_r",
          "pivot": [
            -4.5,
            1,
            3.5
          ],
          "cubes": [
            {
              "origin": [
                -5.0,
                0.0,
                0.5
              ],
              "size": [
                1.0,
                1.0,
                4.0
              ],
              "uv": [
                58,
                19
              ],
              "inflate": 0
            },
            {
              "origin": [
                -5.0,
                0.0,
                -0.5
              ],
              "size": [
                1.0,
                1.0,
                1.0
              ],
              "uv": [
                24,
                30
              ],
              "inflate": 0
            }
          ],
          "parent": "foot_r"
        },
        {
          "name": "toe2_r",
          "pivot": [
            -5.5,
            1,
            3.5
          ],
          "cubes": [
            {
              "origin": [
                -6.0,
                0.0,
                0.5
              ],
              "size": [
                1.0,
                1.0,
                4.0
              ],
              "uv": [
                53,
                32
              ],
              "inflate": 0
            },
            {
              "origin": [
                -6.0,
                0.0,
                -0.5
              ],
              "size": [
                1.0,
                1.0,
                1.0
              ],
              "uv": [
                30,
                0
              ],
              "inflate": 0
            }
          ],
          "parent": "foot_r"
        },
        {
          "name": "rump_l",
          "pivot": [
            3.5,
            18,
            4.5
          ],
          "cubes": [
            {
              "origin": [
                2.5,
                12.5,
                2.0
              ],
              "size": [
                3.0,
                9.0,
                6.0
              ],
              "uv": [
                0,
                0
              ],
              "inflate": 0.001
            }
          ],
          "parent": "root"
        },
        {
          "name": "hip_l",
          "pivot": [
            4.5,
            13,
            2.5
          ],
          "cubes": [
            {
              "origin": [
                2.5,
                6.0,
                2.0
              ],
              "size": [
                3.0,
                7.0,
                3.0
              ],
              "uv": [
                0,
                21
              ],
              "inflate": 0
            }
          ],
          "parent": "rump_l"
        },
        {
          "name": "knee_l",
          "pivot": [
            4.5,
            7.25,
            4.25
          ],
          "cubes": [
            {
              "origin": [
                3.5,
                0.5,
                2.5
              ],
              "size": [
                2.0,
                7.0,
                2.0
              ],
              "uv": [
                24,
                0
              ],
              "inflate": -0.001
            }
          ],
          "parent": "hip_l",
          "rotation": [
            -7.5,
            0,
            0
          ]
        },
        {
          "name": "foot_l",
          "pivot": [
            4.5,
            0.25,
            3.5
          ],
          "parent": "knee_l"
        },
        {
          "name": "toe0_l",
          "pivot": [
            3.5,
            1,
            3.5
          ],
          "cubes": [
            {
              "origin": [
                3.0,
                -1.0,
                -0.5
              ],
              "size": [
                1.0,
                1.0,
                5.0
              ],
              "pivot": [
                0.0,
                0.0,
                1.0
              ],
              "rotation": [
                22.5,
                0.0,
                0.0
              ],
              "uv": [
                38,
                18
              ],
              "inflate": 0
            }
          ],
          "parent": "foot_l"
        },
        {
          "name": "toe1_l",
          "pivot": [
            4.5,
            1,
            3.5
          ],
          "cubes": [
            {
              "origin": [
                4.0,
                0.0,
                -0.5
              ],
              "size": [
                1.0,
                1.0,
                1.0
              ],
              "uv": [
                28,
                21
              ],
              "inflate": 0
            },
            {
              "origin": [
                4.0,
                0.0,
                0.5
              ],
              "size": [
                1.0,
                1.0,
                4.0
              ],
              "uv": [
                15,
                46
              ],
              "inflate": 0
            }
          ],
          "parent": "foot_l"
        },
        {
          "name": "toe2_l",
          "pivot": [
            5.5,
            1,
            3.5
          ],
          "cubes": [
            {
              "origin": [
                5.0,
                0.0,
                0.5
              ],
              "size": [
                1.0,
                1.0,
                4.0
              ],
              "uv": [
                23,
                45
              ],
              "inflate": 0
            },
            {
              "origin": [
                5.0,
                0.0,
                -0.5
              ],
              "size": [
                1.0,
                1.0,
                1.0
              ],
              "uv": [
                12,
                15
              ],
              "inflate": 0
            }
          ],
          "parent": "foot_l"
        }
      ]
    }
  ]
}