{
  "format_version": "1.12.0",
  "minecraft:geometry": [
    {
      "description": {
        "identifier": "geometry.md_jptrike",
        "texture_width": 512,
        "texture_height": 512,
        "visible_bounds_width": 19,
        "visible_bounds_height": 9.5,
        "visible_bounds_offset": [
          0,
          1.25,
          0
        ]
      },
      "bones": [
        {
          "name": "root",
          "pivot": [
            0,
            36,
            24
          ],
          "cubes": [
            {
              "origin": [
                -14.0,
                22.0,
                18.0
              ],
              "size": [
                28.0,
                29.0,
                24.0
              ],
              "uv": [
                0,
                83
              ],
              "inflate": 0
            },
            {
              "origin": [
                -16.0,
                17.0,
                -12.0
              ],
              "size": [
                32.0,
                38.0,
                45.0
              ],
              "uv": [
                0,
                0
              ],
              "inflate": 0
            }
          ]
        },
        {
          "name": "spine0",
          "pivot": [
            0,
            36,
            -9
          ],
          "cubes": [
            {
              "origin": [
                -14.0,
                18.0,
                -23.0
              ],
              "size": [
                28.0,
                35.0,
                16.0
              ],
              "uv": [
                154,
                0
              ],
              "inflate": 0
            }
          ],
          "parent": "root"
        },
        {
          "name": "chest",
          "pivot": [
            0,
            36,
            -15
          ],
          "parent": "spine0"
        },
        {
          "name": "neck0",
          "pivot": [
            0,
            36,
            -21.5
          ],
          "cubes": [
            {
              "origin": [
                -11.0,
                25.0,
                -37.0
              ],
              "size": [
                22.0,
                22.0,
                16.0
              ],
              "uv": [
                0,
                183
              ],
              "inflate": 0
            }
          ],
          "parent": "chest"
        },
        {
          "name": "head0",
          "pivot": [
            0,
            33,
            -24
          ],
          "cubes": [
            {
              "origin": [
                -9.0,
                30.0,
                -61.0
              ],
              "size": [
                18.0,
                14.0,
                14.0
              ],
              "uv": [
                140,
                105
              ],
              "inflate": 0
            },
            {
              "origin": [
                -8.0,
                25.0,
                -61.0
              ],
              "size": [
                16.0,
                5.0,
                0.0
              ],
              "uv": [
                61,
                154
              ],
              "inflate": 0
            },
            {
              "origin": [
                -12.0,
                24.0,
                -51.0
              ],
              "size": [
                24.0,
                24.0,
                20.0
              ],
              "uv": [
                153,
                134
              ],
              "inflate": 0
            }
          ],
          "parent": "neck0"
        },
        {
          "name": "horn0",
          "pivot": [
            -1,
            37,
            -55
          ],
          "cubes": [
            {
              "origin": [
                -3.0,
                43.0,
                -58.0
              ],
              "size": [
                6.0,
                10.0,
                6.0
              ],
              "uv": [
                0,
                83
              ],
              "inflate": 0
            }
          ],
          "parent": "head0"
        },
        {
          "name": "horn1",
          "pivot": [
            0,
            42,
            -41
          ],
          "cubes": [
            {
              "origin": [
                5.0,
                47.0,
                -44.5
              ],
              "size": [
                6.0,
                24.0,
                6.0
              ],
              "uv": [
                161,
                178
              ],
              "inflate": 0
            },
            {
              "origin": [
                -11.0,
                47.0,
                -44.5
              ],
              "size": [
                6.0,
                24.0,
                6.0
              ],
              "uv": [
                0,
                136
              ],
              "inflate": 0
            }
          ],
          "parent": "head0"
        },
        {
          "name": "frill0",
          "pivot": [
            -1,
            44,
            -35
          ],
          "cubes": [
            {
              "origin": [
                -16.0,
                35.0,
                -35.0
              ],
              "size": [
                32.0,
                45.0,
                1.0
              ],
              "uv": [
                192,
                178
              ],
              "inflate": 0
            }
          ],
          "parent": "head0",
          "rotation": [
            -7.5,
            0,
            0
          ]
        },
        {
          "name": "frill1",
          "pivot": [
            -16,
            50,
            -34
          ],
          "cubes": [
            {
              "origin": [
                -33.0,
                36.0,
                -34.0
              ],
              "size": [
                17.0,
                43.0,
                0.0
              ],
              "uv": [
                0,
                0
              ],
              "inflate": 0
            },
            {
              "origin": [
                -25.0,
                36.0,
                -35.0
              ],
              "size": [
                9.0,
                36.0,
                1.0
              ],
              "uv": [
                76,
                251
              ],
              "inflate": 0
            }
          ],
          "parent": "frill0"
        },
        {
          "name": "frill2",
          "pivot": [
            16,
            50,
            -34
          ],
          "cubes": [
            {
              "origin": [
                16.0,
                36.0,
                -34.0
              ],
              "size": [
                17.0,
                42.0,
                0.0
              ],
              "uv": [
                109,
                0
              ],
              "inflate": 0
            },
            {
              "origin": [
                16.0,
                36.0,
                -35.0
              ],
              "size": [
                9.0,
                36.0,
                1.0
              ],
              "uv": [
                56,
                251
              ],
              "inflate": 0
            }
          ],
          "parent": "frill0"
        },
        {
          "name": "jaw",
          "pivot": [
            -1,
            30,
            -47
          ],
          "cubes": [
            {
              "origin": [
                -8.0,
                24.0,
                -60.0
              ],
              "size": [
                16.0,
                6.0,
                13.0
              ],
              "uv": [
                80,
                83
              ],
              "inflate": 0
            }
          ],
          "parent": "head0"
        },
        {
          "name": "eyelids",
          "pivot": [
            0,
            44,
            -42
          ],
          "cubes": [
            {
              "origin": [
                12.25,
                38.0,
                -51.0
              ],
              "size": [
                0.0,
                6.0,
                8.0
              ],
              "uv": [
                143,
                0
              ],
              "inflate": 0
            },
            {
              "origin": [
                -12.25,
                38.0,
                -47.0
              ],
              "size": [
                0.0,
                6.0,
                8.0
              ],
              "uv": [
                0,
                91
              ],
              "inflate": 0
            }
          ],
          "parent": "head0"
        },
        {
          "name": "shoulder_r",
          "pivot": [
            -14,
            31,
            -15
          ],
          "cubes": [
            {
              "origin": [
                -21.0,
                22.0,
                -22.0
              ],
              "size": [
                13.0,
                23.0,
                15.0
              ],
              "uv": [
                221,
                105
              ],
              "inflate": 0
            }
          ],
          "parent": "chest"
        },
        {
          "name": "elbow_r",
          "pivot": [
            -14,
            17,
            -12
          ],
          "cubes": [
            {
              "origin": [
                -19.0,
                1.0,
                -21.0
              ],
              "size": [
                9.0,
                24.0,
                10.0
              ],
              "uv": [
                213,
                224
              ],
              "inflate": 0
            }
          ],
          "parent": "shoulder_r"
        },
        {
          "name": "wrist_r",
          "pivot": [
            -14,
            4,
            -13
          ],
          "cubes": [
            {
              "origin": [
                -20.0,
                0.0,
                -22.0
              ],
              "size": [
                11.0,
                6.0,
                13.0
              ],
              "uv": [
                242,
                0
              ],
              "inflate": 0
            }
          ],
          "parent": "elbow_r"
        },
        {
          "name": "shoulder_l",
          "pivot": [
            13,
            31,
            -15
          ],
          "cubes": [
            {
              "origin": [
                7.0,
                22.0,
                -22.0
              ],
              "size": [
                13.0,
                23.0,
                15.0
              ],
              "uv": [
                0,
                221
              ],
              "inflate": 0
            }
          ],
          "parent": "chest"
        },
        {
          "name": "elbow_l",
          "pivot": [
            13,
            17,
            -12
          ],
          "cubes": [
            {
              "origin": [
                9.0,
                1.0,
                -21.0
              ],
              "size": [
                9.0,
                24.0,
                10.0
              ],
              "uv": [
                175,
                224
              ],
              "inflate": 0
            }
          ],
          "parent": "shoulder_l"
        },
        {
          "name": "wrist_l",
          "pivot": [
            13,
            4,
            -13
          ],
          "cubes": [
            {
              "origin": [
                8.0,
                0.0,
                -22.0
              ],
              "size": [
                11.0,
                6.0,
                13.0
              ],
              "uv": [
                241,
                143
              ],
              "inflate": 0
            }
          ],
          "parent": "elbow_l"
        },
        {
          "name": "tail0",
          "pivot": [
            0,
            33,
            34
          ],
          "cubes": [
            {
              "origin": [
                -11.0,
                26.0,
                29.0
              ],
              "size": [
                22.0,
                22.0,
                28.0
              ],
              "uv": [
                140,
                55
              ],
              "inflate": 0
            }
          ],
          "parent": "root"
        },
        {
          "name": "tail1",
          "pivot": [
            0,
            33,
            46
          ],
          "cubes": [
            {
              "origin": [
                -9.0,
                28.0,
                40.0
              ],
              "size": [
                18.0,
                18.0,
                33.0
              ],
              "uv": [
                71,
                103
              ],
              "inflate": 0
            }
          ],
          "parent": "tail0"
        },
        {
          "name": "tail2",
          "pivot": [
            0,
            33,
            65
          ],
          "cubes": [
            {
              "origin": [
                -7.0,
                30.0,
                56.0
              ],
              "size": [
                14.0,
                14.0,
                33.0
              ],
              "uv": [
                0,
                136
              ],
              "inflate": 0
            }
          ],
          "parent": "tail1"
        },
        {
          "name": "tail3",
          "pivot": [
            0,
            33,
            81
          ],
          "cubes": [
            {
              "origin": [
                -5.0,
                32.0,
                76.0
              ],
              "size": [
                10.0,
                10.0,
                31.0
              ],
              "uv": [
                63,
                154
              ],
              "inflate": 0
            },
            {
              "origin": [
                -4.0,
                33.0,
                101.0
              ],
              "size": [
                8.0,
                7.0,
                31.0
              ],
              "uv": [
                114,
                178
              ],
              "inflate": 0
            }
          ],
          "parent": "tail2"
        },
        {
          "name": "tail4",
          "pivot": [
            0,
            33,
            89
          ],
          "parent": "tail3"
        },
        {
          "name": "rump_r",
          "pivot": [
            -14,
            39,
            24
          ],
          "cubes": [
            {
              "origin": [
                -21.0,
                20.0,
                15.0
              ],
              "size": [
                12.0,
                30.0,
                17.0
              ],
              "uv": [
                117,
                216
              ],
              "inflate": 0
            }
          ],
          "parent": "root"
        },
        {
          "name": "hip_r",
          "pivot": [
            -14,
            20,
            21
          ],
          "cubes": [
            {
              "origin": [
                -20.0,
                12.0,
                19.0
              ],
              "size": [
                10.0,
                12.0,
                11.0
              ],
              "uv": [
                240,
                247
              ],
              "inflate": 0
            }
          ],
          "parent": "rump_r"
        },
        {
          "name": "knee_r",
          "pivot": [
            -14,
            14,
            25
          ],
          "cubes": [
            {
              "origin": [
                -19.0,
                3.0,
                20.0
              ],
              "size": [
                8.0,
                13.0,
                9.0
              ],
              "uv": [
                248,
                42
              ],
              "inflate": 0
            }
          ],
          "parent": "hip_r"
        },
        {
          "name": "ankle_r",
          "pivot": [
            -15,
            4,
            24
          ],
          "cubes": [
            {
              "origin": [
                -20.5,
                0.0,
                16.0
              ],
              "size": [
                11.0,
                5.0,
                14.0
              ],
              "uv": [
                240,
                70
              ],
              "inflate": 0
            }
          ],
          "parent": "knee_r"
        },
        {
          "name": "rump_l",
          "pivot": [
            14,
            39,
            24
          ],
          "cubes": [
            {
              "origin": [
                9.0,
                20.0,
                15.0
              ],
              "size": [
                12.0,
                30.0,
                17.0
              ],
              "uv": [
                59,
                204
              ],
              "inflate": 0
            }
          ],
          "parent": "root"
        },
        {
          "name": "hip_l",
          "pivot": [
            14,
            20,
            21
          ],
          "cubes": [
            {
              "origin": [
                10.0,
                12.0,
                19.0
              ],
              "size": [
                10.0,
                12.0,
                11.0
              ],
              "uv": [
                242,
                19
              ],
              "inflate": 0
            }
          ],
          "parent": "rump_l"
        },
        {
          "name": "knee_l",
          "pivot": [
            14,
            14,
            25
          ],
          "cubes": [
            {
              "origin": [
                11.0,
                3.0,
                20.0
              ],
              "size": [
                8.0,
                13.0,
                9.0
              ],
              "uv": [
                114,
                154
              ],
              "inflate": 0
            }
          ],
          "parent": "hip_l"
        },
        {
          "name": "ankle_l",
          "pivot": [
            14,
            4,
            24
          ],
          "cubes": [
            {
              "origin": [
                9.5,
                0.0,
                16.0
              ],
              "size": [
                11.0,
                5.0,
                14.0
              ],
              "uv": [
                212,
                51
              ],
              "inflate": 0
            }
          ],
          "parent": "knee_l"
        }
      ]
    }
  ]
}