{
  "format_version": "1.12.0",
  "minecraft:geometry": [
    {
      "description": {
        "identifier": "geometry.md_jp3brachio",
        "texture_width": 512,
        "texture_height": 512,
        "visible_bounds_width": 22,
        "visible_bounds_height": 17,
        "visible_bounds_offset": [
          0,
          5.5,
          0
        ]
      },
      "bones": [
        {
          "name": "root",
          "pivot": [
            0,
            70,
            26.5
          ],
          "cubes": [
            {
              "origin": [
                -16.5,
                37.0,
                12.5
              ],
              "size": [
                33.0,
                49.0,
                29.0
              ],
              "uv": [
                132,
                123
              ],
              "inflate": 0
            }
          ],
          "locators": {}
        },
        {
          "name": "spine0",
          "pivot": [
            0,
            71,
            4
          ],
          "cubes": [
            {
              "origin": [
                -17.5,
                36.0,
                -17.5
              ],
              "size": [
                35.0,
                53.0,
                35.0
              ],
              "uv": [
                0,
                0
              ],
              "inflate": 0
            }
          ],
          "parent": "root"
        },
        {
          "name": "chest",
          "pivot": [
            0,
            71,
            -23
          ],
          "cubes": [
            {
              "origin": [
                -19.5,
                37.0,
                -36.5
              ],
              "size": [
                39.0,
                55.0,
                27.0
              ],
              "uv": [
                0,
                88
              ],
              "inflate": 0
            }
          ],
          "parent": "spine0"
        },
        {
          "name": "neck0",
          "pivot": [
            0,
            77,
            -34
          ],
          "cubes": [
            {
              "origin": [
                -14.5,
                60.0,
                -58.0
              ],
              "size": [
                29.0,
                35.0,
                38.0
              ],
              "uv": [
                132,
                50
              ],
              "inflate": 0
            }
          ],
          "parent": "chest",
          "rotation": [
            -20,
            0,
            0
          ]
        },
        {
          "name": "neck1",
          "pivot": [
            0,
            77,
            -55
          ],
          "cubes": [
            {
              "origin": [
                -10.5,
                65.5,
                -81.0
              ],
              "size": [
                21.0,
                28.0,
                28.0
              ],
              "uv": [
                0,
                231
              ],
              "inflate": 0
            }
          ],
          "parent": "neck0"
        },
        {
          "name": "neck2",
          "pivot": [
            0,
            77,
            -77
          ],
          "cubes": [
            {
              "origin": [
                -7.5,
                69.0,
                -110.5
              ],
              "size": [
                15.0,
                19.0,
                35.0
              ],
              "uv": [
                228,
                0
              ],
              "inflate": 0
            }
          ],
          "parent": "neck1"
        },
        {
          "name": "neck3",
          "pivot": [
            0,
            77,
            -109
          ],
          "cubes": [
            {
              "origin": [
                -5.5,
                70.5,
                -154.0
              ],
              "size": [
                11.0,
                14.0,
                47.0
              ],
              "uv": [
                0,
                170
              ],
              "inflate": 0
            }
          ],
          "parent": "neck2",
          "rotation": [
            20,
            0,
            0
          ]
        },
        {
          "name": "neck4",
          "pivot": [
            0,
            77,
            -152
          ],
          "cubes": [
            {
              "origin": [
                -5.0,
                71.5,
                -169.5
              ],
              "size": [
                10.0,
                11.0,
                20.0
              ],
              "uv": [
                69,
                170
              ],
              "inflate": 0
            }
          ],
          "parent": "neck3"
        },
        {
          "name": "head",
          "pivot": [
            0,
            79,
            -166
          ],
          "cubes": [
            {
              "origin": [
                -5.5,
                76.5,
                -174.5
              ],
              "size": [
                11.0,
                7.0,
                12.0
              ],
              "uv": [
                0,
                170
              ],
              "inflate": 0
            },
            {
              "origin": [
                -4.5,
                79.0,
                -172.0
              ],
              "size": [
                9.0,
                9.0,
                7.0
              ],
              "pivot": [
                0.0,
                82.0,
                -167.75
              ],
              "rotation": [
                60.0,
                0.0,
                0.0
              ],
              "uv": [
                0,
                0
              ],
              "inflate": 0
            },
            {
              "origin": [
                -5.5,
                76.5,
                -180.5
              ],
              "size": [
                11.0,
                5.0,
                6.0
              ],
              "uv": [
                0,
                16
              ],
              "inflate": 0
            }
          ],
          "parent": "neck4"
        },
        {
          "name": "eyelids",
          "pivot": [
            0,
            79,
            -170
          ],
          "cubes": [
            {
              "origin": [
                5.75,
                77.5,
                -172.5
              ],
              "size": [
                0.0,
                5.0,
                5.0
              ],
              "uv": [
                10,
                83
              ],
              "inflate": 0
            },
            {
              "origin": [
                -5.75,
                77.5,
                -173.5
              ],
              "size": [
                0.0,
                5.0,
                5.0
              ],
              "uv": [
                0,
                83
              ],
              "inflate": 0
            }
          ],
          "parent": "head"
        },
        {
          "name": "jaw",
          "pivot": [
            0,
            76,
            -166
          ],
          "cubes": [
            {
              "origin": [
                -5.5,
                72.5,
                -180.5
              ],
              "size": [
                11.0,
                4.0,
                15.0
              ],
              "uv": [
                105,
                0
              ],
              "inflate": 0
            },
            {
              "origin": [
                -4.75,
                76.5,
                -173.0
              ],
              "size": [
                0.0,
                5.0,
                7.0
              ],
              "uv": [
                14,
                20
              ],
              "inflate": 0
            },
            {
              "origin": [
                4.75,
                76.5,
                -173.0
              ],
              "size": [
                0.0,
                5.0,
                7.0
              ],
              "uv": [
                0,
                20
              ],
              "inflate": 0
            }
          ],
          "parent": "head"
        },
        {
          "name": "shoulder_l",
          "pivot": [
            21,
            59,
            -23
          ],
          "cubes": [
            {
              "origin": [
                14.5,
                29.0,
                -32.0
              ],
              "size": [
                12.0,
                38.0,
                17.0
              ],
              "uv": [
                98,
                257
              ],
              "inflate": 0.01
            }
          ],
          "parent": "chest"
        },
        {
          "name": "elbow_l",
          "pivot": [
            21,
            32,
            -18
          ],
          "cubes": [
            {
              "origin": [
                15.0,
                3.5,
                -30.0
              ],
              "size": [
                11.0,
                31.0,
                14.0
              ],
              "uv": [
                292,
                287
              ],
              "inflate": 0
            }
          ],
          "parent": "shoulder_l"
        },
        {
          "name": "wrist_l",
          "pivot": [
            21,
            6,
            -23
          ],
          "cubes": [
            {
              "origin": [
                15.0,
                -8.0,
                -30.0
              ],
              "size": [
                11.0,
                14.0,
                14.0
              ],
              "uv": [
                50,
                298
              ],
              "inflate": 0.01
            }
          ],
          "parent": "elbow_l"
        },
        {
          "name": "shoulder_r",
          "pivot": [
            -21,
            59,
            -23
          ],
          "cubes": [
            {
              "origin": [
                -26.5,
                29.0,
                -32.0
              ],
              "size": [
                12.0,
                38.0,
                17.0
              ],
              "uv": [
                234,
                256
              ],
              "inflate": 0.01
            }
          ],
          "parent": "chest"
        },
        {
          "name": "elbow_r",
          "pivot": [
            -21,
            32,
            -18
          ],
          "cubes": [
            {
              "origin": [
                -26.0,
                3.5,
                -30.0
              ],
              "size": [
                11.0,
                31.0,
                14.0
              ],
              "uv": [
                292,
                242
              ],
              "inflate": 0
            }
          ],
          "parent": "shoulder_r"
        },
        {
          "name": "wrist_r",
          "pivot": [
            -21,
            6,
            -23
          ],
          "cubes": [
            {
              "origin": [
                -26.0,
                -8.0,
                -30.0
              ],
              "size": [
                11.0,
                14.0,
                14.0
              ],
              "uv": [
                293,
                0
              ],
              "inflate": 0.01
            }
          ],
          "parent": "elbow_r"
        },
        {
          "name": "tail0",
          "pivot": [
            0,
            72,
            36
          ],
          "cubes": [
            {
              "origin": [
                -15.0,
                51.0,
                33.5
              ],
              "size": [
                30.0,
                31.0,
                24.0
              ],
              "uv": [
                189,
                201
              ],
              "inflate": 0
            }
          ],
          "parent": "root",
          "rotation": [
            7.5,
            0,
            0
          ]
        },
        {
          "name": "tail1",
          "pivot": [
            0,
            70,
            57
          ],
          "cubes": [
            {
              "origin": [
                -11.5,
                57.0,
                52.5
              ],
              "size": [
                23.0,
                23.0,
                19.0
              ],
              "uv": [
                140,
                0
              ],
              "inflate": 0
            }
          ],
          "parent": "tail0",
          "rotation": [
            12.5,
            0,
            0
          ]
        },
        {
          "name": "tail2",
          "pivot": [
            0,
            71,
            71
          ],
          "cubes": [
            {
              "origin": [
                -8.5,
                61.0,
                70.5
              ],
              "size": [
                17.0,
                17.0,
                39.0
              ],
              "uv": [
                77,
                201
              ],
              "inflate": 0
            }
          ],
          "parent": "tail1"
        },
        {
          "name": "tail3",
          "pivot": [
            0,
            70,
            109
          ],
          "cubes": [
            {
              "origin": [
                -5.5,
                75.0,
                97.0
              ],
              "size": [
                11.0,
                11.0,
                37.0
              ],
              "pivot": [
                0.0,
                0.0,
                6.0
              ],
              "rotation": [
                -7.5,
                0.0,
                0.0
              ],
              "uv": [
                229,
                86
              ],
              "inflate": 0
            }
          ],
          "parent": "tail2",
          "rotation": [
            5,
            0,
            0
          ]
        },
        {
          "name": "rump_r",
          "pivot": [
            -21,
            56,
            26
          ],
          "cubes": [
            {
              "origin": [
                -26.5,
                37.5,
                13.5
              ],
              "size": [
                12.0,
                35.0,
                21.0
              ],
              "uv": [
                256,
                134
              ],
              "inflate": 0.01
            }
          ],
          "parent": "root"
        },
        {
          "name": "hip_r",
          "pivot": [
            -21,
            38,
            22
          ],
          "cubes": [
            {
              "origin": [
                -26.0,
                11.0,
                19.5
              ],
              "size": [
                11.0,
                31.0,
                14.0
              ],
              "uv": [
                288,
                54
              ],
              "inflate": 0
            }
          ],
          "parent": "rump_r"
        },
        {
          "name": "knee_r",
          "pivot": [
            -21,
            14,
            27
          ],
          "cubes": [
            {
              "origin": [
                -26.0,
                0.0,
                19.5
              ],
              "size": [
                11.0,
                14.0,
                14.0
              ],
              "uv": [
                273,
                190
              ],
              "inflate": 0.01
            }
          ],
          "parent": "hip_r"
        },
        {
          "name": "rump_l",
          "pivot": [
            21,
            56,
            26
          ],
          "cubes": [
            {
              "origin": [
                14.5,
                37.5,
                13.5
              ],
              "size": [
                12.0,
                34.0,
                21.0
              ],
              "uv": [
                168,
                256
              ],
              "inflate": 0.01
            }
          ],
          "parent": "root"
        },
        {
          "name": "hip_l",
          "pivot": [
            21,
            38,
            22
          ],
          "cubes": [
            {
              "origin": [
                15.0,
                11.0,
                19.5
              ],
              "size": [
                11.0,
                31.0,
                14.0
              ],
              "uv": [
                0,
                287
              ],
              "inflate": 0
            }
          ],
          "parent": "rump_l"
        },
        {
          "name": "knee_l",
          "pivot": [
            21,
            14,
            27
          ],
          "cubes": [
            {
              "origin": [
                15.0,
                0.0,
                19.5
              ],
              "size": [
                11.0,
                14.0,
                14.0
              ],
              "uv": [
                228,
                54
              ],
              "inflate": 0.01
            }
          ],
          "parent": "hip_l"
        }
      ]
    }
  ]
}