{
  "format_version": "1.12.0",
  "minecraft:geometry": [
    {
      "description": {
        "identifier": "geometry.md_jeep",
        "texture_width": 256,
        "texture_height": 256,
        "visible_bounds_width": 6,
        "visible_bounds_height": 6,
        "visible_bounds_offset": [
          0,
          1,
          0
        ]
      },
      "bones": [
        {
          "name": "root"
        },
        {
          "name": "tires_and_frame",
          "cubes": [
            {
              "origin": [
                13.0,
                0.0,
                -41.0
              ],
              "size": [
                5.0,
                12.0,
                12.0
              ],
              "uv": [
                222,
                104
              ],
              "inflate": -0.01
            },
            {
              "origin": [
                -18.0,
                0.0,
                -41.0
              ],
              "size": [
                5.0,
                12.0,
                12.0
              ],
              "uv": [
                222,
                104
              ],
              "inflate": -0.01,
              "mirror": true
            },
            {
              "origin": [
                13.0,
                0.0,
                6.0
              ],
              "size": [
                5.0,
                12.0,
                12.0
              ],
              "uv": [
                222,
                104
              ],
              "inflate": -0.01
            },
            {
              "origin": [
                -18.0,
                0.0,
                6.0
              ],
              "size": [
                5.0,
                12.0,
                12.0
              ],
              "uv": [
                222,
                104
              ],
              "inflate": -0.01,
              "mirror": true
            },
            {
              "origin": [
                -13.0,
                5.0,
                -35.0
              ],
              "size": [
                26.0,
                4.0,
                0.0
              ],
              "uv": [
                77,
                102
              ],
              "inflate": -0.01
            },
            {
              "origin": [
                -13.0,
                5.0,
                12.0
              ],
              "size": [
                26.0,
                4.0,
                0.0
              ],
              "uv": [
                77,
                102
              ],
              "inflate": -0.01
            }
          ],
          "parent": "root"
        },
        {
          "name": "body",
          "cubes": [
            {
              "origin": [
                16.0,
                14.0,
                -42.0
              ],
              "size": [
                2.0,
                2.0,
                14.0
              ],
              "uv": [
                219,
                67
              ],
              "inflate": 0
            },
            {
              "origin": [
                16.0,
                10.0,
                -43.0
              ],
              "size": [
                2.0,
                6.0,
                1.0
              ],
              "uv": [
                219,
                67
              ],
              "inflate": 0
            },
            {
              "origin": [
                -18.0,
                10.0,
                -43.0
              ],
              "size": [
                2.0,
                6.0,
                1.0
              ],
              "uv": [
                219,
                67
              ],
              "inflate": 0
            },
            {
              "origin": [
                16.0,
                14.0,
                4.0
              ],
              "size": [
                2.0,
                1.0,
                15.0
              ],
              "uv": [
                36,
                72
              ],
              "inflate": 0
            },
            {
              "origin": [
                -18.0,
                14.0,
                4.0
              ],
              "size": [
                2.0,
                1.0,
                15.0
              ],
              "uv": [
                36,
                72
              ],
              "inflate": 0,
              "mirror": true
            },
            {
              "origin": [
                -18.0,
                14.0,
                -42.0
              ],
              "size": [
                2.0,
                2.0,
                14.0
              ],
              "uv": [
                219,
                67
              ],
              "inflate": 0,
              "mirror": true
            },
            {
              "origin": [
                12.0,
                12.0,
                -52.0
              ],
              "size": [
                4.0,
                4.0,
                2.0
              ],
              "uv": [
                242,
                59
              ],
              "inflate": 0
            },
            {
              "origin": [
                -16.0,
                12.0,
                -52.0
              ],
              "size": [
                4.0,
                4.0,
                2.0
              ],
              "uv": [
                242,
                59
              ],
              "inflate": 0,
              "mirror": true
            },
            {
              "origin": [
                16.0,
                9.0,
                -28.0
              ],
              "size": [
                2.0,
                7.0,
                1.0
              ],
              "uv": [
                250,
                70
              ],
              "inflate": 0
            },
            {
              "origin": [
                16.0,
                9.0,
                4.0
              ],
              "size": [
                2.0,
                5.0,
                1.0
              ],
              "uv": [
                0,
                57
              ],
              "inflate": 0
            },
            {
              "origin": [
                -18.0,
                9.0,
                4.0
              ],
              "size": [
                2.0,
                5.0,
                1.0
              ],
              "uv": [
                0,
                57
              ],
              "inflate": 0,
              "mirror": true
            },
            {
              "origin": [
                16.0,
                10.0,
                19.0
              ],
              "size": [
                2.0,
                5.0,
                1.0
              ],
              "uv": [
                14,
                56
              ],
              "inflate": 0
            },
            {
              "origin": [
                -18.0,
                10.0,
                19.0
              ],
              "size": [
                2.0,
                5.0,
                1.0
              ],
              "uv": [
                14,
                56
              ],
              "inflate": 0,
              "mirror": true
            },
            {
              "origin": [
                -18.0,
                9.0,
                -28.0
              ],
              "size": [
                2.0,
                7.0,
                1.0
              ],
              "uv": [
                250,
                70
              ],
              "inflate": 0,
              "mirror": true
            },
            {
              "origin": [
                16.0,
                9.0,
                -27.0
              ],
              "size": [
                2.0,
                1.0,
                31.0
              ],
              "uv": [
                0,
                224
              ],
              "inflate": 0
            },
            {
              "origin": [
                16.0,
                9.0,
                -46.0
              ],
              "size": [
                2.0,
                1.0,
                4.0
              ],
              "uv": [
                0,
                56
              ],
              "inflate": 0
            },
            {
              "origin": [
                -18.0,
                9.0,
                -46.0
              ],
              "size": [
                2.0,
                1.0,
                4.0
              ],
              "uv": [
                0,
                56
              ],
              "inflate": 0
            },
            {
              "origin": [
                -18.0,
                9.0,
                -27.0
              ],
              "size": [
                2.0,
                1.0,
                31.0
              ],
              "uv": [
                0,
                224
              ],
              "inflate": 0,
              "mirror": true
            },
            {
              "origin": [
                -15.0,
                10.0,
                -23.0
              ],
              "size": [
                3.0,
                3.0,
                6.0
              ],
              "uv": [
                204,
                119
              ],
              "inflate": -0.01,
              "mirror": true
            },
            {
              "origin": [
                12.0,
                10.0,
                -23.0
              ],
              "size": [
                3.0,
                3.0,
                6.0
              ],
              "uv": [
                204,
                119
              ],
              "inflate": -0.01
            },
            {
              "origin": [
                -15.0,
                10.0,
                -22.0
              ],
              "size": [
                30.0,
                1.0,
                19.0
              ],
              "uv": [
                38,
                57
              ],
              "inflate": 0
            },
            {
              "origin": [
                -16.0,
                9.0,
                -3.0
              ],
              "size": [
                32.0,
                1.0,
                25.0
              ],
              "uv": [
                38,
                57
              ],
              "inflate": 0
            },
            {
              "origin": [
                -15.0,
                10.0,
                -23.0
              ],
              "size": [
                30.0,
                0.0,
                19.0
              ],
              "uv": [
                38,
                57
              ],
              "inflate": 0
            },
            {
              "origin": [
                -15.0,
                9.0,
                -26.0
              ],
              "size": [
                30.0,
                1.0,
                22.0
              ],
              "uv": [
                58,
                192
              ],
              "inflate": 0
            },
            {
              "origin": [
                -16.0,
                4.9,
                -17.0
              ],
              "size": [
                1.0,
                5.0,
                11.0
              ],
              "uv": [
                147,
                84
              ],
              "inflate": 0
            },
            {
              "origin": [
                15.0,
                4.9,
                -17.0
              ],
              "size": [
                1.0,
                5.0,
                11.0
              ],
              "uv": [
                147,
                84
              ],
              "inflate": 0
            },
            {
              "origin": [
                -15.0,
                10.0,
                0.0
              ],
              "size": [
                2.0,
                2.0,
                12.0
              ],
              "uv": [
                135,
                114
              ],
              "inflate": 0.01
            },
            {
              "origin": [
                13.0,
                10.0,
                0.0
              ],
              "size": [
                2.0,
                2.0,
                12.0
              ],
              "uv": [
                135,
                114
              ],
              "inflate": 0.01
            },
            {
              "origin": [
                1.0,
                17.0,
                -21.9
              ],
              "size": [
                10.0,
                10.0,
                0.0
              ],
              "uv": [
                236,
                0
              ],
              "inflate": 0
            },
            {
              "origin": [
                -18.0,
                9.0,
                -52.0
              ],
              "size": [
                36.0,
                3.0,
                6.0
              ],
              "uv": [
                77,
                237
              ],
              "inflate": 0
            },
            {
              "origin": [
                -6.0,
                7.0,
                -52.1
              ],
              "size": [
                12.0,
                5.0,
                0.0
              ],
              "uv": [
                77,
                237
              ],
              "inflate": 0
            },
            {
              "origin": [
                -4.0,
                12.0,
                -54.0
              ],
              "size": [
                8.0,
                3.0,
                3.0
              ],
              "uv": [
                0,
                191
              ],
              "inflate": 0
            },
            {
              "origin": [
                -13.0,
                14.0,
                -50.0
              ],
              "size": [
                26.0,
                12.0,
                8.0
              ],
              "uv": [
                11,
                146
              ],
              "inflate": 0
            },
            {
              "origin": [
                -16.0,
                14.0,
                -42.0
              ],
              "size": [
                32.0,
                12.0,
                12.0
              ],
              "uv": [
                174,
                208
              ],
              "inflate": 0
            },
            {
              "origin": [
                -16.0,
                9.0,
                -30.0
              ],
              "size": [
                32.0,
                17.0,
                7.0
              ],
              "uv": [
                168,
                165
              ],
              "inflate": 0
            },
            {
              "origin": [
                -16.0,
                9.1,
                -50.0
              ],
              "size": [
                32.0,
                5.0,
                20.0
              ],
              "uv": [
                166,
                135
              ],
              "inflate": 0
            },
            {
              "origin": [
                -16.0,
                9.0,
                22.0
              ],
              "size": [
                32.0,
                16.0,
                1.0
              ],
              "uv": [
                0,
                105
              ],
              "inflate": 0
            }
          ],
          "parent": "root"
        },
        {
          "name": "canopy",
          "cubes": [
            {
              "origin": [
                15.0,
                22.0,
                22.0
              ],
              "size": [
                1.0,
                18.0,
                2.0
              ],
              "pivot": [
                0.0,
                0.0,
                4.0
              ],
              "rotation": [
                5.0,
                0.0,
                0.0
              ],
              "uv": [
                0,
                22
              ],
              "inflate": 0,
              "mirror": true
            },
            {
              "origin": [
                15.0,
                24.0,
                0.0
              ],
              "size": [
                1.0,
                18.0,
                1.0
              ],
              "uv": [
                0,
                22
              ],
              "inflate": 0,
              "mirror": true
            },
            {
              "origin": [
                -16.0,
                24.0,
                0.0
              ],
              "size": [
                1.0,
                18.0,
                1.0
              ],
              "uv": [
                0,
                22
              ],
              "inflate": 0
            },
            {
              "origin": [
                -16.0,
                22.0,
                23.0
              ],
              "size": [
                1.0,
                18.0,
                2.0
              ],
              "pivot": [
                0.0,
                0.0,
                4.0
              ],
              "rotation": [
                5.0,
                0.0,
                0.0
              ],
              "uv": [
                0,
                22
              ],
              "inflate": 0
            },
            {
              "origin": [
                -15.0,
                41.0,
                0.0
              ],
              "size": [
                30.0,
                1.0,
                1.0
              ],
              "uv": [
                94,
                0
              ],
              "inflate": 0
            },
            {
              "origin": [
                -15.0,
                39.0,
                -18.0
              ],
              "size": [
                30.0,
                3.0,
                1.0
              ],
              "uv": [
                94,
                0
              ],
              "inflate": 0
            },
            {
              "origin": [
                9.0,
                42.0,
                -18.0
              ],
              "size": [
                5.0,
                3.0,
                2.0
              ],
              "uv": [
                94,
                14
              ],
              "inflate": 0
            },
            {
              "origin": [
                -14.0,
                42.0,
                -18.0
              ],
              "size": [
                5.0,
                3.0,
                2.0
              ],
              "uv": [
                94,
                14
              ],
              "inflate": 0
            },
            {
              "origin": [
                -7.0,
                42.0,
                -18.0
              ],
              "size": [
                5.0,
                3.0,
                2.0
              ],
              "uv": [
                94,
                14
              ],
              "inflate": 0
            },
            {
              "origin": [
                2.0,
                42.0,
                -18.0
              ],
              "size": [
                5.0,
                3.0,
                2.0
              ],
              "uv": [
                95,
                14
              ],
              "inflate": 0
            },
            {
              "origin": [
                15.0,
                40.0,
                -18.0
              ],
              "size": [
                1.0,
                2.0,
                18.0
              ],
              "uv": [
                95,
                3
              ],
              "inflate": 0
            },
            {
              "origin": [
                15.0,
                40.0,
                1.0
              ],
              "size": [
                1.0,
                2.0,
                19.0
              ],
              "uv": [
                94,
                2
              ],
              "inflate": 0
            },
            {
              "origin": [
                -16.0,
                40.0,
                -18.0
              ],
              "size": [
                1.0,
                2.0,
                18.0
              ],
              "pivot": [
                -15.5,
                41.0,
                -9.0
              ],
              "rotation": [
                0.0,
                180.0,
                0.0
              ],
              "uv": [
                95,
                3
              ],
              "inflate": 0
            },
            {
              "origin": [
                -16.0,
                40.0,
                1.0
              ],
              "size": [
                1.0,
                2.0,
                20.0
              ],
              "pivot": [
                -15.5,
                41.0,
                11.0
              ],
              "rotation": [
                0.0,
                180.0,
                0.0
              ],
              "uv": [
                94,
                1
              ],
              "inflate": 0
            }
          ],
          "parent": "body"
        },
        {
          "name": "left_side_mirror2",
          "pivot": [
            -16,
            25,
            -24
          ],
          "cubes": [
            {
              "origin": [
                -24.0,
                24.0,
                -23.0
              ],
              "size": [
                8.0,
                8.0,
                0.0
              ],
              "uv": [
                240,
                46
              ],
              "inflate": 0,
              "mirror": true
            }
          ],
          "parent": "body",
          "rotation": [
            0,
            20,
            0
          ]
        },
        {
          "name": "left_side_mirror",
          "pivot": [
            16,
            25,
            -24
          ],
          "cubes": [
            {
              "origin": [
                16.0,
                24.0,
                -23.0
              ],
              "size": [
                8.0,
                8.0,
                0.0
              ],
              "uv": [
                240,
                46
              ],
              "inflate": 0
            }
          ],
          "parent": "body",
          "rotation": [
            0,
            -20,
            0
          ]
        },
        {
          "name": "seats",
          "pivot": [
            0,
            4,
            4
          ],
          "parent": "body"
        },
        {
          "name": "driver",
          "pivot": [
            7,
            15,
            -11
          ],
          "cubes": [
            {
              "origin": [
                1.0,
                16.0,
                -10.0
              ],
              "size": [
                12.0,
                12.0,
                1.0
              ],
              "uv": [
                67,
                2
              ],
              "inflate": 0
            },
            {
              "origin": [
                1.0,
                14.0,
                -17.0
              ],
              "size": [
                12.0,
                2.0,
                8.0
              ],
              "uv": [
                34,
                19
              ],
              "inflate": 0
            },
            {
              "origin": [
                1.0,
                10.0,
                -17.0
              ],
              "size": [
                12.0,
                4.0,
                8.0
              ],
              "uv": [
                113,
                2
              ],
              "inflate": 0
            },
            {
              "origin": [
                1.0,
                28.0,
                -9.5
              ],
              "size": [
                12.0,
                5.0,
                0.0
              ],
              "uv": [
                68,
                22
              ],
              "inflate": 0
            }
          ],
          "parent": "seats"
        },
        {
          "name": "passenger_rightside",
          "pivot": [
            -15,
            0,
            10
          ],
          "parent": "seats",
          "rotation": [
            0,
            90,
            0
          ]
        },
        {
          "name": "seat1",
          "pivot": [
            6,
            15,
            17
          ],
          "cubes": [
            {
              "origin": [
                0.0,
                16.0,
                18.0
              ],
              "size": [
                12.0,
                12.0,
                1.0
              ],
              "uv": [
                67,
                2
              ],
              "inflate": 0
            },
            {
              "origin": [
                0.0,
                14.0,
                11.0
              ],
              "size": [
                12.0,
                2.0,
                8.0
              ],
              "uv": [
                34,
                19
              ],
              "inflate": 0
            },
            {
              "origin": [
                0.0,
                10.0,
                11.0
              ],
              "size": [
                12.0,
                4.0,
                8.0
              ],
              "uv": [
                113,
                2
              ],
              "inflate": 0
            },
            {
              "origin": [
                0.0,
                28.0,
                18.5
              ],
              "size": [
                12.0,
                5.0,
                0.0
              ],
              "uv": [
                68,
                22
              ],
              "inflate": 0
            }
          ],
          "parent": "passenger_rightside",
          "rotation": [
            0,
            -90,
            0
          ]
        },
        {
          "name": "seat2",
          "pivot": [
            -28,
            15,
            23
          ],
          "parent": "passenger_rightside"
        },
        {
          "name": "passenger_leftside",
          "pivot": [
            6,
            -12,
            20
          ],
          "parent": "seats"
        },
        {
          "name": "seat3",
          "pivot": [
            9,
            3,
            33
          ],
          "cubes": [
            {
              "origin": [
                1.0,
                11.5,
                8.75
              ],
              "size": [
                14.0,
                12.0,
                1.0
              ],
              "uv": [
                67,
                2
              ],
              "inflate": 0
            },
            {
              "origin": [
                3.0,
                11.5,
                1.75
              ],
              "size": [
                12.0,
                2.0,
                8.0
              ],
              "uv": [
                34,
                19
              ],
              "inflate": 0
            },
            {
              "origin": [
                3.0,
                11.5,
                9.25
              ],
              "size": [
                12.0,
                5.0,
                0.0
              ],
              "uv": [
                68,
                22
              ],
              "inflate": 0
            }
          ],
          "parent": "passenger_leftside"
        },
        {
          "name": "seat4",
          "pivot": [
            -7,
            3,
            33
          ],
          "cubes": [
            {
              "origin": [
                -13.0,
                11.5,
                8.75
              ],
              "size": [
                14.0,
                12.0,
                1.0
              ],
              "uv": [
                67,
                2
              ],
              "inflate": 0
            },
            {
              "origin": [
                -13.0,
                11.5,
                1.75
              ],
              "size": [
                12.0,
                2.0,
                8.0
              ],
              "uv": [
                34,
                19
              ],
              "inflate": 0
            },
            {
              "origin": [
                -13.0,
                11.5,
                9.25
              ],
              "size": [
                12.0,
                5.0,
                0.0
              ],
              "uv": [
                68,
                22
              ],
              "inflate": 0
            }
          ],
          "parent": "passenger_leftside"
        },
        {
          "name": "exterior_side_right",
          "cubes": [
            {
              "origin": [
                -16.0,
                10.0,
                -5.0
              ],
              "size": [
                1.0,
                15.0,
                27.0
              ],
              "uv": [
                151,
                86
              ],
              "inflate": 0
            },
            {
              "origin": [
                -16.0,
                10.0,
                -18.0
              ],
              "size": [
                1.0,
                12.0,
                13.0
              ],
              "pivot": [
                -15.5,
                16.0,
                -11.5
              ],
              "rotation": [
                0.0,
                180.0,
                0.0
              ],
              "uv": [
                43,
                228
              ],
              "inflate": 0
            },
            {
              "origin": [
                15.0,
                10.0,
                -18.0
              ],
              "size": [
                1.0,
                13.0,
                13.0
              ],
              "uv": [
                43,
                227
              ],
              "inflate": 0
            },
            {
              "origin": [
                -16.0,
                9.0,
                -23.0
              ],
              "size": [
                1.0,
                15.0,
                5.0
              ],
              "uv": [
                125,
                79
              ],
              "inflate": 0
            },
            {
              "origin": [
                15.0,
                9.0,
                -23.0
              ],
              "size": [
                1.0,
                15.0,
                5.0
              ],
              "uv": [
                125,
                79
              ],
              "inflate": 0
            }
          ],
          "parent": "body"
        },
        {
          "name": "exterior_side_left",
          "pivot": [
            0,
            4,
            4
          ],
          "cubes": [
            {
              "origin": [
                15.0,
                10.0,
                -5.0
              ],
              "size": [
                1.0,
                15.0,
                27.0
              ],
              "uv": [
                178,
                46
              ],
              "inflate": 0
            }
          ],
          "parent": "body"
        },
        {
          "name": "windshield",
          "pivot": [
            0,
            27.5,
            -24
          ],
          "cubes": [
            {
              "origin": [
                -18.0,
                26.0,
                -23.5
              ],
              "size": [
                32.0,
                6.0,
                0.0
              ],
              "uv": [
                98,
                169
              ],
              "inflate": 0.01
            },
            {
              "origin": [
                -16.0,
                26.0,
                -22.5
              ],
              "size": [
                32.0,
                16.0,
                0.0
              ],
              "uv": [
                0,
                171
              ],
              "inflate": 0.01
            }
          ],
          "parent": "body",
          "locators": {},
          "rotation": [
            -20,
            0,
            0
          ]
        },
        {
          "name": "spare_tire",
          "pivot": [
            0,
            20,
            35
          ],
          "cubes": [
            {
              "origin": [
                7.0,
                14.0,
                29.0
              ],
              "size": [
                5.0,
                12.0,
                12.0
              ],
              "uv": [
                222,
                104
              ],
              "inflate": -0.01,
              "mirror": true
            }
          ],
          "parent": "body",
          "rotation": [
            0,
            90,
            0
          ]
        }
      ]
    }
  ]
}