{
  "format_version": "1.12.0",
  "minecraft:geometry": [
    {
      "description": {
        "identifier": "geometry.md_locu",
        "texture_width": 64,
        "texture_height": 64,
        "visible_bounds_width": 5,
        "visible_bounds_height": 4,
        "visible_bounds_offset": [
          0,
          1,
          0
        ]
      },
      "bones": [
        {
          "name": "Root",
          "pivot": [
            0,
            4.5,
            5
          ],
          "cubes": [
            {
              "origin": [
                -2.5,
                0.8,
                -3.0
              ],
              "size": [
                5.0,
                6.0,
                7.0
              ],
              "uv": [
                25,
                21
              ],
              "inflate": 0.01
            },
            {
              "origin": [
                -2.5,
                1.8,
                2.0
              ],
              "size": [
                5.0,
                5.0,
                6.0
              ],
              "uv": [
                32,
                0
              ],
              "inflate": 0
            },
            {
              "origin": [
                -4.0,
                2.5,
                4.0
              ],
              "size": [
                1.0,
                7.0,
                2.0
              ],
              "pivot": [
                0.0,
                4.5,
                5.0
              ],
              "rotation": [
                -71.00853,
                -15.95833,
                -10.93064
              ],
              "uv": [
                26,
                38
              ],
              "inflate": 0
            },
            {
              "origin": [
                -5.0,
                0.5,
                7.0
              ],
              "size": [
                1.0,
                6.0,
                1.0
              ],
              "pivot": [
                0.0,
                4.5,
                5.0
              ],
              "rotation": [
                -15.0,
                0.0,
                0.0
              ],
              "uv": [
                4,
                39
              ],
              "inflate": 0
            },
            {
              "origin": [
                -5.0,
                0.5,
                7.0
              ],
              "size": [
                1.0,
                1.0,
                3.0
              ],
              "pivot": [
                0.0,
                4.5,
                5.0
              ],
              "rotation": [
                -17.5,
                0.0,
                0.0
              ],
              "uv": [
                15,
                28
              ],
              "inflate": 0
            },
            {
              "origin": [
                3.0,
                2.5,
                4.0
              ],
              "size": [
                1.0,
                7.0,
                2.0
              ],
              "pivot": [
                0.0,
                4.5,
                5.0
              ],
              "rotation": [
                -60.85263,
                18.71351,
                12.96215
              ],
              "uv": [
                20,
                38
              ],
              "inflate": 0
            },
            {
              "origin": [
                4.0,
                0.5,
                7.0
              ],
              "size": [
                1.0,
                6.0,
                1.0
              ],
              "pivot": [
                0.0,
                4.5,
                5.0
              ],
              "rotation": [
                -20.0,
                0.0,
                0.0
              ],
              "uv": [
                0,
                39
              ],
              "inflate": 0
            },
            {
              "origin": [
                4.0,
                0.5,
                7.0
              ],
              "size": [
                1.0,
                1.0,
                3.0
              ],
              "pivot": [
                0.0,
                4.5,
                5.0
              ],
              "rotation": [
                -20.0,
                0.0,
                0.0
              ],
              "uv": [
                28,
                0
              ],
              "inflate": 0
            }
          ],
          "locators": {}
        },
        {
          "name": "chest",
          "pivot": [
            0.01,
            4.5,
            -2
          ],
          "parent": "Root"
        },
        {
          "name": "neck0",
          "pivot": [
            0,
            4.5,
            -2.75
          ],
          "cubes": [
            {
              "origin": [
                -1.0,
                1.8,
                -6.0
              ],
              "size": [
                2.0,
                3.0,
                4.0
              ],
              "pivot": [
                0.0,
                0.0,
                0.0
              ],
              "rotation": [
                -17.5,
                0.0,
                0.0
              ],
              "uv": [
                0,
                0
              ],
              "inflate": 0
            },
            {
              "origin": [
                -1.5,
                0.8,
                -7.0
              ],
              "size": [
                3.0,
                6.0,
                3.0
              ],
              "pivot": [
                0.0,
                0.0,
                0.0
              ],
              "rotation": [
                -10.0,
                0.0,
                0.0
              ],
              "uv": [
                34,
                34
              ],
              "inflate": 0
            },
            {
              "origin": [
                -1.0,
                6.5,
                -4.75
              ],
              "size": [
                0.0,
                5.0,
                2.0
              ],
              "pivot": [
                0.0,
                4.5,
                -2.75
              ],
              "rotation": [
                35.6484,
                10.21235,
                7.24677
              ],
              "uv": [
                0,
                26
              ],
              "inflate": 0
            },
            {
              "origin": [
                1.0,
                5.5,
                -4.75
              ],
              "size": [
                0.0,
                6.0,
                2.0
              ],
              "pivot": [
                0.0,
                4.5,
                -2.75
              ],
              "rotation": [
                35.6484,
                -10.21235,
                -7.24677
              ],
              "uv": [
                24,
                0
              ],
              "inflate": 0
            },
            {
              "origin": [
                0.0,
                2.5,
                -8.75
              ],
              "size": [
                0.0,
                1.0,
                4.0
              ],
              "pivot": [
                0.0,
                4.5,
                -2.75
              ],
              "rotation": [
                0.0,
                20.0,
                0.0
              ],
              "uv": [
                0,
                3
              ],
              "inflate": 0
            },
            {
              "origin": [
                0.0,
                2.5,
                -8.75
              ],
              "size": [
                0.0,
                1.0,
                3.0
              ],
              "pivot": [
                0.0,
                4.5,
                -2.75
              ],
              "rotation": [
                0.0,
                -20.0,
                0.0
              ],
              "uv": [
                15,
                29
              ],
              "inflate": 0
            }
          ],
          "parent": "chest"
        },
        {
          "name": "eyelids",
          "pivot": [
            0,
            5.3,
            -7
          ],
          "parent": "neck0"
        },
        {
          "name": "hip_l",
          "pivot": [
            2,
            2.5,
            2
          ],
          "cubes": [
            {
              "origin": [
                0.0,
                2.0,
                1.5
              ],
              "size": [
                5.0,
                1.0,
                1.0
              ],
              "uv": [
                12,
                4
              ],
              "inflate": 0.001
            }
          ],
          "parent": "chest"
        },
        {
          "name": "knee_l",
          "pivot": [
            4.5,
            2.5,
            2
          ],
          "cubes": [
            {
              "origin": [
                4.0,
                0.0,
                1.5
              ],
              "size": [
                1.0,
                3.0,
                1.0
              ],
              "uv": [
                8,
                39
              ],
              "inflate": 0
            }
          ],
          "parent": "hip_l"
        },
        {
          "name": "ankle_l",
          "pivot": [
            4.5,
            0,
            2
          ],
          "cubes": [
            {
              "origin": [
                4.0,
                0.05,
                -0.5
              ],
              "size": [
                1.0,
                0.0,
                3.0
              ],
              "uv": [
                25,
                4
              ],
              "inflate": 0
            }
          ],
          "parent": "knee_l"
        },
        {
          "name": "hip_r",
          "pivot": [
            -2,
            2.5,
            2
          ],
          "cubes": [
            {
              "origin": [
                -5.0,
                2.0,
                1.5
              ],
              "size": [
                5.0,
                1.0,
                1.0
              ],
              "uv": [
                11,
                6
              ],
              "inflate": 0.001
            }
          ],
          "parent": "chest"
        },
        {
          "name": "knee_r",
          "pivot": [
            -4.5,
            2.5,
            2
          ],
          "cubes": [
            {
              "origin": [
                -5.0,
                0.0,
                1.5
              ],
              "size": [
                1.0,
                3.0,
                1.0
              ],
              "uv": [
                36,
                15
              ],
              "inflate": 0
            }
          ],
          "parent": "hip_r"
        },
        {
          "name": "ankle_r",
          "pivot": [
            -4.5,
            0,
            2
          ],
          "cubes": [
            {
              "origin": [
                -5.0,
                0.05,
                -0.5
              ],
              "size": [
                1.0,
                0.0,
                3.0
              ],
              "uv": [
                25,
                0
              ],
              "inflate": 0
            }
          ],
          "parent": "knee_r"
        },
        {
          "name": "shoulder_r",
          "pivot": [
            -2,
            2.5,
            -1.5
          ],
          "cubes": [
            {
              "origin": [
                -5.5,
                2.0,
                -2.0
              ],
              "size": [
                5.0,
                1.0,
                1.0
              ],
              "uv": [
                8,
                2
              ],
              "inflate": 0.001
            }
          ],
          "parent": "chest"
        },
        {
          "name": "elbow_r",
          "pivot": [
            -5,
            2.5,
            -1.5
          ],
          "cubes": [
            {
              "origin": [
                -5.5,
                0.0,
                -2.0
              ],
              "size": [
                1.0,
                3.0,
                1.0
              ],
              "uv": [
                32,
                15
              ],
              "inflate": 0
            }
          ],
          "parent": "shoulder_r"
        },
        {
          "name": "wrist_r",
          "pivot": [
            -5,
            0,
            -1.5
          ],
          "cubes": [
            {
              "origin": [
                -5.5,
                0.05,
                -4.0
              ],
              "size": [
                1.0,
                0.0,
                3.0
              ],
              "uv": [
                19,
                0
              ],
              "inflate": 0
            }
          ],
          "parent": "elbow_r"
        },
        {
          "name": "shoulder_l",
          "pivot": [
            2,
            2.5,
            -1.5
          ],
          "cubes": [
            {
              "origin": [
                0.5,
                2.0,
                -2.0
              ],
              "size": [
                5.0,
                1.0,
                1.0
              ],
              "uv": [
                8,
                0
              ],
              "inflate": 0.001
            }
          ],
          "parent": "chest"
        },
        {
          "name": "elbow_l",
          "pivot": [
            5,
            2.5,
            -1.5
          ],
          "cubes": [
            {
              "origin": [
                4.5,
                0.0,
                -2.0
              ],
              "size": [
                1.0,
                3.0,
                1.0
              ],
              "uv": [
                0,
                0
              ],
              "inflate": 0
            }
          ],
          "parent": "shoulder_l"
        },
        {
          "name": "wrist_l",
          "pivot": [
            5,
            0,
            -1.5
          ],
          "cubes": [
            {
              "origin": [
                4.5,
                0.05,
                -4.0
              ],
              "size": [
                1.0,
                0.0,
                3.0
              ],
              "uv": [
                17,
                0
              ],
              "inflate": 0
            }
          ],
          "parent": "elbow_l"
        },
        {
          "name": "tail0",
          "pivot": [
            0,
            5,
            5.5
          ],
          "cubes": [
            {
              "origin": [
                -2.0,
                2.8,
                5.0
              ],
              "size": [
                4.0,
                4.0,
                7.0
              ],
              "uv": [
                0,
                28
              ],
              "inflate": 0.01
            }
          ],
          "parent": "chest"
        },
        {
          "name": "tail1",
          "pivot": [
            0,
            5,
            11
          ],
          "parent": "tail0"
        },
        {
          "name": "tail2",
          "pivot": [
            0,
            5.8,
            16.25
          ],
          "parent": "tail1"
        },
        {
          "name": "tail3",
          "pivot": [
            0,
            5.8,
            22.5
          ],
          "parent": "tail2"
        },
        {
          "name": "wing_r",
          "pivot": [
            -2.5,
            6.5,
            -1
          ],
          "cubes": [
            {
              "origin": [
                -2.525,
                5.8,
                -3.0
              ],
              "size": [
                0.0,
                20.0,
                8.0
              ],
              "uv": [
                16,
                0
              ],
              "inflate": 0
            }
          ],
          "parent": "chest"
        },
        {
          "name": "wing_l",
          "pivot": [
            2.5,
            6.5,
            -1
          ],
          "cubes": [
            {
              "origin": [
                2.575,
                5.8,
                -3.0
              ],
              "size": [
                0.0,
                20.0,
                8.0
              ],
              "uv": [
                0,
                0
              ],
              "inflate": 0
            }
          ],
          "parent": "chest"
        },
        {
          "name": "wing_back_l",
          "pivot": [
            2.5,
            6,
            5.5
          ],
          "cubes": [
            {
              "origin": [
                2.575,
                5.55,
                5.0
              ],
              "size": [
                0.0,
                4.0,
                6.0
              ],
              "uv": [
                32,
                5
              ],
              "inflate": 0
            }
          ],
          "parent": "chest"
        },
        {
          "name": "wing_back_r",
          "pivot": [
            -2.5,
            6,
            5.5
          ],
          "cubes": [
            {
              "origin": [
                -2.525,
                5.55,
                5.0
              ],
              "size": [
                0.0,
                4.0,
                6.0
              ],
              "uv": [
                22,
                28
              ],
              "inflate": 0
            }
          ],
          "parent": "chest"
        }
      ]
    }
  ]
}