{
  "format_version": "1.12.0",
  "minecraft:geometry": [
    {
      "description": {
        "identifier": "geometry.md_lystro",
        "texture_width": 64,
        "texture_height": 64,
        "visible_bounds_width": 6,
        "visible_bounds_height": 3,
        "visible_bounds_offset": [
          0,
          0.5,
          0
        ]
      },
      "bones": [
        {
          "name": "root",
          "pivot": [
            0,
            7,
            4
          ],
          "cubes": [
            {
              "origin": [
                -3.0,
                5.0,
                1.0
              ],
              "size": [
                6.0,
                7.0,
                6.0
              ],
              "uv": {
                "north": {
                  "uv": [
                    0,
                    16
                  ],
                  "uv_size": [
                    6,
                    7
                  ]
                },
                "east": {
                  "uv": [
                    15,
                    16
                  ],
                  "uv_size": [
                    6,
                    7
                  ]
                },
                "south": {
                  "uv": [
                    6,
                    18
                  ],
                  "uv_size": [
                    6,
                    7
                  ]
                },
                "west": {
                  "uv": [
                    21,
                    0
                  ],
                  "uv_size": [
                    6,
                    7
                  ]
                },
                "up": {
                  "uv": [
                    0,
                    23
                  ],
                  "uv_size": [
                    6,
                    6
                  ]
                },
                "down": {
                  "uv": [
                    12,
                    29
                  ],
                  "uv_size": [
                    6,
                    -6
                  ]
                }
              },
              "inflate": 0.01
            }
          ],
          "locators": {}
        },
        {
          "name": "spine0",
          "pivot": [
            0,
            7,
            1
          ],
          "cubes": [
            {
              "origin": [
                -3.0,
                4.25,
                -7.25
              ],
              "size": [
                6.0,
                8.0,
                9.0
              ],
              "uv": {
                "north": {
                  "uv": [
                    15,
                    0
                  ],
                  "uv_size": [
                    6,
                    8
                  ]
                },
                "east": {
                  "uv": [
                    0,
                    0
                  ],
                  "uv_size": [
                    9,
                    8
                  ]
                },
                "south": {
                  "uv": [
                    15,
                    8
                  ],
                  "uv_size": [
                    6,
                    8
                  ]
                },
                "west": {
                  "uv": [
                    0,
                    8
                  ],
                  "uv_size": [
                    9,
                    8
                  ]
                },
                "up": {
                  "uv": [
                    9,
                    0
                  ],
                  "uv_size": [
                    6,
                    9
                  ]
                },
                "down": {
                  "uv": [
                    9,
                    18
                  ],
                  "uv_size": [
                    6,
                    -9
                  ]
                }
              },
              "inflate": 0
            }
          ],
          "parent": "root",
          "rotation": [
            -7.5,
            0,
            0
          ]
        },
        {
          "name": "chest",
          "pivot": [
            0,
            7,
            -5
          ],
          "parent": "spine0"
        },
        {
          "name": "shoulder_l",
          "pivot": [
            4.5,
            11.5,
            -5.75
          ],
          "cubes": [
            {
              "origin": [
                8.0,
                0.0,
                -6.75
              ],
              "size": [
                2.0,
                7.0,
                3.0
              ],
              "pivot": [
                2.0,
                0.0,
                0.0
              ],
              "rotation": [
                0.0,
                0.0,
                -50.0
              ],
              "uv": {
                "north": {
                  "uv": [
                    11,
                    35
                  ],
                  "uv_size": [
                    2,
                    7
                  ]
                },
                "east": {
                  "uv": [
                    30,
                    6
                  ],
                  "uv_size": [
                    3,
                    7
                  ]
                },
                "south": {
                  "uv": [
                    13,
                    35
                  ],
                  "uv_size": [
                    2,
                    7
                  ]
                },
                "west": {
                  "uv": [
                    30,
                    13
                  ],
                  "uv_size": [
                    3,
                    7
                  ]
                },
                "up": {
                  "uv": [
                    13,
                    42
                  ],
                  "uv_size": [
                    2,
                    3
                  ]
                },
                "down": {
                  "uv": [
                    15,
                    45
                  ],
                  "uv_size": [
                    2,
                    -3
                  ]
                }
              },
              "inflate": 0
            }
          ],
          "parent": "chest"
        },
        {
          "name": "elbow_l",
          "pivot": [
            5.5,
            5.5,
            -4.75
          ],
          "cubes": [
            {
              "origin": [
                4.5,
                -0.25,
                -6.0
              ],
              "size": [
                2.0,
                6.0,
                2.0
              ],
              "uv": {
                "north": {
                  "uv": [
                    19,
                    35
                  ],
                  "uv_size": [
                    2,
                    6
                  ]
                },
                "east": {
                  "uv": [
                    21,
                    35
                  ],
                  "uv_size": [
                    2,
                    6
                  ]
                },
                "south": {
                  "uv": [
                    23,
                    35
                  ],
                  "uv_size": [
                    2,
                    6
                  ]
                },
                "west": {
                  "uv": [
                    25,
                    35
                  ],
                  "uv_size": [
                    2,
                    6
                  ]
                },
                "up": {
                  "uv": [
                    8,
                    33
                  ],
                  "uv_size": [
                    2,
                    2
                  ]
                },
                "down": {
                  "uv": [
                    6,
                    40
                  ],
                  "uv_size": [
                    2,
                    -2
                  ]
                }
              },
              "inflate": 0
            }
          ],
          "parent": "shoulder_l",
          "rotation": [
            7.5,
            0,
            0
          ]
        },
        {
          "name": "wrist_l",
          "pivot": [
            5.5,
            0.5,
            -4.25
          ],
          "cubes": [
            {
              "origin": [
                6.5,
                -0.5,
                -7.0
              ],
              "size": [
                2.0,
                1.0,
                4.0
              ],
              "pivot": [
                3.0,
                -1.0,
                0.0
              ],
              "rotation": [
                0.0,
                20.0,
                0.0
              ],
              "uv": {
                "north": {
                  "uv": [
                    31,
                    5
                  ],
                  "uv_size": [
                    2,
                    1
                  ]
                },
                "east": {
                  "uv": [
                    43,
                    14
                  ],
                  "uv_size": [
                    4,
                    1
                  ]
                },
                "south": {
                  "uv": [
                    40,
                    21
                  ],
                  "uv_size": [
                    2,
                    1
                  ]
                },
                "west": {
                  "uv": [
                    43,
                    15
                  ],
                  "uv_size": [
                    4,
                    1
                  ]
                },
                "up": {
                  "uv": [
                    10,
                    25
                  ],
                  "uv_size": [
                    2,
                    4
                  ]
                },
                "down": {
                  "uv": [
                    4,
                    33
                  ],
                  "uv_size": [
                    2,
                    -4
                  ]
                }
              },
              "inflate": 0.01
            }
          ],
          "parent": "elbow_l"
        },
        {
          "name": "shoulder_r",
          "pivot": [
            -4.5,
            11.5,
            -5.75
          ],
          "cubes": [
            {
              "origin": [
                -9.0,
                1.0,
                -6.75
              ],
              "size": [
                2.0,
                7.0,
                3.0
              ],
              "pivot": [
                -2.0,
                0.0,
                0.0
              ],
              "rotation": [
                0.0,
                0.0,
                40.0
              ],
              "uv": {
                "north": {
                  "uv": [
                    15,
                    35
                  ],
                  "uv_size": [
                    2,
                    7
                  ]
                },
                "east": {
                  "uv": [
                    30,
                    20
                  ],
                  "uv_size": [
                    3,
                    7
                  ]
                },
                "south": {
                  "uv": [
                    17,
                    35
                  ],
                  "uv_size": [
                    2,
                    7
                  ]
                },
                "west": {
                  "uv": [
                    30,
                    27
                  ],
                  "uv_size": [
                    3,
                    7
                  ]
                },
                "up": {
                  "uv": [
                    17,
                    42
                  ],
                  "uv_size": [
                    2,
                    3
                  ]
                },
                "down": {
                  "uv": [
                    42,
                    24
                  ],
                  "uv_size": [
                    2,
                    -3
                  ]
                }
              },
              "inflate": 0
            }
          ],
          "parent": "chest",
          "rotation": [
            7.5,
            0,
            0
          ]
        },
        {
          "name": "elbow_r",
          "pivot": [
            -5.5,
            5.5,
            -4.75
          ],
          "cubes": [
            {
              "origin": [
                -6.5,
                -0.25,
                -6.0
              ],
              "size": [
                2.0,
                6.0,
                2.0
              ],
              "uv": {
                "north": {
                  "uv": [
                    27,
                    35
                  ],
                  "uv_size": [
                    2,
                    6
                  ]
                },
                "east": {
                  "uv": [
                    33,
                    35
                  ],
                  "uv_size": [
                    2,
                    6
                  ]
                },
                "south": {
                  "uv": [
                    35,
                    35
                  ],
                  "uv_size": [
                    2,
                    6
                  ]
                },
                "west": {
                  "uv": [
                    36,
                    4
                  ],
                  "uv_size": [
                    2,
                    6
                  ]
                },
                "up": {
                  "uv": [
                    43,
                    16
                  ],
                  "uv_size": [
                    2,
                    2
                  ]
                },
                "down": {
                  "uv": [
                    19,
                    45
                  ],
                  "uv_size": [
                    2,
                    -2
                  ]
                }
              },
              "inflate": 0
            }
          ],
          "parent": "shoulder_r"
        },
        {
          "name": "wrist_r",
          "pivot": [
            -5.5,
            0.5,
            -4.25
          ],
          "cubes": [
            {
              "origin": [
                -8.5,
                -0.5,
                -7.0
              ],
              "size": [
                2.0,
                1.0,
                4.0
              ],
              "pivot": [
                -3.0,
                -1.0,
                0.0
              ],
              "rotation": [
                0.0,
                -17.5,
                0.0
              ],
              "uv": {
                "north": {
                  "uv": [
                    27,
                    45
                  ],
                  "uv_size": [
                    2,
                    1
                  ]
                },
                "east": {
                  "uv": [
                    43,
                    18
                  ],
                  "uv_size": [
                    4,
                    1
                  ]
                },
                "south": {
                  "uv": [
                    45,
                    30
                  ],
                  "uv_size": [
                    2,
                    1
                  ]
                },
                "west": {
                  "uv": [
                    43,
                    42
                  ],
                  "uv_size": [
                    4,
                    1
                  ]
                },
                "up": {
                  "uv": [
                    9,
                    40
                  ],
                  "uv_size": [
                    2,
                    4
                  ]
                },
                "down": {
                  "uv": [
                    29,
                    44
                  ],
                  "uv_size": [
                    2,
                    -4
                  ]
                }
              },
              "inflate": 0.01
            }
          ],
          "parent": "elbow_r"
        },
        {
          "name": "neck0",
          "pivot": [
            0,
            7,
            -7.5
          ],
          "cubes": [
            {
              "origin": [
                -2.0,
                7.0,
                1.0
              ],
              "size": [
                4.0,
                8.0,
                5.0
              ],
              "pivot": [
                0.0,
                -4.0,
                0.0
              ],
              "rotation": [
                40.0,
                0.0,
                0.0
              ],
              "uv": {
                "north": {
                  "uv": [
                    6,
                    25
                  ],
                  "uv_size": [
                    4,
                    8
                  ]
                },
                "east": {
                  "uv": [
                    21,
                    7
                  ],
                  "uv_size": [
                    5,
                    8
                  ]
                },
                "south": {
                  "uv": [
                    26,
                    7
                  ],
                  "uv_size": [
                    4,
                    8
                  ]
                },
                "west": {
                  "uv": [
                    21,
                    15
                  ],
                  "uv_size": [
                    5,
                    8
                  ]
                },
                "up": {
                  "uv": [
                    31,
                    0
                  ],
                  "uv_size": [
                    4,
                    5
                  ]
                },
                "down": {
                  "uv": [
                    4,
                    38
                  ],
                  "uv_size": [
                    4,
                    -5
                  ]
                }
              },
              "inflate": 0
            }
          ],
          "parent": "chest"
        },
        {
          "name": "neck1",
          "pivot": [
            0,
            12.5,
            -6.5
          ],
          "parent": "neck0"
        },
        {
          "name": "head",
          "pivot": [
            0,
            11.5,
            -9
          ],
          "cubes": [
            {
              "origin": [
                -2.0,
                9.5,
                -13.0
              ],
              "size": [
                4.0,
                6.0,
                6.0
              ],
              "uv": {
                "north": {
                  "uv": [
                    26,
                    15
                  ],
                  "uv_size": [
                    4,
                    6
                  ]
                },
                "east": {
                  "uv": [
                    18,
                    23
                  ],
                  "uv_size": [
                    6,
                    6
                  ]
                },
                "south": {
                  "uv": [
                    27,
                    0
                  ],
                  "uv_size": [
                    4,
                    6
                  ]
                },
                "west": {
                  "uv": [
                    24,
                    23
                  ],
                  "uv_size": [
                    6,
                    6
                  ]
                },
                "up": {
                  "uv": [
                    0,
                    29
                  ],
                  "uv_size": [
                    4,
                    6
                  ]
                },
                "down": {
                  "uv": [
                    10,
                    35
                  ],
                  "uv_size": [
                    4,
                    -6
                  ]
                }
              },
              "inflate": 0.01
            },
            {
              "origin": [
                -1.5,
                13.0,
                3.0
              ],
              "size": [
                3.0,
                3.0,
                3.0
              ],
              "pivot": [
                0.0,
                -10.0,
                -2.0
              ],
              "rotation": [
                40.0,
                0.0,
                0.0
              ],
              "uv": {
                "north": {
                  "uv": [
                    39,
                    26
                  ],
                  "uv_size": [
                    3,
                    3
                  ]
                },
                "east": {
                  "uv": [
                    39,
                    29
                  ],
                  "uv_size": [
                    3,
                    3
                  ]
                },
                "south": {
                  "uv": [
                    40,
                    4
                  ],
                  "uv_size": [
                    3,
                    3
                  ]
                },
                "west": {
                  "uv": [
                    6,
                    40
                  ],
                  "uv_size": [
                    3,
                    3
                  ]
                },
                "up": {
                  "uv": [
                    40,
                    7
                  ],
                  "uv_size": [
                    3,
                    3
                  ]
                },
                "down": {
                  "uv": [
                    40,
                    13
                  ],
                  "uv_size": [
                    3,
                    -3
                  ]
                }
              },
              "inflate": 0.01
            },
            {
              "origin": [
                -1.0,
                9.5,
                -15.0
              ],
              "size": [
                2.0,
                2.0,
                3.0
              ],
              "pivot": [
                0.0,
                11.5,
                -9.0
              ],
              "rotation": [
                -15.0,
                0.0,
                0.0
              ],
              "uv": {
                "north": {
                  "uv": [
                    21,
                    43
                  ],
                  "uv_size": [
                    2,
                    2
                  ]
                },
                "east": {
                  "uv": [
                    6,
                    16
                  ],
                  "uv_size": [
                    3,
                    2
                  ]
                },
                "south": {
                  "uv": [
                    43,
                    43
                  ],
                  "uv_size": [
                    2,
                    2
                  ]
                },
                "west": {
                  "uv": [
                    42,
                    24
                  ],
                  "uv_size": [
                    3,
                    2
                  ]
                },
                "up": {
                  "uv": [
                    42,
                    26
                  ],
                  "uv_size": [
                    2,
                    3
                  ]
                },
                "down": {
                  "uv": [
                    42,
                    32
                  ],
                  "uv_size": [
                    2,
                    -3
                  ]
                }
              },
              "inflate": 0
            },
            {
              "origin": [
                -2.0,
                7.5,
                -14.0
              ],
              "size": [
                1.0,
                3.0,
                1.0
              ],
              "pivot": [
                0.0,
                11.5,
                -9.0
              ],
              "rotation": [
                -22.5,
                0.0,
                0.0
              ],
              "uv": {
                "north": {
                  "uv": [
                    10,
                    44
                  ],
                  "uv_size": [
                    1,
                    3
                  ]
                },
                "east": {
                  "uv": [
                    44,
                    29
                  ],
                  "uv_size": [
                    1,
                    3
                  ]
                },
                "south": {
                  "uv": [
                    31,
                    44
                  ],
                  "uv_size": [
                    1,
                    3
                  ]
                },
                "west": {
                  "uv": [
                    32,
                    44
                  ],
                  "uv_size": [
                    1,
                    3
                  ]
                },
                "up": {
                  "uv": [
                    35,
                    4
                  ],
                  "uv_size": [
                    1,
                    1
                  ]
                },
                "down": {
                  "uv": [
                    36,
                    35
                  ],
                  "uv_size": [
                    1,
                    -1
                  ]
                }
              },
              "inflate": 0
            },
            {
              "origin": [
                1.0,
                7.5,
                -14.0
              ],
              "size": [
                1.0,
                3.0,
                1.0
              ],
              "pivot": [
                0.0,
                11.5,
                -9.0
              ],
              "rotation": [
                -20.0,
                0.0,
                0.0
              ],
              "uv": {
                "north": {
                  "uv": [
                    44,
                    32
                  ],
                  "uv_size": [
                    1,
                    3
                  ]
                },
                "east": {
                  "uv": [
                    44,
                    36
                  ],
                  "uv_size": [
                    1,
                    3
                  ]
                },
                "south": {
                  "uv": [
                    44,
                    39
                  ],
                  "uv_size": [
                    1,
                    3
                  ]
                },
                "west": {
                  "uv": [
                    45,
                    4
                  ],
                  "uv_size": [
                    1,
                    3
                  ]
                },
                "up": {
                  "uv": [
                    29,
                    39
                  ],
                  "uv_size": [
                    1,
                    1
                  ]
                },
                "down": {
                  "uv": [
                    39,
                    33
                  ],
                  "uv_size": [
                    1,
                    -1
                  ]
                }
              },
              "inflate": 0
            },
            {
              "origin": [
                -2.0,
                12.5,
                -9.7
              ],
              "size": [
                1.0,
                3.0,
                3.0
              ],
              "pivot": [
                0.0,
                11.5,
                -9.0
              ],
              "rotation": [
                0.0,
                -15.5,
                0.0
              ],
              "uv": {
                "north": {
                  "uv": [
                    15,
                    45
                  ],
                  "uv_size": [
                    1,
                    3
                  ]
                },
                "east": {
                  "uv": [
                    40,
                    13
                  ],
                  "uv_size": [
                    3,
                    3
                  ]
                },
                "south": {
                  "uv": [
                    16,
                    45
                  ],
                  "uv_size": [
                    1,
                    3
                  ]
                },
                "west": {
                  "uv": [
                    40,
                    16
                  ],
                  "uv_size": [
                    3,
                    3
                  ]
                },
                "up": {
                  "uv": [
                    17,
                    45
                  ],
                  "uv_size": [
                    1,
                    3
                  ]
                },
                "down": {
                  "uv": [
                    18,
                    48
                  ],
                  "uv_size": [
                    1,
                    -3
                  ]
                }
              },
              "inflate": 0
            },
            {
              "origin": [
                1.0,
                12.5,
                -10.6
              ],
              "size": [
                1.0,
                3.0,
                4.0
              ],
              "pivot": [
                0.0,
                11.5,
                -9.0
              ],
              "rotation": [
                0.0,
                14.5,
                0.0
              ],
              "uv": {
                "north": {
                  "uv": [
                    19,
                    45
                  ],
                  "uv_size": [
                    1,
                    3
                  ]
                },
                "east": {
                  "uv": [
                    36,
                    16
                  ],
                  "uv_size": [
                    4,
                    3
                  ]
                },
                "south": {
                  "uv": [
                    20,
                    45
                  ],
                  "uv_size": [
                    1,
                    3
                  ]
                },
                "west": {
                  "uv": [
                    36,
                    19
                  ],
                  "uv_size": [
                    4,
                    3
                  ]
                },
                "up": {
                  "uv": [
                    29,
                    35
                  ],
                  "uv_size": [
                    1,
                    4
                  ]
                },
                "down": {
                  "uv": [
                    3,
                    43
                  ],
                  "uv_size": [
                    1,
                    -4
                  ]
                }
              },
              "inflate": 0
            }
          ],
          "parent": "neck1",
          "rotation": [
            20,
            0,
            0
          ]
        },
        {
          "name": "eyelids",
          "pivot": [
            0,
            1,
            -9
          ],
          "parent": "head"
        },
        {
          "name": "jaw",
          "pivot": [
            0,
            11.75,
            -11.5
          ],
          "cubes": [
            {
              "origin": [
                -1.5,
                12.0,
                -8.5
              ],
              "size": [
                3.0,
                1.0,
                4.0
              ],
              "pivot": [
                0.0,
                -10.0,
                -2.0
              ],
              "rotation": [
                17.5,
                0.0,
                0.0
              ],
              "uv": {
                "north": {
                  "uv": [
                    27,
                    6
                  ],
                  "uv_size": [
                    3,
                    1
                  ]
                },
                "east": {
                  "uv": [
                    44,
                    23
                  ],
                  "uv_size": [
                    4,
                    1
                  ]
                },
                "south": {
                  "uv": [
                    45,
                    16
                  ],
                  "uv_size": [
                    3,
                    1
                  ]
                },
                "west": {
                  "uv": [
                    44,
                    26
                  ],
                  "uv_size": [
                    4,
                    1
                  ]
                },
                "up": {
                  "uv": [
                    36,
                    22
                  ],
                  "uv_size": [
                    3,
                    4
                  ]
                },
                "down": {
                  "uv": [
                    36,
                    30
                  ],
                  "uv_size": [
                    3,
                    -4
                  ]
                }
              },
              "inflate": 0.01
            }
          ],
          "parent": "head"
        },
        {
          "name": "tail0",
          "pivot": [
            0,
            9,
            6
          ],
          "cubes": [
            {
              "origin": [
                -2.0,
                10.0,
                6.0
              ],
              "size": [
                4.0,
                2.0,
                4.0
              ],
              "uv": {
                "north": {
                  "uv": [
                    26,
                    21
                  ],
                  "uv_size": [
                    4,
                    2
                  ]
                },
                "east": {
                  "uv": [
                    40,
                    19
                  ],
                  "uv_size": [
                    4,
                    2
                  ]
                },
                "south": {
                  "uv": [
                    40,
                    36
                  ],
                  "uv_size": [
                    4,
                    2
                  ]
                },
                "west": {
                  "uv": [
                    40,
                    38
                  ],
                  "uv_size": [
                    4,
                    2
                  ]
                },
                "up": {
                  "uv": [
                    0,
                    35
                  ],
                  "uv_size": [
                    4,
                    4
                  ]
                },
                "down": {
                  "uv": [
                    35,
                    4
                  ],
                  "uv_size": [
                    4,
                    -4
                  ]
                }
              },
              "inflate": 0
            }
          ],
          "parent": "root"
        },
        {
          "name": "tail1",
          "pivot": [
            0,
            10,
            12
          ],
          "cubes": [
            {
              "origin": [
                -1.5,
                13.0,
                6.0
              ],
              "size": [
                3.0,
                1.0,
                5.0
              ],
              "pivot": [
                0.0,
                -3.0,
                -1.0
              ],
              "rotation": [
                -12.5,
                0.0,
                0.0
              ],
              "uv": {
                "north": {
                  "uv": [
                    45,
                    17
                  ],
                  "uv_size": [
                    3,
                    1
                  ]
                },
                "east": {
                  "uv": [
                    42,
                    35
                  ],
                  "uv_size": [
                    5,
                    1
                  ]
                },
                "south": {
                  "uv": [
                    21,
                    45
                  ],
                  "uv_size": [
                    3,
                    1
                  ]
                },
                "west": {
                  "uv": [
                    43,
                    13
                  ],
                  "uv_size": [
                    5,
                    1
                  ]
                },
                "up": {
                  "uv": [
                    12,
                    18
                  ],
                  "uv_size": [
                    3,
                    5
                  ]
                },
                "down": {
                  "uv": [
                    8,
                    40
                  ],
                  "uv_size": [
                    3,
                    -5
                  ]
                }
              },
              "inflate": -0.01
            }
          ],
          "parent": "tail0"
        },
        {
          "name": "tail2",
          "pivot": [
            0,
            10,
            18
          ],
          "parent": "tail1"
        },
        {
          "name": "tail3",
          "pivot": [
            0,
            10.5,
            24
          ],
          "parent": "tail2"
        },
        {
          "name": "rump_l",
          "pivot": [
            3.5,
            10.5,
            4
          ],
          "cubes": [
            {
              "origin": [
                2.0,
                4.5,
                2.0
              ],
              "size": [
                3.0,
                6.0,
                4.0
              ],
              "uv": {
                "north": {
                  "uv": [
                    33,
                    5
                  ],
                  "uv_size": [
                    3,
                    6
                  ]
                },
                "east": {
                  "uv": [
                    14,
                    29
                  ],
                  "uv_size": [
                    4,
                    6
                  ]
                },
                "south": {
                  "uv": [
                    33,
                    11
                  ],
                  "uv_size": [
                    3,
                    6
                  ]
                },
                "west": {
                  "uv": [
                    18,
                    29
                  ],
                  "uv_size": [
                    4,
                    6
                  ]
                },
                "up": {
                  "uv": [
                    36,
                    30
                  ],
                  "uv_size": [
                    3,
                    4
                  ]
                },
                "down": {
                  "uv": [
                    37,
                    38
                  ],
                  "uv_size": [
                    3,
                    -4
                  ]
                }
              },
              "inflate": 0
            }
          ],
          "parent": "root"
        },
        {
          "name": "hip_l",
          "pivot": [
            4,
            6.5,
            4
          ],
          "cubes": [
            {
              "origin": [
                2.5,
                1.0,
                2.5
              ],
              "size": [
                2.0,
                6.0,
                3.0
              ],
              "uv": {
                "north": {
                  "uv": [
                    4,
                    38
                  ],
                  "uv_size": [
                    2,
                    6
                  ]
                },
                "east": {
                  "uv": [
                    33,
                    17
                  ],
                  "uv_size": [
                    3,
                    6
                  ]
                },
                "south": {
                  "uv": [
                    38,
                    4
                  ],
                  "uv_size": [
                    2,
                    6
                  ]
                },
                "west": {
                  "uv": [
                    33,
                    23
                  ],
                  "uv_size": [
                    3,
                    6
                  ]
                },
                "up": {
                  "uv": [
                    39,
                    42
                  ],
                  "uv_size": [
                    2,
                    3
                  ]
                },
                "down": {
                  "uv": [
                    41,
                    45
                  ],
                  "uv_size": [
                    2,
                    -3
                  ]
                }
              },
              "inflate": 0
            }
          ],
          "parent": "rump_l"
        },
        {
          "name": "knee_l",
          "pivot": [
            3.5,
            1,
            4
          ],
          "cubes": [
            {
              "origin": [
                2.5,
                0.0,
                1.0
              ],
              "size": [
                2.0,
                2.0,
                4.0
              ],
              "uv": {
                "north": {
                  "uv": [
                    4,
                    44
                  ],
                  "uv_size": [
                    2,
                    2
                  ]
                },
                "east": {
                  "uv": [
                    40,
                    40
                  ],
                  "uv_size": [
                    4,
                    2
                  ]
                },
                "south": {
                  "uv": [
                    8,
                    44
                  ],
                  "uv_size": [
                    2,
                    2
                  ]
                },
                "west": {
                  "uv": [
                    19,
                    41
                  ],
                  "uv_size": [
                    4,
                    2
                  ]
                },
                "up": {
                  "uv": [
                    23,
                    41
                  ],
                  "uv_size": [
                    2,
                    4
                  ]
                },
                "down": {
                  "uv": [
                    25,
                    45
                  ],
                  "uv_size": [
                    2,
                    -4
                  ]
                }
              },
              "inflate": 0
            }
          ],
          "parent": "hip_l"
        },
        {
          "name": "ankle_l",
          "pivot": [
            3.5,
            0.5,
            1.5
          ],
          "cubes": [
            {
              "origin": [
                2.5,
                0.0,
                -1.5
              ],
              "size": [
                2.0,
                1.0,
                3.0
              ],
              "uv": {
                "north": {
                  "uv": [
                    45,
                    34
                  ],
                  "uv_size": [
                    2,
                    1
                  ]
                },
                "east": {
                  "uv": [
                    24,
                    45
                  ],
                  "uv_size": [
                    3,
                    1
                  ]
                },
                "south": {
                  "uv": [
                    35,
                    45
                  ],
                  "uv_size": [
                    2,
                    1
                  ]
                },
                "west": {
                  "uv": [
                    45,
                    24
                  ],
                  "uv_size": [
                    3,
                    1
                  ]
                },
                "up": {
                  "uv": [
                    0,
                    43
                  ],
                  "uv_size": [
                    2,
                    3
                  ]
                },
                "down": {
                  "uv": [
                    2,
                    46
                  ],
                  "uv_size": [
                    2,
                    -3
                  ]
                }
              },
              "inflate": 0.01
            }
          ],
          "parent": "knee_l"
        },
        {
          "name": "rump_r",
          "pivot": [
            -3.5,
            10.5,
            4
          ],
          "cubes": [
            {
              "origin": [
                -5.0,
                4.5,
                2.0
              ],
              "size": [
                3.0,
                6.0,
                4.0
              ],
              "uv": {
                "north": {
                  "uv": [
                    33,
                    29
                  ],
                  "uv_size": [
                    3,
                    6
                  ]
                },
                "east": {
                  "uv": [
                    22,
                    29
                  ],
                  "uv_size": [
                    4,
                    6
                  ]
                },
                "south": {
                  "uv": [
                    30,
                    34
                  ],
                  "uv_size": [
                    3,
                    6
                  ]
                },
                "west": {
                  "uv": [
                    26,
                    29
                  ],
                  "uv_size": [
                    4,
                    6
                  ]
                },
                "up": {
                  "uv": [
                    37,
                    38
                  ],
                  "uv_size": [
                    3,
                    4
                  ]
                },
                "down": {
                  "uv": [
                    0,
                    43
                  ],
                  "uv_size": [
                    3,
                    -4
                  ]
                }
              },
              "inflate": 0
            }
          ],
          "parent": "root"
        },
        {
          "name": "hip_r",
          "pivot": [
            -3,
            6.5,
            4
          ],
          "cubes": [
            {
              "origin": [
                -4.5,
                1.0,
                2.5
              ],
              "size": [
                2.0,
                4.0,
                3.0
              ],
              "uv": {
                "north": {
                  "uv": [
                    27,
                    41
                  ],
                  "uv_size": [
                    2,
                    4
                  ]
                },
                "east": {
                  "uv": [
                    39,
                    0
                  ],
                  "uv_size": [
                    3,
                    4
                  ]
                },
                "south": {
                  "uv": [
                    33,
                    41
                  ],
                  "uv_size": [
                    2,
                    4
                  ]
                },
                "west": {
                  "uv": [
                    39,
                    22
                  ],
                  "uv_size": [
                    3,
                    4
                  ]
                },
                "up": {
                  "uv": [
                    43,
                    4
                  ],
                  "uv_size": [
                    2,
                    3
                  ]
                },
                "down": {
                  "uv": [
                    6,
                    46
                  ],
                  "uv_size": [
                    2,
                    -3
                  ]
                }
              },
              "inflate": 0
            }
          ],
          "parent": "rump_r"
        },
        {
          "name": "knee_r",
          "pivot": [
            -3.5,
            1,
            4
          ],
          "cubes": [
            {
              "origin": [
                -4.5,
                0.0,
                1.0
              ],
              "size": [
                2.0,
                2.0,
                4.0
              ],
              "uv": {
                "north": {
                  "uv": [
                    44,
                    27
                  ],
                  "uv_size": [
                    2,
                    2
                  ]
                },
                "east": {
                  "uv": [
                    42,
                    0
                  ],
                  "uv_size": [
                    4,
                    2
                  ]
                },
                "south": {
                  "uv": [
                    29,
                    44
                  ],
                  "uv_size": [
                    2,
                    2
                  ]
                },
                "west": {
                  "uv": [
                    42,
                    2
                  ],
                  "uv_size": [
                    4,
                    2
                  ]
                },
                "up": {
                  "uv": [
                    35,
                    41
                  ],
                  "uv_size": [
                    2,
                    4
                  ]
                },
                "down": {
                  "uv": [
                    11,
                    46
                  ],
                  "uv_size": [
                    2,
                    -4
                  ]
                }
              },
              "inflate": 0
            }
          ],
          "parent": "hip_r"
        },
        {
          "name": "ankle_r",
          "pivot": [
            -3.5,
            0.5,
            1.5
          ],
          "cubes": [
            {
              "origin": [
                -4.5,
                0.0,
                -1.5
              ],
              "size": [
                2.0,
                1.0,
                3.0
              ],
              "uv": {
                "north": {
                  "uv": [
                    45,
                    36
                  ],
                  "uv_size": [
                    2,
                    1
                  ]
                },
                "east": {
                  "uv": [
                    45,
                    25
                  ],
                  "uv_size": [
                    3,
                    1
                  ]
                },
                "south": {
                  "uv": [
                    37,
                    45
                  ],
                  "uv_size": [
                    2,
                    1
                  ]
                },
                "west": {
                  "uv": [
                    45,
                    29
                  ],
                  "uv_size": [
                    3,
                    1
                  ]
                },
                "up": {
                  "uv": [
                    43,
                    7
                  ],
                  "uv_size": [
                    2,
                    3
                  ]
                },
                "down": {
                  "uv": [
                    43,
                    13
                  ],
                  "uv_size": [
                    2,
                    -3
                  ]
                }
              },
              "inflate": 0.01
            }
          ],
          "parent": "knee_r"
        }
      ]
    }
  ]
}