{
  "format_version": "1.12.0",
  "minecraft:geometry": [
    {
      "description": {
        "identifier": "geometry.md_mamenchi",
        "texture_width": 512,
        "texture_height": 512,
        "visible_bounds_width": 35,
        "visible_bounds_height": 18,
        "visible_bounds_offset": [
          0,
          3,
          0
        ]
      },
      "bones": [
        {
          "name": "root",
          "pivot": [
            0,
            70,
            26.5
          ],
          "cubes": [
            {
              "origin": [
                -16.5,
                41.0,
                12.5
              ],
              "size": [
                33.0,
                46.0,
                24.0
              ],
              "uv": [
                0,
                272
              ],
              "inflate": 0
            }
          ],
          "locators": {}
        },
        {
          "name": "spine0",
          "pivot": [
            0,
            71,
            4
          ],
          "cubes": [
            {
              "origin": [
                -17.5,
                42.0,
                -17.5
              ],
              "size": [
                35.0,
                44.0,
                35.0
              ],
              "uv": [
                0,
                193
              ],
              "inflate": 0
            }
          ],
          "parent": "root",
          "rotation": [
            7.5,
            0,
            0
          ]
        },
        {
          "name": "chest",
          "pivot": [
            0,
            71,
            -23
          ],
          "cubes": [
            {
              "origin": [
                -19.5,
                43.0,
                -36.5
              ],
              "size": [
                39.0,
                42.0,
                27.0
              ],
              "uv": [
                242,
                81
              ],
              "inflate": 0
            }
          ],
          "parent": "spine0"
        },
        {
          "name": "neck0",
          "pivot": [
            0,
            70,
            -34
          ],
          "cubes": [
            {
              "origin": [
                -14.5,
                53.0,
                -65.0
              ],
              "size": [
                29.0,
                31.0,
                45.0
              ],
              "uv": [
                139,
                148
              ],
              "inflate": 0
            }
          ],
          "parent": "chest"
        },
        {
          "name": "neck1",
          "pivot": [
            0,
            70,
            -64
          ],
          "cubes": [
            {
              "origin": [
                -10.5,
                58.5,
                -108.0
              ],
              "size": [
                21.0,
                23.0,
                46.0
              ],
              "uv": [
                140,
                224
              ],
              "inflate": 0
            }
          ],
          "parent": "neck0"
        },
        {
          "name": "neck2",
          "pivot": [
            0,
            70,
            -107
          ],
          "cubes": [
            {
              "origin": [
                -7.5,
                62.0,
                -151.5
              ],
              "size": [
                15.0,
                17.0,
                46.0
              ],
              "uv": [
                228,
                247
              ],
              "inflate": 0
            }
          ],
          "parent": "neck1"
        },
        {
          "name": "neck3",
          "pivot": [
            0,
            70,
            -151
          ],
          "cubes": [
            {
              "origin": [
                -5.5,
                63.5,
                -196.0
              ],
              "size": [
                11.0,
                14.0,
                47.0
              ],
              "uv": [
                114,
                293
              ],
              "inflate": 0
            }
          ],
          "parent": "neck2",
          "rotation": [
            10,
            0,
            0
          ]
        },
        {
          "name": "neck4",
          "pivot": [
            0,
            70,
            -194
          ],
          "cubes": [
            {
              "origin": [
                -5.0,
                65.5,
                -208.5
              ],
              "size": [
                10.0,
                10.0,
                17.0
              ],
              "uv": [
                0,
                55
              ],
              "inflate": 0
            }
          ],
          "parent": "neck3"
        },
        {
          "name": "head",
          "pivot": [
            0,
            72,
            -208
          ],
          "cubes": [
            {
              "origin": [
                -5.5,
                69.5,
                -218.5
              ],
              "size": [
                11.0,
                7.0,
                14.0
              ],
              "uv": [
                90,
                272
              ],
              "inflate": 0
            },
            {
              "origin": [
                -4.5,
                71.0,
                -214.0
              ],
              "size": [
                9.0,
                11.0,
                7.0
              ],
              "pivot": [
                0.0,
                75.0,
                -209.75
              ],
              "rotation": [
                75.0,
                0.0,
                0.0
              ],
              "uv": [
                51,
                48
              ],
              "inflate": 0
            },
            {
              "origin": [
                -4.5,
                69.5,
                -226.5
              ],
              "size": [
                9.0,
                5.0,
                10.0
              ],
              "uv": [
                41,
                0
              ],
              "inflate": 0
            }
          ],
          "parent": "neck4"
        },
        {
          "name": "eyelids",
          "pivot": [
            0,
            72,
            -212
          ],
          "parent": "head"
        },
        {
          "name": "jaw",
          "pivot": [
            0,
            69,
            -208
          ],
          "cubes": [
            {
              "origin": [
                -4.5,
                66.5,
                -226.5
              ],
              "size": [
                9.0,
                3.0,
                19.0
              ],
              "uv": [
                208,
                85
              ],
              "inflate": 0
            },
            {
              "origin": [
                -4.75,
                69.5,
                -215.0
              ],
              "size": [
                0.0,
                5.0,
                7.0
              ],
              "uv": [
                0,
                5
              ],
              "inflate": 0
            },
            {
              "origin": [
                4.75,
                69.5,
                -215.0
              ],
              "size": [
                0.0,
                5.0,
                7.0
              ],
              "uv": [
                0,
                0
              ],
              "inflate": 0
            }
          ],
          "parent": "head"
        },
        {
          "name": "shoulder_l",
          "pivot": [
            17,
            64,
            -23
          ],
          "cubes": [
            {
              "origin": [
                10.5,
                34.0,
                -32.0
              ],
              "size": [
                12.0,
                38.0,
                17.0
              ],
              "uv": [
                0,
                104
              ],
              "inflate": 0.01
            }
          ],
          "parent": "chest",
          "rotation": [
            -7.5,
            0,
            0
          ]
        },
        {
          "name": "elbow_l",
          "pivot": [
            17,
            37,
            -18
          ],
          "cubes": [
            {
              "origin": [
                11.0,
                8.5,
                -30.0
              ],
              "size": [
                11.0,
                31.0,
                14.0
              ],
              "uv": [
                304,
                230
              ],
              "inflate": 0
            }
          ],
          "parent": "shoulder_l"
        },
        {
          "name": "wrist_l",
          "pivot": [
            17,
            11,
            -23
          ],
          "cubes": [
            {
              "origin": [
                11.0,
                -3.0,
                -30.0
              ],
              "size": [
                11.0,
                14.0,
                14.0
              ],
              "uv": [
                309,
                150
              ],
              "inflate": 0.01
            }
          ],
          "parent": "elbow_l"
        },
        {
          "name": "shoulder_r",
          "pivot": [
            -17,
            62,
            -23
          ],
          "cubes": [
            {
              "origin": [
                -22.5,
                32.0,
                -32.0
              ],
              "size": [
                12.0,
                38.0,
                17.0
              ],
              "uv": [
                0,
                0
              ],
              "inflate": 0.01
            }
          ],
          "parent": "chest",
          "rotation": [
            -7.5,
            0,
            0
          ]
        },
        {
          "name": "elbow_r",
          "pivot": [
            -17,
            35,
            -18
          ],
          "cubes": [
            {
              "origin": [
                -22.0,
                6.5,
                -30.0
              ],
              "size": [
                11.0,
                31.0,
                14.0
              ],
              "uv": [
                295,
                0
              ],
              "inflate": 0
            }
          ],
          "parent": "shoulder_r"
        },
        {
          "name": "wrist_r",
          "pivot": [
            -17,
            9,
            -23
          ],
          "cubes": [
            {
              "origin": [
                -22.0,
                -5.0,
                -30.0
              ],
              "size": [
                11.0,
                14.0,
                14.0
              ],
              "uv": [
                299,
                45
              ],
              "inflate": 0.01
            }
          ],
          "parent": "elbow_r"
        },
        {
          "name": "tail0",
          "pivot": [
            0,
            72,
            36
          ],
          "cubes": [
            {
              "origin": [
                -15.0,
                55.0,
                20.5
              ],
              "size": [
                30.0,
                27.0,
                54.0
              ],
              "uv": [
                131,
                0
              ],
              "inflate": 0
            }
          ],
          "parent": "root",
          "rotation": [
            23.92479,
            5.62353,
            0.36751
          ]
        },
        {
          "name": "tail1",
          "pivot": [
            0,
            70,
            77
          ],
          "cubes": [
            {
              "origin": [
                -11.5,
                61.0,
                72.5
              ],
              "size": [
                23.0,
                19.0,
                85.0
              ],
              "uv": [
                0,
                0
              ],
              "inflate": 0
            }
          ],
          "parent": "tail0"
        },
        {
          "name": "tail2",
          "pivot": [
            0,
            71,
            157
          ],
          "cubes": [
            {
              "origin": [
                -8.5,
                65.0,
                156.5
              ],
              "size": [
                17.0,
                14.0,
                75.0
              ],
              "uv": [
                0,
                104
              ],
              "inflate": 0
            }
          ],
          "parent": "tail1"
        },
        {
          "name": "tail3",
          "pivot": [
            0,
            70,
            195
          ],
          "cubes": [
            {
              "origin": [
                -5.5,
                94.0,
                191.0
              ],
              "size": [
                11.0,
                6.0,
                56.0
              ],
              "pivot": [
                0.0,
                0.0,
                92.0
              ],
              "rotation": [
                -12.5,
                0.0,
                0.0
              ],
              "uv": [
                231,
                168
              ],
              "inflate": 0
            }
          ],
          "parent": "tail2"
        },
        {
          "name": "rump_r",
          "pivot": [
            -21,
            61,
            26
          ],
          "cubes": [
            {
              "origin": [
                -26.5,
                42.5,
                17.5
              ],
              "size": [
                12.0,
                26.0,
                17.0
              ],
              "uv": [
                167,
                104
              ],
              "inflate": 0.01
            }
          ],
          "parent": "root"
        },
        {
          "name": "hip_r",
          "pivot": [
            -21,
            43,
            22
          ],
          "cubes": [
            {
              "origin": [
                -26.0,
                13.0,
                19.5
              ],
              "size": [
                11.0,
                34.0,
                14.0
              ],
              "uv": [
                131,
                0
              ],
              "inflate": 0
            }
          ],
          "parent": "rump_r"
        },
        {
          "name": "knee_r",
          "pivot": [
            -21,
            19,
            27
          ],
          "cubes": [
            {
              "origin": [
                -26.0,
                0.0,
                19.5
              ],
              "size": [
                11.0,
                14.0,
                14.0
              ],
              "uv": [
                183,
                296
              ],
              "inflate": 0.01
            }
          ],
          "parent": "hip_r"
        },
        {
          "name": "rump_l",
          "pivot": [
            21,
            59,
            26
          ],
          "cubes": [
            {
              "origin": [
                14.5,
                40.5,
                17.5
              ],
              "size": [
                12.0,
                26.0,
                17.0
              ],
              "uv": [
                109,
                104
              ],
              "inflate": 0.01
            }
          ],
          "parent": "root"
        },
        {
          "name": "hip_l",
          "pivot": [
            21,
            41,
            22
          ],
          "cubes": [
            {
              "origin": [
                15.0,
                14.0,
                19.5
              ],
              "size": [
                11.0,
                31.0,
                14.0
              ],
              "uv": [
                245,
                0
              ],
              "inflate": 0
            }
          ],
          "parent": "rump_l"
        },
        {
          "name": "knee_l",
          "pivot": [
            21,
            17,
            27
          ],
          "cubes": [
            {
              "origin": [
                15.0,
                0.0,
                19.5
              ],
              "size": [
                11.0,
                14.0,
                14.0
              ],
              "uv": [
                109,
                147
              ],
              "inflate": 0.01
            }
          ],
          "parent": "hip_l"
        }
      ]
    }
  ]
}