{
  "format_version": "1.12.0",
  "minecraft:geometry": [
    {
      "description": {
        "identifier": "geometry.md_m_edmo",
        "texture_width": 512,
        "texture_height": 512,
        "visible_bounds_width": 22,
        "visible_bounds_height": 11,
        "visible_bounds_offset": [
          0,
          1.5,
          0
        ]
      },
      "bones": [
        {
          "name": "root",
          "pivot": [
            0,
            62,
            32
          ],
          "cubes": [
            {
              "origin": [
                -13.0,
                33.0,
                13.0
              ],
              "size": [
                26.0,
                41.0,
                34.0
              ],
              "uv": [
                0,
                0
              ],
              "inflate": 0
            },
            {
              "origin": [
                0.0,
                74.0,
                15.0
              ],
              "size": [
                0.0,
                5.0,
                32.0
              ],
              "uv": [
                142,
                93
              ],
              "inflate": 0
            }
          ],
          "locators": {}
        },
        {
          "name": "spikes2",
          "pivot": [
            7,
            83,
            35
          ],
          "parent": "root"
        },
        {
          "name": "spikes3",
          "pivot": [
            -7,
            83,
            35
          ],
          "parent": "root"
        },
        {
          "name": "spine0",
          "pivot": [
            0,
            62,
            18
          ],
          "cubes": [
            {
              "origin": [
                -13.0,
                33.0,
                -18.0
              ],
              "size": [
                26.0,
                41.0,
                33.0
              ],
              "uv": [
                0,
                75
              ],
              "inflate": 0
            },
            {
              "origin": [
                0.0,
                72.0,
                -18.0
              ],
              "size": [
                0.0,
                7.0,
                33.0
              ],
              "uv": [
                142,
                69
              ],
              "inflate": 0
            }
          ],
          "parent": "root"
        },
        {
          "name": "chest",
          "pivot": [
            0,
            62,
            -12
          ],
          "cubes": [
            {
              "origin": [
                -11.0,
                7.0,
                -7.0
              ],
              "size": [
                22.0,
                32.0,
                33.0
              ],
              "pivot": [
                0.0,
                27.0,
                -17.0
              ],
              "rotation": [
                85.0,
                0.0,
                0.0
              ],
              "uv": [
                153,
                135
              ],
              "inflate": 0
            },
            {
              "origin": [
                0.0,
                70.0,
                -25.0
              ],
              "size": [
                0.0,
                5.0,
                8.0
              ],
              "uv": [
                0,
                21
              ],
              "inflate": 0
            }
          ],
          "parent": "spine0"
        },
        {
          "name": "neck0",
          "pivot": [
            0,
            56,
            -15
          ],
          "cubes": [
            {
              "origin": [
                -7.0,
                47.0,
                -37.0
              ],
              "size": [
                15.0,
                19.0,
                13.0
              ],
              "uv": [
                86,
                0
              ],
              "inflate": 0
            }
          ],
          "parent": "chest",
          "rotation": [
            -20,
            0,
            0
          ]
        },
        {
          "name": "neck1",
          "pivot": [
            0,
            57,
            -40
          ],
          "cubes": [
            {
              "origin": [
                -4.5,
                50.0,
                -54.0
              ],
              "size": [
                10.0,
                16.0,
                23.0
              ],
              "uv": [
                185,
                86
              ],
              "inflate": 0
            }
          ],
          "parent": "neck0",
          "rotation": [
            -35,
            0,
            0
          ]
        },
        {
          "name": "spikes6",
          "pivot": [
            4,
            65,
            -48
          ],
          "parent": "neck1"
        },
        {
          "name": "spikes7",
          "pivot": [
            -4,
            65,
            -48
          ],
          "parent": "neck1"
        },
        {
          "name": "head",
          "pivot": [
            0,
            60,
            -50
          ],
          "cubes": [
            {
              "origin": [
                -4.5,
                55.0,
                -81.0
              ],
              "size": [
                9.0,
                10.0,
                12.0
              ],
              "uv": [
                54,
                217
              ],
              "inflate": 0
            },
            {
              "origin": [
                -5.5,
                51.0,
                -70.0
              ],
              "size": [
                11.0,
                17.0,
                23.0
              ],
              "uv": [
                57,
                177
              ],
              "inflate": 0
            },
            {
              "origin": [
                -2.0,
                48.0,
                -67.0
              ],
              "size": [
                4.0,
                7.0,
                4.0
              ],
              "pivot": [
                0.0,
                60.0,
                -50.0
              ],
              "rotation": [
                -40.0,
                0.0,
                0.0
              ],
              "uv": [
                142,
                11
              ],
              "inflate": 0
            },
            {
              "origin": [
                -5.0,
                55.0,
                -82.0
              ],
              "size": [
                10.0,
                2.0,
                9.0
              ],
              "uv": [
                129,
                0
              ],
              "inflate": 0
            },
            {
              "origin": [
                -1.0,
                60.0,
                -66.0
              ],
              "size": [
                2.0,
                13.0,
                12.0
              ],
              "pivot": [
                0.0,
                60.0,
                -50.0
              ],
              "rotation": [
                -22.5,
                0.0,
                0.0
              ],
              "uv": [
                0,
                149
              ],
              "inflate": 0
            },
            {
              "origin": [
                -4.0,
                42.0,
                -68.0
              ],
              "size": [
                8.0,
                6.0,
                4.0
              ],
              "pivot": [
                0.0,
                60.0,
                -50.0
              ],
              "rotation": [
                -55.0,
                0.0,
                0.0
              ],
              "uv": [
                46,
                149
              ],
              "inflate": 0
            }
          ],
          "parent": "neck1",
          "rotation": [
            56.37304,
            0.85377,
            6.01665
          ]
        },
        {
          "name": "eyelids",
          "pivot": [
            0,
            64,
            -60
          ],
          "parent": "head"
        },
        {
          "name": "jaw",
          "pivot": [
            0,
            57,
            -67
          ],
          "cubes": [
            {
              "origin": [
                -4.5,
                51.0,
                -81.0
              ],
              "size": [
                9.0,
                4.0,
                12.0
              ],
              "uv": [
                142,
                109
              ],
              "inflate": 0
            }
          ],
          "parent": "head"
        },
        {
          "name": "spikes5",
          "pivot": [
            -8,
            66,
            -28
          ],
          "parent": "chest"
        },
        {
          "name": "spikes4",
          "pivot": [
            8,
            66,
            -28
          ],
          "parent": "chest"
        },
        {
          "name": "shoulder_l",
          "pivot": [
            11,
            47,
            -16
          ],
          "cubes": [
            {
              "origin": [
                8.0,
                23.0,
                -20.0
              ],
              "size": [
                9.0,
                25.0,
                11.0
              ],
              "uv": [
                159,
                200
              ],
              "inflate": 0
            }
          ],
          "parent": "chest"
        },
        {
          "name": "elbow_l",
          "pivot": [
            11,
            27,
            -12
          ],
          "cubes": [
            {
              "origin": [
                9.0,
                2.0,
                -17.0
              ],
              "size": [
                7.0,
                22.0,
                7.0
              ],
              "uv": [
                0,
                0
              ],
              "inflate": 0
            }
          ],
          "parent": "shoulder_l"
        },
        {
          "name": "wrist_l",
          "pivot": [
            11,
            10,
            -12
          ],
          "cubes": [
            {
              "origin": [
                9.0,
                0.0,
                -24.0
              ],
              "size": [
                8.0,
                5.0,
                14.0
              ],
              "uv": [
                142,
                130
              ],
              "inflate": 0
            }
          ],
          "parent": "elbow_l"
        },
        {
          "name": "shoulder_r",
          "pivot": [
            -10,
            47,
            -18
          ],
          "cubes": [
            {
              "origin": [
                -16.0,
                23.0,
                -21.0
              ],
              "size": [
                9.0,
                25.0,
                10.0
              ],
              "uv": [
                208,
                44
              ],
              "inflate": 0
            }
          ],
          "parent": "chest"
        },
        {
          "name": "elbow_r",
          "pivot": [
            -10,
            27,
            -14
          ],
          "cubes": [
            {
              "origin": [
                -15.0,
                4.0,
                -19.0
              ],
              "size": [
                7.0,
                20.0,
                7.0
              ],
              "uv": [
                0,
                75
              ],
              "inflate": 0
            }
          ],
          "parent": "shoulder_r"
        },
        {
          "name": "wrist_r",
          "pivot": [
            -10,
            10,
            -14
          ],
          "cubes": [
            {
              "origin": [
                -16.0,
                0.0,
                -24.0
              ],
              "size": [
                9.0,
                5.0,
                12.0
              ],
              "uv": [
                200,
                0
              ],
              "inflate": 0
            }
          ],
          "parent": "elbow_r"
        },
        {
          "name": "spikes1",
          "pivot": [
            -6,
            83,
            0
          ],
          "parent": "spine0"
        },
        {
          "name": "spikes0",
          "pivot": [
            6,
            83,
            -1
          ],
          "parent": "spine0"
        },
        {
          "name": "tail0",
          "pivot": [
            0,
            57,
            48
          ],
          "cubes": [
            {
              "origin": [
                -10.0,
                46.0,
                46.0
              ],
              "size": [
                20.0,
                27.0,
                39.0
              ],
              "uv": [
                85,
                36
              ],
              "inflate": 0
            },
            {
              "origin": [
                0.0,
                71.0,
                49.0
              ],
              "size": [
                0.0,
                9.0,
                36.0
              ],
              "uv": [
                46,
                132
              ],
              "inflate": 0
            }
          ],
          "parent": "root",
          "rotation": [
            10,
            0,
            0
          ]
        },
        {
          "name": "frill1",
          "pivot": [
            6,
            70,
            73
          ],
          "parent": "tail0"
        },
        {
          "name": "frill2",
          "pivot": [
            -6,
            70,
            73
          ],
          "parent": "tail0"
        },
        {
          "name": "tail1",
          "pivot": [
            0,
            57,
            96
          ],
          "cubes": [
            {
              "origin": [
                -6.0,
                52.0,
                82.0
              ],
              "size": [
                12.0,
                19.0,
                44.0
              ],
              "uv": [
                74,
                105
              ],
              "inflate": 0
            }
          ],
          "parent": "tail0",
          "rotation": [
            -7.39466,
            -1.24906,
            0.21332
          ]
        },
        {
          "name": "frill3",
          "pivot": [
            5,
            66,
            114
          ],
          "parent": "tail1"
        },
        {
          "name": "frill4",
          "pivot": [
            -5,
            66,
            114
          ],
          "parent": "tail1"
        },
        {
          "name": "tail2",
          "pivot": [
            0,
            58,
            129
          ],
          "cubes": [
            {
              "origin": [
                -3.0,
                55.0,
                123.0
              ],
              "size": [
                6.0,
                12.0,
                34.0
              ],
              "uv": [
                0,
                149
              ],
              "inflate": 0
            }
          ],
          "parent": "tail1",
          "rotation": [
            -10,
            0,
            0
          ]
        },
        {
          "name": "frill5",
          "pivot": [
            2,
            65,
            152
          ],
          "parent": "tail2"
        },
        {
          "name": "frill6",
          "pivot": [
            -2,
            65,
            152
          ],
          "parent": "tail2"
        },
        {
          "name": "spikes8",
          "pivot": [
            5,
            63,
            159
          ],
          "parent": "tail2"
        },
        {
          "name": "spikes9",
          "pivot": [
            -5,
            63,
            159
          ],
          "parent": "tail2"
        },
        {
          "name": "rump_l",
          "pivot": [
            20,
            62,
            32
          ],
          "cubes": [
            {
              "origin": [
                11.0,
                32.0,
                24.0
              ],
              "size": [
                10.0,
                35.0,
                17.0
              ],
              "uv": [
                0,
                195
              ],
              "inflate": 0
            }
          ],
          "parent": "root"
        },
        {
          "name": "hip_l",
          "pivot": [
            20,
            36,
            31
          ],
          "cubes": [
            {
              "origin": [
                12.0,
                3.0,
                31.0
              ],
              "size": [
                7.0,
                32.0,
                10.0
              ],
              "uv": [
                125,
                190
              ],
              "inflate": 0
            }
          ],
          "parent": "rump_l"
        },
        {
          "name": "knee_l",
          "pivot": [
            20,
            5,
            40
          ],
          "cubes": [
            {
              "origin": [
                11.0,
                1.0,
                26.0
              ],
              "size": [
                9.0,
                5.0,
                15.0
              ],
              "uv": [
                103,
                168
              ],
              "inflate": 0
            }
          ],
          "parent": "hip_l"
        },
        {
          "name": "rump_r",
          "pivot": [
            -20,
            62,
            32
          ],
          "cubes": [
            {
              "origin": [
                -20.0,
                30.0,
                25.0
              ],
              "size": [
                9.0,
                36.0,
                18.0
              ],
              "uv": [
                164,
                0
              ],
              "inflate": 0
            }
          ],
          "parent": "root"
        },
        {
          "name": "hip_r",
          "pivot": [
            -20,
            36,
            30
          ],
          "cubes": [
            {
              "origin": [
                -19.0,
                3.0,
                31.0
              ],
              "size": [
                7.0,
                30.0,
                10.0
              ],
              "uv": [
                199,
                200
              ],
              "inflate": 0
            }
          ],
          "parent": "rump_r"
        },
        {
          "name": "knee_r",
          "pivot": [
            -20,
            5,
            39
          ],
          "cubes": [
            {
              "origin": [
                -19.0,
                1.0,
                27.0
              ],
              "size": [
                8.0,
                4.0,
                13.0
              ],
              "uv": [
                164,
                54
              ],
              "inflate": 1
            }
          ],
          "parent": "hip_r"
        }
      ]
    }
  ]
}