{
  "format_version": "1.12.0",
  "minecraft:geometry": [
    {
      "description": {
        "identifier": "geometry.md_mamut",
        "texture_width": 256,
        "texture_height": 256,
        "visible_bounds_width": 13,
        "visible_bounds_height": 10.5,
        "visible_bounds_offset": [
          0,
          1.75,
          0
        ]
      },
      "bones": [
        {
          "name": "root",
          "pivot": [
            0,
            49,
            24
          ],
          "cubes": [
            {
              "origin": [
                -16.0,
                23.0,
                -12.0
              ],
              "size": [
                32.0,
                38.0,
                40.0
              ],
              "uv": [
                0,
                0
              ],
              "inflate": 0
            },
            {
              "origin": [
                -14.0,
                26.0,
                21.0
              ],
              "size": [
                28.0,
                33.0,
                11.0
              ],
              "uv": [
                77,
                123
              ],
              "inflate": 0
            },
            {
              "origin": [
                -15.0,
                28.0,
                -17.0
              ],
              "size": [
                30.0,
                9.0,
                20.0
              ],
              "pivot": [
                0.0,
                49.0,
                24.0
              ],
              "rotation": [
                17.5,
                0.0,
                0.0
              ],
              "uv": [
                104,
                0
              ],
              "inflate": 0
            },
            {
              "origin": [
                -4.0,
                32.0,
                34.0
              ],
              "size": [
                7.0,
                21.0,
                0.0
              ],
              "pivot": [
                0.0,
                49.0,
                24.0
              ],
              "rotation": [
                45.0,
                0.0,
                0.0
              ],
              "uv": [
                241,
                235
              ],
              "inflate": 0
            }
          ],
          "locators": {},
          "rotation": [
            -15,
            0,
            0
          ]
        },
        {
          "name": "spine0",
          "pivot": [
            0,
            49,
            -9
          ],
          "cubes": [
            {
              "origin": [
                -14.0,
                23.0,
                -23.0
              ],
              "size": [
                28.0,
                39.0,
                16.0
              ],
              "uv": [
                0,
                78
              ],
              "inflate": 0
            }
          ],
          "parent": "root"
        },
        {
          "name": "chest",
          "pivot": [
            0,
            49,
            -15
          ],
          "parent": "spine0"
        },
        {
          "name": "neck0",
          "pivot": [
            0,
            49,
            -21.5
          ],
          "cubes": [
            {
              "origin": [
                -9.0,
                39.0,
                -35.0
              ],
              "size": [
                18.0,
                21.0,
                16.0
              ],
              "uv": [
                0,
                133
              ],
              "inflate": 0
            }
          ],
          "parent": "chest"
        },
        {
          "name": "head0",
          "pivot": [
            0,
            46,
            -28
          ],
          "cubes": [
            {
              "origin": [
                -10.0,
                40.0,
                -49.0
              ],
              "size": [
                20.0,
                23.0,
                22.0
              ],
              "uv": [
                88,
                78
              ],
              "inflate": 0
            },
            {
              "origin": [
                -9.0,
                43.0,
                -58.0
              ],
              "size": [
                18.0,
                16.0,
                12.0
              ],
              "uv": [
                179,
                129
              ],
              "inflate": 0
            },
            {
              "origin": [
                -1.0,
                46.0,
                -29.0
              ],
              "size": [
                2.0,
                2.0,
                2.0
              ],
              "uv": [
                0,
                4
              ],
              "inflate": 0
            },
            {
              "origin": [
                -4.0,
                59.0,
                -66.0
              ],
              "size": [
                3.0,
                4.0,
                13.0
              ],
              "pivot": [
                0.0,
                46.0,
                -28.0
              ],
              "rotation": [
                35.228,
                12.32726,
                1.32307
              ],
              "uv": [
                218,
                61
              ],
              "inflate": 0
            },
            {
              "origin": [
                2.0,
                59.0,
                -66.0
              ],
              "size": [
                3.0,
                4.0,
                13.0
              ],
              "pivot": [
                0.0,
                46.0,
                -28.0
              ],
              "rotation": [
                35.04365,
                -10.36985,
                -9.22847
              ],
              "uv": [
                133,
                215
              ],
              "inflate": 0
            },
            {
              "origin": [
                -12.0,
                33.0,
                -84.0
              ],
              "size": [
                2.0,
                3.0,
                20.0
              ],
              "pivot": [
                0.0,
                46.0,
                -28.0
              ],
              "rotation": [
                -5.0,
                0.0,
                0.0
              ],
              "uv": [
                202,
                38
              ],
              "inflate": 0
            },
            {
              "origin": [
                11.0,
                34.0,
                -84.0
              ],
              "size": [
                2.0,
                3.0,
                20.0
              ],
              "pivot": [
                0.0,
                46.0,
                -28.0
              ],
              "rotation": [
                -5.0,
                0.0,
                0.0
              ],
              "uv": [
                30,
                194
              ],
              "inflate": 0
            },
            {
              "origin": [
                -5.0,
                27.0,
                -61.0
              ],
              "size": [
                10.0,
                16.0,
                6.0
              ],
              "pivot": [
                0.0,
                46.0,
                -28.0
              ],
              "rotation": [
                -27.5,
                0.0,
                0.0
              ],
              "uv": [
                32,
                217
              ],
              "inflate": 0
            },
            {
              "origin": [
                -1.0,
                46.0,
                -29.0
              ],
              "size": [
                2.0,
                2.0,
                2.0
              ],
              "uv": [
                0,
                0
              ],
              "inflate": 0
            },
            {
              "origin": [
                -4.0,
                31.0,
                -64.0
              ],
              "size": [
                8.0,
                13.0,
                5.0
              ],
              "uv": [
                107,
                167
              ],
              "inflate": 0
            },
            {
              "origin": [
                -3.0,
                29.0,
                -66.0
              ],
              "size": [
                6.0,
                10.0,
                4.0
              ],
              "pivot": [
                0.0,
                46.0,
                -28.0
              ],
              "rotation": [
                12.5,
                0.0,
                0.0
              ],
              "uv": [
                0,
                26
              ],
              "inflate": 0
            },
            {
              "origin": [
                -8.0,
                63.0,
                -48.0
              ],
              "size": [
                17.0,
                6.0,
                19.0
              ],
              "uv": [
                153,
                104
              ],
              "inflate": 0
            },
            {
              "origin": [
                -24.0,
                41.0,
                -32.0
              ],
              "size": [
                17.0,
                22.0,
                0.0
              ],
              "pivot": [
                0.0,
                46.0,
                -28.0
              ],
              "rotation": [
                0.0,
                17.5,
                0.0
              ],
              "uv": [
                99,
                215
              ],
              "inflate": 0
            },
            {
              "origin": [
                8.0,
                41.0,
                -34.0
              ],
              "size": [
                16.0,
                22.0,
                0.0
              ],
              "pivot": [
                0.0,
                46.0,
                -28.0
              ],
              "rotation": [
                0.0,
                -17.5,
                0.0
              ],
              "uv": [
                0,
                217
              ],
              "inflate": 0
            }
          ],
          "parent": "neck0",
          "rotation": [
            30,
            0,
            0
          ]
        },
        {
          "name": "horn0",
          "pivot": [
            -1,
            50,
            -59
          ],
          "parent": "head0"
        },
        {
          "name": "horn1",
          "pivot": [
            0,
            55,
            -45
          ],
          "parent": "head0"
        },
        {
          "name": "frill0",
          "pivot": [
            -1,
            57,
            -39
          ],
          "parent": "head0"
        },
        {
          "name": "frill1",
          "pivot": [
            -16,
            63,
            -38
          ],
          "parent": "frill0"
        },
        {
          "name": "frill2",
          "pivot": [
            16,
            63,
            -38
          ],
          "parent": "frill0"
        },
        {
          "name": "jaw",
          "pivot": [
            -1,
            43,
            -51
          ],
          "cubes": [
            {
              "origin": [
                -7.0,
                40.0,
                -57.0
              ],
              "size": [
                14.0,
                3.0,
                8.0
              ],
              "uv": [
                104,
                29
              ],
              "inflate": 0
            }
          ],
          "parent": "head0"
        },
        {
          "name": "eyelids",
          "pivot": [
            0,
            57,
            -46
          ],
          "cubes": [
            {
              "origin": [
                10.25,
                54.0,
                -48.0
              ],
              "size": [
                0.0,
                6.0,
                8.0
              ],
              "uv": [
                20,
                24
              ],
              "inflate": 0
            },
            {
              "origin": [
                -10.25,
                55.0,
                -49.0
              ],
              "size": [
                0.0,
                6.0,
                8.0
              ],
              "uv": [
                20,
                18
              ],
              "inflate": 0
            }
          ],
          "parent": "head0"
        },
        {
          "name": "shoulder_r",
          "pivot": [
            -15,
            43,
            -20
          ],
          "cubes": [
            {
              "origin": [
                -22.0,
                8.0,
                -26.0
              ],
              "size": [
                13.0,
                31.0,
                13.0
              ],
              "uv": [
                55,
                167
              ],
              "inflate": 0
            }
          ],
          "parent": "chest",
          "rotation": [
            15,
            0,
            0
          ]
        },
        {
          "name": "elbow_r",
          "pivot": [
            -15,
            6,
            -19
          ],
          "cubes": [
            {
              "origin": [
                -20.0,
                -8.0,
                -26.0
              ],
              "size": [
                9.0,
                17.0,
                9.0
              ],
              "uv": [
                0,
                0
              ],
              "inflate": 0
            }
          ],
          "parent": "shoulder_r"
        },
        {
          "name": "wrist_r",
          "pivot": [
            -15,
            -7,
            -20
          ],
          "cubes": [
            {
              "origin": [
                -21.0,
                -11.0,
                -29.0
              ],
              "size": [
                11.0,
                9.0,
                13.0
              ],
              "uv": [
                107,
                193
              ],
              "inflate": 0
            }
          ],
          "parent": "elbow_r"
        },
        {
          "name": "shoulder_l",
          "pivot": [
            14,
            43,
            -19
          ],
          "cubes": [
            {
              "origin": [
                9.0,
                9.0,
                -25.0
              ],
              "size": [
                12.0,
                31.0,
                13.0
              ],
              "uv": [
                0,
                170
              ],
              "inflate": 0
            }
          ],
          "parent": "chest",
          "rotation": [
            15,
            0,
            0
          ]
        },
        {
          "name": "elbow_l",
          "pivot": [
            14,
            6,
            -18
          ],
          "cubes": [
            {
              "origin": [
                10.0,
                -4.0,
                -25.0
              ],
              "size": [
                9.0,
                16.0,
                9.0
              ],
              "uv": [
                206,
                95
              ],
              "inflate": 0
            }
          ],
          "parent": "shoulder_l"
        },
        {
          "name": "wrist_l",
          "pivot": [
            14,
            -7,
            -19
          ],
          "cubes": [
            {
              "origin": [
                9.0,
                -11.0,
                -28.0
              ],
              "size": [
                11.0,
                9.0,
                13.0
              ],
              "uv": [
                191,
                16
              ],
              "inflate": 0
            }
          ],
          "parent": "elbow_l"
        },
        {
          "name": "tail0",
          "pivot": [
            0,
            45,
            36
          ],
          "parent": "root"
        },
        {
          "name": "tail1",
          "pivot": [
            0,
            45,
            48
          ],
          "parent": "tail0"
        },
        {
          "name": "tail2",
          "pivot": [
            0,
            45,
            67
          ],
          "parent": "tail1"
        },
        {
          "name": "tail3",
          "pivot": [
            0,
            45,
            76
          ],
          "parent": "tail2"
        },
        {
          "name": "tail4",
          "pivot": [
            0,
            45,
            84
          ],
          "parent": "tail3"
        },
        {
          "name": "rump_r",
          "pivot": [
            -15,
            61,
            17
          ],
          "cubes": [
            {
              "origin": [
                -22.0,
                22.0,
                9.0
              ],
              "size": [
                12.0,
                29.0,
                17.0
              ],
              "uv": [
                144,
                29
              ],
              "inflate": 0
            }
          ],
          "parent": "root",
          "rotation": [
            17.5,
            0,
            0
          ]
        },
        {
          "name": "hip_r",
          "pivot": [
            -15,
            19,
            17
          ],
          "cubes": [
            {
              "origin": [
                -21.0,
                11.0,
                15.0
              ],
              "size": [
                10.0,
                15.0,
                11.0
              ],
              "uv": [
                197,
                199
              ],
              "inflate": 0
            }
          ],
          "parent": "rump_r"
        },
        {
          "name": "knee_r",
          "pivot": [
            -15,
            13,
            21
          ],
          "cubes": [
            {
              "origin": [
                -20.0,
                2.0,
                16.0
              ],
              "size": [
                8.0,
                13.0,
                9.0
              ],
              "uv": [
                65,
                211
              ],
              "inflate": 0
            }
          ],
          "parent": "hip_r"
        },
        {
          "name": "ankle_r",
          "pivot": [
            -16,
            3,
            20
          ],
          "cubes": [
            {
              "origin": [
                -21.5,
                -1.0,
                12.0
              ],
              "size": [
                11.0,
                6.0,
                14.0
              ],
              "uv": [
                182,
                179
              ],
              "inflate": 0
            }
          ],
          "parent": "knee_r"
        },
        {
          "name": "rump_l",
          "pivot": [
            14,
            62,
            20
          ],
          "cubes": [
            {
              "origin": [
                9.0,
                24.0,
                12.0
              ],
              "size": [
                12.0,
                26.0,
                17.0
              ],
              "uv": [
                138,
                150
              ],
              "inflate": 0
            }
          ],
          "parent": "root",
          "rotation": [
            15,
            0,
            0
          ]
        },
        {
          "name": "hip_l",
          "pivot": [
            14,
            20,
            20
          ],
          "cubes": [
            {
              "origin": [
                10.0,
                12.0,
                18.0
              ],
              "size": [
                10.0,
                16.0,
                11.0
              ],
              "uv": [
                155,
                199
              ],
              "inflate": 0
            }
          ],
          "parent": "rump_l"
        },
        {
          "name": "knee_l",
          "pivot": [
            14,
            14,
            24
          ],
          "cubes": [
            {
              "origin": [
                11.0,
                3.0,
                19.0
              ],
              "size": [
                8.0,
                13.0,
                9.0
              ],
              "uv": [
                196,
                157
              ],
              "inflate": 0
            }
          ],
          "parent": "hip_l"
        },
        {
          "name": "ankle_l",
          "pivot": [
            14,
            4,
            23
          ],
          "cubes": [
            {
              "origin": [
                9.5,
                0.0,
                15.0
              ],
              "size": [
                11.0,
                6.0,
                14.0
              ],
              "uv": [
                182,
                75
              ],
              "inflate": 0
            }
          ],
          "parent": "knee_l"
        }
      ]
    }
  ]
}