{
  "format_version": "1.12.0",
  "minecraft:geometry": [
    {
      "description": {
        "identifier": "geometry.md_micro_male",
        "texture_width": 64,
        "texture_height": 64,
        "visible_bounds_width": 6,
        "visible_bounds_height": 3,
        "visible_bounds_offset": [
          0,
          0.5,
          0
        ]
      },
      "bones": [
        {
          "name": "root",
          "pivot": [
            0,
            8,
            4
          ],
          "cubes": [
            {
              "origin": [
                -3.0,
                5.0,
                -2.0
              ],
              "size": [
                6.0,
                8.0,
                10.0
              ],
              "uv": {
                "north": {
                  "uv": [
                    16,
                    7
                  ],
                  "uv_size": [
                    6,
                    8
                  ]
                },
                "east": {
                  "uv": [
                    0,
                    0
                  ],
                  "uv_size": [
                    10,
                    8
                  ]
                },
                "south": {
                  "uv": [
                    16,
                    15
                  ],
                  "uv_size": [
                    6,
                    8
                  ]
                },
                "west": {
                  "uv": [
                    0,
                    8
                  ],
                  "uv_size": [
                    10,
                    8
                  ]
                },
                "up": {
                  "uv": [
                    10,
                    0
                  ],
                  "uv_size": [
                    6,
                    10
                  ]
                },
                "down": {
                  "uv": [
                    10,
                    20
                  ],
                  "uv_size": [
                    6,
                    -10
                  ]
                }
              },
              "inflate": 0.01
            }
          ],
          "locators": {}
        },
        {
          "name": "spine0",
          "pivot": [
            0,
            8,
            1
          ],
          "cubes": [
            {
              "origin": [
                -3.0,
                5.25,
                -6.25
              ],
              "size": [
                5.0,
                7.0,
                6.0
              ],
              "pivot": [
                0.0,
                -3.0,
                0.0
              ],
              "rotation": [
                -0.33047,
                -0.26105,
                1.84351
              ],
              "uv": {
                "north": {
                  "uv": [
                    7,
                    20
                  ],
                  "uv_size": [
                    6,
                    7
                  ]
                },
                "east": {
                  "uv": [
                    22,
                    7
                  ],
                  "uv_size": [
                    6,
                    7
                  ]
                },
                "south": {
                  "uv": [
                    22,
                    14
                  ],
                  "uv_size": [
                    6,
                    7
                  ]
                },
                "west": {
                  "uv": [
                    22,
                    21
                  ],
                  "uv_size": [
                    6,
                    7
                  ]
                },
                "up": {
                  "uv": [
                    28,
                    7
                  ],
                  "uv_size": [
                    6,
                    6
                  ]
                },
                "down": {
                  "uv": [
                    28,
                    19
                  ],
                  "uv_size": [
                    6,
                    -6
                  ]
                }
              },
              "inflate": 0
            }
          ],
          "parent": "root"
        },
        {
          "name": "chest",
          "pivot": [
            0,
            8,
            -5
          ],
          "parent": "spine0"
        },
        {
          "name": "shoulder_l",
          "pivot": [
            2.5,
            11.5,
            -4.75
          ],
          "cubes": [
            {
              "origin": [
                1.0,
                6.0,
                -5.75
              ],
              "size": [
                3.0,
                4.0,
                3.0
              ],
              "uv": {
                "north": {
                  "uv": [
                    7,
                    16
                  ],
                  "uv_size": [
                    3,
                    4
                  ]
                },
                "east": {
                  "uv": [
                    16,
                    30
                  ],
                  "uv_size": [
                    3,
                    4
                  ]
                },
                "south": {
                  "uv": [
                    43,
                    26
                  ],
                  "uv_size": [
                    3,
                    4
                  ]
                },
                "west": {
                  "uv": [
                    35,
                    43
                  ],
                  "uv_size": [
                    3,
                    4
                  ]
                },
                "up": {
                  "uv": [
                    13,
                    20
                  ],
                  "uv_size": [
                    3,
                    3
                  ]
                },
                "down": {
                  "uv": [
                    28,
                    28
                  ],
                  "uv_size": [
                    3,
                    -3
                  ]
                }
              },
              "inflate": 0
            }
          ],
          "parent": "chest"
        },
        {
          "name": "elbow_l",
          "pivot": [
            2.5,
            6.5,
            -3.75
          ],
          "cubes": [
            {
              "origin": [
                1.5,
                0.75,
                -5.0
              ],
              "size": [
                2.0,
                6.0,
                2.0
              ],
              "uv": {
                "north": {
                  "uv": [
                    42,
                    43
                  ],
                  "uv_size": [
                    2,
                    6
                  ]
                },
                "east": {
                  "uv": [
                    44,
                    4
                  ],
                  "uv_size": [
                    2,
                    6
                  ]
                },
                "south": {
                  "uv": [
                    6,
                    44
                  ],
                  "uv_size": [
                    2,
                    6
                  ]
                },
                "west": {
                  "uv": [
                    8,
                    44
                  ],
                  "uv_size": [
                    2,
                    6
                  ]
                },
                "up": {
                  "uv": [
                    9,
                    50
                  ],
                  "uv_size": [
                    2,
                    2
                  ]
                },
                "down": {
                  "uv": [
                    50,
                    16
                  ],
                  "uv_size": [
                    2,
                    -2
                  ]
                }
              },
              "inflate": 0
            }
          ],
          "parent": "shoulder_l"
        },
        {
          "name": "wrist_l",
          "pivot": [
            2.5,
            1.5,
            -3.25
          ],
          "cubes": [
            {
              "origin": [
                1.5,
                0.5,
                -6.0
              ],
              "size": [
                2.0,
                1.0,
                3.0
              ],
              "uv": {
                "north": {
                  "uv": [
                    39,
                    5
                  ],
                  "uv_size": [
                    2,
                    1
                  ]
                },
                "east": {
                  "uv": [
                    50,
                    24
                  ],
                  "uv_size": [
                    3,
                    1
                  ]
                },
                "south": {
                  "uv": [
                    41,
                    19
                  ],
                  "uv_size": [
                    2,
                    1
                  ]
                },
                "west": {
                  "uv": [
                    50,
                    29
                  ],
                  "uv_size": [
                    3,
                    1
                  ]
                },
                "up": {
                  "uv": [
                    32,
                    48
                  ],
                  "uv_size": [
                    2,
                    3
                  ]
                },
                "down": {
                  "uv": [
                    48,
                    36
                  ],
                  "uv_size": [
                    2,
                    -3
                  ]
                }
              },
              "inflate": 0.01
            }
          ],
          "parent": "elbow_l"
        },
        {
          "name": "shoulder_r",
          "pivot": [
            -2.5,
            11.5,
            -4.75
          ],
          "cubes": [
            {
              "origin": [
                -4.0,
                6.0,
                -5.75
              ],
              "size": [
                3.0,
                4.0,
                3.0
              ],
              "uv": {
                "north": {
                  "uv": [
                    44,
                    14
                  ],
                  "uv_size": [
                    3,
                    4
                  ]
                },
                "east": {
                  "uv": [
                    15,
                    44
                  ],
                  "uv_size": [
                    3,
                    4
                  ]
                },
                "south": {
                  "uv": [
                    18,
                    44
                  ],
                  "uv_size": [
                    3,
                    4
                  ]
                },
                "west": {
                  "uv": [
                    21,
                    44
                  ],
                  "uv_size": [
                    3,
                    4
                  ]
                },
                "up": {
                  "uv": [
                    45,
                    40
                  ],
                  "uv_size": [
                    3,
                    3
                  ]
                },
                "down": {
                  "uv": [
                    47,
                    17
                  ],
                  "uv_size": [
                    3,
                    -3
                  ]
                }
              },
              "inflate": 0
            }
          ],
          "parent": "chest"
        },
        {
          "name": "elbow_r",
          "pivot": [
            -2.5,
            6.5,
            -3.75
          ],
          "cubes": [
            {
              "origin": [
                -3.5,
                0.75,
                -5.0
              ],
              "size": [
                2.0,
                6.0,
                2.0
              ],
              "uv": {
                "north": {
                  "uv": [
                    10,
                    44
                  ],
                  "uv_size": [
                    2,
                    6
                  ]
                },
                "east": {
                  "uv": [
                    24,
                    44
                  ],
                  "uv_size": [
                    2,
                    6
                  ]
                },
                "south": {
                  "uv": [
                    44,
                    30
                  ],
                  "uv_size": [
                    2,
                    6
                  ]
                },
                "west": {
                  "uv": [
                    38,
                    44
                  ],
                  "uv_size": [
                    2,
                    6
                  ]
                },
                "up": {
                  "uv": [
                    50,
                    20
                  ],
                  "uv_size": [
                    2,
                    2
                  ]
                },
                "down": {
                  "uv": [
                    50,
                    24
                  ],
                  "uv_size": [
                    2,
                    -2
                  ]
                }
              },
              "inflate": 0
            }
          ],
          "parent": "shoulder_r"
        },
        {
          "name": "wrist_r",
          "pivot": [
            -2.5,
            1.5,
            -3.25
          ],
          "cubes": [
            {
              "origin": [
                -3.5,
                0.5,
                -6.0
              ],
              "size": [
                2.0,
                1.0,
                3.0
              ],
              "uv": {
                "north": {
                  "uv": [
                    44,
                    10
                  ],
                  "uv_size": [
                    2,
                    1
                  ]
                },
                "east": {
                  "uv": [
                    50,
                    30
                  ],
                  "uv_size": [
                    3,
                    1
                  ]
                },
                "south": {
                  "uv": [
                    46,
                    35
                  ],
                  "uv_size": [
                    2,
                    1
                  ]
                },
                "west": {
                  "uv": [
                    50,
                    31
                  ],
                  "uv_size": [
                    3,
                    1
                  ]
                },
                "up": {
                  "uv": [
                    48,
                    36
                  ],
                  "uv_size": [
                    2,
                    3
                  ]
                },
                "down": {
                  "uv": [
                    48,
                    42
                  ],
                  "uv_size": [
                    2,
                    -3
                  ]
                }
              },
              "inflate": 0.01
            }
          ],
          "parent": "elbow_r"
        },
        {
          "name": "neck0",
          "pivot": [
            0,
            8,
            -7.5
          ],
          "cubes": [
            {
              "origin": [
                -2.0,
                5.0,
                -9.0
              ],
              "size": [
                4.0,
                5.0,
                5.0
              ],
              "pivot": [
                0.0,
                -3.0,
                0.0
              ],
              "rotation": [
                -7.5,
                0.0,
                2.5
              ],
              "uv": {
                "north": {
                  "uv": [
                    39,
                    0
                  ],
                  "uv_size": [
                    4,
                    5
                  ]
                },
                "east": {
                  "uv": [
                    16,
                    34
                  ],
                  "uv_size": [
                    5,
                    5
                  ]
                },
                "south": {
                  "uv": [
                    15,
                    39
                  ],
                  "uv_size": [
                    4,
                    5
                  ]
                },
                "west": {
                  "uv": [
                    34,
                    20
                  ],
                  "uv_size": [
                    5,
                    5
                  ]
                },
                "up": {
                  "uv": [
                    19,
                    39
                  ],
                  "uv_size": [
                    4,
                    5
                  ]
                },
                "down": {
                  "uv": [
                    39,
                    25
                  ],
                  "uv_size": [
                    4,
                    -5
                  ]
                }
              },
              "inflate": 0
            }
          ],
          "parent": "chest",
          "rotation": [
            55,
            0,
            0
          ]
        },
        {
          "name": "neck1",
          "pivot": [
            0,
            10.5,
            -4.5
          ],
          "cubes": [
            {
              "origin": [
                -1.5,
                10.0,
                -3.0
              ],
              "size": [
                4.0,
                3.0,
                5.0
              ],
              "pivot": [
                0.0,
                -6.0,
                2.0
              ],
              "rotation": [
                15.0,
                0.0,
                0.0
              ],
              "uv": {
                "north": {
                  "uv": [
                    44,
                    43
                  ],
                  "uv_size": [
                    4,
                    3
                  ]
                },
                "east": {
                  "uv": [
                    6,
                    41
                  ],
                  "uv_size": [
                    5,
                    3
                  ]
                },
                "south": {
                  "uv": [
                    45,
                    18
                  ],
                  "uv_size": [
                    4,
                    3
                  ]
                },
                "west": {
                  "uv": [
                    41,
                    11
                  ],
                  "uv_size": [
                    5,
                    3
                  ]
                },
                "up": {
                  "uv": [
                    23,
                    39
                  ],
                  "uv_size": [
                    4,
                    5
                  ]
                },
                "down": {
                  "uv": [
                    39,
                    30
                  ],
                  "uv_size": [
                    4,
                    -5
                  ]
                }
              },
              "inflate": -0.1
            }
          ],
          "parent": "neck0"
        },
        {
          "name": "head",
          "pivot": [
            0,
            10.5,
            -6
          ],
          "cubes": [
            {
              "origin": [
                -3.0,
                8.5,
                -12.0
              ],
              "size": [
                6.0,
                7.0,
                7.0
              ],
              "uv": {
                "north": {
                  "uv": [
                    0,
                    23
                  ],
                  "uv_size": [
                    6,
                    7
                  ]
                },
                "east": {
                  "uv": [
                    0,
                    16
                  ],
                  "uv_size": [
                    7,
                    7
                  ]
                },
                "south": {
                  "uv": [
                    23,
                    0
                  ],
                  "uv_size": [
                    6,
                    7
                  ]
                },
                "west": {
                  "uv": [
                    16,
                    0
                  ],
                  "uv_size": [
                    7,
                    7
                  ]
                },
                "up": {
                  "uv": [
                    13,
                    23
                  ],
                  "uv_size": [
                    6,
                    7
                  ]
                },
                "down": {
                  "uv": [
                    6,
                    34
                  ],
                  "uv_size": [
                    6,
                    -7
                  ]
                }
              },
              "inflate": 0.01
            },
            {
              "origin": [
                -1.5,
                0.0,
                23.0
              ],
              "size": [
                3.0,
                4.0,
                3.0
              ],
              "pivot": [
                0.0,
                -11.0,
                1.0
              ],
              "rotation": [
                90.0,
                0.0,
                0.0
              ],
              "uv": {
                "north": {
                  "uv": [
                    0,
                    45
                  ],
                  "uv_size": [
                    3,
                    4
                  ]
                },
                "east": {
                  "uv": [
                    12,
                    45
                  ],
                  "uv_size": [
                    3,
                    4
                  ]
                },
                "south": {
                  "uv": [
                    45,
                    21
                  ],
                  "uv_size": [
                    3,
                    4
                  ]
                },
                "west": {
                  "uv": [
                    26,
                    45
                  ],
                  "uv_size": [
                    3,
                    4
                  ]
                },
                "up": {
                  "uv": [
                    35,
                    47
                  ],
                  "uv_size": [
                    3,
                    3
                  ]
                },
                "down": {
                  "uv": [
                    48,
                    11
                  ],
                  "uv_size": [
                    3,
                    -3
                  ]
                }
              },
              "inflate": 0.01
            },
            {
              "origin": [
                -1.0,
                9.5,
                -14.0
              ],
              "size": [
                2.0,
                3.0,
                0.0
              ],
              "uv": {
                "north": {
                  "uv": [
                    48,
                    42
                  ],
                  "uv_size": [
                    2,
                    3
                  ]
                },
                "east": {
                  "uv": [
                    0,
                    0
                  ],
                  "uv_size": [
                    0,
                    3
                  ]
                },
                "south": {
                  "uv": [
                    48,
                    45
                  ],
                  "uv_size": [
                    2,
                    3
                  ]
                },
                "west": {
                  "uv": [
                    0,
                    0
                  ],
                  "uv_size": [
                    0,
                    3
                  ]
                },
                "up": {
                  "uv": [
                    0,
                    0
                  ],
                  "uv_size": [
                    2,
                    0
                  ]
                },
                "down": {
                  "uv": [
                    0,
                    0
                  ],
                  "uv_size": [
                    2,
                    0
                  ]
                }
              },
              "inflate": 0
            },
            {
              "origin": [
                -3.0,
                12.5,
                -10.0
              ],
              "size": [
                6.0,
                6.0,
                0.0
              ],
              "pivot": [
                0.0,
                10.5,
                -6.0
              ],
              "rotation": [
                -37.5,
                0.0,
                0.0
              ],
              "uv": {
                "north": {
                  "uv": [
                    19,
                    28
                  ],
                  "uv_size": [
                    6,
                    6
                  ]
                },
                "east": {
                  "uv": [
                    0,
                    0
                  ],
                  "uv_size": [
                    0,
                    6
                  ]
                },
                "south": {
                  "uv": [
                    28,
                    19
                  ],
                  "uv_size": [
                    6,
                    6
                  ]
                },
                "west": {
                  "uv": [
                    0,
                    0
                  ],
                  "uv_size": [
                    0,
                    6
                  ]
                },
                "up": {
                  "uv": [
                    0,
                    0
                  ],
                  "uv_size": [
                    6,
                    0
                  ]
                },
                "down": {
                  "uv": [
                    0,
                    0
                  ],
                  "uv_size": [
                    6,
                    0
                  ]
                }
              },
              "inflate": 0
            },
            {
              "origin": [
                -5.0,
                10.5,
                -9.0
              ],
              "size": [
                4.0,
                8.0,
                0.0
              ],
              "pivot": [
                0.0,
                10.5,
                -6.0
              ],
              "rotation": [
                -22.4271,
                26.10278,
                -5.37924
              ],
              "uv": {
                "north": {
                  "uv": [
                    0,
                    30
                  ],
                  "uv_size": [
                    4,
                    8
                  ]
                },
                "east": {
                  "uv": [
                    0,
                    0
                  ],
                  "uv_size": [
                    0,
                    8
                  ]
                },
                "south": {
                  "uv": [
                    12,
                    30
                  ],
                  "uv_size": [
                    4,
                    8
                  ]
                },
                "west": {
                  "uv": [
                    0,
                    0
                  ],
                  "uv_size": [
                    0,
                    8
                  ]
                },
                "up": {
                  "uv": [
                    0,
                    0
                  ],
                  "uv_size": [
                    4,
                    0
                  ]
                },
                "down": {
                  "uv": [
                    0,
                    0
                  ],
                  "uv_size": [
                    4,
                    0
                  ]
                }
              },
              "inflate": 0
            },
            {
              "origin": [
                0.0,
                10.5,
                -10.0
              ],
              "size": [
                4.0,
                8.0,
                0.0
              ],
              "pivot": [
                0.0,
                10.5,
                -6.0
              ],
              "rotation": [
                -32.52013,
                -37.7175,
                14.41146
              ],
              "uv": {
                "north": {
                  "uv": [
                    31,
                    25
                  ],
                  "uv_size": [
                    4,
                    8
                  ]
                },
                "east": {
                  "uv": [
                    0,
                    0
                  ],
                  "uv_size": [
                    0,
                    8
                  ]
                },
                "south": {
                  "uv": [
                    31,
                    33
                  ],
                  "uv_size": [
                    4,
                    8
                  ]
                },
                "west": {
                  "uv": [
                    0,
                    0
                  ],
                  "uv_size": [
                    0,
                    8
                  ]
                },
                "up": {
                  "uv": [
                    0,
                    0
                  ],
                  "uv_size": [
                    4,
                    0
                  ]
                },
                "down": {
                  "uv": [
                    0,
                    0
                  ],
                  "uv_size": [
                    4,
                    0
                  ]
                }
              },
              "inflate": 0
            }
          ],
          "parent": "neck1",
          "rotation": [
            -52.5,
            0,
            0
          ]
        },
        {
          "name": "eyelids",
          "pivot": [
            0,
            0,
            -6
          ],
          "parent": "head"
        },
        {
          "name": "jaw",
          "pivot": [
            0,
            10.75,
            -8.5
          ],
          "cubes": [
            {
              "origin": [
                -1.5,
                11.0,
                -9.5
              ],
              "size": [
                3.0,
                2.0,
                3.0
              ],
              "pivot": [
                0.0,
                -11.0,
                1.0
              ],
              "rotation": [
                10.0,
                0.0,
                0.0
              ],
              "uv": {
                "north": {
                  "uv": [
                    48,
                    48
                  ],
                  "uv_size": [
                    3,
                    2
                  ]
                },
                "east": {
                  "uv": [
                    0,
                    49
                  ],
                  "uv_size": [
                    3,
                    2
                  ]
                },
                "south": {
                  "uv": [
                    49,
                    4
                  ],
                  "uv_size": [
                    3,
                    2
                  ]
                },
                "west": {
                  "uv": [
                    49,
                    6
                  ],
                  "uv_size": [
                    3,
                    2
                  ]
                },
                "up": {
                  "uv": [
                    48,
                    11
                  ],
                  "uv_size": [
                    3,
                    3
                  ]
                },
                "down": {
                  "uv": [
                    15,
                    51
                  ],
                  "uv_size": [
                    3,
                    -3
                  ]
                }
              },
              "inflate": 0.01
            }
          ],
          "parent": "head"
        },
        {
          "name": "tail0",
          "pivot": [
            0,
            10,
            7
          ],
          "cubes": [
            {
              "origin": [
                -2.0,
                7.0,
                7.0
              ],
              "size": [
                4.0,
                6.0,
                6.0
              ],
              "uv": {
                "north": {
                  "uv": [
                    35,
                    0
                  ],
                  "uv_size": [
                    4,
                    6
                  ]
                },
                "east": {
                  "uv": [
                    25,
                    28
                  ],
                  "uv_size": [
                    6,
                    6
                  ]
                },
                "south": {
                  "uv": [
                    35,
                    25
                  ],
                  "uv_size": [
                    4,
                    6
                  ]
                },
                "west": {
                  "uv": [
                    29,
                    0
                  ],
                  "uv_size": [
                    6,
                    6
                  ]
                },
                "up": {
                  "uv": [
                    35,
                    31
                  ],
                  "uv_size": [
                    4,
                    6
                  ]
                },
                "down": {
                  "uv": [
                    35,
                    43
                  ],
                  "uv_size": [
                    4,
                    -6
                  ]
                }
              },
              "inflate": 0
            }
          ],
          "parent": "root"
        },
        {
          "name": "tail1",
          "pivot": [
            0,
            11,
            13
          ],
          "cubes": [
            {
              "origin": [
                -1.5,
                8.0,
                13.0
              ],
              "size": [
                3.0,
                5.0,
                5.0
              ],
              "uv": {
                "north": {
                  "uv": [
                    19,
                    23
                  ],
                  "uv_size": [
                    3,
                    5
                  ]
                },
                "east": {
                  "uv": [
                    21,
                    34
                  ],
                  "uv_size": [
                    5,
                    5
                  ]
                },
                "south": {
                  "uv": [
                    41,
                    14
                  ],
                  "uv_size": [
                    3,
                    5
                  ]
                },
                "west": {
                  "uv": [
                    26,
                    34
                  ],
                  "uv_size": [
                    5,
                    5
                  ]
                },
                "up": {
                  "uv": [
                    30,
                    41
                  ],
                  "uv_size": [
                    3,
                    5
                  ]
                },
                "down": {
                  "uv": [
                    42,
                    43
                  ],
                  "uv_size": [
                    3,
                    -5
                  ]
                }
              },
              "inflate": -0.01
            }
          ],
          "parent": "tail0"
        },
        {
          "name": "tail2",
          "pivot": [
            0,
            11,
            19
          ],
          "cubes": [
            {
              "origin": [
                -1.0,
                9.0,
                17.0
              ],
              "size": [
                2.0,
                4.0,
                5.0
              ],
              "uv": {
                "north": {
                  "uv": [
                    4,
                    30
                  ],
                  "uv_size": [
                    2,
                    4
                  ]
                },
                "east": {
                  "uv": [
                    39,
                    30
                  ],
                  "uv_size": [
                    5,
                    4
                  ]
                },
                "south": {
                  "uv": [
                    18,
                    48
                  ],
                  "uv_size": [
                    2,
                    4
                  ]
                },
                "west": {
                  "uv": [
                    39,
                    34
                  ],
                  "uv_size": [
                    5,
                    4
                  ]
                },
                "up": {
                  "uv": [
                    46,
                    46
                  ],
                  "uv_size": [
                    2,
                    5
                  ]
                },
                "down": {
                  "uv": [
                    3,
                    52
                  ],
                  "uv_size": [
                    2,
                    -5
                  ]
                }
              },
              "inflate": -0.02
            }
          ],
          "parent": "tail1"
        },
        {
          "name": "tail3",
          "pivot": [
            0,
            11.5,
            25
          ],
          "cubes": [
            {
              "origin": [
                -1.0,
                11.0,
                21.5
              ],
              "size": [
                2.0,
                2.0,
                7.0
              ],
              "uv": {
                "north": {
                  "uv": [
                    24,
                    50
                  ],
                  "uv_size": [
                    2,
                    2
                  ]
                },
                "east": {
                  "uv": [
                    43,
                    0
                  ],
                  "uv_size": [
                    7,
                    2
                  ]
                },
                "south": {
                  "uv": [
                    28,
                    50
                  ],
                  "uv_size": [
                    2,
                    2
                  ]
                },
                "west": {
                  "uv": [
                    43,
                    2
                  ],
                  "uv_size": [
                    7,
                    2
                  ]
                },
                "up": {
                  "uv": [
                    33,
                    41
                  ],
                  "uv_size": [
                    2,
                    7
                  ]
                },
                "down": {
                  "uv": [
                    43,
                    26
                  ],
                  "uv_size": [
                    2,
                    -7
                  ]
                }
              },
              "inflate": -0.03
            }
          ],
          "parent": "tail2"
        },
        {
          "name": "rump_l",
          "pivot": [
            2.5,
            10.5,
            6
          ],
          "cubes": [
            {
              "origin": [
                1.0,
                5.5,
                4.0
              ],
              "size": [
                3.0,
                7.0,
                4.0
              ],
              "uv": {
                "north": {
                  "uv": [
                    0,
                    38
                  ],
                  "uv_size": [
                    3,
                    7
                  ]
                },
                "east": {
                  "uv": [
                    4,
                    34
                  ],
                  "uv_size": [
                    4,
                    7
                  ]
                },
                "south": {
                  "uv": [
                    38,
                    6
                  ],
                  "uv_size": [
                    3,
                    7
                  ]
                },
                "west": {
                  "uv": [
                    34,
                    6
                  ],
                  "uv_size": [
                    4,
                    7
                  ]
                },
                "up": {
                  "uv": [
                    45,
                    36
                  ],
                  "uv_size": [
                    3,
                    4
                  ]
                },
                "down": {
                  "uv": [
                    46,
                    8
                  ],
                  "uv_size": [
                    3,
                    -4
                  ]
                }
              },
              "inflate": 0
            }
          ],
          "parent": "root"
        },
        {
          "name": "hip_l",
          "pivot": [
            3,
            6.5,
            6
          ],
          "cubes": [
            {
              "origin": [
                1.5,
                1.0,
                4.5
              ],
              "size": [
                2.0,
                6.0,
                3.0
              ],
              "uv": {
                "north": {
                  "uv": [
                    40,
                    44
                  ],
                  "uv_size": [
                    2,
                    6
                  ]
                },
                "east": {
                  "uv": [
                    27,
                    39
                  ],
                  "uv_size": [
                    3,
                    6
                  ]
                },
                "south": {
                  "uv": [
                    46,
                    8
                  ],
                  "uv_size": [
                    2,
                    6
                  ]
                },
                "west": {
                  "uv": [
                    39,
                    38
                  ],
                  "uv_size": [
                    3,
                    6
                  ]
                },
                "up": {
                  "uv": [
                    12,
                    49
                  ],
                  "uv_size": [
                    2,
                    3
                  ]
                },
                "down": {
                  "uv": [
                    49,
                    20
                  ],
                  "uv_size": [
                    2,
                    -3
                  ]
                }
              },
              "inflate": 0
            }
          ],
          "parent": "rump_l"
        },
        {
          "name": "knee_l",
          "pivot": [
            2.5,
            1,
            6
          ],
          "cubes": [
            {
              "origin": [
                1.5,
                0.0,
                3.0
              ],
              "size": [
                2.0,
                1.0,
                4.0
              ],
              "uv": {
                "north": {
                  "uv": [
                    47,
                    17
                  ],
                  "uv_size": [
                    2,
                    1
                  ]
                },
                "east": {
                  "uv": [
                    29,
                    6
                  ],
                  "uv_size": [
                    4,
                    1
                  ]
                },
                "south": {
                  "uv": [
                    30,
                    50
                  ],
                  "uv_size": [
                    2,
                    1
                  ]
                },
                "west": {
                  "uv": [
                    49,
                    28
                  ],
                  "uv_size": [
                    4,
                    1
                  ]
                },
                "up": {
                  "uv": [
                    20,
                    48
                  ],
                  "uv_size": [
                    2,
                    4
                  ]
                },
                "down": {
                  "uv": [
                    48,
                    25
                  ],
                  "uv_size": [
                    2,
                    -4
                  ]
                }
              },
              "inflate": 0
            }
          ],
          "parent": "hip_l"
        },
        {
          "name": "ankle_l",
          "pivot": [
            2.5,
            0.5,
            3.5
          ],
          "cubes": [
            {
              "origin": [
                1.5,
                0.0,
                0.5
              ],
              "size": [
                2.0,
                1.0,
                3.0
              ],
              "uv": {
                "north": {
                  "uv": [
                    50,
                    35
                  ],
                  "uv_size": [
                    2,
                    1
                  ]
                },
                "east": {
                  "uv": [
                    50,
                    32
                  ],
                  "uv_size": [
                    3,
                    1
                  ]
                },
                "south": {
                  "uv": [
                    50,
                    36
                  ],
                  "uv_size": [
                    2,
                    1
                  ]
                },
                "west": {
                  "uv": [
                    50,
                    33
                  ],
                  "uv_size": [
                    3,
                    1
                  ]
                },
                "up": {
                  "uv": [
                    49,
                    25
                  ],
                  "uv_size": [
                    2,
                    3
                  ]
                },
                "down": {
                  "uv": [
                    26,
                    52
                  ],
                  "uv_size": [
                    2,
                    -3
                  ]
                }
              },
              "inflate": 0.01
            }
          ],
          "parent": "knee_l"
        },
        {
          "name": "rump_r",
          "pivot": [
            -2.5,
            10.5,
            6
          ],
          "cubes": [
            {
              "origin": [
                -4.0,
                5.5,
                4.0
              ],
              "size": [
                3.0,
                7.0,
                4.0
              ],
              "uv": {
                "north": {
                  "uv": [
                    12,
                    38
                  ],
                  "uv_size": [
                    3,
                    7
                  ]
                },
                "east": {
                  "uv": [
                    8,
                    34
                  ],
                  "uv_size": [
                    4,
                    7
                  ]
                },
                "south": {
                  "uv": [
                    38,
                    13
                  ],
                  "uv_size": [
                    3,
                    7
                  ]
                },
                "west": {
                  "uv": [
                    34,
                    13
                  ],
                  "uv_size": [
                    4,
                    7
                  ]
                },
                "up": {
                  "uv": [
                    46,
                    25
                  ],
                  "uv_size": [
                    3,
                    4
                  ]
                },
                "down": {
                  "uv": [
                    29,
                    50
                  ],
                  "uv_size": [
                    3,
                    -4
                  ]
                }
              },
              "inflate": 0
            }
          ],
          "parent": "root"
        },
        {
          "name": "hip_r",
          "pivot": [
            -2,
            6.5,
            6
          ],
          "cubes": [
            {
              "origin": [
                -3.5,
                1.0,
                4.5
              ],
              "size": [
                2.0,
                6.0,
                3.0
              ],
              "uv": {
                "north": {
                  "uv": [
                    46,
                    29
                  ],
                  "uv_size": [
                    2,
                    6
                  ]
                },
                "east": {
                  "uv": [
                    3,
                    41
                  ],
                  "uv_size": [
                    3,
                    6
                  ]
                },
                "south": {
                  "uv": [
                    44,
                    46
                  ],
                  "uv_size": [
                    2,
                    6
                  ]
                },
                "west": {
                  "uv": [
                    41,
                    5
                  ],
                  "uv_size": [
                    3,
                    6
                  ]
                },
                "up": {
                  "uv": [
                    42,
                    49
                  ],
                  "uv_size": [
                    2,
                    3
                  ]
                },
                "down": {
                  "uv": [
                    50,
                    3
                  ],
                  "uv_size": [
                    2,
                    -3
                  ]
                }
              },
              "inflate": 0
            }
          ],
          "parent": "rump_r"
        },
        {
          "name": "knee_r",
          "pivot": [
            -2.5,
            1,
            6
          ],
          "cubes": [
            {
              "origin": [
                -3.5,
                0.0,
                3.0
              ],
              "size": [
                2.0,
                1.0,
                4.0
              ],
              "uv": {
                "north": {
                  "uv": [
                    37,
                    50
                  ],
                  "uv_size": [
                    2,
                    1
                  ]
                },
                "east": {
                  "uv": [
                    50,
                    3
                  ],
                  "uv_size": [
                    4,
                    1
                  ]
                },
                "south": {
                  "uv": [
                    50,
                    37
                  ],
                  "uv_size": [
                    2,
                    1
                  ]
                },
                "west": {
                  "uv": [
                    50,
                    16
                  ],
                  "uv_size": [
                    4,
                    1
                  ]
                },
                "up": {
                  "uv": [
                    22,
                    48
                  ],
                  "uv_size": [
                    2,
                    4
                  ]
                },
                "down": {
                  "uv": [
                    48,
                    33
                  ],
                  "uv_size": [
                    2,
                    -4
                  ]
                }
              },
              "inflate": 0
            }
          ],
          "parent": "hip_r"
        },
        {
          "name": "ankle_r",
          "pivot": [
            -2.5,
            0.5,
            3.5
          ],
          "cubes": [
            {
              "origin": [
                -3.5,
                0.0,
                0.5
              ],
              "size": [
                2.0,
                1.0,
                3.0
              ],
              "uv": {
                "north": {
                  "uv": [
                    50,
                    38
                  ],
                  "uv_size": [
                    2,
                    1
                  ]
                },
                "east": {
                  "uv": [
                    34,
                    50
                  ],
                  "uv_size": [
                    3,
                    1
                  ]
                },
                "south": {
                  "uv": [
                    39,
                    50
                  ],
                  "uv_size": [
                    2,
                    1
                  ]
                },
                "west": {
                  "uv": [
                    50,
                    34
                  ],
                  "uv_size": [
                    3,
                    1
                  ]
                },
                "up": {
                  "uv": [
                    5,
                    50
                  ],
                  "uv_size": [
                    2,
                    3
                  ]
                },
                "down": {
                  "uv": [
                    7,
                    53
                  ],
                  "uv_size": [
                    2,
                    -3
                  ]
                }
              },
              "inflate": 0.01
            }
          ],
          "parent": "knee_r"
        }
      ]
    }
  ]
}