{
  "format_version": "1.12.0",
  "minecraft:geometry": [
    {
      "description": {
        "identifier": "geometry.md_mortem",
        "texture_width": 512,
        "texture_height": 512,
        "visible_bounds_width": 18,
        "visible_bounds_height": 11,
        "visible_bounds_offset": [
          0,
          2.5,
          0
        ]
      },
      "bones": [
        {
          "name": "root",
          "pivot": [
            0,
            64,
            8
          ],
          "cubes": [
            {
              "origin": [
                -10.0,
                46.0,
                -9.0
              ],
              "size": [
                20.0,
                32.0,
                33.0
              ],
              "uv": [
                0,
                0
              ],
              "inflate": 0
            },
            {
              "origin": [
                -7.0,
                77.0,
                -3.0
              ],
              "size": [
                0.0,
                14.0,
                27.0
              ],
              "pivot": [
                -7.0,
                77.5,
                10.5
              ],
              "rotation": [
                0.0,
                0.0,
                -15.0
              ],
              "uv": [
                134,
                23
              ],
              "inflate": 0
            },
            {
              "origin": [
                7.0,
                76.0,
                -4.0
              ],
              "size": [
                0.0,
                14.0,
                28.0
              ],
              "pivot": [
                7.0,
                79.0,
                10.0
              ],
              "rotation": [
                0.0,
                0.0,
                17.5
              ],
              "uv": [
                134,
                22
              ],
              "inflate": 0
            }
          ],
          "locators": {}
        },
        {
          "name": "spine0",
          "pivot": [
            0,
            64,
            -8
          ],
          "cubes": [
            {
              "origin": [
                -12.0,
                45.0,
                -22.0
              ],
              "size": [
                24.0,
                33.0,
                17.0
              ],
              "uv": [
                134,
                0
              ],
              "inflate": 0
            },
            {
              "origin": [
                -5.0,
                76.0,
                -22.0
              ],
              "size": [
                0.0,
                33.0,
                17.0
              ],
              "pivot": [
                -5.0,
                77.5,
                -13.5
              ],
              "rotation": [
                -10.0,
                0.0,
                -10.0
              ],
              "uv": [
                126,
                183
              ],
              "inflate": 0
            },
            {
              "origin": [
                5.0,
                76.0,
                -22.0
              ],
              "size": [
                0.0,
                33.0,
                17.0
              ],
              "pivot": [
                6.0,
                75.5,
                -13.5
              ],
              "rotation": [
                -10.0,
                0.0,
                10.0
              ],
              "uv": [
                126,
                183
              ],
              "inflate": 0
            }
          ],
          "parent": "root"
        },
        {
          "name": "chest",
          "pivot": [
            0,
            64,
            -21
          ],
          "cubes": [
            {
              "origin": [
                -10.0,
                45.0,
                -34.0
              ],
              "size": [
                20.0,
                32.0,
                16.0
              ],
              "uv": [
                176,
                105
              ],
              "inflate": 0
            },
            {
              "origin": [
                3.0,
                72.0,
                -34.0
              ],
              "size": [
                0.0,
                14.0,
                16.0
              ],
              "uv": [
                0,
                0
              ],
              "inflate": 0
            },
            {
              "origin": [
                -3.0,
                72.0,
                -34.0
              ],
              "size": [
                0.0,
                14.0,
                16.0
              ],
              "uv": [
                142,
                220
              ],
              "inflate": 0
            },
            {
              "origin": [
                -8.0,
                73.0,
                -34.0
              ],
              "size": [
                0.0,
                14.0,
                16.0
              ],
              "pivot": [
                0.0,
                75.0,
                -26.0
              ],
              "rotation": [
                0.0,
                0.0,
                -15.0
              ],
              "uv": [
                218,
                34
              ],
              "inflate": 0
            }
          ],
          "parent": "spine0"
        },
        {
          "name": "neck0",
          "pivot": [
            0,
            69,
            -34
          ],
          "cubes": [
            {
              "origin": [
                -6.0,
                55.0,
                -44.0
              ],
              "size": [
                12.0,
                20.0,
                12.0
              ],
              "uv": [
                198,
                153
              ],
              "inflate": 0
            },
            {
              "origin": [
                -4.0,
                75.0,
                -44.0
              ],
              "size": [
                0.0,
                9.0,
                12.0
              ],
              "uv": [
                176,
                141
              ],
              "inflate": 0
            },
            {
              "origin": [
                4.0,
                75.0,
                -44.0
              ],
              "size": [
                0.0,
                9.0,
                12.0
              ],
              "uv": [
                32,
                113
              ],
              "inflate": 0
            }
          ],
          "parent": "chest"
        },
        {
          "name": "neck1",
          "pivot": [
            0,
            70,
            -44
          ],
          "cubes": [
            {
              "origin": [
                -5.0,
                55.0,
                -54.0
              ],
              "size": [
                10.0,
                20.0,
                12.0
              ],
              "uv": [
                216,
                0
              ],
              "inflate": 0
            },
            {
              "origin": [
                -1.0,
                75.0,
                -54.0
              ],
              "size": [
                0.0,
                7.0,
                12.0
              ],
              "pivot": [
                0.0,
                0.0,
                0.0
              ],
              "rotation": [
                0.0,
                0.0,
                -2.5
              ],
              "uv": [
                108,
                0
              ],
              "inflate": 0
            },
            {
              "origin": [
                -2.0,
                75.0,
                -54.0
              ],
              "size": [
                0.0,
                7.0,
                12.0
              ],
              "pivot": [
                0.0,
                0.0,
                0.0
              ],
              "rotation": [
                0.0,
                0.0,
                5.0
              ],
              "uv": [
                73,
                14
              ],
              "inflate": 0
            },
            {
              "origin": [
                0.0,
                45.0,
                -54.0
              ],
              "size": [
                0.0,
                10.0,
                16.0
              ],
              "uv": [
                0,
                109
              ],
              "inflate": 0
            }
          ],
          "parent": "neck0"
        },
        {
          "name": "head",
          "pivot": [
            0,
            67,
            -54
          ],
          "cubes": [
            {
              "origin": [
                -7.0,
                67.0,
                -68.0
              ],
              "size": [
                14.0,
                10.0,
                18.0
              ],
              "uv": [
                172,
                50
              ],
              "inflate": 0
            },
            {
              "origin": [
                -8.0,
                64.0,
                -69.0
              ],
              "size": [
                16.0,
                4.0,
                10.0
              ],
              "uv": [
                214,
                185
              ],
              "inflate": 0
            },
            {
              "origin": [
                -6.0,
                57.0,
                -69.0
              ],
              "size": [
                0.0,
                9.0,
                10.0
              ],
              "uv": [
                232,
                99
              ],
              "inflate": 0
            },
            {
              "origin": [
                4.0,
                57.0,
                -69.0
              ],
              "size": [
                0.0,
                9.0,
                10.0
              ],
              "uv": [
                232,
                99
              ],
              "inflate": 0
            },
            {
              "origin": [
                -5.0,
                63.0,
                -87.0
              ],
              "size": [
                10.0,
                14.0,
                19.0
              ],
              "uv": [
                68,
                170
              ],
              "inflate": 0
            },
            {
              "origin": [
                -4.5,
                61.0,
                -86.0
              ],
              "size": [
                9.0,
                4.0,
                18.0
              ],
              "uv": [
                208,
                212
              ],
              "inflate": -0.001
            },
            {
              "origin": [
                -7.0,
                56.0,
                -59.0
              ],
              "size": [
                14.0,
                11.0,
                9.0
              ],
              "uv": [
                0,
                222
              ],
              "inflate": 0
            }
          ],
          "parent": "neck1"
        },
        {
          "name": "eyelids",
          "pivot": [
            0,
            72.5,
            -66.01
          ],
          "parent": "head"
        },
        {
          "name": "jaw",
          "pivot": [
            0,
            66,
            -59
          ],
          "cubes": [
            {
              "origin": [
                -8.0,
                56.0,
                -69.0
              ],
              "size": [
                16.0,
                8.0,
                10.0
              ],
              "uv": [
                216,
                32
              ],
              "inflate": 0
            },
            {
              "origin": [
                -4.0,
                56.0,
                -86.0
              ],
              "size": [
                8.0,
                7.0,
                19.0
              ],
              "uv": [
                73,
                0
              ],
              "inflate": 0
            },
            {
              "origin": [
                -3.5,
                63.0,
                -85.5
              ],
              "size": [
                7.0,
                3.0,
                16.0
              ],
              "uv": [
                144,
                217
              ],
              "inflate": 0
            }
          ],
          "parent": "head"
        },
        {
          "name": "shoulder_l",
          "pivot": [
            10,
            56,
            -30
          ],
          "cubes": [
            {
              "origin": [
                8.0,
                48.5,
                -32.5
              ],
              "size": [
                4.0,
                11.0,
                6.0
              ],
              "uv": [
                107,
                170
              ],
              "inflate": 0
            }
          ],
          "parent": "chest"
        },
        {
          "name": "elbow_l",
          "pivot": [
            10,
            49,
            -29
          ],
          "cubes": [
            {
              "origin": [
                8.5,
                41.0,
                -32.0
              ],
              "size": [
                3.0,
                8.0,
                5.0
              ],
              "uv": [
                132,
                0
              ],
              "inflate": 0
            }
          ],
          "parent": "shoulder_l"
        },
        {
          "name": "wrist_l",
          "pivot": [
            10,
            41,
            -30
          ],
          "cubes": [
            {
              "origin": [
                8.5,
                36.0,
                -31.0
              ],
              "size": [
                3.0,
                5.0,
                3.0
              ],
              "uv": [
                164,
                119
              ],
              "inflate": 0
            }
          ],
          "parent": "elbow_l"
        },
        {
          "name": "finger_l",
          "pivot": [
            10,
            36.5,
            -30.5
          ],
          "cubes": [
            {
              "origin": [
                11.0,
                33.0,
                -31.0
              ],
              "size": [
                0.0,
                3.0,
                2.0
              ],
              "uv": [
                81,
                12
              ],
              "inflate": 0
            },
            {
              "origin": [
                9.0,
                32.0,
                -31.0
              ],
              "size": [
                0.0,
                4.0,
                2.0
              ],
              "uv": [
                77,
                12
              ],
              "inflate": 0
            }
          ],
          "parent": "wrist_l"
        },
        {
          "name": "shoulder_r",
          "pivot": [
            -10,
            56,
            -30
          ],
          "cubes": [
            {
              "origin": [
                -12.0,
                48.5,
                -32.5
              ],
              "size": [
                4.0,
                11.0,
                6.0
              ],
              "uv": [
                0,
                170
              ],
              "inflate": 0
            }
          ],
          "parent": "chest"
        },
        {
          "name": "elbow_r",
          "pivot": [
            -10,
            49,
            -29
          ],
          "cubes": [
            {
              "origin": [
                -11.5,
                40.0,
                -32.0
              ],
              "size": [
                3.0,
                9.0,
                5.0
              ],
              "uv": [
                73,
                0
              ],
              "inflate": 0
            }
          ],
          "parent": "shoulder_r"
        },
        {
          "name": "wrist_r",
          "pivot": [
            -10,
            41,
            -30
          ],
          "cubes": [
            {
              "origin": [
                -11.5,
                36.0,
                -31.0
              ],
              "size": [
                3.0,
                5.0,
                3.0
              ],
              "uv": [
                160,
                140
              ],
              "inflate": 0
            }
          ],
          "parent": "elbow_r"
        },
        {
          "name": "finger_r",
          "pivot": [
            -10,
            36.5,
            -30.5
          ],
          "cubes": [
            {
              "origin": [
                -11.0,
                33.0,
                -31.0
              ],
              "size": [
                0.0,
                3.0,
                2.0
              ],
              "uv": [
                73,
                0
              ],
              "inflate": 0
            },
            {
              "origin": [
                -9.0,
                32.0,
                -31.0
              ],
              "size": [
                0.0,
                4.0,
                2.0
              ],
              "uv": [
                73,
                12
              ],
              "inflate": 0
            }
          ],
          "parent": "wrist_r"
        },
        {
          "name": "tail0",
          "pivot": [
            0,
            65,
            22
          ],
          "cubes": [
            {
              "origin": [
                -8.0,
                53.0,
                22.0
              ],
              "size": [
                16.0,
                24.0,
                36.0
              ],
              "uv": [
                0,
                65
              ],
              "inflate": 0
            },
            {
              "origin": [
                -1.0,
                65.0,
                21.0
              ],
              "size": [
                2.0,
                2.0,
                2.0
              ],
              "uv": [
                0,
                0
              ],
              "inflate": 0
            },
            {
              "origin": [
                4.07612,
                73.61732,
                22.0
              ],
              "size": [
                0.0,
                12.0,
                36.0
              ],
              "pivot": [
                11.0,
                91.0,
                40.0
              ],
              "rotation": [
                0.0,
                0.0,
                10.0
              ],
              "uv": [
                124,
                57
              ],
              "inflate": 0
            },
            {
              "origin": [
                -5.92388,
                75.38268,
                22.0
              ],
              "size": [
                0.0,
                12.0,
                36.0
              ],
              "pivot": [
                1.0,
                91.0,
                40.0
              ],
              "rotation": [
                0.0,
                0.0,
                -10.0
              ],
              "uv": [
                124,
                57
              ],
              "inflate": 0
            }
          ],
          "parent": "root"
        },
        {
          "name": "tail1",
          "pivot": [
            0,
            66,
            56
          ],
          "cubes": [
            {
              "origin": [
                -7.0,
                59.0,
                56.0
              ],
              "size": [
                14.0,
                16.0,
                38.0
              ],
              "uv": [
                68,
                27
              ],
              "inflate": 0
            },
            {
              "origin": [
                -4.92388,
                73.38268,
                56.0
              ],
              "size": [
                0.0,
                11.0,
                38.0
              ],
              "pivot": [
                1.0,
                90.0,
                75.0
              ],
              "rotation": [
                0.0,
                0.0,
                -7.5
              ],
              "uv": [
                76,
                118
              ],
              "inflate": 0
            },
            {
              "origin": [
                -7.92388,
                73.38268,
                56.0
              ],
              "size": [
                0.0,
                11.0,
                38.0
              ],
              "pivot": [
                1.0,
                90.0,
                75.0
              ],
              "rotation": [
                0.0,
                0.0,
                -7.5
              ],
              "uv": [
                0,
                121
              ],
              "inflate": 0
            },
            {
              "origin": [
                3.07612,
                72.61732,
                56.0
              ],
              "size": [
                0.0,
                12.0,
                38.0
              ],
              "pivot": [
                10.0,
                90.0,
                75.0
              ],
              "rotation": [
                0.0,
                0.0,
                7.5
              ],
              "uv": [
                76,
                109
              ],
              "inflate": 0
            },
            {
              "origin": [
                8.07612,
                72.61732,
                56.0
              ],
              "size": [
                0.0,
                12.0,
                38.0
              ],
              "pivot": [
                10.0,
                90.0,
                75.0
              ],
              "rotation": [
                0.0,
                0.0,
                7.5
              ],
              "uv": [
                0,
                120
              ],
              "inflate": 0
            }
          ],
          "parent": "tail0"
        },
        {
          "name": "tail2",
          "pivot": [
            0,
            67,
            92
          ],
          "cubes": [
            {
              "origin": [
                -5.0,
                62.0,
                92.0
              ],
              "size": [
                10.0,
                10.0,
                40.0
              ],
              "uv": [
                64,
                85
              ],
              "inflate": 0
            },
            {
              "origin": [
                2.07612,
                66.61732,
                92.0
              ],
              "size": [
                0.0,
                12.0,
                40.0
              ],
              "pivot": [
                0.0,
                70.0,
                112.0
              ],
              "rotation": [
                0.0,
                0.0,
                15.0
              ],
              "uv": [
                80,
                95
              ],
              "inflate": 0
            },
            {
              "origin": [
                -3.92388,
                67.38268,
                92.0
              ],
              "size": [
                0.0,
                12.0,
                40.0
              ],
              "pivot": [
                1.0,
                71.0,
                112.0
              ],
              "rotation": [
                0.0,
                0.0,
                -15.0
              ],
              "uv": [
                80,
                95
              ],
              "inflate": 0
            }
          ],
          "parent": "tail1"
        },
        {
          "name": "tail3",
          "pivot": [
            0,
            81,
            22
          ],
          "cubes": [
            {
              "origin": [
                -0.92388,
                81.38268,
                21.0
              ],
              "size": [
                0.0,
                2.0,
                2.0
              ],
              "uv": [
                4,
                12
              ],
              "inflate": 0
            }
          ],
          "parent": "root",
          "rotation": [
            0,
            0,
            -22.5
          ]
        },
        {
          "name": "tail4",
          "pivot": [
            0,
            82,
            56
          ],
          "parent": "tail3"
        },
        {
          "name": "tail5",
          "pivot": [
            0,
            83,
            92
          ],
          "parent": "tail4"
        },
        {
          "name": "tail6",
          "pivot": [
            0,
            75,
            72.75
          ],
          "parent": "root",
          "rotation": [
            0,
            0,
            22.5
          ]
        },
        {
          "name": "tail7",
          "pivot": [
            10,
            82,
            56
          ],
          "parent": "tail6"
        },
        {
          "name": "tail8",
          "pivot": [
            10,
            83,
            92
          ],
          "parent": "tail7"
        },
        {
          "name": "rump_l",
          "pivot": [
            10,
            63,
            7
          ],
          "cubes": [
            {
              "origin": [
                4.0,
                44.0,
                -4.0
              ],
              "size": [
                12.0,
                30.0,
                22.0
              ],
              "uv": [
                0,
                170
              ],
              "inflate": 0
            }
          ],
          "parent": "root"
        },
        {
          "name": "hip_l",
          "pivot": [
            10,
            46,
            3
          ],
          "cubes": [
            {
              "origin": [
                6.0,
                18.0,
                -3.0
              ],
              "size": [
                8.0,
                30.0,
                12.0
              ],
              "uv": [
                68,
                203
              ],
              "inflate": 0
            }
          ],
          "parent": "rump_l"
        },
        {
          "name": "knee_l",
          "pivot": [
            10,
            20,
            4
          ],
          "cubes": [
            {
              "origin": [
                7.0,
                0.0,
                0.0
              ],
              "size": [
                6.0,
                20.0,
                8.0
              ],
              "uv": [
                236,
                64
              ],
              "inflate": 0
            }
          ],
          "parent": "hip_l"
        },
        {
          "name": "ankle_l",
          "pivot": [
            10,
            2,
            3
          ],
          "parent": "knee_l"
        },
        {
          "name": "toe0_l",
          "pivot": [
            7,
            2,
            1
          ],
          "cubes": [
            {
              "origin": [
                5.0,
                0.0,
                -7.0
              ],
              "size": [
                4.0,
                4.0,
                8.0
              ],
              "uv": [
                199,
                0
              ],
              "inflate": 0
            },
            {
              "origin": [
                7.0,
                0.0,
                -11.0
              ],
              "size": [
                0.0,
                3.0,
                4.0
              ],
              "uv": [
                24,
                26
              ],
              "inflate": 0
            }
          ],
          "parent": "ankle_l"
        },
        {
          "name": "toe1_l",
          "pivot": [
            10,
            2,
            1
          ],
          "cubes": [
            {
              "origin": [
                8.0,
                0.0,
                -9.0
              ],
              "size": [
                4.0,
                4.0,
                10.0
              ],
              "uv": [
                0,
                242
              ],
              "inflate": 0
            },
            {
              "origin": [
                10.0,
                0.0,
                -13.0
              ],
              "size": [
                0.0,
                3.0,
                4.0
              ],
              "uv": [
                16,
                26
              ],
              "inflate": 0
            }
          ],
          "parent": "ankle_l"
        },
        {
          "name": "toe2_l",
          "pivot": [
            13,
            2,
            1
          ],
          "cubes": [
            {
              "origin": [
                11.0,
                0.0,
                -9.0
              ],
              "size": [
                4.0,
                4.0,
                10.0
              ],
              "uv": [
                164,
                240
              ],
              "inflate": 0
            },
            {
              "origin": [
                13.0,
                0.0,
                -13.0
              ],
              "size": [
                0.0,
                3.0,
                4.0
              ],
              "uv": [
                8,
                26
              ],
              "inflate": 0
            }
          ],
          "parent": "ankle_l"
        },
        {
          "name": "toe3_l",
          "pivot": [
            8,
            11,
            3
          ],
          "cubes": [
            {
              "origin": [
                7.0,
                5.0,
                3.0
              ],
              "size": [
                2.0,
                6.0,
                0.0
              ],
              "uv": [
                68,
                95
              ],
              "inflate": 0
            }
          ],
          "parent": "knee_l"
        },
        {
          "name": "rump_r",
          "pivot": [
            -10,
            63,
            7
          ],
          "cubes": [
            {
              "origin": [
                -16.0,
                44.0,
                -4.0
              ],
              "size": [
                12.0,
                30.0,
                22.0
              ],
              "uv": [
                130,
                148
              ],
              "inflate": 0
            }
          ],
          "parent": "root"
        },
        {
          "name": "hip_r",
          "pivot": [
            -10,
            46,
            3
          ],
          "cubes": [
            {
              "origin": [
                -14.0,
                18.0,
                -3.0
              ],
              "size": [
                8.0,
                30.0,
                12.0
              ],
              "uv": [
                186,
                188
              ],
              "inflate": 0
            }
          ],
          "parent": "rump_r"
        },
        {
          "name": "knee_r",
          "pivot": [
            -10,
            20,
            4
          ],
          "cubes": [
            {
              "origin": [
                -13.0,
                0.0,
                0.0
              ],
              "size": [
                6.0,
                20.0,
                8.0
              ],
              "uv": [
                38,
                234
              ],
              "inflate": 0
            }
          ],
          "parent": "hip_r"
        },
        {
          "name": "ankle_r",
          "pivot": [
            -10,
            2,
            3
          ],
          "parent": "knee_r"
        },
        {
          "name": "toe0_r",
          "pivot": [
            -7,
            2,
            1
          ],
          "cubes": [
            {
              "origin": [
                -9.0,
                0.0,
                -7.0
              ],
              "size": [
                4.0,
                4.0,
                8.0
              ],
              "uv": [
                108,
                0
              ],
              "inflate": 0
            },
            {
              "origin": [
                -7.0,
                0.0,
                -11.0
              ],
              "size": [
                0.0,
                3.0,
                4.0
              ],
              "uv": [
                0,
                26
              ],
              "inflate": 0
            }
          ],
          "parent": "ankle_r"
        },
        {
          "name": "toe1_r",
          "pivot": [
            -10,
            2,
            1
          ],
          "cubes": [
            {
              "origin": [
                -12.0,
                0.0,
                -9.0
              ],
              "size": [
                4.0,
                4.0,
                10.0
              ],
              "uv": [
                238,
                143
              ],
              "inflate": 0
            },
            {
              "origin": [
                -10.0,
                0.0,
                -13.0
              ],
              "size": [
                0.0,
                3.0,
                4.0
              ],
              "uv": [
                0,
                3
              ],
              "inflate": 0
            }
          ],
          "parent": "ankle_r"
        },
        {
          "name": "toe2_r",
          "pivot": [
            -13,
            2,
            1
          ],
          "cubes": [
            {
              "origin": [
                -15.0,
                0.0,
                -9.0
              ],
              "size": [
                4.0,
                4.0,
                10.0
              ],
              "uv": [
                0,
                0
              ],
              "inflate": 0
            },
            {
              "origin": [
                -13.0,
                0.0,
                -13.0
              ],
              "size": [
                0.0,
                3.0,
                4.0
              ],
              "uv": [
                0,
                0
              ],
              "inflate": 0
            }
          ],
          "parent": "ankle_r"
        },
        {
          "name": "toe3_r",
          "pivot": [
            -8,
            11,
            3
          ],
          "cubes": [
            {
              "origin": [
                -9.0,
                5.0,
                3.0
              ],
              "size": [
                2.0,
                6.0,
                0.0
              ],
              "uv": [
                28,
                9
              ],
              "inflate": 0
            }
          ],
          "parent": "knee_r"
        }
      ]
    }
  ]
}