{
  "format_version": "1.12.0",
  "minecraft:geometry": [
    {
      "description": {
        "identifier": "geometry.md_metria",
        "texture_width": 256,
        "texture_height": 256,
        "visible_bounds_width": 14,
        "visible_bounds_height": 8.5,
        "visible_bounds_offset": [
          0,
          1.75,
          0
        ]
      },
      "bones": [
        {
          "name": "root",
          "pivot": [
            0,
            48,
            8
          ],
          "cubes": [
            {
              "origin": [
                -7.0,
                37.0,
                -9.0
              ],
              "size": [
                14.0,
                21.0,
                29.0
              ],
              "uv": [
                0,
                0
              ],
              "inflate": 0
            }
          ],
          "locators": {},
          "rotation": [
            12.5,
            0,
            0
          ]
        },
        {
          "name": "rump_r",
          "pivot": [
            -8,
            48,
            8
          ],
          "cubes": [
            {
              "origin": [
                -11.0,
                35.0,
                2.0
              ],
              "size": [
                6.0,
                20.0,
                12.0
              ],
              "uv": [
                115,
                53
              ],
              "inflate": 0
            }
          ],
          "parent": "root",
          "rotation": [
            -12.5,
            0,
            0
          ]
        },
        {
          "name": "hip_r",
          "pivot": [
            -8,
            35,
            3
          ],
          "cubes": [
            {
              "origin": [
                -10.5,
                15.0,
                2.0
              ],
              "size": [
                5.0,
                20.0,
                7.0
              ],
              "uv": [
                34,
                118
              ],
              "inflate": 0
            }
          ],
          "parent": "rump_r"
        },
        {
          "name": "knee_r",
          "pivot": [
            -8,
            15,
            8
          ],
          "cubes": [
            {
              "origin": [
                -10.0,
                1.0,
                4.0
              ],
              "size": [
                4.0,
                14.0,
                5.0
              ],
              "uv": [
                45,
                50
              ],
              "inflate": 0
            }
          ],
          "parent": "hip_r"
        },
        {
          "name": "ankle_r",
          "pivot": [
            -8,
            2,
            6.5
          ],
          "cubes": [
            {
              "origin": [
                -10.0,
                0.0,
                4.0
              ],
              "size": [
                4.0,
                2.0,
                5.0
              ],
              "uv": [
                84,
                96
              ],
              "inflate": 0.01
            }
          ],
          "parent": "knee_r"
        },
        {
          "name": "toe0_r",
          "pivot": [
            -6,
            2,
            4
          ],
          "cubes": [
            {
              "origin": [
                -7.0,
                0.0,
                -1.5
              ],
              "size": [
                2.0,
                2.0,
                7.0
              ],
              "uv": [
                88,
                9
              ],
              "inflate": 0
            },
            {
              "origin": [
                -6.0,
                0.0,
                -4.5
              ],
              "size": [
                0.0,
                2.0,
                3.0
              ],
              "uv": [
                18,
                24
              ],
              "inflate": 0
            }
          ],
          "parent": "ankle_r"
        },
        {
          "name": "toe1_r",
          "pivot": [
            -8,
            2,
            4
          ],
          "cubes": [
            {
              "origin": [
                -9.0,
                0.0,
                -2.5
              ],
              "size": [
                2.0,
                2.0,
                7.0
              ],
              "uv": [
                88,
                0
              ],
              "inflate": 0
            },
            {
              "origin": [
                -8.0,
                0.0,
                -5.5
              ],
              "size": [
                0.0,
                2.0,
                3.0
              ],
              "uv": [
                12,
                24
              ],
              "inflate": 0
            }
          ],
          "parent": "ankle_r"
        },
        {
          "name": "toe2_r",
          "pivot": [
            -10,
            2,
            4
          ],
          "cubes": [
            {
              "origin": [
                -11.0,
                0.0,
                -1.5
              ],
              "size": [
                2.0,
                2.0,
                7.0
              ],
              "uv": [
                66,
                74
              ],
              "inflate": 0
            },
            {
              "origin": [
                -10.0,
                0.0,
                -4.5
              ],
              "size": [
                0.0,
                2.0,
                3.0
              ],
              "uv": [
                6,
                24
              ],
              "inflate": 0
            }
          ],
          "parent": "ankle_r"
        },
        {
          "name": "rump_l",
          "pivot": [
            8,
            48,
            8
          ],
          "cubes": [
            {
              "origin": [
                5.0,
                35.0,
                2.0
              ],
              "size": [
                6.0,
                20.0,
                12.0
              ],
              "uv": [
                100,
                96
              ],
              "inflate": 0
            }
          ],
          "parent": "root",
          "rotation": [
            -12.5,
            0,
            0
          ]
        },
        {
          "name": "hip_l",
          "pivot": [
            8,
            35,
            3
          ],
          "cubes": [
            {
              "origin": [
                5.5,
                15.0,
                2.0
              ],
              "size": [
                5.0,
                20.0,
                7.0
              ],
              "uv": [
                0,
                0
              ],
              "inflate": 0
            }
          ],
          "parent": "rump_l"
        },
        {
          "name": "knee_l",
          "pivot": [
            8,
            15,
            8
          ],
          "cubes": [
            {
              "origin": [
                6.0,
                1.0,
                4.0
              ],
              "size": [
                4.0,
                14.0,
                5.0
              ],
              "uv": [
                0,
                50
              ],
              "inflate": 0
            }
          ],
          "parent": "hip_l"
        },
        {
          "name": "ankle_l",
          "pivot": [
            8,
            2,
            6.5
          ],
          "cubes": [
            {
              "origin": [
                6.0,
                0.0,
                4.0
              ],
              "size": [
                4.0,
                2.0,
                5.0
              ],
              "uv": [
                0,
                90
              ],
              "inflate": 0.01
            }
          ],
          "parent": "knee_l"
        },
        {
          "name": "toe0_l",
          "pivot": [
            6,
            2,
            4
          ],
          "cubes": [
            {
              "origin": [
                5.0,
                0.0,
                -1.5
              ],
              "size": [
                2.0,
                2.0,
                7.0
              ],
              "uv": [
                66,
                65
              ],
              "inflate": 0
            },
            {
              "origin": [
                6.0,
                0.0,
                -4.5
              ],
              "size": [
                0.0,
                2.0,
                3.0
              ],
              "uv": [
                0,
                24
              ],
              "inflate": 0
            }
          ],
          "parent": "ankle_l"
        },
        {
          "name": "toe1_l",
          "pivot": [
            8,
            2,
            4
          ],
          "cubes": [
            {
              "origin": [
                7.0,
                0.0,
                -2.5
              ],
              "size": [
                2.0,
                2.0,
                7.0
              ],
              "uv": [
                57,
                9
              ],
              "inflate": 0
            },
            {
              "origin": [
                8.0,
                0.0,
                -5.5
              ],
              "size": [
                0.0,
                2.0,
                3.0
              ],
              "uv": [
                0,
                2
              ],
              "inflate": 0
            }
          ],
          "parent": "ankle_l"
        },
        {
          "name": "toe2_l",
          "pivot": [
            10,
            2,
            4
          ],
          "cubes": [
            {
              "origin": [
                9.0,
                0.0,
                -1.5
              ],
              "size": [
                2.0,
                2.0,
                7.0
              ],
              "uv": [
                57,
                0
              ],
              "inflate": 0
            },
            {
              "origin": [
                10.0,
                0.0,
                -4.5
              ],
              "size": [
                0.0,
                2.0,
                3.0
              ],
              "uv": [
                0,
                0
              ],
              "inflate": 0
            }
          ],
          "parent": "ankle_l"
        },
        {
          "name": "tail0",
          "pivot": [
            0,
            51,
            16
          ],
          "cubes": [
            {
              "origin": [
                -5.0,
                42.0,
                16.0
              ],
              "size": [
                10.0,
                15.0,
                21.0
              ],
              "uv": [
                65,
                29
              ],
              "inflate": 0.01
            }
          ],
          "parent": "root",
          "rotation": [
            10,
            0,
            0
          ]
        },
        {
          "name": "tail1",
          "pivot": [
            0,
            50,
            40
          ],
          "cubes": [
            {
              "origin": [
                -3.5,
                48.0,
                34.0
              ],
              "size": [
                7.0,
                9.0,
                22.0
              ],
              "uv": [
                66,
                65
              ],
              "inflate": 0
            }
          ],
          "parent": "tail0"
        },
        {
          "name": "tail2",
          "pivot": [
            0,
            53,
            55
          ],
          "cubes": [
            {
              "origin": [
                -2.0,
                50.0,
                55.0
              ],
              "size": [
                4.0,
                6.0,
                23.0
              ],
              "uv": [
                57,
                0
              ],
              "inflate": 0
            }
          ],
          "parent": "tail1"
        },
        {
          "name": "tail3",
          "pivot": [
            0,
            53,
            77
          ],
          "cubes": [
            {
              "origin": [
                -1.0,
                51.0,
                76.0
              ],
              "size": [
                2.0,
                4.0,
                18.0
              ],
              "uv": [
                106,
                21
              ],
              "inflate": 0
            }
          ],
          "parent": "tail2"
        },
        {
          "name": "spine0",
          "pivot": [
            0,
            48,
            -9
          ],
          "cubes": [
            {
              "origin": [
                -6.0,
                38.0,
                -26.0
              ],
              "size": [
                12.0,
                19.0,
                21.0
              ],
              "uv": [
                0,
                50
              ],
              "inflate": 0
            }
          ],
          "parent": "root",
          "rotation": [
            -5,
            0,
            0
          ]
        },
        {
          "name": "chest",
          "pivot": [
            0,
            48,
            -21.5
          ],
          "parent": "spine0"
        },
        {
          "name": "neck0",
          "pivot": [
            0,
            50,
            -23
          ],
          "cubes": [
            {
              "origin": [
                -4.0,
                44.0,
                -36.0
              ],
              "size": [
                8.0,
                12.0,
                16.0
              ],
              "uv": [
                52,
                96
              ],
              "inflate": -0.01
            }
          ],
          "parent": "chest",
          "rotation": [
            -27.5,
            0,
            0
          ]
        },
        {
          "name": "neck1",
          "pivot": [
            0,
            51,
            -35
          ],
          "cubes": [
            {
              "origin": [
                -3.5,
                44.5,
                -44.0
              ],
              "size": [
                7.0,
                12.0,
                10.0
              ],
              "uv": [
                0,
                118
              ],
              "inflate": -0.01
            }
          ],
          "parent": "neck0",
          "rotation": [
            -10,
            0,
            0
          ]
        },
        {
          "name": "head",
          "pivot": [
            0,
            52.5,
            -41.5
          ],
          "cubes": [
            {
              "origin": [
                -4.0,
                45.5,
                -44.5
              ],
              "size": [
                8.0,
                13.0,
                5.0
              ],
              "uv": [
                34,
                90
              ],
              "inflate": 0.01
            },
            {
              "origin": [
                -4.0,
                48.5,
                -62.5
              ],
              "size": [
                8.0,
                10.0,
                18.0
              ],
              "uv": [
                0,
                90
              ],
              "inflate": 0.01
            },
            {
              "origin": [
                -3.5,
                47.5,
                -62.0
              ],
              "size": [
                7.0,
                1.0,
                13.0
              ],
              "uv": [
                123,
                115
              ],
              "inflate": -0.01
            },
            {
              "origin": [
                -4.0,
                51.5,
                -54.5
              ],
              "size": [
                1.0,
                3.0,
                4.0
              ],
              "pivot": [
                0.0,
                52.5,
                -41.5
              ],
              "rotation": [
                -27.5,
                0.0,
                0.0
              ],
              "uv": [
                68,
                0
              ],
              "inflate": 0
            },
            {
              "origin": [
                3.0,
                51.5,
                -54.5
              ],
              "size": [
                1.0,
                3.0,
                4.0
              ],
              "pivot": [
                0.0,
                52.5,
                -41.5
              ],
              "rotation": [
                -27.5,
                0.0,
                0.0
              ],
              "uv": [
                17,
                0
              ],
              "inflate": 0
            }
          ],
          "parent": "neck1",
          "locators": {},
          "rotation": [
            25,
            0,
            0
          ]
        },
        {
          "name": "eyelids",
          "pivot": [
            0,
            54.5,
            -48
          ],
          "cubes": [
            {
              "origin": [
                4.02,
                53.5,
                -50.0
              ],
              "size": [
                0.0,
                3.0,
                4.0
              ],
              "uv": [
                67,
                14
              ],
              "inflate": 0
            },
            {
              "origin": [
                -4.02,
                53.5,
                -50.0
              ],
              "size": [
                0.0,
                3.0,
                4.0
              ],
              "uv": [
                13,
                46
              ],
              "inflate": 0
            }
          ],
          "parent": "head"
        },
        {
          "name": "left_horn",
          "pivot": [
            3,
            56.5,
            -45.25
          ],
          "parent": "head"
        },
        {
          "name": "right_horn",
          "pivot": [
            -3,
            56.5,
            -45.25
          ],
          "parent": "head"
        },
        {
          "name": "jaw",
          "pivot": [
            0,
            48.5,
            -44.5
          ],
          "cubes": [
            {
              "origin": [
                -4.0,
                45.5,
                -62.5
              ],
              "size": [
                8.0,
                3.0,
                18.0
              ],
              "uv": [
                88,
                0
              ],
              "inflate": 0
            },
            {
              "origin": [
                -3.5,
                48.5,
                -62.0
              ],
              "size": [
                7.0,
                1.0,
                13.0
              ],
              "uv": [
                122,
                0
              ],
              "inflate": -0.02
            },
            {
              "origin": [
                4.0,
                48.5,
                -49.5
              ],
              "size": [
                0.0,
                5.0,
                5.0
              ],
              "uv": [
                63,
                60
              ],
              "inflate": 0
            },
            {
              "origin": [
                -4.0,
                48.5,
                -49.5
              ],
              "size": [
                0.0,
                5.0,
                5.0
              ],
              "uv": [
                57,
                13
              ],
              "inflate": 0
            }
          ],
          "parent": "head"
        },
        {
          "name": "shoulder_r",
          "pivot": [
            -7,
            43,
            -23.5
          ],
          "cubes": [
            {
              "origin": [
                -8.0,
                36.0,
                -25.0
              ],
              "size": [
                2.0,
                9.0,
                3.0
              ],
              "uv": [
                102,
                96
              ],
              "inflate": 0
            }
          ],
          "parent": "chest"
        },
        {
          "name": "elbow_r",
          "pivot": [
            -7,
            36,
            -22.5
          ],
          "cubes": [
            {
              "origin": [
                -8.0,
                31.0,
                -24.0
              ],
              "size": [
                2.0,
                5.0,
                2.0
              ],
              "uv": [
                77,
                65
              ],
              "inflate": -0.01
            }
          ],
          "parent": "shoulder_r"
        },
        {
          "name": "wrist_r",
          "pivot": [
            -7,
            31,
            -23
          ],
          "cubes": [
            {
              "origin": [
                -8.5,
                27.0,
                -23.5
              ],
              "size": [
                3.0,
                4.0,
                1.0
              ],
              "uv": [
                55,
                90
              ],
              "inflate": -0.01
            }
          ],
          "parent": "elbow_r"
        },
        {
          "name": "shoulder_l",
          "pivot": [
            7,
            43,
            -23.5
          ],
          "cubes": [
            {
              "origin": [
                6.0,
                36.0,
                -25.0
              ],
              "size": [
                2.0,
                9.0,
                3.0
              ],
              "uv": [
                102,
                65
              ],
              "inflate": 0
            }
          ],
          "parent": "chest"
        },
        {
          "name": "elbow_l",
          "pivot": [
            7,
            36,
            -22.5
          ],
          "cubes": [
            {
              "origin": [
                6.0,
                31.0,
                -24.0
              ],
              "size": [
                2.0,
                5.0,
                2.0
              ],
              "uv": [
                68,
                9
              ],
              "inflate": -0.01
            }
          ],
          "parent": "shoulder_l"
        },
        {
          "name": "wrist_l",
          "pivot": [
            7,
            31,
            -23
          ],
          "cubes": [
            {
              "origin": [
                5.5,
                27.0,
                -23.5
              ],
              "size": [
                3.0,
                4.0,
                1.0
              ],
              "uv": [
                77,
                74
              ],
              "inflate": -0.01
            }
          ],
          "parent": "elbow_l"
        }
      ]
    }
  ]
}