{
	"format_version": "1.12.0",
	"minecraft:geometry": [
		{
			"description": {
				"identifier": "geometry.Microceratus",
				"texture_width": 64,
				"texture_height": 64,
				"visible_bounds_width": 6,
				"visible_bounds_height": 3,
				"visible_bounds_offset": [0, 0.5, 0]
			},
			"bones": [
				{
					"name": "root",
					"pivot": [0, 8, 4],
					"cubes": [
						{
							"origin": [-3, 5, -2],
							"size": [6, 8, 10],
							"inflate": 0.01,
							"uv": {
								"north": {"uv": [16, 7], "uv_size": [6, 8]},
								"east": {"uv": [0, 0], "uv_size": [10, 8]},
								"south": {"uv": [16, 15], "uv_size": [6, 8]},
								"west": {"uv": [0, 8], "uv_size": [10, 8]},
								"up": {"uv": [10, 0], "uv_size": [6, 10]},
								"down": {"uv": [10, 20], "uv_size": [6, -10]}
							}
						}
					],
					"locators": {
						"snooze_vfx": [-5, 19.5, -18]
					}
				},
				{
					"name": "spine0",
					"parent": "root",
					"pivot": [0, 8, 1],
					"cubes": [
						{
							"origin": [-3, 5.25, -6.25],
							"size": [5, 7, 6],
							"pivot": [0, -3, 0],
							"rotation": [-0.33047, -0.26105, 1.84351],
							"uv": {
								"north": {"uv": [19, 28], "uv_size": [5, 7]},
								"east": {"uv": [7, 20], "uv_size": [6, 7]},
								"south": {"uv": [28, 19], "uv_size": [5, 7]},
								"west": {"uv": [22, 7], "uv_size": [6, 7]},
								"up": {"uv": [29, 0], "uv_size": [5, 6]},
								"down": {"uv": [32, 32], "uv_size": [5, -6]}
							}
						}
					]
				},
				{
					"name": "chest",
					"parent": "spine0",
					"pivot": [0, 8, -5]
				},
				{
					"name": "shoulder_l",
					"parent": "chest",
					"pivot": [2.5, 11.5, -4.75],
					"cubes": [
						{
							"origin": [1, 6, -5.75],
							"size": [3, 4, 3],
							"uv": {
								"north": {"uv": [7, 16], "uv_size": [3, 4]},
								"east": {"uv": [34, 15], "uv_size": [3, 4]},
								"south": {"uv": [43, 9], "uv_size": [3, 4]},
								"west": {"uv": [12, 43], "uv_size": [3, 4]},
								"up": {"uv": [13, 20], "uv_size": [3, 3]},
								"down": {"uv": [37, 32], "uv_size": [3, -3]}
							}
						}
					]
				},
				{
					"name": "elbow_l",
					"parent": "shoulder_l",
					"pivot": [2.5, 6.5, -3.75],
					"cubes": [
						{
							"origin": [1.5, 0.75, -5],
							"size": [2, 6, 2],
							"uv": {
								"north": {"uv": [43, 19], "uv_size": [2, 6]},
								"east": {"uv": [24, 43], "uv_size": [2, 6]},
								"south": {"uv": [43, 25], "uv_size": [2, 6]},
								"west": {"uv": [26, 43], "uv_size": [2, 6]},
								"up": {"uv": [19, 40], "uv_size": [2, 2]},
								"down": {"uv": [43, 15], "uv_size": [2, -2]}
							}
						}
					]
				},
				{
					"name": "wrist_l",
					"parent": "elbow_l",
					"pivot": [2.5, 1.5, -3.25],
					"cubes": [
						{
							"origin": [1.5, 0.5, -6],
							"size": [2, 1, 3],
							"inflate": 0.01,
							"uv": {
								"north": {"uv": [50, 17], "uv_size": [2, 1]},
								"east": {"uv": [21, 35], "uv_size": [3, 1]},
								"south": {"uv": [50, 18], "uv_size": [2, 1]},
								"west": {"uv": [50, 5], "uv_size": [3, 1]},
								"up": {"uv": [4, 30], "uv_size": [2, 3]},
								"down": {"uv": [48, 20], "uv_size": [2, -3]}
							}
						}
					]
				},
				{
					"name": "shoulder_r",
					"parent": "chest",
					"pivot": [-2.5, 11.5, -4.75],
					"cubes": [
						{
							"origin": [-4, 6, -5.75],
							"size": [3, 4, 3],
							"uv": {
								"north": {"uv": [36, 43], "uv_size": [3, 4]},
								"east": {"uv": [43, 37], "uv_size": [3, 4]},
								"south": {"uv": [7, 44], "uv_size": [3, 4]},
								"west": {"uv": [31, 44], "uv_size": [3, 4]},
								"up": {"uv": [46, 10], "uv_size": [3, 3]},
								"down": {"uv": [47, 32], "uv_size": [3, -3]}
							}
						}
					]
				},
				{
					"name": "elbow_r",
					"parent": "shoulder_r",
					"pivot": [-2.5, 6.5, -3.75],
					"cubes": [
						{
							"origin": [-3.5, 0.75, -5],
							"size": [2, 6, 2],
							"uv": {
								"north": {"uv": [10, 44], "uv_size": [2, 6]},
								"east": {"uv": [34, 44], "uv_size": [2, 6]},
								"south": {"uv": [39, 44], "uv_size": [2, 6]},
								"west": {"uv": [41, 44], "uv_size": [2, 6]},
								"up": {"uv": [49, 47], "uv_size": [2, 2]},
								"down": {"uv": [49, 51], "uv_size": [2, -2]}
							}
						}
					]
				},
				{
					"name": "wrist_r",
					"parent": "elbow_r",
					"pivot": [-2.5, 1.5, -3.25],
					"cubes": [
						{
							"origin": [-3.5, 0.5, -6],
							"size": [2, 1, 3],
							"inflate": 0.01,
							"uv": {
								"north": {"uv": [50, 19], "uv_size": [2, 1]},
								"east": {"uv": [9, 50], "uv_size": [3, 1]},
								"south": {"uv": [50, 20], "uv_size": [2, 1]},
								"west": {"uv": [50, 13], "uv_size": [3, 1]},
								"up": {"uv": [48, 20], "uv_size": [2, 3]},
								"down": {"uv": [48, 26], "uv_size": [2, -3]}
							}
						}
					]
				},
				{
					"name": "neck0",
					"parent": "chest",
					"pivot": [0, 8, -7.5],
					"rotation": [55, 0, 0],
					"cubes": [
						{
							"origin": [-2, 5, -9],
							"size": [4, 5, 5],
							"pivot": [0, -3, 0],
							"rotation": [-7.5, 0, 2.5],
							"uv": {
								"north": {"uv": [36, 38], "uv_size": [4, 5]},
								"east": {"uv": [34, 0], "uv_size": [5, 5]},
								"south": {"uv": [39, 0], "uv_size": [4, 5]},
								"west": {"uv": [34, 5], "uv_size": [5, 5]},
								"up": {"uv": [39, 5], "uv_size": [4, 5]},
								"down": {"uv": [39, 15], "uv_size": [4, -5]}
							}
						}
					]
				},
				{
					"name": "neck1",
					"parent": "neck0",
					"pivot": [0, 10.5, -4.5],
					"cubes": [
						{
							"origin": [-1.5, 10, -3],
							"size": [4, 3, 5],
							"inflate": -0.1,
							"pivot": [0, -6, 2],
							"rotation": [15, 0, 0],
							"uv": {
								"north": {"uv": [43, 44], "uv_size": [4, 3]},
								"east": {"uv": [40, 31], "uv_size": [5, 3]},
								"south": {"uv": [0, 45], "uv_size": [4, 3]},
								"west": {"uv": [40, 34], "uv_size": [5, 3]},
								"up": {"uv": [32, 39], "uv_size": [4, 5]},
								"down": {"uv": [3, 45], "uv_size": [4, -5]}
							}
						}
					]
				},
				{
					"name": "head",
					"parent": "neck1",
					"pivot": [0, 10.5, -6],
					"rotation": [-52.5, 0, 0],
					"cubes": [
						{
							"origin": [-3, 8.5, -12],
							"size": [6, 7, 7],
							"inflate": 0.01,
							"uv": {
								"north": {"uv": [22, 14], "uv_size": [6, 7]},
								"east": {"uv": [0, 16], "uv_size": [7, 7]},
								"south": {"uv": [22, 21], "uv_size": [6, 7]},
								"west": {"uv": [16, 0], "uv_size": [7, 7]},
								"up": {"uv": [0, 23], "uv_size": [6, 7]},
								"down": {"uv": [23, 7], "uv_size": [6, -7]}
							}
						},
						{
							"origin": [-1.5, 0, 23],
							"size": [3, 4, 3],
							"inflate": 0.01,
							"pivot": [0, -11, 1],
							"rotation": [90, 0, 0],
							"uv": {
								"north": {"uv": [45, 2], "uv_size": [3, 4]},
								"east": {"uv": [4, 45], "uv_size": [3, 4]},
								"south": {"uv": [45, 13], "uv_size": [3, 4]},
								"west": {"uv": [45, 17], "uv_size": [3, 4]},
								"up": {"uv": [47, 32], "uv_size": [3, 3]},
								"down": {"uv": [36, 50], "uv_size": [3, -3]}
							}
						},
						{
							"origin": [-1, 9.5, -14],
							"size": [2, 3, 0],
							"uv": {
								"north": {"uv": [48, 26], "uv_size": [2, 3]},
								"east": {"uv": [0, 0], "uv_size": [0, 3]},
								"south": {"uv": [30, 48], "uv_size": [2, 3]},
								"west": {"uv": [0, 0], "uv_size": [0, 3]},
								"up": {"uv": [0, 0], "uv_size": [2, 0]},
								"down": {"uv": [0, 0], "uv_size": [2, 0]}
							}
						},
						{
							"origin": [-3, 12.5, -10],
							"size": [6, 6, 0],
							"pivot": [0, 10.5, -6],
							"rotation": [-37.5, 0, 0],
							"uv": {
								"north": {"uv": [13, 23], "uv_size": [6, 6]},
								"east": {"uv": [0, 0], "uv_size": [0, 6]},
								"south": {"uv": [6, 27], "uv_size": [6, 6]},
								"west": {"uv": [0, 0], "uv_size": [0, 6]},
								"up": {"uv": [0, 0], "uv_size": [6, 0]},
								"down": {"uv": [0, 0], "uv_size": [6, 0]}
							}
						},
						{
							"origin": [-5, 10.5, -9],
							"size": [4, 8, 0],
							"pivot": [0, 10.5, -6],
							"rotation": [-22.4271, 26.10278, -5.37924],
							"uv": {
								"north": {"uv": [24, 28], "uv_size": [4, 8]},
								"east": {"uv": [0, 0], "uv_size": [0, 8]},
								"south": {"uv": [28, 26], "uv_size": [4, 8]},
								"west": {"uv": [0, 0], "uv_size": [0, 8]},
								"up": {"uv": [0, 0], "uv_size": [4, 0]},
								"down": {"uv": [0, 0], "uv_size": [4, 0]}
							}
						},
						{
							"origin": [0, 10.5, -10],
							"size": [4, 8, 0],
							"pivot": [0, 10.5, -6],
							"rotation": [-32.52013, -37.7175, 14.41146],
							"uv": {
								"north": {"uv": [12, 29], "uv_size": [4, 8]},
								"east": {"uv": [0, 0], "uv_size": [0, 8]},
								"south": {"uv": [0, 30], "uv_size": [4, 8]},
								"west": {"uv": [0, 0], "uv_size": [0, 8]},
								"up": {"uv": [0, 0], "uv_size": [4, 0]},
								"down": {"uv": [0, 0], "uv_size": [4, 0]}
							}
						}
					]
				},
				{
					"name": "eyelids",
					"parent": "head",
					"pivot": [0, 0, -6]
				},
				{
					"name": "jaw",
					"parent": "head",
					"pivot": [0, 10.75, -8.5],
					"cubes": [
						{
							"origin": [-1.5, 11, -9.5],
							"size": [3, 2, 3],
							"inflate": 0.01,
							"pivot": [0, -11, 1],
							"rotation": [10, 0, 0],
							"uv": {
								"north": {"uv": [48, 35], "uv_size": [3, 2]},
								"east": {"uv": [48, 37], "uv_size": [3, 2]},
								"south": {"uv": [48, 39], "uv_size": [3, 2]},
								"west": {"uv": [46, 48], "uv_size": [3, 2]},
								"up": {"uv": [47, 41], "uv_size": [3, 3]},
								"down": {"uv": [43, 50], "uv_size": [3, -3]}
							}
						}
					]
				},
				{
					"name": "tail0",
					"parent": "root",
					"pivot": [0, 10, 7],
					"cubes": [
						{
							"origin": [-2, 7, 7],
							"size": [4, 6, 6],
							"uv": {
								"north": {"uv": [28, 34], "uv_size": [4, 6]},
								"east": {"uv": [28, 7], "uv_size": [6, 6]},
								"south": {"uv": [21, 36], "uv_size": [4, 6]},
								"west": {"uv": [28, 13], "uv_size": [6, 6]},
								"up": {"uv": [36, 32], "uv_size": [4, 6]},
								"down": {"uv": [12, 43], "uv_size": [4, -6]}
							}
						}
					]
				},
				{
					"name": "tail1",
					"parent": "tail0",
					"pivot": [0, 11, 13],
					"cubes": [
						{
							"origin": [-1.5, 8, 13],
							"size": [3, 5, 5],
							"inflate": -0.01,
							"uv": {
								"north": {"uv": [19, 23], "uv_size": [3, 5]},
								"east": {"uv": [34, 10], "uv_size": [5, 5]},
								"south": {"uv": [28, 40], "uv_size": [3, 5]},
								"west": {"uv": [16, 35], "uv_size": [5, 5]},
								"up": {"uv": [40, 37], "uv_size": [3, 5]},
								"down": {"uv": [19, 47], "uv_size": [3, -5]}
							}
						}
					]
				},
				{
					"name": "tail2",
					"parent": "tail1",
					"pivot": [0, 11, 19],
					"cubes": [
						{
							"origin": [-1, 9, 17],
							"size": [2, 4, 5],
							"inflate": -0.02,
							"uv": {
								"north": {"uv": [47, 44], "uv_size": [2, 4]},
								"east": {"uv": [7, 40], "uv_size": [5, 4]},
								"south": {"uv": [0, 48], "uv_size": [2, 4]},
								"west": {"uv": [40, 15], "uv_size": [5, 4]},
								"up": {"uv": [18, 47], "uv_size": [2, 5]},
								"down": {"uv": [20, 52], "uv_size": [2, -5]}
							}
						}
					]
				},
				{
					"name": "tail3",
					"parent": "tail2",
					"pivot": [0, 11.5, 25],
					"cubes": [
						{
							"origin": [-1, 11, 21.5],
							"size": [2, 2, 7],
							"inflate": -0.03,
							"uv": {
								"north": {"uv": [50, 0], "uv_size": [2, 2]},
								"east": {"uv": [40, 42], "uv_size": [7, 2]},
								"south": {"uv": [50, 2], "uv_size": [2, 2]},
								"west": {"uv": [43, 0], "uv_size": [7, 2]},
								"up": {"uv": [22, 42], "uv_size": [2, 7]},
								"down": {"uv": [43, 9], "uv_size": [2, -7]}
							}
						}
					]
				},
				{
					"name": "rump_l",
					"parent": "root",
					"pivot": [2.5, 10.5, 6],
					"cubes": [
						{
							"origin": [1, 5.5, 4],
							"size": [3, 7, 4],
							"uv": {
								"north": {"uv": [25, 36], "uv_size": [3, 7]},
								"east": {"uv": [32, 32], "uv_size": [4, 7]},
								"south": {"uv": [37, 15], "uv_size": [3, 7]},
								"west": {"uv": [4, 33], "uv_size": [4, 7]},
								"up": {"uv": [45, 21], "uv_size": [3, 4]},
								"down": {"uv": [45, 29], "uv_size": [3, -4]}
							}
						}
					]
				},
				{
					"name": "hip_l",
					"parent": "rump_l",
					"pivot": [3, 6.5, 6],
					"cubes": [
						{
							"origin": [1.5, 1, 4.5],
							"size": [2, 6, 3],
							"uv": {
								"north": {"uv": [28, 45], "uv_size": [2, 6]},
								"east": {"uv": [16, 29], "uv_size": [3, 6]},
								"south": {"uv": [45, 29], "uv_size": [2, 6]},
								"west": {"uv": [16, 40], "uv_size": [3, 6]},
								"up": {"uv": [32, 48], "uv_size": [2, 3]},
								"down": {"uv": [4, 52], "uv_size": [2, -3]}
							}
						}
					]
				},
				{
					"name": "knee_l",
					"parent": "hip_l",
					"pivot": [2.5, 1, 6],
					"cubes": [
						{
							"origin": [1.5, 0, 3],
							"size": [2, 1, 4],
							"uv": {
								"north": {"uv": [50, 21], "uv_size": [2, 1]},
								"east": {"uv": [29, 6], "uv_size": [4, 1]},
								"south": {"uv": [50, 22], "uv_size": [2, 1]},
								"west": {"uv": [43, 41], "uv_size": [4, 1]},
								"up": {"uv": [2, 48], "uv_size": [2, 4]},
								"down": {"uv": [48, 6], "uv_size": [2, -4]}
							}
						}
					]
				},
				{
					"name": "ankle_l",
					"parent": "knee_l",
					"pivot": [2.5, 0.5, 3.5],
					"cubes": [
						{
							"origin": [1.5, 0, 0.5],
							"size": [2, 1, 3],
							"inflate": 0.01,
							"uv": {
								"north": {"uv": [50, 23], "uv_size": [2, 1]},
								"east": {"uv": [14, 50], "uv_size": [3, 1]},
								"south": {"uv": [50, 24], "uv_size": [2, 1]},
								"west": {"uv": [50, 14], "uv_size": [3, 1]},
								"up": {"uv": [49, 6], "uv_size": [2, 3]},
								"down": {"uv": [49, 12], "uv_size": [2, -3]}
							}
						}
					]
				},
				{
					"name": "rump_r",
					"parent": "root",
					"pivot": [-2.5, 10.5, 6],
					"cubes": [
						{
							"origin": [-4, 5.5, 4],
							"size": [3, 7, 4],
							"uv": {
								"north": {"uv": [37, 22], "uv_size": [3, 7]},
								"east": {"uv": [8, 33], "uv_size": [4, 7]},
								"south": {"uv": [0, 38], "uv_size": [3, 7]},
								"west": {"uv": [33, 19], "uv_size": [4, 7]},
								"up": {"uv": [46, 6], "uv_size": [3, 4]},
								"down": {"uv": [15, 50], "uv_size": [3, -4]}
							}
						}
					]
				},
				{
					"name": "hip_r",
					"parent": "rump_r",
					"pivot": [-2, 6.5, 6],
					"cubes": [
						{
							"origin": [-3.5, 1, 4.5],
							"size": [2, 6, 3],
							"uv": {
								"north": {"uv": [46, 35], "uv_size": [2, 6]},
								"east": {"uv": [40, 19], "uv_size": [3, 6]},
								"south": {"uv": [12, 47], "uv_size": [2, 6]},
								"west": {"uv": [40, 25], "uv_size": [3, 6]},
								"up": {"uv": [22, 49], "uv_size": [2, 3]},
								"down": {"uv": [24, 52], "uv_size": [2, -3]}
							}
						}
					]
				},
				{
					"name": "knee_r",
					"parent": "hip_r",
					"pivot": [-2.5, 1, 6],
					"cubes": [
						{
							"origin": [-3.5, 0, 3],
							"size": [2, 1, 4],
							"uv": {
								"north": {"uv": [50, 25], "uv_size": [2, 1]},
								"east": {"uv": [49, 12], "uv_size": [4, 1]},
								"south": {"uv": [50, 26], "uv_size": [2, 1]},
								"west": {"uv": [50, 4], "uv_size": [4, 1]},
								"up": {"uv": [7, 48], "uv_size": [2, 4]},
								"down": {"uv": [48, 17], "uv_size": [2, -4]}
							}
						}
					]
				},
				{
					"name": "ankle_r",
					"parent": "knee_r",
					"pivot": [-2.5, 0.5, 3.5],
					"cubes": [
						{
							"origin": [-3.5, 0, 0.5],
							"size": [2, 1, 3],
							"inflate": 0.01,
							"uv": {
								"north": {"uv": [50, 27], "uv_size": [2, 1]},
								"east": {"uv": [50, 15], "uv_size": [3, 1]},
								"south": {"uv": [50, 28], "uv_size": [2, 1]},
								"west": {"uv": [50, 16], "uv_size": [3, 1]},
								"up": {"uv": [26, 49], "uv_size": [2, 3]},
								"down": {"uv": [49, 47], "uv_size": [2, -3]}
							}
						}
					]
				}
			]
		}
	]
}