{
  "format_version": "1.12.0",
  "minecraft:geometry": [
    {
      "description": {
        "identifier": "geometry.md_moros",
        "texture_width": 128,
        "texture_height": 128,
        "visible_bounds_width": 7,
        "visible_bounds_height": 5,
        "visible_bounds_offset": [
          0,
          0.5,
          0
        ]
      },
      "bones": [
        {
          "name": "root",
          "pivot": [
            0,
            19,
            5.5
          ],
          "cubes": [
            {
              "origin": [
                -4.5,
                11.5,
                -0.5
              ],
              "size": [
                9.0,
                12.0,
                10.0
              ],
              "uv": [
                0,
                23
              ],
              "inflate": 0
            }
          ]
        },
        {
          "name": "spine0",
          "pivot": [
            0,
            19,
            1.5
          ],
          "cubes": [
            {
              "origin": [
                -4.0,
                12.0,
                -10.5
              ],
              "size": [
                8.0,
                11.0,
                12.0
              ],
              "uv": [
                0,
                0
              ],
              "inflate": 0
            }
          ],
          "parent": "root"
        },
        {
          "name": "chest",
          "pivot": [
            0,
            19,
            -8.5
          ],
          "parent": "spine0"
        },
        {
          "name": "neck0",
          "pivot": [
            0,
            19.5,
            -9
          ],
          "cubes": [
            {
              "origin": [
                -2.0,
                16.0,
                -14.0
              ],
              "size": [
                4.0,
                6.0,
                6.0
              ],
              "uv": [
                61,
                40
              ],
              "inflate": -0.009
            }
          ],
          "parent": "chest",
          "rotation": [
            10,
            0,
            0
          ]
        },
        {
          "name": "neck1",
          "pivot": [
            0,
            19.5,
            -12
          ],
          "cubes": [
            {
              "origin": [
                -2.0,
                16.0,
                -18.0
              ],
              "size": [
                4.0,
                6.0,
                6.0
              ],
              "uv": [
                60,
                22
              ],
              "inflate": -0.01
            }
          ],
          "parent": "neck0"
        },
        {
          "name": "head",
          "pivot": [
            -1,
            18.5,
            -16
          ],
          "cubes": [
            {
              "origin": [
                -2.5,
                15.5,
                -18.5
              ],
              "size": [
                5.0,
                7.5,
                5.0
              ],
              "uv": [
                47,
                10
              ],
              "inflate": 0
            },
            {
              "origin": [
                -2.0,
                17.5,
                -26.5
              ],
              "size": [
                4.0,
                5.5,
                8.0
              ],
              "uv": [
                44,
                27
              ],
              "inflate": 0
            },
            {
              "origin": [
                -1.5,
                16.5,
                -26.5
              ],
              "size": [
                3.0,
                1.0,
                8.0
              ],
              "uv": [
                38,
                62
              ],
              "inflate": -0.015
            },
            {
              "origin": [
                0.0,
                20.5,
                -19.0
              ],
              "size": [
                0.0,
                4.0,
                9.0
              ],
              "uv": [
                28,
                18
              ],
              "inflate": 0
            }
          ],
          "parent": "neck1",
          "rotation": [
            -15,
            0,
            0
          ]
        },
        {
          "name": "jaw",
          "pivot": [
            -1,
            17.5,
            -18.5
          ],
          "cubes": [
            {
              "origin": [
                -2.0,
                15.5,
                -26.5
              ],
              "size": [
                4.0,
                2.0,
                8.0
              ],
              "uv": [
                47,
                0
              ],
              "inflate": -0.01
            },
            {
              "origin": [
                -1.5,
                17.5,
                -26.5
              ],
              "size": [
                3.0,
                1.0,
                8.0
              ],
              "uv": [
                59,
                54
              ],
              "inflate": -0.02
            },
            {
              "origin": [
                -1.4,
                17.0,
                -21.0
              ],
              "size": [
                0.0,
                2.0,
                3.0
              ],
              "uv": [
                47,
                0
              ],
              "inflate": -0.01
            },
            {
              "origin": [
                1.4,
                17.0,
                -21.0
              ],
              "size": [
                0.0,
                2.0,
                3.0
              ],
              "uv": [
                28,
                28
              ],
              "inflate": -0.01
            }
          ],
          "parent": "head"
        },
        {
          "name": "eyelids",
          "pivot": [
            0,
            20,
            -20
          ],
          "cubes": [
            {
              "origin": [
                2.51,
                19.5,
                -18.0
              ],
              "size": [
                0.0,
                3.0,
                4.0
              ],
              "uv": [
                20,
                48
              ],
              "inflate": 0
            },
            {
              "origin": [
                -2.51,
                19.5,
                -18.0
              ],
              "size": [
                0.0,
                3.0,
                4.0
              ],
              "uv": [
                44,
                28
              ],
              "inflate": 0
            }
          ],
          "parent": "head"
        },
        {
          "name": "shoulder_r",
          "pivot": [
            -4,
            14,
            -8.5
          ],
          "cubes": [
            {
              "origin": [
                -5.0,
                10.0,
                -9.5
              ],
              "size": [
                1.0,
                5.0,
                2.0
              ],
              "uv": [
                16,
                64
              ],
              "inflate": 0
            }
          ],
          "parent": "chest"
        },
        {
          "name": "elbow_r",
          "pivot": [
            -4.5,
            10.5,
            -8
          ],
          "cubes": [
            {
              "origin": [
                -5.0,
                10.0,
                -12.0
              ],
              "size": [
                1.0,
                1.5,
                4.0
              ],
              "pivot": [
                0.0,
                -4.0,
                0.0
              ],
              "rotation": [
                2.5,
                0.0,
                0.0
              ],
              "uv": [
                44,
                40
              ],
              "inflate": -0.01
            }
          ],
          "parent": "shoulder_r",
          "rotation": [
            -20,
            0,
            0
          ]
        },
        {
          "name": "wrist_r",
          "pivot": [
            -4.5,
            10.5,
            -12
          ],
          "cubes": [
            {
              "origin": [
                -5.5,
                8.0,
                -12.5
              ],
              "size": [
                2.0,
                3.0,
                1.0
              ],
              "uv": [
                50,
                40
              ],
              "inflate": 0.001
            }
          ],
          "parent": "elbow_r",
          "rotation": [
            0,
            85,
            0
          ]
        },
        {
          "name": "finger0_r",
          "pivot": [
            -3.5,
            8,
            -12
          ],
          "cubes": [
            {
              "origin": [
                -4.0,
                6.0,
                -12.5
              ],
              "size": [
                0.0,
                2.0,
                1.0
              ],
              "uv": [
                36,
                30
              ],
              "inflate": 0
            }
          ],
          "parent": "wrist_r"
        },
        {
          "name": "finger1_r",
          "pivot": [
            -4.5,
            8,
            -12
          ],
          "cubes": [
            {
              "origin": [
                -5.0,
                6.0,
                -12.5
              ],
              "size": [
                0.0,
                2.0,
                1.0
              ],
              "uv": [
                34,
                30
              ],
              "inflate": 0
            }
          ],
          "parent": "wrist_r"
        },
        {
          "name": "finger2_r",
          "pivot": [
            -5.5,
            8,
            -12
          ],
          "parent": "wrist_r"
        },
        {
          "name": "shoulder_l",
          "pivot": [
            4,
            14,
            -8.5
          ],
          "cubes": [
            {
              "origin": [
                4.0,
                10.0,
                -9.5
              ],
              "size": [
                1.0,
                5.0,
                2.0
              ],
              "uv": [
                10,
                64
              ],
              "inflate": 0
            }
          ],
          "parent": "chest"
        },
        {
          "name": "elbow_l",
          "pivot": [
            4.5,
            10.5,
            -8
          ],
          "cubes": [
            {
              "origin": [
                4.0,
                10.0,
                -12.0
              ],
              "size": [
                1.0,
                1.5,
                4.0
              ],
              "uv": [
                42,
                27
              ],
              "inflate": -0.01
            }
          ],
          "parent": "shoulder_l",
          "rotation": [
            -17.5,
            0,
            0
          ]
        },
        {
          "name": "wrist_l",
          "pivot": [
            4.5,
            10.5,
            -12
          ],
          "cubes": [
            {
              "origin": [
                3.5,
                8.5,
                -12.5
              ],
              "size": [
                2.0,
                3.0,
                1.0
              ],
              "uv": [
                36,
                0
              ],
              "inflate": 0.001
            }
          ],
          "parent": "elbow_l",
          "rotation": [
            0,
            -82.5,
            0
          ]
        },
        {
          "name": "finger0_l",
          "pivot": [
            3.5,
            6,
            -12
          ],
          "cubes": [
            {
              "origin": [
                4.0,
                6.5,
                -12.5
              ],
              "size": [
                0.0,
                2.0,
                1.0
              ],
              "uv": [
                7,
                22
              ],
              "inflate": 0
            }
          ],
          "parent": "wrist_l"
        },
        {
          "name": "finger1_l",
          "pivot": [
            4.5,
            8,
            -12
          ],
          "cubes": [
            {
              "origin": [
                5.0,
                6.5,
                -12.5
              ],
              "size": [
                0.0,
                2.0,
                1.0
              ],
              "uv": [
                0,
                22
              ],
              "inflate": 0
            }
          ],
          "parent": "wrist_l"
        },
        {
          "name": "finger2_l",
          "pivot": [
            5.5,
            8,
            -12
          ],
          "parent": "wrist_l"
        },
        {
          "name": "tail_0",
          "pivot": [
            0,
            19,
            8.5
          ],
          "cubes": [
            {
              "origin": [
                -2.5,
                14.0,
                6.5
              ],
              "size": [
                5.0,
                9.0,
                10.0
              ],
              "uv": [
                0,
                45
              ],
              "inflate": 0
            }
          ],
          "parent": "root",
          "rotation": [
            12.5,
            0,
            0
          ]
        },
        {
          "name": "tail_1",
          "pivot": [
            0,
            19,
            16.5
          ],
          "cubes": [
            {
              "origin": [
                -1.5,
                15.0,
                15.5
              ],
              "size": [
                3.0,
                7.0,
                13.0
              ],
              "uv": [
                25,
                32
              ],
              "inflate": 0
            }
          ],
          "parent": "tail_0"
        },
        {
          "name": "tail_2",
          "pivot": [
            0,
            20,
            26.5
          ],
          "cubes": [
            {
              "origin": [
                -1.0,
                17.5,
                25.5
              ],
              "size": [
                2.0,
                4.0,
                15.0
              ],
              "uv": [
                28,
                8
              ],
              "inflate": 0
            }
          ],
          "parent": "tail_1",
          "rotation": [
            -20,
            0,
            0
          ]
        },
        {
          "name": "rump_r",
          "pivot": [
            -3.5,
            19,
            3.5
          ],
          "cubes": [
            {
              "origin": [
                -5.5,
                11.5,
                1.0
              ],
              "size": [
                2.0,
                10.0,
                6.0
              ],
              "uv": [
                30,
                52
              ],
              "inflate": 0.001
            }
          ],
          "parent": "root"
        },
        {
          "name": "hip_r",
          "pivot": [
            -4.5,
            14,
            1.5
          ],
          "cubes": [
            {
              "origin": [
                -5.5,
                6.0,
                1.0
              ],
              "size": [
                2.0,
                8.0,
                4.0
              ],
              "uv": [
                28,
                0
              ],
              "inflate": 0
            }
          ],
          "parent": "rump_r"
        },
        {
          "name": "knee_r",
          "pivot": [
            -4.5,
            7.25,
            3.25
          ],
          "cubes": [
            {
              "origin": [
                -5.5,
                0.5,
                1.5
              ],
              "size": [
                2.0,
                7.0,
                3.0
              ],
              "uv": [
                0,
                45
              ],
              "inflate": -0.001
            }
          ],
          "parent": "hip_r"
        },
        {
          "name": "foot_r",
          "pivot": [
            -4.5,
            0.25,
            2.5
          ],
          "parent": "knee_r"
        },
        {
          "name": "toe0_r",
          "pivot": [
            -3.5,
            1,
            2.5
          ],
          "cubes": [
            {
              "origin": [
                -4.0,
                0.0,
                -1.5
              ],
              "size": [
                1.0,
                2.0,
                5.0
              ],
              "uv": [
                52,
                62
              ],
              "inflate": 0
            }
          ],
          "parent": "foot_r",
          "rotation": [
            25,
            0,
            0
          ]
        },
        {
          "name": "toe1_r",
          "pivot": [
            -4.5,
            1,
            2.5
          ],
          "cubes": [
            {
              "origin": [
                -5.0,
                0.0,
                -0.5
              ],
              "size": [
                1.0,
                2.0,
                4.0
              ],
              "uv": [
                0,
                64
              ],
              "inflate": 0
            },
            {
              "origin": [
                -5.0,
                0.0,
                -1.5
              ],
              "size": [
                1.0,
                2.0,
                1.0
              ],
              "uv": [
                44,
                40
              ],
              "inflate": 0
            }
          ],
          "parent": "foot_r"
        },
        {
          "name": "toe2_r",
          "pivot": [
            -5.5,
            1,
            2.5
          ],
          "cubes": [
            {
              "origin": [
                -6.0,
                0.0,
                -0.5
              ],
              "size": [
                1.0,
                2.0,
                4.0
              ],
              "uv": [
                63,
                0
              ],
              "inflate": 0
            },
            {
              "origin": [
                -6.0,
                0.0,
                -1.5
              ],
              "size": [
                1.0,
                2.0,
                1.0
              ],
              "uv": [
                28,
                0
              ],
              "inflate": 0
            }
          ],
          "parent": "foot_r"
        },
        {
          "name": "rump_l",
          "pivot": [
            3.5,
            19,
            3.5
          ],
          "cubes": [
            {
              "origin": [
                3.5,
                11.5,
                1.0
              ],
              "size": [
                2.0,
                10.0,
                6.0
              ],
              "uv": [
                51,
                46
              ],
              "inflate": 0.001
            }
          ],
          "parent": "root"
        },
        {
          "name": "hip_l",
          "pivot": [
            4.5,
            14,
            1.5
          ],
          "cubes": [
            {
              "origin": [
                3.5,
                6.0,
                1.0
              ],
              "size": [
                2.0,
                8.0,
                4.0
              ],
              "uv": [
                0,
                0
              ],
              "inflate": 0
            }
          ],
          "parent": "rump_l"
        },
        {
          "name": "knee_l",
          "pivot": [
            4.5,
            7.25,
            3.25
          ],
          "cubes": [
            {
              "origin": [
                3.5,
                0.5,
                1.5
              ],
              "size": [
                2.0,
                7.0,
                3.0
              ],
              "uv": [
                0,
                23
              ],
              "inflate": -0.001
            }
          ],
          "parent": "hip_l"
        },
        {
          "name": "foot_l",
          "pivot": [
            4.5,
            0.25,
            2.5
          ],
          "parent": "knee_l"
        },
        {
          "name": "toe0_l",
          "pivot": [
            3.5,
            1,
            2.5
          ],
          "cubes": [
            {
              "origin": [
                3.0,
                -1.0,
                -1.5
              ],
              "size": [
                1.0,
                2.0,
                5.0
              ],
              "pivot": [
                0.0,
                0.0,
                0.0
              ],
              "rotation": [
                20.0,
                0.0,
                0.0
              ],
              "uv": [
                40,
                0
              ],
              "inflate": 0
            }
          ],
          "parent": "foot_l"
        },
        {
          "name": "toe1_l",
          "pivot": [
            4.5,
            1,
            2.5
          ],
          "cubes": [
            {
              "origin": [
                4.0,
                0.0,
                -1.5
              ],
              "size": [
                1.0,
                2.0,
                1.0
              ],
              "uv": [
                8,
                0
              ],
              "inflate": 0
            },
            {
              "origin": [
                4.0,
                0.0,
                -0.5
              ],
              "size": [
                1.0,
                2.0,
                4.0
              ],
              "uv": [
                57,
                40
              ],
              "inflate": 0
            }
          ],
          "parent": "foot_l"
        },
        {
          "name": "toe2_l",
          "pivot": [
            5.5,
            1,
            2.5
          ],
          "cubes": [
            {
              "origin": [
                5.0,
                0.0,
                -0.5
              ],
              "size": [
                1.0,
                2.0,
                4.0
              ],
              "uv": [
                40,
                52
              ],
              "inflate": 0
            },
            {
              "origin": [
                5.0,
                0.0,
                -1.5
              ],
              "size": [
                1.0,
                2.0,
                1.0
              ],
              "uv": [
                0,
                0
              ],
              "inflate": 0
            }
          ],
          "parent": "foot_l"
        }
      ]
    }
  ]
}