{
  "format_version": "1.12.0",
  "minecraft:geometry": [
    {
      "description": {
        "identifier": "geometry.md_microraptor",
        "texture_width": 64,
        "texture_height": 64,
        "visible_bounds_width": 5,
        "visible_bounds_height": 4,
        "visible_bounds_offset": [
          0,
          1,
          0
        ]
      },
      "bones": [
        {
          "name": "root",
          "pivot": [
            0,
            14,
            0
          ],
          "cubes": [
            {
              "origin": [
                -2.0,
                11.0,
                -2.0
              ],
              "size": [
                4.0,
                8.0,
                3.0
              ],
              "uv": [
                0,
                30
              ],
              "inflate": 0
            }
          ]
        },
        {
          "name": "chest",
          "pivot": [
            0,
            18,
            -1
          ],
          "parent": "root"
        },
        {
          "name": "neck0",
          "pivot": [
            0,
            19,
            0
          ],
          "cubes": [
            {
              "origin": [
                -1.5,
                18.0,
                -1.0
              ],
              "size": [
                3.0,
                3.0,
                2.0
              ],
              "uv": [
                14,
                35
              ],
              "inflate": 0
            }
          ],
          "parent": "chest"
        },
        {
          "name": "neck1",
          "pivot": [
            0,
            20.25,
            0
          ],
          "cubes": [
            {
              "origin": [
                -1.0,
                20.25,
                -1.0
              ],
              "size": [
                2.0,
                2.0,
                2.0
              ],
              "uv": [
                37,
                39
              ],
              "inflate": -0.01
            }
          ],
          "parent": "neck0"
        },
        {
          "name": "Head",
          "pivot": [
            0,
            22,
            0
          ],
          "cubes": [
            {
              "origin": [
                -1.0,
                22.0,
                -2.0
              ],
              "size": [
                2.0,
                1.0,
                3.0
              ],
              "uv": [
                24,
                35
              ],
              "inflate": 0
            },
            {
              "origin": [
                -1.0,
                22.5,
                -2.0
              ],
              "size": [
                2.0,
                2.0,
                3.0
              ],
              "uv": [
                31,
                32
              ],
              "inflate": 0
            },
            {
              "origin": [
                -1.0,
                22.5,
                -4.0
              ],
              "size": [
                2.0,
                1.5,
                2.0
              ],
              "uv": [
                40,
                19
              ],
              "inflate": 0
            },
            {
              "origin": [
                -1.0,
                24.008,
                -2.0
              ],
              "size": [
                2.0,
                0.0,
                3.0
              ],
              "uv": [
                18,
                30
              ],
              "inflate": 0
            }
          ],
          "parent": "neck1"
        },
        {
          "name": "eyelids",
          "pivot": [
            0,
            22,
            0
          ],
          "cubes": [
            {
              "origin": [
                1.01,
                23.0,
                -1.5
              ],
              "size": [
                0.0,
                1.0,
                2.0
              ],
              "uv": [
                22,
                34
              ],
              "inflate": 0
            },
            {
              "origin": [
                -1.01,
                23.0,
                -1.5
              ],
              "size": [
                0.0,
                1.0,
                2.0
              ],
              "uv": [
                22,
                33
              ],
              "inflate": 0
            }
          ],
          "parent": "Head"
        },
        {
          "name": "jaw",
          "pivot": [
            0,
            22.25,
            -1.75
          ],
          "cubes": [
            {
              "origin": [
                -1.0,
                22.0,
                -3.75
              ],
              "size": [
                2.0,
                1.0,
                2.0
              ],
              "uv": [
                38,
                32
              ],
              "inflate": 0
            },
            {
              "origin": [
                -0.5,
                22.5,
                -3.75
              ],
              "size": [
                1.0,
                0.0,
                2.0
              ],
              "uv": [
                12,
                35
              ],
              "inflate": 0
            }
          ],
          "parent": "Head"
        },
        {
          "name": "shoulder_l",
          "pivot": [
            1.5,
            18.5,
            0
          ],
          "cubes": [
            {
              "origin": [
                1.0,
                18.0,
                -0.5
              ],
              "size": [
                5.0,
                1.0,
                1.0
              ],
              "uv": [
                36,
                17
              ],
              "inflate": 0
            },
            {
              "origin": [
                1.0,
                16.0,
                0.1
              ],
              "size": [
                5.0,
                2.0,
                0.0
              ],
              "uv": [
                38,
                13
              ],
              "inflate": 0
            }
          ],
          "parent": "chest"
        },
        {
          "name": "elbow_l",
          "pivot": [
            5.5,
            18.5,
            0
          ],
          "cubes": [
            {
              "origin": [
                5.0,
                10.0,
                0.0
              ],
              "size": [
                10.0,
                10.0,
                0.0
              ],
              "uv": [
                20,
                20
              ],
              "inflate": 0
            }
          ],
          "parent": "shoulder_l"
        },
        {
          "name": "wrist_l",
          "pivot": [
            12,
            19.25,
            0
          ],
          "cubes": [
            {
              "origin": [
                11.5,
                10.0,
                -0.1
              ],
              "size": [
                15.0,
                10.0,
                0.0
              ],
              "uv": [
                0,
                10
              ],
              "inflate": 0
            }
          ],
          "parent": "elbow_l"
        },
        {
          "name": "shoulder_r",
          "pivot": [
            -1.5,
            18.5,
            0
          ],
          "cubes": [
            {
              "origin": [
                -6.0,
                18.0,
                -0.5
              ],
              "size": [
                5.0,
                1.0,
                1.0
              ],
              "uv": [
                31,
                30
              ],
              "inflate": 0
            },
            {
              "origin": [
                -6.0,
                16.0,
                0.1
              ],
              "size": [
                5.0,
                2.0,
                0.0
              ],
              "uv": [
                36,
                37
              ],
              "inflate": 0
            }
          ],
          "parent": "chest"
        },
        {
          "name": "elbow_r",
          "pivot": [
            -5.5,
            18.5,
            0
          ],
          "cubes": [
            {
              "origin": [
                -15.0,
                10.0,
                0.0
              ],
              "size": [
                10.0,
                10.0,
                0.0
              ],
              "uv": [
                0,
                20
              ],
              "inflate": 0
            }
          ],
          "parent": "shoulder_r"
        },
        {
          "name": "wrist_r",
          "pivot": [
            -12,
            19.25,
            0
          ],
          "cubes": [
            {
              "origin": [
                -26.5,
                10.0,
                -0.1
              ],
              "size": [
                15.0,
                10.0,
                0.0
              ],
              "uv": [
                0,
                0
              ],
              "inflate": 0
            }
          ],
          "parent": "elbow_r"
        },
        {
          "name": "tail0",
          "pivot": [
            0,
            12,
            0.5
          ],
          "cubes": [
            {
              "origin": [
                -1.0,
                7.0,
                0.0
              ],
              "size": [
                2.0,
                5.0,
                1.0
              ],
              "uv": [
                23,
                39
              ],
              "inflate": 0
            },
            {
              "origin": [
                -1.5,
                0.0,
                0.0
              ],
              "size": [
                3.0,
                7.0,
                1.0
              ],
              "uv": [
                30,
                9
              ],
              "inflate": 0
            }
          ],
          "parent": "chest"
        },
        {
          "name": "feather0",
          "pivot": [
            1,
            11,
            0.5
          ],
          "cubes": [
            {
              "origin": [
                0.5,
                7.5,
                0.5
              ],
              "size": [
                1.0,
                5.0,
                0.0
              ],
              "uv": [
                12,
                41
              ],
              "inflate": 0
            },
            {
              "origin": [
                -3.0,
                -4.5,
                0.5
              ],
              "size": [
                6.0,
                12.0,
                0.0
              ],
              "uv": [
                49,
                54
              ],
              "inflate": 0
            }
          ],
          "parent": "tail0"
        },
        {
          "name": "feather1",
          "pivot": [
            -1,
            11,
            1
          ],
          "cubes": [
            {
              "origin": [
                -1.5,
                7.5,
                0.5
              ],
              "size": [
                1.0,
                5.0,
                0.0
              ],
              "uv": [
                10,
                41
              ],
              "inflate": 0
            }
          ],
          "parent": "tail0"
        },
        {
          "name": "rump_l",
          "pivot": [
            2.25,
            12.5,
            -0.25
          ],
          "cubes": [
            {
              "origin": [
                1.5,
                11.5,
                -2.75
              ],
              "size": [
                2.0,
                2.0,
                3.0
              ],
              "uv": [
                24,
                30
              ],
              "inflate": 0
            },
            {
              "origin": [
                3.015,
                11.5,
                -2.75
              ],
              "size": [
                0.0,
                2.0,
                3.0
              ],
              "uv": [
                0,
                38
              ],
              "inflate": 0
            }
          ],
          "parent": "chest"
        },
        {
          "name": "hip_l",
          "pivot": [
            2.25,
            12,
            -2
          ],
          "cubes": [
            {
              "origin": [
                2.0,
                8.0,
                -2.75
              ],
              "size": [
                1.0,
                4.0,
                1.0
              ],
              "uv": [
                6,
                41
              ],
              "inflate": 0
            },
            {
              "origin": [
                2.5,
                8.0,
                -2.75
              ],
              "size": [
                0.0,
                4.0,
                1.0
              ],
              "uv": [
                29,
                39
              ],
              "inflate": 0
            },
            {
              "origin": [
                2.0,
                8.0,
                -2.25
              ],
              "size": [
                1.0,
                4.0,
                0.0
              ],
              "uv": [
                33,
                41
              ],
              "inflate": 0
            }
          ],
          "parent": "rump_l"
        },
        {
          "name": "knee_l",
          "pivot": [
            2.25,
            7.75,
            -2
          ],
          "cubes": [
            {
              "origin": [
                2.0,
                7.0,
                -4.75
              ],
              "size": [
                1.0,
                1.0,
                3.0
              ],
              "uv": [
                38,
                9
              ],
              "inflate": 0.01
            },
            {
              "origin": [
                2.0,
                7.5,
                -4.75
              ],
              "size": [
                1.0,
                0.0,
                3.0
              ],
              "uv": [
                35,
                9
              ],
              "inflate": 0
            },
            {
              "origin": [
                2.5,
                7.0,
                -4.75
              ],
              "size": [
                0.0,
                1.0,
                3.0
              ],
              "uv": [
                28,
                36
              ],
              "inflate": 0
            }
          ],
          "parent": "hip_l"
        },
        {
          "name": "foot_l",
          "pivot": [
            2.25,
            7.65,
            -4.55
          ],
          "cubes": [
            {
              "origin": [
                1.0,
                7.9,
                -7.55
              ],
              "size": [
                3.0,
                0.0,
                3.0
              ],
              "uv": [
                8,
                30
              ],
              "inflate": 0
            }
          ],
          "parent": "knee_l"
        },
        {
          "name": "toe0_l",
          "pivot": [
            2.25,
            7.9,
            -7.55
          ],
          "cubes": [
            {
              "origin": [
                1.0,
                6.9,
                -7.55
              ],
              "size": [
                3.0,
                1.0,
                0.0
              ],
              "uv": [
                38,
                16
              ],
              "inflate": 0
            }
          ],
          "parent": "foot_l"
        },
        {
          "name": "toe1_l",
          "pivot": [
            2.25,
            7.9,
            -4.55
          ],
          "cubes": [
            {
              "origin": [
                2.0,
                5.9,
                -4.55
              ],
              "size": [
                1.0,
                2.0,
                0.0
              ],
              "uv": [
                38,
                32
              ],
              "inflate": 0
            }
          ],
          "parent": "foot_l"
        },
        {
          "name": "rump_r",
          "pivot": [
            -2.25,
            12.5,
            -0.25
          ],
          "cubes": [
            {
              "origin": [
                -3.5,
                11.5,
                -2.75
              ],
              "size": [
                2.0,
                2.0,
                3.0
              ],
              "uv": [
                14,
                30
              ],
              "inflate": 0
            },
            {
              "origin": [
                -3.015,
                11.5,
                -2.75
              ],
              "size": [
                0.0,
                2.0,
                3.0
              ],
              "uv": [
                14,
                37
              ],
              "inflate": 0
            }
          ],
          "parent": "chest"
        },
        {
          "name": "hip_r",
          "pivot": [
            -2.25,
            12,
            -2
          ],
          "cubes": [
            {
              "origin": [
                -3.0,
                8.0,
                -2.75
              ],
              "size": [
                1.0,
                4.0,
                1.0
              ],
              "uv": [
                40,
                22
              ],
              "inflate": 0
            },
            {
              "origin": [
                -2.5,
                8.0,
                -2.75
              ],
              "size": [
                0.0,
                4.0,
                1.0
              ],
              "uv": [
                20,
                39
              ],
              "inflate": 0
            },
            {
              "origin": [
                -3.0,
                8.0,
                -2.25
              ],
              "size": [
                1.0,
                4.0,
                0.0
              ],
              "uv": [
                31,
                41
              ],
              "inflate": 0
            }
          ],
          "parent": "rump_r"
        },
        {
          "name": "knee_r",
          "pivot": [
            -2.25,
            7.75,
            -2
          ],
          "cubes": [
            {
              "origin": [
                -3.0,
                7.0,
                -4.75
              ],
              "size": [
                1.0,
                1.0,
                3.0
              ],
              "uv": [
                31,
                37
              ],
              "inflate": 0.01
            },
            {
              "origin": [
                -3.0,
                7.5,
                -4.75
              ],
              "size": [
                1.0,
                0.0,
                3.0
              ],
              "uv": [
                22,
                30
              ],
              "inflate": 0
            },
            {
              "origin": [
                -2.5,
                7.0,
                -4.75
              ],
              "size": [
                0.0,
                1.0,
                3.0
              ],
              "uv": [
                36,
                16
              ],
              "inflate": 0
            }
          ],
          "parent": "hip_r"
        },
        {
          "name": "foot_r",
          "pivot": [
            -2.25,
            7.65,
            -4.55
          ],
          "cubes": [
            {
              "origin": [
                -4.0,
                7.9,
                -7.55
              ],
              "size": [
                3.0,
                0.0,
                3.0
              ],
              "uv": [
                27,
                17
              ],
              "inflate": 0
            }
          ],
          "parent": "knee_r"
        },
        {
          "name": "toe0_r",
          "pivot": [
            -2.25,
            7.9,
            -7.55
          ],
          "cubes": [
            {
              "origin": [
                -4.0,
                6.9,
                -7.55
              ],
              "size": [
                3.0,
                1.0,
                0.0
              ],
              "uv": [
                38,
                15
              ],
              "inflate": 0
            }
          ],
          "parent": "foot_r"
        },
        {
          "name": "toe1_r",
          "pivot": [
            -2.25,
            7.9,
            -4.55
          ],
          "cubes": [
            {
              "origin": [
                -3.0,
                5.9,
                -4.55
              ],
              "size": [
                1.0,
                2.0,
                0.0
              ],
              "uv": [
                0,
                30
              ],
              "inflate": 0
            }
          ],
          "parent": "foot_r"
        }
      ]
    }
  ]
}