{
  "format_version": "1.12.0",
  "minecraft:geometry": [
    {
      "description": {
        "identifier": "geometry.md_nasuto",
        "texture_width": 512,
        "texture_height": 512,
        "visible_bounds_width": 16,
        "visible_bounds_height": 10.5,
        "visible_bounds_offset": [
          0,
          1.75,
          0
        ]
      },
      "bones": [
        {
          "name": "root",
          "pivot": [
            0,
            36,
            24
          ],
          "cubes": [
            {
              "origin": [
                -14.0,
                19.0,
                -1.0
              ],
              "size": [
                27.0,
                41.0,
                32.0
              ],
              "uv": [
                0,
                0
              ],
              "inflate": 0
            },
            {
              "origin": [
                -11.0,
                32.0,
                21.0
              ],
              "size": [
                21.0,
                27.0,
                22.0
              ],
              "uv": [
                96,
                51
              ],
              "inflate": 0
            }
          ],
          "locators": {}
        },
        {
          "name": "spine0",
          "pivot": [
            0,
            36,
            -9
          ],
          "cubes": [
            {
              "origin": [
                -13.0,
                20.0,
                -23.0
              ],
              "size": [
                25.0,
                37.0,
                26.0
              ],
              "uv": [
                88,
                102
              ],
              "inflate": 0
            }
          ],
          "parent": "root"
        },
        {
          "name": "chest",
          "pivot": [
            0,
            36,
            -15
          ],
          "parent": "spine0"
        },
        {
          "name": "neck0",
          "pivot": [
            0,
            40,
            -21.5
          ],
          "cubes": [
            {
              "origin": [
                -10.0,
                30.0,
                -31.0
              ],
              "size": [
                21.0,
                24.0,
                12.0
              ],
              "uv": [
                163,
                165
              ],
              "inflate": 0
            }
          ],
          "parent": "chest"
        },
        {
          "name": "head0",
          "pivot": [
            0,
            37,
            -28
          ],
          "cubes": [
            {
              "origin": [
                -14.0,
                27.0,
                -55.0
              ],
              "size": [
                29.0,
                27.0,
                28.0
              ],
              "uv": [
                0,
                73
              ],
              "inflate": 0
            },
            {
              "origin": [
                -6.0,
                34.0,
                -70.0
              ],
              "size": [
                12.0,
                17.0,
                15.0
              ],
              "uv": [
                148,
                201
              ],
              "inflate": 0
            },
            {
              "origin": [
                -6.0,
                26.0,
                -70.0
              ],
              "size": [
                12.0,
                8.0,
                0.0
              ],
              "uv": [
                86,
                18
              ],
              "inflate": 0
            }
          ],
          "parent": "neck0",
          "rotation": [
            7.5,
            0,
            0
          ]
        },
        {
          "name": "horn0",
          "pivot": [
            -1,
            41,
            -59
          ],
          "parent": "head0"
        },
        {
          "name": "horn1",
          "pivot": [
            0,
            51,
            -40
          ],
          "cubes": [
            {
              "origin": [
                -22.0,
                47.0,
                -43.5
              ],
              "size": [
                6.0,
                29.0,
                6.0
              ],
              "pivot": [
                0.0,
                9.0,
                5.0
              ],
              "rotation": [
                -5.38152,
                -19.291,
                15.91527
              ],
              "uv": [
                0,
                233
              ],
              "inflate": 0
            },
            {
              "origin": [
                14.0,
                47.0,
                -43.5
              ],
              "size": [
                6.0,
                30.0,
                6.0
              ],
              "pivot": [
                0.0,
                9.0,
                5.0
              ],
              "rotation": [
                -4.50432,
                19.50645,
                -13.27463
              ],
              "uv": [
                229,
                165
              ],
              "inflate": 0
            },
            {
              "origin": [
                -16.0,
                79.0,
                -41.0
              ],
              "size": [
                4.0,
                20.0,
                4.0
              ],
              "uv": [
                64,
                128
              ],
              "inflate": 0
            },
            {
              "origin": [
                13.0,
                78.0,
                -41.0
              ],
              "size": [
                4.0,
                22.0,
                4.0
              ],
              "uv": [
                0,
                73
              ],
              "inflate": 0
            }
          ],
          "parent": "head0",
          "rotation": [
            25,
            0,
            0
          ]
        },
        {
          "name": "frill0",
          "pivot": [
            -1,
            48,
            -39
          ],
          "cubes": [
            {
              "origin": [
                -16.0,
                45.0,
                -38.0
              ],
              "size": [
                32.0,
                50.0,
                0.0
              ],
              "uv": [
                0,
                128
              ],
              "inflate": 0
            }
          ],
          "parent": "head0",
          "rotation": [
            -30,
            0,
            0
          ]
        },
        {
          "name": "frill1",
          "pivot": [
            -16,
            54,
            -38
          ],
          "cubes": [
            {
              "origin": [
                -36.0,
                40.0,
                -38.0
              ],
              "size": [
                20.0,
                55.0,
                0.0
              ],
              "uv": [
                194,
                0
              ],
              "inflate": 0
            }
          ],
          "parent": "frill0"
        },
        {
          "name": "frill2",
          "pivot": [
            16,
            54,
            -38
          ],
          "cubes": [
            {
              "origin": [
                16.0,
                40.0,
                -38.0
              ],
              "size": [
                20.0,
                55.0,
                0.0
              ],
              "uv": [
                0,
                178
              ],
              "inflate": 0
            }
          ],
          "parent": "frill0"
        },
        {
          "name": "jaw",
          "pivot": [
            -1,
            34,
            -51
          ],
          "cubes": [
            {
              "origin": [
                -5.0,
                28.0,
                -68.0
              ],
              "size": [
                10.0,
                6.0,
                13.0
              ],
              "uv": [
                190,
                146
              ],
              "inflate": 0
            }
          ],
          "parent": "head0"
        },
        {
          "name": "eyelids",
          "pivot": [
            0,
            48,
            -46
          ],
          "cubes": [
            {
              "origin": [
                -15.0,
                46.0,
                -51.0
              ],
              "size": [
                0.0,
                5.0,
                6.0
              ],
              "uv": [
                0,
                0
              ],
              "inflate": 0
            },
            {
              "origin": [
                14.0,
                46.0,
                -53.0
              ],
              "size": [
                0.0,
                5.0,
                6.0
              ],
              "uv": [
                0,
                0
              ],
              "inflate": 0
            }
          ],
          "parent": "head0"
        },
        {
          "name": "shoulder_r",
          "pivot": [
            -15,
            31,
            -15
          ],
          "cubes": [
            {
              "origin": [
                -20.0,
                17.0,
                -20.0
              ],
              "size": [
                11.0,
                21.0,
                12.0
              ],
              "uv": [
                202,
                201
              ],
              "inflate": 0
            }
          ],
          "parent": "chest"
        },
        {
          "name": "elbow_r",
          "pivot": [
            -15,
            17,
            -12
          ],
          "cubes": [
            {
              "origin": [
                -18.0,
                3.0,
                -18.0
              ],
              "size": [
                8.0,
                17.0,
                8.0
              ],
              "uv": [
                0,
                0
              ],
              "inflate": 0
            }
          ],
          "parent": "shoulder_r"
        },
        {
          "name": "wrist_r",
          "pivot": [
            -15,
            4,
            -13
          ],
          "cubes": [
            {
              "origin": [
                -19.0,
                0.0,
                -20.0
              ],
              "size": [
                10.0,
                5.0,
                11.0
              ],
              "uv": [
                228,
                44
              ],
              "inflate": 0
            }
          ],
          "parent": "elbow_r"
        },
        {
          "name": "shoulder_l",
          "pivot": [
            15,
            31,
            -15
          ],
          "cubes": [
            {
              "origin": [
                9.0,
                17.0,
                -20.0
              ],
              "size": [
                9.0,
                21.0,
                12.0
              ],
              "uv": [
                40,
                212
              ],
              "inflate": 0
            }
          ],
          "parent": "chest"
        },
        {
          "name": "elbow_l",
          "pivot": [
            15,
            17,
            -12
          ],
          "cubes": [
            {
              "origin": [
                10.0,
                3.0,
                -18.0
              ],
              "size": [
                7.0,
                17.0,
                8.0
              ],
              "uv": [
                234,
                0
              ],
              "inflate": 0
            }
          ],
          "parent": "shoulder_l"
        },
        {
          "name": "wrist_l",
          "pivot": [
            15,
            4,
            -13
          ],
          "cubes": [
            {
              "origin": [
                9.0,
                0.0,
                -20.0
              ],
              "size": [
                9.0,
                5.0,
                11.0
              ],
              "uv": [
                146,
                233
              ],
              "inflate": 0
            }
          ],
          "parent": "elbow_l"
        },
        {
          "name": "tail0",
          "pivot": [
            0,
            45,
            41
          ],
          "cubes": [
            {
              "origin": [
                -9.0,
                35.0,
                40.0
              ],
              "size": [
                17.0,
                21.0,
                21.0
              ],
              "uv": [
                118,
                0
              ],
              "inflate": 0
            }
          ],
          "parent": "root"
        },
        {
          "name": "tail1",
          "pivot": [
            0,
            45,
            61
          ],
          "cubes": [
            {
              "origin": [
                -8.0,
                38.0,
                60.0
              ],
              "size": [
                14.0,
                16.0,
                21.0
              ],
              "uv": [
                164,
                79
              ],
              "inflate": 0
            }
          ],
          "parent": "tail0"
        },
        {
          "name": "tail2",
          "pivot": [
            0,
            45,
            80
          ],
          "cubes": [
            {
              "origin": [
                -7.0,
                40.0,
                78.0
              ],
              "size": [
                12.0,
                12.0,
                18.0
              ],
              "uv": [
                190,
                116
              ],
              "inflate": 0
            }
          ],
          "parent": "tail1"
        },
        {
          "name": "tail3",
          "pivot": [
            0,
            45,
            95
          ],
          "cubes": [
            {
              "origin": [
                -6.0,
                42.0,
                94.0
              ],
              "size": [
                10.0,
                8.0,
                11.0
              ],
              "uv": [
                82,
                215
              ],
              "inflate": 0
            }
          ],
          "parent": "tail2"
        },
        {
          "name": "tail4",
          "pivot": [
            0,
            45,
            103
          ],
          "cubes": [
            {
              "origin": [
                -4.0,
                43.0,
                102.0
              ],
              "size": [
                7.0,
                6.0,
                17.0
              ],
              "uv": [
                160,
                42
              ],
              "inflate": 0
            }
          ],
          "parent": "tail3"
        },
        {
          "name": "rump_r",
          "pivot": [
            -15,
            39,
            24
          ],
          "cubes": [
            {
              "origin": [
                -22.0,
                20.0,
                16.0
              ],
              "size": [
                12.0,
                34.0,
                17.0
              ],
              "uv": [
                47,
                161
              ],
              "inflate": 0
            }
          ],
          "parent": "root"
        },
        {
          "name": "hip_r",
          "pivot": [
            -15,
            20,
            21
          ],
          "cubes": [
            {
              "origin": [
                -21.0,
                12.0,
                19.0
              ],
              "size": [
                10.0,
                12.0,
                11.0
              ],
              "uv": [
                197,
                55
              ],
              "inflate": 0
            }
          ],
          "parent": "rump_r"
        },
        {
          "name": "knee_r",
          "pivot": [
            -15,
            14,
            25
          ],
          "cubes": [
            {
              "origin": [
                -20.0,
                3.0,
                20.0
              ],
              "size": [
                8.0,
                13.0,
                9.0
              ],
              "uv": [
                232,
                107
              ],
              "inflate": 0
            }
          ],
          "parent": "hip_r"
        },
        {
          "name": "ankle_r",
          "pivot": [
            -16,
            4,
            24
          ],
          "cubes": [
            {
              "origin": [
                -21.5,
                0.0,
                17.0
              ],
              "size": [
                11.0,
                5.0,
                13.0
              ],
              "uv": [
                86,
                0
              ],
              "inflate": 0
            }
          ],
          "parent": "knee_r"
        },
        {
          "name": "rump_l",
          "pivot": [
            14,
            39,
            24
          ],
          "cubes": [
            {
              "origin": [
                9.0,
                20.0,
                16.0
              ],
              "size": [
                12.0,
                33.0,
                17.0
              ],
              "uv": [
                105,
                165
              ],
              "inflate": 0
            }
          ],
          "parent": "root"
        },
        {
          "name": "hip_l",
          "pivot": [
            14,
            20,
            21
          ],
          "cubes": [
            {
              "origin": [
                10.0,
                12.0,
                20.0
              ],
              "size": [
                10.0,
                12.0,
                10.0
              ],
              "uv": [
                213,
                78
              ],
              "inflate": 0
            }
          ],
          "parent": "rump_l"
        },
        {
          "name": "knee_l",
          "pivot": [
            14,
            14,
            25
          ],
          "cubes": [
            {
              "origin": [
                11.0,
                3.0,
                21.0
              ],
              "size": [
                8.0,
                13.0,
                8.0
              ],
              "uv": [
                82,
                234
              ],
              "inflate": 0
            }
          ],
          "parent": "hip_l"
        },
        {
          "name": "ankle_l",
          "pivot": [
            14,
            4,
            24
          ],
          "cubes": [
            {
              "origin": [
                9.5,
                0.0,
                18.0
              ],
              "size": [
                11.0,
                5.0,
                11.0
              ],
              "uv": [
                113,
                223
              ],
              "inflate": 0
            }
          ],
          "parent": "knee_l"
        }
      ]
    }
  ]
}