{
  "format_version": "1.12.0",
  "minecraft:geometry": [
    {
      "description": {
        "identifier": "geometry.md_ovi",
        "texture_width": 128,
        "texture_height": 128,
        "visible_bounds_width": 9,
        "visible_bounds_height": 4,
        "visible_bounds_offset": [
          0,
          2,
          0
        ]
      },
      "bones": [
        {
          "name": "root",
          "pivot": [
            0,
            19,
            5.5
          ],
          "cubes": [
            {
              "origin": [
                -3.5,
                14.5,
                -0.5
              ],
              "size": [
                7.0,
                9.0,
                10.0
              ],
              "uv": [
                34,
                25
              ],
              "inflate": 0
            }
          ],
          "locators": {}
        },
        {
          "name": "spine0",
          "pivot": [
            0,
            19,
            1.5
          ],
          "cubes": [
            {
              "origin": [
                -3.0,
                16.0,
                -8.5
              ],
              "size": [
                6.0,
                7.0,
                10.0
              ],
              "uv": [
                0,
                35
              ],
              "inflate": 0
            }
          ],
          "parent": "root"
        },
        {
          "name": "chest",
          "pivot": [
            0,
            19,
            -8.5
          ],
          "parent": "spine0"
        },
        {
          "name": "neck0",
          "pivot": [
            0,
            20.5,
            -8
          ],
          "cubes": [
            {
              "origin": [
                -1.5,
                19.0,
                -12.0
              ],
              "size": [
                3.0,
                4.0,
                5.0
              ],
              "uv": [
                58,
                25
              ],
              "inflate": -0.009
            }
          ],
          "parent": "chest",
          "rotation": [
            -25,
            0,
            0
          ]
        },
        {
          "name": "neck1",
          "pivot": [
            0,
            20.5,
            -11
          ],
          "cubes": [
            {
              "origin": [
                -1.5,
                19.0,
                -17.0
              ],
              "size": [
                3.0,
                4.0,
                6.0
              ],
              "uv": [
                0,
                52
              ],
              "inflate": -0.01
            }
          ],
          "parent": "neck0"
        },
        {
          "name": "head",
          "pivot": [
            -1,
            21.5,
            -17
          ],
          "cubes": [
            {
              "origin": [
                -2.5,
                18.5,
                -19.5
              ],
              "size": [
                5.0,
                6.0,
                4.0
              ],
              "uv": [
                80,
                108
              ],
              "inflate": 0
            },
            {
              "origin": [
                -2.5,
                20.5,
                -23.5
              ],
              "size": [
                5.0,
                4.0,
                4.0
              ],
              "uv": [
                14,
                58
              ],
              "inflate": 0
            },
            {
              "origin": [
                -2.0,
                26.5,
                -21.0
              ],
              "size": [
                4.0,
                2.0,
                3.0
              ],
              "pivot": [
                -1.0,
                21.5,
                -17.0
              ],
              "rotation": [
                62.5,
                0.0,
                0.0
              ],
              "uv": [
                0,
                0
              ],
              "inflate": 0
            },
            {
              "origin": [
                0.0,
                24.5,
                -24.0
              ],
              "size": [
                0.0,
                4.0,
                5.0
              ],
              "uv": [
                21,
                5
              ],
              "inflate": 0
            },
            {
              "origin": [
                0.0,
                21.5,
                -25.0
              ],
              "size": [
                0.0,
                6.0,
                2.0
              ],
              "uv": [
                31,
                2
              ],
              "inflate": 0
            },
            {
              "origin": [
                0.0,
                20.5,
                -18.0
              ],
              "size": [
                0.0,
                7.0,
                6.0
              ],
              "uv": [
                0,
                0
              ],
              "inflate": 0
            },
            {
              "origin": [
                -2.0,
                18.5,
                -23.0
              ],
              "size": [
                4.0,
                2.0,
                4.0
              ],
              "uv": [
                105,
                16
              ],
              "inflate": 0
            }
          ],
          "parent": "neck1",
          "rotation": [
            25,
            0,
            0
          ]
        },
        {
          "name": "jaw",
          "pivot": [
            -1,
            20.5,
            -19.5
          ],
          "cubes": [
            {
              "origin": [
                -1.5,
                19.5,
                -24.5
              ],
              "size": [
                3.0,
                1.0,
                2.0
              ],
              "uv": [
                12,
                52
              ],
              "inflate": -0.01
            },
            {
              "origin": [
                -1.4,
                20.0,
                -24.0
              ],
              "size": [
                0.0,
                2.0,
                1.0
              ],
              "uv": [
                110,
                76
              ],
              "inflate": -0.01
            },
            {
              "origin": [
                1.4,
                20.0,
                -24.0
              ],
              "size": [
                0.0,
                2.0,
                1.0
              ],
              "uv": [
                49,
                120
              ],
              "inflate": -0.01
            }
          ],
          "parent": "head"
        },
        {
          "name": "eyelids",
          "pivot": [
            0,
            28.4,
            -21
          ],
          "cubes": [
            {
              "origin": [
                2.51,
                21.0,
                -22.0
              ],
              "size": [
                0.0,
                3.0,
                3.0
              ],
              "uv": [
                6,
                16
              ],
              "inflate": 0
            },
            {
              "origin": [
                -2.51,
                21.1,
                -22.0
              ],
              "size": [
                0.0,
                3.0,
                3.0
              ],
              "uv": [
                0,
                16
              ],
              "inflate": 0
            }
          ],
          "parent": "head"
        },
        {
          "name": "shoulder_r",
          "pivot": [
            -3,
            18,
            -7.5
          ],
          "cubes": [
            {
              "origin": [
                -4.0,
                14.0,
                -8.5
              ],
              "size": [
                1.0,
                5.0,
                2.0
              ],
              "uv": [
                6,
                62
              ],
              "inflate": 0
            }
          ],
          "parent": "chest",
          "rotation": [
            45,
            0,
            0
          ]
        },
        {
          "name": "elbow_r",
          "pivot": [
            -3.5,
            14.5,
            -7
          ],
          "cubes": [
            {
              "origin": [
                -4.0,
                14.0,
                -12.0
              ],
              "size": [
                1.0,
                1.0,
                5.0
              ],
              "uv": [
                59,
                55
              ],
              "inflate": -0.01
            }
          ],
          "parent": "shoulder_r",
          "rotation": [
            -50,
            0,
            0
          ]
        },
        {
          "name": "wrist_r",
          "pivot": [
            -3.5,
            14.5,
            -12
          ],
          "cubes": [
            {
              "origin": [
                -5.0,
                12.0,
                -12.5
              ],
              "size": [
                3.0,
                3.0,
                1.0
              ],
              "uv": [
                22,
                41
              ],
              "inflate": 0.001
            }
          ],
          "parent": "elbow_r"
        },
        {
          "name": "finger0_r",
          "pivot": [
            -2.5,
            12,
            -12
          ],
          "parent": "wrist_r"
        },
        {
          "name": "finger1_r",
          "pivot": [
            -3.5,
            12,
            -12
          ],
          "parent": "wrist_r"
        },
        {
          "name": "finger2_r",
          "pivot": [
            -4.5,
            12,
            -12
          ],
          "parent": "wrist_r"
        },
        {
          "name": "shoulder_l",
          "pivot": [
            3,
            19,
            -7.5
          ],
          "cubes": [
            {
              "origin": [
                3.0,
                15.0,
                -8.5
              ],
              "size": [
                1.0,
                5.0,
                2.0
              ],
              "uv": [
                0,
                62
              ],
              "inflate": 0
            }
          ],
          "parent": "chest",
          "rotation": [
            35,
            0,
            0
          ]
        },
        {
          "name": "elbow_l",
          "pivot": [
            3.5,
            15.5,
            -7
          ],
          "cubes": [
            {
              "origin": [
                3.0,
                15.0,
                -12.0
              ],
              "size": [
                1.0,
                1.0,
                5.0
              ],
              "uv": [
                58,
                44
              ],
              "inflate": -0.01
            }
          ],
          "parent": "shoulder_l",
          "rotation": [
            -37.5,
            0,
            0
          ]
        },
        {
          "name": "wrist_l",
          "pivot": [
            3.5,
            15.5,
            -12
          ],
          "cubes": [
            {
              "origin": [
                2.0,
                13.0,
                -12.5
              ],
              "size": [
                3.0,
                3.0,
                1.0
              ],
              "uv": [
                31,
                0
              ],
              "inflate": 0.001
            }
          ],
          "parent": "elbow_l"
        },
        {
          "name": "finger0_l",
          "pivot": [
            2.5,
            13,
            -12
          ],
          "parent": "wrist_l"
        },
        {
          "name": "finger1_l",
          "pivot": [
            3.5,
            13,
            -12
          ],
          "parent": "wrist_l"
        },
        {
          "name": "finger2_l",
          "pivot": [
            4.5,
            13,
            -12
          ],
          "parent": "wrist_l"
        },
        {
          "name": "tail_0",
          "pivot": [
            0,
            20,
            8.5
          ],
          "cubes": [
            {
              "origin": [
                -2.5,
                17.0,
                6.5
              ],
              "size": [
                5.0,
                6.0,
                10.0
              ],
              "uv": [
                40,
                0
              ],
              "inflate": 0
            }
          ],
          "parent": "root",
          "rotation": [
            15,
            0,
            0
          ]
        },
        {
          "name": "tail_1",
          "pivot": [
            0,
            20,
            16.5
          ],
          "cubes": [
            {
              "origin": [
                -1.5,
                18.0,
                15.5
              ],
              "size": [
                3.0,
                4.0,
                15.0
              ],
              "uv": [
                0,
                0
              ],
              "inflate": 0
            }
          ],
          "parent": "tail_0"
        },
        {
          "name": "tail_2",
          "pivot": [
            0,
            19,
            33.5
          ],
          "cubes": [
            {
              "origin": [
                -1.0,
                17.5,
                29.5
              ],
              "size": [
                2.0,
                3.0,
                15.0
              ],
              "uv": [
                21,
                4
              ],
              "inflate": 0
            },
            {
              "origin": [
                0.0,
                14.0,
                29.5
              ],
              "size": [
                0.0,
                13.0,
                22.0
              ],
              "uv": [
                0,
                0
              ],
              "inflate": 0
            }
          ],
          "parent": "tail_1",
          "rotation": [
            -17.5,
            0,
            0
          ]
        },
        {
          "name": "rump_r",
          "pivot": [
            -3.5,
            19,
            3.5
          ],
          "cubes": [
            {
              "origin": [
                -5.5,
                12.5,
                1.0
              ],
              "size": [
                2.0,
                10.0,
                6.0
              ],
              "uv": [
                48,
                44
              ],
              "inflate": 0.001
            }
          ],
          "parent": "root"
        },
        {
          "name": "hip_r",
          "pivot": [
            -4.5,
            14,
            1.5
          ],
          "cubes": [
            {
              "origin": [
                -5.5,
                7.0,
                1.0
              ],
              "size": [
                2.0,
                7.0,
                3.0
              ],
              "uv": [
                0,
                35
              ],
              "inflate": 0
            }
          ],
          "parent": "rump_r"
        },
        {
          "name": "knee_r",
          "pivot": [
            -4.5,
            7.25,
            3.25
          ],
          "cubes": [
            {
              "origin": [
                -5.5,
                0.5,
                1.5
              ],
              "size": [
                2.0,
                7.0,
                2.0
              ],
              "uv": [
                60,
                0
              ],
              "inflate": -0.001
            }
          ],
          "parent": "hip_r"
        },
        {
          "name": "foot_r",
          "pivot": [
            -4.5,
            0.25,
            2.5
          ],
          "parent": "knee_r"
        },
        {
          "name": "toe0_r",
          "pivot": [
            -3.5,
            1,
            2.5
          ],
          "cubes": [
            {
              "origin": [
                -4.0,
                -1.0,
                -1.5
              ],
              "size": [
                1.0,
                1.0,
                5.0
              ],
              "pivot": [
                0.0,
                0.0,
                0.0
              ],
              "rotation": [
                35.0,
                0.0,
                0.0
              ],
              "uv": [
                42,
                44
              ],
              "inflate": 0
            }
          ],
          "parent": "foot_r"
        },
        {
          "name": "toe1_r",
          "pivot": [
            -4.5,
            1,
            2.5
          ],
          "cubes": [
            {
              "origin": [
                -5.0,
                0.0,
                -0.5
              ],
              "size": [
                1.0,
                1.0,
                4.0
              ],
              "uv": [
                58,
                61
              ],
              "inflate": 0
            },
            {
              "origin": [
                -5.0,
                0.0,
                -1.5
              ],
              "size": [
                1.0,
                1.0,
                1.0
              ],
              "uv": [
                30,
                13
              ],
              "inflate": 0
            }
          ],
          "parent": "foot_r"
        },
        {
          "name": "toe2_r",
          "pivot": [
            -5.5,
            1,
            2.5
          ],
          "cubes": [
            {
              "origin": [
                -6.0,
                0.0,
                -0.5
              ],
              "size": [
                1.0,
                1.0,
                4.0
              ],
              "uv": [
                52,
                60
              ],
              "inflate": 0
            },
            {
              "origin": [
                -6.0,
                0.0,
                -1.5
              ],
              "size": [
                1.0,
                1.0,
                1.0
              ],
              "uv": [
                16,
                19
              ],
              "inflate": 0
            }
          ],
          "parent": "foot_r"
        },
        {
          "name": "rump_l",
          "pivot": [
            3.5,
            19,
            3.5
          ],
          "cubes": [
            {
              "origin": [
                3.5,
                12.5,
                1.0
              ],
              "size": [
                2.0,
                10.0,
                6.0
              ],
              "uv": [
                32,
                44
              ],
              "inflate": 0.001
            }
          ],
          "parent": "root"
        },
        {
          "name": "hip_l",
          "pivot": [
            4.5,
            14,
            1.5
          ],
          "cubes": [
            {
              "origin": [
                3.5,
                7.0,
                1.0
              ],
              "size": [
                2.0,
                7.0,
                3.0
              ],
              "uv": [
                21,
                0
              ],
              "inflate": 0
            }
          ],
          "parent": "rump_l"
        },
        {
          "name": "knee_l",
          "pivot": [
            4.5,
            7.25,
            3.25
          ],
          "cubes": [
            {
              "origin": [
                3.5,
                0.5,
                1.5
              ],
              "size": [
                2.0,
                7.0,
                2.0
              ],
              "uv": [
                40,
                0
              ],
              "inflate": -0.001
            }
          ],
          "parent": "hip_l"
        },
        {
          "name": "foot_l",
          "pivot": [
            4.5,
            0.25,
            2.5
          ],
          "parent": "knee_l"
        },
        {
          "name": "toe0_l",
          "pivot": [
            3.5,
            1,
            2.5
          ],
          "cubes": [
            {
              "origin": [
                3.0,
                -1.0,
                -1.5
              ],
              "size": [
                1.0,
                1.0,
                5.0
              ],
              "pivot": [
                0.0,
                0.0,
                0.0
              ],
              "rotation": [
                30.0,
                0.0,
                0.0
              ],
              "uv": [
                22,
                35
              ],
              "inflate": 0
            }
          ],
          "parent": "foot_l"
        },
        {
          "name": "toe1_l",
          "pivot": [
            4.5,
            1,
            2.5
          ],
          "cubes": [
            {
              "origin": [
                4.0,
                0.0,
                -1.5
              ],
              "size": [
                1.0,
                1.0,
                1.0
              ],
              "uv": [
                12,
                19
              ],
              "inflate": 0
            },
            {
              "origin": [
                4.0,
                0.0,
                -0.5
              ],
              "size": [
                1.0,
                1.0,
                4.0
              ],
              "uv": [
                42,
                60
              ],
              "inflate": 0
            }
          ],
          "parent": "foot_l"
        },
        {
          "name": "toe2_l",
          "pivot": [
            5.5,
            1,
            2.5
          ],
          "cubes": [
            {
              "origin": [
                5.0,
                0.0,
                -0.5
              ],
              "size": [
                1.0,
                1.0,
                4.0
              ],
              "uv": [
                32,
                60
              ],
              "inflate": 0
            },
            {
              "origin": [
                5.0,
                0.0,
                -1.5
              ],
              "size": [
                1.0,
                1.0,
                1.0
              ],
              "uv": [
                11,
                0
              ],
              "inflate": 0
            }
          ],
          "parent": "foot_l"
        }
      ]
    }
  ]
}