{
  "format_version": "1.12.0",
  "minecraft:geometry": [
    {
      "description": {
        "identifier": "geometry.md_pyro",
        "texture_width": 128,
        "texture_height": 128,
        "visible_bounds_width": 15,
        "visible_bounds_height": 13,
        "visible_bounds_offset": [
          0,
          0.5,
          0
        ]
      },
      "bones": [
        {
          "name": "root",
          "pivot": [
            0,
            19,
            5.5
          ],
          "cubes": [
            {
              "origin": [
                -4.5,
                13.5,
                -0.5
              ],
              "size": [
                9.0,
                10.0,
                10.0
              ],
              "uv": [
                40,
                39
              ],
              "inflate": 0
            }
          ],
          "locators": {}
        },
        {
          "name": "spine0",
          "pivot": [
            0,
            19,
            1.5
          ],
          "cubes": [
            {
              "origin": [
                -4.0,
                14.0,
                -10.5
              ],
              "size": [
                8.0,
                9.0,
                12.0
              ],
              "uv": [
                0,
                39
              ],
              "inflate": 0
            }
          ],
          "parent": "root"
        },
        {
          "name": "chest",
          "pivot": [
            0,
            19,
            -8.5
          ],
          "parent": "spine0"
        },
        {
          "name": "neck0",
          "pivot": [
            0,
            20.5,
            -8
          ],
          "cubes": [
            {
              "origin": [
                -2.0,
                17.0,
                -12.0
              ],
              "size": [
                4.0,
                6.0,
                5.0
              ],
              "uv": [
                23,
                0
              ],
              "inflate": -0.009
            }
          ],
          "parent": "chest",
          "rotation": [
            17.5,
            0,
            0
          ]
        },
        {
          "name": "neck1",
          "pivot": [
            0,
            20.5,
            -11
          ],
          "cubes": [
            {
              "origin": [
                -2.0,
                17.0,
                -17.0
              ],
              "size": [
                4.0,
                6.0,
                7.0
              ],
              "uv": [
                68,
                31
              ],
              "inflate": -0.01
            }
          ],
          "parent": "neck0",
          "rotation": [
            5,
            0,
            0
          ]
        },
        {
          "name": "head",
          "pivot": [
            -1,
            21.5,
            -16
          ],
          "cubes": [
            {
              "origin": [
                -2.5,
                17.5,
                -18.5
              ],
              "size": [
                5.0,
                6.0,
                5.0
              ],
              "uv": [
                36,
                73
              ],
              "inflate": 0
            },
            {
              "origin": [
                -2.5,
                19.5,
                -28.5
              ],
              "size": [
                5.0,
                4.0,
                10.0
              ],
              "uv": [
                56,
                16
              ],
              "inflate": 0
            },
            {
              "origin": [
                -2.5,
                18.5,
                -28.5
              ],
              "size": [
                5.0,
                1.0,
                10.0
              ],
              "uv": [
                56,
                61
              ],
              "inflate": -0.015
            },
            {
              "origin": [
                0.0,
                21.5,
                -14.0
              ],
              "size": [
                0.0,
                6.0,
                9.0
              ],
              "pivot": [
                0.0,
                0.0,
                0.0
              ],
              "rotation": [
                7.5,
                0.0,
                0.0
              ],
              "uv": [
                0,
                0
              ],
              "inflate": 0
            },
            {
              "origin": [
                -1.0,
                23.5,
                -25.0
              ],
              "size": [
                1.0,
                2.0,
                4.0
              ],
              "pivot": [
                -1.0,
                21.5,
                -16.0
              ],
              "rotation": [
                10.0,
                0.0,
                -25.0
              ],
              "uv": [
                48,
                16
              ],
              "inflate": 0
            },
            {
              "origin": [
                -0.5,
                24.5,
                -24.0
              ],
              "size": [
                1.0,
                3.0,
                4.0
              ],
              "pivot": [
                -1.0,
                21.5,
                -16.0
              ],
              "rotation": [
                19.3023,
                0.19635,
                30.35211
              ],
              "uv": [
                54,
                31
              ],
              "inflate": 0
            },
            {
              "origin": [
                1.5,
                22.5,
                -22.0
              ],
              "size": [
                1.0,
                1.5,
                3.0
              ],
              "uv": [
                68,
                44
              ],
              "inflate": 0
            },
            {
              "origin": [
                -2.5,
                22.5,
                -22.0
              ],
              "size": [
                1.0,
                1.5,
                3.0
              ],
              "uv": [
                60,
                31
              ],
              "inflate": 0
            }
          ],
          "parent": "neck1",
          "rotation": [
            -22.12023,
            -3.81673,
            -1.02841
          ]
        },
        {
          "name": "jaw",
          "pivot": [
            -1,
            20.5,
            -18.5
          ],
          "cubes": [
            {
              "origin": [
                -2.5,
                17.5,
                -28.5
              ],
              "size": [
                5.0,
                2.0,
                10.0
              ],
              "uv": [
                0,
                60
              ],
              "inflate": -0.01
            },
            {
              "origin": [
                -2.5,
                19.5,
                -28.5
              ],
              "size": [
                5.0,
                1.0,
                10.0
              ],
              "uv": [
                20,
                62
              ],
              "inflate": -0.02
            },
            {
              "origin": [
                -2.4,
                19.0,
                -22.0
              ],
              "size": [
                0.0,
                2.0,
                4.0
              ],
              "uv": [
                31,
                13
              ],
              "inflate": -0.01
            },
            {
              "origin": [
                2.4,
                19.0,
                -22.0
              ],
              "size": [
                0.0,
                2.0,
                4.0
              ],
              "uv": [
                23,
                13
              ],
              "inflate": -0.01
            }
          ],
          "parent": "head"
        },
        {
          "name": "eyelids",
          "pivot": [
            0,
            23,
            -20
          ],
          "cubes": [
            {
              "origin": [
                2.51,
                20.5,
                -22.0
              ],
              "size": [
                0.0,
                4.0,
                4.0
              ],
              "uv": [
                30,
                7
              ],
              "inflate": 0
            },
            {
              "origin": [
                -2.51,
                20.5,
                -22.0
              ],
              "size": [
                0.0,
                4.0,
                4.0
              ],
              "uv": [
                10,
                11
              ],
              "inflate": 0
            }
          ],
          "parent": "head"
        },
        {
          "name": "shoulder_r",
          "pivot": [
            -4,
            18,
            -8.5
          ],
          "cubes": [
            {
              "origin": [
                -5.0,
                14.0,
                -9.5
              ],
              "size": [
                1.0,
                5.0,
                2.0
              ],
              "uv": [
                51,
                71
              ],
              "inflate": 0
            },
            {
              "origin": [
                -4.4,
                9.0,
                -9.5
              ],
              "size": [
                0.0,
                10.0,
                6.0
              ],
              "uv": [
                0,
                33
              ],
              "inflate": 0
            }
          ],
          "parent": "chest",
          "rotation": [
            -22.5,
            0,
            0
          ]
        },
        {
          "name": "elbow_r",
          "pivot": [
            -4.5,
            14.5,
            -8
          ],
          "cubes": [
            {
              "origin": [
                -5.0,
                14.0,
                -13.0
              ],
              "size": [
                1.0,
                1.0,
                5.0
              ],
              "uv": [
                23,
                11
              ],
              "inflate": -0.01
            },
            {
              "origin": [
                -4.5,
                11.0,
                -13.0
              ],
              "size": [
                0.0,
                3.0,
                5.0
              ],
              "uv": [
                0,
                10
              ],
              "inflate": -0.01
            }
          ],
          "parent": "shoulder_r"
        },
        {
          "name": "wrist_r",
          "pivot": [
            -4.5,
            14.5,
            -13
          ],
          "cubes": [
            {
              "origin": [
                -4.3,
                11.0,
                -18.0
              ],
              "size": [
                0.0,
                5.0,
                6.0
              ],
              "uv": [
                12,
                16
              ],
              "inflate": 0
            },
            {
              "origin": [
                -4.6,
                2.0,
                -15.5
              ],
              "size": [
                0.0,
                13.0,
                9.0
              ],
              "uv": [
                18,
                64
              ],
              "inflate": 0
            }
          ],
          "parent": "elbow_r"
        },
        {
          "name": "finger0_r",
          "pivot": [
            -3.5,
            12,
            -13
          ],
          "parent": "wrist_r"
        },
        {
          "name": "finger1_r",
          "pivot": [
            -4.5,
            12,
            -13
          ],
          "parent": "wrist_r"
        },
        {
          "name": "finger2_r",
          "pivot": [
            -5.5,
            12,
            -13
          ],
          "parent": "wrist_r"
        },
        {
          "name": "shoulder_l",
          "pivot": [
            4,
            18,
            -8.5
          ],
          "cubes": [
            {
              "origin": [
                4.0,
                14.0,
                -9.5
              ],
              "size": [
                1.0,
                5.0,
                2.0
              ],
              "uv": [
                12,
                0
              ],
              "inflate": 0
            },
            {
              "origin": [
                4.4,
                10.0,
                -9.5
              ],
              "size": [
                0.0,
                9.0,
                6.0
              ],
              "uv": [
                28,
                33
              ],
              "inflate": 0
            }
          ],
          "parent": "chest",
          "rotation": [
            -25,
            0,
            0
          ]
        },
        {
          "name": "elbow_l",
          "pivot": [
            4.5,
            14.5,
            -8
          ],
          "cubes": [
            {
              "origin": [
                4.0,
                14.0,
                -13.0
              ],
              "size": [
                1.0,
                1.0,
                5.0
              ],
              "uv": [
                5,
                3
              ],
              "inflate": -0.01
            },
            {
              "origin": [
                4.5,
                11.0,
                -13.0
              ],
              "size": [
                0.0,
                3.0,
                5.0
              ],
              "uv": [
                0,
                0
              ],
              "inflate": -0.01
            }
          ],
          "parent": "shoulder_l"
        },
        {
          "name": "wrist_l",
          "pivot": [
            4.7,
            14.5,
            -13
          ],
          "cubes": [
            {
              "origin": [
                4.6,
                2.0,
                -15.5
              ],
              "size": [
                0.0,
                13.0,
                9.0
              ],
              "uv": [
                0,
                63
              ],
              "inflate": 0
            },
            {
              "origin": [
                4.3,
                11.0,
                -18.0
              ],
              "size": [
                0.0,
                5.0,
                6.0
              ],
              "uv": [
                0,
                16
              ],
              "inflate": 0
            }
          ],
          "parent": "elbow_l"
        },
        {
          "name": "finger0_l",
          "pivot": [
            3.7,
            12,
            -13
          ],
          "parent": "wrist_l"
        },
        {
          "name": "finger1_l",
          "pivot": [
            4.7,
            12,
            -13
          ],
          "parent": "wrist_l"
        },
        {
          "name": "finger2_l",
          "pivot": [
            5.7,
            12,
            -13
          ],
          "parent": "wrist_l"
        },
        {
          "name": "tail_0",
          "pivot": [
            0,
            19,
            8.5
          ],
          "cubes": [
            {
              "origin": [
                -2.5,
                16.0,
                6.5
              ],
              "size": [
                5.0,
                6.0,
                10.0
              ],
              "uv": [
                48,
                0
              ],
              "inflate": 0
            },
            {
              "origin": [
                -7.0,
                22.0,
                9.5
              ],
              "size": [
                7.0,
                0.0,
                7.0
              ],
              "pivot": [
                0.0,
                19.0,
                8.5
              ],
              "rotation": [
                0.0,
                0.0,
                -32.5
              ],
              "uv": [
                94,
                52
              ],
              "inflate": 0
            },
            {
              "origin": [
                1.0,
                22.0,
                9.5
              ],
              "size": [
                7.0,
                0.0,
                7.0
              ],
              "pivot": [
                0.0,
                19.0,
                8.5
              ],
              "rotation": [
                0.0,
                0.0,
                27.5
              ],
              "uv": [
                62,
                95
              ],
              "inflate": 0
            }
          ],
          "parent": "root",
          "rotation": [
            12.5,
            0,
            0
          ]
        },
        {
          "name": "tail_1",
          "pivot": [
            0,
            19,
            16.5
          ],
          "cubes": [
            {
              "origin": [
                -1.5,
                17.0,
                15.5
              ],
              "size": [
                3.0,
                4.0,
                18.0
              ],
              "uv": [
                24,
                4
              ],
              "inflate": 0
            },
            {
              "origin": [
                -6.0,
                21.0,
                15.5
              ],
              "size": [
                6.0,
                0.0,
                19.0
              ],
              "pivot": [
                0.0,
                19.0,
                16.5
              ],
              "rotation": [
                0.0,
                0.0,
                -20.0
              ],
              "uv": [
                81,
                0
              ],
              "inflate": 0
            },
            {
              "origin": [
                1.0,
                21.0,
                15.5
              ],
              "size": [
                6.0,
                0.0,
                19.0
              ],
              "pivot": [
                0.0,
                19.0,
                16.5
              ],
              "rotation": [
                0.0,
                0.0,
                17.5
              ],
              "uv": [
                83,
                109
              ],
              "inflate": 0
            }
          ],
          "parent": "tail_0"
        },
        {
          "name": "tail_2",
          "pivot": [
            0,
            19,
            33.5
          ],
          "cubes": [
            {
              "origin": [
                -1.0,
                17.5,
                32.5
              ],
              "size": [
                2.0,
                3.0,
                19.0
              ],
              "uv": [
                0,
                0
              ],
              "inflate": 0
            },
            {
              "origin": [
                0.0,
                13.0,
                32.5
              ],
              "size": [
                0.0,
                12.0,
                27.0
              ],
              "uv": [
                0,
                0
              ],
              "inflate": 0
            },
            {
              "origin": [
                -6.0,
                20.0,
                33.5
              ],
              "size": [
                6.0,
                0.0,
                18.0
              ],
              "pivot": [
                0.0,
                19.0,
                33.5
              ],
              "rotation": [
                0.0,
                0.0,
                -17.5
              ],
              "uv": [
                36,
                109
              ],
              "inflate": 0
            },
            {
              "origin": [
                1.0,
                20.0,
                33.5
              ],
              "size": [
                6.0,
                0.0,
                18.0
              ],
              "pivot": [
                0.0,
                19.0,
                33.5
              ],
              "rotation": [
                0.0,
                0.0,
                12.5
              ],
              "uv": [
                2,
                110
              ],
              "inflate": 0
            }
          ],
          "parent": "tail_1",
          "rotation": [
            -15,
            0,
            0
          ]
        },
        {
          "name": "rump_r",
          "pivot": [
            -3.5,
            19,
            3.5
          ],
          "cubes": [
            {
              "origin": [
                -5.5,
                13.5,
                1.0
              ],
              "size": [
                2.0,
                9.0,
                5.0
              ],
              "uv": [
                70,
                73
              ],
              "inflate": 0.001
            }
          ],
          "parent": "root"
        },
        {
          "name": "hip_r",
          "pivot": [
            -4.5,
            14,
            1.5
          ],
          "cubes": [
            {
              "origin": [
                -5.5,
                7.0,
                1.0
              ],
              "size": [
                2.0,
                7.0,
                3.0
              ],
              "uv": [
                48,
                0
              ],
              "inflate": 0
            }
          ],
          "parent": "rump_r"
        },
        {
          "name": "knee_r",
          "pivot": [
            -4.5,
            7.25,
            3.25
          ],
          "cubes": [
            {
              "origin": [
                -5.5,
                0.5,
                1.5
              ],
              "size": [
                2.0,
                7.0,
                2.0
              ],
              "uv": [
                20,
                60
              ],
              "inflate": -0.001
            }
          ],
          "parent": "hip_r"
        },
        {
          "name": "foot_r",
          "pivot": [
            -4.5,
            0.25,
            2.5
          ],
          "parent": "knee_r"
        },
        {
          "name": "toe0_r",
          "pivot": [
            -3.5,
            1,
            2.5
          ],
          "cubes": [
            {
              "origin": [
                -4.0,
                0.0,
                0.5
              ],
              "size": [
                1.0,
                1.0,
                3.0
              ],
              "uv": [
                54,
                16
              ],
              "inflate": 0
            },
            {
              "origin": [
                -4.0,
                0.5,
                -1.0
              ],
              "size": [
                1.0,
                1.0,
                2.0
              ],
              "uv": [
                36,
                13
              ],
              "inflate": 0
            }
          ],
          "parent": "foot_r"
        },
        {
          "name": "toe1_r",
          "pivot": [
            -4.5,
            1,
            2.5
          ],
          "cubes": [
            {
              "origin": [
                -5.0,
                0.0,
                -0.5
              ],
              "size": [
                1.0,
                1.0,
                4.0
              ],
              "uv": [
                68,
                5
              ],
              "inflate": 0
            },
            {
              "origin": [
                -5.0,
                0.0,
                -1.5
              ],
              "size": [
                1.0,
                1.0,
                1.0
              ],
              "uv": [
                23,
                0
              ],
              "inflate": 0
            }
          ],
          "parent": "foot_r"
        },
        {
          "name": "toe2_r",
          "pivot": [
            -5.5,
            1,
            2.5
          ],
          "cubes": [
            {
              "origin": [
                -6.0,
                0.0,
                -0.5
              ],
              "size": [
                1.0,
                1.0,
                4.0
              ],
              "uv": [
                68,
                0
              ],
              "inflate": 0
            },
            {
              "origin": [
                -6.0,
                0.0,
                -1.5
              ],
              "size": [
                1.0,
                1.0,
                1.0
              ],
              "uv": [
                10,
                0
              ],
              "inflate": 0
            }
          ],
          "parent": "foot_r"
        },
        {
          "name": "rump_l",
          "pivot": [
            3.5,
            19,
            3.5
          ],
          "cubes": [
            {
              "origin": [
                3.5,
                13.5,
                1.0
              ],
              "size": [
                2.0,
                9.0,
                5.0
              ],
              "uv": [
                56,
                73
              ],
              "inflate": 0.001
            }
          ],
          "parent": "root"
        },
        {
          "name": "hip_l",
          "pivot": [
            4.5,
            14,
            1.5
          ],
          "cubes": [
            {
              "origin": [
                3.5,
                7.0,
                1.0
              ],
              "size": [
                2.0,
                7.0,
                3.0
              ],
              "uv": [
                40,
                39
              ],
              "inflate": 0
            }
          ],
          "parent": "rump_l"
        },
        {
          "name": "knee_l",
          "pivot": [
            4.5,
            7.25,
            3.25
          ],
          "cubes": [
            {
              "origin": [
                3.5,
                0.5,
                1.5
              ],
              "size": [
                2.0,
                7.0,
                2.0
              ],
              "uv": [
                0,
                60
              ],
              "inflate": -0.001
            }
          ],
          "parent": "hip_l"
        },
        {
          "name": "foot_l",
          "pivot": [
            4.5,
            0.25,
            2.5
          ],
          "parent": "knee_l"
        },
        {
          "name": "toe0_l",
          "pivot": [
            3.5,
            1,
            2.5
          ],
          "cubes": [
            {
              "origin": [
                3.0,
                0.0,
                0.5
              ],
              "size": [
                1.0,
                1.0,
                3.0
              ],
              "uv": [
                36,
                0
              ],
              "inflate": 0
            },
            {
              "origin": [
                3.0,
                0.5,
                -1.0
              ],
              "size": [
                1.0,
                1.0,
                2.0
              ],
              "uv": [
                6,
                0
              ],
              "inflate": 0
            }
          ],
          "parent": "foot_l"
        },
        {
          "name": "toe1_l",
          "pivot": [
            4.5,
            1,
            2.5
          ],
          "cubes": [
            {
              "origin": [
                4.0,
                0.0,
                -1.5
              ],
              "size": [
                1.0,
                1.0,
                1.0
              ],
              "uv": [
                0,
                2
              ],
              "inflate": 0
            },
            {
              "origin": [
                4.0,
                0.0,
                -0.5
              ],
              "size": [
                1.0,
                1.0,
                4.0
              ],
              "uv": [
                64,
                31
              ],
              "inflate": 0
            }
          ],
          "parent": "foot_l"
        },
        {
          "name": "toe2_l",
          "pivot": [
            5.5,
            1,
            2.5
          ],
          "cubes": [
            {
              "origin": [
                5.0,
                0.0,
                -0.5
              ],
              "size": [
                1.0,
                1.0,
                4.0
              ],
              "uv": [
                0,
                0
              ],
              "inflate": 0
            },
            {
              "origin": [
                5.0,
                0.0,
                -1.5
              ],
              "size": [
                1.0,
                1.0,
                1.0
              ],
              "uv": [
                0,
                0
              ],
              "inflate": 0
            }
          ],
          "parent": "foot_l"
        }
      ]
    }
  ]
}