{
  "format_version": "1.12.0",
  "minecraft:geometry": [
    {
      "description": {
        "identifier": "geometry.md_quetzal",
        "texture_width": 128,
        "texture_height": 128,
        "visible_bounds_width": 6,
        "visible_bounds_height": 6,
        "visible_bounds_offset": [
          0,
          1,
          0
        ]
      },
      "bones": [
        {
          "name": "root",
          "pivot": [
            0,
            12.25,
            0
          ],
          "cubes": [
            {
              "origin": [
                -2.0,
                10.25,
                -3.5
              ],
              "size": [
                4.0,
                6.0,
                4.5
              ],
              "uv": [
                42,
                26
              ],
              "inflate": 0
            }
          ],
          "locators": {}
        },
        {
          "name": "spine0",
          "pivot": [
            0,
            15.25,
            -0.5
          ],
          "cubes": [
            {
              "origin": [
                -3.0,
                15.25,
                -4.0
              ],
              "size": [
                6.0,
                6.0,
                6.0
              ],
              "uv": [
                0,
                22
              ],
              "inflate": 0
            }
          ],
          "parent": "root"
        },
        {
          "name": "chest",
          "pivot": [
            0,
            18.75,
            0
          ],
          "parent": "spine0"
        },
        {
          "name": "shoulder_r",
          "pivot": [
            -3,
            18.75,
            -0.5
          ],
          "cubes": [
            {
              "origin": [
                -9.0,
                9.25,
                -0.5
              ],
              "size": [
                8.0,
                12.0,
                0.0
              ],
              "uv": [
                16,
                37
              ],
              "inflate": 0
            },
            {
              "origin": [
                -9.0,
                17.75,
                -1.5
              ],
              "size": [
                7.0,
                2.0,
                2.0
              ],
              "uv": [
                54,
                11
              ],
              "inflate": 0
            }
          ],
          "parent": "chest"
        },
        {
          "name": "elbow_r",
          "pivot": [
            -9,
            18.75,
            -0.5
          ],
          "cubes": [
            {
              "origin": [
                -15.0,
                10.25,
                -0.5
              ],
              "size": [
                6.0,
                12.0,
                0.0
              ],
              "uv": [
                34,
                50
              ],
              "inflate": 0
            },
            {
              "origin": [
                -16.35721,
                17.98396,
                -1.5
              ],
              "size": [
                8.0,
                2.0,
                2.0
              ],
              "pivot": [
                -9.0,
                18.75,
                -0.5
              ],
              "rotation": [
                0.0,
                0.0,
                25.0
              ],
              "uv": [
                14,
                49
              ],
              "inflate": -0.01
            }
          ],
          "parent": "shoulder_r"
        },
        {
          "name": "wrist_r",
          "pivot": [
            -13,
            21.75,
            -0.5
          ],
          "cubes": [
            {
              "origin": [
                -40.0,
                11.25,
                -0.5
              ],
              "size": [
                27.0,
                11.0,
                0.0
              ],
              "uv": [
                0,
                11
              ],
              "inflate": 0
            },
            {
              "origin": [
                -27.0,
                21.25,
                -1.0
              ],
              "size": [
                14.0,
                1.0,
                1.0
              ],
              "uv": [
                36,
                24
              ],
              "inflate": -0.01
            }
          ],
          "parent": "elbow_r"
        },
        {
          "name": "shoulder_l",
          "pivot": [
            3,
            18.75,
            -0.5
          ],
          "cubes": [
            {
              "origin": [
                1.0,
                9.25,
                -0.5
              ],
              "size": [
                8.0,
                12.0,
                0.0
              ],
              "uv": [
                0,
                34
              ],
              "inflate": 0
            },
            {
              "origin": [
                2.0,
                17.75,
                -1.5
              ],
              "size": [
                7.0,
                2.0,
                2.0
              ],
              "uv": [
                14,
                53
              ],
              "inflate": 0
            }
          ],
          "parent": "chest"
        },
        {
          "name": "elbow_l",
          "pivot": [
            9,
            18.75,
            -0.5
          ],
          "cubes": [
            {
              "origin": [
                9.0,
                10.25,
                -0.5
              ],
              "size": [
                6.0,
                12.0,
                0.0
              ],
              "uv": [
                46,
                40
              ],
              "inflate": 0
            },
            {
              "origin": [
                9.0,
                17.75,
                -1.5
              ],
              "size": [
                8.0,
                2.0,
                2.0
              ],
              "pivot": [
                9.0,
                17.75,
                -0.5
              ],
              "rotation": [
                0.0,
                0.0,
                -30.0
              ],
              "uv": [
                42,
                36
              ],
              "inflate": -0.01
            }
          ],
          "parent": "shoulder_l"
        },
        {
          "name": "wrist_l",
          "pivot": [
            13,
            21.75,
            -0.5
          ],
          "cubes": [
            {
              "origin": [
                13.0,
                11.25,
                -0.5
              ],
              "size": [
                29.0,
                11.0,
                0.0
              ],
              "uv": [
                0,
                0
              ],
              "inflate": 0
            },
            {
              "origin": [
                13.0,
                21.25,
                -1.0
              ],
              "size": [
                14.0,
                1.0,
                1.0
              ],
              "uv": [
                36,
                22
              ],
              "inflate": 0
            }
          ],
          "parent": "elbow_l"
        },
        {
          "name": "neck0",
          "pivot": [
            0,
            20.25,
            -0.5
          ],
          "cubes": [
            {
              "origin": [
                -1.5,
                20.25,
                -3.0
              ],
              "size": [
                3.0,
                9.0,
                4.5
              ],
              "uv": [
                32,
                37
              ],
              "inflate": 0
            }
          ],
          "parent": "chest"
        },
        {
          "name": "neck1",
          "pivot": [
            0,
            26.25,
            -0.5
          ],
          "cubes": [
            {
              "origin": [
                -1.5,
                27.25,
                -4.0
              ],
              "size": [
                3.0,
                9.0,
                6.0
              ],
              "uv": [
                24,
                22
              ],
              "inflate": 0
            }
          ],
          "parent": "neck0",
          "rotation": [
            22.5,
            0,
            0
          ]
        },
        {
          "name": "head",
          "pivot": [
            0,
            35.25,
            0
          ],
          "cubes": [
            {
              "origin": [
                -2.0,
                34.25,
                -1.0
              ],
              "size": [
                4.0,
                7.0,
                3.0
              ],
              "uv": [
                0,
                46
              ],
              "inflate": 0.001
            },
            {
              "origin": [
                -2.0,
                34.25,
                -3.0
              ],
              "size": [
                4.0,
                2.0,
                2.0
              ],
              "uv": [
                54,
                26
              ],
              "inflate": 0.001
            },
            {
              "origin": [
                -1.0,
                40.25,
                -1.0
              ],
              "size": [
                2.0,
                13.0,
                2.5
              ],
              "uv": [
                46,
                52
              ],
              "inflate": 0
            },
            {
              "origin": [
                0.0,
                39.25,
                3.0
              ],
              "size": [
                0.0,
                5.0,
                5.0
              ],
              "pivot": [
                0.0,
                35.25,
                0.0
              ],
              "rotation": [
                15.0,
                0.0,
                0.0
              ],
              "uv": [
                18,
                17
              ],
              "inflate": 0
            }
          ],
          "parent": "neck1",
          "rotation": [
            52.5,
            0,
            0
          ]
        },
        {
          "name": "eyelids",
          "pivot": [
            0,
            6,
            0
          ],
          "cubes": [
            {
              "origin": [
                -2.01,
                38.25,
                0.0
              ],
              "size": [
                0.0,
                3.0,
                2.0
              ],
              "uv": [
                16,
                32
              ],
              "inflate": 0.001
            },
            {
              "origin": [
                1.99,
                38.25,
                0.0
              ],
              "size": [
                0.0,
                3.0,
                2.0
              ],
              "uv": [
                16,
                32
              ],
              "inflate": 0.001
            }
          ],
          "parent": "head"
        },
        {
          "name": "jaw",
          "pivot": [
            0,
            36.25,
            -1
          ],
          "cubes": [
            {
              "origin": [
                -2.0,
                36.25,
                -3.0
              ],
              "size": [
                4.0,
                5.0,
                2.0
              ],
              "uv": [
                54,
                15
              ],
              "inflate": 0
            },
            {
              "origin": [
                -1.9,
                36.25,
                -1.0
              ],
              "size": [
                0.0,
                4.0,
                3.0
              ],
              "uv": [
                0,
                58
              ],
              "inflate": 0
            },
            {
              "origin": [
                1.9,
                36.25,
                -1.0
              ],
              "size": [
                0.0,
                4.0,
                3.0
              ],
              "uv": [
                28,
                54
              ],
              "inflate": 0
            },
            {
              "origin": [
                -1.0,
                41.25,
                -2.5
              ],
              "size": [
                2.0,
                12.0,
                1.5
              ],
              "uv": [
                54,
                52
              ],
              "inflate": 0
            }
          ],
          "parent": "head"
        },
        {
          "name": "tail0",
          "pivot": [
            0,
            11.25,
            -0.75
          ],
          "cubes": [
            {
              "origin": [
                -0.5,
                7.25,
                -1.0
              ],
              "size": [
                1.0,
                3.0,
                1.0
              ],
              "uv": [
                0,
                56
              ],
              "inflate": 0
            },
            {
              "origin": [
                0.0,
                4.25,
                -1.75
              ],
              "size": [
                0.0,
                4.0,
                3.0
              ],
              "uv": [
                0,
                19
              ],
              "inflate": 0
            }
          ],
          "parent": "spine0",
          "rotation": [
            17.5,
            0,
            0
          ]
        },
        {
          "name": "tail1",
          "pivot": [
            0,
            2.25,
            -0.5
          ],
          "parent": "tail0"
        },
        {
          "name": "tail2",
          "pivot": [
            0,
            -5.75,
            -0.5
          ],
          "parent": "tail1"
        },
        {
          "name": "tail3",
          "pivot": [
            0,
            -13.75,
            -0.5
          ],
          "parent": "tail2"
        },
        {
          "name": "rump_l",
          "pivot": [
            2,
            10.75,
            -0.5
          ],
          "cubes": [
            {
              "origin": [
                0.5,
                7.25,
                -1.5
              ],
              "size": [
                2.0,
                4.0,
                2.0
              ],
              "uv": [
                58,
                0
              ],
              "inflate": 0.01
            }
          ],
          "parent": "root"
        },
        {
          "name": "hip_l",
          "pivot": [
            2,
            7.75,
            -1
          ],
          "cubes": [
            {
              "origin": [
                0.9,
                3.0,
                -1.25
              ],
              "size": [
                1.6,
                5.0,
                1.0
              ],
              "uv": [
                58,
                40
              ],
              "inflate": 0.01
            }
          ],
          "parent": "rump_l"
        },
        {
          "name": "knee_l",
          "pivot": [
            2,
            3,
            -0.25
          ],
          "cubes": [
            {
              "origin": [
                1.5,
                0.0,
                -1.25
              ],
              "size": [
                1.0,
                3.0,
                1.0
              ],
              "uv": [
                42,
                26
              ],
              "inflate": 0
            }
          ],
          "parent": "hip_l"
        },
        {
          "name": "ankle_l",
          "pivot": [
            2,
            1,
            -0.75
          ],
          "cubes": [
            {
              "origin": [
                1.0,
                0.0,
                -4.25
              ],
              "size": [
                2.0,
                1.0,
                4.0
              ],
              "uv": [
                8,
                57
              ],
              "inflate": 0.01
            }
          ],
          "parent": "knee_l"
        },
        {
          "name": "rump_r",
          "pivot": [
            -2,
            10.75,
            -0.5
          ],
          "cubes": [
            {
              "origin": [
                -2.5,
                7.25,
                -1.5
              ],
              "size": [
                2.0,
                4.0,
                2.0
              ],
              "uv": [
                20,
                57
              ],
              "inflate": 0.01
            }
          ],
          "parent": "root"
        },
        {
          "name": "hip_r",
          "pivot": [
            -2,
            7.75,
            -1.25
          ],
          "cubes": [
            {
              "origin": [
                -2.6,
                3.0,
                -1.25
              ],
              "size": [
                1.6,
                5.0,
                1.0
              ],
              "uv": [
                58,
                30
              ],
              "inflate": 0.01
            }
          ],
          "parent": "rump_r"
        },
        {
          "name": "knee_r",
          "pivot": [
            -2,
            3,
            -0.25
          ],
          "cubes": [
            {
              "origin": [
                -2.5,
                0.0,
                -1.25
              ],
              "size": [
                1.0,
                3.0,
                1.0
              ],
              "uv": [
                32,
                37
              ],
              "inflate": 0
            }
          ],
          "parent": "hip_r"
        },
        {
          "name": "ankle_r",
          "pivot": [
            -2,
            1,
            -0.75
          ],
          "cubes": [
            {
              "origin": [
                -3.0,
                0.0,
                -4.25
              ],
              "size": [
                2.0,
                1.0,
                4.0
              ],
              "uv": [
                0,
                56
              ],
              "inflate": 0.01
            }
          ],
          "parent": "knee_r"
        }
      ]
    }
  ]
}