{
  "format_version": "1.12.0",
  "minecraft:geometry": [
    {
      "description": {
        "identifier": "geometry.md_rebel",
        "texture_width": 512,
        "texture_height": 512,
        "visible_bounds_width": 18,
        "visible_bounds_height": 11.5,
        "visible_bounds_offset": [
          0,
          2.25,
          0
        ]
      },
      "bones": [
        {
          "name": "root",
          "pivot": [
            0,
            40,
            24
          ],
          "cubes": [
            {
              "origin": [
                -16.0,
                23.0,
                -12.0
              ],
              "size": [
                32.0,
                40.0,
                40.0
              ],
              "uv": [
                0,
                0
              ],
              "inflate": 0
            },
            {
              "origin": [
                -14.0,
                23.0,
                21.0
              ],
              "size": [
                28.0,
                38.0,
                27.0
              ],
              "uv": [
                0,
                80
              ],
              "inflate": 0
            },
            {
              "origin": [
                0.0,
                60.0,
                -12.0
              ],
              "size": [
                0.0,
                37.0,
                41.0
              ],
              "uv": [
                0,
                104
              ],
              "inflate": 0
            },
            {
              "origin": [
                0.0,
                60.0,
                26.0
              ],
              "size": [
                0.0,
                37.0,
                22.0
              ],
              "uv": [
                64,
                218
              ],
              "inflate": 0
            }
          ],
          "locators": {}
        },
        {
          "name": "spine0",
          "pivot": [
            0,
            40,
            -9
          ],
          "cubes": [
            {
              "origin": [
                -14.0,
                24.0,
                -23.0
              ],
              "size": [
                28.0,
                36.0,
                16.0
              ],
              "uv": [
                164,
                173
              ],
              "inflate": 0
            },
            {
              "origin": [
                0.0,
                60.0,
                -23.0
              ],
              "size": [
                0.0,
                36.0,
                19.0
              ],
              "uv": [
                126,
                170
              ],
              "inflate": 0
            }
          ],
          "parent": "root"
        },
        {
          "name": "chest",
          "pivot": [
            0,
            40,
            -15
          ],
          "parent": "spine0"
        },
        {
          "name": "neck0",
          "pivot": [
            0,
            46,
            -21.5
          ],
          "cubes": [
            {
              "origin": [
                -12.0,
                36.0,
                -31.0
              ],
              "size": [
                24.0,
                24.0,
                12.0
              ],
              "uv": [
                240,
                0
              ],
              "inflate": 0
            }
          ],
          "parent": "chest",
          "rotation": [
            15,
            0,
            0
          ]
        },
        {
          "name": "head0",
          "pivot": [
            0,
            43,
            -32
          ],
          "cubes": [
            {
              "origin": [
                -13.0,
                33.0,
                -58.0
              ],
              "size": [
                27.0,
                27.0,
                27.0
              ],
              "uv": [
                110,
                80
              ],
              "inflate": 0
            },
            {
              "origin": [
                -9.0,
                40.0,
                -74.0
              ],
              "size": [
                19.0,
                19.0,
                18.0
              ],
              "uv": [
                178,
                225
              ],
              "inflate": 0
            },
            {
              "origin": [
                -6.0,
                38.0,
                -79.0
              ],
              "size": [
                12.0,
                6.0,
                0.0
              ],
              "uv": [
                0,
                80
              ],
              "inflate": 0
            },
            {
              "origin": [
                -4.0,
                58.0,
                -53.0
              ],
              "size": [
                9.0,
                6.0,
                22.0
              ],
              "uv": [
                144,
                52
              ],
              "inflate": 0
            },
            {
              "origin": [
                -6.0,
                27.0,
                -77.0
              ],
              "size": [
                12.0,
                17.0,
                8.0
              ],
              "pivot": [
                0.0,
                43.0,
                -32.0
              ],
              "rotation": [
                -20.0,
                0.0,
                0.0
              ],
              "uv": [
                270,
                63
              ],
              "inflate": 0
            },
            {
              "origin": [
                -16.0,
                43.0,
                -47.0
              ],
              "size": [
                16.0,
                9.0,
                0.0
              ],
              "pivot": [
                0.0,
                43.0,
                -32.0
              ],
              "rotation": [
                -10.8448,
                30.82594,
                -40.49807
              ],
              "uv": [
                210,
                0
              ],
              "inflate": 0
            },
            {
              "origin": [
                4.0,
                45.0,
                -46.0
              ],
              "size": [
                16.0,
                10.0,
                0.0
              ],
              "pivot": [
                0.0,
                43.0,
                -32.0
              ],
              "rotation": [
                -3.90399,
                -17.07228,
                33.08619
              ],
              "uv": [
                104,
                25
              ],
              "inflate": 0
            },
            {
              "origin": [
                -3.0,
                64.0,
                -68.0
              ],
              "size": [
                6.0,
                26.0,
                7.0
              ],
              "pivot": [
                0.0,
                43.0,
                -32.0
              ],
              "rotation": [
                20.0,
                0.0,
                0.0
              ],
              "uv": [
                56,
                277
              ],
              "inflate": 0
            }
          ],
          "parent": "neck0"
        },
        {
          "name": "horn0",
          "pivot": [
            -1,
            47,
            -63
          ],
          "parent": "head0"
        },
        {
          "name": "horn1",
          "pivot": [
            0,
            52,
            -49
          ],
          "parent": "head0"
        },
        {
          "name": "frill0",
          "pivot": [
            -1,
            54,
            -39
          ],
          "cubes": [
            {
              "origin": [
                -16.0,
                51.0,
                -38.0
              ],
              "size": [
                32.0,
                61.0,
                0.0
              ],
              "uv": [
                0,
                182
              ],
              "inflate": 0
            },
            {
              "origin": [
                -11.0,
                101.0,
                -18.0
              ],
              "size": [
                22.0,
                15.0,
                0.0
              ],
              "pivot": [
                -1.0,
                54.0,
                -39.0
              ],
              "rotation": [
                22.5,
                0.0,
                0.0
              ],
              "uv": [
                270,
                88
              ],
              "inflate": 0
            }
          ],
          "parent": "head0",
          "rotation": [
            -22.5,
            0,
            0
          ]
        },
        {
          "name": "frill1",
          "pivot": [
            -16,
            60,
            -38
          ],
          "cubes": [
            {
              "origin": [
                -42.0,
                46.0,
                -38.0
              ],
              "size": [
                26.0,
                60.0,
                0.0
              ],
              "uv": [
                126,
                225
              ],
              "inflate": 0
            }
          ],
          "parent": "frill0"
        },
        {
          "name": "frill2",
          "pivot": [
            16,
            60,
            -38
          ],
          "cubes": [
            {
              "origin": [
                16.0,
                46.0,
                -38.0
              ],
              "size": [
                26.0,
                61.0,
                0.0
              ],
              "uv": [
                218,
                52
              ],
              "inflate": 0
            }
          ],
          "parent": "frill0"
        },
        {
          "name": "jaw",
          "pivot": [
            -1,
            40,
            -55
          ],
          "cubes": [
            {
              "origin": [
                -7.0,
                34.0,
                -74.0
              ],
              "size": [
                15.0,
                6.0,
                19.0
              ],
              "uv": [
                104,
                0
              ],
              "inflate": 0
            }
          ],
          "parent": "head0"
        },
        {
          "name": "eyelids",
          "pivot": [
            0,
            54,
            -50
          ],
          "parent": "head0"
        },
        {
          "name": "shoulder_r",
          "pivot": [
            -15,
            31,
            -15
          ],
          "cubes": [
            {
              "origin": [
                -22.0,
                17.0,
                -21.0
              ],
              "size": [
                13.0,
                27.0,
                15.0
              ],
              "uv": [
                0,
                243
              ],
              "inflate": 0
            }
          ],
          "parent": "chest"
        },
        {
          "name": "elbow_r",
          "pivot": [
            -15,
            17,
            -12
          ],
          "cubes": [
            {
              "origin": [
                -20.0,
                3.0,
                -19.0
              ],
              "size": [
                9.0,
                17.0,
                11.0
              ],
              "uv": [
                0,
                0
              ],
              "inflate": 0
            }
          ],
          "parent": "shoulder_r"
        },
        {
          "name": "wrist_r",
          "pivot": [
            -15,
            4,
            -13
          ],
          "cubes": [
            {
              "origin": [
                -21.0,
                0.0,
                -22.0
              ],
              "size": [
                11.0,
                5.0,
                13.0
              ],
              "uv": [
                269,
                206
              ],
              "inflate": 0
            }
          ],
          "parent": "elbow_r"
        },
        {
          "name": "shoulder_l",
          "pivot": [
            14,
            31,
            -15
          ],
          "cubes": [
            {
              "origin": [
                8.0,
                17.0,
                -21.0
              ],
              "size": [
                13.0,
                25.0,
                15.0
              ],
              "uv": [
                237,
                247
              ],
              "inflate": 0
            }
          ],
          "parent": "chest"
        },
        {
          "name": "elbow_l",
          "pivot": [
            14,
            17,
            -12
          ],
          "cubes": [
            {
              "origin": [
                10.0,
                3.0,
                -19.0
              ],
              "size": [
                9.0,
                17.0,
                10.0
              ],
              "uv": [
                270,
                36
              ],
              "inflate": 0
            }
          ],
          "parent": "shoulder_l"
        },
        {
          "name": "wrist_l",
          "pivot": [
            14,
            4,
            -13
          ],
          "cubes": [
            {
              "origin": [
                9.0,
                0.0,
                -22.0
              ],
              "size": [
                11.0,
                5.0,
                13.0
              ],
              "uv": [
                178,
                262
              ],
              "inflate": 0
            }
          ],
          "parent": "elbow_l"
        },
        {
          "name": "tail0",
          "pivot": [
            0,
            47,
            45
          ],
          "cubes": [
            {
              "origin": [
                -11.0,
                29.0,
                44.0
              ],
              "size": [
                22.0,
                29.0,
                26.0
              ],
              "uv": [
                84,
                134
              ],
              "inflate": 0
            }
          ],
          "parent": "root",
          "rotation": [
            -15,
            0,
            0
          ]
        },
        {
          "name": "tail1",
          "pivot": [
            0,
            47,
            69
          ],
          "cubes": [
            {
              "origin": [
                -9.0,
                34.0,
                68.0
              ],
              "size": [
                18.0,
                22.0,
                30.0
              ],
              "uv": [
                144,
                0
              ],
              "inflate": 0
            }
          ],
          "parent": "tail0",
          "rotation": [
            10,
            0,
            0
          ]
        },
        {
          "name": "tail2",
          "pivot": [
            0,
            47,
            98
          ],
          "cubes": [
            {
              "origin": [
                -7.0,
                38.0,
                96.0
              ],
              "size": [
                14.0,
                16.0,
                13.0
              ],
              "uv": [
                248,
                152
              ],
              "inflate": 0
            }
          ],
          "parent": "tail1",
          "rotation": [
            7.5,
            0,
            0
          ]
        },
        {
          "name": "tail3",
          "pivot": [
            0,
            47,
            107
          ],
          "cubes": [
            {
              "origin": [
                -5.0,
                40.0,
                106.0
              ],
              "size": [
                10.0,
                12.0,
                11.0
              ],
              "uv": [
                154,
                134
              ],
              "inflate": 0
            }
          ],
          "parent": "tail2",
          "rotation": [
            12.5,
            0,
            0
          ]
        },
        {
          "name": "tail4",
          "pivot": [
            0,
            47,
            115
          ],
          "cubes": [
            {
              "origin": [
                -4.0,
                41.0,
                114.0
              ],
              "size": [
                8.0,
                10.0,
                19.0
              ],
              "uv": [
                234,
                206
              ],
              "inflate": 0
            }
          ],
          "parent": "tail3"
        },
        {
          "name": "rump_r",
          "pivot": [
            -14,
            39,
            35
          ],
          "cubes": [
            {
              "origin": [
                -21.0,
                20.0,
                25.0
              ],
              "size": [
                12.0,
                31.0,
                19.0
              ],
              "uv": [
                199,
                115
              ],
              "inflate": 0
            }
          ],
          "parent": "root"
        },
        {
          "name": "hip_r",
          "pivot": [
            -14,
            20,
            32
          ],
          "cubes": [
            {
              "origin": [
                -20.0,
                12.0,
                28.0
              ],
              "size": [
                10.0,
                12.0,
                13.0
              ],
              "uv": [
                252,
                181
              ],
              "inflate": 0
            }
          ],
          "parent": "rump_r"
        },
        {
          "name": "knee_r",
          "pivot": [
            -14,
            14,
            36
          ],
          "cubes": [
            {
              "origin": [
                -19.0,
                3.0,
                31.0
              ],
              "size": [
                8.0,
                13.0,
                9.0
              ],
              "uv": [
                99,
                276
              ],
              "inflate": 0
            }
          ],
          "parent": "hip_r"
        },
        {
          "name": "ankle_r",
          "pivot": [
            -15,
            4,
            35
          ],
          "cubes": [
            {
              "origin": [
                -20.5,
                0.0,
                27.0
              ],
              "size": [
                11.0,
                5.0,
                14.0
              ],
              "uv": [
                261,
                132
              ],
              "inflate": 0
            }
          ],
          "parent": "knee_r"
        },
        {
          "name": "rump_l",
          "pivot": [
            14,
            39,
            36
          ],
          "cubes": [
            {
              "origin": [
                9.0,
                20.0,
                26.0
              ],
              "size": [
                12.0,
                32.0,
                19.0
              ],
              "uv": [
                64,
                189
              ],
              "inflate": 0
            }
          ],
          "parent": "root"
        },
        {
          "name": "hip_l",
          "pivot": [
            14,
            20,
            33
          ],
          "cubes": [
            {
              "origin": [
                10.0,
                12.0,
                29.0
              ],
              "size": [
                10.0,
                12.0,
                13.0
              ],
              "uv": [
                83,
                80
              ],
              "inflate": 0
            }
          ],
          "parent": "rump_l"
        },
        {
          "name": "knee_l",
          "pivot": [
            14,
            14,
            37
          ],
          "cubes": [
            {
              "origin": [
                11.0,
                3.0,
                32.0
              ],
              "size": [
                8.0,
                13.0,
                9.0
              ],
              "uv": [
                184,
                52
              ],
              "inflate": 0
            }
          ],
          "parent": "hip_l"
        },
        {
          "name": "ankle_l",
          "pivot": [
            14,
            4,
            36
          ],
          "cubes": [
            {
              "origin": [
                9.5,
                0.0,
                28.0
              ],
              "size": [
                11.0,
                5.0,
                14.0
              ],
              "uv": [
                242,
                113
              ],
              "inflate": 0
            }
          ],
          "parent": "knee_l"
        }
      ]
    }
  ]
}