{
  "format_version": "1.12.0",
  "minecraft:geometry": [
    {
      "description": {
        "identifier": "geometry.md_sucho",
        "texture_width": 256,
        "texture_height": 256,
        "visible_bounds_width": 15,
        "visible_bounds_height": 8.5,
        "visible_bounds_offset": [
          0,
          1.75,
          0
        ]
      },
      "bones": [
        {
          "name": "root",
          "pivot": [
            0,
            48,
            8
          ],
          "cubes": [
            {
              "origin": [
                -9.0,
                39.0,
                -9.0
              ],
              "size": [
                18.0,
                23.0,
                29.0
              ],
              "uv": [
                0,
                0
              ],
              "inflate": 0
            }
          ],
          "locators": {},
          "rotation": [
            10,
            0,
            0
          ]
        },
        {
          "name": "rump_r",
          "pivot": [
            -10,
            48,
            8
          ],
          "cubes": [
            {
              "origin": [
                -13.0,
                32.0,
                2.0
              ],
              "size": [
                6.0,
                26.0,
                12.0
              ],
              "uv": [
                0,
                136
              ],
              "inflate": 0
            }
          ],
          "parent": "root",
          "rotation": [
            -10,
            0,
            0
          ]
        },
        {
          "name": "hip_r",
          "pivot": [
            -10,
            35,
            3
          ],
          "cubes": [
            {
              "origin": [
                -12.5,
                15.0,
                2.0
              ],
              "size": [
                5.0,
                20.0,
                7.0
              ],
              "uv": [
                65,
                0
              ],
              "inflate": 0
            }
          ],
          "parent": "rump_r"
        },
        {
          "name": "knee_r",
          "pivot": [
            -10,
            15,
            8
          ],
          "cubes": [
            {
              "origin": [
                -12.0,
                1.0,
                4.0
              ],
              "size": [
                4.0,
                14.0,
                5.0
              ],
              "uv": [
                50,
                55
              ],
              "inflate": 0
            }
          ],
          "parent": "hip_r"
        },
        {
          "name": "ankle_r",
          "pivot": [
            -10,
            2,
            6.5
          ],
          "cubes": [
            {
              "origin": [
                -12.0,
                0.0,
                4.0
              ],
              "size": [
                4.0,
                2.0,
                5.0
              ],
              "uv": [
                112,
                62
              ],
              "inflate": 0.01
            }
          ],
          "parent": "knee_r"
        },
        {
          "name": "toe0_r",
          "pivot": [
            -8,
            2,
            4
          ],
          "cubes": [
            {
              "origin": [
                -9.0,
                0.0,
                -1.5
              ],
              "size": [
                2.0,
                2.0,
                7.0
              ],
              "uv": [
                102,
                71
              ],
              "inflate": 0
            },
            {
              "origin": [
                -8.0,
                0.0,
                -4.5
              ],
              "size": [
                0.0,
                2.0,
                3.0
              ],
              "uv": [
                50,
                49
              ],
              "inflate": 0
            }
          ],
          "parent": "ankle_r"
        },
        {
          "name": "toe1_r",
          "pivot": [
            -10,
            2,
            4
          ],
          "cubes": [
            {
              "origin": [
                -11.0,
                0.0,
                -2.5
              ],
              "size": [
                2.0,
                2.0,
                7.0
              ],
              "uv": [
                101,
                62
              ],
              "inflate": 0
            },
            {
              "origin": [
                -10.0,
                0.0,
                -5.5
              ],
              "size": [
                0.0,
                2.0,
                3.0
              ],
              "uv": [
                20,
                24
              ],
              "inflate": 0
            }
          ],
          "parent": "ankle_r"
        },
        {
          "name": "toe2_r",
          "pivot": [
            -12,
            2,
            4
          ],
          "cubes": [
            {
              "origin": [
                -13.0,
                0.0,
                -1.5
              ],
              "size": [
                2.0,
                2.0,
                7.0
              ],
              "uv": [
                7,
                101
              ],
              "inflate": 0
            },
            {
              "origin": [
                -12.0,
                0.0,
                -4.5
              ],
              "size": [
                0.0,
                2.0,
                3.0
              ],
              "uv": [
                14,
                24
              ],
              "inflate": 0
            }
          ],
          "parent": "ankle_r"
        },
        {
          "name": "rump_l",
          "pivot": [
            10,
            48,
            8
          ],
          "cubes": [
            {
              "origin": [
                7.0,
                33.0,
                2.0
              ],
              "size": [
                6.0,
                25.0,
                12.0
              ],
              "uv": [
                93,
                144
              ],
              "inflate": 0
            }
          ],
          "parent": "root",
          "rotation": [
            -10,
            0,
            0
          ]
        },
        {
          "name": "hip_l",
          "pivot": [
            10,
            35,
            3
          ],
          "cubes": [
            {
              "origin": [
                7.5,
                15.0,
                2.0
              ],
              "size": [
                5.0,
                20.0,
                7.0
              ],
              "uv": [
                0,
                0
              ],
              "inflate": 0
            }
          ],
          "parent": "rump_l"
        },
        {
          "name": "knee_l",
          "pivot": [
            10,
            15,
            8
          ],
          "cubes": [
            {
              "origin": [
                8.0,
                1.0,
                4.0
              ],
              "size": [
                4.0,
                14.0,
                5.0
              ],
              "uv": [
                0,
                52
              ],
              "inflate": 0
            }
          ],
          "parent": "hip_l"
        },
        {
          "name": "ankle_l",
          "pivot": [
            10,
            2,
            6.5
          ],
          "cubes": [
            {
              "origin": [
                8.0,
                0.0,
                4.0
              ],
              "size": [
                4.0,
                2.0,
                5.0
              ],
              "uv": [
                0,
                110
              ],
              "inflate": 0.01
            }
          ],
          "parent": "knee_l"
        },
        {
          "name": "toe0_l",
          "pivot": [
            8,
            2,
            4
          ],
          "cubes": [
            {
              "origin": [
                7.0,
                0.0,
                -1.5
              ],
              "size": [
                2.0,
                2.0,
                7.0
              ],
              "uv": [
                90,
                60
              ],
              "inflate": 0
            },
            {
              "origin": [
                8.0,
                0.0,
                -4.5
              ],
              "size": [
                0.0,
                2.0,
                3.0
              ],
              "uv": [
                8,
                24
              ],
              "inflate": 0
            }
          ],
          "parent": "ankle_l"
        },
        {
          "name": "toe1_l",
          "pivot": [
            10,
            2,
            4
          ],
          "cubes": [
            {
              "origin": [
                9.0,
                0.0,
                -2.5
              ],
              "size": [
                2.0,
                2.0,
                7.0
              ],
              "uv": [
                79,
                62
              ],
              "inflate": 0
            },
            {
              "origin": [
                10.0,
                0.0,
                -5.5
              ],
              "size": [
                0.0,
                2.0,
                3.0
              ],
              "uv": [
                0,
                2
              ],
              "inflate": 0
            }
          ],
          "parent": "ankle_l"
        },
        {
          "name": "toe2_l",
          "pivot": [
            12,
            2,
            4
          ],
          "cubes": [
            {
              "origin": [
                11.0,
                0.0,
                -1.5
              ],
              "size": [
                2.0,
                2.0,
                7.0
              ],
              "uv": [
                68,
                60
              ],
              "inflate": 0
            },
            {
              "origin": [
                12.0,
                0.0,
                -4.5
              ],
              "size": [
                0.0,
                2.0,
                3.0
              ],
              "uv": [
                0,
                0
              ],
              "inflate": 0
            }
          ],
          "parent": "ankle_l"
        },
        {
          "name": "tail0",
          "pivot": [
            0,
            55,
            16
          ],
          "cubes": [
            {
              "origin": [
                -7.0,
                43.0,
                18.0
              ],
              "size": [
                13.0,
                18.0,
                24.0
              ],
              "uv": [
                0,
                52
              ],
              "inflate": 0.01
            }
          ],
          "parent": "root",
          "rotation": [
            5,
            0,
            0
          ]
        },
        {
          "name": "tail1",
          "pivot": [
            0,
            55,
            40
          ],
          "cubes": [
            {
              "origin": [
                -3.5,
                46.0,
                40.0
              ],
              "size": [
                7.0,
                14.0,
                28.0
              ],
              "uv": [
                0,
                94
              ],
              "inflate": 0
            }
          ],
          "parent": "tail0"
        },
        {
          "name": "tail2",
          "pivot": [
            0,
            56,
            61
          ],
          "cubes": [
            {
              "origin": [
                -2.0,
                50.0,
                66.0
              ],
              "size": [
                4.0,
                9.0,
                23.0
              ],
              "uv": [
                106,
                0
              ],
              "inflate": 0
            }
          ],
          "parent": "tail1"
        },
        {
          "name": "tail3",
          "pivot": [
            0,
            56,
            83
          ],
          "cubes": [
            {
              "origin": [
                -3.0,
                52.0,
                89.0
              ],
              "size": [
                2.0,
                6.0,
                22.0
              ],
              "uv": [
                135,
                62
              ],
              "inflate": 0
            }
          ],
          "parent": "tail2"
        },
        {
          "name": "spine0",
          "pivot": [
            0,
            51,
            -9
          ],
          "cubes": [
            {
              "origin": [
                -7.0,
                41.0,
                -26.0
              ],
              "size": [
                14.0,
                21.0,
                21.0
              ],
              "uv": [
                53,
                73
              ],
              "inflate": 0
            }
          ],
          "parent": "root",
          "rotation": [
            -5,
            0,
            0
          ]
        },
        {
          "name": "chest",
          "pivot": [
            0,
            51,
            -21.5
          ],
          "parent": "spine0"
        },
        {
          "name": "neck0",
          "pivot": [
            0,
            53,
            -23
          ],
          "cubes": [
            {
              "origin": [
                -4.0,
                47.0,
                -39.0
              ],
              "size": [
                8.0,
                12.0,
                19.0
              ],
              "uv": [
                51,
                117
              ],
              "inflate": -0.01
            }
          ],
          "parent": "chest",
          "rotation": [
            -15,
            0,
            0
          ]
        },
        {
          "name": "neck1",
          "pivot": [
            0,
            53,
            -35
          ],
          "cubes": [
            {
              "origin": [
                -4.0,
                46.5,
                -50.0
              ],
              "size": [
                8.0,
                11.0,
                14.0
              ],
              "uv": [
                135,
                90
              ],
              "inflate": -0.01
            }
          ],
          "parent": "neck0",
          "rotation": [
            -15,
            0,
            0
          ]
        },
        {
          "name": "head",
          "pivot": [
            0,
            54.5,
            -49.5
          ],
          "cubes": [
            {
              "origin": [
                -4.0,
                47.5,
                -53.5
              ],
              "size": [
                8.0,
                11.0,
                6.0
              ],
              "uv": [
                89,
                0
              ],
              "inflate": 0.01
            },
            {
              "origin": [
                -3.0,
                50.5,
                -84.5
              ],
              "size": [
                6.0,
                8.0,
                31.0
              ],
              "uv": [
                63,
                21
              ],
              "inflate": 0.01
            },
            {
              "origin": [
                -1.0,
                46.5,
                -62.5
              ],
              "size": [
                2.0,
                4.0,
                2.0
              ],
              "pivot": [
                0.0,
                54.5,
                -49.5
              ],
              "rotation": [
                -42.5,
                0.0,
                0.0
              ],
              "uv": [
                16,
                69
              ],
              "inflate": 0
            },
            {
              "origin": [
                -3.0,
                48.5,
                -84.5
              ],
              "size": [
                6.0,
                2.0,
                25.0
              ],
              "uv": [
                147,
                31
              ],
              "inflate": 0
            }
          ],
          "parent": "neck1",
          "locators": {},
          "rotation": [
            35,
            0,
            0
          ]
        },
        {
          "name": "left_horn",
          "pivot": [
            3,
            58.5,
            -53.25
          ],
          "parent": "head"
        },
        {
          "name": "right_horn",
          "pivot": [
            -3,
            58.5,
            -53.25
          ],
          "parent": "head"
        },
        {
          "name": "jaw",
          "pivot": [
            0,
            50.5,
            -52.5
          ],
          "cubes": [
            {
              "origin": [
                -3.0,
                47.5,
                -84.5
              ],
              "size": [
                6.0,
                3.0,
                31.0
              ],
              "uv": [
                92,
                84
              ],
              "inflate": 0
            },
            {
              "origin": [
                3.0,
                50.5,
                -57.5
              ],
              "size": [
                0.0,
                5.0,
                5.0
              ],
              "uv": [
                0,
                66
              ],
              "inflate": 0
            },
            {
              "origin": [
                -3.0,
                50.5,
                -57.5
              ],
              "size": [
                0.0,
                5.0,
                5.0
              ],
              "uv": [
                13,
                47
              ],
              "inflate": 0
            },
            {
              "origin": [
                -2.0,
                50.5,
                -84.5
              ],
              "size": [
                4.0,
                2.0,
                24.0
              ],
              "uv": [
                105,
                118
              ],
              "inflate": 0
            }
          ],
          "parent": "head"
        },
        {
          "name": "shoulder_r",
          "pivot": [
            -8,
            47,
            -21.5
          ],
          "cubes": [
            {
              "origin": [
                -9.0,
                39.0,
                -23.0
              ],
              "size": [
                3.0,
                10.0,
                3.0
              ],
              "uv": [
                86,
                118
              ],
              "inflate": 0
            }
          ],
          "parent": "chest"
        },
        {
          "name": "elbow_r",
          "pivot": [
            -8,
            41,
            -20.5
          ],
          "cubes": [
            {
              "origin": [
                -9.0,
                30.0,
                -22.0
              ],
              "size": [
                3.0,
                11.0,
                3.0
              ],
              "uv": [
                102,
                80
              ],
              "inflate": -0.01
            },
            {
              "origin": [
                -9.0,
                29.0,
                -21.5
              ],
              "size": [
                1.0,
                1.0,
                6.0
              ],
              "pivot": [
                -8.0,
                41.0,
                -20.5
              ],
              "rotation": [
                0.0,
                -7.5,
                0.0
              ],
              "uv": [
                111,
                13
              ],
              "inflate": 0
            },
            {
              "origin": [
                -8.0,
                29.0,
                -21.5
              ],
              "size": [
                1.0,
                1.0,
                6.0
              ],
              "uv": [
                12,
                111
              ],
              "inflate": 0
            },
            {
              "origin": [
                -7.0,
                29.0,
                -18.5
              ],
              "size": [
                1.0,
                2.0,
                7.0
              ],
              "pivot": [
                -8.0,
                41.0,
                -20.5
              ],
              "rotation": [
                -20.03742,
                4.92385,
                -0.87038
              ],
              "uv": [
                106,
                41
              ],
              "inflate": 0
            },
            {
              "origin": [
                -6.0,
                27.0,
                -16.5
              ],
              "size": [
                0.0,
                2.0,
                4.0
              ],
              "uv": [
                0,
                23
              ],
              "inflate": 0
            }
          ],
          "parent": "shoulder_r"
        },
        {
          "name": "wrist_r",
          "pivot": [
            -8,
            36,
            -21
          ],
          "parent": "elbow_r"
        },
        {
          "name": "shoulder_l",
          "pivot": [
            8,
            47,
            -21.5
          ],
          "cubes": [
            {
              "origin": [
                6.0,
                39.0,
                -24.0
              ],
              "size": [
                3.0,
                10.0,
                4.0
              ],
              "uv": [
                0,
                94
              ],
              "inflate": 0
            }
          ],
          "parent": "chest"
        },
        {
          "name": "elbow_l",
          "pivot": [
            8,
            41,
            -20.5
          ],
          "cubes": [
            {
              "origin": [
                6.0,
                31.0,
                -22.0
              ],
              "size": [
                3.0,
                10.0,
                3.0
              ],
              "uv": [
                117,
                0
              ],
              "inflate": -0.01
            },
            {
              "origin": [
                8.0,
                30.0,
                -21.5
              ],
              "size": [
                1.0,
                1.0,
                6.0
              ],
              "pivot": [
                8.0,
                41.0,
                -20.5
              ],
              "rotation": [
                0.0,
                15.0,
                0.0
              ],
              "uv": [
                42,
                109
              ],
              "inflate": 0
            },
            {
              "origin": [
                7.0,
                30.0,
                -21.5
              ],
              "size": [
                1.0,
                1.0,
                6.0
              ],
              "uv": [
                14,
                94
              ],
              "inflate": 0
            },
            {
              "origin": [
                6.0,
                30.0,
                -18.5
              ],
              "size": [
                1.0,
                2.0,
                7.0
              ],
              "pivot": [
                8.0,
                41.0,
                -20.5
              ],
              "rotation": [
                -20.07031,
                -4.69776,
                1.71394
              ],
              "uv": [
                106,
                32
              ],
              "inflate": 0
            },
            {
              "origin": [
                6.0,
                28.0,
                -16.5
              ],
              "size": [
                0.0,
                2.0,
                4.0
              ],
              "uv": [
                17,
                0
              ],
              "inflate": 0
            }
          ],
          "parent": "shoulder_l"
        },
        {
          "name": "wrist_l",
          "pivot": [
            8,
            36,
            -21
          ],
          "parent": "elbow_l"
        }
      ]
    }
  ]
}