{
	"format_version": "1.12.0",
	"minecraft:geometry": [
		{
			"description": {
				"identifier": "geometry.md_scorpius",
				"texture_width": 256,
				"texture_height": 256,
				"visible_bounds_width": 17,
				"visible_bounds_height": 8.5,
				"visible_bounds_offset": [0, 1.75, 0]
			},
			"bones": [
				{
					"name": "root",
					"pivot": [0, 65, 21],
					"cubes": [
						{
							"origin": [-8, 53, 10],
							"size": [16, 20, 20],
							"uv": {
								"north": {"uv": [20, 20], "uv_size": [16, 20]},
								"east": {"uv": [0, 20], "uv_size": [20, 20]},
								"south": {"uv": [56, 20], "uv_size": [16, 20]},
								"west": {"uv": [36, 20], "uv_size": [20, 20]},
								"up": {"uv": [20, 0], "uv_size": [16, 20]},
								"down": {"uv": [36, 20], "uv_size": [16, -20]}
							}
						}
					]
				},
				{
					"name": "spine0",
					"parent": "root",
					"pivot": [0, 65, 11],
					"cubes": [
						{
							"origin": [-7, 53, -7],
							"size": [14, 19, 21],
							"inflate": 0.01,
							"uv": {
								"north": {"uv": [21, 61], "uv_size": [14, 19]},
								"east": {"uv": [0, 61], "uv_size": [21, 19]},
								"south": {"uv": [56, 61], "uv_size": [14, 19]},
								"west": {"uv": [35, 61], "uv_size": [21, 19]},
								"up": {"uv": [21, 40], "uv_size": [14, 21]},
								"down": {"uv": [35, 61], "uv_size": [14, -21]}
							}
						}
					]
				},
				{
					"name": "chest",
					"parent": "spine0",
					"pivot": [0, 65, -3],
					"cubes": [
						{
							"origin": [-8, 53, -19],
							"size": [16, 20, 16],
							"uv": {
								"north": {"uv": [72, 40], "uv_size": [16, 20]},
								"east": {"uv": [56, 40], "uv_size": [16, 20]},
								"south": {"uv": [104, 40], "uv_size": [16, 20]},
								"west": {"uv": [88, 40], "uv_size": [16, 20]},
								"up": {"uv": [72, 24], "uv_size": [16, 16]},
								"down": {"uv": [88, 40], "uv_size": [16, -16]}
							}
						}
					]
				},
				{
					"name": "shoulder_l",
					"parent": "chest",
					"pivot": [9, 62, -11],
					"cubes": [
						{
							"origin": [6, 51, -15],
							"size": [6, 17, 7],
							"uv": {
								"north": {"uv": [164, 59], "uv_size": [6, 17]},
								"east": {"uv": [157, 59], "uv_size": [7, 17]},
								"south": {"uv": [177, 59], "uv_size": [6, 17]},
								"west": {"uv": [170, 59], "uv_size": [7, 17]},
								"up": {"uv": [164, 52], "uv_size": [6, 7]},
								"down": {"uv": [170, 59], "uv_size": [6, -7]}
							}
						}
					]
				},
				{
					"name": "elbow_l",
					"parent": "shoulder_l",
					"pivot": [9, 50, -10],
					"cubes": [
						{
							"origin": [7, 20, -14],
							"size": [4, 31, 5],
							"uv": {
								"north": {"uv": [99, 145], "uv_size": [4, 31]},
								"east": {"uv": [94, 145], "uv_size": [5, 31]},
								"south": {"uv": [108, 145], "uv_size": [4, 31]},
								"west": {"uv": [103, 145], "uv_size": [5, 31]},
								"up": {"uv": [99, 140], "uv_size": [4, 5]},
								"down": {"uv": [103, 145], "uv_size": [4, -5]}
							}
						},
						{
							"origin": [10.5, 24, -27],
							"size": [0, 3, 6],
							"pivot": [9.25, 22.5, -10.25],
							"rotation": [156.0861, -6.11336, -5.27836],
							"uv": {
								"north": {"uv": [6, 40], "uv_size": [0, 3]},
								"east": {"uv": [0, 40], "uv_size": [6, 3]},
								"south": {"uv": [12, 40], "uv_size": [0, 3]},
								"west": {"uv": [6, 40], "uv_size": [6, 3]},
								"up": {"uv": [6, 34], "uv_size": [0, 6]},
								"down": {"uv": [6, 40], "uv_size": [0, -6]}
							}
						},
						{
							"origin": [6, 24, -17],
							"size": [2, 3, 9],
							"pivot": [9.25, 22.5, -10.25],
							"rotation": [150.39568, -35.32403, 10.20438],
							"uv": {
								"north": {"uv": [103, 9], "uv_size": [2, 3]},
								"east": {"uv": [94, 9], "uv_size": [9, 3]},
								"south": {"uv": [114, 9], "uv_size": [2, 3]},
								"west": {"uv": [105, 9], "uv_size": [9, 3]},
								"up": {"uv": [103, 0], "uv_size": [2, 9]},
								"down": {"uv": [105, 9], "uv_size": [2, -9]}
							}
						},
						{
							"origin": [7, 24, -23],
							"size": [0, 3, 6],
							"pivot": [9.25, 22.5, -10.25],
							"rotation": [151.22544, -33.14136, 8.72973],
							"uv": {
								"north": {"uv": [6, 46], "uv_size": [0, 3]},
								"east": {"uv": [0, 46], "uv_size": [6, 3]},
								"south": {"uv": [12, 46], "uv_size": [0, 3]},
								"west": {"uv": [6, 46], "uv_size": [6, 3]},
								"up": {"uv": [6, 40], "uv_size": [0, 6]},
								"down": {"uv": [6, 46], "uv_size": [0, -6]}
							}
						},
						{
							"origin": [7, 24, -21],
							"size": [2, 3, 13],
							"pivot": [9.25, 22.5, -10.25],
							"rotation": [155, -17.5, 0],
							"uv": {
								"north": {"uv": [125, 172], "uv_size": [2, 3]},
								"east": {"uv": [112, 172], "uv_size": [13, 3]},
								"south": {"uv": [140, 172], "uv_size": [2, 3]},
								"west": {"uv": [127, 172], "uv_size": [13, 3]},
								"up": {"uv": [125, 159], "uv_size": [2, 13]},
								"down": {"uv": [127, 172], "uv_size": [2, -13]}
							}
						},
						{
							"origin": [8, 24, -27],
							"size": [0, 3, 6],
							"pivot": [9.25, 22.5, -10.25],
							"rotation": [155, -17.5, 0],
							"uv": {
								"north": {"uv": [6, 43], "uv_size": [0, 3]},
								"east": {"uv": [0, 43], "uv_size": [6, 3]},
								"south": {"uv": [12, 43], "uv_size": [0, 3]},
								"west": {"uv": [6, 43], "uv_size": [6, 3]},
								"up": {"uv": [6, 37], "uv_size": [0, 6]},
								"down": {"uv": [6, 43], "uv_size": [0, -6]}
							}
						},
						{
							"origin": [10.9, 22.6, -17],
							"size": [2, 3, 9],
							"pivot": [9.25, 22.5, -10.25],
							"rotation": [155.40408, 14.44517, -14.49628],
							"uv": {
								"north": {"uv": [90, 20], "uv_size": [2, 3]},
								"east": {"uv": [81, 20], "uv_size": [9, 3]},
								"south": {"uv": [101, 20], "uv_size": [2, 3]},
								"west": {"uv": [92, 20], "uv_size": [9, 3]},
								"up": {"uv": [90, 11], "uv_size": [2, 9]},
								"down": {"uv": [92, 20], "uv_size": [2, -9]}
							}
						},
						{
							"origin": [11.9, 22.6, -23],
							"size": [0, 3, 6],
							"pivot": [9.25, 22.5, -10.25],
							"rotation": [155.40408, 14.44517, -14.49628],
							"uv": {
								"north": {"uv": [6, 16], "uv_size": [0, 3]},
								"east": {"uv": [0, 16], "uv_size": [6, 3]},
								"south": {"uv": [12, 16], "uv_size": [0, 3]},
								"west": {"uv": [6, 16], "uv_size": [6, 3]},
								"up": {"uv": [6, 10], "uv_size": [0, 6]},
								"down": {"uv": [6, 16], "uv_size": [0, -6]}
							}
						},
						{
							"origin": [9.5, 24, -21],
							"size": [2, 3, 13],
							"pivot": [9.25, 22.5, -10.25],
							"rotation": [156.0861, -6.11336, -5.27836],
							"uv": {
								"north": {"uv": [62, 169], "uv_size": [2, 3]},
								"east": {"uv": [49, 169], "uv_size": [13, 3]},
								"south": {"uv": [77, 169], "uv_size": [2, 3]},
								"west": {"uv": [64, 169], "uv_size": [13, 3]},
								"up": {"uv": [62, 156], "uv_size": [2, 13]},
								"down": {"uv": [64, 169], "uv_size": [2, -13]}
							}
						}
					]
				},
				{
					"name": "wrist_l",
					"parent": "elbow_l",
					"pivot": [9, 23, -10],
					"rotation": [67.5, 0, 0]
				},
				{
					"name": "finger0_l",
					"parent": "wrist_l",
					"pivot": [7, 22.5, -10.5]
				},
				{
					"name": "finger1_l",
					"parent": "wrist_l",
					"pivot": [8, 22.5, -10.5]
				},
				{
					"name": "finger2_l",
					"parent": "wrist_l",
					"pivot": [10.5, 22.5, -10.5]
				},
				{
					"name": "finger3_l",
					"parent": "wrist_l",
					"pivot": [11, 22.5, -11],
					"rotation": [0, -22.5, 0]
				},
				{
					"name": "shoulder_r",
					"parent": "chest",
					"pivot": [-9, 62, -11],
					"cubes": [
						{
							"origin": [-12, 51, -15],
							"size": [6, 17, 7],
							"uv": {
								"north": {"uv": [160, 116], "uv_size": [6, 17]},
								"east": {"uv": [153, 116], "uv_size": [7, 17]},
								"south": {"uv": [173, 116], "uv_size": [6, 17]},
								"west": {"uv": [166, 116], "uv_size": [7, 17]},
								"up": {"uv": [160, 109], "uv_size": [6, 7]},
								"down": {"uv": [166, 116], "uv_size": [6, -7]}
							}
						}
					]
				},
				{
					"name": "elbow_r",
					"parent": "shoulder_r",
					"pivot": [-9, 50, -10],
					"cubes": [
						{
							"origin": [-11, 21, -14],
							"size": [4, 30, 4],
							"uv": {
								"north": {"uv": [162, 4], "uv_size": [4, 30]},
								"east": {"uv": [158, 4], "uv_size": [4, 30]},
								"south": {"uv": [170, 4], "uv_size": [4, 30]},
								"west": {"uv": [166, 4], "uv_size": [4, 30]},
								"up": {"uv": [162, 0], "uv_size": [4, 4]},
								"down": {"uv": [166, 4], "uv_size": [4, -4]}
							}
						},
						{
							"origin": [-11.2942, 20.75, -25.55372],
							"size": [2, 3, 9],
							"pivot": [-7.53677, 21.875, -14.3255],
							"rotation": [166.99969, -1.24928, 26.27423],
							"uv": {
								"north": {"uv": [174, 144], "uv_size": [2, 3]},
								"east": {"uv": [163, 144], "uv_size": [11, 3]},
								"south": {"uv": [187, 144], "uv_size": [2, 3]},
								"west": {"uv": [176, 144], "uv_size": [11, 3]},
								"up": {"uv": [174, 133], "uv_size": [2, 11]},
								"down": {"uv": [176, 144], "uv_size": [2, -11]}
							}
						},
						{
							"origin": [-10.2942, 20.75, -31.55372],
							"size": [0, 3, 6],
							"pivot": [-7.53677, 21.875, -14.3255],
							"rotation": [166.99969, -1.24928, 26.27423],
							"uv": {
								"north": {"uv": [174, 144], "uv_size": [2, 3]},
								"east": {"uv": [163, 144], "uv_size": [11, 3]},
								"south": {"uv": [187, 144], "uv_size": [2, 3]},
								"west": {"uv": [176, 144], "uv_size": [11, 3]},
								"up": {"uv": [174, 133], "uv_size": [2, 11]},
								"down": {"uv": [176, 144], "uv_size": [2, -11]}
							}
						},
						{
							"origin": [-10.51092, 20, -30.52342],
							"size": [0, 3, 6],
							"pivot": [-7.53677, 21.875, -14.3255],
							"rotation": [165.85003, 23.07455, 20.3428],
							"uv": {
								"north": {"uv": [6, 43], "uv_size": [0, 3]},
								"east": {"uv": [0, 43], "uv_size": [6, 3]},
								"south": {"uv": [12, 43], "uv_size": [0, 3]},
								"west": {"uv": [6, 43], "uv_size": [6, 3]},
								"up": {"uv": [6, 37], "uv_size": [0, 6]},
								"down": {"uv": [6, 43], "uv_size": [0, -6]}
							}
						},
						{
							"origin": [-10.76279, 20, -24.9397],
							"size": [2, 3, 11],
							"pivot": [-7.53677, 21.875, -14.3255],
							"rotation": [166.09321, 20.64909, 20.99571],
							"uv": {
								"north": {"uv": [175, 158], "uv_size": [2, 3]},
								"east": {"uv": [164, 158], "uv_size": [11, 3]},
								"south": {"uv": [188, 158], "uv_size": [2, 3]},
								"west": {"uv": [177, 158], "uv_size": [11, 3]},
								"up": {"uv": [175, 147], "uv_size": [2, 11]},
								"down": {"uv": [177, 158], "uv_size": [2, -11]}
							}
						},
						{
							"origin": [-8.70025, 20, -27.44175],
							"size": [0, 3, 7],
							"pivot": [-7.53677, 21.875, -14.3255],
							"rotation": [157.45619, 54.08271, 7.40407],
							"uv": {
								"north": {"uv": [7, 7], "uv_size": [2, 3]},
								"east": {"uv": [0, 7], "uv_size": [7, 3]},
								"south": {"uv": [16, 7], "uv_size": [2, 3]},
								"west": {"uv": [9, 7], "uv_size": [7, 3]},
								"up": {"uv": [7, 0], "uv_size": [2, 7]},
								"down": {"uv": [9, 7], "uv_size": [2, -7]}
							}
						},
						{
							"origin": [-9.78416, 20, -22.36344],
							"size": [2, 3, 7],
							"pivot": [-7.53677, 21.875, -14.3255],
							"rotation": [158.69178, 51.76335, 8.95242],
							"uv": {
								"north": {"uv": [7, 7], "uv_size": [2, 3]},
								"east": {"uv": [0, 7], "uv_size": [7, 3]},
								"south": {"uv": [16, 7], "uv_size": [2, 3]},
								"west": {"uv": [9, 7], "uv_size": [7, 3]},
								"up": {"uv": [7, 0], "uv_size": [2, 7]},
								"down": {"uv": [9, 7], "uv_size": [2, -7]}
							}
						}
					]
				},
				{
					"name": "wrist_r",
					"parent": "elbow_r",
					"pivot": [-9, 23, -10]
				},
				{
					"name": "finger0_r",
					"parent": "wrist_r",
					"pivot": [-8.25, 22.5, -11.25],
					"rotation": [90, 0, -22.5]
				},
				{
					"name": "finger1_r",
					"parent": "wrist_r",
					"pivot": [-8, 22.5, -10.5],
					"rotation": [90, 0, 0]
				},
				{
					"name": "finger2_r",
					"parent": "wrist_r",
					"pivot": [-9, 23.25, -10.5],
					"rotation": [90, 0, 22.5]
				},
				{
					"name": "finger3_r",
					"parent": "wrist_r",
					"pivot": [-9.75, 23.25, -11],
					"rotation": [90, 0, 0]
				},
				{
					"name": "neck0",
					"parent": "chest",
					"pivot": [0, 65, -16.5],
					"cubes": [
						{
							"origin": [-4, 59, -37.5],
							"size": [8, 12, 22],
							"inflate": 0.01,
							"uv": {
								"north": {"uv": [112, 92], "uv_size": [8, 12]},
								"east": {"uv": [90, 92], "uv_size": [22, 12]},
								"south": {"uv": [142, 92], "uv_size": [8, 12]},
								"west": {"uv": [120, 92], "uv_size": [22, 12]},
								"up": {"uv": [112, 70], "uv_size": [8, 22]},
								"down": {"uv": [120, 92], "uv_size": [8, -22]}
							}
						}
					]
				},
				{
					"name": "neck1",
					"parent": "neck0",
					"pivot": [0, 64.5, -36],
					"cubes": [
						{
							"origin": [-4, 60, -50.5],
							"size": [8, 11, 17],
							"uv": {
								"north": {"uv": [69, 127], "uv_size": [8, 11]},
								"east": {"uv": [52, 127], "uv_size": [17, 11]},
								"south": {"uv": [94, 127], "uv_size": [8, 11]},
								"west": {"uv": [77, 127], "uv_size": [17, 11]},
								"up": {"uv": [69, 110], "uv_size": [8, 17]},
								"down": {"uv": [77, 127], "uv_size": [8, -17]}
							}
						},
						{
							"origin": [0, 71, -54.5],
							"size": [0, 7, 15],
							"uv": {
								"north": {"uv": [15, 245], "uv_size": [0, 7]},
								"east": {"uv": [0, 245], "uv_size": [15, 7]},
								"south": {"uv": [30, 245], "uv_size": [0, 7]},
								"west": {"uv": [15, 245], "uv_size": [15, 7]},
								"up": {"uv": [15, 230], "uv_size": [0, 15]},
								"down": {"uv": [15, 245], "uv_size": [0, -15]}
							}
						},
						{
							"origin": [-3, 71, -54.5],
							"size": [0, 7, 15],
							"uv": {
								"north": {"uv": [230, 249], "uv_size": [0, 7]},
								"east": {"uv": [215, 249], "uv_size": [15, 7]},
								"south": {"uv": [245, 249], "uv_size": [0, 7]},
								"west": {"uv": [230, 249], "uv_size": [15, 7]},
								"up": {"uv": [230, 234], "uv_size": [0, 15]},
								"down": {"uv": [230, 249], "uv_size": [0, -15]}
							}
						},
						{
							"origin": [3, 71, -55.5],
							"size": [0, 7, 16],
							"uv": {
								"north": {"uv": [229, 190], "uv_size": [0, 7]},
								"east": {"uv": [213, 190], "uv_size": [16, 7]},
								"south": {"uv": [245, 190], "uv_size": [0, 7]},
								"west": {"uv": [229, 190], "uv_size": [16, 7]},
								"up": {"uv": [229, 174], "uv_size": [0, 16]},
								"down": {"uv": [229, 190], "uv_size": [0, -16]}
							}
						}
					]
				},
				{
					"name": "head",
					"parent": "neck1",
					"pivot": [0, 68, -48.5],
					"cubes": [
						{
							"origin": [-4.9, 62.9, -54.5],
							"size": [9.8, 12, 8],
							"inflate": 0.01,
							"uv": {
								"north": {"uv": [190, 110], "uv_size": [9, 12]},
								"east": {"uv": [182, 110], "uv_size": [8, 12]},
								"south": {"uv": [207, 110], "uv_size": [9, 12]},
								"west": {"uv": [199, 110], "uv_size": [8, 12]},
								"up": {"uv": [190, 102], "uv_size": [9, 8]},
								"down": {"uv": [199, 110], "uv_size": [9, -8]}
							}
						},
						{
							"origin": [-4.9, 62.5, -60.5],
							"size": [9.8, 12.4, 6],
							"inflate": 0.01,
							"uv": {
								"north": {"uv": [22, 165], "uv_size": [9, 12]},
								"east": {"uv": [16, 165], "uv_size": [6, 12]},
								"south": {"uv": [37, 165], "uv_size": [9, 12]},
								"west": {"uv": [31, 165], "uv_size": [6, 12]},
								"up": {"uv": [22, 159], "uv_size": [9, 6]},
								"down": {"uv": [31, 165], "uv_size": [9, -6]}
							}
						},
						{
							"origin": [-5, 63, -69.5],
							"size": [10, 12, 9],
							"inflate": 0.01,
							"uv": {
								"north": {"uv": [227, 51], "uv_size": [10, 12]},
								"east": {"uv": [218, 51], "uv_size": [9, 12]},
								"south": {"uv": [246, 51], "uv_size": [10, 12]},
								"west": {"uv": [237, 51], "uv_size": [9, 12]},
								"up": {"uv": [227, 42], "uv_size": [10, 9]},
								"down": {"uv": [237, 51], "uv_size": [10, -9]}
							}
						},
						{
							"origin": [-5, 60, -69.5],
							"size": [0, 3, 11],
							"inflate": 0.01,
							"uv": {
								"north": {"uv": [216, 177], "uv_size": [0, 3]},
								"east": {"uv": [205, 177], "uv_size": [11, 3]},
								"south": {"uv": [227, 177], "uv_size": [0, 3]},
								"west": {"uv": [216, 177], "uv_size": [11, 3]},
								"up": {"uv": [216, 166], "uv_size": [0, 11]},
								"down": {"uv": [216, 177], "uv_size": [0, -11]}
							}
						},
						{
							"origin": [5, 60, -69.5],
							"size": [0, 3, 11],
							"inflate": 0.01,
							"uv": {
								"north": {"uv": [217, 172], "uv_size": [0, 3]},
								"east": {"uv": [206, 172], "uv_size": [11, 3]},
								"south": {"uv": [228, 172], "uv_size": [0, 3]},
								"west": {"uv": [217, 172], "uv_size": [11, 3]},
								"up": {"uv": [217, 161], "uv_size": [0, 11]},
								"down": {"uv": [217, 172], "uv_size": [0, -11]}
							}
						}
					]
				},
				{
					"name": "jaw",
					"parent": "head",
					"pivot": [0, 64, -46.5],
					"cubes": [
						{
							"origin": [-5.05, 59, -54.5],
							"size": [10.1, 4, 8],
							"uv": {
								"north": {"uv": [164, 87], "uv_size": [10, 4]},
								"east": {"uv": [156, 87], "uv_size": [8, 4]},
								"south": {"uv": [182, 87], "uv_size": [10, 4]},
								"west": {"uv": [174, 87], "uv_size": [8, 4]},
								"up": {"uv": [164, 79], "uv_size": [10, 8]},
								"down": {"uv": [174, 87], "uv_size": [10, -8]}
							}
						},
						{
							"origin": [-4.75, 59, -60.5],
							"size": [9.5, 3.5, 6],
							"uv": {
								"north": {"uv": [170, 40], "uv_size": [9, 3]},
								"east": {"uv": [164, 40], "uv_size": [6, 3]},
								"south": {"uv": [185, 40], "uv_size": [9, 3]},
								"west": {"uv": [179, 40], "uv_size": [6, 3]},
								"up": {"uv": [170, 34], "uv_size": [9, 6]},
								"down": {"uv": [179, 40], "uv_size": [9, -6]}
							}
						},
						{
							"origin": [-4.75, 59, -69.5],
							"size": [9.5, 4, 9],
							"uv": {
								"north": {"uv": [150, 104], "uv_size": [9, 4]},
								"east": {"uv": [141, 104], "uv_size": [9, 4]},
								"south": {"uv": [168, 104], "uv_size": [9, 4]},
								"west": {"uv": [159, 104], "uv_size": [9, 4]},
								"up": {"uv": [150, 95], "uv_size": [9, 9]},
								"down": {"uv": [159, 104], "uv_size": [9, -9]}
							}
						},
						{
							"origin": [-4.75, 63, -69.5],
							"size": [0, 3, 9],
							"uv": {
								"north": {"uv": [88, 178], "uv_size": [0, 3]},
								"east": {"uv": [79, 178], "uv_size": [9, 3]},
								"south": {"uv": [97, 178], "uv_size": [0, 3]},
								"west": {"uv": [88, 178], "uv_size": [9, 3]},
								"up": {"uv": [88, 169], "uv_size": [0, 9]},
								"down": {"uv": [88, 178], "uv_size": [0, -9]}
							}
						},
						{
							"origin": [4.75, 63, -69.5],
							"size": [0, 3, 9],
							"uv": {
								"north": {"uv": [199, 19], "uv_size": [0, 3]},
								"east": {"uv": [190, 19], "uv_size": [9, 3]},
								"south": {"uv": [208, 19], "uv_size": [0, 3]},
								"west": {"uv": [199, 19], "uv_size": [9, 3]},
								"up": {"uv": [199, 10], "uv_size": [0, 9]},
								"down": {"uv": [199, 19], "uv_size": [0, -9]}
							}
						},
						{
							"origin": [-4.75, 62.5, -58],
							"size": [0, 12, 11],
							"uv": {
								"north": {"uv": [51, 112], "uv_size": [0, 9]},
								"east": {"uv": [40, 112], "uv_size": [11, 9]},
								"south": {"uv": [62, 112], "uv_size": [0, 9]},
								"west": {"uv": [51, 112], "uv_size": [11, 9]},
								"up": {"uv": [51, 101], "uv_size": [0, 11]},
								"down": {"uv": [51, 112], "uv_size": [0, -11]}
							}
						},
						{
							"origin": [4.25, 62.5, -58],
							"size": [0, 12, 11],
							"uv": {
								"north": {"uv": [51, 112], "uv_size": [0, 9]},
								"east": {"uv": [40, 112], "uv_size": [11, 9]},
								"south": {"uv": [62, 112], "uv_size": [0, 9]},
								"west": {"uv": [51, 112], "uv_size": [11, 9]},
								"up": {"uv": [51, 101], "uv_size": [0, 11]},
								"down": {"uv": [51, 112], "uv_size": [0, -11]}
							}
						}
					]
				},
				{
					"name": "eyelids",
					"parent": "head",
					"pivot": [0, 64, -46.5]
				},
				{
					"name": "tail0",
					"parent": "root",
					"pivot": [0, 86, 28],
					"cubes": [
						{
							"origin": [-7, 58, 20],
							"size": [14, 14, 18],
							"uv": {
								"north": {"uv": [12, 124], "uv_size": [14, 14]},
								"east": {"uv": [0, 124], "uv_size": [12, 14]},
								"south": {"uv": [38, 124], "uv_size": [14, 14]},
								"west": {"uv": [26, 124], "uv_size": [12, 14]},
								"up": {"uv": [12, 112], "uv_size": [14, 12]},
								"down": {"uv": [26, 124], "uv_size": [14, -12]}
							}
						}
					]
				},
				{
					"name": "tail1",
					"parent": "tail0",
					"pivot": [0, 86, 37],
					"cubes": [
						{
							"origin": [-6, 59, 28],
							"size": [12, 12, 27],
							"uv": {
								"north": {"uv": [20, 100], "uv_size": [12, 12]},
								"east": {"uv": [0, 100], "uv_size": [20, 12]},
								"south": {"uv": [52, 100], "uv_size": [12, 12]},
								"west": {"uv": [32, 100], "uv_size": [20, 12]},
								"up": {"uv": [20, 80], "uv_size": [12, 20]},
								"down": {"uv": [32, 100], "uv_size": [12, -20]}
							}
						}
					]
				},
				{
					"name": "tail2",
					"parent": "tail1",
					"pivot": [0, 86, 55],
					"cubes": [
						{
							"origin": [-5, 60, 47],
							"size": [10, 10, 27],
							"uv": {
								"north": {"uv": [70, 82], "uv_size": [10, 10]},
								"east": {"uv": [48, 82], "uv_size": [22, 10]},
								"south": {"uv": [102, 82], "uv_size": [10, 10]},
								"west": {"uv": [80, 82], "uv_size": [22, 10]},
								"up": {"uv": [70, 60], "uv_size": [10, 22]},
								"down": {"uv": [80, 82], "uv_size": [10, -22]}
							}
						}
					]
				},
				{
					"name": "tail3",
					"parent": "tail2",
					"pivot": [0, 86, 75],
					"cubes": [
						{
							"origin": [-3, 61, 63],
							"size": [6, 8, 25],
							"uv": {
								"north": {"uv": [120, 60], "uv_size": [6, 8]},
								"east": {"uv": [101, 60], "uv_size": [19, 8]},
								"south": {"uv": [145, 60], "uv_size": [6, 8]},
								"west": {"uv": [126, 60], "uv_size": [19, 8]},
								"up": {"uv": [120, 41], "uv_size": [6, 19]},
								"down": {"uv": [126, 60], "uv_size": [6, -19]}
							}
						},
						{
							"origin": [-2, 61, 83],
							"size": [4, 8, 25],
							"uv": {
								"north": {"uv": [120, 60], "uv_size": [6, 8]},
								"east": {"uv": [101, 60], "uv_size": [19, 8]},
								"south": {"uv": [145, 60], "uv_size": [6, 8]},
								"west": {"uv": [126, 60], "uv_size": [19, 8]},
								"up": {"uv": [120, 41], "uv_size": [6, 19]},
								"down": {"uv": [126, 60], "uv_size": [6, -19]}
							}
						},
						{
							"origin": [-3, 61, 100],
							"size": [6, 8, 24],
							"uv": {
								"north": {"uv": [120, 60], "uv_size": [6, 8]},
								"east": {"uv": [101, 60], "uv_size": [19, 8]},
								"south": {"uv": [145, 60], "uv_size": [6, 8]},
								"west": {"uv": [126, 60], "uv_size": [19, 8]},
								"up": {"uv": [120, 41], "uv_size": [6, 19]},
								"down": {"uv": [126, 60], "uv_size": [6, -19]}
							}
						},
						{
							"origin": [0, 67, 87],
							"size": [0, 13, 35],
							"uv": {
								"north": {"uv": [62, 243], "uv_size": [0, 13]},
								"east": {"uv": [27, 243], "uv_size": [35, 13]},
								"south": {"uv": [97, 243], "uv_size": [0, 13]},
								"west": {"uv": [62, 243], "uv_size": [35, 13]},
								"up": {"uv": [62, 208], "uv_size": [0, 35]},
								"down": {"uv": [62, 243], "uv_size": [0, -35]}
							}
						}
					]
				},
				{
					"name": "tail4",
					"parent": "tail3",
					"pivot": [0, 86, 92]
				},
				{
					"name": "rump_r",
					"parent": "root",
					"pivot": [-10, 65, 20],
					"cubes": [
						{
							"origin": [-14, 47, 14],
							"size": [8, 23, 13],
							"uv": {
								"north": {"uv": [116, 117], "uv_size": [8, 23]},
								"east": {"uv": [103, 117], "uv_size": [13, 23]},
								"south": {"uv": [137, 117], "uv_size": [8, 23]},
								"west": {"uv": [124, 117], "uv_size": [13, 23]},
								"up": {"uv": [116, 104], "uv_size": [8, 13]},
								"down": {"uv": [124, 117], "uv_size": [8, -13]}
							}
						}
					]
				},
				{
					"name": "hip_r",
					"parent": "rump_r",
					"pivot": [-10, 53, 17],
					"cubes": [
						{
							"origin": [-13, 28.5, 14],
							"size": [6, 25, 6],
							"inflate": -0.01,
							"uv": {
								"north": {"uv": [76, 144], "uv_size": [6, 25]},
								"east": {"uv": [70, 144], "uv_size": [6, 25]},
								"south": {"uv": [88, 144], "uv_size": [6, 25]},
								"west": {"uv": [82, 144], "uv_size": [6, 25]},
								"up": {"uv": [76, 138], "uv_size": [6, 6]},
								"down": {"uv": [82, 144], "uv_size": [6, -6]}
							}
						},
						{
							"origin": [-10, 32.5, 20],
							"size": [0, 5, 7],
							"inflate": -0.01,
							"uv": {
								"north": {"uv": [249, 15], "uv_size": [0, 5]},
								"east": {"uv": [242, 15], "uv_size": [7, 5]},
								"south": {"uv": [256, 15], "uv_size": [0, 5]},
								"west": {"uv": [249, 15], "uv_size": [7, 5]},
								"up": {"uv": [249, 8], "uv_size": [0, 7]},
								"down": {"uv": [249, 15], "uv_size": [0, -7]}
							}
						}
					]
				},
				{
					"name": "knee_r",
					"parent": "hip_r",
					"pivot": [-10, 39, 18],
					"cubes": [
						{
							"origin": [-12, 12, 20],
							"size": [4, 25, 4],
							"uv": {
								"north": {"uv": [152, 148], "uv_size": [4, 30]},
								"east": {"uv": [148, 148], "uv_size": [4, 30]},
								"south": {"uv": [160, 148], "uv_size": [4, 30]},
								"west": {"uv": [156, 148], "uv_size": [4, 30]},
								"up": {"uv": [152, 144], "uv_size": [4, 4]},
								"down": {"uv": [156, 148], "uv_size": [4, -4]}
							}
						},
						{
							"origin": [-13, 10, 10],
							"size": [2, 3, 14],
							"pivot": [-10, 6.5, 23],
							"rotation": [18.40659, 12.60837, 8.19252],
							"uv": {
								"north": {"uv": [174, 248], "uv_size": [7, 3]},
								"east": {"uv": [161, 248], "uv_size": [13, 3]},
								"south": {"uv": [194, 248], "uv_size": [7, 3]},
								"west": {"uv": [181, 248], "uv_size": [13, 3]},
								"up": {"uv": [174, 235], "uv_size": [7, 13]},
								"down": {"uv": [181, 248], "uv_size": [7, -13]}
							}
						},
						{
							"origin": [-10, 10, 10],
							"size": [2, 3, 14],
							"pivot": [-10, 6.5, 23],
							"rotation": [22.59907, -4.21541, -2.69136],
							"uv": {
								"north": {"uv": [174, 248], "uv_size": [7, 3]},
								"east": {"uv": [161, 248], "uv_size": [13, 3]},
								"south": {"uv": [194, 248], "uv_size": [7, 3]},
								"west": {"uv": [181, 248], "uv_size": [13, 3]},
								"up": {"uv": [174, 235], "uv_size": [7, 13]},
								"down": {"uv": [181, 248], "uv_size": [7, -13]}
							}
						},
						{
							"origin": [-9, 10, 10],
							"size": [2, 3, 14],
							"pivot": [-10, 6.5, 23],
							"rotation": [39.51738, -36.6102, -28.24912],
							"uv": {
								"north": {"uv": [174, 248], "uv_size": [7, 3]},
								"east": {"uv": [161, 248], "uv_size": [13, 3]},
								"south": {"uv": [194, 248], "uv_size": [7, 3]},
								"west": {"uv": [181, 248], "uv_size": [13, 3]},
								"up": {"uv": [174, 235], "uv_size": [7, 13]},
								"down": {"uv": [181, 248], "uv_size": [7, -13]}
							}
						}
					]
				},
				{
					"name": "ankle_r",
					"parent": "knee_r",
					"pivot": [-10, 25.5, 16.5]
				},
				{
					"name": "rump_l",
					"parent": "root",
					"pivot": [10, 65, 20],
					"cubes": [
						{
							"origin": [6, 47, 14],
							"size": [8, 23, 13],
							"uv": {
								"north": {"uv": [117, 13], "uv_size": [8, 23]},
								"east": {"uv": [104, 13], "uv_size": [13, 23]},
								"south": {"uv": [138, 13], "uv_size": [8, 23]},
								"west": {"uv": [125, 13], "uv_size": [13, 23]},
								"up": {"uv": [117, 0], "uv_size": [8, 13]},
								"down": {"uv": [125, 13], "uv_size": [8, -13]}
							}
						}
					]
				},
				{
					"name": "hip_l",
					"parent": "rump_l",
					"pivot": [10, 53, 17],
					"cubes": [
						{
							"origin": [7, 27.5, 14],
							"size": [6, 23, 6],
							"inflate": -0.01,
							"uv": {
								"north": {"uv": [146, 36], "uv_size": [6, 23]},
								"east": {"uv": [140, 36], "uv_size": [6, 23]},
								"south": {"uv": [158, 36], "uv_size": [6, 23]},
								"west": {"uv": [152, 36], "uv_size": [6, 23]},
								"up": {"uv": [146, 30], "uv_size": [6, 6]},
								"down": {"uv": [152, 36], "uv_size": [6, -6]}
							}
						},
						{
							"origin": [10, 31.5, 20],
							"size": [0, 5, 7],
							"inflate": -0.01,
							"uv": {
								"north": {"uv": [249, 15], "uv_size": [0, 5]},
								"east": {"uv": [242, 15], "uv_size": [7, 5]},
								"south": {"uv": [256, 15], "uv_size": [0, 5]},
								"west": {"uv": [249, 15], "uv_size": [7, 5]},
								"up": {"uv": [249, 8], "uv_size": [0, 7]},
								"down": {"uv": [249, 15], "uv_size": [0, -7]}
							}
						}
					]
				},
				{
					"name": "knee_l",
					"parent": "hip_l",
					"pivot": [10, 36, 18],
					"cubes": [
						{
							"origin": [8, 9, 20],
							"size": [4, 25, 4],
							"uv": {
								"north": {"uv": [4, 152], "uv_size": [4, 31]},
								"east": {"uv": [0, 152], "uv_size": [4, 31]},
								"south": {"uv": [12, 152], "uv_size": [4, 31]},
								"west": {"uv": [8, 152], "uv_size": [4, 31]},
								"up": {"uv": [4, 148], "uv_size": [4, 4]},
								"down": {"uv": [8, 152], "uv_size": [4, -4]}
							}
						},
						{
							"origin": [7, 7, 10],
							"size": [2, 3, 14],
							"pivot": [10, 2.5, 23],
							"rotation": [23.12598, 10.51794, 6.79286],
							"uv": {
								"north": {"uv": [174, 248], "uv_size": [7, 3]},
								"east": {"uv": [161, 248], "uv_size": [13, 3]},
								"south": {"uv": [194, 248], "uv_size": [7, 3]},
								"west": {"uv": [181, 248], "uv_size": [13, 3]},
								"up": {"uv": [174, 235], "uv_size": [7, 13]},
								"down": {"uv": [181, 248], "uv_size": [7, -13]}
							}
						},
						{
							"origin": [10, 7, 10],
							"size": [2, 3, 14],
							"pivot": [10, 2.5, 23],
							"rotation": [25, 0, 0],
							"uv": {
								"north": {"uv": [174, 248], "uv_size": [7, 3]},
								"east": {"uv": [161, 248], "uv_size": [13, 3]},
								"south": {"uv": [194, 248], "uv_size": [7, 3]},
								"west": {"uv": [181, 248], "uv_size": [13, 3]},
								"up": {"uv": [174, 235], "uv_size": [7, 13]},
								"down": {"uv": [181, 248], "uv_size": [7, -13]}
							}
						},
						{
							"origin": [12, 7, 10],
							"size": [2, 3, 14],
							"pivot": [10, 2.5, 23],
							"rotation": [33.83914, -24.94169, -17.23442],
							"uv": {
								"north": {"uv": [174, 248], "uv_size": [7, 3]},
								"east": {"uv": [161, 248], "uv_size": [13, 3]},
								"south": {"uv": [194, 248], "uv_size": [7, 3]},
								"west": {"uv": [181, 248], "uv_size": [13, 3]},
								"up": {"uv": [174, 235], "uv_size": [7, 13]},
								"down": {"uv": [181, 248], "uv_size": [7, -13]}
							}
						}
					]
				},
				{
					"name": "ankle_l",
					"parent": "knee_l",
					"pivot": [10, 22.5, 16.5]
				},
				{
					"name": "toe1_l",
					"parent": "ankle_l",
					"pivot": [10.5, 23, 16.75]
				},
				{
					"name": "toe2_l",
					"parent": "ankle_l",
					"pivot": [13.5, 23, 17.5]
				}
			]
		}
	]
}