{
  "format_version": "1.12.0",
  "minecraft:geometry": [
    {
      "description": {
        "identifier": "geometry.md_smilo",
        "texture_width": 256,
        "texture_height": 256,
        "visible_bounds_width": 13,
        "visible_bounds_height": 7.5,
        "visible_bounds_offset": [
          0,
          1.25,
          0
        ]
      },
      "bones": [
        {
          "name": "root",
          "pivot": [
            0,
            44.5,
            18
          ],
          "cubes": [
            {
              "origin": [
                -8.0,
                33.0,
                8.0
              ],
              "size": [
                16.0,
                22.0,
                15.0
              ],
              "uv": {
                "north": {
                  "uv": [
                    0,
                    42
                  ],
                  "uv_size": [
                    16,
                    22
                  ]
                },
                "east": {
                  "uv": [
                    16,
                    44
                  ],
                  "uv_size": [
                    15,
                    22
                  ]
                },
                "south": {
                  "uv": [
                    40,
                    42
                  ],
                  "uv_size": [
                    16,
                    22
                  ]
                },
                "west": {
                  "uv": [
                    56,
                    42
                  ],
                  "uv_size": [
                    15,
                    22
                  ]
                },
                "up": {
                  "uv": [
                    0,
                    82
                  ],
                  "uv_size": [
                    16,
                    15
                  ]
                },
                "down": {
                  "uv": [
                    30,
                    97
                  ],
                  "uv_size": [
                    16,
                    -15
                  ]
                }
              },
              "inflate": 0
            }
          ],
          "locators": {}
        },
        {
          "name": "spine0",
          "pivot": [
            0,
            46,
            10
          ],
          "cubes": [
            {
              "origin": [
                -7.0,
                34.0,
                -2.0
              ],
              "size": [
                14.0,
                20.0,
                14.0
              ],
              "uv": {
                "north": {
                  "uv": [
                    47,
                    64
                  ],
                  "uv_size": [
                    14,
                    20
                  ]
                },
                "east": {
                  "uv": [
                    61,
                    64
                  ],
                  "uv_size": [
                    14,
                    20
                  ]
                },
                "south": {
                  "uv": [
                    16,
                    66
                  ],
                  "uv_size": [
                    14,
                    20
                  ]
                },
                "west": {
                  "uv": [
                    71,
                    36
                  ],
                  "uv_size": [
                    14,
                    20
                  ]
                },
                "up": {
                  "uv": [
                    101,
                    22
                  ],
                  "uv_size": [
                    14,
                    14
                  ]
                },
                "down": {
                  "uv": [
                    94,
                    117
                  ],
                  "uv_size": [
                    14,
                    -14
                  ]
                }
              },
              "inflate": 0
            }
          ],
          "parent": "root",
          "rotation": [
            -7.5,
            0,
            0
          ]
        },
        {
          "name": "spine1",
          "pivot": [
            0,
            46,
            1
          ],
          "cubes": [
            {
              "origin": [
                -9.0,
                34.0,
                -20.0
              ],
              "size": [
                18.0,
                21.0,
                22.0
              ],
              "uv": {
                "north": {
                  "uv": [
                    40,
                    0
                  ],
                  "uv_size": [
                    18,
                    21
                  ]
                },
                "east": {
                  "uv": [
                    0,
                    0
                  ],
                  "uv_size": [
                    22,
                    21
                  ]
                },
                "south": {
                  "uv": [
                    40,
                    21
                  ],
                  "uv_size": [
                    18,
                    21
                  ]
                },
                "west": {
                  "uv": [
                    0,
                    21
                  ],
                  "uv_size": [
                    22,
                    21
                  ]
                },
                "up": {
                  "uv": [
                    22,
                    0
                  ],
                  "uv_size": [
                    18,
                    22
                  ]
                },
                "down": {
                  "uv": [
                    22,
                    44
                  ],
                  "uv_size": [
                    18,
                    -22
                  ]
                }
              },
              "inflate": 0.01
            }
          ],
          "parent": "spine0"
        },
        {
          "name": "chest",
          "pivot": [
            0,
            42.5,
            -14
          ],
          "parent": "spine1"
        },
        {
          "name": "neck0",
          "pivot": [
            0,
            46.5,
            -19
          ],
          "cubes": [
            {
              "origin": [
                -7.0,
                38.0,
                -32.0
              ],
              "size": [
                14.0,
                15.0,
                16.0
              ],
              "uv": {
                "north": {
                  "uv": [
                    28,
                    97
                  ],
                  "uv_size": [
                    14,
                    15
                  ]
                },
                "east": {
                  "uv": [
                    46,
                    84
                  ],
                  "uv_size": [
                    16,
                    15
                  ]
                },
                "south": {
                  "uv": [
                    97,
                    47
                  ],
                  "uv_size": [
                    14,
                    15
                  ]
                },
                "west": {
                  "uv": [
                    85,
                    32
                  ],
                  "uv_size": [
                    16,
                    15
                  ]
                },
                "up": {
                  "uv": [
                    94,
                    87
                  ],
                  "uv_size": [
                    14,
                    16
                  ]
                },
                "down": {
                  "uv": [
                    0,
                    113
                  ],
                  "uv_size": [
                    14,
                    -16
                  ]
                }
              },
              "inflate": -0.1
            }
          ],
          "parent": "chest",
          "rotation": [
            -15,
            0,
            0
          ]
        },
        {
          "name": "head",
          "pivot": [
            1,
            49.5,
            -42
          ],
          "cubes": [
            {
              "origin": [
                -6.0,
                41.0,
                -53.0
              ],
              "size": [
                12.0,
                8.0,
                12.0
              ],
              "uv": {
                "north": {
                  "uv": [
                    115,
                    10
                  ],
                  "uv_size": [
                    12,
                    8
                  ]
                },
                "east": {
                  "uv": [
                    115,
                    18
                  ],
                  "uv_size": [
                    12,
                    8
                  ]
                },
                "south": {
                  "uv": [
                    115,
                    26
                  ],
                  "uv_size": [
                    12,
                    8
                  ]
                },
                "west": {
                  "uv": [
                    115,
                    74
                  ],
                  "uv_size": [
                    12,
                    8
                  ]
                },
                "up": {
                  "uv": [
                    106,
                    62
                  ],
                  "uv_size": [
                    12,
                    12
                  ]
                },
                "down": {
                  "uv": [
                    72,
                    118
                  ],
                  "uv_size": [
                    12,
                    -12
                  ]
                }
              },
              "inflate": 0.01
            },
            {
              "origin": [
                -8.0,
                35.5,
                -45.0
              ],
              "size": [
                16.0,
                18.0,
                16.0
              ],
              "pivot": [
                1.0,
                49.5,
                -42.0
              ],
              "rotation": [
                -10.0,
                0.0,
                0.0
              ],
              "uv": {
                "north": {
                  "uv": [
                    58,
                    0
                  ],
                  "uv_size": [
                    16,
                    18
                  ]
                },
                "east": {
                  "uv": [
                    58,
                    18
                  ],
                  "uv_size": [
                    16,
                    18
                  ]
                },
                "south": {
                  "uv": [
                    0,
                    64
                  ],
                  "uv_size": [
                    16,
                    18
                  ]
                },
                "west": {
                  "uv": [
                    31,
                    64
                  ],
                  "uv_size": [
                    16,
                    18
                  ]
                },
                "up": {
                  "uv": [
                    74,
                    0
                  ],
                  "uv_size": [
                    16,
                    16
                  ]
                },
                "down": {
                  "uv": [
                    74,
                    32
                  ],
                  "uv_size": [
                    16,
                    -16
                  ]
                }
              },
              "inflate": 0
            },
            {
              "origin": [
                -3.0,
                39.5,
                -49.0
              ],
              "size": [
                5.0,
                3.0,
                2.0
              ],
              "pivot": [
                1.0,
                49.5,
                -42.0
              ],
              "rotation": [
                -47.5,
                0.0,
                0.0
              ],
              "uv": {
                "north": {
                  "uv": [
                    115,
                    111
                  ],
                  "uv_size": [
                    5,
                    3
                  ]
                },
                "east": {
                  "uv": [
                    106,
                    84
                  ],
                  "uv_size": [
                    2,
                    3
                  ]
                },
                "south": {
                  "uv": [
                    58,
                    139
                  ],
                  "uv_size": [
                    5,
                    3
                  ]
                },
                "west": {
                  "uv": [
                    121,
                    57
                  ],
                  "uv_size": [
                    2,
                    3
                  ]
                },
                "up": {
                  "uv": [
                    0,
                    141
                  ],
                  "uv_size": [
                    5,
                    2
                  ]
                },
                "down": {
                  "uv": [
                    141,
                    6
                  ],
                  "uv_size": [
                    5,
                    -2
                  ]
                }
              },
              "inflate": 0
            },
            {
              "origin": [
                -2.0,
                47.5,
                -52.0
              ],
              "size": [
                3.0,
                2.0,
                7.0
              ],
              "uv": {
                "north": {
                  "uv": [
                    42,
                    97
                  ],
                  "uv_size": [
                    3,
                    2
                  ]
                },
                "east": {
                  "uv": [
                    108,
                    20
                  ],
                  "uv_size": [
                    7,
                    2
                  ]
                },
                "south": {
                  "uv": [
                    72,
                    104
                  ],
                  "uv_size": [
                    3,
                    2
                  ]
                },
                "west": {
                  "uv": [
                    111,
                    60
                  ],
                  "uv_size": [
                    7,
                    2
                  ]
                },
                "up": {
                  "uv": [
                    71,
                    56
                  ],
                  "uv_size": [
                    3,
                    7
                  ]
                },
                "down": {
                  "uv": [
                    11,
                    120
                  ],
                  "uv_size": [
                    3,
                    -7
                  ]
                }
              },
              "inflate": 0
            },
            {
              "origin": [
                -7.0,
                52.5,
                -40.0
              ],
              "size": [
                6.0,
                9.0,
                2.0
              ],
              "pivot": [
                1.0,
                49.5,
                -42.0
              ],
              "rotation": [
                10.0,
                0.0,
                -40.0
              ],
              "uv": {
                "north": {
                  "uv": [
                    5,
                    130
                  ],
                  "uv_size": [
                    6,
                    9
                  ]
                },
                "east": {
                  "uv": [
                    28,
                    86
                  ],
                  "uv_size": [
                    2,
                    9
                  ]
                },
                "south": {
                  "uv": [
                    59,
                    130
                  ],
                  "uv_size": [
                    6,
                    9
                  ]
                },
                "west": {
                  "uv": [
                    14,
                    97
                  ],
                  "uv_size": [
                    2,
                    9
                  ]
                },
                "up": {
                  "uv": [
                    16,
                    42
                  ],
                  "uv_size": [
                    6,
                    2
                  ]
                },
                "down": {
                  "uv": [
                    115,
                    36
                  ],
                  "uv_size": [
                    6,
                    -2
                  ]
                }
              },
              "inflate": 0
            },
            {
              "origin": [
                2.0,
                50.5,
                -41.0
              ],
              "size": [
                6.0,
                10.0,
                2.0
              ],
              "pivot": [
                1.0,
                49.5,
                -42.0
              ],
              "rotation": [
                7.43656,
                -0.9762,
                32.43656
              ],
              "uv": {
                "north": {
                  "uv": [
                    127,
                    71
                  ],
                  "uv_size": [
                    6,
                    10
                  ]
                },
                "east": {
                  "uv": [
                    38,
                    44
                  ],
                  "uv_size": [
                    2,
                    10
                  ]
                },
                "south": {
                  "uv": [
                    127,
                    81
                  ],
                  "uv_size": [
                    6,
                    10
                  ]
                },
                "west": {
                  "uv": [
                    38,
                    54
                  ],
                  "uv_size": [
                    2,
                    10
                  ]
                },
                "up": {
                  "uv": [
                    127,
                    32
                  ],
                  "uv_size": [
                    6,
                    2
                  ]
                },
                "down": {
                  "uv": [
                    141,
                    4
                  ],
                  "uv_size": [
                    6,
                    -2
                  ]
                }
              },
              "inflate": 0
            },
            {
              "origin": [
                -6.0,
                36.5,
                -53.0
              ],
              "size": [
                1.0,
                5.0,
                2.0
              ],
              "uv": {
                "north": {
                  "uv": [
                    30,
                    66
                  ],
                  "uv_size": [
                    1,
                    5
                  ]
                },
                "east": {
                  "uv": [
                    99,
                    22
                  ],
                  "uv_size": [
                    2,
                    5
                  ]
                },
                "south": {
                  "uv": [
                    70,
                    36
                  ],
                  "uv_size": [
                    1,
                    5
                  ]
                },
                "west": {
                  "uv": [
                    99,
                    27
                  ],
                  "uv_size": [
                    2,
                    5
                  ]
                },
                "up": {
                  "uv": [
                    74,
                    61
                  ],
                  "uv_size": [
                    1,
                    2
                  ]
                },
                "down": {
                  "uv": [
                    30,
                    82
                  ],
                  "uv_size": [
                    1,
                    -2
                  ]
                }
              },
              "inflate": 0
            },
            {
              "origin": [
                -6.0,
                33.5,
                -52.0
              ],
              "size": [
                1.0,
                4.0,
                1.0
              ],
              "uv": {
                "north": {
                  "uv": [
                    30,
                    76
                  ],
                  "uv_size": [
                    1,
                    4
                  ]
                },
                "east": {
                  "uv": [
                    84,
                    32
                  ],
                  "uv_size": [
                    1,
                    4
                  ]
                },
                "south": {
                  "uv": [
                    74,
                    84
                  ],
                  "uv_size": [
                    1,
                    4
                  ]
                },
                "west": {
                  "uv": [
                    74,
                    88
                  ],
                  "uv_size": [
                    1,
                    4
                  ]
                },
                "up": {
                  "uv": [
                    70,
                    41
                  ],
                  "uv_size": [
                    1,
                    1
                  ]
                },
                "down": {
                  "uv": [
                    71,
                    64
                  ],
                  "uv_size": [
                    1,
                    -1
                  ]
                }
              },
              "inflate": 0
            },
            {
              "origin": [
                5.0,
                36.5,
                -53.0
              ],
              "size": [
                1.0,
                5.0,
                2.0
              ],
              "uv": {
                "north": {
                  "uv": [
                    30,
                    71
                  ],
                  "uv_size": [
                    1,
                    5
                  ]
                },
                "east": {
                  "uv": [
                    60,
                    99
                  ],
                  "uv_size": [
                    2,
                    5
                  ]
                },
                "south": {
                  "uv": [
                    74,
                    56
                  ],
                  "uv_size": [
                    1,
                    5
                  ]
                },
                "west": {
                  "uv": [
                    26,
                    106
                  ],
                  "uv_size": [
                    2,
                    5
                  ]
                },
                "up": {
                  "uv": [
                    46,
                    82
                  ],
                  "uv_size": [
                    1,
                    2
                  ]
                },
                "down": {
                  "uv": [
                    28,
                    97
                  ],
                  "uv_size": [
                    1,
                    -2
                  ]
                }
              },
              "inflate": 0
            },
            {
              "origin": [
                5.0,
                33.5,
                -52.0
              ],
              "size": [
                1.0,
                4.0,
                1.0
              ],
              "uv": {
                "north": {
                  "uv": [
                    74,
                    92
                  ],
                  "uv_size": [
                    1,
                    4
                  ]
                },
                "east": {
                  "uv": [
                    74,
                    96
                  ],
                  "uv_size": [
                    1,
                    4
                  ]
                },
                "south": {
                  "uv": [
                    74,
                    100
                  ],
                  "uv_size": [
                    1,
                    4
                  ]
                },
                "west": {
                  "uv": [
                    84,
                    106
                  ],
                  "uv_size": [
                    1,
                    4
                  ]
                },
                "up": {
                  "uv": [
                    72,
                    63
                  ],
                  "uv_size": [
                    1,
                    1
                  ]
                },
                "down": {
                  "uv": [
                    73,
                    64
                  ],
                  "uv_size": [
                    1,
                    -1
                  ]
                }
              },
              "inflate": 0
            },
            {
              "origin": [
                -5.0,
                39.5,
                -53.0
              ],
              "size": [
                10.0,
                2.0,
                10.0
              ],
              "uv": {
                "north": {
                  "uv": [
                    134,
                    125
                  ],
                  "uv_size": [
                    10,
                    2
                  ]
                },
                "east": {
                  "uv": [
                    136,
                    103
                  ],
                  "uv_size": [
                    10,
                    2
                  ]
                },
                "south": {
                  "uv": [
                    138,
                    74
                  ],
                  "uv_size": [
                    10,
                    2
                  ]
                },
                "west": {
                  "uv": [
                    138,
                    76
                  ],
                  "uv_size": [
                    10,
                    2
                  ]
                },
                "up": {
                  "uv": [
                    101,
                    36
                  ],
                  "uv_size": [
                    10,
                    10
                  ]
                },
                "down": {
                  "uv": [
                    115,
                    10
                  ],
                  "uv_size": [
                    10,
                    -10
                  ]
                }
              },
              "inflate": 0
            },
            {
              "origin": [
                -15.0,
                46.5,
                -43.0
              ],
              "size": [
                9.0,
                6.0,
                8.0
              ],
              "pivot": [
                1.0,
                49.5,
                -42.0
              ],
              "rotation": [
                -3.28396,
                -12.06754,
                -49.65279
              ],
              "uv": {
                "north": {
                  "uv": [
                    90,
                    26
                  ],
                  "uv_size": [
                    9,
                    6
                  ]
                },
                "east": {
                  "uv": [
                    131,
                    57
                  ],
                  "uv_size": [
                    8,
                    6
                  ]
                },
                "south": {
                  "uv": [
                    65,
                    130
                  ],
                  "uv_size": [
                    9,
                    6
                  ]
                },
                "west": {
                  "uv": [
                    47,
                    132
                  ],
                  "uv_size": [
                    8,
                    6
                  ]
                },
                "up": {
                  "uv": [
                    120,
                    111
                  ],
                  "uv_size": [
                    9,
                    8
                  ]
                },
                "down": {
                  "uv": [
                    120,
                    127
                  ],
                  "uv_size": [
                    9,
                    -8
                  ]
                }
              },
              "inflate": 0
            },
            {
              "origin": [
                8.0,
                47.5,
                -44.0
              ],
              "size": [
                8.0,
                5.0,
                8.0
              ],
              "pivot": [
                1.0,
                49.5,
                -42.0
              ],
              "rotation": [
                0.32902,
                7.49282,
                57.52154
              ],
              "uv": {
                "north": {
                  "uv": [
                    133,
                    81
                  ],
                  "uv_size": [
                    8,
                    5
                  ]
                },
                "east": {
                  "uv": [
                    133,
                    86
                  ],
                  "uv_size": [
                    8,
                    5
                  ]
                },
                "south": {
                  "uv": [
                    23,
                    134
                  ],
                  "uv_size": [
                    8,
                    5
                  ]
                },
                "west": {
                  "uv": [
                    31,
                    134
                  ],
                  "uv_size": [
                    8,
                    5
                  ]
                },
                "up": {
                  "uv": [
                    125,
                    0
                  ],
                  "uv_size": [
                    8,
                    8
                  ]
                },
                "down": {
                  "uv": [
                    125,
                    71
                  ],
                  "uv_size": [
                    8,
                    -8
                  ]
                }
              },
              "inflate": 0
            }
          ],
          "parent": "neck0",
          "rotation": [
            35,
            0,
            0
          ]
        },
        {
          "name": "jaw",
          "pivot": [
            0,
            44,
            -42
          ],
          "cubes": [
            {
              "origin": [
                -3.5,
                39.9,
                -53.0
              ],
              "size": [
                7.0,
                2.0,
                7.0
              ],
              "uv": {
                "north": {
                  "uv": [
                    118,
                    72
                  ],
                  "uv_size": [
                    7,
                    2
                  ]
                },
                "east": {
                  "uv": [
                    140,
                    135
                  ],
                  "uv_size": [
                    7,
                    2
                  ]
                },
                "south": {
                  "uv": [
                    140,
                    137
                  ],
                  "uv_size": [
                    7,
                    2
                  ]
                },
                "west": {
                  "uv": [
                    141,
                    0
                  ],
                  "uv_size": [
                    7,
                    2
                  ]
                },
                "up": {
                  "uv": [
                    105,
                    131
                  ],
                  "uv_size": [
                    7,
                    7
                  ]
                },
                "down": {
                  "uv": [
                    112,
                    138
                  ],
                  "uv_size": [
                    7,
                    -7
                  ]
                }
              },
              "inflate": -0.02
            },
            {
              "origin": [
                -5.0,
                37.0,
                -53.0
              ],
              "size": [
                10.0,
                4.0,
                12.0
              ],
              "uv": {
                "north": {
                  "uv": [
                    74,
                    32
                  ],
                  "uv_size": [
                    10,
                    4
                  ]
                },
                "east": {
                  "uv": [
                    132,
                    127
                  ],
                  "uv_size": [
                    12,
                    4
                  ]
                },
                "south": {
                  "uv": [
                    90,
                    134
                  ],
                  "uv_size": [
                    10,
                    4
                  ]
                },
                "west": {
                  "uv": [
                    132,
                    131
                  ],
                  "uv_size": [
                    12,
                    4
                  ]
                },
                "up": {
                  "uv": [
                    111,
                    36
                  ],
                  "uv_size": [
                    10,
                    12
                  ]
                },
                "down": {
                  "uv": [
                    111,
                    60
                  ],
                  "uv_size": [
                    10,
                    -12
                  ]
                }
              },
              "inflate": 0.01
            }
          ],
          "parent": "head"
        },
        {
          "name": "eyelids",
          "pivot": [
            0,
            49.5,
            -42
          ],
          "parent": "head"
        },
        {
          "name": "shoulder_l",
          "pivot": [
            9.5,
            46,
            -12
          ],
          "cubes": [
            {
              "origin": [
                6.0,
                30.0,
                -17.0
              ],
              "size": [
                6.0,
                26.0,
                9.0
              ],
              "uv": {
                "north": {
                  "uv": [
                    60,
                    104
                  ],
                  "uv_size": [
                    6,
                    26
                  ]
                },
                "east": {
                  "uv": [
                    85,
                    87
                  ],
                  "uv_size": [
                    9,
                    26
                  ]
                },
                "south": {
                  "uv": [
                    66,
                    104
                  ],
                  "uv_size": [
                    6,
                    26
                  ]
                },
                "west": {
                  "uv": [
                    90,
                    0
                  ],
                  "uv_size": [
                    9,
                    26
                  ]
                },
                "up": {
                  "uv": [
                    84,
                    130
                  ],
                  "uv_size": [
                    6,
                    9
                  ]
                },
                "down": {
                  "uv": [
                    11,
                    140
                  ],
                  "uv_size": [
                    6,
                    -9
                  ]
                }
              },
              "inflate": 0
            }
          ],
          "parent": "chest"
        },
        {
          "name": "elbow_l",
          "pivot": [
            9.5,
            31,
            -10
          ],
          "cubes": [
            {
              "origin": [
                7.0,
                15.0,
                -16.0
              ],
              "size": [
                5.0,
                17.0,
                6.0
              ],
              "uv": {
                "north": {
                  "uv": [
                    115,
                    82
                  ],
                  "uv_size": [
                    5,
                    17
                  ]
                },
                "east": {
                  "uv": [
                    5,
                    113
                  ],
                  "uv_size": [
                    6,
                    17
                  ]
                },
                "south": {
                  "uv": [
                    90,
                    117
                  ],
                  "uv_size": [
                    5,
                    17
                  ]
                },
                "west": {
                  "uv": [
                    84,
                    113
                  ],
                  "uv_size": [
                    6,
                    17
                  ]
                },
                "up": {
                  "uv": [
                    100,
                    134
                  ],
                  "uv_size": [
                    5,
                    6
                  ]
                },
                "down": {
                  "uv": [
                    0,
                    141
                  ],
                  "uv_size": [
                    5,
                    -6
                  ]
                }
              },
              "inflate": 0
            }
          ],
          "parent": "shoulder_l"
        },
        {
          "name": "wrist_l",
          "pivot": [
            9.5,
            16,
            -13
          ],
          "cubes": [
            {
              "origin": [
                6.0,
                13.0,
                -18.0
              ],
              "size": [
                8.0,
                5.0,
                8.0
              ],
              "uv": {
                "north": {
                  "uv": [
                    134,
                    105
                  ],
                  "uv_size": [
                    8,
                    5
                  ]
                },
                "east": {
                  "uv": [
                    134,
                    110
                  ],
                  "uv_size": [
                    8,
                    5
                  ]
                },
                "south": {
                  "uv": [
                    134,
                    115
                  ],
                  "uv_size": [
                    8,
                    5
                  ]
                },
                "west": {
                  "uv": [
                    134,
                    120
                  ],
                  "uv_size": [
                    8,
                    5
                  ]
                },
                "up": {
                  "uv": [
                    127,
                    8
                  ],
                  "uv_size": [
                    8,
                    8
                  ]
                },
                "down": {
                  "uv": [
                    127,
                    24
                  ],
                  "uv_size": [
                    8,
                    -8
                  ]
                }
              },
              "inflate": 0.01
            }
          ],
          "parent": "elbow_l",
          "rotation": [
            5,
            0,
            0
          ]
        },
        {
          "name": "finger0_l",
          "pivot": [
            7,
            14.5,
            -17.5
          ],
          "cubes": [
            {
              "origin": [
                6.0,
                13.0,
                -22.0
              ],
              "size": [
                2.0,
                5.0,
                4.0
              ],
              "uv": {
                "north": {
                  "uv": [
                    106,
                    74
                  ],
                  "uv_size": [
                    2,
                    5
                  ]
                },
                "east": {
                  "uv": [
                    121,
                    52
                  ],
                  "uv_size": [
                    4,
                    5
                  ]
                },
                "south": {
                  "uv": [
                    106,
                    79
                  ],
                  "uv_size": [
                    2,
                    5
                  ]
                },
                "west": {
                  "uv": [
                    55,
                    132
                  ],
                  "uv_size": [
                    4,
                    5
                  ]
                },
                "up": {
                  "uv": [
                    90,
                    113
                  ],
                  "uv_size": [
                    2,
                    4
                  ]
                },
                "down": {
                  "uv": [
                    92,
                    117
                  ],
                  "uv_size": [
                    2,
                    -4
                  ]
                }
              },
              "inflate": 0
            }
          ],
          "parent": "wrist_l"
        },
        {
          "name": "finger1_l",
          "pivot": [
            10,
            14.5,
            -17.5
          ],
          "cubes": [
            {
              "origin": [
                9.0,
                13.0,
                -22.0
              ],
              "size": [
                2.0,
                5.0,
                4.0
              ],
              "uv": {
                "north": {
                  "uv": [
                    105,
                    117
                  ],
                  "uv_size": [
                    2,
                    5
                  ]
                },
                "east": {
                  "uv": [
                    90,
                    138
                  ],
                  "uv_size": [
                    4,
                    5
                  ]
                },
                "south": {
                  "uv": [
                    11,
                    120
                  ],
                  "uv_size": [
                    2,
                    5
                  ]
                },
                "west": {
                  "uv": [
                    94,
                    138
                  ],
                  "uv_size": [
                    4,
                    5
                  ]
                },
                "up": {
                  "uv": [
                    127,
                    48
                  ],
                  "uv_size": [
                    2,
                    4
                  ]
                },
                "down": {
                  "uv": [
                    105,
                    131
                  ],
                  "uv_size": [
                    2,
                    -4
                  ]
                }
              },
              "inflate": 0
            }
          ],
          "parent": "wrist_l"
        },
        {
          "name": "finger2_l",
          "pivot": [
            13,
            14.5,
            -17.5
          ],
          "cubes": [
            {
              "origin": [
                12.0,
                13.0,
                -22.0
              ],
              "size": [
                2.0,
                5.0,
                4.0
              ],
              "uv": {
                "north": {
                  "uv": [
                    120,
                    94
                  ],
                  "uv_size": [
                    2,
                    5
                  ]
                },
                "east": {
                  "uv": [
                    105,
                    138
                  ],
                  "uv_size": [
                    4,
                    5
                  ]
                },
                "south": {
                  "uv": [
                    105,
                    122
                  ],
                  "uv_size": [
                    2,
                    5
                  ]
                },
                "west": {
                  "uv": [
                    109,
                    138
                  ],
                  "uv_size": [
                    4,
                    5
                  ]
                },
                "up": {
                  "uv": [
                    129,
                    48
                  ],
                  "uv_size": [
                    2,
                    4
                  ]
                },
                "down": {
                  "uv": [
                    55,
                    146
                  ],
                  "uv_size": [
                    2,
                    -4
                  ]
                }
              },
              "inflate": 0
            }
          ],
          "parent": "wrist_l"
        },
        {
          "name": "shoulder_r",
          "pivot": [
            -10.5,
            46,
            -12
          ],
          "cubes": [
            {
              "origin": [
                -13.0,
                30.0,
                -18.0
              ],
              "size": [
                6.0,
                25.0,
                10.0
              ],
              "uv": {
                "north": {
                  "uv": [
                    14,
                    106
                  ],
                  "uv_size": [
                    6,
                    25
                  ]
                },
                "east": {
                  "uv": [
                    75,
                    56
                  ],
                  "uv_size": [
                    10,
                    25
                  ]
                },
                "south": {
                  "uv": [
                    20,
                    106
                  ],
                  "uv_size": [
                    6,
                    25
                  ]
                },
                "west": {
                  "uv": [
                    75,
                    81
                  ],
                  "uv_size": [
                    10,
                    25
                  ]
                },
                "up": {
                  "uv": [
                    120,
                    127
                  ],
                  "uv_size": [
                    6,
                    10
                  ]
                },
                "down": {
                  "uv": [
                    126,
                    137
                  ],
                  "uv_size": [
                    6,
                    -10
                  ]
                }
              },
              "inflate": 0
            }
          ],
          "parent": "chest",
          "rotation": [
            7.5,
            0,
            0
          ]
        },
        {
          "name": "elbow_r",
          "pivot": [
            -10.5,
            31,
            -10
          ],
          "cubes": [
            {
              "origin": [
                -13.0,
                15.0,
                -16.0
              ],
              "size": [
                5.0,
                17.0,
                6.0
              ],
              "uv": {
                "north": {
                  "uv": [
                    95,
                    117
                  ],
                  "uv_size": [
                    5,
                    17
                  ]
                },
                "east": {
                  "uv": [
                    108,
                    114
                  ],
                  "uv_size": [
                    6,
                    17
                  ]
                },
                "south": {
                  "uv": [
                    100,
                    117
                  ],
                  "uv_size": [
                    5,
                    17
                  ]
                },
                "west": {
                  "uv": [
                    114,
                    114
                  ],
                  "uv_size": [
                    6,
                    17
                  ]
                },
                "up": {
                  "uv": [
                    136,
                    91
                  ],
                  "uv_size": [
                    5,
                    6
                  ]
                },
                "down": {
                  "uv": [
                    136,
                    103
                  ],
                  "uv_size": [
                    5,
                    -6
                  ]
                }
              },
              "inflate": 0
            }
          ],
          "parent": "shoulder_r"
        },
        {
          "name": "wrist_r",
          "pivot": [
            -10.5,
            16,
            -13
          ],
          "cubes": [
            {
              "origin": [
                -15.0,
                13.0,
                -18.0
              ],
              "size": [
                8.0,
                5.0,
                8.0
              ],
              "uv": {
                "north": {
                  "uv": [
                    135,
                    6
                  ],
                  "uv_size": [
                    8,
                    5
                  ]
                },
                "east": {
                  "uv": [
                    135,
                    11
                  ],
                  "uv_size": [
                    8,
                    5
                  ]
                },
                "south": {
                  "uv": [
                    135,
                    16
                  ],
                  "uv_size": [
                    8,
                    5
                  ]
                },
                "west": {
                  "uv": [
                    135,
                    21
                  ],
                  "uv_size": [
                    8,
                    5
                  ]
                },
                "up": {
                  "uv": [
                    127,
                    24
                  ],
                  "uv_size": [
                    8,
                    8
                  ]
                },
                "down": {
                  "uv": [
                    127,
                    48
                  ],
                  "uv_size": [
                    8,
                    -8
                  ]
                }
              },
              "inflate": 0.01
            }
          ],
          "parent": "elbow_r",
          "rotation": [
            2.5,
            0,
            0
          ]
        },
        {
          "name": "finger0_r",
          "pivot": [
            -8,
            14.5,
            -17.5
          ],
          "cubes": [
            {
              "origin": [
                -9.0,
                13.0,
                -22.0
              ],
              "size": [
                2.0,
                5.0,
                4.0
              ],
              "uv": {
                "north": {
                  "uv": [
                    11,
                    125
                  ],
                  "uv_size": [
                    2,
                    5
                  ]
                },
                "east": {
                  "uv": [
                    113,
                    138
                  ],
                  "uv_size": [
                    4,
                    5
                  ]
                },
                "south": {
                  "uv": [
                    39,
                    134
                  ],
                  "uv_size": [
                    2,
                    5
                  ]
                },
                "west": {
                  "uv": [
                    5,
                    139
                  ],
                  "uv_size": [
                    4,
                    5
                  ]
                },
                "up": {
                  "uv": [
                    57,
                    142
                  ],
                  "uv_size": [
                    2,
                    4
                  ]
                },
                "down": {
                  "uv": [
                    59,
                    146
                  ],
                  "uv_size": [
                    2,
                    -4
                  ]
                }
              },
              "inflate": 0
            }
          ],
          "parent": "wrist_r"
        },
        {
          "name": "finger1_r",
          "pivot": [
            -11,
            14.5,
            -17.5
          ],
          "cubes": [
            {
              "origin": [
                -12.0,
                13.0,
                -22.0
              ],
              "size": [
                2.0,
                5.0,
                4.0
              ],
              "uv": {
                "north": {
                  "uv": [
                    117,
                    138
                  ],
                  "uv_size": [
                    2,
                    5
                  ]
                },
                "east": {
                  "uv": [
                    23,
                    139
                  ],
                  "uv_size": [
                    4,
                    5
                  ]
                },
                "south": {
                  "uv": [
                    39,
                    139
                  ],
                  "uv_size": [
                    2,
                    5
                  ]
                },
                "west": {
                  "uv": [
                    27,
                    139
                  ],
                  "uv_size": [
                    4,
                    5
                  ]
                },
                "up": {
                  "uv": [
                    61,
                    142
                  ],
                  "uv_size": [
                    2,
                    4
                  ]
                },
                "down": {
                  "uv": [
                    73,
                    146
                  ],
                  "uv_size": [
                    2,
                    -4
                  ]
                }
              },
              "inflate": 0
            }
          ],
          "parent": "wrist_r"
        },
        {
          "name": "finger2_r",
          "pivot": [
            -14,
            14.5,
            -17.5
          ],
          "cubes": [
            {
              "origin": [
                -15.0,
                13.0,
                -22.0
              ],
              "size": [
                2.0,
                5.0,
                4.0
              ],
              "uv": {
                "north": {
                  "uv": [
                    19,
                    140
                  ],
                  "uv_size": [
                    2,
                    5
                  ]
                },
                "east": {
                  "uv": [
                    31,
                    139
                  ],
                  "uv_size": [
                    4,
                    5
                  ]
                },
                "south": {
                  "uv": [
                    21,
                    140
                  ],
                  "uv_size": [
                    2,
                    5
                  ]
                },
                "west": {
                  "uv": [
                    35,
                    139
                  ],
                  "uv_size": [
                    4,
                    5
                  ]
                },
                "up": {
                  "uv": [
                    75,
                    142
                  ],
                  "uv_size": [
                    2,
                    4
                  ]
                },
                "down": {
                  "uv": [
                    83,
                    146
                  ],
                  "uv_size": [
                    2,
                    -4
                  ]
                }
              },
              "inflate": 0
            }
          ],
          "parent": "wrist_r"
        },
        {
          "name": "rump_l",
          "pivot": [
            9.5,
            47,
            16
          ],
          "cubes": [
            {
              "origin": [
                6.0,
                32.0,
                10.0
              ],
              "size": [
                7.0,
                20.0,
                12.0
              ],
              "uv": {
                "north": {
                  "uv": [
                    31,
                    44
                  ],
                  "uv_size": [
                    7,
                    20
                  ]
                },
                "east": {
                  "uv": [
                    62,
                    84
                  ],
                  "uv_size": [
                    12,
                    20
                  ]
                },
                "south": {
                  "uv": [
                    108,
                    0
                  ],
                  "uv_size": [
                    7,
                    20
                  ]
                },
                "west": {
                  "uv": [
                    85,
                    47
                  ],
                  "uv_size": [
                    12,
                    20
                  ]
                },
                "up": {
                  "uv": [
                    115,
                    99
                  ],
                  "uv_size": [
                    7,
                    12
                  ]
                },
                "down": {
                  "uv": [
                    118,
                    72
                  ],
                  "uv_size": [
                    7,
                    -12
                  ]
                }
              },
              "inflate": 0
            }
          ],
          "parent": "root"
        },
        {
          "name": "hip_l",
          "pivot": [
            9.5,
            34,
            13
          ],
          "cubes": [
            {
              "origin": [
                7.0,
                12.0,
                11.0
              ],
              "size": [
                5.0,
                22.0,
                9.0
              ],
              "uv": {
                "north": {
                  "uv": [
                    26,
                    112
                  ],
                  "uv_size": [
                    5,
                    22
                  ]
                },
                "east": {
                  "uv": [
                    97,
                    62
                  ],
                  "uv_size": [
                    9,
                    22
                  ]
                },
                "south": {
                  "uv": [
                    31,
                    112
                  ],
                  "uv_size": [
                    5,
                    22
                  ]
                },
                "west": {
                  "uv": [
                    99,
                    0
                  ],
                  "uv_size": [
                    9,
                    22
                  ]
                },
                "up": {
                  "uv": [
                    74,
                    130
                  ],
                  "uv_size": [
                    5,
                    9
                  ]
                },
                "down": {
                  "uv": [
                    41,
                    142
                  ],
                  "uv_size": [
                    5,
                    -9
                  ]
                }
              },
              "inflate": 0
            }
          ],
          "parent": "rump_l"
        },
        {
          "name": "knee_l",
          "pivot": [
            9.5,
            13,
            17
          ],
          "cubes": [
            {
              "origin": [
                7.0,
                2.0,
                15.0
              ],
              "size": [
                5.0,
                11.0,
                6.0
              ],
              "uv": {
                "north": {
                  "uv": [
                    79,
                    118
                  ],
                  "uv_size": [
                    5,
                    11
                  ]
                },
                "east": {
                  "uv": [
                    47,
                    121
                  ],
                  "uv_size": [
                    6,
                    11
                  ]
                },
                "south": {
                  "uv": [
                    79,
                    129
                  ],
                  "uv_size": [
                    5,
                    11
                  ]
                },
                "west": {
                  "uv": [
                    53,
                    121
                  ],
                  "uv_size": [
                    6,
                    11
                  ]
                },
                "up": {
                  "uv": [
                    137,
                    46
                  ],
                  "uv_size": [
                    5,
                    6
                  ]
                },
                "down": {
                  "uv": [
                    119,
                    143
                  ],
                  "uv_size": [
                    5,
                    -6
                  ]
                }
              },
              "inflate": -0.01
            }
          ],
          "parent": "hip_l"
        },
        {
          "name": "ankle_l",
          "pivot": [
            9.5,
            4,
            16.5
          ],
          "cubes": [
            {
              "origin": [
                6.0,
                0.0,
                12.0
              ],
              "size": [
                8.0,
                4.0,
                7.0
              ],
              "uv": {
                "north": {
                  "uv": [
                    135,
                    38
                  ],
                  "uv_size": [
                    8,
                    4
                  ]
                },
                "east": {
                  "uv": [
                    137,
                    52
                  ],
                  "uv_size": [
                    7,
                    4
                  ]
                },
                "south": {
                  "uv": [
                    135,
                    42
                  ],
                  "uv_size": [
                    8,
                    4
                  ]
                },
                "west": {
                  "uv": [
                    51,
                    138
                  ],
                  "uv_size": [
                    7,
                    4
                  ]
                },
                "up": {
                  "uv": [
                    128,
                    91
                  ],
                  "uv_size": [
                    8,
                    7
                  ]
                },
                "down": {
                  "uv": [
                    128,
                    105
                  ],
                  "uv_size": [
                    8,
                    -7
                  ]
                }
              },
              "inflate": 0.01
            }
          ],
          "parent": "knee_l"
        },
        {
          "name": "toe0_l",
          "pivot": [
            7,
            1.5,
            14.5
          ],
          "cubes": [
            {
              "origin": [
                6.0,
                0.0,
                10.0
              ],
              "size": [
                2.0,
                3.0,
                5.0
              ],
              "uv": {
                "north": {
                  "uv": [
                    123,
                    57
                  ],
                  "uv_size": [
                    2,
                    3
                  ]
                },
                "east": {
                  "uv": [
                    139,
                    59
                  ],
                  "uv_size": [
                    5,
                    3
                  ]
                },
                "south": {
                  "uv": [
                    125,
                    71
                  ],
                  "uv_size": [
                    2,
                    3
                  ]
                },
                "west": {
                  "uv": [
                    73,
                    139
                  ],
                  "uv_size": [
                    5,
                    3
                  ]
                },
                "up": {
                  "uv": [
                    103,
                    140
                  ],
                  "uv_size": [
                    2,
                    5
                  ]
                },
                "down": {
                  "uv": [
                    141,
                    31
                  ],
                  "uv_size": [
                    2,
                    -5
                  ]
                }
              },
              "inflate": 0
            }
          ],
          "parent": "ankle_l"
        },
        {
          "name": "toe1_l",
          "pivot": [
            10,
            1.5,
            14.5
          ],
          "cubes": [
            {
              "origin": [
                9.0,
                0.0,
                10.0
              ],
              "size": [
                2.0,
                3.0,
                5.0
              ],
              "uv": {
                "north": {
                  "uv": [
                    23,
                    131
                  ],
                  "uv_size": [
                    2,
                    3
                  ]
                },
                "east": {
                  "uv": [
                    84,
                    139
                  ],
                  "uv_size": [
                    5,
                    3
                  ]
                },
                "south": {
                  "uv": [
                    85,
                    142
                  ],
                  "uv_size": [
                    2,
                    3
                  ]
                },
                "west": {
                  "uv": [
                    129,
                    139
                  ],
                  "uv_size": [
                    5,
                    3
                  ]
                },
                "up": {
                  "uv": [
                    141,
                    31
                  ],
                  "uv_size": [
                    2,
                    5
                  ]
                },
                "down": {
                  "uv": [
                    141,
                    86
                  ],
                  "uv_size": [
                    2,
                    -5
                  ]
                }
              },
              "inflate": 0
            }
          ],
          "parent": "ankle_l"
        },
        {
          "name": "toe2_l",
          "pivot": [
            13,
            1.5,
            14.5
          ],
          "cubes": [
            {
              "origin": [
                12.0,
                0.0,
                10.0
              ],
              "size": [
                2.0,
                3.0,
                5.0
              ],
              "uv": {
                "north": {
                  "uv": [
                    87,
                    142
                  ],
                  "uv_size": [
                    2,
                    3
                  ]
                },
                "east": {
                  "uv": [
                    134,
                    139
                  ],
                  "uv_size": [
                    5,
                    3
                  ]
                },
                "south": {
                  "uv": [
                    142,
                    105
                  ],
                  "uv_size": [
                    2,
                    3
                  ]
                },
                "west": {
                  "uv": [
                    139,
                    139
                  ],
                  "uv_size": [
                    5,
                    3
                  ]
                },
                "up": {
                  "uv": [
                    141,
                    86
                  ],
                  "uv_size": [
                    2,
                    5
                  ]
                },
                "down": {
                  "uv": [
                    141,
                    96
                  ],
                  "uv_size": [
                    2,
                    -5
                  ]
                }
              },
              "inflate": 0
            }
          ],
          "parent": "ankle_l"
        },
        {
          "name": "rump_r",
          "pivot": [
            -9.5,
            47,
            16
          ],
          "cubes": [
            {
              "origin": [
                -13.0,
                32.0,
                10.0
              ],
              "size": [
                7.0,
                20.0,
                12.0
              ],
              "uv": {
                "north": {
                  "uv": [
                    108,
                    74
                  ],
                  "uv_size": [
                    7,
                    20
                  ]
                },
                "east": {
                  "uv": [
                    85,
                    67
                  ],
                  "uv_size": [
                    12,
                    20
                  ]
                },
                "south": {
                  "uv": [
                    108,
                    94
                  ],
                  "uv_size": [
                    7,
                    20
                  ]
                },
                "west": {
                  "uv": [
                    16,
                    86
                  ],
                  "uv_size": [
                    12,
                    20
                  ]
                },
                "up": {
                  "uv": [
                    72,
                    118
                  ],
                  "uv_size": [
                    7,
                    12
                  ]
                },
                "down": {
                  "uv": [
                    120,
                    94
                  ],
                  "uv_size": [
                    7,
                    -12
                  ]
                }
              },
              "inflate": 0
            }
          ],
          "parent": "root"
        },
        {
          "name": "hip_r",
          "pivot": [
            -9.5,
            34,
            13
          ],
          "cubes": [
            {
              "origin": [
                -12.0,
                12.0,
                11.0
              ],
              "size": [
                5.0,
                22.0,
                9.0
              ],
              "uv": {
                "north": {
                  "uv": [
                    36,
                    112
                  ],
                  "uv_size": [
                    5,
                    22
                  ]
                },
                "east": {
                  "uv": [
                    42,
                    99
                  ],
                  "uv_size": [
                    9,
                    22
                  ]
                },
                "south": {
                  "uv": [
                    0,
                    113
                  ],
                  "uv_size": [
                    5,
                    22
                  ]
                },
                "west": {
                  "uv": [
                    51,
                    99
                  ],
                  "uv_size": [
                    9,
                    22
                  ]
                },
                "up": {
                  "uv": [
                    133,
                    63
                  ],
                  "uv_size": [
                    5,
                    9
                  ]
                },
                "down": {
                  "uv": [
                    133,
                    81
                  ],
                  "uv_size": [
                    5,
                    -9
                  ]
                }
              },
              "inflate": 0
            }
          ],
          "parent": "rump_r"
        },
        {
          "name": "knee_r",
          "pivot": [
            -9.5,
            13,
            17
          ],
          "cubes": [
            {
              "origin": [
                -12.0,
                2.0,
                15.0
              ],
              "size": [
                5.0,
                11.0,
                6.0
              ],
              "uv": {
                "north": {
                  "uv": [
                    129,
                    105
                  ],
                  "uv_size": [
                    5,
                    11
                  ]
                },
                "east": {
                  "uv": [
                    122,
                    94
                  ],
                  "uv_size": [
                    6,
                    11
                  ]
                },
                "south": {
                  "uv": [
                    129,
                    116
                  ],
                  "uv_size": [
                    5,
                    11
                  ]
                },
                "west": {
                  "uv": [
                    125,
                    52
                  ],
                  "uv_size": [
                    6,
                    11
                  ]
                },
                "up": {
                  "uv": [
                    124,
                    137
                  ],
                  "uv_size": [
                    5,
                    6
                  ]
                },
                "down": {
                  "uv": [
                    46,
                    144
                  ],
                  "uv_size": [
                    5,
                    -6
                  ]
                }
              },
              "inflate": -0.01
            }
          ],
          "parent": "hip_r"
        },
        {
          "name": "ankle_r",
          "pivot": [
            -9.5,
            4,
            16.5
          ],
          "cubes": [
            {
              "origin": [
                -14.0,
                0.0,
                13.0
              ],
              "size": [
                8.0,
                4.0,
                6.0
              ],
              "uv": {
                "north": {
                  "uv": [
                    132,
                    135
                  ],
                  "uv_size": [
                    8,
                    4
                  ]
                },
                "east": {
                  "uv": [
                    138,
                    66
                  ],
                  "uv_size": [
                    6,
                    4
                  ]
                },
                "south": {
                  "uv": [
                    65,
                    136
                  ],
                  "uv_size": [
                    8,
                    4
                  ]
                },
                "west": {
                  "uv": [
                    138,
                    70
                  ],
                  "uv_size": [
                    6,
                    4
                  ]
                },
                "up": {
                  "uv": [
                    133,
                    0
                  ],
                  "uv_size": [
                    8,
                    6
                  ]
                },
                "down": {
                  "uv": [
                    133,
                    38
                  ],
                  "uv_size": [
                    8,
                    -6
                  ]
                }
              },
              "inflate": 0.01
            }
          ],
          "parent": "knee_r"
        },
        {
          "name": "toe0_r",
          "pivot": [
            -7,
            1.5,
            14.5
          ],
          "cubes": [
            {
              "origin": [
                -8.0,
                0.0,
                10.0
              ],
              "size": [
                2.0,
                3.0,
                5.0
              ],
              "uv": {
                "north": {
                  "uv": [
                    142,
                    108
                  ],
                  "uv_size": [
                    2,
                    3
                  ]
                },
                "east": {
                  "uv": [
                    9,
                    140
                  ],
                  "uv_size": [
                    5,
                    3
                  ]
                },
                "south": {
                  "uv": [
                    142,
                    111
                  ],
                  "uv_size": [
                    2,
                    3
                  ]
                },
                "west": {
                  "uv": [
                    14,
                    140
                  ],
                  "uv_size": [
                    5,
                    3
                  ]
                },
                "up": {
                  "uv": [
                    141,
                    96
                  ],
                  "uv_size": [
                    2,
                    5
                  ]
                },
                "down": {
                  "uv": [
                    41,
                    147
                  ],
                  "uv_size": [
                    2,
                    -5
                  ]
                }
              },
              "inflate": 0
            }
          ],
          "parent": "ankle_r"
        },
        {
          "name": "toe1_r",
          "pivot": [
            -10,
            1.5,
            14.5
          ],
          "cubes": [
            {
              "origin": [
                -11.0,
                0.0,
                10.0
              ],
              "size": [
                2.0,
                3.0,
                5.0
              ],
              "uv": {
                "north": {
                  "uv": [
                    142,
                    114
                  ],
                  "uv_size": [
                    2,
                    3
                  ]
                },
                "east": {
                  "uv": [
                    63,
                    140
                  ],
                  "uv_size": [
                    5,
                    3
                  ]
                },
                "south": {
                  "uv": [
                    142,
                    117
                  ],
                  "uv_size": [
                    2,
                    3
                  ]
                },
                "west": {
                  "uv": [
                    68,
                    140
                  ],
                  "uv_size": [
                    5,
                    3
                  ]
                },
                "up": {
                  "uv": [
                    43,
                    142
                  ],
                  "uv_size": [
                    2,
                    5
                  ]
                },
                "down": {
                  "uv": [
                    142,
                    51
                  ],
                  "uv_size": [
                    2,
                    -5
                  ]
                }
              },
              "inflate": 0
            }
          ],
          "parent": "ankle_r"
        },
        {
          "name": "toe2_r",
          "pivot": [
            -13,
            1.5,
            14.5
          ],
          "cubes": [
            {
              "origin": [
                -14.0,
                0.0,
                10.0
              ],
              "size": [
                2.0,
                3.0,
                5.0
              ],
              "uv": {
                "north": {
                  "uv": [
                    142,
                    120
                  ],
                  "uv_size": [
                    2,
                    3
                  ]
                },
                "east": {
                  "uv": [
                    78,
                    140
                  ],
                  "uv_size": [
                    5,
                    3
                  ]
                },
                "south": {
                  "uv": [
                    129,
                    142
                  ],
                  "uv_size": [
                    2,
                    3
                  ]
                },
                "west": {
                  "uv": [
                    98,
                    140
                  ],
                  "uv_size": [
                    5,
                    3
                  ]
                },
                "up": {
                  "uv": [
                    51,
                    142
                  ],
                  "uv_size": [
                    2,
                    5
                  ]
                },
                "down": {
                  "uv": [
                    53,
                    147
                  ],
                  "uv_size": [
                    2,
                    -5
                  ]
                }
              },
              "inflate": 0
            }
          ],
          "parent": "ankle_r"
        },
        {
          "name": "tail0",
          "pivot": [
            0,
            50,
            17
          ],
          "cubes": [
            {
              "origin": [
                -3.0,
                50.0,
                17.0
              ],
              "size": [
                6.0,
                6.0,
                12.0
              ],
              "uv": {
                "north": {
                  "uv": [
                    122,
                    105
                  ],
                  "uv_size": [
                    6,
                    6
                  ]
                },
                "east": {
                  "uv": [
                    58,
                    36
                  ],
                  "uv_size": [
                    12,
                    6
                  ]
                },
                "south": {
                  "uv": [
                    135,
                    26
                  ],
                  "uv_size": [
                    6,
                    6
                  ]
                },
                "west": {
                  "uv": [
                    121,
                    34
                  ],
                  "uv_size": [
                    12,
                    6
                  ]
                },
                "up": {
                  "uv": [
                    121,
                    40
                  ],
                  "uv_size": [
                    6,
                    12
                  ]
                },
                "down": {
                  "uv": [
                    41,
                    133
                  ],
                  "uv_size": [
                    6,
                    -12
                  ]
                }
              },
              "inflate": 0
            }
          ],
          "parent": "root",
          "rotation": [
            -35,
            0,
            0
          ]
        },
        {
          "name": "tail1",
          "pivot": [
            0,
            50,
            30
          ],
          "cubes": [
            {
              "origin": [
                -3.0,
                52.0,
                28.0
              ],
              "size": [
                6.0,
                3.0,
                9.0
              ],
              "uv": {
                "north": {
                  "uv": [
                    138,
                    78
                  ],
                  "uv_size": [
                    6,
                    3
                  ]
                },
                "east": {
                  "uv": [
                    97,
                    84
                  ],
                  "uv_size": [
                    9,
                    3
                  ]
                },
                "south": {
                  "uv": [
                    139,
                    56
                  ],
                  "uv_size": [
                    6,
                    3
                  ]
                },
                "west": {
                  "uv": [
                    138,
                    63
                  ],
                  "uv_size": [
                    9,
                    3
                  ]
                },
                "up": {
                  "uv": [
                    17,
                    131
                  ],
                  "uv_size": [
                    6,
                    9
                  ]
                },
                "down": {
                  "uv": [
                    131,
                    57
                  ],
                  "uv_size": [
                    6,
                    -9
                  ]
                }
              },
              "inflate": 0
            }
          ],
          "parent": "tail0"
        },
        {
          "name": "tail2",
          "pivot": [
            0,
            50,
            44
          ],
          "parent": "tail1"
        },
        {
          "name": "tail3",
          "pivot": [
            0,
            50,
            59
          ],
          "parent": "tail2"
        },
        {
          "name": "tail4",
          "pivot": [
            0,
            50,
            76
          ],
          "parent": "tail3"
        }
      ]
    }
  ]
}