{
  "format_version": "1.12.0",
  "minecraft:geometry": [
    {
      "description": {
        "identifier": "geometry.md_toro",
        "texture_width": 256,
        "texture_height": 256,
        "visible_bounds_width": 14,
        "visible_bounds_height": 6.5,
        "visible_bounds_offset": [
          0,
          0.75,
          0
        ]
      },
      "bones": [
        {
          "name": "root",
          "pivot": [
            0,
            48,
            8
          ],
          "cubes": [
            {
              "origin": [
                -9.0,
                39.0,
                -9.0
              ],
              "size": [
                18.0,
                19.0,
                29.0
              ],
              "uv": [
                0,
                0
              ],
              "inflate": 0
            },
            {
              "origin": [
                0.0,
                58.0,
                6.0
              ],
              "size": [
                0.0,
                2.0,
                14.0
              ],
              "uv": [
                0,
                13
              ],
              "inflate": 0
            },
            {
              "origin": [
                0.0,
                58.0,
                -9.0
              ],
              "size": [
                0.0,
                2.0,
                15.0
              ],
              "uv": [
                65,
                7
              ],
              "inflate": 0
            }
          ],
          "locators": {},
          "rotation": [
            10,
            0,
            0
          ]
        },
        {
          "name": "rump_r",
          "pivot": [
            -10,
            48,
            8
          ],
          "cubes": [
            {
              "origin": [
                -13.0,
                35.0,
                2.0
              ],
              "size": [
                6.0,
                20.0,
                12.0
              ],
              "uv": [
                108,
                0
              ],
              "inflate": 0
            }
          ],
          "parent": "root",
          "rotation": [
            -7.5,
            0,
            0
          ]
        },
        {
          "name": "hip_r",
          "pivot": [
            -10,
            35,
            3
          ],
          "cubes": [
            {
              "origin": [
                -12.5,
                15.0,
                2.0
              ],
              "size": [
                5.0,
                20.0,
                7.0
              ],
              "uv": [
                122,
                107
              ],
              "inflate": 0
            }
          ],
          "parent": "rump_r"
        },
        {
          "name": "knee_r",
          "pivot": [
            -10,
            15,
            8
          ],
          "cubes": [
            {
              "origin": [
                -12.0,
                1.0,
                4.0
              ],
              "size": [
                4.0,
                14.0,
                5.0
              ],
              "uv": [
                31,
                87
              ],
              "inflate": 0
            }
          ],
          "parent": "hip_r"
        },
        {
          "name": "ankle_r",
          "pivot": [
            -10,
            2,
            6.5
          ],
          "cubes": [
            {
              "origin": [
                -12.0,
                0.0,
                4.0
              ],
              "size": [
                4.0,
                2.0,
                5.0
              ],
              "uv": [
                98,
                0
              ],
              "inflate": 0.01
            }
          ],
          "parent": "knee_r"
        },
        {
          "name": "toe0_r",
          "pivot": [
            -8,
            2,
            4
          ],
          "cubes": [
            {
              "origin": [
                -9.0,
                0.0,
                -1.5
              ],
              "size": [
                2.0,
                2.0,
                7.0
              ],
              "uv": [
                87,
                9
              ],
              "inflate": 0
            },
            {
              "origin": [
                -8.0,
                0.0,
                -4.5
              ],
              "size": [
                0.0,
                2.0,
                3.0
              ],
              "uv": [
                65,
                8
              ],
              "inflate": 0
            }
          ],
          "parent": "ankle_r"
        },
        {
          "name": "toe1_r",
          "pivot": [
            -10,
            2,
            4
          ],
          "cubes": [
            {
              "origin": [
                -11.0,
                0.0,
                -2.5
              ],
              "size": [
                2.0,
                2.0,
                7.0
              ],
              "uv": [
                87,
                0
              ],
              "inflate": 0
            },
            {
              "origin": [
                -10.0,
                0.0,
                -5.5
              ],
              "size": [
                0.0,
                2.0,
                3.0
              ],
              "uv": [
                65,
                6
              ],
              "inflate": 0
            }
          ],
          "parent": "ankle_r"
        },
        {
          "name": "toe2_r",
          "pivot": [
            -12,
            2,
            4
          ],
          "cubes": [
            {
              "origin": [
                -13.0,
                0.0,
                -1.5
              ],
              "size": [
                2.0,
                2.0,
                7.0
              ],
              "uv": [
                83,
                57
              ],
              "inflate": 0
            },
            {
              "origin": [
                -12.0,
                0.0,
                -4.5
              ],
              "size": [
                0.0,
                2.0,
                3.0
              ],
              "uv": [
                65,
                2
              ],
              "inflate": 0
            }
          ],
          "parent": "ankle_r"
        },
        {
          "name": "rump_l",
          "pivot": [
            10,
            48,
            8
          ],
          "cubes": [
            {
              "origin": [
                7.0,
                35.0,
                2.0
              ],
              "size": [
                6.0,
                20.0,
                12.0
              ],
              "uv": [
                86,
                104
              ],
              "inflate": 0
            }
          ],
          "parent": "root",
          "rotation": [
            -10,
            0,
            0
          ]
        },
        {
          "name": "hip_l",
          "pivot": [
            10,
            35,
            3
          ],
          "cubes": [
            {
              "origin": [
                7.5,
                15.0,
                2.0
              ],
              "size": [
                5.0,
                20.0,
                7.0
              ],
              "uv": [
                0,
                0
              ],
              "inflate": 0
            }
          ],
          "parent": "rump_l"
        },
        {
          "name": "knee_l",
          "pivot": [
            10,
            15,
            8
          ],
          "cubes": [
            {
              "origin": [
                8.0,
                1.0,
                4.0
              ],
              "size": [
                4.0,
                14.0,
                5.0
              ],
              "uv": [
                0,
                87
              ],
              "inflate": 0
            }
          ],
          "parent": "hip_l"
        },
        {
          "name": "ankle_l",
          "pivot": [
            10,
            2,
            6.5
          ],
          "cubes": [
            {
              "origin": [
                8.0,
                0.0,
                4.0
              ],
              "size": [
                4.0,
                2.0,
                5.0
              ],
              "uv": [
                94,
                57
              ],
              "inflate": 0.01
            }
          ],
          "parent": "knee_l"
        },
        {
          "name": "toe0_l",
          "pivot": [
            8,
            2,
            4
          ],
          "cubes": [
            {
              "origin": [
                7.0,
                0.0,
                -1.5
              ],
              "size": [
                2.0,
                2.0,
                7.0
              ],
              "uv": [
                46,
                65
              ],
              "inflate": 0
            },
            {
              "origin": [
                8.0,
                0.0,
                -4.5
              ],
              "size": [
                0.0,
                2.0,
                3.0
              ],
              "uv": [
                46,
                64
              ],
              "inflate": 0
            }
          ],
          "parent": "ankle_l"
        },
        {
          "name": "toe1_l",
          "pivot": [
            10,
            2,
            4
          ],
          "cubes": [
            {
              "origin": [
                9.0,
                0.0,
                -2.5
              ],
              "size": [
                2.0,
                2.0,
                7.0
              ],
              "uv": [
                65,
                9
              ],
              "inflate": 0
            },
            {
              "origin": [
                10.0,
                0.0,
                -5.5
              ],
              "size": [
                0.0,
                2.0,
                3.0
              ],
              "uv": [
                46,
                62
              ],
              "inflate": 0
            }
          ],
          "parent": "ankle_l"
        },
        {
          "name": "toe2_l",
          "pivot": [
            12,
            2,
            4
          ],
          "cubes": [
            {
              "origin": [
                11.0,
                0.0,
                -1.5
              ],
              "size": [
                2.0,
                2.0,
                7.0
              ],
              "uv": [
                65,
                0
              ],
              "inflate": 0
            },
            {
              "origin": [
                12.0,
                0.0,
                -4.5
              ],
              "size": [
                0.0,
                2.0,
                3.0
              ],
              "uv": [
                0,
                2
              ],
              "inflate": 0
            }
          ],
          "parent": "ankle_l"
        },
        {
          "name": "tail0",
          "pivot": [
            0,
            51,
            16
          ],
          "cubes": [
            {
              "origin": [
                -5.0,
                44.0,
                16.0
              ],
              "size": [
                10.0,
                13.0,
                26.0
              ],
              "uv": [
                0,
                48
              ],
              "inflate": 0.01
            },
            {
              "origin": [
                0.0,
                57.0,
                21.0
              ],
              "size": [
                0.0,
                2.0,
                20.0
              ],
              "uv": [
                46,
                41
              ],
              "inflate": 0
            }
          ],
          "parent": "root",
          "rotation": [
            12.5,
            0,
            0
          ]
        },
        {
          "name": "tail1",
          "pivot": [
            0,
            51,
            40
          ],
          "cubes": [
            {
              "origin": [
                0.0,
                56.0,
                42.0
              ],
              "size": [
                0.0,
                2.0,
                20.0
              ],
              "uv": [
                46,
                39
              ],
              "inflate": 0
            },
            {
              "origin": [
                -3.5,
                47.0,
                40.0
              ],
              "size": [
                7.0,
                9.0,
                22.0
              ],
              "uv": [
                72,
                26
              ],
              "inflate": 0
            }
          ],
          "parent": "tail0"
        },
        {
          "name": "tail2",
          "pivot": [
            0,
            52,
            61
          ],
          "cubes": [
            {
              "origin": [
                -2.0,
                49.0,
                61.0
              ],
              "size": [
                4.0,
                6.0,
                23.0
              ],
              "uv": [
                0,
                87
              ],
              "inflate": 0
            },
            {
              "origin": [
                0.0,
                55.0,
                62.0
              ],
              "size": [
                0.0,
                2.0,
                22.0
              ],
              "uv": [
                46,
                35
              ],
              "inflate": 0
            }
          ],
          "parent": "tail1",
          "rotation": [
            10,
            0,
            0
          ]
        },
        {
          "name": "tail3",
          "pivot": [
            0,
            52,
            83
          ],
          "cubes": [
            {
              "origin": [
                -1.0,
                50.0,
                82.0
              ],
              "size": [
                2.0,
                4.0,
                18.0
              ],
              "uv": [
                65,
                0
              ],
              "inflate": 0
            }
          ],
          "parent": "tail2"
        },
        {
          "name": "spine0",
          "pivot": [
            0,
            48,
            -9
          ],
          "cubes": [
            {
              "origin": [
                -7.0,
                40.0,
                -26.0
              ],
              "size": [
                14.0,
                17.0,
                21.0
              ],
              "uv": [
                51,
                66
              ],
              "inflate": 0
            },
            {
              "origin": [
                0.0,
                57.0,
                -26.0
              ],
              "size": [
                0.0,
                2.0,
                17.0
              ],
              "uv": [
                46,
                46
              ],
              "inflate": 0
            }
          ],
          "parent": "root",
          "rotation": [
            -12.5,
            0,
            0
          ]
        },
        {
          "name": "chest",
          "pivot": [
            0,
            48,
            -21.5
          ],
          "parent": "spine0"
        },
        {
          "name": "neck0",
          "pivot": [
            0,
            50,
            -23
          ],
          "cubes": [
            {
              "origin": [
                -5.0,
                44.0,
                -36.0
              ],
              "size": [
                10.0,
                12.0,
                16.0
              ],
              "uv": [
                100,
                57
              ],
              "inflate": -0.01
            },
            {
              "origin": [
                0.0,
                56.0,
                -36.0
              ],
              "size": [
                0.0,
                2.0,
                8.0
              ],
              "uv": [
                46,
                46
              ],
              "inflate": 0
            }
          ],
          "parent": "chest"
        },
        {
          "name": "neck1",
          "pivot": [
            0,
            50,
            -35
          ],
          "cubes": [
            {
              "origin": [
                -4.0,
                43.5,
                -44.0
              ],
              "size": [
                8.0,
                12.0,
                10.0
              ],
              "uv": [
                0,
                116
              ],
              "inflate": -0.01
            },
            {
              "origin": [
                0.0,
                55.5,
                -42.0
              ],
              "size": [
                0.0,
                2.0,
                6.0
              ],
              "uv": [
                10,
                62
              ],
              "inflate": 0
            }
          ],
          "parent": "neck0",
          "rotation": [
            -20,
            0,
            0
          ]
        },
        {
          "name": "head",
          "pivot": [
            0,
            51.5,
            -41.5
          ],
          "cubes": [
            {
              "origin": [
                0.0,
                59.5,
                -49.0
              ],
              "size": [
                0.0,
                2.0,
                9.0
              ],
              "uv": [
                46,
                43
              ],
              "inflate": 0
            },
            {
              "origin": [
                -4.0,
                44.5,
                -44.5
              ],
              "size": [
                8.0,
                15.0,
                5.0
              ],
              "uv": [
                0,
                48
              ],
              "inflate": 0.01
            },
            {
              "origin": [
                -4.0,
                47.5,
                -60.5
              ],
              "size": [
                8.0,
                12.0,
                16.0
              ],
              "uv": [
                38,
                104
              ],
              "inflate": 0.01
            },
            {
              "origin": [
                -4.0,
                45.5,
                -60.5
              ],
              "size": [
                0.0,
                2.0,
                12.0
              ],
              "uv": [
                46,
                38
              ],
              "inflate": 0
            },
            {
              "origin": [
                4.0,
                45.5,
                -60.5
              ],
              "size": [
                0.0,
                2.0,
                12.0
              ],
              "uv": [
                46,
                36
              ],
              "inflate": 0
            }
          ],
          "parent": "neck1",
          "locators": {},
          "rotation": [
            20,
            0,
            0
          ]
        },
        {
          "name": "eyelids",
          "pivot": [
            0,
            55.5,
            -50
          ],
          "cubes": [
            {
              "origin": [
                4.02,
                54.5,
                -52.0
              ],
              "size": [
                0.0,
                3.0,
                4.0
              ],
              "uv": [
                65,
                20
              ],
              "inflate": 0
            },
            {
              "origin": [
                -4.02,
                54.5,
                -52.0
              ],
              "size": [
                0.0,
                3.0,
                4.0
              ],
              "uv": [
                62,
                50
              ],
              "inflate": 0
            }
          ],
          "parent": "head"
        },
        {
          "name": "left_horn",
          "pivot": [
            3,
            59.5,
            -47.25
          ],
          "cubes": [
            {
              "origin": [
                1.7,
                59.25,
                -49.5
              ],
              "size": [
                2.0,
                3.0,
                3.0
              ],
              "uv": [
                98,
                9
              ],
              "inflate": 0
            },
            {
              "origin": [
                2.2,
                61.25,
                -48.5
              ],
              "size": [
                1.0,
                3.0,
                2.0
              ],
              "uv": [
                65,
                0
              ],
              "inflate": 0
            }
          ],
          "parent": "head",
          "rotation": [
            21.33979,
            -7.30255,
            -1.54554
          ]
        },
        {
          "name": "right_horn",
          "pivot": [
            -3,
            59.5,
            -47.25
          ],
          "cubes": [
            {
              "origin": [
                -3.7,
                59.25,
                -49.5
              ],
              "size": [
                2.0,
                3.0,
                3.0
              ],
              "uv": [
                17,
                0
              ],
              "inflate": 0
            },
            {
              "origin": [
                -3.2,
                61.25,
                -48.5
              ],
              "size": [
                1.0,
                3.0,
                2.0
              ],
              "uv": [
                0,
                0
              ],
              "inflate": 0
            }
          ],
          "parent": "head",
          "rotation": [
            25,
            0,
            0
          ]
        },
        {
          "name": "jaw",
          "pivot": [
            0,
            47.5,
            -44.5
          ],
          "cubes": [
            {
              "origin": [
                -4.0,
                44.5,
                -60.5
              ],
              "size": [
                8.0,
                3.0,
                16.0
              ],
              "uv": [
                110,
                88
              ],
              "inflate": 0
            },
            {
              "origin": [
                -3.5,
                47.5,
                -60.0
              ],
              "size": [
                7.0,
                1.0,
                11.0
              ],
              "uv": [
                108,
                32
              ],
              "inflate": -0.02
            },
            {
              "origin": [
                4.0,
                47.5,
                -49.5
              ],
              "size": [
                0.0,
                5.0,
                5.0
              ],
              "uv": [
                0,
                63
              ],
              "inflate": 0
            },
            {
              "origin": [
                -4.0,
                47.5,
                -49.5
              ],
              "size": [
                0.0,
                5.0,
                5.0
              ],
              "uv": [
                57,
                60
              ],
              "inflate": 0
            }
          ],
          "parent": "head"
        },
        {
          "name": "shoulder_r",
          "pivot": [
            -8,
            44,
            -21.5
          ],
          "cubes": [
            {
              "origin": [
                -9.0,
                37.0,
                -23.0
              ],
              "size": [
                2.0,
                9.0,
                3.0
              ],
              "uv": [
                80,
                104
              ],
              "inflate": 0
            },
            {
              "origin": [
                -9.0,
                35.0,
                -23.5
              ],
              "size": [
                0.0,
                2.0,
                4.0
              ],
              "uv": [
                65,
                23
              ],
              "inflate": 0
            }
          ],
          "parent": "chest",
          "rotation": [
            55,
            0,
            0
          ]
        },
        {
          "name": "elbow_r",
          "pivot": [
            -8,
            38,
            -20.5
          ],
          "parent": "shoulder_r"
        },
        {
          "name": "wrist_r",
          "pivot": [
            -8,
            33,
            -21
          ],
          "parent": "elbow_r"
        },
        {
          "name": "shoulder_l",
          "pivot": [
            8,
            44,
            -21.5
          ],
          "cubes": [
            {
              "origin": [
                7.0,
                36.0,
                -23.0
              ],
              "size": [
                2.0,
                10.0,
                3.0
              ],
              "uv": [
                70,
                104
              ],
              "inflate": 0
            },
            {
              "origin": [
                9.0,
                34.0,
                -23.5
              ],
              "size": [
                0.0,
                2.0,
                4.0
              ],
              "uv": [
                64,
                48
              ],
              "inflate": 0
            }
          ],
          "parent": "chest",
          "rotation": [
            47.5,
            0,
            0
          ]
        },
        {
          "name": "elbow_l",
          "pivot": [
            8,
            38,
            -20.5
          ],
          "parent": "shoulder_l"
        },
        {
          "name": "wrist_l",
          "pivot": [
            8,
            33,
            -21
          ],
          "parent": "elbow_l"
        }
      ]
    }
  ]
}