{
  "format_version": "1.12.0",
  "minecraft:geometry": [
    {
      "description": {
        "identifier": "geometry.md_tylo",
        "texture_width": 512,
        "texture_height": 512,
        "visible_bounds_width": 51,
        "visible_bounds_height": 23,
        "visible_bounds_offset": [
          0,
          2.5,
          0
        ]
      },
      "bones": [
        {
          "name": "root",
          "locators": {}
        },
        {
          "name": "mosa_root",
          "pivot": [
            0,
            41,
            50
          ],
          "cubes": [
            {
              "origin": [
                -15.0,
                26.0,
                29.0
              ],
              "size": [
                20.0,
                34.0,
                30.0
              ],
              "uv": {
                "north": {
                  "uv": [
                    200,
                    97
                  ],
                  "uv_size": [
                    20,
                    34
                  ]
                },
                "east": {
                  "uv": [
                    27,
                    154
                  ],
                  "uv_size": [
                    30,
                    34
                  ]
                },
                "south": {
                  "uv": [
                    121,
                    200
                  ],
                  "uv_size": [
                    20,
                    34
                  ]
                },
                "west": {
                  "uv": [
                    91,
                    168
                  ],
                  "uv_size": [
                    30,
                    34
                  ]
                },
                "up": {
                  "uv": [
                    75,
                    202
                  ],
                  "uv_size": [
                    20,
                    30
                  ]
                },
                "down": {
                  "uv": [
                    95,
                    232
                  ],
                  "uv_size": [
                    20,
                    -30
                  ]
                }
              },
              "inflate": 0
            }
          ],
          "parent": "root"
        },
        {
          "name": "spine0",
          "pivot": [
            0,
            41,
            32
          ],
          "cubes": [
            {
              "origin": [
                -20.0,
                24.0,
                0.0
              ],
              "size": [
                30.0,
                39.0,
                32.0
              ],
              "uv": {
                "north": {
                  "uv": [
                    144,
                    0
                  ],
                  "uv_size": [
                    30,
                    39
                  ]
                },
                "east": {
                  "uv": [
                    0,
                    115
                  ],
                  "uv_size": [
                    32,
                    39
                  ]
                },
                "south": {
                  "uv": [
                    144,
                    64
                  ],
                  "uv_size": [
                    30,
                    39
                  ]
                },
                "west": {
                  "uv": [
                    32,
                    115
                  ],
                  "uv_size": [
                    32,
                    39
                  ]
                },
                "up": {
                  "uv": [
                    121,
                    168
                  ],
                  "uv_size": [
                    30,
                    32
                  ]
                },
                "down": {
                  "uv": [
                    170,
                    135
                  ],
                  "uv_size": [
                    30,
                    -32
                  ]
                }
              },
              "inflate": -0.01
            }
          ],
          "parent": "mosa_root"
        },
        {
          "name": "spine1",
          "pivot": [
            0,
            41,
            4
          ],
          "cubes": [
            {
              "origin": [
                -20.0,
                21.0,
                -38.0
              ],
              "size": [
                30.0,
                48.0,
                42.0
              ],
              "uv": {
                "north": {
                  "uv": [
                    84,
                    0
                  ],
                  "uv_size": [
                    30,
                    48
                  ]
                },
                "east": {
                  "uv": [
                    0,
                    0
                  ],
                  "uv_size": [
                    42,
                    48
                  ]
                },
                "south": {
                  "uv": [
                    84,
                    77
                  ],
                  "uv_size": [
                    30,
                    48
                  ]
                },
                "west": {
                  "uv": [
                    42,
                    0
                  ],
                  "uv_size": [
                    42,
                    48
                  ]
                },
                "up": {
                  "uv": [
                    114,
                    0
                  ],
                  "uv_size": [
                    30,
                    42
                  ]
                },
                "down": {
                  "uv": [
                    114,
                    119
                  ],
                  "uv_size": [
                    30,
                    -42
                  ]
                }
              },
              "inflate": 0
            },
            {
              "origin": [
                -5.0,
                67.0,
                -39.0
              ],
              "size": [
                0.0,
                12.0,
                43.0
              ],
              "uv": {
                "north": {
                  "uv": [
                    0,
                    0
                  ],
                  "uv_size": [
                    0,
                    12
                  ]
                },
                "east": {
                  "uv": [
                    228,
                    0
                  ],
                  "uv_size": [
                    43,
                    12
                  ]
                },
                "south": {
                  "uv": [
                    0,
                    0
                  ],
                  "uv_size": [
                    0,
                    12
                  ]
                },
                "west": {
                  "uv": [
                    228,
                    12
                  ],
                  "uv_size": [
                    43,
                    12
                  ]
                },
                "up": {
                  "uv": [
                    0,
                    0
                  ],
                  "uv_size": [
                    0,
                    43
                  ]
                },
                "down": {
                  "uv": [
                    0,
                    43
                  ],
                  "uv_size": [
                    0,
                    -43
                  ]
                }
              },
              "inflate": 0
            }
          ],
          "parent": "spine0"
        },
        {
          "name": "chest",
          "pivot": [
            0,
            34,
            -21
          ],
          "parent": "spine1"
        },
        {
          "name": "neck0",
          "pivot": [
            0,
            40,
            -29
          ],
          "cubes": [
            {
              "origin": [
                -16.0,
                22.0,
                -63.0
              ],
              "size": [
                22.0,
                41.0,
                27.0
              ],
              "uv": {
                "north": {
                  "uv": [
                    174,
                    0
                  ],
                  "uv_size": [
                    22,
                    41
                  ]
                },
                "east": {
                  "uv": [
                    64,
                    152
                  ],
                  "uv_size": [
                    27,
                    41
                  ]
                },
                "south": {
                  "uv": [
                    174,
                    41
                  ],
                  "uv_size": [
                    22,
                    41
                  ]
                },
                "west": {
                  "uv": [
                    0,
                    154
                  ],
                  "uv_size": [
                    27,
                    41
                  ]
                },
                "up": {
                  "uv": [
                    210,
                    131
                  ],
                  "uv_size": [
                    22,
                    27
                  ]
                },
                "down": {
                  "uv": [
                    210,
                    185
                  ],
                  "uv_size": [
                    22,
                    -27
                  ]
                }
              },
              "inflate": 0.01
            },
            {
              "origin": [
                -5.0,
                61.0,
                -63.0
              ],
              "size": [
                0.0,
                10.0,
                25.0
              ],
              "uv": {
                "north": {
                  "uv": [
                    0,
                    0
                  ],
                  "uv_size": [
                    0,
                    10
                  ]
                },
                "east": {
                  "uv": [
                    252,
                    72
                  ],
                  "uv_size": [
                    25,
                    10
                  ]
                },
                "south": {
                  "uv": [
                    0,
                    0
                  ],
                  "uv_size": [
                    0,
                    10
                  ]
                },
                "west": {
                  "uv": [
                    253,
                    165
                  ],
                  "uv_size": [
                    25,
                    10
                  ]
                },
                "up": {
                  "uv": [
                    0,
                    0
                  ],
                  "uv_size": [
                    0,
                    25
                  ]
                },
                "down": {
                  "uv": [
                    0,
                    25
                  ],
                  "uv_size": [
                    0,
                    -25
                  ]
                }
              },
              "inflate": 0
            }
          ],
          "parent": "chest"
        },
        {
          "name": "head",
          "pivot": [
            0,
            40,
            -53
          ],
          "cubes": [
            {
              "origin": [
                -13.0,
                29.0,
                -55.0
              ],
              "size": [
                16.0,
                23.0,
                7.0
              ],
              "uv": {
                "north": {
                  "uv": [
                    231,
                    235
                  ],
                  "uv_size": [
                    16,
                    23
                  ]
                },
                "east": {
                  "uv": [
                    57,
                    154
                  ],
                  "uv_size": [
                    7,
                    23
                  ]
                },
                "south": {
                  "uv": [
                    213,
                    241
                  ],
                  "uv_size": [
                    16,
                    23
                  ]
                },
                "west": {
                  "uv": [
                    239,
                    258
                  ],
                  "uv_size": [
                    7,
                    23
                  ]
                },
                "up": {
                  "uv": [
                    52,
                    224
                  ],
                  "uv_size": [
                    16,
                    7
                  ]
                },
                "down": {
                  "uv": [
                    232,
                    97
                  ],
                  "uv_size": [
                    16,
                    -7
                  ]
                }
              },
              "inflate": 0
            },
            {
              "origin": [
                -17.0,
                39.0,
                -90.0
              ],
              "size": [
                24.0,
                17.0,
                31.0
              ],
              "uv": {
                "north": {
                  "uv": [
                    232,
                    123
                  ],
                  "uv_size": [
                    24,
                    17
                  ]
                },
                "east": {
                  "uv": [
                    151,
                    225
                  ],
                  "uv_size": [
                    31,
                    17
                  ]
                },
                "south": {
                  "uv": [
                    232,
                    140
                  ],
                  "uv_size": [
                    24,
                    17
                  ]
                },
                "west": {
                  "uv": [
                    182,
                    225
                  ],
                  "uv_size": [
                    31,
                    17
                  ]
                },
                "up": {
                  "uv": [
                    27,
                    188
                  ],
                  "uv_size": [
                    24,
                    31
                  ]
                },
                "down": {
                  "uv": [
                    51,
                    224
                  ],
                  "uv_size": [
                    24,
                    -31
                  ]
                }
              },
              "inflate": 0
            },
            {
              "origin": [
                -16.0,
                37.0,
                -69.0
              ],
              "size": [
                0.0,
                7.0,
                10.0
              ],
              "uv": {
                "north": {
                  "uv": [
                    0,
                    0
                  ],
                  "uv_size": [
                    0,
                    10
                  ]
                },
                "east": {
                  "uv": [
                    200,
                    131
                  ],
                  "uv_size": [
                    10,
                    10
                  ]
                },
                "south": {
                  "uv": [
                    0,
                    0
                  ],
                  "uv_size": [
                    0,
                    10
                  ]
                },
                "west": {
                  "uv": [
                    264,
                    36
                  ],
                  "uv_size": [
                    10,
                    10
                  ]
                },
                "up": {
                  "uv": [
                    0,
                    0
                  ],
                  "uv_size": [
                    0,
                    10
                  ]
                },
                "down": {
                  "uv": [
                    0,
                    10
                  ],
                  "uv_size": [
                    0,
                    -10
                  ]
                }
              },
              "inflate": -0.01
            },
            {
              "origin": [
                -12.0,
                40.0,
                -104.0
              ],
              "size": [
                14.0,
                12.0,
                17.0
              ],
              "uv": {
                "north": {
                  "uv": [
                    91,
                    152
                  ],
                  "uv_size": [
                    14,
                    12
                  ]
                },
                "east": {
                  "uv": [
                    118,
                    64
                  ],
                  "uv_size": [
                    21,
                    12
                  ]
                },
                "south": {
                  "uv": [
                    264,
                    24
                  ],
                  "uv_size": [
                    14,
                    12
                  ]
                },
                "west": {
                  "uv": [
                    252,
                    60
                  ],
                  "uv_size": [
                    21,
                    12
                  ]
                },
                "up": {
                  "uv": [
                    247,
                    245
                  ],
                  "uv_size": [
                    14,
                    21
                  ]
                },
                "down": {
                  "uv": [
                    52,
                    271
                  ],
                  "uv_size": [
                    14,
                    -21
                  ]
                }
              },
              "inflate": 0
            },
            {
              "origin": [
                -11.0,
                38.0,
                -104.0
              ],
              "size": [
                12.0,
                2.0,
                18.0
              ],
              "uv": {
                "north": {
                  "uv": [
                    220,
                    123
                  ],
                  "uv_size": [
                    12,
                    2
                  ]
                },
                "east": {
                  "uv": [
                    268,
                    150
                  ],
                  "uv_size": [
                    21,
                    2
                  ]
                },
                "south": {
                  "uv": [
                    220,
                    125
                  ],
                  "uv_size": [
                    12,
                    2
                  ]
                },
                "west": {
                  "uv": [
                    268,
                    152
                  ],
                  "uv_size": [
                    21,
                    2
                  ]
                },
                "up": {
                  "uv": [
                    256,
                    123
                  ],
                  "uv_size": [
                    12,
                    21
                  ]
                },
                "down": {
                  "uv": [
                    256,
                    165
                  ],
                  "uv_size": [
                    12,
                    -21
                  ]
                }
              },
              "inflate": 0
            },
            {
              "origin": [
                -8.0,
                41.0,
                -121.0
              ],
              "size": [
                6.0,
                9.0,
                19.0
              ],
              "uv": {
                "north": {
                  "uv": [
                    209,
                    185
                  ],
                  "uv_size": [
                    6,
                    9
                  ]
                },
                "east": {
                  "uv": [
                    64,
                    115
                  ],
                  "uv_size": [
                    19,
                    9
                  ]
                },
                "south": {
                  "uv": [
                    215,
                    185
                  ],
                  "uv_size": [
                    6,
                    9
                  ]
                },
                "west": {
                  "uv": [
                    262,
                    108
                  ],
                  "uv_size": [
                    19,
                    9
                  ]
                },
                "up": {
                  "uv": [
                    115,
                    202
                  ],
                  "uv_size": [
                    6,
                    19
                  ]
                },
                "down": {
                  "uv": [
                    213,
                    283
                  ],
                  "uv_size": [
                    6,
                    -19
                  ]
                }
              },
              "inflate": 0
            },
            {
              "origin": [
                -7.0,
                39.0,
                -120.0
              ],
              "size": [
                4.0,
                2.0,
                14.0
              ],
              "uv": {
                "north": {
                  "uv": [
                    114,
                    42
                  ],
                  "uv_size": [
                    4,
                    2
                  ]
                },
                "east": {
                  "uv": [
                    271,
                    0
                  ],
                  "uv_size": [
                    15,
                    2
                  ]
                },
                "south": {
                  "uv": [
                    114,
                    44
                  ],
                  "uv_size": [
                    4,
                    2
                  ]
                },
                "west": {
                  "uv": [
                    271,
                    2
                  ],
                  "uv_size": [
                    15,
                    2
                  ]
                },
                "up": {
                  "uv": [
                    109,
                    125
                  ],
                  "uv_size": [
                    4,
                    15
                  ]
                },
                "down": {
                  "uv": [
                    105,
                    167
                  ],
                  "uv_size": [
                    4,
                    -15
                  ]
                }
              },
              "inflate": 0
            }
          ],
          "parent": "neck0"
        },
        {
          "name": "jaw",
          "pivot": [
            0,
            43,
            -58
          ],
          "cubes": [
            {
              "origin": [
                -17.0,
                29.0,
                -90.0
              ],
              "size": [
                24.0,
                10.0,
                31.0
              ],
              "uv": {
                "north": {
                  "uv": [
                    175,
                    258
                  ],
                  "uv_size": [
                    24,
                    10
                  ]
                },
                "east": {
                  "uv": [
                    232,
                    175
                  ],
                  "uv_size": [
                    31,
                    10
                  ]
                },
                "south": {
                  "uv": [
                    261,
                    245
                  ],
                  "uv_size": [
                    24,
                    10
                  ]
                },
                "west": {
                  "uv": [
                    247,
                    235
                  ],
                  "uv_size": [
                    31,
                    10
                  ]
                },
                "up": {
                  "uv": [
                    151,
                    194
                  ],
                  "uv_size": [
                    24,
                    31
                  ]
                },
                "down": {
                  "uv": [
                    175,
                    225
                  ],
                  "uv_size": [
                    24,
                    -31
                  ]
                }
              },
              "inflate": 0.01
            },
            {
              "origin": [
                -16.0,
                39.0,
                -86.0
              ],
              "size": [
                22.0,
                2.0,
                31.0
              ],
              "uv": {
                "north": {
                  "uv": [
                    268,
                    146
                  ],
                  "uv_size": [
                    22,
                    2
                  ]
                },
                "east": {
                  "uv": [
                    268,
                    132
                  ],
                  "uv_size": [
                    31,
                    2
                  ]
                },
                "south": {
                  "uv": [
                    268,
                    148
                  ],
                  "uv_size": [
                    22,
                    2
                  ]
                },
                "west": {
                  "uv": [
                    268,
                    134
                  ],
                  "uv_size": [
                    31,
                    2
                  ]
                },
                "up": {
                  "uv": [
                    196,
                    31
                  ],
                  "uv_size": [
                    22,
                    31
                  ]
                },
                "down": {
                  "uv": [
                    199,
                    225
                  ],
                  "uv_size": [
                    22,
                    -31
                  ]
                }
              },
              "inflate": 0
            },
            {
              "origin": [
                -5.0,
                39.0,
                -89.0
              ],
              "size": [
                0.0,
                1.0,
                14.0
              ],
              "uv": {
                "north": {
                  "uv": [
                    0,
                    0
                  ],
                  "uv_size": [
                    0,
                    1
                  ]
                },
                "east": {
                  "uv": [
                    118,
                    76
                  ],
                  "uv_size": [
                    14,
                    1
                  ]
                },
                "south": {
                  "uv": [
                    0,
                    0
                  ],
                  "uv_size": [
                    0,
                    1
                  ]
                },
                "west": {
                  "uv": [
                    64,
                    124
                  ],
                  "uv_size": [
                    14,
                    1
                  ]
                },
                "up": {
                  "uv": [
                    0,
                    0
                  ],
                  "uv_size": [
                    0,
                    14
                  ]
                },
                "down": {
                  "uv": [
                    0,
                    14
                  ],
                  "uv_size": [
                    0,
                    -14
                  ]
                }
              },
              "inflate": 0.01
            },
            {
              "origin": [
                -12.0,
                31.0,
                -104.0
              ],
              "size": [
                14.0,
                9.0,
                17.0
              ],
              "uv": {
                "north": {
                  "uv": [
                    75,
                    193
                  ],
                  "uv_size": [
                    14,
                    9
                  ]
                },
                "east": {
                  "uv": [
                    262,
                    90
                  ],
                  "uv_size": [
                    21,
                    9
                  ]
                },
                "south": {
                  "uv": [
                    263,
                    175
                  ],
                  "uv_size": [
                    14,
                    9
                  ]
                },
                "west": {
                  "uv": [
                    262,
                    99
                  ],
                  "uv_size": [
                    21,
                    9
                  ]
                },
                "up": {
                  "uv": [
                    66,
                    250
                  ],
                  "uv_size": [
                    14,
                    21
                  ]
                },
                "down": {
                  "uv": [
                    80,
                    271
                  ],
                  "uv_size": [
                    14,
                    -21
                  ]
                }
              },
              "inflate": 0
            },
            {
              "origin": [
                -11.0,
                39.0,
                -104.0
              ],
              "size": [
                12.0,
                2.0,
                18.0
              ],
              "uv": {
                "north": {
                  "uv": [
                    220,
                    127
                  ],
                  "uv_size": [
                    12,
                    2
                  ]
                },
                "east": {
                  "uv": [
                    268,
                    154
                  ],
                  "uv_size": [
                    21,
                    2
                  ]
                },
                "south": {
                  "uv": [
                    220,
                    129
                  ],
                  "uv_size": [
                    12,
                    2
                  ]
                },
                "west": {
                  "uv": [
                    268,
                    156
                  ],
                  "uv_size": [
                    21,
                    2
                  ]
                },
                "up": {
                  "uv": [
                    151,
                    258
                  ],
                  "uv_size": [
                    12,
                    21
                  ]
                },
                "down": {
                  "uv": [
                    163,
                    279
                  ],
                  "uv_size": [
                    12,
                    -21
                  ]
                }
              },
              "inflate": 0
            },
            {
              "origin": [
                -8.0,
                35.0,
                -121.0
              ],
              "size": [
                6.0,
                6.0,
                19.0
              ],
              "uv": {
                "north": {
                  "uv": [
                    189,
                    135
                  ],
                  "uv_size": [
                    6,
                    6
                  ]
                },
                "east": {
                  "uv": [
                    170,
                    135
                  ],
                  "uv_size": [
                    19,
                    6
                  ]
                },
                "south": {
                  "uv": [
                    193,
                    97
                  ],
                  "uv_size": [
                    6,
                    6
                  ]
                },
                "west": {
                  "uv": [
                    174,
                    97
                  ],
                  "uv_size": [
                    19,
                    6
                  ]
                },
                "up": {
                  "uv": [
                    219,
                    264
                  ],
                  "uv_size": [
                    6,
                    19
                  ]
                },
                "down": {
                  "uv": [
                    246,
                    285
                  ],
                  "uv_size": [
                    6,
                    -19
                  ]
                }
              },
              "inflate": 0
            },
            {
              "origin": [
                -7.0,
                40.0,
                -120.0
              ],
              "size": [
                4.0,
                2.0,
                14.0
              ],
              "uv": {
                "north": {
                  "uv": [
                    114,
                    46
                  ],
                  "uv_size": [
                    4,
                    2
                  ]
                },
                "east": {
                  "uv": [
                    271,
                    4
                  ],
                  "uv_size": [
                    15,
                    2
                  ]
                },
                "south": {
                  "uv": [
                    139,
                    64
                  ],
                  "uv_size": [
                    4,
                    2
                  ]
                },
                "west": {
                  "uv": [
                    271,
                    6
                  ],
                  "uv_size": [
                    15,
                    2
                  ]
                },
                "up": {
                  "uv": [
                    164,
                    103
                  ],
                  "uv_size": [
                    4,
                    15
                  ]
                },
                "down": {
                  "uv": [
                    57,
                    192
                  ],
                  "uv_size": [
                    4,
                    -15
                  ]
                }
              },
              "inflate": 0
            }
          ],
          "parent": "head"
        },
        {
          "name": "shoulder_l",
          "pivot": [
            18,
            31,
            -18
          ],
          "cubes": [
            {
              "origin": [
                4.0,
                30.0,
                -25.0
              ],
              "size": [
                24.0,
                3.0,
                18.0
              ],
              "uv": {
                "north": {
                  "uv": [
                    144,
                    39
                  ],
                  "uv_size": [
                    24,
                    3
                  ]
                },
                "east": {
                  "uv": [
                    268,
                    136
                  ],
                  "uv_size": [
                    18,
                    3
                  ]
                },
                "south": {
                  "uv": [
                    267,
                    209
                  ],
                  "uv_size": [
                    24,
                    3
                  ]
                },
                "west": {
                  "uv": [
                    268,
                    139
                  ],
                  "uv_size": [
                    18,
                    3
                  ]
                },
                "up": {
                  "uv": [
                    52,
                    232
                  ],
                  "uv_size": [
                    24,
                    18
                  ]
                },
                "down": {
                  "uv": [
                    76,
                    250
                  ],
                  "uv_size": [
                    24,
                    -18
                  ]
                }
              },
              "inflate": 0
            }
          ],
          "parent": "chest",
          "rotation": [
            0,
            -22.5,
            20
          ]
        },
        {
          "name": "elbow_l",
          "pivot": [
            37,
            31,
            -22
          ],
          "cubes": [
            {
              "origin": [
                26.0,
                29.0,
                -25.0
              ],
              "size": [
                20.0,
                5.0,
                16.0
              ],
              "uv": {
                "north": {
                  "uv": [
                    262,
                    117
                  ],
                  "uv_size": [
                    20,
                    5
                  ]
                },
                "east": {
                  "uv": [
                    267,
                    194
                  ],
                  "uv_size": [
                    16,
                    5
                  ]
                },
                "south": {
                  "uv": [
                    264,
                    46
                  ],
                  "uv_size": [
                    20,
                    5
                  ]
                },
                "west": {
                  "uv": [
                    267,
                    199
                  ],
                  "uv_size": [
                    16,
                    5
                  ]
                },
                "up": {
                  "uv": [
                    144,
                    103
                  ],
                  "uv_size": [
                    20,
                    16
                  ]
                },
                "down": {
                  "uv": [
                    151,
                    258
                  ],
                  "uv_size": [
                    20,
                    -16
                  ]
                }
              },
              "inflate": -0.01
            }
          ],
          "parent": "shoulder_l"
        },
        {
          "name": "shoulder_r",
          "pivot": [
            -18,
            31,
            -22
          ],
          "cubes": [
            {
              "origin": [
                -38.0,
                31.0,
                -30.0
              ],
              "size": [
                21.0,
                2.0,
                18.0
              ],
              "uv": {
                "north": {
                  "uv": [
                    268,
                    158
                  ],
                  "uv_size": [
                    21,
                    2
                  ]
                },
                "east": {
                  "uv": [
                    98,
                    270
                  ],
                  "uv_size": [
                    18,
                    2
                  ]
                },
                "south": {
                  "uv": [
                    268,
                    160
                  ],
                  "uv_size": [
                    21,
                    2
                  ]
                },
                "west": {
                  "uv": [
                    175,
                    270
                  ],
                  "uv_size": [
                    18,
                    2
                  ]
                },
                "up": {
                  "uv": [
                    232,
                    157
                  ],
                  "uv_size": [
                    21,
                    18
                  ]
                },
                "down": {
                  "uv": [
                    120,
                    252
                  ],
                  "uv_size": [
                    21,
                    -18
                  ]
                }
              },
              "inflate": 0
            }
          ],
          "parent": "chest",
          "rotation": [
            0,
            27.5,
            -32.5
          ]
        },
        {
          "name": "elbow_r",
          "pivot": [
            -37,
            31,
            -26
          ],
          "cubes": [
            {
              "origin": [
                -57.0,
                29.0,
                -29.0
              ],
              "size": [
                20.0,
                5.0,
                16.0
              ],
              "uv": {
                "north": {
                  "uv": [
                    267,
                    184
                  ],
                  "uv_size": [
                    20,
                    5
                  ]
                },
                "east": {
                  "uv": [
                    267,
                    204
                  ],
                  "uv_size": [
                    16,
                    5
                  ]
                },
                "south": {
                  "uv": [
                    267,
                    189
                  ],
                  "uv_size": [
                    20,
                    5
                  ]
                },
                "west": {
                  "uv": [
                    0,
                    268
                  ],
                  "uv_size": [
                    16,
                    5
                  ]
                },
                "up": {
                  "uv": [
                    171,
                    242
                  ],
                  "uv_size": [
                    20,
                    16
                  ]
                },
                "down": {
                  "uv": [
                    191,
                    258
                  ],
                  "uv_size": [
                    20,
                    -16
                  ]
                }
              },
              "inflate": -0.01
            }
          ],
          "parent": "shoulder_r"
        },
        {
          "name": "rump_l",
          "pivot": [
            15,
            31,
            50
          ],
          "cubes": [
            {
              "origin": [
                3.0,
                38.0,
                31.0
              ],
              "size": [
                36.0,
                2.0,
                14.0
              ],
              "pivot": [
                0.0,
                24.0,
                0.0
              ],
              "rotation": [
                -5.85463,
                -13.83447,
                23.21088
              ],
              "uv": {
                "north": {
                  "uv": [
                    268,
                    122
                  ],
                  "uv_size": [
                    36,
                    2
                  ]
                },
                "east": {
                  "uv": [
                    91,
                    164
                  ],
                  "uv_size": [
                    14,
                    2
                  ]
                },
                "south": {
                  "uv": [
                    268,
                    124
                  ],
                  "uv_size": [
                    36,
                    2
                  ]
                },
                "west": {
                  "uv": [
                    91,
                    166
                  ],
                  "uv_size": [
                    14,
                    2
                  ]
                },
                "up": {
                  "uv": [
                    228,
                    24
                  ],
                  "uv_size": [
                    36,
                    14
                  ]
                },
                "down": {
                  "uv": [
                    228,
                    52
                  ],
                  "uv_size": [
                    36,
                    -14
                  ]
                }
              },
              "inflate": 0
            }
          ],
          "parent": "mosa_root"
        },
        {
          "name": "rump_r",
          "pivot": [
            -15,
            31,
            50
          ],
          "cubes": [
            {
              "origin": [
                -48.0,
                37.0,
                30.0
              ],
              "size": [
                36.0,
                2.0,
                14.0
              ],
              "pivot": [
                0.0,
                24.0,
                0.0
              ],
              "rotation": [
                0.0,
                12.5,
                -20.0
              ],
              "uv": {
                "north": {
                  "uv": [
                    268,
                    126
                  ],
                  "uv_size": [
                    36,
                    2
                  ]
                },
                "east": {
                  "uv": [
                    248,
                    90
                  ],
                  "uv_size": [
                    14,
                    2
                  ]
                },
                "south": {
                  "uv": [
                    268,
                    128
                  ],
                  "uv_size": [
                    36,
                    2
                  ]
                },
                "west": {
                  "uv": [
                    248,
                    92
                  ],
                  "uv_size": [
                    14,
                    2
                  ]
                },
                "up": {
                  "uv": [
                    231,
                    185
                  ],
                  "uv_size": [
                    36,
                    14
                  ]
                },
                "down": {
                  "uv": [
                    231,
                    213
                  ],
                  "uv_size": [
                    36,
                    -14
                  ]
                }
              },
              "inflate": 0
            }
          ],
          "parent": "mosa_root"
        },
        {
          "name": "tail0",
          "pivot": [
            0,
            41,
            55
          ],
          "cubes": [
            {
              "origin": [
                -10.0,
                26.0,
                55.0
              ],
              "size": [
                10.0,
                29.0,
                59.0
              ],
              "uv": {
                "north": {
                  "uv": [
                    120,
                    252
                  ],
                  "uv_size": [
                    10,
                    29
                  ]
                },
                "east": {
                  "uv": [
                    0,
                    48
                  ],
                  "uv_size": [
                    59,
                    29
                  ]
                },
                "south": {
                  "uv": [
                    130,
                    252
                  ],
                  "uv_size": [
                    10,
                    29
                  ]
                },
                "west": {
                  "uv": [
                    59,
                    48
                  ],
                  "uv_size": [
                    59,
                    29
                  ]
                },
                "up": {
                  "uv": [
                    141,
                    200
                  ],
                  "uv_size": [
                    10,
                    59
                  ]
                },
                "down": {
                  "uv": [
                    218,
                    59
                  ],
                  "uv_size": [
                    10,
                    -59
                  ]
                }
              },
              "inflate": 0
            }
          ],
          "parent": "mosa_root"
        },
        {
          "name": "tail1",
          "pivot": [
            0,
            41,
            112
          ],
          "cubes": [
            {
              "origin": [
                -7.0,
                27.0,
                112.0
              ],
              "size": [
                4.0,
                27.0,
                45.0
              ],
              "uv": {
                "north": {
                  "uv": [
                    225,
                    264
                  ],
                  "uv_size": [
                    4,
                    27
                  ]
                },
                "east": {
                  "uv": [
                    64,
                    125
                  ],
                  "uv_size": [
                    45,
                    27
                  ]
                },
                "south": {
                  "uv": [
                    252,
                    266
                  ],
                  "uv_size": [
                    4,
                    27
                  ]
                },
                "west": {
                  "uv": [
                    109,
                    141
                  ],
                  "uv_size": [
                    45,
                    27
                  ]
                },
                "up": {
                  "uv": [
                    94,
                    250
                  ],
                  "uv_size": [
                    4,
                    45
                  ]
                },
                "down": {
                  "uv": [
                    209,
                    303
                  ],
                  "uv_size": [
                    4,
                    -45
                  ]
                }
              },
              "inflate": 0
            }
          ],
          "parent": "tail0"
        },
        {
          "name": "tail2",
          "pivot": [
            0,
            41,
            152
          ],
          "cubes": [
            {
              "origin": [
                -4.0,
                33.0,
                152.0
              ],
              "size": [
                0.0,
                15.0,
                58.0
              ],
              "uv": {
                "north": {
                  "uv": [
                    0,
                    0
                  ],
                  "uv_size": [
                    0,
                    15
                  ]
                },
                "east": {
                  "uv": [
                    174,
                    82
                  ],
                  "uv_size": [
                    58,
                    15
                  ]
                },
                "south": {
                  "uv": [
                    0,
                    0
                  ],
                  "uv_size": [
                    0,
                    15
                  ]
                },
                "west": {
                  "uv": [
                    151,
                    179
                  ],
                  "uv_size": [
                    58,
                    15
                  ]
                },
                "up": {
                  "uv": [
                    0,
                    0
                  ],
                  "uv_size": [
                    0,
                    58
                  ]
                },
                "down": {
                  "uv": [
                    0,
                    58
                  ],
                  "uv_size": [
                    0,
                    -58
                  ]
                }
              },
              "inflate": 0
            },
            {
              "origin": [
                -10.0,
                44.0,
                151.0
              ],
              "size": [
                10.0,
                19.0,
                56.0
              ],
              "uv": {
                "north": {
                  "uv": [
                    140,
                    259
                  ],
                  "uv_size": [
                    10,
                    19
                  ]
                },
                "east": {
                  "uv": [
                    154,
                    141
                  ],
                  "uv_size": [
                    56,
                    19
                  ]
                },
                "south": {
                  "uv": [
                    261,
                    255
                  ],
                  "uv_size": [
                    10,
                    19
                  ]
                },
                "west": {
                  "uv": [
                    154,
                    160
                  ],
                  "uv_size": [
                    56,
                    19
                  ]
                },
                "up": {
                  "uv": [
                    22,
                    219
                  ],
                  "uv_size": [
                    10,
                    56
                  ]
                },
                "down": {
                  "uv": [
                    32,
                    275
                  ],
                  "uv_size": [
                    10,
                    -56
                  ]
                }
              },
              "inflate": 0
            },
            {
              "origin": [
                -10.0,
                22.0,
                154.0
              ],
              "size": [
                10.0,
                22.0,
                56.0
              ],
              "uv": {
                "north": {
                  "uv": [
                    199,
                    258
                  ],
                  "uv_size": [
                    10,
                    22
                  ]
                },
                "east": {
                  "uv": [
                    118,
                    42
                  ],
                  "uv_size": [
                    56,
                    22
                  ]
                },
                "south": {
                  "uv": [
                    229,
                    258
                  ],
                  "uv_size": [
                    10,
                    22
                  ]
                },
                "west": {
                  "uv": [
                    114,
                    119
                  ],
                  "uv_size": [
                    56,
                    22
                  ]
                },
                "up": {
                  "uv": [
                    221,
                    185
                  ],
                  "uv_size": [
                    10,
                    56
                  ]
                },
                "down": {
                  "uv": [
                    42,
                    280
                  ],
                  "uv_size": [
                    10,
                    -56
                  ]
                }
              },
              "inflate": 0
            },
            {
              "origin": [
                -5.0,
                62.0,
                154.0
              ],
              "size": [
                0.0,
                10.0,
                56.0
              ],
              "uv": {
                "north": {
                  "uv": [
                    0,
                    0
                  ],
                  "uv_size": [
                    0,
                    10
                  ]
                },
                "east": {
                  "uv": [
                    196,
                    62
                  ],
                  "uv_size": [
                    56,
                    10
                  ]
                },
                "south": {
                  "uv": [
                    0,
                    0
                  ],
                  "uv_size": [
                    0,
                    10
                  ]
                },
                "west": {
                  "uv": [
                    196,
                    72
                  ],
                  "uv_size": [
                    56,
                    10
                  ]
                },
                "up": {
                  "uv": [
                    0,
                    0
                  ],
                  "uv_size": [
                    0,
                    56
                  ]
                },
                "down": {
                  "uv": [
                    0,
                    56
                  ],
                  "uv_size": [
                    0,
                    -56
                  ]
                }
              },
              "inflate": 0
            },
            {
              "origin": [
                -5.0,
                14.0,
                162.0
              ],
              "size": [
                0.0,
                8.0,
                47.0
              ],
              "uv": {
                "north": {
                  "uv": [
                    0,
                    0
                  ],
                  "uv_size": [
                    0,
                    8
                  ]
                },
                "east": {
                  "uv": [
                    228,
                    52
                  ],
                  "uv_size": [
                    47,
                    8
                  ]
                },
                "south": {
                  "uv": [
                    0,
                    0
                  ],
                  "uv_size": [
                    0,
                    8
                  ]
                },
                "west": {
                  "uv": [
                    232,
                    82
                  ],
                  "uv_size": [
                    47,
                    8
                  ]
                },
                "up": {
                  "uv": [
                    0,
                    0
                  ],
                  "uv_size": [
                    0,
                    47
                  ]
                },
                "down": {
                  "uv": [
                    0,
                    47
                  ],
                  "uv_size": [
                    0,
                    -47
                  ]
                }
              },
              "inflate": 0
            }
          ],
          "parent": "tail1"
        },
        {
          "name": "tail3",
          "pivot": [
            0,
            40,
            210
          ],
          "cubes": [
            {
              "origin": [
                -10.0,
                24.0,
                205.0
              ],
              "size": [
                10.0,
                38.0,
                47.0
              ],
              "uv": {
                "north": {
                  "uv": [
                    100,
                    232
                  ],
                  "uv_size": [
                    10,
                    38
                  ]
                },
                "east": {
                  "uv": [
                    0,
                    77
                  ],
                  "uv_size": [
                    42,
                    38
                  ]
                },
                "south": {
                  "uv": [
                    110,
                    232
                  ],
                  "uv_size": [
                    10,
                    38
                  ]
                },
                "west": {
                  "uv": [
                    42,
                    77
                  ],
                  "uv_size": [
                    42,
                    38
                  ]
                },
                "up": {
                  "uv": [
                    0,
                    226
                  ],
                  "uv_size": [
                    10,
                    42
                  ]
                },
                "down": {
                  "uv": [
                    10,
                    268
                  ],
                  "uv_size": [
                    10,
                    -42
                  ]
                }
              },
              "inflate": 0
            },
            {
              "origin": [
                -5.0,
                58.0,
                209.0
              ],
              "size": [
                0.0,
                13.0,
                42.0
              ],
              "uv": {
                "north": {
                  "uv": [
                    0,
                    0
                  ],
                  "uv_size": [
                    0,
                    13
                  ]
                },
                "east": {
                  "uv": [
                    220,
                    97
                  ],
                  "uv_size": [
                    42,
                    13
                  ]
                },
                "south": {
                  "uv": [
                    0,
                    0
                  ],
                  "uv_size": [
                    0,
                    13
                  ]
                },
                "west": {
                  "uv": [
                    220,
                    110
                  ],
                  "uv_size": [
                    42,
                    13
                  ]
                },
                "up": {
                  "uv": [
                    0,
                    0
                  ],
                  "uv_size": [
                    0,
                    42
                  ]
                },
                "down": {
                  "uv": [
                    0,
                    42
                  ],
                  "uv_size": [
                    0,
                    -42
                  ]
                }
              },
              "inflate": 0
            },
            {
              "origin": [
                -5.0,
                16.0,
                209.0
              ],
              "size": [
                0.0,
                11.0,
                42.0
              ],
              "uv": {
                "north": {
                  "uv": [
                    0,
                    0
                  ],
                  "uv_size": [
                    0,
                    11
                  ]
                },
                "east": {
                  "uv": [
                    231,
                    213
                  ],
                  "uv_size": [
                    42,
                    11
                  ]
                },
                "south": {
                  "uv": [
                    0,
                    0
                  ],
                  "uv_size": [
                    0,
                    11
                  ]
                },
                "west": {
                  "uv": [
                    231,
                    224
                  ],
                  "uv_size": [
                    42,
                    11
                  ]
                },
                "up": {
                  "uv": [
                    0,
                    0
                  ],
                  "uv_size": [
                    0,
                    42
                  ]
                },
                "down": {
                  "uv": [
                    0,
                    42
                  ],
                  "uv_size": [
                    0,
                    -42
                  ]
                }
              },
              "inflate": 0
            }
          ],
          "parent": "tail2"
        },
        {
          "name": "crane_root",
          "parent": "root"
        },
        {
          "name": "shark_spawn_origin",
          "pivot": [
            163,
            -57,
            -33
          ],
          "parent": "crane_root"
        },
        {
          "name": "lifter_pivot",
          "pivot": [
            163,
            203,
            -33
          ],
          "parent": "crane_root"
        },
        {
          "name": "cable_slider_pivot",
          "pivot": [
            1,
            192,
            -34
          ],
          "parent": "crane_root"
        },
        {
          "name": "crane_arm_pivot",
          "pivot": [
            155,
            199,
            -34
          ],
          "parent": "crane_root"
        },
        {
          "name": "cable_pivot",
          "pivot": [
            0,
            190,
            -34
          ],
          "parent": "crane_root"
        },
        {
          "name": "shark_pivot",
          "pivot": [
            0,
            94,
            -35
          ],
          "parent": "crane_root"
        },
        {
          "name": "shark_mouth",
          "pivot": [
            -2,
            79,
            -30.5
          ],
          "parent": "shark_pivot",
          "rotation": [
            -10,
            0,
            0
          ]
        },
        {
          "name": "shark_jaw",
          "pivot": [
            -2,
            79,
            -31.5
          ],
          "parent": "shark_pivot",
          "rotation": [
            10,
            0,
            0
          ]
        }
      ]
    }
  ]
}