{
  "format_version": "1.12.0",
  "minecraft:geometry": [
    {
      "description": {
        "identifier": "geometry.md_ultima",
        "texture_width": 512,
        "texture_height": 512,
        "visible_bounds_width": 22,
        "visible_bounds_height": 14,
        "visible_bounds_offset": [
          0,
          3,
          0
        ]
      },
      "bones": [
        {
          "name": "root",
          "pivot": [
            0,
            64,
            8
          ],
          "cubes": [
            {
              "origin": [
                -10.0,
                46.0,
                -9.0
              ],
              "size": [
                20.0,
                34.0,
                33.0
              ],
              "uv": [
                0,
                73
              ],
              "inflate": 0
            },
            {
              "origin": [
                -11.0,
                78.0,
                -10.0
              ],
              "size": [
                22.0,
                5.0,
                35.0
              ],
              "uv": [
                99,
                45
              ],
              "inflate": 0
            }
          ],
          "locators": {},
          "rotation": [
            7.5,
            0,
            0
          ]
        },
        {
          "name": "spine0",
          "pivot": [
            0,
            64,
            -8
          ],
          "cubes": [
            {
              "origin": [
                -9.0,
                47.0,
                -20.0
              ],
              "size": [
                18.0,
                32.0,
                15.0
              ],
              "uv": [
                0,
                189
              ],
              "inflate": 0
            },
            {
              "origin": [
                -11.0,
                78.0,
                -20.0
              ],
              "size": [
                22.0,
                5.0,
                13.0
              ],
              "uv": [
                208,
                187
              ],
              "inflate": 0
            }
          ],
          "parent": "root"
        },
        {
          "name": "chest",
          "pivot": [
            0,
            64,
            -21
          ],
          "cubes": [
            {
              "origin": [
                -10.0,
                46.0,
                -34.0
              ],
              "size": [
                20.0,
                33.0,
                16.0
              ],
              "uv": [
                0,
                140
              ],
              "inflate": 0
            },
            {
              "origin": [
                -11.0,
                78.0,
                -33.0
              ],
              "size": [
                22.0,
                5.0,
                15.0
              ],
              "uv": [
                161,
                0
              ],
              "inflate": 0
            }
          ],
          "parent": "spine0"
        },
        {
          "name": "neck0",
          "pivot": [
            0,
            70,
            -31
          ],
          "cubes": [
            {
              "origin": [
                -6.0,
                55.0,
                -41.0
              ],
              "size": [
                12.0,
                21.0,
                18.0
              ],
              "uv": [
                195,
                67
              ],
              "inflate": 0
            }
          ],
          "parent": "chest",
          "rotation": [
            -15,
            0,
            0
          ]
        },
        {
          "name": "neck1",
          "pivot": [
            0,
            71,
            -41
          ],
          "cubes": [
            {
              "origin": [
                -5.0,
                55.0,
                -61.0
              ],
              "size": [
                10.0,
                22.0,
                24.0
              ],
              "uv": [
                179,
                21
              ],
              "inflate": 0
            }
          ],
          "parent": "neck0",
          "rotation": [
            -12.5,
            0,
            0
          ]
        },
        {
          "name": "head",
          "pivot": [
            0,
            68,
            -55
          ],
          "cubes": [
            {
              "origin": [
                -7.0,
                68.0,
                -69.0
              ],
              "size": [
                14.0,
                11.0,
                18.0
              ],
              "uv": [
                202,
                158
              ],
              "inflate": 0
            },
            {
              "origin": [
                3.0,
                79.0,
                -69.0
              ],
              "size": [
                4.0,
                2.0,
                10.0
              ],
              "uv": [
                178,
                67
              ],
              "inflate": 0
            },
            {
              "origin": [
                -7.0,
                79.0,
                -69.0
              ],
              "size": [
                4.0,
                2.0,
                10.0
              ],
              "uv": [
                118,
                154
              ],
              "inflate": 0
            },
            {
              "origin": [
                -8.0,
                65.0,
                -70.0
              ],
              "size": [
                16.0,
                4.0,
                10.0
              ],
              "uv": [
                73,
                85
              ],
              "inflate": 0
            },
            {
              "origin": [
                -6.0,
                58.0,
                -70.0
              ],
              "size": [
                12.0,
                9.0,
                10.0
              ],
              "uv": [
                230,
                116
              ],
              "inflate": 0
            },
            {
              "origin": [
                -5.0,
                64.0,
                -88.0
              ],
              "size": [
                10.0,
                15.0,
                19.0
              ],
              "uv": [
                66,
                206
              ],
              "inflate": 0
            },
            {
              "origin": [
                -4.5,
                60.0,
                -88.0
              ],
              "size": [
                9.0,
                4.0,
                19.0
              ],
              "uv": [
                243,
                449
              ],
              "inflate": -0.001
            },
            {
              "origin": [
                -7.0,
                57.0,
                -60.0
              ],
              "size": [
                14.0,
                11.0,
                9.0
              ],
              "uv": [
                224,
                205
              ],
              "inflate": 0
            },
            {
              "origin": [
                -4.0,
                53.0,
                -88.0
              ],
              "size": [
                8.0,
                10.0,
                4.0
              ],
              "pivot": [
                0.0,
                68.0,
                -55.0
              ],
              "rotation": [
                -20.0,
                0.0,
                0.0
              ],
              "uv": [
                237,
                67
              ],
              "inflate": 0
            },
            {
              "origin": [
                -4.0,
                63.0,
                -91.0
              ],
              "size": [
                8.0,
                3.0,
                0.0
              ],
              "uv": [
                73,
                80
              ],
              "inflate": 0
            },
            {
              "origin": [
                -2.0,
                88.0,
                -82.0
              ],
              "size": [
                4.0,
                7.0,
                4.0
              ],
              "pivot": [
                0.0,
                68.0,
                -55.0
              ],
              "rotation": [
                22.5,
                0.0,
                0.0
              ],
              "uv": [
                28,
                0
              ],
              "inflate": 0
            },
            {
              "origin": [
                -1.0,
                83.0,
                -59.0
              ],
              "size": [
                4.0,
                13.0,
                4.0
              ],
              "pivot": [
                0.0,
                68.0,
                -55.0
              ],
              "rotation": [
                40.53645,
                19.77538,
                -12.86114
              ],
              "uv": [
                180,
                126
              ],
              "inflate": 0
            },
            {
              "origin": [
                -4.0,
                84.0,
                -59.0
              ],
              "size": [
                4.0,
                13.0,
                4.0
              ],
              "pivot": [
                0.0,
                68.0,
                -55.0
              ],
              "rotation": [
                43.53462,
                -9.42446,
                18.50256
              ],
              "uv": [
                140,
                174
              ],
              "inflate": 0
            },
            {
              "origin": [
                -5.0,
                93.0,
                -57.0
              ],
              "size": [
                2.0,
                13.0,
                3.0
              ],
              "pivot": [
                0.0,
                68.0,
                -55.0
              ],
              "rotation": [
                44.32466,
                7.9972,
                -9.63846
              ],
              "uv": [
                40,
                27
              ],
              "inflate": 0
            },
            {
              "origin": [
                3.0,
                94.0,
                -59.0
              ],
              "size": [
                2.0,
                13.0,
                3.0
              ],
              "pivot": [
                0.0,
                68.0,
                -55.0
              ],
              "rotation": [
                44.56602,
                -6.08011,
                4.60618
              ],
              "uv": [
                40,
                11
              ],
              "inflate": 0
            },
            {
              "origin": [
                -7.0,
                77.0,
                -60.0
              ],
              "size": [
                13.0,
                22.0,
                0.0
              ],
              "pivot": [
                0.0,
                68.0,
                -55.0
              ],
              "rotation": [
                -37.5,
                0.0,
                0.0
              ],
              "uv": [
                161,
                20
              ],
              "inflate": 0
            },
            {
              "origin": [
                -1.0,
                68.0,
                -56.0
              ],
              "size": [
                2.0,
                2.0,
                2.0
              ],
              "uv": [
                83,
                8
              ],
              "inflate": 0
            },
            {
              "origin": [
                -1.0,
                68.0,
                -56.0
              ],
              "size": [
                2.0,
                2.0,
                2.0
              ],
              "uv": [
                0,
                0
              ],
              "inflate": 0
            },
            {
              "origin": [
                -17.0,
                65.0,
                -62.0
              ],
              "size": [
                13.0,
                33.0,
                0.0
              ],
              "pivot": [
                0.0,
                68.0,
                -55.0
              ],
              "rotation": [
                -40.40773,
                24.1782,
                -13.51584
              ],
              "uv": [
                130,
                85
              ],
              "inflate": 0
            },
            {
              "origin": [
                3.0,
                65.0,
                -62.0
              ],
              "size": [
                13.0,
                33.0,
                0.0
              ],
              "pivot": [
                0.0,
                68.0,
                -55.0
              ],
              "rotation": [
                -40.94264,
                -20.10566,
                11.21959
              ],
              "uv": [
                0,
                73
              ],
              "inflate": 0
            }
          ],
          "parent": "neck1",
          "rotation": [
            20,
            0,
            0
          ]
        },
        {
          "name": "eyelids",
          "pivot": [
            0,
            73.5,
            -67.01
          ],
          "cubes": [
            {
              "origin": [
                5.01,
                72.0,
                -67.01
              ],
              "size": [
                2.0,
                5.0,
                4.0
              ],
              "uv": [
                24,
                42
              ],
              "inflate": 0
            },
            {
              "origin": [
                -7.01,
                72.0,
                -67.01
              ],
              "size": [
                2.0,
                5.0,
                4.0
              ],
              "uv": [
                12,
                42
              ],
              "inflate": 0
            }
          ],
          "parent": "head"
        },
        {
          "name": "jaw",
          "pivot": [
            0,
            67,
            -60
          ],
          "cubes": [
            {
              "origin": [
                -8.0,
                57.0,
                -70.0
              ],
              "size": [
                16.0,
                8.0,
                10.0
              ],
              "uv": [
                223,
                24
              ],
              "inflate": 0
            },
            {
              "origin": [
                -4.0,
                57.0,
                -89.0
              ],
              "size": [
                8.0,
                7.0,
                21.0
              ],
              "uv": [
                187,
                205
              ],
              "inflate": 0
            },
            {
              "origin": [
                -3.5,
                64.0,
                -88.5
              ],
              "size": [
                7.0,
                3.0,
                16.0
              ],
              "uv": [
                108,
                224
              ],
              "inflate": 0
            }
          ],
          "parent": "head"
        },
        {
          "name": "shoulder_l",
          "pivot": [
            10,
            56,
            -30
          ],
          "cubes": [
            {
              "origin": [
                8.0,
                41.5,
                -32.5
              ],
              "size": [
                4.0,
                17.0,
                6.0
              ],
              "uv": [
                210,
                233
              ],
              "inflate": 0
            }
          ],
          "parent": "chest"
        },
        {
          "name": "elbow_l",
          "pivot": [
            10,
            43,
            -29
          ],
          "cubes": [
            {
              "origin": [
                8.5,
                30.0,
                -32.0
              ],
              "size": [
                3.0,
                13.0,
                4.0
              ],
              "uv": [
                187,
                20
              ],
              "inflate": 0
            }
          ],
          "parent": "shoulder_l"
        },
        {
          "name": "wrist_l",
          "pivot": [
            10,
            31,
            -30
          ],
          "cubes": [
            {
              "origin": [
                7.5,
                26.0,
                -31.0
              ],
              "size": [
                4.0,
                5.0,
                2.0
              ],
              "uv": [
                73,
                73
              ],
              "inflate": 0
            }
          ],
          "parent": "elbow_l",
          "rotation": [
            0,
            -15.5,
            0
          ]
        },
        {
          "name": "finger_l",
          "pivot": [
            10,
            26.5,
            -30.5
          ],
          "cubes": [
            {
              "origin": [
                11.0,
                20.0,
                -31.0
              ],
              "size": [
                0.0,
                6.0,
                2.0
              ],
              "uv": [
                83,
                0
              ],
              "inflate": 0
            },
            {
              "origin": [
                9.0,
                19.0,
                -31.0
              ],
              "size": [
                0.0,
                7.0,
                2.0
              ],
              "uv": [
                26,
                71
              ],
              "inflate": 0
            }
          ],
          "parent": "wrist_l"
        },
        {
          "name": "shoulder_r",
          "pivot": [
            -10,
            56,
            -30
          ],
          "cubes": [
            {
              "origin": [
                -12.0,
                42.5,
                -32.5
              ],
              "size": [
                4.0,
                16.0,
                6.0
              ],
              "uv": [
                72,
                154
              ],
              "inflate": 0
            }
          ],
          "parent": "chest"
        },
        {
          "name": "elbow_r",
          "pivot": [
            -10,
            44,
            -29
          ],
          "cubes": [
            {
              "origin": [
                -11.5,
                30.0,
                -32.0
              ],
              "size": [
                3.0,
                14.0,
                4.0
              ],
              "uv": [
                186,
                174
              ],
              "inflate": 0
            }
          ],
          "parent": "shoulder_r"
        },
        {
          "name": "wrist_r",
          "pivot": [
            -10,
            31,
            -30
          ],
          "cubes": [
            {
              "origin": [
                -11.5,
                26.0,
                -31.0
              ],
              "size": [
                4.0,
                5.0,
                2.0
              ],
              "uv": [
                36,
                43
              ],
              "inflate": 0
            }
          ],
          "parent": "elbow_r",
          "rotation": [
            0,
            30,
            0
          ]
        },
        {
          "name": "finger_r",
          "pivot": [
            -10,
            26.5,
            -30.5
          ],
          "cubes": [
            {
              "origin": [
                -11.0,
                20.0,
                -31.0
              ],
              "size": [
                0.0,
                6.0,
                2.0
              ],
              "uv": [
                26,
                78
              ],
              "inflate": 0
            },
            {
              "origin": [
                -9.0,
                18.0,
                -31.0
              ],
              "size": [
                0.0,
                8.0,
                2.0
              ],
              "uv": [
                44,
                0
              ],
              "inflate": 0
            }
          ],
          "parent": "wrist_r"
        },
        {
          "name": "tail0",
          "pivot": [
            0,
            68,
            22
          ],
          "cubes": [
            {
              "origin": [
                -8.0,
                56.0,
                16.0
              ],
              "size": [
                16.0,
                22.0,
                51.0
              ],
              "uv": [
                0,
                0
              ],
              "inflate": 0
            },
            {
              "origin": [
                -9.0,
                77.0,
                26.0
              ],
              "size": [
                18.0,
                3.0,
                42.0
              ],
              "uv": [
                83,
                0
              ],
              "inflate": 0
            }
          ],
          "parent": "root",
          "rotation": [
            17.5,
            0,
            0
          ]
        },
        {
          "name": "tail1",
          "pivot": [
            0,
            69,
            65
          ],
          "cubes": [
            {
              "origin": [
                -6.0,
                62.0,
                65.0
              ],
              "size": [
                12.0,
                14.0,
                38.0
              ],
              "uv": [
                68,
                102
              ],
              "inflate": 0
            },
            {
              "origin": [
                -7.0,
                75.0,
                67.0
              ],
              "size": [
                14.0,
                4.0,
                37.0
              ],
              "uv": [
                130,
                85
              ],
              "inflate": 0
            }
          ],
          "parent": "tail0",
          "rotation": [
            -5,
            0,
            0
          ]
        },
        {
          "name": "tail2",
          "pivot": [
            0,
            70,
            101
          ],
          "cubes": [
            {
              "origin": [
                -3.0,
                66.0,
                101.0
              ],
              "size": [
                6.0,
                8.0,
                40.0
              ],
              "uv": [
                128,
                126
              ],
              "inflate": 0
            },
            {
              "origin": [
                -7.0,
                65.0,
                140.0
              ],
              "size": [
                15.0,
                12.0,
                20.0
              ],
              "uv": [
                180,
                126
              ],
              "inflate": 0
            }
          ],
          "parent": "tail1"
        },
        {
          "name": "rump_l",
          "pivot": [
            10,
            63,
            7
          ],
          "cubes": [
            {
              "origin": [
                4.0,
                44.0,
                -4.0
              ],
              "size": [
                12.0,
                30.0,
                22.0
              ],
              "uv": [
                140,
                174
              ],
              "inflate": 0
            }
          ],
          "parent": "root",
          "rotation": [
            -2.5,
            0,
            0
          ]
        },
        {
          "name": "hip_l",
          "pivot": [
            10,
            46,
            3
          ],
          "cubes": [
            {
              "origin": [
                6.0,
                18.0,
                -3.0
              ],
              "size": [
                8.0,
                30.0,
                12.0
              ],
              "uv": [
                83,
                0
              ],
              "inflate": 0
            }
          ],
          "parent": "rump_l"
        },
        {
          "name": "knee_l",
          "pivot": [
            10,
            20,
            4
          ],
          "cubes": [
            {
              "origin": [
                7.0,
                0.0,
                0.0
              ],
              "size": [
                6.0,
                20.0,
                8.0
              ],
              "uv": [
                182,
                233
              ],
              "inflate": 0
            }
          ],
          "parent": "hip_l"
        },
        {
          "name": "ankle_l",
          "pivot": [
            10,
            2,
            3
          ],
          "parent": "knee_l"
        },
        {
          "name": "toe0_l",
          "pivot": [
            7,
            2,
            1
          ],
          "cubes": [
            {
              "origin": [
                5.0,
                0.0,
                -10.0
              ],
              "size": [
                4.0,
                4.0,
                11.0
              ],
              "uv": [
                195,
                106
              ],
              "inflate": 0
            },
            {
              "origin": [
                7.0,
                -1.0,
                -16.0
              ],
              "size": [
                0.0,
                5.0,
                6.0
              ],
              "uv": [
                0,
                36
              ],
              "inflate": 0
            }
          ],
          "parent": "ankle_l",
          "rotation": [
            -40,
            0,
            0
          ]
        },
        {
          "name": "toe1_l",
          "pivot": [
            10,
            2,
            1
          ],
          "cubes": [
            {
              "origin": [
                8.0,
                0.0,
                -9.0
              ],
              "size": [
                4.0,
                4.0,
                10.0
              ],
              "uv": [
                28,
                236
              ],
              "inflate": 0
            },
            {
              "origin": [
                10.0,
                0.0,
                -13.0
              ],
              "size": [
                0.0,
                3.0,
                4.0
              ],
              "uv": [
                73,
                82
              ],
              "inflate": 0
            }
          ],
          "parent": "ankle_l"
        },
        {
          "name": "toe2_l",
          "pivot": [
            13,
            2,
            1
          ],
          "cubes": [
            {
              "origin": [
                11.0,
                0.0,
                -9.0
              ],
              "size": [
                4.0,
                4.0,
                10.0
              ],
              "uv": [
                0,
                236
              ],
              "inflate": 0
            },
            {
              "origin": [
                13.0,
                0.0,
                -13.0
              ],
              "size": [
                0.0,
                3.0,
                4.0
              ],
              "uv": [
                73,
                79
              ],
              "inflate": 0
            }
          ],
          "parent": "ankle_l"
        },
        {
          "name": "toe3_l",
          "pivot": [
            8,
            11,
            3
          ],
          "cubes": [
            {
              "origin": [
                7.0,
                5.0,
                3.0
              ],
              "size": [
                2.0,
                6.0,
                0.0
              ],
              "uv": [
                83,
                45
              ],
              "inflate": 0
            }
          ],
          "parent": "knee_l"
        },
        {
          "name": "rump_r",
          "pivot": [
            -10,
            63,
            7
          ],
          "cubes": [
            {
              "origin": [
                -16.0,
                44.0,
                -4.0
              ],
              "size": [
                12.0,
                30.0,
                22.0
              ],
              "uv": [
                72,
                154
              ],
              "inflate": 0
            }
          ],
          "parent": "root",
          "rotation": [
            -5,
            0,
            0
          ]
        },
        {
          "name": "hip_r",
          "pivot": [
            -10,
            46,
            3
          ],
          "cubes": [
            {
              "origin": [
                -14.0,
                18.0,
                -3.0
              ],
              "size": [
                8.0,
                30.0,
                12.0
              ],
              "uv": [
                0,
                0
              ],
              "inflate": 0
            }
          ],
          "parent": "rump_r"
        },
        {
          "name": "knee_r",
          "pivot": [
            -10,
            20,
            4
          ],
          "cubes": [
            {
              "origin": [
                -13.0,
                0.0,
                0.0
              ],
              "size": [
                6.0,
                20.0,
                8.0
              ],
              "uv": [
                154,
                226
              ],
              "inflate": 0
            }
          ],
          "parent": "hip_r"
        },
        {
          "name": "ankle_r",
          "pivot": [
            -10,
            2,
            3
          ],
          "parent": "knee_r"
        },
        {
          "name": "toe0_r",
          "pivot": [
            -7,
            2,
            1
          ],
          "cubes": [
            {
              "origin": [
                -9.0,
                0.0,
                -9.0
              ],
              "size": [
                4.0,
                4.0,
                10.0
              ],
              "uv": [
                230,
                233
              ],
              "inflate": 0
            },
            {
              "origin": [
                -7.0,
                -1.0,
                -15.0
              ],
              "size": [
                0.0,
                5.0,
                6.0
              ],
              "uv": [
                0,
                0
              ],
              "inflate": 0
            }
          ],
          "parent": "ankle_r",
          "rotation": [
            -40.02687,
            1.91486,
            -1.60757
          ]
        },
        {
          "name": "toe1_r",
          "pivot": [
            -10,
            2,
            1
          ],
          "cubes": [
            {
              "origin": [
                -12.0,
                0.0,
                -9.0
              ],
              "size": [
                4.0,
                4.0,
                10.0
              ],
              "uv": [
                105,
                206
              ],
              "inflate": 0
            },
            {
              "origin": [
                -10.0,
                0.0,
                -13.0
              ],
              "size": [
                0.0,
                3.0,
                4.0
              ],
              "uv": [
                0,
                43
              ],
              "inflate": 0
            }
          ],
          "parent": "ankle_r"
        },
        {
          "name": "toe2_r",
          "pivot": [
            -13,
            2,
            1
          ],
          "cubes": [
            {
              "origin": [
                -15.0,
                0.0,
                -9.0
              ],
              "size": [
                4.0,
                4.0,
                10.0
              ],
              "uv": [
                130,
                126
              ],
              "inflate": 0
            },
            {
              "origin": [
                -13.0,
                0.0,
                -13.0
              ],
              "size": [
                0.0,
                3.0,
                4.0
              ],
              "uv": [
                20,
                38
              ],
              "inflate": 0
            }
          ],
          "parent": "ankle_r"
        },
        {
          "name": "toe3_r",
          "pivot": [
            -8,
            11,
            3
          ],
          "cubes": [
            {
              "origin": [
                -9.0,
                5.0,
                3.0
              ],
              "size": [
                2.0,
                6.0,
                0.0
              ],
              "uv": [
                8,
                0
              ],
              "inflate": 0
            }
          ],
          "parent": "knee_r"
        }
      ]
    }
  ]
}