{
  "format_version": "1.12.0",
  "minecraft:geometry": [
    {
      "description": {
        "identifier": "geometry.me_little",
        "texture_width": 256,
        "texture_height": 256,
        "visible_bounds_width": 42,
        "visible_bounds_height": 40,
        "visible_bounds_offset": [
          0,
          0,
          0
        ]
      },
      "bones": [
        {
          "name": "root",
          "pivot": [
            0,
            64,
            8
          ],
          "cubes": [
            {
              "origin": [
                -10.0,
                51.0,
                -9.0
              ],
              "size": [
                20.0,
                29.0,
                33.0
              ],
              "uv": [
                95,
                35
              ],
              "inflate": 0
            }
          ],
          "locators": {}
        },
        {
          "name": "spine0",
          "pivot": [
            0,
            64,
            -8
          ],
          "cubes": [
            {
              "origin": [
                -12.0,
                50.0,
                -22.0
              ],
              "size": [
                24.0,
                29.0,
                17.0
              ],
              "uv": [
                80,
                145
              ],
              "inflate": 0
            }
          ],
          "parent": "root",
          "rotation": [
            5,
            0,
            0
          ]
        },
        {
          "name": "chest",
          "pivot": [
            0,
            64,
            -21
          ],
          "cubes": [
            {
              "origin": [
                -10.0,
                50.0,
                -38.0
              ],
              "size": [
                20.0,
                30.0,
                20.0
              ],
              "uv": [
                0,
                131
              ],
              "inflate": 0
            }
          ],
          "parent": "spine0"
        },
        {
          "name": "neck0",
          "pivot": [
            0,
            69,
            -34
          ],
          "cubes": [
            {
              "origin": [
                -6.0,
                55.0,
                -44.0
              ],
              "size": [
                12.0,
                20.0,
                18.0
              ],
              "uv": [
                144,
                179
              ],
              "inflate": 0
            }
          ],
          "parent": "chest",
          "rotation": [
            -27.5,
            0,
            0
          ]
        },
        {
          "name": "neck1",
          "pivot": [
            0,
            70,
            -44
          ],
          "cubes": [
            {
              "origin": [
                -5.0,
                56.0,
                -54.0
              ],
              "size": [
                10.0,
                20.0,
                12.0
              ],
              "uv": [
                134,
                97
              ],
              "inflate": 0
            }
          ],
          "parent": "neck0"
        },
        {
          "name": "head",
          "pivot": [
            0,
            69,
            -54
          ],
          "cubes": [
            {
              "origin": [
                -7.0,
                69.0,
                -68.0
              ],
              "size": [
                14.0,
                10.0,
                18.0
              ],
              "uv": [
                0,
                181
              ],
              "inflate": 0
            },
            {
              "origin": [
                3.0,
                79.0,
                -68.0
              ],
              "size": [
                4.0,
                2.0,
                10.0
              ],
              "uv": [
                46,
                181
              ],
              "inflate": 0
            },
            {
              "origin": [
                -7.0,
                79.0,
                -68.0
              ],
              "size": [
                4.0,
                2.0,
                10.0
              ],
              "uv": [
                168,
                55
              ],
              "inflate": 0
            },
            {
              "origin": [
                -8.0,
                66.0,
                -69.0
              ],
              "size": [
                16.0,
                4.0,
                10.0
              ],
              "uv": [
                178,
                104
              ],
              "inflate": 0
            },
            {
              "origin": [
                -6.0,
                59.0,
                -69.0
              ],
              "size": [
                12.0,
                9.0,
                10.0
              ],
              "uv": [
                64,
                191
              ],
              "inflate": 0
            },
            {
              "origin": [
                -5.0,
                65.0,
                -88.0
              ],
              "size": [
                10.0,
                14.0,
                20.0
              ],
              "uv": [
                80,
                0
              ],
              "inflate": 0
            },
            {
              "origin": [
                -7.0,
                58.0,
                -59.0
              ],
              "size": [
                14.0,
                11.0,
                9.0
              ],
              "uv": [
                73,
                97
              ],
              "inflate": 0
            },
            {
              "origin": [
                -5.0,
                63.0,
                -88.0
              ],
              "size": [
                10.0,
                2.0,
                18.0
              ],
              "uv": [
                145,
                231
              ],
              "inflate": 0
            }
          ],
          "parent": "neck1",
          "rotation": [
            17.5,
            0,
            0
          ]
        },
        {
          "name": "eyelids",
          "pivot": [
            0,
            73.5,
            -66.01
          ],
          "cubes": [
            {
              "origin": [
                5.01,
                73.0,
                -68.01
              ],
              "size": [
                2.0,
                5.0,
                4.0
              ],
              "uv": [
                36,
                38
              ],
              "inflate": 0
            },
            {
              "origin": [
                -7.01,
                72.0,
                -68.01
              ],
              "size": [
                2.0,
                5.0,
                4.0
              ],
              "uv": [
                0,
                0
              ],
              "inflate": 0
            }
          ],
          "parent": "head"
        },
        {
          "name": "jaw",
          "pivot": [
            0,
            68,
            -59
          ],
          "cubes": [
            {
              "origin": [
                -7.0,
                58.0,
                -69.0
              ],
              "size": [
                14.0,
                8.0,
                10.0
              ],
              "uv": [
                120,
                0
              ],
              "inflate": 1
            },
            {
              "origin": [
                -4.0,
                58.0,
                -88.0
              ],
              "size": [
                8.0,
                7.0,
                20.0
              ],
              "uv": [
                181,
                77
              ],
              "inflate": 0
            },
            {
              "origin": [
                -4.0,
                65.0,
                -87.0
              ],
              "size": [
                8.0,
                2.0,
                18.0
              ],
              "uv": [
                2,
                228
              ],
              "inflate": 0
            }
          ],
          "parent": "head"
        },
        {
          "name": "shoulder_l",
          "pivot": [
            10,
            60,
            -30
          ],
          "cubes": [
            {
              "origin": [
                9.0,
                52.5,
                -32.5
              ],
              "size": [
                3.0,
                10.0,
                5.0
              ],
              "uv": [
                80,
                0
              ],
              "inflate": 0
            }
          ],
          "parent": "chest"
        },
        {
          "name": "elbow_l",
          "pivot": [
            10,
            53,
            -29
          ],
          "cubes": [
            {
              "origin": [
                8.5,
                45.0,
                -32.0
              ],
              "size": [
                3.0,
                8.0,
                4.0
              ],
              "uv": [
                28,
                68
              ],
              "inflate": 0
            }
          ],
          "parent": "shoulder_l"
        },
        {
          "name": "wrist_l",
          "pivot": [
            10,
            45,
            -30
          ],
          "cubes": [
            {
              "origin": [
                8.5,
                40.0,
                -31.0
              ],
              "size": [
                3.0,
                5.0,
                2.0
              ],
              "uv": [
                38,
                40
              ],
              "inflate": 0
            }
          ],
          "parent": "elbow_l"
        },
        {
          "name": "finger_l",
          "pivot": [
            10,
            40.5,
            -30.5
          ],
          "cubes": [
            {
              "origin": [
                11.0,
                37.0,
                -31.0
              ],
              "size": [
                0.0,
                3.0,
                2.0
              ],
              "uv": [
                42,
                7
              ],
              "inflate": 0
            },
            {
              "origin": [
                9.0,
                36.0,
                -31.0
              ],
              "size": [
                0.0,
                4.0,
                2.0
              ],
              "uv": [
                42,
                0
              ],
              "inflate": 0
            }
          ],
          "parent": "wrist_l"
        },
        {
          "name": "shoulder_r",
          "pivot": [
            -10,
            59,
            -30
          ],
          "cubes": [
            {
              "origin": [
                -12.0,
                51.5,
                -32.5
              ],
              "size": [
                4.0,
                10.0,
                5.0
              ],
              "uv": [
                73,
                68
              ],
              "inflate": 0
            }
          ],
          "parent": "chest"
        },
        {
          "name": "elbow_r",
          "pivot": [
            -10,
            52,
            -29
          ],
          "cubes": [
            {
              "origin": [
                -11.5,
                44.0,
                -32.0
              ],
              "size": [
                3.0,
                8.0,
                4.0
              ],
              "uv": [
                235,
                71
              ],
              "inflate": 0
            }
          ],
          "parent": "shoulder_r"
        },
        {
          "name": "wrist_r",
          "pivot": [
            -10,
            44,
            -30
          ],
          "cubes": [
            {
              "origin": [
                -11.5,
                39.0,
                -31.0
              ],
              "size": [
                3.0,
                5.0,
                2.0
              ],
              "uv": [
                0,
                0
              ],
              "inflate": 0
            }
          ],
          "parent": "elbow_r"
        },
        {
          "name": "finger_r",
          "pivot": [
            -10,
            39.5,
            -30.5
          ],
          "cubes": [
            {
              "origin": [
                -11.0,
                36.0,
                -31.0
              ],
              "size": [
                0.0,
                3.0,
                2.0
              ],
              "uv": [
                42,
                4
              ],
              "inflate": 0
            },
            {
              "origin": [
                -9.0,
                35.0,
                -31.0
              ],
              "size": [
                0.0,
                4.0,
                2.0
              ],
              "uv": [
                8,
                5
              ],
              "inflate": 0
            }
          ],
          "parent": "wrist_r"
        },
        {
          "name": "tail0",
          "pivot": [
            0,
            68,
            22
          ],
          "cubes": [
            {
              "origin": [
                -8.0,
                56.0,
                22.0
              ],
              "size": [
                16.0,
                20.0,
                48.0
              ],
              "uv": [
                0,
                0
              ],
              "inflate": 0
            }
          ],
          "parent": "root",
          "rotation": [
            7.5,
            0,
            0
          ]
        },
        {
          "name": "tail1",
          "pivot": [
            0,
            69,
            56
          ],
          "cubes": [
            {
              "origin": [
                -6.0,
                62.0,
                69.0
              ],
              "size": [
                12.0,
                14.0,
                49.0
              ],
              "uv": [
                0,
                68
              ],
              "inflate": 0
            }
          ],
          "parent": "tail0",
          "rotation": [
            -7.5,
            0,
            0
          ]
        },
        {
          "name": "tail2",
          "pivot": [
            0,
            70,
            92
          ],
          "cubes": [
            {
              "origin": [
                -3.0,
                66.0,
                115.0
              ],
              "size": [
                6.0,
                8.0,
                40.0
              ],
              "uv": [
                82,
                97
              ],
              "inflate": 0
            }
          ],
          "parent": "tail1"
        },
        {
          "name": "rump_l",
          "pivot": [
            10,
            63,
            7
          ],
          "cubes": [
            {
              "origin": [
                4.0,
                40.0,
                -4.0
              ],
              "size": [
                12.0,
                34.0,
                22.0
              ],
              "uv": [
                162,
                123
              ],
              "inflate": 0
            }
          ],
          "parent": "root"
        },
        {
          "name": "hip_l",
          "pivot": [
            10,
            46,
            3
          ],
          "cubes": [
            {
              "origin": [
                6.0,
                18.0,
                -3.0
              ],
              "size": [
                8.0,
                30.0,
                12.0
              ],
              "uv": [
                0,
                68
              ],
              "inflate": 0
            }
          ],
          "parent": "rump_l"
        },
        {
          "name": "knee_l",
          "pivot": [
            10,
            20,
            4
          ],
          "cubes": [
            {
              "origin": [
                7.0,
                0.0,
                0.0
              ],
              "size": [
                6.0,
                20.0,
                8.0
              ],
              "uv": [
                204,
                179
              ],
              "inflate": 0
            }
          ],
          "parent": "hip_l"
        },
        {
          "name": "ankle_l",
          "pivot": [
            10,
            2,
            3
          ],
          "parent": "knee_l"
        },
        {
          "name": "toe0_l",
          "pivot": [
            7,
            2,
            1
          ],
          "cubes": [
            {
              "origin": [
                5.0,
                0.0,
                -7.0
              ],
              "size": [
                4.0,
                4.0,
                8.0
              ],
              "uv": [
                204,
                207
              ],
              "inflate": 0
            },
            {
              "origin": [
                7.0,
                0.0,
                -11.0
              ],
              "size": [
                0.0,
                3.0,
                4.0
              ],
              "uv": [
                40,
                20
              ],
              "inflate": 0
            }
          ],
          "parent": "ankle_l"
        },
        {
          "name": "toe1_l",
          "pivot": [
            10,
            2,
            1
          ],
          "cubes": [
            {
              "origin": [
                8.0,
                0.0,
                -9.0
              ],
              "size": [
                4.0,
                4.0,
                10.0
              ],
              "uv": [
                162,
                8
              ],
              "inflate": 0
            },
            {
              "origin": [
                10.0,
                0.0,
                -13.0
              ],
              "size": [
                0.0,
                3.0,
                4.0
              ],
              "uv": [
                40,
                17
              ],
              "inflate": 0
            }
          ],
          "parent": "ankle_l"
        },
        {
          "name": "toe2_l",
          "pivot": [
            13,
            2,
            1
          ],
          "cubes": [
            {
              "origin": [
                11.0,
                0.0,
                -9.0
              ],
              "size": [
                4.0,
                4.0,
                10.0
              ],
              "uv": [
                140,
                18
              ],
              "inflate": 0
            },
            {
              "origin": [
                13.0,
                0.0,
                -13.0
              ],
              "size": [
                0.0,
                3.0,
                4.0
              ],
              "uv": [
                235,
                115
              ],
              "inflate": 0
            }
          ],
          "parent": "ankle_l"
        },
        {
          "name": "toe3_l",
          "pivot": [
            8,
            11,
            3
          ],
          "cubes": [
            {
              "origin": [
                7.0,
                5.0,
                3.0
              ],
              "size": [
                2.0,
                6.0,
                0.0
              ],
              "uv": [
                40,
                33
              ],
              "inflate": 0
            }
          ],
          "parent": "knee_l"
        },
        {
          "name": "rump_r",
          "pivot": [
            -10,
            63,
            7
          ],
          "cubes": [
            {
              "origin": [
                -16.0,
                41.0,
                -4.0
              ],
              "size": [
                12.0,
                33.0,
                22.0
              ],
              "uv": [
                168,
                0
              ],
              "inflate": 0
            }
          ],
          "parent": "root"
        },
        {
          "name": "hip_r",
          "pivot": [
            -10,
            46,
            3
          ],
          "cubes": [
            {
              "origin": [
                -14.0,
                18.0,
                -3.0
              ],
              "size": [
                8.0,
                30.0,
                12.0
              ],
              "uv": [
                80,
                213
              ],
              "inflate": 0
            },
            {
              "origin": [
                -11.0,
                46.0,
                2.0
              ],
              "size": [
                2.0,
                2.0,
                2.0
              ],
              "uv": [
                0,
                0
              ],
              "inflate": 0
            }
          ],
          "parent": "rump_r"
        },
        {
          "name": "knee_r",
          "pivot": [
            -10,
            20,
            4
          ],
          "cubes": [
            {
              "origin": [
                -13.0,
                0.0,
                0.0
              ],
              "size": [
                6.0,
                20.0,
                8.0
              ],
              "uv": [
                108,
                191
              ],
              "inflate": 0
            }
          ],
          "parent": "hip_r"
        },
        {
          "name": "ankle_r",
          "pivot": [
            -10,
            2,
            3
          ],
          "parent": "knee_r"
        },
        {
          "name": "toe0_r",
          "pivot": [
            -7,
            2,
            1
          ],
          "cubes": [
            {
              "origin": [
                -9.0,
                0.0,
                -7.0
              ],
              "size": [
                4.0,
                4.0,
                8.0
              ],
              "uv": [
                196,
                55
              ],
              "inflate": 0
            },
            {
              "origin": [
                -7.0,
                0.0,
                -11.0
              ],
              "size": [
                0.0,
                3.0,
                4.0
              ],
              "uv": [
                40,
                11
              ],
              "inflate": 0
            }
          ],
          "parent": "ankle_r"
        },
        {
          "name": "toe1_r",
          "pivot": [
            -10,
            2,
            1
          ],
          "cubes": [
            {
              "origin": [
                -12.0,
                0.0,
                -9.0
              ],
              "size": [
                4.0,
                4.0,
                10.0
              ],
              "uv": [
                60,
                135
              ],
              "inflate": 0
            },
            {
              "origin": [
                -10.0,
                0.0,
                -13.0
              ],
              "size": [
                0.0,
                3.0,
                4.0
              ],
              "uv": [
                40,
                8
              ],
              "inflate": 0
            }
          ],
          "parent": "ankle_r"
        },
        {
          "name": "toe2_r",
          "pivot": [
            -13,
            2,
            1
          ],
          "cubes": [
            {
              "origin": [
                -15.0,
                0.0,
                -9.0
              ],
              "size": [
                4.0,
                4.0,
                10.0
              ],
              "uv": [
                80,
                34
              ],
              "inflate": 0
            },
            {
              "origin": [
                -13.0,
                0.0,
                -13.0
              ],
              "size": [
                0.0,
                3.0,
                4.0
              ],
              "uv": [
                0,
                3
              ],
              "inflate": 0
            }
          ],
          "parent": "ankle_r"
        },
        {
          "name": "toe3_r",
          "pivot": [
            -8,
            11,
            3
          ],
          "cubes": [
            {
              "origin": [
                -9.0,
                5.0,
                3.0
              ],
              "size": [
                2.0,
                6.0,
                0.0
              ],
              "uv": [
                40,
                27
              ],
              "inflate": 0
            }
          ],
          "parent": "knee_r"
        },
        {
          "name": "bone",
          "pivot": [
            0,
            64,
            8
          ],
          "parent": "root"
        }
      ]
    }
  ]
}