{
  "format_version": "1.12.0",
  "minecraft:geometry": [
    {
      "description": {
        "identifier": "geometry.me_ourano",
        "texture_width": 512,
        "texture_height": 512,
        "visible_bounds_width": 22,
        "visible_bounds_height": 11,
        "visible_bounds_offset": [
          0,
          1.5,
          0
        ]
      },
      "bones": [
        {
          "name": "root",
          "pivot": [
            0,
            62,
            32
          ],
          "cubes": [
            {
              "origin": [
                -13.0,
                34.0,
                13.0
              ],
              "size": [
                26.0,
                42.0,
                40.0
              ],
              "uv": [
                0,
                0
              ],
              "inflate": 0
            },
            {
              "origin": [
                -4.0,
                75.0,
                11.0
              ],
              "size": [
                9.0,
                18.0,
                34.0
              ],
              "uv": [
                0,
                157
              ],
              "inflate": 0
            },
            {
              "origin": [
                -3.0,
                59.0,
                49.0
              ],
              "size": [
                7.0,
                24.0,
                10.0
              ],
              "pivot": [
                0.0,
                62.0,
                32.0
              ],
              "rotation": [
                30.0,
                0.0,
                0.0
              ],
              "uv": [
                0,
                157
              ],
              "inflate": 0
            }
          ]
        },
        {
          "name": "spikes2",
          "pivot": [
            7,
            83,
            35
          ],
          "parent": "root"
        },
        {
          "name": "spikes3",
          "pivot": [
            -7,
            83,
            35
          ],
          "parent": "root"
        },
        {
          "name": "spine0",
          "pivot": [
            0,
            62,
            18
          ],
          "cubes": [
            {
              "origin": [
                -13.0,
                33.0,
                -18.0
              ],
              "size": [
                26.0,
                42.0,
                33.0
              ],
              "uv": [
                0,
                82
              ],
              "inflate": 0
            },
            {
              "origin": [
                -4.0,
                73.0,
                -9.0
              ],
              "size": [
                9.0,
                23.0,
                23.0
              ],
              "uv": [
                190,
                92
              ],
              "inflate": 0
            },
            {
              "origin": [
                -3.0,
                44.0,
                -22.0
              ],
              "size": [
                7.0,
                36.0,
                13.0
              ],
              "pivot": [
                0.0,
                62.0,
                18.0
              ],
              "rotation": [
                -27.5,
                0.0,
                0.0
              ],
              "uv": [
                58,
                225
              ],
              "inflate": 0
            }
          ],
          "parent": "root"
        },
        {
          "name": "chest",
          "pivot": [
            0,
            62,
            -12
          ],
          "cubes": [
            {
              "origin": [
                -11.0,
                27.0,
                -17.0
              ],
              "size": [
                22.0,
                33.0,
                35.0
              ],
              "pivot": [
                0.0,
                27.0,
                -17.0
              ],
              "rotation": [
                45.0,
                0.0,
                0.0
              ],
              "uv": [
                97,
                47
              ],
              "inflate": 0
            }
          ],
          "parent": "spine0"
        },
        {
          "name": "neck0",
          "pivot": [
            0,
            47,
            -26
          ],
          "cubes": [
            {
              "origin": [
                -7.0,
                39.0,
                -51.0
              ],
              "size": [
                15.0,
                18.0,
                20.0
              ],
              "uv": [
                92,
                0
              ],
              "inflate": 0
            }
          ],
          "parent": "chest",
          "rotation": [
            -37.5,
            0,
            0
          ]
        },
        {
          "name": "neck1",
          "pivot": [
            0,
            48,
            -51
          ],
          "cubes": [
            {
              "origin": [
                -4.5,
                41.0,
                -69.0
              ],
              "size": [
                10.0,
                13.0,
                19.0
              ],
              "uv": [
                0,
                209
              ],
              "inflate": 0
            }
          ],
          "parent": "neck0",
          "rotation": [
            -15,
            0,
            0
          ]
        },
        {
          "name": "spikes6",
          "pivot": [
            4,
            56,
            -59
          ],
          "parent": "neck1"
        },
        {
          "name": "spikes7",
          "pivot": [
            -4,
            56,
            -59
          ],
          "parent": "neck1"
        },
        {
          "name": "head",
          "pivot": [
            0,
            50,
            -66
          ],
          "cubes": [
            {
              "origin": [
                -3.5,
                47.0,
                -95.0
              ],
              "size": [
                7.0,
                6.0,
                12.0
              ],
              "uv": [
                98,
                178
              ],
              "inflate": 0
            },
            {
              "origin": [
                -5.5,
                44.0,
                -83.0
              ],
              "size": [
                11.0,
                11.0,
                18.0
              ],
              "uv": [
                176,
                53
              ],
              "inflate": 0
            },
            {
              "origin": [
                -4.0,
                47.0,
                -96.0
              ],
              "size": [
                8.0,
                6.0,
                6.0
              ],
              "uv": [
                74,
                157
              ],
              "inflate": 0
            },
            {
              "origin": [
                -2.0,
                38.0,
                -83.0
              ],
              "size": [
                4.0,
                7.0,
                4.0
              ],
              "pivot": [
                0.0,
                50.0,
                -66.0
              ],
              "rotation": [
                -40.0,
                0.0,
                0.0
              ],
              "uv": [
                92,
                0
              ],
              "inflate": 0
            }
          ],
          "parent": "neck1",
          "rotation": [
            49.93826,
            1.45556,
            -1.2894
          ]
        },
        {
          "name": "eyelids",
          "pivot": [
            0,
            54,
            -76
          ],
          "parent": "head"
        },
        {
          "name": "jaw",
          "pivot": [
            0,
            47,
            -83
          ],
          "cubes": [
            {
              "origin": [
                -2.5,
                44.0,
                -95.0
              ],
              "size": [
                5.0,
                4.0,
                12.0
              ],
              "uv": [
                52,
                157
              ],
              "inflate": 0
            },
            {
              "origin": [
                -4.0,
                44.0,
                -96.0
              ],
              "size": [
                8.0,
                3.0,
                6.0
              ],
              "uv": [
                132,
                38
              ],
              "inflate": 0
            }
          ],
          "parent": "head"
        },
        {
          "name": "spikes5",
          "pivot": [
            -8,
            66,
            -28
          ],
          "parent": "chest"
        },
        {
          "name": "spikes4",
          "pivot": [
            8,
            66,
            -28
          ],
          "parent": "chest"
        },
        {
          "name": "shoulder_l",
          "pivot": [
            11,
            47,
            -16
          ],
          "cubes": [
            {
              "origin": [
                8.0,
                23.0,
                -21.0
              ],
              "size": [
                9.0,
                25.0,
                12.0
              ],
              "uv": [
                222,
                138
              ],
              "inflate": 0
            }
          ],
          "parent": "chest"
        },
        {
          "name": "elbow_l",
          "pivot": [
            11,
            27,
            -12
          ],
          "cubes": [
            {
              "origin": [
                9.0,
                2.0,
                -18.0
              ],
              "size": [
                7.0,
                22.0,
                8.0
              ],
              "uv": [
                0,
                82
              ],
              "inflate": 0
            }
          ],
          "parent": "shoulder_l"
        },
        {
          "name": "wrist_l",
          "pivot": [
            11,
            10,
            -12
          ],
          "cubes": [
            {
              "origin": [
                8.0,
                0.0,
                -24.0
              ],
              "size": [
                9.0,
                5.0,
                14.0
              ],
              "uv": [
                227,
                0
              ],
              "inflate": 0
            }
          ],
          "parent": "elbow_l"
        },
        {
          "name": "shoulder_r",
          "pivot": [
            -10,
            47,
            -18
          ],
          "cubes": [
            {
              "origin": [
                -16.0,
                23.0,
                -22.0
              ],
              "size": [
                9.0,
                25.0,
                11.0
              ],
              "uv": [
                0,
                0
              ],
              "inflate": 0
            }
          ],
          "parent": "chest"
        },
        {
          "name": "elbow_r",
          "pivot": [
            -10,
            27,
            -14
          ],
          "cubes": [
            {
              "origin": [
                -15.0,
                4.0,
                -20.0
              ],
              "size": [
                7.0,
                20.0,
                8.0
              ],
              "uv": [
                118,
                115
              ],
              "inflate": 0
            }
          ],
          "parent": "shoulder_r"
        },
        {
          "name": "wrist_r",
          "pivot": [
            -10,
            10,
            -14
          ],
          "cubes": [
            {
              "origin": [
                -16.0,
                0.0,
                -26.0
              ],
              "size": [
                9.0,
                5.0,
                14.0
              ],
              "uv": [
                225,
                175
              ],
              "inflate": 0
            }
          ],
          "parent": "elbow_r"
        },
        {
          "name": "spikes1",
          "pivot": [
            -6,
            83,
            0
          ],
          "parent": "spine0"
        },
        {
          "name": "spikes0",
          "pivot": [
            6,
            83,
            -1
          ],
          "parent": "spine0"
        },
        {
          "name": "tail0",
          "pivot": [
            0,
            59,
            48
          ],
          "cubes": [
            {
              "origin": [
                -10.0,
                44.0,
                46.0
              ],
              "size": [
                20.0,
                31.0,
                32.0
              ],
              "uv": [
                118,
                115
              ],
              "inflate": 0
            }
          ],
          "parent": "root"
        },
        {
          "name": "frill1",
          "pivot": [
            6,
            72,
            73
          ],
          "parent": "tail0"
        },
        {
          "name": "frill2",
          "pivot": [
            -6,
            72,
            73
          ],
          "parent": "tail0"
        },
        {
          "name": "tail1",
          "pivot": [
            0,
            59,
            87
          ],
          "cubes": [
            {
              "origin": [
                -6.0,
                47.0,
                73.0
              ],
              "size": [
                12.0,
                26.0,
                27.0
              ],
              "uv": [
                176,
                0
              ],
              "inflate": 0
            }
          ],
          "parent": "tail0"
        },
        {
          "name": "frill3",
          "pivot": [
            5,
            68,
            105
          ],
          "parent": "tail1"
        },
        {
          "name": "frill4",
          "pivot": [
            -5,
            68,
            105
          ],
          "parent": "tail1"
        },
        {
          "name": "tail2",
          "pivot": [
            0,
            60,
            120
          ],
          "cubes": [
            {
              "origin": [
                -3.0,
                51.0,
                88.0
              ],
              "size": [
                6.0,
                16.0,
                36.0
              ],
              "uv": [
                50,
                173
              ],
              "inflate": 0
            }
          ],
          "parent": "tail1"
        },
        {
          "name": "frill5",
          "pivot": [
            2,
            67,
            143
          ],
          "parent": "tail2"
        },
        {
          "name": "frill6",
          "pivot": [
            -2,
            67,
            143
          ],
          "parent": "tail2"
        },
        {
          "name": "spikes8",
          "pivot": [
            5,
            65,
            150
          ],
          "parent": "tail2"
        },
        {
          "name": "spikes9",
          "pivot": [
            -5,
            65,
            150
          ],
          "parent": "tail2"
        },
        {
          "name": "rump_l",
          "pivot": [
            20,
            62,
            32
          ],
          "cubes": [
            {
              "origin": [
                11.0,
                32.0,
                24.0
              ],
              "size": [
                10.0,
                41.0,
                17.0
              ],
              "uv": [
                188,
                178
              ],
              "inflate": 0
            }
          ],
          "parent": "root"
        },
        {
          "name": "hip_l",
          "pivot": [
            20,
            36,
            31
          ],
          "cubes": [
            {
              "origin": [
                12.0,
                4.0,
                31.0
              ],
              "size": [
                7.0,
                31.0,
                10.0
              ],
              "uv": [
                98,
                225
              ],
              "inflate": 0
            }
          ],
          "parent": "rump_l"
        },
        {
          "name": "knee_l",
          "pivot": [
            20,
            5,
            40
          ],
          "cubes": [
            {
              "origin": [
                11.0,
                1.0,
                26.0
              ],
              "size": [
                9.0,
                5.0,
                15.0
              ],
              "uv": [
                219,
                67
              ],
              "inflate": 0
            }
          ],
          "parent": "hip_l"
        },
        {
          "name": "rump_r",
          "pivot": [
            -20,
            62,
            32
          ],
          "cubes": [
            {
              "origin": [
                -20.0,
                30.0,
                25.0
              ],
              "size": [
                9.0,
                43.0,
                18.0
              ],
              "uv": [
                134,
                178
              ],
              "inflate": 0
            }
          ],
          "parent": "root"
        },
        {
          "name": "hip_r",
          "pivot": [
            -20,
            36,
            30
          ],
          "cubes": [
            {
              "origin": [
                -19.0,
                4.0,
                32.0
              ],
              "size": [
                7.0,
                29.0,
                8.0
              ],
              "uv": [
                234,
                228
              ],
              "inflate": 0
            }
          ],
          "parent": "rump_r"
        },
        {
          "name": "knee_r",
          "pivot": [
            -20,
            5,
            39
          ],
          "cubes": [
            {
              "origin": [
                -19.0,
                1.0,
                26.0
              ],
              "size": [
                8.0,
                5.0,
                14.0
              ],
              "uv": [
                142,
                0
              ],
              "inflate": 1
            }
          ],
          "parent": "hip_r"
        }
      ]
    }
  ]
}