{
	"format_version": "1.10.0",
	"animation_controllers": {
		"controller.animation.crocodilian_pd": {
			"initial_state": "default",
			"states": {
				"default": {
					"animations": [
						"idle",
						"look_at_target",
						"walk_controller"
					],
					"transitions": [
						{
							"idling_water": "query.modified_move_speed<0.1&&query.is_in_water"
						},
						{
							"swim": "query.modified_move_speed>0.1&&query.is_in_water"
						},
						{
							"attack_ground": "query.is_delayed_attacking==1&&!query.is_in_water"
						},
						{
							"attack_water": "query.is_delayed_attacking==1&&query.is_in_water"
						},
						{
							"resting": "query.mark_variant==1"
						}
					],
					"blend_transition": 0.2
				},
				"attack_ground": {
					"animations": [
						"attack_ground"
					],
					"transitions": [
						{
							"default": "query.is_delayed_attacking==0&&!query.is_in_water"
						}
					],
					"blend_transition": 0.2
				},
				"attack_water": {
					"animations": [
						"attack_water"
					],
					"transitions": [
						{
							"default": "query.is_delayed_attacking==0&&!query.is_in_water"
						},
						{
							"idling_water": "query.is_in_water&&query.modified_move_speed<0.15"
						},
						{
							"swim": "query.modified_move_speed>0.1&&query.is_in_water"
						}
					],
					"blend_transition": 0.2
				},
				"swim": {
					"animations": [
						"swim"
					],
					"transitions": [
						{
							"default": "!query.is_in_water"
						},
						{
							"idling_water": "query.is_in_water&&query.modified_move_speed<0.15"
						},
						{
							"attack_water": "query.is_delayed_attacking==1&&query.is_in_water"
						}
					],
					"blend_transition": 0.2
				},
				"idling_water": {
					"animations": [
						"idling_water"
					],
					"transitions": [
						{
							"default": "!query.is_in_water"
						},
						{
							"swim": "query.modified_move_speed>0.1&&query.is_in_water"
						}
					],
					"blend_transition": 0.2
				},
				"resting": {
					"animations": [
						"resting"
					],
					"transitions": [
						{
							"default": "query.mark_variant!=1"
						}
					],
					"blend_transition": 0.2
				}
			}
		},
		"controller.animation.crocodilian_pd.walk": {
			"initial_state": "default",
			"states": {
				"default": {
					"transitions": [
						{
							"walk": "query.modified_move_speed>0.1&&!query.is_in_water"
						}
					],
					"blend_transition": 0.2
				},
				"walk": {
					"animations": [
						"walk"
					],
					"transitions": [
						{
							"default": "query.modified_move_speed<0.1&&!query.is_in_water"
						}
					],
					"blend_transition": 0.2
				}
			}
		}
	}
}