{
	"format_version": "1.10.0",
	"animation_controllers": {
		"controller.animation.dinosaur": {
			"initial_state": "walk",
			"states": {
				"walk": {
					"animations": [
						"idle",
						{
							"walk": "query.modified_move_speed"
						}
					],
					"transitions": [
						{
							"attack": "query.is_delayed_attacking==1"
						}
					],
					"blend_transition": 0.2
				},
				"attack": {
					"animations": [
						"attack"
					],
					"transitions": [
						{
							"walk": "query.is_delayed_attacking==0&&query.all_animations_finished"
						}
					],
					"blend_transition": 0.2
				}
			}
		}
	}
}