{
	"format_version": "1.10.0",
	"animation_controllers": {
		"controller.animation.leedsychtys": {
			"initial_state": "default",
			"states": {
				"defaukt": {
					"transitions": [
						{
							"swim": "query.is_in_water"
						}
					]
				},
				"swim": {
					"animations": [
						"swim"
					],
					"transitions": [
						{
							"default": "query.is_in_water"
						},
						{
							"attack": "query.is_in_water&&variable.has_target&&query.is_delayed_attacking"
						}
					]
				},
				"attack": {
					"animations": [
						"attack"
					],
					"transitions": [
						{
							"swim": "query.is_in_water&&!variable.has_target&&query.is_delayes_attacking==0"
						},
						{
							"default": "!query.is_in_water&&!variable.has_target&&query.is_delayes_attacking==0"
						}
					]
				}
			}
		}
	}
}