{"format_version":"1.8.0","animations":{"animation.yg_speed_toilet.general":{"loop":true,"animation_length":0.08333,"bones":{"Body":{"rotation":{"0.0":[0,0,-2.5],"0.0417":[0,0,5],"0.0833":[0,0,-2.5]}},"Neck":{"rotation":{"0.0":[0,0,-5],"0.0417":[0,0,5],"0.0833":[0,0,-5]}},"Head":{"rotation":{"0.0":[0,0,12.5],"0.0417":[0,0,-17.5],"0.0833":[0,0,12.5]}},"Mouth":{"scale":{"0.0":[1.2,1.1,1],"0.0417":[0.8,1.3,1],"0.0833":[1.2,1.1,1]}}},"particle_effects":{"0.0":{"effect":"speed","locator":"energy"}}}}}