{
    "resource_pack_name": "tlw",
    "texture_name": "atlas.items",
    "texture_data": {
        // eggs
        "velociraptor_egg": { "textures": [ "textures/item/eggs/velociraptor_egg" ] },
        "indoraptor_egg": { "textures": [ "textures/item/eggs/indoraptor_egg" ] },
        "compy_egg": { "textures": [ "textures/item/eggs/compy_egg" ] },
        "carnotaurus_egg": { "textures": [ "textures/item/eggs/carno_egg" ] },
        //hatched eggs
        "hatched_velociraptor_egg": { "textures": [ "textures/item/eggs/hatched/hatched_velo" ] },
        "hatched_indoraptor_egg": { "textures": [ "textures/item/eggs/hatched/hatched_indo" ] },
        "hatched_compy_egg": { "textures": [ "textures/item/eggs/hatched/hatched_compy" ] },
        "hatched_carnotaurus_egg": { "textures": [ "textures/item/eggs/hatched/hatched_carno" ] },

        //misc
        "amber": { "textures": [ "textures/item/enviromental/amber" ] },
        "bucketofspinopoo": { "textures": [ "textures/item/misc/bucketofspinoshit" ] },
        "lid": { "textures": [ "textures/item/misc/lid" ] },
        "glass": { "textures": [ "textures/item/misc/glass" ] },
        "base": { "textures": [ "textures/item/misc/base" ] },
        "tank": { "textures": [ "textures/item/misc/tank" ] },
        "wrench": { "textures": [ "textures/item/misc/wrench" ] },
        //dna
        "brachi_dna": { "textures": [ "textures/item/dna/brachi" ] },
        "carno_dna": { "textures": [ "textures/item/dna/carno" ] },
        "compy_dna": { "textures": [ "textures/item/dna/compy" ] },
        "dilo_dna": { "textures": [ "textures/item/dna/dilo" ] },
        "frog_dna": { "textures": [ "textures/item/dna/frog" ] },
        "galli_dna": { "textures": [ "textures/item/dna/galli" ] },
        "giga_dna": { "textures": [ "textures/item/dna/galli" ] },
        "irex_dna": { "textures": [ "textures/item/dna/giga" ] },
        "mosa_dna": { "textures": [ "textures/item/dna/irex" ] },
        "pachy_dna": { "textures": [ "textures/item/dna/pachy" ] },
        "spino_dna": { "textures": [ "textures/item/dna/spino" ] },
        "tylo_dna": { "textures": [ "textures/item/dna/tylo" ] },

        "dilophosaurus_egg": { "textures": [ "textures/item/eggs/dilophosaurus_egg" ] },
        "gallimimus_egg": { "textures": [ "textures/item/eggs/gallimimus_egg" ] },
        "giganotosaurus_egg": { "textures": [ "textures/item/eggs/giganotosaurus_egg" ] },
        "indominusrex_egg": { "textures": [ "textures/item/eggs/indominusrex_egg" ] },
        "mosasurus_egg": { "textures": [ "textures/item/eggs/mosasurus_egg" ] },
        "pachycephalosaurus_egg": { "textures": [ "textures/item/eggs/pachycephalosaurus_egg" ] },
        "spinosarus_egg": { "textures": [ "textures/item/eggs/spinosarus_egg" ] },
        "triceratops_egg": { "textures": [ "textures/item/eggs/triceratops_egg" ] },
        "tylosaurus_egg": { "textures": [ "textures/item/eggs/tylosaurus_egg" ] },
        "tyrannosaus_egg": { "textures": [ "textures/item/eggs/tyrannosaus_egg" ] },
        "brachiosaurus_egg": { "textures": [ "textures/item/eggs/brachiosaurus_egg" ] },

        "hatched_dilophosaurus_egg": { "textures": [ "textures/item/eggs/hatched/hatched_dilophosaurus_egg" ] },
        "hatched_gallimimus_egg": { "textures": [ "textures/item/eggs/hatched/hatched_gallimimus_egg" ] },
        "hatched_giganotosaurus_egg": { "textures": [ "textures/item/eggs/hatched/hatched_giganotosaurus_egg" ] },
        "hatched_indominusrex_egg": { "textures": [ "textures/item/eggs/hatched/hatched_indominusrex_egg" ] },
        "hatched_mosasurus_egg": { "textures": [ "textures/item/eggs/hatched/hatched_mosasurus_egg" ] },
        "hatched_pachycephalosaurus_egg": { "textures": [ "textures/item/eggs/hatched/hatched_pachycephalosaurus_egg" ] },
        "hatched_spinosarus_egg": { "textures": [ "textures/item/eggs/hatched/hatched_spinosarus_egg" ] },
        "hatched_triceratops_egg": { "textures": [ "textures/item/eggs/hatched/hatched_triceratops_egg" ] },
        "hatched_tylosaurus_egg": { "textures": [ "textures/item/eggs/hatched/hatched_tylosaurus_egg" ] },
        "hatched_tyrannosaus_egg": { "textures": [ "textures/item/eggs/hatched/hatched_tyrannosaus_egg" ] },
        "hatched_brachiosaurus_egg": { "textures": [ "textures/item/eggs/hatched/hatched_brachiosaurus_egg" ] }
    }
}