{
  "js_batrangsmoke_shot": {
    "category": "neutral",
    "sounds": [
      "sounds/js_batrangsmoke_shot"
    ]
  },
  "js_batrangcryptonite_shot": {
    "category": "neutral",
    "sounds": [
      "sounds/js_batrangcryptonite_shot"
    ]
  },
  "kik": {
    "category": "neutral",
    "sounds": [
      "sounds/kik"
    ]
  },
  "kik2": {
    "category": "neutral",
    "sounds": [
      "sounds/kik2"
    ]
  },
  "kik3": {
    "category": "neutral",
    "sounds": [
      "sounds/kik3"
    ]
  },
  "kik4": {
    "category": "neutral",
    "sounds": [
      "sounds/kik4"
    ]
  },
  "wuhu": {
    "category": "neutral",
    "sounds": [
      "sounds/wuhu"
    ]
  },
  "js_webshooter_shot": {
    "category": "neutral",
    "sounds": [
      "sounds/js_webshooter_shot"
    ]
  },
  "mc_heatvisionsiklop_shot": {
    "category": "neutral",
    "sounds": [
      "sounds/mc_heatvisionsiklop_shot"
    ]
  },
  "mc_mysteriomagic_shot": {
    "category": "neutral",
    "sounds": [
      "sounds/mc_mysteriomagic_shot"
    ]
  },
  "js_batmenu_shot": {
    "category": "neutral",
    "sounds": [
      "sounds/js_batmenu_shot"
    ]
  },
  "mc_capshield_shot": {
    "category": "neutral",
    "sounds": [
      "sounds/mc_capshield_shot"
    ]
  },
  "mc_aquatrident_shot": {
    "category": "neutral",
    "sounds": [
      "sounds/mc_aquatrident_shot"
    ]
  },
  "mc_darts_shot": {
    "category": "neutral",
    "sounds": [
      "sounds/mc_darts_shot"
    ]
  },
  "mc_mjolnir_shot": {
    "category": "neutral",
    "sounds": [
      "sounds/mc_mjolnir_shot"
    ]
  },
  "mc_grapplinghook_shot": {
    "category": "neutral",
    "sounds": [
      "sounds/mc_grapplinghook_shot"
    ]
  },
  "mc_pistolgun_shot": {
    "category": "neutral",
    "sounds": [
      "sounds/mc_pistolgun_shot"
    ]
  },
  "js_webswing_shot": {
    "category": "neutral",
    "sounds": [
      "sounds/js_webswing_shot"
    ]
  },
  "js_webomb_shot": {
    "category": "neutral",
    "sounds": [
      "sounds/js_webomb_shot"
    ]
  },
  "js_stormbreaker_shot": {
    "category": "neutral",
    "sounds": [
      "sounds/js_stormbreaker_shot"
    ]
  },
  "js_webzip_shot": {
    "category": "neutral",
    "sounds": [
      "sounds/js_webzip_shot"
    ]
  },
  "js_webricochet_shot": {
    "category": "neutral",
    "sounds": [
      "sounds/js_webricochet_shot"
    ]
  },
  "wind": {
    "category": "neutral",
    "sounds": [
      "sounds/wind"
    ]
  },
  "uch": {
    "category": "neutral",
    "sounds": [
      "sounds/uch"
    ]
  },
  "uch2": {
    "category": "neutral",
    "sounds": [
      "sounds/uch2"
    ]
  }
}