{
  "format_version": "1.8.0",
  "animations": {
    "animation.iron_golem.attack": {
      "loop": true,
      "bones": {
        "arm0": {
          "rotation": [
            "-114 + ((1.5 * math.abs(math.mod(variable.attack_animation_tick - query.frame_alpha, 10) - 5) - 2.5) / 5) * 57.3",
            0,
            0
          ]
        },
        "arm1": {
          "rotation": [
            "-114 + ((1.5 * math.abs(math.mod(variable.attack_animation_tick - query.frame_alpha, 10) - 5) - 2.5) / 5) * 57.3",
            0,
            0
          ]
        }
      }
    },
    "animation.lv_cho_cho_charles.flower": {
      "loop": true,
      "bones": {
        "arm0": {
          "rotation": [
            "-45.8 + ((0.25 * math.abs(math.mod(variable.offer_flower_tick, 70) - 35) - 17.5) / 35)",
            0,
            0
          ]
        }
      }
    },
    "animation.iron_golem.move": {
      "loop": true,
      "bones": {
        "arm0": {
          "rotation": [
            "-variable.modified_tcos0 * 2.0",
            0,
            0
          ]
        },
        "arm1": {
          "rotation": [
            "variable.modified_tcos0 * 2.0",
            0,
            0
          ]
        }
      }
    },
    "animation.iron_golem.move_to_target": {
      "loop": true,
      "bones": {
        "arm0": {
          "rotation": [
            "((math.abs(math.mod(query.modified_distance_moved, 13) - 6.5) - 3.25) / 2.25) * 30.0",
            0,
            0
          ]
        },
        "arm1": {
          "rotation": [
            "((math.abs(math.mod(query.modified_distance_moved, 13) - 6.5) - 3.25) / 2.25) * -30.0",
            0,
            0
          ]
        }
      }
    },
    "animation.iron_golem.walk": {
      "loop": true,
      "bones": {
        "body": {
          "rotation": [
            0,
            0,
            "variable.modified_tcos0 / 1.5"
          ]
        },
        "head": {
          "rotation": [
            0,
            0,
            "variable.modified_tcos0 / 1.5"
          ]
        },
        "leg0": {
          "rotation": [
            "variable.modified_tcos0 * 6.0",
            0,
            0
          ]
        },
        "leg1": {
          "rotation": [
            "-variable.modified_tcos0 * 6.0",
            0,
            0
          ]
        }
      }
    },
    "animation.iron_golem.walk_to_target": {
      "loop": true,
      "bones": {
        "body": {
          "rotation": [
            0,
            0,
            "2.0 * (math.abs(math.mod(query.modified_distance_moved + 6, 13.0) - 6.5) - 3.25)"
          ]
        },
        "head": {
          "rotation": [
            0,
            0,
            "2.0 * (math.abs(math.mod(query.modified_distance_moved + 6, 13.0) - 6.5) - 3.25)"
          ]
        },
        "leg0": {
          "rotation": [
            "(math.cos(query.modified_distance_moved * 38.17) * 40.0)",
            0,
            0
          ]
        },
        "leg1": {
          "rotation": [
            "(math.cos(query.modified_distance_moved * 38.17 + 180) * 40.0)",
            0,
            0
          ]
        }
      }
    },
    "animation.lv_cho_cho_charles.general_1": {
      "loop": true,
      "animation_length": 3,
      "bones": {
        "Body": {
          "rotation": {
            "0.0": [
              0,
              0,
              0
            ],
            "1.5": [
              2.5,
              0,
              0
            ],
            "3.0": [
              0,
              0,
              0
            ]
          },
          "position": {
            "0.0": [
              0,
              0,
              0
            ],
            "1.5": [
              0,
              -1,
              0
            ],
            "3.0": [
              0,
              0,
              0
            ]
          }
        },
        "bone3": {
          "rotation": {
            "0.0": [
              0,
              0,
              0
            ],
            "1.5": [
              0,
              0,
              0
            ],
            "3.0": [
              0,
              0,
              0
            ]
          },
          "position": {
            "0.0": [
              0,
              0,
              0
            ],
            "1.5": [
              0,
              0.1,
              0
            ],
            "3.0": [
              0,
              0,
              0
            ]
          }
        },
        "bone9": {
          "rotation": {
            "0.0": [
              0,
              0,
              0
            ],
            "1.5": [
              15,
              0,
              0
            ],
            "3.0": [
              0,
              0,
              0
            ]
          },
          "position": {
            "0.0": [
              0,
              0,
              0
            ],
            "1.5": [
              0,
              -0.5,
              -0.3
            ],
            "3.0": [
              0,
              0,
              0
            ]
          }
        }
      }
    },
    "animation.lv_cho_cho_charles.move_2": {
      "loop": true,
      "animation_length": 1,
      "bones": {
        "Leg6": {
          "rotation": {
            "0.0": [
              -10.2748,
              14.20494,
              -5.57083
            ],
            "0.5": [
              0,
              -10,
              0
            ],
            "0.75": [
              1.56418,
              14.18041,
              8.46161
            ],
            "1.0": [
              -10.2748,
              14.20494,
              -5.57083
            ]
          },
          "position": {
            "0.0": [
              0,
              0,
              -2
            ],
            "0.5": [
              0,
              0,
              0
            ],
            "0.75": [
              0,
              2,
              -1
            ],
            "1.0": [
              0,
              0,
              -2
            ]
          }
        },
        "Leg4": {
          "rotation": {
            "0.0": [
              0,
              -10,
              0
            ],
            "0.5": [
              0,
              12.5,
              0
            ],
            "0.75": [
              -0.16318,
              6.2393,
              -7.50176
            ],
            "1.0": [
              0,
              -10,
              0
            ]
          },
          "position": {
            "0.0": [
              0,
              0,
              -1
            ],
            "0.5": [
              0,
              0,
              -1
            ],
            "0.75": [
              0,
              2,
              0
            ],
            "1.0": [
              0,
              0,
              -1
            ]
          }
        },
        "Leg5": {
          "rotation": {
            "0.0": [
              0,
              10,
              0
            ],
            "0.25": [
              0.67472,
              -9.22895,
              -8.58067
            ],
            "0.5": [
              -10.2748,
              -14.20494,
              5.57083
            ],
            "1.0": [
              0,
              10,
              0
            ]
          },
          "position": {
            "0.0": [
              0,
              0,
              1
            ],
            "0.25": [
              0,
              2,
              -0.5
            ],
            "0.5": [
              0,
              0,
              -2
            ],
            "1.0": [
              0,
              0,
              1
            ]
          }
        },
        "Leg3": {
          "rotation": {
            "0.0": [
              0,
              -12.5,
              0
            ],
            "0.25": [
              -0.16318,
              -6.2393,
              7.50176
            ],
            "0.5": [
              0,
              10,
              0
            ],
            "1.0": [
              0,
              -12.5,
              0
            ]
          },
          "position": {
            "0.0": [
              0,
              0,
              -1
            ],
            "0.25": [
              0,
              2,
              0
            ],
            "0.5": [
              0,
              0,
              -1
            ],
            "1.0": [
              0,
              0,
              -1
            ]
          }
        },
        "Leg2": {
          "rotation": {
            "0.0": [
              0,
              15,
              0
            ],
            "0.5": [
              -5.03568,
              -12.48837,
              -0.54145
            ],
            "1.0": [
              0,
              15,
              0
            ]
          },
          "position": {
            "0.0": [
              0,
              0,
              1
            ],
            "0.25": [
              0,
              2,
              0
            ],
            "0.5": [
              0,
              0,
              -1
            ],
            "1.0": [
              0,
              0,
              1
            ]
          }
        },
        "Leg": {
          "rotation": {
            "0.0": [
              -5.03568,
              12.48837,
              0.54145
            ],
            "0.5": [
              0,
              -17.5,
              0
            ],
            "1.0": [
              -5.03568,
              12.48837,
              0.54145
            ]
          },
          "position": {
            "0.0": [
              0,
              0,
              -1
            ],
            "0.5": [
              0,
              0,
              0
            ],
            "0.75": [
              0,
              3,
              -0.5
            ],
            "1.0": [
              0,
              0,
              -1
            ]
          }
        },
        "Body": {
          "rotation": {
            "0.0": [
              5.00474,
              -2.49048,
              -0.21803
            ],
            "0.25": [
              0,
              -5,
              7.5
            ],
            "0.5": [
              5.00474,
              2.49048,
              0.21803
            ],
            "0.75": [
              0.28115,
              5.56974,
              -7.39218
            ],
            "1.0": [
              5.00474,
              -2.49048,
              -0.21803
            ]
          },
          "position": {
            "0.0": [
              0,
              1,
              0
            ],
            "0.25": [
              -1,
              3,
              0
            ],
            "0.5": [
              0,
              1,
              0
            ],
            "0.75": [
              1,
              3,
              0
            ],
            "1.0": [
              0,
              1,
              0
            ]
          }
        },
        "bone8": {
          "rotation": {
            "0.0": [
              0,
              0,
              0
            ],
            "0.5": [
              0,
              0,
              0
            ],
            "0.75": [
              0,
              0,
              10
            ],
            "1.0": [
              0,
              0,
              0
            ]
          }
        },
        "bone6": {
          "rotation": {
            "0.0": [
              0,
              0,
              0
            ],
            "0.5": [
              0,
              0,
              0
            ],
            "0.75": [
              0,
              0,
              -15
            ],
            "1.0": [
              0,
              0,
              0
            ]
          }
        },
        "bone7": {
          "rotation": {
            "0.0": [
              0,
              0,
              0
            ],
            "0.25": [
              0,
              0,
              -10
            ],
            "0.5": [
              0,
              0,
              0
            ],
            "1.0": [
              0,
              0,
              0
            ]
          }
        },
        "bone5": {
          "rotation": {
            "0.0": [
              0,
              0,
              0
            ],
            "0.25": [
              0,
              0,
              15
            ],
            "0.5": [
              0,
              0,
              0
            ],
            "1.0": [
              0,
              0,
              0
            ]
          }
        },
        "bone4": {
          "rotation": {
            "0.0": [
              0,
              0,
              0
            ],
            "0.25": [
              0,
              0,
              -20
            ],
            "0.5": [
              0,
              0,
              0
            ],
            "1.0": [
              0,
              0,
              0
            ]
          }
        },
        "bone2": {
          "rotation": {
            "0.0": [
              0,
              0,
              0
            ],
            "0.5": [
              0,
              0,
              0
            ],
            "0.75": [
              0,
              0,
              20
            ],
            "1.0": [
              0,
              0,
              0
            ]
          }
        },
        "bone3": {
          "rotation": {
            "0.0": [
              0,
              0,
              0
            ],
            "0.25": [
              0,
              0,
              0
            ],
            "0.5": [
              0,
              0,
              0
            ],
            "0.75": [
              0,
              0,
              0
            ],
            "1.0": [
              0,
              0,
              0
            ]
          },
          "position": {
            "0.0": [
              0,
              0,
              0
            ],
            "0.25": [
              0,
              0.6,
              0
            ],
            "0.5": [
              0,
              0,
              0
            ],
            "0.75": [
              0,
              0.6,
              0
            ],
            "1.0": [
              0,
              0,
              0
            ]
          }
        },
        "bone9": {
          "rotation": {
            "0.0": [
              0,
              0,
              0
            ],
            "0.25": [
              10,
              0,
              0
            ],
            "0.5": [
              0,
              0,
              0
            ],
            "0.75": [
              10,
              0,
              0
            ],
            "1.0": [
              0,
              0,
              0
            ]
          },
          "position": {
            "0.0": [
              0,
              0,
              0
            ],
            "0.25": [
              0,
              -0.25,
              -1
            ],
            "0.5": [
              0,
              0,
              0
            ],
            "0.75": [
              0,
              -0.25,
              -1
            ],
            "1.0": [
              0,
              0,
              0
            ]
          }
        }
      }
    },
    "animation.lv_cho_cho_charles.jumpscare": {
      "animation_length": 1.25,
      "bones": {
        "Root": {
          "rotation": {
            "0.0": [
              0,
              0,
              0
            ],
            "0.25": [
              -15,
              0,
              0
            ]
          }
        },
        "Body": {
          "rotation": {
            "0.0": [
              0,
              0,
              0
            ],
            "0.8333": [
              -5,
              0,
              0
            ]
          },
          "position": {
            "0.0": [
              0,
              0,
              0
            ],
            "0.5": [
              0,
              1.55291,
              5.79555
            ],
            "0.8333": [
              0,
              -1.29701,
              -4.82518
            ],
            "1.0": [
              0,
              1.55291,
              -9.20445
            ]
          }
        },
        "Paa": {
          "rotation": {
            "0.0": [
              0,
              25,
              0
            ],
            "0.25": [
              -22.90981,
              10.28859,
              -67.09019
            ],
            "0.5": [
              -9.41764,
              50.7661,
              31.42111
            ],
            "0.75": [
              -83.80378,
              62.60737,
              -33.61858
            ]
          }
        },
        "Paa2": {
          "rotation": [
            0,
            7.5,
            0
          ]
        },
        "Paa3": {
          "rotation": [
            0,
            -15,
            0
          ]
        },
        "Paa4": {
          "rotation": [
            0,
            -22.5,
            0
          ]
        },
        "Paa5": {
          "rotation": [
            0,
            22.5,
            0
          ]
        },
        "Paa6": {
          "rotation": [
            0,
            10,
            0
          ]
        },
        "Paa7": {
          "rotation": [
            0,
            -7.5,
            0
          ]
        },
        "Paa8": {
          "rotation": {
            "0.0": [
              0,
              -27.5,
              0
            ],
            "0.25": [
              -23.09454,
              -15.35793,
              58.15593
            ],
            "0.5": [
              -0.67685,
              -44.88954,
              -34.84792
            ],
            "0.75": [
              -81.01595,
              -61.16759,
              33.68432
            ]
          }
        }
      }
    },
    "animation.lv_cho_cho_charles.looking": {
      "loop": true
    }
  }
}