{
  "format_version": "1.8.0",
  "animations": {
    "animation.witch.general": {
      "loop": true,
      "bones": {
        "nose": {
          "rotation": [
            "(variable.isholdingitem ? -25.7831 : (math.sin(query.life_time * 57.296) * 4.5)) - this",
            0,
            "(math.cos(query.life_time * 57.296) * 2.5) - this"
          ]
        }
      }
    },
    "animation.witch.villager_general": {
      "loop": true,
      "bones": {
        "arms": {
          "position": [
            0,
            -1,
            -1
          ],
          "rotation": [
            "-42.97 - this",
            0,
            0
          ]
        }
      }
    },
    "animation.witch.move": {
      "anim_time_update": "query.modified_distance_moved",
      "loop": true,
      "bones": {
        "leg0": {
          "rotation": [
            "(math.cos(query.anim_time * 38.17) * 40.0) - this",
            "-this",
            0
          ]
        },
        "leg1": {
          "rotation": [
            "(math.cos(query.anim_time * 38.17 + 180) * 40.0) - this",
            "-this",
            0
          ]
        }
      }
    },
    "animation.mc_droner.walk": {
      "loop": true,
      "animation_length": 0.45833,
      "bones": {
        "Body": {
          "position": {
            "0.0": [
              0,
              0,
              0
            ],
            "0.2083": [
              0,
              1,
              0
            ],
            "0.4167": [
              0,
              0,
              0
            ]
          }
        },
        "tire1": {
          "rotation": {
            "0.0": [
              0,
              0,
              0
            ],
            "0.4583": [
              270,
              0,
              0
            ]
          }
        },
        "tire2": {
          "rotation": {
            "0.0": [
              0,
              0,
              0
            ],
            "0.4583": [
              270,
              0,
              0
            ]
          }
        }
      }
    },
    "animation.lv_droner.gere": {
      "loop": true,
      "animation_length": 2,
      "bones": {
        "Body": {
          "rotation": {
            "0.0": {
              "post": [
                0,
                0,
                0
              ],
              "lerp_mode": "catmullrom"
            },
            "1.0": {
              "post": [
                0,
                0,
                0
              ],
              "lerp_mode": "catmullrom"
            },
            "2.0": {
              "post": [
                0,
                0,
                0
              ],
              "lerp_mode": "catmullrom"
            }
          },
          "position": {
            "0.0": {
              "post": [
                0,
                0,
                0
              ],
              "lerp_mode": "catmullrom"
            },
            "0.5": {
              "post": [
                0,
                1,
                0
              ],
              "lerp_mode": "catmullrom"
            },
            "1.0": {
              "post": [
                0,
                0,
                0
              ],
              "lerp_mode": "catmullrom"
            },
            "1.5": {
              "post": [
                0,
                0.94,
                0
              ],
              "lerp_mode": "catmullrom"
            },
            "2.0": {
              "post": [
                0,
                0,
                0
              ],
              "lerp_mode": "catmullrom"
            }
          }
        },
        "bone": {
          "rotation": {
            "0.0": {
              "post": [
                0,
                0,
                0
              ],
              "lerp_mode": "catmullrom"
            }
          },
          "scale": {
            "0.0": [
              0,
              1,
              1
            ],
            "0.25": {
              "pre": [
                0,
                1,
                1
              ],
              "post": [
                0.6,
                0.7,
                1
              ]
            },
            "0.4583": {
              "pre": [
                0.6,
                0.7,
                1
              ],
              "post": [
                1,
                1,
                1
              ]
            },
            "0.75": {
              "pre": [
                1,
                1,
                1
              ],
              "post": [
                0,
                1,
                1
              ]
            },
            "1.0": {
              "pre": [
                0,
                1,
                1
              ],
              "post": [
                0.6,
                0.7,
                1
              ]
            },
            "1.25": {
              "pre": [
                0.6,
                0.7,
                1
              ],
              "post": [
                1,
                1,
                1
              ]
            },
            "1.5": {
              "pre": [
                1,
                1,
                1
              ],
              "post": [
                0,
                1,
                1
              ]
            },
            "1.75": {
              "pre": [
                0,
                1,
                1
              ],
              "post": [
                0.6,
                0.7,
                1
              ]
            },
            "2.0": {
              "pre": [
                0.6,
                0.7,
                1
              ],
              "post": [
                1,
                1,
                1
              ]
            }
          }
        },
        "bone2": {
          "rotation": {
            "0.0": {
              "post": [
                0,
                0,
                0
              ],
              "lerp_mode": "catmullrom"
            },
            "2.0": {
              "post": [
                0,
                360,
                0
              ],
              "lerp_mode": "catmullrom"
            }
          },
          "scale": {
            "0.0": [
              1,
              1,
              1
            ],
            "1.0": [
              1,
              1,
              1
            ],
            "2.0": [
              1,
              1,
              1
            ]
          }
        }
      }
    }
  }
}