{
  "format_version": "1.8.0",
  "animations": {
    "animation.iron_golem.attack": {
      "loop": true,
      "bones": {
        "arm0": {
          "rotation": [
            "-114 + ((1.5 * math.abs(math.mod(variable.attack_animation_tick - query.frame_alpha, 10) - 5) - 2.5) / 5) * 57.3",
            0,
            0
          ]
        },
        "arm1": {
          "rotation": [
            "-114 + ((1.5 * math.abs(math.mod(variable.attack_animation_tick - query.frame_alpha, 10) - 5) - 2.5) / 5) * 57.3",
            0,
            0
          ]
        }
      }
    },
    "animation.lv_mr_opila_bird.flower": {
      "loop": true,
      "bones": {
        "arm0": {
          "rotation": [
            "-45.8 + ((0.25 * math.abs(math.mod(variable.offer_flower_tick, 70) - 35) - 17.5) / 35)",
            0,
            0
          ]
        }
      }
    },
    "animation.iron_golem.move": {
      "loop": true,
      "bones": {
        "arm0": {
          "rotation": [
            "-variable.modified_tcos0 * 2.0",
            0,
            0
          ]
        },
        "arm1": {
          "rotation": [
            "variable.modified_tcos0 * 2.0",
            0,
            0
          ]
        }
      }
    },
    "animation.iron_golem.move_to_target": {
      "loop": true,
      "bones": {
        "arm0": {
          "rotation": [
            "((math.abs(math.mod(query.modified_distance_moved, 13) - 6.5) - 3.25) / 2.25) * 30.0",
            0,
            0
          ]
        },
        "arm1": {
          "rotation": [
            "((math.abs(math.mod(query.modified_distance_moved, 13) - 6.5) - 3.25) / 2.25) * -30.0",
            0,
            0
          ]
        }
      }
    },
    "animation.iron_golem.walk": {
      "loop": true,
      "bones": {
        "Body": {
          "rotation": [
            0,
            0,
            "variable.modified_tcos0 / 1.5"
          ]
        },
        "Head": {
          "rotation": [
            0,
            0,
            "variable.modified_tcos0 / 1.5"
          ]
        },
        "leg0": {
          "rotation": [
            "variable.modified_tcos0 * 6.0",
            0,
            0
          ]
        },
        "leg1": {
          "rotation": [
            "-variable.modified_tcos0 * 6.0",
            0,
            0
          ]
        }
      }
    },
    "animation.iron_golem.walk_to_target": {
      "loop": true,
      "bones": {
        "Body": {
          "rotation": [
            0,
            0,
            "2.0 * (math.abs(math.mod(query.modified_distance_moved + 6, 13.0) - 6.5) - 3.25)"
          ]
        },
        "Head": {
          "rotation": [
            0,
            0,
            "2.0 * (math.abs(math.mod(query.modified_distance_moved + 6, 13.0) - 6.5) - 3.25)"
          ]
        },
        "leg0": {
          "rotation": [
            "(math.cos(query.modified_distance_moved * 38.17) * 40.0)",
            0,
            0
          ]
        },
        "leg1": {
          "rotation": [
            "(math.cos(query.modified_distance_moved * 38.17 + 180) * 40.0)",
            0,
            0
          ]
        }
      }
    },
    "animation.lv_mr_opila_bird.looking": {
      "loop": true
    },
    "animation.lv_mr_opila_bird.general": {
      "loop": true,
      "animation_length": 0.75,
      "bones": {
        "Body": {
          "rotation": {
            "0.0": [
              5,
              0,
              0
            ],
            "0.375": [
              0,
              0,
              0
            ],
            "0.7083": [
              10,
              0,
              0
            ]
          }
        },
        "bone6": {
          "rotation": {
            "0.0": [
              17.5,
              0,
              0
            ],
            "0.375": [
              2.5,
              0,
              0
            ],
            "0.7083": [
              17.5,
              0,
              0
            ]
          }
        },
        "bone7": {
          "rotation": {
            "0.0": [
              0,
              -10,
              0
            ],
            "0.375": [
              0,
              -2.5,
              0
            ],
            "0.7083": [
              0,
              -15,
              0
            ]
          }
        },
        "bone8": {
          "rotation": {
            "0.0": [
              0,
              12.5,
              0
            ],
            "0.375": [
              0,
              2.5,
              0
            ],
            "0.7083": [
              0,
              10,
              0
            ]
          }
        }
      }
    },
    "animation.lv_mr_opila_bird.move_1": {
      "loop": true,
      "animation_length": 0.75,
      "bones": {
        "RightLeg": {
          "rotation": {
            "0.0": [
              20,
              0,
              0
            ],
            "0.4167": [
              -32.5,
              0,
              0
            ],
            "0.7083": [
              15,
              0,
              0
            ]
          }
        },
        "bone": {
          "rotation": [
            25,
            0,
            0
          ]
        },
        "LeftLeg": {
          "rotation": {
            "0.0": [
              -25,
              0,
              0
            ],
            "0.4167": [
              17.5,
              0,
              0
            ],
            "0.7083": [
              -20,
              0,
              0
            ]
          }
        },
        "bone4": {
          "rotation": [
            22.5,
            0,
            0
          ]
        },
        "Body": {
          "rotation": {
            "0.0": [
              -2.5,
              0,
              0
            ],
            "0.4167": [
              2.5,
              0,
              0
            ],
            "0.7083": [
              0,
              0,
              0
            ]
          }
        }
      }
    },
    "animation.lv_mr_opila_bird.run": {
      "loop": true,
      "animation_length": 0.75,
      "bones": {
        "RightLeg": {
          "rotation": {
            "0.0": [
              20,
              0,
              0
            ],
            "0.4167": [
              -32.5,
              0,
              0
            ],
            "0.7083": [
              15,
              0,
              0
            ]
          }
        },
        "bone": {
          "rotation": [
            25,
            0,
            0
          ]
        },
        "LeftLeg": {
          "rotation": {
            "0.0": [
              -25,
              0,
              0
            ],
            "0.4167": [
              17.5,
              0,
              0
            ],
            "0.7083": [
              -20,
              0,
              0
            ]
          }
        },
        "bone4": {
          "rotation": [
            22.5,
            0,
            0
          ]
        },
        "Body": {
          "rotation": {
            "0.0": [
              -2.5,
              0,
              0
            ],
            "0.4167": [
              2.5,
              0,
              0
            ],
            "0.7083": [
              0,
              0,
              0
            ]
          }
        },
        "bone3": {
          "rotation": [
            10,
            0,
            0
          ]
        },
        "Head": {
          "rotation": {
            "0.0": [
              -5.03239,
              0.25196,
              0.31763
            ],
            "0.4167": [
              -9.96645,
              -0.31573,
              -0.25681
            ],
            "0.7083": [
              -7.46645,
              -0.31573,
              -0.25681
            ]
          }
        },
        "bone6": {
          "rotation": [
            20,
            0,
            0
          ]
        }
      }
    },
    "animation.lv_mr_opila_bird.attack_2": {
      "loop": true,
      "animation_length": 0.75,
      "bones": {
        "Head": {
          "rotation": {
            "0.0": [
              0,
              0,
              -25
            ],
            "0.25": [
              0,
              0,
              22.5
            ],
            "0.5": [
              0,
              0,
              -17.5
            ],
            "0.7083": [
              0,
              0,
              20
            ]
          }
        },
        "bone6": {
          "rotation": [
            25,
            0,
            0
          ]
        }
      }
    }
  }
}