{
  "format_version": "1.8.0",
  "animations": {
    "animation.lv_remote.hold": {
      "loop": true,
      "bones": {
        "rightItem": {
          "position": [
            0,
            -800,
            0
          ]
        },
        "leftArm": {
          "rotation": [
            0,
            0,
            0
          ],
          "position": [
            0,
            0,
            0
          ]
        },
        "rightArm": {
          "rotation": [
            0,
            0,
            0
          ],
          "position": [
            0,
            0,
            0
          ]
        },
        "pistolRoot": {
          "rotation": [
            0,
            0,
            0
          ],
          "position": [
            0,
            0,
            0
          ],
          "scale": [
            0.35,
            0.35,
            0.35
          ]
        }
      }
    },
    "animation.lv_remote.hold.first_person": {
      "loop": true,
      "animation_length": 11.96667,
      "bones": {
        "rightItem": {
          "position": [
            0,
            -800,
            0
          ]
        },
        "rightArm": {
          "rotation": [
            -10,
            60,
            60
          ],
          "position": [
            0,
            9,
            -7
          ]
        },
        "leftArm": {
          "rotation": [
            90,
            -5,
            180
          ],
          "position": [
            -3,
            0,
            6
          ]
        },
        "pistolRoot": {
          "rotation": [
            0,
            0,
            7.5
          ],
          "position": [
            2,
            0.5,
            -0.3
          ],
          "scale": [
            0.35,
            0.35,
            0.35
          ]
        }
      }
    },
    "animation.lv_remote.new": {
      "loop": true
    },
    "animation.lv_remote.1st_person": {
      "loop": true,
      "bones": {
        "remotehacking": {
          "rotation": [
            50,
            55,
            0
          ],
          "position": [
            0,
            0,
            2
          ]
        }
      }
    },
    "animation.lv_remote.3rd_person": {
      "loop": true,
      "bones": {
        "remotehacking": {
          "position": [
            0,
            0,
            0
          ]
        },
        "rightArm": {
          "position": [
            6,
            9,
            -4
          ]
        }
      }
    },
    "animation.lv_remote.first_person": {
      "loop": true,
      "bones": {
        "Remote": {
          "rotation": [
            "c.is_first_person ? 10 : 0",
            "c.is_first_person ? 60 : 0",
            "c.is_first_person ? -15 : 0"
          ],
          "position": [
            "c.is_first_person ? 0 : 0",
            "c.is_first_person ? 9 : 0",
            "c.is_first_person ? 0 : 0"
          ]
        }
      }
    },
    "animation.lv_remote.third_person": {
      "loop": true,
      "bones": {
        "rightItem": {
          "position": [
            1,
            8,
            -1
          ]
        }
      }
    }
  }
}