{
	"format_version": "1.16.100",
	"minecraft:entity": {
		"description": {
			"identifier": "vl:carnotaurus",
			"is_spawnable": true,
			"is_summonable": true,
			"is_experimental": false,
			"animations": {
				"attackRandom": "controller.animation.carno_attackRandom",
				"headbutt": "animation.headbutt"
			},
			"scripts": {
				"animate": ["attackRandom"]
			}
		},
		"component_groups": {
			//setup ai
			"wake_up":{
				"minecraft:transformation": {
					"delay": 0.5,
					"into": "vl:carnotaurus"
				},
				"minecraft:mark_variant": {
					"value": 2
				}
			},
			"headbutt":{
				"minecraft:timer": {
					"time": 1.7,
					"looping": false,
					"time_down_event": {
						"event": "remove_headbutt",
						"target": "self"
					}
				},
				"minecraft:mark_variant": {
					"value": 2
				}
			},
			"remove_headbutt":{
				"minecraft:mark_variant": {
					"value": 0
				}
			},
			"is_baby_dino": {
				"minecraft:behavior.nearest_attackable_target": {
					"priority": 2,
					"within_radius": 25,
					"must_see": true,
					"must_reach": true,
					"reselect_targets": true,
					"entity_types": [
						{
							"filters": {
								"none_of":{
									"any_of": [
										{
											"test": "is_family",
											"subject": "other",
											"value": "player"
										},
										{
											"test": "is_family",
											"subject": "other",
											"value": "egg_incubator"
										},
										{
											"test": "is_family",
											"subject": "other",
											"value": "villager"
										},
										{
											"test": "is_family",
											"subject": "other",
											"value": "mob"
										},
										{
											"test": "is_family",
											"subject": "other",
											"value": "monster"
										}
									]
								}
							},
							"max_dist": 250
						}
					]
				},
				"minecraft:behavior.avoid_mob_type": {
					"priority": 1,
					"entity_types": [
					{
						"filters": {
						"test": "is_family",
						"subject": "other",
						"value": "player"
						},
						"max_dist": 10,
						"walk_speed_multiplier": 1.8,
						"sprint_speed_multiplier": 1.8
					},
					{
						"filters": {
						"test": "is_family",
						"subject": "other",
						"value": "monster"
						},
						"max_dist": 10,
						"walk_speed_multiplier": 1.8,
						"sprint_speed_multiplier": 1.8
					}
				    ]
			    },
				"minecraft:scale": {
					"value": 0.3
				},
				"minecraft:is_baby": {}
			},
			"start_sleep":{
				"minecraft:behavior.nearest_attackable_target": {
					"priority": 2,
					"within_radius": 25,
					"must_see": true,
					"must_reach": true,
					"reselect_targets": true,
					"entity_types": [
						{
							"filters": {
								"none_of":{
									"any_of": [
										{
											"test": "is_family",
											"subject": "other",
											"value": "player"
										},
										{
											"test": "is_family",
											"subject": "other",
											"value": "villager"
										},
										{
											"test": "is_family",
											"subject": "other",
											"value": "mob"
										},
										{
											"test": "is_family",
											"subject": "other",
											"value": "monster"
										},
										{
											"test": "is_family",
											"subject": "other",
											"value": "carnotaurus"
										}
									]
								}
							},
							"max_dist": 250
						}
					]
				},
				"minecraft:environment_sensor": {
					"triggers": [
						{
							"event": "wake_up",
							"target": "self",
							"filters": {
								"test": "is_daytime",
								"value": true
							}
						}
					]
				},
				"minecraft:attack": {"damage": 0},
				"minecraft:movement": {"value": 0},
				"minecraft:mark_variant": {"value": 1}
			},
			"roar": {
                "minecraft:behavior.summon_entity": {
                    "priority": 0,
                    "summon_choices": [
                        {
                            "weight": 1,
                            "cooldown_time": 100,
                            "cast_duration": 2,
                            "start_sound_event": "plop",
                            "sequence": [
                                {
                                    "shape": "circle",
                                    "target": "self",
                                    "base_delay": 0,
                                    "delay_per_summon": 0.0,
                                    "num_entities_spawned": 0,
                                    "entity_type": "",
                                    "entity_lifespan": 10.0,
                                    "size": 10.0,
                                    "sound_event": "roar"
                                }
                            ]
                        }
                    ]
                }
			}
		},
		"components": {
			"minecraft:environment_sensor": {
				"triggers": [
					{
						"event": "start_sleep",
						"target": "self",
						"filters": {
							"test": "is_daytime",
							"value": false
						}
					}
				]
			},
			"minecraft:attack": {
				"damage": 7
			},
			"minecraft:behavior.nearest_attackable_target": {
				"priority": 1,
				"within_radius": 25,
				"must_see": true,
				"must_reach": true,
				"reselect_targets": true,
				"entity_types": [
					{
						"filters": {
							"none_of":{
								"any_of": [
									{
										"test": "is_family",
										"subject": "other",
										"value": "carnotaurus"
									}
								]
							},
							"any_of": [
								{
									"test": "is_family",
									"subject": "other",
									"value": "player"
								},
								{
									"test": "is_family",
									"subject": "other",
									"value": "villager"
								},
								{
									"test": "is_family",
									"subject": "other",
									"value": "mob"
								},
								{
									"test": "is_family",
									"subject": "other",
									"value": "monster"
								}
							]
						},
						"max_dist": 250
					}
				]
			},
			"minecraft:behavior.random_stroll": {
				"priority": 2,
				"speed_multiplier": 1
			},
			"minecraft:behavior.hurt_by_target": {
				"priority": 4
			},
			"minecraft:knockback_resistance": {
				"value": 1
			},
			"minecraft:experience_reward": {
				"on_death": "query.last_hit_by_player ? 5 : 0"
			},
			"minecraft:breathable": {
				"breathes_water": true,
				"total_supply": 1000,
				"suffocate_time": 0
			},
			"minecraft:nameable": {},
			"minecraft:type_family": {
				"family": ["monster", "dinosaur", "carnotaurus"]
			},
			"minecraft:collision_box": {
				"width": 2.5,
				"height": 4
			},
			"minecraft:movement": {
				"value": 0.2
			},
            "minecraft:behavior.stay_while_sitting": {
                "priority": 2
            },
			"minecraft:behavior.lay_down": {
                "priority": 7,
                "interval": 230,
                "random_stop_interval": 2300
            },
			"minecraft:navigation.generic": {
				"avoid_damage_blocks": false,
				"avoid_portals": false,
				"avoid_sun": false,
				"avoid_water": false,
				"can_breach": false,
				"can_break_doors": false,
				"can_jump": true,
				"can_open_doors": false,
				"can_open_iron_doors": false,
				"can_pass_doors": true,
				"can_path_from_air": false,
				"can_path_over_lava": false,
				"can_path_over_water": true,
				"can_swim": true,
				"can_walk": true,
				"can_walk_in_lava": false,
				"is_amphibious": true
			},
			"minecraft:underwater_movement": {
				"value": 0.2
			},
			"minecraft:movement.amphibious": {
				"max_turn": 180
			},
			"minecraft:jump.static": {},
			"minecraft:can_climb": {},
			"minecraft:health": {
				"value": 100
			},
			"minecraft:hurt_on_condition": {
				"damage_conditions": [
					{
						"filters": {
							"test": "in_lava",
							"subject": "self",
							"operator": "==",
							"value": true
						},
						"cause": "lava",
						"damage_per_tick": 4
					}
				]
			},
			  "minecraft:on_target_escape": {
				"event": "roar",
				"target": "self"
			},
			"minecraft:physics": {},
			"minecraft:pushable": {
				"is_pushable": false,
				"is_pushable_by_piston": true
			},
			"minecraft:behavior.delayed_attack": {
                "attack_duration": 1.4,
                "hit_delay_pct": 0.3,
                "melee_fov": 120,
                "priority": 1,
                "speed_multiplier": 2.3,
                "track_target": true,
                "reach_multiplier": 1.5
             },
			"minecraft:follow_range": {
				"value": 25
			}
		},
		"events": {
			"start_sleep":{
				"add": {
					"component_groups": ["start_sleep"]
				}
			},
			"is_baby_dino":{
				"add": {
					"component_groups": ["is_baby_dino"]
				}
			},
			"wake_up":{
				"remove": {
					"component_groups": ["start_sleep"]
				},
				"add": {
					"component_groups": ["wake_up"]
				}
			},
			"headbutt":{
				"add": {
					"component_groups": ["headbutt"]
				}
			},
			"remove_headbutt":{
				"remove": {
					"component_groups": ["headbutt"]
				},
				"add": {
					"component_groups": ["remove_headbutt"]
				}
			},

			
			"roar":{
				"add": {
					"component_groups": ["roar"]
				}
			}
		}
	}
}