{
	"format_version": "1.16.100",
	"minecraft:entity": {
		"description": {
			"identifier": "vl:compsognathus",
			"is_spawnable": true,
			"is_summonable": true,
			"is_experimental": false
		},
		"component_groups": {
			"despawn":{
				"minecraft:instant_despawn": {
					"remove_child_entities": false
				}
			}
		},
		"components": {
			"minecraft:attack": {
				"damage": 1
			},
			"minecraft:behavior.nearest_attackable_target": {
				"priority": 2,
				"within_radius": 50,
				"must_see": true,
				"must_reach": true,
				"reselect_targets": true,
				"entity_types": [
					{
						"filters": {
							"none_of": {
								"any_of": [
									{
										"test": "is_family",
										"subject": "other",
										"value": "compsognathus"
									}
								]
							},
							"any_of": [
								{
									"test": "is_family",
									"subject": "other",
									"value": "player"
								},
								{
									"test": "is_family",
									"subject": "other",
									"value": "villager"
								},
								{
									"test": "is_family",
									"subject": "other",
									"value": "mob"
								},
								{
									"test": "is_family",
									"subject": "other",
									"value": "monster"
								}
							]
						},
						"max_dist": 50
					}
				]
			},
			"minecraft:behavior.random_stroll": {
				"priority": 1
			},
			"minecraft:behavior.hurt_by_target": {
				"priority": 4
			},
			"minecraft:experience_reward": {
				"on_death": "query.last_hit_by_player?5:0"
			},
			"minecraft:breathable": {
				"total_supply": 15,
				"suffocate_time": 0
			},
			"minecraft:nameable": {},
			"minecraft:type_family": {
				"family": [
					"monster",
					"dinosaur",
					"compsognathus"
				]
			},
			"minecraft:collision_box": {
				"width": 0.5,
				"height": 0.5
			},
			"minecraft:movement": {
				"value": 0.2
			},
			"minecraft:navigation.walk": {
				"is_amphibious": false,
				"can_path_over_water": true,
				"can_pass_doors": true,
				"can_open_doors": true,
				"avoid_water": true
			},
			"minecraft:movement.basic": {},
			"minecraft:jump.static": {},
			"minecraft:can_climb": {},
			"minecraft:health": {
				"value": 2
			},
			"minecraft:hurt_on_condition": {
				"damage_conditions": [
					{
						"filters": {
							"test": "in_lava",
							"subject": "self",
							"operator": "==",
							"value": true
						},
						"cause": "lava",
						"damage_per_tick": 4
					}
				]
			},

			"minecraft:behavior.stay_while_sitting": {
				"priority": 2
			},
			"minecraft:behavior.lay_down": {
				"priority": 7,
				"interval": 230,
				"random_stop_interval": 2300
			},
			"minecraft:behavior.melee_attack": {
				"melee_fov": 90,
				"track_target": true,
				"attack_types": "example",
				"random_stop_interval": 0,
				"reach_multiplier": 2,
				"attack_once": false,
				"speed_multiplier": 1.2,
				"require_complete_path": false,
				"cooldown_time": 0,
				"priority": 1,
				"on_attack": {
					"filters": {
						"test": "is_family",
						"subject": "target",
						"value": "player"
					},
					"target": "self",
					"event": "despawn"
				}
			},
			"minecraft:behavior.float": {
				"priority": 1
			},
			"minecraft:physics": {},
			"minecraft:pushable": {
				"is_pushable": false,
				"is_pushable_by_piston": true
			},
			"minecraft:follow_range": {
				"value": 16
			}
		},
		"events": {
			"despawn":{
				"add": {
					"component_groups": [
						"despawn"
					]
				}
			}
		}
	}
}