{
	"format_version": "1.16.100",
	"minecraft:entity": {
		"description": {
			"identifier": "vl:dilophosaurus",
			"is_spawnable": true,
			"is_summonable": true,
			"is_experimental": false
		},
		"component_groups": {
			"remove_curious": {
				"minecraft:mark_variant": {
					"value": 0
				}
			},
			"remove_spit": {
				"minecraft:mark_variant": {
					"value": 0
				}
			},
			"spit": {
				"minecraft:is_tamed": {},
				"minecraft:mark_variant": {
					"value": 2
				}
			},
			"curious": {
				"minecraft:mark_variant": {
					"value": 1
				}
			},
			"is_baby_dino": {
				"minecraft:behavior.nearest_attackable_target": {
					"priority": 2,
					"within_radius": 25,
					"must_see": true,
					"must_reach": true,
					"reselect_targets": true,
					"entity_types": [
						{
							"filters": {
								"none_of": {
									"any_of": [
										{
											"test": "is_family",
											"subject": "other",
											"value": "egg_incubator"
										},
										{
											"test": "is_family",
											"subject": "other",
											"value": "villager"
										},
										{
											"test": "is_family",
											"subject": "other",
											"value": "mob"
										},
										{
											"test": "is_family",
											"subject": "other",
											"value": "monster"
										}
									]
								}
							},
							"max_dist": 250
						}
					]
				},
				"minecraft:behavior.avoid_mob_type": {
					"priority": 1,
					"entity_types": [
						{
							"filters": {
								"test": "is_family",
								"subject": "other",
								"value": "player"
							},
							"max_dist": 10,
							"walk_speed_multiplier": 1.8,
							"sprint_speed_multiplier": 1.8
						},
						{
							"filters": {
								"test": "is_family",
								"subject": "other",
								"value": "monster"
							},
							"max_dist": 10,
							"walk_speed_multiplier": 1.8,
							"sprint_speed_multiplier": 1.8
						}
					]
				},
				"minecraft:scale": {
					"value": 0.3
				},
				"minecraft:is_baby": {}
			},
			"roar": {
				"minecraft:mark_variant": {
					"value": 3
				}
			},
			"remover": {
				"minecraft:mark_variant": {
					"value": 0
				}
			},
			"detected_player": {
				"minecraft:is_saddled": {}
			}
		},
		"components": {
			"minecraft:shooter": {
				"def": "vl:dilo_spit"
			},
			"minecraft:behavior.ranged_attack": {
				"priority": 1,
				"speed_multiplier": 2,
				"charge_charged_trigger": 0,
				"charge_shoot_trigger": 2.3,
				"attack_radius": 24
			 },
			"minecraft:attack": {
				"damage": 1.5
			},
			"minecraft:knockback_resistance": {
				"value": 1
			},
			"minecraft:behavior.melee_attack": {
				"priority": 3,
				"speed_multiplier": 2.9,
				"require_complete_path": false,
				"track_target": true
			},
			"minecraft:behavior.nearest_attackable_target": {
				"priority": 2,
				"within_radius": 16,
				"must_see": true,
				"must_reach": true,
				"reselect_targets": true,
				"entity_types": [
					{
						"filters": {
							"none_of": {
								"any_of": [
									{
										"test": "is_family",
										"subject": "other",
										"value": "dilophosaurus"
									}
								]
							},
							"any_of": [
								{
									"test": "is_family",
									"subject": "other",
									"value": "player"
								},
								{
									"test": "is_family",
									"subject": "other",
									"value": "villager"
								},
								{
									"test": "is_family",
									"subject": "other",
									"value": "mob"
								},
								{
									"test": "is_family",
									"subject": "other",
									"value": "monster"
								}
							]
						},
						"max_dist": 16
					}
				]
			},
			"minecraft:behavior.random_stroll": {
				"priority": 2
			},
			"minecraft:behavior.hurt_by_target": {
				"priority": 4
			},
			"minecraft:experience_reward": {
				"on_death": "query.last_hit_by_player?5:0"
			},
			"minecraft:breathable": {
				"total_supply": 15,
				"suffocate_time": 0
			},
			"minecraft:nameable": {},
			"minecraft:type_family": {
				"family": [
					"monster",
					"dinosaur",
					"dilophosaurus"
				]
			},
			"minecraft:collision_box": {
				"width": 1,
				"height": 1
			},
			"minecraft:movement": {
				"value": 0.2
			},
			"minecraft:navigation.walk": {
				"is_amphibious": false,
				"can_path_over_water": true,
				"can_pass_doors": true,
				"can_open_doors": true,
				"avoid_water": true
			},
			"minecraft:movement.basic": {},
			"minecraft:jump.static": {},
			"minecraft:can_climb": {},
			"minecraft:health": {
				"value": 50
			},
			"minecraft:hurt_on_condition": {
				"damage_conditions": [
					{
						"filters": {
							"test": "in_lava",
							"subject": "self",
							"operator": "==",
							"value": true
						},
						"cause": "lava",
						"damage_per_tick": 4
					}
				]
			},
			"minecraft:behavior.delayed_attack": {
				"attack_duration": 2,
				"hit_delay_pct": 0.38,
				"melee_fov": 120,
				"priority": 2,
				"speed_multiplier": 2.5,
				"track_target": true,
				"reach_multiplier": 2.34
			},
			"minecraft:behavior.stay_while_sitting": {
				"priority": 2
			},
			"minecraft:behavior.lay_down": {
				"priority": 7,
				"interval": 230,
				"random_stop_interval": 2300
			},
			"minecraft:behavior.float": {
				"priority": 2
			},
			"minecraft:physics": {},
			"minecraft:pushable": {
				"is_pushable": false,
				"is_pushable_by_piston": true
			},
			"minecraft:follow_range": {
				"value": 25
			}
		},
		"events": {
			"curious": {
				"add": {
					"component_groups": [
						"curious"
					]
				}
			},
			"remove_curious": {
				"add": {
					"component_groups": [
						"remove_curious"
					]
				},
				"remove": {
					"component_groups": [
						"curious"
					]
				}
			},
			"spit": {
				"add": {
					"component_groups": [
						"spit"
					]
				}
			},
			"remove_spit": {
				"add": {
					"component_groups": [
						"remove_spit"
					]
				},
				"remove": {
					"component_groups": [
						"spit"
					]
				}
			},
			"is_baby_dino": {
				"add": {
					"component_groups": [
						"is_baby_dino"
					]
				}
			},
			"roar": {
				"add": {
					"component_groups": [
						"roar"
					]
				}
			},
			"remover": {
				"remove": {
					"component_groups": [
						"detected_player"
					]
				},
				"add": {
					"component_groups": [
						"remover"
					]
				}
			}
		}
	}
}