{
	"format_version": "1.16.100",
	"minecraft:entity": {
		"description": {
			"identifier": "vl:indoraptor",
			"is_spawnable": true,
			"is_summonable": true,
			"is_experimental": false
		},
		"component_groups": {
			"dummy": {},
			"wake_up": {
				"minecraft:transformation": {
					"delay": 0.5,
					"into": "vl:indoraptor"
				},
				"minecraft:mark_variant": {
					"value": 2
				}
			},
			"start_sleep": {
				"minecraft:behavior.nearest_attackable_target": {
					"priority": 3,
					"within_radius": 25,
					"must_see": true,
					"must_reach": true,
					"reselect_targets": true,
					"entity_types": [
						{
							"filters": {
								"none_of": {
									"any_of": [
										{
											"test": "is_family",
											"subject": "other",
											"value": "indoraptor"
										},
										{
											"test": "is_family",
											"subject": "other",
											"value": "player"
										},
										{
											"test": "is_family",
											"subject": "other",
											"value": "villager"
										},
										{
											"test": "is_family",
											"subject": "other",
											"value": "mob"
										},
										{
											"test": "is_family",
											"subject": "other",
											"value": "monster"
										}
									]
								}
							},
							"max_dist": 250
						}
					]
				},
				"minecraft:environment_sensor": {
					"triggers": [
						{
							"event": "wake_up",
							"target": "self",
							"filters": {
								"test": "is_daytime",
								"value": true
							}
						}
					]
				},
				"minecraft:attack": {
					"damage": 0
				},
				"minecraft:movement": {
					"value": 0
				},
				"minecraft:mark_variant": {
					"value": 1
				}
			},
			"is_baby_dino": {
				"minecraft:behavior.nearest_attackable_target": {
					"priority": 1,
					"within_radius": 25,
					"must_see": true,
					"must_reach": true,
					"reselect_targets": true,
					"entity_types": [
						{
							"filters": {
								"none_of": {
									"any_of": [
										{
											"test": "is_family",
											"subject": "other",
											"value": "egg_incubator"
										},
										{
											"test": "is_family",
											"subject": "other",
											"value": "player"
										},
										{
											"test": "is_family",
											"subject": "other",
											"value": "egg_incubator"
										},
										{
											"test": "is_family",
											"subject": "other",
											"value": "villager"
										},
										{
											"test": "is_family",
											"subject": "other",
											"value": "mob"
										},
										{
											"test": "is_family",
											"subject": "other",
											"value": "monster"
										}
									]
								}
							},
							"max_dist": 250
						}
					]
				},
				"minecraft:behavior.avoid_mob_type": {
					"priority": 0,
					"entity_types": [
						{
							"filters": {
								"test": "is_family",
								"subject": "other",
								"value": "player"
							},
							"max_dist": 10,
							"walk_speed_multiplier": 1.8,
							"sprint_speed_multiplier": 1.8
						},
						{
							"filters": {
								"test": "is_family",
								"subject": "other",
								"value": "monster"
							},
							"max_dist": 10,
							"walk_speed_multiplier": 1.8,
							"sprint_speed_multiplier": 1.8
						}
					]
				},
				"minecraft:scale": {
					"value": 0.3
				},
				"minecraft:is_baby": {}
			},
			"roar": {
				"minecraft:behavior.summon_entity": {
					"priority": 0,
					"summon_choices": [
						{
							"weight": 1,
							"cooldown_time": 100,
							"cast_duration": 3.1,
							"start_sound_event": "plop",
							"sequence": [
								{
									"sound_event": "roar",
									"shape": "circle",
									"target": "self",
									"base_delay": 0,
									"delay_per_summon": 0,
									"num_entities_spawned": 0,
									"entity_type": "",
									"entity_lifespan": 10,
									"size": 10
								}
							]
						}
					]
				}
			}
		},
		"components": {
			"minecraft:behavior.lay_down": {
                "priority": 7,
                "interval": 230,
                "random_stop_interval": 2300
            },
			"minecraft:environment_sensor": {
				"triggers": [
					{
						"event": "start_sleep",
						"target": "self",
						"filters": {
							"test": "is_daytime",
							"value": false
						}
					}
				]
			},
			"minecraft:attack": {
				"damage": 10
			},
			"minecraft:behavior.delayed_attack": {
				"attack_duration": 1.9,
				"hit_delay_pct": 0.4,
				"melee_fov": 120,
				"priority": 1,
				"speed_multiplier": 2.5,
				"track_target": true,
				"reach_multiplier": 2.34
			},
			"minecraft:behavior.nearest_attackable_target": {
				"priority": 1,
				"within_radius": 25,
				"must_see": true,
				"must_reach": true,
				"reselect_targets": true,
				"entity_types": [
					{
						"filters": {
							"none_of": {
								"any_of": [
									{
										"test": "is_family",
										"subject": "other",
										"value": "indoraptor"
									}
								]
							},
							"any_of": [
								{
									"test": "is_family",
									"subject": "other",
									"value": "player"
								},
								{
									"test": "is_family",
									"subject": "other",
									"value": "villager"
								},
								{
									"test": "is_family",
									"subject": "other",
									"value": "mob"
								},
								{
									"test": "is_family",
									"subject": "other",
									"value": "monster"
								}
							]
						},
						"max_dist": 250
					}
				]
			},
			"minecraft:behavior.random_stroll": {
				"priority": 3
			},
			"minecraft:behavior.hurt_by_target": {
				"priority": 4
			},
			"minecraft:knockback_resistance": {
				"value": 1
			},
			"minecraft:experience_reward": {
				"on_death": "query.last_hit_by_player?5:0"
			},
			"minecraft:breathable": {
				"total_supply": 15,
				"suffocate_time": 0
			},
			"minecraft:nameable": {},
			"minecraft:type_family": {
				"family": [
					"monster",
					"dinosaur",
					"indoraptor"
				]
			},
			"minecraft:collision_box": {
				"width": 2,
				"height": 2
			},
			"minecraft:movement": {
				"value": 0.2
			},
			"minecraft:navigation.walk": {
				"is_amphibious": false,
				"can_path_over_water": true,
				"can_pass_doors": true,
				"can_open_doors": true,
				"avoid_water": true
			},
			"minecraft:movement.basic": {},
			"minecraft:jump.static": {},
			"minecraft:health": {
				"value": 150
			},
			"minecraft:hurt_on_condition": {
				"damage_conditions": [
					{
						"filters": {
							"test": "in_lava",
							"subject": "self",
							"operator": "==",
							"value": true
						},
						"cause": "lava",
						"damage_per_tick": 4
					}
				]
			},
			"minecraft:behavior.float": {
				"priority": 3
			},
			"minecraft:on_target_escape": {
				"event": "roar",
				"target": "self"
			},
			"minecraft:physics": {},
			"minecraft:pushable": {
				"is_pushable": false,
				"is_pushable_by_piston": true
			},
			"minecraft:follow_range": {
				"value": 25
			}
		},
		"events": {
			"start_sleep": {
				"remove": {
					"component_groups": [
						"wake_up"
					]
				},
				"add": {
					"component_groups": [
						"start_sleep"
					]
				}
			},
			"dummy": {
				"add": {
					"component_groups": [
						"dummy"
					]
				}
			},
			"is_baby_dino": {
				"add": {
					"component_groups": [
						"is_baby_dino"
					]
				}
			},
			"wake_up": {
				"remove": {
					"component_groups": [
						"start_sleep"
					]
				},
				"add": {
					"component_groups": [
						"wake_up"
					]
				}
			},
			"roar": {
				"add": {
					"component_groups": [
						"roar"
					]
				}
			}
		}
	}
}