{
	"format_version": "1.16.100",
	"minecraft:entity": {
		"description": {
			"identifier": "vl:triceratops",
			"is_spawnable": true,
			"is_summonable": true,
			"is_experimental": false,
			"animations": {
				"stomp": "animation.triceratops",
				"stomp_attack": "controller.animation.triceratops.attack"
			},
			"scripts": {
				"animate": ["stomp_attack"]
			}
		},
		"component_groups": {
			"default":{
				"minecraft:skin_id": {
					"value": 0
				}
			},
			"blue":{
				"minecraft:skin_id": {
					"value": 1
				}
			},




			//setup ai
			"wake_up":{
				"minecraft:transformation": {
					"delay": 1,
					"into": "vl:triceratops"
				},
				"minecraft:mark_variant": {
					"value": 2
				}
			},
			"is_baby_dino": {
				"minecraft:behavior.avoid_mob_type": {
					"priority": 1,
					"entity_types": [
					{
						"filters": {
						"test": "is_family",
						"subject": "other",
						"value": "player"
						},
						"max_dist": 10,
						"walk_speed_multiplier": 1.8,
						"sprint_speed_multiplier": 1.8
					},
					{
						"filters": {
						"test": "is_family",
						"subject": "other",
						"value": "monster"
						},
						"max_dist": 10,
						"walk_speed_multiplier": 1.8,
						"sprint_speed_multiplier": 1.8
					}
				    ]
			    },
				"minecraft:scale": {
					"value": 0.3
				},
				"minecraft:is_baby": {}
			},
			"start_sleep":{
				"minecraft:environment_sensor": {
					"triggers": [
						{
							"event": "wake_up",
							"target": "self",
							"filters": {
								"test": "is_daytime",
								"value": true
							}
						}
					]
				},
				"minecraft:attack": {"damage": 0},
				"minecraft:movement": {"value": 0},
				"minecraft:mark_variant": {"value": 1}
			}
		},
		"components": {
			"minecraft:behavior.delayed_attack": {
                "attack_duration": 1.5,
                "hit_delay_pct": 1,
                "melee_fov": 120,
                "priority": 1,
                "speed_multiplier": 2,
                "track_target": true,
                "reach_multiplier": 2.34
             },
			 "minecraft:attack": {
				"damage": 20
			 },
			"minecraft:behavior.panic": {
				"damage_sources": ["all"],
				"force": false,
				"priority": 8,
				"ignore_mob_damage": false,
				"speed_multiplier": 2,
				"prefer_water": false
			},
			"minecraft:movement.basic": {
				"max_turn": 5
			},
			"minecraft:environment_sensor": {
				"triggers": [
					{
						"event": "start_sleep",
						"target": "self",
						"filters": {
							"test": "is_daytime",
							"value": false
						}
					}
				]
			},
			"minecraft:behavior.random_stroll": {
				"priority": 2,
				"speed_multiplier": 1
			},
			"minecraft:behavior.hurt_by_target": {
				"priority": 1
			},
			"minecraft:knockback_resistance": {
				"value": 1
			},
			"minecraft:experience_reward": {
				"on_death": "query.last_hit_by_player ? 5 : 0"
			},
			"minecraft:breathable": {
				"breathes_water": false,
				"total_supply": 100,
				"suffocate_time": 0
			},
			"minecraft:nameable": {},
			"minecraft:type_family": {
				"family": ["monster", "dinosaur", "triceratops"]
			},
			"minecraft:collision_box": {
				"width": 3,
				"height": 4.2
			},
			"minecraft:movement": {
				"value": 0.2
			},
            "minecraft:behavior.stay_while_sitting": {
                "priority": 2
            },
			"minecraft:behavior.lay_down": {
                "priority": 7,
                "interval": 230,
                "random_stop_interval": 2300
            },
			"minecraft:navigation.generic": {
				"avoid_damage_blocks": false,
				"avoid_portals": false,
				"avoid_sun": false,
				"avoid_water": false,
				"can_breach": false,
				"can_break_doors": false,
				"can_jump": true,
				"can_open_doors": false,
				"can_open_iron_doors": false,
				"can_pass_doors": true,
				"can_path_from_air": false,
				"can_path_over_lava": false,
				"can_path_over_water": true,
				"can_swim": true,
				"can_walk": true,
				"can_walk_in_lava": false,
				"is_amphibious": true
			},
			"minecraft:jump.static": {},
			"minecraft:can_climb": {},
			"minecraft:health": {
				"value": 250
			},
			"minecraft:hurt_on_condition": {
				"damage_conditions": [
					{
						"filters": {
							"test": "in_lava",
							"subject": "self",
							"operator": "==",
							"value": true
						},
						"cause": "lava",
						"damage_per_tick": 4
					}
				]
			},
			"minecraft:physics": {},
			"minecraft:pushable": {
				"is_pushable": false,
				"is_pushable_by_piston": true
			},
			"minecraft:follow_range": {
				"value": 16
			}
		},
		"events": {
			"minecraft:entity_spawned": {
				"randomize": [
					{
						"weight": 1,
						"add": {
							"component_groups": [
								"default"
							]
						}
					},
					{
						"weight": 1,
						"add": {
							"component_groups": [
								"blue"
							]
						}
					}
				]
			},



			"start_sleep":{
				"add": {
					"component_groups": ["start_sleep"]
				}
			},
			"is_baby_dino":{
				"add": {
					"component_groups": ["is_baby_dino"]
				}
			},
			"wake_up":{
				"remove": {
					"component_groups": ["start_sleep"]
				},
				"add": {
					"component_groups": ["wake_up"]
				}
			}
		}
	}
}