{
	"format_version": "1.16.0",
	"minecraft:entity": {
		"description": {
			"identifier": "vl:tylosaurus",
			"is_spawnable": true,
			"is_summonable": true,
			"is_experimental": false
		},
		"component_groups": {
			"is_baby_dino": {
				"minecraft:behavior.nearest_attackable_target": {
					"priority": 2,
					"within_radius": 25,
					"must_see": true,
					"must_reach": true,
					"reselect_targets": true,
					"entity_types": [
						{
							"filters": {
								"none_of": {
									"any_of": [
										{
											"test": "is_family",
											"subject": "other",
											"value": "tylosaurus"
										},
										{
											"test": "is_family",
											"subject": "other",
											"value": "player"
										},
										{
											"test": "is_family",
											"subject": "other",
											"value": "villager"
										},
										{
											"test": "is_family",
											"subject": "other",
											"value": "mob"
										},
										{
											"test": "is_family",
											"subject": "other",
											"value": "monster"
										}
									]
								}
							},
							"max_dist": 250
						}
					]
				},
				"minecraft:behavior.avoid_mob_type": {
					"priority": 0,
					"entity_types": [
						{
							"filters": {
								"test": "is_family",
								"subject": "other",
								"value": "player"
							},
							"max_dist": 10,
							"walk_speed_multiplier": 1.8,
							"sprint_speed_multiplier": 1.8
						},
						{
							"filters": {
								"test": "is_family",
								"subject": "other",
								"value": "monster"
							},
							"max_dist": 10,
							"walk_speed_multiplier": 1.8,
							"sprint_speed_multiplier": 1.8
						}
					]
				},
				"minecraft:scale": {
					"value": 0.3
				},
				"minecraft:is_baby": {}
			}
		},
		"components": {
			"minecraft:behavior.random_breach": {
				"priority": 1,
				"xz_dist": 2000,
				"y_dist": 1000,
				"cooldown_time": 10
			},
			"minecraft:knockback_resistance": {
				"value": 1
			},
			"minecraft:health": {
				"value": 200
			},
			"minecraft:behavior.nearest_attackable_target": {
				"priority": 2,
				"within_radius": 100,
				"reselect_targets": true,
				"must_see": false,
				"must_see_forget_duration": 25,
				"entity_types": [
					{
						"filters": {
							"all_of": [
								{
									"test": "in_water",
									"subject": "other",
									"value": true
								},
								{
									"test": "is_family",
									"subject": "other",
									"operator": "==",
									"value": "player"
								}
							]
						},
						"max_dist": 100
					},
					{
						"filters": {
							"all_of": [
								{
									"test": "in_water",
									"subject": "other",
									"value": true
								},
								{
									"test": "is_family",
									"subject": "other",
									"operator": "==",
									"value": "monster"
								}
							]
						},
						"max_dist": 100
					},
					{
						"filters": {
							"all_of": [
								{
									"test": "in_water",
									"subject": "other",
									"value": true
								},
								{
									"test": "is_family",
									"subject": "other",
									"operator": "==",
									"value": "mob"
								}
							]
						},
						"max_dist": 100
					}
				]
			},
			"minecraft:type_family": {
				"family": [
					"tylosaurus",
					"dinosaur"
				]
			},
			"minecraft:hurt_on_condition": {
				"damage_conditions": [
					{
						"filters": {
							"test": "in_lava",
							"subject": "self",
							"operator": "==",
							"value": true
						},
						"cause": "lava",
						"damage_per_tick": 4
					}
				]
			},
			"minecraft:breathable": {
				"total_supply": 100,
				"suffocate_time": 0,
				"breathes_air": false,
				"breathes_water": true
			},
			"minecraft:movement": {
				"value": 0.15
			},
			"minecraft:movement.sway": {
				"max_turn": 10,
				"sway_amplitude": 0
			},
			"minecraft:underwater_movement": {
				"value": 0.25
			},
			"minecraft:navigation.generic": {
				"is_amphibious": false,
				"can_path_over_water": false,
				"can_swim": true,
				"can_walk": false,
				"can_breach": true,
				"can_sink": false
			},
			"minecraft:behavior.swim_idle": {
				"priority": 5
			},
			"minecraft:behavior.random_swim": {
				"priority": 2,
				"speed_multiplier": 1.5,
				"xz_dist": 16,
				"y_dist": 5,
				"interval": 0
			},
			"minecraft:behavior.swim_wander": {
				"priority": 3,
				"speed_multiplier": 1.5,
				"interval": 10,
				"look_ahead": 2
			},
			"minecraft:physics": {},
			"minecraft:pushable": {
				"is_pushable": true,
				"is_pushable_by_piston": true
			},
			"minecraft:behavior.hurt_by_target": {
				"priority": 3
			},
			"minecraft:attack": {
				"damage": 15
			},
			"minecraft:behavior.delayed_attack": {
				"attack_duration": 1.5,
				"hit_delay_pct": 0.38,
				"melee_fov": 90,
				"priority": 2,
				"speed_multiplier": 2.5,
				"track_target": true,
				"reach_multiplier": 2.34
			},
			"minecraft:collision_box": {
				"width": 3,
				"height": 2.3
			},
			"minecraft:nameable": {},
			"minecraft:follow_range": {
				"value": 25,
				"max": 35
			}
		},
		"events": {
			"is_baby_dino":{
				"add": {
					"component_groups": ["is_baby_dino"]
				}
			}
		}
	}
}