{
  "format_version": "1.8.0",
  "animations": {
    "animation.endermite.move": {
      "loop": true,
      "bones": {
        "section_0": {
          "position": [
            "(math.cos(-query.life_time * 928.26) * 1.26) - this",
            0,
            0
          ],
          "rotation": [
            0,
            "(math.cos(query.life_time * 928.26) * 26.9) - this",
            0
          ]
        },
        "section_1": {
          "position": [
            "(math.sin(query.life_time * 928.26) * 0.63) - this",
            0,
            0
          ],
          "rotation": [
            0,
            "(math.cos(query.life_time * 928.26) * 16) - this",
            0
          ]
        },
        "section_2": {
          "position": [
            0,
            0,
            0
          ],
          "rotation": [
            0,
            "(math.cos(query.life_time * 928.26) * 9.17) - this",
            0
          ]
        },
        "section_3": {
          "position": [
            "(math.cos(query.life_time * 928.26) * 0.8) - this",
            0,
            0
          ]
        }
      }
    },
    "animation.sb_armor_skibidi_toilet.fly": {
      "loop": true,
      "animation_length": 0.75,
      "bones": {
        "bone": {
          "rotation": [
            10,
            0,
            0
          ],
          "position": {
            "0.0": [
              0,
              5,
              0
            ],
            "0.1667": [
              0,
              2,
              0
            ],
            "0.375": [
              0,
              5,
              0
            ],
            "0.5833": [
              0,
              2,
              0
            ],
            "0.75": [
              0,
              5,
              0
            ]
          }
        },
        "bone3": {
          "rotation": {
            "0.0": [
              -9.96271,
              -0.86717,
              -4.92442
            ],
            "0.1667": [
              -9.96271,
              0.86717,
              4.92442
            ],
            "0.375": [
              -9.96271,
              -0.86717,
              -4.92442
            ],
            "0.5833": [
              -9.96271,
              0.86717,
              4.92442
            ],
            "0.75": [
              -9.96271,
              -0.86717,
              -4.92442
            ]
          },
          "position": {
            "0.0": [
              0,
              2,
              -2
            ],
            "0.0417": [
              0,
              1,
              -2
            ],
            "0.0833": [
              0,
              2,
              -2
            ],
            "0.125": [
              0,
              1,
              -2
            ],
            "0.1667": [
              0,
              2,
              -2
            ],
            "0.2083": [
              0,
              1,
              -2
            ],
            "0.25": [
              0,
              2,
              -2
            ],
            "0.2917": [
              0,
              1,
              -2
            ]
          }
        },
        "Rk": {
          "rotation": {
            "0.0": [
              -6.77677,
              -0.70084,
              1.90332
            ],
            "0.1667": [
              -6.81017,
              0.18759,
              9.35066
            ],
            "0.375": [
              -6.77677,
              -0.70084,
              1.90332
            ],
            "0.5833": [
              -6.81017,
              0.18759,
              9.35066
            ],
            "0.75": [
              -6.77677,
              -0.70084,
              1.90332
            ]
          }
        },
        "F": {
          "rotation": {
            "0.0": [
              0,
              0,
              0
            ],
            "0.0833": [
              0,
              90,
              0
            ],
            "0.1667": [
              0,
              0,
              0
            ],
            "0.25": [
              0,
              90,
              0
            ],
            "0.3333": [
              0,
              0,
              0
            ],
            "0.4167": [
              0,
              90,
              0
            ],
            "0.5": [
              0,
              0,
              0
            ],
            "0.5833": [
              0,
              90,
              0
            ],
            "0.6667": [
              0,
              0,
              0
            ],
            "0.75": [
              0,
              90,
              0
            ]
          },
          "position": [
            0,
            0,
            0
          ]
        },
        "bone6": {
          "position": {
            "0.0": [
              0,
              0,
              0
            ],
            "0.125": [
              0,
              0,
              1
            ],
            "0.25": [
              0,
              0,
              0
            ],
            "0.375": [
              0,
              0,
              1
            ],
            "0.5": [
              0,
              0,
              0
            ],
            "0.625": [
              0,
              0,
              1
            ],
            "0.75": [
              0,
              0,
              0
            ]
          }
        },
        "Rk3": {
          "rotation": {
            "0.0": [
              -6.77677,
              0.70084,
              -1.90332
            ],
            "0.1667": [
              -6.81017,
              -0.18759,
              -9.35066
            ],
            "0.375": [
              -6.77677,
              0.70084,
              -1.90332
            ],
            "0.5833": [
              -6.81017,
              -0.18759,
              -9.35066
            ],
            "0.75": [
              -6.77677,
              0.70084,
              -1.90332
            ]
          }
        },
        "F3": {
          "rotation": {
            "0.0": [
              0,
              0,
              0
            ],
            "0.0833": [
              0,
              90,
              0
            ],
            "0.1667": [
              0,
              0,
              0
            ],
            "0.25": [
              0,
              90,
              0
            ],
            "0.3333": [
              0,
              0,
              0
            ],
            "0.4167": [
              0,
              90,
              0
            ],
            "0.5": [
              0,
              0,
              0
            ],
            "0.5833": [
              0,
              90,
              0
            ],
            "0.6667": [
              0,
              0,
              0
            ],
            "0.75": [
              0,
              90,
              0
            ]
          },
          "position": [
            0,
            0,
            0
          ]
        }
      }
    }
  }
}