{
	"format_version": "1.16.0",
	"minecraft:entity": {
		"description": {
			"identifier": "pd:arrhinoceratops",
			"is_spawnable": true,
			"is_summonable": true,
			"is_experimental": false
		},
		"component_groups": {
			"bridge:": {
				"minecraft:type_family": {
					"family": [
						"arrhinoceratops",
						"mob"
					]
				}
			}
		},
		"components": {
			"minecraft:health": {
				"value": 84,
				"max": 84
			},
			"minecraft:collision_box": {
				"width": 3,
				"height": 2.7
			},
			"minecraft:movement": {
				"value": 0.29
			},
    "minecraft:behavior.delayed_attack": {
        "priority": 0,
        "attack_once": false,
        "random_stop_interval": 0,
        "speed_multiplier": 1.45,
        "reach_multiplier": 2.0,
        "attack_duration": 2.5,
        "hit_delay_pct": 0.0,
        "track_target": true,
        "sound_event": "attack"
			},
			"minecraft:physics": {},
			"minecraft:jump.static": {},
			"minecraft:attack": {
				"damage": 10
			},
			"minecraft:behavior.melee_attack": {
				"priority": 1,
				"track_target": true
			},
			"minecraft:behavior.random_stroll": {
				"priority": 3,
				"interval": 100
			},
			"minecraft:behavior.hurt_by_target": {
				"priority": 1
			},
			"minecraft:behavior.look_at_player": {
				"priority": 8,
				"target_distance": 5,
				"probability": 0.02
			},
			"minecraft:nameable": {},
			"minecraft:movement.basic": {
				"1": {}
			},
			"minecraft:timer": {
				"looping": false,
				"time": 1,
				"time_down_event": {
					"target": "self",
					"event": "activate"
				}
			},
			"minecraft:navigation.generic": {
				"can_walk": true,
				"can_path_over_water": true,
				"can_sink": false,
				"avoid_damage_blocks": true,
				"can_climb": true,
				"can_swim": false,
				"is_amphibious": false
			}
		},
		"events": {
			"activate ": {
				"add": {
					"component_groups": [
						"bridge:"
					]
				}
			}
		}
	}
}}