{
	"format_version": "1.16.0",
	"minecraft:entity": {
		"description": {
			"identifier": "pd:deinosuchus",
			"is_spawnable": true,
			"is_summonable": true,
			"is_experimental": false
		},
		"component_groups": {
			"pd": {
				"minecraft:behavior.nearest_prioritized_attackable_target": {
					"priority": 0,
					"must_see": true,
					"within_radius": 24,
					"must_reach": true,
					"reselect_targets": true,
					"entity_types": [
						{
							"filters": {
								"any_of": [
									{
										"test": "is_family",
										"subject": "other",
										"value": "player"
									},
									{
										"test": "is_family",
										"subject": "other",
										"value": "araripesuchus"
									},
              {
										"test": "is_family",
										"subject": "other",
										"value": "geostenbergia"
									},
              {
										"test": "is_family",
										"subject": "other",
										"value": "prionosuchus"
									},
              {
										"test": "is_family",
										"subject": "other",
										"value": "cryodrakon"
									},
              {
										"test": "is_family",
										"subject": "other",
										"value": "triceratops"
									},
              {
										"test": "is_family",
										"subject": "other",
										"value": "postoshuchus"
									},
              {
										"test": "is_family",
										"subject": "other",
										"value": "sarcosushus"
									},
              {
										"test": "is_family",
										"subject": "other",
										"value": "leptoceratops"
									},
              {
										"test": "is_family",
										"subject": "other",
										"value": "inostrancevia"
									},
              {
										"test": "is_family",
										"subject": "other",
										"value": "allosaurus"
									},
              {
										"test": "is_family",
										"subject": "other",
										"value": "carnotaurus"
									},
              {
										"test": "is_family",
										"subject": "other",
										"value": "tiktaalik"
									},
              {
										"test": "is_family",
										"subject": "other",
										"value": "suchomimus"
									},
              {
										"test": "is_family",
										"subject": "other",
										"value": "puru"
									},
              {
										"test": "is_family",
										"subject": "other",
										"value": "Ohmdenosaurus"
									}
								]
							},
							"must_see": true,
							"max_dist": 24
						}
					]
				},
				"minecraft:type_family": {
					"family": [
						"deinosuchus",
						"mob"
					]
				},
				"minecraft:underwater_movement": {
					"value": 0.28
				}
			}
		},
		"components": {
			"minecraft:behavior.delayed_attack": {
				"priority": 1,
				"attack_once": false,
				"random_stop_interval": 0,
				"speed_multiplier": 1.45,
				"reach_multiplier": 2,
				"attack_duration": 2.5,
				"hit_delay_pct": 0,
				"track_target": true,
				"sound_event": "attack"
			},
			"minecraft:health": {
				"value": 132,
				"max": 132
			},
			"minecraft:collision_box": {
				"width": 3,
				"height": 4
			},
			"minecraft:breathable": {
				"total_supply": 15,
				"suffocate_time": 0,
				"breathes_water": true,
				"breathes_air": true,
				"generates_bubbles": false
			},
			"minecraft:damage_sensor": {
				"triggers": [
					{
						"cause": "lightning",
						"deals_damage": true,
						"damage_multiplier": 2000
					}
				]
			},
			"minecraft:movement": {
				"value": 0.25
			},
			"minecraft:water_movement": {
				"drag_factor": 0.28
			},
			"minecraft:physics": {},
			"minecraft:jump.static": {},
			"minecraft:attack": {
				"damage": 16
			},
			"minecraft:behavior.melee_attack": {
				"priority": 1,
				"track_target": true
			},
			"minecraft:behavior.random_swim": {
				"priority": 8,
				"interval": 0,
				"xz_dist": 30,
				"y_dist": 15
			},
			"minecraft:behavior.random_stroll": {
				"priority": 3,
				"interval": 100
			},
			"minecraft:behavior.hurt_by_target": {
				"priority": 1
			},
			"minecraft:behavior.look_at_player": {
				"priority": 8,
				"target_distance": 6,
				"probability": 0.02
			},
			"minecraft:nameable": {},
			"minecraft:movement.basic": {
				"1": {}
			},
			"minecraft:timer": {
				"looping": false,
				"time": 1,
				"time_down_event": {
					"target": "self",
					"event": "activate"
				}
			},
			"minecraft:navigation.generic": {
				"is_amphibious": true,
				"can_path_over_water": true,
				"can_swim": true,
				"can_walk": true,
				"can_sink": false,
				"avoid_damage_blocks": true
			},
			"minecraft:loot": {
				"table": "loot_tables/entities/medium_dinosaur.json"
			}
		},
		"events": {
			"activate": {
				"add": {
					"component_groups": [
						"pd"
					]
				}
			}
		}
	}
}