{
	"format_version": "1.13.0",
	"minecraft:entity": {
		"description": {
			"identifier": "pd:geostenbergia",
			"is_spawnable": true,
			"is_summonable": true,
			"is_experimental": false
		},
		"component_groups": {
			"minecraft:skin1": {
				"minecraft:variant": {
					"value": 0
				},
				"minecraft:loot": {
					"table": "loot_tables/entities/.json"
				}
			},
			"minecraft:skin2": {
				"minecraft:variant": {
					"value": 1
				},
				"minecraft:loot": {
					"table": "loot_tables/entities/.json"
				}
			},
			"minecraft:geostenbergia_roar": {
				"minecraft:on_target_acquired": {},
				"minecraft:behavior.summon_entity": {
					"priority": 0,
					"probability": 100,
					"summon_choices": [
						{
							"weight": 1,
							"cooldown_time": 20,
							"cast_duration": 3,
							"start_sound_event": "plop",
							"sequence": [
								{
									"shape": "circle",
									"target": "self",
									"base_delay": 0,
									"delay_per_summon": 0,
									"num_entities_spawned": 0,
									"entity_type": {},
									"entity_lifespan": 10,
									"size": 10,
									"sound_event": {}
								}
							]
						}
					]
				}
			},
			"minecraft:geostenbergia_adult": {
				"minecraft:experience_reward": {
					"on_bred": "math.random(8,0)",
					"on_death": "query.last_hit_by_player?math.random(9,0):0"
				},
				"minecraft:attack": {
					"damage": 6
				},
				"minecraft:scale": {
					"value": 1
				},
				"minecraft:health": {
					"value": 50,
					"max": 50
				}
			},
			"minecraft:geostenbergia_adult_tame": {
				"minecraft:is_tamed": {},
				"minecraft:behavior.owner_hurt_by_target": {
					"priority": 1
				},
				"minecraft:behavior.owner_hurt_target": {
					"priority": 2
				},
				"minecraft:behavior.stay_while_sitting": {
					"priority": 0
				},
				"minecraft:interact": {
					"interactions": [
						{
							"on_interact": {
								"filters": {
									"all_of": [
										{
											"test": "has_equipment",
											"subject": "other",
											"domain": "hand",
											"operator": "==",
											"value": "time:item_controller"
										},
										{
											"test": "is_owner",
											"subject": "other",
											"operator": "==",
											"value": false
										},
										{
											"test": "has_component",
											"value": "minecraft:shareables"
										},
										{
											"test": "has_component",
											"subject": "self",
											"operator": "!=",
											"value": "minecraft:is_baby"
										}
									]
								},
								"event": "minecraft:stop_following",
								"target": "self"
							},
							"use_item": false,
							"interact_text": "interact.stop_follow"
						},
						{
							"on_interact": {
								"filters": {
									"all_of": [
										{
											"test": "has_equipment",
											"subject": "other",
											"domain": "hand",
											"operator": "==",
											"value": "time:item_controller"
										},
										{
											"test": "is_owner",
											"subject": "other",
											"operator": "==",
											"value": false
										},
										{
											"test": "has_component",
											"operator": "not",
											"value": "minecraft:shareables"
										},
										{
											"test": "has_component",
											"subject": "self",
											"operator": "!=",
											"value": "minecraft:is_baby"
										}
									]
								},
								"event": "minecraft:start_following",
								"target": "self"
							},
							"use_item": false,
							"interact_text": "interact.follow"
						}
					]
				},
				"minecraft:leashable": {
					"soft_distance": 4,
					"hard_distance": 6,
					"max_distance": 10
				},
				"minecraft:health": {
					"value": 50,
					"max": 50
				},
				"minecraft:attack": {
					"damage": 6
				},
				"minecraft:scale": {
					"value": 1
				},
				"minecraft:sittable": {
					"sit_event": {
						"event": "minecraft:is_sitting",
						"target": "self"
					},
					"stand_event": {
						"event": "minecraft:is_standing",
						"target": "self"
					}
				}
			},
			"minecraft:geostenbergia_baby": {
				"minecraft:is_baby": {},
				"minecraft:behavior.follow_parent": {
					"priority": 6,
					"speed_multiplier": 1.1
				},
				"minecraft:leashable": {
					"hard_distance": 6,
					"max_distance": 10,
					"soft_distance": 4
				},
				"minecraft:tameable": {
					"probability": 0.33,
					"tame_items": "salmon",
					"tame_event": {
						"event": "minecraft:on_tame_baby",
						"target": "self"
					}
				},
				"minecraft:behavior.avoid_mob_type": {
					"priority": 5,
					"entity_types": [
						{
							"filters": {
								"test": "is_family",
								"subject": "other",
								"value": "geostenbergia"
							},
							"max_dist": 15,
							"walk_speed_multiplier": 0.7,
							"sprint_speed_multiplier": 0.8
						}
					]
				},
				"minecraft:type_family": {
					"family": [
						"geostenbergia",
						"dino_baby",
						"medium_carnivore",
						"pterosaur"
					]
				},
				"minecraft:ageable": {
					"duration": 5000,
					"feed_items": [
						"beef"
					],
					"grow_up": {
						"event": "minecraft:ageable_grow_up",
						"target": "self"
					}
				},
				"minecraft:attack": {
					"damage": 6
				},
				"minecraft:scale_by_age": {
					"start_scale": 0.4,
					"end_scale": 1
				},
				"minecraft:health": {
					"value": 50,
					"max": 50
				}
			},
			"minecraft:cryodrakon_baby_tame": {
				"minecraft:is_baby": {},
				"minecraft:is_tamed": {},
				"minecraft:type_family": {
					"family": [
						"geostenbergia",
						"dino_baby",
						"medium_carnivore",
						"pterosaur"
					]
				},
				"minecraft:ageable": {
					"duration": 5000,
					"feed_items": [
						"beef"
					],
					"grow_up": {
						"event": "minecraft:ageable_grow_up_tame",
						"target": "self"
					}
				},
				"minecraft:behavior.owner_hurt_by_target": {
					"priority": 1
				},
				"minecraft:behavior.owner_hurt_target": {
					"priority": 2
				},
				"minecraft:behavior.stay_while_sitting": {
					"priority": 0
				},
				"minecraft:sittable": {
					"sit_event": {
						"event": "minecraft:is_sitting",
						"target": "self"
					},
					"stand_event": {
						"event": "minecraft:is_standing",
						"target": "self"
					}
				},
				"minecraft:leashable": {
					"hard_distance": 6,
					"max_distance": 10,
					"soft_distance": 4
				},
				"minecraft:behavior.avoid_mob_type": {
					"priority": 5,
					"entity_types": [
						{
							"filters": {
								"test": "is_family",
								"subject": "other",
								"value": "geostenbergia"
							},
							"max_dist": 15,
							"walk_speed_multiplier": 0.7,
							"sprint_speed_multiplier": 0.8
						}
					]
				},
				"minecraft:attack": {
					"damage": 6
				},
				"minecraft:health": {
					"value": 50,
					"max": 50
				},
				"minecraft:scale_by_age": {
					"start_scale": 0.4,
					"end_scale": 1
				},
				"minecraft:behavior.follow_owner": {
					"priority": 6,
					"speed_multiplier": 1,
					"start_distance": 10,
					"stop_distance": 2
				}
			},
			"minecraft:sitting": {},
			"minecraft:standing": {},
			"minecraft:following": {
				"minecraft:shareables": {},
				"minecraft:behavior.follow_owner": {
					"priority": 3,
					"speed_multiplier": 1.5,
					"start_distance": 10,
					"stop_distance": 2
				}
			},
			"minecraft:geostenbergia_wild": {
				"minecraft:behavior.breed": {
					"priority": 0,
					"speed_multiplier": 1.5
				},
				"minecraft:health": {
					"value": 50,
					"max": 50
				},
				"minecraft:attack": {
					"damage": 6
				},
				"minecraft:breedable": {
					"require_tame": false,
					"breed_cooldown": 120,
					"breeds_with": {
						"mate_type": "pd:geostenbergia",
						"baby_type": "pd:geostenbergia",
						"breed_event": {
							"event": "minecraft:entity_born",
							"target": "baby"
						}
					},
					"breed_items": [
						"spider_eye"
					]
				},
				"minecraft:behavior.nearest_attackable_target": {
					"priority": 2,
					"within_radius": 64,
					"entity_types": [
						{
							"filters": {
								"other_with_families": [
									"cow",
									"sheep",
									"chicken",
									"miragaia",
									"player",
									"villager"
								]
							},
							"max_dist": 64
						}
					],
					"must_see": true
				},
				"minecraft:on_hurt_by_player": {},
				"minecraft:behavior.hurt_by_target": {
					"priority": 3
				}
			},
			"minecraft:geostenbergia_walking": {
				"minecraft:navigation.walk": {
					"can_path_over_water": true,
					"avoid_water": true,
					"avoid_damage_blocks": true
				},
				"minecraft:movement.basic": {},
				"minecraft:jump.static": {},
				"minecraft:can_climb": {},
				"minecraft:physics": {
					"has_gravity": true
				},
				"minecraft:timer": {
					"time": [
						20,
						40
					],
					"looping": true,
					"time_down_event": {
						"event": "change",
						"target": "self"
					}
				},
				"minecraft:behavior.random_look_around_and_sit": {
					"priority": 10,
					"min_look_count": 2,
					"max_look_count": 5,
					"min_look_time": 100,
					"max_look_time": 300,
					"probability": 0.01
				},
				"minecraft:behavior.mount_pathing": {
					"priority": 2,
					"speed_multiplier": 1.5,
					"target_dist": 0,
					"track_target": true
				},
				"minecraft:behavior.random_stroll": {
					"priority": 6,
					"speed_multiplier": 0.8
				}
			},
			"minecraft:geostenbergia_walkingplus": {
				"minecraft:physics": {
					"has_gravity": true
				},
				"minecraft:behavior.float": {
					"priority": 0
				},
				"minecraft:behavior.find_mount": {
					"priority": 3,
					"within_radius": 16,
					"avoid_water": true,
					"start_delay": 100,
					"target_needed": false,
					"mount_distance": 2
				},
				"minecraft:jump.static": {}
			},
			"minecraft:geostenbergia_babywalking": {
				"minecraft:navigation.walk": {
					"can_path_over_water": true,
					"avoid_water": true,
					"avoid_damage_blocks": true
				},
				"minecraft:movement.basic": {},
				"minecraft:jump.static": {},
				"minecraft:can_climb": {},
				"minecraft:physics": {
					"has_gravity": true
				},
				"minecraft:behavior.float": {
					"priority": 0
				},
				"minecraft:behavior.random_look_around_and_sit": {
					"priority": 10,
					"min_look_count": 2,
					"max_look_count": 5,
					"min_look_time": 100,
					"max_look_time": 300,
					"probability": 0.01
				},
				"minecraft:behavior.mount_pathing": {
					"priority": 2,
					"speed_multiplier": 1.5,
					"target_dist": 0,
					"track_target": true
				},
				"minecraft:behavior.random_stroll": {
					"priority": 6,
					"speed_multiplier": 0.8
				}
			},
			"minecraft:geostenbergia_flying": {
				"minecraft:physics": {
					"has_gravity": false
				},
				"minecraft:movement": {
					"value": 0.1
				},
				"minecraft:movement.fly": {
					"start_speed": 0.1,
					"speed_when_turning": 0.2
				},
				"minecraft:navigation.float": {
					"can_path_over_water": true
				},
				"minecraft:behavior.float": {
					"priority": 0
				},
				"minecraft:can_fly": {},
				"minecraft:timer": {
					"time": [
						120,
						500
					],
					"looping": true,
					"time_down_event": {
						"event": "change",
						"target": "self"
					}
				},
				"minecraft:behavior.swoop_attack": {
					"priority": 2,
					"damage_reach": 0.2,
					"speed_multiplier": 1,
					"delay_range": [
						10,
						20
					]
				},
				"minecraft:behavior.float_wander": {
					"priority": 2,
					"speed_multiplier": 1.45,
					"must_reach": true,
					"can_land_on_trees": true
				}
			}
		},
		"components": {
			"minecraft:type_family": {
				"family": [
					"geostenbergia",
					"medium_carnivore",
					"pterosaur"
				]
			},
			"minecraft:loot": {
				"table": "loot_tables/entities/medium_dinosaur.json"
			},
			"minecraft:healable": {
				"items": [
					{
						"item": "cooked_beef",
						"heal_amount": 5
					}
				]
			},
			"minecraft:breathable": {
				"total_supply": 15,
				"suffocate_time": 0
			},
			"minecraft:navigation.walk": {
				"can_path_over_water": true,
				"avoid_water": true,
				"avoid_damage_blocks": true
			},
			"minecraft:movement.basic": {},
			"minecraft:fall_damage": {
				"value": 0
			},
			"minecraft:jump.static": {},
			"minecraft:can_climb": {},
			"minecraft:collision_box": {
				"width": 2,
				"height": 1.5
			},
			"minecraft:nameable": {},
			"minecraft:health": {
				"value": 50,
				"max": 50
			},
			"minecraft:attack": {
				"damage": 6
			},
			"minecraft:movement": {
				"value": 0.25
			},
			"minecraft:knockback_resistance": {
				"value": 100,
				"max": 100
			},
			"minecraft:damage_sensor": {
				"triggers": {
					"cause": "fall",
					"deals_damage": false
				}
			},
			"minecraft:behavior.avoid_block": {
				"priority": 0,
				"tick_interval": 0,
				"search_range": 32,
				"search_height": 8,
				"sprint_speed_modifier": 1.25,
				"target_selection_method": "nearest",
				"target_blocks": [
					"minecraft:soul_fire",
					"minecraft:fire",
					"minecraft:magma",
					"time:fenceWire",
					"time:fencePillar",
					"time:edgeFencePillar",
					"minecraft:lava"
				]
			},
			"minecraft:hurt_on_condition": {
				"damage_conditions": [
					{
						"filters": {
							"test": "in_lava",
							"subject": "self",
							"operator": "==",
							"value": true
						},
						"cause": "lava",
						"damage_per_tick": 4
					}
				]
			},
			"minecraft:behavior.float": {
				"priority": 0
			},
			"minecraft:behavior.hurt_by_target": {
				"priority": 3
			},
			"minecraft:behavior.knockback_roar": {
				"priority": 1,
				"duration": 3,
				"attack_time": 0,
				"knockback_damage": 0,
				"knockback_strength": 0,
				"knockback_range": 0,
				"cooldown_time": 30
			},
			"minecraft:behavior.delayed_attack": {
				"priority": 4,
				"speed_multiplier": 1.5,
				"reach_multiplier": 1.25,
				"attack_duration": 1.6,
				"hit_delay_pct": 0.55,
				"track_target": true,
				"sound_event": "attack"
			},
			"minecraft:behavior.tempt": {
				"priority": 4,
				"speed_multiplier": 1.6,
				"items": [
					"beef"
				]
			},
			"minecraft:behavior.look_at_player": {
				"priority": 8,
				"look_distance": 6,
				"probability": 0.02
			},
			"minecraft:behavior.random_look_around": {
				"priority": 8
			},
			"minecraft:persistent": {},
			"minecraft:follow_range": {
				"value": 64
			},
			"minecraft:physics": {},
			"minecraft:pushable": {
				"is_pushable": true,
				"is_pushable_by_piston": true
			}
		},
		"events": {
			"from_egg": {
				"sequence": [
					{
						"randomize": [
							{
								"weight": 10,
								"add": {
									"component_groups": [
										"minecraft:skin1"
									]
								}
							},
							{
								"weight": 9,
								"add": {
									"component_groups": [
										"minecraft:skin2"
									]
								}
							},
							{
								"weight": 8,
								"add": {
									"component_groups": [
										"minecraft:skin3"
									]
								}
							},
							{
								"weight": 7,
								"add": {
									"component_groups": [
										"minecraft:skin4"
									]
								}
							},
							{
								"weight": 6,
								"add": {
									"component_groups": [
										"minecraft:skin5"
									]
								}
							},
							{
								"weight": 5,
								"add": {
									"component_groups": [
										"minecraft:skin6"
									]
								}
							}
						]
					},
					{
						"randomize": [
							{
								"weight": 5,
								"add": {
									"component_groups": [
										"minecraft:geostenbergia_baby"
									]
								}
							}
						]
					}
				]
			},
			"minecraft:entity_spawned": {
				"sequence": [
					{
						"randomize": [
							{
								"weight": 10,
								"add": {
									"component_groups": [
										"minecraft:skin1"
									]
								}
							},
							{
								"weight": 9,
								"add": {
									"component_groups": [
										"minecraft:skin2"
									]
								}
							},
							{
								"weight": 8,
								"add": {
									"component_groups": [
										"minecraft:skin3"
									]
								}
							},
							{
								"weight": 7,
								"add": {
									"component_groups": [
										"minecraft:skin4"
									]
								}
							},
							{
								"weight": 6,
								"add": {
									"component_groups": [
										"minecraft:skin5"
									]
								}
							},
							{
								"weight": 5,
								"add": {
									"component_groups": [
										"minecraft:skin6"
									]
								}
							}
						]
					},
					{
						"randomize": [
							{
								"weight": 8,
								"add": {
									"component_groups": [
										"minecraft:geostenbergia_adult",
										"minecraft:geostenbergia_wild",
										"minecraft:geostenbergia_roar",
										"minecraft:geostenbergia_walking"
									]
								}
							},
							{
								"weight": 2,
								"add": {
									"component_groups": [
										"minecraft:geostenbergia_baby",
										"minecraft:geostenbergia_roar",
										"minecraft:geostenbergia_babywalking"
									]
								}
							}
						]
					}
				]
			},
			"minecraft:entity_born": {
				"add": {
					"component_groups": [
						"minecraft:geostenbergia_baby",
						"minecraft:geostenbergia_walking"
					]
				}
			},
			"minecraft:entity_transformed": {
				"sequence": [
					{
						"randomize": [
							{
								"weight": 5,
								"add": {
									"component_groups": [
										"minecraft:geostenbergia_baby",
										"minecraft:geostenbergia_walking"
									]
								}
							}
						]
					},
					{
						"randomize": [
							{
								"weight": 10,
								"add": {
									"component_groups": [
										"minecraft:skin1"
									]
								}
							},
							{
								"weight": 9,
								"add": {
									"component_groups": [
										"minecraft:skin2"
									]
								}
							},
							{
								"weight": 8,
								"add": {
									"component_groups": [
										"minecraft:skin3"
									]
								}
							},
							{
								"weight": 7,
								"add": {
									"component_groups": [
										"minecraft:skin4"
									]
								}
							},
							{
								"weight": 6,
								"add": {
									"component_groups": [
										"minecraft:skin5"
									]
								}
							},
							{
								"weight": 5,
								"add": {
									"component_groups": [
										"minecraft:skin6"
									]
								}
							}
						]
					}
				]
			},
			"minecraft:ageable_grow_up_tame": {
				"remove": {
					"component_groups": [
						"minecraft:geostenbergia_baby_tame",
						"minecraft:geostenbergia_babywalking"
					]
				},
				"add": {
					"component_groups": [
						"minecraft:geostenbergia_adult",
						"minecraft:geostenbergia_walking",
						"minecraft:geostenbergia_adult_tame",
						"minecraft:geostenbergia_roar"
					]
				}
			},
			"minecraft:ageable_grow_up": {
				"remove": {
					"component_groups": [
						"minecraft:geostenbergia_baby",
						"minecraft:geostenbergia_roar",
						"minecraft:geostenbergia_babywalking"
					]
				},
				"add": {
					"component_groups": [
						"minecraft:geostenbergia_adult",
						"minecraft:geostenbergia_wild",
						"minecraft:geostenbergia_walking",
						"minecraft:geostenbergia_roar"
					]
				}
			},
			"change": {
				"sequence": [
					{
						"randomize": [
							{
								"weight": 5,
								"remove": {
									"component_groups": [
										"minecraft:geostenbergia_flying"
									]
								},
								"add": {
									"component_groups": [
										"minecraft:geostenbergia_walking"
									]
								}
							},
							{
								"weight": 5,
								"remove": {
									"component_groups": [
										"minecraft:geostenbergia_walking"
									]
								},
								"add": {
									"component_groups": [
										"minecraft:geostenbergia_flying"
									]
								}
							}
						]
					}
				]
			},
			"minecraft:on_tame_baby": {
				"remove": {
					"component_groups": [
						"minecraft:geostenbergia_baby"
					]
				},
				"add": {
					"component_groups": [
						"minecraft:geostenbergia_baby_tame"
					]
				}
			},
			"minecraft:is_sitting": {
				"remove": {
					"component_groups": [
						"minecraft:standing",
						"minecraft:geostenbergia_flying"
					]
				},
				"add": {
					"component_groups": [
						"minecraft:sitting",
						"minecraft:geostenbergia_walkingplus"
					]
				}
			},
			"minecraft:is_standing": {
				"remove": {
					"component_groups": [
						"minecraft:sitting",
						"minecraft:geostenbergia_walkingplus"
					]
				},
				"add": {
					"component_groups": [
						"minecraft:standing",
						"minecraft:geostenbergia_walking"
					]
				}
			},
			"minecraft:start_following": {
				"add": {
					"component_groups": [
						"minecraft:following"
					]
				}
			},
			"minecraft:stop_following": {
				"remove": {
					"component_groups": [
						"minecraft:following"
					]
				}
			},
			"minecraft:geostenbergia_saddled": {
				"add": {
					"component_groups": [
						"minecraft:a_saddled"
					]
				}
			},
			"minecraft:geostenbergia_unsaddled": {
				"remove": {
					"component_groups": [
						"minecraft:a_saddled"
					]
				}
			}
		}
	}
}