{
	"format_version": "1.16.0",
	"minecraft:entity": {
		"description": {
			"identifier": "pd:inostrancevia",
			"is_spawnable": true,
			"is_summonable": true,
			"is_experimental": false
		},
		"component_groups": {
			"pd": {
				"minecraft:behavior.nearest_prioritized_attackable_target": {
					"priority": 0,
					"must_see": true,
					"within_radius": 24,
					"must_reach": true,
					"reselect_targets": true,
					"entity_types": [
						{
							"filters": {
								"all_of": [
									{
										"test": "is_family",
										"subject": "other",
										"value": "cow"
									}
								]
							},
							"must_see": true,
							"max_dist": 24
						}
					]
				},
				"minecraft:type_family": {
					"family": [
						"inostrancevia",
						"mob"
					]
				},
				"minecraft:underwater_movement": {
					"value": 0.25
				}
			}
		},
		"components": {
			"minecraft:scale": {
				"value": 0.68
			},
			"minecraft:behavior.delayed_attack": {
				"priority": 1,
				"attack_once": false,
				"random_stop_interval": 0,
				"speed_multiplier": 1.45,
				"reach_multiplier": 2,
				"attack_duration": 2.5,
				"hit_delay_pct": 0,
				"track_target": true,
				"sound_event": "attack"
			},
			"minecraft:health": {
				"value": 50,
				"max": 50
			},
			"minecraft:collision_box": {
				"width": 1.5,
				"height": 2
			},
			"minecraft:damage_sensor": {
				"triggers": [
					{
						"cause": "lightning",
						"deals_damage": true,
						"damage_multiplier": 2000
					}
				]
			},
			"minecraft:movement": {
				"value": 0.25
			},
			"minecraft:water_movement": {
				"drag_factor": 0.25
			},
			"minecraft:physics": {},
			"minecraft:jump.static": {},
			"minecraft:attack": {
				"damage": 12
			},
			"minecraft:behavior.melee_attack": {
				"priority": 1,
				"track_target": true
			},
			"minecraft:behavior.random_stroll": {
				"priority": 3,
				"interval": 100
			},
			"minecraft:behavior.hurt_by_target": {
				"priority": 1
			},
			"minecraft:behavior.look_at_player": {
				"priority": 8,
				"target_distance": 6,
				"probability": 0.02
			},
			"minecraft:nameable": {},
			"minecraft:movement.basic": {
				"1": {}
			},
			"minecraft:timer": {
				"looping": false,
				"time": 1,
				"time_down_event": {
					"target": "self",
					"event": "activate"
				}
			},
			"minecraft:navigation.generic": {
				"can_walk": true,
				"can_path_over_water": false,
				"can_sink": false,
				"avoid_damage_blocks": true,
				"can_climb": true,
				"can_swim": true,
				"is_amphibious": true
			},
			"minecraft:loot": {
				"table": "loot_tables/entities/beff_dinosaur.json"
			},
			"minecraft:behavior.nap": {
				"priority": 0,
				"cooldown_min": 420,
				"cooldown_max": 420,
				"mob_detect_dist": 12,
				"mob_detect_height": 6,
				"can_nap_filters": {
					"all_of": [
						{
							"test": "in_water",
							"subject": "self",
							"operator": "==",
							"value": false
						},
						{
							"test": "on_ground",
							"subject": "self",
							"operator": "==",
							"value": true
						},
						{
							"test": "is_daytime",
							"subject": "self",
							"operator": "==",
							"value": false
						}
					]
				}
			}
		},
		"events": {
			"activate": {
				"add": {
					"component_groups": [
						"pd"
					]
				}
			}
		}
	}
}