{
	"format_version": "1.16.0",
	"minecraft:entity": {
		"description": {
			"identifier": "pd:macroplata",
			"is_spawnable": true,
			"is_summonable": true,
			"is_experimental": false
		},
		"component_groups": {
			"pd": {
				"minecraft:behavior.nearest_attackable_target": {
					"priority": 0,
					"must_see": true,
					"within_radius": 24,
					"must_reach": true,
					"reselect_targets": true,
					"entity_types": [
						{
							"filters": {
								"any_of": [
									{
										"test": "is_family",
										"subject": "other",
										"value": "player"
									},
              {
										"test": "is_family",
										"subject": "other",
										"value": "salmon"
									},
              {
										"test": "is_family",
										"subject": "other",
										"value": "fish"
									},
              {
										"test": "is_family",
										"subject": "other",
										"value": "megacephalosaurus"
									},
              {
										"test": "is_family",
										"subject": "other",
										"value": "eonatator"
									}
								]
							},
							"priority": 0,
							"max_dist": 24
						}
					]
				},
				"minecraft:type_family": {
					"family": [
						"macroplata",
						"mob"
					]
				},
				"minecraft:underwater_movement": {
					"value": 0.28
				}
			}
		},
		"components": {
			"minecraft:scale": {
				"value": 0.95
			},
    "minecraft:behavior.delayed_attack": {
        "priority": 1,
        "attack_once": false,
        "random_stop_interval": 0,
        "speed_multiplier": 1.45,
        "reach_multiplier": 2.0,
        "attack_duration": 2.5,
        "hit_delay_pct": 0.0,
        "track_target": true,
        "sound_event": "attack"
      },
			"minecraft:health": {
				"value": 110,
				"max": 110
			},
			"minecraft:collision_box": {
				"width": 3,
				"height": 4
			},
			"minecraft:breathable": {
				"total_supply": 15,
				"suffocate_time": 0,
				"breathes_air": false,
				"breathes_water": true
			},
			"minecraft:movement.sway": {
				"sway_amplitude": 0
			},
			"minecraft:damage_sensor": {
				"triggers": [
					{
						"cause": "lightning",
						"deals_damage": true,
						"damage_multiplier": 2000
					}
				]
			},
			"minecraft:movement": {
				"value": 0.23
			},
			"minecraft:water_movement": {
				"drag_factor": 0.28
			},
			"minecraft:physics": {},
			"minecraft:attack": {
				"damage": 12
			},
			"minecraft:behavior.melee_attack": {
				"priority": 1,
				"track_target": true
      },
			"minecraft:behavior.random_swim": {
				"speed_multiplier": 3,
				"priority": 3,
				"xz_dist": 16,
				"y_dist": 4,
				"interval": 0,
				"avoid_surface": false
			},
			"minecraft:behavior.swim_wander": {
				"priority": 4,
				"interval": 0.0166,
				"look_ahead": 5,
				"speed_multiplier": 0.014,
				"wander_time": 5
			},
			"minecraft:behavior.hurt_by_target": {
				"priority": 1
			},
			"minecraft:behavior.look_at_player": {
				"priority": 8,
				"target_distance": 6,
				"probability": 0.02
			},
			"minecraft:nameable": {},
			"minecraft:timer": {
				"looping": false,
				"time": 1,
				"time_down_event": {
					"target": "self",
					"event": "activate"
				}
			},
			"minecraft:navigation.generic": {
				"is_amphibious": false,
				"can_path_over_water": false,
				"can_swim": true,
				"can_walk": false,
				"can_breach": false,
				"can_sink": true
			}
		},
		"events": {
			"activate": {
				"add": {
					"component_groups": [
						"pd"
					]
				}
			}
		}
	}
}