{
	"format_version": "1.16.0",
	"minecraft:entity": {
		"description": {
			"identifier": "pd:ohmdenosaurus",
			"is_spawnable": true,
			"is_summonable": true,
			"is_experimental": false
		},
		"component_groups": {
			"pd": {
				"minecraft:type_family": {
					"family": [
						"Ohmdenosaurus",
						"mob"
					]
				},
				"minecraft:underwater_movement": {
					"value": 0.25
				}
			}
		},
		"components": {
			"minecraft:scale": {
				"value": 1.15
			},
			"minecraft:behavior.delayed_attack": {
				"priority": 1,
				"attack_once": false,
				"random_stop_interval": 0,
				"speed_multiplier": 1.45,
				"reach_multiplier": 2,
				"attack_duration": 2.5,
				"hit_delay_pct": 0,
				"track_target": true,
				"sound_event": "attack"
			},
			"minecraft:health": {
				"value": 70,
				"max": 70
			},
			"minecraft:collision_box": {
				"width": 1.5,
				"height": 2
			},
			"minecraft:damage_sensor": {
				"triggers": [
					{
						"cause": "lightning",
						"deals_damage": true,
						"damage_multiplier": 2000
					}
				]
			},
			"minecraft:movement": {
				"value": 0.23
			},
			"minecraft:water_movement": {
				"drag_factor": 0.25
			},
			"minecraft:physics": {},
			"minecraft:jump.static": {},
			"minecraft:attack": {
				"damage": 9
			},
			"minecraft:behavior.melee_attack": {
				"priority": 1,
				"track_target": true
			},
			"minecraft:behavior.random_stroll": {
				"priority": 3,
				"interval": 100
			},
			"minecraft:behavior.hurt_by_target": {
				"priority": 1
			},
			"minecraft:behavior.look_at_player": {
				"priority": 8,
				"target_distance": 6,
				"probability": 0.02
			},
			"minecraft:nameable": {},
			"minecraft:movement.basic": {
				"1": {}
			},
			"minecraft:timer": {
				"looping": false,
				"time": 1,
				"time_down_event": {
					"target": "self",
					"event": "activate"
				}
			},
			"minecraft:navigation.generic": {
				"can_walk": true,
				"can_path_over_water": false,
				"can_sink": false,
				"avoid_damage_blocks": true,
				"can_climb": true,
				"can_swim": true,
				"is_amphibious": true
			},
			"minecraft:loot": {
				"table": "loot_tables/entities/medium_dinosaur.json"
			}
		},
		"events": {
			"activate": {
				"add": {
					"component_groups": [
						"pd"
					]
				}
			}
		}
	}
}