{
	"format_version": "1.16.100",
	"minecraft:feature_rules": {
		"description": {
			"identifier": "vl:tent_feature_rule",
			"places_feature": "vl:tent_feature"
		},
		"conditions": {
			"placement_pass": "surface_pass",
			"minecraft:biome_filter": {
				"any_of": [
					{
						"test": "has_biome_tag",
						"operator": "==",
						"value": "plains"
					},
					{
						"test": "has_biome_tag",
						"operator": "==",
						"value": "overworld_generation"
					}
				]
			}
		},
		"distribution": {
			"iterations": 1,
			"x": {
				"distribution": "gaussian",
				"extent": [0,16]
			},
			"y": "query.heightmap(v.worldx, v.worldz)", //Generates the feature on the highest block on the column
			"z": {
				"distribution": "gaussian",
				"extent": [0,16]
			},
			"scatter_chance": 0.5
		}
	}
}