{
	"format_version": "1.8.0",
	"animations": {
		"animation.sp.gliding": {
			"loop": true,
			"animation_length": 1.375,
			"override_previous_animation": true,
			"bones": {
				"RightLeg": {
					"rotation": {
						"0.0": [-5, 0, 5],
						"0.75": [2.4905, -0.21782, 9.99527],
						"1.375": [-5, 0, 5]
					},
					"position": [0, 0, 0]
				},
				"LeftLeg": {
					"rotation": {
						"0.0": [7.5, 0, -5],
						"0.7083": [0, 0, -5],
						"1.375": [7.5, 0, -5]
					},
					"position": [0, 0, 0]
				},
				"RightArm": {
					"rotation": {
						"0.0": [-4.99527, -0.21782, 72.5095],
						"0.6667": [-4.83211, -1.29382, 60.05475],
						"1.3333": [-5, -0.22, 72.51]
					}
				},
				"LeftArm": {
					"rotation": {
						"0.0": [-2.78411, -1.08028, -67.11888],
						"0.75": [-2.94932, -0.45274, -54.63412],
						"1.3333": [-2.78, -1.08, -67.12]
					}
				}
			}
		},
		"animation.glid.sound": {
			"loop": true,
			"animation_length": 8.25,
			"override_previous_animation": true,
			"sound_effects": {
				"0.0": {
					"effect": "wuhu"
				}
			}
		}
	}
}