{
	"format_version" : "1.8.0",
	"animations" : {
		"animation.deah.head": {
			"loop": true,
			"animation_length": 0.08333,
			"override_previous_animation": true,
			"bones": {
				"rightArm": {
					"rotation": ["-75.0 + query.target_x_rotation", "0.5 + query.target_y_rotation", 0],
					"position": [1, 0, 1]
				}
			}
		},
		"animation.deah.hea": {
			"loop": true,
			"animation_length": 0.08333,
			"override_previous_animation": true,
			"bones": {
				"leftArm": {
					"rotation": ["-75.0 + query.target_x_rotation", "0.5 + query.target_y_rotation", 0],
					"position": [-1, 0, -1]
				}
			}
		}
	}
}
