{
  "format_version": "1.8.0",
  "animations": {
    "animation.mc_vulture.stand": {
      "loop": true,
      "animation_length": 0.79167,
      "override_previous_animation": true,
      "bones": {
        "RightLeg": {
          "rotation": [
            12.5,
            0,
            0
          ]
        },
        "LeftLeg": {
          "rotation": [
            10,
            0,
            0
          ],
          "position": [
            0,
            2,
            -3
          ]
        },
        "RightArm": {
          "rotation": {
            "0.0": [
              0,
              0,
              17.5
            ],
            "0.2917": [
              0,
              0,
              25
            ],
            "0.625": [
              0,
              0,
              10
            ],
            "0.7917": [
              0,
              0,
              17.5
            ]
          }
        },
        "LeftArm": {
          "rotation": {
            "0.0": [
              0,
              0,
              -15
            ],
            "0.25": [
              0,
              0,
              -25
            ],
            "0.5833": [
              0,
              0,
              -11.35
            ],
            "0.7917": [
              0,
              0,
              -15
            ]
          }
        },
        "Qan2": {
          "rotation": {
            "0.0": [
              0,
              0,
              0
            ],
            "0.3333": [
              20,
              0,
              -20
            ],
            "0.625": [
              -12.5,
              0,
              12
            ],
            "0.7917": [
              0,
              0,
              0
            ]
          }
        },
        "Qan": {
          "rotation": {
            "0.0": [
              0,
              0,
              0
            ],
            "0.3333": [
              20,
              0,
              15
            ],
            "0.625": [
              -12.5,
              0,
              -14.55
            ],
            "0.7917": [
              0,
              0,
              0
            ]
          }
        },
        "Q2": {
          "rotation": {
            "0.0": [
              0,
              0,
              0
            ],
            "0.25": [
              0,
              0,
              20
            ],
            "0.5417": [
              0,
              0,
              -13.27
            ],
            "0.7917": [
              0,
              0,
              0
            ]
          }
        },
        "Q3": {
          "rotation": {
            "0.0": [
              0,
              0,
              0
            ],
            "0.25": [
              -1.27737,
              3.02494,
              -19.76508
            ],
            "0.5417": [
              -0.0764,
              1.51355,
              10.88383
            ],
            "0.7917": [
              0,
              0,
              0
            ]
          }
        }
      }
    }
  }
}