{
	"format_version": "1.8.0",
	"animations": {
		"animation.kokattack": {
			"loop": true,
			"animation_length": 1.08333,
			"override_previous_animation": true,
			"bones": {
				"root": {
					"rotation": {
						"0.0": [0, 0, 0],
						"0.4167": [-17.5, 0, 0],
						"0.5": [-20, 0, 0],
						"0.5417": [-16.40606, 0, 0],
						"0.5833": [-5.69385, 0, 0],
						"0.6667": [25.69385, 0, 0],
						"0.7083": [36.40606, 0, 0],
						"0.75": [40, 0, 0]
					},
					"position": {
						"0.0": [0, 0, 0],
						"0.4167": [0, 19, -6],
						"0.5": [0, 19, -6],
						"0.5417": [0, 17.76785, -4.8363],
						"0.5833": [0, 13.32865, -0.64373],
						"0.625": [0, 6.67135, 5.64373],
						"0.6667": [0, 2.23215, 9.8363],
						"0.7083": [0, 1, 11]
					}
				},
				"RightLeg": {
					"rotation": {
						"0.5": [0, 0, 0],
						"0.75": [-55.41141, 18.82943, 12.54707],
						"1.0417": [-37.91141, 18.82943, 12.54707]
					}
				},
				"LeftLeg": {
					"rotation": {
						"0.0": [0, 0, 0],
						"0.4167": [23.7067, 2.51733, -4.15091],
						"0.7083": [7.79958, 26.11218, -20.07273]
					}
				},
				"Body": {
					"rotation": {
						"0.0": [0, 0, 0],
						"0.4167": [-15, 0, 0],
						"0.5": [-15, 0, 0],
						"0.5417": [-11.91963, 0, 0],
						"0.5833": [-0.82163, 0, 0],
						"0.625": [15.82163, 0, 0],
						"0.6667": [26.91963, 0, 0],
						"0.7083": [30, 0, 0]
					},
					"position": {
						"0.0": [0, 0, 0],
						"0.4167": [0, 0, 3],
						"0.5": [0, 0, 3],
						"0.5417": [0, -0.20536, 2.38393],
						"0.5833": [0, -0.94522, 0.16433],
						"0.625": [0, -2.05478, -3.16433],
						"0.6667": [0, -2.79464, -5.38393],
						"0.7083": [0, -3, -6]
					}
				},
				"Head": {
					"rotation": {
						"0.0": [0, 0, 0],
						"0.3333": [-20, 0, 0],
						"0.5417": [-22.5, 0, 0],
						"0.75": [25, 0, 0],
						"0.8333": [30, 0, 0],
						"1.0833": [-42.5, 0, 0]
					}
				},
				"RightArm": {
					"rotation": {
						"0.0": [0, 0, 20],
						"0.4167": [19.9299, -1.70818, 74.69986],
						"0.5": [11.06517, -16.76559, 125.86446],
						"0.75": [-68.49215, 11.56646, -1.07182]
					},
					"position": {
						"0.5": [0, 0, 0],
						"0.75": [0, -2, -3]
					}
				},
				"LeftArm": {
					"rotation": {
						"0.0": [0, 0, -17.5],
						"0.4583": [40, 0, -30],
						"0.75": [72.5, 0, -30]
					}
				},
				"ayd": {
					"rotation": [0, 0, 0]
				}
			},
			"particle_effects": {
				"0.0": {
					"effect": "power",
					"locator": "kok"
				},
				"0.75": {
					"effect": "land",
					"locator": "yer"
				}
			}
		}
	}
}