{
	"format_version": "1.8.0",
	"animations": {
		"animation.punk.guitar": {
			"loop": true,
			"animation_length": 1.41667,
			"override_previous_animation": true,
			"bones": {
				"root": {
					"rotation": {
						"0.0": [0, 0, 0],
						"0.0833": [0, 0, 0]
					},
					"position": {
						"0.0833": [0, 0, 0],
						"0.4167": [0, 23, 0],
						"0.5": [0, 23, 0],
						"0.7083": [0, 0, 0]
					}
				},
				"RightLeg": {
					"rotation": {
						"0.0": [0, 0, 0],
						"0.125": [0, 0, 0],
						"0.2917": [22.5, 0, 0],
						"0.5417": [22.5, 0, 0],
						"0.6667": [0, 0, 0]
					}
				},
				"LeftLeg": {
					"rotation": {
						"0.0": [0, 0, 0],
						"0.125": [0, 0, 0],
						"0.2917": [15, 0, 0],
						"0.5": [15, 0, 0],
						"0.625": [0, 0, 0]
					},
					"position": {
						"0.0": [0, 0, 0],
						"0.125": [0, 0, 0],
						"0.2917": [0, 1, -2],
						"0.5": [0, 1, -2],
						"0.625": [0, 0, 0]
					}
				},
				"Head": {
					"rotation": {
						"0.0": [0, 0, 0],
						"0.0833": [0, 0, 0],
						"0.125": [-2.57627, 0, 0],
						"0.1667": [-22.42373, 0, 0],
						"0.2083": [-25, 0, 0],
						"0.4167": [-25, 0, 0],
						"0.6667": [5, 0, 0]
					}
				},
				"RightArm": {
					"rotation": {
						"0.0417": [-27.5, 0, 0],
						"0.0833": [-27.5, 0, 0],
						"0.125": [-41.41186, 0, 0],
						"0.1667": [-148.58814, 0, 0],
						"0.2083": [-162.5, 0, 0],
						"0.4167": [-162.5, 0, 0],
						"0.6667": [-40, 0, 0]
					}
				},
				"LeftArm": {
					"rotation": [-11.93845, -3.73171, -17.10967]
				},
				"shar": {
					"rotation": {
						"0.1667": [0, 0, 0],
						"0.25": {"pre": [0, 0, 0], "post": [-90, 0, 0]},
						"0.2917": [-90, 0, 0],
						"1.4167": [-90, -87.5, 0]
					},
					"position": {
						"0.1667": [0, 1, 0],
						"0.25": {"pre": [0, 1, 0], "post": [0, -28, 0]},
						"0.5": [0, -38, 0],
						"0.7083": [0, -15, 0]
					},
					"scale": {
						"0.1667": [1, 1, 1],
						"0.25": {"pre": [1, 1, 1], "post": [27.2, 27.2, 27.2]}
					}
				}
			}
		}
	}
}