{
	"format_version": "1.8.0",
	"animations": {
		"animation.spot.move": {
			"loop": true,
			"animation_length": 1.20833,
			"override_previous_animation": true,
			"bones": {
				"root": {
					"rotation": [7.5, 0, 0],
					"position": {
						"0.0": [0, 0, 1],
						"0.125": [0, 1, 1],
						"0.25": [0, 0, 1],
						"0.875": [0, 0, 1],
						"1.0417": [0, 2, 1],
						"1.2083": [0, 0, 1]
					},
					"scale": {
						"0.2083": [1, 1, 1],
						"0.2917": {"pre": [1, 1, 1], "post": [0, 0, 0]},
						"0.875": {"pre": [0, 0, 0], "post": [0, 0, 0]},
						"0.9167": {"pre": [0, 0, 0], "post": [1, 1, 1]}
					}
				},
				"RightLeg": {
					"rotation": {
						"0.0": [2.5, 0, 5],
						"0.25": [7.5, 0, 5],
						"0.875": [7.5, 0, 5],
						"1.2083": [5, 0, 5]
					}
				},
				"LeftLeg": {
					"rotation": {
						"0.0": [2.5, 0, -5],
						"0.25": [5, 0, -5],
						"0.875": [5, 0, -5],
						"1.2083": [2.5, 0, -5]
					}
				},
				"RightArm": {
					"rotation": {
						"0.0": [0, 0, 15],
						"0.25": [0, 0, 27.5],
						"0.875": [0, 0, 27.5],
						"1.2083": [0, 0, 12.5]
					}
				},
				"LeftArm": {
					"rotation": {
						"0.0": [0, 0, -12.5],
						"0.25": [0, 0, -32.5],
						"0.9167": [0, 0, -32.5],
						"1.2083": [0, 0, -12.5]
					}
				},
				"portal": {
					"position": {
						"0.0": [0, 0, -29],
						"0.5833": [0, 0, -34],
						"1.0": [0, 0, 24],
						"1.2083": [0, 0, 62]
					},
					"scale": {
						"0.5833": [0, -0.3, -0.8],
						"0.875": [1.9, 1.6, 1.1],
						"1.0": [1.9, 1.6, 1.1],
						"1.2083": [0, -0.3, -0.8]
					}
				},
				"LeftArm2": {
					"position": [0, 0, -2],
					"scale": 0
				},
				"portal2": {
					"position": {
						"0.0": [0, 0, -52],
						"0.2083": [0, 0, -22],
						"0.4167": [0, 0, 4],
						"0.5833": [0, 0, 13]
					},
					"scale": {
						"0.0": [0, 0, -0.4],
						"0.2083": [1.4, 1.4, 1],
						"0.4167": [1.8, 2.2, 1],
						"0.5833": [0, 0.4, -0.8]
					}
				},
				"Partikl": {
					"rotation": {
						"0.0": [0, 0, 0],
						"1.2083": [0, -335, 0]
					}
				}
			}
		},
		"animation.spot.attack": {
			"loop": true,
			"animation_length": 0.625,
			"override_previous_animation": true,
			"bones": {
				"root": {
					"rotation": [7.5, 0, 0],
					"position": [0, 0, 3]
				},
				"RightLeg": {
					"rotation": [4.98107, -0.43523, 4.98107]
				},
				"LeftLeg": {
					"rotation": [-7.50473, 0.21782, -2.4905]
				},
				"Body": {
					"rotation": {
						"0.0": [0, 0, 0],
						"0.0417": [0, -1.41923, 0],
						"0.125": [0, -16.08077, 0],
						"0.1667": [0, -17.5, 0],
						"0.2083": [0, -22.5, 0],
						"0.25": [0, -19.25605, 0],
						"0.3333": [0, 14.25605, 0],
						"0.375": [0, 17.5, 0],
						"0.4583": [0, 17.5, 0],
						"0.5": [0, 15.87803, 0],
						"0.5833": [0, -0.87803, 0],
						"0.625": [0, -2.5, 0]
					}
				},
				"RightArm": {
					"rotation": [0, 0, 20]
				},
				"LeftArm": {
					"rotation": {
						"0.0": [0, 0, -15],
						"0.2083": [22.5, 0, -70],
						"0.375": [-80, 0, -70]
					},
					"scale": {
						"0.2917": [1, 1, 1],
						"0.375": [1, 0.6, 1]
					}
				},
				"portal": {
					"rotation": {
						"0.3333": [0, 0, 2.5],
						"0.5417": [0, 0, 40],
						"0.625": [0, 0, 187.5]
					},
					"position": {
						"0.0": [0, 2, -17],
						"0.3333": [0, 2, -17]
					},
					"scale": {
						"0.0": [0, 0, 0],
						"0.3333": [0, 0, 0],
						"0.4167": {"pre": [0, 0, 0], "post": [1, 1, 1]},
						"0.5417": {"pre": [1, 1, 1], "post": [1, 1, 1]},
						"0.625": {"pre": [1, 1, 1], "post": [0, 0, 0]}
					}
				},
				"LeftArm2": {
					"position": {
						"0.0": [0, 0, -1],
						"0.375": [0, 0, -1],
						"0.4167": {"pre": [0, 0, -1], "post": [0, 0, 0]}
					},
					"scale": {
						"0.0": [1, 0, 1],
						"0.375": [1, 0, 1],
						"0.4167": [1, 0.11336, 1],
						"0.4583": [1, 0.98664, 1],
						"0.5": [1, 1.1, 1],
						"0.5833": {"pre": [1, 1.1, 1], "post": [1, 0, 1]}
					}
				},
				"Prtl": {
					"position": {
						"0.3333": [1, 0, 0],
						"0.4167": {"pre": [1, 0, 0], "post": [0, -2, 0]}
					},
					"scale": {
						"0.3333": [0.7, 1, 1],
						"0.4167": {"pre": [0.7, 1, 1], "post": [2.1, 2.4, 2.4]}
					}
				},
				"portal2": {
					"rotation": {
						"0.0": [0, 0, 0],
						"0.3333": [0, 0, 357.5],
						"0.625": [0, 0, 0]
					},
					"position": {
						"0.0": [0, 0, 0],
						"0.625": [0, 0, 0]
					},
					"scale": {
						"0.0": [1.2, 1.3, 1],
						"0.625": [1.2, 1.3, 1]
					}
				},
				"Partikl": {
					"rotation": {
						"0.0": [0, 0, 0],
						"0.625": [0, -252.5, 0]
					}
				}
			}
		},
		"animation.spot.stand": {
			"loop": true,
			"animation_length": 0.66667,
			"override_previous_animation": true,
			"bones": {
				"root": {
					"rotation": [15, 0, 0],
					"position": {
						"0.0": [0, 0, 6],
						"0.25": [0, 0.63, 6],
						"0.4583": [0, -3.69, 6],
						"0.6667": [0, -1, 6]
					}
				},
				"RightLeg": {
					"rotation": [10, 0, 7.5],
					"position": [0, 2, -2]
				},
				"LeftLeg": {
					"rotation": [5, 0, 0]
				},
				"RightArm": {
					"rotation": {
						"0.0": [7.5, 0, 22.5],
						"0.25": [7.32417, -1.61888, 34.89638],
						"0.6667": [7.5, 0, 22.5]
					}
				},
				"LeftArm": {
					"rotation": {
						"0.0": [12.2127, 2.68507, -12.2127],
						"0.25": [11.12356, 5.73729, -26.94002],
						"0.6667": [12.21, 2.69, -12.21]
					}
				},
				"portal": {
					"rotation": {
						"0.0": [0, 12.5, 0],
						"0.6667": [0, -7.5, 360]
					},
					"position": {
						"0.0": [10, 0, 23],
						"0.6667": [-10, 0, 23]
					},
					"scale": 1.2
				},
				"LeftArm2": {
					"scale": [0, -1, 0]
				},
				"portal2": {
					"rotation": {
						"0.0": [0, -20, 0],
						"0.6667": [0, 17.5, -357.5]
					},
					"position": {
						"0.0": [-10, 0, 0],
						"0.6667": [9, 0, 0]
					},
					"scale": {
						"0.0": [1.2, 1.2, 1.2],
						"0.6667": [1.2, 1.2, 1.2]
					}
				},
				"Partikl": {
					"rotation": {
						"0.0": [0, 0, 0],
						"0.6667": [0, -342.5, 0]
					}
				}
			}
		}
	}
}