{
	"format_version": "1.8.0",
	"animations": {
		"animation.web.onair": {
			"loop": true,
			"override_previous_animation": true,
			"bones": {
				"Bolak": {
					"rotation": [-34.3939, -27.73062, 17.6685],
					"scale": [0.8, 0.8, 1]
				},
				"Bolak2": {
					"rotation": [-34.3939, 27.73062, -17.6685],
					"scale": [0.8, 0.8, 1]
				},
				"Bolak3": {
					"rotation": [26.15861, 22.03125, 18.89409],
					"scale": [0.7, 0.8, 1]
				},
				"Bolak4": {
					"rotation": [12.30649, -28.95334, 14.90177],
					"scale": [0.8, 0.8, 1]
				}
			}
		},
		"animation.web.ofair": {
			"loop": true,
			"override_previous_animation": true,
			"bones": {
				"Bolak": {
					"rotation": [7.5, 15, 0],
					"position": [0, 0, 2],
					"scale": [1, 1.1, 1]
				},
				"Bolak2": {
					"rotation": [7.61435, -9.91358, -1.31845],
					"position": [0, 0, 2],
					"scale": [1.2, 1.2, 1]
				},
				"Bolak3": {
					"rotation": [-7.5, -10, 0],
					"position": [0, 0, 2],
					"scale": [1.1, 1.1, 1]
				},
				"Bolak4": {
					"rotation": [-8.27476, 19.04872, -6.57532],
					"position": [0, -1, 2],
					"scale": [1.1, 1, 1]
				}
			}
		}
	}
}