{"format_version":"1.8.0","animations":{"animation.yg_nabnab.general":{"loop":true,"animation_length":2,"bones":{"Body":{"rotation":{"0.0":{"post":[0,0,0],"lerp_mode":"catmullrom"},"1.0":{"post":[2.5,0,0],"lerp_mode":"catmullrom"},"1.5":{"post":[2.5,0,0],"lerp_mode":"catmullrom"},"2.0":{"post":[0,0,0],"lerp_mode":"catmullrom"}}},"Rightarm":{"rotation":{"0.0":{"post":[0,0,7.5],"lerp_mode":"catmullrom"},"1.0":{"post":[2.5,0,10],"lerp_mode":"catmullrom"},"2.0":{"post":[0,0,7.5],"lerp_mode":"catmullrom"}}},"bone":{"rotation":{"0.0":{"post":[-20,0,0],"lerp_mode":"catmullrom"},"1.0":{"post":[-25,0,0],"lerp_mode":"catmullrom"},"2.0":{"post":[-20,0,0],"lerp_mode":"catmullrom"}}},"Leftarm":{"rotation":{"0.0":{"post":[0,0,-10],"lerp_mode":"catmullrom"},"1.0":{"post":[2.5,0,-12.5],"lerp_mode":"catmullrom"},"2.0":{"post":[0,0,-10],"lerp_mode":"catmullrom"}}},"bone3":{"rotation":{"0.0":{"post":[-20,0,0],"lerp_mode":"catmullrom"},"1.0":{"post":[-25,0,0],"lerp_mode":"catmullrom"},"2.0":{"post":[-20,0,0],"lerp_mode":"catmullrom"}}}}},"animation.yg_nabnab.move":{"loop":true,"animation_length":1,"anim_time_update":"query.modified_distance_moved * 0.1","bones":{"Body":{"rotation":{"0.0":{"post":[5.12076,12.45167,1.10693],"lerp_mode":"catmullrom"},"0.5":{"post":[7.61435,-9.91358,-1.31845],"lerp_mode":"catmullrom"},"1.0":{"post":[5.12076,12.45167,1.10693],"lerp_mode":"catmullrom"}}},"Rightarm":{"rotation":{"0.0":{"post":[15,0,10],"lerp_mode":"catmullrom"},"0.5":{"post":[-15,0,10],"lerp_mode":"catmullrom"},"1.0":{"post":[15,0,10],"lerp_mode":"catmullrom"}}},"bone":{"rotation":{"0.0":{"post":[-75,0,0],"lerp_mode":"catmullrom"},"0.5":{"post":[-62.5,0,0],"lerp_mode":"catmullrom"},"1.0":{"post":[-75,0,0],"lerp_mode":"catmullrom"}}},"Rightleg":{"rotation":{"0.0":{"post":[-17.5,0,0],"lerp_mode":"catmullrom"},"0.5":{"post":[10,0,0],"lerp_mode":"catmullrom"},"1.0":{"post":[-17.5,0,0],"lerp_mode":"catmullrom"}},"position":{"0.0":{"post":[0,0,-1],"lerp_mode":"catmullrom"},"0.25":{"post":[0,0,0],"lerp_mode":"catmullrom"},"0.5":{"post":[0,0,1],"lerp_mode":"catmullrom"},"0.75":{"post":[0,2,0],"lerp_mode":"catmullrom"},"1.0":{"post":[0,0,-1],"lerp_mode":"catmullrom"}}},"bone2":{"rotation":{"0.0":{"post":[20,0,0],"lerp_mode":"catmullrom"},"0.5":{"post":[15,0,0],"lerp_mode":"catmullrom"},"0.75":{"post":[5,0,0],"lerp_mode":"catmullrom"},"1.0":{"post":[20,0,0],"lerp_mode":"catmullrom"}}},"Root":{"position":{"0.0":{"post":[0,0,0],"lerp_mode":"catmullrom"},"0.25":{"post":[0,1,0],"lerp_mode":"catmullrom"},"0.5":{"post":[0,0,0],"lerp_mode":"catmullrom"},"0.75":{"post":[0,1,0],"lerp_mode":"catmullrom"},"1.0":{"post":[0,0,0],"lerp_mode":"catmullrom"}}},"Leftarm":{"rotation":{"0.0":{"post":[-12.5,0,-10],"lerp_mode":"catmullrom"},"0.5":{"post":[12.5,0,-10],"lerp_mode":"catmullrom"},"1.0":{"post":[-12.5,0,-10],"lerp_mode":"catmullrom"}}},"bone3":{"rotation":{"0.0":{"post":[-60,0,0],"lerp_mode":"catmullrom"},"0.5":{"post":[-70,0,0],"lerp_mode":"catmullrom"},"1.0":{"post":[-60,0,0],"lerp_mode":"catmullrom"}}},"Leftleg":{"rotation":{"0.0":{"post":[10,0,0],"lerp_mode":"catmullrom"},"0.5":{"post":[-17.5,0,0],"lerp_mode":"catmullrom"},"1.0":{"post":[10,0,0],"lerp_mode":"catmullrom"}},"position":{"0.0":{"post":[0,0,1],"lerp_mode":"catmullrom"},"0.25":{"post":[0,2,0],"lerp_mode":"catmullrom"},"0.5":{"post":[0,0,-1],"lerp_mode":"catmullrom"},"0.75":{"post":[0,0,0],"lerp_mode":"catmullrom"},"1.0":{"post":[0,0,1],"lerp_mode":"catmullrom"}}},"bone4":{"rotation":{"0.0":{"post":[15,0,0],"lerp_mode":"catmullrom"},"0.25":{"post":[5,0,0],"lerp_mode":"catmullrom"},"0.5":{"post":[20,0,0],"lerp_mode":"catmullrom"},"1.0":{"post":[15,0,0],"lerp_mode":"catmullrom"}}}}},"animation.yg_nabnab.attack":{"animation_length":1,"bones":{"Body":{"rotation":{"0.0":{"post":[0,-10,0],"lerp_mode":"catmullrom"},"0.1667":{"post":[0,20,0],"lerp_mode":"catmullrom"},"0.3333":{"post":[0,-20,0],"lerp_mode":"catmullrom"},"0.6667":{"post":[2.5,-20,0],"lerp_mode":"catmullrom"},"1.0":{"post":[0,-10,0],"lerp_mode":"catmullrom"}}},"Rightarm":{"rotation":{"0.0":{"post":[0,0,0],"lerp_mode":"catmullrom"},"0.1667":{"post":[50,0,47.5],"lerp_mode":"catmullrom"},"0.3333":{"post":[-50.29958,-26.11218,-20.07273],"lerp_mode":"catmullrom"},"0.6667":{"post":[-52.84167,-18.26662,-13.36214],"lerp_mode":"catmullrom"},"1.0":{"post":[0,-10,0],"lerp_mode":"catmullrom"}}},"bone":{"rotation":{"0.0":{"post":[0,0,0],"lerp_mode":"catmullrom"},"0.1667":{"post":[-65,0,0],"lerp_mode":"catmullrom"},"0.3333":{"post":[0,0,-60],"lerp_mode":"catmullrom"},"0.6667":{"post":[0,0,-72.5],"lerp_mode":"catmullrom"},"1.0":{"post":[0,-10,0],"lerp_mode":"catmullrom"}}},"Leftarm":{"rotation":{"0.0":{"post":[0,0,0],"lerp_mode":"catmullrom"},"0.1667":{"post":[0,0,-30],"lerp_mode":"catmullrom"},"0.3333":{"post":[20,0,-30],"lerp_mode":"catmullrom"},"0.6667":{"post":[19.8423,2.55868,-37.05239],"lerp_mode":"catmullrom"},"1.0":{"post":[0,-10,0],"lerp_mode":"catmullrom"}}},"bone3":{"rotation":{"0.0":{"post":[0,0,0],"lerp_mode":"catmullrom"},"0.1667":{"post":[-25,0,0],"lerp_mode":"catmullrom"},"0.3333":{"post":[-35,0,0],"lerp_mode":"catmullrom"},"0.6667":{"post":[-45,0,0],"lerp_mode":"catmullrom"},"1.0":{"post":[0,-10,0],"lerp_mode":"catmullrom"}}}}},"animation.yg_nabnab.jumpscare":{"animation_length":2,"bones":{"Body":{"rotation":{"0.0":{"post":[0,0,0],"lerp_mode":"catmullrom"},"1.75":{"post":[0,0,0],"lerp_mode":"catmullrom"}}},"Rightarm":{"rotation":{"0.0":{"post":[0,0,0],"lerp_mode":"catmullrom"},"0.1667":{"post":[0,0,42.5],"lerp_mode":"catmullrom"},"1.75":{"post":[0,0,42.5],"lerp_mode":"catmullrom"},"2.0":{"post":[0,0,0],"lerp_mode":"catmullrom"}}},"bone":{"rotation":{"0.0":{"post":[0,0,0],"lerp_mode":"catmullrom"},"0.1667":{"post":[-52.5,0,0],"lerp_mode":"catmullrom"},"1.75":{"post":[-52.5,0,0],"lerp_mode":"catmullrom"},"2.0":{"post":[0,0,0],"lerp_mode":"catmullrom"}}},"Rightleg":{"rotation":{"0.0":{"post":[0,0,0],"lerp_mode":"catmullrom"},"0.1667":{"post":[0,0,35],"lerp_mode":"catmullrom"},"1.75":{"post":[0,0,35],"lerp_mode":"catmullrom"},"2.0":{"post":[0,0,0],"lerp_mode":"catmullrom"}}},"bone2":{"rotation":{"0.0":{"post":[0,0,0],"lerp_mode":"catmullrom"},"0.1667":{"post":[47.5,0,0],"lerp_mode":"catmullrom"},"1.75":{"post":[47.5,0,0],"lerp_mode":"catmullrom"},"2.0":{"post":[0,0,0],"lerp_mode":"catmullrom"}}},"Root":{"position":{"0.0":{"post":[0,0,0],"lerp_mode":"catmullrom"},"0.1667":{"post":[0,0,15],"lerp_mode":"catmullrom"},"1.25":{"post":[0,0,15],"lerp_mode":"catmullrom"},"1.5":{"post":[0,0,-13],"lerp_mode":"catmullrom"},"1.75":{"post":[0,0,-13],"lerp_mode":"catmullrom"},"2.0":{"post":[0,0,0],"lerp_mode":"catmullrom"}}},"Leftarm":{"rotation":{"0.0":{"post":[0,0,0],"lerp_mode":"catmullrom"},"0.1667":{"post":[0,0,-42.5],"lerp_mode":"catmullrom"},"1.75":{"post":[0,0,-42.5],"lerp_mode":"catmullrom"},"2.0":{"post":[0,0,0],"lerp_mode":"catmullrom"}}},"bone3":{"rotation":{"0.0":{"post":[0,0,0],"lerp_mode":"catmullrom"},"0.1667":{"post":[-52.5,0,0],"lerp_mode":"catmullrom"},"1.75":{"post":[-52.5,0,0],"lerp_mode":"catmullrom"},"2.0":{"post":[0,0,0],"lerp_mode":"catmullrom"}}},"Leftleg":{"rotation":{"0.0":{"post":[0,0,0],"lerp_mode":"catmullrom"},"0.1667":{"post":[0,0,-30],"lerp_mode":"catmullrom"},"1.75":{"post":[0,0,-30],"lerp_mode":"catmullrom"},"2.0":{"post":[0,0,0],"lerp_mode":"catmullrom"}}},"bone4":{"rotation":{"0.0":{"post":[0,0,0],"lerp_mode":"catmullrom"},"0.1667":{"post":[47.5,0,0],"lerp_mode":"catmullrom"},"1.75":{"post":[47.5,0,0],"lerp_mode":"catmullrom"},"2.0":{"post":[0,0,0],"lerp_mode":"catmullrom"}}}}},"animation.yg_nabnab.climb":{"loop":true,"animation_length":1,"bones":{"Rightarm":{"rotation":{"0.0":{"post":[14.78217,-2.57594,47.1658],"lerp_mode":"catmullrom"},"0.5":{"post":[3.31914,-14.63639,114.57362],"lerp_mode":"catmullrom"},"0.75":{"post":[34.05065,-8.60617,80.86971],"lerp_mode":"catmullrom"},"1.0":{"post":[14.78217,-2.57594,47.1658],"lerp_mode":"catmullrom"}}},"bone":{"rotation":{"0.0":{"post":[-75,0,0],"lerp_mode":"catmullrom"},"0.5":{"post":[-42.5,0,0],"lerp_mode":"catmullrom"},"1.0":{"post":[-75,0,0],"lerp_mode":"catmullrom"}}},"Rightleg":{"rotation":{"0.0":{"post":[15.63367,-16.3882,45.23502],"lerp_mode":"catmullrom"},"0.5":{"post":[21.80633,-5.68422,13.9042],"lerp_mode":"catmullrom"},"1.0":{"post":[15.63367,-16.3882,45.23502],"lerp_mode":"catmullrom"}}},"bone2":{"rotation":{"0.0":{"post":[-77.5,0,0],"lerp_mode":"catmullrom"},"0.5":{"post":[-102.5,0,0],"lerp_mode":"catmullrom"},"1.0":{"post":[-77.5,0,0],"lerp_mode":"catmullrom"}}},"Leftarm":{"rotation":{"0.0":{"post":[7.59001,15.81499,-103.94427],"lerp_mode":"catmullrom"},"0.25":{"post":[35.01373,8.65839,-74.35698],"lerp_mode":"catmullrom"},"0.5":{"post":[17.43745,1.50179,-44.76968],"lerp_mode":"catmullrom"},"1.0":{"post":[7.59001,15.81499,-103.94427],"lerp_mode":"catmullrom"}}},"bone3":{"rotation":{"0.0":{"post":[-82.5,0,0],"lerp_mode":"catmullrom"},"0.5":{"post":[-42.5,0,0],"lerp_mode":"catmullrom"},"1.0":{"post":[-82.5,0,0],"lerp_mode":"catmullrom"}}},"Leftleg":{"rotation":{"0.0":{"post":[22.01816,4.75113,-11.57518],"lerp_mode":"catmullrom"},"0.5":{"post":[16.32495,15.69986,-42.73421],"lerp_mode":"catmullrom"},"1.0":{"post":[22.01816,4.75113,-11.57518],"lerp_mode":"catmullrom"}}},"bone4":{"rotation":{"0.0":{"post":[-105,0,0],"lerp_mode":"catmullrom"},"0.5":{"post":[-72.5,0,0],"lerp_mode":"catmullrom"},"1.0":{"post":[-105,0,0],"lerp_mode":"catmullrom"}}}}}}}