{
  "format_version": "1.8.0",
  "animations": {
    "animation.yg_remote.first_person": {
      "loop": true,
      "bones": {
        "Remote": {
          "rotation": [
            "c.is_first_person ? 10 : 0",
            "c.is_first_person ? 60 : 0",
            "c.is_first_person ? -15 : 0"
          ],
          "position": [
            "c.is_first_person ? 0 : 0",
            "c.is_first_person ? 9 : 0",
            "c.is_first_person ? 0 : 0"
          ]
        }
      }
    },
    "animation.yg_remote.third_person": {
      "loop": true,
      "bones": {
        "rightItem": {
          "position": [
            1,
            8,
            -1
          ]
        }
      }
    }
  }
}