{
  "format_version": "1.8.0",
  "animations": {
    "animation.yg_zophius.general": {
      "loop": true,
      "animation_length": 3.5,
      "bones": {
        "Head": {
          "rotation": {
            "0.0": {
              "post": [
                2.49762,
                0.10901,
                -2.49762
              ],
              "lerp_mode": "catmullrom"
            },
            "1.75": {
              "post": [
                2.5,
                0,
                0
              ],
              "lerp_mode": "catmullrom"
            },
            "3.5": {
              "post": [
                2.49762,
                0.10901,
                -2.49762
              ],
              "lerp_mode": "catmullrom"
            }
          }
        },
        "Body": {
          "rotation": {
            "0.0": {
              "post": [
                0,
                0,
                0
              ],
              "lerp_mode": "catmullrom"
            },
            "0.75": {
              "post": [
                0,
                0,
                0
              ],
              "lerp_mode": "catmullrom"
            },
            "1.5": {
              "post": [
                0.5,
                0,
                0
              ],
              "lerp_mode": "catmullrom"
            },
            "2.5": {
              "post": [
                2.5,
                0,
                0
              ],
              "lerp_mode": "catmullrom"
            },
            "3.5": {
              "post": [
                0,
                0,
                0
              ],
              "lerp_mode": "catmullrom"
            }
          }
        }
      }
    }
  }
}