{
  "format_version": "1.10.0",
  "minecraft:attachable": {
    "description": {
      "identifier": "taiyo:id11_bandana_konoha.player",
      "item": {
        "taiyo:id11_bandana_konoha": "query.owner_identifier == 'minecraft:player'"
      },
      "materials": {
        "default": "armor",
        "enchanted": "armor_enchanted"
      },
      "textures": {
        "default": "textures/entity/pamobile/taiyo_id11_bandana_konoha",
        "enchanted": "textures/misc/enchanted_item_glint"
      },
      "geometry": {
        "default": "geometry.taiyo_id11_bandana_konoha"
      },
      "scripts": {
        "parent_setup": "variable.leg_layer_visible = 0.0;"
      },
      "render_controllers": [
        "controller.render.armor"
      ]
    }
  }
}