{
  "format_version": "1.10.0",
  "minecraft:attachable": {
    "description": {
      "identifier": "taiyo:id19_susanoo_f1_v1.player",
      "item": {
        "taiyo:id19_susanoo_f1_v1": "query.owner_identifier == 'minecraft:player'"
      },
      "materials": {
        "default": "armor",
        "enchanted": "armor_enchanted"
      },
      "textures": {
        "default": "textures/entity/pamobile/taiyo_id19_susanoo_f1_v1",
        "enchanted": "textures/misc/enchanted_item_glint"
      },
      "geometry": {
        "default": "geometry.taiyo_id19_susanoo_f1_v1"
      },
      "scripts": {
        "parent_setup": "variable.chest_layer_visible = 0.0;"
      },
      "render_controllers": [
        "controller.render.armor"
      ]
    }
  }
}