{
    "format_version": "1.10.0",
    "render_controllers": {
        "controller.render.compy_getPlayer": {
			"arrays": {
				"textures": {
					"Array.skins": [
						"Texture.compy_getPlayer"
					]
				}
			},
			"part_visibility": [
				{
					"compy_leftleg": false,
					"compy_body": false
				}
			],
			"is_hurt_color": {},
			"geometry": "geometry.compy_getPlayer",
			"materials": [{"*": "material.default"}],
			"textures": ["array.skins[query.mark_variant]"]
		},
		"controller.render.compy_getPlayer2": {
			"arrays": {
				"textures": {
					"Array.skins": [
						"Texture.compy_getPlayer"
					]
				}
			},
			"part_visibility": [
				{
					"compy_leftleg": true,
					"compy_body": false
				}
			],
			"is_hurt_color": {},		
			"geometry": "geometry.compy_getPlayer",
			"materials": [{"*": "material.default"}],
			"textures": ["array.skins[query.mark_variant]"]
		},
		"controller.render.compy_getPlayer3": {
			"arrays": {
				"textures": {
					"Array.skins": [
						"Texture.compy_getPlayer"
					]
				}
			},
			"part_visibility": [
				{
					"compy_leftleg": true,
					"compy_body": true
				}
			],
			"is_hurt_color": {},
			"geometry": "geometry.compy_getPlayer",
			"materials": [{"*": "material.default"}],
			"textures": ["array.skins[query.mark_variant]"]
		}
    }
}