{
	"format_version": "1.10.0",
	"animation_controllers": {
		"controller.animation.motorcycle": {
			"initial_state": "idle",
			"states": {
				"idle": {
					"animations": ["rest"],
					"transitions": [
						{"idle2": "query.has_rider"}
					],
					"blend_transition": 0.2
				},
				"idle2":{
					"animations": ["idle"],
					"transitions": [
						{"walk": "query.is_moving && query.has_rider"},
						{"idle": "!query.has_rider"}
					]
				},
				"walk": {
					"animations": ["move"],
					"transitions": [
						{"idle2": "query.modified_move_speed<=0.01"},
						{"idle2": "!query.has_rider"}
					],
					"blend_transition": 0.2
				}
			}
		},
		"controller.animation.motorcycle.damage":{
			"initial_state": "default",
			"states": {
				"default":{
					"transitions": [
						{"play_damage": "query.mark_variant == 1"}
					]
				},
				"play_damage":{
					"animations": ["horn"],
					"transitions": [
						{"default": "query.mark_variant != 1"}
					]
				}
			}
		}
	}
}