{
  "format_version": "1.8.0",
  "minecraft:client_entity": {
    "description": {
      "identifier": "gm:gmanskibiditoilet30",
      "min_engine_version": "1.8.0",
      "materials": {
        "body": "blaze_body",
        "head": "blaze_head",
        "default": "entity_alphatest"
      },
      "textures": {
        "default": "textures/entity/pamobile/gm_gmanskibiditoilet30"
      },
      "geometry": {
        "default": "geometry.gm_gmanskibiditoilet30"
      },
      "animations": {
        "look_at_target": "animation.common.look_at_target",
        "move": "animation.blaze.move"
      },
      "particle_effects": {
        "charged_flames": "gm:gmanskibiditoilet30"
      },
      "animation_controllers": [
        {
          "flame": "controller.animation.gm_gmanskibiditoilet30.gif"
        }
      ],
      "render_controllers": [
        "controller.render.blaze"
      ],
      "spawn_egg": {
        "texture": "gm:gmanskibiditoilet30",
        "texture_index": 0
      }
    }
  }
} }
}