{
  "format_version": "1.12.0",
  "minecraft:geometry": [
    {
      "description": {
        "identifier": "geometry.sb_spider_skibidi_toilet",
        "texture_width": 128,
        "texture_height": 128,
        "visible_bounds_width": 9,
        "visible_bounds_height": 5.5,
        "visible_bounds_offset": [
          0,
          2.25,
          0
        ]
      },
      "bones": [
        {
          "name": "Body",
          "pivot": [
            0,
            19,
            1
          ],
          "cubes": [
            {
              "origin": [
                -1.15,
                19,
                -8.05
              ],
              "size": [
                5.75,
                6.9,
                13.8
              ],
              "pivot": [
                0,
                27.05,
                1
              ],
              "rotation": [
                0,
                0,
                -7.5
              ],
              "uv": [
                48,
                61
              ]
            },
            {
              "origin": [
                2.3,
                23.6,
                -9.2
              ],
              "size": [
                2.45,
                10.2,
                12.35
              ],
              "pivot": [
                0,
                27.05,
                1
              ],
              "rotation": [
                0,
                0,
                17.5
              ],
              "uv": [
                0,
                77
              ]
            },
            {
              "origin": [
                -4.75,
                23.6,
                -9.2
              ],
              "size": [
                2.45,
                10.2,
                12.35
              ],
              "pivot": [
                0,
                27.05,
                1
              ],
              "rotation": [
                0,
                0,
                -17.5
              ],
              "uv": [
                0,
                77
              ],
              "mirror": true
            },
            {
              "origin": [
                -4.6,
                19,
                -8.05
              ],
              "size": [
                5.75,
                6.9,
                13.8
              ],
              "pivot": [
                0,
                27.05,
                1
              ],
              "rotation": [
                0,
                0,
                7.5
              ],
              "uv": [
                56,
                0
              ]
            },
            {
              "origin": [
                -4.45,
                25.75,
                -9.35
              ],
              "size": [
                8.9,
                6.9,
                2.45
              ],
              "pivot": [
                0,
                24.75,
                -8.2
              ],
              "rotation": [
                20,
                0,
                0
              ],
              "uv": [
                42,
                42
              ]
            },
            {
              "origin": [
                -2.9,
                24.9,
                -8.85
              ],
              "size": [
                6.65,
                3.95,
                11.2
              ],
              "uv": [
                80,
                34
              ]
            },
            {
              "origin": [
                -5.75,
                17.85,
                -11.5
              ],
              "size": [
                11.5,
                2.3,
                20.7
              ],
              "uv": [
                0,
                34
              ]
            },
            {
              "origin": [
                -1.75,
                6.85,
                -22.5
              ],
              "size": [
                3.5,
                2.3,
                19.7
              ],
              "uv": [
                0,
                56
              ]
            },
            {
              "origin": [
                -4.75,
                12.85,
                -10.5
              ],
              "size": [
                9.5,
                5.3,
                18.7
              ],
              "uv": [
                44,
                38
              ]
            },
            {
              "origin": [
                -3.75,
                7.85,
                -6.5
              ],
              "size": [
                7.5,
                12.3,
                8.7
              ],
              "pivot": [
                0,
                18,
                -5
              ],
              "rotation": [
                -20,
                0,
                0
              ],
              "uv": [
                76,
                72
              ]
            },
            {
              "origin": [
                -2.3,
                20.15,
                2.15
              ],
              "size": [
                4.45,
                5.75,
                6.9
              ],
              "uv": [
                0,
                34
              ]
            },
            {
              "origin": [
                -6.75,
                29.85,
                9.5
              ],
              "size": [
                13.5,
                4.3,
                6.7
              ],
              "uv": [
                71,
                61
              ]
            },
            {
              "origin": [
                -7.75,
                5.85,
                15.5
              ],
              "size": [
                1.5,
                51.3,
                1.7
              ],
              "uv": [
                44,
                61
              ]
            },
            {
              "origin": [
                -8.75,
                25.85,
                -12.5
              ],
              "size": [
                17.5,
                8.3,
                22.7
              ],
              "uv": [
                0,
                0
              ]
            },
            {
              "origin": [
                -4.75,
                24.85,
                1.5
              ],
              "size": [
                9.5,
                7.3,
                1.7
              ],
              "uv": [
                42,
                34
              ]
            }
          ]
        },
        {
          "name": "Kaki2",
          "parent": "Body",
          "pivot": [
            0,
            25,
            5
          ],
          "rotation": [
            90,
            -67.5,
            -90
          ],
          "cubes": [
            {
              "origin": [
                0,
                24,
                4
              ],
              "size": [
                45,
                2,
                2
              ],
              "uv": [
                0,
                30
              ]
            }
          ]
        },
        {
          "name": "bone2",
          "parent": "Kaki2",
          "pivot": [
            45,
            26,
            5
          ],
          "rotation": [
            0,
            0,
            97.5
          ],
          "cubes": [
            {
              "origin": [
                45,
                24,
                4
              ],
              "size": [
                45,
                2,
                2
              ],
              "uv": [
                0,
                30
              ]
            },
            {
              "origin": [
                77,
                23,
                3
              ],
              "size": [
                8,
                4,
                4
              ],
              "uv": [
                68,
                92
              ]
            }
          ]
        },
        {
          "name": "H",
          "parent": "Body",
          "pivot": [
            0,
            26.05,
            -8.05
          ],
          "rotation": [
            -10,
            0,
            0
          ],
          "cubes": [
            {
              "origin": [
                -4.64919,
                19.75053,
                -9.2
              ],
              "size": [
                5.75,
                6.9,
                2.3
              ],
              "pivot": [
                -5.75,
                27.05,
                -8.05
              ],
              "rotation": [
                0,
                7.5,
                7.5
              ],
              "uv": [
                0,
                67
              ]
            },
            {
              "origin": [
                -1.10081,
                19.75053,
                -9.2
              ],
              "size": [
                5.75,
                6.9,
                2.3
              ],
              "pivot": [
                5.75,
                27.05,
                -8.05
              ],
              "rotation": [
                0,
                -7.5,
                -7.5
              ],
              "uv": [
                25,
                62
              ]
            }
          ]
        },
        {
          "name": "bone3",
          "parent": "Body",
          "pivot": [
            0,
            32.35,
            -3.3
          ],
          "cubes": [
            {
              "origin": [
                -2.783,
                26.421,
                -7.4745
              ],
              "size": [
                5.566,
                13.915,
                6.9575
              ],
              "pivot": [
                0,
                39.6165,
                -5.357
              ],
              "rotation": [
                12.5,
                0,
                0
              ],
              "uv": [
                0,
                0
              ]
            },
            {
              "origin": [
                -4.1745,
                43.119,
                -10.2575
              ],
              "size": [
                4.1745,
                6.9575,
                2.783
              ],
              "pivot": [
                -1.3915,
                50.0765,
                -8.866
              ],
              "rotation": [
                57.40093,
                4.21541,
                -2.69136
              ],
              "uv": [
                48,
                61
              ]
            },
            {
              "origin": [
                0,
                43.119,
                -10.2575
              ],
              "size": [
                4.1745,
                6.9575,
                2.783
              ],
              "pivot": [
                1.3915,
                50.0765,
                -8.866
              ],
              "rotation": [
                57.40093,
                -4.21541,
                2.69136
              ],
              "uv": [
                56,
                0
              ]
            },
            {
              "origin": [
                -2.783,
                38.9445,
                -8.866
              ],
              "size": [
                5.566,
                2.783,
                1.3915
              ],
              "uv": [
                0,
                19
              ]
            },
            {
              "origin": [
                -6.5945,
                36.5245,
                -9.00515
              ],
              "size": [
                13.189,
                7.986,
                0
              ],
              "uv": [
                80,
                48
              ]
            },
            {
              "origin": [
                -4.1745,
                43.119,
                -8.5877
              ],
              "size": [
                4.1745,
                6.9575,
                8.349
              ],
              "uv": [
                48,
                80
              ]
            },
            {
              "origin": [
                0,
                43.119,
                -8.5877
              ],
              "size": [
                4.1745,
                6.9575,
                8.349
              ],
              "uv": [
                48,
                80
              ],
              "mirror": true
            },
            {
              "origin": [
                -6.4009,
                44.5105,
                -4.4132
              ],
              "size": [
                6.9575,
                4.1745,
                2.783
              ],
              "pivot": [
                -2.783,
                47.2935,
                -0.517
              ],
              "rotation": [
                0,
                -12.5,
                -15
              ],
              "uv": [
                25,
                56
              ]
            },
            {
              "origin": [
                -0.5566,
                44.5105,
                -4.4132
              ],
              "size": [
                6.9575,
                4.1745,
                2.783
              ],
              "pivot": [
                2.783,
                47.2935,
                -0.517
              ],
              "rotation": [
                0,
                12.5,
                15
              ],
              "uv": [
                0,
                45
              ]
            },
            {
              "origin": [
                -0.69575,
                43.119,
                -8.5877
              ],
              "size": [
                1.3915,
                6.9575,
                5.566
              ],
              "pivot": [
                0,
                47.2935,
                -7.4745
              ],
              "rotation": [
                -17.5,
                0,
                0
              ],
              "uv": [
                0,
                56
              ]
            },
            {
              "origin": [
                -4.1745,
                50.0765,
                -8.5877
              ],
              "size": [
                4.1745,
                1.3915,
                8.349
              ],
              "uv": [
                20,
                91
              ]
            },
            {
              "origin": [
                0,
                50.0765,
                -8.5877
              ],
              "size": [
                4.1745,
                1.3915,
                8.349
              ],
              "uv": [
                78,
                19
              ]
            },
            {
              "origin": [
                0,
                38.9445,
                -8.866
              ],
              "size": [
                4.1745,
                4.1745,
                8.349
              ],
              "pivot": [
                4.1745,
                43.119,
                -4.6915
              ],
              "rotation": [
                0,
                0,
                20
              ],
              "uv": [
                79,
                0
              ]
            },
            {
              "origin": [
                -4.1745,
                38.9445,
                -8.866
              ],
              "size": [
                4.1745,
                4.1745,
                8.349
              ],
              "pivot": [
                -4.1745,
                43.119,
                -4.6915
              ],
              "rotation": [
                0,
                0,
                -20
              ],
              "uv": [
                16,
                77
              ]
            }
          ]
        },
        {
          "name": "Kaki",
          "pivot": [
            6,
            28,
            -8
          ],
          "rotation": [
            -4.3361,
            11.73507,
            -20.44582
          ],
          "cubes": [
            {
              "origin": [
                6,
                27,
                -9
              ],
              "size": [
                45,
                2,
                2
              ],
              "uv": [
                0,
                30
              ]
            }
          ]
        },
        {
          "name": "bone5",
          "parent": "Kaki",
          "pivot": [
            51,
            29,
            -8
          ],
          "rotation": [
            0,
            0,
            100
          ],
          "cubes": [
            {
              "origin": [
                51,
                27,
                -9
              ],
              "size": [
                45,
                2,
                2
              ],
              "uv": [
                0,
                30
              ]
            },
            {
              "origin": [
                83,
                26,
                -10
              ],
              "size": [
                8,
                4,
                4
              ],
              "uv": [
                68,
                92
              ]
            }
          ]
        },
        {
          "name": "Kaki4",
          "pivot": [
            -6,
            28,
            -8
          ],
          "rotation": [
            -4.3361,
            -11.73507,
            20.44582
          ],
          "cubes": [
            {
              "origin": [
                -51,
                27,
                -9
              ],
              "size": [
                45,
                2,
                2
              ],
              "uv": [
                0,
                30
              ],
              "mirror": true
            }
          ]
        },
        {
          "name": "bone6",
          "parent": "Kaki4",
          "pivot": [
            -51,
            29,
            -8
          ],
          "rotation": [
            0,
            0,
            -100
          ],
          "cubes": [
            {
              "origin": [
                -96,
                27,
                -9
              ],
              "size": [
                45,
                2,
                2
              ],
              "uv": [
                0,
                30
              ],
              "mirror": true
            },
            {
              "origin": [
                -91,
                26,
                -10
              ],
              "size": [
                8,
                4,
                4
              ],
              "uv": [
                68,
                92
              ],
              "mirror": true
            }
          ]
        }
      ]
    }
  ]
}