{
  "format_version": "1.10.0",
  "minecraft:entity": {
    "description": {
      "identifier": "pa:skill",
      "is_spawnable": false,
      "is_summonable": true,
      "is_experimental": false,
      "runtime_identifier": "minecraft:snowball"
    },
    "component_groups": {
      "exploding": {
        "minecraft:explode": {
          "fuseLength": 0.4,
          "power": 4,
          "fuseLit": true,
          "causesFire": false
        }
      }
    },
    "components": {
      "minecraft:collision_box": {
        "width": 0.25,
        "height": 0.25
      },
      "minecraft:projectile": {
        "onHit": {
          "impact_damage": {
            "damage": 5,
            "knockback": true,
            "semi_random_diff_damage": false,
            "destroy_on_hit": true
          },
          "mob_effect": {
            "effect": "weakness",
            "durationeasy": 200,
            "durationnormal": 200,
            "durationhard": 200,
            "amplifier": 1
          },
          "stick_in_ground": {
            "shake_time": 0.2
          },
          "arrow_effect": {},
          "definition_event": {
            "affect_projectile": true,
            "eventTrigger": {
              "event": "on:hit",
              "target": "self"
            }
          }
        },
        "power": 1.5,
        "gravity": 0.03,
        "angleoffset": 0.0
      },
      "minecraft:physics": {},
      "minecraft:explode": {
        "fuseLength": 0.5,
        "power": 4,
        "fuseLit": true,
        "causesFire": false
      }
    },
    "events": {
      "on:hit": {
        "run_command": {
          "command": []
        }
      }
    }
  }
}