{
    "format_version": "1.8.0",
    "animations": {
      "animation.c_carnotaurus.spawn":{
          "loop": false,
          "animation_length": 0.5,
          "timeline":{
              "0.2":[
                "/execute @s[tag=!counted,tag=!zone3_roguedino] ~ ~ ~ /scoreboard players add @e[tag=disaster_system] carno_color 1",
					      "/execute @s[tag=!counted,tag=!zone3_roguedino] ~ ~ ~ /tag @s add counted"
              ]
          }
      },
      "animation.c_carnotaurus.dead": {
          "loop": false,
          "timeline": {
              "0.0":[
                      "/execute @s[tag=zone3_roguedino] ~ ~ ~ /scoreboard players set @e[tag=dino_zone_math] z3_dinos_left 0",
                      "/execute @s[tag=counted,tag=!zone3_roguedino] ~ ~ ~ /scoreboard players remove @e[tag=disaster_system] carno_color 1"
                  ]
          },
          "animation_length": 1.0
      }
    }
  }
  