{
  "format_version": "1.13.0",
  "minecraft:feature_rules": {
    "description": {
      "identifier": "minecraft:pillager_big_feature_rule",
      "places_feature": "minecraft:pillager_big_feature_mcstructure"
    },
    "conditions": {
      "placement_pass": "surface_pass",
      "minecraft:biome_filter": [
        {
          "all_of": [
            {
              "any_of": [
                {
                  "test": "has_biome_tag",
                  "operator": "==",
                  "value": "bamboo_jungle"
                },
                {
                  "test": "has_biome_tag",
                  "operator": "==",
                  "value": "birch_forest"
                },
                {
                  "test": "has_biome_tag",
                  "operator": "==",
                  "value": "birch_forest_hills"
                },
                {
                  "test": "has_biome_tag",
                  "operator": "==",
                  "value": "birch_forest_mutated"
                },
                {
                  "test": "has_biome_tag",
                  "operator": "==",
                  "value": "desert"
                },
                {
                  "test": "has_biome_tag",
                  "operator": "==",
                  "value": "desert_hills"
                },
                {
                  "test": "has_biome_tag",
                  "operator": "==",
                  "value": "desert_mutated"
                },
                {
                  "test": "has_biome_tag",
                  "operator": "==",
                  "value": "extreme_hills"
                },
                {
                  "test": "has_biome_tag",
                  "operator": "==",
                  "value": "flower_forest"
                },
                {
                  "test": "has_biome_tag",
                  "operator": "==",
                  "value": "ice_mountains"
                },
                {
                  "test": "has_biome_tag",
                  "operator": "==",
                  "value": "ice_plains_spikes"
                },
                {
                  "test": "has_biome_tag",
                  "operator": "==",
                  "value": "jungle"
                },
                {
                  "test": "has_biome_tag",
                  "operator": "==",
                  "value": "plains"
                },
                {
                  "test": "has_biome_tag",
                  "operator": "==",
                  "value": "savanna"
                },
                {
                  "test": "has_biome_tag",
                  "operator": "==",
                  "value": "savanna_mutated"
                },
                {
                  "test": "has_biome_tag",
                  "operator": "==",
                  "value": "savanna_plateau"
                },
                {
                  "test": "has_biome_tag",
                  "operator": "==",
                  "value": "savanna_plateau_mutated"
                },
                {
                  "test": "has_biome_tag",
                  "operator": "==",
                  "value": "stone_beach"
                },
                {
                  "test": "has_biome_tag",
                  "operator": "==",
                  "value": "sunflower_plains"
                },
                {
                  "test": "has_biome_tag",
                  "operator": "==",
                  "value": "swampland"
                },
                {
                  "test": "has_biome_tag",
                  "operator": "==",
                  "value": "taiga"
                },
                {
                  "test": "has_biome_tag",
                  "operator": "==",
                  "value": "taiga_hills"
                }
              ]
            }
          ]
        }
      ]
    },
    "distribution": {
      "iterations": 1,
      "scatter_chance": 0.35,
      "x": {
        "distribution": "uniform",
        "extent": [
          0,
          15
        ]
      },
      "y": "query.heightmap(variable.worldx, variable.worldz) + -1",
      "z": {
        "distribution": "uniform",
        "extent": [
          0,
          15
        ]
      }
    }
  }
}