{
  "format_version": "1.8.0",
  "render_controllers": {
    "controller.render.mc_suitcase": {
      "textures": [
        "Texture.mc_suitcase_3d"
      ],
      "geometry": "Geometry.mc_suitcase",
      "materials": [
        {
          "*": "Material.default"
        }
      ]
    },
    "controller.render.tasm": {
      "textures": [
        "Texture.tasm"
      ],
      "geometry": "Geometry.tasm",
      "materials": [
        {
          "*": "Material.default"
        }
      ]
    },
    "controller.render.sp2099upd": {
      "textures": [
        "Texture.sp2099upd"
      ],
      "geometry": "Geometry.sp2099upd",
      "materials": [
        {
          "*": "Material.default"
        }
      ]
    },
    "controller.render.ffh": {
      "textures": [
        "Texture.ffh"
      ],
      "geometry": "Geometry.ffh",
      "materials": [
        {
          "*": "Material.default"
        }
      ]
    },
    "controller.render.antiock": {
      "textures": [
        "Texture.antiock"
      ],
      "geometry": "Geometry.antiock",
      "materials": [
        {
          "*": "Material.gl"
        }
      ]
    },
    "controller.render.galaxy": {
      "textures": [
        "Texture.galaxy"
      ],
      "geometry": "Geometry.galaxy",
      "materials": [
        {
          "*": "Material.default"
        }
      ]
    },
    "controller.render.symbiotetasm": {
      "textures": [
        "Texture.symbiotetasm"
      ],
      "geometry": "Geometry.symbiotetasm",
      "materials": [
        {
          "*": "Material.default"
        }
      ]
    },
    "controller.render.homemade": {
      "textures": [
        "Texture.homemade"
      ],
      "geometry": "Geometry.homemade",
      "materials": [
        {
          "*": "Material.default"
        }
      ]
    },
    "controller.render.gwen": {
      "textures": [
        "Texture.gwen"
      ],
      "geometry": "Geometry.gwen",
      "materials": [
        {
          "*": "Material.default"
        }
      ]
    },
    "controller.render.ironspider": {
      "textures": [
        "Texture.ironspider"
      ],
      "geometry": "Geometry.ironspider",
      "materials": [
        {
          "*": "Material.default"
        }
      ]
    },
    "controller.render.zero": {
      "textures": [
        "Texture.zero"
      ],
      "geometry": "Geometry.zero",
      "materials": [
        {
          "*": "Material.default"
        }
      ]
    },
    "controller.render.sp2099": {
      "textures": [
        "Texture.sp2099"
      ],
      "geometry": "Geometry.sp2099",
      "materials": [
        {
          "*": "Material.default"
        }
      ]
    },
    "controller.render.symbiotemcu": {
      "textures": [
        "Texture.symbiotemcu"
      ],
      "geometry": "Geometry.symbiotemcu",
      "materials": [
        {
          "*": "Material.default"
        }
      ]
    },
    "controller.render.spidermanps4": {
      "textures": [
        "Texture.ps4"
      ],
      "geometry": "Geometry.ps4",
      "materials": [
        {
          "*": "Material.default"
        }
      ]
    },
    "controller.render.integrated": {
      "textures": [
        "Texture.integrated"
      ],
      "geometry": "Geometry.integrated",
      "materials": [
        {
          "*": "Material.default"
        }
      ]
    },
    "controller.render.future": {
      "textures": [
        "Texture.future"
      ],
      "geometry": "Geometry.future",
      "materials": [
        {
          "*": "Material.default"
        }
      ]
    },
    "controller.render.milesps5": {
      "textures": [
        "Texture.milesps5"
      ],
      "geometry": "Geometry.milesps5",
      "materials": [
        {
          "*": "Material.default"
        }
      ]
    },
    "controller.render.spectacular": {
      "textures": [
        "Texture.spectacular"
      ],
      "geometry": "Geometry.spectacular",
      "materials": [
        {
          "*": "Material.default"
        }
      ]
    },
    "controller.render.lego": {
      "textures": [
        "Texture.lego"
      ],
      "geometry": "Geometry.lego",
      "materials": [
        {
          "*": "Material.default"
        }
      ]
    },
    "controller.render.prowler": {
      "textures": [
        "Texture.prowler"
      ],
      "geometry": "Geometry.prowler",
      "materials": [
        {
          "*": "Material.gl"
        }
      ]
    },
    "controller.render.venom": {
      "textures": [
        "Texture.venom"
      ],
      "geometry": "Geometry.venom",
      "materials": [
        {
          "*": "Material.default"
        }
      ]
    },
    "controller.render.symbioteps5": {
      "textures": [
        "Texture.symbioteps5"
      ],
      "geometry": "Geometry.symbioteps5",
      "materials": [
        {
          "*": "Material.default"
        }
      ]
    },
    "controller.render.punk": {
      "textures": [
        "Texture.punk"
      ],
      "geometry": "Geometry.punk",
      "materials": [
        {
          "*": "Material.default"
        }
      ]
    },
    "controller.render.ironspiderman": {
      "textures": [
        "Texture.ironspiderman"
      ],
      "geometry": "Geometry.ironspiderman",
      "materials": [
        {
          "*": "Material.gl"
        }
      ]
    },
    "controller.render.superior": {
      "textures": [
        "Texture.superior"
      ],
      "geometry": "Geometry.superior",
      "materials": [
        {
          "*": "Material.default"
        }
      ]
    },
    "controller.render.miles": {
      "textures": [
        "Texture.miles"
      ],
      "geometry": "Geometry.miles",
      "materials": [
        {
          "*": "Material.default"
        }
      ]
    },
    "controller.render.miles2": {
      "textures": [
        "Texture.miles2"
      ],
      "geometry": "Geometry.miles2",
      "materials": [
        {
          "*": "Material.default"
        }
      ]
    },
    "controller.render.raimi": {
      "textures": [
        "Texture.raimi"
      ],
      "geometry": "Geometry.raimi",
      "materials": [
        {
          "*": "Material.default"
        }
      ]
    },
    "controller.render.symbioteraimi": {
      "textures": [
        "Texture.symbioteraimi"
      ],
      "geometry": "Geometry.symbioteraimi",
      "materials": [
        {
          "*": "Material.default"
        }
      ]
    },
    "controller.render.scarlet": {
      "textures": [
        "Texture.scarlet"
      ],
      "geometry": "Geometry.scarlet",
      "materials": [
        {
          "*": "Material.default"
        }
      ]
    },
    "controller.render.bigtime": {
      "textures": [
        "Texture.bigtime"
      ],
      "geometry": "Geometry.bigtime",
      "materials": [
        {
          "*": "Material.gl"
        }
      ]
    }
  }
}