{
  "format_version": "1.8.0",
  "render_controllers": {
    "controller.render.mc_webzipfast": {
      "textures": [
        "Texture.mc_webzipfast_3d"
      ],
      "geometry": "Geometry.mc_webzipfast",
      "materials": [
        {
          "*": "Material.default"
        }
      ]
    },
    "controller.render.hlider": {
      "textures": [
        "Texture.hlider"
      ],
      "geometry": "Geometry.hlider",
      "materials": [
        {
          "*": "Material.default"
        }
      ]
    },
    "controller.render.yemirilish": {
      "textures": [
        "Texture.yemr"
      ],
      "geometry": "Geometry.yemr",
      "materials": [
        {
          "*": "Material.sl"
        }
      ]
    }
  }
}