{
	"format_version": "1.10.0",
	"animation_controllers": {
		"controller.animation.charge": {
			"initial_state": "default",
			"states": {
				"default": {
					"on_exit": [
						"/playsound crossbow.loading.start @a ~ ~ ~ 5"
					],
					"transitions": [
						{
							"charge": "query.is_charged"
						}
					]
				},
				"charge": {
					"on_entry": [
						"/playsound crossbow.loading.middle @a ~ ~ ~ 5"
					],
					"transitions": [
						{
							"default": "!query.is_charged"
						}
					]
				}
			}
		}
	}
}