{
	"format_version": "1.10.0",
	"animation_controllers": {
		"controller.animation.crossbow.shield": {
			"initial_state": "default",
			"states": {
				"default": {
					"on_entry": [
						"/tag @s remove use"
					],
					"transitions": [
						{
							"charge": "!query.is_charged&&query.has_target"
						}
					]
				},
				"charge": {
					"on_entry": [
						"/tag @s add use"
					],
					"transitions": [
						{
							"default": "query.is_charged&&query.has_target"
						}
					]
				}
			}
		}
	}
}