{
	"format_version": "1.10.0",
	"animation_controllers": {
		"controller.animation.nitwit": {
			"initial_state": "default",
			"states": {
				"default": {
					"on_entry": [
						"/replaceitem entity @s slot.weapon.mainhand 0 df:multiple-fire_crossbow 1"
					],
					"transitions": [
						{
							"charged": "query.is_charged"
						},
						{
							"target": "query.has_target&&!query.is_charged"
						}
					]
				},
				"charged": {
					"on_entry": [
						"/playsound crossbow.loaded @a ~ ~ ~ 2",
						"/replaceitem entity @s slot.weapon.mainhand 0 df:multiple-fire_crossbow_load 1"
					],
					"on_exit": [
						"/replaceitem entity @s slot.weapon.mainhand 0 df:multiple-fire_crossbow 1"
					],
					"transitions": [
						{
							"default": "!query.is_charged&&!query.has_target"
						},
						{
							"target": "query.has_target&&!query.is_charged"
						}
					]
				},
				"target": {
					"on_entry": [
						"/replaceitem entity @s slot.weapon.mainhand 0 df:multiple-fire_crossbow_charged 1"
					],
					"transitions": [
						{
							"default": "!query.has_target&&!query.has_target"
						},
						{
							"charged": "query.is_charged&&query.has_target"
						}
					]
				}
			}
		}
	}
}