{
	"format_version": "1.10.0",
	"animation_controllers": {
		"controller.animation.tommygun.shooting": {
			"initial_state": "default",
			"states": {
				"default": {
					"transitions": [
						{
							"shooting": "query.get_equipped_item_name('main_hand')=='piglin_tommy_gun'&&query.is_using_item&&!query.is_sneaking"
						},
						{
							"shooting_aim": "query.get_equipped_item_name('main_hand')=='piglin_tommy_gun'&&query.is_using_item&&query.is_sneaking"
						}
					]
				},
				"shooting": {
					"animations": [
						"tommygunshoot"
					],
					"transitions": [
						{
							"default": "query.all_animations_finished||!query.is_using_item"
						}
					]
				},
				"shooting_aim": {
					"animations": [
						"tommygunshoot_aim"
					],
					"transitions": [
						{
							"default": "query.all_animations_finished||!query.is_using_item"
						}
					]
				}
			}
		},
		"controller.animation.mini14.shooting": {
			"initial_state": "default",
			"states": {
				"default": {
					"transitions": [
						{
							"shooting": "query.get_equipped_item_name('main_hand')=='piglin_rifle'&&query.is_using_item&&!query.is_sneaking"
						},
						{
							"shooting_aim": "query.get_equipped_item_name('main_hand')=='piglin_rifle'&&query.is_using_item&&query.is_sneaking"
						}
					]
				},
				"shooting": {
					"animations": [
						"mini14shoot"
					],
					"transitions": [
						{
							"default": "query.all_animations_finished||!query.is_using_item"
						}
					]
				},
				"shooting_aim": {
					"animations": [
						"mini14shoot_aim"
					],
					"transitions": [
						{
							"default": "query.all_animations_finished||!query.is_using_item"
						}
					]
				}
			}
		},
		"controller.animation.ppsh.shooting": {
			"initial_state": "default",
			"states": {
				"default": {
					"transitions": [
						{
							"shooting": "query.get_equipped_item_name('main_hand')=='villager_smg'&&query.is_using_item&&!query.is_sneaking"
						},
						{
							"shooting_aim": "query.get_equipped_item_name('main_hand')=='villager_smg'&&query.is_using_item&&query.is_sneaking"
						}
					]
				},
				"shooting": {
					"animations": [
						"ppshshoot"
					],
					"transitions": [
						{
							"default": "query.all_animations_finished||!query.is_using_item"
						}
					]
				},
				"shooting_aim": {
					"animations": [
						"ppshshoot_aim"
					],
					"transitions": [
						{
							"default": "query.all_animations_finished||!query.is_using_item"
						}
					]
				}
			}
		},
		"controller.animation.mp40.shooting": {
			"initial_state": "default",
			"states": {
				"default": {
					"transitions": [
						{
							"shooting": "query.get_equipped_item_name('main_hand')=='illager_smg'&&query.is_using_item&&!query.is_sneaking"
						},
						{
							"shooting_aim": "query.get_equipped_item_name('main_hand')=='illager_smg'&&query.is_using_item&&query.is_sneaking"
						}
					]
				},
				"shooting": {
					"animations": [
						"mp40shoot"
					],
					"transitions": [
						{
							"default": "query.all_animations_finished||!query.is_using_item"
						}
					]
				},
				"shooting_aim": {
					"animations": [
						"mp40shoot_aim"
					],
					"transitions": [
						{
							"default": "query.all_animations_finished||!query.is_using_item"
						}
					]
				}
			}
		},
		"controller.animation.dp27.shooting": {
			"initial_state": "default",
			"states": {
				"default": {
					"transitions": [
						{
							"shooting": "query.get_equipped_item_name('main_hand')=='dp27'&&query.is_using_item&&!query.is_sneaking"
						},
						{
							"shooting_aim": "query.get_equipped_item_name('main_hand')=='dp27'&&query.is_using_item&&query.is_sneaking"
						}
					]
				},
				"shooting": {
					"animations": [
						"dp27shoot"
					],
					"transitions": [
						{
							"default": "query.all_animations_finished||!query.is_using_item"
						}
					]
				},
				"shooting_aim": {
					"animations": [
						"dp27shoot_aim"
					],
					"transitions": [
						{
							"default": "query.all_animations_finished||!query.is_using_item"
						}
					]
				}
			}
		},
		"controller.animation.stg44.shooting": {
			"initial_state": "default",
			"states": {
				"default": {
					"transitions": [
						{
							"shooting": "query.get_equipped_item_name('main_hand')=='stg44'&&query.is_using_item&&!query.is_sneaking"
						},
						{
							"shooting_aim": "query.get_equipped_item_name('main_hand')=='stg44'&&query.is_using_item&&query.is_sneaking"
						}
					]
				},
				"shooting": {
					"animations": [
						"stg44shoot"
					],
					"transitions": [
						{
							"default": "query.all_animations_finished||!query.is_using_item"
						}
					]
				},
				"shooting_aim": {
					"animations": [
						"stg44shoot_aim"
					],
					"transitions": [
						{
							"default": "query.all_animations_finished||!query.is_using_item"
						}
					]
				}
			}
		},
		"controller.animation.mosin.shooting": {
			"initial_state": "default",
			"states": {
				"default": {
					"transitions": [
						{
							"shooting": "query.get_equipped_item_name('main_hand')=='villager_rifle'&&query.is_using_item&&!query.is_sneaking"
						},
						{
							"shooting_aim": "query.get_equipped_item_name('main_hand')=='villager_rifle'&&query.is_using_item&&query.is_sneaking"
						}
					]
				},
				"shooting": {
					"animations": [
						"mosinshoot"
					],
					"transitions": [
						{
							"default": "query.all_animations_finished||!query.is_using_item"
						}
					]
				},
				"shooting_aim": {
					"animations": [
						"mosinshoot_aim"
					],
					"transitions": [
						{
							"default": "query.all_animations_finished||!query.is_using_item"
						}
					]
				}
			}
		},
		"controller.animation.mauser.shooting": {
			"initial_state": "default",
			"states": {
				"default": {
					"transitions": [
						{
							"shooting": "query.get_equipped_item_name('main_hand')=='illager_rifle'&&query.is_using_item&&!query.is_sneaking"
						},
						{
							"shooting_aim": "query.get_equipped_item_name('main_hand')=='illager_rifle'&&query.is_using_item&&query.is_sneaking"
						}
					]
				},
				"shooting": {
					"animations": [
						"mausershoot"
					],
					"transitions": [
						{
							"default": "query.all_animations_finished||!query.is_using_item"
						}
					]
				},
				"shooting_aim": {
					"animations": [
						"mausershoot_aim"
					],
					"transitions": [
						{
							"default": "query.all_animations_finished||!query.is_using_item"
						}
					]
				}
			}
		}
	}
}