{"entity_sounds":{"entities":{"yg:camo_toilet":{"events":{"ambient":"mob.yg_camo_toilet.ambient"},"pitch":[1],"volume":50},"yg:bulldozer_toilet":{"events":{"ambient":"mob.yg_bulldozer_toilet.ambient","attack":{"pitch":1,"sound":"mob.slash.attack","volume":50}},"pitch":[1],"volume":50},"yg:buzzsaw_toilet":{"events":{"ambient":"mob.yg_buzzsaw_toilet.ambient"},"pitch":[1],"volume":50},"yg:double_buzzsaw_toilet":{"events":{"ambient":"mob.yg_buzzsaw_toilet.ambient"},"pitch":[1],"volume":50},"yg:dj_toilet":{"events":{"ambient":"mob.yg_dj_toilet.ambient"},"pitch":[1],"volume":50},"yg:gman_toilet":{"events":{"ambient":"mob.yg_gman_toilet.ambient"},"pitch":[1],"volume":50},"yg:holy_toilet":{"events":{"ambient":"mob.yg_holy_toilet.ambient"},"pitch":[1],"volume":50},"yg:hydra_toilet":{"events":{"ambient":"mob.yg_hydra_toilet.ambient"},"pitch":[1],"volume":50},"yg:rocket_toilet":{"events":{"ambient":"mob.yg_rocket_toilet.ambient"},"pitch":[1],"volume":50},"yg:police_toilet":{"events":{"ambient":"mob.yg_police_toilet.ambient"},"pitch":[1],"volume":50},"yg:professor_toilet":{"events":{"ambient":"mob.yg_professor_toilet.ambient"},"pitch":[1],"volume":50},"yg:terrorist_toilet":{"events":{"ambient":"mob.yg_terrorist_toilet.ambient"},"pitch":[1],"volume":50},"yg:skibidi_toilet":{"events":{"ambient":"mob.yg_skibidi_toilet.ambient"},"pitch":[1],"volume":50},"yg:sunglasses_toilet":{"events":{"ambient":"mob.yg_sunglasses_toilet.ambient"},"pitch":[1],"volume":50},"yg:triple_toilet":{"events":{"ambient":"mob.yg_triple_toilet.ambient"},"pitch":[1],"volume":50},"yg:camera_women":{"events":{"shoot":"mob.shoot.spit"},"pitch":[1],"volume":100},"yg:spider_camera":{"events":{"shoot":"mob.shoot.spit"},"pitch":[1],"volume":100}}}}