{
  "entity_sounds": {
    "entities": {
      "pa:megumi": {
        "volume": 1.0,
        "pitch": [
          0.8,
          1.2
        ],
        "events": {
          "ambient": "mob.pa_megumi.idle",
          "death": "mob.pa_megumi.death",
          "death.to.zombie": "mob.villager.death",
          "haggle": "mob.villager.haggle",
          "haggle.no": "mob.villager.no",
          "haggle.yes": "mob.villager.yes",
          "hurt": "mob.pa_megumi.hit"
        }
      },
      "pa:raphtalia": {
        "volume": 1.0,
        "pitch": [
          0.8,
          1.2
        ],
        "events": {
          "ambient": "mob.pa_raphtalia.idle",
          "death": "mob.pa_raphtalia.death",
          "death.to.zombie": "mob.villager.death",
          "haggle": "mob.villager.haggle",
          "haggle.no": "mob.villager.no",
          "haggle.yes": "mob.villager.yes",
          "hurt": "mob.pa_raphtalia.hit"
        }
      },
      "pa:levi": {
        "volume": 1.0,
        "pitch": [
          0.8,
          1.2
        ],
        "events": {
          "ambient": "mob.pa_levi.idle",
          "death": "mob.pa_levi.death",
          "death.to.zombie": "mob.villager.death",
          "haggle": "mob.villager.haggle",
          "haggle.no": "mob.villager.no",
          "haggle.yes": "mob.villager.yes",
          "hurt": "mob.pa_levi.hit"
        }
      },
      "pa:satoru": {
        "volume": 1.0,
        "pitch": [
          0.8,
          1.2
        ],
        "events": {
          "ambient": "mob.pa_satoru.idle",
          "death": "mob.pa_satoru.death",
          "death.to.zombie": "mob.villager.death",
          "haggle": "mob.villager.haggle",
          "haggle.no": "mob.villager.no",
          "haggle.yes": "mob.villager.yes",
          "hurt": "mob.pa_satoru.hit"
        }
      },
      "pa:baki": {
        "volume": 1.0,
        "pitch": [
          0.8,
          1.2
        ],
        "events": {
          "ambient": "mob.pa_baki.idle",
          "death": "mob.pa_baki.death",
          "death.to.zombie": "mob.villager.death",
          "haggle": "mob.villager.haggle",
          "haggle.no": "mob.villager.no",
          "haggle.yes": "mob.villager.yes",
          "hurt": "mob.pa_baki.hit"
        }
      },
      "pa:dazai": {
        "volume": 1.0,
        "pitch": [
          0.8,
          1.2
        ],
        "events": {
          "ambient": "mob.pa_dazai.idle",
          "death": "mob.pa_dazai.death",
          "death.to.zombie": "mob.villager.death",
          "haggle": "mob.villager.haggle",
          "haggle.no": "mob.villager.no",
          "haggle.yes": "mob.villager.yes",
          "hurt": "mob.pa_dazai.hit"
        }
      },
      "pa:glenn": {
        "volume": 1.0,
        "pitch": [
          0.8,
          1.2
        ],
        "events": {
          "ambient": "mob.pa_glenn.idle",
          "death": "mob.pa_glenn.death",
          "death.to.zombie": "mob.villager.death",
          "haggle": "mob.villager.haggle",
          "haggle.no": "mob.villager.no",
          "haggle.yes": "mob.villager.yes",
          "hurt": "mob.pa_glenn.hit"
        }
      },
      "pa:chika": {
        "volume": 1.0,
        "pitch": [
          0.8,
          1.2
        ],
        "events": {
          "ambient": "mob.pa_chika.idle",
          "death": "mob.pa_chika.death",
          "death.to.zombie": "mob.villager.death",
          "haggle": "mob.villager.haggle",
          "haggle.no": "mob.villager.no",
          "haggle.yes": "mob.villager.yes",
          "hurt": "mob.pa_chika.hit"
        }
      },
      "pa:ayame": {
        "volume": 1.0,
        "pitch": [
          0.8,
          1.2
        ],
        "events": {
          "ambient": "mob.pa_ayame.idle",
          "death": "mob.pa_ayame.death",
          "death.to.zombie": "mob.villager.death",
          "haggle": "mob.villager.haggle",
          "haggle.no": "mob.villager.no",
          "haggle.yes": "mob.villager.yes",
          "hurt": "mob.pa_ayame.hit"
        }
      },
      "pa:vanitas": {
        "volume": 1.0,
        "pitch": [
          0.8,
          1.2
        ],
        "events": {
          "ambient": "mob.pa_vanitas.idle",
          "death": "mob.pa_vanitas.death",
          "death.to.zombie": "mob.villager.death",
          "haggle": "mob.villager.haggle",
          "haggle.no": "mob.villager.no",
          "haggle.yes": "mob.villager.yes",
          "hurt": "mob.pa_vanitas.hit"
        }
      },
      "pa:oze": {
        "volume": 1.0,
        "pitch": [
          0.8,
          1.2
        ],
        "events": {
          "ambient": "mob.pa_oze.idle",
          "death": "mob.pa_oze.death",
          "death.to.zombie": "mob.villager.death",
          "haggle": "mob.villager.haggle",
          "haggle.no": "mob.villager.no",
          "haggle.yes": "mob.villager.yes",
          "hurt": "mob.pa_oze.hit"
        }
      },
      "pa:mikey": {
        "volume": 1.0,
        "pitch": [
          0.8,
          1.2
        ],
        "events": {
          "ambient": "mob.pa_mikey.idle",
          "death": "mob.pa_mikey.death",
          "death.to.zombie": "mob.villager.death",
          "haggle": "mob.villager.haggle",
          "haggle.no": "mob.villager.no",
          "haggle.yes": "mob.villager.yes",
          "hurt": "mob.pa_mikey.hit"
        }
      },
      "pa:rem": {
        "volume": 1.0,
        "pitch": [
          0.8,
          1.2
        ],
        "events": {
          "ambient": "mob.pa_rem.idle",
          "death": "mob.pa_rem.death",
          "death.to.zombie": "mob.villager.death",
          "haggle": "mob.villager.haggle",
          "haggle.no": "mob.villager.no",
          "haggle.yes": "mob.villager.yes",
          "hurt": "mob.pa_rem.hit"
        }
      },
      "pa:miku": {
        "volume": 1.0,
        "pitch": [
          0.8,
          1.2
        ],
        "events": {
          "ambient": "mob.pa_miku.idle",
          "death": "mob.pa_miku.death",
          "death.to.zombie": "mob.villager.death",
          "haggle": "mob.villager.haggle",
          "haggle.no": "mob.villager.no",
          "haggle.yes": "mob.villager.yes",
          "hurt": "mob.pa_miku.hit"
        }
      },
      "pa:hancock": {
        "volume": 1.0,
        "pitch": [
          0.8,
          1.2
        ],
        "events": {
          "ambient": "mob.pa_hancock.idle",
          "death": "mob.pa_hancock.death",
          "death.to.zombie": "mob.villager.death",
          "haggle": "mob.villager.haggle",
          "haggle.no": "mob.villager.no",
          "haggle.yes": "mob.villager.yes",
          "hurt": "mob.pa_hancock.hit"
        }
      },
      "pa:asuna": {
        "volume": 1.0,
        "pitch": [
          0.8,
          1.2
        ],
        "events": {
          "ambient": "mob.pa_asuna.idle",
          "death": "mob.pa_asuna.death",
          "death.to.zombie": "mob.villager.death",
          "haggle": "mob.villager.haggle",
          "haggle.no": "mob.villager.no",
          "haggle.yes": "mob.villager.yes",
          "hurt": "mob.pa_asuna.hit"
        }
      },
      "pa:sanji": {
        "volume": 1.0,
        "pitch": [
          0.8,
          1.2
        ],
        "events": {
          "ambient": "mob.pa_sanji.idle",
          "death": "mob.pa_sanji.death",
          "death.to.zombie": "mob.villager.death",
          "haggle": "mob.villager.haggle",
          "haggle.no": "mob.villager.no",
          "haggle.yes": "mob.villager.yes",
          "hurt": "mob.pa_sanji.hit"
        }
      },
      "pa:goku": {
        "volume": 1.0,
        "pitch": [
          0.8,
          1.2
        ],
        "events": {
          "ambient": "mob.pa_goku.idle",
          "death": "mob.pa_goku.death",
          "death.to.zombie": "mob.villager.death",
          "haggle": "mob.villager.haggle",
          "haggle.no": "mob.villager.no",
          "haggle.yes": "mob.villager.yes",
          "hurt": "mob.pa_goku.hit"
        }
      },
      "pa:tohru": {
        "volume": 1.0,
        "pitch": [
          0.8,
          1.2
        ],
        "events": {
          "ambient": "mob.pa_tohru.idle",
          "death": "mob.pa_tohru.death",
          "death.to.zombie": "mob.villager.death",
          "haggle": "mob.villager.haggle",
          "haggle.no": "mob.villager.no",
          "haggle.yes": "mob.villager.yes",
          "hurt": "mob.pa_tohru.hit"
        }
      },
      "pa:boros": {
        "volume": 1.0,
        "pitch": [
          0.8,
          1.2
        ],
        "events": {
          "ambient": "mob.pa_boros.idle",
          "death": "mob.pa_boros.death",
          "death.to.zombie": "mob.villager.death",
          "haggle": "mob.villager.haggle",
          "haggle.no": "mob.villager.no",
          "haggle.yes": "mob.villager.yes",
          "hurt": "mob.pa_boros.hit"
        }
      },
      "pa:muzanmonster": {
        "volume": 1.0,
        "pitch": [
          0.8,
          1.2
        ],
        "events": {
          "ambient": "mob.pa_muzanmonster.idle",
          "death": "mob.pa_muzanmonster.death",
          "death.to.zombie": "mob.villager.death",
          "haggle": "mob.villager.haggle",
          "haggle.no": "mob.villager.no",
          "haggle.yes": "mob.villager.yes",
          "hurt": "mob.pa_muzanmonster.hit"
        }
      },
      "pa:korosensei": {
        "volume": 1.0,
        "pitch": [
          0.8,
          1.2
        ],
        "events": {
          "ambient": "mob.pa_korosensei.idle",
          "death": "mob.pa_korosensei.death",
          "death.to.zombie": "mob.villager.death",
          "haggle": "mob.villager.haggle",
          "haggle.no": "mob.villager.no",
          "haggle.yes": "mob.villager.yes",
          "hurt": "mob.pa_korosensei.hit"
        }
      },
      "pa:tatsumaki": {
        "volume": 1.0,
        "pitch": [
          0.8,
          1.2
        ],
        "events": {
          "ambient": "mob.pa_tatsumaki.idle",
          "death": "mob.pa_tatsumaki.death",
          "death.to.zombie": "mob.villager.death",
          "haggle": "mob.villager.haggle",
          "haggle.no": "mob.villager.no",
          "haggle.yes": "mob.villager.yes",
          "hurt": "mob.pa_tatsumaki.hit"
        }
      },
      "pa:kohaku": {
        "volume": 1.0,
        "pitch": [
          0.8,
          1.2
        ],
        "events": {
          "ambient": "mob.pa_kohaku.idle",
          "death": "mob.pa_kohaku.death",
          "death.to.zombie": "mob.villager.death",
          "haggle": "mob.villager.haggle",
          "haggle.no": "mob.villager.no",
          "haggle.yes": "mob.villager.yes",
          "hurt": "mob.pa_kohaku.hit"
        }
      },
      "pa:yumeko": {
        "volume": 1.0,
        "pitch": [
          0.8,
          1.2
        ],
        "events": {
          "ambient": "mob.pa_yumeko.idle",
          "death": "mob.pa_yumeko.death",
          "death.to.zombie": "mob.villager.death",
          "haggle": "mob.villager.haggle",
          "haggle.no": "mob.villager.no",
          "haggle.yes": "mob.villager.yes",
          "hurt": "mob.pa_yumeko.hit"
        }
      },
      "pa:esdeath": {
        "volume": 1.0,
        "pitch": [
          0.8,
          1.2
        ],
        "events": {
          "ambient": "mob.pa_esdeath.idle",
          "death": "mob.pa_esdeath.death",
          "death.to.zombie": "mob.villager.death",
          "haggle": "mob.villager.haggle",
          "haggle.no": "mob.villager.no",
          "haggle.yes": "mob.villager.yes",
          "hurt": "mob.pa_esdeath.hit"
        }
      },
      "pa:muzan": {
        "volume": 1.0,
        "pitch": [
          0.8,
          1.2
        ],
        "events": {
          "ambient": "mob.pa_muzan.idle",
          "death": "mob.pa_muzan.death",
          "death.to.zombie": "mob.villager.death",
          "haggle": "mob.villager.haggle",
          "haggle.no": "mob.villager.no",
          "haggle.yes": "mob.villager.yes",
          "hurt": "mob.pa_muzan.hit"
        }
      },
      "pa:tukaluna": {
        "volume": 1.0,
        "pitch": [
          0.8,
          1.2
        ],
        "events": {
          "ambient": "mob.pa_tukaluna.idle",
          "death": "mob.pa_tukaluna.death",
          "death.to.zombie": "mob.villager.death",
          "haggle": "mob.villager.haggle",
          "haggle.no": "mob.villager.no",
          "haggle.yes": "mob.villager.yes",
          "hurt": "mob.pa_tukaluna.hit"
        }
      }
    }
  }
}