{
  "format_version": "1.10.0",
  "minecraft:entity": {
    "description": {
      "identifier": "seb:upgraded_large_speakerman",
      "is_spawnable": true,
      "is_summonable": true,
      "is_experimental": false
    },
    "component_groups": {
      "become_zombie": {
        "minecraft:transformation": {
          "into": "minecraft:zombie_villager"
        }
      },
      "baby": {
        "minecraft:is_baby": {},
        "minecraft:scale": {
          "value": 0.5
        },
        "minecraft:ageable": {
          "duration": 1200,
          "grow_up": {
            "event": "minecraft:ageable_grow_up",
            "target": "self"
          }
        },
        "minecraft:behavior.take_flower": {
          "priority": 7
        },
        "minecraft:behavior.play": {
          "priority": 8,
          "speed_multiplier": 0.32
        }
      },
      "adult": {
        "minecraft:behavior.make_love": {
          "priority": 6
        },
        "minecraft:behavior.receive_love": {
          "priority": 7
        }
      },
      "minecraft:pig_transform": {
        "minecraft:transformation": {
          "into": "seb:large_speakerman_turned"
        }
      }
    },
    "components": {
      "minecraft:type_family": {
        "family": [
          "cameraman"
        ]
      },
      "minecraft:breathable": {
        "totalSupply": 15,
        "suffocateTime": 0
      },
      "minecraft:health": {
        "value": 150,
        "max": 150
      },
      "minecraft:collision_box": {
        "height": 1.8,
        "width": 0.6
      },
      "minecraft:nameable": {
        "alwaysShow": false,
        "allowNameTagRenaming": false
      },
      "minecraft:movement": {
        "value": 0.24
      },
      "minecraft:navigation.walk": {
        "is_amphibious": true,
        "can_path_over_water": true,
        "can_pass_doors": true,
        "can_open_doors": true,
        "can_walk": true,
        "avoid_water": true
      },
      "minecraft:annotation.open_door": {},
      "minecraft:movement.basic": {},
      "minecraft:jump.static": {},
      "minecraft:can_climb": {},
      "minecraft:damage_sensor": [
        {
          "on_damage": {
            "filters": {
              "test": "is_family",
              "subject": "other",
              "value": "lightning"
            },
            "event": "become_witch"
          },
          "deals_damage": false
        },
        {
          "on_damage": {
            "filters": {
              "test": "is_family",
              "subject": "other",
              "value": "virus"
            },
            "event": "become_zombie"
          },
          "deals_damage": true
        }
      ],
      "minecraft:behavior.float": {
        "priority": 0
      },
      "minecraft:behavior.move_indoors": {
        "priority": 4,
        "speed_multiplier": 0.8
      },
      "minecraft:behavior.restrict_open_door": {
        "priority": 5
      },
      "minecraft:behavior.open_door": {
        "priority": 6,
        "close_door_after": true
      },
      "minecraft:behavior.move_towards_restriction": {
        "priority": 7,
        "speed_multiplier": 0.6
      },
      "minecraft:behavior.share_items": {
        "priority": 8,
        "max_dist": 3,
        "goal_radius": 2,
        "speed_multiplier": 0.5,
        "entity_types": [
          {
            "filters": {
              "test": "is_family",
              "subject": "other",
              "value": "villager"
            }
          }
        ]
      },
      "minecraft:behavior.random_stroll": {
        "priority": 11,
        "speed_multiplier": 0.6
      },
      "minecraft:behavior.look_at_player": {
        "priority": 12,
        "look_distance": 8,
        "probability": 0.02
      },
      "minecraft:physics": {},
      "minecraft:experience_reward": {
        "on_death": "query.last_hit_by_player ? 10 : 0"
      },
      "minecraft:underwater_movement": {
        "value": 0.02
      },
      "minecraft:scale": {
        "value": 3
      },
      "minecraft:attack": {
        "damage": 23.4
      },
      "minecraft:behavior.melee_attack": {
        "priority": 2,
        "speed_multiplier": 1,
        "target_dist": 0,
        "max_dist": 3,
        "random_stop_interval": 100,
        "track_target": false,
        "reach_multiplier": 1.4
      },
      "minecraft:behavior.nearest_attackable_target": {
        "priority": 3,
        "within_radius": 25,
        "must_reach": false,
        "entity_types": [
          {
            "filters": {
              "any_of": [
                {
                  "test": "is_family",
                  "subject": "other",
                  "value": "skibidi"
                },
                {
                  "test": "is_family",
                  "subject": "other",
                  "value": "infected"
                }
              ]
            },
            "max_dist": 35.0,
            "must_see": false
          }
        ],
        "must_see": false,
        "speed_multiplier": 1
      },
      "minecraft:behavior.hurt_by_target": {
        "priority": 3
      },
      "minecraft:behavior.owner_hurt_by_target": {
        "priority": 1
      },
      "minecraft:behavior.owner_hurt_target": {
        "priority": 2
      },
      "minecraft:equip_item": {},
      "minecraft:knockback_resistance": {
        "value": 5.0,
        "max": 5.0
      },
      "minecraft:fire_immune": true,
      "minecraft:area_attack": {
        "damage_range": 1.0,
        "damage_per_tick": 1,
        "cause": "contact",
        "entity_filter": {
          "all_of": [
            {
              "test": "is_family",
              "subject": "other",
              "value": "dead",
              "operator": "!="
            },
            {
              "test": "is_family",
              "subject": "other",
              "value": "lasertank",
              "operator": "!="
            },
            {
              "test": "is_family",
              "subject": "other",
              "value": "titan",
              "operator": "!="
            },
            {
              "test": "is_family",
              "subject": "other",
              "value": "scientist",
              "operator": "!="
            },
            {
              "test": "is_family",
              "subject": "other",
              "value": "cameraman",
              "operator": "!="
            },
            {
              "test": "is_family",
              "subject": "other",
              "value": "blueland2",
              "operator": "!="
            },
            {
              "test": "is_family",
              "subject": "other",
              "value": "yellowland2",
              "operator": "!="
            },
            {
              "test": "is_family",
              "subject": "other",
              "value": "redland2",
              "operator": "!="
            },
            {
              "test": "is_family",
              "subject": "other",
              "value": "greenland2",
              "operator": "!="
            },
            {
              "test": "is_family",
              "subject": "other",
              "value": "capturable",
              "operator": "!="
            },
            {
              "test": "is_family",
              "subject": "other",
              "value": "blueland1",
              "operator": "!="
            },
            {
              "test": "is_family",
              "subject": "other",
              "value": "redland1",
              "operator": "!="
            },
            {
              "test": "is_family",
              "subject": "other",
              "value": "yellowland1",
              "operator": "!="
            },
            {
              "test": "is_family",
              "subject": "other",
              "value": "greenland1",
              "operator": "!="
            },
            {
              "test": "is_family",
              "subject": "other",
              "value": "nuclear",
              "operator": "!="
            },
            {
              "test": "is_family",
              "subject": "other",
              "value": "yellow",
              "operator": "!="
            },
            {
              "test": "is_family",
              "subject": "other",
              "value": "green",
              "operator": "!="
            },
            {
              "test": "is_family",
              "subject": "other",
              "value": "blue",
              "operator": "!="
            },
            {
              "test": "is_family",
              "subject": "other",
              "value": "unknown",
              "operator": "!="
            },
            {
              "test": "is_family",
              "subject": "other",
              "value": "dude",
              "operator": "!="
            },
            {
              "test": "is_family",
              "subject": "other",
              "value": "machinery",
              "operator": "!="
            },
            {
              "test": "is_family",
              "subject": "other",
              "value": "Entity",
              "operator": "!="
            },
            {
              "test": "is_family",
              "subject": "other",
              "value": "zombie",
              "operator": "!="
            },
            {
              "test": "is_family",
              "subject": "other",
              "value": "red",
              "operator": "!="
            },
            {
              "test": "is_family",
              "subject": "other",
              "value": "Herobrine",
              "operator": "!="
            },
            {
              "test": "is_family",
              "subject": "other",
              "value": "augustolophus",
              "operator": "!="
            },
            {
              "test": "is_family",
              "subject": "other",
              "value": "bracheo",
              "operator": "!="
            },
            {
              "test": "is_family",
              "subject": "other",
              "value": "hadro",
              "operator": "!="
            },
            {
              "test": "is_family",
              "subject": "other",
              "value": "lampeo",
              "operator": "!="
            },
            {
              "test": "is_family",
              "subject": "other",
              "value": "ourano",
              "operator": "!="
            },
            {
              "test": "is_family",
              "subject": "other",
              "value": "stegosaurus",
              "operator": "!="
            },
            {
              "test": "is_family",
              "subject": "other",
              "value": "herbdinosaur",
              "operator": "!="
            },
            {
              "test": "is_family",
              "subject": "other",
              "value": "axolotl",
              "operator": "!="
            },
            {
              "test": "is_family",
              "subject": "other",
              "value": "goat",
              "operator": "!="
            },
            {
              "test": "is_family",
              "subject": "other",
              "value": "hoglin",
              "operator": "!="
            },
            {
              "test": "is_family",
              "subject": "other",
              "value": "hoglin_baby",
              "operator": "!="
            },
            {
              "test": "is_family",
              "subject": "other",
              "value": "adult_piglin",
              "operator": "!="
            },
            {
              "test": "is_family",
              "subject": "other",
              "value": "piglin_brute",
              "operator": "!="
            },
            {
              "test": "is_family",
              "subject": "other",
              "value": "strider",
              "operator": "!="
            },
            {
              "test": "is_family",
              "subject": "other",
              "value": "strider_baby",
              "operator": "!="
            },
            {
              "test": "is_family",
              "subject": "other",
              "value": "furnicraft",
              "operator": "!="
            },
            {
              "test": "is_family",
              "subject": "other",
              "value": "player",
              "operator": "!="
            },
            {
              "test": "is_family",
              "subject": "other",
              "value": "bat",
              "operator": "!="
            },
            {
              "test": "is_family",
              "subject": "other",
              "value": "bee",
              "operator": "!="
            },
            {
              "test": "is_family",
              "subject": "other",
              "value": "arthropod",
              "operator": "!="
            },
            {
              "test": "is_family",
              "subject": "other",
              "value": "pacified",
              "operator": "!="
            },
            {
              "test": "is_family",
              "subject": "other",
              "value": "cat",
              "operator": "!="
            },
            {
              "test": "is_family",
              "subject": "other",
              "value": "fox",
              "operator": "!="
            },
            {
              "test": "is_family",
              "subject": "other",
              "value": "panda",
              "operator": "!="
            },
            {
              "test": "is_family",
              "subject": "other",
              "value": "panda_aggressive",
              "operator": "!="
            },
            {
              "test": "is_family",
              "subject": "other",
              "value": "pillager",
              "operator": "!="
            },
            {
              "test": "is_family",
              "subject": "other",
              "value": "monster",
              "operator": "!="
            },
            {
              "test": "is_family",
              "subject": "other",
              "value": "illager",
              "operator": "!="
            },
            {
              "test": "is_family",
              "subject": "other",
              "value": "ravager",
              "operator": "!="
            },
            {
              "test": "is_family",
              "subject": "other",
              "value": "wandering_trader",
              "operator": "!="
            },
            {
              "test": "is_family",
              "subject": "other",
              "value": "wandering_trader_despawning",
              "operator": "!="
            },
            {
              "test": "is_family",
              "subject": "other",
              "value": "blaze",
              "operator": "!="
            },
            {
              "test": "is_family",
              "subject": "other",
              "value": "cachalote",
              "operator": "!="
            },
            {
              "test": "is_family",
              "subject": "other",
              "value": "cavespider",
              "operator": "!="
            },
            {
              "test": "is_family",
              "subject": "other",
              "value": "chicken",
              "operator": "!="
            },
            {
              "test": "is_family",
              "subject": "other",
              "value": "cow",
              "operator": "!="
            },
            {
              "test": "is_family",
              "subject": "other",
              "value": "crab",
              "operator": "!="
            },
            {
              "test": "is_family",
              "subject": "other",
              "value": "creeper",
              "operator": "!="
            },
            {
              "test": "is_family",
              "subject": "other",
              "value": "dolphin",
              "operator": "!="
            },
            {
              "test": "is_family",
              "subject": "other",
              "value": "donkey",
              "operator": "!="
            },
            {
              "test": "is_family",
              "subject": "other",
              "value": "drowned",
              "operator": "!="
            },
            {
              "test": "is_family",
              "subject": "other",
              "value": "undead",
              "operator": "!="
            },
            {
              "test": "is_family",
              "subject": "other",
              "value": "guardian_elder",
              "operator": "!="
            },
            {
              "test": "is_family",
              "subject": "other",
              "value": "dragon",
              "operator": "!="
            },
            {
              "test": "is_family",
              "subject": "other",
              "value": "enderman",
              "operator": "!="
            },
            {
              "test": "is_family",
              "subject": "other",
              "value": "endermite",
              "operator": "!="
            },
            {
              "test": "is_family",
              "subject": "other",
              "value": "evocation_illager",
              "operator": "!="
            },
            {
              "test": "is_family",
              "subject": "other",
              "value": "cod",
              "operator": "!="
            },
            {
              "test": "is_family",
              "subject": "other",
              "value": "fish",
              "operator": "!="
            },
            {
              "test": "is_family",
              "subject": "other",
              "value": "fishleon",
              "operator": "!="
            },
            {
              "test": "is_family",
              "subject": "other",
              "value": "ghast",
              "operator": "!="
            },
            {
              "test": "is_family",
              "subject": "other",
              "value": "guardian",
              "operator": "!="
            },
            {
              "test": "is_family",
              "subject": "other",
              "value": "hammerhead_shark",
              "operator": "!="
            },
            {
              "test": "is_family",
              "subject": "other",
              "value": "horse",
              "operator": "!="
            },
            {
              "test": "is_family",
              "subject": "other",
              "value": "husk",
              "operator": "!="
            },
            {
              "test": "is_family",
              "subject": "other",
              "value": "irongolem",
              "operator": "!="
            },
            {
              "test": "is_family",
              "subject": "other",
              "value": "car",
              "operator": "!="
            },
            {
              "test": "is_family",
              "subject": "other",
              "value": "llama",
              "operator": "!="
            },
            {
              "test": "is_family",
              "subject": "other",
              "value": "magmacube",
              "operator": "!="
            },
            {
              "test": "is_family",
              "subject": "other",
              "value": "mushroomcow",
              "operator": "!="
            },
            {
              "test": "is_family",
              "subject": "other",
              "value": "mule",
              "operator": "!="
            },
            {
              "test": "is_family",
              "subject": "other",
              "value": "ocelot",
              "operator": "!="
            },
            {
              "test": "is_family",
              "subject": "other",
              "value": "octopus",
              "operator": "!="
            },
            {
              "test": "is_family",
              "subject": "other",
              "value": "parrot_wild",
              "operator": "!="
            },
            {
              "test": "is_family",
              "subject": "other",
              "value": "parrot_tame",
              "operator": "!="
            },
            {
              "test": "is_family",
              "subject": "other",
              "value": "phantom",
              "operator": "!="
            },
            {
              "test": "is_family",
              "subject": "other",
              "value": "pig",
              "operator": "!="
            },
            {
              "test": "is_family",
              "subject": "other",
              "value": "piranha",
              "operator": "!="
            },
            {
              "test": "is_family",
              "subject": "other",
              "value": "polarbear",
              "operator": "!="
            },
            {
              "test": "is_family",
              "subject": "other",
              "value": "pufferfish",
              "operator": "!="
            },
            {
              "test": "is_family",
              "subject": "other",
              "value": "rabbit",
              "operator": "!="
            },
            {
              "test": "is_family",
              "subject": "other",
              "value": "salmon",
              "operator": "!="
            },
            {
              "test": "is_family",
              "subject": "other",
              "value": "shark",
              "operator": "!="
            },
            {
              "test": "is_family",
              "subject": "other",
              "value": "sheep",
              "operator": "!="
            },
            {
              "test": "is_family",
              "subject": "other",
              "value": "shrimp",
              "operator": "!="
            },
            {
              "test": "is_family",
              "subject": "other",
              "value": "shulker",
              "operator": "!="
            },
            {
              "test": "is_family",
              "subject": "other",
              "value": "silverfish",
              "operator": "!="
            },
            {
              "test": "is_family",
              "subject": "other",
              "value": "skeleton",
              "operator": "!="
            },
            {
              "test": "is_family",
              "subject": "other",
              "value": "skeletonhorse",
              "operator": "!="
            },
            {
              "test": "is_family",
              "subject": "other",
              "value": "slime",
              "operator": "!="
            },
            {
              "test": "is_family",
              "subject": "other",
              "value": "snowgolem",
              "operator": "!="
            },
            {
              "test": "is_family",
              "subject": "other",
              "value": "spider",
              "operator": "!="
            },
            {
              "test": "is_family",
              "subject": "other",
              "value": "squid",
              "operator": "!="
            },
            {
              "test": "is_family",
              "subject": "other",
              "value": "stingray",
              "operator": "!="
            },
            {
              "test": "is_family",
              "subject": "other",
              "value": "stray",
              "operator": "!="
            },
            {
              "test": "is_family",
              "subject": "other",
              "value": "turtle",
              "operator": "!="
            },
            {
              "test": "is_family",
              "subject": "other",
              "value": "baby_turtle",
              "operator": "!="
            },
            {
              "test": "is_family",
              "subject": "other",
              "value": "vex",
              "operator": "!="
            },
            {
              "test": "is_family",
              "subject": "other",
              "value": "villager",
              "operator": "!="
            },
            {
              "test": "is_family",
              "subject": "other",
              "value": "peasant",
              "operator": "!="
            },
            {
              "test": "is_family",
              "subject": "other",
              "value": "farmer",
              "operator": "!="
            },
            {
              "test": "is_family",
              "subject": "other",
              "value": "fisherman",
              "operator": "!="
            },
            {
              "test": "is_family",
              "subject": "other",
              "value": "shepherd",
              "operator": "!="
            },
            {
              "test": "is_family",
              "subject": "other",
              "value": "fletcher",
              "operator": "!="
            },
            {
              "test": "is_family",
              "subject": "other",
              "value": "librarian",
              "operator": "!="
            },
            {
              "test": "is_family",
              "subject": "other",
              "value": "cartographer",
              "operator": "!="
            },
            {
              "test": "is_family",
              "subject": "other",
              "value": "priest",
              "operator": "!="
            },
            {
              "test": "is_family",
              "subject": "other",
              "value": "cleric",
              "operator": "!="
            },
            {
              "test": "is_family",
              "subject": "other",
              "value": "blacksmith",
              "operator": "!="
            },
            {
              "test": "is_family",
              "subject": "other",
              "value": "armorer",
              "operator": "!="
            },
            {
              "test": "is_family",
              "subject": "other",
              "value": "weaponsmith",
              "operator": "!="
            },
            {
              "test": "is_family",
              "subject": "other",
              "value": "toolsmith",
              "operator": "!="
            },
            {
              "test": "is_family",
              "subject": "other",
              "value": "artisan",
              "operator": "!="
            },
            {
              "test": "is_family",
              "subject": "other",
              "value": "butcher",
              "operator": "!="
            },
            {
              "test": "is_family",
              "subject": "other",
              "value": "leatherworker",
              "operator": "!="
            },
            {
              "test": "is_family",
              "subject": "other",
              "value": "vindicator",
              "operator": "!="
            },
            {
              "test": "is_family",
              "subject": "other",
              "value": "whale",
              "operator": "!="
            },
            {
              "test": "is_family",
              "subject": "other",
              "value": "witch",
              "operator": "!="
            },
            {
              "test": "is_family",
              "subject": "other",
              "value": "wither",
              "operator": "!="
            },
            {
              "test": "is_family",
              "subject": "other",
              "value": "wolf",
              "operator": "!="
            },
            {
              "test": "is_family",
              "subject": "other",
              "value": "zombiehorse",
              "operator": "!="
            },
            {
              "test": "is_family",
              "subject": "other",
              "value": "zombie_pigman",
              "operator": "!="
            },
            {
              "test": "is_family",
              "subject": "other",
              "value": "zombie_villager",
              "operator": "!="
            }
          ]
        }
      }
    },
    "events": {
      "minecraft:entity_spawned": {
        "sequence": [
          {
            "filters": {
              "test": "has_component",
              "operator": "!=",
              "value": "minecraft:variant"
            },
            "randomize": [
              {
                "weight": 5,
                "add": {
                  "component_groups": [
                    "baby"
                  ]
                }
              },
              {
                "weight": 95,
                "add": {
                  "component_groups": [
                    "adult"
                  ]
                }
              }
            ]
          }
        ]
      },
      "minecraft:entity_transformed": {
        "sequence": [
          {
            "filters": {
              "test": "has_component",
              "subject": "other",
              "value": "minecraft:is_baby"
            },
            "add": {
              "component_groups": [
                "baby"
              ]
            }
          },
          {
            "filters": {
              "test": "has_component",
              "subject": "other",
              "operator": "!=",
              "value": "minecraft:is_baby"
            },
            "add": {
              "component_groups": [
                "adult"
              ]
            }
          }
        ]
      },
      "minecraft:entity_born": {
        "sequence": [
          {
            "add": {
              "component_groups": [
                "baby"
              ]
            }
          }
        ]
      },
      "minecraft:ageable_grow_up": {
        "sequence": [
          {
            "remove": {
              "component_groups": [
                "baby"
              ]
            },
            "add": {
              "component_groups": [
                "adult"
              ]
            }
          }
        ]
      },
      "on:death": {
        "run_command": {
          "command": []
        }
      },
      "on:hurt": {
        "run_command": {
          "command": []
        }
      },
      "on:hurt_by_player": {
        "run_command": {
          "command": []
        }
      },
      "on:ignite": {
        "run_command": {
          "command": []
        }
      },
      "on:target_acquired": {
        "run_command": {
          "command": []
        }
      },
      "on:target_escape": {
        "run_command": {
          "command": []
        }
      },
      "on:wake_with_owner": {
        "run_command": {
          "command": []
        }
      }
    }
  }
}