{
  "format_version": "1.8.0",
  "minecraft:entity": {
    "description": {
      "identifier": "seb:speaker_spider",
      "is_spawnable": true,
      "is_summonable": true,
      "is_experimental": false
    },
    "component_groups": {
      "minecraft:cow_baby": {
        "minecraft:is_baby": {},
        "minecraft:scale": {
          "value": 0.5
        },
        "minecraft:ageable": {
          "duration": 1200,
          "feedItems": "wheat",
          "grow_up": {
            "event": "minecraft:ageable_grow_up",
            "target": "self"
          }
        },
        "minecraft:behavior.follow_parent": {
          "priority": 6,
          "speed_multiplier": 1.1
        }
      },
      "minecraft:cow_adult": {
        "minecraft:behavior.breed": {
          "priority": 3,
          "speed_multiplier": 1
        },
        "minecraft:breedable": {
          "requireTame": false,
          "breedItems": "wheat",
          "breedsWith": {
            "mateType": "minecraft:cow",
            "babyType": "minecraft:cow",
            "breed_event": {
              "event": "minecraft:entity_born",
              "target": "baby"
            }
          }
        },
        "minecraft:interact": [
          {
            "on_interact": {
              "filters": {
                "all_of": [
                  {
                    "test": "is_family",
                    "subject": "other",
                    "value": "player"
                  },
                  {
                    "test": "has_equipment",
                    "domain": "hand",
                    "subject": "other",
                    "value": "bucket:0"
                  }
                ]
              }
            },
            "use_item": true,
            "transform_to_item": "bucket:1",
            "play_sounds": "milk",
            "interact_text": "action.interact.milk"
          }
        ]
      }
    },
    "components": {
      "minecraft:type_family": {
        "family": [
          "cameraman"
        ]
      },
      "minecraft:breathable": {
        "totalSupply": 15,
        "suffocateTime": 0
      },
      "minecraft:navigation.walk": {
        "can_path_over_water": true,
        "avoid_water": true,
        "avoid_damage_blocks": true
      },
      "minecraft:movement.basic": {},
      "minecraft:jump.static": {},
      "minecraft:can_climb": {},
      "minecraft:collision_box": {
        "height": 1.3,
        "width": 0.9
      },
      "minecraft:nameable": {
        "alwaysShow": false,
        "allowNameTagRenaming": false
      },
      "minecraft:health": {
        "value": 80,
        "max": 80
      },
      "minecraft:movement": {
        "value": 0.25
      },
      "minecraft:behavior.float": {
        "priority": 0
      },
      "minecraft:behavior.mount_pathing": {
        "priority": 2,
        "speed_multiplier": 1.5,
        "target_dist": 0,
        "track_target": true
      },
      "minecraft:behavior.breed": {
        "priority": 3,
        "speed_multiplier": 1
      },
      "minecraft:behavior.tempt": {
        "priority": 4,
        "speed_multiplier": 1.25,
        "items": [
          "wheat"
        ]
      },
      "minecraft:behavior.follow_parent": {
        "priority": 5,
        "speed_multiplier": 1.1
      },
      "minecraft:behavior.random_stroll": {
        "priority": 6,
        "speed_multiplier": 0.8
      },
      "minecraft:behavior.look_at_player": {
        "priority": 7,
        "look_distance": 6,
        "probability": 0.02
      },
      "minecraft:behavior.random_look_around": {
        "priority": 9
      },
      "minecraft:leashable": {
        "soft_distance": 4,
        "hard_distance": 6,
        "max_distance": 10
      },
      "minecraft:balloonable": {},
      "minecraft:physics": {},
      "minecraft:experience_reward": {
        "on_death": "query.last_hit_by_player ? 10 : 0"
      },
      "minecraft:underwater_movement": {
        "value": 0.02
      },
      "minecraft:scale": {
        "value": 2
      },
      "minecraft:attack": {
        "damage": 10
      },
      "minecraft:behavior.melee_attack": {
        "priority": 2,
        "speed_multiplier": 1,
        "target_dist": 0,
        "max_dist": 3,
        "random_stop_interval": 100,
        "track_target": false,
        "reach_multiplier": 1.4
      },
      "minecraft:behavior.nearest_attackable_target": {
        "priority": 3,
        "within_radius": 25,
        "must_reach": false,
        "entity_types": [
          {
            "filters": {
              "any_of": [
                {
                  "test": "is_family",
                  "subject": "other",
                  "value": "yellowland2"
                },
                {
                  "test": "is_family",
                  "subject": "other",
                  "value": "blueland1"
                },
                {
                  "test": "is_family",
                  "subject": "other",
                  "value": "nuclear"
                },
                {
                  "test": "is_family",
                  "subject": "other",
                  "value": "unknown"
                },
                {
                  "test": "is_family",
                  "subject": "other",
                  "value": "Herobrine"
                },
                {
                  "test": "is_family",
                  "subject": "other",
                  "value": "vacuum"
                },
                {
                  "test": "is_family",
                  "subject": "other",
                  "value": "bigvirus"
                },
                {
                  "test": "is_family",
                  "subject": "other",
                  "value": "skibidi"
                }
              ]
            },
            "max_dist": 35.0,
            "must_see": false
          }
        ],
        "must_see": false,
        "speed_multiplier": 1
      },
      "minecraft:behavior.hurt_by_target": {
        "priority": 3
      },
      "minecraft:behavior.owner_hurt_by_target": {
        "priority": 1
      },
      "minecraft:behavior.owner_hurt_target": {
        "priority": 2
      },
      "minecraft:knockback_resistance": {
        "value": 1.0,
        "max": 1.0
      },
      "minecraft:area_attack": {
        "damage_range": 7.5,
        "damage_per_tick": 4,
        "cause": "contact",
        "entity_filter": {
          "all_of": [
            {
              "test": "is_family",
              "subject": "other",
              "value": "BodyGuard",
              "operator": "!="
            },
            {
              "test": "is_family",
              "subject": "other",
              "value": "titan",
              "operator": "!="
            },
            {
              "test": "is_family",
              "subject": "other",
              "value": "cameraman",
              "operator": "!="
            },
            {
              "test": "is_family",
              "subject": "other",
              "value": "brown_dog",
              "operator": "!="
            },
            {
              "test": "is_family",
              "subject": "other",
              "value": "butterfly",
              "operator": "!="
            },
            {
              "test": "is_family",
              "subject": "other",
              "value": "hovercraft",
              "operator": "!="
            },
            {
              "test": "is_family",
              "subject": "other",
              "value": "sniffer",
              "operator": "!="
            },
            {
              "test": "is_family",
              "subject": "other",
              "value": "camel",
              "operator": "!="
            },
            {
              "test": "is_family",
              "subject": "other",
              "value": "player",
              "operator": "!="
            },
            {
              "test": "is_family",
              "subject": "other",
              "value": "bat",
              "operator": "!="
            },
            {
              "test": "is_family",
              "subject": "other",
              "value": "bee",
              "operator": "!="
            },
            {
              "test": "is_family",
              "subject": "other",
              "value": "arthropod",
              "operator": "!="
            },
            {
              "test": "is_family",
              "subject": "other",
              "value": "pacified",
              "operator": "!="
            },
            {
              "test": "is_family",
              "subject": "other",
              "value": "cat",
              "operator": "!="
            },
            {
              "test": "is_family",
              "subject": "other",
              "value": "fox",
              "operator": "!="
            },
            {
              "test": "is_family",
              "subject": "other",
              "value": "panda",
              "operator": "!="
            },
            {
              "test": "is_family",
              "subject": "other",
              "value": "panda_aggressive",
              "operator": "!="
            },
            {
              "test": "is_family",
              "subject": "other",
              "value": "pillager",
              "operator": "!="
            },
            {
              "test": "is_family",
              "subject": "other",
              "value": "monster",
              "operator": "!="
            },
            {
              "test": "is_family",
              "subject": "other",
              "value": "illager",
              "operator": "!="
            },
            {
              "test": "is_family",
              "subject": "other",
              "value": "ravager",
              "operator": "!="
            },
            {
              "test": "is_family",
              "subject": "other",
              "value": "wandering_trader",
              "operator": "!="
            },
            {
              "test": "is_family",
              "subject": "other",
              "value": "wandering_trader_despawning",
              "operator": "!="
            },
            {
              "test": "is_family",
              "subject": "other",
              "value": "blaze",
              "operator": "!="
            },
            {
              "test": "is_family",
              "subject": "other",
              "value": "cachalote",
              "operator": "!="
            },
            {
              "test": "is_family",
              "subject": "other",
              "value": "cavespider",
              "operator": "!="
            },
            {
              "test": "is_family",
              "subject": "other",
              "value": "chicken",
              "operator": "!="
            },
            {
              "test": "is_family",
              "subject": "other",
              "value": "cow",
              "operator": "!="
            },
            {
              "test": "is_family",
              "subject": "other",
              "value": "crab",
              "operator": "!="
            },
            {
              "test": "is_family",
              "subject": "other",
              "value": "creeper",
              "operator": "!="
            },
            {
              "test": "is_family",
              "subject": "other",
              "value": "dolphin",
              "operator": "!="
            },
            {
              "test": "is_family",
              "subject": "other",
              "value": "donkey",
              "operator": "!="
            },
            {
              "test": "is_family",
              "subject": "other",
              "value": "drowned",
              "operator": "!="
            },
            {
              "test": "is_family",
              "subject": "other",
              "value": "zombie",
              "operator": "!="
            },
            {
              "test": "is_family",
              "subject": "other",
              "value": "undead",
              "operator": "!="
            },
            {
              "test": "is_family",
              "subject": "other",
              "value": "guardian_elder",
              "operator": "!="
            },
            {
              "test": "is_family",
              "subject": "other",
              "value": "dragon",
              "operator": "!="
            },
            {
              "test": "is_family",
              "subject": "other",
              "value": "enderman",
              "operator": "!="
            },
            {
              "test": "is_family",
              "subject": "other",
              "value": "endermite",
              "operator": "!="
            },
            {
              "test": "is_family",
              "subject": "other",
              "value": "evocation_illager",
              "operator": "!="
            },
            {
              "test": "is_family",
              "subject": "other",
              "value": "cod",
              "operator": "!="
            },
            {
              "test": "is_family",
              "subject": "other",
              "value": "fish",
              "operator": "!="
            },
            {
              "test": "is_family",
              "subject": "other",
              "value": "fishleon",
              "operator": "!="
            },
            {
              "test": "is_family",
              "subject": "other",
              "value": "ghast",
              "operator": "!="
            },
            {
              "test": "is_family",
              "subject": "other",
              "value": "guardian",
              "operator": "!="
            },
            {
              "test": "is_family",
              "subject": "other",
              "value": "hammerhead_shark",
              "operator": "!="
            },
            {
              "test": "is_family",
              "subject": "other",
              "value": "horse",
              "operator": "!="
            },
            {
              "test": "is_family",
              "subject": "other",
              "value": "husk",
              "operator": "!="
            },
            {
              "test": "is_family",
              "subject": "other",
              "value": "irongolem",
              "operator": "!="
            },
            {
              "test": "is_family",
              "subject": "other",
              "value": "car",
              "operator": "!="
            },
            {
              "test": "is_family",
              "subject": "other",
              "value": "llama",
              "operator": "!="
            },
            {
              "test": "is_family",
              "subject": "other",
              "value": "magmacube",
              "operator": "!="
            },
            {
              "test": "is_family",
              "subject": "other",
              "value": "mushroomcow",
              "operator": "!="
            },
            {
              "test": "is_family",
              "subject": "other",
              "value": "mule",
              "operator": "!="
            },
            {
              "test": "is_family",
              "subject": "other",
              "value": "ocelot",
              "operator": "!="
            },
            {
              "test": "is_family",
              "subject": "other",
              "value": "octopus",
              "operator": "!="
            },
            {
              "test": "is_family",
              "subject": "other",
              "value": "parrot_wild",
              "operator": "!="
            },
            {
              "test": "is_family",
              "subject": "other",
              "value": "parrot_tame",
              "operator": "!="
            },
            {
              "test": "is_family",
              "subject": "other",
              "value": "phantom",
              "operator": "!="
            },
            {
              "test": "is_family",
              "subject": "other",
              "value": "pig",
              "operator": "!="
            },
            {
              "test": "is_family",
              "subject": "other",
              "value": "piranha",
              "operator": "!="
            },
            {
              "test": "is_family",
              "subject": "other",
              "value": "polarbear",
              "operator": "!="
            },
            {
              "test": "is_family",
              "subject": "other",
              "value": "pufferfish",
              "operator": "!="
            },
            {
              "test": "is_family",
              "subject": "other",
              "value": "rabbit",
              "operator": "!="
            },
            {
              "test": "is_family",
              "subject": "other",
              "value": "salmon",
              "operator": "!="
            },
            {
              "test": "is_family",
              "subject": "other",
              "value": "shark",
              "operator": "!="
            },
            {
              "test": "is_family",
              "subject": "other",
              "value": "sheep",
              "operator": "!="
            },
            {
              "test": "is_family",
              "subject": "other",
              "value": "shrimp",
              "operator": "!="
            },
            {
              "test": "is_family",
              "subject": "other",
              "value": "shulker",
              "operator": "!="
            },
            {
              "test": "is_family",
              "subject": "other",
              "value": "silverfish",
              "operator": "!="
            },
            {
              "test": "is_family",
              "subject": "other",
              "value": "skeleton",
              "operator": "!="
            },
            {
              "test": "is_family",
              "subject": "other",
              "value": "skeletonhorse",
              "operator": "!="
            },
            {
              "test": "is_family",
              "subject": "other",
              "value": "slime",
              "operator": "!="
            },
            {
              "test": "is_family",
              "subject": "other",
              "value": "snowgolem",
              "operator": "!="
            },
            {
              "test": "is_family",
              "subject": "other",
              "value": "spider",
              "operator": "!="
            },
            {
              "test": "is_family",
              "subject": "other",
              "value": "squid",
              "operator": "!="
            },
            {
              "test": "is_family",
              "subject": "other",
              "value": "stingray",
              "operator": "!="
            },
            {
              "test": "is_family",
              "subject": "other",
              "value": "stray",
              "operator": "!="
            },
            {
              "test": "is_family",
              "subject": "other",
              "value": "turtle",
              "operator": "!="
            },
            {
              "test": "is_family",
              "subject": "other",
              "value": "baby_turtle",
              "operator": "!="
            },
            {
              "test": "is_family",
              "subject": "other",
              "value": "vex",
              "operator": "!="
            },
            {
              "test": "is_family",
              "subject": "other",
              "value": "villager",
              "operator": "!="
            },
            {
              "test": "is_family",
              "subject": "other",
              "value": "peasant",
              "operator": "!="
            },
            {
              "test": "is_family",
              "subject": "other",
              "value": "farmer",
              "operator": "!="
            },
            {
              "test": "is_family",
              "subject": "other",
              "value": "fisherman",
              "operator": "!="
            },
            {
              "test": "is_family",
              "subject": "other",
              "value": "shepherd",
              "operator": "!="
            },
            {
              "test": "is_family",
              "subject": "other",
              "value": "fletcher",
              "operator": "!="
            },
            {
              "test": "is_family",
              "subject": "other",
              "value": "librarian",
              "operator": "!="
            },
            {
              "test": "is_family",
              "subject": "other",
              "value": "cartographer",
              "operator": "!="
            },
            {
              "test": "is_family",
              "subject": "other",
              "value": "priest",
              "operator": "!="
            },
            {
              "test": "is_family",
              "subject": "other",
              "value": "cleric",
              "operator": "!="
            },
            {
              "test": "is_family",
              "subject": "other",
              "value": "blacksmith",
              "operator": "!="
            },
            {
              "test": "is_family",
              "subject": "other",
              "value": "armorer",
              "operator": "!="
            },
            {
              "test": "is_family",
              "subject": "other",
              "value": "weaponsmith",
              "operator": "!="
            },
            {
              "test": "is_family",
              "subject": "other",
              "value": "toolsmith",
              "operator": "!="
            },
            {
              "test": "is_family",
              "subject": "other",
              "value": "artisan",
              "operator": "!="
            },
            {
              "test": "is_family",
              "subject": "other",
              "value": "butcher",
              "operator": "!="
            },
            {
              "test": "is_family",
              "subject": "other",
              "value": "leatherworker",
              "operator": "!="
            },
            {
              "test": "is_family",
              "subject": "other",
              "value": "vindicator",
              "operator": "!="
            },
            {
              "test": "is_family",
              "subject": "other",
              "value": "whale",
              "operator": "!="
            },
            {
              "test": "is_family",
              "subject": "other",
              "value": "witch",
              "operator": "!="
            },
            {
              "test": "is_family",
              "subject": "other",
              "value": "wither",
              "operator": "!="
            },
            {
              "test": "is_family",
              "subject": "other",
              "value": "wolf",
              "operator": "!="
            },
            {
              "test": "is_family",
              "subject": "other",
              "value": "zombiehorse",
              "operator": "!="
            },
            {
              "test": "is_family",
              "subject": "other",
              "value": "zombie_pigman",
              "operator": "!="
            },
            {
              "test": "is_family",
              "subject": "other",
              "value": "zombie_villager",
              "operator": "!="
            }
          ]
        }
      },
      "minecraft:loot": {
        "table": "loot_tables/entities/seb_speaker_spider.json"
      }
    },
    "events": {
      "minecraft:entity_spawned": {
        "randomize": [
          {
            "weight": 95,
            "add": {
              "component_groups": [
                "minecraft:cow_adult"
              ]
            }
          },
          {
            "weight": 5,
            "add": {
              "component_groups": [
                "minecraft:cow_baby"
              ]
            }
          }
        ]
      },
      "minecraft:entity_born": {
        "add": {
          "component_groups": [
            "minecraft:cow_baby"
          ]
        }
      },
      "minecraft:entity_transformed": {
        "remove": {},
        "add": {
          "component_groups": [
            "minecraft:cow_adult"
          ]
        }
      },
      "minecraft:ageable_grow_up": {
        "remove": {
          "component_groups": [
            "minecraft:cow_baby"
          ]
        },
        "add": {
          "component_groups": [
            "minecraft:cow_adult"
          ]
        }
      },
      "on:death": {
        "run_command": {
          "command": []
        }
      },
      "on:hurt": {
        "run_command": {
          "command": []
        }
      },
      "on:hurt_by_player": {
        "run_command": {
          "command": []
        }
      },
      "on:ignite": {
        "run_command": {
          "command": []
        }
      },
      "on:target_acquired": {
        "run_command": {
          "command": []
        }
      },
      "on:target_escape": {
        "run_command": {
          "command": []
        }
      },
      "on:wake_with_owner": {
        "run_command": {
          "command": []
        }
      }
    }
  }
}