{
  "format_version": "1.8.0",
  "minecraft:spawn_rules": {
    "description": {
      "identifier": "fv:iceologer",
      "population_control": "monster"
    },
    "conditions": [
      {
        "minecraft:spawns_on_surface": {},
        "minecraft:brightness_filter": {
          "min": 0,
          "max": 7,
          "adjust_for_weather": false
        },
        "minecraft:world_age_filter": {
          "min": 200,
          "max": 300
        },
        "minecraft:delay_filter": {
          "identifier": "fv:iceologer",
          "min": 5,
          "max": 10,
          "spawn_chance": 20
        },
        "minecraft:weight": {
          "default": 122
        },
        "minecraft:herd": {
          "min_size": 1,
          "max_size": 1
        },
        "minecraft:density_limit": {
          "surface": 1
        },
        "minecraft:biome_filter": [
          {
            "test": "has_biome_tag",
            "operator": "==",
            "value": "frozen"
          },
          {
            "test": "has_biome_tag",
            "operator": "!=",
            "value": "ocean"
          }
        ]
      }
    ]
  }
}