{
	"format_version": "1.10.0",
	"animation_controllers": {
		"controller.animation.spinosaurus": {
			"initial_state": "idle",
			"states": {
				"idle": {
					"animations": ["idle"],
					"transitions": [
						{"start_sleep": "q.mark_variant==1"},
						{"look": "q.is_laying_down"},
						{"attack": "q.is_delayed_attacking"},
						{"roar": "q.is_casting"},
						{"walk": "query.modified_move_speed>0.01"},
						{"run": "query.ground_speed>=2.5"}
					],
					"blend_transition": 0.2
				},
				"walk": {
					"animations": ["walk"],
					"transitions": [
						{"attack": "q.is_delayed_attacking"},
						{"look": "q.is_laying_down"},
						{"roar": "q.is_casting"},
						{"swim_delay": "query.is_in_water"},
						{"idle": "query.modified_move_speed<=0.01"},
						{"run": "query.ground_speed>=2.9"}
					],
					"blend_transition": 0.2
				},
				"swim_delay": {
					"transitions": [
						{"swim": "q.is_in_water"}
					],
					"blend_transition": 0.2
				},
				"attack": {
					"transitions": [
						{"idle": "q.all_animations_finished"},
						{"walk": "q.all_animations_finished"}
					],
					"animations": [
						"attack"
					],
					"blend_transition": 0.2
				},
				"swim": {
					"animations": ["swim"],
					"transitions": [
						{"idle": "q.any_animation_finished&&!q.is_in_water"}
					],
					"blend_transition": 0.2
				},
				"look": {
					"animations": ["look"],
					"transitions": [
						{"idle": "!q.is_laying_down"},
						{"walk": "!q.is_laying_down"}
					],
					"blend_transition": 0.2
				},
				"start_sleep": {
					"animations": ["start_sleep"],
					"transitions": [
						{"sleeping": "q.any_animation_finished"}
					],
					"blend_transition": 0.2
				},
				"sleeping": {
					"animations": ["sleeping"],
					"transitions": [
						{"wake_up": "q.mark_variant!=1"}
					],
					"blend_transition": 0.2
				},
				"wake_up": {
					"animations": ["wake_up"],
					"transitions": [
						{"idle": "q.all_animations_finished"}
					],
					"blend_transition": 0.2
				},
				"roar": {
					"animations": ["roar"],
					"transitions": [
						{"walk": "!q.is_casting"}
					],
					"blend_transition": 0.2
				},
				"run": {
					"animations": ["run"],
					"transitions": [
						{"walk": "query.ground_speed<=2.9"}
					],
					"blend_transition": 0.2
				}
			}
		}
	}
}