{
	"format_version": "1.10.0",
	"animation_controllers": {
		"controller.animation.tylosaurus": {
			"initial_state": "onland",
			"states": {
				"onland": {
					"animations": ["onland"],
					"transitions": [
						{"look": "q.is_laying_down"},
						{"attack": "query.is_delayed_attacking"},
						{"idling_water": "query.is_in_water&&query.modified_move_speed<0.15"},
						{"swimming": "query.is_in_water&&query.modified_move_speed>0.15"},
						{"jumping": "query.is_jump_goal_jumping"}
					],
					"blend_transition": 0.3
				},
				"jumping": {
					"animations": ["jump"],
					"transitions": [
						{"onland": "!query.is_in_water&&!query.is_jump_goal_jumping"},
						{"idling_water": "query.is_in_water&&query.modified_move_speed<0.15"},
						{"swimming": "query.is_in_water&&query.modified_move_speed>0.15"}
					],
					"blend_transition": 0.3
				},
				"look": {
					"animations": ["look"],
					"transitions": [
						{"onland": "!q.is_laying_down"},
						{"swimming": "!q.is_laying_down"}
					],
					"blend_transition": 0.2
				},
				"idling_water": {
					"animations": ["idle"],
					"transitions": [
						{"look": "q.is_laying_down"},
						{"attack": "query.is_delayed_attacking"},
						{"onland": "!query.is_in_water"},
						{"swimming": "query.is_in_water&&query.modified_move_speed>0.15"}
					],
					"blend_transition": 0.3
				},
				"attack": {
					"animations": ["attack"],
					"transitions": [
						{"onland": "q.all_animations_finished&&!q.is_delayed_attacking"},
						{"idling_water": "q.all_animations_finished&&!q.is_delayed_attacking"},
						{"swimming": "q.all_animations_finished&&!q.is_delayed_attacking"}
					],
					"blend_transition": 0.2
				},
				"swimming": {
					"animations": ["swim"],
					"transitions": [
						{"look": "q.is_laying_down"},
						{"attack": "query.is_delayed_attacking"},
						{"onland": "!query.is_in_water"},
						{"idling_water": "query.is_in_water&&query.modified_move_speed<0.15"}
					],
					"blend_transition": 0.3
				}
			}
		}
	}
}