{
	"format_version": "1.10.0",
	"animation_controllers": {
		"controller.animation.dilophosaurus": {
			"initial_state": "idle",
			"states": {
				"idle": {
					"animations": ["idle","random"],
					"transitions": [
						{ "shoot_spit": "q.is_charged" },

						{"curious": "q.mark_variant==1"},
						{"spit": "q.mark_variant==2"},
						{"roar": "q.mark_variant==3"},
						{"look": "q.is_laying_down"},
						{"attack": "q.is_delayed_attacking"},
						{"walk": "query.modified_move_speed>0.01"},
						{"run": "query.ground_speed>=2"}
					],
					"blend_transition": 0.2
				},
				"walk": {
					"animations": ["walk"],
					"transitions": [
						{ "shoot_spit": "q.is_charged" },

						{"roar": "q.mark_variant==3"},
						{"spit": "q.mark_variant==2"},
						{"curious": "q.mark_variant==1"},
						{"look": "q.is_laying_down"},
						{"attack": "q.is_delayed_attacking"},
						{"idle": "query.modified_move_speed<=0.01"},
						{"run": "query.ground_speed>=2"}
					],
					"blend_transition": 0.2
				},
				"shoot_spit": {
					"animations": [ "scare"],
					"transitions": [
					  { "idle": "!q.is_charged" },
					  { "walk": "!q.is_charged" }
					],
					"blend_transition": 0.25
				  },
				"look": {
					"animations": ["look"],
					"transitions": [
						{"idle": "!q.is_laying_down"},
						{"walk": "!q.is_laying_down"}
					],
					"blend_transition": 0.2
				},
				"spit": {
					"transitions": [
						{"idle": "q.all_animations_finished"},
						{"walk": "q.all_animations_finished"}
					],
					"animations": ["spit"],
					"blend_transition": 0.2
				},
				"curious": {
					"transitions": [
						{"idle": "q.all_animations_finished"},
						{"walk": "q.all_animations_finished"}
					],
					"animations": ["curious"],
					"blend_transition": 0.2
				},
				"roar": {
					"transitions": [
						{"idle": "q.all_animations_finished"},
						{"walk": "q.all_animations_finished"}
					],
					"animations": ["roar"],
					"blend_transition": 0.2
				},
				"attack": {
					"transitions": [
						{"idle": "!q.is_delayed_attacking"},
						{"walk": "!q.is_delayed_attacking"}
					],
					"animations": ["attack"],
					"blend_transition": 0.2
				},
				"run": {
					"animations": ["run"],
					"transitions": [
						{"walk": "query.ground_speed<=2"}
					],
					"blend_transition": 0.25
				}
			}
		},
		"controller.animation.velociraptor": {
			"initial_state": "idle",
			"states": {
				"idle": {
					"animations": ["idle"],
					"transitions": [
						{"start_sleep": "q.mark_variant==1"},
						{"crawl": "q.variant==10"},
						{"dig": "q.mark_variant==2"},

						{"attack": "q.is_delayed_attacking"},
						{"look": "q.is_laying_down"},
						{"walk": "query.modified_move_speed>0.01"},
						{"run": "query.ground_speed>=2.5"}
					],
					"blend_transition": 0.2
				},
				"walk": {
					"animations": ["walk"],
					"transitions": [
						{"dig": "q.mark_variant==2"},
						{"crawl": "q.variant==10"},
						{"attack": "q.is_delayed_attacking"},
						{"look": "q.is_laying_down"},
						{"ready_jump": "query.is_stalking&&query.is_on_ground"},
						{"idle": "query.modified_move_speed<=0.01"},
						{"run": "query.ground_speed>=2.9"}
					],
					"blend_transition": 0.2
				},
				"dig": {
					"animations": ["dig"],
					"transitions": [
						{"idle": "q.mark_variant!=2"},
						{"idle": "q.mark_variant!=2"}
					],
					"blend_transition": 0.2
				},
				"crawl": {
					"animations": ["crawl"],
					"transitions": [
						{"idle": "q.variant!=10"},
						{"idle": "q.variant!=10"}
					],
					"blend_transition": 0.2
				},
				"start_sleep": {
					"animations": ["start_sleep"],
					"transitions": [
						{"sleeping": "q.any_animation_finished"}
					],
					"blend_transition": 0.2
				},
				"sleeping": {
					"animations": ["sleeping"],
					"transitions": [
						{"wake_up": "q.mark_variant!=1"}
					]
				},
				"attack": {
					"transitions": [
						{"idle": "!q.is_delayed_attacking"}
					],
					"animations": ["attack"],
					"blend_transition": 0.2
				},
				"look": {
					"animations": ["look"],
					"transitions": [
						{"idle": "!q.is_laying_down"},
						{"walk": "!q.is_laying_down"}
					],
					"blend_transition": 0.2
				},
				"wake_up": {
					"animations": ["wake_up"],
					"transitions": [
						{"idle": "q.all_animations_finished"}
					],
					"blend_transition": 0.2
				},
				"ready_jump": {
					"animations": ["run"],
					"transitions": [
						{"jump": "!query.is_on_ground"}
					],
					"blend_transition": 0.25
				},
				"jump": {
					"animations": ["start_jump"],
					"transitions": [
						{"land_jump": "query.is_on_ground"}
					],
					"blend_transition": 0.25
				},
				"land_jump": {
					"animations": ["land_jump"],
					"transitions": [
						{"crawl": "q.variant==10"},
						{"walk": "!query.is_stalking&&(query.is_on_ground||query.is_in_water)"}
					],
					"blend_transition": 0.25
				},
				"run": {
					"animations": ["run"],
					"transitions": [
						{"crawl": "q.variant==10"},
						{"walk": "query.ground_speed<=2.9"}
					],
					"blend_transition": 0.25
				}
			}
		},
		"controller.animation.velociraptor_attack": {
			"initial_state": "default",
			"states": {
				"default": {
					"transitions": [
						{"attack1": "variable.attack_time>0&&variable.random==0"},
						{"attack2": "variable.attack_time>0&&variable.random==1"}
					],
					"blend_transition": 0.2
				},
				"attack1": {
					"animations": ["attack1"],
					"transitions": [
						{"default": "query.all_animations_finished"}
					],
					"blend_transition": 0.2
				},
				"attack2": {
					"animations": ["attack2"],
					"transitions": [
						{"default": "query.all_animations_finished"}
					],
					"blend_transition": 0.2
				}
			}
		}
	}
}