{
	"format_version": "1.10.0",
	"animations": {
		"animation.arrow.villager": {
			"timeline": {
				"0.0": [
					"/particle minecraft:basic_crit_particle ~ ~ ~"
				],
				"0.02": [
					"/particle minecraft:basic_crit_particle ~ ~ ~"
				],
				"0.04": [
					"/particle minecraft:basic_crit_particle ~ ~ ~"
				],
				"0.08": [
					"/particle minecraft:basic_crit_particle ~ ~ ~"
				],
				"0.1": [
					"/particle minecraft:basic_crit_particle ~ ~ ~"
				]
			},
			"animation_length": 0.1,
			"loop": true
		}
	}
}