{
	"format_version": "1.10.0",
	"animations": {
		"animation.cannon.smoke": {
			"timeline": {
				"0.0": [
					"/particle minecraft:water_evaporation_bucket_emitter ~ ~ ~"
				],
				"0.02": [
					"/particle minecraft:water_evaporation_bucket_emitter ~ ~ ~"
				],
				"0.04": [
					"/particle minecraft:water_evaporation_bucket_emitter ~ ~ ~"
				],
				"0.08": [
					"/particle minecraft:water_evaporation_bucket_emitter ~ ~ ~"
				],
				"0.1": [
					"/particle minecraft:water_evaporation_bucket_emitter ~ ~ ~"
				]
			},
			"animation_length": 0.1,
			"loop": true
		}
	}
}