{
	"format_version": "1.10.0",
	"animations": {
		"animation.bullet": {
			"timeline": {
				"0.0": [
					"/particle minecraft:basic_smoke_particle ~ ~ ~",
					"/particle minecraft:basic_smoke_particle ^ ^ ^",
					"/particle minecraft:basic_smoke_particle ^ ^ ^",
					"/particle minecraft:basic_smoke_particle ^ ^ ^"
				],
				"0.001": [
					"/particle minecraft:basic_smoke_particle ~ ~ ~",
					"/particle minecraft:basic_smoke_particle ^ ^ ^",
					"/particle minecraft:basic_smoke_particle ^ ^ ^",
					"/particle minecraft:basic_smoke_particle ^ ^ ^"
				]
			},
			"animation_length": 0.001,
			"loop": true
		}
	}
}