{
	"format_version": "1.10.0",
	"animations": {
		"animation.dp27shoot": {
			"animation_length": 0.07,
			"timeline": {
				"0.0": [
					"@s dp27shoot",
					"/playsound dp27.shoot @a ~ ~ ~ 50",
					"/function dp27",
					"/camerashake add @s[r=0.5] 0.2 0.1 rotational"
				]
			}
		},
		"animation.dp27shoot_aim": {
			"animation_length": 0.07,
			"timeline": {
				"0.0": [
					"@s dp27shoot_aim",
					"/playsound dp27.shoot @a ~ ~ ~ 50",
					"/function dp27",
					"/camerashake add @s[r=0.5] 0.1 0.1 rotational"
				]
			}
		}
	}
}