{
	"format_version": "1.10.0",
	"animations": {
		"animation.arrow.fire": {
			"timeline": {
				"0.01": [
					"/particle minecraft:basic_flame_particle ~ ~ ~"
				],
				"0.03": [
					"/particle minecraft:basic_flame_particle ~ ~ ~"
				],
				"0.05": [
					"/particle minecraft:basic_flame_particle ~ ~ ~"
				],
				"0.07": [
					"/particle minecraft:basic_flame_particle ~ ~ ~"
				],
				"0.09": [
					"/particle minecraft:basic_flame_particle ~ ~ ~"
				]
			},
			"animation_length": 0.1,
			"loop": true
		}
	}
}