{
	"format_version": "1.10.0",
	"animations": {
		"animation.dp27.reload": {
			"timeline": {
				"0.0": [
					"/clear @s df:dp27_ammo 0 1"
				],
				"1.76": [
					"/scoreboard players set @s dp27 47",
					"/clear @s df:dp27_empty 0 1",
					"/give @s df:dp27"
				]
			},
			"animation_length": 1.76,
			"loop": "hold_on_last_frame"
		},
		"animation.stg44.reload": {
			"timeline": {
				"0.0": [
					"/clear @s df:stg44_ammo 0 1"
				],
				"1.33": [
					"/scoreboard players set @s stg44 30",
					"/clear @s df:stg44_empty 0 1",
					"/give @s df:stg44"
				]
			},
			"animation_length": 1.33,
			"loop": "hold_on_last_frame"
		},
		"animation.ppsh41.reload": {
			"timeline": {
				"0.0": [
					"/clear @s df:ppsh_ammo 0 1"
				],
				"0.69": [
					"/scoreboard players set @s ppsh 45",
					"/clear @s df:villager_smg_empty 0 1",
					"/give @s df:villager_smg"
				]
			},
			"animation_length": 0.69,
			"loop": "hold_on_last_frame"
		},
		"animation.mp40.reload": {
			"timeline": {
				"0.0": [
					"/clear @s df:mp40_ammo 0 1"
				],
				"0.88": [
					"/scoreboard players set @s mp40 30",
					"/clear @s df:illager_smg_empty 0 1",
					"/give @s df:illager_smg"
				]
			},
			"animation_length": 0.88,
			"loop": "hold_on_last_frame"
		},
		"animation.mini14.reload": {
			"timeline": {
				"0.0": [
					"/clear @s df:rifle_ammo 0 1"
				],
				"0.84": [
					"/scoreboard players set @s mini14 20",
					"/clear @s df:piglin_rifle_empty 0 1",
					"/give @s df:piglin_rifle"
				]
			},
			"animation_length": 0.84,
			"loop": "hold_on_last_frame"
		},
		"animation.tommy.reload": {
			"timeline": {
				"0.0": [
					"/clear @s df:tommy_ammo 0 1"
				],
				"1.29": [
					"/scoreboard players set @s tommygun 50",
					"/clear @s df:piglin_tommy_gun_empty 0 1",
					"/give @s df:piglin_tommy_gun"
				]
			},
			"animation_length": 1.29,
			"loop": "hold_on_last_frame"
		},
		"animation.mosin.reload": {
			"timeline": {
				"0.0": [
					"/clear @s df:mosin_rifle_ammo 0 1"
				],
				"3.0": [
					"/scoreboard players set @s mosin 5",
					"/clear @s df:villager_rifle_empty 0 1",
					"/give @s df:villager_rifle"
				]
			},
			"animation_length": 3,
			"loop": "hold_on_last_frame"
		},
		"animation.mauser.reload": {
			"timeline": {
				"0.0": [
					"/clear @s df:mosin_rifle_ammo 0 1"
				],
				"3.0": [
					"/scoreboard players set @s mauser 5",
					"/clear @s df:illager_rifle_empty 0 1",
					"/give @s df:illager_rifle"
				]
			},
			"animation_length": 3,
			"loop": "hold_on_last_frame"
		}
	}
}