{
	"format_version": "1.10.0",
	"animations": {
		"animation.mausershoot": {
			"animation_length": 1.25,
			"timeline": {
				"0.0": [
					"@s mausershoot",
					"/playsound gewehr.shoot @a ~ ~ ~",
					"/function mauser",
					"/camerashake add @s[r=0.5] 0.20 0.1 rotational"
				]
			}
		},
		"animation.mausershoot_aim": {
			"animation_length": 1.25,
			"timeline": {
				"0.0": [
					"@s mausershoot_aim",
					"/playsound gewehr.shoot @a ~ ~ ~",
					"/function mauser",
					"/camerashake add @s[r=0.5] 0.20 0.1 rotational"
				]
			}
		}
	}
}