{
	"format_version": "1.10.0",
	"animations": {
		"animation.mini14shoot": {
			"animation_length": 0.1,
			"timeline": {
				"0.0": [
					"@s mini14shoot",
					"/playsound rifle.shoot @a ~ ~ ~ 50",
					"/function mini14",
					"/camerashake add @s[r=0.5] 0.2 0.1 rotational"
				]
			}
		},
		"animation.mini14shoot_aim": {
			"animation_length": 0.11,
			"timeline": {
				"0.0": [
					"@s mini14shoot_aim",
					"/playsound rifle.shoot @a ~ ~ ~ 50",
					"/function mini14",
					"/camerashake add @s[r=0.5] 0.1 0.1 rotational"
				]
			}
		}
	}
}