{
	"format_version": "1.10.0",
	"animations": {
		"animation.mosinshoot": {
			"animation_length": 1.25,
			"timeline": {
				"0.0": [
					"@s mosinshoot",
					"/playsound rifle.shoot.reshot @a ~ ~ ~",
					"/function mosin",
					"/camerashake add @s[r=0.5] 0.20 0.1 rotational"
				]
			}
		},
		"animation.mosinshoot_aim": {
			"animation_length": 1.25,
			"timeline": {
				"0.0": [
					"@s mosinshoot_aim",
					"/playsound rifle.shoot.reshot @a ~ ~ ~",
					"/function mosin",
					"/camerashake add @s[r=0.5] 0.20 0.1 rotational"
				]
			}
		}
	}
}