{
	"format_version": "1.10.0",
	"animations": {
		"animation.redrock": {
			"timeline": {
				"0.0": [
					"/particle minecraft:electric_spark_particle ~ ~ ~"
				],
				"0.1": [
					"/particle minecraft:electric_spark_particle ~ ~ ~"
				],
				"0.2": [
					"/particle minecraft:electric_spark_particle ~ ~ ~"
				],
				"0.3": [
					"/particle minecraft:electric_spark_particle ~ ~ ~"
				],
				"0.4": [
					"/particle minecraft:electric_spark_particle ~ ~ ~"
				],
				"0.5": [
					"/particle minecraft:electric_spark_particle ~ ~ ~"
				]
			},
			"animation_length": 0.5,
			"loop": true
		}
	}
}