{
	"format_version": "1.10.0",
	"animations": {
		"animation.stg44shoot": {
			"animation_length": 0.1,
			"timeline": {
				"0.0": [
					"@s mini14shoot",
					"/playsound stg44.shoot @a ~ ~ ~ 50",
					"/function stg44",
					"/camerashake add @s[r=0.5] 0.15 0.1 rotational"
				]
			}
		},
		"animation.stg44shoot_aim": {
			"animation_length": 0.11,
			"timeline": {
				"0.0": [
					"@s mini14shoot_aim",
					"/playsound stg44.shoot @a ~ ~ ~ 50",
					"/function stg44",
					"/camerashake add @s[r=0.5] 0.08 0.1 rotational"
				]
			}
		}
	}
}