{
	"format_version": "1.10.0",
	"animations": {
		"animation.teleknife": {
			"timeline": {
				"0.0": [
					"/particle minecraft:end_chest ~ ~1 ~"
				],
				"0.1": [
					"/particle minecraft:end_chest ~ ~1 ~"
				],
				"0.2": [
					"/particle minecraft:end_chest ~ ~1 ~"
				],
				"0.3": [
					"/particle minecraft:end_chest ~ ~1 ~"
				],
				"0.4": [
					"/particle minecraft:end_chest ~ ~1 ~"
				],
				"0.5": [
					"/particle minecraft:end_chest ~ ~1 ~"
				],
				"0.6": [
					"/particle minecraft:end_chest ~ ~1 ~"
				],
				"0.7": [
					"/particle minecraft:end_chest ~ ~1 ~"
				],
				"0.8": [
					"/particle minecraft:end_chest ~ ~1 ~"
				],
				"0.9": [
					"/particle minecraft:end_chest ~ ~1 ~"
				],
				"1.0": [
					"/particle minecraft:end_chest ~ ~1 ~"
				]
			},
			"animation_length": 1,
			"loop": true
		}
	}
}