{
	"format_version": "1.10.0",
	"animations": {
		"animation.tommygunshoot": {
			"animation_length": 0.07,
			"timeline": {
				"0.0": [
					"@s tommyshoot",
					"/playsound tommy.shoot @a ~ ~ ~ 50",
					"/function tommygun",
					"/camerashake add @s[r=0.5] 0.15 0.1 rotational"
				]
			}
		},
		"animation.tommygunshoot_aim": {
			"animation_length": 0.07,
			"timeline": {
				"0.0": [
					"@s tommyshoot_aim",
					"/playsound tommy.shoot @a ~ ~ ~ 50",
					"/function tommygun",
					"/camerashake add @s[r=0.5] 0.08 0.1 rotational"
				]
			}
		}
	}
}