{
"mob.gm_gmanskibiditoilet30.ambient": {
    "category": " neutral",
    "sounds": [
      "sounds/mob/gm_gmanskibiditoilet30/ambient"
    ]
  },
"mob.gm_gmanskibiditoilet30.attack": {
    "category": " neutral",
    "sounds": [
      "sounds/mob/gm_gmanskibiditoilet30/attack"
    ]
  },
"mob.gm_triplegiantskibiditoilet.ambient": {
    "category": " neutral",
    "sounds": [
      "sounds/mob/gm_triplegiantskibiditoilet/ambient"
    ]
  },
"mob.gm_triplegiantskibiditoilet.attack": {
    "category": " neutral",
    "sounds": [
      "sounds/mob/gm_triplegiantskibiditoilet/attack"
    ]
  },
"mob.gm_hydrastriderskibiditoilet.ambient": {
    "category": " neutral",
    "sounds": [
      "sounds/mob/gm_hydrastriderskibiditoilet/ambient"
    ]
  },
"mob.gm_hydrastriderskibiditoilet.attack": {
    "category": " neutral",
    "sounds": [
      "sounds/mob/gm_hydrastriderskibiditoilet/attack"
    ]
  },
"mob.gm_grandfatherskibiditoilet.ambient": {
    "category": " neutral",
    "sounds": [
      "sounds/mob/gm_grandfatherskibiditoilet/ambient"
    ]
  },
"mob.gm_grandfatherskibiditoilet.attack": {
    "category": " neutral",
    "sounds": [
      "sounds/mob/gm_grandfatherskibiditoilet/attack"
    ]
  },
"mob.gm_triplesmallskibiditoilet.ambient": {
    "category": " neutral",
    "sounds": [
      "sounds/mob/gm_triplesmallskibiditoilet/ambient"
    ]
  },
"mob.gm_triplesmallskibiditoilet.attack": {
    "category": " neutral",
    "sounds": [
      "sounds/mob/gm_triplesmallskibiditoilet/attack"
    ]
  },
"mob.gm_djskibiditoilet.ambient": {
    "category": " neutral",
    "sounds": [
      "sounds/mob/gm_djskibiditoilet/ambient"
    ]
  },
"mob.gm_djskibiditoilet.attack": {
    "category": " neutral",
    "sounds": [
      "sounds/mob/gm_djskibiditoilet/attack"
    ]
  },
"mob.gm_tvman.ambient": {
    "category": " neutral",
    "sounds": [
      "sounds/mob/gm_tvman/ambient"
    ]
  },
"mob.gm_tvman.attack": {
    "category": " neutral",
    "sounds": [
      "sounds/mob/gm_tvman/attack"
    ]
  },
"mob.gm_tvmanlarge.ambient": {
    "category": " neutral",
    "sounds": [
      "sounds/mob/gm_tvmanlarge/ambient"
    ]
  },
"mob.gm_tvmanlarge.attack": {
    "category": " neutral",
    "sounds": [
      "sounds/mob/gm_tvmanlarge/attack"
    ]
  },
"mob.gm_mutantskibidiman.ambient": {
    "category": " neutral",
    "sounds": [
      "sounds/mob/gm_mutantskibidiman/ambient"
    ]
  },
"mob.gm_mutantskibidiman.attack": {
    "category": " neutral",
    "sounds": [
      "sounds/mob/gm_mutantskibidiman/attack"
    ]
  },
"mob.gm_glitchskibiditoilet.ambient": {
    "category": " neutral",
    "sounds": [
      "sounds/mob/gm_glitchskibiditoilet/ambient"
    ]
  },
"mob.gm_glitchskibiditoilet.attack": {
    "category": " neutral",
    "sounds": [
      "sounds/mob/gm_glitchskibiditoilet/attack"
    ]
  },
"mob.gm_vacuumskibiditoilet.ambient": {
    "category": " neutral",
    "sounds": [
      "sounds/mob/gm_vacuumskibiditoilet/ambient"
    ]
  },
"mob.gm_vacuumskibiditoilet.attack": {
    "category": " neutral",
    "sounds": [
      "sounds/mob/gm_vacuumskibiditoilet/attack"
    ]
  }
}