{
  "pools": [
    {
      "rolls": 1,
      "entries": [
        {
          "type": "item",
          "name": "minecraft:stick",
          "weight": 1,
          "functions": [
            {
              "function": "set_count",
              "count": {
                "min": 1,
                "max": 2
              }
            }
          ]
        }
      ],
      "conditions": [
		{
		  "condition": "random_chance",
		  "chance": 0.2
	    }
	  ]
    },
    {
      "rolls": 1,
      "entries": [
        {
          "type": "item",
          "name": "pc:bjuvia_sapling_placer",
          "weight": 1,
          "functions": [
            {
              "function": "set_count",
              "count": {
                "min": 1,
                "max": 1
              }
            }
          ]
        }
      ],
      "conditions": [
		{
		  "condition": "random_chance",
		  "chance": 0.01
		}
	  ]
    }
  ]
}
