{
	"format_version": "1.18.20",
	"minecraft:entity": {
		"description": {
			"identifier": "df:assassin_ghost",
			"is_spawnable": true,
			"is_summonable": true,
			"is_experimental": false,
			"animations": {
				"assassin": "controller.animation.assassin"
			},
			"scripts": {
				"animate": [
					"assassin"
				]
			}
		},
		"component_groups": {
			"melee_unit": {
				"minecraft:equipment": {
					"table": "loot_tables/big_knife.json",
					"slot_drop_chance": [
						{
							"slot": "slot.weapon.mainhand",
							"drop_chance": 100
						}
					]
				}
			},
			"df:normal_damage": {
				"minecraft:behavior.delayed_attack": {
					"priority": 3,
					"attack_duration": 0.75,
					"hit_delay_pct": 0.41,
					"cooldown_time": 2,
					"speed_multiplier": 1.2,
					"reach_multiplier": 3
				},
				"minecraft:attack": {
					"damage": 50
				},
				"minecraft:variant": {
					"value": 0
				}
			},
			"angry": {
				"minecraft:teleport": {
					"target_distance": 16,
					"target_teleport_chance": 0.1
				}
			},
			"alert_for_attack_targets": {
				"minecraft:behavior.nearest_prioritized_attackable_target": {
					"priority": 3,
					"within_radius": 50,
					"persist_time": 2,
					"must_see": true,
					"entity_types": [
						{
							"filters": {
								"all_of": [
									{
										"test": "is_family",
										"subject": "other",
										"operator": "!=",
										"value": "boss"
									},
									{
										"test": "is_family",
										"subject": "other",
										"operator": "!=",
										"value": "assasin"
									}
								]
							},
							"max_dist": 50,
							"priority": 0
						}
					]
				}
			},
			"go_back_to_spawn": {
				"minecraft:behavior.go_home": {
					"priority": 6,
					"interval": 500,
					"speed_multiplier": 0.6,
					"goal_radius": 4,
					"on_failed": [
						{
							"event": "go_back_to_spawn_failed",
							"target": "self"
						}
					]
				}
			},
			"summon": {
				"minecraft:behavior.summon_entity": {
					"priority": 3,
					"summon_choices": [
						{
							"min_activation_range": 3,
							"weight": 3,
							"cooldown_time": 5,
							"cast_duration": 2,
							"particle_color": "#FF664D59",
							"start_sound_event": "cast.spell",
							"sequence": [
								{
									"shape": "circle",
									"target": "target",
									"base_delay": 1,
									"delay_per_summon": 0.05,
									"num_entities_spawned": 6,
									"entity_type": "df:skeleton_assasin",
									"size": 5,
									"entity_lifespan": 120
								}
							]
						}
					]
				},
				"minecraft:variant": {
					"value": 1
				}
			},
			"ranged": {
				"minecraft:behavior.ranged_attack": {
					"priority": 3,
					"attack_interval": 0,
					"attack_radius": 50,
					"speed_multiplier": 0.8,
					"charge_shoot_trigger": 1
				},
				"minecraft:shooter": {
					"def": "df:arrow_3d"
				},
				"minecraft:variant": {
					"value": 2
				}
			},
			"timer": {
				"minecraft:timer": {
					"looping": true,
					"time": [
						5,
						6
					],
					"time_down_event": {
						"event": "change_skill",
						"target": "self"
					}
				}
			}
		},
		"components": {
			"minecraft:is_hidden_when_invisible": {},
			"minecraft:collision_box": {
				"width": 0.6,
				"height": 1.9
			},
			"minecraft:type_family": {
				"family": [
					"boss",
					"assassin",
					"monster"
				]
			},
			"minecraft:variant": {
				"value": 0
			},
			"minecraft:scale": {
				"value": 1.5
			},
			"minecraft:home": {},
			"minecraft:conditional_bandwidth_optimization": {},
			"minecraft:experience_reward": {
				"on_death": "query.last_hit_by_player?20:0"
			},
			"minecraft:target_nearby_sensor": {
				"must_see": true,
				"inside_range": 4,
				"outside_range": 5,
				"on_inside_range": {
					"event": "melee_skill",
					"target": "self"
				},
				"on_outside_range": {
					"event": "change_skill",
					"target": "self"
				}
			},
			"minecraft:on_target_acquired": {
				"event": "become_angry_event",
				"target": "self"
			},
			"minecraft:on_target_escape": {
				"event": "become_calm_event",
				"target": "self"
			},
			"minecraft:breathable": {
				"total_supply": 15,
				"suffocate_time": 0,
				"breathes_water": true,
				"breathes_lava": true,
				"breathes_solids": true
			},
			"minecraft:health": {
				"value": 2000,
				"max": 2000
			},
			"minecraft:boss": {
				"name": "assassin ghost"
			},
			"minecraft:hurt_on_condition": {
				"damage_conditions": [
					{
						"filters": {
							"test": "in_lava",
							"subject": "self",
							"operator": "==",
							"value": true
						},
						"cause": "lava",
						"damage_per_tick": 4
					}
				]
			},
			"minecraft:movement": {
				"value": 0.25
			},
			"minecraft:navigation.walk": {
				"can_path_over_water": true,
				"can_open_doors": true
			},
			"minecraft:annotation.open_door": {},
			"minecraft:movement.basic": {},
			"minecraft:jump.static": {},
			"minecraft:nameable": {},
			"minecraft:behavior.hurt_by_target": {
				"priority": 1
			},
			"minecraft:behavior.random_stroll": {
				"priority": 7,
				"speed_multiplier": 0.6
			},
			"minecraft:behavior.look_at_player": {
				"priority": 8,
				"look_distance": 8
			},
			"minecraft:behavior.random_look_around": {
				"priority": 9
			},
			"minecraft:physics": {},
			"minecraft:pushable": {
				"is_pushable": true,
				"is_pushable_by_piston": true
			},
			"minecraft:follow_range": {
				"value": 64
			},
			"minecraft:loot": {
				"table": "loot_tables/healing_ruby.json"
			},
			"minecraft:knockback_resistance": {
				"value": 2,
				"max": 2
			},
			"minecraft:damage_sensor": {
				"triggers": [
					{
						"on_damage": {
							"filters": {
								"all_of": [
									{
										"test": "is_family",
										"subject": "other",
										"value": "assassin"
									}
								]
							}
						},
						"deals_damage": false
					}
				]
			}
		},
		"events": {
			"minecraft:entity_spawned": {
				"add": {
					"component_groups": [
						"alert_for_attack_targets",
						"df:normal_damage",
						"melee_unit",
						"go_back_to_spawn"
					]
				}
			},
			"become_angry_event": {
				"add": {
					"component_groups": [
						"angry",
						"timer"
					]
				}
			},
			"become_calm_event": {
				"remove": {
					"component_groups": [
						"angry",
						"timer"
					]
				},
				"add": {
					"component_groups": [
						"alert_for_attack_targets"
					]
				}
			},
			"go_back_to_spawn_failed": {
				"remove": {
					"component_groups": [
						"go_back_to_spawn"
					]
				}
			},
			"change_skill": {
				"randomize": [
					{
						"add": {
							"component_groups": [
								"ranged"
							]
						},
						"remove": {
							"component_groups": [
								"df:normal_damage",
								"summon"
							]
						},
						"weight": 1
					},
					{
						"add": {
							"component_groups": [
								"summon"
							]
						},
						"remove": {
							"component_groups": [
								"df:normal_damage",
								"ranged"
							]
						},
						"weight": 1
					}
				]
			},
			"melee_skill": {
				"add": {
					"component_groups": [
						"df:normal_damage"
					]
				},
				"remove": {
					"component_groups": [
						"summon",
						"ranged"
					]
				}
			}
		}
	}
}