{
	"format_version": "1.16.0",
	"minecraft:entity": {
		"description": {
			"identifier": "df:bamboogun",
			"is_summonable": true,
			"is_spawnable": false
		},
		"component_groups": {
			"shoot_arrow": {
				"minecraft:spawn_entity": {
					"entities": {
						"min_wait_time": 0,
						"max_wait_time": 0,
						"num_to_spawn": 1,
						"single_use": true,
						"spawn_entity": "df:bamboo_bullet"
					}
				},
				"minecraft:is_shaking": {},
				"minecraft:timer": {
					"time": [
						0.1,
						0.1
					],
					"time_down_event": {
						"event": "remove_shoot",
						"target": "self"
					}
				}
			},
			"despawn": {
				"minecraft:instant_despawn": {
					"remove_child_entities": true
				},
				"minecraft:spawn_entity": {
					"entities": {
						"min_wait_time": 0,
						"max_wait_time": 0,
						"num_to_spawn": 1,
						"spawn_item": "df:bamboogun",
						"single_use": true
					}
				}
			},
			"illager": {
				"minecraft:type_family": {
					"family": [
						"illager"
					]
				},
				"minecraft:skin_id": {
					"value": 2
				}
			},
			"villager": {
				"minecraft:type_family": {
					"family": [
						"irongolem"
					]
				},
				"minecraft:skin_id": {
					"value": 1
				}
			},
			"golem": {
				"minecraft:transformation": {
					"into": "df:bamboogun_golem"
				}
			}
		},
		"components": {
			"minecraft:is_hidden_when_invisible": {},
			"minecraft:collision_box": {
				"width": 0.5,
				"height": 1
			},
			"minecraft:movement": {
				"value": 0,
				"max": 0
			},
			"minecraft:skin_id": {
				"value": 0
			},
			"minecraft:breathable": {
				"total_supply": 15,
				"suffocate_time": 0
			},
			"minecraft:health": {
				"value": 20,
				"max": 20
			},
			"minecraft:physics": {},
			"minecraft:pushable": {
				"is_pushable": false,
				"is_pushable_by_piston": true
			},
			"minecraft:rideable": {
				"seat_count": 1,
				"family_types": [
					"player"
				],
				"seats": [
					{
						"position": [
							0,
							0,
							-1.1
						]
					}
				]
			},
			"minecraft:input_ground_controlled": {},
			"minecraft:damage_sensor": {
				"triggers": [
					{
						"on_damage": {
							"event": "despawn",
							"target": "self",
							"filters": {
								"all_of": [
									{
										"test": "is_family",
										"subject": "other",
										"value": "player"
									},
									{
										"test": "is_family",
										"subject": "self",
										"operator": "==",
										"value": "irongolem"
									},
									{
										"test": "has_tag",
										"subject": "other",
										"operator": "==",
										"value": "villager"
									}
								]
							}
						},
						"deals_damage": false
					},
					{
						"on_damage": {
							"filters": {
								"all_of": [
									{
										"test": "is_family",
										"subject": "other",
										"value": "player"
									},
									{
										"test": "has_tag",
										"subject": "other",
										"operator": "==",
										"value": "illager"
									},
									{
										"test": "has_equipment",
										"subject": "other",
										"operator": "==",
										"value": "df:hammer_tool"
									},
									{
										"test": "is_family",
										"subject": "self",
										"operator": "==",
										"value": "illager"
									}
								]
							},
							"event": "despawn",
							"target": "self"
						},
						"deals_damage": false
					},
					{
						"on_damage": {
							"filters": {
								"all_of": [
									{
										"test": "is_family",
										"subject": "other",
										"value": "player"
									},
									{
										"test": "has_tag",
										"subject": "other",
										"operator": "==",
										"value": "illager"
									},
									{
										"test": "is_family",
										"subject": "self",
										"operator": "==",
										"value": "illager"
									}
								]
							}
						},
						"deals_damage": false
					},
					{
						"on_damage": {
							"filters": {
								"all_of": [
									{
										"test": "is_family",
										"subject": "other",
										"value": "illager"
									},
									{
										"test": "is_family",
										"subject": "self",
										"operator": "==",
										"value": "illager"
									}
								]
							}
						},
						"deals_damage": false
					},
					{
						"on_damage": {
							"filters": {
								"all_of": [
									{
										"test": "is_family",
										"subject": "other",
										"value": "irongolem"
									},
									{
										"test": "is_family",
										"subject": "self",
										"operator": "==",
										"value": "irongolem"
									}
								]
							}
						},
						"deals_damage": false
					},
					{
						"on_damage": {
							"filters": {
								"all_of": [
									{
										"test": "is_family",
										"subject": "other",
										"value": "golem"
									},
									{
										"test": "is_family",
										"subject": "self",
										"operator": "!=",
										"value": "irongolem"
									},
									{
										"test": "is_family",
										"subject": "self",
										"operator": "!=",
										"value": "illager"
									}
								]
							}
						},
						"deals_damage": false
					}
				]
			},
			"minecraft:interact": {
				"interactions": [
					{
						"on_interact": {
							"filters": {
								"all_of": [
									{
										"test": "is_family",
										"subject": "other",
										"value": "player"
									},
									{
										"test": "has_equipment",
										"subject": "other",
										"operator": "==",
										"value": "gold_ingot"
									},
									{
										"test": "is_family",
										"subject": "self",
										"operator": "!=",
										"value": "irongolem"
									}
								]
							},
							"event": "villager",
							"target": "self"
						}
					},
					{
						"on_interact": {
							"filters": {
								"all_of": [
									{
										"test": "is_family",
										"subject": "other",
										"value": "player"
									},
									{
										"test": "has_equipment",
										"subject": "other",
										"operator": "==",
										"value": "iron_ingot"
									},
									{
										"test": "is_family",
										"subject": "self",
										"operator": "!=",
										"value": "illager"
									}
								]
							},
							"event": "illager",
							"target": "self"
						}
					},
					{
						"on_interact": {
							"filters": {
								"all_of": [
									{
										"test": "is_family",
										"subject": "other",
										"value": "player"
									},
									{
										"test": "has_equipment",
										"subject": "other",
										"operator": "==",
										"value": "df:golem_gear"
									}
								]
							},
							"event": "become_golem",
							"target": "self"
						},
						"use_item": true
					}
				]
			},
			"minecraft:knockback_resistance": {
				"value": 1,
				"max": 1
			}
		},
		"events": {
			"minecraft:entity_spawned": {
				"sequence": [
					{
						"filters": {
							"all_of": [
								{
									"test": "is_family",
									"subject": "other",
									"value": "player"
								},
								{
									"test": "has_tag",
									"subject": "other",
									"operator": "==",
									"value": "villager"
								}
							]
						},
						"add": {
							"component_groups": [
								"villager"
							]
						}
					},
					{
						"filters": {
							"all_of": [
								{
									"test": "is_family",
									"subject": "other",
									"value": "player"
								},
								{
									"test": "has_tag",
									"subject": "other",
									"operator": "==",
									"value": "illager"
								}
							]
						},
						"add": {
							"component_groups": [
								"illager"
							]
						}
					},
					{
						"filters": {
							"all_of": [
								{
									"test": "is_family",
									"subject": "other",
									"value": "player"
								},
								{
									"test": "has_tag",
									"subject": "other",
									"operator": "!=",
									"value": "villager"
								},
								{
									"test": "has_tag",
									"subject": "other",
									"operator": "!=",
									"value": "illager"
								}
							]
						},
						"remove": {
							"component_groups": [
								"illager",
								"villager"
							]
						}
					}
				]
			},
			"shoot_arrow": {
				"add": {
					"component_groups": [
						"shoot_arrow"
					]
				}
			},
			"remove_shoot": {
				"remove": {
					"component_groups": [
						"shoot_arrow"
					]
				}
			},
			"despawn": {
				"add": {
					"component_groups": [
						"despawn"
					]
				}
			},
			"illager": {
				"add": {
					"component_groups": [
						"illager"
					]
				},
				"remove": {
					"component_groups": [
						"villager"
					]
				}
			},
			"villager": {
				"add": {
					"component_groups": [
						"villager"
					]
				},
				"remove": {
					"component_groups": [
						"illager"
					]
				}
			},
			"become_golem": {
				"add": {
					"component_groups": [
						"golem"
					]
				}
			}
		}
	}
}