{
	"format_version": "1.19.20",
	"minecraft:entity": {
		"description": {
			"identifier": "df:banner_summon",
			"is_summonable": true,
			"is_spawnable": false
		},
		"component_groups": {
			"despawn": {
				"minecraft:instant_despawn": {
					"remove_child_entities": true
				},
				"minecraft:spawn_entity": {
					"entities": {
						"min_wait_time": 0,
						"max_wait_time": 0,
						"num_to_spawn": 1,
						"single_use": true,
						"spawn_item": "df:banner_summon"
					}
				}
			}
		},
		"components": {
			"minecraft:collision_box": {
				"height": 1.9,
				"width": 0
			},
			"minecraft:health": {
				"value": 1,
				"max": 1
			},
			"minecraft:physics": {},
			"minecraft:pushable": {
				"is_pushable": false,
				"is_pushable_by_piston": false
			},
			"minecraft:damage_sensor": {
				"triggers": [
					{
						"on_damage": {
							"filters": {
								"test": "is_family",
								"subject": "other",
								"value": "player"
							},
							"event": "despawn",
							"target": "self"
						},
						"deals_damage": false
					}
				]
			}
		},
		"events": {
			"minecraft:entity_spawned": {
				"run_command": {
					"command": [
						"tp @e[family=illager,r=100,family=!stay,family=!cube,family=!shooter,family=!normal] ~ ~ ~",
						"tp @e[family=car] ~ ~ ~"
					]
				}
			},
			"despawn": {
				"add": {
					"component_groups": [
						"despawn"
					]
				}
			}
		}
	}
}