{
	"format_version": "1.18.20",
	"minecraft:entity": {
		"description": {
			"identifier": "df:god_of_spear",
			"is_spawnable": true,
			"is_summonable": true,
			"is_experimental": false,
			"animations": {
				"assassin": "controller.animation.assassin"
			},
			"scripts": {
				"animate": [
					"assassin"
				]
			}
		},
		"component_groups": {
			"melee_unit": {
				"minecraft:equipment": {
					"table": "loot_tables/god_spear.json",
					"slot_drop_chance": [
						{
							"slot": "slot.weapon.mainhand",
							"drop_chance": 100
						}
					]
				}
			},
			"alert_for_attack_targets": {
				"minecraft:behavior.nearest_prioritized_attackable_target": {
					"priority": 3,
					"within_radius": 55,
					"persist_time": 2,
					"must_see": true,
					"entity_types": [
						{
							"filters": {
								"all_of": [
									{
										"test": "is_family",
										"subject": "other",
										"operator": "!=",
										"value": "boss"
									},
									{
										"test": "is_family",
										"subject": "other",
										"operator": "!=",
										"value": "god"
									}
								]
							},
							"max_dist": 55,
							"priority": 0
						}
					]
				}
			},
			"go_back_to_spawn": {
				"minecraft:behavior.go_home": {
					"priority": 6,
					"interval": 500,
					"speed_multiplier": 0.6,
					"goal_radius": 4,
					"on_failed": [
						{
							"event": "go_back_to_spawn_failed",
							"target": "self"
						}
					]
				}
			},
			"spear": {
				"minecraft:behavior.delayed_attack": {
					"priority": 4,
					"attack_duration": 1,
					"hit_delay_pct": 0.65,
					"cooldown_time": 3,
					"speed_multiplier": 1.2,
					"reach_multiplier": 6
				},
				"minecraft:attack": {
					"damage": 100
				},
				"minecraft:variant": {
					"value": 1
				}
			},
			"summon": {
				"minecraft:behavior.summon_entity": {
					"priority": 2,
					"summon_choices": [
						{
							"min_activation_range": 0,
							"max_activation_range": 3,
							"cooldown_time": 5,
							"weight": 3,
							"cast_duration": 2,
							"particle_color": "#FF664D59",
							"start_sound_event": "cast.spell",
							"sequence": [
								{
									"shape": "circle",
									"target": "self",
									"base_delay": 1,
									"delay_per_summon": 0,
									"num_entities_spawned": 5,
									"entity_type": "df:god_piglin",
									"size": 1.5,
									"entity_lifespan": 120
								}
							]
						},
						{
							"min_activation_range": 3,
							"weight": 3,
							"cooldown_time": 5,
							"cast_duration": 2,
							"particle_color": "#FF664D59",
							"start_sound_event": "cast.spell",
							"sequence": [
								{
									"shape": "circle",
									"target": "target",
									"base_delay": 1,
									"delay_per_summon": 0.05,
									"num_entities_spawned": 8,
									"entity_type": "df:god_piglin",
									"size": 5,
									"entity_lifespan": 120
								}
							]
						}
					]
				},
				"minecraft:variant": {
					"value": 2
				}
			},
			"sonic": {
				"minecraft:behavior.sonic_boom": {
					"priority": 3,
					"duration": 3,
					"speed_multiplier": 1.2,
					"attack_damage": 50,
					"attack_range_horizontal": 30,
					"attack_range_vertical": 35,
					"attack_cooldown": 10,
					"knockback_vertical_strength": 0.5,
					"knockback_horizontal_strength": 2.5,
					"knockback_height_cap": 0.5,
					"duration_until_attack_sound": 1.7,
					"charge_sound": "sonic_charge",
					"attack_sound": "sonic_boom"
				}
			}
		},
		"components": {
			"minecraft:is_hidden_when_invisible": {},
			"minecraft:collision_box": {
				"width": 0.6,
				"height": 1.9
			},
			"minecraft:type_family": {
				"family": [
					"boss",
					"god",
					"monster"
				]
			},
			"minecraft:fire_immune": true,
			"minecraft:variant": {
				"value": 0
			},
			"minecraft:scale": {
				"value": 2
			},
			"minecraft:home": {},
			"minecraft:conditional_bandwidth_optimization": {},
			"minecraft:experience_reward": {
				"on_death": "query.last_hit_by_player?20:0"
			},
			"minecraft:breathable": {
				"total_supply": 15,
				"suffocate_time": 0,
				"breathes_water": true,
				"breathes_solids": true
			},
			"minecraft:health": {
				"value": 5000,
				"max": 5000
			},
			"minecraft:boss": {
				"name": "God of War"
			},
			"minecraft:hurt_on_condition": {
				"damage_conditions": [
					{
						"filters": {
							"test": "in_lava",
							"subject": "self",
							"operator": "==",
							"value": true
						},
						"cause": "lava",
						"damage_per_tick": 1
					}
				]
			},
			"minecraft:movement": {
				"value": 0.21
			},
			"minecraft:navigation.walk": {
				"can_path_over_water": true,
				"can_open_doors": true
			},
			"minecraft:annotation.open_door": {},
			"minecraft:movement.basic": {},
			"minecraft:jump.static": {},
			"minecraft:nameable": {},
			"minecraft:behavior.hurt_by_target": {
				"priority": 1
			},
			"minecraft:behavior.random_stroll": {
				"priority": 7,
				"speed_multiplier": 0.6
			},
			"minecraft:behavior.look_at_player": {
				"priority": 8,
				"look_distance": 8
			},
			"minecraft:behavior.random_look_around": {
				"priority": 9
			},
			"minecraft:physics": {},
			"minecraft:pushable": {
				"is_pushable": true,
				"is_pushable_by_piston": true
			},
			"minecraft:follow_range": {
				"value": 64
			},
			"minecraft:knockback_resistance": {
				"value": 10,
				"max": 10
			},
			"minecraft:behavior.move_towards_target": {
				"priority": 5,
				"speed_multiplier": 1.1,
				"within_radius": 30
			},
			"minecraft:loot": {
				"table": "loot_tables/healing_ruby.json"
			},
			"minecraft:behavior.float": {
				"priority": 0
			},
			"minecraft:damage_sensor": {
				"triggers": [
					{
						"on_damage": {
							"filters": {
								"all_of": [
									{
										"test": "is_family",
										"subject": "other",
										"value": "god"
									}
								]
							}
						},
						"deals_damage": false
					}
				]
			},
			"minecraft:target_nearby_sensor": {
				"inside_range": 6,
				"outside_range": 7,
				"on_inside_range": {
					"event": "inside",
					"target": "self"
				},
				"on_outside_range": {
					"event": "skill",
					"target": "self"
				},
				"must_see": true
			}
		},
		"events": {
			"minecraft:entity_spawned": {
				"add": {
					"component_groups": [
						"alert_for_attack_targets",
						"melee_unit",
						"go_back_to_spawn",
						"spear"
					]
				}
			},
			"go_back_to_spawn_failed": {
				"remove": {
					"component_groups": [
						"go_back_to_spawn"
					]
				}
			},
			"skill": {
				"randomize": [
					{
						"add": {
							"component_groups": [
								"summon"
							]
						},
						"remove": {
							"component_groups": [
								"spear",
								"sonic"
							]
						},
						"weight": 1
					},
					{
						"add": {
							"component_groups": [
								"sonic"
							]
						},
						"remove": {
							"component_groups": [
								"spear",
								"summon"
							]
						},
						"weight": 1
					}
				]
			},
			"inside": {
				"add": {
					"component_groups": [
						"spear"
					]
				},
				"remove": {
					"component_groups": [
						"summon",
						"sonic"
					]
				}
			}
		}
	}
}