{
	"format_version": "1.16.0",
	"minecraft:entity": {
		"description": {
			"identifier": "df:healing_ruby",
			"is_summonable": true,
			"is_spawnable": false
		},
		"component_groups": {
			"start": {
				"minecraft:variant": {
					"value": 0
				},
				"minecraft:timer": {
					"time": [
						0.5,
						0.5
					],
					"time_down_event": {
						"event": "midle",
						"target": "self"
					}
				}
			},
			"midle": {
				"minecraft:variant": {
					"value": 1
				},
				"minecraft:mob_effect": {
					"effect_range": 5,
					"effect_time": 10,
					"mob_effect": "regeneration",
					"entity_filter": {
						"any_of": [
							{
								"test": "is_family",
								"subject": "other",
								"value": "player"
							},
							{
								"test": "is_family",
								"subject": "other",
								"value": "illager"
							},
							{
								"test": "is_family",
								"subject": "other",
								"value": "irongolem"
							}
						]
					}
				},
				"minecraft:timer": {
					"time": [
						10,
						10
					],
					"time_down_event": {
						"event": "end",
						"target": "self"
					}
				}
			},
			"end": {
				"minecraft:variant": {
					"value": 2
				},
				"minecraft:timer": {
					"time": [
						0.5,
						0.5
					],
					"time_down_event": {
						"event": "despawn",
						"target": "self"
					}
				}
			},
			"despawn": {
				"minecraft:instant_despawn": {
					"remove_child_entities": true
				}
			}
		},
		"components": {
			"minecraft:collision_box": {
				"width": 1.3,
				"height": 1.7
			},
			"minecraft:health": {
				"value": 20,
				"max": 20
			},
			"minecraft:breathable": {
				"total_supply": 15,
				"suffocate_time": 0
			},
			"minecraft:movement": {
				"value": 0
			},
			"minecraft:knockback_resistance": {
				"value": 1,
				"max": 1
			},
			"minecraft:physics": {},
			"minecraft:pushable": {
				"is_pushable": false,
				"is_pushable_by_piston": false
			}
		},
		"events": {
			"minecraft:entity_spawned": {
				"add": {
					"component_groups": [
						"start"
					]
				}
			},
			"midle": {
				"add": {
					"component_groups": [
						"midle"
					]
				},
				"remove": {
					"component_groups": [
						"start"
					]
				}
			},
			"end": {
				"add": {
					"component_groups": [
						"end"
					]
				},
				"remove": {
					"component_groups": [
						"midle"
					]
				}
			},
			"despawn": {
				"add": {
					"component_groups": [
						"despawn"
					]
				}
			}
		}
	}
}