{
	"format_version": "1.18.30",
	"minecraft:entity": {
		"description": {
			"identifier": "df:hoglin_saddled",
			"is_spawnable": true,
			"is_summonable": true,
			"is_experimental": false
		},
		"component_groups": {
			"zombification_sensor": {
				"minecraft:environment_sensor": {
					"triggers": {
						"filters": {
							"test": "in_nether",
							"subject": "self",
							"operator": "==",
							"value": false
						},
						"event": "start_zombification_event"
					}
				}
			},
			"start_zombification": {
				"minecraft:is_shaking": {},
				"minecraft:environment_sensor": {
					"triggers": {
						"filters": {
							"test": "in_nether",
							"subject": "self",
							"operator": "==",
							"value": true
						},
						"event": "stop_zombification_event"
					}
				},
				"minecraft:timer": {
					"looping": false,
					"time": 15,
					"time_down_event": {
						"event": "become_zombie_event"
					}
				}
			},
			"become_zombie": {
				"minecraft:transformation": {
					"into": "minecraft:zoglin",
					"transformation_sound": "converted_to_zombified",
					"keep_level": true
				}
			},
			"angry_hoglin": {
				"minecraft:angry": {
					"duration": 10,
					"broadcast_anger": true,
					"broadcast_range": 16,
					"calm_event": {
						"event": "become_calm_event",
						"target": "self"
					},
					"angry_sound": "angry",
					"sound_interval": {
						"range_min": 2,
						"range_max": 5
					}
				}
			},
			"attack_cooldown": {
				"minecraft:attack_cooldown": {
					"attack_cooldown_time": [
						10,
						15
					],
					"attack_cooldown_complete_event": {
						"event": "attack_cooldown_complete_event",
						"target": "self"
					}
				}
			},
			"minecraft:hoglin_adult": {
				"minecraft:collision_box": {
					"width": 1.4,
					"height": 1.4
				},
				"minecraft:movement": {
					"value": 0.3
				},
				"minecraft:custom_hit_test": {
					"hitboxes": [
						{
							"width": 2,
							"height": 1.75,
							"pivot": [
								0,
								1,
								0
							]
						}
					]
				},
				"minecraft:group_size": {
					"radius": 32,
					"filters": {
						"all_of": [
							{
								"test": "has_component",
								"operator": "!=",
								"value": "minecraft:is_baby"
							},
							{
								"test": "is_family",
								"value": "hoglin"
							}
						]
					}
				},
				"minecraft:behavior.hurt_by_target": {
					"priority": 2
				},
				"minecraft:on_target_acquired": {
					"event": "become_angry_event",
					"target": "self"
				},
				"minecraft:loot": {
					"table": "loot_tables/entities/hoglin.json"
				},
				"minecraft:behavior.melee_attack": {
					"priority": 4,
					"speed_multiplier": 1,
					"track_target": true,
					"reach_multiplier": 2.15,
					"cooldown_time": 2
				},
				"minecraft:attack": {
					"damage": [
						3,
						9
					]
				},
				"minecraft:behavior.breed": {
					"priority": 3,
					"speed_multiplier": 0.6
				},
				"minecraft:breedable": {
					"require_tame": false,
					"love_filters": {
						"test": "has_component",
						"subject": "self",
						"operator": "!=",
						"value": "minecraft:attack_cooldown"
					},
					"breeds_with": {
						"mate_type": "minecraft:hoglin",
						"baby_type": "minecraft:hoglin",
						"breed_event": {
							"event": "minecraft:entity_born",
							"target": "baby"
						}
					},
					"breed_items": [
						"crimson_fungus"
					]
				}
			},
			"unhuntable_adult": {
				"minecraft:type_family": {
					"family": [
						"hoglinsaddle",
						"mob"
					]
				}
			},
			"born": {
				"minecraft:spawn_entity": {
					"entities": [
						{
							"min_wait_time": 1,
							"max_wait_time": 2,
							"num_to_spawn": 1,
							"single_use": true,
							"spawn_entity": "hoglin",
							"spawn_event": "spawn_baby"
						}
					]
				}
			}
		},
		"components": {
			"minecraft:is_hidden_when_invisible": {},
			"minecraft:nameable": {},
			"minecraft:health": {
				"value": 40,
				"max": 40
			},
			"minecraft:experience_reward": {
				"on_bred": "math.random(1,7)",
				"on_death": "query.last_hit_by_player?5:0"
			},
			"minecraft:knockback_resistance": {
				"value": 0.6
			},
			"minecraft:behavior.nearest_attackable_target": {
				"priority": 4,
				"within_radius": 16,
				"entity_types": [
					{
						"filters": {
							"all_of": [
								{
									"test": "is_family",
									"subject": "other",
									"value": "player"
								},
								{
									"test": "has_tag",
									"subject": "other",
									"operator": "!=",
									"value": "piglin"
								},
								{
									"test": "has_component",
									"subject": "self",
									"operator": "!=",
									"value": "minecraft:attack_cooldown"
								}
							]
						},
						"max_dist": 16
					}
				],
				"must_see": true
			},
			"minecraft:breathable": {
				"total_supply": 15,
				"suffocate_time": 0
			},
			"minecraft:hurt_on_condition": {
				"damage_conditions": [
					{
						"filters": {
							"test": "in_lava",
							"subject": "self",
							"operator": "==",
							"value": true
						},
						"cause": "lava",
						"damage_per_tick": 4
					}
				]
			},
			"minecraft:behavior.avoid_mob_type": {
				"priority": 0,
				"remove_target": true,
				"entity_types": [
					{
						"filters": {
							"all_of": [
								{
									"test": "has_target",
									"subject": "other",
									"value": true
								},
								{
									"test": "is_family",
									"subject": "other",
									"value": "piglin"
								}
							]
						},
						"check_if_outnumbered": true,
						"max_dist": 10,
						"sprint_speed_multiplier": 1.2
					}
				],
				"avoid_mob_sound": "retreat",
				"sound_interval": {
					"range_min": 2,
					"range_max": 5
				}
			},
			"minecraft:behavior.avoid_block": {
				"priority": 1,
				"tick_interval": 5,
				"search_range": 8,
				"search_height": 4,
				"walk_speed_modifier": 1,
				"sprint_speed_modifier": 1,
				"avoid_block_sound": "retreat",
				"sound_interval": {
					"range_min": 2,
					"range_max": 5
				},
				"target_selection_method": "nearest",
				"target_blocks": [
					"minecraft:warped_fungus",
					"minecraft:portal",
					"minecraft:respawn_anchor"
				],
				"on_escape": [
					{
						"event": "escaped_event",
						"target": "self"
					}
				]
			},
			"minecraft:navigation.walk": {
				"can_path_over_water": true,
				"avoid_water": true,
				"avoid_damage_blocks": true
			},
			"minecraft:movement.basic": {},
			"minecraft:jump.static": {},
			"minecraft:can_climb": {},
			"minecraft:leashable": {
				"soft_distance": 4,
				"hard_distance": 6,
				"max_distance": 10
			},
			"minecraft:despawn": {
				"despawn_from_distance": {}
			},
			"minecraft:behavior.random_stroll": {
				"priority": 7,
				"speed_multiplier": 0.4
			},
			"minecraft:behavior.random_look_around": {
				"priority": 9
			},
			"minecraft:behavior.look_at_player": {
				"priority": 8,
				"look_distance": 6,
				"probability": 0.02
			},
			"minecraft:balloonable": {},
			"minecraft:physics": {},
			"minecraft:pushable": {
				"is_pushable": true,
				"is_pushable_by_piston": true
			},
			"minecraft:conditional_bandwidth_optimization": {},
			"minecraft:rideable": {
				"controlling_seat": 0,
				"family_types": [
					"piglin",
					"player"
				],
				"pull_in_entities": true,
				"seat_count": 1,
				"interact_text": "action.interact.ride.horse",
				"seats": {
					"position": [
						0,
						1.3,
						-0.4
					]
				}
			},
			"minecraft:item_controllable": {
				"control_items": "carrot_on_a_stick"
			},
			"minecraft:boostable": {
				"speed_multiplier": 1.35,
				"duration": 3,
				"boost_items": [
					{
						"item": "carrotOnAStick",
						"damage": 2,
						"replace_item": "fishing_rod"
					}
				]
			},
			"minecraft:behavior.controlled_by_player": {
				"priority": 0
			},
			"minecraft:behavior.owner_hurt_by_target": {
				"priority": 1
			},
			"minecraft:behavior.owner_hurt_target": {
				"priority": 2
			},
			"minecraft:damage_sensor": {
				"triggers": [
					{
						"on_damage": {
							"filters": {
								"all_of": [
									{
										"test": "is_family",
										"subject": "other",
										"value": "piglin"
									}
								]
							}
						},
						"deals_damage": false
					},
					{
						"on_damage": {
							"filters": {
								"all_of": [
									{
										"test": "is_family",
										"subject": "other",
										"value": "player"
									},
									{
										"test": "has_tag",
										"subject": "other",
										"operator": "==",
										"value": "piglin"
									}
								]
							}
						},
						"deals_damage": false
					}
				]
			},
			"minecraft:behavior.mount_pathing": {
				"priority": 1,
				"speed_multiplier": 1.25,
				"track_target": true,
				"target_dist": 0
			},
			"minecraft:behavior.tempt": {
				"priority": 3,
				"speed_multiplier": 1.2,
				"items": [
					"potato",
					"nether_wart_block",
					"carrot",
					"beetroot",
					"carrotOnAStick",
					"df:walkie_talkie"
				]
			}
		},
		"events": {
			"minecraft:entity_spawned": {
				"randomize": [
					{
						"weight": 100,
						"trigger": "spawn_adult"
					}
				]
			},
			"spawn_adult": {
				"add": {
					"component_groups": [
						"minecraft:hoglin_adult",
						"unhuntable_adult",
						"zombification_sensor"
					]
				}
			},
			"stop_zombification_event": {
				"add": {
					"component_groups": [
						"zombification_sensor"
					]
				},
				"remove": {
					"component_groups": [
						"start_zombification"
					]
				}
			},
			"become_zombie_event": {
				"add": {
					"component_groups": [
						"become_zombie"
					]
				}
			},
			"start_zombification_event": {
				"add": {
					"component_groups": [
						"start_zombification"
					]
				},
				"remove": {
					"component_groups": [
						"zombification_sensor"
					]
				}
			},
			"become_angry_event": {
				"add": {
					"component_groups": [
						"angry_hoglin"
					]
				}
			},
			"become_calm_event": {
				"remove": {
					"component_groups": [
						"angry_hoglin"
					]
				}
			},
			"escaped_event": {
				"add": {
					"component_groups": [
						"attack_cooldown"
					]
				},
				"remove": {
					"component_groups": [
						"angry_hoglin"
					]
				}
			},
			"attack_cooldown_complete_event": {
				"remove": {
					"component_groups": [
						"attack_cooldown"
					]
				}
			},
			"minecraft:entity_born": {
				"add": {
					"component_groups": [
						"born"
					]
				}
			}
		}
	}
}