{
	"format_version": "1.17.0",
	"minecraft:entity": {
		"description": {
			"identifier": "df:horse_car",
			"is_summonable": true,
			"is_spawnable": true
		},
		"component_groups": {
			"open": {
				"minecraft:rideable": {
					"interact_text": "ride",
					"pull_in_entities": true,
					"seat_count": 5,
					"controlling_seat": 0,
					"family_types": [
						"player"
					],
					"seats": [
						{
							"position": [
								0,
								1.3,
								0.2
							]
						},
						{
							"position": [
								-0.5,
								1.1,
								-0.7
							]
						},
						{
							"position": [
								-0.5,
								1.1,
								-1.6
							]
						},
						{
							"position": [
								0.5,
								1.1,
								-1.6
							]
						},
						{
							"position": [
								0.5,
								1.1,
								-0.7
							]
						}
					]
				},
				"minecraft:interact": {
					"interactions": [
						{
							"interact_text": "villager off",
							"on_interact": {
								"filters": {
									"all_of": [
										{
											"test": "is_sneaking",
											"subject": "other",
											"value": true
										},
										{
											"test": "is_family",
											"subject": "other",
											"value": "player"
										}
									]
								},
								"event": "timer",
								"target": "self"
							},
							"play_sounds": "chest.closed"
						}
					]
				},
				"minecraft:variant": {
					"value": 0
				}
			},
			"timer": {
				"minecraft:timer": {
					"time": 0.3,
					"time_down_event": {
						"event": "close",
						"target": "self"
					}
				}
			},
			"close": {
				"minecraft:rideable": {
					"interact_text": "ride",
					"pull_in_entities": true,
					"seat_count": 5,
					"controlling_seat": 0,
					"crouching_skip_interact": true,
					"family_types": [
						"canride",
						"player",
						"villager"
					],
					"seats": [
						{
							"position": [
								0,
								1.3,
								0.2
							]
						},
						{
							"position": [
								-0.5,
								1.1,
								-0.7
							]
						},
						{
							"position": [
								-0.5,
								1.1,
								-1.6
							]
						},
						{
							"position": [
								0.5,
								1.1,
								-1.6
							]
						},
						{
							"position": [
								0.5,
								1.1,
								-0.7
							]
						}
					]
				},
				"minecraft:interact": {
					"interactions": [
						{
							"interact_text": "villager on",
							"on_interact": {
								"filters": {
									"all_of": [
										{
											"test": "is_sneaking",
											"subject": "other",
											"value": true
										},
										{
											"test": "is_family",
											"subject": "other",
											"value": "player"
										}
									]
								},
								"event": "time",
								"target": "self"
							},
							"play_sounds": "chest.open"
						}
					]
				},
				"minecraft:variant": {
					"value": 1
				}
			},
			"time": {
				"minecraft:timer": {
					"time": 0.3,
					"time_down_event": {
						"event": "open",
						"target": "self"
					}
				}
			}
		},
		"components": {
			"minecraft:health": {
				"value": 50,
				"max": 50
			},
			"minecraft:collision_box": {
				"width": 2,
				"height": 2
			},
			"minecraft:physics": {},
			"minecraft:pushable": {
				"is_pushable": true,
				"is_pushable_by_piston": true
			},
			"minecraft:breathable": {
				"breathes_air": true,
				"breathes_water": false
			},
			"minecraft:movement": {
				"value": 0.35
			},
			"minecraft:jump.static": {},
			"minecraft:navigation.walk": {
				"is_amphibious": true,
				"avoid_water": true,
				"can_sink": true
			},
			"minecraft:movement.basic": {},
			"minecraft:behavior.eat_block": {
				"priority": 8,
				"time_until_eat": 1.8,
				"eat_and_replace_block_pairs": [
					{
						"eat_block": "minecraft:grass",
						"replace_block": "minecraft:dirt"
					}
				]
			},
			"minecraft:leashable": {
				"soft_distance": 0.5,
				"hard_distance": 2,
				"max_distance": 1.5
			},
			"minecraft:input_ground_controlled": {},
			"minecraft:behavior.controlled_by_player": {
				"priority": 0,
				"mount_speed_multiplier": 0.3
			},
			"minecraft:damage_sensor": {
				"triggers": [
					{
						"on_damage": {
							"filters": {
								"all_of": [
									{
										"test": "is_family",
										"subject": "other",
										"operator": "==",
										"value": "irongolem"
									},
									{
										"test": "has_damage",
										"value": "entity_attack"
									}
								]
							}
						},
						"deals_damage": false
					},
					{
						"on_damage": {
							"filters": {
								"all_of": [
									{
										"test": "is_family",
										"subject": "other",
										"operator": "==",
										"value": "illager"
									},
									{
										"test": "has_damage",
										"value": "entity_attack"
									}
								]
							}
						},
						"deals_damage": false
					},
					{
						"cause": "fall",
						"deals_damage": false
					}
				]
			},
			"minecraft:healable": {
				"items": [
					{
						"item": "minecraft:wheat",
						"heal_amount": 20
					},
					{
						"item": "minecraft:hay_block",
						"heal_amount": 80
					}
				]
			},
			"minecraft:behavior.mount_pathing": {
				"priority": 0,
				"speed_multiplier": 2,
				"target_dist": 0,
				"track_target": true
			}
		},
		"events": {
			"minecraft:entity_spawned": {
				"add": {
					"component_groups": [
						"open"
					]
				}
			},
			"timer": {
				"remove": {
					"component_groups": [
						"open"
					]
				},
				"add": {
					"component_groups": [
						"timer"
					]
				}
			},
			"close": {
				"remove": {
					"component_groups": [
						"timer"
					]
				},
				"add": {
					"component_groups": [
						"close"
					]
				}
			},
			"time": {
				"remove": {
					"component_groups": [
						"close"
					]
				},
				"add": {
					"component_groups": [
						"time"
					]
				}
			},
			"open": {
				"remove": {
					"component_groups": [
						"time"
					]
				},
				"add": {
					"component_groups": [
						"open"
					]
				}
			},
			"minecraft:entity_transformed": {
				"add": {
					"component_groups": [
						"open"
					]
				}
			}
		}
	}
}