{
	"format_version": "1.16.0",
	"minecraft:entity": {
		"description": {
			"identifier": "df:piglin_statue",
			"is_spawnable": false,
			"is_summonable": true,
			"is_experimental": false,
			"animations": {
				"breaking": "animation.breaking"
			},
			"scripts": {
				"animate": [
					{
						"breaking": "!query.is_alive"
					}
				]
			}
		},
		"component_groups": {
			"ranged_unit": {
				"minecraft:behavior.sonic_boom": {
					"priority": 3,
					"duration": 3,
					"speed_multiplier": 1.2,
					"attack_damage": 10,
					"attack_range_horizontal": 40,
					"attack_range_vertical": 40,
					"attack_cooldown": 10,
					"knockback_vertical_strength": 0.5,
					"knockback_horizontal_strength": 2.5,
					"knockback_height_cap": 0.5,
					"duration_until_attack_sound": 1.7,
					"charge_sound": "sonic_charge",
					"attack_sound": "sonic_boom"
				},
				"minecraft:behavior.ranged_attack": {
					"priority": 4,
					"attack_radius": 40
				}
			},
			"alert_for_attack_targets": {
				"minecraft:behavior.nearest_prioritized_attackable_target": {
					"priority": 3,
					"persist_time": 2,
					"entity_types": [
						{
							"filters": {
								"all_of": [
									{
										"test": "is_family",
										"subject": "other",
										"value": "player"
									},
									{
										"test": "has_tag",
										"subject": "other",
										"operator": "!=",
										"value": "piglin"
									}
								]
							},
							"max_dist": 40,
							"priority": 0
						},
						{
							"filters": {
								"test": "is_family",
								"subject": "other",
								"value": "wither"
							},
							"max_dist": 40,
							"priority": 1
						},
						{
							"filters": {
								"test": "is_family",
								"subject": "other",
								"value": "illager"
							},
							"max_dist": 40,
							"priority": 2
						},
						{
							"filters": {
								"test": "is_family",
								"subject": "other",
								"value": "irongolem"
							},
							"max_dist": 40,
							"priority": 3
						},
						{
							"filters": {
								"test": "is_family",
								"subject": "other",
								"value": "villager"
							},
							"max_dist": 40,
							"priority": 4
						},
						{
							"filters": {
								"any_of": [
									{
										"all_of": [
											{
												"test": "is_family",
												"subject": "other",
												"value": "monster"
											},
											{
												"test": "is_family",
												"subject": "other",
												"operator": "!=",
												"value": "piglin"
											}
										]
									},
									{
										"test": "is_family",
										"subject": "other",
										"value": "undead"
									},
									{
										"test": "is_family",
										"subject": "other",
										"value": "skeleton"
									}
								]
							},
							"max_dist": 40,
							"priority": 5
						}
					]
				}
			},
			"df:despawn": {
				"minecraft:instant_despawn": {
					"remove_child_entities": true
				}
			},
			"spawn": {
				"minecraft:spawn_entity": {
					"entities": [
						{
							"min_wait_time": 1,
							"max_wait_time": 1,
							"num_to_spawn": 4,
							"single_use": true,
							"spawn_entity": "df:piglin_brute_smg",
							"spawn_event": "minecraft:entity_spawned"
						},
						{
							"min_wait_time": 2,
							"max_wait_time": 2,
							"num_to_spawn": 2,
							"single_use": true,
							"spawn_entity": "df:piglin_brute_rifle",
							"spawn_event": "minecraft:entity_spawned"
						},
						{
							"min_wait_time": 3,
							"max_wait_time": 3,
							"num_to_spawn": 4,
							"single_use": true,
							"spawn_entity": "df:piglin_gun",
							"spawn_event": "minecraft:entity_spawned"
						},
						{
							"min_wait_time": 4,
							"max_wait_time": 4,
							"num_to_spawn": 1,
							"single_use": true,
							"spawn_entity": "piglin_brute",
							"spawn_event": "minecraft:entity_spawned"
						}
					]
				}
			}
		},
		"components": {
			"minecraft:is_hidden_when_invisible": {},
			"minecraft:type_family": {
				"family": [
					"stay",
					"piglin",
					"monster"
				]
			},
			"minecraft:movement": {
				"value": 0
			},
			"minecraft:knockback_resistance": {
				"value": 1,
				"max": 1
			},
			"minecraft:collision_box": {
				"width": 1,
				"height": 3
			},
			"minecraft:loot": {
				"table": "loot_tables/piglin_statue.json"
			},
			"minecraft:breathable": {
				"total_supply": 15,
				"suffocate_time": 0
			},
			"minecraft:health": {
				"value": 1500,
				"max": 1500
			},
			"minecraft:hurt_on_condition": {
				"damage_conditions": [
					{
						"filters": {
							"test": "in_lava",
							"subject": "self",
							"operator": "==",
							"value": true
						},
						"cause": "lava",
						"damage_per_tick": 4
					}
				]
			},
			"minecraft:navigation.walk": {
				"can_path_over_water": true
			},
			"minecraft:movement.basic": {},
			"minecraft:jump.static": {},
			"minecraft:nameable": {},
			"minecraft:behavior.hurt_by_target": {
				"priority": 1
			},
			"minecraft:conditional_bandwidth_optimization": {},
			"minecraft:physics": {},
			"minecraft:pushable": {
				"is_pushable": false,
				"is_pushable_by_piston": true
			},
			"minecraft:follow_range": {
				"value": 64
			},
			"minecraft:interact": {
				"interactions": [
					{
						"on_interact": {
							"filters": {
								"all_of": [
									{
										"test": "is_family",
										"subject": "other",
										"value": "player"
									},
									{
										"test": "has_tag",
										"subject": "other",
										"operator": "==",
										"value": "piglin"
									},
									{
										"test": "has_equipment",
										"domain": "hand",
										"subject": "other",
										"value": "df:wrench"
									},
									{
										"test": "is_missing_health",
										"value": true
									}
								]
							}
						},
						"hurt_item": 10,
						"health_amount": 10,
						"play_sounds": "irongolem.repair",
						"interact_text": "action.interact.repair"
					},
					{
						"on_interact": {
							"filters": {
								"all_of": [
									{
										"test": "is_family",
										"subject": "other",
										"value": "player"
									},
									{
										"test": "has_tag",
										"subject": "other",
										"operator": "==",
										"value": "piglin"
									},
									{
										"test": "has_equipment",
										"domain": "hand",
										"subject": "other",
										"value": "gold_block"
									}
								]
							}
						},
						"use_item": true,
						"cooldown": 1,
						"play_sounds": "ambient",
						"interact_text": "action.interact.armorstand.equip",
						"spawn_entities": [
							"df:piglin_worker<minecraft:entity_born>"
						]
					},
					{
						"on_interact": {
							"filters": {
								"all_of": [
									{
										"test": "is_family",
										"subject": "other",
										"value": "player"
									},
									{
										"test": "has_tag",
										"subject": "other",
										"operator": "==",
										"value": "piglin"
									},
									{
										"test": "has_equipment",
										"domain": "hand",
										"subject": "other",
										"value": "gold_ingot"
									}
								]
							}
						},
						"use_item": true,
						"cooldown": 1,
						"play_sounds": "ambient",
						"interact_text": "action.interact.armorstand.equip",
						"spawn_entities": [
							"piglin"
						]
					},
					{
						"on_interact": {
							"filters": {
								"all_of": [
									{
										"test": "is_family",
										"subject": "other",
										"value": "player"
									},
									{
										"test": "has_tag",
										"subject": "other",
										"operator": "==",
										"value": "piglin"
									},
									{
										"test": "has_equipment",
										"domain": "hand",
										"subject": "other",
										"value": "gold_nugget"
									}
								]
							}
						},
						"use_item": true,
						"cooldown": 1,
						"play_sounds": "ambient",
						"interact_text": "action.interact.armorstand.equip",
						"spawn_entities": [
							"df:piglin_helper"
						]
					},
					{
						"on_interact": {
							"filters": {
								"all_of": [
									{
										"test": "is_family",
										"subject": "other",
										"value": "player"
									},
									{
										"test": "has_tag",
										"subject": "other",
										"operator": "==",
										"value": "piglin"
									},
									{
										"test": "has_equipment",
										"domain": "hand",
										"subject": "other",
										"value": "diamond"
									}
								]
							}
						},
						"use_item": true,
						"cooldown": 1,
						"play_sounds": "ambient",
						"interact_text": "action.interact.armorstand.equip",
						"spawn_entities": [
							"piglin_brute"
						]
					},
					{
						"on_interact": {
							"filters": {
								"all_of": [
									{
										"test": "is_family",
										"subject": "other",
										"value": "player"
									},
									{
										"test": "has_tag",
										"subject": "other",
										"operator": "==",
										"value": "piglin"
									},
									{
										"test": "has_equipment",
										"domain": "hand",
										"subject": "other",
										"value": "iron_ingot"
									}
								]
							}
						},
						"use_item": true,
						"cooldown": 1,
						"play_sounds": "ambient",
						"interact_text": "action.interact.armorstand.equip",
						"spawn_entities": [
							"df:piglin_gun"
						]
					},
					{
						"on_interact": {
							"filters": {
								"all_of": [
									{
										"test": "is_family",
										"subject": "other",
										"value": "player"
									},
									{
										"test": "has_tag",
										"subject": "other",
										"operator": "==",
										"value": "piglin"
									},
									{
										"test": "has_equipment",
										"domain": "hand",
										"subject": "other",
										"value": "netherite_ingot"
									}
								]
							}
						},
						"use_item": true,
						"cooldown": 1,
						"play_sounds": "ambient",
						"interact_text": "action.interact.armorstand.equip",
						"spawn_entities": [
							"df:piglin_brute_rifle",
							"df:piglin_brute_rifle",
							"df:piglin_brute_rifle",
							"df:piglin_brute_rifle",
							"df:piglin_brute_smg",
							"df:piglin_brute_smg",
							"df:piglin_brute_smg",
							"df:piglin_brute_smg",
							"df:piglin_brute_smg",
							"piglin_brute",
							"piglin_brute",
							"piglin_brute",
							"piglin_brute",
							"piglin_brute"
						]
					}
				]
			},
			"minecraft:damage_sensor": {
				"triggers": [
					{
						"on_damage": {
							"filters": {
								"all_of": [
									{
										"test": "is_family",
										"subject": "other",
										"value": "piglin"
									}
								]
							}
						},
						"deals_damage": false
					},
					{
						"on_damage": {
							"filters": {
								"all_of": [
									{
										"test": "is_family",
										"subject": "other",
										"value": "player"
									},
									{
										"test": "has_tag",
										"subject": "other",
										"operator": "==",
										"value": "piglin"
									},
									{
										"test": "has_equipment",
										"subject": "other",
										"operator": "==",
										"value": "df:wrench"
									}
								]
							},
							"event": "despawn",
							"target": "self"
						},
						"deals_damage": false
					},
					{
						"on_damage": {
							"filters": {
								"all_of": [
									{
										"test": "is_family",
										"subject": "other",
										"value": "player"
									},
									{
										"test": "has_tag",
										"subject": "other",
										"operator": "==",
										"value": "piglin"
									}
								]
							}
						},
						"deals_damage": false
					}
				]
			},
			"minecraft:scale": {
				"value": 1.5
			}
		},
		"events": {
			"minecraft:entity_spawned": {
				"add": {
					"component_groups": [
						"ranged_unit",
						"alert_for_attack_targets",
						"spawn"
					]
				}
			},
			"despawn": {
				"add": {
					"component_groups": [
						"df:despawn"
					]
				}
			},
			"minecraft:entity_transformed": {
				"add": {
					"component_groups": [
						"ranged_unit",
						"alert_for_attack_targets"
					]
				}
			}
		}
	}
}