{
	"format_version": "1.19.0",
	"minecraft:entity": {
		"description": {
			"identifier": "df:piglin_machine",
			"is_spawnable": false,
			"is_summonable": true,
			"is_experimental": false
		},
		"component_groups": {
			"despawn": {
				"minecraft:instant_despawn": {
					"remove_child_entities": false
				},
				"minecraft:spawn_entity": {
					"entities": {
						"min_wait_time": 0,
						"max_wait_time": 0,
						"num_to_spawn": 1,
						"single_use": true,
						"spawn_item": "df:piglin_machine"
					}
				}
			}
		},
		"components": {
			"minecraft:nameable": {},
			"minecraft:type_family": {
				"family": [
					"piglin_machine",
					"medium_machine",
					"piglin",
					"stay"
				]
			},
			"minecraft:collision_box": {
				"width": 1.5,
				"height": 2.5
			},
			"minecraft:movement.basic": {},
			"minecraft:navigation.walk": {
				"is_amphibious": true,
				"can_walk": true,
				"can_jump": true
			},
			"minecraft:jump.static": {},
			"minecraft:can_climb": {},
			"minecraft:health": {
				"value": 200,
				"max": 200
			},
			"minecraft:hurt_on_condition": {
				"damage_conditions": [
					{
						"filters": {
							"test": "in_lava",
							"subject": "self",
							"operator": "==",
							"value": true
						},
						"cause": "lava",
						"damage_per_tick": 1
					}
				]
			},
			"minecraft:breathable": {
				"total_supply": 15,
				"suffocate_time": 0,
				"breathes_air": true,
				"breathes_water": true
			},
			"minecraft:physics": {},
			"minecraft:pushable": {
				"is_pushable": true,
				"is_pushable_by_piston": true
			},
			"minecraft:rideable": {
				"family_types": [
					"player"
				],
				"interact_text": "action.interact.ride.minecart",
				"seat_count": 1,
				"seats": {
					"position": [
						0,
						1.5,
						-0.2
					]
				}
			},
			"minecraft:horse.jump_strength": {
				"value": {
					"range_min": 0.4,
					"range_max": 1
				}
			},
			"minecraft:behavior.controlled_by_player": {
				"priority": 0,
				"mount_speed_multiplier": 1.2,
				"fractional_rotation": 0.5,
				"fractional_rotation_limit": 5
			},
			"minecraft:jump.dynamic": {},
			"minecraft:input_ground_controlled": {},
			"minecraft:movement": {
				"value": 0.15
			},
			"minecraft:break_blocks": {
				"breakable_blocks": [
					"bamboo",
					"bamboo_sapling",
					"beetroot",
					"brown_mushroom",
					"carrots",
					"carved_pumpkin",
					"chorus_flower",
					"chorus_plant",
					"deadbush",
					"double_plant",
					"leaves",
					"leaves2",
					"lit_pumpkin",
					"melon_block",
					"melon_stem",
					"potatoes",
					"pumpkin",
					"pumpkin_stem",
					"red_flower",
					"red_mushroom",
					"crimson_fungus",
					"warped_fungus",
					"reeds",
					"sapling",
					"snow_layer",
					"sweet_berry_bush",
					"tallgrass",
					"turtle_egg",
					"vine",
					"waterlily",
					"wheat",
					"yellow_flower"
				]
			},
			"minecraft:interact": {
				"interactions": [
					{
						"interact_text": "action.interact.armorstand.equip",
						"play_sounds": "armor.equip_leather",
						"on_interact": {
							"filters": {
								"all_of": [
									{
										"test": "is_family",
										"subject": "other",
										"value": "player"
									},
									{
										"test": "has_tag",
										"subject": "other",
										"operator": "==",
										"value": "piglin"
									},
									{
										"test": "has_equipment",
										"subject": "other",
										"domain": "hand",
										"operator": "==",
										"value": "df:wrench"
									},
									{
										"test": "is_missing_health",
										"subject": "self",
										"value": true
									}
								]
							}
						},
						"health_amount": 50,
						"hurt_item": 2
					}
				]
			},
			"minecraft:damage_sensor": {
				"triggers": [
					{
						"on_damage": {
							"filters": {
								"all_of": [
									{
										"test": "is_family",
										"subject": "other",
										"value": "piglin"
									}
								]
							}
						},
						"deals_damage": false
					},
					{
						"on_damage": {
							"filters": {
								"all_of": [
									{
										"test": "is_family",
										"subject": "other",
										"value": "player"
									},
									{
										"test": "has_tag",
										"subject": "other",
										"operator": "==",
										"value": "piglin"
									},
									{
										"test": "has_equipment",
										"subject": "other",
										"operator": "==",
										"value": "df:wrench"
									}
								]
							},
							"event": "despawn"
						},
						"deals_damage": false
					},
					{
						"on_damage": {
							"filters": {
								"all_of": [
									{
										"test": "is_family",
										"subject": "other",
										"value": "player"
									},
									{
										"test": "has_tag",
										"subject": "other",
										"operator": "==",
										"value": "piglin"
									}
								]
							}
						},
						"deals_damage": false
					},
					{
						"cause": "fire_tick",
						"deals_damage": false
					},
					{
						"cause": "fall",
						"deals_damage": false
					}
				]
			},
			"minecraft:knockback_resistance": {
				"value": 0.9
			}
		},
		"events": {
			"despawn": {
				"add": {
					"component_groups": [
						"despawn"
					]
				}
			}
		}
	}
}