{
	"format_version": "1.18.20",
	"minecraft:entity": {
		"description": {
			"identifier": "minecraft:piglin_brute",
			"is_spawnable": true,
			"is_summonable": true,
			"is_experimental": false
		},
		"component_groups": {
			"zombification_sensor": {
				"minecraft:environment_sensor": {
					"triggers": {
						"filters": {
							"test": "in_nether",
							"subject": "self",
							"operator": "==",
							"value": false
						},
						"event": "start_zombification_event"
					}
				}
			},
			"start_zombification": {
				"minecraft:is_shaking": {},
				"minecraft:environment_sensor": {
					"triggers": {
						"filters": {
							"test": "in_nether",
							"subject": "self",
							"operator": "==",
							"value": true
						},
						"event": "stop_zombification_event"
					}
				},
				"minecraft:timer": {
					"looping": false,
					"time": 15,
					"time_down_event": {
						"event": "become_zombie_event"
					}
				}
			},
			"become_zombie": {
				"minecraft:transformation": {
					"into": "minecraft:zombie_pigman",
					"transformation_sound": "converted_to_zombified",
					"keep_level": true,
					"preserve_equipment": true
				}
			},
			"on_kill": {
				"minecraft:spell_effects": {
					"add_effects": [
						{
							"effect": "regeneration",
							"amplifier": 2,
							"duration": 5
						}
					],
					"remove_effects": "strength"
				}
			},
			"on_attack": {
				"minecraft:spell_effects": {
					"add_effects": [
						{
							"effect": "strength",
							"amplifier": 3,
							"duration": 5
						}
					]
				}
			},
			"melee_unit": {
				"minecraft:behavior.melee_attack": {
					"priority": 4,
					"speed_multiplier": 1,
					"track_target": true,
					"on_kill": {
						"event": "on_kill",
						"target": "self"
					},
					"on_attack": {
						"event": "on_attack",
						"target": "self"
					}
				},
				"minecraft:attack": {
					"damage": 7
				},
				"minecraft:equipment": {
					"table": "loot_tables/entities/piglin_brute_gear.json"
				},
				"minecraft:variant": {
					"value": 1
				}
			},
			"angry": {
				"minecraft:angry": {
					"duration": 30,
					"broadcast_anger": false,
					"broadcast_anger_on_attack": false,
					"broadcast_anger_on_being_attacked": true,
					"broadcast_range": 16,
					"broadcast_targets": [
						"piglin"
					],
					"calm_event": {
						"event": "become_calm_event",
						"target": "self"
					},
					"filters": {
						"all_of": [
							{
								"test": "is_family",
								"subject": "other",
								"operator": "!=",
								"value": "piglin"
							}
						]
					},
					"angry_sound": "angry",
					"sound_interval": {
						"range_min": 2,
						"range_max": 5
					}
				}
			},
			"alert_for_attack_targets": {
				"minecraft:behavior.nearest_prioritized_attackable_target": {
					"priority": 3,
					"within_radius": 12,
					"persist_time": 2,
					"must_see": true,
					"entity_types": [
						{
							"filters": {
								"all_of": [
									{
										"test": "is_family",
										"subject": "other",
										"value": "player"
									},
									{
										"test": "has_tag",
										"subject": "other",
										"operator": "!=",
										"value": "piglin"
									}
								]
							},
							"max_dist": 12,
							"priority": 0
						},
						{
							"filters": {
								"test": "is_family",
								"subject": "other",
								"value": "wither"
							},
							"max_dist": 12,
							"priority": 1
						},
						{
							"filters": {
								"test": "is_family",
								"subject": "other",
								"value": "boss"
							},
							"max_dist": 40,
							"priority": 1
						},
						{
							"filters": {
								"test": "is_family",
								"subject": "other",
								"value": "illager"
							},
							"max_dist": 12,
							"priority": 2
						},
						{
							"filters": {
								"test": "is_family",
								"subject": "other",
								"value": "irongolem"
							},
							"max_dist": 12,
							"priority": 3
						},
						{
							"filters": {
								"test": "is_family",
								"subject": "other",
								"value": "villager"
							},
							"max_dist": 12,
							"priority": 4
						}
					]
				}
			},
			"take_target_as_response_to_block_break": {
				"minecraft:behavior.nearest_attackable_target": {
					"priority": 3,
					"entity_types": [
						{
							"filters": {
								"all_of": [
									{
										"test": "is_family",
										"subject": "other",
										"value": "player"
									},
									{
										"test": "has_tag",
										"subject": "other",
										"operator": "!=",
										"value": "piglin"
									}
								]
							},
							"max_dist": 16
						}
					]
				}
			},
			"go_back_to_spawn": {
				"minecraft:behavior.go_home": {
					"priority": 6,
					"interval": 200,
					"speed_multiplier": 0.6,
					"goal_radius": 4,
					"on_failed": [
						{
							"event": "go_back_to_spawn_failed",
							"target": "self"
						}
					]
				}
			},
			"can_overworld": {
				"minecraft:skin_id": {
					"value": 1
				},
				"minecraft:behavior.float": {
					"priority": 0
				},
				"minecraft:behavior.move_to_village": {
					"priority": 6,
					"speed_multiplier": 1.2,
					"goal_radius": 1
				}
			},
			"despawn": {
				"minecraft:despawn": {
					"filters": {
						"any_of": [
							{
								"all_of": [
									{
										"test": "is_persistent",
										"value": false
									},
									{
										"test": "distance_to_nearest_player",
										"operator": ">",
										"value": 54
									}
								]
							},
							{
								"all_of": [
									{
										"test": "is_persistent",
										"value": false
									},
									{
										"test": "inactivity_timer",
										"subject": "self",
										"value": 30
									},
									{
										"test": "random_chance",
										"value": 800
									},
									{
										"test": "distance_to_nearest_player",
										"operator": ">",
										"value": 32
									}
								]
							}
						]
					}
				}
			},
			"summon": {
				"minecraft:equipment": {
					"table": "loot_tables/brute_summon_gear.json"
				}
			},
			"loot": {
				"minecraft:loot": {
					"table": "loot_tables/entities/piglin.json"
				}
			}
		},
		"components": {
			"minecraft:is_hidden_when_invisible": {},
			"minecraft:collision_box": {
				"width": 0.6,
				"height": 1.9
			},
			"minecraft:type_family": {
				"family": [
					"piglin",
					"adult_piglin",
					"piglin_brute",
					"monster"
				]
			},
			"minecraft:home": {},
			"minecraft:conditional_bandwidth_optimization": {},
			"minecraft:experience_reward": {
				"on_death": "query.last_hit_by_player?20:0"
			},
			"minecraft:on_target_acquired": {
				"event": "become_angry_event",
				"target": "self"
			},
			"minecraft:breathable": {
				"total_supply": 15,
				"suffocate_time": 0
			},
			"minecraft:health": {
				"value": 70,
				"max": 70
			},
			"minecraft:hurt_on_condition": {
				"damage_conditions": [
					{
						"filters": {
							"test": "in_lava",
							"subject": "self",
							"operator": "==",
							"value": true
						},
						"cause": "lava",
						"damage_per_tick": 4
					}
				]
			},
			"minecraft:movement": {
				"value": 0.35
			},
			"minecraft:navigation.walk": {
				"can_path_over_water": true,
				"can_open_doors": true
			},
			"minecraft:annotation.open_door": {},
			"minecraft:movement.basic": {},
			"minecraft:jump.static": {},
			"minecraft:nameable": {},
			"minecraft:behavior.hurt_by_target": {
				"priority": 1
			},
			"minecraft:behavior.random_stroll": {
				"priority": 7,
				"speed_multiplier": 0.6
			},
			"minecraft:behavior.look_at_player": {
				"priority": 8,
				"look_distance": 8
			},
			"minecraft:behavior.random_look_around": {
				"priority": 9
			},
			"minecraft:physics": {},
			"minecraft:pushable": {
				"is_pushable": true,
				"is_pushable_by_piston": true
			},
			"minecraft:follow_range": {
				"value": 64
			},
			"minecraft:interact": {
				"interactions": [
					{
						"use_item": true,
						"interact_text": "action.interact.armorstand.equip",
						"play_sounds": "armor.equip_leather",
						"on_interact": {
							"filters": {
								"all_of": [
									{
										"test": "is_family",
										"subject": "other",
										"value": "player"
									},
									{
										"test": "has_tag",
										"subject": "other",
										"operator": "==",
										"value": "piglin"
									},
									{
										"test": "is_skin_id",
										"subject": "self",
										"operator": "!=",
										"value": 1
									},
									{
										"test": "has_equipment",
										"subject": "other",
										"domain": "hand",
										"operator": "==",
										"value": "df:thermal_suit"
									}
								]
							},
							"event": "can_overworld",
							"target": "self"
						}
					}
				]
			},
			"minecraft:admire_item": {
				"cooldown_after_being_attacked": 10,
				"duration": 1
			},
			"minecraft:behavior.admire_item": {
				"priority": 1
			},
			"minecraft:damage_sensor": {
				"triggers": [
					{
						"on_damage": {
							"filters": {
								"all_of": [
									{
										"test": "is_family",
										"subject": "other",
										"value": "piglin"
									}
								]
							}
						},
						"deals_damage": false
					},
					{
						"on_damage": {
							"filters": {
								"all_of": [
									{
										"test": "is_family",
										"subject": "other",
										"value": "player"
									},
									{
										"test": "has_tag",
										"subject": "other",
										"operator": "==",
										"value": "piglin"
									}
								]
							}
						},
						"deals_damage": false
					}
				]
			},
			"minecraft:group_size": {
				"radius": 32,
				"filters": {
					"all_of": [
						{
							"test": "is_family",
							"value": "piglin_brute"
						}
					]
				}
			},
			"minecraft:equip_item": {},
			"minecraft:behavior.equip_item": {
				"priority": 2
			},
			"minecraft:behavior.pickup_items": {
				"priority": 3,
				"max_dist": 3,
				"goal_radius": 2,
				"speed_multiplier": 1,
				"pickup_based_on_chance": false,
				"can_pickup_any_item": true,
				"can_pickup_to_hand_or_equipment": true,
				"excluded_items": [
					"shield"
				]
			},
			"minecraft:shareables": {
				"all_items_want_amount": 1,
				"all_items_surplus_amount": 1,
				"all_items": true,
				"items": [
					{
						"priority": 0,
						"item": "netherite_axe",
						"want_amount": 1,
						"surplus_amount": 1,
						"admire": true
					},
					{
						"priority": 1,
						"item": "diamond_axe",
						"surplus_amount": 1,
						"want_amount": 1,
						"admire": true
					},
					{
						"priority": 2,
						"item": "iron_axe",
						"want_amount": 1,
						"surplus_amount": 1,
						"admire": true
					},
					{
						"priority": 3,
						"item": "stone_axe",
						"want_amount": 1,
						"surplus_amount": 1,
						"admire": true
					},
					{
						"priority": 4,
						"item": "wooden_axe",
						"want_amount": 1,
						"surplus_amount": 1,
						"admire": true
					},
					{
						"priority": 5,
						"item": "golden_axe",
						"surplus_amount": 1,
						"want_amount": 1,
						"admire": true
					},
					{
						"item": "minecraft:netherite_helmet",
						"want_amount": 1,
						"surplus_amount": 1,
						"priority": 0
					},
					{
						"item": "w:obsidian_helmet",
						"want_amount": 1,
						"surplus_amount": 1,
						"priority": 1
					},
					{
						"item": "minecraft:diamond_helmet",
						"want_amount": 1,
						"surplus_amount": 1,
						"priority": 2
					},
					{
						"item": "df:villager_soldier_helmet",
						"want_amount": 1,
						"surplus_amount": 1,
						"priority": 3
					},
					{
						"item": "w:quartz_helmet",
						"want_amount": 1,
						"surplus_amount": 1,
						"priority": 4
					},
					{
						"item": "minecraft:iron_helmet",
						"want_amount": 1,
						"surplus_amount": 1,
						"priority": 5
					},
					{
						"item": "minecraft:chainmail_helmet",
						"want_amount": 1,
						"surplus_amount": 1,
						"priority": 6
					},
					{
						"item": "w:amethyst_helmet",
						"want_amount": 1,
						"surplus_amount": 1,
						"priority": 7
					},
					{
						"item": "w:copper_helmet",
						"want_amount": 1,
						"surplus_amount": 1,
						"priority": 8
					},
					{
						"item": "minecraft:golden_helmet",
						"want_amount": 1,
						"surplus_amount": 1,
						"priority": 9
					},
					{
						"item": "minecraft:leather_helmet",
						"want_amount": 1,
						"surplus_amount": 1,
						"priority": 10
					},
					{
						"item": "minecraft:turtle_helmet",
						"want_amount": 1,
						"surplus_amount": 1,
						"priority": 11
					},
					{
						"item": "minecraft:netherite_chestplate",
						"want_amount": 1,
						"surplus_amount": 1,
						"priority": 0
					},
					{
						"item": "w:obsidian_chestplate",
						"want_amount": 1,
						"surplus_amount": 1,
						"priority": 1
					},
					{
						"item": "minecraft:diamond_chestplate",
						"want_amount": 1,
						"surplus_amount": 1,
						"priority": 2
					},
					{
						"item": "df:villager_soldier_chestplate",
						"want_amount": 1,
						"surplus_amount": 1,
						"priority": 3
					},
					{
						"item": "df:turtle_chestplate",
						"want_amount": 1,
						"surplus_amount": 1,
						"priority": 4
					},
					{
						"item": "w:quartz_chestplate",
						"want_amount": 1,
						"surplus_amount": 1,
						"priority": 5
					},
					{
						"item": "minecraft:iron_chestplate",
						"want_amount": 1,
						"surplus_amount": 1,
						"priority": 6
					},
					{
						"item": "df:soldier_leather_armor_chestplate",
						"want_amount": 1,
						"surplus_amount": 1,
						"priority": 7
					},
					{
						"item": "minecraft:chainmail_chestplate",
						"want_amount": 1,
						"surplus_amount": 1,
						"priority": 8
					},
					{
						"item": "w:amethyst_chestplate",
						"want_amount": 1,
						"surplus_amount": 1,
						"priority": 9
					},
					{
						"item": "w:copper_chestplate",
						"want_amount": 1,
						"surplus_amount": 1,
						"priority": 10
					},
					{
						"item": "minecraft:golden_chestplate",
						"want_amount": 1,
						"surplus_amount": 1,
						"priority": 11
					},
					{
						"item": "minecraft:leather_chestplate",
						"want_amount": 1,
						"surplus_amount": 1,
						"priority": 12
					},
					{
						"item": "minecraft:netherite_leggings",
						"want_amount": 1,
						"surplus_amount": 1,
						"priority": 0
					},
					{
						"item": "w:obsidian_leggings",
						"want_amount": 1,
						"surplus_amount": 1,
						"priority": 1
					},
					{
						"item": "minecraft:diamond_leggings",
						"want_amount": 1,
						"surplus_amount": 1,
						"priority": 2
					},
					{
						"item": "df:villager_soldier_leggings",
						"want_amount": 1,
						"surplus_amount": 1,
						"priority": 3
					},
					{
						"item": "w:quartz_leggings",
						"want_amount": 1,
						"surplus_amount": 1,
						"priority": 4
					},
					{
						"item": "minecraft:iron_leggings",
						"want_amount": 1,
						"surplus_amount": 1,
						"priority": 5
					},
					{
						"item": "minecraft:chainmail_leggings",
						"want_amount": 1,
						"surplus_amount": 1,
						"priority": 6
					},
					{
						"item": "w:amethyst_leggings",
						"want_amount": 1,
						"surplus_amount": 1,
						"priority": 7
					},
					{
						"item": "w:copper_leggings",
						"want_amount": 1,
						"surplus_amount": 1,
						"priority": 8
					},
					{
						"item": "minecraft:golden_leggings",
						"want_amount": 1,
						"surplus_amount": 1,
						"priority": 9
					},
					{
						"item": "minecraft:leather_leggings",
						"want_amount": 1,
						"surplus_amount": 1,
						"priority": 10
					},
					{
						"item": "minecraft:netherite_boots",
						"want_amount": 1,
						"surplus_amount": 1,
						"priority": 0
					},
					{
						"item": "w:obsidian_boots",
						"want_amount": 1,
						"surplus_amount": 1,
						"priority": 1
					},
					{
						"item": "minecraft:diamond_boots",
						"want_amount": 1,
						"surplus_amount": 1,
						"priority": 2
					},
					{
						"item": "df:villager_soldier_boots",
						"want_amount": 1,
						"surplus_amount": 1,
						"priority": 3
					},
					{
						"item": "w:quartz_boots",
						"want_amount": 1,
						"surplus_amount": 1,
						"priority": 4
					},
					{
						"item": "minecraft:iron_boots",
						"want_amount": 1,
						"surplus_amount": 1,
						"priority": 5
					},
					{
						"item": "minecraft:chainmail_boots",
						"want_amount": 1,
						"surplus_amount": 1,
						"priority": 6
					},
					{
						"item": "w:amethyst_boots",
						"want_amount": 1,
						"surplus_amount": 1,
						"priority": 7
					},
					{
						"item": "w:copper_boots",
						"want_amount": 1,
						"surplus_amount": 1,
						"priority": 8
					},
					{
						"item": "minecraft:golden_boots",
						"want_amount": 1,
						"surplus_amount": 1,
						"priority": 9
					},
					{
						"item": "minecraft:leather_boots",
						"want_amount": 1,
						"surplus_amount": 1,
						"priority": 10
					}
				]
			},
			"minecraft:behavior.tempt": {
				"priority": 1,
				"within_radius": 20,
				"speed_multiplier": 1.6,
				"can_tempt_while_ridden": true,
				"can_tempt_vertically": true,
				"items": [
					"df:walkie_talkie"
				]
			}
		},
		"events": {
			"minecraft:entity_spawned": {
				"sequence": [
					{
						"add": {
							"component_groups": [
								"zombification_sensor",
								"alert_for_attack_targets",
								"melee_unit",
								"go_back_to_spawn",
								"despawn",
								"loot",
								"summon"
							]
						}
					},
					{
						"filters": {
							"test": "in_nether",
							"subject": "self",
							"operator": "==",
							"value": false
						},
						"trigger": "can_overworld"
					},
					{
						"filters": {
							"test": "in_nether",
							"subject": "self",
							"operator": "==",
							"value": true
						},
						"remove": {
							"component_groups": [
								"can_overworld"
							]
						}
					}
				]
			},
			"minecraft:entity_transformed": {
				"sequence": [
					{
						"add": {
							"component_groups": [
								"zombification_sensor",
								"alert_for_attack_targets",
								"melee_unit",
								"go_back_to_spawn",
								"loot"
							]
						}
					},
					{
						"filters": {
							"test": "is_skin_id",
							"subject": "other",
							"value": 1
						},
						"trigger": "can_overworld"
					},
					{
						"filters": {
							"test": "is_skin_id",
							"subject": "other",
							"value": 0
						},
						"remove": {
							"component_groups": [
								"can_overworld"
							]
						}
					},
					{
						"filters": {
							"test": "is_family",
							"subject": "other",
							"value": "piglin_raid"
						},
						"remove": {
							"component_groups": [
								"loot"
							]
						},
						"add": {
							"component_groups": [
								"summon"
							]
						}
					}
				]
			},
			"stop_zombification_event": {
				"add": {
					"component_groups": [
						"zombification_sensor"
					]
				},
				"remove": {
					"component_groups": [
						"start_zombification"
					]
				}
			},
			"start_zombification_event": {
				"add": {
					"component_groups": [
						"start_zombification"
					]
				},
				"remove": {
					"component_groups": [
						"zombification_sensor"
					]
				}
			},
			"become_angry_event": {
				"add": {
					"component_groups": [
						"angry"
					]
				}
			},
			"become_calm_event": {
				"remove": {
					"component_groups": [
						"angry"
					]
				},
				"add": {
					"component_groups": [
						"alert_for_attack_targets"
					]
				}
			},
			"become_zombie_event": {
				"add": {
					"component_groups": [
						"become_zombie"
					]
				}
			},
			"important_block_destroyed_event": {
				"remove": {
					"component_groups": [
						"alert_for_attack_targets"
					]
				},
				"add": {
					"component_groups": [
						"take_target_as_response_to_block_break"
					]
				}
			},
			"go_back_to_spawn_failed": {
				"remove": {
					"component_groups": [
						"go_back_to_spawn"
					]
				}
			},
			"can_overworld": {
				"add": {
					"component_groups": [
						"can_overworld"
					]
				},
				"remove": {
					"component_groups": [
						"zombification_sensor",
						"start_zombification",
						"become_zombie"
					]
				}
			},
			"on_kill": {
				"add": {
					"component_groups": [
						"on_kill"
					]
				},
				"remove": {
					"component_groups": [
						"on_attack"
					]
				}
			},
			"on_attack": {
				"add": {
					"component_groups": [
						"on_attack"
					]
				},
				"remove": {
					"component_groups": [
						"on_kill"
					]
				}
			}
		}
	}
}