{
	"format_version": "1.16.0",
	"minecraft:entity": {
		"description": {
			"identifier": "df:piglin_helper",
			"is_spawnable": true,
			"is_summonable": true,
			"is_experimental": false
		},
		"component_groups": {
			"zombification_sensor": {
				"minecraft:environment_sensor": {
					"triggers": {
						"filters": {
							"test": "in_nether",
							"subject": "self",
							"operator": "==",
							"value": false
						},
						"event": "start_zombification_event"
					}
				}
			},
			"start_zombification": {
				"minecraft:is_shaking": {},
				"minecraft:environment_sensor": {
					"triggers": {
						"filters": {
							"test": "in_nether",
							"subject": "self",
							"operator": "==",
							"value": true
						},
						"event": "stop_zombification_event"
					}
				},
				"minecraft:timer": {
					"looping": false,
					"time": 15,
					"time_down_event": {
						"event": "become_zombie_event"
					}
				}
			},
			"become_zombie": {
				"minecraft:transformation": {
					"into": "minecraft:zombie_pigman",
					"transformation_sound": "converted_to_zombified",
					"keep_level": true,
					"preserve_equipment": true
				}
			},
			"can_overworld": {
				"minecraft:skin_id": {
					"value": 1
				},
				"minecraft:behavior.float": {
					"priority": 7
				},
				"minecraft:behavior.move_to_village": {
					"priority": 6,
					"speed_multiplier": 1.2,
					"goal_radius": 1
				}
			},
			"trade": {
				"minecraft:interact": {
					"interactions": [
						{
							"use_item": true,
							"interact_text": "action.interact.armorstand.equip",
							"play_sounds": "armor.equip_leather",
							"on_interact": {
								"filters": {
									"all_of": [
										{
											"test": "is_family",
											"subject": "other",
											"value": "player"
										},
										{
											"test": "has_tag",
											"subject": "other",
											"operator": "==",
											"value": "piglin"
										},
										{
											"test": "is_skin_id",
											"subject": "self",
											"operator": "!=",
											"value": 1
										},
										{
											"test": "has_equipment",
											"subject": "other",
											"domain": "hand",
											"operator": "==",
											"value": "df:thermal_suit"
										}
									]
								},
								"event": "can_overworld",
								"target": "self"
							}
						}
					]
				}
			},
			"spawn_hoglin": {
				"minecraft:spawn_entity": {
					"entities": {
						"min_wait_time": 0,
						"max_wait_time": 0,
						"num_to_spawn": 1,
						"single_use": true,
						"spawn_entity": "df:hoglin_saddled",
						"spawn_event": "minecraft:entity_spawned"
					}
				}
			}
		},
		"components": {
			"minecraft:is_hidden_when_invisible": {},
			"minecraft:type_family": {
				"family": [
					"piglin_helper",
					"mob",
					"piglin"
				]
			},
			"minecraft:collision_box": {
				"width": 0.6,
				"height": 1.9
			},
			"minecraft:breathable": {
				"totalSupply": 15,
				"suffocateTime": 0
			},
			"minecraft:nameable": {},
			"minecraft:leashable": {
				"soft_distance": 4,
				"hard_distance": 6,
				"max_distance": 10
			},
			"minecraft:health": {
				"value": 20
			},
			"minecraft:hurt_on_condition": {
				"damage_conditions": [
					{
						"filters": {
							"test": "in_lava",
							"subject": "self",
							"operator": "==",
							"value": true
						},
						"cause": "lava",
						"damage_per_tick": 4
					}
				]
			},
			"minecraft:damage_sensor": {
				"triggers": [
					{
						"on_damage": {
							"filters": {
								"all_of": [
									{
										"test": "is_family",
										"subject": "other",
										"value": "player"
									},
									{
										"test": "is_owner",
										"subject": "other",
										"value": true
									},
									{
										"test": "has_tag",
										"subject": "other",
										"operator": "==",
										"value": "piglin"
									}
								]
							}
						},
						"deals_damage": false
					},
					{
						"on_damage": {
							"filters": {
								"all_of": [
									{
										"test": "is_family",
										"subject": "other",
										"value": "piglin"
									}
								]
							}
						},
						"deals_damage": false
					}
				]
			},
			"minecraft:movement": {
				"value": 0.35
			},
			"minecraft:navigation.walk": {
				"can_path_over_water": true,
				"can_open_doors": true
			},
			"minecraft:annotation.open_door": {},
			"minecraft:movement.basic": {},
			"minecraft:follow_range": {
				"value": 1024
			},
			"minecraft:jump.static": {},
			"minecraft:physics": {
				"has_gravity": true
			},
			"minecraft:pushable": {
				"is_pushable": true,
				"is_pushable_by_piston": true
			},
			"minecraft:conditional_bandwidth_optimization": {},
			"minecraft:inventory": {
				"inventory_size": 32
			},
			"minecraft:behavior.panic": {
				"priority": 1,
				"speed_multiplier": 1.2
			},
			"minecraft:behavior.float": {
				"priority": 0
			},
			"minecraft:behavior.look_at_player": {
				"priority": 8,
				"target_distance": 6,
				"probability": 0.02
			},
			"minecraft:behavior.random_look_around": {
				"priority": 8
			},
			"minecraft:behavior.random_stroll": {
				"priority": 7,
				"speed_multiplier": 0.7
			},
			"minecraft:behavior.trade_with_player": {
				"priority": 1
			},
			"minecraft:behavior.trade_interest": {
				"priority": 3,
				"within_radius": 6,
				"interest_time": 45,
				"remove_item_time": 1,
				"carried_item_switch_time": 2,
				"cooldown": 2
			},
			"minecraft:behavior.look_at_trading_player": {
				"priority": 4
			},
			"minecraft:economy_trade_table": {
				"display_name": "entity.piglin_trader.name",
				"table": "trading/piglin_wandering.json",
				"new_screen": true
			}
		},
		"events": {
			"minecraft:entity_spawned": {
				"sequence": [
					{
						"add": {
							"component_groups": [
								"trade"
							]
						}
					},
					{
						"filters": {
							"test": "in_nether",
							"subject": "self",
							"operator": "==",
							"value": false
						},
						"trigger": "can_overworld"
					},
					{
						"filters": {
							"test": "in_nether",
							"subject": "self",
							"operator": "==",
							"value": true
						},
						"remove": {
							"component_groups": [
								"can_overworld"
							]
						}
					},
					{
						"randomize": [
							{
								"add": {
									"component_groups": [
										"spawn_hoglin"
									]
								},
								"weight": 30
							},
							{
								"weight": 70
							}
						]
					}
				]
			},
			"become_zombie_event": {
				"add": {
					"component_groups": [
						"become_zombie"
					]
				}
			},
			"stop_zombification_event": {
				"add": {
					"component_groups": [
						"zombification_sensor"
					]
				},
				"remove": {
					"component_groups": [
						"start_zombification"
					]
				}
			},
			"start_zombification_event": {
				"add": {
					"component_groups": [
						"start_zombification"
					]
				},
				"remove": {
					"component_groups": [
						"zombification_sensor"
					]
				}
			},
			"can_overworld": {
				"add": {
					"component_groups": [
						"can_overworld"
					]
				},
				"remove": {
					"component_groups": [
						"zombification_sensor",
						"start_zombification",
						"become_zombie"
					]
				}
			}
		}
	}
}