{
	"format_version": "1.19.60",
	"minecraft:entity": {
		"description": {
			"identifier": "df:piglin_engineer",
			"is_spawnable": true,
			"is_summonable": true,
			"is_experimental": false
		},
		"component_groups": {
			"zombification_sensor": {
				"minecraft:environment_sensor": {
					"triggers": {
						"filters": {
							"test": "in_nether",
							"subject": "self",
							"operator": "==",
							"value": false
						},
						"event": "start_zombification_event"
					}
				}
			},
			"start_zombification": {
				"minecraft:is_shaking": {},
				"minecraft:environment_sensor": {
					"triggers": {
						"filters": {
							"test": "in_nether",
							"subject": "self",
							"operator": "==",
							"value": true
						},
						"event": "stop_zombification_event"
					}
				},
				"minecraft:timer": {
					"looping": false,
					"time": 15,
					"time_down_event": {
						"event": "become_zombie_event"
					}
				}
			},
			"become_zombie": {
				"minecraft:transformation": {
					"into": "minecraft:zombie_pigman",
					"transformation_sound": "converted_to_zombified",
					"keep_level": true,
					"preserve_equipment": true
				}
			},
			"can_overworld": {
				"minecraft:skin_id": {
					"value": 1
				},
				"minecraft:behavior.float": {
					"priority": 0
				},
				"minecraft:behavior.move_to_village": {
					"priority": 6,
					"speed_multiplier": 1.2,
					"goal_radius": 1
				}
			},
			"become_machine": {
				"minecraft:transformation": {
					"into": "df:piglin_machine_has_rider",
					"transformation_sound": "celebrate"
				}
			},
			"become_machine_cannon": {
				"minecraft:transformation": {
					"into": "df:piglin_machine_cannon_has_rider",
					"transformation_sound": "celebrate"
				}
			},
			"become_piglin_tank": {
				"minecraft:transformation": {
					"into": "df:piglin_tank_has_rider",
					"transformation_sound": "celebrate"
				}
			},
			"system": {
				"minecraft:economy_trade_table": {
					"display_name": "entity.piglin_engineer.name",
					"table": "trading/piglin_engineer.json",
					"new_screen": true
				}
			}
		},
		"components": {
			"minecraft:is_hidden_when_invisible": {},
			"minecraft:type_family": {
				"family": [
					"engineer",
					"mob",
					"piglin"
				]
			},
			"minecraft:collision_box": {
				"width": 0.6,
				"height": 1.9
			},
			"minecraft:breathable": {
				"totalSupply": 15,
				"suffocateTime": 0
			},
			"minecraft:nameable": {},
			"minecraft:leashable": {
				"soft_distance": 4,
				"hard_distance": 6,
				"max_distance": 10
			},
			"minecraft:health": {
				"value": 20
			},
			"minecraft:hurt_on_condition": {
				"damage_conditions": [
					{
						"filters": {
							"test": "in_lava",
							"subject": "self",
							"operator": "==",
							"value": true
						},
						"cause": "lava",
						"damage_per_tick": 4
					}
				]
			},
			"minecraft:damage_sensor": {
				"triggers": [
					{
						"on_damage": {
							"filters": {
								"all_of": [
									{
										"test": "is_family",
										"subject": "other",
										"value": "player"
									},
									{
										"test": "is_owner",
										"subject": "other",
										"value": true
									},
									{
										"test": "has_tag",
										"subject": "other",
										"operator": "==",
										"value": "piglin"
									}
								]
							}
						},
						"deals_damage": false
					},
					{
						"on_damage": {
							"filters": {
								"all_of": [
									{
										"test": "is_family",
										"subject": "other",
										"value": "piglin"
									}
								]
							}
						},
						"deals_damage": false
					}
				]
			},
			"minecraft:movement": {
				"value": 0.35
			},
			"minecraft:navigation.walk": {
				"can_path_over_water": true,
				"can_open_doors": true
			},
			"minecraft:annotation.open_door": {},
			"minecraft:movement.basic": {},
			"minecraft:follow_range": {
				"value": 1024
			},
			"minecraft:jump.static": {},
			"minecraft:physics": {
				"has_gravity": true
			},
			"minecraft:pushable": {
				"is_pushable": true,
				"is_pushable_by_piston": true
			},
			"minecraft:conditional_bandwidth_optimization": {},
			"minecraft:inventory": {
				"inventory_size": 32
			},
			"minecraft:interact": {
				"interactions": [
					{
						"use_item": true,
						"interact_text": "action.interact.armorstand.equip",
						"play_sounds": "armor.equip_leather",
						"on_interact": {
							"filters": {
								"all_of": [
									{
										"test": "is_family",
										"subject": "other",
										"value": "player"
									},
									{
										"test": "has_tag",
										"subject": "other",
										"operator": "==",
										"value": "piglin"
									},
									{
										"test": "is_skin_id",
										"subject": "self",
										"operator": "!=",
										"value": 1
									},
									{
										"test": "has_equipment",
										"subject": "other",
										"domain": "hand",
										"operator": "==",
										"value": "df:thermal_suit"
									}
								]
							},
							"event": "can_overworld",
							"target": "self"
						}
					},
					{
						"on_interact": {
							"filters": {
								"all_of": [
									{
										"test": "is_family",
										"subject": "other",
										"value": "player"
									},
									{
										"test": "has_tag",
										"subject": "other",
										"operator": "==",
										"value": "piglin"
									},
									{
										"test": "has_equipment",
										"subject": "other",
										"operator": "==",
										"value": "df:piglin_machine"
									}
								]
							},
							"event": "become_machine",
							"target": "self"
						},
						"use_item": true,
						"interact_text": "action.interact.armorstand.equip"
					},
					{
						"on_interact": {
							"filters": {
								"all_of": [
									{
										"test": "is_family",
										"subject": "other",
										"value": "player"
									},
									{
										"test": "has_tag",
										"subject": "other",
										"operator": "==",
										"value": "piglin"
									},
									{
										"test": "has_equipment",
										"subject": "other",
										"operator": "==",
										"value": "df:piglin_machine_cannon"
									}
								]
							},
							"event": "become_machine_cannon",
							"target": "self"
						},
						"use_item": true,
						"interact_text": "action.interact.armorstand.equip"
					},
					{
						"on_interact": {
							"filters": {
								"all_of": [
									{
										"test": "is_family",
										"subject": "other",
										"value": "player"
									},
									{
										"test": "has_tag",
										"subject": "other",
										"operator": "==",
										"value": "piglin"
									},
									{
										"test": "has_equipment",
										"subject": "other",
										"operator": "==",
										"value": "df:piglin_tank"
									}
								]
							},
							"event": "become_piglin_tank",
							"target": "self"
						},
						"use_item": true,
						"interact_text": "action.interact.armorstand.equip"
					}
				]
			},
			"minecraft:behavior.panic": {
				"priority": 1,
				"speed_multiplier": 1
			},
			"minecraft:behavior.float": {
				"priority": 7
			},
			"minecraft:behavior.look_at_player": {
				"priority": 8,
				"target_distance": 6,
				"probability": 0.02
			},
			"minecraft:behavior.random_look_around": {
				"priority": 8
			},
			"minecraft:behavior.random_stroll": {
				"priority": 7,
				"speed_multiplier": 0.7
			},
			"minecraft:equipment": {
				"table": "loot_tables/wrench_gear.json"
			},
			"minecraft:economy_trade_table": {
				"display_name": "entity.piglin_engineer.name",
				"table": "trading/piglin_engineer.json",
				"new_screen": true
			},
			"minecraft:behavior.trade_with_player": {
				"priority": 1
			},
			"minecraft:behavior.look_at_trading_player": {
				"priority": 4
			}
		},
		"events": {
			"minecraft:entity_spawned": {
				"sequence": [
					{
						"add": {
							"component_groups": [
								"zombification_sensor"
							]
						}
					},
					{
						"filters": {
							"test": "in_nether",
							"subject": "self",
							"operator": "==",
							"value": false
						},
						"trigger": "can_overworld"
					},
					{
						"filters": {
							"test": "in_nether",
							"subject": "self",
							"operator": "==",
							"value": true
						},
						"remove": {
							"component_groups": [
								"can_overworld"
							]
						}
					}
				]
			},
			"minecraft:entity_transformed": {
				"sequence": [
					{
						"filters": {
							"test": "is_skin_id",
							"subject": "other",
							"value": 1
						},
						"trigger": "can_overworld"
					},
					{
						"filters": {
							"test": "is_skin_id",
							"subject": "other",
							"value": 0
						},
						"remove": {
							"component_groups": [
								"can_overworld"
							]
						}
					},
					{
						"run_command": {
							"command": [
								"event entity @s system"
							]
						}
					}
				]
			},
			"become_zombie_event": {
				"add": {
					"component_groups": [
						"become_zombie"
					]
				}
			},
			"stop_zombification_event": {
				"add": {
					"component_groups": [
						"zombification_sensor"
					]
				},
				"remove": {
					"component_groups": [
						"start_zombification"
					]
				}
			},
			"start_zombification_event": {
				"add": {
					"component_groups": [
						"start_zombification"
					]
				},
				"remove": {
					"component_groups": [
						"zombification_sensor"
					]
				}
			},
			"can_overworld": {
				"add": {
					"component_groups": [
						"can_overworld"
					]
				},
				"remove": {
					"component_groups": [
						"zombification_sensor",
						"start_zombification",
						"become_zombie"
					]
				}
			},
			"become_machine": {
				"add": {
					"component_groups": [
						"become_machine"
					]
				}
			},
			"become_machine_cannon": {
				"add": {
					"component_groups": [
						"become_machine_cannon"
					]
				}
			},
			"become_piglin_tank": {
				"add": {
					"component_groups": [
						"become_piglin_tank"
					]
				}
			},
			"system": {
				"add": {
					"component_groups": [
						"system"
					]
				}
			}
		}
	}
}