{
	"format_version": "1.18.20",
	"minecraft:entity": {
		"description": {
			"identifier": "df:piglin_tank_has_rider",
			"is_spawnable": true,
			"is_summonable": true,
			"is_experimental": false,
			"runtime_identifier": "piglin",
			"animations": {
				"dead": "controller.animation.piglin.machine.dead"
			},
			"scripts": {
				"animate": [
					"dead"
				]
			}
		},
		"component_groups": {
			"melee_unit": {
				"minecraft:variant": {
					"value": 0
				},
				"minecraft:behavior.ranged_attack": {
					"attack_interval_min": 2,
					"attack_interval_max": 2,
					"attack_radius": 50,
					"priority": 4,
					"speed_multiplier": 1.1,
					"swing": true
				},
				"minecraft:shooter": {
					"def": "df:bullet"
				},
				"minecraft:behavior.move_towards_target": {
					"priority": 3,
					"speed_multiplier": 1.1,
					"within_radius": 0.5
				}
			},
			"angry": {
				"minecraft:angry": {
					"duration": 30,
					"broadcast_anger": false,
					"broadcast_anger_on_attack": false,
					"broadcast_anger_on_being_attacked": true,
					"broadcast_range": 16,
					"broadcast_targets": [
						"piglin"
					],
					"calm_event": {
						"event": "become_calm_event",
						"target": "self"
					},
					"filters": {
						"all_of": [
							{
								"test": "is_family",
								"subject": "other",
								"operator": "!=",
								"value": "piglin"
							}
						]
					},
					"angry_sound": "angry",
					"sound_interval": {
						"range_min": 2,
						"range_max": 5
					}
				}
			},
			"alert_for_attack_targets": {
				"minecraft:behavior.nearest_prioritized_attackable_target": {
					"priority": 3,
					"within_radius": 50,
					"persist_time": 2,
					"must_see": true,
					"entity_types": [
						{
							"filters": {
								"all_of": [
									{
										"test": "is_family",
										"subject": "other",
										"value": "player"
									},
									{
										"test": "has_tag",
										"subject": "other",
										"operator": "!=",
										"value": "piglin"
									}
								]
							},
							"max_dist": 50,
							"priority": 0
						},
						{
							"filters": {
								"test": "is_family",
								"subject": "other",
								"value": "wither"
							},
							"max_dist": 50,
							"priority": 1
						},
						{
							"filters": {
								"test": "is_family",
								"subject": "other",
								"value": "boss"
							},
							"max_dist": 40,
							"priority": 1
						},
						{
							"filters": {
								"test": "is_family",
								"subject": "other",
								"value": "illager"
							},
							"max_dist": 50,
							"priority": 2
						},
						{
							"filters": {
								"test": "is_family",
								"subject": "other",
								"value": "irongolem"
							},
							"max_dist": 50,
							"priority": 3
						},
						{
							"filters": {
								"test": "is_family",
								"subject": "other",
								"value": "villager"
							},
							"max_dist": 50,
							"priority": 4
						}
					]
				}
			},
			"take_target_as_response_to_block_break": {
				"minecraft:behavior.nearest_attackable_target": {
					"priority": 3,
					"entity_types": [
						{
							"filters": {
								"all_of": [
									{
										"test": "is_family",
										"subject": "other",
										"value": "player"
									},
									{
										"test": "has_tag",
										"subject": "other",
										"operator": "!=",
										"value": "piglin"
									}
								]
							},
							"max_dist": 50
						}
					]
				}
			},
			"drop_engineer": {
				"minecraft:spawn_entity": {
					"entities": [
						{
							"min_wait_time": 0,
							"max_wait_time": 0,
							"num_to_spawn": 1,
							"single_use": true,
							"spawn_entity": "df:piglin_engineer",
							"spawn_event": "minecraft:entity_spawned"
						}
					]
				}
			},
			"can_overworld": {
				"minecraft:skin_id": {
					"value": 1
				},
				"minecraft:behavior.float": {
					"priority": 0
				},
				"minecraft:behavior.move_to_village": {
					"priority": 6,
					"speed_multiplier": 1.2,
					"goal_radius": 1
				}
			},
			"move_to_lava": {
				"minecraft:behavior.move_to_liquid": {
					"priority": 7,
					"search_range": 16,
					"search_height": 10,
					"goal_radius": 0.9,
					"material_type": "Lava",
					"search_count": 30
				}
			},
			"loot": {
				"minecraft:loot": {
					"table": "loot_tables/piglin_tank.json"
				}
			},
			"can_take": {
				"minecraft:is_tamed": {}
			},
			"despawn": {
				"minecraft:instant_despawn": {
					"remove_child_entities": false
				},
				"minecraft:spawn_entity": {
					"entities": [
						{
							"min_wait_time": 0,
							"max_wait_time": 0,
							"num_to_spawn": 1,
							"single_use": true,
							"spawn_entity": "df:piglin_engineer",
							"spawn_event": "minecraft:entity_spawned"
						},
						{
							"min_wait_time": 0,
							"max_wait_time": 0,
							"num_to_spawn": 1,
							"single_use": true,
							"spawn_item": "df:piglin_tank"
						}
					]
				}
			}
		},
		"components": {
			"minecraft:is_hidden_when_invisible": {},
			"minecraft:collision_box": {
				"width": 2.4,
				"height": 2.2
			},
			"minecraft:type_family": {
				"family": [
					"piglin",
					"tank",
					"piglin_brute",
					"piglintank",
					"monster",
					"medium"
				]
			},
			"minecraft:home": {},
			"minecraft:conditional_bandwidth_optimization": {},
			"minecraft:experience_reward": {
				"on_death": "query.last_hit_by_player?20:0"
			},
			"minecraft:on_target_acquired": {
				"event": "become_angry_event",
				"target": "self"
			},
			"minecraft:breathable": {
				"total_supply": 15,
				"suffocate_time": 0
			},
			"minecraft:health": {
				"value": 2500,
				"max": 2500
			},
			"minecraft:hurt_on_condition": {
				"damage_conditions": [
					{
						"filters": {
							"test": "is_snow_covered",
							"subject": "self",
							"operator": "==",
							"value": true
						},
						"cause": "drowning",
						"damage_per_tick": 1
					}
				]
			},
			"minecraft:fire_immune": {},
			"minecraft:movement": {
				"value": 0.25
			},
			"minecraft:lava_movement": {
				"value": 0.18
			},
			"minecraft:navigation.walk": {
				"can_path_over_water": true,
				"avoid_water": true,
				"can_walk_in_lava": true,
				"can_sink": false
			},
			"minecraft:movement.basic": {},
			"minecraft:jump.static": {},
			"minecraft:nameable": {},
			"minecraft:behavior.hurt_by_target": {
				"priority": 1
			},
			"minecraft:behavior.random_stroll": {
				"priority": 7,
				"speed_multiplier": 0.6
			},
			"minecraft:behavior.look_at_player": {
				"priority": 8,
				"look_distance": 8
			},
			"minecraft:behavior.random_look_around": {
				"priority": 9
			},
			"minecraft:physics": {},
			"minecraft:pushable": {
				"is_pushable": true,
				"is_pushable_by_piston": true
			},
			"minecraft:follow_range": {
				"value": 64
			},
			"minecraft:interact": {
				"interactions": [
					{
						"interact_text": "action.interact.armorstand.equip",
						"play_sounds": "irongolem.repair",
						"on_interact": {
							"filters": {
								"all_of": [
									{
										"test": "is_family",
										"subject": "other",
										"value": "player"
									},
									{
										"test": "has_tag",
										"subject": "other",
										"operator": "==",
										"value": "piglin"
									},
									{
										"test": "has_equipment",
										"subject": "other",
										"domain": "hand",
										"operator": "==",
										"value": "df:wrench"
									},
									{
										"test": "is_missing_health",
										"subject": "self",
										"value": true
									}
								]
							}
						},
						"health_amount": 50,
						"hurt_item": 2
					}
				]
			},
			"minecraft:damage_sensor": {
				"triggers": [
					{
						"on_damage": {
							"filters": {
								"all_of": [
									{
										"test": "is_family",
										"subject": "other",
										"value": "piglin"
									}
								]
							}
						},
						"deals_damage": false
					},
					{
						"on_damage": {
							"filters": {
								"all_of": [
									{
										"test": "is_family",
										"subject": "other",
										"value": "player"
									},
									{
										"test": "has_tag",
										"subject": "other",
										"operator": "==",
										"value": "piglin"
									},
									{
										"test": "has_equipment",
										"subject": "other",
										"operator": "==",
										"value": "df:wrench"
									},
									{
										"test": "has_component",
										"subject": "self",
										"operator": "==",
										"value": "minecraft:is_tamed"
									}
								]
							},
							"event": "despawn"
						},
						"deals_damage": false
					},
					{
						"on_damage": {
							"filters": {
								"all_of": [
									{
										"test": "is_family",
										"subject": "other",
										"value": "player"
									},
									{
										"test": "has_tag",
										"subject": "other",
										"operator": "==",
										"value": "piglin"
									}
								]
							}
						},
						"deals_damage": false
					},
					{
						"cause": "fire_tick",
						"deals_damage": false
					},
					{
						"cause": "fall",
						"deals_damage": false
					}
				]
			},
			"minecraft:group_size": {
				"radius": 32,
				"filters": {
					"all_of": [
						{
							"test": "is_family",
							"value": "piglin_machine"
						}
					]
				}
			},
			"minecraft:break_blocks": {
				"breakable_blocks": [
					"bamboo",
					"bamboo_sapling",
					"beetroot",
					"brown_mushroom",
					"carrots",
					"carved_pumpkin",
					"chorus_flower",
					"chorus_plant",
					"deadbush",
					"double_plant",
					"leaves",
					"leaves2",
					"lit_pumpkin",
					"melon_block",
					"melon_stem",
					"potatoes",
					"pumpkin",
					"pumpkin_stem",
					"red_flower",
					"red_mushroom",
					"crimson_fungus",
					"warped_fungus",
					"reeds",
					"sapling",
					"snow_layer",
					"sweet_berry_bush",
					"tallgrass",
					"turtle_egg",
					"vine",
					"waterlily",
					"wheat",
					"yellow_flower"
				]
			},
			"minecraft:knockback_resistance": {
				"value": 10
			},
			"minecraft:behavior.rise_to_liquid_level": {
				"priority": 0,
				"liquid_y_offset": 0.1,
				"rise_delta": 0.01,
				"sink_delta": 0.01
			},
			"minecraft:behavior.tempt": {
				"priority": 1,
				"within_radius": 20,
				"speed_multiplier": 1.6,
				"can_tempt_while_ridden": true,
				"can_tempt_vertically": true,
				"items": [
					"df:walkie_talkie"
				]
			}
		},
		"events": {
			"minecraft:entity_spawned": {
				"sequence": [
					{
						"add": {
							"component_groups": [
								"alert_for_attack_targets",
								"melee_unit",
								"move_to_lava"
							]
						}
					},
					{
						"filters": {
							"test": "in_nether",
							"subject": "self",
							"operator": "==",
							"value": false
						},
						"trigger": "can_overworld"
					},
					{
						"filters": {
							"test": "in_nether",
							"subject": "self",
							"operator": "==",
							"value": true
						},
						"remove": {
							"component_groups": [
								"can_overworld"
							]
						}
					}
				]
			},
			"become_angry_event": {
				"add": {
					"component_groups": [
						"angry"
					]
				}
			},
			"become_calm_event": {
				"remove": {
					"component_groups": [
						"angry"
					]
				},
				"add": {
					"component_groups": [
						"alert_for_attack_targets"
					]
				}
			},
			"important_block_destroyed_event": {
				"remove": {
					"component_groups": [
						"alert_for_attack_targets"
					]
				},
				"add": {
					"component_groups": [
						"take_target_as_response_to_block_break"
					]
				}
			},
			"drop": {
				"add": {
					"component_groups": [
						"drop_engineer"
					]
				}
			},
			"minecraft:entity_transformed": {
				"sequence": [
					{
						"add": {
							"component_groups": [
								"alert_for_attack_targets",
								"melee_unit",
								"move_to_lava",
								"loot",
								"can_take"
							]
						}
					},
					{
						"filters": {
							"test": "is_skin_id",
							"subject": "other",
							"value": 1
						},
						"trigger": "can_overworld"
					},
					{
						"filters": {
							"test": "is_skin_id",
							"subject": "other",
							"value": 0
						},
						"remove": {
							"component_groups": [
								"can_overworld"
							]
						}
					},
					{
						"filters": {
							"test": "is_family",
							"subject": "other",
							"value": "piglin_raid"
						},
						"remove": {
							"component_groups": [
								"loot"
							]
						}
					}
				]
			},
			"can_overworld": {
				"add": {
					"component_groups": [
						"can_overworld"
					]
				},
				"remove": {
					"component_groups": [
						"move_to_lava"
					]
				}
			},
			"despawn": {
				"add": {
					"component_groups": [
						"despawn"
					]
				}
			}
		}
	}
}