{
	"format_version": "1.16.0",
	"minecraft:entity": {
		"description": {
			"identifier": "df:piglin_worker",
			"runtime_identifier": "minecraft:villager",
			"is_spawnable": true,
			"is_summonable": true,
			"is_experimental": false
		},
		"component_groups": {
			"trade_resupply_component_group": {
				"minecraft:trade_resupply": {}
			},
			"zombification_sensor": {
				"minecraft:environment_sensor": {
					"triggers": {
						"filters": {
							"test": "in_nether",
							"subject": "self",
							"operator": "==",
							"value": false
						},
						"event": "start_zombification_event"
					}
				}
			},
			"start_zombification": {
				"minecraft:is_shaking": {},
				"minecraft:environment_sensor": {
					"triggers": {
						"filters": {
							"test": "in_nether",
							"subject": "self",
							"operator": "==",
							"value": true
						},
						"event": "stop_zombification_event"
					}
				},
				"minecraft:timer": {
					"looping": false,
					"time": 15,
					"time_down_event": {
						"event": "become_zombie_event"
					}
				}
			},
			"become_zombie": {
				"minecraft:transformation": {
					"into": "minecraft:zombie_pigman",
					"transformation_sound": "converted_to_zombified",
					"keep_level": true,
					"drop_inventory": true,
					"preserve_equipment": true
				}
			},
			"work_schedule": {
				"minecraft:scheduler": {
					"min_delay_secs": 0,
					"max_delay_secs": 10,
					"scheduled_events": [
						{
							"filters": {
								"all_of": [
									{
										"test": "hourly_clock_time",
										"operator": ">=",
										"value": 0
									},
									{
										"test": "hourly_clock_time",
										"operator": "<",
										"value": 8000
									}
								]
							},
							"event": "minecraft:schedule_work_pro_villager"
						},
						{
							"filters": {
								"all_of": [
									{
										"test": "hourly_clock_time",
										"operator": ">=",
										"value": 8000
									},
									{
										"test": "hourly_clock_time",
										"operator": "<",
										"value": 10000
									}
								]
							},
							"event": "minecraft:schedule_gather_villager"
						},
						{
							"filters": {
								"all_of": [
									{
										"test": "hourly_clock_time",
										"operator": ">=",
										"value": 10000
									},
									{
										"test": "hourly_clock_time",
										"operator": "<",
										"value": 11000
									}
								]
							},
							"event": "minecraft:schedule_work_pro_villager"
						},
						{
							"filters": {
								"all_of": [
									{
										"test": "hourly_clock_time",
										"operator": ">=",
										"value": 11000
									},
									{
										"test": "hourly_clock_time",
										"operator": "<",
										"value": 12000
									}
								]
							},
							"event": "minecraft:schedule_home_villager"
						},
						{
							"filters": {
								"all_of": [
									{
										"test": "hourly_clock_time",
										"operator": ">=",
										"value": 12000
									},
									{
										"test": "hourly_clock_time",
										"operator": "<",
										"value": 24000
									}
								]
							},
							"event": "minecraft:schedule_bed_villager"
						}
					]
				}
			},
			"basic_schedule": {
				"minecraft:scheduler": {
					"min_delay_secs": 0,
					"max_delay_secs": 10,
					"scheduled_events": [
						{
							"filters": {
								"all_of": [
									{
										"test": "hourly_clock_time",
										"operator": ">=",
										"value": 0
									},
									{
										"test": "hourly_clock_time",
										"operator": "<",
										"value": 8000
									}
								]
							},
							"event": "minecraft:schedule_wander_villager"
						},
						{
							"filters": {
								"all_of": [
									{
										"test": "hourly_clock_time",
										"operator": ">=",
										"value": 8000
									},
									{
										"test": "hourly_clock_time",
										"operator": "<",
										"value": 10000
									}
								]
							},
							"event": "minecraft:schedule_gather_villager"
						},
						{
							"filters": {
								"all_of": [
									{
										"test": "hourly_clock_time",
										"operator": ">=",
										"value": 10000
									},
									{
										"test": "hourly_clock_time",
										"operator": "<",
										"value": 11000
									}
								]
							},
							"event": "minecraft:schedule_wander_villager"
						},
						{
							"filters": {
								"all_of": [
									{
										"test": "hourly_clock_time",
										"operator": ">=",
										"value": 11000
									},
									{
										"test": "hourly_clock_time",
										"operator": "<",
										"value": 12000
									}
								]
							},
							"event": "minecraft:schedule_home_villager"
						},
						{
							"filters": {
								"all_of": [
									{
										"test": "hourly_clock_time",
										"operator": ">=",
										"value": 12000
									},
									{
										"test": "hourly_clock_time",
										"operator": "<",
										"value": 24000
									}
								]
							},
							"event": "minecraft:schedule_bed_villager"
						}
					]
				}
			},
			"child_schedule": {
				"minecraft:scheduler": {
					"min_delay_secs": 0,
					"max_delay_secs": 10,
					"scheduled_events": [
						{
							"filters": {
								"all_of": [
									{
										"test": "hourly_clock_time",
										"operator": ">=",
										"value": 0
									},
									{
										"test": "hourly_clock_time",
										"operator": "<",
										"value": 11000
									}
								]
							},
							"event": "minecraft:schedule_play_villager"
						},
						{
							"filters": {
								"all_of": [
									{
										"test": "hourly_clock_time",
										"operator": ">=",
										"value": 11000
									},
									{
										"test": "hourly_clock_time",
										"operator": "<",
										"value": 12000
									}
								]
							},
							"event": "minecraft:schedule_home_villager"
						},
						{
							"filters": {
								"all_of": [
									{
										"test": "hourly_clock_time",
										"operator": ">=",
										"value": 12000
									},
									{
										"test": "hourly_clock_time",
										"operator": "<",
										"value": 24000
									}
								]
							},
							"event": "minecraft:schedule_bed_villager"
						}
					]
				}
			},
			"jobless_schedule": {
				"minecraft:scheduler": {
					"min_delay_secs": 0,
					"max_delay_secs": 10,
					"scheduled_events": [
						{
							"filters": {
								"all_of": [
									{
										"test": "hourly_clock_time",
										"operator": ">=",
										"value": 2000
									},
									{
										"test": "hourly_clock_time",
										"operator": "<",
										"value": 13000
									}
								]
							},
							"event": "minecraft:schedule_wander_villager"
						},
						{
							"filters": {
								"all_of": [
									{
										"test": "hourly_clock_time",
										"operator": ">=",
										"value": 13000
									},
									{
										"test": "hourly_clock_time",
										"operator": "<",
										"value": 14000
									}
								]
							},
							"event": "minecraft:schedule_home_villager"
						},
						{
							"filters": {
								"all_of": [
									{
										"test": "hourly_clock_time",
										"operator": ">=",
										"value": 14000
									},
									{
										"test": "hourly_clock_time",
										"operator": "<",
										"value": 24000
									}
								]
							},
							"event": "minecraft:schedule_bed_villager"
						},
						{
							"filters": {
								"all_of": [
									{
										"test": "hourly_clock_time",
										"operator": ">=",
										"value": 0
									},
									{
										"test": "hourly_clock_time",
										"operator": "<",
										"value": 2000
									}
								]
							},
							"event": "minecraft:schedule_bed_villager"
						}
					]
				}
			},
			"job_specific_goals": {
				"minecraft:behavior.inspect_bookshelf": {},
				"minecraft:behavior.harvest_farm_block": {},
				"minecraft:behavior.explore_outskirts": {},
				"minecraft:behavior.work": {},
				"minecraft:behavior.mingle": {},
				"minecraft:behavior.sleep": {}
			},
			"work_schedule_villager": {
				"minecraft:behavior.work": {
					"priority": 7,
					"active_time": 250,
					"speed_multiplier": 0.5,
					"goal_cooldown": 200,
					"sound_delay_min": 100,
					"sound_delay_max": 200,
					"can_work_in_rain": false,
					"work_in_rain_tolerance": 100,
					"on_arrival": {
						"event": "minecraft:resupply_trades",
						"target": "self"
					}
				}
			},
			"work_schedule_fisher": {
				"minecraft:behavior.work": {
					"priority": 7,
					"active_time": 250,
					"speed_multiplier": 0.5,
					"goal_cooldown": 200,
					"sound_delay_min": 100,
					"sound_delay_max": 200,
					"can_work_in_rain": false,
					"work_in_rain_tolerance": 100,
					"on_arrival": {
						"event": "minecraft:resupply_trades",
						"target": "self"
					}
				}
			},
			"play_schedule_villager": {
				"minecraft:behavior.play": {
					"priority": 8,
					"speed_multiplier": 0.32
				}
			},
			"gather_schedule_villager": {
				"minecraft:behavior.mingle": {
					"priority": 7,
					"speed_multiplier": 0.5,
					"duration": 30,
					"cooldown_time": 10,
					"mingle_partner_type": "minecraft:villager_v2",
					"mingle_distance": 2
				}
			},
			"home_schedule_villager": {},
			"bed_schedule_villager": {
				"minecraft:behavior.sleep": {
					"priority": 3,
					"goal_radius": 1.5,
					"speed_multiplier": 0.6,
					"sleep_collider_height": 0.3,
					"sleep_collider_width": 1,
					"sleep_y_offset": 0.6,
					"timeout_cooldown": 10
				}
			},
			"wander_schedule_villager": {
				"minecraft:behavior.explore_outskirts": {
					"priority": 9,
					"explore_dist": 6,
					"wait_time": 200,
					"speed_multiplier": 0.6
				}
			},
			"behavior_peasant": {
				"minecraft:shareables": {
					"items": [
						{
							"item": "minecraft:bread",
							"want_amount": 3,
							"surplus_amount": 6,
							"stored_in_inventory": true
						},
						{
							"item": "minecraft:cooked_porkchop",
							"want_amount": 3,
							"surplus_amount": 6,
							"stored_in_inventory": true
						},
						{
							"item": "minecraft:carrot",
							"want_amount": 60,
							"surplus_amount": 24,
							"stored_in_inventory": true
						},
						{
							"item": "minecraft:potato",
							"want_amount": 60,
							"surplus_amount": 24,
							"stored_in_inventory": true
						},
						{
							"item": "minecraft:beetroot",
							"want_amount": 60,
							"surplus_amount": 24,
							"stored_in_inventory": true
						},
						{
							"item": "minecraft:wheat_seeds",
							"want_amount": 64,
							"surplus_amount": 64,
							"stored_in_inventory": true
						},
						{
							"item": "minecraft:beetroot_seeds",
							"want_amount": 64,
							"surplus_amount": 64,
							"stored_in_inventory": true
						},
						{
							"item": "minecraft:wheat",
							"want_amount": 45,
							"surplus_amount": 18,
							"craft_into": "minecraft:bread",
							"stored_in_inventory": true
						}
					]
				}
			},
			"behavior_non_peasant": {
				"minecraft:shareables": {
					"items": [
						{
							"item": "minecraft:bread",
							"want_amount": 3,
							"surplus_amount": 6,
							"stored_in_inventory": true
						},
						{
							"item": "minecraft:cooked_porkchop",
							"want_amount": 3,
							"surplus_amount": 6,
							"stored_in_inventory": true
						},
						{
							"item": "minecraft:carrot",
							"want_amount": 12,
							"surplus_amount": 24,
							"stored_in_inventory": true
						},
						{
							"item": "minecraft:potato",
							"want_amount": 12,
							"surplus_amount": 24,
							"stored_in_inventory": true
						},
						{
							"item": "minecraft:beetroot",
							"want_amount": 12,
							"surplus_amount": 24,
							"stored_in_inventory": true
						}
					]
				}
			},
			"trade_components": {
				"minecraft:behavior.trade_interest": {},
				"minecraft:economy_trade_table": {}
			},
			"unskilled": {
				"minecraft:type_family": {
					"family": [
						"piglin",
						"peasant",
						"mob"
					]
				},
				"minecraft:variant": {
					"value": 0
				}
			},
			"fletcher": {
				"minecraft:type_family": {
					"family": [
						"piglin",
						"peasant",
						"fletcher",
						"mob"
					]
				},
				"minecraft:variant": {
					"value": 1
				},
				"minecraft:behavior.trade_interest": {
					"priority": 5,
					"within_radius": 6,
					"interest_time": 45,
					"remove_item_time": 1,
					"carried_item_switch_time": 2,
					"cooldown": 2
				},
				"minecraft:economy_trade_table": {
					"display_name": "entity.villager.fletcher",
					"table": "trading/piglin_worker/fletcher_trades.json",
					"new_screen": true,
					"persist_trades": true
				},
				"minecraft:dweller": {
					"dwelling_type": "village",
					"dweller_role": "inhabitant",
					"preferred_profession": "fletcher",
					"update_interval_base": 60,
					"update_interval_variant": 40,
					"can_find_poi": true,
					"can_migrate": true,
					"first_founding_reward": 5
				}
			},
			"armorer": {
				"minecraft:type_family": {
					"family": [
						"piglin",
						"blacksmith",
						"armorer",
						"mob"
					]
				},
				"minecraft:variant": {
					"value": 2
				},
				"minecraft:behavior.trade_interest": {
					"priority": 5,
					"within_radius": 6,
					"interest_time": 45,
					"remove_item_time": 1,
					"carried_item_switch_time": 2,
					"cooldown": 2
				},
				"minecraft:economy_trade_table": {
					"display_name": "entity.villager.armor",
					"table": "trading/piglin_worker/armorer_trades.json",
					"new_screen": true,
					"persist_trades": true
				},
				"minecraft:dweller": {
					"dwelling_type": "village",
					"dweller_role": "inhabitant",
					"preferred_profession": "armorer",
					"update_interval_base": 60,
					"update_interval_variant": 40,
					"can_find_poi": true,
					"can_migrate": true,
					"first_founding_reward": 5
				}
			},
			"weaponsmith": {
				"minecraft:type_family": {
					"family": [
						"piglin",
						"blacksmith",
						"weaponsmith",
						"mob"
					]
				},
				"minecraft:variant": {
					"value": 3
				},
				"minecraft:behavior.trade_interest": {
					"priority": 5,
					"within_radius": 6,
					"interest_time": 45,
					"remove_item_time": 1,
					"carried_item_switch_time": 2,
					"cooldown": 2
				},
				"minecraft:economy_trade_table": {
					"display_name": "entity.villager.weapon",
					"table": "trading/piglin_worker/weapon_smith_trades.json",
					"new_screen": true,
					"persist_trades": true
				},
				"minecraft:dweller": {
					"dwelling_type": "village",
					"dweller_role": "inhabitant",
					"preferred_profession": "weaponsmith",
					"update_interval_base": 60,
					"update_interval_variant": 40,
					"can_find_poi": true,
					"can_migrate": true,
					"first_founding_reward": 5
				}
			},
			"toolsmith": {
				"minecraft:type_family": {
					"family": [
						"piglin",
						"blacksmith",
						"toolsmith",
						"mob"
					]
				},
				"minecraft:variant": {
					"value": 4
				},
				"minecraft:behavior.trade_interest": {
					"priority": 5,
					"within_radius": 6,
					"interest_time": 45,
					"remove_item_time": 1,
					"carried_item_switch_time": 2,
					"cooldown": 2
				},
				"minecraft:economy_trade_table": {
					"display_name": "entity.villager.tool",
					"table": "trading/piglin_worker/tool_smith_trades.json",
					"new_screen": true,
					"persist_trades": true
				},
				"minecraft:dweller": {
					"dwelling_type": "village",
					"dweller_role": "inhabitant",
					"preferred_profession": "toolsmith",
					"update_interval_base": 60,
					"update_interval_variant": 40,
					"can_find_poi": true,
					"can_migrate": true,
					"first_founding_reward": 5
				}
			},
			"butcher": {
				"minecraft:type_family": {
					"family": [
						"piglin",
						"artisan",
						"butcher",
						"mob"
					]
				},
				"minecraft:variant": {
					"value": 5
				},
				"minecraft:behavior.trade_interest": {
					"priority": 5,
					"within_radius": 6,
					"interest_time": 45,
					"remove_item_time": 1,
					"carried_item_switch_time": 2,
					"cooldown": 2
				},
				"minecraft:economy_trade_table": {
					"display_name": "entity.villager.butcher",
					"table": "trading/piglin_worker/butcher_trades.json",
					"new_screen": true,
					"persist_trades": true
				},
				"minecraft:dweller": {
					"dwelling_type": "village",
					"dweller_role": "inhabitant",
					"preferred_profession": "butcher",
					"update_interval_base": 60,
					"update_interval_variant": 40,
					"can_find_poi": true,
					"can_migrate": true,
					"first_founding_reward": 5
				}
			},
			"baby": {
				"minecraft:is_baby": {},
				"minecraft:scale": {
					"value": 0.5
				},
				"minecraft:ageable": {
					"duration": 1200,
					"grow_up": {
						"event": "minecraft:ageable_grow_up",
						"target": "self"
					}
				},
				"minecraft:behavior.take_flower": {
					"priority": 9
				},
				"minecraft:preferred_path": {
					"max_fall_blocks": 1,
					"jump_cost": 5,
					"default_block_cost": 1.5,
					"preferred_path_blocks": [
						{
							"cost": 0,
							"blocks": [
								"grass_path",
								"blackstone"
							]
						},
						{
							"cost": 1,
							"blocks": [
								"cobblestone",
								"stone",
								"stonebrick",
								"sandstone",
								"mossy_cobblestone",
								"stone_slab",
								"stone_slab2",
								"stone_slab3",
								"stone_slab4",
								"double_stone_slab",
								"double_stone_slab2",
								"double_stone_slab3",
								"double_stone_slab4",
								"wooden_slab",
								"double_wooden_slab",
								"planks",
								"brick_block",
								"nether_brick",
								"red_nether_brick",
								"end_bricks",
								"red_sandstone",
								"stained_glass",
								"glass",
								"glowstone",
								"prismarine",
								"emerald_block",
								"diamond_block",
								"lapis_block",
								"gold_block",
								"redstone_block",
								"purple_glazed_terracotta",
								"white_glazed_terracotta",
								"orange_glazed_terracotta",
								"magenta_glazed_terracotta",
								"light_blue_glazed_terracotta",
								"yellow_glazed_terracotta",
								"lime_glazed_terracotta",
								"pink_glazed_terracotta",
								"gray_glazed_terracotta",
								"silver_glazed_terracotta",
								"cyan_glazed_terracotta",
								"blue_glazed_terracotta",
								"brown_glazed_terracotta",
								"green_glazed_terracotta",
								"red_glazed_terracotta",
								"black_glazed_terracotta"
							]
						},
						{
							"cost": 50,
							"blocks": [
								"bed",
								"lectern",
								"composter",
								"grindstone",
								"blast_furnace",
								"smoker",
								"fletching_table",
								"cartography_table",
								"brewing_stand",
								"smithing_table",
								"cauldron",
								"barrel",
								"loom",
								"stonecutter"
							]
						}
					]
				}
			},
			"adult": {
				"minecraft:behavior.make_love": {
					"priority": 5
				},
				"minecraft:behavior.receive_love": {
					"priority": 6
				},
				"minecraft:preferred_path": {
					"max_fall_blocks": 1,
					"jump_cost": 20,
					"default_block_cost": 3,
					"preferred_path_blocks": [
						{
							"cost": 0,
							"blocks": [
								"grass_path",
								"blackstone"
							]
						},
						{
							"cost": 1,
							"blocks": [
								"cobblestone",
								"stone",
								"stonebrick",
								"sandstone",
								"mossy_cobblestone",
								"stone_slab",
								"stone_slab2",
								"stone_slab3",
								"stone_slab4",
								"double_stone_slab",
								"double_stone_slab2",
								"double_stone_slab3",
								"double_stone_slab4",
								"wooden_slab",
								"double_wooden_slab",
								"planks",
								"brick_block",
								"nether_brick",
								"red_nether_brick",
								"end_bricks",
								"red_sandstone",
								"stained_glass",
								"glass",
								"glowstone",
								"prismarine",
								"emerald_block",
								"diamond_block",
								"lapis_block",
								"gold_block",
								"redstone_block",
								"purple_glazed_terracotta",
								"white_glazed_terracotta",
								"orange_glazed_terracotta",
								"magenta_glazed_terracotta",
								"light_blue_glazed_terracotta",
								"yellow_glazed_terracotta",
								"lime_glazed_terracotta",
								"pink_glazed_terracotta",
								"gray_glazed_terracotta",
								"silver_glazed_terracotta",
								"cyan_glazed_terracotta",
								"blue_glazed_terracotta",
								"brown_glazed_terracotta",
								"green_glazed_terracotta",
								"red_glazed_terracotta",
								"black_glazed_terracotta"
							]
						},
						{
							"cost": 50,
							"blocks": [
								"bed",
								"lectern",
								"composter",
								"grindstone",
								"blast_furnace",
								"smoker",
								"fletching_table",
								"cartography_table",
								"brewing_stand",
								"smithing_table",
								"cauldron",
								"barrel",
								"loom",
								"stonecutter"
							]
						}
					]
				}
			},
			"can_overworld": {
				"minecraft:skin_id": {
					"value": 1
				}
			},
			"angry": {
				"minecraft:angry": {
					"duration": 30,
					"broadcast_anger": true,
					"broadcast_anger_on_attack": true,
					"broadcast_anger_on_being_attacked": true,
					"broadcast_range": 16,
					"broadcast_targets": [
						"piglin"
					],
					"calm_event": {
						"event": "become_calm_event",
						"target": "self"
					},
					"filters": {
						"all_of": [
							{
								"test": "is_family",
								"subject": "other",
								"operator": "!=",
								"value": "piglin"
							},
							{
								"test": "has_component",
								"subject": "self",
								"operator": "!=",
								"value": "minecraft:attack_cooldown"
							}
						]
					},
					"angry_sound": "angry",
					"sound_interval": {
						"range_min": 2,
						"range_max": 5
					}
				}
			},
			"baby_piglin": {
				"minecraft:transformation": {
					"into": "piglin"
				}
			},
			"become_smg": {
				"minecraft:transformation": {
					"into": "df:piglin_brute_smg"
				}
			},
			"become_rifle": {
				"minecraft:transformation": {
					"into": "df:piglin_brute_rifle"
				}
			},
			"become_engineer": {
				"minecraft:transformation": {
					"into": "df:piglin_engineer"
				}
			},
			"become_brute": {
				"minecraft:transformation": {
					"into": "piglin_brute"
				}
			},
			"become_brute_guard": {
				"minecraft:transformation": {
					"into": "df:piglin_brute_guard"
				}
			},
			"become_boomer": {
				"minecraft:transformation": {
					"into": "df:piglin_gun"
				}
			},
			"melee_attack": {
				"minecraft:behavior.melee_attack": {
					"priority": 4,
					"track_target": true
				},
				"minecraft:equipment": {
					"table": "loot_tables/piglin_worker_gear.json"
				},
				"minecraft:attack": {
					"damage": 5
				}
			},
			"panic": {
				"minecraft:behavior.panic": {
					"priority": 1,
					"speed_multiplier": 1.1
				}
			}
		},
		"components": {
			"minecraft:on_target_acquired": {
				"event": "become_angry_event",
				"target": "self"
			},
			"minecraft:type_family": {
				"family": [
					"piglin",
					"mob"
				]
			},
			"minecraft:breathable": {
				"total_supply": 15,
				"suffocate_time": 0
			},
			"minecraft:health": {
				"value": 16,
				"max": 16
			},
			"minecraft:hurt_on_condition": {
				"damage_conditions": [
					{
						"filters": {
							"test": "in_lava",
							"subject": "self",
							"operator": "==",
							"value": true
						},
						"cause": "lava",
						"damage_per_tick": 4
					}
				]
			},
			"minecraft:hide": {},
			"minecraft:collision_box": {
				"width": 0.6,
				"height": 1.9
			},
			"minecraft:nameable": {},
			"minecraft:movement": {
				"value": 0.4
			},
			"minecraft:navigation.walk": {
				"can_path_over_water": true,
				"can_pass_doors": true,
				"can_open_doors": true,
				"avoid_water": true
			},
			"minecraft:follow_range": {
				"value": 128
			},
			"minecraft:annotation.open_door": {},
			"minecraft:movement.basic": {},
			"minecraft:jump.static": {},
			"minecraft:can_climb": {},
			"minecraft:inventory": {
				"inventory_size": 8,
				"private": true
			},
			"minecraft:dweller": {
				"dwelling_type": "village",
				"dweller_role": "inhabitant",
				"update_interval_base": 60,
				"update_interval_variant": 40,
				"can_find_poi": true,
				"can_migrate": true,
				"first_founding_reward": 5
			},
			"minecraft:damage_sensor": {
				"triggers": [
					{
						"on_damage": {
							"filters": {
								"all_of": [
									{
										"test": "is_family",
										"subject": "other",
										"value": "piglin"
									}
								]
							}
						},
						"deals_damage": false
					},
					{
						"on_damage": {
							"filters": {
								"all_of": [
									{
										"test": "is_family",
										"subject": "other",
										"value": "player"
									},
									{
										"test": "has_tag",
										"subject": "other",
										"operator": "==",
										"value": "piglin"
									}
								]
							}
						},
						"deals_damage": false
					}
				]
			},
			"minecraft:persistent": {},
			"minecraft:behavior.float": {
				"priority": 0
			},
			"minecraft:behavior.hide": {
				"priority": 0,
				"speed_multiplier": 0.8,
				"poi_type": "bed",
				"duration": 30
			},
			"minecraft:behavior.hurt_by_target": {
				"priority": 1
			},
			"minecraft:behavior.nearest_attackable_target": {
				"priority": 3,
				"within_radius": 16,
				"persist_time": 0,
				"entity_types": [
					{
						"filters": {
							"any_of": [
								{
									"test": "is_family",
									"subject": "other",
									"value": "wither"
								},
								{
									"test": "is_family",
									"subject": "other",
									"value": "illager"
								},
								{
									"test": "is_family",
									"subject": "other",
									"value": "irongolem"
								},
								{
									"test": "is_family",
									"subject": "other",
									"value": "villager"
								}
							]
						},
						"max_dist": 16
					},
					{
						"filters": {
							"all_of": [
								{
									"test": "is_family",
									"subject": "self",
									"value": "piglin_hunter"
								},
								{
									"test": "is_family",
									"subject": "other",
									"value": "hoglin_huntable"
								},
								{
									"test": "has_component",
									"subject": "other",
									"operator": "!=",
									"value": "minecraft:is_baby"
								},
								{
									"test": "has_component",
									"subject": "self",
									"operator": "!=",
									"value": "minecraft:attack_cooldown"
								}
							]
						},
						"max_dist": 16
					},
					{
						"filters": {
							"all_of": [
								{
									"all_of": [
										{
											"test": "is_family",
											"subject": "other",
											"value": "player"
										},
										{
											"test": "has_tag",
											"subject": "other",
											"operator": "!=",
											"value": "piglin"
										}
									]
								},
								{
									"test": "has_equipment",
									"subject": "other",
									"domain": "head",
									"operator": "!=",
									"value": "golden_helmet"
								},
								{
									"test": "has_equipment",
									"subject": "other",
									"domain": "torso",
									"operator": "!=",
									"value": "golden_chestplate"
								},
								{
									"test": "has_equipment",
									"subject": "other",
									"domain": "leg",
									"operator": "!=",
									"value": "golden_leggings"
								},
								{
									"test": "has_equipment",
									"subject": "other",
									"domain": "feet",
									"operator": "!=",
									"value": "golden_boots"
								}
							]
						},
						"max_dist": 16,
						"reevaluate_description": true
					},
					{
						"filters": {
							"any_of": [
								{
									"all_of": [
										{
											"test": "has_container_open",
											"subject": "other",
											"operator": "==",
											"value": true
										},
										{
											"test": "has_tag",
											"subject": "other",
											"operator": "!=",
											"value": "piglin"
										}
									]
								}
							]
						},
						"max_dist": 16
					}
				],
				"must_see": true
			},
			"minecraft:behavior.trade_with_player": {
				"priority": 2
			},
			"minecraft:behavior.avoid_mob_type": {
				"priority": 4,
				"remove_target": true,
				"entity_types": [
					{
						"filters": {
							"any_of": [
								{
									"test": "is_family",
									"subject": "other",
									"value": "zombie_pigman"
								}
							]
						},
						"max_dist": 6
					},
					{
						"filters": {
							"any_of": [
								{
									"test": "is_family",
									"subject": "other",
									"value": "zoglin"
								}
							]
						},
						"max_dist": 6
					},
					{
						"filters": {
							"all_of": [
								{
									"test": "has_target",
									"subject": "other",
									"value": true
								},
								{
									"test": "is_family",
									"subject": "other",
									"value": "hoglin"
								}
							]
						},
						"sprint_speed_multiplier": 1.2,
						"check_if_outnumbered": true
					}
				],
				"on_escape_event": {
					"event": "become_calm_event",
					"target": "self"
				},
				"avoid_mob_sound": "retreat",
				"sound_interval": {
					"range_min": 2,
					"range_max": 5
				}
			},
			"minecraft:behavior.pickup_items": {
				"priority": 4,
				"max_dist": 3,
				"goal_radius": 2,
				"speed_multiplier": 0.5,
				"can_pickup_to_hand_or_equipment": false
			},
			"minecraft:behavior.move_indoors": {
				"priority": 6,
				"speed_multiplier": 0.8,
				"timeout_cooldown": 8
			},
			"minecraft:behavior.look_at_trading_player": {
				"priority": 7
			},
			"minecraft:behavior.look_at_player": {
				"priority": 8,
				"look_distance": 8,
				"probability": 0.02
			},
			"minecraft:behavior.share_items": {
				"priority": 9,
				"max_dist": 3,
				"goal_radius": 2,
				"speed_multiplier": 0.5,
				"entity_types": [
					{
						"filters": {
							"test": "is_family",
							"subject": "other",
							"value": "piglin"
						}
					}
				]
			},
			"minecraft:behavior.move_towards_restriction": {
				"priority": 10,
				"speed_multiplier": 0.6
			},
			"minecraft:behavior.random_stroll": {
				"priority": 10,
				"speed_multiplier": 0.6
			},
			"minecraft:physics": {},
			"minecraft:pushable": {
				"is_pushable": true,
				"is_pushable_by_piston": true
			},
			"minecraft:interact": {
				"interactions": [
					{
						"use_item": true,
						"interact_text": "action.interact.armorstand.equip",
						"play_sounds": "armor.equip_leather",
						"on_interact": {
							"filters": {
								"all_of": [
									{
										"test": "is_family",
										"subject": "other",
										"value": "player"
									},
									{
										"test": "has_tag",
										"subject": "other",
										"operator": "==",
										"value": "piglin"
									},
									{
										"test": "is_skin_id",
										"subject": "self",
										"operator": "!=",
										"value": 1
									},
									{
										"test": "has_equipment",
										"subject": "other",
										"domain": "hand",
										"operator": "==",
										"value": "df:thermal_suit"
									}
								]
							},
							"event": "can_overworld",
							"target": "self"
						}
					},
					{
						"use_item": true,
						"interact_text": "action.interact.armorstand.equip",
						"play_sounds": "armor.equip_leather",
						"on_interact": {
							"filters": {
								"all_of": [
									{
										"test": "is_family",
										"subject": "other",
										"value": "player"
									},
									{
										"test": "has_tag",
										"subject": "other",
										"operator": "==",
										"value": "piglin"
									},
									{
										"test": "has_component",
										"subject": "self",
										"operator": "!=",
										"value": "minecraft:is_baby"
									},
									{
										"any_of": [
											{
												"test": "has_equipment",
												"subject": "other",
												"domain": "hand",
												"operator": "==",
												"value": "df:piglin_tommy_gun"
											},
											{
												"test": "has_equipment",
												"subject": "other",
												"domain": "hand",
												"operator": "==",
												"value": "df:piglin_tommy_gun_empty"
											}
										]
									}
								]
							},
							"event": "become_smg",
							"target": "self"
						}
					},
					{
						"use_item": true,
						"interact_text": "action.interact.armorstand.equip",
						"play_sounds": "armor.equip_leather",
						"on_interact": {
							"filters": {
								"all_of": [
									{
										"test": "is_family",
										"subject": "other",
										"value": "player"
									},
									{
										"test": "has_tag",
										"subject": "other",
										"operator": "==",
										"value": "piglin"
									},
									{
										"test": "has_component",
										"subject": "self",
										"operator": "!=",
										"value": "minecraft:is_baby"
									},
									{
										"any_of": [
											{
												"test": "has_equipment",
												"subject": "other",
												"domain": "hand",
												"operator": "==",
												"value": "df:piglin_rifle"
											},
											{
												"test": "has_equipment",
												"subject": "other",
												"domain": "hand",
												"operator": "==",
												"value": "df:piglin_rifle_empty"
											}
										]
									}
								]
							},
							"event": "become_rifle",
							"target": "self"
						}
					},
					{
						"use_item": true,
						"interact_text": "action.interact.armorstand.equip",
						"play_sounds": "armor.equip_leather",
						"on_interact": {
							"filters": {
								"all_of": [
									{
										"test": "is_family",
										"subject": "other",
										"value": "player"
									},
									{
										"test": "has_tag",
										"subject": "other",
										"operator": "==",
										"value": "piglin"
									},
									{
										"test": "has_component",
										"subject": "self",
										"operator": "!=",
										"value": "minecraft:is_baby"
									},
									{
										"test": "has_equipment",
										"subject": "other",
										"domain": "hand",
										"operator": "==",
										"value": "df:piglin_bom"
									}
								]
							},
							"event": "become_boomer",
							"target": "self"
						}
					},
					{
						"use_item": true,
						"interact_text": "action.interact.armorstand.equip",
						"play_sounds": "armor.equip_leather",
						"on_interact": {
							"filters": {
								"all_of": [
									{
										"test": "is_family",
										"subject": "other",
										"value": "player"
									},
									{
										"test": "has_tag",
										"subject": "other",
										"operator": "==",
										"value": "piglin"
									},
									{
										"test": "has_component",
										"subject": "self",
										"operator": "!=",
										"value": "minecraft:is_baby"
									},
									{
										"test": "has_equipment",
										"subject": "other",
										"domain": "hand",
										"operator": "==",
										"value": "df:wrench"
									}
								]
							},
							"event": "become_engineer",
							"target": "self"
						}
					},
					{
						"use_item": true,
						"interact_text": "action.interact.armorstand.equip",
						"play_sounds": "armor.equip_leather",
						"on_interact": {
							"filters": {
								"all_of": [
									{
										"test": "is_family",
										"subject": "other",
										"value": "player"
									},
									{
										"test": "has_tag",
										"subject": "other",
										"operator": "==",
										"value": "piglin"
									},
									{
										"test": "has_component",
										"subject": "self",
										"operator": "!=",
										"value": "minecraft:is_baby"
									},
									{
										"test": "has_equipment",
										"subject": "other",
										"domain": "hand",
										"operator": "==",
										"value": "minecraft:golden_axe"
									}
								]
							},
							"event": "become_brute",
							"target": "self"
						}
					},
					{
						"use_item": true,
						"interact_text": "action.interact.armorstand.equip",
						"play_sounds": "armor.equip_leather",
						"on_interact": {
							"filters": {
								"all_of": [
									{
										"test": "is_family",
										"subject": "other",
										"value": "player"
									},
									{
										"test": "has_tag",
										"subject": "other",
										"operator": "==",
										"value": "piglin"
									},
									{
										"test": "has_component",
										"subject": "self",
										"operator": "!=",
										"value": "minecraft:is_baby"
									},
									{
										"test": "has_equipment",
										"subject": "other",
										"domain": "hand",
										"operator": "==",
										"value": "df:halberd_golden"
									}
								]
							},
							"event": "become_brute_guard",
							"target": "self"
						}
					}
				]
			}
		},
		"events": {
			"become_zombie_event": {
				"add": {
					"component_groups": [
						"become_zombie"
					]
				}
			},
			"minecraft:entity_spawned": {
				"sequence": [
					{
						"filters": {
							"test": "in_nether",
							"subject": "self",
							"operator": "==",
							"value": false
						},
						"trigger": "can_overworld"
					},
					{
						"filters": {
							"test": "in_nether",
							"subject": "self",
							"operator": "==",
							"value": true
						},
						"remove": {
							"component_groups": [
								"can_overworld"
							]
						}
					},
					{
						"filters": {
							"test": "has_component",
							"operator": "!=",
							"value": "minecraft:variant"
						},
						"randomize": [
							{
								"weight": 5,
								"add": {
									"component_groups": [
										"baby",
										"child_schedule",
										"zombification_sensor"
									]
								}
							},
							{
								"weight": 95,
								"sequence": [
									{
										"add": {
											"component_groups": [
												"adult",
												"zombification_sensor"
											]
										}
									},
									{
										"randomize": [
											{
												"weight": 1,
												"add": {
													"component_groups": [
														"fletcher",
														"behavior_peasant",
														"basic_schedule"
													]
												}
											},
											{
												"weight": 1,
												"add": {
													"component_groups": [
														"armorer",
														"behavior_non_peasant",
														"basic_schedule"
													]
												}
											},
											{
												"weight": 1,
												"add": {
													"component_groups": [
														"weaponsmith",
														"behavior_non_peasant",
														"basic_schedule"
													]
												}
											},
											{
												"weight": 1,
												"add": {
													"component_groups": [
														"toolsmith",
														"behavior_non_peasant",
														"basic_schedule"
													]
												}
											},
											{
												"weight": 1,
												"add": {
													"component_groups": [
														"butcher",
														"behavior_non_peasant",
														"basic_schedule"
													]
												}
											}
										]
									}
								]
							}
						]
					}
				]
			},
			"minecraft:spawn_from_village": {
				"sequence": [
					{
						"filters": {
							"test": "has_component",
							"operator": "!=",
							"value": "minecraft:variant"
						},
						"randomize": [
							{
								"weight": 5,
								"add": {
									"component_groups": [
										"baby",
										"child_schedule",
										"zombification_sensor"
									]
								}
							},
							{
								"weight": 95,
								"add": {
									"component_groups": [
										"adult",
										"unskilled",
										"behavior_peasant",
										"basic_schedule",
										"zombification_sensor"
									]
								}
							}
						]
					}
				]
			},
			"minecraft:entity_transformed": {
				"sequence": [
					{
						"filters": {
							"test": "has_component",
							"subject": "other",
							"operator": "==",
							"value": "minecraft:is_baby"
						},
						"add": {
							"component_groups": [
								"baby",
								"child_schedule",
								"zombification_sensor"
							]
						}
					},
					{
						"filters": {
							"test": "has_component",
							"subject": "other",
							"operator": "!=",
							"value": "minecraft:is_baby"
						},
						"add": {
							"component_groups": [
								"adult",
								"unskilled",
								"behavior_peasant",
								"basic_schedule",
								"zombification_sensor"
							]
						}
					},
					{
						"filters": {
							"test": "is_skin_id",
							"subject": "other",
							"value": 1
						},
						"trigger": "can_overworld"
					},
					{
						"filters": {
							"test": "is_skin_id",
							"subject": "other",
							"value": 0
						},
						"remove": {
							"component_groups": [
								"can_overworld"
							]
						}
					}
				]
			},
			"minecraft:entity_born": {
				"randomize": [
					{
						"add": {
							"component_groups": [
								"baby",
								"unskilled",
								"child_schedule",
								"zombification_sensor"
							]
						},
						"weight": 70
					},
					{
						"add": {
							"component_groups": [
								"baby",
								"unskilled",
								"child_schedule",
								"baby_piglin",
								"zombification_sensor"
							]
						},
						"weight": 30
					}
				]
			},
			"minecraft:spawn_farmer": {
				"add": {
					"component_groups": [
						"fletcher",
						"adult",
						"behavior_peasant",
						"basic_schedule",
						"zombification_sensor"
					]
				},
				"remove": {
					"component_groups": [
						"baby",
						"child_schedule"
					]
				}
			},
			"minecraft:spawn_armorer": {
				"randomize": [
					{
						"weight": 6,
						"add": {
							"component_groups": [
								"armorer",
								"adult",
								"behavior_non_peasant",
								"basic_schedule",
								"zombification_sensor"
							]
						},
						"remove": {
							"component_groups": [
								"baby",
								"child_schedule"
							]
						}
					},
					{
						"weight": 6,
						"add": {
							"component_groups": [
								"weaponsmith",
								"adult",
								"behavior_non_peasant",
								"basic_schedule",
								"zombification_sensor"
							]
						},
						"remove": {
							"component_groups": [
								"baby",
								"child_schedule"
							]
						}
					},
					{
						"weight": 6,
						"add": {
							"component_groups": [
								"toolsmith",
								"adult",
								"behavior_non_peasant",
								"basic_schedule",
								"zombification_sensor"
							]
						},
						"remove": {
							"component_groups": [
								"baby",
								"child_schedule"
							]
						}
					}
				]
			},
			"minecraft:spawn_butcher": {
				"add": {
					"component_groups": [
						"butcher",
						"adult",
						"behavior_non_peasant",
						"basic_schedule",
						"zombification_sensor"
					]
				},
				"remove": {
					"component_groups": [
						"baby",
						"child_schedule"
					]
				}
			},
			"minecraft:ageable_grow_up": {
				"remove": {
					"component_groups": [
						"baby",
						"child_schedule"
					]
				},
				"add": {
					"component_groups": [
						"adult",
						"unskilled",
						"behavior_peasant",
						"basic_schedule"
					]
				}
			},
			"minecraft:become_unskilled": {
				"remove": {
					"component_groups": [
						"baby",
						"child_schedule",
						"job_specific_goals",
						"trade_components"
					]
				},
				"add": {
					"component_groups": [
						"adult",
						"unskilled",
						"behavior_peasant",
						"basic_schedule"
					]
				}
			},
			"minecraft:become_fletcher": {
				"remove": {
					"component_groups": [
						"baby",
						"child_schedule",
						"job_specific_goals",
						"trade_components"
					]
				},
				"add": {
					"component_groups": [
						"fletcher",
						"adult",
						"behavior_non_peasant",
						"work_schedule"
					]
				}
			},
			"minecraft:become_armorer": {
				"remove": {
					"component_groups": [
						"baby",
						"child_schedule",
						"job_specific_goals",
						"trade_components"
					]
				},
				"add": {
					"component_groups": [
						"armorer",
						"adult",
						"behavior_non_peasant",
						"work_schedule"
					]
				}
			},
			"minecraft:become_weaponsmith": {
				"remove": {
					"component_groups": [
						"baby",
						"child_schedule",
						"job_specific_goals",
						"trade_components"
					]
				},
				"add": {
					"component_groups": [
						"weaponsmith",
						"adult",
						"behavior_non_peasant",
						"work_schedule"
					]
				}
			},
			"minecraft:become_toolsmith": {
				"remove": {
					"component_groups": [
						"baby",
						"child_schedule",
						"job_specific_goals",
						"trade_components"
					]
				},
				"add": {
					"component_groups": [
						"toolsmith",
						"adult",
						"behavior_non_peasant",
						"work_schedule"
					]
				}
			},
			"minecraft:become_butcher": {
				"remove": {
					"component_groups": [
						"baby",
						"child_schedule",
						"job_specific_goals",
						"trade_components"
					]
				},
				"add": {
					"component_groups": [
						"butcher",
						"adult",
						"behavior_non_peasant",
						"work_schedule"
					]
				}
			},
			"minecraft:schedule_wander_villager": {
				"remove": {
					"component_groups": [
						"home_schedule_villager",
						"bed_schedule_villager",
						"wander_schedule_villager",
						"job_specific_goals",
						"play_schedule_villager",
						"trade_resupply_component_group"
					]
				},
				"add": {
					"component_groups": [
						"wander_schedule_villager"
					]
				}
			},
			"minecraft:schedule_gather_villager": {
				"remove": {
					"component_groups": [
						"bed_schedule_villager",
						"wander_schedule_villager",
						"home_schedule_villager",
						"job_specific_goals",
						"play_schedule_villager",
						"trade_resupply_component_group"
					]
				},
				"add": {
					"component_groups": [
						"gather_schedule_villager"
					]
				}
			},
			"minecraft:schedule_home_villager": {
				"remove": {
					"component_groups": [
						"bed_schedule_villager",
						"wander_schedule_villager",
						"gather_schedule_villager",
						"job_specific_goals",
						"play_schedule_villager",
						"trade_resupply_component_group"
					]
				},
				"add": {
					"component_groups": [
						"home_schedule_villager"
					]
				}
			},
			"minecraft:schedule_bed_villager": {
				"remove": {
					"component_groups": [
						"home_schedule_villager",
						"gather_schedule_villager",
						"wander_schedule_villager",
						"job_specific_goals",
						"play_schedule_villager",
						"trade_resupply_component_group"
					]
				},
				"add": {
					"component_groups": [
						"bed_schedule_villager"
					]
				}
			},
			"minecraft:schedule_play_villager": {
				"remove": {
					"component_groups": [
						"home_schedule_villager",
						"gather_schedule_villager",
						"wander_schedule_villager",
						"bed_schedule_villager",
						"job_specific_goals",
						"trade_resupply_component_group"
					]
				},
				"add": {
					"component_groups": [
						"play_schedule_villager"
					]
				}
			},
			"minecraft:schedule_work_pro_villager": {
				"remove": {
					"component_groups": [
						"home_schedule_villager",
						"gather_schedule_villager",
						"wander_schedule_villager",
						"bed_schedule_villager",
						"play_schedule_villager"
					]
				},
				"add": {
					"component_groups": [
						"work_schedule_villager"
					]
				}
			},
			"minecraft:schedule_work_fisher": {
				"remove": {
					"component_groups": [
						"home_schedule_villager",
						"gather_schedule_villager",
						"wander_schedule_villager",
						"bed_schedule_villager",
						"job_specific_goals",
						"play_schedule_villager"
					]
				},
				"add": {
					"component_groups": [
						"work_schedule_fisher"
					]
				}
			},
			"minecraft:resupply_trades": {
				"add": {
					"component_groups": [
						"trade_resupply_component_group"
					]
				}
			},
			"stop_zombification_event": {
				"add": {
					"component_groups": [
						"zombification_sensor"
					]
				},
				"remove": {
					"component_groups": [
						"start_zombification"
					]
				}
			},
			"start_zombification_event": {
				"add": {
					"component_groups": [
						"start_zombification"
					]
				},
				"remove": {
					"component_groups": [
						"zombification_sensor"
					]
				}
			},
			"can_overworld": {
				"add": {
					"component_groups": [
						"can_overworld"
					]
				},
				"remove": {
					"component_groups": [
						"zombification_sensor",
						"start_zombification",
						"become_zombie"
					]
				}
			},
			"become_calm_event": {
				"remove": {
					"component_groups": [
						"angry",
						"melee_attack"
					]
				}
			},
			"become_angry_event": {
				"sequence": [
					{
						"add": {
							"component_groups": [
								"angry"
							]
						}
					},
					{
						"filters": {
							"test": "has_component",
							"subject": "self",
							"operator": "==",
							"value": "minecraft:is_baby"
						},
						"add": {
							"component_groups": [
								"panic"
							]
						}
					},
					{
						"filters": {
							"test": "has_component",
							"subject": "self",
							"operator": "!=",
							"value": "minecraft:is_baby"
						},
						"add": {
							"component_groups": [
								"melee_attack"
							]
						}
					}
				]
			},
			"become_smg": {
				"add": {
					"component_groups": [
						"become_smg"
					]
				}
			},
			"become_rifle": {
				"add": {
					"component_groups": [
						"become_rifle"
					]
				}
			},
			"become_engineer": {
				"add": {
					"component_groups": [
						"become_engineer"
					]
				}
			},
			"become_boomer": {
				"add": {
					"component_groups": [
						"become_boomer"
					]
				}
			},
			"become_brute": {
				"add": {
					"component_groups": [
						"become_brute"
					]
				}
			},
			"become_brute_guard": {
				"add": {
					"component_groups": [
						"become_brute_guard"
					]
				}
			}
		}
	}
}