{
	"format_version": "1.18.20",
	"minecraft:entity": {
		"description": {
			"identifier": "df:piglin_brute_smg",
			"is_spawnable": true,
			"is_summonable": true,
			"is_experimental": false,
			"animations": {
				"charge": "controller.animation.level.trade.update"
			},
			"scripts": {
				"animate": [
					"charge"
				]
			}
		},
		"component_groups": {
			"zombification_sensor": {
				"minecraft:environment_sensor": {
					"triggers": {
						"filters": {
							"test": "in_nether",
							"subject": "self",
							"operator": "==",
							"value": false
						},
						"event": "start_zombification_event"
					}
				}
			},
			"start_zombification": {
				"minecraft:is_shaking": {},
				"minecraft:environment_sensor": {
					"triggers": {
						"filters": {
							"test": "in_nether",
							"subject": "self",
							"operator": "==",
							"value": true
						},
						"event": "stop_zombification_event"
					}
				},
				"minecraft:timer": {
					"looping": false,
					"time": 15,
					"time_down_event": {
						"event": "become_zombie_event"
					}
				}
			},
			"become_zombie": {
				"minecraft:transformation": {
					"into": "minecraft:zombie_pigman",
					"transformation_sound": "converted_to_zombified",
					"keep_level": true,
					"preserve_equipment": true
				}
			},
			"melee_unit": {
				"minecraft:equipment": {
					"table": "loot_tables/tommygun.json",
					"slot_drop_chance": [
						{
							"slot": "slot.weapon.mainhand",
							"drop_chance": 100
						}
					]
				},
				"minecraft:variant": {
					"value": 0
				},
				"minecraft:behavior.ranged_attack": {
					"attack_interval_min": 1,
					"attack_interval_max": 1,
					"attack_radius": 30,
					"attack_radius_min": 3,
					"burst_shots": 50,
					"burst_interval": 0.1,
					"charge_shoot_trigger": 1.29,
					"charge_charged_trigger": 0,
					"priority": 4
				},
				"minecraft:shooter": {
					"def": "df:bullet"
				},
				"minecraft:behavior.move_towards_target": {
					"priority": 3,
					"speed_multiplier": 1.1,
					"within_radius": 0.5
				}
			},
			"angry": {
				"minecraft:angry": {
					"duration": 30,
					"broadcast_anger": false,
					"broadcast_anger_on_attack": false,
					"broadcast_anger_on_being_attacked": true,
					"broadcast_range": 16,
					"broadcast_targets": [
						"piglin"
					],
					"calm_event": {
						"event": "become_calm_event",
						"target": "self"
					},
					"filters": {
						"all_of": [
							{
								"test": "is_family",
								"subject": "other",
								"operator": "!=",
								"value": "piglin"
							}
						]
					},
					"angry_sound": "angry",
					"sound_interval": {
						"range_min": 2,
						"range_max": 5
					}
				}
			},
			"alert_for_attack_targets": {
				"minecraft:behavior.nearest_prioritized_attackable_target": {
					"priority": 3,
					"within_radius": 30,
					"persist_time": 2,
					"must_see": true,
					"entity_types": [
						{
							"filters": {
								"all_of": [
									{
										"test": "is_family",
										"subject": "other",
										"value": "player"
									},
									{
										"test": "has_tag",
										"subject": "other",
										"operator": "!=",
										"value": "piglin"
									}
								]
							},
							"max_dist": 30,
							"priority": 0
						},
						{
							"filters": {
								"test": "is_family",
								"subject": "other",
								"value": "wither"
							},
							"max_dist": 30,
							"priority": 1
						},
						{
							"filters": {
								"test": "is_family",
								"subject": "other",
								"value": "boss"
							},
							"max_dist": 40,
							"priority": 1
						},
						{
							"filters": {
								"test": "is_family",
								"subject": "other",
								"value": "illager"
							},
							"max_dist": 30,
							"priority": 2
						},
						{
							"filters": {
								"test": "is_family",
								"subject": "other",
								"value": "irongolem"
							},
							"max_dist": 30,
							"priority": 3
						},
						{
							"filters": {
								"test": "is_family",
								"subject": "other",
								"value": "villager"
							},
							"max_dist": 30,
							"priority": 4
						}
					]
				}
			},
			"take_target_as_response_to_block_break": {
				"minecraft:behavior.nearest_attackable_target": {
					"priority": 3,
					"entity_types": [
						{
							"filters": {
								"all_of": [
									{
										"test": "is_family",
										"subject": "other",
										"value": "player"
									},
									{
										"test": "has_tag",
										"subject": "other",
										"operator": "!=",
										"value": "piglin"
									}
								]
							},
							"max_dist": 30
						}
					]
				}
			},
			"can_overworld": {
				"minecraft:skin_id": {
					"value": 1
				},
				"minecraft:behavior.float": {
					"priority": 0
				},
				"minecraft:behavior.move_to_village": {
					"priority": 6,
					"speed_multiplier": 1.2,
					"goal_radius": 1
				}
			},
			"despawn": {
				"minecraft:despawn": {
					"filters": {
						"any_of": [
							{
								"all_of": [
									{
										"test": "is_persistent",
										"value": false
									},
									{
										"test": "distance_to_nearest_player",
										"operator": ">",
										"value": 54
									}
								]
							},
							{
								"all_of": [
									{
										"test": "is_persistent",
										"value": false
									},
									{
										"test": "inactivity_timer",
										"subject": "self",
										"value": 30
									},
									{
										"test": "random_chance",
										"value": 800
									},
									{
										"test": "distance_to_nearest_player",
										"operator": ">",
										"value": 32
									}
								]
							}
						]
					}
				}
			},
			"loot": {
				"minecraft:loot": {
					"table": "loot_tables/entities/piglin_smg.json"
				}
			},
			"golden": {
				"minecraft:equipment": {
					"table": "loot_tables/level_update/piglin_brute_smg.json",
					"slot_drop_chance": [
						{
							"slot": "slot.armor.chest",
							"drop_chance": 100
						},
						{
							"slot": "slot.armor.feet",
							"drop_chance": 100
						},
						{
							"slot": "slot.armor.head",
							"drop_chance": 100
						},
						{
							"slot": "slot.armor.legs",
							"drop_chance": 100
						},
						{
							"slot": "slot.weapon.mainhand",
							"drop_chance": 100
						}
					]
				}
			},
			"iron": {
				"minecraft:equipment": {
					"table": "loot_tables/level_update/piglin_brute_smg_iron.json",
					"slot_drop_chance": [
						{
							"slot": "slot.armor.chest",
							"drop_chance": 100
						},
						{
							"slot": "slot.armor.feet",
							"drop_chance": 100
						},
						{
							"slot": "slot.armor.head",
							"drop_chance": 100
						},
						{
							"slot": "slot.armor.legs",
							"drop_chance": 100
						},
						{
							"slot": "slot.weapon.mainhand",
							"drop_chance": 100
						}
					]
				}
			},
			"diamond": {
				"minecraft:equipment": {
					"table": "loot_tables/level_update/piglin_brute_smg_diamond.json",
					"slot_drop_chance": [
						{
							"slot": "slot.armor.chest",
							"drop_chance": 100
						},
						{
							"slot": "slot.armor.feet",
							"drop_chance": 100
						},
						{
							"slot": "slot.armor.head",
							"drop_chance": 100
						},
						{
							"slot": "slot.armor.legs",
							"drop_chance": 100
						},
						{
							"slot": "slot.weapon.mainhand",
							"drop_chance": 100
						}
					]
				}
			},
			"netherite": {
				"minecraft:equipment": {
					"table": "loot_tables/level_update/piglin_brute_smg_netherite.json",
					"slot_drop_chance": [
						{
							"slot": "slot.armor.chest",
							"drop_chance": 100
						},
						{
							"slot": "slot.armor.feet",
							"drop_chance": 100
						},
						{
							"slot": "slot.armor.head",
							"drop_chance": 100
						},
						{
							"slot": "slot.armor.legs",
							"drop_chance": 100
						},
						{
							"slot": "slot.weapon.mainhand",
							"drop_chance": 100
						}
					]
				}
			},
			"system": {
				"minecraft:economy_trade_table": {
					"display_name": "entity.piglin_brute.name",
					"table": "trading/piglin brute/piglin_brute_smg.json",
					"new_screen": true,
					"show_trade_screen": true
				}
			}
		},
		"components": {
			"minecraft:is_hidden_when_invisible": {},
			"minecraft:collision_box": {
				"width": 0.6,
				"height": 1.9
			},
			"minecraft:type_family": {
				"family": [
					"piglin",
					"adult_piglin",
					"piglin_brute",
					"monster",
					"machine"
				]
			},
			"minecraft:home": {},
			"minecraft:conditional_bandwidth_optimization": {},
			"minecraft:experience_reward": {
				"on_death": "query.last_hit_by_player?20:0"
			},
			"minecraft:on_target_acquired": {
				"event": "become_angry_event",
				"target": "self"
			},
			"minecraft:breathable": {
				"total_supply": 15,
				"suffocate_time": 0
			},
			"minecraft:health": {
				"value": 50,
				"max": 50
			},
			"minecraft:hurt_on_condition": {
				"damage_conditions": [
					{
						"filters": {
							"test": "in_lava",
							"subject": "self",
							"operator": "==",
							"value": true
						},
						"cause": "lava",
						"damage_per_tick": 4
					}
				]
			},
			"minecraft:movement": {
				"value": 0.35
			},
			"minecraft:navigation.walk": {
				"can_path_over_water": true,
				"can_open_doors": true
			},
			"minecraft:annotation.open_door": {},
			"minecraft:movement.basic": {},
			"minecraft:jump.static": {},
			"minecraft:nameable": {},
			"minecraft:behavior.hurt_by_target": {
				"priority": 1
			},
			"minecraft:behavior.random_stroll": {
				"priority": 7,
				"speed_multiplier": 0.6
			},
			"minecraft:behavior.look_at_player": {
				"priority": 8,
				"look_distance": 8
			},
			"minecraft:behavior.random_look_around": {
				"priority": 9
			},
			"minecraft:physics": {},
			"minecraft:pushable": {
				"is_pushable": true,
				"is_pushable_by_piston": true
			},
			"minecraft:follow_range": {
				"value": 64
			},
			"minecraft:interact": {
				"interactions": [
					{
						"use_item": true,
						"interact_text": "action.interact.armorstand.equip",
						"play_sounds": "armor.equip_leather",
						"on_interact": {
							"filters": {
								"all_of": [
									{
										"test": "is_family",
										"subject": "other",
										"value": "player"
									},
									{
										"test": "has_tag",
										"subject": "other",
										"operator": "==",
										"value": "piglin"
									},
									{
										"test": "is_skin_id",
										"subject": "self",
										"operator": "!=",
										"value": 1
									},
									{
										"test": "has_equipment",
										"subject": "other",
										"domain": "hand",
										"operator": "==",
										"value": "df:thermal_suit"
									}
								]
							},
							"event": "can_overworld",
							"target": "self"
						}
					}
				]
			},
			"minecraft:damage_sensor": {
				"triggers": [
					{
						"on_damage": {
							"filters": {
								"all_of": [
									{
										"test": "is_family",
										"subject": "other",
										"value": "piglin"
									}
								]
							}
						},
						"deals_damage": false
					},
					{
						"on_damage": {
							"filters": {
								"all_of": [
									{
										"test": "is_family",
										"subject": "other",
										"value": "player"
									},
									{
										"test": "has_tag",
										"subject": "other",
										"operator": "==",
										"value": "piglin"
									}
								]
							}
						},
						"deals_damage": false
					}
				]
			},
			"minecraft:group_size": {
				"radius": 32,
				"filters": {
					"all_of": [
						{
							"test": "is_family",
							"value": "piglin_brute"
						}
					]
				}
			},
			"minecraft:behavior.tempt": {
				"priority": 1,
				"within_radius": 20,
				"speed_multiplier": 1.6,
				"can_tempt_while_ridden": true,
				"can_tempt_vertically": true,
				"items": [
					"df:walkie_talkie"
				]
			},
			"minecraft:behavior.trade_with_player": {
				"priority": 1
			},
			"minecraft:behavior.look_at_trading_player": {
				"priority": 4
			}
		},
		"events": {
			"minecraft:entity_spawned": {
				"sequence": [
					{
						"add": {
							"component_groups": [
								"zombification_sensor",
								"alert_for_attack_targets",
								"melee_unit",
								"despawn",
								"loot"
							]
						}
					},
					{
						"filters": {
							"test": "in_nether",
							"subject": "self",
							"operator": "==",
							"value": false
						},
						"trigger": "can_overworld"
					},
					{
						"filters": {
							"test": "in_nether",
							"subject": "self",
							"operator": "==",
							"value": true
						},
						"remove": {
							"component_groups": [
								"can_overworld"
							]
						}
					}
				]
			},
			"minecraft:entity_transformed": {
				"sequence": [
					{
						"add": {
							"component_groups": [
								"zombification_sensor",
								"alert_for_attack_targets",
								"melee_unit",
								"loot"
							]
						},
						"run_command": {
							"command": [
								"event entity @s system"
							]
						}
					},
					{
						"filters": {
							"test": "is_skin_id",
							"subject": "other",
							"value": 1
						},
						"trigger": "can_overworld"
					},
					{
						"filters": {
							"test": "is_skin_id",
							"subject": "other",
							"value": 0
						},
						"remove": {
							"component_groups": [
								"can_overworld"
							]
						}
					}
				]
			},
			"stop_zombification_event": {
				"add": {
					"component_groups": [
						"zombification_sensor"
					]
				},
				"remove": {
					"component_groups": [
						"start_zombification"
					]
				}
			},
			"start_zombification_event": {
				"add": {
					"component_groups": [
						"start_zombification"
					]
				},
				"remove": {
					"component_groups": [
						"zombification_sensor"
					]
				}
			},
			"become_angry_event": {
				"add": {
					"component_groups": [
						"angry"
					]
				}
			},
			"become_calm_event": {
				"remove": {
					"component_groups": [
						"angry"
					]
				},
				"add": {
					"component_groups": [
						"alert_for_attack_targets"
					]
				}
			},
			"become_zombie_event": {
				"add": {
					"component_groups": [
						"become_zombie"
					]
				}
			},
			"important_block_destroyed_event": {
				"remove": {
					"component_groups": [
						"alert_for_attack_targets"
					]
				},
				"add": {
					"component_groups": [
						"take_target_as_response_to_block_break"
					]
				}
			},
			"can_overworld": {
				"add": {
					"component_groups": [
						"can_overworld"
					]
				},
				"remove": {
					"component_groups": [
						"zombification_sensor",
						"start_zombification",
						"become_zombie"
					]
				}
			},
			"gold": {
				"add": {
					"component_groups": [
						"golden"
					]
				}
			},
			"iron": {
				"add": {
					"component_groups": [
						"iron"
					]
				},
				"remove": {
					"component_groups": [
						"golden"
					]
				}
			},
			"diamond": {
				"add": {
					"component_groups": [
						"diamond"
					]
				},
				"remove": {
					"component_groups": [
						"golden",
						"iron"
					]
				}
			},
			"netherite": {
				"add": {
					"component_groups": [
						"netherite"
					]
				},
				"remove": {
					"component_groups": [
						"diamond",
						"iron",
						"golden"
					]
				}
			},
			"system": {
				"add": {
					"component_groups": [
						"system"
					]
				}
			}
		}
	}
}