{
	"format_version": "1.18.20",
	"minecraft:entity": {
		"description": {
			"identifier": "minecraft:player",
			"is_spawnable": false,
			"is_summonable": false,
			"is_experimental": false,
			"animations": {
				"tommygunshoot": "animation.tommygunshoot",
				"shooting": "controller.animation.tommygun.shooting",
				"tommyhold": "controller.animation.tommyhold",
				"tommygunshoot_aim": "animation.tommygunshoot_aim",
				"tommyreload": "animation.tommy.reload",
				"tommyreloading": "controller.animation.tommy.reload",
				"mini14shoot": "animation.mini14shoot",
				"mini14shoot_aim": "animation.mini14shoot_aim",
				"mini14hold": "controller.animation.mini14hold",
				"mini14shooting": "controller.animation.mini14.shooting",
				"mini14reload": "animation.mini14.reload",
				"mini14reloading": "controller.animation.mini14.reload",
				"ppshshoot": "animation.ppshshoot",
				"ppshshoot_aim": "animation.ppshshoot_aim",
				"ppshshooting": "controller.animation.ppsh.shooting",
				"ppshhold": "controller.animation.ppshhold",
				"ppsh41reload": "animation.ppsh41.reload",
				"ppsh41reloading": "controller.animation.ppsh41.reload",
				"mosinhold": "controller.animation.mosinhold",
				"mosinreload": "animation.mosin.reload",
				"mosinshoot": "animation.mosinshoot",
				"mosinshoot_aim": "animation.mosinshoot_aim",
				"mosinreloading": "controller.animation.mosin.reload",
				"mosinshooting": "controller.animation.mosin.shooting",
				"mp40shoot": "animation.mp40shoot",
				"mp40shoot_aim": "animation.mp40shoot_aim",
				"mp40shooting": "controller.animation.mp40.shooting",
				"mp40hold": "controller.animation.mp40hold",
				"mp40reload": "animation.mp40.reload",
				"mp40reloading": "controller.animation.mp40.reload",
				"mauserhold": "controller.animation.mauserhold",
				"mausershoot": "animation.mausershoot",
				"mausershoot_aim": "animation.mausershoot_aim",
				"mausershooting": "controller.animation.mauser.shooting",
				"mauserreload": "animation.mauser.reload",
				"mauserreloading": "controller.animation.mauser.reload",
				"dp27shoot": "animation.dp27shoot",
				"dp27shoot_aim": "animation.dp27shoot_aim",
				"dp27reload": "animation.dp27.reload",
				"dp27shooting": "controller.animation.dp27.shooting",
				"dp27reloading": "controller.animation.dp27.reload",
				"dp27hold": "controller.animation.dp27hold",
				"stg44shoot": "animation.stg44shoot",
				"stg44shoot_aim": "animation.stg44shoot_aim",
				"stg44reload": "animation.stg44.reload",
				"stg44shooting": "controller.animation.stg44.shooting",
				"stg44reloading": "controller.animation.stg44.reload",
				"stg44hold": "controller.animation.stg44hold"
			},
			"scripts": {
				"animate": [
					"shooting",
					"tommyhold",
					"tommyreloading",
					"mini14shooting",
					"mini14hold",
					"mini14reloading",
					"ppshshooting",
					"ppshhold",
					"ppsh41reloading",
					"mosinhold",
					"mosinreloading",
					"mosinshooting",
					"mp40shooting",
					"mp40hold",
					"mp40reloading",
					"mauserhold",
					"mausershooting",
					"mauserreloading",
					"dp27shooting",
					"dp27reloading",
					"dp27hold",
					"stg44hold",
					"stg44reloading",
					"stg44shooting"
				]
			}
		},
		"component_groups": {
			"minecraft:add_bad_omen": {
				"minecraft:spell_effects": {
					"add_effects": [
						{
							"effect": "bad_omen",
							"duration": 6000,
							"visible": false,
							"display_on_screen_animation": true
						}
					]
				},
				"minecraft:timer": {
					"time": [
						0,
						0
					],
					"looping": false,
					"time_down_event": {
						"event": "minecraft:clear_add_bad_omen",
						"target": "self"
					}
				}
			},
			"minecraft:clear_bad_omen_spell_effect": {
				"minecraft:spell_effects": {}
			},
			"minecraft:raid_trigger": {
				"minecraft:raid_trigger": {
					"triggered_event": {
						"event": "minecraft:remove_raid_trigger",
						"target": "self"
					}
				},
				"minecraft:spell_effects": {
					"remove_effects": "bad_omen"
				}
			},
			"tommyshoot": {
				"minecraft:spawn_entity": {
					"entities": {
						"min_wait_time": 0,
						"max_wait_time": 0,
						"num_to_spawn": 1,
						"single_use": true,
						"spawn_entity": "df:player_bullet",
						"spawn_event": "smg_no_aim"
					}
				}
			},
			"tommyshoot_aim": {
				"minecraft:spawn_entity": {
					"entities": {
						"min_wait_time": 0,
						"max_wait_time": 0,
						"num_to_spawn": 1,
						"single_use": true,
						"spawn_entity": "df:player_bullet",
						"spawn_event": "smg_aim"
					}
				}
			},
			"ppshshoot": {
				"minecraft:spawn_entity": {
					"entities": {
						"min_wait_time": 0,
						"max_wait_time": 0,
						"num_to_spawn": 1,
						"single_use": true,
						"spawn_entity": "df:player_bullet",
						"spawn_event": "ppsh_no_aim"
					}
				}
			},
			"ppshshoot_aim": {
				"minecraft:spawn_entity": {
					"entities": {
						"min_wait_time": 0,
						"max_wait_time": 0,
						"num_to_spawn": 1,
						"single_use": true,
						"spawn_entity": "df:player_bullet",
						"spawn_event": "ppsh_aim"
					}
				}
			},
			"mp40shoot": {
				"minecraft:spawn_entity": {
					"entities": {
						"min_wait_time": 0,
						"max_wait_time": 0,
						"num_to_spawn": 1,
						"single_use": true,
						"spawn_entity": "df:player_bullet",
						"spawn_event": "mp40_no_aim"
					}
				}
			},
			"mp40shoot_aim": {
				"minecraft:spawn_entity": {
					"entities": {
						"min_wait_time": 0,
						"max_wait_time": 0,
						"num_to_spawn": 1,
						"single_use": true,
						"spawn_entity": "df:player_bullet",
						"spawn_event": "mp40_aim"
					}
				}
			},
			"mini14shoot": {
				"minecraft:spawn_entity": {
					"entities": {
						"min_wait_time": 0,
						"max_wait_time": 0,
						"num_to_spawn": 1,
						"single_use": true,
						"spawn_entity": "df:player_bullet",
						"spawn_event": "mini14_no_aim"
					}
				}
			},
			"mini14shoot_aim": {
				"minecraft:spawn_entity": {
					"entities": {
						"min_wait_time": 0,
						"max_wait_time": 0,
						"num_to_spawn": 1,
						"single_use": true,
						"spawn_entity": "df:player_bullet",
						"spawn_event": "mini14_aim"
					}
				}
			},
			"dp27shoot": {
				"minecraft:spawn_entity": {
					"entities": {
						"min_wait_time": 0,
						"max_wait_time": 0,
						"num_to_spawn": 1,
						"single_use": true,
						"spawn_entity": "df:player_bullet",
						"spawn_event": "dp27_no_aim"
					}
				}
			},
			"dp27shoot_aim": {
				"minecraft:spawn_entity": {
					"entities": {
						"min_wait_time": 0,
						"max_wait_time": 0,
						"num_to_spawn": 1,
						"single_use": true,
						"spawn_entity": "df:player_bullet",
						"spawn_event": "dp27_aim"
					}
				}
			},
			"mosinshoot": {
				"minecraft:spawn_entity": {
					"entities": {
						"min_wait_time": 0,
						"max_wait_time": 0,
						"num_to_spawn": 1,
						"single_use": true,
						"spawn_entity": "df:player_bullet",
						"spawn_event": "mosin_no_aim"
					}
				}
			},
			"mosinshoot_aim": {
				"minecraft:spawn_entity": {
					"entities": {
						"min_wait_time": 0,
						"max_wait_time": 0,
						"num_to_spawn": 1,
						"single_use": true,
						"spawn_entity": "df:player_bullet",
						"spawn_event": "mosin_aim"
					}
				}
			},
			"mausershoot": {
				"minecraft:spawn_entity": {
					"entities": {
						"min_wait_time": 0,
						"max_wait_time": 0,
						"num_to_spawn": 1,
						"single_use": true,
						"spawn_entity": "df:player_bullet",
						"spawn_event": "masuer_no_aim"
					}
				}
			},
			"mausershoot_aim": {
				"minecraft:spawn_entity": {
					"entities": {
						"min_wait_time": 0,
						"max_wait_time": 0,
						"num_to_spawn": 1,
						"single_use": true,
						"spawn_entity": "df:player_bullet",
						"spawn_event": "masuer_aim"
					}
				}
			}
		},
		"components": {
			"minecraft:experience_reward": {
				"on_death": "math.min(query.player_level*7,100)"
			},
			"minecraft:type_family": {
				"family": [
					"player"
				]
			},
			"minecraft:is_hidden_when_invisible": {},
			"minecraft:loot": {
				"table": "loot_tables/empty.json"
			},
			"minecraft:collision_box": {
				"width": 0.6,
				"height": 1.8
			},
			"minecraft:can_climb": {},
			"minecraft:movement": {
				"value": 0.1
			},
			"minecraft:hurt_on_condition": {
				"damage_conditions": [
					{
						"filters": {
							"test": "in_lava",
							"subject": "self",
							"operator": "==",
							"value": true
						},
						"cause": "lava",
						"damage_per_tick": 4
					}
				]
			},
			"minecraft:attack": {
				"damage": 1
			},
			"minecraft:exhaustion_values": {
				"heal": 6,
				"jump": 0.05,
				"sprint_jump": 0.2,
				"mine": 0.005,
				"attack": 0.1,
				"damage": 0.1,
				"walk": 0,
				"sprint": 0.01,
				"swim": 0.01
			},
			"minecraft:player.saturation": {
				"value": 5,
				"max": 20
			},
			"minecraft:player.exhaustion": {
				"value": 0,
				"max": 20
			},
			"minecraft:player.level": {
				"value": 0,
				"max": 24791
			},
			"minecraft:player.experience": {
				"value": 0,
				"max": 1
			},
			"minecraft:breathable": {
				"total_supply": 15,
				"suffocate_time": -1,
				"inhale_time": 3.75,
				"generates_bubbles": false
			},
			"minecraft:nameable": {
				"always_show": true,
				"allow_name_tag_renaming": false
			},
			"minecraft:physics": {},
			"minecraft:pushable": {
				"is_pushable": false,
				"is_pushable_by_piston": true
			},
			"minecraft:insomnia": {
				"days_until_insomnia": 3
			},
			"minecraft:rideable": {
				"seat_count": 2,
				"family_types": [
					"parrot_tame"
				],
				"pull_in_entities": true,
				"seats": [
					{
						"position": [
							0.4,
							-0.2,
							-0.1
						],
						"min_rider_count": 0,
						"max_rider_count": 0,
						"lock_rider_rotation": 0
					},
					{
						"position": [
							-0.4,
							-0.2,
							-0.1
						],
						"min_rider_count": 1,
						"max_rider_count": 2,
						"lock_rider_rotation": 0
					}
				]
			},
			"minecraft:conditional_bandwidth_optimization": {},
			"minecraft:block_climber": {},
			"minecraft:environment_sensor": {
				"triggers": [
					{
						"filters": {
							"all_of": [
								{
									"test": "has_mob_effect",
									"subject": "self",
									"value": "bad_omen"
								},
								{
									"test": "is_in_village",
									"subject": "self",
									"value": true
								}
							]
						},
						"event": "minecraft:trigger_raid"
					}
				]
			},
			"minecraft:damage_sensor": {
				"triggers": [
					{
						"on_damage": {
							"filters": {
								"all_of": [
									{
										"test": "has_tag",
										"subject": "self",
										"operator": "==",
										"value": "villager"
									},
									{
										"test": "is_family",
										"subject": "other",
										"value": "irongolem"
									}
								]
							}
						},
						"deals_damage": false
					},
					{
						"on_damage": {
							"filters": {
								"all_of": [
									{
										"test": "has_tag",
										"subject": "self",
										"operator": "==",
										"value": "illager"
									},
									{
										"test": "is_family",
										"subject": "other",
										"value": "illager"
									}
								]
							}
						},
						"deals_damage": false
					},
					{
						"on_damage": {
							"filters": {
								"all_of": [
									{
										"test": "has_tag",
										"subject": "self",
										"operator": "==",
										"value": "piglin"
									},
									{
										"test": "is_family",
										"subject": "other",
										"value": "piglin"
									}
								]
							}
						},
						"deals_damage": false
					},
					{
						"on_damage": {
							"filters": {
								"all_of": [
									{
										"test": "has_equipment",
										"subject": "self",
										"domain": "armor",
										"operator": "==",
										"value": "df:turtle_chestplate"
									},
									{
										"test": "has_damage",
										"subject": "self",
										"operator": "==",
										"value": "projectile"
									}
								]
							}
						},
						"damage_modifier": 0.1
					}
				]
			}
		},
		"events": {
			"minecraft:gain_bad_omen": {
				"add": {
					"component_groups": [
						"minecraft:add_bad_omen"
					]
				}
			},
			"minecraft:clear_add_bad_omen": {
				"remove": {
					"component_groups": [
						"minecraft:add_bad_omen"
					]
				},
				"add": {
					"component_groups": [
						"minecraft:clear_bad_omen_spell_effect"
					]
				}
			},
			"minecraft:trigger_raid": {
				"add": {
					"component_groups": [
						"minecraft:raid_trigger"
					]
				}
			},
			"minecraft:remove_raid_trigger": {
				"remove": {
					"component_groups": [
						"minecraft:raid_trigger"
					]
				}
			},
			"tommyshoot": {
				"add": {
					"component_groups": [
						"tommyshoot"
					]
				}
			},
			"tommyshoot_aim": {
				"add": {
					"component_groups": [
						"tommyshoot_aim"
					]
				}
			},
			"ppshshoot": {
				"add": {
					"component_groups": [
						"ppshshoot"
					]
				}
			},
			"ppshshoot_aim": {
				"add": {
					"component_groups": [
						"ppshshoot_aim"
					]
				}
			},
			"mp40shoot": {
				"add": {
					"component_groups": [
						"mp40shoot"
					]
				}
			},
			"mp40shoot_aim": {
				"add": {
					"component_groups": [
						"mp40shoot_aim"
					]
				}
			},
			"mini14shoot": {
				"add": {
					"component_groups": [
						"mini14shoot"
					]
				}
			},
			"mini14shoot_aim": {
				"add": {
					"component_groups": [
						"mini14shoot_aim"
					]
				}
			},
			"dp27shoot": {
				"add": {
					"component_groups": [
						"dp27shoot"
					]
				}
			},
			"dp27shoot_aim": {
				"add": {
					"component_groups": [
						"dp27shoot_aim"
					]
				}
			},
			"mosinshoot": {
				"add": {
					"component_groups": [
						"mosinshoot"
					]
				}
			},
			"mosinshoot_aim": {
				"add": {
					"component_groups": [
						"mosinshoot_aim"
					]
				}
			},
			"mausershoot": {
				"add": {
					"component_groups": [
						"mausershoot"
					]
				}
			},
			"mausershoot_aim": {
				"add": {
					"component_groups": [
						"mausershoot_aim"
					]
				}
			}
		}
	}
}