{
	"format_version": "1.16.0",
	"minecraft:entity": {
		"description": {
			"identifier": "df:sniper_turret",
			"is_spawnable": false,
			"is_summonable": true,
			"is_experimental": false,
			"animations": {
				"breaking": "animation.breaking"
			},
			"scripts": {
				"animate": [
					{
						"breaking": "!query.is_alive"
					}
				]
			}
		},
		"component_groups": {
			"ranged_unit": {
				"minecraft:behavior.ranged_attack": {
					"priority": 4,
					"attack_interval_min": 3,
					"attack_interval_max": 3,
					"attack_radius": 60
				},
				"minecraft:shooter": {
					"def": "df:bullet"
				},
				"minecraft:behavior.charge_held_item": {
					"items": [
						"arrow"
					]
				}
			},
			"alert_for_attack_targets": {
				"minecraft:behavior.nearest_prioritized_attackable_target": {
					"priority": 3,
					"persist_time": 2,
					"must_see": true,
					"entity_types": [
						{
							"filters": {
								"all_of": [
									{
										"test": "is_family",
										"subject": "other",
										"value": "player"
									},
									{
										"test": "has_tag",
										"subject": "other",
										"operator": "!=",
										"value": "piglin"
									}
								]
							},
							"max_dist": 60,
							"priority": 0
						},
						{
							"filters": {
								"test": "is_family",
								"subject": "other",
								"value": "wither"
							},
							"max_dist": 60,
							"priority": 1
						},
						{
							"filters": {
								"test": "is_family",
								"subject": "other",
								"value": "illager"
							},
							"max_dist": 60,
							"priority": 2
						},
						{
							"filters": {
								"test": "is_family",
								"subject": "other",
								"value": "irongolem"
							},
							"max_dist": 60,
							"priority": 3
						},
						{
							"filters": {
								"any_of": [
									{
										"all_of": [
											{
												"test": "is_family",
												"subject": "other",
												"value": "monster"
											},
											{
												"test": "is_family",
												"subject": "other",
												"operator": "!=",
												"value": "piglin"
											}
										]
									},
									{
										"test": "is_family",
										"subject": "other",
										"value": "undead"
									},
									{
										"test": "is_family",
										"subject": "other",
										"value": "skeleton"
									}
								]
							},
							"max_dist": 60,
							"priority": 4
						},
						{
							"filters": {
								"test": "is_family",
								"subject": "other",
								"value": "villager"
							},
							"max_dist": 60,
							"priority": 5
						}
					]
				}
			},
			"df:despawn": {
				"minecraft:instant_despawn": {
					"remove_child_entities": true
				},
				"minecraft:spawn_entity": {
					"entities": {
						"min_wait_time": 0,
						"max_wait_time": 0,
						"num_to_spawn": 1,
						"spawn_item": "df:sniper_turret",
						"single_use": true
					}
				}
			}
		},
		"components": {
			"minecraft:is_hidden_when_invisible": {},
			"minecraft:type_family": {
				"family": [
					"barret",
					"autogun",
					"piglin",
					"monster"
				]
			},
			"minecraft:skin_id": {
				"value": 0
			},
			"minecraft:movement": {
				"value": 0
			},
			"minecraft:knockback_resistance": {
				"value": 1,
				"max": 1
			},
			"minecraft:collision_box": {
				"width": 0.7,
				"height": 0.9
			},
			"minecraft:equipment": {
				"table": "loot_tables/crossbow_default.json"
			},
			"minecraft:breathable": {
				"total_supply": 15,
				"suffocate_time": 0
			},
			"minecraft:health": {
				"value": 80,
				"max": 80
			},
			"minecraft:hurt_on_condition": {
				"damage_conditions": [
					{
						"filters": {
							"test": "in_lava",
							"subject": "self",
							"operator": "==",
							"value": true
						},
						"cause": "lava",
						"damage_per_tick": 4
					}
				]
			},
			"minecraft:navigation.walk": {
				"can_path_over_water": true
			},
			"minecraft:movement.basic": {},
			"minecraft:jump.static": {},
			"minecraft:nameable": {},
			"minecraft:behavior.hurt_by_target": {
				"priority": 1
			},
			"minecraft:conditional_bandwidth_optimization": {},
			"minecraft:physics": {},
			"minecraft:pushable": {
				"is_pushable": false,
				"is_pushable_by_piston": true
			},
			"minecraft:follow_range": {
				"value": 64
			},
			"minecraft:interact": {
				"interactions": [
					{
						"on_interact": {
							"filters": {
								"all_of": [
									{
										"test": "is_family",
										"subject": "other",
										"value": "player"
									},
									{
										"test": "has_tag",
										"subject": "other",
										"operator": "==",
										"value": "piglin"
									},
									{
										"test": "has_equipment",
										"domain": "hand",
										"subject": "other",
										"value": "df:wrench"
									},
									{
										"test": "is_missing_health",
										"value": true
									}
								]
							}
						},
						"hurt_item": 10,
						"health_amount": 50,
						"play_sounds": "irongolem.repair",
						"interact_text": "action.interact.repair"
					}
				]
			},
			"minecraft:damage_sensor": {
				"triggers": [
					{
						"on_damage": {
							"filters": {
								"all_of": [
									{
										"test": "is_family",
										"subject": "other",
										"value": "piglin"
									}
								]
							}
						},
						"deals_damage": false
					},
					{
						"on_damage": {
							"filters": {
								"all_of": [
									{
										"test": "is_family",
										"subject": "other",
										"value": "player"
									},
									{
										"test": "has_tag",
										"subject": "other",
										"operator": "==",
										"value": "piglin"
									},
									{
										"test": "has_equipment",
										"subject": "other",
										"operator": "==",
										"value": "df:wrench"
									}
								]
							},
							"event": "despawn",
							"target": "self"
						},
						"deals_damage": false
					},
					{
						"on_damage": {
							"filters": {
								"all_of": [
									{
										"test": "is_family",
										"subject": "other",
										"value": "player"
									},
									{
										"test": "has_tag",
										"subject": "other",
										"operator": "==",
										"value": "piglin"
									}
								]
							}
						},
						"deals_damage": false
					}
				]
			},
			"minecraft:scale": {
				"value": 1.2
			}
		},
		"events": {
			"minecraft:entity_spawned": {
				"add": {
					"component_groups": [
						"ranged_unit",
						"alert_for_attack_targets"
					]
				}
			},
			"despawn": {
				"add": {
					"component_groups": [
						"df:despawn"
					]
				}
			},
			"minecraft:entity_transformed": {
				"add": {
					"component_groups": [
						"ranged_unit",
						"alert_for_attack_targets"
					]
				}
			}
		}
	}
}