{
	"format_version": "1.16.0",
	"minecraft:entity": {
		"description": {
			"identifier": "df:table_endereye",
			"is_spawnable": true,
			"is_summonable": true,
			"is_experimental": false,
			"runtime_identifier": "shulker",
			"animations": {
				"ender_eye": "animation.ender_eye"
			},
			"scripts": {
				"animate": [
					{
						"ender_eye": "query.is_shaking"
					}
				]
			}
		},
		"component_groups": {
			"lost": {
				"minecraft:is_shaking": {},
				"minecraft:timer": {
					"time": [
						5,
						5
					],
					"time_down_event": {
						"event": "despawn",
						"target": "self"
					}
				}
			},
			"despawn": {
				"minecraft:instant_despawn": {
					"remove_child_entities": true
				}
			},
			"spawn_assassin": {
				"minecraft:spawn_entity": {
					"entities": [
						{
							"min_wait_time": 0,
							"max_wait_time": 0,
							"single_use": true,
							"num_to_spawn": 1,
							"spawn_entity": "df:assassin_ghost",
							"spawn_event": "minecraft:entity_spawned"
						}
					]
				}
			},
			"spawn_god": {
				"minecraft:spawn_entity": {
					"entities": [
						{
							"min_wait_time": 0,
							"max_wait_time": 0,
							"single_use": true,
							"num_to_spawn": 1,
							"spawn_entity": "df:god_of_spear",
							"spawn_event": "minecraft:entity_spawned"
						}
					]
				}
			}
		},
		"components": {
			"minecraft:collision_box": {
				"width": 0.8,
				"height": 1.5
			},
			"minecraft:health": {
				"value": 5,
				"max": 5
			},
			"minecraft:scale": {
				"value": 1.3
			},
			"minecraft:interact": {
				"interactions": [
					{
						"add_items": {
							"table": "loot_tables/endereye.json"
						},
						"play_sounds": "lost",
						"on_interact": {
							"filters": {
								"test": "is_family",
								"subject": "other",
								"value": "player"
							},
							"event": "timer",
							"target": "self"
						}
					}
				]
			},
			"minecraft:damage_sensor": {
				"triggers": {
					"cause": "all",
					"deals_damage": false
				}
			}
		},
		"events": {
			"despawn": {
				"randomize": [
					{
						"add": {
							"component_groups": [
								"despawn",
								"spawn_assassin"
							]
						},
						"weight": 60
					},
					{
						"add": {
							"component_groups": [
								"despawn",
								"spawn_god"
							]
						},
						"weight": 40
					}
				]
			},
			"timer": {
				"add": {
					"component_groups": [
						"lost"
					]
				}
			}
		}
	}
}