{
	"format_version": "1.19.0",
	"minecraft:entity": {
		"description": {
			"identifier": "df:tp_piglin_raid",
			"is_summonable": false,
			"is_spawnable": false
		},
		"component_groups": {
			"despawn": {
				"minecraft:instant_despawn": {
					"remove_child_entities": true
				}
			}
		},
		"components": {
			"minecraft:timer": {
				"time": 1,
				"time_down_event": {
					"event": "despawn",
					"target": "self"
				}
			}
		},
		"events": {
			"minecraft:entity_spawned": {
				"run_command": {
					"command": [
						"tp @e[type=df:piglin_raid,c=1,r=100] ~ ~ ~"
					]
				}
			},
			"despawn": {
				"add": {
					"component_groups": [
						"despawn"
					]
				}
			}
		}
	}
}