{
	"format_version": "1.19.20",
	"minecraft:entity": {
		"description": {
			"identifier": "df:walkie_talkie",
			"is_summonable": true,
			"is_spawnable": false
		},
		"component_groups": {
			"despawn": {
				"minecraft:instant_despawn": {
					"remove_child_entities": true
				},
				"minecraft:spawn_entity": {
					"entities": {
						"min_wait_time": 0,
						"max_wait_time": 0,
						"num_to_spawn": 1,
						"single_use": true,
						"spawn_item": "df:walkie_talkie"
					}
				}
			}
		},
		"components": {
			"minecraft:collision_box": {
				"height": 0.3,
				"width": 0.5
			},
			"minecraft:health": {
				"value": 1,
				"max": 1
			},
			"minecraft:physics": {},
			"minecraft:pushable": {
				"is_pushable": false,
				"is_pushable_by_piston": false
			},
			"minecraft:damage_sensor": {
				"triggers": [
					{
						"on_damage": {
							"filters": {
								"test": "has_damage",
								"subject": "self",
								"operator": "==",
								"value": "attack"
							},
							"event": "despawn",
							"target": "self"
						},
						"deals_damage": false
					}
				]
			}
		},
		"events": {
			"minecraft:entity_spawned": {
				"run_command": {
					"command": [
						"tp @e[r=60, family=piglin, family=!autogun, family=!stay, family=piglin_brute, family=!engineer, family=!piglin_helper] ~ ~ ~"
					]
				}
			},
			"despawn": {
				"add": {
					"component_groups": [
						"despawn"
					]
				}
			}
		}
	}
}