{"format_version":"1.10.0","minecraft:client_entity":{"description":{"identifier":"yg:charles","materials":{"default":"enderman"},"textures":{"default":"textures/entity/yg_charles"},"geometry":{"default":"geometry.yg_charles"},"scripts":{"animate":["move","general"],"pre_animation":["variable.random = math.round(math.random(0,2));"],"scale":"2"},"animations":{"moving":"animation.yg_charles.move","move":"controller.animation.yg_charles.move","gazo_general":"animation.yg_charles.general","general":"controller.animation.yg_charles.general","attack0":"animation.yg_charles.attack","attack":"controller.animation.yg_charles.attack","look_at_target":"animation.yg_charles.looking","jumpscare":"animation.yg_charles.jumpscare","climb":"animation.yg_charles.climb"},"render_controllers":["controller.render.witch"],"spawn_egg":{"texture":"yg:charles","texture_index":0},"particle_effects":{"steam":"yg:train_smoke"}}}}