{"format_version":"1.10.0","minecraft:client_entity":{"description":{"identifier":"yg:jumbo_josh_dead","materials":{"default":"enderman"},"textures":{"default":"textures/entity/yg_jumbo_josh"},"geometry":{"default":"geometry.yg_jumbo_josh"},"scripts":{"animate":["dead"],"pre_animation":["variable.random = math.round(math.random(0,2));"],"scale":"3"},"animations":{"dead":"animation.yg_jumbo_josh.dead"},"render_controllers":["controller.render.witch"],"spawn_egg":{"texture":"yg:jumbo_josh","texture_index":0}}}}