{"format_version":"1.10.0","minecraft:client_entity":{"description":{"identifier":"yg:kittysaurus","materials":{"default":"enderman"},"textures":{"default":"textures/entity/yg_kittysaurus"},"geometry":{"default":"geometry.yg_kittysaurus"},"scripts":{"animate":["move","general"],"pre_animation":["variable.random = math.round(math.random(0,2));"],"scale":"3"},"animations":{"moving":"animation.yg_kittysaurus.move","move":"controller.animation.yg_kittysaurus.move","gazo_general":"animation.yg_kittysaurus.general","general":"controller.animation.yg_kittysaurus.general","attack0":"animation.yg_kittysaurus.attack","attack":"controller.animation.yg_kittysaurus.attack","look_at_target":"animation.yg_kittysaurus.looking","jumpscare":"animation.yg_kittysaurus.jumpscare"},"render_controllers":["controller.render.witch"],"spawn_egg":{"texture":"yg:kittysaurus","texture_index":0}}}}