{"format_version":"1.10.0","minecraft:client_entity":{"description":{"identifier":"yg:mr_kabob_man","materials":{"default":"enderman"},"textures":{"default":"textures/entity/yg_mr_kabob_man"},"geometry":{"default":"geometry.yg_mr_kabob_man"},"scripts":{"animate":["move","general"],"pre_animation":["variable.random = math.round(math.random(0,2));"]},"animations":{"moving":"animation.yg_mr_kabob_man.move","move":"controller.animation.yg_mr_kabob_man.move","gazo_general":"animation.yg_mr_kabob_man.general","general":"controller.animation.yg_mr_kabob_man.general"},"render_controllers":["controller.render.witch"],"spawn_egg":{"texture":"yg:mr_kabob_man","texture_index":0}}}}