{"format_version":"1.10.0","minecraft:client_entity":{"description":{"identifier":"yg:miniopila","materials":{"default":"enderman"},"textures":{"opila":"textures/entity/opila_bird/yg_miniopila","tarta":"textures/entity/opila_bird/yg_minitarta"},"geometry":{"default":"geometry.yg_miniopila"},"scripts":{"animate":["move","general"],"pre_animation":["variable.random = math.round(math.random(0,2));"]},"animations":{"moving":"animation.yg_miniopila.move","move":"controller.animation.yg_miniopila.move","gazo_general":"animation.yg_miniopila.general","general":"controller.animation.yg_miniopila.general","look_at_target":"animation.yg_miniopila.looking"},"render_controllers":["controller.render.yg_miniopila"],"spawn_egg":{"texture":"yg:miniopila","texture_index":0}}}}