{"format_version":"1.10.0","minecraft:client_entity":{"description":{"identifier":"yg:nabnaleena","materials":{"default":"enderman"},"textures":{"default":"textures/entity/yg_nabnaleena"},"geometry":{"default":"geometry.yg_nabnaleena"},"scripts":{"animate":["move","general"],"pre_animation":["variable.random = math.round(math.random(0,2));"]},"animations":{"moving":"animation.yg_nabnaleena.move","move":"controller.animation.yg_nabnaleena.move","gazo_general":"animation.yg_nabnaleena.general","general":"controller.animation.yg_nabnaleena.general","attack0":"animation.yg_nabnaleena.attack","attack":"controller.animation.yg_nabnaleena.attack","look_at_target":"animation.yg_nabnaleena.looking","jumpscare":"animation.yg_nabnaleena.jumpscare","climb":"animation.yg_nabnaleena.climb"},"render_controllers":["controller.render.witch"],"spawn_egg":{"texture":"yg:nabnaleena","texture_index":0}}}}