{"format_version":"1.10.0","minecraft:client_entity":{"description":{"identifier":"yg:nabnab","materials":{"default":"enderman"},"textures":{"default":"textures/entity/yg_nabnab"},"geometry":{"default":"geometry.yg_nabnab"},"scripts":{"animate":["move","general"],"pre_animation":["variable.random = math.round(math.random(0,2));"]},"animations":{"moving":"animation.yg_nabnab.move","move":"controller.animation.yg_nabnab.move","gazo_general":"animation.yg_nabnab.general","general":"controller.animation.yg_nabnab.general","attack0":"animation.yg_nabnab.attack","attack":"controller.animation.yg_nabnab.attack","look_at_target":"animation.yg_nabnab.looking","jumpscare":"animation.yg_nabnab.jumpscare","climb":"animation.yg_nabnab.climb"},"render_controllers":["controller.render.witch"],"spawn_egg":{"texture":"yg:nabnab","texture_index":0}}}}