{"format_version":"1.10.0","minecraft:client_entity":{"description":{"identifier":"yg:opila_bird","materials":{"default":"enderman"},"textures":{"default":"textures/entity/opila_bird/yg_opila_bird"},"geometry":{"default":"geometry.yg_opila_bird"},"scripts":{"animate":["move","general"],"pre_animation":["variable.random = math.round(math.random(0,2));"]},"animations":{"moving":"animation.yg_opila_bird.move","move":"controller.animation.yg_opila_bird.move","gazo_general":"animation.yg_opila_bird.general","general":"controller.animation.yg_opila_bird.general","attack0":"animation.yg_opila_bird.attack","attack":"controller.animation.yg_opila_bird.attack","look_at_target":"animation.yg_opila_bird.looking","jumpscare":"animation.yg_opila_bird.jumpscare"},"render_controllers":["controller.render.witch"],"spawn_egg":{"texture":"yg:opila_bird","texture_index":0}}}}