{"format_version":"1.10.0","minecraft:client_entity":{"description":{"identifier":"yg:opila_bird_statue","materials":{"default":"enderman"},"textures":{"default":"textures/entity/opila_bird/yg_opila_bird"},"geometry":{"default":"geometry.yg_opila_bird"},"scripts":{"animate":["statue"],"pre_animation":["variable.random = math.round(math.random(0,2));"]},"animations":{"statue":"animation.yg_opila_bird.statue"},"render_controllers":["controller.render.witch"],"spawn_egg":{"texture":"yg:opila_bird","texture_index":0}}}}