{"format_version":"1.10.0","minecraft:client_entity":{"description":{"identifier":"yg:syringeon","materials":{"default":"enderman"},"textures":{"default":"textures/entity/yg_syringeon"},"geometry":{"default":"geometry.yg_syringeon"},"scripts":{"animate":["move","general"],"pre_animation":["variable.random = math.round(math.random(0,2));"],"scale":"2"},"animations":{"moving":"animation.yg_syringeon.move","move":"controller.animation.yg_syringeon.move","gazo_general":"animation.yg_syringeon.general","general":"controller.animation.yg_syringeon.general","attack0":"animation.yg_syringeon.attack","attack":"controller.animation.yg_syringeon.attack","look_at_target":"animation.yg_syringeon.looking","jumpscare":"animation.yg_syringeon.jumpscare"},"render_controllers":["controller.render.witch"],"spawn_egg":{"texture":"yg:syringeon","texture_index":0}}}}