{"format_version":"1.10.0","minecraft:client_entity":{"description":{"identifier":"yg:turtel_projectile","materials":{"default":"slime"},"textures":{"default":"textures/entity/yg_turtel_projectile"},"geometry":{"default":"geometry.yg_turtel_projectile"},"scripts":{"animate":["general"],"scale":"2"},"animations":{"general":"animation.yg_turtle_projectile.general"},"spawn_egg":{"texture":"spawn_egg","texture_index":99},"render_controllers":["controller.render.slime"],"particle_effects":{"splash":"yg:splash"}}}}