{"format_version":"1.10.0","minecraft:client_entity":{"description":{"identifier":"yg:tamataki_chamataki","materials":{"default":"enderman"},"textures":{"default":"textures/entity/yg_tamataki_chamataki"},"geometry":{"default":"geometry.yg_tamataki_chamataki"},"scripts":{"animate":["move","general"],"pre_animation":["variable.random = math.round(math.random(0,2));"],"scale":"3"},"animations":{"moving":"animation.yg_tamataki_chamataki.move","move":"controller.animation.yg_tamataki_chamataki.move","gazo_general":"animation.yg_tamataki_chamataki.general","general":"controller.animation.yg_tamataki_chamataki.general","attack0":"animation.yg_tamataki_chamataki.attack","attack":"controller.animation.yg_tamataki_chamataki.attack","look_at_target":"animation.yg_tamataki_chamataki.looking","shoot":"animation.yg_tamataki_chamataki.shoot"},"render_controllers":["controller.render.witch"],"spawn_egg":{"texture":"yg:tamataki_chamataki","texture_index":0}}}}