{
  "format_version": "1.12",
  "minecraft:recipe_shaped": {
    "description": {
      "identifier": "juajsj_3b3c9d89"
    },
    "tags": [
      "crafting_table"
    ],
    "pattern": [
      "ABC",
      " D "
    ],
    "key": {
      "A": {
        "item": "minecraft:cobbled_deepslate_slab",
        "data": 0
      },
      "B": {
        "item": "minecraft:copper_block",
        "data": 0
      },
      "C": {
        "item": "minecraft:raw_copper_block",
        "data": 0
      },
      "D": {
        "item": "minecraft:sculk_catalyst",
        "data": 0
      }
    },
    "result": {
      "item": "good:juajsj",
      "count": 1
    }
  }
}