{
	"format_version": "1.16.100",
	"minecraft:block": {
		"description": {
			"identifier": "df:villager_spawn",
			"category": "nature",
			"register_to_creative_menu": false,
			"is_experimental": false
		},
		"components": {
			"minecraft:material_instances": {
				"*": {
					"texture": "villager_spawn",
					"render_method": "blend",
					"ambient_occlusion": false,
					"face_dimming": false
				}
			},
			"minecraft:unit_cube": {},
			"minecraft:map_color": "#3e3e3e",
			"minecraft:breathability": "solid",
			"minecraft:entity_collision": false,
			"minecraft:pick_collision": false,
			"minecraft:block_light_absorption": 0,
			"minecraft:block_light_emission": 0,
			"minecraft:friction": 0.5,
			"minecraft:unwalkable": false,
			"minecraft:explosion_resistance": 100,
			"minecraft:destroy_time": 1,
			"minecraft:ticking": {
				"on_tick": {
					"event": "summon:villager",
					"target": "self"
				},
				"range": [
					1,
					1
				],
				"looping": true
			},
			"minecraft:random_ticking": {
				"on_tick": {
					"event": "summon:villager",
					"target": "self"
				}
			}
		},
		"events": {
			"summon:villager": {
				"sequence": [
					{
						"run_command": {
							"command": [
								"summon villager ~ ~ ~"
							]
						}
					},
					{
						"set_block": {
							"block_type": "minecraft:air"
						}
					}
				]
			}
		}
	}
}