{
  "entity_sounds": {
    "entities": {
"gm:gmanskibiditoilet30": {
        "volume": 10,
        "pitch": [
          1.0,
          1.0
        ],
        "events": {
      "ambient": "mob.gm_gmanskibiditoilet30.ambient",
          "attack": "mob.gm_gmanskibiditoilet30.attack" 
        }
      },
 "gm:triplegiantskibiditoilet": {
        "volume": 10,
        "pitch": [
          1.0,
          1.0
        ],
        "events": {
      "ambient": "mob.gm_triplegiantskibiditoilet.ambient",
          "attack": "mob.gm_triplegiantskibiditoilet.attack" 
        }
      },
 "gm:hydrastriderskibiditoilet": {
        "volume": 10,
        "pitch": [
          1.0,
          1.0
        ],
        "events": {
      "ambient": "mob.gm_hydrastriderskibiditoilet.ambient",
          "attack": "mob.gm_hydrastriderskibiditoilet.attack" 
        }
      },
 "gm:grandfatherskibiditoilet": {
        "volume": 10,
        "pitch": [
          1.0,
          1.0
        ],
        "events": {
      "ambient": "mob.gm_grandfatherskibiditoilet.ambient",
          "attack": "mob.gm_grandfatherskibiditoilet.attack" 
        }
      },
 "gm:triplesmallskibiditoilet": {
        "volume": 10,
        "pitch": [
          1.0,
          1.0
        ],
        "events": {
      "ambient": "mob.gm_triplesmallskibiditoilet.ambient",
          "attack": "mob.gm_triplesmallskibiditoilet.attack" 
        }
      },
 "gm:djskibiditoilet": {
        "volume": 10,
        "pitch": [
          1.0,
          1.0
        ],
        "events": {
      "ambient": "mob.gm_djskibiditoilet.ambient",
          "attack": "mob.gm_djskibiditoilet.attack" 
        }
      },
 "gm:tvman": {
        "volume": 10,
        "pitch": [
          1.0,
          1.0
        ],
        "events": {
      "ambient": "mob.gm_tvman.ambient",
          "attack": "mob.gm_tvman.attack" 
        }
      },
 "gm:tvmanlarge": {
        "volume": 10,
        "pitch": [
          1.0,
          1.0
        ],
        "events": {
      "ambient": "mob.gm_tvmanlarge.ambient",
          "attack": "mob.gm_tvmanlarge.attack" 
        }
      },
 "gm:mutantskibidiman": {
        "volume": 10,
        "pitch": [
          1.0,
          1.0
        ],
        "events": {
      "ambient": "mob.gm_mutantskibidiman.ambient",
          "attack": "mob.gm_mutantskibidiman.attack" 
        }
      },
"gm:glitchskibiditoilet": {
        "volume": 10,
        "pitch": [
          1.0,
          1.0
        ],
        "events": {
      "ambient": "mob.gm_glitchskibiditoilet.ambient",
          "attack": "mob.gm_glitchskibiditoilet.attack" 
        }
      },
 "gm:vacuumskibiditoilet": {
        "volume": 10,
        "pitch": [
          1.0,
          1.0
        ],
        "events": {
      "ambient": "mob.gm_vacuumskibiditoilet.ambient",
          "attack": "mob.gm_vacuumskibiditoilet.attack" 
        }
      }
    }
  }
}