{
	"format_version": "1.8.0",
	"animations": {
		"animation.tveffect.haha": {
			"loop": true,
			"animation_length": 0.5,
			"bones": {
				"Head": {
					"rotation": {
						"0.0": [-12.96248, -39.27345, 20.79012],
						"0.25": [-14.62771, -46.55847, 23.23052],
						"0.5": [-12.96248, -39.27345, 20.79012]
					},
					"position": [2, 0, 0]
				},
				"Eyebrow1": {
					"rotation": [0, 0, -17.5]
				},
				"Eyebrow2": {
					"rotation": [0, 0, 22.5]
				},
				"Neck": {
					"rotation": [0, -17.5, 12.5]
				}
			}
		}
	}
}