{
  "format_version": "1.8.0",
  "animations": {
    "animation.fitt_glasses_skibidi_normal.bob": {
      "loop": true,
      "animation_length": 1.5,
      "bones": {
        "Head": {
          "rotation": {
            "0.0": [
              0,
              0,
              0
            ],
            "1.4583": [
              0,
              0,
              0
            ]
          },
          "position": {
            "0.0": [
              0,
              0,
              0
            ],
            "0.75": [
              0,
              -1,
              -1
            ],
            "1.4583": [
              0,
              0,
              0
            ]
          }
        },
        "Neck": {
          "rotation": {
            "0.0": [
              0,
              0,
              0
            ],
            "0.75": [
              5,
              0,
              0
            ],
            "1.4583": [
              0,
              0,
              0
            ]
          },
          "position": {
            "0.0": [
              0,
              0,
              0
            ],
            "1.4583": [
              0,
              0,
              0
            ]
          }
        }
      }
    }
  }
}