{
	"format_version": "1.8.0",
	"animations": {
		"animation.spider.move": {
			"loop": true,
			"animation_length": 1.20833,
			"bones": {
				"MainBody": {
					"rotation": {
						"0.0": [0, 0, 0],
						"0.2917": [0, 0, 5],
						"0.4583": [0, 0, -12.5],
						"0.75": [0, 0, 5]
					},
					"position": {
						"0.0": [0, 0, 0],
						"0.2917": [-2, 0, 0],
						"0.4583": [6, 0, 0],
						"1.0": [-3, 0, 0]
					}
				},
				"Leg1": {
					"rotation": {
						"0.0": [0, 0, 0],
						"0.2917": [0, -40, 0],
						"0.4167": [11.14843, -37.52101, -27.22644],
						"0.5833": [10.75304, 1.80716, -19.76668],
						"0.75": [25.05631, 38.83471, 0.57114],
						"1.2083": [0, -40, 0]
					},
					"position": [0, 0, 0]
				},
				"Leg2": {
					"rotation": {
						"0.0": [0, 0, 20],
						"0.2917": [0, -25, 20],
						"0.4583": [24.02393, -48.20277, -10.87463],
						"0.6667": [0, 30, 0],
						"0.9583": [0, 0, 20],
						"1.0833": [0, -25, 20],
						"1.1667": [0, 0, 20]
					},
					"position": {
						"0.0": [0, 0, 0],
						"1.1667": [0, 0, 0]
					}
				},
				"Leg3": {
					"rotation": [0, 0, 0],
					"position": [0, 0, 0]
				},
				"Head": {
					"rotation": [0, 0, 0],
					"position": [0, 0, 0]
				}
			}
		}
	}
}