{
  "format_version": "1.8.0",
  "animations": {
    "animation.seb_titan_cameraman.attack": {
      "animation_length": 1.25,
      "bones": {
        "Head": {
          "rotation": {
            "0.0": [
              0,
              0,
              0
            ],
            "0.25": [
              0,
              0,
              0
            ],
            "0.5": [
              0,
              -10,
              0
            ],
            "0.75": [
              0,
              0,
              0
            ]
          },
          "position": {
            "0.0": [
              0,
              0,
              0
            ],
            "0.25": [
              0,
              0,
              0
            ],
            "0.75": [
              0,
              0,
              0
            ]
          }
        },
        "Body": {
          "rotation": {
            "0.0": [
              0,
              0,
              0
            ],
            "0.25": [
              0,
              15,
              0
            ],
            "0.375": [
              0,
              20,
              0
            ],
            "0.4167": [
              0,
              15,
              0
            ],
            "0.5": [
              0,
              -25,
              0
            ],
            "0.75": [
              0,
              0,
              0
            ]
          },
          "position": {
            "0.0": [
              0,
              0,
              0
            ],
            "0.75": [
              0,
              0,
              0
            ]
          }
        },
        "RightArm": {
          "rotation": {
            "0.0": [
              0,
              0,
              0
            ],
            "0.25": [
              65,
              0,
              0
            ],
            "0.4167": [
              77.84877,
              22.01609,
              60.12771
            ],
            "0.5": [
              -41.87025,
              4.87612,
              84.68938
            ],
            "0.5417": [
              -41.87025,
              4.87612,
              84.68938
            ],
            "0.5833": [
              -41.87025,
              4.87612,
              84.68938
            ],
            "0.625": [
              -41.87025,
              4.87612,
              84.68938
            ],
            "0.6667": [
              -41.87025,
              4.87612,
              84.68938
            ],
            "1.0": [
              0,
              0,
              0
            ]
          },
          "position": {
            "0.0": [
              0,
              0,
              0
            ],
            "1.0": [
              0,
              0,
              0
            ]
          }
        },
        "LeftArm": {
          "rotation": {
            "0.0": [
              0,
              0,
              0
            ],
            "0.2917": [
              0,
              -12.5,
              0
            ],
            "0.4167": [
              0,
              0,
              0
            ],
            "0.5417": [
              35.08154,
              -14.4272,
              -8.69776
            ],
            "0.75": [
              0,
              0,
              0
            ]
          },
          "position": {
            "0.0": [
              0,
              0,
              0
            ],
            "0.75": [
              0,
              0,
              0
            ]
          }
        },
        "LoweRightArm": {
          "rotation": {
            "0.0": [
              0,
              0,
              0
            ],
            "0.25": [
              -95,
              0,
              0
            ],
            "0.75": [
              0,
              0,
              0
            ],
            "1.0": [
              0,
              0,
              0
            ]
          },
          "position": {
            "0.0": [
              0,
              0,
              0
            ],
            "0.75": [
              0,
              0,
              0
            ],
            "1.0": [
              0,
              0,
              0
            ]
          }
        }
      }
    }
  }
}