{
	"pools": [
		{
			"rolls": 1,
			"entries": [
				{
					"type": "item",
					"name": "minecraft:crossbow",
					"weight": 1
				}
			]
		},
		{
			"rolls": 1,
			"entries": [
				{
					"type": "empty",
					"weight": 60
				},
				{
					"type": "item",
					"name": "shield",
					"weight": 40
				}
			]
		},
		{
			"rolls": 1,
			"entries": [
				{
					"type": "loot_table",
					"name": "loot_tables/entities/armor_set_leather.json",
					"weight": 60
				},
				{
					"type": "loot_table",
					"name": "loot_tables/entities/armor_set_gold.json",
					"weight": 40
				}
			]
		}
	]
}