{
	"pools": [
		{
			"rolls": 1,
			"entries": [
				{
					"type": "item",
					"name": "minecraft:iron_sword",
					"weight": 90,
					"functions": [
						{
							"function": "enchant_random_gear",
							"chance": 0.4
						}
					]
				},
				{
					"type": "item",
					"name": "minecraft:diamond_sword",
					"weight": 10,
					"functions": [
						{
							"function": "enchant_random_gear",
							"chance": 0.7
						}
					]
				}
			]
		},
		{
			"rolls": 1,
			"entries": [
				{
					"type": "loot_table",
					"name": "loot_tables/entities/armor_set_leather.json",
					"weight": 60
				},
				{
					"type": "loot_table",
					"name": "loot_tables/entities/armor_set_gold.json",
					"weight": 40
				}
			]
		}
	]
}