{
	"pools": [
		{
			"rolls": 1,
			"entries": [
				{
					"type": "item",
					"name": "iron_sword",
					"weight": 80,
					"functions": [
						{
							"function": "enchant_random_gear",
							"chance": 0.4
						}
					]
				},
				{
					"type": "item",
					"name": "diamond_sword",
					"weight": 20,
					"functions": [
						{
							"function": "enchant_random_gear",
							"chance": 0.8
						}
					]
				}
			]
		},
		{
			"rolls": 1,
			"entries": [
				{
					"type": "item",
					"name": "shield",
					"weight": 1
				}
			]
		},
		{
			"rolls": 1,
			"entries": [
				{
					"type": "loot_table",
					"name": "loot_tables/entities/armor_set_leather.json",
					"weight": 60
				},
				{
					"type": "loot_table",
					"name": "loot_tables/entities/armor_set_gold.json",
					"weight": 40
				}
			]
		}
	]
}