{
	"format_version": "1.8.0",
	"animations": {
		"animation.assasin_crossbow.basic": {
			"loop": true,
			"bones": {
				"crossbow": {
					"rotation": [
						90,
						0,
						0
					],
					"position": [
						-6,
						-6,
						-2
					],
					"scale": 0.7
				}
			}
		},
		"animation.assasin_crossbow.charge": {
			"loop": "hold_on_last_frame",
			"animation_length": 1,
			"bones": {
				"bone": {
					"rotation": {
						"0.6667": [
							0,
							0,
							0
						],
						"0.7917": [
							-50,
							0,
							0
						]
					}
				},
				"cung": {
					"rotation": {
						"0.375": [
							0,
							0,
							0
						],
						"0.75": [
							0,
							-20,
							0
						]
					}
				},
				"cong": {
					"rotation": {
						"0.375": [
							0,
							0,
							0
						],
						"0.75": [
							0,
							-35,
							0
						]
					}
				},
				"day": {
					"rotation": {
						"0.375": [
							0,
							0,
							0
						],
						"0.75": [
							0,
							110,
							0
						]
					}
				},
				"cung2": {
					"rotation": {
						"0.375": [
							0,
							0,
							0
						],
						"0.75": [
							0,
							20,
							0
						]
					}
				},
				"cong2": {
					"rotation": {
						"0.375": [
							0,
							0,
							0
						],
						"0.75": [
							0,
							35,
							0
						]
					}
				},
				"day2": {
					"rotation": {
						"0.375": [
							0,
							0,
							0
						],
						"0.75": [
							0,
							-110,
							0
						]
					}
				},
				"muiten": {
					"position": {
						"0.375": [
							0,
							0,
							0
						],
						"0.75": [
							0,
							0,
							14.75
						]
					}
				},
				"leftArm": {
					"rotation": {
						"0.0": [
							"-26.2617-this*0.5",
							"-17.9183-this*0.5",
							3.11773
						],
						"0.1667": [
							"-46.1305-this*0.5",
							"-21.4675-this*0.5",
							10.62035
						],
						"0.375": [
							"-23.3708-this*0.5",
							"-21.4675-this*0.5",
							-28.72831
						],
						"0.75": [
							"-24.7891-this*0.5",
							"-42.0005-this*0.5",
							-19.44993
						],
						"1.0": [
							"-72.9784-this*0.5",
							"-18.2119-this*0.5",
							-6.13042
						]
					},
					"position": {
						"0.1667": [
							0,
							0,
							0
						],
						"0.375": [
							-1,
							1,
							0
						]
					}
				},
				"rightArm": {
					"rotation": {
						"0.0": [
							"-37.5-this*0.5",
							"0-this*0.5",
							0
						],
						"0.25": [
							"-78.1995-this*0.5",
							"-12.0961-this*0.5",
							20.4833
						],
						"0.375": [
							"-53.853-this*0.5",
							"-19.7404-this*0.5",
							13.77274
						],
						"0.75": [
							"-51.3098-this*0.5",
							"27.3576-this*0.5",
							47.8375
						],
						"1.0": [
							"-43.6606-this*0.5",
							"5.1934-this*0.5",
							81.63667
						]
					},
					"position": [
						0,
						0,
						-1
					]
				}
			},
			"sound_effects": {
				"0.375": {
					"effect": "charge_start"
				},
				"0.5417": {
					"effect": "charge_middle"
				},
				"0.6667": {
					"effect": "charge_end"
				}
			}
		},
		"animation.assasin_crossbow.hold": {
			"loop": true,
			"bones": {
				"leftArm": {
					"rotation": [
						"query.target_x_rotation-90+math.sin(query.life_time*76.8)*2.865-this",
						"query.target_y_rotation-5.73",
						"(math.cos(query.life_time*103.2)*2.865)+2.865"
					]
				}
			}
		},
		"animation.assasin_crossbow.no_have": {
			"loop": true,
			"bones": {
				"crossbow": {
					"scale": 0
				}
			}
		}
	}
}