{
	"format_version": "1.8.0",
	"animations": {
		"animation.bamboorocket.fp": {
			"loop": true,
			"bones": {
				"luncher": {
					"rotation": [
						147.02924,
						10.95361,
						43.86502
					],
					"position": [
						-6.10615,
						27.38363,
						-4.90852
					]
				},
				"rightItem": {
					"position": [
						-6,
						-9,
						0
					]
				},
				"rightArm": {
					"rotation": [
						95,
						-45,
						115
					],
					"position": [
						13.5,
						-10,
						12
					]
				}
			}
		},
		"animation.bamboorocket.tp": {
			"loop": true,
			"bones": {
				"luncher": {
					"rotation": [
						90,
						0,
						90
					],
					"position": [
						-13,
						13,
						2
					]
				}
			}
		}
	}
}