{
	"format_version": "1.8.0",
	"animations": {
		"animation.bambooman.crossbow.charge": {
			"loop": true,
			"bones": {
				"leftArm": {
					"rotation": [
						"-42.7577-this",
						"11.2531-this",
						"22.471-this"
					]
				},
				"rightArm": {
					"rotation": [
						"-44.2767-this",
						"-57.935-this",
						"8.9865-this"
					]
				}
			}
		},
		"animation.bambooman.loadluncher": {
			"loop": "hold_on_last_frame",
			"animation_length": 1,
			"bones": {
				"leftArm": {
					"rotation": {
						"0.0": [
							0,
							0,
							0
						],
						"0.375": [
							"-81.5231-this",
							"1.07-this",
							10.83495
						],
						"0.5417": [
							"-81.3561-this",
							"-11.2919-this",
							8.97049
						],
						"0.625": [
							"-81.366-this",
							"10.9593-this",
							12.32899
						],
						"0.75": [
							"-81.3561-this",
							"-11.2919-this",
							8.97049
						],
						"0.8333": [
							"-81.4301-this",
							"8.4874-this",
							11.94964
						],
						"1.0": [
							"-56.9046-this",
							"17.4092-this",
							20.94418
						]
					}
				},
				"rightArm": {
					"rotation": {
						"0.0": [
							-55.30947,
							-27.30993,
							7.40885
						],
						"0.375": [
							"-74.5672-this",
							"-32.1385-this",
							5.91313
						],
						"0.8333": [
							"-74.57-this",
							"-32.14-this",
							5.91
						],
						"1.0": [
							"-68.2872-this",
							"-24.9788-this",
							8.45073
						]
					}
				},
				"rightItem": {
					"rotation": {
						"0.0": [
							0,
							0,
							0
						],
						"0.375": [
							0,
							0,
							-27.5
						],
						"0.5417": [
							"-2.5-this",
							0,
							-27.5
						],
						"0.625": [
							"-5-this",
							0,
							-27.5
						],
						"0.75": [
							0,
							0,
							-27.5
						],
						"0.8333": [
							"-5-this",
							0,
							-27.5
						],
						"1.0": [
							0,
							0,
							0
						]
					}
				}
			}
		},
		"animation.bambooman.shield": {
			"loop": true,
			"bones": {
				"leftArm": {
					"rotation": [
						"-56.4516-this",
						"19.0376-this",
						6.24605
					]
				},
				"leftItem": {
					"rotation": [
						-7.05852,
						43.91491,
						65.72136
					]
				}
			}
		},
		"animation.bambooman.shaking": {
			"loop": true,
			"bones": {
				"body": {
					"rotation": [
						10,
						0,
						0
					],
					"position": [
						0,
						0,
						4
					]
				},
				"leftLeg": {
					"rotation": [
						-10,
						0,
						0
					]
				},
				"rightLeg": {
					"rotation": [
						-10,
						0,
						0
					]
				}
			}
		}
	}
}