{
	"format_version": "1.8.0",
	"animations": {
		"animation.berdan_rifle.first_person": {
			"loop": true,
			"bones": {
				"berden": {
					"rotation": [
						85.77188,
						53.61349,
						-44.12919
					],
					"position": [
						0.91523,
						-1.03904,
						0.62596
					],
					"scale": 1
				}
			}
		},
		"animation.berdan_rifle.first_person_empty": {
			"loop": true,
			"bones": {
				"berden": {
					"rotation": [
						54.81423,
						-1.1195,
						-69.23947
					],
					"position": [
						1.94022,
						5.97539,
						-10.31695
					],
					"scale": 1
				}
			}
		},
		"animation.berdan_rifle.first_person_aim": {
			"loop": true,
			"bones": {
				"berden": {
					"rotation": [
						80.98283,
						62.06601,
						-51.8024
					],
					"position": [
						-6.7215,
						9.69026,
						-20.48978
					],
					"scale": 1
				}
			}
		},
		"animation.berdan_rifle.third_person": {
			"loop": true,
			"bones": {
				"berden": {
					"rotation": [
						90,
						-10,
						0
					],
					"position": [
						-5,
						4.1363,
						-11.96472
					],
					"scale": 0.3
				}
			}
		},
		"animation.berdan_rifle.empty": {
			"loop": "hold_on_last_frame",
			"animation_length": 1,
			"bones": {
				"keo": {
					"rotation": {
						"0.9167": [
							0,
							0,
							0
						],
						"1.0": [
							0,
							0,
							-112.5
						]
					},
					"position": {
						"0.625": [
							0,
							0,
							0
						],
						"0.875": [
							0,
							0,
							4.25
						],
						"0.9167": [
							0,
							0,
							4
						]
					}
				}
			}
		},
		"animation.berdan_rifle.loaded": {
			"animation_length": 1,
			"bones": {
				"keo": {
					"rotation": {
						"0.75": [
							0,
							0,
							-112.5
						],
						"0.8333": [
							0,
							0,
							0
						]
					},
					"position": {
						"0.8333": [
							0,
							0,
							4
						],
						"1.0": [
							0,
							0,
							0
						]
					}
				}
			}
		},
		"animation.berdan_rifle.renew": {
			"animation_length": 2,
			"bones": {
				"keo": {
					"rotation": {
						"1.3333": [
							0,
							0,
							0
						],
						"1.4167": [
							0,
							0,
							-112.5
						],
						"1.625": [
							0,
							0,
							-112.5
						],
						"1.75": [
							0,
							0,
							0
						]
					},
					"position": {
						"0.0": [
							0,
							0,
							0
						],
						"0.0417": [
							0,
							0,
							4
						],
						"0.0833": [
							0,
							0,
							0
						],
						"1.125": [
							0,
							0,
							0
						],
						"1.2917": [
							0,
							0,
							4.2
						],
						"1.3333": [
							0,
							0,
							4
						],
						"1.75": [
							0,
							0,
							4
						],
						"1.9167": [
							0,
							0,
							0
						]
					}
				}
			}
		}
	}
}