{
	"format_version": "1.8.0",
	"animations": {
		"animation.bom.fly": {
			"loop": true,
			"bones": {
				"body": {
					"rotation": [
						"(query.life_time*200)-query.target_x_rotation",
						"-query.target_y_rotation",
						"-76+(query.life_time*300)"
					]
				}
			}
		},
		"animation.bom.smoke": {
			"loop": true,
			"animation_length": 2,
			"particle_effects": {
				"0.0": {
					"effect": "smoke",
					"locator": "smoke"
				},
				"0.5": {
					"effect": "smoke",
					"locator": "smoke"
				},
				"1.0": {
					"effect": "smoke",
					"locator": "smoke"
				},
				"1.5": {
					"effect": "smoke",
					"locator": "smoke"
				},
				"2.0": {
					"effect": "smoke",
					"locator": "smoke"
				}
			}
		}
	}
}