{
	"format_version": "1.8.0",
	"animations": {
		"animation.bosssummon.default": {
			"loop": true,
			"bones": {
				"cube": {
					"rotation": [
						"query.life_time*90",
						0,
						"query.life_time*90"
					],
					"position": [
						0,
						"math.cos(query.life_time*180)",
						0
					]
				}
			}
		},
		"animation.bosssummon.lost": {
			"loop": "hold_on_last_frame",
			"animation_length": 0.125,
			"bones": {
				"cube": {
					"scale": {
						"0.0": [
							1,
							1,
							1
						],
						"0.125": [
							0,
							0,
							0
						]
					}
				}
			}
		}
	}
}