{
	"format_version": "1.8.0",
	"animations": {
		"animation.catapult_stand.charge": {
			"loop": true,
			"bones": {
				"day": {
					"rotation": [
						5,
						0,
						0
					],
					"scale": [
						1,
						0.3,
						1
					]
				},
				"truc": {
					"rotation": [
						-50,
						0,
						0
					]
				}
			}
		},
		"animation.catapult_stand.stand": {
			"loop": true,
			"bones": {
				"day": {
					"rotation": [
						47.5,
						0,
						0
					]
				}
			}
		}
	},
	"geckolib_format_version": 2
}