{
	"format_version": "1.8.0",
	"animations": {
		"animation.catapult.move": {
			"loop": true,
			"bones": {
				"banh4": {
					"rotation": [
						"query.modified_distance_moved*38",
						0,
						0
					]
				},
				"banh3": {
					"rotation": [
						"query.modified_distance_moved*38",
						0,
						0
					]
				},
				"banh2": {
					"rotation": [
						"query.modified_distance_moved*38",
						0,
						0
					]
				},
				"banh": {
					"rotation": [
						"query.modified_distance_moved*38",
						0,
						0
					]
				}
			}
		},
		"animation.catapult.charged": {
			"loop": true,
			"bones": {
				"xoay": {
					"rotation": [
						-180,
						0,
						0
					]
				},
				"day": {
					"scale": [
						1,
						0.2,
						1
					]
				},
				"cangat": {
					"rotation": [
						-57.5,
						0,
						0
					]
				}
			}
		},
		"animation.catapult.default": {
			"loop": true,
			"bones": {
				"day": {
					"rotation": [
						50,
						0,
						0
					]
				}
			}
		}
	}
}