{
	"format_version": "1.8.0",
	"animations": {
		"animation.dp27.fpp": {
			"loop": true,
			"bones": {
				"dp27": {
					"rotation": [
						90,
						0,
						-2.5
					],
					"position": [
						-4.85634,
						10,
						-9.61332
					],
					"scale": 1.5
				},
				"root": {
					"position": [
						-3,
						"1+math.cos(query.anim_time*100)*0.1",
						-5
					]
				},
				"leftArm": {
					"rotation": [
						88,
						-50,
						128
					],
					"position": [
						-5.6,
						-9.8,
						17
					],
					"scale": [
						1,
						1.5,
						1
					]
				},
				"rightArm": {
					"rotation": [
						90,
						0,
						175
					],
					"position": [
						11,
						-3,
						4
					]
				}
			}
		},
		"animation.dp27.reload_fpp": {
			"loop": "hold_on_last_frame",
			"animation_length": 1.76,
			"bones": {
				"dp27": {
					"rotation": {
						"0.0": [
							90,
							0,
							0
						],
						"0.24": [
							90,
							22.5,
							0
						],
						"0.5": [
							90,
							13.62583,
							0
						],
						"1.54": [
							90,
							13.62583,
							0
						],
						"1.59": [
							95,
							12.32813,
							0
						],
						"1.64": [
							89.47368,
							11.03043,
							0
						],
						"1.75": [
							90,
							0,
							0
						]
					},
					"position": {
						"0.0": [
							-4.85634,
							10,
							-9.61332
						],
						"1.75": [
							-4.85634,
							10,
							-9.61332
						]
					},
					"scale": {
						"0.0": [
							1.5,
							1.5,
							1.5
						],
						"1.75": [
							1.5,
							1.5,
							1.5
						]
					}
				},
				"root": {
					"position": [
						-3,
						"1+math.cos(query.anim_time*100)*0.1",
						-5
					]
				},
				"leftArm": {
					"rotation": {
						"0.0": [
							88,
							-50,
							128
						],
						"0.23": [
							43.65209,
							-17.51264,
							126.87333
						],
						"0.5": [
							26.16918,
							-39.75235,
							161.82708
						],
						"0.55": [
							26.78986,
							-40.9159,
							164.73013
						],
						"0.68": [
							9.28986,
							-40.9159,
							164.73013
						],
						"0.83": [
							-7.0372,
							-46.68346,
							138.03811
						],
						"0.96": [
							38.28905,
							50.23664,
							55.80252
						],
						"1.24": [
							38.29,
							50.24,
							55.8
						],
						"1.44": [
							38.32555,
							11.73259,
							157.90303
						],
						"1.54": [
							17.16682,
							-13.54445,
							192.01498
						],
						"1.75": [
							88,
							-50,
							128
						]
					},
					"position": {
						"0.0": [
							-5.6,
							-9.8,
							17
						],
						"0.25": [
							-5.6,
							-9.8,
							13
						],
						"0.5": [
							-8.6,
							-13.8,
							13
						],
						"0.55": [
							-9.6,
							-14.8,
							13
						],
						"0.68": [
							-8.6,
							-10.8,
							14
						],
						"0.83": [
							-8.6,
							-10.8,
							14
						],
						"0.96": [
							-8.6,
							-22.8,
							14
						],
						"1.24": [
							-8.6,
							-10.8,
							14
						],
						"1.44": [
							-8.6,
							-10.8,
							14
						],
						"1.49": [
							-8.6,
							-7.8,
							14
						],
						"1.54": [
							-8.6,
							-15.8,
							14
						],
						"1.75": [
							-5.6,
							-9.8,
							17
						]
					},
					"scale": {
						"0.0": [
							1,
							1.5,
							1
						],
						"1.75": [
							1,
							1.5,
							1
						]
					}
				},
				"rightArm": {
					"rotation": {
						"0.0": [
							90,
							0,
							175
						],
						"0.25": [
							88.4259,
							17.43127,
							159.75867
						],
						"1.54": [
							88.4259,
							17.43127,
							159.75867
						],
						"1.75": [
							90,
							0,
							175
						]
					},
					"position": {
						"0.0": [
							11,
							-3,
							4
						],
						"1.54": [
							11,
							-3,
							4
						],
						"1.75": [
							11,
							-3,
							4
						]
					}
				},
				"ammo": {
					"rotation": {
						"0.55": [
							0,
							0,
							0
						],
						"0.68": [
							0,
							0,
							-22.5
						],
						"0.83": [
							0,
							0,
							40
						],
						"1.44": [
							0,
							27.5,
							40
						],
						"1.54": [
							0,
							0,
							0
						]
					},
					"position": {
						"0.55": [
							0,
							0,
							0
						],
						"0.68": [
							1,
							4,
							0
						],
						"0.83": [
							20,
							16,
							0
						],
						"1.2": [
							20,
							16,
							0
						],
						"1.24": [
							16,
							-8,
							0
						],
						"1.44": [
							4.62819,
							3.69942,
							-8.22105
						],
						"1.54": [
							0,
							0,
							0
						]
					},
					"scale": {
						"0.83": [
							1,
							1,
							1
						],
						"0.85": [
							0,
							0,
							0
						],
						"1.24": [
							0,
							0,
							0
						],
						"1.27": [
							1,
							1,
							1
						]
					}
				}
			},
			"sound_effects": {
				"0.54": {
					"effect": "dp27putout"
				},
				"1.53": {
					"effect": "dp27puton"
				}
			}
		},
		"animation.dp27.fpp_aim": {
			"loop": true,
			"bones": {
				"dp27": {
					"rotation": [
						90,
						0,
						0
					],
					"position": [
						-5.85634,
						10,
						-8.61332
					],
					"scale": 1.5
				},
				"root": {
					"rotation": [
						1,
						0,
						5
					],
					"position": [
						-7.92,
						2.5,
						-8
					]
				},
				"leftArm": {
					"rotation": [
						88,
						-50,
						128
					],
					"position": [
						-5.6,
						-9.8,
						17
					],
					"scale": [
						1,
						1.5,
						1
					]
				},
				"rightArm": {
					"rotation": [
						90,
						0,
						175
					],
					"position": [
						11,
						-3,
						4
					]
				}
			}
		},
		"animation.dp27.tpp": {
			"loop": true,
			"bones": {
				"dp27": {
					"rotation": [
						90,
						0,
						0
					],
					"position": [
						-4.12836,
						8.1423,
						-10
					]
				}
			}
		},
		"animation.dp27.shoot_fpp": {
			"animation_length": 0.1,
			"bones": {
				"root": {
					"rotation": {
						"0.0": [
							0,
							0,
							0
						],
						"0.05": [
							1,
							0,
							0
						],
						"0.1": [
							0,
							0,
							0
						]
					},
					"position": {
						"0.0": [
							0,
							0,
							0
						],
						"0.05": [
							0,
							0,
							-1.5
						],
						"0.1": [
							0,
							0,
							0
						]
					}
				}
			}
		},
		"animation.dp27.reload_tpp": {
			"loop": "hold_on_last_frame",
			"animation_length": 1.76,
			"bones": {
				"dp27": {
					"rotation": {
						"0.0": [
							0,
							0,
							0
						],
						"0.24": [
							0,
							0,
							-10
						],
						"0.29": [
							0,
							0,
							-10
						],
						"0.5": [
							-5,
							15,
							0
						],
						"1.75": [
							0,
							0,
							0
						]
					}
				},
				"ammo": {
					"rotation": {
						"0.5": [
							0,
							0,
							0
						],
						"0.6": [
							6.13781,
							4.11199,
							-6.52827
						],
						"0.74": [
							-24.95159,
							22.21092,
							17.70843
						],
						"0.8": [
							-49.53549,
							30.97822,
							34.38983
						],
						"1.25": [
							31.27554,
							-4.77679,
							39.5524
						],
						"1.38": [
							10.14207,
							1.02608,
							16.889
						],
						"1.5": [
							0,
							0,
							0
						]
					},
					"position": {
						"0.5": [
							0,
							0,
							0
						],
						"0.6": [
							2.15453,
							1.82185,
							1.01924
						],
						"0.74": [
							3.19532,
							16.04487,
							20.80512
						],
						"0.8": [
							-35.94015,
							-3.67108,
							1.01379
						],
						"1.23": [
							11.28621,
							5.01569,
							5.28123
						],
						"1.25": [
							11.90495,
							5.52213,
							5.88804
						],
						"1.38": [
							2.03843,
							4.61312,
							3.45546
						],
						"1.5": [
							0,
							0,
							0
						]
					},
					"scale": {
						"0.8": [
							1,
							1,
							1
						],
						"0.82": [
							0,
							0,
							0
						],
						"1.23": [
							0,
							0,
							0
						],
						"1.25": [
							1,
							1,
							1
						]
					}
				},
				"leftArm": {
					"rotation": {
						"0.0": [
							"-65-this*0.5",
							0,
							0
						],
						"0.29": [
							"-67.4162-this*0.5",
							"-4.5305-this*0.5",
							-2.11751
						],
						"0.5": [
							"-79.9162-this*0.5",
							"-4.5305-this*0.5",
							-2.11751
						],
						"0.6": [
							"-87.6959-this*0.5",
							"2.6632-this*0.5",
							-2.48257
						],
						"0.74": [
							"-107.9639-this*0.5",
							"26.0633-this*0.5",
							-7.66779
						],
						"0.99": [
							"-31.475-this*0.5",
							"-8.0293-this*0.5",
							-41.06144
						],
						"1.1": [
							"3.3975-this*0.5",
							"21.1711-this*0.5",
							-19.3075
						],
						"1.25": [
							"-100.4215-this*0.5",
							"-30.9828-this*0.5",
							-8.03675
						],
						"1.38": [
							"-69.6184-this*0.5",
							"6.9182-this*0.5",
							7.73092
						],
						"1.61": [
							"-22.6747-this*0.5",
							"-0.9787-this*0.5",
							10.31453
						],
						"1.75": [
							"-65-this*0.5",
							0,
							0
						]
					},
					"position": {
						"0.29": [
							0,
							0,
							0
						],
						"0.5": [
							0,
							0,
							-2
						]
					}
				},
				"rightArm": {
					"rotation": {
						"0.0": [
							"-42.5-this*0.5",
							0,
							0
						],
						"0.24": [
							"-42.0855-this*0.5",
							"-27.8696-this*0.5",
							-38.04412
						],
						"0.5": [
							"-40.3098-this*0.5",
							"-29.827-this*0.5",
							-38.90103
						],
						"0.74": [
							"-29.8744-this*0.5",
							"-21.5725-this*0.5",
							-30.94839
						],
						"1.61": [
							"-29.8744-this*0.5",
							"-21.5725-this*0.5",
							-30.94839
						],
						"1.75": [
							"-42.5-this*0.5",
							0,
							0
						]
					}
				}
			},
			"sound_effects": {
				"0.5": {
					"effect": "dp27putout"
				},
				"1.47": {
					"effect": "dp27puton"
				}
			}
		}
	}
}