{
	"format_version": "1.8.0",
	"animations": {
		"animation.flintlock_model1.first_person_right_arm": {
			"loop": true,
			"bones": {
				"rightArm": {
					"rotation": [
						95,
						-45,
						115
					],
					"position": [
						13.5,
						-10,
						12
					]
				},
				"rightItem": {
					"position": [
						-6,
						-9,
						0
					]
				},
				"flintlock": {
					"rotation": [
						147.51916,
						17.9845,
						44.68708
					],
					"position": [
						0.93341,
						30.44643,
						-5.6225
					]
				}
			}
		},
		"animation.flintlock_model2.third_person": {
			"loop": true,
			"bones": {
				"flintlock": {
					"rotation": [
						90,
						0,
						90
					],
					"position": [
						0,
						14,
						0.25
					],
					"scale": 0.7
				}
			}
		}
	}
}