{
	"format_version": "1.8.0",
	"animations": {
		"animation.gun_stand.dead": {
			"loop": "hold_on_last_frame",
			"animation_length": 0.5,
			"bones": {
				"body": {
					"rotation": {
						"0.0": [
							0,
							0,
							-90
						],
						"0.5": [
							0,
							0,
							-90
						]
					}
				},
				"stand": {
					"rotation": {
						"0.0": [
							0,
							0,
							0
						],
						"0.1667": [
							0,
							0,
							-30
						],
						"0.2083": [
							0,
							0,
							-25
						],
						"0.2917": [
							0,
							0,
							-32.5
						]
					}
				}
			}
		},
		"animation.gun_stand.look_at_target": {
			"loop": true,
			"bones": {
				"gun": {
					"rotation": [
						"q.target_x_rotation",
						"q.target_y_rotation",
						0
					]
				}
			}
		},
		"animation.gun_stand.charge": {
			"loop": "hold_on_last_frame",
			"animation_length": 1.5,
			"bones": {
				"ammo": {
					"rotation": {
						"0.0": [
							0,
							0,
							0
						],
						"0.0417": [
							0,
							0,
							-5
						],
						"0.0833": [
							0,
							0,
							9
						],
						"0.125": [
							0,
							0,
							-10.12
						],
						"0.1667": [
							0,
							0,
							11.59
						],
						"0.2083": [
							0,
							0,
							-10.46
						],
						"0.2917": [
							0,
							0,
							2.5
						],
						"0.4583": [
							0,
							0,
							37.5
						],
						"0.6667": [
							0,
							0,
							180
						],
						"0.875": [
							0,
							0,
							180
						],
						"0.9583": [
							0,
							0,
							0
						],
						"1.0": [
							0,
							0,
							50
						],
						"1.0833": [
							0,
							0,
							50
						],
						"1.25": [
							0,
							0,
							7.5
						],
						"1.4167": [
							0,
							0,
							0
						]
					},
					"position": {
						"0.0": [
							0,
							0,
							0
						],
						"0.2917": [
							0,
							0,
							0
						],
						"0.4583": [
							3,
							2,
							0
						],
						"0.6667": [
							7,
							-17,
							0
						],
						"0.875": [
							7,
							-17,
							0
						],
						"0.9583": [
							0,
							0,
							0
						],
						"1.0": [
							7,
							3,
							0
						],
						"1.0833": [
							7,
							3,
							0
						],
						"1.25": [
							0.8,
							2.2,
							0
						],
						"1.4167": [
							0,
							0,
							0
						]
					},
					"scale": {
						"0.7917": [
							1,
							1,
							1
						],
						"0.875": [
							0,
							0,
							0
						],
						"1.0": [
							0,
							0,
							0
						],
						"1.0833": [
							1,
							1,
							1
						]
					}
				}
			},
			"sound_effects": {
				"0.3333": {
					"effect": "dp27putout"
				},
				"1.4167": {
					"effect": "dp27puton"
				}
			}
		}
	}
}