{
	"format_version": "1.8.0",
	"animations": {
		"animation.health_cube.start": {
			"loop": "hold_on_last_frame",
			"animation_length": 0.5,
			"bones": {
				"body": {
					"rotation": [
						0,
						"query.life_time*1000",
						0
					],
					"position": {
						"0.0": [
							0,
							-29,
							0
						],
						"0.1667": [
							0,
							21,
							0
						],
						"0.5": [
							0,
							0,
							0
						]
					}
				}
			}
		},
		"animation.health_cube.midle": {
			"loop": true,
			"bones": {
				"body": {
					"rotation": [
						0,
						"query.life_time*500",
						0
					],
					"position": [
						0,
						"math.cos(query.life_time*300)",
						0
					]
				}
			}
		},
		"animation.health_cube.end": {
			"loop": "hold_on_last_frame",
			"animation_length": 0.5,
			"bones": {
				"body": {
					"rotation": [
						0,
						"query.life_time*500",
						0
					],
					"position": {
						"0.0": [
							0,
							0,
							0
						],
						"0.1667": [
							0,
							18,
							0
						],
						"0.5": [
							0,
							-19,
							0
						]
					},
					"scale": {
						"0.0": [
							1,
							1,
							1
						],
						"0.1667": [
							1.3,
							1.3,
							1.3
						],
						"0.5": [
							0,
							0,
							0
						]
					}
				}
			}
		}
	}
}