{
	"format_version": "1.8.0",
	"animations": {
		"animation.heavy_crossbow.attack": {
			"loop": true,
			"animation_length": 3.64,
			"bones": {
				"cung": {
					"rotation": {
						"0.0": [
							0,
							0,
							0
						],
						"2.6": [
							0,
							-35,
							0
						],
						"3.48": [
							0,
							-35,
							0
						],
						"3.52": [
							0,
							5,
							0
						],
						"3.64": [
							0,
							0,
							0
						]
					}
				},
				"day": {
					"rotation": {
						"0.0": [
							0,
							0,
							0
						],
						"2.6": [
							0,
							67.5,
							0
						],
						"3.48": [
							0,
							67.5,
							0
						],
						"3.52": [
							0,
							-5,
							0
						],
						"3.64": [
							0,
							0,
							0
						]
					}
				},
				"cung2": {
					"rotation": {
						"0.0": [
							0,
							0,
							0
						],
						"2.6": [
							0,
							35,
							0
						],
						"3.48": [
							0,
							35,
							0
						],
						"3.52": [
							0,
							-5,
							0
						],
						"3.64": [
							0,
							0,
							0
						]
					}
				},
				"day2": {
					"rotation": {
						"0.0": [
							0,
							0,
							0
						],
						"2.6": [
							0,
							-67.5,
							0
						],
						"3.48": [
							0,
							-67.5,
							0
						],
						"3.52": [
							0,
							5,
							0
						],
						"3.64": [
							0,
							0,
							0
						]
					}
				},
				"cuc": {
					"position": {
						"0.0": [
							0,
							0,
							0
						],
						"2.6": [
							0,
							0,
							20
						],
						"3.48": [
							0,
							0,
							20
						],
						"3.52": [
							0,
							0,
							-1
						],
						"3.64": [
							0,
							0,
							0
						]
					}
				},
				"keo": {
					"scale": {
						"0.0": [
							1,
							1,
							1
						],
						"2.6": [
							1,
							1,
							0.3
						],
						"3.48": [
							1,
							1,
							0.3
						],
						"3.52": [
							1,
							1,
							1.1
						],
						"3.64": [
							1,
							1,
							1
						]
					}
				},
				"xoay": {
					"rotation": {
						"0.0": [
							0,
							0,
							0
						],
						"2.6": [
							-270,
							0,
							0
						],
						"3.48": [
							-270,
							0,
							0
						],
						"3.56": [
							0,
							0,
							0
						]
					}
				},
				"xoay2": {
					"rotation": {
						"0.0": [
							0,
							0,
							0
						],
						"2.6": [
							-270,
							0,
							0
						],
						"3.48": [
							-270,
							0,
							0
						],
						"3.56": [
							0,
							0,
							0
						]
					}
				},
				"muiten": {
					"position": {
						"0.0": [
							0,
							0,
							0
						],
						"2.6": [
							0,
							0,
							20
						],
						"3.48": [
							0,
							0,
							20
						],
						"3.52": [
							0,
							0,
							-1
						],
						"3.64": [
							0,
							0,
							0
						]
					}
				}
			}
		},
		"animation.heavy_crossbow.load": {
			"loop": "hold_on_last_frame",
			"bones": {
				"cung": {
					"rotation": [
						0,
						-25,
						0
					]
				},
				"day": {
					"rotation": [
						0,
						52.5,
						0
					]
				},
				"cung2": {
					"rotation": [
						0,
						25,
						0
					]
				},
				"day2": {
					"rotation": [
						0,
						-52.5,
						0
					]
				},
				"cuc": {
					"position": [
						0,
						0,
						16
					]
				},
				"keo": {
					"scale": [
						1,
						1,
						0.4
					]
				},
				"xoay": {
					"rotation": [
						-180,
						0,
						0
					]
				},
				"xoay2": {
					"rotation": [
						-180,
						0,
						0
					]
				},
				"muiten": {
					"position": [
						0,
						0,
						13
					]
				}
			}
		},
		"animation.heavy_crossbow.death": {
			"loop": "hold_on_last_frame",
			"animation_length": 0.5,
			"bones": {
				"body": {
					"rotation": [
						0,
						0,
						-90
					]
				},
				"head": {
					"rotation": {
						"0.0": [
							52.5,
							0,
							0
						],
						"0.5": [
							52.5,
							0,
							0
						]
					},
					"position": {
						"0.0": [
							0,
							0,
							0
						],
						"0.1667": [
							0,
							-5,
							0
						],
						"0.5": [
							0,
							-8,
							-7
						]
					}
				}
			}
		}
	}
}