{
	"format_version": "1.8.0",
	"animations": {
		"animation.hoglin_saddled.baby_transform": {
			"loop": true,
			"bones": {
				"head": {
					"position": [
						0,
						4,
						4
					],
					"scale": 2
				}
			}
		},
		"animation.hoglin_saddled.setup": {
			"loop": true,
			"bones": {
				"body": {
					"rotation": [
						"-this",
						0,
						0
					]
				}
			}
		},
		"animation.hoglin_saddled.setup.v1.0": {
			"loop": true,
			"bones": {
				"body": {
					"rotation": [
						"90-this",
						0,
						0
					]
				}
			}
		}
	}
}