{
	"format_version": "1.8.0",
	"animations": {
		"animation.horse_car.move": {
			"loop": true,
			"bones": {
				"LegBL": {
					"rotation": [
						"variable.tcos0*-1.4",
						0,
						0
					]
				},
				"LegBR": {
					"rotation": [
						"variable.tcos0*1.4",
						0,
						0
					]
				},
				"LegFL": {
					"rotation": [
						"variable.tcos0*1.4",
						0,
						0
					]
				},
				"LegFR": {
					"rotation": [
						"variable.tcos0*-1.4",
						0,
						0
					]
				},
				"banh": {
					"rotation": [
						"query.modified_distance_moved*30",
						0,
						0
					]
				},
				"banh2": {
					"rotation": [
						"query.modified_distance_moved*30",
						0,
						0
					]
				}
			}
		},
		"animation.horse_car.stand": {
			"loop": true,
			"bones": {
				"Tail": {
					"rotation": [
						0,
						0,
						"2*math.cos(query.life_time*200)"
					]
				},
				"Neck": {
					"rotation": [
						"math.cos(query.life_time*200)",
						0,
						0
					]
				}
			}
		}
	}
}