{
	"format_version": "1.8.0",
	"animations": {
		"animation.human.assassin.attack": {
			"animation_length": 2,
			"bones": {
				"leftArm": {
					"rotation": {
						"0.0": [
							0,
							0,
							0
						],
						"0.5": [
							"-165.3401-this",
							"3.2113-this",
							-12.08681
						]
					},
					"position": {
						"0.5": [
							0,
							0,
							0
						],
						"0.75": [
							0,
							-2,
							0
						],
						"1.0": [
							0,
							1,
							0
						],
						"1.25": [
							0,
							-2,
							0
						],
						"1.5": [
							0,
							1,
							0
						],
						"1.75": [
							0,
							-2,
							0
						],
						"2.0": [
							0,
							1,
							0
						]
					}
				}
			}
		},
		"animation.human.assassin.attack2": {
			"loop": true,
			"animation_length": 0.75,
			"bones": {
				"body": {
					"rotation": {
						"0.0": [
							0,
							0,
							0
						],
						"0.375": [
							0,
							32.5,
							0
						],
						"0.5": [
							0,
							-45,
							0
						],
						"0.75": [
							0,
							0,
							0
						]
					}
				},
				"leftArm": {
					"rotation": {
						"0.0": [
							0,
							0,
							0
						],
						"0.375": [
							"12.5-this",
							0,
							"22.5-this"
						],
						"0.5": [
							"-39.3247-this",
							"7.9972-this",
							"32.1385-this"
						],
						"0.75": [
							0,
							0,
							0
						]
					}
				},
				"rightArm": {
					"rotation": {
						"0.0": [
							0,
							0,
							0
						],
						"0.375": [
							"-106.9138-this",
							"17.0723-this",
							"-78.596-this"
						],
						"0.5": [
							"5.5862-this",
							"17.0723-this",
							"-78.596-this"
						],
						"0.75": [
							0,
							0,
							0
						]
					}
				}
			}
		},
		"animation.human.spear.normal": {
			"loop": true,
			"animation_length": 1,
			"bones": {
				"body": {
					"rotation": {
						"0.0": [
							0,
							0,
							0
						],
						"0.5833": [
							0,
							"-42.5-this*0.5",
							0
						],
						"0.6667": [
							0,
							"10-this*0.5",
							0
						],
						"0.75": [
							0,
							"20-this*0.5",
							0
						],
						"1.0": [
							0,
							0,
							0
						]
					}
				},
				"leftArm": {
					"rotation": {
						"0.0": [
							0,
							0,
							0
						],
						"0.5833": [
							"-12.5-this*0.5",
							0,
							"12.5-this*0.5"
						],
						"0.75": [
							"22.1916-this*0.5",
							"-3.8102-this*0.5",
							"21.7525-this*0.5"
						],
						"1.0": [
							0,
							0,
							0
						]
					}
				},
				"rightArm": {
					"rotation": {
						"0.0": [
							0,
							0,
							0
						],
						"0.5833": [
							"29.585-this*0.5",
							"8.4546-this*0.5",
							"-60.4326-this*0.5"
						],
						"0.6667": [
							"-70-this*0.5",
							"-this*0.5",
							"-this*0.5"
						],
						"0.75": [
							"-77.6841-this*0.5",
							"2.1539-this*0.5",
							"-9.7676-this*0.5"
						],
						"1.0": [
							0,
							0,
							0
						]
					}
				},
				"rightItem": {
					"rotation": {
						"0.0": [
							0,
							0,
							0
						],
						"0.5833": [
							-32.5,
							0,
							0
						],
						"0.6667": [
							65,
							0,
							0
						],
						"0.75": [
							87.5,
							0,
							0
						],
						"1.0": [
							0,
							0,
							0
						]
					}
				}
			}
		},
		"animation.human.assassin.big": {
			"animation_length": 0.75,
			"bones": {
				"body": {
					"rotation": {
						"0.0": [
							0,
							0,
							0
						],
						"0.5": [
							0,
							"-20-this",
							0
						],
						"0.5417": [
							0,
							"10-this",
							0
						],
						"0.5833": [
							0,
							"15-this",
							0
						],
						"0.75": [
							0,
							0,
							0
						]
					}
				},
				"leftArm": {
					"rotation": {
						"0.0": [
							0,
							0,
							0
						],
						"0.5": [
							"-42.5-this",
							0,
							0
						],
						"0.5833": [
							"34.3569-this",
							"-7.1314-this",
							"10.2928-this"
						],
						"0.75": [
							0,
							0,
							0
						]
					}
				},
				"rightArm": {
					"rotation": {
						"0.0": [
							0,
							0,
							0
						],
						"0.5": [
							"50.7659-this",
							"15.7442-this",
							"-12.4932-this"
						],
						"0.5417": [
							"-77.1244-this",
							"-0.1962-this",
							"4.9241-this"
						],
						"0.5833": [
							"-82.1244-this",
							"-0.1962-this",
							"4.9241-this"
						],
						"0.75": [
							0,
							0,
							0
						]
					}
				},
				"rightItem": {
					"rotation": {
						"0.0": [
							0,
							0,
							0
						],
						"0.5": [
							-45,
							0,
							0
						],
						"0.5417": [
							67.5,
							0,
							0
						],
						"0.5833": [
							77.5,
							0,
							0
						],
						"0.75": [
							0,
							0,
							0
						]
					}
				}
			}
		},
		"animation.human.god.thunder": {
			"loop": true,
			"bones": {
				"leftArm": {
					"rotation": [
						"query.target_x_rotation-90+math.sin(query.life_time*76.8)*2.865-this",
						"query.target_y_rotation-5.73",
						"(math.cos(query.life_time*103.2)*2.865)+2.865"
					]
				}
			}
		},
		"animation.human.assassin.charge": {
			"animation_length": 3,
			"bones": {
				"leftArm": {
					"rotation": {
						"0.0": [
							0,
							0,
							0
						],
						"0.25": [
							"17.8924-this",
							"-9.0866-this",
							26.06663
						],
						"0.75": [
							"32.2655-this",
							"-20.7828-this",
							68.05359
						],
						"1.5": [
							"27.7929-this",
							"-15.8621-this",
							80.13885
						],
						"1.6667": [
							"32.7929-this",
							"-15.8621-this",
							80.13885
						],
						"1.75": [
							"-32.2071-this",
							"-15.8621-this",
							80.13885
						],
						"1.8333": [
							"-52.2071-this",
							"-15.8621-this",
							80.13885
						],
						"1.9583": [
							"-71.0178-this",
							"-25.3544-this",
							76.77256
						],
						"2.1667": [
							"-45.0828-this",
							"-21.8609-this",
							80.67736
						],
						"2.3333": [
							"-51.2327-this",
							"-17.9928-this",
							84.0484
						],
						"3.0": [
							"-this",
							"-this",
							0
						]
					}
				},
				"rightArm": {
					"rotation": {
						"0.0": [
							0,
							0,
							0
						],
						"1.0417": [
							"-59.4013-this",
							"-10.8036-this",
							-6.32526
						],
						"1.5417": [
							"-68.9015-this",
							"-32.0376-this",
							-14.38707
						],
						"1.6667": [
							"-66.8842-this",
							"-38.9887-this",
							-17.85271
						],
						"1.75": [
							"-49.1257-this",
							"-42.8492-this",
							-22.06077
						],
						"1.9167": [
							"17.075-this",
							"9.2707-this",
							-48.68264
						],
						"2.0833": [
							"27.075-this",
							"9.2707-this",
							-48.68264
						],
						"2.25": [
							"37.075-this",
							"9.2707-this",
							-48.68264
						],
						"2.5417": [
							"2.075-this",
							"9.2707-this",
							-48.68264
						],
						"3.0": [
							"-this",
							"-this",
							0
						]
					}
				},
				"body": {
					"rotation": {
						"0.0": [
							0,
							0,
							0
						],
						"0.25": [
							"-2.975-this",
							"14.7046-this",
							"4.9762-this"
						],
						"0.75": [
							"-3.3125-this",
							"29.6823-this",
							"4.0903-this"
						],
						"1.4167": [
							"-3.883-this",
							"42.158-this",
							"3.1236-this"
						],
						"1.7917": [
							"-4.2328-this",
							"47.1455-this",
							"2.6264-this"
						],
						"1.9167": [
							"-3.1815-this",
							"-25.2423-this",
							"7.0899-this"
						],
						"2.1667": [
							"-4.497-this",
							"-50.1896-this",
							"9.1893-this"
						],
						"2.3333": [
							"-5.0428-this",
							"-55.1723-this",
							"9.8749-this"
						],
						"3.0": [
							"-this",
							"-this",
							"-this"
						]
					}
				}
			}
		}
	}
}