{
	"format_version": "1.8.0",
	"animations": {
		"animation.illager_cannon.default2": {
			"loop": "hold_on_last_frame",
			"animation_length": 0.5,
			"bones": {
				"gun2": {
					"rotation": {
						"0.0": [
							0,
							0,
							0
						],
						"0.25": [
							0,
							0,
							0
						],
						"0.5": [
							7.5,
							0,
							0
						]
					}
				},
				"rightarm": {
					"rotation": {
						"0.0": [
							0,
							0,
							0
						],
						"0.25": [
							-7.5,
							0,
							0
						],
						"0.5": [
							-15,
							0,
							0
						]
					}
				},
				"leftarm": {
					"rotation": {
						"0.0": [
							0,
							0,
							0
						],
						"0.25": [
							-7.5,
							0,
							0
						],
						"0.5": [
							-15,
							0,
							0
						]
					}
				},
				"body": {
					"rotation": {
						"0.0": [
							0,
							0,
							0
						],
						"0.25": [
							5,
							0,
							0
						],
						"0.5": [
							0,
							0,
							0
						]
					},
					"position": {
						"0.0": [
							0,
							0,
							0
						],
						"0.25": [
							0,
							-1,
							0
						],
						"0.5": [
							0,
							0,
							0
						]
					}
				}
			}
		},
		"animation.illager_cannon.attack": {
			"loop": true,
			"bones": {
				"gun2": {
					"position": [
						0,
						0,
						-4
					]
				},
				"rightarm": {
					"rotation": [
						-80.9936,
						-21.93857,
						5.123
					]
				},
				"leftarm": {
					"rotation": [
						-69.55418,
						11.73507,
						4.3361
					]
				}
			}
		}
	}
}