{
	"format_version": "1.8.0",
	"animations": {
		"animation.Iron_tankdestroyer.look_at_target": {
			"loop": true,
			"bones": {
				"cannon": {
					"rotation": [
						0,
						"q.target_y_rotation*0.6",
						0
					]
				},
				"gun": {
					"rotation": [
						"q.target_x_rotation*0.6",
						0,
						0
					]
				}
			}
		},
		"animation.Iron_tankdestroyer.moving": {
			"loop": true,
			"bones": {
				"banh14": {
					"rotation": [
						"q.modified_distance_moved*100",
						0,
						0
					]
				},
				"banh": {
					"rotation": [
						"q.modified_distance_moved*100",
						0,
						0
					]
				},
				"banh2": {
					"rotation": [
						"q.modified_distance_moved*100",
						0,
						0
					]
				},
				"banh3": {
					"rotation": [
						"q.modified_distance_moved*100",
						0,
						0
					]
				},
				"banh4": {
					"rotation": [
						"q.modified_distance_moved*100",
						0,
						0
					]
				},
				"banh5": {
					"rotation": [
						"q.modified_distance_moved*100",
						0,
						0
					]
				},
				"banh6": {
					"rotation": [
						"q.modified_distance_moved*100",
						0,
						0
					]
				},
				"banh7": {
					"rotation": [
						"q.modified_distance_moved*100",
						0,
						0
					]
				},
				"banh8": {
					"rotation": [
						"q.modified_distance_moved*100",
						0,
						0
					]
				},
				"banh9": {
					"rotation": [
						"q.modified_distance_moved*100",
						0,
						0
					]
				},
				"banh10": {
					"rotation": [
						"q.modified_distance_moved*100",
						0,
						0
					]
				},
				"banh11": {
					"rotation": [
						"q.modified_distance_moved*100",
						0,
						0
					]
				},
				"banh12": {
					"rotation": [
						"q.modified_distance_moved*100",
						0,
						0
					]
				},
				"banh13": {
					"rotation": [
						"q.modified_distance_moved*100",
						0,
						0
					]
				}
			}
		},
		"animation.Iron_tankdestroyer.shooting": {
			"loop": true,
			"particle_effects": {
				"0.0": {
					"effect": "smoke",
					"locator": "smoke"
				}
			}
		},
		"animation.Iron_tankdestroyer.death": {
			"loop": "hold_on_last_frame",
			"animation_length": 0.5,
			"bones": {
				"body": {
					"rotation": {
						"0.0": [
							0,
							0,
							0
						],
						"0.5": [
							0,
							0,
							-90
						]
					}
				}
			}
		},
		"animation.Iron_tankdestroyer.noturret": {
			"loop": true,
			"bones": {
				"cannon": {
					"scale": 0
				}
			}
		},
		"animation.Iron_tankdestroyer.noghe": {
			"loop": true,
			"bones": {
				"ghe": {
					"scale": 0
				}
			}
		},
		"animation.Iron_tankdestroyer.nodongco": {
			"loop": true,
			"bones": {
				"dongco": {
					"scale": 0
				}
			}
		},
		"animation.Iron_tankdestroyer.nodongco2": {
			"loop": true,
			"bones": {
				"dongco2": {
					"scale": 0
				}
			}
		}
	}
}