{
	"format_version": "1.8.0",
	"animations": {
		"animation.mg42.look_at_target": {
			"loop": true,
			"bones": {
				"gun": {
					"rotation": [
						"q.target_x_rotation",
						0,
						0
					]
				},
				"mg42": {
					"rotation": [
						0,
						"q.target_y_rotation",
						0
					]
				}
			}
		},
		"animation.mg42.dead": {
			"loop": "hold_on_last_frame",
			"animation_length": 0.5,
			"bones": {
				"body": {
					"rotation": {
						"0.0": [
							0,
							0,
							0
						],
						"0.5": [
							0,
							0,
							-90
						]
					}
				},
				"mg42": {
					"rotation": {
						"0.0": [
							0,
							0,
							0
						],
						"0.125": [
							-17.5,
							0,
							0
						],
						"0.1667": [
							-12.5,
							0,
							0
						],
						"0.2083": [
							-17.5,
							0,
							0
						]
					}
				}
			}
		},
		"animation.mg42.charge": {
			"loop": "hold_on_last_frame",
			"animation_length": 1.5,
			"bones": {
				"nap": {
					"rotation": {
						"0.0": [
							0,
							0,
							0
						],
						"0.25": [
							50,
							0,
							0
						],
						"1.25": [
							50,
							0,
							0
						],
						"1.4167": [
							0,
							0,
							0
						]
					}
				},
				"ammo": {
					"rotation": {
						"0.0": [
							0,
							0,
							0
						],
						"0.25": [
							5,
							0,
							0
						],
						"0.2917": [
							0,
							0,
							0
						],
						"0.3333": [
							5,
							0,
							0
						],
						"0.375": [
							0,
							0,
							0
						],
						"0.5": [
							0,
							0,
							-15
						],
						"0.625": [
							0,
							0,
							0
						]
					},
					"position": {
						"0.0": [
							0,
							0,
							0
						],
						"0.375": [
							0,
							0,
							0
						],
						"0.5": [
							2,
							1,
							0
						],
						"0.625": [
							6,
							-6.75,
							0
						],
						"0.8333": [
							6,
							-8.75,
							0
						],
						"0.9167": [
							12,
							0,
							0
						],
						"1.25": [
							0,
							0,
							0
						]
					},
					"scale": {
						"0.625": [
							1,
							1,
							1
						],
						"0.8333": [
							0,
							0,
							0
						],
						"0.9167": [
							0,
							0,
							0
						],
						"0.9583": [
							1,
							1,
							1
						]
					}
				}
			},
			"sound_effects": {
				"0.0": {
					"effect": "mo"
				},
				"0.375": {
					"effect": "out"
				},
				"1.25": {
					"effect": "in"
				},
				"1.4167": {
					"effect": "dong"
				}
			}
		}
	}
}