{
	"format_version": "1.8.0",
	"animations": {
		"animation.piglin_tommy_gun.tpp": {
			"loop": true,
			"bones": {
				"tomygun": {
					"rotation": [
						90,
						-10,
						0
					],
					"position": [
						-5,
						7.1363,
						0.03528
					],
					"scale": 0.6
				}
			}
		},
		"animation.piglin_tommy_gun.reload_tpp": {
			"loop": "hold_on_last_frame",
			"animation_length": 1.29,
			"bones": {
				"armor": {
					"position": {
						"0.0": [
							0,
							0,
							0
						],
						"0.24": [
							0,
							-48,
							0
						],
						"0.59": [
							13,
							-1,
							-2
						],
						"0.75": [
							14.63,
							-4.91,
							2.2
						],
						"0.85": [
							12.19,
							-4.9,
							2.67
						],
						"0.94": [
							10,
							-3,
							5
						],
						"1.08": [
							0,
							0,
							0
						]
					},
					"scale": {
						"0.24": [
							1,
							1,
							1
						],
						"0.27": [
							0,
							0,
							0
						],
						"0.53": [
							0,
							0,
							0
						],
						"0.59": [
							1,
							1,
							1
						]
					}
				},
				"loading": {
					"position": {
						"1.08": [
							0,
							0,
							0
						],
						"1.21": [
							0,
							0,
							4
						],
						"1.28": [
							0,
							0,
							0
						]
					}
				},
				"leftArm": {
					"rotation": {
						"0.0": [
							"-49.7574-this*0.5",
							"5.7385-this*0.5",
							4.83711
						],
						"0.24": [
							"-4.7574-this*0.5",
							"5.7385-this*0.5",
							4.83711
						],
						"0.37": [
							"0.2426-this*0.5",
							"5.7385-this*0.5",
							4.83711
						],
						"0.59": [
							"-36.5583-this*0.5",
							"-28.4814-this*0.5",
							-1.58693
						],
						"0.75": [
							"-11.5583-this*0.5",
							"-28.4814-this*0.5",
							-1.58693
						],
						"0.94": [
							"-4.7574-this*0.5",
							"5.7385-this*0.5",
							4.83711
						],
						"1.08": [
							"-49.7574-this*0.5",
							"5.7385-this*0.5",
							4.83711
						],
						"1.21": [
							"-74.339-this*0.5",
							"-4.4625-this*0.5",
							12.75598
						],
						"1.29": [
							"-49.7574-this*0.5",
							"5.7385-this*0.5",
							4.83711
						]
					}
				},
				"rightArm": {
					"rotation": {
						"0.0": [
							"-54.8233-this*0.5",
							"-29.784-this*0.5",
							-19.29534
						],
						"0.24": [
							"-61.784-this*0.5",
							"-36.3828-this*0.5",
							-6.6011
						]
					},
					"position": {
						"1.09": [
							0,
							0,
							0
						],
						"1.21": [
							3,
							0,
							-3
						],
						"1.29": [
							0,
							0,
							0
						]
					}
				}
			},
			"sound_effects": {
				"0.11": {
					"effect": "tommyout"
				},
				"0.89": {
					"effect": "tommyin"
				},
				"1.16": {
					"effect": "tommykeo"
				}
			}
		},
		"animation.piglin_tommy_gun.fpp": {
			"loop": true,
			"bones": {
				"rightArm": {
					"rotation": [
						90,
						0,
						175
					],
					"position": [
						11,
						-3,
						4
					]
				},
				"tomygun": {
					"rotation": [
						90,
						0,
						-2.5
					],
					"position": [
						-4,
						8,
						-2
					],
					"scale": 0.5
				},
				"leftArm": {
					"rotation": [
						62.81633,
						-34.97688,
						162.14863
					],
					"position": [
						-6,
						-9.8,
						10.5
					],
					"scale": [
						1,
						1.5,
						1
					]
				},
				"root": {
					"position": [
						-3,
						"1+math.cos(query.anim_time*100)*0.1",
						-5
					]
				}
			}
		},
		"animation.piglin_tommy_gun.reload_fpp": {
			"loop": "hold_on_last_frame",
			"animation_length": 1.29,
			"bones": {
				"rightArm": {
					"rotation": {
						"0.0": [
							90,
							0,
							175
						],
						"0.14": [
							75,
							0,
							175
						],
						"0.25": [
							76.93569,
							7.43547,
							204.14743
						],
						"0.85": [
							76.94,
							7.44,
							204.15
						],
						"1.0": [
							97.5,
							0,
							175
						],
						"1.15": [
							97.5,
							0,
							175
						],
						"1.29": [
							90,
							0,
							175
						]
					},
					"position": {
						"0.0": [
							10,
							-3,
							4
						],
						"0.14": [
							10,
							-3,
							2
						],
						"0.85": [
							10,
							-3,
							2
						],
						"1.0": [
							10,
							-3,
							4
						],
						"1.15": [
							10,
							-3,
							4
						],
						"1.29": [
							10,
							-3,
							4
						]
					}
				},
				"tomygun": {
					"rotation": {
						"0.0": [
							90,
							0,
							-2.5
						],
						"0.27": [
							90,
							0,
							-7.5
						],
						"0.3": [
							95,
							0,
							-7.5
						],
						"0.32": [
							90,
							0,
							-7.5
						],
						"0.85": [
							90,
							0,
							-7.5
						],
						"0.9": [
							80,
							0,
							-7.5
						],
						"0.94": [
							90,
							0,
							-7.5
						],
						"1.29": [
							90,
							0,
							-2.5
						]
					},
					"position": {
						"0.0": [
							-4,
							8,
							-2
						],
						"1.29": [
							-4,
							8,
							-2
						]
					},
					"scale": {
						"0.0": [
							0.5,
							0.5,
							0.5
						],
						"1.29": [
							0.5,
							0.5,
							0.5
						]
					}
				},
				"leftArm": {
					"rotation": {
						"0.0": [
							62.81633,
							-34.97688,
							162.14863
						],
						"0.14": [
							66.97934,
							-16.82104,
							152.75396
						],
						"0.27": [
							61.0339,
							-47.93292,
							172.31329
						],
						"0.43": [
							70.37896,
							14.92043,
							144.72989
						],
						"0.64": [
							69.84984,
							19.62269,
							142.94935
						],
						"0.85": [
							61.0339,
							-47.93292,
							172.31329
						],
						"1.0": [
							39.17814,
							-48.4456,
							171.47095
						],
						"1.11": [
							56.80965,
							-74.24422,
							148.47492
						],
						"1.15": [
							51.22469,
							-76.26972,
							154.2488
						],
						"1.29": [
							62.81633,
							-34.97688,
							162.14863
						]
					},
					"position": {
						"0.0": [
							-7,
							-9.8,
							10.5
						],
						"0.14": [
							-12,
							-8.8,
							4.5
						],
						"0.43": [
							-12,
							-8.8,
							4.5
						],
						"0.65": [
							-12,
							-19.8,
							4.5
						],
						"0.85": [
							-12,
							-8.8,
							4.5
						],
						"1.0": [
							-9,
							-11.8,
							8.5
						],
						"1.15": [
							-10,
							-12.8,
							8.5
						],
						"1.29": [
							-7,
							-9.8,
							10.5
						]
					},
					"scale": {
						"0.0": [
							1,
							1.5,
							1
						],
						"1.0": [
							1,
							1.5,
							1
						],
						"1.15": [
							1,
							1.5,
							1
						],
						"1.29": [
							1,
							1.5,
							1
						]
					}
				},
				"root": {
					"position": [
						-3,
						"1+math.cos(query.anim_time*100)*0.1",
						-5
					]
				},
				"armor": {
					"rotation": {
						"0.27": [
							0,
							0,
							0
						],
						"0.85": [
							0,
							0,
							0
						]
					},
					"position": {
						"0.27": [
							0,
							0,
							0
						],
						"0.43": [
							0,
							-40,
							0
						],
						"0.63": [
							17,
							-45.86,
							-2
						],
						"0.75": [
							8.73,
							-20.85,
							-4.91
						],
						"0.85": [
							0,
							0,
							0
						]
					},
					"scale": {
						"0.27": [
							1,
							1,
							1
						],
						"0.43": [
							1,
							1,
							1
						],
						"0.45": [
							0,
							0,
							0
						],
						"0.61": [
							0,
							0,
							0
						],
						"0.63": [
							1,
							1,
							1
						],
						"0.85": [
							1,
							1,
							1
						]
					}
				},
				"loading": {
					"position": {
						"1.0": [
							0,
							0,
							0
						],
						"1.11": [
							0,
							0,
							4
						],
						"1.21": [
							0,
							0,
							0
						]
					}
				}
			},
			"sound_effects": {
				"0.26": {
					"effect": "tommyout"
				},
				"0.84": {
					"effect": "tommyin"
				},
				"1.05": {
					"effect": "tommykeo"
				}
			}
		},
		"animation.piglin_tommy_gun.fpp_aim": {
			"loop": true,
			"bones": {
				"rightArm": {
					"rotation": [
						90,
						0,
						175
					],
					"position": [
						11,
						-2,
						4
					]
				},
				"tomygun": {
					"rotation": [
						90,
						0,
						-1
					],
					"position": [
						-5.25,
						8,
						-2
					],
					"scale": 0.5
				},
				"leftArm": {
					"rotation": [
						61.9719,
						-37.1924,
						163.58204
					],
					"position": [
						-5,
						-8.8,
						11.5
					],
					"scale": [
						1,
						1.5,
						1
					]
				},
				"root": {
					"rotation": [
						1,
						0,
						5
					],
					"position": [
						-7.92,
						2.5,
						-8
					]
				}
			}
		},
		"animation.piglin_tommy_gun.shoot": {
			"animation_length": 0.1,
			"bones": {
				"loading": {
					"position": {
						"0.0": [
							0,
							0,
							0
						],
						"0.05": [
							0,
							0,
							4
						],
						"0.1": [
							0,
							0,
							0
						]
					}
				},
				"root": {
					"rotation": {
						"0.0": [
							0,
							0,
							0
						],
						"0.05": [
							1,
							0,
							0
						],
						"0.1": [
							0,
							0,
							0
						]
					},
					"position": {
						"0.0": [
							0,
							0,
							0
						],
						"0.05": [
							0,
							0,
							-1.5
						],
						"0.1": [
							0,
							0,
							0
						]
					}
				}
			}
		}
	}
}