{
	"format_version": "1.8.0",
	"animations": {
		"animation.piglin_statue.looking": {
			"loop": true,
			"bones": {
				"xoay": {
					"rotation": [
						0,
						"query.target_y_rotation",
						0
					]
				}
			}
		},
		"animation.piglin_statue.dead": {
			"loop": true,
			"bones": {
				"root": {
					"rotation": [
						0,
						0,
						-90
					]
				}
			}
		},
		"animation.piglin_statue.stay": {
			"loop": true,
			"bones": {
				"body": {
					"rotation": [
						0,
						-37.5,
						0
					]
				},
				"head": {
					"rotation": [
						0,
						20,
						0
					]
				},
				"rightarm": {
					"rotation": [
						-107.19212,
						28.87909,
						-8.49878
					]
				},
				"leftarm": {
					"rotation": [
						0,
						0,
						-7.5
					]
				},
				"rightleg": {
					"rotation": [
						0,
						20,
						2.5
					]
				},
				"leftleg": {
					"rotation": [
						4.99527,
						0.21782,
						-2.4905
					]
				}
			}
		},
		"animation.piglin_statue.boom": {
			"animation_length": 3,
			"bones": {
				"body": {
					"rotation": {
						"0.0": [
							0,
							-37.5,
							0
						],
						"1.0833": [
							0,
							-75,
							0
						],
						"1.625": [
							0,
							-85,
							0
						],
						"1.9167": [
							0,
							52.5,
							0
						],
						"2.0": [
							0,
							65,
							0
						],
						"2.4583": [
							0,
							65,
							0
						],
						"2.7083": [
							0,
							17.5,
							0
						],
						"2.875": [
							0,
							0,
							0
						]
					}
				},
				"head": {
					"rotation": {
						"0.0": [
							0,
							27.5,
							0
						],
						"1.0833": [
							0,
							47.5,
							0
						],
						"1.625": [
							0,
							60,
							0
						],
						"1.8333": [
							0,
							-12.5,
							0
						],
						"1.9167": [
							0,
							-37.5,
							0
						],
						"2.4583": [
							0,
							-37.5,
							0
						],
						"3.0": [
							0,
							0,
							0
						]
					}
				},
				"rightarm": {
					"rotation": {
						"0.0": [
							-67.20412,
							-28.02432,
							-11.17023
						],
						"0.875": [
							-31.6867,
							-43.85328,
							-20.46806
						],
						"1.1667": [
							-39.57298,
							-45.12737,
							-23.48371
						],
						"1.6667": [
							-51.61236,
							-28.86375,
							-3.80041
						],
						"1.8333": [
							-96.41274,
							-10.56139,
							10.18846
						],
						"1.9167": [
							-1.09026,
							26.8092,
							30.96556
						],
						"2.5": [
							-1.09,
							26.81,
							30.97
						],
						"2.75": [
							0,
							0,
							5
						],
						"3.0": [
							0,
							0,
							0
						]
					}
				},
				"leftarm": {
					"rotation": {
						"0.0": [
							-25,
							0,
							0
						],
						"0.875": [
							-53.46729,
							26.79524,
							6.42848
						],
						"1.1667": [
							-58.3321,
							32.72211,
							11.72768
						],
						"1.6667": [
							-70.36242,
							39.00601,
							16.78679
						],
						"1.8333": [
							-89.78992,
							5.49651,
							5.62081
						],
						"1.9167": [
							-89.7534,
							-32.00321,
							5.47
						],
						"2.0": [
							-89.55452,
							-62.00273,
							5.20734
						],
						"2.5": [
							-89.55,
							-62,
							5.21
						],
						"2.75": [
							-59.55,
							-62,
							5.21
						],
						"3.0": [
							0,
							0,
							0
						]
					},
					"position": {
						"0.875": [
							0,
							0,
							0
						],
						"1.6667": [
							1.47947,
							1,
							2.41064
						],
						"1.875": [
							1.19795,
							1,
							-2.98088
						],
						"1.9583": [
							0.34509,
							1,
							-2.46123
						],
						"2.5": [
							0.35,
							1,
							-2.46
						],
						"2.75": [
							0,
							0,
							0
						],
						"3.0": [
							0,
							0,
							0
						]
					}
				}
			}
		}
	}
}