{
	"format_version": "1.8.0",
	"animations": {
		"animation.pillager_hat.scimitar.attack": {
			"loop": "hold_on_last_frame",
			"animation_length": 0.5,
			"bones": {
				"body": {
					"rotation": {
						"0.0": [
							0,
							0,
							0
						],
						"0.25": [
							-7.5,
							0,
							0
						],
						"0.4167": [
							15,
							0,
							0
						],
						"0.5": [
							0,
							0,
							0
						]
					}
				},
				"rightarm": {
					"rotation": {
						"0.0": [
							"-151.1616-this",
							"8.6474-this",
							-15.27
						],
						"0.25": [
							"-188.6616-this",
							"8.6474-this",
							-15.27
						],
						"0.4167": [
							"-27.2075-this",
							"-14.8196-this",
							3.58092
						],
						"0.5": [
							"15.2925-this",
							"-14.8196-this",
							3.58
						]
					}
				},
				"leftarm": {
					"rotation": {
						"0.0": [
							-25,
							0,
							-15
						],
						"0.25": [
							-62.5,
							0,
							-15
						],
						"0.4167": [
							47.5,
							0,
							-15
						],
						"0.5": [
							0,
							0,
							-2.5
						]
					}
				}
			}
		}
	}
}