{
	"format_version": "1.8.0",
	"animations": {
		"animation.raidgun.look": {
			"loop": true,
			"bones": {
				"head": {
					"rotation": [
						"query.target_x_rotation",
						"query.target_y_rotation",
						0
					]
				}
			}
		},
		"animation.raidgun.reloading": {
			"loop": "hold_on_last_frame",
			"animation_length": 2.25,
			"bones": {
				"ammo": {
					"rotation": {
						"0.2917": [
							0,
							0,
							0
						],
						"0.75": [
							0,
							0,
							20
						],
						"0.8333": [
							0,
							0,
							-2.5
						],
						"0.875": [
							0,
							0,
							0
						],
						"1.0": [
							90,
							0,
							0
						],
						"1.25": [
							90,
							0,
							0
						],
						"1.5": [
							0,
							0,
							0
						],
						"1.6667": [
							0,
							0,
							0
						],
						"1.75": [
							0,
							0,
							0
						],
						"1.7917": [
							0,
							0,
							-5
						],
						"1.8333": [
							0,
							0,
							0
						]
					},
					"position": {
						"0.2917": [
							0,
							0,
							0
						],
						"0.75": [
							1,
							0,
							0
						],
						"0.8333": [
							1,
							-12.25,
							0
						],
						"0.875": [
							1,
							-12,
							0
						],
						"1.0": [
							1,
							-14,
							-2
						],
						"1.25": [
							1,
							-14,
							-2
						],
						"1.5": [
							9,
							0,
							0
						],
						"1.6667": [
							9,
							0,
							0
						],
						"1.7917": [
							0,
							0,
							0
						]
					},
					"scale": {
						"1.0": [
							1,
							1,
							1
						],
						"1.25": [
							0,
							0,
							0
						],
						"1.5": [
							0,
							0,
							0
						],
						"1.6667": [
							1,
							1,
							1
						]
					}
				},
				"head": {
					"rotation": {
						"1.8333": [
							0,
							0,
							0
						],
						"1.875": [
							0,
							0,
							-2.5
						],
						"1.9167": [
							0,
							0,
							0
						]
					}
				},
				"keo": {
					"position": {
						"0.0": [
							0,
							0,
							0
						],
						"0.25": [
							0,
							0,
							6.25
						],
						"0.2917": [
							0,
							0,
							6
						],
						"0.75": [
							0,
							0,
							6
						],
						"0.8333": [
							0,
							0,
							-0.25
						],
						"0.875": [
							0,
							0,
							0
						],
						"1.9583": [
							0,
							0,
							0
						],
						"2.0": [
							0,
							0,
							6.25
						],
						"2.0417": [
							0,
							0,
							6
						],
						"2.0833": [
							0,
							0,
							6
						],
						"2.1667": [
							0,
							0,
							-0.25
						],
						"2.2083": [
							0,
							0,
							0
						]
					}
				}
			},
			"sound_effects": {
				"0.0417": {
					"effect": "keo"
				},
				"0.3333": {
					"effect": "ammoout"
				},
				"1.7917": {
					"effect": "ammoin"
				},
				"2.0": {
					"effect": "keo"
				}
			}
		},
		"animation.raidgun.dead": {
			"animation_length": 0.25,
			"bones": {
				"body": {
					"rotation": [
						0,
						0,
						-90
					]
				}
			}
		}
	}
}