{
	"format_version": "1.8.0",
	"animations": {
		"animation.stg44.fpp": {
			"loop": true,
			"bones": {
				"stg44": {
					"rotation": [
						90,
						0,
						-5
					],
					"position": [
						-5.33341,
						9,
						-5.63615
					]
				},
				"root": {
					"position": [
						-3,
						"1+math.cos(query.anim_time*100)*0.1",
						-5
					]
				},
				"leftArm": {
					"rotation": [
						88,
						-50,
						128
					],
					"position": [
						-5.6,
						-9.8,
						17
					],
					"scale": [
						1,
						1.5,
						1
					]
				},
				"rightArm": {
					"rotation": [
						90,
						0,
						175
					],
					"position": [
						11,
						-3,
						4
					]
				}
			}
		},
		"animation.stg44.reload_fpp": {
			"loop": "hold_on_last_frame",
			"animation_length": 1.33,
			"bones": {
				"stg44": {
					"rotation": {
						"0.0": [
							90,
							0,
							-5
						],
						"0.28": [
							90,
							0,
							-2.5
						],
						"0.31": [
							92.5,
							0,
							-2.5
						],
						"0.33": [
							90,
							0,
							-2.5
						],
						"0.84": [
							90,
							0,
							-2.5
						],
						"0.87": [
							87.5,
							0,
							-2.5
						],
						"0.9": [
							90,
							0,
							-2.5
						],
						"1.33": [
							90,
							0,
							-5
						]
					},
					"position": {
						"0.0": [
							-5.33341,
							9,
							-5.63615
						],
						"1.33": [
							-5.33341,
							9,
							-5.63615
						]
					}
				},
				"root": {
					"position": [
						-3,
						"1+math.cos(query.anim_time*100)*0.1",
						-5
					]
				},
				"leftArm": {
					"rotation": {
						"0.0": [
							88,
							-50,
							128
						],
						"0.28": [
							91.95882,
							-64.98626,
							129.22405
						],
						"0.38": [
							90.86831,
							-17.49721,
							130.73819
						],
						"0.63": [
							90.91373,
							24.99812,
							131.38543
						],
						"0.82": [
							91.95882,
							-64.98626,
							129.22405
						],
						"1.01": [
							44.45491,
							-84.08901,
							154.58515
						],
						"1.11": [
							-72.29888,
							-76.00913,
							271.98532
						],
						"1.27": [
							88,
							-50,
							128
						]
					},
					"position": {
						"0.0": [
							-5.6,
							-9.8,
							17
						],
						"0.28": [
							-5.6,
							-11.8,
							15
						],
						"0.63": [
							-5.6,
							-20.8,
							15
						],
						"0.82": [
							-5.6,
							-11.8,
							15
						],
						"1.01": [
							-5.6,
							-9.8,
							17
						],
						"1.27": [
							-5.6,
							-9.8,
							17
						]
					},
					"scale": {
						"0.0": [
							1,
							1.5,
							1
						],
						"1.27": [
							1,
							1.5,
							1
						]
					}
				},
				"rightArm": {
					"rotation": {
						"0.0": [
							90,
							0,
							175
						],
						"0.25": [
							81.18737,
							-6.889,
							200.9692
						],
						"0.82": [
							81.18737,
							-6.889,
							200.9692
						],
						"0.96": [
							85.81727,
							-10.36541,
							170.81727
						],
						"1.14": [
							85.25283,
							-9.37594,
							188.55414
						],
						"1.33": [
							90,
							0,
							175
						]
					},
					"position": {
						"0.0": [
							11,
							-3,
							4
						],
						"0.82": [
							11,
							-3,
							4
						],
						"0.96": [
							11,
							-3,
							4
						],
						"1.14": [
							11,
							-3,
							6
						],
						"1.2": [
							11,
							-3,
							7
						],
						"1.33": [
							11,
							-3,
							4
						]
					}
				},
				"ammo": {
					"rotation": {
						"0.28": [
							0,
							0,
							0
						],
						"0.84": [
							0,
							0,
							0
						]
					},
					"position": {
						"0.28": [
							0,
							0,
							0
						],
						"0.42": [
							0,
							-21,
							0
						],
						"0.63": [
							0,
							-21,
							0
						],
						"0.66": [
							0,
							-12,
							0
						],
						"0.84": [
							0,
							0,
							0
						]
					},
					"scale": {
						"0.42": [
							1,
							1,
							1
						],
						"0.43": [
							0,
							0,
							0
						],
						"0.63": [
							1,
							1,
							1
						],
						"0.64": [
							0,
							0,
							0
						],
						"0.66": [
							1,
							1,
							1
						]
					}
				},
				"keo": {
					"position": {
						"1.01": [
							0,
							0,
							0
						],
						"1.15": [
							0,
							0,
							5
						],
						"1.25": [
							0,
							0,
							0
						]
					}
				}
			},
			"sound_effects": {
				"0.27": {
					"effect": "stg44putout"
				},
				"0.84": {
					"effect": "stg44puton"
				},
				"1.02": {
					"effect": "stg44bolt2"
				},
				"1.24": {
					"effect": "stg44bolt1"
				}
			}
		},
		"animation.stg44.fpp_aim": {
			"loop": true,
			"bones": {
				"stg44": {
					"rotation": [
						90,
						0,
						-0.5
					],
					"position": [
						-5.33341,
						9,
						-5.13615
					]
				},
				"root": {
					"rotation": [
						1,
						0,
						5
					],
					"position": [
						-7.92,
						2.5,
						-8
					]
				},
				"leftArm": {
					"rotation": [
						88,
						-50,
						128
					],
					"position": [
						-5.6,
						-9.8,
						17
					],
					"scale": [
						1,
						1.5,
						1
					]
				},
				"rightArm": {
					"rotation": [
						90,
						0,
						175
					],
					"position": [
						11,
						-3,
						4
					]
				}
			}
		},
		"animation.stg44.tpp": {
			"loop": true,
			"bones": {
				"stg44": {
					"rotation": [
						90,
						0,
						0
					],
					"position": [
						-6.12836,
						8.1423,
						-5
					]
				}
			}
		},
		"animation.stg44.reload_tpp": {
			"loop": "hold_on_last_frame",
			"animation_length": 1.33,
			"bones": {
				"ammo": {
					"rotation": {
						"0.45": [
							0,
							0,
							0
						],
						"0.49": [
							32.79129,
							40.86434,
							-16.10078
						],
						"0.67": [
							32.79129,
							40.86434,
							-16.10078
						],
						"0.82": [
							0,
							0,
							0
						]
					},
					"position": {
						"0.0": [
							0,
							0,
							0
						],
						"0.15": [
							0,
							-33,
							0
						],
						"0.45": [
							7,
							-2,
							2
						],
						"0.49": [
							6.41747,
							-4.71311,
							0.85996
						],
						"0.57": [
							4.78374,
							-5.6829,
							-0.05332
						],
						"0.66": [
							3.41324,
							-4.7616,
							-0.53884
						],
						"0.82": [
							0,
							0,
							0
						]
					},
					"scale": {
						"0.15": [
							1,
							1,
							1
						],
						"0.18": [
							0,
							0,
							0
						],
						"0.45": [
							0,
							0,
							0
						],
						"0.49": [
							1,
							1,
							1
						]
					}
				},
				"keo": {
					"position": {
						"1.0": [
							0,
							0,
							0
						],
						"1.17": [
							0,
							0,
							5
						],
						"1.29": [
							0,
							0,
							0
						]
					}
				},
				"leftArm": {
					"rotation": {
						"0.0": [
							"-69.6187-this*0.5",
							"8.6492-this*0.5",
							5.03837
						],
						"0.25": [
							"-19.6187-this*0.5",
							"8.6492-this*0.5",
							5.03837
						],
						"0.49": [
							"-20.9546-this*0.5",
							"4.2997-this*0.5",
							-6.75895
						],
						"0.66": [
							"-35.5516-this*0.5",
							"-0.0061-this*0.5",
							-7.25957
						],
						"0.82": [
							"-69.6187-this*0.5",
							"8.6492-this*0.5",
							5.03837
						],
						"1.0": [
							"-72.3104-this*0.5",
							"3.9589-this*0.5",
							3.29482
						],
						"1.17": [
							"-83.9996-this*0.5",
							"1.5095-this*0.5",
							-21.12885
						],
						"1.33": [
							"-101.1582-this*0.5",
							"18.9097-this*0.5",
							-19.22471
						]
					},
					"position": {
						"1.17": [
							0,
							0,
							3
						],
						"1.29": [
							0,
							0,
							0
						]
					}
				},
				"rightArm": {
					"rotation": {
						"0.0": [
							"-64.9815-this*0.5",
							"-44.6806-this*0.5",
							-18.16791
						],
						"0.25": [
							"-64.9815-this*0.5",
							"-44.6806-this*0.5",
							-18.16791
						],
						"0.56": [
							"-50.82-this*0.5",
							"-23.77-this*0.5",
							-7.98
						],
						"0.82": [
							"-64.9815-this*0.5",
							"-44.6806-this*0.5",
							-18.16791
						],
						"1.0": [
							"-104.1038-this*0.5",
							"-26.8382-this*0.5",
							64.71353
						],
						"1.17": [
							"-104.1038-this*0.5",
							"-26.8382-this*0.5",
							64.71353
						],
						"1.33": [
							"-77.872-this*0.5",
							"-27.7308-this*0.5",
							10.82829
						]
					},
					"position": {
						"1.0": [
							0,
							0,
							0
						],
						"1.17": [
							3,
							0,
							-2
						],
						"1.29": [
							0,
							0,
							0
						]
					}
				}
			},
			"sound_effects": {
				"0.04": {
					"effect": "stg44putout"
				},
				"0.79": {
					"effect": "stg44puton"
				},
				"1.17": {
					"effect": "stg44bolt2"
				},
				"1.29": {
					"effect": "stg44bolt1"
				}
			}
		},
		"animation.stg44.shoot_fpp": {
			"animation_length": 0.1,
			"bones": {
				"keo": {
					"position": {
						"0.0": [
							0,
							0,
							0
						],
						"0.05": [
							0,
							-0.08726,
							4.99924
						],
						"0.1": [
							0,
							-0.09,
							0
						]
					}
				},
				"root": {
					"rotation": {
						"0.0": [
							0,
							0,
							0
						],
						"0.05": [
							1,
							0,
							0
						],
						"0.1": [
							0,
							0,
							0
						]
					},
					"position": {
						"0.0": [
							0,
							0,
							0
						],
						"0.05": [
							0,
							0,
							-1.5
						],
						"0.1": [
							0,
							0,
							0
						]
					}
				}
			}
		}
	}
}