{
	"format_version": "1.8.0",
	"animations": {
		"animation.stoneshooter.charge": {
			"loop": true,
			"bones": {
				"duoi": {
					"rotation": [
						30,
						0,
						0
					]
				},
				"bone": {
					"rotation": [
						-80,
						0,
						0
					]
				},
				"tren": {
					"rotation": [
						-30,
						0,
						0
					]
				},
				"bone10": {
					"rotation": [
						80,
						0,
						0
					]
				},
				"tren2": {
					"rotation": [
						-30,
						0,
						0
					]
				},
				"bone11": {
					"rotation": [
						80,
						0,
						0
					]
				},
				"duoi2": {
					"rotation": [
						30,
						0,
						0
					]
				},
				"bone12": {
					"rotation": [
						-80,
						0,
						0
					]
				},
				"truc": {
					"position": [
						0,
						0,
						10
					]
				},
				"day": {
					"scale": [
						1,
						1,
						0.3
					]
				},
				"day2": {
					"scale": [
						1,
						1,
						0.3
					]
				},
				"xoay": {
					"rotation": [
						-160,
						0,
						0
					]
				},
				"stone": {
					"position": [
						0,
						0,
						10
					]
				}
			}
		},
		"animation.stoneshooter.look": {
			"loop": true,
			"bones": {
				"stoner": {
					"rotation": [
						"query.target_x_rotation",
						0,
						0
					]
				}
			}
		},
		"animation.stoneshooter.death": {
			"loop": "hold_on_last_frame",
			"animation_length": 0.5,
			"bones": {
				"shooter": {
					"rotation": {
						"0.0": [
							"-this",
							"-this",
							"-this"
						],
						"0.5": [
							"-this",
							"-this",
							"-90-this"
						]
					}
				},
				"stoner": {
					"rotation": {
						"0.0": [
							0,
							0,
							0
						],
						"0.25": [
							-70,
							0,
							0
						],
						"0.375": [
							-62.5,
							0,
							0
						],
						"0.5": [
							-45,
							0,
							0
						]
					},
					"position": {
						"0.0": [
							0,
							0,
							0
						],
						"0.25": [
							0,
							4,
							3
						],
						"0.375": [
							0,
							-5,
							3
						],
						"0.5": [
							0,
							-6,
							6
						]
					}
				}
			}
		}
	}
}