{
	"format_version": "1.8.0",
	"animations": {
		"animation.stonerpillager.start": {
			"loop": "hold_on_last_frame",
			"animation_length": 2,
			"bones": {
				"body": {
					"position": {
						"0.0": [
							0,
							-36,
							0
						],
						"2.0": [
							0,
							0,
							0
						]
					}
				}
			}
		},
		"animation.stonerpillager.death": {
			"loop": "hold_on_last_frame",
			"animation_length": 0.5,
			"bones": {
				"body": {
					"rotation": {
						"0.0": [
							0,
							0,
							0
						],
						"0.5": [
							0,
							0,
							-90
						]
					}
				}
			}
		}
	}
}