{
	"format_version": "1.8.0",
	"animations": {
		"animation.vehicalwar.move": {
			"loop": true,
			"bones": {
				"banh": {
					"rotation": [
						"query.modified_distance_moved*38",
						0,
						0
					]
				},
				"banh2": {
					"rotation": [
						"query.modified_distance_moved*38",
						0,
						0
					]
				},
				"banh3": {
					"rotation": [
						"query.modified_distance_moved*38",
						0,
						0
					]
				},
				"banh4": {
					"rotation": [
						"query.modified_distance_moved*38",
						0,
						0
					]
				}
			}
		},
		"animation.vehicalwar.death": {
			"loop": "hold_on_last_frame",
			"animation_length": 0.54167,
			"bones": {
				"body": {
					"rotation": {
						"0.0": [
							0,
							0,
							0
						],
						"0.5417": [
							0,
							0,
							-90
						]
					}
				}
			}
		}
	}
}