{
	"format_version": "1.8.0",
	"animations": {
		"animation.villager_turtle.attack.rotation": {
			"loop": true,
			"bones": {
				"body": {
					"rotation": [
						0,
						"math.sin(math.sqrt(variable.attack_time)*360)*11.46",
						0
					]
				},
				"rightarm": {
					"rotation": [
						"-this-(math.sin((1-(1-variable.attack_time)*(1-variable.attack_time))*180)*34.38+math.sin(variable.attack_time*180)*28.65)*(variable.is_brandishing_spear?-2.5:1)",
						"variable.is_brandishing_spear?0:math.sin(math.sqrt(variable.attack_time)*360)*22.92",
						0
					]
				}
			}
		},
		"animation.villager_turtle.attack.fire": {
			"loop": true,
			"animation_length": 0.5,
			"bones": {
				"rightarm": {
					"rotation": {
						"0.0": [
							0,
							0,
							0
						],
						"0.25": [
							"-145-this",
							0,
							0
						],
						"0.3333": [
							"-155-this",
							0,
							0
						],
						"0.4167": [
							"-33.3441-this",
							"-11.3134-this",
							"-16.6018-this"
						],
						"0.5": [
							0,
							0,
							0
						]
					}
				}
			}
		},
		"animation.villager_turtle.attack.swim": {
			"loop": true,
			"bones": {
				"body": {
					"rotation": [
						"variable.swim_amount*(90+query.target_x_rotation)",
						0,
						0
					],
					"position": [
						0,
						"variable.swim_amount*-10-this",
						"variable.swim_amount*9-this"
					]
				},
				"leftLeg": {
					"rotation": [
						"math.lerp(this,math.cos(query.life_time*390+180)*0.3,variable.swim_amount)-this",
						0,
						0
					]
				},
				"rightLeg": {
					"rotation": [
						"math.lerp(this,math.cos(query.life_time*390)*0.3,variable.swim_amount)",
						0,
						0
					]
				},
				"rightarm": {
					"rotation": [
						"math.lerp(this,-180,variable.swim_amount)-(variable.swim_amount*((math.sin(variable.attack_time*180)*57.3)*1.2-(math.sin((1-(1-variable.attack_time)*(1-variable.attack_time))*180)*57.3)*0.4))+(variable.swim_amount*(math.sin(query.life_time*76.776372)*2.865))-this",
						"math.lerp(this,14.325,variable.swim_amount)-this",
						"math.lerp(this,-14.325,variable.swim_amount)+(variable.swim_amount*(math.cos(query.life_time*103.13244)*2.865+2.865))-this"
					]
				},
				"leftarm": {
					"rotation": [
						"math.lerp(this,-180,variable.swim_amount)-(variable.swim_amount*((math.sin(variable.attack_time*180)*57.3)*1.2-(math.sin((1-(1-variable.attack_time)*(1-variable.attack_time))*180)*57.3)*0.4))-(variable.swim_amount*(math.sin(query.life_time*76.776372)*2.865))-this",
						"math.lerp(this,-14.325,variable.swim_amount)-this",
						"math.lerp(this,14.325,variable.swim_amount)-(variable.swim_amount*(math.cos(query.life_time*103.13244)*2.865+2.865))-this"
					]
				}
			}
		}
	}
}