{
	"format_version": "1.8.0",
	"animations": {
		"animation.villager_golden.attack": {
			"loop": "hold_on_last_frame",
			"animation_length": 0.75,
			"bones": {
				"body": {
					"rotation": {
						"0.0": [
							0,
							0,
							0
						],
						"0.3333": [
							0,
							32.5,
							0
						],
						"0.4167": [
							0,
							40,
							0
						],
						"0.4583": [
							0,
							-32.5,
							0
						],
						"0.5": [
							0,
							-62.5,
							0
						],
						"0.75": [
							0,
							0,
							0
						]
					}
				},
				"rightarm": {
					"rotation": {
						"0.0": [
							"-47.5-this",
							"-this",
							0
						],
						"0.3333": [
							"-84.7587-this",
							"17.4313-this",
							1.57409
						],
						"0.4167": [
							"-84.367-this",
							"27.3867-this",
							2.59365
						],
						"0.4583": [
							"-65.6315-this",
							"-29.2826-this",
							-5.41492
						],
						"0.5": [
							"-66.3283-this",
							"-43.0815-this",
							-12.70417
						],
						"0.75": [
							"-47.5-this",
							"-this",
							0
						]
					}
				},
				"leftarm": {
					"rotation": {
						"0.0": [
							"-34.0724-this",
							"8.5373-this",
							12.37961
						],
						"0.3333": [
							"-75.5425-this",
							"23.1008-this",
							16.12646
						],
						"0.4167": [
							"-74.1534-this",
							"32.7555-this",
							19.08493
						],
						"0.4583": [
							"-48.5162-this",
							"-12.1755-this",
							4.04562
						],
						"0.5": [
							"-64.0376-this",
							"-35.1385-this",
							-6.86027
						],
						"0.75": [
							"-34.0724-this",
							"8.5373-this",
							12.37961
						]
					}
				}
			}
		},
		"animation.villager_golden.default": {
			"loop": true,
			"bones": {
				"rightarm": {
					"rotation": [
						"-47.5-this",
						"-this",
						0
					]
				},
				"rightItem": {
					"rotation": [
						0,
						"90-this",
						"-20-this"
					],
					"position": [
						"2-this",
						0,
						0
					]
				},
				"leftarm": {
					"rotation": [
						"-34.0724-this",
						"8.5373-this",
						12.37961
					]
				}
			}
		}
	}
}