{
	"format_version": "1.8.0",
	"animations": {
		"animation.villager_sword.onehand": {
			"loop": true,
			"bones": {
				"rightarm": {
					"rotation": [
						"-90+query.target_x_rotation-query.is_sneaking*15-this",
						"-5+query.target_y_rotation",
						0
					]
				}
			}
		},
		"animation.villager_sword.attck": {
			"loop": true,
			"bones": {
				"rightarm": {
					"rotation": [
						"(-70+math.cos(query.life_time*20*3.84)*2.87)+(math.sin(variable.attack_time*180)*126.05-(math.sin((1-(1-variable.attack_time)*(1-variable.attack_time))*180))*22.92)+variable.x_bob-this",
						-18,
						0
					]
				},
				"leftarm": {
					"rotation": [
						"(-70+math.cos(query.life_time*20*3.84)*2.87)+(math.sin(variable.attack_time*180)*126.05-(math.sin((1-(1-variable.attack_time)*(1-variable.attack_time))*180))*22.92)+variable.x_bob-this",
						40,
						0
					]
				}
			}
		},
		"animation.villager_sword.spear": {
			"loop": "hold_on_last_frame",
			"animation_length": 0.625,
			"bones": {
				"body": {
					"rotation": {
						"0.0": [
							0,
							0,
							0
						],
						"0.25": [
							0,
							20,
							0
						],
						"0.375": [
							0,
							25,
							0
						],
						"0.4167": [
							0,
							-35,
							0
						],
						"0.5": [
							0,
							-40,
							0
						],
						"0.625": [
							0,
							0,
							0
						]
					}
				},
				"rightarm": {
					"rotation": {
						"0.0": [
							0,
							0,
							0
						],
						"0.25": [
							"-2.5-this",
							0,
							"72.5-this"
						],
						"0.375": [
							"42.5-this",
							0,
							"72.5-this"
						],
						"0.4167": [
							"-40-this",
							0,
							"72.5-this"
						],
						"0.5": [
							"-55-this",
							0,
							"72.5-this"
						],
						"0.625": [
							0,
							0,
							0
						]
					}
				},
				"rightItem": {
					"rotation": {
						"0.0": [
							"-this",
							"-this",
							"-this"
						],
						"0.25": [
							"-20-this",
							0,
							0
						],
						"0.4167": [
							"67.1882-this",
							"-9.2319-this",
							"3.8603-this"
						],
						"0.5": [
							"72.5-this",
							0,
							0
						],
						"0.625": [
							"-this",
							"-this",
							"-this"
						]
					}
				},
				"leftarm": {
					"rotation": {
						"0.0": [
							0,
							0,
							0
						],
						"0.25": [
							-24.66569,
							-4.20854,
							-9.07947
						],
						"0.375": [
							-29.66569,
							-4.20854,
							-9.07947
						],
						"0.5": [
							12.83431,
							-4.20854,
							-9.07947
						],
						"0.625": [
							0,
							0,
							0
						]
					}
				}
			}
		},
		"animation.villager_sword.spear2": {
			"loop": "hold_on_last_frame",
			"animation_length": 0.625,
			"bones": {
				"body": {
					"rotation": {
						"0.0": [
							0,
							0,
							0
						],
						"0.25": [
							0,
							20,
							0
						],
						"0.375": [
							0,
							25,
							0
						],
						"0.4167": [
							0,
							-35,
							0
						],
						"0.5": [
							0,
							-40,
							0
						],
						"0.625": [
							0,
							0,
							0
						]
					}
				},
				"rightarm": {
					"rotation": {
						"0.0": [
							0,
							0,
							0
						],
						"0.25": [
							"43.2658-this",
							"-15.7442-this",
							"12.4933-this"
						],
						"0.375": [
							"61.1438-this",
							"-10.8953-this",
							"17.9948-this"
						],
						"0.4167": [
							"-67.8239-this",
							"46.0419-this",
							"12.0203-this"
						],
						"0.5": [
							"-42.8179-this",
							"17.554-this",
							"53.6414-this"
						],
						"0.625": [
							0,
							0,
							0
						]
					}
				},
				"rightItem": {
					"rotation": {
						"0.0": [
							0,
							0,
							0
						],
						"0.25": [
							-20,
							0,
							0
						],
						"0.4167": [
							62.5,
							0,
							0
						],
						"0.5": [
							72.5,
							0,
							0
						],
						"0.625": [
							0,
							0,
							0
						]
					}
				},
				"leftarm": {
					"rotation": {
						"0.0": [
							0,
							0,
							0
						],
						"0.25": [
							-24.66569,
							-4.20854,
							-9.07947
						],
						"0.375": [
							-29.66569,
							-4.20854,
							-9.07947
						],
						"0.5": [
							12.83431,
							-4.20854,
							-9.07947
						],
						"0.625": [
							0,
							0,
							0
						]
					}
				}
			}
		},
		"animation.villager_sword.spear3": {
			"loop": "hold_on_last_frame",
			"animation_length": 0.625,
			"bones": {
				"body": {
					"rotation": {
						"0.0": [
							0,
							0,
							0
						],
						"0.25": [
							-2.5,
							0,
							0
						],
						"0.375": [
							-7.5,
							0,
							0
						],
						"0.4167": [
							5,
							0,
							0
						],
						"0.5": [
							7.5,
							0,
							0
						],
						"0.625": [
							0,
							0,
							0
						]
					}
				},
				"rightarm": {
					"rotation": {
						"0.0": [
							0,
							0,
							0
						],
						"0.25": [
							"-150.7998-this",
							"0.6405-this",
							"-12.9527-this"
						],
						"0.375": [
							"-230.7998-this",
							"0.6405-this",
							"-12.9527-this"
						],
						"0.4167": [
							"-26.8099-this",
							0,
							"0.5022-this"
						],
						"0.5": [
							"48.1901-this",
							0,
							"0.5022-this"
						],
						"0.625": [
							0,
							0,
							0
						]
					}
				},
				"rightItem": {
					"rotation": {
						"0.0": [
							0,
							0,
							0
						],
						"0.25": [
							-25,
							0,
							0
						],
						"0.375": [
							-25,
							0,
							0
						],
						"0.4167": [
							42.5,
							0,
							0
						],
						"0.5": [
							0,
							0,
							0
						],
						"0.625": [
							0,
							0,
							0
						]
					}
				},
				"leftarm": {
					"rotation": {
						"0.0": [
							0,
							0,
							0
						],
						"0.25": [
							-24.66569,
							-4.20854,
							-9.07947
						],
						"0.375": [
							-29.66569,
							-4.20854,
							-9.07947
						],
						"0.5": [
							12.83431,
							-4.20854,
							-9.07947
						],
						"0.625": [
							0,
							0,
							0
						]
					}
				}
			}
		},
		"animation.villager_sword.build": {
			"loop": "hold_on_last_frame",
			"animation_length": 1,
			"bones": {
				"rightarm": {
					"rotation": {
						"0.0": [
							0,
							0,
							0
						],
						"0.25": [
							-112.5,
							0,
							0
						],
						"0.5": [
							-40,
							0,
							0
						],
						"0.75": [
							-105,
							0,
							0
						],
						"1.0": [
							0,
							0,
							0
						]
					}
				}
			}
		},
		"animation.villager_sword.charging": {
			"loop": true,
			"bones": {
				"rightarm": {
					"rotation": [
						"-41.4966-this",
						"-36.0691-this",
						-0.9959
					]
				},
				"leftarm": {
					"rotation": [
						"-59.8895-this",
						"21.9769-this",
						29.6572
					]
				}
			},
			"sound_effects": {
				"0.0": {
					"effect": "charge"
				}
			}
		},
		"animation.villager_sword.admire": {
			"loop": true,
			"bones": {
				"head": {
					"rotation": [
						"22.5-this",
						0,
						0
					]
				},
				"leftarm": {
					"rotation": [
						"-39.1854-this",
						"28.7332-this",
						-3.28557
					]
				}
			}
		}
	}
}