{
	"format_version": "1.8.0",
	"animations": {
		"animation.villagergun.reload": {
			"animation_length": 4,
			"bones": {
				"rightarm": {
					"rotation": {
						"0.0": [
							"-57.5-this",
							0,
							0
						],
						"0.75": [
							"-42.9338-this",
							"-26.9462-this",
							-18.89595
						],
						"0.8333": [
							"-44.4574-this",
							"-28.6374-this",
							-20.98539
						],
						"1.25": [
							"-44.46-this",
							"-28.64-this",
							-20.99
						],
						"1.4167": [
							"-82.7845-this",
							"-24.4724-this",
							12.33784
						],
						"1.75": [
							"-78.2723-this",
							"-38.1442-this",
							50.4379
						],
						"2.5": [
							"-49.6184-this",
							"-50.3296-this",
							38.12724
						],
						"3.0": [
							"-78.2723-this",
							"-38.1442-this",
							50.4379
						],
						"3.125": [
							"-78.27-this",
							"-38.14-this",
							50.44
						],
						"3.1667": [
							"-73.27-this",
							"-38.14-this",
							50.44
						],
						"3.2083": [
							"-80.77-this",
							"-38.14-this",
							50.44
						],
						"3.375": [
							"-115.8283-this",
							"-50.7121-this",
							106.41974
						],
						"3.75": [
							"-78.2723-this",
							"-38.1442-this",
							50.4379
						],
						"4.0": [
							"-57.5-this",
							0,
							0
						]
					}
				},
				"rightItem": {
					"rotation": {
						"0.9583": [
							0,
							0,
							0
						],
						"1.0": [
							"-10-this",
							0,
							0
						],
						"1.0833": [
							0,
							0,
							0
						]
					}
				},
				"leftarm": {
					"rotation": {
						"0.0": [
							"-27.5-this",
							0,
							"-7.5-this"
						],
						"0.25": [
							"-82.5-this",
							0,
							"-7.5-this"
						],
						"0.4167": [
							"-99.408-this",
							"3.4049-this",
							"12.2197-this"
						],
						"0.5417": [
							"-110.9935-this",
							"22.199-this",
							"5.1689-this"
						],
						"0.8333": [
							"-88.4935-this",
							"22.199-this",
							"5.1689-this"
						],
						"1.0": [
							"-88.249-this",
							"37.1931-this",
							"5.6583-this"
						],
						"1.25": [
							"-83.5399-this",
							"17.2007-this",
							"5.0315-this"
						],
						"1.4167": [
							"-31.0261-this",
							"17.2007-this",
							"1.1496-this"
						],
						"1.75": [
							"33.9422-this",
							"-18.6564-this",
							"-42.1472-this"
						],
						"1.875": [
							"15.9714-this",
							"-35.158-this",
							"-3.9972-this"
						],
						"2.25": [
							"30.6317-this",
							"-24.0099-this",
							"-33.0735-this"
						],
						"2.75": [
							"-4.5056-this",
							"-15.2806-this",
							"-44.8571-this"
						],
						"3.0": [
							"-95.5158-this",
							"0.2014-this",
							"21.6883-this"
						],
						"3.125": [
							"-64.4076-this",
							"3.3257-this",
							"56.57-this"
						],
						"3.375": [
							"-83.8286-this",
							"30.1277-this",
							"-12.2758-this"
						],
						"3.75": [
							"-83.83-this",
							"30.13-this",
							"-12.28-this"
						],
						"4.0": [
							"-39.5687-this",
							"6.4086-this",
							"7.6926-this"
						]
					},
					"position": {
						"0.8333": [
							0,
							0,
							0
						],
						"1.0": [
							-1,
							0,
							-2
						],
						"1.25": [
							0,
							0,
							0
						],
						"3.0": [
							0,
							0,
							0
						],
						"3.125": [
							-1,
							0,
							-1
						],
						"3.375": [
							-1,
							0,
							-1
						],
						"3.5": [
							-1,
							0,
							1
						],
						"3.625": [
							-1,
							0,
							-2
						],
						"3.75": [
							0,
							0,
							0
						]
					}
				}
			},
			"sound_effects": {
				"0.875": {
					"effect": "1by1"
				},
				"1.0": {
					"effect": "1by1"
				},
				"1.1667": {
					"effect": "1by1"
				},
				"3.0833": {
					"effect": "reload"
				},
				"3.5": {
					"effect": "reshot"
				}
			}
		},
		"animation.villagergun.hoildgun": {
			"loop": true,
			"bones": {
				"rightarm": {
					"rotation": [
						"-70.4759-this",
						"-59.9614-this",
						12.45231
					]
				},
				"leftarm": {
					"rotation": [
						"-44.769-this",
						"4.2936-this",
						6.15518
					]
				}
			}
		},
		"animation.villagergun.aim": {
			"loop": true,
			"bones": {
				"body": {
					"rotation": [
						0,
						0,
						0
					]
				},
				"rightarm": {
					"rotation": [
						"-90+query.target_x_rotation-query.is_sneaking*15-this",
						"-30+query.target_y_rotation",
						0
					]
				},
				"leftarm": {
					"rotation": [
						"-85+query.target_x_rotation-query.is_sneaking*15-this",
						"22.5+query.target_y_rotation",
						0
					]
				},
				"waist": {
					"rotation": [
						0,
						25,
						0
					]
				}
			}
		},
		"animation.villagergun.aimsmg": {
			"loop": true,
			"bones": {
				"body": {
					"rotation": [
						0,
						15,
						0
					]
				},
				"rightarm": {
					"rotation": [
						"-90+query.target_x_rotation-query.is_sneaking*15-this",
						"-15+query.target_y_rotation",
						0
					]
				},
				"leftarm": {
					"rotation": [
						"-85.5055+query.target_x_rotation-query.is_sneaking*15-this",
						"35.5393+query.target_y_rotation",
						-5.12401
					],
					"position": [
						-1,
						0,
						-2
					]
				}
			}
		}
	}
}