{
	"format_version": "1.8.0",
	"animations": {
		"animation.villager_hero.cape": {
			"loop": true,
			"bones": {
				"cape": {
					"rotation": [
						"4+(math.cos(query.life_time*100)*6)-6",
						0,
						0
					]
				}
			}
		},
		"animation.villager_hero.attack": {
			"loop": true,
			"animation_length": 0.5,
			"bones": {
				"body": {
					"rotation": {
						"0.0": [
							0,
							0,
							0
						],
						"0.2917": [
							-5,
							0,
							0
						],
						"0.3333": [
							7.5,
							0,
							0
						],
						"0.5": [
							0,
							0,
							0
						]
					}
				},
				"head": {
					"rotation": {
						"0.0": [
							0,
							0,
							0
						],
						"0.2917": [
							5,
							0,
							0
						],
						"0.3333": [
							0,
							0,
							0
						]
					}
				},
				"rightarm": {
					"rotation": {
						"0.0": [
							0,
							0,
							0
						],
						"0.2917": [
							-139.88445,
							0.30998,
							-22.89294
						],
						"0.3333": [
							-32.59733,
							-17.1294,
							-4.70856
						],
						"0.5": [
							0,
							0,
							0
						]
					}
				},
				"rightItem": {
					"rotation": {
						"0.0": [
							0,
							0,
							0
						],
						"0.2917": [
							-17.5,
							0,
							0
						],
						"0.3333": [
							45,
							0,
							0
						],
						"0.5": [
							0,
							0,
							0
						]
					}
				},
				"leftarm": {
					"rotation": {
						"0.0": [
							0,
							0,
							0
						],
						"0.2917": [
							-41.81615,
							-8.40819,
							-9.28293
						],
						"0.3333": [
							49.82628,
							11.02064,
							-9.70119
						],
						"0.5": [
							0,
							0,
							0
						]
					}
				}
			}
		},
		"animation.villager_hero.hit": {
			"loop": true,
			"animation_length": 1,
			"bones": {
				"body": {
					"rotation": {
						"0.0": [
							0,
							0,
							0
						],
						"0.375": [
							0,
							25,
							0
						],
						"0.5833": [
							0,
							-27.5,
							0
						],
						"1.0": [
							0,
							0,
							0
						]
					}
				},
				"rightarm": {
					"rotation": {
						"0.0": [
							0,
							0,
							0
						],
						"0.375": [
							"51.0434-this*0.5",
							"-24.1782-this*0.5",
							"40.8225-this*0.5"
						],
						"0.5": [
							"-83.3349-this*0.5",
							"-1.1026-this*0.5",
							"16.2402-this*0.5"
						],
						"0.5833": [
							"-62.7181-this*0.5",
							"-1.1026-this*0.5",
							"19.3114-this*0.5"
						],
						"1.0": [
							0,
							0,
							0
						]
					}
				},
				"rightItem": {
					"rotation": {
						"0.0": [
							0,
							0,
							0
						],
						"0.375": [
							-42.5,
							0,
							0
						],
						"0.5": [
							80,
							0,
							0
						],
						"0.5833": [
							70,
							0,
							0
						],
						"1.0": [
							0,
							0,
							0
						]
					}
				},
				"leftarm": {
					"rotation": {
						"0.0": [
							0,
							0,
							0
						],
						"0.375": [
							"-75-this*0.5",
							"0-this*0.5",
							"0-this*0.5"
						],
						"0.5833": [
							"51.1811-this*0.5",
							"13.8019-this*0.5",
							"-10.8653-this*0.5"
						],
						"1.0": [
							0,
							0,
							0
						]
					}
				}
			}
		},
		"animation.villager_hero.build": {
			"loop": true,
			"animation_length": 3,
			"bones": {
				"body": {
					"rotation": {
						"0.0": [
							0,
							0,
							0
						],
						"1.0": [
							0,
							0,
							0
						],
						"1.375": [
							0,
							0,
							-2.5
						],
						"1.5": [
							0,
							0,
							2.5
						],
						"1.875": [
							0,
							0,
							-2.5
						],
						"2.0": [
							0,
							0,
							2.5
						],
						"2.375": [
							0,
							0,
							-2.5
						],
						"2.5": [
							0,
							0,
							2.5
						],
						"3.0": [
							0,
							0,
							0
						]
					}
				},
				"rightarm": {
					"rotation": {
						"0.0": [
							0,
							0,
							0
						],
						"0.5": [
							"-114.6948-this",
							"27.7699-this",
							0.09497
						],
						"1.0": [
							"-166.9502-this",
							"20.7348-this",
							-34.8356
						],
						"1.375": [
							"-162.7558-this",
							"17.4542-this",
							-22.06626
						],
						"1.5": [
							"-177.8626-this",
							"-0.1265-this",
							-20.2427
						],
						"1.875": [
							"-177.8859-this",
							"0.339-this",
							-32.73408
						],
						"2.0": [
							"-177.917-this",
							"-0.4956-this",
							-10.24935
						],
						"2.375": [
							"-177.8592-this",
							"-0.0332-this",
							-22.74096
						],
						"2.5": [
							"-177.9406-this",
							"-0.586-this",
							-7.75087
						],
						"2.75": [
							"-114.6948-this",
							"27.7699-this",
							0.09497
						],
						"3.0": [
							"-this",
							"-this",
							0
						]
					},
					"position": {
						"0.0": [
							0,
							0,
							0
						],
						"0.25": [
							0,
							0,
							1
						],
						"0.375": [
							0,
							-1,
							1
						],
						"0.5": [
							1,
							0,
							2
						],
						"1.0": [
							1,
							3,
							0
						],
						"1.375": [
							1,
							1,
							0
						],
						"1.5": [
							0,
							3,
							0
						],
						"1.875": [
							1,
							1,
							0
						],
						"2.0": [
							0,
							3,
							0
						],
						"2.375": [
							1,
							1,
							0
						],
						"2.5": [
							0,
							3,
							0
						],
						"3.0": [
							0,
							0,
							0
						]
					}
				},
				"leftarm": {
					"rotation": {
						"0.0": [
							0,
							0,
							0
						],
						"1.0": [
							0,
							0,
							0
						],
						"1.375": [
							0,
							0,
							"-10-this"
						],
						"1.5": [
							0,
							0,
							"-2.5-this"
						],
						"1.875": [
							0,
							0,
							"-12.5-this"
						],
						"2.0": [
							0,
							0,
							0
						],
						"2.375": [
							0,
							0,
							"-15-this"
						],
						"2.5": [
							0,
							0,
							"-2.5-this"
						],
						"3.0": [
							0,
							0,
							"-this"
						]
					}
				}
			}
		}
	}
}