{
	"format_version": "1.8.0",
	"animations": {
		"animation.warcrossbow.look": {
			"loop": true,
			"bones": {
				"crossbow": {
					"rotation": [
						"query.target_x_rotation",
						0,
						0
					]
				}
			}
		},
		"animation.warcrossbow.load": {
			"loop": true,
			"bones": {
				"canxoay": {
					"scale": [
						1,
						1,
						0.2
					]
				},
				"bone5": {
					"rotation": [
						-140,
						0,
						0
					]
				},
				"bone3": {
					"rotation": [
						0,
						22.5,
						0
					]
				},
				"bone4": {
					"rotation": [
						0,
						-60,
						0
					]
				},
				"bone2": {
					"rotation": [
						0,
						-22.5,
						0
					]
				},
				"bone": {
					"rotation": [
						0,
						60,
						0
					]
				},
				"muiten": {
					"position": [
						0,
						0,
						11
					]
				}
			}
		},
		"animation.warcrossbow.move": {
			"loop": true,
			"bones": {
				"banh": {
					"rotation": [
						"(query.modified_distance_moved*38.17)*query.modified_move_speed",
						0,
						0
					]
				},
				"banh2": {
					"rotation": [
						"(query.modified_distance_moved*38.17)*query.modified_move_speed",
						0,
						0
					]
				},
				"banh3": {
					"rotation": [
						"(query.modified_distance_moved*38.17)*query.modified_move_speed",
						0,
						0
					]
				},
				"banh4": {
					"rotation": [
						"(query.modified_distance_moved*38.17)*query.modified_move_speed",
						0,
						0
					]
				}
			}
		},
		"animation.warcrossbow.death": {
			"loop": "hold_on_last_frame",
			"animation_length": 0.5,
			"bones": {
				"heavy": {
					"rotation": {
						"0.0": [
							0,
							0,
							0
						],
						"0.5": [
							0,
							0,
							-90
						]
					}
				},
				"crossbow": {
					"rotation": {
						"0.0": [
							0,
							0,
							0
						],
						"0.2083": [
							25,
							0,
							0
						],
						"0.375": [
							-46.11,
							0,
							0
						],
						"0.5": [
							-25,
							0,
							0
						]
					},
					"position": {
						"0.0": [
							0,
							0,
							0
						],
						"0.2083": [
							0,
							4.5,
							5
						],
						"0.375": [
							0,
							2.83,
							2.78
						],
						"0.5": [
							0,
							-3,
							4
						]
					}
				}
			}
		}
	}
}