{
  "format_version": "1.8.0",
  "minecraft:client_entity": {
    "description": {
      "identifier": "alien_being:evocation_villager",
      "materials": {
        "default": "villager_v2"
      },
      "textures": {
        "default": "textures/entity/pamobile/evocation_villager"
      },
      "geometry": {
        "default": "geometry.villager_evocation_illager"
      },
      "animations": {
        "general": "animation.evoker.general",
        "casting": "animation.evoker.casting",
        "look_at_target": "animation.common.look_at_target",
        "move": "animation.villager.move",
        "celebrating": "animation.evoker.casting", //animation.humanoid.celebrating
        "baby_transform": "animation.villager.baby_transform",
        "raise_arms": "animation.villager.raise_arms",
        "get_in_bed": "animation.villager.get_in_bed",
        "controller_general": "controller.animation.evoker.general",
        "controller_move": "controller.animation.villager.move"
      },
      "animation_controllers": [
        { "general": "controller.animation.evoker.general.v1.0" },
        { "get_in_bed": "controller.animation.villager_v2.move" },
        { "move": "controller.animation.villager_v2.move" },
        { "raise_arms": "controller.animation.villager_v2.raise_arms" },
        { "baby": "controller.animation.villager_v2.baby" }
      ],
      "particle_effects": {
        "spell": "minecraft:evoker_spell"
      },
      "render_controllers": [
        "controller.render.evocation_villager"
      ],
      "enable_attachables": true, 
      "spawn_egg": {
        "texture": "alien_being:evocation_villager",
        "texture_index": 0
      }
    }
  }
}
