{
  "format_version": "1.10.0",
  "minecraft:client_entity": {
    "description": {
      "identifier": "villoker:serious_form",
      "materials": {
        "default": "villager_v2"
      },
      "textures": {
        "default": "textures/entity/pamobile/villager_evocation_illager"
      },
      "geometry": {
        "default": "geometry.villager_evocation_illager"
      },
      "scripts": {
        "scale": "0.9375",
        "animate": [
          "controller_general",
          "controller_move",
		  { "baby_transform": "query.is_baby" }
        ]
      },
      "animations": {
        "general": "animation.evoker.general",
        "casting": "animation.evoker.casting",
        "look_at_target": "animation.common.look_at_target",
        "move": "animation.villager.move",
        "celebrating": "animation.humanoid.celebrating",
        "baby_transform": "animation.villager.baby_transform",
        "controller_general": "controller.animation.evoker.general",
        "controller_move": "controller.animation.villager.move"
      },
      "particle_effects": {
        "spell": "minecraft:evoker_spell"
      },
      "render_controllers": [
        "controller.render.evoker"
      ],
      "spawn_egg": {
        "texture": "villager:evocation_illager",
        "texture_index": 0
      }
    }
  }
}
