{
	"format_version": "1.8.0",
	"animations": {
		"animation.chgun.holdfp": {
			"loop": true,
			"animation_length": 0.04167,
			"override_previous_animation": true,
			"bones": {
				"RightArm": {
					"rotation": [87.53793, -0.43399, 170.00933],
					"position": [9, 0, 3]
				}
			}
		},
		"animation.chgun.shoot": {
			"loop": true,
			"animation_length": 1.79167,
			"override_previous_animation": true,
			"bones": {
				"aurigun2": {
					"rotation": {
						"0.0": [0, 2.5, 0],
						"0.25": [0, -10, 0],
						"0.4583": [0, -75, 0],
						"0.7083": [0, -132.5, 0],
						"0.9583": [0, -182.5, 0],
						"1.375": [0, -262.5, 0],
						"1.7917": [0, -350, 0]
					},
					"position": [0, -9, 0],
					"scale": [1, 290.1, 1]
				}
			}
		}
	}
}