{
	"format_version": "1.8.0",
	"animations": {
		"animation.tentalk.stand": {
			"loop": true,
			"animation_length": 1.95833,
			"bones": {
				"r1": {
					"rotation": [0, -57.5, 0]
				},
				"r2": {
					"rotation": [27.9952, -55.37259, -15.3429],
					"scale": [1, 1, 0.7]
				},
				"r3": {
					"rotation": [0, -27.5, 0]
				},
				"Uch": {
					"rotation": {
						"0.0": [-27.5, 0, 0],
						"0.3333": [-77.5, 0, 0],
						"0.6667": [-22.5, 0, 0]
					}
				},
				"Uch2": {
					"rotation": {
						"0.0": [-45, 0, 0],
						"0.3333": [-87.5, 0, 0],
						"0.6667": [-27.5, 0, 0]
					}
				},
				"Uch3": {
					"rotation": {
						"0.0": [-17.5, 0, 0],
						"0.3333": [-87.5, 0, 0],
						"0.6667": [-15, 0, 0]
					}
				},
				"r4": {
					"rotation": {
						"0.0": [63.61685, 37.15536, 41.80011],
						"0.4167": [51.97459, 24.99065, 19.57567],
						"0.625": [63.61685, 37.15536, 41.80011]
					}
				},
				"r5": {
					"rotation": {
						"0.0": [51.57811, 24.18293, 63.58133],
						"0.4167": [39.07811, 24.18293, 63.58133],
						"0.625": [49.07811, 24.18293, 63.58133]
					},
					"scale": [1, 1, 0.9]
				},
				"r6": {
					"rotation": {
						"0.0": [58.06693, 13.90683, 13.88641],
						"0.4167": [40.90917, 11.24639, 15.56152],
						"0.625": [65.66362, 9.91616, 16.39907],
						"0.6667": [58.61451, 9.65012, 16.56658],
						"0.75": [24.52669, -31.0444, 63.71068],
						"0.875": [-29.45743, -45.38272, 147.02855],
						"1.0833": [-42.89013, 45.51141, 239.92857],
						"1.125": [-20.39013, 45.51141, 239.92857],
						"1.3333": [-40.27665, 48.5118, 220.48404],
						"1.625": [-21.33439, 47.84763, 238.63097],
						"1.9167": [-67.5211, 37.21005, 211.37773],
						"1.9583": [60.60116, 13.64079, 14.05392]
					}
				},
				"r7": {
					"rotation": [-15.92652, -50.41525, 23.57813]
				},
				"r8": {
					"rotation": [-7.02869, -57.86721, -11.14921]
				},
				"r9": {
					"rotation": [-82.5, 0, 0]
				},
				"r10": {
					"rotation": [0, 60, 0]
				},
				"r11": {
					"rotation": [-9.50335, 72.37537, -4.96567]
				},
				"r12": {
					"rotation": [-72.5, 0, 0],
					"position": [0, 1, 0]
				},
				"Uch10": {
					"rotation": [-7.5, 0, 0]
				},
				"Uch11": {
					"rotation": [0, 12.5, 0]
				},
				"Uch4": {
					"rotation": {
						"1.1667": [-2.5, 0, 0],
						"1.4167": [-75, 0, 0],
						"1.5833": [-2.5, 0, 0]
					}
				},
				"Uch5": {
					"rotation": {
						"1.1667": [0, 0, 0],
						"1.375": [-92.5, 0, 0],
						"1.5833": [-2.5, 0, 0]
					}
				},
				"Uch6": {
					"rotation": {
						"1.125": [0, 0, 0],
						"1.375": [-87.5, 0, 0],
						"1.5833": [-7.5, 0, 0]
					}
				}
			}
		},
		"animation.tentalk.kinesis": {
			"loop": true,
			"animation_length": 0.08333,
			"bones": {
				"r1": {
					"rotation": [-171.74697, -36.0513, -170.68346],
					"position": [-2, 0, 2],
					"scale": [1.6, 1.3, 1.7]
				},
				"r2": {
					"rotation": [12.90203, -49.97465, -3.76521],
					"scale": [1, 1, 0.7]
				},
				"r3": {
					"rotation": [-15, -17.5, 0]
				},
				"Uch": {
					"rotation": [-30, 0, 0]
				},
				"Uch2": {
					"rotation": [-45, 0, 0]
				},
				"Uch3": {
					"rotation": [-57.5, 0, 0]
				},
				"r4": {
					"rotation": [45.48411, 74.2719, 30.81223]
				},
				"r5": {
					"rotation": [10.98914, 54.72512, 4.96194],
					"scale": [1, 1, 0.9]
				},
				"r6": {
					"rotation": [0, 27.5, 0]
				},
				"r7": {
					"rotation": [0, -42.5, 0]
				},
				"r8": {
					"rotation": [-17.5, -77.5, 0]
				},
				"r9": {
					"rotation": [-55, 0, 0]
				},
				"r10": {
					"rotation": [0, 60, 0]
				},
				"r11": {
					"rotation": [-9.50335, 72.37537, -4.96567]
				},
				"r12": {
					"rotation": [-72.5, 0, 0],
					"position": [0, 1, 0]
				},
				"Uch10": {
					"rotation": [-7.5, 0, 0]
				},
				"Uch11": {
					"rotation": [0, 12.5, 0]
				}
			}
		},
		"animation.tentalk.levitat": {
			"loop": true,
			"animation_length": 0.95833,
			"override_previous_animation": true,
			"bones": {
				"r1": {
					"rotation": {
						"0.0": [37.62964, -55.55152, 2.84111],
						"0.2083": [40.46483, -47.29793, 18.21698],
						"0.375": [46.63987, -52.7451, 10.17311],
						"0.5417": [13.79386, -45.37214, 20.52642],
						"0.7083": [1.29386, -45.37214, 20.52642],
						"0.8333": [2.1808, -65.36371, 19.46486],
						"0.9583": [14.6808, -65.36371, 19.46486]
					},
					"scale": {
						"0.0": [1, 1.4, 1],
						"0.375": [1, 1.7, 1.2],
						"0.5417": [1, 1.3, 1],
						"0.8333": [1, 1, 1]
					}
				},
				"r2": {
					"rotation": {
						"0.0": [17.13207, -25.11326, 0.83001],
						"0.2083": [15.89547, -13.12434, 4.58373],
						"0.375": [16.8084, -22.72208, 1.62819],
						"0.7083": [23.55218, -18.1513, 3.79198],
						"0.8333": [23.90445, -20.44003, 2.72618]
					},
					"scale": [1, 1, 0.7]
				},
				"r3": {
					"rotation": {
						"0.0": [0, -27.5, 0],
						"0.2083": [0, -7.5, 0],
						"0.375": [0, -32.5, 0],
						"0.7083": [0, -47.5, 0],
						"0.8333": [0, -57.5, 0],
						"0.9583": [0, -22.5, 0]
					}
				},
				"Uch": {
					"rotation": [-30, 0, 0]
				},
				"Uch2": {
					"rotation": [-45, 0, 0]
				},
				"Uch3": {
					"rotation": [-57.5, 0, 0]
				},
				"r4": {
					"rotation": {
						"0.0": [53.61418, 66.19628, 12.94649],
						"0.3333": [49.33717, 64.63793, 8.24406],
						"0.5417": [3.49718, 66.20209, -27.59979],
						"0.9583": [13.47889, 70.95699, -22.0759]
					}
				},
				"r5": {
					"rotation": {
						"0.0": [7.13186, 27.54063, -0.73512],
						"0.5417": [8.57365, 42.40271, 1.75895],
						"0.7917": [7.72118, 34.97799, 0.39813]
					},
					"scale": [1, 1, 0.9]
				},
				"r6": {
					"rotation": {
						"0.0": [0, 27.5, 0],
						"0.25": [0, 0, 0],
						"0.5833": [0, 45, 0],
						"0.7917": [0, 30, 0]
					}
				},
				"r7": {
					"rotation": {
						"0.0": [-5.10567, -47.52028, -46.6771],
						"0.3333": [-8.14833, -64.91118, -43.05868],
						"0.5833": [10.12181, -45.02975, -46.9918],
						"0.8333": [9.0296, -73.85486, -65.41303],
						"0.9167": [1.5296, -73.85486, -65.41303]
					}
				},
				"r8": {
					"rotation": [-4.58397, -35.47475, -14.44562],
					"scale": [1, 1, 0.9]
				},
				"r9": {
					"rotation": [-46.60518, -27.79687, 26.25382]
				},
				"r10": {
					"rotation": {
						"0.0": [-50, 60, 0],
						"0.25": [-72.5, 60, 0],
						"0.5417": [-5.29512, 28.309, 53.00356],
						"0.9583": [31.55721, 67.00012, 61.03827]
					}
				},
				"r11": {
					"rotation": [-4.46205, 50.01696, 0.67735]
				},
				"r12": {
					"rotation": {
						"0.0": [-72.5, 0, 0],
						"0.25": [-73.06161, 4.46375, -14.33501]
					},
					"position": [0, 1, 0]
				},
				"Uch10": {
					"rotation": [-7.5, 0, 0]
				},
				"Uch11": {
					"rotation": [0, 12.5, 0]
				},
				"root": {
					"position": [0, 7, 0]
				}
			}
		},
		"animation.tentalk.attack": {
			"loop": true,
			"animation_length": 1.08333,
			"bones": {
				"r1": {
					"rotation": {
						"0.0": [0, -60, 0],
						"0.25": [0, -147.5, 0],
						"0.375": [0, -160, 0],
						"0.875": [0, -90, 30.44808],
						"1.0833": [-12.96461, -73.08818, 13.0825]
					},
					"scale": {
						"0.3333": [1, 1, 1.2],
						"0.5833": [1, 1, 1.8],
						"0.875": [1, 1, 1.2],
						"1.0833": [1, 1, 1]
					}
				},
				"r2": {
					"rotation": {
						"0.0": [44.47354, -67.62131, -33.95128],
						"0.25": [17.13207, -25.11326, 0.83001],
						"0.375": [16.28066, -17.92879, 3.14609],
						"1.0833": [25.01722, -50.89609, -11.62394]
					},
					"scale": [1, 1, 0.7]
				},
				"r3": {
					"rotation": {
						"0.0": [0, -27.5, 0],
						"0.25": [0, -15, 0],
						"0.5833": [-17.5, -15, 0],
						"1.0833": [6.54279, -42.36824, -3.12245]
					}
				},
				"Uch": {
					"rotation": {
						"0.0": [-30, 0, 0],
						"0.25": [-32.5, 0, 0],
						"0.4583": [-77.08, 0, 0],
						"0.5": [-35, 0, 0],
						"0.625": [-5, 0, 0],
						"0.6667": [-55, 0, 0],
						"0.75": [-27.5, 0, 0]
					}
				},
				"Uch2": {
					"rotation": {
						"0.0": [-45, 0, 0],
						"0.5": [-45, 0, 0],
						"0.6667": [-70, 0, 0],
						"0.75": [-40, 0, 0]
					}
				},
				"Uch3": {
					"rotation": {
						"0.0": [-57.5, 0, 0],
						"0.5": [-60, 0, 0],
						"0.6667": [-85, 0, 0],
						"0.75": [-47.5, 0, 0]
					}
				},
				"r4": {
					"rotation": [45.48411, 74.2719, 30.81223]
				},
				"r5": {
					"rotation": [10.98914, 54.72512, 4.96194],
					"scale": [1, 1, 0.9]
				},
				"r6": {
					"rotation": [0, 27.5, 0]
				},
				"r7": {
					"rotation": [0, -42.5, 0]
				},
				"r8": {
					"rotation": [-17.5, -77.5, 0]
				},
				"r9": {
					"rotation": [-55, 0, 0]
				},
				"r10": {
					"rotation": [0, 60, 0]
				},
				"r11": {
					"rotation": [-9.50335, 72.37537, -4.96567]
				},
				"r12": {
					"rotation": [-72.5, 0, 0],
					"position": [0, 1, 0]
				},
				"Uch10": {
					"rotation": [-7.5, 0, 0]
				},
				"Uch11": {
					"rotation": [0, 12.5, 0]
				}
			}
		},
		"animation.tentalk.move": {
			"loop": true,
			"animation_length": 1.1667,
			"override_previous_animation": true,
			"bones": {
				"r1": {
					"rotation": {
						"0.0": [0, -57.5, 0],
						"0.9167": [0, -80, 0],
						"1.1667": [0, -62.5, 0]
					},
					"scale": [1.3, 1, 1.5]
				},
				"r2": {
					"rotation": {
						"0.0": [27.9952, -55.37259, -15.3429],
						"0.6667": [31.92395, -59.70771, -19.99503],
						"0.9167": [54.52924, -70.88219, -44.69608],
						"1.1667": [23.79641, -48.61931, -10.02495]
					},
					"scale": [1, 1, 0.7]
				},
				"r3": {
					"rotation": [0, -27.5, 0]
				},
				"Uch": {
					"rotation": {
						"0.0": [-30, 0, 0],
						"0.6667": [-30, 0, 0],
						"0.8333": [-62.5, 0, 0],
						"1.0417": [-45, 0, 0]
					}
				},
				"Uch2": {
					"rotation": [-45, 0, 0]
				},
				"Uch3": {
					"rotation": {
						"0.0": [-57.5, 0, 0],
						"0.3333": [-90, 0, 0],
						"0.6667": [-55, 0, 0]
					}
				},
				"r4": {
					"rotation": {
						"0.0": [45.48411, 74.2719, 30.81223],
						"0.2917": [19.56277, 54.74182, 2.60218],
						"0.5": [14.19226, 37.96649, -4.73549],
						"0.7917": [24.07045, 61.71141, 7.89364],
						"1.0": [35.27754, 70.44696, 20.11081],
						"1.1667": [35.27754, 70.44696, 20.11081]
					},
					"scale": [1.2, 1, 1.6]
				},
				"r5": {
					"rotation": {
						"0.0": [10.98914, 54.72512, 4.96194],
						"0.2917": [7.97115, 37.4546, 0.82111],
						"0.7917": [10.98914, 54.72512, 4.96194]
					},
					"scale": [1, 1, 0.9]
				},
				"r6": {
					"rotation": {
						"0.0": [0, 27.5, 0],
						"0.2917": [17.5, 27.5, 0],
						"0.7917": [2.5, 27.5, 0]
					}
				},
				"r7": {
					"rotation": {
						"0.0": [112.22942, -68.59752, -136.75753],
						"0.2917": [229.18774, -52.74013, -252.71154],
						"0.5": [138.30613, -57.99968, -150.80446],
						"0.6667": [96.64208, -69.21507, -104.97239],
						"0.75": [65.27873, -67.16727, -71.32848],
						"1.125": [128.62396, -63.18136, -139.70966]
					}
				},
				"r8": {
					"rotation": {
						"0.0": [-5.10131, -42.94813, -13.62904],
						"0.5": [-40.10131, -42.94813, -13.62904]
					}
				},
				"r9": {
					"rotation": {
						"0.0": [-45.24614, 5.29571, -5.31847],
						"0.5": [-5.34333, -12.13078, -3.70694],
						"1.125": [-15.34333, -12.13078, -3.70694]
					}
				},
				"r10": {
					"rotation": {
						"0.0": [27.5122, 55.68422, 32.23543],
						"0.5833": [29.32974, 57.88327, 34.40747],
						"0.8333": [220.45637, 78.61684, 230.32364],
						"0.875": [187.49462, 69.55559, 197.04026],
						"1.0": [97.89427, 62.14842, 106.94206],
						"1.1667": [20.07521, 44.04485, 38.35326]
					},
					"scale": {
						"0.0": [1.5, 1.3, 1],
						"0.8333": [1.3, 1, 1.2]
					}
				},
				"r11": {
					"rotation": [-4.7113, 52.50896, 0.35788],
					"scale": [1, 1, 1.1]
				},
				"r12": {
					"rotation": {
						"0.0": [-54.31081, -26.06465, -24.23178],
						"0.8333": [-64.22755, -17.80338, -37.75066],
						"1.0": [-50.57641, -21.02528, -33.6958]
					},
					"position": {
						"0.0": [0, 0, 0],
						"1.0": [0, 2, 0]
					},
					"scale": [1, 1, 1.2]
				},
				"Uch10": {
					"rotation": [-7.5, 0, 0]
				},
				"Uch11": {
					"rotation": {
						"0.0": [0, 12.5, 0],
						"0.75": [-2.5, 12.5, 0],
						"0.875": [-37.5, 12.5, 0],
						"1.0417": [-2.5, 12.5, 0]
					}
				},
				"root": {
					"position": [0, 14, 0]
				},
				"RightLeg": {
					"rotation": [2.5, 0, 0]
				},
				"LeftLeg": {
					"rotation": [-2.5, 0, 0]
				},
				"RightArm": {
					"rotation": [-5, 0, 0]
				},
				"LeftArm": {
					"rotation": [-2.5, 0, 0]
				},
				"Uch7": {
					"rotation": {
						"0.25": [-2.5, 0, 0],
						"0.4167": [-27.5, 0, 0],
						"0.625": [-7.98564, -10.30865, 3.08187]
					}
				},
				"Uch4": {
					"rotation": {
						"0.2917": [0, 0, 0],
						"0.4167": [-75, 0, 0],
						"0.5417": [10, 0, 0]
					}
				},
				"Uch5": {
					"rotation": {
						"0.25": [0, 0, 0],
						"0.375": [-85, 0, 0],
						"0.5417": [-10, 0, 0]
					}
				}
			}
		}
	}
}