{
	"format_version": "1.8.0",
	"animations": {
		"animation.spidermen.swing": {
			"loop": true,
			"animation_length": 1.70833,
			"override_previous_animation": true,
			"bones": {
				"root": {
					"rotation": {
						"0.0": [9.91615, 1.29876, -7.38733],
						"0.375": [22.41615, 1.29876, -7.38733],
						"0.5417": [27.41615, 1.29876, -7.38733],
						"0.9167": [7.41615, 1.29876, -7.38733],
						"1.1667": [-5.08385, 1.29876, -7.38733],
						"1.5833": [7.41615, 1.29876, -7.38733]
					}
				},
				"RightLeg": {
					"rotation": {
						"0.0": [12.5, 0, 0],
						"0.375": [37.5, 0, 0],
						"0.9167": [-22.5, 0, 0],
						"1.1667": [-61.67841, 13.27207, 7.05309],
						"1.375": [-84.17841, 13.27207, 7.05309],
						"1.5833": [-26.67841, 13.27207, 7.05309],
						"1.6667": [13.32159, 13.27207, 7.05309]
					}
				},
				"LeftLeg": {
					"rotation": {
						"0.0": [-17.5, 0, 0],
						"0.375": [2.5, 0, 0],
						"0.5417": [25, 0, 0],
						"0.9167": [-10, 0, 0],
						"1.1667": [-42.5, 0, 0],
						"1.5833": [-5, 0, 0],
						"1.7083": [-15, 0, 0]
					}
				},
				"Head": {
					"rotation": {
						"0.375": [-15, 0, 0],
						"0.9167": [-2.44548, 1.29256, 4.83045],
						"1.1667": [-12.44548, 1.29256, 4.83045],
						"1.6667": [-7.44548, 1.29256, 4.83045]
					}
				},
				"RightArm": {
					"rotation": {
						"0.0": [-35, 0, 165],
						"0.375": [-15, 0, 165],
						"1.1667": [-14.87739, -1.93597, 157.75279],
						"1.375": [-12.37739, -1.93597, 157.75279],
						"1.6667": [-17.37739, -1.93597, 157.75279],
						"1.7083": [-41.84474, 3.71426, 155.99314]
					}
				},
				"LeftArm": {
					"rotation": {
						"0.0": [22.01816, 4.75113, -11.57518],
						"0.375": [37.01816, 4.75113, -11.57518],
						"0.5417": [47.01816, 4.75113, -11.57518],
						"0.9167": [-22.98184, 4.75113, -11.57518],
						"1.1667": [-50.50629, -4.51542, -23.38348],
						"1.375": [-60.50629, -4.51542, -23.38348],
						"1.6667": [31.99371, -4.51542, -23.38348]
					}
				}
			}
		},
		"animation.spidermen.swingup": {
			"loop": true,
			"animation_length": 1.66667,
			"override_previous_animation": true,
			"bones": {
				"root": {
					"rotation": {
						"0.0": [-5.08385, 1.29876, -7.38733],
						"0.375": [-7.58385, 1.29876, -7.38733],
						"0.5417": [2.41615, 1.29876, -7.38733],
						"0.9167": [-5.08385, 1.29876, -7.38733],
						"1.1667": [2.41615, 1.29876, -7.38733],
						"1.5833": [-0.08385, 1.29876, -7.38733]
					}
				},
				"RightLeg": {
					"rotation": {
						"0.0": [12.5, 0, 0],
						"0.375": [37.5, 0, 0],
						"0.9167": [-22.5, 0, 0],
						"1.1667": [-61.67841, 13.27207, 7.05309],
						"1.375": [-84.17841, 13.27207, 7.05309],
						"1.5833": [-26.67841, 13.27207, 7.05309],
						"1.6667": [13.32159, 13.27207, 7.05309]
					}
				},
				"LeftLeg": {
					"rotation": {
						"0.0": [-17.5, 0, 0],
						"0.375": [2.5, 0, 0],
						"0.5417": [25, 0, 0],
						"0.9167": [-10, 0, 0],
						"1.1667": [-42.5, 0, 0],
						"1.5833": [-5, 0, 0]
					}
				},
				"Head": {
					"rotation": {
						"0.375": [-15, 0, 0],
						"0.9167": [-2.44548, 1.29256, 4.83045],
						"1.1667": [-12.44548, 1.29256, 4.83045],
						"1.6667": [-7.44548, 1.29256, 4.83045]
					}
				},
				"RightArm": {
					"rotation": {
						"0.0": [-35, 0, 165],
						"0.375": [-15, 0, 165],
						"1.1667": [-14.87739, -1.93597, 157.75279],
						"1.375": [-12.37739, -1.93597, 157.75279],
						"1.6667": [-17.37739, -1.93597, 157.75279]
					}
				},
				"LeftArm": {
					"rotation": {
						"0.0": [22.01816, 4.75113, -11.57518],
						"0.375": [37.01816, 4.75113, -11.57518],
						"0.5417": [47.01816, 4.75113, -11.57518],
						"0.9167": [-22.98184, 4.75113, -11.57518],
						"1.1667": [-50.50629, -4.51542, -23.38348],
						"1.375": [-60.50629, -4.51542, -23.38348],
						"1.6667": [31.99371, -4.51542, -23.38348]
					}
				}
			}
		},
		"animation.spidermen.swingdown": {
			"loop": true,
			"animation_length": 1.66667,
			"override_previous_animation": true,
			"bones": {
				"root": {
					"rotation": {
						"0.0": [19.91615, 1.29876, -7.38733],
						"0.375": [29.91615, 1.29876, -7.38733],
						"0.5417": [17.41615, 1.29876, -7.38733],
						"0.9167": [34.91615, 1.29876, -7.38733],
						"1.1667": [34.91615, 1.29876, -7.38733],
						"1.5833": [24.91615, 1.29876, -7.38733]
					}
				},
				"RightLeg": {
					"rotation": {
						"0.0": [12.5, 0, 0],
						"0.375": [37.5, 0, 0],
						"0.9167": [-22.5, 0, 0],
						"1.1667": [-61.67841, 13.27207, 7.05309],
						"1.375": [-84.17841, 13.27207, 7.05309],
						"1.5833": [-26.67841, 13.27207, 7.05309],
						"1.625": [15.82, 13.27, 7.05],
						"1.6667": [13.32159, 13.27207, 7.05309]
					}
				},
				"LeftLeg": {
					"rotation": {
						"0.0": [-17.5, 0, 0],
						"0.375": [2.5, 0, 0],
						"0.5417": [25, 0, 0],
						"0.9167": [-10, 0, 0],
						"1.1667": [-42.5, 0, 0],
						"1.5833": [-5, 0, 0]
					}
				},
				"Head": {
					"rotation": {
						"0.375": [-15, 0, 0],
						"0.9167": [-2.44548, 1.29256, 4.83045],
						"1.1667": [-12.44548, 1.29256, 4.83045],
						"1.6667": [-19.94548, 1.29256, 4.83045]
					}
				},
				"RightArm": {
					"rotation": {
						"0.0": [-35, 0, 165],
						"0.375": [-15, 0, 165],
						"1.1667": [-14.87739, -1.93597, 157.75279],
						"1.375": [-12.37739, -1.93597, 157.75279],
						"1.6667": [-17.37739, -1.93597, 157.75279]
					}
				},
				"LeftArm": {
					"rotation": {
						"0.0": [22.01816, 4.75113, -11.57518],
						"0.375": [37.01816, 4.75113, -11.57518],
						"0.5417": [47.01816, 4.75113, -11.57518],
						"0.9167": [-22.98184, 4.75113, -11.57518],
						"1.1667": [-50.50629, -4.51542, -23.38348],
						"1.375": [-60.50629, -4.51542, -23.38348],
						"1.6667": [31.99371, -4.51542, -23.38348]
					}
				}
			}
		},
		"animation.spidermen.webzip": {
			"loop": true,
			"animation_length": 1.25,
			"override_previous_animation": true,
			"bones": {
				"root": {
					"rotation": {
						"0.0": [10, 0, 0],
						"0.2917": [97.5, 0, 0],
						"0.5417": [165, 0, 0],
						"0.7917": [260, 0, 0],
						"1.0": [347.5, 0, 0],
						"1.125": [380, 0, 0],
						"1.25": [375, 0, 0]
					},
					"position": {
						"0.0": [0, 1, 0],
						"0.2917": [0, 17, 12],
						"0.5417": [0, 36, 8],
						"0.7917": [0, 27, 2],
						"1.0": [0, 7, 2],
						"1.25": [0, 1, -1]
					}
				},
				"RightLeg": {
					"rotation": {
						"0.0": [0, 0, 2.5],
						"0.2917": [17.5, 0, 22.5],
						"0.5417": [37.5, 0, 22.5],
						"1.0": [12.5, 0, 22.5],
						"1.25": [12.08681, 3.21132, 7.84007]
					}
				},
				"LeftLeg": {
					"rotation": {
						"0.0": [0, 0, -2.5],
						"0.2917": [-17.5, 0, -2.5],
						"0.5417": [-25, 0, -2.5],
						"0.7917": [-5, 0, -2.5],
						"1.0": [0, 0, -2.5],
						"1.125": [22.42287, 1.91134, -7.12111],
						"1.25": [10.08543, 0.60664, 0.26648]
					}
				},
				"Head": {
					"rotation": {
						"0.0": [-2.5, 0, 0],
						"0.2917": [52.5, 0, 0],
						"1.0": [22.5, 0, 0],
						"1.125": [-12.5, 0, 0]
					}
				},
				"RightArm": {
					"rotation": {
						"0.0": [0, 0, 5],
						"0.2917": [0, 0, 95],
						"0.5417": [0, 0, 147.5],
						"0.7917": [0, 0, 115],
						"1.0": [0, 0, 105],
						"1.125": [0, 0, 92.5],
						"1.25": [0, 0, 5]
					}
				},
				"LeftArm": {
					"rotation": {
						"0.0": [0, 0, -5],
						"0.2917": [0, 0, -127.5],
						"0.5417": [-22.5, 0, -155],
						"0.7917": [-15.63367, 16.3882, -109.76498],
						"1.0": [-16.98216, 14.98328, -114.74943],
						"1.125": [-17.65886, 1.6356, -81.99921],
						"1.25": [-2.27044, 17.59072, -4.59647]
					}
				}
			}
		},
		"animation.spidermen.jamping": {
			"loop": true,
			"animation_length": 0.75,
			"override_previous_animation": true,
			"bones": {
				"root": {
					"rotation": {
						"0.0": [7.5, 0, 0],
						"0.3333": [185, 0, 0],
						"0.5417": [272.5, 0, 0],
						"0.75": [367.5, 0, 0]
					},
					"position": {
						"0.0": [0, 0, 0],
						"0.3333": [0, 22, -2],
						"0.5417": [0, 11, -11],
						"0.75": [-1, 0, -1]
					}
				},
				"RightLeg": {
					"rotation": {
						"0.0": [0, 0, 2.5],
						"0.2083": [52.5, 0, 2.5],
						"0.375": [77.5, 0, 2.5],
						"0.5417": [25, 0, 2.5],
						"0.7083": [10, 0, 2.5]
					}
				},
				"LeftLeg": {
					"rotation": {
						"0.0": [0, 0, -2.5],
						"0.2083": [-77.5, 0, -2.5],
						"0.375": [-37.5, 0, -2.5],
						"0.5417": [-12.5, 0, -2.5],
						"0.7083": [5, 0, -2.5],
						"0.75": [9.02961, 2.7774, -1.3719]
					}
				},
				"Head": {
					"rotation": [25, 0, 0]
				},
				"RightArm": {
					"rotation": {
						"0.0": [0, 0, 2.5],
						"0.1667": [0, 0, 67.5],
						"0.3333": [0, 0, 137.5],
						"0.5417": [27.14233, 4.59902, 128.61073],
						"0.6667": [5.8033, 21.50905, 8.67784],
						"0.75": [5.3253, 1.83621, 4.20504]
					}
				},
				"LeftArm": {
					"rotation": {
						"0.0": [0, 0, -5],
						"0.1667": [0, 0, -77.5],
						"0.3333": [0, 0, -140],
						"0.5417": [16.93839, -4.46375, -125.66499],
						"0.6667": [1.8612, 1.67155, -4.47298]
					}
				}
			}
		},
		"animation.spidermen.jumpwhenswing": {
			"loop": true,
			"animation_length": 0.58333,
			"bones": {
				"root": {
					"rotation": {
						"0.0": [15, -2.5, 0],
						"0.25": [0, -92.5, 0],
						"0.4167": [0, -202.5, 0],
						"0.5833": [15, -362.5, 0]
					}
				},
				"RightLeg": {
					"rotation": {
						"0.0": [5, 0, 0],
						"0.25": [35, 0, 0],
						"0.375": [35, 0, 15],
						"0.5833": [0, 0, 2.5]
					}
				},
				"LeftLeg": {
					"rotation": {
						"0.0": [7.5, 0, 0],
						"0.25": [27.5, 0, 0]
					}
				},
				"Head": {
					"rotation": [-2.5, 0, 0]
				},
				"RightArm": {
					"rotation": {
						"0.0": [0, 0, 5],
						"0.1667": [-132.5, 37.5, -37.5],
						"0.375": [-172.5, 20, -55],
						"0.5833": [-172.5, -175, -172.5]
					}
				},
				"LeftArm": {
					"rotation": {
						"0.0": [0, 0, -5],
						"0.1667": [30, 0, -75],
						"0.375": [30, 0, -52.5],
						"0.5833": [8.21168, -6.12615, -9.16012]
					}
				}
			}
		},
		"animation.spidermen.undercl": {
			"loop": true,
			"animation_length": 0.16667,
			"override_previous_animation": true,
			"bones": {
				"root": {
					"rotation": [87.5, 0, 0],
					"position": [0, 25, 13]
				},
				"RightLeg": {
					"rotation": [7.5, 0, 10]
				},
				"LeftLeg": {
					"rotation": [10, 0, -12.5]
				},
				"Head": {
					"rotation": [-7.5, 0, 0]
				},
				"RightArm": {
					"rotation": [15, 0, 152.5]
				},
				"LeftArm": {
					"rotation": [150, 0, 15]
				}
			}
		},
		"animation.mc.blank": {
			"loop": true,
			"animation_length": 0.20833,
			"bones": {
				"LeftArm": {
					"rotation": [-1.53241, -1.41321, 1.39921]
				}
			}
		},
		"animation.spidermen.down": {
			"loop": true,
			"animation_length": 0.75,
			"override_previous_animation": true,
			"bones": {
				"root": {
					"rotation": [60, 0, 0],
					"position": [0, 7, 13]
				},
				"RightLeg": {
					"rotation": {
						"0.0": [0, 0, 5],
						"0.2083": [0, 0, 15],
						"0.4167": [0, 0, 5],
						"0.625": [0, 0, 10],
						"0.75": [0, 0, 5]
					}
				},
				"LeftLeg": {
					"rotation": {
						"0.0": [2.5, 0, -10],
						"0.25": [2.5, 0, -20],
						"0.4583": [2.5, 0, -5],
						"0.625": [2.5, 0, -7.5],
						"0.75": [2.5, 0, -2.5]
					}
				},
				"Head": {
					"rotation": [-5, 0, 0]
				},
				"RightArm": {
					"rotation": {
						"0.0": [0, 0, 10],
						"0.4583": [0, 0, 22.5],
						"0.75": [0, 0, 12.5]
					}
				},
				"LeftArm": {
					"rotation": {
						"0.0": [0, 0, -15],
						"0.5": [0, 0, -32.5],
						"0.75": [0, 0, -20]
					}
				}
			}
		},
		"animation.spidermen.orqasalto": {
			"loop": true,
			"animation_length": 0.5,
			"override_previous_animation": true,
			"bones": {
				"root": {
					"rotation": {
						"0.0": [-2.5, 0, 0],
						"0.1667": [-92.5, 0, 0],
						"0.3333": [-180, 0, 0],
						"0.5": [-355, 0, 0]
					},
					"position": {
						"0.0": [0, 0, 0],
						"0.1667": [0, 12, -18],
						"0.3333": [0, 21, -1],
						"0.5": [0, 1, 0]
					}
				},
				"RightLeg": {
					"rotation": {
						"0.0": [2.5, 0, 0],
						"0.2917": [51.93758, -10.15672, -20.57264],
						"0.4167": [29.44, -10.16, 1.93],
						"0.5": [1.94, -10.16, 1.93]
					}
				},
				"LeftLeg": {
					"rotation": {
						"0.0": [-5, 0, 0],
						"0.125": [-20, 0, 0],
						"0.2917": [-62.5, 0, 0],
						"0.4167": [-17.5, 0, 0],
						"0.5": [-2.31225, -2.21456, -1.85611]
					}
				},
				"Head": {
					"rotation": {
						"0.0": [-5, 0, 0],
						"0.125": [-25, 0, 0],
						"0.5": [-5, 0, 0]
					}
				},
				"RightArm": {
					"rotation": {
						"0.0": [-5, 0, 0],
						"0.125": [-5, 0, 50],
						"0.2917": [-17.5, 0, 67.5],
						"0.5": [2.37474, -1.47173, 9.21183]
					}
				},
				"LeftArm": {
					"rotation": {
						"0.0": [-10, 0, 0],
						"0.125": [-65, 0, -30],
						"0.4167": [-2.5, 0, -30],
						"0.5": [-2.5, 0, -2.5]
					}
				}
			}
		},
		"animation.spiderman.sitting": {
			"loop": true,
			"animation_length": 0.08333,
			"override_previous_animation": true,
			"bones": {
				"RightLeg": {
					"rotation": [-25.86325, -17.18287, -3.40544],
					"position": [-1, 2, 0],
					"scale": [1, 0.9, 1]
				},
				"LeftLeg": {
					"rotation": [-32.94935, -17.24816, 25.94401],
					"position": [1, 2, 0],
					"scale": [1, 0.9, 1]
				},
				"Body": {
					"rotation": [15, 0, 0],
					"position": [0, 0, -3]
				},
				"Head": {
					"rotation": [5, 0, 0]
				},
				"RightArm": {
					"rotation": [0, 0, 62.5]
				},
				"LeftArm": {
					"rotation": [0, 0, -57.5]
				}
			}
		},
		"animation.spiderman.sittingsalto": {
			"loop": true,
			"animation_length": 0.75,
			"override_previous_animation": true,
			"bones": {
				"RightLeg": {
					"rotation": {
						"0.0": [-25.86325, -17.18287, -3.40544],
						"0.1667": [49.13675, -17.18287, -3.40544],
						"0.625": [-3.36325, -17.18287, -3.40544]
					},
					"position": {
						"0.0": [-1, 2, 0],
						"0.2083": [0, 2, 0]
					},
					"scale": [1, 0.9, 1]
				},
				"LeftLeg": {
					"rotation": {
						"0.0": [-32.94935, -17.24816, 25.94401],
						"0.375": [-53.99605, 6.14492, 11.31288],
						"0.625": [-26.49605, 6.14492, 11.31288]
					},
					"position": [1, 2, 0],
					"scale": [1, 0.9, 1]
				},
				"Body": {
					"rotation": [15, 0, 0],
					"position": [0, 0, -3]
				},
				"Head": {
					"rotation": [5, 0, 0]
				},
				"RightArm": {
					"rotation": {
						"0.0": [0, 0, 62.5],
						"0.375": [0, 0, 112.5],
						"0.75": [0, 0, 70]
					}
				},
				"LeftArm": {
					"rotation": {
						"0.0": [0, 0, -57.5],
						"0.375": [0, 0, -110],
						"0.75": [0, 0, -65]
					}
				},
				"root": {
					"rotation": {
						"0.0": [0, 0, 0],
						"0.1667": [92.5, 0, 0],
						"0.375": [185, 0, 0],
						"0.5833": [295, 0, 0],
						"0.75": [362.5, 0, 0]
					},
					"position": {
						"0.0": [0, 0, 0],
						"0.1667": [0, 18, 14],
						"0.375": [0, 39, -2],
						"0.5833": [0, 11, -14],
						"0.75": [0, -2, 1]
					}
				}
			}
		}
	}
}