{
	"format_version": "1.8.0",
	"animations": {
		"animation.gun": {
			"loop": true,
			"bones": {
				"leftArm": {
					"rotation": ["query.target_x_rotation - 90.0 - math.sin(query.life_time * 72.8) * 2.865 - this", "query.target_y_rotation + 28.65", "-(math.cos(query.life_time * 103.2) * 2.865) - 2.865"]
				},
				"rightArm": {
					"rotation": ["query.target_x_rotation - 90.0 + math.sin(query.life_time * 72.8) * 2.865 - this", "query.target_y_rotation - 5.73", "(math.cos(query.life_time * 103.2) * 2.865) + 2.865"]
				}
			}
		}
	}
}