{
	"format_version": "1.8.0",
	"animations": {
		"animation.mc.kick": {
			"loop": true,
			"animation_length": 0.8,
			"override_previous_animation": true,
			"bones": {
				"root": {
					"rotation": {
						"0.0": [0, 0, -1],
						"0.48": [0, 3.1, 0.83],
						"0.56": [0, -34, 13]
					}
				},
				"RightLeg": {
					"rotation": {
						"0.48": [-2, 0, 0],
						"0.56": [-64, 13, 0]
					}
				},
				"RightArm": {
					"rotation": {
						"0.0": [3, 0, 0],
						"0.48": [16, 0, 0],
						"0.56": [56, 0, 0]
					}
				},
				"LeftArm": {
					"rotation": {
						"0.0": [2, 0, 0],
						"0.56": [3, 0, 0],
						"0.68": [40, 5, 0]
					}
				}
			}
		},
		"animation.mc.pl": {
			"loop": true,
			"animation_length": 0.32,
			"override_previous_animation": true,
			"bones": {
				"root": {
					"rotation": [89, 0, 0],
					"position": {
						"0.0": [0, 14.7, 0],
						"0.08": [0, 15.01, 0],
						"0.32": [0, 14.4, 0]
					}
				},
				"RightLeg": {
					"rotation": {
						"0.0": [1, 0, 7],
						"0.32": [0, 0, 7]
					}
				},
				"LeftLeg": {
					"rotation": [0, 0, -10]
				},
				"RightArm": {
					"rotation": [-175, 0, -14]
				},
				"LeftArm": {
					"rotation": [-180, 0, 18]
				}
			}
		},
		"animation.mc.cl": {
			"loop": true,
			"animation_length": 0.56,
			"override_previous_animation": true,
			"bones": {
				"root": {
					"rotation": [-7, 0, 0]
				},
				"RightLeg": {
					"rotation": {
						"0.0": [-2, 0, 0],
						"0.28": [-14, 0, 0],
						"0.56": [1, 0, 0]
					}
				},
				"LeftLeg": {
					"rotation": {
						"0.0": [0, 0, 0],
						"0.24": [22, 0, 0],
						"0.56": [-4, 0, 0]
					}
				},
				"Body": {
					"rotation": [12, 0, 0],
					"position": [0, 0, -2.7]
				},
				"RightArm": {
					"rotation": {
						"0.0": [-143, 0, 0],
						"0.28": [-107, 0, 0],
						"0.56": [-159.29, 0, 0]
					}
				},
				"LeftArm": {
					"rotation": {
						"0.0": [-109, 0, 0],
						"0.28": [-164, 0, 0],
						"0.56": [-128, 0, 0]
					}
				}
			}
		},
		"animation.mc.aclim": {
			"loop": true,
			"animation_length": 0.32,
			"override_previous_animation": true,
			"bones": {
				"root": {
					"rotation": [-89, 0, 0],
					"position": [0, 23.8, -12.9]
				},
				"RightLeg": {
					"rotation": [-22, 0, 18]
				},
				"LeftLeg": {
					"rotation": [-15, 0, -11]
				},
				"Body": {
					"rotation": [6, 0, 0],
					"position": [0, 0, -0.8]
				},
				"ArmorH": {
					"rotation": [1, 0, 0]
				},
				"RightArm": {
					"rotation": [-161, 0, -28]
				},
				"LeftArm": {
					"rotation": [-166, 0, 20.5]
				}
			}
		},
		"animation.mc.shrink": {
			"loop": true,
			"animation_length": 0.32,
			"override_previous_animation": true,
			"bones": {
				"root": {
					"scale": [4.1, 4.1, 4.1]
				}
			}
		},
		"animation.mc.shrinkm": {
			"loop": true,
			"animation_length": 0.44,
			"override_previous_animation": true,
			"bones": {
				"root": {
					"scale": {
						"0.0": [1, 1, 1],
						"0.32": [4.2, 4.1, 4.1]
					}
				}
			}
		},
		"animation.mc.jumb": {
			"loop": true,
			"animation_length": 0.28,
			"override_previous_animation": true,
			"bones": {
				"root": {
					"rotation": [55, 0, 0],
					"position": [0, 3, 4]
				},
				"RightLeg": {
					"rotation": [20, 0, 12.5]
				},
				"LeftLeg": {
					"rotation": [15, 0, -22.5]
				},
				"RightArm": {
					"rotation": [0, 25, 67.5]
				},
				"LeftArm": {
					"rotation": [17.5, 0, -50]
				}
			}
		}
	}
}