{
  "format_version": "1.8.0",
  "animations": {
    "animation.mc_rhino.stand": {
      "loop": true,
      "animation_length": 0.33333,
      "override_previous_animation": true,
      "bones": {
        "waist": {
          "rotation": {
            "0.0": [
              0,
              0,
              0
            ],
            "0.1667": [
              7.5,
              0,
              0
            ],
            "0.2917": [
              3.13,
              0,
              0
            ],
            "0.3333": [
              5,
              0,
              0
            ]
          },
          "scale": {
            "0.0": [
              1,
              1,
              1
            ],
            "0.2083": [
              1,
              1.07,
              1
            ],
            "0.3333": [
              1,
              1.02,
              1
            ]
          }
        },
        "RightArm": {
          "rotation": {
            "0.0": [
              0,
              0,
              0
            ],
            "0.1667": [
              0,
              0,
              12.5
            ],
            "0.3333": [
              0,
              0,
              0
            ]
          }
        },
        "LeftArm": {
          "rotation": {
            "0.0": [
              0,
              0,
              0
            ],
            "0.1667": [
              0,
              0,
              -7.5
            ],
            "0.3333": [
              0,
              0,
              0
            ]
          }
        },
        "LeftArm2": {
          "rotation": {
            "0.0": [
              0,
              0,
              0
            ],
            "0.1667": [
              -15,
              0,
              0
            ],
            "0.3333": [
              -5.06611,
              4.60257,
              -5.65855
            ]
          }
        },
        "RightArm2": {
          "rotation": {
            "0.0": [
              2.5,
              0,
              0
            ],
            "0.1667": [
              -22.5,
              0,
              0
            ],
            "0.3333": [
              0,
              0,
              0
            ]
          }
        }
      }
    },
    "animation.mc_rhino.move": {
      "loop": true,
      "animation_length": 0.625,
      "override_previous_animation": true,
      "bones": {
        "RightLeg": {
          "rotation": {
            "0.0": [
              -2.00879,
              -5.76075,
              8.02898
            ],
            "0.25": [
              35.49121,
              -5.76075,
              8.02898
            ],
            "0.2917": [
              40.49121,
              -5.76075,
              8.02898
            ],
            "0.4583": [
              -22.00879,
              -5.76075,
              8.02898
            ],
            "0.5": [
              -28.24402,
              -8.22478,
              5.33982
            ],
            "0.625": [
              -1.46277,
              -8.12843,
              10.39027
            ]
          },
          "position": [
            0,
            0,
            -1
          ]
        },
        "LeftLeg": {
          "rotation": {
            "0.0": [
              0,
              0,
              -15
            ],
            "0.25": [
              -27.5,
              0,
              -15
            ],
            "0.2917": [
              -30,
              0,
              -15
            ],
            "0.5": [
              35,
              0,
              -15
            ],
            "0.625": [
              7.5,
              0,
              -15
            ]
          },
          "position": [
            0,
            0,
            -3
          ]
        },
        "waist": {
          "rotation": [
            60,
            0,
            0
          ],
          "position": {
            "0.0": [
              0,
              0,
              0
            ],
            "0.125": [
              0,
              1,
              0
            ],
            "0.25": [
              0,
              0,
              0
            ],
            "0.4167": [
              0,
              1,
              0
            ],
            "0.5417": [
              0,
              -1,
              0
            ],
            "0.625": [
              0,
              0,
              0
            ]
          }
        },
        "Body": {
          "rotation": [
            -7.5,
            0,
            0
          ],
          "position": [
            0,
            0,
            4
          ]
        },
        "deah": {
          "rotation": [
            -37.5,
            0,
            0
          ]
        },
        "RightArm": {
          "rotation": {
            "0.0": [
              -32.10382,
              5.35355,
              8.45862
            ],
            "0.2083": [
              -62.5,
              0,
              0
            ],
            "0.25": [
              -70,
              0,
              0
            ],
            "0.4167": [
              -12.5,
              0,
              0
            ],
            "0.4583": [
              -7.5,
              0,
              0
            ],
            "0.625": [
              -36.54514,
              9.06524,
              12.0012
            ]
          }
        },
        "LeftArm": {
          "rotation": {
            "0.0": [
              -43.64293,
              -12.27659,
              -12.56853
            ],
            "0.25": [
              -5,
              0,
              0
            ],
            "0.5": [
              -65,
              0,
              0
            ],
            "0.5417": [
              -75,
              0,
              0
            ],
            "0.625": [
              -38.66901,
              -11.14485,
              -13.57875
            ]
          }
        },
        "LeftArm2": {
          "rotation": {
            "0.0": [
              -2.5,
              0,
              0
            ],
            "0.25": [
              25,
              0,
              0
            ],
            "0.4583": [
              0,
              0,
              0
            ],
            "0.625": [
              -5,
              0,
              0
            ]
          }
        },
        "RightArm2": {
          "rotation": {
            "0.0": [
              -2.5,
              0,
              0
            ],
            "0.25": [
              -45,
              0,
              0
            ],
            "0.3333": [
              -37.5,
              0,
              0
            ],
            "0.4583": [
              5,
              0,
              0
            ],
            "0.625": [
              -7.5,
              0,
              0
            ]
          }
        }
      }
    },
    "animation.mc_rhino.attack": {
      "loop": true,
      "animation_length": 0.41667,
      "override_previous_animation": true,
      "bones": {
        "waist": {
          "rotation": {
            "0.0": [
              0,
              0,
              0
            ],
            "0.2083": [
              30,
              0,
              0
            ],
            "0.25": [
              32.5,
              0,
              0
            ],
            "0.4167": [
              0,
              0,
              0
            ]
          }
        },
        "Body": {
          "rotation": [
            15,
            0,
            0
          ],
          "position": [
            0,
            0,
            -3
          ]
        },
        "deah": {
          "rotation": {
            "0.0": [
              2.5,
              0,
              0
            ],
            "0.2083": [
              0,
              0,
              0
            ],
            "0.25": [
              -32.5,
              0,
              0
            ],
            "0.2917": [
              -27.5,
              0,
              0
            ],
            "0.4167": [
              -7.5,
              0,
              0
            ]
          }
        },
        "RightArm": {
          "rotation": {
            "0.0": [
              0,
              0,
              0
            ],
            "0.2083": [
              37.5,
              0,
              0
            ],
            "0.4167": [
              7.5,
              0,
              0
            ]
          }
        },
        "LeftArm": {
          "rotation": {
            "0.0": [
              -2.5,
              0,
              0
            ],
            "0.1667": [
              37.5,
              0,
              0
            ],
            "0.4167": [
              2.5,
              0,
              0
            ]
          }
        },
        "LeftArm2": {
          "rotation": [
            0,
            0,
            0
          ]
        }
      }
    }
  }
}