{
	"format_version": "1.8.0",
	"animations": {
		"animation.Mysteryo.shield": {
			"loop": true,
			"animation_length": 0.58333,
			"override_previous_animation": true,
			"bones": {
				"RightArm": {
					"rotation": [-87.5, 0, 0]
				},
				"LeftArm": {
					"rotation": [-97.5, 0, 0]
				},
				"elluminti": {
					"rotation": {
						"0.0": [0, -2.5, 0],
						"0.2083": [0, -32.5, 0],
						"0.4167": [0, 27.5, 0],
						"0.5833": [0, 2.5, 0]
					},
					"position": [0, -2, 0],
					"scale": [1.7, 1, 1.6]
				},
				"Ikkii": {
					"rotation": {
						"0.0": [0, 125, 0],
						"0.125": [0, 135, 0],
						"0.25": [0, 45, 0],
						"0.4583": [0, 127.5, 0],
						"0.5833": [0, 217.5, 0]
					},
					"scale": 1.7
				}
			}
		},
		"animation.mysteryo.luch": {
			"loop": true,
			"animation_length": 0.5,
			"override_previous_animation": true,
			"bones": {
				"elluminti": {
					"rotation": {
						"0.0": [0, 2.5, 0],
						"0.25": [0, -112.5, 0],
						"0.5": [0, -232.5, 0]
					},
					"position": [-6, 0, 0]
				},
				"faer": {
					"rotation": {
						"0.0": [0, -5, 0],
						"0.2083": [0, -95, 0],
						"0.375": [0, -185, 0],
						"0.5": [0, -245, 0]
					},
					"position": [0, -10, 0],
					"scale": [1, 30.1, 1]
				},
				"Ikkii": {
					"rotation": {
						"0.0": [0, 0, 0],
						"0.0417": [0, -60, 0],
						"0.0833": [0, -120, 0],
						"0.125": [0, -182.5, 0],
						"0.1667": [0, -252.5, 0],
						"0.2083": [0, -335, 0],
						"0.25": [0, -412.5, 0],
						"0.2917": [0, -472.5, 0],
						"0.3333": [0, -550, 0],
						"0.4167": [0, -630, 0],
						"0.4583": [0, -712.5, 0],
						"0.5": [0, -780, 0]
					},
					"position": [-5, 0, 0]
				}
			}
		},
		"animation.mysteryo.luch2": {
			"loop": true,
			"animation_length": 0.45833,
			"override_previous_animation": true,
			"bones": {
				"RightArm": {
					"rotation": [-90, 0, 0]
				},
				"LeftArm": {
					"rotation": [-90, 20, -12.5]
				},
				"elluminti": {
					"rotation": {
						"0.0": [0, 0, 0],
						"0.25": [0, -62.5, 0],
						"0.4583": [0, -120, 0]
					},
					"position": [0, -3, 1],
					"scale": [2.5, 1, 2.4]
				},
				"faer": {
					"rotation": {
						"0.0417": [0, -232.5, 0],
						"0.1667": [0, -152.5, 0],
						"0.2917": [0, -177.5, 0],
						"0.4583": [0, -282.5, 0]
					},
					"position": [5.6, -12, 1.1],
					"scale": [1.4, 115.7, 1.7]
				},
				"Ikkii": {
					"rotation": {
						"0.0": [0, -2.5, 0],
						"0.25": [0, -60, 0],
						"0.4583": [0, -5, 0]
					},
					"position": [0, -2, 0],
					"scale": 2.1
				}
			}
		},
		"animation.mysteryo.luch3": {
			"loop": true,
			"animation_length": 0.25,
			"override_previous_animation": true,
			"bones": {
				"RightArm": {
					"rotation": [-87.5, 0, 0]
				},
				"LeftArm": {
					"rotation": [-87.5, 0, 0]
				},
				"elluminti": {
					"rotation": {
						"0.0": [0, -2.5, 0],
						"0.125": [0, -65, 0],
						"0.25": [0, -122.5, 0]
					},
					"position": [-6, 0, 0]
				},
				"faer": {
					"rotation": {
						"0.0": [0, -2.5, 0],
						"0.0833": [0, -60, 0],
						"0.1667": [0, -125, 0],
						"0.25": [0, -187.5, 0]
					},
					"position": [0, -10, 0],
					"scale": [1, 135.9, 1]
				},
				"faer2": {
					"rotation": {
						"0.0": [0, 10, 0],
						"0.0833": [0, 72.5, 0],
						"0.1667": [0, 147.5, 0],
						"0.25": [0, 227.5, 0]
					},
					"position": [0, -9, 0],
					"scale": [1, 140.3, 1]
				},
				"Ikkii": {
					"rotation": {
						"0.0": [0, -2.5, 0],
						"0.0833": [0, -122.5, 0],
						"0.1667": [0, -227.5, 0],
						"0.25": [0, -300, 0]
					},
					"position": [7, 4, 0],
					"scale": 0.6
				}
			}
		}
	}
}