{
	"format_version": "1.8.0",
	"animations": {
		"animation.nk.mysteriofire": {
			"loop": true,
			"animation_length": 0.25,
			"override_previous_animation": true,
			"bones": {
				"RightArm": {
					"rotation": [-90, 0, 0]
				},
				"bone2": {
					"rotation": {
						"0.0": [0, -10, 0],
						"0.125": [0, -92.5, 0],
						"0.25": [0, -177.5, 0]
					},
					"scale": [1, 197.7, 1]
				}
			}
		},
		"animation.nk.mysteriofire2": {
			"loop": true,
			"animation_length": 0.25,
			"override_previous_animation": true,
			"bones": {
				"RightArm": {
					"rotation": [-90, 0, 0]
				},
				"bone2": {
					"rotation": {
						"0.0": [0, -10, 0],
						"0.125": [0, -92.5, 0],
						"0.25": [0, -177.5, 0]
					},
					"scale": [1, 197.7, 1]
				},
				"LeftArm": {
					"rotation": [-90, 0, 0]
				},
				"bone3": {
					"rotation": {
						"0.0": [0, 2.5, 0],
						"0.125": [0, 80, 0],
						"0.25": [0, 170, 0]
					},
					"scale": [1, 53.3, 1]
				}
			}
		},
		"animation.nk.walk": {
			"loop": true,
			"animation_length": 0.29167,
			"override_previous_animation": true,
			"bones": {
				"bone": {
					"rotation": {
						"0.0": [20, 0, 0],
						"0.125": [25, 0, 0],
						"0.2917": [20, 0, 0]
					}
				}
			}
		},
		"animation.nk.firstmysterio": {
			"loop": true,
			"animation_length": 0.08333,
			"override_previous_animation": true,
			"bones": {
				"Body": {
					"rotation": [0, -175, 0]
				}
			}
		}
	}
}