{
	"format_version": "1.8.0",
	"animations": {
		"animation.spiderman.salto": {
			"loop": true,
			"animation_length": 0.58333,
			"override_previous_animation": true,
			"bones": {
				"root": {
					"rotation": {
						"0.0": [0, 0, 0],
						"0.1667": [87.5, 0, 0],
						"0.2917": [187.5, 0, 0],
						"0.4167": [295, 0, 0],
						"0.5833": [360, 0, 0]
					},
					"position": {
						"0.0": [0, 0, 1],
						"0.1667": [0, 9, 15],
						"0.2917": [0, 25, 0],
						"0.4167": [0, 9, -13],
						"0.5833": [0, 1, 1]
					}
				},
				"RightLeg": {
					"rotation": {
						"0.0": [0, 0, 0],
						"0.2083": [20, 0, 0],
						"0.5417": [0, 0, 0]
					}
				},
				"LeftLeg": {
					"rotation": {
						"0.0": [-2.5, 0, 0],
						"0.25": [-22.5, 0, 0],
						"0.375": [-30, 0, 0],
						"0.5833": [0, 0, 0]
					}
				},
				"Head": {
					"rotation": [-5, 0, 0]
				},
				"RightArm": {
					"rotation": {
						"0.0": [0, 0, 2.5],
						"0.1667": [0, 0, 72.5],
						"0.375": [0, 0, 102.5],
						"0.5833": [0, 0, 5]
					}
				},
				"LeftArm": {
					"rotation": {
						"0.0": [0, 0, 0],
						"0.25": [0, 0, -87.5],
						"0.4167": [0, 0, -112.5],
						"0.5833": [0, 0, -5]
					}
				}
			}
		},
		"animation.spiderman.salto2": {
			"loop": true,
			"animation_length": 0.70833,
			"override_previous_animation": true,
			"bones": {
				"root": {
					"rotation": {
						"0.0": [0, 0, 0],
						"0.25": [-57.5, 0, 0],
						"0.375": [-152.5, 0, 0],
						"0.5": [-257.5, 0, 0],
						"0.7083": [-357.5, 0, 0]
					},
					"position": {
						"0.0": [0, 0, 1],
						"0.25": [0, 8, -15],
						"0.375": [0, 29, -6],
						"0.5": [0, 15, 13],
						"0.7083": [0, -1, 1]
					}
				},
				"RightLeg": {
					"rotation": {
						"0.0": [-5, 0, 0],
						"0.25": [-42.5, 0, 0],
						"0.4583": [-30, 0, 0],
						"0.7083": [2.5, 0, 0]
					}
				},
				"LeftLeg": {
					"rotation": {
						"0.0": [0, 0, 0],
						"0.25": [32.5, 0, 0],
						"0.4167": [57.5, 0, 0],
						"0.5833": [30, 0, 0],
						"0.7083": [0, 0, 0]
					}
				},
				"RightArm": {
					"rotation": {
						"0.0": [0, 0, 0],
						"0.2917": [-97.5, 0, 0],
						"0.4583": [-225, 0, 0],
						"0.5833": [-320, 0, 0],
						"0.7083": [-360, 0, 0]
					}
				},
				"Head": {
					"rotation": [-5, 0, 0]
				},
				"LeftArm": {
					"rotation": {
						"0.0": [0, 0, 0],
						"0.2917": [-67.5, 0, 0],
						"0.4583": [-210, 0, 0],
						"0.625": [-292.5, 0, 0],
						"0.7083": [-360, 0, 0]
					}
				}
			}
		},
		"animation.spiderman.salto3": {
			"loop": true,
			"animation_length": 0.79167,
			"override_previous_animation": true,
			"bones": {
				"root": {
					"rotation": {
						"0.0": [0, 0, 0],
						"0.2083": [-90, 0, 0],
						"0.375": [-165, 0, 0],
						"0.5833": [-272.5, 0, 0],
						"0.75": [-357.5, 0, 0]
					},
					"position": {
						"0.0": [0, 0, 0],
						"0.2083": [0, 13, -14],
						"0.375": [0, 26, -1],
						"0.5": [0, 14, 13],
						"0.7083": [0, 0, 0]
					}
				},
				"RightLeg": {
					"rotation": {
						"0.0": [0, 0, 0],
						"0.2083": [-50, 0, 0],
						"0.4167": [-77.5, 0, 0],
						"0.6667": [-60, 0, 0],
						"0.7917": [-2.5, 0, 0]
					}
				},
				"LeftLeg": {
					"rotation": {
						"0.0": [0, 0, 0],
						"0.25": [-52.5, 0, 0],
						"0.5": [10, 0, 0],
						"0.7917": [-2.5, 0, 0]
					}
				},
				"Head": {
					"rotation": {
						"0.0": [0, 0, 0],
						"0.125": [2.5, 0, 0]
					}
				},
				"RightArm": {
					"rotation": {
						"0.0": [-5, 0, 0],
						"0.125": [-51.04342, -24.1782, -18.32252],
						"0.375": [-153.48096, -15.3663, -40.36827],
						"0.6667": [-128.23138, 56.76401, 13.87843],
						"0.7083": [-16.31037, -4.21476, 41.5493],
						"0.7917": [-8.67733, -14.47846, -2.95065]
					}
				},
				"LeftArm": {
					"rotation": {
						"0.0": [-4.08726, 2.88154, -0.17414],
						"0.125": [-46.44203, 25.77374, 20.00645],
						"0.6667": [-138.01673, 9.01718, 8.02023],
						"0.7917": [1.93919, -5.52141, -1.44159]
					}
				}
			}
		},
		"animation.spiderman.salto4": {
			"loop": true,
			"animation_length": 0.70833,
			"override_previous_animation": true,
			"bones": {
				"root": {
					"rotation": {
						"0.0": [0, -2.5, 0],
						"0.125": [0, -107.5, 0],
						"0.2083": [0, -230, 0],
						"0.3333": [0, -350, 0],
						"0.4583": [0, -462.5, 0],
						"0.5833": [0, -605, 0],
						"0.7083": [0, -720, 0]
					}
				},
				"RightLeg": {
					"rotation": {
						"0.0": [0, 0, 0],
						"0.1667": [0, 0, 15],
						"0.6667": [0, 0, 7.5]
					}
				},
				"LeftLeg": {
					"rotation": {
						"0.1667": [0, 0, -7.5],
						"0.6667": [0, 0, 0]
					}
				},
				"RightArm": {
					"rotation": {
						"0.0": [0, 0, 2.5],
						"0.1667": [0, 0, 87.5],
						"0.3333": [0, 0, 2.5],
						"0.375": [80, 0, 2.5],
						"0.5": [59.61362, -69.92229, 31.34341],
						"0.7083": [-10.15108, -9.84655, 4.25378]
					}
				},
				"Head": {
					"rotation": [-5, 0, 0]
				},
				"LeftArm": {
					"rotation": {
						"0.0": [0, 0, -2.5],
						"0.1667": [0, 0, -72.5],
						"0.3333": [0, 0, -115],
						"0.375": [-82.5, 0, -2.5],
						"0.5": [33.5051, -80.99406, -126.33303],
						"0.7083": [-7.27073, -6.46984, -3.59936]
					}
				}
			}
		},
		"animation.spiderman.underground": {
			"loop": true,
			"animation_length": 0.08333,
			"override_previous_animation": true,
			"bones": {
				"root": {
					"rotation": [-5, 0, -180],
					"position": [0, 30, 0]
				},
				"RightLeg": {
					"rotation": [5, 0, -17.5],
					"position": [-3, 1, 0]
				},
				"LeftLeg": {
					"rotation": [12.5, 0, 12.5],
					"position": [1, 1, 0]
				},
				"Head": {
					"rotation": [35, 0, 0]
				},
				"RightArm": {
					"rotation": [-20, 0, -25]
				},
				"LeftArm": {
					"rotation": [-21.46872, 13.12479, 30.00135]
				}
			}
		},
		"animation.spiderman.falling": {
			"loop": true,
			"animation_length": 0.04167,
			"override_previous_animation": true,
			"bones": {
				"root": {
					"rotation": [135, -357.5, -180]
				},
				"Head": {
					"rotation": [5, 0, 0]
				},
				"kozla": {
					"scale": [1, 1, 1]
				},
				"RightArm": {
					"rotation": [0, 0, 85]
				},
				"LeftArm": {
					"rotation": [0, 0, -77.5]
				}
			}
		},
		"animation.spiderman.salto5": {
			"loop": true,
			"animation_length": 0.83333,
			"override_previous_animation": true,
			"bones": {
				"root": {
					"rotation": {
						"0.0": [0, 0, 0],
						"0.2083": [90, 0, 0],
						"0.375": [180, 0, 0],
						"0.625": [270, 0, 0],
						"0.7917": [360, 0, 0]
					},
					"position": {
						"0.0": [0, 0, 0],
						"0.0833": [0, 3.6, 7.2],
						"0.2083": [0, 14, 13],
						"0.2917": [0, 25, 8.5],
						"0.375": [0, 31, 0],
						"0.5": [0, 24, -8.5],
						"0.625": [0, 14, -13],
						"0.7083": [0, 5, -9],
						"0.7917": [0, 0, -1]
					}
				},
				"RightLeg": {
					"rotation": {
						"0.0": [-5, 0, 0],
						"0.1667": [-20, 0, 0],
						"0.375": [-30, 0, 0],
						"0.5833": [-10, 0, 0],
						"0.7083": [5, 0, 0],
						"0.8333": [-2.5, 0, 0]
					}
				},
				"LeftLeg": {
					"rotation": {
						"0.0": [2.5, 0, 0],
						"0.2917": [30, 0, 0],
						"0.4583": [47.5, 0, 0],
						"0.6667": [30, 0, 0],
						"0.7917": [7.5, 0, 0],
						"0.8333": [-2.5, 0, 0]
					}
				},
				"Head": {
					"rotation": {
						"0.0": [4.25809, 1.85536, 1.92223],
						"0.1667": [41.75809, 1.85536, 1.92223],
						"0.6667": [4.25809, 1.85536, 1.92223],
						"0.7083": [-20.74191, 1.85536, 1.92223],
						"0.8333": [4.25809, 1.85536, 1.92223]
					}
				},
				"RightArm": {
					"rotation": {
						"0.0": [-7.5, 0, 0],
						"0.125": [-125, 0, 0],
						"0.2917": [-135, 0, 0],
						"0.4583": [-175.95375, 11.83894, -0.65],
						"0.7083": [-118.45375, 11.83894, -0.65],
						"0.8333": [1.54625, 11.83894, -0.65]
					}
				},
				"LeftArm": {
					"rotation": {
						"0.0": [5, 0, 0],
						"0.2083": [22.5, 0, 0],
						"0.4583": [70, 0, 0],
						"0.7083": [132.5, 0, 0],
						"0.8333": [360, 0, 0]
					}
				}
			}
		}
	}
}