{
	"format_version": "1.8.0",
	"animations": {
		"animation.suit.crafting": {
			"loop": true,
			"animation_length": 8.5,
			"override_previous_animation": true,
			"bones": {
				"Head": {
					"scale": {
						"0.0": [1, 0.1, 1],
						"0.5833": [1, 0.5, 1],
						"1.5833": [1, 1, 1]
					}
				},
				"LeftArm2": {
					"scale": {
						"0.0": [1, 0.1, 1],
						"1.1667": [1, 0.1, 1],
						"2.2917": [1, 0.7, 1],
						"2.6667": [1, 0.98, 1],
						"2.9167": [1, 1, 1]
					}
				},
				"LeftArm3": {
					"scale": {
						"0.0": [1, 0, 1],
						"2.0417": [1, 0, 1],
						"2.375": [1, 0.6, 1],
						"2.6667": [1, 0.8, 1],
						"2.9583": [1, 0.9, 1],
						"3.5": [1, 0.9, 1]
					}
				},
				"LeftArm4": {
					"scale": {
						"0.0": [1, 0, 1],
						"2.7917": [1, 0.1, 1],
						"3.2083": [1, 0.7, 1],
						"3.5": [1, 0.9, 1]
					}
				},
				"RightArm2": {
					"scale": {
						"0.0": [1, 0.1, 1],
						"1.1667": [1, 0.1, 1],
						"2.2917": [1, 0.7, 1],
						"2.9167": [1, 0.9, 1]
					}
				},
				"RightArm3": {
					"scale": {
						"0.0": [1, 0, 1],
						"3.0833": [1, 0.1039, 1],
						"3.2083": [1, -0.1, 1],
						"3.6667": [1, 1.1, 1]
					}
				},
				"RightArm4": {
					"scale": {
						"0.0": [1, 0, 1],
						"1.75": [1, 0.0172, 1],
						"2.4167": [1, 0.3, 1],
						"2.875": [1, 0.9, 1],
						"3.0": [1, 1, 1],
						"3.2083": [1, 0.9, 1]
					}
				},
				"nody": {
					"scale": {
						"0.0": [1, 0.1, 1],
						"1.1667": [1, 0.1, 1],
						"2.2917": [1, 0.8, 1],
						"2.9167": [1, 1, 1],
						"3.6667": [1, 0.9, 1]
					}
				},
				"nody2": {
					"scale": {
						"0.0": [1, 0, 1],
						"2.0417": [1, 0, 1],
						"2.5833": [1, 0.6, 1],
						"2.9167": [1, 0.9154, 1]
					}
				},
				"nody3": {
					"scale": {
						"0.0": [1, 0, 1],
						"2.8333": [1, 0, 1],
						"3.2083": [1, 0.9, 1]
					}
				},
				"LeftLeg2": {
					"scale": {
						"3.625": [1, 0.2, 1],
						"4.3333": [1, 1, 1]
					}
				},
				"LeftLeg3": {
					"scale": {
						"4.2083": [1, 0, 1],
						"4.75": [1, 0.9, 1]
					}
				},
				"LeftLeg4": {
					"scale": {
						"4.7917": [1, 0, 1],
						"5.4167": [1, 0.8, 1],
						"5.5833": [1, 1.1, 1]
					}
				},
				"RightLeg2": {
					"scale": {
						"3.875": [1, 0.2, 1],
						"4.375": [1, 1, 1]
					}
				},
				"RightLeg3": {
					"scale": {
						"4.25": [1, 0.1, 1],
						"4.6667": [1, 0.9, 1]
					}
				},
				"RightLeg4": {
					"scale": {
						"4.6667": [1, 0, 1],
						"5.5417": [1, 0.7, 1],
						"5.875": [1, 1, 1]
					}
				},
				"hexadecagon5": {
					"position": {
						"5.875": [0, 0, 0],
						"6.3333": [0, -15, 0]
					}
				},
				"hexadecagon6": {
					"position": {
						"6.3333": [0, 0, 0],
						"7.0": [0, 14, 0]
					}
				},
				"hexadecagon7": {
					"position": {
						"0.0": [0, -1, 0],
						"0.5833": [0, -5, 0],
						"1.5833": [0, -12, 0],
						"2.4583": [0, -17, 0],
						"2.9583": [0, -20, 0],
						"3.9583": [0, -25, 0],
						"4.5417": [0, -30, 0],
						"5.875": [0, -35, 0]
					}
				}
			}
		}
	}
}