{
	"format_version": "1.8.0",
	"animations": {
		"animation.suit.incase": {
			"loop": true,
			"override_previous_animation": true,
			"bones": {
				"waist": {
					"rotation": [-65, 0, 0],
					"position": [0, -8, -6],
					"scale": [1, 1, 0.7]
				},
				"head": {
					"rotation": [15.97103, 0, 0]
				},
				"leftArm": {
					"rotation": [-10.11956, 5.66625, 42.42846]
				},
				"rightArm": {
					"rotation": [-9.43144, 15.74746, -46.07318]
				},
				"leftLeg": {
					"position": [0, -6, 0],
					"scale": [1, 0, 1]
				},
				"rightLeg": {
					"position": [0, -5, 0],
					"scale": [1, 0, 1]
				},
				"rightPants": {
					"scale": [1, 0, 1]
				}
			}
		}
	}
}