{
	"format_version": "1.8.0",
	"animations": {
		"animation.superior.stand": {
			"loop": true,
			"animation_length": 0.04167,
			"override_previous_animation": true,
			"bones": {
				"ttkl": {
					"rotation": [0, -37.5, 0]
				},
				"ttkl2": {
					"rotation": [56.81303, 19.09208, -32.90921]
				},
				"ttkl3": {
					"rotation": [25.11027, 66.13152, 15.51247]
				},
				"ttkl4": {
					"rotation": [16.60179, -11.31335, 33.34411]
				},
				"ttkl5": {
					"rotation": [62.32809, 25.70257, 105.08448]
				},
				"ttkl6": {
					"rotation": [40.56393, -17.94973, 27.55814]
				},
				"ttkl7": {
					"rotation": [49.10661, -20.70481, -107.20765]
				},
				"ttkl8": {
					"rotation": [39.89531, 28.28858, -29.54836]
				}
			}
		},
		"animation.superior.salto": {
			"loop": true,
			"animation_length": 0.625,
			"override_previous_animation": true,
			"bones": {
				"ttkl": {
					"rotation": {
						"0.0": [0, -37.5, 0],
						"0.1667": [0, -15, 0]
					}
				},
				"ttkl2": {
					"rotation": {
						"0.0": [56.81303, 19.09208, -32.90921],
						"0.1667": [29.31303, 19.09208, -32.90921]
					}
				},
				"ttkl3": {
					"rotation": {
						"0.0": [25.11027, 66.13152, 15.51247],
						"0.1667": [11.76226, 32.61142, -1.28322]
					}
				},
				"ttkl4": {
					"rotation": [16.60179, -11.31335, 33.34411]
				},
				"ttkl5": {
					"rotation": {
						"0.0": [62.32809, 25.70257, 105.08448],
						"0.1667": [29.82809, 25.70257, 105.08448]
					}
				},
				"ttkl6": {
					"rotation": {
						"0.0": [40.56393, -17.94973, 27.55814],
						"0.1667": [20.56393, -17.94973, 27.55814]
					}
				},
				"ttkl7": {
					"rotation": {
						"0.0": [49.10661, -20.70481, -107.20765],
						"0.1667": [14.10661, -20.70481, -107.20765]
					}
				},
				"ttkl8": {
					"rotation": {
						"0.0": [39.89531, 28.28858, -29.54836],
						"0.1667": [6.62851, 10.91708, -31.80746]
					}
				},
				"root": {
					"rotation": {
						"0.0": [2.32695, 0.90799, 0.97558],
						"0.1667": [87.5, 0, 0],
						"0.2917": [180, 0, 0],
						"0.4583": [270, 0, 0],
						"0.625": [357.5, 0, 0]
					},
					"position": {
						"0.0": [0, 0, 0],
						"0.125": [0, 4, 0],
						"0.1667": [0, 16, 12],
						"0.2917": [0, 34, 2],
						"0.4583": [0, 13, -11],
						"0.625": [0, 0, -1]
					}
				},
				"RightLeg": {
					"rotation": {
						"0.0": [5, 0, 0],
						"0.1667": [25, 0, 0],
						"0.4583": [37.5, 0, 0],
						"0.625": [2.5, 0, 0]
					}
				},
				"LeftLeg": {
					"rotation": {
						"0.0": [-2.5, 0, 0],
						"0.1667": [-15, 0, 0],
						"0.3333": [-17.5, 0, 0],
						"0.4583": [-22.5, 0, 0],
						"0.625": [2.5, 0, 0]
					}
				},
				"Head": {
					"rotation": {
						"0.0": [-2.5, 0, 0],
						"0.125": [-12.5, 0, 0],
						"0.5": [0, 0, 0]
					}
				},
				"RightArm": {
					"rotation": {
						"0.0": [0, 0, 2.5],
						"0.1667": [0, 0, 102.5],
						"0.4167": [0, 0, 122.5],
						"0.625": [0, 0, 2.5]
					}
				},
				"LeftArm": {
					"rotation": {
						"0.0": [0, 0, -5],
						"0.1667": [0, 0, -82.5],
						"0.3333": [0, 0, -110],
						"0.5": [0, 0, -110],
						"0.625": [0, 0, -2.5]
					}
				}
			}
		},
		"animation.superior.attack": {
			"loop": true,
			"animation_length": 0.375,
			"override_previous_animation": true,
			"bones": {
				"ttkl": {
					"rotation": {
						"0.0": [0, -40, 0],
						"0.2083": [100.54684, -44.5119, -97.43656],
						"0.375": [27.19493, -67.87011, -24.13443]
					}
				},
				"ttkl2": {
					"rotation": {
						"0.0": [53.54247, 10.49002, -45.63495],
						"0.2083": [83.54247, 10.49002, -45.63495],
						"0.375": [26.04247, 10.49002, -45.63495]
					}
				},
				"ttkl3": {
					"rotation": {
						"0.0": [25.11027, 66.13152, 15.51247],
						"0.2083": [118.23056, 35.1731, 113.76968],
						"0.375": [-75.14626, 73.20272, -99.39115]
					}
				},
				"ttkl4": {
					"rotation": {
						"0.0": [38.40277, -2.99221, 38.93884],
						"0.1667": [90.90277, -2.99221, 38.93884],
						"0.375": [15.90277, -2.99221, 38.93884]
					}
				},
				"ttkl5": {
					"rotation": [62.32809, 25.70257, 105.08448]
				},
				"ttkl6": {
					"rotation": [40.56393, -17.94973, 27.55814]
				},
				"ttkl7": {
					"rotation": [49.10661, -20.70481, -107.20765]
				},
				"ttkl8": {
					"rotation": [39.89531, 28.28858, -29.54836]
				}
			}
		},
		"animation.superior.move": {
			"loop": true,
			"animation_length": 0.79167,
			"override_previous_animation": true,
			"bones": {
				"ttkl": {
					"rotation": {
						"0.0": [40.13959, -63.58479, -42.47691],
						"0.25": [111.30995, -72.07116, -117.70944],
						"0.4583": [25.78433, -48.75301, -25.37801],
						"0.625": [111.30995, -72.07116, -117.70944],
						"0.7917": [43.64293, -65.44683, -46.35707]
					}
				},
				"ttkl2": {
					"rotation": {
						"0.0": [63.58884, 29.37387, -40.72285],
						"0.2083": [128.58884, 29.37387, -40.72285],
						"0.4167": [73.58884, 29.37387, -40.72285]
					}
				},
				"ttkl3": {
					"rotation": {
						"0.0": [107.58037, 79.6229, 100.16813],
						"0.3333": [161.13222, 57.92791, 156.16331],
						"0.5833": [119.52765, 78.61828, 112.33198],
						"0.7083": [27.76544, 68.37074, 18.39097],
						"0.7917": [79.5948, 79.94554, 71.74999]
					}
				},
				"ttkl4": {
					"rotation": {
						"0.0": [23.74605, -19.03771, 71.45165],
						"0.3333": [36.24605, -19.03771, 71.45165],
						"0.5833": [18.74605, -19.03771, 71.45165]
					}
				},
				"ttkl5": {
					"rotation": {
						"0.0": [69.61809, 29.98512, 115.31162],
						"0.25": [105.05319, -10.99774, 103.62404],
						"0.4167": [62.55319, -10.99774, 103.62404],
						"0.4583": [65.69896, 15.59727, 107.1543],
						"0.625": [43.19896, 15.59727, 107.1543],
						"0.7083": [35.69896, 15.59727, 107.1543],
						"0.7917": [50.69896, 15.59727, 107.1543]
					}
				},
				"ttkl6": {
					"rotation": {
						"0.0": [38.69702, -8.30573, 35.73573],
						"0.25": [33.76299, -21.72821, 54.49022],
						"0.4583": [38.01526, -11.40974, 39.71486]
					}
				},
				"ttkl7": {
					"rotation": {
						"0.0": [53.59949, -28.53623, -117.94098],
						"0.2083": [64.84949, -28.53623, -117.94098],
						"0.4167": [56.09949, -28.53623, -117.94098],
						"0.5417": [95.38881, 6.29931, -114.42564],
						"0.75": [50.38881, 6.29931, -114.42564],
						"0.7917": [55.65272, -24.80879, -118.81042]
					}
				},
				"ttkl8": {
					"rotation": [39.89531, 28.28858, -29.54836]
				},
				"root": {
					"position": [0, 4, 0]
				}
			}
		},
		"animation.superior.sneak": {
			"loop": true,
			"animation_length": 0.08333,
			"override_previous_animation": true,
			"bones": {
				"RightLeg": {
					"rotation": [0, 0, 57.5],
					"position": [0, -3, -2]
				},
				"LeftLeg": {
					"rotation": [39.10406, 18.17696, -20.99692],
					"position": [0, -4, -4]
				},
				"waist": {
					"rotation": [67.5, 0, 0],
					"position": [0, 5, 8]
				},
				"Head": {
					"rotation": [-57.5, 0, 0]
				},
				"RightArm": {
					"rotation": [68.82717, -18.74724, 7.09597]
				},
				"LeftArm": {
					"rotation": [-95.04292, -7.4713, 0.6574]
				},
				"ttkl": {
					"rotation": [0, -67.5, 0]
				},
				"ttkl2": {
					"rotation": [39.80492, -22.79919, -53.10757]
				},
				"ttkl3": {
					"rotation": [0, 70, 0]
				},
				"ttkl4": {
					"rotation": [40, 0, 52.5]
				},
				"ttkl5": {
					"rotation": [66.741, -17.26588, 119.15996]
				},
				"ttkl6": {
					"rotation": [40, 0, 0]
				},
				"ttkl7": {
					"rotation": [-6.83786, -68.30543, -7.62782]
				},
				"ttkl8": {
					"rotation": [40, 0, -130]
				}
			}
		}
	}
}