{
	"format_version": "1.8.0",
	"animations": {
		"animation.taser.hold": {
			"loop": true,
			"animation_length": 0.20833,
			"override_previous_animation": true,
			"bones": {
				"Light": {
					"rotation": {
						"0.0": [0, -5, 0],
						"0.0833": [0, -100, 0],
						"0.125": [0, -252.5, 0],
						"0.2083": [0, -335, 0]
					},
					"scale": {
						"0.0": [1, 0.9, 1],
						"0.0833": [1, 1.1, 1],
						"0.1667": [1, 0.9, 1],
						"0.2083": [1, 1, 1]
					}
				}
			}
		},
		"animation.taser.hey": {
			"loop": true,
			"animation_length": 0.41667,
			"override_previous_animation": true,
			"bones": {
				"RightArm": {
					"rotation": [-85, 0, 0]
				},
				"Mini": {
					"rotation": {
						"0.0": [0, 0, 0],
						"0.0833": [0, -47.5, 0],
						"0.125": [0, -95, 0],
						"0.1667": [0, -145, 0],
						"0.2083": [0, -185, 0],
						"0.3333": [0, -245, 0],
						"0.4167": [0, -295, 0]
					},
					"position": [0, -6, 0],
					"scale": {
						"0.0": [1, 0.3, 1],
						"0.125": [8, 6.9, 7.3],
						"0.2083": [8, 9.4, 7.3],
						"0.3333": [2.7, 12.9, 2.8],
						"0.375": [1.3, 12.9, 1.3],
						"0.4167": [1.3, 0.7, 1.3]
					}
				}
			}
		}
	}
}