{
	"format_version": "1.8.0",
	"animations": {
		"animation.orgimchak.yer": {
			"loop": true,
			"animation_length": 0.45833,
			"override_previous_animation": true,
			"bones": {
				"root": {
					"rotation": {
						"0.0": [-2.5, 0, 0],
						"0.1667": [92.5, 0, 0],
						"0.3333": [230.0764, 4.58946, 3.2437],
						"0.4583": [355.0764, 4.58946, 3.2437]
					},
					"position": {
						"0.0": [0, -8, 0],
						"0.1667": [0, 7, 10],
						"0.3333": [0, 12, -10],
						"0.4583": [0, -5, 2]
					}
				},
				"RightLeg": {
					"rotation": [-42.5, 0, 0]
				},
				"LeftLeg": {
					"rotation": [-32.5, 0, 0]
				},
				"Body": {
					"position": [0, -4, 0]
				},
				"Head": {
					"rotation": [37.5, 0, 0]
				},
				"RightArm": {
					"rotation": [-147.5, 0, 0]
				},
				"LeftArm": {
					"rotation": [-142.5, 0, 0]
				}
			}
		},
		"animation.orgimchak.yer2": {
			"loop": true,
			"animation_length": 1.20833,
			"override_previous_animation": true,
			"bones": {
				"RightLeg": {
					"rotation": {
						"0.0": [0, 0, 0],
						"0.25": [-22.42287, 1.91134, 4.62111],
						"1.0417": [-0.08981, 1.91079, -0.38167]
					},
					"position": {
						"0.0": [0, 0, 0],
						"0.2917": [0, -2, 0],
						"1.0417": [0, 0, 0]
					}
				},
				"LeftLeg": {
					"rotation": {
						"0.0": [2.05147, -5.49682, 0.75223],
						"0.2917": [32.39936, 14.02846, -20.9057],
						"1.0833": [1.86441, 3.37269, -0.10473]
					},
					"position": {
						"0.0": [0, 0, 0],
						"0.2917": [0, -1, 0],
						"1.0833": [0, 0, 0]
					}
				},
				"Body": {
					"rotation": {
						"0.0": [0, 0, 0],
						"0.25": [87.5, 0, 0],
						"0.7083": [87.5, 0, 0],
						"1.0": [0, 0, 0]
					},
					"position": {
						"0.0": [0, 0, 0],
						"0.25": [0, -14, -10],
						"0.7083": [0, -12.39, -9.89],
						"1.0": [0, 3, 0],
						"1.0417": [0, 0, 0]
					}
				},
				"Head": {
					"rotation": {
						"0.0": [2.5, 0, 0],
						"0.25": [-82.5, 0, 0],
						"0.6667": [-77.5, 0, 0],
						"1.0": [-7.5, 0, 0]
					}
				},
				"RightArm": {
					"rotation": {
						"0.0": [0, 0, 0],
						"0.25": [-115, 0, 0],
						"1.0": [-2.5, 0, 0]
					}
				},
				"LeftArm": {
					"rotation": {
						"0.0": [-0.90955, 3.17916, -1.7529],
						"0.25": [58.00091, 9.28451, -18.2389],
						"1.0": [3.00091, 9.28451, -18.2389],
						"1.0417": [5.66657, 7.95143, -0.58848]
					}
				}
			}
		},
		"animation.orgimchak.zip2": {
			"loop": true,
			"animation_length": 0.70833,
			"override_previous_animation": true,
			"bones": {
				"root": {
					"rotation": {
						"0.0": [89.90487, -4.28605, 0.38131],
						"0.1667": [91.90028, 3.84365, -154.55848],
						"0.3333": [85.93917, -1.37554, -289.57348],
						"0.5": [89.90487, -4.28605, -359.61869],
						"0.7083": [87.77415, 3.66492, -572.19347]
					},
					"position": [0, 11, 15]
				},
				"RightLeg": {
					"rotation": [9.99067, 0.43399, -2.46207]
				},
				"LeftLeg": {
					"rotation": [-4.99527, 0.21782, 2.4905]
				},
				"Head": {
					"rotation": [-10, 0, 0]
				},
				"RightArm": {
					"rotation": [-22.01816, -4.75113, -11.57518]
				},
				"LeftArm": {
					"rotation": [23.30696, -9.30727, 20.57639]
				}
			}
		},
		"animation.orgimchak.zip3": {
			"loop": true,
			"animation_length": 0.5,
			"override_previous_animation": true,
			"bones": {
				"root": {
					"rotation": {
						"0.0": [-90, 0, 0],
						"0.25": [-90, 0, 140],
						"0.5": [-90, 0, 370]
					},
					"position": [0, 8, -16]
				},
				"RightLeg": {
					"rotation": [-12.48848, -0.54094, -2.44081]
				},
				"LeftLeg": {
					"rotation": [2.47864, -0.32621, 7.49294]
				},
				"Head": {
					"rotation": [-15, 0, 0]
				},
				"RightArm": {
					"rotation": [-17.5, 0, 25]
				},
				"LeftArm": {
					"rotation": [13.94128, 2.00246, -24.93641]
				}
			}
		},
		"animation.orgimchak.zip4": {
			"loop": true,
			"animation_length": 1,
			"override_previous_animation": true,
			"bones": {
				"root": {
					"rotation": {
						"0.0": [-92.5, 0, 0],
						"0.2917": [-90, 0, 0],
						"0.5417": [10, 0, 0],
						"1.0": [15, 0, 0]
					},
					"position": {
						"0.0": [0, 6, -10],
						"0.2917": [0, 5.15, -13.62],
						"0.5417": [0, 1, 0]
					}
				},
				"RightLeg": {
					"rotation": [0, 0, -17.5],
					"position": [-1, 0, 0]
				},
				"LeftLeg": {
					"rotation": [2.5, 0, 15],
					"position": [1, 0, 0]
				},
				"Head": {
					"rotation": {
						"0.0": [17.5, 0, 0],
						"0.5417": [2.5, 0, 0]
					},
					"position": [0, 0, 0]
				},
				"RightArm": {
					"rotation": [0, 0, 27.5]
				},
				"LeftArm": {
					"rotation": [0, 0, -40]
				}
			}
		}
	}
}