{
  "format_version": "1.12.0",
  "minecraft:geometry": [
    {
      "description": {
        "identifier": "geometry.good_big_glasses_toilet",
        "texture_width": 96,
        "texture_height": 96,
        "visible_bounds_width": 5,
        "visible_bounds_height": 5,
        "visible_bounds_offset": [
          0,
          0.5,
          0
        ]
      },
      "bones": [
        {
          "name": "bb_main",
          "pivot": [
            0,
            0,
            0
          ],
          "cubes": [
            {
              "origin": [
                -5,
                0,
                -6
              ],
              "size": [
                10,
                10,
                11
              ],
              "uv": [
                54,
                0
              ]
            },
            {
              "origin": [
                -4,
                0,
                -7
              ],
              "size": [
                8,
                10,
                1
              ],
              "uv": [
                36,
                56
              ]
            },
            {
              "origin": [
                -4,
                0,
                5
              ],
              "size": [
                8,
                10,
                1
              ],
              "uv": [
                18,
                56
              ]
            },
            {
              "origin": [
                -6,
                0,
                -5
              ],
              "size": [
                1,
                10,
                9
              ],
              "uv": [
                20,
                37
              ]
            },
            {
              "origin": [
                5,
                0,
                -5
              ],
              "size": [
                1,
                10,
                9
              ],
              "uv": [
                0,
                37
              ]
            },
            {
              "origin": [
                -6,
                10,
                -9
              ],
              "size": [
                12,
                3,
                15
              ],
              "uv": [
                0,
                0
              ]
            },
            {
              "origin": [
                -6,
                8,
                -11
              ],
              "size": [
                12,
                3,
                5
              ],
              "pivot": [
                0,
                0,
                0
              ],
              "rotation": [
                -10,
                0,
                0
              ],
              "uv": [
                28,
                21
              ]
            },
            {
              "origin": [
                -5,
                9,
                -12
              ],
              "size": [
                10,
                2,
                1
              ],
              "pivot": [
                0,
                0,
                0
              ],
              "rotation": [
                -10,
                0,
                0
              ],
              "uv": [
                0,
                73
              ]
            },
            {
              "origin": [
                -2,
                10,
                1
              ],
              "size": [
                4,
                11,
                4
              ],
              "pivot": [
                0,
                0,
                0
              ],
              "rotation": [
                22.5,
                0,
                0
              ],
              "uv": [
                40,
                37
              ]
            },
            {
              "origin": [
                -3,
                17,
                -8
              ],
              "size": [
                6,
                7,
                7
              ],
              "uv": [
                62,
                21
              ]
            },
            {
              "origin": [
                -4,
                20,
                -9
              ],
              "size": [
                3,
                3,
                1
              ],
              "uv": [
                16,
                83
              ]
            },
            {
              "origin": [
                -1,
                21,
                -9
              ],
              "size": [
                2,
                1,
                1
              ],
              "uv": [
                16,
                87
              ]
            },
            {
              "origin": [
                1,
                20,
                -9
              ],
              "size": [
                3,
                3,
                1
              ],
              "uv": [
                16,
                79
              ]
            },
            {
              "origin": [
                -3,
                24,
                -7
              ],
              "size": [
                6,
                1,
                5
              ],
              "uv": [
                0,
                67
              ]
            },
            {
              "origin": [
                -3,
                16,
                -7
              ],
              "size": [
                6,
                1,
                5
              ],
              "uv": [
                54,
                56
              ]
            },
            {
              "origin": [
                -4,
                17,
                -7
              ],
              "size": [
                1,
                7,
                5
              ],
              "uv": [
                34,
                67
              ]
            },
            {
              "origin": [
                3,
                17,
                -7
              ],
              "size": [
                1,
                7,
                5
              ],
              "uv": [
                22,
                67
              ]
            },
            {
              "origin": [
                -5,
                13,
                3
              ],
              "size": [
                10,
                12,
                4
              ],
              "uv": [
                0,
                21
              ]
            },
            {
              "origin": [
                -4,
                14,
                7
              ],
              "size": [
                8,
                10,
                1
              ],
              "uv": [
                0,
                56
              ]
            },
            {
              "origin": [
                -6,
                13,
                3
              ],
              "size": [
                1,
                11,
                3
              ],
              "uv": [
                8,
                79
              ]
            },
            {
              "origin": [
                5,
                13,
                3
              ],
              "size": [
                1,
                11,
                3
              ],
              "uv": [
                0,
                79
              ]
            },
            {
              "origin": [
                4,
                25,
                4
              ],
              "size": [
                1,
                2,
                1
              ],
              "uv": [
                16,
                89
              ]
            }
          ]
        }
      ]
    }
  ]
}