{
  "format_version": "1.12.0",
  "minecraft:geometry": [
    {
      "description": {
        "identifier": "geometry.good_cameraman",
        "texture_width": 272,
        "texture_height": 272,
        "visible_bounds_width": 14,
        "visible_bounds_height": 13,
        "visible_bounds_offset": [
          0,
          2.5,
          0
        ]
      },
      "bones": [
        {
          "name": "bb_main",
          "pivot": [
            0,
            0,
            0
          ],
          "cubes": [
            {
              "origin": [
                -11,
                28.00725,
                -3.94494
              ],
              "size": [
                6,
                13,
                5
              ],
              "pivot": [
                0,
                23,
                3
              ],
              "rotation": [
                -25,
                0,
                0
              ],
              "uv": [
                22,
                162
              ]
            },
            {
              "origin": [
                4,
                28.00725,
                -3.94494
              ],
              "size": [
                6,
                13,
                5
              ],
              "pivot": [
                0,
                23,
                3
              ],
              "rotation": [
                -25,
                0,
                0
              ],
              "uv": [
                0,
                162
              ]
            },
            {
              "origin": [
                -12,
                29.00725,
                -2.94494
              ],
              "size": [
                1,
                12,
                3
              ],
              "pivot": [
                0,
                23,
                3
              ],
              "rotation": [
                -25,
                0,
                0
              ],
              "uv": [
                80,
                237
              ]
            },
            {
              "origin": [
                -5,
                29.00725,
                -2.94494
              ],
              "size": [
                1,
                12,
                3
              ],
              "pivot": [
                0,
                23,
                3
              ],
              "rotation": [
                -25,
                0,
                0
              ],
              "uv": [
                72,
                237
              ]
            },
            {
              "origin": [
                3,
                29.00725,
                -2.94494
              ],
              "size": [
                1,
                12,
                3
              ],
              "pivot": [
                0,
                23,
                3
              ],
              "rotation": [
                -25,
                0,
                0
              ],
              "uv": [
                64,
                237
              ]
            },
            {
              "origin": [
                10,
                29.00725,
                -2.94494
              ],
              "size": [
                1,
                12,
                3
              ],
              "pivot": [
                0,
                23,
                3
              ],
              "rotation": [
                -25,
                0,
                0
              ],
              "uv": [
                56,
                237
              ]
            },
            {
              "origin": [
                -12,
                3,
                0
              ],
              "size": [
                1,
                28,
                3
              ],
              "uv": [
                44,
                193
              ]
            },
            {
              "origin": [
                3,
                3,
                0
              ],
              "size": [
                1,
                28,
                3
              ],
              "uv": [
                28,
                193
              ]
            },
            {
              "origin": [
                10,
                3,
                0
              ],
              "size": [
                1,
                28,
                3
              ],
              "uv": [
                20,
                193
              ]
            },
            {
              "origin": [
                -5,
                3,
                0
              ],
              "size": [
                1,
                28,
                3
              ],
              "uv": [
                36,
                193
              ]
            },
            {
              "origin": [
                -11,
                0,
                -8
              ],
              "size": [
                6,
                3,
                12
              ],
              "uv": [
                20,
                146
              ]
            },
            {
              "origin": [
                4,
                0,
                -8
              ],
              "size": [
                6,
                3,
                12
              ],
              "uv": [
                20,
                131
              ]
            },
            {
              "origin": [
                -11,
                2,
                -7
              ],
              "size": [
                6,
                2,
                11
              ],
              "uv": [
                56,
                144
              ]
            },
            {
              "origin": [
                4,
                2,
                -7
              ],
              "size": [
                6,
                2,
                11
              ],
              "uv": [
                56,
                131
              ]
            },
            {
              "origin": [
                -11,
                4,
                -1
              ],
              "size": [
                6,
                26,
                5
              ],
              "uv": [
                86,
                100
              ]
            },
            {
              "origin": [
                4,
                4,
                -1
              ],
              "size": [
                6,
                26,
                5
              ],
              "uv": [
                64,
                100
              ]
            },
            {
              "origin": [
                -12,
                0,
                -7
              ],
              "size": [
                1,
                3,
                10
              ],
              "uv": [
                66,
                224
              ]
            },
            {
              "origin": [
                -5,
                0,
                -7
              ],
              "size": [
                1,
                3,
                10
              ],
              "uv": [
                44,
                224
              ]
            },
            {
              "origin": [
                3,
                0,
                -7
              ],
              "size": [
                1,
                3,
                10
              ],
              "uv": [
                22,
                224
              ]
            },
            {
              "origin": [
                10,
                0,
                -7
              ],
              "size": [
                1,
                3,
                10
              ],
              "uv": [
                0,
                224
              ]
            },
            {
              "origin": [
                -11,
                39,
                3
              ],
              "size": [
                21,
                27,
                6
              ],
              "uv": [
                0,
                0
              ]
            },
            {
              "origin": [
                -11,
                66,
                3
              ],
              "size": [
                21,
                2,
                6
              ],
              "uv": [
                40,
                54
              ]
            },
            {
              "origin": [
                -14,
                68,
                3
              ],
              "size": [
                28,
                2,
                6
              ],
              "uv": [
                54,
                0
              ]
            },
            {
              "origin": [
                -3,
                70,
                4
              ],
              "size": [
                4,
                7,
                4
              ],
              "uv": [
                0,
                237
              ]
            },
            {
              "origin": [
                -11,
                68,
                3
              ],
              "size": [
                20,
                3,
                5
              ],
              "uv": [
                0,
                80
              ]
            },
            {
              "origin": [
                -2,
                56,
                1
              ],
              "size": [
                2,
                5,
                2
              ],
              "uv": [
                56,
                252
              ]
            },
            {
              "origin": [
                -3,
                61,
                1
              ],
              "size": [
                4,
                8,
                2
              ],
              "uv": [
                0,
                252
              ]
            },
            {
              "origin": [
                -4,
                76,
                -6
              ],
              "size": [
                6,
                6,
                15
              ],
              "uv": [
                40,
                33
              ]
            },
            {
              "origin": [
                -5,
                76,
                -7
              ],
              "size": [
                1,
                6,
                15
              ],
              "uv": [
                32,
                100
              ]
            },
            {
              "origin": [
                2,
                76,
                -7
              ],
              "size": [
                1,
                6,
                15
              ],
              "uv": [
                0,
                100
              ]
            },
            {
              "origin": [
                -4,
                82,
                -7
              ],
              "size": [
                6,
                1,
                15
              ],
              "uv": [
                0,
                64
              ]
            },
            {
              "origin": [
                -4,
                83,
                3
              ],
              "size": [
                6,
                3,
                5
              ],
              "uv": [
                88,
                224
              ]
            },
            {
              "origin": [
                -6,
                75,
                4
              ],
              "size": [
                1,
                8,
                3
              ],
              "pivot": [
                0,
                79,
                6
              ],
              "rotation": [
                0,
                0,
                22.5
              ],
              "uv": [
                36,
                252
              ]
            },
            {
              "origin": [
                3,
                76,
                4
              ],
              "size": [
                1,
                8,
                3
              ],
              "pivot": [
                0,
                79,
                6
              ],
              "rotation": [
                -1.53603,
                4.32802,
                -18.327
              ],
              "uv": [
                28,
                252
              ]
            },
            {
              "origin": [
                4,
                72,
                4
              ],
              "size": [
                1,
                8,
                3
              ],
              "pivot": [
                0,
                79,
                6
              ],
              "rotation": [
                2.02089,
                2.84343,
                29.55553
              ],
              "uv": [
                20,
                252
              ]
            },
            {
              "origin": [
                -7,
                72,
                4
              ],
              "size": [
                1,
                9,
                3
              ],
              "pivot": [
                0,
                79,
                6
              ],
              "rotation": [
                0.34473,
                -1.07805,
                -27.37354
              ],
              "uv": [
                12,
                252
              ]
            },
            {
              "origin": [
                -2,
                86,
                4
              ],
              "size": [
                2,
                1,
                4
              ],
              "uv": [
                44,
                258
              ]
            },
            {
              "origin": [
                -4,
                84,
                -1
              ],
              "size": [
                2,
                2,
                4
              ],
              "uv": [
                44,
                252
              ]
            },
            {
              "origin": [
                -4,
                75,
                -7
              ],
              "size": [
                6,
                1,
                15
              ],
              "uv": [
                94,
                33
              ]
            },
            {
              "origin": [
                -10,
                39,
                2
              ],
              "size": [
                19,
                30,
                1
              ],
              "uv": [
                0,
                33
              ]
            },
            {
              "origin": [
                -12,
                39,
                -3
              ],
              "size": [
                9,
                30,
                1
              ],
              "pivot": [
                0,
                56,
                0
              ],
              "rotation": [
                0,
                25,
                0
              ],
              "uv": [
                0,
                131
              ]
            },
            {
              "origin": [
                -12,
                66.80761,
                -1.80761
              ],
              "size": [
                9,
                3,
                1
              ],
              "pivot": [
                0,
                69,
                0
              ],
              "rotation": [
                -52.5,
                25,
                0
              ],
              "uv": [
                20,
                237
              ]
            },
            {
              "origin": [
                1,
                66.80761,
                -1.80761
              ],
              "size": [
                9,
                3,
                1
              ],
              "pivot": [
                0,
                69,
                0
              ],
              "rotation": [
                -51.56421,
                -26.1464,
                -0.98888
              ],
              "uv": [
                0,
                248
              ]
            },
            {
              "origin": [
                1,
                39,
                -3
              ],
              "size": [
                9,
                30,
                1
              ],
              "pivot": [
                0,
                56,
                0
              ],
              "rotation": [
                0,
                -27.5,
                0
              ],
              "uv": [
                108,
                100
              ]
            },
            {
              "origin": [
                -12.74954,
                32.28139,
                -0.81155
              ],
              "size": [
                9,
                9,
                1
              ],
              "pivot": [
                -8,
                37,
                0
              ],
              "rotation": [
                -20,
                25,
                0
              ],
              "uv": [
                130,
                224
              ]
            },
            {
              "origin": [
                1.17194,
                31.342,
                -2.46837
              ],
              "size": [
                9,
                9,
                1
              ],
              "pivot": [
                5,
                37,
                0
              ],
              "rotation": [
                -27.59944,
                -18.36607,
                7.0644
              ],
              "uv": [
                110,
                224
              ]
            },
            {
              "origin": [
                -10,
                39,
                9
              ],
              "size": [
                19,
                30,
                1
              ],
              "uv": [
                122,
                0
              ]
            },
            {
              "origin": [
                -12,
                41,
                4
              ],
              "size": [
                1,
                25,
                4
              ],
              "uv": [
                10,
                193
              ]
            },
            {
              "origin": [
                -18,
                36,
                4
              ],
              "size": [
                5,
                32,
                4
              ],
              "pivot": [
                -11,
                56,
                6
              ],
              "rotation": [
                0,
                0,
                15
              ],
              "uv": [
                68,
                64
              ]
            },
            {
              "origin": [
                11.81778,
                36.78834,
                4
              ],
              "size": [
                5,
                32,
                4
              ],
              "pivot": [
                13,
                56,
                6
              ],
              "rotation": [
                0,
                0,
                -10
              ],
              "uv": [
                50,
                64
              ]
            },
            {
              "origin": [
                12.81778,
                38.78834,
                3
              ],
              "size": [
                3,
                30,
                1
              ],
              "pivot": [
                13,
                56,
                6
              ],
              "rotation": [
                0,
                0,
                -10
              ],
              "uv": [
                52,
                162
              ]
            },
            {
              "origin": [
                12.81778,
                38.78834,
                8
              ],
              "size": [
                3,
                30,
                1
              ],
              "pivot": [
                13,
                56,
                6
              ],
              "rotation": [
                0,
                0,
                -10
              ],
              "uv": [
                44,
                162
              ]
            },
            {
              "origin": [
                -22.44897,
                35.38907,
                4
              ],
              "size": [
                4,
                4,
                4
              ],
              "pivot": [
                -19,
                36,
                6
              ],
              "rotation": [
                0,
                0,
                -12.5
              ],
              "uv": [
                40,
                237
              ]
            },
            {
              "origin": [
                15.42807,
                34.39733,
                4
              ],
              "size": [
                4,
                4,
                4
              ],
              "pivot": [
                18,
                36,
                6
              ],
              "rotation": [
                0,
                0,
                15
              ],
              "uv": [
                20,
                241
              ]
            },
            {
              "origin": [
                -17,
                38,
                3
              ],
              "size": [
                3,
                30,
                1
              ],
              "pivot": [
                -11,
                56,
                6
              ],
              "rotation": [
                0,
                0,
                15
              ],
              "uv": [
                68,
                162
              ]
            },
            {
              "origin": [
                -23,
                38,
                3
              ],
              "size": [
                2,
                2,
                1
              ],
              "pivot": [
                -11,
                56,
                6
              ],
              "rotation": [
                0,
                0,
                -7.5
              ],
              "uv": [
                64,
                252
              ]
            },
            {
              "origin": [
                16.61729,
                36.66926,
                3
              ],
              "size": [
                2,
                2,
                1
              ],
              "pivot": [
                15,
                39,
                6
              ],
              "rotation": [
                0,
                0,
                22.5
              ],
              "uv": [
                56,
                259
              ]
            },
            {
              "origin": [
                -17,
                38,
                8
              ],
              "size": [
                3,
                30,
                1
              ],
              "pivot": [
                -11,
                56,
                6
              ],
              "rotation": [
                0,
                0,
                15
              ],
              "uv": [
                60,
                162
              ]
            },
            {
              "origin": [
                10,
                41,
                4
              ],
              "size": [
                1,
                25,
                4
              ],
              "uv": [
                0,
                193
              ]
            }
          ]
        }
      ]
    }
  ]
}