{
  "format_version": "1.12.0",
  "minecraft:geometry": [
    {
      "description": {
        "identifier": "geometry.good_camera_toilet",
        "texture_width": 96,
        "texture_height": 96,
        "visible_bounds_width": 5,
        "visible_bounds_height": 5,
        "visible_bounds_offset": [
          0,
          0.5,
          0
        ]
      },
      "bones": [
        {
          "name": "bb_main2",
          "pivot": [
            0,
            0,
            0
          ],
          "cubes": [
            {
              "origin": [
                -1,
                13,
                -3
              ],
              "size": [
                2,
                3,
                2
              ],
              "uv": [
                32,
                87
              ]
            },
            {
              "origin": [
                -3,
                16,
                -7
              ],
              "size": [
                6,
                5,
                7
              ],
              "uv": [
                20,
                40
              ]
            },
            {
              "origin": [
                -4.5873,
                16.83309,
                -5
              ],
              "size": [
                1,
                2,
                5
              ],
              "pivot": [
                0,
                18,
                0
              ],
              "rotation": [
                0,
                0,
                30
              ],
              "uv": [
                32,
                73
              ]
            },
            {
              "origin": [
                -2.48941,
                17.69425,
                -5
              ],
              "size": [
                1,
                3,
                5
              ],
              "pivot": [
                0,
                15,
                0
              ],
              "rotation": [
                0,
                0,
                -25
              ],
              "uv": [
                8,
                73
              ]
            },
            {
              "origin": [
                1.51059,
                17.69425,
                -5
              ],
              "size": [
                1,
                2,
                5
              ],
              "pivot": [
                0,
                15,
                0
              ],
              "rotation": [
                0,
                0,
                22.5
              ],
              "uv": [
                20,
                80
              ]
            },
            {
              "origin": [
                4.51059,
                16.69425,
                -5
              ],
              "size": [
                1,
                2,
                5
              ],
              "pivot": [
                0,
                15,
                0
              ],
              "rotation": [
                0,
                0,
                -22.5
              ],
              "uv": [
                20,
                73
              ]
            },
            {
              "origin": [
                -2,
                17,
                -8
              ],
              "size": [
                4,
                3,
                1
              ],
              "uv": [
                22,
                87
              ]
            },
            {
              "origin": [
                1,
                21,
                -7
              ],
              "size": [
                1,
                1,
                4
              ],
              "uv": [
                12,
                87
              ]
            },
            {
              "origin": [
                -1,
                21,
                -5
              ],
              "size": [
                2,
                2,
                4
              ],
              "uv": [
                0,
                87
              ]
            }
          ]
        },
        {
          "name": "bb_main",
          "pivot": [
            0,
            0,
            0
          ],
          "cubes": [
            {
              "origin": [
                -5,
                0,
                -6
              ],
              "size": [
                10,
                10,
                11
              ],
              "uv": [
                54,
                0
              ]
            },
            {
              "origin": [
                -4,
                0,
                -7
              ],
              "size": [
                8,
                10,
                1
              ],
              "uv": [
                18,
                59
              ]
            },
            {
              "origin": [
                -4,
                0,
                5
              ],
              "size": [
                8,
                10,
                1
              ],
              "uv": [
                0,
                59
              ]
            },
            {
              "origin": [
                -6,
                0,
                -5
              ],
              "size": [
                1,
                10,
                9
              ],
              "uv": [
                0,
                40
              ]
            },
            {
              "origin": [
                5,
                0,
                -5
              ],
              "size": [
                1,
                10,
                9
              ],
              "uv": [
                62,
                21
              ]
            },
            {
              "origin": [
                -6,
                10,
                -9
              ],
              "size": [
                12,
                3,
                15
              ],
              "uv": [
                0,
                0
              ]
            },
            {
              "origin": [
                -6,
                8,
                -11
              ],
              "size": [
                12,
                3,
                5
              ],
              "pivot": [
                0,
                0,
                0
              ],
              "rotation": [
                -10,
                0,
                0
              ],
              "uv": [
                28,
                21
              ]
            },
            {
              "origin": [
                -5,
                9,
                -12
              ],
              "size": [
                10,
                2,
                1
              ],
              "pivot": [
                0,
                0,
                0
              ],
              "rotation": [
                -10,
                0,
                0
              ],
              "uv": [
                18,
                70
              ]
            },
            {
              "origin": [
                -5,
                13,
                3
              ],
              "size": [
                10,
                12,
                4
              ],
              "uv": [
                0,
                21
              ]
            },
            {
              "origin": [
                -4,
                14,
                7
              ],
              "size": [
                8,
                10,
                1
              ],
              "uv": [
                46,
                40
              ]
            },
            {
              "origin": [
                -6,
                13,
                3
              ],
              "size": [
                1,
                11,
                3
              ],
              "uv": [
                0,
                73
              ]
            },
            {
              "origin": [
                5,
                13,
                3
              ],
              "size": [
                1,
                11,
                3
              ],
              "uv": [
                40,
                59
              ]
            },
            {
              "origin": [
                4,
                25,
                4
              ],
              "size": [
                1,
                2,
                1
              ],
              "uv": [
                40,
                87
              ]
            }
          ]
        }
      ]
    }
  ]
}