{
  "format_version": "1.12.0",
  "minecraft:geometry": [
    {
      "description": {
        "identifier": "geometry.good_titanweapon",
        "texture_width": 32,
        "texture_height": 32,
        "visible_bounds_width": 4,
        "visible_bounds_height": 9,
        "visible_bounds_offset": [
          0,
          3.5,
          0
        ]
      },
      "bones": [
        {
          "name": "root",
          "pivot": [
            0,
            0,
            0
          ]
        },
        {
          "name": "body",
          "parent": "root",
          "pivot": [
            0,
            0,
            0
          ]
        },
        {
          "name": "rightArmA",
          "parent": "root",
          "pivot": [
            -5,
            22,
            0
          ]
        },
        {
          "name": "rightArm",
          "parent": "rightArmA",
          "pivot": [
            -5,
            22,
            0
          ],
          "cubes": [
            {
              "origin": [
                -8,
                12,
                -2
              ],
              "size": [
                4,
                12,
                4
              ],
              "uv": [
                48,
                0
              ]
            }
          ]
        },
        {
          "name": "pistolRoot",
          "parent": "rightArm",
          "pivot": [
            -6,
            7,
            -2
          ],
          "rotation": [
            0,
            0,
            -180
          ]
        },
        {
          "name": "pistol",
          "parent": "pistolRoot",
          "pivot": [
            5.71419,
            -8.35038,
            25.87932
          ],
          "rotation": [
            82.5287,
            -0.04256,
            179.34818
          ],
          "cubes": [
            {
              "origin": [
                27.75,
                13,
                14
              ],
              "size": [
                2.5,
                13,
                13
              ],
              "uv": [
                0,
                0
              ]
            },
            {
              "origin": [
                25.75,
                13,
                14
              ],
              "size": [
                2.5,
                13,
                13
              ],
              "uv": [
                0,
                0
              ]
            },
            {
              "origin": [
                25.75,
                18,
                22
              ],
              "size": [
                2.5,
                3,
                13
              ],
              "pivot": [
                27,
                19,
                30
              ],
              "rotation": [
                -160,
                0,
                0
              ],
              "uv": [
                0,
                0
              ]
            },
            {
              "origin": [
                31.75,
                14,
                19
              ],
              "size": [
                2.5,
                3,
                13
              ],
              "pivot": [
                27,
                19,
                30
              ],
              "rotation": [
                -133.21918,
                62.00911,
                43.21918
              ],
              "uv": [
                0,
                0
              ]
            },
            {
              "origin": [
                31.75,
                8,
                28
              ],
              "size": [
                2.5,
                3,
                13
              ],
              "pivot": [
                27,
                19,
                30
              ],
              "rotation": [
                -133.21918,
                62.00911,
                43.21918
              ],
              "uv": [
                0,
                0
              ]
            },
            {
              "origin": [
                31.75,
                14,
                36
              ],
              "size": [
                2.5,
                3,
                13
              ],
              "pivot": [
                27,
                19,
                30
              ],
              "rotation": [
                -133.21918,
                62.00911,
                43.21918
              ],
              "uv": [
                0,
                0
              ]
            },
            {
              "origin": [
                19.75,
                12,
                24
              ],
              "size": [
                2.5,
                3,
                13
              ],
              "pivot": [
                27,
                19,
                30
              ],
              "rotation": [
                -168.48436,
                -10.68393,
                -58.81898
              ],
              "uv": [
                0,
                0
              ]
            },
            {
              "origin": [
                19.75,
                18,
                37
              ],
              "size": [
                2.5,
                3,
                13
              ],
              "pivot": [
                27,
                19,
                30
              ],
              "rotation": [
                -168.48436,
                -10.68393,
                -58.81898
              ],
              "uv": [
                0,
                0
              ]
            },
            {
              "origin": [
                23.75,
                13,
                14
              ],
              "size": [
                2.5,
                13,
                13
              ],
              "uv": [
                0,
                0
              ]
            },
            {
              "origin": [
                21.75,
                13,
                14
              ],
              "size": [
                2.5,
                13,
                13
              ],
              "uv": [
                0,
                0
              ]
            },
            {
              "origin": [
                19.75,
                13,
                14
              ],
              "size": [
                2.5,
                13,
                13
              ],
              "uv": [
                0,
                0
              ]
            },
            {
              "origin": [
                17.75,
                13,
                14
              ],
              "size": [
                2.5,
                13,
                13
              ],
              "uv": [
                0,
                0
              ]
            }
          ]
        },
        {
          "name": "leftArmA",
          "parent": "root",
          "pivot": [
            5,
            22,
            0
          ]
        },
        {
          "name": "leftArm",
          "parent": "leftArmA",
          "pivot": [
            5,
            22,
            0
          ],
          "cubes": [
            {
              "origin": [
                4,
                12,
                -2
              ],
              "size": [
                4,
                12,
                4
              ],
              "uv": [
                48,
                0
              ]
            }
          ]
        }
      ]
    }
  ]
}