{
  "format_version": "1.12.0",
  "minecraft:geometry": [
    {
      "description": {
        "identifier": "geometry.good_spider_toilet",
        "texture_width": 160,
        "texture_height": 160,
        "visible_bounds_width": 7,
        "visible_bounds_height": 8,
        "visible_bounds_offset": [
          0,
          2,
          0
        ]
      },
      "bones": [
        {
          "name": "bb_main",
          "pivot": [
            0,
            23,
            0
          ],
          "cubes": [
            {
              "origin": [
                -5,
                23,
                -6
              ],
              "size": [
                10,
                10,
                11
              ],
              "uv": [
                0,
                21
              ]
            },
            {
              "origin": [
                -4,
                23,
                -7
              ],
              "size": [
                8,
                10,
                1
              ],
              "uv": [
                74,
                73
              ]
            },
            {
              "origin": [
                -4,
                22,
                -5
              ],
              "size": [
                8,
                1,
                9
              ],
              "uv": [
                42,
                21
              ]
            },
            {
              "origin": [
                -2,
                17,
                -5
              ],
              "size": [
                4,
                3,
                9
              ],
              "pivot": [
                0,
                23,
                0
              ],
              "rotation": [
                12.5,
                0,
                0
              ],
              "uv": [
                0,
                61
              ]
            },
            {
              "origin": [
                -2,
                20,
                -4
              ],
              "size": [
                4,
                1,
                6
              ],
              "pivot": [
                0,
                23,
                0
              ],
              "rotation": [
                12.5,
                0,
                0
              ],
              "uv": [
                44,
                88
              ]
            },
            {
              "origin": [
                2,
                18,
                -4
              ],
              "size": [
                1,
                2,
                7
              ],
              "pivot": [
                0,
                23,
                0
              ],
              "rotation": [
                12.5,
                0,
                0
              ],
              "uv": [
                80,
                88
              ]
            },
            {
              "origin": [
                -3,
                18,
                -4
              ],
              "size": [
                1,
                2,
                7
              ],
              "pivot": [
                0,
                23,
                0
              ],
              "rotation": [
                12.5,
                0,
                0
              ],
              "uv": [
                64,
                88
              ]
            },
            {
              "origin": [
                -2,
                20,
                -1
              ],
              "size": [
                4,
                5,
                2
              ],
              "pivot": [
                0,
                23,
                0
              ],
              "rotation": [
                12.5,
                0,
                0
              ],
              "uv": [
                40,
                97
              ]
            },
            {
              "origin": [
                -1,
                18,
                -11
              ],
              "size": [
                2,
                1,
                9
              ],
              "pivot": [
                0,
                23,
                0
              ],
              "rotation": [
                12.5,
                0,
                0
              ],
              "uv": [
                0,
                73
              ]
            },
            {
              "origin": [
                -4,
                23,
                5
              ],
              "size": [
                8,
                10,
                1
              ],
              "uv": [
                56,
                73
              ]
            },
            {
              "origin": [
                -6,
                23,
                -5
              ],
              "size": [
                1,
                10,
                9
              ],
              "uv": [
                80,
                42
              ]
            },
            {
              "origin": [
                5,
                23,
                -5
              ],
              "size": [
                1,
                10,
                9
              ],
              "uv": [
                60,
                42
              ]
            },
            {
              "origin": [
                -6,
                33,
                -9
              ],
              "size": [
                12,
                3,
                15
              ],
              "uv": [
                76,
                3
              ]
            },
            {
              "origin": [
                -22,
                35,
                -2
              ],
              "size": [
                16,
                2,
                1
              ],
              "pivot": [
                -12,
                33,
                0
              ],
              "rotation": [
                0,
                0,
                27.5
              ],
              "uv": [
                26,
                67
              ]
            },
            {
              "origin": [
                5.37277,
                33.30328,
                -2
              ],
              "size": [
                16,
                2,
                1
              ],
              "pivot": [
                9,
                33,
                0
              ],
              "rotation": [
                0,
                0,
                -27.5
              ],
              "uv": [
                26,
                64
              ]
            },
            {
              "origin": [
                -22.02043,
                37.91018,
                -2
              ],
              "size": [
                3,
                2,
                1
              ],
              "pivot": [
                -19,
                39,
                0
              ],
              "rotation": [
                0,
                0,
                57.5
              ],
              "uv": [
                52,
                97
              ]
            },
            {
              "origin": [
                -43,
                40,
                -2
              ],
              "size": [
                37,
                2,
                1
              ],
              "pivot": [
                -12,
                33,
                0
              ],
              "rotation": [
                0,
                0,
                -82.5
              ],
              "uv": [
                0,
                3
              ]
            },
            {
              "origin": [
                -28.82737,
                34.88023,
                14
              ],
              "size": [
                38,
                2,
                1
              ],
              "pivot": [
                2,
                33,
                16
              ],
              "rotation": [
                -92.53554,
                12.16192,
                -90.54157
              ],
              "uv": [
                0,
                0
              ]
            },
            {
              "origin": [
                -31.82737,
                35.88023,
                14
              ],
              "size": [
                3,
                1,
                1
              ],
              "pivot": [
                2,
                33,
                16
              ],
              "rotation": [
                -92.53554,
                12.16192,
                -90.54157
              ],
              "uv": [
                0,
                111
              ]
            },
            {
              "origin": [
                -2.82737,
                37.88023,
                14
              ],
              "size": [
                16,
                2,
                1
              ],
              "pivot": [
                2,
                33,
                16
              ],
              "rotation": [
                94.99711,
                60.23258,
                94.33338
              ],
              "uv": [
                26,
                61
              ]
            },
            {
              "origin": [
                -7.82737,
                34.88023,
                14
              ],
              "size": [
                4,
                2,
                1
              ],
              "pivot": [
                2,
                33,
                16
              ],
              "rotation": [
                92.87092,
                30.29517,
                91.44209
              ],
              "uv": [
                40,
                104
              ]
            },
            {
              "origin": [
                0.43812,
                16.43824,
                -2
              ],
              "size": [
                37,
                2,
                1
              ],
              "pivot": [
                18,
                20,
                14
              ],
              "rotation": [
                0,
                0,
                -95
              ],
              "uv": [
                78,
                0
              ]
            },
            {
              "origin": [
                16.86078,
                39.22778,
                -2
              ],
              "size": [
                4,
                2,
                1
              ],
              "pivot": [
                19,
                40,
                -2
              ],
              "rotation": [
                0,
                0,
                -52.5
              ],
              "uv": [
                40,
                107
              ]
            },
            {
              "origin": [
                -2.56188,
                17.43824,
                -2
              ],
              "size": [
                3,
                1,
                1
              ],
              "pivot": [
                18,
                20,
                14
              ],
              "rotation": [
                0,
                0,
                -95
              ],
              "uv": [
                8,
                111
              ]
            },
            {
              "origin": [
                -46,
                40,
                -2
              ],
              "size": [
                3,
                1,
                1
              ],
              "pivot": [
                -12,
                33,
                0
              ],
              "rotation": [
                0,
                0,
                -82.5
              ],
              "uv": [
                16,
                111
              ]
            },
            {
              "origin": [
                -6,
                31,
                -11
              ],
              "size": [
                12,
                3,
                5
              ],
              "pivot": [
                0,
                23,
                0
              ],
              "rotation": [
                -10,
                0,
                0
              ],
              "uv": [
                0,
                42
              ]
            },
            {
              "origin": [
                -5,
                32,
                -12
              ],
              "size": [
                10,
                2,
                1
              ],
              "pivot": [
                0,
                23,
                0
              ],
              "rotation": [
                -10,
                0,
                0
              ],
              "uv": [
                96,
                88
              ]
            },
            {
              "origin": [
                -2,
                33,
                1
              ],
              "size": [
                4,
                11,
                4
              ],
              "pivot": [
                0,
                23,
                0
              ],
              "rotation": [
                22.5,
                0,
                0
              ],
              "uv": [
                22,
                73
              ]
            },
            {
              "origin": [
                -3,
                40,
                -8
              ],
              "size": [
                6,
                7,
                7
              ],
              "uv": [
                34,
                42
              ]
            },
            {
              "origin": [
                -3,
                47,
                -7
              ],
              "size": [
                6,
                1,
                5
              ],
              "uv": [
                22,
                88
              ]
            },
            {
              "origin": [
                -3,
                39,
                -7
              ],
              "size": [
                6,
                1,
                5
              ],
              "uv": [
                0,
                88
              ]
            },
            {
              "origin": [
                -4,
                40,
                -7
              ],
              "size": [
                1,
                7,
                5
              ],
              "uv": [
                12,
                97
              ]
            },
            {
              "origin": [
                3,
                40,
                -7
              ],
              "size": [
                1,
                7,
                5
              ],
              "uv": [
                0,
                97
              ]
            },
            {
              "origin": [
                -5,
                36,
                3
              ],
              "size": [
                10,
                12,
                4
              ],
              "uv": [
                76,
                21
              ]
            },
            {
              "origin": [
                -4,
                37,
                7
              ],
              "size": [
                8,
                10,
                1
              ],
              "uv": [
                38,
                73
              ]
            },
            {
              "origin": [
                -6,
                36,
                3
              ],
              "size": [
                1,
                11,
                3
              ],
              "uv": [
                32,
                97
              ]
            },
            {
              "origin": [
                5,
                36,
                3
              ],
              "size": [
                1,
                11,
                3
              ],
              "uv": [
                24,
                97
              ]
            },
            {
              "origin": [
                4,
                48,
                4
              ],
              "size": [
                1,
                2,
                1
              ],
              "uv": [
                24,
                111
              ]
            }
          ]
        }
      ]
    }
  ]
}