{
  "format_version": "1.12.0",
  "minecraft:geometry": [
    {
      "description": {
        "identifier": "geometry.good_claw_toilet",
        "texture_width": 144,
        "texture_height": 144,
        "visible_bounds_width": 8,
        "visible_bounds_height": 8,
        "visible_bounds_offset": [
          0,
          1,
          0
        ]
      },
      "bones": [
        {
          "name": "bb_main",
          "pivot": [
            0,
            10,
            0
          ],
          "cubes": [
            {
              "origin": [
                -5,
                10,
                -6
              ],
              "size": [
                10,
                10,
                11
              ],
              "uv": [
                54,
                0
              ]
            },
            {
              "origin": [
                -4,
                4,
                -6
              ],
              "size": [
                8,
                6,
                11
              ],
              "uv": [
                96,
                0
              ]
            },
            {
              "origin": [
                -5,
                4,
                -5
              ],
              "size": [
                1,
                6,
                9
              ],
              "uv": [
                60,
                37
              ]
            },
            {
              "origin": [
                4,
                4,
                -5
              ],
              "size": [
                1,
                6,
                9
              ],
              "uv": [
                40,
                37
              ]
            },
            {
              "origin": [
                -3,
                0,
                -6
              ],
              "size": [
                6,
                4,
                11
              ],
              "uv": [
                0,
                21
              ]
            },
            {
              "origin": [
                -4,
                0,
                -5
              ],
              "size": [
                1,
                4,
                9
              ],
              "uv": [
                20,
                56
              ]
            },
            {
              "origin": [
                3,
                0,
                -5
              ],
              "size": [
                1,
                4,
                9
              ],
              "uv": [
                0,
                56
              ]
            },
            {
              "origin": [
                6,
                0,
                -3
              ],
              "size": [
                4,
                5,
                5
              ],
              "uv": [
                18,
                82
              ]
            },
            {
              "origin": [
                2,
                1,
                -1
              ],
              "size": [
                4,
                2,
                1
              ],
              "uv": [
                8,
                115
              ]
            },
            {
              "origin": [
                -7,
                1,
                -1
              ],
              "size": [
                4,
                2,
                1
              ],
              "uv": [
                8,
                112
              ]
            },
            {
              "origin": [
                -10,
                0,
                -3
              ],
              "size": [
                4,
                5,
                5
              ],
              "uv": [
                0,
                82
              ]
            },
            {
              "origin": [
                -4,
                10,
                -7
              ],
              "size": [
                8,
                10,
                1
              ],
              "uv": [
                62,
                71
              ]
            },
            {
              "origin": [
                -4,
                10,
                5
              ],
              "size": [
                8,
                10,
                1
              ],
              "uv": [
                44,
                71
              ]
            },
            {
              "origin": [
                -6,
                10,
                -5
              ],
              "size": [
                1,
                10,
                9
              ],
              "uv": [
                20,
                37
              ]
            },
            {
              "origin": [
                5,
                10,
                -5
              ],
              "size": [
                1,
                10,
                9
              ],
              "uv": [
                0,
                37
              ]
            },
            {
              "origin": [
                -6,
                20,
                -9
              ],
              "size": [
                12,
                3,
                15
              ],
              "uv": [
                0,
                0
              ]
            },
            {
              "origin": [
                -18,
                20,
                1
              ],
              "size": [
                12,
                2,
                1
              ],
              "pivot": [
                0,
                10,
                0
              ],
              "rotation": [
                0,
                -35,
                0
              ],
              "uv": [
                0,
                74
              ]
            },
            {
              "origin": [
                6,
                20,
                1
              ],
              "size": [
                12,
                2,
                1
              ],
              "pivot": [
                0,
                10,
                0
              ],
              "rotation": [
                0,
                30,
                0
              ],
              "uv": [
                56,
                59
              ]
            },
            {
              "origin": [
                -28.12677,
                20,
                -13.88728
              ],
              "size": [
                12,
                2,
                1
              ],
              "pivot": [
                -19,
                20,
                -11
              ],
              "rotation": [
                0,
                -72.5,
                0
              ],
              "uv": [
                0,
                71
              ]
            },
            {
              "origin": [
                5.94994,
                20,
                -13.41462
              ],
              "size": [
                12,
                2,
                1
              ],
              "pivot": [
                14,
                20,
                -11
              ],
              "rotation": [
                0,
                -92.5,
                0
              ],
              "uv": [
                56,
                56
              ]
            },
            {
              "origin": [
                -33.12677,
                20,
                -17.88728
              ],
              "size": [
                8,
                2,
                1
              ],
              "pivot": [
                -19,
                20,
                -11
              ],
              "rotation": [
                0,
                -40,
                0
              ],
              "uv": [
                8,
                109
              ]
            },
            {
              "origin": [
                -34.12677,
                20,
                2.11272
              ],
              "size": [
                8,
                2,
                1
              ],
              "pivot": [
                -19,
                20,
                -11
              ],
              "rotation": [
                0,
                -125,
                0
              ],
              "uv": [
                8,
                106
              ]
            },
            {
              "origin": [
                -35.12677,
                20,
                -6.88728
              ],
              "size": [
                9,
                2,
                1
              ],
              "pivot": [
                -19,
                20,
                -11
              ],
              "rotation": [
                0,
                -120,
                0
              ],
              "uv": [
                24,
                98
              ]
            },
            {
              "origin": [
                -52.12677,
                20,
                -37.88728
              ],
              "size": [
                9,
                2,
                1
              ],
              "pivot": [
                -19,
                20,
                -11
              ],
              "rotation": [
                0,
                -120,
                0
              ],
              "uv": [
                24,
                95
              ]
            },
            {
              "origin": [
                17.05976,
                20,
                -27.01421
              ],
              "size": [
                9,
                2,
                1
              ],
              "pivot": [
                23,
                20,
                -32
              ],
              "rotation": [
                0,
                -55,
                0
              ],
              "uv": [
                24,
                92
              ]
            },
            {
              "origin": [
                20.05976,
                20,
                -20.01421
              ],
              "size": [
                10,
                2,
                1
              ],
              "pivot": [
                23,
                20,
                -32
              ],
              "rotation": [
                0,
                -55,
                0
              ],
              "uv": [
                58,
                88
              ]
            },
            {
              "origin": [
                -6,
                18,
                -11
              ],
              "size": [
                12,
                3,
                5
              ],
              "pivot": [
                0,
                10,
                0
              ],
              "rotation": [
                -10,
                0,
                0
              ],
              "uv": [
                62,
                21
              ]
            },
            {
              "origin": [
                -5,
                19,
                -12
              ],
              "size": [
                10,
                2,
                1
              ],
              "pivot": [
                0,
                10,
                0
              ],
              "rotation": [
                -10,
                0,
                0
              ],
              "uv": [
                80,
                82
              ]
            },
            {
              "origin": [
                -2,
                20,
                1
              ],
              "size": [
                4,
                11,
                4
              ],
              "pivot": [
                0,
                10,
                0
              ],
              "rotation": [
                22.5,
                0,
                0
              ],
              "uv": [
                40,
                56
              ]
            },
            {
              "origin": [
                -3,
                27,
                -8
              ],
              "size": [
                6,
                7,
                7
              ],
              "uv": [
                96,
                21
              ]
            },
            {
              "origin": [
                -3,
                34,
                -7
              ],
              "size": [
                6,
                1,
                5
              ],
              "uv": [
                58,
                82
              ]
            },
            {
              "origin": [
                -3,
                26,
                -7
              ],
              "size": [
                6,
                1,
                5
              ],
              "uv": [
                36,
                82
              ]
            },
            {
              "origin": [
                -4,
                27,
                -7
              ],
              "size": [
                1,
                7,
                5
              ],
              "uv": [
                12,
                92
              ]
            },
            {
              "origin": [
                3,
                27,
                -7
              ],
              "size": [
                1,
                7,
                5
              ],
              "uv": [
                0,
                92
              ]
            },
            {
              "origin": [
                -5,
                23,
                3
              ],
              "size": [
                10,
                12,
                4
              ],
              "uv": [
                34,
                21
              ]
            },
            {
              "origin": [
                -4,
                24,
                7
              ],
              "size": [
                8,
                10,
                1
              ],
              "uv": [
                26,
                71
              ]
            },
            {
              "origin": [
                -6,
                23,
                3
              ],
              "size": [
                1,
                11,
                3
              ],
              "uv": [
                0,
                106
              ]
            },
            {
              "origin": [
                5,
                23,
                3
              ],
              "size": [
                1,
                11,
                3
              ],
              "uv": [
                44,
                92
              ]
            },
            {
              "origin": [
                4,
                35,
                4
              ],
              "size": [
                1,
                2,
                1
              ],
              "uv": [
                26,
                106
              ]
            }
          ]
        }
      ]
    }
  ]
}