{
  "format_version": "1.12.0",
  "minecraft:geometry": [
    {
      "description": {
        "identifier": "geometry.good_big_toilet",
        "texture_width": 80,
        "texture_height": 80,
        "visible_bounds_width": 3,
        "visible_bounds_height": 3.5,
        "visible_bounds_offset": [
          0,
          1.25,
          0
        ]
      },
      "bones": [
        {
          "name": "bb_main",
          "pivot": [
            0,
            0,
            0
          ],
          "cubes": [
            {
              "origin": [
                -5,
                0,
                -6
              ],
              "size": [
                10,
                10,
                11
              ],
              "uv": [
                0,
                19
              ]
            },
            {
              "origin": [
                -6,
                10,
                -9
              ],
              "size": [
                12,
                3,
                16
              ],
              "uv": [
                0,
                0
              ]
            },
            {
              "origin": [
                -6,
                8,
                -11
              ],
              "size": [
                12,
                3,
                5
              ],
              "pivot": [
                0,
                0,
                0
              ],
              "rotation": [
                -10,
                0,
                0
              ],
              "uv": [
                31,
                19
              ]
            },
            {
              "origin": [
                -2,
                10,
                1
              ],
              "size": [
                4,
                11,
                4
              ],
              "pivot": [
                0,
                0,
                0
              ],
              "rotation": [
                22.5,
                0,
                0
              ],
              "uv": [
                0,
                0
              ]
            },
            {
              "origin": [
                -3,
                17,
                -8
              ],
              "size": [
                6,
                7,
                7
              ],
              "uv": [
                0,
                40
              ]
            },
            {
              "origin": [
                -6,
                13,
                3
              ],
              "size": [
                12,
                12,
                4
              ],
              "uv": [
                38,
                36
              ]
            },
            {
              "origin": [
                4,
                25,
                4
              ],
              "size": [
                1,
                2,
                1
              ],
              "uv": [
                0,
                0
              ]
            }
          ]
        }
      ]
    }
  ]
}