{
  "format_version": "1.13.0",
  "minecraft:entity": {
    "description": {
      "identifier": "pc:pcarth",
      "is_spawnable": true,
      "is_summonable": true,
      "is_experimental": false
    },
    "component_groups": {
      "minecraft:skin1": {
        "minecraft:variant": {
          "value": 0
        }
      },
      "minecraft:skin2": {
        "minecraft:variant": {
          "value": 1
        }
      },
      "minecraft:skin3": {
        "minecraft:variant": {
          "value": 2
        }
      },
      "minecraft:crocodile_adult": {
        "minecraft:experience_reward": {
          "on_bred": "Math.Random(2,0)",
          "on_death": "query.last_hit_by_player ? Math.Random(3,0) : 0"
        },
        "minecraft:scale": {
          "value": 1.0
        }
      },
      "minecraft:crocodile_baby": {
        "minecraft:is_baby": {
        },
	    "minecraft:knockback_resistance": {
		  "value": 0.1,
		  "max": 0.1
	    },
        "minecraft:behavior.follow_parent": {
          "priority": 6,
          "speed_multiplier": 1.1
        },
        "minecraft:leashable": {
          "hard_distance": 6,
          "max_distance": 10,
          "soft_distance": 4
        },
        "minecraft:type_family": {
          "family": [ "arthropleura", "bug", "mob_baby", "mob_dt" ]
        },
        "minecraft:ageable": {
          "duration": 5000,
          "feed_items": [
            "leaves"
          ],
          "grow_up": {
            "event": "minecraft:ageable_grow_up",
            "target": "self"
          }
        },
        "minecraft:attack": {
          "damage": 4
        },
        "minecraft:scale_by_age": {
          "start_scale": 0.1,
          "end_scale": 1.0
        },
        "minecraft:health": {
          "value": 20,
          "max": 20
        }
      },
      "minecraft:crocodile_wild": {
        "minecraft:behavior.breed": {
          "priority": 4,
          "speed_multiplier": 1.0
        },
        "minecraft:breedable": {
          "require_tame": false,
          "breeds_with": {
            "mate_type": "pc:pcarth",
            "baby_type": "pc:pcarth_egg",
            "breed_event": {
              "event": "minecraft:entity_born",
              "target": "baby"
            }
          },
          "breed_items": [
		  "sweet_berries"
          ]
        },
        "minecraft:behavior.nearest_attackable_target": {
          "priority": 2,
          "within_radius": 20,
          "entity_types": [
            {
              "filters": { "other_with_families": [ "spider"] },
              "max_dist": 20
            }
          ],
          "must_see": true
        },
        "minecraft:on_hurt_by_player": {}
      },
      "minecraft:tempt": {
        "minecraft:behavior.tempt": {
          "priority": 5,
          "speed_multiplier": 1.0,
          "items": [
            "leaves"
          ]
        }
      }
    },
    "components": {
      "minecraft:type_family": {
        "family": [ "arthropleura", "bug", "mob_dt" ]
      },
      "minecraft:loot": {
        "table": "loot_tables/animals/.json"
      },
      "minecraft:healable": {
        "items": [
          {
            "item": "leaves",
            "heal_amount": 3
          }
        ]
      },
      "minecraft:breathable": {
        "total_supply": 40,
        "suffocate_time": 0,
        "breathes_water": true,
        "breathes_air": true,
        "generates_bubbles": false
      },
      "minecraft:navigation.generic": {
        "is_amphibious": true,
        "can_path_over_water": false,
        "can_swim": true,
        "can_walk": true,
        "can_sink": false,
        "can_breach": true,
        "avoid_damage_blocks": true
      },
      "minecraft:movement.amphibious": {
        "max_turn": 15.0
      },
      "minecraft:jump.static": {
      },
      "minecraft:can_climb": {
      },
      "minecraft:collision_box": {
        "width": 1.0,
        "height": 1.4
      },
      "minecraft:nameable": {
      },
      "minecraft:health": {
        "value": 105,
        "max": 105
      },
      "minecraft:attack": {
        "damage": 20
      },
      "minecraft:movement": {
        "value": 0.2
      },
      "minecraft:underwater_movement": {
        "value": 0.22
      },
	  "minecraft:knockback_resistance": {
		"value": 100,
		"max": 100
	  },
      "minecraft:hurt_on_condition": {
        "damage_conditions": [
          {
            "filters": { "test": "in_lava", "subject": "self", "operator": "==", "value": true },
            "cause": "lava",
            "damage_per_tick": 4
          }
        ]
      },
      "minecraft:behavior.hurt_by_target": {
        "priority": 3
      },
      "minecraft:behavior.random_look_around_and_sit": {
        "priority": 8,
        "min_look_count": 2,
        "max_look_count": 5,
        "min_look_time": 100,
        "max_look_time": 300,
        "probability": 0.01
      },
      "minecraft:behavior.knockback_roar": {   
        "priority": 1,
        "duration": 3, 
        "attack_time": 0,
        "knockback_damage": 0,
        "knockback_strength": 0,
        "knockback_range": 0,
        "cooldown_time": 30
      },
      "minecraft:behavior.delayed_attack": {
        "priority": 4,
        "speed_multiplier": 1.5,
        "reach_multiplier": 2,
        "attack_duration": 1.6,
        "hit_delay_pct": 0.55,
        "track_target": true,
        "sound_event": "attack"
      },
      "minecraft:behavior.mount_pathing": {
        "priority": 2,
        "speed_multiplier": 1.5,
        "target_dist": 0.0,
        "track_target": true
      },
      "minecraft:behavior.random_stroll": {
        "priority": 6,
        "speed_multiplier": 0.8,
        "interval": 30
      },
      "minecraft:behavior.random_swim": {
        "priority": 7,
        "interval": 10,
        "xz_dist": 30,
        "y_dist": 15,
        "speed_multiplier": 1,
        "probability": 0.2
      },
      "minecraft:behavior.move_to_land": {
        "priority": 4,
        "search_range": 30,
        "search_height": 5,
        "goal_radius": 0.5,
        "probability": 0.2
      },
      "minecraft:behavior.look_at_player": {
        "priority": 8,
        "look_distance": 6.0,
        "probability": 0.02
      },
      "minecraft:behavior.random_look_around": {
        "priority": 8
      },
      "minecraft:persistent": {
      },
      "minecraft:follow_range": {
        "value": 64
      },
      "minecraft:physics": {
      },
      "minecraft:pushable": {
        "is_pushable": true,
        "is_pushable_by_piston": true
      }
    },
    "events": {
      "from_egg": {
        "sequence": [
          {
            "randomize": [
              {
                "weight": 300,
                "add": { "component_groups": [ "minecraft:skin1" ] }
              },
              {
                "weight": 250,
                "add": { "component_groups": [ "minecraft:skin2" ] }
              },
              {
                "weight": 13,
                "add": { "component_groups": [ "minecraft:skin3" ] }
              }
            ]
          },
          {
            "randomize": [
              {
                "weight": 5,
                "add": {
                  "component_groups": [
                "minecraft:crocodile_baby"
                  ]
                }
              }
            ]
          }
        ]
      },
      "minecraft:entity_spawned": {
        "sequence": [
          {
            "randomize": [
              {
                "weight": 300,
                "add": { "component_groups": [ "minecraft:skin1" ] }
              },
              {
                "weight": 250,
                "add": { "component_groups": [ "minecraft:skin2" ] }
              },
              {
                "weight": 13,
                "add": { "component_groups": [ "minecraft:skin3" ] }
              }
            ]
          },
          {
            "randomize": [
              {
                "weight": 8,
                "add": {
                  "component_groups": [
                "minecraft:crocodile_adult",
                "minecraft:crocodile_wild",
                "minecraft:tempt"
                  ]
                }
              },
              {
                "weight": 2,
                "add": {
                  "component_groups": [
                "minecraft:crocodile_baby",
                "minecraft:tempt"
                  ]
                }
              }
            ]
          }
        ]
	  },
      "minecraft:entity_born": {
        "add": {
        "component_groups": [
          "minecraft:crocodile_baby"
          ]
        }
	  },
	  "minecraft:entity_transformed": {
        "sequence": [
          {
            "randomize": [
              {
                "weight": 5,
                "add": {
                  "component_groups": [
                "minecraft:crocodile_baby"
                  ]
                }
              }
            ]
          },
          {
            "randomize": [
              {
                "weight": 300,
                "add": { "component_groups": [ "minecraft:skin1" ] }
              },
              {
                "weight": 250,
                "add": { "component_groups": [ "minecraft:skin2" ] }
              },
              {
                "weight": 13,
                "add": { "component_groups": [ "minecraft:skin3" ] }
              }
            ]
          }
        ]
      },
      "minecraft:ageable_grow_up": {
        "remove": {
          "component_groups": [ 
            "minecraft:crocodile_baby",
            "minecraft:tempt"
          ]
        },
        "add": {
          "component_groups": [
            "minecraft:crocodile_adult",
            "minecraft:crocodile_wild",
            "minecraft:tempt"
          ]
        }
      },
	  "minecraft:is_sitting": {
        "remove": {
          "component_groups": [
            "minecraft:standing"
          ]
        },
        "add": {
          "component_groups": [
            "minecraft:sitting"
          ]
        }
      },
      "minecraft:is_standing": {
        "remove": {
          "component_groups": [
            "minecraft:sitting"
          ]
        },
        "add": {
          "component_groups": [
            "minecraft:standing"
          ]
        }
      }
    }
  }
}