{
	"format_version": "1.8.0",
	"animations": {
		"animation.soldier.shaking": {
			"loop": true,
			"bones": {
				"waist": {
					"position": [0, 0.25, 3]
				},
				"body": {
					"rotation": [15, 0, 0]
				},
				"leftLeg": {
					"rotation": [-15, 0, 0]
				},
				"rightLeg": {
					"rotation": [-15, 0, 0]
				}
			}
		},
		"animation.soldier.shield": {
			"loop": true,
			"bones": {
				"leftarm": {
					"rotation": ["-59.3074-this", "19.5229-this", "14.2374-this"]
				},
				"leftItem": {
					"rotation": [1.06441, 38.09669, 62.75525],
					"position": [1, -1, -1]
				}
			}
		}
	}
}