{
    "format_version": "1.8.0",
    "animations": {
      "animation.pteranodon.spawn":{
          "loop": false,
          "animation_length": 0.5,
          "timeline":{
              "0.2":[
                "/execute @s[tag=!counted,tag=!z3_exhibit_dino] ~ ~ ~ /scoreboard players add @e[tag=disaster_system] ptera 1",
                "/execute @s[tag=!counted,tag=!z3_exhibit_dino] ~ ~ ~ /tag @s add counted"
            ]
          }
      },
      "animation.pteranodon.dead": {
          "loop": false,
          "timeline": {
              "0.0":[
                      "/execute @s[tag=counted,tag=!z3_exhibit_dino] ~ ~ ~ /scoreboard players remove @e[tag=disaster_system] ptera 1"
                  ]
          },
          "animation_length": 1.0
      }
    }
  }
  