{
  "format_version": "1.12.0",
  "minecraft:geometry": [
    {
      "description": {
        "identifier": "geometry.sb_big_tv_man",
        "texture_width": 256,
        "texture_height": 256,
        "visible_bounds_width": 6,
        "visible_bounds_height": 8.5,
        "visible_bounds_offset": [
          0,
          3.75,
          0
        ]
      },
      "bones": [
        {
          "name": "body",
          "pivot": [
            0,
            35,
            4
          ]
        },
        {
          "name": "body2",
          "parent": "body",
          "pivot": [
            0,
            78,
            4
          ],
          "cubes": [
            {
              "origin": [
                -11,
                58,
                -6
              ],
              "size": [
                22,
                14,
                13
              ],
              "pivot": [
                0,
                64,
                4
              ],
              "rotation": [
                5,
                0,
                0
              ],
              "uv": [
                0,
                41
              ]
            },
            {
              "origin": [
                -11,
                44,
                7
              ],
              "size": [
                22,
                28,
                13
              ],
              "pivot": [
                0,
                64,
                4
              ],
              "rotation": [
                5,
                0,
                0
              ],
              "uv": [
                0,
                0
              ]
            },
            {
              "origin": [
                -10,
                45,
                -5
              ],
              "size": [
                20,
                13,
                13
              ],
              "uv": [
                57,
                28
              ]
            },
            {
              "origin": [
                -3,
                58.56215,
                -2.53571
              ],
              "size": [
                6,
                16,
                5
              ],
              "pivot": [
                0,
                70,
                4
              ],
              "rotation": [
                7.5,
                0,
                0
              ],
              "uv": [
                34,
                115
              ]
            }
          ]
        },
        {
          "name": "Bag",
          "parent": "body2",
          "pivot": [
            0,
            64,
            4
          ]
        },
        {
          "name": "H",
          "parent": "Bag",
          "pivot": [
            -10,
            40,
            14
          ],
          "cubes": [
            {
              "origin": [
                -17.216,
                39.18,
                6.948
              ],
              "size": [
                14.432,
                12.956,
                9.02
              ],
              "uv": [
                88,
                84
              ]
            },
            {
              "origin": [
                -15.576,
                39.18,
                15.148
              ],
              "size": [
                11.152,
                9.676,
                7.38
              ],
              "uv": [
                110,
                25
              ]
            },
            {
              "origin": [
                -12.15435,
                39.508,
                15.4122
              ],
              "size": [
                9.512,
                9.676,
                5.74
              ],
              "pivot": [
                -3.44,
                38.36,
                14
              ],
              "rotation": [
                0,
                -15,
                0
              ],
              "uv": [
                56,
                120
              ]
            },
            {
              "origin": [
                -17.35765,
                39.508,
                15.4122
              ],
              "size": [
                9.512,
                9.676,
                5.74
              ],
              "pivot": [
                -16.56,
                38.36,
                14
              ],
              "rotation": [
                0,
                15,
                0
              ],
              "uv": [
                56,
                120
              ],
              "mirror": true
            },
            {
              "origin": [
                -15.576,
                42.46,
                15.148
              ],
              "size": [
                11.152,
                8.036,
                7.38
              ],
              "pivot": [
                -10,
                49.84,
                20.56
              ],
              "rotation": [
                -17.5,
                0,
                0
              ],
              "uv": [
                116,
                47
              ]
            }
          ]
        },
        {
          "name": "bone3",
          "parent": "H",
          "pivot": [
            -30.48,
            64.84,
            10.72
          ]
        },
        {
          "name": "bone2",
          "parent": "H",
          "pivot": [
            -30.48,
            64.84,
            12.36
          ]
        },
        {
          "name": "bone4",
          "parent": "H",
          "pivot": [
            -30.48,
            64.84,
            14
          ]
        },
        {
          "name": "Screen",
          "parent": "H",
          "pivot": [
            -33.76,
            58.28,
            14
          ]
        },
        {
          "name": "Nack",
          "parent": "H",
          "pivot": [
            -4,
            46,
            15
          ],
          "cubes": [
            {
              "origin": [
                -5,
                45.24851,
                13.57676
              ],
              "size": [
                13,
                2,
                3
              ],
              "pivot": [
                -4,
                45.75877,
                14.63192
              ],
              "rotation": [
                25,
                0,
                0
              ],
              "uv": [
                30,
                89
              ]
            }
          ]
        },
        {
          "name": "H2",
          "parent": "Bag",
          "pivot": [
            10,
            40,
            14
          ],
          "cubes": [
            {
              "origin": [
                2.784,
                39.18,
                6.948
              ],
              "size": [
                14.432,
                12.956,
                9.02
              ],
              "uv": [
                88,
                84
              ],
              "mirror": true
            },
            {
              "origin": [
                4.424,
                39.18,
                15.148
              ],
              "size": [
                11.152,
                9.676,
                7.38
              ],
              "uv": [
                110,
                25
              ],
              "mirror": true
            },
            {
              "origin": [
                2.64235,
                39.508,
                15.4122
              ],
              "size": [
                9.512,
                9.676,
                5.74
              ],
              "pivot": [
                3.44,
                38.36,
                14
              ],
              "rotation": [
                0,
                15,
                0
              ],
              "uv": [
                56,
                120
              ],
              "mirror": true
            },
            {
              "origin": [
                7.84565,
                39.508,
                15.4122
              ],
              "size": [
                9.512,
                9.676,
                5.74
              ],
              "pivot": [
                16.56,
                38.36,
                14
              ],
              "rotation": [
                0,
                -15,
                0
              ],
              "uv": [
                56,
                120
              ]
            },
            {
              "origin": [
                4.424,
                42.46,
                15.148
              ],
              "size": [
                11.152,
                8.036,
                7.38
              ],
              "pivot": [
                10,
                49.84,
                20.56
              ],
              "rotation": [
                -17.5,
                0,
                0
              ],
              "uv": [
                116,
                47
              ],
              "mirror": true
            }
          ]
        },
        {
          "name": "bone5",
          "parent": "H2",
          "pivot": [
            30.48,
            64.84,
            10.72
          ]
        },
        {
          "name": "bone6",
          "parent": "H2",
          "pivot": [
            30.48,
            64.84,
            12.36
          ]
        },
        {
          "name": "bone7",
          "parent": "H2",
          "pivot": [
            30.48,
            64.84,
            14
          ]
        },
        {
          "name": "Screen2",
          "parent": "H2",
          "pivot": [
            33.76,
            58.28,
            14
          ]
        },
        {
          "name": "Nack2",
          "parent": "H2",
          "pivot": [
            4,
            46,
            15
          ],
          "cubes": [
            {
              "origin": [
                -8,
                45.24851,
                13.57676
              ],
              "size": [
                13,
                2,
                3
              ],
              "pivot": [
                4,
                45.75877,
                14.63192
              ],
              "rotation": [
                25,
                0,
                0
              ],
              "uv": [
                30,
                89
              ],
              "mirror": true
            }
          ]
        },
        {
          "name": "Bag2",
          "parent": "body2",
          "pivot": [
            0,
            78,
            4
          ]
        },
        {
          "name": "H3",
          "parent": "Bag2",
          "pivot": [
            -8,
            54,
            14
          ],
          "cubes": [
            {
              "origin": [
                -15.216,
                53.18,
                6.948
              ],
              "size": [
                14.432,
                12.956,
                9.02
              ],
              "uv": [
                88,
                84
              ]
            },
            {
              "origin": [
                -13.576,
                53.18,
                15.148
              ],
              "size": [
                11.152,
                9.676,
                7.38
              ],
              "uv": [
                110,
                25
              ]
            },
            {
              "origin": [
                -10.15435,
                53.508,
                15.4122
              ],
              "size": [
                9.512,
                9.676,
                5.74
              ],
              "pivot": [
                -1.44,
                52.36,
                14
              ],
              "rotation": [
                0,
                -15,
                0
              ],
              "uv": [
                56,
                120
              ]
            },
            {
              "origin": [
                -15.35765,
                53.508,
                15.4122
              ],
              "size": [
                9.512,
                9.676,
                5.74
              ],
              "pivot": [
                -14.56,
                52.36,
                14
              ],
              "rotation": [
                0,
                15,
                0
              ],
              "uv": [
                56,
                120
              ],
              "mirror": true
            },
            {
              "origin": [
                -13.576,
                56.46,
                15.148
              ],
              "size": [
                11.152,
                8.036,
                7.38
              ],
              "pivot": [
                -8,
                63.84,
                20.56
              ],
              "rotation": [
                -17.5,
                0,
                0
              ],
              "uv": [
                116,
                47
              ]
            }
          ]
        },
        {
          "name": "bone8",
          "parent": "H3",
          "pivot": [
            -28.48,
            78.84,
            10.72
          ]
        },
        {
          "name": "bone9",
          "parent": "H3",
          "pivot": [
            -28.48,
            78.84,
            12.36
          ]
        },
        {
          "name": "bone10",
          "parent": "H3",
          "pivot": [
            -28.48,
            78.84,
            14
          ]
        },
        {
          "name": "Screen3",
          "parent": "H3",
          "pivot": [
            -31.76,
            72.28,
            14
          ]
        },
        {
          "name": "Nack3",
          "parent": "H3",
          "pivot": [
            -2,
            60,
            15
          ],
          "cubes": [
            {
              "origin": [
                -3,
                59.24851,
                13.57676
              ],
              "size": [
                13,
                2,
                3
              ],
              "pivot": [
                -2,
                59.75877,
                14.63192
              ],
              "rotation": [
                25,
                0,
                0
              ],
              "uv": [
                30,
                89
              ]
            }
          ]
        },
        {
          "name": "H4",
          "parent": "Bag2",
          "pivot": [
            8,
            54,
            14
          ],
          "cubes": [
            {
              "origin": [
                0.784,
                53.18,
                6.948
              ],
              "size": [
                14.432,
                12.956,
                9.02
              ],
              "uv": [
                88,
                84
              ],
              "mirror": true
            },
            {
              "origin": [
                2.424,
                53.18,
                15.148
              ],
              "size": [
                11.152,
                9.676,
                7.38
              ],
              "uv": [
                110,
                25
              ],
              "mirror": true
            },
            {
              "origin": [
                0.64235,
                53.508,
                15.4122
              ],
              "size": [
                9.512,
                9.676,
                5.74
              ],
              "pivot": [
                1.44,
                52.36,
                14
              ],
              "rotation": [
                0,
                15,
                0
              ],
              "uv": [
                56,
                120
              ],
              "mirror": true
            },
            {
              "origin": [
                5.84565,
                53.508,
                15.4122
              ],
              "size": [
                9.512,
                9.676,
                5.74
              ],
              "pivot": [
                14.56,
                52.36,
                14
              ],
              "rotation": [
                0,
                -15,
                0
              ],
              "uv": [
                56,
                120
              ]
            },
            {
              "origin": [
                2.424,
                56.46,
                15.148
              ],
              "size": [
                11.152,
                8.036,
                7.38
              ],
              "pivot": [
                8,
                63.84,
                20.56
              ],
              "rotation": [
                -17.5,
                0,
                0
              ],
              "uv": [
                116,
                47
              ],
              "mirror": true
            }
          ]
        },
        {
          "name": "bone11",
          "parent": "H4",
          "pivot": [
            28.48,
            78.84,
            10.72
          ]
        },
        {
          "name": "bone12",
          "parent": "H4",
          "pivot": [
            28.48,
            78.84,
            12.36
          ]
        },
        {
          "name": "bone13",
          "parent": "H4",
          "pivot": [
            28.48,
            78.84,
            14
          ]
        },
        {
          "name": "Screen4",
          "parent": "H4",
          "pivot": [
            31.76,
            72.28,
            14
          ]
        },
        {
          "name": "Nack4",
          "parent": "H4",
          "pivot": [
            2,
            60,
            15
          ],
          "cubes": [
            {
              "origin": [
                -10,
                59.24851,
                13.57676
              ],
              "size": [
                13,
                2,
                3
              ],
              "pivot": [
                2,
                59.75877,
                14.63192
              ],
              "rotation": [
                25,
                0,
                0
              ],
              "uv": [
                30,
                89
              ],
              "mirror": true
            }
          ]
        },
        {
          "name": "Head",
          "parent": "body2",
          "pivot": [
            0,
            73,
            -1
          ],
          "rotation": [
            -20,
            0,
            0
          ],
          "cubes": [
            {
              "origin": [
                -13,
                81.81586,
                -3.47168
              ],
              "size": [
                13,
                2,
                3
              ],
              "pivot": [
                0,
                76.75877,
                -2.36808
              ],
              "rotation": [
                25,
                0,
                0
              ],
              "uv": [
                30,
                89
              ]
            },
            {
              "origin": [
                0,
                81.81586,
                -3.47168
              ],
              "size": [
                13,
                2,
                3
              ],
              "pivot": [
                0,
                76.75877,
                -2.36808
              ],
              "rotation": [
                25,
                0,
                0
              ],
              "uv": [
                30,
                89
              ],
              "mirror": true
            },
            {
              "origin": [
                -2,
                70.81586,
                -3.47168
              ],
              "size": [
                4,
                11,
                3
              ],
              "pivot": [
                0,
                76.75877,
                -2.36808
              ],
              "rotation": [
                25,
                0,
                0
              ],
              "uv": [
                128,
                0
              ]
            },
            {
              "origin": [
                -13,
                83.81586,
                -3.47168
              ],
              "size": [
                2,
                12,
                3
              ],
              "pivot": [
                0,
                76.75877,
                -2.36808
              ],
              "rotation": [
                25,
                0,
                0
              ],
              "uv": [
                42,
                94
              ]
            },
            {
              "origin": [
                11,
                83.81586,
                -3.47168
              ],
              "size": [
                2,
                12,
                3
              ],
              "pivot": [
                0,
                76.75877,
                -2.36808
              ],
              "rotation": [
                25,
                0,
                0
              ],
              "uv": [
                42,
                94
              ],
              "mirror": true
            },
            {
              "origin": [
                -11,
                86.75877,
                -4.36808
              ],
              "size": [
                22,
                18,
                7
              ],
              "pivot": [
                0,
                63.75877,
                2.63192
              ],
              "rotation": [
                17.5,
                0,
                0
              ],
              "uv": [
                70,
                0
              ]
            },
            {
              "origin": [
                -11,
                86.75877,
                -9.36808
              ],
              "size": [
                22,
                1,
                5
              ],
              "pivot": [
                0,
                63.75877,
                2.63192
              ],
              "rotation": [
                17.5,
                0,
                0
              ],
              "uv": [
                0,
                68
              ]
            },
            {
              "origin": [
                10,
                83.22544,
                -15.91459
              ],
              "size": [
                1,
                17,
                5
              ],
              "pivot": [
                11,
                82.75877,
                -15.36808
              ],
              "rotation": [
                7.5,
                0,
                0
              ],
              "uv": [
                123,
                62
              ]
            },
            {
              "origin": [
                -11,
                83.22544,
                -15.91459
              ],
              "size": [
                1,
                17,
                5
              ],
              "pivot": [
                -11,
                82.75877,
                -15.36808
              ],
              "rotation": [
                7.5,
                0,
                0
              ],
              "uv": [
                123,
                62
              ],
              "mirror": true
            },
            {
              "origin": [
                -11,
                103.75877,
                -6.36808
              ],
              "size": [
                22,
                5,
                9
              ],
              "pivot": [
                0,
                63.75877,
                2.63192
              ],
              "rotation": [
                17.5,
                0,
                0
              ],
              "uv": [
                0,
                75
              ]
            }
          ]
        },
        {
          "name": "head2",
          "parent": "body2",
          "pivot": [
            0,
            78,
            2
          ]
        },
        {
          "name": "arm2",
          "parent": "body2",
          "pivot": [
            33,
            67,
            2
          ],
          "rotation": [
            2.5,
            0,
            0
          ],
          "cubes": [
            {
              "origin": [
                11,
                43.5,
                -5
              ],
              "size": [
                8,
                26,
                10
              ],
              "uv": [
                52,
                84
              ]
            },
            {
              "origin": [
                11,
                59.5,
                -6
              ],
              "size": [
                9,
                13,
                12
              ],
              "uv": [
                0,
                89
              ]
            },
            {
              "origin": [
                -20,
                59.5,
                -6
              ],
              "size": [
                9,
                13,
                12
              ],
              "uv": [
                0,
                89
              ],
              "mirror": true
            },
            {
              "origin": [
                12,
                18.5,
                -3
              ],
              "size": [
                6,
                33,
                7
              ],
              "pivot": [
                17,
                46,
                2
              ],
              "rotation": [
                -5,
                0,
                0
              ],
              "uv": [
                88,
                105
              ]
            },
            {
              "origin": [
                -18,
                18.5,
                -3
              ],
              "size": [
                6,
                33,
                7
              ],
              "pivot": [
                -17,
                46,
                2
              ],
              "rotation": [
                -5,
                0,
                0
              ],
              "uv": [
                88,
                105
              ],
              "mirror": true
            }
          ]
        },
        {
          "name": "arm3",
          "parent": "body2",
          "pivot": [
            -33,
            67,
            2
          ],
          "rotation": [
            2.5,
            0,
            0
          ],
          "cubes": [
            {
              "origin": [
                -19,
                43.5,
                -5
              ],
              "size": [
                8,
                26,
                10
              ],
              "uv": [
                52,
                84
              ],
              "mirror": true
            }
          ]
        },
        {
          "name": "Leftleg",
          "pivot": [
            -2,
            41,
            4
          ],
          "rotation": [
            -20,
            0,
            0
          ],
          "cubes": [
            {
              "origin": [
                -9.25,
                20.04164,
                -0.48293
              ],
              "size": [
                8.4,
                21.7,
                9.1
              ],
              "pivot": [
                -12.2,
                24.25877,
                2.63192
              ],
              "rotation": [
                12.5,
                0,
                0
              ],
              "uv": [
                0,
                114
              ]
            },
            {
              "origin": [
                -8.1,
                -0.89123,
                0.88192
              ],
              "size": [
                6.1,
                24,
                7.1
              ],
              "inflate": 0.5,
              "pivot": [
                -12.2,
                23.95877,
                2.63192
              ],
              "rotation": [
                20,
                0,
                0
              ],
              "uv": [
                114,
                105
              ]
            },
            {
              "origin": [
                -10,
                30,
                -9
              ],
              "size": [
                10,
                16,
                13
              ],
              "pivot": [
                0,
                64,
                4
              ],
              "rotation": [
                10,
                0,
                0
              ],
              "uv": [
                57,
                55
              ]
            }
          ]
        },
        {
          "name": "Rightleg",
          "pivot": [
            2,
            41,
            4
          ],
          "rotation": [
            -20,
            0,
            0
          ],
          "cubes": [
            {
              "origin": [
                0.85,
                20.04164,
                -0.48293
              ],
              "size": [
                8.4,
                21.7,
                9.1
              ],
              "pivot": [
                12.2,
                24.25877,
                2.63192
              ],
              "rotation": [
                12.5,
                0,
                0
              ],
              "uv": [
                0,
                114
              ],
              "mirror": true
            },
            {
              "origin": [
                2,
                -0.89123,
                0.88192
              ],
              "size": [
                6.1,
                24,
                7.1
              ],
              "inflate": 0.5,
              "pivot": [
                12.2,
                23.95877,
                2.63192
              ],
              "rotation": [
                20,
                0,
                0
              ],
              "uv": [
                114,
                105
              ],
              "mirror": true
            },
            {
              "origin": [
                0,
                30,
                -9
              ],
              "size": [
                10,
                16,
                13
              ],
              "pivot": [
                0,
                64,
                4
              ],
              "rotation": [
                10,
                0,
                0
              ],
              "uv": [
                57,
                55
              ],
              "mirror": true
            }
          ]
        }
      ]
    }
  ]
}