{
  "format_version": "1.12.0",
  "minecraft:geometry": [
    {
      "description": {
        "identifier": "geometry.sb_titan_tv_man",
        "texture_width": 256,
        "texture_height": 256,
        "visible_bounds_width": 12,
        "visible_bounds_height": 7.5,
        "visible_bounds_offset": [
          0,
          3.25,
          0
        ]
      },
      "bones": [
        {
          "name": "body",
          "pivot": [
            0,
            31,
            4
          ],
          "cubes": [
            {
              "origin": [
                -10,
                46,
                -4
              ],
              "size": [
                20,
                15,
                12
              ],
              "uv": [
                52,
                28
              ]
            },
            {
              "origin": [
                -7,
                66,
                3
              ],
              "size": [
                14,
                15,
                12
              ],
              "pivot": [
                0,
                66,
                15
              ],
              "rotation": [
                65,
                0,
                0
              ],
              "uv": [
                56,
                81
              ]
            },
            {
              "origin": [
                -8,
                51,
                3
              ],
              "size": [
                16,
                15,
                12
              ],
              "uv": [
                0,
                73
              ]
            },
            {
              "origin": [
                -9,
                41,
                8
              ],
              "size": [
                18,
                3,
                13
              ],
              "uv": [
                95,
                95
              ]
            },
            {
              "origin": [
                -8,
                44,
                9
              ],
              "size": [
                16,
                3,
                11
              ],
              "uv": [
                130,
                111
              ]
            },
            {
              "origin": [
                -5,
                47,
                9
              ],
              "size": [
                10,
                20,
                10
              ],
              "uv": [
                116,
                37
              ]
            }
          ]
        },
        {
          "name": "Claw",
          "parent": "body",
          "pivot": [
            10,
            57,
            11
          ],
          "cubes": [
            {
              "origin": [
                8,
                54,
                7
              ],
              "size": [
                5,
                9,
                8
              ],
              "pivot": [
                10,
                58,
                11
              ],
              "rotation": [
                -32.5,
                0,
                0
              ],
              "uv": [
                152,
                29
              ]
            }
          ]
        },
        {
          "name": "bone3",
          "parent": "Claw",
          "pivot": [
            10,
            60,
            14
          ],
          "rotation": [
            32.5,
            0,
            0
          ],
          "cubes": [
            {
              "origin": [
                9,
                57.342,
                9.91799
              ],
              "size": [
                3,
                20,
                4
              ],
              "pivot": [
                10,
                58.24574,
                8.15689
              ],
              "rotation": [
                -32.40109,
                2.68407,
                4.22005
              ],
              "uv": [
                136,
                155
              ]
            }
          ]
        },
        {
          "name": "bone4",
          "parent": "bone3",
          "pivot": [
            10,
            72.24574,
            21.15689
          ],
          "rotation": [
            23.30696,
            -9.30727,
            20.57639
          ],
          "cubes": [
            {
              "origin": [
                6,
                73.24574,
                5.15689
              ],
              "size": [
                11,
                4,
                3
              ],
              "pivot": [
                10,
                51.24574,
                8.15689
              ],
              "rotation": [
                -32.5,
                0,
                0
              ],
              "uv": [
                78,
                20
              ]
            },
            {
              "origin": [
                14,
                77.24574,
                5.15689
              ],
              "size": [
                3,
                4,
                3
              ],
              "pivot": [
                10,
                51.24574,
                8.15689
              ],
              "rotation": [
                -32.5,
                0,
                0
              ],
              "uv": [
                38,
                35
              ]
            },
            {
              "origin": [
                10,
                77.24574,
                5.15689
              ],
              "size": [
                3,
                4,
                3
              ],
              "pivot": [
                10,
                51.24574,
                8.15689
              ],
              "rotation": [
                -32.5,
                0,
                0
              ],
              "uv": [
                38,
                35
              ]
            },
            {
              "origin": [
                6,
                77.24574,
                5.15689
              ],
              "size": [
                3,
                4,
                3
              ],
              "pivot": [
                10,
                51.24574,
                8.15689
              ],
              "rotation": [
                -32.5,
                0,
                0
              ],
              "uv": [
                38,
                35
              ]
            },
            {
              "origin": [
                15,
                69.24574,
                2.15689
              ],
              "size": [
                1,
                25,
                9
              ],
              "pivot": [
                10,
                51.24574,
                8.15689
              ],
              "rotation": [
                -32.5,
                0,
                0
              ],
              "uv": [
                68,
                144
              ]
            },
            {
              "origin": [
                12.1,
                69.24574,
                2.15689
              ],
              "size": [
                1,
                25,
                9
              ],
              "pivot": [
                10,
                51.24574,
                8.15689
              ],
              "rotation": [
                -32.5,
                0,
                0
              ],
              "uv": [
                68,
                144
              ]
            },
            {
              "origin": [
                8.1,
                69.24574,
                2.15689
              ],
              "size": [
                1,
                25,
                9
              ],
              "pivot": [
                10,
                51.24574,
                8.15689
              ],
              "rotation": [
                -32.5,
                0,
                0
              ],
              "uv": [
                68,
                144
              ]
            },
            {
              "origin": [
                14.1,
                69.24574,
                2.15689
              ],
              "size": [
                1,
                25,
                9
              ],
              "pivot": [
                10,
                51.24574,
                8.15689
              ],
              "rotation": [
                -32.5,
                0,
                0
              ],
              "uv": [
                68,
                144
              ]
            },
            {
              "origin": [
                11,
                69.24574,
                2.15689
              ],
              "size": [
                1,
                25,
                9
              ],
              "pivot": [
                10,
                51.24574,
                8.15689
              ],
              "rotation": [
                -32.5,
                0,
                0
              ],
              "uv": [
                68,
                144
              ]
            },
            {
              "origin": [
                7,
                69.24574,
                2.15689
              ],
              "size": [
                1,
                25,
                9
              ],
              "pivot": [
                10,
                51.24574,
                8.15689
              ],
              "rotation": [
                -32.5,
                0,
                0
              ],
              "uv": [
                68,
                144
              ]
            }
          ]
        },
        {
          "name": "Claw2",
          "parent": "body",
          "pivot": [
            -10,
            57,
            11
          ],
          "cubes": [
            {
              "origin": [
                -13,
                54,
                7
              ],
              "size": [
                5,
                9,
                8
              ],
              "pivot": [
                -10,
                58,
                11
              ],
              "rotation": [
                -32.5,
                0,
                0
              ],
              "uv": [
                152,
                29
              ],
              "mirror": true
            }
          ]
        },
        {
          "name": "bone5",
          "parent": "Claw2",
          "pivot": [
            -10,
            60,
            14
          ],
          "rotation": [
            32.5,
            0,
            0
          ],
          "cubes": [
            {
              "origin": [
                -12,
                57.342,
                9.91799
              ],
              "size": [
                3,
                20,
                4
              ],
              "pivot": [
                -10,
                58.24574,
                8.15689
              ],
              "rotation": [
                -32.40109,
                -2.68407,
                -4.22005
              ],
              "uv": [
                136,
                155
              ],
              "mirror": true
            }
          ]
        },
        {
          "name": "bone6",
          "parent": "bone5",
          "pivot": [
            -10,
            72.24574,
            21.15689
          ],
          "rotation": [
            23.30696,
            9.30727,
            -20.57639
          ],
          "cubes": [
            {
              "origin": [
                -17,
                73.24574,
                5.15689
              ],
              "size": [
                11,
                4,
                3
              ],
              "pivot": [
                -10,
                51.24574,
                8.15689
              ],
              "rotation": [
                -32.5,
                0,
                0
              ],
              "uv": [
                78,
                20
              ],
              "mirror": true
            },
            {
              "origin": [
                -17,
                77.24574,
                5.15689
              ],
              "size": [
                3,
                4,
                3
              ],
              "pivot": [
                -10,
                51.24574,
                8.15689
              ],
              "rotation": [
                -32.5,
                0,
                0
              ],
              "uv": [
                38,
                35
              ],
              "mirror": true
            },
            {
              "origin": [
                -13,
                77.24574,
                5.15689
              ],
              "size": [
                3,
                4,
                3
              ],
              "pivot": [
                -10,
                51.24574,
                8.15689
              ],
              "rotation": [
                -32.5,
                0,
                0
              ],
              "uv": [
                38,
                35
              ],
              "mirror": true
            },
            {
              "origin": [
                -9,
                77.24574,
                5.15689
              ],
              "size": [
                3,
                4,
                3
              ],
              "pivot": [
                -10,
                51.24574,
                8.15689
              ],
              "rotation": [
                -32.5,
                0,
                0
              ],
              "uv": [
                38,
                35
              ],
              "mirror": true
            },
            {
              "origin": [
                -16,
                69.24574,
                2.15689
              ],
              "size": [
                1,
                25,
                9
              ],
              "pivot": [
                -10,
                51.24574,
                8.15689
              ],
              "rotation": [
                -32.5,
                0,
                0
              ],
              "uv": [
                68,
                144
              ],
              "mirror": true
            },
            {
              "origin": [
                -13.1,
                69.24574,
                2.15689
              ],
              "size": [
                1,
                25,
                9
              ],
              "pivot": [
                -10,
                51.24574,
                8.15689
              ],
              "rotation": [
                -32.5,
                0,
                0
              ],
              "uv": [
                68,
                144
              ],
              "mirror": true
            },
            {
              "origin": [
                -9.1,
                69.24574,
                2.15689
              ],
              "size": [
                1,
                25,
                9
              ],
              "pivot": [
                -10,
                51.24574,
                8.15689
              ],
              "rotation": [
                -32.5,
                0,
                0
              ],
              "uv": [
                68,
                144
              ],
              "mirror": true
            },
            {
              "origin": [
                -15.1,
                69.24574,
                2.15689
              ],
              "size": [
                1,
                25,
                9
              ],
              "pivot": [
                -10,
                51.24574,
                8.15689
              ],
              "rotation": [
                -32.5,
                0,
                0
              ],
              "uv": [
                68,
                144
              ],
              "mirror": true
            },
            {
              "origin": [
                -12,
                69.24574,
                2.15689
              ],
              "size": [
                1,
                25,
                9
              ],
              "pivot": [
                -10,
                51.24574,
                8.15689
              ],
              "rotation": [
                -32.5,
                0,
                0
              ],
              "uv": [
                68,
                144
              ],
              "mirror": true
            },
            {
              "origin": [
                -8,
                69.24574,
                2.15689
              ],
              "size": [
                1,
                25,
                9
              ],
              "pivot": [
                -10,
                51.24574,
                8.15689
              ],
              "rotation": [
                -32.5,
                0,
                0
              ],
              "uv": [
                68,
                144
              ],
              "mirror": true
            }
          ]
        },
        {
          "name": "head",
          "parent": "body",
          "pivot": [
            0,
            72,
            -1
          ],
          "cubes": [
            {
              "origin": [
                -11,
                70.09369,
                -5.42262
              ],
              "size": [
                22,
                17,
                9
              ],
              "pivot": [
                0,
                61,
                4
              ],
              "rotation": [
                2.5,
                0,
                0
              ],
              "uv": [
                52,
                55
              ]
            },
            {
              "origin": [
                -10,
                70.09369,
                -4.42262
              ],
              "size": [
                20,
                9,
                11
              ],
              "pivot": [
                0,
                61,
                4
              ],
              "rotation": [
                2.5,
                0,
                0
              ],
              "uv": [
                78,
                0
              ]
            },
            {
              "origin": [
                -10,
                78.11082,
                -2.20777
              ],
              "size": [
                20,
                9,
                8
              ],
              "pivot": [
                0,
                79,
                4
              ],
              "rotation": [
                45,
                0,
                0
              ],
              "uv": [
                104,
                20
              ]
            }
          ]
        },
        {
          "name": "body2",
          "parent": "body",
          "pivot": [
            0,
            74,
            4
          ],
          "cubes": [
            {
              "origin": [
                -12,
                55.09369,
                -5.42262
              ],
              "size": [
                24,
                13,
                15
              ],
              "pivot": [
                0,
                61,
                4
              ],
              "rotation": [
                2.5,
                0,
                0
              ],
              "uv": [
                0,
                0
              ]
            },
            {
              "origin": [
                -17,
                57.09369,
                -3.42262
              ],
              "size": [
                19,
                13,
                9
              ],
              "pivot": [
                -7,
                61,
                4
              ],
              "rotation": [
                2.39078,
                -4.24412,
                -17.69269
              ],
              "uv": [
                0,
                100
              ]
            },
            {
              "origin": [
                -2,
                57.09369,
                -3.42262
              ],
              "size": [
                19,
                13,
                9
              ],
              "pivot": [
                7,
                61,
                4
              ],
              "rotation": [
                2.39078,
                4.24412,
                17.69269
              ],
              "uv": [
                0,
                100
              ],
              "mirror": true
            },
            {
              "origin": [
                -6,
                57.09369,
                -8.42262
              ],
              "size": [
                12,
                10,
                14
              ],
              "pivot": [
                0,
                61,
                4
              ],
              "rotation": [
                2.5,
                0,
                0
              ],
              "uv": [
                100,
                67
              ]
            },
            {
              "origin": [
                -4,
                58.09369,
                -9.42262
              ],
              "size": [
                8,
                8,
                15
              ],
              "pivot": [
                0,
                61,
                4
              ],
              "rotation": [
                2.5,
                0,
                0
              ],
              "uv": [
                0,
                122
              ]
            },
            {
              "origin": [
                -4,
                60,
                0
              ],
              "size": [
                8,
                13,
                8
              ],
              "pivot": [
                0,
                60,
                4
              ],
              "rotation": [
                25,
                0,
                0
              ],
              "uv": [
                144,
                83
              ]
            }
          ]
        },
        {
          "name": "bone8",
          "parent": "body2",
          "pivot": [
            0,
            56,
            -3
          ],
          "cubes": [
            {
              "origin": [
                -1,
                54.61513,
                -10.86409
              ],
              "size": [
                2,
                2,
                5
              ],
              "pivot": [
                0,
                56,
                -7
              ],
              "rotation": [
                -47.5,
                0,
                0
              ],
              "uv": [
                38,
                28
              ]
            },
            {
              "origin": [
                -2,
                54.61513,
                -7.86409
              ],
              "size": [
                4,
                2,
                14
              ],
              "pivot": [
                0,
                56,
                -7
              ],
              "rotation": [
                22.5,
                0,
                0
              ],
              "uv": [
                142,
                53
              ]
            }
          ]
        },
        {
          "name": "bone9",
          "parent": "body2",
          "pivot": [
            -7,
            61,
            -4
          ],
          "rotation": [
            12.5,
            0,
            90
          ],
          "cubes": [
            {
              "origin": [
                -8,
                59.61513,
                -11.86409
              ],
              "size": [
                2,
                2,
                5
              ],
              "pivot": [
                -7,
                61,
                -8
              ],
              "rotation": [
                -47.5,
                0,
                0
              ],
              "uv": [
                38,
                28
              ]
            },
            {
              "origin": [
                -9,
                59.61513,
                -8.86409
              ],
              "size": [
                4,
                2,
                14
              ],
              "pivot": [
                -7,
                61,
                -8
              ],
              "rotation": [
                22.5,
                0,
                0
              ],
              "uv": [
                142,
                53
              ]
            }
          ]
        },
        {
          "name": "bone10",
          "parent": "body2",
          "pivot": [
            7,
            61,
            -4
          ],
          "rotation": [
            12.5,
            0,
            -90
          ],
          "cubes": [
            {
              "origin": [
                6,
                59.61513,
                -11.86409
              ],
              "size": [
                2,
                2,
                5
              ],
              "pivot": [
                7,
                61,
                -8
              ],
              "rotation": [
                -47.5,
                0,
                0
              ],
              "uv": [
                38,
                28
              ],
              "mirror": true
            },
            {
              "origin": [
                5,
                59.61513,
                -8.86409
              ],
              "size": [
                4,
                2,
                14
              ],
              "pivot": [
                7,
                61,
                -8
              ],
              "rotation": [
                22.5,
                0,
                0
              ],
              "uv": [
                142,
                53
              ],
              "mirror": true
            }
          ]
        },
        {
          "name": "head2",
          "parent": "body2",
          "pivot": [
            0,
            74,
            2
          ]
        },
        {
          "name": "Rightarm",
          "parent": "body2",
          "pivot": [
            -13,
            63,
            2
          ],
          "rotation": [
            2.5,
            0,
            0
          ],
          "cubes": [
            {
              "origin": [
                -20,
                40.5019,
                -5.08724
              ],
              "size": [
                9,
                26,
                10
              ],
              "pivot": [
                -12,
                63.0019,
                -0.08724
              ],
              "rotation": [
                0,
                0,
                7.5
              ],
              "uv": [
                56,
                108
              ]
            },
            {
              "origin": [
                -20,
                27.5019,
                -3.08724
              ],
              "size": [
                8,
                26,
                10
              ],
              "pivot": [
                -12,
                63.0019,
                -0.08724
              ],
              "rotation": [
                -4.99527,
                -0.21782,
                5.0095
              ],
              "uv": [
                94,
                111
              ]
            },
            {
              "origin": [
                -23.47571,
                21.39742,
                -5.52303
              ],
              "size": [
                8,
                8,
                8
              ],
              "pivot": [
                -19,
                29.0019,
                1.91276
              ],
              "rotation": [
                -9.23674,
                -3.69916,
                5.59857
              ],
              "uv": [
                88,
                147
              ]
            }
          ]
        },
        {
          "name": "bone",
          "parent": "Rightarm",
          "pivot": [
            -12,
            63.0019,
            -0.08724
          ],
          "cubes": [
            {
              "origin": [
                -25.17026,
                35.50263,
                -4.17706
              ],
              "size": [
                8,
                11,
                8
              ],
              "pivot": [
                -21,
                40.0019,
                -0.08724
              ],
              "rotation": [
                -3.83424,
                -3.21154,
                -32.39247
              ],
              "uv": [
                0,
                145
              ]
            },
            {
              "origin": [
                -27.11183,
                33.27655,
                -2.24531
              ],
              "size": [
                2,
                11,
                5
              ],
              "pivot": [
                -27,
                40.0019,
                -0.08724
              ],
              "rotation": [
                -4.95744,
                0.65182,
                14.97178
              ],
              "uv": [
                150,
                155
              ]
            },
            {
              "origin": [
                -27.92011,
                27.01184,
                -1.85018
              ],
              "size": [
                2,
                11,
                3
              ],
              "pivot": [
                -27,
                33.0019,
                -0.08724
              ],
              "rotation": [
                -4.92442,
                -0.86717,
                -2.46271
              ],
              "uv": [
                0,
                0
              ]
            },
            {
              "origin": [
                -25.74459,
                36.48164,
                -3.48179
              ],
              "size": [
                3,
                18,
                5
              ],
              "pivot": [
                -25,
                37.0019,
                -0.08724
              ],
              "rotation": [
                -4.83045,
                -1.29256,
                -7.44548
              ],
              "uv": [
                120,
                155
              ]
            },
            {
              "origin": [
                -27.68784,
                50.66463,
                -1.18564
              ],
              "size": [
                2,
                9,
                3
              ],
              "pivot": [
                -25,
                52.0019,
                -0.08724
              ],
              "rotation": [
                -4.98107,
                0.43523,
                12.48107
              ],
              "uv": [
                0,
                28
              ]
            }
          ]
        },
        {
          "name": "Leftarm",
          "parent": "body2",
          "pivot": [
            13,
            63,
            2
          ],
          "rotation": [
            2.5,
            0,
            0
          ],
          "cubes": [
            {
              "origin": [
                11,
                40.5019,
                -5.08724
              ],
              "size": [
                9,
                26,
                10
              ],
              "pivot": [
                12,
                63.0019,
                -0.08724
              ],
              "rotation": [
                0,
                0,
                -7.5
              ],
              "uv": [
                56,
                108
              ],
              "mirror": true
            },
            {
              "origin": [
                12,
                27.5019,
                -3.08724
              ],
              "size": [
                8,
                26,
                10
              ],
              "pivot": [
                12,
                63.0019,
                -0.08724
              ],
              "rotation": [
                -4.99527,
                0.21782,
                -5.0095
              ],
              "uv": [
                94,
                111
              ],
              "mirror": true
            },
            {
              "origin": [
                15.47571,
                21.39742,
                -5.52303
              ],
              "size": [
                8,
                8,
                8
              ],
              "pivot": [
                19,
                29.0019,
                1.91276
              ],
              "rotation": [
                -9.23674,
                3.69916,
                -5.59857
              ],
              "uv": [
                88,
                147
              ],
              "mirror": true
            }
          ]
        },
        {
          "name": "bone2",
          "parent": "Leftarm",
          "pivot": [
            12,
            63.0019,
            -0.08724
          ],
          "cubes": [
            {
              "origin": [
                17.17026,
                35.50263,
                -4.17706
              ],
              "size": [
                8,
                11,
                8
              ],
              "pivot": [
                21,
                40.0019,
                -0.08724
              ],
              "rotation": [
                -3.83424,
                3.21154,
                32.39247
              ],
              "uv": [
                0,
                145
              ],
              "mirror": true
            },
            {
              "origin": [
                25.11183,
                33.27655,
                -2.24531
              ],
              "size": [
                2,
                11,
                5
              ],
              "pivot": [
                27,
                40.0019,
                -0.08724
              ],
              "rotation": [
                -4.95744,
                -0.65182,
                -14.97178
              ],
              "uv": [
                150,
                155
              ],
              "mirror": true
            },
            {
              "origin": [
                25.92011,
                27.01184,
                -1.85018
              ],
              "size": [
                2,
                11,
                3
              ],
              "pivot": [
                27,
                33.0019,
                -0.08724
              ],
              "rotation": [
                -4.92442,
                0.86717,
                2.46271
              ],
              "uv": [
                0,
                0
              ],
              "mirror": true
            },
            {
              "origin": [
                22.74459,
                36.48164,
                -3.48179
              ],
              "size": [
                3,
                18,
                5
              ],
              "pivot": [
                25,
                37.0019,
                -0.08724
              ],
              "rotation": [
                -4.83045,
                1.29256,
                7.44548
              ],
              "uv": [
                120,
                155
              ],
              "mirror": true
            },
            {
              "origin": [
                25.68784,
                50.66463,
                -1.18564
              ],
              "size": [
                2,
                9,
                3
              ],
              "pivot": [
                25,
                52.0019,
                -0.08724
              ],
              "rotation": [
                -4.98107,
                -0.43523,
                -12.48107
              ],
              "uv": [
                0,
                28
              ],
              "mirror": true
            }
          ]
        },
        {
          "name": "bone7",
          "parent": "body",
          "pivot": [
            0,
            46,
            0
          ],
          "cubes": [
            {
              "origin": [
                -7.5,
                41,
                -1
              ],
              "size": [
                15,
                10,
                6
              ],
              "inflate": 0.5,
              "uv": [
                140,
                0
              ]
            }
          ]
        },
        {
          "name": "Rightleg",
          "parent": "bone7",
          "pivot": [
            2,
            41,
            4
          ],
          "rotation": [
            -20,
            0,
            0
          ],
          "cubes": [
            {
              "origin": [
                0.85,
                20.05877,
                -2.26808
              ],
              "size": [
                9.4,
                21.7,
                9.1
              ],
              "pivot": [
                12.2,
                42.25877,
                2.63192
              ],
              "rotation": [
                17.5,
                0,
                0
              ],
              "uv": [
                130,
                125
              ]
            },
            {
              "origin": [
                2,
                -0.89123,
                3.88192
              ],
              "size": [
                7.1,
                24,
                8.1
              ],
              "inflate": 0.5,
              "pivot": [
                12.2,
                23.95877,
                2.63192
              ],
              "rotation": [
                20,
                0,
                0
              ],
              "uv": [
                38,
                144
              ]
            },
            {
              "origin": [
                -0.15,
                18.05877,
                -5.26808
              ],
              "size": [
                12.4,
                27.7,
                14.1
              ],
              "pivot": [
                12.2,
                42.25877,
                2.63192
              ],
              "rotation": [
                17.43745,
                1.50179,
                -4.76968
              ],
              "uv": [
                0,
                28
              ]
            }
          ]
        },
        {
          "name": "Leftleg",
          "parent": "bone7",
          "pivot": [
            -2,
            41,
            4
          ],
          "rotation": [
            -20,
            0,
            0
          ],
          "cubes": [
            {
              "origin": [
                -10.25,
                20.05877,
                -2.26808
              ],
              "size": [
                9.4,
                21.7,
                9.1
              ],
              "pivot": [
                -12.2,
                42.25877,
                2.63192
              ],
              "rotation": [
                17.5,
                0,
                0
              ],
              "uv": [
                130,
                125
              ],
              "mirror": true
            },
            {
              "origin": [
                -9.1,
                -0.89123,
                3.88192
              ],
              "size": [
                7.1,
                24,
                8.1
              ],
              "inflate": 0.5,
              "pivot": [
                -12.2,
                23.95877,
                2.63192
              ],
              "rotation": [
                20,
                0,
                0
              ],
              "uv": [
                38,
                144
              ],
              "mirror": true
            },
            {
              "origin": [
                -12.25,
                18.05877,
                -5.26808
              ],
              "size": [
                12.4,
                27.7,
                14.1
              ],
              "pivot": [
                -12.2,
                42.25877,
                2.63192
              ],
              "rotation": [
                17.43745,
                -1.50179,
                4.76968
              ],
              "uv": [
                0,
                28
              ],
              "mirror": true
            }
          ]
        }
      ]
    }
  ]
}