{
	"format_version": "1.10.0",
	"minecraft:client_entity": {
		"description": {
			"identifier": "vl:gallimimus",
			"materials": {
				"default": "spider"
			},
			"textures": {
				"default": "textures/entity/galli/gallimimus_jw"
			},
			"geometry": {
				"default": "geometry.LUCID_Gallimimus"
			},
			"animations": {
				"start_sleep": "animation.LUCID_Gallimimus.sleep_start",
				"sleeping": "animation.LUCID_Gallimimus.sleeping",
				"wake_up": "animation.LUCID_Gallimimus.sleep_end",
				"look": "animation.LUCID_Gallimimus.look",
				"walk": "animation.LUCID_Gallimimus.walk",
				"run": "animation.LUCID_Gallimimus.run",
				"idle": "animation.LUCID_Gallimimus.idle",
				"util": "animation.LUCID_Gallimimus.util",
				"Gallimimus": "controller.animation.gallimimus"
			},
			"scripts": {
				"initialize": [
					"variable.smoothed_turning = 0;",
					"variable.body_turn = 0;"
				],
				"pre_animation": [
					"variable.smoothed_turning = variable.smoothed_turning + Math.clamp(query.yaw_speed - variable.smoothed_turning, -10, 10) / 1.5;",
					"variable.body_turn = variable.body_turn + Math.clamp(-query.body_y_rotation - variable.body_turn, -10, 10) / 1.5;"
				],
				"animate": ["Gallimimus","util"]
			},
			"render_controllers": [
				"controller.render.default"
			],
			"particle_effects": {
				"sleep_locator": "vl:sleep"
			},
			"spawn_egg": {
				"base_color": "#b79d49",
				"overlay_color": "#665433"
			}
		}
	}
}