{
	"format_version": "1.10.0",
	"minecraft:client_entity": {
		"description": {
			"identifier": "vl:pachycephalosaurus",
			"materials": {
				"default": "spider"
			},
			"textures": {
				"default": "textures/entity/pachycephalosaurus"
			},
			"geometry": {
				"default": "geometry.LUCID_Pachycephalosaurus"
			},
			"animations": {
				"start_sleep": "animation.LUCID_Pachycephalosaurus.sleep_start",
				"sleeping": "animation.LUCID_Pachycephalosaurus.sleeping",
				"wake_up": "animation.LUCID_Pachycephalosaurus.sleep_end",
				"look": "animation.LUCID_Pachycephalosaurus.look",
				"walk": "animation.LUCID_Pachycephalosaurus.walk",
				"roar": "animation.LUCID_Pachycephalosaurus.look",
				"attack": "animation.LUCID_Pachycephalosaurus.attack",
				"run": "animation.LUCID_Pachycephalosaurus.walk",
				"idle": "animation.LUCID_Pachycephalosaurus.idle",
				"util": "animation.LUCID_Pachycephalosaurus.util",
				"pachycephalosaurus": "controller.animation.carnotaurus"
			},
			"scripts": {
				"initialize": [
					"variable.smoothed_turning = 0;",
					"variable.body_turn = 0;"
				],
				"pre_animation": [
					"variable.smoothed_turning = variable.smoothed_turning + Math.clamp(query.yaw_speed - variable.smoothed_turning, -10, 10) / 1.5;",
					"variable.body_turn = variable.body_turn + Math.clamp(-query.body_y_rotation - variable.body_turn, -10, 10) / 1.5;"
				],
				"animate": ["pachycephalosaurus","util"]
			},
			"render_controllers": [
				"controller.render.default"
			],
			"particle_effects": {
				"sleep_locator": "vl:sleep"
			},
			"spawn_egg": {
				"base_color": "#938864",
				"overlay_color": "#404455"
			}
		}
	}
}