{
	"format_version": "1.10.0",
	"minecraft:client_entity": {
		"description": {
			"identifier": "vl:triceratops",
			"materials": {
				"default": "spider"
			},
			"textures": {
				"default": "textures/entity/Triceratops_LUCID",
				"blue": "textures/entity/Triceratops_LUCID2"
			},
			"geometry": {
				"default": "geometry.LUCID_Triceratops"
			},
			"animations": {
				"start_sleep": "animation.LUCID_Triceratops.sleep_start",
				"sleeping": "animation.LUCID_Triceratops.sleeping",
				"wake_up": "animation.LUCID_Triceratops.sleep_end",

				"ram": "animation.LUCID_Triceratops.ram",
				"look": "animation.LUCID_Triceratops.look_around",
				"walk": "animation.LUCID_Triceratops.walk",
				"roar": "animation.LUCID_Triceratops.roar",
				"attack": "animation.LUCID_Triceratops.attack",
				"run": "animation.LUCID_Triceratops.run",
				"idle": "animation.LUCID_Triceratops.idle",
				"util": "animation.LUCID_Triceratops.util",
				"triceratops": "controller.animation.triceratops"
			},
			"scripts": {
				"initialize": [
					"variable.smoothed_turning = 0;",
					"variable.body_turn = 0;"
				],
				"pre_animation": [
					"variable.smoothed_turning = variable.smoothed_turning + Math.clamp(query.yaw_speed - variable.smoothed_turning, -10, 10) / 1.5;",
					"variable.body_turn = variable.body_turn + Math.clamp(-query.body_y_rotation - variable.body_turn, -10, 10) / 1.5;"
				],
				"animate": ["triceratops","util"]
			},
			"render_controllers": [
				"controller.render.trike"
			],
			"particle_effects": {
				"sleep_locator": "vl:sleep"
			},
			"spawn_egg": {
				"base_color": "#b9b792",
				"overlay_color": "#605650"
			}
		}
	}
}