{
	"format_version": "1.10.0",
	"minecraft:client_entity": {
		"description": {
			"identifier": "df:bamboo_rocketer",
			"materials": {
				"default": "entity_alphatest"
			},
			"textures": {
				"default": "textures/entity/bamboo_rocketer"
			},
			"geometry": {
				"default": "geometry.bamboo_rocketer"
			},
			"animations": {
				"look": "animation.bamboo_rocketer.look",
				"death": "animation.shooter.death"
			},
			"scripts": {
				"animate": [
					"look",
					{
						"death": "!query.is_alive"
					}
				]
			},
			"render_controllers": [
				"controller.render.shooter"
			],
			"spawn_egg": {}
		}
	}
}