{
	"format_version": "1.10.0",
	"minecraft:client_entity": {
		"description": {
			"identifier": "df:bamboogun_golem",
			"materials": {
				"default": "entity_alphatest"
			},
			"textures": {
				"default": "textures/entity/bamboogun/bamboogun",
				"bamboogun_villager": "textures/entity/bamboogun/bamboogun_villager",
				"bamboogun_illager": "textures/entity/bamboogun/bamboogun_illager"
			},
			"geometry": {
				"default": "geometry.bamboogun"
			},
			"animations": {
				"look": "animation.bamboogun.look",
				"shooting": "animation.bamboogun.shooting",
				"death": "animation.shooter.death"
			},
			"scripts": {
				"animate": [
					"look",
					{
						"death": "!query.is_alive"
					},
					{
						"shooting": "query.facing_target_to_range_attack?1&&!q.is_charged:0"
					}
				]
			},
			"render_controllers": [
				"controller.render.bamboogun"
			],
			"sound_effects": {
				"shoot": "block.bamboo.place"
			},
			"spawn_egg": {
				"texture": "df_bamboogun"
			}
		}
	}
}