{
	"format_version": "1.10.0",
	"minecraft:client_entity": {
		"description": {
			"identifier": "df:diamond_villager_horse",
			"materials": {
				"default": "entity_alphatest"
			},
			"textures": {
				"plains": "textures/entity/villager_horse2/plains",
				"desert": "textures/entity/villager_horse2/desert",
				"jungle": "textures/entity/villager_horse2/jungle",
				"savanna": "textures/entity/villager_horse2/savanna",
				"snow": "textures/entity/villager_horse2/snow",
				"swamp": "textures/entity/villager_horse2/swamp",
				"taiga": "textures/entity/villager_horse2/taiga"
			},
			"geometry": {
				"default": "geometry.villager_guard_horse"
			},
			"animations": {
				"sword": "animation.villager_horse.sword",
				"rear": "animation.horse_villager.rear",
				"stand": "animation.villager_horse.stand",
				"walk": "animation.villager_horse.walk",
				"look_at_player": "animation.villager_horse.look_at_target",
				"attack": "controller.animation.horse.attack",
				"target": "animation.villager_horse.target",
				"spear": "animation.villager_horse.spear"
			},
			"scripts": {
				"pre_animation": [
					"variable.tcos0 = (Math.cos(query.modified_distance_moved * 38.17) * query.modified_move_speed / variable.gliding_speed_value) * 57.3;",
					"variable.tcos1 = (Math.cos(query.modified_distance_moved * 18.17) * query.modified_move_speed / variable.gliding_speed_value) * 57.3;"
				],
				"animate": [
					"look_at_player",
					"walk",
					"attack"
				]
			},
			"render_controllers": [
				"controller.render.defender.biome"
			],
			"spawn_egg": {
				"texture": "diamond_villager_horse"
			}
		}
	}
}