{
	"format_version": "1.10.0",
	"minecraft:client_entity": {
		"description": {
			"identifier": "minecraft:evocation_illager",
			"min_engine_version": "1.8.0",
			"materials": {
				"default": "evoker"
			},
			"textures": {
				"normal": "textures/entity/illager/evoker",
				"captain": "textures/entity/evoker_captain"
			},
			"geometry": {
				"default": "geometry.evoker.v1.8"
			},
			"scripts": {
				"scale": "0.9375",
				"animate": [
					"controller_general",
					"controller_move"
				]
			},
			"animations": {
				"general": "animation.evoker.general",
				"casting": "animation.evoker.casting",
				"look_at_target": "animation.common.look_at_target",
				"move": "animation.evoker.move",
				"riding.legs": "animation.humanoid.riding.legs",
				"celebrating": "animation.humanoid.celebrating",
				"controller_general": "controller.animation.evoker.general",
				"controller_move": "controller.animation.villager.move",
				"controller_riding": "controller.animation.humanoid.riding_legs_only"
			},
			"particle_effects": {
				"spell": "minecraft:evoker_spell"
			},
			"render_controllers": [
				"controller.render.evokervip"
			],
			"spawn_egg": {
				"texture": "spawn_egg",
				"texture_index": 40
			}
		}
	}
}