{
	"format_version": "1.10.0",
	"minecraft:client_entity": {
		"description": {
			"identifier": "df:heavy_cannon",
			"materials": {
				"default": "entity_alphatest"
			},
			"textures": {
				"default": "textures/entity/heavy_cannon"
			},
			"geometry": {
				"default": "geometry.heavy_cannon"
			},
			"animations": {
				"look_at_target": "animation.smallcannon.look",
				"move": "animation.smallcannon.move",
				"death": "animation.smallcannon.death"
			},
			"scripts": {
				"animate": [
					"look_at_target",
					"move",
					{
						"death": "!query.is_alive"
					}
				]
			},
			"render_controllers": [
				"controller.render.war.crossbow"
			]
		}
	}
}