{
	"format_version": "1.10.0",
	"minecraft:client_entity": {
		"description": {
			"identifier": "df:iceline",
			"materials": {
				"default": "entity_alphatest"
			},
			"textures": {
				"default": "textures/entity/iceline"
			},
			"geometry": {
				"default": "geometry.iceline"
			},
			"animations": {
				"start": "animation.iceline.start"
			},
			"scripts": {
				"animate": [
					{
						"start": "query.is_shaking"
					}
				]
			},
			"render_controllers": [
				"controller.render.iceline"
			]
		}
	}
}