{
	"format_version": "1.8.0",
	"minecraft:client_entity": {
		"description": {
			"identifier": "df:illager_medical",
			"materials": {
				"default": "witch"
			},
			"textures": {
				"default": "textures/entity/illager_medical"
			},
			"geometry": {
				"default": "geometry.villager.witch"
			},
			"scripts": {
				"scale": "0.9375"
			},
			"animations": {
				"villager_general": "animation.villager.general",
				"look_at_target": "animation.common.look_at_target",
				"move": "animation.villager.move",
				"general": "animation.witch.general"
			},
			"animation_controllers": [
				{
					"general": "controller.animation.witch.general"
				},
				{
					"move": "controller.animation.villager.move"
				}
			],
			"render_controllers": [
				"controller.render.witch.v1.0"
			],
			"spawn_egg": {
				"base_color": "#E007B8",
				"overlay_color": "#5B5873"
			}
		}
	}
}