{
	"format_version": "1.10.0",
	"minecraft:client_entity": {
		"description": {
			"identifier": "df:iron_tankdestroyer",
			"materials": {
				"default": "entity_alphatest"
			},
			"textures": {
				"default": "textures/entity/tank/iron_tankdestroyer"
			},
			"geometry": {
				"default": "geometry.Iron_tankdestroyer"
			},
			"animations": {
				"look_at_target": "animation.Iron_tankdestroyer.look_at_target",
				"death": "animation.Iron_tankdestroyer.death",
				"death_controller": "controller.animation.death.animation",
				"shoot": "animation.ravager_tank.shoot",
				"shoot_controller": "controller.animation.ravager.tank.shoot",
				"move": "animation.Iron_tankdestroyer.moving"
			},
			"scripts": {
				"animate": [
					"look_at_target",
					"death_controller",
					"shoot_controller",
					"move"
				]
			},
			"render_controllers": [
				"controller.render.mechine"
			],
			"spawn_egg": {
				"texture": "iron_tankdestroyer"
			},
			"enable_attachables": false,
			"hide_armor": true,
			"particle_effects": {
				"smoke": "minecraft:large_explosion"
			}
		}
	}
}