{
	"format_version": "1.10.0",
	"minecraft:client_entity": {
		"description": {
			"identifier": "df:iron_tankdestroyer_building",
			"materials": {
				"default": "entity_alphatest"
			},
			"textures": {
				"default": "textures/entity/iron_tankdestroyer"
			},
			"geometry": {
				"default": "geometry.Iron_tankdestroyer"
			},
			"scripts": {
				"animate": [
					{
						"nodongco": "query.variant==0"
					},
					{
						"nodongco2": "query.variant==1||query.variant==0"
					},
					{
						"noghe": "!query.is_saddled"
					},
					{
						"noturret": "!query.is_tamed"
					}
				]
			},
			"animations": {
				"nodongco": "animation.Iron_tankdestroyer.nodongco",
				"nodongco2": "animation.Iron_tankdestroyer.nodongco2",
				"noturret": "animation.Iron_tankdestroyer.noturret",
				"noghe": "animation.Iron_tankdestroyer.noghe"
			},
			"render_controllers": [
				"controller.render.iron_tankdestroyer_building"
			]
		}
	}
}