{
	"format_version": "1.10.0",
	"minecraft:client_entity": {
		"description": {
			"identifier": "df:piglin_machine_cannon_has_rider",
			"materials": {
				"default": "strider"
			},
			"textures": {
				"default": "textures/entity/piglin/piglin_machine_cannon",
				"rider": "textures/entity/piglin/piglin_scientist",
				"overworld": "textures/entity/piglin/piglin_overworld"
			},
			"geometry": {
				"default": "geometry.piglin_machine_cannon",
				"rider": "geometry.piglin_machine_drived"
			},
			"scripts": {
				"pre_animation": [
					"variable.animation_speed = Math.min(query.modified_move_speed, 0.25);",
					"variable.speed = 85.9437;",
					"variable.bristle_flow=Math.cos(query.modified_distance_moved * variable.speed + 180) * variable.animation_speed;",
					"variable.bristle_range_mod=1;",
					"variable.bristle_speed_mod=1;"
				],
				"animate": [
					"look_at_target",
					"walk",
					"sit",
					{
						"death": "!query.is_alive"
					}
				]
			},
			"animations": {
				"look_at_target": "animation.piglin_machine.look_at_target",
				"walk": "animation.piglin_machine.walk",
				"sit": "animation.piglin_machine.sit",
				"death": "animation.piglin_machine.death"
			},
			"render_controllers": [
				"controller.render.mechine",
				{
					"controller.render.piglin.rider": "query.is_alive"
				}
			],
			"spawn_egg": {
				"texture": "df_piglin_machine"
			}
		}
	}
}