{
	"format_version": "1.10.0",
	"minecraft:client_entity": {
		"description": {
			"identifier": "df:piglin_raid",
			"materials": {
				"default": "entity_alphatest"
			},
			"textures": {
				"default": "textures/entity/piglin/piglin_raid"
			},
			"geometry": {
				"default": "geometry.piglin_raid"
			},
			"animations": {
				"default": "animation.piglin_raid.raiding",
				"look": "animation.piglin_raid.look_at_target",
				"dead": "animation.piglin_raid.dead"
			},
			"scripts": {
				"animate": [
					{
						"default": "query.is_casting"
					},
					"look",
					{
						"dead": "!query.is_alive"
					}
				]
			},
			"render_controllers": [
				"controller.render.bat"
			]
		}
	}
}