{
	"format_version": "1.10.0",
	"minecraft:client_entity": {
		"description": {
			"identifier": "df:smallcannon",
			"materials": {
				"default": "entity_alphatest"
			},
			"textures": {
				"default": "textures/entity/smallcannon"
			},
			"geometry": {
				"default": "geometry.smallcannon"
			},
			"animations": {
				"look_at_target": "animation.smallcannon.look",
				"move": "animation.smallcannon.move",
				"death": "animation.smallcannon.death",
				"scale": "animation.smallcannon.scale"
			},
			"scripts": {
				"animate": [
					"look_at_target",
					"move",
					{
						"death": "!query.is_alive"
					},
					"scale"
				]
			},
			"render_controllers": [
				"controller.render.war.crossbow"
			],
			"spawn_egg": {
				"texture": "warcrossbow"
			}
		}
	}
}