{
	"format_version": "1.10.0",
	"minecraft:client_entity": {
		"description": {
			"identifier": "df:snake_cannon",
			"materials": {
				"default": "entity_alphatest"
			},
			"textures": {
				"default": "textures/entity/snake_cannon"
			},
			"geometry": {
				"default": "geometry.snake_cannon"
			},
			"animations": {
				"look_at_target": "animation.cannon_copper.look",
				"death": "animation.shooter.death"
			},
			"scripts": {
				"animate": [
					"look_at_target",
					{
						"death": "!query.is_alive"
					}
				]
			},
			"render_controllers": [
				"controller.render.shooter"
			]
		}
	}
}