{
	"format_version": "1.10.0",
	"minecraft:client_entity": {
		"description": {
			"identifier": "df:standy_dp27",
			"materials": {
				"default": "entity_alphatest"
			},
			"textures": {
				"default": "textures/entity/newgun/stand_gun",
				"dp27": "textures/entity/newgun/dp27"
			},
			"geometry": {
				"default": "geometry.gun_stand",
				"dp27": "geometry.dp27_auto"
			},
			"animations": {
				"look_at_target": "animation.gun_stand.look_at_target",
				"load": "animation.gun_stand.charge",
				"attack": "controller.animation.warcrossbow.attack",
				"death": "animation.gun_stand.dead"
			},
			"scripts": {
				"animate": [
					"attack",
					"look_at_target",
					{
						"death": "!query.is_alive"
					}
				]
			},
			"render_controllers": [
				"controller.render.stbady.dp27",
				"controller.render.player.dp27"
			],
			"sound_effects": {
				"dp27putout": "dp27.putout",
				"dp27puton": "dp27.puton"
			}
		}
	}
}