{
	"format_version": "1.10.0",
	"minecraft:client_entity": {
		"description": {
			"identifier": "aoi:stonerpillager",
			"materials": {
				"default": "entity_alphatest"
			},
			"textures": {
				"default": "textures/entity/stonerpillager"
			},
			"geometry": {
				"default": "geometry.stonerpillager"
			},
			"animations": {
				"start": "animation.stonerpillager.start",
				"death": "animation.stonerpillager.death"
			},
			"scripts": {
				"animate": [
					{
						"start": "query.is_shaking"
					},
					{
						"death": "!query.is_alive"
					}
				]
			},
			"render_controllers": [
				"controller.render.stonerpillager"
			],
			"spawn_egg": {
				"texture": "aoi_stonerpillager_egg",
				"texture_index": 0
			}
		}
	}
}