{
	"format_version": "1.10.0",
	"minecraft:client_entity": {
		"description": {
			"identifier": "aoi:vehicalwar",
			"materials": {
				"default": "entity_alphatest"
			},
			"textures": {
				"default": "textures/entity/vehicalwar"
			},
			"geometry": {
				"default": "geometry.vehicalwar"
			},
			"animations": {
				"move": "animation.vehicalwar.move",
				"death": "animation.vehicalwar.death"
			},
			"scripts": {
				"animate": [
					"move",
					{
						"death": "!query.is_alive"
					}
				]
			},
			"render_controllers": [
				"controller.render.vehicalwar"
			],
			"spawn_egg": {
				"base_color": "#000000",
				"overlay_color": "#FFFFFF"
			}
		}
	}
}