{
	"format_version": "1.10.0",
	"minecraft:client_entity": {
		"description": {
			"identifier": "df:villager_soldier",
			"materials": {
				"default": "entity_alphatest"
			},
			"textures": {
				"desert": "textures/entity/villager_soldier/desert",
				"jungle": "textures/entity/villager_soldier/jungle",
				"plains": "textures/entity/villager_soldier/plains",
				"savanna": "textures/entity/villager_soldier/savanna",
				"snow": "textures/entity/villager_soldier/snow",
				"swamp": "textures/entity/villager_soldier/swamp",
				"taiga": "textures/entity/villager_soldier/taiga"
			},
			"geometry": {
				"default": "geometry.villager_soldier"
			},
			"spawn_egg": {
				"base_color": "#76432a",
				"overlay_color": "#321709"
			},
			"scripts": {
				"pre_animation": [
					"variable.tcos0 = (Math.cos(query.modified_distance_moved * 38.17) * query.modified_move_speed / variable.gliding_speed_value) * 57.3;",
					"variable.attack = Math.sin((1.0 - (1.0 - variable.attack_time) * (1.0 - variable.attack_time)) * 180.0) * 57.3;",
					"variable.attack2 = Math.sin(variable.attack_time * 180.0) * 57.3;",
					"variable.z_bob = Math.cos(query.life_time * 103.13244) * 2.865 + 2.865;",
					"variable.x_bob = Math.sin(query.life_time * 76.776372) * 2.865;",
					"variable.attack_body_rot_y = Math.sin(360*Math.sqrt(variable.attack_time)) * 5.0;"
				],
				"scale": "0.9375",
				"animate": [
					"move",
					"bob",
					"look_at_target_controller",
					"riding_controller",
					{
						"shaking": "query.is_stunned"
					},
					{
						"shield": "query.is_stunned&&query.variant==1"
					},
					{
						"sword": "query.variant==1"
					},
					{
						"ranged": "query.variant==0"
					}
				]
			},
			"animations": {
				"move": "animation.piglin.move",
				"bob": "animation.humanoid.bob",
				"humanoid_big_head": "animation.humanoid.big_head",
				"look_at_target_controller": "controller.animation.humanoid.look_at_target",
				"look_at_target_default": "animation.humanoid.look_at_target.default",
				"look_at_target_gliding": "animation.humanoid.look_at_target.gliding",
				"look_at_target_swimming": "animation.humanoid.look_at_target.swimming",
				"piglin_attack_controller": "controller.animation.villager.soldier",
				"crossbow_hold": "animation.piglin.crossbow.hold",
				"crossbow_charge": "animation.piglin.crossbow.charge",
				"melee_attack": "animation.piglin.hand.attack",
				"hand_attack": "animation.piglin.hand.attack",
				"riding_controller": "controller.animation.humanoid.riding",
				"riding.arms": "animation.humanoid.riding.arms",
				"riding.legs": "animation.humanoid.riding.legs",
				"holding": "animation.humanoid.holding.v1.0",
				"shaking": "animation.villager_crossbow.shaking",
				"shield": "animation.villager_crossbow.shield",
				"sword": "controller.animation.sword.attack",
				"ranged": "controller.animation.villager.soldier.ranged",
				"sitonride": "animation.mobaddon.sitonride"
			},
			"render_controllers": [
				"controller.render.defender.biome"
			],
			"enable_attachables": true,
			"hide_armor": true
		}
	}
}