{
	"format_version": "1.10.0",
	"minecraft:client_entity": {
		"description": {
			"identifier": "df:villager_banner",
			"materials": {
				"default": "entity_alphatest"
			},
			"textures": {
				"default": "textures/entity/AnhemSteve_Royel"
			},
			"geometry": {
				"default": "geometry.banner_summon"
			},
			"animations": {
				"default": "animation.banner_summon.default"
			},
			"scripts": {
				"animate": [
					"default"
				]
			},
			"render_controllers": [
				"controller.render.bat"
			]
		}
	}
}