{
	"format_version": "1.10.0",
	"minecraft:client_entity": {
		"description": {
			"identifier": "df:villager_soldier_smg",
			"materials": {
				"default": "entity_alphatest"
			},
			"textures": {
				"default": "textures/entity/villager_gun/villager_soldier_new",
				"ppsh41": "textures/entity/newgun/ppsh41"
			},
			"geometry": {
				"default": "geometry.villagergun",
				"ppsh41": "geometry.ppsh41"
			},
			"spawn_egg": {
				"base_color": "#050226",
				"overlay_color": "#6157CF"
			},
			"scripts": {
				"pre_animation": [
					"variable.tcos0 = (Math.cos(query.modified_distance_moved * 38.17) * query.modified_move_speed / variable.gliding_speed_value) * 57.3;",
					"variable.attack = Math.sin((1.0 - (1.0 - variable.attack_time) * (1.0 - variable.attack_time)) * 180.0) * 57.3;",
					"variable.attack2 = Math.sin(variable.attack_time * 180.0) * 57.3;",
					"variable.z_bob = Math.cos(query.life_time * 103.13244) * 2.865 + 2.865;",
					"variable.x_bob = Math.sin(query.life_time * 76.776372) * 2.865;",
					"variable.attack_body_rot_y = Math.sin(360*Math.sqrt(variable.attack_time)) * 5.0;"
				],
				"scale": "0.9375",
				"animate": [
					{
						"humanoid_big_head": "query.is_baby"
					},
					"move",
					"bob",
					"look_at_target_controller",
					"piglin_attack_controller",
					"riding_controller",
					{
						"sitonride": "query.is_riding"
					},
					"tpp"
				]
			},
			"animations": {
				"move": "animation.piglin.move",
				"bob": "animation.humanoid.bob",
				"humanoid_big_head": "animation.humanoid.big_head",
				"look_at_target_controller": "controller.animation.humanoid.look_at_target",
				"look_at_target_default": "animation.humanoid.look_at_target.default",
				"look_at_target_gliding": "animation.humanoid.look_at_target.gliding",
				"look_at_target_swimming": "animation.humanoid.look_at_target.swimming",
				"piglin_attack_controller": "controller.animation.musket.attack",
				"crossbow_hold": "animation.piglin.crossbow.hold",
				"crossbow_charge": "animation.piglin.crossbow.charge",
				"melee_attack": "animation.piglin.sword.attack",
				"hand_attack": "animation.piglin.hand.attack",
				"riding_controller": "controller.animation.gun.riding",
				"riding.arms": "animation.humanoid.riding.arms",
				"riding.legs": "animation.humanoid.riding.legs",
				"holding": "animation.humanoid.holding.v1.0",
				"bow_and_arrow": "animation.villagergun.aimsmg",
				"charge": "animation.ppsh41.reload_tpp",
				"stand": "animation.villagergun.hoildgun",
				"sitonride": "animation.mobaddon.new_sit",
				"tpp": "animation.ppsh41.tpp"
			},
			"render_controllers": [
				"controller.render.villagersoldierarmor",
				"controller.render.player.ppsh41"
			],
			"enable_attachables": true,
			"hide_armor": true,
			"sound_effects": {
				"ppshout": "ppsh.out",
				"ppshin": "ppsh.in"
			}
		}
	}
}