{
	"format_version": "1.10.0",
	"minecraft:client_entity": {
		"description": {
			"identifier": "df:villager_camel",
			"materials": {
				"default": "camel"
			},
			"textures": {
				"default": "textures/entity/camel/camel",
				"desert": "textures/entity/villager_ranged/desert",
				"jungle": "textures/entity/villager_ranged/jungle",
				"plains": "textures/entity/villager_ranged/plains",
				"savanna": "textures/entity/villager_ranged/savanna",
				"snow": "textures/entity/villager_ranged/snow",
				"swamp": "textures/entity/villager_ranged/swamp",
				"taiga": "textures/entity/villager_ranged/taiga"
			},
			"geometry": {
				"default": "geometry.camel_riding",
				"rider": "geometry.camel_rider"
			},
			"spawn_egg": {
				"base_color": "#fcc369",
				"overlay_color": "#cb9337"
			},
			"scripts": {
				"pre_animation": [
					"variable.moving = query.ground_speed > 0 || query.vertical_speed > 0;",
					"variable.xTargetRot = math.clamp(query.target_x_rotation, -30, 30);",
					"variable.xHeadRot = query.dash_cooldown_progress > 0 ? math.clamp(variable.xTargetRot + (45 * (1 - query.dash_cooldown_progress)), -25, 70) : variable.xTargetRot;",
					"variable.yHeadRot = math.clamp(query.target_y_rotation, -30, 30);"
				],
				"animate": [
					"idle_controller",
					"general",
					"shooting",
					"look_at_target",
					"bob",
					{
						"riding": "!query.has_target"
					}
				]
			},
			"animations": {
				"moving": "animation.camel.walk",
				"bob": "animation.humanoid.bob",
				"sit_down": "animation.camel_rider.sitdown",
				"sitting": "animation.camel_rider.sit",
				"stand_up": "animation.camel_rider.standup",
				"look_at_target": "animation.camel_rider.look_at_target",
				"dashing": "animation.camel.dash",
				"idle": "animation.camel.idle",
				"bow_and_arrow": "animation.villager_sword.onehand",
				"charge": "animation.villager_soldier_armor.charge",
				"general": "controller.animation.camel.general",
				"idle_controller": "controller.animation.camel.idle",
				"shooting": "controller.animation.musket.attack",
				"riding": "animation.camel_rider.riding"
			},
			"sound_effects": {
				"sit_down": "mob.camel.sit",
				"stand_up": "mob.camel.stand",
				"dashing": "mob.camel.dash"
			},
			"hide_armor": true,
			"enable_attachables": true,
			"render_controllers": [
				"controller.render.camel",
				"controller.render.camelrider.biome"
			]
		}
	}
}