{
	"format_version": "1.10.0",
	"minecraft:client_entity": {
		"description": {
			"identifier": "df:villager_engineer",
			"materials": {
				"default": "villager_v2"
			},
			"textures": {
				"default": "textures/entity/villager_engineer",
				"level_stone": "textures/entity/illager/levels/level_stone",
				"level_iron": "textures/entity/illager/levels/level_iron",
				"level_gold": "textures/entity/illager/levels/level_gold",
				"level_emerald": "textures/entity/illager/levels/level_emerald",
				"level_diamond": "textures/entity/illager/levels/level_diamond",
				"level_vip": "textures/entity/illager/levels/level_vip"
			},
			"geometry": {
				"default": "geometry.pillager_hat"
			},
			"spawn_egg": {
				"texture": "villager_controller"
			},
			"scripts": {
				"pre_animation": [
					"variable.tcos0 = (Math.cos(query.modified_distance_moved * 38.17) * query.modified_move_speed / variable.gliding_speed_value) * 57.3;",
					"variable.attack = Math.sin((1.0 - (1.0 - variable.attack_time) * (1.0 - variable.attack_time)) * 180.0) * 57.3;",
					"variable.attack2 = Math.sin(variable.attack_time * 180.0) * 57.3;",
					"variable.z_bob = Math.cos(query.life_time * 103.13244) * 2.865 + 2.865;",
					"variable.x_bob = Math.sin(query.life_time * 76.776372) * 2.865;",
					"variable.attack_body_rot_y = Math.sin(360*Math.sqrt(variable.attack_time)) * 5.0;",
					"variable.level_index = query.trade_tier;"
				],
				"scale": "0.9375",
				"animate": [
					{
						"humanoid_big_head": "query.is_baby"
					},
					"move",
					"bob",
					"look_at_target_controller",
					"riding_controller",
					{
						"attack": "variable.attack_time>0"
					},
					{
						"shaking": "query.is_stunned"
					},
					{
						"shield": "query.is_stunned"
					},
					{
						"build": "query.skin_id==1"
					},
					{
						"sitonride": "query.is_riding"
					}
				]
			},
			"animations": {
				"move": "animation.piglin.move",
				"bob": "animation.humanoid.bob",
				"humanoid_big_head": "animation.humanoid.big_head",
				"look_at_target_controller": "controller.animation.humanoid.look_at_target",
				"look_at_target_default": "animation.humanoid.look_at_target.default",
				"look_at_target_gliding": "animation.humanoid.look_at_target.gliding",
				"look_at_target_swimming": "animation.humanoid.look_at_target.swimming",
				"piglin_attack_controller": "controller.animation.sword.attack",
				"crossbow_hold": "animation.piglin.crossbow.hold",
				"crossbow_charge": "animation.piglin.crossbow.charge",
				"melee_attack": "animation.villager_sword.attck",
				"hand_attack": "animation.piglin.hand.attack",
				"riding_controller": "controller.animation.humanoid.riding",
				"riding.arms": "animation.humanoid.riding.arms",
				"riding.legs": "animation.humanoid.riding.legs",
				"holding": "animation.humanoid.holding.v1.0",
				"attack": "animation.player.attack.rotations",
				"shaking": "animation.villager_crossbow.shaking",
				"shield": "animation.villager_crossbow.shield",
				"build": "animation.villager_sword.build",
				"sitonride": "animation.mobaddon.sitonride"
			},
			"render_controllers": [
				"controller.render.bat",
				"controller.render.engineer_level"
			],
			"enable_attachables": true,
			"hide_armor": true
		}
	}
}