{
  "format_version": "1.8.0",
  "minecraft:spawn_rules": {
    "description": {
      "identifier": "pd:leptoceratops",
      "population_control": "monster"
    },
    "conditions": [
      {
        "minecraft:spawns_on_surface": {},
        "minecraft:brightness_filter": {
          "min": 7,
          "max": 15,
          "adjust_for_weather": false
        },
        "minecraft:weight": {
          "default": 4
        },
        "minecraft:herd": {
          "min_size":0,
          "max_size":1
        },
    
        "minecraft:biome_filter": [
          { "test": "has_biome_tag", "operator": "==", "value": "forest" },
          { "test": "has_biome_tag", "operator": "!=", "value": "plains" }
        ]
      }
    ]
  }
}