{
	"format_version": "1.8.0",
	"animations": {
		"animation.cer.bob": {
			"loop": true,
			"animation_length": 15,
			"bones": {
				"bone5": {
					"rotation": {
						"0.0": [10, 0, 0],
						"1.0": [2.5, 0, 0],
						"2.0": [10, 0, 0]
					}
				},
				"Tangan2": {
					"rotation": {
						"0.0": [-10.3978, -0.3752, 0.00286],
						"1.0": [-10.37202, -0.82592, -2.45631],
						"3.0": [-10.3978, -0.3752, 0.00286],
						"4.0": [-10.37202, -0.82592, -2.45631],
						"6.0": [-10.3978, -0.3752, 0.00286],
						"7.0": [-10.37202, -0.82592, -2.45631],
						"9.0": [-10.3978, -0.3752, 0.00286],
						"10.0": [-10.37202, -0.82592, -2.45631],
						"12.0": [-10.3978, -0.3752, 0.00286],
						"13.0": [-10.37202, -0.82592, -2.45631],
						"15.0": [-10.3978, -0.3752, 0.00286]
					}
				},
				"Tangan": {
					"rotation": {
						"0.0": [-9.91615, 1.29876, -0.11267],
						"1.0": [-9.85108, 1.72794, 2.35108],
						"3.0": [-9.91615, 1.29876, -0.11267],
						"4.0": [-9.85108, 1.72794, 2.35108],
						"6.0": [-9.91615, 1.29876, -0.11267],
						"7.0": [-9.85108, 1.72794, 2.35108],
						"9.0": [-9.91615, 1.29876, -0.11267],
						"10.0": [-9.85108, 1.72794, 2.35108],
						"12.0": [-9.91615, 1.29876, -0.11267],
						"13.0": [-9.85108, 1.72794, 2.35108],
						"15.0": [-9.91615, 1.29876, -0.11267]
					}
				},
				"bone": {
					"rotation": {
						"0.0": [0, 0, 0],
						"3.0": [0, 0, 0],
						"6.0": [0, 0, 0],
						"9.0": [0, 0, 0],
						"12.0": [0, 0, 0]
					}
				},
				"Head": {
					"rotation": {
						"0.0": [-2.5, 0, 0],
						"3.0": [-2.5, 0, 0],
						"6.0": [-2.5, 0, 0],
						"9.0": [-2.5, 0, 0],
						"9.9": [32.79781, 45.05075, 24.51604],
						"10.5": [37.62925, 51.18666, 30.99293],
						"11.4": [28.40086, -36.43129, -17.80232],
						"12.0": [32.79781, -45.05075, -24.51604],
						"12.6": [-2.5, 0, 0]
					}
				},
				"bone2": {
					"rotation": {
						"0.0": [0, 0, 0],
						"3.0": [0, 0, 0],
						"6.0": [0, 0, 0],
						"9.0": [0, 0, 0],
						"12.0": [0, 0, 0]
					}
				},
				"RightLeg": {
					"rotation": [0, 0, 5]
				},
				"bone3": {
					"rotation": [10, 0, 0]
				},
				"LeftLeg": {
					"rotation": [0, 0, -5]
				},
				"bone4": {
					"rotation": [7.5, 0, 0]
				},
				"Dasi": {
					"rotation": [-10, 0, 0]
				}
			}
		},
		"animation.cer.walk": {
			"loop": true,
			"animation_length": 3.1667,
			"bones": {
				"Tangan2": {
					"rotation": {
						"0.0": [0.04608, 1.08089, -0.11794],
						"2.0": [-9.99067, 0.43399, 4.96207],
						"3.0": [0.04608, 1.08089, -0.11794]
					}
				},
				"bone": {
					"rotation": {
						"0.0": [-15, 0, 0],
						"1.0": [-2.5, 0, 0],
						"3.0": [-15, 0, 0]
					}
				},
				"Tangan": {
					"rotation": {
						"0.0": [0.00933, -0.43399, -4.96207],
						"2.0": [-5.76235, 0.05776, 0.05838],
						"3.0": [0.00933, -0.43399, -4.96207]
					}
				},
				"bone2": {
					"rotation": {
						"0.0": [0, 0, 0],
						"2.0": [-17.5, 0, 0],
						"3.0": [0, 0, 0]
					},
					"scale": [1, 1, 0.9]
				},
				"RightLeg": {
					"rotation": {
						"0.0": [10, 0, 0],
						"1.5417": [-27.5, 0, 0],
						"1.75": [-20, 0, 0],
						"3.1667": [10, 0, 0]
					}
				},
				"bone3": {
					"rotation": {
						"0.0": [0, 0, 0],
						"0.5417": [4.58, 0, 0],
						"0.75": [5, 0, 0],
						"1.4167": [0, 0, 0],
						"1.75": [2.5, 0, 0],
						"2.0417": [0, 0, 0],
						"2.3333": [5, 0, 0],
						"2.7083": [0, 0, 0]
					}
				},
				"Head": {
					"rotation": {
						"0.0": [7.5, 0, 0],
						"0.75": [2.5, 0, 0],
						"1.4167": [7.5, 0, 0]
					}
				},
				"LeftLeg": {
					"rotation": {
						"0.0": [-20, 0, 0],
						"2.0": [7.5, 0, 0],
						"2.8333": [-35, 0, 0],
						"3.0": [-20, 0, 0]
					}
				},
				"bone4": {
					"rotation": {
						"0.0": [0.03829, 0.44948, 0.713],
						"0.75": [0, 0, 0],
						"1.7083": [0, 0, 0],
						"2.0": [30.31, 0, 0],
						"2.7917": [37.5, 0, 0],
						"3.0": [0.03829, 0.44948, 0.713]
					}
				},
				"bone5": {
					"rotation": {
						"0.0": [7.5, 0, 0],
						"1.5417": [42.5, 0, 0],
						"1.75": [0, 0, 0],
						"2.375": [0, 0, 0],
						"2.5833": [7.5, 0, 0]
					},
					"position": [0, 0, 0]
				},
				"Body": {
					"position": {
						"0.0": [0, 0, 0],
						"0.25": [0, -1, 0],
						"1.4167": [0, 0, 0]
					}
				},
				"Paha": {
					"position": {
						"0.0": [0, 0, 0],
						"0.3333": [0, 0, -3],
						"0.6667": [0, 0, 0],
						"1.0": [0, 0, -3],
						"1.4167": [0, 0, 0],
						"1.75": [0, 0, 0],
						"2.0417": [0, -1, -2],
						"2.3333": [0, 1, -1],
						"2.7083": [0, 0, 0]
					}
				},
				"Dasi": {
					"rotation": {
						"0.0": [0, 0, 0],
						"0.5": [-12.5, 0, 0],
						"0.75": [-20, 0, 0],
						"1.0": [0, 0, 0],
						"1.75": [0, 0, 0],
						"2.25": [-12.5, 0, 0],
						"2.5": [-20, 0, 0],
						"2.75": [0, 0, 0]
					}
				},
				"bone6": {
					"rotation": {
						"0.0": [0, 0, 0],
						"0.25": [7.5, 0, 0],
						"0.5833": [-2.5, 0, 0],
						"0.75": [2.5, 0, 0],
						"1.0": [-10, 0, 0],
						"1.4167": [0, 0, 0],
						"1.75": [0, 0, 0],
						"2.0": [7.5, 0, 0],
						"2.3333": [-2.5, 0, 0],
						"2.5": [2.5, 0, 0],
						"2.75": [-10, 0, 0],
						"3.1667": [0, 0, 0]
					}
				},
				"bone7": {
					"rotation": {
						"0.0": [0, 0, 0],
						"0.25": [10, 0, 0],
						"0.6667": [-5, 0, 0],
						"1.0": [-15, 0, 0],
						"1.4167": [0, 0, 0],
						"1.75": [0, 0, 0],
						"2.0": [10, 0, 0],
						"2.4167": [-5, 0, 0],
						"2.75": [-15, 0, 0],
						"3.1667": [0, 0, 0]
					}
				}
			}
		},
		"animation.cer.attack": {
			"animation_length": 1,
			"bones": {
				"Paha": {
					"position": {
						"0.2917": [0, 0, 0],
						"0.4583": [0, -7, 0],
						"0.7917": [0, -7, 0],
						"1.0": [0, 0, 0]
					}
				},
				"RightLeg": {
					"rotation": {
						"0.2917": [0, 0, 0],
						"0.4583": [2.5, 0, 0],
						"0.7917": [2.5, 0, 0],
						"1.0": [0, 0, 0]
					}
				},
				"bone5": {
					"rotation": {
						"0.2917": [0, 0, 0],
						"0.4583": [27.5, 0, 0],
						"0.7917": [27.5, 0, 0],
						"1.0": [0, 0, 0]
					}
				},
				"LeftLeg": {
					"rotation": {
						"0.2917": [0, 0, 0],
						"0.4583": [-12.12688, -0.74022, -6.072],
						"0.7917": [-12.12688, -0.74022, -6.072],
						"1.0": [0, 0, 0]
					}
				},
				"bone4": {
					"rotation": {
						"0.2917": [0, 0, 0],
						"0.4583": [22.5, 0, 0],
						"0.7917": [22.5, 0, 0],
						"1.0": [0, 0, 0]
					}
				},
				"bone3": {
					"rotation": {
						"0.2917": [0, 0, 0],
						"0.4167": [27.5, 0, 0],
						"1.0": [0, 0, 0]
					}
				},
				"Body": {
					"rotation": {
						"0.0": [0, 0, 0],
						"0.125": [0, 5, 0],
						"0.2917": [0, 10, 0],
						"0.4167": [22.5, -25, 0],
						"0.5417": [22.97455, -27.30579, -1.0764],
						"0.75": [0, -22.5, 0],
						"1.0": [0, 0, 0]
					}
				},
				"Tangan": {
					"rotation": {
						"0.0": [0, 0, 0],
						"0.125": [0, 0, 90],
						"0.2083": [0, 0, 90],
						"0.4583": [-99.09061, 11.96373, 135.63236],
						"0.625": [-111.46609, 13.53073, 137.05953],
						"0.7917": [0, 0, 90],
						"1.0": [0, 0, 0]
					}
				},
				"bone": {
					"rotation": {
						"0.0": [0, 0, 0],
						"0.125": [-87.5, 0, 0],
						"0.2917": [-87.5, 0, 0],
						"0.4167": [-6.43, 0, 0],
						"0.5833": [-47.5, 0, 0],
						"1.0": [0, 0, 0]
					}
				},
				"bone2": {
					"rotation": {
						"0.2917": [0, 0, 0],
						"0.5": [-75, 0, 0],
						"1.0": [0, 0, 0]
					}
				}
			}
		}
	}
}