{
	"format_version": "1.8.0",
	"animations": {
		"animation.sain.bob": {
			"loop": true,
			"animation_length": 4.25,
			"bones": {
				"Head": {
					"rotation": {
						"1.4167": [0, 0, 0],
						"1.5417": [-12.79362, 12.19908, -2.74715],
						"1.5833": [-12.79362, 12.19908, -2.74715],
						"1.6667": [-2.81332, -19.74916, 2.68109],
						"1.7083": [-2.81332, -19.74916, 2.68109],
						"1.7917": [7.00935, 27.69671, 0.33877],
						"1.8333": [7.00935, 27.69671, 0.33877],
						"1.9167": [0, 0, 0],
						"2.9167": [0, 0, 0],
						"3.0": [10.42638, -14.63639, -3.31914],
						"3.0417": [10.42638, -14.63639, -3.31914],
						"3.125": [10.42638, -14.63639, -3.31914],
						"3.2083": [0, 0, 0]
					},
					"position": {
						"0.4167": [0, 0, 0],
						"0.75": [0, 0, 0],
						"1.9167": [0, 0, 0],
						"2.1667": [0, 0, 0],
						"2.5": [0, 0, 0],
						"3.625": [0, 0, 0],
						"3.6667": [0, 0, 1],
						"4.0833": [0, 0, 1],
						"4.25": [0, 0, 0]
					}
				},
				"Bibir": {
					"position": {
						"1.3333": [0, 0, 0],
						"1.4167": [0, 1, 0],
						"1.5": [0, 0, 0],
						"1.5833": [0, 1, 0],
						"1.6667": [0, 0, 0],
						"1.75": [0, 1, 0],
						"1.8333": [0, 0, 0],
						"1.9167": [0, 0, 0],
						"2.0": [0, 1, 0],
						"2.0833": [0, 1, 0],
						"2.1667": [0, 0, 0],
						"2.2917": [0, 1, 0],
						"2.3333": [0, 1, 0],
						"2.5": [0, 0, 0],
						"2.875": [0, 0, 0],
						"2.9583": [0, 1, 0],
						"3.0417": [0, 0, 0],
						"3.125": [0, 1, 0],
						"3.2083": [0, 0, 0],
						"3.625": [0, 0, 0],
						"3.75": [0, 1, 0],
						"3.9583": [0, 1, 0],
						"4.0833": [0, 0, 0],
						"4.2083": [0, 1, 0],
						"4.25": [0, 0, 0]
					}
				},
				"Bibir2": {
					"position": {
						"0.4167": [0, 0, 0],
						"0.5": [0, -1, 0],
						"0.75": [0, -1, 0],
						"0.8333": [0, 0, 0],
						"0.9583": [0, 0, 0],
						"1.0417": [0, -1, 0],
						"1.125": [0, 0.29, 0],
						"1.2083": [0, -0.83, 0],
						"1.3333": [0, 0, 0],
						"1.4167": [0, -1, 0],
						"1.5": [0, 0, 0],
						"1.5833": [0, -1, 0],
						"1.6667": [0, 0, 0],
						"1.75": [0, -1, 0],
						"1.8333": [0, 0, 0],
						"1.9167": [0, -1, 0],
						"2.0": [0, -1, 0],
						"2.0833": [0, -1, 0],
						"2.1667": [0, 0, 0],
						"2.875": [0, 0, 0],
						"2.9583": [0, -1, 0],
						"3.0417": [0, 0, 0],
						"3.125": [0, -1, 0],
						"3.2083": [0, 0, 0],
						"3.625": [0, 0, 0],
						"3.75": [0, -1, 0],
						"3.9583": [0, -1, 0],
						"4.0833": [0, 0, 0],
						"4.2083": [0, -1, 0],
						"4.25": [0, 0, 0]
					}
				},
				"bone": {
					"rotation": {
						"0.0": [-37.5, 0, 0],
						"1.0": [-42.5, 0, 0],
						"2.0": [-42.5, 0, 0],
						"3.0": [-37.5, 0, 0]
					}
				},
				"bone2": {
					"rotation": [35, 0, 0]
				},
				"bone3": {
					"rotation": [10, 0, 0]
				},
				"bone4": {
					"rotation": {
						"0.0": [82.5, 0, 0],
						"1.0": [87.5, 0, 0],
						"1.0833": [90, 0, 0],
						"1.1667": [85, 0, 0],
						"1.25": [87.5, 0, 0],
						"3.0": [85, 0, 0],
						"3.0833": [82.5, 0, 0],
						"3.1667": [87.5, 0, 0],
						"3.25": [80, 0, 0],
						"3.3333": [82.5, 0, 0]
					}
				}
			},
			"sound_effects": {
				"0.0": {
					"effect": "y2mate.com.mp3"
				}
			}
		},
		"animation.sain.attack": {
			"animation_length": 1,
			"bones": {
				"bone": {
					"rotation": {
						"0.0": [-32.5, 0, 0],
						"0.25": [-65, 0, 0],
						"0.3333": [-65, 0, 0],
						"0.5": [12.5, 0, 0],
						"0.7083": [12.5, 0, 0],
						"0.9167": [-32.5, 0, 0]
					}
				},
				"bone2": {
					"rotation": [24.98925, -0.29216, -0.16199]
				},
				"bone3": {
					"rotation": {
						"0.0": [27.5, 0, 0],
						"0.3333": [-32.5, 0, 0],
						"0.5833": [5, 0, 0],
						"1.0": [27.5, 0, 0]
					}
				},
				"bone4": {
					"rotation": {
						"0.0": [70, 0, 0],
						"0.4167": [-27.5, 0, 0],
						"0.6667": [35, 0, 0],
						"1.0": [70, 0, 0]
					}
				},
				"Head": {
					"rotation": {
						"0.0": [0, 0, 0],
						"0.0833": [-10, 0, 0],
						"0.25": [-10, 0, 0],
						"0.4167": [0, 0, 0]
					}
				},
				"Bibir": {
					"position": {
						"0.0833": [0, 0, 0],
						"0.25": [0, 1, 0]
					}
				},
				"Bibir2": {
					"position": {
						"0.0833": [0, 0, 0],
						"0.25": [0, -1, 0]
					}
				}
			}
		}
	}
}