{
	"format_version": "1.8.0",
	"animations": {
		"animation.tca.bob": {
			"loop": true,
			"animation_length": 12,
			"bones": {
				"Pinggul": {
					"position": [0, -1, 3]
				},
				"Kaki": {
					"rotation": [-4.89805, -0.63178, -4.66981]
				},
				"Kaki2": {
					"rotation": [-7.5, 0, 2.5]
				},
				"Kaki3": {
					"rotation": [12.39619, -0.93434, -0.4356]
				},
				"Body": {
					"rotation": {
						"6.0": [0, 0, 0],
						"7.0": [0, 5, 0],
						"7.5": [0, 5, 0],
						"8.75": [0, -5, 0],
						"9.25": [0, -5, 0],
						"10.0": [0, 0, 0]
					}
				},
				"Head2": {
					"rotation": {
						"6.0": [0, 0, 0],
						"7.0": [0, 35, 0],
						"7.5": [0, 40, 0],
						"8.75": [0, -30, 0],
						"9.25": [0, -37.5, 0],
						"10.0": [0, 0, 0]
					}
				},
				"Tangan3": {
					"rotation": {
						"0.0": [0, 0, -7.5],
						"2.0": [0, 0, -10],
						"4.0": [0, 0, -7.5],
						"6.0": [0, 0, -10],
						"8.0": [0, 0, -7.5],
						"10.0": [0, 0, -10],
						"12.0": [0, 0, -7.5]
					}
				},
				"bone8": {
					"rotation": [0, 0, 7.5]
				},
				"Tangan4": {
					"rotation": {
						"0.0": [0, 0, 7.5],
						"2.0": [0, 0, 10],
						"4.0": [0, 0, 7.5],
						"6.0": [0.24474, 0.19366, 10.97656],
						"8.0": [0.45691, 0.42513, 7.78648],
						"10.0": [0.59015, 0.51037, 9.94142],
						"12.0": [0.56733, 0.53562, 7.44144]
					}
				},
				"bone9": {
					"rotation": [0, 0, -7.5]
				},
				"bone": {
					"rotation": [7.4888, 0.14994, 0.18603]
				}
			}
		},
		"animation.tca.attack": {
			"animation_length": 1,
			"bones": {
				"Pinggul": {
					"position": {
						"0.7917": [0, 0, 0],
						"1.0": [0, 0, 0]
					}
				},
				"Kaki": {
					"rotation": {
						"0.0": [0, 0, 0],
						"0.0833": [-22.5, 0, 0],
						"0.1667": [-26.25, 0, 0],
						"0.2917": [20, 0, 0],
						"0.7083": [22.5, 0, 0],
						"0.8333": [0, 0, 0]
					}
				},
				"Kaki2": {
					"rotation": {
						"0.0833": [2.5, 0, 0],
						"0.2917": [-5, 0, 0],
						"0.5": [-7.5, 0, 0],
						"0.625": [-75, 0, 0],
						"0.75": [-77.5, 0, 0],
						"0.875": [-17.5, 0, 0],
						"1.0": [2.5, 0, 0]
					}
				},
				"Kaki3": {
					"rotation": {
						"0.25": [0, 0, 0],
						"0.5": [57.5, 0, 0],
						"0.7083": [7.5, 0, 0],
						"0.875": [12.5, 0, 0],
						"1.0": [-5, 0, 0]
					}
				},
				"Body": {
					"rotation": {
						"0.0": [0, 0, 0],
						"0.125": [0, 7.5, 0],
						"0.2917": [12.5, -25, 0],
						"0.4167": [12.5, -25, 0],
						"0.5833": [0, 17.5, 0],
						"0.75": [0, 0, 0],
						"0.8333": [10, 0, 0],
						"1.0": [0, 0, 0]
					}
				},
				"Head2": {
					"rotation": {
						"0.2917": [0, 0, 0],
						"0.4167": [-7.5, 12.5, 0],
						"0.75": [-7.86689, -10.43667, -2.01738],
						"1.0": [0, 0, 0]
					}
				},
				"Tangan3": {
					"rotation": {
						"0.125": [-2.5, 0, 0],
						"0.2917": [-14.1341, -80.88339, -37.15352],
						"0.4167": [40.95487, -78.26146, -93.01625],
						"0.5417": [-80.74531, 0.05103, 20.83004],
						"0.7083": [-71.66463, 48.26508, 16.65664],
						"0.8333": [-2.49762, -0.10901, -11.24762],
						"1.0": [-2.5, 0, 0]
					}
				},
				"bone8": {
					"rotation": {
						"0.125": [0, 0, 0],
						"0.2917": [0, 0, 75],
						"0.4167": [0, 0, 70],
						"0.5": [0, 0, 37.5],
						"0.7083": [0, 0, 65],
						"0.8333": [0, 0, 7.5],
						"1.0": [0, 0, 0]
					}
				},
				"Tangan4": {
					"rotation": {
						"0.0": [0, 0, 0],
						"0.1667": [0, 0, 15],
						"0.2917": [-37.5, 0, 15],
						"0.5": [-37.5, 0, 15],
						"0.625": [1.78156, -20.46835, 30.12788],
						"0.75": [1.78156, -20.46835, 30.12788],
						"1.0": [0, 0, 0]
					}
				},
				"bone9": {
					"rotation": {
						"0.0": [0, 0, 0],
						"0.125": [0, 0, -10],
						"0.2917": [0, 0, -55],
						"0.75": [0, 0, -55],
						"1.0": [0, 0, 0]
					}
				},
				"bone2": {
					"rotation": {
						"0.125": [0, 0, 0],
						"0.25": [0, 0, -7.5],
						"0.4167": [0, 0, 0],
						"0.5833": [0, 0, 72.5],
						"0.7083": [0, 0, 60],
						"0.7917": [0, 0, 70],
						"0.875": [0, 0, 70],
						"1.0": [0, 0, 2.5]
					}
				},
				"bone3": {
					"rotation": {
						"0.0833": [0, 0, 0],
						"0.1667": [0, 0, 12.5],
						"0.25": [0, 0, -30],
						"0.4167": [0, 0, 0],
						"0.5833": [0, 0, 57.5],
						"0.8333": [0, 0, 57.5],
						"1.0": [0, 0, 0]
					}
				}
			}
		},
		"animation.tca.walk": {
			"loop": true,
			"animation_length": 2,
			"bones": {
				"Kaki": {
					"rotation": {
						"0.0": [-15, 0, 0],
						"1.0": [25, 0, 0],
						"2.0": [-15, 0, 0]
					}
				},
				"Kaki2": {
					"rotation": {
						"0.0": [25, 0, 0],
						"1.0": [-15, 0, 0],
						"2.0": [25, 0, 0]
					}
				},
				"bone": {
					"rotation": {
						"0.0": [0, 0, 0],
						"1.0": [0, 0, 0],
						"1.25": [32.5, 0, 0],
						"1.75": [40, 0, 0],
						"2.0": [0, 0, 0]
					}
				},
				"Kaki3": {
					"rotation": {
						"0.0": [0, 0, 0],
						"0.25": [32.5, 0, 0],
						"0.75": [40, 0, 0],
						"1.0": [-2.5, 0, 0]
					}
				},
				"Tangan3": {
					"rotation": {
						"0.0": [4.99248, -0.06191, 4.73022],
						"1.0": [-4.96965, 0.80855, 4.73039],
						"2.0": [5.0401, 0.80202, 4.73095]
					}
				},
				"Tangan4": {
					"rotation": {
						"0.0": [-4.95744, -0.65182, -7.47178],
						"1.0": [4.98107, 0.43523, -4.98107],
						"2.0": [-4.95744, -0.65182, -7.47178]
					}
				}
			}
		},
		"animation.tca.jumpscare": {
			"loop": true,
			"animation_length": 1.5,
			"bones": {
				"Body": {
					"rotation": {
						"0.0": [0, 0, 0],
						"0.25": [22.5, 0, 0],
						"1.25": [22.5, 0, 0],
						"1.5": [0, 0, 0]
					}
				},
				"Tangan3": {
					"rotation": {
						"0.0": [0, 0, 0],
						"0.25": [10, 0, 0],
						"1.25": [10, 0, 0],
						"1.5": [0, 0, 0]
					}
				},
				"bone8": {
					"rotation": {
						"0.0": [0, 0, 0],
						"0.25": [-22.5, 0, 0],
						"1.25": [-22.5, 0, 0],
						"1.5": [0, 0, 0]
					}
				},
				"Tangan4": {
					"rotation": {
						"0.0": [0, 0, 0],
						"0.25": [7.30715, -1.5666, 0.54435],
						"1.25": [7.30715, -1.5666, 0.54435],
						"1.5": [0, 0, 0]
					}
				},
				"bone9": {
					"rotation": {
						"0.0": [0, 0, 0],
						"0.25": [-25, 0, 0],
						"1.25": [-25, 0, 0],
						"1.5": [0, 0, 0]
					}
				},
				"Laser": {
					"position": {
						"0.25": [0, 0, 0],
						"1.25": [0, 0, -1],
						"1.5": [0, -142, -443]
					},
					"scale": {
						"0.25": [1, 1, 1],
						"0.375": [1, 1, 21.7],
						"1.25": [1, 1, 21.7],
						"1.5": [1, 1, 0.9]
					}
				}
			}
		}
	}
}