{
	"format_version": "1.12.0",
	"minecraft:geometry": [
		{
			"description": {
				"identifier": "geometry.eggs_incubator",
				"texture_width": 64,
				"texture_height": 64,
				"visible_bounds_width": 2,
				"visible_bounds_height": 2.5,
				"visible_bounds_offset": [0, 0.75, 0]
			},
			"bones": [
				{
					"name": "EggsIncubator",
					"pivot": [0, 0, 0],
					"cubes": [
						{"origin": [-6, 0, -6], "size": [12, 5, 12], "uv": [0, 43]},
						{"origin": [-8, 5, -8], "size": [16, 4, 16], "inflate": -0.1, "uv": [0, 23]},
						{"origin": [-8, 8.5, -8], "size": [16, 7, 16], "inflate": -0.2, "uv": [0, 0]}
					]
				}
			]
		}
	]
}