{
	"format_version": "1.12.0",
	"minecraft:geometry": [
		{
			"description": {
				"identifier": "geometry.fan_block",
				"texture_width": 64,
				"texture_height": 64,
				"visible_bounds_width": 2,
				"visible_bounds_height": 2.5,
				"visible_bounds_offset": [0, 0.75, 0]
			},
			"bones": [
				{
					"name": "Fan",
					"pivot": [0, 0, 0],
					"cubes": [
						{
							"origin": [-6, 0, -6],
							"size": [12, 2, 12],
							"uv": {
								"north": {"uv": [37, 0], "uv_size": [12, 2]},
								"east": {"uv": [37, 3], "uv_size": [12, 2]},
								"south": {"uv": [37, 6], "uv_size": [12, 2]},
								"west": {"uv": [37, 9], "uv_size": [12, 2]},
								"up": {"uv": [0, 0], "uv_size": [12, 12]},
								"down": {"uv": [0, 25], "uv_size": [12, -12]}
							}
						},
						{
							"origin": [-2, 2, 0],
							"size": [4, 6, 4],
							"uv": {
								"north": {"uv": [21, 36], "uv_size": [4, 6]},
								"east": {"uv": [26, 36], "uv_size": [4, 6]},
								"south": {"uv": [38, 32], "uv_size": [4, 6]},
								"west": {"uv": [38, 39], "uv_size": [4, 6]},
								"up": {"uv": [40, 18], "uv_size": [4, 4]},
								"down": {"uv": [40, 27], "uv_size": [4, -4]}
							}
						},
						{
							"origin": [-3, 8, -1],
							"size": [6, 6, 8],
							"uv": {
								"north": {"uv": [7, 36], "uv_size": [6, 6]},
								"east": {"uv": [31, 18], "uv_size": [8, 6]},
								"south": {"uv": [14, 36], "uv_size": [6, 6]},
								"west": {"uv": [31, 25], "uv_size": [8, 6]},
								"up": {"uv": [0, 32], "uv_size": [6, 8]},
								"down": {"uv": [31, 40], "uv_size": [6, -8]}
							}
						},
						{
							"origin": [-5.5, 5.5, -6],
							"size": [11, 11, 5],
							"uv": {
								"north": {"uv": [13, 0], "uv_size": [11, 11]},
								"east": {"uv": [25, 12], "uv_size": [5, 11]},
								"south": {"uv": [13, 12], "uv_size": [11, 11]},
								"west": {"uv": [25, 24], "uv_size": [5, 11]},
								"up": {"uv": [0, 26], "uv_size": [11, 5]},
								"down": {"uv": [31, 17], "uv_size": [11, -5]}
							}
						},
						{
							"origin": [-5.5, 5.5, -3.5],
							"size": [11, 11, 0],
							"uv": {
								"north": {"uv": [13, 24], "uv_size": [11, 11]},
								"east": {"uv": [35, 41], "uv_size": [0, 11]},
								"south": {"uv": [25, 0], "uv_size": [11, 11]},
								"west": {"uv": [36, 41], "uv_size": [0, 11]},
								"up": {"uv": [12, 43], "uv_size": [11, 0]},
								"down": {"uv": [43, 12], "uv_size": [11, 0]}
							}
						},
						{
							"origin": [-1.5, 9.5, -6],
							"size": [3, 3, 5],
							"uv": {
								"north": {"uv": [4, 43], "uv_size": [3, 3]},
								"east": {"uv": [7, 32], "uv_size": [5, 3]},
								"south": {"uv": [8, 43], "uv_size": [3, 3]},
								"west": {"uv": [40, 28], "uv_size": [5, 3]},
								"up": {"uv": [0, 41], "uv_size": [3, 5]},
								"down": {"uv": [31, 46], "uv_size": [3, -5]}
							}
						}
					]
				}
			]
		}
	]
}