{
	"format_version": "1.12.0",
	"minecraft:geometry": [
		{
			"description": {
				"identifier": "geometry.FenceBase",
				"texture_width": 64,
				"texture_height": 64,
				"visible_bounds_width": 2,
				"visible_bounds_height": 2.5,
				"visible_bounds_offset": [
					0,
					0.75,
					0
				]
			},
			"bones": [
				{
					"name": "FenceBase",
					"pivot": [
						0,
						0,
						0
					],
					"cubes": [
						{
							"origin": [
								-7,
								0,
								-7
							],
							"size": [
								14,
								5,
								14
							],
							"uv": [
								0,
								0
							]
						},
						{
							"origin": [
								-5,
								5,
								-5
							],
							"size": [
								10,
								11,
								10
							],
							"uv": [
								0,
								19
							]
						}
					]
				}
			]
		}
	]
}