{
	"format_version": "1.12.0",
	"minecraft:geometry": [
		{
			"description": {
				"identifier": "geometry.incubator_pumper",
				"texture_width": 64,
				"texture_height": 64,
				"visible_bounds_width": 2,
				"visible_bounds_height": 2.5,
				"visible_bounds_offset": [
					0,
					0.75,
					0
				]
			},
			"bones": [
				{
					"name": "Pumper",
					"pivot": [
						0,
						0,
						0
					],
					"cubes": [
						{
							"origin": [
								-6,
								0,
								-6
							],
							"size": [
								12,
								3,
								12
							],
							"uv": [
								0,
								18
							]
						},
						{
							"origin": [
								-2,
								3,
								-2
							],
							"size": [
								4,
								1,
								4
							],
							"uv": [
								23,
								33
							]
						},
						{
							"origin": [
								-7,
								4,
								-5
							],
							"size": [
								14,
								8,
								10
							],
							"uv": [
								0,
								0
							]
						},
						{
							"origin": [
								-2,
								12,
								-13
							],
							"size": [
								4,
								4,
								15
							],
							"uv": [
								0,
								33
							]
						}
					]
				}
			]
		}
	]
}