{
	"format_version": "1.12.0",
	"minecraft:geometry": [
		{
			"description": {
				"identifier": "geometry.small_light",
				"texture_width": 16,
				"texture_height": 16,
				"visible_bounds_width": 3,
				"visible_bounds_height": 2.5,
				"visible_bounds_offset": [0, 0.75, 0]
			},
			"bones": [
				{
					"name": "bone",
					"pivot": [0, 7, 0],
					"cubes": [
						{
							"origin": [-3, 7, 7],
							"size": [6, 3, 2],
							"uv": {
								"north": {"uv": [0, 0], "uv_size": [6, 3]},
								"east": {"uv": [0, 11], "uv_size": [2, 3]},
								"south": {"uv": [0, 4], "uv_size": [6, 3]},
								"west": {"uv": [3, 12], "uv_size": [2, 3]},
								"up": {"uv": [7, 0], "uv_size": [6, 2]},
								"down": {"uv": [7, 5], "uv_size": [6, -2]}
							}
						},
						{
							"origin": [-2, 7.5, 6.8],
							"size": [4, 2, 2],
							"uv": {
								"north": {"uv": [7, 6], "uv_size": [4, 2]},
								"east": {"uv": [6, 12], "uv_size": [2, 2]},
								"south": {"uv": [0, 8], "uv_size": [4, 2]},
								"west": {"uv": [12, 6], "uv_size": [2, 2]},
								"up": {"uv": [5, 9], "uv_size": [4, 2]},
								"down": {"uv": [10, 11], "uv_size": [4, -2]}
							}
						}
					]
				}
			]
		}
	]
}