{
	"format_version": "1.12.0",
	"minecraft:geometry": [
		{
			"description": {
				"identifier": "geometry.velociraptor_eggs",
				"texture_width": 64,
				"texture_height": 64,
				"visible_bounds_width": 2,
				"visible_bounds_height": 1.5,
				"visible_bounds_offset": [
					0,
					0.25,
					0
				]
			},
			"bones": [
				{
					"name": "bb_main",
					"pivot": [
						0,
						0,
						0
					]
				},
				{
					"name": "bone1",
					"parent": "bb_main",
					"pivot": [
						0,
						0,
						0
					],
					"cubes": [
						{
							"origin": [
								-2,
								0,
								-4
							],
							"size": [
								4,
								6,
								4
							],
							"pivot": [
								0,
								0,
								0
							],
							"rotation": [
								0,
								20,
								0
							],
							"uv": [
								0,
								0
							]
						}
					]
				},
				{
					"name": "bone2",
					"parent": "bb_main",
					"pivot": [
						0,
						0,
						0
					],
					"cubes": [
						{
							"origin": [
								2,
								0,
								1
							],
							"size": [
								4,
								6,
								4
							],
							"uv": [
								0,
								0
							]
						}
					]
				},
				{
					"name": "bone3",
					"parent": "bb_main",
					"pivot": [
						0,
						0,
						0
					],
					"cubes": [
						{
							"origin": [
								-7,
								0,
								0
							],
							"size": [
								4,
								6,
								4
							],
							"pivot": [
								0,
								0,
								0
							],
							"rotation": [
								0,
								-12.5,
								0
							],
							"uv": [
								0,
								0
							]
						}
					]
				},
				{
					"name": "bone4",
					"parent": "bb_main",
					"pivot": [
						0,
						0,
						0
					],
					"cubes": [
						{
							"origin": [
								2,
								0,
								-7
							],
							"size": [
								4,
								6,
								4
							],
							"pivot": [
								0,
								0,
								0
							],
							"rotation": [
								0,
								-12.5,
								0
							],
							"uv": [
								0,
								0
							]
						}
					]
				}
			]
		}
	]
}