{
	"format_version": "1.8.0",
	"geometry.pa_esdeath": {
		"texturewidth": 64,
		"textureheight": 64,
		"visible_bounds_width": 2,
		"visible_bounds_height": 3,
		"visible_bounds_offset": [0, 1.5, 0],
		"bones": [
			{
				"name": "body",
				"pivot": [0, 24, 0],
				"cubes": [
					{"origin": [-4, 12, -2], "size": [8, 12, 4], "uv": [16, 16]}
				]
			},
			{
				"name": "bodyArmor",
				"parent": "body",
				"pivot": [0, 24, 0]
			},
			{
				"name": "belt",
				"parent": "body",
				"pivot": [0, 24, 0]
			},
			{
				"name": "bone",
				"parent": "body",
				"pivot": [4.29615, 14.62692, -1.2],
				"rotation": [-125.66857, 50.83659, 45.60177],
				"cubes": [
					{"origin": [3.7605, 12.32129, -1.5364], "size": [1.3456, 17.4744, 0.6728], "uv": [21, 13]},
					{"origin": [4.1969, 12.35401, -1.50368], "size": [0.20368, 3.09672, 0.60736], "uv": [20, 49], "inflate": 0.1},
					{"origin": [4.43146, 12.18489, -1.47096], "size": [-0.13088, 3.23312, 0.54192], "uv": [20, 49], "inflate": 0.2},
					{"origin": [3.75866, 12.18489, -1.47096], "size": [-0.13088, 3.16584, 0.54192], "uv": [20, 49], "inflate": 0.2},
					{"origin": [3.92778, 12.15217, -1.50368], "size": [0.06912, 2.55848, 0.60736], "uv": [20, 49], "inflate": 0.1},
					{"origin": [4.1969, 12.15217, -1.50368], "size": [0.27096, 2.55848, 0.60736], "uv": [20, 49], "inflate": 0.1},
					{"origin": [3.89506, 15.01249, -1.60368], "size": [0.26912, 1.14376, 0.80736], "uv": [20, 49]},
					{"origin": [4.4333, 15.01249, -1.60368], "size": [0.26912, 1.14376, 0.80736], "uv": [20, 49]},
					{"origin": [3.72778, 7.25177, -1.56912], "size": [1.41104, 4.9004, 0.73824], "uv": [37, 58], "inflate": -0.1},
					{"origin": [3.0877, 11.64849, -2.2092], "size": [2.6912, 0.6728, 2.0184], "uv": [34, 59]},
					{"origin": [3.12042, 12.35401, -2.17648], "size": [2.62576, -0.06544, 1.95296], "uv": [20, 49], "inflate": 0.1},
					{"origin": [3.12042, 11.68121, -2.17648], "size": [2.62576, -0.06544, 1.95296], "uv": [20, 49], "inflate": 0.1},
					{"origin": [3.92962, 20.36217, -1.56912], "size": [1.00736, 8.13904, 0.73824], "uv": [20, 49], "inflate": -0.1}
				]
			},
			{
				"name": "bone4",
				"parent": "body",
				"pivot": [0, 0, 0]
			},
			{
				"name": "bone3",
				"parent": "bone4",
				"pivot": [-1.4, 22.25, -1.8],
				"rotation": [17, 3, 2],
				"cubes": [
					{"origin": [-3.70098, 18.51127, -3.42882], "size": [3.7, 4.4, 3.2], "uv": [18, 19], "inflate": -0.1}
				]
			},
			{
				"name": "bone2",
				"parent": "bone4",
				"pivot": [1.4, 22.25, -1.8],
				"rotation": [17, -3, -2],
				"cubes": [
					{"origin": [0.00098, 18.51127, -3.42882], "size": [3.7, 4.4, 3.2], "uv": [21, 19], "inflate": -0.1}
				]
			},
			{
				"name": "waist",
				"pivot": [0, 12, 0]
			},
			{
				"name": "head",
				"pivot": [0, 24, 0],
				"cubes": [
					{"origin": [-4, 24, -4], "size": [8, 8, 8], "uv": [0, 0]}
				]
			},
			{
				"name": "hat",
				"parent": "head",
				"pivot": [0, 24, 0],
				"cubes": [
					{"origin": [-4, 24, -4], "size": [8, 8, 8], "uv": [32, 0], "inflate": 0.5}
				]
			},
			{
				"name": "rightArm",
				"pivot": [-5, 22, 0],
				"cubes": [
					{"origin": [-8, 12, -2], "size": [4, 12, 4], "uv": [40, 16]}
				]
			},
			{
				"name": "rightItem",
				"parent": "rightArm",
				"pivot": [-6, 15, 1]
			},
			{
				"name": "rightArmArmor",
				"parent": "rightArm",
				"pivot": [-5, 22, 0]
			},
			{
				"name": "leftArm",
				"pivot": [5, 22, 0],
				"mirror": true,
				"cubes": [
					{"origin": [4, 12, -2], "size": [4, 12, 4], "uv": [40, 16]}
				]
			},
			{
				"name": "leftArmArmor",
				"parent": "leftArm",
				"pivot": [5, 22, 0],
				"mirror": true
			},
			{
				"name": "rightLeg",
				"pivot": [-1.9, 12, 0],
				"cubes": [
					{"origin": [-3.9, 0, -2], "size": [4, 12, 4], "uv": [0, 16]}
				]
			},
			{
				"name": "rightLegging",
				"parent": "rightLeg",
				"pivot": [-1.9, 12, 0]
			},
			{
				"name": "rightBoot",
				"parent": "rightLeg",
				"pivot": [-1.9, 12, 0]
			},
			{
				"name": "rightSock",
				"parent": "rightLeg",
				"pivot": [-1.9, 12, 0]
			},
			{
				"name": "leftLeg",
				"pivot": [1.9, 12, 0],
				"mirror": true,
				"cubes": [
					{"origin": [-0.1, 0, -2], "size": [4, 12, 4], "uv": [0, 16]}
				]
			},
			{
				"name": "leftLegging",
				"parent": "leftLeg",
				"pivot": [1.9, 12, 0],
				"mirror": true
			},
			{
				"name": "leftBoot",
				"parent": "leftLeg",
				"pivot": [1.9, 12, 0],
				"mirror": true
			},
			{
				"name": "leftSock",
				"parent": "leftLeg",
				"pivot": [1.9, 12, 0],
				"mirror": true
			},
			{
				"name": "helmet",
				"pivot": [0, 24, 0]
			}
		]
	}
}