{
	"format_version": "1.8.0",
	"geometry.pa_levi": {
		"texturewidth": 64,
		"textureheight": 64,
		"visible_bounds_width": 2,
		"visible_bounds_height": 3,
		"visible_bounds_offset": [0, 1.5, 0],
		"bones": [
			{
				"name": "body",
				"pivot": [0, 24, 0],
				"cubes": [
					{"origin": [-4, 12, -2], "size": [8, 12, 4], "uv": [16, 16]}
				]
			},
			{
				"name": "bodyArmor",
				"parent": "body",
				"pivot": [0, 24, 0]
			},
			{
				"name": "belt",
				"parent": "body",
				"pivot": [0, 24, 0]
			},
			{
				"name": "waist",
				"pivot": [0, 12, 0]
			},
			{
				"name": "head",
				"pivot": [0, 24, 0],
				"cubes": [
					{"origin": [-4, 24, -4], "size": [8, 8, 8], "uv": [0, 0]}
				]
			},
			{
				"name": "hat",
				"parent": "head",
				"pivot": [0, 24, 0],
				"cubes": [
					{"origin": [-4, 24, -4], "size": [8, 8, 8], "uv": [32, 0], "inflate": 0.5}
				]
			},
			{
				"name": "rightArm",
				"pivot": [-5, 22, 0],
				"cubes": [
					{"origin": [-8, 12, -2], "size": [4, 12, 4], "uv": [40, 16]}
				]
			},
			{
				"name": "rightItem",
				"parent": "rightArm",
				"pivot": [-6, 15, 1]
			},
			{
				"name": "rightArmArmor",
				"parent": "rightArm",
				"pivot": [-5, 22, 0]
			},
			{
				"name": "leftArm",
				"pivot": [5, 22, 0],
				"mirror": true,
				"cubes": [
					{"origin": [4, 12, -2], "size": [4, 12, 4], "uv": [40, 16]}
				]
			},
			{
				"name": "leftArmArmor",
				"parent": "leftArm",
				"pivot": [5, 22, 0],
				"mirror": true
			},
			{
				"name": "rightLeg",
				"pivot": [-1.9, 12, 0],
				"cubes": [
					{"origin": [-3.9, 0, -2], "size": [4, 12, 4], "uv": [0, 16]}
				]
			},
			{
				"name": "rightLegging",
				"parent": "rightLeg",
				"pivot": [-1.9, 12, 0]
			},
			{
				"name": "rightBoot",
				"parent": "rightLeg",
				"pivot": [-1.9, 12, 0]
			},
			{
				"name": "rightSock",
				"parent": "rightLeg",
				"pivot": [-1.9, 12, 0]
			},
			{
				"name": "rightgear",
				"parent": "rightLeg",
				"pivot": [-6.9, 0, -3.3],
				"cubes": [
					{"origin": [-7.2, 7.9, -4.9], "size": [2.8, 3.3, 0.1], "uv": [1, 38], "inflate": 0.25},
					{"origin": [-7.1, 7.1, -1.5], "size": [2.8, 3.3, 0.1], "uv": [1, 38], "inflate": 0.25},
					{"origin": [-7, 8, -7], "size": [2.5, 3, 11.5], "uv": [0, 33], "inflate": 0.25},
					{"origin": [-7.2, 6.3, 2.4], "size": [2.8, 3.3, 0.1], "uv": [1, 38], "inflate": 0.25}
				]
			},
			{
				"name": "leftLeg",
				"pivot": [1.9, 12, 0],
				"mirror": true,
				"cubes": [
					{"origin": [-0.1, 0, -2], "size": [4, 12, 4], "uv": [0, 16]}
				]
			},
			{
				"name": "leftLegging",
				"parent": "leftLeg",
				"pivot": [1.9, 12, 0],
				"mirror": true
			},
			{
				"name": "leftBoot",
				"parent": "leftLeg",
				"pivot": [1.9, 12, 0],
				"mirror": true
			},
			{
				"name": "leftSock",
				"parent": "leftLeg",
				"pivot": [1.9, 12, 0],
				"mirror": true
			},
			{
				"name": "leftgear",
				"parent": "leftLeg",
				"pivot": [4.4, 0, -3.3],
				"cubes": [
					{"origin": [4.1, 7.9, -4.9], "size": [2.8, 3.3, 0.1], "uv": [1, 38], "inflate": 0.25},
					{"origin": [4.1, 7.2, -1.4], "size": [2.8, 3.3, 0.1], "uv": [1, 38], "inflate": 0.25},
					{"origin": [4.3, 8, -7], "size": [2.5, 3, 11.5], "uv": [0, 34], "inflate": 0.25},
					{"origin": [4.1, 6.3, 2.4], "size": [2.8, 3.3, 0.1], "uv": [1, 38], "inflate": 0.25}
				]
			},
			{
				"name": "helmet",
				"pivot": [0, 24, 0]
			}
		]
	}
}