{
	"format_version": "1.8.0",
	"geometry.pa_rem": {
		"texturewidth": 64,
		"textureheight": 64,
		"visible_bounds_width": 3,
		"visible_bounds_height": 3,
		"visible_bounds_offset": [0, 1.5, 0],
		"bones": [
			{
				"name": "body",
				"pivot": [0, 24, 0],
				"cubes": [
					{"origin": [-4, 12, -2], "size": [8, 12, 4], "uv": [16, 16]}
				]
			},
			{
				"name": "bodyArmor",
				"parent": "body",
				"pivot": [0, 24, 0]
			},
			{
				"name": "belt",
				"parent": "body",
				"pivot": [0, 24, 0]
			},
			{
				"name": "bone4",
				"parent": "body",
				"pivot": [0, 0, 0]
			},
			{
				"name": "bone3",
				"parent": "bone4",
				"pivot": [-1.4, 22.25, -1.8],
				"rotation": [17, 3, 2],
				"cubes": [
					{"origin": [-3.70098, 18.51127, -3.42882], "size": [3.7, 4.4, 3.2], "uv": [13, 17], "inflate": -0.1}
				]
			},
			{
				"name": "bone2",
				"parent": "bone4",
				"pivot": [1.4, 22.25, -1.8],
				"rotation": [17, -3, -2],
				"cubes": [
					{"origin": [0.00098, 18.51127, -3.42882], "size": [3.7, 4.4, 3.2], "uv": [24, 17], "inflate": -0.1}
				]
			},
			{
				"name": "waist",
				"pivot": [0, 12, 0]
			},
			{
				"name": "head",
				"pivot": [0, 24, 0],
				"cubes": [
					{"origin": [-4, 24, -4], "size": [8, 8, 8], "uv": [0, 0]}
				]
			},
			{
				"name": "hat",
				"parent": "head",
				"pivot": [0, 24, 0],
				"cubes": [
					{"origin": [-4, 24, -4], "size": [8, 8, 8], "uv": [32, 0], "inflate": 0.5}
				]
			},
			{
				"name": "bone8",
				"parent": "hat",
				"pivot": [0, 24, 2],
				"rotation": [12.5, 0, 0],
				"cubes": [
					{"origin": [0, 33, -4], "size": [0, 1, 1], "uv": [59, 25]},
					{"origin": [0, 32, -3], "size": [0, 1, 1], "uv": [59, 25]},
					{"origin": [0, 32, -4], "size": [0, 1, 1], "uv": [59, 25]}
				]
			},
			{
				"name": "rightArm",
				"pivot": [-5, 22, 0],
				"cubes": [
					{"origin": [-8, 12, -2], "size": [4, 12, 4], "uv": [40, 16]}
				]
			},
			{
				"name": "rightItem",
				"parent": "rightArm",
				"pivot": [-6, 15, 1]
			},
			{
				"name": "rightArmArmor",
				"parent": "rightArm",
				"pivot": [-5, 22, 0]
			},
			{
				"name": "leftArm",
				"pivot": [5, 22, 0],
				"mirror": true,
				"cubes": [
					{"origin": [4, 12, -2], "size": [4, 12, 4], "uv": [40, 16]}
				]
			},
			{
				"name": "leftArmArmor",
				"parent": "leftArm",
				"pivot": [5, 22, 0],
				"mirror": true
			},
			{
				"name": "bone",
				"parent": "leftArm",
				"pivot": [5, 5, -3],
				"rotation": [150, 0, 0],
				"cubes": [
					{"origin": [6, -4, -9], "size": [1, 1, 4], "uv": [1, 25]},
					{"origin": [6, -4, -5], "size": [1, 1, 4], "uv": [53, 35]},
					{"origin": [6, -4, -2], "size": [1, 1, 4], "uv": [1, 25]}
				]
			},
			{
				"name": "bone5",
				"parent": "bone",
				"pivot": [5, 6, -5],
				"rotation": [11.79025, -4.23491, 2.23548],
				"cubes": [
					{"origin": [6, -3, -14], "size": [1, 1, 4], "uv": [54, 33]}
				]
			},
			{
				"name": "bone6",
				"parent": "bone5",
				"pivot": [5, 8, -8],
				"rotation": [17.26379, -1.05913, -0.08468],
				"cubes": [
					{"origin": [6, -1, -18], "size": [1, 1, 2], "uv": [1, 25]}
				]
			},
			{
				"name": "bone7",
				"parent": "bone6",
				"pivot": [5, 8, -8],
				"cubes": [
					{"origin": [5, -2, -20], "size": [3, 3, 3], "uv": [52, 34]},
					{"origin": [6, 1, -19], "size": [1, 1, 1], "uv": [1, 25]},
					{"origin": [6, -3, -19], "size": [1, 1, 1], "uv": [1, 25]},
					{"origin": [6, -1, -21], "size": [1, 1, 1], "uv": [1, 25]},
					{"origin": [8, -1, -19], "size": [1, 1, 1], "uv": [1, 25]},
					{"origin": [4, -1, -19], "size": [1, 1, 1], "uv": [1, 25]}
				]
			},
			{
				"name": "rightLeg",
				"pivot": [-1.9, 12, 0],
				"cubes": [
					{"origin": [-3.9, 0, -2], "size": [4, 12, 4], "uv": [0, 16]}
				]
			},
			{
				"name": "rightLegging",
				"parent": "rightLeg",
				"pivot": [-1.9, 12, 0]
			},
			{
				"name": "rightBoot",
				"parent": "rightLeg",
				"pivot": [-1.9, 12, 0]
			},
			{
				"name": "rightSock",
				"parent": "rightLeg",
				"pivot": [-1.9, 12, 0]
			},
			{
				"name": "leftLeg",
				"pivot": [1.9, 12, 0],
				"mirror": true,
				"cubes": [
					{"origin": [-0.1, 0, -2], "size": [4, 12, 4], "uv": [0, 16]}
				]
			},
			{
				"name": "leftLegging",
				"parent": "leftLeg",
				"pivot": [1.9, 12, 0],
				"mirror": true
			},
			{
				"name": "leftBoot",
				"parent": "leftLeg",
				"pivot": [1.9, 12, 0],
				"mirror": true
			},
			{
				"name": "leftSock",
				"parent": "leftLeg",
				"pivot": [1.9, 12, 0],
				"mirror": true
			},
			{
				"name": "helmet",
				"pivot": [0, 24, 0]
			}
		]
	}
}