{
	"format_version": "1.8.0",
	"geometry.pa_raphtalia": {
		"texturewidth": 64,
		"textureheight": 64,
		"visible_bounds_width": 3,
		"visible_bounds_height": 3,
		"visible_bounds_offset": [0, 1.5, 0],
		"bones": [
			{
				"name": "body",
				"pivot": [0, 24, 0],
				"cubes": [
					{"origin": [-4, 12, -2], "size": [8, 12, 4], "uv": [16, 16]}
				]
			},
			{
				"name": "bodyArmor",
				"parent": "body",
				"pivot": [0, 24, 0]
			},
			{
				"name": "belt",
				"parent": "body",
				"pivot": [0, 24, 0]
			},
			{
				"name": "bone4",
				"parent": "body",
				"pivot": [0, 0, 0]
			},
			{
				"name": "bone3",
				"parent": "bone4",
				"pivot": [-1.4, 22.25, -1.8],
				"rotation": [17, 3, 2],
				"cubes": [
					{"origin": [-3.70098, 18.51127, -3.42882], "size": [3.7, 4.4, 3.2], "uv": [18, 16], "inflate": -0.1}
				]
			},
			{
				"name": "bone2",
				"parent": "bone4",
				"pivot": [1.4, 22.25, -1.8],
				"rotation": [17, -3, -2],
				"cubes": [
					{"origin": [0.00098, 18.51127, -3.42882], "size": [3.7, 4.4, 3.2], "uv": [21, 16], "inflate": -0.1}
				]
			},
			{
				"name": "bone5",
				"parent": "body",
				"pivot": [0, 13, 1.72],
				"rotation": [-41, 0, 0],
				"cubes": [
					{"origin": [-1, 12, 1], "size": [2, 2, 2], "uv": [0, 0]}
				]
			},
			{
				"name": "bone7",
				"parent": "bone5",
				"pivot": [0, 12, 2.3]
			},
			{
				"name": "bone8",
				"parent": "bone7",
				"pivot": [0, 12, 2.3],
				"cubes": [
					{"origin": [-1, 12, 2.3], "size": [2, 2, 2], "uv": [0, 0], "inflate": 0.2}
				]
			},
			{
				"name": "bone",
				"parent": "bone8",
				"pivot": [0, 12.50512, 3.18592],
				"cubes": [
					{"origin": [-1, 12, 3.7], "size": [2, 2, 2], "uv": [56, 42], "inflate": 0.3}
				]
			},
			{
				"name": "bone9",
				"parent": "bone",
				"pivot": [0, 13.11185, 4.64602],
				"cubes": [
					{"origin": [-1, 12, 5.3], "size": [2, 2, 5], "uv": [50, 35], "inflate": 0.4},
					{"origin": [-1, 12, 10.3], "size": [2, 2, 1], "uv": [0, 0], "inflate": 0.3}
				]
			},
			{
				"name": "waist",
				"pivot": [0, 12, 0]
			},
			{
				"name": "head",
				"pivot": [0, 24, 0],
				"cubes": [
					{"origin": [-4, 24, -4], "size": [8, 8, 8], "uv": [0, 0]}
				]
			},
			{
				"name": "hat",
				"parent": "head",
				"pivot": [0, 24, 0],
				"cubes": [
					{"origin": [-4, 24, -4], "size": [8, 8, 8], "uv": [32, 0], "inflate": 0.5}
				]
			},
			{
				"name": "bone6",
				"parent": "head",
				"pivot": [3, 31.2, -0.5],
				"cubes": [
					{"origin": [2.2, 30.7, -1], "size": [3, 3, 1], "uv": [19, 10]}
				]
			},
			{
				"name": "bone10",
				"parent": "head",
				"pivot": [-3, 31.2, -0.5],
				"cubes": [
					{"origin": [-5.2, 30.7, -1], "size": [3, 3, 1], "uv": [20, 10]}
				]
			},
			{
				"name": "rightArm",
				"pivot": [-5, 22, 0],
				"cubes": [
					{"origin": [-8, 12, -2], "size": [4, 12, 4], "uv": [40, 16]}
				]
			},
			{
				"name": "rightItem",
				"parent": "rightArm",
				"pivot": [-6, 15, 1]
			},
			{
				"name": "rightArmArmor",
				"parent": "rightArm",
				"pivot": [-5, 22, 0]
			},
			{
				"name": "leftArm",
				"pivot": [5, 22, 0],
				"mirror": true,
				"cubes": [
					{"origin": [4, 12, -2], "size": [4, 12, 4], "uv": [40, 16]}
				]
			},
			{
				"name": "leftArmArmor",
				"parent": "leftArm",
				"pivot": [5, 22, 0],
				"mirror": true
			},
			{
				"name": "rightLeg",
				"pivot": [-1.9, 12, 0],
				"cubes": [
					{"origin": [-3.9, 0, -2], "size": [4, 12, 4], "uv": [0, 16]}
				]
			},
			{
				"name": "rightLegging",
				"parent": "rightLeg",
				"pivot": [-1.9, 12, 0]
			},
			{
				"name": "rightBoot",
				"parent": "rightLeg",
				"pivot": [-1.9, 12, 0]
			},
			{
				"name": "rightSock",
				"parent": "rightLeg",
				"pivot": [-1.9, 12, 0]
			},
			{
				"name": "leftLeg",
				"pivot": [1.9, 12, 0],
				"mirror": true,
				"cubes": [
					{"origin": [-0.1, 0, -2], "size": [4, 12, 4], "uv": [0, 16]}
				]
			},
			{
				"name": "leftLegging",
				"parent": "leftLeg",
				"pivot": [1.9, 12, 0],
				"mirror": true
			},
			{
				"name": "leftBoot",
				"parent": "leftLeg",
				"pivot": [1.9, 12, 0],
				"mirror": true
			},
			{
				"name": "leftSock",
				"parent": "leftLeg",
				"pivot": [1.9, 12, 0],
				"mirror": true
			},
			{
				"name": "helmet",
				"pivot": [0, 24, 0]
			}
		]
	}
}