{
	"minecraft:geometry": [
		{
			"description": {
				"identifier": "geometry.pa_skillhancock_bullet",
				"texture_width": 32,
				"texture_height": 32,
				"visible_bounds_width": 3,
				"visible_bounds_height": 3.5,
				"visible_bounds_offset": [0, 1.25, 0]
			},
			"bones": [
				{
					"name": "bone",
					"pivot": [0, 5, 0],
					"cubes": [
						{"origin": [-4, 12, -10], "size": [5, 17, 19], "uv": [0, 0]},
						{"origin": [-4, 29, 2], "size": [5, 4, 7], "uv": [0, 0]},
						{"origin": [-4, 9, -10], "size": [5, 3, 19], "uv": [0, 0]},
						{"origin": [-4, 6, -5], "size": [5, 3, 8], "uv": [0, 0]},
						{"origin": [-4, 5, -2], "size": [5, 1, 2], "uv": [6, 10]},
						{"origin": [-4, 29, -10], "size": [5, 4, 7], "uv": [0, 0]},
						{"origin": [-4, 12, -13], "size": [5, 18, 3], "uv": [0, 0]},
						{"origin": [-4, 18, -16], "size": [5, 7, 3], "uv": [0, 0]},
						{"origin": [-4, 18, 12], "size": [5, 7, 3], "uv": [0, 0]},
						{"origin": [-4, 12, 9], "size": [5, 18, 3], "uv": [0, 0]}
					]
				}
			]
		}
	],
	"format_version": "1.12.0"
}