{
	"minecraft:geometry": [
		{
			"description": {
				"identifier": "geometry.pa_skill_bullet",
				"texture_width": 32,
				"texture_height": 32,
				"visible_bounds_width": 3,
				"visible_bounds_height": 2.5,
				"visible_bounds_offset": [0, 0.75, 0]
			},
			"bones": [
				{
					"name": "bone",
					"pivot": [3, 0, 1],
					"cubes": [
						{"origin": [-1, 6, -2], "size": [6, 4, 5], "uv": [0, 0]},
						{"origin": [-3, 6, -2], "size": [3, 4, 5], "uv": [22, 18]}
					]
				},
				{
					"name": "bone2",
					"parent": "bone",
					"pivot": [3, 0, 1],
					"cubes": [
						{"origin": [-5, 7, -4], "size": [5, 2, 2], "uv": [9, 13]},
						{"origin": [-5, 7, 3], "size": [5, 2, 2], "uv": [9, 13]},
						{"origin": [-5, 10, -2], "size": [5, 2, 2], "uv": [9, 13]},
						{"origin": [-5, 10, 1], "size": [5, 2, 2], "uv": [9, 13]}
					]
				}
			]
		}
	],
	"format_version": "1.12.0"
}