{
	"minecraft:geometry": [
		{
			"description": {
				"identifier": "geometry.pa_skillesdeath_bullet",
				"texture_width": 32,
				"texture_height": 32,
				"visible_bounds_width": 3,
				"visible_bounds_height": 3.5,
				"visible_bounds_offset": [0, 1.25, 0]
			},
			"bones": [
				{
					"name": "1",
					"pivot": [0, 0, 0]
				},
				{
					"name": "bone",
					"parent": "1",
					"pivot": [-3, 4, 0],
					"cubes": [
						{"origin": [-2, 8, 0], "size": [4, 9, 4], "uv": [12, 7]},
						{"origin": [-3, 4, -1], "size": [6, 10, 6], "uv": [6, 6]},
						{"origin": [-1, 11, 1], "size": [2, 8, 2], "uv": [21, 7]},
						{"origin": [-2, 5, 4], "size": [4, 8, 2], "uv": [11, 7]},
						{"origin": [-2, 5, -2], "size": [4, 8, 2], "uv": [10, 8]},
						{"origin": [-4, 5, 0], "size": [2, 8, 4], "uv": [12, 7]},
						{"origin": [2, 5, 0], "size": [2, 8, 4], "uv": [12, 7]},
						{"origin": [-5, 5, 1], "size": [2, 10, 2], "uv": [6, 13]},
						{"origin": [-5, 5, 1], "size": [2, 10, 2], "pivot": [-3, 0, 0], "rotation": [0, 0, -27.5], "uv": [6, 13]},
						{"origin": [3, 5, 1], "size": [2, 10, 2], "uv": [14, 10]},
						{"origin": [3, 5, 1], "size": [2, 10, 2], "pivot": [-3, 0, 0], "rotation": [0, 0, 25], "uv": [14, 10]},
						{"origin": [-1, 5, 5], "size": [2, 10, 2], "pivot": [-3, 0, 0], "rotation": [-5, 0, 0], "uv": [6, 13]},
						{"origin": [-1, 5, 5], "size": [2, 10, 2], "pivot": [-3, 0, 0], "rotation": [-25, 0, 0], "uv": [6, 13]},
						{"origin": [-1, 5, -3], "size": [2, 10, 2], "uv": [6, 13]},
						{"origin": [-1, 5, -3], "size": [2, 10, 2], "pivot": [-3, 0, 0], "rotation": [25, 0, 0], "uv": [6, 13]}
					]
				}
			]
		}
	],
	"format_version": "1.12.0"
}