{
	"format_version": "1.8.0",
	"geometry.pa_tukaluna": {
		"texturewidth": 64,
		"textureheight": 64,
		"visible_bounds_width": 4,
		"visible_bounds_height": 3,
		"visible_bounds_offset": [0, 1.5, 0],
		"bones": [
			{
				"name": "body",
				"pivot": [0, 24, 0],
				"cubes": [
					{"origin": [-4, 12, -2], "size": [8, 12, 4], "uv": [16, 16]}
				]
			},
			{
				"name": "bodyArmor",
				"parent": "body",
				"pivot": [0, 24, 0]
			},
			{
				"name": "belt",
				"parent": "body",
				"pivot": [0, 24, 0]
			},
			{
				"name": "bone4",
				"parent": "body",
				"pivot": [0, 0, 0]
			},
			{
				"name": "bone3",
				"parent": "bone4",
				"pivot": [-1.4, 22.25, -1.8],
				"rotation": [17, 3, 2],
				"cubes": [
					{"origin": [-3.70098, 18.51127, -3.42882], "size": [3.7, 4.4, 3.2], "uv": [19, 18], "inflate": -0.1}
				]
			},
			{
				"name": "bone2",
				"parent": "bone4",
				"pivot": [1.4, 22.25, -1.8],
				"rotation": [17, -3, -2],
				"cubes": [
					{"origin": [0.00098, 18.51127, -3.42882], "size": [3.7, 4.4, 3.2], "uv": [21, 18], "inflate": -0.1}
				]
			},
			{
				"name": "waist",
				"pivot": [0, 12, 0]
			},
			{
				"name": "head",
				"pivot": [0, 24, 0],
				"cubes": [
					{"origin": [-4, 24, -4], "size": [8, 8, 8], "uv": [0, 0]}
				]
			},
			{
				"name": "hat",
				"parent": "head",
				"pivot": [0, 24, 0],
				"cubes": [
					{"origin": [-4, 24, -4], "size": [8, 8, 8], "uv": [32, 0], "inflate": 0.5}
				]
			},
			{
				"name": "bone6",
				"parent": "head",
				"pivot": [4.1, 26.25, -2.5],
				"rotation": [6, -1, 6],
				"cubes": [
					{"origin": [6.08874, 26.17154, -3.09267], "size": [2.32, 1.16, 1.16], "uv": [48, 26]},
					{"origin": [3.76874, 25.01154, -3.09267], "size": [2.32, 2.32, 1.16], "uv": [48, 26]}
				]
			},
			{
				"name": "bone7",
				"parent": "head",
				"pivot": [-4.1, 26.25, -2.5],
				"rotation": [6, 1, -6],
				"cubes": [
					{"origin": [-8.40874, 26.17154, -3.09267], "size": [2.32, 1.16, 1.16], "uv": [46, 25]},
					{"origin": [-6.08874, 25.01154, -3.09267], "size": [2.32, 2.32, 1.16], "uv": [46, 25]}
				]
			},
			{
				"name": "rightArm",
				"pivot": [-5, 22, 0],
				"cubes": [
					{"origin": [-8, 12, -2], "size": [4, 12, 4], "uv": [40, 16]}
				]
			},
			{
				"name": "rightItem",
				"parent": "rightArm",
				"pivot": [-6, 15, 1]
			},
			{
				"name": "rightArmArmor",
				"parent": "rightArm",
				"pivot": [-5, 22, 0]
			},
			{
				"name": "bone19",
				"parent": "rightArm",
				"pivot": [-5, 15, -3],
				"rotation": [90, 0, 0]
			},
			{
				"name": "bone18",
				"parent": "bone19",
				"pivot": [-5, 26.12, 12.71],
				"cubes": [
					{"origin": [-5.844, -1.424, -3.806], "size": [0.948, 15.748, 0.948], "uv": [61, 34], "inflate": -0.4},
					{"origin": [-5.844, 9.676, -3.806], "size": [0.948, 16.748, 0.948], "uv": [61, 34], "inflate": -0.4}
				]
			},
			{
				"name": "bone16",
				"parent": "bone19",
				"pivot": [-5.37, 8.48203, -8.1476],
				"rotation": [5, 0, 0],
				"cubes": [
					{"origin": [-5.714, 18.686, -4.434], "size": [0.688, 6.608, 0.688], "uv": [61, 34], "inflate": 0.1},
					{"origin": [-5.766, 24.9201, -2.40281], "size": [0.792, 4.752, 0.792], "uv": [61, 34], "inflate": -0.1},
					{"origin": [-5.688, 12.052, -4.408], "size": [0.636, 6.556, 0.636], "uv": [61, 34], "inflate": 0.2}
				]
			},
			{
				"name": "bone",
				"parent": "bone16",
				"pivot": [0, 0, -10],
				"rotation": [-22.5, 0, 0],
				"cubes": [
					{"origin": [-5.714, 25.686, -14.434], "size": [0.688, 4.608, 0.688], "uv": [61, 34], "inflate": 0.1}
				]
			},
			{
				"name": "bone17",
				"parent": "bone19",
				"pivot": [-5.37, 8.83797, -8.8476],
				"rotation": [-5, 0, 0],
				"cubes": [
					{"origin": [-5.714, -0.694, -5.134], "size": [0.688, 6.608, 0.688], "uv": [61, 34], "inflate": 0.1},
					{"origin": [-5.766, -5.0721, -3.10281], "size": [0.792, 4.752, 0.792], "uv": [61, 34], "inflate": -0.1},
					{"origin": [-5.688, 5.992, -5.108], "size": [0.636, 6.556, 0.636], "uv": [61, 34], "inflate": 0.2}
				]
			},
			{
				"name": "bone5",
				"parent": "bone17",
				"pivot": [0, 0, -9],
				"rotation": [20, 0, 0],
				"cubes": [
					{"origin": [-5.714, -7.314, -5.434], "size": [0.688, 5.608, 0.688], "uv": [61, 34], "inflate": 0.1}
				]
			},
			{
				"name": "leftArm",
				"pivot": [5, 22, 0],
				"mirror": true,
				"cubes": [
					{"origin": [4, 12, -2], "size": [4, 12, 4], "uv": [40, 16]}
				]
			},
			{
				"name": "leftArmArmor",
				"parent": "leftArm",
				"pivot": [5, 22, 0],
				"mirror": true
			},
			{
				"name": "rightLeg",
				"pivot": [-1.9, 12, 0],
				"cubes": [
					{"origin": [-3.9, 0, -2], "size": [4, 12, 4], "uv": [0, 16]}
				]
			},
			{
				"name": "rightLegging",
				"parent": "rightLeg",
				"pivot": [-1.9, 12, 0]
			},
			{
				"name": "rightBoot",
				"parent": "rightLeg",
				"pivot": [-1.9, 12, 0]
			},
			{
				"name": "rightSock",
				"parent": "rightLeg",
				"pivot": [-1.9, 12, 0]
			},
			{
				"name": "leftLeg",
				"pivot": [1.9, 12, 0],
				"mirror": true,
				"cubes": [
					{"origin": [-0.1, 0, -2], "size": [4, 12, 4], "uv": [0, 16]}
				]
			},
			{
				"name": "leftLegging",
				"parent": "leftLeg",
				"pivot": [1.9, 12, 0],
				"mirror": true
			},
			{
				"name": "leftBoot",
				"parent": "leftLeg",
				"pivot": [1.9, 12, 0],
				"mirror": true
			},
			{
				"name": "leftSock",
				"parent": "leftLeg",
				"pivot": [1.9, 12, 0],
				"mirror": true
			},
			{
				"name": "helmet",
				"pivot": [0, 24, 0]
			}
		]
	}
}