{
	"format_version": "1.12.0",
	"minecraft:geometry": [
		{
			"description": {
				"identifier": "geometry.pa_thanks",
				"texture_width": 360,
				"texture_height": 360,
				"visible_bounds_width": 13,
				"visible_bounds_height": 12,
				"visible_bounds_offset": [0, 4, 0]
			},
			"bones": [
				{
					"name": "baseplate",
					"pivot": [0, 0, 0],
					"rotation": [-180, -2.5, 180],
					"cubes": [
						{"origin": [-9, 0, -6], "size": [18, 1, 12], "uv": [230, 302]}
					]
				},
				{
					"name": "waist",
					"parent": "baseplate",
					"pivot": [0, 12, 0]
				},
				{
					"name": "body",
					"parent": "waist",
					"pivot": [0, 24, 0],
					"cubes": [
						{"origin": [-93, 14, -1], "size": [178, 137, 2], "uv": [0, 36]},
						{"origin": [-70, 12, -1], "size": [134, 2, 2], "uv": [0, 48]}
					]
				},
				{
					"name": "head",
					"parent": "body",
					"pivot": [0, 24, 0]
				},
				{
					"name": "hat",
					"parent": "head",
					"pivot": [0, 24, 0]
				},
				{
					"name": "leftarm",
					"parent": "body",
					"pivot": [5, 22, 0],
					"mirror": true
				},
				{
					"name": "leftitem",
					"parent": "leftarm",
					"pivot": [6, 15, 1]
				},
				{
					"name": "leftleg",
					"parent": "body",
					"pivot": [1.9, 12, 0],
					"mirror": true,
					"cubes": [
						{"origin": [6.9, 1, -1], "size": [2, 11, 2], "uv": [171, 290]}
					]
				},
				{
					"name": "rightarm",
					"parent": "body",
					"pivot": [-5, 22, 0]
				},
				{
					"name": "rightitem",
					"parent": "rightarm",
					"pivot": [-6, 15, 1]
				},
				{
					"name": "rightleg",
					"parent": "body",
					"pivot": [-1.9, 12, 0],
					"cubes": [
						{"origin": [-8.9, 1, -1], "size": [2, 11, 2], "uv": [38, 277]}
					]
				}
			]
		}
	]
}