{
	"format_version": "1.8.0",
	"geometry.pa_tohru": {
		"texturewidth": 64,
		"textureheight": 64,
		"visible_bounds_width": 2,
		"visible_bounds_height": 3,
		"visible_bounds_offset": [0, 1.5, 0],
		"bones": [
			{
				"name": "body",
				"pivot": [0, 24, 0],
				"cubes": [
					{"origin": [-4, 12, -2], "size": [8, 12, 4], "uv": [16, 16]}
				]
			},
			{
				"name": "bone6",
				"parent": "body",
				"pivot": [0, 0, 0],
				"cubes": [
					{"origin": [-3, 12, 2], "size": [6, 4, 4], "uv": [0, 33]},
					{"origin": [-2, 16, 1], "size": [4, 2, 4], "uv": [0, 33]},
					{"origin": [-2, 9, 4], "size": [4, 3, 3], "uv": [1, 34]},
					{"origin": [-1, 6, 6], "size": [2, 3, 2], "uv": [4, 34]},
					{"origin": [0, 4, 6], "size": [0, 2, 2], "uv": [4, 34]}
				]
			},
			{
				"name": "bone7",
				"parent": "bone6",
				"pivot": [0, 0, 0],
				"cubes": [
					{"origin": [-2, 9, 3], "size": [4, 3, 1], "uv": [8, 8]},
					{"origin": [-1, 6, 4], "size": [2, 3, 2], "uv": [8, 5]}
				]
			},
			{
				"name": "bodyArmor",
				"parent": "body",
				"pivot": [0, 24, 0]
			},
			{
				"name": "belt",
				"parent": "body",
				"pivot": [0, 24, 0]
			},
			{
				"name": "bone4",
				"parent": "body",
				"pivot": [0, 0, 0]
			},
			{
				"name": "bone3",
				"parent": "bone4",
				"pivot": [-1.4, 22.25, -1.8],
				"rotation": [17, 3, 2],
				"cubes": [
					{"origin": [-3.70098, 18.51127, -3.42882], "size": [3.7, 4.4, 3.2], "uv": [18, 17], "inflate": -0.1}
				]
			},
			{
				"name": "bone2",
				"parent": "bone4",
				"pivot": [1.4, 22.25, -1.8],
				"rotation": [17, -3, -2],
				"cubes": [
					{"origin": [0.00098, 18.51127, -3.42882], "size": [3.7, 4.4, 3.2], "uv": [21, 17], "inflate": -0.1}
				]
			},
			{
				"name": "waist",
				"pivot": [0, 12, 0]
			},
			{
				"name": "head",
				"pivot": [0, 24, 0],
				"cubes": [
					{"origin": [-4, 24, -4], "size": [8, 8, 8], "uv": [0, 0]}
				]
			},
			{
				"name": "bone",
				"parent": "head",
				"pivot": [0, 0, 0],
				"cubes": [
					{"origin": [-6, 30, -1], "size": [1, 4, 2], "uv": [57, 21]},
					{"origin": [-5, 30, -1], "size": [1, 2, 2], "uv": [43, 24]},
					{"origin": [-7, 33, -1], "size": [1, 3, 2], "uv": [57, 21]}
				]
			},
			{
				"name": "hat",
				"parent": "head",
				"pivot": [0, 24, 0],
				"cubes": [
					{"origin": [-4, 24, -4], "size": [8, 8, 8], "uv": [32, 0], "inflate": 0.5}
				]
			},
			{
				"name": "bone5",
				"parent": "head",
				"pivot": [0, 0, 0],
				"cubes": [
					{"origin": [5, 30, -1], "size": [1, 4, 2], "uv": [57, 21]},
					{"origin": [4, 30, -1], "size": [1, 2, 2], "uv": [43, 24]},
					{"origin": [6, 33, -1], "size": [1, 3, 2], "uv": [57, 21]}
				]
			},
			{
				"name": "rightArm",
				"pivot": [-5, 22, 0],
				"cubes": [
					{"origin": [-8, 12, -2], "size": [4, 12, 4], "uv": [40, 16]}
				]
			},
			{
				"name": "rightItem",
				"parent": "rightArm",
				"pivot": [-6, 15, 1]
			},
			{
				"name": "rightArmArmor",
				"parent": "rightArm",
				"pivot": [-5, 22, 0]
			},
			{
				"name": "leftArm",
				"pivot": [5, 22, 0],
				"mirror": true,
				"cubes": [
					{"origin": [4, 12, -2], "size": [4, 12, 4], "uv": [40, 16]}
				]
			},
			{
				"name": "leftArmArmor",
				"parent": "leftArm",
				"pivot": [5, 22, 0],
				"mirror": true
			},
			{
				"name": "rightLeg",
				"pivot": [-1.9, 12, 0],
				"cubes": [
					{"origin": [-3.9, 0, -2], "size": [4, 12, 4], "uv": [0, 16]}
				]
			},
			{
				"name": "rightLegging",
				"parent": "rightLeg",
				"pivot": [-1.9, 12, 0]
			},
			{
				"name": "rightBoot",
				"parent": "rightLeg",
				"pivot": [-1.9, 12, 0]
			},
			{
				"name": "rightSock",
				"parent": "rightLeg",
				"pivot": [-1.9, 12, 0]
			},
			{
				"name": "leftLeg",
				"pivot": [1.9, 12, 0],
				"mirror": true,
				"cubes": [
					{"origin": [-0.1, 0, -2], "size": [4, 12, 4], "uv": [0, 16]}
				]
			},
			{
				"name": "leftLegging",
				"parent": "leftLeg",
				"pivot": [1.9, 12, 0],
				"mirror": true
			},
			{
				"name": "leftBoot",
				"parent": "leftLeg",
				"pivot": [1.9, 12, 0],
				"mirror": true
			},
			{
				"name": "leftSock",
				"parent": "leftLeg",
				"pivot": [1.9, 12, 0],
				"mirror": true
			},
			{
				"name": "helmet",
				"pivot": [0, 24, 0]
			}
		]
	}
}