{
  "format_version": "1.16.0",
  "minecraft:entity": {
    "description": {
      "identifier": "minecraft:enderman",
      "is_spawnable": true,
      "is_summonable": true,
      "is_experimental": false
    },
    "component_groups": {
"minecraft:village_defender":{
	        "minecraft:dweller": {
          "dwelling_type": "village",
          "dweller_role": "defender",
          "update_interval_base": 60,
          "update_interval_variant": 40,
          "can_find_poi": false,
          "can_migrate": true,
          "first_founding_reward": 0
        },
        "minecraft:behavior.move_to_village": {
          "priority": 5,
          "speed_multiplier": 1.0,
          "goal_radius": 2.0
        }
},
"helper:new_interactions":{
	      "minecraft:interact": {
        "interactions":[ 
       {
          "on_interact": {
            "filters": {
              "all_of": [
                { "test": "is_family", "subject": "other", "value": "player" },
                { "test": "has_equipment", "domain": "hand", "subject": "other", "value": "team:stone_health_upgrade" },
                { "test": "is_variant", "operator": "==", 
"subject":"self",
"value": 0 }
              ]
            },
          "event": "minecraft:stone_hp_upgrade",
          "target": "self"
          },
          "hurt_item": 1,
          "swing": true,
          "interact_text": "action.interact.upgrade"
        },
       {
          "on_interact": {
            "filters": {
              "all_of": [
                { "test": "is_family", "subject": "other", "value": "player" },
                { "test": "has_equipment", "domain": "hand", "subject": "other", "value": "team:iron_health_upgrade" },
                { "test": "is_variant", "operator": "==", 
"subject":"self",
"value": 1 }
              ]
            },
          "event": "minecraft:iron_hp_upgrade",
          "target": "self"
          },
          "hurt_item": 1,
          "swing": true,
          "interact_text": "action.interact.upgrade"
        },
       {
          "on_interact": {
            "filters": {
              "all_of": [
                { "test": "is_family", "subject": "other", "value": "player" },
                { "test": "has_equipment", "domain": "hand", "subject": "other", "value": "team:diamond_health_upgrade" },
                { "test": "is_variant", "operator": "==", 
"subject":"self",
"value": 2 }
              ]
            },
          "event": "minecraft:diamond_hp_upgrade",
          "target": "self"
          },
          "hurt_item": 1,
          "swing": true,
          "interact_text": "action.interact.upgrade"
        },
       {
          "on_interact": {
            "filters": {
              "all_of": [
                { "test": "is_family", "subject": "other", "value": "player" },
                { "test": "has_equipment", "domain": "hand", "subject": "other", "value": "team:stone_attack_upgrade" },
                { "test": "is_mark_variant", "operator": "==", 
"subject":"self",
"value": 0 }
              ]
            },
          "event": "minecraft:stone_atk_upgrade",
          "target": "self"
          },
          "hurt_item": 1,
          "swing": true,
          "interact_text": "action.interact.upgrade"
        },
       {
          "on_interact": {
            "filters": {
              "all_of": [
                { "test": "is_family", "subject": "other", "value": "player" },
                { "test": "has_equipment", "domain": "hand", "subject": "other", "value": "team:iron_attack_upgrade" },
                { "test": "is_mark_variant", "operator": "==", 
"subject":"self",
"value": 1 }
              ]
            },
          "event": "minecraft:iron_atk_upgrade",
          "target": "self"
          },
          "hurt_item": 1,
          "swing": true,
          "interact_text": "action.interact.upgrade"
        },
       {
          "on_interact": {
            "filters": {
              "all_of": [
                { "test": "is_family", "subject": "other", "value": "player" },
                { "test": "has_equipment", "domain": "hand", "subject": "other", "value": "team:diamond_attack_upgrade" },
                { "test": "is_mark_variant", "operator": "==", 
"subject":"self",
"value": 2 }
              ]
            },
          "event": "minecraft:diamond_atk_upgrade",
          "target": "self"
          },
          "hurt_item": 1,
          "swing": true,
          "interact_text": "action.interact.upgrade"
        },
       {
          "on_interact": {
            "filters": {
              "all_of": [
                { "test": "is_family", "subject": "other", "value": "player" },
                { "test": "has_equipment", "domain": "hand", "subject": "other", "value": "team:helper_wand" },
                { "test": "has_component",
"subject":"self",
"operator":"!=",
"value": "minecraft:dweller" },
                { "test": "is_sneaking",
"subject":"other",
"value": false }
              ]
            },
          "event": "minecraft:stay_at_village",
          "target": "self"
          },
          "swing": true,
          "interact_text": "action.interact.stay.at.village"
        },
       {
          "on_interact": {
            "filters": {
              "all_of": [
                { "test": "is_family", "subject": "other", "value": "player" },
                { "test": "has_equipment", "domain": "hand", "subject": "other", "value": "team:helper_wand" },
                { "test": "has_component",
"subject":"self",
"operator":"==",
"value": "minecraft:dweller" },
                { "test": "is_sneaking",
"subject":"other",
"value": true }
              ]
            },
          "event": "minecraft:not_stay_at_village",
          "target": "self"
          },
          "swing": true,
          "interact_text": "action.interact.not.stay.at.village"
        }
        ]
      }
},
"attack_upgrade:stone":{
"minecraft:mark_variant":{
	"value":1
},
      "minecraft:attack": {
        "damage":10
      }
},
"attack_upgrade:iron":{
"minecraft:mark_variant":{
	"value":2
},
      "minecraft:attack": {
        "damage":15
      }
},
"attack_upgrade:diamond":{
"minecraft:mark_variant":{
	"value":3
},
      "minecraft:attack": {
        "damage":24
      }
},
"health_upgrade:stone":{
"minecraft:variant":{
	"value":1
},
      "minecraft:health": {
        "value": 55,
        "max": 55
      }
},
"health_upgrade:iron":{
"minecraft:variant":{
	"value":2
},
      "minecraft:health": {
        "value": 70,
        "max": 70
      }
},
"health_upgrade:diamond":{
"minecraft:variant":{
	"value":3
},
      "minecraft:health": {
        "value": 100,
        "max": 100
      },
              "minecraft:timer": {
          "looping": true,
          "time": 5,
          "time_down_event": {
            "event": "testcraft:regenerate"
          }
        }
},
"test:regenerate":{
	      	"minecraft:spell_effects": {
    "add_effects": [
        {
            "effect": "instant_health",
            "duration": 0.05,
            "visible": true
        }
	]
	}
},
    "minecraft:helper":{
      "minecraft:type_family": {
        "family": [ "enderman", "helper","player", "mob" ]
      	
      },
        "minecraft:behavior.hurt_by_target": {
          "priority": 2,
          "entity_types": {
            "filters": { 
                "all_of": [
                  { "test" :  "is_family", "subject" : "other", "operator": "!=", "value" :  "player"},
                  { "test" :  "is_family", "subject" : "other", "operator": "!=", "value" :  "helper"}
                  
                ] 
            }
          }
        },
      "minecraft:damage_sensor": {
        "triggers": [
        						{
						"on_damage": {
							"filters": {
								"test": "is_family",
								"subject": "other",
								"value": "helper"
							}
						},
						"deals_damage": false
        						}
        			]
      },
      "minecraft:behavior.nearest_attackable_target": {
        "priority": 2,
        "must_see": false,
        "reselect_targets": true,
        "within_radius": 25.0,
        "entity_types": [
          {
            "filters": {
              "all_of": [
                {
                  "test": "is_family",
                  "subject": "other",
                  "value": "monster"
                },
                {
                "test":"is_family",
                "subject":"other",
                "value":"zombie_pigman",
                "operator":"!="
                }
              ]
            },
            "max_dist": 35
          }
        ]
      }
    },
      "minecraft:enderman_calm": {
        "minecraft:on_target_acquired": {
          "event": "minecraft:become_angry",
          "target": "self"
        },
        "minecraft:movement": {
          "value": 0.3
        }
      },

      "minecraft:enderman_angry": {
        "minecraft:angry": {
          "duration": 25,
          "calm_event": {
            "event": "minecraft:on_calm",
            "target": "self"
          }
        },
        "minecraft:movement": {
          "value": 0.45
        },
        "minecraft:behavior.melee_attack": {
          "priority": 2
        }
      }
    },

    "components": {
      "minecraft:is_hidden_when_invisible": {
      },
      "minecraft:experience_reward": {
        "on_death": "query.last_hit_by_player ? 5 : 0"
      },
      "minecraft:type_family": {
        "family": [ "enderman", "monster", "mob" ]
      },
      "minecraft:breathable": {
        "total_supply": 15,
        "suffocate_time": 0
      },
      "minecraft:nameable": {
      },
      "minecraft:loot": {
        "table": "loot_tables/entities/enderman.json"
      },
      "minecraft:health": {
        "value": 40,
        "max": 40
      },
      "minecraft:interact": {
        "interactions":[ 
       {
          "on_interact": {
            "filters": {
              "all_of": [
                { "test": "is_family", "subject": "other", "value": "player" },
                { "test": "has_equipment", "domain": "hand", "subject": "other", "value": "team:helper_wand" },
                { "test": "is_family", "operator": "!=", 
"subject":"self",
"value": "helper" }
              ]
            },
          "event": "minecraft:helper",
          "target": "self"
          },
          "hurt_item": 7,
          "swing": true,
          "interact_text": "action.interact.helper"
        }
        ]
      },
      "minecraft:hurt_on_condition": {
        "damage_conditions": [
          {
            "filters": { "test": "in_lava", "subject": "self", "operator": "==", "value": true },
            "cause": "lava",
            "damage_per_tick": 4
          },
          {
            "filters": { "test": "in_contact_with_water", "operator": "==", "value": true },
            "cause": "drowning",
            "damage_per_tick": 1
          }
        ]
      },
      "minecraft:attack": {
        "damage": 7
      },
      "minecraft:leashable": {
        "soft_distance": 4.0,
        "hard_distance": 6.0,
        "max_distance": 10.0
      },
      "minecraft:follow_range": {
        "value": 32,
        "max": 32
      },
      "minecraft:collision_box": {
        "width": 0.6,
        "height": 2.9
      },
      "minecraft:teleport": {
        "random_teleports": true,
        "max_random_teleport_time": 30,
        "random_teleport_cube": [ 64, 32, 64 ],
        "target_distance": 16,
        "target_teleport_chance": 0.05,
        "light_teleport_chance": 0.05
      },
      "minecraft:lookat": {
        "search_radius": 64.0,
        "set_target": true,
        "look_cooldown": 5.0,
        "filters": {
          "all_of": [
            {
              "subject": "other",
              "test": "is_family",
              "value": "player"
            },
            {
              "test": "has_equipment",
              "domain": "head",
              "subject": "other",
              "operator": "not",
              "value": "carved_pumpkin"
            }
          ]
        }
      },
      "minecraft:despawn": {
        "despawn_from_distance": {}
      },
      "minecraft:behavior.nearest_attackable_target": {
        "priority": 5,
        "must_see": true,
        "attack_interval": 10,
        "entity_types": [
          {
            "filters": {
              "test": "is_family",
              "subject": "other",
              "value": "endermite"
            },
            "max_dist": 64
          }
        ]
      },
      "minecraft:navigation.walk": {
        "can_path_over_water": false,
        "avoid_water": true
      },
      "minecraft:movement.basic": {

      },
      "minecraft:jump.static": {
      },
      "minecraft:can_climb": {
      },
      "minecraft:behavior.float": {
        "priority": 0
      },
      "minecraft:behavior.random_stroll": {
        "priority": 7,
        "speed_multiplier": 1.0
      },
      "minecraft:behavior.look_at_player": {
        "priority": 8,
        "look_distance": 8.0,
        "probability": 8.0
      },
      "minecraft:behavior.random_look_around": {
        "priority": 8
      },
      "minecraft:behavior.hurt_by_target": {
        "priority": 3
      },
      "minecraft:behavior.enderman_leave_block": {
        "priority": 10
      },
      "minecraft:behavior.enderman_take_block": {
        "priority": 11
      },
      "minecraft:physics": {
      },
      "minecraft:pushable": {
        "is_pushable": true,
        "is_pushable_by_piston": true
      },
      "minecraft:conditional_bandwidth_optimization": {
        "default_values": {
          "max_optimized_distance": 80.0,
          "max_dropped_ticks": 10,
          "use_motion_prediction_hints": true
        }
      }
    },

    "events": {
      "minecraft:helper": {
            "remove": {
            },
            "add": {
              "component_groups": [
"minecraft:helper",
"helper:new_interactions"
              ]
            }
        },
"minecraft:stone_hp_upgrade":{
        "add": {
          "component_groups": [
            "health_upgrade:stone"
          ]
        },
        "remove":{
        }
},
"minecraft:iron_hp_upgrade":{
        "add": {
          "component_groups": [
            "health_upgrade:iron"
          ]
        },
        "remove":{
        	"component_groups":[
        	"health_upgrade:stone"	
        		]
        }
},
"minecraft:diamond_hp_upgrade":{
        "add": {
          "component_groups": [
            "health_upgrade:diamond"
          ]
        },
        "remove":{
        	"component_groups":[
        	"health_upgrade:iron"	
        		]
        }
},
"minecraft:stone_atk_upgrade":{
        "add": {
          "component_groups": [
            "attack_upgrade:stone"
          ]
        },
        "remove":{
        }
},
"minecraft:iron_atk_upgrade":{
        "add": {
          "component_groups": [
            "attack_upgrade:iron"
          ]
        },
        "remove":{
        	"component_groups":[
        	"attack_upgrade:stone"	
        		]
        }
},
"minecraft:diamond_atk_upgrade":{
        "add": {
          "component_groups": [
            "attack_upgrade:diamond"
          ]
        },
        "remove":{
        	"component_groups":[
        	"attack_upgrade:iron"	
        		]
        }
},
      "testcraft:regenerate": {
        "sequence": [
          {
            "filters": {
              "test": "has_component",
              "value": "minecraft:spell_effect"
            },
            "add": {
            },
            "remove": {
              "component_groups": [ "test:regenerate" ]
            }
          },
          {
            "filters": {
              "test": "has_component",
              "operator": "!=",
              "value": "minecraft:spell_effect"
            },
            "add": {
              "component_groups": [ "test:regenerate" ]
            },
            "remove": {
            }
          }
        ]
      },
      "minecraft:not_stay_at_village": {
            "remove": {
              "component_groups": [
"minecraft:village_defender"
              ]
            },
            "add": {
            }
        },
      "minecraft:stay_at_village": {
            "remove": {
            },
            "add": {
              "component_groups": [
"minecraft:village_defender"
              ]
            }
        },
      "minecraft:entity_spawned": {
        "remove": {
        },
        "add": {
          "component_groups": [
            "minecraft:enderman_calm"
          ]
        }
      },
      "minecraft:become_angry": {
        "remove": {
          "component_groups": [
            "minecraft:enderman_calm"
          ]
        },
        "add": {
          "component_groups": [
            "minecraft:enderman_angry"
          ]
        }
      },
      "minecraft:on_calm": {
        "remove": {
          "component_groups": [
            "minecraft:enderman_angry"
          ]
        },
        "add": {
          "component_groups": [
            "minecraft:enderman_calm"
          ]
        }
      }
    }
  }
}