{
  "format_version": "1.16.0",
  "minecraft:entity": {
    "description": {
      "identifier": "minecraft:stray",
      "is_spawnable": true,
      "is_summonable": true,
      "is_experimental": false
    },

    "component_groups": {
"minecraft:burn_in_day":{
	      "minecraft:burns_in_daylight": {
      },
            "minecraft:behavior.flee_sun": {
        "priority": 2,
        "speed_multiplier": 1
      }
},
"minecraft:village_defender":{
	        "minecraft:dweller": {
          "dwelling_type": "village",
          "dweller_role": "defender",
          "update_interval_base": 60,
          "update_interval_variant": 40,
          "can_find_poi": false,
          "can_migrate": true,
          "first_founding_reward": 0
        },
        "minecraft:behavior.move_to_village": {
          "priority": 5,
          "speed_multiplier": 1.0,
          "goal_radius": 2.0
        }
},
"helper:new_interactions":{
	      "minecraft:interact": {
        "interactions":[ 
       {
          "on_interact": {
            "filters": {
              "all_of": [
                { "test": "is_family", "subject": "other", "value": "player" },
                { "test": "has_equipment", "domain": "hand", "subject": "other", "value": "team:stone_health_upgrade" },
                { "test": "is_variant", "operator": "==", 
"subject":"self",
"value": 0 }
              ]
            },
          "event": "minecraft:stone_hp_upgrade",
          "target": "self"
          },
          "hurt_item": 1,
          "swing": true,
          "interact_text": "action.interact.upgrade"
        },
       {
          "on_interact": {
            "filters": {
              "all_of": [
                { "test": "is_family", "subject": "other", "value": "player" },
                { "test": "has_equipment", "domain": "hand", "subject": "other", "value": "team:iron_health_upgrade" },
                { "test": "is_variant", "operator": "==", 
"subject":"self",
"value": 1 }
              ]
            },
          "event": "minecraft:iron_hp_upgrade",
          "target": "self"
          },
          "hurt_item": 1,
          "swing": true,
          "interact_text": "action.interact.upgrade"
        },
       {
          "on_interact": {
            "filters": {
              "all_of": [
                { "test": "is_family", "subject": "other", "value": "player" },
                { "test": "has_equipment", "domain": "hand", "subject": "other", "value": "team:diamond_health_upgrade" },
                { "test": "is_variant", "operator": "==", 
"subject":"self",
"value": 2 }
              ]
            },
          "event": "minecraft:diamond_hp_upgrade",
          "target": "self"
          },
          "hurt_item": 1,
          "swing": true,
          "interact_text": "action.interact.upgrade"
        },
       {
          "on_interact": {
            "filters": {
              "all_of": [
                { "test": "is_family", "subject": "other", "value": "player" },
                { "test": "has_equipment", "domain": "hand", "subject": "other", "value": "team:stone_attack_upgrade" },
                { "test": "is_mark_variant", "operator": "==", 
"subject":"self",
"value": 0 }
              ]
            },
          "event": "minecraft:stone_atk_upgrade",
          "target": "self"
          },
          "hurt_item": 1,
          "swing": true,
          "interact_text": "action.interact.upgrade"
        },
       {
          "on_interact": {
            "filters": {
              "all_of": [
                { "test": "is_family", "subject": "other", "value": "player" },
                { "test": "has_equipment", "domain": "hand", "subject": "other", "value": "team:iron_attack_upgrade" },
                { "test": "is_mark_variant", "operator": "==", 
"subject":"self",
"value": 1 }
              ]
            },
          "event": "minecraft:iron_atk_upgrade",
          "target": "self"
          },
          "hurt_item": 1,
          "swing": true,
          "interact_text": "action.interact.upgrade"
        },
       {
          "on_interact": {
            "filters": {
              "all_of": [
                { "test": "is_family", "subject": "other", "value": "player" },
                { "test": "has_equipment", "domain": "hand", "subject": "other", "value": "team:diamond_attack_upgrade" },
                { "test": "is_mark_variant", "operator": "==", 
"subject":"self",
"value": 2 }
              ]
            },
          "event": "minecraft:diamond_atk_upgrade",
          "target": "self"
          },
          "hurt_item": 1,
          "swing": true,
          "interact_text": "action.interact.upgrade"
        },
       {
          "on_interact": {
            "filters": {
              "all_of": [
                { "test": "is_family", "subject": "other", "value": "player" },
                { "test": "has_equipment", "domain": "hand", "subject": "other", "value": "team:helper_wand" },
                { "test": "has_component",
"subject":"self",
"operator":"!=",
"value": "minecraft:dweller" },
                { "test": "is_sneaking",
"subject":"other",
"value": false }
              ]
            },
          "event": "minecraft:stay_at_village",
          "target": "self"
          },
          "swing": true,
          "interact_text": "action.interact.stay.at.village"
        },
       {
          "on_interact": {
            "filters": {
              "all_of": [
                { "test": "is_family", "subject": "other", "value": "player" },
                { "test": "has_equipment", "domain": "hand", "subject": "other", "value": "team:helper_wand" },
                { "test": "has_component",
"subject":"self",
"operator":"==",
"value": "minecraft:dweller" },
                { "test": "is_sneaking",
"subject":"other",
"value": true }
              ]
            },
          "event": "minecraft:not_stay_at_village",
          "target": "self"
          },
          "swing": true,
          "interact_text": "action.interact.not.stay.at.village"
        }
        ]
      }
},
"attack_upgrade:stone":{
"minecraft:mark_variant":{
	"value":1
},
      "minecraft:attack": {
        "damage":3.5
      },
            "minecraft:type_family": {
        "family": [ "stray","stone_atk", "helper","player", "mob" ]
      	
      }
},
"attack_upgrade:iron":{
"minecraft:mark_variant":{
	"value":2
},
            "minecraft:type_family": {
        "family": [ "stray","iron_atk", "helper","player", "mob" ]
      	
      },
      "minecraft:attack": {
        "damage":5
      }
},
"attack_upgrade:diamond":{
"minecraft:mark_variant":{
	"value":3
},
            "minecraft:type_family": {
        "family": [ "stray","diamond_atk", "helper","player", "mob" ]
      	
      },
      "minecraft:attack": {
        "damage":10
      }
},
"health_upgrade:stone":{
"minecraft:variant":{
	"value":1
},
      "minecraft:health": {
        "value": 25,
        "max": 25
      }
},
"health_upgrade:iron":{
"minecraft:variant":{
	"value":2
},
      "minecraft:health": {
        "value": 35,
        "max": 35
      }
},
"health_upgrade:diamond":{
"minecraft:variant":{
	"value":3
},
      "minecraft:health": {
        "value": 50,
        "max": 50
      },
              "minecraft:timer": {
          "looping": true,
          "time": 5,
          "time_down_event": {
            "event": "testcraft:regenerate"
          }
        }
},
"test:regenerate":{
	      	"minecraft:spell_effects": {
    "add_effects": [
        {
            "effect": "instant_damage",
            "duration": 0.05,
            "visible": true
        }
	]
	}
},
    "minecraft:helper":{
      "minecraft:type_family": {
        "family": [ "stray", "helper","player", "mob" ]
      	
      },
        "minecraft:behavior.hurt_by_target": {
          "priority": 2,
          "entity_types": {
            "filters": { 
                "all_of": [
                  { "test" :  "is_family", "subject" : "other", "operator": "!=", "value" :  "player"},
                  { "test" :  "is_family", "subject" : "other", "operator": "!=", "value" :  "helper"}
                  
                ] 
            }
          }
        },
      "minecraft:damage_sensor": {
        "triggers": [
        						{
						"on_damage": {
							"filters": {
								"test": "is_family",
								"subject": "other",
								"value": "helper"
							}
						},
						"deals_damage": false
        						}
        			]
      },
      "minecraft:behavior.nearest_attackable_target": {
        "priority": 2,
        "must_see": false,
        "reselect_targets": true,
        "within_radius": 25.0,
        "entity_types": [
          {
            "filters": {
              "all_of": [
                {
                  "test": "is_family",
                  "subject": "other",
                  "value": "monster"
                },
                {
                "test":"is_family",
                "subject":"other",
                "value":"zombie_pigman",
                "operator":"!="
                }
              ]
            },
            "max_dist": 35
          }
        ]
      }
    },
      "minecraft:revert_to_skeleton": {
        "minecraft:transformation": {
          "into": "minecraft:skeleton",
          "delay": 0.5
        }
      },
      "minecraft:ranged_attack": {
        "minecraft:behavior.ranged_attack": {
          "priority": 0,
          "attack_interval_min": 1.0,
          "attack_interval_max": 3.0,
          "attack_radius": 15.0
        },
        "minecraft:shooter": {
          "def": "minecraft:arrow",
          "aux_val": 19
        },
        "minecraft:environment_sensor": {
          "triggers": [
            {
              "filters": {
                "test": "is_underwater",
                "subject": "self",
                "operator": "==",
                "value": true
              },
              "event": "minecraft:melee_mode"
            },
            {
              "filters": {
                "test": "has_ranged_weapon",
                "subject": "self",
                "operator": "==",
                "value": false
              },
              "event": "minecraft:melee_mode"
            }
          ]
        }
      },
      "minecraft:melee_attack": {
        "minecraft:behavior.melee_attack": {
          "priority": 4,
          "track_target": true,
          "speed_multiplier": 1.25
        },
        "minecraft:environment_sensor": {
          "triggers": [
            {
              "filters": {
                "all_of": [
                  {
                    "test": "in_water",
                    "subject": "self",
                    "operator": "==",
                    "value": false
                  },
                  {
                    "test": "has_ranged_weapon",
                    "subject": "self",
                    "operator": "==",
                    "value": true
                  }
                ]
              },
              "event": "minecraft:ranged_mode"
            }
          ]
        }
      }
    },

    "components": {
      "minecraft:is_hidden_when_invisible": {
      },
      "minecraft:experience_reward": {
        "on_death": "query.last_hit_by_player ? 5 + (query.equipment_count * Math.Random(1,3)) : 0"
      },
      "minecraft:breathable": {
        "total_supply": 15,
        "suffocate_time": 0,
        "breathes_water": true
      },
      "minecraft:equip_item": {
      },
      "minecraft:collision_box": {
        "width": 0.6,
        "height": 1.9
      },
      "minecraft:nameable": {
      },
      "minecraft:health": {
        "value": 20,
        "max": 20
      },
      "minecraft:interact": {
        "interactions":[ 
       {
          "on_interact": {
            "filters": {
              "all_of": [
                { "test": "is_family", "subject": "other", "value": "player" },
                { "test": "has_equipment", "domain": "hand", "subject": "other", "value": "team:helper_wand" },
                { "test": "is_family", "operator": "!=", 
"subject":"self",
"value": "helper" }
              ]
            },
          "event": "minecraft:helper",
          "target": "self"
          },
          "hurt_item": 4,
          "swing": true,
          "interact_text": "action.interact.helper"
        }
        ]
      },
      "minecraft:hurt_on_condition": {
        "damage_conditions": [
          {
            "filters": { "test": "in_lava", "subject": "self", "operator": "==", "value": true },
            "cause": "lava",
            "damage_per_tick": 4
          }
        ]
      },
      "minecraft:loot": {
        "table": "loot_tables/entities/stray.json"
      },
      "minecraft:movement": {
        "value": 0.25
      },
        "minecraft:attack": {
          "damage": 3,
          "effect_name": "slowness",
          "effect_duration": 10
        },
      "minecraft:navigation.walk": {
        "is_amphibious": true,
        "avoid_sun": true,
        "avoid_water": true
      },
      "minecraft:movement.basic": {
      },
      "minecraft:jump.static": {
      },
      "minecraft:can_climb": {
      },
      "minecraft:equipment": {
        "table": "loot_tables/entities/skeleton_gear.json"
      },
      "minecraft:shooter": {
        "def": "minecraft:arrow",
        "aux_val": 19
      },
      "minecraft:environment_sensor": {
        "triggers": [
          {
            "filters": {
              "test": "is_underwater",
              "subject": "self",
              "operator": "==",
              "value": true
            },
            "event": "minecraft:melee_mode"
          },
          {
            "filters": {
              "test": "has_ranged_weapon",
              "subject": "self",
              "operator": "==",
              "value": false
            },
            "event": "minecraft:melee_mode"
          }
        ]
      },
      "minecraft:despawn": {
        "despawn_from_distance": {}
      },
      "minecraft:shareables": {
        "items": [
          {
            "item": "minecraft:netherite_sword",
            "want_amount": 1,
            "surplus_amount": 1,
            "priority": 0
          },
{ 
	"item": "team:helper_wand",
	"want_amount": 1,
	"surplus_amount":1,
	"priority":1
},
          {
            "item": "minecraft:diamond_sword",
            "want_amount": 1,
            "surplus_amount": 1,
            "priority": 1
          },
          {
            "item": "minecraft:iron_sword",
            "want_amount": 1,
            "surplus_amount": 1,
            "priority": 2
          },
          {
            "item": "minecraft:stone_sword",
            "want_amount": 1,
            "surplus_amount": 1,
            "priority": 3
          },
          {
            "item": "minecraft:golden_sword",
            "want_amount": 1,
            "surplus_amount": 1,
            "priority": 4
          },
          {
            "item": "minecraft:wooden_sword",
            "want_amount": 1,
            "surplus_amount": 1,
            "priority": 5
          },
          {
            "item": "minecraft:bow",
            "want_amount": 1,
            "surplus_amount": 1,
            "priority": 6
          },
          {
            "item": "minecraft:netherite_helmet",
            "want_amount": 1,
            "surplus_amount": 1,
            "priority": 0
          },
          {
            "item": "minecraft:diamond_helmet",
            "want_amount": 1,
            "surplus_amount": 1,
            "priority": 1
          },
          {
            "item": "minecraft:iron_helmet",
            "want_amount": 1,
            "surplus_amount": 1,
            "priority": 2
          },
          {
            "item": "minecraft:chainmail_helmet",
            "want_amount": 1,
            "surplus_amount": 1,
            "priority": 3
          },
          {
            "item": "minecraft:golden_helmet",
            "want_amount": 1,
            "surplus_amount": 1,
            "priority": 4
          },
          {
            "item": "minecraft:leather_helmet",
            "want_amount": 1,
            "surplus_amount": 1,
            "priority": 5
          },
          {
            "item": "minecraft:turtle_helmet",
            "want_amount": 1,
            "surplus_amount": 1,
            "priority": 6
          },
          {
            "item": "minecraft:skull:0",
            "want_amount": 1,
            "surplus_amount": 1,
            "priority": 7
          },
          {
            "item": "minecraft:skull:1",
            "want_amount": 1,
            "surplus_amount": 1,
            "priority": 7
          },
          {
            "item": "minecraft:carved_pumpkin",
            "want_amount": 1,
            "surplus_amount": 1,
            "priority": 7
          },
          {
            "item": "minecraft:netherite_chestplate",
            "want_amount": 1,
            "surplus_amount": 1,
            "priority": 0
          },
          {
            "item": "minecraft:diamond_chestplate",
            "want_amount": 1,
            "surplus_amount": 1,
            "priority": 1
          },
          {
            "item": "minecraft:iron_chestplate",
            "want_amount": 1,
            "surplus_amount": 1,
            "priority": 2
          },
          {
            "item": "minecraft:chainmail_chestplate",
            "want_amount": 1,
            "surplus_amount": 1,
            "priority": 3
          },
          {
            "item": "minecraft:golden_chestplate",
            "want_amount": 1,
            "surplus_amount": 1,
            "priority": 4
          },
          {
            "item": "minecraft:leather_chestplate",
            "want_amount": 1,
            "surplus_amount": 1,
            "priority": 5
          },
          {
            "item": "minecraft:netherite_leggings",
            "want_amount": 1,
            "surplus_amount": 1,
            "priority": 0
          },
          {
            "item": "minecraft:diamond_leggings",
            "want_amount": 1,
            "surplus_amount": 1,
            "priority": 1
          },
          {
            "item": "minecraft:iron_leggings",
            "want_amount": 1,
            "surplus_amount": 1,
            "priority": 2
          },
          {
            "item": "minecraft:chainmail_leggings",
            "want_amount": 1,
            "surplus_amount": 1,
            "priority": 3
          },
          {
            "item": "minecraft:golden_leggings",
            "want_amount": 1,
            "surplus_amount": 1,
            "priority": 4
          },
          {
            "item": "minecraft:leather_leggings",
            "want_amount": 1,
            "surplus_amount": 1,
            "priority": 5
          },
          {
            "item": "minecraft:netherite_boots",
            "want_amount": 1,
            "surplus_amount": 1,
            "priority": 0
          },
          {
            "item": "minecraft:diamond_boots",
            "want_amount": 1,
            "surplus_amount": 1,
            "priority": 1
          },
          {
            "item": "minecraft:iron_boots",
            "want_amount": 1,
            "surplus_amount": 1,
            "priority": 2
          },
          {
            "item": "minecraft:chainmail_boots",
            "want_amount": 1,
            "surplus_amount": 1,
            "priority": 3
          },
          {
            "item": "minecraft:golden_boots",
            "want_amount": 1,
            "surplus_amount": 1,
            "priority": 4
          },
          {
            "item": "minecraft:leather_boots",
            "want_amount": 1,
            "surplus_amount": 1,
            "priority": 5
          }
        ]
      },
      "minecraft:variant":{
      	"value":0
      },
      "minecraft:mark_variant":{
      	"value":0
      },
      "minecraft:behavior.ranged_attack": {
        "priority": 0,
        "attack_interval_min": 1.0,
        "attack_interval_max": 3.0,
        "attack_radius": 15.0
      },
      "minecraft:behavior.hurt_by_target": {
        "priority": 1
      },
      "minecraft:behavior.nearest_attackable_target": {
        "priority": 2,
        "must_see": true,
        "reselect_targets": true,

        "entity_types": [
          {
            "filters": {
              "test": "is_family",
              "subject": "other",
              "value": "player"
            },
            "max_dist": 16
          },
          {
            "filters": {
              "test": "is_family",
              "subject": "other",
              "value": "irongolem"
            },
            "max_dist": 16
          },
          {
            "filters": {
              "all_of": [
                {
                  "test": "is_family",
                  "subject": "other",
                  "value": "baby_turtle"
                },
                {
                  "test": "in_water",
                  "subject": "other",
                  "operator": "!=",
                  "value": true
                }
              ]
            },
            "max_dist": 16
          }
        ]
      },
      "minecraft:behavior.equip_item": {
        "priority": 3
      },
      "minecraft:behavior.avoid_mob_type": {
        "priority": 4,
        "entity_types": [
          {
            "filters": {
              "test": "is_family",
              "subject": "other",
              "value": "wolf"
            },
            "max_dist": 6,
            "walk_speed_multiplier": 1.2,
            "sprint_speed_multiplier": 1.2
          }
        ]
      },
      "minecraft:behavior.pickup_items": {
        "priority": 5,
        "max_dist": 3,
        "goal_radius": 2,
        "speed_multiplier": 1.0,
        "pickup_based_on_chance": true,
        "can_pickup_any_item": true
      },
      "minecraft:behavior.random_stroll": {
        "priority": 6,
        "speed_multiplier": 1
      },
      "minecraft:behavior.look_at_player": {
        "priority": 7,
        "look_distance": 8
      },
      "minecraft:behavior.random_look_around": {
        "priority": 8
      },
      "minecraft:type_family": {
        "family": [ "stray", "skeleton", "monster", "mob", "undead" ]
      },
      "minecraft:physics": {
      },
      "minecraft:pushable": {
        "is_pushable": true,
        "is_pushable_by_piston": true
      },
      "minecraft:conditional_bandwidth_optimization": {
      }
    },

    "events": {
      "minecraft:helper": {
            "remove": {
            	"component_groups":[
                "minecraft:burn_in_day"
            		]
            },
            "add": {
              "component_groups": [
"minecraft:helper",
"helper:new_interactions"
              ]
            }
        },
"minecraft:stone_hp_upgrade":{
        "add": {
          "component_groups": [
            "health_upgrade:stone"
          ]
        },
        "remove":{
        }
},
"minecraft:iron_hp_upgrade":{
        "add": {
          "component_groups": [
            "health_upgrade:iron"
          ]
        },
        "remove":{
        	"component_groups":[
        	"health_upgrade:stone"	
        		]
        }
},
"minecraft:diamond_hp_upgrade":{
        "add": {
          "component_groups": [
            "health_upgrade:diamond"
          ]
        },
        "remove":{
        	"component_groups":[
        	"health_upgrade:iron"	
        		]
        }
},
"minecraft:stone_atk_upgrade":{
        "add": {
          "component_groups": [
            "attack_upgrade:stone"
          ]
        },
        "remove":{
        }
},
"minecraft:iron_atk_upgrade":{
        "add": {
          "component_groups": [
            "attack_upgrade:iron"
          ]
        },
        "remove":{
        	"component_groups":[
        	"attack_upgrade:stone"	
        		]
        }
},
"minecraft:diamond_atk_upgrade":{
        "add": {
          "component_groups": [
            "attack_upgrade:diamond"
          ]
        },
        "remove":{
        	"component_groups":[
        	"attack_upgrade:iron"	
        		]
        }
},
      "testcraft:regenerate": {
        "sequence": [
          {
            "filters": {
              "test": "has_component",
              "value": "minecraft:spell_effect"
            },
            "add": {
            },
            "remove": {
              "component_groups": [ "test:regenerate" ]
            }
          },
          {
            "filters": {
              "test": "has_component",
              "operator": "!=",
              "value": "minecraft:spell_effect"
            },
            "add": {
              "component_groups": [ "test:regenerate" ]
            },
            "remove": {
            }
          }
        ]
      },
      "minecraft:not_stay_at_village": {
            "remove": {
              "component_groups": [
"minecraft:village_defender"
              ]
            },
            "add": {
            }
        },
      "minecraft:stay_at_village": {
            "remove": {
            },
            "add": {
              "component_groups": [
"minecraft:village_defender"
              ]
            }
        },
      "minecraft:entity_spawned": {
        "add": {
          "component_groups": [
            "minecraft:ranged_attack",
                "minecraft:burn_in_day"
         
          ]
        }
      },
      "change_to_skeleton": {
        "sequence": [
          {
            "filters": {
              "test": "is_underground",
              "value": true
            },
            "remove": {},
            "add": {
              "component_groups": [
                "minecraft:revert_to_skeleton"
              ]
            }
          },
          {
            "randomize": [
              {
                "weight": 20,
                "remove": {},
                "add": {
                  "component_groups": [ "minecraft:revert_to_skeleton" ]
                }
              },
              {
                "weight": 80,
                "remove": {},
                "add": {}
              }
            ]
          }
        ]
      },
      "minecraft:melee_mode": {
        "remove": { "component_groups": [ "minecraft:ranged_attack" ] },
        "add": { "component_groups": [ "minecraft:melee_attack" ] }
      },
      "minecraft:ranged_mode": {
        "remove": { "component_groups": [ "minecraft:melee_attack" ] },
        "add": { "component_groups": [ "minecraft:ranged_attack" ] }
      }
    }
  }
}