{
  "format_version": "1.16.0",
  "minecraft:entity": {
    "description": {
      "identifier": "minecraft:wither_skeleton",
      "is_spawnable": true,
      "is_summonable": true,
      "is_experimental": false
    },
    "component_groups":{
"minecraft:village_defender":{
	        "minecraft:dweller": {
          "dwelling_type": "village",
          "dweller_role": "defender",
          "update_interval_base": 60,
          "update_interval_variant": 40,
          "can_find_poi": false,
          "can_migrate": true,
          "first_founding_reward": 0
        },
        "minecraft:behavior.move_to_village": {
          "priority": 5,
          "speed_multiplier": 1.0,
          "goal_radius": 2.0
        }
},
"helper:new_interactions":{
	      "minecraft:interact": {
        "interactions":[ 
        {
          "on_interact": {
            "filters": {
              "all_of": [
                { "test": "is_family", "subject": "other", "value": "player" },
                { "test": "has_equipment", "domain": "hand", "subject": "other", "value": "team:stone_health_upgrade" },
                { "test": "is_variant", "operator": "==", 
"subject":"self",
"value": 0 }
              ]
            },
          "event": "minecraft:stone_hp_upgrade",
          "target": "self"
          },
          "hurt_item": 1,
          "swing": true,
          "interact_text": "action.interact.upgrade"
        },
       {
          "on_interact": {
            "filters": {
              "all_of": [
                { "test": "is_family", "subject": "other", "value": "player" },
                { "test": "has_equipment", "domain": "hand", "subject": "other", "value": "team:iron_health_upgrade" },
                { "test": "is_variant", "operator": "==", 
"subject":"self",
"value": 1 }
              ]
            },
          "event": "minecraft:iron_hp_upgrade",
          "target": "self"
          },
          "hurt_item": 1,
          "swing": true,
          "interact_text": "action.interact.upgrade"
        },
       {
          "on_interact": {
            "filters": {
              "all_of": [
                { "test": "is_family", "subject": "other", "value": "player" },
                { "test": "has_equipment", "domain": "hand", "subject": "other", "value": "team:diamond_health_upgrade" },
                { "test": "is_variant", "operator": "==", 
"subject":"self",
"value": 2 }
              ]
            },
          "event": "minecraft:diamond_hp_upgrade",
          "target": "self"
          },
          "hurt_item": 1,
          "swing": true,
          "interact_text": "action.interact.upgrade"
        },
       {
          "on_interact": {
            "filters": {
              "all_of": [
                { "test": "is_family", "subject": "other", "value": "player" },
                { "test": "has_equipment", "domain": "hand", "subject": "other", "value": "team:stone_attack_upgrade" },
                { "test": "is_mark_variant", "operator": "==", 
"subject":"self",
"value": 0 }
              ]
            },
          "event": "minecraft:stone_atk_upgrade",
          "target": "self"
          },
          "hurt_item": 1,
          "swing": true,
          "interact_text": "action.interact.upgrade"
        },
       {
          "on_interact": {
            "filters": {
              "all_of": [
                { "test": "is_family", "subject": "other", "value": "player" },
                { "test": "has_equipment", "domain": "hand", "subject": "other", "value": "team:iron_attack_upgrade" },
                { "test": "is_mark_variant", "operator": "==", 
"subject":"self",
"value": 1 }
              ]
            },
          "event": "minecraft:iron_atk_upgrade",
          "target": "self"
          },
          "hurt_item": 1,
          "swing": true,
          "interact_text": "action.interact.upgrade"
        },
       {
          "on_interact": {
            "filters": {
              "all_of": [
                { "test": "is_family", "subject": "other", "value": "player" },
                { "test": "has_equipment", "domain": "hand", "subject": "other", "value": "team:diamond_attack_upgrade" },
                { "test": "is_mark_variant", "operator": "==", 
"subject":"self",
"value": 2 }
              ]
            },
          "event": "minecraft:diamond_atk_upgrade",
          "target": "self"
          },
          "hurt_item": 1,
          "swing": true,
          "interact_text": "action.interact.upgrade"
        },
       {
          "on_interact": {
            "filters": {
              "all_of": [
                { "test": "is_family", "subject": "other", "value": "player" },
                { "test": "has_equipment", "domain": "hand", "subject": "other", "value": "team:helper_wand" },
                { "test": "has_component",
"subject":"self",
"operator":"!=",
"value": "minecraft:dweller" },
                { "test": "is_sneaking",
"subject":"other",
"value": false }
              ]
            },
          "event": "minecraft:stay_at_village",
          "target": "self"
          },
          "swing": true,
          "interact_text": "action.interact.stay.at.village"
        },
       {
          "on_interact": {
            "filters": {
              "all_of": [
                { "test": "is_family", "subject": "other", "value": "player" },
                { "test": "has_equipment", "domain": "hand", "subject": "other", "value": "team:helper_wand" },
                { "test": "has_component",
"subject":"self",
"operator":"==",
"value": "minecraft:dweller" },
                { "test": "is_sneaking",
"subject":"other",
"value": true }
              ]
            },
          "event": "minecraft:not_stay_at_village",
          "target": "self"
          },
          "swing": true,
          "interact_text": "action.interact.not.stay.at.village"
        }
        ]
      }
},
"attack_upgrade:stone":{
"minecraft:mark_variant":{
	"value":1
},
      "minecraft:attack": {
        "damage": 6,
        "effect_name": "wither",
        "effect_duration": 10
      }
},
"attack_upgrade:iron":{
"minecraft:mark_variant":{
	"value":2
},
      "minecraft:attack": {
        "damage": 10,
        "effect_name": "wither",
        "effect_duration": 10
      }
},
"attack_upgrade:diamond":{
"minecraft:mark_variant":{
	"value":3
},
      "minecraft:attack": {
        "damage": 16,
        "effect_name": "wither",
        "effect_duration": 10
      }
},
"health_upgrade:stone":{
"minecraft:variant":{
	"value":1
},
      "minecraft:health": {
        "value": 25,
        "max": 25
      }
},
"health_upgrade:iron":{
"minecraft:variant":{
	"value":2
},
      "minecraft:health": {
        "value": 35,
        "max": 35
      }
},
"health_upgrade:diamond":{
"minecraft:variant":{
	"value":3
},
      "minecraft:health": {
        "value": 50,
        "max": 50
      },
              "minecraft:timer": {
          "looping": true,
          "time": 3,
          "time_down_event": {
            "event": "testcraft:regenerate"
          }
        }
},
"test:regenerate":{
	      	"minecraft:spell_effects": {
    "add_effects": [
        {
            "effect": "instant_damage",
            "duration": 0.05,
            "visible": true
        }
	]
	}
},
    	    "minecraft:helper":{
      "minecraft:type_family": {
        "family": [ "wither", "helper","skeleton","player", "mob" ]
      	
      },
      "minecraft:damage_sensor": {
        "triggers": [
        						{
						"on_damage": {
							"filters": {
								"test": "is_family",
								"subject": "other",
								"value": "helper"
							}
						},
						"deals_damage": false
        						}
        			]
      },
        "minecraft:behavior.hurt_by_target": {
          "priority": 2,
          "entity_types": {
            "filters": { 
                "all_of": [
                  { "test" :  "is_family", "subject" : "other", "operator": "!=", "value" :  "player"},
                  { "test" :  "is_family", "subject" : "other", "operator": "!=", "value" :  "helper"}
                  
                ] 
            }
          }
        },
      "minecraft:behavior.nearest_attackable_target": {
        "priority": 2,
        "must_see": false,
        "reselect_targets": true,
        "within_radius": 25.0,
        "entity_types": [
          {
            "filters": { 
                "all_of": [
                  { "test" :  "is_family", "subject" : "other", "value" :  "monster"},
                  { "test" :  "is_family", "subject" : "other", "operator": "!=", "value" :  "player"}
                ] 
            },
            "max_dist": 35
          }
        ]
      }
    }
    },

    "components": {
      "minecraft:experience_reward": {
        "on_death": "query.last_hit_by_player ? 5 + (query.equipment_count * Math.Random(1,3)) : 0"
      },
      "minecraft:interact": {
        "interactions":[ 
       {
          "on_interact": {
            "filters": {
              "all_of": [
                { "test": "is_family", "subject": "other", "value": "player" },
                { "test": "has_equipment", "domain": "hand", "subject": "other", "value": "team:helper_wand" },
                { "test": "is_family", "operator": "!=", 
"subject":"self",
"value": "helper" }
              ]
            },
          "event": "minecraft:helper",
          "target": "self"
          },
          "hurt_item": 5,
          "swing": true,
          "interact_text": "action.interact.helper"
        }
        ]
      },
      "minecraft:nameable": {
      },
      "minecraft:breathable": {
        "total_supply": 15,
        "suffocate_time": 0,
        "breathes_water": true
      },
      "minecraft:health": {
        "value": 20,
        "max": 20
      },
      "minecraft:equip_item": {
      },
      "minecraft:leashable": {
        "soft_distance": 4.0,
        "hard_distance": 6.0,
        "max_distance": 10.0
      },
      "minecraft:collision_box": {
        "width": 0.72,
        "height": 2.01
      },
      "minecraft:attack": {
        "damage": 4,
        "effect_name": "wither",
        "effect_duration": 10
      },
      "minecraft:loot": {
        "table": "loot_tables/entities/wither_skeleton.json"
      },
      "minecraft:equipment": {
        "table": "loot_tables/entities/wither_skeleton_gear.json"
      },
      "minecraft:movement": {
        "value": 0.25
      },
      "minecraft:navigation.walk": {
        "is_amphibious": true,
        "avoid_sun": true,
        "avoid_water": true
      },
      "minecraft:movement.basic": {
      },
      "minecraft:jump.static": {
      },
      "minecraft:can_climb": {
      },
      "minecraft:shareables": {
        "items": [
          {
            "item": "minecraft:netherite_sword",
            "want_amount": 1,
            "surplus_amount": 1,
            "priority": 0
          },
          {
            "item": "team:helper_wand",
            "want_amount": 1,
            "surplus_amount": 1,
            "priority": 1
          },
          {
            "item": "minecraft:diamond_sword",
            "want_amount": 1,
            "surplus_amount": 1,
            "priority": 1
          },
          {
            "item": "minecraft:iron_sword",
            "want_amount": 1,
            "surplus_amount": 1,
            "priority": 2
          },
          {
            "item": "minecraft:stone_sword",
            "want_amount": 1,
            "surplus_amount": 1,
            "priority": 3
          },
          {
            "item": "minecraft:golden_sword",
            "want_amount": 1,
            "surplus_amount": 1,
            "priority": 4
          },
          {
            "item": "minecraft:wooden_sword",
            "want_amount": 1,
            "surplus_amount": 1,
            "priority": 5
          },
          {
            "item": "minecraft:wooden_shovel",
            "want_amount": 1,
            "surplus_amount": 1,
            "priority": 6
          },
          {
            "item": "minecraft:stone_shovel",
            "want_amount": 1,
            "surplus_amount": 1,
            "priority": 6
          },
          {
            "item": "minecraft:golden_shovel",
            "want_amount": 1,
            "surplus_amount": 1,
            "priority": 6
          },
          {
            "item": "minecraft:iron_shovel",
            "want_amount": 1,
            "surplus_amount": 1,
            "priority": 6
          },
          {
            "item": "minecraft:diamond_shovel",
            "want_amount": 1,
            "surplus_amount": 1,
            "priority": 6
          },
          {
            "item": "minecraft:netherite_shovel",
            "want_amount": 1,
            "surplus_amount": 1,
            "priority": 6
          },
          {
            "item": "minecraft:wooden_pickaxe",
            "want_amount": 1,
            "surplus_amount": 1,
            "priority": 6
          },
          {
            "item": "minecraft:stone_pickaxe",
            "want_amount": 1,
            "surplus_amount": 1,
            "priority": 6
          },
          {
            "item": "minecraft:golden_pickaxe",
            "want_amount": 1,
            "surplus_amount": 1,
            "priority": 6
          },
          {
            "item": "minecraft:iron_pickaxe",
            "want_amount": 1,
            "surplus_amount": 1,
            "priority": 6
          },
          {
            "item": "minecraft:diamond_pickaxe",
            "want_amount": 1,
            "surplus_amount": 1,
            "priority": 6
          },
          {
            "item": "minecraft:netherite_pickaxe",
            "want_amount": 1,
            "surplus_amount": 1,
            "priority": 6
          },
          {
            "item": "minecraft:wooden_axe",
            "want_amount": 1,
            "surplus_amount": 1,
            "priority": 6
          },
          {
            "item": "minecraft:stone_axe",
            "want_amount": 1,
            "surplus_amount": 1,
            "priority": 6
          },
          {
            "item": "minecraft:golden_axe",
            "want_amount": 1,
            "surplus_amount": 1,
            "priority": 6
          },
          {
            "item": "minecraft:iron_axe",
            "want_amount": 1,
            "surplus_amount": 1,
            "priority": 6
          },
          {
            "item": "minecraft:diamond_axe",
            "want_amount": 1,
            "surplus_amount": 1,
            "priority": 6
          },
          {
            "item": "minecraft:netherite_axe",
            "want_amount": 1,
            "surplus_amount": 1,
            "priority": 6
          },
          {
            "item": "minecraft:wooden_hoe",
            "want_amount": 1,
            "surplus_amount": 1,
            "priority": 6
          },
          {
            "item": "minecraft:stone_hoe",
            "want_amount": 1,
            "surplus_amount": 1,
            "priority": 6
          },
          {
            "item": "minecraft:golden_hoe",
            "want_amount": 1,
            "surplus_amount": 1,
            "priority": 6
          },
          {
            "item": "minecraft:iron_hoe",
            "want_amount": 1,
            "surplus_amount": 1,
            "priority": 6
          },
          {
            "item": "minecraft:diamond_hoe",
            "want_amount": 1,
            "surplus_amount": 1,
            "priority": 6
          },
          {
            "item": "minecraft:netherite_hoe",
            "want_amount": 1,
            "surplus_amount": 1,
            "priority": 6
          },
          {
            "item": "minecraft:netherite_helmet",
            "want_amount": 1,
            "surplus_amount": 1,
            "priority": 0
          },
          {
            "item": "minecraft:diamond_helmet",
            "want_amount": 1,
            "surplus_amount": 1,
            "priority": 1
          },
          {
            "item": "minecraft:iron_helmet",
            "want_amount": 1,
            "surplus_amount": 1,
            "priority": 2
          },
          {
            "item": "minecraft:chainmail_helmet",
            "want_amount": 1,
            "surplus_amount": 1,
            "priority": 3
          },
          {
            "item": "minecraft:golden_helmet",
            "want_amount": 1,
            "surplus_amount": 1,
            "priority": 4
          },
          {
            "item": "minecraft:leather_helmet",
            "want_amount": 1,
            "surplus_amount": 1,
            "priority": 5
          },
          {
            "item": "minecraft:turtle_helmet",
            "want_amount": 1,
            "surplus_amount": 1,
            "priority": 6
          },
          {
            "item": "minecraft:skull:0",
            "want_amount": 1,
            "surplus_amount": 1,
            "priority": 7
          },
          {
            "item": "minecraft:skull:1",
            "want_amount": 1,
            "surplus_amount": 1,
            "priority": 7
          },
          {
            "item": "minecraft:carved_pumpkin",
            "want_amount": 1,
            "surplus_amount": 1,
            "priority": 7
          },
          {
            "item": "minecraft:netherite_chestplate",
            "want_amount": 1,
            "surplus_amount": 1,
            "priority": 0
          },
          {
            "item": "minecraft:diamond_chestplate",
            "want_amount": 1,
            "surplus_amount": 1,
            "priority": 1
          },
          {
            "item": "minecraft:iron_chestplate",
            "want_amount": 1,
            "surplus_amount": 1,
            "priority": 2
          },
          {
            "item": "minecraft:chainmail_chestplate",
            "want_amount": 1,
            "surplus_amount": 1,
            "priority": 3
          },
          {
            "item": "minecraft:golden_chestplate",
            "want_amount": 1,
            "surplus_amount": 1,
            "priority": 4
          },
          {
            "item": "minecraft:leather_chestplate",
            "want_amount": 1,
            "surplus_amount": 1,
            "priority": 5
          },
          {
            "item": "minecraft:netherite_leggings",
            "want_amount": 1,
            "surplus_amount": 1,
            "priority": 0
          },
          {
            "item": "minecraft:diamond_leggings",
            "want_amount": 1,
            "surplus_amount": 1,
            "priority": 1
          },
          {
            "item": "minecraft:iron_leggings",
            "want_amount": 1,
            "surplus_amount": 1,
            "priority": 2
          },
          {
            "item": "minecraft:chainmail_leggings",
            "want_amount": 1,
            "surplus_amount": 1,
            "priority": 3
          },
          {
            "item": "minecraft:golden_leggings",
            "want_amount": 1,
            "surplus_amount": 1,
            "priority": 4
          },
          {
            "item": "minecraft:leather_leggings",
            "want_amount": 1,
            "surplus_amount": 1,
            "priority": 5
          },
          {
            "item": "minecraft:netherite_boots",
            "want_amount": 1,
            "surplus_amount": 1,
            "priority": 0
          },
          {
            "item": "minecraft:diamond_boots",
            "want_amount": 1,
            "surplus_amount": 1,
            "priority": 1
          },
          {
            "item": "minecraft:iron_boots",
            "want_amount": 1,
            "surplus_amount": 1,
            "priority": 2
          },
          {
            "item": "minecraft:chainmail_boots",
            "want_amount": 1,
            "surplus_amount": 1,
            "priority": 3
          },
          {
            "item": "minecraft:golden_boots",
            "want_amount": 1,
            "surplus_amount": 1,
            "priority": 4
          },
          {
            "item": "minecraft:leather_boots",
            "want_amount": 1,
            "surplus_amount": 1,
            "priority": 5
          }
        ]
      },
      "minecraft:scale": {
        "value": 1.2
      },
      "minecraft:variant":{
      	"value":0
      },
      "minecraft:mark_variant":{
      	"value":0
      },
      "minecraft:fire_immune": {
      },
      "minecraft:despawn": {
        "despawn_from_distance": {}
      },
      "minecraft:behavior.hurt_by_target": {
        "priority": 1
      },
      "minecraft:behavior.nearest_attackable_target": {
        "priority": 2,
        "reselect_targets": true,
        "must_see": true,
        "entity_types": [
          {
            "filters": {
              "test": "is_family",
              "subject": "other",
              "value": "player"
            },
            "max_dist": 16
          },
          {
            "filters": {
              "test": "is_family",
              "subject": "other",
              "value": "irongolem"
            },
            "max_dist": 16
          },
          {
            "filters": {
              "all_of": [
                {
                  "test": "is_family",
                  "subject": "other",
                  "value": "baby_turtle"
                },
                {
                  "test": "in_water",
                  "subject": "other",
                  "operator": "!=",
                  "value": true
                }
              ]
            },
            "max_dist": 16
          }
        ]
      },
      "minecraft:behavior.equip_item": {
        "priority": 3
      },
      "minecraft:behavior.melee_attack": {
        "priority": 4,
        "track_target": true,
        "speed_multiplier": 1.25
      },
      "minecraft:behavior.pickup_items": {
        "priority": 5,
        "max_dist": 3,
        "goal_radius": 2,
        "speed_multiplier": 1.0,
        "pickup_based_on_chance": true
      },
      "minecraft:behavior.random_stroll": {
        "priority": 6,
        "speed_multiplier": 1
      },
      "minecraft:behavior.look_at_player": {
        "priority": 7,
        "look_distance": 8
      },
      "minecraft:behavior.random_look_around": {
        "priority": 8
      },
      "minecraft:type_family": {
        "family": [ "wither", "monster", "undead", "skeleton", "mob" ]
      },
      "minecraft:physics": {
      },
      "minecraft:pushable": {
        "is_pushable": true,
        "is_pushable_by_piston": true
      }
    },

    "events": {
      "minecraft:helper": {
            "remove": {
            },
            "add": {
              "component_groups": [
"minecraft:helper",
"helper:new_interactions"
              ]
            }
        },
"minecraft:stone_hp_upgrade":{
        "add": {
          "component_groups": [
            "health_upgrade:stone"
          ]
        },
        "remove":{
        }
},
"minecraft:iron_hp_upgrade":{
        "add": {
          "component_groups": [
            "health_upgrade:iron"
          ]
        },
        "remove":{
        	"component_groups":[
        	"health_upgrade:stone"	
        		]
        }
},
"minecraft:diamond_hp_upgrade":{
        "add": {
          "component_groups": [
            "health_upgrade:diamond"
          ]
        },
        "remove":{
        	"component_groups":[
        	"health_upgrade:iron"	
        		]
        }
},
"minecraft:stone_atk_upgrade":{
        "add": {
          "component_groups": [
            "attack_upgrade:stone"
          ]
        },
        "remove":{
        }
},
"minecraft:iron_atk_upgrade":{
        "add": {
          "component_groups": [
            "attack_upgrade:iron"
          ]
        },
        "remove":{
        	"component_groups":[
        	"attack_upgrade:stone"	
        		]
        }
},
"minecraft:diamond_atk_upgrade":{
        "add": {
          "component_groups": [
            "attack_upgrade:diamond"
          ]
        },
        "remove":{
        	"component_groups":[
        	"attack_upgrade:iron"	
        		]
        }
},
      "testcraft:regenerate": {
        "sequence": [
          {
            "filters": {
              "test": "has_component",
              "value": "minecraft:spell_effect"
            },
            "add": {
            },
            "remove": {
              "component_groups": [ "test:regenerate" ]
            }
          },
          {
            "filters": {
              "test": "has_component",
              "operator": "!=",
              "value": "minecraft:spell_effect"
            },
            "add": {
              "component_groups": [ "test:regenerate" ]
            },
            "remove": {
            }
          }
        ]
      },
      "minecraft:not_stay_at_village": {
            "remove": {
              "component_groups": [
"minecraft:village_defender"
              ]
            },
            "add": {
            }
        },
      "minecraft:stay_at_village": {
            "remove": {
            },
            "add": {
              "component_groups": [
"minecraft:village_defender"
              ]
            }
        },
      "minecraft:entity_spawned": {

      }
    }
  }
}