{
  "format_version": "1.17.20",
  "minecraft:entity": {
    "description": {
      "identifier": "minecraft:zombie",
      "is_spawnable": true,
      "is_summonable": true,
      "is_experimental": false
    },
    "component_groups": {
"minecraft:burn_in_day":{
	      "minecraft:burns_in_daylight": {
      },
	      "minecraft:behavior.nearest_attackable_target": {
        "priority": 2,
        "must_see": false,
        "reselect_targets": true,
        "within_radius": 25.0,
        "entity_types": [
          {
            "filters": {
                "all_of": [
                  { "test" :  "is_family", "subject" : "other", "value" :  "player"
                  }
                ] 
            },
            "max_dist": 35
          }
      ]
    }
},
"minecraft:village_defender":{
	        "minecraft:dweller": {
          "dwelling_type": "village",
          "dweller_role": "defender",
          "update_interval_base": 60,
          "update_interval_variant": 40,
          "can_find_poi": false,
          "can_migrate": true,
          "first_founding_reward": 0
        },
        "minecraft:behavior.move_to_village": {
          "priority": 5,
          "speed_multiplier": 1.0,
          "goal_radius": 2.0
        }
},
"helper:new_interactions":{
	      "minecraft:interact": {
        "interactions":[ 
       {
          "on_interact": {
            "filters": {
              "all_of": [
                { "test": "is_family", "subject": "other", "value": "player" },
                { "test": "has_equipment", "domain": "hand", "subject": "other", "value": "team:stone_health_upgrade" },
                { "test": "is_variant", "operator": "==", 
"subject":"self",
"value": 0 }
              ]
            },
          "event": "minecraft:stone_hp_upgrade",
          "target": "self"
          },
          "hurt_item": 1,
          "swing": true,
          "interact_text": "action.interact.upgrade"
        },
       {
          "on_interact": {
            "filters": {
              "all_of": [
                { "test": "is_family", "subject": "other", "value": "player" },
                { "test": "has_equipment", "domain": "hand", "subject": "other", "value": "team:iron_health_upgrade" },
                { "test": "is_variant", "operator": "==", 
"subject":"self",
"value": 1 }
              ]
            },
          "event": "minecraft:iron_hp_upgrade",
          "target": "self"
          },
          "hurt_item": 1,
          "swing": true,
          "interact_text": "action.interact.upgrade"
        },
       {
          "on_interact": {
            "filters": {
              "all_of": [
                { "test": "is_family", "subject": "other", "value": "player" },
                { "test": "has_equipment", "domain": "hand", "subject": "other", "value": "team:diamond_health_upgrade" },
                { "test": "is_variant", "operator": "==", 
"subject":"self",
"value": 2 }
              ]
            },
          "event": "minecraft:diamond_hp_upgrade",
          "target": "self"
          },
          "hurt_item": 1,
          "swing": true,
          "interact_text": "action.interact.upgrade"
        },
       {
          "on_interact": {
            "filters": {
              "all_of": [
                { "test": "is_family", "subject": "other", "value": "player" },
                { "test": "has_equipment", "domain": "hand", "subject": "other", "value": "team:stone_attack_upgrade" },
                { "test": "is_mark_variant", "operator": "==", 
"subject":"self",
"value": 0 }
              ]
            },
          "event": "minecraft:stone_atk_upgrade",
          "target": "self"
          },
          "hurt_item": 1,
          "swing": true,
          "interact_text": "action.interact.upgrade"
        },
       {
          "on_interact": {
            "filters": {
              "all_of": [
                { "test": "is_family", "subject": "other", "value": "player" },
                { "test": "has_equipment", "domain": "hand", "subject": "other", "value": "team:iron_attack_upgrade" },
                { "test": "is_mark_variant", "operator": "==", 
"subject":"self",
"value": 1 }
              ]
            },
          "event": "minecraft:iron_atk_upgrade",
          "target": "self"
          },
          "hurt_item": 1,
          "swing": true,
          "interact_text": "action.interact.upgrade"
        },
       {
          "on_interact": {
            "filters": {
              "all_of": [
                { "test": "is_family", "subject": "other", "value": "player" },
                { "test": "has_equipment", "domain": "hand", "subject": "other", "value": "team:diamond_attack_upgrade" },
                { "test": "is_mark_variant", "operator": "==", 
"subject":"self",
"value": 2 }
              ]
            },
          "event": "minecraft:diamond_atk_upgrade",
          "target": "self"
          },
          "hurt_item": 1,
          "swing": true,
          "interact_text": "action.interact.upgrade"
        },
       {
          "on_interact": {
            "filters": {
              "all_of": [
                { "test": "is_family", "subject": "other", "value": "player" },
                { "test": "has_equipment", "domain": "hand", "subject": "other", "value": "team:helper_wand" },
                { "test": "has_component",
"subject":"self",
"operator":"!=",
"value": "minecraft:dweller" },
                { "test": "is_sneaking",
"subject":"other",
"value": false }
              ]
            },
          "event": "minecraft:stay_at_village",
          "target": "self"
          },
          "swing": true,
          "interact_text": "action.interact.stay.at.village"
        },
       {
          "on_interact": {
            "filters": {
              "all_of": [
                { "test": "is_family", "subject": "other", "value": "player" },
                { "test": "has_equipment", "domain": "hand", "subject": "other", "value": "team:helper_wand" },
                { "test": "has_component",
"subject":"self",
"operator":"==",
"value": "minecraft:dweller" },
                { "test": "is_sneaking",
"subject":"other",
"value": true }
              ]
            },
          "event": "minecraft:not_stay_at_village",
          "target": "self"
          },
          "swing": true,
          "interact_text": "action.interact.not.stay.at.village"
        }
        ]
      }
},
"attack_upgrade:stone":{
"minecraft:mark_variant":{
	"value":1
},
      "minecraft:attack": {
        "damage":3.5
      }
},
"attack_upgrade:iron":{
"minecraft:mark_variant":{
	"value":2
},
      "minecraft:attack": {
        "damage":5
      }
},
"attack_upgrade:diamond":{
"minecraft:mark_variant":{
	"value":3
},
      "minecraft:attack": {
        "damage":10
      }
},
"health_upgrade:stone":{
"minecraft:variant":{
	"value":1
},
      "minecraft:health": {
        "value": 25,
        "max": 25
      }
},
"health_upgrade:iron":{
"minecraft:variant":{
	"value":2
},
      "minecraft:health": {
        "value": 35,
        "max": 35
      }
},
"health_upgrade:diamond":{
"minecraft:variant":{
	"value":3
},
      "minecraft:health": {
        "value": 50,
        "max": 50
      },
              "minecraft:timer": {
          "looping": true,
          "time": 3,
          "time_down_event": {
            "event": "testcraft:regenerate"
          }
        }
},
"test:regenerate":{
	      	"minecraft:spell_effects": {
    "add_effects": [
        {
            "effect": "instant_damage",
            "duration": 0.05,
            "visible": true
        }
	]
	}
},
    "minecraft:helper":{
      "minecraft:type_family": {
        "family": [ "helper","player", "mob" ]
      	
      },
      "minecraft:damage_sensor": {
        "triggers": [
        						{
						"on_damage": {
							"filters": {
								"test": "is_family",
								"subject": "other",
								"value": "helper"
							}
						},
						"deals_damage": false
        						}
        			]
      },
        "minecraft:behavior.hurt_by_target": {
          "priority": 3,
          "entity_types": {
            "filters": { 
                "all_of": [
                  { "test" :  "is_family", "subject" : "other", "operator": "!=", "value" :  "player"},
                  { "test" :  "is_family", "subject" : "other", "operator": "!=", "value" :  "helper"}
                  
                ] 
            }
          }
        },
	      "minecraft:behavior.nearest_attackable_target": {
        "priority": 2,
        "must_see": false,
        "reselect_targets": true,
        "within_radius": 25.0,
        "entity_types": [
          {
            "filters": {
                "all_of": [
                  { "test" :  "is_family", "subject" : "other", "value" :  "monster"
                  },
                  { "test" :  "is_family","operator":"!=", "subject" : "other", "value" :  "zombie_pigman"
                  }
                ] 
            },
            "max_dist": 35
          }
      ]
    }
},
      "minecraft:look_to_start_drowned_transformation": {
        "minecraft:environment_sensor": {
          "triggers": {
            "filters": {
              "test": "is_underwater", "subject": "self", "operator": "==", "value": true
            },
            "event": "minecraft:start_transforming"
          }
        }
      },
      "minecraft:start_drowned_transformation": {
        "minecraft:environment_sensor": {
          "triggers": {
            "filters": {
              "test": "is_underwater", "subject": "self", "operator": "==", "value": false
            },
            "event": "minecraft:stop_transforming"
          }
        },
        "minecraft:timer": {
          "looping": false,
          "time": 30,
          "time_down_event": {
            "event": "minecraft:convert_to_drowned"
          }
        }
      },
      "helper:convert_to_drowned": {
        "minecraft:transformation": {
          "into": "minecraft:drowned<helper:as_adult>",
          "transformation_sound": "convert_to_drowned",
          "drop_equipment": true,
          "delay": {
            "value": 0.15
          }
        },
        "minecraft:is_shaking": {
        }
      },
      "helper:convert_to_baby_drowned": {
        "minecraft:transformation": {
          "into": "minecraft:drowned<helper:as_baby>",
          "transformation_sound": "convert_to_drowned",
          "drop_equipment": true,
          "delay": {
            "value": 0.15
          }
        },
        "minecraft:is_shaking": {
        }
      },
      "minecraft:convert_to_drowned": {
        "minecraft:transformation": {
          "into": "minecraft:drowned<minecraft:as_adult>",
          "transformation_sound": "convert_to_drowned",
          "drop_equipment": true,
          "delay": {
            "value": 0.15
          }
        },
        "minecraft:is_shaking": {
        }
      },

      "minecraft:convert_to_baby_drowned": {
        "minecraft:transformation": {
          "into": "minecraft:drowned<minecraft:as_baby>",
          "transformation_sound": "convert_to_drowned",
          "drop_equipment": true,
          "delay": {
            "value": 15
          }
        },
        "minecraft:is_shaking": {
        }
      },

      "minecraft:zombie_baby": {
        "minecraft:experience_reward": {
          "on_death": "query.last_hit_by_player ? 12 + (query.equipment_count * Math.Random(1,3)) : 0"
        },
        "minecraft:is_baby": {},
        "minecraft:scale": {
          "value": 0.5
        },
        "minecraft:movement": {
          "value": 0.35
        }
      },

      "minecraft:zombie_adult": {
        "minecraft:experience_reward": {
          "on_death": "query.last_hit_by_player ? 5 + (query.equipment_count * Math.Random(1,3)) : 0"
        },
        "minecraft:movement": {
          "value": 0.23
        },
        "minecraft:rideable": {
          "seat_count": 1,
          "family_types": [
            "zombie"
          ],
          "seats": {
            "position": [ 0.0, 1.1, -0.35 ],
            "lock_rider_rotation": 0
          }
        },
        "minecraft:behavior.mount_pathing": {
          "priority": 2,
          "speed_multiplier": 1.25,
          "target_dist": 0.0,
          "track_target": true
        }
      },

      "minecraft:zombie_jockey": {
        "minecraft:behavior.find_mount": {
          "priority": 1,
          "within_radius": 16,
          "start_delay": 15,
          "max_failed_attempts": 20
        }
      },
      "minecraft:can_have_equipment": {
        "minecraft:equipment": {
          "table": "loot_tables/entities/zombie_equipment.json"
        }
      } 
    },

    "components": {
      "minecraft:is_hidden_when_invisible": {
      },
      "minecraft:interact": {
        "interactions":[ 
       {
          "on_interact": {
            "filters": {
              "all_of": [
                { "test": "is_family", "subject": "other", "value": "player" },
                { "test": "has_equipment", "domain": "hand", "subject": "other", "value": "team:helper_wand" },
                { "test": "is_family", "operator": "!=", 
"subject":"self",
"value": "helper" }
              ]
            },
          "event": "minecraft:helper",
          "target": "self"
          },
          "hurt_item": 1,
          "swing": true,
          "interact_text": "action.interact.helper"
        }
        ]
      },
      "minecraft:nameable": {
      },
      "minecraft:leashable": {
        "soft_distance": 4.0,
        "hard_distance": 6.0,
        "max_distance": 10.0
      },
      "minecraft:type_family": {
        "family": [ "zombie", "undead", "monster", "mob" ]
      },
      "minecraft:equip_item": {
      },
      "minecraft:collision_box": {
        "width": 0.6,
        "height": 1.9
      },
      "minecraft:movement.basic": {
      },
      "minecraft:navigation.walk": {
        "is_amphibious": true,
        "can_pass_doors": true,
        "can_walk": true,
        "can_break_doors": true
      },
      "minecraft:annotation.break_door": {
      },
      "minecraft:jump.static": {
      },
      "minecraft:can_climb": {
      },
      "minecraft:variant":{
      	"value":0
      },
      "minecraft:mark_variant":{
      	"value":0
      },
      "minecraft:health": {
        "value": 20,
        "max": 20
      },
      "minecraft:hurt_on_condition": {
        "damage_conditions": [
          {
            "filters": { "test": "in_lava", "subject": "self", "operator": "==", "value": true },
            "cause": "lava",
            "damage_per_tick": 4
          }
        ]
      },
      "minecraft:breathable": {
        "total_supply": 15,
        "suffocate_time": 0,
        "breathes_air": true,
        "breathes_water": true
      },
      "minecraft:attack": {
        "damage": 3
      },
      "minecraft:loot": {
        "table": "loot_tables/entities/zombie.json"
      },
      "minecraft:shareables": {
        "items": [
          {
            "item": "minecraft:netherite_sword",
            "want_amount": 1,
            "surplus_amount": 1,
            "priority": 0
          },
          {
            "item": "team:helper_wand",
            "want_amount": 1,
            "surplus_amount": 1,
            "priority": 1
          },
          {
            "item": "minecraft:diamond_sword",
            "want_amount": 1,
            "surplus_amount": 1,
            "priority": 1
          },
          {
            "item": "minecraft:iron_sword",
            "want_amount": 1,
            "surplus_amount": 1,
            "priority": 2
          },
          {
            "item": "minecraft:stone_sword",
            "want_amount": 1,
            "surplus_amount": 1,
            "priority": 3
          },
          {
            "item": "minecraft:golden_sword",
            "want_amount": 1,
            "surplus_amount": 1,
            "priority": 4
          },
          {
            "item": "minecraft:wooden_sword",
            "want_amount": 1,
            "surplus_amount": 1,
            "priority": 5
          },
          {
            "item": "minecraft:netherite_helmet",
            "want_amount": 1,
            "surplus_amount": 1,
            "priority": 0
          },
          {
            "item": "minecraft:diamond_helmet",
            "want_amount": 1,
            "surplus_amount": 1,
            "priority": 1
          },
          {
            "item": "minecraft:iron_helmet",
            "want_amount": 1,
            "surplus_amount": 1,
            "priority": 2
          },
          {
            "item": "minecraft:chainmail_helmet",
            "want_amount": 1,
            "surplus_amount": 1,
            "priority": 3
          },
          {
            "item": "minecraft:golden_helmet",
            "want_amount": 1,
            "surplus_amount": 1,
            "priority": 4
          },
          {
            "item": "minecraft:leather_helmet",
            "want_amount": 1,
            "surplus_amount": 1,
            "priority": 5
          },
          {
            "item": "minecraft:turtle_helmet",
            "want_amount": 1,
            "surplus_amount": 1,
            "priority":  6
          },
          {
            "item": "minecraft:skull:0",
            "want_amount": 1,
            "surplus_amount": 1,
            "priority": 7
          },
          {
            "item": "minecraft:skull:1",
            "want_amount": 1,
            "surplus_amount": 1,
            "priority": 7
          },
          {
            "item": "minecraft:carved_pumpkin",
            "want_amount": 1,
            "surplus_amount": 1,
            "priority": 7
          },
          {
            "item": "minecraft:netherite_chestplate",
            "want_amount": 1,
            "surplus_amount": 1,
            "priority": 0
          },
          {
            "item": "minecraft:diamond_chestplate",
            "want_amount": 1,
            "surplus_amount": 1,
            "priority": 1
          },
          {
            "item": "minecraft:iron_chestplate",
            "want_amount": 1,
            "surplus_amount": 1,
            "priority": 2
          },
          {
            "item": "minecraft:chainmail_chestplate",
            "want_amount": 1,
            "surplus_amount": 1,
            "priority": 3
          },
          {
            "item": "minecraft:golden_chestplate",
            "want_amount": 1,
            "surplus_amount": 1,
            "priority": 4
          },
          {
            "item": "minecraft:leather_chestplate",
            "want_amount": 1,
            "surplus_amount": 1,
            "priority": 5
          },
          {
            "item": "minecraft:netherite_leggings",
            "want_amount": 1,
            "surplus_amount": 1,
            "priority": 0
          },
          {
            "item": "minecraft:diamond_leggings",
            "want_amount": 1,
            "surplus_amount": 1,
            "priority": 1
          },
          {
            "item": "minecraft:iron_leggings",
            "want_amount": 1,
            "surplus_amount": 1,
            "priority": 2
          },
          {
            "item": "minecraft:chainmail_leggings",
            "want_amount": 1,
            "surplus_amount": 1,
            "priority": 3
          },
          {
            "item": "minecraft:golden_leggings",
            "want_amount": 1,
            "surplus_amount": 1,
            "priority": 4
          },
          {
            "item": "minecraft:leather_leggings",
            "want_amount": 1,
            "surplus_amount": 1,
            "priority": 5
          },
          {
            "item": "minecraft:netherite_boots",
            "want_amount": 1,
            "surplus_amount": 1,
            "priority": 0
          },
          {
            "item": "minecraft:diamond_boots",
            "want_amount": 1,
            "surplus_amount": 1,
            "priority": 1
          },
          {
            "item": "minecraft:iron_boots",
            "want_amount": 1,
            "surplus_amount": 1,
            "priority": 2
          },
          {
            "item": "minecraft:chainmail_boots",
            "want_amount": 1,
            "surplus_amount": 1,
            "priority": 3
          },
          {
            "item": "minecraft:golden_boots",
            "want_amount": 1,
            "surplus_amount": 1,
            "priority": 4
          },
          {
            "item": "minecraft:leather_boots",
            "want_amount": 1,
            "surplus_amount": 1,
            "priority": 5
          }
        ]
      },

      "minecraft:environment_sensor": {
        "triggers": {
          "filters": 
          		{
            "test": "is_underwater",
            "operator": "==",
            "value": true
          },
          "event": "minecraft:start_transforming"
        }
      },

    "minecraft:despawn": {
      "despawn_from_distance": {}
     },
      "minecraft:behavior.equip_item": {
        "priority": 2
      },
      "minecraft:behavior.melee_attack": {
        "priority": 3
      },
      "minecraft:behavior.stomp_turtle_egg": {
        "priority": 4,
        "speed_multiplier": 1,
        "search_range": 10,
        "search_height": 2,
        "goal_radius": 1.14,
        "interval": 20
      },
      "minecraft:behavior.pickup_items": {
        "priority": 6,
        "max_dist": 3,
        "goal_radius": 2,
        "speed_multiplier": 1.0,
        "pickup_based_on_chance": true,
        "can_pickup_any_item": true,
        "excluded_items": [
          "minecraft:glow_ink_sac"
        ]
      },
      "minecraft:behavior.random_stroll": {
        "priority": 7,
        "speed_multiplier": 1
      },
      "minecraft:behavior.look_at_player": {
        "priority": 8,
        "look_distance": 6,
        "probability": 0.02
      },
      "minecraft:behavior.random_look_around": {
        "priority": 9
      },
      "minecraft:behavior.hurt_by_target": {
        "priority": 1
      },
      "minecraft:physics": {
      },
      "minecraft:pushable": {
        "is_pushable": true,
        "is_pushable_by_piston": true
      },
      "minecraft:conditional_bandwidth_optimization": {
      }
    },

    "events": {
      "minecraft:entity_spawned": {
        "randomize": [
          {
            "weight": 380,
            "remove": {},
            "add": {
              "component_groups": [
                "minecraft:zombie_adult",
                "minecraft:can_have_equipment",
                "minecraft:burn_in_day"
              ]
            }
          },
          {
            "weight": 17,
            "remove": {
            },
            "add": {
              "component_groups": [
                "minecraft:zombie_baby",
                "minecraft:can_have_equipment",                        "minecraft:burn_in_day"
              ]

            }
          },
          {
            "weight": 3,
            "remove": {
            },
            "add": {
              "component_groups": [
                "minecraft:zombie_baby",
                "minecraft:zombie_jockey",
                "minecraft:can_have_equipment",                        "minecraft:burn_in_day"
              ]
            }
          }
        ]
      },
      "minecraft:as_adult": {
        "add": {
          "component_groups": [
            "minecraft:zombie_adult",                        "minecraft:burn_in_day"
          ]
        }
      },
      "helper:as_adult": {
        "add": {
          "component_groups":[
            "minecraft:zombie_adult",
            "minecraft:helper",
            "helper:new_interactions"
          ]
        },
        "remove":{
        	"component_groups":[
"minecraft:burn_in_day"
        		]
        }
      }, 
      "helper:as_baby": {
        "add": {
          "component_groups": [
            "minecraft:melee_mode",
            "minecraft:zombie_baby",
            "minecraft:helper"
          ]
        }
      },
      "minecraft:as_baby": {
        "add": {
          "component_groups": [
            "minecraft:zombie_baby",                        "minecraft:burn_in_day"
          ]
        }
      },
      "minecraft:start_transforming": {
        "add": {
          "component_groups": [
            "minecraft:start_drowned_transformation"
          ]
        },
        "remove": {
          "component_groups": [ "minecraft:look_to_start_drowned_transformation" ]
        }
      },
      "minecraft:helper": {
            "remove": {
            	"component_groups":[                "minecraft:burn_in_day"
            		]
            },
            "add": {
              "component_groups": [
"minecraft:helper",
"helper:new_interactions"
              ]
            }
        },
"minecraft:stone_hp_upgrade":{
        "add": {
          "component_groups": [
            "health_upgrade:stone"
          ]
        },
        "remove":{
        }
},
"minecraft:iron_hp_upgrade":{
        "add": {
          "component_groups": [
            "health_upgrade:iron"
          ]
        },
        "remove":{
        	"component_groups":[
        	"health_upgrade:stone"	
        		]
        }
},
"minecraft:diamond_hp_upgrade":{
        "add": {
          "component_groups": [
            "health_upgrade:diamond"
          ]
        },
        "remove":{
        	"component_groups":[
        	"health_upgrade:iron"	
        		]
        }
},
"minecraft:stone_atk_upgrade":{
        "add": {
          "component_groups": [
            "attack_upgrade:stone"
          ]
        },
        "remove":{
        }
},
"minecraft:iron_atk_upgrade":{
        "add": {
          "component_groups": [
            "attack_upgrade:iron"
          ]
        },
        "remove":{
        	"component_groups":[
        	"attack_upgrade:stone"	
        		]
        }
},
"minecraft:diamond_atk_upgrade":{
        "add": {
          "component_groups": [
            "attack_upgrade:diamond"
          ]
        },
        "remove":{
        	"component_groups":[
        	"attack_upgrade:iron"	
        		]
        }
},
      "minecraft:not_stay_at_village": {
            "remove": {
              "component_groups": [
"minecraft:village_defender"
              ]
            },
            "add": {
            }
        },
      "minecraft:stay_at_village": {
            "remove": {
            },
            "add": {
              "component_groups": [
"minecraft:village_defender"
              ]
            }
        },
      "testcraft:regenerate": {
        "sequence": [
          {
            "filters": {
              "test": "has_component",
              "value": "minecraft:spell_effect"
            },
            "add": {
            },
            "remove": {
              "component_groups": [ "test:regenerate" ]
            }
          },
          {
            "filters": {
              "test": "has_component",
              "operator": "!=",
              "value": "minecraft:spell_effect"
            },
            "add": {
              "component_groups": [ "test:regenerate" ]
            },
            "remove": {
            }
          }
        ]
      },
      "minecraft:stop_transforming": {
        "add": {
          "component_groups": [
            "minecraft:look_to_start_drowned_transformation"
          ]
        },
        "remove": {
          "component_groups": [
            "minecraft:start_drowned_transformation",
                        "helper:start_drowned_transformation"
          ]
        }
      },
      "minecraft:convert_to_drowned": {
        "sequence": [
          {
            "filters": {
              "test": "has_component",
              "operator": "!=",
              "value": "minecraft:is_baby"
            },
            "add": {
              "component_groups": [ "minecraft:convert_to_drowned" ]
            },
            "remove": {
              "component_groups": [ "minecraft:start_drowned_transformation" ]
            }
          },
          {
            "filters": {
              "test": "is_family",
              "operator": "==",
              "value": "helper"
            },
            "add": {
              "component_groups": [ "helper:convert_to_drowned" ]
            },
            "remove": {
              "component_groups": [ "minecraft:start_drowned_transformation" ]
            }
          },
          {
            "filters":[
            	{
              "test": "is_family",
              "operator": "==",
              "value": "helper"
            },
            {
            	"test":"has_component",
            	"operator":"==",
            	"value":"minecraft:is_baby"
}
],
            "add": {
              "component_groups": [ "helper:convert_to_baby_drowned" ]
            },
            "remove": {
              "component_groups": [ "minecraft:start_drowned_transformation" ]
            }
          },
          {
            "filters":[ {
              "test": "has_component",
              "value": "minecraft:is_baby"
            },
            {
            	"test":"is_family",
            	"operator":"not",
            	"value":"helper"
            }
            ],
            "add": {
              "component_groups": [ "minecraft:convert_to_baby_drowned" ]
            },
            "remove": {
              "component_groups": [ "minecraft:start_drowned_transformation" ]
            }
          }
        ]
      }
    }
  }
}