{
	"format_version": "1.8.0",
	"render_controllers": {
		"controller.render.pillager.remake": {
			"geometry": "geometry.armor",
			"materials": [
				{
					"*": "material.default"
				}
			],
			"textures": [
				"array.skins[query.skin_id]"
			],
			"arrays": {
				"textures": {
					"Array.skins": [
						"Texture.normal",
						"Texture.captain"
					]
				}
			}
		},
		"controller.render.pillager.elite": {
			"geometry": "geometry.default",
			"materials": [
				{
					"*": "material.default"
				}
			],
			"textures": [
				"array.skins[query.variant]"
			],
			"arrays": {
				"textures": {
					"Array.skins": [
						"Texture.default",
						"Texture.iron",
						"Texture.diamond"
					]
				}
			}
		}
	}
}