{
	"format_version": "1.8.0",
	"render_controllers": {
		"controller.render.vanilla.biome": {
			"arrays": {
				"textures": {
					"Array.biomes": [
						"Texture.plains",
						"Texture.desert",
						"Texture.jungle",
						"Texture.savanna",
						"Texture.snow",
						"Texture.swamp",
						"Texture.taiga"
					]
				}
			},
			"geometry": "geometry.default",
			"materials": [
				{
					"*": "material.default"
				}
			],
			"textures": [
				"array.biomes[query.mark_variant]"
			]
		},
		"controller.render.horse.biome": {
			"arrays": {
				"textures": {
					"Array.horsebiome": [
						"Texture.horse_black",
						"Texture.horse_brown",
						"Texture.horse_chestnut",
						"Texture.horse_creamy",
						"Texture.horse_white",
						"Texture.horse_gray",
						"Texture.horse_darkbrown"
					]
				}
			},
			"geometry": "geometry.horse",
			"materials": [
				{
					"*": "material.default"
				}
			],
			"textures": [
				"array.horsebiome[query.variant]"
			]
		},
		"controller.render.banner.biome": {
			"arrays": {
				"textures": {
					"Array.banners": [
						"Texture.royal_plains",
						"Texture.royal_desert",
						"Texture.royal_jungle",
						"Texture.royal_savanna",
						"Texture.royal_snow",
						"Texture.royal_swamp",
						"Texture.royal_taiga"
					]
				}
			},
			"geometry": "geometry.captain_banner",
			"materials": [
				{
					"*": "material.default"
				}
			],
			"textures": [
				"array.banners[query.mark_variant]"
			],
			"on_fire_color": {},
			"is_hurt_color": {}
		}
	}
}