{
	"format_version": "1.12.0",
	"minecraft:geometry": [
		{
			"description": {
				"identifier": "geometry.bamboo_turret_golem",
				"texture_width": 64,
				"texture_height": 64,
				"visible_bounds_width": 3,
				"visible_bounds_height": 3.5,
				"visible_bounds_offset": [
					0,
					1.25,
					0
				]
			},
			"bones": [
				{
					"name": "body",
					"pivot": [
						0,
						22,
						8.5
					],
					"cubes": [
						{
							"origin": [
								-5,
								0,
								-5
							],
							"size": [
								10,
								3,
								10
							],
							"uv": [
								0,
								0
							]
						},
						{
							"origin": [
								-2,
								3,
								-2
							],
							"size": [
								4,
								16,
								4
							],
							"uv": [
								31,
								28
							]
						},
						{
							"origin": [
								-1,
								19,
								-1
							],
							"size": [
								2,
								4,
								2
							],
							"uv": [
								0,
								0
							]
						}
					]
				},
				{
					"name": "head",
					"parent": "body",
					"pivot": [
						0,
						19,
						0
					],
					"cubes": [
						{
							"origin": [
								0,
								18,
								5
							],
							"size": [
								0,
								8,
								7
							],
							"pivot": [
								0,
								22,
								8.5
							],
							"rotation": [
								0,
								0,
								-45
							],
							"uv": [
								0,
								32
							]
						},
						{
							"origin": [
								0,
								18,
								5
							],
							"size": [
								0,
								8,
								7
							],
							"pivot": [
								0,
								22,
								8.5
							],
							"rotation": [
								0,
								0,
								45
							],
							"uv": [
								15,
								32
							]
						},
						{
							"origin": [
								-3,
								19,
								-6
							],
							"size": [
								6,
								6,
								11
							],
							"uv": [
								0,
								14
							]
						},
						{
							"origin": [
								-1,
								21,
								-14
							],
							"size": [
								2,
								2,
								8
							],
							"uv": [
								24,
								14
							]
						},
						{
							"origin": [
								-4,
								25,
								-4
							],
							"size": [
								8,
								1,
								8
							],
							"uv": [
								32,
								55
							]
						},
						{
							"origin": [
								-3,
								26.5,
								-3
							],
							"size": [
								6,
								2,
								6
							],
							"inflate": 0.5,
							"uv": [
								40,
								0
							]
						},
						{
							"origin": [
								3,
								23,
								-1
							],
							"size": [
								1,
								2,
								5
							],
							"uv": [
								0,
								57
							]
						},
						{
							"origin": [
								-4,
								23,
								-1
							],
							"size": [
								1,
								2,
								5
							],
							"uv": [
								0,
								57
							]
						}
					]
				}
			]
		}
	]
}