{
	"format_version": "1.12.0",
	"minecraft:geometry": [
		{
			"description": {
				"identifier": "geometry.icefall",
				"texture_width": 256,
				"texture_height": 256,
				"visible_bounds_width": 4,
				"visible_bounds_height": 3.5,
				"visible_bounds_offset": [
					0,
					1.25,
					0
				]
			},
			"bones": [
				{
					"name": "body",
					"pivot": [
						1.05,
						0,
						2.65
					],
					"cubes": [
						{
							"origin": [
								-8,
								0,
								-15
							],
							"size": [
								8,
								16,
								21
							],
							"uv": {
								"north": {
									"uv": [
										32,
										112
									],
									"uv_size": [
										8,
										16
									]
								},
								"east": {
									"uv": [
										0,
										32
									],
									"uv_size": [
										21,
										16
									]
								},
								"south": {
									"uv": [
										40,
										112
									],
									"uv_size": [
										8,
										16
									]
								},
								"west": {
									"uv": [
										38,
										0
									],
									"uv_size": [
										21,
										16
									]
								},
								"up": {
									"uv": [
										16,
										110
									],
									"uv_size": [
										8,
										21
									]
								},
								"down": {
									"uv": [
										24,
										131
									],
									"uv_size": [
										8,
										-21
									]
								}
							}
						},
						{
							"origin": [
								0,
								0,
								-16
							],
							"size": [
								16,
								16,
								22
							],
							"uv": {
								"north": {
									"uv": [
										37,
										48
									],
									"uv_size": [
										16,
										16
									]
								},
								"east": {
									"uv": [
										0,
										0
									],
									"uv_size": [
										22,
										16
									]
								},
								"south": {
									"uv": [
										53,
										48
									],
									"uv_size": [
										16,
										16
									]
								},
								"west": {
									"uv": [
										0,
										16
									],
									"uv_size": [
										22,
										16
									]
								},
								"up": {
									"uv": [
										22,
										0
									],
									"uv_size": [
										16,
										22
									]
								},
								"down": {
									"uv": [
										22,
										44
									],
									"uv_size": [
										16,
										-22
									]
								}
							}
						},
						{
							"origin": [
								16,
								0,
								-10
							],
							"size": [
								3,
								16,
								16
							],
							"uv": {
								"north": {
									"uv": [
										72,
										112
									],
									"uv_size": [
										3,
										16
									]
								},
								"east": {
									"uv": [
										56,
										16
									],
									"uv_size": [
										16,
										16
									]
								},
								"south": {
									"uv": [
										75,
										112
									],
									"uv_size": [
										3,
										16
									]
								},
								"west": {
									"uv": [
										56,
										32
									],
									"uv_size": [
										16,
										16
									]
								},
								"up": {
									"uv": [
										78,
										112
									],
									"uv_size": [
										3,
										16
									]
								},
								"down": {
									"uv": [
										112,
										96
									],
									"uv_size": [
										3,
										-16
									]
								}
							}
						},
						{
							"origin": [
								8,
								0,
								6
							],
							"size": [
								16,
								16,
								16
							],
							"uv": {
								"north": {
									"uv": [
										59,
										0
									],
									"uv_size": [
										16,
										16
									]
								},
								"east": {
									"uv": [
										16,
										62
									],
									"uv_size": [
										16,
										16
									]
								},
								"south": {
									"uv": [
										32,
										64
									],
									"uv_size": [
										16,
										16
									]
								},
								"west": {
									"uv": [
										48,
										64
									],
									"uv_size": [
										16,
										16
									]
								},
								"up": {
									"uv": [
										64,
										64
									],
									"uv_size": [
										16,
										16
									]
								},
								"down": {
									"uv": [
										0,
										82
									],
									"uv_size": [
										16,
										-16
									]
								}
							}
						},
						{
							"origin": [
								-8,
								0,
								6
							],
							"size": [
								16,
								16,
								18
							],
							"uv": {
								"north": {
									"uv": [
										69,
										48
									],
									"uv_size": [
										16,
										16
									]
								},
								"east": {
									"uv": [
										38,
										16
									],
									"uv_size": [
										18,
										16
									]
								},
								"south": {
									"uv": [
										72,
										16
									],
									"uv_size": [
										16,
										16
									]
								},
								"west": {
									"uv": [
										38,
										32
									],
									"uv_size": [
										18,
										16
									]
								},
								"up": {
									"uv": [
										21,
										44
									],
									"uv_size": [
										16,
										18
									]
								},
								"down": {
									"uv": [
										0,
										66
									],
									"uv_size": [
										16,
										-18
									]
								}
							}
						},
						{
							"origin": [
								-2,
								9,
								-1
							],
							"size": [
								16,
								16,
								16
							],
							"uv": {
								"north": {
									"uv": [
										72,
										32
									],
									"uv_size": [
										16,
										16
									]
								},
								"east": {
									"uv": [
										75,
										0
									],
									"uv_size": [
										16,
										16
									]
								},
								"south": {
									"uv": [
										16,
										78
									],
									"uv_size": [
										16,
										16
									]
								},
								"west": {
									"uv": [
										32,
										80
									],
									"uv_size": [
										16,
										16
									]
								},
								"up": {
									"uv": [
										48,
										80
									],
									"uv_size": [
										16,
										16
									]
								},
								"down": {
									"uv": [
										64,
										96
									],
									"uv_size": [
										16,
										-16
									]
								}
							}
						},
						{
							"origin": [
								-14,
								9,
								-7
							],
							"size": [
								12,
								16,
								16
							],
							"uv": {
								"north": {
									"uv": [
										101,
										48
									],
									"uv_size": [
										12,
										16
									]
								},
								"east": {
									"uv": [
										32,
										96
									],
									"uv_size": [
										16,
										16
									]
								},
								"south": {
									"uv": [
										104,
										16
									],
									"uv_size": [
										12,
										16
									]
								},
								"west": {
									"uv": [
										48,
										96
									],
									"uv_size": [
										16,
										16
									]
								},
								"up": {
									"uv": [
										104,
										32
									],
									"uv_size": [
										12,
										16
									]
								},
								"down": {
									"uv": [
										107,
										16
									],
									"uv_size": [
										12,
										-16
									]
								}
							}
						},
						{
							"origin": [
								-5,
								10,
								-11
							],
							"size": [
								16,
								16,
								16
							],
							"uv": {
								"north": {
									"uv": [
										64,
										96
									],
									"uv_size": [
										16,
										16
									]
								},
								"east": {
									"uv": [
										96,
										64
									],
									"uv_size": [
										16,
										16
									]
								},
								"south": {
									"uv": [
										80,
										96
									],
									"uv_size": [
										16,
										16
									]
								},
								"west": {
									"uv": [
										96,
										80
									],
									"uv_size": [
										16,
										16
									]
								},
								"up": {
									"uv": [
										96,
										96
									],
									"uv_size": [
										16,
										16
									]
								},
								"down": {
									"uv": [
										0,
										114
									],
									"uv_size": [
										16,
										-16
									]
								}
							}
						},
						{
							"origin": [
								-24,
								0,
								2
							],
							"size": [
								16,
								16,
								16
							],
							"uv": {
								"north": {
									"uv": [
										80,
										64
									],
									"uv_size": [
										16,
										16
									]
								},
								"east": {
									"uv": [
										80,
										80
									],
									"uv_size": [
										16,
										16
									]
								},
								"south": {
									"uv": [
										0,
										82
									],
									"uv_size": [
										16,
										16
									]
								},
								"west": {
									"uv": [
										85,
										48
									],
									"uv_size": [
										16,
										16
									]
								},
								"up": {
									"uv": [
										88,
										16
									],
									"uv_size": [
										16,
										16
									]
								},
								"down": {
									"uv": [
										88,
										48
									],
									"uv_size": [
										16,
										-16
									]
								}
							}
						},
						{
							"origin": [
								-16,
								0,
								-14
							],
							"size": [
								8,
								16,
								16
							],
							"uv": {
								"north": {
									"uv": [
										48,
										112
									],
									"uv_size": [
										8,
										16
									]
								},
								"east": {
									"uv": [
										91,
										0
									],
									"uv_size": [
										16,
										16
									]
								},
								"south": {
									"uv": [
										56,
										112
									],
									"uv_size": [
										8,
										16
									]
								},
								"west": {
									"uv": [
										16,
										94
									],
									"uv_size": [
										16,
										16
									]
								},
								"up": {
									"uv": [
										64,
										112
									],
									"uv_size": [
										8,
										16
									]
								},
								"down": {
									"uv": [
										112,
										80
									],
									"uv_size": [
										8,
										-16
									]
								}
							}
						}
					]
				}
			]
		}
	]
}