{
	"format_version": "1.12.0",
	"minecraft:geometry": [
		{
			"description": {
				"identifier": "geometry.pillager_armor",
				"texture_width": 64,
				"texture_height": 64,
				"visible_bounds_width": 3,
				"visible_bounds_height": 4.5,
				"visible_bounds_offset": [
					0,
					1.75,
					0
				]
			},
			"bones": [
				{
					"name": "waist",
					"pivot": [
						0,
						12,
						0
					]
				},
				{
					"name": "body",
					"parent": "waist",
					"pivot": [
						0,
						0,
						0
					]
				},
				{
					"name": "armor4",
					"parent": "body",
					"pivot": [
						0,
						0,
						0
					],
					"cubes": [
						{
							"origin": [
								-4,
								15,
								-3
							],
							"size": [
								8,
								9,
								6
							],
							"inflate": 0.75,
							"uv": [
								0,
								13
							]
						}
					]
				},
				{
					"name": "head",
					"parent": "body",
					"pivot": [
						0,
						24,
						0
					],
					"locators": {
						"lead": [
							0,
							0,
							0
						]
					}
				},
				{
					"name": "nose",
					"parent": "head",
					"pivot": [
						0,
						26,
						0
					]
				},
				{
					"name": "armor3",
					"parent": "head",
					"pivot": [
						0,
						24,
						0
					],
					"cubes": [
						{
							"origin": [
								-4,
								30,
								-4
							],
							"size": [
								8,
								5,
								8
							],
							"inflate": 0.5,
							"uv": [
								0,
								0
							]
						},
						{
							"origin": [
								4.5,
								26.7,
								-3.5
							],
							"size": [
								0,
								4,
								8
							],
							"pivot": [
								4.5,
								30.7,
								0
							],
							"rotation": [
								0,
								0,
								-20
							],
							"uv": [
								25,
								5
							]
						},
						{
							"origin": [
								-4.5,
								26.7,
								-3.5
							],
							"size": [
								0,
								4,
								8
							],
							"pivot": [
								-4.5,
								30.7,
								0
							],
							"rotation": [
								0,
								0,
								20
							],
							"uv": [
								21,
								21
							]
						},
						{
							"origin": [
								-4.5,
								26.7,
								4.5
							],
							"size": [
								9,
								4,
								0
							],
							"pivot": [
								0,
								30.7,
								4.5
							],
							"rotation": [
								20,
								0,
								0
							],
							"uv": [
								34,
								0
							]
						}
					]
				},
				{
					"name": "leftLeg",
					"parent": "body",
					"pivot": [
						2,
						12,
						0
					]
				},
				{
					"name": "rightLeg",
					"parent": "body",
					"pivot": [
						-2,
						12,
						0
					],
					"mirror": true
				},
				{
					"name": "rightarm",
					"parent": "body",
					"pivot": [
						-5,
						22,
						0
					]
				},
				{
					"name": "arm1",
					"parent": "rightarm",
					"pivot": [
						-5,
						22,
						0
					],
					"cubes": [
						{
							"origin": [
								-8,
								22,
								-2
							],
							"size": [
								4,
								2,
								4
							],
							"inflate": 0.5,
							"pivot": [
								-6,
								23,
								0
							],
							"rotation": [
								0,
								180,
								0
							],
							"uv": [
								0,
								29
							]
						}
					]
				},
				{
					"name": "rightItem",
					"parent": "rightarm",
					"pivot": [
						-6,
						15,
						1
					]
				},
				{
					"name": "leftarm",
					"parent": "body",
					"pivot": [
						5,
						22,
						0
					],
					"mirror": true
				},
				{
					"name": "arm2",
					"parent": "leftarm",
					"pivot": [
						5,
						22,
						0
					],
					"cubes": [
						{
							"origin": [
								4,
								22,
								-2
							],
							"size": [
								4,
								2,
								4
							],
							"inflate": 0.5,
							"uv": [
								30,
								18
							]
						}
					]
				},
				{
					"name": "leftItem",
					"parent": "leftarm",
					"pivot": [
						6,
						15,
						1
					]
				}
			]
		}
	]
}