{
	"format_version": "1.12.0",
	"minecraft:geometry": [
		{
			"description": {
				"identifier": "geometry.stonestride",
				"texture_width": 128,
				"texture_height": 128,
				"visible_bounds_width": 4,
				"visible_bounds_height": 3.5,
				"visible_bounds_offset": [
					0,
					1.25,
					0
				]
			},
			"bones": [
				{
					"name": "stonestride",
					"pivot": [
						0,
						0,
						0
					]
				},
				{
					"name": "leg6",
					"parent": "stonestride",
					"pivot": [
						-4,
						8,
						12
					],
					"cubes": [
						{
							"origin": [
								-7,
								0,
								9
							],
							"size": [
								6,
								8,
								6
							],
							"uv": [
								92,
								91
							]
						}
					]
				},
				{
					"name": "leg5",
					"parent": "stonestride",
					"pivot": [
						-4,
						8,
						0
					],
					"cubes": [
						{
							"origin": [
								-7,
								0,
								-3
							],
							"size": [
								6,
								8,
								6
							],
							"uv": [
								92,
								76
							]
						}
					]
				},
				{
					"name": "leg4",
					"parent": "stonestride",
					"pivot": [
						-4,
						8,
						-12
					],
					"cubes": [
						{
							"origin": [
								-7,
								0,
								-15
							],
							"size": [
								6,
								8,
								6
							],
							"uv": [
								0,
								12
							]
						}
					]
				},
				{
					"name": "leg3",
					"parent": "stonestride",
					"pivot": [
						4,
						8,
						12
					],
					"cubes": [
						{
							"origin": [
								1,
								0,
								9
							],
							"size": [
								6,
								8,
								6
							],
							"uv": [
								97,
								23
							]
						}
					]
				},
				{
					"name": "leg2",
					"parent": "stonestride",
					"pivot": [
						4,
						8,
						0
					],
					"cubes": [
						{
							"origin": [
								1,
								0,
								-3
							],
							"size": [
								6,
								8,
								6
							],
							"uv": [
								98,
								57
							]
						}
					]
				},
				{
					"name": "leg",
					"parent": "stonestride",
					"pivot": [
						4,
						8,
						-12
					],
					"cubes": [
						{
							"origin": [
								1,
								0,
								-15
							],
							"size": [
								6,
								8,
								6
							],
							"uv": [
								45,
								103
							]
						}
					]
				},
				{
					"name": "body",
					"parent": "stonestride",
					"pivot": [
						5.5,
						10,
						-31
					],
					"cubes": [
						{
							"origin": [
								-8,
								7,
								-16
							],
							"size": [
								16,
								5,
								32
							],
							"uv": [
								0,
								0
							]
						},
						{
							"origin": [
								-9,
								12,
								-16
							],
							"size": [
								18,
								13,
								5
							],
							"uv": [
								76,
								38
							]
						},
						{
							"origin": [
								-6,
								12,
								-11
							],
							"size": [
								12,
								7,
								22
							],
							"uv": [
								0,
								38
							]
						},
						{
							"origin": [
								6,
								12,
								-11
							],
							"size": [
								3,
								13,
								22
							],
							"uv": [
								0,
								68
							]
						},
						{
							"origin": [
								-9,
								12,
								-11
							],
							"size": [
								3,
								13,
								22
							],
							"uv": [
								47,
								46
							]
						},
						{
							"origin": [
								-9,
								12,
								11
							],
							"size": [
								18,
								13,
								6
							],
							"uv": [
								65,
								0
							]
						}
					]
				},
				{
					"name": "head",
					"parent": "body",
					"pivot": [
						0,
						13,
						-16
					],
					"cubes": [
						{
							"origin": [
								-5,
								8,
								-26
							],
							"size": [
								10,
								10,
								10
							],
							"uv": [
								51,
								82
							]
						},
						{
							"origin": [
								-4.5,
								10,
								-31
							],
							"size": [
								9,
								6,
								5
							],
							"uv": [
								0,
								0
							]
						},
						{
							"origin": [
								-7,
								16,
								-21
							],
							"size": [
								2,
								6,
								2
							],
							"pivot": [
								-5,
								17,
								-20
							],
							"rotation": [
								45,
								0,
								0
							],
							"uv": [
								0,
								38
							]
						},
						{
							"origin": [
								5,
								16,
								-21
							],
							"size": [
								2,
								6,
								2
							],
							"pivot": [
								5,
								17,
								-20
							],
							"rotation": [
								45,
								0,
								0
							],
							"uv": [
								9,
								38
							]
						},
						{
							"origin": [
								-1,
								14,
								-31
							],
							"size": [
								2,
								6,
								2
							],
							"pivot": [
								-1,
								15,
								-30
							],
							"rotation": [
								45,
								0,
								0
							],
							"uv": [
								9,
								38
							]
						}
					]
				},
				{
					"name": "ham",
					"parent": "head",
					"pivot": [
						0,
						10,
						-26.0004
					],
					"cubes": [
						{
							"origin": [
								-5.5,
								8,
								-32
							],
							"size": [
								11,
								2,
								6
							],
							"uv": [
								65,
								20
							]
						},
						{
							"origin": [
								4.5,
								10,
								-32
							],
							"size": [
								1,
								4,
								1
							],
							"pivot": [
								5.5,
								10,
								-31
							],
							"rotation": [
								15,
								0,
								0
							],
							"uv": [
								0,
								12
							]
						},
						{
							"origin": [
								-5.5,
								10,
								-32
							],
							"size": [
								1,
								4,
								1
							],
							"pivot": [
								-4.5,
								10,
								-31
							],
							"rotation": [
								15,
								0,
								0
							],
							"uv": [
								19,
								12
							]
						}
					]
				}
			]
		}
	]
}