{"format_version":"1.10.0","minecraft:client_entity":{"description":{"identifier":"yg:police_toilet","materials":{"default":"enderman"},"textures":{"default":"textures/entity/yg_police_toilet"},"geometry":{"default":"geometry.yg_police_toilet"},"scripts":{"animate":["move","general","look_at_target"],"pre_animation":["variable.random = math.round(math.random(0,2));"],"scale":"1"},"animations":{"moving":"animation.yg_police_toilet.move","move":"controller.animation.yg_police_toilet.move","gazo_general":"animation.yg_police_toilet.general","general":"controller.animation.yg_police_toilet.general","attack0":"animation.yg_police_toilet.attack","attack":"controller.animation.yg_police_toilet.attack","look_at_target":"animation.yg_police_toilet.looking"},"render_controllers":["controller.render.witch"],"spawn_egg":{"texture":"yg:police_toilet","texture_index":0}}}}