{"format_version":"1.10.0","minecraft:client_entity":{"description":{"identifier":"yg:professor_toilet","materials":{"default":"enderman"},"textures":{"default":"textures/entity/yg_professor_toilet"},"geometry":{"default":"geometry.yg_professor_toilet"},"scripts":{"animate":["move","general","look_at_target"],"pre_animation":["variable.random = math.round(math.random(0,2));"],"scale":"3"},"animations":{"moving":"animation.yg_professor_toilet.move","move":"controller.animation.yg_professor_toilet.move","gazo_general":"animation.yg_professor_toilet.general","general":"controller.animation.yg_professor_toilet.general","attack0":"animation.yg_professor_toilet.attack","attack":"controller.animation.yg_professor_toilet.attack","look_at_target":"animation.yg_professor_toilet.looking"},"render_controllers":["controller.render.witch"],"spawn_egg":{"texture":"yg:professor_toilet","texture_index":0}}}}