{"format_version":"1.10.0","minecraft:client_entity":{"description":{"identifier":"yg:speed_toilet","materials":{"default":"enderman"},"textures":{"default":"textures/entity/yg_speed_toilet"},"geometry":{"default":"geometry.yg_speed_toilet"},"scripts":{"animate":["general"],"scale":"1"},"animations":{"general":"animation.yg_speed_toilet.general"},"render_controllers":["controller.render.witch"],"spawn_egg":{"texture":"yg:speed_toilet","texture_index":0},"particle_effects":{"speed":"yg:speed"}}}}