{
  "format_version": "1.16.100",
  "minecraft:item": {
    "description": {
      "identifier": "taiyo:id28_mangekyou_aleatorio",
      "category": "items"
    },
    "components": {
      "minecraft:hand_equipped": false,
      "minecraft:max_stack_size": 1,
      "minecraft:foil": false,
      "minecraft:icon": {
        "texture": "taiyo:id28_mangekyou_aleatorio"
      },
      "minecraft:display_name": {
        "value": "§6Mangekyou Aleatorio"
      },
      "minecraft:cooldown": {
        "category": "id28_mangekyou_aleatorio",
        "duration": 1
      },
      "minecraft:on_use": {
        "on_use": {
          "event": "on_use_event"
        }
      }
    },
    "events": {
      "on_use_event": {
        "swing": {},
        "randomize": [
          {
            "run_command": {
              "command": [
                "function mangekyou_v1"
              ]
            },
            "weight": 1
          }
        ]
      },
      "hurt": {
        "damage": {
          "type": "magic",
          "amount": 1,
          "target": "self"
        }
      }
    }
  }
}