{"format_version":"1.16.100","minecraft:item":{"description":{"category":"equipment","identifier":"taiyo:id35_espada_de_chakra"},"components":{"minecraft:icon":{"texture":"taiyo_id35_espada_de_chakra"},"minecraft:creative_category":{"parent":"itemGroup.name.sword"},"minecraft:max_stack_size":1,"minecraft:hand_equipped":true,"minecraft:allow_off_hand":true,"minecraft:foil":false,"minecraft:durability":{"max_durability":2500,"damage_chance":{"min":60,"max":100}},"minecraft:repairable":{"repair_items":[{"items":["taiyo:id35_espada_de_chakra"],"repair_amount":"context.other->query.remaining_durability + 0.2 * context.other->query.max_durability"}]},"minecraft:mining_speed":1,"minecraft:damage":8,"minecraft:enchantable":{"value":15,"slot":"sword"},"minecraft:can_destroy_in_creative":true,"minecraft:digger":{"use_efficiency":true,"destroy_speeds":[{"block":"minecraft:crafting_table","speed":2,"on_dig":{"event":"hurt"}},{"block":"minecraft:crimson_fence","speed":2,"on_dig":{"event":"hurt"}},{"block":"minecraft:crimson_fence_gate","speed":2,"on_dig":{"event":"hurt"}},{"block":"minecraft:crimson_hyphae","speed":2,"on_dig":{"event":"hurt"}},{"block":"minecraft:crimson_nylium","speed":2,"on_dig":{"event":"hurt"}},{"block":"minecraft:crimson_planks","speed":2,"on_dig":{"event":"hurt"}},{"block":"minecraft:crimson_pressure_plate","speed":2,"on_dig":{"event":"hurt"}},{"block":"minecraft:crimson_sign","speed":2,"on_dig":{"event":"hurt"}},{"block":"minecraft:crimson_slab","speed":2,"on_dig":{"event":"hurt"}},{"block":"minecraft:crimson_stairs","speed":2,"on_dig":{"event":"hurt"}},{"block":"minecraft:crimson_stem","speed":2,"on_dig":{"event":"hurt"}},{"block":"minecraft:crimson_trapdoor","speed":2,"on_dig":{"event":"hurt"}},{"block":"minecraft:dark_oak_button","speed":2,"on_dig":{"event":"hurt"}},{"block":"minecraft:dark_oak_door","speed":2,"on_dig":{"event":"hurt"}},{"block":"minecraft:dark_oak_fence_gate","speed":2,"on_dig":{"event":"hurt"}},{"block":"minecraft:dark_oak_pressure_plate","speed":2,"on_dig":{"event":"hurt"}},{"block":"minecraft:dark_oak_stairs","speed":2,"on_dig":{"event":"hurt"}},{"block":"minecraft:dark_oak_trapdoor","speed":2,"on_dig":{"event":"hurt"}},{"block":"minecraft:darkoak_sign","speed":2,"on_dig":{"event":"hurt"}},{"block":"minecraft:monster_egg","speed":2,"on_dig":{"event":"hurt"}},{"block":"minecraft:fence","speed":2,"on_dig":{"event":"hurt"}},{"block":"minecraft:fence_gate","speed":2,"on_dig":{"event":"hurt"}},{"block":"minecraft:fletching_table","speed":2,"on_dig":{"event":"hurt"}},{"block":"minecraft:jungle_button","speed":2,"on_dig":{"event":"hurt"}},{"block":"minecraft:jungle_door","speed":2,"on_dig":{"event":"hurt"}},{"block":"minecraft:jungle_fence_gate","speed":2,"on_dig":{"event":"hurt"}},{"block":"minecraft:jungle_sign","speed":2,"on_dig":{"event":"hurt"}},{"block":"minecraft:jungle_stairs","speed":2,"on_dig":{"event":"hurt"}},{"block":"minecraft:jungle_trapdoor","speed":2,"on_dig":{"event":"hurt"}},{"block":"minecraft:ladder","speed":2,"on_dig":{"event":"hurt"}},{"block":"minecraft:leaves","speed":2,"on_dig":{"event":"hurt"}},{"block":"minecraft:leaves2","speed":2,"on_dig":{"event":"hurt"}},{"block":"minecraft:log","speed":2,"on_dig":{"event":"hurt"}},{"block":"minecraft:log2","speed":2,"on_dig":{"event":"hurt"}},{"block":"minecraft:loom","speed":2,"on_dig":{"event":"hurt"}},{"block":"minecraft:melon_block","speed":2,"on_dig":{"event":"hurt"}},{"block":"minecraft:oak_stairs","speed":2,"on_dig":{"event":"hurt"}},{"block":"minecraft:planks","speed":2,"on_dig":{"event":"hurt"}},{"block":"minecraft:spruce_button","speed":2,"on_dig":{"event":"hurt"}},{"block":"minecraft:spruce_door","speed":2,"on_dig":{"event":"hurt"}},{"block":"minecraft:spruce_fence_gate","speed":2,"on_dig":{"event":"hurt"}},{"block":"minecraft:spruce_pressure_plate","speed":2,"on_dig":{"event":"hurt"}},{"block":"minecraft:spruce_sign","speed":2,"on_dig":{"event":"hurt"}},{"block":"minecraft:spruce_stairs","speed":2,"on_dig":{"event":"hurt"}},{"block":"minecraft:spruce_trapdoor","speed":2,"on_dig":{"event":"hurt"}},{"block":"minecraft:trapdoor","speed":2,"on_dig":{"event":"hurt"}},{"block":"minecraft:trapped_chest","speed":2,"on_dig":{"event":"hurt"}},{"block":"minecraft:wood","speed":2,"on_dig":{"event":"hurt"}},{"block":"minecraft:wooden_button","speed":2,"on_dig":{"event":"hurt"}},{"block":"minecraft:wooden_door","speed":2,"on_dig":{"event":"hurt"}},{"block":"minecraft:wooden_pressure_plate","speed":2,"on_dig":{"event":"hurt"}},{"block":"minecraft:wooden_slab","speed":2,"on_dig":{"event":"hurt"}}]},"minecraft:weapon":{"on_hurt_entity":{"event":"hurt"},"on_not_hurt_entity":{"event":"hurt"},"on_hit_block":{"event":"hurt"}},"minecraft:render_offsets":{"main_hand":{"third_person":{"scale":[0.04,0.04,0.04]},"first_person":{"scale":[0.01519999999999088,0.01519999999999088,0.01519999999999088]}},"off_hand":{"third_person":{"scale":[0.04,0.04,0.04]},"first_person":{"scale":[0.01519999999999088,0.01519999999999088,0.01519999999999088]}}},"tag:minecraft:is_sword":{},"minecraft:display_name":{"value":"Espada De Chakra"}},"events":{"on_use_event":{"sequence":[{"damage":{"type":"magic","amount":1,"target":"self"}}]},"hurt":{"damage":{"type":"magic","amount":1,"target":"self"}}}}}