{
  "format_version": "1.16.100",
  "minecraft:item": {
    "description": {
      "identifier": "taiyo:id6_bandana_konoha",
      "category": "Equipment"
    },
    "components": {
      "minecraft:icon": {
        "texture": "taiyo_id6_bandana_konoha"
      },
      "minecraft:creative_category": {
        "parent": "itemGroup.name.leggings"
      },
      "minecraft:max_stack_size": 1,
      "minecraft:enchantable": {
        "value": 10,
        "slot": "armor_legs"
      },
      "minecraft:durability": {
        "max_durability": 1000,
        "damage_chance": {
          "min": 60,
          "max": 100
        }
      },
      "minecraft:knockback_resistance": {
        "protection": 0
      },
      "minecraft:mining_speed": 5,
      "minecraft:foil": false,
      "minecraft:hand_equipped": true,
      "minecraft:wearable": {
        "slot": "slot.armor.legs"
      },
      "minecraft:render_offsets": {
        "main_hand": {
          "third_person": {
            "scale": [
              0.05,
              0.05,
              0.05
            ]
          },
          "first_person": {
            "scale": [
              0.018999999999988602,
              0.018999999999988602,
              0.018999999999988602
            ]
          }
        },
        "off_hand": {
          "third_person": {
            "scale": [
              0.05,
              0.05,
              0.05
            ]
          },
          "first_person": {
            "scale": [
              0.018999999999988602,
              0.018999999999988602,
              0.018999999999988602
            ]
          }
        }
      },
      "minecraft:repairable": {
        "repair_items": [
          {
            "items": [
              "minecraft:iron_ingot",
              "taiyo:id6_bandana_konoha"
            ],
            "repair_amount": 50
          }
        ]
      },
      "minecraft:armor": {
        "protection": 2
      },
      "minecraft:display_name": {}
    }
  }
}