{"format_version":"1.13.0","minecraft:entity":{"description":{"identifier":"yg:gman_laser","is_spawnable":false,"is_summonable":true,"is_experimental":false,"runtime_identifier":"minecraft:snowball"},"component_groups":{"minecraft:exploding":{"minecraft:explode":{"fuse_length":0,"fuse_lit":true,"power":2,"causes_fire":true,"fire_affected_by_griefing":false,"destroy_affected_by_griefing":true}}},"components":{"minecraft:collision_box":{"width":0.31,"height":0.31},"minecraft:projectile":{"on_hit":{"definition_event":{"affect_projectile":true,"event_trigger":{"event":"minecraft:explode","target":"self"}},"impact_damage":{"damage":9999,"knockback":true}},"power":2.6,"gravity":0,"inertia":1,"liquid_inertia":1,"uncertainty_base":0,"uncertainty_multiplier":0,"anchor":1,"offset":[0,-0.1,0],"reflect_on_hurt":true,"catch_fire":false},"minecraft:physics":{},"minecraft:pushable":{"is_pushable":true,"is_pushable_by_piston":true}},"events":{"minecraft:explode":{"add":{"component_groups":["minecraft:exploding"]}}}}}