{
  "format_version": "1.12.0",
  "minecraft:geometry": [
    {
      "description": {
        "identifier": "geometry.gm_djskibiditoilet",
        "texture_width": 1,
        "texture_height": 1,
        "visible_bounds_width": 1,
        "visible_bounds_height": 1,
        "visible_bounds_offset": [
          0,
          0,
          0
        ]
      },
      "bones": [
        {
          "name": "a",
          "pivot": [
            0,
            0,
            0
          ],
          "locators": {
            "baja": [
              0,
              0,
              0
            ]
          }
        }
      ]
    }
  ]
}