{
  "format_version": "1.10.0",
  "minecraft:attachable": {
    "description": {
      "identifier": "flappy:smurf_morph.player",
      "item": {
        "flappy:smurf_morph": "query.owner_identifier == 'minecraft:player'"
      },
      "materials": {
        "default": "armor",
        "enchanted": "armor_enchanted"
      },
      "textures": {
        "default": "textures/entity/pamobile/flappy_smurf_morph",
        "enchanted": "textures/misc/enchanted_item_glint"
      },
      "geometry": {
        "default": "geometry.flappy_smurf_morph"
      },
      "scripts": {
        "parent_setup": "variable.helmet_layer_visible = 0.0;"
      },
      "render_controllers": [
        "controller.render.armor"
      ]
    }
  }
}