{
	"format_version": "1.8.0",
	"animations": {
		"animation.illusioner.casting.v1.0": {
			"loop": true,
			"bones": {
				"leftarm": {
					"rotation": ["math.cos(query.life_time * 763.4) * 14.3239 - this", "-this", "-135.0 - this"],
					"position": ["5.0 - this", 0, "-this"]
				},
				"rightarm": {
					"rotation": ["math.cos(query.life_time * 763.4) * 14.3239 - this", "-this", "135.0 - this"],
					"position": ["-5.0 - this", 0, "-this"]
				},
				"rightItem": {
					"position": [-2, 0, 0],
					"scale": 0
				},
				"arms": {
					"scale": 0
				}
			}
		},
		"animation.illusioner.general": {
			"loop": "hold_on_last_frame",
			"animation_length": 0.88,
			"bones": {
				"leftarm": {
					"rotation": {
						"0.0": [-180, 0, 45],
						"0.32": [-45, 0, 45]
					},
					"position": {
						"0.0": [0, 0, 0],
						"0.32": [-0.86, 0, 2],
						"0.72": [-2, 0, 0]
					},
					"scale": {
						"0.0": [1, 1, 1],
						"0.72": [0, 0, 0]
					}
				},
				"rightarm": {
					"rotation": {
						"0.0": [-180, 0, -45],
						"0.32": [-45, 0, -45]
					},
					"position": {
						"0.0": [0, 0, 0],
						"0.32": [1.29, 0, 2],
						"0.72": [3, 0, 0]
					},
					"scale": {
						"0.0": [1, 1, 1],
						"0.72": [0, 0, 0]
					}
				},
				"arms": {
					"rotation": ["-42.97 - this", 0, 0],
					"position": [0, "-3.0 - this", "-1.0 - this"],
					"scale": {
						"0.0": [0, 0, 0],
						"0.32": [1, 1, 1]
					}
				},
				"body": {
					"rotation": {
						"0.0": [-15, 0, 0],
						"0.32": [0, 0, 0]
					},
					"position": {
						"0.0": [0, 0, 4],
						"0.32": [0, 0, 0]
					}
				},
				"head": {
					"rotation": {
						"0.0": [-20, 0, 0],
						"0.44": [0, 0, 0]
					}
				},
				"rightItem": {
					"scale": 0
				}
			}
		},
		"animation.illusioner.general.v1.0": {
			"loop": true,
			"bones": {
				"arms": {
					"rotation": ["-42.97 - this", 0, 0],
					"position": [0, "-3.0 - this", "-1.0 - this"]
				}
			}
		},
		"animation.illusioner.bow_and_arrow": {
			"loop": true,
			"bones": {
				"rightarm": {
					"rotation": ["query.target_x_rotation - 76.8 + Math.sin(query.life_time * 76.8) * 2.865 - this", "query.target_y_rotation - 5.73", "(Math.cos(query.life_time * 103.2) * 2.865) + 2.865"],
					"scale": 1
				},
				"leftarm": {
					"rotation": ["query.target_x_rotation - 76.8 - Math.sin(query.life_time * 76.8) * 2.865 - this", "query.target_y_rotation + 28.65", "-(Math.cos(query.life_time * 103.2) * 2.865) - 2.865"],
					"scale": 1
				},
				"arms": {
					"scale": 0
				}
			}
		},
		"animation.illusioner.bow_and_arrow.v1.0": {
			"loop": true,
			"bones": {
				"rightarm": {
					"rotation": ["query.target_x_rotation - 76.8 + Math.sin(query.life_time * 76.8) * 2.865 - this", "query.target_y_rotation - 5.73", "(Math.cos(query.life_time * 103.2) * 2.865) + 2.865"]
				},
				"leftarm": {
					"rotation": ["query.target_x_rotation - 76.8 - Math.sin(query.life_time * 76.8) * 2.865 - this", "query.target_y_rotation + 28.65", "-(Math.cos(query.life_time * 103.2) * 2.865) - 2.865"]
				},
				"arms": {
					"scale": 0
				}
			}
		},
		"animation.illusioner.casting": {
			"loop": true,
			"bones": {
				"leftarm": {
					"rotation": ["math.cos(query.life_time * 763.4) * 14.3239 - this", "-this", "-135.0 - this"],
					"position": ["1- this", 0, "-this"]
				},
				"rightarm": {
					"rotation": ["math.cos(query.life_time * 763.4) * 14.3239 - this", "-this", "135.0 - this"],
					"position": ["-1- this", 0, "-this"]
				},
				"rightItem": {
					"position": [-2, 0, 0],
					"scale": 0
				},
				"arms": {
					"scale": 0
				}
			}
		}
	}
}