{
	"format_version": "1.8.0",
	"animations": {
		"animation.snowwarrior.bob": {
			"loop": true,
			"bones": {
				"arm1": {
					"rotation": [0, 0, -67.5]
				},
				"arm2": {
					"rotation": [0, 0, 70]
				},
				"Sword": {
					"rotation": [-30, -87.5, 92.5]
				},
				"Sword2": {
					"rotation": [-387.5, 87.5, -445]
				}
			}
		},
		"animation.snowwarrior.attack": {
			"animation_length": 0.68,
			"bones": {
				"arm1": {
					"rotation": {
						"0.0": [0, 0, -67.5],
						"0.08": [55.08314, -3.74164, -47.49541],
						"0.12": [-0.65444, -64.77334, -27.99633],
						"0.16": [-160, -87.5, 112.5],
						"0.2": [-160, -87.5, 112.5],
						"0.24": [-23.89731, -28.08006, -43.08773],
						"0.36": [0, 0, -67.5]
					},
					"position": [0, 0, 0]
				},
				"arm2": {
					"rotation": {
						"0.0": [0, 0, 70],
						"0.2": [0, 0, 70],
						"0.24": [-72.33208, 13.10958, 34.54615],
						"0.28": [-48.19942, 36.69542, 63.29358],
						"0.36": [-360, 87.5, -290],
						"0.6": [0, 0, 70]
					}
				},
				"Sword": {
					"rotation": {
						"0.0": [-30, -87.5, 92.5],
						"0.16": [87.22491, -38, -25],
						"0.32": [87.22491, -38, -25],
						"0.56": [-30, -87.5, 92.5]
					}
				},
				"Sword2": {
					"rotation": {
						"0.0": [-387.5, 87.5, -445],
						"0.2": [-387.5, 87.5, -445],
						"0.24": [-315.99551, 66.16249, -455.64452],
						"0.28": [-217.46174, 71.60036, -380.87583],
						"0.36": [-272.37743, 21.13835, -328.33543],
						"0.48": [-302.37376, 19.47246, -344.07215],
						"0.52": [-312.9079, 18.17017, -343.72719],
						"0.56": [-314.10684, 31.20463, -343.25388],
						"0.6": [-387.5, 87.5, -445]
					}
				},
				"piece1": {
					"rotation": {
						"0.0": [0, 0, 0],
						"0.16": [-2.5, -42.5, 0],
						"0.2": [-2.5, -42.5, 0],
						"0.36": [-8.42, 57.43, -4.58],
						"0.6": [0, 0, 0]
					}
				},
				"head": {
					"rotation": {
						"0.0": [0, 0, 0],
						"0.16": [-7.56397, -7.43547, 0.98448],
						"0.2": [-7.56, -7.44, 0.98],
						"0.36": [-7.56, -7.44, 0.98],
						"0.6": [0, 0, 0]
					}
				}
			}
		}
	}
}