{
  "format_version": "1.13.0",
  "minecraft:entity": {
    "description": {
      "identifier": "pc:pcbronto",
      "is_spawnable": true,
      "is_summonable": true,
      "is_experimental": false
    },
    "component_groups": {
      "minecraft:skin1": {
        "minecraft:variant": {
          "value": 0
        }
      },
      "minecraft:skin2": {
        "minecraft:variant": {
          "value": 1
        }
      },
      "minecraft:triceratops_roar": {
        "minecraft:on_target_acquired": {},
        "minecraft:behavior.summon_entity": {
          "priority": 0,
          "probability": 100,
          "summon_choices": [
            {
              "weight": 1,
              "cooldown_time": 20,
              "cast_duration": 2.75,
              "start_sound_event": "plop",
              "sequence": [
                {
                  "shape": "circle",
                  "target": "self",
                  "base_delay": 0,
                  "delay_per_summon": 0,
                  "num_entities_spawned": 0,
                  "entity_type": {},
                  "entity_lifespan": 10,
                  "size": 10,
                  "sound_event": {}
				}
			  ]
			}
		  ]
		}
	  },
      "minecraft:triceratops_adult": {
        "minecraft:experience_reward": {
          "on_bred": "Math.Random(3,0)",
          "on_death": "query.last_hit_by_player ? Math.Random(4,0) : 0"
        },
        "minecraft:scale": {
          "value": 1.4
        }
      },
      "minecraft:triceratops_adult_tame": {
        "minecraft:is_tamed": {
        },
        "minecraft:behavior.owner_hurt_by_target": {
          "priority": 1
        },
        "minecraft:behavior.owner_hurt_target": {
          "priority": 2
        },
        "minecraft:behavior.stay_while_sitting": {
          "priority": 0
        },
        "minecraft:interact": {
          "interactions": [
            {
              "on_interact": {
                "filters": {
                  "all_of": [
                    { "test": "has_equipment", "subject": "other", "domain": "hand", "operator": "==", "value": "stick"},							{ "test": "is_owner", "subject": "other", "operator": "==", "value": true},
					{ "test": "has_component", "value": "minecraft:shareables"},
					{ "test": "has_component", "subject": "self", "operator": "!=", "value": "minecraft:is_baby"}
					  ]
					},
					"event": "minecraft:stop_following",
					"target": "self"
			  },
              "use_item": false,
              "interact_text": "interact.stop_follow"
				},
			  {
              "on_interact": {
                "filters": {
                  "all_of": [
                    { "test": "has_equipment", "subject": "other", "domain": "hand", "operator": "==", "value": "stick"},
					{ "test": "is_owner", "subject": "other", "operator": "==", "value": true},
					{ "test": "has_component", "operator": "not", "value": "minecraft:shareables"},
					{ "test": "has_component", "subject": "self", "operator": "!=", "value": "minecraft:is_baby"}
					  ]
					},
					"event": "minecraft:start_following",
					"target": "self"
			  },
              "use_item": false,
              "interact_text": "interact.follow"
			}
		  ]
		},
        "minecraft:inventory": {
          "inventory_size": 2,
          "container_type": "horse"
        },
        "minecraft:equippable": {
          "slots": [
            {
              "slot": 0,
              "item": "saddle",
              "accepted_items": ["saddle"],
              "on_equip": {
                "event": "minecraft:triceratops_saddled" },
              "on_unequip": {
                "event": "minecraft:triceratops_unsaddled" }
            }
          ]
        },
        "minecraft:leashable": {
          "soft_distance": 4.0,
          "hard_distance": 6.0,
          "max_distance": 10.0
        },
        "minecraft:health": {
          "value": 60,
          "max": 60
        },
        "minecraft:attack": {
          "damage": 10
        },
        "minecraft:scale": {
          "value": 1.4
        },
        "minecraft:sittable": {
		  "sit_event": {
            "event": "minecraft:is_sitting",
            "target": "self"
          },
          "stand_event": {
            "event": "minecraft:is_standing",
            "target": "self"
          }
        }
      },
      "minecraft:triceratops_baby": {
        "minecraft:is_baby": {
        },
        "minecraft:pushable": {
          "is_pushable": true,
          "is_pushable_by_piston": true
        },
	    "minecraft:knockback_resistance": {
		  "value": 0.1,
		  "max": 0.1
	    },
        "minecraft:behavior.follow_parent": {
          "priority": 6,
          "speed_multiplier": 0.9
        },
        "minecraft:leashable": {
          "hard_distance": 6,
          "max_distance": 10,
          "soft_distance": 4
        },
        "minecraft:tameable": {
          "probability": 0.22,
          "tame_items": "cooked_beef",
          "tame_event": {
            "event": "minecraft:on_tame_baby",
            "target": "self"
          }
        },
        "minecraft:type_family": {
          "family": [ "carnotaurus_baby", "dino_baby", "herbivore"  ]
        },
        "minecraft:ageable": {
          "duration": 5000,
          "feed_items": [
            "beef"
          ],
          "grow_up": {
            "event": "minecraft:ageable_grow_up",
            "target": "self"
          }
        },
        "minecraft:attack": {
          "damage": 1
        },
        "minecraft:scale_by_age": {
          "start_scale": 0.12,
          "end_scale": 1.4
        },
        "minecraft:health": {
          "value": 13,
          "max": 13
        }
      },
      "minecraft:triceratops_baby_tame": {
        "minecraft:is_baby": {
        },
        "minecraft:is_tamed": {
        },
        "minecraft:pushable": {
          "is_pushable": true,
          "is_pushable_by_piston": true
        },
        "minecraft:type_family": {
          "family": [ "carnotaurus","medium_carnivore"]
        },
	    "minecraft:knockback_resistance": {
		  "value": 0.1,
		  "max": 0.1
	    },
        "minecraft:ageable": {
          "duration": 5000,
          "feed_items": [
            "beef"
          ],
          "grow_up": {
            "event": "minecraft:ageable_grow_up_tame",
            "target": "self"
          }
        },
        "minecraft:behavior.stay_while_sitting": {
          "priority": 0
        },
        "minecraft:sittable": {
		  "sit_event": {
            "event": "minecraft:is_sitting",
            "target": "self"
          }
		},
        "minecraft:leashable": {
          "hard_distance": 6,
          "max_distance": 10,
          "soft_distance": 4
        },
        "minecraft:attack": {
          "damage": 1
        },
        "minecraft:health": {
          "value": 13,
          "max": 13
        },
        "minecraft:scale_by_age": {
          "start_scale": 0.12,
          "end_scale": 1.4
        },
        "minecraft:behavior.follow_owner": {
          "priority": 6,
          "speed_multiplier": 1.1,
          "start_distance": 10,
          "stop_distance": 2
        }
      },
      "minecraft:following": {
        "minecraft:shareables": {
        },
        "minecraft:behavior.follow_owner": {
          "priority": 0,
          "speed_multiplier": 1.5,
          "start_distance": 10,
          "stop_distance": 2
        }
      },
      "minecraft:triceratops_reproduced": {
        "minecraft:behavior.breed": {
          "priority": 2,
          "speed_multiplier": 0.8
        },
        "minecraft:breedable": {
          "require_tame": false,
          "breed_cooldown": 540,
          "breeds_with": {
            "mate_type": "pc:pcbronto",
            "baby_type": "pc:pcbronto_egg<from_breed>",
            "breed_event": {
              "event": "minecraft:entity_born",
              "target": "baby"
            }
          },
          "breed_items": [ "beef"]
        }
      },
      "minecraft:triceratops_wild": {
        "minecraft:on_target_acquired": {
          "event": "minecraft:on_anger",
          "target": "self"
        },
        "minecraft:on_friendly_anger": {
          "event": "minecraft:on_anger",
          "target": "self"
        },
        "minecraft:break_blocks": {
          "breakable_blocks": [
            "machine"
          ]
        },
        "minecraft:behavior.nearest_attackable_target": {
          "priority": 4,
          "within_radius": 20,
          "entity_types": [
            {
              "filters": { "other_with_families": [ "achillo", "acro", "apato", "bary", "carno", "cerato", "coryto", "deino", "dilo", "pterosaur", "edmonto", "galli", "giga", "hybrid", "majunga", "metria", "monolopho", "nasuto", "ourano", "para", "paqui", "pachyrhi", "procerato", "sino", "stego", "stygi", "sucho", "spino", "trike", "terato", "tyranno", "velo", "velo_deino", "zuni", "player", "chicken", "pig", "cow", "sheep", "horse", "goat", "ostrich", "donkey", "mule", "polar_bear", "llama", "mooshroom", "pillager", "villager", "wandering_trader", "herbivoro","herbivore", "herbdinosaur", "crocodile","gigantoraptor", "dreadnoughts", "sauropod", "angolatitan", "raptor","lisowicia","gigantoraptor"] },
              "max_dist": 20
            }
          ],
          "must_see": true
        },
        "minecraft:on_hurt_by_player": {}
      },
      "minecraft:tempt": {
        "minecraft:behavior.tempt": {
          "priority": 5,
          "speed_multiplier": 0.8,
          "items": [
            "beef"
          ]
        }
      },
      "minecraft:triceratops_baby_wild": {
        "minecraft:on_target_acquired": {
          "event": "minecraft:on_scared",
          "target": "self"
        }
      },
      "minecraft:triceratops_baby_scared": {
        "minecraft:angry": {
          "duration": 1,
          "broadcast_anger": true,
          "broadcast_range": 64,
          "calm_event": {
            "event": "minecraft:baby_on_calm",
            "target": "self"
          }
        }
      },
      "minecraft:triceratops_adult_hostile": {
        "minecraft:attack": {
          "damage": 10
        },
        "minecraft:angry": {
          "duration": 500,
          "broadcast_anger": true,
          "broadcast_range": 32,
          "calm_event": {
            "event": "minecraft:on_calm",
            "target": "self"
          }
        }
      },
      "minecraft:sitting": {},
      "minecraft:standing": {
        "minecraft:rideable": {
          "priority": 0,
          "seat_count": 1,
          "crouching_skip_interact": true,
          "family_types": [
            "player"
          ],
          "interact_text": "action.interact.ride.horse",
          "seats": {
            "position": [ 0.0, 1.4, 0.0 ]
          }
        }
      },
      "minecraft:triceratops_saddled": {
        "minecraft:is_saddled": {
        },
        "minecraft:input_ground_controlled": {
        },
        "minecraft:can_power_jump": {
        },
        "minecraft:behavior.player_ride_tamed": {
        }
      }
    },
    "components": {
      "minecraft:type_family": {
        "family": [ "carnivore", "carnotaurus" ]
      },
      "minecraft:loot": {
        "table": "loot_tables/entities/.json"
      },
      "minecraft:healable": {
        "items": [
          {
            "item": "beef",
            "heal_amount": 3
          }
        ]
      },
      "minecraft:breathable": {
        "total_supply": 15,
        "suffocate_time": 0
      },
      "minecraft:navigation.walk": {
        "can_path_over_water": true,
        "avoid_water": true,
        "avoid_damage_blocks": true
      },
      "minecraft:movement.basic": {

      },
      "minecraft:jump.static": {
      },
      "minecraft:can_climb": {
      },
      "minecraft:collision_box": {
        "width": 1.7,
        "height": 2.0
      },
      "minecraft:nameable": {
      },
      "minecraft:health": {
        "value": 60,
        "max": 60
      },
      "minecraft:attack": {
        "damage": 10
      },
      "minecraft:movement": {
        "value": 0.26
      },
	  "minecraft:knockback_resistance": {
		"value": 100,
		"max": 100
	  },
      "minecraft:hurt_on_condition": {
        "damage_conditions": [
          {
            "filters": { "test": "in_lava", "subject": "self", "operator": "==", "value": true },
            "cause": "lava",
            "damage_per_tick": 4
          }
        ]
      },
	  "minecraft:behavior.avoid_block": {
        "priority": 3,
        "tick_interval": 0,
        "search_range": 2,
        "search_height": 4,
        "sprint_speed_modifier": 1.1,
        "target_selection_method": "nearest",
        "target_blocks": [
          "minecraft:soul_fire",
          "minecraft:fire",
          "minecraft:magma",
          "time:fenceWire",
          "minecraft:lava"
        ]
      },
	  "minecraft:behavior.croak": {
		"priority": 9,
		"interval": [ 40, 120 ],
		"duration": 2.75,
		"filters": {
		  "all_of": [
			{
			  "test": "in_water",
			  "value": false
			},
			{
			  "test": "in_lava",
			  "value": false
			},
			{
			  "test": "on_ground",
			  "value": true
			},
			{
			  "test": "is_daytime",
			  "value": true
			}
	      ]
	    }
	  },
      "minecraft:behavior.float": {
        "priority": 0
      },
      "minecraft:behavior.hurt_by_target": {
        "priority": 3
      },
      "minecraft:behavior.random_look_around_and_sit": {
        "priority": 8,
        "min_look_count": 2,
        "max_look_count": 5,
        "min_look_time": 100,
        "max_look_time": 300,
        "probability": 0.01
      },
      "minecraft:behavior.knockback_roar": {   
        "priority": 1,
        "duration": 2.75, 
        "attack_time": 0,
        "knockback_damage": 0,
        "knockback_strength": 0,
        "knockback_range": 0,
        "cooldown_time": 30
      },
      "minecraft:behavior.delayed_attack": {
        "priority": 4,
        "speed_multiplier": 1.65,
        "reach_multiplier": 2.4,
        "attack_duration": 1.0,
        "hit_delay_pct": 0.51,
        "track_target": true,
        "sound_event": "attack"
      },
      "minecraft:behavior.mount_pathing": {
        "priority": 2,
        "speed_multiplier": 1.65,
        "target_dist": 0.0,
        "track_target": true
      },
      "minecraft:behavior.random_stroll": {
        "priority": 6,
        "speed_multiplier": 0.8,
        "interval": 30
      },
      "minecraft:behavior.look_at_player": {
        "priority": 8,
        "look_distance": 6.0,
        "probability": 0.02
      },
      "minecraft:behavior.random_look_around": {
        "priority": 8
      },
      "minecraft:behavior.nap": {
        "priority": 0,
        "cooldown_min": 420.0,
        "cooldown_max": 420.0,
        "mob_detect_dist": 12.0,
        "mob_detect_height": 6.0,
        "can_nap_filters": {
          "all_of": [
            {
              "test": "in_water",
              "subject": "self",
              "operator": "==",
              "value": false
            },
            {
              "test": "on_ground",
              "subject": "self",
              "operator": "==",
              "value": true
            },
            {
              "test": "is_daytime",
              "subject": "self",
              "operator": "==",
              "value": false
            }
          ]
        },
        "wake_mob_exceptions": {
          "any_of": [
            {
              "test": "trusts",
              "subject": "other",
              "operator": "==",
              "value": true
            },
            {
              "test": "is_sneaking",
              "subject": "other",
              "operator": "==",
              "value": true
            },
            {
              "test": "is_family",
              "subject": "other",
              "operator": "==",
              "value": "nasuto"
            },
            {
              "test": "is_family",
              "subject": "other",
              "operator": "==",
              "value": "nasuto_baby"
            },
            {
              "test": "is_family",
              "subject": "other",
              "operator": "==",
              "value": "herbivore"
            }
          ]
        }
      },
      "minecraft:persistent": {
      },
      "minecraft:follow_range": {
        "value": 64
      },
      "minecraft:physics": {
      },
      "minecraft:pushable": {
        "is_pushable": false,
        "is_pushable_by_piston": true
      }
    },
    "events": {
      "from_egg": {
        "sequence": [
          {
            "randomize": [
              {
                "weight": 30,
                "add": {
                  "component_groups": [
                    "minecraft:skin1" 
                  ]
                }
              },
              {
                "weight": 27,
                "add": {
                  "component_groups": [
                    "minecraft:skin2" 
                  ]
                }
              }
            ]
          },
          {
            "randomize": [
              {
                "weight": 5,
                "add": {
                  "component_groups": [
                    "minecraft:triceratops_baby"
                  ]
                }
              }
            ]
          }
        ]
      },
      "minecraft:entity_spawned": {
        "sequence": [
          {
            "randomize": [
              {
                "weight": 30,
                "add": { 
                  "component_groups": [
                    "minecraft:skin1" 
                  ]
                }
              },
              {
                "weight": 27,
                "add": { 
                  "component_groups": [
                    "minecraft:skin2" 
                  ]
                }
              }
            ]
          },
          {
            "randomize": [
              {
                "weight": 8,
                "add": {
                  "component_groups": [
                    "minecraft:triceratops_adult",
                    "minecraft:triceratops_wild",
                    "minecraft:triceratops_roar",
                    "minecraft:triceratops_reproduced",
                    "minecraft:tempt"
                  ]
                }
              },
              {
                "weight": 2,
                "add": {
                  "component_groups": [
                    "minecraft:triceratops_baby",
                    "minecraft:triceratops_baby_wild",
                   "minecraft:triceratops_roar",
                   "minecraft:tempt"
                  ]
                }
              }
            ]
          }
        ]
	  },
      "minecraft:entity_born": {
        "add": {
          "component_groups": [
            "minecraft:triceratops_baby",
            "minecraft:triceratops_baby_wild",
            "minecraft:tempt"
          ]
        }
	  },
	  "minecraft:entity_transformed": {
        "sequence": [
          {
            "randomize": [
              {
                "weight": 5,
                "add": {
                  "component_groups": [
                    "minecraft:triceratops_baby",
                    "minecraft:triceratops_baby_wild",
                    "minecraft:tempt"
                  ]
                }
              }
            ]
          },
          {
            "randomize": [
              {
                "weight": 30,
                "add": { 
                  "component_groups": [
                    "minecraft:skin1" 
                  ]
                }
              },
              {
                "weight": 27,
                "add": { 
                  "component_groups": [
                    "minecraft:skin2" 
                  ]
                }
              }
            ]
          }
        ]
      },
      "minecraft:ageable_grow_up_tame": {
        "remove": {
          "component_groups": [ 
            "minecraft:triceratops_baby_tame",
            "minecraft:tempt"
          ]
        },
        "add": {
          "component_groups": [
            "minecraft:triceratops_adult",
            "minecraft:triceratops_adult_tame",
            "minecraft:triceratops_roar",
            "minecraft:tempt"
          ]
        }
      },
      "minecraft:ageable_grow_up": {
        "remove": {
          "component_groups": [ 
            "minecraft:triceratops_baby",
            "minecraft:triceratops_baby_wild",
            "minecraft:triceratops_baby_scared",
            "minecraft:tempt"
          ]
        },
        "add": {
          "component_groups": [
            "minecraft:triceratops_adult",
            "minecraft:triceratops_wild",
            "minecraft:triceratops_roar",
            "minecraft:triceratops_reproduced",
            "minecraft:tempt"
          ]
        }
      },
      "minecraft:on_tame_baby": {
        "remove": {
          "component_groups": [
            "minecraft:triceratops_baby",
            "minecraft:triceratops_baby_wild"
          ]
        },
        "add": {
          "component_groups": [
            "minecraft:triceratops_baby_tame"
          ]
        }
      },
	  "minecraft:is_sitting": {
        "remove": {
          "component_groups": [
            "minecraft:standing"
          ]
        },
        "add": {
          "component_groups": [
            "minecraft:sitting"
          ]
        }
      },
      "minecraft:is_standing": {
        "remove": {
          "component_groups": [
            "minecraft:sitting"
          ]
        },
        "add": {
          "component_groups": [
            "minecraft:standing"
          ]
        }
      },
	  "minecraft:start_following": {
        "add": {
          "component_groups": [
            "minecraft:following"
          ]
        }
      },
	  "minecraft:stop_following": {
        "remove": {
          "component_groups": [
            "minecraft:following"
          ]
        }
      },
      "minecraft:triceratops_saddled": {
        "add": {
          "component_groups": [
            "minecraft:triceratops_saddled"
          ]
        }
      },
      "minecraft:triceratops_unsaddled": {
        "remove": {
          "component_groups": [
            "minecraft:triceratops_saddled"
          ]
        }
      },
      "minecraft:on_calm": {
        "remove": {
          "component_groups": [
            "minecraft:triceratops_adult_hostile"
          ]
        },
        "add": {
          "component_groups": [
            "minecraft:triceratops_adult_wild"
          ]
        }
      },
      "minecraft:on_anger": {
        "remove": {
          "component_groups": [
            "minecraft:triceratops_adult_wild"
          ]
        },
        "add": {
          "component_groups": [
            "minecraft:triceratops_adult_hostile"
          ]
        }
      },
      "minecraft:baby_on_calm": {
        "remove": {
          "component_groups": [
            "minecraft:triceratops_baby_scared"
          ]
        },
        "add": {
          "component_groups": [
            "minecraft:triceratops_baby_wild"
          ]
        }
      },
      "minecraft:on_scared": {
        "remove": {
          "component_groups": [
            "minecraft:triceratops_baby_wild"
          ]
        },
        "add": {
          "component_groups": [
            "minecraft:triceratops_baby_scared"
          ]
        }
      }
    }
  }
}