{ 
//(-_-)
  
  "lines_overlay":{
    "type":"image",
    "texture":"textures/ui/lines",
    "$control_size|default":[ "100%", "100%" ],
    "size":"$control_size",
    "layer": 2,
	"ignored": "(not ($actionbar_text = 'lines'))",
    "variables":[
      {
        "requires":"($is_ios or $is_android)",
        "$control_size":[ "100%", "100%" ]
      },
      {
        "requires":"$is_win10_arm",
        "$control_size":[ "100%", "100%" ]
      },
      {
        "requires":"$is_ps4",
        "$control_size":[ "100%", "100%" ]
      }
    ]
  },
  "lines_factory": {
	"type": "panel",
	"factory": {
		"name": "hud_actionbar_text_factory",
		"control_ids": {
			"hud_actionbar_text": "lines_overlay@hud.lines_overlay"
		}
	}
  },
  
  "root_panel":{
    "modifications": [
      {
        "array_name": "controls",
        "operation": "insert_front",
        "value": [
          {
            "fuel_cooldown_bar": {
              "type": "panel",
              "offset": "$set_offset",
              "anchor_from": "bottom_middle",
              "anchor_to": "bottom_middle",
              "factory": {
                "name": "hud_title_text_factory",
                "control_ids": {
                  "hud_title_text": "sample_display@n.el_wn_ar"
                }
              },
              "$set_offset|default": [ 48, 58 ],
              "variables": [
                {
                  "requires": "($is_ios or $is_android)",
                  "$set_offset": [ 48, 58 ]
                },
                {
                  "requires": "(not ($is_ios or $is_android or $is_ps4))",
                  "$set_offset": [ 48, 128 ]
                },
                {
                  "requires": "$is_ps4",
                  "$set_offset": [ 48, 128 ]
                }
              ]
            }
          }
        ]
      },
	  {
		"array_name": "controls",
		"operation": "insert_front",
		"value": {
			"lines_factory@hud.lines_factory": {}
		}
	  }
    ]
  },
  
  "hud_actionbar_text":{
    "ignored":"(($actionbar_text = 'reset') or ($actionbar_text = 'lines'))"
  },
  "hud_title_text":{
    "offset": "$set_offset",
    "$set_offset|default": [ 0, -150 ],
    "variables": [
	  {
	    "requires": "($is_ios or $is_android)",
	    "$set_offset": [ 0, -110 ]
	  },
	  {
	    "requires": "(not ($is_ios or $is_android or $is_ps4))",
	    "$set_offset": [ 0, -150 ]
	  },
  	  {
	    "requires": "$is_ps4",
	    "$set_offset": [ 0, -150 ]
	  }
    ],
    "controls": [
      {
        "title_frame": {
          "type": "panel",
          "size": [ "100%", "100%cm" ],
          "controls": [
            {
              "title_background": {
                "type": "image",
                "size": [ "100%sm + 30px", "100%sm + 6px" ],
                "texture": "textures/ui/hud_tip_text_background",
                "alpha": "@hud.anim_title_background_alpha_in"
              }
            },
            {
              "title": {
                "type": "label",
                "anchor_from": "top_middle",
                "anchor_to": "top_middle",
                "color": "$title_command_text_color",
                "text": "#text",
                "layer": 1,
                "localize": false,
                "font_size": "normal",
                "variables": [
                  {
                    "requires": "(not $title_shadow)",
                    "$show_shadow": false
                  },
                  {
                    "requires": "$title_shadow",
                    "$show_shadow": true
                  }
                ],
                "shadow": "$show_shadow",
                "text_alignment": "center",
                "offset": [ 0, 6 ],
                "bindings": [
                  {
                    "binding_name": "#hud_title_text_string",
                    "binding_name_override": "#text",
                    "binding_type": "global"
                  }
                ]
              }
            }
          ]
        }
      },
      {
        "subtitle_frame": {
          "type": "panel",
          "size": [ "100%", "100%cm" ],
          "controls": [
            {
              "subtitle_background": {
                "type": "image",
                "size": [ "100%sm + 20px", "100%sm + 5px" ],
                "offset": [ 0, 16 ],
                "texture": "textures/ui/hud_tip_text_background",
                "variables": [
                  {
                    "requires": "$subtitle_initially_visible",
                    "$subtitle_bg": "@hud.anim_title_background_alpha_in"
                  },
                  {
                    "requires": "(not $subtitle_initially_visible)",
                    "$subtitle_bg": "@hud.anim_subtitle_background_alpha_in"
                  }
                ],
                "alpha": "$subtitle_bg"
              }
            },
            {
              "subtitle": {
                "type": "label",
                "anchor_from": "top_middle",
                "anchor_to": "top_middle",
                "color": "$title_command_text_color",
                "text": "#text",
                "layer": 1,
                "localize": false,
                "font_size": "normal",
                "font_scale_factor": 0.95,
                "variables": [
                  {
                    "requires": "$subtitle_initially_visible",
                    "$anim_type": 1.0
                  },
                  {
                    "requires": "(not $subtitle_initially_visible)",
                    "$anim_type": "@hud.anim_subtitle_text_alpha_in"
                  },
                  {
                    "requires": "(not $title_shadow)",
                    "$show_shadow": false
                  },
                  {
                    "requires": "$title_shadow",
                    "$show_shadow": true
                  }
                ],
                "shadow": "$show_shadow",
                "alpha": "$anim_type",
                "text_alignment": "center",
                "offset": [ 0, 3 ],
                "bindings": [
                  {
                    "binding_name": "#hud_subtitle_text_string",
                    "binding_name_override": "#text",
                    "binding_type": "global"
                  }
                ]
              }
            }
          ]
        }
      }
    ],
    "bindings":[
      {
        "binding_name":"#hud_title_text_string"
      },
      {
        "binding_type":"view",
        "source_property_name":"(not ((#hud_title_text_string = 'reset') or (#hud_title_text_string = 'lines')))",
        "target_property_name":"#visible"
      }
    ]
  }
}