{
	"format_version": "1.12.0",
	"minecraft:geometry": [
		{
			"description": {
				"identifier": "geometry.mc_sp2099upd",
				"texture_width": 256,
				"texture_height": 256,
				"visible_bounds_width": 3,
				"visible_bounds_height": 3.5,
				"visible_bounds_offset": [0, 1.25, 0]
			},
			"bones": [
				{
					"name": "root",
					"pivot": [0, 0, 0]
				},
				{
					"name": "RightLeg",
					"parent": "root",
					"pivot": [-1.9, 12, 0],
					"cubes": [
						{
							"origin": [-3.9, 0, -2],
							"size": [4, 12, 4],
							"inflate": 0.15,
							"uv": {
								"north": {"uv": [16, 24], "uv_size": [4, 9]},
								"east": {"uv": [20, 24], "uv_size": [4, 9]},
								"south": {"uv": [24, 24], "uv_size": [4, 9]},
								"west": {"uv": [0, 28], "uv_size": [4, 12]},
								"up": {"uv": [53, 23], "uv_size": [4, 4]},
								"down": {"uv": [0, 58], "uv_size": [4, -4]}
							}
						}
					]
				},
				{
					"name": "LeftLeg",
					"parent": "root",
					"pivot": [1.9, 12, 0],
					"cubes": [
						{
							"origin": [-0.1, 0, -2],
							"size": [4, 12, 4],
							"inflate": 0.15,
							"uv": {
								"north": {"uv": [20, 24], "uv_size": [-4, 9]},
								"east": {"uv": [4, 28], "uv_size": [-4, 12]},
								"south": {"uv": [28, 24], "uv_size": [-4, 9]},
								"west": {"uv": [24, 24], "uv_size": [-4, 9]},
								"up": {"uv": [57, 23], "uv_size": [-4, 4]},
								"down": {"uv": [4, 58], "uv_size": [-4, -4]}
							}
						}
					]
				},
				{
					"name": "waist",
					"parent": "root",
					"pivot": [0, 0, 0]
				},
				{
					"name": "Body",
					"parent": "waist",
					"pivot": [0, 24, 0],
					"cubes": [
						{
							"origin": [-4, 12, -2],
							"size": [8, 12, 4],
							"inflate": 0.15,
							"uv": {
								"north": {"uv": [16, 24], "uv_size": [8, 11]},
								"east": {"uv": [16, 24], "uv_size": [8, 11]},
								"south": {"uv": [16, 24], "uv_size": [8, 11]},
								"west": {"uv": [16, 24], "uv_size": [8, 11]},
								"up": {"uv": [24, 35], "uv_size": [-8, -11]},
								"down": {"uv": [24, 35], "uv_size": [-8, -11]}
							}
						},
						{
							"origin": [1, 19, 1],
							"size": [3, 0, 1],
							"inflate": 0.16,
							"pivot": [2.5, 19, 1.5],
							"rotation": [0, 0, -37.5],
							"uv": {
								"north": {"uv": [18, 28], "uv_size": [1, 1]},
								"east": {"uv": [18, 28], "uv_size": [1, 1]},
								"south": {"uv": [18, 28], "uv_size": [1, 1]},
								"west": {"uv": [18, 28], "uv_size": [1, 1]},
								"up": {"uv": [19, 29], "uv_size": [-1, -1]},
								"down": {"uv": [19, 29], "uv_size": [-1, -1]}
							}
						},
						{
							"origin": [-4, 19, 1],
							"size": [3, 0, 1],
							"inflate": 0.16,
							"pivot": [-2.5, 19, 1.5],
							"rotation": [0, 0, 37.5],
							"uv": {
								"north": {"uv": [19, 28], "uv_size": [-1, 1]},
								"east": {"uv": [19, 28], "uv_size": [-1, 1]},
								"south": {"uv": [19, 28], "uv_size": [-1, 1]},
								"west": {"uv": [19, 28], "uv_size": [-1, 1]},
								"up": {"uv": [18, 29], "uv_size": [1, -1]},
								"down": {"uv": [18, 29], "uv_size": [1, -1]}
							}
						},
						{
							"origin": [-4, 12.5, -2],
							"size": [8, 10.9, 0],
							"inflate": 0.16,
							"uv": {
								"north": {"uv": [96, 49], "uv_size": [151, 185]},
								"east": {"uv": [76, 0], "uv_size": [8, 11]},
								"south": {"uv": [74, 0], "uv_size": [8, 11]},
								"west": {"uv": [70, 0], "uv_size": [8, 11]},
								"up": {"uv": [82, 11], "uv_size": [-8, -11]},
								"down": {"uv": [85, 11], "uv_size": [-8, -11]}
							}
						}
					]
				},
				{
					"name": "Head",
					"parent": "Body",
					"pivot": [0, 24, 0],
					"cubes": [
						{
							"origin": [-4, 24, -4],
							"size": [8, 8, 8.2],
							"inflate": 0.15,
							"uv": {
								"north": {"uv": [17, 25], "uv_size": [8, 8]},
								"east": {"uv": [17, 25], "uv_size": [8, 8]},
								"south": {"uv": [17, 25], "uv_size": [8, 8]},
								"west": {"uv": [17, 25], "uv_size": [8, 8]},
								"up": {"uv": [25, 33], "uv_size": [-8, -8]},
								"down": {"uv": [25, 33], "uv_size": [-8, -8]}
							}
						}
					]
				},
				{
					"name": "kozla2",
					"parent": "Head",
					"pivot": [-0.6, 26.8, -3.7],
					"rotation": [0, 180, 0],
					"cubes": [
						{
							"origin": [-1.1, 27.4, -4],
							"size": [0.2, 1.2, 0.6],
							"pivot": [-0.5, 26.7, -3.7],
							"rotation": [0, 0, 69],
							"uv": {
								"north": {"uv": [69, 6], "uv_size": [1, 1]},
								"east": {"uv": [7, 69], "uv_size": [1, 1]},
								"south": {"uv": [69, 7], "uv_size": [1, 1]},
								"west": {"uv": [8, 69], "uv_size": [1, 1]},
								"up": {"uv": [69, 8], "uv_size": [1, 1]},
								"down": {"uv": [9, 70], "uv_size": [1, -1]}
							}
						},
						{
							"origin": [0.95551, 27.70792, -4],
							"size": [0.75, 0.3, 0.8],
							"pivot": [-1.09449, 28.10792, -3.7],
							"rotation": [0, 0, 66],
							"uv": {
								"north": {"uv": [21, 17], "uv_size": [-1, 1]},
								"east": {"uv": [21, 17], "uv_size": [-1, 1]},
								"south": {"uv": [21, 17], "uv_size": [-1, 1]},
								"west": {"uv": [21, 17], "uv_size": [-1, 1]},
								"up": {"uv": [20, 18], "uv_size": [1, -1]},
								"down": {"uv": [20, 18], "uv_size": [1, -1]}
							}
						},
						{
							"origin": [-1.1, 27.3, -4],
							"size": [0.4, 1.3, 0.8],
							"pivot": [-0.5, 26.7, -3.7],
							"rotation": [0, 0, 66],
							"uv": {
								"north": {"uv": [21, 17], "uv_size": [-1, 1]},
								"east": {"uv": [21, 17], "uv_size": [-1, 1]},
								"south": {"uv": [21, 17], "uv_size": [-1, 1]},
								"west": {"uv": [21, 17], "uv_size": [-1, 1]},
								"up": {"uv": [20, 18], "uv_size": [1, -1]},
								"down": {"uv": [20, 18], "uv_size": [1, -1]}
							}
						},
						{
							"origin": [-0.95, 26.5, -4],
							"size": [0.25, 1.3, 0.8],
							"pivot": [-0.5, 26.7, -3.7],
							"rotation": [0, 0, 66],
							"uv": {
								"north": {"uv": [21, 17], "uv_size": [-1, 1]},
								"east": {"uv": [21, 17], "uv_size": [-1, 1]},
								"south": {"uv": [21, 17], "uv_size": [-1, 1]},
								"west": {"uv": [21, 17], "uv_size": [-1, 1]},
								"up": {"uv": [20, 18], "uv_size": [1, -1]},
								"down": {"uv": [20, 18], "uv_size": [1, -1]}
							}
						},
						{
							"origin": [-0.93936, 27.44348, -4],
							"size": [0.25, 1.3, 0.8],
							"pivot": [-1.22109, 27.17993, -3.6],
							"rotation": [0, 0, 58.5],
							"uv": {
								"north": {"uv": [21, 17], "uv_size": [-1, 1]},
								"east": {"uv": [21, 17], "uv_size": [-1, 1]},
								"south": {"uv": [21, 17], "uv_size": [-1, 1]},
								"west": {"uv": [21, 17], "uv_size": [-1, 1]},
								"up": {"uv": [20, 18], "uv_size": [1, -1]},
								"down": {"uv": [20, 18], "uv_size": [1, -1]}
							}
						},
						{
							"origin": [-1.55, 28.3, -4],
							"size": [0.5, 0.7, 0.8],
							"pivot": [-0.5, 26.7, -3.7],
							"rotation": [0, 0, 79],
							"uv": {
								"north": {"uv": [19, 17], "uv_size": [-1, 1]},
								"east": {"uv": [19, 17], "uv_size": [-1, 1]},
								"south": {"uv": [19, 17], "uv_size": [-1, 1]},
								"west": {"uv": [19, 17], "uv_size": [-1, 1]},
								"up": {"uv": [18, 18], "uv_size": [1, -1]},
								"down": {"uv": [18, 18], "uv_size": [1, -1]}
							}
						},
						{
							"origin": [-0.8, 28.9, -4],
							"size": [0.4, 1.2, 0.6],
							"pivot": [-0.5, 26.7, -3.7],
							"rotation": [0, 0, 63.5],
							"uv": {
								"north": {"uv": [11, 5], "uv_size": [1, 2]},
								"east": {"uv": [11, 5], "uv_size": [1, 2]},
								"south": {"uv": [11, 5], "uv_size": [1, 2]},
								"west": {"uv": [11, 5], "uv_size": [1, 2]},
								"up": {"uv": [12, 7], "uv_size": [-1, -2]},
								"down": {"uv": [12, 7], "uv_size": [-1, -2]}
							}
						},
						{
							"origin": [-0.2, 29.1, -4],
							"size": [0.4, 1.4, 0.8],
							"pivot": [-0.6, 26.8, -3.7],
							"rotation": [0, 0, 49],
							"uv": {
								"north": {"uv": [18, 10], "uv_size": [-1, 1]},
								"east": {"uv": [18, 10], "uv_size": [-1, 1]},
								"south": {"uv": [18, 10], "uv_size": [-1, 1]},
								"west": {"uv": [18, 10], "uv_size": [-1, 1]},
								"up": {"uv": [17, 11], "uv_size": [1, -1]},
								"down": {"uv": [17, 11], "uv_size": [1, -1]}
							}
						},
						{
							"origin": [-0.9, 29.2, -4],
							"size": [0.3, 1.2, 0.8],
							"pivot": [-0.6, 26.8, -3.7],
							"rotation": [0, 0, 66],
							"uv": {
								"north": {"uv": [20, 16], "uv_size": [-1, 1]},
								"east": {"uv": [20, 16], "uv_size": [-1, 1]},
								"south": {"uv": [20, 16], "uv_size": [-1, 1]},
								"west": {"uv": [20, 16], "uv_size": [-1, 1]},
								"up": {"uv": [19, 17], "uv_size": [1, -1]},
								"down": {"uv": [19, 17], "uv_size": [1, -1]}
							}
						},
						{
							"origin": [2.3, 27.4, -4],
							"size": [0.5, 1.6, 0.8],
							"uv": {
								"north": {"uv": [18, 12], "uv_size": [1, 1]},
								"east": {"uv": [18, 12], "uv_size": [1, 1]},
								"south": {"uv": [18, 12], "uv_size": [1, 1]},
								"west": {"uv": [18, 12], "uv_size": [1, 1]},
								"up": {"uv": [19, 13], "uv_size": [-1, -1]},
								"down": {"uv": [19, 13], "uv_size": [-1, -1]}
							}
						},
						{
							"origin": [2.5, 28, -4],
							"size": [0.5, 0.6, 0.8],
							"uv": {
								"north": {"uv": [18, 12], "uv_size": [1, 1]},
								"east": {"uv": [18, 12], "uv_size": [1, 1]},
								"south": {"uv": [18, 12], "uv_size": [1, 1]},
								"west": {"uv": [18, 12], "uv_size": [1, 1]},
								"up": {"uv": [19, 13], "uv_size": [-1, -1]},
								"down": {"uv": [19, 13], "uv_size": [-1, -1]}
							}
						},
						{
							"origin": [-0.36623, 23.92326, -4],
							"size": [0.25, 1.6, 0.8],
							"pivot": [-0.24123, 24.72326, -3.6],
							"rotation": [0, 0, 5],
							"uv": {
								"north": {"uv": [18, 12], "uv_size": [1, 1]},
								"east": {"uv": [18, 12], "uv_size": [1, 1]},
								"south": {"uv": [18, 12], "uv_size": [1, 1]},
								"west": {"uv": [18, 12], "uv_size": [1, 1]},
								"up": {"uv": [19, 13], "uv_size": [-1, -1]},
								"down": {"uv": [19, 13], "uv_size": [-1, -1]}
							}
						},
						{
							"origin": [1.9, 27.4, -4],
							"size": [0.5, 1.2, 0.8],
							"pivot": [-0.6, 26.8, -3.7],
							"rotation": [0, 0, 19],
							"uv": {
								"north": {"uv": [17, 11], "uv_size": [1, 1]},
								"east": {"uv": [17, 11], "uv_size": [1, 1]},
								"south": {"uv": [17, 11], "uv_size": [1, 1]},
								"west": {"uv": [17, 11], "uv_size": [1, 1]},
								"up": {"uv": [18, 12], "uv_size": [-1, -1]},
								"down": {"uv": [18, 12], "uv_size": [-1, -1]}
							}
						},
						{
							"origin": [2.1, 28, -4],
							"size": [0.5, 0.5, 0.8],
							"pivot": [-0.6, 26.8, -3.7],
							"rotation": [0, 0, 19],
							"uv": {
								"north": {"uv": [17, 11], "uv_size": [1, 1]},
								"east": {"uv": [17, 11], "uv_size": [1, 1]},
								"south": {"uv": [17, 11], "uv_size": [1, 1]},
								"west": {"uv": [17, 11], "uv_size": [1, 1]},
								"up": {"uv": [18, 12], "uv_size": [-1, -1]},
								"down": {"uv": [18, 12], "uv_size": [-1, -1]}
							}
						},
						{
							"origin": [1.27012, 25.29038, -4],
							"size": [0.5, 1.7, 0.8],
							"pivot": [1.67429, 25.96329, -4.3],
							"rotation": [0, 0, 53],
							"uv": {
								"north": {"uv": [18, 11], "uv_size": [-1, 1]},
								"east": {"uv": [18, 11], "uv_size": [-1, 1]},
								"south": {"uv": [18, 11], "uv_size": [-1, 1]},
								"west": {"uv": [18, 11], "uv_size": [-1, 1]},
								"up": {"uv": [17, 12], "uv_size": [1, -1]},
								"down": {"uv": [17, 12], "uv_size": [1, -1]}
							}
						},
						{
							"origin": [1.5, 26.5, -4],
							"size": [0.5, 0.5, 0.8],
							"pivot": [1.67429, 25.96329, -4.3],
							"rotation": [0, 0, 53],
							"uv": {
								"north": {"uv": [18, 11], "uv_size": [-1, 1]},
								"east": {"uv": [18, 11], "uv_size": [-1, 1]},
								"south": {"uv": [18, 11], "uv_size": [-1, 1]},
								"west": {"uv": [18, 11], "uv_size": [-1, 1]},
								"up": {"uv": [17, 12], "uv_size": [1, -1]},
								"down": {"uv": [17, 12], "uv_size": [1, -1]}
							}
						},
						{
							"origin": [0.47208, 25.16095, -4],
							"size": [0.4, 2, 0.8],
							"pivot": [0.67208, 25.86095, -3.6],
							"rotation": [0, 0, -72],
							"uv": {
								"north": {"uv": [21, 11], "uv_size": [-1, 1]},
								"east": {"uv": [21, 11], "uv_size": [-1, 1]},
								"south": {"uv": [21, 11], "uv_size": [-1, 1]},
								"west": {"uv": [21, 11], "uv_size": [-1, 1]},
								"up": {"uv": [20, 12], "uv_size": [1, -1]},
								"down": {"uv": [20, 12], "uv_size": [1, -1]}
							}
						}
					]
				},
				{
					"name": "kozla3",
					"parent": "Head",
					"pivot": [0.6, 26.8, -3.7],
					"rotation": [0, -180, 0],
					"cubes": [
						{
							"origin": [0.9, 27.4, -4],
							"size": [0.2, 1.2, 0.6],
							"pivot": [0.5, 26.7, -3.7],
							"rotation": [0, 0, -69],
							"uv": {
								"north": {"uv": [70, 6], "uv_size": [-1, 1]},
								"east": {"uv": [9, 69], "uv_size": [-1, 1]},
								"south": {"uv": [70, 7], "uv_size": [-1, 1]},
								"west": {"uv": [8, 69], "uv_size": [-1, 1]},
								"up": {"uv": [70, 8], "uv_size": [-1, 1]},
								"down": {"uv": [10, 70], "uv_size": [-1, -1]}
							}
						},
						{
							"origin": [-1.70551, 27.70792, -4],
							"size": [0.75, 0.3, 0.8],
							"pivot": [1.09449, 28.10792, -3.7],
							"rotation": [0, 0, -66],
							"uv": {
								"north": {"uv": [20, 17], "uv_size": [1, 1]},
								"east": {"uv": [20, 17], "uv_size": [1, 1]},
								"south": {"uv": [20, 17], "uv_size": [1, 1]},
								"west": {"uv": [20, 17], "uv_size": [1, 1]},
								"up": {"uv": [21, 18], "uv_size": [-1, -1]},
								"down": {"uv": [21, 18], "uv_size": [-1, -1]}
							}
						},
						{
							"origin": [0.7, 27.3, -4],
							"size": [0.4, 1.3, 0.8],
							"pivot": [0.5, 26.7, -3.7],
							"rotation": [0, 0, -66],
							"uv": {
								"north": {"uv": [20, 17], "uv_size": [1, 1]},
								"east": {"uv": [20, 17], "uv_size": [1, 1]},
								"south": {"uv": [20, 17], "uv_size": [1, 1]},
								"west": {"uv": [20, 17], "uv_size": [1, 1]},
								"up": {"uv": [21, 18], "uv_size": [-1, -1]},
								"down": {"uv": [21, 18], "uv_size": [-1, -1]}
							}
						},
						{
							"origin": [0.7, 26.5, -4],
							"size": [0.25, 1.3, 0.8],
							"pivot": [0.5, 26.7, -3.7],
							"rotation": [0, 0, -66],
							"uv": {
								"north": {"uv": [20, 17], "uv_size": [1, 1]},
								"east": {"uv": [20, 17], "uv_size": [1, 1]},
								"south": {"uv": [20, 17], "uv_size": [1, 1]},
								"west": {"uv": [20, 17], "uv_size": [1, 1]},
								"up": {"uv": [21, 18], "uv_size": [-1, -1]},
								"down": {"uv": [21, 18], "uv_size": [-1, -1]}
							}
						},
						{
							"origin": [0.68936, 27.44348, -4],
							"size": [0.25, 1.3, 0.8],
							"pivot": [1.22109, 27.17993, -3.6],
							"rotation": [0, 0, -58.5],
							"uv": {
								"north": {"uv": [20, 17], "uv_size": [1, 1]},
								"east": {"uv": [20, 17], "uv_size": [1, 1]},
								"south": {"uv": [20, 17], "uv_size": [1, 1]},
								"west": {"uv": [20, 17], "uv_size": [1, 1]},
								"up": {"uv": [21, 18], "uv_size": [-1, -1]},
								"down": {"uv": [21, 18], "uv_size": [-1, -1]}
							}
						},
						{
							"origin": [1.05, 28.3, -4],
							"size": [0.5, 0.7, 0.8],
							"pivot": [0.5, 26.7, -3.7],
							"rotation": [0, 0, -79],
							"uv": {
								"north": {"uv": [18, 17], "uv_size": [1, 1]},
								"east": {"uv": [18, 17], "uv_size": [1, 1]},
								"south": {"uv": [18, 17], "uv_size": [1, 1]},
								"west": {"uv": [18, 17], "uv_size": [1, 1]},
								"up": {"uv": [19, 18], "uv_size": [-1, -1]},
								"down": {"uv": [19, 18], "uv_size": [-1, -1]}
							}
						},
						{
							"origin": [0.4, 28.9, -4],
							"size": [0.4, 1.2, 0.6],
							"pivot": [0.5, 26.7, -3.7],
							"rotation": [0, 0, -63.5],
							"uv": {
								"north": {"uv": [12, 5], "uv_size": [-1, 2]},
								"east": {"uv": [12, 5], "uv_size": [-1, 2]},
								"south": {"uv": [12, 5], "uv_size": [-1, 2]},
								"west": {"uv": [12, 5], "uv_size": [-1, 2]},
								"up": {"uv": [11, 7], "uv_size": [1, -2]},
								"down": {"uv": [11, 7], "uv_size": [1, -2]}
							}
						},
						{
							"origin": [-0.2, 29.1, -4],
							"size": [0.4, 1.4, 0.8],
							"pivot": [0.6, 26.8, -3.7],
							"rotation": [0, 0, -49],
							"uv": {
								"north": {"uv": [17, 10], "uv_size": [1, 1]},
								"east": {"uv": [17, 10], "uv_size": [1, 1]},
								"south": {"uv": [17, 10], "uv_size": [1, 1]},
								"west": {"uv": [17, 10], "uv_size": [1, 1]},
								"up": {"uv": [18, 11], "uv_size": [-1, -1]},
								"down": {"uv": [18, 11], "uv_size": [-1, -1]}
							}
						},
						{
							"origin": [0.6, 29.2, -4],
							"size": [0.3, 1.2, 0.8],
							"pivot": [0.6, 26.8, -3.7],
							"rotation": [0, 0, -66],
							"uv": {
								"north": {"uv": [19, 16], "uv_size": [1, 1]},
								"east": {"uv": [19, 16], "uv_size": [1, 1]},
								"south": {"uv": [19, 16], "uv_size": [1, 1]},
								"west": {"uv": [19, 16], "uv_size": [1, 1]},
								"up": {"uv": [20, 17], "uv_size": [-1, -1]},
								"down": {"uv": [20, 17], "uv_size": [-1, -1]}
							}
						},
						{
							"origin": [-2.8, 27.4, -4],
							"size": [0.5, 1.6, 0.8],
							"uv": {
								"north": {"uv": [19, 12], "uv_size": [-1, 1]},
								"east": {"uv": [19, 12], "uv_size": [-1, 1]},
								"south": {"uv": [19, 12], "uv_size": [-1, 1]},
								"west": {"uv": [19, 12], "uv_size": [-1, 1]},
								"up": {"uv": [18, 13], "uv_size": [1, -1]},
								"down": {"uv": [18, 13], "uv_size": [1, -1]}
							}
						},
						{
							"origin": [-3, 28, -4],
							"size": [0.5, 0.6, 0.8],
							"uv": {
								"north": {"uv": [19, 12], "uv_size": [-1, 1]},
								"east": {"uv": [19, 12], "uv_size": [-1, 1]},
								"south": {"uv": [19, 12], "uv_size": [-1, 1]},
								"west": {"uv": [19, 12], "uv_size": [-1, 1]},
								"up": {"uv": [18, 13], "uv_size": [1, -1]},
								"down": {"uv": [18, 13], "uv_size": [1, -1]}
							}
						},
						{
							"origin": [0.11623, 23.92326, -4],
							"size": [0.25, 1.6, 0.8],
							"pivot": [0.24123, 24.72326, -3.6],
							"rotation": [0, 0, -5],
							"uv": {
								"north": {"uv": [19, 12], "uv_size": [-1, 1]},
								"east": {"uv": [19, 12], "uv_size": [-1, 1]},
								"south": {"uv": [19, 12], "uv_size": [-1, 1]},
								"west": {"uv": [19, 12], "uv_size": [-1, 1]},
								"up": {"uv": [18, 13], "uv_size": [1, -1]},
								"down": {"uv": [18, 13], "uv_size": [1, -1]}
							}
						},
						{
							"origin": [-2.4, 27.4, -4],
							"size": [0.5, 1.2, 0.8],
							"pivot": [0.6, 26.8, -3.7],
							"rotation": [0, 0, -19],
							"uv": {
								"north": {"uv": [18, 11], "uv_size": [-1, 1]},
								"east": {"uv": [18, 11], "uv_size": [-1, 1]},
								"south": {"uv": [18, 11], "uv_size": [-1, 1]},
								"west": {"uv": [18, 11], "uv_size": [-1, 1]},
								"up": {"uv": [17, 12], "uv_size": [1, -1]},
								"down": {"uv": [17, 12], "uv_size": [1, -1]}
							}
						},
						{
							"origin": [-2.6, 28, -4],
							"size": [0.5, 0.5, 0.8],
							"pivot": [0.6, 26.8, -3.7],
							"rotation": [0, 0, -19],
							"uv": {
								"north": {"uv": [18, 11], "uv_size": [-1, 1]},
								"east": {"uv": [18, 11], "uv_size": [-1, 1]},
								"south": {"uv": [18, 11], "uv_size": [-1, 1]},
								"west": {"uv": [18, 11], "uv_size": [-1, 1]},
								"up": {"uv": [17, 12], "uv_size": [1, -1]},
								"down": {"uv": [17, 12], "uv_size": [1, -1]}
							}
						},
						{
							"origin": [-1.77012, 25.29038, -4],
							"size": [0.5, 1.7, 0.8],
							"pivot": [-1.67429, 25.96329, -4.3],
							"rotation": [0, 0, -53],
							"uv": {
								"north": {"uv": [17, 11], "uv_size": [1, 1]},
								"east": {"uv": [17, 11], "uv_size": [1, 1]},
								"south": {"uv": [17, 11], "uv_size": [1, 1]},
								"west": {"uv": [17, 11], "uv_size": [1, 1]},
								"up": {"uv": [18, 12], "uv_size": [-1, -1]},
								"down": {"uv": [18, 12], "uv_size": [-1, -1]}
							}
						},
						{
							"origin": [-2, 26.5, -4],
							"size": [0.5, 0.5, 0.8],
							"pivot": [-1.67429, 25.96329, -4.3],
							"rotation": [0, 0, -53],
							"uv": {
								"north": {"uv": [17, 11], "uv_size": [1, 1]},
								"east": {"uv": [17, 11], "uv_size": [1, 1]},
								"south": {"uv": [17, 11], "uv_size": [1, 1]},
								"west": {"uv": [17, 11], "uv_size": [1, 1]},
								"up": {"uv": [18, 12], "uv_size": [-1, -1]},
								"down": {"uv": [18, 12], "uv_size": [-1, -1]}
							}
						},
						{
							"origin": [-0.87208, 25.16095, -4],
							"size": [0.4, 2, 0.8],
							"pivot": [-0.67208, 25.86095, -3.6],
							"rotation": [0, 0, 72],
							"uv": {
								"north": {"uv": [20, 11], "uv_size": [1, 1]},
								"east": {"uv": [20, 11], "uv_size": [1, 1]},
								"south": {"uv": [20, 11], "uv_size": [1, 1]},
								"west": {"uv": [20, 11], "uv_size": [1, 1]},
								"up": {"uv": [21, 12], "uv_size": [-1, -1]},
								"down": {"uv": [21, 12], "uv_size": [-1, -1]}
							}
						}
					]
				},
				{
					"name": "LeftArm",
					"parent": "Body",
					"pivot": [5, 22, 0],
					"cubes": [
						{
							"origin": [4, 12, -2],
							"size": [4, 12, 4],
							"inflate": 0.15,
							"uv": {
								"north": {"uv": [20, 24], "uv_size": [-4, 10]},
								"east": {"uv": [20, 24], "uv_size": [-4, 10]},
								"south": {"uv": [20, 24], "uv_size": [-4, 10]},
								"west": {"uv": [20, 24], "uv_size": [-4, 10]},
								"up": {"uv": [20, 24], "uv_size": [-4, 4]},
								"down": {"uv": [28, 30], "uv_size": [-4, -4]}
							}
						},
						{
							"origin": [4.2, 11.8, -0.8],
							"size": [4, 12.4, 1.5],
							"uv": {
								"north": {"uv": [21, 4], "uv_size": [-1, 11]},
								"east": {"uv": [21, 4], "uv_size": [-1, 11]},
								"south": {"uv": [21, 4], "uv_size": [-1, 11]},
								"west": {"uv": [21, 4], "uv_size": [-1, 11]},
								"up": {"uv": [20, 15], "uv_size": [1, -11]},
								"down": {"uv": [20, 15], "uv_size": [1, -11]}
							}
						},
						{
							"origin": [8.28055, 13.65682, -0.5],
							"size": [1, 2, 1],
							"pivot": [7.78055, 15.15682, 0],
							"rotation": [0, 0, 45],
							"uv": {
								"north": {"uv": [21, 4], "uv_size": [-1, 11]},
								"east": {"uv": [21, 4], "uv_size": [-1, 11]},
								"south": {"uv": [21, 4], "uv_size": [-1, 11]},
								"west": {"uv": [21, 4], "uv_size": [-1, 11]},
								"up": {"uv": [20, 15], "uv_size": [1, -11]},
								"down": {"uv": [20, 15], "uv_size": [1, -11]}
							}
						},
						{
							"origin": [8.44476, 14.44971, -0.5],
							"size": [0.75, 1.4, 1],
							"pivot": [8.81976, 14.54971, 0],
							"rotation": [0, 0, 9],
							"uv": {
								"north": {"uv": [21, 4], "uv_size": [-1, 11]},
								"east": {"uv": [21, 4], "uv_size": [-1, 11]},
								"south": {"uv": [21, 4], "uv_size": [-1, 11]},
								"west": {"uv": [21, 4], "uv_size": [-1, 11]},
								"up": {"uv": [20, 15], "uv_size": [1, -11]},
								"down": {"uv": [20, 15], "uv_size": [1, -11]}
							}
						},
						{
							"origin": [9.08781, 17.03509, -0.5],
							"size": [0.65, 7.7, 1],
							"pivot": [9.16281, 17.13509, 0],
							"rotation": [0, 0, 5],
							"uv": {
								"north": {"uv": [21, 4], "uv_size": [-1, 11]},
								"east": {"uv": [21, 4], "uv_size": [-1, 11]},
								"south": {"uv": [21, 4], "uv_size": [-1, 11]},
								"west": {"uv": [21, 4], "uv_size": [-1, 11]},
								"up": {"uv": [20, 15], "uv_size": [1, -11]},
								"down": {"uv": [20, 15], "uv_size": [1, -11]}
							}
						},
						{
							"origin": [6.2, 13.65682, -0.5],
							"size": [1, 3.9, 1],
							"pivot": [7.78055, 14.15682, 0],
							"rotation": [0, 0, 45],
							"uv": {
								"north": {"uv": [21, 4], "uv_size": [-1, 11]},
								"east": {"uv": [21, 4], "uv_size": [-1, 11]},
								"south": {"uv": [21, 4], "uv_size": [-1, 11]},
								"west": {"uv": [21, 4], "uv_size": [-1, 11]},
								"up": {"uv": [20, 15], "uv_size": [1, -11]},
								"down": {"uv": [20, 15], "uv_size": [1, -11]}
							}
						},
						{
							"origin": [3.98123, 20.21297, -2.25],
							"size": [2, 1.85, 4.55],
							"pivot": [4.98123, 21.81297, -1.625],
							"rotation": [0, 0, 12.5],
							"uv": {
								"north": {"uv": [21, 4], "uv_size": [-1, 11]},
								"east": {"uv": [21, 4], "uv_size": [-1, 11]},
								"south": {"uv": [21, 4], "uv_size": [-1, 11]},
								"west": {"uv": [21, 4], "uv_size": [-1, 11]},
								"up": {"uv": [20, 15], "uv_size": [1, -11]},
								"down": {"uv": [20, 15], "uv_size": [1, -11]}
							}
						},
						{
							"origin": [4.32279, 17.19637, -2.25],
							"size": [2.3, 2.4, 4.55],
							"pivot": [7.32279, 19.09637, -1.625],
							"rotation": [0, 0, 55],
							"uv": {
								"north": {"uv": [21, 4], "uv_size": [-1, 11]},
								"east": {"uv": [21, 4], "uv_size": [-1, 11]},
								"south": {"uv": [21, 4], "uv_size": [-1, 11]},
								"west": {"uv": [21, 4], "uv_size": [-1, 11]},
								"up": {"uv": [20, 15], "uv_size": [1, -11]},
								"down": {"uv": [20, 15], "uv_size": [1, -11]}
							}
						},
						{
							"origin": [3.82279, 17.19637, -2.25],
							"size": [3.9, 2.8, 4.55],
							"pivot": [7.32279, 19.09637, -1.625],
							"rotation": [0, 0, 89.5],
							"uv": {
								"north": {"uv": [21, 4], "uv_size": [-1, 11]},
								"east": {"uv": [21, 4], "uv_size": [-1, 11]},
								"south": {"uv": [21, 4], "uv_size": [-1, 11]},
								"west": {"uv": [21, 4], "uv_size": [-1, 11]},
								"up": {"uv": [20, 15], "uv_size": [1, -11]},
								"down": {"uv": [20, 15], "uv_size": [1, -11]}
							}
						},
						{
							"origin": [4.1917, 21.83272, -2.25],
							"size": [1.3, 2.7, 1.25],
							"pivot": [4.8417, 22.68272, -1.625],
							"rotation": [0, 0, 115.5],
							"uv": {
								"north": {"uv": [21, 4], "uv_size": [-1, 11]},
								"east": {"uv": [21, 4], "uv_size": [-1, 11]},
								"south": {"uv": [21, 4], "uv_size": [-1, 11]},
								"west": {"uv": [21, 4], "uv_size": [-1, 11]},
								"up": {"uv": [20, 15], "uv_size": [1, -11]},
								"down": {"uv": [20, 15], "uv_size": [1, -11]}
							}
						}
					]
				},
				{
					"name": "RightArm",
					"parent": "Body",
					"pivot": [-5, 22, 0],
					"cubes": [
						{
							"origin": [-8, 12, -2],
							"size": [4, 12, 4],
							"inflate": 0.15,
							"uv": {
								"north": {"uv": [16, 24], "uv_size": [4, 10]},
								"east": {"uv": [16, 24], "uv_size": [4, 10]},
								"south": {"uv": [16, 24], "uv_size": [4, 10]},
								"west": {"uv": [16, 24], "uv_size": [4, 10]},
								"up": {"uv": [16, 24], "uv_size": [4, 4]},
								"down": {"uv": [24, 30], "uv_size": [4, -4]}
							}
						},
						{
							"origin": [-8.2, 11.8, -0.8],
							"size": [4, 12.4, 1.5],
							"uv": {
								"north": {"uv": [20, 4], "uv_size": [1, 11]},
								"east": {"uv": [20, 4], "uv_size": [1, 11]},
								"south": {"uv": [20, 4], "uv_size": [1, 11]},
								"west": {"uv": [20, 4], "uv_size": [1, 11]},
								"up": {"uv": [21, 15], "uv_size": [-1, -11]},
								"down": {"uv": [21, 15], "uv_size": [-1, -11]}
							}
						},
						{
							"origin": [-9.28055, 13.65682, -0.5],
							"size": [1, 2, 1],
							"pivot": [-7.78055, 15.15682, 0],
							"rotation": [0, 0, -45],
							"uv": {
								"north": {"uv": [20, 4], "uv_size": [1, 11]},
								"east": {"uv": [20, 4], "uv_size": [1, 11]},
								"south": {"uv": [20, 4], "uv_size": [1, 11]},
								"west": {"uv": [20, 4], "uv_size": [1, 11]},
								"up": {"uv": [21, 15], "uv_size": [-1, -11]},
								"down": {"uv": [21, 15], "uv_size": [-1, -11]}
							}
						},
						{
							"origin": [-9.19476, 14.44971, -0.5],
							"size": [0.75, 1.6, 1],
							"pivot": [-8.81976, 14.44971, 0],
							"rotation": [0, 0, -20],
							"uv": {
								"north": {"uv": [20, 4], "uv_size": [1, 11]},
								"east": {"uv": [20, 4], "uv_size": [1, 11]},
								"south": {"uv": [20, 4], "uv_size": [1, 11]},
								"west": {"uv": [20, 4], "uv_size": [1, 11]},
								"up": {"uv": [21, 15], "uv_size": [-1, -11]},
								"down": {"uv": [21, 15], "uv_size": [-1, -11]}
							}
						},
						{
							"origin": [-9.63781, 16.83509, -0.5],
							"size": [0.65, 7.9, 1],
							"pivot": [-9.26281, 17.23509, 0],
							"rotation": [0, 0, -5],
							"uv": {
								"north": {"uv": [20, 4], "uv_size": [1, 11]},
								"east": {"uv": [20, 4], "uv_size": [1, 11]},
								"south": {"uv": [20, 4], "uv_size": [1, 11]},
								"west": {"uv": [20, 4], "uv_size": [1, 11]},
								"up": {"uv": [21, 15], "uv_size": [-1, -11]},
								"down": {"uv": [21, 15], "uv_size": [-1, -11]}
							}
						},
						{
							"origin": [-7.2, 13.65682, -0.5],
							"size": [1, 3.7, 1],
							"pivot": [-7.78055, 14.15682, 0],
							"rotation": [0, 0, -45],
							"uv": {
								"north": {"uv": [20, 4], "uv_size": [1, 11]},
								"east": {"uv": [20, 4], "uv_size": [1, 11]},
								"south": {"uv": [20, 4], "uv_size": [1, 11]},
								"west": {"uv": [20, 4], "uv_size": [1, 11]},
								"up": {"uv": [21, 15], "uv_size": [-1, -11]},
								"down": {"uv": [21, 15], "uv_size": [-1, -11]}
							}
						},
						{
							"origin": [-5.98123, 20.21297, -2.25],
							"size": [2, 1.85, 4.45],
							"pivot": [-4.98123, 21.81297, -1.625],
							"rotation": [0, 0, -12.5],
							"uv": {
								"north": {"uv": [20, 4], "uv_size": [1, 11]},
								"east": {"uv": [20, 4], "uv_size": [1, 11]},
								"south": {"uv": [20, 4], "uv_size": [1, 11]},
								"west": {"uv": [20, 4], "uv_size": [1, 11]},
								"up": {"uv": [21, 15], "uv_size": [-1, -11]},
								"down": {"uv": [21, 15], "uv_size": [-1, -11]}
							}
						},
						{
							"origin": [-8.2, 18.3, -2.25],
							"size": [2.7, 3.8, 4.45],
							"uv": {
								"north": {"uv": [20, 4], "uv_size": [1, 11]},
								"east": {"uv": [20, 4], "uv_size": [1, 11]},
								"south": {"uv": [20, 4], "uv_size": [1, 11]},
								"west": {"uv": [20, 4], "uv_size": [1, 11]},
								"up": {"uv": [21, 15], "uv_size": [-1, -11]},
								"down": {"uv": [21, 15], "uv_size": [-1, -11]}
							}
						},
						{
							"origin": [-7.02279, 17.09637, -2.25],
							"size": [2.7, 2.5, 4.45],
							"pivot": [-7.32279, 19.09637, -1.625],
							"rotation": [0, 0, -55],
							"uv": {
								"north": {"uv": [20, 4], "uv_size": [1, 11]},
								"east": {"uv": [20, 4], "uv_size": [1, 11]},
								"south": {"uv": [20, 4], "uv_size": [1, 11]},
								"west": {"uv": [20, 4], "uv_size": [1, 11]},
								"up": {"uv": [21, 15], "uv_size": [-1, -11]},
								"down": {"uv": [21, 15], "uv_size": [-1, -11]}
							}
						},
						{
							"origin": [-5.92241, 21.42251, -2.25],
							"size": [1.5, 3.1, 1.25],
							"pivot": [-4.97241, 22.57251, -1.625],
							"rotation": [0, 0, -123.5],
							"uv": {
								"north": {"uv": [20, 4], "uv_size": [1, 11]},
								"east": {"uv": [20, 4], "uv_size": [1, 11]},
								"south": {"uv": [20, 4], "uv_size": [1, 11]},
								"west": {"uv": [20, 4], "uv_size": [1, 11]},
								"up": {"uv": [21, 15], "uv_size": [-1, -11]},
								"down": {"uv": [21, 15], "uv_size": [-1, -11]}
							}
						}
					]
				}
			]
		}
	]
}