{
	"format_version": "1.12.0",
	"minecraft:geometry": [
		{
			"description": {
				"identifier": "geometry.mc_bandit",
				"texture_width": 64,
				"texture_height": 64,
				"visible_bounds_width": 3,
				"visible_bounds_height": 4,
				"visible_bounds_offset": [0, 1, 0]
			},
			"bones": [
				{
					"name": "root",
					"pivot": [0, 0, 0]
				},
				{
					"name": "RightLeg",
					"parent": "root",
					"pivot": [-1.9, 12, 0],
					"cubes": [
						{
							"origin": [-3.9, 0, -2],
							"size": [4, 12, 4],
							"inflate": 0.15,
							"uv": {
								"north": {"uv": [4, 20], "uv_size": [4, 12]},
								"east": {"uv": [0, 20], "uv_size": [4, 12]},
								"south": {"uv": [12, 20], "uv_size": [4, 12]},
								"west": {"uv": [8, 20], "uv_size": [4, 12]},
								"up": {"uv": [4, 16], "uv_size": [4, 4]},
								"down": {"uv": [8, 20], "uv_size": [4, -4]}
							}
						},
						{
							"origin": [-3.9, 0, -2],
							"size": [4, 12, 4],
							"inflate": 0.25,
							"uv": {
								"north": {"uv": [4, 36], "uv_size": [4, 12]},
								"east": {"uv": [0, 36], "uv_size": [4, 12]},
								"south": {"uv": [12, 36], "uv_size": [4, 12]},
								"west": {"uv": [8, 36], "uv_size": [4, 12]},
								"up": {"uv": [4, 32], "uv_size": [4, 4]},
								"down": {"uv": [8, 36], "uv_size": [4, -4]}
							}
						}
					]
				},
				{
					"name": "LeftLeg",
					"parent": "root",
					"pivot": [1.9, 12, 0],
					"cubes": [
						{
							"origin": [-0.1, 0, -2],
							"size": [4, 12, 4],
							"inflate": 0.15,
							"uv": {
								"north": {"uv": [8, 20], "uv_size": [-4, 12]},
								"east": {"uv": [12, 20], "uv_size": [-4, 12]},
								"south": {"uv": [16, 20], "uv_size": [-4, 12]},
								"west": {"uv": [4, 20], "uv_size": [-4, 12]},
								"up": {"uv": [8, 16], "uv_size": [-4, 4]},
								"down": {"uv": [12, 20], "uv_size": [-4, -4]}
							}
						},
						{
							"origin": [-0.1, 0, -2],
							"size": [4, 12, 4],
							"inflate": 0.25,
							"uv": {
								"north": {"uv": [8, 36], "uv_size": [-4, 12]},
								"east": {"uv": [12, 36], "uv_size": [-4, 12]},
								"south": {"uv": [16, 36], "uv_size": [-4, 12]},
								"west": {"uv": [4, 36], "uv_size": [-4, 12]},
								"up": {"uv": [8, 32], "uv_size": [-4, 4]},
								"down": {"uv": [12, 36], "uv_size": [-4, -4]}
							}
						}
					]
				},
				{
					"name": "waist",
					"parent": "root",
					"pivot": [0, 0, 0]
				},
				{
					"name": "Body",
					"parent": "waist",
					"pivot": [0, 24, 0],
					"cubes": [
						{
							"origin": [-4, 12, -2],
							"size": [8, 12, 4],
							"inflate": 0.15,
							"uv": {
								"north": {"uv": [20, 20], "uv_size": [8, 12]},
								"east": {"uv": [16, 20], "uv_size": [4, 12]},
								"south": {"uv": [32, 20], "uv_size": [8, 12]},
								"west": {"uv": [28, 20], "uv_size": [4, 12]},
								"up": {"uv": [20, 16], "uv_size": [8, 4]},
								"down": {"uv": [28, 20], "uv_size": [8, -4]}
							}
						},
						{
							"origin": [-4, 12, -2],
							"size": [8, 12, 4],
							"inflate": 0.25,
							"uv": {
								"north": {"uv": [20, 36], "uv_size": [8, 12]},
								"east": {"uv": [16, 36], "uv_size": [4, 12]},
								"south": {"uv": [32, 36], "uv_size": [8, 12]},
								"west": {"uv": [28, 36], "uv_size": [4, 12]},
								"up": {"uv": [20, 32], "uv_size": [8, 4]},
								"down": {"uv": [28, 36], "uv_size": [8, -4]}
							}
						}
					]
				},
				{
					"name": "Head",
					"parent": "Body",
					"pivot": [0, 24, 0],
					"cubes": [
						{
							"origin": [-4, 24, -4],
							"size": [8, 8, 8],
							"inflate": 0.15,
							"uv": {
								"north": {"uv": [8, 8], "uv_size": [8, 8]},
								"east": {"uv": [0, 8], "uv_size": [8, 8]},
								"south": {"uv": [24, 8], "uv_size": [8, 8]},
								"west": {"uv": [16, 8], "uv_size": [8, 8]},
								"up": {"uv": [8, 0], "uv_size": [8, 8]},
								"down": {"uv": [16, 8], "uv_size": [8, -8]}
							}
						},
						{
							"origin": [-4, 24, -4],
							"size": [8, 8, 8],
							"inflate": 0.4,
							"uv": {
								"north": {"uv": [40, 8], "uv_size": [8, 8]},
								"east": {"uv": [32, 8], "uv_size": [8, 8]},
								"south": {"uv": [56, 8], "uv_size": [8, 8]},
								"west": {"uv": [48, 8], "uv_size": [8, 8]},
								"up": {"uv": [40, 0], "uv_size": [8, 8]},
								"down": {"uv": [48, 8], "uv_size": [8, -8]}
							}
						}
					]
				},
				{
					"name": "RightArm",
					"parent": "Body",
					"pivot": [-5, 22, 0],
					"cubes": [
						{
							"origin": [-8, 12, -2],
							"size": [4, 12, 4],
							"inflate": 0.15,
							"uv": {
								"north": {"uv": [44, 20], "uv_size": [4, 12]},
								"east": {"uv": [40, 20], "uv_size": [4, 12]},
								"south": {"uv": [52, 20], "uv_size": [4, 12]},
								"west": {"uv": [48, 20], "uv_size": [4, 12]},
								"up": {"uv": [44, 16], "uv_size": [4, 4]},
								"down": {"uv": [48, 20], "uv_size": [4, -4]}
							}
						},
						{
							"origin": [-8, 12, -2],
							"size": [4, 12, 4],
							"inflate": 0.25,
							"uv": {
								"north": {"uv": [44, 36], "uv_size": [4, 12]},
								"east": {"uv": [40, 36], "uv_size": [4, 12]},
								"south": {"uv": [52, 36], "uv_size": [4, 12]},
								"west": {"uv": [48, 36], "uv_size": [4, 12]},
								"up": {"uv": [44, 32], "uv_size": [4, 4]},
								"down": {"uv": [48, 36], "uv_size": [4, -4]}
							}
						}
					]
				},
				{
					"name": "miltiq",
					"parent": "RightArm",
					"pivot": [-6, 14, -3],
					"cubes": [
						{
							"origin": [-6.936, 12.544, -4.04],
							"size": [1.872, 1.456, 2.08],
							"pivot": [-6, 14, -3],
							"rotation": [11, 0, 0],
							"uv": {
								"north": {"uv": [44, 0.7], "uv_size": [10.8, 9.2]},
								"east": {"uv": [44, 0.7], "uv_size": [10.8, 9.2]},
								"south": {"uv": [44, 0.7], "uv_size": [10.8, 9.2]},
								"west": {"uv": [44, 0.7], "uv_size": [10.8, 9.2]},
								"up": {"uv": [54.8, 9.9], "uv_size": [-10.8, -9.2]},
								"down": {"uv": [54.8, 9.9], "uv_size": [-10.8, -9.2]}
							}
						},
						{
							"origin": [-7.04, 12.752, -4.456],
							"size": [2.08, 1.56, 1.352],
							"uv": {
								"north": {"uv": [44, 0.7], "uv_size": [10.8, 9.2]},
								"east": {"uv": [44, 0.7], "uv_size": [10.8, 9.2]},
								"south": {"uv": [44, 0.7], "uv_size": [10.8, 9.2]},
								"west": {"uv": [44, 0.7], "uv_size": [10.8, 9.2]},
								"up": {"uv": [54.8, 9.9], "uv_size": [-10.8, -9.2]},
								"down": {"uv": [54.8, 9.9], "uv_size": [-10.8, -9.2]}
							}
						},
						{
							"origin": [-6.832, 8.176, -4.456],
							"size": [1.664, 6.24, 1.248],
							"pivot": [-4.752, 14, -3.832],
							"rotation": [-2, 0, 0],
							"uv": {
								"north": {"uv": [44, 0.7], "uv_size": [10.8, 9.2]},
								"east": {"uv": [44, 0.7], "uv_size": [10.8, 9.2]},
								"south": {"uv": [44, 0.7], "uv_size": [10.8, 9.2]},
								"west": {"uv": [44, 0.7], "uv_size": [10.8, 9.2]},
								"up": {"uv": [54.8, 9.9], "uv_size": [-10.8, -9.2]},
								"down": {"uv": [54.8, 9.9], "uv_size": [-10.8, -9.2]}
							}
						},
						{
							"origin": [-6.208, 8.19331, -4.92745],
							"size": [0.52, 2.496, 1.248],
							"pivot": [-5.948, 9.44131, -4.40745],
							"rotation": [-12, 0, 0],
							"uv": {
								"north": {"uv": [44, 0.7], "uv_size": [10.8, 9.2]},
								"east": {"uv": [44, 0.7], "uv_size": [10.8, 9.2]},
								"south": {"uv": [44, 0.7], "uv_size": [10.8, 9.2]},
								"west": {"uv": [44, 0.7], "uv_size": [10.8, 9.2]},
								"up": {"uv": [54.8, 9.9], "uv_size": [-10.8, -9.2]},
								"down": {"uv": [54.8, 9.9], "uv_size": [-10.8, -9.2]}
							}
						},
						{
							"origin": [-6.104, 8.66527, -4.05146],
							"size": [0.312, 3.12, 0.936],
							"pivot": [-5.948, 10.01727, -3.73946],
							"rotation": [-5, 0, 0],
							"uv": {
								"north": {"uv": [3, 3], "uv_size": [1, 1]},
								"east": {"uv": [2, 3], "uv_size": [1, 1]},
								"south": {"uv": [5, 3], "uv_size": [1, 1]},
								"west": {"uv": [4, 3], "uv_size": [1, 1]},
								"up": {"uv": [3, 2], "uv_size": [1, 1]},
								"down": {"uv": [4, 3], "uv_size": [1, -1]}
							}
						},
						{
							"origin": [-6.104, 11.66869, -3.71577],
							"size": [0.312, 0.416, 2.288],
							"pivot": [-5.948, 12.20127, -3.32346],
							"rotation": [49.39154, 6.47944, -1.95387],
							"uv": {
								"north": {"uv": [3, 3], "uv_size": [1, 1]},
								"east": {"uv": [2, 3], "uv_size": [1, 1]},
								"south": {"uv": [5, 3], "uv_size": [1, 1]},
								"west": {"uv": [4, 3], "uv_size": [1, 1]},
								"up": {"uv": [3, 2], "uv_size": [1, 1]},
								"down": {"uv": [4, 3], "uv_size": [1, -1]}
							}
						},
						{
							"origin": [-6.52, 12.95993, -4.6076],
							"size": [1.144, 1.456, 0.832],
							"pivot": [-5.948, 13.47993, -4.3996],
							"rotation": [6, 0, 0],
							"uv": {
								"north": {"uv": [44, 0.7], "uv_size": [10.8, 9.2]},
								"east": {"uv": [44, 0.7], "uv_size": [10.8, 9.2]},
								"south": {"uv": [44, 0.7], "uv_size": [10.8, 9.2]},
								"west": {"uv": [44, 0.7], "uv_size": [10.8, 9.2]},
								"up": {"uv": [54.8, 9.9], "uv_size": [-10.8, -9.2]},
								"down": {"uv": [54.8, 9.9], "uv_size": [-10.8, -9.2]}
							}
						}
					]
				},
				{
					"name": "LeftArm",
					"parent": "Body",
					"pivot": [5, 22, 0],
					"cubes": [
						{
							"origin": [4, 12, -2],
							"size": [4, 12, 4],
							"inflate": 0.15,
							"uv": {
								"north": {"uv": [48, 20], "uv_size": [-4, 12]},
								"east": {"uv": [52, 20], "uv_size": [-4, 12]},
								"south": {"uv": [56, 20], "uv_size": [-4, 12]},
								"west": {"uv": [44, 20], "uv_size": [-4, 12]},
								"up": {"uv": [48, 16], "uv_size": [-4, 4]},
								"down": {"uv": [52, 20], "uv_size": [-4, -4]}
							}
						},
						{
							"origin": [4, 12, -2],
							"size": [4, 12, 4],
							"inflate": 0.25,
							"uv": {
								"north": {"uv": [48, 36], "uv_size": [-4, 12]},
								"east": {"uv": [52, 36], "uv_size": [-4, 12]},
								"south": {"uv": [56, 36], "uv_size": [-4, 12]},
								"west": {"uv": [44, 36], "uv_size": [-4, 12]},
								"up": {"uv": [48, 32], "uv_size": [-4, 4]},
								"down": {"uv": [52, 36], "uv_size": [-4, -4]}
							}
						}
					]
				},
				{
					"name": "miltiq2",
					"parent": "LeftArm",
					"pivot": [6, 14, -3],
					"cubes": [
						{
							"origin": [5.064, 12.544, -4.04],
							"size": [1.872, 1.456, 2.08],
							"pivot": [6, 14, -3],
							"rotation": [11, 0, 0],
							"uv": {
								"north": {"uv": [44, 0.7], "uv_size": [10.8, 9.2]},
								"east": {"uv": [44, 0.7], "uv_size": [10.8, 9.2]},
								"south": {"uv": [44, 0.7], "uv_size": [10.8, 9.2]},
								"west": {"uv": [44, 0.7], "uv_size": [10.8, 9.2]},
								"up": {"uv": [54.8, 9.9], "uv_size": [-10.8, -9.2]},
								"down": {"uv": [54.8, 9.9], "uv_size": [-10.8, -9.2]}
							}
						},
						{
							"origin": [4.96, 12.752, -4.456],
							"size": [2.08, 1.56, 1.352],
							"uv": {
								"north": {"uv": [44, 0.7], "uv_size": [10.8, 9.2]},
								"east": {"uv": [44, 0.7], "uv_size": [10.8, 9.2]},
								"south": {"uv": [44, 0.7], "uv_size": [10.8, 9.2]},
								"west": {"uv": [44, 0.7], "uv_size": [10.8, 9.2]},
								"up": {"uv": [54.8, 9.9], "uv_size": [-10.8, -9.2]},
								"down": {"uv": [54.8, 9.9], "uv_size": [-10.8, -9.2]}
							}
						},
						{
							"origin": [5.168, 8.176, -4.456],
							"size": [1.664, 6.24, 1.248],
							"pivot": [7.248, 14, -3.832],
							"rotation": [-2, 0, 0],
							"uv": {
								"north": {"uv": [44, 0.7], "uv_size": [10.8, 9.2]},
								"east": {"uv": [44, 0.7], "uv_size": [10.8, 9.2]},
								"south": {"uv": [44, 0.7], "uv_size": [10.8, 9.2]},
								"west": {"uv": [44, 0.7], "uv_size": [10.8, 9.2]},
								"up": {"uv": [54.8, 9.9], "uv_size": [-10.8, -9.2]},
								"down": {"uv": [54.8, 9.9], "uv_size": [-10.8, -9.2]}
							}
						},
						{
							"origin": [5.792, 8.19331, -4.92745],
							"size": [0.52, 2.496, 1.248],
							"pivot": [6.052, 9.44131, -4.40745],
							"rotation": [-12, 0, 0],
							"uv": {
								"north": {"uv": [44, 0.7], "uv_size": [10.8, 9.2]},
								"east": {"uv": [44, 0.7], "uv_size": [10.8, 9.2]},
								"south": {"uv": [44, 0.7], "uv_size": [10.8, 9.2]},
								"west": {"uv": [44, 0.7], "uv_size": [10.8, 9.2]},
								"up": {"uv": [54.8, 9.9], "uv_size": [-10.8, -9.2]},
								"down": {"uv": [54.8, 9.9], "uv_size": [-10.8, -9.2]}
							}
						},
						{
							"origin": [5.896, 8.66527, -4.05146],
							"size": [0.312, 3.12, 0.936],
							"pivot": [6.052, 10.01727, -3.73946],
							"rotation": [-5, 0, 0],
							"uv": {
								"north": {"uv": [3, 3], "uv_size": [1, 1]},
								"east": {"uv": [2, 3], "uv_size": [1, 1]},
								"south": {"uv": [5, 3], "uv_size": [1, 1]},
								"west": {"uv": [4, 3], "uv_size": [1, 1]},
								"up": {"uv": [3, 2], "uv_size": [1, 1]},
								"down": {"uv": [4, 3], "uv_size": [1, -1]}
							}
						},
						{
							"origin": [5.896, 11.66869, -3.71577],
							"size": [0.312, 0.416, 2.288],
							"pivot": [6.052, 12.20127, -3.32346],
							"rotation": [49.39154, 6.47944, -1.95387],
							"uv": {
								"north": {"uv": [3, 3], "uv_size": [1, 1]},
								"east": {"uv": [2, 3], "uv_size": [1, 1]},
								"south": {"uv": [5, 3], "uv_size": [1, 1]},
								"west": {"uv": [4, 3], "uv_size": [1, 1]},
								"up": {"uv": [3, 2], "uv_size": [1, 1]},
								"down": {"uv": [4, 3], "uv_size": [1, -1]}
							}
						},
						{
							"origin": [5.48, 12.95993, -4.6076],
							"size": [1.144, 1.456, 0.832],
							"pivot": [6.052, 13.47993, -4.3996],
							"rotation": [6, 0, 0],
							"uv": {
								"north": {"uv": [44, 0.7], "uv_size": [10.8, 9.2]},
								"east": {"uv": [44, 0.7], "uv_size": [10.8, 9.2]},
								"south": {"uv": [44, 0.7], "uv_size": [10.8, 9.2]},
								"west": {"uv": [44, 0.7], "uv_size": [10.8, 9.2]},
								"up": {"uv": [54.8, 9.9], "uv_size": [-10.8, -9.2]},
								"down": {"uv": [54.8, 9.9], "uv_size": [-10.8, -9.2]}
							}
						}
					]
				}
			]
		}
	]
}