{
	"format_version": "1.12.0",
	"minecraft:geometry": [
		{
			"description": {
				"identifier": "geometry.mc_bigtime",
				"texture_width": 64,
				"texture_height": 64,
				"visible_bounds_width": 3,
				"visible_bounds_height": 3.5,
				"visible_bounds_offset": [0, 1.25, 0]
			},
			"bones": [
				{
					"name": "root",
					"pivot": [0, 0, 0]
				},
				{
					"name": "RightLeg",
					"parent": "root",
					"pivot": [-1.9, 12, 0],
					"cubes": [
						{
							"origin": [-3.9, 0, -2],
							"size": [4, 12, 4],
							"inflate": 0.15,
							"uv": {
								"north": {"uv": [8, 20], "uv_size": [4, 12]},
								"east": {"uv": [12, 20], "uv_size": [4, 12]},
								"south": {"uv": [24, 0], "uv_size": [4, 12]},
								"west": {"uv": [24, 12], "uv_size": [4, 12]},
								"up": {"uv": [44, 10], "uv_size": [4, 4]},
								"down": {"uv": [44, 18], "uv_size": [4, -4]}
							}
						},
						{
							"origin": [-4.2, 3.225, -2.3],
							"size": [4.5, 2.875, 4.6],
							"inflate": 0.15,
							"uv": {
								"north": {"uv": [48, 15], "uv_size": [5, 3]},
								"east": {"uv": [18, 48], "uv_size": [5, 3]},
								"south": {"uv": [48, 18], "uv_size": [5, 3]},
								"west": {"uv": [48, 21], "uv_size": [5, 3]},
								"up": {"uv": [34, 38], "uv_size": [5, 5]},
								"down": {"uv": [39, 43], "uv_size": [5, -5]}
							}
						},
						{
							"origin": [-2.6, 0.125, -2.3],
							"size": [1.3, 2.275, 4.6],
							"inflate": 0.15,
							"uv": {
								"north": {"uv": [34, 52], "uv_size": [2, 2]},
								"east": {"uv": [49, 32], "uv_size": [5, 2]},
								"south": {"uv": [36, 52], "uv_size": [2, 2]},
								"west": {"uv": [50, 26], "uv_size": [5, 2]},
								"up": {"uv": [44, 49], "uv_size": [2, 5]},
								"down": {"uv": [46, 54], "uv_size": [2, -5]}
							}
						},
						{
							"origin": [-3.8452, 5.0784, -2.2],
							"size": [1, 6.9, 0.8],
							"pivot": [-3.1452, 8.5284, -1.5],
							"rotation": [0, -45, 5],
							"uv": {
								"north": {"uv": [48, 50], "uv_size": [1, 7]},
								"east": {"uv": [42, 48], "uv_size": [2, 7]},
								"south": {"uv": [49, 50], "uv_size": [1, 7]},
								"west": {"uv": [3, 49], "uv_size": [2, 7]},
								"up": {"uv": [56, 9], "uv_size": [1, 2]},
								"down": {"uv": [10, 58], "uv_size": [1, -2]}
							}
						}
					]
				},
				{
					"name": "LeftLeg",
					"parent": "root",
					"pivot": [1.9, 12, 0],
					"cubes": [
						{
							"origin": [-0.1, 0, -2],
							"size": [4, 12, 4],
							"inflate": 0.15,
							"uv": {
								"north": {"uv": [16, 24], "uv_size": [4, 12]},
								"east": {"uv": [20, 24], "uv_size": [4, 12]},
								"south": {"uv": [24, 24], "uv_size": [4, 12]},
								"west": {"uv": [0, 28], "uv_size": [4, 12]},
								"up": {"uv": [44, 18], "uv_size": [4, 4]},
								"down": {"uv": [44, 26], "uv_size": [4, -4]}
							}
						},
						{
							"origin": [-0.4, 3.225, -2.3],
							"size": [4.5, 2.875, 4.6],
							"inflate": 0.15,
							"uv": {
								"north": {"uv": [5, 49], "uv_size": [4, 3]},
								"east": {"uv": [48, 12], "uv_size": [5, 3]},
								"south": {"uv": [49, 5], "uv_size": [4, 3]},
								"west": {"uv": [13, 48], "uv_size": [5, 3]},
								"up": {"uv": [28, 42], "uv_size": [4, 5]},
								"down": {"uv": [32, 48], "uv_size": [4, -5]}
							}
						},
						{
							"origin": [1.2, 0.125, -2.3],
							"size": [1.3, 2.275, 4.6],
							"inflate": 0.15,
							"uv": {
								"north": {"uv": [40, 51], "uv_size": [2, 2]},
								"east": {"uv": [48, 24], "uv_size": [5, 2]},
								"south": {"uv": [32, 52], "uv_size": [2, 2]},
								"west": {"uv": [49, 30], "uv_size": [5, 2]},
								"up": {"uv": [9, 49], "uv_size": [2, 5]},
								"down": {"uv": [11, 54], "uv_size": [2, -5]}
							}
						},
						{
							"origin": [2.67942, 5.36578, -2.2],
							"size": [0.4, 6.8, 0.9],
							"inflate": 0.15,
							"pivot": [2.92942, 8.76578, -1.75],
							"rotation": [0, -45, -8],
							"uv": {
								"north": {"uv": [50, 50], "uv_size": [1, 7]},
								"east": {"uv": [13, 51], "uv_size": [1, 7]},
								"south": {"uv": [14, 51], "uv_size": [1, 7]},
								"west": {"uv": [15, 51], "uv_size": [1, 7]},
								"up": {"uv": [57, 22], "uv_size": [1, 1]},
								"down": {"uv": [23, 58], "uv_size": [1, -1]}
							}
						}
					]
				},
				{
					"name": "waist",
					"parent": "root",
					"pivot": [0, 0, 0]
				},
				{
					"name": "Body",
					"parent": "waist",
					"pivot": [0, 24, 0],
					"cubes": [
						{
							"origin": [-4, 12, -2],
							"size": [8, 12, 4],
							"inflate": 0.15,
							"uv": {
								"north": {"uv": [0, 0], "uv_size": [8, 12]},
								"east": {"uv": [28, 0], "uv_size": [4, 12]},
								"south": {"uv": [8, 0], "uv_size": [8, 12]},
								"west": {"uv": [4, 28], "uv_size": [4, 12]},
								"up": {"uv": [36, 18], "uv_size": [8, 4]},
								"down": {"uv": [36, 26], "uv_size": [8, -4]}
							}
						},
						{
							"origin": [-4, 18.4, -2.1],
							"size": [8, 5.6, 0.7],
							"inflate": 0.15,
							"uv": {
								"north": {"uv": [36, 12], "uv_size": [8, 6]},
								"east": {"uv": [16, 51], "uv_size": [1, 6]},
								"south": {"uv": [16, 36], "uv_size": [8, 6]},
								"west": {"uv": [17, 51], "uv_size": [1, 6]},
								"up": {"uv": [49, 34], "uv_size": [8, 1]},
								"down": {"uv": [50, 29], "uv_size": [8, -1]}
							}
						},
						{
							"origin": [-1.6, 19.5, -2.4],
							"size": [3.2, 1.8, 0.6],
							"uv": {
								"north": {"uv": [5, 40], "uv_size": [3, 2]},
								"east": {"uv": [7, 42], "uv_size": [1, 2]},
								"south": {"uv": [40, 10], "uv_size": [3, 2]},
								"west": {"uv": [43, 10], "uv_size": [1, 2]},
								"up": {"uv": [41, 37], "uv_size": [3, 1]},
								"down": {"uv": [46, 31], "uv_size": [3, -1]}
							}
						},
						{
							"origin": [-1.9, 18.8, 1.9],
							"size": [4, 4, 0.6],
							"uv": {
								"north": {"uv": [28, 47], "uv_size": [4, 4]},
								"east": {"uv": [15, 44], "uv_size": [1, 4]},
								"south": {"uv": [48, 8], "uv_size": [4, 4]},
								"west": {"uv": [4, 45], "uv_size": [1, 4]},
								"up": {"uv": [53, 22], "uv_size": [4, 1]},
								"down": {"uv": [53, 24], "uv_size": [4, -1]}
							}
						},
						{
							"origin": [-2.6, 21.8, 1.8],
							"size": [5.4, 0.6, 0.6],
							"uv": {
								"north": {"uv": [50, 29], "uv_size": [5, 1]},
								"east": {"uv": [57, 30], "uv_size": [1, 1]},
								"south": {"uv": [20, 51], "uv_size": [5, 1]},
								"west": {"uv": [31, 57], "uv_size": [1, 1]},
								"up": {"uv": [25, 51], "uv_size": [5, 1]},
								"down": {"uv": [30, 52], "uv_size": [5, -1]}
							}
						},
						{
							"origin": [-2.6, 20.6, 1.8],
							"size": [5.4, 0.6, 0.6],
							"uv": {
								"north": {"uv": [35, 51], "uv_size": [5, 1]},
								"east": {"uv": [57, 31], "uv_size": [1, 1]},
								"south": {"uv": [51, 50], "uv_size": [5, 1]},
								"west": {"uv": [57, 32], "uv_size": [1, 1]},
								"up": {"uv": [51, 51], "uv_size": [5, 1]},
								"down": {"uv": [52, 1], "uv_size": [5, -1]}
							}
						},
						{
							"origin": [-2.6, 19.4, 1.8],
							"size": [5.4, 0.6, 0.6],
							"uv": {
								"north": {"uv": [52, 1], "uv_size": [5, 1]},
								"east": {"uv": [57, 33], "uv_size": [1, 1]},
								"south": {"uv": [52, 2], "uv_size": [5, 1]},
								"west": {"uv": [57, 34], "uv_size": [1, 1]},
								"up": {"uv": [52, 3], "uv_size": [5, 1]},
								"down": {"uv": [52, 5], "uv_size": [5, -1]}
							}
						},
						{
							"origin": [4, 21.1, 1.8],
							"size": [1, 0.6, 0.6],
							"pivot": [0, 23.5, 0.2],
							"rotation": [0, 0, 29],
							"uv": {
								"north": {"uv": [38, 57], "uv_size": [1, 1]},
								"east": {"uv": [39, 57], "uv_size": [1, 1]},
								"south": {"uv": [57, 43], "uv_size": [1, 1]},
								"west": {"uv": [57, 44], "uv_size": [1, 1]},
								"up": {"uv": [45, 57], "uv_size": [1, 1]},
								"down": {"uv": [57, 46], "uv_size": [1, -1]}
							}
						},
						{
							"origin": [3.4, 22.2, 1.8],
							"size": [1, 0.6, 0.6],
							"pivot": [0, 23.5, 0.2],
							"rotation": [0, 0, 29],
							"uv": {
								"north": {"uv": [46, 57], "uv_size": [1, 1]},
								"east": {"uv": [57, 46], "uv_size": [1, 1]},
								"south": {"uv": [47, 57], "uv_size": [1, 1]},
								"west": {"uv": [57, 47], "uv_size": [1, 1]},
								"up": {"uv": [48, 57], "uv_size": [1, 1]},
								"down": {"uv": [57, 49], "uv_size": [1, -1]}
							}
						},
						{
							"origin": [2.9, 23.3, 1.8],
							"size": [1, 0.6, 0.6],
							"pivot": [0, 23.5, 0.2],
							"rotation": [0, 0, 29],
							"uv": {
								"north": {"uv": [49, 57], "uv_size": [1, 1]},
								"east": {"uv": [57, 49], "uv_size": [1, 1]},
								"south": {"uv": [50, 57], "uv_size": [1, 1]},
								"west": {"uv": [57, 50], "uv_size": [1, 1]},
								"up": {"uv": [57, 51], "uv_size": [1, 1]},
								"down": {"uv": [57, 53], "uv_size": [1, -1]}
							}
						},
						{
							"origin": [-3.8, 23.1, 1.8],
							"size": [1, 0.6, 0.6],
							"pivot": [0, 23.5, 0.2],
							"rotation": [0, 0, -26],
							"uv": {
								"north": {"uv": [57, 53], "uv_size": [1, 1]},
								"east": {"uv": [57, 54], "uv_size": [1, 1]},
								"south": {"uv": [57, 55], "uv_size": [1, 1]},
								"west": {"uv": [56, 57], "uv_size": [1, 1]},
								"up": {"uv": [57, 56], "uv_size": [1, 1]},
								"down": {"uv": [57, 58], "uv_size": [1, -1]}
							}
						},
						{
							"origin": [-4.3, 22, 1.8],
							"size": [1, 0.6, 0.6],
							"pivot": [0, 23.5, 0.2],
							"rotation": [0, 0, -26],
							"uv": {
								"north": {"uv": [0, 58], "uv_size": [1, 1]},
								"east": {"uv": [58, 0], "uv_size": [1, 1]},
								"south": {"uv": [1, 58], "uv_size": [1, 1]},
								"west": {"uv": [58, 1], "uv_size": [1, 1]},
								"up": {"uv": [2, 58], "uv_size": [1, 1]},
								"down": {"uv": [58, 3], "uv_size": [1, -1]}
							}
						},
						{
							"origin": [-4.8, 20.9, 1.8],
							"size": [1, 0.6, 0.6],
							"pivot": [0, 23.5, 0.2],
							"rotation": [0, 0, -26],
							"uv": {
								"north": {"uv": [3, 58], "uv_size": [1, 1]},
								"east": {"uv": [58, 3], "uv_size": [1, 1]},
								"south": {"uv": [4, 58], "uv_size": [1, 1]},
								"west": {"uv": [58, 4], "uv_size": [1, 1]},
								"up": {"uv": [5, 58], "uv_size": [1, 1]},
								"down": {"uv": [58, 6], "uv_size": [1, -1]}
							}
						},
						{
							"origin": [0.8, 21.6, 1.8],
							"size": [2.2, 0.8, 0.6],
							"pivot": [0, 23.5, 0.2],
							"rotation": [0, 0, -35],
							"uv": {
								"north": {"uv": [56, 11], "uv_size": [2, 1]},
								"east": {"uv": [27, 57], "uv_size": [1, 1]},
								"south": {"uv": [18, 56], "uv_size": [2, 1]},
								"west": {"uv": [28, 57], "uv_size": [1, 1]},
								"up": {"uv": [20, 56], "uv_size": [2, 1]},
								"down": {"uv": [22, 57], "uv_size": [2, -1]}
							}
						},
						{
							"origin": [0.8, 24.6, 1.8],
							"size": [2.2, 0.8, 0.6],
							"pivot": [0, 23.5, 0.2],
							"rotation": [0, 0, -145],
							"uv": {
								"north": {"uv": [24, 56], "uv_size": [2, 1]},
								"east": {"uv": [29, 57], "uv_size": [1, 1]},
								"south": {"uv": [26, 56], "uv_size": [2, 1]},
								"west": {"uv": [30, 57], "uv_size": [1, 1]},
								"up": {"uv": [28, 56], "uv_size": [2, 1]},
								"down": {"uv": [30, 57], "uv_size": [2, -1]}
							}
						},
						{
							"origin": [-1.6, 18.4, 1.9],
							"size": [3.2, 4.8, 0.6],
							"uv": {
								"north": {"uv": [0, 49], "uv_size": [3, 5]},
								"east": {"uv": [18, 51], "uv_size": [1, 5]},
								"south": {"uv": [49, 0], "uv_size": [3, 5]},
								"west": {"uv": [19, 51], "uv_size": [1, 5]},
								"up": {"uv": [55, 41], "uv_size": [3, 1]},
								"down": {"uv": [55, 43], "uv_size": [3, -1]}
							}
						},
						{
							"origin": [-1.3, 22.2, -2.4],
							"size": [2.6, 0.9, 0.6],
							"uv": {
								"north": {"uv": [53, 49], "uv_size": [3, 1]},
								"east": {"uv": [23, 54], "uv_size": [1, 1]},
								"south": {"uv": [51, 53], "uv_size": [3, 1]},
								"west": {"uv": [56, 51], "uv_size": [1, 1]},
								"up": {"uv": [0, 54], "uv_size": [3, 1]},
								"down": {"uv": [5, 55], "uv_size": [3, -1]}
							}
						},
						{
							"origin": [1.13619, 21.91702, -2.3],
							"size": [2.8, 0.7, 0.6],
							"pivot": [2.53619, 22.26702, -2],
							"rotation": [-45, 0, -27],
							"uv": {
								"north": {"uv": [8, 54], "uv_size": [3, 1]},
								"east": {"uv": [57, 5], "uv_size": [1, 1]},
								"south": {"uv": [20, 54], "uv_size": [3, 1]},
								"west": {"uv": [6, 57], "uv_size": [1, 1]},
								"up": {"uv": [54, 30], "uv_size": [3, 1]},
								"down": {"uv": [54, 32], "uv_size": [3, -1]}
							}
						},
						{
							"origin": [-3.93619, 21.91702, -2.3],
							"size": [2.8, 0.7, 0.6],
							"pivot": [-2.53619, 22.26702, -2],
							"rotation": [-45, 0, 27],
							"uv": {
								"north": {"uv": [32, 54], "uv_size": [3, 1]},
								"east": {"uv": [57, 6], "uv_size": [1, 1]},
								"south": {"uv": [54, 32], "uv_size": [3, 1]},
								"west": {"uv": [7, 57], "uv_size": [1, 1]},
								"up": {"uv": [54, 33], "uv_size": [3, 1]},
								"down": {"uv": [35, 55], "uv_size": [3, -1]}
							}
						},
						{
							"origin": [-4.18735, 20.69578, -2.3],
							"size": [2.8, 0.7, 0.6],
							"pivot": [-2.78735, 21.04578, -2],
							"rotation": [-45, 0, 2],
							"uv": {
								"north": {"uv": [44, 54], "uv_size": [3, 1]},
								"east": {"uv": [57, 7], "uv_size": [1, 1]},
								"south": {"uv": [51, 54], "uv_size": [3, 1]},
								"west": {"uv": [8, 57], "uv_size": [1, 1]},
								"up": {"uv": [54, 53], "uv_size": [3, 1]},
								"down": {"uv": [54, 55], "uv_size": [3, -1]}
							}
						},
						{
							"origin": [-3.57636, 18.98155, -2.3],
							"size": [2.8, 0.7, 0.6],
							"pivot": [-2.17636, 19.33155, -2],
							"rotation": [-45, 0, -17],
							"uv": {
								"north": {"uv": [23, 55], "uv_size": [3, 1]},
								"east": {"uv": [57, 10], "uv_size": [1, 1]},
								"south": {"uv": [55, 24], "uv_size": [3, 1]},
								"west": {"uv": [11, 57], "uv_size": [1, 1]},
								"up": {"uv": [55, 25], "uv_size": [3, 1]},
								"down": {"uv": [26, 56], "uv_size": [3, -1]}
							}
						},
						{
							"origin": [-0.56007, 19.18413, -3.34113],
							"size": [1.9, 0.7, 0.6],
							"pivot": [0.05, 18.49299, -2],
							"rotation": [-46.58214, 6.81973, -103.09428],
							"uv": {
								"north": {"uv": [53, 55], "uv_size": [2, 1]},
								"east": {"uv": [57, 16], "uv_size": [1, 1]},
								"south": {"uv": [55, 55], "uv_size": [2, 1]},
								"west": {"uv": [17, 57], "uv_size": [1, 1]},
								"up": {"uv": [0, 56], "uv_size": [2, 1]},
								"down": {"uv": [2, 57], "uv_size": [2, -1]}
							}
						},
						{
							"origin": [-0.56007, 17.10186, -1.25887],
							"size": [1.9, 0.7, 0.6],
							"pivot": [0.05, 18.49299, -2],
							"rotation": [-43.41786, 6.81973, -76.90572],
							"uv": {
								"north": {"uv": [4, 56], "uv_size": [2, 1]},
								"east": {"uv": [57, 17], "uv_size": [1, 1]},
								"south": {"uv": [6, 56], "uv_size": [2, 1]},
								"west": {"uv": [18, 57], "uv_size": [1, 1]},
								"up": {"uv": [8, 56], "uv_size": [2, 1]},
								"down": {"uv": [56, 9], "uv_size": [2, -1]}
							}
						},
						{
							"origin": [0.08859, 16.15684, -2.2],
							"size": [2.8, 0.7, 0.6],
							"pivot": [1.48859, 16.50684, -1.9],
							"rotation": [45, 0, -96],
							"uv": {
								"north": {"uv": [35, 55], "uv_size": [3, 1]},
								"east": {"uv": [57, 18], "uv_size": [1, 1]},
								"south": {"uv": [55, 35], "uv_size": [3, 1]},
								"west": {"uv": [19, 57], "uv_size": [1, 1]},
								"up": {"uv": [55, 36], "uv_size": [3, 1]},
								"down": {"uv": [55, 38], "uv_size": [3, -1]}
							}
						},
						{
							"origin": [-2.80383, 16.18999, -2.2],
							"size": [2.8, 0.7, 0.6],
							"pivot": [-1.40383, 16.53999, -1.9],
							"rotation": [-45, 0, -79],
							"uv": {
								"north": {"uv": [55, 38], "uv_size": [3, 1]},
								"east": {"uv": [57, 19], "uv_size": [1, 1]},
								"south": {"uv": [55, 39], "uv_size": [3, 1]},
								"west": {"uv": [20, 57], "uv_size": [1, 1]},
								"up": {"uv": [40, 55], "uv_size": [3, 1]},
								"down": {"uv": [55, 41], "uv_size": [3, -1]}
							}
						},
						{
							"origin": [-4.34428, 13.4665, -2.2],
							"size": [4.3, 0.7, 0.6],
							"pivot": [-2.19428, 13.8165, -1.9],
							"rotation": [-45, 0, -70],
							"uv": {
								"north": {"uv": [5, 52], "uv_size": [4, 1]},
								"east": {"uv": [57, 20], "uv_size": [1, 1]},
								"south": {"uv": [52, 8], "uv_size": [4, 1]},
								"west": {"uv": [21, 57], "uv_size": [1, 1]},
								"up": {"uv": [52, 9], "uv_size": [4, 1]},
								"down": {"uv": [52, 11], "uv_size": [4, -1]}
							}
						},
						{
							"origin": [-0.0353, 13.51916, -2.2],
							"size": [4.3, 0.7, 0.6],
							"pivot": [2.1147, 13.86916, -1.9],
							"rotation": [45, 0, -105],
							"uv": {
								"north": {"uv": [52, 11], "uv_size": [4, 1]},
								"east": {"uv": [57, 21], "uv_size": [1, 1]},
								"south": {"uv": [20, 52], "uv_size": [4, 1]},
								"west": {"uv": [22, 57], "uv_size": [1, 1]},
								"up": {"uv": [24, 52], "uv_size": [4, 1]},
								"down": {"uv": [28, 53], "uv_size": [4, -1]}
							}
						},
						{
							"origin": [-4.03551, 16.34487, -2.3],
							"size": [0.7, 2.8, 0.6],
							"pivot": [-3.68551, 17.74487, -2],
							"rotation": [0, -45, 12],
							"uv": {
								"north": {"uv": [11, 54], "uv_size": [1, 3]},
								"east": {"uv": [12, 54], "uv_size": [1, 3]},
								"south": {"uv": [38, 54], "uv_size": [1, 3]},
								"west": {"uv": [39, 54], "uv_size": [1, 3]},
								"up": {"uv": [57, 13], "uv_size": [1, 1]},
								"down": {"uv": [57, 15], "uv_size": [1, -1]}
							}
						},
						{
							"origin": [3.13551, 16.34487, -2.3],
							"size": [0.7, 2.8, 0.6],
							"pivot": [3.48551, 17.74487, -2],
							"rotation": [0, -45, -12],
							"uv": {
								"north": {"uv": [47, 54], "uv_size": [1, 3]},
								"east": {"uv": [32, 55], "uv_size": [1, 3]},
								"south": {"uv": [33, 55], "uv_size": [1, 3]},
								"west": {"uv": [34, 55], "uv_size": [1, 3]},
								"up": {"uv": [57, 15], "uv_size": [1, 1]},
								"down": {"uv": [16, 58], "uv_size": [1, -1]}
							}
						},
						{
							"origin": [0.87199, 18.95232, -2.3],
							"size": [2.4, 0.7, 0.6],
							"pivot": [2.27199, 19.30232, -2],
							"rotation": [-45, 0, 17],
							"uv": {
								"north": {"uv": [55, 26], "uv_size": [3, 1]},
								"east": {"uv": [12, 57], "uv_size": [1, 1]},
								"south": {"uv": [55, 27], "uv_size": [3, 1]},
								"west": {"uv": [57, 12], "uv_size": [1, 1]},
								"up": {"uv": [29, 55], "uv_size": [3, 1]},
								"down": {"uv": [55, 30], "uv_size": [3, -1]}
							}
						},
						{
							"origin": [1.28741, 20.69229, -2.3],
							"size": [2.8, 0.7, 0.6],
							"pivot": [2.68741, 21.04229, -2],
							"rotation": [-45, 0, -2],
							"uv": {
								"north": {"uv": [0, 55], "uv_size": [3, 1]},
								"east": {"uv": [9, 57], "uv_size": [1, 1]},
								"south": {"uv": [5, 55], "uv_size": [3, 1]},
								"west": {"uv": [57, 9], "uv_size": [1, 1]},
								"up": {"uv": [8, 55], "uv_size": [3, 1]},
								"down": {"uv": [20, 56], "uv_size": [3, -1]}
							}
						},
						{
							"origin": [-1.3, 22.8, -2.4],
							"size": [0.8, 0.9, 0.6],
							"uv": {
								"north": {"uv": [56, 56], "uv_size": [1, 1]},
								"east": {"uv": [0, 57], "uv_size": [1, 1]},
								"south": {"uv": [57, 0], "uv_size": [1, 1]},
								"west": {"uv": [1, 57], "uv_size": [1, 1]},
								"up": {"uv": [57, 1], "uv_size": [1, 1]},
								"down": {"uv": [2, 58], "uv_size": [1, -1]}
							}
						},
						{
							"origin": [0.5, 22.8, -2.4],
							"size": [0.8, 0.9, 0.6],
							"uv": {
								"north": {"uv": [57, 2], "uv_size": [1, 1]},
								"east": {"uv": [3, 57], "uv_size": [1, 1]},
								"south": {"uv": [57, 3], "uv_size": [1, 1]},
								"west": {"uv": [4, 57], "uv_size": [1, 1]},
								"up": {"uv": [57, 4], "uv_size": [1, 1]},
								"down": {"uv": [5, 58], "uv_size": [1, -1]}
							}
						},
						{
							"origin": [-1.1, 18.7, -2.4],
							"size": [2.2, 2, 0.6],
							"uv": {
								"north": {"uv": [34, 36], "uv_size": [2, 2]},
								"east": {"uv": [47, 8], "uv_size": [1, 2]},
								"south": {"uv": [5, 42], "uv_size": [2, 2]},
								"west": {"uv": [47, 35], "uv_size": [1, 2]},
								"up": {"uv": [32, 42], "uv_size": [2, 1]},
								"down": {"uv": [43, 56], "uv_size": [2, -1]}
							}
						},
						{
							"origin": [-2.1, 20.2, -2.4],
							"size": [1.5, 2, 0.6],
							"pivot": [0, 23.5, 0.2],
							"rotation": [0, 0, -13],
							"uv": {
								"north": {"uv": [13, 44], "uv_size": [2, 2]},
								"east": {"uv": [55, 43], "uv_size": [1, 2]},
								"south": {"uv": [45, 8], "uv_size": [2, 2]},
								"west": {"uv": [45, 55], "uv_size": [1, 2]},
								"up": {"uv": [55, 45], "uv_size": [2, 1]},
								"down": {"uv": [55, 47], "uv_size": [2, -1]}
							}
						},
						{
							"origin": [0.5, 20.2, -2.4],
							"size": [1.5, 2, 0.6],
							"pivot": [0, 23.5, 0.2],
							"rotation": [0, 0, 13],
							"uv": {
								"north": {"uv": [45, 35], "uv_size": [2, 2]},
								"east": {"uv": [46, 55], "uv_size": [1, 2]},
								"south": {"uv": [13, 46], "uv_size": [2, 2]},
								"west": {"uv": [55, 47], "uv_size": [1, 2]},
								"up": {"uv": [51, 55], "uv_size": [2, 1]},
								"down": {"uv": [55, 53], "uv_size": [2, -1]}
							}
						}
					]
				},
				{
					"name": "Head",
					"parent": "Body",
					"pivot": [0, 24, 0],
					"cubes": [
						{
							"origin": [-4, 24, -4],
							"size": [8, 8, 8],
							"inflate": 0.15,
							"uv": {
								"north": {"uv": [0, 12], "uv_size": [8, 8]},
								"east": {"uv": [8, 12], "uv_size": [8, 8]},
								"south": {"uv": [16, 0], "uv_size": [8, 8]},
								"west": {"uv": [16, 8], "uv_size": [8, 8]},
								"up": {"uv": [16, 16], "uv_size": [8, 8]},
								"down": {"uv": [0, 28], "uv_size": [8, -8]}
							}
						}
					]
				},
				{
					"name": "Eyeglaz",
					"parent": "Head",
					"pivot": [-0.4, 28, -4],
					"cubes": [
						{
							"origin": [0.2, 27.4, -4.25],
							"size": [1.9, 1.9, 2],
							"pivot": [0.2, 27.3, -3.25],
							"rotation": [0, 0, 30],
							"uv": {
								"north": {"uv": [38, 52], "uv_size": [2, 2]},
								"east": {"uv": [24, 53], "uv_size": [2, 2]},
								"south": {"uv": [53, 24], "uv_size": [2, 2]},
								"west": {"uv": [26, 53], "uv_size": [2, 2]},
								"up": {"uv": [28, 53], "uv_size": [2, 2]},
								"down": {"uv": [30, 55], "uv_size": [2, -2]}
							}
						},
						{
							"origin": [-1.1, 28.7, -4.25],
							"size": [1.5, 2, 2],
							"pivot": [0.2, 27.3, -3.25],
							"rotation": [0, 0, 70],
							"uv": {
								"north": {"uv": [35, 56], "uv_size": [1, 2]},
								"east": {"uv": [53, 35], "uv_size": [2, 2]},
								"south": {"uv": [36, 56], "uv_size": [1, 2]},
								"west": {"uv": [53, 37], "uv_size": [2, 2]},
								"up": {"uv": [37, 56], "uv_size": [1, 2]},
								"down": {"uv": [40, 58], "uv_size": [1, -2]}
							}
						},
						{
							"origin": [2.7, 27.7, -4.25],
							"size": [1, 2, 2],
							"uv": {
								"north": {"uv": [41, 56], "uv_size": [1, 2]},
								"east": {"uv": [53, 39], "uv_size": [2, 2]},
								"south": {"uv": [42, 56], "uv_size": [1, 2]},
								"west": {"uv": [40, 53], "uv_size": [2, 2]},
								"up": {"uv": [43, 56], "uv_size": [1, 2]},
								"down": {"uv": [56, 45], "uv_size": [1, -2]}
							}
						},
						{
							"origin": [1.4, 28.1, -4.25],
							"size": [1, 2, 2],
							"pivot": [0.2, 27.3, -3.25],
							"rotation": [0, 0, 46],
							"uv": {
								"north": {"uv": [44, 56], "uv_size": [1, 2]},
								"east": {"uv": [53, 41], "uv_size": [2, 2]},
								"south": {"uv": [56, 47], "uv_size": [1, 2]},
								"west": {"uv": [53, 43], "uv_size": [2, 2]},
								"up": {"uv": [56, 49], "uv_size": [1, 2]},
								"down": {"uv": [51, 58], "uv_size": [1, -2]}
							}
						},
						{
							"origin": [-0.4, 27.6, -4.25],
							"size": [1, 2, 2],
							"pivot": [0.2, 27.3, -3.25],
							"rotation": [0, 0, 105],
							"uv": {
								"north": {"uv": [52, 56], "uv_size": [1, 2]},
								"east": {"uv": [53, 45], "uv_size": [2, 2]},
								"south": {"uv": [53, 56], "uv_size": [1, 2]},
								"west": {"uv": [53, 47], "uv_size": [2, 2]},
								"up": {"uv": [54, 56], "uv_size": [1, 2]},
								"down": {"uv": [55, 58], "uv_size": [1, -2]}
							}
						}
					]
				},
				{
					"name": "Eyeglaz2",
					"parent": "Head",
					"pivot": [0.4, 28, -3],
					"rotation": [0, 180, 0],
					"cubes": [
						{
							"origin": [1, 27.5, -3.75],
							"size": [1.9, 1.8, 2],
							"pivot": [1, 27.3, -2.5],
							"rotation": [0, 0, 30],
							"uv": {
								"north": {"uv": [38, 52], "uv_size": [2, 2]},
								"east": {"uv": [24, 53], "uv_size": [2, 2]},
								"south": {"uv": [53, 24], "uv_size": [2, 2]},
								"west": {"uv": [26, 53], "uv_size": [2, 2]},
								"up": {"uv": [28, 53], "uv_size": [2, 2]},
								"down": {"uv": [30, 55], "uv_size": [2, -2]}
							}
						},
						{
							"origin": [-0.3, 28.7, -3.75],
							"size": [1.5, 2, 2],
							"pivot": [1, 27.3, -2.5],
							"rotation": [0, 0, 70],
							"uv": {
								"north": {"uv": [35, 56], "uv_size": [1, 2]},
								"east": {"uv": [53, 35], "uv_size": [2, 2]},
								"south": {"uv": [36, 56], "uv_size": [1, 2]},
								"west": {"uv": [53, 37], "uv_size": [2, 2]},
								"up": {"uv": [37, 56], "uv_size": [1, 2]},
								"down": {"uv": [40, 58], "uv_size": [1, -2]}
							}
						},
						{
							"origin": [3.5, 27.7, -3.75],
							"size": [1, 2, 2],
							"uv": {
								"north": {"uv": [41, 56], "uv_size": [1, 2]},
								"east": {"uv": [53, 39], "uv_size": [2, 2]},
								"south": {"uv": [42, 56], "uv_size": [1, 2]},
								"west": {"uv": [40, 53], "uv_size": [2, 2]},
								"up": {"uv": [43, 56], "uv_size": [1, 2]},
								"down": {"uv": [56, 45], "uv_size": [1, -2]}
							}
						},
						{
							"origin": [2.2, 28.1, -3.75],
							"size": [1, 2, 2],
							"pivot": [1, 27.3, -2.5],
							"rotation": [0, 0, 46],
							"uv": {
								"north": {"uv": [44, 56], "uv_size": [1, 2]},
								"east": {"uv": [53, 41], "uv_size": [2, 2]},
								"south": {"uv": [56, 47], "uv_size": [1, 2]},
								"west": {"uv": [53, 43], "uv_size": [2, 2]},
								"up": {"uv": [56, 49], "uv_size": [1, 2]},
								"down": {"uv": [51, 58], "uv_size": [1, -2]}
							}
						},
						{
							"origin": [0.4, 27.6, -3.75],
							"size": [1, 2, 2],
							"pivot": [1, 27.3, -2.5],
							"rotation": [0, 0, 105],
							"uv": {
								"north": {"uv": [52, 56], "uv_size": [1, 2]},
								"east": {"uv": [53, 45], "uv_size": [2, 2]},
								"south": {"uv": [53, 56], "uv_size": [1, 2]},
								"west": {"uv": [53, 47], "uv_size": [2, 2]},
								"up": {"uv": [54, 56], "uv_size": [1, 2]},
								"down": {"uv": [55, 58], "uv_size": [1, -2]}
							}
						}
					]
				},
				{
					"name": "RightArm",
					"parent": "Body",
					"pivot": [-5, 22, 0],
					"cubes": [
						{
							"origin": [-8, 12, -2],
							"size": [4, 12, 4],
							"inflate": 0.15,
							"uv": {
								"north": {"uv": [28, 12], "uv_size": [4, 12]},
								"east": {"uv": [28, 24], "uv_size": [4, 12]},
								"south": {"uv": [32, 0], "uv_size": [4, 12]},
								"west": {"uv": [8, 32], "uv_size": [4, 12]},
								"up": {"uv": [44, 37], "uv_size": [4, 4]},
								"down": {"uv": [44, 45], "uv_size": [4, -4]}
							}
						},
						{
							"origin": [-8.3, 21.3, -2.3],
							"size": [4.7, 2.9, 4.6],
							"inflate": 0.15,
							"uv": {
								"north": {"uv": [48, 38], "uv_size": [5, 3]},
								"east": {"uv": [48, 41], "uv_size": [5, 3]},
								"south": {"uv": [48, 44], "uv_size": [5, 3]},
								"west": {"uv": [48, 47], "uv_size": [5, 3]},
								"up": {"uv": [40, 5], "uv_size": [5, 5]},
								"down": {"uv": [41, 31], "uv_size": [5, -5]}
							}
						},
						{
							"origin": [-8.1, 12.7, -1.8],
							"size": [4.3, 6.1, 4.1],
							"inflate": 0.15,
							"uv": {
								"north": {"uv": [41, 31], "uv_size": [4, 6]},
								"east": {"uv": [24, 36], "uv_size": [5, 6]},
								"south": {"uv": [16, 42], "uv_size": [4, 6]},
								"west": {"uv": [36, 26], "uv_size": [5, 6]},
								"up": {"uv": [36, 43], "uv_size": [4, 5]},
								"down": {"uv": [40, 48], "uv_size": [4, -5]}
							}
						},
						{
							"origin": [-7.29643, 19.89648, -2.2],
							"size": [3.7, 0.3, 0.7],
							"inflate": 0.15,
							"pivot": [-5.44643, 20.04648, -1.85],
							"rotation": [-45, 0, -38],
							"uv": {
								"north": {"uv": [53, 15], "uv_size": [4, 1]},
								"east": {"uv": [57, 23], "uv_size": [1, 1]},
								"south": {"uv": [53, 16], "uv_size": [4, 1]},
								"west": {"uv": [24, 57], "uv_size": [1, 1]},
								"up": {"uv": [53, 17], "uv_size": [4, 1]},
								"down": {"uv": [53, 19], "uv_size": [4, -1]}
							}
						},
						{
							"origin": [-8.99815, 16.79414, -2.2],
							"size": [3.7, 0.3, 0.7],
							"inflate": 0.15,
							"pivot": [-7.14815, 16.94414, -1.85],
							"rotation": [-45, 0, -85],
							"uv": {
								"north": {"uv": [53, 19], "uv_size": [4, 1]},
								"east": {"uv": [25, 57], "uv_size": [1, 1]},
								"south": {"uv": [20, 53], "uv_size": [4, 1]},
								"west": {"uv": [26, 57], "uv_size": [1, 1]},
								"up": {"uv": [53, 20], "uv_size": [4, 1]},
								"down": {"uv": [53, 22], "uv_size": [4, -1]}
							}
						}
					]
				},
				{
					"name": "LeftArm",
					"parent": "Body",
					"pivot": [5, 22, 0],
					"cubes": [
						{
							"origin": [4, 12, -2],
							"size": [4, 12, 4],
							"inflate": 0.15,
							"uv": {
								"north": {"uv": [12, 32], "uv_size": [4, 12]},
								"east": {"uv": [32, 12], "uv_size": [4, 12]},
								"south": {"uv": [32, 24], "uv_size": [4, 12]},
								"west": {"uv": [36, 0], "uv_size": [4, 12]},
								"up": {"uv": [0, 45], "uv_size": [4, 4]},
								"down": {"uv": [45, 4], "uv_size": [4, -4]}
							}
						},
						{
							"origin": [3.7, 21.3, -2.3],
							"size": [4.7, 2.9, 4.6],
							"inflate": 0.15,
							"uv": {
								"north": {"uv": [23, 48], "uv_size": [5, 3]},
								"east": {"uv": [32, 48], "uv_size": [5, 3]},
								"south": {"uv": [48, 35], "uv_size": [5, 3]},
								"west": {"uv": [37, 48], "uv_size": [5, 3]},
								"up": {"uv": [0, 40], "uv_size": [5, 5]},
								"down": {"uv": [40, 5], "uv_size": [5, -5]}
							}
						},
						{
							"origin": [3.46866, 19.64736, -2.1],
							"size": [3.5, 0.5, 1],
							"inflate": 0.15,
							"pivot": [5.21866, 19.89736, -1.675],
							"rotation": [-45, 0, 43],
							"uv": {
								"north": {"uv": [51, 52], "uv_size": [4, 1]},
								"east": {"uv": [5, 53], "uv_size": [4, 1]},
								"south": {"uv": [53, 5], "uv_size": [4, 1]},
								"west": {"uv": [53, 6], "uv_size": [4, 1]},
								"up": {"uv": [45, 4], "uv_size": [4, 4]},
								"down": {"uv": [45, 35], "uv_size": [4, -4]}
							}
						},
						{
							"origin": [4.94358, 16.69311, -2.1],
							"size": [3.5, 0.5, 1],
							"inflate": 0.15,
							"pivot": [6.69358, 16.94311, -1.675],
							"rotation": [-45, 0, 86],
							"uv": {
								"north": {"uv": [53, 7], "uv_size": [4, 1]},
								"east": {"uv": [53, 12], "uv_size": [4, 1]},
								"south": {"uv": [53, 13], "uv_size": [4, 1]},
								"west": {"uv": [53, 14], "uv_size": [4, 1]},
								"up": {"uv": [44, 45], "uv_size": [4, 4]},
								"down": {"uv": [46, 30], "uv_size": [4, -4]}
							}
						}
					]
				}
			]
		}
	]
}