{
	"format_version": "1.12.0",
	"minecraft:geometry": [
		{
			"description": {
				"identifier": "geometry.chpglider",
				"texture_width": 32,
				"texture_height": 32,
				"visible_bounds_width": 3,
				"visible_bounds_height": 3.5,
				"visible_bounds_offset": [0, 1.25, 0]
			},
			"bones": [
				{
					"name": "root",
					"pivot": [0, 0, 0]
				},
				{
					"name": "waist",
					"parent": "root",
					"pivot": [0, 0, 0]
				},
				{
					"name": "Body",
					"parent": "waist",
					"pivot": [0, 24, 0],
					"cubes": [
						{
							"origin": [4, 11, -1],
							"size": [7, 10, 0],
							"uv": {
								"north": {"uv": [0, 0], "uv_size": [32, 32]},
								"east": {"uv": [0, 0], "uv_size": [32, 32]},
								"south": {"uv": [32, 0], "uv_size": [-32, 32]},
								"west": {"uv": [7, 10], "uv_size": [0, 10]},
								"up": {"uv": [0, 10], "uv_size": [7, 0]},
								"down": {"uv": [7, 10], "uv_size": [7, 0]}
							}
						},
						{
							"origin": [-11, 11, -1],
							"size": [7, 10, 0],
							"uv": {
								"north": {"uv": [32, 0], "uv_size": [-32, 32]},
								"east": {"uv": [0, 0], "uv_size": [32, 32]},
								"south": {"uv": [0, 0], "uv_size": [32, 32]},
								"west": {"uv": [7, 0], "uv_size": [0, 10]},
								"up": {"uv": [0, 0], "uv_size": [7, 0]},
								"down": {"uv": [7, 0], "uv_size": [7, 0]}
							}
						}
					]
				}
			]
		}
	]
}