{
	"format_version": "1.12.0",
	"minecraft:geometry": [
		{
			"description": {
				"identifier": "geometry.mc_punkguitar",
				"texture_width": 64,
				"texture_height": 64,
				"visible_bounds_width": 3,
				"visible_bounds_height": 3.5,
				"visible_bounds_offset": [0, 1.25, 0]
			},
			"bones": [
				{
					"name": "root",
					"pivot": [0, 0, 0]
				},
				{
					"name": "waist",
					"parent": "root",
					"pivot": [0, 0, 0]
				},
				{
					"name": "Body",
					"parent": "waist",
					"pivot": [0, 24, 0]
				},
				{
					"name": "shar",
					"parent": "Body",
					"pivot": [0, 17, -2],
					"cubes": [
						{
							"origin": [-1.5, 15.5, -2],
							"size": [3, 3, 0],
							"uv": {
								"north": {"uv": [19.0125, 19.225], "uv_size": [44.225, 44.775]},
								"east": {"uv": [0, 0], "uv_size": [1, 1]},
								"south": {"uv": [19.0125, 19.225], "uv_size": [44.225, 44.775]},
								"west": {"uv": [0, 0], "uv_size": [1, 1]},
								"up": {"uv": [1, 1], "uv_size": [-1, -1]},
								"down": {"uv": [1, 1], "uv_size": [-1, -1]}
							}
						}
					]
				},
				{
					"name": "gitar",
					"parent": "Body",
					"pivot": [-2.8, 12.9, -3.1],
					"rotation": [0, 0, -11],
					"cubes": [
						{
							"origin": [-6.8, 10.9, -4.2],
							"size": [8, 4.5, 1],
							"pivot": [-2.8, 12.9, -3.1],
							"rotation": [0, 0, 9],
							"uv": {
								"north": {"uv": [5.25, 8.25], "uv_size": [17.125, 10.75]},
								"east": {"uv": [1, 2], "uv_size": [1, 4]},
								"south": {"uv": [11, 2], "uv_size": [8, 4]},
								"west": {"uv": [10, 2], "uv_size": [1, 4]},
								"up": {"uv": [2, 1], "uv_size": [8, 1]},
								"down": {"uv": [10, 2], "uv_size": [8, -1]}
							}
						},
						{
							"origin": [-0.8, 13.9, -3.5],
							"size": [1, 10.5, 0.5],
							"pivot": [-2.8, 12.9, -3.1],
							"rotation": [0, 0, -11],
							"uv": {
								"north": {"uv": [0, 52.925], "uv_size": [13.0625, 11.075]},
								"east": {"uv": [0, 52.925], "uv_size": [13.0625, 11.075]},
								"south": {"uv": [0, 52.925], "uv_size": [13.0625, 11.075]},
								"west": {"uv": [0, 52.925], "uv_size": [13.0625, 11.075]},
								"up": {"uv": [13.0625, 64], "uv_size": [-13.0625, -11.075]},
								"down": {"uv": [13.0625, 64], "uv_size": [-13.0625, -11.075]}
							}
						},
						{
							"origin": [-2.95515, 8.79929, 2.5],
							"size": [1, 15.8, 0.5],
							"pivot": [-2.84273, 24.19067, 2.75],
							"rotation": [0, 0, -23],
							"uv": {
								"north": {"uv": [0, 52.925], "uv_size": [13.0625, 11.075]},
								"east": {"uv": [0, 52.925], "uv_size": [13.0625, 11.075]},
								"south": {"uv": [0, 52.925], "uv_size": [13.0625, 11.075]},
								"west": {"uv": [0, 52.925], "uv_size": [13.0625, 11.075]},
								"up": {"uv": [13.0625, 64], "uv_size": [-13.0625, -11.075]},
								"down": {"uv": [13.0625, 64], "uv_size": [-13.0625, -11.075]}
							}
						},
						{
							"origin": [-0.8, 23.5, -3.1],
							"size": [1, 0.9, 6.1],
							"pivot": [-2.8, 12.9, -3.1],
							"rotation": [0, 0, -11],
							"uv": {
								"north": {"uv": [0, 48.775], "uv_size": [11.7375, 15.225]},
								"east": {"uv": [0, 48.775], "uv_size": [11.7375, 15.225]},
								"south": {"uv": [0, 48.775], "uv_size": [11.7375, 15.225]},
								"west": {"uv": [0, 48.775], "uv_size": [11.7375, 15.225]},
								"up": {"uv": [11.7375, 64], "uv_size": [-11.7375, -15.225]},
								"down": {"uv": [11.7375, 64], "uv_size": [-11.7375, -15.225]}
							}
						},
						{
							"origin": [0.2, 12.3, -4.1],
							"size": [14.4, 2, 1],
							"pivot": [-2.8, 12.9, -3.1],
							"rotation": [0, 0, -1],
							"uv": {
								"north": {"uv": [36.125, 0], "uv_size": [27.625, 9.75]},
								"east": {"uv": [1, 2], "uv_size": [1, 2]},
								"south": {"uv": [17, 2], "uv_size": [14, 2]},
								"west": {"uv": [16, 2], "uv_size": [1, 2]},
								"up": {"uv": [2, 1], "uv_size": [14, 1]},
								"down": {"uv": [16, 2], "uv_size": [14, -1]}
							}
						},
						{
							"origin": [11.18703, 13.48613, -4.2],
							"size": [4.1, 1.6, 1.2],
							"pivot": [12.18703, 13.78613, -3.6],
							"rotation": [0.32892, -0.0719, 10.05818],
							"uv": {
								"north": {"uv": [2, 2], "uv_size": [4, 1]},
								"east": {"uv": [1, 2], "uv_size": [1, 1]},
								"south": {"uv": [7, 2], "uv_size": [4, 1]},
								"west": {"uv": [6, 2], "uv_size": [1, 1]},
								"up": {"uv": [2, 1], "uv_size": [4, 1]},
								"down": {"uv": [6, 2], "uv_size": [4, -1]}
							}
						},
						{
							"origin": [11.18703, 12.18613, -4.2],
							"size": [4.1, 1.6, 1.2],
							"pivot": [12.18703, 13.78613, -3.6],
							"rotation": [0, 0, -8],
							"uv": {
								"north": {"uv": [2, 2], "uv_size": [4, 1]},
								"east": {"uv": [1, 2], "uv_size": [1, 1]},
								"south": {"uv": [7, 2], "uv_size": [4, 1]},
								"west": {"uv": [6, 2], "uv_size": [1, 1]},
								"up": {"uv": [2, 1], "uv_size": [4, 1]},
								"down": {"uv": [6, 2], "uv_size": [4, -1]}
							}
						},
						{
							"origin": [-2.8, 11.9, -4.1],
							"size": [5, 3.4, 1],
							"pivot": [-2.8, 12.9, -3.1],
							"rotation": [0, 0, -30],
							"uv": {
								"north": {"uv": [2, 2], "uv_size": [5, 3]},
								"east": {"uv": [1, 2], "uv_size": [1, 3]},
								"south": {"uv": [8, 2], "uv_size": [5, 3]},
								"west": {"uv": [7, 2], "uv_size": [1, 3]},
								"up": {"uv": [2, 1], "uv_size": [5, 1]},
								"down": {"uv": [7, 2], "uv_size": [5, -1]}
							}
						},
						{
							"origin": [-9.06795, 10.9, -4.1],
							"size": [5, 4, 1],
							"pivot": [-4.8, 12.9, -3.1],
							"rotation": [0, 0, -42.5],
							"uv": {
								"north": {"uv": [2, 2], "uv_size": [5, 4]},
								"east": {"uv": [1, 2], "uv_size": [1, 4]},
								"south": {"uv": [8, 2], "uv_size": [5, 4]},
								"west": {"uv": [7, 2], "uv_size": [1, 4]},
								"up": {"uv": [2, 1], "uv_size": [5, 1]},
								"down": {"uv": [7, 2], "uv_size": [5, -1]}
							}
						},
						{
							"origin": [-9.06795, 10.9, -4],
							"size": [5, 4, 1],
							"pivot": [-4.8, 12.9, -3.1],
							"rotation": [0, 0, 7.5],
							"uv": {
								"north": {"uv": [2, 2], "uv_size": [5, 4]},
								"east": {"uv": [1, 2], "uv_size": [1, 4]},
								"south": {"uv": [8, 2], "uv_size": [5, 4]},
								"west": {"uv": [7, 2], "uv_size": [1, 4]},
								"up": {"uv": [2, 1], "uv_size": [5, 1]},
								"down": {"uv": [7, 2], "uv_size": [5, -1]}
							}
						},
						{
							"origin": [-9.56795, 12.9, -4.1],
							"size": [5.5, 2.4, 1],
							"pivot": [-4.8, 12.9, -3.1],
							"rotation": [0, 0, 30],
							"uv": {
								"north": {"uv": [2, 2], "uv_size": [5, 2]},
								"east": {"uv": [1, 2], "uv_size": [1, 2]},
								"south": {"uv": [8, 2], "uv_size": [5, 2]},
								"west": {"uv": [7, 2], "uv_size": [1, 2]},
								"up": {"uv": [2, 1], "uv_size": [5, 1]},
								"down": {"uv": [7, 2], "uv_size": [5, -1]}
							}
						}
					]
				}
			]
		}
	]
}