{
	"format_version": "1.12.0",
	"minecraft:geometry": [
		{
			"description": {
				"identifier": "geometry.mc_spidergwen",
				"texture_width": 128,
				"texture_height": 128,
				"visible_bounds_width": 3,
				"visible_bounds_height": 3.5,
				"visible_bounds_offset": [0, 1.25, 0]
			},
			"bones": [
				{
					"name": "root",
					"pivot": [0, 0, 0]
				},
				{
					"name": "RightLeg",
					"parent": "root",
					"pivot": [-1.9, 12, 0],
					"cubes": [
						{
							"origin": [-3.9, 0, -2],
							"size": [4, 12, 4],
							"inflate": 0.15,
							"uv": {
								"north": {"uv": [33, 26], "uv_size": [4, 12]},
								"east": {"uv": [8, 34], "uv_size": [4, 12]},
								"south": {"uv": [12, 34], "uv_size": [4, 12]},
								"west": {"uv": [16, 34], "uv_size": [4, 12]},
								"up": {"uv": [9, 21], "uv_size": [4, 4]},
								"down": {"uv": [49, 41], "uv_size": [4, -4]}
							}
						},
						{
							"origin": [-4, -0.1, -2.1],
							"size": [4.2, 2.1, 4.2],
							"inflate": 0.15,
							"uv": {
								"north": {"uv": [57, 37], "uv_size": [4, 2]},
								"east": {"uv": [57, 39], "uv_size": [4, 2]},
								"south": {"uv": [40, 57], "uv_size": [4, 2]},
								"west": {"uv": [44, 57], "uv_size": [4, 2]},
								"up": {"uv": [50, 41], "uv_size": [4, 4]},
								"down": {"uv": [45, 54], "uv_size": [4, -4]}
							}
						}
					]
				},
				{
					"name": "LeftLeg",
					"parent": "root",
					"pivot": [1.9, 12, 0],
					"cubes": [
						{
							"origin": [-0.1, 0, -2],
							"size": [4, 12, 4],
							"inflate": 0.15,
							"uv": {
								"north": {"uv": [20, 34], "uv_size": [4, 12]},
								"east": {"uv": [0, 36], "uv_size": [4, 12]},
								"south": {"uv": [4, 36], "uv_size": [4, 12]},
								"west": {"uv": [36, 26], "uv_size": [4, 12]},
								"up": {"uv": [50, 21], "uv_size": [4, 4]},
								"down": {"uv": [50, 29], "uv_size": [4, -4]}
							}
						},
						{
							"origin": [-0.2, -0.1, -2.1],
							"size": [4.2, 2.1, 4.2],
							"inflate": 0.15,
							"uv": {
								"north": {"uv": [48, 57], "uv_size": [4, 2]},
								"east": {"uv": [53, 57], "uv_size": [4, 2]},
								"south": {"uv": [57, 57], "uv_size": [4, 2]},
								"west": {"uv": [58, 0], "uv_size": [4, 2]},
								"up": {"uv": [50, 45], "uv_size": [4, 4]},
								"down": {"uv": [49, 54], "uv_size": [4, -4]}
							}
						}
					]
				},
				{
					"name": "waist",
					"parent": "root",
					"pivot": [0, 0, 0]
				},
				{
					"name": "Body",
					"parent": "waist",
					"pivot": [0, 24, 0],
					"cubes": [
						{
							"origin": [-4, 12, -2],
							"size": [8, 12, 4],
							"inflate": 0.15,
							"uv": {
								"north": {"uv": [0, 0], "uv_size": [8, 12]},
								"east": {"uv": [33, 38], "uv_size": [4, 12]},
								"south": {"uv": [8, 0], "uv_size": [8, 12]},
								"west": {"uv": [37, 38], "uv_size": [4, 12]},
								"up": {"uv": [46, 15], "uv_size": [8, 4]},
								"down": {"uv": [0, 52], "uv_size": [8, -4]}
							}
						},
						{
							"origin": [-4.3, 12.7, -2.1],
							"size": [2.9, 1, 1],
							"pivot": [-3.3, 13.2, -1.6],
							"rotation": [-45.72639, -2.91081, 14.01846],
							"uv": {
								"north": {"uv": [61, 25], "uv_size": [3, 1]},
								"east": {"uv": [26, 66], "uv_size": [1, 1]},
								"south": {"uv": [61, 45], "uv_size": [3, 1]},
								"west": {"uv": [66, 26], "uv_size": [1, 1]},
								"up": {"uv": [61, 46], "uv_size": [3, 1]},
								"down": {"uv": [61, 58], "uv_size": [3, -1]}
							}
						},
						{
							"origin": [1.3, 12.7, -2.1],
							"size": [2.9, 1, 1],
							"pivot": [3.2, 13.2, -1.6],
							"rotation": [-45.83294, 3.91245, -12.02845],
							"uv": {
								"north": {"uv": [61, 58], "uv_size": [3, 1]},
								"east": {"uv": [27, 66], "uv_size": [1, 1]},
								"south": {"uv": [62, 0], "uv_size": [3, 1]},
								"west": {"uv": [66, 27], "uv_size": [1, 1]},
								"up": {"uv": [62, 1], "uv_size": [3, 1]},
								"down": {"uv": [62, 27], "uv_size": [3, -1]}
							}
						},
						{
							"origin": [-4.3, 17.7, -2.175],
							"size": [8.6, 6.1, 1.4],
							"uv": {
								"north": {"uv": [33, 14], "uv_size": [9, 6]},
								"east": {"uv": [32, 44], "uv_size": [1, 6]},
								"south": {"uv": [33, 20], "uv_size": [9, 6]},
								"west": {"uv": [58, 41], "uv_size": [1, 6]},
								"up": {"uv": [50, 30], "uv_size": [9, 1]},
								"down": {"uv": [54, 48], "uv_size": [9, -1]}
							}
						},
						{
							"origin": [-4.3, 14.7, -2.3],
							"size": [8.6, 3.1, 1.5],
							"pivot": [0, 16.25, -1.55],
							"rotation": [2, 0, 0],
							"uv": {
								"north": {"uv": [49, 0], "uv_size": [9, 3]},
								"east": {"uv": [44, 59], "uv_size": [2, 3]},
								"south": {"uv": [49, 3], "uv_size": [9, 3]},
								"west": {"uv": [59, 44], "uv_size": [2, 3]},
								"up": {"uv": [46, 19], "uv_size": [9, 2]},
								"down": {"uv": [49, 8], "uv_size": [9, -2]}
							}
						},
						{
							"origin": [-3.9, 19.9, -2.3],
							"size": [3.5, 2.6, 2],
							"pivot": [0.05, 21.2, -1.3],
							"rotation": [-5, 0, 0],
							"uv": {
								"north": {"uv": [54, 10], "uv_size": [4, 3]},
								"east": {"uv": [58, 51], "uv_size": [2, 3]},
								"south": {"uv": [54, 13], "uv_size": [4, 3]},
								"west": {"uv": [32, 59], "uv_size": [2, 3]},
								"up": {"uv": [56, 55], "uv_size": [4, 2]},
								"down": {"uv": [13, 59], "uv_size": [4, -2]}
							}
						},
						{
							"origin": [0.5, 19.9, -2.3],
							"size": [3.5, 2.6, 2],
							"pivot": [0.05, 21.2, -1.3],
							"rotation": [-5, 0, 0],
							"uv": {
								"north": {"uv": [54, 16], "uv_size": [4, 3]},
								"east": {"uv": [34, 59], "uv_size": [2, 3]},
								"south": {"uv": [54, 21], "uv_size": [4, 3]},
								"west": {"uv": [36, 59], "uv_size": [2, 3]},
								"up": {"uv": [32, 57], "uv_size": [4, 2]},
								"down": {"uv": [36, 59], "uv_size": [4, -2]}
							}
						},
						{
							"origin": [-3.91919, 18.9983, -2.4],
							"size": [4.8, 1, 0.5],
							"pivot": [-1.86508, 18.50861, -2.15],
							"rotation": [0.71699, 1.86711, -68.98832],
							"uv": {
								"north": {"uv": [9, 25], "uv_size": [5, 1]},
								"east": {"uv": [28, 66], "uv_size": [1, 1]},
								"south": {"uv": [58, 35], "uv_size": [5, 1]},
								"west": {"uv": [66, 28], "uv_size": [1, 1]},
								"up": {"uv": [58, 36], "uv_size": [5, 1]},
								"down": {"uv": [58, 55], "uv_size": [5, -1]}
							}
						},
						{
							"origin": [-3.93652, 17.01304, -2.4],
							"size": [4.8, 1, 0.5],
							"pivot": [-1.86508, 18.50861, -2.15],
							"rotation": [-0.74947, 1.85431, -112.01213],
							"uv": {
								"north": {"uv": [59, 30], "uv_size": [5, 1]},
								"east": {"uv": [29, 66], "uv_size": [1, 1]},
								"south": {"uv": [46, 59], "uv_size": [5, 1]},
								"west": {"uv": [66, 29], "uv_size": [1, 1]},
								"up": {"uv": [53, 59], "uv_size": [5, 1]},
								"down": {"uv": [58, 60], "uv_size": [5, -1]}
							}
						},
						{
							"origin": [-3.43652, 17.01304, -2.4],
							"size": [1.8, 3.4, 0.5],
							"pivot": [-1.86508, 18.50861, -2.15],
							"rotation": [-0.74947, 1.85431, -112.01213],
							"uv": {
								"north": {"uv": [38, 59], "uv_size": [2, 3]},
								"east": {"uv": [40, 50], "uv_size": [1, 3]},
								"south": {"uv": [40, 59], "uv_size": [2, 3]},
								"west": {"uv": [33, 62], "uv_size": [1, 3]},
								"up": {"uv": [64, 45], "uv_size": [2, 1]},
								"down": {"uv": [64, 47], "uv_size": [2, -1]}
							}
						},
						{
							"origin": [-2.06247, 17.57112, -2.4],
							"size": [1.8, 1.7, 0.5],
							"pivot": [-1.86508, 18.50861, -2.15],
							"rotation": [0.06983, 1.99878, -87.99878],
							"uv": {
								"north": {"uv": [60, 55], "uv_size": [2, 2]},
								"east": {"uv": [44, 64], "uv_size": [1, 2]},
								"south": {"uv": [56, 60], "uv_size": [2, 2]},
								"west": {"uv": [64, 49], "uv_size": [1, 2]},
								"up": {"uv": [50, 64], "uv_size": [2, 1]},
								"down": {"uv": [64, 52], "uv_size": [2, -1]}
							}
						},
						{
							"origin": [0.08081, 18.9983, -2.4],
							"size": [4.8, 1, 0.5],
							"pivot": [2.13492, 18.50861, -2.15],
							"rotation": [0.71699, 1.86711, -68.98832],
							"uv": {
								"north": {"uv": [60, 14], "uv_size": [5, 1]},
								"east": {"uv": [31, 66], "uv_size": [1, 1]},
								"south": {"uv": [60, 15], "uv_size": [5, 1]},
								"west": {"uv": [66, 31], "uv_size": [1, 1]},
								"up": {"uv": [60, 16], "uv_size": [5, 1]},
								"down": {"uv": [60, 18], "uv_size": [5, -1]}
							}
						},
						{
							"origin": [1.93753, 17.57112, -2.4],
							"size": [1.8, 1.7, 0.5],
							"pivot": [2.13492, 18.50861, -2.15],
							"rotation": [0.06983, 1.99878, -87.99878],
							"uv": {
								"north": {"uv": [58, 60], "uv_size": [2, 2]},
								"east": {"uv": [55, 64], "uv_size": [1, 2]},
								"south": {"uv": [60, 60], "uv_size": [2, 2]},
								"west": {"uv": [64, 55], "uv_size": [1, 2]},
								"up": {"uv": [56, 64], "uv_size": [2, 1]},
								"down": {"uv": [64, 58], "uv_size": [2, -1]}
							}
						},
						{
							"origin": [0.06348, 17.01304, -2.4],
							"size": [4.8, 1, 0.5],
							"pivot": [2.13492, 18.50861, -2.15],
							"rotation": [-0.74947, 1.85431, -112.01213],
							"uv": {
								"north": {"uv": [60, 10], "uv_size": [5, 1]},
								"east": {"uv": [30, 66], "uv_size": [1, 1]},
								"south": {"uv": [60, 11], "uv_size": [5, 1]},
								"west": {"uv": [66, 30], "uv_size": [1, 1]},
								"up": {"uv": [60, 12], "uv_size": [5, 1]},
								"down": {"uv": [60, 14], "uv_size": [5, -1]}
							}
						},
						{
							"origin": [0.56348, 17.01304, -2.4],
							"size": [1.8, 3.4, 0.5],
							"pivot": [2.13492, 18.50861, -2.15],
							"rotation": [-0.74947, 1.85431, -112.01213],
							"uv": {
								"north": {"uv": [59, 41], "uv_size": [2, 3]},
								"east": {"uv": [34, 62], "uv_size": [1, 3]},
								"south": {"uv": [42, 59], "uv_size": [2, 3]},
								"west": {"uv": [35, 62], "uv_size": [1, 3]},
								"up": {"uv": [64, 52], "uv_size": [2, 1]},
								"down": {"uv": [53, 65], "uv_size": [2, -1]}
							}
						},
						{
							"origin": [0, 19, 1.7],
							"size": [2, 4, 0.5],
							"pivot": [1, 20, 1.7],
							"rotation": [0, 0, 32.5],
							"uv": {
								"north": {"uv": [58, 14], "uv_size": [2, 4]},
								"east": {"uv": [62, 21], "uv_size": [1, 4]},
								"south": {"uv": [19, 58], "uv_size": [2, 4]},
								"west": {"uv": [22, 62], "uv_size": [1, 4]},
								"up": {"uv": [64, 58], "uv_size": [2, 1]},
								"down": {"uv": [64, 61], "uv_size": [2, -1]}
							}
						},
						{
							"origin": [-2, 19, 1.7],
							"size": [2, 4, 0.5],
							"pivot": [-1, 20, 1.7],
							"rotation": [0, 0, -32.5],
							"uv": {
								"north": {"uv": [21, 58], "uv_size": [2, 4]},
								"east": {"uv": [23, 62], "uv_size": [1, 4]},
								"south": {"uv": [58, 21], "uv_size": [2, 4]},
								"west": {"uv": [24, 62], "uv_size": [1, 4]},
								"up": {"uv": [62, 64], "uv_size": [2, 1]},
								"down": {"uv": [64, 64], "uv_size": [2, -1]}
							}
						},
						{
							"origin": [-2, 14, 1.7],
							"size": [2, 4, 0.5],
							"pivot": [-1, 15, 1.7],
							"rotation": [0, 0, -32.5],
							"uv": {
								"north": {"uv": [58, 25], "uv_size": [2, 4]},
								"east": {"uv": [62, 31], "uv_size": [1, 4]},
								"south": {"uv": [58, 31], "uv_size": [2, 4]},
								"west": {"uv": [32, 62], "uv_size": [1, 4]},
								"up": {"uv": [2, 65], "uv_size": [2, 1]},
								"down": {"uv": [65, 11], "uv_size": [2, -1]}
							}
						},
						{
							"origin": [0, 14, 1.7],
							"size": [2, 4, 0.5],
							"pivot": [1, 15, 1.7],
							"rotation": [0, 0, 32.5],
							"uv": {
								"north": {"uv": [23, 58], "uv_size": [2, 4]},
								"east": {"uv": [25, 62], "uv_size": [1, 4]},
								"south": {"uv": [25, 58], "uv_size": [2, 4]},
								"west": {"uv": [26, 62], "uv_size": [1, 4]},
								"up": {"uv": [65, 0], "uv_size": [2, 1]},
								"down": {"uv": [65, 2], "uv_size": [2, -1]}
							}
						},
						{
							"origin": [-1.2, 12.4, 1.7],
							"size": [2.4, 8.6, 0.5],
							"pivot": [0, 20, 1.7],
							"rotation": [0, 0, 0],
							"uv": {
								"north": {"uv": [19, 46], "uv_size": [2, 9]},
								"east": {"uv": [2, 56], "uv_size": [1, 9]},
								"south": {"uv": [21, 46], "uv_size": [2, 9]},
								"west": {"uv": [3, 56], "uv_size": [1, 9]},
								"up": {"uv": [64, 64], "uv_size": [2, 1]},
								"down": {"uv": [0, 66], "uv_size": [2, -1]}
							}
						},
						{
							"origin": [-4, 12.1, 1.7],
							"size": [8.1, 4.9, 0.5],
							"pivot": [0, 20, 1.7],
							"rotation": [0, 0, 0],
							"uv": {
								"north": {"uv": [42, 21], "uv_size": [8, 5]},
								"east": {"uv": [48, 60], "uv_size": [1, 5]},
								"south": {"uv": [46, 10], "uv_size": [8, 5]},
								"west": {"uv": [49, 60], "uv_size": [1, 5]},
								"up": {"uv": [58, 18], "uv_size": [8, 1]},
								"down": {"uv": [58, 30], "uv_size": [8, -1]}
							}
						}
					]
				},
				{
					"name": "RightArm",
					"parent": "Body",
					"pivot": [-5, 22, 0],
					"cubes": [
						{
							"origin": [-7.5, 13, -2],
							"size": [3.5, 11, 4],
							"inflate": 0.15,
							"uv": {
								"north": {"uv": [41, 31], "uv_size": [4, 11]},
								"east": {"uv": [42, 10], "uv_size": [4, 11]},
								"south": {"uv": [41, 42], "uv_size": [4, 11]},
								"west": {"uv": [24, 44], "uv_size": [4, 11]},
								"up": {"uv": [32, 50], "uv_size": [4, 4]},
								"down": {"uv": [36, 54], "uv_size": [4, -4]}
							}
						},
						{
							"origin": [-5, 12, -2],
							"size": [1, 2, 4],
							"inflate": 0.15,
							"uv": {
								"north": {"uv": [64, 38], "uv_size": [1, 2]},
								"east": {"uv": [4, 56], "uv_size": [4, 2]},
								"south": {"uv": [64, 40], "uv_size": [1, 2]},
								"west": {"uv": [19, 56], "uv_size": [4, 2]},
								"up": {"uv": [50, 60], "uv_size": [1, 4]},
								"down": {"uv": [53, 64], "uv_size": [1, -4]}
							}
						},
						{
							"origin": [-7.5, 12, -2],
							"size": [2.5, 1, 4],
							"inflate": 0.1,
							"uv": {
								"north": {"uv": [50, 49], "uv_size": [3, 1]},
								"east": {"uv": [50, 29], "uv_size": [4, 1]},
								"south": {"uv": [60, 53], "uv_size": [3, 1]},
								"west": {"uv": [60, 28], "uv_size": [4, 1]},
								"up": {"uv": [13, 21], "uv_size": [3, 4]},
								"down": {"uv": [53, 53], "uv_size": [3, -4]}
							}
						},
						{
							"origin": [-5.4, 19.3, -2.2],
							"size": [1.6, 3.8, 4.4],
							"uv": {
								"north": {"uv": [5, 58], "uv_size": [2, 4]},
								"east": {"uv": [53, 37], "uv_size": [4, 4]},
								"south": {"uv": [7, 58], "uv_size": [2, 4]},
								"west": {"uv": [40, 53], "uv_size": [4, 4]},
								"up": {"uv": [9, 58], "uv_size": [2, 4]},
								"down": {"uv": [58, 14], "uv_size": [2, -4]}
							}
						},
						{
							"origin": [-4.7, 16.5, -2.2],
							"size": [0.9, 2.8, 4.4],
							"uv": {
								"north": {"uv": [39, 62], "uv_size": [1, 3]},
								"east": {"uv": [54, 41], "uv_size": [4, 3]},
								"south": {"uv": [40, 62], "uv_size": [1, 3]},
								"west": {"uv": [44, 54], "uv_size": [4, 3]},
								"up": {"uv": [10, 62], "uv_size": [1, 4]},
								"down": {"uv": [19, 66], "uv_size": [1, -4]}
							}
						},
						{
							"origin": [-5.1, 16.7, -2.2],
							"size": [0.9, 2.8, 4.4],
							"pivot": [-4.65, 18.1, 0],
							"rotation": [0, 0, -15],
							"uv": {
								"north": {"uv": [62, 40], "uv_size": [1, 3]},
								"east": {"uv": [54, 44], "uv_size": [4, 3]},
								"south": {"uv": [41, 62], "uv_size": [1, 3]},
								"west": {"uv": [48, 54], "uv_size": [4, 3]},
								"up": {"uv": [20, 62], "uv_size": [1, 4]},
								"down": {"uv": [21, 66], "uv_size": [1, -4]}
							}
						}
					]
				},
				{
					"name": "LeftArm",
					"parent": "Body",
					"pivot": [5, 22, 0],
					"cubes": [
						{
							"origin": [4, 13, -2],
							"size": [3.4, 11, 4],
							"inflate": 0.15,
							"uv": {
								"north": {"uv": [13, 46], "uv_size": [3, 11]},
								"east": {"uv": [28, 44], "uv_size": [4, 11]},
								"south": {"uv": [16, 46], "uv_size": [3, 11]},
								"west": {"uv": [45, 31], "uv_size": [4, 11]},
								"up": {"uv": [53, 53], "uv_size": [3, 4]},
								"down": {"uv": [8, 58], "uv_size": [3, -4]}
							}
						},
						{
							"origin": [4, 12, -2],
							"size": [1, 2, 4],
							"inflate": 0.15,
							"uv": {
								"north": {"uv": [64, 42], "uv_size": [1, 2]},
								"east": {"uv": [23, 56], "uv_size": [4, 2]},
								"south": {"uv": [43, 64], "uv_size": [1, 2]},
								"west": {"uv": [56, 49], "uv_size": [4, 2]},
								"up": {"uv": [54, 60], "uv_size": [1, 4]},
								"down": {"uv": [55, 64], "uv_size": [1, -4]}
							}
						},
						{
							"origin": [5, 12, -2],
							"size": [2.4, 1, 4],
							"inflate": 0.1,
							"uv": {
								"north": {"uv": [64, 25], "uv_size": [2, 1]},
								"east": {"uv": [60, 51], "uv_size": [4, 1]},
								"south": {"uv": [64, 44], "uv_size": [2, 1]},
								"west": {"uv": [60, 52], "uv_size": [4, 1]},
								"up": {"uv": [40, 10], "uv_size": [2, 4]},
								"down": {"uv": [56, 55], "uv_size": [2, -4]}
							}
						},
						{
							"origin": [3.8, 19.3, -2.2],
							"size": [1.4, 3.8, 4.4],
							"uv": {
								"north": {"uv": [61, 21], "uv_size": [1, 4]},
								"east": {"uv": [0, 52], "uv_size": [4, 4]},
								"south": {"uv": [61, 37], "uv_size": [1, 4]},
								"west": {"uv": [4, 52], "uv_size": [4, 4]},
								"up": {"uv": [61, 41], "uv_size": [1, 4]},
								"down": {"uv": [5, 66], "uv_size": [1, -4]}
							}
						},
						{
							"origin": [3.8, 16.5, -2.2],
							"size": [0.7, 2.8, 4.4],
							"uv": {
								"north": {"uv": [36, 62], "uv_size": [1, 3]},
								"east": {"uv": [54, 24], "uv_size": [4, 3]},
								"south": {"uv": [37, 62], "uv_size": [1, 3]},
								"west": {"uv": [54, 27], "uv_size": [4, 3]},
								"up": {"uv": [6, 62], "uv_size": [1, 4]},
								"down": {"uv": [7, 66], "uv_size": [1, -4]}
							}
						},
						{
							"origin": [4.2, 16.8, -2.2],
							"size": [0.7, 2.8, 4.4],
							"pivot": [4.6, 18.2, 0],
							"rotation": [0, 0, 15],
							"uv": {
								"north": {"uv": [62, 37], "uv_size": [1, 3]},
								"east": {"uv": [32, 54], "uv_size": [4, 3]},
								"south": {"uv": [38, 62], "uv_size": [1, 3]},
								"west": {"uv": [36, 54], "uv_size": [4, 3]},
								"up": {"uv": [8, 62], "uv_size": [1, 4]},
								"down": {"uv": [9, 66], "uv_size": [1, -4]}
							}
						}
					]
				},
				{
					"name": "Head",
					"parent": "Body",
					"pivot": [0, 24, 0],
					"cubes": [
						{
							"origin": [-4, 24, -4],
							"size": [8, 8, 8.2],
							"inflate": 0.15,
							"uv": {
								"north": {"uv": [24, 0], "uv_size": [8, 8]},
								"east": {"uv": [24, 8], "uv_size": [8, 8]},
								"south": {"uv": [25, 16], "uv_size": [8, 8]},
								"west": {"uv": [25, 24], "uv_size": [8, 8]},
								"up": {"uv": [9, 26], "uv_size": [8, 8]},
								"down": {"uv": [17, 34], "uv_size": [8, -8]}
							}
						}
					]
				},
				{
					"name": "kapishon",
					"parent": "Head",
					"pivot": [0, 24, 0],
					"cubes": [
						{
							"origin": [3.3, 24, -4.5],
							"size": [1, 2, 9],
							"pivot": [3.3, 24, 0],
							"rotation": [0, 0, 42.5],
							"uv": {
								"north": {"uv": [58, 64], "uv_size": [1, 2]},
								"east": {"uv": [49, 8], "uv_size": [9, 2]},
								"south": {"uv": [59, 64], "uv_size": [1, 2]},
								"west": {"uv": [49, 31], "uv_size": [9, 2]},
								"up": {"uv": [23, 46], "uv_size": [1, 9]},
								"down": {"uv": [11, 63], "uv_size": [1, -9]}
							}
						},
						{
							"origin": [-4.85577, 23.39948, -4.5],
							"size": [1, 2, 9],
							"pivot": [-4.35577, 24.39948, 0],
							"rotation": [0, 0, -42.5],
							"uv": {
								"north": {"uv": [60, 64], "uv_size": [1, 2]},
								"east": {"uv": [49, 33], "uv_size": [9, 2]},
								"south": {"uv": [61, 64], "uv_size": [1, 2]},
								"west": {"uv": [49, 35], "uv_size": [9, 2]},
								"up": {"uv": [12, 54], "uv_size": [1, 9]},
								"down": {"uv": [52, 63], "uv_size": [1, -9]}
							}
						},
						{
							"origin": [-5.42735, 24.75498, -4.5],
							"size": [8.1, 0.9, 9],
							"pivot": [-4.92735, 25.20498, 0],
							"rotation": [0, 0, -82.5],
							"uv": {
								"north": {"uv": [58, 2], "uv_size": [8, 1]},
								"east": {"uv": [54, 48], "uv_size": [9, 1]},
								"south": {"uv": [58, 3], "uv_size": [8, 1]},
								"west": {"uv": [19, 55], "uv_size": [9, 1]},
								"up": {"uv": [0, 12], "uv_size": [8, 9]},
								"down": {"uv": [8, 21], "uv_size": [8, -9]}
							}
						},
						{
							"origin": [-5.42735, 18.65498, 4.1],
							"size": [8.1, 7, 0.4],
							"pivot": [-4.92735, 25.20498, 0],
							"rotation": [0, 0, -82.5],
							"uv": {
								"north": {"uv": [32, 7], "uv_size": [8, 7]},
								"east": {"uv": [15, 59], "uv_size": [1, 7]},
								"south": {"uv": [25, 32], "uv_size": [8, 7]},
								"west": {"uv": [16, 59], "uv_size": [1, 7]},
								"up": {"uv": [58, 8], "uv_size": [8, 1]},
								"down": {"uv": [58, 10], "uv_size": [8, -1]}
							}
						},
						{
							"origin": [-4.34408, 24.54382, -4.5],
							"size": [0.8, 7.7, 9],
							"pivot": [-3.99408, 32.39382, 0],
							"rotation": [0, 0, -89.5],
							"uv": {
								"north": {"uv": [27, 56], "uv_size": [1, 8]},
								"east": {"uv": [16, 18], "uv_size": [9, 8]},
								"south": {"uv": [17, 57], "uv_size": [1, 8]},
								"west": {"uv": [0, 21], "uv_size": [9, 8]},
								"up": {"uv": [28, 55], "uv_size": [1, 9]},
								"down": {"uv": [29, 64], "uv_size": [1, -9]}
							}
						},
						{
							"origin": [-4.34408, 16.04382, -0.9],
							"size": [1.3, 7.7, 5.4],
							"pivot": [-3.99408, 23.89382, 0],
							"rotation": [0, 0, -89.5],
							"uv": {
								"north": {"uv": [18, 57], "uv_size": [1, 8]},
								"east": {"uv": [45, 42], "uv_size": [5, 8]},
								"south": {"uv": [4, 58], "uv_size": [1, 8]},
								"west": {"uv": [8, 46], "uv_size": [5, 8]},
								"up": {"uv": [46, 60], "uv_size": [1, 5]},
								"down": {"uv": [47, 65], "uv_size": [1, -5]}
							}
						},
						{
							"origin": [-0.05986, 30.93413, -4.3],
							"size": [0.8, 5.3, 2],
							"pivot": [0.04353, 31.80874, -3.3],
							"rotation": [3.43776, -19.71426, -100.09751],
							"uv": {
								"north": {"uv": [8, 29], "uv_size": [1, 5]},
								"east": {"uv": [24, 39], "uv_size": [9, 5]},
								"south": {"uv": [24, 34], "uv_size": [1, 5]},
								"west": {"uv": [40, 0], "uv_size": [9, 5]},
								"up": {"uv": [30, 55], "uv_size": [1, 9]},
								"down": {"uv": [31, 64], "uv_size": [1, -9]}
							}
						},
						{
							"origin": [-0.0589, 27.38351, -4.3],
							"size": [0.8, 5.3, 2],
							"pivot": [0.04353, 31.80874, -3.3],
							"rotation": [-3.43776, -19.71426, -79.90249],
							"uv": {
								"north": {"uv": [51, 59], "uv_size": [1, 5]},
								"east": {"uv": [40, 5], "uv_size": [9, 5]},
								"south": {"uv": [60, 21], "uv_size": [1, 5]},
								"west": {"uv": [41, 26], "uv_size": [9, 5]},
								"up": {"uv": [0, 56], "uv_size": [1, 9]},
								"down": {"uv": [1, 65], "uv_size": [1, -9]}
							}
						},
						{
							"origin": [4.47265, 24.75498, -4.5],
							"size": [8.1, 0.9, 9],
							"pivot": [4.97265, 25.20498, 0],
							"rotation": [0, 0, -97.5],
							"uv": {
								"north": {"uv": [58, 4], "uv_size": [8, 1]},
								"east": {"uv": [55, 19], "uv_size": [9, 1]},
								"south": {"uv": [58, 5], "uv_size": [8, 1]},
								"west": {"uv": [55, 20], "uv_size": [9, 1]},
								"up": {"uv": [16, 0], "uv_size": [8, 9]},
								"down": {"uv": [16, 18], "uv_size": [8, -9]}
							}
						},
						{
							"origin": [4.47265, 24.75498, 3.7],
							"size": [8.1, 7.2, 0.7],
							"pivot": [4.97265, 25.20498, -0.1],
							"rotation": [0, 0, -97.5],
							"uv": {
								"north": {"uv": [0, 29], "uv_size": [8, 7]},
								"east": {"uv": [13, 59], "uv_size": [1, 7]},
								"south": {"uv": [32, 0], "uv_size": [8, 7]},
								"west": {"uv": [14, 59], "uv_size": [1, 7]},
								"up": {"uv": [58, 6], "uv_size": [8, 1]},
								"down": {"uv": [58, 8], "uv_size": [8, -1]}
							}
						}
					]
				},
				{
					"name": "kozla2",
					"parent": "Head",
					"pivot": [-2.2281, 28.02882, -3.94008],
					"rotation": [0, 180, 0],
					"cubes": [
						{
							"origin": [-3.86609, 27.60858, -4.35311],
							"size": [0.294, 1.176, 0.784],
							"pivot": [-3.76809, 28.00058, -3.37311],
							"rotation": [0, 0, 37],
							"uv": {
								"north": {"uv": [49, 41], "uv_size": [1, 1]},
								"east": {"uv": [44, 53], "uv_size": [1, 1]},
								"south": {"uv": [11, 65], "uv_size": [1, 1]},
								"west": {"uv": [65, 11], "uv_size": [1, 1]},
								"up": {"uv": [12, 65], "uv_size": [1, 1]},
								"down": {"uv": [65, 13], "uv_size": [1, -1]}
							}
						},
						{
							"origin": [-4.12924, 26.82133, -4.35311],
							"size": [0.294, 0.882, 0.784],
							"pivot": [-3.83524, 27.21333, -3.96111],
							"rotation": [0.54676, 0.28954, 9.48227],
							"uv": {
								"north": {"uv": [65, 13], "uv_size": [1, 1]},
								"east": {"uv": [65, 14], "uv_size": [1, 1]},
								"south": {"uv": [65, 15], "uv_size": [1, 1]},
								"west": {"uv": [65, 16], "uv_size": [1, 1]},
								"up": {"uv": [17, 65], "uv_size": [1, 1]},
								"down": {"uv": [65, 18], "uv_size": [1, -1]}
							}
						},
						{
							"origin": [-4.35609, 28.58858, -4.35311],
							"size": [0.196, 1.176, 0.588],
							"pivot": [-3.76809, 27.90258, -3.37311],
							"rotation": [0, 0, 69],
							"uv": {
								"north": {"uv": [18, 65], "uv_size": [1, 1]},
								"east": {"uv": [65, 21], "uv_size": [1, 1]},
								"south": {"uv": [65, 22], "uv_size": [1, 1]},
								"west": {"uv": [65, 23], "uv_size": [1, 1]},
								"up": {"uv": [65, 24], "uv_size": [1, 1]},
								"down": {"uv": [65, 27], "uv_size": [1, -1]}
							}
						},
						{
							"origin": [-4.25809, 28.49058, -4.35311],
							"size": [0.294, 1.274, 0.784],
							"pivot": [-3.67009, 27.90258, -3.37311],
							"rotation": [0, 0, 66],
							"uv": {
								"north": {"uv": [65, 27], "uv_size": [1, 1]},
								"east": {"uv": [65, 28], "uv_size": [1, 1]},
								"south": {"uv": [65, 30], "uv_size": [1, 1]},
								"west": {"uv": [65, 31], "uv_size": [1, 1]},
								"up": {"uv": [65, 32], "uv_size": [1, 1]},
								"down": {"uv": [33, 66], "uv_size": [1, -1]}
							}
						},
						{
							"origin": [-4.16009, 28.39258, -4.25511],
							"size": [2.45, 1.372, 0.588],
							"pivot": [-3.76809, 27.90258, -3.27511],
							"rotation": [0, 0, 62],
							"uv": {
								"north": {"uv": [14, 25], "uv_size": [2, 1]},
								"east": {"uv": [65, 33], "uv_size": [1, 1]},
								"south": {"uv": [62, 27], "uv_size": [2, 1]},
								"west": {"uv": [34, 65], "uv_size": [1, 1]},
								"up": {"uv": [42, 62], "uv_size": [2, 1]},
								"down": {"uv": [62, 44], "uv_size": [2, -1]}
							}
						},
						{
							"origin": [-3.76809, 26.92258, -4.25511],
							"size": [1.96, 1.568, 0.588],
							"pivot": [-3.76809, 27.90258, -3.27511],
							"rotation": [0, 0, 21],
							"uv": {
								"north": {"uv": [60, 26], "uv_size": [2, 2]},
								"east": {"uv": [24, 16], "uv_size": [1, 2]},
								"south": {"uv": [60, 31], "uv_size": [2, 2]},
								"west": {"uv": [32, 14], "uv_size": [1, 2]},
								"up": {"uv": [44, 62], "uv_size": [2, 1]},
								"down": {"uv": [62, 45], "uv_size": [2, -1]}
							}
						},
						{
							"origin": [-2.63133, 28.39258, -4.25511],
							"size": [1.862, 0.98, 0.588],
							"pivot": [-1.70033, 28.69302, -3.96111],
							"rotation": [0, 0, 154],
							"uv": {
								"north": {"uv": [62, 49], "uv_size": [2, 1]},
								"east": {"uv": [65, 34], "uv_size": [1, 1]},
								"south": {"uv": [62, 50], "uv_size": [2, 1]},
								"west": {"uv": [35, 65], "uv_size": [1, 1]},
								"up": {"uv": [62, 55], "uv_size": [2, 1]},
								"down": {"uv": [56, 63], "uv_size": [2, -1]}
							}
						},
						{
							"origin": [-2.63133, 27.69258, -4.25511],
							"size": [0.462, 0.78, 0.588],
							"pivot": [-1.70033, 28.69302, -3.96111],
							"rotation": [0, 0, -179],
							"uv": {
								"north": {"uv": [23, 66], "uv_size": [1, 1]},
								"east": {"uv": [66, 23], "uv_size": [1, 1]},
								"south": {"uv": [24, 66], "uv_size": [1, 1]},
								"west": {"uv": [66, 24], "uv_size": [1, 1]},
								"up": {"uv": [25, 66], "uv_size": [1, 1]},
								"down": {"uv": [66, 26], "uv_size": [1, -1]}
							}
						},
						{
							"origin": [-3.67009, 25.15858, -4.25511],
							"size": [1.568, 1.47, 0.588],
							"pivot": [-3.76809, 27.90258, -3.27511],
							"rotation": [0, 0, -67],
							"uv": {
								"north": {"uv": [62, 56], "uv_size": [2, 1]},
								"east": {"uv": [65, 35], "uv_size": [1, 1]},
								"south": {"uv": [58, 62], "uv_size": [2, 1]},
								"west": {"uv": [36, 65], "uv_size": [1, 1]},
								"up": {"uv": [60, 62], "uv_size": [2, 1]},
								"down": {"uv": [62, 61], "uv_size": [2, -1]}
							}
						},
						{
							"origin": [-4.69909, 29.47058, -4.35311],
							"size": [0.392, 1.086, 0.784],
							"pivot": [-3.76809, 27.90258, -3.37311],
							"rotation": [0, 0, 77],
							"uv": {
								"north": {"uv": [65, 36], "uv_size": [1, 1]},
								"east": {"uv": [37, 65], "uv_size": [1, 1]},
								"south": {"uv": [65, 37], "uv_size": [1, 1]},
								"west": {"uv": [38, 65], "uv_size": [1, 1]},
								"up": {"uv": [65, 38], "uv_size": [1, 1]},
								"down": {"uv": [39, 66], "uv_size": [1, -1]}
							}
						},
						{
							"origin": [-1.67253, 29.45061, -4.35311],
							"size": [0.392, 1.086, 0.784],
							"pivot": [-1.87653, 29.09361, -3.96111],
							"rotation": [0, 0, 34],
							"uv": {
								"north": {"uv": [14, 66], "uv_size": [1, 1]},
								"east": {"uv": [66, 14], "uv_size": [1, 1]},
								"south": {"uv": [15, 66], "uv_size": [1, 1]},
								"west": {"uv": [66, 15], "uv_size": [1, 1]},
								"up": {"uv": [16, 66], "uv_size": [1, 1]},
								"down": {"uv": [66, 17], "uv_size": [1, -1]}
							}
						},
						{
							"origin": [-0.82809, 28.00058, -4.35311],
							"size": [0.294, 2.068, 0.784],
							"uv": {
								"north": {"uv": [62, 61], "uv_size": [1, 2]},
								"east": {"uv": [11, 63], "uv_size": [1, 2]},
								"south": {"uv": [12, 63], "uv_size": [1, 2]},
								"west": {"uv": [63, 21], "uv_size": [1, 2]},
								"up": {"uv": [65, 39], "uv_size": [1, 1]},
								"down": {"uv": [40, 66], "uv_size": [1, -1]}
							}
						},
						{
							"origin": [-1.22009, 28.09858, -4.35311],
							"size": [0.294, 1.176, 0.784],
							"pivot": [-3.86609, 27.51058, -3.37311],
							"rotation": [0, 0, 19],
							"uv": {
								"north": {"uv": [65, 40], "uv_size": [1, 1]},
								"east": {"uv": [41, 65], "uv_size": [1, 1]},
								"south": {"uv": [65, 41], "uv_size": [1, 1]},
								"west": {"uv": [42, 65], "uv_size": [1, 1]},
								"up": {"uv": [65, 42], "uv_size": [1, 1]},
								"down": {"uv": [65, 44], "uv_size": [1, -1]}
							}
						},
						{
							"origin": [-1.83737, 26.03115, -4.35311],
							"size": [0.294, 1.666, 0.784],
							"pivot": [-1.63729, 26.6906, -3.96111],
							"rotation": [0, 0, 53],
							"uv": {
								"north": {"uv": [63, 23], "uv_size": [1, 2]},
								"east": {"uv": [63, 31], "uv_size": [1, 2]},
								"south": {"uv": [63, 33], "uv_size": [1, 2]},
								"west": {"uv": [63, 35], "uv_size": [1, 2]},
								"up": {"uv": [45, 65], "uv_size": [1, 1]},
								"down": {"uv": [46, 66], "uv_size": [1, -1]}
							}
						},
						{
							"origin": [-3.37609, 27.51058, -4.35311],
							"size": [0.196, 2.156, 0.784],
							"pivot": [-3.86609, 27.51058, -3.37311],
							"rotation": [0, 0, 108],
							"uv": {
								"north": {"uv": [63, 37], "uv_size": [1, 2]},
								"east": {"uv": [63, 39], "uv_size": [1, 2]},
								"south": {"uv": [63, 41], "uv_size": [1, 2]},
								"west": {"uv": [42, 63], "uv_size": [1, 2]},
								"up": {"uv": [47, 65], "uv_size": [1, 1]},
								"down": {"uv": [65, 48], "uv_size": [1, -1]}
							}
						}
					]
				},
				{
					"name": "kozla3",
					"parent": "Head",
					"pivot": [2.2719, 28.02882, -3.94008],
					"cubes": [
						{
							"origin": [0.63391, 27.60858, -4.35311],
							"size": [0.294, 1.176, 0.784],
							"pivot": [0.73191, 28.00058, -3.37311],
							"rotation": [0, 0, 37],
							"uv": {
								"north": {"uv": [48, 65], "uv_size": [1, 1]},
								"east": {"uv": [65, 48], "uv_size": [1, 1]},
								"south": {"uv": [49, 65], "uv_size": [1, 1]},
								"west": {"uv": [65, 49], "uv_size": [1, 1]},
								"up": {"uv": [50, 65], "uv_size": [1, 1]},
								"down": {"uv": [65, 51], "uv_size": [1, -1]}
							}
						},
						{
							"origin": [0.37076, 26.82133, -4.35311],
							"size": [0.294, 0.882, 0.784],
							"pivot": [0.66476, 27.21333, -3.96111],
							"rotation": [0.54676, 0.28954, 9.48227],
							"uv": {
								"north": {"uv": [51, 65], "uv_size": [1, 1]},
								"east": {"uv": [52, 65], "uv_size": [1, 1]},
								"south": {"uv": [53, 65], "uv_size": [1, 1]},
								"west": {"uv": [65, 53], "uv_size": [1, 1]},
								"up": {"uv": [54, 65], "uv_size": [1, 1]},
								"down": {"uv": [65, 55], "uv_size": [1, -1]}
							}
						},
						{
							"origin": [0.14391, 28.58858, -4.35311],
							"size": [0.196, 1.176, 0.588],
							"pivot": [0.73191, 27.90258, -3.37311],
							"rotation": [0, 0, 69],
							"uv": {
								"north": {"uv": [65, 55], "uv_size": [1, 1]},
								"east": {"uv": [56, 65], "uv_size": [1, 1]},
								"south": {"uv": [65, 56], "uv_size": [1, 1]},
								"west": {"uv": [57, 65], "uv_size": [1, 1]},
								"up": {"uv": [65, 59], "uv_size": [1, 1]},
								"down": {"uv": [65, 62], "uv_size": [1, -1]}
							}
						},
						{
							"origin": [0.24191, 28.49058, -4.35311],
							"size": [0.294, 1.274, 0.784],
							"pivot": [0.82991, 27.90258, -3.37311],
							"rotation": [0, 0, 66],
							"uv": {
								"north": {"uv": [51, 65], "uv_size": [1, 1]},
								"east": {"uv": [65, 62], "uv_size": [1, 1]},
								"south": {"uv": [63, 65], "uv_size": [1, 1]},
								"west": {"uv": [64, 65], "uv_size": [1, 1]},
								"up": {"uv": [65, 65], "uv_size": [1, 1]},
								"down": {"uv": [0, 67], "uv_size": [1, -1]}
							}
						},
						{
							"origin": [0.33991, 28.39258, -4.25511],
							"size": [2.45, 1.372, 0.588],
							"pivot": [0.73191, 27.90258, -3.27511],
							"rotation": [0, 0, 62],
							"uv": {
								"north": {"uv": [43, 63], "uv_size": [2, 1]},
								"east": {"uv": [1, 66], "uv_size": [1, 1]},
								"south": {"uv": [63, 47], "uv_size": [2, 1]},
								"west": {"uv": [2, 66], "uv_size": [1, 1]},
								"up": {"uv": [63, 48], "uv_size": [2, 1]},
								"down": {"uv": [63, 54], "uv_size": [2, -1]}
							}
						},
						{
							"origin": [0.73191, 26.92258, -4.25511],
							"size": [1.96, 1.568, 0.588],
							"pivot": [0.73191, 27.90258, -3.27511],
							"rotation": [0, 0, 21],
							"uv": {
								"north": {"uv": [60, 33], "uv_size": [2, 2]},
								"east": {"uv": [45, 63], "uv_size": [1, 2]},
								"south": {"uv": [60, 49], "uv_size": [2, 2]},
								"west": {"uv": [52, 63], "uv_size": [1, 2]},
								"up": {"uv": [63, 54], "uv_size": [2, 1]},
								"down": {"uv": [56, 64], "uv_size": [2, -1]}
							}
						},
						{
							"origin": [1.86867, 28.39258, -4.25511],
							"size": [1.862, 0.98, 0.588],
							"pivot": [2.79967, 28.69302, -3.96111],
							"rotation": [0, 0, 154],
							"uv": {
								"north": {"uv": [58, 63], "uv_size": [2, 1]},
								"east": {"uv": [66, 2], "uv_size": [1, 1]},
								"south": {"uv": [63, 59], "uv_size": [2, 1]},
								"west": {"uv": [3, 66], "uv_size": [1, 1]},
								"up": {"uv": [60, 63], "uv_size": [2, 1]},
								"down": {"uv": [63, 62], "uv_size": [2, -1]}
							}
						},
						{
							"origin": [1.95177, 27.13264, -4.25511],
							"size": [0.562, 0.98, 0.588],
							"pivot": [2.88277, 28.52264, -3.96111],
							"rotation": [0, 0, -175],
							"uv": {
								"north": {"uv": [20, 66], "uv_size": [1, 1]},
								"east": {"uv": [66, 20], "uv_size": [1, 1]},
								"south": {"uv": [21, 66], "uv_size": [1, 1]},
								"west": {"uv": [66, 21], "uv_size": [1, 1]},
								"up": {"uv": [22, 66], "uv_size": [1, 1]},
								"down": {"uv": [66, 23], "uv_size": [1, -1]}
							}
						},
						{
							"origin": [0.82991, 25.15858, -4.25511],
							"size": [1.568, 1.47, 0.588],
							"pivot": [0.73191, 27.90258, -3.27511],
							"rotation": [0, 0, -67],
							"uv": {
								"north": {"uv": [62, 63], "uv_size": [2, 1]},
								"east": {"uv": [66, 3], "uv_size": [1, 1]},
								"south": {"uv": [63, 62], "uv_size": [2, 1]},
								"west": {"uv": [4, 66], "uv_size": [1, 1]},
								"up": {"uv": [64, 19], "uv_size": [2, 1]},
								"down": {"uv": [64, 21], "uv_size": [2, -1]}
							}
						},
						{
							"origin": [-0.19909, 29.47058, -4.35311],
							"size": [0.392, 1.086, 0.784],
							"pivot": [0.73191, 27.90258, -3.37311],
							"rotation": [0, 0, 77],
							"uv": {
								"north": {"uv": [66, 4], "uv_size": [1, 1]},
								"east": {"uv": [5, 66], "uv_size": [1, 1]},
								"south": {"uv": [66, 5], "uv_size": [1, 1]},
								"west": {"uv": [6, 66], "uv_size": [1, 1]},
								"up": {"uv": [66, 6], "uv_size": [1, 1]},
								"down": {"uv": [7, 67], "uv_size": [1, -1]}
							}
						},
						{
							"origin": [2.82747, 29.45061, -4.35311],
							"size": [0.392, 1.086, 0.784],
							"pivot": [2.62347, 29.09361, -3.96111],
							"rotation": [0, 0, 32],
							"uv": {
								"north": {"uv": [17, 66], "uv_size": [1, 1]},
								"east": {"uv": [66, 17], "uv_size": [1, 1]},
								"south": {"uv": [18, 66], "uv_size": [1, 1]},
								"west": {"uv": [66, 18], "uv_size": [1, 1]},
								"up": {"uv": [19, 66], "uv_size": [1, 1]},
								"down": {"uv": [66, 20], "uv_size": [1, -1]}
							}
						},
						{
							"origin": [3.67191, 28.00058, -4.35311],
							"size": [0.294, 2.068, 0.784],
							"uv": {
								"north": {"uv": [64, 21], "uv_size": [1, 2]},
								"east": {"uv": [64, 23], "uv_size": [1, 2]},
								"south": {"uv": [27, 64], "uv_size": [1, 2]},
								"west": {"uv": [64, 27], "uv_size": [1, 2]},
								"up": {"uv": [66, 7], "uv_size": [1, 1]},
								"down": {"uv": [8, 67], "uv_size": [1, -1]}
							}
						},
						{
							"origin": [3.27991, 28.09858, -4.35311],
							"size": [0.294, 1.176, 0.784],
							"pivot": [0.63391, 27.51058, -3.37311],
							"rotation": [0, 0, 19],
							"uv": {
								"north": {"uv": [66, 8], "uv_size": [1, 1]},
								"east": {"uv": [9, 66], "uv_size": [1, 1]},
								"south": {"uv": [66, 9], "uv_size": [1, 1]},
								"west": {"uv": [10, 66], "uv_size": [1, 1]},
								"up": {"uv": [11, 66], "uv_size": [1, 1]},
								"down": {"uv": [66, 12], "uv_size": [1, -1]}
							}
						},
						{
							"origin": [2.66263, 26.03115, -4.35311],
							"size": [0.294, 1.666, 0.784],
							"pivot": [2.86271, 26.6906, -3.96111],
							"rotation": [0, 0, 53],
							"uv": {
								"north": {"uv": [28, 64], "uv_size": [1, 2]},
								"east": {"uv": [29, 64], "uv_size": [1, 2]},
								"south": {"uv": [30, 64], "uv_size": [1, 2]},
								"west": {"uv": [64, 30], "uv_size": [1, 2]},
								"up": {"uv": [12, 66], "uv_size": [1, 1]},
								"down": {"uv": [66, 13], "uv_size": [1, -1]}
							}
						},
						{
							"origin": [1.12391, 27.51058, -4.35311],
							"size": [0.196, 2.156, 0.784],
							"pivot": [0.63391, 27.51058, -3.37311],
							"rotation": [0, 0, 108],
							"uv": {
								"north": {"uv": [31, 64], "uv_size": [1, 2]},
								"east": {"uv": [64, 32], "uv_size": [1, 2]},
								"south": {"uv": [64, 34], "uv_size": [1, 2]},
								"west": {"uv": [64, 36], "uv_size": [1, 2]},
								"up": {"uv": [13, 66], "uv_size": [1, 1]},
								"down": {"uv": [66, 14], "uv_size": [1, -1]}
							}
						}
					]
				}
			]
		}
	]
}