{
	"format_version": "1.12.0",
	"minecraft:geometry": [
		{
			"description": {
				"identifier": "geometry.mc_ironspider",
				"texture_width": 128,
				"texture_height": 128,
				"visible_bounds_width": 4,
				"visible_bounds_height": 4.5,
				"visible_bounds_offset": [0, 1.75, 0]
			},
			"bones": [
				{
					"name": "root",
					"pivot": [0, 0, 0]
				},
				{
					"name": "RightLeg",
					"parent": "root",
					"pivot": [-1.9, 12, 0],
					"cubes": [
						{
							"origin": [-4, 0, -2],
							"size": [4, 12, 4],
							"inflate": 0.15,
							"uv": {
								"north": {"uv": [7, 0], "uv_size": [4, 12]},
								"east": {"uv": [7, 0], "uv_size": [4, 12]},
								"south": {"uv": [7, 0], "uv_size": [4, 12]},
								"west": {"uv": [7, 0], "uv_size": [4, 12]},
								"up": {"uv": [11, 12], "uv_size": [-4, -12]},
								"down": {"uv": [11, 12], "uv_size": [-4, -12]}
							}
						},
						{
							"origin": [-4, 1.9, -2],
							"size": [4, 1.1, 4],
							"inflate": 0.2,
							"uv": {
								"north": {"uv": [52, 24], "uv_size": [0, 0]},
								"east": {"uv": [52, 24], "uv_size": [0, 0]},
								"south": {"uv": [52, 24], "uv_size": [0, 0]},
								"west": {"uv": [52, 24], "uv_size": [0, 0]},
								"up": {"uv": [52, 24], "uv_size": [0, 0]},
								"down": {"uv": [52, 24], "uv_size": [0, 0]}
							}
						},
						{
							"origin": [-4, 2.9, -2],
							"size": [1.9, 0.1, 4],
							"inflate": 0.25,
							"pivot": [-4.1, 2.95, 0],
							"rotation": [0, 0, -7.5],
							"uv": {
								"north": {"uv": [52, 24], "uv_size": [0, 0]},
								"east": {"uv": [52, 24], "uv_size": [0, 0]},
								"south": {"uv": [52, 24], "uv_size": [0, 0]},
								"west": {"uv": [52, 24], "uv_size": [0, 0]},
								"up": {"uv": [52, 24], "uv_size": [0, 0]},
								"down": {"uv": [52, 24], "uv_size": [0, 0]}
							}
						},
						{
							"origin": [-1.7, 2.9, -2],
							"size": [1.7, 0.1, 4],
							"inflate": 0.25,
							"pivot": [0.15, 2.95, 0],
							"rotation": [0, 0, 7.5],
							"uv": {
								"north": {"uv": [52, 24], "uv_size": [0, 0]},
								"east": {"uv": [52, 24], "uv_size": [0, 0]},
								"south": {"uv": [52, 24], "uv_size": [0, 0]},
								"west": {"uv": [52, 24], "uv_size": [0, 0]},
								"up": {"uv": [52, 24], "uv_size": [0, 0]},
								"down": {"uv": [52, 24], "uv_size": [0, 0]}
							}
						},
						{
							"origin": [-4, 1.1, -2],
							"size": [4, 0.9, 4],
							"inflate": 0.25,
							"uv": {
								"north": {"uv": [52, 24], "uv_size": [0, 0]},
								"east": {"uv": [52, 24], "uv_size": [0, 0]},
								"south": {"uv": [52, 24], "uv_size": [0, 0]},
								"west": {"uv": [52, 24], "uv_size": [0, 0]},
								"up": {"uv": [52, 24], "uv_size": [0, 0]},
								"down": {"uv": [52, 24], "uv_size": [0, 0]}
							}
						}
					]
				},
				{
					"name": "LeftLeg",
					"parent": "root",
					"pivot": [1.9, 12, 0],
					"cubes": [
						{
							"origin": [0, 0, -2],
							"size": [4, 12, 4],
							"inflate": 0.15,
							"uv": {
								"north": {"uv": [11, 0], "uv_size": [-4, 12]},
								"east": {"uv": [11, 0], "uv_size": [-4, 12]},
								"south": {"uv": [11, 0], "uv_size": [-4, 12]},
								"west": {"uv": [11, 0], "uv_size": [-4, 12]},
								"up": {"uv": [7, 12], "uv_size": [4, -12]},
								"down": {"uv": [7, 12], "uv_size": [4, -12]}
							}
						},
						{
							"origin": [0, 1.9, -2],
							"size": [4, 1.1, 4],
							"inflate": 0.2,
							"uv": {
								"north": {"uv": [52, 24], "uv_size": [0, 0]},
								"east": {"uv": [52, 24], "uv_size": [0, 0]},
								"south": {"uv": [52, 24], "uv_size": [0, 0]},
								"west": {"uv": [52, 24], "uv_size": [0, 0]},
								"up": {"uv": [52, 24], "uv_size": [0, 0]},
								"down": {"uv": [52, 24], "uv_size": [0, 0]}
							}
						},
						{
							"origin": [0, 2.9, -2],
							"size": [2, 0.1, 4],
							"inflate": 0.25,
							"pivot": [-0.1, 2.95, 0],
							"rotation": [0, 0, -7.5],
							"uv": {
								"north": {"uv": [52, 24], "uv_size": [0, 0]},
								"east": {"uv": [52, 24], "uv_size": [0, 0]},
								"south": {"uv": [52, 24], "uv_size": [0, 0]},
								"west": {"uv": [52, 24], "uv_size": [0, 0]},
								"up": {"uv": [52, 24], "uv_size": [0, 0]},
								"down": {"uv": [52, 24], "uv_size": [0, 0]}
							}
						},
						{
							"origin": [2.3, 2.9, -2],
							"size": [1.7, 0.1, 4],
							"inflate": 0.25,
							"pivot": [4.15, 2.95, 0],
							"rotation": [0, 0, 7.5],
							"uv": {
								"north": {"uv": [52, 24], "uv_size": [0, 0]},
								"east": {"uv": [52, 24], "uv_size": [0, 0]},
								"south": {"uv": [52, 24], "uv_size": [0, 0]},
								"west": {"uv": [52, 24], "uv_size": [0, 0]},
								"up": {"uv": [52, 24], "uv_size": [0, 0]},
								"down": {"uv": [52, 24], "uv_size": [0, 0]}
							}
						},
						{
							"origin": [0, 1.1, -2],
							"size": [4, 0.9, 4],
							"inflate": 0.25,
							"uv": {
								"north": {"uv": [52, 24], "uv_size": [0, 0]},
								"east": {"uv": [52, 24], "uv_size": [0, 0]},
								"south": {"uv": [52, 24], "uv_size": [0, 0]},
								"west": {"uv": [52, 24], "uv_size": [0, 0]},
								"up": {"uv": [52, 24], "uv_size": [0, 0]},
								"down": {"uv": [52, 24], "uv_size": [0, 0]}
							}
						}
					]
				},
				{
					"name": "waist",
					"parent": "root",
					"pivot": [0, 0, 0]
				},
				{
					"name": "Body",
					"parent": "waist",
					"pivot": [0, 24, 0],
					"cubes": [
						{
							"origin": [-4, 12, -2],
							"size": [8, 12, 4],
							"inflate": 0.15,
							"uv": {
								"north": {"uv": [0, 0], "uv_size": [8, 12]},
								"east": {"uv": [32, 0], "uv_size": [4, 12]},
								"south": {"uv": [8, 0], "uv_size": [8, 12]},
								"west": {"uv": [8, 32], "uv_size": [4, 12]},
								"up": {"uv": [41, 26], "uv_size": [8, 4]},
								"down": {"uv": [43, 34], "uv_size": [8, -4]}
							}
						},
						{
							"origin": [-1, 18, 1.5],
							"size": [2, 4, 1],
							"inflate": 0.16,
							"uv": {
								"north": {"uv": [10, 6], "uv_size": [1, 1]},
								"east": {"uv": [10, 6], "uv_size": [1, 1]},
								"south": {"uv": [10, 6], "uv_size": [1, 1]},
								"west": {"uv": [10, 6], "uv_size": [1, 1]},
								"up": {"uv": [11, 7], "uv_size": [-1, -1]},
								"down": {"uv": [11, 7], "uv_size": [-1, -1]}
							}
						},
						{
							"origin": [0, 18, 1.5],
							"size": [0, 4, 1],
							"inflate": 0.17,
							"uv": {
								"north": {"uv": [53, 32], "uv_size": [1, 1]},
								"east": {"uv": [53, 32], "uv_size": [1, 1]},
								"south": {"uv": [53, 32], "uv_size": [1, 1]},
								"west": {"uv": [53, 32], "uv_size": [1, 1]},
								"up": {"uv": [54, 33], "uv_size": [-1, -1]},
								"down": {"uv": [54, 33], "uv_size": [-1, -1]}
							}
						},
						{
							"origin": [-2.65, 18.89056, 1.5],
							"size": [3.5, 3, 1],
							"inflate": 0.15,
							"pivot": [-1.15, 20.89056, 2],
							"rotation": [0, 0, 45],
							"uv": {
								"north": {"uv": [21, 38], "uv_size": [1, 1]},
								"east": {"uv": [21, 38], "uv_size": [1, 1]},
								"south": {"uv": [21, 38], "uv_size": [1, 1]},
								"west": {"uv": [21, 38], "uv_size": [1, 1]},
								"up": {"uv": [22, 39], "uv_size": [-1, -1]},
								"down": {"uv": [22, 39], "uv_size": [-1, -1]}
							}
						},
						{
							"origin": [-0.85, 18.89056, 1.5],
							"size": [3.5, 3, 1],
							"inflate": 0.15,
							"pivot": [1.15, 20.89056, 2],
							"rotation": [0, 0, -45],
							"uv": {
								"north": {"uv": [22, 38], "uv_size": [-1, 1]},
								"east": {"uv": [22, 38], "uv_size": [-1, 1]},
								"south": {"uv": [22, 38], "uv_size": [-1, 1]},
								"west": {"uv": [22, 38], "uv_size": [-1, 1]},
								"up": {"uv": [21, 39], "uv_size": [1, -1]},
								"down": {"uv": [21, 39], "uv_size": [1, -1]}
							}
						},
						{
							"origin": [-0.85, 18.6, 1.2],
							"size": [2.5, 1, 1],
							"inflate": 0.15,
							"pivot": [1.15, 20.89056, 2],
							"rotation": [0, 0, -45],
							"uv": {
								"north": {"uv": [31, 22], "uv_size": [-2, 1]},
								"east": {"uv": [31, 22], "uv_size": [-2, 1]},
								"south": {"uv": [31, 22], "uv_size": [-2, 1]},
								"west": {"uv": [31, 22], "uv_size": [-2, 1]},
								"up": {"uv": [29, 23], "uv_size": [2, -1]},
								"down": {"uv": [29, 23], "uv_size": [2, -1]}
							}
						},
						{
							"origin": [-1.65, 18.6, 1.2],
							"size": [2.5, 1, 1],
							"inflate": 0.15,
							"pivot": [-1.15, 20.89056, 2],
							"rotation": [0, 0, 45],
							"uv": {
								"north": {"uv": [29, 22], "uv_size": [2, 1]},
								"east": {"uv": [29, 22], "uv_size": [2, 1]},
								"south": {"uv": [29, 22], "uv_size": [2, 1]},
								"west": {"uv": [29, 22], "uv_size": [2, 1]},
								"up": {"uv": [31, 23], "uv_size": [-2, -1]},
								"down": {"uv": [31, 23], "uv_size": [-2, -1]}
							}
						},
						{
							"origin": [-0.41996, 22.30236, -2.2587],
							"size": [0.3, 0.6, 1],
							"pivot": [-0.26996, 22.65236, -1.7587],
							"rotation": [-34.03148, 44.33696, -5.46272],
							"uv": {
								"north": {"uv": [54, 40], "uv_size": [1, 3]},
								"east": {"uv": [54, 40], "uv_size": [1, 3]},
								"south": {"uv": [54, 40], "uv_size": [1, 3]},
								"west": {"uv": [54, 40], "uv_size": [1, 3]},
								"up": {"uv": [55, 43], "uv_size": [-1, -3]},
								"down": {"uv": [55, 43], "uv_size": [-1, -3]}
							}
						},
						{
							"origin": [0.11996, 22.30236, -2.2587],
							"size": [0.3, 0.6, 1],
							"pivot": [0.26996, 22.65236, -1.7587],
							"rotation": [-34.03148, -44.33696, 5.46272],
							"uv": {
								"north": {"uv": [55, 40], "uv_size": [-1, 3]},
								"east": {"uv": [55, 40], "uv_size": [-1, 3]},
								"south": {"uv": [55, 40], "uv_size": [-1, 3]},
								"west": {"uv": [55, 40], "uv_size": [-1, 3]},
								"up": {"uv": [54, 43], "uv_size": [1, -3]},
								"down": {"uv": [54, 43], "uv_size": [1, -3]}
							}
						},
						{
							"origin": [-2.06956, 16.49852, -2.3],
							"size": [0.4, 3.5, 1],
							"pivot": [-1.86956, 18.24852, -1.8],
							"rotation": [6.78219, -25.13433, -13.63209],
							"uv": {
								"north": {"uv": [54, 43], "uv_size": [2, -4]},
								"east": {"uv": [54, 43], "uv_size": [2, -4]},
								"south": {"uv": [54, 43], "uv_size": [2, -4]},
								"west": {"uv": [54, 43], "uv_size": [2, -4]},
								"up": {"uv": [56, 39], "uv_size": [-2, 4]},
								"down": {"uv": [56, 39], "uv_size": [-2, 4]}
							}
						},
						{
							"origin": [0.93062, 21.93626, -2.35888],
							"size": [2.1, 0.5, 1],
							"pivot": [1.98062, 22.18626, -1.85888],
							"rotation": [-41.03892, 6.46949, -20.90185],
							"uv": {
								"north": {"uv": [53, 41], "uv_size": [2, 1]},
								"east": {"uv": [53, 41], "uv_size": [2, 1]},
								"south": {"uv": [53, 41], "uv_size": [2, 1]},
								"west": {"uv": [53, 41], "uv_size": [2, 1]},
								"up": {"uv": [55, 42], "uv_size": [-2, -1]},
								"down": {"uv": [55, 42], "uv_size": [-2, -1]}
							}
						},
						{
							"origin": [-3.03062, 21.93626, -2.35888],
							"size": [2.1, 0.5, 1],
							"pivot": [-1.98062, 22.18626, -1.85888],
							"rotation": [-41.03892, -6.46949, 20.90185],
							"uv": {
								"north": {"uv": [55, 41], "uv_size": [-2, 1]},
								"east": {"uv": [55, 41], "uv_size": [-2, 1]},
								"south": {"uv": [55, 41], "uv_size": [-2, 1]},
								"west": {"uv": [55, 41], "uv_size": [-2, 1]},
								"up": {"uv": [53, 42], "uv_size": [2, -1]},
								"down": {"uv": [53, 42], "uv_size": [2, -1]}
							}
						},
						{
							"origin": [0.11886, 19.79902, -2.28064],
							"size": [2.1, 0.5, 1],
							"pivot": [1.16886, 20.04902, -1.78064],
							"rotation": [-51.52439, 3.69921, 22.68824],
							"uv": {
								"north": {"uv": [53, 41], "uv_size": [2, 1]},
								"east": {"uv": [53, 41], "uv_size": [2, 1]},
								"south": {"uv": [53, 41], "uv_size": [2, 1]},
								"west": {"uv": [53, 41], "uv_size": [2, 1]},
								"up": {"uv": [55, 42], "uv_size": [-2, -1]},
								"down": {"uv": [55, 42], "uv_size": [-2, -1]}
							}
						},
						{
							"origin": [-2.39434, 20.09902, -2.28584],
							"size": [2.1, 0.5, 1],
							"pivot": [-1.34434, 20.34902, -1.78584],
							"rotation": [138.77543, 4.22026, 152.88468],
							"uv": {
								"north": {"uv": [54, 42], "uv_size": [1, 1]},
								"east": {"uv": [54, 42], "uv_size": [1, 1]},
								"south": {"uv": [54, 42], "uv_size": [1, 1]},
								"west": {"uv": [54, 42], "uv_size": [1, 1]},
								"up": {"uv": [55, 43], "uv_size": [-1, -1]},
								"down": {"uv": [55, 43], "uv_size": [-1, -1]}
							}
						},
						{
							"origin": [-2.96898, 20.3, -3],
							"size": [4, 1.62, 1.24],
							"pivot": [-1.66698, 20.93278, -1.69845],
							"rotation": [137.99956, 7.34037, -171.95086],
							"uv": {
								"north": {"uv": [54, 41], "uv_size": [0, 2]},
								"east": {"uv": [54, 41], "uv_size": [0, 2]},
								"south": {"uv": [54, 41], "uv_size": [0, 2]},
								"west": {"uv": [54, 41], "uv_size": [0, 2]},
								"up": {"uv": [54, 43], "uv_size": [0, -2]},
								"down": {"uv": [54, 43], "uv_size": [0, -2]}
							}
						},
						{
							"origin": [-1.03102, 20.3, -3],
							"size": [4, 1.62, 1.24],
							"pivot": [1.66698, 20.93278, -1.69845],
							"rotation": [137.99956, -7.34037, 171.95086],
							"uv": {
								"north": {"uv": [54, 41], "uv_size": [0, 2]},
								"east": {"uv": [54, 41], "uv_size": [0, 2]},
								"south": {"uv": [54, 41], "uv_size": [0, 2]},
								"west": {"uv": [54, 41], "uv_size": [0, 2]},
								"up": {"uv": [54, 43], "uv_size": [0, -2]},
								"down": {"uv": [54, 43], "uv_size": [0, -2]}
							}
						},
						{
							"origin": [0.34883, 20.48263, -2.36982],
							"size": [4, 0.62, 1.24],
							"pivot": [2.34883, 20.79263, -1.74982],
							"rotation": [138.77543, -4.22026, -155.88468],
							"uv": {
								"north": {"uv": [56, 41], "uv_size": [-2, 0]},
								"east": {"uv": [56, 41], "uv_size": [-2, 0]},
								"south": {"uv": [56, 41], "uv_size": [-2, 0]},
								"west": {"uv": [56, 41], "uv_size": [-2, 0]},
								"up": {"uv": [54, 41], "uv_size": [2, 0]},
								"down": {"uv": [54, 41], "uv_size": [2, 0]}
							}
						},
						{
							"origin": [-4.34883, 20.48263, -2.36982],
							"size": [4, 0.62, 1.24],
							"pivot": [-2.34883, 20.79263, -1.74982],
							"rotation": [136.89941, 5.50749, 158.48591],
							"uv": {
								"north": {"uv": [54, 41], "uv_size": [2, 0]},
								"east": {"uv": [54, 41], "uv_size": [2, 0]},
								"south": {"uv": [54, 41], "uv_size": [2, 0]},
								"west": {"uv": [54, 41], "uv_size": [2, 0]},
								"up": {"uv": [56, 41], "uv_size": [-2, 0]},
								"down": {"uv": [56, 41], "uv_size": [-2, 0]}
							}
						},
						{
							"origin": [1.32547, 16.41979, -2.2],
							"size": [0.4, 3.8, 1],
							"pivot": [1.52547, 18.31979, -1.7],
							"rotation": [2.4932, -10.89057, 13.32458],
							"uv": {
								"north": {"uv": [53, 41], "uv_size": [2, 4]},
								"east": {"uv": [53, 41], "uv_size": [2, 4]},
								"south": {"uv": [53, 41], "uv_size": [2, 4]},
								"west": {"uv": [53, 41], "uv_size": [2, 4]},
								"up": {"uv": [55, 45], "uv_size": [-2, -4]},
								"down": {"uv": [55, 45], "uv_size": [-2, -4]}
							}
						},
						{
							"origin": [2.54658, 22.40892, -2.32857],
							"size": [0.4, 2, 1],
							"pivot": [2.74658, 22.90892, -1.82857],
							"rotation": [-13.39052, -20.62058, -12.07559],
							"uv": {
								"north": {"uv": [53, 45], "uv_size": [2, -4]},
								"east": {"uv": [53, 45], "uv_size": [2, -4]},
								"south": {"uv": [53, 45], "uv_size": [2, -4]},
								"west": {"uv": [53, 45], "uv_size": [2, -4]},
								"up": {"uv": [55, 41], "uv_size": [-2, 4]},
								"down": {"uv": [55, 41], "uv_size": [-2, 4]}
							}
						},
						{
							"origin": [-2.94658, 22.40892, -2.32857],
							"size": [0.4, 2, 1],
							"pivot": [-2.74658, 22.90892, -1.82857],
							"rotation": [-18.64938, 21.58633, 10.18089],
							"uv": {
								"north": {"uv": [55, 45], "uv_size": [-2, -4]},
								"east": {"uv": [55, 45], "uv_size": [-2, -4]},
								"south": {"uv": [55, 45], "uv_size": [-2, -4]},
								"west": {"uv": [55, 45], "uv_size": [-2, -4]},
								"up": {"uv": [53, 41], "uv_size": [2, 4]},
								"down": {"uv": [53, 41], "uv_size": [2, 4]}
							}
						},
						{
							"origin": [-0.9726, 15.58398, -2.4],
							"size": [0.2, 4, 0.8],
							"pivot": [0.00001, 18.39923, -2],
							"rotation": [2.86914, 0.87675, -16.97804],
							"uv": {
								"north": {"uv": [55, 43], "uv_size": [-1, -3]},
								"east": {"uv": [55, 43], "uv_size": [-1, -3]},
								"south": {"uv": [55, 43], "uv_size": [-1, -3]},
								"west": {"uv": [55, 43], "uv_size": [-1, -3]},
								"up": {"uv": [54, 40], "uv_size": [1, 3]},
								"down": {"uv": [54, 40], "uv_size": [1, 3]}
							}
						},
						{
							"origin": [0.77262, 15.58397, -2.4],
							"size": [0.2, 4, 0.8],
							"pivot": [0.00001, 18.39923, -2],
							"rotation": [2.86914, -0.87675, 16.97804],
							"uv": {
								"north": {"uv": [54, 43], "uv_size": [1, -3]},
								"east": {"uv": [54, 43], "uv_size": [1, -3]},
								"south": {"uv": [54, 43], "uv_size": [1, -3]},
								"west": {"uv": [54, 43], "uv_size": [1, -3]},
								"up": {"uv": [55, 40], "uv_size": [-1, 3]},
								"down": {"uv": [55, 40], "uv_size": [-1, 3]}
							}
						},
						{
							"origin": [-0.77259, 17.2145, -2.4],
							"size": [0.2, 3.7, 0.8],
							"pivot": [0.00001, 18.39923, -2],
							"rotation": [-2.86914, 0.87675, -163.02196],
							"uv": {
								"north": {"uv": [54, 43], "uv_size": [1, -3]},
								"east": {"uv": [54, 43], "uv_size": [1, -3]},
								"south": {"uv": [54, 43], "uv_size": [1, -3]},
								"west": {"uv": [54, 43], "uv_size": [1, -3]},
								"up": {"uv": [55, 40], "uv_size": [-1, 3]},
								"down": {"uv": [55, 40], "uv_size": [-1, 3]}
							}
						},
						{
							"origin": [0.57263, 17.21449, -2.4],
							"size": [0.2, 3.7, 0.8],
							"pivot": [0.00001, 18.39923, -2],
							"rotation": [-2.86914, -0.87675, 163.02196],
							"uv": {
								"north": {"uv": [55, 43], "uv_size": [-1, -3]},
								"east": {"uv": [55, 43], "uv_size": [-1, -3]},
								"south": {"uv": [55, 43], "uv_size": [-1, -3]},
								"west": {"uv": [55, 43], "uv_size": [-1, -3]},
								"up": {"uv": [54, 40], "uv_size": [1, 3]},
								"down": {"uv": [54, 40], "uv_size": [1, 3]}
							}
						},
						{
							"origin": [-0.57259, 17.21449, -2.4],
							"size": [0.2, 3.4, 0.8],
							"pivot": [0.00001, 18.39923, -2],
							"rotation": [-2.86914, 0.87675, -163.02196],
							"uv": {
								"north": {"uv": [54, 43], "uv_size": [1, -3]},
								"east": {"uv": [54, 43], "uv_size": [1, -3]},
								"south": {"uv": [54, 43], "uv_size": [1, -3]},
								"west": {"uv": [54, 43], "uv_size": [1, -3]},
								"up": {"uv": [55, 40], "uv_size": [-1, 3]},
								"down": {"uv": [55, 40], "uv_size": [-1, 3]}
							}
						},
						{
							"origin": [0.37263, 17.21448, -2.4],
							"size": [0.2, 3.4, 0.8],
							"pivot": [0.00001, 18.39923, -2],
							"rotation": [-2.86914, -0.87675, 163.02196],
							"uv": {
								"north": {"uv": [55, 43], "uv_size": [-1, -3]},
								"east": {"uv": [55, 43], "uv_size": [-1, -3]},
								"south": {"uv": [55, 43], "uv_size": [-1, -3]},
								"west": {"uv": [55, 43], "uv_size": [-1, -3]},
								"up": {"uv": [54, 40], "uv_size": [1, 3]},
								"down": {"uv": [54, 40], "uv_size": [1, 3]}
							}
						},
						{
							"origin": [-0.37259, 16.9746, -2.4],
							"size": [0.2, 3.4, 0.8],
							"pivot": [0.00001, 18.39923, -2],
							"rotation": [-2.86914, 0.87675, -163.02196],
							"uv": {
								"north": {"uv": [54, 43], "uv_size": [1, -3]},
								"east": {"uv": [54, 43], "uv_size": [1, -3]},
								"south": {"uv": [54, 43], "uv_size": [1, -3]},
								"west": {"uv": [54, 43], "uv_size": [1, -3]},
								"up": {"uv": [55, 40], "uv_size": [-1, 3]},
								"down": {"uv": [55, 40], "uv_size": [-1, 3]}
							}
						},
						{
							"origin": [0.17263, 16.9746, -2.4],
							"size": [0.2, 3.4, 0.8],
							"pivot": [0.00001, 18.39923, -2],
							"rotation": [-2.86914, -0.87675, 163.02196],
							"uv": {
								"north": {"uv": [55, 43], "uv_size": [-1, -3]},
								"east": {"uv": [55, 43], "uv_size": [-1, -3]},
								"south": {"uv": [55, 43], "uv_size": [-1, -3]},
								"west": {"uv": [55, 43], "uv_size": [-1, -3]},
								"up": {"uv": [54, 40], "uv_size": [1, 3]},
								"down": {"uv": [54, 40], "uv_size": [1, 3]}
							}
						},
						{
							"origin": [-0.17259, 16.97461, -2.4],
							"size": [0.2, 3.1, 0.8],
							"pivot": [0.00001, 18.39923, -2],
							"rotation": [-2.86914, 0.87675, -163.02196],
							"uv": {
								"north": {"uv": [54, 43], "uv_size": [1, -3]},
								"east": {"uv": [54, 43], "uv_size": [1, -3]},
								"south": {"uv": [54, 43], "uv_size": [1, -3]},
								"west": {"uv": [54, 43], "uv_size": [1, -3]},
								"up": {"uv": [55, 40], "uv_size": [-1, 3]},
								"down": {"uv": [55, 40], "uv_size": [-1, 3]}
							}
						},
						{
							"origin": [-0.02737, 16.9746, -2.4],
							"size": [0.2, 3.1, 0.8],
							"pivot": [0.00001, 18.39923, -2],
							"rotation": [-2.86914, -0.87675, 163.02196],
							"uv": {
								"north": {"uv": [55, 43], "uv_size": [-1, -3]},
								"east": {"uv": [55, 43], "uv_size": [-1, -3]},
								"south": {"uv": [55, 43], "uv_size": [-1, -3]},
								"west": {"uv": [55, 43], "uv_size": [-1, -3]},
								"up": {"uv": [54, 40], "uv_size": [1, 3]},
								"down": {"uv": [54, 40], "uv_size": [1, 3]}
							}
						},
						{
							"origin": [-0.80442, 21.58041, -2.3],
							"size": [0.9, 0.55, 0.8],
							"pivot": [-0.35442, 22.03041, -1.9],
							"rotation": [0, 0, -159],
							"uv": {
								"north": {"uv": [55, 39], "uv_size": [0, 6]},
								"east": {"uv": [55, 39], "uv_size": [0, 6]},
								"south": {"uv": [55, 39], "uv_size": [0, 6]},
								"west": {"uv": [55, 39], "uv_size": [0, 6]},
								"up": {"uv": [55, 45], "uv_size": [0, -6]},
								"down": {"uv": [55, 45], "uv_size": [0, -6]}
							}
						},
						{
							"origin": [-0.09558, 21.58041, -2.3],
							"size": [0.9, 0.55, 0.8],
							"pivot": [0.35442, 22.03041, -1.9],
							"rotation": [0, 0, 159],
							"uv": {
								"north": {"uv": [55, 39], "uv_size": [0, 6]},
								"east": {"uv": [55, 39], "uv_size": [0, 6]},
								"south": {"uv": [55, 39], "uv_size": [0, 6]},
								"west": {"uv": [55, 39], "uv_size": [0, 6]},
								"up": {"uv": [55, 45], "uv_size": [0, -6]},
								"down": {"uv": [55, 45], "uv_size": [0, -6]}
							}
						},
						{
							"origin": [-0.58673, 22.61179, -2.3],
							"size": [1.2, 0.4, 0.8],
							"pivot": [0.01327, 22.61179, -1.9],
							"rotation": [0, 0, -180],
							"uv": {
								"north": {"uv": [55, 39], "uv_size": [0, 6]},
								"east": {"uv": [55, 39], "uv_size": [0, 6]},
								"south": {"uv": [55, 39], "uv_size": [0, 6]},
								"west": {"uv": [55, 39], "uv_size": [0, 6]},
								"up": {"uv": [55, 45], "uv_size": [0, -6]},
								"down": {"uv": [55, 45], "uv_size": [0, -6]}
							}
						},
						{
							"origin": [-0.00576, 18.05746, -2.4],
							"size": [1.5, 1.7, 0.8],
							"pivot": [0.00001, 18.39923, -2],
							"rotation": [2.06606, 2.17565, -46.46076],
							"uv": {
								"north": {"uv": [54, 40], "uv_size": [3, 5]},
								"east": {"uv": [55, 42], "uv_size": [0, 0]},
								"south": {"uv": [55, 42], "uv_size": [0, 0]},
								"west": {"uv": [55, 42], "uv_size": [0, 0]},
								"up": {"uv": [55, 42], "uv_size": [0, 0]},
								"down": {"uv": [55, 42], "uv_size": [0, 0]}
							}
						},
						{
							"origin": [-4.2, 19.8, -2.25],
							"size": [0.35, 0.8, 3.8],
							"uv": {
								"north": {"uv": [55, 42], "uv_size": [0, 0]},
								"east": {"uv": [55, 42], "uv_size": [0, 0]},
								"south": {"uv": [55, 42], "uv_size": [0, 0]},
								"west": {"uv": [55, 42], "uv_size": [0, 0]},
								"up": {"uv": [55, 42], "uv_size": [0, 0]},
								"down": {"uv": [55, 42], "uv_size": [0, 0]}
							}
						},
						{
							"origin": [3.85, 19.8, -2.25],
							"size": [0.35, 0.8, 3.8],
							"uv": {
								"north": {"uv": [55, 42], "uv_size": [0, 0]},
								"east": {"uv": [55, 42], "uv_size": [0, 0]},
								"south": {"uv": [55, 42], "uv_size": [0, 0]},
								"west": {"uv": [55, 42], "uv_size": [0, 0]},
								"up": {"uv": [55, 42], "uv_size": [0, 0]},
								"down": {"uv": [55, 42], "uv_size": [0, 0]}
							}
						},
						{
							"origin": [-4.8, 21.9, -2.3],
							"size": [1.5, 0.5, 4.4],
							"inflate": 0.15,
							"pivot": [-5.25, 21.7, -0.1],
							"rotation": [0, 0, 5],
							"uv": {
								"north": {"uv": [51, 23], "uv_size": [1, 2]},
								"east": {"uv": [51, 23], "uv_size": [1, 2]},
								"south": {"uv": [51, 23], "uv_size": [1, 2]},
								"west": {"uv": [51, 23], "uv_size": [1, 2]},
								"up": {"uv": [52, 25], "uv_size": [-1, -2]},
								"down": {"uv": [52, 25], "uv_size": [-1, -2]}
							}
						},
						{
							"origin": [3.3, 21.9, -2.3],
							"size": [1.5, 0.5, 4.4],
							"inflate": 0.15,
							"pivot": [5.25, 21.7, -0.1],
							"rotation": [0, 0, -5],
							"uv": {
								"north": {"uv": [52, 23], "uv_size": [-1, 2]},
								"east": {"uv": [52, 23], "uv_size": [-1, 2]},
								"south": {"uv": [52, 23], "uv_size": [-1, 2]},
								"west": {"uv": [52, 23], "uv_size": [-1, 2]},
								"up": {"uv": [51, 25], "uv_size": [1, -2]},
								"down": {"uv": [51, 25], "uv_size": [1, -2]}
							}
						},
						{
							"origin": [-1.49423, 18.05745, -2.4],
							"size": [1.1, 1.7, 0.8],
							"pivot": [0.00001, 18.39923, -2],
							"rotation": [2.06606, -2.17565, 46.46076],
							"uv": {
								"north": {"uv": [52, 31], "uv_size": [4, 3]},
								"east": {"uv": [52, 31], "uv_size": [4, 3]},
								"south": {"uv": [52, 31], "uv_size": [4, 3]},
								"west": {"uv": [52, 31], "uv_size": [4, 3]},
								"up": {"uv": [56, 34], "uv_size": [-4, -3]},
								"down": {"uv": [56, 34], "uv_size": [-4, -3]}
							}
						}
					]
				},
				{
					"name": "klikk",
					"parent": "Body",
					"pivot": [-0.15, 20.89056, 2.4],
					"cubes": [
						{
							"origin": [-1.15, 19.89056, 2.4],
							"size": [2, 2, 1.1],
							"uv": {
								"north": {"uv": [78.85, 26.2], "uv_size": [5.35, 4.85]},
								"east": {"uv": [78.85, 26.2], "uv_size": [5.35, 4.85]},
								"south": {"uv": [78.85, 26.2], "uv_size": [5.35, 4.85]},
								"west": {"uv": [78.85, 26.2], "uv_size": [5.35, 4.85]},
								"up": {"uv": [84.2, 31.05], "uv_size": [-5.35, -4.85]},
								"down": {"uv": [84.2, 31.05], "uv_size": [-5.35, -4.85]}
							}
						},
						{
							"origin": [-0.85, 19.89056, 7.7],
							"size": [1.4, 1.6, 1.1],
							"pivot": [-0.15, 20.69056, 8.25],
							"rotation": [8.98954, 0.34737, -0.2348],
							"uv": {
								"north": {"uv": [78.85, 26.2], "uv_size": [5.35, 4.85]},
								"east": {"uv": [78.85, 26.2], "uv_size": [5.35, 4.85]},
								"south": {"uv": [78.85, 26.2], "uv_size": [5.35, 4.85]},
								"west": {"uv": [78.85, 26.2], "uv_size": [5.35, 4.85]},
								"up": {"uv": [84.2, 31.05], "uv_size": [-5.35, -4.85]},
								"down": {"uv": [84.2, 31.05], "uv_size": [-5.35, -4.85]}
							}
						},
						{
							"origin": [-0.85, 19.19056, 12.7],
							"size": [1.4, 1.6, 1.1],
							"pivot": [-0.15, 20.69056, 8.25],
							"rotation": [26.48983, 0.4019, -0.11947],
							"uv": {
								"north": {"uv": [78.85, 26.2], "uv_size": [5.35, 4.85]},
								"east": {"uv": [78.85, 26.2], "uv_size": [5.35, 4.85]},
								"south": {"uv": [78.85, 26.2], "uv_size": [5.35, 4.85]},
								"west": {"uv": [78.85, 26.2], "uv_size": [5.35, 4.85]},
								"up": {"uv": [84.2, 31.05], "uv_size": [-5.35, -4.85]},
								"down": {"uv": [84.2, 31.05], "uv_size": [-5.35, -4.85]}
							}
						},
						{
							"origin": [-0.84337, 22.35178, 17.82268],
							"size": [1.4, 1.6, 1.1],
							"pivot": [-0.0753, 22.54685, 13.3933],
							"rotation": [51.52132, -6.45687, 3.2576],
							"uv": {
								"north": {"uv": [78.85, 26.2], "uv_size": [5.35, 4.85]},
								"east": {"uv": [78.85, 26.2], "uv_size": [5.35, 4.85]},
								"south": {"uv": [78.85, 26.2], "uv_size": [5.35, 4.85]},
								"west": {"uv": [78.85, 26.2], "uv_size": [5.35, 4.85]},
								"up": {"uv": [84.2, 31.05], "uv_size": [-5.35, -4.85]},
								"down": {"uv": [84.2, 31.05], "uv_size": [-5.35, -4.85]}
							}
						},
						{
							"origin": [-0.65, 20.09056, 3.4],
							"size": [1, 1.3, 5],
							"uv": {
								"north": {"uv": [78.85, 26.2], "uv_size": [5.35, 4.85]},
								"east": {"uv": [78.85, 26.2], "uv_size": [5.35, 4.85]},
								"south": {"uv": [78.85, 26.2], "uv_size": [5.35, 4.85]},
								"west": {"uv": [78.85, 26.2], "uv_size": [5.35, 4.85]},
								"up": {"uv": [84.2, 31.05], "uv_size": [-5.35, -4.85]},
								"down": {"uv": [84.2, 31.05], "uv_size": [-5.35, -4.85]}
							}
						},
						{
							"origin": [-0.65, 20.09056, 8.4],
							"size": [1, 1.3, 5],
							"pivot": [-0.15, 20.89056, 8.4],
							"rotation": [19.9789, 0.72233, -0.373],
							"uv": {
								"north": {"uv": [78.85, 26.2], "uv_size": [5.35, 4.85]},
								"east": {"uv": [78.85, 26.2], "uv_size": [5.35, 4.85]},
								"south": {"uv": [78.85, 26.2], "uv_size": [5.35, 4.85]},
								"west": {"uv": [78.85, 26.2], "uv_size": [5.35, 4.85]},
								"up": {"uv": [84.2, 31.05], "uv_size": [-5.35, -4.85]},
								"down": {"uv": [84.2, 31.05], "uv_size": [-5.35, -4.85]}
							}
						},
						{
							"origin": [-0.64622, 26.59305, 15.81808],
							"size": [1, 1.3, 5],
							"pivot": [-0.15, 27.29056, 16.1],
							"rotation": [89.74763, -0.68859, 2.11086],
							"uv": {
								"north": {"uv": [78.85, 26.2], "uv_size": [5.35, 4.85]},
								"east": {"uv": [78.85, 26.2], "uv_size": [5.35, 4.85]},
								"south": {"uv": [78.85, 26.2], "uv_size": [5.35, 4.85]},
								"west": {"uv": [78.85, 26.2], "uv_size": [5.35, 4.85]},
								"up": {"uv": [84.2, 31.05], "uv_size": [-5.35, -4.85]},
								"down": {"uv": [84.2, 31.05], "uv_size": [-5.35, -4.85]}
							}
						},
						{
							"origin": [-0.84726, 25.81227, 20.05804],
							"size": [1.4, 1.6, 1.1],
							"pivot": [-0.15, 27.29056, 16.1],
							"rotation": [96.25928, -1.03728, 1.89784],
							"uv": {
								"north": {"uv": [78.85, 26.2], "uv_size": [5.35, 4.85]},
								"east": {"uv": [78.85, 26.2], "uv_size": [5.35, 4.85]},
								"south": {"uv": [78.85, 26.2], "uv_size": [5.35, 4.85]},
								"west": {"uv": [78.85, 26.2], "uv_size": [5.35, 4.85]},
								"up": {"uv": [84.2, 31.05], "uv_size": [-5.35, -4.85]},
								"down": {"uv": [84.2, 31.05], "uv_size": [-5.35, -4.85]}
							}
						},
						{
							"origin": [-0.64622, 31.59305, 15.81808],
							"size": [1, 1.3, 5],
							"pivot": [-0.15, 32.29056, 16.1],
							"rotation": [114.73885, -1.51606, 1.6223],
							"uv": {
								"north": {"uv": [78.85, 26.2], "uv_size": [5.35, 4.85]},
								"east": {"uv": [78.85, 26.2], "uv_size": [5.35, 4.85]},
								"south": {"uv": [78.85, 26.2], "uv_size": [5.35, 4.85]},
								"west": {"uv": [78.85, 26.2], "uv_size": [5.35, 4.85]},
								"up": {"uv": [84.2, 31.05], "uv_size": [-5.35, -4.85]},
								"down": {"uv": [84.2, 31.05], "uv_size": [-5.35, -4.85]}
							}
						},
						{
							"origin": [-0.84726, 30.81227, 20.05804],
							"size": [1.4, 1.6, 1.1],
							"pivot": [-0.15, 32.29056, 16.1],
							"rotation": [121.25697, -1.74209, 1.28179],
							"uv": {
								"north": {"uv": [78.85, 26.2], "uv_size": [5.35, 4.85]},
								"east": {"uv": [78.85, 26.2], "uv_size": [5.35, 4.85]},
								"south": {"uv": [78.85, 26.2], "uv_size": [5.35, 4.85]},
								"west": {"uv": [78.85, 26.2], "uv_size": [5.35, 4.85]},
								"up": {"uv": [84.2, 31.05], "uv_size": [-5.35, -4.85]},
								"down": {"uv": [84.2, 31.05], "uv_size": [-5.35, -4.85]}
							}
						},
						{
							"origin": [-0.64622, 36.19305, 13.81808],
							"size": [1, 1.3, 5],
							"pivot": [-0.15, 36.89056, 14.1],
							"rotation": [139.74541, -2.05958, 0.82951],
							"uv": {
								"north": {"uv": [78.85, 26.2], "uv_size": [5.35, 4.85]},
								"east": {"uv": [78.85, 26.2], "uv_size": [5.35, 4.85]},
								"south": {"uv": [78.85, 26.2], "uv_size": [5.35, 4.85]},
								"west": {"uv": [78.85, 26.2], "uv_size": [5.35, 4.85]},
								"up": {"uv": [84.2, 31.05], "uv_size": [-5.35, -4.85]},
								"down": {"uv": [84.2, 31.05], "uv_size": [-5.35, -4.85]}
							}
						},
						{
							"origin": [-0.84726, 35.41227, 18.05804],
							"size": [1.4, 1.6, 1.1],
							"pivot": [-0.15, 36.89056, 14.1],
							"rotation": [146.26859, -2.12052, 0.42523],
							"uv": {
								"north": {"uv": [78.85, 26.2], "uv_size": [5.35, 4.85]},
								"east": {"uv": [78.85, 26.2], "uv_size": [5.35, 4.85]},
								"south": {"uv": [78.85, 26.2], "uv_size": [5.35, 4.85]},
								"west": {"uv": [78.85, 26.2], "uv_size": [5.35, 4.85]},
								"up": {"uv": [84.2, 31.05], "uv_size": [-5.35, -4.85]},
								"down": {"uv": [84.2, 31.05], "uv_size": [-5.35, -4.85]}
							}
						},
						{
							"origin": [-0.64622, 39.49305, 10.11808],
							"size": [1, 1.3, 5],
							"pivot": [-0.15, 40.19056, 10.4],
							"rotation": [166.76411, -2.21159, -0.19638],
							"uv": {
								"north": {"uv": [78.85, 26.2], "uv_size": [5.35, 4.85]},
								"east": {"uv": [78.85, 26.2], "uv_size": [5.35, 4.85]},
								"south": {"uv": [78.85, 26.2], "uv_size": [5.35, 4.85]},
								"west": {"uv": [78.85, 26.2], "uv_size": [5.35, 4.85]},
								"up": {"uv": [84.2, 31.05], "uv_size": [-5.35, -4.85]},
								"down": {"uv": [84.2, 31.05], "uv_size": [-5.35, -4.85]}
							}
						},
						{
							"origin": [-0.84726, 38.71227, 14.35804],
							"size": [1.4, 1.6, 1.1],
							"pivot": [-0.15, 40.19056, 10.4],
							"rotation": [173.28708, -2.08234, -0.58426],
							"uv": {
								"north": {"uv": [78.85, 26.2], "uv_size": [5.35, 4.85]},
								"east": {"uv": [78.85, 26.2], "uv_size": [5.35, 4.85]},
								"south": {"uv": [78.85, 26.2], "uv_size": [5.35, 4.85]},
								"west": {"uv": [78.85, 26.2], "uv_size": [5.35, 4.85]},
								"up": {"uv": [84.2, 31.05], "uv_size": [-5.35, -4.85]},
								"down": {"uv": [84.2, 31.05], "uv_size": [-5.35, -4.85]}
							}
						},
						{
							"origin": [-0.26897, 41.62619, 4.10291],
							"size": [0.6, 1.3, 6.6],
							"pivot": [0.10651, 42.094, 4.61266],
							"rotation": [164.76262, -2.2171, -0.11904],
							"uv": {
								"north": {"uv": [78.85, 26.2], "uv_size": [5.35, 4.85]},
								"east": {"uv": [78.85, 26.2], "uv_size": [5.35, 4.85]},
								"south": {"uv": [78.85, 26.2], "uv_size": [5.35, 4.85]},
								"west": {"uv": [78.85, 26.2], "uv_size": [5.35, 4.85]},
								"up": {"uv": [84.2, 31.05], "uv_size": [-5.35, -4.85]},
								"down": {"uv": [84.2, 31.05], "uv_size": [-5.35, -4.85]}
							}
						},
						{
							"origin": [-0.26897, 41.92619, 4.10291],
							"size": [0.6, 1.3, 6.6],
							"pivot": [0.10651, 42.094, 4.61266],
							"rotation": [172.76843, -2.17894, -0.42658],
							"uv": {
								"north": {"uv": [78.85, 26.2], "uv_size": [5.35, 4.85]},
								"east": {"uv": [78.85, 26.2], "uv_size": [5.35, 4.85]},
								"south": {"uv": [78.85, 26.2], "uv_size": [5.35, 4.85]},
								"west": {"uv": [78.85, 26.2], "uv_size": [5.35, 4.85]},
								"up": {"uv": [84.2, 31.05], "uv_size": [-5.35, -4.85]},
								"down": {"uv": [84.2, 31.05], "uv_size": [-5.35, -4.85]}
							}
						},
						{
							"origin": [-0.15238, 41.50528, -2.68495],
							"size": [0.6, 1.4, 3.1],
							"pivot": [0.14762, 42.15528, -1.53495],
							"rotation": [-127.22648, -0.72007, -2.10034],
							"uv": {
								"north": {"uv": [78.85, 26.2], "uv_size": [5.35, 4.85]},
								"east": {"uv": [78.85, 26.2], "uv_size": [5.35, 4.85]},
								"south": {"uv": [78.85, 26.2], "uv_size": [5.35, 4.85]},
								"west": {"uv": [78.85, 26.2], "uv_size": [5.35, 4.85]},
								"up": {"uv": [84.2, 31.05], "uv_size": [-5.35, -4.85]},
								"down": {"uv": [84.2, 31.05], "uv_size": [-5.35, -4.85]}
							}
						},
						{
							"origin": [-0.15238, 41.50528, -0.68495],
							"size": [0.6, 0.4, 3.1],
							"pivot": [0.14762, 42.15528, -1.53495],
							"rotation": [-127.22648, -0.72007, -2.10034],
							"uv": {
								"north": {"uv": [78.85, 26.2], "uv_size": [5.35, 4.85]},
								"east": {"uv": [78.85, 26.2], "uv_size": [5.35, 4.85]},
								"south": {"uv": [78.85, 26.2], "uv_size": [5.35, 4.85]},
								"west": {"uv": [78.85, 26.2], "uv_size": [5.35, 4.85]},
								"up": {"uv": [84.2, 31.05], "uv_size": [-5.35, -4.85]},
								"down": {"uv": [84.2, 31.05], "uv_size": [-5.35, -4.85]}
							}
						},
						{
							"origin": [-0.06959, 41.01845, -4.29504],
							"size": [0.6, 0.4, 2.3],
							"pivot": [0.23041, 40.51845, -3.34504],
							"rotation": [-153.21817, -1.56782, -1.57234],
							"uv": {
								"north": {"uv": [78.85, 26.2], "uv_size": [5.35, 4.85]},
								"east": {"uv": [78.85, 26.2], "uv_size": [5.35, 4.85]},
								"south": {"uv": [78.85, 26.2], "uv_size": [5.35, 4.85]},
								"west": {"uv": [78.85, 26.2], "uv_size": [5.35, 4.85]},
								"up": {"uv": [84.2, 31.05], "uv_size": [-5.35, -4.85]},
								"down": {"uv": [84.2, 31.05], "uv_size": [-5.35, -4.85]}
							}
						},
						{
							"origin": [-0.06959, 40.41845, -4.29504],
							"size": [0.6, 0.9, 1.1],
							"pivot": [0.23041, 40.51845, -3.34504],
							"rotation": [-153.21817, -1.56782, -1.57234],
							"uv": {
								"north": {"uv": [78.85, 26.2], "uv_size": [5.35, 4.85]},
								"east": {"uv": [78.85, 26.2], "uv_size": [5.35, 4.85]},
								"south": {"uv": [78.85, 26.2], "uv_size": [5.35, 4.85]},
								"west": {"uv": [78.85, 26.2], "uv_size": [5.35, 4.85]},
								"up": {"uv": [84.2, 31.05], "uv_size": [-5.35, -4.85]},
								"down": {"uv": [84.2, 31.05], "uv_size": [-5.35, -4.85]}
							}
						},
						{
							"origin": [-0.06959, 40.61845, -3.19504],
							"size": [0.6, 0.5, 1],
							"pivot": [0.23041, 40.51845, -3.34504],
							"rotation": [-139.22072, -1.14094, -1.90484],
							"uv": {
								"north": {"uv": [78.85, 26.2], "uv_size": [5.35, 4.85]},
								"east": {"uv": [78.85, 26.2], "uv_size": [5.35, 4.85]},
								"south": {"uv": [78.85, 26.2], "uv_size": [5.35, 4.85]},
								"west": {"uv": [78.85, 26.2], "uv_size": [5.35, 4.85]},
								"up": {"uv": [84.2, 31.05], "uv_size": [-5.35, -4.85]},
								"down": {"uv": [84.2, 31.05], "uv_size": [-5.35, -4.85]}
							}
						},
						{
							"origin": [-0.27359, 41.2224, 3.57024],
							"size": [0.6, 1.4, 2],
							"pivot": [0.02641, 41.9224, 4.57024],
							"rotation": [130.74134, -1.90446, 1.14157],
							"uv": {
								"north": {"uv": [78.85, 26.2], "uv_size": [5.35, 4.85]},
								"east": {"uv": [78.85, 26.2], "uv_size": [5.35, 4.85]},
								"south": {"uv": [78.85, 26.2], "uv_size": [5.35, 4.85]},
								"west": {"uv": [78.85, 26.2], "uv_size": [5.35, 4.85]},
								"up": {"uv": [84.2, 31.05], "uv_size": [-5.35, -4.85]},
								"down": {"uv": [84.2, 31.05], "uv_size": [-5.35, -4.85]}
							}
						},
						{
							"origin": [-0.84726, 39.41227, 13.65804],
							"size": [1.4, 1.6, 1.1],
							"pivot": [-0.15, 40.89056, 9.7],
							"rotation": [-178.70853, -1.98076, -0.86847],
							"uv": {
								"north": {"uv": [78.85, 26.2], "uv_size": [5.35, 4.85]},
								"east": {"uv": [78.85, 26.2], "uv_size": [5.35, 4.85]},
								"south": {"uv": [78.85, 26.2], "uv_size": [5.35, 4.85]},
								"west": {"uv": [78.85, 26.2], "uv_size": [5.35, 4.85]},
								"up": {"uv": [84.2, 31.05], "uv_size": [-5.35, -4.85]},
								"down": {"uv": [84.2, 31.05], "uv_size": [-5.35, -4.85]}
							}
						},
						{
							"origin": [-0.59675, 22.00283, 13.3002],
							"size": [1, 1.3, 5],
							"pivot": [-0.0753, 22.54685, 13.3933],
							"rotation": [58.98637, -5.97979, 3.44985],
							"uv": {
								"north": {"uv": [78.85, 26.2], "uv_size": [5.35, 4.85]},
								"east": {"uv": [78.85, 26.2], "uv_size": [5.35, 4.85]},
								"south": {"uv": [78.85, 26.2], "uv_size": [5.35, 4.85]},
								"west": {"uv": [78.85, 26.2], "uv_size": [5.35, 4.85]},
								"up": {"uv": [84.2, 31.05], "uv_size": [-5.35, -4.85]},
								"down": {"uv": [84.2, 31.05], "uv_size": [-5.35, -4.85]}
							}
						}
					]
				},
				{
					"name": "klikk2",
					"parent": "Body",
					"pivot": [1.45, 20.89056, 2.4],
					"cubes": [
						{
							"origin": [0.45, 19.89056, 2.4],
							"size": [2, 2, 1.1],
							"uv": {
								"north": {"uv": [78.85, 26.2], "uv_size": [5.35, 4.85]},
								"east": {"uv": [78.85, 26.2], "uv_size": [5.35, 4.85]},
								"south": {"uv": [78.85, 26.2], "uv_size": [5.35, 4.85]},
								"west": {"uv": [78.85, 26.2], "uv_size": [5.35, 4.85]},
								"up": {"uv": [84.2, 31.05], "uv_size": [-5.35, -4.85]},
								"down": {"uv": [84.2, 31.05], "uv_size": [-5.35, -4.85]}
							}
						},
						{
							"origin": [0.75, 19.89056, 7.7],
							"size": [1.4, 1.6, 1.1],
							"pivot": [1.45, 20.69056, 8.25],
							"rotation": [8.98954, 0.34737, -0.2348],
							"uv": {
								"north": {"uv": [78.85, 26.2], "uv_size": [5.35, 4.85]},
								"east": {"uv": [78.85, 26.2], "uv_size": [5.35, 4.85]},
								"south": {"uv": [78.85, 26.2], "uv_size": [5.35, 4.85]},
								"west": {"uv": [78.85, 26.2], "uv_size": [5.35, 4.85]},
								"up": {"uv": [84.2, 31.05], "uv_size": [-5.35, -4.85]},
								"down": {"uv": [84.2, 31.05], "uv_size": [-5.35, -4.85]}
							}
						},
						{
							"origin": [0.75, 19.19056, 12.7],
							"size": [1.4, 1.6, 1.1],
							"pivot": [1.45, 20.69056, 8.25],
							"rotation": [26.48983, 0.4019, -0.11947],
							"uv": {
								"north": {"uv": [78.85, 26.2], "uv_size": [5.35, 4.85]},
								"east": {"uv": [78.85, 26.2], "uv_size": [5.35, 4.85]},
								"south": {"uv": [78.85, 26.2], "uv_size": [5.35, 4.85]},
								"west": {"uv": [78.85, 26.2], "uv_size": [5.35, 4.85]},
								"up": {"uv": [84.2, 31.05], "uv_size": [-5.35, -4.85]},
								"down": {"uv": [84.2, 31.05], "uv_size": [-5.35, -4.85]}
							}
						},
						{
							"origin": [0.75663, 22.35178, 17.82268],
							"size": [1.4, 1.6, 1.1],
							"pivot": [1.5247, 22.54685, 13.3933],
							"rotation": [51.52132, -6.45687, 3.2576],
							"uv": {
								"north": {"uv": [78.85, 26.2], "uv_size": [5.35, 4.85]},
								"east": {"uv": [78.85, 26.2], "uv_size": [5.35, 4.85]},
								"south": {"uv": [78.85, 26.2], "uv_size": [5.35, 4.85]},
								"west": {"uv": [78.85, 26.2], "uv_size": [5.35, 4.85]},
								"up": {"uv": [84.2, 31.05], "uv_size": [-5.35, -4.85]},
								"down": {"uv": [84.2, 31.05], "uv_size": [-5.35, -4.85]}
							}
						},
						{
							"origin": [0.95, 20.09056, 3.4],
							"size": [1, 1.3, 5],
							"uv": {
								"north": {"uv": [78.85, 26.2], "uv_size": [5.35, 4.85]},
								"east": {"uv": [78.85, 26.2], "uv_size": [5.35, 4.85]},
								"south": {"uv": [78.85, 26.2], "uv_size": [5.35, 4.85]},
								"west": {"uv": [78.85, 26.2], "uv_size": [5.35, 4.85]},
								"up": {"uv": [84.2, 31.05], "uv_size": [-5.35, -4.85]},
								"down": {"uv": [84.2, 31.05], "uv_size": [-5.35, -4.85]}
							}
						},
						{
							"origin": [0.95, 20.09056, 8.4],
							"size": [1, 1.3, 5],
							"pivot": [1.45, 20.89056, 8.4],
							"rotation": [19.9789, 0.72233, -0.373],
							"uv": {
								"north": {"uv": [78.85, 26.2], "uv_size": [5.35, 4.85]},
								"east": {"uv": [78.85, 26.2], "uv_size": [5.35, 4.85]},
								"south": {"uv": [78.85, 26.2], "uv_size": [5.35, 4.85]},
								"west": {"uv": [78.85, 26.2], "uv_size": [5.35, 4.85]},
								"up": {"uv": [84.2, 31.05], "uv_size": [-5.35, -4.85]},
								"down": {"uv": [84.2, 31.05], "uv_size": [-5.35, -4.85]}
							}
						},
						{
							"origin": [0.95378, 26.59305, 15.81808],
							"size": [1, 1.3, 5],
							"pivot": [1.45, 27.29056, 16.1],
							"rotation": [89.74763, -0.68859, 2.11086],
							"uv": {
								"north": {"uv": [78.85, 26.2], "uv_size": [5.35, 4.85]},
								"east": {"uv": [78.85, 26.2], "uv_size": [5.35, 4.85]},
								"south": {"uv": [78.85, 26.2], "uv_size": [5.35, 4.85]},
								"west": {"uv": [78.85, 26.2], "uv_size": [5.35, 4.85]},
								"up": {"uv": [84.2, 31.05], "uv_size": [-5.35, -4.85]},
								"down": {"uv": [84.2, 31.05], "uv_size": [-5.35, -4.85]}
							}
						},
						{
							"origin": [0.75274, 25.81227, 20.05804],
							"size": [1.4, 1.6, 1.1],
							"pivot": [1.45, 27.29056, 16.1],
							"rotation": [96.25928, -1.03728, 1.89784],
							"uv": {
								"north": {"uv": [78.85, 26.2], "uv_size": [5.35, 4.85]},
								"east": {"uv": [78.85, 26.2], "uv_size": [5.35, 4.85]},
								"south": {"uv": [78.85, 26.2], "uv_size": [5.35, 4.85]},
								"west": {"uv": [78.85, 26.2], "uv_size": [5.35, 4.85]},
								"up": {"uv": [84.2, 31.05], "uv_size": [-5.35, -4.85]},
								"down": {"uv": [84.2, 31.05], "uv_size": [-5.35, -4.85]}
							}
						},
						{
							"origin": [0.95378, 31.59305, 15.81808],
							"size": [1, 1.3, 5],
							"pivot": [1.45, 32.29056, 16.1],
							"rotation": [114.73885, -1.51606, 1.6223],
							"uv": {
								"north": {"uv": [78.85, 26.2], "uv_size": [5.35, 4.85]},
								"east": {"uv": [78.85, 26.2], "uv_size": [5.35, 4.85]},
								"south": {"uv": [78.85, 26.2], "uv_size": [5.35, 4.85]},
								"west": {"uv": [78.85, 26.2], "uv_size": [5.35, 4.85]},
								"up": {"uv": [84.2, 31.05], "uv_size": [-5.35, -4.85]},
								"down": {"uv": [84.2, 31.05], "uv_size": [-5.35, -4.85]}
							}
						},
						{
							"origin": [0.75274, 30.81227, 20.05804],
							"size": [1.4, 1.6, 1.1],
							"pivot": [1.45, 32.29056, 16.1],
							"rotation": [121.25697, -1.74209, 1.28179],
							"uv": {
								"north": {"uv": [78.85, 26.2], "uv_size": [5.35, 4.85]},
								"east": {"uv": [78.85, 26.2], "uv_size": [5.35, 4.85]},
								"south": {"uv": [78.85, 26.2], "uv_size": [5.35, 4.85]},
								"west": {"uv": [78.85, 26.2], "uv_size": [5.35, 4.85]},
								"up": {"uv": [84.2, 31.05], "uv_size": [-5.35, -4.85]},
								"down": {"uv": [84.2, 31.05], "uv_size": [-5.35, -4.85]}
							}
						},
						{
							"origin": [0.95378, 36.19305, 13.81808],
							"size": [1, 1.3, 5],
							"pivot": [1.45, 36.89056, 14.1],
							"rotation": [139.74541, -2.05958, 0.82951],
							"uv": {
								"north": {"uv": [78.85, 26.2], "uv_size": [5.35, 4.85]},
								"east": {"uv": [78.85, 26.2], "uv_size": [5.35, 4.85]},
								"south": {"uv": [78.85, 26.2], "uv_size": [5.35, 4.85]},
								"west": {"uv": [78.85, 26.2], "uv_size": [5.35, 4.85]},
								"up": {"uv": [84.2, 31.05], "uv_size": [-5.35, -4.85]},
								"down": {"uv": [84.2, 31.05], "uv_size": [-5.35, -4.85]}
							}
						},
						{
							"origin": [0.75274, 35.41227, 18.05804],
							"size": [1.4, 1.6, 1.1],
							"pivot": [1.45, 36.89056, 14.1],
							"rotation": [146.26859, -2.12052, 0.42523],
							"uv": {
								"north": {"uv": [78.85, 26.2], "uv_size": [5.35, 4.85]},
								"east": {"uv": [78.85, 26.2], "uv_size": [5.35, 4.85]},
								"south": {"uv": [78.85, 26.2], "uv_size": [5.35, 4.85]},
								"west": {"uv": [78.85, 26.2], "uv_size": [5.35, 4.85]},
								"up": {"uv": [84.2, 31.05], "uv_size": [-5.35, -4.85]},
								"down": {"uv": [84.2, 31.05], "uv_size": [-5.35, -4.85]}
							}
						},
						{
							"origin": [0.95378, 39.49305, 10.11808],
							"size": [1, 1.3, 5],
							"pivot": [1.45, 40.19056, 10.4],
							"rotation": [166.76411, -2.21159, -0.19638],
							"uv": {
								"north": {"uv": [78.85, 26.2], "uv_size": [5.35, 4.85]},
								"east": {"uv": [78.85, 26.2], "uv_size": [5.35, 4.85]},
								"south": {"uv": [78.85, 26.2], "uv_size": [5.35, 4.85]},
								"west": {"uv": [78.85, 26.2], "uv_size": [5.35, 4.85]},
								"up": {"uv": [84.2, 31.05], "uv_size": [-5.35, -4.85]},
								"down": {"uv": [84.2, 31.05], "uv_size": [-5.35, -4.85]}
							}
						},
						{
							"origin": [0.75274, 38.71227, 14.35804],
							"size": [1.4, 1.6, 1.1],
							"pivot": [1.45, 40.19056, 10.4],
							"rotation": [173.28708, -2.08234, -0.58426],
							"uv": {
								"north": {"uv": [78.85, 26.2], "uv_size": [5.35, 4.85]},
								"east": {"uv": [78.85, 26.2], "uv_size": [5.35, 4.85]},
								"south": {"uv": [78.85, 26.2], "uv_size": [5.35, 4.85]},
								"west": {"uv": [78.85, 26.2], "uv_size": [5.35, 4.85]},
								"up": {"uv": [84.2, 31.05], "uv_size": [-5.35, -4.85]},
								"down": {"uv": [84.2, 31.05], "uv_size": [-5.35, -4.85]}
							}
						},
						{
							"origin": [1.33103, 41.62619, 4.10291],
							"size": [0.6, 1.3, 6.6],
							"pivot": [1.70651, 42.094, 4.61266],
							"rotation": [164.76262, -2.2171, -0.11904],
							"uv": {
								"north": {"uv": [78.85, 26.2], "uv_size": [5.35, 4.85]},
								"east": {"uv": [78.85, 26.2], "uv_size": [5.35, 4.85]},
								"south": {"uv": [78.85, 26.2], "uv_size": [5.35, 4.85]},
								"west": {"uv": [78.85, 26.2], "uv_size": [5.35, 4.85]},
								"up": {"uv": [84.2, 31.05], "uv_size": [-5.35, -4.85]},
								"down": {"uv": [84.2, 31.05], "uv_size": [-5.35, -4.85]}
							}
						},
						{
							"origin": [1.33103, 41.92619, 4.10291],
							"size": [0.6, 1.3, 6.6],
							"pivot": [1.70651, 42.094, 4.61266],
							"rotation": [172.76843, -2.17894, -0.42658],
							"uv": {
								"north": {"uv": [78.85, 26.2], "uv_size": [5.35, 4.85]},
								"east": {"uv": [78.85, 26.2], "uv_size": [5.35, 4.85]},
								"south": {"uv": [78.85, 26.2], "uv_size": [5.35, 4.85]},
								"west": {"uv": [78.85, 26.2], "uv_size": [5.35, 4.85]},
								"up": {"uv": [84.2, 31.05], "uv_size": [-5.35, -4.85]},
								"down": {"uv": [84.2, 31.05], "uv_size": [-5.35, -4.85]}
							}
						},
						{
							"origin": [1.44762, 41.50528, -2.68495],
							"size": [0.6, 1.4, 3.1],
							"pivot": [1.74762, 42.15528, -1.53495],
							"rotation": [-127.22648, -0.72007, -2.10034],
							"uv": {
								"north": {"uv": [78.85, 26.2], "uv_size": [5.35, 4.85]},
								"east": {"uv": [78.85, 26.2], "uv_size": [5.35, 4.85]},
								"south": {"uv": [78.85, 26.2], "uv_size": [5.35, 4.85]},
								"west": {"uv": [78.85, 26.2], "uv_size": [5.35, 4.85]},
								"up": {"uv": [84.2, 31.05], "uv_size": [-5.35, -4.85]},
								"down": {"uv": [84.2, 31.05], "uv_size": [-5.35, -4.85]}
							}
						},
						{
							"origin": [1.44762, 41.50528, -0.68495],
							"size": [0.6, 0.4, 3.1],
							"pivot": [1.74762, 42.15528, -1.53495],
							"rotation": [-127.22648, -0.72007, -2.10034],
							"uv": {
								"north": {"uv": [78.85, 26.2], "uv_size": [5.35, 4.85]},
								"east": {"uv": [78.85, 26.2], "uv_size": [5.35, 4.85]},
								"south": {"uv": [78.85, 26.2], "uv_size": [5.35, 4.85]},
								"west": {"uv": [78.85, 26.2], "uv_size": [5.35, 4.85]},
								"up": {"uv": [84.2, 31.05], "uv_size": [-5.35, -4.85]},
								"down": {"uv": [84.2, 31.05], "uv_size": [-5.35, -4.85]}
							}
						},
						{
							"origin": [1.53041, 41.01845, -4.29504],
							"size": [0.6, 0.4, 2.3],
							"pivot": [1.83041, 40.51845, -3.34504],
							"rotation": [-153.21817, -1.56782, -1.57234],
							"uv": {
								"north": {"uv": [78.85, 26.2], "uv_size": [5.35, 4.85]},
								"east": {"uv": [78.85, 26.2], "uv_size": [5.35, 4.85]},
								"south": {"uv": [78.85, 26.2], "uv_size": [5.35, 4.85]},
								"west": {"uv": [78.85, 26.2], "uv_size": [5.35, 4.85]},
								"up": {"uv": [84.2, 31.05], "uv_size": [-5.35, -4.85]},
								"down": {"uv": [84.2, 31.05], "uv_size": [-5.35, -4.85]}
							}
						},
						{
							"origin": [1.53041, 40.41845, -4.29504],
							"size": [0.6, 0.9, 1.1],
							"pivot": [1.83041, 40.51845, -3.34504],
							"rotation": [-153.21817, -1.56782, -1.57234],
							"uv": {
								"north": {"uv": [78.85, 26.2], "uv_size": [5.35, 4.85]},
								"east": {"uv": [78.85, 26.2], "uv_size": [5.35, 4.85]},
								"south": {"uv": [78.85, 26.2], "uv_size": [5.35, 4.85]},
								"west": {"uv": [78.85, 26.2], "uv_size": [5.35, 4.85]},
								"up": {"uv": [84.2, 31.05], "uv_size": [-5.35, -4.85]},
								"down": {"uv": [84.2, 31.05], "uv_size": [-5.35, -4.85]}
							}
						},
						{
							"origin": [1.53041, 40.61845, -3.19504],
							"size": [0.6, 0.5, 1],
							"pivot": [1.83041, 40.51845, -3.34504],
							"rotation": [-139.22072, -1.14094, -1.90484],
							"uv": {
								"north": {"uv": [78.85, 26.2], "uv_size": [5.35, 4.85]},
								"east": {"uv": [78.85, 26.2], "uv_size": [5.35, 4.85]},
								"south": {"uv": [78.85, 26.2], "uv_size": [5.35, 4.85]},
								"west": {"uv": [78.85, 26.2], "uv_size": [5.35, 4.85]},
								"up": {"uv": [84.2, 31.05], "uv_size": [-5.35, -4.85]},
								"down": {"uv": [84.2, 31.05], "uv_size": [-5.35, -4.85]}
							}
						},
						{
							"origin": [1.32641, 41.2224, 3.57024],
							"size": [0.6, 1.4, 2],
							"pivot": [1.62641, 41.9224, 4.57024],
							"rotation": [130.74134, -1.90446, 1.14157],
							"uv": {
								"north": {"uv": [78.85, 26.2], "uv_size": [5.35, 4.85]},
								"east": {"uv": [78.85, 26.2], "uv_size": [5.35, 4.85]},
								"south": {"uv": [78.85, 26.2], "uv_size": [5.35, 4.85]},
								"west": {"uv": [78.85, 26.2], "uv_size": [5.35, 4.85]},
								"up": {"uv": [84.2, 31.05], "uv_size": [-5.35, -4.85]},
								"down": {"uv": [84.2, 31.05], "uv_size": [-5.35, -4.85]}
							}
						},
						{
							"origin": [0.75274, 39.41227, 13.65804],
							"size": [1.4, 1.6, 1.1],
							"pivot": [1.45, 40.89056, 9.7],
							"rotation": [-178.70853, -1.98076, -0.86847],
							"uv": {
								"north": {"uv": [78.85, 26.2], "uv_size": [5.35, 4.85]},
								"east": {"uv": [78.85, 26.2], "uv_size": [5.35, 4.85]},
								"south": {"uv": [78.85, 26.2], "uv_size": [5.35, 4.85]},
								"west": {"uv": [78.85, 26.2], "uv_size": [5.35, 4.85]},
								"up": {"uv": [84.2, 31.05], "uv_size": [-5.35, -4.85]},
								"down": {"uv": [84.2, 31.05], "uv_size": [-5.35, -4.85]}
							}
						},
						{
							"origin": [1.00325, 22.00283, 13.3002],
							"size": [1, 1.3, 5],
							"pivot": [1.5247, 22.54685, 13.3933],
							"rotation": [58.98637, -5.97979, 3.44985],
							"uv": {
								"north": {"uv": [78.85, 26.2], "uv_size": [5.35, 4.85]},
								"east": {"uv": [78.85, 26.2], "uv_size": [5.35, 4.85]},
								"south": {"uv": [78.85, 26.2], "uv_size": [5.35, 4.85]},
								"west": {"uv": [78.85, 26.2], "uv_size": [5.35, 4.85]},
								"up": {"uv": [84.2, 31.05], "uv_size": [-5.35, -4.85]},
								"down": {"uv": [84.2, 31.05], "uv_size": [-5.35, -4.85]}
							}
						}
					]
				},
				{
					"name": "klikk3",
					"parent": "Body",
					"pivot": [-2.05, 20.89056, 2.4],
					"cubes": [
						{
							"origin": [-3.05, 19.89056, 2.4],
							"size": [2, 2, 1.1],
							"uv": {
								"north": {"uv": [78.85, 26.2], "uv_size": [5.35, 4.85]},
								"east": {"uv": [78.85, 26.2], "uv_size": [5.35, 4.85]},
								"south": {"uv": [78.85, 26.2], "uv_size": [5.35, 4.85]},
								"west": {"uv": [78.85, 26.2], "uv_size": [5.35, 4.85]},
								"up": {"uv": [84.2, 31.05], "uv_size": [-5.35, -4.85]},
								"down": {"uv": [84.2, 31.05], "uv_size": [-5.35, -4.85]}
							}
						},
						{
							"origin": [-2.75, 19.89056, 7.7],
							"size": [1.4, 1.6, 1.1],
							"pivot": [-2.05, 20.69056, 8.25],
							"rotation": [8.98954, 0.34737, -0.2348],
							"uv": {
								"north": {"uv": [78.85, 26.2], "uv_size": [5.35, 4.85]},
								"east": {"uv": [78.85, 26.2], "uv_size": [5.35, 4.85]},
								"south": {"uv": [78.85, 26.2], "uv_size": [5.35, 4.85]},
								"west": {"uv": [78.85, 26.2], "uv_size": [5.35, 4.85]},
								"up": {"uv": [84.2, 31.05], "uv_size": [-5.35, -4.85]},
								"down": {"uv": [84.2, 31.05], "uv_size": [-5.35, -4.85]}
							}
						},
						{
							"origin": [-2.75, 19.19056, 12.7],
							"size": [1.4, 1.6, 1.1],
							"pivot": [-2.05, 20.69056, 8.25],
							"rotation": [26.48983, 0.4019, -0.11947],
							"uv": {
								"north": {"uv": [78.85, 26.2], "uv_size": [5.35, 4.85]},
								"east": {"uv": [78.85, 26.2], "uv_size": [5.35, 4.85]},
								"south": {"uv": [78.85, 26.2], "uv_size": [5.35, 4.85]},
								"west": {"uv": [78.85, 26.2], "uv_size": [5.35, 4.85]},
								"up": {"uv": [84.2, 31.05], "uv_size": [-5.35, -4.85]},
								"down": {"uv": [84.2, 31.05], "uv_size": [-5.35, -4.85]}
							}
						},
						{
							"origin": [-2.74337, 22.35178, 17.82268],
							"size": [1.4, 1.6, 1.1],
							"pivot": [-1.9753, 22.54685, 13.3933],
							"rotation": [51.52132, -6.45687, 3.2576],
							"uv": {
								"north": {"uv": [78.85, 26.2], "uv_size": [5.35, 4.85]},
								"east": {"uv": [78.85, 26.2], "uv_size": [5.35, 4.85]},
								"south": {"uv": [78.85, 26.2], "uv_size": [5.35, 4.85]},
								"west": {"uv": [78.85, 26.2], "uv_size": [5.35, 4.85]},
								"up": {"uv": [84.2, 31.05], "uv_size": [-5.35, -4.85]},
								"down": {"uv": [84.2, 31.05], "uv_size": [-5.35, -4.85]}
							}
						},
						{
							"origin": [-2.55, 20.09056, 3.4],
							"size": [1, 1.3, 5],
							"uv": {
								"north": {"uv": [78.85, 26.2], "uv_size": [5.35, 4.85]},
								"east": {"uv": [78.85, 26.2], "uv_size": [5.35, 4.85]},
								"south": {"uv": [78.85, 26.2], "uv_size": [5.35, 4.85]},
								"west": {"uv": [78.85, 26.2], "uv_size": [5.35, 4.85]},
								"up": {"uv": [84.2, 31.05], "uv_size": [-5.35, -4.85]},
								"down": {"uv": [84.2, 31.05], "uv_size": [-5.35, -4.85]}
							}
						},
						{
							"origin": [-2.55, 20.09056, 8.4],
							"size": [1, 1.3, 5],
							"pivot": [-2.05, 20.89056, 8.4],
							"rotation": [19.9789, 0.72233, -0.373],
							"uv": {
								"north": {"uv": [78.85, 26.2], "uv_size": [5.35, 4.85]},
								"east": {"uv": [78.85, 26.2], "uv_size": [5.35, 4.85]},
								"south": {"uv": [78.85, 26.2], "uv_size": [5.35, 4.85]},
								"west": {"uv": [78.85, 26.2], "uv_size": [5.35, 4.85]},
								"up": {"uv": [84.2, 31.05], "uv_size": [-5.35, -4.85]},
								"down": {"uv": [84.2, 31.05], "uv_size": [-5.35, -4.85]}
							}
						},
						{
							"origin": [-2.54622, 26.59305, 15.81808],
							"size": [1, 1.3, 5],
							"pivot": [-2.05, 27.29056, 16.1],
							"rotation": [89.74763, -0.68859, 2.11086],
							"uv": {
								"north": {"uv": [78.85, 26.2], "uv_size": [5.35, 4.85]},
								"east": {"uv": [78.85, 26.2], "uv_size": [5.35, 4.85]},
								"south": {"uv": [78.85, 26.2], "uv_size": [5.35, 4.85]},
								"west": {"uv": [78.85, 26.2], "uv_size": [5.35, 4.85]},
								"up": {"uv": [84.2, 31.05], "uv_size": [-5.35, -4.85]},
								"down": {"uv": [84.2, 31.05], "uv_size": [-5.35, -4.85]}
							}
						},
						{
							"origin": [-2.74726, 25.81227, 20.05804],
							"size": [1.4, 1.6, 1.1],
							"pivot": [-2.05, 27.29056, 16.1],
							"rotation": [96.25928, -1.03728, 1.89784],
							"uv": {
								"north": {"uv": [78.85, 26.2], "uv_size": [5.35, 4.85]},
								"east": {"uv": [78.85, 26.2], "uv_size": [5.35, 4.85]},
								"south": {"uv": [78.85, 26.2], "uv_size": [5.35, 4.85]},
								"west": {"uv": [78.85, 26.2], "uv_size": [5.35, 4.85]},
								"up": {"uv": [84.2, 31.05], "uv_size": [-5.35, -4.85]},
								"down": {"uv": [84.2, 31.05], "uv_size": [-5.35, -4.85]}
							}
						},
						{
							"origin": [-2.54622, 31.59305, 15.81808],
							"size": [1, 1.3, 5],
							"pivot": [-2.05, 32.29056, 16.1],
							"rotation": [114.73885, -1.51606, 1.6223],
							"uv": {
								"north": {"uv": [78.85, 26.2], "uv_size": [5.35, 4.85]},
								"east": {"uv": [78.85, 26.2], "uv_size": [5.35, 4.85]},
								"south": {"uv": [78.85, 26.2], "uv_size": [5.35, 4.85]},
								"west": {"uv": [78.85, 26.2], "uv_size": [5.35, 4.85]},
								"up": {"uv": [84.2, 31.05], "uv_size": [-5.35, -4.85]},
								"down": {"uv": [84.2, 31.05], "uv_size": [-5.35, -4.85]}
							}
						},
						{
							"origin": [-2.74726, 30.81227, 20.05804],
							"size": [1.4, 1.6, 1.1],
							"pivot": [-2.05, 32.29056, 16.1],
							"rotation": [121.25697, -1.74209, 1.28179],
							"uv": {
								"north": {"uv": [78.85, 26.2], "uv_size": [5.35, 4.85]},
								"east": {"uv": [78.85, 26.2], "uv_size": [5.35, 4.85]},
								"south": {"uv": [78.85, 26.2], "uv_size": [5.35, 4.85]},
								"west": {"uv": [78.85, 26.2], "uv_size": [5.35, 4.85]},
								"up": {"uv": [84.2, 31.05], "uv_size": [-5.35, -4.85]},
								"down": {"uv": [84.2, 31.05], "uv_size": [-5.35, -4.85]}
							}
						},
						{
							"origin": [-2.54622, 36.19305, 13.81808],
							"size": [1, 1.3, 5],
							"pivot": [-2.05, 36.89056, 14.1],
							"rotation": [139.74541, -2.05958, 0.82951],
							"uv": {
								"north": {"uv": [78.85, 26.2], "uv_size": [5.35, 4.85]},
								"east": {"uv": [78.85, 26.2], "uv_size": [5.35, 4.85]},
								"south": {"uv": [78.85, 26.2], "uv_size": [5.35, 4.85]},
								"west": {"uv": [78.85, 26.2], "uv_size": [5.35, 4.85]},
								"up": {"uv": [84.2, 31.05], "uv_size": [-5.35, -4.85]},
								"down": {"uv": [84.2, 31.05], "uv_size": [-5.35, -4.85]}
							}
						},
						{
							"origin": [-2.74726, 35.41227, 18.05804],
							"size": [1.4, 1.6, 1.1],
							"pivot": [-2.05, 36.89056, 14.1],
							"rotation": [146.26859, -2.12052, 0.42523],
							"uv": {
								"north": {"uv": [78.85, 26.2], "uv_size": [5.35, 4.85]},
								"east": {"uv": [78.85, 26.2], "uv_size": [5.35, 4.85]},
								"south": {"uv": [78.85, 26.2], "uv_size": [5.35, 4.85]},
								"west": {"uv": [78.85, 26.2], "uv_size": [5.35, 4.85]},
								"up": {"uv": [84.2, 31.05], "uv_size": [-5.35, -4.85]},
								"down": {"uv": [84.2, 31.05], "uv_size": [-5.35, -4.85]}
							}
						},
						{
							"origin": [-2.54622, 39.49305, 10.11808],
							"size": [1, 1.3, 5],
							"pivot": [-2.05, 40.19056, 10.4],
							"rotation": [166.76411, -2.21159, -0.19638],
							"uv": {
								"north": {"uv": [78.85, 26.2], "uv_size": [5.35, 4.85]},
								"east": {"uv": [78.85, 26.2], "uv_size": [5.35, 4.85]},
								"south": {"uv": [78.85, 26.2], "uv_size": [5.35, 4.85]},
								"west": {"uv": [78.85, 26.2], "uv_size": [5.35, 4.85]},
								"up": {"uv": [84.2, 31.05], "uv_size": [-5.35, -4.85]},
								"down": {"uv": [84.2, 31.05], "uv_size": [-5.35, -4.85]}
							}
						},
						{
							"origin": [-2.74726, 38.71227, 14.35804],
							"size": [1.4, 1.6, 1.1],
							"pivot": [-2.05, 40.19056, 10.4],
							"rotation": [173.28708, -2.08234, -0.58426],
							"uv": {
								"north": {"uv": [78.85, 26.2], "uv_size": [5.35, 4.85]},
								"east": {"uv": [78.85, 26.2], "uv_size": [5.35, 4.85]},
								"south": {"uv": [78.85, 26.2], "uv_size": [5.35, 4.85]},
								"west": {"uv": [78.85, 26.2], "uv_size": [5.35, 4.85]},
								"up": {"uv": [84.2, 31.05], "uv_size": [-5.35, -4.85]},
								"down": {"uv": [84.2, 31.05], "uv_size": [-5.35, -4.85]}
							}
						},
						{
							"origin": [-2.16897, 41.62619, 4.10291],
							"size": [0.6, 1.3, 6.6],
							"pivot": [-1.79349, 42.094, 4.61266],
							"rotation": [164.76262, -2.2171, -0.11904],
							"uv": {
								"north": {"uv": [78.85, 26.2], "uv_size": [5.35, 4.85]},
								"east": {"uv": [78.85, 26.2], "uv_size": [5.35, 4.85]},
								"south": {"uv": [78.85, 26.2], "uv_size": [5.35, 4.85]},
								"west": {"uv": [78.85, 26.2], "uv_size": [5.35, 4.85]},
								"up": {"uv": [84.2, 31.05], "uv_size": [-5.35, -4.85]},
								"down": {"uv": [84.2, 31.05], "uv_size": [-5.35, -4.85]}
							}
						},
						{
							"origin": [-2.16897, 41.92619, 4.10291],
							"size": [0.6, 1.3, 6.6],
							"pivot": [-1.79349, 42.094, 4.61266],
							"rotation": [172.76843, -2.17894, -0.42658],
							"uv": {
								"north": {"uv": [78.85, 26.2], "uv_size": [5.35, 4.85]},
								"east": {"uv": [78.85, 26.2], "uv_size": [5.35, 4.85]},
								"south": {"uv": [78.85, 26.2], "uv_size": [5.35, 4.85]},
								"west": {"uv": [78.85, 26.2], "uv_size": [5.35, 4.85]},
								"up": {"uv": [84.2, 31.05], "uv_size": [-5.35, -4.85]},
								"down": {"uv": [84.2, 31.05], "uv_size": [-5.35, -4.85]}
							}
						},
						{
							"origin": [-2.05238, 41.50528, -2.68495],
							"size": [0.6, 1.4, 3.1],
							"pivot": [-1.75238, 42.15528, -1.53495],
							"rotation": [-127.22648, -0.72007, -2.10034],
							"uv": {
								"north": {"uv": [78.85, 26.2], "uv_size": [5.35, 4.85]},
								"east": {"uv": [78.85, 26.2], "uv_size": [5.35, 4.85]},
								"south": {"uv": [78.85, 26.2], "uv_size": [5.35, 4.85]},
								"west": {"uv": [78.85, 26.2], "uv_size": [5.35, 4.85]},
								"up": {"uv": [84.2, 31.05], "uv_size": [-5.35, -4.85]},
								"down": {"uv": [84.2, 31.05], "uv_size": [-5.35, -4.85]}
							}
						},
						{
							"origin": [-2.05238, 41.50528, -0.68495],
							"size": [0.6, 0.4, 3.1],
							"pivot": [-1.75238, 42.15528, -1.53495],
							"rotation": [-127.22648, -0.72007, -2.10034],
							"uv": {
								"north": {"uv": [78.85, 26.2], "uv_size": [5.35, 4.85]},
								"east": {"uv": [78.85, 26.2], "uv_size": [5.35, 4.85]},
								"south": {"uv": [78.85, 26.2], "uv_size": [5.35, 4.85]},
								"west": {"uv": [78.85, 26.2], "uv_size": [5.35, 4.85]},
								"up": {"uv": [84.2, 31.05], "uv_size": [-5.35, -4.85]},
								"down": {"uv": [84.2, 31.05], "uv_size": [-5.35, -4.85]}
							}
						},
						{
							"origin": [-1.96959, 41.01845, -4.29504],
							"size": [0.6, 0.4, 2.3],
							"pivot": [-1.66959, 40.51845, -3.34504],
							"rotation": [-153.21817, -1.56782, -1.57234],
							"uv": {
								"north": {"uv": [78.85, 26.2], "uv_size": [5.35, 4.85]},
								"east": {"uv": [78.85, 26.2], "uv_size": [5.35, 4.85]},
								"south": {"uv": [78.85, 26.2], "uv_size": [5.35, 4.85]},
								"west": {"uv": [78.85, 26.2], "uv_size": [5.35, 4.85]},
								"up": {"uv": [84.2, 31.05], "uv_size": [-5.35, -4.85]},
								"down": {"uv": [84.2, 31.05], "uv_size": [-5.35, -4.85]}
							}
						},
						{
							"origin": [-1.96959, 40.41845, -4.29504],
							"size": [0.6, 0.9, 1.1],
							"pivot": [-1.66959, 40.51845, -3.34504],
							"rotation": [-153.21817, -1.56782, -1.57234],
							"uv": {
								"north": {"uv": [78.85, 26.2], "uv_size": [5.35, 4.85]},
								"east": {"uv": [78.85, 26.2], "uv_size": [5.35, 4.85]},
								"south": {"uv": [78.85, 26.2], "uv_size": [5.35, 4.85]},
								"west": {"uv": [78.85, 26.2], "uv_size": [5.35, 4.85]},
								"up": {"uv": [84.2, 31.05], "uv_size": [-5.35, -4.85]},
								"down": {"uv": [84.2, 31.05], "uv_size": [-5.35, -4.85]}
							}
						},
						{
							"origin": [-1.96959, 40.61845, -3.19504],
							"size": [0.6, 0.5, 1],
							"pivot": [-1.66959, 40.51845, -3.34504],
							"rotation": [-139.22072, -1.14094, -1.90484],
							"uv": {
								"north": {"uv": [78.85, 26.2], "uv_size": [5.35, 4.85]},
								"east": {"uv": [78.85, 26.2], "uv_size": [5.35, 4.85]},
								"south": {"uv": [78.85, 26.2], "uv_size": [5.35, 4.85]},
								"west": {"uv": [78.85, 26.2], "uv_size": [5.35, 4.85]},
								"up": {"uv": [84.2, 31.05], "uv_size": [-5.35, -4.85]},
								"down": {"uv": [84.2, 31.05], "uv_size": [-5.35, -4.85]}
							}
						},
						{
							"origin": [-2.17359, 41.2224, 3.57024],
							"size": [0.6, 1.4, 2],
							"pivot": [-1.87359, 41.9224, 4.57024],
							"rotation": [130.74134, -1.90446, 1.14157],
							"uv": {
								"north": {"uv": [78.85, 26.2], "uv_size": [5.35, 4.85]},
								"east": {"uv": [78.85, 26.2], "uv_size": [5.35, 4.85]},
								"south": {"uv": [78.85, 26.2], "uv_size": [5.35, 4.85]},
								"west": {"uv": [78.85, 26.2], "uv_size": [5.35, 4.85]},
								"up": {"uv": [84.2, 31.05], "uv_size": [-5.35, -4.85]},
								"down": {"uv": [84.2, 31.05], "uv_size": [-5.35, -4.85]}
							}
						},
						{
							"origin": [-2.74726, 39.41227, 13.65804],
							"size": [1.4, 1.6, 1.1],
							"pivot": [-2.05, 40.89056, 9.7],
							"rotation": [-178.70853, -1.98076, -0.86847],
							"uv": {
								"north": {"uv": [78.85, 26.2], "uv_size": [5.35, 4.85]},
								"east": {"uv": [78.85, 26.2], "uv_size": [5.35, 4.85]},
								"south": {"uv": [78.85, 26.2], "uv_size": [5.35, 4.85]},
								"west": {"uv": [78.85, 26.2], "uv_size": [5.35, 4.85]},
								"up": {"uv": [84.2, 31.05], "uv_size": [-5.35, -4.85]},
								"down": {"uv": [84.2, 31.05], "uv_size": [-5.35, -4.85]}
							}
						},
						{
							"origin": [-2.49675, 22.00283, 13.3002],
							"size": [1, 1.3, 5],
							"pivot": [-1.9753, 22.54685, 13.3933],
							"rotation": [58.98637, -5.97979, 3.44985],
							"uv": {
								"north": {"uv": [78.85, 26.2], "uv_size": [5.35, 4.85]},
								"east": {"uv": [78.85, 26.2], "uv_size": [5.35, 4.85]},
								"south": {"uv": [78.85, 26.2], "uv_size": [5.35, 4.85]},
								"west": {"uv": [78.85, 26.2], "uv_size": [5.35, 4.85]},
								"up": {"uv": [84.2, 31.05], "uv_size": [-5.35, -4.85]},
								"down": {"uv": [84.2, 31.05], "uv_size": [-5.35, -4.85]}
							}
						}
					]
				},
				{
					"name": "Head",
					"parent": "Body",
					"pivot": [0, 24, 0],
					"cubes": [
						{
							"origin": [-4, 24, -4],
							"size": [8, 8, 8.2],
							"inflate": 0.15,
							"uv": {
								"north": {"uv": [0, 12], "uv_size": [8, 8]},
								"east": {"uv": [8, 12], "uv_size": [8, 8]},
								"south": {"uv": [16, 0], "uv_size": [8, 8]},
								"west": {"uv": [16, 8], "uv_size": [8, 8]},
								"up": {"uv": [16, 16], "uv_size": [8, 8]},
								"down": {"uv": [0, 28], "uv_size": [8, -8]}
							}
						}
					]
				},
				{
					"name": "kozla2",
					"parent": "Head",
					"pivot": [-0.6, 26.8, -2.7],
					"rotation": [0, 180, 0],
					"cubes": [
						{
							"origin": [-0.7, 26.4, -1.8],
							"size": [0.4, 1.2, 0.8],
							"pivot": [-0.6, 26.8, -2.7],
							"rotation": [0, 0, 37],
							"uv": {
								"north": {"uv": [52, 23], "uv_size": [-1, 1]},
								"east": {"uv": [52, 23], "uv_size": [-1, 1]},
								"south": {"uv": [52, 23], "uv_size": [-1, 1]},
								"west": {"uv": [52, 23], "uv_size": [-1, 1]},
								"up": {"uv": [51, 24], "uv_size": [1, -1]},
								"down": {"uv": [51, 24], "uv_size": [1, -1]}
							}
						},
						{
							"origin": [-1.1, 27.4, -1.8],
							"size": [0.2, 1.2, 0.6],
							"pivot": [-0.5, 26.7, -2.7],
							"rotation": [0, 0, 69],
							"uv": {
								"north": {"uv": [4, 60], "uv_size": [-1, 1]},
								"east": {"uv": [4, 60], "uv_size": [-1, 1]},
								"south": {"uv": [4, 60], "uv_size": [-1, 1]},
								"west": {"uv": [4, 60], "uv_size": [-1, 1]},
								"up": {"uv": [3, 61], "uv_size": [1, -1]},
								"down": {"uv": [3, 61], "uv_size": [1, -1]}
							}
						},
						{
							"origin": [-1.1, 27.3, -1.8],
							"size": [0.4, 1.3, 0.8],
							"pivot": [-0.5, 26.7, -2.7],
							"rotation": [0, 0, 66],
							"uv": {
								"north": {"uv": [52, 23], "uv_size": [-1, 1]},
								"east": {"uv": [52, 23], "uv_size": [-1, 1]},
								"south": {"uv": [52, 23], "uv_size": [-1, 1]},
								"west": {"uv": [52, 23], "uv_size": [-1, 1]},
								"up": {"uv": [51, 24], "uv_size": [1, -1]},
								"down": {"uv": [51, 24], "uv_size": [1, -1]}
							}
						},
						{
							"origin": [-0.9, 27.4, -1.8],
							"size": [1.8, 1.2, 0.8],
							"pivot": [-0.5, 26.7, -2.8],
							"rotation": [0, 0, 66],
							"uv": {
								"north": {"uv": [53, 23], "uv_size": [-2, 1]},
								"east": {"uv": [53, 23], "uv_size": [-2, 1]},
								"south": {"uv": [53, 23], "uv_size": [-2, 1]},
								"west": {"uv": [53, 23], "uv_size": [-2, 1]},
								"up": {"uv": [51, 24], "uv_size": [2, -1]},
								"down": {"uv": [51, 24], "uv_size": [2, -1]}
							}
						},
						{
							"origin": [-0.5, 26.4, -1.8],
							"size": [1.8, 1.2, 0.8],
							"pivot": [-0.5, 26.7, -2.8],
							"rotation": [0, 0, 24],
							"uv": {
								"north": {"uv": [52, 24], "uv_size": [0, 0]},
								"east": {"uv": [52, 24], "uv_size": [0, 0]},
								"south": {"uv": [52, 24], "uv_size": [0, 0]},
								"west": {"uv": [52, 24], "uv_size": [0, 0]},
								"up": {"uv": [52, 24], "uv_size": [0, 0]},
								"down": {"uv": [52, 24], "uv_size": [0, 0]}
							}
						},
						{
							"origin": [0.8, 26, -1.8],
							"size": [1.9, 1, 0.8],
							"pivot": [-0.5, 26.7, -2.8],
							"rotation": [0, 0, -26],
							"uv": {
								"north": {"uv": [53, 23], "uv_size": [-2, 1]},
								"east": {"uv": [53, 23], "uv_size": [-2, 1]},
								"south": {"uv": [53, 23], "uv_size": [-2, 1]},
								"west": {"uv": [53, 23], "uv_size": [-2, 1]},
								"up": {"uv": [51, 24], "uv_size": [2, -1]},
								"down": {"uv": [51, 24], "uv_size": [2, -1]}
							}
						},
						{
							"origin": [0.3, 24.5, -1.8],
							"size": [1.4, 0.9, 0.8],
							"pivot": [-0.5, 26.7, -2.8],
							"rotation": [0, 0, -52],
							"uv": {
								"north": {"uv": [53, 23], "uv_size": [-1, 1]},
								"east": {"uv": [53, 23], "uv_size": [-1, 1]},
								"south": {"uv": [53, 23], "uv_size": [-1, 1]},
								"west": {"uv": [53, 23], "uv_size": [-1, 1]},
								"up": {"uv": [52, 24], "uv_size": [1, -1]},
								"down": {"uv": [52, 24], "uv_size": [1, -1]}
							}
						},
						{
							"origin": [-1.55, 28.3, -1.8],
							"size": [0.5, 0.7, 0.8],
							"pivot": [-0.5, 26.7, -2.7],
							"rotation": [0, 0, 79],
							"uv": {
								"north": {"uv": [53, 23], "uv_size": [-1, 1]},
								"east": {"uv": [53, 23], "uv_size": [-1, 1]},
								"south": {"uv": [53, 23], "uv_size": [-1, 1]},
								"west": {"uv": [53, 23], "uv_size": [-1, 1]},
								"up": {"uv": [52, 24], "uv_size": [1, -1]},
								"down": {"uv": [52, 24], "uv_size": [1, -1]}
							}
						},
						{
							"origin": [-0.8, 28.9, -1.8],
							"size": [0.4, 1.2, 0.6],
							"pivot": [-0.5, 26.7, -2.7],
							"rotation": [0, 0, 63.5],
							"uv": {
								"north": {"uv": [52, 24], "uv_size": [-1, 1]},
								"east": {"uv": [52, 24], "uv_size": [-1, 1]},
								"south": {"uv": [52, 24], "uv_size": [-1, 1]},
								"west": {"uv": [52, 24], "uv_size": [-1, 1]},
								"up": {"uv": [51, 25], "uv_size": [1, -1]},
								"down": {"uv": [51, 25], "uv_size": [1, -1]}
							}
						},
						{
							"origin": [-0.2, 29.1, -1.8],
							"size": [0.4, 1.4, 0.8],
							"pivot": [-0.6, 26.8, -2.7],
							"rotation": [0, 0, 49],
							"uv": {
								"north": {"uv": [52, 23], "uv_size": [-1, 1]},
								"east": {"uv": [52, 23], "uv_size": [-1, 1]},
								"south": {"uv": [52, 23], "uv_size": [-1, 1]},
								"west": {"uv": [52, 23], "uv_size": [-1, 1]},
								"up": {"uv": [51, 24], "uv_size": [1, -1]},
								"down": {"uv": [51, 24], "uv_size": [1, -1]}
							}
						},
						{
							"origin": [-0.9, 29.2, -1.8],
							"size": [0.3, 1.2, 0.8],
							"pivot": [-0.6, 26.8, -2.7],
							"rotation": [0, 0, 66],
							"uv": {
								"north": {"uv": [52, 23], "uv_size": [-1, 1]},
								"east": {"uv": [52, 23], "uv_size": [-1, 1]},
								"south": {"uv": [52, 23], "uv_size": [-1, 1]},
								"west": {"uv": [52, 23], "uv_size": [-1, 1]},
								"up": {"uv": [51, 24], "uv_size": [1, -1]},
								"down": {"uv": [51, 24], "uv_size": [1, -1]}
							}
						},
						{
							"origin": [2.3, 27.4, -1.8],
							"size": [0.5, 1.6, 0.8],
							"uv": {
								"north": {"uv": [52, 23], "uv_size": [-1, 1]},
								"east": {"uv": [52, 23], "uv_size": [-1, 1]},
								"south": {"uv": [52, 23], "uv_size": [-1, 1]},
								"west": {"uv": [52, 23], "uv_size": [-1, 1]},
								"up": {"uv": [51, 24], "uv_size": [1, -1]},
								"down": {"uv": [51, 24], "uv_size": [1, -1]}
							}
						},
						{
							"origin": [1.9, 27.4, -1.8],
							"size": [0.5, 1.2, 0.8],
							"pivot": [-0.6, 26.8, -2.7],
							"rotation": [0, 0, 19],
							"uv": {
								"north": {"uv": [53, 23], "uv_size": [-1, 1]},
								"east": {"uv": [53, 23], "uv_size": [-1, 1]},
								"south": {"uv": [53, 23], "uv_size": [-1, 1]},
								"west": {"uv": [53, 23], "uv_size": [-1, 1]},
								"up": {"uv": [52, 24], "uv_size": [1, -1]},
								"down": {"uv": [52, 24], "uv_size": [1, -1]}
							}
						},
						{
							"origin": [1.27012, 25.29038, -1.8],
							"size": [0.5, 1.7, 0.8],
							"pivot": [1.67429, 25.96329, -3.3],
							"rotation": [0, 0, 53],
							"uv": {
								"north": {"uv": [53, 24], "uv_size": [-1, 1]},
								"east": {"uv": [53, 24], "uv_size": [-1, 1]},
								"south": {"uv": [53, 24], "uv_size": [-1, 1]},
								"west": {"uv": [53, 24], "uv_size": [-1, 1]},
								"up": {"uv": [52, 25], "uv_size": [1, -1]},
								"down": {"uv": [52, 25], "uv_size": [1, -1]}
							}
						},
						{
							"origin": [-0.3, 26.6, -1.8],
							"size": [0.4, 2.4, 0.8],
							"pivot": [-0.6, 26.8, -2.7],
							"rotation": [0, 0, 108],
							"uv": {
								"north": {"uv": [52, 23], "uv_size": [-1, 1]},
								"east": {"uv": [52, 23], "uv_size": [-1, 1]},
								"south": {"uv": [52, 23], "uv_size": [-1, 1]},
								"west": {"uv": [52, 23], "uv_size": [-1, 1]},
								"up": {"uv": [51, 24], "uv_size": [1, -1]},
								"down": {"uv": [51, 24], "uv_size": [1, -1]}
							}
						}
					]
				},
				{
					"name": "kozla3",
					"parent": "Head",
					"pivot": [0.6, 26.8, -2.7],
					"rotation": [0, -180, 0],
					"cubes": [
						{
							"origin": [0.3, 26.4, -1.8],
							"size": [0.4, 1.2, 0.8],
							"pivot": [0.6, 26.8, -2.7],
							"rotation": [0, 0, -37],
							"uv": {
								"north": {"uv": [51, 23], "uv_size": [1, 1]},
								"east": {"uv": [51, 23], "uv_size": [1, 1]},
								"south": {"uv": [51, 23], "uv_size": [1, 1]},
								"west": {"uv": [51, 23], "uv_size": [1, 1]},
								"up": {"uv": [52, 24], "uv_size": [-1, -1]},
								"down": {"uv": [52, 24], "uv_size": [-1, -1]}
							}
						},
						{
							"origin": [0.9, 27.4, -1.8],
							"size": [0.2, 1.2, 0.6],
							"pivot": [0.5, 26.7, -2.7],
							"rotation": [0, 0, -69],
							"uv": {
								"north": {"uv": [3, 60], "uv_size": [1, 1]},
								"east": {"uv": [3, 60], "uv_size": [1, 1]},
								"south": {"uv": [3, 60], "uv_size": [1, 1]},
								"west": {"uv": [3, 60], "uv_size": [1, 1]},
								"up": {"uv": [4, 61], "uv_size": [-1, -1]},
								"down": {"uv": [4, 61], "uv_size": [-1, -1]}
							}
						},
						{
							"origin": [0.7, 27.3, -1.8],
							"size": [0.4, 1.3, 0.8],
							"pivot": [0.5, 26.7, -2.7],
							"rotation": [0, 0, -66],
							"uv": {
								"north": {"uv": [51, 23], "uv_size": [1, 1]},
								"east": {"uv": [51, 23], "uv_size": [1, 1]},
								"south": {"uv": [51, 23], "uv_size": [1, 1]},
								"west": {"uv": [51, 23], "uv_size": [1, 1]},
								"up": {"uv": [52, 24], "uv_size": [-1, -1]},
								"down": {"uv": [52, 24], "uv_size": [-1, -1]}
							}
						},
						{
							"origin": [-0.9, 27.4, -1.8],
							"size": [1.8, 1.2, 0.8],
							"pivot": [0.5, 26.7, -2.8],
							"rotation": [0, 0, -66],
							"uv": {
								"north": {"uv": [51, 23], "uv_size": [2, 1]},
								"east": {"uv": [51, 23], "uv_size": [2, 1]},
								"south": {"uv": [51, 23], "uv_size": [2, 1]},
								"west": {"uv": [51, 23], "uv_size": [2, 1]},
								"up": {"uv": [53, 24], "uv_size": [-2, -1]},
								"down": {"uv": [53, 24], "uv_size": [-2, -1]}
							}
						},
						{
							"origin": [-1.3, 26.4, -1.8],
							"size": [1.8, 1.2, 0.8],
							"pivot": [0.5, 26.7, -2.8],
							"rotation": [0, 0, -24],
							"uv": {
								"north": {"uv": [52, 24], "uv_size": [0, 0]},
								"east": {"uv": [52, 24], "uv_size": [0, 0]},
								"south": {"uv": [52, 24], "uv_size": [0, 0]},
								"west": {"uv": [52, 24], "uv_size": [0, 0]},
								"up": {"uv": [52, 24], "uv_size": [0, 0]},
								"down": {"uv": [52, 24], "uv_size": [0, 0]}
							}
						},
						{
							"origin": [-2.7, 26, -1.8],
							"size": [1.9, 1, 0.8],
							"pivot": [0.5, 26.7, -2.8],
							"rotation": [0, 0, 26],
							"uv": {
								"north": {"uv": [51, 23], "uv_size": [2, 1]},
								"east": {"uv": [51, 23], "uv_size": [2, 1]},
								"south": {"uv": [51, 23], "uv_size": [2, 1]},
								"west": {"uv": [51, 23], "uv_size": [2, 1]},
								"up": {"uv": [53, 24], "uv_size": [-2, -1]},
								"down": {"uv": [53, 24], "uv_size": [-2, -1]}
							}
						},
						{
							"origin": [-1.7, 24.5, -1.8],
							"size": [1.4, 0.9, 0.8],
							"pivot": [0.5, 26.7, -2.8],
							"rotation": [0, 0, 52],
							"uv": {
								"north": {"uv": [52, 23], "uv_size": [1, 1]},
								"east": {"uv": [52, 23], "uv_size": [1, 1]},
								"south": {"uv": [52, 23], "uv_size": [1, 1]},
								"west": {"uv": [52, 23], "uv_size": [1, 1]},
								"up": {"uv": [53, 24], "uv_size": [-1, -1]},
								"down": {"uv": [53, 24], "uv_size": [-1, -1]}
							}
						},
						{
							"origin": [1.05, 28.3, -1.8],
							"size": [0.5, 0.7, 0.8],
							"pivot": [0.5, 26.7, -2.7],
							"rotation": [0, 0, -79],
							"uv": {
								"north": {"uv": [52, 23], "uv_size": [1, 1]},
								"east": {"uv": [52, 23], "uv_size": [1, 1]},
								"south": {"uv": [52, 23], "uv_size": [1, 1]},
								"west": {"uv": [52, 23], "uv_size": [1, 1]},
								"up": {"uv": [53, 24], "uv_size": [-1, -1]},
								"down": {"uv": [53, 24], "uv_size": [-1, -1]}
							}
						},
						{
							"origin": [0.4, 28.9, -1.8],
							"size": [0.4, 1.2, 0.6],
							"pivot": [0.5, 26.7, -2.7],
							"rotation": [0, 0, -63.5],
							"uv": {
								"north": {"uv": [51, 24], "uv_size": [1, 1]},
								"east": {"uv": [51, 24], "uv_size": [1, 1]},
								"south": {"uv": [51, 24], "uv_size": [1, 1]},
								"west": {"uv": [51, 24], "uv_size": [1, 1]},
								"up": {"uv": [52, 25], "uv_size": [-1, -1]},
								"down": {"uv": [52, 25], "uv_size": [-1, -1]}
							}
						},
						{
							"origin": [-0.2, 29.1, -1.8],
							"size": [0.4, 1.4, 0.8],
							"pivot": [0.6, 26.8, -2.7],
							"rotation": [0, 0, -49],
							"uv": {
								"north": {"uv": [51, 23], "uv_size": [1, 1]},
								"east": {"uv": [51, 23], "uv_size": [1, 1]},
								"south": {"uv": [51, 23], "uv_size": [1, 1]},
								"west": {"uv": [51, 23], "uv_size": [1, 1]},
								"up": {"uv": [52, 24], "uv_size": [-1, -1]},
								"down": {"uv": [52, 24], "uv_size": [-1, -1]}
							}
						},
						{
							"origin": [0.6, 29.2, -1.8],
							"size": [0.3, 1.2, 0.8],
							"pivot": [0.6, 26.8, -2.7],
							"rotation": [0, 0, -66],
							"uv": {
								"north": {"uv": [51, 23], "uv_size": [1, 1]},
								"east": {"uv": [51, 23], "uv_size": [1, 1]},
								"south": {"uv": [51, 23], "uv_size": [1, 1]},
								"west": {"uv": [51, 23], "uv_size": [1, 1]},
								"up": {"uv": [52, 24], "uv_size": [-1, -1]},
								"down": {"uv": [52, 24], "uv_size": [-1, -1]}
							}
						},
						{
							"origin": [-2.8, 27.4, -1.8],
							"size": [0.5, 1.6, 0.8],
							"uv": {
								"north": {"uv": [51, 23], "uv_size": [1, 1]},
								"east": {"uv": [51, 23], "uv_size": [1, 1]},
								"south": {"uv": [51, 23], "uv_size": [1, 1]},
								"west": {"uv": [51, 23], "uv_size": [1, 1]},
								"up": {"uv": [52, 24], "uv_size": [-1, -1]},
								"down": {"uv": [52, 24], "uv_size": [-1, -1]}
							}
						},
						{
							"origin": [-2.4, 27.4, -1.8],
							"size": [0.5, 1.2, 0.8],
							"pivot": [0.6, 26.8, -2.7],
							"rotation": [0, 0, -19],
							"uv": {
								"north": {"uv": [52, 23], "uv_size": [1, 1]},
								"east": {"uv": [52, 23], "uv_size": [1, 1]},
								"south": {"uv": [52, 23], "uv_size": [1, 1]},
								"west": {"uv": [52, 23], "uv_size": [1, 1]},
								"up": {"uv": [53, 24], "uv_size": [-1, -1]},
								"down": {"uv": [53, 24], "uv_size": [-1, -1]}
							}
						},
						{
							"origin": [-1.77012, 25.29038, -1.8],
							"size": [0.5, 1.7, 0.8],
							"pivot": [-1.67429, 25.96329, -3.3],
							"rotation": [0, 0, -53],
							"uv": {
								"north": {"uv": [52, 24], "uv_size": [1, 1]},
								"east": {"uv": [52, 24], "uv_size": [1, 1]},
								"south": {"uv": [52, 24], "uv_size": [1, 1]},
								"west": {"uv": [52, 24], "uv_size": [1, 1]},
								"up": {"uv": [53, 25], "uv_size": [-1, -1]},
								"down": {"uv": [53, 25], "uv_size": [-1, -1]}
							}
						},
						{
							"origin": [-0.1, 26.6, -1.8],
							"size": [0.4, 2.4, 0.8],
							"pivot": [0.6, 26.8, -2.7],
							"rotation": [0, 0, -108],
							"uv": {
								"north": {"uv": [51, 23], "uv_size": [1, 1]},
								"east": {"uv": [51, 23], "uv_size": [1, 1]},
								"south": {"uv": [51, 23], "uv_size": [1, 1]},
								"west": {"uv": [51, 23], "uv_size": [1, 1]},
								"up": {"uv": [52, 24], "uv_size": [-1, -1]},
								"down": {"uv": [52, 24], "uv_size": [-1, -1]}
							}
						}
					]
				},
				{
					"name": "RightArm",
					"parent": "Body",
					"pivot": [-5, 22, 0],
					"cubes": [
						{
							"origin": [-8, 12, -2],
							"size": [4, 12, 4],
							"inflate": 0.15,
							"uv": {
								"north": {"uv": [6, 0], "uv_size": [4, 12]},
								"east": {"uv": [6, 0], "uv_size": [4, 12]},
								"south": {"uv": [6, 0], "uv_size": [4, 12]},
								"west": {"uv": [6, 0], "uv_size": [4, 12]},
								"up": {"uv": [10, 12], "uv_size": [-4, -12]},
								"down": {"uv": [10, 12], "uv_size": [-4, -12]}
							}
						},
						{
							"origin": [-6, 12.95, -2.3],
							"size": [2, 1.5, 4.4],
							"inflate": 0.15,
							"uv": {
								"north": {"uv": [51, 23], "uv_size": [1, 2]},
								"east": {"uv": [51, 23], "uv_size": [1, 2]},
								"south": {"uv": [51, 23], "uv_size": [1, 2]},
								"west": {"uv": [51, 23], "uv_size": [1, 2]},
								"up": {"uv": [52, 25], "uv_size": [-1, -2]},
								"down": {"uv": [52, 25], "uv_size": [-1, -2]}
							}
						},
						{
							"origin": [-7.8, 21.9, -2.3],
							"size": [3.5, 0.5, 4.4],
							"inflate": 0.15,
							"pivot": [-5.25, 21.7, -0.1],
							"rotation": [0, 0, 5],
							"uv": {
								"north": {"uv": [51, 23], "uv_size": [1, 2]},
								"east": {"uv": [51, 23], "uv_size": [1, 2]},
								"south": {"uv": [51, 23], "uv_size": [1, 2]},
								"west": {"uv": [51, 23], "uv_size": [1, 2]},
								"up": {"uv": [52, 25], "uv_size": [-1, -2]},
								"down": {"uv": [52, 25], "uv_size": [-1, -2]}
							}
						},
						{
							"origin": [-8.19696, 21.96972, -2.3],
							"size": [1.6, 2, 4.4],
							"inflate": 0.15,
							"pivot": [-6.04696, 21.76972, -0.1],
							"rotation": [0, 0, 5],
							"uv": {
								"north": {"uv": [51, 23], "uv_size": [1, 2]},
								"east": {"uv": [51, 23], "uv_size": [1, 2]},
								"south": {"uv": [51, 23], "uv_size": [1, 2]},
								"west": {"uv": [51, 23], "uv_size": [1, 2]},
								"up": {"uv": [52, 25], "uv_size": [-1, -2]},
								"down": {"uv": [52, 25], "uv_size": [-1, -2]}
							}
						},
						{
							"origin": [-8.08423, 21.36128, -2.3],
							"size": [0, 0.5, 4.4],
							"inflate": 0.15,
							"uv": {
								"north": {"uv": [51, 23], "uv_size": [1, 2]},
								"east": {"uv": [51, 23], "uv_size": [1, 2]},
								"south": {"uv": [51, 23], "uv_size": [1, 2]},
								"west": {"uv": [51, 23], "uv_size": [1, 2]},
								"up": {"uv": [52, 25], "uv_size": [-1, -2]},
								"down": {"uv": [52, 25], "uv_size": [-1, -2]}
							}
						},
						{
							"origin": [-7.64868, 21.27903, -2.3],
							"size": [0, 1.5, 4.4],
							"inflate": 0.15,
							"pivot": [-7.64868, 21.52903, -0.1],
							"rotation": [0, 0, 62.5],
							"uv": {
								"north": {"uv": [51, 23], "uv_size": [1, 2]},
								"east": {"uv": [51, 23], "uv_size": [1, 2]},
								"south": {"uv": [51, 23], "uv_size": [1, 2]},
								"west": {"uv": [51, 23], "uv_size": [1, 2]},
								"up": {"uv": [52, 25], "uv_size": [-1, -2]},
								"down": {"uv": [52, 25], "uv_size": [-1, -2]}
							}
						},
						{
							"origin": [-7.78721, 21.54513, -2.3],
							"size": [0, 1.5, 4.4],
							"inflate": 0.15,
							"pivot": [-7.78721, 21.79513, -0.1],
							"rotation": [0, 0, 62.5],
							"uv": {
								"north": {"uv": [51, 23], "uv_size": [1, 2]},
								"east": {"uv": [51, 23], "uv_size": [1, 2]},
								"south": {"uv": [51, 23], "uv_size": [1, 2]},
								"west": {"uv": [51, 23], "uv_size": [1, 2]},
								"up": {"uv": [52, 25], "uv_size": [-1, -2]},
								"down": {"uv": [52, 25], "uv_size": [-1, -2]}
							}
						},
						{
							"origin": [-7.92573, 22, -2.3],
							"size": [0, 0.5, 4.4],
							"inflate": 0.15,
							"pivot": [-7.92573, 22.06123, -0.1],
							"rotation": [0, 0, 62.5],
							"uv": {
								"north": {"uv": [51, 23], "uv_size": [1, 2]},
								"east": {"uv": [51, 23], "uv_size": [1, 2]},
								"south": {"uv": [51, 23], "uv_size": [1, 2]},
								"west": {"uv": [51, 23], "uv_size": [1, 2]},
								"up": {"uv": [52, 25], "uv_size": [-1, -2]},
								"down": {"uv": [52, 25], "uv_size": [-1, -2]}
							}
						},
						{
							"origin": [-7, 12.7, -2.3],
							"size": [1.5, 2.5, 4.4],
							"inflate": 0.15,
							"uv": {
								"north": {"uv": [51, 23], "uv_size": [1, 2]},
								"east": {"uv": [51, 23], "uv_size": [1, 2]},
								"south": {"uv": [51, 23], "uv_size": [1, 2]},
								"west": {"uv": [51, 23], "uv_size": [1, 2]},
								"up": {"uv": [52, 25], "uv_size": [-1, -2]},
								"down": {"uv": [52, 25], "uv_size": [-1, -2]}
							}
						},
						{
							"origin": [-8.2, 12.7, -2.3],
							"size": [0.7, 3.5, 4.4],
							"inflate": 0.15,
							"uv": {
								"north": {"uv": [52, 23], "uv_size": [0, 2]},
								"east": {"uv": [52, 23], "uv_size": [0, 2]},
								"south": {"uv": [52, 23], "uv_size": [0, 2]},
								"west": {"uv": [52, 23], "uv_size": [0, 2]},
								"up": {"uv": [52, 25], "uv_size": [0, -2]},
								"down": {"uv": [52, 25], "uv_size": [0, -2]}
							}
						},
						{
							"origin": [-8.2, 12.7, -2.3],
							"size": [1, 2.5, 4.4],
							"inflate": 0.12,
							"uv": {
								"north": {"uv": [52, 23], "uv_size": [0, 2]},
								"east": {"uv": [52, 23], "uv_size": [0, 2]},
								"south": {"uv": [52, 23], "uv_size": [0, 2]},
								"west": {"uv": [52, 23], "uv_size": [0, 2]},
								"up": {"uv": [52, 25], "uv_size": [0, -2]},
								"down": {"uv": [52, 25], "uv_size": [0, -2]}
							}
						}
					]
				},
				{
					"name": "LeftArm",
					"parent": "Body",
					"pivot": [5, 22, 0],
					"cubes": [
						{
							"origin": [4, 12, -2],
							"size": [4, 12, 4],
							"inflate": 0.15,
							"uv": {
								"north": {"uv": [10, 0], "uv_size": [-4, 12]},
								"east": {"uv": [10, 0], "uv_size": [-4, 12]},
								"south": {"uv": [10, 0], "uv_size": [-4, 12]},
								"west": {"uv": [10, 0], "uv_size": [-4, 12]},
								"up": {"uv": [6, 12], "uv_size": [4, -12]},
								"down": {"uv": [6, 12], "uv_size": [4, -12]}
							}
						},
						{
							"origin": [4, 12.95, -2.3],
							"size": [2, 1.5, 4.4],
							"inflate": 0.15,
							"uv": {
								"north": {"uv": [52, 23], "uv_size": [-1, 2]},
								"east": {"uv": [52, 23], "uv_size": [-1, 2]},
								"south": {"uv": [52, 23], "uv_size": [-1, 2]},
								"west": {"uv": [52, 23], "uv_size": [-1, 2]},
								"up": {"uv": [51, 25], "uv_size": [1, -2]},
								"down": {"uv": [51, 25], "uv_size": [1, -2]}
							}
						},
						{
							"origin": [4.3, 21.9, -2.3],
							"size": [3.5, 0.5, 4.4],
							"inflate": 0.15,
							"pivot": [5.25, 21.7, -0.1],
							"rotation": [0, 0, -5],
							"uv": {
								"north": {"uv": [52, 23], "uv_size": [-1, 2]},
								"east": {"uv": [52, 23], "uv_size": [-1, 2]},
								"south": {"uv": [52, 23], "uv_size": [-1, 2]},
								"west": {"uv": [52, 23], "uv_size": [-1, 2]},
								"up": {"uv": [51, 25], "uv_size": [1, -2]},
								"down": {"uv": [51, 25], "uv_size": [1, -2]}
							}
						},
						{
							"origin": [6.59696, 22.06972, -2.3],
							"size": [1.6, 2, 4.4],
							"inflate": 0.15,
							"pivot": [6.04696, 21.76972, -0.1],
							"rotation": [0, 0, -5],
							"uv": {
								"north": {"uv": [52, 23], "uv_size": [-1, 2]},
								"east": {"uv": [52, 23], "uv_size": [-1, 2]},
								"south": {"uv": [52, 23], "uv_size": [-1, 2]},
								"west": {"uv": [52, 23], "uv_size": [-1, 2]},
								"up": {"uv": [51, 25], "uv_size": [1, -2]},
								"down": {"uv": [51, 25], "uv_size": [1, -2]}
							}
						},
						{
							"origin": [8.08423, 21.36128, -2.3],
							"size": [0, 0.5, 4.4],
							"inflate": 0.15,
							"uv": {
								"north": {"uv": [52, 23], "uv_size": [-1, 2]},
								"east": {"uv": [52, 23], "uv_size": [-1, 2]},
								"south": {"uv": [52, 23], "uv_size": [-1, 2]},
								"west": {"uv": [52, 23], "uv_size": [-1, 2]},
								"up": {"uv": [51, 25], "uv_size": [1, -2]},
								"down": {"uv": [51, 25], "uv_size": [1, -2]}
							}
						},
						{
							"origin": [7.64868, 21.27903, -2.3],
							"size": [0, 1.5, 4.4],
							"inflate": 0.15,
							"pivot": [7.64868, 21.52903, -0.1],
							"rotation": [0, 0, -62.5],
							"uv": {
								"north": {"uv": [52, 23], "uv_size": [-1, 2]},
								"east": {"uv": [52, 23], "uv_size": [-1, 2]},
								"south": {"uv": [52, 23], "uv_size": [-1, 2]},
								"west": {"uv": [52, 23], "uv_size": [-1, 2]},
								"up": {"uv": [51, 25], "uv_size": [1, -2]},
								"down": {"uv": [51, 25], "uv_size": [1, -2]}
							}
						},
						{
							"origin": [7.78721, 21.54513, -2.3],
							"size": [0, 1.5, 4.4],
							"inflate": 0.15,
							"pivot": [7.78721, 21.79513, -0.1],
							"rotation": [0, 0, -62.5],
							"uv": {
								"north": {"uv": [52, 23], "uv_size": [-1, 2]},
								"east": {"uv": [52, 23], "uv_size": [-1, 2]},
								"south": {"uv": [52, 23], "uv_size": [-1, 2]},
								"west": {"uv": [52, 23], "uv_size": [-1, 2]},
								"up": {"uv": [51, 25], "uv_size": [1, -2]},
								"down": {"uv": [51, 25], "uv_size": [1, -2]}
							}
						},
						{
							"origin": [7.92573, 22, -2.3],
							"size": [0, 0.5, 4.4],
							"inflate": 0.15,
							"pivot": [7.92573, 22.06123, -0.1],
							"rotation": [0, 0, -62.5],
							"uv": {
								"north": {"uv": [52, 23], "uv_size": [-1, 2]},
								"east": {"uv": [52, 23], "uv_size": [-1, 2]},
								"south": {"uv": [52, 23], "uv_size": [-1, 2]},
								"west": {"uv": [52, 23], "uv_size": [-1, 2]},
								"up": {"uv": [51, 25], "uv_size": [1, -2]},
								"down": {"uv": [51, 25], "uv_size": [1, -2]}
							}
						},
						{
							"origin": [5.5, 12.7, -2.3],
							"size": [1.5, 2.5, 4.4],
							"inflate": 0.15,
							"uv": {
								"north": {"uv": [52, 23], "uv_size": [-1, 2]},
								"east": {"uv": [52, 23], "uv_size": [-1, 2]},
								"south": {"uv": [52, 23], "uv_size": [-1, 2]},
								"west": {"uv": [52, 23], "uv_size": [-1, 2]},
								"up": {"uv": [51, 25], "uv_size": [1, -2]},
								"down": {"uv": [51, 25], "uv_size": [1, -2]}
							}
						},
						{
							"origin": [7.5, 12.7, -2.3],
							"size": [0.7, 3.5, 4.4],
							"inflate": 0.15,
							"uv": {
								"north": {"uv": [52, 23], "uv_size": [0, 2]},
								"east": {"uv": [52, 23], "uv_size": [0, 2]},
								"south": {"uv": [52, 23], "uv_size": [0, 2]},
								"west": {"uv": [52, 23], "uv_size": [0, 2]},
								"up": {"uv": [52, 25], "uv_size": [0, -2]},
								"down": {"uv": [52, 25], "uv_size": [0, -2]}
							}
						},
						{
							"origin": [7.2, 12.7, -2.3],
							"size": [1, 2.5, 4.4],
							"inflate": 0.12,
							"uv": {
								"north": {"uv": [52, 23], "uv_size": [0, 2]},
								"east": {"uv": [52, 23], "uv_size": [0, 2]},
								"south": {"uv": [52, 23], "uv_size": [0, 2]},
								"west": {"uv": [52, 23], "uv_size": [0, 2]},
								"up": {"uv": [52, 25], "uv_size": [0, -2]},
								"down": {"uv": [52, 25], "uv_size": [0, -2]}
							}
						}
					]
				}
			]
		}
	]
}