{
	"format_version": "1.12.0",
	"minecraft:geometry": [
		{
			"description": {
				"identifier": "geometry.mc_legospider",
				"texture_width": 64,
				"texture_height": 64,
				"visible_bounds_width": 3,
				"visible_bounds_height": 3.5,
				"visible_bounds_offset": [0, 1.25, 0]
			},
			"bones": [
				{
					"name": "root",
					"pivot": [0, 0, 0]
				},
				{
					"name": "RightLeg",
					"parent": "root",
					"pivot": [-2.9, 9.25, 0],
					"cubes": [
						{
							"origin": [-4.9, 0, -2],
							"size": [4, 9.1, 4],
							"inflate": 0.15,
							"uv": {
								"north": {"uv": [30.85, 32.75], "uv_size": [7.64375, 6.43125]},
								"east": {"uv": [30.85, 32.75], "uv_size": [7.64375, 6.43125]},
								"south": {"uv": [30.85, 32.75], "uv_size": [7.64375, 6.43125]},
								"west": {"uv": [30.85, 32.75], "uv_size": [7.64375, 6.43125]},
								"up": {"uv": [13.1, 27.56875], "uv_size": [4.0875, 4]},
								"down": {"uv": [49.5, 55.2375], "uv_size": [4, -4]}
							}
						},
						{
							"origin": [-5.1, 0, -3.1],
							"size": [4.4, 1.7, 5.3],
							"inflate": 0.15,
							"uv": {
								"north": {"uv": [30.85, 32.75], "uv_size": [7.64375, 6.43125]},
								"east": {"uv": [30.85, 32.75], "uv_size": [7.64375, 6.43125]},
								"south": {"uv": [30.85, 32.75], "uv_size": [7.64375, 6.43125]},
								"west": {"uv": [30.85, 32.75], "uv_size": [7.64375, 6.43125]},
								"up": {"uv": [32.46875, 34.64375], "uv_size": [5.15625, 4.725]},
								"down": {"uv": [49.5, 55.2375], "uv_size": [4, -4]}
							}
						},
						{
							"origin": [-1.7, 7.4, -2],
							"size": [1.6, 1.7, 4],
							"inflate": 0.15,
							"uv": {
								"north": {"uv": [30.85, 32.75], "uv_size": [7.64375, 6.43125]},
								"east": {"uv": [30.85, 32.75], "uv_size": [7.64375, 6.43125]},
								"south": {"uv": [30.85, 32.75], "uv_size": [7.64375, 6.43125]},
								"west": {"uv": [30.85, 32.75], "uv_size": [7.64375, 6.43125]},
								"up": {"uv": [4, 16], "uv_size": [4, 4]},
								"down": {"uv": [49.5, 55.2375], "uv_size": [4, -4]}
							}
						}
					]
				},
				{
					"name": "LeftLeg",
					"parent": "root",
					"pivot": [2.9, 9.25, 0],
					"cubes": [
						{
							"origin": [0.9, 0, -2],
							"size": [4, 9.1, 4],
							"inflate": 0.15,
							"uv": {
								"north": {"uv": [32.2125, 31.65], "uv_size": [6.03125, 9.775]},
								"east": {"uv": [32.2125, 31.65], "uv_size": [6.03125, 9.775]},
								"south": {"uv": [32.2125, 31.65], "uv_size": [6.03125, 9.775]},
								"west": {"uv": [32.2125, 31.65], "uv_size": [6.03125, 9.775]},
								"up": {"uv": [17.1875, 27.56875], "uv_size": [-4.0875, 4]},
								"down": {"uv": [53.5, 55.2375], "uv_size": [-4, -4]}
							}
						},
						{
							"origin": [0.7, 0, -3.1],
							"size": [4.4, 1.7, 5.3],
							"inflate": 0.15,
							"uv": {
								"north": {"uv": [32.2125, 31.65], "uv_size": [6.03125, 9.775]},
								"east": {"uv": [32.2125, 31.65], "uv_size": [6.03125, 9.775]},
								"south": {"uv": [32.2125, 31.65], "uv_size": [6.03125, 9.775]},
								"west": {"uv": [32.2125, 31.65], "uv_size": [6.03125, 9.775]},
								"up": {"uv": [37.625, 34.64375], "uv_size": [-5.15625, 4.725]},
								"down": {"uv": [53.5, 55.2375], "uv_size": [-4, -4]}
							}
						},
						{
							"origin": [0.1, 7.4, -2],
							"size": [1.6, 1.7, 4],
							"inflate": 0.15,
							"uv": {
								"north": {"uv": [32.2125, 31.65], "uv_size": [6.03125, 9.775]},
								"east": {"uv": [32.2125, 31.65], "uv_size": [6.03125, 9.775]},
								"south": {"uv": [32.2125, 31.65], "uv_size": [6.03125, 9.775]},
								"west": {"uv": [32.2125, 31.65], "uv_size": [6.03125, 9.775]},
								"up": {"uv": [8, 16], "uv_size": [-4, 4]},
								"down": {"uv": [53.5, 55.2375], "uv_size": [-4, -4]}
							}
						}
					]
				},
				{
					"name": "waist",
					"parent": "root",
					"pivot": [0, 0, 0]
				},
				{
					"name": "Body",
					"parent": "waist",
					"pivot": [0, 21, 0],
					"cubes": [
						{
							"origin": [-4, 9, -2],
							"size": [8, 12, 4],
							"inflate": 0.15,
							"uv": {
								"north": {"uv": [23.625, 34.75], "uv_size": [4.0625, 9.8125]},
								"east": {"uv": [3.375, 33.875], "uv_size": [4.25, 10.375]},
								"south": {"uv": [30.875, 32.6875], "uv_size": [8.5, 7.875]},
								"west": {"uv": [23.75, 33.875], "uv_size": [4.125, 10.375]},
								"up": {"uv": [10.1875, 26.3125], "uv_size": [10.375, 7]},
								"down": {"uv": [8.125, 55.5], "uv_size": [14.3125, -9.1875]}
							}
						},
						{
							"origin": [-4, 9, -2],
							"size": [3, 12, 4],
							"inflate": 0.15,
							"pivot": [-2.5, 21, 0],
							"rotation": [0, 0, 5],
							"uv": {
								"north": {"uv": [23.625, 34.75], "uv_size": [4.0625, 9.8125]},
								"east": {"uv": [3.375, 33.875], "uv_size": [4.25, 10.375]},
								"south": {"uv": [30.875, 32.6875], "uv_size": [8.5, 7.875]},
								"west": {"uv": [23.75, 33.875], "uv_size": [4.125, 10.375]},
								"up": {"uv": [10.1875, 26.3125], "uv_size": [10.375, 7]},
								"down": {"uv": [8.125, 55.5], "uv_size": [14.3125, -9.1875]}
							}
						},
						{
							"origin": [1, 9, -2],
							"size": [3, 12, 4],
							"inflate": 0.15,
							"pivot": [2.5, 21, 0],
							"rotation": [0, 0, -5],
							"uv": {
								"north": {"uv": [23.625, 34.75], "uv_size": [4.0625, 9.8125]},
								"east": {"uv": [3.375, 33.875], "uv_size": [4.25, 10.375]},
								"south": {"uv": [30.875, 32.6875], "uv_size": [8.5, 7.875]},
								"west": {"uv": [23.75, 33.875], "uv_size": [4.125, 10.375]},
								"up": {"uv": [10.1875, 26.3125], "uv_size": [10.375, 7]},
								"down": {"uv": [8.125, 55.5], "uv_size": [14.3125, -9.1875]}
							}
						},
						{
							"origin": [-2.8, 20.2, -1.8],
							"size": [5.6, 1.8, 3.6],
							"uv": {
								"north": {"uv": [23.78125, 25.70625], "uv_size": [4.96875, 2.48125]},
								"east": {"uv": [23.78125, 25.70625], "uv_size": [4.96875, 2.48125]},
								"south": {"uv": [23.78125, 25.70625], "uv_size": [4.96875, 2.48125]},
								"west": {"uv": [23.78125, 25.70625], "uv_size": [4.96875, 2.48125]},
								"up": {"uv": [28.75, 28.1875], "uv_size": [-4.96875, -2.48125]},
								"down": {"uv": [28.75, 28.1875], "uv_size": [-4.96875, -2.48125]}
							}
						}
					]
				},
				{
					"name": "Symbl",
					"parent": "Body",
					"pivot": [0, 16, -2],
					"cubes": [
						{
							"origin": [-5.2, 9, -2.2],
							"size": [10.6, 12, 0.1],
							"uv": {
								"north": {"uv": [8.375, 33.4375], "uv_size": [14.4375, 12.5625]},
								"east": {"uv": [0, 0], "uv_size": [1, 1]},
								"south": {"uv": [0, 0], "uv_size": [1, 1]},
								"west": {"uv": [0, 0], "uv_size": [1, 1]},
								"up": {"uv": [1, 1], "uv_size": [-1, -1]},
								"down": {"uv": [1, 1], "uv_size": [-1, -1]}
							}
						},
						{
							"origin": [-2.9, 14.6, 3.8],
							"size": [6, 6, 0.1],
							"pivot": [0, 14.6, 3],
							"rotation": [0, 180, 0],
							"uv": {
								"north": {"uv": [51.6875, 27.8125], "uv_size": [9, 9.125]},
								"east": {"uv": [0, 0], "uv_size": [1, 1]},
								"south": {"uv": [0, 0], "uv_size": [1, 1]},
								"west": {"uv": [0, 0], "uv_size": [1, 1]},
								"up": {"uv": [1, 1], "uv_size": [-1, -1]},
								"down": {"uv": [1, 1], "uv_size": [-1, -1]}
							}
						}
					]
				},
				{
					"name": "Head",
					"parent": "Body",
					"pivot": [0, 22, 0],
					"cubes": [
						{
							"origin": [-3.3, 21.6, -3.3],
							"size": [6.6, 6.6, 6.6],
							"uv": {
								"north": {"uv": [7.91875, 15.875], "uv_size": [6.625, 5.65625]},
								"east": {"uv": [15.23125, 16.10625], "uv_size": [5.41875, 5.84375]},
								"south": {"uv": [15.23125, 16.10625], "uv_size": [5.41875, 5.84375]},
								"west": {"uv": [15.23125, 16.10625], "uv_size": [5.41875, 5.84375]},
								"up": {"uv": [9.98125, 9.31875], "uv_size": [-7.3875, -7.25]},
								"down": {"uv": [9.98125, 9.31875], "uv_size": [-7.3875, -7.25]}
							}
						},
						{
							"origin": [-1.9, 27.5, -1.4],
							"size": [3.8, 1.8, 2.8],
							"uv": {
								"north": {"uv": [23.78125, 25.70625], "uv_size": [4.96875, 2.48125]},
								"east": {"uv": [23.78125, 25.70625], "uv_size": [4.96875, 2.48125]},
								"south": {"uv": [23.78125, 25.70625], "uv_size": [4.96875, 2.48125]},
								"west": {"uv": [23.78125, 25.70625], "uv_size": [4.96875, 2.48125]},
								"up": {"uv": [28.75, 28.1875], "uv_size": [-4.96875, -2.48125]},
								"down": {"uv": [28.75, 28.1875], "uv_size": [-4.96875, -2.48125]}
							}
						}
					]
				},
				{
					"name": "RightArm",
					"parent": "Body",
					"pivot": [-5, 19, 0],
					"rotation": [0, 0, 10],
					"cubes": [
						{
							"origin": [-7.6, 12.6, -1.6],
							"size": [3.2, 8.4, 3.2],
							"inflate": 0.15,
							"uv": {
								"north": {"uv": [31.325, 33.20625], "uv_size": [4.58125, 5.975]},
								"east": {"uv": [31.325, 33.20625], "uv_size": [4.58125, 5.975]},
								"south": {"uv": [31.325, 33.20625], "uv_size": [4.58125, 5.975]},
								"west": {"uv": [31.325, 33.20625], "uv_size": [4.58125, 5.975]},
								"up": {"uv": [35.90625, 39.18125], "uv_size": [-4.58125, -5.975]},
								"down": {"uv": [35.90625, 39.18125], "uv_size": [-4.58125, -5.975]}
							}
						}
					]
				},
				{
					"name": "qol2",
					"parent": "RightArm",
					"pivot": [-5.9, 13, 0],
					"cubes": [
						{
							"origin": [-6.81, 11.6, -0.91],
							"size": [1.82, 1.4, 1.82],
							"uv": {
								"north": {"uv": [25.6, 25.35], "uv_size": [1.66875, 2.85]},
								"east": {"uv": [25.6, 25.35], "uv_size": [1.66875, 2.85]},
								"south": {"uv": [25.6, 25.35], "uv_size": [1.66875, 2.85]},
								"west": {"uv": [25.6, 25.35], "uv_size": [1.66875, 2.85]},
								"up": {"uv": [27.26875, 28.2], "uv_size": [-1.66875, -2.85]},
								"down": {"uv": [27.26875, 28.2], "uv_size": [-1.66875, -2.85]}
							}
						},
						{
							"origin": [-6.81, 10.9, -0.91],
							"size": [1.82, 0.7, 1.82],
							"uv": {
								"north": {"uv": [25.6, 25.35], "uv_size": [1.66875, 2.85]},
								"east": {"uv": [25.6, 25.35], "uv_size": [1.66875, 2.85]},
								"south": {"uv": [25.6, 25.35], "uv_size": [1.66875, 2.85]},
								"west": {"uv": [25.6, 25.35], "uv_size": [1.66875, 2.85]},
								"up": {"uv": [27.26875, 28.2], "uv_size": [-1.66875, -2.85]},
								"down": {"uv": [27.26875, 28.2], "uv_size": [-1.66875, -2.85]}
							}
						},
						{
							"origin": [-5.84958, 11.07208, -1.51],
							"size": [1.12, 0.7, 3.02],
							"pivot": [-6.3679, 11.12063, 0],
							"rotation": [0, 0, 25],
							"uv": {
								"north": {"uv": [25.6, 25.35], "uv_size": [1.66875, 2.85]},
								"east": {"uv": [25.6, 25.35], "uv_size": [1.66875, 2.85]},
								"south": {"uv": [25.6, 25.35], "uv_size": [1.66875, 2.85]},
								"west": {"uv": [25.6, 25.35], "uv_size": [1.66875, 2.85]},
								"up": {"uv": [27.26875, 28.2], "uv_size": [-1.66875, -2.85]},
								"down": {"uv": [27.26875, 28.2], "uv_size": [-1.66875, -2.85]}
							}
						},
						{
							"origin": [-5.43044, 11.9618, -1.51],
							"size": [1.4, 0.63, 3.02],
							"pivot": [-6.3679, 11.12063, 0],
							"rotation": [0, 0, 60],
							"uv": {
								"north": {"uv": [25.6, 25.35], "uv_size": [1.66875, 2.85]},
								"east": {"uv": [25.6, 25.35], "uv_size": [1.66875, 2.85]},
								"south": {"uv": [25.6, 25.35], "uv_size": [1.66875, 2.85]},
								"west": {"uv": [25.6, 25.35], "uv_size": [1.66875, 2.85]},
								"up": {"uv": [27.26875, 28.2], "uv_size": [-1.66875, -2.85]},
								"down": {"uv": [27.26875, 28.2], "uv_size": [-1.66875, -2.85]}
							}
						},
						{
							"origin": [-5.5523, 13.00701, -1.51],
							"size": [1.4, 0.63, 3.02],
							"pivot": [-6.3679, 11.12063, 0],
							"rotation": [0, 0, 98],
							"uv": {
								"north": {"uv": [25.6, 25.35], "uv_size": [1.66875, 2.85]},
								"east": {"uv": [25.6, 25.35], "uv_size": [1.66875, 2.85]},
								"south": {"uv": [25.6, 25.35], "uv_size": [1.66875, 2.85]},
								"west": {"uv": [25.6, 25.35], "uv_size": [1.66875, 2.85]},
								"up": {"uv": [27.26875, 28.2], "uv_size": [-1.66875, -2.85]},
								"down": {"uv": [27.26875, 28.2], "uv_size": [-1.66875, -2.85]}
							}
						},
						{
							"origin": [-4.6423, 13.00701, -1.51],
							"size": [1.4, 0.63, 3.02],
							"pivot": [-5.4579, 11.12063, 0],
							"rotation": [180, 0, 82],
							"uv": {
								"north": {"uv": [25.6, 25.35], "uv_size": [1.66875, 2.85]},
								"east": {"uv": [25.6, 25.35], "uv_size": [1.66875, 2.85]},
								"south": {"uv": [25.6, 25.35], "uv_size": [1.66875, 2.85]},
								"west": {"uv": [25.6, 25.35], "uv_size": [1.66875, 2.85]},
								"up": {"uv": [27.26875, 28.2], "uv_size": [-1.66875, -2.85]},
								"down": {"uv": [27.26875, 28.2], "uv_size": [-1.66875, -2.85]}
							}
						},
						{
							"origin": [-4.52044, 11.9618, -1.51],
							"size": [1.4, 0.63, 3.02],
							"pivot": [-5.4579, 11.12063, 0],
							"rotation": [-180, 0, 120],
							"uv": {
								"north": {"uv": [25.6, 25.35], "uv_size": [1.66875, 2.85]},
								"east": {"uv": [25.6, 25.35], "uv_size": [1.66875, 2.85]},
								"south": {"uv": [25.6, 25.35], "uv_size": [1.66875, 2.85]},
								"west": {"uv": [25.6, 25.35], "uv_size": [1.66875, 2.85]},
								"up": {"uv": [27.26875, 28.2], "uv_size": [-1.66875, -2.85]},
								"down": {"uv": [27.26875, 28.2], "uv_size": [-1.66875, -2.85]}
							}
						},
						{
							"origin": [-4.93958, 11.07208, -1.51],
							"size": [1.12, 0.7, 3.02],
							"pivot": [-5.4579, 11.12063, 0],
							"rotation": [-180, 0, 155],
							"uv": {
								"north": {"uv": [25.6, 25.35], "uv_size": [1.66875, 2.85]},
								"east": {"uv": [25.6, 25.35], "uv_size": [1.66875, 2.85]},
								"south": {"uv": [25.6, 25.35], "uv_size": [1.66875, 2.85]},
								"west": {"uv": [25.6, 25.35], "uv_size": [1.66875, 2.85]},
								"up": {"uv": [27.26875, 28.2], "uv_size": [-1.66875, -2.85]},
								"down": {"uv": [27.26875, 28.2], "uv_size": [-1.66875, -2.85]}
							}
						}
					]
				},
				{
					"name": "LeftArm",
					"parent": "Body",
					"pivot": [5, 19, 0],
					"rotation": [0, 0, -9],
					"cubes": [
						{
							"origin": [4.4, 12.6, -1.6],
							"size": [3.2, 8.4, 3.2],
							"inflate": 0.15,
							"uv": {
								"north": {"uv": [31.325, 33.20625], "uv_size": [4.58125, 5.975]},
								"east": {"uv": [31.325, 33.20625], "uv_size": [4.58125, 5.975]},
								"south": {"uv": [31.325, 33.20625], "uv_size": [4.58125, 5.975]},
								"west": {"uv": [31.325, 33.20625], "uv_size": [4.58125, 5.975]},
								"up": {"uv": [35.90625, 39.18125], "uv_size": [-4.58125, -5.975]},
								"down": {"uv": [35.90625, 39.18125], "uv_size": [-4.58125, -5.975]}
							}
						}
					]
				},
				{
					"name": "qol",
					"parent": "LeftArm",
					"pivot": [6, 13, 0],
					"cubes": [
						{
							"origin": [5.09, 11.6, -0.91],
							"size": [1.82, 1.4, 1.82],
							"uv": {
								"north": {"uv": [25.6, 25.35], "uv_size": [1.66875, 2.85]},
								"east": {"uv": [25.6, 25.35], "uv_size": [1.66875, 2.85]},
								"south": {"uv": [25.6, 25.35], "uv_size": [1.66875, 2.85]},
								"west": {"uv": [25.6, 25.35], "uv_size": [1.66875, 2.85]},
								"up": {"uv": [27.26875, 28.2], "uv_size": [-1.66875, -2.85]},
								"down": {"uv": [27.26875, 28.2], "uv_size": [-1.66875, -2.85]}
							}
						},
						{
							"origin": [5.09, 10.9, -0.91],
							"size": [1.82, 0.7, 1.82],
							"uv": {
								"north": {"uv": [25.6, 25.35], "uv_size": [1.66875, 2.85]},
								"east": {"uv": [25.6, 25.35], "uv_size": [1.66875, 2.85]},
								"south": {"uv": [25.6, 25.35], "uv_size": [1.66875, 2.85]},
								"west": {"uv": [25.6, 25.35], "uv_size": [1.66875, 2.85]},
								"up": {"uv": [27.26875, 28.2], "uv_size": [-1.66875, -2.85]},
								"down": {"uv": [27.26875, 28.2], "uv_size": [-1.66875, -2.85]}
							}
						},
						{
							"origin": [6.05042, 11.07208, -1.51],
							"size": [1.12, 0.7, 3.02],
							"pivot": [5.5321, 11.12063, 0],
							"rotation": [0, 0, 25],
							"uv": {
								"north": {"uv": [25.6, 25.35], "uv_size": [1.66875, 2.85]},
								"east": {"uv": [25.6, 25.35], "uv_size": [1.66875, 2.85]},
								"south": {"uv": [25.6, 25.35], "uv_size": [1.66875, 2.85]},
								"west": {"uv": [25.6, 25.35], "uv_size": [1.66875, 2.85]},
								"up": {"uv": [27.26875, 28.2], "uv_size": [-1.66875, -2.85]},
								"down": {"uv": [27.26875, 28.2], "uv_size": [-1.66875, -2.85]}
							}
						},
						{
							"origin": [6.46956, 11.9618, -1.51],
							"size": [1.4, 0.63, 3.02],
							"pivot": [5.5321, 11.12063, 0],
							"rotation": [0, 0, 60],
							"uv": {
								"north": {"uv": [25.6, 25.35], "uv_size": [1.66875, 2.85]},
								"east": {"uv": [25.6, 25.35], "uv_size": [1.66875, 2.85]},
								"south": {"uv": [25.6, 25.35], "uv_size": [1.66875, 2.85]},
								"west": {"uv": [25.6, 25.35], "uv_size": [1.66875, 2.85]},
								"up": {"uv": [27.26875, 28.2], "uv_size": [-1.66875, -2.85]},
								"down": {"uv": [27.26875, 28.2], "uv_size": [-1.66875, -2.85]}
							}
						},
						{
							"origin": [6.3477, 13.00701, -1.51],
							"size": [1.4, 0.63, 3.02],
							"pivot": [5.5321, 11.12063, 0],
							"rotation": [0, 0, 98],
							"uv": {
								"north": {"uv": [25.6, 25.35], "uv_size": [1.66875, 2.85]},
								"east": {"uv": [25.6, 25.35], "uv_size": [1.66875, 2.85]},
								"south": {"uv": [25.6, 25.35], "uv_size": [1.66875, 2.85]},
								"west": {"uv": [25.6, 25.35], "uv_size": [1.66875, 2.85]},
								"up": {"uv": [27.26875, 28.2], "uv_size": [-1.66875, -2.85]},
								"down": {"uv": [27.26875, 28.2], "uv_size": [-1.66875, -2.85]}
							}
						},
						{
							"origin": [7.2577, 13.00701, -1.51],
							"size": [1.4, 0.63, 3.02],
							"pivot": [6.4421, 11.12063, 0],
							"rotation": [180, 0, 82],
							"uv": {
								"north": {"uv": [25.6, 25.35], "uv_size": [1.66875, 2.85]},
								"east": {"uv": [25.6, 25.35], "uv_size": [1.66875, 2.85]},
								"south": {"uv": [25.6, 25.35], "uv_size": [1.66875, 2.85]},
								"west": {"uv": [25.6, 25.35], "uv_size": [1.66875, 2.85]},
								"up": {"uv": [27.26875, 28.2], "uv_size": [-1.66875, -2.85]},
								"down": {"uv": [27.26875, 28.2], "uv_size": [-1.66875, -2.85]}
							}
						},
						{
							"origin": [7.37956, 11.9618, -1.51],
							"size": [1.4, 0.63, 3.02],
							"pivot": [6.4421, 11.12063, 0],
							"rotation": [-180, 0, 120],
							"uv": {
								"north": {"uv": [25.6, 25.35], "uv_size": [1.66875, 2.85]},
								"east": {"uv": [25.6, 25.35], "uv_size": [1.66875, 2.85]},
								"south": {"uv": [25.6, 25.35], "uv_size": [1.66875, 2.85]},
								"west": {"uv": [25.6, 25.35], "uv_size": [1.66875, 2.85]},
								"up": {"uv": [27.26875, 28.2], "uv_size": [-1.66875, -2.85]},
								"down": {"uv": [27.26875, 28.2], "uv_size": [-1.66875, -2.85]}
							}
						},
						{
							"origin": [6.96042, 11.07208, -1.51],
							"size": [1.12, 0.7, 3.02],
							"pivot": [6.4421, 11.12063, 0],
							"rotation": [-180, 0, 155],
							"uv": {
								"north": {"uv": [25.6, 25.35], "uv_size": [1.66875, 2.85]},
								"east": {"uv": [25.6, 25.35], "uv_size": [1.66875, 2.85]},
								"south": {"uv": [25.6, 25.35], "uv_size": [1.66875, 2.85]},
								"west": {"uv": [25.6, 25.35], "uv_size": [1.66875, 2.85]},
								"up": {"uv": [27.26875, 28.2], "uv_size": [-1.66875, -2.85]},
								"down": {"uv": [27.26875, 28.2], "uv_size": [-1.66875, -2.85]}
							}
						}
					]
				}
			]
		}
	]
}