{
  "format_version": "1.12.0",
  "minecraft:geometry": [
    {
      "description": {
        "identifier": "geometry.mc_webzips_bullet",
        "texture_width": 16,
        "texture_height": 16,
        "visible_bounds_width": 2,
        "visible_bounds_height": 1.5,
        "visible_bounds_offset": [
          0,
          0.25,
          0
        ]
      },
      "bones": [
        {
          "name": "patron",
          "cubes": [
            {
              "origin": [
                -4.70711,
                -3.29289,
                0.0
              ],
              "size": [
                8.0,
                8.0,
                0.0
              ],
              "pivot": [
                -0.70711,
                0.70711,
                0.0
              ],
              "rotation": [
                0.0,
                0.0,
                -45.0
              ],
              "uv": {
                "north": {
                  "uv": [
                    0,
                    0
                  ],
                  "uv_size": [
                    16,
                    16
                  ]
                },
                "east": {
                  "uv": [
                    0,
                    0
                  ],
                  "uv_size": [
                    0,
                    8
                  ]
                },
                "south": {
                  "uv": [
                    16,
                    0
                  ],
                  "uv_size": [
                    -16,
                    16
                  ]
                },
                "west": {
                  "uv": [
                    0,
                    0
                  ],
                  "uv_size": [
                    0,
                    8
                  ]
                },
                "up": {
                  "uv": [
                    0,
                    0
                  ],
                  "uv_size": [
                    8,
                    0
                  ]
                },
                "down": {
                  "uv": [
                    0,
                    0
                  ],
                  "uv_size": [
                    8,
                    0
                  ]
                }
              },
              "inflate": 0
            }
          ]
        }
      ]
    }
  ]
}