{
	"format_version": "1.12.0",
	"minecraft:geometry": [
		{
			"description": {
				"identifier": "geometry.mc_symbiotemcu",
				"texture_width": 64,
				"texture_height": 64,
				"visible_bounds_width": 3,
				"visible_bounds_height": 3.5,
				"visible_bounds_offset": [0, 1.25, 0]
			},
			"bones": [
				{
					"name": "root",
					"pivot": [0, 0, 0]
				},
				{
					"name": "RightLeg",
					"parent": "root",
					"pivot": [-1.9, 12, 0],
					"cubes": [
						{
							"origin": [-3.9, 0, -2],
							"size": [4, 12, 4],
							"inflate": 0.15,
							"uv": {
								"north": {"uv": [24, 7], "uv_size": [4, 12]},
								"east": {"uv": [15, 24], "uv_size": [4, 12]},
								"south": {"uv": [19, 24], "uv_size": [4, 12]},
								"west": {"uv": [24, 19], "uv_size": [4, 12]},
								"up": {"uv": [31, 43], "uv_size": [4, 4]},
								"down": {"uv": [0, 48], "uv_size": [4, -4]}
							}
						}
					]
				},
				{
					"name": "LeftLeg",
					"parent": "root",
					"pivot": [1.9, 12, 0],
					"cubes": [
						{
							"origin": [-0.1, 0, -2],
							"size": [4, 12, 4],
							"inflate": 0.15,
							"uv": {
								"north": {"uv": [8, 27], "uv_size": [4, 12]},
								"east": {"uv": [0, 28], "uv_size": [4, 12]},
								"south": {"uv": [4, 28], "uv_size": [4, 12]},
								"west": {"uv": [28, 7], "uv_size": [4, 12]},
								"up": {"uv": [16, 44], "uv_size": [4, 4]},
								"down": {"uv": [35, 48], "uv_size": [4, -4]}
							}
						}
					]
				},
				{
					"name": "waist",
					"parent": "root",
					"pivot": [0, 0, 0]
				},
				{
					"name": "Body",
					"parent": "waist",
					"pivot": [0, 24, 0],
					"cubes": [
						{
							"origin": [-4, 12, -2],
							"size": [8, 12, 4],
							"inflate": 0.15,
							"uv": {
								"north": {"uv": [0, 0], "uv_size": [8, 12]},
								"east": {"uv": [28, 19], "uv_size": [4, 12]},
								"south": {"uv": [8, 0], "uv_size": [8, 12]},
								"west": {"uv": [23, 31], "uv_size": [4, 12]},
								"up": {"uv": [35, 36], "uv_size": [8, 4]},
								"down": {"uv": [39, 28], "uv_size": [8, -4]}
							}
						}
					]
				},
				{
					"name": "logo",
					"parent": "Body",
					"pivot": [0, 21, -2],
					"cubes": [
						{
							"origin": [-1.004, 21.27, -2.339],
							"size": [2.008, 0.86, 1.469],
							"uv": {
								"north": {"uv": [12, 33], "uv_size": [2, 2]},
								"east": {"uv": [48, 38], "uv_size": [1, 2]},
								"south": {"uv": [21, 40], "uv_size": [2, 2]},
								"west": {"uv": [4, 49], "uv_size": [1, 2]},
								"up": {"uv": [32, 30], "uv_size": [2, 1]},
								"down": {"uv": [12, 36], "uv_size": [2, -1]}
							}
						},
						{
							"origin": [-1.004, 19.57, -2.339],
							"size": [2.008, 0.86, 1.469],
							"uv": {
								"north": {"uv": [12, 33], "uv_size": [2, 2]},
								"east": {"uv": [48, 38], "uv_size": [1, 2]},
								"south": {"uv": [21, 40], "uv_size": [2, 2]},
								"west": {"uv": [4, 49], "uv_size": [1, 2]},
								"up": {"uv": [32, 30], "uv_size": [2, 1]},
								"down": {"uv": [12, 36], "uv_size": [2, -1]}
							}
						},
						{
							"origin": [-0.804, 20.27, -2.339],
							"size": [1.608, 1.26, 1.469],
							"uv": {
								"north": {"uv": [12, 33], "uv_size": [2, 2]},
								"east": {"uv": [48, 38], "uv_size": [1, 2]},
								"south": {"uv": [21, 40], "uv_size": [2, 2]},
								"west": {"uv": [4, 49], "uv_size": [1, 2]},
								"up": {"uv": [32, 30], "uv_size": [2, 1]},
								"down": {"uv": [12, 36], "uv_size": [2, -1]}
							}
						},
						{
							"origin": [-1.017, 17.836, -2.339],
							"size": [2.034, 1.582, 1.469],
							"uv": {
								"north": {"uv": [8, 39], "uv_size": [2, 1]},
								"east": {"uv": [23, 30], "uv_size": [1, 1]},
								"south": {"uv": [10, 39], "uv_size": [2, 1]},
								"west": {"uv": [31, 6], "uv_size": [1, 1]},
								"up": {"uv": [40, 23], "uv_size": [2, 1]},
								"down": {"uv": [21, 43], "uv_size": [2, -1]}
							}
						},
						{
							"origin": [-1.017, 15.463, -2.339],
							"size": [1.017, 3.955, 1.469],
							"pivot": [0, 17.8925, -1.7175],
							"rotation": [0, 0, -13],
							"uv": {
								"north": {"uv": [15, 20], "uv_size": [1, 4]},
								"east": {"uv": [34, 47], "uv_size": [1, 4]},
								"south": {"uv": [47, 44], "uv_size": [1, 4]},
								"west": {"uv": [0, 48], "uv_size": [1, 4]},
								"up": {"uv": [10, 52], "uv_size": [1, 1]},
								"down": {"uv": [11, 53], "uv_size": [1, -1]}
							}
						},
						{
							"origin": [-0.08587, 15.3631, -2.339],
							"size": [1.017, 4.068, 1.469],
							"pivot": [0.42263, 17.3406, -1.7175],
							"rotation": [0, 0, 13],
							"uv": {
								"north": {"uv": [1, 48], "uv_size": [1, 4]},
								"east": {"uv": [2, 48], "uv_size": [1, 4]},
								"south": {"uv": [3, 48], "uv_size": [1, 4]},
								"west": {"uv": [12, 48], "uv_size": [1, 4]},
								"up": {"uv": [12, 52], "uv_size": [1, 1]},
								"down": {"uv": [13, 53], "uv_size": [1, -1]}
							}
						},
						{
							"origin": [0.791, 18.288, -2.339],
							"size": [1.356, 1.469, 1.469],
							"pivot": [0.565, 17.8925, -1.7175],
							"rotation": [0, 0, -48.5],
							"uv": {
								"north": {"uv": [44, 23], "uv_size": [1, 1]},
								"east": {"uv": [10, 50], "uv_size": [1, 1]},
								"south": {"uv": [6, 51], "uv_size": [1, 1]},
								"west": {"uv": [38, 51], "uv_size": [1, 1]},
								"up": {"uv": [52, 2], "uv_size": [1, 1]},
								"down": {"uv": [52, 4], "uv_size": [1, -1]}
							}
						},
						{
							"origin": [0.226, 18.288, -2.339],
							"size": [1.356, 1.469, 1.469],
							"pivot": [0, 17.8925, -1.7175],
							"rotation": [0, 0, -52.5],
							"uv": {
								"north": {"uv": [4, 52], "uv_size": [1, 1]},
								"east": {"uv": [5, 52], "uv_size": [1, 1]},
								"south": {"uv": [6, 52], "uv_size": [1, 1]},
								"west": {"uv": [7, 52], "uv_size": [1, 1]},
								"up": {"uv": [8, 52], "uv_size": [1, 1]},
								"down": {"uv": [9, 53], "uv_size": [1, -1]}
							}
						},
						{
							"origin": [-0.565, 15.463, -2.352],
							"size": [1.13, 6.78, 1.482],
							"uv": {
								"north": {"uv": [23, 24], "uv_size": [1, 6]},
								"east": {"uv": [31, 0], "uv_size": [1, 6]},
								"south": {"uv": [28, 47], "uv_size": [1, 6]},
								"west": {"uv": [29, 47], "uv_size": [1, 6]},
								"up": {"uv": [34, 30], "uv_size": [1, 1]},
								"down": {"uv": [6, 45], "uv_size": [1, -1]}
							}
						},
						{
							"origin": [-0.791, 14.785, -2.339],
							"size": [1.13, 0.904, 1.13],
							"pivot": [-0.226, 15.915, -1.774],
							"rotation": [22.97398, -34.30969, -16.18295],
							"uv": {
								"north": {"uv": [14, 52], "uv_size": [1, 1]},
								"east": {"uv": [15, 52], "uv_size": [1, 1]},
								"south": {"uv": [16, 52], "uv_size": [1, 1]},
								"west": {"uv": [17, 52], "uv_size": [1, 1]},
								"up": {"uv": [18, 52], "uv_size": [1, 1]},
								"down": {"uv": [19, 53], "uv_size": [1, -1]}
							}
						},
						{
							"origin": [-0.339, 14.785, -2.339],
							"size": [1.13, 0.904, 1.13],
							"pivot": [0.226, 15.915, -1.774],
							"rotation": [32.79219, -54.14592, -23.14367],
							"uv": {
								"north": {"uv": [20, 52], "uv_size": [1, 1]},
								"east": {"uv": [21, 52], "uv_size": [1, 1]},
								"south": {"uv": [22, 52], "uv_size": [1, 1]},
								"west": {"uv": [23, 52], "uv_size": [1, 1]},
								"up": {"uv": [24, 52], "uv_size": [1, 1]},
								"down": {"uv": [25, 53], "uv_size": [1, -1]}
							}
						},
						{
							"origin": [-1.13, 21.904, -2.226],
							"size": [1.13, 0.904, 1.13],
							"pivot": [-0.565, 22.017, -1.661],
							"rotation": [-22.9423, -47.45101, -0.32403],
							"uv": {
								"north": {"uv": [26, 52], "uv_size": [1, 1]},
								"east": {"uv": [27, 52], "uv_size": [1, 1]},
								"south": {"uv": [52, 28], "uv_size": [1, 1]},
								"west": {"uv": [52, 29], "uv_size": [1, 1]},
								"up": {"uv": [52, 30], "uv_size": [1, 1]},
								"down": {"uv": [52, 32], "uv_size": [1, -1]}
							}
						},
						{
							"origin": [0, 21.904, -2.226],
							"size": [1.13, 0.904, 1.13],
							"pivot": [0.565, 22.017, -1.661],
							"rotation": [-14.53342, -39.04745, 25.77735],
							"uv": {
								"north": {"uv": [52, 32], "uv_size": [1, 1]},
								"east": {"uv": [52, 33], "uv_size": [1, 1]},
								"south": {"uv": [34, 52], "uv_size": [1, 1]},
								"west": {"uv": [52, 34], "uv_size": [1, 1]},
								"up": {"uv": [35, 52], "uv_size": [1, 1]},
								"down": {"uv": [52, 36], "uv_size": [1, -1]}
							}
						},
						{
							"origin": [0.904, 21, -2.1695],
							"size": [0.904, 0.678, 0.678],
							"pivot": [1.921, 21.339, -1.8305],
							"rotation": [-45, 0, 24],
							"uv": {
								"north": {"uv": [46, 52], "uv_size": [1, 1]},
								"east": {"uv": [47, 52], "uv_size": [1, 1]},
								"south": {"uv": [48, 52], "uv_size": [1, 1]},
								"west": {"uv": [49, 52], "uv_size": [1, 1]},
								"up": {"uv": [50, 52], "uv_size": [1, 1]},
								"down": {"uv": [51, 53], "uv_size": [1, -1]}
							}
						},
						{
							"origin": [1.63085, 21.34281, -2.1695],
							"size": [1.469, 0.678, 0.678],
							"pivot": [2.08285, 21.68181, -1.8305],
							"rotation": [-45, 0, -45],
							"uv": {
								"north": {"uv": [53, 8], "uv_size": [1, 1]},
								"east": {"uv": [9, 53], "uv_size": [1, 1]},
								"south": {"uv": [53, 9], "uv_size": [1, 1]},
								"west": {"uv": [10, 53], "uv_size": [1, 1]},
								"up": {"uv": [53, 10], "uv_size": [1, 1]},
								"down": {"uv": [11, 54], "uv_size": [1, -1]}
							}
						},
						{
							"origin": [2.78939, 22.07304, -2.13497],
							"size": [1.521, 0.678, 0.678],
							"pivot": [2.8256, 22.44657, -1.8305],
							"rotation": [-45, 0, 22],
							"uv": {
								"north": {"uv": [49, 6], "uv_size": [2, 1]},
								"east": {"uv": [53, 20], "uv_size": [1, 1]},
								"south": {"uv": [7, 49], "uv_size": [2, 1]},
								"west": {"uv": [21, 53], "uv_size": [1, 1]},
								"up": {"uv": [49, 7], "uv_size": [2, 1]},
								"down": {"uv": [49, 9], "uv_size": [2, -1]}
							}
						},
						{
							"origin": [2.67799, 21.40996, -2.17814],
							"size": [1.521, 0.678, 0.678],
							"pivot": [2.7126, 21.74032, -1.8305],
							"rotation": [-45, 0, 23],
							"uv": {
								"north": {"uv": [9, 49], "uv_size": [2, 1]},
								"east": {"uv": [53, 21], "uv_size": [1, 1]},
								"south": {"uv": [49, 9], "uv_size": [2, 1]},
								"west": {"uv": [22, 53], "uv_size": [1, 1]},
								"up": {"uv": [49, 10], "uv_size": [2, 1]},
								"down": {"uv": [49, 12], "uv_size": [2, -1]}
							}
						},
						{
							"origin": [2.67071, 20.67669, -2.23587],
							"size": [1.521, 0.678, 0.678],
							"pivot": [2.8126, 20.94932, -1.8305],
							"rotation": [-45, 0, 27],
							"uv": {
								"north": {"uv": [49, 12], "uv_size": [2, 1]},
								"east": {"uv": [53, 22], "uv_size": [1, 1]},
								"south": {"uv": [49, 13], "uv_size": [2, 1]},
								"west": {"uv": [23, 53], "uv_size": [1, 1]},
								"up": {"uv": [49, 14], "uv_size": [2, 1]},
								"down": {"uv": [49, 16], "uv_size": [2, -1]}
							}
						},
						{
							"origin": [2.38314, 19.7821, -2.30178],
							"size": [1.86225, 0.678, 0.678],
							"pivot": [2.5431, 19.98882, -1.8305],
							"rotation": [-45, 0, 34.5],
							"uv": {
								"north": {"uv": [49, 16], "uv_size": [2, 1]},
								"east": {"uv": [53, 23], "uv_size": [1, 1]},
								"south": {"uv": [49, 17], "uv_size": [2, 1]},
								"west": {"uv": [24, 53], "uv_size": [1, 1]},
								"up": {"uv": [49, 18], "uv_size": [2, 1]},
								"down": {"uv": [49, 20], "uv_size": [2, -1]}
							}
						},
						{
							"origin": [1.63085, 20.77781, -2.1695],
							"size": [1.356, 0.678, 0.678],
							"pivot": [2.08285, 21.11681, -1.8305],
							"rotation": [-45, 0, -45],
							"uv": {
								"north": {"uv": [53, 11], "uv_size": [1, 1]},
								"east": {"uv": [12, 53], "uv_size": [1, 1]},
								"south": {"uv": [53, 12], "uv_size": [1, 1]},
								"west": {"uv": [13, 53], "uv_size": [1, 1]},
								"up": {"uv": [53, 13], "uv_size": [1, 1]},
								"down": {"uv": [14, 54], "uv_size": [1, -1]}
							}
						},
						{
							"origin": [1.63085, 20.21281, -2.1695],
							"size": [1.356, 0.678, 0.678],
							"pivot": [2.08285, 20.55181, -1.8305],
							"rotation": [-46.02407, -1.21575, -38.17178],
							"uv": {
								"north": {"uv": [53, 14], "uv_size": [1, 1]},
								"east": {"uv": [15, 53], "uv_size": [1, 1]},
								"south": {"uv": [53, 15], "uv_size": [1, 1]},
								"west": {"uv": [16, 53], "uv_size": [1, 1]},
								"up": {"uv": [53, 16], "uv_size": [1, 1]},
								"down": {"uv": [17, 54], "uv_size": [1, -1]}
							}
						},
						{
							"origin": [1.74385, 19.53481, -2.1695],
							"size": [0.904, 0.678, 0.678],
							"pivot": [2.19585, 19.87381, -1.8305],
							"rotation": [-46.02407, -1.21575, -38.17178],
							"uv": {
								"north": {"uv": [53, 17], "uv_size": [1, 1]},
								"east": {"uv": [18, 53], "uv_size": [1, 1]},
								"south": {"uv": [53, 18], "uv_size": [1, 1]},
								"west": {"uv": [19, 53], "uv_size": [1, 1]},
								"up": {"uv": [53, 19], "uv_size": [1, 1]},
								"down": {"uv": [20, 54], "uv_size": [1, -1]}
							}
						},
						{
							"origin": [0.404, 20.435, -2.1695],
							"size": [1.404, 0.678, 0.678],
							"pivot": [1.921, 20.774, -1.8305],
							"rotation": [-45, 0, 24],
							"uv": {
								"north": {"uv": [52, 52], "uv_size": [1, 1]},
								"east": {"uv": [0, 53], "uv_size": [1, 1]},
								"south": {"uv": [53, 0], "uv_size": [1, 1]},
								"west": {"uv": [1, 53], "uv_size": [1, 1]},
								"up": {"uv": [53, 1], "uv_size": [1, 1]},
								"down": {"uv": [2, 54], "uv_size": [1, -1]}
							}
						},
						{
							"origin": [0.404, 19.87, -2.1695],
							"size": [1.404, 0.678, 0.678],
							"pivot": [1.921, 20.209, -1.8305],
							"rotation": [-45, 0, 24],
							"uv": {
								"north": {"uv": [53, 2], "uv_size": [1, 1]},
								"east": {"uv": [3, 53], "uv_size": [1, 1]},
								"south": {"uv": [53, 3], "uv_size": [1, 1]},
								"west": {"uv": [4, 53], "uv_size": [1, 1]},
								"up": {"uv": [53, 4], "uv_size": [1, 1]},
								"down": {"uv": [5, 54], "uv_size": [1, -1]}
							}
						},
						{
							"origin": [0.791, 19.305, -2.1695],
							"size": [1.13, 0.678, 0.678],
							"pivot": [1.921, 19.644, -1.8305],
							"rotation": [-45, 0, 24],
							"uv": {
								"north": {"uv": [53, 5], "uv_size": [1, 1]},
								"east": {"uv": [6, 53], "uv_size": [1, 1]},
								"south": {"uv": [53, 6], "uv_size": [1, 1]},
								"west": {"uv": [7, 53], "uv_size": [1, 1]},
								"up": {"uv": [53, 7], "uv_size": [1, 1]},
								"down": {"uv": [8, 54], "uv_size": [1, -1]}
							}
						},
						{
							"origin": [-2.33293, 19.84685, -2.20185],
							"size": [2.07525, 0.678, 0.678],
							"pivot": [-2.39377, 20.16019, -1.8281],
							"rotation": [134.73274, 0.1, 145.49775],
							"uv": {
								"north": {"uv": [49, 46], "uv_size": [2, 1]},
								"east": {"uv": [53, 51], "uv_size": [1, 1]},
								"south": {"uv": [49, 47], "uv_size": [2, 1]},
								"west": {"uv": [52, 53], "uv_size": [1, 1]},
								"up": {"uv": [49, 48], "uv_size": [2, 1]},
								"down": {"uv": [49, 50], "uv_size": [2, -1]}
							}
						},
						{
							"origin": [-3.85238, 20.24822, -1.54598],
							"size": [0.904, 0.678, 0.678],
							"pivot": [-2.39377, 21.16019, -1.8281],
							"rotation": [134.5943, 0.1, -141.81086],
							"uv": {
								"north": {"uv": [53, 48], "uv_size": [1, 1]},
								"east": {"uv": [49, 53], "uv_size": [1, 1]},
								"south": {"uv": [53, 49], "uv_size": [1, 1]},
								"west": {"uv": [50, 53], "uv_size": [1, 1]},
								"up": {"uv": [53, 50], "uv_size": [1, 1]},
								"down": {"uv": [51, 54], "uv_size": [1, -1]}
							}
						},
						{
							"origin": [-3.40426, 19.68355, -1.03286],
							"size": [1.13, 0.678, 0.678],
							"pivot": [-2.39377, 21.16019, -1.8281],
							"rotation": [134.59323, 0.1, 155.99676],
							"uv": {
								"north": {"uv": [53, 45], "uv_size": [1, 1]},
								"east": {"uv": [46, 53], "uv_size": [1, 1]},
								"south": {"uv": [53, 46], "uv_size": [1, 1]},
								"west": {"uv": [47, 53], "uv_size": [1, 1]},
								"up": {"uv": [53, 47], "uv_size": [1, 1]},
								"down": {"uv": [48, 54], "uv_size": [1, -1]}
							}
						},
						{
							"origin": [-3.92107, 20.04853, -1.39783],
							"size": [1.304, 0.678, 0.678],
							"pivot": [-2.39377, 21.16019, -1.8281],
							"rotation": [134.59323, 0.1, 155.99676],
							"uv": {
								"north": {"uv": [53, 42], "uv_size": [1, 1]},
								"east": {"uv": [43, 53], "uv_size": [1, 1]},
								"south": {"uv": [53, 43], "uv_size": [1, 1]},
								"west": {"uv": [44, 53], "uv_size": [1, 1]},
								"up": {"uv": [53, 44], "uv_size": [1, 1]},
								"down": {"uv": [45, 54], "uv_size": [1, -1]}
							}
						},
						{
							"origin": [-4.15088, 20.4135, -1.76281],
							"size": [1.304, 0.678, 0.678],
							"pivot": [-2.39377, 21.16019, -1.8281],
							"rotation": [134.59323, 0.1, 155.99676],
							"uv": {
								"north": {"uv": [53, 39], "uv_size": [1, 1]},
								"east": {"uv": [40, 53], "uv_size": [1, 1]},
								"south": {"uv": [53, 40], "uv_size": [1, 1]},
								"west": {"uv": [41, 53], "uv_size": [1, 1]},
								"up": {"uv": [53, 41], "uv_size": [1, 1]},
								"down": {"uv": [42, 54], "uv_size": [1, -1]}
							}
						},
						{
							"origin": [-3.98068, 20.77847, -2.12778],
							"size": [0.904, 0.678, 0.678],
							"pivot": [-2.39377, 21.16019, -1.8281],
							"rotation": [134.59323, 0.1, 155.99676],
							"uv": {
								"north": {"uv": [53, 36], "uv_size": [1, 1]},
								"east": {"uv": [37, 53], "uv_size": [1, 1]},
								"south": {"uv": [53, 37], "uv_size": [1, 1]},
								"west": {"uv": [38, 53], "uv_size": [1, 1]},
								"up": {"uv": [53, 38], "uv_size": [1, 1]},
								"down": {"uv": [39, 54], "uv_size": [1, -1]}
							}
						},
						{
							"origin": [-2.74731, 21.27149, -2.6208],
							"size": [1.469, 0.678, 0.678],
							"pivot": [-2.39377, 21.16019, -1.8281],
							"rotation": [135.70714, 0.1, -134.99564],
							"uv": {
								"north": {"uv": [53, 33], "uv_size": [1, 1]},
								"east": {"uv": [34, 53], "uv_size": [1, 1]},
								"south": {"uv": [53, 34], "uv_size": [1, 1]},
								"west": {"uv": [35, 53], "uv_size": [1, 1]},
								"up": {"uv": [53, 35], "uv_size": [1, 1]},
								"down": {"uv": [36, 54], "uv_size": [1, -1]}
							}
						},
						{
							"origin": [-2.86349, 22.04744, -2.19756],
							"size": [1.534, 0.678, 0.678],
							"pivot": [-2.79377, 22.36019, -1.8281],
							"rotation": [135.06976, 0.1, 164.00061],
							"uv": {
								"north": {"uv": [49, 42], "uv_size": [2, 1]},
								"east": {"uv": [53, 32], "uv_size": [1, 1]},
								"south": {"uv": [49, 43], "uv_size": [2, 1]},
								"west": {"uv": [33, 53], "uv_size": [1, 1]},
								"up": {"uv": [49, 44], "uv_size": [2, 1]},
								"down": {"uv": [49, 46], "uv_size": [2, -1]}
							}
						},
						{
							"origin": [-3.14684, 20.98899, -2.3383],
							"size": [1.356, 0.678, 0.678],
							"pivot": [-2.39377, 21.16019, -1.8281],
							"rotation": [135.70714, 0.1, -134.99564],
							"uv": {
								"north": {"uv": [53, 29], "uv_size": [1, 1]},
								"east": {"uv": [30, 53], "uv_size": [1, 1]},
								"south": {"uv": [53, 30], "uv_size": [1, 1]},
								"west": {"uv": [31, 53], "uv_size": [1, 1]},
								"up": {"uv": [53, 31], "uv_size": [1, 1]},
								"down": {"uv": [32, 54], "uv_size": [1, -1]}
							}
						},
						{
							"origin": [-2.58066, 21.41503, -2.16361],
							"size": [1.734, 0.678, 0.678],
							"pivot": [-2.59377, 21.76019, -1.8281],
							"rotation": [134.98255, 0.1, 159.99985],
							"uv": {
								"north": {"uv": [49, 38], "uv_size": [2, 1]},
								"east": {"uv": [53, 28], "uv_size": [1, 1]},
								"south": {"uv": [49, 39], "uv_size": [2, 1]},
								"west": {"uv": [29, 53], "uv_size": [1, 1]},
								"up": {"uv": [49, 40], "uv_size": [2, 1]},
								"down": {"uv": [49, 42], "uv_size": [2, -1]}
							}
						},
						{
							"origin": [-3.52228, 20.66178, -1.98468],
							"size": [1.356, 0.678, 0.678],
							"pivot": [-2.39377, 21.16019, -1.8281],
							"rotation": [134.5943, 0.1, -141.81086],
							"uv": {
								"north": {"uv": [53, 25], "uv_size": [1, 1]},
								"east": {"uv": [26, 53], "uv_size": [1, 1]},
								"south": {"uv": [53, 26], "uv_size": [1, 1]},
								"west": {"uv": [27, 53], "uv_size": [1, 1]},
								"up": {"uv": [53, 27], "uv_size": [1, 1]},
								"down": {"uv": [28, 54], "uv_size": [1, -1]}
							}
						},
						{
							"origin": [-2.55711, 20.7552, -2.10389],
							"size": [1.734, 0.678, 0.678],
							"pivot": [-2.59377, 21.16019, -1.8281],
							"rotation": [134.84355, 0.1, 154.99865],
							"uv": {
								"north": {"uv": [49, 20], "uv_size": [2, 1]},
								"east": {"uv": [53, 24], "uv_size": [1, 1]},
								"south": {"uv": [49, 21], "uv_size": [2, 1]},
								"west": {"uv": [25, 53], "uv_size": [1, 1]},
								"up": {"uv": [49, 22], "uv_size": [2, 1]},
								"down": {"uv": [49, 24], "uv_size": [2, -1]}
							}
						}
					]
				},
				{
					"name": "logo2",
					"parent": "Body",
					"pivot": [0, 21, 2],
					"rotation": [-180, 0, 180],
					"cubes": [
						{
							"origin": [-1.004, 21.27, 1.661],
							"size": [2.008, 0.86, 1.469],
							"uv": {
								"north": {"uv": [12, 33], "uv_size": [2, 2]},
								"east": {"uv": [48, 38], "uv_size": [1, 2]},
								"south": {"uv": [21, 40], "uv_size": [2, 2]},
								"west": {"uv": [4, 49], "uv_size": [1, 2]},
								"up": {"uv": [32, 30], "uv_size": [2, 1]},
								"down": {"uv": [12, 36], "uv_size": [2, -1]}
							}
						},
						{
							"origin": [-1.004, 19.57, 1.661],
							"size": [2.008, 0.86, 1.469],
							"uv": {
								"north": {"uv": [12, 33], "uv_size": [2, 2]},
								"east": {"uv": [48, 38], "uv_size": [1, 2]},
								"south": {"uv": [21, 40], "uv_size": [2, 2]},
								"west": {"uv": [4, 49], "uv_size": [1, 2]},
								"up": {"uv": [32, 30], "uv_size": [2, 1]},
								"down": {"uv": [12, 36], "uv_size": [2, -1]}
							}
						},
						{
							"origin": [-0.804, 20.27, 1.661],
							"size": [1.608, 1.26, 1.469],
							"uv": {
								"north": {"uv": [12, 33], "uv_size": [2, 2]},
								"east": {"uv": [48, 38], "uv_size": [1, 2]},
								"south": {"uv": [21, 40], "uv_size": [2, 2]},
								"west": {"uv": [4, 49], "uv_size": [1, 2]},
								"up": {"uv": [32, 30], "uv_size": [2, 1]},
								"down": {"uv": [12, 36], "uv_size": [2, -1]}
							}
						},
						{
							"origin": [-1.017, 17.836, 1.661],
							"size": [2.034, 1.582, 1.469],
							"uv": {
								"north": {"uv": [8, 39], "uv_size": [2, 1]},
								"east": {"uv": [23, 30], "uv_size": [1, 1]},
								"south": {"uv": [10, 39], "uv_size": [2, 1]},
								"west": {"uv": [31, 6], "uv_size": [1, 1]},
								"up": {"uv": [40, 23], "uv_size": [2, 1]},
								"down": {"uv": [21, 43], "uv_size": [2, -1]}
							}
						},
						{
							"origin": [-1.017, 15.463, 1.661],
							"size": [1.017, 3.955, 1.469],
							"pivot": [0, 17.8925, 2.2825],
							"rotation": [0, 0, -13],
							"uv": {
								"north": {"uv": [15, 20], "uv_size": [1, 4]},
								"east": {"uv": [34, 47], "uv_size": [1, 4]},
								"south": {"uv": [47, 44], "uv_size": [1, 4]},
								"west": {"uv": [0, 48], "uv_size": [1, 4]},
								"up": {"uv": [10, 52], "uv_size": [1, 1]},
								"down": {"uv": [11, 53], "uv_size": [1, -1]}
							}
						},
						{
							"origin": [-0.08587, 15.3631, 1.661],
							"size": [1.017, 4.068, 1.469],
							"pivot": [0.42263, 17.3406, 2.2825],
							"rotation": [0, 0, 13],
							"uv": {
								"north": {"uv": [1, 48], "uv_size": [1, 4]},
								"east": {"uv": [2, 48], "uv_size": [1, 4]},
								"south": {"uv": [3, 48], "uv_size": [1, 4]},
								"west": {"uv": [12, 48], "uv_size": [1, 4]},
								"up": {"uv": [12, 52], "uv_size": [1, 1]},
								"down": {"uv": [13, 53], "uv_size": [1, -1]}
							}
						},
						{
							"origin": [0.791, 18.288, 1.661],
							"size": [1.356, 1.469, 1.469],
							"pivot": [0.565, 17.8925, 2.2825],
							"rotation": [0, 0, -48.5],
							"uv": {
								"north": {"uv": [44, 23], "uv_size": [1, 1]},
								"east": {"uv": [10, 50], "uv_size": [1, 1]},
								"south": {"uv": [6, 51], "uv_size": [1, 1]},
								"west": {"uv": [38, 51], "uv_size": [1, 1]},
								"up": {"uv": [52, 2], "uv_size": [1, 1]},
								"down": {"uv": [52, 4], "uv_size": [1, -1]}
							}
						},
						{
							"origin": [0.226, 18.288, 1.661],
							"size": [1.356, 1.469, 1.469],
							"pivot": [0, 17.8925, 2.2825],
							"rotation": [0, 0, -52.5],
							"uv": {
								"north": {"uv": [4, 52], "uv_size": [1, 1]},
								"east": {"uv": [5, 52], "uv_size": [1, 1]},
								"south": {"uv": [6, 52], "uv_size": [1, 1]},
								"west": {"uv": [7, 52], "uv_size": [1, 1]},
								"up": {"uv": [8, 52], "uv_size": [1, 1]},
								"down": {"uv": [9, 53], "uv_size": [1, -1]}
							}
						},
						{
							"origin": [-0.565, 15.463, 1.648],
							"size": [1.13, 6.78, 1.482],
							"uv": {
								"north": {"uv": [23, 24], "uv_size": [1, 6]},
								"east": {"uv": [31, 0], "uv_size": [1, 6]},
								"south": {"uv": [28, 47], "uv_size": [1, 6]},
								"west": {"uv": [29, 47], "uv_size": [1, 6]},
								"up": {"uv": [34, 30], "uv_size": [1, 1]},
								"down": {"uv": [6, 45], "uv_size": [1, -1]}
							}
						},
						{
							"origin": [-0.791, 14.785, 1.661],
							"size": [1.13, 0.904, 1.13],
							"pivot": [-0.226, 15.915, 2.226],
							"rotation": [22.97398, -34.30969, -16.18295],
							"uv": {
								"north": {"uv": [14, 52], "uv_size": [1, 1]},
								"east": {"uv": [15, 52], "uv_size": [1, 1]},
								"south": {"uv": [16, 52], "uv_size": [1, 1]},
								"west": {"uv": [17, 52], "uv_size": [1, 1]},
								"up": {"uv": [18, 52], "uv_size": [1, 1]},
								"down": {"uv": [19, 53], "uv_size": [1, -1]}
							}
						},
						{
							"origin": [-0.339, 14.785, 1.661],
							"size": [1.13, 0.904, 1.13],
							"pivot": [0.226, 15.915, 2.226],
							"rotation": [32.79219, -54.14592, -23.14367],
							"uv": {
								"north": {"uv": [20, 52], "uv_size": [1, 1]},
								"east": {"uv": [21, 52], "uv_size": [1, 1]},
								"south": {"uv": [22, 52], "uv_size": [1, 1]},
								"west": {"uv": [23, 52], "uv_size": [1, 1]},
								"up": {"uv": [24, 52], "uv_size": [1, 1]},
								"down": {"uv": [25, 53], "uv_size": [1, -1]}
							}
						},
						{
							"origin": [-1.13, 21.904, 1.774],
							"size": [1.13, 0.904, 1.13],
							"pivot": [-0.565, 22.017, 2.339],
							"rotation": [-22.9423, -47.45101, -0.32403],
							"uv": {
								"north": {"uv": [26, 52], "uv_size": [1, 1]},
								"east": {"uv": [27, 52], "uv_size": [1, 1]},
								"south": {"uv": [52, 28], "uv_size": [1, 1]},
								"west": {"uv": [52, 29], "uv_size": [1, 1]},
								"up": {"uv": [52, 30], "uv_size": [1, 1]},
								"down": {"uv": [52, 32], "uv_size": [1, -1]}
							}
						},
						{
							"origin": [0, 21.904, 1.774],
							"size": [1.13, 0.904, 1.13],
							"pivot": [0.565, 22.017, 2.339],
							"rotation": [-14.53342, -39.04745, 25.77735],
							"uv": {
								"north": {"uv": [52, 32], "uv_size": [1, 1]},
								"east": {"uv": [52, 33], "uv_size": [1, 1]},
								"south": {"uv": [34, 52], "uv_size": [1, 1]},
								"west": {"uv": [52, 34], "uv_size": [1, 1]},
								"up": {"uv": [35, 52], "uv_size": [1, 1]},
								"down": {"uv": [52, 36], "uv_size": [1, -1]}
							}
						},
						{
							"origin": [0.904, 21, 1.8305],
							"size": [0.904, 0.678, 0.678],
							"pivot": [1.921, 21.339, 2.1695],
							"rotation": [-45, 0, 24],
							"uv": {
								"north": {"uv": [46, 52], "uv_size": [1, 1]},
								"east": {"uv": [47, 52], "uv_size": [1, 1]},
								"south": {"uv": [48, 52], "uv_size": [1, 1]},
								"west": {"uv": [49, 52], "uv_size": [1, 1]},
								"up": {"uv": [50, 52], "uv_size": [1, 1]},
								"down": {"uv": [51, 53], "uv_size": [1, -1]}
							}
						},
						{
							"origin": [1.63085, 21.34281, 1.8305],
							"size": [1.469, 0.678, 0.678],
							"pivot": [2.08285, 21.68181, 2.1695],
							"rotation": [-45, 0, -45],
							"uv": {
								"north": {"uv": [53, 8], "uv_size": [1, 1]},
								"east": {"uv": [9, 53], "uv_size": [1, 1]},
								"south": {"uv": [53, 9], "uv_size": [1, 1]},
								"west": {"uv": [10, 53], "uv_size": [1, 1]},
								"up": {"uv": [53, 10], "uv_size": [1, 1]},
								"down": {"uv": [11, 54], "uv_size": [1, -1]}
							}
						},
						{
							"origin": [2.78939, 22.07304, 1.86503],
							"size": [1.521, 0.678, 0.678],
							"pivot": [2.8256, 22.44657, 2.1695],
							"rotation": [-45, 0, 22],
							"uv": {
								"north": {"uv": [49, 6], "uv_size": [2, 1]},
								"east": {"uv": [53, 20], "uv_size": [1, 1]},
								"south": {"uv": [7, 49], "uv_size": [2, 1]},
								"west": {"uv": [21, 53], "uv_size": [1, 1]},
								"up": {"uv": [49, 7], "uv_size": [2, 1]},
								"down": {"uv": [49, 9], "uv_size": [2, -1]}
							}
						},
						{
							"origin": [2.67799, 21.40996, 1.82186],
							"size": [1.521, 0.678, 0.678],
							"pivot": [2.7126, 21.74032, 2.1695],
							"rotation": [-45, 0, 23],
							"uv": {
								"north": {"uv": [9, 49], "uv_size": [2, 1]},
								"east": {"uv": [53, 21], "uv_size": [1, 1]},
								"south": {"uv": [49, 9], "uv_size": [2, 1]},
								"west": {"uv": [22, 53], "uv_size": [1, 1]},
								"up": {"uv": [49, 10], "uv_size": [2, 1]},
								"down": {"uv": [49, 12], "uv_size": [2, -1]}
							}
						},
						{
							"origin": [2.67071, 20.67669, 1.76413],
							"size": [1.521, 0.678, 0.678],
							"pivot": [2.8126, 20.94932, 2.1695],
							"rotation": [-45, 0, 27],
							"uv": {
								"north": {"uv": [49, 12], "uv_size": [2, 1]},
								"east": {"uv": [53, 22], "uv_size": [1, 1]},
								"south": {"uv": [49, 13], "uv_size": [2, 1]},
								"west": {"uv": [23, 53], "uv_size": [1, 1]},
								"up": {"uv": [49, 14], "uv_size": [2, 1]},
								"down": {"uv": [49, 16], "uv_size": [2, -1]}
							}
						},
						{
							"origin": [2.38314, 19.7821, 1.69822],
							"size": [1.86225, 0.678, 0.678],
							"pivot": [2.5431, 19.98882, 2.1695],
							"rotation": [-45, 0, 34.5],
							"uv": {
								"north": {"uv": [49, 16], "uv_size": [2, 1]},
								"east": {"uv": [53, 23], "uv_size": [1, 1]},
								"south": {"uv": [49, 17], "uv_size": [2, 1]},
								"west": {"uv": [24, 53], "uv_size": [1, 1]},
								"up": {"uv": [49, 18], "uv_size": [2, 1]},
								"down": {"uv": [49, 20], "uv_size": [2, -1]}
							}
						},
						{
							"origin": [1.63085, 20.77781, 1.8305],
							"size": [1.356, 0.678, 0.678],
							"pivot": [2.08285, 21.11681, 2.1695],
							"rotation": [-45, 0, -45],
							"uv": {
								"north": {"uv": [53, 11], "uv_size": [1, 1]},
								"east": {"uv": [12, 53], "uv_size": [1, 1]},
								"south": {"uv": [53, 12], "uv_size": [1, 1]},
								"west": {"uv": [13, 53], "uv_size": [1, 1]},
								"up": {"uv": [53, 13], "uv_size": [1, 1]},
								"down": {"uv": [14, 54], "uv_size": [1, -1]}
							}
						},
						{
							"origin": [1.63085, 20.21281, 1.8305],
							"size": [1.356, 0.678, 0.678],
							"pivot": [2.08285, 20.55181, 2.1695],
							"rotation": [-46.02407, -1.21575, -38.17178],
							"uv": {
								"north": {"uv": [53, 14], "uv_size": [1, 1]},
								"east": {"uv": [15, 53], "uv_size": [1, 1]},
								"south": {"uv": [53, 15], "uv_size": [1, 1]},
								"west": {"uv": [16, 53], "uv_size": [1, 1]},
								"up": {"uv": [53, 16], "uv_size": [1, 1]},
								"down": {"uv": [17, 54], "uv_size": [1, -1]}
							}
						},
						{
							"origin": [1.74385, 19.53481, 1.8305],
							"size": [0.904, 0.678, 0.678],
							"pivot": [2.19585, 19.87381, 2.1695],
							"rotation": [-46.02407, -1.21575, -38.17178],
							"uv": {
								"north": {"uv": [53, 17], "uv_size": [1, 1]},
								"east": {"uv": [18, 53], "uv_size": [1, 1]},
								"south": {"uv": [53, 18], "uv_size": [1, 1]},
								"west": {"uv": [19, 53], "uv_size": [1, 1]},
								"up": {"uv": [53, 19], "uv_size": [1, 1]},
								"down": {"uv": [20, 54], "uv_size": [1, -1]}
							}
						},
						{
							"origin": [0.404, 20.435, 1.8305],
							"size": [1.404, 0.678, 0.678],
							"pivot": [1.921, 20.774, 2.1695],
							"rotation": [-45, 0, 24],
							"uv": {
								"north": {"uv": [52, 52], "uv_size": [1, 1]},
								"east": {"uv": [0, 53], "uv_size": [1, 1]},
								"south": {"uv": [53, 0], "uv_size": [1, 1]},
								"west": {"uv": [1, 53], "uv_size": [1, 1]},
								"up": {"uv": [53, 1], "uv_size": [1, 1]},
								"down": {"uv": [2, 54], "uv_size": [1, -1]}
							}
						},
						{
							"origin": [0.404, 19.87, 1.8305],
							"size": [1.404, 0.678, 0.678],
							"pivot": [1.921, 20.209, 2.1695],
							"rotation": [-45, 0, 24],
							"uv": {
								"north": {"uv": [53, 2], "uv_size": [1, 1]},
								"east": {"uv": [3, 53], "uv_size": [1, 1]},
								"south": {"uv": [53, 3], "uv_size": [1, 1]},
								"west": {"uv": [4, 53], "uv_size": [1, 1]},
								"up": {"uv": [53, 4], "uv_size": [1, 1]},
								"down": {"uv": [5, 54], "uv_size": [1, -1]}
							}
						},
						{
							"origin": [0.791, 19.305, 1.8305],
							"size": [1.13, 0.678, 0.678],
							"pivot": [1.921, 19.644, 2.1695],
							"rotation": [-45, 0, 24],
							"uv": {
								"north": {"uv": [53, 5], "uv_size": [1, 1]},
								"east": {"uv": [6, 53], "uv_size": [1, 1]},
								"south": {"uv": [53, 6], "uv_size": [1, 1]},
								"west": {"uv": [7, 53], "uv_size": [1, 1]},
								"up": {"uv": [53, 7], "uv_size": [1, 1]},
								"down": {"uv": [8, 54], "uv_size": [1, -1]}
							}
						},
						{
							"origin": [-2.33293, 19.84685, 1.79815],
							"size": [2.07525, 0.678, 0.678],
							"pivot": [-2.39377, 20.16019, 2.1719],
							"rotation": [134.73274, 0.1, 145.49775],
							"uv": {
								"north": {"uv": [49, 46], "uv_size": [2, 1]},
								"east": {"uv": [53, 51], "uv_size": [1, 1]},
								"south": {"uv": [49, 47], "uv_size": [2, 1]},
								"west": {"uv": [52, 53], "uv_size": [1, 1]},
								"up": {"uv": [49, 48], "uv_size": [2, 1]},
								"down": {"uv": [49, 50], "uv_size": [2, -1]}
							}
						},
						{
							"origin": [-3.85238, 20.24822, 2.45402],
							"size": [0.904, 0.678, 0.678],
							"pivot": [-2.39377, 21.16019, 2.1719],
							"rotation": [134.5943, 0.1, -141.81086],
							"uv": {
								"north": {"uv": [53, 48], "uv_size": [1, 1]},
								"east": {"uv": [49, 53], "uv_size": [1, 1]},
								"south": {"uv": [53, 49], "uv_size": [1, 1]},
								"west": {"uv": [50, 53], "uv_size": [1, 1]},
								"up": {"uv": [53, 50], "uv_size": [1, 1]},
								"down": {"uv": [51, 54], "uv_size": [1, -1]}
							}
						},
						{
							"origin": [-3.40426, 19.68355, 2.96714],
							"size": [1.13, 0.678, 0.678],
							"pivot": [-2.39377, 21.16019, 2.1719],
							"rotation": [134.59323, 0.1, 155.99676],
							"uv": {
								"north": {"uv": [53, 45], "uv_size": [1, 1]},
								"east": {"uv": [46, 53], "uv_size": [1, 1]},
								"south": {"uv": [53, 46], "uv_size": [1, 1]},
								"west": {"uv": [47, 53], "uv_size": [1, 1]},
								"up": {"uv": [53, 47], "uv_size": [1, 1]},
								"down": {"uv": [48, 54], "uv_size": [1, -1]}
							}
						},
						{
							"origin": [-3.92107, 20.04853, 2.60217],
							"size": [1.304, 0.678, 0.678],
							"pivot": [-2.39377, 21.16019, 2.1719],
							"rotation": [134.59323, 0.1, 155.99676],
							"uv": {
								"north": {"uv": [53, 42], "uv_size": [1, 1]},
								"east": {"uv": [43, 53], "uv_size": [1, 1]},
								"south": {"uv": [53, 43], "uv_size": [1, 1]},
								"west": {"uv": [44, 53], "uv_size": [1, 1]},
								"up": {"uv": [53, 44], "uv_size": [1, 1]},
								"down": {"uv": [45, 54], "uv_size": [1, -1]}
							}
						},
						{
							"origin": [-4.15088, 20.4135, 2.23719],
							"size": [1.304, 0.678, 0.678],
							"pivot": [-2.39377, 21.16019, 2.1719],
							"rotation": [134.59323, 0.1, 155.99676],
							"uv": {
								"north": {"uv": [53, 39], "uv_size": [1, 1]},
								"east": {"uv": [40, 53], "uv_size": [1, 1]},
								"south": {"uv": [53, 40], "uv_size": [1, 1]},
								"west": {"uv": [41, 53], "uv_size": [1, 1]},
								"up": {"uv": [53, 41], "uv_size": [1, 1]},
								"down": {"uv": [42, 54], "uv_size": [1, -1]}
							}
						},
						{
							"origin": [-3.98068, 20.77847, 1.87222],
							"size": [0.904, 0.678, 0.678],
							"pivot": [-2.39377, 21.16019, 2.1719],
							"rotation": [134.59323, 0.1, 155.99676],
							"uv": {
								"north": {"uv": [53, 36], "uv_size": [1, 1]},
								"east": {"uv": [37, 53], "uv_size": [1, 1]},
								"south": {"uv": [53, 37], "uv_size": [1, 1]},
								"west": {"uv": [38, 53], "uv_size": [1, 1]},
								"up": {"uv": [53, 38], "uv_size": [1, 1]},
								"down": {"uv": [39, 54], "uv_size": [1, -1]}
							}
						},
						{
							"origin": [-2.74731, 21.27149, 1.3792],
							"size": [1.469, 0.678, 0.678],
							"pivot": [-2.39377, 21.16019, 2.1719],
							"rotation": [135.70714, 0.1, -134.99564],
							"uv": {
								"north": {"uv": [53, 33], "uv_size": [1, 1]},
								"east": {"uv": [34, 53], "uv_size": [1, 1]},
								"south": {"uv": [53, 34], "uv_size": [1, 1]},
								"west": {"uv": [35, 53], "uv_size": [1, 1]},
								"up": {"uv": [53, 35], "uv_size": [1, 1]},
								"down": {"uv": [36, 54], "uv_size": [1, -1]}
							}
						},
						{
							"origin": [-2.86349, 22.04744, 1.80244],
							"size": [1.534, 0.678, 0.678],
							"pivot": [-2.79377, 22.36019, 2.1719],
							"rotation": [135.06976, 0.1, 164.00061],
							"uv": {
								"north": {"uv": [49, 42], "uv_size": [2, 1]},
								"east": {"uv": [53, 32], "uv_size": [1, 1]},
								"south": {"uv": [49, 43], "uv_size": [2, 1]},
								"west": {"uv": [33, 53], "uv_size": [1, 1]},
								"up": {"uv": [49, 44], "uv_size": [2, 1]},
								"down": {"uv": [49, 46], "uv_size": [2, -1]}
							}
						},
						{
							"origin": [-3.14684, 20.98899, 1.6617],
							"size": [1.356, 0.678, 0.678],
							"pivot": [-2.39377, 21.16019, 2.1719],
							"rotation": [135.70714, 0.1, -134.99564],
							"uv": {
								"north": {"uv": [53, 29], "uv_size": [1, 1]},
								"east": {"uv": [30, 53], "uv_size": [1, 1]},
								"south": {"uv": [53, 30], "uv_size": [1, 1]},
								"west": {"uv": [31, 53], "uv_size": [1, 1]},
								"up": {"uv": [53, 31], "uv_size": [1, 1]},
								"down": {"uv": [32, 54], "uv_size": [1, -1]}
							}
						},
						{
							"origin": [-2.58066, 21.41503, 1.83639],
							"size": [1.734, 0.678, 0.678],
							"pivot": [-2.59377, 21.76019, 2.1719],
							"rotation": [134.98255, 0.1, 159.99985],
							"uv": {
								"north": {"uv": [49, 38], "uv_size": [2, 1]},
								"east": {"uv": [53, 28], "uv_size": [1, 1]},
								"south": {"uv": [49, 39], "uv_size": [2, 1]},
								"west": {"uv": [29, 53], "uv_size": [1, 1]},
								"up": {"uv": [49, 40], "uv_size": [2, 1]},
								"down": {"uv": [49, 42], "uv_size": [2, -1]}
							}
						},
						{
							"origin": [-3.52228, 20.66178, 2.01532],
							"size": [1.356, 0.678, 0.678],
							"pivot": [-2.39377, 21.16019, 2.1719],
							"rotation": [134.5943, 0.1, -141.81086],
							"uv": {
								"north": {"uv": [53, 25], "uv_size": [1, 1]},
								"east": {"uv": [26, 53], "uv_size": [1, 1]},
								"south": {"uv": [53, 26], "uv_size": [1, 1]},
								"west": {"uv": [27, 53], "uv_size": [1, 1]},
								"up": {"uv": [53, 27], "uv_size": [1, 1]},
								"down": {"uv": [28, 54], "uv_size": [1, -1]}
							}
						},
						{
							"origin": [-2.55711, 20.7552, 1.89611],
							"size": [1.734, 0.678, 0.678],
							"pivot": [-2.59377, 21.16019, 2.1719],
							"rotation": [134.84355, 0.1, 154.99865],
							"uv": {
								"north": {"uv": [49, 20], "uv_size": [2, 1]},
								"east": {"uv": [53, 24], "uv_size": [1, 1]},
								"south": {"uv": [49, 21], "uv_size": [2, 1]},
								"west": {"uv": [25, 53], "uv_size": [1, 1]},
								"up": {"uv": [49, 22], "uv_size": [2, 1]},
								"down": {"uv": [49, 24], "uv_size": [2, -1]}
							}
						}
					]
				},
				{
					"name": "Head",
					"parent": "Body",
					"pivot": [0, 24, 0],
					"cubes": [
						{
							"origin": [-3.7, 28.2, -3.5],
							"size": [7.4, 4, 7],
							"inflate": 0.15,
							"uv": {
								"north": {"uv": [16, 36], "uv_size": [7, 4]},
								"east": {"uv": [39, 28], "uv_size": [7, 4]},
								"south": {"uv": [39, 32], "uv_size": [7, 4]},
								"west": {"uv": [0, 40], "uv_size": [7, 4]},
								"up": {"uv": [8, 20], "uv_size": [7, 7]},
								"down": {"uv": [24, 7], "uv_size": [7, -7]}
							}
						},
						{
							"origin": [-4, 24, -4],
							"size": [8, 8, 8],
							"inflate": 0.15,
							"uv": {
								"north": {"uv": [0, 12], "uv_size": [8, 8]},
								"east": {"uv": [8, 12], "uv_size": [8, 8]},
								"south": {"uv": [16, 0], "uv_size": [8, 8]},
								"west": {"uv": [16, 8], "uv_size": [8, 8]},
								"up": {"uv": [16, 16], "uv_size": [8, 8]},
								"down": {"uv": [0, 28], "uv_size": [8, -8]}
							}
						}
					]
				},
				{
					"name": "obshiy",
					"parent": "Head",
					"pivot": [-0.2, 28.3, 0.1]
				},
				{
					"name": "lens",
					"parent": "obshiy",
					"pivot": [2.24766, 28.09367, -4.06337],
					"rotation": [0, 0, 5],
					"cubes": [
						{
							"origin": [2.92809, 28.04215, -4.30139],
							"size": [1.5141, 0.5047, 0.5047],
							"pivot": [3.24226, 28.21173, -3.96628],
							"rotation": [-45, 0, 90],
							"uv": {
								"north": {"uv": [51, 17], "uv_size": [2, 1]},
								"east": {"uv": [55, 28], "uv_size": [1, 1]},
								"south": {"uv": [51, 18], "uv_size": [2, 1]},
								"west": {"uv": [29, 55], "uv_size": [1, 1]},
								"up": {"uv": [51, 19], "uv_size": [2, 1]},
								"down": {"uv": [20, 52], "uv_size": [2, -1]}
							}
						},
						{
							"origin": [2.93454, 27.09277, -4.36142],
							"size": [0.70658, 0.5047, 0.5047],
							"pivot": [3.14132, 27.20233, -3.96628],
							"rotation": [-45, 0, 123],
							"uv": {
								"north": {"uv": [55, 41], "uv_size": [1, 1]},
								"east": {"uv": [42, 55], "uv_size": [1, 1]},
								"south": {"uv": [55, 42], "uv_size": [1, 1]},
								"west": {"uv": [43, 55], "uv_size": [1, 1]},
								"up": {"uv": [55, 43], "uv_size": [1, 1]},
								"down": {"uv": [44, 56], "uv_size": [1, -1]}
							}
						},
						{
							"origin": [2.42474, 26.70418, -4.37658],
							"size": [1.0094, 0.5047, 0.5047],
							"pivot": [2.73756, 26.79857, -3.96628],
							"rotation": [-45, 0, 151],
							"uv": {
								"north": {"uv": [55, 44], "uv_size": [1, 1]},
								"east": {"uv": [45, 55], "uv_size": [1, 1]},
								"south": {"uv": [55, 45], "uv_size": [1, 1]},
								"west": {"uv": [46, 55], "uv_size": [1, 1]},
								"up": {"uv": [55, 46], "uv_size": [1, 1]},
								"down": {"uv": [47, 56], "uv_size": [1, -1]}
							}
						},
						{
							"origin": [1.47887, 26.3617, -4.33693],
							"size": [1.0094, 0.5047, 0.5047],
							"pivot": [1.93004, 26.49575, -3.96628],
							"rotation": [-45, 0, -170],
							"uv": {
								"north": {"uv": [55, 47], "uv_size": [1, 1]},
								"east": {"uv": [48, 55], "uv_size": [1, 1]},
								"south": {"uv": [55, 48], "uv_size": [1, 1]},
								"west": {"uv": [49, 55], "uv_size": [1, 1]},
								"up": {"uv": [55, 49], "uv_size": [1, 1]},
								"down": {"uv": [50, 56], "uv_size": [1, -1]}
							}
						},
						{
							"origin": [0.52797, 26.52774, -4.30109],
							"size": [1.0094, 0.5047, 0.5047],
							"pivot": [1.02158, 26.69763, -3.96628],
							"rotation": [-45, 0, -153],
							"uv": {
								"north": {"uv": [55, 50], "uv_size": [1, 1]},
								"east": {"uv": [51, 55], "uv_size": [1, 1]},
								"south": {"uv": [55, 51], "uv_size": [1, 1]},
								"west": {"uv": [52, 55], "uv_size": [1, 1]},
								"up": {"uv": [55, 52], "uv_size": [1, 1]},
								"down": {"uv": [53, 56], "uv_size": [1, -1]}
							}
						},
						{
							"origin": [0.34998, 27.37835, -4.34418],
							"size": [0.9094, 0.5047, 0.5047],
							"pivot": [0.51688, 27.50515, -3.96628],
							"rotation": [-45, 0, 111],
							"uv": {
								"north": {"uv": [55, 53], "uv_size": [1, 1]},
								"east": {"uv": [54, 55], "uv_size": [1, 1]},
								"south": {"uv": [55, 54], "uv_size": [1, 1]},
								"west": {"uv": [55, 55], "uv_size": [1, 1]},
								"up": {"uv": [0, 56], "uv_size": [1, 1]},
								"down": {"uv": [56, 1], "uv_size": [1, -1]}
							}
						},
						{
							"origin": [0.30478, 28.20484, -4.36314],
							"size": [1.5141, 0.5047, 0.5047],
							"pivot": [1.02158, 28.31267, -3.96628],
							"rotation": [-45, 0, 124.5],
							"uv": {
								"north": {"uv": [51, 20], "uv_size": [2, 1]},
								"east": {"uv": [1, 56], "uv_size": [1, 1]},
								"south": {"uv": [51, 21], "uv_size": [2, 1]},
								"west": {"uv": [56, 1], "uv_size": [1, 1]},
								"up": {"uv": [22, 51], "uv_size": [2, 1]},
								"down": {"uv": [51, 23], "uv_size": [2, -1]}
							}
						},
						{
							"origin": [1.95076, 28.5273, -4.28184],
							"size": [1.5974, 0.5047, 0.5047],
							"pivot": [3.24226, 28.71643, -3.96628],
							"rotation": [-45, 0, 82],
							"uv": {
								"north": {"uv": [55, 29], "uv_size": [1, 1]},
								"east": {"uv": [30, 55], "uv_size": [1, 1]},
								"south": {"uv": [55, 30], "uv_size": [1, 1]},
								"west": {"uv": [31, 55], "uv_size": [1, 1]},
								"up": {"uv": [55, 31], "uv_size": [1, 1]},
								"down": {"uv": [32, 56], "uv_size": [1, -1]}
							}
						},
						{
							"origin": [1.62408, 29.63159, -4.37673],
							"size": [0.9094, 0.5047, 0.5047],
							"pivot": [2.43474, 29.72583, -3.96628],
							"rotation": [-45, 0, 149],
							"uv": {
								"north": {"uv": [55, 35], "uv_size": [1, 1]},
								"east": {"uv": [36, 55], "uv_size": [1, 1]},
								"south": {"uv": [55, 36], "uv_size": [1, 1]},
								"west": {"uv": [37, 55], "uv_size": [1, 1]},
								"up": {"uv": [55, 37], "uv_size": [1, 1]},
								"down": {"uv": [38, 56], "uv_size": [1, -1]}
							}
						},
						{
							"origin": [0.95344, 29.12519, -4.37503],
							"size": [1.0094, 0.5047, 0.5047],
							"pivot": [1.8291, 29.22113, -3.96628],
							"rotation": [-45, 0, 140],
							"uv": {
								"north": {"uv": [55, 38], "uv_size": [1, 1]},
								"east": {"uv": [39, 55], "uv_size": [1, 1]},
								"south": {"uv": [55, 39], "uv_size": [1, 1]},
								"west": {"uv": [40, 55], "uv_size": [1, 1]},
								"up": {"uv": [55, 40], "uv_size": [1, 1]},
								"down": {"uv": [41, 56], "uv_size": [1, -1]}
							}
						},
						{
							"origin": [1.36685, 29.0228, -4.37415],
							"size": [0.80752, 0.5047, 0.5047],
							"pivot": [1.72816, 29.12019, -3.96628],
							"rotation": [-45.0353, -0.36162, 137.49069],
							"uv": {
								"north": {"uv": [2, 56], "uv_size": [1, 1]},
								"east": {"uv": [56, 2], "uv_size": [1, 1]},
								"south": {"uv": [3, 56], "uv_size": [1, 1]},
								"west": {"uv": [56, 3], "uv_size": [1, 1]},
								"up": {"uv": [4, 56], "uv_size": [1, 1]},
								"down": {"uv": [56, 5], "uv_size": [1, -1]}
							}
						},
						{
							"origin": [1.34051, 27.06228, -4.21863],
							"size": [2.0188, 1.41316, 0],
							"uv": {
								"north": {"uv": [51, 23], "uv_size": [2, 1]},
								"east": {"uv": [0, 0], "uv_size": [0, 1]},
								"south": {"uv": [24, 51], "uv_size": [2, 1]},
								"west": {"uv": [0, 0], "uv_size": [0, 1]},
								"up": {"uv": [0, 0], "uv_size": [2, 0]},
								"down": {"uv": [0, 0], "uv_size": [2, 0]}
							}
						},
						{
							"origin": [0.83581, 26.65852, -4.21863],
							"size": [2.0188, 1.11034, 0],
							"uv": {
								"north": {"uv": [51, 24], "uv_size": [2, 1]},
								"east": {"uv": [0, 0], "uv_size": [0, 1]},
								"south": {"uv": [51, 25], "uv_size": [2, 1]},
								"west": {"uv": [0, 0], "uv_size": [0, 1]},
								"up": {"uv": [0, 0], "uv_size": [2, 0]},
								"down": {"uv": [0, 0], "uv_size": [2, 0]}
							}
						},
						{
							"origin": [0.63343, 27.14706, -4.21863],
							"size": [2.0188, 1.11034, 0],
							"pivot": [1.72816, 27.40421, -4.21863],
							"rotation": [0, 0, -54],
							"uv": {
								"north": {"uv": [26, 51], "uv_size": [2, 1]},
								"east": {"uv": [0, 0], "uv_size": [0, 1]},
								"south": {"uv": [51, 26], "uv_size": [2, 1]},
								"west": {"uv": [0, 0], "uv_size": [0, 1]},
								"up": {"uv": [0, 0], "uv_size": [2, 0]},
								"down": {"uv": [0, 0], "uv_size": [2, 0]}
							}
						},
						{
							"origin": [2.12632, 27.43303, -4.21863],
							"size": [1.71598, 1.21128, 0],
							"pivot": [1.72816, 27.40421, -4.21863],
							"rotation": [0, 0, -33],
							"uv": {
								"north": {"uv": [51, 27], "uv_size": [2, 1]},
								"east": {"uv": [0, 0], "uv_size": [0, 1]},
								"south": {"uv": [34, 51], "uv_size": [2, 1]},
								"west": {"uv": [0, 0], "uv_size": [0, 1]},
								"up": {"uv": [0, 0], "uv_size": [2, 0]},
								"down": {"uv": [0, 0], "uv_size": [2, 0]}
							}
						},
						{
							"origin": [1.22944, 26.34984, -4.21863],
							"size": [1.5141, 1.21128, 0],
							"pivot": [1.72816, 27.40421, -4.21863],
							"rotation": [0, 0, -3],
							"uv": {
								"north": {"uv": [36, 51], "uv_size": [2, 1]},
								"east": {"uv": [0, 0], "uv_size": [0, 1]},
								"south": {"uv": [51, 38], "uv_size": [2, 1]},
								"west": {"uv": [0, 0], "uv_size": [0, 1]},
								"up": {"uv": [0, 0], "uv_size": [2, 0]},
								"down": {"uv": [0, 0], "uv_size": [2, 0]}
							}
						},
						{
							"origin": [2.08759, 26.02424, -4.21863],
							"size": [0.5047, 1.0094, 0],
							"pivot": [1.72816, 27.40421, -4.21863],
							"rotation": [0, 0, -43],
							"uv": {
								"north": {"uv": [5, 56], "uv_size": [1, 1]},
								"east": {"uv": [0, 0], "uv_size": [0, 1]},
								"south": {"uv": [56, 5], "uv_size": [1, 1]},
								"west": {"uv": [0, 0], "uv_size": [0, 1]},
								"up": {"uv": [0, 0], "uv_size": [1, 0]},
								"down": {"uv": [0, 0], "uv_size": [1, 0]}
							}
						},
						{
							"origin": [2.29861, 29.14271, -4.21863],
							"size": [0.80752, 0.60564, 0],
							"pivot": [2.90978, 29.54122, -4.21863],
							"rotation": [0, 0, -60],
							"uv": {
								"north": {"uv": [6, 56], "uv_size": [1, 1]},
								"east": {"uv": [0, 0], "uv_size": [0, 1]},
								"south": {"uv": [56, 6], "uv_size": [1, 1]},
								"west": {"uv": [0, 0], "uv_size": [0, 1]},
								"up": {"uv": [0, 0], "uv_size": [1, 0]},
								"down": {"uv": [0, 0], "uv_size": [1, 0]}
							}
						}
					]
				},
				{
					"name": "lens2",
					"parent": "obshiy",
					"pivot": [-2.50234, 28.93367, -3.85737],
					"rotation": [-180, 0, 175],
					"cubes": [
						{
							"origin": [-1.70948, 27.90127, -3.95863],
							"size": [1.5141, 0.5047, 0.5047],
							"pivot": [-1.41274, 28.21173, -3.7644],
							"rotation": [-45, 0, 90],
							"uv": {
								"north": {"uv": [51, 39], "uv_size": [2, 1]},
								"east": {"uv": [7, 56], "uv_size": [1, 1]},
								"south": {"uv": [51, 40], "uv_size": [2, 1]},
								"west": {"uv": [56, 7], "uv_size": [1, 1]},
								"up": {"uv": [51, 41], "uv_size": [2, 1]},
								"down": {"uv": [51, 43], "uv_size": [2, -1]}
							}
						},
						{
							"origin": [-1.59733, 26.98133, -4.04809],
							"size": [0.70658, 0.5047, 0.5047],
							"pivot": [-1.51368, 27.20233, -3.7644],
							"rotation": [-45, 0, 123],
							"uv": {
								"north": {"uv": [8, 56], "uv_size": [1, 1]},
								"east": {"uv": [56, 8], "uv_size": [1, 1]},
								"south": {"uv": [9, 56], "uv_size": [1, 1]},
								"west": {"uv": [56, 9], "uv_size": [1, 1]},
								"up": {"uv": [10, 56], "uv_size": [1, 1]},
								"down": {"uv": [56, 11], "uv_size": [1, -1]}
							}
						},
						{
							"origin": [-2.04755, 26.64666, -4.11718],
							"size": [1.0094, 0.5047, 0.5047],
							"pivot": [-1.91744, 26.79857, -3.7644],
							"rotation": [-45, 0, 151],
							"uv": {
								"north": {"uv": [11, 56], "uv_size": [1, 1]},
								"east": {"uv": [56, 11], "uv_size": [1, 1]},
								"south": {"uv": [12, 56], "uv_size": [1, 1]},
								"west": {"uv": [56, 12], "uv_size": [1, 1]},
								"up": {"uv": [13, 56], "uv_size": [1, 1]},
								"down": {"uv": [56, 14], "uv_size": [1, -1]}
							}
						},
						{
							"origin": [-2.98295, 26.39831, -4.17165],
							"size": [1.0094, 0.5047, 0.5047],
							"pivot": [-2.72496, 26.49575, -3.7644],
							"rotation": [-45, 0, -170],
							"uv": {
								"north": {"uv": [14, 56], "uv_size": [1, 1]},
								"east": {"uv": [56, 14], "uv_size": [1, 1]},
								"south": {"uv": [15, 56], "uv_size": [1, 1]},
								"west": {"uv": [56, 15], "uv_size": [1, 1]},
								"up": {"uv": [16, 56], "uv_size": [1, 1]},
								"down": {"uv": [56, 17], "uv_size": [1, -1]}
							}
						},
						{
							"origin": [-3.95742, 26.60269, -4.17415],
							"size": [1.0094, 0.5047, 0.5047],
							"pivot": [-3.63342, 26.69763, -3.7644],
							"rotation": [-45, 0, -153],
							"uv": {
								"north": {"uv": [17, 56], "uv_size": [1, 1]},
								"east": {"uv": [56, 17], "uv_size": [1, 1]},
								"south": {"uv": [18, 56], "uv_size": [1, 1]},
								"west": {"uv": [56, 18], "uv_size": [1, 1]},
								"up": {"uv": [19, 56], "uv_size": [1, 1]},
								"down": {"uv": [56, 20], "uv_size": [1, -1]}
							}
						},
						{
							"origin": [-4.21734, 27.25124, -4.01519],
							"size": [0.9094, 0.5047, 0.5047],
							"pivot": [-4.13812, 27.50515, -3.7644],
							"rotation": [-45, 0, 111],
							"uv": {
								"north": {"uv": [20, 56], "uv_size": [1, 1]},
								"east": {"uv": [56, 20], "uv_size": [1, 1]},
								"south": {"uv": [21, 56], "uv_size": [1, 1]},
								"west": {"uv": [56, 21], "uv_size": [1, 1]},
								"up": {"uv": [22, 56], "uv_size": [1, 1]},
								"down": {"uv": [56, 23], "uv_size": [1, -1]}
							}
						},
						{
							"origin": [-4.223, 28.09572, -4.05214],
							"size": [1.5141, 0.5047, 0.5047],
							"pivot": [-3.63342, 28.31267, -3.7644],
							"rotation": [-45, 0, 124.5],
							"uv": {
								"north": {"uv": [51, 43], "uv_size": [2, 1]},
								"east": {"uv": [23, 56], "uv_size": [1, 1]},
								"south": {"uv": [51, 44], "uv_size": [2, 1]},
								"west": {"uv": [56, 23], "uv_size": [1, 1]},
								"up": {"uv": [45, 51], "uv_size": [2, 1]},
								"down": {"uv": [51, 46], "uv_size": [2, -1]}
							}
						},
						{
							"origin": [-2.7147, 28.38607, -3.93873],
							"size": [1.5974, 0.5047, 0.5047],
							"pivot": [-1.41274, 28.71643, -3.7644],
							"rotation": [-45, 0, 82],
							"uv": {
								"north": {"uv": [24, 56], "uv_size": [1, 1]},
								"east": {"uv": [56, 24], "uv_size": [1, 1]},
								"south": {"uv": [25, 56], "uv_size": [1, 1]},
								"west": {"uv": [56, 25], "uv_size": [1, 1]},
								"up": {"uv": [26, 56], "uv_size": [1, 1]},
								"down": {"uv": [56, 27], "uv_size": [1, -1]}
							}
						},
						{
							"origin": [-2.75116, 29.56959, -4.11286],
							"size": [0.8094, 0.5047, 0.5047],
							"pivot": [-2.22026, 29.72583, -3.7644],
							"rotation": [-45, 0, 149],
							"uv": {
								"north": {"uv": [30, 56], "uv_size": [1, 1]},
								"east": {"uv": [56, 30], "uv_size": [1, 1]},
								"south": {"uv": [31, 56], "uv_size": [1, 1]},
								"west": {"uv": [56, 31], "uv_size": [1, 1]},
								"up": {"uv": [32, 56], "uv_size": [1, 1]},
								"down": {"uv": [56, 33], "uv_size": [1, -1]}
							}
						},
						{
							"origin": [-3.53773, 29.04407, -4.09204],
							"size": [1.0094, 0.5047, 0.5047],
							"pivot": [-2.8259, 29.22113, -3.7644],
							"rotation": [-45, 0, 140],
							"uv": {
								"north": {"uv": [33, 56], "uv_size": [1, 1]},
								"east": {"uv": [56, 33], "uv_size": [1, 1]},
								"south": {"uv": [34, 56], "uv_size": [1, 1]},
								"west": {"uv": [56, 34], "uv_size": [1, 1]},
								"up": {"uv": [35, 56], "uv_size": [1, 1]},
								"down": {"uv": [56, 36], "uv_size": [1, -1]}
							}
						},
						{
							"origin": [-3.1295, 28.93603, -4.08681],
							"size": [0.80752, 0.5047, 0.5047],
							"pivot": [-2.92684, 29.12019, -3.7644],
							"rotation": [-45.0353, -0.36162, 137.49069],
							"uv": {
								"north": {"uv": [36, 56], "uv_size": [1, 1]},
								"east": {"uv": [56, 36], "uv_size": [1, 1]},
								"south": {"uv": [37, 56], "uv_size": [1, 1]},
								"west": {"uv": [56, 37], "uv_size": [1, 1]},
								"up": {"uv": [38, 56], "uv_size": [1, 1]},
								"down": {"uv": [56, 39], "uv_size": [1, -1]}
							}
						},
						{
							"origin": [-3.61467, 27.04485, -3.51205],
							"size": [2.0188, 1.41316, 0],
							"uv": {
								"north": {"uv": [51, 46], "uv_size": [2, 1]},
								"east": {"uv": [0, 0], "uv_size": [0, 1]},
								"south": {"uv": [47, 51], "uv_size": [2, 1]},
								"west": {"uv": [0, 0], "uv_size": [0, 1]},
								"up": {"uv": [0, 0], "uv_size": [2, 0]},
								"down": {"uv": [0, 0], "uv_size": [2, 0]}
							}
						},
						{
							"origin": [-4.01843, 26.64109, -3.51205],
							"size": [2.0188, 1.11034, 0],
							"uv": {
								"north": {"uv": [51, 47], "uv_size": [2, 1]},
								"east": {"uv": [0, 0], "uv_size": [0, 1]},
								"south": {"uv": [51, 48], "uv_size": [2, 1]},
								"west": {"uv": [0, 0], "uv_size": [0, 1]},
								"up": {"uv": [0, 0], "uv_size": [2, 0]},
								"down": {"uv": [0, 0], "uv_size": [2, 0]}
							}
						},
						{
							"origin": [-4.25372, 27.298, -3.51205],
							"size": [2.0188, 1.11034, 0],
							"pivot": [-3.02778, 27.40421, -3.51205],
							"rotation": [0, 0, -54],
							"uv": {
								"north": {"uv": [49, 51], "uv_size": [2, 1]},
								"east": {"uv": [0, 0], "uv_size": [0, 1]},
								"south": {"uv": [51, 49], "uv_size": [2, 1]},
								"west": {"uv": [0, 0], "uv_size": [0, 1]},
								"up": {"uv": [0, 0], "uv_size": [2, 0]},
								"down": {"uv": [0, 0], "uv_size": [2, 0]}
							}
						},
						{
							"origin": [-2.60433, 27.52692, -3.51205],
							"size": [1.5141, 1.21128, 0],
							"pivot": [-2.8259, 27.40421, -3.51205],
							"rotation": [0, 0, -33],
							"uv": {
								"north": {"uv": [51, 50], "uv_size": [2, 1]},
								"east": {"uv": [0, 0], "uv_size": [0, 1]},
								"south": {"uv": [51, 51], "uv_size": [2, 1]},
								"west": {"uv": [0, 0], "uv_size": [0, 1]},
								"up": {"uv": [0, 0], "uv_size": [2, 0]},
								"down": {"uv": [0, 0], "uv_size": [2, 0]}
							}
						},
						{
							"origin": [-2.14219, 28.54531, -3.51205],
							"size": [0.5047, 1.21128, 0],
							"pivot": [-2.31966, 28.75601, -3.51205],
							"rotation": [0, 0, 2],
							"uv": {
								"north": {"uv": [41, 56], "uv_size": [1, 1]},
								"east": {"uv": [0, 0], "uv_size": [0, 1]},
								"south": {"uv": [56, 41], "uv_size": [1, 1]},
								"west": {"uv": [0, 0], "uv_size": [0, 1]},
								"up": {"uv": [0, 0], "uv_size": [1, 0]},
								"down": {"uv": [0, 0], "uv_size": [1, 0]}
							}
						},
						{
							"origin": [-3.72638, 26.34286, -3.51205],
							"size": [1.5141, 1.21128, 0],
							"pivot": [-3.02778, 27.40421, -3.51205],
							"rotation": [0, 0, -3],
							"uv": {
								"north": {"uv": [0, 52], "uv_size": [2, 1]},
								"east": {"uv": [0, 0], "uv_size": [0, 1]},
								"south": {"uv": [2, 52], "uv_size": [2, 1]},
								"west": {"uv": [0, 0], "uv_size": [0, 1]},
								"up": {"uv": [0, 0], "uv_size": [2, 0]},
								"down": {"uv": [0, 0], "uv_size": [2, 0]}
							}
						},
						{
							"origin": [-2.82595, 26.14737, -3.51205],
							"size": [0.5047, 1.0094, 0],
							"pivot": [-3.02778, 27.40421, -3.51205],
							"rotation": [0, 0, -43],
							"uv": {
								"north": {"uv": [39, 56], "uv_size": [1, 1]},
								"east": {"uv": [0, 0], "uv_size": [0, 1]},
								"south": {"uv": [56, 39], "uv_size": [1, 1]},
								"west": {"uv": [0, 0], "uv_size": [0, 1]},
								"up": {"uv": [0, 0], "uv_size": [1, 0]},
								"down": {"uv": [0, 0], "uv_size": [1, 0]}
							}
						},
						{
							"origin": [-2.47111, 29.30654, -4.01675],
							"size": [0.80752, 0.60564, 0],
							"pivot": [-1.74522, 29.54122, -4.01675],
							"rotation": [0, 0, -60],
							"uv": {
								"north": {"uv": [40, 56], "uv_size": [1, 1]},
								"east": {"uv": [0, 0], "uv_size": [0, 1]},
								"south": {"uv": [56, 40], "uv_size": [1, 1]},
								"west": {"uv": [0, 0], "uv_size": [0, 1]},
								"up": {"uv": [0, 0], "uv_size": [1, 0]},
								"down": {"uv": [0, 0], "uv_size": [1, 0]}
							}
						}
					]
				},
				{
					"name": "RightArm",
					"parent": "Body",
					"pivot": [-5, 22, 0],
					"cubes": [
						{
							"origin": [-8, 12, -2],
							"size": [4, 12, 4],
							"inflate": 0.15,
							"uv": {
								"north": {"uv": [27, 31], "uv_size": [4, 12]},
								"east": {"uv": [31, 31], "uv_size": [4, 12]},
								"south": {"uv": [32, 0], "uv_size": [4, 12]},
								"west": {"uv": [32, 12], "uv_size": [4, 12]},
								"up": {"uv": [39, 44], "uv_size": [4, 4]},
								"down": {"uv": [43, 48], "uv_size": [4, -4]}
							}
						},
						{
							"origin": [-8.5, 19.5, -2.3],
							"size": [4.4, 4.1, 2.6],
							"inflate": 0.15,
							"uv": {
								"north": {"uv": [40, 15], "uv_size": [5, 4]},
								"east": {"uv": [16, 40], "uv_size": [5, 4]},
								"south": {"uv": [40, 19], "uv_size": [5, 4]},
								"west": {"uv": [35, 40], "uv_size": [5, 4]},
								"up": {"uv": [40, 0], "uv_size": [5, 5]},
								"down": {"uv": [40, 10], "uv_size": [5, -5]}
							}
						},
						{
							"origin": [-8.5, 19.5, 0.7],
							"size": [5, 4.1, 1.5],
							"inflate": 0.15,
							"uv": {
								"north": {"uv": [40, 15], "uv_size": [5, 4]},
								"east": {"uv": [16, 40], "uv_size": [5, 4]},
								"south": {"uv": [40, 19], "uv_size": [5, 4]},
								"west": {"uv": [35, 40], "uv_size": [5, 4]},
								"up": {"uv": [40, 0], "uv_size": [5, 5]},
								"down": {"uv": [40, 10], "uv_size": [5, -5]}
							}
						},
						{
							"origin": [-8.2, 16.2, -2.1],
							"size": [4.4, 4, 4.2],
							"inflate": 0.15,
							"uv": {
								"north": {"uv": [45, 4], "uv_size": [4, 4]},
								"east": {"uv": [8, 45], "uv_size": [4, 4]},
								"south": {"uv": [45, 8], "uv_size": [4, 4]},
								"west": {"uv": [45, 12], "uv_size": [4, 4]},
								"up": {"uv": [45, 16], "uv_size": [4, 4]},
								"down": {"uv": [45, 24], "uv_size": [4, -4]}
							}
						},
						{
							"origin": [-8.2, 12.5, -0.9],
							"size": [0.5, 1.8, 2.1],
							"uv": {
								"north": {"uv": [14, 33], "uv_size": [1, 3]},
								"east": {"uv": [12, 27], "uv_size": [3, 3]},
								"south": {"uv": [20, 44], "uv_size": [1, 3]},
								"west": {"uv": [12, 30], "uv_size": [3, 3]},
								"up": {"uv": [45, 48], "uv_size": [1, 3]},
								"down": {"uv": [46, 51], "uv_size": [1, -3]}
							}
						},
						{
							"origin": [-8.2, 14.2, -0.7],
							"size": [0.5, 0.8, 1.7],
							"uv": {
								"north": {"uv": [14, 33], "uv_size": [1, 3]},
								"east": {"uv": [12, 27], "uv_size": [3, 3]},
								"south": {"uv": [20, 44], "uv_size": [1, 3]},
								"west": {"uv": [12, 30], "uv_size": [3, 3]},
								"up": {"uv": [45, 48], "uv_size": [1, 3]},
								"down": {"uv": [46, 51], "uv_size": [1, -3]}
							}
						}
					]
				},
				{
					"name": "LeftArm",
					"parent": "Body",
					"pivot": [5, 22, 0],
					"cubes": [
						{
							"origin": [4, 12, -2],
							"size": [4, 12, 4],
							"inflate": 0.15,
							"uv": {
								"north": {"uv": [35, 24], "uv_size": [4, 12]},
								"east": {"uv": [36, 0], "uv_size": [4, 12]},
								"south": {"uv": [12, 36], "uv_size": [4, 12]},
								"west": {"uv": [36, 12], "uv_size": [4, 12]},
								"up": {"uv": [45, 0], "uv_size": [4, 4]},
								"down": {"uv": [4, 49], "uv_size": [4, -4]}
							}
						},
						{
							"origin": [4, 19.5, -2.3],
							"size": [4.5, 4.1, 2.6],
							"inflate": 0.15,
							"uv": {
								"north": {"uv": [40, 40], "uv_size": [5, 4]},
								"east": {"uv": [21, 43], "uv_size": [5, 4]},
								"south": {"uv": [26, 43], "uv_size": [5, 4]},
								"west": {"uv": [43, 36], "uv_size": [5, 4]},
								"up": {"uv": [7, 40], "uv_size": [5, 5]},
								"down": {"uv": [40, 15], "uv_size": [5, -5]}
							}
						},
						{
							"origin": [3.5, 19.5, 0.7],
							"size": [5, 4.1, 1.5],
							"inflate": 0.15,
							"uv": {
								"north": {"uv": [40, 40], "uv_size": [5, 4]},
								"east": {"uv": [21, 43], "uv_size": [5, 4]},
								"south": {"uv": [26, 43], "uv_size": [5, 4]},
								"west": {"uv": [43, 36], "uv_size": [5, 4]},
								"up": {"uv": [7, 40], "uv_size": [5, 5]},
								"down": {"uv": [40, 15], "uv_size": [5, -5]}
							}
						},
						{
							"origin": [3.8, 16.2, -2.1],
							"size": [4.4, 4, 4.2],
							"inflate": 0.15,
							"uv": {
								"north": {"uv": [45, 40], "uv_size": [4, 4]},
								"east": {"uv": [46, 28], "uv_size": [4, 4]},
								"south": {"uv": [46, 32], "uv_size": [4, 4]},
								"west": {"uv": [20, 47], "uv_size": [4, 4]},
								"up": {"uv": [24, 47], "uv_size": [4, 4]},
								"down": {"uv": [47, 28], "uv_size": [4, -4]}
							}
						},
						{
							"origin": [7.7, 12.5, -0.9],
							"size": [0.5, 1.8, 2.1],
							"uv": {
								"north": {"uv": [47, 48], "uv_size": [1, 3]},
								"east": {"uv": [32, 24], "uv_size": [3, 3]},
								"south": {"uv": [48, 48], "uv_size": [1, 3]},
								"west": {"uv": [32, 27], "uv_size": [3, 3]},
								"up": {"uv": [49, 0], "uv_size": [1, 3]},
								"down": {"uv": [49, 6], "uv_size": [1, -3]}
							}
						},
						{
							"origin": [7.7, 14.2, -0.7],
							"size": [0.5, 0.8, 1.7],
							"uv": {
								"north": {"uv": [47, 48], "uv_size": [1, 3]},
								"east": {"uv": [32, 24], "uv_size": [3, 3]},
								"south": {"uv": [48, 48], "uv_size": [1, 3]},
								"west": {"uv": [32, 27], "uv_size": [3, 3]},
								"up": {"uv": [49, 0], "uv_size": [1, 3]},
								"down": {"uv": [49, 6], "uv_size": [1, -3]}
							}
						}
					]
				}
			]
		}
	]
}