{
	"format_version": "1.12.0",
	"minecraft:geometry": [
		{
			"description": {
				"identifier": "geometry.mc_miles",
				"texture_width": 128,
				"texture_height": 128,
				"visible_bounds_width": 3,
				"visible_bounds_height": 3.5,
				"visible_bounds_offset": [0, 1.25, 0]
			},
			"bones": [
				{
					"name": "root",
					"pivot": [0, 0, 0]
				},
				{
					"name": "RightLeg",
					"parent": "root",
					"pivot": [-1.9, 12, 0],
					"cubes": [
						{
							"origin": [-3.9, 0, -2],
							"size": [4, 12, 4],
							"inflate": 0.15,
							"uv": {
								"north": {"uv": [16, 24], "uv_size": [4, 12]},
								"east": {"uv": [20, 24], "uv_size": [4, 12]},
								"south": {"uv": [24, 24], "uv_size": [4, 12]},
								"west": {"uv": [0, 28], "uv_size": [4, 12]},
								"up": {"uv": [53, 23], "uv_size": [4, 4]},
								"down": {"uv": [0, 58], "uv_size": [4, -4]}
							}
						}
					]
				},
				{
					"name": "LeftLeg",
					"parent": "root",
					"pivot": [1.9, 12, 0],
					"cubes": [
						{
							"origin": [-0.1, 0, -2],
							"size": [4, 12, 4],
							"inflate": 0.15,
							"uv": {
								"north": {"uv": [28, 0], "uv_size": [4, 12]},
								"east": {"uv": [4, 28], "uv_size": [4, 12]},
								"south": {"uv": [28, 12], "uv_size": [4, 12]},
								"west": {"uv": [28, 24], "uv_size": [4, 12]},
								"up": {"uv": [4, 54], "uv_size": [4, 4]},
								"down": {"uv": [8, 58], "uv_size": [4, -4]}
							}
						}
					]
				},
				{
					"name": "waist",
					"parent": "root",
					"pivot": [0, 0, 0]
				},
				{
					"name": "Body",
					"parent": "waist",
					"pivot": [0, 24, 0],
					"cubes": [
						{
							"origin": [-4, 12, -2],
							"size": [8, 12, 4],
							"inflate": 0.15,
							"uv": {
								"north": {"uv": [7.5, 94], "uv_size": [17, 20.5]},
								"east": {"uv": [17, 12], "uv_size": [4, 10]},
								"south": {"uv": [17, 12], "uv_size": [4, 10]},
								"west": {"uv": [17, 12], "uv_size": [4, 10]},
								"up": {"uv": [21, 22], "uv_size": [-4, -10]},
								"down": {"uv": [21, 22], "uv_size": [-4, -10]}
							}
						},
						{
							"origin": [-3.56189, 21.00397, -2.45],
							"size": [0.25, 1.5, 4],
							"uv": {
								"north": {"uv": [1, 0], "uv_size": [4, 10]},
								"east": {"uv": [1, 0], "uv_size": [4, 10]},
								"south": {"uv": [1, 0], "uv_size": [4, 10]},
								"west": {"uv": [1, 0], "uv_size": [4, 10]},
								"up": {"uv": [5, 10], "uv_size": [-4, -10]},
								"down": {"uv": [5, 10], "uv_size": [-4, -10]}
							}
						},
						{
							"origin": [-3.72718, 20.9947, -2.45],
							"size": [0.25, 1.5, 4],
							"pivot": [-3.60218, 21.7447, -0.45],
							"rotation": [0, 0, 12.5],
							"uv": {
								"north": {"uv": [1, 0], "uv_size": [4, 10]},
								"east": {"uv": [1, 0], "uv_size": [4, 10]},
								"south": {"uv": [1, 0], "uv_size": [4, 10]},
								"west": {"uv": [1, 0], "uv_size": [4, 10]},
								"up": {"uv": [5, 10], "uv_size": [-4, -10]},
								"down": {"uv": [5, 10], "uv_size": [-4, -10]}
							}
						},
						{
							"origin": [3.47718, 20.9947, -2.45],
							"size": [0.25, 1.5, 4],
							"pivot": [3.60218, 21.7447, -0.45],
							"rotation": [0, 0, -12.5],
							"uv": {
								"north": {"uv": [5, 0], "uv_size": [-4, 10]},
								"east": {"uv": [5, 0], "uv_size": [-4, 10]},
								"south": {"uv": [5, 0], "uv_size": [-4, 10]},
								"west": {"uv": [5, 0], "uv_size": [-4, 10]},
								"up": {"uv": [1, 10], "uv_size": [4, -10]},
								"down": {"uv": [1, 10], "uv_size": [4, -10]}
							}
						},
						{
							"origin": [1.6104, 19.85278, -2.45],
							"size": [0.5, 2.3, 4],
							"pivot": [2.09506, 18.21587, -0.45],
							"rotation": [0, 0, 27.5],
							"uv": {
								"north": {"uv": [5, 0], "uv_size": [-4, 10]},
								"east": {"uv": [5, 0], "uv_size": [-4, 10]},
								"south": {"uv": [5, 0], "uv_size": [-4, 10]},
								"west": {"uv": [5, 0], "uv_size": [-4, 10]},
								"up": {"uv": [1, 10], "uv_size": [4, -10]},
								"down": {"uv": [1, 10], "uv_size": [4, -10]}
							}
						},
						{
							"origin": [1.12408, 17.95725, -1.55],
							"size": [0.5, 2.5, 4],
							"pivot": [2.37408, 21.70725, 0.45],
							"rotation": [0, 0, 2.5],
							"uv": {
								"north": {"uv": [1, 0], "uv_size": [4, 10]},
								"east": {"uv": [1, 0], "uv_size": [4, 10]},
								"south": {"uv": [1, 0], "uv_size": [4, 10]},
								"west": {"uv": [1, 0], "uv_size": [4, 10]},
								"up": {"uv": [1, 0], "uv_size": [4, 10]},
								"down": {"uv": [1, 0], "uv_size": [4, 10]}
							}
						},
						{
							"origin": [-1.62408, 17.95725, -1.55],
							"size": [0.5, 2.5, 4],
							"pivot": [-2.37408, 21.70725, 0.45],
							"rotation": [0, 0, -2.5],
							"uv": {
								"north": {"uv": [5, 0], "uv_size": [-4, 10]},
								"east": {"uv": [5, 0], "uv_size": [-4, 10]},
								"south": {"uv": [5, 0], "uv_size": [-4, 10]},
								"west": {"uv": [5, 0], "uv_size": [-4, 10]},
								"up": {"uv": [5, 0], "uv_size": [-4, 10]},
								"down": {"uv": [5, 0], "uv_size": [-4, 10]}
							}
						},
						{
							"origin": [1.56966, 19.3, -1.55],
							"size": [1.25, 2.8, 4],
							"pivot": [2.31966, 20.31757, 0.45],
							"rotation": [0, 0, 62.5],
							"uv": {
								"north": {"uv": [1, 0], "uv_size": [4, 10]},
								"east": {"uv": [1, 0], "uv_size": [4, 10]},
								"south": {"uv": [1, 0], "uv_size": [4, 10]},
								"west": {"uv": [1, 0], "uv_size": [4, 10]},
								"up": {"uv": [1, 0], "uv_size": [4, 10]},
								"down": {"uv": [1, 0], "uv_size": [4, 10]}
							}
						},
						{
							"origin": [-2.81966, 19.3, -1.55],
							"size": [1.25, 2.8, 4],
							"pivot": [-2.31966, 20.31757, 0.45],
							"rotation": [0, 0, -62.5],
							"uv": {
								"north": {"uv": [5, 0], "uv_size": [-4, 10]},
								"east": {"uv": [5, 0], "uv_size": [-4, 10]},
								"south": {"uv": [5, 0], "uv_size": [-4, 10]},
								"west": {"uv": [5, 0], "uv_size": [-4, 10]},
								"up": {"uv": [5, 0], "uv_size": [-4, 10]},
								"down": {"uv": [5, 0], "uv_size": [-4, 10]}
							}
						},
						{
							"origin": [-1.99234, 19.99651, -2.45],
							"size": [0.5, 2.3, 4],
							"pivot": [-1.74234, 18.04651, -0.45],
							"rotation": [0, 0, -27.5],
							"uv": {
								"north": {"uv": [1, 0], "uv_size": [4, 10]},
								"east": {"uv": [1, 0], "uv_size": [4, 10]},
								"south": {"uv": [1, 0], "uv_size": [4, 10]},
								"west": {"uv": [1, 0], "uv_size": [4, 10]},
								"up": {"uv": [5, 10], "uv_size": [-4, -10]},
								"down": {"uv": [5, 10], "uv_size": [-4, -10]}
							}
						},
						{
							"origin": [3.31189, 21.00397, -2.45],
							"size": [0.25, 1.5, 4],
							"uv": {
								"north": {"uv": [5, 0], "uv_size": [-4, 10]},
								"east": {"uv": [5, 0], "uv_size": [-4, 10]},
								"south": {"uv": [5, 0], "uv_size": [-4, 10]},
								"west": {"uv": [5, 0], "uv_size": [-4, 10]},
								"up": {"uv": [1, 10], "uv_size": [4, -10]},
								"down": {"uv": [1, 10], "uv_size": [4, -10]}
							}
						},
						{
							"origin": [-2.65488, 16.6416, -2.20864],
							"size": [5.436, 6.6672, 0],
							"uv": {
								"north": {"uv": [74, 51], "uv_size": [54, 77]},
								"east": {"uv": [74, 51], "uv_size": [54, 77]},
								"south": {"uv": [0, 127], "uv_size": [1, 1]},
								"west": {"uv": [0, 127], "uv_size": [1, 1]},
								"up": {"uv": [1, 128], "uv_size": [-1, -1]},
								"down": {"uv": [1, 128], "uv_size": [-1, -1]}
							}
						}
					]
				},
				{
					"name": "Head",
					"parent": "Body",
					"pivot": [0, 24, 0],
					"cubes": [
						{
							"origin": [-4, 24, -4],
							"size": [8, 8, 8.2],
							"inflate": 0.15,
							"uv": {
								"north": {"uv": [30, 89], "uv_size": [19.5, 19.5]},
								"east": {"uv": [111.08894, 0], "uv_size": [16.91106, 16.9111]},
								"south": {"uv": [111.0889, 0], "uv_size": [16.9111, 16.9111]},
								"west": {"uv": [111.0889, 0], "uv_size": [16.9111, 16.9111]},
								"up": {"uv": [128, 16.9111], "uv_size": [-16.9111, -16.9111]},
								"down": {"uv": [128, 16.9111], "uv_size": [-16.9111, -16.9111]}
							}
						}
					]
				},
				{
					"name": "kozla2",
					"parent": "Head",
					"pivot": [-2.2281, 28.02882, -3.94008],
					"rotation": [0, 180, 0],
					"cubes": [
						{
							"origin": [-3.86609, 27.60858, -4.35311],
							"size": [0.294, 1.176, 0.784],
							"pivot": [-3.76809, 28.00058, -3.37311],
							"rotation": [0, 0, 37],
							"uv": {
								"north": {"uv": [69, 3], "uv_size": [1, 1]},
								"east": {"uv": [4, 69], "uv_size": [1, 1]},
								"south": {"uv": [69, 4], "uv_size": [1, 1]},
								"west": {"uv": [5, 69], "uv_size": [1, 1]},
								"up": {"uv": [69, 5], "uv_size": [1, 1]},
								"down": {"uv": [6, 70], "uv_size": [1, -1]}
							}
						},
						{
							"origin": [-4.12924, 26.82133, -4.35311],
							"size": [0.294, 0.882, 0.784],
							"pivot": [-3.83524, 27.21333, -3.96111],
							"rotation": [0.54676, 0.28954, 9.48227],
							"uv": {
								"north": {"uv": [69, 3], "uv_size": [1, 1]},
								"east": {"uv": [4, 69], "uv_size": [1, 1]},
								"south": {"uv": [69, 4], "uv_size": [1, 1]},
								"west": {"uv": [5, 69], "uv_size": [1, 1]},
								"up": {"uv": [69, 5], "uv_size": [1, 1]},
								"down": {"uv": [6, 70], "uv_size": [1, -1]}
							}
						},
						{
							"origin": [-4.35609, 28.58858, -4.35311],
							"size": [0.196, 1.176, 0.588],
							"pivot": [-3.76809, 27.90258, -3.37311],
							"rotation": [0, 0, 69],
							"uv": {
								"north": {"uv": [69, 6], "uv_size": [1, 1]},
								"east": {"uv": [7, 69], "uv_size": [1, 1]},
								"south": {"uv": [69, 7], "uv_size": [1, 1]},
								"west": {"uv": [8, 69], "uv_size": [1, 1]},
								"up": {"uv": [69, 8], "uv_size": [1, 1]},
								"down": {"uv": [9, 70], "uv_size": [1, -1]}
							}
						},
						{
							"origin": [-4.25809, 28.49058, -4.35311],
							"size": [0.294, 1.274, 0.784],
							"pivot": [-3.67009, 27.90258, -3.37311],
							"rotation": [0, 0, 66],
							"uv": {
								"north": {"uv": [69, 9], "uv_size": [1, 1]},
								"east": {"uv": [10, 69], "uv_size": [1, 1]},
								"south": {"uv": [69, 10], "uv_size": [1, 1]},
								"west": {"uv": [11, 69], "uv_size": [1, 1]},
								"up": {"uv": [69, 11], "uv_size": [1, 1]},
								"down": {"uv": [12, 70], "uv_size": [1, -1]}
							}
						},
						{
							"origin": [-1.53507, 28.55156, -4.35311],
							"size": [0.49, 1.274, 0.784],
							"pivot": [-1.29007, 29.18856, -3.96111],
							"rotation": [0, 0, 81],
							"uv": {
								"north": {"uv": [69, 9], "uv_size": [1, 1]},
								"east": {"uv": [10, 69], "uv_size": [1, 1]},
								"south": {"uv": [69, 10], "uv_size": [1, 1]},
								"west": {"uv": [11, 69], "uv_size": [1, 1]},
								"up": {"uv": [69, 11], "uv_size": [1, 1]},
								"down": {"uv": [12, 70], "uv_size": [1, -1]}
							}
						},
						{
							"origin": [-4.16009, 28.39258, -4.25511],
							"size": [2.45, 1.372, 0.588],
							"pivot": [-3.76809, 27.90258, -3.27511],
							"rotation": [0, 0, 62],
							"uv": {
								"north": {"uv": [24, 67], "uv_size": [2, 1]},
								"east": {"uv": [69, 39], "uv_size": [1, 1]},
								"south": {"uv": [67, 27], "uv_size": [2, 1]},
								"west": {"uv": [40, 69], "uv_size": [1, 1]},
								"up": {"uv": [32, 67], "uv_size": [2, 1]},
								"down": {"uv": [67, 34], "uv_size": [2, -1]}
							}
						},
						{
							"origin": [-3.76809, 26.92258, -4.25511],
							"size": [1.96, 1.568, 0.588],
							"pivot": [-3.76809, 27.90258, -3.27511],
							"rotation": [0, 0, 21],
							"uv": {
								"north": {"uv": [34, 67], "uv_size": [2, 1]},
								"east": {"uv": [69, 40], "uv_size": [1, 1]},
								"south": {"uv": [67, 34], "uv_size": [2, 1]},
								"west": {"uv": [41, 69], "uv_size": [1, 1]},
								"up": {"uv": [67, 39], "uv_size": [2, 1]},
								"down": {"uv": [67, 46], "uv_size": [2, -1]}
							}
						},
						{
							"origin": [-2.63133, 28.39258, -4.25511],
							"size": [1.862, 0.98, 0.588],
							"pivot": [-1.70033, 28.69302, -3.96111],
							"rotation": [0, 0, 154],
							"uv": {
								"north": {"uv": [67, 46], "uv_size": [2, 1]},
								"east": {"uv": [69, 41], "uv_size": [1, 1]},
								"south": {"uv": [67, 47], "uv_size": [2, 1]},
								"west": {"uv": [42, 69], "uv_size": [1, 1]},
								"up": {"uv": [67, 48], "uv_size": [2, 1]},
								"down": {"uv": [50, 68], "uv_size": [2, -1]}
							}
						},
						{
							"origin": [-3.67009, 25.15858, -4.25511],
							"size": [1.568, 1.47, 0.588],
							"pivot": [-3.76809, 27.90258, -3.27511],
							"rotation": [0, 0, -67],
							"uv": {
								"north": {"uv": [69, 42], "uv_size": [1, 1]},
								"east": {"uv": [43, 69], "uv_size": [1, 1]},
								"south": {"uv": [69, 43], "uv_size": [1, 1]},
								"west": {"uv": [44, 69], "uv_size": [1, 1]},
								"up": {"uv": [69, 44], "uv_size": [1, 1]},
								"down": {"uv": [45, 70], "uv_size": [1, -1]}
							}
						},
						{
							"origin": [-4.69909, 29.47058, -4.35311],
							"size": [0.392, 0.686, 0.784],
							"pivot": [-3.76809, 27.90258, -3.37311],
							"rotation": [0, 0, 77],
							"uv": {
								"north": {"uv": [69, 12], "uv_size": [1, 1]},
								"east": {"uv": [13, 69], "uv_size": [1, 1]},
								"south": {"uv": [69, 13], "uv_size": [1, 1]},
								"west": {"uv": [14, 69], "uv_size": [1, 1]},
								"up": {"uv": [69, 14], "uv_size": [1, 1]},
								"down": {"uv": [15, 70], "uv_size": [1, -1]}
							}
						},
						{
							"origin": [-0.82809, 28.00058, -4.35311],
							"size": [0.294, 1.568, 0.784],
							"uv": {
								"north": {"uv": [69, 24], "uv_size": [1, 1]},
								"east": {"uv": [25, 69], "uv_size": [1, 1]},
								"south": {"uv": [69, 25], "uv_size": [1, 1]},
								"west": {"uv": [26, 69], "uv_size": [1, 1]},
								"up": {"uv": [69, 26], "uv_size": [1, 1]},
								"down": {"uv": [27, 70], "uv_size": [1, -1]}
							}
						},
						{
							"origin": [-1.22009, 28.09858, -4.35311],
							"size": [0.294, 1.176, 0.784],
							"pivot": [-3.86609, 27.51058, -3.37311],
							"rotation": [0, 0, 19],
							"uv": {
								"north": {"uv": [69, 27], "uv_size": [1, 1]},
								"east": {"uv": [28, 69], "uv_size": [1, 1]},
								"south": {"uv": [69, 28], "uv_size": [1, 1]},
								"west": {"uv": [29, 69], "uv_size": [1, 1]},
								"up": {"uv": [69, 29], "uv_size": [1, 1]},
								"down": {"uv": [30, 70], "uv_size": [1, -1]}
							}
						},
						{
							"origin": [-1.83737, 26.03115, -4.35311],
							"size": [0.294, 1.666, 0.784],
							"pivot": [-1.63729, 26.6906, -3.96111],
							"rotation": [0, 0, 53],
							"uv": {
								"north": {"uv": [69, 30], "uv_size": [1, 1]},
								"east": {"uv": [31, 69], "uv_size": [1, 1]},
								"south": {"uv": [69, 31], "uv_size": [1, 1]},
								"west": {"uv": [32, 69], "uv_size": [1, 1]},
								"up": {"uv": [69, 32], "uv_size": [1, 1]},
								"down": {"uv": [33, 70], "uv_size": [1, -1]}
							}
						},
						{
							"origin": [-3.37609, 27.51058, -4.35311],
							"size": [0.196, 2.156, 0.784],
							"pivot": [-3.86609, 27.51058, -3.37311],
							"rotation": [0, 0, 108],
							"uv": {
								"north": {"uv": [69, 36], "uv_size": [1, 1]},
								"east": {"uv": [37, 69], "uv_size": [1, 1]},
								"south": {"uv": [69, 37], "uv_size": [1, 1]},
								"west": {"uv": [38, 69], "uv_size": [1, 1]},
								"up": {"uv": [69, 38], "uv_size": [1, 1]},
								"down": {"uv": [39, 70], "uv_size": [1, -1]}
							}
						}
					]
				},
				{
					"name": "kozla3",
					"parent": "Head",
					"pivot": [2.2719, 28.02882, -3.94008],
					"cubes": [
						{
							"origin": [0.63391, 27.60858, -4.35311],
							"size": [0.294, 1.176, 0.784],
							"pivot": [0.73191, 28.00058, -3.37311],
							"rotation": [0, 0, 37],
							"uv": {
								"north": {"uv": [69, 3], "uv_size": [1, 1]},
								"east": {"uv": [4, 69], "uv_size": [1, 1]},
								"south": {"uv": [69, 4], "uv_size": [1, 1]},
								"west": {"uv": [5, 69], "uv_size": [1, 1]},
								"up": {"uv": [69, 5], "uv_size": [1, 1]},
								"down": {"uv": [6, 70], "uv_size": [1, -1]}
							}
						},
						{
							"origin": [0.37076, 26.82133, -4.35311],
							"size": [0.294, 0.882, 0.784],
							"pivot": [0.66476, 27.21333, -3.96111],
							"rotation": [0.54676, 0.28954, 9.48227],
							"uv": {
								"north": {"uv": [69, 3], "uv_size": [1, 1]},
								"east": {"uv": [4, 69], "uv_size": [1, 1]},
								"south": {"uv": [69, 4], "uv_size": [1, 1]},
								"west": {"uv": [5, 69], "uv_size": [1, 1]},
								"up": {"uv": [69, 5], "uv_size": [1, 1]},
								"down": {"uv": [6, 70], "uv_size": [1, -1]}
							}
						},
						{
							"origin": [0.14391, 28.58858, -4.35311],
							"size": [0.196, 1.176, 0.588],
							"pivot": [0.73191, 27.90258, -3.37311],
							"rotation": [0, 0, 69],
							"uv": {
								"north": {"uv": [69, 6], "uv_size": [1, 1]},
								"east": {"uv": [7, 69], "uv_size": [1, 1]},
								"south": {"uv": [69, 7], "uv_size": [1, 1]},
								"west": {"uv": [8, 69], "uv_size": [1, 1]},
								"up": {"uv": [69, 8], "uv_size": [1, 1]},
								"down": {"uv": [9, 70], "uv_size": [1, -1]}
							}
						},
						{
							"origin": [0.24191, 28.49058, -4.35311],
							"size": [0.294, 1.274, 0.784],
							"pivot": [0.82991, 27.90258, -3.37311],
							"rotation": [0, 0, 66],
							"uv": {
								"north": {"uv": [69, 9], "uv_size": [1, 1]},
								"east": {"uv": [10, 69], "uv_size": [1, 1]},
								"south": {"uv": [69, 10], "uv_size": [1, 1]},
								"west": {"uv": [11, 69], "uv_size": [1, 1]},
								"up": {"uv": [69, 11], "uv_size": [1, 1]},
								"down": {"uv": [12, 70], "uv_size": [1, -1]}
							}
						},
						{
							"origin": [2.96493, 28.55156, -4.35311],
							"size": [0.49, 1.274, 0.784],
							"pivot": [3.20993, 29.18856, -3.96111],
							"rotation": [0, 0, 81],
							"uv": {
								"north": {"uv": [69, 9], "uv_size": [1, 1]},
								"east": {"uv": [10, 69], "uv_size": [1, 1]},
								"south": {"uv": [69, 10], "uv_size": [1, 1]},
								"west": {"uv": [11, 69], "uv_size": [1, 1]},
								"up": {"uv": [69, 11], "uv_size": [1, 1]},
								"down": {"uv": [12, 70], "uv_size": [1, -1]}
							}
						},
						{
							"origin": [0.33991, 28.39258, -4.25511],
							"size": [2.45, 1.372, 0.588],
							"pivot": [0.73191, 27.90258, -3.27511],
							"rotation": [0, 0, 62],
							"uv": {
								"north": {"uv": [24, 67], "uv_size": [2, 1]},
								"east": {"uv": [69, 39], "uv_size": [1, 1]},
								"south": {"uv": [67, 27], "uv_size": [2, 1]},
								"west": {"uv": [40, 69], "uv_size": [1, 1]},
								"up": {"uv": [32, 67], "uv_size": [2, 1]},
								"down": {"uv": [67, 34], "uv_size": [2, -1]}
							}
						},
						{
							"origin": [0.73191, 26.92258, -4.25511],
							"size": [1.96, 1.568, 0.588],
							"pivot": [0.73191, 27.90258, -3.27511],
							"rotation": [0, 0, 21],
							"uv": {
								"north": {"uv": [34, 67], "uv_size": [2, 1]},
								"east": {"uv": [69, 40], "uv_size": [1, 1]},
								"south": {"uv": [67, 34], "uv_size": [2, 1]},
								"west": {"uv": [41, 69], "uv_size": [1, 1]},
								"up": {"uv": [67, 39], "uv_size": [2, 1]},
								"down": {"uv": [67, 46], "uv_size": [2, -1]}
							}
						},
						{
							"origin": [1.86867, 28.39258, -4.25511],
							"size": [1.862, 0.98, 0.588],
							"pivot": [2.79967, 28.69302, -3.96111],
							"rotation": [0, 0, 154],
							"uv": {
								"north": {"uv": [67, 46], "uv_size": [2, 1]},
								"east": {"uv": [69, 41], "uv_size": [1, 1]},
								"south": {"uv": [67, 47], "uv_size": [2, 1]},
								"west": {"uv": [42, 69], "uv_size": [1, 1]},
								"up": {"uv": [67, 48], "uv_size": [2, 1]},
								"down": {"uv": [50, 68], "uv_size": [2, -1]}
							}
						},
						{
							"origin": [0.82991, 25.15858, -4.25511],
							"size": [1.568, 1.47, 0.588],
							"pivot": [0.73191, 27.90258, -3.27511],
							"rotation": [0, 0, -67],
							"uv": {
								"north": {"uv": [69, 42], "uv_size": [1, 1]},
								"east": {"uv": [43, 69], "uv_size": [1, 1]},
								"south": {"uv": [69, 43], "uv_size": [1, 1]},
								"west": {"uv": [44, 69], "uv_size": [1, 1]},
								"up": {"uv": [69, 44], "uv_size": [1, 1]},
								"down": {"uv": [45, 70], "uv_size": [1, -1]}
							}
						},
						{
							"origin": [-0.19909, 29.47058, -4.35311],
							"size": [0.392, 0.686, 0.784],
							"pivot": [0.73191, 27.90258, -3.37311],
							"rotation": [0, 0, 77],
							"uv": {
								"north": {"uv": [69, 12], "uv_size": [1, 1]},
								"east": {"uv": [13, 69], "uv_size": [1, 1]},
								"south": {"uv": [69, 13], "uv_size": [1, 1]},
								"west": {"uv": [14, 69], "uv_size": [1, 1]},
								"up": {"uv": [69, 14], "uv_size": [1, 1]},
								"down": {"uv": [15, 70], "uv_size": [1, -1]}
							}
						},
						{
							"origin": [3.67191, 28.00058, -4.35311],
							"size": [0.294, 1.568, 0.784],
							"uv": {
								"north": {"uv": [69, 24], "uv_size": [1, 1]},
								"east": {"uv": [25, 69], "uv_size": [1, 1]},
								"south": {"uv": [69, 25], "uv_size": [1, 1]},
								"west": {"uv": [26, 69], "uv_size": [1, 1]},
								"up": {"uv": [69, 26], "uv_size": [1, 1]},
								"down": {"uv": [27, 70], "uv_size": [1, -1]}
							}
						},
						{
							"origin": [3.27991, 28.09858, -4.35311],
							"size": [0.294, 1.176, 0.784],
							"pivot": [0.63391, 27.51058, -3.37311],
							"rotation": [0, 0, 19],
							"uv": {
								"north": {"uv": [69, 27], "uv_size": [1, 1]},
								"east": {"uv": [28, 69], "uv_size": [1, 1]},
								"south": {"uv": [69, 28], "uv_size": [1, 1]},
								"west": {"uv": [29, 69], "uv_size": [1, 1]},
								"up": {"uv": [69, 29], "uv_size": [1, 1]},
								"down": {"uv": [30, 70], "uv_size": [1, -1]}
							}
						},
						{
							"origin": [2.66263, 26.03115, -4.35311],
							"size": [0.294, 1.666, 0.784],
							"pivot": [2.86271, 26.6906, -3.96111],
							"rotation": [0, 0, 53],
							"uv": {
								"north": {"uv": [69, 30], "uv_size": [1, 1]},
								"east": {"uv": [31, 69], "uv_size": [1, 1]},
								"south": {"uv": [69, 31], "uv_size": [1, 1]},
								"west": {"uv": [32, 69], "uv_size": [1, 1]},
								"up": {"uv": [69, 32], "uv_size": [1, 1]},
								"down": {"uv": [33, 70], "uv_size": [1, -1]}
							}
						},
						{
							"origin": [1.12391, 27.51058, -4.35311],
							"size": [0.196, 2.156, 0.784],
							"pivot": [0.63391, 27.51058, -3.37311],
							"rotation": [0, 0, 108],
							"uv": {
								"north": {"uv": [69, 36], "uv_size": [1, 1]},
								"east": {"uv": [37, 69], "uv_size": [1, 1]},
								"south": {"uv": [69, 37], "uv_size": [1, 1]},
								"west": {"uv": [38, 69], "uv_size": [1, 1]},
								"up": {"uv": [69, 38], "uv_size": [1, 1]},
								"down": {"uv": [39, 70], "uv_size": [1, -1]}
							}
						}
					]
				},
				{
					"name": "RightArm",
					"parent": "Body",
					"pivot": [-5, 22, 0],
					"cubes": [
						{
							"origin": [-8, 13, -2],
							"size": [4, 11, 4],
							"inflate": 0.15,
							"uv": {
								"north": {"uv": [12, 32], "uv_size": [4, 12]},
								"east": {"uv": [32, 12], "uv_size": [4, 12]},
								"south": {"uv": [32, 24], "uv_size": [4, 12]},
								"west": {"uv": [36, 0], "uv_size": [4, 12]},
								"up": {"uv": [54, 8], "uv_size": [4, 4]},
								"down": {"uv": [12, 58], "uv_size": [4, -4]}
							}
						},
						{
							"origin": [-5, 12, -2],
							"size": [1, 2, 4],
							"inflate": 0.15,
							"uv": {
								"north": {"uv": [12, 32], "uv_size": [4, 12]},
								"east": {"uv": [32, 12], "uv_size": [4, 12]},
								"south": {"uv": [32, 24], "uv_size": [4, 12]},
								"west": {"uv": [36, 0], "uv_size": [4, 12]},
								"up": {"uv": [54, 8], "uv_size": [4, 4]},
								"down": {"uv": [12, 58], "uv_size": [4, -4]}
							}
						},
						{
							"origin": [-8, 12, -2],
							"size": [3, 1, 4],
							"inflate": 0.1,
							"uv": {
								"north": {"uv": [0, 55], "uv_size": [1, 2]},
								"east": {"uv": [0, 55], "uv_size": [1, 2]},
								"south": {"uv": [0, 55], "uv_size": [1, 2]},
								"west": {"uv": [0, 55], "uv_size": [1, 2]},
								"up": {"uv": [1, 57], "uv_size": [-1, -2]},
								"down": {"uv": [1, 57], "uv_size": [-1, -2]}
							}
						},
						{
							"origin": [-8.2, 13.5, -2.3],
							"size": [4.4, 1, 4.6],
							"uv": {
								"north": {"uv": [19, 12], "uv_size": [0, -4]},
								"east": {"uv": [19, 12], "uv_size": [0, -4]},
								"south": {"uv": [19, 12], "uv_size": [0, -4]},
								"west": {"uv": [19, 12], "uv_size": [0, -4]},
								"up": {"uv": [19, 8], "uv_size": [0, 4]},
								"down": {"uv": [19, 8], "uv_size": [0, 4]}
							}
						},
						{
							"origin": [-8.2, 11.8, -2.3],
							"size": [1, 1.5, 1.15],
							"uv": {
								"north": {"uv": [4, 6], "uv_size": [0, -4]},
								"east": {"uv": [4, 6], "uv_size": [0, -4]},
								"south": {"uv": [4, 6], "uv_size": [0, -4]},
								"west": {"uv": [4, 6], "uv_size": [0, -4]},
								"up": {"uv": [4, 2], "uv_size": [0, 4]},
								"down": {"uv": [4, 2], "uv_size": [0, 4]}
							}
						},
						{
							"origin": [-7.1, 11.8, -2.3],
							"size": [1, 1, 1.15],
							"uv": {
								"north": {"uv": [4, 6], "uv_size": [0, -4]},
								"east": {"uv": [4, 6], "uv_size": [0, -4]},
								"south": {"uv": [4, 6], "uv_size": [0, -4]},
								"west": {"uv": [4, 6], "uv_size": [0, -4]},
								"up": {"uv": [4, 2], "uv_size": [0, 4]},
								"down": {"uv": [4, 2], "uv_size": [0, 4]}
							}
						},
						{
							"origin": [-6, 11.8, -2.3],
							"size": [1, 1, 1.15],
							"uv": {
								"north": {"uv": [4, 6], "uv_size": [0, -4]},
								"east": {"uv": [4, 6], "uv_size": [0, -4]},
								"south": {"uv": [4, 6], "uv_size": [0, -4]},
								"west": {"uv": [4, 6], "uv_size": [0, -4]},
								"up": {"uv": [4, 2], "uv_size": [0, 4]},
								"down": {"uv": [4, 2], "uv_size": [0, 4]}
							}
						},
						{
							"origin": [-8.2, 11.8, 1.3],
							"size": [1, 1.5, 1],
							"uv": {
								"north": {"uv": [4, 6], "uv_size": [0, -4]},
								"east": {"uv": [4, 6], "uv_size": [0, -4]},
								"south": {"uv": [4, 6], "uv_size": [0, -4]},
								"west": {"uv": [4, 6], "uv_size": [0, -4]},
								"up": {"uv": [4, 6], "uv_size": [0, -4]},
								"down": {"uv": [4, 6], "uv_size": [0, -4]}
							}
						},
						{
							"origin": [-7.1, 11.8, 1.3],
							"size": [1, 1, 1],
							"uv": {
								"north": {"uv": [4, 6], "uv_size": [0, -4]},
								"east": {"uv": [4, 6], "uv_size": [0, -4]},
								"south": {"uv": [4, 6], "uv_size": [0, -4]},
								"west": {"uv": [4, 6], "uv_size": [0, -4]},
								"up": {"uv": [4, 6], "uv_size": [0, -4]},
								"down": {"uv": [4, 6], "uv_size": [0, -4]}
							}
						},
						{
							"origin": [-8.2, 11.8, -1.1],
							"size": [1, 1.5, 1.15],
							"uv": {
								"north": {"uv": [4, 6], "uv_size": [0, -4]},
								"east": {"uv": [4, 6], "uv_size": [0, -4]},
								"south": {"uv": [4, 6], "uv_size": [0, -4]},
								"west": {"uv": [4, 6], "uv_size": [0, -4]},
								"up": {"uv": [4, 2], "uv_size": [0, 4]},
								"down": {"uv": [4, 2], "uv_size": [0, 4]}
							}
						},
						{
							"origin": [-7.1, 11.8, -1.1],
							"size": [1, 1, 1.15],
							"uv": {
								"north": {"uv": [4, 6], "uv_size": [0, -4]},
								"east": {"uv": [4, 6], "uv_size": [0, -4]},
								"south": {"uv": [4, 6], "uv_size": [0, -4]},
								"west": {"uv": [4, 6], "uv_size": [0, -4]},
								"up": {"uv": [4, 2], "uv_size": [0, 4]},
								"down": {"uv": [4, 2], "uv_size": [0, 4]}
							}
						},
						{
							"origin": [-6, 11.8, -1.1],
							"size": [1, 1, 1.15],
							"uv": {
								"north": {"uv": [4, 6], "uv_size": [0, -4]},
								"east": {"uv": [4, 6], "uv_size": [0, -4]},
								"south": {"uv": [4, 6], "uv_size": [0, -4]},
								"west": {"uv": [4, 6], "uv_size": [0, -4]},
								"up": {"uv": [4, 2], "uv_size": [0, 4]},
								"down": {"uv": [4, 2], "uv_size": [0, 4]}
							}
						},
						{
							"origin": [-6, 11.8, 0.1],
							"size": [1, 1, 1.15],
							"uv": {
								"north": {"uv": [4, 6], "uv_size": [0, -4]},
								"east": {"uv": [4, 6], "uv_size": [0, -4]},
								"south": {"uv": [4, 6], "uv_size": [0, -4]},
								"west": {"uv": [4, 6], "uv_size": [0, -4]},
								"up": {"uv": [4, 2], "uv_size": [0, 4]},
								"down": {"uv": [4, 2], "uv_size": [0, 4]}
							}
						},
						{
							"origin": [-6, 11.8, 1.3],
							"size": [1, 1, 1],
							"uv": {
								"north": {"uv": [4, 6], "uv_size": [0, -4]},
								"east": {"uv": [4, 6], "uv_size": [0, -4]},
								"south": {"uv": [4, 6], "uv_size": [0, -4]},
								"west": {"uv": [4, 6], "uv_size": [0, -4]},
								"up": {"uv": [4, 2], "uv_size": [0, 4]},
								"down": {"uv": [4, 2], "uv_size": [0, 4]}
							}
						},
						{
							"origin": [-8.2, 11.8, 0.1],
							"size": [1, 1.5, 1.15],
							"uv": {
								"north": {"uv": [4, 6], "uv_size": [0, -4]},
								"east": {"uv": [4, 6], "uv_size": [0, -4]},
								"south": {"uv": [4, 6], "uv_size": [0, -4]},
								"west": {"uv": [4, 6], "uv_size": [0, -4]},
								"up": {"uv": [4, 2], "uv_size": [0, 4]},
								"down": {"uv": [4, 2], "uv_size": [0, 4]}
							}
						},
						{
							"origin": [-7.1, 11.8, 0.1],
							"size": [1, 1, 1.15],
							"uv": {
								"north": {"uv": [4, 6], "uv_size": [0, -4]},
								"east": {"uv": [4, 6], "uv_size": [0, -4]},
								"south": {"uv": [4, 6], "uv_size": [0, -4]},
								"west": {"uv": [4, 6], "uv_size": [0, -4]},
								"up": {"uv": [4, 2], "uv_size": [0, 4]},
								"down": {"uv": [4, 2], "uv_size": [0, 4]}
							}
						},
						{
							"origin": [-8.11904, 21.39365, -2.3],
							"size": [4.3, 1.2, 4.6],
							"inflate": 0.15,
							"pivot": [-5.79057, 21.57904, 0],
							"rotation": [0, 0, 24.5],
							"uv": {
								"north": {"uv": [64, 8], "uv_size": [-4, 2]},
								"east": {"uv": [63, 0], "uv_size": [-5, 2]},
								"south": {"uv": [23, 60], "uv_size": [-4, 2]},
								"west": {"uv": [5, 58], "uv_size": [-5, 2]},
								"up": {"uv": [54, 10], "uv_size": [-4, 5]},
								"down": {"uv": [31, 55], "uv_size": [-4, -5]}
							}
						},
						{
							"origin": [-8.04674, 21.64392, -2.3],
							"size": [4.2, 0.3, 4.6],
							"inflate": 0.15,
							"pivot": [-5.79057, 21.67904, 0],
							"rotation": [0, 0, -1.5],
							"uv": {
								"north": {"uv": [64, 8], "uv_size": [-4, 2]},
								"east": {"uv": [63, 0], "uv_size": [-5, 2]},
								"south": {"uv": [23, 60], "uv_size": [-4, 2]},
								"west": {"uv": [5, 58], "uv_size": [-5, 2]},
								"up": {"uv": [54, 10], "uv_size": [-4, 5]},
								"down": {"uv": [31, 55], "uv_size": [-4, -5]}
							}
						},
						{
							"origin": [-8.1982, 20.9, -2.3],
							"size": [0.4, 2, 4.6],
							"inflate": 0.15,
							"uv": {
								"north": {"uv": [56, 21], "uv_size": [1, 2]},
								"east": {"uv": [58, 2], "uv_size": [5, 2]},
								"south": {"uv": [62, 65], "uv_size": [1, 2]},
								"west": {"uv": [58, 4], "uv_size": [5, 2]},
								"up": {"uv": [53, 61], "uv_size": [1, 5]},
								"down": {"uv": [54, 66], "uv_size": [1, -5]}
							}
						},
						{
							"origin": [-8.18709, 20.4474, -1.6],
							"size": [0.1, 0.6, 3],
							"inflate": 0.15,
							"uv": {
								"north": {"uv": [2, 8], "uv_size": [1, 1]},
								"east": {"uv": [2, 8], "uv_size": [1, 1]},
								"south": {"uv": [2, 8], "uv_size": [1, 1]},
								"west": {"uv": [2, 8], "uv_size": [1, 1]},
								"up": {"uv": [3, 9], "uv_size": [-1, -1]},
								"down": {"uv": [3, 9], "uv_size": [-1, -1]}
							}
						}
					]
				},
				{
					"name": "LeftArm",
					"parent": "Body",
					"pivot": [5, 22, 0],
					"cubes": [
						{
							"origin": [4, 13, -2],
							"size": [4, 11, 4],
							"inflate": 0.15,
							"uv": {
								"north": {"uv": [16, 32], "uv_size": [-4, 12]},
								"east": {"uv": [40, 0], "uv_size": [-4, 12]},
								"south": {"uv": [36, 24], "uv_size": [-4, 12]},
								"west": {"uv": [36, 12], "uv_size": [-4, 12]},
								"up": {"uv": [58, 8], "uv_size": [-4, 4]},
								"down": {"uv": [16, 58], "uv_size": [-4, -4]}
							}
						},
						{
							"origin": [4, 12, -2],
							"size": [1, 2, 4],
							"inflate": 0.15,
							"uv": {
								"north": {"uv": [16, 32], "uv_size": [-4, 12]},
								"east": {"uv": [40, 0], "uv_size": [-4, 12]},
								"south": {"uv": [36, 24], "uv_size": [-4, 12]},
								"west": {"uv": [36, 12], "uv_size": [-4, 12]},
								"up": {"uv": [58, 8], "uv_size": [-4, 4]},
								"down": {"uv": [16, 58], "uv_size": [-4, -4]}
							}
						},
						{
							"origin": [5, 12, -2],
							"size": [3, 1, 4],
							"inflate": 0.1,
							"uv": {
								"north": {"uv": [1, 55], "uv_size": [-1, 2]},
								"east": {"uv": [1, 55], "uv_size": [-1, 2]},
								"south": {"uv": [1, 55], "uv_size": [-1, 2]},
								"west": {"uv": [1, 55], "uv_size": [-1, 2]},
								"up": {"uv": [0, 57], "uv_size": [1, -2]},
								"down": {"uv": [0, 57], "uv_size": [1, -2]}
							}
						},
						{
							"origin": [3.8, 13.5, -2.3],
							"size": [4.4, 1, 4.6],
							"uv": {
								"north": {"uv": [19, 12], "uv_size": [0, -4]},
								"east": {"uv": [19, 12], "uv_size": [0, -4]},
								"south": {"uv": [19, 12], "uv_size": [0, -4]},
								"west": {"uv": [19, 12], "uv_size": [0, -4]},
								"up": {"uv": [19, 8], "uv_size": [0, 4]},
								"down": {"uv": [19, 8], "uv_size": [0, 4]}
							}
						},
						{
							"origin": [7.2, 11.8, -2.3],
							"size": [1, 1.5, 1.15],
							"uv": {
								"north": {"uv": [4, 6], "uv_size": [0, -4]},
								"east": {"uv": [4, 6], "uv_size": [0, -4]},
								"south": {"uv": [4, 6], "uv_size": [0, -4]},
								"west": {"uv": [4, 6], "uv_size": [0, -4]},
								"up": {"uv": [4, 2], "uv_size": [0, 4]},
								"down": {"uv": [4, 2], "uv_size": [0, 4]}
							}
						},
						{
							"origin": [6.1, 11.8, -2.3],
							"size": [1, 1, 1.15],
							"uv": {
								"north": {"uv": [4, 6], "uv_size": [0, -4]},
								"east": {"uv": [4, 6], "uv_size": [0, -4]},
								"south": {"uv": [4, 6], "uv_size": [0, -4]},
								"west": {"uv": [4, 6], "uv_size": [0, -4]},
								"up": {"uv": [4, 2], "uv_size": [0, 4]},
								"down": {"uv": [4, 2], "uv_size": [0, 4]}
							}
						},
						{
							"origin": [5, 11.8, -2.3],
							"size": [1, 1, 1.15],
							"uv": {
								"north": {"uv": [4, 6], "uv_size": [0, -4]},
								"east": {"uv": [4, 6], "uv_size": [0, -4]},
								"south": {"uv": [4, 6], "uv_size": [0, -4]},
								"west": {"uv": [4, 6], "uv_size": [0, -4]},
								"up": {"uv": [4, 2], "uv_size": [0, 4]},
								"down": {"uv": [4, 2], "uv_size": [0, 4]}
							}
						},
						{
							"origin": [7.2, 11.8, 1.3],
							"size": [1, 1.5, 1],
							"uv": {
								"north": {"uv": [4, 6], "uv_size": [0, -4]},
								"east": {"uv": [4, 6], "uv_size": [0, -4]},
								"south": {"uv": [4, 6], "uv_size": [0, -4]},
								"west": {"uv": [4, 6], "uv_size": [0, -4]},
								"up": {"uv": [4, 6], "uv_size": [0, -4]},
								"down": {"uv": [4, 6], "uv_size": [0, -4]}
							}
						},
						{
							"origin": [6.1, 11.8, 1.3],
							"size": [1, 1, 1],
							"uv": {
								"north": {"uv": [4, 6], "uv_size": [0, -4]},
								"east": {"uv": [4, 6], "uv_size": [0, -4]},
								"south": {"uv": [4, 6], "uv_size": [0, -4]},
								"west": {"uv": [4, 6], "uv_size": [0, -4]},
								"up": {"uv": [4, 6], "uv_size": [0, -4]},
								"down": {"uv": [4, 6], "uv_size": [0, -4]}
							}
						},
						{
							"origin": [7.2, 11.8, -1.1],
							"size": [1, 1.5, 1.15],
							"uv": {
								"north": {"uv": [4, 6], "uv_size": [0, -4]},
								"east": {"uv": [4, 6], "uv_size": [0, -4]},
								"south": {"uv": [4, 6], "uv_size": [0, -4]},
								"west": {"uv": [4, 6], "uv_size": [0, -4]},
								"up": {"uv": [4, 2], "uv_size": [0, 4]},
								"down": {"uv": [4, 2], "uv_size": [0, 4]}
							}
						},
						{
							"origin": [6.1, 11.8, -1.1],
							"size": [1, 1, 1.15],
							"uv": {
								"north": {"uv": [4, 6], "uv_size": [0, -4]},
								"east": {"uv": [4, 6], "uv_size": [0, -4]},
								"south": {"uv": [4, 6], "uv_size": [0, -4]},
								"west": {"uv": [4, 6], "uv_size": [0, -4]},
								"up": {"uv": [4, 2], "uv_size": [0, 4]},
								"down": {"uv": [4, 2], "uv_size": [0, 4]}
							}
						},
						{
							"origin": [5, 11.8, -1.1],
							"size": [1, 1, 1.15],
							"uv": {
								"north": {"uv": [4, 6], "uv_size": [0, -4]},
								"east": {"uv": [4, 6], "uv_size": [0, -4]},
								"south": {"uv": [4, 6], "uv_size": [0, -4]},
								"west": {"uv": [4, 6], "uv_size": [0, -4]},
								"up": {"uv": [4, 2], "uv_size": [0, 4]},
								"down": {"uv": [4, 2], "uv_size": [0, 4]}
							}
						},
						{
							"origin": [5, 11.8, 0.1],
							"size": [1, 1, 1.15],
							"uv": {
								"north": {"uv": [4, 6], "uv_size": [0, -4]},
								"east": {"uv": [4, 6], "uv_size": [0, -4]},
								"south": {"uv": [4, 6], "uv_size": [0, -4]},
								"west": {"uv": [4, 6], "uv_size": [0, -4]},
								"up": {"uv": [4, 2], "uv_size": [0, 4]},
								"down": {"uv": [4, 2], "uv_size": [0, 4]}
							}
						},
						{
							"origin": [5, 11.8, 1.3],
							"size": [1, 1, 1],
							"uv": {
								"north": {"uv": [4, 6], "uv_size": [0, -4]},
								"east": {"uv": [4, 6], "uv_size": [0, -4]},
								"south": {"uv": [4, 6], "uv_size": [0, -4]},
								"west": {"uv": [4, 6], "uv_size": [0, -4]},
								"up": {"uv": [4, 2], "uv_size": [0, 4]},
								"down": {"uv": [4, 2], "uv_size": [0, 4]}
							}
						},
						{
							"origin": [7.2, 11.8, 0.1],
							"size": [1, 1.5, 1.15],
							"uv": {
								"north": {"uv": [4, 6], "uv_size": [0, -4]},
								"east": {"uv": [4, 6], "uv_size": [0, -4]},
								"south": {"uv": [4, 6], "uv_size": [0, -4]},
								"west": {"uv": [4, 6], "uv_size": [0, -4]},
								"up": {"uv": [4, 2], "uv_size": [0, 4]},
								"down": {"uv": [4, 2], "uv_size": [0, 4]}
							}
						},
						{
							"origin": [6.1, 11.8, 0.1],
							"size": [1, 1, 1.15],
							"uv": {
								"north": {"uv": [4, 6], "uv_size": [0, -4]},
								"east": {"uv": [4, 6], "uv_size": [0, -4]},
								"south": {"uv": [4, 6], "uv_size": [0, -4]},
								"west": {"uv": [4, 6], "uv_size": [0, -4]},
								"up": {"uv": [4, 2], "uv_size": [0, 4]},
								"down": {"uv": [4, 2], "uv_size": [0, 4]}
							}
						},
						{
							"origin": [4.0915, 21.30478, -2.3],
							"size": [4.2, 1.1, 4.6],
							"inflate": 0.15,
							"pivot": [6.01773, 21.38581, 0],
							"rotation": [0, 0, -26.5],
							"uv": {
								"north": {"uv": [60, 8], "uv_size": [4, 2]},
								"east": {"uv": [0, 58], "uv_size": [5, 2]},
								"south": {"uv": [19, 60], "uv_size": [4, 2]},
								"west": {"uv": [58, 0], "uv_size": [5, 2]},
								"up": {"uv": [50, 10], "uv_size": [4, 5]},
								"down": {"uv": [27, 55], "uv_size": [4, -5]}
							}
						},
						{
							"origin": [4.099, 21.55717, -2.3],
							"size": [3.8, 0.1, 4.6],
							"inflate": 0.15,
							"pivot": [6.01773, 21.48581, 0],
							"rotation": [0, 0, -4.5],
							"uv": {
								"north": {"uv": [60, 8], "uv_size": [4, 2]},
								"east": {"uv": [0, 58], "uv_size": [5, 2]},
								"south": {"uv": [19, 60], "uv_size": [4, 2]},
								"west": {"uv": [58, 0], "uv_size": [5, 2]},
								"up": {"uv": [50, 10], "uv_size": [4, 5]},
								"down": {"uv": [27, 55], "uv_size": [4, -5]}
							}
						},
						{
							"origin": [7.7982, 21.2, -2.3],
							"size": [0.4, 1.7, 4.6],
							"inflate": 0.15,
							"uv": {
								"north": {"uv": [57, 21], "uv_size": [-1, 2]},
								"east": {"uv": [63, 4], "uv_size": [-5, 2]},
								"south": {"uv": [63, 65], "uv_size": [-1, 2]},
								"west": {"uv": [63, 2], "uv_size": [-5, 2]},
								"up": {"uv": [54, 61], "uv_size": [-1, 5]},
								"down": {"uv": [55, 66], "uv_size": [-1, -5]}
							}
						},
						{
							"origin": [8.08709, 20.4474, -1.6],
							"size": [0.1, 0.6, 3],
							"inflate": 0.15,
							"uv": {
								"north": {"uv": [3, 8], "uv_size": [-1, 1]},
								"east": {"uv": [3, 8], "uv_size": [-1, 1]},
								"south": {"uv": [3, 8], "uv_size": [-1, 1]},
								"west": {"uv": [3, 8], "uv_size": [-1, 1]},
								"up": {"uv": [2, 9], "uv_size": [1, -1]},
								"down": {"uv": [2, 9], "uv_size": [1, -1]}
							}
						}
					]
				}
			]
		}
	]
}