{
	"format_version": "1.12.0",
	"minecraft:geometry": [
		{
			"description": {
				"identifier": "geometry.mc_milesps5",
				"texture_width": 128,
				"texture_height": 128,
				"visible_bounds_width": 3,
				"visible_bounds_height": 3.5,
				"visible_bounds_offset": [0, 1.25, 0]
			},
			"bones": [
				{
					"name": "root",
					"pivot": [0, 0, 0]
				},
				{
					"name": "RightLeg",
					"parent": "root",
					"pivot": [-1.9, 12, 0],
					"cubes": [
						{
							"origin": [-3.9, 0, -2],
							"size": [4, 12, 4],
							"inflate": 0.15,
							"uv": {
								"north": {"uv": [16, 24], "uv_size": [4, 12]},
								"east": {"uv": [20, 24], "uv_size": [4, 12]},
								"south": {"uv": [24, 24], "uv_size": [4, 12]},
								"west": {"uv": [0, 28], "uv_size": [4, 12]},
								"up": {"uv": [53, 23], "uv_size": [4, 4]},
								"down": {"uv": [0, 58], "uv_size": [4, -4]}
							}
						}
					]
				},
				{
					"name": "LeftLeg",
					"parent": "root",
					"pivot": [1.9, 12, 0],
					"cubes": [
						{
							"origin": [-0.1, 0, -2],
							"size": [4, 12, 4],
							"inflate": 0.15,
							"uv": {
								"north": {"uv": [28, 0], "uv_size": [4, 12]},
								"east": {"uv": [4, 28], "uv_size": [4, 12]},
								"south": {"uv": [28, 12], "uv_size": [4, 12]},
								"west": {"uv": [28, 24], "uv_size": [4, 12]},
								"up": {"uv": [4, 54], "uv_size": [4, 4]},
								"down": {"uv": [8, 58], "uv_size": [4, -4]}
							}
						}
					]
				},
				{
					"name": "waist",
					"parent": "root",
					"pivot": [0, 0, 0]
				},
				{
					"name": "Body",
					"parent": "waist",
					"pivot": [0, 24, 0],
					"cubes": [
						{
							"origin": [-4, 12, -2],
							"size": [8, 12, 4],
							"inflate": 0.15,
							"uv": {
								"north": {"uv": [7.5, 94], "uv_size": [17, 20.5]},
								"east": {"uv": [17, 12], "uv_size": [4, 10]},
								"south": {"uv": [17, 12], "uv_size": [4, 10]},
								"west": {"uv": [17, 12], "uv_size": [4, 10]},
								"up": {"uv": [21, 22], "uv_size": [-4, -10]},
								"down": {"uv": [21, 22], "uv_size": [-4, -10]}
							}
						},
						{
							"origin": [-3.56189, 21.00397, -2.45],
							"size": [0.25, 1.5, 4],
							"uv": {
								"north": {"uv": [1, 0], "uv_size": [4, 10]},
								"east": {"uv": [1, 0], "uv_size": [4, 10]},
								"south": {"uv": [1, 0], "uv_size": [4, 10]},
								"west": {"uv": [1, 0], "uv_size": [4, 10]},
								"up": {"uv": [5, 10], "uv_size": [-4, -10]},
								"down": {"uv": [5, 10], "uv_size": [-4, -10]}
							}
						},
						{
							"origin": [-3.72718, 20.9947, -2.45],
							"size": [0.25, 1.5, 4],
							"pivot": [-3.60218, 21.7447, -0.45],
							"rotation": [0, 0, 12.5],
							"uv": {
								"north": {"uv": [1, 0], "uv_size": [4, 10]},
								"east": {"uv": [1, 0], "uv_size": [4, 10]},
								"south": {"uv": [1, 0], "uv_size": [4, 10]},
								"west": {"uv": [1, 0], "uv_size": [4, 10]},
								"up": {"uv": [5, 10], "uv_size": [-4, -10]},
								"down": {"uv": [5, 10], "uv_size": [-4, -10]}
							}
						},
						{
							"origin": [3.47718, 20.9947, -2.45],
							"size": [0.25, 1.5, 4],
							"pivot": [3.60218, 21.7447, -0.45],
							"rotation": [0, 0, -12.5],
							"uv": {
								"north": {"uv": [5, 0], "uv_size": [-4, 10]},
								"east": {"uv": [5, 0], "uv_size": [-4, 10]},
								"south": {"uv": [5, 0], "uv_size": [-4, 10]},
								"west": {"uv": [5, 0], "uv_size": [-4, 10]},
								"up": {"uv": [1, 10], "uv_size": [4, -10]},
								"down": {"uv": [1, 10], "uv_size": [4, -10]}
							}
						},
						{
							"origin": [1.6104, 13.65278, -2.45],
							"size": [0.5, 8.5, 4],
							"pivot": [2.09506, 18.21587, -0.45],
							"rotation": [0, 0, 27.5],
							"uv": {
								"north": {"uv": [5, 0], "uv_size": [-4, 10]},
								"east": {"uv": [5, 0], "uv_size": [-4, 10]},
								"south": {"uv": [5, 0], "uv_size": [-4, 10]},
								"west": {"uv": [5, 0], "uv_size": [-4, 10]},
								"up": {"uv": [1, 10], "uv_size": [4, -10]},
								"down": {"uv": [1, 10], "uv_size": [4, -10]}
							}
						},
						{
							"origin": [1.12408, 18.25725, -1.55],
							"size": [0.5, 2.5, 4],
							"pivot": [2.37408, 22.00725, 0.45],
							"rotation": [0, 0, 2.5],
							"uv": {
								"north": {"uv": [1, 0], "uv_size": [4, 10]},
								"east": {"uv": [1, 0], "uv_size": [4, 10]},
								"south": {"uv": [1, 0], "uv_size": [4, 10]},
								"west": {"uv": [1, 0], "uv_size": [4, 10]},
								"up": {"uv": [1, 0], "uv_size": [4, 10]},
								"down": {"uv": [1, 0], "uv_size": [4, 10]}
							}
						},
						{
							"origin": [-1.62408, 18.25725, -1.55],
							"size": [0.5, 2.5, 4],
							"pivot": [-2.37408, 22.00725, 0.45],
							"rotation": [0, 0, -2.5],
							"uv": {
								"north": {"uv": [5, 0], "uv_size": [-4, 10]},
								"east": {"uv": [5, 0], "uv_size": [-4, 10]},
								"south": {"uv": [5, 0], "uv_size": [-4, 10]},
								"west": {"uv": [5, 0], "uv_size": [-4, 10]},
								"up": {"uv": [5, 0], "uv_size": [-4, 10]},
								"down": {"uv": [5, 0], "uv_size": [-4, 10]}
							}
						},
						{
							"origin": [1.56966, 19.6, -1.55],
							"size": [1.25, 2.5, 4],
							"pivot": [2.31966, 20.61757, 0.45],
							"rotation": [0, 0, 62.5],
							"uv": {
								"north": {"uv": [1, 0], "uv_size": [4, 10]},
								"east": {"uv": [1, 0], "uv_size": [4, 10]},
								"south": {"uv": [1, 0], "uv_size": [4, 10]},
								"west": {"uv": [1, 0], "uv_size": [4, 10]},
								"up": {"uv": [1, 0], "uv_size": [4, 10]},
								"down": {"uv": [1, 0], "uv_size": [4, 10]}
							}
						},
						{
							"origin": [-2.81966, 19.6, -1.55],
							"size": [1.25, 2.5, 4],
							"pivot": [-2.31966, 20.61757, 0.45],
							"rotation": [0, 0, -62.5],
							"uv": {
								"north": {"uv": [5, 0], "uv_size": [-4, 10]},
								"east": {"uv": [5, 0], "uv_size": [-4, 10]},
								"south": {"uv": [5, 0], "uv_size": [-4, 10]},
								"west": {"uv": [5, 0], "uv_size": [-4, 10]},
								"up": {"uv": [5, 0], "uv_size": [-4, 10]},
								"down": {"uv": [5, 0], "uv_size": [-4, 10]}
							}
						},
						{
							"origin": [-1.99234, 13.79651, -2.45],
							"size": [0.5, 8.5, 4],
							"pivot": [-1.74234, 18.04651, -0.45],
							"rotation": [0, 0, -27.5],
							"uv": {
								"north": {"uv": [1, 0], "uv_size": [4, 10]},
								"east": {"uv": [1, 0], "uv_size": [4, 10]},
								"south": {"uv": [1, 0], "uv_size": [4, 10]},
								"west": {"uv": [1, 0], "uv_size": [4, 10]},
								"up": {"uv": [5, 10], "uv_size": [-4, -10]},
								"down": {"uv": [5, 10], "uv_size": [-4, -10]}
							}
						},
						{
							"origin": [2.07423, 14.28301, -2.45],
							"size": [0.5, 8.5, 4],
							"pivot": [2.09506, 18.21587, -0.45],
							"rotation": [0, 0, 28.5],
							"uv": {
								"north": {"uv": [5, 0], "uv_size": [-4, 10]},
								"east": {"uv": [5, 0], "uv_size": [-4, 10]},
								"south": {"uv": [5, 0], "uv_size": [-4, 10]},
								"west": {"uv": [5, 0], "uv_size": [-4, 10]},
								"up": {"uv": [1, 10], "uv_size": [4, -10]},
								"down": {"uv": [1, 10], "uv_size": [4, -10]}
							}
						},
						{
							"origin": [-2.81077, 14.59698, -2.45],
							"size": [0.5, 8.5, 4],
							"pivot": [-1.56077, 18.84698, -0.45],
							"rotation": [0, 0, -27.5],
							"uv": {
								"north": {"uv": [1, 0], "uv_size": [4, 10]},
								"east": {"uv": [1, 0], "uv_size": [4, 10]},
								"south": {"uv": [1, 0], "uv_size": [4, 10]},
								"west": {"uv": [1, 0], "uv_size": [4, 10]},
								"up": {"uv": [5, 10], "uv_size": [-4, -10]},
								"down": {"uv": [5, 10], "uv_size": [-4, -10]}
							}
						},
						{
							"origin": [-0.5, 14, -2.45],
							"size": [1, 1, 4],
							"pivot": [0, 14.5, -0.45],
							"rotation": [0, 0, 45],
							"uv": {
								"north": {"uv": [1, 0], "uv_size": [4, 10]},
								"east": {"uv": [1, 0], "uv_size": [4, 10]},
								"south": {"uv": [1, 0], "uv_size": [4, 10]},
								"west": {"uv": [1, 0], "uv_size": [4, 10]},
								"up": {"uv": [5, 10], "uv_size": [-4, -10]},
								"down": {"uv": [5, 10], "uv_size": [-4, -10]}
							}
						},
						{
							"origin": [3.31189, 21.00397, -2.45],
							"size": [0.25, 1.5, 4],
							"uv": {
								"north": {"uv": [5, 0], "uv_size": [-4, 10]},
								"east": {"uv": [5, 0], "uv_size": [-4, 10]},
								"south": {"uv": [5, 0], "uv_size": [-4, 10]},
								"west": {"uv": [5, 0], "uv_size": [-4, 10]},
								"up": {"uv": [1, 10], "uv_size": [4, -10]},
								"down": {"uv": [1, 10], "uv_size": [4, -10]}
							}
						},
						{
							"origin": [-2.4, 18, -2.2],
							"size": [5, 6, 0],
							"uv": {
								"north": {"uv": [74, 51], "uv_size": [54, 77]},
								"east": {"uv": [74, 51], "uv_size": [54, 77]},
								"south": {"uv": [0, 127], "uv_size": [1, 1]},
								"west": {"uv": [0, 127], "uv_size": [1, 1]},
								"up": {"uv": [1, 128], "uv_size": [-1, -1]},
								"down": {"uv": [1, 128], "uv_size": [-1, -1]}
							}
						}
					]
				},
				{
					"name": "Head",
					"parent": "Body",
					"pivot": [0, 24, 0],
					"cubes": [
						{
							"origin": [-4, 24, -4],
							"size": [8, 8, 8.2],
							"inflate": 0.15,
							"uv": {
								"north": {"uv": [30, 89], "uv_size": [19.5, 19.5]},
								"east": {"uv": [111.08894, 0], "uv_size": [16.91106, 16.9111]},
								"south": {"uv": [111.0889, 0], "uv_size": [16.9111, 16.9111]},
								"west": {"uv": [111.0889, 0], "uv_size": [16.9111, 16.9111]},
								"up": {"uv": [128, 16.9111], "uv_size": [-16.9111, -16.9111]},
								"down": {"uv": [128, 16.9111], "uv_size": [-16.9111, -16.9111]}
							}
						}
					]
				},
				{
					"name": "kozla2",
					"parent": "Head",
					"pivot": [-0.39976, 28.12621, -4.03077],
					"rotation": [0, 180, 0],
					"cubes": [
						{
							"origin": [-0.29952, 27.4, -4.36154],
							"size": [0.4, 1.2, 0.8],
							"pivot": [-0.19952, 27.8, -3.36154],
							"rotation": [0, 0, 37],
							"uv": {
								"north": {"uv": [69, 3], "uv_size": [1, 1]},
								"east": {"uv": [4, 69], "uv_size": [1, 1]},
								"south": {"uv": [69, 4], "uv_size": [1, 1]},
								"west": {"uv": [5, 69], "uv_size": [1, 1]},
								"up": {"uv": [69, 5], "uv_size": [1, 1]},
								"down": {"uv": [6, 70], "uv_size": [1, -1]}
							}
						},
						{
							"origin": [-0.69952, 28.4, -4.36154],
							"size": [0.2, 1.2, 0.6],
							"pivot": [-0.09952, 27.7, -3.36154],
							"rotation": [0, 0, 69],
							"uv": {
								"north": {"uv": [69, 6], "uv_size": [1, 1]},
								"east": {"uv": [7, 69], "uv_size": [1, 1]},
								"south": {"uv": [69, 7], "uv_size": [1, 1]},
								"west": {"uv": [8, 69], "uv_size": [1, 1]},
								"up": {"uv": [69, 8], "uv_size": [1, 1]},
								"down": {"uv": [9, 70], "uv_size": [1, -1]}
							}
						},
						{
							"origin": [-0.69952, 28.3, -4.36154],
							"size": [0.4, 1.3, 0.8],
							"pivot": [-0.09952, 27.7, -3.36154],
							"rotation": [0, 0, 66],
							"uv": {
								"north": {"uv": [69, 9], "uv_size": [1, 1]},
								"east": {"uv": [10, 69], "uv_size": [1, 1]},
								"south": {"uv": [69, 10], "uv_size": [1, 1]},
								"west": {"uv": [11, 69], "uv_size": [1, 1]},
								"up": {"uv": [69, 11], "uv_size": [1, 1]},
								"down": {"uv": [12, 70], "uv_size": [1, -1]}
							}
						},
						{
							"origin": [0.30048, 29.5, -4.36154],
							"size": [0.5, 1.3, 0.8],
							"pivot": [0.87972, 28.57384, -3.96154],
							"rotation": [0, 0, 86],
							"uv": {
								"north": {"uv": [69, 9], "uv_size": [1, 1]},
								"east": {"uv": [10, 69], "uv_size": [1, 1]},
								"south": {"uv": [69, 10], "uv_size": [1, 1]},
								"west": {"uv": [11, 69], "uv_size": [1, 1]},
								"up": {"uv": [69, 11], "uv_size": [1, 1]},
								"down": {"uv": [12, 70], "uv_size": [1, -1]}
							}
						},
						{
							"origin": [-0.49952, 28.4, -4.46154],
							"size": [1.8, 1.2, 0.6],
							"pivot": [-0.09952, 27.7, -3.46154],
							"rotation": [0, 0, 66],
							"uv": {
								"north": {"uv": [24, 67], "uv_size": [2, 1]},
								"east": {"uv": [69, 39], "uv_size": [1, 1]},
								"south": {"uv": [67, 27], "uv_size": [2, 1]},
								"west": {"uv": [40, 69], "uv_size": [1, 1]},
								"up": {"uv": [32, 67], "uv_size": [2, 1]},
								"down": {"uv": [67, 34], "uv_size": [2, -1]}
							}
						},
						{
							"origin": [-0.09952, 27.4, -4.46154],
							"size": [1.8, 1.2, 0.6],
							"pivot": [-0.09952, 27.7, -3.46154],
							"rotation": [0, 0, 24],
							"uv": {
								"north": {"uv": [34, 67], "uv_size": [2, 1]},
								"east": {"uv": [69, 40], "uv_size": [1, 1]},
								"south": {"uv": [67, 34], "uv_size": [2, 1]},
								"west": {"uv": [41, 69], "uv_size": [1, 1]},
								"up": {"uv": [67, 39], "uv_size": [2, 1]},
								"down": {"uv": [67, 46], "uv_size": [2, -1]}
							}
						},
						{
							"origin": [1.06044, 28.2, -4.46154],
							"size": [1.9, 1, 0.6],
							"pivot": [2.01044, 28.50658, -4.16154],
							"rotation": [0, 0, 154],
							"uv": {
								"north": {"uv": [67, 46], "uv_size": [2, 1]},
								"east": {"uv": [69, 41], "uv_size": [1, 1]},
								"south": {"uv": [67, 47], "uv_size": [2, 1]},
								"west": {"uv": [42, 69], "uv_size": [1, 1]},
								"up": {"uv": [67, 48], "uv_size": [2, 1]},
								"down": {"uv": [50, 68], "uv_size": [2, -1]}
							}
						},
						{
							"origin": [0.70048, 25.5, -4.46154],
							"size": [1.4, 0.9, 0.6],
							"pivot": [-0.09952, 27.7, -3.46154],
							"rotation": [0, 0, -52],
							"uv": {
								"north": {"uv": [69, 42], "uv_size": [1, 1]},
								"east": {"uv": [43, 69], "uv_size": [1, 1]},
								"south": {"uv": [69, 43], "uv_size": [1, 1]},
								"west": {"uv": [44, 69], "uv_size": [1, 1]},
								"up": {"uv": [69, 44], "uv_size": [1, 1]},
								"down": {"uv": [45, 70], "uv_size": [1, -1]}
							}
						},
						{
							"origin": [-1.14952, 29.3, -4.36154],
							"size": [0.5, 0.7, 0.8],
							"pivot": [-0.09952, 27.7, -3.36154],
							"rotation": [0, 0, 79],
							"uv": {
								"north": {"uv": [69, 12], "uv_size": [1, 1]},
								"east": {"uv": [13, 69], "uv_size": [1, 1]},
								"south": {"uv": [69, 13], "uv_size": [1, 1]},
								"west": {"uv": [14, 69], "uv_size": [1, 1]},
								"up": {"uv": [69, 14], "uv_size": [1, 1]},
								"down": {"uv": [15, 70], "uv_size": [1, -1]}
							}
						},
						{
							"origin": [2.70048, 28.4, -4.36154],
							"size": [0.5, 1, 0.8],
							"uv": {
								"north": {"uv": [69, 24], "uv_size": [1, 1]},
								"east": {"uv": [25, 69], "uv_size": [1, 1]},
								"south": {"uv": [69, 25], "uv_size": [1, 1]},
								"west": {"uv": [26, 69], "uv_size": [1, 1]},
								"up": {"uv": [69, 26], "uv_size": [1, 1]},
								"down": {"uv": [27, 70], "uv_size": [1, -1]}
							}
						},
						{
							"origin": [2.30048, 28.4, -4.36154],
							"size": [0.5, 1.2, 0.8],
							"pivot": [-0.19952, 27.8, -3.36154],
							"rotation": [0, 0, 19],
							"uv": {
								"north": {"uv": [69, 27], "uv_size": [1, 1]},
								"east": {"uv": [28, 69], "uv_size": [1, 1]},
								"south": {"uv": [69, 28], "uv_size": [1, 1]},
								"west": {"uv": [29, 69], "uv_size": [1, 1]},
								"up": {"uv": [69, 29], "uv_size": [1, 1]},
								"down": {"uv": [30, 70], "uv_size": [1, -1]}
							}
						},
						{
							"origin": [1.6706, 26.29038, -4.36154],
							"size": [0.5, 1.7, 0.8],
							"pivot": [2.07477, 26.96329, -3.96154],
							"rotation": [0, 0, 53],
							"uv": {
								"north": {"uv": [69, 30], "uv_size": [1, 1]},
								"east": {"uv": [31, 69], "uv_size": [1, 1]},
								"south": {"uv": [69, 31], "uv_size": [1, 1]},
								"west": {"uv": [32, 69], "uv_size": [1, 1]},
								"up": {"uv": [69, 32], "uv_size": [1, 1]},
								"down": {"uv": [33, 70], "uv_size": [1, -1]}
							}
						},
						{
							"origin": [0.10048, 27.6, -4.36154],
							"size": [0.4, 2.4, 0.8],
							"pivot": [-0.19952, 27.8, -3.36154],
							"rotation": [0, 0, 108],
							"uv": {
								"north": {"uv": [69, 36], "uv_size": [1, 1]},
								"east": {"uv": [37, 69], "uv_size": [1, 1]},
								"south": {"uv": [69, 37], "uv_size": [1, 1]},
								"west": {"uv": [38, 69], "uv_size": [1, 1]},
								"up": {"uv": [69, 38], "uv_size": [1, 1]},
								"down": {"uv": [39, 70], "uv_size": [1, -1]}
							}
						}
					]
				},
				{
					"name": "kozla",
					"parent": "Head",
					"pivot": [0.40024, 28.12621, -4.03077],
					"cubes": [
						{
							"origin": [0.50048, 27.4, -4.36154],
							"size": [0.4, 1.2, 0.8],
							"pivot": [0.60048, 27.8, -3.36154],
							"rotation": [0, 0, 37],
							"uv": {
								"north": {"uv": [69, 3], "uv_size": [1, 1]},
								"east": {"uv": [4, 69], "uv_size": [1, 1]},
								"south": {"uv": [69, 4], "uv_size": [1, 1]},
								"west": {"uv": [5, 69], "uv_size": [1, 1]},
								"up": {"uv": [69, 5], "uv_size": [1, 1]},
								"down": {"uv": [6, 70], "uv_size": [1, -1]}
							}
						},
						{
							"origin": [0.10048, 28.4, -4.36154],
							"size": [0.2, 1.2, 0.6],
							"pivot": [0.70048, 27.7, -3.36154],
							"rotation": [0, 0, 69],
							"uv": {
								"north": {"uv": [69, 6], "uv_size": [1, 1]},
								"east": {"uv": [7, 69], "uv_size": [1, 1]},
								"south": {"uv": [69, 7], "uv_size": [1, 1]},
								"west": {"uv": [8, 69], "uv_size": [1, 1]},
								"up": {"uv": [69, 8], "uv_size": [1, 1]},
								"down": {"uv": [9, 70], "uv_size": [1, -1]}
							}
						},
						{
							"origin": [0.10048, 28.3, -4.36154],
							"size": [0.4, 1.3, 0.8],
							"pivot": [0.70048, 27.7, -3.36154],
							"rotation": [0, 0, 66],
							"uv": {
								"north": {"uv": [69, 9], "uv_size": [1, 1]},
								"east": {"uv": [10, 69], "uv_size": [1, 1]},
								"south": {"uv": [69, 10], "uv_size": [1, 1]},
								"west": {"uv": [11, 69], "uv_size": [1, 1]},
								"up": {"uv": [69, 11], "uv_size": [1, 1]},
								"down": {"uv": [12, 70], "uv_size": [1, -1]}
							}
						},
						{
							"origin": [1.10048, 29.5, -4.36154],
							"size": [0.5, 1.3, 0.8],
							"pivot": [1.67972, 28.57384, -3.96154],
							"rotation": [0, 0, 86],
							"uv": {
								"north": {"uv": [69, 9], "uv_size": [1, 1]},
								"east": {"uv": [10, 69], "uv_size": [1, 1]},
								"south": {"uv": [69, 10], "uv_size": [1, 1]},
								"west": {"uv": [11, 69], "uv_size": [1, 1]},
								"up": {"uv": [69, 11], "uv_size": [1, 1]},
								"down": {"uv": [12, 70], "uv_size": [1, -1]}
							}
						},
						{
							"origin": [0.30048, 28.4, -4.16154],
							"size": [1.8, 1.2, 0.6],
							"pivot": [0.70048, 27.7, -3.16154],
							"rotation": [0, 0, 66],
							"uv": {
								"north": {"uv": [24, 67], "uv_size": [2, 1]},
								"east": {"uv": [69, 39], "uv_size": [1, 1]},
								"south": {"uv": [67, 27], "uv_size": [2, 1]},
								"west": {"uv": [40, 69], "uv_size": [1, 1]},
								"up": {"uv": [32, 67], "uv_size": [2, 1]},
								"down": {"uv": [67, 34], "uv_size": [2, -1]}
							}
						},
						{
							"origin": [0.70048, 27.4, -4.16154],
							"size": [1.8, 1.2, 0.6],
							"pivot": [0.70048, 27.7, -3.16154],
							"rotation": [0, 0, 24],
							"uv": {
								"north": {"uv": [34, 67], "uv_size": [2, 1]},
								"east": {"uv": [69, 40], "uv_size": [1, 1]},
								"south": {"uv": [67, 34], "uv_size": [2, 1]},
								"west": {"uv": [41, 69], "uv_size": [1, 1]},
								"up": {"uv": [67, 39], "uv_size": [2, 1]},
								"down": {"uv": [67, 46], "uv_size": [2, -1]}
							}
						},
						{
							"origin": [1.86044, 28.2, -4.16154],
							"size": [1.9, 1, 0.6],
							"pivot": [2.81044, 28.50658, -3.86154],
							"rotation": [0, 0, 154],
							"uv": {
								"north": {"uv": [67, 46], "uv_size": [2, 1]},
								"east": {"uv": [69, 41], "uv_size": [1, 1]},
								"south": {"uv": [67, 47], "uv_size": [2, 1]},
								"west": {"uv": [42, 69], "uv_size": [1, 1]},
								"up": {"uv": [67, 48], "uv_size": [2, 1]},
								"down": {"uv": [50, 68], "uv_size": [2, -1]}
							}
						},
						{
							"origin": [1.50048, 25.5, -4.16154],
							"size": [1.4, 0.9, 0.6],
							"pivot": [0.70048, 27.7, -3.16154],
							"rotation": [0, 0, -52],
							"uv": {
								"north": {"uv": [69, 42], "uv_size": [1, 1]},
								"east": {"uv": [43, 69], "uv_size": [1, 1]},
								"south": {"uv": [69, 43], "uv_size": [1, 1]},
								"west": {"uv": [44, 69], "uv_size": [1, 1]},
								"up": {"uv": [69, 44], "uv_size": [1, 1]},
								"down": {"uv": [45, 70], "uv_size": [1, -1]}
							}
						},
						{
							"origin": [-0.34952, 29.3, -4.36154],
							"size": [0.5, 0.7, 0.8],
							"pivot": [0.70048, 27.7, -3.36154],
							"rotation": [0, 0, 79],
							"uv": {
								"north": {"uv": [69, 12], "uv_size": [1, 1]},
								"east": {"uv": [13, 69], "uv_size": [1, 1]},
								"south": {"uv": [69, 13], "uv_size": [1, 1]},
								"west": {"uv": [14, 69], "uv_size": [1, 1]},
								"up": {"uv": [69, 14], "uv_size": [1, 1]},
								"down": {"uv": [15, 70], "uv_size": [1, -1]}
							}
						},
						{
							"origin": [3.50048, 28.4, -4.36154],
							"size": [0.5, 1, 0.8],
							"uv": {
								"north": {"uv": [69, 24], "uv_size": [1, 1]},
								"east": {"uv": [25, 69], "uv_size": [1, 1]},
								"south": {"uv": [69, 25], "uv_size": [1, 1]},
								"west": {"uv": [26, 69], "uv_size": [1, 1]},
								"up": {"uv": [69, 26], "uv_size": [1, 1]},
								"down": {"uv": [27, 70], "uv_size": [1, -1]}
							}
						},
						{
							"origin": [3.10048, 28.4, -4.36154],
							"size": [0.5, 1.2, 0.8],
							"pivot": [0.60048, 27.8, -3.36154],
							"rotation": [0, 0, 19],
							"uv": {
								"north": {"uv": [69, 27], "uv_size": [1, 1]},
								"east": {"uv": [28, 69], "uv_size": [1, 1]},
								"south": {"uv": [69, 28], "uv_size": [1, 1]},
								"west": {"uv": [29, 69], "uv_size": [1, 1]},
								"up": {"uv": [69, 29], "uv_size": [1, 1]},
								"down": {"uv": [30, 70], "uv_size": [1, -1]}
							}
						},
						{
							"origin": [2.4706, 26.29038, -4.36154],
							"size": [0.5, 1.7, 0.8],
							"pivot": [2.87477, 26.96329, -3.96154],
							"rotation": [0, 0, 53],
							"uv": {
								"north": {"uv": [69, 30], "uv_size": [1, 1]},
								"east": {"uv": [31, 69], "uv_size": [1, 1]},
								"south": {"uv": [69, 31], "uv_size": [1, 1]},
								"west": {"uv": [32, 69], "uv_size": [1, 1]},
								"up": {"uv": [69, 32], "uv_size": [1, 1]},
								"down": {"uv": [33, 70], "uv_size": [1, -1]}
							}
						},
						{
							"origin": [0.90048, 27.6, -4.36154],
							"size": [0.4, 2.4, 0.8],
							"pivot": [0.60048, 27.8, -3.36154],
							"rotation": [0, 0, 108],
							"uv": {
								"north": {"uv": [69, 36], "uv_size": [1, 1]},
								"east": {"uv": [37, 69], "uv_size": [1, 1]},
								"south": {"uv": [69, 37], "uv_size": [1, 1]},
								"west": {"uv": [38, 69], "uv_size": [1, 1]},
								"up": {"uv": [69, 38], "uv_size": [1, 1]},
								"down": {"uv": [39, 70], "uv_size": [1, -1]}
							}
						}
					]
				},
				{
					"name": "RightArm",
					"parent": "Body",
					"pivot": [-5, 22, 0],
					"cubes": [
						{
							"origin": [-8, 13, -2],
							"size": [4, 11, 4],
							"inflate": 0.15,
							"uv": {
								"north": {"uv": [12, 32], "uv_size": [4, 12]},
								"east": {"uv": [32, 12], "uv_size": [4, 12]},
								"south": {"uv": [32, 24], "uv_size": [4, 12]},
								"west": {"uv": [36, 0], "uv_size": [4, 12]},
								"up": {"uv": [54, 8], "uv_size": [4, 4]},
								"down": {"uv": [12, 58], "uv_size": [4, -4]}
							}
						},
						{
							"origin": [-5, 12, -2],
							"size": [1, 2, 4],
							"inflate": 0.15,
							"uv": {
								"north": {"uv": [12, 32], "uv_size": [4, 12]},
								"east": {"uv": [32, 12], "uv_size": [4, 12]},
								"south": {"uv": [32, 24], "uv_size": [4, 12]},
								"west": {"uv": [36, 0], "uv_size": [4, 12]},
								"up": {"uv": [54, 8], "uv_size": [4, 4]},
								"down": {"uv": [12, 58], "uv_size": [4, -4]}
							}
						},
						{
							"origin": [-8, 12, -2],
							"size": [3, 1, 4],
							"inflate": 0.1,
							"uv": {
								"north": {"uv": [0, 55], "uv_size": [1, 2]},
								"east": {"uv": [0, 55], "uv_size": [1, 2]},
								"south": {"uv": [0, 55], "uv_size": [1, 2]},
								"west": {"uv": [0, 55], "uv_size": [1, 2]},
								"up": {"uv": [1, 57], "uv_size": [-1, -2]},
								"down": {"uv": [1, 57], "uv_size": [-1, -2]}
							}
						},
						{
							"origin": [-8.2, 13.5, -2.3],
							"size": [4.4, 1, 4.6],
							"uv": {
								"north": {"uv": [19, 12], "uv_size": [0, -4]},
								"east": {"uv": [19, 12], "uv_size": [0, -4]},
								"south": {"uv": [19, 12], "uv_size": [0, -4]},
								"west": {"uv": [19, 12], "uv_size": [0, -4]},
								"up": {"uv": [19, 8], "uv_size": [0, 4]},
								"down": {"uv": [19, 8], "uv_size": [0, 4]}
							}
						},
						{
							"origin": [-8.2, 11.8, -2.3],
							"size": [1, 1.5, 1.15],
							"uv": {
								"north": {"uv": [4, 6], "uv_size": [0, -4]},
								"east": {"uv": [4, 6], "uv_size": [0, -4]},
								"south": {"uv": [4, 6], "uv_size": [0, -4]},
								"west": {"uv": [4, 6], "uv_size": [0, -4]},
								"up": {"uv": [4, 2], "uv_size": [0, 4]},
								"down": {"uv": [4, 2], "uv_size": [0, 4]}
							}
						},
						{
							"origin": [-7.1, 11.8, -2.3],
							"size": [1, 1, 1.15],
							"uv": {
								"north": {"uv": [4, 6], "uv_size": [0, -4]},
								"east": {"uv": [4, 6], "uv_size": [0, -4]},
								"south": {"uv": [4, 6], "uv_size": [0, -4]},
								"west": {"uv": [4, 6], "uv_size": [0, -4]},
								"up": {"uv": [4, 2], "uv_size": [0, 4]},
								"down": {"uv": [4, 2], "uv_size": [0, 4]}
							}
						},
						{
							"origin": [-6, 11.8, -2.3],
							"size": [1, 1, 1.15],
							"uv": {
								"north": {"uv": [4, 6], "uv_size": [0, -4]},
								"east": {"uv": [4, 6], "uv_size": [0, -4]},
								"south": {"uv": [4, 6], "uv_size": [0, -4]},
								"west": {"uv": [4, 6], "uv_size": [0, -4]},
								"up": {"uv": [4, 2], "uv_size": [0, 4]},
								"down": {"uv": [4, 2], "uv_size": [0, 4]}
							}
						},
						{
							"origin": [-8.2, 11.8, 1.3],
							"size": [1, 1.5, 1],
							"uv": {
								"north": {"uv": [4, 6], "uv_size": [0, -4]},
								"east": {"uv": [4, 6], "uv_size": [0, -4]},
								"south": {"uv": [4, 6], "uv_size": [0, -4]},
								"west": {"uv": [4, 6], "uv_size": [0, -4]},
								"up": {"uv": [4, 6], "uv_size": [0, -4]},
								"down": {"uv": [4, 6], "uv_size": [0, -4]}
							}
						},
						{
							"origin": [-7.1, 11.8, 1.3],
							"size": [1, 1, 1],
							"uv": {
								"north": {"uv": [4, 6], "uv_size": [0, -4]},
								"east": {"uv": [4, 6], "uv_size": [0, -4]},
								"south": {"uv": [4, 6], "uv_size": [0, -4]},
								"west": {"uv": [4, 6], "uv_size": [0, -4]},
								"up": {"uv": [4, 6], "uv_size": [0, -4]},
								"down": {"uv": [4, 6], "uv_size": [0, -4]}
							}
						},
						{
							"origin": [-8.2, 11.8, -1.1],
							"size": [1, 1.5, 1.15],
							"uv": {
								"north": {"uv": [4, 6], "uv_size": [0, -4]},
								"east": {"uv": [4, 6], "uv_size": [0, -4]},
								"south": {"uv": [4, 6], "uv_size": [0, -4]},
								"west": {"uv": [4, 6], "uv_size": [0, -4]},
								"up": {"uv": [4, 2], "uv_size": [0, 4]},
								"down": {"uv": [4, 2], "uv_size": [0, 4]}
							}
						},
						{
							"origin": [-7.1, 11.8, -1.1],
							"size": [1, 1, 1.15],
							"uv": {
								"north": {"uv": [4, 6], "uv_size": [0, -4]},
								"east": {"uv": [4, 6], "uv_size": [0, -4]},
								"south": {"uv": [4, 6], "uv_size": [0, -4]},
								"west": {"uv": [4, 6], "uv_size": [0, -4]},
								"up": {"uv": [4, 2], "uv_size": [0, 4]},
								"down": {"uv": [4, 2], "uv_size": [0, 4]}
							}
						},
						{
							"origin": [-6, 11.8, -1.1],
							"size": [1, 1, 1.15],
							"uv": {
								"north": {"uv": [4, 6], "uv_size": [0, -4]},
								"east": {"uv": [4, 6], "uv_size": [0, -4]},
								"south": {"uv": [4, 6], "uv_size": [0, -4]},
								"west": {"uv": [4, 6], "uv_size": [0, -4]},
								"up": {"uv": [4, 2], "uv_size": [0, 4]},
								"down": {"uv": [4, 2], "uv_size": [0, 4]}
							}
						},
						{
							"origin": [-6, 11.8, 0.1],
							"size": [1, 1, 1.15],
							"uv": {
								"north": {"uv": [4, 6], "uv_size": [0, -4]},
								"east": {"uv": [4, 6], "uv_size": [0, -4]},
								"south": {"uv": [4, 6], "uv_size": [0, -4]},
								"west": {"uv": [4, 6], "uv_size": [0, -4]},
								"up": {"uv": [4, 2], "uv_size": [0, 4]},
								"down": {"uv": [4, 2], "uv_size": [0, 4]}
							}
						},
						{
							"origin": [-6, 11.8, 1.3],
							"size": [1, 1, 1],
							"uv": {
								"north": {"uv": [4, 6], "uv_size": [0, -4]},
								"east": {"uv": [4, 6], "uv_size": [0, -4]},
								"south": {"uv": [4, 6], "uv_size": [0, -4]},
								"west": {"uv": [4, 6], "uv_size": [0, -4]},
								"up": {"uv": [4, 2], "uv_size": [0, 4]},
								"down": {"uv": [4, 2], "uv_size": [0, 4]}
							}
						},
						{
							"origin": [-8.2, 11.8, 0.1],
							"size": [1, 1.5, 1.15],
							"uv": {
								"north": {"uv": [4, 6], "uv_size": [0, -4]},
								"east": {"uv": [4, 6], "uv_size": [0, -4]},
								"south": {"uv": [4, 6], "uv_size": [0, -4]},
								"west": {"uv": [4, 6], "uv_size": [0, -4]},
								"up": {"uv": [4, 2], "uv_size": [0, 4]},
								"down": {"uv": [4, 2], "uv_size": [0, 4]}
							}
						},
						{
							"origin": [-7.1, 11.8, 0.1],
							"size": [1, 1, 1.15],
							"uv": {
								"north": {"uv": [4, 6], "uv_size": [0, -4]},
								"east": {"uv": [4, 6], "uv_size": [0, -4]},
								"south": {"uv": [4, 6], "uv_size": [0, -4]},
								"west": {"uv": [4, 6], "uv_size": [0, -4]},
								"up": {"uv": [4, 2], "uv_size": [0, 4]},
								"down": {"uv": [4, 2], "uv_size": [0, 4]}
							}
						},
						{
							"origin": [-8.2, 18.6, -2.3],
							"size": [4.2, 1, 4.6],
							"inflate": 0.15,
							"pivot": [4.7, 18.9, 0],
							"rotation": [0, 0, 15.5],
							"uv": {
								"north": {"uv": [64, 8], "uv_size": [-4, 2]},
								"east": {"uv": [63, 0], "uv_size": [-5, 2]},
								"south": {"uv": [23, 60], "uv_size": [-4, 2]},
								"west": {"uv": [5, 58], "uv_size": [-5, 2]},
								"up": {"uv": [54, 10], "uv_size": [-4, 5]},
								"down": {"uv": [31, 55], "uv_size": [-4, -5]}
							}
						},
						{
							"origin": [-8.1982, 22, -2.3],
							"size": [0.4, 1.5, 4.6],
							"inflate": 0.15,
							"uv": {
								"north": {"uv": [56, 21], "uv_size": [1, 2]},
								"east": {"uv": [58, 2], "uv_size": [5, 2]},
								"south": {"uv": [62, 65], "uv_size": [1, 2]},
								"west": {"uv": [58, 4], "uv_size": [5, 2]},
								"up": {"uv": [53, 61], "uv_size": [1, 5]},
								"down": {"uv": [54, 66], "uv_size": [1, -5]}
							}
						},
						{
							"origin": [-8.18709, 17.0474, -0.3],
							"size": [0.1, 5.5, 0.8],
							"inflate": 0.15,
							"uv": {
								"north": {"uv": [2, 8], "uv_size": [1, 1]},
								"east": {"uv": [2, 8], "uv_size": [1, 1]},
								"south": {"uv": [2, 8], "uv_size": [1, 1]},
								"west": {"uv": [2, 8], "uv_size": [1, 1]},
								"up": {"uv": [3, 9], "uv_size": [-1, -1]},
								"down": {"uv": [3, 9], "uv_size": [-1, -1]}
							}
						}
					]
				},
				{
					"name": "LeftArm",
					"parent": "Body",
					"pivot": [5, 22, 0],
					"cubes": [
						{
							"origin": [4, 13, -2],
							"size": [4, 11, 4],
							"inflate": 0.15,
							"uv": {
								"north": {"uv": [16, 32], "uv_size": [-4, 12]},
								"east": {"uv": [40, 0], "uv_size": [-4, 12]},
								"south": {"uv": [36, 24], "uv_size": [-4, 12]},
								"west": {"uv": [36, 12], "uv_size": [-4, 12]},
								"up": {"uv": [58, 8], "uv_size": [-4, 4]},
								"down": {"uv": [16, 58], "uv_size": [-4, -4]}
							}
						},
						{
							"origin": [4, 12, -2],
							"size": [1, 2, 4],
							"inflate": 0.15,
							"uv": {
								"north": {"uv": [16, 32], "uv_size": [-4, 12]},
								"east": {"uv": [40, 0], "uv_size": [-4, 12]},
								"south": {"uv": [36, 24], "uv_size": [-4, 12]},
								"west": {"uv": [36, 12], "uv_size": [-4, 12]},
								"up": {"uv": [58, 8], "uv_size": [-4, 4]},
								"down": {"uv": [16, 58], "uv_size": [-4, -4]}
							}
						},
						{
							"origin": [5, 12, -2],
							"size": [3, 1, 4],
							"inflate": 0.1,
							"uv": {
								"north": {"uv": [1, 55], "uv_size": [-1, 2]},
								"east": {"uv": [1, 55], "uv_size": [-1, 2]},
								"south": {"uv": [1, 55], "uv_size": [-1, 2]},
								"west": {"uv": [1, 55], "uv_size": [-1, 2]},
								"up": {"uv": [0, 57], "uv_size": [1, -2]},
								"down": {"uv": [0, 57], "uv_size": [1, -2]}
							}
						},
						{
							"origin": [3.8, 13.5, -2.3],
							"size": [4.4, 1, 4.6],
							"uv": {
								"north": {"uv": [19, 12], "uv_size": [0, -4]},
								"east": {"uv": [19, 12], "uv_size": [0, -4]},
								"south": {"uv": [19, 12], "uv_size": [0, -4]},
								"west": {"uv": [19, 12], "uv_size": [0, -4]},
								"up": {"uv": [19, 8], "uv_size": [0, 4]},
								"down": {"uv": [19, 8], "uv_size": [0, 4]}
							}
						},
						{
							"origin": [7.2, 11.8, -2.3],
							"size": [1, 1.5, 1.15],
							"uv": {
								"north": {"uv": [4, 6], "uv_size": [0, -4]},
								"east": {"uv": [4, 6], "uv_size": [0, -4]},
								"south": {"uv": [4, 6], "uv_size": [0, -4]},
								"west": {"uv": [4, 6], "uv_size": [0, -4]},
								"up": {"uv": [4, 2], "uv_size": [0, 4]},
								"down": {"uv": [4, 2], "uv_size": [0, 4]}
							}
						},
						{
							"origin": [6.1, 11.8, -2.3],
							"size": [1, 1, 1.15],
							"uv": {
								"north": {"uv": [4, 6], "uv_size": [0, -4]},
								"east": {"uv": [4, 6], "uv_size": [0, -4]},
								"south": {"uv": [4, 6], "uv_size": [0, -4]},
								"west": {"uv": [4, 6], "uv_size": [0, -4]},
								"up": {"uv": [4, 2], "uv_size": [0, 4]},
								"down": {"uv": [4, 2], "uv_size": [0, 4]}
							}
						},
						{
							"origin": [5, 11.8, -2.3],
							"size": [1, 1, 1.15],
							"uv": {
								"north": {"uv": [4, 6], "uv_size": [0, -4]},
								"east": {"uv": [4, 6], "uv_size": [0, -4]},
								"south": {"uv": [4, 6], "uv_size": [0, -4]},
								"west": {"uv": [4, 6], "uv_size": [0, -4]},
								"up": {"uv": [4, 2], "uv_size": [0, 4]},
								"down": {"uv": [4, 2], "uv_size": [0, 4]}
							}
						},
						{
							"origin": [7.2, 11.8, 1.3],
							"size": [1, 1.5, 1],
							"uv": {
								"north": {"uv": [4, 6], "uv_size": [0, -4]},
								"east": {"uv": [4, 6], "uv_size": [0, -4]},
								"south": {"uv": [4, 6], "uv_size": [0, -4]},
								"west": {"uv": [4, 6], "uv_size": [0, -4]},
								"up": {"uv": [4, 6], "uv_size": [0, -4]},
								"down": {"uv": [4, 6], "uv_size": [0, -4]}
							}
						},
						{
							"origin": [6.1, 11.8, 1.3],
							"size": [1, 1, 1],
							"uv": {
								"north": {"uv": [4, 6], "uv_size": [0, -4]},
								"east": {"uv": [4, 6], "uv_size": [0, -4]},
								"south": {"uv": [4, 6], "uv_size": [0, -4]},
								"west": {"uv": [4, 6], "uv_size": [0, -4]},
								"up": {"uv": [4, 6], "uv_size": [0, -4]},
								"down": {"uv": [4, 6], "uv_size": [0, -4]}
							}
						},
						{
							"origin": [7.2, 11.8, -1.1],
							"size": [1, 1.5, 1.15],
							"uv": {
								"north": {"uv": [4, 6], "uv_size": [0, -4]},
								"east": {"uv": [4, 6], "uv_size": [0, -4]},
								"south": {"uv": [4, 6], "uv_size": [0, -4]},
								"west": {"uv": [4, 6], "uv_size": [0, -4]},
								"up": {"uv": [4, 2], "uv_size": [0, 4]},
								"down": {"uv": [4, 2], "uv_size": [0, 4]}
							}
						},
						{
							"origin": [6.1, 11.8, -1.1],
							"size": [1, 1, 1.15],
							"uv": {
								"north": {"uv": [4, 6], "uv_size": [0, -4]},
								"east": {"uv": [4, 6], "uv_size": [0, -4]},
								"south": {"uv": [4, 6], "uv_size": [0, -4]},
								"west": {"uv": [4, 6], "uv_size": [0, -4]},
								"up": {"uv": [4, 2], "uv_size": [0, 4]},
								"down": {"uv": [4, 2], "uv_size": [0, 4]}
							}
						},
						{
							"origin": [5, 11.8, -1.1],
							"size": [1, 1, 1.15],
							"uv": {
								"north": {"uv": [4, 6], "uv_size": [0, -4]},
								"east": {"uv": [4, 6], "uv_size": [0, -4]},
								"south": {"uv": [4, 6], "uv_size": [0, -4]},
								"west": {"uv": [4, 6], "uv_size": [0, -4]},
								"up": {"uv": [4, 2], "uv_size": [0, 4]},
								"down": {"uv": [4, 2], "uv_size": [0, 4]}
							}
						},
						{
							"origin": [5, 11.8, 0.1],
							"size": [1, 1, 1.15],
							"uv": {
								"north": {"uv": [4, 6], "uv_size": [0, -4]},
								"east": {"uv": [4, 6], "uv_size": [0, -4]},
								"south": {"uv": [4, 6], "uv_size": [0, -4]},
								"west": {"uv": [4, 6], "uv_size": [0, -4]},
								"up": {"uv": [4, 2], "uv_size": [0, 4]},
								"down": {"uv": [4, 2], "uv_size": [0, 4]}
							}
						},
						{
							"origin": [5, 11.8, 1.3],
							"size": [1, 1, 1],
							"uv": {
								"north": {"uv": [4, 6], "uv_size": [0, -4]},
								"east": {"uv": [4, 6], "uv_size": [0, -4]},
								"south": {"uv": [4, 6], "uv_size": [0, -4]},
								"west": {"uv": [4, 6], "uv_size": [0, -4]},
								"up": {"uv": [4, 2], "uv_size": [0, 4]},
								"down": {"uv": [4, 2], "uv_size": [0, 4]}
							}
						},
						{
							"origin": [7.2, 11.8, 0.1],
							"size": [1, 1.5, 1.15],
							"uv": {
								"north": {"uv": [4, 6], "uv_size": [0, -4]},
								"east": {"uv": [4, 6], "uv_size": [0, -4]},
								"south": {"uv": [4, 6], "uv_size": [0, -4]},
								"west": {"uv": [4, 6], "uv_size": [0, -4]},
								"up": {"uv": [4, 2], "uv_size": [0, 4]},
								"down": {"uv": [4, 2], "uv_size": [0, 4]}
							}
						},
						{
							"origin": [6.1, 11.8, 0.1],
							"size": [1, 1, 1.15],
							"uv": {
								"north": {"uv": [4, 6], "uv_size": [0, -4]},
								"east": {"uv": [4, 6], "uv_size": [0, -4]},
								"south": {"uv": [4, 6], "uv_size": [0, -4]},
								"west": {"uv": [4, 6], "uv_size": [0, -4]},
								"up": {"uv": [4, 2], "uv_size": [0, 4]},
								"down": {"uv": [4, 2], "uv_size": [0, 4]}
							}
						},
						{
							"origin": [4, 18.6, -2.3],
							"size": [4.2, 1, 4.6],
							"inflate": 0.15,
							"pivot": [-4.7, 18.9, 0],
							"rotation": [0, 0, -15.5],
							"uv": {
								"north": {"uv": [60, 8], "uv_size": [4, 2]},
								"east": {"uv": [0, 58], "uv_size": [5, 2]},
								"south": {"uv": [19, 60], "uv_size": [4, 2]},
								"west": {"uv": [58, 0], "uv_size": [5, 2]},
								"up": {"uv": [50, 10], "uv_size": [4, 5]},
								"down": {"uv": [27, 55], "uv_size": [4, -5]}
							}
						},
						{
							"origin": [7.7982, 22, -2.3],
							"size": [0.4, 1.5, 4.6],
							"inflate": 0.15,
							"uv": {
								"north": {"uv": [57, 21], "uv_size": [-1, 2]},
								"east": {"uv": [63, 4], "uv_size": [-5, 2]},
								"south": {"uv": [63, 65], "uv_size": [-1, 2]},
								"west": {"uv": [63, 2], "uv_size": [-5, 2]},
								"up": {"uv": [54, 61], "uv_size": [-1, 5]},
								"down": {"uv": [55, 66], "uv_size": [-1, -5]}
							}
						},
						{
							"origin": [8.08709, 17.0474, -0.3],
							"size": [0.1, 5.5, 0.8],
							"inflate": 0.15,
							"uv": {
								"north": {"uv": [3, 8], "uv_size": [-1, 1]},
								"east": {"uv": [3, 8], "uv_size": [-1, 1]},
								"south": {"uv": [3, 8], "uv_size": [-1, 1]},
								"west": {"uv": [3, 8], "uv_size": [-1, 1]},
								"up": {"uv": [2, 9], "uv_size": [1, -1]},
								"down": {"uv": [2, 9], "uv_size": [1, -1]}
							}
						}
					]
				}
			]
		}
	]
}