{
	"format_version": "1.12.0",
	"minecraft:geometry": [
		{
			"description": {
				"identifier": "geometry.woid",
				"texture_width": 16,
				"texture_height": 16,
				"visible_bounds_width": 3,
				"visible_bounds_height": 3.5,
				"visible_bounds_offset": [0, 1.25, 0]
			},
			"bones": [
				{
					"name": "root",
					"pivot": [0, 0, 0]
				},
				{
					"name": "RightLeg",
					"parent": "root",
					"pivot": [-1.9, 12, 0],
					"cubes": [
						{
							"origin": [-5.2, 0, -2.8],
							"size": [5.7, 4.4, 5],
							"inflate": 0.15,
							"uv": {
								"north": {"uv": [0.25, 0.25], "uv_size": [0.5, 0.5]},
								"east": {"uv": [1.25, 0.25], "uv_size": [0.5, 0.5]},
								"south": {"uv": [2.25, 0.25], "uv_size": [0.5, 0.5]},
								"west": {"uv": [3.25, 0.25], "uv_size": [0.5, 0.5]},
								"up": {"uv": [4.75, 0.75], "uv_size": [-0.5, -0.5]},
								"down": {"uv": [5.75, 0.75], "uv_size": [-0.5, -0.5]}
							}
						},
						{
							"origin": [-3.9, 3.7, -2.8],
							"size": [3.1, 2.4, 5],
							"inflate": 0.15,
							"uv": {
								"north": {"uv": [6.25, 0.25], "uv_size": [0.5, 0.5]},
								"east": {"uv": [7.25, 0.25], "uv_size": [0.5, 0.5]},
								"south": {"uv": [8.25, 0.25], "uv_size": [0.5, 0.5]},
								"west": {"uv": [9.25, 0.25], "uv_size": [0.5, 0.5]},
								"up": {"uv": [10.75, 0.75], "uv_size": [-0.5, -0.5]},
								"down": {"uv": [11.75, 0.75], "uv_size": [-0.5, -0.5]}
							}
						},
						{
							"origin": [-4.8, 0, -2.4],
							"size": [4.9, 12.7, 4.4],
							"inflate": 0.15,
							"uv": {
								"north": {"uv": [12.25, 0.25], "uv_size": [0.5, 0.5]},
								"east": {"uv": [13.25, 0.25], "uv_size": [0.5, 0.5]},
								"south": {"uv": [14.25, 0.25], "uv_size": [0.5, 0.5]},
								"west": {"uv": [15.25, 0.25], "uv_size": [0.5, 0.5]},
								"up": {"uv": [0.75, 1.75], "uv_size": [-0.5, -0.5]},
								"down": {"uv": [1.75, 1.75], "uv_size": [-0.5, -0.5]}
							}
						}
					]
				},
				{
					"name": "LeftLeg",
					"parent": "root",
					"pivot": [1.9, 12, 0],
					"cubes": [
						{
							"origin": [-1, 0, -2.4],
							"size": [4.9, 12.7, 4.4],
							"inflate": 0.15,
							"uv": {
								"north": {"uv": [2.25, 1.25], "uv_size": [0.5, 0.5]},
								"east": {"uv": [3.25, 1.25], "uv_size": [0.5, 0.5]},
								"south": {"uv": [4.25, 1.25], "uv_size": [0.5, 0.5]},
								"west": {"uv": [5.25, 1.25], "uv_size": [0.5, 0.5]},
								"up": {"uv": [6.75, 1.75], "uv_size": [-0.5, -0.5]},
								"down": {"uv": [7.75, 1.75], "uv_size": [-0.5, -0.5]}
							}
						},
						{
							"origin": [-1.4, 0, -2.8],
							"size": [5.7, 4.4, 5],
							"inflate": 0.15,
							"uv": {
								"north": {"uv": [8.25, 1.25], "uv_size": [0.5, 0.5]},
								"east": {"uv": [9.25, 1.25], "uv_size": [0.5, 0.5]},
								"south": {"uv": [10.25, 1.25], "uv_size": [0.5, 0.5]},
								"west": {"uv": [11.25, 1.25], "uv_size": [0.5, 0.5]},
								"up": {"uv": [12.75, 1.75], "uv_size": [-0.5, -0.5]},
								"down": {"uv": [13.75, 1.75], "uv_size": [-0.5, -0.5]}
							}
						},
						{
							"origin": [-0.1, 3.7, -2.8],
							"size": [3.1, 2.4, 5],
							"inflate": 0.15,
							"uv": {
								"north": {"uv": [14.25, 1.25], "uv_size": [0.5, 0.5]},
								"east": {"uv": [15.25, 1.25], "uv_size": [0.5, 0.5]},
								"south": {"uv": [0.25, 2.25], "uv_size": [0.5, 0.5]},
								"west": {"uv": [1.25, 2.25], "uv_size": [0.5, 0.5]},
								"up": {"uv": [2.75, 2.75], "uv_size": [-0.5, -0.5]},
								"down": {"uv": [3.75, 2.75], "uv_size": [-0.5, -0.5]}
							}
						}
					]
				},
				{
					"name": "waist",
					"parent": "root",
					"pivot": [0, 0, 0]
				},
				{
					"name": "Body",
					"parent": "waist",
					"pivot": [0, 24, 0],
					"cubes": [
						{
							"origin": [-4.9, 12, -2.4],
							"size": [8.9, 12.7, 4.4],
							"inflate": 0.15,
							"uv": {
								"north": {"uv": [4.25, 2.25], "uv_size": [0.5, 0.5]},
								"east": {"uv": [5.25, 2.25], "uv_size": [0.5, 0.5]},
								"south": {"uv": [6.25, 2.25], "uv_size": [0.5, 0.5]},
								"west": {"uv": [7.25, 2.25], "uv_size": [0.5, 0.5]},
								"up": {"uv": [8.75, 2.75], "uv_size": [-0.5, -0.5]},
								"down": {"uv": [9.75, 2.75], "uv_size": [-0.5, -0.5]}
							}
						},
						{
							"origin": [-4.9, 12, -2.6],
							"size": [8.8, 1.5, 4.9],
							"inflate": 0.15,
							"uv": {
								"north": {"uv": [10.25, 2.25], "uv_size": [0.5, 0.5]},
								"east": {"uv": [11.25, 2.25], "uv_size": [0.5, 0.5]},
								"south": {"uv": [12.25, 2.25], "uv_size": [0.5, 0.5]},
								"west": {"uv": [13.25, 2.25], "uv_size": [0.5, 0.5]},
								"up": {"uv": [14.75, 2.75], "uv_size": [-0.5, -0.5]},
								"down": {"uv": [15.75, 2.75], "uv_size": [-0.5, -0.5]}
							}
						},
						{
							"origin": [-2.9, 17.9, -2.5],
							"size": [3, 1, 0.9],
							"inflate": 0.15,
							"pivot": [-1, 17.9, 0],
							"rotation": [0, 0, -17.5],
							"uv": {
								"north": {"uv": [0.25, 3.25], "uv_size": [0.5, 0.5]},
								"east": {"uv": [1.25, 3.25], "uv_size": [0.5, 0.5]},
								"south": {"uv": [2.25, 3.25], "uv_size": [0.5, 0.5]},
								"west": {"uv": [3.25, 3.25], "uv_size": [0.5, 0.5]},
								"up": {"uv": [4.75, 3.75], "uv_size": [-0.5, -0.5]},
								"down": {"uv": [5.75, 3.75], "uv_size": [-0.5, -0.5]}
							}
						},
						{
							"origin": [-1.1, 18.6, -2.5],
							"size": [3, 1, 0.9],
							"inflate": 0.15,
							"pivot": [-1, 17.9, 0],
							"rotation": [0, 0, 21.5],
							"uv": {
								"north": {"uv": [6.25, 3.25], "uv_size": [0.5, 0.5]},
								"east": {"uv": [7.25, 3.25], "uv_size": [0.5, 0.5]},
								"south": {"uv": [8.25, 3.25], "uv_size": [0.5, 0.5]},
								"west": {"uv": [9.25, 3.25], "uv_size": [0.5, 0.5]},
								"up": {"uv": [10.75, 3.75], "uv_size": [-0.5, -0.5]},
								"down": {"uv": [11.75, 3.75], "uv_size": [-0.5, -0.5]}
							}
						},
						{
							"origin": [-3.2, 20.7, -2.8],
							"size": [1.5, 3.5, 5.1],
							"inflate": 0.15,
							"pivot": [-3.4, 20.4, 0],
							"rotation": [0, 0, -12],
							"uv": {
								"north": {"uv": [12.25, 3.25], "uv_size": [0.5, 0.5]},
								"east": {"uv": [13.25, 3.25], "uv_size": [0.5, 0.5]},
								"south": {"uv": [14.25, 3.25], "uv_size": [0.5, 0.5]},
								"west": {"uv": [15.25, 3.25], "uv_size": [0.5, 0.5]},
								"up": {"uv": [0.75, 4.75], "uv_size": [-0.5, -0.5]},
								"down": {"uv": [1.75, 4.75], "uv_size": [-0.5, -0.5]}
							}
						},
						{
							"origin": [0.8, 20.7, -2.8],
							"size": [1.3, 3.8, 5.1],
							"inflate": 0.15,
							"pivot": [1.3, 20.5, 0],
							"rotation": [0, 0, 15],
							"uv": {
								"north": {"uv": [2.25, 4.25], "uv_size": [0.5, 0.5]},
								"east": {"uv": [3.25, 4.25], "uv_size": [0.5, 0.5]},
								"south": {"uv": [4.25, 4.25], "uv_size": [0.5, 0.5]},
								"west": {"uv": [5.25, 4.25], "uv_size": [0.5, 0.5]},
								"up": {"uv": [6.75, 4.75], "uv_size": [-0.5, -0.5]},
								"down": {"uv": [7.75, 4.75], "uv_size": [-0.5, -0.5]}
							}
						},
						{
							"origin": [-5.1, 12, 1.2],
							"size": [9.1, 12.3, 1.4],
							"inflate": 0.15,
							"uv": {
								"north": {"uv": [8.25, 4.25], "uv_size": [0.5, 0.5]},
								"east": {"uv": [9.25, 4.25], "uv_size": [0.5, 0.5]},
								"south": {"uv": [10.25, 4.25], "uv_size": [0.5, 0.5]},
								"west": {"uv": [11.25, 4.25], "uv_size": [0.5, 0.5]},
								"up": {"uv": [12.75, 4.75], "uv_size": [-0.5, -0.5]},
								"down": {"uv": [13.75, 4.75], "uv_size": [-0.5, -0.5]}
							}
						},
						{
							"origin": [-2.9, 18.7, 1.5],
							"size": [4.8, 3.9, 1.5],
							"inflate": 0.15,
							"uv": {
								"north": {"uv": [14.25, 4.25], "uv_size": [0.5, 0.5]},
								"east": {"uv": [15.25, 4.25], "uv_size": [0.5, 0.5]},
								"south": {"uv": [0.25, 5.25], "uv_size": [0.5, 0.5]},
								"west": {"uv": [1.25, 5.25], "uv_size": [0.5, 0.5]},
								"up": {"uv": [2.75, 5.75], "uv_size": [-0.5, -0.5]},
								"down": {"uv": [3.75, 5.75], "uv_size": [-0.5, -0.5]}
							}
						},
						{
							"origin": [-2.3, 22.1, 1.5],
							"size": [3.6, 1.4, 1.5],
							"inflate": 0.15,
							"uv": {
								"north": {"uv": [4.25, 5.25], "uv_size": [0.5, 0.5]},
								"east": {"uv": [5.25, 5.25], "uv_size": [0.5, 0.5]},
								"south": {"uv": [6.25, 5.25], "uv_size": [0.5, 0.5]},
								"west": {"uv": [7.25, 5.25], "uv_size": [0.5, 0.5]},
								"up": {"uv": [8.75, 5.75], "uv_size": [-0.5, -0.5]},
								"down": {"uv": [9.75, 5.75], "uv_size": [-0.5, -0.5]}
							}
						},
						{
							"origin": [-2.3, 17.9, 1.5],
							"size": [3.6, 1.4, 1.5],
							"inflate": 0.15,
							"uv": {
								"north": {"uv": [10.25, 5.25], "uv_size": [0.5, 0.5]},
								"east": {"uv": [11.25, 5.25], "uv_size": [0.5, 0.5]},
								"south": {"uv": [12.25, 5.25], "uv_size": [0.5, 0.5]},
								"west": {"uv": [13.25, 5.25], "uv_size": [0.5, 0.5]},
								"up": {"uv": [14.75, 5.75], "uv_size": [-0.5, -0.5]},
								"down": {"uv": [15.75, 5.75], "uv_size": [-0.5, -0.5]}
							}
						},
						{
							"origin": [0.8, 21.7, 1.5],
							"size": [3.2, 1.2, 1.5],
							"inflate": 0.15,
							"pivot": [0, 21.8, 0],
							"rotation": [0, 0, 11],
							"uv": {
								"north": {"uv": [0.25, 6.25], "uv_size": [0.5, 0.5]},
								"east": {"uv": [1.25, 6.25], "uv_size": [0.5, 0.5]},
								"south": {"uv": [2.25, 6.25], "uv_size": [0.5, 0.5]},
								"west": {"uv": [3.25, 6.25], "uv_size": [0.5, 0.5]},
								"up": {"uv": [4.75, 6.75], "uv_size": [-0.5, -0.5]},
								"down": {"uv": [5.75, 6.75], "uv_size": [-0.5, -0.5]}
							}
						},
						{
							"origin": [0.9, 20.5, 1.5],
							"size": [3.2, 1.2, 1.5],
							"inflate": 0.15,
							"pivot": [0, 21.8, 0],
							"rotation": [0, 0, 11],
							"uv": {
								"north": {"uv": [6.25, 6.25], "uv_size": [0.5, 0.5]},
								"east": {"uv": [7.25, 6.25], "uv_size": [0.5, 0.5]},
								"south": {"uv": [8.25, 6.25], "uv_size": [0.5, 0.5]},
								"west": {"uv": [9.25, 6.25], "uv_size": [0.5, 0.5]},
								"up": {"uv": [10.75, 6.75], "uv_size": [-0.5, -0.5]},
								"down": {"uv": [11.75, 6.75], "uv_size": [-0.5, -0.5]}
							}
						},
						{
							"origin": [1.1, 19.2, 1.5],
							"size": [3.2, 1.2, 1.5],
							"inflate": 0.15,
							"pivot": [0, 21.8, 0],
							"rotation": [0, 0, 11],
							"uv": {
								"north": {"uv": [12.25, 6.25], "uv_size": [0.5, 0.5]},
								"east": {"uv": [13.25, 6.25], "uv_size": [0.5, 0.5]},
								"south": {"uv": [14.25, 6.25], "uv_size": [0.5, 0.5]},
								"west": {"uv": [15.25, 6.25], "uv_size": [0.5, 0.5]},
								"up": {"uv": [0.75, 7.75], "uv_size": [-0.5, -0.5]},
								"down": {"uv": [1.75, 7.75], "uv_size": [-0.5, -0.5]}
							}
						},
						{
							"origin": [-5.6, 19.4, 1.5],
							"size": [3.2, 1.2, 1.5],
							"inflate": 0.15,
							"pivot": [0, 21.8, 0],
							"rotation": [0, 0, -11],
							"uv": {
								"north": {"uv": [2.25, 7.25], "uv_size": [0.5, 0.5]},
								"east": {"uv": [3.25, 7.25], "uv_size": [0.5, 0.5]},
								"south": {"uv": [4.25, 7.25], "uv_size": [0.5, 0.5]},
								"west": {"uv": [5.25, 7.25], "uv_size": [0.5, 0.5]},
								"up": {"uv": [6.75, 7.75], "uv_size": [-0.5, -0.5]},
								"down": {"uv": [7.75, 7.75], "uv_size": [-0.5, -0.5]}
							}
						},
						{
							"origin": [-5.2, 20.5, 1.5],
							"size": [3.2, 1.2, 1.5],
							"inflate": 0.15,
							"pivot": [0, 21.8, 0],
							"rotation": [0, 0, -11],
							"uv": {
								"north": {"uv": [8.25, 7.25], "uv_size": [0.5, 0.5]},
								"east": {"uv": [9.25, 7.25], "uv_size": [0.5, 0.5]},
								"south": {"uv": [10.25, 7.25], "uv_size": [0.5, 0.5]},
								"west": {"uv": [11.25, 7.25], "uv_size": [0.5, 0.5]},
								"up": {"uv": [12.75, 7.75], "uv_size": [-0.5, -0.5]},
								"down": {"uv": [13.75, 7.75], "uv_size": [-0.5, -0.5]}
							}
						},
						{
							"origin": [-5.00919, 21.6046, 1.5],
							"size": [3.2, 1.2, 1.5],
							"inflate": 0.15,
							"pivot": [-0.5, 21.8, 0],
							"rotation": [0, 0, -11],
							"uv": {
								"north": {"uv": [14.25, 7.25], "uv_size": [0.5, 0.5]},
								"east": {"uv": [15.25, 7.25], "uv_size": [0.5, 0.5]},
								"south": {"uv": [0.25, 8.25], "uv_size": [0.5, 0.5]},
								"west": {"uv": [1.25, 8.25], "uv_size": [0.5, 0.5]},
								"up": {"uv": [2.75, 8.75], "uv_size": [-0.5, -0.5]},
								"down": {"uv": [3.75, 8.75], "uv_size": [-0.5, -0.5]}
							}
						},
						{
							"origin": [-3.5, 22.2, 1.5],
							"size": [1.9, 0.8, 1.5],
							"inflate": 0.15,
							"pivot": [0, 21.8, 0],
							"rotation": [0, 0, 15],
							"uv": {
								"north": {"uv": [4.25, 8.25], "uv_size": [0.5, 0.5]},
								"east": {"uv": [5.25, 8.25], "uv_size": [0.5, 0.5]},
								"south": {"uv": [6.25, 8.25], "uv_size": [0.5, 0.5]},
								"west": {"uv": [7.25, 8.25], "uv_size": [0.5, 0.5]},
								"up": {"uv": [8.75, 8.75], "uv_size": [-0.5, -0.5]},
								"down": {"uv": [9.75, 8.75], "uv_size": [-0.5, -0.5]}
							}
						},
						{
							"origin": [0.8, 22.2, 1.5],
							"size": [1.9, 0.8, 1.5],
							"inflate": 0.15,
							"pivot": [0, 21.8, 0],
							"rotation": [0, 0, -15],
							"uv": {
								"north": {"uv": [10.25, 8.25], "uv_size": [0.5, 0.5]},
								"east": {"uv": [11.25, 8.25], "uv_size": [0.5, 0.5]},
								"south": {"uv": [12.25, 8.25], "uv_size": [0.5, 0.5]},
								"west": {"uv": [13.25, 8.25], "uv_size": [0.5, 0.5]},
								"up": {"uv": [14.75, 8.75], "uv_size": [-0.5, -0.5]},
								"down": {"uv": [15.75, 8.75], "uv_size": [-0.5, -0.5]}
							}
						}
					]
				},
				{
					"name": "Head",
					"parent": "Body",
					"pivot": [0, 24, 0],
					"cubes": [
						{
							"origin": [-4.9, 24, -4.4],
							"size": [8.9, 8.7, 8.4],
							"inflate": 0.15,
							"uv": {
								"north": {"uv": [0.25, 9.25], "uv_size": [0.5, 0.5]},
								"east": {"uv": [1.25, 9.25], "uv_size": [0.5, 0.5]},
								"south": {"uv": [2.25, 9.25], "uv_size": [0.5, 0.5]},
								"west": {"uv": [3.25, 9.25], "uv_size": [0.5, 0.5]},
								"up": {"uv": [4.75, 9.75], "uv_size": [-0.5, -0.5]},
								"down": {"uv": [5.75, 9.75], "uv_size": [-0.5, -0.5]}
							}
						},
						{
							"origin": [-5.5, 23.2, 0.1],
							"size": [10.1, 3.7, 4.5],
							"inflate": 0.15,
							"pivot": [0, 24.9, 0],
							"rotation": [9, 0, 0],
							"uv": {
								"north": {"uv": [6.25, 9.25], "uv_size": [0.5, 0.5]},
								"east": {"uv": [7.25, 9.25], "uv_size": [0.5, 0.5]},
								"south": {"uv": [8.25, 9.25], "uv_size": [0.5, 0.5]},
								"west": {"uv": [9.25, 9.25], "uv_size": [0.5, 0.5]},
								"up": {"uv": [10.75, 9.75], "uv_size": [-0.5, -0.5]},
								"down": {"uv": [11.75, 9.75], "uv_size": [-0.5, -0.5]}
							}
						},
						{
							"origin": [-1.2, 27.2, 5.7],
							"size": [1.5, 2.6, 2.4],
							"pivot": [0, 24, 0],
							"rotation": [41, 0, 0],
							"uv": {
								"north": {"uv": [12.25, 9.25], "uv_size": [0.5, 0.5]},
								"east": {"uv": [13.25, 9.25], "uv_size": [0.5, 0.5]},
								"south": {"uv": [14.25, 9.25], "uv_size": [0.5, 0.5]},
								"west": {"uv": [15.25, 9.25], "uv_size": [0.5, 0.5]},
								"up": {"uv": [0.75, 10.75], "uv_size": [-0.5, -0.5]},
								"down": {"uv": [1.75, 10.75], "uv_size": [-0.5, -0.5]}
							}
						},
						{
							"origin": [-1.2, 28.9, 3.8],
							"size": [1.5, 2.6, 2.4],
							"pivot": [0, 24, 0],
							"rotation": [41, 0, 0],
							"uv": {
								"north": {"uv": [2.25, 10.25], "uv_size": [0.5, 0.5]},
								"east": {"uv": [3.25, 10.25], "uv_size": [0.5, 0.5]},
								"south": {"uv": [4.25, 10.25], "uv_size": [0.5, 0.5]},
								"west": {"uv": [5.25, 10.25], "uv_size": [0.5, 0.5]},
								"up": {"uv": [6.75, 10.75], "uv_size": [-0.5, -0.5]},
								"down": {"uv": [7.75, 10.75], "uv_size": [-0.5, -0.5]}
							}
						},
						{
							"origin": [-1.2, 30.3, 1.9],
							"size": [1.5, 2.6, 2.4],
							"pivot": [0, 24, 0],
							"rotation": [41, 0, 0],
							"uv": {
								"north": {"uv": [8.25, 10.25], "uv_size": [0.5, 0.5]},
								"east": {"uv": [9.25, 10.25], "uv_size": [0.5, 0.5]},
								"south": {"uv": [10.25, 10.25], "uv_size": [0.5, 0.5]},
								"west": {"uv": [11.25, 10.25], "uv_size": [0.5, 0.5]},
								"up": {"uv": [12.75, 10.75], "uv_size": [-0.5, -0.5]},
								"down": {"uv": [13.75, 10.75], "uv_size": [-0.5, -0.5]}
							}
						},
						{
							"origin": [-1.2, 30.5, 0.2],
							"size": [1.5, 2.6, 2.4],
							"pivot": [0, 24, 0],
							"rotation": [41, 0, 0],
							"uv": {
								"north": {"uv": [14.25, 10.25], "uv_size": [0.5, 0.5]},
								"east": {"uv": [15.25, 10.25], "uv_size": [0.5, 0.5]},
								"south": {"uv": [0.25, 11.25], "uv_size": [0.5, 0.5]},
								"west": {"uv": [1.25, 11.25], "uv_size": [0.5, 0.5]},
								"up": {"uv": [2.75, 11.75], "uv_size": [-0.5, -0.5]},
								"down": {"uv": [3.75, 11.75], "uv_size": [-0.5, -0.5]}
							}
						},
						{
							"origin": [-1.5, 25.8, 5.6],
							"size": [2.1, 2.6, 2.4],
							"pivot": [0, 24, 0],
							"rotation": [41, 0, 0],
							"uv": {
								"north": {"uv": [4.25, 11.25], "uv_size": [0.5, 0.5]},
								"east": {"uv": [5.25, 11.25], "uv_size": [0.5, 0.5]},
								"south": {"uv": [6.25, 11.25], "uv_size": [0.5, 0.5]},
								"west": {"uv": [7.25, 11.25], "uv_size": [0.5, 0.5]},
								"up": {"uv": [8.75, 11.75], "uv_size": [-0.5, -0.5]},
								"down": {"uv": [9.75, 11.75], "uv_size": [-0.5, -0.5]}
							}
						},
						{
							"origin": [-1.5, 24.1, 4.5],
							"size": [2.1, 2.6, 2.4],
							"pivot": [0, 24, 0],
							"rotation": [41, 0, 0],
							"uv": {
								"north": {"uv": [10.25, 11.25], "uv_size": [0.5, 0.5]},
								"east": {"uv": [11.25, 11.25], "uv_size": [0.5, 0.5]},
								"south": {"uv": [12.25, 11.25], "uv_size": [0.5, 0.5]},
								"west": {"uv": [13.25, 11.25], "uv_size": [0.5, 0.5]},
								"up": {"uv": [14.75, 11.75], "uv_size": [-0.5, -0.5]},
								"down": {"uv": [15.75, 11.75], "uv_size": [-0.5, -0.5]}
							}
						}
					]
				},
				{
					"name": "RightArm",
					"parent": "Body",
					"pivot": [-5, 22, 0],
					"cubes": [
						{
							"origin": [-8.9, 12, -2.4],
							"size": [4.9, 12.7, 4.4],
							"inflate": 0.15,
							"uv": {
								"north": {"uv": [0.25, 12.25], "uv_size": [0.5, 0.5]},
								"east": {"uv": [1.25, 12.25], "uv_size": [0.5, 0.5]},
								"south": {"uv": [2.25, 12.25], "uv_size": [0.5, 0.5]},
								"west": {"uv": [3.25, 12.25], "uv_size": [0.5, 0.5]},
								"up": {"uv": [4.75, 12.75], "uv_size": [-0.5, -0.5]},
								"down": {"uv": [5.75, 12.75], "uv_size": [-0.5, -0.5]}
							}
						},
						{
							"origin": [-8.5, 22.9, -2.9],
							"size": [4.9, 2.2, 5.2],
							"uv": {
								"north": {"uv": [6.25, 12.25], "uv_size": [0.5, 0.5]},
								"east": {"uv": [7.25, 12.25], "uv_size": [0.5, 0.5]},
								"south": {"uv": [8.25, 12.25], "uv_size": [0.5, 0.5]},
								"west": {"uv": [9.25, 12.25], "uv_size": [0.5, 0.5]},
								"up": {"uv": [10.75, 12.75], "uv_size": [-0.5, -0.5]},
								"down": {"uv": [11.75, 12.75], "uv_size": [-0.5, -0.5]}
							}
						},
						{
							"origin": [-8.6, 20.7, -2.9],
							"size": [5, 2.2, 5.2],
							"pivot": [4.8, 22, 0],
							"rotation": [0, 0, 10],
							"uv": {
								"north": {"uv": [12.25, 12.25], "uv_size": [0.5, 0.5]},
								"east": {"uv": [13.25, 12.25], "uv_size": [0.5, 0.5]},
								"south": {"uv": [14.25, 12.25], "uv_size": [0.5, 0.5]},
								"west": {"uv": [15.25, 12.25], "uv_size": [0.5, 0.5]},
								"up": {"uv": [0.75, 13.75], "uv_size": [-0.5, -0.5]},
								"down": {"uv": [1.75, 13.75], "uv_size": [-0.5, -0.5]}
							}
						},
						{
							"origin": [-9.3, 12.6, -2.9],
							"size": [5.7, 1.9, 5.2],
							"uv": {
								"north": {"uv": [2.25, 13.25], "uv_size": [0.5, 0.5]},
								"east": {"uv": [3.25, 13.25], "uv_size": [0.5, 0.5]},
								"south": {"uv": [4.25, 13.25], "uv_size": [0.5, 0.5]},
								"west": {"uv": [5.25, 13.25], "uv_size": [0.5, 0.5]},
								"up": {"uv": [6.75, 13.75], "uv_size": [-0.5, -0.5]},
								"down": {"uv": [7.75, 13.75], "uv_size": [-0.5, -0.5]}
							}
						},
						{
							"origin": [-6.3, 12.8, -3.3],
							"size": [1.5, 1.6, 5.9],
							"uv": {
								"north": {"uv": [8.25, 13.25], "uv_size": [0.5, 0.5]},
								"east": {"uv": [9.25, 13.25], "uv_size": [0.5, 0.5]},
								"south": {"uv": [10.25, 13.25], "uv_size": [0.5, 0.5]},
								"west": {"uv": [11.25, 13.25], "uv_size": [0.5, 0.5]},
								"up": {"uv": [12.75, 13.75], "uv_size": [-0.5, -0.5]},
								"down": {"uv": [13.75, 13.75], "uv_size": [-0.5, -0.5]}
							}
						},
						{
							"origin": [-8.4, 12.8, -3.3],
							"size": [1.5, 1.6, 5.9],
							"uv": {
								"north": {"uv": [14.25, 13.25], "uv_size": [0.5, 0.5]},
								"east": {"uv": [15.25, 13.25], "uv_size": [0.5, 0.5]},
								"south": {"uv": [0.25, 14.25], "uv_size": [0.5, 0.5]},
								"west": {"uv": [1.25, 14.25], "uv_size": [0.5, 0.5]},
								"up": {"uv": [2.75, 14.75], "uv_size": [-0.5, -0.5]},
								"down": {"uv": [3.75, 14.75], "uv_size": [-0.5, -0.5]}
							}
						},
						{
							"origin": [-9.7, 12.8, 0.3],
							"size": [1.5, 1.6, 1.1],
							"uv": {
								"north": {"uv": [4.25, 14.25], "uv_size": [0.5, 0.5]},
								"east": {"uv": [5.25, 14.25], "uv_size": [0.5, 0.5]},
								"south": {"uv": [6.25, 14.25], "uv_size": [0.5, 0.5]},
								"west": {"uv": [7.25, 14.25], "uv_size": [0.5, 0.5]},
								"up": {"uv": [8.75, 14.75], "uv_size": [-0.5, -0.5]},
								"down": {"uv": [9.75, 14.75], "uv_size": [-0.5, -0.5]}
							}
						},
						{
							"origin": [-9.7, 12.8, -1.8],
							"size": [1.5, 1.6, 1.1],
							"uv": {
								"north": {"uv": [10.25, 14.25], "uv_size": [0.5, 0.5]},
								"east": {"uv": [11.25, 14.25], "uv_size": [0.5, 0.5]},
								"south": {"uv": [12.25, 14.25], "uv_size": [0.5, 0.5]},
								"west": {"uv": [13.25, 14.25], "uv_size": [0.5, 0.5]},
								"up": {"uv": [14.75, 14.75], "uv_size": [-0.5, -0.5]},
								"down": {"uv": [15.75, 14.75], "uv_size": [-0.5, -0.5]}
							}
						}
					]
				},
				{
					"name": "LeftArm",
					"parent": "Body",
					"pivot": [5, 22, 0],
					"cubes": [
						{
							"origin": [0.3, 15.1, -2.8],
							"size": [2.7, 2, 5.2],
							"pivot": [4.5, 22, 0],
							"rotation": [0, 0, -21],
							"uv": {
								"north": {"uv": [0.25, 15.25], "uv_size": [0.5, 0.5]},
								"east": {"uv": [1.25, 15.25], "uv_size": [0.5, 0.5]},
								"south": {"uv": [2.25, 15.25], "uv_size": [0.5, 0.5]},
								"west": {"uv": [3.25, 15.25], "uv_size": [0.5, 0.5]},
								"up": {"uv": [4.75, 15.75], "uv_size": [-0.5, -0.5]},
								"down": {"uv": [5.75, 15.75], "uv_size": [-0.5, -0.5]}
							}
						},
						{
							"origin": [4.1, 12, -2.4],
							"size": [4.9, 12.7, 4.4],
							"inflate": 0.15,
							"uv": {
								"north": {"uv": [0.25, 12.25], "uv_size": [0.5, 0.5]},
								"east": {"uv": [1.25, 12.25], "uv_size": [0.5, 0.5]},
								"south": {"uv": [2.25, 12.25], "uv_size": [0.5, 0.5]},
								"west": {"uv": [3.25, 12.25], "uv_size": [0.5, 0.5]},
								"up": {"uv": [4.75, 12.75], "uv_size": [-0.5, -0.5]},
								"down": {"uv": [5.75, 12.75], "uv_size": [-0.5, -0.5]}
							}
						}
					]
				}
			]
		}
	]
}