{
	"format_version": "1.12.0",
	"minecraft:geometry": [
		{
			"description": {
				"identifier": "geometry.mc_prowlermiles",
				"texture_width": 128,
				"texture_height": 128,
				"visible_bounds_width": 3,
				"visible_bounds_height": 3.5,
				"visible_bounds_offset": [0, 1.25, 0]
			},
			"bones": [
				{
					"name": "root",
					"pivot": [0, 0, 0]
				},
				{
					"name": "RightLeg",
					"parent": "root",
					"pivot": [-1.9, 12, 0],
					"cubes": [
						{
							"origin": [-3.9, 0, -2],
							"size": [4, 12, 4],
							"inflate": 0.15,
							"uv": {
								"north": {"uv": [16, 24], "uv_size": [4, 12]},
								"east": {"uv": [20, 24], "uv_size": [4, 12]},
								"south": {"uv": [24, 24], "uv_size": [4, 12]},
								"west": {"uv": [0, 28], "uv_size": [4, 12]},
								"up": {"uv": [53, 23], "uv_size": [4, 4]},
								"down": {"uv": [0, 58], "uv_size": [4, -4]}
							}
						}
					]
				},
				{
					"name": "LeftLeg",
					"parent": "root",
					"pivot": [1.9, 12, 0],
					"cubes": [
						{
							"origin": [-0.1, 0, -2],
							"size": [4, 12, 4],
							"inflate": 0.15,
							"uv": {
								"north": {"uv": [28, 0], "uv_size": [4, 12]},
								"east": {"uv": [4, 28], "uv_size": [4, 12]},
								"south": {"uv": [28, 12], "uv_size": [4, 12]},
								"west": {"uv": [28, 24], "uv_size": [4, 12]},
								"up": {"uv": [4, 54], "uv_size": [4, 4]},
								"down": {"uv": [8, 58], "uv_size": [4, -4]}
							}
						}
					]
				},
				{
					"name": "waist",
					"parent": "root",
					"pivot": [0, 0, 0]
				},
				{
					"name": "Body",
					"parent": "waist",
					"pivot": [0, 24, 0],
					"cubes": [
						{
							"origin": [-4, 12, -2],
							"size": [8, 12, 4],
							"inflate": 0.15,
							"uv": {
								"north": {"uv": [7.5, 94], "uv_size": [17, 20.5]},
								"east": {"uv": [17, 12], "uv_size": [4, 10]},
								"south": {"uv": [17, 12], "uv_size": [4, 10]},
								"west": {"uv": [17, 12], "uv_size": [4, 10]},
								"up": {"uv": [21, 22], "uv_size": [-4, -10]},
								"down": {"uv": [21, 22], "uv_size": [-4, -10]}
							}
						},
						{
							"origin": [-0.3753, 19.21208, -2.275],
							"size": [0.5, 4.1, 1],
							"pivot": [-0.1253, 21.36208, -1.775],
							"rotation": [0, 45, 90.5],
							"uv": {
								"north": {"uv": [5, 0], "uv_size": [-4, 10]},
								"east": {"uv": [5, 0], "uv_size": [-4, 10]},
								"south": {"uv": [5, 0], "uv_size": [-4, 10]},
								"west": {"uv": [5, 0], "uv_size": [-4, 10]},
								"up": {"uv": [1, 10], "uv_size": [4, -10]},
								"down": {"uv": [1, 10], "uv_size": [4, -10]}
							}
						},
						{
							"origin": [-0.4753, 18.01208, -2.275],
							"size": [0.5, 1.7, 1],
							"pivot": [-0.2253, 18.86208, -1.775],
							"rotation": [0, 45, 90.5],
							"uv": {
								"north": {"uv": [5, 0], "uv_size": [-4, 10]},
								"east": {"uv": [5, 0], "uv_size": [-4, 10]},
								"south": {"uv": [5, 0], "uv_size": [-4, 10]},
								"west": {"uv": [5, 0], "uv_size": [-4, 10]},
								"up": {"uv": [1, 10], "uv_size": [4, -10]},
								"down": {"uv": [1, 10], "uv_size": [4, -10]}
							}
						},
						{
							"origin": [-2.6753, 20.51208, -2.275],
							"size": [0.5, 1.1, 1],
							"pivot": [-2.4253, 20.86208, -0.275],
							"rotation": [0, 0, 29.5],
							"uv": {
								"north": {"uv": [5, 0], "uv_size": [-4, 10]},
								"east": {"uv": [5, 0], "uv_size": [-4, 10]},
								"south": {"uv": [5, 0], "uv_size": [-4, 10]},
								"west": {"uv": [5, 0], "uv_size": [-4, 10]},
								"up": {"uv": [1, 10], "uv_size": [4, -10]},
								"down": {"uv": [1, 10], "uv_size": [4, -10]}
							}
						},
						{
							"origin": [1.7247, 20.51208, -2.275],
							"size": [0.5, 1.1, 1],
							"pivot": [1.9747, 20.86208, -0.275],
							"rotation": [0, 0, -28.5],
							"uv": {
								"north": {"uv": [5, 0], "uv_size": [-4, 10]},
								"east": {"uv": [5, 0], "uv_size": [-4, 10]},
								"south": {"uv": [5, 0], "uv_size": [-4, 10]},
								"west": {"uv": [5, 0], "uv_size": [-4, 10]},
								"up": {"uv": [1, 10], "uv_size": [4, -10]},
								"down": {"uv": [1, 10], "uv_size": [4, -10]}
							}
						},
						{
							"origin": [0.9247, 19.91208, -2.275],
							"size": [0.3, 1.7, 1],
							"pivot": [0.9747, 20.26208, -0.275],
							"rotation": [0, 0, 64.5],
							"uv": {
								"north": {"uv": [5, 0], "uv_size": [-4, 10]},
								"east": {"uv": [5, 0], "uv_size": [-4, 10]},
								"south": {"uv": [5, 0], "uv_size": [-4, 10]},
								"west": {"uv": [5, 0], "uv_size": [-4, 10]},
								"up": {"uv": [1, 10], "uv_size": [4, -10]},
								"down": {"uv": [1, 10], "uv_size": [4, -10]}
							}
						},
						{
							"origin": [-2.4753, 20.21208, -2.275],
							"size": [0.3, 1.7, 1],
							"pivot": [-2.4253, 20.56208, -0.275],
							"rotation": [0, 0, 109.5],
							"uv": {
								"north": {"uv": [5, 0], "uv_size": [-4, 10]},
								"east": {"uv": [5, 0], "uv_size": [-4, 10]},
								"south": {"uv": [5, 0], "uv_size": [-4, 10]},
								"west": {"uv": [5, 0], "uv_size": [-4, 10]},
								"up": {"uv": [1, 10], "uv_size": [4, -10]},
								"down": {"uv": [1, 10], "uv_size": [4, -10]}
							}
						},
						{
							"origin": [-2.4753, 19.71208, -2.275],
							"size": [0.3, 1.2, 1],
							"pivot": [-2.4253, 19.56208, -0.275],
							"rotation": [0, 0, 62.5],
							"uv": {
								"north": {"uv": [5, 0], "uv_size": [-4, 10]},
								"east": {"uv": [5, 0], "uv_size": [-4, 10]},
								"south": {"uv": [5, 0], "uv_size": [-4, 10]},
								"west": {"uv": [5, 0], "uv_size": [-4, 10]},
								"up": {"uv": [1, 10], "uv_size": [4, -10]},
								"down": {"uv": [1, 10], "uv_size": [4, -10]}
							}
						},
						{
							"origin": [0.4247, 20.31208, -2.275],
							"size": [0.3, 1.2, 1],
							"pivot": [0.4747, 20.16208, -0.275],
							"rotation": [0, 0, 109.5],
							"uv": {
								"north": {"uv": [5, 0], "uv_size": [-4, 10]},
								"east": {"uv": [5, 0], "uv_size": [-4, 10]},
								"south": {"uv": [5, 0], "uv_size": [-4, 10]},
								"west": {"uv": [5, 0], "uv_size": [-4, 10]},
								"up": {"uv": [1, 10], "uv_size": [4, -10]},
								"down": {"uv": [1, 10], "uv_size": [4, -10]}
							}
						},
						{
							"origin": [0.33015, 18.61593, -2.3],
							"size": [2.2, 0.4, 1],
							"pivot": [1.33015, 18.81593, -1.8],
							"rotation": [-45, 0, 109.5],
							"uv": {
								"north": {"uv": [5, 0], "uv_size": [-4, 10]},
								"east": {"uv": [5, 0], "uv_size": [-4, 10]},
								"south": {"uv": [5, 0], "uv_size": [-4, 10]},
								"west": {"uv": [5, 0], "uv_size": [-4, 10]},
								"up": {"uv": [1, 10], "uv_size": [4, -10]},
								"down": {"uv": [1, 10], "uv_size": [4, -10]}
							}
						},
						{
							"origin": [-2.25974, 19.25365, -2.18234],
							"size": [2.2, 0.4, 1],
							"pivot": [-2.15897, 19.58408, -1.83844],
							"rotation": [-45.06172, 1.14243, 71.77507],
							"uv": {
								"north": {"uv": [5, 0], "uv_size": [-4, 10]},
								"east": {"uv": [5, 0], "uv_size": [-4, 10]},
								"south": {"uv": [5, 0], "uv_size": [-4, 10]},
								"west": {"uv": [5, 0], "uv_size": [-4, 10]},
								"up": {"uv": [1, 10], "uv_size": [4, -10]},
								"down": {"uv": [1, 10], "uv_size": [4, -10]}
							}
						},
						{
							"origin": [-1.6016, 18.62097, -2.37434],
							"size": [1.4, 0.4, 1],
							"pivot": [-1.39908, 18.7861, -1.83831],
							"rotation": [-45.75028, -0.01872, 106.75537],
							"uv": {
								"north": {"uv": [5, 0], "uv_size": [-4, 10]},
								"east": {"uv": [5, 0], "uv_size": [-4, 10]},
								"south": {"uv": [5, 0], "uv_size": [-4, 10]},
								"west": {"uv": [5, 0], "uv_size": [-4, 10]},
								"up": {"uv": [1, 10], "uv_size": [4, -10]},
								"down": {"uv": [1, 10], "uv_size": [4, -10]}
							}
						},
						{
							"origin": [0.2984, 18.62097, -2.37434],
							"size": [1.4, 0.4, 1],
							"pivot": [0.50092, 18.7861, -1.83831],
							"rotation": [-45.75028, -0.01872, 73.75537],
							"uv": {
								"north": {"uv": [5, 0], "uv_size": [-4, 10]},
								"east": {"uv": [5, 0], "uv_size": [-4, 10]},
								"south": {"uv": [5, 0], "uv_size": [-4, 10]},
								"west": {"uv": [5, 0], "uv_size": [-4, 10]},
								"up": {"uv": [1, 10], "uv_size": [4, -10]},
								"down": {"uv": [1, 10], "uv_size": [4, -10]}
							}
						},
						{
							"origin": [-1.20033, 18.87867, -2.33959],
							"size": [0.3, 0.4, 1],
							"pivot": [-1.00033, 18.97867, -0.33959],
							"rotation": [2.50385, -2.25572, 144.83196],
							"uv": {
								"north": {"uv": [5, 0], "uv_size": [-4, 10]},
								"east": {"uv": [5, 0], "uv_size": [-4, 10]},
								"south": {"uv": [5, 0], "uv_size": [-4, 10]},
								"west": {"uv": [5, 0], "uv_size": [-4, 10]},
								"up": {"uv": [1, 10], "uv_size": [4, -10]},
								"down": {"uv": [1, 10], "uv_size": [4, -10]}
							}
						},
						{
							"origin": [0.49967, 18.87867, -2.33959],
							"size": [0.3, 0.4, 1],
							"pivot": [0.69967, 18.97867, -0.33959],
							"rotation": [2.50385, -2.25572, -155.16804],
							"uv": {
								"north": {"uv": [5, 0], "uv_size": [-4, 10]},
								"east": {"uv": [5, 0], "uv_size": [-4, 10]},
								"south": {"uv": [5, 0], "uv_size": [-4, 10]},
								"west": {"uv": [5, 0], "uv_size": [-4, 10]},
								"up": {"uv": [1, 10], "uv_size": [4, -10]},
								"down": {"uv": [1, 10], "uv_size": [4, -10]}
							}
						},
						{
							"origin": [-0.95281, 23.76145, 4.86774],
							"size": [1.55, 10.3, 0.6],
							"uv": {
								"north": {"uv": [1, 0], "uv_size": [4, 10]},
								"east": {"uv": [1, 0], "uv_size": [4, 10]},
								"south": {"uv": [1, 0], "uv_size": [4, 10]},
								"west": {"uv": [1, 0], "uv_size": [4, 10]},
								"up": {"uv": [1, 0], "uv_size": [4, 10]},
								"down": {"uv": [1, 0], "uv_size": [4, 10]}
							}
						},
						{
							"origin": [-3.85281, 23.76145, 1.76774],
							"size": [8.05, 0.9, 3.7],
							"pivot": [-0.88198, 24.04127, 4.75721],
							"rotation": [11, 0, 0],
							"uv": {
								"north": {"uv": [1, 0], "uv_size": [4, 10]},
								"east": {"uv": [1, 0], "uv_size": [4, 10]},
								"south": {"uv": [1, 0], "uv_size": [4, 10]},
								"west": {"uv": [1, 0], "uv_size": [4, 10]},
								"up": {"uv": [1, 0], "uv_size": [4, 10]},
								"down": {"uv": [1, 0], "uv_size": [4, 10]}
							}
						},
						{
							"origin": [0.64719, 23.76145, 4.86774],
							"size": [2.15, 10.3, 0.6],
							"pivot": [1.01802, 24.04127, 4.75721],
							"rotation": [0, 0, -10],
							"uv": {
								"north": {"uv": [1, 0], "uv_size": [4, 10]},
								"east": {"uv": [1, 0], "uv_size": [4, 10]},
								"south": {"uv": [1, 0], "uv_size": [4, 10]},
								"west": {"uv": [1, 0], "uv_size": [4, 10]},
								"up": {"uv": [1, 0], "uv_size": [4, 10]},
								"down": {"uv": [1, 0], "uv_size": [4, 10]}
							}
						},
						{
							"origin": [-3.15281, 23.76145, 4.86774],
							"size": [2.35, 10.3, 0.6],
							"pivot": [-2.68198, 24.04127, 4.75721],
							"rotation": [0, 0, 10],
							"uv": {
								"north": {"uv": [1, 0], "uv_size": [4, 10]},
								"east": {"uv": [1, 0], "uv_size": [4, 10]},
								"south": {"uv": [1, 0], "uv_size": [4, 10]},
								"west": {"uv": [1, 0], "uv_size": [4, 10]},
								"up": {"uv": [1, 0], "uv_size": [4, 10]},
								"down": {"uv": [1, 0], "uv_size": [4, 10]}
							}
						},
						{
							"origin": [0.70871, 24.15344, 4.16688],
							"size": [2.35, 7.4, 0.6],
							"pivot": [2.91802, 23.64127, 3.45721],
							"rotation": [4.61951, 49.56045, 30.47559],
							"uv": {
								"north": {"uv": [1, 0], "uv_size": [4, 10]},
								"east": {"uv": [1, 0], "uv_size": [4, 10]},
								"south": {"uv": [1, 0], "uv_size": [4, 10]},
								"west": {"uv": [1, 0], "uv_size": [4, 10]},
								"up": {"uv": [1, 0], "uv_size": [4, 10]},
								"down": {"uv": [1, 0], "uv_size": [4, 10]}
							}
						},
						{
							"origin": [2.56907, 24.48736, 4.16688],
							"size": [1.55, 7.4, 0.6],
							"pivot": [2.91802, 23.64127, 3.45721],
							"rotation": [-7.11608, 49.34089, 15.0702],
							"uv": {
								"north": {"uv": [1, 0], "uv_size": [4, 10]},
								"east": {"uv": [1, 0], "uv_size": [4, 10]},
								"south": {"uv": [1, 0], "uv_size": [4, 10]},
								"west": {"uv": [1, 0], "uv_size": [4, 10]},
								"up": {"uv": [1, 0], "uv_size": [4, 10]},
								"down": {"uv": [1, 0], "uv_size": [4, 10]}
							}
						},
						{
							"origin": [3.83636, 24.23267, 4.16688],
							"size": [2.15, 7.4, 0.6],
							"pivot": [2.91802, 23.64127, 3.45721],
							"rotation": [-18.09173, 47.14344, 0.39517],
							"uv": {
								"north": {"uv": [1, 0], "uv_size": [4, 10]},
								"east": {"uv": [1, 0], "uv_size": [4, 10]},
								"south": {"uv": [1, 0], "uv_size": [4, 10]},
								"west": {"uv": [1, 0], "uv_size": [4, 10]},
								"up": {"uv": [1, 0], "uv_size": [4, 10]},
								"down": {"uv": [1, 0], "uv_size": [4, 10]}
							}
						},
						{
							"origin": [-6.99668, 23.43031, 3.22233],
							"size": [2.35, 7.4, 0.6],
							"pivot": [-5.82168, 27.13031, 3.52233],
							"rotation": [-24.89075, -51.4833, 6.59411],
							"uv": {
								"north": {"uv": [1, 0], "uv_size": [4, 10]},
								"east": {"uv": [1, 0], "uv_size": [4, 10]},
								"south": {"uv": [1, 0], "uv_size": [4, 10]},
								"west": {"uv": [1, 0], "uv_size": [4, 10]},
								"up": {"uv": [1, 0], "uv_size": [4, 10]},
								"down": {"uv": [1, 0], "uv_size": [4, 10]}
							}
						},
						{
							"origin": [-3.83093, 24.28736, 3.36688],
							"size": [1.55, 7.4, 0.6],
							"pivot": [-3.48198, 23.44127, 2.65721],
							"rotation": [-12.2118, -54.69172, -9.22104],
							"uv": {
								"north": {"uv": [1, 0], "uv_size": [4, 10]},
								"east": {"uv": [1, 0], "uv_size": [4, 10]},
								"south": {"uv": [1, 0], "uv_size": [4, 10]},
								"west": {"uv": [1, 0], "uv_size": [4, 10]},
								"up": {"uv": [1, 0], "uv_size": [4, 10]},
								"down": {"uv": [1, 0], "uv_size": [4, 10]}
							}
						},
						{
							"origin": [-2.56364, 24.03267, 3.36688],
							"size": [2.15, 7.4, 0.6],
							"pivot": [-3.48198, 23.44127, 2.65721],
							"rotation": [2.16006, -55.57694, -26.69237],
							"uv": {
								"north": {"uv": [1, 0], "uv_size": [4, 10]},
								"east": {"uv": [1, 0], "uv_size": [4, 10]},
								"south": {"uv": [1, 0], "uv_size": [4, 10]},
								"west": {"uv": [1, 0], "uv_size": [4, 10]},
								"up": {"uv": [1, 0], "uv_size": [4, 10]},
								"down": {"uv": [1, 0], "uv_size": [4, 10]}
							}
						},
						{
							"origin": [2, 11.5, -2.4],
							"size": [2.1, 10.8, 4.7],
							"uv": {
								"north": {"uv": [19.2, 24.5], "uv_size": [12.35, 9.9]},
								"east": {"uv": [19.2, 24.5], "uv_size": [12.35, 9.9]},
								"south": {"uv": [19.2, 24.5], "uv_size": [12.35, 9.9]},
								"west": {"uv": [19.2, 24.5], "uv_size": [12.35, 9.9]},
								"up": {"uv": [31.55, 34.4], "uv_size": [-12.35, -9.9]},
								"down": {"uv": [31.55, 34.4], "uv_size": [-12.35, -9.9]}
							}
						},
						{
							"origin": [-4.1, 11.5, -2.4],
							"size": [2.1, 10.8, 4.7],
							"uv": {
								"north": {"uv": [19.2, 24.5], "uv_size": [12.35, 9.9]},
								"east": {"uv": [19.2, 24.5], "uv_size": [12.35, 9.9]},
								"south": {"uv": [19.2, 24.5], "uv_size": [12.35, 9.9]},
								"west": {"uv": [19.2, 24.5], "uv_size": [12.35, 9.9]},
								"up": {"uv": [31.55, 34.4], "uv_size": [-12.35, -9.9]},
								"down": {"uv": [31.55, 34.4], "uv_size": [-12.35, -9.9]}
							}
						},
						{
							"origin": [2.6, 19.9, -2.9],
							"size": [2.1, 5.5, 0.8],
							"pivot": [2.6, 22.3, -2.5],
							"rotation": [14, -27, 0],
							"uv": {
								"north": {"uv": [19.2, 24.5], "uv_size": [12.35, 9.9]},
								"east": {"uv": [19.2, 24.5], "uv_size": [12.35, 9.9]},
								"south": {"uv": [19.2, 24.5], "uv_size": [12.35, 9.9]},
								"west": {"uv": [19.2, 24.5], "uv_size": [12.35, 9.9]},
								"up": {"uv": [31.55, 34.4], "uv_size": [-12.35, -9.9]},
								"down": {"uv": [31.55, 34.4], "uv_size": [-12.35, -9.9]}
							}
						},
						{
							"origin": [-5.1, 19.9, -2.9],
							"size": [2.1, 5.5, 0.8],
							"pivot": [-3.2, 22.3, -2.5],
							"rotation": [14, 38, 0],
							"uv": {
								"north": {"uv": [19.2, 24.5], "uv_size": [12.35, 9.9]},
								"east": {"uv": [19.2, 24.5], "uv_size": [12.35, 9.9]},
								"south": {"uv": [19.2, 24.5], "uv_size": [12.35, 9.9]},
								"west": {"uv": [19.2, 24.5], "uv_size": [12.35, 9.9]},
								"up": {"uv": [31.55, 34.4], "uv_size": [-12.35, -9.9]},
								"down": {"uv": [31.55, 34.4], "uv_size": [-12.35, -9.9]}
							}
						}
					]
				},
				{
					"name": "bone",
					"parent": "Body",
					"pivot": [0, 18, 2],
					"cubes": [
						{
							"origin": [-4, 14, 2],
							"size": [8, 8, 3],
							"uv": {
								"north": {"uv": [74.65, 9.05], "uv_size": [18.35, 17.6]},
								"east": {"uv": [74.65, 9.05], "uv_size": [18.35, 17.6]},
								"south": {"uv": [74.65, 9.05], "uv_size": [18.35, 17.6]},
								"west": {"uv": [74.65, 9.05], "uv_size": [18.35, 17.6]},
								"up": {"uv": [93, 26.65], "uv_size": [-18.35, -17.6]},
								"down": {"uv": [93, 26.65], "uv_size": [-18.35, -17.6]}
							}
						},
						{
							"origin": [-3.2, 13.2, 2],
							"size": [6.4, 9.6, 1.9],
							"uv": {
								"north": {"uv": [74.65, 9.05], "uv_size": [18.35, 17.6]},
								"east": {"uv": [74.65, 9.05], "uv_size": [18.35, 17.6]},
								"south": {"uv": [74.65, 9.05], "uv_size": [18.35, 17.6]},
								"west": {"uv": [74.65, 9.05], "uv_size": [18.35, 17.6]},
								"up": {"uv": [93, 26.65], "uv_size": [-18.35, -17.6]},
								"down": {"uv": [93, 26.65], "uv_size": [-18.35, -17.6]}
							}
						}
					]
				},
				{
					"name": "Head",
					"parent": "Body",
					"pivot": [0, 24, 0],
					"cubes": [
						{
							"origin": [-4, 24, -4],
							"size": [8, 8, 8.2],
							"inflate": 0.15,
							"uv": {
								"north": {"uv": [30, 89], "uv_size": [19.5, 19.5]},
								"east": {"uv": [111.08894, 0], "uv_size": [16.91106, 16.9111]},
								"south": {"uv": [111.0889, 0], "uv_size": [16.9111, 16.9111]},
								"west": {"uv": [111.0889, 0], "uv_size": [16.9111, 16.9111]},
								"up": {"uv": [128, 16.9111], "uv_size": [-16.9111, -16.9111]},
								"down": {"uv": [128, 16.9111], "uv_size": [-16.9111, -16.9111]}
							}
						},
						{
							"origin": [1.7, 23.6, -4.6],
							"size": [1.6, 1.6, 1.3],
							"pivot": [2.5, 24.4, -3.75],
							"rotation": [0, -15, 13],
							"uv": {
								"north": {"uv": [93.45, 30.65], "uv_size": [6.3, 6]},
								"east": {"uv": [99.95, 30.65], "uv_size": [6.3, 6]},
								"south": {"uv": [99.95, 30.65], "uv_size": [6.3, 6]},
								"west": {"uv": [99.95, 30.65], "uv_size": [6.3, 6]},
								"up": {"uv": [106.25, 36.65], "uv_size": [-6.3, -6]},
								"down": {"uv": [106.25, 36.65], "uv_size": [-6.3, -6]}
							}
						},
						{
							"origin": [-3.4, 23.6, -4.6],
							"size": [1.6, 1.6, 1.3],
							"pivot": [-2.6, 24.4, -3.75],
							"rotation": [0, 25, -20],
							"uv": {
								"north": {"uv": [93.45, 30.65], "uv_size": [6.3, 6]},
								"east": {"uv": [99.95, 30.65], "uv_size": [6.3, 6]},
								"south": {"uv": [99.95, 30.65], "uv_size": [6.3, 6]},
								"west": {"uv": [99.95, 30.65], "uv_size": [6.3, 6]},
								"up": {"uv": [106.25, 36.65], "uv_size": [-6.3, -6]},
								"down": {"uv": [106.25, 36.65], "uv_size": [-6.3, -6]}
							}
						}
					]
				},
				{
					"name": "kozla2",
					"parent": "Head",
					"pivot": [-0.39976, 28.12621, -4.03077],
					"rotation": [0, 180, 0],
					"cubes": [
						{
							"origin": [-0.38817, 27.47772, -4.36154],
							"size": [0.6, 1.3, 0.8],
							"pivot": [-0.19952, 27.8, -3.36154],
							"rotation": [0, 0, 27],
							"uv": {
								"north": {"uv": [69, 3], "uv_size": [1, 1]},
								"east": {"uv": [4, 69], "uv_size": [1, 1]},
								"south": {"uv": [69, 4], "uv_size": [1, 1]},
								"west": {"uv": [5, 69], "uv_size": [1, 1]},
								"up": {"uv": [69, 5], "uv_size": [1, 1]},
								"down": {"uv": [6, 70], "uv_size": [1, -1]}
							}
						},
						{
							"origin": [-0.67618, 28.39104, -4.36154],
							"size": [0.2, 1.2, 0.6],
							"pivot": [-0.09952, 27.7, -3.36154],
							"rotation": [0, 0, 69],
							"uv": {
								"north": {"uv": [69, 6], "uv_size": [1, 1]},
								"east": {"uv": [7, 69], "uv_size": [1, 1]},
								"south": {"uv": [69, 7], "uv_size": [1, 1]},
								"west": {"uv": [8, 69], "uv_size": [1, 1]},
								"up": {"uv": [69, 8], "uv_size": [1, 1]},
								"down": {"uv": [9, 70], "uv_size": [1, -1]}
							}
						},
						{
							"origin": [-1.07668, 28.28983, -4.36154],
							"size": [0.8, 1.3, 0.8],
							"pivot": [-0.09952, 27.7, -3.36154],
							"rotation": [0, 0, 66],
							"uv": {
								"north": {"uv": [69, 9], "uv_size": [1, 1]},
								"east": {"uv": [10, 69], "uv_size": [1, 1]},
								"south": {"uv": [69, 10], "uv_size": [1, 1]},
								"west": {"uv": [11, 69], "uv_size": [1, 1]},
								"up": {"uv": [69, 11], "uv_size": [1, 1]},
								"down": {"uv": [12, 70], "uv_size": [1, -1]}
							}
						},
						{
							"origin": [-0.07458, 29.49826, -4.36154],
							"size": [0.9, 1.3, 0.8],
							"pivot": [0.87972, 28.57384, -3.96154],
							"rotation": [0, 0, 86],
							"uv": {
								"north": {"uv": [69, 9], "uv_size": [1, 1]},
								"east": {"uv": [10, 69], "uv_size": [1, 1]},
								"south": {"uv": [69, 10], "uv_size": [1, 1]},
								"west": {"uv": [11, 69], "uv_size": [1, 1]},
								"up": {"uv": [69, 11], "uv_size": [1, 1]},
								"down": {"uv": [12, 70], "uv_size": [1, -1]}
							}
						},
						{
							"origin": [-0.47668, 28.38983, -4.46154],
							"size": [1.8, 1.2, 0.6],
							"pivot": [-0.09952, 27.7, -3.46154],
							"rotation": [0, 0, 66],
							"uv": {
								"north": {"uv": [24, 67], "uv_size": [2, 1]},
								"east": {"uv": [69, 39], "uv_size": [1, 1]},
								"south": {"uv": [67, 27], "uv_size": [2, 1]},
								"west": {"uv": [40, 69], "uv_size": [1, 1]},
								"up": {"uv": [32, 67], "uv_size": [2, 1]},
								"down": {"uv": [67, 34], "uv_size": [2, -1]}
							}
						},
						{
							"origin": [-0.08935, 27.37716, -4.46154],
							"size": [1.8, 1.2, 0.6],
							"pivot": [-0.09952, 27.7, -3.46154],
							"rotation": [0, 0, 24],
							"uv": {
								"north": {"uv": [34, 67], "uv_size": [2, 1]},
								"east": {"uv": [69, 40], "uv_size": [1, 1]},
								"south": {"uv": [67, 34], "uv_size": [2, 1]},
								"west": {"uv": [41, 69], "uv_size": [1, 1]},
								"up": {"uv": [67, 39], "uv_size": [2, 1]},
								"down": {"uv": [67, 46], "uv_size": [2, -1]}
							}
						},
						{
							"origin": [1.0714, 28.22247, -4.46154],
							"size": [1.9, 1, 0.6],
							"pivot": [2.01044, 28.50658, -4.16154],
							"rotation": [0, 0, 154],
							"uv": {
								"north": {"uv": [67, 46], "uv_size": [2, 1]},
								"east": {"uv": [69, 41], "uv_size": [1, 1]},
								"south": {"uv": [67, 47], "uv_size": [2, 1]},
								"west": {"uv": [42, 69], "uv_size": [1, 1]},
								"up": {"uv": [67, 48], "uv_size": [2, 1]},
								"down": {"uv": [50, 68], "uv_size": [2, -1]}
							}
						},
						{
							"origin": [0.68078, 25.48461, -4.46154],
							"size": [1.4, 0.9, 0.6],
							"pivot": [-0.09952, 27.7, -3.46154],
							"rotation": [0, 0, -52],
							"uv": {
								"north": {"uv": [69, 42], "uv_size": [1, 1]},
								"east": {"uv": [43, 69], "uv_size": [1, 1]},
								"south": {"uv": [69, 43], "uv_size": [1, 1]},
								"west": {"uv": [44, 69], "uv_size": [1, 1]},
								"up": {"uv": [69, 44], "uv_size": [1, 1]},
								"down": {"uv": [45, 70], "uv_size": [1, -1]}
							}
						},
						{
							"origin": [-1.52498, 29.29523, -4.36154],
							"size": [0.9, 0.7, 0.8],
							"pivot": [-0.09952, 27.7, -3.36154],
							"rotation": [0, 0, 79],
							"uv": {
								"north": {"uv": [69, 12], "uv_size": [1, 1]},
								"east": {"uv": [13, 69], "uv_size": [1, 1]},
								"south": {"uv": [69, 13], "uv_size": [1, 1]},
								"west": {"uv": [14, 69], "uv_size": [1, 1]},
								"up": {"uv": [69, 14], "uv_size": [1, 1]},
								"down": {"uv": [15, 70], "uv_size": [1, -1]}
							}
						},
						{
							"origin": [2.70048, 28.375, -4.36154],
							"size": [0.5, 1.9, 0.8],
							"uv": {
								"north": {"uv": [69, 24], "uv_size": [1, 1]},
								"east": {"uv": [25, 69], "uv_size": [1, 1]},
								"south": {"uv": [69, 25], "uv_size": [1, 1]},
								"west": {"uv": [26, 69], "uv_size": [1, 1]},
								"up": {"uv": [69, 26], "uv_size": [1, 1]},
								"down": {"uv": [27, 70], "uv_size": [1, -1]}
							}
						},
						{
							"origin": [2.68686, 30.07903, -4.36154],
							"size": [0.5, 1.9, 0.8],
							"pivot": [3.00024, 30.35, -4.03077],
							"rotation": [0, 0, -33],
							"uv": {
								"north": {"uv": [69, 24], "uv_size": [1, 1]},
								"east": {"uv": [25, 69], "uv_size": [1, 1]},
								"south": {"uv": [69, 25], "uv_size": [1, 1]},
								"west": {"uv": [26, 69], "uv_size": [1, 1]},
								"up": {"uv": [69, 26], "uv_size": [1, 1]},
								"down": {"uv": [27, 70], "uv_size": [1, -1]}
							}
						},
						{
							"origin": [2.38686, 31.47903, -4.36154],
							"size": [0.8, 0.5, 0.8],
							"pivot": [3.00024, 30.35, -4.03077],
							"rotation": [0, 0, -33],
							"uv": {
								"north": {"uv": [69, 24], "uv_size": [1, 1]},
								"east": {"uv": [25, 69], "uv_size": [1, 1]},
								"south": {"uv": [69, 25], "uv_size": [1, 1]},
								"west": {"uv": [26, 69], "uv_size": [1, 1]},
								"up": {"uv": [69, 26], "uv_size": [1, 1]},
								"down": {"uv": [27, 70], "uv_size": [1, -1]}
							}
						},
						{
							"origin": [1.90862, 28.37636, -4.36154],
							"size": [0.9, 1.5, 0.8],
							"pivot": [-0.19952, 27.8, -3.36154],
							"rotation": [0, 0, 19],
							"uv": {
								"north": {"uv": [69, 27], "uv_size": [1, 1]},
								"east": {"uv": [28, 69], "uv_size": [1, 1]},
								"south": {"uv": [69, 28], "uv_size": [1, 1]},
								"west": {"uv": [29, 69], "uv_size": [1, 1]},
								"up": {"uv": [69, 29], "uv_size": [1, 1]},
								"down": {"uv": [30, 70], "uv_size": [1, -1]}
							}
						},
						{
							"origin": [1.29057, 26.27533, -4.36154],
							"size": [0.9, 1.7, 0.8],
							"pivot": [2.07477, 26.96329, -3.96154],
							"rotation": [0, 0, 53],
							"uv": {
								"north": {"uv": [69, 30], "uv_size": [1, 1]},
								"east": {"uv": [31, 69], "uv_size": [1, 1]},
								"south": {"uv": [69, 31], "uv_size": [1, 1]},
								"west": {"uv": [32, 69], "uv_size": [1, 1]},
								"up": {"uv": [69, 32], "uv_size": [1, 1]},
								"down": {"uv": [33, 70], "uv_size": [1, -1]}
							}
						},
						{
							"origin": [-0.27574, 27.60773, -4.36154],
							"size": [0.8, 2.4, 0.8],
							"pivot": [-0.19952, 27.8, -3.36154],
							"rotation": [0, 0, 108],
							"uv": {
								"north": {"uv": [69, 36], "uv_size": [1, 1]},
								"east": {"uv": [37, 69], "uv_size": [1, 1]},
								"south": {"uv": [69, 37], "uv_size": [1, 1]},
								"west": {"uv": [38, 69], "uv_size": [1, 1]},
								"up": {"uv": [69, 38], "uv_size": [1, 1]},
								"down": {"uv": [39, 70], "uv_size": [1, -1]}
							}
						},
						{
							"origin": [0.12426, 27.60773, -4.36154],
							"size": [0.9, 0.3, 0.8],
							"pivot": [-0.19952, 27.8, -3.36154],
							"rotation": [0, 0, 108],
							"uv": {
								"north": {"uv": [69, 36], "uv_size": [1, 1]},
								"east": {"uv": [37, 69], "uv_size": [1, 1]},
								"south": {"uv": [69, 37], "uv_size": [1, 1]},
								"west": {"uv": [38, 69], "uv_size": [1, 1]},
								"up": {"uv": [69, 38], "uv_size": [1, 1]},
								"down": {"uv": [39, 70], "uv_size": [1, -1]}
							}
						}
					]
				},
				{
					"name": "kozla",
					"parent": "Head",
					"pivot": [0.40024, 28.12621, -4.03077],
					"cubes": [
						{
							"origin": [0.40048, 27.475, -4.36154],
							"size": [0.6, 1.3, 0.8],
							"pivot": [0.60048, 27.775, -3.36154],
							"rotation": [0, 0, 24.5],
							"uv": {
								"north": {"uv": [69, 3], "uv_size": [1, 1]},
								"east": {"uv": [4, 69], "uv_size": [1, 1]},
								"south": {"uv": [69, 4], "uv_size": [1, 1]},
								"west": {"uv": [5, 69], "uv_size": [1, 1]},
								"up": {"uv": [69, 5], "uv_size": [1, 1]},
								"down": {"uv": [6, 70], "uv_size": [1, -1]}
							}
						},
						{
							"origin": [0.10048, 28.375, -4.36154],
							"size": [0.2, 1.2, 0.6],
							"pivot": [0.70048, 27.675, -3.36154],
							"rotation": [0, 0, 69],
							"uv": {
								"north": {"uv": [69, 6], "uv_size": [1, 1]},
								"east": {"uv": [7, 69], "uv_size": [1, 1]},
								"south": {"uv": [69, 7], "uv_size": [1, 1]},
								"west": {"uv": [8, 69], "uv_size": [1, 1]},
								"up": {"uv": [69, 8], "uv_size": [1, 1]},
								"down": {"uv": [9, 70], "uv_size": [1, -1]}
							}
						},
						{
							"origin": [-0.29952, 28.275, -4.36154],
							"size": [0.8, 1.3, 0.8],
							"pivot": [0.70048, 27.675, -3.36154],
							"rotation": [0, 0, 66],
							"uv": {
								"north": {"uv": [69, 9], "uv_size": [1, 1]},
								"east": {"uv": [10, 69], "uv_size": [1, 1]},
								"south": {"uv": [69, 10], "uv_size": [1, 1]},
								"west": {"uv": [11, 69], "uv_size": [1, 1]},
								"up": {"uv": [69, 11], "uv_size": [1, 1]},
								"down": {"uv": [12, 70], "uv_size": [1, -1]}
							}
						},
						{
							"origin": [0.70048, 29.475, -4.36154],
							"size": [0.9, 1.3, 0.8],
							"pivot": [1.67972, 28.54884, -3.96154],
							"rotation": [0, 0, 86],
							"uv": {
								"north": {"uv": [69, 9], "uv_size": [1, 1]},
								"east": {"uv": [10, 69], "uv_size": [1, 1]},
								"south": {"uv": [69, 10], "uv_size": [1, 1]},
								"west": {"uv": [11, 69], "uv_size": [1, 1]},
								"up": {"uv": [69, 11], "uv_size": [1, 1]},
								"down": {"uv": [12, 70], "uv_size": [1, -1]}
							}
						},
						{
							"origin": [0.30048, 28.375, -4.16154],
							"size": [1.8, 1.2, 0.6],
							"pivot": [0.70048, 27.675, -3.16154],
							"rotation": [0, 0, 66],
							"uv": {
								"north": {"uv": [24, 67], "uv_size": [2, 1]},
								"east": {"uv": [69, 39], "uv_size": [1, 1]},
								"south": {"uv": [67, 27], "uv_size": [2, 1]},
								"west": {"uv": [40, 69], "uv_size": [1, 1]},
								"up": {"uv": [32, 67], "uv_size": [2, 1]},
								"down": {"uv": [67, 34], "uv_size": [2, -1]}
							}
						},
						{
							"origin": [0.70048, 27.375, -4.16154],
							"size": [1.8, 1.2, 0.6],
							"pivot": [0.70048, 27.675, -3.16154],
							"rotation": [0, 0, 24],
							"uv": {
								"north": {"uv": [34, 67], "uv_size": [2, 1]},
								"east": {"uv": [69, 40], "uv_size": [1, 1]},
								"south": {"uv": [67, 34], "uv_size": [2, 1]},
								"west": {"uv": [41, 69], "uv_size": [1, 1]},
								"up": {"uv": [67, 39], "uv_size": [2, 1]},
								"down": {"uv": [67, 46], "uv_size": [2, -1]}
							}
						},
						{
							"origin": [1.86044, 28.175, -4.16154],
							"size": [1.9, 1, 0.6],
							"pivot": [2.81044, 28.48158, -3.86154],
							"rotation": [0, 0, 154],
							"uv": {
								"north": {"uv": [67, 46], "uv_size": [2, 1]},
								"east": {"uv": [69, 41], "uv_size": [1, 1]},
								"south": {"uv": [67, 47], "uv_size": [2, 1]},
								"west": {"uv": [42, 69], "uv_size": [1, 1]},
								"up": {"uv": [67, 48], "uv_size": [2, 1]},
								"down": {"uv": [50, 68], "uv_size": [2, -1]}
							}
						},
						{
							"origin": [1.50048, 25.475, -4.16154],
							"size": [1.4, 0.9, 0.6],
							"pivot": [0.70048, 27.675, -3.16154],
							"rotation": [0, 0, -52],
							"uv": {
								"north": {"uv": [69, 42], "uv_size": [1, 1]},
								"east": {"uv": [43, 69], "uv_size": [1, 1]},
								"south": {"uv": [69, 43], "uv_size": [1, 1]},
								"west": {"uv": [44, 69], "uv_size": [1, 1]},
								"up": {"uv": [69, 44], "uv_size": [1, 1]},
								"down": {"uv": [45, 70], "uv_size": [1, -1]}
							}
						},
						{
							"origin": [-0.74952, 29.275, -4.36154],
							"size": [0.9, 0.7, 0.8],
							"pivot": [0.70048, 27.675, -3.36154],
							"rotation": [0, 0, 79],
							"uv": {
								"north": {"uv": [69, 12], "uv_size": [1, 1]},
								"east": {"uv": [13, 69], "uv_size": [1, 1]},
								"south": {"uv": [69, 13], "uv_size": [1, 1]},
								"west": {"uv": [14, 69], "uv_size": [1, 1]},
								"up": {"uv": [69, 14], "uv_size": [1, 1]},
								"down": {"uv": [15, 70], "uv_size": [1, -1]}
							}
						},
						{
							"origin": [3.50048, 28.375, -4.36154],
							"size": [0.5, 1.9, 0.8],
							"uv": {
								"north": {"uv": [69, 24], "uv_size": [1, 1]},
								"east": {"uv": [25, 69], "uv_size": [1, 1]},
								"south": {"uv": [69, 25], "uv_size": [1, 1]},
								"west": {"uv": [26, 69], "uv_size": [1, 1]},
								"up": {"uv": [69, 26], "uv_size": [1, 1]},
								"down": {"uv": [27, 70], "uv_size": [1, -1]}
							}
						},
						{
							"origin": [3.50048, 30.075, -4.36154],
							"size": [0.5, 1.9, 0.8],
							"pivot": [3.80024, 30.225, -4.03077],
							"rotation": [0, 0, -22],
							"uv": {
								"north": {"uv": [69, 24], "uv_size": [1, 1]},
								"east": {"uv": [25, 69], "uv_size": [1, 1]},
								"south": {"uv": [69, 25], "uv_size": [1, 1]},
								"west": {"uv": [26, 69], "uv_size": [1, 1]},
								"up": {"uv": [69, 26], "uv_size": [1, 1]},
								"down": {"uv": [27, 70], "uv_size": [1, -1]}
							}
						},
						{
							"origin": [3.10048, 31.575, -4.36154],
							"size": [0.9, 0.4, 0.8],
							"pivot": [3.80024, 30.225, -4.03077],
							"rotation": [0, 0, -22],
							"uv": {
								"north": {"uv": [69, 24], "uv_size": [1, 1]},
								"east": {"uv": [25, 69], "uv_size": [1, 1]},
								"south": {"uv": [69, 25], "uv_size": [1, 1]},
								"west": {"uv": [26, 69], "uv_size": [1, 1]},
								"up": {"uv": [69, 26], "uv_size": [1, 1]},
								"down": {"uv": [27, 70], "uv_size": [1, -1]}
							}
						},
						{
							"origin": [2.70048, 28.375, -4.36154],
							"size": [0.9, 1.5, 0.8],
							"pivot": [0.60048, 27.775, -3.36154],
							"rotation": [0, 0, 19],
							"uv": {
								"north": {"uv": [69, 27], "uv_size": [1, 1]},
								"east": {"uv": [28, 69], "uv_size": [1, 1]},
								"south": {"uv": [69, 28], "uv_size": [1, 1]},
								"west": {"uv": [29, 69], "uv_size": [1, 1]},
								"up": {"uv": [69, 29], "uv_size": [1, 1]},
								"down": {"uv": [30, 70], "uv_size": [1, -1]}
							}
						},
						{
							"origin": [2.0706, 26.26538, -4.36154],
							"size": [0.9, 1.7, 0.8],
							"pivot": [2.87477, 26.93829, -3.96154],
							"rotation": [0, 0, 53],
							"uv": {
								"north": {"uv": [69, 30], "uv_size": [1, 1]},
								"east": {"uv": [31, 69], "uv_size": [1, 1]},
								"south": {"uv": [69, 31], "uv_size": [1, 1]},
								"west": {"uv": [32, 69], "uv_size": [1, 1]},
								"up": {"uv": [69, 32], "uv_size": [1, 1]},
								"down": {"uv": [33, 70], "uv_size": [1, -1]}
							}
						},
						{
							"origin": [0.50048, 27.575, -4.36154],
							"size": [0.8, 2.4, 0.8],
							"pivot": [0.60048, 27.775, -3.36154],
							"rotation": [0, 0, 108],
							"uv": {
								"north": {"uv": [69, 36], "uv_size": [1, 1]},
								"east": {"uv": [37, 69], "uv_size": [1, 1]},
								"south": {"uv": [69, 37], "uv_size": [1, 1]},
								"west": {"uv": [38, 69], "uv_size": [1, 1]},
								"up": {"uv": [69, 38], "uv_size": [1, 1]},
								"down": {"uv": [39, 70], "uv_size": [1, -1]}
							}
						},
						{
							"origin": [0.90048, 27.575, -4.36154],
							"size": [0.9, 0.3, 0.8],
							"pivot": [0.60048, 27.775, -3.36154],
							"rotation": [0, 0, 108],
							"uv": {
								"north": {"uv": [69, 36], "uv_size": [1, 1]},
								"east": {"uv": [37, 69], "uv_size": [1, 1]},
								"south": {"uv": [69, 37], "uv_size": [1, 1]},
								"west": {"uv": [38, 69], "uv_size": [1, 1]},
								"up": {"uv": [69, 38], "uv_size": [1, 1]},
								"down": {"uv": [39, 70], "uv_size": [1, -1]}
							}
						}
					]
				},
				{
					"name": "RightArm",
					"parent": "Body",
					"pivot": [-5, 22, 0],
					"cubes": [
						{
							"origin": [-8, 13, -2],
							"size": [3.9, 11, 4],
							"inflate": 0.15,
							"uv": {
								"north": {"uv": [12, 32], "uv_size": [4, 12]},
								"east": {"uv": [32, 12], "uv_size": [4, 12]},
								"south": {"uv": [32, 24], "uv_size": [4, 12]},
								"west": {"uv": [36, 0], "uv_size": [4, 12]},
								"up": {"uv": [54, 8], "uv_size": [4, 4]},
								"down": {"uv": [12, 58], "uv_size": [4, -4]}
							}
						},
						{
							"origin": [-8.4, 15.6, -2.2],
							"size": [4.8, 8.7, 4.4],
							"inflate": 0.15,
							"uv": {
								"north": {"uv": [12, 32], "uv_size": [4, 12]},
								"east": {"uv": [32, 12], "uv_size": [4, 12]},
								"south": {"uv": [32, 24], "uv_size": [4, 12]},
								"west": {"uv": [36, 0], "uv_size": [4, 12]},
								"up": {"uv": [54, 8], "uv_size": [4, 4]},
								"down": {"uv": [12, 58], "uv_size": [4, -4]}
							}
						},
						{
							"origin": [-5, 12, -2],
							"size": [1, 2, 4],
							"inflate": 0.15,
							"uv": {
								"north": {"uv": [12, 32], "uv_size": [4, 12]},
								"east": {"uv": [32, 12], "uv_size": [4, 12]},
								"south": {"uv": [32, 24], "uv_size": [4, 12]},
								"west": {"uv": [36, 0], "uv_size": [4, 12]},
								"up": {"uv": [54, 8], "uv_size": [4, 4]},
								"down": {"uv": [12, 58], "uv_size": [4, -4]}
							}
						},
						{
							"origin": [-8, 12, -2],
							"size": [3, 1, 4],
							"inflate": 0.1,
							"uv": {
								"north": {"uv": [0, 55], "uv_size": [1, 2]},
								"east": {"uv": [0, 55], "uv_size": [1, 2]},
								"south": {"uv": [0, 55], "uv_size": [1, 2]},
								"west": {"uv": [0, 55], "uv_size": [1, 2]},
								"up": {"uv": [1, 57], "uv_size": [-1, -2]},
								"down": {"uv": [1, 57], "uv_size": [-1, -2]}
							}
						},
						{
							"origin": [-8.2, 14.6, -2.3],
							"size": [4.4, 1, 4.6],
							"uv": {
								"north": {"uv": [19, 12], "uv_size": [0, -4]},
								"east": {"uv": [19, 12], "uv_size": [0, -4]},
								"south": {"uv": [19, 12], "uv_size": [0, -4]},
								"west": {"uv": [19, 12], "uv_size": [0, -4]},
								"up": {"uv": [19, 8], "uv_size": [0, 4]},
								"down": {"uv": [19, 8], "uv_size": [0, 4]}
							}
						},
						{
							"origin": [-8.2, 11.8, -2.3],
							"size": [1, 1.5, 1.15],
							"uv": {
								"north": {"uv": [4, 6], "uv_size": [0, -4]},
								"east": {"uv": [4, 6], "uv_size": [0, -4]},
								"south": {"uv": [4, 6], "uv_size": [0, -4]},
								"west": {"uv": [4, 6], "uv_size": [0, -4]},
								"up": {"uv": [4, 2], "uv_size": [0, 4]},
								"down": {"uv": [4, 2], "uv_size": [0, 4]}
							}
						},
						{
							"origin": [-7.1, 11.8, -2.3],
							"size": [1, 1, 1.15],
							"uv": {
								"north": {"uv": [4, 6], "uv_size": [0, -4]},
								"east": {"uv": [4, 6], "uv_size": [0, -4]},
								"south": {"uv": [4, 6], "uv_size": [0, -4]},
								"west": {"uv": [4, 6], "uv_size": [0, -4]},
								"up": {"uv": [4, 2], "uv_size": [0, 4]},
								"down": {"uv": [4, 2], "uv_size": [0, 4]}
							}
						},
						{
							"origin": [-6, 11.8, -2.3],
							"size": [1, 1, 1.15],
							"uv": {
								"north": {"uv": [4, 6], "uv_size": [0, -4]},
								"east": {"uv": [4, 6], "uv_size": [0, -4]},
								"south": {"uv": [4, 6], "uv_size": [0, -4]},
								"west": {"uv": [4, 6], "uv_size": [0, -4]},
								"up": {"uv": [4, 2], "uv_size": [0, 4]},
								"down": {"uv": [4, 2], "uv_size": [0, 4]}
							}
						},
						{
							"origin": [-8.2, 11.8, 1.3],
							"size": [1, 1.5, 1],
							"uv": {
								"north": {"uv": [4, 6], "uv_size": [0, -4]},
								"east": {"uv": [4, 6], "uv_size": [0, -4]},
								"south": {"uv": [4, 6], "uv_size": [0, -4]},
								"west": {"uv": [4, 6], "uv_size": [0, -4]},
								"up": {"uv": [4, 6], "uv_size": [0, -4]},
								"down": {"uv": [4, 6], "uv_size": [0, -4]}
							}
						},
						{
							"origin": [-7.1, 11.8, 1.3],
							"size": [1, 1, 1],
							"uv": {
								"north": {"uv": [4, 6], "uv_size": [0, -4]},
								"east": {"uv": [4, 6], "uv_size": [0, -4]},
								"south": {"uv": [4, 6], "uv_size": [0, -4]},
								"west": {"uv": [4, 6], "uv_size": [0, -4]},
								"up": {"uv": [4, 6], "uv_size": [0, -4]},
								"down": {"uv": [4, 6], "uv_size": [0, -4]}
							}
						},
						{
							"origin": [-8.2, 11.8, -1.1],
							"size": [1, 1.5, 1.15],
							"uv": {
								"north": {"uv": [4, 6], "uv_size": [0, -4]},
								"east": {"uv": [4, 6], "uv_size": [0, -4]},
								"south": {"uv": [4, 6], "uv_size": [0, -4]},
								"west": {"uv": [4, 6], "uv_size": [0, -4]},
								"up": {"uv": [4, 2], "uv_size": [0, 4]},
								"down": {"uv": [4, 2], "uv_size": [0, 4]}
							}
						},
						{
							"origin": [-7.1, 11.8, -1.1],
							"size": [1, 1, 1.15],
							"uv": {
								"north": {"uv": [4, 6], "uv_size": [0, -4]},
								"east": {"uv": [4, 6], "uv_size": [0, -4]},
								"south": {"uv": [4, 6], "uv_size": [0, -4]},
								"west": {"uv": [4, 6], "uv_size": [0, -4]},
								"up": {"uv": [4, 2], "uv_size": [0, 4]},
								"down": {"uv": [4, 2], "uv_size": [0, 4]}
							}
						},
						{
							"origin": [-6, 11.8, -1.1],
							"size": [1, 1, 1.15],
							"uv": {
								"north": {"uv": [4, 6], "uv_size": [0, -4]},
								"east": {"uv": [4, 6], "uv_size": [0, -4]},
								"south": {"uv": [4, 6], "uv_size": [0, -4]},
								"west": {"uv": [4, 6], "uv_size": [0, -4]},
								"up": {"uv": [4, 2], "uv_size": [0, 4]},
								"down": {"uv": [4, 2], "uv_size": [0, 4]}
							}
						},
						{
							"origin": [-6, 11.8, 0.1],
							"size": [1, 1, 1.15],
							"uv": {
								"north": {"uv": [4, 6], "uv_size": [0, -4]},
								"east": {"uv": [4, 6], "uv_size": [0, -4]},
								"south": {"uv": [4, 6], "uv_size": [0, -4]},
								"west": {"uv": [4, 6], "uv_size": [0, -4]},
								"up": {"uv": [4, 2], "uv_size": [0, 4]},
								"down": {"uv": [4, 2], "uv_size": [0, 4]}
							}
						},
						{
							"origin": [-6, 11.8, 1.3],
							"size": [1, 1, 1],
							"uv": {
								"north": {"uv": [4, 6], "uv_size": [0, -4]},
								"east": {"uv": [4, 6], "uv_size": [0, -4]},
								"south": {"uv": [4, 6], "uv_size": [0, -4]},
								"west": {"uv": [4, 6], "uv_size": [0, -4]},
								"up": {"uv": [4, 2], "uv_size": [0, 4]},
								"down": {"uv": [4, 2], "uv_size": [0, 4]}
							}
						},
						{
							"origin": [-8.2, 11.8, 0.1],
							"size": [1, 1.5, 1.15],
							"uv": {
								"north": {"uv": [4, 6], "uv_size": [0, -4]},
								"east": {"uv": [4, 6], "uv_size": [0, -4]},
								"south": {"uv": [4, 6], "uv_size": [0, -4]},
								"west": {"uv": [4, 6], "uv_size": [0, -4]},
								"up": {"uv": [4, 2], "uv_size": [0, 4]},
								"down": {"uv": [4, 2], "uv_size": [0, 4]}
							}
						},
						{
							"origin": [-7.1, 11.8, 0.1],
							"size": [1, 1, 1.15],
							"uv": {
								"north": {"uv": [4, 6], "uv_size": [0, -4]},
								"east": {"uv": [4, 6], "uv_size": [0, -4]},
								"south": {"uv": [4, 6], "uv_size": [0, -4]},
								"west": {"uv": [4, 6], "uv_size": [0, -4]},
								"up": {"uv": [4, 2], "uv_size": [0, 4]},
								"down": {"uv": [4, 2], "uv_size": [0, 4]}
							}
						}
					]
				},
				{
					"name": "LeftArm",
					"parent": "Body",
					"pivot": [5, 22, 0],
					"cubes": [
						{
							"origin": [4, 13, -2],
							"size": [3.9, 11, 4],
							"inflate": 0.15,
							"uv": {
								"north": {"uv": [16, 32], "uv_size": [-4, 12]},
								"east": {"uv": [40, 0], "uv_size": [-4, 12]},
								"south": {"uv": [36, 24], "uv_size": [-4, 12]},
								"west": {"uv": [36, 12], "uv_size": [-4, 12]},
								"up": {"uv": [58, 8], "uv_size": [-4, 4]},
								"down": {"uv": [16, 58], "uv_size": [-4, -4]}
							}
						},
						{
							"origin": [3.6, 15.6, -2.2],
							"size": [4.8, 8.7, 4.4],
							"inflate": 0.15,
							"uv": {
								"north": {"uv": [16, 32], "uv_size": [-4, 12]},
								"east": {"uv": [40, 0], "uv_size": [-4, 12]},
								"south": {"uv": [36, 24], "uv_size": [-4, 12]},
								"west": {"uv": [36, 12], "uv_size": [-4, 12]},
								"up": {"uv": [58, 8], "uv_size": [-4, 4]},
								"down": {"uv": [16, 58], "uv_size": [-4, -4]}
							}
						},
						{
							"origin": [4, 12, -2],
							"size": [1, 2, 4],
							"inflate": 0.15,
							"uv": {
								"north": {"uv": [16, 32], "uv_size": [-4, 12]},
								"east": {"uv": [40, 0], "uv_size": [-4, 12]},
								"south": {"uv": [36, 24], "uv_size": [-4, 12]},
								"west": {"uv": [36, 12], "uv_size": [-4, 12]},
								"up": {"uv": [58, 8], "uv_size": [-4, 4]},
								"down": {"uv": [16, 58], "uv_size": [-4, -4]}
							}
						},
						{
							"origin": [5, 12, -2],
							"size": [3, 1, 4],
							"inflate": 0.1,
							"uv": {
								"north": {"uv": [1, 55], "uv_size": [-1, 2]},
								"east": {"uv": [1, 55], "uv_size": [-1, 2]},
								"south": {"uv": [1, 55], "uv_size": [-1, 2]},
								"west": {"uv": [1, 55], "uv_size": [-1, 2]},
								"up": {"uv": [0, 57], "uv_size": [1, -2]},
								"down": {"uv": [0, 57], "uv_size": [1, -2]}
							}
						},
						{
							"origin": [3.8, 14.6, -2.3],
							"size": [4.4, 1, 4.6],
							"uv": {
								"north": {"uv": [19, 12], "uv_size": [0, -4]},
								"east": {"uv": [19, 12], "uv_size": [0, -4]},
								"south": {"uv": [19, 12], "uv_size": [0, -4]},
								"west": {"uv": [19, 12], "uv_size": [0, -4]},
								"up": {"uv": [19, 8], "uv_size": [0, 4]},
								"down": {"uv": [19, 8], "uv_size": [0, 4]}
							}
						},
						{
							"origin": [7.2, 11.8, -2.3],
							"size": [1, 1.5, 1.15],
							"uv": {
								"north": {"uv": [4, 6], "uv_size": [0, -4]},
								"east": {"uv": [4, 6], "uv_size": [0, -4]},
								"south": {"uv": [4, 6], "uv_size": [0, -4]},
								"west": {"uv": [4, 6], "uv_size": [0, -4]},
								"up": {"uv": [4, 2], "uv_size": [0, 4]},
								"down": {"uv": [4, 2], "uv_size": [0, 4]}
							}
						},
						{
							"origin": [6.1, 11.8, -2.3],
							"size": [1, 1, 1.15],
							"uv": {
								"north": {"uv": [4, 6], "uv_size": [0, -4]},
								"east": {"uv": [4, 6], "uv_size": [0, -4]},
								"south": {"uv": [4, 6], "uv_size": [0, -4]},
								"west": {"uv": [4, 6], "uv_size": [0, -4]},
								"up": {"uv": [4, 2], "uv_size": [0, 4]},
								"down": {"uv": [4, 2], "uv_size": [0, 4]}
							}
						},
						{
							"origin": [5, 11.8, -2.3],
							"size": [1, 1, 1.15],
							"uv": {
								"north": {"uv": [4, 6], "uv_size": [0, -4]},
								"east": {"uv": [4, 6], "uv_size": [0, -4]},
								"south": {"uv": [4, 6], "uv_size": [0, -4]},
								"west": {"uv": [4, 6], "uv_size": [0, -4]},
								"up": {"uv": [4, 2], "uv_size": [0, 4]},
								"down": {"uv": [4, 2], "uv_size": [0, 4]}
							}
						},
						{
							"origin": [7.2, 11.8, 1.3],
							"size": [1, 1.5, 1],
							"uv": {
								"north": {"uv": [4, 6], "uv_size": [0, -4]},
								"east": {"uv": [4, 6], "uv_size": [0, -4]},
								"south": {"uv": [4, 6], "uv_size": [0, -4]},
								"west": {"uv": [4, 6], "uv_size": [0, -4]},
								"up": {"uv": [4, 6], "uv_size": [0, -4]},
								"down": {"uv": [4, 6], "uv_size": [0, -4]}
							}
						},
						{
							"origin": [6.1, 11.8, 1.3],
							"size": [1, 1, 1],
							"uv": {
								"north": {"uv": [4, 6], "uv_size": [0, -4]},
								"east": {"uv": [4, 6], "uv_size": [0, -4]},
								"south": {"uv": [4, 6], "uv_size": [0, -4]},
								"west": {"uv": [4, 6], "uv_size": [0, -4]},
								"up": {"uv": [4, 6], "uv_size": [0, -4]},
								"down": {"uv": [4, 6], "uv_size": [0, -4]}
							}
						},
						{
							"origin": [7.2, 11.8, -1.1],
							"size": [1, 1.5, 1.15],
							"uv": {
								"north": {"uv": [4, 6], "uv_size": [0, -4]},
								"east": {"uv": [4, 6], "uv_size": [0, -4]},
								"south": {"uv": [4, 6], "uv_size": [0, -4]},
								"west": {"uv": [4, 6], "uv_size": [0, -4]},
								"up": {"uv": [4, 2], "uv_size": [0, 4]},
								"down": {"uv": [4, 2], "uv_size": [0, 4]}
							}
						},
						{
							"origin": [6.1, 11.8, -1.1],
							"size": [1, 1, 1.15],
							"uv": {
								"north": {"uv": [4, 6], "uv_size": [0, -4]},
								"east": {"uv": [4, 6], "uv_size": [0, -4]},
								"south": {"uv": [4, 6], "uv_size": [0, -4]},
								"west": {"uv": [4, 6], "uv_size": [0, -4]},
								"up": {"uv": [4, 2], "uv_size": [0, 4]},
								"down": {"uv": [4, 2], "uv_size": [0, 4]}
							}
						},
						{
							"origin": [5, 11.8, -1.1],
							"size": [1, 1, 1.15],
							"uv": {
								"north": {"uv": [4, 6], "uv_size": [0, -4]},
								"east": {"uv": [4, 6], "uv_size": [0, -4]},
								"south": {"uv": [4, 6], "uv_size": [0, -4]},
								"west": {"uv": [4, 6], "uv_size": [0, -4]},
								"up": {"uv": [4, 2], "uv_size": [0, 4]},
								"down": {"uv": [4, 2], "uv_size": [0, 4]}
							}
						},
						{
							"origin": [5, 11.8, 0.1],
							"size": [1, 1, 1.15],
							"uv": {
								"north": {"uv": [4, 6], "uv_size": [0, -4]},
								"east": {"uv": [4, 6], "uv_size": [0, -4]},
								"south": {"uv": [4, 6], "uv_size": [0, -4]},
								"west": {"uv": [4, 6], "uv_size": [0, -4]},
								"up": {"uv": [4, 2], "uv_size": [0, 4]},
								"down": {"uv": [4, 2], "uv_size": [0, 4]}
							}
						},
						{
							"origin": [5, 11.8, 1.3],
							"size": [1, 1, 1],
							"uv": {
								"north": {"uv": [4, 6], "uv_size": [0, -4]},
								"east": {"uv": [4, 6], "uv_size": [0, -4]},
								"south": {"uv": [4, 6], "uv_size": [0, -4]},
								"west": {"uv": [4, 6], "uv_size": [0, -4]},
								"up": {"uv": [4, 2], "uv_size": [0, 4]},
								"down": {"uv": [4, 2], "uv_size": [0, 4]}
							}
						},
						{
							"origin": [7.2, 11.8, 0.1],
							"size": [1, 1.5, 1.15],
							"uv": {
								"north": {"uv": [4, 6], "uv_size": [0, -4]},
								"east": {"uv": [4, 6], "uv_size": [0, -4]},
								"south": {"uv": [4, 6], "uv_size": [0, -4]},
								"west": {"uv": [4, 6], "uv_size": [0, -4]},
								"up": {"uv": [4, 2], "uv_size": [0, 4]},
								"down": {"uv": [4, 2], "uv_size": [0, 4]}
							}
						},
						{
							"origin": [6.1, 11.8, 0.1],
							"size": [1, 1, 1.15],
							"uv": {
								"north": {"uv": [4, 6], "uv_size": [0, -4]},
								"east": {"uv": [4, 6], "uv_size": [0, -4]},
								"south": {"uv": [4, 6], "uv_size": [0, -4]},
								"west": {"uv": [4, 6], "uv_size": [0, -4]},
								"up": {"uv": [4, 2], "uv_size": [0, 4]},
								"down": {"uv": [4, 2], "uv_size": [0, 4]}
							}
						}
					]
				}
			]
		}
	]
}