{
	"format_version": "1.12.0",
	"minecraft:geometry": [
		{
			"description": {
				"identifier": "geometry.mc_spiderps4",
				"texture_width": 128,
				"texture_height": 128,
				"visible_bounds_width": 3,
				"visible_bounds_height": 3.5,
				"visible_bounds_offset": [0, 1.25, 0]
			},
			"bones": [
				{
					"name": "root",
					"pivot": [0, 0, 0]
				},
				{
					"name": "RightLeg",
					"parent": "root",
					"pivot": [-1.9, 12, 0],
					"cubes": [
						{
							"origin": [-3.9, 0, -2],
							"size": [4, 12, 4],
							"inflate": 0.15,
							"uv": {
								"north": {"uv": [16, 24], "uv_size": [4, 12]},
								"east": {"uv": [20, 24], "uv_size": [4, 12]},
								"south": {"uv": [24, 24], "uv_size": [4, 12]},
								"west": {"uv": [0, 28], "uv_size": [4, 12]},
								"up": {"uv": [53, 23], "uv_size": [4, 4]},
								"down": {"uv": [0, 58], "uv_size": [4, -4]}
							}
						},
						{
							"origin": [-4, 5.9, -2],
							"size": [0.3, 6.1, 3.4],
							"inflate": 0.25,
							"uv": {
								"north": {"uv": [62, 17], "uv_size": [1, 5]},
								"east": {"uv": [32, 55], "uv_size": [3, 5]},
								"south": {"uv": [19, 62], "uv_size": [1, 5]},
								"west": {"uv": [35, 55], "uv_size": [3, 5]},
								"up": {"uv": [45, 15], "uv_size": [1, 3]},
								"down": {"uv": [65, 32], "uv_size": [1, -3]}
							}
						}
					]
				},
				{
					"name": "LeftLeg",
					"parent": "root",
					"pivot": [1.9, 12, 0],
					"cubes": [
						{
							"origin": [-0.1, 0, -2],
							"size": [4, 12, 4],
							"inflate": 0.15,
							"uv": {
								"north": {"uv": [28, 0], "uv_size": [4, 12]},
								"east": {"uv": [4, 28], "uv_size": [4, 12]},
								"south": {"uv": [28, 12], "uv_size": [4, 12]},
								"west": {"uv": [28, 24], "uv_size": [4, 12]},
								"up": {"uv": [4, 54], "uv_size": [4, 4]},
								"down": {"uv": [8, 58], "uv_size": [4, -4]}
							}
						},
						{
							"origin": [3.5, 6, -2.1],
							"size": [0.6, 6, 3.5],
							"inflate": 0.15,
							"uv": {
								"north": {"uv": [40, 18], "uv_size": [1, 6]},
								"east": {"uv": [0, 48], "uv_size": [4, 6]},
								"south": {"uv": [56, 59], "uv_size": [1, 6]},
								"west": {"uv": [15, 48], "uv_size": [4, 6]},
								"up": {"uv": [7, 40], "uv_size": [1, 4]},
								"down": {"uv": [15, 48], "uv_size": [1, -4]}
							}
						}
					]
				},
				{
					"name": "waist",
					"parent": "root",
					"pivot": [0, 0, 0]
				},
				{
					"name": "Body",
					"parent": "waist",
					"pivot": [0, 24, 0],
					"cubes": [
						{
							"origin": [-4, 12, -2],
							"size": [8, 12, 4],
							"inflate": 0.15,
							"uv": {
								"north": {"uv": [0, 0], "uv_size": [8, 12]},
								"east": {"uv": [32, 0], "uv_size": [4, 12]},
								"south": {"uv": [8, 0], "uv_size": [8, 12]},
								"west": {"uv": [8, 32], "uv_size": [4, 12]},
								"up": {"uv": [41, 26], "uv_size": [8, 4]},
								"down": {"uv": [43, 34], "uv_size": [8, -4]}
							}
						},
						{
							"origin": [-4.3, 11.9, -2.7],
							"size": [2.9, 0.5, 4.3],
							"uv": {
								"north": {"uv": [58, 11], "uv_size": [9, 1]},
								"east": {"uv": [61, 35], "uv_size": [5, 1]},
								"south": {"uv": [58, 27], "uv_size": [9, 1]},
								"west": {"uv": [61, 36], "uv_size": [5, 1]},
								"up": {"uv": [40, 0], "uv_size": [9, 5]},
								"down": {"uv": [40, 10], "uv_size": [9, -5]}
							}
						},
						{
							"origin": [1.5, 11.9, -2.7],
							"size": [2.9, 0.6, 4.3],
							"uv": {
								"north": {"uv": [58, 11], "uv_size": [9, 1]},
								"east": {"uv": [61, 35], "uv_size": [5, 1]},
								"south": {"uv": [58, 27], "uv_size": [9, 1]},
								"west": {"uv": [61, 36], "uv_size": [5, 1]},
								"up": {"uv": [40, 0], "uv_size": [9, 5]},
								"down": {"uv": [40, 10], "uv_size": [9, -5]}
							}
						},
						{
							"origin": [-4.3, 12, 0.1],
							"size": [8.5, 11.5, 2.3],
							"uv": {
								"north": {"uv": [58, 11], "uv_size": [9, 1]},
								"east": {"uv": [61, 35], "uv_size": [5, 1]},
								"south": {"uv": [58, 27], "uv_size": [9, 1]},
								"west": {"uv": [61, 36], "uv_size": [5, 1]},
								"up": {"uv": [40, 0], "uv_size": [9, 5]},
								"down": {"uv": [40, 10], "uv_size": [9, -5]}
							}
						},
						{
							"origin": [-2.2, 13.1, -2.3],
							"size": [2.1, 0.4, 4.9],
							"pivot": [-0.9, 13.3, 0.05],
							"rotation": [0, 0, 7],
							"uv": {
								"north": {"uv": [64, 7], "uv_size": [4, 1]},
								"east": {"uv": [60, 50], "uv_size": [5, 1]},
								"south": {"uv": [64, 8], "uv_size": [4, 1]},
								"west": {"uv": [60, 51], "uv_size": [5, 1]},
								"up": {"uv": [19, 48], "uv_size": [4, 5]},
								"down": {"uv": [23, 53], "uv_size": [4, -5]}
							}
						},
						{
							"origin": [-0.2, 13.2, -2.3],
							"size": [2.1, 0.4, 4.9],
							"pivot": [1.1, 13.4, 0.05],
							"rotation": [0, 0, -7],
							"uv": {
								"north": {"uv": [64, 7], "uv_size": [4, 1]},
								"east": {"uv": [60, 50], "uv_size": [5, 1]},
								"south": {"uv": [64, 8], "uv_size": [4, 1]},
								"west": {"uv": [60, 51], "uv_size": [5, 1]},
								"up": {"uv": [19, 48], "uv_size": [4, 5]},
								"down": {"uv": [23, 53], "uv_size": [4, -5]}
							}
						},
						{
							"origin": [-2.2, 11.8, -2.5],
							"size": [2.1, 0.5, 5.1],
							"pivot": [-0.9, 12.1, 0.05],
							"rotation": [0, 0, 7],
							"uv": {
								"north": {"uv": [64, 7], "uv_size": [4, 1]},
								"east": {"uv": [60, 50], "uv_size": [5, 1]},
								"south": {"uv": [64, 8], "uv_size": [4, 1]},
								"west": {"uv": [60, 51], "uv_size": [5, 1]},
								"up": {"uv": [19, 48], "uv_size": [4, 5]},
								"down": {"uv": [23, 53], "uv_size": [4, -5]}
							}
						},
						{
							"origin": [-0.2, 11.9, -2.5],
							"size": [2.1, 0.5, 5.1],
							"pivot": [1.1, 12.2, 0.05],
							"rotation": [0, 0, -7],
							"uv": {
								"north": {"uv": [64, 7], "uv_size": [4, 1]},
								"east": {"uv": [60, 50], "uv_size": [5, 1]},
								"south": {"uv": [64, 8], "uv_size": [4, 1]},
								"west": {"uv": [60, 51], "uv_size": [5, 1]},
								"up": {"uv": [19, 48], "uv_size": [4, 5]},
								"down": {"uv": [23, 53], "uv_size": [4, -5]}
							}
						},
						{
							"origin": [-4.5, 13.3, -2.3],
							"size": [3, 1.1, 4.9],
							"uv": {
								"north": {"uv": [46, 25], "uv_size": [3, 1]},
								"east": {"uv": [59, 14], "uv_size": [5, 1]},
								"south": {"uv": [65, 10], "uv_size": [3, 1]},
								"west": {"uv": [60, 10], "uv_size": [5, 1]},
								"up": {"uv": [12, 49], "uv_size": [3, 5]},
								"down": {"uv": [16, 59], "uv_size": [3, -5]}
							}
						},
						{
							"origin": [-4.5, 14.1, -2.5],
							"size": [1.4, 7.9, 5.1],
							"uv": {
								"north": {"uv": [16, 59], "uv_size": [1, 8]},
								"east": {"uv": [0, 40], "uv_size": [5, 8]},
								"south": {"uv": [17, 59], "uv_size": [1, 8]},
								"west": {"uv": [40, 10], "uv_size": [5, 8]},
								"up": {"uv": [4, 60], "uv_size": [1, 5]},
								"down": {"uv": [23, 65], "uv_size": [1, -5]}
							}
						},
						{
							"origin": [-4.5, 14.3, -2.5],
							"size": [1.1, 9.4, 5.1],
							"pivot": [0, 24, 0],
							"rotation": [0, 0, -8],
							"uv": {
								"north": {"uv": [57, 58], "uv_size": [1, 9]},
								"east": {"uv": [33, 36], "uv_size": [5, 9]},
								"south": {"uv": [58, 58], "uv_size": [1, 9]},
								"west": {"uv": [38, 33], "uv_size": [5, 9]},
								"up": {"uv": [60, 60], "uv_size": [1, 5]},
								"down": {"uv": [61, 20], "uv_size": [1, -5]}
							}
						},
						{
							"origin": [-3.9, 20, -2.5],
							"size": [1.1, 3.7, 5.1],
							"pivot": [0, 24, 0],
							"rotation": [0, 0, 14.5],
							"uv": {
								"north": {"uv": [65, 17], "uv_size": [1, 4]},
								"east": {"uv": [53, 0], "uv_size": [5, 4]},
								"south": {"uv": [23, 65], "uv_size": [1, 4]},
								"west": {"uv": [53, 4], "uv_size": [5, 4]},
								"up": {"uv": [42, 64], "uv_size": [1, 5]},
								"down": {"uv": [43, 69], "uv_size": [1, -5]}
							}
						},
						{
							"origin": [1.5, 13.3, -2.3],
							"size": [3, 1.1, 4.9],
							"uv": {
								"north": {"uv": [65, 21], "uv_size": [3, 1]},
								"east": {"uv": [32, 60], "uv_size": [5, 1]},
								"south": {"uv": [65, 28], "uv_size": [3, 1]},
								"west": {"uv": [60, 49], "uv_size": [5, 1]},
								"up": {"uv": [51, 54], "uv_size": [3, 5]},
								"down": {"uv": [54, 59], "uv_size": [3, -5]}
							}
						},
						{
							"origin": [3.3, 14.6, -2.5],
							"size": [1.2, 8.8, 5.1],
							"pivot": [0, 24, 0],
							"rotation": [0, 0, 8],
							"uv": {
								"north": {"uv": [15, 58], "uv_size": [1, 9]},
								"east": {"uv": [36, 24], "uv_size": [5, 9]},
								"south": {"uv": [50, 58], "uv_size": [1, 9]},
								"west": {"uv": [28, 36], "uv_size": [5, 9]},
								"up": {"uv": [37, 60], "uv_size": [1, 5]},
								"down": {"uv": [59, 65], "uv_size": [1, -5]}
							}
						},
						{
							"origin": [3.1, 20.7, -2.5],
							"size": [0.9, 2.7, 5.1],
							"pivot": [0, 24, 0],
							"rotation": [0, 0, -12],
							"uv": {
								"north": {"uv": [60, 65], "uv_size": [1, 3]},
								"east": {"uv": [56, 30], "uv_size": [5, 3]},
								"south": {"uv": [61, 65], "uv_size": [1, 3]},
								"west": {"uv": [19, 57], "uv_size": [5, 3]},
								"up": {"uv": [40, 64], "uv_size": [1, 5]},
								"down": {"uv": [41, 69], "uv_size": [1, -5]}
							}
						},
						{
							"origin": [3.2, 14.3, -2.5],
							"size": [1.3, 7.7, 5.1],
							"uv": {
								"north": {"uv": [18, 59], "uv_size": [1, 8]},
								"east": {"uv": [41, 18], "uv_size": [5, 8]},
								"south": {"uv": [51, 59], "uv_size": [1, 8]},
								"west": {"uv": [38, 42], "uv_size": [5, 8]},
								"up": {"uv": [61, 20], "uv_size": [1, 5]},
								"down": {"uv": [61, 35], "uv_size": [1, -5]}
							}
						},
						{
							"origin": [-0.5, 18.6, -2.3],
							"size": [1.2, 4, 0.8],
							"uv": {
								"north": {"uv": [44, 64], "uv_size": [1, 4]},
								"east": {"uv": [51, 15], "uv_size": [5, 4]},
								"south": {"uv": [45, 64], "uv_size": [1, 4]},
								"west": {"uv": [51, 19], "uv_size": [5, 4]},
								"up": {"uv": [20, 62], "uv_size": [1, 5]},
								"down": {"uv": [21, 67], "uv_size": [1, -5]}
							}
						},
						{
							"origin": [-0.8, 22.4, -2.3],
							"size": [0.3, 0.6, 1],
							"pivot": [-0.65, 22.75, -1.8],
							"rotation": [-23.38945, -40.15961, 12.8092],
							"uv": {
								"north": {"uv": [3, 68], "uv_size": [1, 1]},
								"east": {"uv": [64, 2], "uv_size": [5, 1]},
								"south": {"uv": [5, 68], "uv_size": [1, 1]},
								"west": {"uv": [64, 3], "uv_size": [5, 1]},
								"up": {"uv": [64, 17], "uv_size": [1, 5]},
								"down": {"uv": [64, 33], "uv_size": [1, -5]}
							}
						},
						{
							"origin": [0.1, 22.4, -2.3],
							"size": [0.3, 0.6, 1],
							"pivot": [0.25, 22.75, -1.8],
							"rotation": [-23.38945, -40.15961, 12.8092],
							"uv": {
								"north": {"uv": [3, 68], "uv_size": [1, 1]},
								"east": {"uv": [64, 2], "uv_size": [5, 1]},
								"south": {"uv": [5, 68], "uv_size": [1, 1]},
								"west": {"uv": [64, 3], "uv_size": [5, 1]},
								"up": {"uv": [64, 17], "uv_size": [1, 5]},
								"down": {"uv": [64, 33], "uv_size": [1, -5]}
							}
						},
						{
							"origin": [1.88532, 21.8973, -2.5],
							"size": [1.2, 0.3, 1],
							"pivot": [1.91436, 21.85863, -2],
							"rotation": [0, 0, 13],
							"uv": {
								"north": {"uv": [66, 20], "uv_size": [2, 1]},
								"east": {"uv": [63, 40], "uv_size": [5, 1]},
								"south": {"uv": [66, 25], "uv_size": [2, 1]},
								"west": {"uv": [63, 41], "uv_size": [5, 1]},
								"up": {"uv": [28, 58], "uv_size": [2, 5]},
								"down": {"uv": [30, 63], "uv_size": [2, -5]}
							}
						},
						{
							"origin": [-3.08968, 21.76968, -2.5],
							"size": [1.4, 0.3, 1],
							"pivot": [-1.74686, 21.76663, -2],
							"rotation": [0, 0, -10],
							"uv": {
								"north": {"uv": [66, 26], "uv_size": [2, 1]},
								"east": {"uv": [63, 42], "uv_size": [5, 1]},
								"south": {"uv": [66, 29], "uv_size": [2, 1]},
								"west": {"uv": [43, 63], "uv_size": [5, 1]},
								"up": {"uv": [38, 58], "uv_size": [2, 5]},
								"down": {"uv": [40, 63], "uv_size": [2, -5]}
							}
						},
						{
							"origin": [0.61558, 21.65323, -2.4],
							"size": [1.5, 0.3, 1],
							"pivot": [1.31558, 21.80323, -1.9],
							"rotation": [-2.70121, 6.99927, -21.16523],
							"uv": {
								"north": {"uv": [65, 67], "uv_size": [1, 1]},
								"east": {"uv": [63, 5], "uv_size": [5, 1]},
								"south": {"uv": [67, 65], "uv_size": [1, 1]},
								"west": {"uv": [63, 12], "uv_size": [5, 1]},
								"up": {"uv": [28, 63], "uv_size": [1, 5]},
								"down": {"uv": [63, 33], "uv_size": [1, -5]}
							}
						},
						{
							"origin": [-1.88723, 21.47752, -2.4],
							"size": [1.6, 0.3, 1],
							"pivot": [-0.98723, 21.62752, -1.9],
							"rotation": [-4.3361, -11.73507, 20.44582],
							"uv": {
								"north": {"uv": [66, 67], "uv_size": [1, 1]},
								"east": {"uv": [63, 13], "uv_size": [5, 1]},
								"south": {"uv": [67, 66], "uv_size": [1, 1]},
								"west": {"uv": [38, 63], "uv_size": [5, 1]},
								"up": {"uv": [29, 63], "uv_size": [1, 5]},
								"down": {"uv": [30, 68], "uv_size": [1, -5]}
							}
						},
						{
							"origin": [-3.55615, 22.75514, -2.4046],
							"size": [2, 0.3, 1],
							"pivot": [-1.80992, 22.64202, -1.85425],
							"rotation": [7.04054, 9.78176, 8.2877],
							"uv": {
								"north": {"uv": [32, 66], "uv_size": [2, 1]},
								"east": {"uv": [64, 0], "uv_size": [5, 1]},
								"south": {"uv": [34, 66], "uv_size": [2, 1]},
								"west": {"uv": [64, 1], "uv_size": [5, 1]},
								"up": {"uv": [46, 58], "uv_size": [2, 5]},
								"down": {"uv": [48, 63], "uv_size": [2, -5]}
							}
						},
						{
							"origin": [-1.92364, 22.72547, -2.53319],
							"size": [1.7, 0.3, 1],
							"pivot": [-1.80992, 22.64202, -1.85425],
							"rotation": [-5.18909, -8.56003, 45.38861],
							"uv": {
								"north": {"uv": [1, 68], "uv_size": [1, 1]},
								"east": {"uv": [63, 60], "uv_size": [5, 1]},
								"south": {"uv": [2, 68], "uv_size": [1, 1]},
								"west": {"uv": [63, 61], "uv_size": [5, 1]},
								"up": {"uv": [49, 63], "uv_size": [1, 5]},
								"down": {"uv": [63, 67], "uv_size": [1, -5]}
							}
						},
						{
							"origin": [1.72434, 22.90388, -2.12544],
							"size": [2, 0.3, 1],
							"pivot": [1.97258, 22.73132, -1.75041],
							"rotation": [15.00355, -0.94396, -1.75596],
							"uv": {
								"north": {"uv": [66, 30], "uv_size": [2, 1]},
								"east": {"uv": [63, 43], "uv_size": [5, 1]},
								"south": {"uv": [66, 31], "uv_size": [2, 1]},
								"west": {"uv": [63, 44], "uv_size": [5, 1]},
								"up": {"uv": [42, 58], "uv_size": [2, 5]},
								"down": {"uv": [44, 63], "uv_size": [2, -5]}
							}
						},
						{
							"origin": [-2.06956, 16.49852, -2.3],
							"size": [0.4, 3.5, 1],
							"pivot": [-1.86956, 18.24852, -1.8],
							"rotation": [6.78219, -25.13433, -13.63209],
							"uv": {
								"north": {"uv": [46, 64], "uv_size": [1, 4]},
								"east": {"uv": [51, 30], "uv_size": [5, 4]},
								"south": {"uv": [47, 64], "uv_size": [1, 4]},
								"west": {"uv": [52, 34], "uv_size": [5, 4]},
								"up": {"uv": [14, 63], "uv_size": [1, 5]},
								"down": {"uv": [63, 22], "uv_size": [1, -5]}
							}
						},
						{
							"origin": [-3.26956, 15.79852, -2.6],
							"size": [0.4, 3.5, 1],
							"pivot": [-3.06956, 17.54852, -2.1],
							"rotation": [3.5435, -25.80608, -12.23899],
							"uv": {
								"north": {"uv": [46, 64], "uv_size": [1, 4]},
								"east": {"uv": [51, 30], "uv_size": [5, 4]},
								"south": {"uv": [47, 64], "uv_size": [1, 4]},
								"west": {"uv": [52, 34], "uv_size": [5, 4]},
								"up": {"uv": [14, 63], "uv_size": [1, 5]},
								"down": {"uv": [63, 22], "uv_size": [1, -5]}
							}
						},
						{
							"origin": [-3.56956, 18.89852, -2.7],
							"size": [0.4, 1.9, 1],
							"pivot": [-3.36956, 19.04852, -2.2],
							"rotation": [-1.38165, -33.70738, 6.85628],
							"uv": {
								"north": {"uv": [46, 64], "uv_size": [1, 4]},
								"east": {"uv": [51, 30], "uv_size": [5, 4]},
								"south": {"uv": [47, 64], "uv_size": [1, 4]},
								"west": {"uv": [52, 34], "uv_size": [5, 4]},
								"up": {"uv": [14, 63], "uv_size": [1, 5]},
								"down": {"uv": [63, 22], "uv_size": [1, -5]}
							}
						},
						{
							"origin": [0.30778, 19.72059, -2.3],
							"size": [2.1, 0.5, 1],
							"pivot": [1.65778, 19.97059, -1.8],
							"rotation": [-51.52439, 3.69921, 15.18824],
							"uv": {
								"north": {"uv": [66, 18], "uv_size": [2, 1]},
								"east": {"uv": [62, 56], "uv_size": [5, 1]},
								"south": {"uv": [66, 19], "uv_size": [2, 1]},
								"west": {"uv": [62, 57], "uv_size": [5, 1]},
								"up": {"uv": [13, 58], "uv_size": [2, 5]},
								"down": {"uv": [26, 63], "uv_size": [2, -5]}
							}
						},
						{
							"origin": [-2.39434, 20.09902, -2.28584],
							"size": [2.1, 0.5, 1],
							"pivot": [-1.34434, 20.34902, -1.78584],
							"rotation": [138.77543, 4.22026, 165.38468],
							"uv": {
								"north": {"uv": [66, 18], "uv_size": [2, 1]},
								"east": {"uv": [62, 56], "uv_size": [5, 1]},
								"south": {"uv": [66, 19], "uv_size": [2, 1]},
								"west": {"uv": [62, 57], "uv_size": [5, 1]},
								"up": {"uv": [13, 58], "uv_size": [2, 5]},
								"down": {"uv": [26, 63], "uv_size": [2, -5]}
							}
						},
						{
							"origin": [0.38165, 20.15353, -2.336],
							"size": [2.604, 0.62, 1.24],
							"pivot": [2.05565, 20.46353, -1.716],
							"rotation": [-51.52439, 3.69921, 12.18824],
							"uv": {
								"north": {"uv": [66, 18], "uv_size": [2, 1]},
								"east": {"uv": [62, 56], "uv_size": [5, 1]},
								"south": {"uv": [66, 19], "uv_size": [2, 1]},
								"west": {"uv": [62, 57], "uv_size": [5, 1]},
								"up": {"uv": [13, 58], "uv_size": [2, 5]},
								"down": {"uv": [26, 63], "uv_size": [2, -5]}
							}
						},
						{
							"origin": [-2.96898, 20.62278, -2.31845],
							"size": [2.704, 0.62, 1.24],
							"pivot": [-1.66698, 20.93278, -1.69845],
							"rotation": [138.77543, 4.22026, 168.38468],
							"uv": {
								"north": {"uv": [66, 18], "uv_size": [2, 1]},
								"east": {"uv": [62, 56], "uv_size": [5, 1]},
								"south": {"uv": [66, 19], "uv_size": [2, 1]},
								"west": {"uv": [62, 57], "uv_size": [5, 1]},
								"up": {"uv": [13, 58], "uv_size": [2, 5]},
								"down": {"uv": [26, 63], "uv_size": [2, -5]}
							}
						},
						{
							"origin": [0.38165, 25.32153, -2.852],
							"size": [2.604, 0.62, 1.24],
							"pivot": [2.05565, 25.63153, -2.232],
							"rotation": [-51.52439, 3.69921, 15.18824],
							"uv": {
								"north": {"uv": [66, 18], "uv_size": [2, 1]},
								"east": {"uv": [62, 56], "uv_size": [5, 1]},
								"south": {"uv": [66, 19], "uv_size": [2, 1]},
								"west": {"uv": [62, 57], "uv_size": [5, 1]},
								"up": {"uv": [13, 58], "uv_size": [2, 5]},
								"down": {"uv": [26, 63], "uv_size": [2, -5]}
							}
						},
						{
							"origin": [-2.96898, 25.79078, -2.83445],
							"size": [2.604, 0.62, 1.24],
							"pivot": [-1.66698, 26.10078, -2.21445],
							"rotation": [138.77543, 4.22026, 165.38468],
							"uv": {
								"north": {"uv": [66, 18], "uv_size": [2, 1]},
								"east": {"uv": [62, 56], "uv_size": [5, 1]},
								"south": {"uv": [66, 19], "uv_size": [2, 1]},
								"west": {"uv": [62, 57], "uv_size": [5, 1]},
								"up": {"uv": [13, 58], "uv_size": [2, 5]},
								"down": {"uv": [26, 63], "uv_size": [2, -5]}
							}
						},
						{
							"origin": [1.52547, 16.41979, -2.2],
							"size": [0.4, 3.8, 1],
							"pivot": [1.72547, 18.31979, -1.7],
							"rotation": [2.4932, -10.89057, 13.32458],
							"uv": {
								"north": {"uv": [64, 64], "uv_size": [1, 4]},
								"east": {"uv": [52, 38], "uv_size": [5, 4]},
								"south": {"uv": [4, 65], "uv_size": [1, 4]},
								"west": {"uv": [52, 42], "uv_size": [5, 4]},
								"up": {"uv": [26, 63], "uv_size": [1, 5]},
								"down": {"uv": [27, 68], "uv_size": [1, -5]}
							}
						},
						{
							"origin": [2.52547, 16.01979, -2.6],
							"size": [0.4, 3.8, 1],
							"pivot": [2.72547, 17.91979, -2.1],
							"rotation": [2.80951, -30.23803, 7.54115],
							"uv": {
								"north": {"uv": [64, 64], "uv_size": [1, 4]},
								"east": {"uv": [52, 38], "uv_size": [5, 4]},
								"south": {"uv": [4, 65], "uv_size": [1, 4]},
								"west": {"uv": [52, 42], "uv_size": [5, 4]},
								"up": {"uv": [26, 63], "uv_size": [1, 5]},
								"down": {"uv": [27, 68], "uv_size": [1, -5]}
							}
						},
						{
							"origin": [3.02547, 19.41979, -2.6],
							"size": [0.4, 1.4, 1],
							"pivot": [3.22547, 18.91979, -2.1],
							"rotation": [1.55833, -3.95215, -9.55444],
							"uv": {
								"north": {"uv": [64, 64], "uv_size": [1, 4]},
								"east": {"uv": [52, 38], "uv_size": [5, 4]},
								"south": {"uv": [4, 65], "uv_size": [1, 4]},
								"west": {"uv": [52, 42], "uv_size": [5, 4]},
								"up": {"uv": [26, 63], "uv_size": [1, 5]},
								"down": {"uv": [27, 68], "uv_size": [1, -5]}
							}
						},
						{
							"origin": [0.8, 17.8, -2.3],
							"size": [1.3, 2.6, 0.8],
							"pivot": [0, 23.2, 0.5],
							"rotation": [0, 0, 15],
							"uv": {
								"north": {"uv": [37, 65], "uv_size": [1, 3]},
								"east": {"uv": [38, 55], "uv_size": [5, 3]},
								"south": {"uv": [65, 49], "uv_size": [1, 3]},
								"west": {"uv": [55, 49], "uv_size": [5, 3]},
								"up": {"uv": [22, 62], "uv_size": [1, 5]},
								"down": {"uv": [24, 67], "uv_size": [1, -5]}
							}
						},
						{
							"origin": [-1.7, 17.7, -2.3],
							"size": [1.2, 2.6, 0.8],
							"pivot": [0, 23.2, 0.5],
							"rotation": [0, 0, -12],
							"uv": {
								"north": {"uv": [56, 65], "uv_size": [1, 3]},
								"east": {"uv": [56, 15], "uv_size": [5, 3]},
								"south": {"uv": [59, 65], "uv_size": [1, 3]},
								"west": {"uv": [56, 18], "uv_size": [5, 3]},
								"up": {"uv": [25, 62], "uv_size": [1, 5]},
								"down": {"uv": [62, 33], "uv_size": [1, -5]}
							}
						},
						{
							"origin": [-0.80886, 20.67736, -2.3],
							"size": [0.9, 1.6, 0.8],
							"pivot": [0.29114, 21.37736, -2],
							"rotation": [0, 0, -9],
							"uv": {
								"north": {"uv": [37, 65], "uv_size": [1, 3]},
								"east": {"uv": [38, 55], "uv_size": [5, 3]},
								"south": {"uv": [65, 49], "uv_size": [1, 3]},
								"west": {"uv": [55, 49], "uv_size": [5, 3]},
								"up": {"uv": [22, 62], "uv_size": [1, 5]},
								"down": {"uv": [24, 67], "uv_size": [1, -5]}
							}
						},
						{
							"origin": [-0.00886, 20.47736, -2.3],
							"size": [0.9, 1.6, 0.8],
							"pivot": [1.09114, 21.17736, -2],
							"rotation": [0, 0, 8.5],
							"uv": {
								"north": {"uv": [37, 65], "uv_size": [1, 3]},
								"east": {"uv": [38, 55], "uv_size": [5, 3]},
								"south": {"uv": [65, 49], "uv_size": [1, 3]},
								"west": {"uv": [55, 49], "uv_size": [5, 3]},
								"up": {"uv": [22, 62], "uv_size": [1, 5]},
								"down": {"uv": [24, 67], "uv_size": [1, -5]}
							}
						},
						{
							"origin": [-1.00886, 21.37736, -2.3],
							"size": [0.9, 0.9, 0.8],
							"pivot": [0.09114, 21.37736, -2],
							"rotation": [0, 0, 21],
							"uv": {
								"north": {"uv": [37, 65], "uv_size": [1, 3]},
								"east": {"uv": [38, 55], "uv_size": [5, 3]},
								"south": {"uv": [65, 49], "uv_size": [1, 3]},
								"west": {"uv": [55, 49], "uv_size": [5, 3]},
								"up": {"uv": [22, 62], "uv_size": [1, 5]},
								"down": {"uv": [24, 67], "uv_size": [1, -5]}
							}
						},
						{
							"origin": [0.09114, 21.87736, -2.3],
							"size": [0.9, 0.9, 0.8],
							"pivot": [1.19114, 21.87736, -2],
							"rotation": [0, 0, -21],
							"uv": {
								"north": {"uv": [37, 65], "uv_size": [1, 3]},
								"east": {"uv": [38, 55], "uv_size": [5, 3]},
								"south": {"uv": [65, 49], "uv_size": [1, 3]},
								"west": {"uv": [55, 49], "uv_size": [5, 3]},
								"up": {"uv": [22, 62], "uv_size": [1, 5]},
								"down": {"uv": [24, 67], "uv_size": [1, -5]}
							}
						},
						{
							"origin": [-0.70273, 19.36308, -2.3],
							"size": [1.1, 1.3, 0.8],
							"pivot": [-0.10273, 20.16308, -2],
							"rotation": [0, 0, 39],
							"uv": {
								"north": {"uv": [56, 65], "uv_size": [1, 3]},
								"east": {"uv": [56, 15], "uv_size": [5, 3]},
								"south": {"uv": [59, 65], "uv_size": [1, 3]},
								"west": {"uv": [56, 18], "uv_size": [5, 3]},
								"up": {"uv": [25, 62], "uv_size": [1, 5]},
								"down": {"uv": [62, 33], "uv_size": [1, -5]}
							}
						},
						{
							"origin": [-0.00273, 19.16308, -2.3],
							"size": [1.1, 1.3, 0.8],
							"pivot": [0.59727, 19.96308, -2],
							"rotation": [0, 0, 39],
							"uv": {
								"north": {"uv": [56, 65], "uv_size": [1, 3]},
								"east": {"uv": [56, 15], "uv_size": [5, 3]},
								"south": {"uv": [59, 65], "uv_size": [1, 3]},
								"west": {"uv": [56, 18], "uv_size": [5, 3]},
								"up": {"uv": [25, 62], "uv_size": [1, 5]},
								"down": {"uv": [62, 33], "uv_size": [1, -5]}
							}
						},
						{
							"origin": [0.90778, 20.02059, 1.7],
							"size": [1.5, 0.5, 1],
							"pivot": [1.65778, 20.27059, 4.35],
							"rotation": [0, 0, 24],
							"uv": {
								"north": {"uv": [66, 18], "uv_size": [2, 1]},
								"east": {"uv": [62, 56], "uv_size": [5, 1]},
								"south": {"uv": [66, 19], "uv_size": [2, 1]},
								"west": {"uv": [62, 57], "uv_size": [5, 1]},
								"up": {"uv": [13, 58], "uv_size": [2, 5]},
								"down": {"uv": [26, 63], "uv_size": [2, -5]}
							}
						},
						{
							"origin": [-0.5, 18.6, 1.7],
							"size": [1.2, 4, 1],
							"uv": {
								"north": {"uv": [44, 64], "uv_size": [1, 4]},
								"east": {"uv": [51, 15], "uv_size": [5, 4]},
								"south": {"uv": [45, 64], "uv_size": [1, 4]},
								"west": {"uv": [51, 19], "uv_size": [5, 4]},
								"up": {"uv": [20, 62], "uv_size": [1, 5]},
								"down": {"uv": [21, 67], "uv_size": [1, -5]}
							}
						},
						{
							"origin": [-1.7, 18.5, 1.7],
							"size": [1.2, 2.6, 1],
							"pivot": [0, 24, 4.7],
							"rotation": [0, 0, -12],
							"uv": {
								"north": {"uv": [56, 65], "uv_size": [1, 3]},
								"east": {"uv": [56, 15], "uv_size": [5, 3]},
								"south": {"uv": [59, 65], "uv_size": [1, 3]},
								"west": {"uv": [56, 18], "uv_size": [5, 3]},
								"up": {"uv": [25, 62], "uv_size": [1, 5]},
								"down": {"uv": [62, 33], "uv_size": [1, -5]}
							}
						},
						{
							"origin": [2.8, 17, 1.7],
							"size": [0.4, 3.8, 1],
							"pivot": [0, 23.8, 4.7],
							"rotation": [0, 0, 14],
							"uv": {
								"north": {"uv": [64, 64], "uv_size": [1, 4]},
								"east": {"uv": [52, 38], "uv_size": [5, 4]},
								"south": {"uv": [4, 65], "uv_size": [1, 4]},
								"west": {"uv": [52, 42], "uv_size": [5, 4]},
								"up": {"uv": [26, 63], "uv_size": [1, 5]},
								"down": {"uv": [27, 68], "uv_size": [1, -5]}
							}
						},
						{
							"origin": [-2.1, 20.8, 1.7],
							"size": [4.2, 0.6, 1],
							"uv": {
								"north": {"uv": [64, 62], "uv_size": [4, 1]},
								"east": {"uv": [62, 22], "uv_size": [5, 1]},
								"south": {"uv": [64, 63], "uv_size": [4, 1]},
								"west": {"uv": [62, 23], "uv_size": [5, 1]},
								"up": {"uv": [39, 50], "uv_size": [4, 5]},
								"down": {"uv": [51, 54], "uv_size": [4, -5]}
							}
						},
						{
							"origin": [2.8, 21.9, 1.6],
							"size": [2, 0.6, 1.1],
							"pivot": [0, 23.8, 4.7],
							"rotation": [0, 0, 24],
							"uv": {
								"north": {"uv": [65, 53], "uv_size": [2, 1]},
								"east": {"uv": [62, 34], "uv_size": [5, 1]},
								"south": {"uv": [65, 64], "uv_size": [2, 1]},
								"west": {"uv": [62, 39], "uv_size": [5, 1]},
								"up": {"uv": [58, 6], "uv_size": [2, 5]},
								"down": {"uv": [7, 63], "uv_size": [2, -5]}
							}
						},
						{
							"origin": [1.9, 21.9, 1.7],
							"size": [1.9, 0.3, 1],
							"uv": {
								"north": {"uv": [66, 20], "uv_size": [2, 1]},
								"east": {"uv": [63, 40], "uv_size": [5, 1]},
								"south": {"uv": [66, 25], "uv_size": [2, 1]},
								"west": {"uv": [63, 41], "uv_size": [5, 1]},
								"up": {"uv": [28, 58], "uv_size": [2, 5]},
								"down": {"uv": [30, 63], "uv_size": [2, -5]}
							}
						},
						{
							"origin": [1.3, 22.3, 1.7],
							"size": [1.9, 0.3, 1],
							"pivot": [-0.6, 24.2, 4.7],
							"rotation": [0, 0, -10],
							"uv": {
								"north": {"uv": [66, 30], "uv_size": [2, 1]},
								"east": {"uv": [63, 43], "uv_size": [5, 1]},
								"south": {"uv": [66, 31], "uv_size": [2, 1]},
								"west": {"uv": [63, 44], "uv_size": [5, 1]},
								"up": {"uv": [42, 58], "uv_size": [2, 5]},
								"down": {"uv": [44, 63], "uv_size": [2, -5]}
							}
						},
						{
							"origin": [-1.1, 21.6, 1.7],
							"size": [1.4, 0.3, 1],
							"pivot": [-0.6, 24.2, 4.7],
							"rotation": [0, 0, -38],
							"uv": {
								"north": {"uv": [67, 67], "uv_size": [1, 1]},
								"east": {"uv": [63, 58], "uv_size": [5, 1]},
								"south": {"uv": [0, 68], "uv_size": [1, 1]},
								"west": {"uv": [63, 59], "uv_size": [5, 1]},
								"up": {"uv": [31, 63], "uv_size": [1, 5]},
								"down": {"uv": [48, 68], "uv_size": [1, -5]}
							}
						},
						{
							"origin": [0.34957, 22.8725, -2.3],
							"size": [1.7, 0.3, 1],
							"pivot": [1.97258, 22.73132, -1.75041],
							"rotation": [0, 0, -47],
							"uv": {
								"north": {"uv": [67, 67], "uv_size": [1, 1]},
								"east": {"uv": [63, 58], "uv_size": [5, 1]},
								"south": {"uv": [0, 68], "uv_size": [1, 1]},
								"west": {"uv": [63, 59], "uv_size": [5, 1]},
								"up": {"uv": [31, 63], "uv_size": [1, 5]},
								"down": {"uv": [48, 68], "uv_size": [1, -5]}
							}
						},
						{
							"origin": [0.4, 22.6, 1.7],
							"size": [0.3, 0.5, 1],
							"uv": {
								"north": {"uv": [68, 5], "uv_size": [1, 1]},
								"east": {"uv": [64, 4], "uv_size": [5, 1]},
								"south": {"uv": [6, 68], "uv_size": [1, 1]},
								"west": {"uv": [64, 6], "uv_size": [5, 1]},
								"up": {"uv": [38, 64], "uv_size": [1, 5]},
								"down": {"uv": [39, 69], "uv_size": [1, -5]}
							}
						},
						{
							"origin": [-0.5, 22.6, 1.7],
							"size": [0.3, 0.5, 1],
							"uv": {
								"north": {"uv": [3, 68], "uv_size": [1, 1]},
								"east": {"uv": [64, 2], "uv_size": [5, 1]},
								"south": {"uv": [5, 68], "uv_size": [1, 1]},
								"west": {"uv": [64, 3], "uv_size": [5, 1]},
								"up": {"uv": [64, 17], "uv_size": [1, 5]},
								"down": {"uv": [64, 33], "uv_size": [1, -5]}
							}
						},
						{
							"origin": [-0.4, 21.9, 1.7],
							"size": [1.4, 0.3, 1],
							"pivot": [0.3, 24.4, 4.7],
							"rotation": [0, 0, 31],
							"uv": {
								"north": {"uv": [1, 68], "uv_size": [1, 1]},
								"east": {"uv": [63, 60], "uv_size": [5, 1]},
								"south": {"uv": [2, 68], "uv_size": [1, 1]},
								"west": {"uv": [63, 61], "uv_size": [5, 1]},
								"up": {"uv": [49, 63], "uv_size": [1, 5]},
								"down": {"uv": [63, 67], "uv_size": [1, -5]}
							}
						},
						{
							"origin": [-3.1, 22.4, 1.7],
							"size": [1.9, 0.3, 1],
							"pivot": [0.3, 24.4, 4.7],
							"rotation": [0, 0, 6],
							"uv": {
								"north": {"uv": [32, 66], "uv_size": [2, 1]},
								"east": {"uv": [64, 0], "uv_size": [5, 1]},
								"south": {"uv": [34, 66], "uv_size": [2, 1]},
								"west": {"uv": [64, 1], "uv_size": [5, 1]},
								"up": {"uv": [46, 58], "uv_size": [2, 5]},
								"down": {"uv": [48, 63], "uv_size": [2, -5]}
							}
						},
						{
							"origin": [-4.8, 22, 1.6],
							"size": [2, 0.6, 1.1],
							"pivot": [0, 23.8, 4.7],
							"rotation": [0, 0, -28],
							"uv": {
								"north": {"uv": [41, 32], "uv_size": [2, 1]},
								"east": {"uv": [62, 24], "uv_size": [5, 1]},
								"south": {"uv": [5, 43], "uv_size": [2, 1]},
								"west": {"uv": [62, 33], "uv_size": [5, 1]},
								"up": {"uv": [24, 57], "uv_size": [2, 5]},
								"down": {"uv": [5, 63], "uv_size": [2, -5]}
							}
						},
						{
							"origin": [-3.8, 21, 1.7],
							"size": [1.7, 0.5, 1],
							"pivot": [0, 23.8, 4.7],
							"rotation": [0, 0, -28],
							"uv": {
								"north": {"uv": [65, 65], "uv_size": [2, 1]},
								"east": {"uv": [62, 54], "uv_size": [5, 1]},
								"south": {"uv": [66, 17], "uv_size": [2, 1]},
								"west": {"uv": [62, 55], "uv_size": [5, 1]},
								"up": {"uv": [9, 58], "uv_size": [2, 5]},
								"down": {"uv": [11, 63], "uv_size": [2, -5]}
							}
						},
						{
							"origin": [-2.8, 16.9, 1.7],
							"size": [0.4, 3.5, 1],
							"pivot": [0, 23.8, 4.7],
							"rotation": [0, 0, -11],
							"uv": {
								"north": {"uv": [46, 64], "uv_size": [1, 4]},
								"east": {"uv": [51, 30], "uv_size": [5, 4]},
								"south": {"uv": [47, 64], "uv_size": [1, 4]},
								"west": {"uv": [52, 34], "uv_size": [5, 4]},
								"up": {"uv": [14, 63], "uv_size": [1, 5]},
								"down": {"uv": [63, 22], "uv_size": [1, -5]}
							}
						},
						{
							"origin": [0.8, 18.6, 1.7],
							"size": [1.2, 2.6, 1],
							"pivot": [0, 24, 4.7],
							"rotation": [0, 0, 15],
							"uv": {
								"north": {"uv": [37, 65], "uv_size": [1, 3]},
								"east": {"uv": [38, 55], "uv_size": [5, 3]},
								"south": {"uv": [65, 49], "uv_size": [1, 3]},
								"west": {"uv": [55, 49], "uv_size": [5, 3]},
								"up": {"uv": [22, 62], "uv_size": [1, 5]},
								"down": {"uv": [24, 67], "uv_size": [1, -5]}
							}
						},
						{
							"origin": [-3.4, 21.8, 1.7],
							"size": [1.9, 0.3, 1],
							"uv": {
								"north": {"uv": [66, 26], "uv_size": [2, 1]},
								"east": {"uv": [63, 42], "uv_size": [5, 1]},
								"south": {"uv": [66, 29], "uv_size": [2, 1]},
								"west": {"uv": [43, 63], "uv_size": [5, 1]},
								"up": {"uv": [38, 58], "uv_size": [2, 5]},
								"down": {"uv": [40, 63], "uv_size": [2, -5]}
							}
						},
						{
							"origin": [-0.7, 21.3, 1.7],
							"size": [1.4, 0.3, 1],
							"pivot": [0, 23.8, 4.7],
							"rotation": [0, 0, 25],
							"uv": {
								"north": {"uv": [66, 67], "uv_size": [1, 1]},
								"east": {"uv": [63, 13], "uv_size": [5, 1]},
								"south": {"uv": [67, 66], "uv_size": [1, 1]},
								"west": {"uv": [38, 63], "uv_size": [5, 1]},
								"up": {"uv": [29, 63], "uv_size": [1, 5]},
								"down": {"uv": [30, 68], "uv_size": [1, -5]}
							}
						},
						{
							"origin": [-0.5, 21.2, 1.7],
							"size": [1.4, 0.3, 1],
							"pivot": [0, 23.8, 4.7],
							"rotation": [0, 0, -28],
							"uv": {
								"north": {"uv": [65, 67], "uv_size": [1, 1]},
								"east": {"uv": [63, 5], "uv_size": [5, 1]},
								"south": {"uv": [67, 65], "uv_size": [1, 1]},
								"west": {"uv": [63, 12], "uv_size": [5, 1]},
								"up": {"uv": [28, 63], "uv_size": [1, 5]},
								"down": {"uv": [63, 33], "uv_size": [1, -5]}
							}
						}
					]
				},
				{
					"name": "Head",
					"parent": "Body",
					"pivot": [0, 24, 0],
					"cubes": [
						{
							"origin": [-4, 24, -4],
							"size": [8, 8, 8.2],
							"inflate": 0.15,
							"uv": {
								"north": {"uv": [0, 12], "uv_size": [8, 8]},
								"east": {"uv": [8, 12], "uv_size": [8, 8]},
								"south": {"uv": [16, 0], "uv_size": [8, 8]},
								"west": {"uv": [16, 8], "uv_size": [8, 8]},
								"up": {"uv": [16, 16], "uv_size": [8, 8]},
								"down": {"uv": [0, 28], "uv_size": [8, -8]}
							}
						}
					]
				},
				{
					"name": "kozla",
					"parent": "Head",
					"pivot": [0.4, 27.8, -3.5],
					"cubes": [
						{
							"origin": [0.5, 27.4, -4.5],
							"size": [0.4, 1.4, 0.6],
							"pivot": [0.6, 27.8, -3.5],
							"rotation": [0, 0, 37],
							"uv": {
								"north": {"uv": [68, 26], "uv_size": [1, 1]},
								"east": {"uv": [27, 68], "uv_size": [1, 1]},
								"south": {"uv": [28, 68], "uv_size": [1, 1]},
								"west": {"uv": [68, 28], "uv_size": [1, 1]},
								"up": {"uv": [29, 68], "uv_size": [1, 1]},
								"down": {"uv": [68, 30], "uv_size": [1, -1]}
							}
						},
						{
							"origin": [0.1, 28.4, -4.5],
							"size": [0.3, 1.2, 0.6],
							"pivot": [0.7, 27.7, -3.5],
							"rotation": [0, 0, 69],
							"uv": {
								"north": {"uv": [30, 68], "uv_size": [1, 1]},
								"east": {"uv": [68, 30], "uv_size": [1, 1]},
								"south": {"uv": [31, 68], "uv_size": [1, 1]},
								"west": {"uv": [68, 31], "uv_size": [1, 1]},
								"up": {"uv": [32, 68], "uv_size": [1, 1]},
								"down": {"uv": [68, 33], "uv_size": [1, -1]}
							}
						},
						{
							"origin": [0.1, 28.4, -4.3],
							"size": [2, 1.5, 0.6],
							"pivot": [0.7, 27.7, -3.3],
							"rotation": [0, 0, 69],
							"uv": {
								"north": {"uv": [41, 30], "uv_size": [2, 2]},
								"east": {"uv": [52, 67], "uv_size": [1, 2]},
								"south": {"uv": [51, 23], "uv_size": [2, 2]},
								"west": {"uv": [53, 67], "uv_size": [1, 2]},
								"up": {"uv": [67, 53], "uv_size": [2, 1]},
								"down": {"uv": [54, 68], "uv_size": [2, -1]}
							}
						},
						{
							"origin": [0.3, 28.4, -4.3],
							"size": [1.1, 2.4, 0.6],
							"pivot": [0.7, 27.7, -3.3],
							"rotation": [0, 0, 69],
							"uv": {
								"north": {"uv": [67, 54], "uv_size": [1, 2]},
								"east": {"uv": [67, 56], "uv_size": [1, 2]},
								"south": {"uv": [57, 67], "uv_size": [1, 2]},
								"west": {"uv": [58, 67], "uv_size": [1, 2]},
								"up": {"uv": [69, 51], "uv_size": [1, 1]},
								"down": {"uv": [52, 70], "uv_size": [1, -1]}
							}
						},
						{
							"origin": [0.7, 27.4, -4.3],
							"size": [1.3, 1.2, 0.6],
							"pivot": [0.7, 27.7, -3.3],
							"rotation": [0, 0, 31],
							"uv": {
								"north": {"uv": [69, 45], "uv_size": [1, 1]},
								"east": {"uv": [46, 69], "uv_size": [1, 1]},
								"south": {"uv": [69, 46], "uv_size": [1, 1]},
								"west": {"uv": [47, 69], "uv_size": [1, 1]},
								"up": {"uv": [69, 47], "uv_size": [1, 1]},
								"down": {"uv": [48, 70], "uv_size": [1, -1]}
							}
						},
						{
							"origin": [-1.2, 30.2, -4.3],
							"size": [1.4, 0.5, 0.6],
							"pivot": [0.7, 27.7, -3.3],
							"rotation": [0, 0, 96],
							"uv": {
								"north": {"uv": [69, 48], "uv_size": [1, 1]},
								"east": {"uv": [49, 69], "uv_size": [1, 1]},
								"south": {"uv": [69, 49], "uv_size": [1, 1]},
								"west": {"uv": [50, 69], "uv_size": [1, 1]},
								"up": {"uv": [69, 50], "uv_size": [1, 1]},
								"down": {"uv": [51, 70], "uv_size": [1, -1]}
							}
						},
						{
							"origin": [-1.2, 29.4, -4.3],
							"size": [1.4, 0.5, 0.6],
							"pivot": [0.7, 27.7, -3.3],
							"rotation": [0, 0, 123],
							"uv": {
								"north": {"uv": [69, 52], "uv_size": [1, 1]},
								"east": {"uv": [53, 69], "uv_size": [1, 1]},
								"south": {"uv": [69, 53], "uv_size": [1, 1]},
								"west": {"uv": [54, 69], "uv_size": [1, 1]},
								"up": {"uv": [69, 54], "uv_size": [1, 1]},
								"down": {"uv": [55, 70], "uv_size": [1, -1]}
							}
						},
						{
							"origin": [0.1, 28.4, -4.5],
							"size": [0.2, 1.2, 0.6],
							"pivot": [0.7, 27.7, -3.5],
							"rotation": [0, 0, 63.5],
							"uv": {
								"north": {"uv": [69, 0], "uv_size": [1, 1]},
								"east": {"uv": [1, 69], "uv_size": [1, 1]},
								"south": {"uv": [69, 1], "uv_size": [1, 1]},
								"west": {"uv": [2, 69], "uv_size": [1, 1]},
								"up": {"uv": [69, 2], "uv_size": [1, 1]},
								"down": {"uv": [3, 70], "uv_size": [1, -1]}
							}
						},
						{
							"origin": [-0.4, 29.3, -4.5],
							"size": [0.5, 0.8, 0.6],
							"pivot": [0.7, 27.7, -3.5],
							"rotation": [0, 0, 79],
							"uv": {
								"north": {"uv": [33, 68], "uv_size": [1, 1]},
								"east": {"uv": [34, 68], "uv_size": [1, 1]},
								"south": {"uv": [35, 68], "uv_size": [1, 1]},
								"west": {"uv": [68, 35], "uv_size": [1, 1]},
								"up": {"uv": [36, 68], "uv_size": [1, 1]},
								"down": {"uv": [68, 37], "uv_size": [1, -1]}
							}
						},
						{
							"origin": [0.4, 29.9, -4.5],
							"size": [0.4, 1.2, 0.6],
							"pivot": [0.7, 27.7, -3.5],
							"rotation": [0, 0, 61],
							"uv": {
								"north": {"uv": [66, 68], "uv_size": [1, 1]},
								"east": {"uv": [68, 66], "uv_size": [1, 1]},
								"south": {"uv": [67, 68], "uv_size": [1, 1]},
								"west": {"uv": [68, 67], "uv_size": [1, 1]},
								"up": {"uv": [68, 68], "uv_size": [1, 1]},
								"down": {"uv": [0, 70], "uv_size": [1, -1]}
							}
						},
						{
							"origin": [0.9, 30.2, -4.5],
							"size": [0.5, 1.4, 0.6],
							"pivot": [0.6, 27.8, -3.5],
							"rotation": [0, 0, 49],
							"uv": {
								"north": {"uv": [37, 68], "uv_size": [1, 1]},
								"east": {"uv": [68, 37], "uv_size": [1, 1]},
								"south": {"uv": [68, 38], "uv_size": [1, 1]},
								"west": {"uv": [68, 40], "uv_size": [1, 1]},
								"up": {"uv": [68, 41], "uv_size": [1, 1]},
								"down": {"uv": [68, 43], "uv_size": [1, -1]}
							}
						},
						{
							"origin": [0.1, 30.2, -4.5],
							"size": [0.3, 1.2, 0.6],
							"pivot": [0.4, 27.8, -3.5],
							"rotation": [0, 0, 66],
							"uv": {
								"north": {"uv": [63, 68], "uv_size": [1, 1]},
								"east": {"uv": [68, 63], "uv_size": [1, 1]},
								"south": {"uv": [64, 68], "uv_size": [1, 1]},
								"west": {"uv": [68, 64], "uv_size": [1, 1]},
								"up": {"uv": [65, 68], "uv_size": [1, 1]},
								"down": {"uv": [68, 66], "uv_size": [1, -1]}
							}
						},
						{
							"origin": [3.5, 28.4, -4.5],
							"size": [0.5, 1.8, 0.6],
							"uv": {
								"north": {"uv": [68, 43], "uv_size": [1, 1]},
								"east": {"uv": [44, 68], "uv_size": [1, 1]},
								"south": {"uv": [68, 44], "uv_size": [1, 1]},
								"west": {"uv": [45, 68], "uv_size": [1, 1]},
								"up": {"uv": [46, 68], "uv_size": [1, 1]},
								"down": {"uv": [47, 69], "uv_size": [1, -1]}
							}
						},
						{
							"origin": [3.1, 28.4, -4.5],
							"size": [0.5, 1.2, 0.6],
							"pivot": [0.6, 27.8, -3.5],
							"rotation": [0, 0, 19],
							"uv": {
								"north": {"uv": [48, 68], "uv_size": [1, 1]},
								"east": {"uv": [49, 68], "uv_size": [1, 1]},
								"south": {"uv": [68, 49], "uv_size": [1, 1]},
								"west": {"uv": [50, 68], "uv_size": [1, 1]},
								"up": {"uv": [68, 50], "uv_size": [1, 1]},
								"down": {"uv": [51, 69], "uv_size": [1, -1]}
							}
						},
						{
							"origin": [2.65775, 26.35044, -4.5],
							"size": [0.5, 1.6, 0.6],
							"pivot": [2.90775, 27.10044, -4.2],
							"rotation": [0.73102, 1.13139, 48.82248],
							"uv": {
								"north": {"uv": [68, 51], "uv_size": [1, 1]},
								"east": {"uv": [68, 52], "uv_size": [1, 1]},
								"south": {"uv": [54, 68], "uv_size": [1, 1]},
								"west": {"uv": [68, 54], "uv_size": [1, 1]},
								"up": {"uv": [55, 68], "uv_size": [1, 1]},
								"down": {"uv": [68, 56], "uv_size": [1, -1]}
							}
						},
						{
							"origin": [0.9, 27.6, -4.5],
							"size": [0.4, 2.4, 0.6],
							"pivot": [0.6, 27.8, -3.5],
							"rotation": [-0.79065, 0.16821, 109.10977],
							"uv": {
								"north": {"uv": [60, 68], "uv_size": [1, 1]},
								"east": {"uv": [68, 60], "uv_size": [1, 1]},
								"south": {"uv": [61, 68], "uv_size": [1, 1]},
								"west": {"uv": [68, 61], "uv_size": [1, 1]},
								"up": {"uv": [62, 68], "uv_size": [1, 1]},
								"down": {"uv": [68, 63], "uv_size": [1, -1]}
							}
						}
					]
				},
				{
					"name": "kozla2",
					"parent": "Head",
					"pivot": [-0.6, 27.8, -4.7],
					"rotation": [0, 180, 0],
					"cubes": [
						{
							"origin": [-0.7, 27.4, -5.7],
							"size": [0.4, 1.2, 0.8],
							"pivot": [-0.6, 27.8, -4.7],
							"rotation": [0, 0, 37],
							"uv": {
								"north": {"uv": [69, 3], "uv_size": [1, 1]},
								"east": {"uv": [4, 69], "uv_size": [1, 1]},
								"south": {"uv": [69, 4], "uv_size": [1, 1]},
								"west": {"uv": [5, 69], "uv_size": [1, 1]},
								"up": {"uv": [69, 5], "uv_size": [1, 1]},
								"down": {"uv": [6, 70], "uv_size": [1, -1]}
							}
						},
						{
							"origin": [-1.1, 28.4, -5.7],
							"size": [0.2, 1.2, 0.6],
							"pivot": [-0.5, 27.7, -4.7],
							"rotation": [0, 0, 69],
							"uv": {
								"north": {"uv": [69, 6], "uv_size": [1, 1]},
								"east": {"uv": [7, 69], "uv_size": [1, 1]},
								"south": {"uv": [69, 7], "uv_size": [1, 1]},
								"west": {"uv": [8, 69], "uv_size": [1, 1]},
								"up": {"uv": [69, 8], "uv_size": [1, 1]},
								"down": {"uv": [9, 70], "uv_size": [1, -1]}
							}
						},
						{
							"origin": [-1.1, 28.3, -5.7],
							"size": [0.4, 1.3, 0.8],
							"pivot": [-0.5, 27.7, -4.7],
							"rotation": [0, 0, 66],
							"uv": {
								"north": {"uv": [69, 9], "uv_size": [1, 1]},
								"east": {"uv": [10, 69], "uv_size": [1, 1]},
								"south": {"uv": [69, 10], "uv_size": [1, 1]},
								"west": {"uv": [11, 69], "uv_size": [1, 1]},
								"up": {"uv": [69, 11], "uv_size": [1, 1]},
								"down": {"uv": [12, 70], "uv_size": [1, -1]}
							}
						},
						{
							"origin": [-0.9, 28.4, -5.8],
							"size": [1.8, 1.2, 0.6],
							"pivot": [-0.5, 27.7, -4.8],
							"rotation": [0, 0, 66],
							"uv": {
								"north": {"uv": [24, 67], "uv_size": [2, 1]},
								"east": {"uv": [69, 39], "uv_size": [1, 1]},
								"south": {"uv": [67, 27], "uv_size": [2, 1]},
								"west": {"uv": [40, 69], "uv_size": [1, 1]},
								"up": {"uv": [32, 67], "uv_size": [2, 1]},
								"down": {"uv": [67, 34], "uv_size": [2, -1]}
							}
						},
						{
							"origin": [-0.5, 27.4, -5.8],
							"size": [1.8, 1.2, 0.6],
							"pivot": [-0.5, 27.7, -4.8],
							"rotation": [0, 0, 24],
							"uv": {
								"north": {"uv": [34, 67], "uv_size": [2, 1]},
								"east": {"uv": [69, 40], "uv_size": [1, 1]},
								"south": {"uv": [67, 34], "uv_size": [2, 1]},
								"west": {"uv": [41, 69], "uv_size": [1, 1]},
								"up": {"uv": [67, 39], "uv_size": [2, 1]},
								"down": {"uv": [67, 46], "uv_size": [2, -1]}
							}
						},
						{
							"origin": [0.8, 27, -5.8],
							"size": [1.9, 1, 0.6],
							"pivot": [-0.5, 27.7, -4.8],
							"rotation": [0, 0, -26],
							"uv": {
								"north": {"uv": [67, 46], "uv_size": [2, 1]},
								"east": {"uv": [69, 41], "uv_size": [1, 1]},
								"south": {"uv": [67, 47], "uv_size": [2, 1]},
								"west": {"uv": [42, 69], "uv_size": [1, 1]},
								"up": {"uv": [67, 48], "uv_size": [2, 1]},
								"down": {"uv": [50, 68], "uv_size": [2, -1]}
							}
						},
						{
							"origin": [0.3, 25.5, -5.8],
							"size": [1.4, 0.9, 0.6],
							"pivot": [-0.5, 27.7, -4.8],
							"rotation": [0, 0, -52],
							"uv": {
								"north": {"uv": [69, 42], "uv_size": [1, 1]},
								"east": {"uv": [43, 69], "uv_size": [1, 1]},
								"south": {"uv": [69, 43], "uv_size": [1, 1]},
								"west": {"uv": [44, 69], "uv_size": [1, 1]},
								"up": {"uv": [69, 44], "uv_size": [1, 1]},
								"down": {"uv": [45, 70], "uv_size": [1, -1]}
							}
						},
						{
							"origin": [-1.55, 29.3, -5.7],
							"size": [0.5, 0.7, 0.8],
							"pivot": [-0.5, 27.7, -4.7],
							"rotation": [0, 0, 79],
							"uv": {
								"north": {"uv": [69, 12], "uv_size": [1, 1]},
								"east": {"uv": [13, 69], "uv_size": [1, 1]},
								"south": {"uv": [69, 13], "uv_size": [1, 1]},
								"west": {"uv": [14, 69], "uv_size": [1, 1]},
								"up": {"uv": [69, 14], "uv_size": [1, 1]},
								"down": {"uv": [15, 70], "uv_size": [1, -1]}
							}
						},
						{
							"origin": [-0.8, 29.9, -5.7],
							"size": [0.4, 1.2, 0.6],
							"pivot": [-0.5, 27.7, -4.7],
							"rotation": [0, 0, 63.5],
							"uv": {
								"north": {"uv": [69, 15], "uv_size": [1, 1]},
								"east": {"uv": [16, 69], "uv_size": [1, 1]},
								"south": {"uv": [69, 16], "uv_size": [1, 1]},
								"west": {"uv": [17, 69], "uv_size": [1, 1]},
								"up": {"uv": [69, 17], "uv_size": [1, 1]},
								"down": {"uv": [18, 70], "uv_size": [1, -1]}
							}
						},
						{
							"origin": [-0.2, 30.1, -5.7],
							"size": [0.4, 1.4, 0.8],
							"pivot": [-0.6, 27.8, -4.7],
							"rotation": [0, 0, 49],
							"uv": {
								"north": {"uv": [69, 18], "uv_size": [1, 1]},
								"east": {"uv": [19, 69], "uv_size": [1, 1]},
								"south": {"uv": [69, 19], "uv_size": [1, 1]},
								"west": {"uv": [20, 69], "uv_size": [1, 1]},
								"up": {"uv": [69, 20], "uv_size": [1, 1]},
								"down": {"uv": [21, 70], "uv_size": [1, -1]}
							}
						},
						{
							"origin": [-0.9, 30.2, -5.7],
							"size": [0.3, 1.2, 0.8],
							"pivot": [-0.6, 27.8, -4.7],
							"rotation": [0, 0, 66],
							"uv": {
								"north": {"uv": [69, 21], "uv_size": [1, 1]},
								"east": {"uv": [22, 69], "uv_size": [1, 1]},
								"south": {"uv": [69, 22], "uv_size": [1, 1]},
								"west": {"uv": [23, 69], "uv_size": [1, 1]},
								"up": {"uv": [69, 23], "uv_size": [1, 1]},
								"down": {"uv": [24, 70], "uv_size": [1, -1]}
							}
						},
						{
							"origin": [2.3, 28.4, -5.7],
							"size": [0.5, 1.6, 0.8],
							"uv": {
								"north": {"uv": [69, 24], "uv_size": [1, 1]},
								"east": {"uv": [25, 69], "uv_size": [1, 1]},
								"south": {"uv": [69, 25], "uv_size": [1, 1]},
								"west": {"uv": [26, 69], "uv_size": [1, 1]},
								"up": {"uv": [69, 26], "uv_size": [1, 1]},
								"down": {"uv": [27, 70], "uv_size": [1, -1]}
							}
						},
						{
							"origin": [1.9, 28.4, -5.7],
							"size": [0.5, 1.2, 0.8],
							"pivot": [-0.6, 27.8, -4.7],
							"rotation": [0, 0, 19],
							"uv": {
								"north": {"uv": [69, 27], "uv_size": [1, 1]},
								"east": {"uv": [28, 69], "uv_size": [1, 1]},
								"south": {"uv": [69, 28], "uv_size": [1, 1]},
								"west": {"uv": [29, 69], "uv_size": [1, 1]},
								"up": {"uv": [69, 29], "uv_size": [1, 1]},
								"down": {"uv": [30, 70], "uv_size": [1, -1]}
							}
						},
						{
							"origin": [1.27012, 26.29038, -5.7],
							"size": [0.5, 1.7, 0.8],
							"pivot": [1.67429, 26.96329, -5.3],
							"rotation": [0, 0, 53],
							"uv": {
								"north": {"uv": [69, 30], "uv_size": [1, 1]},
								"east": {"uv": [31, 69], "uv_size": [1, 1]},
								"south": {"uv": [69, 31], "uv_size": [1, 1]},
								"west": {"uv": [32, 69], "uv_size": [1, 1]},
								"up": {"uv": [69, 32], "uv_size": [1, 1]},
								"down": {"uv": [33, 70], "uv_size": [1, -1]}
							}
						},
						{
							"origin": [-0.3, 27.6, -5.7],
							"size": [0.4, 2.4, 0.8],
							"pivot": [-0.6, 27.8, -4.7],
							"rotation": [0, 0, 108],
							"uv": {
								"north": {"uv": [69, 36], "uv_size": [1, 1]},
								"east": {"uv": [37, 69], "uv_size": [1, 1]},
								"south": {"uv": [69, 37], "uv_size": [1, 1]},
								"west": {"uv": [38, 69], "uv_size": [1, 1]},
								"up": {"uv": [69, 38], "uv_size": [1, 1]},
								"down": {"uv": [39, 70], "uv_size": [1, -1]}
							}
						}
					]
				},
				{
					"name": "RightArm",
					"parent": "Body",
					"pivot": [-5, 22, 0],
					"cubes": [
						{
							"origin": [-8, 12, -2],
							"size": [4, 12, 4],
							"inflate": 0.15,
							"uv": {
								"north": {"uv": [12, 32], "uv_size": [4, 12]},
								"east": {"uv": [32, 12], "uv_size": [4, 12]},
								"south": {"uv": [32, 24], "uv_size": [4, 12]},
								"west": {"uv": [36, 0], "uv_size": [4, 12]},
								"up": {"uv": [54, 8], "uv_size": [4, 4]},
								"down": {"uv": [12, 58], "uv_size": [4, -4]}
							}
						},
						{
							"origin": [-6.8, 18.2, -2.2],
							"size": [2.8, 3.2, 4.5],
							"inflate": 0.15,
							"uv": {
								"north": {"uv": [57, 33], "uv_size": [4, 3]},
								"east": {"uv": [54, 12], "uv_size": [5, 3]},
								"south": {"uv": [57, 36], "uv_size": [4, 3]},
								"west": {"uv": [27, 55], "uv_size": [5, 3]},
								"up": {"uv": [8, 49], "uv_size": [4, 5]},
								"down": {"uv": [49, 30], "uv_size": [4, -5]}
							}
						},
						{
							"origin": [-6.6, 12.8, -2.2],
							"size": [0.5, 5.1, 4.6],
							"inflate": 0.15,
							"pivot": [-6.3, 15.35, 0.1],
							"rotation": [0, 0, 10],
							"uv": {
								"north": {"uv": [55, 61], "uv_size": [1, 5]},
								"east": {"uv": [43, 44], "uv_size": [5, 5]},
								"south": {"uv": [61, 60], "uv_size": [1, 5]},
								"west": {"uv": [45, 10], "uv_size": [5, 5]},
								"up": {"uv": [0, 62], "uv_size": [1, 5]},
								"down": {"uv": [1, 67], "uv_size": [1, -5]}
							}
						},
						{
							"origin": [-6.6, 15.1, -2.2],
							"size": [0.2, 2.4, 4.6],
							"inflate": 0.15,
							"pivot": [-6.8, 15.45, 0.1],
							"rotation": [0, 0, 0],
							"uv": {
								"north": {"uv": [55, 61], "uv_size": [1, 5]},
								"east": {"uv": [43, 44], "uv_size": [5, 5]},
								"south": {"uv": [61, 60], "uv_size": [1, 5]},
								"west": {"uv": [45, 10], "uv_size": [5, 5]},
								"up": {"uv": [0, 62], "uv_size": [1, 5]},
								"down": {"uv": [1, 67], "uv_size": [1, -5]}
							}
						},
						{
							"origin": [-6, 13.1, -2.3],
							"size": [0.4, 1.4, 4.6],
							"inflate": 0.15,
							"pivot": [-6.2, 15.1, 0],
							"rotation": [0, 0, 24],
							"uv": {
								"north": {"uv": [4, 48], "uv_size": [1, 1]},
								"east": {"uv": [62, 15], "uv_size": [5, 1]},
								"south": {"uv": [56, 33], "uv_size": [1, 1]},
								"west": {"uv": [62, 16], "uv_size": [5, 1]},
								"up": {"uv": [2, 62], "uv_size": [1, 5]},
								"down": {"uv": [3, 67], "uv_size": [1, -5]}
							}
						},
						{
							"origin": [-8.2, 14.3, -2.3],
							"size": [4.4, 0.4, 4.6],
							"pivot": [-6, 14.5, 0],
							"rotation": [0, 0, -7.5],
							"uv": {
								"north": {"uv": [64, 9], "uv_size": [4, 1]},
								"east": {"uv": [61, 37], "uv_size": [5, 1]},
								"south": {"uv": [64, 14], "uv_size": [4, 1]},
								"west": {"uv": [61, 38], "uv_size": [5, 1]},
								"up": {"uv": [31, 50], "uv_size": [4, 5]},
								"down": {"uv": [35, 55], "uv_size": [4, -5]}
							}
						},
						{
							"origin": [-8.2, 13.2, -1.1],
							"size": [0.7, 0.6, 2.4],
							"inflate": 0.15,
							"uv": {
								"north": {"uv": [11, 68], "uv_size": [1, 1]},
								"east": {"uv": [21, 67], "uv_size": [2, 1]},
								"south": {"uv": [12, 68], "uv_size": [1, 1]},
								"west": {"uv": [67, 22], "uv_size": [2, 1]},
								"up": {"uv": [36, 66], "uv_size": [1, 2]},
								"down": {"uv": [67, 25], "uv_size": [1, -2]}
							}
						},
						{
							"origin": [-8.2, 12.2, -1.3],
							"size": [0.7, 0.5, 0.4],
							"inflate": 0.15,
							"uv": {
								"north": {"uv": [68, 12], "uv_size": [1, 1]},
								"east": {"uv": [13, 68], "uv_size": [1, 1]},
								"south": {"uv": [68, 13], "uv_size": [1, 1]},
								"west": {"uv": [14, 68], "uv_size": [1, 1]},
								"up": {"uv": [68, 14], "uv_size": [1, 1]},
								"down": {"uv": [15, 69], "uv_size": [1, -1]}
							}
						},
						{
							"origin": [-8.2, 12.2, -0.4],
							"size": [0.7, 0.5, 0.3],
							"inflate": 0.15,
							"uv": {
								"north": {"uv": [16, 68], "uv_size": [1, 1]},
								"east": {"uv": [17, 68], "uv_size": [1, 1]},
								"south": {"uv": [68, 17], "uv_size": [1, 1]},
								"west": {"uv": [18, 68], "uv_size": [1, 1]},
								"up": {"uv": [68, 18], "uv_size": [1, 1]},
								"down": {"uv": [19, 69], "uv_size": [1, -1]}
							}
						},
						{
							"origin": [-8.2, 12.2, 0.4],
							"size": [0.7, 0.5, 0.3],
							"inflate": 0.15,
							"uv": {
								"north": {"uv": [68, 19], "uv_size": [1, 1]},
								"east": {"uv": [20, 68], "uv_size": [1, 1]},
								"south": {"uv": [68, 20], "uv_size": [1, 1]},
								"west": {"uv": [21, 68], "uv_size": [1, 1]},
								"up": {"uv": [68, 21], "uv_size": [1, 1]},
								"down": {"uv": [22, 69], "uv_size": [1, -1]}
							}
						},
						{
							"origin": [-8.2, 12.2, 1.2],
							"size": [0.7, 0.5, 0.3],
							"inflate": 0.15,
							"uv": {
								"north": {"uv": [68, 23], "uv_size": [1, 1]},
								"east": {"uv": [24, 68], "uv_size": [1, 1]},
								"south": {"uv": [68, 24], "uv_size": [1, 1]},
								"west": {"uv": [25, 68], "uv_size": [1, 1]},
								"up": {"uv": [68, 25], "uv_size": [1, 1]},
								"down": {"uv": [26, 69], "uv_size": [1, -1]}
							}
						},
						{
							"origin": [-6.5, 17.3, -2.3],
							"size": [2.9, 1.5, 4.6],
							"inflate": 0.15,
							"pivot": [-4.7, 18.9, 0],
							"rotation": [0, 0, 14],
							"uv": {
								"north": {"uv": [0, 60], "uv_size": [4, 2]},
								"east": {"uv": [57, 54], "uv_size": [5, 2]},
								"south": {"uv": [60, 6], "uv_size": [4, 2]},
								"west": {"uv": [57, 56], "uv_size": [5, 2]},
								"up": {"uv": [43, 49], "uv_size": [4, 5]},
								"down": {"uv": [47, 54], "uv_size": [4, -5]}
							}
						},
						{
							"origin": [-6, 20.6, -2.3],
							"size": [3.2, 1.5, 4.6],
							"inflate": 0.15,
							"pivot": [-4.7, 18.9, 0],
							"rotation": [0, 0, -15.5],
							"uv": {
								"north": {"uv": [60, 8], "uv_size": [4, 2]},
								"east": {"uv": [0, 58], "uv_size": [5, 2]},
								"south": {"uv": [19, 60], "uv_size": [4, 2]},
								"west": {"uv": [58, 0], "uv_size": [5, 2]},
								"up": {"uv": [50, 10], "uv_size": [4, 5]},
								"down": {"uv": [27, 55], "uv_size": [4, -5]}
							}
						},
						{
							"origin": [-8.2, 20.7, -2.3],
							"size": [1.7, 0.5, 4.8],
							"inflate": 0.15,
							"uv": {
								"north": {"uv": [56, 21], "uv_size": [1, 2]},
								"east": {"uv": [58, 2], "uv_size": [5, 2]},
								"south": {"uv": [62, 65], "uv_size": [1, 2]},
								"west": {"uv": [58, 4], "uv_size": [5, 2]},
								"up": {"uv": [53, 61], "uv_size": [1, 5]},
								"down": {"uv": [54, 66], "uv_size": [1, -5]}
							}
						}
					]
				},
				{
					"name": "LeftArm",
					"parent": "Body",
					"pivot": [5, 22, 0],
					"cubes": [
						{
							"origin": [4, 18.2, -2.2],
							"size": [2.8, 3, 4.5],
							"inflate": 0.15,
							"uv": {
								"north": {"uv": [57, 21], "uv_size": [4, 3]},
								"east": {"uv": [52, 46], "uv_size": [5, 3]},
								"south": {"uv": [57, 24], "uv_size": [4, 3]},
								"west": {"uv": [53, 27], "uv_size": [5, 3]},
								"up": {"uv": [48, 34], "uv_size": [4, 5]},
								"down": {"uv": [48, 44], "uv_size": [4, -5]}
							}
						},
						{
							"origin": [6.8, 20.2, -2.2],
							"size": [1.4, 0.6, 4.5],
							"inflate": 0.15,
							"uv": {
								"north": {"uv": [57, 21], "uv_size": [4, 3]},
								"east": {"uv": [52, 46], "uv_size": [5, 3]},
								"south": {"uv": [57, 24], "uv_size": [4, 3]},
								"west": {"uv": [53, 27], "uv_size": [5, 3]},
								"up": {"uv": [48, 34], "uv_size": [4, 5]},
								"down": {"uv": [48, 44], "uv_size": [4, -5]}
							}
						},
						{
							"origin": [6.4, 12.9, -2.2],
							"size": [0.4, 4.8, 4.5],
							"inflate": 0.15,
							"pivot": [6.45, 15.3, 0.05],
							"rotation": [0, 0, -7],
							"uv": {
								"north": {"uv": [32, 61], "uv_size": [1, 5]},
								"east": {"uv": [43, 34], "uv_size": [5, 5]},
								"south": {"uv": [33, 61], "uv_size": [1, 5]},
								"west": {"uv": [43, 39], "uv_size": [5, 5]},
								"up": {"uv": [34, 61], "uv_size": [1, 5]},
								"down": {"uv": [35, 66], "uv_size": [1, -5]}
							}
						},
						{
							"origin": [6.5, 15.1, -2.2],
							"size": [0.4, 2.7, 4.5],
							"inflate": 0.15,
							"pivot": [6.45, 15.3, 0.05],
							"rotation": [0, 0, 0],
							"uv": {
								"north": {"uv": [32, 61], "uv_size": [1, 5]},
								"east": {"uv": [43, 34], "uv_size": [5, 5]},
								"south": {"uv": [33, 61], "uv_size": [1, 5]},
								"west": {"uv": [43, 39], "uv_size": [5, 5]},
								"up": {"uv": [34, 61], "uv_size": [1, 5]},
								"down": {"uv": [35, 66], "uv_size": [1, -5]}
							}
						},
						{
							"origin": [9.4, 11, -2.2],
							"size": [0.4, 1.8, 4.5],
							"inflate": 0.15,
							"pivot": [0.4, 0, 0],
							"rotation": [0, 0, -14],
							"uv": {
								"north": {"uv": [27, 48], "uv_size": [1, 2]},
								"east": {"uv": [57, 45], "uv_size": [5, 2]},
								"south": {"uv": [53, 8], "uv_size": [1, 2]},
								"west": {"uv": [57, 47], "uv_size": [5, 2]},
								"up": {"uv": [36, 61], "uv_size": [1, 5]},
								"down": {"uv": [52, 66], "uv_size": [1, -5]}
							}
						},
						{
							"origin": [3.8, 14.3, -2.2],
							"size": [4.5, 0.6, 4.5],
							"pivot": [6.05, 14.6, 0.05],
							"rotation": [0, 0, 5],
							"uv": {
								"north": {"uv": [60, 52], "uv_size": [5, 1]},
								"east": {"uv": [60, 53], "uv_size": [5, 1]},
								"south": {"uv": [61, 25], "uv_size": [5, 1]},
								"west": {"uv": [61, 26], "uv_size": [5, 1]},
								"up": {"uv": [5, 44], "uv_size": [5, 5]},
								"down": {"uv": [10, 49], "uv_size": [5, -5]}
							}
						},
						{
							"origin": [6.8, 13.3, -1.4],
							"size": [1.5, 0.6, 2.7],
							"inflate": 0.15,
							"uv": {
								"north": {"uv": [66, 35], "uv_size": [2, 1]},
								"east": {"uv": [65, 32], "uv_size": [3, 1]},
								"south": {"uv": [66, 36], "uv_size": [2, 1]},
								"west": {"uv": [65, 52], "uv_size": [3, 1]},
								"up": {"uv": [36, 33], "uv_size": [2, 3]},
								"down": {"uv": [5, 43], "uv_size": [2, -3]}
							}
						},
						{
							"origin": [6.8, 12.2, -1.6],
							"size": [1.5, 0.6, 0.4],
							"inflate": 0.15,
							"uv": {
								"north": {"uv": [66, 37], "uv_size": [2, 1]},
								"east": {"uv": [7, 68], "uv_size": [1, 1]},
								"south": {"uv": [66, 38], "uv_size": [2, 1]},
								"west": {"uv": [68, 7], "uv_size": [1, 1]},
								"up": {"uv": [66, 49], "uv_size": [2, 1]},
								"down": {"uv": [66, 51], "uv_size": [2, -1]}
							}
						},
						{
							"origin": [6.8, 12.2, -0.6],
							"size": [1.5, 0.6, 0.4],
							"inflate": 0.15,
							"uv": {
								"north": {"uv": [66, 51], "uv_size": [2, 1]},
								"east": {"uv": [8, 68], "uv_size": [1, 1]},
								"south": {"uv": [52, 66], "uv_size": [2, 1]},
								"west": {"uv": [68, 8], "uv_size": [1, 1]},
								"up": {"uv": [54, 66], "uv_size": [2, 1]},
								"down": {"uv": [65, 67], "uv_size": [2, -1]}
							}
						},
						{
							"origin": [6.8, 12.2, 0.4],
							"size": [1.5, 0.6, 0.4],
							"inflate": 0.15,
							"uv": {
								"north": {"uv": [0, 67], "uv_size": [2, 1]},
								"east": {"uv": [9, 68], "uv_size": [1, 1]},
								"south": {"uv": [2, 67], "uv_size": [2, 1]},
								"west": {"uv": [68, 9], "uv_size": [1, 1]},
								"up": {"uv": [67, 11], "uv_size": [2, 1]},
								"down": {"uv": [15, 68], "uv_size": [2, -1]}
							}
						},
						{
							"origin": [6.8, 12.2, 1.3],
							"size": [1.5, 0.6, 0.4],
							"inflate": 0.15,
							"uv": {
								"north": {"uv": [67, 15], "uv_size": [2, 1]},
								"east": {"uv": [10, 68], "uv_size": [1, 1]},
								"south": {"uv": [67, 16], "uv_size": [2, 1]},
								"west": {"uv": [68, 10], "uv_size": [1, 1]},
								"up": {"uv": [17, 67], "uv_size": [2, 1]},
								"down": {"uv": [19, 68], "uv_size": [2, -1]}
							}
						},
						{
							"origin": [2.8, 19.4, -2.2],
							"size": [2.9, 1.5, 4.5],
							"inflate": 0.15,
							"pivot": [8.3, 17.9, 0],
							"rotation": [0, 0, 19],
							"uv": {
								"north": {"uv": [58, 28], "uv_size": [4, 2]},
								"east": {"uv": [55, 52], "uv_size": [5, 2]},
								"south": {"uv": [59, 12], "uv_size": [4, 2]},
								"west": {"uv": [57, 39], "uv_size": [5, 2]},
								"up": {"uv": [48, 44], "uv_size": [4, 5]},
								"down": {"uv": [49, 5], "uv_size": [4, -5]}
							}
						},
						{
							"origin": [4.3, 18.4, -2.2],
							"size": [2.7, 1.4, 4.5],
							"inflate": 0.15,
							"pivot": [8.3, 17.9, 0],
							"rotation": [0, 0, -17],
							"uv": {
								"north": {"uv": [52, 59], "uv_size": [4, 2]},
								"east": {"uv": [57, 41], "uv_size": [5, 2]},
								"south": {"uv": [59, 58], "uv_size": [4, 2]},
								"west": {"uv": [57, 43], "uv_size": [5, 2]},
								"up": {"uv": [4, 49], "uv_size": [4, 5]},
								"down": {"uv": [49, 10], "uv_size": [4, -5]}
							}
						},
						{
							"origin": [4, 12, -2],
							"size": [4, 12, 4],
							"inflate": 0.15,
							"uv": {
								"north": {"uv": [36, 12], "uv_size": [4, 12]},
								"east": {"uv": [16, 36], "uv_size": [4, 12]},
								"south": {"uv": [20, 36], "uv_size": [4, 12]},
								"west": {"uv": [24, 36], "uv_size": [4, 12]},
								"up": {"uv": [43, 54], "uv_size": [4, 4]},
								"down": {"uv": [47, 58], "uv_size": [4, -4]}
							}
						}
					]
				}
			]
		}
	]
}