{
	"format_version": "1.12.0",
	"minecraft:geometry": [
		{
			"description": {
				"identifier": "geometry.mc_webshooter",
				"texture_width": 32,
				"texture_height": 32,
				"visible_bounds_width": 3,
				"visible_bounds_height": 3.5,
				"visible_bounds_offset": [0, 1.25, 0]
			},
			"bones": [
				{
					"name": "root",
					"pivot": [0, 0, 0]
				},
				{
					"name": "waist",
					"parent": "root",
					"pivot": [0, 0, 0]
				},
				{
					"name": "Body",
					"parent": "waist",
					"pivot": [0, 24, 0]
				},
				{
					"name": "RightArm",
					"parent": "Body",
					"pivot": [-5, 22, 0]
				},
				{
					"name": "webot",
					"parent": "RightArm",
					"pivot": [-6, 14.5, 0],
					"cubes": [
						{
							"origin": [-8.4, 14.2, -2.4],
							"size": [4.9, 2.3, 4.6],
							"uv": {
								"north": {"uv": [0, 10], "uv_size": [5, 2]},
								"east": {"uv": [10, 0], "uv_size": [5, 2]},
								"south": {"uv": [10, 2], "uv_size": [5, 2]},
								"west": {"uv": [10, 4], "uv_size": [5, 2]},
								"up": {"uv": [0, 0], "uv_size": [5, 5]},
								"down": {"uv": [0, 10], "uv_size": [5, -5]}
							}
						},
						{
							"origin": [-4.7, 13.8, -1.3],
							"size": [1.4, 3, 2.4],
							"uv": {
								"north": {"uv": [15, 6], "uv_size": [1, 3]},
								"east": {"uv": [12, 12], "uv_size": [2, 3]},
								"south": {"uv": [8, 15], "uv_size": [1, 3]},
								"west": {"uv": [14, 12], "uv_size": [2, 3]},
								"up": {"uv": [16, 12], "uv_size": [1, 2]},
								"down": {"uv": [16, 16], "uv_size": [1, -2]}
							}
						},
						{
							"origin": [-4.7, 16.08506, -0.97879],
							"size": [1.4, 1.8, 1],
							"pivot": [-4, 17.09813, -0.13948],
							"rotation": [-24, 0, -4],
							"uv": {
								"north": {"uv": [16, 16], "uv_size": [1, 2]},
								"east": {"uv": [17, 0], "uv_size": [1, 2]},
								"south": {"uv": [17, 2], "uv_size": [1, 2]},
								"west": {"uv": [17, 4], "uv_size": [1, 2]},
								"up": {"uv": [18, 6], "uv_size": [1, 1]},
								"down": {"uv": [18, 8], "uv_size": [1, -1]}
							}
						},
						{
							"origin": [-3.4, 14.4, -0.6],
							"size": [0.3, 2.4, 1],
							"pivot": [-3.25, 15.6, -0.1],
							"rotation": [0, 0, -5],
							"uv": {
								"north": {"uv": [17, 10], "uv_size": [1, 2]},
								"east": {"uv": [11, 17], "uv_size": [1, 2]},
								"south": {"uv": [12, 17], "uv_size": [1, 2]},
								"west": {"uv": [17, 12], "uv_size": [1, 2]},
								"up": {"uv": [18, 11], "uv_size": [1, 1]},
								"down": {"uv": [18, 13], "uv_size": [1, -1]}
							}
						},
						{
							"origin": [-3.9, 11.3, -0.7],
							"size": [0.5, 0.8, 1.2],
							"pivot": [-3.65, 11.7, -0.1],
							"rotation": [0, 0, 3],
							"uv": {
								"north": {"uv": [13, 18], "uv_size": [1, 1]},
								"east": {"uv": [18, 13], "uv_size": [1, 1]},
								"south": {"uv": [14, 18], "uv_size": [1, 1]},
								"west": {"uv": [18, 14], "uv_size": [1, 1]},
								"up": {"uv": [15, 18], "uv_size": [1, 1]},
								"down": {"uv": [18, 16], "uv_size": [1, -1]}
							}
						},
						{
							"origin": [-4.7, 16.02163, -0.32842],
							"size": [1.4, 1.8, 1],
							"pivot": [-4, 17.09813, -0.13948],
							"rotation": [24, 0, -4],
							"uv": {
								"north": {"uv": [17, 6], "uv_size": [1, 2]},
								"east": {"uv": [17, 8], "uv_size": [1, 2]},
								"south": {"uv": [9, 17], "uv_size": [1, 2]},
								"west": {"uv": [10, 17], "uv_size": [1, 2]},
								"up": {"uv": [8, 18], "uv_size": [1, 1]},
								"down": {"uv": [18, 9], "uv_size": [1, -1]}
							}
						},
						{
							"origin": [-4.3, 11.3, -0.5],
							"size": [0.9, 6.8, 0.8],
							"uv": {
								"north": {"uv": [4, 12], "uv_size": [1, 7]},
								"east": {"uv": [5, 12], "uv_size": [1, 7]},
								"south": {"uv": [6, 12], "uv_size": [1, 7]},
								"west": {"uv": [7, 12], "uv_size": [1, 7]},
								"up": {"uv": [18, 9], "uv_size": [1, 1]},
								"down": {"uv": [18, 11], "uv_size": [1, -1]}
							}
						}
					]
				},
				{
					"name": "LeftArm",
					"parent": "Body",
					"pivot": [5, 22, 0],
					"cubes": [
						{
							"origin": [3.6, 14.2, -2.4],
							"size": [4.9, 2.3, 4.6],
							"uv": {
								"north": {"uv": [5, 10], "uv_size": [5, 2]},
								"east": {"uv": [10, 6], "uv_size": [5, 2]},
								"south": {"uv": [10, 8], "uv_size": [5, 2]},
								"west": {"uv": [10, 10], "uv_size": [5, 2]},
								"up": {"uv": [5, 0], "uv_size": [5, 5]},
								"down": {"uv": [5, 10], "uv_size": [5, -5]}
							}
						}
					]
				},
				{
					"name": "webot2",
					"parent": "LeftArm",
					"pivot": [3.89167, 15.24938, 0.11316],
					"rotation": [0, 180, 0],
					"cubes": [
						{
							"origin": [2.98333, 13.8, -1.07368],
							"size": [1.4, 3, 2.4],
							"uv": {
								"north": {"uv": [15, 6], "uv_size": [1, 3]},
								"east": {"uv": [12, 12], "uv_size": [2, 3]},
								"south": {"uv": [8, 15], "uv_size": [1, 3]},
								"west": {"uv": [14, 12], "uv_size": [2, 3]},
								"up": {"uv": [16, 12], "uv_size": [1, 2]},
								"down": {"uv": [16, 16], "uv_size": [1, -2]}
							}
						},
						{
							"origin": [2.98333, 16.08506, -0.75246],
							"size": [1.4, 1.8, 1],
							"pivot": [3.68333, 17.09813, 0.08684],
							"rotation": [-24, 0, -4],
							"uv": {
								"north": {"uv": [16, 16], "uv_size": [1, 2]},
								"east": {"uv": [17, 0], "uv_size": [1, 2]},
								"south": {"uv": [17, 2], "uv_size": [1, 2]},
								"west": {"uv": [17, 4], "uv_size": [1, 2]},
								"up": {"uv": [18, 6], "uv_size": [1, 1]},
								"down": {"uv": [18, 8], "uv_size": [1, -1]}
							}
						},
						{
							"origin": [4.28333, 14.4, -0.37368],
							"size": [0.3, 2.4, 1],
							"pivot": [4.43333, 15.6, 0.12632],
							"rotation": [0, 0, -5],
							"uv": {
								"north": {"uv": [17, 10], "uv_size": [1, 2]},
								"east": {"uv": [11, 17], "uv_size": [1, 2]},
								"south": {"uv": [12, 17], "uv_size": [1, 2]},
								"west": {"uv": [17, 12], "uv_size": [1, 2]},
								"up": {"uv": [18, 11], "uv_size": [1, 1]},
								"down": {"uv": [18, 13], "uv_size": [1, -1]}
							}
						},
						{
							"origin": [2.98333, 16.02163, -0.1021],
							"size": [1.4, 1.8, 1],
							"pivot": [3.68333, 17.09813, 0.08684],
							"rotation": [24, 0, -4],
							"uv": {
								"north": {"uv": [17, 6], "uv_size": [1, 2]},
								"east": {"uv": [17, 8], "uv_size": [1, 2]},
								"south": {"uv": [9, 17], "uv_size": [1, 2]},
								"west": {"uv": [10, 17], "uv_size": [1, 2]},
								"up": {"uv": [8, 18], "uv_size": [1, 1]},
								"down": {"uv": [18, 9], "uv_size": [1, -1]}
							}
						},
						{
							"origin": [3.38333, 11.3, -0.27368],
							"size": [0.9, 6.8, 0.8],
							"uv": {
								"north": {"uv": [4, 12], "uv_size": [1, 7]},
								"east": {"uv": [5, 12], "uv_size": [1, 7]},
								"south": {"uv": [6, 12], "uv_size": [1, 7]},
								"west": {"uv": [7, 12], "uv_size": [1, 7]},
								"up": {"uv": [18, 9], "uv_size": [1, 1]},
								"down": {"uv": [18, 11], "uv_size": [1, -1]}
							}
						},
						{
							"origin": [3.78333, 11.3, -0.47368],
							"size": [0.5, 0.8, 1.2],
							"pivot": [4.03333, 11.7, 0.12632],
							"rotation": [0, 0, 3],
							"uv": {
								"north": {"uv": [13, 18], "uv_size": [1, 1]},
								"east": {"uv": [18, 13], "uv_size": [1, 1]},
								"south": {"uv": [14, 18], "uv_size": [1, 1]},
								"west": {"uv": [18, 14], "uv_size": [1, 1]},
								"up": {"uv": [15, 18], "uv_size": [1, 1]},
								"down": {"uv": [18, 16], "uv_size": [1, -1]}
							}
						}
					]
				}
			]
		}
	]
}