{
	"format_version": "1.12.0",
	"minecraft:geometry": [
		{
			"description": {
				"identifier": "geometry.mc_specspider",
				"texture_width": 256,
				"texture_height": 128,
				"visible_bounds_width": 3,
				"visible_bounds_height": 3.5,
				"visible_bounds_offset": [0, 1.25, 0]
			},
			"bones": [
				{
					"name": "root",
					"pivot": [0, 0, 0]
				},
				{
					"name": "RightLeg",
					"parent": "root",
					"pivot": [-1.9, 12, 0],
					"cubes": [
						{
							"origin": [-3.9, 4.5, -2],
							"size": [4, 7.5, 4],
							"inflate": 0.15,
							"uv": {
								"north": {"uv": [16, 24], "uv_size": [4, 12]},
								"east": {"uv": [20, 24], "uv_size": [4, 12]},
								"south": {"uv": [24, 24], "uv_size": [4, 12]},
								"west": {"uv": [0, 28], "uv_size": [4, 12]},
								"up": {"uv": [53, 23], "uv_size": [4, 4]},
								"down": {"uv": [0, 58], "uv_size": [4, -4]}
							}
						},
						{
							"origin": [-3.9, 0, -2],
							"size": [4, 4.6, 4],
							"inflate": 0.25,
							"uv": {
								"north": {"uv": [241.7, 0], "uv_size": [14.3, 16.55]},
								"east": {"uv": [241.7, 0], "uv_size": [14.3, 16.55]},
								"south": {"uv": [241.7, 0], "uv_size": [14.3, 16.55]},
								"west": {"uv": [241.7, 0], "uv_size": [14.3, 16.55]},
								"up": {"uv": [256, 16.55], "uv_size": [-14.3, -16.55]},
								"down": {"uv": [256, 16.55], "uv_size": [-14.3, -16.55]}
							}
						}
					]
				},
				{
					"name": "LeftLeg",
					"parent": "root",
					"pivot": [1.9, 12, 0],
					"cubes": [
						{
							"origin": [-0.1, 4.5, -2],
							"size": [4, 7.5, 4],
							"inflate": 0.15,
							"uv": {
								"north": {"uv": [28, 0], "uv_size": [4, 12]},
								"east": {"uv": [4, 28], "uv_size": [4, 12]},
								"south": {"uv": [28, 12], "uv_size": [4, 12]},
								"west": {"uv": [28, 24], "uv_size": [4, 12]},
								"up": {"uv": [4, 54], "uv_size": [4, 4]},
								"down": {"uv": [8, 58], "uv_size": [4, -4]}
							}
						},
						{
							"origin": [-0.1, 0, -2],
							"size": [4, 4.6, 4],
							"inflate": 0.25,
							"uv": {
								"north": {"uv": [241.7, 0], "uv_size": [14.3, 16.55]},
								"east": {"uv": [241.7, 0], "uv_size": [14.3, 16.55]},
								"south": {"uv": [241.7, 0], "uv_size": [14.3, 16.55]},
								"west": {"uv": [241.7, 0], "uv_size": [14.3, 16.55]},
								"up": {"uv": [256, 16.55], "uv_size": [-14.3, -16.55]},
								"down": {"uv": [256, 16.55], "uv_size": [-14.3, -16.55]}
							}
						}
					]
				},
				{
					"name": "waist",
					"parent": "root",
					"pivot": [0, 0, 0]
				},
				{
					"name": "Body",
					"parent": "waist",
					"pivot": [0, 24, 0],
					"cubes": [
						{
							"origin": [-4, 11.8, -2],
							"size": [8, 12.2, 4],
							"inflate": 0.15,
							"uv": {
								"north": {"uv": [7.5, 94], "uv_size": [17, 20.5]},
								"east": {"uv": [17, 12], "uv_size": [4, 10]},
								"south": {"uv": [17, 12], "uv_size": [4, 10]},
								"west": {"uv": [17, 12], "uv_size": [4, 10]},
								"up": {"uv": [21, 22], "uv_size": [-4, -10]},
								"down": {"uv": [21, 22], "uv_size": [-4, -10]}
							}
						},
						{
							"origin": [3.43811, 12.70397, -2.25],
							"size": [0.75, 9.8, 4.6],
							"uv": {
								"north": {"uv": [1, 0], "uv_size": [4, 10]},
								"east": {"uv": [1, 0], "uv_size": [4, 10]},
								"south": {"uv": [1, 0], "uv_size": [4, 10]},
								"west": {"uv": [1, 0], "uv_size": [4, 10]},
								"up": {"uv": [5, 10], "uv_size": [-4, -10]},
								"down": {"uv": [5, 10], "uv_size": [-4, -10]}
							}
						},
						{
							"origin": [1.41606, 12.8498, -2.25],
							"size": [1, 9.6, 3.8],
							"pivot": [2.28114, 12.46573, -0.45],
							"rotation": [0, 0, 12],
							"uv": {
								"north": {"uv": [5, 0], "uv_size": [-4, 10]},
								"east": {"uv": [5, 0], "uv_size": [-4, 10]},
								"south": {"uv": [5, 0], "uv_size": [-4, 10]},
								"west": {"uv": [5, 0], "uv_size": [-4, 10]},
								"up": {"uv": [1, 10], "uv_size": [4, -10]},
								"down": {"uv": [1, 10], "uv_size": [4, -10]}
							}
						},
						{
							"origin": [2.63114, 12.81573, -2.25],
							"size": [1.2, 5, 3.8],
							"pivot": [2.28114, 19.46573, -0.45],
							"rotation": [0, 0, 3.5],
							"uv": {
								"north": {"uv": [5, 0], "uv_size": [-4, 10]},
								"east": {"uv": [5, 0], "uv_size": [-4, 10]},
								"south": {"uv": [5, 0], "uv_size": [-4, 10]},
								"west": {"uv": [5, 0], "uv_size": [-4, 10]},
								"up": {"uv": [1, 10], "uv_size": [4, -10]},
								"down": {"uv": [1, 10], "uv_size": [4, -10]}
							}
						},
						{
							"origin": [-4.24037, 12.75278, -2.35],
							"size": [0.9, 8.1, 3.8],
							"pivot": [-3.10416, 16.91195, -0.45],
							"rotation": [-0.96711, -0.44323, 171.51148],
							"uv": {
								"north": {"uv": [5, 0], "uv_size": [-4, 10]},
								"east": {"uv": [5, 0], "uv_size": [-4, 10]},
								"south": {"uv": [5, 0], "uv_size": [-4, 10]},
								"west": {"uv": [5, 0], "uv_size": [-4, 10]},
								"up": {"uv": [1, 10], "uv_size": [4, -10]},
								"down": {"uv": [1, 10], "uv_size": [4, -10]}
							}
						},
						{
							"origin": [-3.7904, 11.95918, -2.35],
							"size": [1.2, 9, 3.8],
							"pivot": [-3.10416, 16.91195, -0.45],
							"rotation": [-0.99441, -0.18306, 176.50478],
							"uv": {
								"north": {"uv": [5, 0], "uv_size": [-4, 10]},
								"east": {"uv": [5, 0], "uv_size": [-4, 10]},
								"south": {"uv": [5, 0], "uv_size": [-4, 10]},
								"west": {"uv": [5, 0], "uv_size": [-4, 10]},
								"up": {"uv": [1, 10], "uv_size": [4, -10]},
								"down": {"uv": [1, 10], "uv_size": [4, -10]}
							}
						},
						{
							"origin": [-2.16189, 11.20397, -2.35],
							"size": [1.15, 9.7, 4.6],
							"pivot": [-2.60416, 16.91195, -0.45],
							"rotation": [-1, 0, -180],
							"uv": {
								"north": {"uv": [1, 0], "uv_size": [4, 10]},
								"east": {"uv": [1, 0], "uv_size": [4, 10]},
								"south": {"uv": [1, 0], "uv_size": [4, 10]},
								"west": {"uv": [1, 0], "uv_size": [4, 10]},
								"up": {"uv": [5, 10], "uv_size": [-4, -10]},
								"down": {"uv": [5, 10], "uv_size": [-4, -10]}
							}
						},
						{
							"origin": [-0.23034, 14, -1.55],
							"size": [11.25, 8.1, 3.8],
							"pivot": [2.31966, 20.31757, 0.45],
							"rotation": [0, 0, 90],
							"uv": {
								"north": {"uv": [1, 0], "uv_size": [4, 10]},
								"east": {"uv": [1, 0], "uv_size": [4, 10]},
								"south": {"uv": [1, 0], "uv_size": [4, 10]},
								"west": {"uv": [1, 0], "uv_size": [4, 10]},
								"up": {"uv": [1, 0], "uv_size": [4, 10]},
								"down": {"uv": [1, 0], "uv_size": [4, 10]}
							}
						},
						{
							"origin": [-3.45134, 13.33408, 2.32877],
							"size": [7.0668, 8.66736, 0],
							"uv": {
								"north": {"uv": [201.5, 51], "uv_size": [54, 77]},
								"east": {"uv": [201.5, 51], "uv_size": [54, 77]},
								"south": {"uv": [2, 122.5], "uv_size": [1, 1]},
								"west": {"uv": [0, 127], "uv_size": [1, 1]},
								"up": {"uv": [1, 128], "uv_size": [-1, -1]},
								"down": {"uv": [1, 128], "uv_size": [-1, -1]}
							}
						}
					]
				},
				{
					"name": "bone",
					"parent": "Body",
					"pivot": [0, 22, -2],
					"cubes": [
						{
							"origin": [-0.34635, 20.07357, -2.34635],
							"size": [0.536, 1.34, 0.67],
							"pivot": [0, 21.13, -1.933],
							"rotation": [28.49602, -41.31063, -19.71605],
							"uv": {
								"north": {"uv": [120.95, 64.15], "uv_size": [1, 1]},
								"east": {"uv": [120.95, 64.15], "uv_size": [1, 1]},
								"south": {"uv": [120.95, 64.15], "uv_size": [1, 1]},
								"west": {"uv": [120.95, 64.15], "uv_size": [1, 1]},
								"up": {"uv": [121.95, 65.15], "uv_size": [-1, -1]},
								"down": {"uv": [121.95, 65.15], "uv_size": [-1, -1]}
							}
						},
						{
							"origin": [-0.268, 20.795, -2.134],
							"size": [0.536, 1.34, 0.67],
							"pivot": [0, 21.465, -1.799],
							"rotation": [22.0735, -42.82135, -15.4102],
							"uv": {
								"north": {"uv": [120.95, 64.15], "uv_size": [1, 1]},
								"east": {"uv": [120.95, 64.15], "uv_size": [1, 1]},
								"south": {"uv": [120.95, 64.15], "uv_size": [1, 1]},
								"west": {"uv": [120.95, 64.15], "uv_size": [1, 1]},
								"up": {"uv": [121.95, 65.15], "uv_size": [-1, -1]},
								"down": {"uv": [121.95, 65.15], "uv_size": [-1, -1]}
							}
						},
						{
							"origin": [-0.268, 21.197, -2.201],
							"size": [0.536, 1.34, 0.67],
							"pivot": [0, 21.867, -1.866],
							"rotation": [-24.67906, -42.2602, 17.17204],
							"uv": {
								"north": {"uv": [120.95, 64.15], "uv_size": [1, 1]},
								"east": {"uv": [120.95, 64.15], "uv_size": [1, 1]},
								"south": {"uv": [120.95, 64.15], "uv_size": [1, 1]},
								"west": {"uv": [120.95, 64.15], "uv_size": [1, 1]},
								"up": {"uv": [121.95, 65.15], "uv_size": [-1, -1]},
								"down": {"uv": [121.95, 65.15], "uv_size": [-1, -1]}
							}
						},
						{
							"origin": [-0.268, 21.867, -2],
							"size": [0.536, 1.34, 0.67],
							"pivot": [0, 22.537, -1.665],
							"rotation": [-36.94136, -38.63363, 25.14872],
							"uv": {
								"north": {"uv": [120.95, 64.15], "uv_size": [1, 1]},
								"east": {"uv": [120.95, 64.15], "uv_size": [1, 1]},
								"south": {"uv": [120.95, 64.15], "uv_size": [1, 1]},
								"west": {"uv": [120.95, 64.15], "uv_size": [1, 1]},
								"up": {"uv": [121.95, 65.15], "uv_size": [-1, -1]},
								"down": {"uv": [121.95, 65.15], "uv_size": [-1, -1]}
							}
						},
						{
							"origin": [0.402, 21.867, -2.08375],
							"size": [0.536, 0.67, 0.67],
							"pivot": [0.67, 22.336, -1.74875],
							"rotation": [0, -45, 66],
							"uv": {
								"north": {"uv": [120.95, 64.15], "uv_size": [1, 1]},
								"east": {"uv": [120.95, 64.15], "uv_size": [1, 1]},
								"south": {"uv": [120.95, 64.15], "uv_size": [1, 1]},
								"west": {"uv": [120.95, 64.15], "uv_size": [1, 1]},
								"up": {"uv": [121.95, 65.15], "uv_size": [-1, -1]},
								"down": {"uv": [121.95, 65.15], "uv_size": [-1, -1]}
							}
						},
						{
							"origin": [0.402, 21.398, -2.08375],
							"size": [0.536, 1.474, 0.67],
							"pivot": [0.67, 22.202, -1.74875],
							"rotation": [0, -45, 76],
							"uv": {
								"north": {"uv": [120.95, 64.15], "uv_size": [1, 1]},
								"east": {"uv": [120.95, 64.15], "uv_size": [1, 1]},
								"south": {"uv": [120.95, 64.15], "uv_size": [1, 1]},
								"west": {"uv": [120.95, 64.15], "uv_size": [1, 1]},
								"up": {"uv": [121.95, 65.15], "uv_size": [-1, -1]},
								"down": {"uv": [121.95, 65.15], "uv_size": [-1, -1]}
							}
						},
						{
							"origin": [0.67, 23.006, -2.134],
							"size": [0.536, 1.072, 0.67],
							"pivot": [0.938, 23.14, -1.799],
							"rotation": [0, -45, 162],
							"uv": {
								"north": {"uv": [120.95, 64.15], "uv_size": [1, 1]},
								"east": {"uv": [120.95, 64.15], "uv_size": [1, 1]},
								"south": {"uv": [120.95, 64.15], "uv_size": [1, 1]},
								"west": {"uv": [120.95, 64.15], "uv_size": [1, 1]},
								"up": {"uv": [121.95, 65.15], "uv_size": [-1, -1]},
								"down": {"uv": [121.95, 65.15], "uv_size": [-1, -1]}
							}
						},
						{
							"origin": [0.067, 23.341, -2.134],
							"size": [0.536, 0.67, 0.67],
							"pivot": [0.335, 23.14, -1.799],
							"rotation": [0, -45, 152],
							"uv": {
								"north": {"uv": [120.95, 64.15], "uv_size": [1, 1]},
								"east": {"uv": [120.95, 64.15], "uv_size": [1, 1]},
								"south": {"uv": [120.95, 64.15], "uv_size": [1, 1]},
								"west": {"uv": [120.95, 64.15], "uv_size": [1, 1]},
								"up": {"uv": [121.95, 65.15], "uv_size": [-1, -1]},
								"down": {"uv": [121.95, 65.15], "uv_size": [-1, -1]}
							}
						},
						{
							"origin": [-0.72419, 21.4483, -1.61081],
							"size": [0.536, 0.67, 0.67],
							"pivot": [0.067, 22.068, -1.799],
							"rotation": [-180, 45, 28],
							"uv": {
								"north": {"uv": [120.95, 64.15], "uv_size": [1, 1]},
								"east": {"uv": [120.95, 64.15], "uv_size": [1, 1]},
								"south": {"uv": [120.95, 64.15], "uv_size": [1, 1]},
								"west": {"uv": [120.95, 64.15], "uv_size": [1, 1]},
								"up": {"uv": [121.95, 65.15], "uv_size": [-1, -1]},
								"down": {"uv": [121.95, 65.15], "uv_size": [-1, -1]}
							}
						},
						{
							"origin": [-1.00635, 21.24734, -1.32865],
							"size": [0.536, 1.072, 0.67],
							"pivot": [0.067, 22.068, -1.799],
							"rotation": [180, 45, 18],
							"uv": {
								"north": {"uv": [120.95, 64.15], "uv_size": [1, 1]},
								"east": {"uv": [120.95, 64.15], "uv_size": [1, 1]},
								"south": {"uv": [120.95, 64.15], "uv_size": [1, 1]},
								"west": {"uv": [120.95, 64.15], "uv_size": [1, 1]},
								"up": {"uv": [121.95, 65.15], "uv_size": [-1, -1]},
								"down": {"uv": [121.95, 65.15], "uv_size": [-1, -1]}
							}
						},
						{
							"origin": [-0.15741, 22.23162, -2.12734],
							"size": [0.536, 0.67, 0.67],
							"pivot": [0.067, 22.068, -1.74875],
							"rotation": [-180, 45, 114],
							"uv": {
								"north": {"uv": [120.95, 64.15], "uv_size": [1, 1]},
								"east": {"uv": [120.95, 64.15], "uv_size": [1, 1]},
								"south": {"uv": [120.95, 64.15], "uv_size": [1, 1]},
								"west": {"uv": [120.95, 64.15], "uv_size": [1, 1]},
								"up": {"uv": [121.95, 65.15], "uv_size": [-1, -1]},
								"down": {"uv": [121.95, 65.15], "uv_size": [-1, -1]}
							}
						},
						{
							"origin": [-0.14382, 21.8653, -2.14093],
							"size": [0.536, 1.474, 0.67],
							"pivot": [0.067, 22.068, -1.74875],
							"rotation": [180, 45, 104],
							"uv": {
								"north": {"uv": [120.95, 64.15], "uv_size": [1, 1]},
								"east": {"uv": [120.95, 64.15], "uv_size": [1, 1]},
								"south": {"uv": [120.95, 64.15], "uv_size": [1, 1]},
								"west": {"uv": [120.95, 64.15], "uv_size": [1, 1]},
								"up": {"uv": [121.95, 65.15], "uv_size": [-1, -1]},
								"down": {"uv": [121.95, 65.15], "uv_size": [-1, -1]}
							}
						},
						{
							"origin": [-0.17793, 22.01178, -2.10682],
							"size": [0.536, 0.67, 0.67],
							"pivot": [0.067, 21.83523, -1.74875],
							"rotation": [-180, 45, -59],
							"uv": {
								"north": {"uv": [120.95, 64.15], "uv_size": [1, 1]},
								"east": {"uv": [120.95, 64.15], "uv_size": [1, 1]},
								"south": {"uv": [120.95, 64.15], "uv_size": [1, 1]},
								"west": {"uv": [120.95, 64.15], "uv_size": [1, 1]},
								"up": {"uv": [121.95, 65.15], "uv_size": [-1, -1]},
								"down": {"uv": [121.95, 65.15], "uv_size": [-1, -1]}
							}
						},
						{
							"origin": [0.36802, 20.16759, -2.1301],
							"size": [0.536, 1.273, 0.67],
							"pivot": [0.63992, 21.3471, -1.799],
							"rotation": [-180, 45, -163],
							"uv": {
								"north": {"uv": [120.95, 64.15], "uv_size": [1, 1]},
								"east": {"uv": [120.95, 64.15], "uv_size": [1, 1]},
								"south": {"uv": [120.95, 64.15], "uv_size": [1, 1]},
								"west": {"uv": [120.95, 64.15], "uv_size": [1, 1]},
								"up": {"uv": [121.95, 65.15], "uv_size": [-1, -1]},
								"down": {"uv": [121.95, 65.15], "uv_size": [-1, -1]}
							}
						},
						{
							"origin": [-1.01329, 20.64936, -1.32171],
							"size": [0.603, 1.407, 0.737],
							"pivot": [0.067, 21.83523, -1.799],
							"rotation": [-180, 45, -165],
							"uv": {
								"north": {"uv": [120.95, 64.15], "uv_size": [1, 1]},
								"east": {"uv": [120.95, 64.15], "uv_size": [1, 1]},
								"south": {"uv": [120.95, 64.15], "uv_size": [1, 1]},
								"west": {"uv": [120.95, 64.15], "uv_size": [1, 1]},
								"up": {"uv": [121.95, 65.15], "uv_size": [-1, -1]},
								"down": {"uv": [121.95, 65.15], "uv_size": [-1, -1]}
							}
						},
						{
							"origin": [-0.16561, 21.64022, -2.11914],
							"size": [0.536, 1.474, 0.67],
							"pivot": [0.067, 21.83523, -1.74875],
							"rotation": [180, 45, -79],
							"uv": {
								"north": {"uv": [120.95, 64.15], "uv_size": [1, 1]},
								"east": {"uv": [120.95, 64.15], "uv_size": [1, 1]},
								"south": {"uv": [120.95, 64.15], "uv_size": [1, 1]},
								"west": {"uv": [120.95, 64.15], "uv_size": [1, 1]},
								"up": {"uv": [121.95, 65.15], "uv_size": [-1, -1]},
								"down": {"uv": [121.95, 65.15], "uv_size": [-1, -1]}
							}
						},
						{
							"origin": [-0.15353, 21.93521, -2.13122],
							"size": [0.536, 0.67, 0.67],
							"pivot": [0.067, 21.70123, -1.74875],
							"rotation": [0.26886, -44.24331, -118.29215],
							"uv": {
								"north": {"uv": [120.95, 64.15], "uv_size": [1, 1]},
								"east": {"uv": [120.95, 64.15], "uv_size": [1, 1]},
								"south": {"uv": [120.95, 64.15], "uv_size": [1, 1]},
								"west": {"uv": [120.95, 64.15], "uv_size": [1, 1]},
								"up": {"uv": [121.95, 65.15], "uv_size": [-1, -1]},
								"down": {"uv": [121.95, 65.15], "uv_size": [-1, -1]}
							}
						},
						{
							"origin": [-0.80554, 20.30901, -1.59646],
							"size": [0.536, 1.273, 0.67],
							"pivot": [0, 21.76823, -1.799],
							"rotation": [0.97829, -45.36571, -14.79726],
							"uv": {
								"north": {"uv": [120.95, 64.15], "uv_size": [1, 1]},
								"east": {"uv": [120.95, 64.15], "uv_size": [1, 1]},
								"south": {"uv": [120.95, 64.15], "uv_size": [1, 1]},
								"west": {"uv": [120.95, 64.15], "uv_size": [1, 1]},
								"up": {"uv": [121.95, 65.15], "uv_size": [-1, -1]},
								"down": {"uv": [121.95, 65.15], "uv_size": [-1, -1]}
							}
						},
						{
							"origin": [-0.35757, 21.57198, -2.12818],
							"size": [0.536, 1.34, 0.67],
							"pivot": [-0.134, 21.70123, -1.74875],
							"rotation": [0, -45, -101],
							"uv": {
								"north": {"uv": [120.95, 64.15], "uv_size": [1, 1]},
								"east": {"uv": [120.95, 64.15], "uv_size": [1, 1]},
								"south": {"uv": [120.95, 64.15], "uv_size": [1, 1]},
								"west": {"uv": [120.95, 64.15], "uv_size": [1, 1]},
								"up": {"uv": [121.95, 65.15], "uv_size": [-1, -1]},
								"down": {"uv": [121.95, 65.15], "uv_size": [-1, -1]}
							}
						},
						{
							"origin": [-1.19305, 20.5997, -1.34295],
							"size": [0.603, 1.407, 0.737],
							"pivot": [-0.067, 21.76823, -1.866],
							"rotation": [0, -45, -15],
							"uv": {
								"north": {"uv": [120.95, 64.15], "uv_size": [1, 1]},
								"east": {"uv": [120.95, 64.15], "uv_size": [1, 1]},
								"south": {"uv": [120.95, 64.15], "uv_size": [1, 1]},
								"west": {"uv": [120.95, 64.15], "uv_size": [1, 1]},
								"up": {"uv": [121.95, 65.15], "uv_size": [-1, -1]},
								"down": {"uv": [121.95, 65.15], "uv_size": [-1, -1]}
							}
						}
					]
				},
				{
					"name": "Head",
					"parent": "Body",
					"pivot": [0, 24, 0],
					"cubes": [
						{
							"origin": [-4, 24, -4],
							"size": [8, 8, 8.2],
							"inflate": 0.15,
							"uv": {
								"north": {"uv": [30, 89], "uv_size": [19.5, 19.5]},
								"east": {"uv": [111.08894, 0], "uv_size": [16.91106, 16.9111]},
								"south": {"uv": [111.0889, 0], "uv_size": [16.9111, 16.9111]},
								"west": {"uv": [111.0889, 0], "uv_size": [16.9111, 16.9111]},
								"up": {"uv": [128, 16.9111], "uv_size": [-16.9111, -16.9111]},
								"down": {"uv": [128, 16.9111], "uv_size": [-16.9111, -16.9111]}
							}
						}
					]
				},
				{
					"name": "bosh",
					"parent": "Head",
					"pivot": [-0.2, 28, -0.1],
					"rotation": [0, -1, 0]
				},
				{
					"name": "kozla3",
					"parent": "bosh",
					"pivot": [2.23072, 27.64166, -3.96212],
					"cubes": [
						{
							"origin": [0.48035, 27.32678, -4.36257],
							"size": [0.48788, 1.15154, 0.76769],
							"pivot": [0.72676, 27.51096, -3.40295],
							"rotation": [0, 0, 37],
							"uv": {
								"north": {"uv": [69, 3], "uv_size": [1, 1]},
								"east": {"uv": [4, 69], "uv_size": [1, 1]},
								"south": {"uv": [69, 4], "uv_size": [1, 1]},
								"west": {"uv": [5, 69], "uv_size": [1, 1]},
								"up": {"uv": [69, 5], "uv_size": [1, 1]},
								"down": {"uv": [6, 70], "uv_size": [1, -1]}
							}
						},
						{
							"origin": [0.43194, 26.60282, -4.36043],
							"size": [0.38788, 0.86365, 0.76769],
							"pivot": [0.66102, 26.7401, -3.97872],
							"rotation": [0.54676, 0.28954, 9.48227],
							"uv": {
								"north": {"uv": [69, 3], "uv_size": [1, 1]},
								"east": {"uv": [4, 69], "uv_size": [1, 1]},
								"south": {"uv": [69, 4], "uv_size": [1, 1]},
								"west": {"uv": [5, 69], "uv_size": [1, 1]},
								"up": {"uv": [69, 5], "uv_size": [1, 1]},
								"down": {"uv": [6, 70], "uv_size": [1, -1]}
							}
						},
						{
							"origin": [-0.0824, 28.17632, -4.36257],
							"size": [0.19192, 1.15154, 0.57577],
							"pivot": [0.72676, 27.415, -3.40295],
							"rotation": [0, 0, 69],
							"uv": {
								"north": {"uv": [69, 6], "uv_size": [1, 1]},
								"east": {"uv": [7, 69], "uv_size": [1, 1]},
								"south": {"uv": [69, 7], "uv_size": [1, 1]},
								"west": {"uv": [8, 69], "uv_size": [1, 1]},
								"up": {"uv": [69, 8], "uv_size": [1, 1]},
								"down": {"uv": [9, 70], "uv_size": [1, -1]}
							}
						},
						{
							"origin": [0.01857, 27.99245, -4.36257],
							"size": [0.58788, 1.3475, 0.76769],
							"pivot": [0.82273, 27.415, -3.40295],
							"rotation": [0, 0, 66],
							"uv": {
								"north": {"uv": [69, 9], "uv_size": [1, 1]},
								"east": {"uv": [10, 69], "uv_size": [1, 1]},
								"south": {"uv": [69, 10], "uv_size": [1, 1]},
								"west": {"uv": [11, 69], "uv_size": [1, 1]},
								"up": {"uv": [69, 11], "uv_size": [1, 1]},
								"down": {"uv": [12, 70], "uv_size": [1, -1]}
							}
						},
						{
							"origin": [2.76522, 27.68109, -4.36165],
							"size": [0.67981, 1.6475, 0.76769],
							"pivot": [3.15324, 28.67424, -3.97872],
							"rotation": [-0.26041, -0.24551, 82.96828],
							"uv": {
								"north": {"uv": [69, 9], "uv_size": [1, 1]},
								"east": {"uv": [10, 69], "uv_size": [1, 1]},
								"south": {"uv": [69, 10], "uv_size": [1, 1]},
								"west": {"uv": [11, 69], "uv_size": [1, 1]},
								"up": {"uv": [69, 11], "uv_size": [1, 1]},
								"down": {"uv": [12, 70], "uv_size": [1, -1]}
							}
						},
						{
							"origin": [2.53413, 28.0753, -4.36204],
							"size": [0.52981, 1.4975, 0.76769],
							"pivot": [2.95324, 28.84924, -3.97872],
							"rotation": [-0.26041, -0.24551, 66.46828],
							"uv": {
								"north": {"uv": [69, 9], "uv_size": [1, 1]},
								"east": {"uv": [10, 69], "uv_size": [1, 1]},
								"south": {"uv": [69, 10], "uv_size": [1, 1]},
								"west": {"uv": [11, 69], "uv_size": [1, 1]},
								"up": {"uv": [69, 11], "uv_size": [1, 1]},
								"down": {"uv": [12, 70], "uv_size": [1, -1]}
							}
						},
						{
							"origin": [0.73717, 26.68879, -4.2666],
							"size": [1.81923, 1.53539, 0.57577],
							"pivot": [0.72676, 27.415, -3.30699],
							"rotation": [0, 0, 21],
							"uv": {
								"north": {"uv": [34, 67], "uv_size": [2, 1]},
								"east": {"uv": [69, 40], "uv_size": [1, 1]},
								"south": {"uv": [67, 34], "uv_size": [2, 1]},
								"west": {"uv": [41, 69], "uv_size": [1, 1]},
								"up": {"uv": [67, 39], "uv_size": [2, 1]},
								"down": {"uv": [67, 46], "uv_size": [2, -1]}
							}
						},
						{
							"origin": [1.73029, 27.67011, -4.2666],
							"size": [1.82327, 0.95962, 0.57577],
							"pivot": [2.75152, 28.18901, -3.97872],
							"rotation": [0, 0, 154],
							"uv": {
								"north": {"uv": [67, 46], "uv_size": [2, 1]},
								"east": {"uv": [69, 41], "uv_size": [1, 1]},
								"south": {"uv": [67, 47], "uv_size": [2, 1]},
								"west": {"uv": [42, 69], "uv_size": [1, 1]},
								"up": {"uv": [67, 48], "uv_size": [2, 1]},
								"down": {"uv": [50, 68], "uv_size": [2, -1]}
							}
						},
						{
							"origin": [1.05286, 24.82576, -4.2666],
							"size": [1.53539, 1.43942, 0.57577],
							"pivot": [0.72676, 27.415, -3.30699],
							"rotation": [0, 0, -67],
							"uv": {
								"north": {"uv": [69, 42], "uv_size": [1, 1]},
								"east": {"uv": [43, 69], "uv_size": [1, 1]},
								"south": {"uv": [69, 43], "uv_size": [1, 1]},
								"west": {"uv": [44, 69], "uv_size": [1, 1]},
								"up": {"uv": [69, 44], "uv_size": [1, 1]},
								"down": {"uv": [45, 70], "uv_size": [1, -1]}
							}
						},
						{
							"origin": [3.40561, 27.76096, -4.36257],
							"size": [0.48788, 1.83539, 0.76769],
							"uv": {
								"north": {"uv": [69, 24], "uv_size": [1, 1]},
								"east": {"uv": [25, 69], "uv_size": [1, 1]},
								"south": {"uv": [69, 25], "uv_size": [1, 1]},
								"west": {"uv": [26, 69], "uv_size": [1, 1]},
								"up": {"uv": [69, 26], "uv_size": [1, 1]},
								"down": {"uv": [27, 70], "uv_size": [1, -1]}
							}
						},
						{
							"origin": [2.94038, 27.74331, -4.36257],
							"size": [0.48788, 1.25154, 0.76769],
							"pivot": [0.6308, 27.03116, -3.40295],
							"rotation": [0, 0, 19],
							"uv": {
								"north": {"uv": [69, 27], "uv_size": [1, 1]},
								"east": {"uv": [28, 69], "uv_size": [1, 1]},
								"south": {"uv": [69, 28], "uv_size": [1, 1]},
								"west": {"uv": [29, 69], "uv_size": [1, 1]},
								"up": {"uv": [69, 29], "uv_size": [1, 1]},
								"down": {"uv": [30, 70], "uv_size": [1, -1]}
							}
						},
						{
							"origin": [2.41766, 25.73295, -4.36257],
							"size": [0.28788, 1.63135, 0.76769],
							"pivot": [2.81325, 26.22824, -3.97872],
							"rotation": [0, 0, 53],
							"uv": {
								"north": {"uv": [69, 30], "uv_size": [1, 1]},
								"east": {"uv": [31, 69], "uv_size": [1, 1]},
								"south": {"uv": [69, 31], "uv_size": [1, 1]},
								"west": {"uv": [32, 69], "uv_size": [1, 1]},
								"up": {"uv": [69, 32], "uv_size": [1, 1]},
								"down": {"uv": [33, 70], "uv_size": [1, -1]}
							}
						},
						{
							"origin": [0.87285, 26.95391, -4.36257],
							"size": [0.19192, 2.11116, 0.76769],
							"pivot": [0.6308, 27.03116, -3.40295],
							"rotation": [0, 0, 108],
							"uv": {
								"north": {"uv": [69, 36], "uv_size": [1, 1]},
								"east": {"uv": [37, 69], "uv_size": [1, 1]},
								"south": {"uv": [69, 37], "uv_size": [1, 1]},
								"west": {"uv": [38, 69], "uv_size": [1, 1]},
								"up": {"uv": [69, 38], "uv_size": [1, 1]},
								"down": {"uv": [39, 70], "uv_size": [1, -1]}
							}
						},
						{
							"origin": [0.12218, 28.01218, -4.2666],
							"size": [2.39904, 1.34346, 0.57577],
							"pivot": [0.72676, 27.415, -3.30699],
							"rotation": [0, 0, 62],
							"uv": {
								"north": {"uv": [24, 67], "uv_size": [2, 1]},
								"east": {"uv": [69, 39], "uv_size": [1, 1]},
								"south": {"uv": [67, 27], "uv_size": [2, 1]},
								"west": {"uv": [40, 69], "uv_size": [1, 1]},
								"up": {"uv": [32, 67], "uv_size": [2, 1]},
								"down": {"uv": [67, 34], "uv_size": [2, -1]}
							}
						}
					]
				},
				{
					"name": "kozla2",
					"parent": "bosh",
					"pivot": [-2.36128, 27.64166, -3.96212],
					"rotation": [0, 180, 0],
					"cubes": [
						{
							"origin": [-4.11165, 27.32678, -4.36257],
							"size": [0.48788, 1.15154, 0.76769],
							"pivot": [-3.86524, 27.51096, -3.40295],
							"rotation": [0, 0, 37],
							"uv": {
								"north": {"uv": [69, 3], "uv_size": [1, 1]},
								"east": {"uv": [4, 69], "uv_size": [1, 1]},
								"south": {"uv": [69, 4], "uv_size": [1, 1]},
								"west": {"uv": [5, 69], "uv_size": [1, 1]},
								"up": {"uv": [69, 5], "uv_size": [1, 1]},
								"down": {"uv": [6, 70], "uv_size": [1, -1]}
							}
						},
						{
							"origin": [-4.16006, 26.60282, -4.36043],
							"size": [0.38788, 0.86365, 0.76769],
							"pivot": [-3.93098, 26.7401, -3.97872],
							"rotation": [0.54676, 0.28954, 9.48227],
							"uv": {
								"north": {"uv": [69, 3], "uv_size": [1, 1]},
								"east": {"uv": [4, 69], "uv_size": [1, 1]},
								"south": {"uv": [69, 4], "uv_size": [1, 1]},
								"west": {"uv": [5, 69], "uv_size": [1, 1]},
								"up": {"uv": [69, 5], "uv_size": [1, 1]},
								"down": {"uv": [6, 70], "uv_size": [1, -1]}
							}
						},
						{
							"origin": [-4.6744, 28.17632, -4.36257],
							"size": [0.19192, 1.15154, 0.57577],
							"pivot": [-3.86524, 27.415, -3.40295],
							"rotation": [0, 0, 69],
							"uv": {
								"north": {"uv": [69, 6], "uv_size": [1, 1]},
								"east": {"uv": [7, 69], "uv_size": [1, 1]},
								"south": {"uv": [69, 7], "uv_size": [1, 1]},
								"west": {"uv": [8, 69], "uv_size": [1, 1]},
								"up": {"uv": [69, 8], "uv_size": [1, 1]},
								"down": {"uv": [9, 70], "uv_size": [1, -1]}
							}
						},
						{
							"origin": [-4.57343, 27.99245, -4.36257],
							"size": [0.58788, 1.3475, 0.76769],
							"pivot": [-3.76927, 27.415, -3.40295],
							"rotation": [0, 0, 66],
							"uv": {
								"north": {"uv": [69, 9], "uv_size": [1, 1]},
								"east": {"uv": [10, 69], "uv_size": [1, 1]},
								"south": {"uv": [69, 10], "uv_size": [1, 1]},
								"west": {"uv": [11, 69], "uv_size": [1, 1]},
								"up": {"uv": [69, 11], "uv_size": [1, 1]},
								"down": {"uv": [12, 70], "uv_size": [1, -1]}
							}
						},
						{
							"origin": [-1.92558, 27.68959, -4.36257],
							"size": [0.77981, 1.6475, 0.76769],
							"pivot": [-1.43876, 28.67424, -3.97872],
							"rotation": [0, 0, 81],
							"uv": {
								"north": {"uv": [69, 9], "uv_size": [1, 1]},
								"east": {"uv": [10, 69], "uv_size": [1, 1]},
								"south": {"uv": [69, 10], "uv_size": [1, 1]},
								"west": {"uv": [11, 69], "uv_size": [1, 1]},
								"up": {"uv": [69, 11], "uv_size": [1, 1]},
								"down": {"uv": [12, 70], "uv_size": [1, -1]}
							}
						},
						{
							"origin": [-1.91046, 27.94413, -4.36257],
							"size": [0.47981, 1.5475, 0.76769],
							"pivot": [-1.43876, 28.87424, -3.97872],
							"rotation": [0, 0, 68],
							"uv": {
								"north": {"uv": [69, 9], "uv_size": [1, 1]},
								"east": {"uv": [10, 69], "uv_size": [1, 1]},
								"south": {"uv": [69, 10], "uv_size": [1, 1]},
								"west": {"uv": [11, 69], "uv_size": [1, 1]},
								"up": {"uv": [69, 11], "uv_size": [1, 1]},
								"down": {"uv": [12, 70], "uv_size": [1, -1]}
							}
						},
						{
							"origin": [-3.85483, 26.68879, -4.2666],
							"size": [1.81923, 1.53539, 0.57577],
							"pivot": [-3.86524, 27.415, -3.30699],
							"rotation": [0, 0, 21],
							"uv": {
								"north": {"uv": [34, 67], "uv_size": [2, 1]},
								"east": {"uv": [69, 40], "uv_size": [1, 1]},
								"south": {"uv": [67, 34], "uv_size": [2, 1]},
								"west": {"uv": [41, 69], "uv_size": [1, 1]},
								"up": {"uv": [67, 39], "uv_size": [2, 1]},
								"down": {"uv": [67, 46], "uv_size": [2, -1]}
							}
						},
						{
							"origin": [-2.86171, 27.67011, -4.2666],
							"size": [1.82327, 0.95962, 0.57577],
							"pivot": [-1.84048, 28.18901, -3.97872],
							"rotation": [0, 0, 154],
							"uv": {
								"north": {"uv": [67, 46], "uv_size": [2, 1]},
								"east": {"uv": [69, 41], "uv_size": [1, 1]},
								"south": {"uv": [67, 47], "uv_size": [2, 1]},
								"west": {"uv": [42, 69], "uv_size": [1, 1]},
								"up": {"uv": [67, 48], "uv_size": [2, 1]},
								"down": {"uv": [50, 68], "uv_size": [2, -1]}
							}
						},
						{
							"origin": [-3.53914, 24.82576, -4.2666],
							"size": [1.53539, 1.43942, 0.57577],
							"pivot": [-3.86524, 27.415, -3.30699],
							"rotation": [0, 0, -67],
							"uv": {
								"north": {"uv": [69, 42], "uv_size": [1, 1]},
								"east": {"uv": [43, 69], "uv_size": [1, 1]},
								"south": {"uv": [69, 43], "uv_size": [1, 1]},
								"west": {"uv": [44, 69], "uv_size": [1, 1]},
								"up": {"uv": [69, 44], "uv_size": [1, 1]},
								"down": {"uv": [45, 70], "uv_size": [1, -1]}
							}
						},
						{
							"origin": [-1.18639, 27.76096, -4.36257],
							"size": [0.48788, 1.83539, 0.76769],
							"uv": {
								"north": {"uv": [69, 24], "uv_size": [1, 1]},
								"east": {"uv": [25, 69], "uv_size": [1, 1]},
								"south": {"uv": [69, 25], "uv_size": [1, 1]},
								"west": {"uv": [26, 69], "uv_size": [1, 1]},
								"up": {"uv": [69, 26], "uv_size": [1, 1]},
								"down": {"uv": [27, 70], "uv_size": [1, -1]}
							}
						},
						{
							"origin": [-1.65162, 27.74331, -4.36257],
							"size": [0.48788, 1.25154, 0.76769],
							"pivot": [-3.9612, 27.03116, -3.40295],
							"rotation": [0, 0, 19],
							"uv": {
								"north": {"uv": [69, 27], "uv_size": [1, 1]},
								"east": {"uv": [28, 69], "uv_size": [1, 1]},
								"south": {"uv": [69, 28], "uv_size": [1, 1]},
								"west": {"uv": [29, 69], "uv_size": [1, 1]},
								"up": {"uv": [69, 29], "uv_size": [1, 1]},
								"down": {"uv": [30, 70], "uv_size": [1, -1]}
							}
						},
						{
							"origin": [-2.17434, 25.73295, -4.36257],
							"size": [0.28788, 1.63135, 0.76769],
							"pivot": [-1.77875, 26.22824, -3.97872],
							"rotation": [0, 0, 53],
							"uv": {
								"north": {"uv": [69, 30], "uv_size": [1, 1]},
								"east": {"uv": [31, 69], "uv_size": [1, 1]},
								"south": {"uv": [69, 31], "uv_size": [1, 1]},
								"west": {"uv": [32, 69], "uv_size": [1, 1]},
								"up": {"uv": [69, 32], "uv_size": [1, 1]},
								"down": {"uv": [33, 70], "uv_size": [1, -1]}
							}
						},
						{
							"origin": [-3.71915, 26.95391, -4.36257],
							"size": [0.19192, 2.11116, 0.76769],
							"pivot": [-3.9612, 27.03116, -3.40295],
							"rotation": [0, 0, 108],
							"uv": {
								"north": {"uv": [69, 36], "uv_size": [1, 1]},
								"east": {"uv": [37, 69], "uv_size": [1, 1]},
								"south": {"uv": [69, 37], "uv_size": [1, 1]},
								"west": {"uv": [38, 69], "uv_size": [1, 1]},
								"up": {"uv": [69, 38], "uv_size": [1, 1]},
								"down": {"uv": [39, 70], "uv_size": [1, -1]}
							}
						},
						{
							"origin": [-4.46982, 28.01218, -4.2666],
							"size": [2.39904, 1.34346, 0.57577],
							"pivot": [-3.86524, 27.415, -3.30699],
							"rotation": [0, 0, 62],
							"uv": {
								"north": {"uv": [24, 67], "uv_size": [2, 1]},
								"east": {"uv": [69, 39], "uv_size": [1, 1]},
								"south": {"uv": [67, 27], "uv_size": [2, 1]},
								"west": {"uv": [40, 69], "uv_size": [1, 1]},
								"up": {"uv": [32, 67], "uv_size": [2, 1]},
								"down": {"uv": [67, 34], "uv_size": [2, -1]}
							}
						}
					]
				},
				{
					"name": "RightArm",
					"parent": "Body",
					"pivot": [-5, 22, 0],
					"cubes": [
						{
							"origin": [-8, 13, -2],
							"size": [4, 11, 4],
							"inflate": 0.15,
							"uv": {
								"north": {"uv": [7.7, 95.05], "uv_size": [14.8, 17.5]},
								"east": {"uv": [7.7, 95.05], "uv_size": [14.8, 17.5]},
								"south": {"uv": [7.7, 95.05], "uv_size": [14.8, 17.5]},
								"west": {"uv": [7.7, 95.05], "uv_size": [14.8, 17.5]},
								"up": {"uv": [22.5, 112.55], "uv_size": [-14.8, -17.5]},
								"down": {"uv": [22.5, 112.55], "uv_size": [-14.8, -17.5]}
							}
						},
						{
							"origin": [-8, 12, -2],
							"size": [4, 1, 4],
							"inflate": 0.15,
							"uv": {
								"north": {"uv": [12, 32], "uv_size": [4, 12]},
								"east": {"uv": [32, 12], "uv_size": [4, 12]},
								"south": {"uv": [32, 24], "uv_size": [4, 12]},
								"west": {"uv": [36, 0], "uv_size": [4, 12]},
								"up": {"uv": [54, 8], "uv_size": [4, 4]},
								"down": {"uv": [12, 58], "uv_size": [4, -4]}
							}
						},
						{
							"origin": [-6.31904, 14.79365, -2.1],
							"size": [2.5, 7.8, 4.2],
							"inflate": 0.15,
							"pivot": [-5.79057, 21.57904, 0],
							"rotation": [0, 0, 0.5],
							"uv": {
								"north": {"uv": [64, 8], "uv_size": [-4, 2]},
								"east": {"uv": [63, 0], "uv_size": [-5, 2]},
								"south": {"uv": [23, 60], "uv_size": [-4, 2]},
								"west": {"uv": [5, 58], "uv_size": [-5, 2]},
								"up": {"uv": [54, 10], "uv_size": [-4, 5]},
								"down": {"uv": [31, 55], "uv_size": [-4, -5]}
							}
						}
					]
				},
				{
					"name": "LeftArm",
					"parent": "Body",
					"pivot": [5, 22, 0],
					"cubes": [
						{
							"origin": [4, 13, -2],
							"size": [4, 11, 4],
							"inflate": 0.15,
							"uv": {
								"north": {"uv": [7.7, 95.05], "uv_size": [14.8, 17.5]},
								"east": {"uv": [7.7, 95.05], "uv_size": [14.8, 17.5]},
								"south": {"uv": [7.7, 95.05], "uv_size": [14.8, 17.5]},
								"west": {"uv": [7.7, 95.05], "uv_size": [14.8, 17.5]},
								"up": {"uv": [22.5, 112.55], "uv_size": [-14.8, -17.5]},
								"down": {"uv": [22.5, 112.55], "uv_size": [-14.8, -17.5]}
							}
						},
						{
							"origin": [4, 12, -2],
							"size": [4, 1, 4],
							"inflate": 0.15,
							"uv": {
								"north": {"uv": [16, 32], "uv_size": [-4, 12]},
								"east": {"uv": [40, 0], "uv_size": [-4, 12]},
								"south": {"uv": [36, 24], "uv_size": [-4, 12]},
								"west": {"uv": [36, 12], "uv_size": [-4, 12]},
								"up": {"uv": [58, 8], "uv_size": [-4, 4]},
								"down": {"uv": [16, 58], "uv_size": [-4, -4]}
							}
						},
						{
							"origin": [3.8915, 14.70478, -2.1],
							"size": [2.5, 7.7, 4.2],
							"inflate": 0.15,
							"pivot": [6.01773, 21.38581, 0],
							"rotation": [0, 0, 1],
							"uv": {
								"north": {"uv": [60, 8], "uv_size": [4, 2]},
								"east": {"uv": [0, 58], "uv_size": [5, 2]},
								"south": {"uv": [19, 60], "uv_size": [4, 2]},
								"west": {"uv": [58, 0], "uv_size": [5, 2]},
								"up": {"uv": [50, 10], "uv_size": [4, 5]},
								"down": {"uv": [27, 55], "uv_size": [4, -5]}
							}
						}
					]
				}
			]
		}
	]
}