{
	"format_version": "1.12.0",
	"minecraft:geometry": [
		{
			"description": {
				"identifier": "geometry.mc_symbioteraimi",
				"texture_width": 64,
				"texture_height": 64,
				"visible_bounds_width": 3,
				"visible_bounds_height": 3.5,
				"visible_bounds_offset": [0, 1.25, 0]
			},
			"bones": [
				{
					"name": "root",
					"pivot": [0, 0, 0]
				},
				{
					"name": "leftLeg",
					"parent": "root",
					"pivot": [1.9, 12, 0],
					"cubes": [
						{
							"origin": [0, 0, -2],
							"size": [4, 12, 4],
							"uv": {
								"north": {"uv": [8, 20], "uv_size": [-4, 12]},
								"east": {"uv": [12, 20], "uv_size": [-4, 12]},
								"south": {"uv": [16, 20], "uv_size": [-4, 12]},
								"west": {"uv": [4, 20], "uv_size": [-4, 12]},
								"up": {"uv": [8, 16], "uv_size": [-4, 4]},
								"down": {"uv": [12, 20], "uv_size": [-4, -4]}
							}
						}
					]
				},
				{
					"name": "rightLeg",
					"parent": "root",
					"pivot": [-1.9, 12, 0],
					"cubes": [
						{
							"origin": [-4, 0, -2],
							"size": [4, 12, 4],
							"uv": {
								"north": {"uv": [4, 20], "uv_size": [4, 12]},
								"east": {"uv": [0, 20], "uv_size": [4, 12]},
								"south": {"uv": [12, 20], "uv_size": [4, 12]},
								"west": {"uv": [8, 20], "uv_size": [4, 12]},
								"up": {"uv": [4, 16], "uv_size": [4, 4]},
								"down": {"uv": [8, 20], "uv_size": [4, -4]}
							}
						}
					]
				},
				{
					"name": "waist",
					"parent": "root",
					"pivot": [0, 0, 0]
				},
				{
					"name": "body",
					"parent": "waist",
					"pivot": [0, 24, 0],
					"cubes": [
						{
							"origin": [-4, 12, -2],
							"size": [8, 12, 4],
							"inflate": 0.03,
							"uv": {
								"north": {"uv": [20, 20], "uv_size": [8, 12]},
								"east": {"uv": [16, 20], "uv_size": [4, 12]},
								"south": {"uv": [32, 20], "uv_size": [8, 12]},
								"west": {"uv": [28, 20], "uv_size": [4, 12]},
								"up": {"uv": [20, 16], "uv_size": [8, 4]},
								"down": {"uv": [28, 20], "uv_size": [8, -4]}
							}
						},
						{
							"origin": [-2.8, 17.5, -2.1],
							"size": [5.3, 6.1, 0],
							"uv": {
								"north": {"uv": [17.125, 32.375], "uv_size": [19.5, 22.25]},
								"east": {"uv": [0, 0], "uv_size": [0, 6]},
								"south": {"uv": [0, 44.625], "uv_size": [1.75, 0]},
								"west": {"uv": [6, 0], "uv_size": [0, 6]},
								"up": {"uv": [0, 0], "uv_size": [6, 0]},
								"down": {"uv": [6, 0], "uv_size": [6, 0]}
							}
						},
						{
							"origin": [-3.3, 15.7, 2.1],
							"size": [6.7, 7.1, 0],
							"uv": {
								"north": {"uv": [48.75, 0], "uv_size": [15.25, 14.625]},
								"east": {"uv": [0, 0], "uv_size": [0, 6]},
								"south": {"uv": [0, 44.625], "uv_size": [1.75, 0]},
								"west": {"uv": [6, 0], "uv_size": [0, 6]},
								"up": {"uv": [0, 0], "uv_size": [6, 0]},
								"down": {"uv": [6, 0], "uv_size": [6, 0]}
							}
						}
					]
				},
				{
					"name": "head",
					"parent": "body",
					"pivot": [0, 24, 0],
					"cubes": [
						{
							"origin": [-4, 24, -4],
							"size": [8, 8, 8],
							"inflate": 0.02,
							"uv": {
								"north": {"uv": [8, 8], "uv_size": [8, 8]},
								"east": {"uv": [0, 8], "uv_size": [8, 8]},
								"south": {"uv": [24, 8], "uv_size": [8, 8]},
								"west": {"uv": [16, 8], "uv_size": [8, 8]},
								"up": {"uv": [8, 0], "uv_size": [8, 8]},
								"down": {"uv": [16, 8], "uv_size": [8, -8]}
							}
						}
					]
				},
				{
					"name": "lens",
					"parent": "head",
					"pivot": [0, 27, -4],
					"cubes": [
						{
							"origin": [0.84219, 27.22999, -4.5096],
							"size": [2.33376, 1.27296, 0],
							"pivot": [2.02938, 27.71116, -4.27092],
							"rotation": [-180, 0, 136],
							"uv": {
								"north": {"uv": [35.75, 55.375], "uv_size": [12.875, 8.625]},
								"east": {"uv": [0, 0], "uv_size": [1, 1]},
								"south": {"uv": [0, 0], "uv_size": [1, 1]},
								"west": {"uv": [0, 0], "uv_size": [1, 1]},
								"up": {"uv": [1, 1], "uv_size": [-1, -1]},
								"down": {"uv": [1, 1], "uv_size": [-1, -1]}
							}
						},
						{
							"origin": [0.20571, 27.76039, -4.5096],
							"size": [0.74256, 0.74256, 0],
							"pivot": [2.02938, 27.71116, -4.27092],
							"rotation": [-180, 0, 136],
							"uv": {
								"north": {"uv": [35.75, 55.375], "uv_size": [12.875, 8.625]},
								"east": {"uv": [0, 0], "uv_size": [1, 1]},
								"south": {"uv": [0, 0], "uv_size": [1, 1]},
								"west": {"uv": [0, 0], "uv_size": [1, 1]},
								"up": {"uv": [1, 1], "uv_size": [-1, -1]},
								"down": {"uv": [1, 1], "uv_size": [-1, -1]}
							}
						},
						{
							"origin": [2.86838, 26.80524, -4.1404],
							"size": [0.42432, 3.07632, 0.3224],
							"pivot": [3.08054, 28.3434, -3.9792],
							"rotation": [180, 45, -177.5],
							"uv": {
								"north": {"uv": [0, 51.25], "uv_size": [16.875, 12.75]},
								"east": {"uv": [0, 58.25], "uv_size": [8.75, 5.75]},
								"south": {"uv": [11.625, 56.875], "uv_size": [-10.625, 7.125]},
								"west": {"uv": [0, 55.5625], "uv_size": [14.225, 8.4375]},
								"up": {"uv": [14.225, 64], "uv_size": [-14.225, -8.4375]},
								"down": {"uv": [14.225, 64], "uv_size": [-14.225, -8.4375]}
							}
						},
						{
							"origin": [1.55367, 26.6685, -4.1404],
							"size": [0.42432, 3.60672, 0.3224],
							"pivot": [1.76583, 28.47186, -3.9792],
							"rotation": [180, -45, -135],
							"uv": {
								"north": {"uv": [0, 51.25], "uv_size": [16.875, 12.75]},
								"east": {"uv": [0, 58.25], "uv_size": [8.75, 5.75]},
								"south": {"uv": [11.625, 56.875], "uv_size": [-10.625, 7.125]},
								"west": {"uv": [0, 55.5625], "uv_size": [14.225, 8.4375]},
								"up": {"uv": [14.225, 64], "uv_size": [-14.225, -8.4375]},
								"down": {"uv": [14.225, 64], "uv_size": [-14.225, -8.4375]}
							}
						},
						{
							"origin": [0.2887, 26.79701, -4.1404],
							"size": [1.37904, 0.42432, 0.3224],
							"pivot": [0.97822, 27.00917, -3.9792],
							"rotation": [-141, 0, -135],
							"uv": {
								"north": {"uv": [0, 51.25], "uv_size": [16.875, 12.75]},
								"east": {"uv": [0, 58.25], "uv_size": [8.75, 5.75]},
								"south": {"uv": [11.625, 56.875], "uv_size": [-10.625, 7.125]},
								"west": {"uv": [0, 55.5625], "uv_size": [14.225, 8.4375]},
								"up": {"uv": [14.225, 64], "uv_size": [-14.225, -8.4375]},
								"down": {"uv": [14.225, 64], "uv_size": [-14.225, -8.4375]}
							}
						},
						{
							"origin": [1.33346, 26.1876, -4.1404],
							"size": [1.37904, 0.42432, 0.3224],
							"pivot": [2.02298, 26.39976, -3.9792],
							"rotation": [-135, 0, -165],
							"uv": {
								"north": {"uv": [0, 51.25], "uv_size": [16.875, 12.75]},
								"east": {"uv": [0, 58.25], "uv_size": [8.75, 5.75]},
								"south": {"uv": [11.625, 56.875], "uv_size": [-10.625, 7.125]},
								"west": {"uv": [0, 55.5625], "uv_size": [14.225, 8.4375]},
								"up": {"uv": [14.225, 64], "uv_size": [-14.225, -8.4375]},
								"down": {"uv": [14.225, 64], "uv_size": [-14.225, -8.4375]}
							}
						},
						{
							"origin": [2.29311, 26.29507, -4.1404],
							"size": [0.95472, 0.42432, 0.3224],
							"pivot": [2.77047, 26.50723, -3.9792],
							"rotation": [-133, 0, 122],
							"uv": {
								"north": {"uv": [0, 51.25], "uv_size": [16.875, 12.75]},
								"east": {"uv": [0, 58.25], "uv_size": [8.75, 5.75]},
								"south": {"uv": [11.625, 56.875], "uv_size": [-10.625, 7.125]},
								"west": {"uv": [0, 55.5625], "uv_size": [14.225, 8.4375]},
								"up": {"uv": [14.225, 64], "uv_size": [-14.225, -8.4375]},
								"down": {"uv": [14.225, 64], "uv_size": [-14.225, -8.4375]}
							}
						},
						{
							"origin": [1.0608, 26.4176, -4.5096],
							"size": [1.69728, 1.37696, 0],
							"pivot": [2.02938, 27.71116, -4.27092],
							"rotation": [-180, 0, 180],
							"uv": {
								"north": {"uv": [35.75, 55.375], "uv_size": [12.875, 8.625]},
								"east": {"uv": [0, 0], "uv_size": [1, 1]},
								"south": {"uv": [0, 0], "uv_size": [1, 1]},
								"west": {"uv": [0, 0], "uv_size": [1, 1]},
								"up": {"uv": [1, 1], "uv_size": [-1, -1]},
								"down": {"uv": [1, 1], "uv_size": [-1, -1]}
							}
						},
						{
							"origin": [-3.42181, 27.22998, -4.0832],
							"size": [2.33376, 1.27296, 0],
							"pivot": [-2.23462, 27.71116, -4.10972],
							"rotation": [-0.69469, -0.71932, 44.00436],
							"uv": {
								"north": {"uv": [35.75, 55.375], "uv_size": [12.875, 8.625]},
								"east": {"uv": [0, 0], "uv_size": [1, 1]},
								"south": {"uv": [0, 0], "uv_size": [1, 1]},
								"west": {"uv": [0, 0], "uv_size": [1, 1]},
								"up": {"uv": [1, 1], "uv_size": [-1, -1]},
								"down": {"uv": [1, 1], "uv_size": [-1, -1]}
							}
						},
						{
							"origin": [-1.9159, 26.25933, -3.67355],
							"size": [0.42432, 3.60672, 0.3224],
							"pivot": [-2.23462, 27.71116, -4.00572],
							"rotation": [0.98781, 44.2886, -44.30584],
							"uv": {
								"north": {"uv": [0, 51.25], "uv_size": [16.875, 12.75]},
								"east": {"uv": [0, 58.25], "uv_size": [8.75, 5.75]},
								"south": {"uv": [11.625, 56.875], "uv_size": [-10.625, 7.125]},
								"west": {"uv": [0, 55.5625], "uv_size": [14.225, 8.4375]},
								"up": {"uv": [14.225, 64], "uv_size": [-14.225, -8.4375]},
								"down": {"uv": [14.225, 64], "uv_size": [-14.225, -8.4375]}
							}
						},
						{
							"origin": [-3.2032, 26.4176, -4.0832],
							"size": [1.69728, 1.37696, 0],
							"pivot": [-2.23462, 27.71116, -4.10972],
							"rotation": [0, -1, 0],
							"uv": {
								"north": {"uv": [35.75, 55.375], "uv_size": [12.875, 8.625]},
								"east": {"uv": [0, 0], "uv_size": [1, 1]},
								"south": {"uv": [0, 0], "uv_size": [1, 1]},
								"west": {"uv": [0, 0], "uv_size": [1, 1]},
								"up": {"uv": [1, 1], "uv_size": [-1, -1]},
								"down": {"uv": [1, 1], "uv_size": [-1, -1]}
							}
						},
						{
							"origin": [-2.67724, 26.55229, -4.96768],
							"size": [1.37904, 0.42432, 0.3224],
							"pivot": [-2.23462, 27.71116, -4.00572],
							"rotation": [39.70714, -0.70709, -45.00436],
							"uv": {
								"north": {"uv": [0, 51.25], "uv_size": [16.875, 12.75]},
								"east": {"uv": [0, 58.25], "uv_size": [8.75, 5.75]},
								"south": {"uv": [11.625, 56.875], "uv_size": [-10.625, 7.125]},
								"west": {"uv": [0, 55.5625], "uv_size": [14.225, 8.4375]},
								"up": {"uv": [14.225, 64], "uv_size": [-14.225, -8.4375]},
								"down": {"uv": [14.225, 64], "uv_size": [-14.225, -8.4375]}
							}
						},
						{
							"origin": [-3.25737, 26.62088, -5.08255],
							"size": [1.37904, 0.42432, 0.3224],
							"pivot": [-2.23462, 27.71116, -4.00572],
							"rotation": [45.25884, -0.96592, -15.00218],
							"uv": {
								"north": {"uv": [0, 51.25], "uv_size": [16.875, 12.75]},
								"east": {"uv": [0, 58.25], "uv_size": [8.75, 5.75]},
								"south": {"uv": [11.625, 56.875], "uv_size": [-10.625, 7.125]},
								"west": {"uv": [0, 55.5625], "uv_size": [14.225, 8.4375]},
								"up": {"uv": [14.225, 64], "uv_size": [-14.225, -8.4375]},
								"down": {"uv": [14.225, 64], "uv_size": [-14.225, -8.4375]}
							}
						},
						{
							"origin": [-3.45249, 26.29507, -4.20637],
							"size": [0.95472, 0.42432, 0.3224],
							"pivot": [-2.97513, 26.50723, -4.04517],
							"rotation": [56.14069, 1.27302, 56.27191],
							"uv": {
								"north": {"uv": [0, 51.25], "uv_size": [16.875, 12.75]},
								"east": {"uv": [0, 58.25], "uv_size": [8.75, 5.75]},
								"south": {"uv": [11.625, 56.875], "uv_size": [-10.625, 7.125]},
								"west": {"uv": [0, 55.5625], "uv_size": [14.225, 8.4375]},
								"up": {"uv": [14.225, 64], "uv_size": [-14.225, -8.4375]},
								"down": {"uv": [14.225, 64], "uv_size": [-14.225, -8.4375]}
							}
						},
						{
							"origin": [-3.49731, 26.80524, -4.21178],
							"size": [0.42432, 3.07632, 0.3224],
							"pivot": [-3.28515, 28.3434, -4.05058],
							"rotation": [0.06931, -50.99903, -2.55348],
							"uv": {
								"north": {"uv": [0, 51.25], "uv_size": [16.875, 12.75]},
								"east": {"uv": [0, 58.25], "uv_size": [8.75, 5.75]},
								"south": {"uv": [11.625, 56.875], "uv_size": [-10.625, 7.125]},
								"west": {"uv": [0, 55.5625], "uv_size": [14.225, 8.4375]},
								"up": {"uv": [14.225, 64], "uv_size": [-14.225, -8.4375]},
								"down": {"uv": [14.225, 64], "uv_size": [-14.225, -8.4375]}
							}
						},
						{
							"origin": [-4.05829, 27.76038, -4.0832],
							"size": [0.74256, 0.74256, 0],
							"pivot": [-2.23462, 27.71116, -4.00572],
							"rotation": [-0.69469, -0.71932, 44.00436],
							"uv": {
								"north": {"uv": [35.75, 55.375], "uv_size": [12.875, 8.625]},
								"east": {"uv": [0, 0], "uv_size": [1, 1]},
								"south": {"uv": [0, 0], "uv_size": [1, 1]},
								"west": {"uv": [0, 0], "uv_size": [1, 1]},
								"up": {"uv": [1, 1], "uv_size": [-1, -1]},
								"down": {"uv": [1, 1], "uv_size": [-1, -1]}
							}
						}
					]
				},
				{
					"name": "leftArm",
					"parent": "body",
					"pivot": [5, 22, 0],
					"cubes": [
						{
							"origin": [4, 12, -2],
							"size": [4, 12, 4],
							"inflate": 0.02,
							"uv": {
								"north": {"uv": [48, 20], "uv_size": [-4, 12]},
								"east": {"uv": [52, 20], "uv_size": [-4, 12]},
								"south": {"uv": [56, 20], "uv_size": [-4, 12]},
								"west": {"uv": [44, 20], "uv_size": [-4, 12]},
								"up": {"uv": [48, 16], "uv_size": [-4, 4]},
								"down": {"uv": [52, 20], "uv_size": [-4, -4]}
							}
						},
						{
							"origin": [5, 14.8, -1.4],
							"size": [3.4, 9, 3.2],
							"inflate": 0.02,
							"uv": {
								"north": {"uv": [48, 20], "uv_size": [-4, 12]},
								"east": {"uv": [52, 20], "uv_size": [-4, 12]},
								"south": {"uv": [56, 20], "uv_size": [-4, 12]},
								"west": {"uv": [44, 20], "uv_size": [-4, 12]},
								"up": {"uv": [48, 16], "uv_size": [-4, 4]},
								"down": {"uv": [52, 20], "uv_size": [-4, -4]}
							}
						}
					]
				},
				{
					"name": "rightArm",
					"parent": "body",
					"pivot": [-5, 22, 0],
					"cubes": [
						{
							"origin": [-8, 12, -2],
							"size": [4, 12, 4],
							"inflate": 0.02,
							"uv": {
								"north": {"uv": [44, 20], "uv_size": [4, 12]},
								"east": {"uv": [40, 20], "uv_size": [4, 12]},
								"south": {"uv": [52, 20], "uv_size": [4, 12]},
								"west": {"uv": [48, 20], "uv_size": [4, 12]},
								"up": {"uv": [44, 16], "uv_size": [4, 4]},
								"down": {"uv": [48, 20], "uv_size": [4, -4]}
							}
						},
						{
							"origin": [-8.3, 14.8, -1.4],
							"size": [1.8, 8.3, 3.2],
							"inflate": 0.02,
							"uv": {
								"north": {"uv": [44, 20], "uv_size": [4, 12]},
								"east": {"uv": [40, 20], "uv_size": [4, 12]},
								"south": {"uv": [52, 20], "uv_size": [4, 12]},
								"west": {"uv": [48, 20], "uv_size": [4, 12]},
								"up": {"uv": [44, 16], "uv_size": [4, 4]},
								"down": {"uv": [48, 20], "uv_size": [4, -4]}
							}
						}
					]
				}
			]
		}
	]
}