{
	"format_version": "1.12.0",
	"minecraft:geometry": [
		{
			"description": {
				"identifier": "geometry.sptrade",
				"texture_width": 128,
				"texture_height": 128,
				"visible_bounds_width": 4,
				"visible_bounds_height": 3.5,
				"visible_bounds_offset": [0, 1.25, 0]
			},
			"bones": [
				{
					"name": "sen",
					"pivot": [0, 0, 5],
					"cubes": [
						{
							"origin": [-11.4, 0, 9],
							"size": [22.7, 1.6, 2],
							"uv": {
								"north": {"uv": [37, 32], "uv_size": [23, 2]},
								"east": {"uv": [34, 43], "uv_size": [2, 2]},
								"south": {"uv": [37, 34], "uv_size": [23, 2]},
								"west": {"uv": [36, 43], "uv_size": [2, 2]},
								"up": {"uv": [37, 36], "uv_size": [23, 2]},
								"down": {"uv": [37, 40], "uv_size": [23, -2]}
							}
						},
						{
							"origin": [-11.4, 1.6, -4.7],
							"size": [22.7, 0.6, 15.7],
							"pivot": [0, 0, 9.9],
							"rotation": [7.5, 0, 0],
							"uv": {
								"north": {"uv": [0, 42], "uv_size": [23, 1]},
								"east": {"uv": [2, 43], "uv_size": [16, 1]},
								"south": {"uv": [23, 42], "uv_size": [23, 1]},
								"west": {"uv": [18, 43], "uv_size": [16, 1]},
								"up": {"uv": [37, 0], "uv_size": [23, 16]},
								"down": {"uv": [37, 32], "uv_size": [23, -16]}
							}
						},
						{
							"origin": [-18.3, 3.3, 11],
							"size": [36.6, 21.4, 0.5],
							"uv": {
								"north": {"uv": [0.6, 73.4], "uv_size": [127.4, 54.6]},
								"east": {"uv": [12.6, 52.9], "uv_size": [66.9, 14.9]},
								"south": {"uv": [128, 73.4], "uv_size": [-128, 54.6]},
								"west": {"uv": [12.6, 52.9], "uv_size": [66.9, 14.9]},
								"up": {"uv": [79.5, 67.8], "uv_size": [-66.9, -14.9]},
								"down": {"uv": [79.5, 67.8], "uv_size": [-66.9, -14.9]}
							}
						}
					]
				}
			]
		}
	]
}