{
	"format_version": "1.12.0",
	"minecraft:geometry": [
		{
			"description": {
				"identifier": "geometry.mc_symbattack",
				"texture_width": 128,
				"texture_height": 128,
				"visible_bounds_width": 5,
				"visible_bounds_height": 3.5,
				"visible_bounds_offset": [0, 1.25, 0]
			},
			"bones": [
				{
					"name": "root",
					"pivot": [0, 0, 0]
				},
				{
					"name": "waist",
					"parent": "root",
					"pivot": [0, 0, 0]
				},
				{
					"name": "Body",
					"parent": "waist",
					"pivot": [0, 24, 0]
				},
				{
					"name": "RightArm",
					"parent": "Body",
					"pivot": [-5, 22, 0]
				},
				{
					"name": "shilliq",
					"parent": "RightArm",
					"pivot": [-6, 23, 0],
					"cubes": [
						{
							"origin": [-8.6, 16.8, -2.6],
							"size": [5, 6.2, 5.2],
							"uv": {
								"north": {"uv": [0, 12], "uv_size": [5, 6]},
								"east": {"uv": [12, 0], "uv_size": [5, 6]},
								"south": {"uv": [5, 12], "uv_size": [5, 6]},
								"west": {"uv": [12, 6], "uv_size": [5, 6]},
								"up": {"uv": [0, 24], "uv_size": [5, 5]},
								"down": {"uv": [5, 29], "uv_size": [5, -5]}
							}
						},
						{
							"origin": [-8.6, 11.1, -2.6],
							"size": [5, 6.2, 5.2],
							"pivot": [-6.1, 14.2, 0],
							"rotation": [0, -9, 0],
							"uv": {
								"north": {"uv": [10, 12], "uv_size": [5, 6]},
								"east": {"uv": [15, 12], "uv_size": [5, 6]},
								"south": {"uv": [17, 0], "uv_size": [5, 6]},
								"west": {"uv": [17, 6], "uv_size": [5, 6]},
								"up": {"uv": [10, 24], "uv_size": [5, 5]},
								"down": {"uv": [15, 29], "uv_size": [5, -5]}
							}
						},
						{
							"origin": [-8.9, 8.6, -3],
							"size": [5.6, 3.6, 6.1],
							"pivot": [-6.1, 14.2, 0],
							"rotation": [0, -42, 0],
							"uv": {
								"north": {"uv": [0, 43], "uv_size": [5.5, 3.5]},
								"east": {"uv": [24, 37], "uv_size": [6, 3.5]},
								"south": {"uv": [6, 43], "uv_size": [5.5, 3.5]},
								"west": {"uv": [37, 30], "uv_size": [6, 3.5]},
								"up": {"uv": [0, 0], "uv_size": [5.5, 6]},
								"down": {"uv": [0, 12], "uv_size": [5.5, -6]}
							}
						},
						{
							"origin": [-8.93346, 7.1, -1.81284],
							"size": [5.6, 3.6, 3.7],
							"pivot": [-6.13346, 8.9, 0.03716],
							"rotation": [0, -15, 0],
							"uv": {
								"north": {"uv": [12, 43], "uv_size": [5.5, 3.5]},
								"east": {"uv": [55, 33], "uv_size": [3.5, 3.5]},
								"south": {"uv": [18, 43], "uv_size": [5.5, 3.5]},
								"west": {"uv": [55, 37], "uv_size": [3.5, 3.5]},
								"up": {"uv": [24, 43], "uv_size": [5.5, 3.5]},
								"down": {"uv": [43, 33.5], "uv_size": [5.5, -3.5]}
							}
						},
						{
							"origin": [-8.93346, 6, -1.81284],
							"size": [5.6, 3.6, 3.7],
							"pivot": [-6.13346, 8.9, 0.03716],
							"rotation": [0, -50, 0],
							"uv": {
								"north": {"uv": [43, 34], "uv_size": [5.5, 3.5]},
								"east": {"uv": [41, 55], "uv_size": [3.5, 3.5]},
								"south": {"uv": [43, 38], "uv_size": [5.5, 3.5]},
								"west": {"uv": [8, 56], "uv_size": [3.5, 3.5]},
								"up": {"uv": [30, 44], "uv_size": [5.5, 3.5]},
								"down": {"uv": [36, 47.5], "uv_size": [5.5, -3.5]}
							}
						}
					]
				},
				{
					"name": "LeftArm",
					"parent": "Body",
					"pivot": [5, 22, 0]
				},
				{
					"name": "shilliq2",
					"parent": "LeftArm",
					"pivot": [6.1, 23, 0],
					"cubes": [
						{
							"origin": [3.5, 16.8, -2.6],
							"size": [5, 6.2, 5.2],
							"uv": {
								"north": {"uv": [0, 18], "uv_size": [5, 6]},
								"east": {"uv": [5, 18], "uv_size": [5, 6]},
								"south": {"uv": [10, 18], "uv_size": [5, 6]},
								"west": {"uv": [15, 18], "uv_size": [5, 6]},
								"up": {"uv": [20, 24], "uv_size": [5, 5]},
								"down": {"uv": [25, 17], "uv_size": [5, -5]}
							}
						},
						{
							"origin": [3.5, 11.1, -2.6],
							"size": [5, 6.2, 5.2],
							"pivot": [6, 14.2, 0],
							"rotation": [0, -9, 0],
							"uv": {
								"north": {"uv": [20, 12], "uv_size": [5, 6]},
								"east": {"uv": [20, 18], "uv_size": [5, 6]},
								"south": {"uv": [22, 0], "uv_size": [5, 6]},
								"west": {"uv": [22, 6], "uv_size": [5, 6]},
								"up": {"uv": [25, 17], "uv_size": [5, 5]},
								"down": {"uv": [25, 27], "uv_size": [5, -5]}
							}
						},
						{
							"origin": [3.2, 8.6, -3],
							"size": [5.6, 3.6, 6.1],
							"pivot": [6, 14.2, 0],
							"rotation": [0, -42, 0],
							"uv": {
								"north": {"uv": [42, 44], "uv_size": [5.5, 3.5]},
								"east": {"uv": [37, 34], "uv_size": [6, 3.5]},
								"south": {"uv": [0, 47], "uv_size": [5.5, 3.5]},
								"west": {"uv": [37, 38], "uv_size": [6, 3.5]},
								"up": {"uv": [6, 0], "uv_size": [5.5, 6]},
								"down": {"uv": [6, 12], "uv_size": [5.5, -6]}
							}
						},
						{
							"origin": [3.16654, 7.1, -1.81284],
							"size": [5.6, 3.6, 3.7],
							"pivot": [5.96654, 8.9, 0.03716],
							"rotation": [0, -15, 0],
							"uv": {
								"north": {"uv": [6, 47], "uv_size": [5.5, 3.5]},
								"east": {"uv": [22, 56], "uv_size": [3.5, 3.5]},
								"south": {"uv": [12, 47], "uv_size": [5.5, 3.5]},
								"west": {"uv": [26, 56], "uv_size": [3.5, 3.5]},
								"up": {"uv": [18, 47], "uv_size": [5.5, 3.5]},
								"down": {"uv": [24, 50.5], "uv_size": [5.5, -3.5]}
							}
						},
						{
							"origin": [3.16654, 6, -1.81284],
							"size": [5.6, 3.6, 3.7],
							"pivot": [5.96654, 8.9, 0.03716],
							"rotation": [0, -50, 0],
							"uv": {
								"north": {"uv": [30, 48], "uv_size": [5.5, 3.5]},
								"east": {"uv": [56, 48], "uv_size": [3.5, 3.5]},
								"south": {"uv": [36, 48], "uv_size": [5.5, 3.5]},
								"west": {"uv": [56, 52], "uv_size": [3.5, 3.5]},
								"up": {"uv": [42, 48], "uv_size": [5.5, 3.5]},
								"down": {"uv": [48, 47.5], "uv_size": [5.5, -3.5]}
							}
						}
					]
				},
				{
					"name": "asos",
					"parent": "Body",
					"pivot": [0, 14, 2]
				},
				{
					"name": "shupels21",
					"parent": "asos",
					"pivot": [0, 12, 2],
					"cubes": [
						{
							"origin": [-1.5, 10.6, 2],
							"size": [3, 2.8, 5],
							"uv": {
								"north": {"uv": [37, 64], "uv_size": [3, 3]},
								"east": {"uv": [55, 6], "uv_size": [5, 3]},
								"south": {"uv": [52, 64], "uv_size": [3, 3]},
								"west": {"uv": [55, 19], "uv_size": [5, 3]},
								"up": {"uv": [49, 54], "uv_size": [3, 5]},
								"down": {"uv": [33, 60], "uv_size": [3, -5]}
							}
						},
						{
							"origin": [-1.2, 10.9, 4.3],
							"size": [2.4, 2.2, 9.8],
							"uv": {
								"north": {"uv": [67, 16], "uv_size": [2.5, 2]},
								"east": {"uv": [30, 42], "uv_size": [10, 2]},
								"south": {"uv": [67, 32], "uv_size": [2.5, 2]},
								"west": {"uv": [40, 42], "uv_size": [10, 2]},
								"up": {"uv": [36, 10], "uv_size": [2.5, 10]},
								"down": {"uv": [37, 30], "uv_size": [2.5, -10]}
							}
						}
					]
				},
				{
					"name": "shupels22",
					"parent": "shupels21",
					"pivot": [0, 12, 14],
					"cubes": [
						{
							"origin": [-1, 11, 14],
							"size": [2, 2, 6],
							"uv": {
								"north": {"uv": [68, 6], "uv_size": [2, 2]},
								"east": {"uv": [60, 5], "uv_size": [6, 2]},
								"south": {"uv": [68, 8], "uv_size": [2, 2]},
								"west": {"uv": [60, 7], "uv_size": [6, 2]},
								"up": {"uv": [10, 60], "uv_size": [2, 6]},
								"down": {"uv": [21, 66], "uv_size": [2, -6]}
							}
						},
						{
							"origin": [-0.7, 11.1, 19.7],
							"size": [1.4, 1.8, 4.6],
							"uv": {
								"north": {"uv": [69, 20], "uv_size": [1.5, 2]},
								"east": {"uv": [65, 0], "uv_size": [4.5, 2]},
								"south": {"uv": [69, 22], "uv_size": [1.5, 2]},
								"west": {"uv": [12, 65], "uv_size": [4.5, 2]},
								"up": {"uv": [25, 66], "uv_size": [1.5, 4.5]},
								"down": {"uv": [27, 70.5], "uv_size": [1.5, -4.5]}
							}
						}
					]
				},
				{
					"name": "shupels19",
					"parent": "asos",
					"pivot": [0, 21, 2],
					"cubes": [
						{
							"origin": [-1.5, 19.6, 2],
							"size": [3, 2.8, 5],
							"uv": {
								"north": {"uv": [64, 32], "uv_size": [3, 3]},
								"east": {"uv": [54, 16], "uv_size": [5, 3]},
								"south": {"uv": [34, 64], "uv_size": [3, 3]},
								"west": {"uv": [17, 54], "uv_size": [5, 3]},
								"up": {"uv": [54, 43], "uv_size": [3, 5]},
								"down": {"uv": [46, 59], "uv_size": [3, -5]}
							}
						},
						{
							"origin": [-1.2, 19.9, 4.3],
							"size": [2.4, 2.2, 9.8],
							"uv": {
								"north": {"uv": [14, 67], "uv_size": [2.5, 2]},
								"east": {"uv": [10, 41], "uv_size": [10, 2]},
								"south": {"uv": [67, 14], "uv_size": [2.5, 2]},
								"west": {"uv": [20, 41], "uv_size": [10, 2]},
								"up": {"uv": [34, 30], "uv_size": [2.5, 10]},
								"down": {"uv": [36, 10], "uv_size": [2.5, -10]}
							}
						}
					]
				},
				{
					"name": "shupels20",
					"parent": "shupels19",
					"pivot": [0, 21, 14],
					"cubes": [
						{
							"origin": [-1, 20, 14],
							"size": [2, 2, 6],
							"uv": {
								"north": {"uv": [68, 2], "uv_size": [2, 2]},
								"east": {"uv": [59, 38], "uv_size": [6, 2]},
								"south": {"uv": [68, 4], "uv_size": [2, 2]},
								"west": {"uv": [44, 59], "uv_size": [6, 2]},
								"up": {"uv": [50, 59], "uv_size": [2, 6]},
								"down": {"uv": [8, 66], "uv_size": [2, -6]}
							}
						},
						{
							"origin": [-0.7, 20.1, 19.7],
							"size": [1.4, 1.8, 4.6],
							"uv": {
								"north": {"uv": [13, 69], "uv_size": [1.5, 2]},
								"east": {"uv": [44, 64], "uv_size": [4.5, 2]},
								"south": {"uv": [15, 69], "uv_size": [1.5, 2]},
								"west": {"uv": [0, 65], "uv_size": [4.5, 2]},
								"up": {"uv": [21, 66], "uv_size": [1.5, 4.5]},
								"down": {"uv": [23, 70.5], "uv_size": [1.5, -4.5]}
							}
						}
					]
				},
				{
					"name": "shupels17",
					"parent": "asos",
					"pivot": [-3, 14, 2],
					"cubes": [
						{
							"origin": [-4.5, 12.6, 2],
							"size": [3, 2.8, 5],
							"uv": {
								"north": {"uv": [59, 63], "uv_size": [3, 3]},
								"east": {"uv": [54, 0], "uv_size": [5, 3]},
								"south": {"uv": [62, 63], "uv_size": [3, 3]},
								"west": {"uv": [3, 54], "uv_size": [5, 3]},
								"up": {"uv": [54, 11], "uv_size": [3, 5]},
								"down": {"uv": [14, 59], "uv_size": [3, -5]}
							}
						},
						{
							"origin": [-4.2, 12.9, 4.3],
							"size": [2.4, 2.2, 9.8],
							"uv": {
								"north": {"uv": [0, 67], "uv_size": [2.5, 2]},
								"east": {"uv": [40, 28], "uv_size": [10, 2]},
								"south": {"uv": [11, 67], "uv_size": [2.5, 2]},
								"west": {"uv": [0, 41], "uv_size": [10, 2]},
								"up": {"uv": [33, 10], "uv_size": [2.5, 10]},
								"down": {"uv": [34, 30], "uv_size": [2.5, -10]}
							}
						}
					]
				},
				{
					"name": "shupels18",
					"parent": "shupels17",
					"pivot": [-3, 14, 14],
					"cubes": [
						{
							"origin": [-4, 13, 14],
							"size": [2, 2, 6],
							"uv": {
								"north": {"uv": [67, 64], "uv_size": [2, 2]},
								"east": {"uv": [59, 17], "uv_size": [6, 2]},
								"south": {"uv": [67, 66], "uv_size": [2, 2]},
								"west": {"uv": [59, 28], "uv_size": [6, 2]},
								"up": {"uv": [40, 59], "uv_size": [2, 6]},
								"down": {"uv": [42, 65], "uv_size": [2, -6]}
							}
						},
						{
							"origin": [-3.7, 13.1, 19.7],
							"size": [1.4, 1.8, 4.6],
							"uv": {
								"north": {"uv": [2, 69], "uv_size": [1.5, 2]},
								"east": {"uv": [64, 24], "uv_size": [4.5, 2]},
								"south": {"uv": [11, 69], "uv_size": [1.5, 2]},
								"west": {"uv": [64, 26], "uv_size": [4.5, 2]},
								"up": {"uv": [9, 66], "uv_size": [1.5, 4.5]},
								"down": {"uv": [66, 13.5], "uv_size": [1.5, -4.5]}
							}
						}
					]
				},
				{
					"name": "shupels15",
					"parent": "asos",
					"pivot": [0, 14, 2],
					"cubes": [
						{
							"origin": [-1.5, 12.6, 2],
							"size": [3, 2.8, 5],
							"uv": {
								"north": {"uv": [63, 42], "uv_size": [3, 3]},
								"east": {"uv": [41, 52], "uv_size": [5, 3]},
								"south": {"uv": [63, 55], "uv_size": [3, 3]},
								"west": {"uv": [53, 25], "uv_size": [5, 3]},
								"up": {"uv": [53, 48], "uv_size": [3, 5]},
								"down": {"uv": [53, 58], "uv_size": [3, -5]}
							}
						},
						{
							"origin": [-1.2, 12.9, 4.3],
							"size": [2.4, 2.2, 9.8],
							"uv": {
								"north": {"uv": [59, 66], "uv_size": [2.5, 2]},
								"east": {"uv": [40, 24], "uv_size": [10, 2]},
								"south": {"uv": [62, 66], "uv_size": [2.5, 2]},
								"west": {"uv": [40, 26], "uv_size": [10, 2]},
								"up": {"uv": [31, 30], "uv_size": [2.5, 10]},
								"down": {"uv": [33, 10], "uv_size": [2.5, -10]}
							}
						}
					]
				},
				{
					"name": "shupels16",
					"parent": "shupels15",
					"pivot": [0, 14, 14],
					"cubes": [
						{
							"origin": [-1, 13, 14],
							"size": [2, 2, 6],
							"uv": {
								"north": {"uv": [67, 60], "uv_size": [2, 2]},
								"east": {"uv": [59, 0], "uv_size": [6, 2]},
								"south": {"uv": [67, 62], "uv_size": [2, 2]},
								"west": {"uv": [59, 15], "uv_size": [6, 2]},
								"up": {"uv": [14, 59], "uv_size": [2, 6]},
								"down": {"uv": [59, 38], "uv_size": [2, -6]}
							}
						},
						{
							"origin": [-0.7, 13.1, 19.7],
							"size": [1.4, 1.8, 4.6],
							"uv": {
								"north": {"uv": [67, 68], "uv_size": [1.5, 2]},
								"east": {"uv": [63, 45], "uv_size": [4.5, 2]},
								"south": {"uv": [0, 69], "uv_size": [1.5, 2]},
								"west": {"uv": [63, 58], "uv_size": [4.5, 2]},
								"up": {"uv": [66, 4], "uv_size": [1.5, 4.5]},
								"down": {"uv": [7, 70.5], "uv_size": [1.5, -4.5]}
							}
						}
					]
				},
				{
					"name": "shupels13",
					"parent": "asos",
					"pivot": [3, 14, 2],
					"cubes": [
						{
							"origin": [1.5, 12.6, 2],
							"size": [3, 2.8, 5],
							"uv": {
								"north": {"uv": [23, 63], "uv_size": [3, 3]},
								"east": {"uv": [52, 30], "uv_size": [5, 3]},
								"south": {"uv": [26, 63], "uv_size": [3, 3]},
								"west": {"uv": [33, 52], "uv_size": [5, 3]},
								"up": {"uv": [52, 33], "uv_size": [3, 5]},
								"down": {"uv": [38, 57], "uv_size": [3, -5]}
							}
						},
						{
							"origin": [1.8, 12.9, 4.3],
							"size": [2.4, 2.2, 9.8],
							"uv": {
								"north": {"uv": [66, 54], "uv_size": [2.5, 2]},
								"east": {"uv": [40, 20], "uv_size": [10, 2]},
								"south": {"uv": [66, 56], "uv_size": [2.5, 2]},
								"west": {"uv": [40, 22], "uv_size": [10, 2]},
								"up": {"uv": [30, 10], "uv_size": [2.5, 10]},
								"down": {"uv": [31, 30], "uv_size": [2.5, -10]}
							}
						}
					]
				},
				{
					"name": "shupels14",
					"parent": "shupels13",
					"pivot": [3, 14, 14],
					"cubes": [
						{
							"origin": [2, 13, 14],
							"size": [2, 2, 6],
							"uv": {
								"north": {"uv": [51, 67], "uv_size": [2, 2]},
								"east": {"uv": [58, 24], "uv_size": [6, 2]},
								"south": {"uv": [53, 67], "uv_size": [2, 2]},
								"west": {"uv": [58, 26], "uv_size": [6, 2]},
								"up": {"uv": [4, 59], "uv_size": [2, 6]},
								"down": {"uv": [6, 65], "uv_size": [2, -6]}
							}
						},
						{
							"origin": [2.3, 13.1, 19.7],
							"size": [1.4, 1.8, 4.6],
							"uv": {
								"north": {"uv": [61, 68], "uv_size": [1.5, 2]},
								"east": {"uv": [29, 63], "uv_size": [4.5, 2]},
								"south": {"uv": [63, 68], "uv_size": [1.5, 2]},
								"west": {"uv": [63, 30], "uv_size": [4.5, 2]},
								"up": {"uv": [65, 60], "uv_size": [1.5, 4.5]},
								"down": {"uv": [65, 69.5], "uv_size": [1.5, -4.5]}
							}
						}
					]
				},
				{
					"name": "shupels11",
					"parent": "asos",
					"pivot": [3, 18, 2],
					"cubes": [
						{
							"origin": [1.5, 16.6, 2],
							"size": [3, 2.8, 5],
							"uv": {
								"north": {"uv": [56, 62], "uv_size": [3, 3]},
								"east": {"uv": [48, 51], "uv_size": [5, 3]},
								"south": {"uv": [63, 11], "uv_size": [3, 3]},
								"west": {"uv": [52, 3], "uv_size": [5, 3]},
								"up": {"uv": [52, 6], "uv_size": [3, 5]},
								"down": {"uv": [30, 57], "uv_size": [3, -5]}
							}
						},
						{
							"origin": [1.8, 16.9, 4.3],
							"size": [2.4, 2.2, 9.8],
							"uv": {
								"north": {"uv": [66, 43], "uv_size": [2.5, 2]},
								"east": {"uv": [39, 16], "uv_size": [10, 2]},
								"south": {"uv": [44, 66], "uv_size": [2.5, 2]},
								"west": {"uv": [39, 18], "uv_size": [10, 2]},
								"up": {"uv": [21, 29], "uv_size": [2.5, 10]},
								"down": {"uv": [30, 10], "uv_size": [2.5, -10]}
							}
						}
					]
				},
				{
					"name": "shupels12",
					"parent": "shupels11",
					"pivot": [3, 18, 14],
					"cubes": [
						{
							"origin": [2, 17, 14],
							"size": [2, 2, 6],
							"uv": {
								"north": {"uv": [67, 47], "uv_size": [2, 2]},
								"east": {"uv": [57, 43], "uv_size": [6, 2]},
								"south": {"uv": [67, 49], "uv_size": [2, 2]},
								"west": {"uv": [57, 45], "uv_size": [6, 2]},
								"up": {"uv": [58, 56], "uv_size": [2, 6]},
								"down": {"uv": [2, 65], "uv_size": [2, -6]}
							}
						},
						{
							"origin": [2.3, 17.1, 19.7],
							"size": [1.4, 1.8, 4.6],
							"uv": {
								"north": {"uv": [68, 58], "uv_size": [1.5, 2]},
								"east": {"uv": [16, 63], "uv_size": [4.5, 2]},
								"south": {"uv": [59, 68], "uv_size": [1.5, 2]},
								"west": {"uv": [63, 19], "uv_size": [4.5, 2]},
								"up": {"uv": [55, 65], "uv_size": [1.5, 4.5]},
								"down": {"uv": [57, 69.5], "uv_size": [1.5, -4.5]}
							}
						}
					]
				},
				{
					"name": "shupels9",
					"parent": "asos",
					"pivot": [-3, 18, 2],
					"cubes": [
						{
							"origin": [-4.5, 16.6, 2],
							"size": [3, 2.8, 5],
							"uv": {
								"north": {"uv": [44, 61], "uv_size": [3, 3]},
								"east": {"uv": [14, 51], "uv_size": [5, 3]},
								"south": {"uv": [47, 61], "uv_size": [3, 3]},
								"west": {"uv": [19, 51], "uv_size": [5, 3]},
								"up": {"uv": [24, 51], "uv_size": [3, 5]},
								"down": {"uv": [27, 56], "uv_size": [3, -5]}
							}
						},
						{
							"origin": [-4.2, 16.9, 4.3],
							"size": [2.4, 2.2, 9.8],
							"uv": {
								"north": {"uv": [66, 39], "uv_size": [2.5, 2]},
								"east": {"uv": [39, 12], "uv_size": [10, 2]},
								"south": {"uv": [66, 41], "uv_size": [2.5, 2]},
								"west": {"uv": [39, 14], "uv_size": [10, 2]},
								"up": {"uv": [15, 29], "uv_size": [2.5, 10]},
								"down": {"uv": [18, 39], "uv_size": [2.5, -10]}
							}
						}
					]
				},
				{
					"name": "shupels10",
					"parent": "shupels9",
					"pivot": [-3, 18, 14],
					"cubes": [
						{
							"origin": [-4, 17, 14],
							"size": [2, 2, 6],
							"uv": {
								"north": {"uv": [35, 67], "uv_size": [2, 2]},
								"east": {"uv": [57, 13], "uv_size": [6, 2]},
								"south": {"uv": [37, 67], "uv_size": [2, 2]},
								"west": {"uv": [57, 30], "uv_size": [6, 2]},
								"up": {"uv": [52, 58], "uv_size": [2, 6]},
								"down": {"uv": [54, 64], "uv_size": [2, -6]}
							}
						},
						{
							"origin": [-3.7, 17.1, 19.7],
							"size": [1.4, 1.8, 4.6],
							"uv": {
								"north": {"uv": [46, 68], "uv_size": [1.5, 2]},
								"east": {"uv": [60, 61], "uv_size": [4.5, 2]},
								"south": {"uv": [68, 51], "uv_size": [1.5, 2]},
								"west": {"uv": [63, 2], "uv_size": [4.5, 2]},
								"up": {"uv": [65, 47], "uv_size": [1.5, 4.5]},
								"down": {"uv": [49, 69.5], "uv_size": [1.5, -4.5]}
							}
						}
					]
				},
				{
					"name": "shupels7",
					"parent": "asos",
					"pivot": [0, 18, 2],
					"cubes": [
						{
							"origin": [-1.5, 16.6, 2],
							"size": [3, 2.8, 5],
							"uv": {
								"north": {"uv": [61, 32], "uv_size": [3, 3]},
								"east": {"uv": [50, 40], "uv_size": [5, 3]},
								"south": {"uv": [35, 61], "uv_size": [3, 3]},
								"west": {"uv": [3, 51], "uv_size": [5, 3]},
								"up": {"uv": [8, 51], "uv_size": [3, 5]},
								"down": {"uv": [11, 56], "uv_size": [3, -5]}
							}
						},
						{
							"origin": [-1.2, 16.9, 4.3],
							"size": [2.4, 2.2, 9.8],
							"uv": {
								"north": {"uv": [66, 21], "uv_size": [2.5, 2]},
								"east": {"uv": [10, 39], "uv_size": [10, 2]},
								"south": {"uv": [66, 35], "uv_size": [2.5, 2]},
								"west": {"uv": [39, 10], "uv_size": [10, 2]},
								"up": {"uv": [9, 29], "uv_size": [2.5, 10]},
								"down": {"uv": [12, 39], "uv_size": [2.5, -10]}
							}
						}
					]
				},
				{
					"name": "shupels8",
					"parent": "shupels7",
					"pivot": [0, 18, 14],
					"cubes": [
						{
							"origin": [-1, 17, 14],
							"size": [2, 2, 6],
							"uv": {
								"north": {"uv": [3, 67], "uv_size": [2, 2]},
								"east": {"uv": [57, 3], "uv_size": [6, 2]},
								"south": {"uv": [33, 67], "uv_size": [2, 2]},
								"west": {"uv": [57, 11], "uv_size": [6, 2]},
								"up": {"uv": [30, 57], "uv_size": [2, 6]},
								"down": {"uv": [38, 63], "uv_size": [2, -6]}
							}
						},
						{
							"origin": [-0.7, 17.1, 19.7],
							"size": [1.4, 1.8, 4.6],
							"uv": {
								"north": {"uv": [44, 68], "uv_size": [1.5, 2]},
								"east": {"uv": [61, 35], "uv_size": [4.5, 2]},
								"south": {"uv": [68, 45], "uv_size": [1.5, 2]},
								"west": {"uv": [61, 40], "uv_size": [4.5, 2]},
								"up": {"uv": [40, 65], "uv_size": [1.5, 4.5]},
								"down": {"uv": [42, 69.5], "uv_size": [1.5, -4.5]}
							}
						}
					]
				},
				{
					"name": "shupels5",
					"parent": "asos",
					"pivot": [3, 16, 2],
					"cubes": [
						{
							"origin": [1.5, 14.6, 2],
							"size": [3, 2.8, 5],
							"uv": {
								"north": {"uv": [60, 55], "uv_size": [3, 3]},
								"east": {"uv": [50, 19], "uv_size": [5, 3]},
								"south": {"uv": [60, 58], "uv_size": [3, 3]},
								"west": {"uv": [50, 22], "uv_size": [5, 3]},
								"up": {"uv": [50, 25], "uv_size": [3, 5]},
								"down": {"uv": [0, 56], "uv_size": [3, -5]}
							}
						},
						{
							"origin": [1.8, 14.9, 4.3],
							"size": [2.4, 2.2, 9.8],
							"uv": {
								"north": {"uv": [65, 37], "uv_size": [2.5, 2]},
								"east": {"uv": [39, 6], "uv_size": [10, 2]},
								"south": {"uv": [65, 52], "uv_size": [2.5, 2]},
								"west": {"uv": [39, 8], "uv_size": [10, 2]},
								"up": {"uv": [3, 29], "uv_size": [2.5, 10]},
								"down": {"uv": [6, 39], "uv_size": [2.5, -10]}
							}
						}
					]
				},
				{
					"name": "shupels6",
					"parent": "shupels5",
					"pivot": [3, 16, 14],
					"cubes": [
						{
							"origin": [2, 15, 14],
							"size": [2, 2, 6],
							"uv": {
								"north": {"uv": [12, 62], "uv_size": [2, 2]},
								"east": {"uv": [55, 41], "uv_size": [6, 2]},
								"south": {"uv": [47, 66], "uv_size": [2, 2]},
								"west": {"uv": [2, 57], "uv_size": [6, 2]},
								"up": {"uv": [17, 57], "uv_size": [2, 6]},
								"down": {"uv": [19, 63], "uv_size": [2, -6]}
							}
						},
						{
							"origin": [2.3, 15.1, 19.7],
							"size": [1.4, 1.8, 4.6],
							"uv": {
								"north": {"uv": [68, 30], "uv_size": [1.5, 2]},
								"east": {"uv": [61, 9], "uv_size": [4.5, 2]},
								"south": {"uv": [68, 37], "uv_size": [1.5, 2]},
								"west": {"uv": [61, 22], "uv_size": [4.5, 2]},
								"up": {"uv": [29, 65], "uv_size": [1.5, 4.5]},
								"down": {"uv": [31, 69.5], "uv_size": [1.5, -4.5]}
							}
						}
					]
				},
				{
					"name": "shupels3",
					"parent": "asos",
					"pivot": [-3, 16, 2],
					"cubes": [
						{
							"origin": [-4.5, 14.6, 2],
							"size": [3, 2.8, 5],
							"uv": {
								"north": {"uv": [26, 60], "uv_size": [3, 3]},
								"east": {"uv": [49, 13], "uv_size": [5, 3]},
								"south": {"uv": [32, 60], "uv_size": [3, 3]},
								"west": {"uv": [49, 16], "uv_size": [5, 3]},
								"up": {"uv": [49, 30], "uv_size": [3, 5]},
								"down": {"uv": [49, 40], "uv_size": [3, -5]}
							}
						},
						{
							"origin": [-4.2, 14.9, 4.3],
							"size": [2.4, 2.2, 9.8],
							"uv": {
								"north": {"uv": [52, 38], "uv_size": [2.5, 2]},
								"east": {"uv": [39, 2], "uv_size": [10, 2]},
								"south": {"uv": [65, 28], "uv_size": [2.5, 2]},
								"west": {"uv": [39, 4], "uv_size": [10, 2]},
								"up": {"uv": [28, 27], "uv_size": [2.5, 10]},
								"down": {"uv": [0, 39], "uv_size": [2.5, -10]}
							}
						}
					]
				},
				{
					"name": "shupels4",
					"parent": "shupels3",
					"pivot": [-3, 16, 14],
					"cubes": [
						{
							"origin": [-4, 15, 14],
							"size": [2, 2, 6],
							"uv": {
								"north": {"uv": [22, 54], "uv_size": [2, 2]},
								"east": {"uv": [55, 9], "uv_size": [6, 2]},
								"south": {"uv": [0, 62], "uv_size": [2, 2]},
								"west": {"uv": [55, 22], "uv_size": [6, 2]},
								"up": {"uv": [12, 56], "uv_size": [2, 6]},
								"down": {"uv": [56, 62], "uv_size": [2, -6]}
							}
						},
						{
							"origin": [-3.7, 15.1, 19.7],
							"size": [1.4, 1.8, 4.6],
							"uv": {
								"north": {"uv": [68, 18], "uv_size": [1.5, 2]},
								"east": {"uv": [60, 51], "uv_size": [4.5, 2]},
								"south": {"uv": [68, 28], "uv_size": [1.5, 2]},
								"west": {"uv": [60, 53], "uv_size": [4.5, 2]},
								"up": {"uv": [17, 65], "uv_size": [1.5, 4.5]},
								"down": {"uv": [19, 69.5], "uv_size": [1.5, -4.5]}
							}
						}
					]
				},
				{
					"name": "shupels",
					"parent": "asos",
					"pivot": [0, 16, 2],
					"cubes": [
						{
							"origin": [-1.5, 14.6, 2],
							"size": [3, 2.8, 5],
							"uv": {
								"north": {"uv": [60, 19], "uv_size": [3, 3]},
								"east": {"uv": [48, 48], "uv_size": [5, 3]},
								"south": {"uv": [23, 60], "uv_size": [3, 3]},
								"west": {"uv": [49, 0], "uv_size": [5, 3]},
								"up": {"uv": [49, 3], "uv_size": [3, 5]},
								"down": {"uv": [49, 13], "uv_size": [3, -5]}
							}
						},
						{
							"origin": [-1.2, 14.9, 4.3],
							"size": [2.4, 2.2, 9.8],
							"uv": {
								"north": {"uv": [27, 10], "uv_size": [2.5, 2]},
								"east": {"uv": [0, 39], "uv_size": [10, 2]},
								"south": {"uv": [20, 39], "uv_size": [2.5, 2]},
								"west": {"uv": [39, 0], "uv_size": [10, 2]},
								"up": {"uv": [27, 0], "uv_size": [2.5, 10]},
								"down": {"uv": [25, 37], "uv_size": [2.5, -10]}
							}
						}
					]
				},
				{
					"name": "shupels2",
					"parent": "shupels",
					"pivot": [0, 16, 14],
					"cubes": [
						{
							"origin": [-1, 15, 14],
							"size": [2, 2, 6],
							"uv": {
								"north": {"uv": [52, 11], "uv_size": [2, 2]},
								"east": {"uv": [30, 40], "uv_size": [6, 2]},
								"south": {"uv": [46, 52], "uv_size": [2, 2]},
								"west": {"uv": [53, 28], "uv_size": [6, 2]},
								"up": {"uv": [36, 55], "uv_size": [2, 6]},
								"down": {"uv": [0, 62], "uv_size": [2, -6]}
							}
						},
						{
							"origin": [-0.7, 15.1, 19.7],
							"size": [1.4, 1.8, 4.6],
							"uv": {
								"north": {"uv": [68, 10], "uv_size": [1.5, 2]},
								"east": {"uv": [60, 47], "uv_size": [4.5, 2]},
								"south": {"uv": [68, 12], "uv_size": [1.5, 2]},
								"west": {"uv": [60, 49], "uv_size": [4.5, 2]},
								"up": {"uv": [5, 65], "uv_size": [1.5, 4.5]},
								"down": {"uv": [65, 18.5], "uv_size": [1.5, -4.5]}
							}
						}
					]
				}
			]
		}
	]
}