{
	"format_version": "1.12.0",
	"minecraft:geometry": [
		{
			"description": {
				"identifier": "geometry.mc_tuzmoq",
				"texture_width": 64,
				"texture_height": 64,
				"visible_bounds_width": 5,
				"visible_bounds_height": 4.5,
				"visible_bounds_offset": [0, 1.75, 0]
			},
			"bones": [
				{
					"name": "portaltuzoq",
					"pivot": [0, 0, 0],
					"cubes": [
						{
							"origin": [-23, 0, -19.4],
							"size": [40, 27.9, 35.8],
							"pivot": [0, 0, 0],
							"rotation": [0, 17.5, 0],
							"uv": {
								"north": {"uv": [0, 41], "uv_size": [22, 18]},
								"east": {"uv": [0, 23], "uv_size": [23, 18]},
								"south": {"uv": [22, 41], "uv_size": [22, 18]},
								"west": {"uv": [23, 23], "uv_size": [23, 18]},
								"up": {"uv": [0, 0], "uv_size": [22, 23]},
								"down": {"uv": [22, 23], "uv_size": [22, -23]}
							}
						},
						{
							"origin": [-22, 11, -15.4],
							"size": [36, 23.9, 30.8],
							"pivot": [0, 25.95, 0],
							"rotation": [0, -42.5, 0],
							"uv": {
								"north": {"uv": [0, 41], "uv_size": [22, 18]},
								"east": {"uv": [0, 23], "uv_size": [23, 18]},
								"south": {"uv": [22, 41], "uv_size": [22, 18]},
								"west": {"uv": [23, 23], "uv_size": [23, 18]},
								"up": {"uv": [0, 0], "uv_size": [22, 23]},
								"down": {"uv": [22, 23], "uv_size": [22, -23]}
							}
						},
						{
							"origin": [-18.3, 33, -9.7],
							"size": [22, 11.9, 18.8],
							"pivot": [-7.3, 25.95, -2.3],
							"rotation": [0, -77.5, 0],
							"uv": {
								"north": {"uv": [0, 41], "uv_size": [22, 18]},
								"east": {"uv": [0, 23], "uv_size": [23, 18]},
								"south": {"uv": [22, 41], "uv_size": [22, 18]},
								"west": {"uv": [23, 23], "uv_size": [23, 18]},
								"up": {"uv": [0, 0], "uv_size": [22, 23]},
								"down": {"uv": [22, 23], "uv_size": [22, -23]}
							}
						},
						{
							"origin": [-13.3, 35, -12.7],
							"size": [22, 11.9, 18.8],
							"pivot": [-7.3, 25.95, -2.3],
							"rotation": [0, -17.5, 0],
							"uv": {
								"north": {"uv": [0, 41], "uv_size": [22, 18]},
								"east": {"uv": [0, 23], "uv_size": [23, 18]},
								"south": {"uv": [22, 41], "uv_size": [22, 18]},
								"west": {"uv": [23, 23], "uv_size": [23, 18]},
								"up": {"uv": [0, 0], "uv_size": [22, 23]},
								"down": {"uv": [22, 23], "uv_size": [22, -23]}
							}
						}
					]
				}
			]
		}
	]
}