{
	"format_version": "1.12.0",
	"minecraft:geometry": [
		{
			"description": {
				"identifier": "geometry.mc_webice_bullet",
				"texture_width": 64,
				"texture_height": 64,
				"visible_bounds_width": 4,
				"visible_bounds_height": 3,
				"visible_bounds_offset": [0, 0.5, 0]
			},
			"bones": [
				{
					"name": "patron",
					"pivot": [0, 0, 0]
				},
				{
					"name": "Bolak",
					"parent": "patron",
					"pivot": [0, 0, 0],
					"cubes": [
						{
							"origin": [0.332, 0, -0.336],
							"size": [0.34, 18.816, 0.84],
							"uv": {
								"north": {"uv": [0, 0], "uv_size": [1, 19]},
								"east": {"uv": [1, 0], "uv_size": [1, 19]},
								"south": {"uv": [2, 0], "uv_size": [1, 19]},
								"west": {"uv": [3, 0], "uv_size": [1, 19]},
								"up": {"uv": [24, 39], "uv_size": [1, 1]},
								"down": {"uv": [25, 40], "uv_size": [1, -1]}
							}
						},
						{
							"origin": [-6.46408, 14.63979, -0.38846],
							"size": [12.296, 0.34, 0.84],
							"pivot": [0.336, 0, 0],
							"rotation": [-0.31295, 0, 24.85131],
							"uv": {
								"north": {"uv": [24, 0], "uv_size": [12, 1]},
								"east": {"uv": [30, 39], "uv_size": [1, 1]},
								"south": {"uv": [24, 1], "uv_size": [12, 1]},
								"west": {"uv": [31, 39], "uv_size": [1, 1]},
								"up": {"uv": [24, 2], "uv_size": [12, 1]},
								"down": {"uv": [24, 4], "uv_size": [12, -1]}
							}
						},
						{
							"origin": [-4.44808, 9.76779, -0.38846],
							"size": [8.568, 0.34, 0.84],
							"pivot": [0.336, 0, 0],
							"rotation": [-0.31295, 0, 24.85131],
							"uv": {
								"north": {"uv": [24, 32], "uv_size": [9, 1]},
								"east": {"uv": [32, 39], "uv_size": [1, 1]},
								"south": {"uv": [24, 33], "uv_size": [9, 1]},
								"west": {"uv": [33, 39], "uv_size": [1, 1]},
								"up": {"uv": [33, 32], "uv_size": [9, 1]},
								"down": {"uv": [33, 34], "uv_size": [9, -1]}
							}
						},
						{
							"origin": [-2.09608, 4.55979, -0.38846],
							"size": [4.032, 0.34, 0.84],
							"pivot": [0.336, 0, 0],
							"rotation": [-0.31295, 0, 24.85131],
							"uv": {
								"north": {"uv": [24, 36], "uv_size": [4, 1]},
								"east": {"uv": [34, 39], "uv_size": [1, 1]},
								"south": {"uv": [36, 24], "uv_size": [4, 1]},
								"west": {"uv": [35, 39], "uv_size": [1, 1]},
								"up": {"uv": [36, 25], "uv_size": [4, 1]},
								"down": {"uv": [36, 27], "uv_size": [4, -1]}
							}
						},
						{
							"origin": [-2.09608, 4.55979, -0.38846],
							"size": [4.032, 0.34, 0.84],
							"pivot": [0.336, 0, 0],
							"rotation": [-0.22129, 0, 69.85089],
							"uv": {
								"north": {"uv": [36, 27], "uv_size": [4, 1]},
								"east": {"uv": [0, 40], "uv_size": [1, 1]},
								"south": {"uv": [28, 36], "uv_size": [4, 1]},
								"west": {"uv": [1, 40], "uv_size": [1, 1]},
								"up": {"uv": [36, 28], "uv_size": [4, 1]},
								"down": {"uv": [36, 30], "uv_size": [4, -1]}
							}
						},
						{
							"origin": [-4.44808, 9.76779, -0.38846],
							"size": [8.568, 0.34, 0.84],
							"pivot": [0.336, 0, 0],
							"rotation": [-0.22129, 0, 69.85089],
							"uv": {
								"north": {"uv": [24, 34], "uv_size": [9, 1]},
								"east": {"uv": [38, 39], "uv_size": [1, 1]},
								"south": {"uv": [33, 34], "uv_size": [9, 1]},
								"west": {"uv": [39, 39], "uv_size": [1, 1]},
								"up": {"uv": [24, 35], "uv_size": [9, 1]},
								"down": {"uv": [33, 36], "uv_size": [9, -1]}
							}
						},
						{
							"origin": [-6.46408, 14.63979, -0.38846],
							"size": [12.096, 0.34, 0.84],
							"pivot": [0.336, 0, 0],
							"rotation": [-0.22129, 0, 69.85089],
							"uv": {
								"north": {"uv": [24, 4], "uv_size": [12, 1]},
								"east": {"uv": [36, 39], "uv_size": [1, 1]},
								"south": {"uv": [24, 5], "uv_size": [12, 1]},
								"west": {"uv": [37, 39], "uv_size": [1, 1]},
								"up": {"uv": [24, 6], "uv_size": [12, 1]},
								"down": {"uv": [24, 8], "uv_size": [12, -1]}
							}
						},
						{
							"origin": [0.332, 0, -0.336],
							"size": [0.34, 18.816, 0.84],
							"pivot": [0, 0, 0],
							"rotation": [0, 0, 45],
							"uv": {
								"north": {"uv": [4, 0], "uv_size": [1, 19]},
								"east": {"uv": [5, 0], "uv_size": [1, 19]},
								"south": {"uv": [6, 0], "uv_size": [1, 19]},
								"west": {"uv": [7, 0], "uv_size": [1, 19]},
								"up": {"uv": [26, 39], "uv_size": [1, 1]},
								"down": {"uv": [27, 40], "uv_size": [1, -1]}
							}
						},
						{
							"origin": [-0.168, 0, -0.336],
							"size": [0.84, 18.816, 0.84],
							"pivot": [0, 0, 0],
							"rotation": [0, 0, 90],
							"uv": {
								"north": {"uv": [8, 0], "uv_size": [1, 19]},
								"east": {"uv": [9, 0], "uv_size": [1, 19]},
								"south": {"uv": [10, 0], "uv_size": [1, 19]},
								"west": {"uv": [11, 0], "uv_size": [1, 19]},
								"up": {"uv": [28, 39], "uv_size": [1, 1]},
								"down": {"uv": [29, 40], "uv_size": [1, -1]}
							}
						}
					]
				},
				{
					"name": "Bolak2",
					"parent": "patron",
					"pivot": [0, 0.168, 0],
					"cubes": [
						{
							"origin": [0.332, -0.336, -0.336],
							"size": [0.34, 18.816, 0.84],
							"pivot": [0, -0.336, 0],
							"rotation": [0, 0, -91],
							"uv": {
								"north": {"uv": [12, 0], "uv_size": [1, 19]},
								"east": {"uv": [13, 0], "uv_size": [1, 19]},
								"south": {"uv": [14, 0], "uv_size": [1, 19]},
								"west": {"uv": [15, 0], "uv_size": [1, 19]},
								"up": {"uv": [2, 40], "uv_size": [1, 1]},
								"down": {"uv": [3, 41], "uv_size": [1, -1]}
							}
						},
						{
							"origin": [-6.46408, 14.30379, -0.38846],
							"size": [12.096, 0.34, 0.84],
							"pivot": [0.336, -0.336, 0],
							"rotation": [-0.31295, 0, -66.14869],
							"uv": {
								"north": {"uv": [24, 8], "uv_size": [12, 1]},
								"east": {"uv": [4, 40], "uv_size": [1, 1]},
								"south": {"uv": [24, 9], "uv_size": [12, 1]},
								"west": {"uv": [5, 40], "uv_size": [1, 1]},
								"up": {"uv": [24, 10], "uv_size": [12, 1]},
								"down": {"uv": [24, 12], "uv_size": [12, -1]}
							}
						},
						{
							"origin": [-4.44808, 9.43179, -0.38846],
							"size": [8.568, 0.34, 0.84],
							"pivot": [0.336, -0.336, 0],
							"rotation": [-0.31295, 0, -66.14869],
							"uv": {
								"north": {"uv": [36, 0], "uv_size": [9, 1]},
								"east": {"uv": [6, 40], "uv_size": [1, 1]},
								"south": {"uv": [36, 1], "uv_size": [9, 1]},
								"west": {"uv": [7, 40], "uv_size": [1, 1]},
								"up": {"uv": [36, 2], "uv_size": [9, 1]},
								"down": {"uv": [36, 4], "uv_size": [9, -1]}
							}
						},
						{
							"origin": [-2.09608, 4.22379, -0.38846],
							"size": [4.032, 0.34, 0.84],
							"pivot": [0.336, -0.336, 0],
							"rotation": [-0.31295, 0, -66.14869],
							"uv": {
								"north": {"uv": [36, 30], "uv_size": [4, 1]},
								"east": {"uv": [8, 40], "uv_size": [1, 1]},
								"south": {"uv": [36, 31], "uv_size": [4, 1]},
								"west": {"uv": [9, 40], "uv_size": [1, 1]},
								"up": {"uv": [32, 36], "uv_size": [4, 1]},
								"down": {"uv": [36, 37], "uv_size": [4, -1]}
							}
						},
						{
							"origin": [-2.09608, 4.22379, -0.38846],
							"size": [4.032, 0.34, 0.84],
							"pivot": [0.336, -0.336, 0],
							"rotation": [-0.22129, 0, -21.14911],
							"uv": {
								"north": {"uv": [24, 37], "uv_size": [4, 1]},
								"east": {"uv": [10, 40], "uv_size": [1, 1]},
								"south": {"uv": [28, 37], "uv_size": [4, 1]},
								"west": {"uv": [11, 40], "uv_size": [1, 1]},
								"up": {"uv": [32, 37], "uv_size": [4, 1]},
								"down": {"uv": [36, 38], "uv_size": [4, -1]}
							}
						},
						{
							"origin": [-4.44808, 9.43179, -0.38846],
							"size": [8.568, 0.34, 0.84],
							"pivot": [0.336, -0.336, 0],
							"rotation": [-0.22129, 0, -21.14911],
							"uv": {
								"north": {"uv": [36, 4], "uv_size": [9, 1]},
								"east": {"uv": [12, 40], "uv_size": [1, 1]},
								"south": {"uv": [36, 5], "uv_size": [9, 1]},
								"west": {"uv": [13, 40], "uv_size": [1, 1]},
								"up": {"uv": [36, 6], "uv_size": [9, 1]},
								"down": {"uv": [36, 8], "uv_size": [9, -1]}
							}
						},
						{
							"origin": [-6.46408, 14.30379, -0.38846],
							"size": [12.096, 0.34, 0.84],
							"pivot": [0.336, -0.336, 0],
							"rotation": [-0.22129, 0, -21.14911],
							"uv": {
								"north": {"uv": [24, 12], "uv_size": [12, 1]},
								"east": {"uv": [14, 40], "uv_size": [1, 1]},
								"south": {"uv": [24, 13], "uv_size": [12, 1]},
								"west": {"uv": [15, 40], "uv_size": [1, 1]},
								"up": {"uv": [24, 14], "uv_size": [12, 1]},
								"down": {"uv": [24, 16], "uv_size": [12, -1]}
							}
						},
						{
							"origin": [-0.168, -0.336, -0.336],
							"size": [0.44, 18.816, 0.84],
							"pivot": [0, -0.336, 0],
							"rotation": [0, 0, -46],
							"uv": {
								"north": {"uv": [16, 0], "uv_size": [1, 19]},
								"east": {"uv": [17, 0], "uv_size": [1, 19]},
								"south": {"uv": [18, 0], "uv_size": [1, 19]},
								"west": {"uv": [0, 19], "uv_size": [1, 19]},
								"up": {"uv": [16, 40], "uv_size": [1, 1]},
								"down": {"uv": [17, 41], "uv_size": [1, -1]}
							}
						},
						{
							"origin": [-0.168, -0.336, -0.336],
							"size": [0.84, 18.816, 0.84],
							"pivot": [0, -0.336, 0],
							"rotation": [0, 0, -1],
							"uv": {
								"north": {"uv": [19, 0], "uv_size": [1, 19]},
								"east": {"uv": [1, 19], "uv_size": [1, 19]},
								"south": {"uv": [2, 19], "uv_size": [1, 19]},
								"west": {"uv": [3, 19], "uv_size": [1, 19]},
								"up": {"uv": [18, 40], "uv_size": [1, 1]},
								"down": {"uv": [19, 41], "uv_size": [1, -1]}
							}
						}
					]
				},
				{
					"name": "Bolak3",
					"parent": "patron",
					"pivot": [0, 0.168, 0],
					"cubes": [
						{
							"origin": [-0.34, -0.336, -0.336],
							"size": [0.34, 18.816, 0.84],
							"pivot": [0, -0.336, 0],
							"rotation": [0, 0, 179],
							"uv": {
								"north": {"uv": [4, 19], "uv_size": [1, 19]},
								"east": {"uv": [5, 19], "uv_size": [1, 19]},
								"south": {"uv": [6, 19], "uv_size": [1, 19]},
								"west": {"uv": [7, 19], "uv_size": [1, 19]},
								"up": {"uv": [20, 40], "uv_size": [1, 1]},
								"down": {"uv": [21, 41], "uv_size": [1, -1]}
							}
						},
						{
							"origin": [-6.46408, 14.30379, -0.38846],
							"size": [12.596, 0.34, 0.84],
							"pivot": [0.336, -0.336, 0],
							"rotation": [-0.31295, 0, -156.14869],
							"uv": {
								"north": {"uv": [24, 16], "uv_size": [12, 1]},
								"east": {"uv": [22, 40], "uv_size": [1, 1]},
								"south": {"uv": [24, 17], "uv_size": [12, 1]},
								"west": {"uv": [23, 40], "uv_size": [1, 1]},
								"up": {"uv": [24, 18], "uv_size": [12, 1]},
								"down": {"uv": [24, 20], "uv_size": [12, -1]}
							}
						},
						{
							"origin": [-4.44808, 9.43179, -0.38846],
							"size": [8.568, 0.34, 0.84],
							"pivot": [0.336, -0.336, 0],
							"rotation": [-0.31295, 0, -156.14869],
							"uv": {
								"north": {"uv": [36, 8], "uv_size": [9, 1]},
								"east": {"uv": [24, 40], "uv_size": [1, 1]},
								"south": {"uv": [36, 9], "uv_size": [9, 1]},
								"west": {"uv": [40, 24], "uv_size": [1, 1]},
								"up": {"uv": [36, 10], "uv_size": [9, 1]},
								"down": {"uv": [36, 12], "uv_size": [9, -1]}
							}
						},
						{
							"origin": [-2.09608, 4.22379, -0.38846],
							"size": [4.032, 0.34, 0.84],
							"pivot": [0.336, -0.336, 0],
							"rotation": [-0.31295, 0, -156.14869],
							"uv": {
								"north": {"uv": [0, 38], "uv_size": [4, 1]},
								"east": {"uv": [25, 40], "uv_size": [1, 1]},
								"south": {"uv": [4, 38], "uv_size": [4, 1]},
								"west": {"uv": [40, 25], "uv_size": [1, 1]},
								"up": {"uv": [8, 38], "uv_size": [4, 1]},
								"down": {"uv": [12, 39], "uv_size": [4, -1]}
							}
						},
						{
							"origin": [-2.09608, 4.22379, -0.38846],
							"size": [4.032, 0.34, 0.84],
							"pivot": [0.336, -0.336, 0],
							"rotation": [-0.22129, 0, -111.14911],
							"uv": {
								"north": {"uv": [16, 38], "uv_size": [4, 1]},
								"east": {"uv": [26, 40], "uv_size": [1, 1]},
								"south": {"uv": [20, 38], "uv_size": [4, 1]},
								"west": {"uv": [40, 26], "uv_size": [1, 1]},
								"up": {"uv": [24, 38], "uv_size": [4, 1]},
								"down": {"uv": [28, 39], "uv_size": [4, -1]}
							}
						},
						{
							"origin": [-4.44808, 9.43179, -0.38846],
							"size": [8.568, 0.34, 0.84],
							"pivot": [0.336, -0.336, 0],
							"rotation": [-0.22129, 0, -111.14911],
							"uv": {
								"north": {"uv": [36, 12], "uv_size": [9, 1]},
								"east": {"uv": [27, 40], "uv_size": [1, 1]},
								"south": {"uv": [36, 13], "uv_size": [9, 1]},
								"west": {"uv": [40, 27], "uv_size": [1, 1]},
								"up": {"uv": [36, 14], "uv_size": [9, 1]},
								"down": {"uv": [36, 16], "uv_size": [9, -1]}
							}
						},
						{
							"origin": [-6.46408, 14.30379, -0.38846],
							"size": [12.096, 0.34, 0.84],
							"pivot": [0.336, -0.336, 0],
							"rotation": [-0.22129, 0, -111.14911],
							"uv": {
								"north": {"uv": [24, 20], "uv_size": [12, 1]},
								"east": {"uv": [28, 40], "uv_size": [1, 1]},
								"south": {"uv": [24, 21], "uv_size": [12, 1]},
								"west": {"uv": [40, 28], "uv_size": [1, 1]},
								"up": {"uv": [24, 22], "uv_size": [12, 1]},
								"down": {"uv": [24, 24], "uv_size": [12, -1]}
							}
						},
						{
							"origin": [-0.168, -0.336, -0.336],
							"size": [0.44, 18.816, 0.84],
							"pivot": [0, -0.336, 0],
							"rotation": [0, 0, -136],
							"uv": {
								"north": {"uv": [8, 19], "uv_size": [1, 19]},
								"east": {"uv": [9, 19], "uv_size": [1, 19]},
								"south": {"uv": [10, 19], "uv_size": [1, 19]},
								"west": {"uv": [11, 19], "uv_size": [1, 19]},
								"up": {"uv": [29, 40], "uv_size": [1, 1]},
								"down": {"uv": [40, 30], "uv_size": [1, -1]}
							}
						},
						{
							"origin": [-0.168, -0.336, -0.336],
							"size": [0.84, 18.816, 0.84],
							"pivot": [0, -0.336, 0],
							"rotation": [0, 0, -91],
							"uv": {
								"north": {"uv": [12, 19], "uv_size": [1, 19]},
								"east": {"uv": [13, 19], "uv_size": [1, 19]},
								"south": {"uv": [14, 19], "uv_size": [1, 19]},
								"west": {"uv": [15, 19], "uv_size": [1, 19]},
								"up": {"uv": [30, 40], "uv_size": [1, 1]},
								"down": {"uv": [40, 31], "uv_size": [1, -1]}
							}
						}
					]
				},
				{
					"name": "Bolak4",
					"parent": "patron",
					"pivot": [0, 0.168, 0],
					"cubes": [
						{
							"origin": [-0.84, -0.336, -0.336],
							"size": [0.44, 18.816, 0.84],
							"pivot": [0, -0.336, 0],
							"rotation": [0, 0, 90.5],
							"uv": {
								"north": {"uv": [16, 19], "uv_size": [1, 19]},
								"east": {"uv": [17, 19], "uv_size": [1, 19]},
								"south": {"uv": [18, 19], "uv_size": [1, 19]},
								"west": {"uv": [19, 19], "uv_size": [1, 19]},
								"up": {"uv": [31, 40], "uv_size": [1, 1]},
								"down": {"uv": [40, 32], "uv_size": [1, -1]}
							}
						},
						{
							"origin": [-6.46408, 14.30379, -0.38846],
							"size": [12.596, 0.34, 0.84],
							"pivot": [0.336, -0.336, 0],
							"rotation": [-0.31295, 0, 112.85131],
							"uv": {
								"north": {"uv": [24, 24], "uv_size": [12, 1]},
								"east": {"uv": [32, 40], "uv_size": [1, 1]},
								"south": {"uv": [24, 25], "uv_size": [12, 1]},
								"west": {"uv": [33, 40], "uv_size": [1, 1]},
								"up": {"uv": [24, 26], "uv_size": [12, 1]},
								"down": {"uv": [24, 28], "uv_size": [12, -1]}
							}
						},
						{
							"origin": [-4.44808, 9.43179, -0.38846],
							"size": [8.568, 0.34, 0.84],
							"pivot": [0.336, -0.336, 0],
							"rotation": [-0.31295, 0, 112.85131],
							"uv": {
								"north": {"uv": [36, 16], "uv_size": [9, 1]},
								"east": {"uv": [34, 40], "uv_size": [1, 1]},
								"south": {"uv": [36, 17], "uv_size": [9, 1]},
								"west": {"uv": [35, 40], "uv_size": [1, 1]},
								"up": {"uv": [36, 18], "uv_size": [9, 1]},
								"down": {"uv": [36, 20], "uv_size": [9, -1]}
							}
						},
						{
							"origin": [-2.09608, 4.22379, -0.38846],
							"size": [4.032, 0.34, 0.84],
							"pivot": [0.336, -0.336, 0],
							"rotation": [-0.31295, 0, 112.85131],
							"uv": {
								"north": {"uv": [32, 38], "uv_size": [4, 1]},
								"east": {"uv": [36, 40], "uv_size": [1, 1]},
								"south": {"uv": [36, 38], "uv_size": [4, 1]},
								"west": {"uv": [40, 36], "uv_size": [1, 1]},
								"up": {"uv": [0, 39], "uv_size": [4, 1]},
								"down": {"uv": [4, 40], "uv_size": [4, -1]}
							}
						},
						{
							"origin": [-2.09608, 4.22379, -0.38846],
							"size": [4.532, 0.34, 0.84],
							"pivot": [0.336, -0.336, 0],
							"rotation": [-0.22129, 0, 157.85089],
							"uv": {
								"north": {"uv": [8, 39], "uv_size": [4, 1]},
								"east": {"uv": [37, 40], "uv_size": [1, 1]},
								"south": {"uv": [12, 39], "uv_size": [4, 1]},
								"west": {"uv": [40, 37], "uv_size": [1, 1]},
								"up": {"uv": [16, 39], "uv_size": [4, 1]},
								"down": {"uv": [20, 40], "uv_size": [4, -1]}
							}
						},
						{
							"origin": [-4.44808, 9.43179, -0.38846],
							"size": [8.568, 0.34, 0.84],
							"pivot": [0.336, -0.336, 0],
							"rotation": [-0.22129, 0, 157.85089],
							"uv": {
								"north": {"uv": [36, 20], "uv_size": [9, 1]},
								"east": {"uv": [38, 40], "uv_size": [1, 1]},
								"south": {"uv": [36, 21], "uv_size": [9, 1]},
								"west": {"uv": [40, 38], "uv_size": [1, 1]},
								"up": {"uv": [36, 22], "uv_size": [9, 1]},
								"down": {"uv": [36, 24], "uv_size": [9, -1]}
							}
						},
						{
							"origin": [-6.46408, 14.30379, -0.38846],
							"size": [12.696, 0.34, 0.84],
							"pivot": [0.336, -0.336, 0],
							"rotation": [-0.22129, 0, 157.85089],
							"uv": {
								"north": {"uv": [24, 28], "uv_size": [12, 1]},
								"east": {"uv": [39, 40], "uv_size": [1, 1]},
								"south": {"uv": [24, 29], "uv_size": [12, 1]},
								"west": {"uv": [40, 39], "uv_size": [1, 1]},
								"up": {"uv": [24, 30], "uv_size": [12, 1]},
								"down": {"uv": [24, 32], "uv_size": [12, -1]}
							}
						},
						{
							"origin": [-0.168, -0.336, -0.336],
							"size": [0.44, 18.816, 0.84],
							"pivot": [0, -0.336, 0],
							"rotation": [0, 0, 133],
							"uv": {
								"north": {"uv": [20, 0], "uv_size": [1, 19]},
								"east": {"uv": [20, 19], "uv_size": [1, 19]},
								"south": {"uv": [21, 0], "uv_size": [1, 19]},
								"west": {"uv": [21, 19], "uv_size": [1, 19]},
								"up": {"uv": [40, 40], "uv_size": [1, 1]},
								"down": {"uv": [0, 42], "uv_size": [1, -1]}
							}
						},
						{
							"origin": [-0.168, -0.336, -0.336],
							"size": [0.84, 18.816, 0.84],
							"pivot": [0, -0.336, 0],
							"rotation": [0, 0, 178],
							"uv": {
								"north": {"uv": [22, 0], "uv_size": [1, 19]},
								"east": {"uv": [22, 19], "uv_size": [1, 19]},
								"south": {"uv": [23, 0], "uv_size": [1, 19]},
								"west": {"uv": [23, 19], "uv_size": [1, 19]},
								"up": {"uv": [1, 41], "uv_size": [1, 1]},
								"down": {"uv": [2, 42], "uv_size": [1, -1]}
							}
						}
					]
				}
			]
		}
	]
}