{
	"format_version": "1.12.0",
	"minecraft:geometry": [
		{
			"description": {
				"identifier": "geometry.mc_spiderzero",
				"texture_width": 128,
				"texture_height": 128,
				"visible_bounds_width": 3,
				"visible_bounds_height": 3.5,
				"visible_bounds_offset": [0, 1.25, 0]
			},
			"bones": [
				{
					"name": "root",
					"pivot": [0, 0, 0]
				},
				{
					"name": "RightLeg",
					"parent": "root",
					"pivot": [-1.9, 12, 0],
					"cubes": [
						{
							"origin": [-3.9, 0, -2],
							"size": [4, 12, 4],
							"inflate": 0.15,
							"uv": {
								"north": {"uv": [16, 24], "uv_size": [4, 12]},
								"east": {"uv": [20, 24], "uv_size": [4, 12]},
								"south": {"uv": [24, 24], "uv_size": [4, 12]},
								"west": {"uv": [0, 28], "uv_size": [4, 12]},
								"up": {"uv": [53, 23], "uv_size": [4, 4]},
								"down": {"uv": [0, 58], "uv_size": [4, -4]}
							}
						},
						{
							"origin": [-4, 6.9, -2],
							"size": [0.3, 4.1, 3.4],
							"inflate": 0.25,
							"uv": {
								"north": {"uv": [62, 17], "uv_size": [1, 5]},
								"east": {"uv": [32, 55], "uv_size": [3, 5]},
								"south": {"uv": [19, 62], "uv_size": [1, 5]},
								"west": {"uv": [35, 55], "uv_size": [3, 5]},
								"up": {"uv": [45, 15], "uv_size": [1, 3]},
								"down": {"uv": [65, 32], "uv_size": [1, -3]}
							}
						},
						{
							"origin": [-3, 3.9, -2],
							"size": [2, 2.1, 0.4],
							"inflate": 0.25,
							"uv": {
								"north": {"uv": [62, 17], "uv_size": [1, 5]},
								"east": {"uv": [32, 55], "uv_size": [3, 5]},
								"south": {"uv": [19, 62], "uv_size": [1, 5]},
								"west": {"uv": [35, 55], "uv_size": [3, 5]},
								"up": {"uv": [45, 15], "uv_size": [1, 3]},
								"down": {"uv": [65, 32], "uv_size": [1, -3]}
							}
						},
						{
							"origin": [-3, -0.1, 1.55],
							"size": [2.3, 6.1, 0.4],
							"inflate": 0.25,
							"uv": {
								"north": {"uv": [62, 17], "uv_size": [1, 5]},
								"east": {"uv": [32, 55], "uv_size": [3, 5]},
								"south": {"uv": [19, 62], "uv_size": [1, 5]},
								"west": {"uv": [35, 55], "uv_size": [3, 5]},
								"up": {"uv": [45, 15], "uv_size": [1, 3]},
								"down": {"uv": [65, 32], "uv_size": [1, -3]}
							}
						}
					]
				},
				{
					"name": "LeftLeg",
					"parent": "root",
					"pivot": [1.9, 12, 0],
					"cubes": [
						{
							"origin": [-0.1, 0, -2],
							"size": [4, 12, 4],
							"inflate": 0.15,
							"uv": {
								"north": {"uv": [20, 24], "uv_size": [-4, 12]},
								"east": {"uv": [4, 28], "uv_size": [-4, 12]},
								"south": {"uv": [28, 24], "uv_size": [-4, 12]},
								"west": {"uv": [24, 24], "uv_size": [-4, 12]},
								"up": {"uv": [57, 23], "uv_size": [-4, 4]},
								"down": {"uv": [4, 58], "uv_size": [-4, -4]}
							}
						},
						{
							"origin": [3.7, 6.9, -2],
							"size": [0.3, 4.1, 3.4],
							"inflate": 0.25,
							"uv": {
								"north": {"uv": [63, 17], "uv_size": [-1, 5]},
								"east": {"uv": [38, 55], "uv_size": [-3, 5]},
								"south": {"uv": [20, 62], "uv_size": [-1, 5]},
								"west": {"uv": [35, 55], "uv_size": [-3, 5]},
								"up": {"uv": [46, 15], "uv_size": [-1, 3]},
								"down": {"uv": [66, 32], "uv_size": [-1, -3]}
							}
						},
						{
							"origin": [1, 3.9, -2],
							"size": [2, 2.1, 0.4],
							"inflate": 0.25,
							"uv": {
								"north": {"uv": [63, 17], "uv_size": [-1, 5]},
								"east": {"uv": [38, 55], "uv_size": [-3, 5]},
								"south": {"uv": [20, 62], "uv_size": [-1, 5]},
								"west": {"uv": [35, 55], "uv_size": [-3, 5]},
								"up": {"uv": [46, 15], "uv_size": [-1, 3]},
								"down": {"uv": [66, 32], "uv_size": [-1, -3]}
							}
						},
						{
							"origin": [0.7, -0.1, 1.55],
							"size": [2.3, 6.1, 0.4],
							"inflate": 0.25,
							"uv": {
								"north": {"uv": [63, 17], "uv_size": [-1, 5]},
								"east": {"uv": [38, 55], "uv_size": [-3, 5]},
								"south": {"uv": [20, 62], "uv_size": [-1, 5]},
								"west": {"uv": [35, 55], "uv_size": [-3, 5]},
								"up": {"uv": [46, 15], "uv_size": [-1, 3]},
								"down": {"uv": [66, 32], "uv_size": [-1, -3]}
							}
						}
					]
				},
				{
					"name": "waist",
					"parent": "root",
					"pivot": [0, 0, 0]
				},
				{
					"name": "Body",
					"parent": "waist",
					"pivot": [0, 24, 0],
					"cubes": [
						{
							"origin": [-4, 12, -2],
							"size": [8, 2, 4],
							"inflate": 0.15,
							"uv": {
								"north": {"uv": [21, 38], "uv_size": [1, 1]},
								"east": {"uv": [21, 38], "uv_size": [1, 1]},
								"south": {"uv": [21, 38], "uv_size": [1, 1]},
								"west": {"uv": [21, 38], "uv_size": [1, 1]},
								"up": {"uv": [22, 39], "uv_size": [-1, -1]},
								"down": {"uv": [22, 39], "uv_size": [-1, -1]}
							}
						},
						{
							"origin": [-4, 14, -2],
							"size": [8, 10, 4],
							"inflate": 0.1,
							"uv": {
								"north": {"uv": [21, 38], "uv_size": [1, 1]},
								"east": {"uv": [21, 38], "uv_size": [1, 1]},
								"south": {"uv": [21, 38], "uv_size": [1, 1]},
								"west": {"uv": [21, 38], "uv_size": [1, 1]},
								"up": {"uv": [22, 39], "uv_size": [-1, -1]},
								"down": {"uv": [22, 39], "uv_size": [-1, -1]}
							}
						},
						{
							"origin": [-2, 14, -2],
							"size": [4, 10, 4],
							"inflate": 0.15,
							"uv": {
								"north": {"uv": [17, 12], "uv_size": [4, 10]},
								"east": {"uv": [17, 12], "uv_size": [4, 10]},
								"south": {"uv": [17, 12], "uv_size": [4, 10]},
								"west": {"uv": [17, 12], "uv_size": [4, 10]},
								"up": {"uv": [21, 22], "uv_size": [-4, -10]},
								"down": {"uv": [21, 22], "uv_size": [-4, -10]}
							}
						},
						{
							"origin": [0, 20, -2],
							"size": [0, 4, 4],
							"inflate": 0.2,
							"uv": {
								"north": {"uv": [29, 22], "uv_size": [2, 1]},
								"east": {"uv": [29, 22], "uv_size": [2, 1]},
								"south": {"uv": [29, 22], "uv_size": [2, 1]},
								"west": {"uv": [29, 22], "uv_size": [2, 1]},
								"up": {"uv": [31, 23], "uv_size": [-2, -1]},
								"down": {"uv": [31, 23], "uv_size": [-2, -1]}
							}
						},
						{
							"origin": [-4.3, 11.9, -2.2],
							"size": [1.9, 1.5, 4.5],
							"uv": {
								"north": {"uv": [58, 11], "uv_size": [9, 1]},
								"east": {"uv": [61, 35], "uv_size": [5, 1]},
								"south": {"uv": [58, 27], "uv_size": [9, 1]},
								"west": {"uv": [61, 36], "uv_size": [5, 1]},
								"up": {"uv": [40, 0], "uv_size": [9, 5]},
								"down": {"uv": [40, 10], "uv_size": [9, -5]}
							}
						},
						{
							"origin": [2.4, 11.9, -2.2],
							"size": [1.9, 1.5, 4.5],
							"uv": {
								"north": {"uv": [67, 11], "uv_size": [-9, 1]},
								"east": {"uv": [66, 36], "uv_size": [-5, 1]},
								"south": {"uv": [67, 27], "uv_size": [-9, 1]},
								"west": {"uv": [66, 35], "uv_size": [-5, 1]},
								"up": {"uv": [49, 0], "uv_size": [-9, 5]},
								"down": {"uv": [49, 10], "uv_size": [-9, -5]}
							}
						},
						{
							"origin": [2.15, 11.9, -2.2],
							"size": [0.25, 1.5, 4.5],
							"uv": {
								"north": {"uv": [9, 5], "uv_size": [1, 1]},
								"east": {"uv": [9, 5], "uv_size": [1, 1]},
								"south": {"uv": [9, 5], "uv_size": [1, 1]},
								"west": {"uv": [9, 5], "uv_size": [1, 1]},
								"up": {"uv": [10, 6], "uv_size": [-1, -1]},
								"down": {"uv": [10, 6], "uv_size": [-1, -1]}
							}
						},
						{
							"origin": [-2.4, 11.9, -2.2],
							"size": [0.25, 1.5, 4.5],
							"uv": {
								"north": {"uv": [9, 7], "uv_size": [-1, 1]},
								"east": {"uv": [9, 7], "uv_size": [-1, 1]},
								"south": {"uv": [9, 7], "uv_size": [-1, 1]},
								"west": {"uv": [9, 7], "uv_size": [-1, 1]},
								"up": {"uv": [8, 8], "uv_size": [1, -1]},
								"down": {"uv": [8, 8], "uv_size": [1, -1]}
							}
						},
						{
							"origin": [0, 13.2132, -2.2],
							"size": [1.5, 0.4, 4.6],
							"pivot": [0.78084, 13.4132, 0.05],
							"rotation": [0, 0, -7],
							"uv": {
								"north": {"uv": [22, 53], "uv_size": [1, 3]},
								"east": {"uv": [22, 53], "uv_size": [1, 3]},
								"south": {"uv": [22, 53], "uv_size": [1, 3]},
								"west": {"uv": [22, 53], "uv_size": [1, 3]},
								"up": {"uv": [23, 56], "uv_size": [-1, -3]},
								"down": {"uv": [23, 56], "uv_size": [-1, -3]}
							}
						},
						{
							"origin": [-0.02625, 14.01618, -2.2],
							"size": [1.5, 0.4, 4.6],
							"pivot": [0.75459, 14.21618, 0.05],
							"rotation": [0, 0, -7],
							"uv": {
								"north": {"uv": [22, 53], "uv_size": [1, 3]},
								"east": {"uv": [22, 53], "uv_size": [1, 3]},
								"south": {"uv": [22, 53], "uv_size": [1, 3]},
								"west": {"uv": [22, 53], "uv_size": [1, 3]},
								"up": {"uv": [23, 56], "uv_size": [-1, -3]},
								"down": {"uv": [23, 56], "uv_size": [-1, -3]}
							}
						},
						{
							"origin": [-1.47375, 14.01618, -2.2],
							"size": [1.5, 0.4, 4.6],
							"pivot": [-0.75459, 14.21618, 0.05],
							"rotation": [0, 0, 7],
							"uv": {
								"north": {"uv": [23, 53], "uv_size": [-1, 3]},
								"east": {"uv": [23, 53], "uv_size": [-1, 3]},
								"south": {"uv": [23, 53], "uv_size": [-1, 3]},
								"west": {"uv": [23, 53], "uv_size": [-1, 3]},
								"up": {"uv": [22, 56], "uv_size": [1, -3]},
								"down": {"uv": [22, 56], "uv_size": [1, -3]}
							}
						},
						{
							"origin": [-1.5, 13.2132, -2.2],
							"size": [1.5, 0.4, 4.6],
							"pivot": [-0.78084, 13.4132, 0.05],
							"rotation": [0, 0, 7],
							"uv": {
								"north": {"uv": [23, 53], "uv_size": [-1, 3]},
								"east": {"uv": [23, 53], "uv_size": [-1, 3]},
								"south": {"uv": [23, 53], "uv_size": [-1, 3]},
								"west": {"uv": [23, 53], "uv_size": [-1, 3]},
								"up": {"uv": [22, 56], "uv_size": [1, -3]},
								"down": {"uv": [22, 56], "uv_size": [1, -3]}
							}
						},
						{
							"origin": [-0.04481, 13.11953, -2.2],
							"size": [0.075, 0.4, 4.6],
							"uv": {
								"north": {"uv": [23, 53], "uv_size": [-1, 3]},
								"east": {"uv": [23, 53], "uv_size": [-1, 3]},
								"south": {"uv": [23, 53], "uv_size": [-1, 3]},
								"west": {"uv": [23, 53], "uv_size": [-1, 3]},
								"up": {"uv": [22, 56], "uv_size": [1, -3]},
								"down": {"uv": [22, 56], "uv_size": [1, -3]}
							}
						},
						{
							"origin": [-0.04481, 13.91953, -2.2],
							"size": [0.075, 0.4, 4.6],
							"uv": {
								"north": {"uv": [23, 53], "uv_size": [-1, 3]},
								"east": {"uv": [23, 53], "uv_size": [-1, 3]},
								"south": {"uv": [23, 53], "uv_size": [-1, 3]},
								"west": {"uv": [23, 53], "uv_size": [-1, 3]},
								"up": {"uv": [22, 56], "uv_size": [1, -3]},
								"down": {"uv": [22, 56], "uv_size": [1, -3]}
							}
						},
						{
							"origin": [-0.04481, 13.51953, -2.2],
							"size": [0.075, 0.4, 4.6],
							"uv": {
								"north": {"uv": [21, 54], "uv_size": [-1, 2]},
								"east": {"uv": [21, 54], "uv_size": [-1, 2]},
								"south": {"uv": [21, 54], "uv_size": [-1, 2]},
								"west": {"uv": [21, 54], "uv_size": [-1, 2]},
								"up": {"uv": [20, 56], "uv_size": [1, -2]},
								"down": {"uv": [20, 56], "uv_size": [1, -2]}
							}
						},
						{
							"origin": [0.1219, 13.60208, -2.2],
							"size": [1.55, 0.4, 4.6],
							"pivot": [0.7759, 12.80208, 0.05],
							"rotation": [0, 0, -7],
							"uv": {
								"north": {"uv": [20, 55], "uv_size": [1, 1]},
								"east": {"uv": [20, 55], "uv_size": [1, 1]},
								"south": {"uv": [20, 55], "uv_size": [1, 1]},
								"west": {"uv": [20, 55], "uv_size": [1, 1]},
								"up": {"uv": [21, 56], "uv_size": [-1, -1]},
								"down": {"uv": [21, 56], "uv_size": [-1, -1]}
							}
						},
						{
							"origin": [-1.6719, 13.60208, -2.2],
							"size": [1.55, 0.4, 4.6],
							"pivot": [-0.7759, 12.80208, 0.05],
							"rotation": [0, 0, 7],
							"uv": {
								"north": {"uv": [21, 55], "uv_size": [-1, 1]},
								"east": {"uv": [21, 55], "uv_size": [-1, 1]},
								"south": {"uv": [21, 55], "uv_size": [-1, 1]},
								"west": {"uv": [21, 55], "uv_size": [-1, 1]},
								"up": {"uv": [20, 56], "uv_size": [1, -1]},
								"down": {"uv": [20, 56], "uv_size": [1, -1]}
							}
						},
						{
							"origin": [-4.5, 13.3, -2.3],
							"size": [3, 1.1, 4.75],
							"uv": {
								"north": {"uv": [31, 70], "uv_size": [3, -1]},
								"east": {"uv": [31, 70], "uv_size": [3, -1]},
								"south": {"uv": [31, 70], "uv_size": [3, -1]},
								"west": {"uv": [31, 70], "uv_size": [3, -1]},
								"up": {"uv": [34, 69], "uv_size": [-3, 1]},
								"down": {"uv": [34, 69], "uv_size": [-3, 1]}
							}
						},
						{
							"origin": [1.5, 13.3, -2.3],
							"size": [3, 1.1, 4.75],
							"uv": {
								"north": {"uv": [34, 70], "uv_size": [-3, -1]},
								"east": {"uv": [34, 70], "uv_size": [-3, -1]},
								"south": {"uv": [34, 70], "uv_size": [-3, -1]},
								"west": {"uv": [34, 70], "uv_size": [-3, -1]},
								"up": {"uv": [31, 69], "uv_size": [3, 1]},
								"down": {"uv": [31, 69], "uv_size": [3, 1]}
							}
						},
						{
							"origin": [-3.4, 20.65688, -2.55],
							"size": [5.1, 3.7, 4.1],
							"pivot": [-2.81346, 22.50688, 0.05],
							"rotation": [0, 0, 54.5],
							"uv": {
								"north": {"uv": [4, 6], "uv_size": [5, 4]},
								"east": {"uv": [4, 6], "uv_size": [5, 4]},
								"south": {"uv": [4, 6], "uv_size": [5, 4]},
								"west": {"uv": [4, 6], "uv_size": [5, 4]},
								"up": {"uv": [9, 10], "uv_size": [-5, -4]},
								"down": {"uv": [9, 10], "uv_size": [-5, -4]}
							}
						},
						{
							"origin": [-4.95, 21, -2.55],
							"size": [1.55, 2.7, 3.1],
							"pivot": [-2.81346, 22.50688, 0.05],
							"rotation": [0, 0, 54.5],
							"uv": {
								"north": {"uv": [25, 2], "uv_size": [3, 4]},
								"east": {"uv": [25, 2], "uv_size": [3, 4]},
								"south": {"uv": [25, 2], "uv_size": [3, 4]},
								"west": {"uv": [25, 2], "uv_size": [3, 4]},
								"up": {"uv": [28, 6], "uv_size": [-3, -4]},
								"down": {"uv": [28, 6], "uv_size": [-3, -4]}
							}
						},
						{
							"origin": [1.34773, 17.00859, -2.35],
							"size": [0.55, 2.7, 3.1],
							"inflate": 0.125,
							"pivot": [3.12273, 17.35859, -1],
							"rotation": [0, 0, 29.5],
							"uv": {
								"north": {"uv": [25, 34], "uv_size": [2, 1]},
								"east": {"uv": [25, 34], "uv_size": [2, 1]},
								"south": {"uv": [25, 34], "uv_size": [2, 1]},
								"west": {"uv": [25, 34], "uv_size": [2, 1]},
								"up": {"uv": [27, 35], "uv_size": [-2, -1]},
								"down": {"uv": [27, 35], "uv_size": [-2, -1]}
							}
						},
						{
							"origin": [1.34773, 17.00859, -0.75],
							"size": [0.55, 2.7, 3.1],
							"inflate": 0.125,
							"pivot": [3.12273, 17.35859, 1],
							"rotation": [0, 0, 29.5],
							"uv": {
								"north": {"uv": [27, 34], "uv_size": [-2, 1]},
								"east": {"uv": [27, 34], "uv_size": [-2, 1]},
								"south": {"uv": [27, 34], "uv_size": [-2, 1]},
								"west": {"uv": [27, 34], "uv_size": [-2, 1]},
								"up": {"uv": [27, 34], "uv_size": [-2, 1]},
								"down": {"uv": [27, 34], "uv_size": [-2, 1]}
							}
						},
						{
							"origin": [-1.89773, 17.00859, -0.75],
							"size": [0.55, 2.7, 3.1],
							"inflate": 0.125,
							"pivot": [-3.12273, 17.35859, 1],
							"rotation": [0, 0, -29.5],
							"uv": {
								"north": {"uv": [25, 34], "uv_size": [2, 1]},
								"east": {"uv": [25, 34], "uv_size": [2, 1]},
								"south": {"uv": [25, 34], "uv_size": [2, 1]},
								"west": {"uv": [25, 34], "uv_size": [2, 1]},
								"up": {"uv": [25, 34], "uv_size": [2, 1]},
								"down": {"uv": [25, 34], "uv_size": [2, 1]}
							}
						},
						{
							"origin": [-1.89773, 17.00859, -2.35],
							"size": [0.55, 2.7, 3.1],
							"inflate": 0.125,
							"pivot": [-3.12273, 17.35859, -1],
							"rotation": [0, 0, -29.5],
							"uv": {
								"north": {"uv": [27, 34], "uv_size": [-2, 1]},
								"east": {"uv": [27, 34], "uv_size": [-2, 1]},
								"south": {"uv": [27, 34], "uv_size": [-2, 1]},
								"west": {"uv": [27, 34], "uv_size": [-2, 1]},
								"up": {"uv": [25, 35], "uv_size": [2, -1]},
								"down": {"uv": [25, 35], "uv_size": [2, -1]}
							}
						},
						{
							"origin": [1.34773, 17.00859, -2.35],
							"size": [1.55, 2.7, 3.1],
							"pivot": [3.12273, 17.35859, -1],
							"rotation": [0, 0, 29.5],
							"uv": {
								"north": {"uv": [25, 2], "uv_size": [3, 4]},
								"east": {"uv": [25, 2], "uv_size": [3, 4]},
								"south": {"uv": [25, 2], "uv_size": [3, 4]},
								"west": {"uv": [25, 2], "uv_size": [3, 4]},
								"up": {"uv": [28, 6], "uv_size": [-3, -4]},
								"down": {"uv": [28, 6], "uv_size": [-3, -4]}
							}
						},
						{
							"origin": [1.34773, 17.00859, -0.75],
							"size": [1.55, 2.7, 3.1],
							"pivot": [3.12273, 17.35859, 1],
							"rotation": [0, 0, 29.5],
							"uv": {
								"north": {"uv": [28, 2], "uv_size": [-3, 4]},
								"east": {"uv": [28, 2], "uv_size": [-3, 4]},
								"south": {"uv": [28, 2], "uv_size": [-3, 4]},
								"west": {"uv": [28, 2], "uv_size": [-3, 4]},
								"up": {"uv": [28, 2], "uv_size": [-3, 4]},
								"down": {"uv": [28, 2], "uv_size": [-3, 4]}
							}
						},
						{
							"origin": [-2.89773, 17.00859, -0.75],
							"size": [1.55, 2.7, 3.1],
							"pivot": [-3.12273, 17.35859, 1],
							"rotation": [0, 0, -29.5],
							"uv": {
								"north": {"uv": [25, 2], "uv_size": [3, 4]},
								"east": {"uv": [25, 2], "uv_size": [3, 4]},
								"south": {"uv": [25, 2], "uv_size": [3, 4]},
								"west": {"uv": [25, 2], "uv_size": [3, 4]},
								"up": {"uv": [25, 2], "uv_size": [3, 4]},
								"down": {"uv": [25, 2], "uv_size": [3, 4]}
							}
						},
						{
							"origin": [-2.89773, 17.00859, -2.35],
							"size": [1.55, 2.7, 3.1],
							"pivot": [-3.12273, 17.35859, -1],
							"rotation": [0, 0, -29.5],
							"uv": {
								"north": {"uv": [28, 2], "uv_size": [-3, 4]},
								"east": {"uv": [28, 2], "uv_size": [-3, 4]},
								"south": {"uv": [28, 2], "uv_size": [-3, 4]},
								"west": {"uv": [28, 2], "uv_size": [-3, 4]},
								"up": {"uv": [25, 6], "uv_size": [3, -4]},
								"down": {"uv": [25, 6], "uv_size": [3, -4]}
							}
						},
						{
							"origin": [2.80119, 17.13689, -2.25],
							"size": [1.55, 2.7, 3.1],
							"pivot": [3.57619, 18.48689, -0.8],
							"rotation": [0, 0, -178],
							"uv": {
								"north": {"uv": [25, 2], "uv_size": [3, 4]},
								"east": {"uv": [25, 2], "uv_size": [3, 4]},
								"south": {"uv": [25, 2], "uv_size": [3, 4]},
								"west": {"uv": [25, 2], "uv_size": [3, 4]},
								"up": {"uv": [28, 6], "uv_size": [-3, -4]},
								"down": {"uv": [28, 6], "uv_size": [-3, -4]}
							}
						},
						{
							"origin": [2.80119, 17.13689, -0.85],
							"size": [1.55, 2.7, 3.1],
							"pivot": [3.57619, 18.48689, 0.8],
							"rotation": [0, 0, -178],
							"uv": {
								"north": {"uv": [28, 2], "uv_size": [-3, 4]},
								"east": {"uv": [28, 2], "uv_size": [-3, 4]},
								"south": {"uv": [28, 2], "uv_size": [-3, 4]},
								"west": {"uv": [28, 2], "uv_size": [-3, 4]},
								"up": {"uv": [28, 2], "uv_size": [-3, 4]},
								"down": {"uv": [28, 2], "uv_size": [-3, 4]}
							}
						},
						{
							"origin": [-4.35119, 17.13689, -2.25],
							"size": [1.55, 2.7, 3.1],
							"pivot": [-3.57619, 18.48689, -0.8],
							"rotation": [0, 0, 178],
							"uv": {
								"north": {"uv": [28, 2], "uv_size": [-3, 4]},
								"east": {"uv": [28, 2], "uv_size": [-3, 4]},
								"south": {"uv": [28, 2], "uv_size": [-3, 4]},
								"west": {"uv": [28, 2], "uv_size": [-3, 4]},
								"up": {"uv": [25, 6], "uv_size": [3, -4]},
								"down": {"uv": [25, 6], "uv_size": [3, -4]}
							}
						},
						{
							"origin": [-4.35119, 17.13689, -0.85],
							"size": [1.55, 2.7, 3.1],
							"pivot": [-3.57619, 18.48689, 0.8],
							"rotation": [0, 0, 178],
							"uv": {
								"north": {"uv": [25, 2], "uv_size": [3, 4]},
								"east": {"uv": [25, 2], "uv_size": [3, 4]},
								"south": {"uv": [25, 2], "uv_size": [3, 4]},
								"west": {"uv": [25, 2], "uv_size": [3, 4]},
								"up": {"uv": [25, 2], "uv_size": [3, 4]},
								"down": {"uv": [25, 2], "uv_size": [3, 4]}
							}
						},
						{
							"origin": [3.4, 21, -2.55],
							"size": [1.55, 2.7, 3.1],
							"pivot": [2.81346, 22.50688, 0.05],
							"rotation": [0, 0, -54.5],
							"uv": {
								"north": {"uv": [28, 2], "uv_size": [-3, 4]},
								"east": {"uv": [28, 2], "uv_size": [-3, 4]},
								"south": {"uv": [28, 2], "uv_size": [-3, 4]},
								"west": {"uv": [28, 2], "uv_size": [-3, 4]},
								"up": {"uv": [25, 6], "uv_size": [3, -4]},
								"down": {"uv": [25, 6], "uv_size": [3, -4]}
							}
						},
						{
							"origin": [3.4, 21, -0.55],
							"size": [1.55, 2.7, 3.1],
							"pivot": [2.81346, 22.50688, -0.05],
							"rotation": [0, 0, -54.5],
							"uv": {
								"north": {"uv": [25, 2], "uv_size": [3, 4]},
								"east": {"uv": [25, 2], "uv_size": [3, 4]},
								"south": {"uv": [25, 2], "uv_size": [3, 4]},
								"west": {"uv": [25, 2], "uv_size": [3, 4]},
								"up": {"uv": [25, 2], "uv_size": [3, 4]},
								"down": {"uv": [25, 2], "uv_size": [3, 4]}
							}
						},
						{
							"origin": [-4.95, 21, -0.55],
							"size": [1.55, 2.7, 3.1],
							"pivot": [-2.81346, 22.50688, -0.05],
							"rotation": [0, 0, 54.5],
							"uv": {
								"north": {"uv": [28, 2], "uv_size": [-3, 4]},
								"east": {"uv": [28, 2], "uv_size": [-3, 4]},
								"south": {"uv": [28, 2], "uv_size": [-3, 4]},
								"west": {"uv": [28, 2], "uv_size": [-3, 4]},
								"up": {"uv": [28, 2], "uv_size": [-3, 4]},
								"down": {"uv": [28, 2], "uv_size": [-3, 4]}
							}
						},
						{
							"origin": [-3.5, 21, -2.55],
							"size": [0.1, 2.7, 1.1],
							"inflate": 0.2,
							"pivot": [-2.81346, 22.50688, 0.05],
							"rotation": [0, 0, 54.5],
							"uv": {
								"north": {"uv": [26, 34], "uv_size": [1, 1]},
								"east": {"uv": [26, 34], "uv_size": [1, 1]},
								"south": {"uv": [26, 34], "uv_size": [1, 1]},
								"west": {"uv": [26, 34], "uv_size": [1, 1]},
								"up": {"uv": [27, 35], "uv_size": [-1, -1]},
								"down": {"uv": [27, 35], "uv_size": [-1, -1]}
							}
						},
						{
							"origin": [3.4, 21, -2.55],
							"size": [0.1, 2.7, 1.1],
							"inflate": 0.2,
							"pivot": [2.81346, 22.50688, 0.05],
							"rotation": [0, 0, -54.5],
							"uv": {
								"north": {"uv": [27, 34], "uv_size": [-1, 1]},
								"east": {"uv": [27, 34], "uv_size": [-1, 1]},
								"south": {"uv": [27, 34], "uv_size": [-1, 1]},
								"west": {"uv": [27, 34], "uv_size": [-1, 1]},
								"up": {"uv": [26, 35], "uv_size": [1, -1]},
								"down": {"uv": [26, 35], "uv_size": [1, -1]}
							}
						},
						{
							"origin": [3.4, 21, 1.45],
							"size": [0.1, 2.7, 1.1],
							"inflate": 0.2,
							"pivot": [2.81346, 22.50688, -0.05],
							"rotation": [0, 0, -54.5],
							"uv": {
								"north": {"uv": [26, 34], "uv_size": [1, 1]},
								"east": {"uv": [26, 34], "uv_size": [1, 1]},
								"south": {"uv": [26, 34], "uv_size": [1, 1]},
								"west": {"uv": [26, 34], "uv_size": [1, 1]},
								"up": {"uv": [26, 34], "uv_size": [1, 1]},
								"down": {"uv": [26, 34], "uv_size": [1, 1]}
							}
						},
						{
							"origin": [-3.5, 21, 1.45],
							"size": [0.1, 2.7, 1.1],
							"inflate": 0.2,
							"pivot": [-2.81346, 22.50688, -0.05],
							"rotation": [0, 0, 54.5],
							"uv": {
								"north": {"uv": [27, 34], "uv_size": [-1, 1]},
								"east": {"uv": [27, 34], "uv_size": [-1, 1]},
								"south": {"uv": [27, 34], "uv_size": [-1, 1]},
								"west": {"uv": [27, 34], "uv_size": [-1, 1]},
								"up": {"uv": [27, 34], "uv_size": [-1, 1]},
								"down": {"uv": [27, 34], "uv_size": [-1, 1]}
							}
						},
						{
							"origin": [-2, 14.03576, -2.29017],
							"size": [4, 4.25, 4.1],
							"pivot": [-0.05, 16.16076, -0.24017],
							"rotation": [7.5, 0, 0],
							"uv": {
								"north": {"uv": [4, 6], "uv_size": [5, 4]},
								"east": {"uv": [4, 6], "uv_size": [5, 4]},
								"south": {"uv": [4, 6], "uv_size": [5, 4]},
								"west": {"uv": [4, 6], "uv_size": [5, 4]},
								"up": {"uv": [9, 10], "uv_size": [-5, -4]},
								"down": {"uv": [9, 10], "uv_size": [-5, -4]}
							}
						},
						{
							"origin": [-2, 18, -2.55],
							"size": [4, 5.25, 4.1],
							"uv": {
								"north": {"uv": [4, 6], "uv_size": [5, 4]},
								"east": {"uv": [4, 6], "uv_size": [5, 4]},
								"south": {"uv": [4, 6], "uv_size": [5, 4]},
								"west": {"uv": [4, 6], "uv_size": [5, 4]},
								"up": {"uv": [9, 10], "uv_size": [-5, -4]},
								"down": {"uv": [9, 10], "uv_size": [-5, -4]}
							}
						},
						{
							"origin": [-2, 18, -1.55],
							"size": [4, 5.25, 4.1],
							"uv": {
								"north": {"uv": [9, 6], "uv_size": [-5, 4]},
								"east": {"uv": [9, 6], "uv_size": [-5, 4]},
								"south": {"uv": [9, 6], "uv_size": [-5, 4]},
								"west": {"uv": [9, 6], "uv_size": [-5, 4]},
								"up": {"uv": [9, 6], "uv_size": [-5, 4]},
								"down": {"uv": [9, 6], "uv_size": [-5, 4]}
							}
						},
						{
							"origin": [-1.7, 20.65688, -2.55],
							"size": [5.1, 3.7, 4.1],
							"pivot": [2.81346, 22.50688, 0.05],
							"rotation": [0, 0, -54.5],
							"uv": {
								"north": {"uv": [9, 6], "uv_size": [-5, 4]},
								"east": {"uv": [9, 6], "uv_size": [-5, 4]},
								"south": {"uv": [9, 6], "uv_size": [-5, 4]},
								"west": {"uv": [9, 6], "uv_size": [-5, 4]},
								"up": {"uv": [4, 10], "uv_size": [5, -4]},
								"down": {"uv": [4, 10], "uv_size": [5, -4]}
							}
						},
						{
							"origin": [-1.7, 20.65688, -1.55],
							"size": [5.1, 3.7, 4.1],
							"pivot": [2.81346, 22.50688, -0.05],
							"rotation": [0, 0, -54.5],
							"uv": {
								"north": {"uv": [4, 6], "uv_size": [5, 4]},
								"east": {"uv": [4, 6], "uv_size": [5, 4]},
								"south": {"uv": [4, 6], "uv_size": [5, 4]},
								"west": {"uv": [4, 6], "uv_size": [5, 4]},
								"up": {"uv": [4, 6], "uv_size": [5, 4]},
								"down": {"uv": [4, 6], "uv_size": [5, 4]}
							}
						},
						{
							"origin": [-3.4, 20.65688, -1.55],
							"size": [5.1, 3.7, 4.1],
							"pivot": [-2.81346, 22.50688, -0.05],
							"rotation": [0, 0, 54.5],
							"uv": {
								"north": {"uv": [9, 6], "uv_size": [-5, 4]},
								"east": {"uv": [9, 6], "uv_size": [-5, 4]},
								"south": {"uv": [9, 6], "uv_size": [-5, 4]},
								"west": {"uv": [9, 6], "uv_size": [-5, 4]},
								"up": {"uv": [9, 6], "uv_size": [-5, 4]},
								"down": {"uv": [9, 6], "uv_size": [-5, 4]}
							}
						},
						{
							"origin": [-4, 13.7, -2.6],
							"size": [8, 11, 0],
							"pivot": [0, 19.5, -2.7],
							"rotation": [1.5, 0, 0],
							"uv": {
								"north": {"uv": [69.4, 64.1], "uv_size": [58.6, 63.9]},
								"east": {"uv": [28.4, 117.1], "uv_size": [1, 1]},
								"south": {"uv": [28.4, 117.1], "uv_size": [1, 1]},
								"west": {"uv": [28.4, 117.1], "uv_size": [1, 1]},
								"up": {"uv": [29.4, 118.1], "uv_size": [-1, -1]},
								"down": {"uv": [29.4, 118.1], "uv_size": [-1, -1]}
							}
						}
					]
				},
				{
					"name": "Head",
					"parent": "Body",
					"pivot": [0, 24, 0],
					"cubes": [
						{
							"origin": [-4, 24, -4],
							"size": [8, 8, 8.2],
							"inflate": 0.15,
							"uv": {
								"north": {"uv": [0, 12], "uv_size": [8, 8]},
								"east": {"uv": [8, 12], "uv_size": [8, 8]},
								"south": {"uv": [16, 0], "uv_size": [8, 8]},
								"west": {"uv": [16, 8], "uv_size": [8, 8]},
								"up": {"uv": [16, 16], "uv_size": [8, 8]},
								"down": {"uv": [0, 28], "uv_size": [8, -8]}
							}
						},
						{
							"origin": [3.75, 29, -4],
							"size": [0, 3, 8.2],
							"inflate": 0.16,
							"uv": {
								"north": {"uv": [22, 39], "uv_size": [-1, -1]},
								"east": {"uv": [22, 39], "uv_size": [-1, -1]},
								"south": {"uv": [22, 39], "uv_size": [-1, -1]},
								"west": {"uv": [22, 39], "uv_size": [-1, -1]},
								"up": {"uv": [21, 38], "uv_size": [1, 1]},
								"down": {"uv": [21, 38], "uv_size": [1, 1]}
							}
						},
						{
							"origin": [-3.75, 29, -4],
							"size": [0, 3, 8.2],
							"inflate": 0.16,
							"uv": {
								"north": {"uv": [21, 39], "uv_size": [1, -1]},
								"east": {"uv": [21, 39], "uv_size": [1, -1]},
								"south": {"uv": [21, 39], "uv_size": [1, -1]},
								"west": {"uv": [21, 39], "uv_size": [1, -1]},
								"up": {"uv": [22, 38], "uv_size": [-1, 1]},
								"down": {"uv": [22, 38], "uv_size": [-1, 1]}
							}
						}
					]
				},
				{
					"name": "kozla",
					"parent": "Head",
					"pivot": [0.4, 27.8, -3.5],
					"cubes": [
						{
							"origin": [0.5, 27.4, -4.5],
							"size": [0.4, 1.4, 0.6],
							"pivot": [0.6, 27.8, -3.5],
							"rotation": [0, 0, 37],
							"uv": {
								"north": {"uv": [68, 26], "uv_size": [1, 1]},
								"east": {"uv": [27, 68], "uv_size": [1, 1]},
								"south": {"uv": [28, 68], "uv_size": [1, 1]},
								"west": {"uv": [68, 28], "uv_size": [1, 1]},
								"up": {"uv": [29, 68], "uv_size": [1, 1]},
								"down": {"uv": [68, 30], "uv_size": [1, -1]}
							}
						},
						{
							"origin": [0.1, 28.4, -4.5],
							"size": [0.3, 1.2, 0.6],
							"pivot": [0.7, 27.7, -3.5],
							"rotation": [0, 0, 69],
							"uv": {
								"north": {"uv": [30, 68], "uv_size": [1, 1]},
								"east": {"uv": [68, 30], "uv_size": [1, 1]},
								"south": {"uv": [31, 68], "uv_size": [1, 1]},
								"west": {"uv": [68, 31], "uv_size": [1, 1]},
								"up": {"uv": [32, 68], "uv_size": [1, 1]},
								"down": {"uv": [68, 33], "uv_size": [1, -1]}
							}
						},
						{
							"origin": [0.1, 28.4, -4.3],
							"size": [2, 1.5, 0.6],
							"pivot": [0.7, 27.7, -3.3],
							"rotation": [0, 0, 69],
							"uv": {
								"north": {"uv": [41, 30], "uv_size": [2, 2]},
								"east": {"uv": [52, 67], "uv_size": [1, 2]},
								"south": {"uv": [51, 23], "uv_size": [2, 2]},
								"west": {"uv": [53, 67], "uv_size": [1, 2]},
								"up": {"uv": [67, 53], "uv_size": [2, 1]},
								"down": {"uv": [54, 68], "uv_size": [2, -1]}
							}
						},
						{
							"origin": [0.3, 28.4, -4.3],
							"size": [1.1, 2.4, 0.6],
							"pivot": [0.7, 27.7, -3.3],
							"rotation": [0, 0, 69],
							"uv": {
								"north": {"uv": [67, 54], "uv_size": [1, 2]},
								"east": {"uv": [67, 56], "uv_size": [1, 2]},
								"south": {"uv": [57, 67], "uv_size": [1, 2]},
								"west": {"uv": [58, 67], "uv_size": [1, 2]},
								"up": {"uv": [69, 51], "uv_size": [1, 1]},
								"down": {"uv": [52, 70], "uv_size": [1, -1]}
							}
						},
						{
							"origin": [0.7, 27.4, -4.3],
							"size": [1.3, 1.2, 0.6],
							"pivot": [0.7, 27.7, -3.3],
							"rotation": [0, 0, 31],
							"uv": {
								"north": {"uv": [69, 45], "uv_size": [1, 1]},
								"east": {"uv": [46, 69], "uv_size": [1, 1]},
								"south": {"uv": [69, 46], "uv_size": [1, 1]},
								"west": {"uv": [47, 69], "uv_size": [1, 1]},
								"up": {"uv": [69, 47], "uv_size": [1, 1]},
								"down": {"uv": [48, 70], "uv_size": [1, -1]}
							}
						},
						{
							"origin": [-1.2, 30.2, -4.3],
							"size": [1.4, 0.5, 0.6],
							"pivot": [0.7, 27.7, -3.3],
							"rotation": [0, 0, 96],
							"uv": {
								"north": {"uv": [69, 48], "uv_size": [1, 1]},
								"east": {"uv": [49, 69], "uv_size": [1, 1]},
								"south": {"uv": [69, 49], "uv_size": [1, 1]},
								"west": {"uv": [50, 69], "uv_size": [1, 1]},
								"up": {"uv": [69, 50], "uv_size": [1, 1]},
								"down": {"uv": [51, 70], "uv_size": [1, -1]}
							}
						},
						{
							"origin": [-1.2, 29.4, -4.3],
							"size": [1.4, 0.5, 0.6],
							"pivot": [0.7, 27.7, -3.3],
							"rotation": [0, 0, 123],
							"uv": {
								"north": {"uv": [69, 52], "uv_size": [1, 1]},
								"east": {"uv": [53, 69], "uv_size": [1, 1]},
								"south": {"uv": [69, 53], "uv_size": [1, 1]},
								"west": {"uv": [54, 69], "uv_size": [1, 1]},
								"up": {"uv": [69, 54], "uv_size": [1, 1]},
								"down": {"uv": [55, 70], "uv_size": [1, -1]}
							}
						},
						{
							"origin": [0.1, 28.4, -4.5],
							"size": [0.2, 1.2, 0.6],
							"pivot": [0.7, 27.7, -3.5],
							"rotation": [0, 0, 63.5],
							"uv": {
								"north": {"uv": [69, 0], "uv_size": [1, 1]},
								"east": {"uv": [1, 69], "uv_size": [1, 1]},
								"south": {"uv": [69, 1], "uv_size": [1, 1]},
								"west": {"uv": [2, 69], "uv_size": [1, 1]},
								"up": {"uv": [69, 2], "uv_size": [1, 1]},
								"down": {"uv": [3, 70], "uv_size": [1, -1]}
							}
						},
						{
							"origin": [-0.4, 29.3, -4.5],
							"size": [0.5, 0.8, 0.6],
							"pivot": [0.7, 27.7, -3.5],
							"rotation": [0, 0, 79],
							"uv": {
								"north": {"uv": [33, 68], "uv_size": [1, 1]},
								"east": {"uv": [34, 68], "uv_size": [1, 1]},
								"south": {"uv": [35, 68], "uv_size": [1, 1]},
								"west": {"uv": [68, 35], "uv_size": [1, 1]},
								"up": {"uv": [36, 68], "uv_size": [1, 1]},
								"down": {"uv": [68, 37], "uv_size": [1, -1]}
							}
						},
						{
							"origin": [0.4, 29.9, -4.5],
							"size": [0.4, 1.2, 0.6],
							"pivot": [0.7, 27.7, -3.5],
							"rotation": [0, 0, 61],
							"uv": {
								"north": {"uv": [66, 68], "uv_size": [1, 1]},
								"east": {"uv": [68, 66], "uv_size": [1, 1]},
								"south": {"uv": [67, 68], "uv_size": [1, 1]},
								"west": {"uv": [68, 67], "uv_size": [1, 1]},
								"up": {"uv": [68, 68], "uv_size": [1, 1]},
								"down": {"uv": [0, 70], "uv_size": [1, -1]}
							}
						},
						{
							"origin": [0.9, 30.2, -4.5],
							"size": [0.5, 1.4, 0.6],
							"pivot": [0.6, 27.8, -3.5],
							"rotation": [0, 0, 49],
							"uv": {
								"north": {"uv": [37, 68], "uv_size": [1, 1]},
								"east": {"uv": [68, 37], "uv_size": [1, 1]},
								"south": {"uv": [68, 38], "uv_size": [1, 1]},
								"west": {"uv": [68, 40], "uv_size": [1, 1]},
								"up": {"uv": [68, 41], "uv_size": [1, 1]},
								"down": {"uv": [68, 43], "uv_size": [1, -1]}
							}
						},
						{
							"origin": [0.1, 30.2, -4.5],
							"size": [0.3, 1.2, 0.6],
							"pivot": [0.4, 27.8, -3.5],
							"rotation": [0, 0, 66],
							"uv": {
								"north": {"uv": [63, 68], "uv_size": [1, 1]},
								"east": {"uv": [68, 63], "uv_size": [1, 1]},
								"south": {"uv": [64, 68], "uv_size": [1, 1]},
								"west": {"uv": [68, 64], "uv_size": [1, 1]},
								"up": {"uv": [65, 68], "uv_size": [1, 1]},
								"down": {"uv": [68, 66], "uv_size": [1, -1]}
							}
						},
						{
							"origin": [3.5, 28.4, -4.5],
							"size": [0.5, 2.8, 0.6],
							"uv": {
								"north": {"uv": [68, 43], "uv_size": [1, 1]},
								"east": {"uv": [44, 68], "uv_size": [1, 1]},
								"south": {"uv": [68, 44], "uv_size": [1, 1]},
								"west": {"uv": [45, 68], "uv_size": [1, 1]},
								"up": {"uv": [46, 68], "uv_size": [1, 1]},
								"down": {"uv": [47, 69], "uv_size": [1, -1]}
							}
						},
						{
							"origin": [3.5, 28.4, -4.5],
							"size": [0.5, 2.8, 0.6],
							"uv": {
								"north": {"uv": [68, 43], "uv_size": [1, 1]},
								"east": {"uv": [44, 68], "uv_size": [1, 1]},
								"south": {"uv": [68, 44], "uv_size": [1, 1]},
								"west": {"uv": [45, 68], "uv_size": [1, 1]},
								"up": {"uv": [46, 68], "uv_size": [1, 1]},
								"down": {"uv": [47, 69], "uv_size": [1, -1]}
							}
						},
						{
							"origin": [3.1, 28.4, -4.5],
							"size": [0.5, 1.2, 0.6],
							"pivot": [0.6, 27.8, -3.5],
							"rotation": [0, 0, 19],
							"uv": {
								"north": {"uv": [48, 68], "uv_size": [1, 1]},
								"east": {"uv": [49, 68], "uv_size": [1, 1]},
								"south": {"uv": [68, 49], "uv_size": [1, 1]},
								"west": {"uv": [50, 68], "uv_size": [1, 1]},
								"up": {"uv": [68, 50], "uv_size": [1, 1]},
								"down": {"uv": [51, 69], "uv_size": [1, -1]}
							}
						},
						{
							"origin": [2.65775, 26.35044, -4.5],
							"size": [0.5, 1.6, 0.6],
							"pivot": [2.90775, 27.10044, -4.2],
							"rotation": [0.73102, 1.13139, 48.82248],
							"uv": {
								"north": {"uv": [68, 51], "uv_size": [1, 1]},
								"east": {"uv": [68, 52], "uv_size": [1, 1]},
								"south": {"uv": [54, 68], "uv_size": [1, 1]},
								"west": {"uv": [68, 54], "uv_size": [1, 1]},
								"up": {"uv": [55, 68], "uv_size": [1, 1]},
								"down": {"uv": [68, 56], "uv_size": [1, -1]}
							}
						}
					]
				},
				{
					"name": "kozla2",
					"parent": "Head",
					"pivot": [-0.6, 27.8, -4.7],
					"rotation": [0, 180, 0],
					"cubes": [
						{
							"origin": [-0.7, 27.4, -5.7],
							"size": [0.4, 1.2, 0.8],
							"pivot": [-0.6, 27.8, -4.7],
							"rotation": [0, 0, 37],
							"uv": {
								"north": {"uv": [69, 3], "uv_size": [1, 1]},
								"east": {"uv": [4, 69], "uv_size": [1, 1]},
								"south": {"uv": [69, 4], "uv_size": [1, 1]},
								"west": {"uv": [5, 69], "uv_size": [1, 1]},
								"up": {"uv": [69, 5], "uv_size": [1, 1]},
								"down": {"uv": [6, 70], "uv_size": [1, -1]}
							}
						},
						{
							"origin": [-1.1, 28.4, -5.7],
							"size": [0.2, 1.2, 0.6],
							"pivot": [-0.5, 27.7, -4.7],
							"rotation": [0, 0, 69],
							"uv": {
								"north": {"uv": [69, 6], "uv_size": [1, 1]},
								"east": {"uv": [7, 69], "uv_size": [1, 1]},
								"south": {"uv": [69, 7], "uv_size": [1, 1]},
								"west": {"uv": [8, 69], "uv_size": [1, 1]},
								"up": {"uv": [69, 8], "uv_size": [1, 1]},
								"down": {"uv": [9, 70], "uv_size": [1, -1]}
							}
						},
						{
							"origin": [-1.1, 28.3, -5.7],
							"size": [0.4, 1.3, 0.8],
							"pivot": [-0.5, 27.7, -4.7],
							"rotation": [0, 0, 66],
							"uv": {
								"north": {"uv": [69, 9], "uv_size": [1, 1]},
								"east": {"uv": [10, 69], "uv_size": [1, 1]},
								"south": {"uv": [69, 10], "uv_size": [1, 1]},
								"west": {"uv": [11, 69], "uv_size": [1, 1]},
								"up": {"uv": [69, 11], "uv_size": [1, 1]},
								"down": {"uv": [12, 70], "uv_size": [1, -1]}
							}
						},
						{
							"origin": [-0.9, 28.4, -5.8],
							"size": [1.8, 1.2, 0.6],
							"pivot": [-0.5, 27.7, -4.8],
							"rotation": [0, 0, 66],
							"uv": {
								"north": {"uv": [24, 67], "uv_size": [2, 1]},
								"east": {"uv": [69, 39], "uv_size": [1, 1]},
								"south": {"uv": [67, 27], "uv_size": [2, 1]},
								"west": {"uv": [40, 69], "uv_size": [1, 1]},
								"up": {"uv": [32, 67], "uv_size": [2, 1]},
								"down": {"uv": [67, 34], "uv_size": [2, -1]}
							}
						},
						{
							"origin": [-0.6, 27, -5.8],
							"size": [1.8, 1.2, 0.6],
							"pivot": [-0.5, 27.7, -4.8],
							"rotation": [0, 0, 24],
							"uv": {
								"north": {"uv": [34, 67], "uv_size": [2, 1]},
								"east": {"uv": [69, 40], "uv_size": [1, 1]},
								"south": {"uv": [67, 34], "uv_size": [2, 1]},
								"west": {"uv": [41, 69], "uv_size": [1, 1]},
								"up": {"uv": [67, 39], "uv_size": [2, 1]},
								"down": {"uv": [67, 46], "uv_size": [2, -1]}
							}
						},
						{
							"origin": [-3.2, 27.8, -5.8],
							"size": [0.8, 1.2, 0.6],
							"pivot": [0.5, 27.7, -4.8],
							"rotation": [0, 0, -24],
							"uv": {
								"north": {"uv": [36, 67], "uv_size": [-2, 1]},
								"east": {"uv": [42, 69], "uv_size": [-1, 1]},
								"south": {"uv": [69, 34], "uv_size": [-2, 1]},
								"west": {"uv": [70, 40], "uv_size": [-1, 1]},
								"up": {"uv": [69, 39], "uv_size": [-2, 1]},
								"down": {"uv": [69, 46], "uv_size": [-2, -1]}
							}
						},
						{
							"origin": [-0.5, 27, -5.8],
							"size": [0.8, 1.5, 0.6],
							"pivot": [-0.5, 27.7, -4.8],
							"rotation": [0, 0, 24],
							"uv": {
								"north": {"uv": [34, 67], "uv_size": [2, 1]},
								"east": {"uv": [69, 40], "uv_size": [1, 1]},
								"south": {"uv": [67, 34], "uv_size": [2, 1]},
								"west": {"uv": [41, 69], "uv_size": [1, 1]},
								"up": {"uv": [67, 39], "uv_size": [2, 1]},
								"down": {"uv": [67, 46], "uv_size": [2, -1]}
							}
						},
						{
							"origin": [-0.3, 26.4, -5.8],
							"size": [0.8, 1.2, 0.6],
							"pivot": [-0.5, 27.7, -4.8],
							"rotation": [0, 0, 24],
							"uv": {
								"north": {"uv": [34, 67], "uv_size": [2, 1]},
								"east": {"uv": [69, 40], "uv_size": [1, 1]},
								"south": {"uv": [67, 34], "uv_size": [2, 1]},
								"west": {"uv": [41, 69], "uv_size": [1, 1]},
								"up": {"uv": [67, 39], "uv_size": [2, 1]},
								"down": {"uv": [67, 46], "uv_size": [2, -1]}
							}
						},
						{
							"origin": [-2.6, 27.4, -5.8],
							"size": [0.8, 1.2, 0.6],
							"pivot": [0.5, 27.7, -4.8],
							"rotation": [0, 0, -24],
							"uv": {
								"north": {"uv": [36, 67], "uv_size": [-2, 1]},
								"east": {"uv": [42, 69], "uv_size": [-1, 1]},
								"south": {"uv": [69, 34], "uv_size": [-2, 1]},
								"west": {"uv": [70, 40], "uv_size": [-1, 1]},
								"up": {"uv": [69, 39], "uv_size": [-2, 1]},
								"down": {"uv": [69, 46], "uv_size": [-2, -1]}
							}
						},
						{
							"origin": [0.8, 27, -5.8],
							"size": [1.9, 1, 0.6],
							"pivot": [-0.5, 27.7, -4.8],
							"rotation": [0, 0, -26],
							"uv": {
								"north": {"uv": [67, 46], "uv_size": [2, 1]},
								"east": {"uv": [69, 41], "uv_size": [1, 1]},
								"south": {"uv": [67, 47], "uv_size": [2, 1]},
								"west": {"uv": [42, 69], "uv_size": [1, 1]},
								"up": {"uv": [67, 48], "uv_size": [2, 1]},
								"down": {"uv": [50, 68], "uv_size": [2, -1]}
							}
						},
						{
							"origin": [0.3, 25.5, -5.8],
							"size": [1.4, 0.9, 0.6],
							"pivot": [-0.5, 27.7, -4.8],
							"rotation": [0, 0, -52],
							"uv": {
								"north": {"uv": [69, 42], "uv_size": [1, 1]},
								"east": {"uv": [43, 69], "uv_size": [1, 1]},
								"south": {"uv": [69, 43], "uv_size": [1, 1]},
								"west": {"uv": [44, 69], "uv_size": [1, 1]},
								"up": {"uv": [69, 44], "uv_size": [1, 1]},
								"down": {"uv": [45, 70], "uv_size": [1, -1]}
							}
						},
						{
							"origin": [-1.55, 29.3, -5.7],
							"size": [0.5, 0.7, 0.8],
							"pivot": [-0.5, 27.7, -4.7],
							"rotation": [0, 0, 79],
							"uv": {
								"north": {"uv": [69, 12], "uv_size": [1, 1]},
								"east": {"uv": [13, 69], "uv_size": [1, 1]},
								"south": {"uv": [69, 13], "uv_size": [1, 1]},
								"west": {"uv": [14, 69], "uv_size": [1, 1]},
								"up": {"uv": [69, 14], "uv_size": [1, 1]},
								"down": {"uv": [15, 70], "uv_size": [1, -1]}
							}
						},
						{
							"origin": [-0.8, 29.9, -5.7],
							"size": [0.4, 1.2, 0.6],
							"pivot": [-0.5, 27.7, -4.7],
							"rotation": [0, 0, 63.5],
							"uv": {
								"north": {"uv": [69, 15], "uv_size": [1, 1]},
								"east": {"uv": [16, 69], "uv_size": [1, 1]},
								"south": {"uv": [69, 16], "uv_size": [1, 1]},
								"west": {"uv": [17, 69], "uv_size": [1, 1]},
								"up": {"uv": [69, 17], "uv_size": [1, 1]},
								"down": {"uv": [18, 70], "uv_size": [1, -1]}
							}
						},
						{
							"origin": [1.10398, 28.46052, -5.5],
							"size": [0.4, 1.2, 0.6],
							"pivot": [-0.59602, 28.26052, -4.5],
							"rotation": [0, 0, 78.5],
							"uv": {
								"north": {"uv": [69, 15], "uv_size": [1, 1]},
								"east": {"uv": [16, 69], "uv_size": [1, 1]},
								"south": {"uv": [69, 16], "uv_size": [1, 1]},
								"west": {"uv": [17, 69], "uv_size": [1, 1]},
								"up": {"uv": [69, 17], "uv_size": [1, 1]},
								"down": {"uv": [18, 70], "uv_size": [1, -1]}
							}
						},
						{
							"origin": [-2, 29.8, -5.50471],
							"size": [0.4, 1.4, 0.6],
							"pivot": [0.04922, 27.80034, -4.50471],
							"rotation": [0, 0, -78.5],
							"uv": {
								"north": {"uv": [70, 15], "uv_size": [-1, 1]},
								"east": {"uv": [18, 69], "uv_size": [-1, 1]},
								"south": {"uv": [70, 16], "uv_size": [-1, 1]},
								"west": {"uv": [17, 69], "uv_size": [-1, 1]},
								"up": {"uv": [70, 17], "uv_size": [-1, 1]},
								"down": {"uv": [19, 70], "uv_size": [-1, -1]}
							}
						},
						{
							"origin": [-0.2, 30.1, -5.7],
							"size": [0.4, 1.4, 0.8],
							"pivot": [-0.6, 27.8, -4.7],
							"rotation": [0, 0, 49],
							"uv": {
								"north": {"uv": [69, 18], "uv_size": [1, 1]},
								"east": {"uv": [19, 69], "uv_size": [1, 1]},
								"south": {"uv": [69, 19], "uv_size": [1, 1]},
								"west": {"uv": [20, 69], "uv_size": [1, 1]},
								"up": {"uv": [69, 20], "uv_size": [1, 1]},
								"down": {"uv": [21, 70], "uv_size": [1, -1]}
							}
						},
						{
							"origin": [-1.52656, 26.89162, -5.7],
							"size": [0.4, 0.85, 0.8],
							"pivot": [-1.92656, 25.59162, -4.7],
							"rotation": [0, 0, 49],
							"uv": {
								"north": {"uv": [69, 18], "uv_size": [1, 1]},
								"east": {"uv": [19, 69], "uv_size": [1, 1]},
								"south": {"uv": [69, 19], "uv_size": [1, 1]},
								"west": {"uv": [20, 69], "uv_size": [1, 1]},
								"up": {"uv": [69, 20], "uv_size": [1, 1]},
								"down": {"uv": [21, 70], "uv_size": [1, -1]}
							}
						},
						{
							"origin": [-1.27344, 26.89162, -5.7],
							"size": [0.4, 0.8, 0.8],
							"pivot": [-0.47344, 25.59162, -4.7],
							"rotation": [0, 0, -49],
							"uv": {
								"north": {"uv": [70, 18], "uv_size": [-1, 1]},
								"east": {"uv": [21, 69], "uv_size": [-1, 1]},
								"south": {"uv": [70, 19], "uv_size": [-1, 1]},
								"west": {"uv": [20, 69], "uv_size": [-1, 1]},
								"up": {"uv": [70, 20], "uv_size": [-1, 1]},
								"down": {"uv": [22, 70], "uv_size": [-1, -1]}
							}
						},
						{
							"origin": [-0.9, 30.2, -5.7],
							"size": [0.3, 1.2, 0.8],
							"pivot": [-0.6, 27.8, -4.7],
							"rotation": [0, 0, 66],
							"uv": {
								"north": {"uv": [69, 21], "uv_size": [1, 1]},
								"east": {"uv": [22, 69], "uv_size": [1, 1]},
								"south": {"uv": [69, 22], "uv_size": [1, 1]},
								"west": {"uv": [23, 69], "uv_size": [1, 1]},
								"up": {"uv": [69, 23], "uv_size": [1, 1]},
								"down": {"uv": [24, 70], "uv_size": [1, -1]}
							}
						},
						{
							"origin": [2.3, 28.4, -5.7],
							"size": [0.5, 2.6, 0.8],
							"uv": {
								"north": {"uv": [69, 24], "uv_size": [1, 1]},
								"east": {"uv": [25, 69], "uv_size": [1, 1]},
								"south": {"uv": [69, 25], "uv_size": [1, 1]},
								"west": {"uv": [26, 69], "uv_size": [1, 1]},
								"up": {"uv": [69, 26], "uv_size": [1, 1]},
								"down": {"uv": [27, 70], "uv_size": [1, -1]}
							}
						},
						{
							"origin": [-0.92059, 25.94073, -5.7],
							"size": [0.5, 1.7, 0.8],
							"pivot": [-0.67059, 26.74073, -5.3],
							"rotation": [0, 0, -180],
							"uv": {
								"north": {"uv": [69, 24], "uv_size": [1, 1]},
								"east": {"uv": [25, 69], "uv_size": [1, 1]},
								"south": {"uv": [69, 25], "uv_size": [1, 1]},
								"west": {"uv": [26, 69], "uv_size": [1, 1]},
								"up": {"uv": [69, 26], "uv_size": [1, 1]},
								"down": {"uv": [27, 70], "uv_size": [1, -1]}
							}
						},
						{
							"origin": [2.02059, 25.94073, -5.7],
							"size": [0.5, 1.7, 0.8],
							"pivot": [0.27059, 26.74073, -5.3],
							"rotation": [0, 0, 180],
							"uv": {
								"north": {"uv": [70, 24], "uv_size": [-1, 1]},
								"east": {"uv": [27, 69], "uv_size": [-1, 1]},
								"south": {"uv": [70, 25], "uv_size": [-1, 1]},
								"west": {"uv": [26, 69], "uv_size": [-1, 1]},
								"up": {"uv": [70, 26], "uv_size": [-1, 1]},
								"down": {"uv": [28, 70], "uv_size": [-1, -1]}
							}
						},
						{
							"origin": [1.9, 28.4, -5.7],
							"size": [0.5, 1.2, 0.8],
							"pivot": [-0.6, 27.8, -4.7],
							"rotation": [0, 0, 19],
							"uv": {
								"north": {"uv": [69, 27], "uv_size": [1, 1]},
								"east": {"uv": [28, 69], "uv_size": [1, 1]},
								"south": {"uv": [69, 28], "uv_size": [1, 1]},
								"west": {"uv": [29, 69], "uv_size": [1, 1]},
								"up": {"uv": [69, 29], "uv_size": [1, 1]},
								"down": {"uv": [30, 70], "uv_size": [1, -1]}
							}
						},
						{
							"origin": [1.27012, 26.29038, -5.7],
							"size": [0.5, 1.7, 0.8],
							"pivot": [1.67429, 26.96329, -5.3],
							"rotation": [0, 0, 53],
							"uv": {
								"north": {"uv": [69, 30], "uv_size": [1, 1]},
								"east": {"uv": [31, 69], "uv_size": [1, 1]},
								"south": {"uv": [69, 31], "uv_size": [1, 1]},
								"west": {"uv": [32, 69], "uv_size": [1, 1]},
								"up": {"uv": [69, 32], "uv_size": [1, 1]},
								"down": {"uv": [33, 70], "uv_size": [1, -1]}
							}
						}
					]
				},
				{
					"name": "RightArm",
					"parent": "Body",
					"pivot": [-5, 22, 0],
					"cubes": [
						{
							"origin": [-8, 12, -2],
							"size": [4, 12, 4],
							"inflate": 0.15,
							"uv": {
								"north": {"uv": [12, 32], "uv_size": [4, 12]},
								"east": {"uv": [32, 12], "uv_size": [4, 12]},
								"south": {"uv": [32, 24], "uv_size": [4, 12]},
								"west": {"uv": [36, 0], "uv_size": [4, 12]},
								"up": {"uv": [54, 8], "uv_size": [4, 4]},
								"down": {"uv": [12, 58], "uv_size": [4, -4]}
							}
						},
						{
							"origin": [-6.3, 17.2, -2.2],
							"size": [1, 4.2, 4.5],
							"inflate": 0.15,
							"uv": {
								"north": {"uv": [57, 33], "uv_size": [4, 3]},
								"east": {"uv": [54, 12], "uv_size": [5, 3]},
								"south": {"uv": [57, 36], "uv_size": [4, 3]},
								"west": {"uv": [27, 55], "uv_size": [5, 3]},
								"up": {"uv": [8, 49], "uv_size": [4, 5]},
								"down": {"uv": [49, 30], "uv_size": [4, -5]}
							}
						},
						{
							"origin": [-8.1, 17.2, -2.2],
							"size": [2.8, 3.2, 4.5],
							"inflate": 0.15,
							"uv": {
								"north": {"uv": [57, 33], "uv_size": [4, 3]},
								"east": {"uv": [54, 12], "uv_size": [5, 3]},
								"south": {"uv": [57, 36], "uv_size": [4, 3]},
								"west": {"uv": [27, 55], "uv_size": [5, 3]},
								"up": {"uv": [8, 49], "uv_size": [4, 5]},
								"down": {"uv": [49, 30], "uv_size": [4, -5]}
							}
						},
						{
							"origin": [-6.8, 16.2, -1.1],
							"size": [1.8, 2.2, 3.5],
							"inflate": 0.15,
							"uv": {
								"north": {"uv": [9, 5], "uv_size": [5, 3]},
								"east": {"uv": [9, 5], "uv_size": [5, 3]},
								"south": {"uv": [9, 5], "uv_size": [5, 3]},
								"west": {"uv": [9, 5], "uv_size": [5, 3]},
								"up": {"uv": [14, 8], "uv_size": [-5, -3]},
								"down": {"uv": [14, 8], "uv_size": [-5, -3]}
							}
						},
						{
							"origin": [-4.7, 14.2, -2.05],
							"size": [0.8, 2.2, 4.1],
							"inflate": 0.15,
							"uv": {
								"north": {"uv": [57, 33], "uv_size": [4, 3]},
								"east": {"uv": [54, 12], "uv_size": [5, 3]},
								"south": {"uv": [57, 36], "uv_size": [4, 3]},
								"west": {"uv": [27, 55], "uv_size": [5, 3]},
								"up": {"uv": [8, 49], "uv_size": [4, 5]},
								"down": {"uv": [49, 30], "uv_size": [4, -5]}
							}
						},
						{
							"origin": [-6.7, 14.2, -0.05],
							"size": [1.8, 2.5, 2.1],
							"inflate": 0.15,
							"uv": {
								"north": {"uv": [57, 33], "uv_size": [4, 3]},
								"east": {"uv": [54, 12], "uv_size": [5, 3]},
								"south": {"uv": [57, 36], "uv_size": [4, 3]},
								"west": {"uv": [27, 55], "uv_size": [5, 3]},
								"up": {"uv": [8, 49], "uv_size": [4, 5]},
								"down": {"uv": [49, 30], "uv_size": [4, -5]}
							}
						},
						{
							"origin": [-8.2, 13.5, -2.3],
							"size": [4.4, 1, 4.6],
							"uv": {
								"north": {"uv": [31, 69], "uv_size": [4, 1]},
								"east": {"uv": [31, 69], "uv_size": [4, 1]},
								"south": {"uv": [31, 69], "uv_size": [4, 1]},
								"west": {"uv": [31, 69], "uv_size": [4, 1]},
								"up": {"uv": [35, 70], "uv_size": [-4, -1]},
								"down": {"uv": [35, 70], "uv_size": [-4, -1]}
							}
						},
						{
							"origin": [-7.4, 16.3, -2.3],
							"size": [3.9, 0.5, 4.6],
							"inflate": 0.15,
							"pivot": [-4.7, 18.9, 0],
							"rotation": [0, 0, 14],
							"uv": {
								"north": {"uv": [28, 69], "uv_size": [4, 0]},
								"east": {"uv": [28, 69], "uv_size": [4, 0]},
								"south": {"uv": [28, 69], "uv_size": [4, 0]},
								"west": {"uv": [28, 69], "uv_size": [4, 0]},
								"up": {"uv": [32, 69], "uv_size": [-4, 0]},
								"down": {"uv": [32, 69], "uv_size": [-4, 0]}
							}
						},
						{
							"origin": [-6, 21.6, -2.3],
							"size": [3.2, 0.5, 4.6],
							"inflate": 0.15,
							"pivot": [-4.7, 18.9, 0],
							"rotation": [0, 0, -15.5],
							"uv": {
								"north": {"uv": [60, 8], "uv_size": [4, 2]},
								"east": {"uv": [0, 58], "uv_size": [5, 2]},
								"south": {"uv": [19, 60], "uv_size": [4, 2]},
								"west": {"uv": [58, 0], "uv_size": [5, 2]},
								"up": {"uv": [50, 10], "uv_size": [4, 5]},
								"down": {"uv": [27, 55], "uv_size": [4, -5]}
							}
						},
						{
							"origin": [-8.2, 20.7, -2.3],
							"size": [1.7, 0.5, 4.8],
							"inflate": 0.15,
							"uv": {
								"north": {"uv": [56, 21], "uv_size": [1, 2]},
								"east": {"uv": [58, 2], "uv_size": [5, 2]},
								"south": {"uv": [62, 65], "uv_size": [1, 2]},
								"west": {"uv": [58, 4], "uv_size": [5, 2]},
								"up": {"uv": [53, 61], "uv_size": [1, 5]},
								"down": {"uv": [54, 66], "uv_size": [1, -5]}
							}
						},
						{
							"origin": [-8.18709, 17.0474, -2.3],
							"size": [0.1, 0.5, 4.8],
							"inflate": 0.15,
							"uv": {
								"north": {"uv": [35, 68], "uv_size": [1, 1]},
								"east": {"uv": [35, 68], "uv_size": [1, 1]},
								"south": {"uv": [35, 68], "uv_size": [1, 1]},
								"west": {"uv": [35, 68], "uv_size": [1, 1]},
								"up": {"uv": [36, 69], "uv_size": [-1, -1]},
								"down": {"uv": [36, 69], "uv_size": [-1, -1]}
							}
						},
						{
							"origin": [-3.90539, 16.05509, -2.3],
							"size": [0, 0.5, 4.8],
							"inflate": 0.15,
							"uv": {
								"north": {"uv": [35, 68], "uv_size": [1, 1]},
								"east": {"uv": [35, 68], "uv_size": [1, 1]},
								"south": {"uv": [35, 68], "uv_size": [1, 1]},
								"west": {"uv": [35, 68], "uv_size": [1, 1]},
								"up": {"uv": [36, 69], "uv_size": [-1, -1]},
								"down": {"uv": [36, 69], "uv_size": [-1, -1]}
							}
						}
					]
				},
				{
					"name": "LeftArm",
					"parent": "Body",
					"pivot": [5, 22, 0],
					"cubes": [
						{
							"origin": [4, 12, -2],
							"size": [4, 12, 4],
							"inflate": 0.15,
							"uv": {
								"north": {"uv": [16, 32], "uv_size": [-4, 12]},
								"east": {"uv": [40, 0], "uv_size": [-4, 12]},
								"south": {"uv": [36, 24], "uv_size": [-4, 12]},
								"west": {"uv": [36, 12], "uv_size": [-4, 12]},
								"up": {"uv": [58, 8], "uv_size": [-4, 4]},
								"down": {"uv": [16, 58], "uv_size": [-4, -4]}
							}
						},
						{
							"origin": [5.3, 17.2, -2.2],
							"size": [1, 4.2, 4.5],
							"inflate": 0.15,
							"uv": {
								"north": {"uv": [61, 33], "uv_size": [-4, 3]},
								"east": {"uv": [32, 55], "uv_size": [-5, 3]},
								"south": {"uv": [61, 36], "uv_size": [-4, 3]},
								"west": {"uv": [59, 12], "uv_size": [-5, 3]},
								"up": {"uv": [12, 49], "uv_size": [-4, 5]},
								"down": {"uv": [53, 30], "uv_size": [-4, -5]}
							}
						},
						{
							"origin": [5.3, 17.2, -2.2],
							"size": [2.8, 3.2, 4.5],
							"inflate": 0.15,
							"uv": {
								"north": {"uv": [61, 33], "uv_size": [-4, 3]},
								"east": {"uv": [32, 55], "uv_size": [-5, 3]},
								"south": {"uv": [61, 36], "uv_size": [-4, 3]},
								"west": {"uv": [59, 12], "uv_size": [-5, 3]},
								"up": {"uv": [12, 49], "uv_size": [-4, 5]},
								"down": {"uv": [53, 30], "uv_size": [-4, -5]}
							}
						},
						{
							"origin": [5, 16.2, -1.1],
							"size": [1.8, 2.2, 3.5],
							"inflate": 0.15,
							"uv": {
								"north": {"uv": [14, 5], "uv_size": [-5, 3]},
								"east": {"uv": [14, 5], "uv_size": [-5, 3]},
								"south": {"uv": [14, 5], "uv_size": [-5, 3]},
								"west": {"uv": [14, 5], "uv_size": [-5, 3]},
								"up": {"uv": [9, 8], "uv_size": [5, -3]},
								"down": {"uv": [9, 8], "uv_size": [5, -3]}
							}
						},
						{
							"origin": [3.9, 14.2, -2.05],
							"size": [0.8, 2.2, 4.1],
							"inflate": 0.15,
							"uv": {
								"north": {"uv": [61, 33], "uv_size": [-4, 3]},
								"east": {"uv": [32, 55], "uv_size": [-5, 3]},
								"south": {"uv": [61, 36], "uv_size": [-4, 3]},
								"west": {"uv": [59, 12], "uv_size": [-5, 3]},
								"up": {"uv": [12, 49], "uv_size": [-4, 5]},
								"down": {"uv": [53, 30], "uv_size": [-4, -5]}
							}
						},
						{
							"origin": [4.9, 14.2, -0.05],
							"size": [1.8, 2.5, 2.1],
							"inflate": 0.15,
							"uv": {
								"north": {"uv": [61, 33], "uv_size": [-4, 3]},
								"east": {"uv": [32, 55], "uv_size": [-5, 3]},
								"south": {"uv": [61, 36], "uv_size": [-4, 3]},
								"west": {"uv": [59, 12], "uv_size": [-5, 3]},
								"up": {"uv": [12, 49], "uv_size": [-4, 5]},
								"down": {"uv": [53, 30], "uv_size": [-4, -5]}
							}
						},
						{
							"origin": [3.8, 13.5, -2.3],
							"size": [4.4, 1, 4.6],
							"uv": {
								"north": {"uv": [35, 69], "uv_size": [-4, 1]},
								"east": {"uv": [35, 69], "uv_size": [-4, 1]},
								"south": {"uv": [35, 69], "uv_size": [-4, 1]},
								"west": {"uv": [35, 69], "uv_size": [-4, 1]},
								"up": {"uv": [31, 70], "uv_size": [4, -1]},
								"down": {"uv": [31, 70], "uv_size": [4, -1]}
							}
						},
						{
							"origin": [3.5, 16.3, -2.3],
							"size": [3.9, 0.5, 4.6],
							"inflate": 0.15,
							"pivot": [4.7, 18.9, 0],
							"rotation": [0, 0, -14],
							"uv": {
								"north": {"uv": [32, 69], "uv_size": [-4, 0]},
								"east": {"uv": [32, 69], "uv_size": [-4, 0]},
								"south": {"uv": [32, 69], "uv_size": [-4, 0]},
								"west": {"uv": [32, 69], "uv_size": [-4, 0]},
								"up": {"uv": [28, 69], "uv_size": [4, 0]},
								"down": {"uv": [28, 69], "uv_size": [4, 0]}
							}
						},
						{
							"origin": [2.8, 21.6, -2.3],
							"size": [3.2, 0.5, 4.6],
							"inflate": 0.15,
							"pivot": [4.7, 18.9, 0],
							"rotation": [0, 0, 15.5],
							"uv": {
								"north": {"uv": [64, 8], "uv_size": [-4, 2]},
								"east": {"uv": [63, 0], "uv_size": [-5, 2]},
								"south": {"uv": [23, 60], "uv_size": [-4, 2]},
								"west": {"uv": [5, 58], "uv_size": [-5, 2]},
								"up": {"uv": [54, 10], "uv_size": [-4, 5]},
								"down": {"uv": [31, 55], "uv_size": [-4, -5]}
							}
						},
						{
							"origin": [6.5, 20.7, -2.3],
							"size": [1.7, 0.5, 4.8],
							"inflate": 0.15,
							"uv": {
								"north": {"uv": [57, 21], "uv_size": [-1, 2]},
								"east": {"uv": [63, 4], "uv_size": [-5, 2]},
								"south": {"uv": [63, 65], "uv_size": [-1, 2]},
								"west": {"uv": [63, 2], "uv_size": [-5, 2]},
								"up": {"uv": [54, 61], "uv_size": [-1, 5]},
								"down": {"uv": [55, 66], "uv_size": [-1, -5]}
							}
						},
						{
							"origin": [8.08709, 17.0474, -2.3],
							"size": [0.1, 0.5, 4.8],
							"inflate": 0.15,
							"uv": {
								"north": {"uv": [36, 68], "uv_size": [-1, 1]},
								"east": {"uv": [36, 68], "uv_size": [-1, 1]},
								"south": {"uv": [36, 68], "uv_size": [-1, 1]},
								"west": {"uv": [36, 68], "uv_size": [-1, 1]},
								"up": {"uv": [35, 69], "uv_size": [1, -1]},
								"down": {"uv": [35, 69], "uv_size": [1, -1]}
							}
						},
						{
							"origin": [3.90539, 16.05509, -2.3],
							"size": [0, 0.5, 4.8],
							"inflate": 0.15,
							"uv": {
								"north": {"uv": [36, 68], "uv_size": [-1, 1]},
								"east": {"uv": [36, 68], "uv_size": [-1, 1]},
								"south": {"uv": [36, 68], "uv_size": [-1, 1]},
								"west": {"uv": [36, 68], "uv_size": [-1, 1]},
								"up": {"uv": [35, 69], "uv_size": [1, -1]},
								"down": {"uv": [35, 69], "uv_size": [1, -1]}
							}
						}
					]
				}
			]
		}
	]
}