{
	"format_version": "1.12.0",
	"minecraft:geometry": [
		{
			"description": {
				"identifier": "geometry.yerdagichaqmoq",
				"texture_width": 16,
				"texture_height": 16,
				"visible_bounds_width": 7,
				"visible_bounds_height": 1.5,
				"visible_bounds_offset": [0, 0.25, 0]
			},
			"bones": [
				{
					"name": "tomir",
					"pivot": [0, 0, 0],
					"cubes": [
						{
							"origin": [-44, 0.7, -43],
							"size": [88, 0.3, 86],
							"uv": {
								"north": {"uv": [0, 16], "uv_size": [0, 0]},
								"east": {"uv": [0, 16], "uv_size": [0, 0]},
								"south": {"uv": [0, 16], "uv_size": [0, 0]},
								"west": {"uv": [0, 16], "uv_size": [0, 0]},
								"up": {"uv": [16, 0], "uv_size": [-16, 16]},
								"down": {"uv": [16, 16], "uv_size": [-16, -16]}
							}
						}
					]
				}
			]
		}
	]
}