{
	"format_version": "1.12.0",
	"minecraft:geometry": [
		{
			"description": {
				"identifier": "geometry.zdaroviy",
				"texture_width": 64,
				"texture_height": 64,
				"visible_bounds_width": 3,
				"visible_bounds_height": 3.5,
				"visible_bounds_offset": [0, 1.25, 0]
			},
			"bones": [
				{
					"name": "root",
					"pivot": [0, 0, 0]
				},
				{
					"name": "RightLeg",
					"parent": "root",
					"pivot": [-1.9, 12, 0],
					"cubes": [
						{
							"origin": [-4.386, 5.002, -2.258],
							"size": [4.516, 6.756, 4.516],
							"inflate": 0.15,
							"pivot": [-2.128, 12.38, 0],
							"rotation": [-2.5, 22.5, 0],
							"uv": {
								"north": {"uv": [4, 20], "uv_size": [4, 5.5]},
								"east": {"uv": [0, 20], "uv_size": [4, 5.5]},
								"south": {"uv": [12, 20], "uv_size": [4, 5.5]},
								"west": {"uv": [8, 20], "uv_size": [4, 5.5]},
								"up": {"uv": [4, 16], "uv_size": [4, 4]},
								"down": {"uv": [8, 20], "uv_size": [4, -4]}
							}
						},
						{
							"origin": [-4.386, 5.002, -2.258],
							"size": [4.516, 6.756, 4.516],
							"inflate": 0.35,
							"pivot": [-2.128, 12.38, 0],
							"rotation": [-2.5, 22.5, 0],
							"uv": {
								"north": {"uv": [4, 36], "uv_size": [4, 5.5]},
								"east": {"uv": [0, 36], "uv_size": [4, 5.5]},
								"south": {"uv": [12, 36], "uv_size": [4, 5.5]},
								"west": {"uv": [8, 36], "uv_size": [4, 5.5]},
								"up": {"uv": [4, 32], "uv_size": [4, 4]},
								"down": {"uv": [8, 36], "uv_size": [4, -4]}
							}
						},
						{
							"origin": [-3.9, 0, -2],
							"size": [4, 6, 4],
							"inflate": 0.15,
							"pivot": [-1.9, 3, 0],
							"rotation": [0, 22.5, 0],
							"uv": {
								"north": {"uv": [4, 25], "uv_size": [4, 6.5]},
								"east": {"uv": [0, 25], "uv_size": [4, 6.5]},
								"south": {"uv": [12, 25], "uv_size": [4, 6.5]},
								"west": {"uv": [8, 25], "uv_size": [4, 6.5]},
								"up": {"uv": [4, 16], "uv_size": [4, 4]},
								"down": {"uv": [8, 20], "uv_size": [4, -4]}
							}
						},
						{
							"origin": [-3.9, 0, -2],
							"size": [4, 6, 4],
							"inflate": 0.35,
							"pivot": [-1.9, 3, 0],
							"rotation": [0, 22.5, 0],
							"uv": {
								"north": {"uv": [4, 41], "uv_size": [4, 6.5]},
								"east": {"uv": [0, 41], "uv_size": [4, 6.5]},
								"south": {"uv": [12, 41], "uv_size": [4, 6.5]},
								"west": {"uv": [8, 41], "uv_size": [4, 6.5]},
								"up": {"uv": [4, 32], "uv_size": [4, 4]},
								"down": {"uv": [8, 36], "uv_size": [4, -4]}
							}
						},
						{
							"origin": [-3.9, 0, -3.6],
							"size": [4, 1.6, 2.6],
							"inflate": 0.15,
							"pivot": [-1.9, 3, 0],
							"rotation": [0, 22.5, 0],
							"uv": {
								"north": {"uv": [4, 29.5], "uv_size": [4, 2]},
								"east": {"uv": [0, 29.5], "uv_size": [4, 2]},
								"south": {"uv": [12, 29.5], "uv_size": [4, 2]},
								"west": {"uv": [8, 29.5], "uv_size": [4, 2]},
								"up": {"uv": [4, 16], "uv_size": [4, 4]},
								"down": {"uv": [8, 20], "uv_size": [4, -4]}
							}
						}
					]
				},
				{
					"name": "LeftLeg",
					"parent": "root",
					"pivot": [1.9, 12, 0],
					"cubes": [
						{
							"origin": [-0.13, 5.002, -2.258],
							"size": [4.516, 6.756, 4.516],
							"inflate": 0.15,
							"pivot": [2.128, 12.38, 0],
							"rotation": [-2.5, -22.5, 0],
							"uv": {
								"north": {"uv": [8, 20], "uv_size": [-4, 5.5]},
								"east": {"uv": [12, 20], "uv_size": [-4, 5.5]},
								"south": {"uv": [16, 20], "uv_size": [-4, 5.5]},
								"west": {"uv": [4, 20], "uv_size": [-4, 5.5]},
								"up": {"uv": [8, 16], "uv_size": [-4, 4]},
								"down": {"uv": [12, 20], "uv_size": [-4, -4]}
							}
						},
						{
							"origin": [-0.13, 5.002, -2.258],
							"size": [4.516, 6.756, 4.516],
							"inflate": 0.35,
							"pivot": [2.128, 12.38, 0],
							"rotation": [-2.5, -22.5, 0],
							"uv": {
								"north": {"uv": [8, 36], "uv_size": [-4, 5.5]},
								"east": {"uv": [12, 36], "uv_size": [-4, 5.5]},
								"south": {"uv": [16, 36], "uv_size": [-4, 5.5]},
								"west": {"uv": [4, 36], "uv_size": [-4, 5.5]},
								"up": {"uv": [8, 32], "uv_size": [-4, 4]},
								"down": {"uv": [12, 36], "uv_size": [-4, -4]}
							}
						},
						{
							"origin": [-0.1, 0, -2],
							"size": [4, 6, 4],
							"inflate": 0.15,
							"pivot": [1.9, 3, 0],
							"rotation": [0, -22.5, 0],
							"uv": {
								"north": {"uv": [8, 25], "uv_size": [-4, 6.5]},
								"east": {"uv": [12, 25], "uv_size": [-4, 6.5]},
								"south": {"uv": [16, 25], "uv_size": [-4, 6.5]},
								"west": {"uv": [4, 25], "uv_size": [-4, 6.5]},
								"up": {"uv": [8, 16], "uv_size": [-4, 4]},
								"down": {"uv": [12, 20], "uv_size": [-4, -4]}
							}
						},
						{
							"origin": [-0.1, 0, -2],
							"size": [4, 6, 4],
							"inflate": 0.35,
							"pivot": [1.9, 3, 0],
							"rotation": [0, -22.5, 0],
							"uv": {
								"north": {"uv": [8, 41], "uv_size": [-4, 6.5]},
								"east": {"uv": [12, 41], "uv_size": [-4, 6.5]},
								"south": {"uv": [16, 41], "uv_size": [-4, 6.5]},
								"west": {"uv": [4, 41], "uv_size": [-4, 6.5]},
								"up": {"uv": [8, 32], "uv_size": [-4, 4]},
								"down": {"uv": [12, 36], "uv_size": [-4, -4]}
							}
						},
						{
							"origin": [-0.1, 0, -3.6],
							"size": [4, 1.6, 2.6],
							"inflate": 0.15,
							"pivot": [1.9, 3, 0],
							"rotation": [0, -22.5, 0],
							"uv": {
								"north": {"uv": [8, 29.5], "uv_size": [-4, 2]},
								"east": {"uv": [12, 29.5], "uv_size": [-4, 2]},
								"south": {"uv": [16, 29.5], "uv_size": [-4, 2]},
								"west": {"uv": [4, 29.5], "uv_size": [-4, 2]},
								"up": {"uv": [8, 16], "uv_size": [-4, 4]},
								"down": {"uv": [12, 20], "uv_size": [-4, -4]}
							}
						}
					]
				},
				{
					"name": "waist",
					"parent": "root",
					"pivot": [0, 0, 0]
				},
				{
					"name": "Body",
					"parent": "waist",
					"pivot": [0, 24, 0],
					"cubes": [
						{
							"origin": [-4, 12, -2],
							"size": [8, 8, 4],
							"inflate": 0.15,
							"uv": {
								"north": {"uv": [20, 26], "uv_size": [8, 6]},
								"east": {"uv": [16, 26], "uv_size": [4, 6]},
								"south": {"uv": [32, 26], "uv_size": [8, 6]},
								"west": {"uv": [28, 26], "uv_size": [4, 6]},
								"up": {"uv": [20, 22], "uv_size": [8, 4]},
								"down": {"uv": [28, 26], "uv_size": [8, -4]}
							}
						},
						{
							"origin": [-4, 12, -2],
							"size": [8, 6, 4],
							"inflate": 0.35,
							"uv": {
								"north": {"uv": [20, 42], "uv_size": [8, 6]},
								"east": {"uv": [16, 42], "uv_size": [4, 6]},
								"south": {"uv": [32, 42], "uv_size": [8, 6]},
								"west": {"uv": [28, 42], "uv_size": [4, 6]},
								"up": {"uv": [20, 38], "uv_size": [8, 4]},
								"down": {"uv": [28, 42], "uv_size": [8, -4]}
							}
						},
						{
							"origin": [-5.6, 19.7, -2.9],
							"size": [11.2, 8.5, 5.8],
							"inflate": 0.15,
							"pivot": [0, 21, 0],
							"rotation": [8, 0, 0],
							"uv": {
								"north": {"uv": [20, 20], "uv_size": [8, 6]},
								"east": {"uv": [16, 20], "uv_size": [4, 6]},
								"south": {"uv": [32, 20], "uv_size": [8, 6]},
								"west": {"uv": [28, 20], "uv_size": [4, 6]},
								"up": {"uv": [20, 16], "uv_size": [8, 4]},
								"down": {"uv": [28, 20], "uv_size": [8, -4]}
							}
						},
						{
							"origin": [-5.6, 19.7, -2.9],
							"size": [11.2, 8.5, 5.8],
							"inflate": 0.55,
							"pivot": [0, 21, 0],
							"rotation": [8, 0, 0],
							"uv": {
								"north": {"uv": [20, 36], "uv_size": [8, 6]},
								"east": {"uv": [16, 36], "uv_size": [4, 6]},
								"south": {"uv": [32, 36], "uv_size": [8, 6]},
								"west": {"uv": [28, 36], "uv_size": [4, 6]},
								"up": {"uv": [20, 32], "uv_size": [8, 4]},
								"down": {"uv": [28, 36], "uv_size": [8, -4]}
							}
						}
					]
				},
				{
					"name": "Head",
					"parent": "Body",
					"pivot": [0, 28.5, -1],
					"cubes": [
						{
							"origin": [-4, 28.5, -5],
							"size": [8, 8, 8],
							"inflate": 0.15,
							"uv": {
								"north": {"uv": [8, 8], "uv_size": [8, 8]},
								"east": {"uv": [0, 8], "uv_size": [8, 8]},
								"south": {"uv": [24, 8], "uv_size": [8, 8]},
								"west": {"uv": [16, 8], "uv_size": [8, 8]},
								"up": {"uv": [8, 0], "uv_size": [8, 8]},
								"down": {"uv": [16, 8], "uv_size": [8, -8]}
							}
						},
						{
							"origin": [-4, 28.5, -5],
							"size": [8, 8, 8],
							"inflate": 0.35,
							"uv": {
								"north": {"uv": [40, 8], "uv_size": [8, 8]},
								"east": {"uv": [32, 8], "uv_size": [8, 8]},
								"south": {"uv": [56, 8], "uv_size": [8, 8]},
								"west": {"uv": [48, 8], "uv_size": [8, 8]},
								"up": {"uv": [40, 0], "uv_size": [8, 8]},
								"down": {"uv": [48, 8], "uv_size": [8, -8]}
							}
						}
					]
				},
				{
					"name": "RightArm",
					"parent": "Body",
					"pivot": [-6, 26.75, 0],
					"rotation": [-0.15119, -1.34575, 5.18855],
					"cubes": [
						{
							"origin": [-9.82787, 20.77188, -2.27748],
							"size": [4.559, 7.654, 4.559],
							"inflate": 0.15,
							"uv": {
								"north": {"uv": [44.15, 20], "uv_size": [3.85, 6.35]},
								"east": {"uv": [40.15, 20], "uv_size": [3.85, 6.35]},
								"south": {"uv": [52.15, 20], "uv_size": [3.85, 6.35]},
								"west": {"uv": [48.15, 20], "uv_size": [3.85, 6.35]},
								"up": {"uv": [44, 16], "uv_size": [4, 4]},
								"down": {"uv": [48, 20], "uv_size": [4, -4]}
							}
						},
						{
							"origin": [-9.82935, 13.13677, -2.47437],
							"size": [4.559, 7.854, 4.559],
							"inflate": 0.15,
							"pivot": [0.55845, 19.9844, -0.16323],
							"rotation": [-9.95524, 0.91965, 0.15678],
							"uv": {
								"north": {"uv": [44, 26], "uv_size": [4, 6]},
								"east": {"uv": [40, 26], "uv_size": [4, 6]},
								"south": {"uv": [52, 26], "uv_size": [4, 6]},
								"west": {"uv": [48, 26], "uv_size": [4, 6]},
								"up": {"uv": [44, 16], "uv_size": [4, 4]},
								"down": {"uv": [48, 20], "uv_size": [4, -4]}
							}
						},
						{
							"origin": [-9.82935, 13.13677, -2.47437],
							"size": [4.559, 7.854, 4.559],
							"inflate": 0.35,
							"pivot": [0.55845, 19.9844, -0.16323],
							"rotation": [-9.95524, 0.91965, 0.15678],
							"uv": {
								"north": {"uv": [52, 58], "uv_size": [4, 6]},
								"east": {"uv": [48, 58], "uv_size": [4, 6]},
								"south": {"uv": [60, 58], "uv_size": [4, 6]},
								"west": {"uv": [56, 58], "uv_size": [4, 6]},
								"up": {"uv": [52, 48], "uv_size": [4, 4]},
								"down": {"uv": [56, 52], "uv_size": [4, -4]}
							}
						},
						{
							"origin": [-9.82787, 20.77188, -2.27748],
							"size": [4.559, 7.654, 4.559],
							"inflate": 0.35,
							"uv": {
								"north": {"uv": [52.15, 52.2], "uv_size": [3.85, 6.35]},
								"east": {"uv": [48.15, 52.2], "uv_size": [3.85, 6.35]},
								"south": {"uv": [60.15, 52.2], "uv_size": [3.85, 6.35]},
								"west": {"uv": [56.15, 52.2], "uv_size": [3.85, 6.35]},
								"up": {"uv": [52, 48.2], "uv_size": [4, 4]},
								"down": {"uv": [56, 52.2], "uv_size": [4, -4]}
							}
						}
					]
				},
				{
					"name": "rightitem",
					"parent": "RightArm",
					"pivot": [-7.44155, 14.9844, -0.16323]
				},
				{
					"name": "LeftArm",
					"parent": "Body",
					"pivot": [6, 27, 0],
					"rotation": [0, 0, -2.5],
					"cubes": [
						{
							"origin": [5.45602, 21.00931, -2.2795],
							"size": [4.559, 7.654, 4.559],
							"inflate": 0.15,
							"uv": {
								"north": {"uv": [48, 20], "uv_size": [-3.85, 6.35]},
								"east": {"uv": [52, 20], "uv_size": [-3.85, 6.35]},
								"south": {"uv": [56, 20], "uv_size": [-3.85, 6.35]},
								"west": {"uv": [44, 20], "uv_size": [-3.85, 6.35]},
								"up": {"uv": [48, 16], "uv_size": [-4, 4]},
								"down": {"uv": [52, 20], "uv_size": [-4, -4]}
							}
						},
						{
							"origin": [5.45451, 13.37461, -2.47646],
							"size": [4.559, 7.854, 4.559],
							"inflate": 0.15,
							"pivot": [-0.39177, 19.94133, -0.027],
							"rotation": [-9.99067, -0.43399, 0.03793],
							"uv": {
								"north": {"uv": [39.85, 58], "uv_size": [-4, 6]},
								"east": {"uv": [35.85, 58], "uv_size": [-4, 6]},
								"south": {"uv": [47.85, 58], "uv_size": [-4, 6]},
								"west": {"uv": [43.85, 58], "uv_size": [-4, 6]},
								"up": {"uv": [39.85, 48], "uv_size": [-4, 4]},
								"down": {"uv": [43.85, 52], "uv_size": [-4, -4]}
							}
						},
						{
							"origin": [5.45451, 13.37461, -2.47646],
							"size": [4.559, 7.854, 4.559],
							"inflate": 0.35,
							"pivot": [-0.39177, 19.94133, -0.027],
							"rotation": [-9.99067, -0.43399, 0.03793],
							"uv": {
								"north": {"uv": [56, 58], "uv_size": [-4, 6]},
								"east": {"uv": [52, 58], "uv_size": [-4, 6]},
								"south": {"uv": [64, 58], "uv_size": [-4, 6]},
								"west": {"uv": [60, 58], "uv_size": [-4, 6]},
								"up": {"uv": [56, 48], "uv_size": [-4, 4]},
								"down": {"uv": [60, 52], "uv_size": [-4, -4]}
							}
						},
						{
							"origin": [5.45602, 21.00931, -2.2795],
							"size": [4.559, 7.654, 4.559],
							"inflate": 0.35,
							"uv": {
								"north": {"uv": [56, 52.2], "uv_size": [-3.85, 6.35]},
								"east": {"uv": [60, 52.2], "uv_size": [-3.85, 6.35]},
								"south": {"uv": [64, 52.2], "uv_size": [-3.85, 6.35]},
								"west": {"uv": [52, 52.2], "uv_size": [-3.85, 6.35]},
								"up": {"uv": [56, 48.2], "uv_size": [-4, 4]},
								"down": {"uv": [60, 52.2], "uv_size": [-4, -4]}
							}
						}
					]
				}
			]
		}
	]
}