{
	"format_version": "1.12.0",
	"minecraft:geometry": [
		{
			"description": {
				"identifier": "geometry.mc_webzipfast",
				"texture_width": 32,
				"texture_height": 32,
				"visible_bounds_width": 3,
				"visible_bounds_height": 3.5,
				"visible_bounds_offset": [0, 1.25, 0]
			},
			"bones": [
				{
					"name": "root",
					"pivot": [0, 0, 0]
				},
				{
					"name": "waist",
					"parent": "root",
					"pivot": [0, 0, 0]
				},
				{
					"name": "Body",
					"parent": "waist",
					"pivot": [0, 24, 0]
				},
				{
					"name": "RightArm",
					"parent": "Body",
					"pivot": [-5, 22, 0]
				},
				{
					"name": "veb",
					"parent": "RightArm",
					"pivot": [-6, 21, 0],
					"cubes": [
						{
							"origin": [-6.3, 20.5, -0.4],
							"size": [0.6, 0.5, 0.8],
							"uv": {
								"north": {"uv": [0, 0], "uv_size": [32, 32]},
								"east": {"uv": [0, 0], "uv_size": [32, 32]},
								"south": {"uv": [0, 0], "uv_size": [32, 32]},
								"west": {"uv": [0, 0], "uv_size": [32, 32]},
								"up": {"uv": [32, 32], "uv_size": [-32, -32]},
								"down": {"uv": [32, 32], "uv_size": [-32, -32]}
							}
						},
						{
							"origin": [-6.3, 20.3, -0.4],
							"size": [0.6, 0.5, 0.8],
							"pivot": [-6, 20.55, 0],
							"rotation": [0, 46, 0],
							"uv": {
								"north": {"uv": [0, 0], "uv_size": [32, 32]},
								"east": {"uv": [0, 0], "uv_size": [32, 32]},
								"south": {"uv": [0, 0], "uv_size": [32, 32]},
								"west": {"uv": [0, 0], "uv_size": [32, 32]},
								"up": {"uv": [32, 32], "uv_size": [-32, -32]},
								"down": {"uv": [32, 32], "uv_size": [-32, -32]}
							}
						},
						{
							"origin": [-6.3, 19.9, -0.4],
							"size": [0.6, 0.5, 0.8],
							"pivot": [-6, 20.15, 0],
							"rotation": [0, 69, 0],
							"uv": {
								"north": {"uv": [0, 0], "uv_size": [32, 32]},
								"east": {"uv": [0, 0], "uv_size": [32, 32]},
								"south": {"uv": [0, 0], "uv_size": [32, 32]},
								"west": {"uv": [0, 0], "uv_size": [32, 32]},
								"up": {"uv": [32, 32], "uv_size": [-32, -32]},
								"down": {"uv": [32, 32], "uv_size": [-32, -32]}
							}
						},
						{
							"origin": [-6.3, 19.6, -0.4],
							"size": [0.6, 0.5, 0.8],
							"pivot": [-6, 19.85, 0],
							"rotation": [0, 79, 0],
							"uv": {
								"north": {"uv": [0, 0], "uv_size": [32, 32]},
								"east": {"uv": [0, 0], "uv_size": [32, 32]},
								"south": {"uv": [0, 0], "uv_size": [32, 32]},
								"west": {"uv": [0, 0], "uv_size": [32, 32]},
								"up": {"uv": [32, 32], "uv_size": [-32, -32]},
								"down": {"uv": [32, 32], "uv_size": [-32, -32]}
							}
						},
						{
							"origin": [-6.3, 19.2, -0.4],
							"size": [0.6, 0.5, 0.8],
							"pivot": [-6, 19.45, 0],
							"rotation": [0, 39, 0],
							"uv": {
								"north": {"uv": [0, 0], "uv_size": [32, 32]},
								"east": {"uv": [0, 0], "uv_size": [32, 32]},
								"south": {"uv": [0, 0], "uv_size": [32, 32]},
								"west": {"uv": [0, 0], "uv_size": [32, 32]},
								"up": {"uv": [32, 32], "uv_size": [-32, -32]},
								"down": {"uv": [32, 32], "uv_size": [-32, -32]}
							}
						},
						{
							"origin": [-6.3, 18.8, -0.4],
							"size": [0.6, 0.5, 0.8],
							"pivot": [-6, 19.05, 0],
							"rotation": [0, -4, 0],
							"uv": {
								"north": {"uv": [0, 0], "uv_size": [32, 32]},
								"east": {"uv": [0, 0], "uv_size": [32, 32]},
								"south": {"uv": [0, 0], "uv_size": [32, 32]},
								"west": {"uv": [0, 0], "uv_size": [32, 32]},
								"up": {"uv": [32, 32], "uv_size": [-32, -32]},
								"down": {"uv": [32, 32], "uv_size": [-32, -32]}
							}
						},
						{
							"origin": [-6.3, 18.4, -0.4],
							"size": [0.6, 0.5, 0.8],
							"pivot": [-6, 18.65, 0],
							"rotation": [0, -42, 0],
							"uv": {
								"north": {"uv": [0, 0], "uv_size": [32, 32]},
								"east": {"uv": [0, 0], "uv_size": [32, 32]},
								"south": {"uv": [0, 0], "uv_size": [32, 32]},
								"west": {"uv": [0, 0], "uv_size": [32, 32]},
								"up": {"uv": [32, 32], "uv_size": [-32, -32]},
								"down": {"uv": [32, 32], "uv_size": [-32, -32]}
							}
						},
						{
							"origin": [-6.3, 18.1, -0.4],
							"size": [0.6, 0.5, 0.8],
							"pivot": [-6, 18.35, 0],
							"rotation": [0, -76, 0],
							"uv": {
								"north": {"uv": [0, 0], "uv_size": [32, 32]},
								"east": {"uv": [0, 0], "uv_size": [32, 32]},
								"south": {"uv": [0, 0], "uv_size": [32, 32]},
								"west": {"uv": [0, 0], "uv_size": [32, 32]},
								"up": {"uv": [32, 32], "uv_size": [-32, -32]},
								"down": {"uv": [32, 32], "uv_size": [-32, -32]}
							}
						},
						{
							"origin": [-6.3, 16.2, -0.4],
							"size": [0.6, 0.5, 0.8],
							"pivot": [-6, 16.45, 0],
							"rotation": [-180, -86, 180],
							"uv": {
								"north": {"uv": [0, 0], "uv_size": [32, 32]},
								"east": {"uv": [0, 0], "uv_size": [32, 32]},
								"south": {"uv": [0, 0], "uv_size": [32, 32]},
								"west": {"uv": [0, 0], "uv_size": [32, 32]},
								"up": {"uv": [32, 32], "uv_size": [-32, -32]},
								"down": {"uv": [32, 32], "uv_size": [-32, -32]}
							}
						},
						{
							"origin": [-6.3, 16.5, -0.4],
							"size": [0.6, 0.5, 0.8],
							"pivot": [-6, 16.75, 0],
							"rotation": [0, -60, 0],
							"uv": {
								"north": {"uv": [0, 0], "uv_size": [32, 32]},
								"east": {"uv": [0, 0], "uv_size": [32, 32]},
								"south": {"uv": [0, 0], "uv_size": [32, 32]},
								"west": {"uv": [0, 0], "uv_size": [32, 32]},
								"up": {"uv": [32, 32], "uv_size": [-32, -32]},
								"down": {"uv": [32, 32], "uv_size": [-32, -32]}
							}
						},
						{
							"origin": [-6.3, 16.9, -0.4],
							"size": [0.6, 0.5, 0.8],
							"pivot": [-6, 17.15, 0],
							"rotation": [0, -22, 0],
							"uv": {
								"north": {"uv": [0, 0], "uv_size": [32, 32]},
								"east": {"uv": [0, 0], "uv_size": [32, 32]},
								"south": {"uv": [0, 0], "uv_size": [32, 32]},
								"west": {"uv": [0, 0], "uv_size": [32, 32]},
								"up": {"uv": [32, 32], "uv_size": [-32, -32]},
								"down": {"uv": [32, 32], "uv_size": [-32, -32]}
							}
						},
						{
							"origin": [-6.3, 17.3, -0.4],
							"size": [0.6, 0.5, 0.8],
							"pivot": [-6, 17.55, 0],
							"rotation": [0, 21, 0],
							"uv": {
								"north": {"uv": [0, 0], "uv_size": [32, 32]},
								"east": {"uv": [0, 0], "uv_size": [32, 32]},
								"south": {"uv": [0, 0], "uv_size": [32, 32]},
								"west": {"uv": [0, 0], "uv_size": [32, 32]},
								"up": {"uv": [32, 32], "uv_size": [-32, -32]},
								"down": {"uv": [32, 32], "uv_size": [-32, -32]}
							}
						},
						{
							"origin": [-6.3, 17.7, -0.4],
							"size": [0.6, 0.5, 0.8],
							"pivot": [-6, 17.95, 0],
							"rotation": [0, 61, 0],
							"uv": {
								"north": {"uv": [0, 0], "uv_size": [32, 32]},
								"east": {"uv": [0, 0], "uv_size": [32, 32]},
								"south": {"uv": [0, 0], "uv_size": [32, 32]},
								"west": {"uv": [0, 0], "uv_size": [32, 32]},
								"up": {"uv": [32, 32], "uv_size": [-32, -32]},
								"down": {"uv": [32, 32], "uv_size": [-32, -32]}
							}
						},
						{
							"origin": [-6.3, 14.3, -0.4],
							"size": [0.6, 0.5, 0.8],
							"pivot": [-6, 14.55, 0],
							"rotation": [-180, -76, 180],
							"uv": {
								"north": {"uv": [0, 0], "uv_size": [32, 32]},
								"east": {"uv": [0, 0], "uv_size": [32, 32]},
								"south": {"uv": [0, 0], "uv_size": [32, 32]},
								"west": {"uv": [0, 0], "uv_size": [32, 32]},
								"up": {"uv": [32, 32], "uv_size": [-32, -32]},
								"down": {"uv": [32, 32], "uv_size": [-32, -32]}
							}
						},
						{
							"origin": [-6.3, 14.6, -0.4],
							"size": [0.6, 0.5, 0.8],
							"pivot": [-6, 14.85, 0],
							"rotation": [0, -70, 0],
							"uv": {
								"north": {"uv": [0, 0], "uv_size": [32, 32]},
								"east": {"uv": [0, 0], "uv_size": [32, 32]},
								"south": {"uv": [0, 0], "uv_size": [32, 32]},
								"west": {"uv": [0, 0], "uv_size": [32, 32]},
								"up": {"uv": [32, 32], "uv_size": [-32, -32]},
								"down": {"uv": [32, 32], "uv_size": [-32, -32]}
							}
						},
						{
							"origin": [-6.3, 15, -0.4],
							"size": [0.6, 0.5, 0.8],
							"pivot": [-6, 15.25, 0],
							"rotation": [0, -32, 0],
							"uv": {
								"north": {"uv": [0, 0], "uv_size": [32, 32]},
								"east": {"uv": [0, 0], "uv_size": [32, 32]},
								"south": {"uv": [0, 0], "uv_size": [32, 32]},
								"west": {"uv": [0, 0], "uv_size": [32, 32]},
								"up": {"uv": [32, 32], "uv_size": [-32, -32]},
								"down": {"uv": [32, 32], "uv_size": [-32, -32]}
							}
						},
						{
							"origin": [-6.3, 15.4, -0.4],
							"size": [0.6, 0.5, 0.8],
							"pivot": [-6, 15.65, 0],
							"rotation": [0, 11, 0],
							"uv": {
								"north": {"uv": [0, 0], "uv_size": [32, 32]},
								"east": {"uv": [0, 0], "uv_size": [32, 32]},
								"south": {"uv": [0, 0], "uv_size": [32, 32]},
								"west": {"uv": [0, 0], "uv_size": [32, 32]},
								"up": {"uv": [32, 32], "uv_size": [-32, -32]},
								"down": {"uv": [32, 32], "uv_size": [-32, -32]}
							}
						},
						{
							"origin": [-6.3, 15.8, -0.4],
							"size": [0.6, 0.5, 0.8],
							"pivot": [-6, 16.05, 0],
							"rotation": [0, 51, 0],
							"uv": {
								"north": {"uv": [0, 0], "uv_size": [32, 32]},
								"east": {"uv": [0, 0], "uv_size": [32, 32]},
								"south": {"uv": [0, 0], "uv_size": [32, 32]},
								"west": {"uv": [0, 0], "uv_size": [32, 32]},
								"up": {"uv": [32, 32], "uv_size": [-32, -32]},
								"down": {"uv": [32, 32], "uv_size": [-32, -32]}
							}
						},
						{
							"origin": [-6.3, 12.5, -0.4],
							"size": [0.6, 0.5, 0.8],
							"pivot": [-6, 12.75, 0],
							"rotation": [-180, -67, 180],
							"uv": {
								"north": {"uv": [0, 0], "uv_size": [32, 32]},
								"east": {"uv": [0, 0], "uv_size": [32, 32]},
								"south": {"uv": [0, 0], "uv_size": [32, 32]},
								"west": {"uv": [0, 0], "uv_size": [32, 32]},
								"up": {"uv": [32, 32], "uv_size": [-32, -32]},
								"down": {"uv": [32, 32], "uv_size": [-32, -32]}
							}
						},
						{
							"origin": [-6.3, 12.8, -0.4],
							"size": [0.6, 0.5, 0.8],
							"pivot": [-6, 13.05, 0],
							"rotation": [0, -79, 0],
							"uv": {
								"north": {"uv": [0, 0], "uv_size": [32, 32]},
								"east": {"uv": [0, 0], "uv_size": [32, 32]},
								"south": {"uv": [0, 0], "uv_size": [32, 32]},
								"west": {"uv": [0, 0], "uv_size": [32, 32]},
								"up": {"uv": [32, 32], "uv_size": [-32, -32]},
								"down": {"uv": [32, 32], "uv_size": [-32, -32]}
							}
						},
						{
							"origin": [-6.3, 13.2, -0.4],
							"size": [0.6, 0.5, 0.8],
							"pivot": [-6, 13.45, 0],
							"rotation": [0, -41, 0],
							"uv": {
								"north": {"uv": [0, 0], "uv_size": [32, 32]},
								"east": {"uv": [0, 0], "uv_size": [32, 32]},
								"south": {"uv": [0, 0], "uv_size": [32, 32]},
								"west": {"uv": [0, 0], "uv_size": [32, 32]},
								"up": {"uv": [32, 32], "uv_size": [-32, -32]},
								"down": {"uv": [32, 32], "uv_size": [-32, -32]}
							}
						},
						{
							"origin": [-6.3, 13.6, -0.4],
							"size": [0.6, 0.5, 0.8],
							"pivot": [-6, 13.85, 0],
							"rotation": [0, 2, 0],
							"uv": {
								"north": {"uv": [0, 0], "uv_size": [32, 32]},
								"east": {"uv": [0, 0], "uv_size": [32, 32]},
								"south": {"uv": [0, 0], "uv_size": [32, 32]},
								"west": {"uv": [0, 0], "uv_size": [32, 32]},
								"up": {"uv": [32, 32], "uv_size": [-32, -32]},
								"down": {"uv": [32, 32], "uv_size": [-32, -32]}
							}
						},
						{
							"origin": [-6.3, 14, -0.4],
							"size": [0.6, 0.5, 0.8],
							"pivot": [-6, 14.25, 0],
							"rotation": [0, 42, 0],
							"uv": {
								"north": {"uv": [0, 0], "uv_size": [32, 32]},
								"east": {"uv": [0, 0], "uv_size": [32, 32]},
								"south": {"uv": [0, 0], "uv_size": [32, 32]},
								"west": {"uv": [0, 0], "uv_size": [32, 32]},
								"up": {"uv": [32, 32], "uv_size": [-32, -32]},
								"down": {"uv": [32, 32], "uv_size": [-32, -32]}
							}
						}
					]
				},
				{
					"name": "LeftArm",
					"parent": "Body",
					"pivot": [5, 22, 0]
				},
				{
					"name": "veb2",
					"parent": "LeftArm",
					"pivot": [6, 21, 0],
					"cubes": [
						{
							"origin": [5.7, 20.5, -0.4],
							"size": [0.6, 0.5, 0.8],
							"uv": {
								"north": {"uv": [0, 0], "uv_size": [32, 32]},
								"east": {"uv": [0, 0], "uv_size": [32, 32]},
								"south": {"uv": [0, 0], "uv_size": [32, 32]},
								"west": {"uv": [0, 0], "uv_size": [32, 32]},
								"up": {"uv": [32, 32], "uv_size": [-32, -32]},
								"down": {"uv": [32, 32], "uv_size": [-32, -32]}
							}
						},
						{
							"origin": [5.7, 20.3, -0.4],
							"size": [0.6, 0.5, 0.8],
							"pivot": [6, 20.55, 0],
							"rotation": [0, 46, 0],
							"uv": {
								"north": {"uv": [0, 0], "uv_size": [32, 32]},
								"east": {"uv": [0, 0], "uv_size": [32, 32]},
								"south": {"uv": [0, 0], "uv_size": [32, 32]},
								"west": {"uv": [0, 0], "uv_size": [32, 32]},
								"up": {"uv": [32, 32], "uv_size": [-32, -32]},
								"down": {"uv": [32, 32], "uv_size": [-32, -32]}
							}
						},
						{
							"origin": [5.7, 19.9, -0.4],
							"size": [0.6, 0.5, 0.8],
							"pivot": [6, 20.15, 0],
							"rotation": [0, 69, 0],
							"uv": {
								"north": {"uv": [0, 0], "uv_size": [32, 32]},
								"east": {"uv": [0, 0], "uv_size": [32, 32]},
								"south": {"uv": [0, 0], "uv_size": [32, 32]},
								"west": {"uv": [0, 0], "uv_size": [32, 32]},
								"up": {"uv": [32, 32], "uv_size": [-32, -32]},
								"down": {"uv": [32, 32], "uv_size": [-32, -32]}
							}
						},
						{
							"origin": [5.7, 19.6, -0.4],
							"size": [0.6, 0.5, 0.8],
							"pivot": [6, 19.85, 0],
							"rotation": [0, 79, 0],
							"uv": {
								"north": {"uv": [0, 0], "uv_size": [32, 32]},
								"east": {"uv": [0, 0], "uv_size": [32, 32]},
								"south": {"uv": [0, 0], "uv_size": [32, 32]},
								"west": {"uv": [0, 0], "uv_size": [32, 32]},
								"up": {"uv": [32, 32], "uv_size": [-32, -32]},
								"down": {"uv": [32, 32], "uv_size": [-32, -32]}
							}
						},
						{
							"origin": [5.7, 19.2, -0.4],
							"size": [0.6, 0.5, 0.8],
							"pivot": [6, 19.45, 0],
							"rotation": [0, 39, 0],
							"uv": {
								"north": {"uv": [0, 0], "uv_size": [32, 32]},
								"east": {"uv": [0, 0], "uv_size": [32, 32]},
								"south": {"uv": [0, 0], "uv_size": [32, 32]},
								"west": {"uv": [0, 0], "uv_size": [32, 32]},
								"up": {"uv": [32, 32], "uv_size": [-32, -32]},
								"down": {"uv": [32, 32], "uv_size": [-32, -32]}
							}
						},
						{
							"origin": [5.7, 18.8, -0.4],
							"size": [0.6, 0.5, 0.8],
							"pivot": [6, 19.05, 0],
							"rotation": [0, -4, 0],
							"uv": {
								"north": {"uv": [0, 0], "uv_size": [32, 32]},
								"east": {"uv": [0, 0], "uv_size": [32, 32]},
								"south": {"uv": [0, 0], "uv_size": [32, 32]},
								"west": {"uv": [0, 0], "uv_size": [32, 32]},
								"up": {"uv": [32, 32], "uv_size": [-32, -32]},
								"down": {"uv": [32, 32], "uv_size": [-32, -32]}
							}
						},
						{
							"origin": [5.7, 18.4, -0.4],
							"size": [0.6, 0.5, 0.8],
							"pivot": [6, 18.65, 0],
							"rotation": [0, -42, 0],
							"uv": {
								"north": {"uv": [0, 0], "uv_size": [32, 32]},
								"east": {"uv": [0, 0], "uv_size": [32, 32]},
								"south": {"uv": [0, 0], "uv_size": [32, 32]},
								"west": {"uv": [0, 0], "uv_size": [32, 32]},
								"up": {"uv": [32, 32], "uv_size": [-32, -32]},
								"down": {"uv": [32, 32], "uv_size": [-32, -32]}
							}
						},
						{
							"origin": [5.7, 18.1, -0.4],
							"size": [0.6, 0.5, 0.8],
							"pivot": [6, 18.35, 0],
							"rotation": [0, -76, 0],
							"uv": {
								"north": {"uv": [0, 0], "uv_size": [32, 32]},
								"east": {"uv": [0, 0], "uv_size": [32, 32]},
								"south": {"uv": [0, 0], "uv_size": [32, 32]},
								"west": {"uv": [0, 0], "uv_size": [32, 32]},
								"up": {"uv": [32, 32], "uv_size": [-32, -32]},
								"down": {"uv": [32, 32], "uv_size": [-32, -32]}
							}
						},
						{
							"origin": [5.7, 16.2, -0.4],
							"size": [0.6, 0.5, 0.8],
							"pivot": [6, 16.45, 0],
							"rotation": [-180, -86, 180],
							"uv": {
								"north": {"uv": [0, 0], "uv_size": [32, 32]},
								"east": {"uv": [0, 0], "uv_size": [32, 32]},
								"south": {"uv": [0, 0], "uv_size": [32, 32]},
								"west": {"uv": [0, 0], "uv_size": [32, 32]},
								"up": {"uv": [32, 32], "uv_size": [-32, -32]},
								"down": {"uv": [32, 32], "uv_size": [-32, -32]}
							}
						},
						{
							"origin": [5.7, 16.5, -0.4],
							"size": [0.6, 0.5, 0.8],
							"pivot": [6, 16.75, 0],
							"rotation": [0, -60, 0],
							"uv": {
								"north": {"uv": [0, 0], "uv_size": [32, 32]},
								"east": {"uv": [0, 0], "uv_size": [32, 32]},
								"south": {"uv": [0, 0], "uv_size": [32, 32]},
								"west": {"uv": [0, 0], "uv_size": [32, 32]},
								"up": {"uv": [32, 32], "uv_size": [-32, -32]},
								"down": {"uv": [32, 32], "uv_size": [-32, -32]}
							}
						},
						{
							"origin": [5.7, 16.9, -0.4],
							"size": [0.6, 0.5, 0.8],
							"pivot": [6, 17.15, 0],
							"rotation": [0, -22, 0],
							"uv": {
								"north": {"uv": [0, 0], "uv_size": [32, 32]},
								"east": {"uv": [0, 0], "uv_size": [32, 32]},
								"south": {"uv": [0, 0], "uv_size": [32, 32]},
								"west": {"uv": [0, 0], "uv_size": [32, 32]},
								"up": {"uv": [32, 32], "uv_size": [-32, -32]},
								"down": {"uv": [32, 32], "uv_size": [-32, -32]}
							}
						},
						{
							"origin": [5.7, 17.3, -0.4],
							"size": [0.6, 0.5, 0.8],
							"pivot": [6, 17.55, 0],
							"rotation": [0, 21, 0],
							"uv": {
								"north": {"uv": [0, 0], "uv_size": [32, 32]},
								"east": {"uv": [0, 0], "uv_size": [32, 32]},
								"south": {"uv": [0, 0], "uv_size": [32, 32]},
								"west": {"uv": [0, 0], "uv_size": [32, 32]},
								"up": {"uv": [32, 32], "uv_size": [-32, -32]},
								"down": {"uv": [32, 32], "uv_size": [-32, -32]}
							}
						},
						{
							"origin": [5.7, 17.7, -0.4],
							"size": [0.6, 0.5, 0.8],
							"pivot": [6, 17.95, 0],
							"rotation": [0, 61, 0],
							"uv": {
								"north": {"uv": [0, 0], "uv_size": [32, 32]},
								"east": {"uv": [0, 0], "uv_size": [32, 32]},
								"south": {"uv": [0, 0], "uv_size": [32, 32]},
								"west": {"uv": [0, 0], "uv_size": [32, 32]},
								"up": {"uv": [32, 32], "uv_size": [-32, -32]},
								"down": {"uv": [32, 32], "uv_size": [-32, -32]}
							}
						},
						{
							"origin": [5.7, 14.3, -0.4],
							"size": [0.6, 0.5, 0.8],
							"pivot": [6, 14.55, 0],
							"rotation": [-180, -76, 180],
							"uv": {
								"north": {"uv": [0, 0], "uv_size": [32, 32]},
								"east": {"uv": [0, 0], "uv_size": [32, 32]},
								"south": {"uv": [0, 0], "uv_size": [32, 32]},
								"west": {"uv": [0, 0], "uv_size": [32, 32]},
								"up": {"uv": [32, 32], "uv_size": [-32, -32]},
								"down": {"uv": [32, 32], "uv_size": [-32, -32]}
							}
						},
						{
							"origin": [5.7, 14.6, -0.4],
							"size": [0.6, 0.5, 0.8],
							"pivot": [6, 14.85, 0],
							"rotation": [0, -70, 0],
							"uv": {
								"north": {"uv": [0, 0], "uv_size": [32, 32]},
								"east": {"uv": [0, 0], "uv_size": [32, 32]},
								"south": {"uv": [0, 0], "uv_size": [32, 32]},
								"west": {"uv": [0, 0], "uv_size": [32, 32]},
								"up": {"uv": [32, 32], "uv_size": [-32, -32]},
								"down": {"uv": [32, 32], "uv_size": [-32, -32]}
							}
						},
						{
							"origin": [5.7, 15, -0.4],
							"size": [0.6, 0.5, 0.8],
							"pivot": [6, 15.25, 0],
							"rotation": [0, -32, 0],
							"uv": {
								"north": {"uv": [0, 0], "uv_size": [32, 32]},
								"east": {"uv": [0, 0], "uv_size": [32, 32]},
								"south": {"uv": [0, 0], "uv_size": [32, 32]},
								"west": {"uv": [0, 0], "uv_size": [32, 32]},
								"up": {"uv": [32, 32], "uv_size": [-32, -32]},
								"down": {"uv": [32, 32], "uv_size": [-32, -32]}
							}
						},
						{
							"origin": [5.7, 15.4, -0.4],
							"size": [0.6, 0.5, 0.8],
							"pivot": [6, 15.65, 0],
							"rotation": [0, 11, 0],
							"uv": {
								"north": {"uv": [0, 0], "uv_size": [32, 32]},
								"east": {"uv": [0, 0], "uv_size": [32, 32]},
								"south": {"uv": [0, 0], "uv_size": [32, 32]},
								"west": {"uv": [0, 0], "uv_size": [32, 32]},
								"up": {"uv": [32, 32], "uv_size": [-32, -32]},
								"down": {"uv": [32, 32], "uv_size": [-32, -32]}
							}
						},
						{
							"origin": [5.7, 15.8, -0.4],
							"size": [0.6, 0.5, 0.8],
							"pivot": [6, 16.05, 0],
							"rotation": [0, 51, 0],
							"uv": {
								"north": {"uv": [0, 0], "uv_size": [32, 32]},
								"east": {"uv": [0, 0], "uv_size": [32, 32]},
								"south": {"uv": [0, 0], "uv_size": [32, 32]},
								"west": {"uv": [0, 0], "uv_size": [32, 32]},
								"up": {"uv": [32, 32], "uv_size": [-32, -32]},
								"down": {"uv": [32, 32], "uv_size": [-32, -32]}
							}
						},
						{
							"origin": [5.7, 12.5, -0.4],
							"size": [0.6, 0.5, 0.8],
							"pivot": [6, 12.75, 0],
							"rotation": [-180, -67, 180],
							"uv": {
								"north": {"uv": [0, 0], "uv_size": [32, 32]},
								"east": {"uv": [0, 0], "uv_size": [32, 32]},
								"south": {"uv": [0, 0], "uv_size": [32, 32]},
								"west": {"uv": [0, 0], "uv_size": [32, 32]},
								"up": {"uv": [32, 32], "uv_size": [-32, -32]},
								"down": {"uv": [32, 32], "uv_size": [-32, -32]}
							}
						},
						{
							"origin": [5.7, 12.8, -0.4],
							"size": [0.6, 0.5, 0.8],
							"pivot": [6, 13.05, 0],
							"rotation": [0, -79, 0],
							"uv": {
								"north": {"uv": [0, 0], "uv_size": [32, 32]},
								"east": {"uv": [0, 0], "uv_size": [32, 32]},
								"south": {"uv": [0, 0], "uv_size": [32, 32]},
								"west": {"uv": [0, 0], "uv_size": [32, 32]},
								"up": {"uv": [32, 32], "uv_size": [-32, -32]},
								"down": {"uv": [32, 32], "uv_size": [-32, -32]}
							}
						},
						{
							"origin": [5.7, 13.2, -0.4],
							"size": [0.6, 0.5, 0.8],
							"pivot": [6, 13.45, 0],
							"rotation": [0, -41, 0],
							"uv": {
								"north": {"uv": [0, 0], "uv_size": [32, 32]},
								"east": {"uv": [0, 0], "uv_size": [32, 32]},
								"south": {"uv": [0, 0], "uv_size": [32, 32]},
								"west": {"uv": [0, 0], "uv_size": [32, 32]},
								"up": {"uv": [32, 32], "uv_size": [-32, -32]},
								"down": {"uv": [32, 32], "uv_size": [-32, -32]}
							}
						},
						{
							"origin": [5.7, 13.6, -0.4],
							"size": [0.6, 0.5, 0.8],
							"pivot": [6, 13.85, 0],
							"rotation": [0, 2, 0],
							"uv": {
								"north": {"uv": [0, 0], "uv_size": [32, 32]},
								"east": {"uv": [0, 0], "uv_size": [32, 32]},
								"south": {"uv": [0, 0], "uv_size": [32, 32]},
								"west": {"uv": [0, 0], "uv_size": [32, 32]},
								"up": {"uv": [32, 32], "uv_size": [-32, -32]},
								"down": {"uv": [32, 32], "uv_size": [-32, -32]}
							}
						},
						{
							"origin": [5.7, 14, -0.4],
							"size": [0.6, 0.5, 0.8],
							"pivot": [6, 14.25, 0],
							"rotation": [0, 42, 0],
							"uv": {
								"north": {"uv": [0, 0], "uv_size": [32, 32]},
								"east": {"uv": [0, 0], "uv_size": [32, 32]},
								"south": {"uv": [0, 0], "uv_size": [32, 32]},
								"west": {"uv": [0, 0], "uv_size": [32, 32]},
								"up": {"uv": [32, 32], "uv_size": [-32, -32]},
								"down": {"uv": [32, 32], "uv_size": [-32, -32]}
							}
						}
					]
				}
			]
		}
	]
}