{
	"format_version": "1.10.0",
	"animations": {
		"animation.shaz": {
			"timeline": {
				"0.0": "/effect @p slowness 2 2 true",
				"0.3": "/gamerule sendcommandfeedback false",
				"0.5": "/gamerule sendcommandfeedback false",
				"0.6": "/gamerule sendcommandfeedback false",
				"0.5417": "/gamerule sendcommandfeedback false",
				"0.624": "/gamerule sendcommandfeedback false",
				"0.8": "/summon mc:yerdagi ^^^",
				"0.9": "/function venobl",
				"1.0": "/gamerule sendcommandfeedback false"
				

			},
			"animation_length": 1.0,
			"loop": false
		}
	}
}