{"resource_pack_name":"vanilla","texture_name":"atlas.items","texture_data":{"yg:skibidi_toilet":{"textures":"textures/items/yg_skibidi_toilet"},"yg:arm_toilet":{"textures":"textures/items/yg_arm_toilet"},"yg:bulldozer_toilet":{"textures":"textures/items/yg_bulldozer_toilet"},"yg:buzzsaw_toilet":{"textures":"textures/items/yg_buzzsaw_toilet"},"yg:dj_toilet":{"textures":"textures/items/yg_dj_toilet"},"yg:robber_toilet":{"textures":"textures/items/yg_robber_toilet"},"yg:rocket_toilet":{"textures":"textures/items/yg_rocket_toilet"},"yg:police_toilet":{"textures":"textures/items/yg_police_toilet"},"yg:parasitic_toilet":{"textures":"textures/items/yg_parasitic_toilet"},"yg:professor_toilet":{"textures":"textures/items/yg_professor_toilet"},"yg:camo_toilet":{"textures":"textures/items/yg_camo_toilet"},"yg:sunglasses_toilet":{"textures":"textures/items/yg_sunglasses_toilet"},"yg:triple_toilet":{"textures":"textures/items/yg_triple_toilet"},"yg:holy_toilet":{"textures":"textures/items/yg_holy_toilet"},"yg:speed_toilet":{"textures":"textures/items/yg_speed_toilet"},"yg:spider_toilet":{"textures":"textures/items/yg_spider_toilet"},"yg:hydra_toilet":{"textures":"textures/items/yg_hydra_toilet"},"yg:gman_toilet":{"textures":"textures/items/yg_gman_toilet"}}}