{
	"format_version": "1.17.0",
	"minecraft:entity": {
		"description": {
			"identifier": "va:rocket",
			"is_spawnable": false,
			"is_summonable": true,
			"is_experimental": false,
			"runtime_identifier": "minecraft:arrow"
		},
		"component_groups": {
			"minecraft:exploding": {
				"minecraft:explode": {
					"fuse_length": 0,
					"fuse_lit": true,
					"power": 0.8,
					"causes_fire": false,
					"fire_affected_by_griefing": true,
					"destroy_affected_by_griefing": false,
					"max_resistance": 0.2,
					"breaks_blocks": false
				}
			}
		},
		"components": {
			"minecraft:collision_box": {
				"width": 0.25,
				"height": 0.25
			},
			"minecraft:projectile": {
				"on_hit": {
					"definition_event": {
						"event_trigger": {
							"event": "minecraft:explode",
							"target": "self"
						},
						"affect_target": true,
						"affect_projectile": false
					},
					"particle_on_hit": {
						"num_particles": 10,
						"on_other_hit": true,
						"on_entity_hit": true,
						"particle_type": "smoke"
					}
				},
				"power": 1.6,
				"gravity": 0.05,
				"uncertainty_base": 4,
				"uncertainty_multiplier": 4,
				"shoot_target": true,
				"knockback": true,
				"anchor": 1,
				"offset": [
					0,
					-0.1,
					0
				],
				"catch_fire": true
			},
			"minecraft:physics": {},
			"minecraft:pushable": {
				"is_pushable": true,
				"is_pushable_by_piston": true
			},
			"minecraft:conditional_bandwidth_optimization": {
				"default_values": {
					"use_motion_prediction_hints": true,
					"max_optimized_distance": 128
				}
			}
		},
		"events": {
			"minecraft:explode": {
				"add": {
					"component_groups": [
						"minecraft:exploding"
					]
				}
			}
		}
	}
}