{
	"format_version": "1.18.0",
	"minecraft:entity": {
		"description": {
			"identifier": "va:shield",
			"is_summonable": true,
			"is_spawnable": false
		},
		"component_groups": {
			"knockback": {
				"minecraft:behavior.knockback_roar": {
						"priority": 0,
						"duration": 1,
						"attack_time": 0.5,
						"knockback_damage": 3,
						"knockback_strength": 2,
						"knockback_range": 3,
						"knockback_filters": {
							"test": "is_family",
							"subject": "other",
							"operator": "!=",
							"value": "villager"
						},
						"damage_filters": {
							"test": "is_family",
							"subject": "other",
							"operator": "!=",
							"value": "irongolem"
						},
						"on_roar_end": {
							"event": "va:end_shield"
						},
						"cooldown_time": 0.1
				}
			},
			"despawn": {
				"minecraft:instant_despawn": {
					"remove_child_entities": true
				}
			}
		},
		"components": {
			"minecraft:type_family": {
				"family": [
					"shield",
					"irongolem"
				]
			},
			"minecraft:area_attack": {
				"cause": "entity_attack",
				"damage_per_tick": 0,
				"damage_range": 1,
				"entity_filter": {
					"any_of": [
						{
							"test": "is_family",
							"subject": "other",
							"value": "illager"
						},
						{
							"test": "is_family",
							"subject": "other",
							"value": "monster"
						},
						{
							"test": "is_family",
							"subject": "other",
							"value": "undead"
						},
						{
							"test": "is_family",
							"subject": "other",
							"value": "wither"
						},
						{
							"test": "is_family",
							"subject": "other",
							"value": "zombie"
						}
					]
				}
			},
			"minecraft:health": {
				"value": 30,
				"max": 30
			},
			"minecraft:collision_box": {
				"height": 2,
				"width": 1.2
			},
			"minecraft:on_hurt": {
				"event": "va:start_shield",
				"target": "self"
			},
			"minecraft:on_hurt_by_player": {
				"event": "va:start_shield",
				"target": "self"
			},
			"minecraft:on_death": {
				"event": "va:start_shield",
				"target": "self"
			},
			"minecraft:breathable": {
				"total_supply": 15,
				"suffocate_time": 0,
				"breathes_air": true,
				"breathes_water": true,
				"breathes_lava": true,
				"breathes_solids": true
			},
			"minecraft:damage_sensor": {
				"triggers": [
					{
						"on_damage": {
							"filters": {
								"all_of": [
									{
										"test": "is_family",
										"subject": "other",
										"value": "irongolem"
									}
								]
							}
						},
						"deals_damage": false
					},
					{
						"cause": "entity_attack",
						"damage_multiplier": 0.1
					},
					{
						"on_damage": {
							"filters": {
								"all_of": [
									{
										"test": "has_damage",
										"subject": "self",
										"operator": "==",
										"value": "fatal"
									}
								]
							},
							"event": "despawn",
							"target": "self"
						}
					}
				]
			},
			"minecraft:environment_sensor": {
				"triggers": [
					{
						"filters": {
							"all_of": [
								{
									"test": "is_riding",
									"subject": "self",
									"value": false
								}
							]
						},
						"event": "despawn",
						"target": "self"
					}
				]
			}
		},
		"events": {
			"va:end_shield": {
				"remove": {
					"component_groups": [
						"knockback"
					]
				}
			},
			"va:start_shield": {
				"add": {
					"component_groups": [
						"knockback"
					]
				}
			},
			"despawn": {
				"add": {
					"component_groups": [
						"despawn"
					]
				}
			}
		}
	}
}