{
	"format_version": "1.17.0",
	"minecraft:entity": {
		"description": {
			"identifier": "va:skilled_blacksmith_lvl2",
			"is_spawnable": true,
			"is_summonable": true,
			"is_experimental": false,
			"runtime_identifier": "minecraft:villager_v2",
			"animations": {
				"shield": "animation.shield"
			},
			"scripts": {
				"animate": [
					{
						"shield": "query.is_stunned"
					}
				]
			}
		},
		"component_groups": {
			"angry": {
				"minecraft:angry": {
					"duration": 30,
					"broadcast_anger": true,
					"broadcast_anger_on_attack": true,
					"broadcast_anger_on_being_attacked": true,
					"broadcast_range": 30,
					"broadcast_targets": [
						"villager"
					],
					"calm_event": {
						"event": "become_calm_event",
						"target": "self"
					},
					"filters": {
						"all_of": [
							{
								"test": "is_family",
								"subject": "other",
								"operator": "!=",
								"value": "villager"
							}
						]
					},
					"angry_sound": "angry",
					"sound_interval": {
						"range_min": 2,
						"range_max": 5
					}
				}
			},
			"minecraft:behavior.find_mount":{
				"priority": 3,
				"within_radius": 18,
				"avoid_water": true,
				"start_delay": 50,
				"target_needed": false,
				"mount_distance": 2.0
			},
			"equipment_crossbow": {
				"minecraft:equipment": {
					"table": "loot_tables/crossbow_blacksmith.json"
				}
			},
			"equipment_axe": {
				"minecraft:equipment": {
					"table": "loot_tables/axe_and_shield_blacksmith.json"
				}
			},
			"alert_for_attack_targets": {
				"minecraft:behavior.nearest_attackable_target": {
					"priority": 3,
					"must_see": true,
					"reselect_targets": true,
					"within_radius": 30,
					"entity_types": [
						{
							"filters": {
								"any_of": [
									{
										"test": "is_family",
										"subject": "other",
										"value": "illager"
									},
									{
										"test": "is_family",
										"subject": "other",
										"value": "zombie"
									},
									{
										"all_of": [
											{
												"test": "is_family",
												"subject": "other",
												"value": "monster"
											},
											{
												"test": "is_family",
												"subject": "other",
												"operator": "!=",
												"value": "creeper"
											},
											{
												"test": "is_family",
												"subject": "other",
												"operator": "!=",
												"value": "phantom"
											},
											{
												"test": "is_family",
												"subject": "other",
												"operator": "!=",
												"value": "enderman"
											}
										]
									}
								]
							},
							"max_dist": 30
						}
					]
				}
			},
			"minecraft:raid_configuration": {
				"minecraft:dweller": {
					"dwelling_type": "village",
					"dweller_role": "defender",
					"update_interval_base": 60,
					"update_interval_variant": 40,
					"can_find_poi": false,
					"can_migrate": false,
					"first_founding_reward": 0
				},
				"minecraft:behavior.move_towards_dwelling_restriction": {
					"priority": 4,
					"speed_multiplier": 1
				},
				"minecraft:behavior.move_through_village": {
					"priority": 4,
					"speed_multiplier": 0.6,
					"only_at_night": true
				},
				"minecraft:preferred_path": {
					"max_fall_blocks": 1,
					"jump_cost": 5,
					"default_block_cost": 1.5,
					"preferred_path_blocks": [
						{
							"cost": 0,
							"blocks": [
								"grass_path"
							]
						},
						{
							"cost": 1,
							"blocks": [
								"stone",
								"cobblestone",
								"stonebrick",
								"sandstone",
								"mossy_cobblestone",
								"stone_slab",
								"stone_slab2",
								"stone_slab3",
								"stone_slab4",
								"double_stone_slab",
								"double_stone_slab2",
								"double_stone_slab3",
								"double_stone_slab4",
								"wooden_slab",
								"double_wooden_slab",
								"planks",
								"brick_block",
								"nether_brick",
								"red_nether_brick",
								"end_bricks",
								"red_sandstone",
								"stained_glass",
								"glass",
								"glowstone",
								"prismarine",
								"emerald_block",
								"diamond_block",
								"lapis_block",
								"gold_block",
								"redstone_block",
								"purple_glazed_terracotta",
								"white_glazed_terracotta",
								"orange_glazed_terracotta",
								"magenta_glazed_terracotta",
								"light_blue_glazed_terracotta",
								"yellow_glazed_terracotta",
								"lime_glazed_terracotta",
								"pink_glazed_terracotta",
								"gray_glazed_terracotta",
								"silver_glazed_terracotta",
								"cyan_glazed_terracotta",
								"blue_glazed_terracotta",
								"brown_glazed_terracotta",
								"green_glazed_terracotta",
								"red_glazed_terracotta",
								"black_glazed_terracotta"
							]
						},
						{
							"cost": 50,
							"blocks": [
								"bed",
								"lectern",
								"composter",
								"grindstone",
								"blast_furnace",
								"smoker",
								"fletching_table",
								"cartography_table",
								"brewing_stand",
								"smithing_table",
								"cauldron",
								"barrel",
								"loom",
								"stonecutter"
							]
						}
					]
				}
			},
			"move_to_village": {
				"minecraft:behavior.move_to_village": {
					"priority": 4,
					"speed_multiplier": 1.1
				}
			},
			"no_sheild": {
				"minecraft:on_target_acquired": {
					"event": "become_angry_event",
					"target": "self"
				}
			},
			"use_sheild": {
				"minecraft:on_target_acquired": {
					"event": "use_sheild",
					"target": "self"
				}
			},
			"shield": {
				"minecraft:rideable": {
					"family_types": [
						"shield"
					],
					"seat_count": 1,
					"seats": [
						{
							"position": [
								0,
								0.4,
								0.4
							]
						}
					]
				},
				"minecraft:addrider": {
					"entity_type": "va:shield"
				},
				"minecraft:is_stunned": {},
				"minecraft:timer": {
					"time": [
						3,
						4
					],
					"time_down_event": {
						"event": "off_shield",
						"target": "self"
					}
				}
			},
			"cooldown_sheild": {
				"minecraft:timer": {
					"time": [
						2,
						3
					],
					"time_down_event": {
						"event": "on_shield",
						"target": "self"
					}
				}
			},
			"melee_unit": {
				"minecraft:target_nearby_sensor": {
					"inside_range": 4,
					"outside_range": 5,
					"on_inside_range": {
						"event": "inside",
						"target": "self"
					},
					"on_outside_range": {
						"event": "outside",
						"target": "self"
					}
				}
			},
			"inside": {
				"minecraft:attack": {
					"damage": 5
				},
				"minecraft:behavior.melee_attack": {
					"priority": 1,
					"track_target": true,
					"speed_multiplier": 1
				}
			},
			"outside": {
				"minecraft:behavior.ranged_attack": {
					"priority": 4,
					"attack_interval_min": 1,
					"attack_interval_max": 1,
					"attack_radius": 16,
					"speed_multiplier": 1
				},
				"minecraft:behavior.charge_held_item": {
					"priority": 3,
					"items": [
						"minecraft:arrow"
					]
				},
				"minecraft:shooter": {
					"def": "minecraft:arrow"
				}
			},
			"trade": {
				"minecraft:barter": {
					"barter_table": "loot_tables/Trade/Villager.json",
					"cooldown_after_being_attacked": 20
				}
			},
			"interactable_villager": {
				"minecraft:interact": {
					"interactions": [
						{
							"on_interact": {
								"filters": {
									"all_of": [
										{
											"test": "has_equipment",
											"subject": "other",
											"domain": "hand",
											"value": "emerald"
										},
										{
											"test": "is_family",
											"subject": "other",
											"value": "player"
										},
										{
											"test": "has_component",
											"subject": "self",
											"operator": "!=",
											"value": "minecraft:is_baby"
										}
									]
								}
							},
							"barter": true,
							"admire": true,
							"use_item": true,
							"cooldown_after_being_attacked": 20,
							"interact_text": "action.interact.barter"
						}
					]
				}
			}
		},
		"components": {
			"minecraft:is_hidden_when_invisible": {},
			"minecraft:collision_box": {
				"width": 0.6,
				"height": 1.9
			},
			"minecraft:type_family": {
				"family": [
					"villager",
					"skilled_blacksmith",
					"mob"
				]
			},
			"minecraft:admire_item": {
				"duration": 8,
				"cooldown_after_being_attacked": 20
			},
			"minecraft:behavior.random_sitting": {
				"priority": 6,
				"start_chance": 0.02,
				"stop_chance": 0.2,
				"cooldown": 10,
				"min_sit_time": 1
			},
			"minecraft:equip_item": {},
			"minecraft:behavior.equip_item": {
				"priority": 2
			},
			"minecraft:behavior.pickup_items": {
				"priority": 6,
				"max_dist": 10,
				"goal_radius": 2,
				"speed_multiplier": 0.8,
				"pickup_based_on_chance": false,
				"can_pickup_any_item": false,
				"cooldown_after_being_attacked": 20
			},
			"minecraft:shareables": {
				"items": [
					{
						"item": "minecraft:emerald",
						"priority": 1,
						"pickup_limit": 1,
						"admire": true,
						"barter": true
					}
				]
			},
			"minecraft:behavior.admire_item": {
				"priority": 2,
				"admire_item_sound": "admire",
				"sound_interval": {
					"range_min": 2.0,
					"range_max": 5.0
				},
				"on_admire_item_start": {
					"event": "admire_item_started_event",
					"target": "self"
				},
				"on_admire_item_stop": {
					"event": "admire_item_stopped_event",
					"target": "self"
				}
			},
			"minecraft:behavior.barter": {
				"priority": 3
			},
			"minecraft:behavior.pickup_items": {
				"priority": 2,
				"max_dist": 3,
				"goal_radius": 2,
				"speed_multiplier": 0.5,
				"can_pickup_to_hand_or_equipment": false
			},
			"minecraft:conditional_bandwidth_optimization": {},
			"minecraft:behavior.share_items": {
				"priority": 6,
				"max_dist": 3,
				"goal_radius": 2,
				"speed_multiplier": 0.5,
				"entity_types": [
					{
						"filters": {
							"test": "is_family",
							"subject": "other",
							"value": "villager_soldier"
						}
					}
				]
			},
			"minecraft:breathable": {
				"total_supply": 15,
				"suffocate_time": 0
			},
			"minecraft:health": {
				"value": 50,
				"max": 50
			},
			"minecraft:hurt_on_condition": {
				"damage_conditions": [
					{
						"filters": {
							"test": "in_lava",
							"subject": "self",
							"operator": "==",
							"value": true
						},
						"cause": "lava",
						"damage_per_tick": 4
					}
				]
			},
			"minecraft:movement": {
				"value": 0.35
			},
			"minecraft:on_hurt": {
				"event": "become_angry_event",
				"target": "self"
			},
			"minecraft:navigation.walk": {
				"can_path_over_water": true,
				"can_open_doors": true,
				"avoid_water": true
			},
			"minecraft:annotation.open_door": {},
			"minecraft:movement.basic": {},
			"minecraft:jump.static": {},
			"minecraft:nameable": {},
			"minecraft:behavior.hurt_by_target": {
				"priority": 1,
				"entity_types": [
					{
						"filters": {
							"all_of": [
								{
									"test": "is_family",
									"subject": "other",
									"value": "player"
								},
								{
									"test": "has_mob_effect",
									"subject": "other",
									"operator": "!=",
									"value": "village_hero"
								}
							]
						}
					}
				]
			},
			"minecraft:behavior.random_stroll": {
				"priority": 7,
				"speed_multiplier": 0.6
			},
			"minecraft:behavior.move_to_land": {
				"priority": 5,
				"goal_radius": 0.5,
				"search_range": 16,
				"search_height": 5,
				"speed_multiplier": 1
			},
			"minecraft:behavior.look_at_player": {
				"priority": 8,
				"look_distance": 8
			},
			"minecraft:behavior.random_look_around": {
				"priority": 9
			},
			"minecraft:physics": {},
			"minecraft:pushable": {
				"is_pushable": true,
				"is_pushable_by_piston": true
			},
			"minecraft:follow_range": {
				"value": 64
			},
			"minecraft:behavior.float": {
				"priority": 0
			},
			"minecraft:damage_sensor": {
				"triggers": [
					{
						"on_damage": {
							"filters": {
								"all_of": [
									{
										"test": "is_family",
										"subject": "other",
										"value": "irongolem"
									}
								]
							}
						},
						"deals_damage": false
					}
				]
			},
			"minecraft:environment_sensor": {
				"triggers": [
					{
						"filters": {
							"all_of": [
								{
									"test": "has_equipment",
									"subject": "self",
									"operator": "==",
									"value": "shield"
								}
							]
						},
						"event": "have_sheild",
						"target": "self"
					}
				]
			},
			"minecraft:healable": {
				"items": [
					{
						"item": "minecraft:cooked_beef",
						"heal_amount": 8
					},
					{
						"item": "minecraft:cooked_porkchop",
						"heal_amount": 7
					},
					{
						"item": "minecraft:cooked_chicken",
						"heal_amount": 5
					},
					{
						"item": "minecraft:cooked_rabbit",
						"heal_amount": 7
					},
					{
						"item": "minecraft:cooked_fish",
						"heal_amount": 4
					},
					{
						"item": "minecraft:cooked_salmon",
						"heal_amount": 8
					},
					{
						"item": "golden_carrot",
						"heal_amount": 20,
						"effects": [
							{
								"name": "regeneration",
								"amplifier": 1,
								"duration": 10
							}
						]
					},
					{
						"item": "golden_apple",
						"heal_amount": 20,
						"effects": [
							{
								"name": "regeneration",
								"amplifier": 2,
								"duration": 10
							},
							{
								"name": "resistance",
								"amplifier": 1,
								"duration": 120
							}
						]
					},
					{
						"item": "enchanted_golden_apple",
						"heal_amount": 20,
						"effects": [
							{
								"name": "regeneration",
								"amplifier": 2,
								"duration": 20
							},
							{
								"name": "resistance",
								"amplifier": 1,
								"duration": 280
							},
							{
								"name": "absorption",
								"amplifier": 4,
								"duration": 120
							},
							{
								"name": "fire_resistance",
								"amplifier": 1,
								"duration": 280
							}
						]
					}
				]
			}
		},
		"events": {
			"minecraft:entity_spawned": {
				"add": {
					"component_groups": [
						"move_to_village",
						"minecraft:raid_configuration",
						"alert_for_attack_targets",
						"interactable_villager",
						"trade",
						"melee_unit",
						"minecraft:behavior.find_mount",
						"no_sheild",
						"panic"
					]
				}
			},
			"go_back_to_spawn_failed": {
				"remove": {
					"component_groups": [
						"go_back_to_spawn"
					]
				}
			},
			"become_angry_event": {
				"add": {
					"component_groups": [
						"angry"
					]
				}
			},
			"become_calm_event": {
				"remove": {
					"component_groups": [
						"angry"
					]
				}
			},
			"have_sheild": {
				"add": {
					"component_groups": [
						"use_sheild"
					]
				},
				"remove": {
					"component_groups": [
						"no_sheild"
					]
				}
			},
			"off_shield": {
				"remove": {
					"component_groups": [
						"shield"
					]
				},
				"add": {
					"component_groups": [
						"cooldown_sheild"
					]
				}
			},
			"on_shield": {
				"add": {
					"component_groups": [
						"shield"
					]
				},
				"remove": {
					"component_groups": [
						"cooldown_sheild"
					]
				}
			},
			"use_sheild": {
				"add": {
					"component_groups": [
						"angry",
						"shield"
					]
				}
			},
			"minecraft:from_village": {
				"add": {
					"component_groups": [
						"move_to_village",
						"minecraft:raid_configuration",
						"alert_for_attack_targets",
						"trade",
						"interactable_villager",
						"melee_unit",
						"minecraft:behavior.find_mount",
						"no_sheild",
						"panic"
					]
				}
			},
			"minecraft:entity_transformed": {
				"add": {
					"component_groups": [
						"move_to_village",
						"minecraft:raid_configuration",
						"alert_for_attack_targets",
						"trade",
						"melee_unit", "interactable_villager",
						"minecraft:behavior.find_mount",
						"no_sheild",
						"panic"
					]
				}
			},
			"inside": {
				"remove": {
					"component_groups": [
						"outside",
						"equipment_crossbow"
					]
				},
				"add": {
					"component_groups": [
						"inside",
						"equipment_axe"
					]
				}
			},
			"admire_item_started_event": {
				"remove": {
					"component_groups": [
						"interactable_villager"
					]
				}
			},
			"admire_item_stopped_event": {
				"add": {
					"component_groups": [
						"interactable_villager"
					]
				}
			},
			"outside": {
				"remove": {
					"component_groups": [
						"inside",
						"equipment_axe"
					]
				},
				"add": {
					"component_groups": [
						"outside",
						"equipment_crossbow"
					]
				}
			}
		}
	}
}