{
	"format_version": "1.17.0",
	"minecraft:entity": {
		"description": {
			"identifier": "va:villager_potion",
			"is_spawnable": true,
			"is_summonable": true,
			"is_experimental": false,
			"runtime_identifier": "minecraft:pillager"
		},
		"component_groups": {
			"regeneration_potion": {
				"minecraft:behavior.ranged_attack": {
					"priority": 4,
					"attack_interval_min": 2,
					"attack_interval_max": 2,
					"attack_radius": 5,
					"speed_multiplier": 1
				},
				"minecraft:shooter": {
					"def": "splash_potion",
					"aux_val": 21
				},
				"minecraft:variant": {
					"value": 0
				},
				"minecraft:timer": {
					"time": [
						8,
						10
					],
					"time_down_event": {
						"event": "no_potion",
						"target": "self"
					}
				}
			},
			"speed_potion": {
				"minecraft:behavior.ranged_attack": {
					"priority": 4,
					"attack_interval_min": 2,
					"attack_interval_max": 2,
					"attack_radius": 5,
					"speed_multiplier": 1
				},
				"minecraft:shooter": {
					"def": "splash_potion",
					"aux_val": 14
				},
				"minecraft:variant": {
					"value": 0
				},
				"minecraft:timer": {
					"time": [
						8,
						10
					],
					"time_down_event": {
						"event": "no_potion",
						"target": "self"
					}
				}
			},
			"fire_resistance_potion": {
				"minecraft:behavior.ranged_attack": {
					"priority": 4,
					"attack_interval_min": 2,
					"attack_interval_max": 2,
					"attack_radius": 5,
					"speed_multiplier": 1
				},
				"minecraft:shooter": {
					"def": "splash_potion",
					"aux_val": 12
				},
				"minecraft:variant": {
					"value": 0
				},
				"minecraft:timer": {
					"time": [
						8,
						10
					],
					"time_down_event": {
						"event": "no_potion",
						"target": "self"
					}
				}
			},
			"slow_falling_potion": {
				"minecraft:behavior.ranged_attack": {
					"priority": 4,
					"attack_interval_min": 2,
					"attack_interval_max": 2,
					"attack_radius": 5,
					"speed_multiplier": 1
				},
				"minecraft:shooter": {
					"def": "splash_potion",
					"aux_val": 40
				},
				"minecraft:variant": {
					"value": 0
				},
				"minecraft:timer": {
					"time": [
						8,
						10
					],
					"time_down_event": {
						"event": "no_potion",
						"target": "self"
					}
				}
			},
			"strenght_potion": {
				"minecraft:behavior.ranged_attack": {
					"priority": 4,
					"attack_interval_min": 2,
					"attack_interval_max": 2,
					"attack_radius": 5,
					"speed_multiplier": 1
				},
				"minecraft:shooter": {
					"def": "splash_potion",
					"aux_val": 31
				},
				"minecraft:variant": {
					"value": 0
				},
				"minecraft:timer": {
					"time": [
						8,
						10
					],
					"time_down_event": {
						"event": "no_potion",
						"target": "self"
					}
				}
			},
			"minecraft:behavior.find_mount":{
				"priority": 3,
				"within_radius": 18,
				"avoid_water": true,
				"start_delay": 50,
				"target_needed": false,
				"mount_distance": 2.0
			},
			"poison": {
				"minecraft:behavior.ranged_attack": {
					"priority": 4,
					"attack_interval_min": 2,
					"attack_interval_max": 2,
					"attack_radius": 10,
					"speed_multiplier": 1
				},
				"minecraft:shooter": {
					"def": "splash_potion",
					"aux_val": 25
				},
				"minecraft:variant": {
					"value": 0
				},
				"minecraft:timer": {
					"time": [
						8,
						10
					],
					"time_down_event": {
						"event": "no_potion",
						"target": "self"
					}
				}
			},
			"id": {
				"minecraft:behavior.ranged_attack": {
					"priority": 4,
					"attack_interval_min": 2,
					"attack_interval_max": 2,
					"attack_radius": 10,
					"speed_multiplier": 1
				},
				"minecraft:shooter": {
					"def": "splash_potion",
					"aux_val": 23
				},
				"minecraft:variant": {
					"value": 0
				},
				"minecraft:timer": {
					"time": [
						8,
						10
					],
					"time_down_event": {
						"event": "no_potion",
						"target": "self"
					}
				}
			},
			"slowness": {
				"minecraft:behavior.ranged_attack": {
					"priority": 4,
					"attack_interval_min": 2,
					"attack_interval_max": 2,
					"attack_radius": 10,
					"speed_multiplier": 1
				},
				"minecraft:shooter": {
					"def": "splash_potion",
					"aux_val": 17
				},
				"minecraft:variant": {
					"value": 0
				},
				"minecraft:timer": {
					"time": [
						8,
						10
					],
					"time_down_event": {
						"event": "no_potion",
						"target": "self"
					}
				}
			},
			"wither": {
				"minecraft:behavior.ranged_attack": {
					"priority": 4,
					"attack_interval_min": 2,
					"attack_interval_max": 2,
					"attack_radius": 10,
					"speed_multiplier": 1
				},
				"minecraft:shooter": {
					"def": "splash_potion",
					"aux_val": 36
				},
				"minecraft:variant": {
					"value": 0
				},
				"minecraft:timer": {
					"time": [
						8,
						10
					],
					"time_down_event": {
						"event": "no_potion",
						"target": "self"
					}
				}
			},
			"weakness": {
				"minecraft:behavior.ranged_attack": {
					"priority": 4,
					"attack_interval_min": 2,
					"attack_interval_max": 2,
					"attack_radius": 10,
					"speed_multiplier": 1
				},
				"minecraft:shooter": {
					"def": "splash_potion",
					"aux_val": 34
				},
				"minecraft:variant": {
					"value": 0
				},
				"minecraft:timer": {
					"time": [
						8,
						10
					],
					"time_down_event": {
						"event": "no_potion",
						"target": "self"
					}
				}
			},
			"panic": {
				"minecraft:behavior.avoid_mob_type": {
					"remove_target": true,
					"max_dist": 2,
					"sprint_speed_multiplier": 1.2,
					"walk_speed_multiplier": 1,
					"priority": 2,
					"sprint_distance": 5,
					"entity_types": [
						{
							"filters": {
								"any_of": [
									{
										"test": "is_family",
										"subject": "other",
										"value": "monster"
									},
									{
										"test": "is_family",
										"subject": "other",
										"value": "illager"
									}
								]
							}
						}
					],
					"on_escape_event": {
						"event": "become_calm_event",
						"target": "self"
					}
				},
				"minecraft:behavior.panic": {
					"priority": 2,
					"speed_multiplier": 1
				}
			},
			"defender": {
				"minecraft:behavior.defend_village_target": {
					"priority": 1,
					"must_reach": true,
					"attack_chance": 0.05,
					"entity_types": {
						"filters": {
							"any_of": [
								{
									"test": "is_family",
									"subject": "other",
									"value": "mob"
								},
								{
									"test": "is_family",
									"subject": "other",
									"value": "player"
								}
							]
						}
					}
				},
				"minecraft:behavior.move_through_village": {
					"priority": 3,
					"only_at_night": true,
					"speed_multiplier": 0.6
				},
				"minecraft:dweller": {
					"dwelling_type": "village",
					"dweller_role": "defender",
					"update_interval_base": 60,
					"update_interval_variant": 40,
					"can_find_poi": false,
					"can_migrate": true,
					"first_founding_reward": 0
				},
				"minecraft:preferred_path": {
					"max_fall_blocks": 1,
					"jump_cost": 5,
					"default_block_cost": 1.5,
					"preferred_path_blocks": [
						{
							"cost": 0,
							"blocks": [
								"grass_path"
							]
						},
						{
							"cost": 1,
							"blocks": [
								"stone",
								"cobblestone",
								"stonebrick",
								"sandstone",
								"mossy_cobblestone",
								"stone_slab",
								"stone_slab2",
								"stone_slab3",
								"stone_slab4",
								"double_stone_slab",
								"double_stone_slab2",
								"double_stone_slab3",
								"double_stone_slab4",
								"wooden_slab",
								"double_wooden_slab",
								"planks",
								"brick_block",
								"nether_brick",
								"red_nether_brick",
								"end_bricks",
								"red_sandstone",
								"stained_glass",
								"glass",
								"glowstone",
								"prismarine",
								"emerald_block",
								"diamond_block",
								"lapis_block",
								"gold_block",
								"redstone_block",
								"purple_glazed_terracotta",
								"white_glazed_terracotta",
								"orange_glazed_terracotta",
								"magenta_glazed_terracotta",
								"light_blue_glazed_terracotta",
								"yellow_glazed_terracotta",
								"lime_glazed_terracotta",
								"pink_glazed_terracotta",
								"gray_glazed_terracotta",
								"silver_glazed_terracotta",
								"cyan_glazed_terracotta",
								"blue_glazed_terracotta",
								"brown_glazed_terracotta",
								"green_glazed_terracotta",
								"red_glazed_terracotta",
								"black_glazed_terracotta"
							]
						},
						{
							"cost": 50,
							"blocks": [
								"bed",
								"lectern",
								"composter",
								"grindstone",
								"blast_furnace",
								"smoker",
								"fletching_table",
								"cartography_table",
								"brewing_stand",
								"smithing_table",
								"cauldron",
								"barrel",
								"loom",
								"stonecutter"
							]
						}
					]
				}
			},
			"angry": {
				"minecraft:angry": {
					"duration": 30,
					"broadcast_anger": true,
					"broadcast_anger_on_attack": false,
					"broadcast_anger_on_being_attacked": true,
					"broadcast_range": 16,
					"broadcast_targets": [
						"irongolem"
					],
					"calm_event": {
						"event": "become_calm_event",
						"target": "self"
					},
					"filters": {
						"all_of": [
							{
								"test": "is_family",
								"subject": "other",
								"operator": "!=",
								"value": "irongolem"
							}
						]
					},
					"angry_sound": "angry",
					"sound_interval": {
						"range_min": 2,
						"range_max": 5
					}
				}
			},
			"desert_villager": {
				"minecraft:mark_variant": {
					"value": 1
				}
			},
			"jungle_villager": {
				"minecraft:mark_variant": {
					"value": 2
				}
			},
			"savanna_villager": {
				"minecraft:mark_variant": {
					"value": 3
				}
			},
			"snow_villager": {
				"minecraft:mark_variant": {
					"value": 4
				}
			},
			"swamp_villager": {
				"minecraft:mark_variant": {
					"value": 5
				}
			},
			"taiga_villager": {
				"minecraft:mark_variant": {
					"value": 6
				}
			},
			"alert_for_attack_targets": {
				"minecraft:behavior.nearest_attackable_target": {
					"priority": 2,
					"must_see": true,
					"reselect_targets": true,
					"within_radius": 40,
					"entity_types": [
						{
							"filters": {
								"any_of": [
									{
										"test": "is_family",
										"subject": "other",
										"value": "illager"
									},
									{
										"test": "is_family",
										"subject": "other",
										"value": "zombie"
									},
									{
										"all_of": [
											{
												"test": "is_family",
												"subject": "other",
												"value": "monster"
											},
											{
												"test": "is_family",
												"subject": "other",
												"operator": "!=",
												"value": "creeper"
											},
											{
												"test": "is_family",
												"subject": "other",
												"operator": "!=",
												"value": "phantom"
											},
											{
												"test": "is_family",
												"subject": "other",
												"operator": "!=",
												"value": "enderman"
											}
										]
									}
								]
							},
							"max_dist": 40
						}
					]
				}
			},
			"heal": {
				"minecraft:behavior.nearest_attackable_target": {
					"priority": 3,
					"within_radius": 30,
					"reselect_targets": true,
					"must_see": true,
					"entity_types": [
						{
							"filters": {
								"all_of": [
									{
										"any_of": [
											{
												"test": "is_family",
												"subject": "other",
												"value": "villager"
											},
											{
												"test": "is_family",
												"subject": "other",
												"value": "irongolem"
											},
											{
												"test": "is_family",
												"subject": "other",
												"value": "player"
											}
										]
									},
									{
										"test": "is_missing_health",
										"subject": "other",
										"operator": "==",
										"value": true
									}
								]
							}
						}
					]
				}
			},
			"go_back_to_spawn": {
				"minecraft:behavior.go_home": {
					"priority": 8,
					"interval": 200,
					"speed_multiplier": 0.6,
					"goal_radius": 4,
					"on_failed": {
						"event": "go_back_to_spawn_failed",
						"target": "self"
					}
				}
			},
			"move_to_village": {
				"minecraft:behavior.move_to_village": {
					"goal_radius": 2,
					"priority": 6,
					"speed_multiplier": 0.7
				}
			}
		},
		"components": {
			"minecraft:is_hidden_when_invisible": {},
			"minecraft:collision_box": {
				"width": 0.6,
				"height": 1.9
			},
			"minecraft:type_family": {
				"family": [
					"villager",
					"potion",
					"mob",
					"villager_soldier"
				]
			},
			"minecraft:behavior.random_sitting": {
				"priority": 6,
				"start_chance": 0.02,
				"stop_chance": 0.2,
				"cooldown": 10,
				"min_sit_time": 1
			},
			"minecraft:home": {},
			"minecraft:conditional_bandwidth_optimization": {},
			"minecraft:on_hurt": {
				"event": "become_angry_event",
				"target": "self"
			},
			"minecraft:on_target_acquired": {
				"event": "potion",
				"target": "self"
			},
			"minecraft:on_target_escape": {
				"event": "no_potion",
				"target": "self"
			},
			"minecraft:breathable": {
				"total_supply": 15,
				"suffocate_time": 0
			},
			"minecraft:health": {
				"value": 30,
				"max": 30
			},
			"minecraft:hurt_on_condition": {
				"damage_conditions": [
					{
						"filters": {
							"test": "in_lava",
							"subject": "self",
							"operator": "==",
							"value": true
						},
						"cause": "lava",
						"damage_per_tick": 4
					}
				]
			},
			"minecraft:movement": {
				"value": 0.35
			},
			"minecraft:navigation.walk": {
				"can_path_over_water": true,
				"can_open_doors": true,
				"avoid_water": true
			},
			"minecraft:behavior.avoid_mob_type": {
				"priority": 1,
				"entity_types": [
					{
						"filters": {
							"any_of": [
								{
									"test": "is_family",
									"subject": "other",
									"value": "illager"
								},
								{
									"test": "is_family",
									"subject": "other",
									"value": "ghast"
								},
								{
									"test": "is_family",
									"subject": "other",
									"value": "piglin"
								}
							]
						},
						"max_dist": 4
					},
					{
						"filters": {
							"all_of": [
								{
									"test": "is_family",
									"subject": "other",
									"value": "monster"
								},
								{
									"test": "is_family",
									"subject": "other",
									"operator": "!=",
									"value": "creeper"
								}
							]
						},
						"max_dist": 4
					},
					{
						"filters": {
							"all_of": [
								{
									"test": "is_family",
									"subject": "other",
									"value": "monster"
								},
								{
									"test": "is_family",
									"subject": "other",
									"operator": "!=",
									"value": "enderman"
								}
							]
						},
						"max_dist": 4
					}
				]
			},
			"minecraft:annotation.open_door": {},
			"minecraft:movement.basic": {},
			"minecraft:jump.static": {},
			"minecraft:nameable": {},
			"minecraft:behavior.hurt_by_target": {
				"priority": 1,
				"entity_types": [
					{
						"filters": {
							"all_of": [
								{
									"test": "is_family",
									"subject": "other",
									"value": "player"
								},
								{
									"test": "has_mob_effect",
									"subject": "other",
									"operator": "!=",
									"value": "village_hero"
								}
							]
						}
					}
				]
			},
			"minecraft:behavior.random_stroll": {
				"priority": 7,
				"speed_multiplier": 0.6
			},
			"minecraft:behavior.move_to_land": {
				"priority": 5,
				"goal_radius": 0.5,
				"search_range": 16,
				"search_height": 5,
				"speed_multiplier": 1
			},
			"minecraft:behavior.look_at_player": {
				"priority": 8,
				"look_distance": 8
			},
			"minecraft:behavior.random_look_around": {
				"priority": 9
			},
			"minecraft:physics": {},
			"minecraft:pushable": {
				"is_pushable": true,
				"is_pushable_by_piston": true
			},
			"minecraft:follow_range": {
				"value": 64
			},
			"minecraft:behavior.avoid_mob_type": {
				"priority": 1,
				"entity_types": [
					{
						"filters": {
							"any_of": [
								{
									"test": "is_family",
									"subject": "other",
									"value": "illager"
								},
								{
									"test": "is_family",
									"subject": "other",
									"value": "ghast"
								},
								{
									"test": "is_family",
									"subject": "other",
									"value": "piglin"
								}
							]
						},
						"max_dist": 3
					},
					{
						"filters": {
							"all_of": [
								{
									"test": "is_family",
									"subject": "other",
									"value": "monster"
								},
								{
									"test": "is_family",
									"subject": "other",
									"operator": "!=",
									"value": "creeper"
								}
							]
						},
						"max_dist": 3
					},
					{
						"filters": {
							"all_of": [
								{
									"test": "is_family",
									"subject": "other",
									"value": "monster"
								},
								{
									"test": "is_family",
									"subject": "other",
									"operator": "!=",
									"value": "enderman"
								}
							]
						},
						"max_dist": 3
					}
				]
			},
			"minecraft:behavior.float": {
				"priority": 0
			},
			"minecraft:damage_sensor": {
				"triggers": [
					{
						"on_damage": {
							"filters": {
								"all_of": [
									{
										"test": "is_family",
										"subject": "other",
										"value": "irongolem"
									}
								]
							}
						},
						"deals_damage": false
					}
				]
			},
			"minecraft:healable": {
				"items": [
					{
						"item": "minecraft:cooked_beef",
						"heal_amount": 8
					},
					{
						"item": "minecraft:cooked_porkchop",
						"heal_amount": 7
					},
					{
						"item": "minecraft:cooked_chicken",
						"heal_amount": 5
					},
					{
						"item": "minecraft:cooked_rabbit",
						"heal_amount": 7
					},
					{
						"item": "minecraft:cooked_fish",
						"heal_amount": 4
					},
					{
						"item": "minecraft:cooked_salmon",
						"heal_amount": 8
					},
					{
						"item": "golden_carrot",
						"heal_amount": 20,
						"effects": [
							{
								"name": "regeneration",
								"amplifier": 1,
								"duration": 10
							}
						]
					},
					{
						"item": "golden_apple",
						"heal_amount": 20,
						"effects": [
							{
								"name": "regeneration",
								"amplifier": 2,
								"duration": 10
							},
							{
								"name": "resistance",
								"amplifier": 1,
								"duration": 120
							}
						]
					},
					{
						"item": "enchanted_golden_apple",
						"heal_amount": 20,
						"effects": [
							{
								"name": "regeneration",
								"amplifier": 2,
								"duration": 20
							},
							{
								"name": "resistance",
								"amplifier": 1,
								"duration": 280
							},
							{
								"name": "absorption",
								"amplifier": 4,
								"duration": 120
							},
							{
								"name": "fire_resistance",
								"amplifier": 1,
								"duration": 280
							}
						]
					}
				]
			}
		},
		"events": {
			"minecraft:entity_spawned": {
				"sequence": [
					{
						"filters": {
							"any_of": [
								{
									"test": "has_biome_tag",
									"value": "desert"
								},
								{
									"test": "has_biome_tag",
									"value": "mesa"
								}
							]
						},
						"add": {
							"component_groups": [
								"desert_villager"
							]
						}
					},
					{
						"filters": {
							"test": "has_biome_tag",
							"value": "jungle"
						},
						"add": {
							"component_groups": [
								"jungle_villager"
							]
						}
					},
					{
						"filters": {
							"test": "has_biome_tag",
							"value": "savanna"
						},
						"add": {
							"component_groups": [
								"savanna_villager"
							]
						}
					},
					{
						"filters": {
							"any_of": [
								{
									"all_of": [
										{
											"test": "has_biome_tag",
											"value": "cold"
										},
										{
											"test": "has_biome_tag",
											"operator": "!=",
											"value": "ocean"
										}
									]
								},
								{
									"test": "has_biome_tag",
									"value": "frozen"
								}
							]
						},
						"add": {
							"component_groups": [
								"snow_villager"
							]
						}
					},
					{
						"filters": {
							"test": "has_biome_tag",
							"value": "swamp"
						},
						"add": {
							"component_groups": [
								"swamp_villager"
							]
						}
					},
					{
						"filters": {
							"all_of": [
								{
									"any_of": [
										{
											"test": "has_biome_tag",
											"value": "taiga"
										},
										{
											"test": "has_biome_tag",
											"value": "extreme_hills"
										}
									]
								},
								{
									"test": "has_biome_tag",
									"operator": "!=",
									"value": "cold"
								}
							]
						},
						"add": {
							"component_groups": [
								"taiga_villager"
							]
						}
					},
					{
						"add": {
							"component_groups": [
								"move_to_village",
								"go_back_to_spawn",
								"alert_for_attack_targets",
								"panic",
								"minecraft:behavior.find_mount"
							]
						}
					}
				]
			},
			"potion": {
				"randomize": [
					{
						"weight": 26,
						"add": {
							"component_groups": [
								"slowness",
								"alert_for_attack_targets"
							]
						}
					},
					{
						"weight": 25,
						"add": {
							"component_groups": [
								"weakness",
								"alert_for_attack_targets"
							]
						}
					},
					{
						"weight": 22,
						"add": {
							"component_groups": [
								"wither",
								"alert_for_attack_targets"
							]
						}
					},
					{
						"weight": 26,
						"add": {
							"component_groups": [
								"regeneration_potion",
								"heal"
							]
						}
					},
					{
						"weight": 15,
						"add": {
							"component_groups": [
								"fire_resistance_potion",
								"heal"
							]
						}
					},
					{
						"weight": 23,
						"add": {
							"component_groups": [
								"speed_potion",
								"heal"
							]
						}
					},
					{
						"weight": 16,
						"add": {
							"component_groups": [
								"strenght_potion",
								"heal"
							]
						}
					},
					{
						"weight": 14,
						"add": {
							"component_groups": [
								"slow_falling_potion",
								"heal"
							]
						}
					},
					{
						"weight": 24,
						"add": {
							"component_groups": [
								"poison",
								"alert_for_attack_targets"
							]
						}
					},
					{
						"weight": 14,
						"add": {
							"component_groups": [
								"id",
								"alert_for_attack_targets"
							]
						}
					}
				]
			},
			"no_potion": {
				"remove": {
					"component_groups": [
						"poison",
						"weakness",
						"slowness",
						"wither",
						"regeneration_potion",
						"heal",
						"id",
						"alert_for_attack_targets",
						"speed_potion",
						"fire_resistance_potion",
						"slow_falling_potion",
						"strenght_potion"
					]
				}
			},
			"become_angry_event": {
				"add": {
					"component_groups": [
						"angry"
					]
				}
			},
			"become_calm_event": {
				"remove": {
					"component_groups": [
						"angry"
					]
				}
			},
			"go_back_to_spawn_failed": {
				"remove": {
					"component_groups": [
						"go_back_to_spawn"
					]
				}
			},
			"minecraft:from_village": {
				"sequence": [
					{
						"filters": {
							"any_of": [
								{
									"test": "has_biome_tag",
									"value": "desert"
								},
								{
									"test": "has_biome_tag",
									"value": "mesa"
								}
							]
						},
						"add": {
							"component_groups": [
								"desert_villager"
							]
						}
					},
					{
						"filters": {
							"test": "has_biome_tag",
							"value": "jungle"
						},
						"add": {
							"component_groups": [
								"jungle_villager"
							]
						}
					},
					{
						"filters": {
							"test": "has_biome_tag",
							"value": "savanna"
						},
						"add": {
							"component_groups": [
								"savanna_villager"
							]
						}
					},
					{
						"filters": {
							"any_of": [
								{
									"all_of": [
										{
											"test": "has_biome_tag",
											"value": "cold"
										},
										{
											"test": "has_biome_tag",
											"operator": "!=",
											"value": "ocean"
										}
									]
								},
								{
									"test": "has_biome_tag",
									"value": "frozen"
								}
							]
						},
						"add": {
							"component_groups": [
								"snow_villager"
							]
						}
					},
					{
						"filters": {
							"test": "has_biome_tag",
							"value": "swamp"
						},
						"add": {
							"component_groups": [
								"swamp_villager"
							]
						}
					},
					{
						"filters": {
							"all_of": [
								{
									"any_of": [
										{
											"test": "has_biome_tag",
											"value": "taiga"
										},
										{
											"test": "has_biome_tag",
											"value": "extreme_hills"
										}
									]
								},
								{
									"test": "has_biome_tag",
									"operator": "!=",
									"value": "cold"
								}
							]
						},
						"add": {
							"component_groups": [
								"taiga_villager"
							]
						}
					},
					{
						"add": {
							"component_groups": [
								"alert_for_attack_targets",
								"defender",
								"panic",
								"minecraft:behavior.find_mount"
							]
						}
					}
				]
			},
			"minecraft:entity_transformed": {
				"sequence": [
					{
						"filters": {
							"any_of": [
								{
									"test": "has_biome_tag",
									"value": "desert"
								},
								{
									"test": "has_biome_tag",
									"value": "mesa"
								}
							]
						},
						"add": {
							"component_groups": [
								"desert_villager"
							]
						}
					},
					{
						"filters": {
							"test": "has_biome_tag",
							"value": "jungle"
						},
						"add": {
							"component_groups": [
								"jungle_villager"
							]
						}
					},
					{
						"filters": {
							"test": "has_biome_tag",
							"value": "savanna"
						},
						"add": {
							"component_groups": [
								"savanna_villager"
							]
						}
					},
					{
						"filters": {
							"any_of": [
								{
									"all_of": [
										{
											"test": "has_biome_tag",
											"value": "cold"
										},
										{
											"test": "has_biome_tag",
											"operator": "!=",
											"value": "ocean"
										}
									]
								},
								{
									"test": "has_biome_tag",
									"value": "frozen"
								}
							]
						},
						"add": {
							"component_groups": [
								"snow_villager"
							]
						}
					},
					{
						"filters": {
							"test": "has_biome_tag",
							"value": "swamp"
						},
						"add": {
							"component_groups": [
								"swamp_villager"
							]
						}
					},
					{
						"filters": {
							"all_of": [
								{
									"any_of": [
										{
											"test": "has_biome_tag",
											"value": "taiga"
										},
										{
											"test": "has_biome_tag",
											"value": "extreme_hills"
										}
									]
								},
								{
									"test": "has_biome_tag",
									"operator": "!=",
									"value": "cold"
								}
							]
						},
						"add": {
							"component_groups": [
								"taiga_villager"
							]
						}
					},
					{
						"add": {
							"component_groups": [
								"alert_for_attack_targets",
								"defender",
								"panic",
								"minecraft:behavior.find_mount"
							]
						}
					}
				]
			}
		}
	}
}