{
	"format_version": "1.17.0",
	"minecraft:entity": {
		"description": {
			"identifier": "va:villager_builder",
			"is_spawnable": true,
			"is_summonable": true,
			"is_experimental": false,
			"runtime_identifier": "minecraft:villager_v2"
		},
		"component_groups": {
			"timer": {
				"minecraft:timer": {
					"time": 600,
					"time_down_event": {
						"event": "blacksmith",
						"target": "self"
					}
				}
			},
			"blacksmith": {
				"minecraft:transformation": {
					"into": "va:skilled_blacksmith",
					"preserve_equipment": true
				}
			}
		},
		"components": {
			"minecraft:is_hidden_when_invisible": {},
			"minecraft:collision_box": {
				"width": 0.6,
				"height": 1.9
			},
			"minecraft:type_family": {
				"family": [
					"villager",
					"builder"
				]
			},
			"minecraft:equipment": {
				"table": "loot_tables/tool.json"
			},
			"minecraft:conditional_bandwidth_optimization": {},
			"minecraft:breathable": {
				"total_supply": 15,
				"suffocate_time": 0
			},
			"minecraft:health": {
				"value": 20,
				"max": 20
			},
			"minecraft:hurt_on_condition": {
				"damage_conditions": [
					{
						"filters": {
							"test": "in_lava",
							"subject": "self",
							"operator": "==",
							"value": true
						},
						"cause": "lava",
						"damage_per_tick": 4
					}
				]
			},
			"minecraft:movement": {
				"value": 0.4
			},
			"minecraft:navigation.walk": {
				"can_path_over_water": true,
				"can_open_doors": true,
				"avoid_water": true
			},
			"minecraft:behavior.avoid_mob_type": {
				"priority": 1,
				"entity_types": [
					{
						"filters": {
							"any_of": [
								{
									"test": "is_family",
									"subject": "other",
									"value": "illager"
								},
								{
									"test": "is_family",
									"subject": "other",
									"value": "ghast"
								},
								{
									"test": "is_family",
									"subject": "other",
									"value": "piglin"
								}
							]
						},
						"max_dist": 4
					},
					{
						"filters": {
							"all_of": [
								{
									"test": "is_family",
									"subject": "other",
									"value": "monster"
								},
								{
									"test": "is_family",
									"subject": "other",
									"operator": "!=",
									"value": "creeper"
								}
							]
						},
						"max_dist": 4
					},
					{
						"filters": {
							"all_of": [
								{
									"test": "is_family",
									"subject": "other",
									"value": "monster"
								},
								{
									"test": "is_family",
									"subject": "other",
									"operator": "!=",
									"value": "enderman"
								}
							]
						},
						"max_dist": 4
					}
				]
			},
			"minecraft:annotation.open_door": {},
			"minecraft:movement.basic": {},
			"minecraft:jump.static": {},
			"minecraft:nameable": {},
			"minecraft:behavior.hurt_by_target": {
				"priority": 1,
				"entity_types": [
					{
						"filters": {
							"all_of": [
								{
									"test": "is_family",
									"subject": "other",
									"value": "player"
								},
								{
									"test": "has_mob_effect",
									"subject": "other",
									"operator": "!=",
									"value": "village_hero"
								}
							]
						}
					}
				]
			},
			"minecraft:behavior.random_stroll": {
				"priority": 7,
				"speed_multiplier": 0.6
			},
			"minecraft:behavior.move_to_land": {
				"priority": 5,
				"goal_radius": 0.5,
				"search_range": 16,
				"search_height": 5,
				"speed_multiplier": 1
			},
			"minecraft:behavior.look_at_player": {
				"priority": 8,
				"look_distance": 8
			},
			"minecraft:behavior.random_look_around": {
				"priority": 9
			},
			"minecraft:physics": {},
			"minecraft:pushable": {
				"is_pushable": true,
				"is_pushable_by_piston": true
			},
			"minecraft:follow_range": {
				"value": 64
			},
			"minecraft:behavior.eat_block": {
				"priority": 1,
				"success_chance": "query.is_baby ? 0.1 : 0.08",
				"time_until_eat": 0.4,
				"eat_and_replace_block_pairs": [
					{
						"eat_block": "minecraft:dirt",
						"replace_block": "va:villager_structure"
					},
					{
						"eat_block": "minecraft:grass",
						"replace_block": "va:villager_structure"
					},
					{
						"eat_block": "minecraft:snow",
						"replace_block": "va:villager_structure"
					},
					{
						"eat_block": "minecraft:stone",
						"replace_block": "va:villager_structure"
					},
					{
						"eat_block": "minecraft:snow_ layer",
						"replace_block": "va:villager_structure"
					},
					{
						"eat_block": "minecraft:sand",
						"replace_block": "va:villager_structure"
					}
				],
				"on_eat": {
					"event": "blacksmith",
					"target": "self"
				}
			},
			"minecraft:behavior.float": {
				"priority": 0
			},
			"minecraft:damage_sensor": {
				"triggers": [
					{
						"on_damage": {
							"filters": {
								"all_of": [
									{
										"test": "is_family",
										"subject": "other",
										"value": "irongolem"
									}
								]
							}
						},
						"deals_damage": false
					}
				]
			},
			"minecraft:behavior.avoid_block": {
				"priority": 0,
				"tick_interval": 0,
				"search_range": 5,
				"search_height": 3,
				"sprint_speed_modifier": 1.1,
				"target_selection_method": "nearest",
				"target_blocks": [
					"minecraft:chiseled_deepslate",
					"minecraft:cobbled_deepslate",
					"minecraft:cobbled_deepslate_slab",
					"minecraft:deepslate_brick_slab",
					"minecraft:deepslate_brick_stairs",
					"minecraft:deepslate_brick_wall",
					"minecraft:polished_deepslate",
					"minecraft:polished_deepslate_slab",
					"minecraft:polished_deepslate_stairs",
					"minecraft:polished_deepslate_wall",
					"minecraft:smooth_basalt",
					"minecraft:waxed_cut_copper_slab",
					"minecraft:waxed_exposed_cut_copper_stairs",
					"minecraft:acacia_fence_gate",
					"minecraft:birch_fence_gate",
					"minecraft:cobblestone",
					"minecraft:cobblestone_wall",
					"minecraft:crimson_fence",
					"minecraft:crimson_fence_gate",
					"minecraft:dark_oak_fence_gate",
					"minecraft:dark_oak_trapdoor",
					"minecraft:fence",
					"minecraft:fence_gate",
					"minecraft:grass_path",
					"minecraft:jungle_fence_gate",
					"minecraft:nether_brick_fence",
					"minecraft:planks",
					"minecraft:smooth_stone",
					"minecraft:spruce_fence_gate",
					"minecraft:stone_slab",
					"minecraft:stone_slab2",
					"minecraft:stone_slab3",
					"minecraft:stone_slab4",
					"minecraft:stripped_birch_log",
					"minecraft:stripped_dark_oak_log",
					"minecraft:stripped_oak_log",
					"minecraft:warped_fence",
					"minecraft:warped_fence_gate",
					"minecraft:warped_slab",
					"minecraft:wood",
					"minecraft:wooden_slab",
					"minecraft:wool"
				],
				"avoid_block_sound": "retreat",
				"sound_interval": {
					"range_min": 2.0,
					"range_max": 5.0
				}
			}
		},
		"events": {
			"minecraft:entity_spawned": {
				"add": {
					"component_groups": [
						"timer"
					]
				}
			},
			"blacksmith": {
				"add": {
					"component_groups": [
						"blacksmith"
					]
				}
			}
		}
	}
}