{
	"format_version": "1.17.0",
	"minecraft:entity": {
		"description": {
			"identifier": "va:villager_king",
			"is_spawnable": true,
			"is_summonable": true,
			"is_experimental": false,
			"runtime_identifier": "minecraft:pillager",
			"animations": {
				"shield": "animation.shield"
			},
			"scripts": {
				"animate": [
					{
						"shield": "query.is_stunned"
					}
				]
			}
		},
		"component_groups": {
			"angry": {
				"minecraft:angry": {
					"duration": 30,
					"broadcast_anger": true,
					"broadcast_anger_on_attack": true,
					"broadcast_anger_on_being_attacked": true,
					"broadcast_range": 30,
					"broadcast_targets": [
						"villager"
					],
					"calm_event": {
						"event": "become_calm_event",
						"target": "self"
					},
					"filters": {
						"all_of": [
							{
								"test": "is_family",
								"subject": "other",
								"operator": "!=",
								"value": "villager"
							}
						]
					},
					"angry_sound": "angry",
					"sound_interval": {
						"range_min": 2,
						"range_max": 5
					}
				}
			},
			"minecraft:behavior.find_mount":{
				"priority": 3,
				"within_radius": 18,
				"avoid_water": true,
				"start_delay": 50,
				"target_needed": false,
				"mount_distance": 2.0
			},
			"equipment_axe": {
				"minecraft:equipment": {
					"table": "loot_tables/villager_axe.json"
				}
			},
			"equipment_sword": {
				"minecraft:equipment": {
					"table": "loot_tables/villager_sword.json"
				}
			},
			"alert_for_attack_targets": {
				"minecraft:behavior.nearest_attackable_target": {
					"priority": 2,
					"must_see": true,
					"reselect_targets": true,
					"within_radius": 40,
					"entity_types": [
						{
							"filters": {
								"any_of": [
									{
										"test": "is_family",
										"subject": "other",
										"value": "illager"
									},
									{
										"test": "is_family",
										"subject": "other",
										"value": "zombie"
									},
									{
										"all_of": [
											{
												"test": "is_family",
												"subject": "other",
												"value": "monster"
											},
											{
												"test": "is_family",
												"subject": "other",
												"operator": "!=",
												"value": "creeper"
											},
											{
												"test": "is_family",
												"subject": "other",
												"operator": "!=",
												"value": "phantom"
											},
											{
												"test": "is_family",
												"subject": "other",
												"operator": "!=",
												"value": "enderman"
											}
										]
									}
								]
							},
							"max_dist": 40
						}
					]
				}
			},
			"go_back_to_spawn": {
				"minecraft:behavior.go_home": {
					"priority": 6,
					"interval": 200,
					"speed_multiplier": 0.6,
					"goal_radius": 4,
					"on_failed": {
						"event": "go_back_to_spawn_failed",
						"target": "self"
					}
				}
			},
			"minecraft:raid_configuration": {
				"minecraft:dweller": {
					"dwelling_type": "village",
					"dweller_role": "defender",
					"update_interval_base": 60,
					"update_interval_variant": 40,
					"can_find_poi": false,
					"can_migrate": false,
					"first_founding_reward": 0
				},
				"minecraft:behavior.move_towards_dwelling_restriction": {
					"priority": 4,
					"speed_multiplier": 1
				},
				"minecraft:behavior.move_through_village": {
					"priority": 3,
					"speed_multiplier": 0.6,
					"only_at_night": true
				},
				"minecraft:preferred_path": {
					"max_fall_blocks": 1,
					"jump_cost": 5,
					"default_block_cost": 1.5,
					"preferred_path_blocks": [
						{
							"cost": 0,
							"blocks": [
								"grass_path"
							]
						},
						{
							"cost": 1,
							"blocks": [
								"stone",
								"cobblestone",
								"stonebrick",
								"sandstone",
								"mossy_cobblestone",
								"stone_slab",
								"stone_slab2",
								"stone_slab3",
								"stone_slab4",
								"double_stone_slab",
								"double_stone_slab2",
								"double_stone_slab3",
								"double_stone_slab4",
								"wooden_slab",
								"double_wooden_slab",
								"planks",
								"brick_block",
								"nether_brick",
								"red_nether_brick",
								"end_bricks",
								"red_sandstone",
								"stained_glass",
								"glass",
								"glowstone",
								"prismarine",
								"emerald_block",
								"diamond_block",
								"lapis_block",
								"gold_block",
								"redstone_block",
								"purple_glazed_terracotta",
								"white_glazed_terracotta",
								"orange_glazed_terracotta",
								"magenta_glazed_terracotta",
								"light_blue_glazed_terracotta",
								"yellow_glazed_terracotta",
								"lime_glazed_terracotta",
								"pink_glazed_terracotta",
								"gray_glazed_terracotta",
								"silver_glazed_terracotta",
								"cyan_glazed_terracotta",
								"blue_glazed_terracotta",
								"brown_glazed_terracotta",
								"green_glazed_terracotta",
								"red_glazed_terracotta",
								"black_glazed_terracotta"
							]
						},
						{
							"cost": 50,
							"blocks": [
								"bed",
								"lectern",
								"composter",
								"grindstone",
								"blast_furnace",
								"smoker",
								"fletching_table",
								"cartography_table",
								"brewing_stand",
								"smithing_table",
								"cauldron",
								"barrel",
								"loom",
								"stonecutter"
							]
						}
					]
				}
			},
			"move_to_village": {
				"minecraft:behavior.move_to_village": {
					"priority": 5,
					"speed_multiplier": 1.1
				}
			},
			"no_sheild": {
				"minecraft:on_target_acquired": {
					"event": "become_angry_event",
					"target": "self"
				}
			},
			"use_sheild": {
				"minecraft:on_target_acquired": {
					"event": "use_sheild",
					"target": "self"
				}
			},
			"shield": {
				"minecraft:rideable": {
					"family_types": [
						"shield"
					],
					"seat_count": 1,
					"seats": [
						{
							"position": [
								0,
								0.4,
								0.4
							]
						}
					]
				},
				"minecraft:addrider": {
					"entity_type": "va:shield"
				},
				"minecraft:is_stunned": {},
				"minecraft:timer": {
					"time": [
						3,
						4
					],
					"time_down_event": {
						"event": "off_shield",
						"target": "self"
					}
				}
			},
			"cooldown_sheild": {
				"minecraft:timer": {
					"time": [
						2,
						3
					],
					"time_down_event": {
						"event": "on_shield",
						"target": "self"
					}
				}
			},
			"become_villager": {
				"minecraft:transformation": {
					"into": "minecraft:villager_v2",
					"drop_equipment": true
				}
			},
			"start": {
				"minecraft:timer": {
					"time": 1,
					"time_down_event": {
						"event": "default",
						"target": "self"
					}
				},
				"minecraft:variant": {
					"value": 0
				}
			},
			"default": {
				"minecraft:mob_effect": {
					"effect_range": 8,
					"mob_effect": "strength",
					"effect_time": 1,
					"entity_filter": {
						"any_of": [
							{
								"test": "is_family",
								"subject": "other",
								"value": "villager"
							},
							{
								"test": "is_family",
								"subject": "other",
								"value": "irongolem"
							}
						]
					}
				},
				"minecraft:variant": {
					"value": 1
				}
			},
			"sword": {
				"minecraft:behavior.melee_attack": {
					"priority": 4,
					"max_dist": 3,
					"speed_multiplier": 1.2,
					"track_target": true
				},
				"minecraft:attack": {
					"damage": 4
				},
				"minecraft:behavior.nearest_attackable_target": {
					"priority": 2,
					"must_see": true,
					"persist_time": 4,
					"entity_types": [
						{
							"filters": {
								"any_of": [
									{
										"test": "is_family",
										"subject": "other",
										"value": "illager"
									},
									{
										"all_of": [
											{
												"test": "is_family",
												"subject": "other",
												"value": "monster"
											},
											{
												"test": "is_family",
												"subject": "other",
												"operator": "!=",
												"value": "creeper"
											},
											{
												"test": "is_family",
												"subject": "other",
												"operator": "!=",
												"value": "enderman"
											},
											{
												"test": "is_family",
												"subject": "other",
												"operator": "!=",
												"value": "phantom"
											}
										]
									},
									{
										"test": "is_family",
										"subject": "other",
										"value": "jungle"
									}
								]
							},
							"max_dist": 20
						}
					]
				},
				"minecraft:variant": {
					"value": 1
				},
				"minecraft:shareables": {
					"items": [
						{
							"item": "minecraft:netherite_sword",
							"want_amount": 1,
							"surplus_amount": 1,
							"priority": 0
						},
						{
							"item": "minecraft:diamond_sword",
							"want_amount": 1,
							"surplus_amount": 1,
							"priority": 1
						},
						{
							"item": "minecraft:iron_sword",
							"want_amount": 1,
							"surplus_amount": 1,
							"priority": 2
						},
						{
							"item": "minecraft:stone_sword",
							"want_amount": 1,
							"surplus_amount": 1,
							"priority": 3
						},
						{
							"item": "minecraft:golden_sword",
							"want_amount": 1,
							"surplus_amount": 1,
							"priority": 4
						},
						{
							"item": "minecraft:wooden_sword",
							"want_amount": 1,
							"surplus_amount": 1,
							"priority": 5
						},
						{
							"item": "minecraft:netherite_helmet",
							"want_amount": 1,
							"surplus_amount": 1,
							"priority": 0
						},
						{
							"item": "minecraft:diamond_helmet",
							"want_amount": 1,
							"surplus_amount": 1,
							"priority": 1
						},
						{
							"item": "minecraft:iron_helmet",
							"want_amount": 1,
							"surplus_amount": 1,
							"priority": 2
						},
						{
							"item": "minecraft:chainmail_helmet",
							"want_amount": 1,
							"surplus_amount": 1,
							"priority": 3
						},
						{
							"item": "minecraft:golden_helmet",
							"want_amount": 1,
							"surplus_amount": 1,
							"priority": 4
						},
						{
							"item": "minecraft:leather_helmet",
							"want_amount": 1,
							"surplus_amount": 1,
							"priority": 5
						},
						{
							"item": "minecraft:turtle_helmet",
							"want_amount": 1,
							"surplus_amount": 1,
							"priority": 6
						},
						{
							"item": "minecraft:skull:0",
							"want_amount": 1,
							"surplus_amount": 1,
							"priority": 7
						},
						{
							"item": "minecraft:skull:1",
							"want_amount": 1,
							"surplus_amount": 1,
							"priority": 7
						},
						{
							"item": "minecraft:carved_pumpkin",
							"want_amount": 1,
							"surplus_amount": 1,
							"priority": 7
						},
						{
							"item": "minecraft:netherite_chestplate",
							"want_amount": 1,
							"surplus_amount": 1,
							"priority": 0
						},
						{
							"item": "minecraft:diamond_chestplate",
							"want_amount": 1,
							"surplus_amount": 1,
							"priority": 1
						},
						{
							"item": "minecraft:iron_chestplate",
							"want_amount": 1,
							"surplus_amount": 1,
							"priority": 2
						},
						{
							"item": "minecraft:chainmail_chestplate",
							"want_amount": 1,
							"surplus_amount": 1,
							"priority": 3
						},
						{
							"item": "minecraft:golden_chestplate",
							"want_amount": 1,
							"surplus_amount": 1,
							"priority": 4
						},
						{
							"item": "minecraft:leather_chestplate",
							"want_amount": 1,
							"surplus_amount": 1,
							"priority": 5
						},
						{
							"item": "minecraft:netherite_leggings",
							"want_amount": 1,
							"surplus_amount": 1,
							"priority": 0
						},
						{
							"item": "minecraft:diamond_leggings",
							"want_amount": 1,
							"surplus_amount": 1,
							"priority": 1
						},
						{
							"item": "minecraft:iron_leggings",
							"want_amount": 1,
							"surplus_amount": 1,
							"priority": 2
						},
						{
							"item": "minecraft:chainmail_leggings",
							"want_amount": 1,
							"surplus_amount": 1,
							"priority": 3
						},
						{
							"item": "minecraft:golden_leggings",
							"want_amount": 1,
							"surplus_amount": 1,
							"priority": 4
						},
						{
							"item": "minecraft:leather_leggings",
							"want_amount": 1,
							"surplus_amount": 1,
							"priority": 5
						},
						{
							"item": "minecraft:netherite_boots",
							"want_amount": 1,
							"surplus_amount": 1,
							"priority": 0
						},
						{
							"item": "minecraft:diamond_boots",
							"want_amount": 1,
							"surplus_amount": 1,
							"priority": 1
						},
						{
							"item": "minecraft:iron_boots",
							"want_amount": 1,
							"surplus_amount": 1,
							"priority": 2
						},
						{
							"item": "minecraft:chainmail_boots",
							"want_amount": 1,
							"surplus_amount": 1,
							"priority": 3
						},
						{
							"item": "minecraft:golden_boots",
							"want_amount": 1,
							"surplus_amount": 1,
							"priority": 4
						},
						{
							"item": "minecraft:leather_boots",
							"want_amount": 1,
							"surplus_amount": 1,
							"priority": 5
						},
						{
							"item": "minecraft:shield",
							"want_amount": 1,
							"surplus_amount": 1,
							"priority": 5
						}
					]
				}
			},
			"axe": {
				"minecraft:behavior.melee_attack": {
					"priority": 4,
					"max_dist": 3,
					"speed_multiplier": 1.2,
					"track_target": true
				},
				"minecraft:attack": {
					"damage": 6
				},
				"minecraft:behavior.nearest_attackable_target": {
					"priority": 2,
					"must_see": true,
					"persist_time": 4,
					"entity_types": [
						{
							"filters": {
								"any_of": [
									{
										"test": "is_family",
										"subject": "other",
										"value": "illager"
									},
									{
										"all_of": [
											{
												"test": "is_family",
												"subject": "other",
												"value": "monster"
											},
											{
												"test": "is_family",
												"subject": "other",
												"operator": "!=",
												"value": "creeper"
											},
											{
												"test": "is_family",
												"subject": "other",
												"operator": "!=",
												"value": "enderman"
											},
											{
												"test": "is_family",
												"subject": "other",
												"operator": "!=",
												"value": "phantom"
											}
										]
									},
									{
										"test": "is_family",
										"subject": "other",
										"value": "jungle"
									}
								]
							},
							"max_dist": 30
						}
					]
				},
				"minecraft:variant": {
					"value": 2
				},
				"minecraft:shareables": {
					"items": [
						{
							"item": "minecraft:netherite_axe",
							"want_amount": 1,
							"surplus_amount": 1,
							"priority": 0
						},
						{
							"item": "minecraft:diamond_axe",
							"want_amount": 1,
							"surplus_amount": 1,
							"priority": 1
						},
						{
							"item": "minecraft:iron_axe",
							"want_amount": 1,
							"surplus_amount": 1,
							"priority": 2
						},
						{
							"item": "minecraft:stone_axe",
							"want_amount": 1,
							"surplus_amount": 1,
							"priority": 3
						},
						{
							"item": "minecraft:golden_axe",
							"want_amount": 1,
							"surplus_amount": 1,
							"priority": 4
						},
						{
							"item": "minecraft:wooden_axe",
							"want_amount": 1,
							"surplus_amount": 1,
							"priority": 5
						},
						{
							"item": "minecraft:netherite_helmet",
							"want_amount": 1,
							"surplus_amount": 1,
							"priority": 0
						},
						{
							"item": "minecraft:diamond_helmet",
							"want_amount": 1,
							"surplus_amount": 1,
							"priority": 1
						},
						{
							"item": "minecraft:iron_helmet",
							"want_amount": 1,
							"surplus_amount": 1,
							"priority": 2
						},
						{
							"item": "minecraft:chainmail_helmet",
							"want_amount": 1,
							"surplus_amount": 1,
							"priority": 3
						},
						{
							"item": "minecraft:golden_helmet",
							"want_amount": 1,
							"surplus_amount": 1,
							"priority": 4
						},
						{
							"item": "minecraft:leather_helmet",
							"want_amount": 1,
							"surplus_amount": 1,
							"priority": 5
						},
						{
							"item": "minecraft:turtle_helmet",
							"want_amount": 1,
							"surplus_amount": 1,
							"priority": 6
						},
						{
							"item": "minecraft:skull:0",
							"want_amount": 1,
							"surplus_amount": 1,
							"priority": 7
						},
						{
							"item": "minecraft:skull:1",
							"want_amount": 1,
							"surplus_amount": 1,
							"priority": 7
						},
						{
							"item": "minecraft:carved_pumpkin",
							"want_amount": 1,
							"surplus_amount": 1,
							"priority": 7
						},
						{
							"item": "minecraft:netherite_chestplate",
							"want_amount": 1,
							"surplus_amount": 1,
							"priority": 0
						},
						{
							"item": "minecraft:diamond_chestplate",
							"want_amount": 1,
							"surplus_amount": 1,
							"priority": 1
						},
						{
							"item": "minecraft:iron_chestplate",
							"want_amount": 1,
							"surplus_amount": 1,
							"priority": 2
						},
						{
							"item": "minecraft:chainmail_chestplate",
							"want_amount": 1,
							"surplus_amount": 1,
							"priority": 3
						},
						{
							"item": "minecraft:golden_chestplate",
							"want_amount": 1,
							"surplus_amount": 1,
							"priority": 4
						},
						{
							"item": "minecraft:leather_chestplate",
							"want_amount": 1,
							"surplus_amount": 1,
							"priority": 5
						},
						{
							"item": "minecraft:netherite_leggings",
							"want_amount": 1,
							"surplus_amount": 1,
							"priority": 0
						},
						{
							"item": "minecraft:diamond_leggings",
							"want_amount": 1,
							"surplus_amount": 1,
							"priority": 1
						},
						{
							"item": "minecraft:iron_leggings",
							"want_amount": 1,
							"surplus_amount": 1,
							"priority": 2
						},
						{
							"item": "minecraft:chainmail_leggings",
							"want_amount": 1,
							"surplus_amount": 1,
							"priority": 3
						},
						{
							"item": "minecraft:golden_leggings",
							"want_amount": 1,
							"surplus_amount": 1,
							"priority": 4
						},
						{
							"item": "minecraft:leather_leggings",
							"want_amount": 1,
							"surplus_amount": 1,
							"priority": 5
						},
						{
							"item": "minecraft:netherite_boots",
							"want_amount": 1,
							"surplus_amount": 1,
							"priority": 0
						},
						{
							"item": "minecraft:diamond_boots",
							"want_amount": 1,
							"surplus_amount": 1,
							"priority": 1
						},
						{
							"item": "minecraft:iron_boots",
							"want_amount": 1,
							"surplus_amount": 1,
							"priority": 2
						},
						{
							"item": "minecraft:chainmail_boots",
							"want_amount": 1,
							"surplus_amount": 1,
							"priority": 3
						},
						{
							"item": "minecraft:golden_boots",
							"want_amount": 1,
							"surplus_amount": 1,
							"priority": 4
						},
						{
							"item": "minecraft:leather_boots",
							"want_amount": 1,
							"surplus_amount": 1,
							"priority": 5
						},
						{
							"item": "minecraft:shield",
							"want_amount": 1,
							"surplus_amount": 1,
							"priority": 5
						}
					]
				}
			},
			"tamed": {
				"minecraft:is_tamed": {},
				"minecraft:behavior.follow_owner": {
					"priority": 5,
					"speed_multiplier": 1.2,
					"start_distance": 5,
					"stop_distance": 2
				},
				"minecraft:behavior.owner_hurt_by_target": {
					"priority": 1
				},
				"minecraft:behavior.owner_hurt_target": {
					"priority": 2
				},
				"minecraft:sittable": {},
				"minecraft:behavior.stay_while_sitting": {
					"priority": 5
				},
				"minecraft:behavior.random_stroll": {
					"priority": 7,
					"speed_multiplier": 0.8
				}
			},
			"tame": {
				"minecraft:tameable": {
					"probability": 0.6,
					"tame_items": [
						"minecraft:netherite_block"
					],
					"tame_event": {
						"event": "tamed",
						"target": "self"
					}
				}
			},
			"strength": {
				"minecraft:spell_effects": {
					"add_effects": [
						{
							"effect": "strength",
							"amplifier": 1,
							"visible": true,
							"duration": 1500
						}
					]
				}
			},
			"resistance": {
				"minecraft:spell_effects": {
					"add_effects": [
						{
							"effect": "resistance",
							"amplifier": 1,
							"visible": true,
							"duration": 1000
						}
					]
				}
			},
			"speed": {
				"minecraft:spell_effects": {
					"add_effects": [
						{
							"effect": "speed",
							"amplifier": 1,
							"visible": true,
							"duration": 2000
						}
					]
				}
			}
		},
		"components": {
			"minecraft:is_hidden_when_invisible": {},
			"minecraft:collision_box": {
				"width": 0.6,
				"height": 1.9
			},
			"minecraft:type_family": {
				"family": [
					"irongolem",
					"villager",
					"villager_soldier"
				]
			},
			"minecraft:home": {},
			"minecraft:conditional_bandwidth_optimization": {},
			"minecraft:on_target_acquired": {
				"event": "become_angry_event",
				"target": "self"
			},
			"minecraft:experience_reward": {
				"on_death": "query.last_hit_by_player ? 10 : 0"
			},
			"minecraft:breathable": {
				"total_supply": 15,
				"suffocate_time": 0
			},
			"minecraft:health": {
				"value": 30,
				"max": 30
			},
			"minecraft:hurt_on_condition": {
				"damage_conditions": [
					{
						"filters": {
							"test": "in_lava",
							"subject": "self",
							"operator": "==",
							"value": true
						},
						"cause": "lava",
						"damage_per_tick": 4
					}
				]
			},
			"minecraft:movement": {
				"value": 0.36
			},
			"minecraft:navigation.walk": {
				"can_path_over_water": true,
				"can_open_doors": true,
				"avoid_water": true
			},
			"minecraft:annotation.open_door": {},
			"minecraft:movement.basic": {},
			"minecraft:jump.static": {},
			"minecraft:nameable": {},
			"minecraft:despawn": {
				"filters": {
					"any_of": [
						{
							"all_of": [
								{
									"test": "is_persistent",
									"value": false
								},
								{
									"test": "distance_to_nearest_player",
									"operator": ">",
									"value": 54
								}
							]
						},
						{
							"all_of": [
								{
									"test": "is_persistent",
									"value": false
								},
								{
									"test": "inactivity_timer",
									"subject": "self",
									"value": 30
								},
								{
									"test": "random_chance",
									"value": 800
								},
								{
									"test": "distance_to_nearest_player",
									"operator": ">",
									"value": 32
								}
							]
						}
					]
				}
			},
			"minecraft:behavior.hurt_by_target": {
				"priority": 1,
				"entity_types": [
					{
						"filters": {
							"test": "is_family",
							"subject": "other",
							"operator": "!=",
							"value": "player"
						}
					}
				]
			},
			"minecraft:behavior.look_at_player": {
				"priority": 8,
				"look_distance": 8
			},
			"minecraft:behavior.random_look_around": {
				"priority": 9
			},
			"minecraft:physics": {},
			"minecraft:pushable": {
				"is_pushable": true,
				"is_pushable_by_piston": true
			},
			"minecraft:follow_range": {
				"value": 64
			},
			"minecraft:behavior.move_to_village": {
				"priority": 6,
				"speed_multiplier": 1.2
			},
			"minecraft:damage_sensor": {
				"triggers": [
					{
						"on_damage": {
							"filters": {
								"all_of": [
									{
										"test": "is_family",
										"subject": "other",
										"value": "villager"
									},
									{
										"test": "has_damage",
										"operator": "==",
										"value": "entity_attack"
									}
								]
							}
						},
						"deals_damage": false
					},
					{
						"on_damage": {
							"filters": {
								"all_of": [
									{
										"test": "is_family",
										"subject": "other",
										"value": "irongolem"
									},
									{
										"test": "has_damage",
										"operator": "==",
										"value": "entity_attack"
									}
								]
							}
						},
						"deals_damage": false
					}
				]
			},
			"minecraft:behavior.float": {
				"priority": 0
			},
			"minecraft:behavior.random_sitting": {
				"priority": 6,
				"start_chance": 0.02,
				"stop_chance": 0.2,
				"cooldown": 10,
				"min_sit_time": 1
			},
			"minecraft:environment_sensor": {
				"triggers": [
					{
						"filters": {
							"all_of": [
								{
									"test": "has_equipment",
									"subject": "self",
									"operator": "==",
									"value": "shield"
								}
							]
						},
						"event": "have_sheild",
						"target": "self"
					}
				]
			},
			"minecraft:interact": {
				"interactions": [
					{
						"use_item": true,
						"interact_text": "Patrol",
						"particle_on_start": {
							"particle_type": "villagerhappy",
							"particle_offset_towards_interactor": true
						},
						"on_interact": {
							"filters": {
								"all_of": [
									{
										"test": "has_equipment",
										"subject": "other",
										"operator": "==",
										"value": "minecraft:banner"
									},
									{
										"test": "is_family",
										"subject": "other",
										"value": "player"
									}
								]
							},
							"event": "patrol",
							"target": "self"
						}
					},
					{
						"use_item": true,
						"interact_text": "Set home",
						"particle_on_start": {
							"particle_type": "villagerhappy",
							"particle_offset_towards_interactor": true
						},
						"on_interact": {
							"filters": {
								"all_of": [
									{
										"test": "has_equipment",
										"subject": "other",
										"operator": "==",
										"value": "minecraft:bed"
									},
									{
										"test": "is_family",
										"subject": "other",
										"value": "player"
									}
								]
							},
							"event": "set_home_here",
							"target": "self"
						}
					},
					{
						"use_item": true,
						"interact_text": "Strength",
						"particle_on_start": {
							"particle_type": "villagerhappy",
							"particle_offset_towards_interactor": true
						},
						"on_interact": {
							"filters": {
								"all_of": [
									{
										"test": "has_equipment",
										"subject": "other",
										"operator": "==",
										"value": "minecraft:diamond"
									},
									{
										"test": "is_family",
										"subject": "other",
										"value": "player"
									}
								]
							},
							"event": "strength",
							"target": "self"
						}
					},
					{
						"use_item": true,
						"interact_text": "Resistance",
						"particle_on_start": {
							"particle_type": "villagerhappy",
							"particle_offset_towards_interactor": true
						},
						"on_interact": {
							"filters": {
								"all_of": [
									{
										"test": "has_equipment",
										"subject": "other",
										"operator": "==",
										"value": "minecraft:netherite_scrap"
									},
									{
										"test": "is_family",
										"subject": "other",
										"value": "player"
									}
								]
							},
							"event": "resistance",
							"target": "self"
						}
					},
					{
						"use_item": true,
						"interact_text": "Speed",
						"particle_on_start": {
							"particle_type": "villagerhappy",
							"particle_offset_towards_interactor": true
						},
						"on_interact": {
							"filters": {
								"all_of": [
									{
										"test": "has_equipment",
										"subject": "other",
										"operator": "==",
										"value": "minecraft:gold_ingot"
									},
									{
										"test": "is_family",
										"subject": "other",
										"value": "player"
									}
								]
							},
							"event": "speed",
							"target": "self"
						}
					},
					{
						"use_item": true,
						"interact_text": "villager",
						"particle_on_start": {
							"particle_type": "villagerhappy",
							"particle_offset_towards_interactor": true
						},
						"on_interact": {
							"filters": {
								"all_of": [
									{
										"test": "has_equipment",
										"subject": "other",
										"operator": "==",
										"value": "minecraft:bell"
									},
									{
										"test": "is_family",
										"subject": "other",
										"value": "player"
									}
								]
							},
							"event": "become_villager",
							"target": "self"
						}
					},
					{
						"interact_text": "give sword",
						"particle_on_start": {
							"particle_type": "villagerhappy",
							"particle_offset_towards_interactor": true
						},
						"on_interact": {
							"filters": {
								"all_of": [
									{
										"any_of": [
											{
												"test": "has_equipment",
												"subject": "other",
												"operator": "==",
												"value": "minecraft:iron_sword"
											},
											{
												"test": "has_equipment",
												"subject": "other",
												"operator": "==",
												"value": "minecraft:wooden_sword"
											},
											{
												"test": "has_equipment",
												"subject": "other",
												"operator": "==",
												"value": "minecraft:stone_sword"
											},
											{
												"test": "has_equipment",
												"subject": "other",
												"operator": "==",
												"value": "minecraft:diamond_sword"
											},
											{
												"test": "has_equipment",
												"subject": "other",
												"operator": "==",
												"value": "minecraft:golden_sword"
											},
											{
												"test": "has_equipment",
												"subject": "other",
												"operator": "==",
												"value": "minecraft:netherite_sword"
											}
										]
									},
									{
										"test": "is_family",
										"subject": "other",
										"value": "player"
									}
								]
							},
							"event": "sword",
							"target": "self"
						}
					},
					{
						"interact_text": "give axe",
						"particle_on_start": {
							"particle_type": "villagerhappy",
							"particle_offset_towards_interactor": true
						},
						"on_interact": {
							"filters": {
								"all_of": [
									{
										"test": "is_family",
										"subject": "other",
										"value": "player"
									},
									{
										"any_of": [
											{
												"test": "has_equipment",
												"subject": "other",
												"operator": "==",
												"value": "minecraft:iron_axe"
											},
											{
												"test": "has_equipment",
												"subject": "other",
												"operator": "==",
												"value": "minecraft:wooden_axe"
											},
											{
												"test": "has_equipment",
												"subject": "other",
												"operator": "==",
												"value": "minecraft:stone_axe"
											},
											{
												"test": "has_equipment",
												"subject": "other",
												"operator": "==",
												"value": "minecraft:diamond_axe"
											},
											{
												"test": "has_equipment",
												"subject": "other",
												"operator": "==",
												"value": "minecraft:netherite_axe"
											},
											{
												"test": "has_equipment",
												"subject": "other",
												"operator": "==",
												"value": "minecraft:golden_axe"
											}
										]
									}
								]
							},
							"event": "axe",
							"target": "self"
						}
					}
				]
			},
			"minecraft:behavior.hurt_by_target": {
				"priority": 1,
				"entity_types": [
					{
						"filters": {
							"all_of": [
								{
									"test": "has_mob_effect",
									"subject": "other",
									"operator": "!=",
									"value": "village_hero"
								},
								{
									"test": "is_family",
									"subject": "other",
									"value": "player"
								}
							]
						}
					}
				]
			},
			"minecraft:healable": {
				"items": [
					{
						"item": "minecraft:cooked_beef",
						"heal_amount": 8
					},
					{
						"item": "minecraft:cooked_porkchop",
						"heal_amount": 7
					},
					{
						"item": "minecraft:cooked_chicken",
						"heal_amount": 5
					},
					{
						"item": "minecraft:cooked_rabbit",
						"heal_amount": 7
					},
					{
						"item": "minecraft:cooked_fish",
						"heal_amount": 4
					},
					{
						"item": "minecraft:cooked_salmon",
						"heal_amount": 8
					},
					{
						"item": "golden_carrot",
						"heal_amount": 20,
						"effects": [
							{
								"name": "regeneration",
								"amplifier": 1,
								"duration": 10
							}
						]
					},
					{
						"item": "golden_apple",
						"heal_amount": 20,
						"effects": [
							{
								"name": "regeneration",
								"amplifier": 2,
								"duration": 10
							},
							{
								"name": "resistance",
								"amplifier": 1,
								"duration": 120
							}
						]
					},
					{
						"item": "enchanted_golden_apple",
						"heal_amount": 20,
						"effects": [
							{
								"name": "regeneration",
								"amplifier": 2,
								"duration": 20
							},
							{
								"name": "resistance",
								"amplifier": 1,
								"duration": 280
							},
							{
								"name": "absorption",
								"amplifier": 4,
								"duration": 120
							},
							{
								"name": "fire_resistance",
								"amplifier": 1,
								"duration": 280
							}
						]
					}
				]
			},
			"minecraft:behavior.tempt": {
				"priority": 5,
				"items": [
					"minecraft:netherite_block"
				],
				"speed_multiplier": 1.2
			},
			"minecraft:equip_item": {},
			"minecraft:behavior.equip_item": {
				"priority": 2
			},
			"minecraft:behavior.pickup_items": {
				"priority": 6,
				"max_dist": 10,
				"goal_radius": 2,
				"speed_multiplier": 0.8,
				"pickup_based_on_chance": false,
				"can_pickup_any_item": false,
				"cooldown_after_being_attacked": 20
			}
		},
		"events": {
			"sword": {
				"remove": {
					"component_groups": [
						"axe"
					]
				},
				"add": {
					"component_groups": [
						"sword"
					]
				}
			},
			"axe": {
				"add": {
					"component_groups": [
						"axe"
					]
				},
				"remove": {
					"component_groups": [
						"sword"
					]
				}
			},
			"minecraft:entity_spawned": {
				"randomize": [
					{
						"weight": 50,
						"add": {
							"component_groups": [
						"alert_for_attack_targets",
						"minecraft:raid_configuration",
						"go_back_to_spawn",
						"move_to_village",
						"equipment_axe",
						"axe",
						"tame",
						"no_sheild",
						"start",
						"minecraft:behavior.find_mount"
							]
						}
					},
					{
						"weight": 50,
						"add": {
							"component_groups": [
						"alert_for_attack_targets",
						"minecraft:raid_configuration",
						"go_back_to_spawn",
						"move_to_village",
						"equipment_sword",
						"sword",
						"tame",
						"no_sheild",
						"start",
						"minecraft:behavior.find_mount"
							]
						}
					}
				]
			},
			"have_sheild": {
				"add": {
					"component_groups": [
						"use_sheild"
					]
				},
				"remove": {
					"component_groups": [
						"no_sheild"
					]
				}
			},
			"become_angry_event": {
				"add": {
					"component_groups": [
						"angry"
					]
				}
			},
			"become_calm_event": {
				"remove": {
					"component_groups": [
						"angry",
						"shield",
						"cooldown_sheild"
					]
				},
				"add": {
					"component_groups": [
						"alert_for_attack_targets"
					]
				}
			},
			"go_back_to_spawn_failed": {
				"remove": {
					"component_groups": [
						"go_back_to_spawn"
					]
				}
			},
			"off_shield": {
				"remove": {
					"component_groups": [
						"shield"
					]
				},
				"add": {
					"component_groups": [
						"cooldown_sheild"
					]
				}
			},
			"on_shield": {
				"add": {
					"component_groups": [
						"shield"
					]
				},
				"remove": {
					"component_groups": [
						"cooldown_sheild"
					]
				}
			},
			"use_sheild": {
				"add": {
					"component_groups": [
						"angry",
						"shield"
					]
				}
			},
			"strength": {
				"add": {
					"component_groups": [
						"strength"
					]
				}
			},
			"resistance": {
				"add": {
					"component_groups": [
						"resistance"
					]
				}
			},
			"speed": {
				"add": {
					"component_groups": [
						"speed"
					]
				}
			},
			"minecraft:from_village": {
				"randomize": [
					{
						"weight": 50,
						"add": {
							"component_groups": [
						"alert_for_attack_targets",
						"minecraft:raid_configuration",
						"move_to_village",
						"equipment_axe",
						"axe",
						"tame",
						"no_sheild",
						"start",
						"minecraft:behavior.find_mount"
							]
						}
					},
					{
						"weight": 50,
						"add": {
							"component_groups": [
						"alert_for_attack_targets",
						"minecraft:raid_configuration",
						"move_to_village",
						"equipment_sword",
						"sword",
						"tame",
						"no_sheild",
						"start",
						"minecraft:behavior.find_mount"
							]
						}
					}
				]
			},
			"minecraft:entity_transformed": {
				"add": {
					"component_groups": [
						"minecraft:raid_configuration",
						"alert_for_attack_targets",
						"go_back_to_spawn",
						"tame",
						"no_sheild",
						"start",
						"minecraft:behavior.find_mount"
					]
				}
			},
			"tamed": {
				"remove": {
					"component_groups": [
						"tame"
					]
				},
				"add": {
					"component_groups": [
						"tamed"
					]
				}
			},
			"become_villager": {
				"add": {
					"component_groups": [
						"become_villager"
					]
				}
			},
			"patrol": {
				"remove": {
					"component_groups": [
						"go_back_to_spawn"
					]
				}
			},
			"set_home_here": {
				"add": {
					"component_groups": [
						"go_back_to_spawn"
					]
				}
			},
			"default": {
				"remove": {
					"component_groups": [
						"start"
					]
				},
				"add": {
					"component_groups": [
						"default"
					]
				}
			}
		}
	}
}