{
	"format_version": "1.16.100",
	"minecraft:block": {
		"description": {
			"identifier": "vl:light_glass"
		},
		"components": {
			"minecraft:selection_box":true,
			"minecraft:material_instances": {
				"*": {
					"ambient_occlusion": true,
					"face_dimming": true,
					"render_method": "blend",
					"texture": "light_glass"
				}
			},
			"minecraft:creative_category": {
				"category": "construction"
			},
			"minecraft:friction": 0.6,
			"minecraft:map_color": "#b6b6b6",
			"minecraft:on_player_placing": {
				"event": "set_block"
			}
		},
		"events": {}
	}
}