{
  "entity_sounds": {
    "entities": {
      "lv_mr:jumbo_josh": {
        "volume": 1.0,
        "pitch": [
          0.8,
          1.2
        ],
        "events": {
          "ambient": "mob.irongolem.say",
          "hurt": "mob.lv_mr_stinger_flyyn.hit",
          "death": "mob.lv_mr_stinger_flyyn.death",
          "step": "mob.lv_mr_stinger_flin.walk",
          "throw": "mob.lv_mr_stinger_flyyn.throw"
        }
      },
      "lv_mr:stinger_flyyn": {
        "volume": 1.0,
        "pitch": [
          0.8,
          1.2
        ],
        "events": {
          "ambient": "mob.irongolem.say",
          "hurt": "mob.lv_mr_stinger_flin.hit",
          "death": "mob.lv_mr_stinger_flin.death",
          "step": "mob.lv_mr_stinger_flin.walk",
          "throw": "mob.lv_mr_stinger_flin.throw"
        }
      },
      "lv_mr:opila_bird": {
        "volume": 1.0,
        "pitch": [
          0.8,
          1.2
        ],
        "events": {
          "ambient": "mob.irongolem.say",
          "hurt": "mob.irongolem.hit",
          "death": "mob.lv_mr_opila_bird.death",
          "step": "mob.lv_mr_opila_bird.walk",
          "throw": "mob.lv_mr_opila_bird.throw"
        }
      },
      "lv_mr:tarta_bird": {
        "volume": 1.0,
        "pitch": [
          0.8,
          1.2
        ],
        "events": {
          "ambient": "mob.irongolem.say",
          "hurt": "mob.irongolem.hit",
          "death": "mob.lv_mr_tarta_bird.death",
          "step": "mob.lv_mr_opila_bird.walk",
          "throw": "mob.lv_mr_opila_bird.throw"
        }
      },
      "lv:mini_opila": {
        "volume": 1.0,
        "pitch": [
          0.8,
          1.2
        ],
        "events": {
          "ambient": "mob.lv_mini_opila.ambient",
          "hurt": "mob.lv_mini_opila.hurt",
          "death": "mob.lv_mini_opila.death",
          "drink": {
            "sound": "mob.witch.drink",
            "volume": 1.0,
            "pitch": 1.0
          },
          "throw": {
            "sound": "mob.witch.throw",
            "volume": 1.0,
            "pitch": 1.0
          },
          "ambient.in.raid": {
            "sound": "mob.witch.ambient",
            "volume": 3.0,
            "pitch": [
              0.8,
              1.2
            ]
          },
          "celebrate": "mob.witch.celebrate"
        }
      },
      "lv:banban": {
        "volume": 1.0,
        "pitch": [
          0.8,
          1.2
        ],
        "events": {
          "ambient": "mob.irongolem.say",
          "hurt": "mob.lv_banban.hit",
          "death": "mob.lv_banban.death",
          "step": "mob.lv_banban.walk",
          "throw": "mob.lv_banban.throw"
        }
      },
      "lv:evil_banban": {
        "volume": 1.0,
        "pitch": [
          0.8,
          1.2
        ],
        "events": {
          "ambient": "mob.irongolem.say",
          "hurt": "mob.irongolem.hit",
          "death": "mob.lv_evil_banban.death",
          "step": "mob.lv_evil_banban.walk",
          "throw": "mob.lv_evil_banban.throw"
        }
      },
      "lv:sheriff_toaster": {
        "volume": 1.0,
        "pitch": [
          0.8,
          1.2
        ],
        "events": {
          "ambient": "mob.irongolem.say",
          "hurt": "mob.lv_sheriff_toaster.hit",
          "death": "mob.lv_sheriff_toaster.death",
          "step": "mob.lv_sheriff_toaster.walk",
          "throw": "mob.lv_sheriff_toaster.throw"
        }
      },
      "lv:jester": {
        "volume": 1.0,
        "pitch": [
          0.8,
          1.2
        ],
        "events": {
          "ambient": "mob.irongolem.say",
          "hurt": "mob.lv_jester.hit",
          "death": "mob.lv_jester.death",
          "step": "mob.lv_jester.walk",
          "throw": "mob.lv_jester.throw"
        }
      },
      "lv:banbaleena": {
        "volume": 1.0,
        "pitch": [
          0.8,
          1.2
        ],
        "events": {
          "ambient": "mob.irongolem.say",
          "hurt": "mob.lv_banbaleena.hit",
          "death": "mob.lv_banbaleena.death",
          "step": "mob.lv_banban.walk",
          "throw": "mob.lv_banbaleena.throw"
        }
      },
      "lv:kitisaurus": {
        "volume": 1.0,
        "pitch": [
          0.8,
          1.2
        ],
        "events": {
          "ambient": "mob.irongolem.say",
          "hurt": "mob.lv_kitisaurus.hit",
          "death": "mob.lv_kitisaurus.death",
          "step": "mob.lv_kitisaurus.walk",
          "throw": "mob.lv_kitisaurus.throw"
        }
      },
      "lv:cho_cho_charles": {
        "volume": 1.0,
        "pitch": [
          0.8,
          1.2
        ],
        "events": {
          "ambient": "mob.irongolem.say",
          "hurt": "mob.lv_mutant_mini_opila.hit",
          "death": "mob.lv_mutant_mini_opila.death",
          "step": "mob.lv_mutant_mini_opila.walk",
          "throw": "mob.lv_cho_cho_charles.throw"
        }
      },
      "lv:mutant_mini_opila": {
        "volume": 1.0,
        "pitch": [
          0.8,
          1.2
        ],
        "events": {
          "ambient": "mob.irongolem.say",
          "hurt": "mob.irongolem.hit",
          "death": "mob.lv_mutant_mini_opila.death",
          "step": "mob.lv_mutant_mini_opila.walk",
          "throw": "mob.lv_mutant_mini_opila.throw"
        }
      },
      "lv:nabnab_hat": {
        "volume": 1.0,
        "pitch": [
          0.8,
          1.2
        ],
        "events": {
          "ambient": "mob.irongolem.say",
          "hurt": "mob.irongolem.hit",
          "death": "mob.lv_nabnab_hat.death",
          "step": "mob.lv_nabnab_hat.walk",
          "throw": "mob.lv_nabnab_hat.throw"
        }
      },
      "lv:nabnab_no_hat": {
        "volume": 1.0,
        "pitch": [
          0.8,
          1.2
        ],
        "events": {
          "ambient": "mob.irongolem.say",
          "hurt": "mob.irongolem.hit",
          "death": "mob.lv_nabnab_hat.death",
          "step": "mob.lv_nabnab_hat.walk",
          "throw": "mob.lv_nabnab_hat.throw"
        }
      },
      "lv:takamaki_chatamaki": {
        "volume": 1.0,
        "pitch": [
          0.8,
          1.2
        ],
        "events": {
          "ambient": "mob.irongolem.say",
          "hurt": "mob.lv_takamaki_chatamaki.hit",
          "death": "mob.lv_mutant_mini_opila.death",
          "step": "mob.lv_mutant_mini_opila.walk",
          "throw": "mob.lv_takamaki_chatamaki.throw"
        }
      },
      "lv:queen_bouncelina": {
        "volume": 1.0,
        "pitch": [
          0.8,
          1.2
        ],
        "events": {
          "ambient": "mob.irongolem.say",
          "hurt": "mob.irongolem.hit",
          "death": "mob.lv_queen_bouncelina.death",
          "step": "mob.lv_mutant_mini_opila.walk",
          "throw": "mob.lv_queen_bouncelina.throw"
        }
      },
      "lv:slow_seline": {
        "volume": 1.0,
        "pitch": [
          0.8,
          1.2
        ],
        "events": {
          "ambient": "mob.irongolem.say",
          "hurt": "mob.lv_slow_seline.hit",
          "death": "mob.lv_slow_seline.death",
          "step": "mob.lv_slow_seline.walk",
          "throw": "mob.lv_slow_seline.throw"
        }
      }
    }
  }
}