{
	"format_version": "1.12.0",
	"minecraft:geometry": [
		{
			"description": {
				"identifier": "geometry.anquilosaurus",
				"texture_width": 256,
				"texture_height": 256,
				"visible_bounds_width": 13,
				"visible_bounds_height": 6,
				"visible_bounds_offset": [0, 2, 0]
			},
			"bones": [
				{
					"name": "anquilossauro",
					"pivot": [1, 27, 0]
				},
				{
					"name": "Body",
					"parent": "anquilossauro",
					"pivot": [1, 25, 0]
				},
				{
					"name": "bone",
					"parent": "Body",
					"pivot": [4, 25, 0],
					"cubes": [
						{"origin": [-13, 14.7443, 7.20247], "size": [27, 10, 18], "pivot": [4, 20, 22], "rotation": [15, 0, 0], "uv": [0, 64]},
						{"origin": [-14, 19.7443, 11.20247], "size": [29, 13, 14], "pivot": [4, 20, 22], "rotation": [-22.5, 0, 0], "uv": [78, 50]},
						{"origin": [-16, 18.36023, 1.31929], "size": [33, 17, 15], "pivot": [3.42596, 22.61593, 28.11682], "rotation": [-2.71489, 0, 0], "uv": [0, 0]},
						{"origin": [-15, 16.48581, -12.66522], "size": [31, 17, 15], "pivot": [3, 30.46074, -35.30889], "rotation": [4.78511, 0, 0], "uv": [0, 32]},
						{"origin": [-12, 29.89985, -23.40514], "size": [25, 14, 13], "pivot": [4.00929, 31.15555, 16.39238], "rotation": [17.28511, 0, 0], "uv": [83, 19]},
						{"origin": [-15.5, 12.36319, -0.44741], "size": [32, 10, 9], "pivot": [4, 17.61889, 23.35012], "rotation": [5, 0, 0], "uv": [0, 93]},
						{"origin": [-14, 9.26606, -11.69219], "size": [29, 10, 12], "pivot": [4, 14.52176, 24.10534], "rotation": [-2.5, 0, 0], "uv": [78, 80]},
						{"origin": [-11.5, 2.74351, -17.62208], "size": [24, 10, 6], "pivot": [4, 7.99921, 25.17545], "rotation": [-12.5, 0, 0], "uv": [142, 143]},
						{"origin": [-11, -12.22432, -29.78033], "size": [23, 10, 8], "pivot": [4, -6.96861, 22.0172], "rotation": [-32.5, 0, 0], "uv": [141, 102]}
					]
				},
				{
					"name": "Tail",
					"parent": "bone",
					"pivot": [4, 22, 25]
				},
				{
					"name": "bone2",
					"parent": "Tail",
					"pivot": [4, 22, 28],
					"cubes": [
						{"origin": [-11, 22.99, 24.77934], "size": [23, 8, 13], "pivot": [4, 28.31887, 27.00314], "rotation": [-22.2714, 0, 0], "uv": [69, 102]},
						{"origin": [-10, 15.30705, 20.93295], "size": [21, 8, 14], "pivot": [2, 19.38379, 22.89783], "rotation": [5.2286, 0, 0], "uv": [0, 112]}
					]
				},
				{
					"name": "bone3",
					"parent": "bone2",
					"pivot": [4, 22, 35],
					"cubes": [
						{"origin": [-9, 20.6, 36.80952], "size": [19, 5, 13], "pivot": [4, 23.39195, 39.03333], "rotation": [-24.7714, 0, 0], "uv": [96, 0]},
						{"origin": [-8, 16.32415, 34.68036], "size": [17, 6, 14], "pivot": [2, 27.1161, 37.90416], "rotation": [-4.7714, 0, 0], "uv": [0, 134]}
					]
				},
				{
					"name": "bone4",
					"parent": "bone3",
					"pivot": [4, 18, 49],
					"cubes": [
						{"origin": [-5.5, 17.32093, 44.9873], "size": [12, 3, 17], "pivot": [4, 18.11288, 51.21111], "rotation": [-9.90922, 0, 0], "uv": [101, 143]},
						{"origin": [-5, 15.75845, 42.78403], "size": [11, 3, 18], "pivot": [1.88549, 16.26264, 46.97604], "rotation": [-7.40922, 0, 0], "uv": [141, 28]}
					]
				},
				{
					"name": "bone5",
					"parent": "bone4",
					"pivot": [4, 16, 62],
					"cubes": [
						{"origin": [-4, 14.7, 57.9873], "size": [9, 3, 10], "pivot": [4, 18.11288, 64.21111], "rotation": [0.09078, 0, 0], "uv": [83, 163]}
					]
				},
				{
					"name": "bone7",
					"parent": "bone5",
					"pivot": [4, 16, 69],
					"cubes": [
						{"origin": [-3.5, 14.7, 67.9873], "size": [8, 3, 8], "pivot": [4, 18.11288, 72.21111], "rotation": [0.09078, 0, 0], "uv": [181, 23]}
					]
				},
				{
					"name": "bone6",
					"parent": "bone7",
					"pivot": [4, 17, 76],
					"cubes": [
						{"origin": [-6, 14.3695, 74.70211], "size": [13, 3, 7], "pivot": [3.81005, 17.78238, 70.92592], "rotation": [5.09078, 0, 0], "uv": [168, 120]},
						{"origin": [-5.5, 14.71654, 74.89536], "size": [12, 3, 7], "pivot": [3.81005, 15.78238, 74.92592], "rotation": [-14.90922, 0, 0], "uv": [65, 176]},
						{"origin": [-6.5, 15.78506, 85.96865], "size": [14, 3, 7], "pivot": [3.81005, 43.19794, 81.19246], "rotation": [-9.90922, 0, 0], "uv": [160, 89]},
						{"origin": [-5, 12.75463, 78.90563], "size": [11, 3, 7], "pivot": [3.81005, 31.55539, 78.60371], "rotation": [7.59078, 0, 0], "uv": [82, 145]}
					]
				},
				{
					"name": "Neck",
					"parent": "bone",
					"pivot": [4, 24, -23]
				},
				{
					"name": "bone8",
					"parent": "Neck",
					"pivot": [4, 24, -23],
					"cubes": [
						{"origin": [-9, 24.2, -33], "size": [19, 8, 12], "pivot": [4, 24, -23], "rotation": [10, 0, 0], "uv": [118, 123]},
						{"origin": [-8, 16.31487, -34.20282], "size": [17, 8, 14], "pivot": [4, 20, -23], "rotation": [-15, 0, 0], "uv": [56, 123]}
					]
				},
				{
					"name": "bone9",
					"parent": "bone8",
					"pivot": [4, 23, -32],
					"cubes": [
						{"origin": [-7, 22.2, -38.32409], "size": [15, 8, 4], "pivot": [3, 30.63438, -34.32409], "rotation": [10, 0, 0], "uv": [34, 168]},
						{"origin": [-6, 18.96013, -35.43367], "size": [13, 9, 6], "pivot": [3, 43.96013, -30.43367], "rotation": [-10, 0, 0], "uv": [150, 49]}
					]
				},
				{
					"name": "Head",
					"parent": "bone9",
					"pivot": [1, 26, -42],
					"cubes": [
						{"origin": [-5.95, 23.948, -48.498], "size": [13, 5.472, 10.234], "uv": [150, 8]},
						{"origin": [-5.695, 29.078, -45.762], "size": [12.535, 2.052, 8.498], "uv": [111, 163]},
						{"origin": [-6.695, 29.078, -48.156], "size": [14.535, 2.052, 2.394], "pivot": [3.565, 31.13, -45.762], "rotation": [15, 0, 0], "uv": [92, 46]},
						{"origin": [-5.695, 26.04108, -50.45454], "size": [12.535, 4.446, 2.394], "pivot": [3.565, 30.446, -48.156], "rotation": [35, 0, 0], "uv": [81, 0]},
						{"origin": [-4.695, 23.81788, -48.7775], "size": [10.535, 4.104, 3.42], "pivot": [3.565, 23.948, -48.84], "rotation": [55, 0, 0], "uv": [184, 67]}
					]
				},
				{
					"name": "bone11",
					"parent": "Head",
					"pivot": [3.342, -17.903, -27.018],
					"cubes": [
						{"origin": [-3.185, 22.58, -50.208], "size": [7.535, 3.42, 2.736], "pivot": [3.565, 24.632, -49.524], "rotation": [-47.5, 0, 0], "uv": [72, 77]},
						{"origin": [-2.695, 18.95641, -50.85719], "size": [5.535, 3.078, 1.368], "pivot": [3.565, 21.896, -49.524], "rotation": [-60, 0, 0], "uv": [56, 120]},
						{"origin": [-3.695, 21.37168, -52.89691], "size": [7.535, 2.736, 2.052], "pivot": [3.565, 20.528, -51.918], "rotation": [-7.5, 0, 0], "uv": [93, 155]},
						{"origin": [-5.185, 24.1845, -52.4088], "size": [11.535, 2.394, 2.052], "pivot": [3.565, 24.29, -52.26], "rotation": [-12.5, 0, 0], "uv": [186, 13]}
					]
				},
				{
					"name": "bone12",
					"parent": "Head",
					"pivot": [-0.658, 23.413, -36.494],
					"rotation": [-12.5, 0, 0],
					"cubes": [
						{"origin": [-5.695, 19.04863, -44.14786], "size": [12.535, 4.788, 4.104], "pivot": [3.565, 23.15263, -42.09586], "rotation": [37.5, 0, 0], "uv": [181, 0]}
					]
				},
				{
					"name": "bone13",
					"parent": "bone12",
					"pivot": [3.342, 17.27563, -41.61586],
					"cubes": [
						{"origin": [-5.235, 18.70663, -46.19986], "size": [10.535, 4.104, 3.42], "pivot": [3.565, 22.81063, -43.12186], "rotation": [15, 0, 0], "uv": [81, 6]},
						{"origin": [-2.235, 18.70663, -44.19986], "size": [4.535, 3.104, 6.42], "uv": [76, 186]},
						{"origin": [-2.235, 18.29012, -38.29054], "size": [4.535, 3.104, 6.42], "pivot": [3.565, 22.39412, -41.21254], "rotation": [7.5, 0, 0], "uv": [56, 186]},
						{"origin": [-4.235, 22.70663, -46.19986], "size": [3.535, 5.104, 5.42], "pivot": [3.565, 22.81063, -43.12186], "rotation": [15, 0, 0], "uv": [34, 158]},
						{"origin": [0.765, 22.70663, -46.19986], "size": [3.535, 5.104, 5.42], "pivot": [3.565, 22.81063, -43.12186], "rotation": [15, 0, 0], "uv": [0, 64]},
						{"origin": [-4.695, 19.58502, -48.77519], "size": [9.535, 2.394, 2.736], "pivot": [3.565, 21.78463, -46.19986], "rotation": [22.5, 0, 0], "uv": [26, 154]},
						{"origin": [-3.695, 17.90105, -48.57337], "size": [7.535, 3.078, 3.42], "pivot": [3.565, 18.02263, -44.48986], "rotation": [7.5, 0, 0], "uv": [128, 102]},
						{"origin": [-4.695, 18.5672, -45.34454], "size": [9.535, 1.368, 4.104], "pivot": [3.565, 18.36463, -41.75386], "rotation": [12.5, 0, 0], "uv": [186, 8]}
					]
				},
				{
					"name": "bone14",
					"parent": "bone13",
					"pivot": [3.342, -23.82837, -26.08786],
					"cubes": [
						{"origin": [-1.185, 18.19363, -51.3086], "size": [2.535, 1.026, 3.42], "pivot": [3.565, 18.70663, -50.98786], "rotation": [35, 0, 0], "uv": [0, 122]},
						{"origin": [-1.695, 17.60029, -49.83456], "size": [3.535, 1.368, 2.052], "pivot": [3.565, 17.68063, -49.61986], "rotation": [60, 0, 0], "uv": [102, 77]},
						{"origin": [-2.235, 16.72013, -50.11471], "size": [4.535, 1.368, 2.052], "pivot": [3.565, 18.02263, -49.61986], "rotation": [85, 0, 0], "uv": [90, 77]}
					]
				},
				{
					"name": "bone15",
					"parent": "Head",
					"pivot": [-4.658, 26.517, -39.758],
					"rotation": [0, -22.5, 0],
					"cubes": [
						{"origin": [-6.195, 27.368, -40.29], "size": [3.535, 4.104, 4.446], "pivot": [3.565, 28.052, -39.264], "rotation": [-20, 0, 0], "uv": [0, 32]},
						{"origin": [-6.695, 27.57425, -43.56629], "size": [4.535, 4.104, 4.446], "pivot": [3.565, 31.472, -39.264], "rotation": [10, 0, 0], "uv": [140, 189]},
						{"origin": [-6.695, 27.57425, -43.56629], "size": [4.535, 4.104, 4.446], "pivot": [3.565, 31.472, -39.264], "rotation": [10, 0, 0], "uv": [96, 186]},
						{"origin": [-5.695, 30.65225, -39.12029], "size": [2.535, 1.026, 5.814], "pivot": [3.565, 31.472, -39.264], "rotation": [20, 0, 0], "uv": [0, 40]},
						{"origin": [-6.195, 29.96825, -39.12029], "size": [3.535, 1.026, 4.446], "pivot": [3.565, 31.472, -39.264], "rotation": [20, 0, 0], "uv": [0, 117]},
						{"origin": [-6.695, 28.94225, -39.12029], "size": [3.535, 1.026, 3.762], "pivot": [3.565, 31.472, -39.264], "rotation": [20, 0, 0], "uv": [56, 116]},
						{"origin": [-5.195, 30.68061, -35.8862], "size": [1.535, 3.42, 1.026], "pivot": [3.565, 30.446, -36.528], "rotation": [-27.5, 0, 0], "uv": [0, 8]}
					]
				},
				{
					"name": "bone16",
					"parent": "bone15",
					"pivot": [3.342, -15.851, -16.758],
					"cubes": [
						{"origin": [-6.695, 21.554, -37.554], "size": [14.535, 4.814, 1.368], "pivot": [3.565, 26.684, -36.87], "rotation": [4.97355, 0.27287, -0.42364], "uv": [182, 49]},
						{"origin": [-6.695, 21.53453, -40.52908], "size": [14.535, 4.814, 3.42], "pivot": [3.565, 21.554, -36.87], "rotation": [-5.02645, 0.27287, -0.42364], "uv": [177, 159]}
					]
				},
				{
					"name": "bone17",
					"parent": "Head",
					"pivot": [5.658, 26.517, -39.758],
					"rotation": [0, 22.5, 0],
					"cubes": [
						{"origin": [3.66, 27.368, -40.29], "size": [3.535, 4.104, 4.446], "pivot": [-2.565, 28.052, -39.264], "rotation": [-20, 0, 0], "uv": [0, 0]},
						{"origin": [3.16, 27.57425, -43.56629], "size": [4.535, 4.104, 4.446], "pivot": [-2.565, 31.472, -39.264], "rotation": [10, 0, 0], "uv": [0, 74]},
						{"origin": [4.16, 30.65225, -39.12029], "size": [2.535, 1.026, 5.814], "pivot": [-2.565, 31.472, -39.264], "rotation": [20, 0, 0], "uv": [0, 8]},
						{"origin": [3.66, 29.96825, -39.12029], "size": [3.535, 1.026, 4.446], "pivot": [-2.565, 31.472, -39.264], "rotation": [20, 0, 0], "uv": [0, 112]},
						{"origin": [4.16, 28.94225, -39.12029], "size": [3.535, 1.026, 3.762], "pivot": [-2.565, 31.472, -39.264], "rotation": [20, 0, 0], "uv": [56, 112]},
						{"origin": [4.66, 30.68061, -35.8862], "size": [1.535, 3.42, 1.026], "pivot": [-2.565, 30.446, -36.528], "rotation": [-27.5, 0, 0], "uv": [0, 0]}
					]
				},
				{
					"name": "bone18",
					"parent": "bone17",
					"pivot": [-2.342, -15.851, -16.758],
					"cubes": [
						{"origin": [-6.84, 21.554, -37.554], "size": [14.535, 4.814, 1.368], "pivot": [-2.565, 26.684, -36.87], "rotation": [4.97355, -0.27287, 0.42364], "uv": [146, 23]},
						{"origin": [-6.84, 21.53453, -40.52908], "size": [14.535, 4.814, 3.42], "pivot": [-2.565, 21.554, -36.87], "rotation": [-5.02645, -0.27287, 0.42364], "uv": [147, 0]}
					]
				},
				{
					"name": "Leg",
					"parent": "anquilossauro",
					"pivot": [-14, 23, -15],
					"rotation": [0, 0, 5]
				},
				{
					"name": "bone10",
					"parent": "Leg",
					"pivot": [-14, 23, -15],
					"cubes": [
						{"origin": [-15, 11, -18], "size": [9, 11, 8], "pivot": [-14, 23, -14], "rotation": [12.5, 0, 0], "uv": [151, 159]}
					]
				},
				{
					"name": "bone20",
					"parent": "bone10",
					"pivot": [-14.04129, 11.95814, -12],
					"cubes": [
						{"origin": [-14.04129, 1.28378, -14.53735], "size": [7, 12, 6], "pivot": [-14.04129, 11.28378, -11.53735], "rotation": [-2.5, 0, 0], "uv": [170, 178]}
					]
				},
				{
					"name": "bone19",
					"parent": "bone20",
					"pivot": [-9, 2, -11],
					"rotation": [0, 0, -5],
					"cubes": [
						{"origin": [-14.51846, 0.71091, -16.92802], "size": [8, 3, 8], "uv": [180, 130]}
					]
				},
				{
					"name": "Leg2",
					"parent": "anquilossauro",
					"pivot": [15, 23, -15],
					"rotation": [0, 0, -5]
				},
				{
					"name": "bone21",
					"parent": "Leg2",
					"pivot": [15, 23, -15],
					"cubes": [
						{"origin": [7, 11, -18], "size": [9, 11, 8], "pivot": [15, 23, -14], "rotation": [12.5, 0, 0], "uv": [0, 154]}
					]
				},
				{
					"name": "bone22",
					"parent": "bone21",
					"pivot": [15.04129, 11.95814, -12],
					"cubes": [
						{"origin": [8.04129, 1.28378, -14.53735], "size": [7, 12, 6], "pivot": [15.04129, 11.28378, -11.53735], "rotation": [-2.5, 0, 0], "uv": [144, 178]}
					]
				},
				{
					"name": "bone23",
					"parent": "bone22",
					"pivot": [10, 2, -11],
					"rotation": [0, 0, 5],
					"cubes": [
						{"origin": [7.51846, 0.71091, -16.92802], "size": [8, 3, 8], "uv": [30, 180]}
					]
				},
				{
					"name": "Leg3",
					"parent": "anquilossauro",
					"pivot": [-15, 26, 18]
				},
				{
					"name": "bone24",
					"parent": "Leg3",
					"pivot": [-15, 28, 19],
					"cubes": [
						{"origin": [-16, 14, 14], "size": [10, 12, 11], "pivot": [-15, 26, 18], "rotation": [-14.94548, 0, 4.83045], "uv": [153, 66]}
					]
				},
				{
					"name": "bone25",
					"parent": "bone24",
					"pivot": [-15, 14, 17],
					"cubes": [
						{"origin": [-15.88587, 4.79413, 13.08292], "size": [8, 12, 7], "pivot": [-15.8858, 14.7455, 16.21844], "rotation": [10.10886, 0, -0.00122], "uv": [114, 173]}
					]
				},
				{
					"name": "bone26",
					"parent": "bone25",
					"pivot": [-15, 6, 19],
					"rotation": [-4.96469, -0.49407, -0.30784],
					"cubes": [
						{"origin": [-14.8637, -0.30039, 15.89585], "size": [6, 6, 5], "pivot": [-15.86364, 3.65098, 18.03137], "rotation": [2.60886, 0, 0], "uv": [185, 166]}
					]
				},
				{
					"name": "bone27",
					"parent": "bone26",
					"pivot": [-15.03011, 1.92854, 18.35014],
					"rotation": [-4.96469, -0.49407, -0.30784],
					"cubes": [
						{"origin": [-15.43011, -0.15713, 13.25834], "size": [7, 3, 8], "pivot": [-15.86364, 1.65098, 19.03137], "rotation": [10, 0, 0], "uv": [184, 56]}
					]
				},
				{
					"name": "Leg4",
					"parent": "anquilossauro",
					"pivot": [16, 26, 18]
				},
				{
					"name": "bone28",
					"parent": "Leg4",
					"pivot": [16, 28, 19],
					"cubes": [
						{"origin": [7, 14, 14], "size": [10, 12, 11], "pivot": [16, 26, 18], "rotation": [-14.94548, 0, -4.83045], "uv": [51, 145]}
					]
				},
				{
					"name": "bone29",
					"parent": "bone28",
					"pivot": [16, 14, 17],
					"cubes": [
						{"origin": [8.88587, 4.79413, 13.08292], "size": [8, 12, 7], "pivot": [16.8858, 14.7455, 16.21844], "rotation": [10.10886, 0, 0.00122], "uv": [0, 173]}
					]
				},
				{
					"name": "bone30",
					"parent": "bone29",
					"pivot": [16, 6, 19],
					"rotation": [-4.96469, 0.49407, 0.30784],
					"cubes": [
						{"origin": [9.8637, -0.30039, 15.89585], "size": [6, 6, 5], "pivot": [16.86364, 3.65098, 18.03137], "rotation": [2.60886, 0, 0], "uv": [104, 123]}
					]
				},
				{
					"name": "bone31",
					"parent": "bone30",
					"pivot": [16.03011, 1.92854, 18.35014],
					"rotation": [-4.96469, 0.49407, 0.30784],
					"cubes": [
						{"origin": [9.43011, -0.15713, 13.25834], "size": [7, 3, 8], "pivot": [16.86364, 1.65098, 19.03137], "rotation": [10, 0, 0], "uv": [181, 34]}
					]
				}
			]
		}
	]
}