{
	"format_version": "1.12.0",
	"minecraft:geometry": [
		{
			"description": {
				"identifier": "geometry.araripesuchus",
				"texture_width": 160,
				"texture_height": 160,
				"visible_bounds_width": 7,
				"visible_bounds_height": 2.5,
				"visible_bounds_offset": [
					0,
					0.75,
					0
				]
			},
			"bones": [
				{
					"name": "bone",
					"pivot": [
						0,
						11,
						5
					],
					"cubes": [
						{
							"origin": [
								0,
								10,
								4
							],
							"size": [
								4.1,
								8,
								2
							],
							"pivot": [
								6,
								11,
								5
							],
							"rotation": [
								-7.5,
								0,
								0
							],
							"uv": [
								64,
								93
							]
						},
						{
							"origin": [
								-4.1,
								10,
								4
							],
							"size": [
								4.1,
								8,
								2
							],
							"pivot": [
								-6,
								11,
								5
							],
							"rotation": [
								-7.5,
								0,
								0
							],
							"uv": [
								51,
								93
							]
						},
						{
							"origin": [
								-0.2,
								10,
								2
							],
							"size": [
								4.5,
								8,
								2
							],
							"pivot": [
								6,
								11,
								5
							],
							"rotation": [
								-7.5,
								0,
								0
							],
							"uv": [
								90,
								93
							]
						},
						{
							"origin": [
								-4.3,
								10,
								2
							],
							"size": [
								4.5,
								8,
								2
							],
							"pivot": [
								-6,
								11,
								5
							],
							"rotation": [
								-7.5,
								0,
								0
							],
							"uv": [
								77,
								93
							]
						},
						{
							"origin": [
								-0.1,
								10.32094,
								0.89657
							],
							"size": [
								4.5,
								8,
								2
							],
							"pivot": [
								-6,
								18,
								3
							],
							"rotation": [
								5,
								0,
								0
							],
							"uv": [
								30,
								104
							]
						},
						{
							"origin": [
								-4.4,
								10.32094,
								0.89657
							],
							"size": [
								4.5,
								8,
								2
							],
							"pivot": [
								6,
								18,
								3
							],
							"rotation": [
								5,
								0,
								0
							],
							"uv": [
								0,
								104
							]
						},
						{
							"origin": [
								-4.5,
								10.14663,
								-5.11104
							],
							"size": [
								9,
								8,
								6
							],
							"pivot": [
								6,
								18,
								1
							],
							"rotation": [
								10,
								0,
								0
							],
							"uv": [
								97,
								36
							]
						},
						{
							"origin": [
								-0.1,
								11.08955,
								-9.02854
							],
							"size": [
								4.5,
								6,
								4
							],
							"pivot": [
								-6,
								17,
								-5
							],
							"rotation": [
								25,
								0,
								0
							],
							"uv": [
								72,
								81
							]
						},
						{
							"origin": [
								-4.4,
								11.08955,
								-9.02854
							],
							"size": [
								4.5,
								6,
								4
							],
							"pivot": [
								6,
								17,
								-5
							],
							"rotation": [
								25,
								0,
								0
							],
							"uv": [
								55,
								81
							]
						},
						{
							"origin": [
								-4.5,
								10.79028,
								6.80027
							],
							"size": [
								9,
								7,
								4
							],
							"pivot": [
								6,
								17,
								7
							],
							"rotation": [
								-15,
								0,
								0
							],
							"uv": [
								54,
								54
							]
						},
						{
							"origin": [
								-4.4,
								10.0682,
								5.3155
							],
							"size": [
								4.9,
								2,
								4
							],
							"pivot": [
								6,
								11,
								9
							],
							"rotation": [
								10,
								0,
								0
							],
							"uv": [
								13,
								104
							]
						},
						{
							"origin": [
								-0.5,
								10.0682,
								5.3155
							],
							"size": [
								4.9,
								2,
								4
							],
							"pivot": [
								-6,
								11,
								9
							],
							"rotation": [
								10,
								0,
								0
							],
							"uv": [
								34,
								93
							]
						},
						{
							"origin": [
								-4,
								9.3736,
								1.25473
							],
							"size": [
								8,
								2,
								4
							],
							"pivot": [
								6,
								11,
								5
							],
							"rotation": [
								10,
								0,
								0
							],
							"uv": [
								0,
								67
							]
						},
						{
							"origin": [
								-4,
								8.82227,
								-2.44355
							],
							"size": [
								8,
								7,
								4
							],
							"uv": [
								81,
								54
							]
						},
						{
							"origin": [
								-3.5,
								8.82227,
								-8.44355
							],
							"size": [
								7,
								6,
								6
							],
							"pivot": [
								6,
								9,
								-2
							],
							"rotation": [
								-10,
								0,
								0
							],
							"uv": [
								27,
								54
							]
						}
					]
				},
				{
					"name": "bone2",
					"parent": "bone",
					"pivot": [
						0,
						14,
						10
					],
					"cubes": [
						{
							"origin": [
								-4,
								12,
								9
							],
							"size": [
								8,
								5,
								12
							],
							"pivot": [
								11,
								14,
								10
							],
							"rotation": [
								-17.5,
								0,
								0
							],
							"uv": [
								43,
								0
							]
						},
						{
							"origin": [
								-3.9,
								9.40922,
								8.16744
							],
							"size": [
								3.9,
								4,
								12
							],
							"pivot": [
								11,
								10,
								18
							],
							"rotation": [
								-7.5,
								0,
								0
							],
							"uv": [
								66,
								36
							]
						},
						{
							"origin": [
								0,
								9.40922,
								8.16744
							],
							"size": [
								3.9,
								4,
								12
							],
							"pivot": [
								-11,
								10,
								18
							],
							"rotation": [
								-7.5,
								0,
								0
							],
							"uv": [
								35,
								36
							]
						}
					]
				},
				{
					"name": "bone3",
					"parent": "bone2",
					"pivot": [
						0,
						12,
						21
					],
					"rotation": [
						-2.5,
						0,
						0
					],
					"cubes": [
						{
							"origin": [
								-2.9,
								10,
								20
							],
							"size": [
								3.9,
								2,
								15
							],
							"pivot": [
								11,
								12,
								21
							],
							"rotation": [
								-20,
								0,
								0
							],
							"uv": [
								0,
								18
							]
						},
						{
							"origin": [
								-1,
								10,
								20
							],
							"size": [
								3.9,
								2,
								15
							],
							"pivot": [
								-11,
								12,
								21
							],
							"rotation": [
								-20,
								0,
								0
							],
							"uv": [
								84,
								0
							]
						},
						{
							"origin": [
								-2.8,
								9.22141,
								19.25565
							],
							"size": [
								2.8,
								2,
								15
							],
							"pivot": [
								11,
								10,
								20
							],
							"rotation": [
								-17.5,
								0,
								0
							],
							"uv": [
								0,
								36
							]
						},
						{
							"origin": [
								0,
								9.22141,
								19.25565
							],
							"size": [
								2.8,
								2,
								15
							],
							"pivot": [
								-11,
								10,
								20
							],
							"rotation": [
								-17.5,
								0,
								0
							],
							"uv": [
								74,
								18
							]
						},
						{
							"origin": [
								-3,
								6.38745,
								19.1578
							],
							"size": [
								6,
								2,
								15
							],
							"pivot": [
								11,
								8,
								32
							],
							"rotation": [
								-25,
								0,
								0
							],
							"uv": [
								0,
								0
							]
						}
					]
				},
				{
					"name": "bone4",
					"parent": "bone3",
					"pivot": [
						0,
						7,
						34
					],
					"cubes": [
						{
							"origin": [
								-2,
								5,
								33
							],
							"size": [
								4,
								2,
								14
							],
							"pivot": [
								11,
								7,
								34
							],
							"rotation": [
								-12.5,
								0,
								0
							],
							"uv": [
								37,
								18
							]
						}
					]
				},
				{
					"name": "bone5",
					"parent": "bone",
					"pivot": [
						0,
						13,
						-7
					],
					"cubes": [
						{
							"origin": [
								0,
								10,
								-11
							],
							"size": [
								3.6,
								6,
								5
							],
							"uv": [
								0,
								81
							]
						},
						{
							"origin": [
								-3.6,
								10,
								-11
							],
							"size": [
								3.6,
								6,
								5
							],
							"uv": [
								101,
								67
							]
						},
						{
							"origin": [
								-2.5,
								12,
								-16
							],
							"size": [
								5,
								4,
								8
							],
							"pivot": [
								6,
								13,
								-11
							],
							"rotation": [
								-12.5,
								0,
								0
							],
							"uv": [
								0,
								54
							]
						},
						{
							"origin": [
								-2.5,
								10,
								-12
							],
							"size": [
								5,
								3,
								4
							],
							"pivot": [
								6,
								13,
								-11
							],
							"rotation": [
								2.5,
								0,
								0
							],
							"uv": [
								89,
								81
							]
						},
						{
							"origin": [
								-0.2,
								10,
								-16
							],
							"size": [
								2.6,
								4,
								4
							],
							"pivot": [
								-6,
								13,
								-11
							],
							"rotation": [
								2.5,
								0,
								0
							],
							"uv": [
								61,
								115
							]
						},
						{
							"origin": [
								-2.4,
								10,
								-16
							],
							"size": [
								2.6,
								4,
								4
							],
							"pivot": [
								6,
								13,
								-11
							],
							"rotation": [
								2.5,
								0,
								0
							],
							"uv": [
								48,
								115
							]
						}
					]
				},
				{
					"name": "bone6",
					"parent": "bone5",
					"pivot": [
						0,
						13,
						-15
					],
					"rotation": [
						5,
						0,
						0
					],
					"cubes": [
						{
							"origin": [
								-3,
								12.59,
								-21.56
							],
							"size": [
								6,
								1.64,
								6.56
							],
							"uv": [
								106,
								54
							]
						},
						{
							"origin": [
								-2.9,
								14,
								-21.56
							],
							"size": [
								4.1,
								1,
								6.56
							],
							"uv": [
								80,
								67
							]
						},
						{
							"origin": [
								-1.2,
								14,
								-21.56
							],
							"size": [
								4.1,
								1,
								6.56
							],
							"uv": [
								59,
								67
							]
						},
						{
							"origin": [
								-1.96773,
								14.59217,
								-21.60099
							],
							"size": [
								1.1,
								1.5,
								6.56
							],
							"pivot": [
								-2,
								15,
								-21
							],
							"rotation": [
								-1.05993,
								-4.76521,
								25.06717
							],
							"uv": [
								84,
								104
							]
						},
						{
							"origin": [
								0.86773,
								14.59217,
								-21.60099
							],
							"size": [
								1.1,
								1.5,
								6.56
							],
							"pivot": [
								2,
								15,
								-21
							],
							"rotation": [
								-1.05993,
								4.76521,
								-25.06717
							],
							"uv": [
								69,
								104
							]
						},
						{
							"origin": [
								-2,
								12.59,
								-23.2
							],
							"size": [
								4,
								1,
								1.64
							],
							"pivot": [
								2,
								13,
								-21.56
							],
							"rotation": [
								-10,
								0,
								0
							],
							"uv": [
								99,
								147
							]
						},
						{
							"origin": [
								-3,
								12.59,
								-23.5
							],
							"size": [
								3,
								2.1,
								2
							],
							"pivot": [
								-3,
								13,
								-21.56
							],
							"rotation": [
								-10.34527,
								-14.76689,
								2.66399
							],
							"uv": [
								22,
								147
							]
						},
						{
							"origin": [
								0,
								12.59,
								-23.5
							],
							"size": [
								3,
								2.1,
								2
							],
							"pivot": [
								3,
								13,
								-21.56
							],
							"rotation": [
								-10.34527,
								14.76689,
								-2.66399
							],
							"uv": [
								0,
								147
							]
						},
						{
							"origin": [
								-2.45615,
								12.9373,
								-27.03868
							],
							"size": [
								2,
								1,
								3.64
							],
							"pivot": [
								-2,
								13,
								-23.56
							],
							"rotation": [
								-2.53742,
								-4.92385,
								0.87038
							],
							"uv": [
								33,
								147
							]
						},
						{
							"origin": [
								0.45615,
								12.9373,
								-27.03868
							],
							"size": [
								2,
								1,
								3.64
							],
							"pivot": [
								2,
								13,
								-23.56
							],
							"rotation": [
								-2.53742,
								4.92385,
								-0.87038
							],
							"uv": [
								75,
								141
							]
						},
						{
							"origin": [
								-2.42588,
								13.93937,
								-26.95275
							],
							"size": [
								2,
								1,
								3.64
							],
							"pivot": [
								-2,
								15,
								-23.56
							],
							"rotation": [
								12.50933,
								-7.38599,
								0.43439
							],
							"uv": [
								11,
								147
							]
						},
						{
							"origin": [
								0.42588,
								13.93937,
								-26.95275
							],
							"size": [
								2,
								1,
								3.64
							],
							"pivot": [
								2,
								15,
								-23.56
							],
							"rotation": [
								12.50933,
								7.38599,
								-0.43439
							],
							"uv": [
								88,
								137
							]
						},
						{
							"origin": [
								-2,
								13.22926,
								-24.66222
							],
							"size": [
								4,
								1,
								1.64
							],
							"pivot": [
								2,
								13.82,
								-22.2
							],
							"rotation": [
								20,
								0,
								0
							],
							"uv": [
								88,
								147
							]
						},
						{
							"origin": [
								-2,
								12.686,
								-25.77152
							],
							"size": [
								4,
								1,
								1.64
							],
							"pivot": [
								2,
								13.18,
								-26.02
							],
							"rotation": [
								-7.5,
								0,
								0
							],
							"uv": [
								77,
								147
							]
						},
						{
							"origin": [
								-2,
								12.65706,
								-27.35437
							],
							"size": [
								4,
								1,
								1.64
							],
							"pivot": [
								2,
								13.82,
								-25.66
							],
							"rotation": [
								17.5,
								0,
								0
							],
							"uv": [
								66,
								147
							]
						},
						{
							"origin": [
								1.5,
								10.65706,
								-27.35437
							],
							"size": [
								0,
								2,
								5.64
							],
							"pivot": [
								-2,
								13.82,
								-25.66
							],
							"rotation": [
								17.5,
								0,
								0
							],
							"uv": [
								11,
								137
							]
						},
						{
							"origin": [
								-1.5,
								10.65706,
								-27.35437
							],
							"size": [
								0,
								2,
								5.64
							],
							"pivot": [
								2,
								13.82,
								-25.66
							],
							"rotation": [
								17.5,
								0,
								0
							],
							"uv": [
								90,
								126
							]
						},
						{
							"origin": [
								-1.9,
								12.25736,
								-28
							],
							"size": [
								1.9,
								1.5,
								1
							],
							"pivot": [
								2,
								12.18,
								-27.12
							],
							"rotation": [
								-32.5,
								0,
								0
							],
							"uv": [
								92,
								152
							]
						},
						{
							"origin": [
								0,
								12.25736,
								-28
							],
							"size": [
								1.9,
								1.5,
								1
							],
							"pivot": [
								-2,
								12.18,
								-27.12
							],
							"rotation": [
								-32.5,
								0,
								0
							],
							"uv": [
								87,
								152
							]
						},
						{
							"origin": [
								-1,
								13.16736,
								-28.95422
							],
							"size": [
								2,
								1,
								1
							],
							"pivot": [
								2,
								13,
								-28.12
							],
							"rotation": [
								-97.5,
								0,
								0
							],
							"uv": [
								80,
								152
							]
						},
						{
							"origin": [
								-1,
								14.09439,
								-29.78123
							],
							"size": [
								2,
								1,
								1.64
							],
							"pivot": [
								2,
								13.82,
								-28.12
							],
							"rotation": [
								-125,
								0,
								0
							],
							"uv": [
								73,
								152
							]
						},
						{
							"origin": [
								-1,
								13.87165,
								-27.96755
							],
							"size": [
								2,
								2,
								4.92
							],
							"pivot": [
								2,
								14.64,
								-24.84
							],
							"rotation": [
								-167.5,
								0,
								0
							],
							"uv": [
								44,
								126
							]
						},
						{
							"origin": [
								0,
								13.22233,
								-22.03866
							],
							"size": [
								2,
								2,
								4.92
							],
							"pivot": [
								2,
								14.64,
								-21.84
							],
							"rotation": [
								-164.81336,
								9.76061,
								2.18558
							],
							"uv": [
								31,
								126
							]
						},
						{
							"origin": [
								-2,
								13.22233,
								-22.03866
							],
							"size": [
								2,
								2,
								4.92
							],
							"pivot": [
								-2,
								14.64,
								-21.84
							],
							"rotation": [
								-164.81336,
								-9.76061,
								-2.18558
							],
							"uv": [
								18,
								126
							]
						},
						{
							"origin": [
								-2,
								14.78229,
								-23.76782
							],
							"size": [
								4,
								3,
								2.46
							],
							"pivot": [
								2,
								15.46,
								-21.56
							],
							"rotation": [
								-165,
								0,
								0
							],
							"uv": [
								48,
								137
							]
						},
						{
							"origin": [
								-2,
								15.96988,
								-24.61147
							],
							"size": [
								4,
								1,
								4.28
							],
							"pivot": [
								2,
								16.28,
								-19.92
							],
							"rotation": [
								-175,
								0,
								0
							],
							"uv": [
								99,
								104
							]
						},
						{
							"origin": [
								-2,
								16.96988,
								-24.61147
							],
							"size": [
								4,
								1,
								1.28
							],
							"pivot": [
								2,
								16.28,
								-19.92
							],
							"rotation": [
								-175,
								0,
								0
							],
							"uv": [
								44,
								147
							]
						}
					]
				},
				{
					"name": "bone7",
					"parent": "bone6",
					"pivot": [
						2,
						12.66,
						-15.68
					],
					"rotation": [
						5,
						0,
						0
					],
					"cubes": [
						{
							"origin": [
								-2.9,
								11.36,
								-21.56
							],
							"size": [
								2.9,
								1.64,
								7.38
							],
							"uv": [
								36,
								81
							]
						},
						{
							"origin": [
								-1.9,
								12.36,
								-20.56
							],
							"size": [
								0,
								2.64,
								6.38
							],
							"uv": [
								35,
								115
							]
						},
						{
							"origin": [
								1.9,
								12.36,
								-20.56
							],
							"size": [
								0,
								2.64,
								6.38
							],
							"uv": [
								22,
								115
							]
						},
						{
							"origin": [
								0,
								11.36,
								-21.56
							],
							"size": [
								2.9,
								1.64,
								7.38
							],
							"uv": [
								17,
								81
							]
						},
						{
							"origin": [
								-2,
								12.18,
								-27.3
							],
							"size": [
								4,
								1,
								1.74
							],
							"pivot": [
								2,
								13,
								-27
							],
							"rotation": [
								10,
								0,
								0
							],
							"uv": [
								55,
								147
							]
						},
						{
							"origin": [
								-1.8,
								12.00635,
								-25.6
							],
							"size": [
								2,
								1,
								1
							],
							"pivot": [
								2,
								13,
								-24
							],
							"rotation": [
								-12.5,
								0,
								0
							],
							"uv": [
								59,
								152
							]
						},
						{
							"origin": [
								-0.2,
								12.00635,
								-25.6
							],
							"size": [
								2,
								1,
								1
							],
							"pivot": [
								-2,
								13,
								-24
							],
							"rotation": [
								-12.5,
								0,
								0
							],
							"uv": [
								52,
								152
							]
						},
						{
							"origin": [
								-1.9,
								12.19909,
								-24.84014
							],
							"size": [
								2,
								1,
								2
							],
							"pivot": [
								2,
								12,
								-25
							],
							"rotation": [
								5,
								0,
								0
							],
							"uv": [
								119,
								147
							]
						},
						{
							"origin": [
								-0.1,
								12.19909,
								-24.84014
							],
							"size": [
								2,
								1,
								2
							],
							"pivot": [
								-2,
								12,
								-25
							],
							"rotation": [
								5,
								0,
								0
							],
							"uv": [
								110,
								147
							]
						},
						{
							"origin": [
								-2,
								11.95106,
								-22.88541
							],
							"size": [
								4,
								1,
								2
							],
							"pivot": [
								2,
								13,
								-21
							],
							"rotation": [
								-12.5,
								0,
								0
							],
							"uv": [
								75,
								137
							]
						},
						{
							"origin": [
								1,
								11.95106,
								-25.88541
							],
							"size": [
								0,
								2,
								5
							],
							"pivot": [
								2,
								13,
								-21
							],
							"rotation": [
								-12.5,
								0,
								0
							],
							"uv": [
								0,
								137
							]
						},
						{
							"origin": [
								-1,
								11.95106,
								-25.88541
							],
							"size": [
								0,
								2,
								5
							],
							"pivot": [
								-2,
								13,
								-21
							],
							"rotation": [
								-12.5,
								0,
								0
							],
							"uv": [
								79,
								126
							]
						},
						{
							"origin": [
								-1.7,
								11.36,
								-25.66
							],
							"size": [
								2,
								1,
								4.1
							],
							"uv": [
								35,
								137
							]
						},
						{
							"origin": [
								-0.3,
								11.36,
								-25.66
							],
							"size": [
								2,
								1,
								4.1
							],
							"uv": [
								22,
								137
							]
						},
						{
							"origin": [
								-1.6,
								11.36,
								-27.3
							],
							"size": [
								2,
								1,
								1.64
							],
							"pivot": [
								2,
								11.36,
								-25.66
							],
							"rotation": [
								-25,
								0,
								0
							],
							"uv": [
								66,
								152
							]
						},
						{
							"origin": [
								-0.4,
								11.36,
								-27.3
							],
							"size": [
								2,
								1,
								1.64
							],
							"pivot": [
								-2,
								11.36,
								-25.66
							],
							"rotation": [
								-25,
								0,
								0
							],
							"uv": [
								45,
								152
							]
						},
						{
							"origin": [
								-2.8,
								10.54,
								-16.64
							],
							"size": [
								2.8,
								1.64,
								2.46
							],
							"pivot": [
								2,
								13,
								-15
							],
							"rotation": [
								7.5,
								0,
								0
							],
							"uv": [
								36,
								152
							]
						},
						{
							"origin": [
								0,
								10.54,
								-16.64
							],
							"size": [
								2.8,
								1.64,
								2.46
							],
							"pivot": [
								-2,
								13,
								-15
							],
							"rotation": [
								7.5,
								0,
								0
							],
							"uv": [
								9,
								152
							]
						},
						{
							"origin": [
								0,
								10.41192,
								-18.78592
							],
							"size": [
								2.7,
								1.64,
								2.46
							],
							"uv": [
								27,
								152
							]
						},
						{
							"origin": [
								-2.7,
								10.41192,
								-18.78592
							],
							"size": [
								2.7,
								1.64,
								2.46
							],
							"uv": [
								0,
								152
							]
						},
						{
							"origin": [
								-2.6,
								10.41192,
								-21.24592
							],
							"size": [
								2.6,
								1.64,
								2.46
							],
							"pivot": [
								2,
								10.54,
								-18.28
							],
							"rotation": [
								-15,
								0,
								0
							],
							"uv": [
								18,
								152
							]
						},
						{
							"origin": [
								0,
								10.41192,
								-21.24592
							],
							"size": [
								2.6,
								1.64,
								2.46
							],
							"pivot": [
								-2,
								10.54,
								-18.28
							],
							"rotation": [
								-15,
								0,
								0
							],
							"uv": [
								128,
								147
							]
						}
					]
				},
				{
					"name": "bone8",
					"pivot": [
						-4,
						11,
						-5
					],
					"cubes": [
						{
							"origin": [
								-5.5,
								6,
								-6
							],
							"size": [
								3,
								6,
								3
							],
							"pivot": [
								-4,
								11,
								-5
							],
							"rotation": [
								12.5,
								0,
								0
							],
							"uv": [
								56,
								104
							]
						}
					]
				},
				{
					"name": "bone9",
					"parent": "bone8",
					"pivot": [
						-4,
						8,
						-4
					],
					"cubes": [
						{
							"origin": [
								-5,
								0,
								-5
							],
							"size": [
								2,
								8,
								2
							],
							"uv": [
								9,
								126
							]
						},
						{
							"origin": [
								-4.9,
								0,
								-4
							],
							"size": [
								1.9,
								7,
								2
							],
							"pivot": [
								-4,
								7,
								-2
							],
							"rotation": [
								-7.5,
								0,
								0
							],
							"uv": [
								68,
								137
							]
						}
					]
				},
				{
					"name": "bone10",
					"parent": "bone9",
					"pivot": [
						-4,
						1,
						-4
					],
					"cubes": [
						{
							"origin": [
								-5.5,
								0,
								-7
							],
							"size": [
								3,
								1,
								4
							],
							"uv": [
								89,
								115
							]
						}
					]
				},
				{
					"name": "bone11",
					"pivot": [
						4,
						11,
						-5
					],
					"cubes": [
						{
							"origin": [
								2.5,
								6,
								-6
							],
							"size": [
								3,
								6,
								3
							],
							"pivot": [
								4,
								11,
								-5
							],
							"rotation": [
								12.5,
								0,
								0
							],
							"uv": [
								43,
								104
							]
						}
					]
				},
				{
					"name": "bone12",
					"parent": "bone11",
					"pivot": [
						4,
						8,
						-4
					],
					"cubes": [
						{
							"origin": [
								3,
								0,
								-5
							],
							"size": [
								2,
								8,
								2
							],
							"uv": [
								0,
								126
							]
						},
						{
							"origin": [
								3,
								0,
								-4
							],
							"size": [
								1.9,
								7,
								2
							],
							"pivot": [
								4,
								7,
								-2
							],
							"rotation": [
								-7.5,
								0,
								0
							],
							"uv": [
								61,
								137
							]
						}
					]
				},
				{
					"name": "bone13",
					"parent": "bone12",
					"pivot": [
						4,
						1,
						-4
					],
					"cubes": [
						{
							"origin": [
								2.5,
								0,
								-7
							],
							"size": [
								3,
								1,
								4
							],
							"uv": [
								74,
								115
							]
						}
					]
				},
				{
					"name": "bone14",
					"pivot": [
						4,
						11,
						6
					],
					"cubes": [
						{
							"origin": [
								2.5,
								7,
								4
							],
							"size": [
								3,
								8,
								5
							],
							"pivot": [
								4,
								11,
								8
							],
							"rotation": [
								-12.5,
								0,
								0
							],
							"uv": [
								42,
								67
							]
						}
					]
				},
				{
					"name": "bone15",
					"parent": "bone14",
					"pivot": [
						4,
						8,
						7
					],
					"cubes": [
						{
							"origin": [
								3,
								3.27816,
								4.75606
							],
							"size": [
								1.9,
								6,
								4
							],
							"pivot": [
								4,
								9,
								7
							],
							"rotation": [
								7.5,
								0,
								0
							],
							"uv": [
								11,
								115
							]
						}
					]
				},
				{
					"name": "bone17",
					"parent": "bone15",
					"pivot": [
						4,
						4,
						7
					],
					"cubes": [
						{
							"origin": [
								3,
								0,
								6
							],
							"size": [
								2,
								4,
								3.5
							],
							"pivot": [
								4,
								5,
								8
							],
							"rotation": [
								-20,
								0,
								0
							],
							"uv": [
								68,
								126
							]
						}
					]
				},
				{
					"name": "bone16",
					"parent": "bone17",
					"pivot": [
						4,
						1,
						6
					],
					"cubes": [
						{
							"origin": [
								2.5,
								0,
								3
							],
							"size": [
								3,
								1.5,
								5
							],
							"uv": [
								17,
								93
							]
						}
					]
				},
				{
					"name": "bone18",
					"pivot": [
						-4,
						11,
						6
					],
					"cubes": [
						{
							"origin": [
								-5.5,
								7,
								4
							],
							"size": [
								3,
								8,
								5
							],
							"pivot": [
								-4,
								11,
								8
							],
							"rotation": [
								-12.5,
								0,
								0
							],
							"uv": [
								25,
								67
							]
						}
					]
				},
				{
					"name": "bone19",
					"parent": "bone18",
					"pivot": [
						-4,
						8,
						7
					],
					"cubes": [
						{
							"origin": [
								-4.9,
								3.27816,
								4.75606
							],
							"size": [
								1.9,
								6,
								4
							],
							"pivot": [
								-4,
								9,
								7
							],
							"rotation": [
								7.5,
								0,
								0
							],
							"uv": [
								0,
								115
							]
						}
					]
				},
				{
					"name": "bone20",
					"parent": "bone19",
					"pivot": [
						-4,
						4,
						7
					],
					"cubes": [
						{
							"origin": [
								-5,
								0,
								6
							],
							"size": [
								2,
								4,
								3.5
							],
							"pivot": [
								-4,
								5,
								8
							],
							"rotation": [
								-20,
								0,
								0
							],
							"uv": [
								57,
								126
							]
						}
					]
				},
				{
					"name": "bone21",
					"parent": "bone20",
					"pivot": [
						-4,
						1,
						6
					],
					"cubes": [
						{
							"origin": [
								-5.5,
								0,
								3
							],
							"size": [
								3,
								1.5,
								5
							],
							"uv": [
								0,
								93
							]
						}
					]
				}
			]
		}
	]
}