{
	"format_version": "1.12.0",
	"minecraft:geometry": [
		{
			"description": {
				"identifier": "geometry.brachiosaurus",
				"texture_width": 256,
				"texture_height": 256,
				"visible_bounds_width": 10,
				"visible_bounds_height": 6.5,
				"visible_bounds_offset": [0, 2.75, 0]
			},
			"bones": [
				{
					"name": "Brachiosaurus",
					"pivot": [0, 22, 5]
				},
				{
					"name": "Body",
					"parent": "Brachiosaurus",
					"pivot": [0, 22, 5]
				},
				{
					"name": "bone",
					"parent": "Body",
					"pivot": [0, 22, 5],
					"cubes": [
						{
							"origin": [-10, 21, -14],
							"size": [20, 9, 12],
							"pivot": [0, 22, 5],
							"rotation": [-22.5, 0, 0],
							"uv": {
								"north": {"uv": [0, 77], "uv_size": [20, 9]},
								"east": {"uv": [62, 111], "uv_size": [12, 9]},
								"south": {"uv": [78, 50], "uv_size": [20, 9]},
								"west": {"uv": [111, 67], "uv_size": [12, 9]},
								"up": {"uv": [64, 26], "uv_size": [20, 12]},
								"down": {"uv": [64, 50], "uv_size": [20, -12]}
							}
						},
						{
							"origin": [-9, 17.94975, -11.97918],
							"size": [18, 10, 7],
							"pivot": [0, 27, -7],
							"rotation": [-50, 0, 0],
							"uv": {
								"north": {"uv": [0, 67], "uv_size": [18, 10]},
								"east": {"uv": [130, 100], "uv_size": [7, 10]},
								"south": {"uv": [83, 0], "uv_size": [18, 10]},
								"west": {"uv": [53, 131], "uv_size": [7, 10]},
								"up": {"uv": [65, 104], "uv_size": [18, 7]},
								"down": {"uv": [105, 104], "uv_size": [18, -7]}
							}
						},
						{
							"origin": [-9.5, 12.11272, -6.81413],
							"size": [19, 13, 7],
							"pivot": [0, 22.89878, -0.64435],
							"rotation": [-45, 0, 0],
							"uv": {
								"north": {"uv": [59, 52], "uv_size": [19, 13]},
								"east": {"uv": [33, 90], "uv_size": [7, 13]},
								"south": {"uv": [64, 13], "uv_size": [19, 13]},
								"west": {"uv": [53, 118], "uv_size": [7, 13]},
								"up": {"uv": [0, 104], "uv_size": [19, 7]},
								"down": {"uv": [46, 111], "uv_size": [19, -7]}
							}
						},
						{
							"origin": [-10, 10.43223, -0.19667],
							"size": [20, 13, 7],
							"pivot": [0, 24.43223, 2.80333],
							"rotation": [-35, 0, 0],
							"uv": {
								"north": {"uv": [44, 13], "uv_size": [20, 13]},
								"east": {"uv": [60, 120], "uv_size": [7, 13]},
								"south": {"uv": [44, 26], "uv_size": [20, 13]},
								"west": {"uv": [67, 120], "uv_size": [7, 13]},
								"up": {"uv": [95, 76], "uv_size": [20, 7]},
								"down": {"uv": [11, 104], "uv_size": [20, -7]}
							}
						},
						{
							"origin": [-10.5, 11.04857, 4.3413],
							"size": [21, 13, 7],
							"pivot": [0, 25.04857, 0.3413],
							"rotation": [-25, 0, 0],
							"uv": {
								"north": {"uv": [0, 40], "uv_size": [21, 13]},
								"east": {"uv": [14, 121], "uv_size": [7, 13]},
								"south": {"uv": [44, 0], "uv_size": [21, 13]},
								"west": {"uv": [21, 121], "uv_size": [7, 13]},
								"up": {"uv": [95, 10], "uv_size": [21, 7]},
								"down": {"uv": [95, 24], "uv_size": [21, -7]}
							}
						},
						{
							"origin": [-10.75, 9.97688, 7.70863],
							"size": [21.5, 13, 7],
							"pivot": [0, 23.97688, -4.29137],
							"rotation": [-12.5, 0, 0],
							"uv": {
								"north": {"uv": [22, 0], "uv_size": [21.5, 13]},
								"east": {"uv": [123, 40], "uv_size": [7, 13]},
								"south": {"uv": [22, 13], "uv_size": [21.5, 13]},
								"west": {"uv": [123, 83], "uv_size": [7, 13]},
								"up": {"uv": [84, 38], "uv_size": [21.5, 7]},
								"down": {"uv": [11, 97], "uv_size": [21.5, -7]}
							}
						},
						{
							"origin": [-10.7, 1.53574, 8.67202],
							"size": [21.4, 13, 7],
							"pivot": [0, 15.53574, -11.32798],
							"rotation": [12.5, 0, 0],
							"uv": {
								"north": {"uv": [22, 26], "uv_size": [21.5, 13]},
								"east": {"uv": [123, 96], "uv_size": [7, 13]},
								"south": {"uv": [22, 39], "uv_size": [21.5, 13]},
								"west": {"uv": [74, 125], "uv_size": [7, 13]},
								"up": {"uv": [94, 83], "uv_size": [21.5, 7]},
								"down": {"uv": [94, 97], "uv_size": [21.5, -7]}
							}
						},
						{
							"origin": [-10, -2.92131, 14.60761],
							"size": [20, 13, 7],
							"pivot": [0, 11.07869, -10.39239],
							"rotation": [22.5, 0, 0],
							"uv": {
								"north": {"uv": [44, 39], "uv_size": [20, 13]},
								"east": {"uv": [95, 126], "uv_size": [7, 13]},
								"south": {"uv": [21, 52], "uv_size": [20, 13]},
								"west": {"uv": [102, 126], "uv_size": [7, 13]},
								"up": {"uv": [51, 97], "uv_size": [20, 7]},
								"down": {"uv": [71, 104], "uv_size": [20, -7]}
							}
						},
						{
							"origin": [-11, 20.14162, -3.47749],
							"size": [22, 9, 20],
							"pivot": [0, 21.14162, 4.52251],
							"rotation": [-30, 0, 0],
							"uv": {
								"north": {"uv": [73, 65], "uv_size": [22, 9]},
								"east": {"uv": [50, 80], "uv_size": [20, 9]},
								"south": {"uv": [73, 74], "uv_size": [22, 9]},
								"west": {"uv": [20, 81], "uv_size": [20, 9]},
								"up": {"uv": [0, 0], "uv_size": [22, 20]},
								"down": {"uv": [0, 40], "uv_size": [22, -20]}
							}
						},
						{
							"origin": [-9, 20.67594, 16.05544],
							"size": [18, 8, 12],
							"pivot": [0, 20.67594, 3.05544],
							"rotation": [-25, 0, 0],
							"uv": {
								"north": {"uv": [51, 89], "uv_size": [18, 8]},
								"east": {"uv": [95, 118], "uv_size": [12, 8]},
								"south": {"uv": [95, 59], "uv_size": [18, 8]},
								"west": {"uv": [107, 118], "uv_size": [12, 8]},
								"up": {"uv": [65, 0], "uv_size": [18, 12]},
								"down": {"uv": [18, 77], "uv_size": [18, -12]}
							}
						}
					]
				},
				{
					"name": "Tail",
					"parent": "bone",
					"pivot": [0, 14, 28]
				},
				{
					"name": "bone2",
					"parent": "Tail",
					"pivot": [0, 14, 28],
					"cubes": [
						{
							"origin": [-6, 11, 27],
							"size": [12, 5, 10],
							"pivot": [0, 14, 28],
							"rotation": [-15, 0, 0],
							"uv": {
								"north": {"uv": [135, 122], "uv_size": [12, 5]},
								"east": {"uv": [96, 33], "uv_size": [10, 5]},
								"south": {"uv": [135, 127], "uv_size": [12, 5]},
								"west": {"uv": [138, 6], "uv_size": [10, 5]},
								"up": {"uv": [19, 104], "uv_size": [12, 10]},
								"down": {"uv": [83, 117], "uv_size": [12, -10]}
							}
						},
						{
							"origin": [-7, 12, 27],
							"size": [14, 5, 10],
							"pivot": [0, 14, 28],
							"rotation": [-22.5, 0, 0],
							"uv": {
								"north": {"uv": [78, 59], "uv_size": [14, 5]},
								"east": {"uv": [138, 11], "uv_size": [10, 5]},
								"south": {"uv": [84, 45], "uv_size": [14, 5]},
								"west": {"uv": [138, 34], "uv_size": [10, 5]},
								"up": {"uv": [91, 97], "uv_size": [14, 10]},
								"down": {"uv": [98, 55], "uv_size": [14, -10]}
							}
						}
					]
				},
				{
					"name": "bone3",
					"parent": "bone2",
					"pivot": [0, 11, 37],
					"cubes": [
						{
							"origin": [-5, 8.62405, 36.17109],
							"size": [10, 4, 10],
							"pivot": [0, 10.62405, 37.17109],
							"rotation": [-7.55324, 0, 0],
							"uv": {
								"north": {"uv": [0, 100], "uv_size": [10, 4]},
								"east": {"uv": [95, 107], "uv_size": [10, 4]},
								"south": {"uv": [138, 16], "uv_size": [10, 4]},
								"west": {"uv": [141, 114], "uv_size": [10, 4]},
								"up": {"uv": [112, 40], "uv_size": [10, 10]},
								"down": {"uv": [113, 60], "uv_size": [10, -10]}
							}
						},
						{
							"origin": [-6, 9.48002, 36.13779],
							"size": [12, 4, 8],
							"pivot": [0, 9.48002, 37.13779],
							"rotation": [-15.05324, 0, 0],
							"uv": {
								"north": {"uv": [20, 77], "uv_size": [12, 4]},
								"east": {"uv": [11, 86], "uv_size": [8, 4]},
								"south": {"uv": [98, 55], "uv_size": [12, 4]},
								"west": {"uv": [144, 44], "uv_size": [8, 4]},
								"up": {"uv": [30, 119], "uv_size": [12, 8]},
								"down": {"uv": [119, 126], "uv_size": [12, -8]}
							}
						}
					]
				},
				{
					"name": "bone4",
					"parent": "bone3",
					"pivot": [0, 10, 46],
					"cubes": [
						{
							"origin": [-4, 7.45708, 43.84972],
							"size": [8, 4, 10],
							"pivot": [0, -7.54292, 44.84972],
							"rotation": [-7.55324, 0, 0],
							"uv": {
								"north": {"uv": [144, 48], "uv_size": [8, 4]},
								"east": {"uv": [141, 118], "uv_size": [10, 4]},
								"south": {"uv": [144, 52], "uv_size": [8, 4]},
								"west": {"uv": [142, 27], "uv_size": [10, 4]},
								"up": {"uv": [28, 127], "uv_size": [8, 10]},
								"down": {"uv": [36, 137], "uv_size": [8, -10]}
							}
						}
					]
				},
				{
					"name": "bone5",
					"parent": "bone4",
					"pivot": [0, 8, 56],
					"rotation": [9.95815, 0.91674, 0.1382],
					"cubes": [
						{
							"origin": [-2.99155, 7.21455, 53.46212],
							"size": [6, 3, 13],
							"pivot": [0.00845, -8.78545, 54.46212],
							"rotation": [-7.55324, 0, 0],
							"uv": {
								"north": {"uv": [125, 115], "uv_size": [6, 3]},
								"east": {"uv": [141, 62], "uv_size": [13, 3]},
								"south": {"uv": [135, 57], "uv_size": [6, 3]},
								"west": {"uv": [142, 31], "uv_size": [13, 3]},
								"up": {"uv": [130, 74], "uv_size": [6, 13]},
								"down": {"uv": [130, 100], "uv_size": [6, -13]}
							}
						},
						{
							"origin": [-1.99155, 6.3, 54.7733],
							"size": [4, 2, 12],
							"pivot": [0.00845, -9, 55.7733],
							"rotation": [-2.55324, 0, 0],
							"uv": {
								"north": {"uv": [32, 77], "uv_size": [4, 3]},
								"east": {"uv": [143, 20], "uv_size": [13, 3]},
								"south": {"uv": [123, 21], "uv_size": [4, 3]},
								"west": {"uv": [143, 23], "uv_size": [13, 3]},
								"up": {"uv": [49, 132], "uv_size": [4, 13]},
								"down": {"uv": [70, 146], "uv_size": [4, -13]}
							}
						}
					]
				},
				{
					"name": "Neck",
					"parent": "bone",
					"pivot": [0, 29, -13]
				},
				{
					"name": "bone6",
					"parent": "Neck",
					"pivot": [0, 29, -13],
					"cubes": [
						{
							"origin": [-9, 30, -25],
							"size": [18, 7, 14],
							"pivot": [0, 29, -13],
							"rotation": [-47.5, 0, 0],
							"uv": {
								"north": {"uv": [105, 104], "uv_size": [18, 7]},
								"east": {"uv": [113, 60], "uv_size": [14, 7]},
								"south": {"uv": [106, 33], "uv_size": [18, 7]},
								"west": {"uv": [16, 114], "uv_size": [14, 7]},
								"up": {"uv": [41, 52], "uv_size": [18, 14]},
								"down": {"uv": [0, 67], "uv_size": [18, -14]}
							}
						},
						{
							"origin": [-8, 24, -20],
							"size": [16, 7, 9],
							"pivot": [0, 29, -13],
							"rotation": [-42.5, 0, 0],
							"uv": {
								"north": {"uv": [0, 111], "uv_size": [16, 7]},
								"east": {"uv": [133, 27], "uv_size": [9, 7]},
								"south": {"uv": [46, 111], "uv_size": [16, 7]},
								"west": {"uv": [15, 134], "uv_size": [9, 7]},
								"up": {"uv": [95, 67], "uv_size": [16, 9]},
								"down": {"uv": [96, 33], "uv_size": [16, -9]}
							}
						},
						{
							"origin": [-7.5, 24.85335, -36.39318],
							"size": [15, 7, 9],
							"pivot": [0, 22.85335, -20.39318],
							"rotation": [-65, 0, 0],
							"uv": {
								"north": {"uv": [95, 111], "uv_size": [15, 7]},
								"east": {"uv": [135, 50], "uv_size": [9, 7]},
								"south": {"uv": [110, 111], "uv_size": [15, 7]},
								"west": {"uv": [135, 65], "uv_size": [9, 7]},
								"up": {"uv": [101, 0], "uv_size": [15, 9]},
								"down": {"uv": [31, 112], "uv_size": [15, -9]}
							}
						}
					]
				},
				{
					"name": "bone7",
					"parent": "bone6",
					"pivot": [0, 37, -20],
					"cubes": [
						{
							"origin": [-7, 40.98799, -35.05905],
							"size": [14, 7, 15],
							"pivot": [0, 39.98799, -22.05905],
							"rotation": [-67.5, 0, 0],
							"uv": {
								"north": {"uv": [115, 76], "uv_size": [14, 7]},
								"east": {"uv": [112, 24], "uv_size": [15, 7]},
								"south": {"uv": [116, 0], "uv_size": [14, 7]},
								"west": {"uv": [31, 112], "uv_size": [15, 7]},
								"up": {"uv": [59, 65], "uv_size": [14, 15]},
								"down": {"uv": [36, 81], "uv_size": [14, -15]}
							}
						},
						{
							"origin": [-6, 36.9419, -35.7035],
							"size": [12, 7, 14],
							"pivot": [0, 39.9419, -22.7035],
							"rotation": [-75, 0, 0],
							"uv": {
								"north": {"uv": [123, 53], "uv_size": [12, 7]},
								"east": {"uv": [116, 7], "uv_size": [14, 7]},
								"south": {"uv": [123, 67], "uv_size": [12, 7]},
								"west": {"uv": [116, 14], "uv_size": [14, 7]},
								"up": {"uv": [83, 10], "uv_size": [12, 14]},
								"down": {"uv": [70, 97], "uv_size": [12, -14]}
							}
						}
					]
				},
				{
					"name": "bone8",
					"parent": "bone7",
					"pivot": [1, 52, -23],
					"cubes": [
						{
							"origin": [-6, 54.41634, -31.29269],
							"size": [12, 5, 14],
							"pivot": [0, 58.41634, -22.29269],
							"rotation": [-70, 0, 0],
							"uv": {
								"north": {"uv": [135, 132], "uv_size": [12, 5]},
								"east": {"uv": [125, 110], "uv_size": [14, 5]},
								"south": {"uv": [136, 72], "uv_size": [12, 5]},
								"west": {"uv": [127, 60], "uv_size": [14, 5]},
								"up": {"uv": [82, 83], "uv_size": [12, 14]},
								"down": {"uv": [84, 38], "uv_size": [12, -14]}
							}
						},
						{
							"origin": [-5.5, 57.7, -41.97215],
							"size": [11, 5, 14],
							"pivot": [0, 55.2541, -31.97215],
							"rotation": [-80, 0, 0],
							"uv": {
								"north": {"uv": [137, 97], "uv_size": [11, 5]},
								"east": {"uv": [130, 45], "uv_size": [14, 5]},
								"south": {"uv": [137, 102], "uv_size": [11, 5]},
								"west": {"uv": [81, 131], "uv_size": [14, 5]},
								"up": {"uv": [0, 86], "uv_size": [11, 14]},
								"down": {"uv": [40, 103], "uv_size": [11, -14]}
							}
						}
					]
				},
				{
					"name": "bone9",
					"parent": "bone8",
					"pivot": [1, 64.83097, -26.45658],
					"cubes": [
						{
							"origin": [-5, 61.61063, -25.73013],
							"size": [10, 7, 8],
							"pivot": [0, 72.61063, -22.73013],
							"rotation": [-62.5, 0, 0],
							"uv": {
								"north": {"uv": [40, 81], "uv_size": [10, 7]},
								"east": {"uv": [74, 138], "uv_size": [7, 7]},
								"south": {"uv": [131, 115], "uv_size": [10, 7]},
								"west": {"uv": [0, 139], "uv_size": [7, 7]},
								"up": {"uv": [0, 132], "uv_size": [10, 7]},
								"down": {"uv": [133, 27], "uv_size": [10, -7]}
							}
						}
					]
				},
				{
					"name": "bone10",
					"parent": "bone9",
					"pivot": [1, 70.83097, -30.45658],
					"cubes": [
						{
							"origin": [-4.5, 69.08152, -28.66342],
							"size": [9, 6, 5],
							"pivot": [0, 79.08152, -27.66342],
							"rotation": [-45, 0, 0],
							"uv": {
								"north": {"uv": [133, 137], "uv_size": [9, 6]},
								"east": {"uv": [48, 146], "uv_size": [5, 6]},
								"south": {"uv": [138, 0], "uv_size": [9, 6]},
								"west": {"uv": [146, 87], "uv_size": [5, 6]},
								"up": {"uv": [138, 39], "uv_size": [9, 5]},
								"down": {"uv": [141, 62], "uv_size": [9, -5]}
							}
						},
						{
							"origin": [-4, 66.31506, -22.58443],
							"size": [7, 4, 2],
							"pivot": [0, 77.31506, -24.58443],
							"rotation": [-72.5, 0, 0],
							"uv": {
								"north": {"uv": [146, 93], "uv_size": [7, 4]},
								"east": {"uv": [18, 61], "uv_size": [2, 4]},
								"south": {"uv": [147, 0], "uv_size": [7, 4]},
								"west": {"uv": [57, 66], "uv_size": [2, 4]},
								"up": {"uv": [64, 50], "uv_size": [7, 2]},
								"down": {"uv": [71, 52], "uv_size": [7, -2]}
							}
						}
					]
				},
				{
					"name": "bone11",
					"parent": "bone10",
					"pivot": [1, 79.83097, -21.45658],
					"cubes": [
						{
							"origin": [-4, 72.88354, -36.77097],
							"size": [8, 4, 5],
							"pivot": [0, 74.85918, -32.02738],
							"rotation": [-17.5, 0, 0],
							"uv": {
								"north": {"uv": [144, 65], "uv_size": [8, 4]},
								"east": {"uv": [147, 130], "uv_size": [5, 4]},
								"south": {"uv": [0, 146], "uv_size": [8, 4]},
								"west": {"uv": [141, 147], "uv_size": [5, 4]},
								"up": {"uv": [142, 77], "uv_size": [8, 5]},
								"down": {"uv": [142, 87], "uv_size": [8, -5]}
							}
						},
						{
							"origin": [-3.5, 73.18311, -31.72069],
							"size": [6, 4, 5],
							"pivot": [0, 82.18311, -32.72069],
							"rotation": [-40, 0, 0],
							"uv": {
								"north": {"uv": [26, 147], "uv_size": [6, 4]},
								"east": {"uv": [148, 4], "uv_size": [5, 4]},
								"south": {"uv": [32, 147], "uv_size": [6, 4]},
								"west": {"uv": [8, 148], "uv_size": [5, 4]},
								"up": {"uv": [106, 40], "uv_size": [6, 5]},
								"down": {"uv": [124, 40], "uv_size": [6, -5]}
							}
						}
					]
				},
				{
					"name": "bone12",
					"parent": "bone11",
					"pivot": [1, 79.83097, -26.45658],
					"cubes": [
						{
							"origin": [-3, 74.23969, -38.79959],
							"size": [6, 4, 2.6],
							"pivot": [0, 76.32101, -37.05601],
							"rotation": [-7.5, 0, 0],
							"uv": {
								"north": {"uv": [147, 39], "uv_size": [6, 4]},
								"east": {"uv": [18, 53], "uv_size": [2.5, 4]},
								"south": {"uv": [59, 147], "uv_size": [6, 4]},
								"west": {"uv": [18, 57], "uv_size": [2.5, 4]},
								"up": {"uv": [148, 100], "uv_size": [6, 2.5]},
								"down": {"uv": [148, 105.5], "uv_size": [6, -2.5]}
							}
						}
					]
				},
				{
					"name": "Head",
					"parent": "bone12",
					"pivot": [1, 75.83097, -37.45658]
				},
				{
					"name": "bone13",
					"parent": "Head",
					"pivot": [1, 75.83097, -37.45658],
					"cubes": [
						{
							"origin": [-2.1, 77.05813, -42.77981],
							"size": [4.2, 1, 5],
							"pivot": [0, 77.05813, -38.77981],
							"rotation": [35, 0, 0],
							"uv": {
								"north": {"uv": [70, 12], "uv_size": [4.25, 1]},
								"east": {"uv": [65, 12], "uv_size": [5, 1]},
								"south": {"uv": [75, 12], "uv_size": [4.25, 1]},
								"west": {"uv": [36, 65], "uv_size": [5, 1]},
								"up": {"uv": [107, 147], "uv_size": [4.25, 5]},
								"down": {"uv": [147, 127], "uv_size": [4.25, -5]}
							}
						},
						{
							"origin": [-1.7, 79.32034, -38.54279],
							"size": [3.5, 2, 1],
							"pivot": [0, 78.32034, -37.54279],
							"rotation": [82.5, 0, 0],
							"uv": {
								"north": {"uv": [120, 31], "uv_size": [3.5, 2]},
								"east": {"uv": [21, 44], "uv_size": [1, 2]},
								"south": {"uv": [123, 74], "uv_size": [3.5, 2]},
								"west": {"uv": [21, 46], "uv_size": [1, 2]},
								"up": {"uv": [101, 9], "uv_size": [3.5, 1]},
								"down": {"uv": [46, 104], "uv_size": [3.5, -1]}
							}
						},
						{
							"origin": [-2, 78.94341, -39.44965],
							"size": [4, 2, 1],
							"pivot": [0, 77.94341, -37.44965],
							"rotation": [57.5, 0, 0],
							"uv": {
								"north": {"uv": [112, 31], "uv_size": [4, 2]},
								"east": {"uv": [21, 40], "uv_size": [1, 2]},
								"south": {"uv": [116, 31], "uv_size": [4, 2]},
								"west": {"uv": [21, 42], "uv_size": [1, 2]},
								"up": {"uv": [82, 64], "uv_size": [4, 1]},
								"down": {"uv": [86, 65], "uv_size": [4, -1]}
							}
						},
						{
							"origin": [-1.74, 81.1718, -41.69266],
							"size": [3.5, 1, 2],
							"pivot": [0, 79.1718, -37.69266],
							"rotation": [77.5, 0, 0],
							"uv": {
								"north": {"uv": [105, 9], "uv_size": [3.5, 1]},
								"east": {"uv": [48, 88], "uv_size": [2, 1]},
								"south": {"uv": [109, 9], "uv_size": [3.5, 1]},
								"west": {"uv": [90, 64], "uv_size": [2, 1]},
								"up": {"uv": [42, 125], "uv_size": [3.5, 2]},
								"down": {"uv": [127, 67], "uv_size": [3.5, -2]}
							}
						},
						{
							"origin": [-1.73, 76.05813, -40.77981],
							"size": [3.5, 1, 3],
							"pivot": [0, 77.05813, -38.77981],
							"rotation": [17.5, 0, 0],
							"uv": {
								"north": {"uv": [40, 88], "uv_size": [3.5, 1]},
								"east": {"uv": [80, 12], "uv_size": [3, 1]},
								"south": {"uv": [44, 88], "uv_size": [3.5, 1]},
								"west": {"uv": [70, 82], "uv_size": [3, 1]},
								"up": {"uv": [131, 122], "uv_size": [3.5, 3]},
								"down": {"uv": [24, 137], "uv_size": [3.5, -3]}
							}
						},
						{
							"origin": [-2, 76.20052, -43.64202],
							"size": [4, 1, 2.3],
							"pivot": [0, 78.20052, -39.53602],
							"rotation": [27.5, 0, 0],
							"uv": {
								"north": {"uv": [78, 64], "uv_size": [4, 1]},
								"east": {"uv": [113, 9], "uv_size": [2.25, 1]},
								"south": {"uv": [32, 80], "uv_size": [4, 1]},
								"west": {"uv": [16, 113], "uv_size": [2.25, 1]},
								"up": {"uv": [122, 148], "uv_size": [4, 2.25]},
								"down": {"uv": [53, 151.25], "uv_size": [4, -2.25]}
							}
						}
					]
				},
				{
					"name": "Jaw",
					"parent": "bone13",
					"pivot": [1, 73.83097, -38.45658]
				},
				{
					"name": "bone14",
					"parent": "Jaw",
					"pivot": [1, 74.83097, -37.45658],
					"cubes": [
						{
							"origin": [-1.8, 74.33969, -40.34202],
							"size": [3.5, 1.5, 2],
							"pivot": [0, 74.93969, -39.34202],
							"rotation": [20, 0, 0],
							"uv": {
								"north": {"uv": [148, 37], "uv_size": [3.5, 1.5]},
								"east": {"uv": [57, 74], "uv_size": [2, 1.5]},
								"south": {"uv": [148, 75], "uv_size": [3.5, 1.5]},
								"west": {"uv": [57, 76], "uv_size": [2, 1.5]},
								"up": {"uv": [131, 65], "uv_size": [3.5, 2]},
								"down": {"uv": [10, 134], "uv_size": [3.5, -2]}
							}
						},
						{
							"origin": [-1, 74.33969, -39.34202],
							"size": [2, 1.5, 2],
							"pivot": [0, 74.93969, -39.34202],
							"rotation": [-12.5, 0, 0],
							"uv": {
								"north": {"uv": [57, 78], "uv_size": [2, 1.5]},
								"east": {"uv": [31, 97], "uv_size": [2, 1.5]},
								"south": {"uv": [31, 99], "uv_size": [2, 1.5]},
								"west": {"uv": [31, 101], "uv_size": [2, 1.5]},
								"up": {"uv": [57, 70], "uv_size": [2, 2]},
								"down": {"uv": [57, 74], "uv_size": [2, -2]}
							}
						},
						{
							"origin": [-1.5, 73.92046, -37.54546],
							"size": [3, 1.5, 2],
							"pivot": [0, 74.52046, -37.54546],
							"rotation": [2.5, 0, 0],
							"uv": {
								"north": {"uv": [110, 55], "uv_size": [3, 1.5]},
								"east": {"uv": [81, 111], "uv_size": [2, 1.5]},
								"south": {"uv": [110, 57], "uv_size": [3, 1.5]},
								"west": {"uv": [81, 113], "uv_size": [2, 1.5]},
								"up": {"uv": [70, 80], "uv_size": [3, 2]},
								"down": {"uv": [92, 61], "uv_size": [3, -2]}
							}
						},
						{
							"origin": [-1.5, 74.02872, -41.15482],
							"size": [3, 1.5, 1],
							"pivot": [0, 74.62872, -40.15482],
							"rotation": [7.5, 0, 0],
							"uv": {
								"north": {"uv": [92, 61], "uv_size": [3, 1.5]},
								"east": {"uv": [83, 24], "uv_size": [1, 1.5]},
								"south": {"uv": [92, 63], "uv_size": [3, 1.5]},
								"west": {"uv": [19, 86], "uv_size": [1, 1.5]},
								"up": {"uv": [16, 111], "uv_size": [3, 1]},
								"down": {"uv": [16, 113], "uv_size": [3, -1]}
							}
						},
						{
							"origin": [0.5, 75.02872, -40.15482],
							"size": [1, 1.5, 2],
							"pivot": [0, 74.62872, -40.15482],
							"rotation": [7.5, 0, 0],
							"uv": {
								"north": {"uv": [19, 88], "uv_size": [1, 1.5]},
								"east": {"uv": [81, 115], "uv_size": [2, 1.5]},
								"south": {"uv": [69, 89], "uv_size": [1, 1.5]},
								"west": {"uv": [14, 118], "uv_size": [2, 1.5]},
								"up": {"uv": [21, 48], "uv_size": [1, 2]},
								"down": {"uv": [21, 52], "uv_size": [1, -2]}
							}
						},
						{
							"origin": [-1.5, 75.02872, -40.15482],
							"size": [1, 1.5, 2],
							"pivot": [0, 74.62872, -40.15482],
							"rotation": [7.5, 0, 0],
							"uv": {
								"north": {"uv": [69, 91], "uv_size": [1, 1.5]},
								"east": {"uv": [60, 118], "uv_size": [2, 1.5]},
								"south": {"uv": [69, 93], "uv_size": [1, 1.5]},
								"west": {"uv": [28, 121], "uv_size": [2, 1.5]},
								"up": {"uv": [20, 61], "uv_size": [1, 2]},
								"down": {"uv": [20, 65], "uv_size": [1, -2]}
							}
						},
						{
							"origin": [-1, 73.50902, -42.08933],
							"size": [2, 1.2, 1.2],
							"pivot": [0, 74.10902, -40.08933],
							"rotation": [-25, 0, 0],
							"uv": {
								"north": {"uv": [28, 123], "uv_size": [2, 1.25]},
								"east": {"uv": [28, 125], "uv_size": [1.25, 1.25]},
								"south": {"uv": [123, 109], "uv_size": [2, 1.25]},
								"west": {"uv": [44, 127], "uv_size": [1.25, 1.25]},
								"up": {"uv": [124, 31], "uv_size": [2, 1.25]},
								"down": {"uv": [124, 34.25], "uv_size": [2, -1.25]}
							}
						}
					]
				},
				{
					"name": "Leg",
					"parent": "bone",
					"pivot": [0, 26, -8]
				},
				{
					"name": "bone15",
					"parent": "Leg",
					"pivot": [0, 27, -10],
					"cubes": [
						{
							"origin": [-12, 13, -13],
							"size": [7, 14, 7],
							"pivot": [0, 26, -8],
							"rotation": [10, 0, 0],
							"uv": {
								"north": {"uv": [50, 66], "uv_size": [7, 14]},
								"east": {"uv": [74, 111], "uv_size": [7, 14]},
								"south": {"uv": [116, 83], "uv_size": [7, 14]},
								"west": {"uv": [81, 117], "uv_size": [7, 14]},
								"up": {"uv": [93, 139], "uv_size": [7, 7]},
								"down": {"uv": [100, 146], "uv_size": [7, -7]}
							}
						}
					]
				},
				{
					"name": "bone16",
					"parent": "bone15",
					"pivot": [0, 14, -7],
					"cubes": [
						{
							"origin": [-11, 0.12549, -10.2195],
							"size": [5, 14, 6],
							"pivot": [0, 12.12549, -6.2195],
							"rotation": [-14.88083, 0, 0],
							"uv": {
								"north": {"uv": [44, 132], "uv_size": [5, 14]},
								"east": {"uv": [109, 126], "uv_size": [6, 14]},
								"south": {"uv": [60, 133], "uv_size": [5, 14]},
								"west": {"uv": [115, 126], "uv_size": [6, 14]},
								"up": {"uv": [92, 146], "uv_size": [5, 6]},
								"down": {"uv": [97, 152], "uv_size": [5, -6]}
							}
						}
					]
				},
				{
					"name": "bone17",
					"parent": "bone16",
					"pivot": [0, 2, -8],
					"cubes": [
						{
							"origin": [-11.1, 0.01864, -13.3233],
							"size": [5.2, 3, 6],
							"pivot": [0, 1.09914, -7.44965],
							"rotation": [0.11917, 0, 0],
							"uv": {
								"north": {"uv": [148, 17], "uv_size": [5.25, 3]},
								"east": {"uv": [147, 134], "uv_size": [6, 3]},
								"south": {"uv": [148, 34], "uv_size": [5.25, 3]},
								"west": {"uv": [148, 8], "uv_size": [6, 3]},
								"up": {"uv": [74, 145], "uv_size": [5.25, 6]},
								"down": {"uv": [42, 152], "uv_size": [5.25, -6]}
							}
						}
					]
				},
				{
					"name": "Leg2",
					"parent": "bone",
					"pivot": [0, 26, -8]
				},
				{
					"name": "bone18",
					"parent": "Leg2",
					"pivot": [0, 27, -10],
					"cubes": [
						{
							"origin": [5, 13, -13],
							"size": [7, 14, 7],
							"pivot": [0, 26, -8],
							"rotation": [10, 0, 0],
							"uv": {
								"north": {"uv": [88, 117], "uv_size": [7, 14]},
								"east": {"uv": [0, 118], "uv_size": [7, 14]},
								"south": {"uv": [7, 118], "uv_size": [7, 14]},
								"west": {"uv": [46, 118], "uv_size": [7, 14]},
								"up": {"uv": [139, 107], "uv_size": [7, 7]},
								"down": {"uv": [107, 147], "uv_size": [7, -7]}
							}
						}
					]
				},
				{
					"name": "bone19",
					"parent": "bone18",
					"pivot": [0, 14, -7],
					"cubes": [
						{
							"origin": [6, 0.12549, -10.2195],
							"size": [5, 14, 6],
							"pivot": [0, 12.12549, -6.2195],
							"rotation": [-14.88083, 0, 0],
							"uv": {
								"north": {"uv": [65, 133], "uv_size": [5, 14]},
								"east": {"uv": [121, 126], "uv_size": [6, 14]},
								"south": {"uv": [10, 134], "uv_size": [5, 14]},
								"west": {"uv": [127, 21], "uv_size": [6, 14]},
								"up": {"uv": [102, 146], "uv_size": [5, 6]},
								"down": {"uv": [146, 113], "uv_size": [5, -6]}
							}
						}
					]
				},
				{
					"name": "bone20",
					"parent": "bone19",
					"pivot": [0, 2, -8],
					"cubes": [
						{
							"origin": [5.9, 0.01864, -13.3233],
							"size": [5.2, 3, 6],
							"pivot": [0, 1.09914, -7.44965],
							"rotation": [0.11917, 0, 0],
							"uv": {
								"north": {"uv": [148, 72], "uv_size": [5.25, 3]},
								"east": {"uv": [148, 11], "uv_size": [6, 3]},
								"south": {"uv": [148, 97], "uv_size": [5.25, 3]},
								"west": {"uv": [148, 14], "uv_size": [6, 3]},
								"up": {"uv": [80, 146], "uv_size": [5.25, 6]},
								"down": {"uv": [86, 152], "uv_size": [5.25, -6]}
							}
						}
					]
				},
				{
					"name": "Leg3",
					"parent": "Brachiosaurus",
					"pivot": [10, 18, 17]
				},
				{
					"name": "bone21",
					"parent": "Leg3",
					"pivot": [10, 18, 17],
					"cubes": [
						{
							"origin": [7, 9, 14],
							"size": [6, 11, 8],
							"pivot": [10, 20, 17],
							"rotation": [-22.5, 0, 0],
							"uv": {
								"north": {"uv": [136, 77], "uv_size": [6, 10]},
								"east": {"uv": [127, 126], "uv_size": [8, 10]},
								"south": {"uv": [81, 136], "uv_size": [6, 10]},
								"west": {"uv": [130, 0], "uv_size": [8, 10]},
								"up": {"uv": [114, 140], "uv_size": [6, 8]},
								"down": {"uv": [120, 148], "uv_size": [6, -8]}
							}
						}
					]
				},
				{
					"name": "bone22",
					"parent": "bone21",
					"pivot": [10, 10, 14],
					"cubes": [
						{
							"origin": [8, 1.40289, 11.32922],
							"size": [4, 10, 6],
							"pivot": [10, 8.40289, 12.32922],
							"rotation": [5, 0, 0],
							"uv": {
								"north": {"uv": [142, 87], "uv_size": [4, 10]},
								"east": {"uv": [87, 136], "uv_size": [6, 10]},
								"south": {"uv": [142, 137], "uv_size": [4, 10]},
								"west": {"uv": [136, 87], "uv_size": [6, 10]},
								"up": {"uv": [42, 119], "uv_size": [4, 6]},
								"down": {"uv": [70, 152], "uv_size": [4, -6]}
							}
						}
					]
				},
				{
					"name": "bone23",
					"parent": "bone22",
					"pivot": [10, 1, 17],
					"cubes": [
						{
							"origin": [7.9, -0.1347, 10.92028],
							"size": [4.2, 3, 7],
							"uv": {
								"north": {"uv": [130, 50], "uv_size": [4.25, 3]},
								"east": {"uv": [83, 104], "uv_size": [7, 3]},
								"south": {"uv": [112, 148], "uv_size": [4.25, 3]},
								"west": {"uv": [116, 21], "uv_size": [7, 3]},
								"up": {"uv": [126, 146], "uv_size": [4.25, 7]},
								"down": {"uv": [146, 144], "uv_size": [4.25, -7]}
							}
						}
					]
				},
				{
					"name": "Leg4",
					"parent": "Brachiosaurus",
					"pivot": [-10, 18, 17]
				},
				{
					"name": "bone24",
					"parent": "Leg4",
					"pivot": [-10, 18, 17],
					"cubes": [
						{
							"origin": [-13, 9, 14],
							"size": [6, 11, 8],
							"pivot": [-10, 20, 17],
							"rotation": [-22.5, 0, 0],
							"uv": {
								"north": {"uv": [127, 136], "uv_size": [6, 10]},
								"east": {"uv": [130, 10], "uv_size": [8, 10]},
								"south": {"uv": [24, 137], "uv_size": [6, 10]},
								"west": {"uv": [130, 35], "uv_size": [8, 10]},
								"up": {"uv": [15, 141], "uv_size": [6, 8]},
								"down": {"uv": [53, 149], "uv_size": [6, -8]}
							}
						}
					]
				},
				{
					"name": "bone25",
					"parent": "bone24",
					"pivot": [-10, 10, 14],
					"cubes": [
						{
							"origin": [-12, 1.40289, 11.32922],
							"size": [4, 10, 6],
							"pivot": [-10, 8.40289, 12.32922],
							"rotation": [5, 0, 0],
							"uv": {
								"north": {"uv": [133, 143], "uv_size": [4, 10]},
								"east": {"uv": [30, 137], "uv_size": [6, 10]},
								"south": {"uv": [137, 143], "uv_size": [4, 10]},
								"west": {"uv": [36, 137], "uv_size": [6, 10]},
								"up": {"uv": [38, 147], "uv_size": [4, 6]},
								"down": {"uv": [65, 153], "uv_size": [4, -6]}
							}
						}
					]
				},
				{
					"name": "bone26",
					"parent": "bone25",
					"pivot": [-10, 1, 17],
					"cubes": [
						{
							"origin": [-12.1, -0.1347, 10.92028],
							"size": [4.2, 3, 7],
							"uv": {
								"north": {"uv": [117, 148], "uv_size": [4.25, 3]},
								"east": {"uv": [144, 69], "uv_size": [7, 3]},
								"south": {"uv": [13, 149], "uv_size": [4.25, 3]},
								"west": {"uv": [147, 127], "uv_size": [7, 3]},
								"up": {"uv": [146, 144], "uv_size": [4.25, 7]},
								"down": {"uv": [21, 154], "uv_size": [4.25, -7]}
							}
						}
					]
				}
			]
		}
	]
}