{
	"format_version": "1.12.0",
	"minecraft:geometry": [
		{
			"description": {
				"identifier": "geometry.carnotaurus",
				"texture_width": 128,
				"texture_height": 128,
				"visible_bounds_width": 8,
				"visible_bounds_height": 4.5,
				"visible_bounds_offset": [0, 1.75, 0]
			},
			"bones": [
				{
					"name": "bone",
					"pivot": [0, 26, 0],
					"cubes": [
						{"origin": [-6, 16, -8], "size": [12, 14, 9], "pivot": [0, 26, 0], "rotation": [-2.5, 0, 0], "uv": [0, 0]},
						{"origin": [-5.7, 16.34039, -13.40019], "size": [6, 7, 5], "pivot": [0, 17, -8], "rotation": [-15, 0, 0], "uv": [17, 106]},
						{"origin": [-0.3, 16.34039, -13.40019], "size": [6, 7, 5], "pivot": [0, 17, -8], "rotation": [-15, 0, 0], "uv": [97, 105]},
						{"origin": [-5.6, 17.66856, -18.31174], "size": [6, 7, 5], "pivot": [0, 18, -13], "rotation": [-25, 0, 0], "uv": [75, 105]},
						{"origin": [-5.6, 20.35903, -16.68651], "size": [1, 2, 5], "pivot": [-6, 18, -17], "rotation": [-25.76926, -13.56626, 6.46066], "uv": [48, 34]},
						{"origin": [4.6, 20.35903, -16.68651], "size": [1, 2, 5], "pivot": [6, 18, -17], "rotation": [-25.76926, 13.56626, -6.46066], "uv": [0, 31]},
						{"origin": [-0.4, 17.66856, -18.31174], "size": [6, 7, 5], "pivot": [0, 18, -13], "rotation": [-25, 0, 0], "uv": [104, 61]},
						{"origin": [-5.5, 19.96903, -19.93497], "size": [6, 7, 2], "pivot": [0, 20, -18], "rotation": [-45, 0, 0], "uv": [112, 73]},
						{"origin": [-0.5, 19.96903, -19.93497], "size": [6, 7, 2], "pivot": [0, 20, -18], "rotation": [-45, 0, 0], "uv": [62, 39]},
						{"origin": [-5, 19.96903, -23.93497], "size": [10, 7, 5], "pivot": [0, 20, -18], "rotation": [-42.5, 0, 0], "uv": [28, 60]},
						{"origin": [-5.9, 22.35276, -12.83314], "size": [6, 8, 5], "pivot": [0, 30, -8], "rotation": [2.5, 0, 0], "uv": [103, 9]},
						{"origin": [-0.1, 22.35276, -12.83314], "size": [6, 8, 5], "pivot": [0, 30, -8], "rotation": [2.5, 0, 0], "uv": [58, 96]},
						{"origin": [-5.8, 21.13467, -17.8379], "size": [6, 9, 5], "pivot": [0, 30, -13], "rotation": [12.5, 0, 0], "uv": [96, 31]},
						{"origin": [-0.2, 21.13467, -17.8379], "size": [6, 9, 5], "pivot": [0, 30, -13], "rotation": [12.5, 0, 0], "uv": [0, 95]}
					]
				},
				{
					"name": "bone2",
					"parent": "bone",
					"pivot": [0, 26, -17],
					"rotation": [-5, 0, 0],
					"cubes": [
						{"origin": [-3.5, 23, -21], "size": [7, 6, 5], "pivot": [0, 26, -17], "rotation": [-10, 0, 0], "uv": [93, 79]},
						{"origin": [-3, 22.66421, -26.40807], "size": [6, 7, 6], "pivot": [0, 24, -21], "rotation": [-22.5, 0, 0], "uv": [78, 39]},
						{"origin": [-2.8, 23.65794, -29.41226], "size": [3, 5, 6], "pivot": [0, 27, -23], "rotation": [-5, 0, 0], "uv": [33, 112]},
						{"origin": [-0.2, 23.65794, -29.41226], "size": [3, 5, 6], "pivot": [0, 27, -23], "rotation": [-5, 0, 0], "uv": [110, 90]},
						{"origin": [-0.3, 26.3451, -27], "size": [3, 5, 3], "pivot": [0, 31, -24], "rotation": [-22.5, 0, 0], "uv": [78, 52]},
						{"origin": [-2.7, 26.3451, -27], "size": [3, 5, 3], "pivot": [0, 31, -24], "rotation": [-22.5, 0, 0], "uv": [0, 42]},
						{"origin": [-2.6, 26.24127, -29.59144], "size": [3, 5, 3.3], "pivot": [0, 31, -29], "rotation": [27.5, 0, 0], "uv": [27, 28]},
						{"origin": [-0.4, 26.24127, -29.59144], "size": [3, 5, 3.3], "pivot": [0, 31, -29], "rotation": [27.5, 0, 0], "uv": [0, 23]}
					]
				},
				{
					"name": "bone9",
					"parent": "bone2",
					"pivot": [1, 29, -28],
					"rotation": [2.5, 0, 0],
					"cubes": [
						{"origin": [-3.1, 26.48656, -29.29334], "size": [3, 3.98268, 1.99134], "pivot": [1, 28.4779, -27.96578], "rotation": [27.5, 0, 0], "uv": [0, 4]},
						{"origin": [0.1, 26.48656, -29.29334], "size": [3, 3.98268, 1.99134], "pivot": [-1, 28.4779, -27.96578], "rotation": [27.5, 0, 0], "uv": [0, 0]},
						{"origin": [-3, 26.26156, -30.36518], "size": [6, 3.98268, 1.99134], "pivot": [1, 26.48656, -27.96578], "rotation": [17.5, 0, 0], "uv": [48, 28]},
						{"origin": [-2.9, 25.66275, -32.44869], "size": [5, 2.65512, 3.3189], "pivot": [-1, 26.48656, -29.95712], "rotation": [45, 0, 0], "uv": [47, 0]},
						{"origin": [-2.1, 25.66275, -32.44869], "size": [5, 2.65512, 3.3189], "pivot": [1, 26.48656, -29.95712], "rotation": [45, 0, 0], "uv": [20, 45]},
						{"origin": [-2.6, 24.14077, -34.08455], "size": [3, 3.3189, 2.65512], "pivot": [1, 24.49522, -31.28468], "rotation": [2.5, 0, 0], "uv": [17, 81]},
						{"origin": [-0.4, 24.14077, -34.08455], "size": [3, 3.3189, 2.65512], "pivot": [-1, 24.49522, -31.28468], "rotation": [2.5, 0, 0], "uv": [77, 0]},
						{"origin": [-2.7, 27.31743, -34.20352], "size": [3, 1.32756, 2.65512], "pivot": [1, 27.15034, -34.60358], "rotation": [-17.5, 0, 0], "uv": [75, 96]},
						{"origin": [-0.3, 27.31743, -34.20352], "size": [3, 1.32756, 2.65512], "pivot": [-1, 27.15034, -34.60358], "rotation": [-17.5, 0, 0], "uv": [52, 96]},
						{"origin": [-2.8, 28.50683, -33.7736], "size": [3, 1.32756, 2.65512], "pivot": [1, 28.4779, -33.9398], "rotation": [-37.5, 0, 0], "uv": [90, 61]},
						{"origin": [-0.2, 28.50683, -33.7736], "size": [3, 1.32756, 2.65512], "pivot": [-1, 28.4779, -33.9398], "rotation": [-37.5, 0, 0], "uv": [88, 31]},
						{"origin": [-2.9, 29.56748, -33.23234], "size": [3, 1.99134, 2.65512], "pivot": [1, 29.14168, -33.27602], "rotation": [-50, 0, 0], "uv": [39, 87]},
						{"origin": [-0.1, 29.56748, -33.23234], "size": [3, 1.99134, 2.65512], "pivot": [-1, 29.14168, -33.27602], "rotation": [-50, 0, 0], "uv": [86, 14]},
						{"origin": [-0.1, 29.60669, -32.01253], "size": [3.3, 3.3189, 2.65512], "pivot": [-1, 29.80546, -31.28468], "rotation": [-72.5, 0, 0], "uv": [68, 65]},
						{"origin": [1.17107, 30.15615, -31.37555], "size": [1, 1.3189, 2.65512], "pivot": [3, 30.80546, -29.28468], "rotation": [-50.54303, -5.32318, 13.87256], "uv": [36, 28]},
						{"origin": [-2.17107, 30.15615, -31.37555], "size": [1, 1.3189, 2.65512], "pivot": [-3, 30.80546, -29.28468], "rotation": [-50.54303, 5.32318, -13.87256], "uv": [33, 3]},
						{"origin": [0.93492, 28.46646, -33], "size": [1, 1.3189, 2.65512], "pivot": [-1, 29.80546, -30.28468], "rotation": [-95.39033, -3.73171, 11.93845], "uv": [33, 0]},
						{"origin": [-1.93492, 28.46646, -33], "size": [1, 1.3189, 2.65512], "pivot": [1, 29.80546, -30.28468], "rotation": [-95.39033, 3.73171, -11.93845], "uv": [7, 31]},
						{"origin": [-3.2, 29.60669, -32.01253], "size": [3.3, 3.3189, 2.65512], "pivot": [1, 29.80546, -31.28468], "rotation": [-72.5, 0, 0], "uv": [19, 59]}
					]
				},
				{
					"name": "bone10",
					"parent": "bone9",
					"pivot": [1.0212, 24.84254, -27.87936],
					"cubes": [
						{"origin": [-1.9, 23.83144, -30.6209], "size": [2, 3, 3.98268], "pivot": [1, 26.48656, -27.96578], "rotation": [17.5, 0, 0], "uv": [20, 50]},
						{"origin": [-0.1, 23.83144, -30.6209], "size": [2, 3, 3.98268], "pivot": [-1, 26.48656, -27.96578], "rotation": [17.5, 0, 0], "uv": [0, 50]},
						{"origin": [-1.7, 23.27862, -33.66701], "size": [2, 1.2, 3.98268], "pivot": [1, 23.16766, -29.29334], "rotation": [-2.5, 0, 0], "uv": [59, 29]},
						{"origin": [-0.3, 23.27862, -33.66701], "size": [2, 1.2, 3.98268], "pivot": [-1, 23.16766, -29.29334], "rotation": [-2.5, 0, 0], "uv": [53, 5]},
						{"origin": [-2.2, 25.22397, -32.7044], "size": [3, 1.2, 2.65512], "pivot": [1, 26.48656, -29.95712], "rotation": [40, 0, 0], "uv": [66, 82]},
						{"origin": [-0.8, 25.22397, -32.7044], "size": [3, 1.2, 2.65512], "pivot": [-1, 26.48656, -29.95712], "rotation": [40, 0, 0], "uv": [78, 31]},
						{"origin": [0.9, 25.22397, -32.7044], "size": [1, 1.2, 2.65512], "pivot": [-1, 26.48656, -29.95712], "rotation": [40, 0, 0], "uv": [9, 23]},
						{"origin": [-1.8, 24.56019, -32.04062], "size": [1, 1.2, 1.99134], "pivot": [1, 26.48656, -29.95712], "rotation": [40, 0, 0], "uv": [0, 31]},
						{"origin": [0.8, 24.56019, -32.04062], "size": [1, 1.2, 1.99134], "pivot": [-1, 26.48656, -29.95712], "rotation": [40, 0, 0], "uv": [11, 30]},
						{"origin": [-2, 23.74945, -33.96344], "size": [4, 1.2, 2.65512], "pivot": [1, 23.83144, -31.28468], "rotation": [7.5, 0, 0], "uv": [27, 50]}
					]
				},
				{
					"name": "bone3",
					"parent": "bone",
					"pivot": [0, 26, 1],
					"cubes": [
						{"origin": [-5.9, 21, 0], "size": [6, 9, 5], "pivot": [0, 26, 1], "rotation": [-5, 0, 0], "uv": [88, 91]},
						{"origin": [-0.1, 21, 0], "size": [6, 9, 5], "pivot": [0, 26, 1], "rotation": [-5, 0, 0], "uv": [22, 87]},
						{"origin": [-5.8, 16.05291, -0.78821], "size": [6, 9, 5], "pivot": [0, 17, 0], "rotation": [10, 0, 0], "uv": [86, 0]},
						{"origin": [-0.2, 16.05291, -0.78821], "size": [6, 9, 5], "pivot": [0, 17, 0], "rotation": [10, 0, 0], "uv": [71, 82]},
						{"origin": [-5.6, 17.13511, 4.33031], "size": [6, 9, 5], "pivot": [0, 17, 5], "rotation": [32.5, 0, 0], "uv": [82, 65]},
						{"origin": [-0.4, 17.13511, 4.33031], "size": [6, 9, 5], "pivot": [0, 17, 5], "rotation": [32.5, 0, 0], "uv": [49, 82]},
						{"origin": [-5.8, 20.6666, 5.36384], "size": [6, 9, 5], "pivot": [0, 30, 5], "rotation": [-10, 0, 0], "uv": [81, 17]},
						{"origin": [-0.2, 20.6666, 5.36384], "size": [6, 9, 5], "pivot": [0, 30, 5], "rotation": [-10, 0, 0], "uv": [0, 81]}
					]
				},
				{
					"name": "bone4",
					"parent": "bone3",
					"pivot": [0, 26, 9],
					"rotation": [-2.5, 0, 0],
					"cubes": [
						{"origin": [-5, 21.80534, 7.99334], "size": [10, 7, 8], "pivot": [0, 26.30534, 8.99334], "rotation": [-7.5, 0, 0], "uv": [34, 45]},
						{"origin": [-4.9, 19.0065, 7.06254], "size": [5, 7, 8], "pivot": [0, 19.30534, 6.99334], "rotation": [15, 0, 0], "uv": [28, 72]},
						{"origin": [-0.1, 19.0065, 7.06254], "size": [5, 7, 8], "pivot": [0, 19.30534, 6.99334], "rotation": [15, 0, 0], "uv": [50, 65]}
					]
				},
				{
					"name": "bone5",
					"parent": "bone4",
					"pivot": [0, 26, 16],
					"cubes": [
						{"origin": [-4, 23, 15], "size": [8, 5, 12], "uv": [30, 11]},
						{"origin": [-0.2, 21, 15], "size": [4, 5, 12], "pivot": [0, 21, 15], "rotation": [10, 0, 0], "uv": [58, 48]},
						{"origin": [-3.8, 21, 15], "size": [4, 5, 12], "pivot": [0, 21, 15], "rotation": [10, 0, 0], "uv": [58, 22]}
					]
				},
				{
					"name": "bone6",
					"parent": "bone5",
					"pivot": [0, 26, 26],
					"cubes": [
						{"origin": [-3, 24, 25], "size": [6, 4, 15], "pivot": [0, 26, 26], "rotation": [10, 0, 0], "uv": [0, 23]},
						{"origin": [-2.9, 23, 25], "size": [3, 3, 14], "pivot": [0, 26, 26], "rotation": [15, 0, 0], "uv": [0, 42]},
						{"origin": [-0.1, 23, 25], "size": [3, 3, 14], "pivot": [0, 26, 26], "rotation": [15, 0, 0], "uv": [28, 28]}
					]
				},
				{
					"name": "bone7",
					"parent": "bone6",
					"pivot": [0, 29, 39],
					"rotation": [-2.5, 0, 0],
					"cubes": [
						{"origin": [-2, 27.39353, 39.03505], "size": [4, 3, 6], "uv": [108, 0]}
					]
				},
				{
					"name": "bone8",
					"parent": "bone7",
					"pivot": [0, 28.39353, 45.03505],
					"cubes": [
						{"origin": [-1.5, 27.89353, 44.03505], "size": [3, 2, 10], "pivot": [0, 28.39353, 45.03505], "rotation": [-10, 0, 0], "uv": [66, 70]}
					]
				},
				{
					"name": "bone11",
					"pivot": [-8, 24, 0],
					"cubes": [
						{"origin": [-8, 15, -3], "size": [5, 13, 9], "pivot": [-8, 24, 0], "rotation": [-22.44231, 1.19364, -1.35829], "uv": [0, 59]}
					]
				},
				{
					"name": "bone12",
					"parent": "bone11",
					"pivot": [-8, 16, -2],
					"cubes": [
						{"origin": [-7, 8, -4], "size": [4, 9, 6], "pivot": [-8, 16, -2], "rotation": [30, 0, 0], "uv": [96, 46]}
					]
				},
				{
					"name": "bone13",
					"parent": "bone12",
					"pivot": [-8, 11, 4],
					"cubes": [
						{"origin": [-6.5, 0, 1], "size": [3, 12, 4], "pivot": [-8, 11, 4], "rotation": [-14.9996, -0.09399, -0.04487], "uv": [54, 109]}
					]
				},
				{
					"name": "bone14",
					"parent": "bone13",
					"pivot": [-8, 2, 1],
					"cubes": [
						{"origin": [-7, 0, -4], "size": [4, 3, 6], "uv": [103, 22]}
					]
				},
				{
					"name": "bone15",
					"pivot": [8, 24, 0],
					"cubes": [
						{"origin": [3, 15, -3], "size": [5, 13, 9], "pivot": [8, 24, 0], "rotation": [-22.44231, -1.19364, 1.35829], "uv": [58, 0]}
					]
				},
				{
					"name": "bone16",
					"parent": "bone15",
					"pivot": [8, 16, -2],
					"cubes": [
						{"origin": [3, 8, -4], "size": [4, 9, 6], "pivot": [8, 16, -2], "rotation": [30, 0, 0], "uv": [38, 96]}
					]
				},
				{
					"name": "bone17",
					"parent": "bone16",
					"pivot": [8, 11, 4],
					"cubes": [
						{"origin": [3.5, 0, 1], "size": [3, 12, 4], "pivot": [8, 11, 4], "rotation": [-14.9996, 0.09399, 0.04487], "uv": [0, 109]}
					]
				},
				{
					"name": "bone18",
					"parent": "bone17",
					"pivot": [8, 2, 1],
					"cubes": [
						{"origin": [3, 0, -4], "size": [4, 3, 6], "uv": [33, 0]}
					]
				}
			]
		}
	]
}