{
	"format_version": "1.12.0",
	"minecraft:geometry": [
		{
			"description": {
				"identifier": "geometry.cryodrakon",
				"texture_width": 128,
				"texture_height": 128,
				"visible_bounds_width": 6,
				"visible_bounds_height": 6.5,
				"visible_bounds_offset": [
					0,
					2.75,
					0
				]
			},
			"bones": [
				{
					"name": "Cryodrakon",
					"pivot": [
						0,
						39,
						0
					]
				},
				{
					"name": "Body",
					"parent": "Cryodrakon",
					"pivot": [
						0,
						39,
						0
					]
				},
				{
					"name": "bone",
					"parent": "Body",
					"pivot": [
						0,
						39,
						0
					],
					"cubes": [
						{
							"origin": [
								-4,
								35,
								-3
							],
							"size": [
								9,
								7,
								7
							],
							"pivot": [
								0,
								39,
								0
							],
							"rotation": [
								-20.06586,
								0,
								0
							],
							"uv": {
								"north": {
									"uv": [
										66,
										0
									],
									"uv_size": [
										9,
										7
									]
								},
								"east": {
									"uv": [
										75,
										3
									],
									"uv_size": [
										7,
										7
									]
								},
								"south": {
									"uv": [
										66,
										7
									],
									"uv_size": [
										9,
										7
									]
								},
								"west": {
									"uv": [
										75,
										34
									],
									"uv_size": [
										7,
										7
									]
								},
								"up": {
									"uv": [
										14,
										66
									],
									"uv_size": [
										9,
										7
									]
								},
								"down": {
									"uv": [
										23,
										73
									],
									"uv_size": [
										9,
										-7
									]
								}
							}
						},
						{
							"origin": [
								-3.8,
								33,
								-3
							],
							"size": [
								8.6,
								4,
								7
							],
							"pivot": [
								0,
								39,
								0
							],
							"rotation": [
								-47.56586,
								0,
								0
							],
							"uv": {
								"north": {
									"uv": [
										84,
										47
									],
									"uv_size": [
										9,
										4
									]
								},
								"east": {
									"uv": [
										90,
										55
									],
									"uv_size": [
										7,
										4
									]
								},
								"south": {
									"uv": [
										85,
										21
									],
									"uv_size": [
										9,
										4
									]
								},
								"west": {
									"uv": [
										91,
										17
									],
									"uv_size": [
										7,
										4
									]
								},
								"up": {
									"uv": [
										66,
										34
									],
									"uv_size": [
										9,
										7
									]
								},
								"down": {
									"uv": [
										67,
										68
									],
									"uv_size": [
										9,
										-7
									]
								}
							}
						},
						{
							"origin": [
								-3,
								29.6945,
								5.29293
							],
							"size": [
								7,
								4,
								4
							],
							"pivot": [
								0.17571,
								50.6945,
								8.29293
							],
							"rotation": [
								-20.06586,
								0,
								0
							],
							"uv": {
								"north": {
									"uv": [
										93,
										25
									],
									"uv_size": [
										7,
										4
									]
								},
								"east": {
									"uv": [
										98,
										51
									],
									"uv_size": [
										4,
										4
									]
								},
								"south": {
									"uv": [
										93,
										47
									],
									"uv_size": [
										7,
										4
									]
								},
								"west": {
									"uv": [
										100,
										25
									],
									"uv_size": [
										4,
										4
									]
								},
								"up": {
									"uv": [
										93,
										70
									],
									"uv_size": [
										7,
										4
									]
								},
								"down": {
									"uv": [
										93,
										78
									],
									"uv_size": [
										7,
										-4
									]
								}
							}
						},
						{
							"origin": [
								-4,
								30.85291,
								-0.56753
							],
							"size": [
								9,
								4,
								8
							],
							"pivot": [
								1.18272,
								51.85291,
								2.43247
							],
							"rotation": [
								7.19721,
								0,
								0
							],
							"uv": {
								"north": {
									"uv": [
										86,
										86
									],
									"uv_size": [
										9,
										4
									]
								},
								"east": {
									"uv": [
										88,
										13
									],
									"uv_size": [
										8,
										4
									]
								},
								"south": {
									"uv": [
										87,
										9
									],
									"uv_size": [
										9,
										4
									]
								},
								"west": {
									"uv": [
										88,
										59
									],
									"uv_size": [
										8,
										4
									]
								},
								"up": {
									"uv": [
										57,
										34
									],
									"uv_size": [
										9,
										8
									]
								},
								"down": {
									"uv": [
										54,
										65
									],
									"uv_size": [
										9,
										-8
									]
								}
							}
						},
						{
							"origin": [
								-3.5,
								42.6771,
								5.65614
							],
							"size": [
								8,
								6,
								7
							],
							"pivot": [
								-0.03248,
								45.6771,
								-5.34386
							],
							"rotation": [
								-42.56586,
								0,
								0
							],
							"uv": {
								"north": {
									"uv": [
										75,
										68
									],
									"uv_size": [
										8,
										6
									]
								},
								"east": {
									"uv": [
										82,
										3
									],
									"uv_size": [
										7,
										6
									]
								},
								"south": {
									"uv": [
										75,
										74
									],
									"uv_size": [
										8,
										6
									]
								},
								"west": {
									"uv": [
										82,
										34
									],
									"uv_size": [
										7,
										6
									]
								},
								"up": {
									"uv": [
										68,
										14
									],
									"uv_size": [
										8,
										7
									]
								},
								"down": {
									"uv": [
										4,
										77
									],
									"uv_size": [
										8,
										-7
									]
								}
							}
						}
					]
				},
				{
					"name": "Tail",
					"parent": "bone",
					"pivot": [
						0,
						35,
						8
					]
				},
				{
					"name": "bone2",
					"parent": "Tail",
					"pivot": [
						0,
						35,
						8
					],
					"cubes": [
						{
							"origin": [
								-1,
								33.05059,
								9.28313
							],
							"size": [
								3,
								2,
								9
							],
							"pivot": [
								0.79067,
								35.05059,
								10.28313
							],
							"rotation": [
								-29.93023,
								0,
								0
							],
							"uv": {
								"north": {
									"uv": [
										73,
										59
									],
									"uv_size": [
										3,
										2
									]
								},
								"east": {
									"uv": [
										93,
										29
									],
									"uv_size": [
										9,
										2
									]
								},
								"south": {
									"uv": [
										104,
										11
									],
									"uv_size": [
										3,
										2
									]
								},
								"west": {
									"uv": [
										97,
										5
									],
									"uv_size": [
										9,
										2
									]
								},
								"up": {
									"uv": [
										94,
										94
									],
									"uv_size": [
										3,
										9
									]
								},
								"down": {
									"uv": [
										95,
										47
									],
									"uv_size": [
										3,
										-9
									]
								}
							}
						}
					]
				},
				{
					"name": "Wing",
					"parent": "bone",
					"pivot": [
						5,
						35,
						0
					]
				},
				{
					"name": "bone3",
					"parent": "Wing",
					"pivot": [
						5,
						36,
						1
					],
					"cubes": [
						{
							"origin": [
								2,
								34,
								-3
							],
							"size": [
								4,
								4,
								8
							],
							"pivot": [
								5,
								35,
								0
							],
							"rotation": [
								-45,
								0,
								0
							],
							"uv": {
								"north": {
									"uv": [
										40,
										100
									],
									"uv_size": [
										4,
										4
									]
								},
								"east": {
									"uv": [
										88,
										63
									],
									"uv_size": [
										8,
										4
									]
								},
								"south": {
									"uv": [
										100,
										47
									],
									"uv_size": [
										4,
										4
									]
								},
								"west": {
									"uv": [
										89,
										3
									],
									"uv_size": [
										8,
										4
									]
								},
								"up": {
									"uv": [
										26,
										90
									],
									"uv_size": [
										4,
										8
									]
								},
								"down": {
									"uv": [
										36,
										98
									],
									"uv_size": [
										4,
										-8
									]
								}
							}
						}
					]
				},
				{
					"name": "bone4",
					"parent": "bone3",
					"pivot": [
						5,
						34,
						3
					],
					"rotation": [
						-82.2931,
						-1.98128,
						-0.28686
					],
					"cubes": [
						{
							"origin": [
								4.08917,
								32.67658,
								1.46277
							],
							"size": [
								2,
								3,
								17
							],
							"pivot": [
								5.08917,
								33.67658,
								2.46277
							],
							"rotation": [
								-45,
								0,
								0
							],
							"uv": {
								"north": {
									"uv": [
										12,
										70
									],
									"uv_size": [
										2,
										3
									]
								},
								"east": {
									"uv": [
										68,
										21
									],
									"uv_size": [
										17,
										3
									]
								},
								"south": {
									"uv": [
										104,
										25
									],
									"uv_size": [
										2,
										3
									]
								},
								"west": {
									"uv": [
										73,
										53
									],
									"uv_size": [
										17,
										3
									]
								},
								"up": {
									"uv": [
										60,
										81
									],
									"uv_size": [
										2,
										17
									]
								},
								"down": {
									"uv": [
										69,
										100
									],
									"uv_size": [
										2,
										-17
									]
								}
							}
						},
						{
							"origin": [
								4.4,
								30.67658,
								-0.53723
							],
							"size": [
								1,
								16,
								19
							],
							"pivot": [
								5.08917,
								33.67658,
								2.46277
							],
							"rotation": [
								-45,
								0,
								0
							],
							"uv": {
								"north": {
									"uv": [
										69,
										100
									],
									"uv_size": [
										1,
										16
									]
								},
								"east": {
									"uv": [
										0,
										32
									],
									"uv_size": [
										19,
										16
									]
								},
								"south": {
									"uv": [
										70,
										100
									],
									"uv_size": [
										1,
										16
									]
								},
								"west": {
									"uv": [
										19,
										32
									],
									"uv_size": [
										19,
										16
									]
								},
								"up": {
									"uv": [
										59,
										96
									],
									"uv_size": [
										1,
										19
									]
								},
								"down": {
									"uv": [
										73,
										115
									],
									"uv_size": [
										1,
										-19
									]
								}
							}
						}
					]
				},
				{
					"name": "bone5",
					"parent": "bone4",
					"pivot": [
						5,
						23,
						14
					],
					"rotation": [
						30.2069,
						-1.98128,
						-0.28686
					],
					"cubes": [
						{
							"origin": [
								4.04961,
								20.61325,
								12.60615
							],
							"size": [
								2,
								3,
								23
							],
							"pivot": [
								5.04961,
								21.61325,
								14.60615
							],
							"rotation": [
								-45,
								0,
								0
							],
							"uv": {
								"north": {
									"uv": [
										104,
										34
									],
									"uv_size": [
										2,
										3
									]
								},
								"east": {
									"uv": [
										57,
										42
									],
									"uv_size": [
										23,
										3
									]
								},
								"south": {
									"uv": [
										40,
										104
									],
									"uv_size": [
										2,
										3
									]
								},
								"west": {
									"uv": [
										57,
										45
									],
									"uv_size": [
										23,
										3
									]
								},
								"up": {
									"uv": [
										24,
										78
									],
									"uv_size": [
										2,
										23
									]
								},
								"down": {
									"uv": [
										32,
										101
									],
									"uv_size": [
										2,
										-23
									]
								}
							}
						},
						{
							"origin": [
								4.4,
								23.61325,
								12.60615
							],
							"size": [
								1,
								9,
								21
							],
							"pivot": [
								5.04961,
								21.61325,
								14.60615
							],
							"rotation": [
								-45,
								0,
								0
							],
							"uv": {
								"north": {
									"uv": [
										62,
										65
									],
									"uv_size": [
										1,
										9
									]
								},
								"east": {
									"uv": [
										47,
										16
									],
									"uv_size": [
										21,
										9
									]
								},
								"south": {
									"uv": [
										35,
										101
									],
									"uv_size": [
										1,
										9
									]
								},
								"west": {
									"uv": [
										0,
										48
									],
									"uv_size": [
										21,
										9
									]
								},
								"up": {
									"uv": [
										74,
										82
									],
									"uv_size": [
										1,
										21
									]
								},
								"down": {
									"uv": [
										44,
										113
									],
									"uv_size": [
										1,
										-21
									]
								}
							}
						}
					]
				},
				{
					"name": "bone6",
					"parent": "bone5",
					"pivot": [
						5.29853,
						8.32788,
						29.72011
					],
					"rotation": [
						137.0351,
						-5.13505,
						5.90229
					],
					"cubes": [
						{
							"origin": [
								3.84749,
								6.35541,
								28.49512
							],
							"size": [
								2,
								3,
								46
							],
							"pivot": [
								4.84749,
								7.35541,
								30.49512
							],
							"rotation": [
								-40,
								0,
								0
							],
							"uv": {
								"north": {
									"uv": [
										42,
										104
									],
									"uv_size": [
										2,
										3
									]
								},
								"east": {
									"uv": [
										47,
										25
									],
									"uv_size": [
										46,
										3
									]
								},
								"south": {
									"uv": [
										104,
										43
									],
									"uv_size": [
										2,
										3
									]
								},
								"west": {
									"uv": [
										47,
										28
									],
									"uv_size": [
										46,
										3
									]
								},
								"up": {
									"uv": [
										46,
										57
									],
									"uv_size": [
										2,
										46
									]
								},
								"down": {
									"uv": [
										48,
										103
									],
									"uv_size": [
										2,
										-46
									]
								}
							}
						},
						{
							"origin": [
								4.4,
								9.35541,
								27.49512
							],
							"size": [
								1,
								8,
								47
							],
							"pivot": [
								4.84749,
								7.35541,
								30.49512
							],
							"rotation": [
								-40,
								0,
								0
							],
							"uv": {
								"north": {
									"uv": [
										3,
										85
									],
									"uv_size": [
										1,
										8
									]
								},
								"east": {
									"uv": [
										0,
										0
									],
									"uv_size": [
										47,
										8
									]
								},
								"south": {
									"uv": [
										12,
										104
									],
									"uv_size": [
										1,
										8
									]
								},
								"west": {
									"uv": [
										0,
										8
									],
									"uv_size": [
										47,
										8
									]
								},
								"up": {
									"uv": [
										45,
										76
									],
									"uv_size": [
										1,
										47
									]
								},
								"down": {
									"uv": [
										10,
										124
									],
									"uv_size": [
										1,
										-47
									]
								}
							}
						}
					]
				},
				{
					"name": "bone7",
					"parent": "bone5",
					"pivot": [
						5.29853,
						7.32788,
						28.72011
					],
					"rotation": [
						0.12652,
						3.37185,
						-0.8787
					],
					"cubes": [
						{
							"origin": [
								3.77381,
								4.23012,
								28.69599
							],
							"size": [
								3,
								7,
								2
							],
							"pivot": [
								4.57177,
								8.23012,
								32.69599
							],
							"rotation": [
								-37.47437,
								1.43364,
								2.04831
							],
							"uv": {
								"north": {
									"uv": [
										96,
										59
									],
									"uv_size": [
										3,
										7
									]
								},
								"east": {
									"uv": [
										24,
										101
									],
									"uv_size": [
										2,
										7
									]
								},
								"south": {
									"uv": [
										66,
										97
									],
									"uv_size": [
										3,
										7
									]
								},
								"west": {
									"uv": [
										101,
										86
									],
									"uv_size": [
										2,
										7
									]
								},
								"up": {
									"uv": [
										104,
										46
									],
									"uv_size": [
										3,
										2
									]
								},
								"down": {
									"uv": [
										104,
										50
									],
									"uv_size": [
										3,
										-2
									]
								}
							}
						}
					]
				},
				{
					"name": "Wing2",
					"parent": "bone",
					"pivot": [
						-4,
						35,
						0
					]
				},
				{
					"name": "bone8",
					"parent": "Wing2",
					"pivot": [
						-4,
						36,
						1
					],
					"cubes": [
						{
							"origin": [
								-5,
								34,
								-3
							],
							"size": [
								4,
								4,
								8
							],
							"pivot": [
								-4,
								35,
								0
							],
							"rotation": [
								-45,
								0,
								0
							],
							"uv": {
								"north": {
									"uv": [
										100,
										70
									],
									"uv_size": [
										4,
										4
									]
								},
								"east": {
									"uv": [
										89,
										34
									],
									"uv_size": [
										8,
										4
									]
								},
								"south": {
									"uv": [
										100,
										74
									],
									"uv_size": [
										4,
										4
									]
								},
								"west": {
									"uv": [
										90,
										51
									],
									"uv_size": [
										8,
										4
									]
								},
								"up": {
									"uv": [
										86,
										90
									],
									"uv_size": [
										4,
										8
									]
								},
								"down": {
									"uv": [
										90,
										98
									],
									"uv_size": [
										4,
										-8
									]
								}
							}
						}
					]
				},
				{
					"name": "bone9",
					"parent": "bone8",
					"pivot": [
						-4,
						34,
						3
					],
					"rotation": [
						-82.2931,
						1.98128,
						0.28686
					],
					"cubes": [
						{
							"origin": [
								-5.08917,
								32.67658,
								1.46277
							],
							"size": [
								2,
								3,
								17
							],
							"pivot": [
								-4.08917,
								33.67658,
								2.46277
							],
							"rotation": [
								-45,
								0,
								0
							],
							"uv": {
								"north": {
									"uv": [
										104,
										50
									],
									"uv_size": [
										2,
										3
									]
								},
								"east": {
									"uv": [
										73,
										56
									],
									"uv_size": [
										17,
										3
									]
								},
								"south": {
									"uv": [
										104,
										53
									],
									"uv_size": [
										2,
										3
									]
								},
								"west": {
									"uv": [
										75,
										0
									],
									"uv_size": [
										17,
										3
									]
								},
								"up": {
									"uv": [
										12,
										87
									],
									"uv_size": [
										2,
										17
									]
								},
								"down": {
									"uv": [
										14,
										104
									],
									"uv_size": [
										2,
										-17
									]
								}
							}
						},
						{
							"origin": [
								-4.4,
								30.67658,
								-0.53723
							],
							"size": [
								1,
								16,
								19
							],
							"pivot": [
								-4.08917,
								33.67658,
								2.46277
							],
							"rotation": [
								-45,
								0,
								0
							],
							"uv": {
								"north": {
									"uv": [
										100,
										94
									],
									"uv_size": [
										1,
										16
									]
								},
								"east": {
									"uv": [
										38,
										32
									],
									"uv_size": [
										19,
										16
									]
								},
								"south": {
									"uv": [
										3,
										101
									],
									"uv_size": [
										1,
										16
									]
								},
								"west": {
									"uv": [
										47,
										0
									],
									"uv_size": [
										19,
										16
									]
								},
								"up": {
									"uv": [
										29,
										98
									],
									"uv_size": [
										1,
										19
									]
								},
								"down": {
									"uv": [
										39,
										117
									],
									"uv_size": [
										1,
										-19
									]
								}
							}
						}
					]
				},
				{
					"name": "bone10",
					"parent": "bone9",
					"pivot": [
						-4,
						23,
						14
					],
					"rotation": [
						30.2069,
						1.98128,
						0.28686
					],
					"cubes": [
						{
							"origin": [
								-5.04961,
								20.61325,
								12.60615
							],
							"size": [
								2,
								3,
								23
							],
							"pivot": [
								-4.04961,
								21.61325,
								14.60615
							],
							"rotation": [
								-45,
								0,
								0
							],
							"uv": {
								"north": {
									"uv": [
										54,
										104
									],
									"uv_size": [
										2,
										3
									]
								},
								"east": {
									"uv": [
										14,
										60
									],
									"uv_size": [
										23,
										3
									]
								},
								"south": {
									"uv": [
										66,
										104
									],
									"uv_size": [
										2,
										3
									]
								},
								"west": {
									"uv": [
										14,
										63
									],
									"uv_size": [
										23,
										3
									]
								},
								"up": {
									"uv": [
										34,
										78
									],
									"uv_size": [
										2,
										23
									]
								},
								"down": {
									"uv": [
										75,
										103
									],
									"uv_size": [
										2,
										-23
									]
								}
							}
						},
						{
							"origin": [
								-4.4,
								23.61325,
								12.60615
							],
							"size": [
								1,
								9,
								21
							],
							"pivot": [
								-4.04961,
								21.61325,
								14.60615
							],
							"rotation": [
								-45,
								0,
								0
							],
							"uv": {
								"north": {
									"uv": [
										99,
										101
									],
									"uv_size": [
										1,
										9
									]
								},
								"east": {
									"uv": [
										21,
										48
									],
									"uv_size": [
										21,
										9
									]
								},
								"south": {
									"uv": [
										76,
										103
									],
									"uv_size": [
										1,
										9
									]
								},
								"west": {
									"uv": [
										42,
										48
									],
									"uv_size": [
										21,
										9
									]
								},
								"up": {
									"uv": [
										9,
										93
									],
									"uv_size": [
										1,
										21
									]
								},
								"down": {
									"uv": [
										64,
										114
									],
									"uv_size": [
										1,
										-21
									]
								}
							}
						}
					]
				},
				{
					"name": "bone11",
					"parent": "bone10",
					"pivot": [
						-4.29853,
						8.32788,
						29.72011
					],
					"rotation": [
						137.0351,
						5.13505,
						-5.90229
					],
					"cubes": [
						{
							"origin": [
								-4.84749,
								6.35541,
								28.49512
							],
							"size": [
								2,
								3,
								46
							],
							"pivot": [
								-3.84749,
								7.35541,
								30.49512
							],
							"rotation": [
								-40,
								0,
								0
							],
							"uv": {
								"north": {
									"uv": [
										104,
										70
									],
									"uv_size": [
										2,
										3
									]
								},
								"east": {
									"uv": [
										0,
										57
									],
									"uv_size": [
										46,
										3
									]
								},
								"south": {
									"uv": [
										104,
										73
									],
									"uv_size": [
										2,
										3
									]
								},
								"west": {
									"uv": [
										57,
										31
									],
									"uv_size": [
										46,
										3
									]
								},
								"up": {
									"uv": [
										50,
										57
									],
									"uv_size": [
										2,
										46
									]
								},
								"down": {
									"uv": [
										52,
										103
									],
									"uv_size": [
										2,
										-46
									]
								}
							}
						},
						{
							"origin": [
								-4.4,
								9.35541,
								27.49512
							],
							"size": [
								1,
								8,
								47
							],
							"pivot": [
								-3.84749,
								7.35541,
								30.49512
							],
							"rotation": [
								-40,
								0,
								0
							],
							"uv": {
								"north": {
									"uv": [
										13,
										104
									],
									"uv_size": [
										1,
										8
									]
								},
								"east": {
									"uv": [
										0,
										16
									],
									"uv_size": [
										47,
										8
									]
								},
								"south": {
									"uv": [
										14,
										104
									],
									"uv_size": [
										1,
										8
									]
								},
								"west": {
									"uv": [
										0,
										24
									],
									"uv_size": [
										47,
										8
									]
								},
								"up": {
									"uv": [
										11,
										77
									],
									"uv_size": [
										1,
										47
									]
								},
								"down": {
									"uv": [
										65,
										124
									],
									"uv_size": [
										1,
										-47
									]
								}
							}
						}
					]
				},
				{
					"name": "bone12",
					"parent": "bone10",
					"pivot": [
						-4.29853,
						7.32788,
						28.72011
					],
					"rotation": [
						0.12652,
						-3.37185,
						0.8787
					],
					"cubes": [
						{
							"origin": [
								-5.77381,
								4.23012,
								28.69599
							],
							"size": [
								3,
								7,
								2
							],
							"pivot": [
								-3.57177,
								8.23012,
								32.69599
							],
							"rotation": [
								-37.47437,
								-1.43364,
								-2.04831
							],
							"uv": {
								"north": {
									"uv": [
										97,
										94
									],
									"uv_size": [
										3,
										7
									]
								},
								"east": {
									"uv": [
										101,
										93
									],
									"uv_size": [
										2,
										7
									]
								},
								"south": {
									"uv": [
										0,
										98
									],
									"uv_size": [
										3,
										7
									]
								},
								"west": {
									"uv": [
										97,
										101
									],
									"uv_size": [
										2,
										7
									]
								},
								"up": {
									"uv": [
										104,
										76
									],
									"uv_size": [
										3,
										2
									]
								},
								"down": {
									"uv": [
										104,
										80
									],
									"uv_size": [
										3,
										-2
									]
								}
							}
						}
					]
				},
				{
					"name": "Leg",
					"parent": "bone",
					"pivot": [
						5,
						33,
						7
					]
				},
				{
					"name": "bone13",
					"parent": "Leg",
					"pivot": [
						4,
						34,
						8
					],
					"cubes": [
						{
							"origin": [
								2.5,
								19,
								6.5
							],
							"size": [
								3,
								16,
								4
							],
							"pivot": [
								4,
								33,
								7
							],
							"rotation": [
								-4.94328,
								0,
								0
							],
							"uv": {
								"north": {
									"uv": [
										42,
										76
									],
									"uv_size": [
										3,
										16
									]
								},
								"east": {
									"uv": [
										42,
										60
									],
									"uv_size": [
										4,
										16
									]
								},
								"south": {
									"uv": [
										4,
										77
									],
									"uv_size": [
										3,
										16
									]
								},
								"west": {
									"uv": [
										63,
										61
									],
									"uv_size": [
										4,
										16
									]
								},
								"up": {
									"uv": [
										101,
										43
									],
									"uv_size": [
										3,
										4
									]
								},
								"down": {
									"uv": [
										101,
										104
									],
									"uv_size": [
										3,
										-4
									]
								}
							}
						}
					]
				},
				{
					"name": "bone14",
					"parent": "bone13",
					"pivot": [
						4,
						19,
						7
					],
					"rotation": [
						17.5,
						0,
						0
					],
					"cubes": [
						{
							"origin": [
								3.01589,
								4.40901,
								5.88151
							],
							"size": [
								2,
								15,
								3
							],
							"pivot": [
								4.01589,
								17.40901,
								5.88151
							],
							"rotation": [
								-0.06534,
								0,
								0
							],
							"uv": {
								"north": {
									"uv": [
										22,
										90
									],
									"uv_size": [
										2,
										15
									]
								},
								"east": {
									"uv": [
										77,
										80
									],
									"uv_size": [
										3,
										15
									]
								},
								"south": {
									"uv": [
										30,
										90
									],
									"uv_size": [
										2,
										15
									]
								},
								"west": {
									"uv": [
										80,
										80
									],
									"uv_size": [
										3,
										15
									]
								},
								"up": {
									"uv": [
										104,
										80
									],
									"uv_size": [
										2,
										3
									]
								},
								"down": {
									"uv": [
										104,
										86
									],
									"uv_size": [
										2,
										-3
									]
								}
							}
						}
					]
				},
				{
					"name": "bone15",
					"parent": "bone14",
					"pivot": [
						4,
						5.13885,
						8.09788
					],
					"rotation": [
						-17.3176,
						-1.64681,
						0.03137
					],
					"cubes": [
						{
							"origin": [
								3.03204,
								-0.71383,
								6.64338
							],
							"size": [
								2,
								6,
								2.5
							],
							"pivot": [
								4.03204,
								2.28617,
								6.30585
							],
							"rotation": [
								7.43466,
								0,
								0
							],
							"uv": {
								"north": {
									"uv": [
										102,
										7
									],
									"uv_size": [
										2,
										6
									]
								},
								"east": {
									"uv": [
										98,
										41
									],
									"uv_size": [
										3,
										6
									]
								},
								"south": {
									"uv": [
										102,
										51
									],
									"uv_size": [
										2,
										6
									]
								},
								"west": {
									"uv": [
										86,
										98
									],
									"uv_size": [
										3,
										6
									]
								},
								"up": {
									"uv": [
										86,
										104
									],
									"uv_size": [
										2,
										3
									]
								},
								"down": {
									"uv": [
										88,
										107
									],
									"uv_size": [
										2,
										-3
									]
								}
							}
						}
					]
				},
				{
					"name": "bone16",
					"parent": "bone15",
					"pivot": [
						3.94362,
						-0.36559,
						7.78464
					],
					"rotation": [
						-17.3176,
						-1.64681,
						0.03137
					],
					"cubes": [
						{
							"origin": [
								2.41324,
								-1.12481,
								4.81713
							],
							"size": [
								3,
								1,
								6
							],
							"pivot": [
								4.08706,
								-2.12481,
								6.81713
							],
							"rotation": [
								17.21534,
								0,
								0
							],
							"uv": {
								"north": {
									"uv": [
										80,
										47
									],
									"uv_size": [
										3,
										1
									]
								},
								"east": {
									"uv": [
										76,
										67
									],
									"uv_size": [
										6,
										1
									]
								},
								"south": {
									"uv": [
										82,
										24
									],
									"uv_size": [
										3,
										1
									]
								},
								"west": {
									"uv": [
										103,
										20
									],
									"uv_size": [
										6,
										1
									]
								},
								"up": {
									"uv": [
										89,
										98
									],
									"uv_size": [
										3,
										6
									]
								},
								"down": {
									"uv": [
										99,
										15
									],
									"uv_size": [
										3,
										-6
									]
								}
							}
						}
					]
				},
				{
					"name": "Leg2",
					"parent": "bone",
					"pivot": [
						-3,
						33,
						7
					]
				},
				{
					"name": "bone17",
					"parent": "Leg2",
					"pivot": [
						-3,
						34,
						8
					],
					"cubes": [
						{
							"origin": [
								-4.5,
								19,
								6.5
							],
							"size": [
								3,
								16,
								4
							],
							"pivot": [
								-3,
								33,
								7
							],
							"rotation": [
								-4.94328,
								0,
								0
							],
							"uv": {
								"north": {
									"uv": [
										7,
										77
									],
									"uv_size": [
										3,
										16
									]
								},
								"east": {
									"uv": [
										54,
										65
									],
									"uv_size": [
										4,
										16
									]
								},
								"south": {
									"uv": [
										62,
										77
									],
									"uv_size": [
										3,
										16
									]
								},
								"west": {
									"uv": [
										58,
										65
									],
									"uv_size": [
										4,
										16
									]
								},
								"up": {
									"uv": [
										102,
										57
									],
									"uv_size": [
										3,
										4
									]
								},
								"down": {
									"uv": [
										102,
										65
									],
									"uv_size": [
										3,
										-4
									]
								}
							}
						}
					]
				},
				{
					"name": "bone18",
					"parent": "bone17",
					"pivot": [
						-3,
						19,
						7
					],
					"rotation": [
						17.5,
						0,
						0
					],
					"cubes": [
						{
							"origin": [
								-4.01589,
								4.40901,
								5.88151
							],
							"size": [
								2,
								15,
								3
							],
							"pivot": [
								-3.01589,
								17.40901,
								5.88151
							],
							"rotation": [
								-0.06534,
								0,
								0
							],
							"uv": {
								"north": {
									"uv": [
										7,
										93
									],
									"uv_size": [
										2,
										15
									]
								},
								"east": {
									"uv": [
										54,
										81
									],
									"uv_size": [
										3,
										15
									]
								},
								"south": {
									"uv": [
										62,
										93
									],
									"uv_size": [
										2,
										15
									]
								},
								"west": {
									"uv": [
										57,
										81
									],
									"uv_size": [
										3,
										15
									]
								},
								"up": {
									"uv": [
										90,
										104
									],
									"uv_size": [
										2,
										3
									]
								},
								"down": {
									"uv": [
										104,
										102
									],
									"uv_size": [
										2,
										-3
									]
								}
							}
						}
					]
				},
				{
					"name": "bone19",
					"parent": "bone18",
					"pivot": [
						-3,
						5.13885,
						8.09788
					],
					"rotation": [
						-17.3176,
						1.64681,
						-0.03137
					],
					"cubes": [
						{
							"origin": [
								-4.03204,
								-0.71383,
								6.64338
							],
							"size": [
								2,
								6,
								2.5
							],
							"pivot": [
								-3.03204,
								2.28617,
								6.30585
							],
							"rotation": [
								7.43466,
								0,
								0
							],
							"uv": {
								"north": {
									"uv": [
										46,
										103
									],
									"uv_size": [
										2,
										6
									]
								},
								"east": {
									"uv": [
										99,
										59
									],
									"uv_size": [
										3,
										6
									]
								},
								"south": {
									"uv": [
										48,
										103
									],
									"uv_size": [
										2,
										6
									]
								},
								"west": {
									"uv": [
										77,
										99
									],
									"uv_size": [
										3,
										6
									]
								},
								"up": {
									"uv": [
										101,
										104
									],
									"uv_size": [
										2,
										3
									]
								},
								"down": {
									"uv": [
										104,
										105
									],
									"uv_size": [
										2,
										-3
									]
								}
							}
						}
					]
				},
				{
					"name": "bone20",
					"parent": "bone19",
					"pivot": [
						-2.94362,
						-0.36559,
						7.78464
					],
					"rotation": [
						-17.3176,
						1.64681,
						-0.03137
					],
					"cubes": [
						{
							"origin": [
								-4.41324,
								-1.12481,
								4.81713
							],
							"size": [
								3,
								1,
								6
							],
							"pivot": [
								-3.08706,
								-2.12481,
								6.81713
							],
							"rotation": [
								17.21534,
								0,
								0
							],
							"uv": {
								"north": {
									"uv": [
										88,
										17
									],
									"uv_size": [
										3,
										1
									]
								},
								"east": {
									"uv": [
										103,
										40
									],
									"uv_size": [
										6,
										1
									]
								},
								"south": {
									"uv": [
										92,
										2
									],
									"uv_size": [
										3,
										1
									]
								},
								"west": {
									"uv": [
										104,
										28
									],
									"uv_size": [
										6,
										1
									]
								},
								"up": {
									"uv": [
										80,
										99
									],
									"uv_size": [
										3,
										6
									]
								},
								"down": {
									"uv": [
										83,
										105
									],
									"uv_size": [
										3,
										-6
									]
								}
							}
						}
					]
				},
				{
					"name": "Neck",
					"parent": "bone",
					"pivot": [
						0,
						39,
						-3
					]
				},
				{
					"name": "bone21",
					"parent": "Neck",
					"pivot": [
						0,
						39,
						-3
					],
					"cubes": [
						{
							"origin": [
								-3,
								40.92962,
								-10.39321
							],
							"size": [
								7,
								4,
								10
							],
							"pivot": [
								4,
								42.92962,
								-5.39321
							],
							"rotation": [
								-35,
								0,
								0
							],
							"uv": {
								"north": {
									"uv": [
										93,
										78
									],
									"uv_size": [
										7,
										4
									]
								},
								"east": {
									"uv": [
										83,
										70
									],
									"uv_size": [
										10,
										4
									]
								},
								"south": {
									"uv": [
										93,
										82
									],
									"uv_size": [
										7,
										4
									]
								},
								"west": {
									"uv": [
										83,
										74
									],
									"uv_size": [
										10,
										4
									]
								},
								"up": {
									"uv": [
										0,
										60
									],
									"uv_size": [
										7,
										10
									]
								},
								"down": {
									"uv": [
										7,
										70
									],
									"uv_size": [
										7,
										-10
									]
								}
							}
						},
						{
							"origin": [
								-2,
								26.25532,
								-8.16318
							],
							"size": [
								5,
								4,
								10
							],
							"pivot": [
								4.26154,
								39.25532,
								9.83682
							],
							"rotation": [
								-45.14086,
								0,
								0
							],
							"uv": {
								"north": {
									"uv": [
										97,
										55
									],
									"uv_size": [
										5,
										4
									]
								},
								"east": {
									"uv": [
										83,
										78
									],
									"uv_size": [
										10,
										4
									]
								},
								"south": {
									"uv": [
										97,
										66
									],
									"uv_size": [
										5,
										4
									]
								},
								"west": {
									"uv": [
										83,
										82
									],
									"uv_size": [
										10,
										4
									]
								},
								"up": {
									"uv": [
										27,
										73
									],
									"uv_size": [
										5,
										10
									]
								},
								"down": {
									"uv": [
										37,
										83
									],
									"uv_size": [
										5,
										-10
									]
								}
							}
						}
					]
				},
				{
					"name": "bone22",
					"parent": "bone21",
					"pivot": [
						0,
						44,
						-9
					],
					"cubes": [
						{
							"origin": [
								-1.5,
								33.47542,
								-18.03546
							],
							"size": [
								4,
								4,
								12
							],
							"pivot": [
								4.04865,
								42.47542,
								-0.03546
							],
							"rotation": [
								-50.14086,
								0,
								0
							],
							"uv": {
								"north": {
									"uv": [
										100,
										78
									],
									"uv_size": [
										4,
										4
									]
								},
								"east": {
									"uv": [
										75,
										10
									],
									"uv_size": [
										12,
										4
									]
								},
								"south": {
									"uv": [
										100,
										82
									],
									"uv_size": [
										4,
										4
									]
								},
								"west": {
									"uv": [
										76,
										14
									],
									"uv_size": [
										12,
										4
									]
								},
								"up": {
									"uv": [
										16,
										78
									],
									"uv_size": [
										4,
										12
									]
								},
								"down": {
									"uv": [
										20,
										90
									],
									"uv_size": [
										4,
										-12
									]
								}
							}
						},
						{
							"origin": [
								-2,
								38.48849,
								-22.04967
							],
							"size": [
								5,
								4,
								12
							],
							"pivot": [
								4.10384,
								39.48849,
								-4.04967
							],
							"rotation": [
								-42.64086,
								0,
								0
							],
							"uv": {
								"north": {
									"uv": [
										98,
										17
									],
									"uv_size": [
										5,
										4
									]
								},
								"east": {
									"uv": [
										76,
										59
									],
									"uv_size": [
										12,
										4
									]
								},
								"south": {
									"uv": [
										98,
										37
									],
									"uv_size": [
										5,
										4
									]
								},
								"west": {
									"uv": [
										76,
										63
									],
									"uv_size": [
										12,
										4
									]
								},
								"up": {
									"uv": [
										32,
										66
									],
									"uv_size": [
										5,
										12
									]
								},
								"down": {
									"uv": [
										68,
										60
									],
									"uv_size": [
										5,
										-12
									]
								}
							}
						}
					]
				},
				{
					"name": "bone23",
					"parent": "bone22",
					"pivot": [
						0,
						51,
						-16
					],
					"cubes": [
						{
							"origin": [
								-1.5,
								44.50897,
								-35.11475
							],
							"size": [
								4,
								3,
								15
							],
							"pivot": [
								3.93923,
								44.50897,
								-13.11475
							],
							"rotation": [
								-60.14086,
								0,
								0
							],
							"uv": {
								"north": {
									"uv": [
										102,
										66
									],
									"uv_size": [
										4,
										3
									]
								},
								"east": {
									"uv": [
										76,
										18
									],
									"uv_size": [
										15,
										3
									]
								},
								"south": {
									"uv": [
										103,
										17
									],
									"uv_size": [
										4,
										3
									]
								},
								"west": {
									"uv": [
										80,
										41
									],
									"uv_size": [
										15,
										3
									]
								},
								"up": {
									"uv": [
										67,
										68
									],
									"uv_size": [
										4,
										15
									]
								},
								"down": {
									"uv": [
										0,
										85
									],
									"uv_size": [
										4,
										-15
									]
								}
							}
						},
						{
							"origin": [
								-1.32,
								39.8799,
								-25.13066
							],
							"size": [
								3.6,
								3,
								14
							],
							"pivot": [
								4.05459,
								51.8799,
								-5.13066
							],
							"rotation": [
								-57.64086,
								0,
								0
							],
							"uv": {
								"north": {
									"uv": [
										103,
										29
									],
									"uv_size": [
										4,
										3
									]
								},
								"east": {
									"uv": [
										80,
										44
									],
									"uv_size": [
										14,
										3
									]
								},
								"south": {
									"uv": [
										103,
										37
									],
									"uv_size": [
										4,
										3
									]
								},
								"west": {
									"uv": [
										83,
										67
									],
									"uv_size": [
										14,
										3
									]
								},
								"up": {
									"uv": [
										71,
										68
									],
									"uv_size": [
										4,
										14
									]
								},
								"down": {
									"uv": [
										12,
										87
									],
									"uv_size": [
										4,
										-14
									]
								}
							}
						}
					]
				},
				{
					"name": "bone24",
					"parent": "bone23",
					"pivot": [
						0,
						63,
						-23
					],
					"cubes": [
						{
							"origin": [
								-1,
								55.46906,
								-36.57474
							],
							"size": [
								3,
								5,
								11
							],
							"pivot": [
								3.90938,
								57.46906,
								-21.57474
							],
							"rotation": [
								-67.64086,
								0,
								0
							],
							"uv": {
								"north": {
									"uv": [
										4,
										101
									],
									"uv_size": [
										3,
										5
									]
								},
								"east": {
									"uv": [
										16,
										73
									],
									"uv_size": [
										11,
										5
									]
								},
								"south": {
									"uv": [
										16,
										101
									],
									"uv_size": [
										3,
										5
									]
								},
								"west": {
									"uv": [
										73,
										48
									],
									"uv_size": [
										11,
										5
									]
								},
								"up": {
									"uv": [
										16,
										90
									],
									"uv_size": [
										3,
										11
									]
								},
								"down": {
									"uv": [
										19,
										101
									],
									"uv_size": [
										3,
										-11
									]
								}
							}
						}
					]
				},
				{
					"name": "Head",
					"parent": "bone24",
					"pivot": [
						0,
						73,
						-26
					]
				},
				{
					"name": "bone25",
					"parent": "Head",
					"pivot": [
						0,
						73,
						-26
					],
					"cubes": [
						{
							"origin": [
								-1.5,
								76.8452,
								-38.51443
							],
							"size": [
								4,
								2,
								8
							],
							"pivot": [
								0,
								75.8452,
								-21.51443
							],
							"rotation": [
								17.5,
								0,
								0
							],
							"uv": {
								"north": {
									"uv": [
										104,
										7
									],
									"uv_size": [
										4,
										2
									]
								},
								"east": {
									"uv": [
										99,
										15
									],
									"uv_size": [
										8,
										2
									]
								},
								"south": {
									"uv": [
										104,
										9
									],
									"uv_size": [
										4,
										2
									]
								},
								"west": {
									"uv": [
										101,
										21
									],
									"uv_size": [
										8,
										2
									]
								},
								"up": {
									"uv": [
										40,
										92
									],
									"uv_size": [
										4,
										8
									]
								},
								"down": {
									"uv": [
										3,
										101
									],
									"uv_size": [
										4,
										-8
									]
								}
							}
						},
						{
							"origin": [
								-1,
								80.85907,
								-53.08022
							],
							"size": [
								3,
								1,
								14
							],
							"pivot": [
								0,
								78.85907,
								-18.08022
							],
							"rotation": [
								22.5,
								0,
								0
							],
							"uv": {
								"north": {
									"uv": [
										26,
										105
									],
									"uv_size": [
										3,
										1
									]
								},
								"east": {
									"uv": [
										66,
										41
									],
									"uv_size": [
										14,
										1
									]
								},
								"south": {
									"uv": [
										36,
										105
									],
									"uv_size": [
										3,
										1
									]
								},
								"west": {
									"uv": [
										68,
										24
									],
									"uv_size": [
										14,
										1
									]
								},
								"up": {
									"uv": [
										71,
										82
									],
									"uv_size": [
										3,
										14
									]
								},
								"down": {
									"uv": [
										66,
										97
									],
									"uv_size": [
										3,
										-14
									]
								}
							}
						},
						{
							"origin": [
								-0.5,
								78.09431,
								-50.39886
							],
							"size": [
								2,
								1,
								12
							],
							"pivot": [
								0,
								76.09431,
								-17.39886
							],
							"rotation": [
								17.5,
								0,
								0
							],
							"uv": {
								"north": {
									"uv": [
										95,
										2
									],
									"uv_size": [
										2,
										1
									]
								},
								"east": {
									"uv": [
										102,
										13
									],
									"uv_size": [
										12,
										1
									]
								},
								"south": {
									"uv": [
										22,
										105
									],
									"uv_size": [
										2,
										1
									]
								},
								"west": {
									"uv": [
										102,
										14
									],
									"uv_size": [
										12,
										1
									]
								},
								"up": {
									"uv": [
										57,
										96
									],
									"uv_size": [
										2,
										12
									]
								},
								"down": {
									"uv": [
										71,
										108
									],
									"uv_size": [
										2,
										-12
									]
								}
							}
						},
						{
							"origin": [
								-1,
								73.17237,
								-38.00586
							],
							"size": [
								3,
								2,
								8
							],
							"pivot": [
								0,
								72.17237,
								-21.00586
							],
							"rotation": [
								5,
								0,
								0
							],
							"uv": {
								"north": {
									"uv": [
										0,
										105
									],
									"uv_size": [
										3,
										2
									]
								},
								"east": {
									"uv": [
										101,
										23
									],
									"uv_size": [
										8,
										2
									]
								},
								"south": {
									"uv": [
										105,
										0
									],
									"uv_size": [
										3,
										2
									]
								},
								"west": {
									"uv": [
										101,
										41
									],
									"uv_size": [
										8,
										2
									]
								},
								"up": {
									"uv": [
										96,
										9
									],
									"uv_size": [
										3,
										8
									]
								},
								"down": {
									"uv": [
										54,
										104
									],
									"uv_size": [
										3,
										-8
									]
								}
							}
						},
						{
							"origin": [
								-2.5,
								72,
								-31
							],
							"size": [
								6,
								4,
								7
							],
							"uv": {
								"north": {
									"uv": [
										77,
										95
									],
									"uv_size": [
										6,
										4
									]
								},
								"east": {
									"uv": [
										94,
										21
									],
									"uv_size": [
										7,
										4
									]
								},
								"south": {
									"uv": [
										95,
										86
									],
									"uv_size": [
										6,
										4
									]
								},
								"west": {
									"uv": [
										94,
										90
									],
									"uv_size": [
										7,
										4
									]
								},
								"up": {
									"uv": [
										26,
										83
									],
									"uv_size": [
										6,
										7
									]
								},
								"down": {
									"uv": [
										36,
										90
									],
									"uv_size": [
										6,
										-7
									]
								}
							}
						},
						{
							"origin": [
								-1,
								76,
								-31
							],
							"size": [
								3,
								0.5,
								5
							],
							"uv": {
								"north": {
									"uv": [
										105,
										58
									],
									"uv_size": [
										3,
										1
									]
								},
								"east": {
									"uv": [
										68,
										60
									],
									"uv_size": [
										5,
										1
									]
								},
								"south": {
									"uv": [
										105,
										59
									],
									"uv_size": [
										3,
										1
									]
								},
								"west": {
									"uv": [
										82,
										9
									],
									"uv_size": [
										5,
										1
									]
								},
								"up": {
									"uv": [
										19,
										101
									],
									"uv_size": [
										3,
										5
									]
								},
								"down": {
									"uv": [
										32,
										106
									],
									"uv_size": [
										3,
										-5
									]
								}
							}
						},
						{
							"origin": [
								-1,
								74.45472,
								-37.56706
							],
							"size": [
								3,
								2.5,
								7
							],
							"pivot": [
								0.09248,
								71.45472,
								-25.56706
							],
							"rotation": [
								4.92083,
								0,
								0
							],
							"uv": {
								"north": {
									"uv": [
										103,
										93
									],
									"uv_size": [
										3,
										3
									]
								},
								"east": {
									"uv": [
										97,
										2
									],
									"uv_size": [
										7,
										3
									]
								},
								"south": {
									"uv": [
										94,
										103
									],
									"uv_size": [
										3,
										3
									]
								},
								"west": {
									"uv": [
										97,
										34
									],
									"uv_size": [
										7,
										3
									]
								},
								"up": {
									"uv": [
										26,
										98
									],
									"uv_size": [
										3,
										7
									]
								},
								"down": {
									"uv": [
										36,
										105
									],
									"uv_size": [
										3,
										-7
									]
								}
							}
						},
						{
							"origin": [
								-1,
								39.38469,
								-41.98041
							],
							"size": [
								3,
								0.5,
								3
							],
							"pivot": [
								0.04505,
								55.38469,
								-21.98041
							],
							"rotation": [
								-90.07917,
								0,
								0
							],
							"uv": {
								"north": {
									"uv": [
										105,
										60
									],
									"uv_size": [
										3,
										1
									]
								},
								"east": {
									"uv": [
										105,
										61
									],
									"uv_size": [
										3,
										1
									]
								},
								"south": {
									"uv": [
										105,
										62
									],
									"uv_size": [
										3,
										1
									]
								},
								"west": {
									"uv": [
										105,
										63
									],
									"uv_size": [
										3,
										1
									]
								},
								"up": {
									"uv": [
										103,
										96
									],
									"uv_size": [
										3,
										3
									]
								},
								"down": {
									"uv": [
										104,
										5
									],
									"uv_size": [
										3,
										-3
									]
								}
							}
						}
					]
				},
				{
					"name": "Jaw",
					"parent": "bone25",
					"pivot": [
						0,
						71,
						-29
					]
				},
				{
					"name": "bone26",
					"parent": "Jaw",
					"pivot": [
						0,
						72,
						-27
					],
					"cubes": [
						{
							"origin": [
								-1.8,
								71,
								-38
							],
							"size": [
								4.6,
								2,
								13
							],
							"pivot": [
								0,
								71,
								-29
							],
							"rotation": [
								2.5,
								0,
								0
							],
							"uv": {
								"north": {
									"uv": [
										84,
										51
									],
									"uv_size": [
										5,
										2
									]
								},
								"east": {
									"uv": [
										89,
										7
									],
									"uv_size": [
										13,
										2
									]
								},
								"south": {
									"uv": [
										89,
										38
									],
									"uv_size": [
										5,
										2
									]
								},
								"west": {
									"uv": [
										92,
										0
									],
									"uv_size": [
										13,
										2
									]
								},
								"up": {
									"uv": [
										37,
										60
									],
									"uv_size": [
										5,
										13
									]
								},
								"down": {
									"uv": [
										63,
										61
									],
									"uv_size": [
										5,
										-13
									]
								}
							}
						},
						{
							"origin": [
								-0.5,
								68,
								-34
							],
							"size": [
								2,
								1,
								9
							],
							"pivot": [
								0,
								71,
								-29
							],
							"rotation": [
								-30,
								0,
								0
							],
							"uv": {
								"north": {
									"uv": [
										30,
										105
									],
									"uv_size": [
										2,
										1
									]
								},
								"east": {
									"uv": [
										47,
										31
									],
									"uv_size": [
										9,
										1
									]
								},
								"south": {
									"uv": [
										80,
										105
									],
									"uv_size": [
										2,
										1
									]
								},
								"west": {
									"uv": [
										102,
										69
									],
									"uv_size": [
										9,
										1
									]
								},
								"up": {
									"uv": [
										60,
										98
									],
									"uv_size": [
										2,
										9
									]
								},
								"down": {
									"uv": [
										92,
										107
									],
									"uv_size": [
										2,
										-9
									]
								}
							}
						},
						{
							"origin": [
								-0.5,
								69,
								-32
							],
							"size": [
								2,
								1,
								7
							],
							"pivot": [
								0,
								71,
								-29
							],
							"rotation": [
								-30,
								0,
								0
							],
							"uv": {
								"north": {
									"uv": [
										82,
										105
									],
									"uv_size": [
										2,
										1
									]
								},
								"east": {
									"uv": [
										104,
										56
									],
									"uv_size": [
										6,
										1
									]
								},
								"south": {
									"uv": [
										84,
										105
									],
									"uv_size": [
										2,
										1
									]
								},
								"west": {
									"uv": [
										105,
										57
									],
									"uv_size": [
										6,
										1
									]
								},
								"up": {
									"uv": [
										50,
										103
									],
									"uv_size": [
										2,
										6
									]
								},
								"down": {
									"uv": [
										52,
										109
									],
									"uv_size": [
										2,
										-6
									]
								}
							}
						},
						{
							"origin": [
								-0.5,
								70,
								-31
							],
							"size": [
								2,
								2,
								6
							],
							"pivot": [
								0,
								71,
								-29
							],
							"rotation": [
								-30,
								0,
								0
							],
							"uv": {
								"north": {
									"uv": [
										66,
										14
									],
									"uv_size": [
										2,
										2
									]
								},
								"east": {
									"uv": [
										103,
										32
									],
									"uv_size": [
										5,
										2
									]
								},
								"south": {
									"uv": [
										40,
										90
									],
									"uv_size": [
										2,
										2
									]
								},
								"west": {
									"uv": [
										103,
										86
									],
									"uv_size": [
										5,
										2
									]
								},
								"up": {
									"uv": [
										74,
										103
									],
									"uv_size": [
										2,
										5
									]
								},
								"down": {
									"uv": [
										103,
										93
									],
									"uv_size": [
										2,
										-5
									]
								}
							}
						},
						{
							"origin": [
								-0.5,
								72,
								-29
							],
							"size": [
								2,
								1,
								4
							],
							"pivot": [
								0,
								71,
								-29
							],
							"rotation": [
								-30,
								0,
								0
							],
							"uv": {
								"north": {
									"uv": [
										66,
										14
									],
									"uv_size": [
										2,
										2
									]
								},
								"east": {
									"uv": [
										103,
										32
									],
									"uv_size": [
										5,
										2
									]
								},
								"south": {
									"uv": [
										40,
										90
									],
									"uv_size": [
										2,
										2
									]
								},
								"west": {
									"uv": [
										103,
										86
									],
									"uv_size": [
										5,
										2
									]
								},
								"up": {
									"uv": [
										74,
										103
									],
									"uv_size": [
										2,
										5
									]
								},
								"down": {
									"uv": [
										103,
										93
									],
									"uv_size": [
										2,
										-5
									]
								}
							}
						},
						{
							"origin": [
								-0.8,
								73.22779,
								-51.1606
							],
							"size": [
								2.6,
								1.5,
								13
							],
							"pivot": [
								0,
								74.22779,
								-28.1606
							],
							"rotation": [
								15,
								0,
								0
							],
							"uv": {
								"north": {
									"uv": [
										105,
										64
									],
									"uv_size": [
										3,
										1
									]
								},
								"east": {
									"uv": [
										82,
										40
									],
									"uv_size": [
										13,
										1
									]
								},
								"south": {
									"uv": [
										77,
										105
									],
									"uv_size": [
										3,
										1
									]
								},
								"west": {
									"uv": [
										99,
										65
									],
									"uv_size": [
										13,
										1
									]
								},
								"up": {
									"uv": [
										0,
										85
									],
									"uv_size": [
										3,
										13
									]
								},
								"down": {
									"uv": [
										83,
										99
									],
									"uv_size": [
										3,
										-13
									]
								}
							}
						}
					]
				}
			]
		}
	]
}