{
	"format_version": "1.12.0",
	"minecraft:geometry": [
		{
			"description": {
				"identifier": "geometry.deinotherium",
				"texture_width": 512,
				"texture_height": 512,
				"visible_bounds_width": 6,
				"visible_bounds_height": 5.5,
				"visible_bounds_offset": [
					0,
					2.25,
					0
				]
			},
			"bones": [
				{
					"name": "bone",
					"pivot": [
						0,
						47,
						0
					],
					"cubes": [
						{
							"origin": [
								-12.5,
								29,
								-1
							],
							"size": [
								25,
								30,
								14
							],
							"pivot": [
								0,
								47,
								0
							],
							"rotation": [
								-10,
								0,
								0
							],
							"uv": [
								0,
								35
							]
						},
						{
							"origin": [
								-11.5,
								29.56239,
								8.13801
							],
							"size": [
								23,
								30,
								7
							],
							"pivot": [
								0,
								58,
								15
							],
							"rotation": [
								-15,
								0,
								0
							],
							"uv": [
								70,
								137
							]
						},
						{
							"origin": [
								-12,
								31.21753,
								-2.28997
							],
							"size": [
								24,
								30,
								11
							],
							"pivot": [
								0,
								61,
								9
							],
							"rotation": [
								-2.5,
								0,
								0
							],
							"uv": [
								78,
								24
							]
						}
					]
				},
				{
					"name": "bone2",
					"parent": "bone",
					"pivot": [
						0,
						47,
						13
					],
					"cubes": [
						{
							"origin": [
								-13.5,
								27,
								10
							],
							"size": [
								27,
								32,
								8
							],
							"uv": [
								0,
								95
							]
						},
						{
							"origin": [
								-13,
								33,
								18
							],
							"size": [
								26,
								26,
								8
							],
							"pivot": [
								15,
								59,
								17
							],
							"rotation": [
								-17.5,
								0,
								0
							],
							"uv": [
								70,
								103
							]
						},
						{
							"origin": [
								-12.5,
								30.1548,
								25.51443
							],
							"size": [
								25,
								26,
								8
							],
							"pivot": [
								15,
								56,
								26
							],
							"rotation": [
								-37.5,
								0,
								0
							],
							"uv": [
								130,
								129
							]
						},
						{
							"origin": [
								-12,
								28.07776,
								30.50386
							],
							"size": [
								24,
								24,
								9
							],
							"pivot": [
								15,
								51,
								31
							],
							"rotation": [
								-65,
								0,
								0
							],
							"uv": [
								137,
								0
							]
						},
						{
							"origin": [
								-13.5,
								27.31716,
								33.89185
							],
							"size": [
								27,
								18,
								17
							],
							"pivot": [
								15,
								44,
								34
							],
							"rotation": [
								-90,
								0,
								0
							],
							"uv": [
								0,
								0
							]
						}
					]
				},
				{
					"name": "bone28",
					"parent": "bone2",
					"pivot": [
						0,
						38,
						35
					],
					"cubes": [
						{
							"origin": [
								-2,
								29,
								34
							],
							"size": [
								4,
								11,
								2
							],
							"pivot": [
								0,
								38,
								35
							],
							"rotation": [
								20,
								0,
								0
							],
							"uv": [
								0,
								35
							]
						}
					]
				},
				{
					"name": "bone3",
					"parent": "bone",
					"pivot": [
						0,
						47,
						-3
					],
					"cubes": [
						{
							"origin": [
								-13,
								37,
								-16
							],
							"size": [
								26,
								24,
								14
							],
							"uv": [
								64,
								65
							]
						},
						{
							"origin": [
								-12.9,
								36.2953,
								-7.99655
							],
							"size": [
								12.9,
								24,
								10
							],
							"pivot": [
								0,
								58,
								1
							],
							"rotation": [
								-17.5,
								0,
								0
							],
							"uv": [
								128,
								182
							]
						},
						{
							"origin": [
								0,
								36.2953,
								-7.99655
							],
							"size": [
								12.9,
								24,
								10
							],
							"pivot": [
								0,
								58,
								1
							],
							"rotation": [
								-17.5,
								0,
								0
							],
							"uv": [
								84,
								174
							]
						},
						{
							"origin": [
								-12.5,
								43.99098,
								-16.7086
							],
							"size": [
								25,
								19,
								10
							],
							"pivot": [
								0,
								63,
								-6
							],
							"rotation": [
								12.5,
								0,
								0
							],
							"uv": [
								0,
								135
							]
						},
						{
							"origin": [
								-12,
								29,
								-12
							],
							"size": [
								24,
								10,
								9
							],
							"pivot": [
								0,
								30,
								-3
							],
							"rotation": [
								-15,
								0,
								0
							],
							"uv": [
								130,
								163
							]
						},
						{
							"origin": [
								-12.5,
								31.10463,
								-19.01377
							],
							"size": [
								25,
								10,
								7
							],
							"pivot": [
								0,
								31,
								-11
							],
							"rotation": [
								-47.5,
								0,
								0
							],
							"uv": [
								71,
								0
							]
						}
					]
				},
				{
					"name": "bone4",
					"parent": "bone3",
					"pivot": [
						0,
						47,
						-16
					],
					"cubes": [
						{
							"origin": [
								-8,
								47,
								-28
							],
							"size": [
								16,
								13,
								14
							],
							"pivot": [
								0,
								47,
								-16
							],
							"rotation": [
								-12.5,
								0,
								0
							],
							"uv": [
								138,
								89
							]
						},
						{
							"origin": [
								-7,
								49.03967,
								-24.37592
							],
							"size": [
								14,
								13,
								6
							],
							"pivot": [
								0,
								60,
								-24
							],
							"rotation": [
								2.5,
								0,
								0
							],
							"uv": [
								203,
								0
							]
						},
						{
							"origin": [
								-7.5,
								49.21605,
								-18.45935
							],
							"size": [
								15,
								13,
								7
							],
							"pivot": [
								0,
								62,
								-20
							],
							"rotation": [
								-2.5,
								0,
								0
							],
							"uv": [
								196,
								137
							]
						},
						{
							"origin": [
								-7.5,
								40,
								-28
							],
							"size": [
								15,
								13,
								16
							],
							"pivot": [
								0,
								47,
								-16
							],
							"rotation": [
								-22.5,
								0,
								0
							],
							"uv": [
								132,
								49
							]
						}
					]
				},
				{
					"name": "bone5",
					"parent": "bone4",
					"pivot": [
						-1,
						55,
						-25
					],
					"cubes": [
						{
							"origin": [
								0,
								49.96,
								-31.56
							],
							"size": [
								7,
								12.32,
								6.16
							],
							"uv": [
								153,
								227
							]
						},
						{
							"origin": [
								-7,
								49.96,
								-31.56
							],
							"size": [
								7,
								12.32,
								6.16
							],
							"uv": [
								223,
								106
							]
						},
						{
							"origin": [
								-6.5,
								50.52,
								-32.68
							],
							"size": [
								13,
								12.32,
								3.36
							],
							"pivot": [
								1,
								61.72,
								-31
							],
							"rotation": [
								-5,
								0,
								0
							],
							"uv": [
								214,
								33
							]
						},
						{
							"origin": [
								-6,
								51.23068,
								-37.62878
							],
							"size": [
								12,
								11.76,
								5.04
							],
							"pivot": [
								1,
								62.84,
								-32.68
							],
							"rotation": [
								22.5,
								0,
								0
							],
							"uv": [
								167,
								211
							]
						},
						{
							"origin": [
								-7,
								50.33551,
								-37.60842
							],
							"size": [
								14,
								6.72,
								6.16
							],
							"pivot": [
								1,
								51.08,
								-32.68
							],
							"rotation": [
								32.5,
								0,
								0
							],
							"uv": [
								0,
								79
							]
						},
						{
							"origin": [
								-5.5,
								48.00398,
								-42.4893
							],
							"size": [
								11,
								2.8,
								6.16
							],
							"pivot": [
								1,
								47.72,
								-36.04
							],
							"rotation": [
								5,
								0,
								0
							],
							"uv": [
								223,
								157
							]
						},
						{
							"origin": [
								-6,
								50.22894,
								-42.75891
							],
							"size": [
								12,
								6.72,
								6.16
							],
							"pivot": [
								1,
								50.52,
								-42.76
							],
							"rotation": [
								-20,
								0,
								0
							],
							"uv": [
								138,
								116
							]
						},
						{
							"origin": [
								-5,
								56.52054,
								-40.70851
							],
							"size": [
								10,
								5.6,
								6.16
							],
							"pivot": [
								1,
								56.12,
								-40.52
							],
							"rotation": [
								-35,
								0,
								0
							],
							"uv": [
								223,
								124
							]
						}
					]
				},
				{
					"name": "bone6",
					"parent": "bone5",
					"pivot": [
						1,
						59.2,
						-36.76
					],
					"cubes": [
						{
							"origin": [
								-5.5,
								53.88,
								-43.32
							],
							"size": [
								11,
								6.72,
								6.72
							],
							"pivot": [
								1,
								58.92,
								-38.28
							],
							"rotation": [
								30,
								0,
								0
							],
							"uv": [
								201,
								216
							]
						},
						{
							"origin": [
								-5,
								50.08995,
								-50.15523
							],
							"size": [
								10,
								7.84,
								6.72
							],
							"pivot": [
								1,
								57.8,
								-43.32
							],
							"rotation": [
								45,
								0,
								0
							],
							"uv": [
								219,
								78
							]
						}
					]
				},
				{
					"name": "bone7",
					"parent": "bone6",
					"pivot": [
						0,
						53.04,
						-48.52
					],
					"cubes": [
						{
							"origin": [
								-4.5,
								46.04,
								-48.36
							],
							"size": [
								9,
								7.72,
								8.6
							],
							"pivot": [
								0,
								52.76,
								-47.8
							],
							"rotation": [
								-30,
								0,
								0
							],
							"uv": [
								211,
								91
							]
						}
					]
				},
				{
					"name": "bone8",
					"parent": "bone7",
					"pivot": [
						0,
						46.44,
						-49.32
					],
					"cubes": [
						{
							"origin": [
								-4,
								38.2,
								-51.72
							],
							"size": [
								8,
								8.96,
								6.72
							],
							"pivot": [
								12,
								47.16,
								-50.6
							],
							"rotation": [
								-7.5,
								0,
								0
							],
							"uv": [
								179,
								227
							]
						}
					]
				},
				{
					"name": "bone9",
					"parent": "bone8",
					"pivot": [
						0,
						38.48,
						-50.32
					],
					"cubes": [
						{
							"origin": [
								-3.5,
								31.48,
								-52.28
							],
							"size": [
								7,
								7.84,
								5.04
							],
							"pivot": [
								17,
								38.2,
								-50.6
							],
							"rotation": [
								25,
								0,
								0
							],
							"uv": [
								40,
								79
							]
						}
					]
				},
				{
					"name": "bone10",
					"parent": "bone9",
					"pivot": [
						1,
						31.88,
						-48.4
					],
					"cubes": [
						{
							"origin": [
								-3,
								26.44,
								-48.92
							],
							"size": [
								6,
								7.84,
								2.8
							],
							"pivot": [
								21,
								32.6,
								-46.68
							],
							"rotation": [
								70,
								0,
								0
							],
							"uv": [
								0,
								0
							]
						}
					]
				},
				{
					"name": "bone11",
					"parent": "bone5",
					"pivot": [
						1,
						49.24,
						-27.72
					],
					"rotation": [
						-5,
						0,
						0
					],
					"cubes": [
						{
							"origin": [
								-5.4,
								48.84,
								-39.96
							],
							"size": [
								10.7,
								1.68,
								7.84
							],
							"pivot": [
								1,
								49.96,
								-31
							],
							"rotation": [
								22.5,
								0,
								0
							],
							"uv": [
								30,
								164
							]
						},
						{
							"origin": [
								-5,
								42.46933,
								-41.36159
							],
							"size": [
								10,
								1.68,
								3.92
							],
							"pivot": [
								1,
								43.8,
								-41.08
							],
							"rotation": [
								60,
								0,
								0
							],
							"uv": [
								88,
								17
							]
						},
						{
							"origin": [
								-6,
								37.71846,
								-46.2174
							],
							"size": [
								12,
								5.6,
								5.6
							],
							"pivot": [
								1,
								43.24,
								-41.64
							],
							"rotation": [
								100,
								0,
								0
							],
							"uv": [
								148,
								33
							]
						},
						{
							"origin": [
								-5,
								44.92,
								-40.52
							],
							"size": [
								10,
								3.92,
								8.96
							],
							"pivot": [
								1,
								49.96,
								-31
							],
							"rotation": [
								22.5,
								0,
								0
							],
							"uv": [
								210,
								67
							]
						},
						{
							"origin": [
								-6,
								44.92,
								-32.68
							],
							"size": [
								12,
								5.04,
								6.16
							],
							"pivot": [
								1,
								49.96,
								-31
							],
							"rotation": [
								2.5,
								0,
								0
							],
							"uv": [
								144,
								78
							]
						}
					]
				},
				{
					"name": "bone12",
					"parent": "bone11",
					"pivot": [
						-4,
						39.6,
						-37.88
					],
					"rotation": [
						0,
						0,
						5
					],
					"cubes": [
						{
							"origin": [
								-6,
								37.64,
								-39.4
							],
							"size": [
								4,
								2.8,
								3.36
							],
							"pivot": [
								1,
								39.32,
								-37.16
							],
							"rotation": [
								25,
								0,
								0
							],
							"uv": [
								64,
								35
							]
						},
						{
							"origin": [
								-5.5,
								34.1568,
								-38.55827
							],
							"size": [
								3,
								2.8,
								3.36
							],
							"pivot": [
								1,
								37.08,
								-38.28
							],
							"rotation": [
								45,
								0,
								0
							],
							"uv": [
								111,
								18
							]
						},
						{
							"origin": [
								-5,
								29.64866,
								-36.48229
							],
							"size": [
								2,
								5.04,
								2.24
							],
							"pivot": [
								1,
								34.84,
								-36.6
							],
							"rotation": [
								65,
								0,
								0
							],
							"uv": [
								70,
								103
							]
						}
					]
				},
				{
					"name": "bone13",
					"parent": "bone11",
					"pivot": [
						4,
						39.6,
						-37.88
					],
					"rotation": [
						0,
						0,
						-5
					],
					"cubes": [
						{
							"origin": [
								2,
								37.64,
								-39.4
							],
							"size": [
								4,
								2.8,
								3.36
							],
							"pivot": [
								-1,
								39.32,
								-37.16
							],
							"rotation": [
								25,
								0,
								0
							],
							"uv": [
								0,
								9
							]
						},
						{
							"origin": [
								2.5,
								34.1568,
								-38.55827
							],
							"size": [
								3,
								2.8,
								3.36
							],
							"pivot": [
								-1,
								37.08,
								-38.28
							],
							"rotation": [
								45,
								0,
								0
							],
							"uv": [
								64,
								40
							]
						},
						{
							"origin": [
								3,
								29.64866,
								-36.48229
							],
							"size": [
								2,
								5.04,
								2.24
							],
							"pivot": [
								-1,
								34.84,
								-36.6
							],
							"rotation": [
								65,
								0,
								0
							],
							"uv": [
								0,
								91
							]
						}
					]
				},
				{
					"name": "bone14",
					"parent": "bone5",
					"pivot": [
						-6,
						62,
						-27
					],
					"cubes": [
						{
							"origin": [
								-8,
								48,
								-28
							],
							"size": [
								1,
								14,
								10
							],
							"pivot": [
								-6,
								62,
								-27
							],
							"rotation": [
								2.46838,
								-40.96527,
								7.9301
							],
							"uv": [
								131,
								216
							]
						}
					]
				},
				{
					"name": "bone15",
					"parent": "bone5",
					"pivot": [
						6,
						62,
						-27
					],
					"cubes": [
						{
							"origin": [
								7,
								48,
								-28
							],
							"size": [
								1,
								14,
								10
							],
							"pivot": [
								6,
								62,
								-27
							],
							"rotation": [
								2.46838,
								40.96527,
								-7.9301
							],
							"uv": [
								109,
								208
							]
						}
					]
				},
				{
					"name": "bone16",
					"pivot": [
						-14,
						39,
						-7
					],
					"cubes": [
						{
							"origin": [
								-16,
								20,
								-13
							],
							"size": [
								9,
								25,
								12
							],
							"pivot": [
								-14,
								39,
								-7
							],
							"rotation": [
								4.98107,
								-0.43523,
								4.98107
							],
							"uv": [
								42,
								174
							]
						}
					]
				},
				{
					"name": "bone17",
					"parent": "bone16",
					"pivot": [
						-14,
						26,
						-7
					],
					"cubes": [
						{
							"origin": [
								-17,
								3.92009,
								-12.83027
							],
							"size": [
								8,
								21,
								9
							],
							"pivot": [
								-14,
								5,
								-7
							],
							"rotation": [
								-10,
								0,
								0
							],
							"uv": [
								189,
								107
							]
						}
					]
				},
				{
					"name": "bone18",
					"parent": "bone17",
					"pivot": [
						-14,
						4,
						-8
					],
					"cubes": [
						{
							"origin": [
								-17.5,
								0,
								-13
							],
							"size": [
								9,
								5,
								9
							],
							"uv": [
								208,
								185
							]
						}
					]
				},
				{
					"name": "bone19",
					"pivot": [
						14,
						39,
						-7
					],
					"cubes": [
						{
							"origin": [
								7,
								20,
								-13
							],
							"size": [
								9,
								25,
								12
							],
							"pivot": [
								14,
								39,
								-7
							],
							"rotation": [
								4.98107,
								0.43523,
								-4.98107
							],
							"uv": [
								0,
								164
							]
						}
					]
				},
				{
					"name": "bone20",
					"parent": "bone19",
					"pivot": [
						14,
						26,
						-7
					],
					"cubes": [
						{
							"origin": [
								9,
								3.92009,
								-12.83027
							],
							"size": [
								8,
								21,
								9
							],
							"pivot": [
								14,
								5,
								-7
							],
							"rotation": [
								-10,
								0,
								0
							],
							"uv": [
								185,
								69
							]
						}
					]
				},
				{
					"name": "bone21",
					"parent": "bone20",
					"pivot": [
						14,
						4,
						-8
					],
					"cubes": [
						{
							"origin": [
								8.5,
								0,
								-13
							],
							"size": [
								9,
								5,
								9
							],
							"uv": [
								203,
								19
							]
						}
					]
				},
				{
					"name": "bone22",
					"pivot": [
						-14,
						28,
						23
					],
					"cubes": [
						{
							"origin": [
								-16,
								19,
								17
							],
							"size": [
								9,
								19,
								7
							],
							"pivot": [
								-14,
								39,
								23
							],
							"rotation": [
								-4.98107,
								0.43523,
								4.98107
							],
							"uv": [
								34,
								211
							]
						},
						{
							"origin": [
								-15.5,
								19,
								24
							],
							"size": [
								8,
								19,
								10
							],
							"pivot": [
								-14,
								39,
								23
							],
							"rotation": [
								-17.48107,
								0.43523,
								4.98107
							],
							"uv": [
								172,
								182
							]
						}
					]
				},
				{
					"name": "bone23",
					"parent": "bone22",
					"pivot": [
						-14,
						26,
						23
					],
					"cubes": [
						{
							"origin": [
								-17,
								1.92009,
								19.83027
							],
							"size": [
								8,
								19,
								9
							],
							"pivot": [
								-14,
								5,
								23
							],
							"rotation": [
								10,
								0,
								0
							],
							"uv": [
								0,
								201
							]
						}
					]
				},
				{
					"name": "bone24",
					"parent": "bone23",
					"pivot": [
						-14,
						4,
						24
					],
					"cubes": [
						{
							"origin": [
								-17.5,
								0,
								17
							],
							"size": [
								9,
								5,
								12
							],
							"uv": [
								202,
								50
							]
						}
					]
				},
				{
					"name": "bone25",
					"pivot": [
						14,
						28,
						23
					],
					"cubes": [
						{
							"origin": [
								7,
								19,
								17
							],
							"size": [
								9,
								19,
								7
							],
							"pivot": [
								14,
								39,
								23
							],
							"rotation": [
								-4.98107,
								-0.43523,
								-4.98107
							],
							"uv": [
								77,
								208
							]
						},
						{
							"origin": [
								7.5,
								19,
								24
							],
							"size": [
								8,
								19,
								10
							],
							"pivot": [
								14,
								39,
								23
							],
							"rotation": [
								-17.48107,
								-0.43523,
								-4.98107
							],
							"uv": [
								178,
								33
							]
						}
					]
				},
				{
					"name": "bone26",
					"parent": "bone25",
					"pivot": [
						14,
						21,
						23
					],
					"cubes": [
						{
							"origin": [
								9,
								1.92009,
								19.83027
							],
							"size": [
								8,
								19,
								9
							],
							"pivot": [
								14,
								5,
								23
							],
							"rotation": [
								10,
								0,
								0
							],
							"uv": [
								198,
								157
							]
						}
					]
				},
				{
					"name": "bone27",
					"parent": "bone26",
					"pivot": [
						14,
						4,
						24
					],
					"cubes": [
						{
							"origin": [
								8.5,
								0,
								17
							],
							"size": [
								9,
								5,
								12
							],
							"uv": [
								196,
								199
							]
						}
					]
				}
			]
		}
	]
}