{
	"format_version": "1.12.0",
	"minecraft:geometry": [
		{
			"description": {
				"identifier": "geometry.geostenbergia",
				"texture_width": 192,
				"texture_height": 192,
				"visible_bounds_width": 9,
				"visible_bounds_height": 5.5,
				"visible_bounds_offset": [
					0,
					2.25,
					0
				]
			},
			"bones": [
				{
					"name": "bone",
					"pivot": [
						0,
						10,
						0
					]
				},
				{
					"name": "bone2",
					"pivot": [
						0,
						16,
						1
					],
					"cubes": [
						{
							"origin": [
								-1,
								4.94975,
								5.29289
							],
							"size": [
								2,
								7,
								1
							],
							"pivot": [
								0,
								13,
								5
							],
							"rotation": [
								15,
								0,
								0
							],
							"uv": [
								86,
								174
							]
						},
						{
							"origin": [
								-4,
								10.94975,
								-0.70711
							],
							"size": [
								8,
								9,
								7
							],
							"pivot": [
								0,
								13,
								5
							],
							"rotation": [
								32.5,
								0,
								0
							],
							"uv": [
								37,
								71
							]
						}
					]
				},
				{
					"name": "bone3",
					"parent": "bone2",
					"pivot": [
						0,
						18,
						1
					],
					"cubes": [
						{
							"origin": [
								-3.5,
								18,
								-1
							],
							"size": [
								7,
								5,
								4
							],
							"pivot": [
								5,
								18,
								1
							],
							"rotation": [
								50,
								0,
								0
							],
							"uv": [
								54,
								104
							]
						},
						{
							"origin": [
								-3.4,
								15,
								-3
							],
							"size": [
								2.9,
								6,
								2
							],
							"uv": [
								11,
								174
							]
						},
						{
							"origin": [
								0.5,
								15,
								-3
							],
							"size": [
								2.9,
								6,
								2
							],
							"uv": [
								103,
								163
							]
						},
						{
							"origin": [
								-2,
								18,
								-4
							],
							"size": [
								4,
								4,
								2
							],
							"pivot": [
								0,
								18,
								1
							],
							"rotation": [
								32.5,
								0,
								0
							],
							"uv": [
								103,
								152
							]
						},
						{
							"origin": [
								-1.5,
								20.70132,
								-5.54442
							],
							"size": [
								3,
								5,
								3
							],
							"pivot": [
								0,
								20,
								-2
							],
							"rotation": [
								40,
								0,
								0
							],
							"uv": [
								22,
								141
							]
						}
					]
				},
				{
					"name": "bone4",
					"parent": "bone3",
					"pivot": [
						0,
						22,
						-2
					],
					"cubes": [
						{
							"origin": [
								-3,
								22,
								-3
							],
							"size": [
								6,
								2,
								2
							],
							"uv": [
								57,
								141
							]
						},
						{
							"origin": [
								-2.3,
								20,
								-4
							],
							"size": [
								2.8,
								8,
								2
							],
							"pivot": [
								5,
								22,
								-2
							],
							"rotation": [
								40,
								0,
								0
							],
							"uv": [
								46,
								141
							]
						},
						{
							"origin": [
								-0.5,
								20,
								-4
							],
							"size": [
								2.8,
								8,
								2
							],
							"pivot": [
								-5,
								22,
								-2
							],
							"rotation": [
								40,
								0,
								0
							],
							"uv": [
								46,
								141
							],
							"mirror": true
						},
						{
							"origin": [
								-0.5,
								20,
								-4
							],
							"size": [
								0.8,
								8,
								2
							],
							"pivot": [
								-5,
								22,
								-2
							],
							"rotation": [
								40,
								0,
								0
							],
							"uv": [
								35,
								141
							]
						},
						{
							"origin": [
								-0.3,
								20,
								-4
							],
							"size": [
								0.8,
								8,
								2
							],
							"pivot": [
								5,
								22,
								-2
							],
							"rotation": [
								40,
								0,
								0
							],
							"uv": [
								35,
								141
							],
							"mirror": true
						},
						{
							"origin": [
								-2.9,
								24,
								-4
							],
							"size": [
								3,
								2,
								3
							],
							"pivot": [
								5,
								24,
								-1
							],
							"rotation": [
								17.5,
								0,
								0
							],
							"uv": [
								65,
								163
							]
						},
						{
							"origin": [
								-0.1,
								24,
								-4
							],
							"size": [
								3,
								2,
								3
							],
							"pivot": [
								-5,
								24,
								-1
							],
							"rotation": [
								17.5,
								0,
								0
							],
							"uv": [
								50,
								163
							]
						},
						{
							"origin": [
								-2.8,
								26.09257,
								-5.60141
							],
							"size": [
								3,
								5,
								4
							],
							"pivot": [
								5,
								26,
								-1
							],
							"rotation": [
								32.5,
								0,
								0
							],
							"uv": [
								34,
								131
							]
						},
						{
							"origin": [
								-0.2,
								26.09257,
								-5.60141
							],
							"size": [
								3,
								5,
								4
							],
							"pivot": [
								-5,
								26,
								-1
							],
							"rotation": [
								32.5,
								0,
								0
							],
							"uv": [
								19,
								131
							]
						},
						{
							"origin": [
								-2.4,
								30.1071,
								-6.22044
							],
							"size": [
								2.9,
								2,
								2
							],
							"pivot": [
								5,
								30,
								-4
							],
							"rotation": [
								70,
								0,
								0
							],
							"uv": [
								9,
								183
							]
						},
						{
							"origin": [
								-0.5,
								30.1071,
								-6.22044
							],
							"size": [
								2.9,
								2,
								2
							],
							"pivot": [
								-5,
								30,
								-4
							],
							"rotation": [
								70,
								0,
								0
							],
							"uv": [
								93,
								174
							]
						},
						{
							"origin": [
								-2.5,
								30.8857,
								-8.47609
							],
							"size": [
								5,
								1.5,
								2
							],
							"pivot": [
								5,
								31,
								-6
							],
							"rotation": [
								85,
								0,
								0
							],
							"uv": [
								50,
								169
							]
						},
						{
							"origin": [
								-2.6,
								30.89331,
								-10.6504
							],
							"size": [
								3.1,
								2,
								2
							],
							"pivot": [
								5,
								31,
								-8
							],
							"rotation": [
								135,
								0,
								0
							],
							"uv": [
								75,
								174
							]
						},
						{
							"origin": [
								-0.5,
								30.89331,
								-10.6504
							],
							"size": [
								3.1,
								2,
								2
							],
							"pivot": [
								-5,
								31,
								-8
							],
							"rotation": [
								135,
								0,
								0
							],
							"uv": [
								75,
								174
							],
							"mirror": true
						},
						{
							"origin": [
								-0.1,
								28.77199,
								-10.94329
							],
							"size": [
								2.9,
								2,
								2
							],
							"pivot": [
								5,
								29,
								-9
							],
							"rotation": [
								152.5,
								0,
								0
							],
							"uv": [
								0,
								183
							]
						},
						{
							"origin": [
								-2.8,
								28.77199,
								-10.94329
							],
							"size": [
								2.9,
								2,
								2
							],
							"pivot": [
								-5,
								29,
								-9
							],
							"rotation": [
								152.5,
								0,
								0
							],
							"uv": [
								102,
								174
							]
						}
					]
				},
				{
					"name": "bone5",
					"parent": "bone4",
					"pivot": [
						5,
						26,
						-7
					],
					"cubes": [
						{
							"origin": [
								-3.5,
								26,
								-12
							],
							"size": [
								7,
								1,
								6
							],
							"pivot": [
								5,
								26,
								-7
							],
							"rotation": [
								32.5,
								0,
								0
							],
							"uv": [
								27,
								104
							]
						},
						{
							"origin": [
								-2.5,
								26.77592,
								-15.23121
							],
							"size": [
								5,
								2,
								8
							],
							"pivot": [
								5,
								28,
								-8
							],
							"rotation": [
								40,
								0,
								0
							],
							"uv": [
								77,
								88
							]
						},
						{
							"origin": [
								-2,
								24.5029,
								-23.23867
							],
							"size": [
								4,
								1,
								11
							],
							"pivot": [
								5,
								25,
								-12
							],
							"rotation": [
								35,
								0,
								0
							],
							"uv": [
								68,
								71
							]
						},
						{
							"origin": [
								-2.6,
								23.38098,
								-17.01454
							],
							"size": [
								3,
								1,
								6
							],
							"pivot": [
								5,
								23,
								-11
							],
							"rotation": [
								27.5,
								0,
								0
							],
							"uv": [
								0,
								131
							]
						},
						{
							"origin": [
								-0.4,
								23.38098,
								-17.01454
							],
							"size": [
								3,
								1,
								6
							],
							"pivot": [
								-5,
								23,
								-11
							],
							"rotation": [
								27.5,
								0,
								0
							],
							"uv": [
								65,
								114
							]
						},
						{
							"origin": [
								-2.5,
								23.38098,
								-23.01454
							],
							"size": [
								5,
								1,
								6
							],
							"pivot": [
								5,
								23,
								-11
							],
							"rotation": [
								27.5,
								0,
								0
							],
							"uv": [
								77,
								104
							]
						},
						{
							"origin": [
								-2,
								17.7368,
								-27.94867
							],
							"size": [
								4,
								1,
								6
							],
							"pivot": [
								5,
								18,
								-22
							],
							"rotation": [
								22.5,
								0,
								0
							],
							"uv": [
								0,
								122
							]
						},
						{
							"origin": [
								-1.5,
								15.21233,
								-31.25735
							],
							"size": [
								3,
								1,
								4
							],
							"pivot": [
								5,
								15,
								-28
							],
							"rotation": [
								17.5,
								0,
								0
							],
							"uv": [
								37,
								152
							]
						}
					]
				},
				{
					"name": "bone6",
					"parent": "bone4",
					"pivot": [
						0,
						25,
						-7
					],
					"rotation": [
						2.5,
						0,
						0
					],
					"cubes": [
						{
							"origin": [
								-3.2,
								23,
								-11
							],
							"size": [
								4,
								3,
								6
							],
							"pivot": [
								5,
								25,
								-7
							],
							"rotation": [
								40,
								0,
								0
							],
							"uv": [
								0,
								104
							]
						},
						{
							"origin": [
								-0.8,
								23,
								-11
							],
							"size": [
								4,
								3,
								6
							],
							"pivot": [
								-5,
								25,
								-7
							],
							"rotation": [
								40,
								0,
								0
							],
							"uv": [
								0,
								104
							],
							"mirror": true
						},
						{
							"origin": [
								-2.5,
								23.35721,
								-13.23396
							],
							"size": [
								5,
								2,
								5
							],
							"pivot": [
								5,
								25,
								-8
							],
							"rotation": [
								40,
								0,
								0
							],
							"uv": [
								0,
								114
							]
						},
						{
							"origin": [
								-3,
								20.49303,
								-11.36467
							],
							"size": [
								6,
								2,
								7
							],
							"pivot": [
								5,
								21,
								-11
							],
							"rotation": [
								5,
								0,
								0
							],
							"uv": [
								104,
								88
							]
						},
						{
							"origin": [
								-1.5,
								20.49303,
								-26.36467
							],
							"size": [
								3,
								1,
								15
							],
							"pivot": [
								5,
								21,
								-11
							],
							"rotation": [
								17.5,
								0,
								0
							],
							"uv": [
								0,
								71
							]
						},
						{
							"origin": [
								-1.5,
								15.75103,
								-30.55539
							],
							"size": [
								3,
								1,
								5
							],
							"pivot": [
								5,
								16,
								-26
							],
							"rotation": [
								17.5,
								0,
								0
							],
							"uv": [
								83,
								131
							]
						},
						{
							"origin": [
								-1.7,
								21.49303,
								-19.36467
							],
							"size": [
								1.9,
								1,
								8
							],
							"pivot": [
								5,
								21,
								-11
							],
							"rotation": [
								17.5,
								0,
								0
							],
							"uv": [
								119,
								104
							]
						},
						{
							"origin": [
								-0.2,
								21.49303,
								-19.36467
							],
							"size": [
								1.9,
								1,
								8
							],
							"pivot": [
								-5,
								21,
								-11
							],
							"rotation": [
								17.5,
								0,
								0
							],
							"uv": [
								100,
								104
							]
						},
						{
							"origin": [
								-2.4,
								22.28489,
								-23.01237
							],
							"size": [
								3,
								1,
								16
							],
							"pivot": [
								5,
								23,
								-12
							],
							"rotation": [
								25,
								0,
								0
							],
							"uv": [
								86,
								26
							]
						},
						{
							"origin": [
								-0.6,
								17.59024,
								-27.8362
							],
							"size": [
								2.3,
								1,
								6
							],
							"pivot": [
								-5,
								18,
								-22
							],
							"rotation": [
								20,
								0,
								0
							],
							"uv": [
								100,
								131
							]
						},
						{
							"origin": [
								-1.7,
								17.59024,
								-27.8362
							],
							"size": [
								2.3,
								1,
								6
							],
							"pivot": [
								5,
								18,
								-22
							],
							"rotation": [
								20,
								0,
								0
							],
							"uv": [
								100,
								131
							],
							"mirror": true
						},
						{
							"origin": [
								-0.6,
								22.28489,
								-23.01237
							],
							"size": [
								3,
								1,
								16
							],
							"pivot": [
								-5,
								23,
								-12
							],
							"rotation": [
								25,
								0,
								0
							],
							"uv": [
								47,
								26
							]
						}
					]
				},
				{
					"name": "bone7",
					"parent": "bone4",
					"pivot": [
						0,
						30,
						-7
					],
					"cubes": [
						{
							"origin": [
								-0.5,
								30,
								-9
							],
							"size": [
								1,
								4,
								3
							],
							"pivot": [
								5,
								30,
								-7
							],
							"rotation": [
								25,
								0,
								0
							],
							"uv": [
								38,
								174
							]
						},
						{
							"origin": [
								-0.9,
								33,
								-9
							],
							"size": [
								1.4,
								5,
								4
							],
							"pivot": [
								5,
								30,
								-7
							],
							"rotation": [
								-10,
								0,
								0
							],
							"uv": [
								0,
								152
							]
						},
						{
							"origin": [
								-0.5,
								33,
								-9
							],
							"size": [
								1.4,
								5,
								4
							],
							"pivot": [
								-5,
								30,
								-7
							],
							"rotation": [
								-10,
								0,
								0
							],
							"uv": [
								87,
								141
							]
						},
						{
							"origin": [
								-0.8,
								37.5854,
								-5.73889
							],
							"size": [
								1.3,
								6,
								2
							],
							"uv": [
								61,
								174
							]
						},
						{
							"origin": [
								-0.5,
								37.5854,
								-5.73889
							],
							"size": [
								1.3,
								6,
								2
							],
							"uv": [
								54,
								174
							]
						},
						{
							"origin": [
								-0.5,
								29.88712,
								-8.29022
							],
							"size": [
								1.5,
								4,
								4
							],
							"pivot": [
								-5,
								34,
								-6
							],
							"rotation": [
								-5,
								0,
								0
							],
							"uv": [
								0,
								163
							]
						},
						{
							"origin": [
								-1,
								29.88712,
								-8.29022
							],
							"size": [
								1.5,
								4,
								4
							],
							"pivot": [
								5,
								34,
								-6
							],
							"rotation": [
								-5,
								0,
								0
							],
							"uv": [
								92,
								152
							]
						},
						{
							"origin": [
								-0.6,
								33.43584,
								-10.45524
							],
							"size": [
								1,
								2,
								4
							],
							"pivot": [
								5,
								33,
								-9
							],
							"rotation": [
								25,
								0,
								0
							],
							"uv": [
								0,
								174
							]
						},
						{
							"origin": [
								-0.4,
								33.43584,
								-10.45524
							],
							"size": [
								1,
								2,
								4
							],
							"pivot": [
								-5,
								33,
								-9
							],
							"rotation": [
								25,
								0,
								0
							],
							"uv": [
								78,
								163
							]
						},
						{
							"origin": [
								-0.5,
								34.26168,
								-11.15893
							],
							"size": [
								1,
								2,
								5
							],
							"pivot": [
								4,
								34,
								-12
							],
							"rotation": [
								10,
								0,
								0
							],
							"uv": [
								24,
								152
							]
						},
						{
							"origin": [
								-0.4,
								36.29206,
								-11.50623
							],
							"size": [
								1,
								2,
								5
							],
							"pivot": [
								5,
								36,
								-12
							],
							"rotation": [
								-2.5,
								0,
								0
							],
							"uv": [
								11,
								152
							]
						},
						{
							"origin": [
								-0.6,
								36.29206,
								-11.50623
							],
							"size": [
								1,
								2,
								5
							],
							"pivot": [
								-5,
								36,
								-12
							],
							"rotation": [
								-2.5,
								0,
								0
							],
							"uv": [
								74,
								141
							]
						},
						{
							"origin": [
								-0.7,
								37.88457,
								-7.77637
							],
							"size": [
								1.2,
								4,
								3
							],
							"pivot": [
								5,
								41,
								-8
							],
							"rotation": [
								-22.5,
								0,
								0
							],
							"uv": [
								29,
								174
							]
						},
						{
							"origin": [
								-0.5,
								37.88457,
								-7.77637
							],
							"size": [
								1.2,
								4,
								3
							],
							"pivot": [
								-5,
								41,
								-8
							],
							"rotation": [
								-22.5,
								0,
								0
							],
							"uv": [
								20,
								174
							]
						},
						{
							"origin": [
								-0.5,
								38.29397,
								-11.41899
							],
							"size": [
								1,
								2,
								5
							],
							"pivot": [
								5,
								38,
								-12
							],
							"rotation": [
								-25,
								0,
								0
							],
							"uv": [
								98,
								141
							]
						},
						{
							"origin": [
								-0.6,
								40.05873,
								-10.48006
							],
							"size": [
								1.1,
								6,
								2
							],
							"pivot": [
								5,
								40,
								-11
							],
							"rotation": [
								-52.5,
								0,
								0
							],
							"uv": [
								68,
								174
							]
						},
						{
							"origin": [
								-0.5,
								40.05873,
								-10.48006
							],
							"size": [
								1.1,
								6,
								2
							],
							"pivot": [
								-5,
								40,
								-11
							],
							"rotation": [
								-52.5,
								0,
								0
							],
							"uv": [
								47,
								174
							]
						}
					]
				},
				{
					"name": "bone8",
					"parent": "bone2",
					"pivot": [
						-4,
						18,
						1
					],
					"rotation": [
						0,
						0,
						5
					],
					"cubes": [
						{
							"origin": [
								-5,
								12,
								0
							],
							"size": [
								2,
								7,
								3
							],
							"uv": [
								11,
								141
							]
						},
						{
							"origin": [
								-4.5,
								12,
								3
							],
							"size": [
								1,
								7,
								3
							],
							"uv": [
								83,
								152
							]
						}
					]
				},
				{
					"name": "bone9",
					"parent": "bone8",
					"pivot": [
						-4,
						14,
						1
					],
					"cubes": [
						{
							"origin": [
								-5,
								12,
								-8
							],
							"size": [
								2,
								3,
								11
							],
							"pivot": [
								-4,
								14,
								1
							],
							"rotation": [
								7.52832,
								-4.95712,
								-0.65426
							],
							"uv": [
								0,
								88
							]
						},
						{
							"origin": [
								-4.5,
								8,
								-8
							],
							"size": [
								1,
								4,
								11
							],
							"pivot": [
								-4,
								14,
								1
							],
							"rotation": [
								7.52832,
								-4.95712,
								-0.65426
							],
							"uv": [
								52,
								88
							]
						}
					]
				},
				{
					"name": "bone10",
					"parent": "bone9",
					"pivot": [
						-4,
						13,
						-7
					],
					"cubes": [
						{
							"origin": [
								-4.3,
								0,
								-8
							],
							"size": [
								2,
								13,
								3
							],
							"pivot": [
								-4,
								13,
								-7
							],
							"rotation": [
								-19.9299,
								-1.70818,
								-4.69986
							],
							"uv": [
								54,
								114
							]
						},
						{
							"origin": [
								-4.3,
								1,
								-5
							],
							"size": [
								1,
								12,
								4
							],
							"pivot": [
								-4,
								13,
								-7
							],
							"rotation": [
								-19.9299,
								-1.70818,
								-4.69986
							],
							"uv": [
								43,
								114
							]
						}
					]
				},
				{
					"name": "bone11",
					"parent": "bone10",
					"pivot": [
						-4,
						0,
						-11
					],
					"cubes": [
						{
							"origin": [
								-4,
								0,
								-12
							],
							"size": [
								3,
								1,
								5
							],
							"pivot": [
								-4,
								0,
								-11
							],
							"rotation": [
								0,
								-17.5,
								0
							],
							"uv": [
								66,
								131
							]
						}
					]
				},
				{
					"name": "bone12",
					"parent": "bone10",
					"pivot": [
						-4,
						2,
						-9
					],
					"cubes": [
						{
							"origin": [
								-4,
								1,
								-10
							],
							"size": [
								2,
								2,
								16
							],
							"pivot": [
								-4,
								2,
								-9
							],
							"rotation": [
								35.93866,
								-12.2403,
								-8.73739
							],
							"uv": [
								107,
								50
							]
						},
						{
							"origin": [
								-3.5,
								3,
								-10
							],
							"size": [
								1,
								4,
								16
							],
							"pivot": [
								-4,
								2,
								-9
							],
							"rotation": [
								35.93866,
								-12.2403,
								-8.73739
							],
							"uv": [
								72,
								50
							]
						}
					]
				},
				{
					"name": "bone13",
					"parent": "bone12",
					"pivot": [
						-7,
						10,
						3
					],
					"cubes": [
						{
							"origin": [
								-8,
								9,
								3
							],
							"size": [
								2,
								2,
								21
							],
							"pivot": [
								-7,
								10,
								3
							],
							"rotation": [
								57.5,
								0,
								0
							],
							"uv": [
								0,
								26
							]
						},
						{
							"origin": [
								-7,
								11,
								3
							],
							"size": [
								1,
								4,
								21
							],
							"pivot": [
								-7,
								10,
								3
							],
							"rotation": [
								57.5,
								0,
								0
							],
							"uv": [
								92,
								0
							]
						}
					]
				},
				{
					"name": "bone20",
					"parent": "bone2",
					"pivot": [
						4,
						18,
						1
					],
					"rotation": [
						0,
						0,
						-5
					],
					"cubes": [
						{
							"origin": [
								3,
								12,
								0
							],
							"size": [
								2,
								7,
								3
							],
							"uv": [
								0,
								141
							]
						},
						{
							"origin": [
								3.5,
								12,
								3
							],
							"size": [
								1,
								7,
								3
							],
							"uv": [
								52,
								152
							]
						}
					]
				},
				{
					"name": "bone21",
					"parent": "bone20",
					"pivot": [
						4,
						14,
						1
					],
					"cubes": [
						{
							"origin": [
								3,
								12,
								-8
							],
							"size": [
								2,
								3,
								11
							],
							"pivot": [
								4,
								14,
								1
							],
							"rotation": [
								7.52832,
								4.95712,
								0.65426
							],
							"uv": [
								99,
								71
							]
						},
						{
							"origin": [
								3.5,
								8,
								-8
							],
							"size": [
								1,
								4,
								11
							],
							"pivot": [
								4,
								14,
								1
							],
							"rotation": [
								7.52832,
								4.95712,
								0.65426
							],
							"uv": [
								27,
								88
							]
						}
					]
				},
				{
					"name": "bone22",
					"parent": "bone21",
					"pivot": [
						4,
						13,
						-7
					],
					"cubes": [
						{
							"origin": [
								2.3,
								0,
								-8
							],
							"size": [
								2,
								13,
								3
							],
							"pivot": [
								4,
								13,
								-7
							],
							"rotation": [
								-19.9299,
								1.70818,
								4.69986
							],
							"uv": [
								32,
								114
							]
						},
						{
							"origin": [
								3.3,
								1,
								-5
							],
							"size": [
								1,
								12,
								4
							],
							"pivot": [
								4,
								13,
								-7
							],
							"rotation": [
								-19.9299,
								1.70818,
								4.69986
							],
							"uv": [
								21,
								114
							]
						}
					]
				},
				{
					"name": "bone23",
					"parent": "bone22",
					"pivot": [
						4,
						0,
						-11
					],
					"cubes": [
						{
							"origin": [
								1,
								0,
								-12
							],
							"size": [
								3,
								1,
								5
							],
							"pivot": [
								4,
								0,
								-11
							],
							"rotation": [
								0,
								17.5,
								0
							],
							"uv": [
								49,
								131
							]
						}
					]
				},
				{
					"name": "bone24",
					"parent": "bone22",
					"pivot": [
						4,
						2,
						-9
					],
					"cubes": [
						{
							"origin": [
								2,
								1,
								-10
							],
							"size": [
								2,
								2,
								16
							],
							"pivot": [
								4,
								2,
								-9
							],
							"rotation": [
								35.93866,
								12.2403,
								8.73739
							],
							"uv": [
								35,
								50
							]
						},
						{
							"origin": [
								2.5,
								3,
								-10
							],
							"size": [
								1,
								4,
								16
							],
							"pivot": [
								4,
								2,
								-9
							],
							"rotation": [
								35.93866,
								12.2403,
								8.73739
							],
							"uv": [
								0,
								50
							]
						}
					]
				},
				{
					"name": "bone25",
					"parent": "bone24",
					"pivot": [
						7,
						10,
						3
					],
					"cubes": [
						{
							"origin": [
								6,
								9,
								3
							],
							"size": [
								2,
								2,
								21
							],
							"pivot": [
								7,
								10,
								3
							],
							"rotation": [
								57.5,
								0,
								0
							],
							"uv": [
								45,
								0
							]
						},
						{
							"origin": [
								6,
								11,
								3
							],
							"size": [
								1,
								4,
								21
							],
							"pivot": [
								7,
								10,
								3
							],
							"rotation": [
								57.5,
								0,
								0
							],
							"uv": [
								0,
								0
							]
						}
					]
				},
				{
					"name": "bone14",
					"pivot": [
						-4,
						10,
						4
					],
					"cubes": [
						{
							"origin": [
								-5,
								7,
								2
							],
							"size": [
								2,
								5,
								3
							],
							"pivot": [
								-4,
								10,
								4
							],
							"rotation": [
								-10,
								0,
								0
							],
							"uv": [
								72,
								152
							]
						}
					]
				},
				{
					"name": "bone15",
					"parent": "bone14",
					"pivot": [
						-4,
						7,
						4
					],
					"cubes": [
						{
							"origin": [
								-4.9,
								0,
								2
							],
							"size": [
								1.9,
								8,
								2
							],
							"pivot": [
								-4,
								7,
								4
							],
							"rotation": [
								15,
								0,
								0
							],
							"uv": [
								96,
								163
							]
						}
					]
				},
				{
					"name": "bone16",
					"parent": "bone15",
					"pivot": [
						-4,
						1,
						4
					],
					"cubes": [
						{
							"origin": [
								-5,
								0,
								1
							],
							"size": [
								2,
								1,
								4
							],
							"uv": [
								24,
								163
							]
						}
					]
				},
				{
					"name": "bone17",
					"pivot": [
						4,
						10,
						4
					],
					"cubes": [
						{
							"origin": [
								3,
								7,
								2
							],
							"size": [
								2,
								5,
								3
							],
							"pivot": [
								4,
								10,
								4
							],
							"rotation": [
								-10,
								0,
								0
							],
							"uv": [
								61,
								152
							]
						}
					]
				},
				{
					"name": "bone18",
					"parent": "bone17",
					"pivot": [
						4,
						7,
						4
					],
					"cubes": [
						{
							"origin": [
								3,
								0,
								2
							],
							"size": [
								1.9,
								8,
								2
							],
							"pivot": [
								4,
								7,
								4
							],
							"rotation": [
								15,
								0,
								0
							],
							"uv": [
								89,
								163
							]
						}
					]
				},
				{
					"name": "bone19",
					"parent": "bone18",
					"pivot": [
						4,
						1,
						4
					],
					"cubes": [
						{
							"origin": [
								3,
								0,
								1
							],
							"size": [
								2,
								1,
								4
							],
							"uv": [
								11,
								163
							]
						}
					]
				}
			]
		}
	]
}