{
	"format_version": "1.12.0",
	"minecraft:geometry": [
		{
			"description": {
				"identifier": "geometry.macroplata",
				"texture_width": 256,
				"texture_height": 256,
				"visible_bounds_width": 12,
				"visible_bounds_height": 4.5,
				"visible_bounds_offset": [0, 1.75, 0]
			},
			"bones": [
				{
					"name": "Macroplata",
					"pivot": [0, 27, -11]
				},
				{
					"name": "Body",
					"parent": "Macroplata",
					"pivot": [0, 27, -11]
				},
				{
					"name": "bone",
					"parent": "Body",
					"pivot": [0, 27, -11],
					"cubes": [
						{
							"origin": [-9, 26, -37],
							"size": [18, 11, 24],
							"pivot": [0, 27, -11],
							"rotation": [2.46216, 0, 0],
							"uv": {
								"north": {"uv": [62, 63], "uv_size": [18, 11]},
								"east": {"uv": [48, 41], "uv_size": [24, 11]},
								"south": {"uv": [67, 0], "uv_size": [18, 11]},
								"west": {"uv": [49, 17], "uv_size": [24, 11]},
								"up": {"uv": [0, 0], "uv_size": [18, 24]},
								"down": {"uv": [18, 24], "uv_size": [18, -24]}
							}
						},
						{
							"origin": [-8.5, 12, -33],
							"size": [17, 8, 11],
							"pivot": [0, 27, -11],
							"rotation": [-27.53784, 0, 0],
							"uv": {
								"north": {"uv": [0, 103], "uv_size": [17, 8]},
								"east": {"uv": [117, 0], "uv_size": [11, 8]},
								"south": {"uv": [103, 29], "uv_size": [17, 8]},
								"west": {"uv": [117, 60], "uv_size": [11, 8]},
								"up": {"uv": [22, 77], "uv_size": [17, 11]},
								"down": {"uv": [80, 74], "uv_size": [17, -11]}
							}
						},
						{
							"origin": [-8, 11.93928, -21.63778],
							"size": [16, 19, 10],
							"pivot": [0, 26.93928, -12.63778],
							"rotation": [-32.53784, 0, 0],
							"uv": {
								"north": {"uv": [0, 24], "uv_size": [16, 19]},
								"east": {"uv": [72, 74], "uv_size": [10, 19]},
								"south": {"uv": [16, 24], "uv_size": [16, 19]},
								"west": {"uv": [12, 75], "uv_size": [10, 19]},
								"up": {"uv": [85, 0], "uv_size": [16, 10]},
								"down": {"uv": [54, 96], "uv_size": [16, -10]}
							}
						},
						{
							"origin": [-7, 13.96138, -18.5338],
							"size": [14, 15, 10],
							"pivot": [0, 28.96138, -21.5338],
							"rotation": [-5.03784, 0, 0],
							"uv": {
								"north": {"uv": [53, 0], "uv_size": [14, 15]},
								"east": {"uv": [51, 96], "uv_size": [10, 15]},
								"south": {"uv": [12, 60], "uv_size": [14, 15]},
								"west": {"uv": [97, 61], "uv_size": [10, 15]},
								"up": {"uv": [17, 101], "uv_size": [14, 10]},
								"down": {"uv": [101, 29], "uv_size": [14, -10]}
							}
						},
						{
							"origin": [-7.5, 11.52406, -11.14247],
							"size": [15, 8, 10],
							"pivot": [0, 26.52406, -26.14247],
							"rotation": [4.96216, 0, 0],
							"uv": {
								"north": {"uv": [10, 111], "uv_size": [15, 8]},
								"east": {"uv": [119, 123], "uv_size": [10, 8]},
								"south": {"uv": [43, 111], "uv_size": [15, 8]},
								"west": {"uv": [0, 124], "uv_size": [10, 8]},
								"up": {"uv": [95, 76], "uv_size": [15, 10]},
								"down": {"uv": [100, 96], "uv_size": [15, -10]}
							}
						},
						{
							"origin": [-6, 6.52146, -2.92993],
							"size": [12, 11, 19],
							"pivot": [0, 21.52146, -28.92993],
							"rotation": [14.96216, 0, 0],
							"uv": {
								"north": {"uv": [103, 37], "uv_size": [12, 11]},
								"east": {"uv": [49, 28], "uv_size": [19, 11]},
								"south": {"uv": [31, 104], "uv_size": [12, 11]},
								"west": {"uv": [62, 52], "uv_size": [19, 11]},
								"up": {"uv": [30, 58], "uv_size": [12, 19]},
								"down": {"uv": [0, 79], "uv_size": [12, -19]}
							}
						},
						{
							"origin": [-8.5, 19.66289, -13.84804],
							"size": [17, 17, 9],
							"pivot": [0.05499, 34.48029, -12.32388],
							"rotation": [-5.03055, 0, 0],
							"uv": {
								"north": {"uv": [32, 24], "uv_size": [17, 17]},
								"east": {"uv": [82, 88], "uv_size": [9, 17]},
								"south": {"uv": [36, 0], "uv_size": [17, 17]},
								"west": {"uv": [91, 88], "uv_size": [9, 17]},
								"up": {"uv": [89, 10], "uv_size": [17, 9]},
								"down": {"uv": [0, 103], "uv_size": [17, -9]}
							}
						},
						{
							"origin": [-8, 21.00828, -4.99561],
							"size": [16, 17, 9],
							"pivot": [0.05499, 35.82568, -12.47146],
							"rotation": [-15.00051, 0, 0],
							"uv": {
								"north": {"uv": [32, 41], "uv_size": [16, 17]},
								"east": {"uv": [70, 93], "uv_size": [9, 17]},
								"south": {"uv": [0, 43], "uv_size": [16, 17]},
								"west": {"uv": [94, 35], "uv_size": [9, 17]},
								"up": {"uv": [100, 96], "uv_size": [16, 9]},
								"down": {"uv": [101, 9], "uv_size": [16, -9]}
							}
						},
						{
							"origin": [-7, 30.75813, 4.35068],
							"size": [14, 9, 17],
							"pivot": [0.05499, 37.57553, -11.12517],
							"rotation": [-22.50051, 0, 0],
							"uv": {
								"north": {"uv": [106, 9], "uv_size": [14, 9]},
								"east": {"uv": [94, 52], "uv_size": [17, 9]},
								"south": {"uv": [110, 74], "uv_size": [14, 9]},
								"west": {"uv": [34, 95], "uv_size": [17, 9]},
								"up": {"uv": [16, 43], "uv_size": [14, 17]},
								"down": {"uv": [48, 69], "uv_size": [14, -17]}
							}
						}
					]
				},
				{
					"name": "Neck",
					"parent": "bone",
					"pivot": [0, 31, -37]
				},
				{
					"name": "bone2",
					"parent": "Neck",
					"pivot": [0, 29, -36],
					"cubes": [
						{
							"origin": [-8, 28.38326, -44.67693],
							"size": [16, 7, 12],
							"pivot": [0, 34.07785, -34.7377],
							"rotation": [-10, 0, 0],
							"uv": {
								"north": {"uv": [115, 18], "uv_size": [16, 7]},
								"east": {"uv": [36, 17], "uv_size": [12, 7]},
								"south": {"uv": [115, 37], "uv_size": [16, 7]},
								"west": {"uv": [81, 56], "uv_size": [12, 7]},
								"up": {"uv": [73, 11], "uv_size": [16, 12]},
								"down": {"uv": [56, 86], "uv_size": [16, -12]}
							}
						},
						{
							"origin": [-7.5, 21.99, -40.84372],
							"size": [15, 5, 12],
							"pivot": [0, 37.67741, -29.90449],
							"rotation": [-27.5, 0, 0],
							"uv": {
								"north": {"uv": [127, 86], "uv_size": [15, 5]},
								"east": {"uv": [73, 23], "uv_size": [12, 5]},
								"south": {"uv": [127, 91], "uv_size": [15, 5]},
								"west": {"uv": [129, 123], "uv_size": [12, 5]},
								"up": {"uv": [39, 83], "uv_size": [15, 12]},
								"down": {"uv": [86, 35], "uv_size": [15, -12]}
							}
						}
					]
				},
				{
					"name": "bone3",
					"parent": "bone2",
					"pivot": [0, 33, -46],
					"cubes": [
						{
							"origin": [-7, 31.76946, -54.59641],
							"size": [14, 6, 14],
							"pivot": [0, 36.46405, -46.65718],
							"rotation": [-17.5, 0, 0],
							"uv": {
								"north": {"uv": [117, 68], "uv_size": [14, 6]},
								"east": {"uv": [10, 119], "uv_size": [14, 6]},
								"south": {"uv": [42, 119], "uv_size": [14, 6]},
								"west": {"uv": [119, 117], "uv_size": [14, 6]},
								"up": {"uv": [42, 69], "uv_size": [14, 14]},
								"down": {"uv": [72, 42], "uv_size": [14, -14]}
							}
						},
						{
							"origin": [-6.5, 28.99, -54.59641],
							"size": [13, 6, 14],
							"pivot": [0, 36.46405, -46.65718],
							"rotation": [-20, 0, 0],
							"uv": {
								"north": {"uv": [120, 31], "uv_size": [13, 6]},
								"east": {"uv": [120, 8], "uv_size": [14, 6]},
								"south": {"uv": [123, 111], "uv_size": [13, 6]},
								"west": {"uv": [120, 25], "uv_size": [14, 6]},
								"up": {"uv": [81, 42], "uv_size": [13, 14]},
								"down": {"uv": [82, 88], "uv_size": [13, -14]}
							}
						}
					]
				},
				{
					"name": "bone4",
					"parent": "bone3",
					"pivot": [0, 35, -55],
					"cubes": [
						{
							"origin": [-6, 34.31322, -65.6],
							"size": [12, 6, 13.1],
							"pivot": [0, 37.40413, -55.02853],
							"rotation": [-15, 0, 0],
							"uv": {
								"north": {"uv": [128, 0], "uv_size": [12, 6]},
								"east": {"uv": [124, 74], "uv_size": [13, 6]},
								"south": {"uv": [128, 59], "uv_size": [12, 6]},
								"west": {"uv": [10, 125], "uv_size": [13, 6]},
								"up": {"uv": [0, 79], "uv_size": [12, 13]},
								"down": {"uv": [22, 101], "uv_size": [12, -13]}
							}
						},
						{
							"origin": [-5, 32.31322, -65.57385],
							"size": [10, 6, 13],
							"pivot": [0, 37.40413, -55.02853],
							"rotation": [-15, 0, 0],
							"uv": {
								"north": {"uv": [129, 128], "uv_size": [10, 6]},
								"east": {"uv": [42, 125], "uv_size": [13, 6]},
								"south": {"uv": [23, 130], "uv_size": [10, 6]},
								"west": {"uv": [127, 80], "uv_size": [13, 6]},
								"up": {"uv": [103, 105], "uv_size": [10, 13]},
								"down": {"uv": [107, 74], "uv_size": [10, -13]}
							}
						}
					]
				},
				{
					"name": "Head",
					"parent": "bone4",
					"pivot": [0, 40, -67]
				},
				{
					"name": "bone8",
					"parent": "Head",
					"pivot": [0, 40, -67],
					"cubes": [
						{
							"origin": [-4.5, 40.19611, -75.24591],
							"size": [9, 4, 5],
							"pivot": [4, 42.19611, -63.24591],
							"rotation": [10, 0, 0],
							"uv": {
								"north": {"uv": [140, 0], "uv_size": [9, 4]},
								"east": {"uv": [115, 25], "uv_size": [5, 4]},
								"south": {"uv": [140, 59], "uv_size": [9, 4]},
								"west": {"uv": [152, 92], "uv_size": [5, 4]},
								"up": {"uv": [126, 134], "uv_size": [9, 5]},
								"down": {"uv": [135, 139], "uv_size": [9, -5]}
							}
						},
						{
							"origin": [-4, 40.12628, -83.43879],
							"size": [8, 2, 8],
							"pivot": [4, 42.21006, -75.25649],
							"rotation": [12.5, 0, 0],
							"uv": {
								"north": {"uv": [63, 39], "uv_size": [8, 2]},
								"east": {"uv": [72, 50], "uv_size": [8, 2]},
								"south": {"uv": [22, 75], "uv_size": [8, 2]},
								"west": {"uv": [0, 92], "uv_size": [8, 2]},
								"up": {"uv": [72, 42], "uv_size": [8, 8]},
								"down": {"uv": [129, 104], "uv_size": [8, -8]}
							}
						},
						{
							"origin": [-3.5, 42.41529, -88.72317],
							"size": [7, 1, 5],
							"pivot": [4, 43.49907, -73.54086],
							"rotation": [17.5, 0, 0],
							"uv": {
								"north": {"uv": [106, 18], "uv_size": [7, 1]},
								"east": {"uv": [34, 94], "uv_size": [5, 1]},
								"south": {"uv": [61, 109], "uv_size": [7, 1]},
								"west": {"uv": [17, 100], "uv_size": [5, 1]},
								"up": {"uv": [142, 82], "uv_size": [7, 5]},
								"down": {"uv": [142, 92], "uv_size": [7, -5]}
							}
						},
						{
							"origin": [-3, 48.15525, -92.7671],
							"size": [6, 1, 1],
							"pivot": [4, 49.23902, -75.5848],
							"rotation": [39.6264, 0, 0],
							"uv": {
								"north": {"uv": [111, 60], "uv_size": [6, 1]},
								"east": {"uv": [30, 57], "uv_size": [1, 1]},
								"south": {"uv": [131, 73], "uv_size": [6, 1]},
								"west": {"uv": [31, 57], "uv_size": [1, 1]},
								"up": {"uv": [142, 103], "uv_size": [6, 1]},
								"down": {"uv": [146, 100], "uv_size": [6, -1]}
							}
						},
						{
							"origin": [-3.15, 37.19107, -88.78457],
							"size": [6.3, 1, 7],
							"pivot": [3.94529, 35.27485, -84.60227],
							"rotation": [-0.3736, 0, 0],
							"uv": {
								"north": {"uv": [143, 72], "uv_size": [6.25, 1]},
								"east": {"uv": [133, 36], "uv_size": [7, 1]},
								"south": {"uv": [150, 8], "uv_size": [6.25, 1]},
								"west": {"uv": [133, 122], "uv_size": [7, 1]},
								"up": {"uv": [86, 35], "uv_size": [6.25, 7]},
								"down": {"uv": [43, 111], "uv_size": [6.25, -7]}
							}
						},
						{
							"origin": [-3, 37.46496, -86.89657],
							"size": [6, 1.7, 5],
							"pivot": [3.94529, 38.27485, -85.60227],
							"rotation": [7.1264, 0, 0],
							"uv": {
								"north": {"uv": [128, 6], "uv_size": [6, 1.75]},
								"east": {"uv": [155, 88], "uv_size": [5, 1.75]},
								"south": {"uv": [154, 30], "uv_size": [6, 1.75]},
								"west": {"uv": [155, 90], "uv_size": [5, 1.75]},
								"up": {"uv": [56, 69], "uv_size": [6, 5]},
								"down": {"uv": [143, 41], "uv_size": [6, -5]}
							}
						},
						{
							"origin": [-3.5, 36.87097, -81.60514],
							"size": [7, 3, 12],
							"pivot": [3.94529, 34.95475, -85.42283],
							"rotation": [4.6264, 0, 0],
							"uv": {
								"north": {"uv": [116, 102], "uv_size": [7, 3]},
								"east": {"uv": [64, 140], "uv_size": [12, 3]},
								"south": {"uv": [149, 60], "uv_size": [7, 3]},
								"west": {"uv": [140, 79], "uv_size": [12, 3]},
								"up": {"uv": [102, 118], "uv_size": [7, 12]},
								"down": {"uv": [121, 56], "uv_size": [7, -12]}
							}
						},
						{
							"origin": [2.59, 35.87097, -86.60514],
							"size": [0, 2, 14],
							"pivot": [3.94529, 34.95475, -85.42283],
							"rotation": [4.6264, 0, 0],
							"uv": {
								"north": {"uv": [0, 0], "uv_size": [0, 2]},
								"east": {"uv": [49, 39], "uv_size": [14, 2]},
								"south": {"uv": [0, 0], "uv_size": [0, 2]},
								"west": {"uv": [53, 15], "uv_size": [14, 2]},
								"up": {"uv": [0, 0], "uv_size": [0, 14]},
								"down": {"uv": [0, 14], "uv_size": [0, -14]}
							}
						},
						{
							"origin": [-2.52, 35.87097, -86.60514],
							"size": [0, 2, 14],
							"pivot": [3.94529, 34.95475, -85.42283],
							"rotation": [4.6264, 0, 0],
							"uv": {
								"north": {"uv": [0, 0], "uv_size": [0, 2]},
								"east": {"uv": [143, 119], "uv_size": [14, 2]},
								"south": {"uv": [0, 0], "uv_size": [0, 2]},
								"west": {"uv": [144, 9], "uv_size": [14, 2]},
								"up": {"uv": [0, 0], "uv_size": [0, 14]},
								"down": {"uv": [0, 14], "uv_size": [0, -14]}
							}
						},
						{
							"origin": [-5, 37.95019, -70.48686],
							"size": [10, 5, 6],
							"uv": {
								"north": {"uv": [133, 117], "uv_size": [10, 5]},
								"east": {"uv": [68, 143], "uv_size": [6, 5]},
								"south": {"uv": [134, 6], "uv_size": [10, 5]},
								"west": {"uv": [143, 111], "uv_size": [6, 5]},
								"up": {"uv": [102, 130], "uv_size": [10, 6]},
								"down": {"uv": [10, 137], "uv_size": [10, -6]}
							}
						}
					]
				},
				{
					"name": "Jaw",
					"parent": "bone8",
					"pivot": [0, 36, -66]
				},
				{
					"name": "bone9",
					"parent": "Jaw",
					"pivot": [0, 37, -65],
					"rotation": [2, 0, 0],
					"cubes": [
						{
							"origin": [-2.5, 35.24457, -84.04267],
							"size": [5, 3.3, 19],
							"pivot": [0, 36.04457, -66.04267],
							"rotation": [-2.5, 0, 0],
							"uv": {
								"north": {"uv": [153, 140], "uv_size": [5, 3.25]},
								"east": {"uv": [120, 14], "uv_size": [19, 3.25]},
								"south": {"uv": [154, 26], "uv_size": [5, 3.25]},
								"west": {"uv": [129, 104], "uv_size": [19, 3.25]},
								"up": {"uv": [79, 116], "uv_size": [5, 19]},
								"down": {"uv": [116, 102], "uv_size": [5, -19]}
							}
						},
						{
							"origin": [-1.5, 37.24457, -87.04267],
							"size": [0, 1.8, 14],
							"pivot": [0, 36.04457, -66.04267],
							"rotation": [-2.5, 0, 0],
							"uv": {
								"north": {"uv": [0, 0], "uv_size": [0, 1.75]},
								"east": {"uv": [146, 97], "uv_size": [14, 1.75]},
								"south": {"uv": [0, 0], "uv_size": [0, 1.75]},
								"west": {"uv": [147, 11], "uv_size": [14, 1.75]},
								"up": {"uv": [0, 0], "uv_size": [0, 14]},
								"down": {"uv": [0, 14], "uv_size": [0, -14]}
							}
						},
						{
							"origin": [1.5, 37.24457, -87.04267],
							"size": [0, 1.8, 14],
							"pivot": [0, 36.04457, -66.04267],
							"rotation": [-2.5, 0, 0],
							"uv": {
								"north": {"uv": [0, 0], "uv_size": [0, 1.75]},
								"east": {"uv": [147, 41], "uv_size": [14, 1.75]},
								"south": {"uv": [0, 0], "uv_size": [0, 1.75]},
								"west": {"uv": [147, 43], "uv_size": [14, 1.75]},
								"up": {"uv": [0, 0], "uv_size": [0, 14]},
								"down": {"uv": [0, 14], "uv_size": [0, -14]}
							}
						},
						{
							"origin": [-2.4, 37.24457, -72.04267],
							"size": [1, 5.3, 7],
							"pivot": [0, 36.04457, -66.04267],
							"rotation": [-2.5, 0, 0],
							"uv": {
								"north": {"uv": [93, 155], "uv_size": [1, 5.25]},
								"east": {"uv": [123, 139], "uv_size": [7, 5.25]},
								"south": {"uv": [94, 155], "uv_size": [1, 5.25]},
								"west": {"uv": [139, 128], "uv_size": [7, 5.25]},
								"up": {"uv": [48, 17], "uv_size": [1, 7]},
								"down": {"uv": [93, 42], "uv_size": [1, -7]}
							}
						},
						{
							"origin": [1.4, 37.24457, -72.04267],
							"size": [1, 5.3, 7],
							"pivot": [0, 36.04457, -66.04267],
							"rotation": [-2.5, 0, 0],
							"uv": {
								"north": {"uv": [103, 155], "uv_size": [1, 5.25]},
								"east": {"uv": [130, 139], "uv_size": [7, 5.25]},
								"south": {"uv": [104, 155], "uv_size": [1, 5.25]},
								"west": {"uv": [137, 139], "uv_size": [7, 5.25]},
								"up": {"uv": [93, 56], "uv_size": [1, 7]},
								"down": {"uv": [50, 111], "uv_size": [1, -7]}
							}
						},
						{
							"origin": [-2, 32.76048, -87.16989],
							"size": [4, 2.3, 3],
							"pivot": [0, 33.56048, -59.16989],
							"rotation": [-7.5, 0, 0],
							"uv": {
								"north": {"uv": [155, 55], "uv_size": [4, 2.25]},
								"east": {"uv": [31, 101], "uv_size": [3, 2.25]},
								"south": {"uv": [155, 63], "uv_size": [4, 2.25]},
								"west": {"uv": [124, 80], "uv_size": [3, 2.25]},
								"up": {"uv": [64, 137], "uv_size": [4, 3]},
								"down": {"uv": [155, 51], "uv_size": [4, -3]}
							}
						},
						{
							"origin": [-1.5, 31.66064, -87.61145],
							"size": [3, 2.3, 1],
							"pivot": [0, 36.46064, -59.61145],
							"rotation": [-10, 0, 0],
							"uv": {
								"north": {"uv": [128, 65], "uv_size": [3, 2.25]},
								"east": {"uv": [77, 143], "uv_size": [1, 2.25]},
								"south": {"uv": [126, 131], "uv_size": [3, 2.25]},
								"west": {"uv": [81, 146], "uv_size": [1, 2.25]},
								"up": {"uv": [51, 95], "uv_size": [3, 1]},
								"down": {"uv": [117, 9], "uv_size": [3, -1]}
							}
						},
						{
							"origin": [-1.25, 11.71052, -96.5574],
							"size": [2.5, 1.3, 1],
							"pivot": [0, 16.51052, -66.5574],
							"rotation": [-52.5, 0, 0],
							"uv": {
								"north": {"uv": [140, 63], "uv_size": [2.5, 1.25]},
								"east": {"uv": [71, 39], "uv_size": [1, 1.25]},
								"south": {"uv": [120, 147], "uv_size": [2.5, 1.25]},
								"west": {"uv": [85, 26], "uv_size": [1, 1.25]},
								"up": {"uv": [149, 40], "uv_size": [2.5, 1]},
								"down": {"uv": [149, 116], "uv_size": [2.5, -1]}
							}
						},
						{
							"origin": [-1.15, 36.9003, -89.30296],
							"size": [2.3, 1.3, 1.3],
							"pivot": [0, 37.50123, -88.03698],
							"rotation": [-92.5, 0, 0],
							"uv": {
								"north": {"uv": [151, 70], "uv_size": [2.25, 1.25]},
								"east": {"uv": [131, 42], "uv_size": [1.25, 1.25]},
								"south": {"uv": [109, 151], "uv_size": [2.25, 1.25]},
								"west": {"uv": [16, 149], "uv_size": [1.25, 1.25]},
								"up": {"uv": [105, 155], "uv_size": [2.25, 1.25]},
								"down": {"uv": [155, 112.25], "uv_size": [2.25, -1.25]}
							}
						}
					]
				},
				{
					"name": "Tail",
					"parent": "bone",
					"pivot": [0, 22, 17]
				},
				{
					"name": "bone5",
					"parent": "Tail",
					"pivot": [0, 23, 18],
					"cubes": [
						{
							"origin": [-6, 22.90726, 11.49709],
							"size": [12, 5, 11],
							"pivot": [0.05499, 9.90726, 14.49709],
							"rotation": [-20, 0, 0],
							"uv": {
								"north": {"uv": [131, 18], "uv_size": [12, 5]},
								"east": {"uv": [133, 31], "uv_size": [11, 5]},
								"south": {"uv": [131, 37], "uv_size": [12, 5]},
								"west": {"uv": [133, 42], "uv_size": [11, 5]},
								"up": {"uv": [79, 105], "uv_size": [12, 11]},
								"down": {"uv": [91, 116], "uv_size": [12, -11]}
							}
						},
						{
							"origin": [-5, 18.64887, 15.41854],
							"size": [10, 4, 12],
							"pivot": [0, 20.64746, 17.4073],
							"rotation": [-2.54026, 0, 0],
							"uv": {
								"north": {"uv": [134, 27], "uv_size": [10, 4]},
								"east": {"uv": [89, 19], "uv_size": [12, 4]},
								"south": {"uv": [54, 137], "uv_size": [10, 4]},
								"west": {"uv": [134, 23], "uv_size": [12, 4]},
								"up": {"uv": [111, 48], "uv_size": [10, 12]},
								"down": {"uv": [113, 117], "uv_size": [10, -12]}
							}
						}
					]
				},
				{
					"name": "bone6",
					"parent": "bone5",
					"pivot": [0, 21, 28],
					"cubes": [
						{
							"origin": [-5, 21, 19.83371],
							"size": [10, 3, 13],
							"pivot": [0.05499, 6.14503, 24.83371],
							"rotation": [-20, 0, 0],
							"uv": {
								"north": {"uv": [142, 100], "uv_size": [10, 3]},
								"east": {"uv": [134, 11], "uv_size": [13, 3]},
								"south": {"uv": [143, 116], "uv_size": [10, 3]},
								"west": {"uv": [137, 73], "uv_size": [13, 3]},
								"up": {"uv": [61, 110], "uv_size": [10, 13]},
								"down": {"uv": [0, 124], "uv_size": [10, -13]}
							}
						},
						{
							"origin": [-4.5, 17.94597, 25.55768],
							"size": [9, 3, 13],
							"pivot": [0, 19.82589, 30.33466],
							"rotation": [-10.01385, 0, 0],
							"uv": {
								"north": {"uv": [144, 108], "uv_size": [9, 3]},
								"east": {"uv": [137, 76], "uv_size": [13, 3]},
								"south": {"uv": [146, 23], "uv_size": [9, 3]},
								"west": {"uv": [139, 14], "uv_size": [13, 3]},
								"up": {"uv": [61, 96], "uv_size": [9, 13]},
								"down": {"uv": [33, 128], "uv_size": [9, -13]}
							}
						}
					]
				},
				{
					"name": "bone7",
					"parent": "bone6",
					"pivot": [0, 18, 38],
					"cubes": [
						{
							"origin": [-4, 17.07678, 36.77732],
							"size": [8, 3, 15],
							"pivot": [0.05499, 2.22181, 43.77732],
							"rotation": [-2.5, 0, 0],
							"uv": {
								"north": {"uv": [147, 45], "uv_size": [8, 3]},
								"east": {"uv": [129, 108], "uv_size": [15, 3]},
								"south": {"uv": [147, 48], "uv_size": [8, 3]},
								"west": {"uv": [133, 56], "uv_size": [15, 3]},
								"up": {"uv": [71, 110], "uv_size": [8, 15]},
								"down": {"uv": [25, 130], "uv_size": [8, -15]}
							}
						},
						{
							"origin": [-3, 19.18, 37.75722],
							"size": [6, 3, 9],
							"pivot": [0, 20.3425, 28.40254],
							"rotation": [-14.96975, 0, 0],
							"uv": {
								"north": {"uv": [110, 83], "uv_size": [6, 3]},
								"east": {"uv": [42, 146], "uv_size": [9, 3]},
								"south": {"uv": [153, 137], "uv_size": [6, 3]},
								"west": {"uv": [84, 146], "uv_size": [9, 3]},
								"up": {"uv": [112, 132], "uv_size": [6, 9]},
								"down": {"uv": [133, 56], "uv_size": [6, -9]}
							}
						},
						{
							"origin": [-3.5, 10.86131, 46.06218],
							"size": [7, 3, 8],
							"pivot": [0, 12.02381, 35.7075],
							"rotation": [20.03025, 0, 0],
							"uv": {
								"north": {"uv": [120, 150], "uv_size": [7, 3]},
								"east": {"uv": [51, 147], "uv_size": [8, 3]},
								"south": {"uv": [133, 150], "uv_size": [7, 3]},
								"west": {"uv": [147, 63], "uv_size": [8, 3]},
								"up": {"uv": [131, 65], "uv_size": [7, 8]},
								"down": {"uv": [119, 139], "uv_size": [7, -8]}
							}
						}
					]
				},
				{
					"name": "Fin",
					"parent": "Macroplata",
					"pivot": [-7, 23, -29],
					"rotation": [0, 0, 12.5]
				},
				{
					"name": "bone10",
					"parent": "Fin",
					"pivot": [-7, 23, -29],
					"rotation": [0, 0, 17.5],
					"cubes": [
						{
							"origin": [-10.75, 19, -32],
							"size": [5.3, 6, 4],
							"pivot": [-7, 23, -29],
							"rotation": [15, 0, 0],
							"uv": {
								"north": {"uv": [0, 143], "uv_size": [5.25, 6]},
								"east": {"uv": [108, 145], "uv_size": [4, 6]},
								"south": {"uv": [6, 143], "uv_size": [5.25, 6]},
								"west": {"uv": [77, 146], "uv_size": [4, 6]},
								"up": {"uv": [24, 151], "uv_size": [5.25, 4]},
								"down": {"uv": [151, 36], "uv_size": [5.25, -4]}
							}
						},
						{
							"origin": [-10, 14, -31],
							"size": [4, 6, 4],
							"pivot": [-7, 23, -29],
							"rotation": [-2.5, 0, 0],
							"uv": {
								"north": {"uv": [20, 147], "uv_size": [4, 6]},
								"east": {"uv": [147, 66], "uv_size": [4, 6]},
								"south": {"uv": [112, 147], "uv_size": [4, 6]},
								"west": {"uv": [116, 147], "uv_size": [4, 6]},
								"up": {"uv": [54, 154], "uv_size": [4, 4]},
								"down": {"uv": [68, 158], "uv_size": [4, -4]}
							}
						},
						{
							"origin": [-9, -3.46917, -43.99727],
							"size": [2, 14, 6],
							"pivot": [-7, 27.53083, -41.99727],
							"rotation": [45, 0, 0],
							"uv": {
								"north": {"uv": [30, 43], "uv_size": [2, 14]},
								"east": {"uv": [121, 83], "uv_size": [6, 14]},
								"south": {"uv": [82, 135], "uv_size": [2, 14]},
								"west": {"uv": [56, 123], "uv_size": [6, 14]},
								"up": {"uv": [70, 86], "uv_size": [2, 6]},
								"down": {"uv": [101, 35], "uv_size": [2, -6]}
							}
						},
						{
							"origin": [-8.5, -32.03671, -59.67872],
							"size": [1, 10, 3],
							"pivot": [-7, 15.96329, -57.67872],
							"rotation": [75, 0, 0],
							"uv": {
								"north": {"uv": [47, 58], "uv_size": [1, 10]},
								"east": {"uv": [79, 93], "uv_size": [3, 10]},
								"south": {"uv": [80, 42], "uv_size": [1, 10]},
								"west": {"uv": [58, 111], "uv_size": [3, 10]},
								"up": {"uv": [85, 23], "uv_size": [1, 3]},
								"down": {"uv": [110, 51], "uv_size": [1, -3]}
							}
						},
						{
							"origin": [-10.5, 8.89608, -32.62655],
							"size": [5, 8, 4],
							"pivot": [-7, 19.89608, -33.62655],
							"rotation": [55, 0, 0],
							"uv": {
								"north": {"uv": [137, 96], "uv_size": [5, 8]},
								"east": {"uv": [142, 92], "uv_size": [4, 8]},
								"south": {"uv": [138, 65], "uv_size": [5, 8]},
								"west": {"uv": [96, 142], "uv_size": [4, 8]},
								"up": {"uv": [152, 99], "uv_size": [5, 4]},
								"down": {"uv": [152, 129], "uv_size": [5, -4]}
							}
						},
						{
							"origin": [-10, -11.05944, -54.50366],
							"size": [4, 15, 5],
							"pivot": [-7, 48.94056, -54.50366],
							"rotation": [40, 0, 0],
							"uv": {
								"north": {"uv": [26, 60], "uv_size": [4, 15]},
								"east": {"uv": [68, 125], "uv_size": [5, 15]},
								"south": {"uv": [38, 128], "uv_size": [4, 15]},
								"west": {"uv": [73, 125], "uv_size": [5, 15]},
								"up": {"uv": [16, 151], "uv_size": [4, 5]},
								"down": {"uv": [36, 157], "uv_size": [4, -5]}
							}
						},
						{
							"origin": [-11, -11.05944, -54.50366],
							"size": [6, 15, 4],
							"pivot": [-7, 48.94056, -54.50366],
							"rotation": [40, 0, 0],
							"uv": {
								"north": {"uv": [84, 116], "uv_size": [6, 15]},
								"east": {"uv": [42, 131], "uv_size": [4, 15]},
								"south": {"uv": [90, 116], "uv_size": [6, 15]},
								"west": {"uv": [46, 131], "uv_size": [4, 15]},
								"up": {"uv": [25, 111], "uv_size": [6, 4]},
								"down": {"uv": [115, 48], "uv_size": [6, -4]}
							}
						},
						{
							"origin": [-9.5, -16.05944, -51.50366],
							"size": [3, 5, 2],
							"pivot": [-7, 48.94056, -54.50366],
							"rotation": [40, 0, 0],
							"uv": {
								"north": {"uv": [20, 131], "uv_size": [3, 5]},
								"east": {"uv": [121, 97], "uv_size": [2, 5]},
								"south": {"uv": [10, 155], "uv_size": [3, 5]},
								"west": {"uv": [23, 125], "uv_size": [2, 5]},
								"up": {"uv": [8, 92], "uv_size": [3, 2]},
								"down": {"uv": [94, 63], "uv_size": [3, -2]}
							}
						},
						{
							"origin": [-9, -21.67224, -68.64442],
							"size": [2, 8, 2],
							"pivot": [-7, 43.32776, -58.64442],
							"rotation": [57.5, 0, 0],
							"uv": {
								"north": {"uv": [58, 154], "uv_size": [2, 8]},
								"east": {"uv": [154, 70], "uv_size": [2, 8]},
								"south": {"uv": [154, 153], "uv_size": [2, 8]},
								"west": {"uv": [0, 155], "uv_size": [2, 8]},
								"up": {"uv": [95, 74], "uv_size": [2, 2]},
								"down": {"uv": [56, 121], "uv_size": [2, -2]}
							}
						}
					]
				},
				{
					"name": "Fin2",
					"parent": "Macroplata",
					"pivot": [7, 23, -29],
					"rotation": [0, 0, -12.5]
				},
				{
					"name": "bone11",
					"parent": "Fin2",
					"pivot": [7, 23, -29],
					"rotation": [0, 0, -17.5],
					"cubes": [
						{
							"origin": [5.45, 19, -32],
							"size": [5.3, 6, 4],
							"pivot": [7, 23, -29],
							"rotation": [15, 0, 0],
							"uv": {
								"north": {"uv": [12, 143], "uv_size": [5.25, 6]},
								"east": {"uv": [147, 121], "uv_size": [4, 6]},
								"south": {"uv": [143, 17], "uv_size": [5.25, 6]},
								"west": {"uv": [68, 148], "uv_size": [4, 6]},
								"up": {"uv": [151, 66], "uv_size": [5.25, 4]},
								"down": {"uv": [103, 155], "uv_size": [5.25, -4]}
							}
						},
						{
							"origin": [6, 14, -31],
							"size": [4, 6, 4],
							"pivot": [7, 23, -29],
							"rotation": [-2.5, 0, 0],
							"uv": {
								"north": {"uv": [148, 146], "uv_size": [4, 6]},
								"east": {"uv": [0, 149], "uv_size": [4, 6]},
								"south": {"uv": [4, 149], "uv_size": [4, 6]},
								"west": {"uv": [8, 149], "uv_size": [4, 6]},
								"up": {"uv": [154, 103], "uv_size": [4, 4]},
								"down": {"uv": [155, 4], "uv_size": [4, -4]}
							}
						},
						{
							"origin": [7, -3.46917, -43.99727],
							"size": [2, 14, 6],
							"pivot": [7, 27.53083, -41.99727],
							"rotation": [45, 0, 0],
							"uv": {
								"north": {"uv": [18, 137], "uv_size": [2, 14]},
								"east": {"uv": [62, 123], "uv_size": [6, 14]},
								"south": {"uv": [40, 143], "uv_size": [2, 14]},
								"west": {"uv": [123, 97], "uv_size": [6, 14]},
								"up": {"uv": [54, 131], "uv_size": [2, 6]},
								"down": {"uv": [31, 142], "uv_size": [2, -6]}
							}
						},
						{
							"origin": [7.5, -32.03671, -59.67872],
							"size": [1, 10, 3],
							"pivot": [7, 15.96329, -57.67872],
							"rotation": [75, 0, 0],
							"uv": {
								"north": {"uv": [115, 86], "uv_size": [1, 10]},
								"east": {"uv": [74, 143], "uv_size": [3, 10]},
								"south": {"uv": [78, 125], "uv_size": [1, 10]},
								"west": {"uv": [144, 41], "uv_size": [3, 10]},
								"up": {"uv": [42, 115], "uv_size": [1, 3]},
								"down": {"uv": [101, 134], "uv_size": [1, -3]}
							}
						},
						{
							"origin": [5.5, 8.89608, -32.62655],
							"size": [5, 8, 4],
							"pivot": [7, 19.89608, -33.62655],
							"rotation": [55, 0, 0],
							"uv": {
								"north": {"uv": [139, 47], "uv_size": [5, 8]},
								"east": {"uv": [100, 142], "uv_size": [4, 8]},
								"south": {"uv": [118, 139], "uv_size": [5, 8]},
								"west": {"uv": [104, 142], "uv_size": [4, 8]},
								"up": {"uv": [152, 129], "uv_size": [5, 4]},
								"down": {"uv": [152, 149], "uv_size": [5, -4]}
							}
						},
						{
							"origin": [6, -11.05944, -54.50366],
							"size": [4, 15, 5],
							"pivot": [7, 48.94056, -54.50366],
							"rotation": [40, 0, 0],
							"uv": {
								"north": {"uv": [50, 131], "uv_size": [4, 15]},
								"east": {"uv": [33, 128], "uv_size": [5, 15]},
								"south": {"uv": [84, 131], "uv_size": [4, 15]},
								"west": {"uv": [128, 44], "uv_size": [5, 15]},
								"up": {"uv": [64, 152], "uv_size": [4, 5]},
								"down": {"uv": [77, 157], "uv_size": [4, -5]}
							}
						},
						{
							"origin": [5, -11.05944, -54.50366],
							"size": [6, 15, 4],
							"pivot": [7, 48.94056, -54.50366],
							"rotation": [40, 0, 0],
							"uv": {
								"north": {"uv": [96, 116], "uv_size": [6, 15]},
								"east": {"uv": [88, 131], "uv_size": [4, 15]},
								"south": {"uv": [113, 117], "uv_size": [6, 15]},
								"west": {"uv": [92, 131], "uv_size": [4, 15]},
								"up": {"uv": [148, 103], "uv_size": [6, 4]},
								"down": {"uv": [149, 4], "uv_size": [6, -4]}
							}
						},
						{
							"origin": [6.5, -16.05944, -51.50366],
							"size": [3, 5, 2],
							"pivot": [7, 48.94056, -54.50366],
							"rotation": [40, 0, 0],
							"uv": {
								"north": {"uv": [13, 155], "uv_size": [3, 5]},
								"east": {"uv": [72, 148], "uv_size": [2, 5]},
								"south": {"uv": [24, 155], "uv_size": [3, 5]},
								"west": {"uv": [27, 155], "uv_size": [2, 5]},
								"up": {"uv": [79, 103], "uv_size": [3, 2]},
								"down": {"uv": [107, 76], "uv_size": [3, -2]}
							}
						},
						{
							"origin": [7, -21.67224, -68.64442],
							"size": [2, 8, 2],
							"pivot": [7, 43.32776, -58.64442],
							"rotation": [57.5, 0, 0],
							"uv": {
								"north": {"uv": [2, 155], "uv_size": [2, 8]},
								"east": {"uv": [4, 155], "uv_size": [2, 8]},
								"south": {"uv": [6, 155], "uv_size": [2, 8]},
								"west": {"uv": [8, 155], "uv_size": [2, 8]},
								"up": {"uv": [68, 123], "uv_size": [2, 2]},
								"down": {"uv": [131, 25], "uv_size": [2, -2]}
							}
						}
					]
				},
				{
					"name": "Fin3",
					"parent": "Macroplata",
					"pivot": [4, 20, 3],
					"rotation": [-4.8493, 0, -22.99008]
				},
				{
					"name": "bone12",
					"parent": "Fin3",
					"pivot": [6.56712, 21, 2.95259],
					"cubes": [
						{
							"origin": [1.56712, 16, 2.95259],
							"size": [7, 6, 4],
							"pivot": [3.56712, 19, 4.95259],
							"rotation": [47.5, 0, 0],
							"uv": {
								"north": {"uv": [24, 136], "uv_size": [7, 6]},
								"east": {"uv": [12, 149], "uv_size": [4, 6]},
								"south": {"uv": [101, 136], "uv_size": [7, 6]},
								"west": {"uv": [149, 17], "uv_size": [4, 6]},
								"up": {"uv": [103, 48], "uv_size": [7, 4]},
								"down": {"uv": [121, 60], "uv_size": [7, -4]}
							}
						},
						{
							"origin": [2.06712, -7.79038, -24.06166],
							"size": [6, 6, 4],
							"pivot": [3.56712, 29.20962, -22.06166],
							"rotation": [67.5, 0, 0],
							"uv": {
								"north": {"uv": [67, 11], "uv_size": [6, 6]},
								"east": {"uv": [42, 149], "uv_size": [4, 6]},
								"south": {"uv": [54, 141], "uv_size": [6, 6]},
								"west": {"uv": [46, 149], "uv_size": [4, 6]},
								"up": {"uv": [149, 36], "uv_size": [6, 4]},
								"down": {"uv": [149, 60], "uv_size": [6, -4]}
							}
						},
						{
							"origin": [2.56712, 12.93349, -8.69331],
							"size": [5, 6, 4],
							"pivot": [3.56712, 49.93349, 6.30669],
							"rotation": [25, 0, 0],
							"uv": {
								"north": {"uv": [34, 88], "uv_size": [5, 6]},
								"east": {"uv": [81, 149], "uv_size": [4, 6]},
								"south": {"uv": [17, 94], "uv_size": [5, 6]},
								"west": {"uv": [149, 82], "uv_size": [4, 6]},
								"up": {"uv": [146, 152], "uv_size": [5, 4]},
								"down": {"uv": [152, 153], "uv_size": [5, -4]}
							}
						},
						{
							"origin": [2.06712, 4.24459, -23.62161],
							"size": [6, 5, 4],
							"pivot": [3.56712, 48.24459, -8.62161],
							"rotation": [45, 0, 0],
							"uv": {
								"north": {"uv": [144, 4], "uv_size": [6, 5]},
								"east": {"uv": [153, 17], "uv_size": [4, 5]},
								"south": {"uv": [144, 27], "uv_size": [6, 5]},
								"west": {"uv": [20, 153], "uv_size": [4, 5]},
								"up": {"uv": [85, 149], "uv_size": [6, 4]},
								"down": {"uv": [149, 92], "uv_size": [6, -4]}
							}
						},
						{
							"origin": [2.41712, -9.98432, -38.05076],
							"size": [5.3, 5, 4],
							"pivot": [3.56712, 44.01568, -23.05076],
							"rotation": [60, 0, 0],
							"uv": {
								"north": {"uv": [136, 145], "uv_size": [5.25, 5]},
								"east": {"uv": [72, 153], "uv_size": [4, 5]},
								"south": {"uv": [146, 92], "uv_size": [5.25, 5]},
								"west": {"uv": [153, 79], "uv_size": [4, 5]},
								"up": {"uv": [151, 121], "uv_size": [5.25, 4]},
								"down": {"uv": [140, 155], "uv_size": [5.25, -4]}
							}
						},
						{
							"origin": [2.56712, -3.56807, -17.13557],
							"size": [5, 11, 4],
							"pivot": [3.56712, 53.43193, -15.13557],
							"rotation": [35, 0, 0],
							"uv": {
								"north": {"uv": [42, 58], "uv_size": [5, 11]},
								"east": {"uv": [68, 28], "uv_size": [4, 11]},
								"south": {"uv": [96, 131], "uv_size": [5, 11]},
								"west": {"uv": [109, 118], "uv_size": [4, 11]},
								"up": {"uv": [153, 84], "uv_size": [5, 4]},
								"down": {"uv": [85, 157], "uv_size": [5, -4]}
							}
						},
						{
							"origin": [3.06712, -11.56807, -14.13557],
							"size": [4, 9, 1],
							"pivot": [3.56712, 53.43193, -15.13557],
							"rotation": [35, 0, 0],
							"uv": {
								"north": {"uv": [108, 136], "uv_size": [4, 9]},
								"east": {"uv": [76, 153], "uv_size": [1, 9]},
								"south": {"uv": [60, 141], "uv_size": [4, 9]},
								"west": {"uv": [90, 153], "uv_size": [1, 9]},
								"up": {"uv": [85, 10], "uv_size": [4, 1]},
								"down": {"uv": [101, 10], "uv_size": [4, -1]}
							}
						},
						{
							"origin": [3.56712, -8.56807, -15.13557],
							"size": [3, 6, 1],
							"pivot": [3.56712, 53.43193, -15.13557],
							"rotation": [35, 0, 0],
							"uv": {
								"north": {"uv": [39, 77], "uv_size": [3, 6]},
								"east": {"uv": [24, 119], "uv_size": [1, 6]},
								"south": {"uv": [126, 153], "uv_size": [3, 6]},
								"west": {"uv": [55, 125], "uv_size": [1, 6]},
								"up": {"uv": [137, 79], "uv_size": [3, 1]},
								"down": {"uv": [140, 37], "uv_size": [3, -1]}
							}
						},
						{
							"origin": [3.31712, -24.46859, -40.61041],
							"size": [3.5, 9, 1],
							"pivot": [3.56712, 40.53141, -29.61041],
							"rotation": [62.5, 0, 0],
							"uv": {
								"north": {"uv": [32, 143], "uv_size": [3.5, 9]},
								"east": {"uv": [29, 155], "uv_size": [1, 9]},
								"south": {"uv": [36, 143], "uv_size": [3.5, 9]},
								"west": {"uv": [47, 155], "uv_size": [1, 9]},
								"up": {"uv": [139, 55], "uv_size": [3.5, 1]},
								"down": {"uv": [140, 5], "uv_size": [3.5, -1]}
							}
						},
						{
							"origin": [3.41712, -22.46859, -39.61041],
							"size": [3.3, 7, 1],
							"pivot": [3.56712, 40.53141, -29.61041],
							"rotation": [62.5, 0, 0],
							"uv": {
								"north": {"uv": [60, 150], "uv_size": [3.25, 7]},
								"east": {"uv": [118, 132], "uv_size": [1, 7]},
								"south": {"uv": [150, 72], "uv_size": [3.25, 7]},
								"west": {"uv": [83, 155], "uv_size": [1, 7]},
								"up": {"uv": [146, 26], "uv_size": [3.25, 1]},
								"down": {"uv": [147, 14], "uv_size": [3.25, -1]}
							}
						},
						{
							"origin": [2.74712, -18.46859, -38.61041],
							"size": [4.6, 3, 2],
							"pivot": [3.56712, 40.53141, -29.61041],
							"rotation": [62.5, 0, 0],
							"uv": {
								"north": {"uv": [155, 22], "uv_size": [4.5, 3]},
								"east": {"uv": [54, 83], "uv_size": [2, 3]},
								"south": {"uv": [155, 36], "uv_size": [4.5, 3]},
								"west": {"uv": [76, 140], "uv_size": [2, 3]},
								"up": {"uv": [95, 86], "uv_size": [4.5, 2]},
								"down": {"uv": [56, 123], "uv_size": [4.5, -2]}
							}
						}
					]
				},
				{
					"name": "Fin4",
					"parent": "Macroplata",
					"pivot": [-4, 20, 3],
					"rotation": [-4.8493, 0, 22.99008]
				},
				{
					"name": "bone13",
					"parent": "Fin4",
					"pivot": [-6.56712, 21, 2.95259],
					"cubes": [
						{
							"origin": [-8.56712, 16, 2.95259],
							"size": [7, 6, 4],
							"pivot": [-3.56712, 19, 4.95259],
							"rotation": [47.5, 0, 0],
							"uv": {
								"north": {"uv": [136, 111], "uv_size": [7, 6]},
								"east": {"uv": [91, 149], "uv_size": [4, 6]},
								"south": {"uv": [10, 137], "uv_size": [7, 6]},
								"west": {"uv": [129, 149], "uv_size": [4, 6]},
								"up": {"uv": [144, 32], "uv_size": [7, 4]},
								"down": {"uv": [129, 149], "uv_size": [7, -4]}
							}
						},
						{
							"origin": [-8.06712, -7.79038, -24.06166],
							"size": [6, 6, 4],
							"pivot": [-3.56712, 29.20962, -22.06166],
							"rotation": [67.5, 0, 0],
							"uv": {
								"north": {"uv": [112, 141], "uv_size": [6, 6]},
								"east": {"uv": [149, 133], "uv_size": [4, 6]},
								"south": {"uv": [141, 122], "uv_size": [6, 6]},
								"west": {"uv": [149, 139], "uv_size": [4, 6]},
								"up": {"uv": [149, 111], "uv_size": [6, 4]},
								"down": {"uv": [150, 8], "uv_size": [6, -4]}
							}
						},
						{
							"origin": [-7.56712, 12.93349, -8.69331],
							"size": [5, 6, 4],
							"pivot": [-3.56712, 49.93349, 6.30669],
							"rotation": [25, 0, 0],
							"uv": {
								"north": {"uv": [144, 134], "uv_size": [5, 6]},
								"east": {"uv": [150, 26], "uv_size": [4, 6]},
								"south": {"uv": [144, 140], "uv_size": [5, 6]},
								"west": {"uv": [50, 150], "uv_size": [4, 6]},
								"up": {"uv": [153, 107], "uv_size": [5, 4]},
								"down": {"uv": [109, 157], "uv_size": [5, -4]}
							}
						},
						{
							"origin": [-8.06712, 4.24459, -23.62161],
							"size": [6, 5, 4],
							"pivot": [-3.56712, 48.24459, -8.62161],
							"rotation": [45, 0, 0],
							"uv": {
								"north": {"uv": [144, 51], "uv_size": [6, 5]},
								"east": {"uv": [114, 153], "uv_size": [4, 5]},
								"south": {"uv": [123, 145], "uv_size": [6, 5]},
								"west": {"uv": [118, 153], "uv_size": [4, 5]},
								"up": {"uv": [150, 51], "uv_size": [6, 4]},
								"down": {"uv": [54, 154], "uv_size": [6, -4]}
							}
						},
						{
							"origin": [-7.71712, -9.98432, -38.05076],
							"size": [5.3, 5, 4],
							"pivot": [-3.56712, 44.01568, -23.05076],
							"rotation": [60, 0, 0],
							"uv": {
								"north": {"uv": [146, 128], "uv_size": [5.25, 5]},
								"east": {"uv": [122, 153], "uv_size": [4, 5]},
								"south": {"uv": [142, 146], "uv_size": [5.25, 5]},
								"west": {"uv": [133, 153], "uv_size": [4, 5]},
								"up": {"uv": [152, 13], "uv_size": [5.25, 4]},
								"down": {"uv": [30, 156], "uv_size": [5.25, -4]}
							}
						},
						{
							"origin": [-7.56712, -3.56807, -17.13557],
							"size": [5, 11, 4],
							"pivot": [-3.56712, 53.43193, -15.13557],
							"rotation": [35, 0, 0],
							"uv": {
								"north": {"uv": [0, 132], "uv_size": [5, 11]},
								"east": {"uv": [78, 135], "uv_size": [4, 11]},
								"south": {"uv": [5, 132], "uv_size": [5, 11]},
								"west": {"uv": [20, 136], "uv_size": [4, 11]},
								"up": {"uv": [153, 115], "uv_size": [5, 4]},
								"down": {"uv": [153, 137], "uv_size": [5, -4]}
							}
						},
						{
							"origin": [-7.06712, -11.56807, -14.13557],
							"size": [4, 9, 1],
							"pivot": [-3.56712, 53.43193, -15.13557],
							"rotation": [35, 0, 0],
							"uv": {
								"north": {"uv": [24, 142], "uv_size": [4, 9]},
								"east": {"uv": [48, 155], "uv_size": [1, 9]},
								"south": {"uv": [28, 142], "uv_size": [4, 9]},
								"west": {"uv": [49, 155], "uv_size": [1, 9]},
								"up": {"uv": [109, 129], "uv_size": [4, 1]},
								"down": {"uv": [139, 18], "uv_size": [4, -1]}
							}
						},
						{
							"origin": [-6.56712, -8.56807, -15.13557],
							"size": [3, 6, 1],
							"pivot": [-3.56712, 53.43193, -15.13557],
							"rotation": [35, 0, 0],
							"uv": {
								"north": {"uv": [137, 153], "uv_size": [3, 6]},
								"east": {"uv": [17, 137], "uv_size": [1, 6]},
								"south": {"uv": [151, 153], "uv_size": [3, 6]},
								"west": {"uv": [92, 155], "uv_size": [1, 6]},
								"up": {"uv": [51, 146], "uv_size": [3, 1]},
								"down": {"uv": [146, 134], "uv_size": [3, -1]}
							}
						},
						{
							"origin": [-6.81712, -24.46859, -40.61041],
							"size": [3.5, 9, 1],
							"pivot": [-3.56712, 40.53141, -29.61041],
							"rotation": [62.5, 0, 0],
							"uv": {
								"north": {"uv": [143, 63], "uv_size": [3.5, 9]},
								"east": {"uv": [81, 155], "uv_size": [1, 9]},
								"south": {"uv": [64, 143], "uv_size": [3.5, 9]},
								"west": {"uv": [82, 155], "uv_size": [1, 9]},
								"up": {"uv": [140, 5], "uv_size": [3.5, 1]},
								"down": {"uv": [143, 122], "uv_size": [3.5, -1]}
							}
						},
						{
							"origin": [-6.71712, -22.46859, -39.61041],
							"size": [3.3, 7, 1],
							"pivot": [-3.56712, 40.53141, -29.61041],
							"rotation": [62.5, 0, 0],
							"uv": {
								"north": {"uv": [95, 150], "uv_size": [3.25, 7]},
								"east": {"uv": [84, 155], "uv_size": [1, 7]},
								"south": {"uv": [99, 150], "uv_size": [3.25, 7]},
								"west": {"uv": [91, 155], "uv_size": [1, 7]},
								"up": {"uv": [147, 127], "uv_size": [3.25, 1]},
								"down": {"uv": [148, 108], "uv_size": [3.25, -1]}
							}
						},
						{
							"origin": [-7.34712, -18.46859, -38.61041],
							"size": [4.6, 3, 2],
							"pivot": [-3.56712, 40.53141, -29.61041],
							"rotation": [62.5, 0, 0],
							"uv": {
								"north": {"uv": [42, 155], "uv_size": [4.5, 3]},
								"east": {"uv": [140, 82], "uv_size": [2, 3]},
								"south": {"uv": [155, 45], "uv_size": [4.5, 3]},
								"west": {"uv": [93, 146], "uv_size": [2, 3]},
								"up": {"uv": [155, 39], "uv_size": [4.5, 2]},
								"down": {"uv": [155, 60], "uv_size": [4.5, -2]}
							}
						}
					]
				}
			]
		}
	]
}