{
	"format_version": "1.12.0",
	"minecraft:geometry": [
		{
			"description": {
				"identifier": "geometry.megacephalosaurus",
				"texture_width": 128,
				"texture_height": 128,
				"visible_bounds_width": 7,
				"visible_bounds_height": 4,
				"visible_bounds_offset": [0, 1, 0]
			},
			"bones": [
				{
					"name": "megacephalosaurus",
					"pivot": [0, 8, 0]
				},
				{
					"name": "Body",
					"parent": "megacephalosaurus",
					"pivot": [0, 8, 0]
				},
				{
					"name": "bone",
					"parent": "Body",
					"pivot": [0, 8, 0],
					"cubes": [
						{
							"origin": [-6.5, 7.3, -10],
							"size": [13, 11, 10],
							"uv": {
								"north": {"uv": [23, 24], "uv_size": [13, 11]},
								"east": {"uv": [0, 53], "uv_size": [10, 11]},
								"south": {"uv": [0, 28], "uv_size": [13, 11]},
								"west": {"uv": [58, 59], "uv_size": [10, 11]},
								"up": {"uv": [43, 48], "uv_size": [13, 10]},
								"down": {"uv": [22, 59], "uv_size": [13, -10]}
							}
						},
						{
							"origin": [-7, 5.21075, -19.14035],
							"size": [14, 14, 10],
							"pivot": [0, 8.91075, 0.85965],
							"rotation": [5, 0, 0],
							"uv": {
								"north": {"uv": [0, 0], "uv_size": [14, 14]},
								"east": {"uv": [23, 35], "uv_size": [10, 14]},
								"south": {"uv": [0, 14], "uv_size": [14, 14]},
								"west": {"uv": [33, 35], "uv_size": [10, 14]},
								"up": {"uv": [36, 0], "uv_size": [14, 10]},
								"down": {"uv": [36, 20], "uv_size": [14, -10]}
							}
						},
						{
							"origin": [-6.5, 9.05789, -22.47722],
							"size": [13, 12, 4],
							"pivot": [0, 10.75789, 1.52278],
							"rotation": [10, 0, 0],
							"uv": {
								"north": {"uv": [23, 0], "uv_size": [13, 12]},
								"east": {"uv": [23, 92], "uv_size": [4, 12]},
								"south": {"uv": [23, 12], "uv_size": [13, 12]},
								"west": {"uv": [79, 92], "uv_size": [4, 12]},
								"up": {"uv": [90, 0], "uv_size": [13, 4]},
								"down": {"uv": [90, 8], "uv_size": [13, -4]}
							}
						},
						{
							"origin": [-5.75, -1.94211, -21.47722],
							"size": [11.5, 7, 7],
							"pivot": [0, 10.75789, 1.52278],
							"rotation": [-10, 0, 0],
							"uv": {
								"north": {"uv": [75, 35], "uv_size": [12, 7]},
								"east": {"uv": [9, 90], "uv_size": [7, 7]},
								"south": {"uv": [40, 78], "uv_size": [12, 7]},
								"west": {"uv": [90, 49], "uv_size": [7, 7]},
								"up": {"uv": [78, 51], "uv_size": [12, 7]},
								"down": {"uv": [79, 49], "uv_size": [12, -7]}
							}
						},
						{
							"origin": [-6, 0.3192, -15.90073],
							"size": [12, 7, 10],
							"pivot": [0, 13.0192, 0.09927],
							"rotation": [-2.5, 0, 0],
							"uv": {
								"north": {"uv": [52, 79], "uv_size": [12, 7]},
								"east": {"uv": [0, 83], "uv_size": [10, 7]},
								"south": {"uv": [79, 58], "uv_size": [12, 7]},
								"west": {"uv": [83, 15], "uv_size": [10, 7]},
								"up": {"uv": [21, 59], "uv_size": [12, 10]},
								"down": {"uv": [46, 69], "uv_size": [12, -10]}
							}
						},
						{
							"origin": [-5, 0.593, -6.44899],
							"size": [10, 7, 14],
							"uv": {
								"north": {"uv": [18, 85], "uv_size": [10, 7]},
								"east": {"uv": [69, 19], "uv_size": [14, 7]},
								"south": {"uv": [85, 22], "uv_size": [10, 7]},
								"west": {"uv": [21, 69], "uv_size": [14, 7]},
								"up": {"uv": [36, 20], "uv_size": [10, 14]},
								"down": {"uv": [0, 53], "uv_size": [10, -14]}
							}
						},
						{
							"origin": [-4.5, -0.98912, 5.46722],
							"size": [9, 7, 20],
							"pivot": [0, 11.71088, -2.53278],
							"rotation": [10, 0, 0],
							"uv": {
								"north": {"uv": [79, 85], "uv_size": [9, 7]},
								"east": {"uv": [43, 34], "uv_size": [20, 7]},
								"south": {"uv": [28, 86], "uv_size": [9, 7]},
								"west": {"uv": [43, 41], "uv_size": [20, 7]},
								"up": {"uv": [14, 0], "uv_size": [9, 20]},
								"down": {"uv": [14, 40], "uv_size": [9, -20]}
							}
						},
						{
							"origin": [-6, 7.3098, -0.44928],
							"size": [12, 11, 6],
							"pivot": [0, 8.0098, -0.44928],
							"rotation": [-2.5, 0, 0],
							"uv": {
								"north": {"uv": [10, 40], "uv_size": [12, 11]},
								"east": {"uv": [73, 85], "uv_size": [6, 11]},
								"south": {"uv": [46, 20], "uv_size": [12, 11]},
								"west": {"uv": [85, 74], "uv_size": [6, 11]},
								"up": {"uv": [73, 79], "uv_size": [12, 6]},
								"down": {"uv": [80, 15], "uv_size": [12, -6]}
							}
						},
						{
							"origin": [-5.5, 7.90956, 4.7012],
							"size": [11, 11, 11],
							"pivot": [0, 8.60956, -1.2988],
							"rotation": [-7.5, 0, 0],
							"uv": {
								"north": {"uv": [50, 0], "uv_size": [11, 11]},
								"east": {"uv": [10, 51], "uv_size": [11, 11]},
								"south": {"uv": [56, 48], "uv_size": [11, 11]},
								"west": {"uv": [58, 11], "uv_size": [11, 11]},
								"up": {"uv": [58, 22], "uv_size": [11, 11]},
								"down": {"uv": [35, 69], "uv_size": [11, -11]}
							}
						},
						{
							"origin": [-5, 10.71099, 15.36987],
							"size": [10, 9, 10],
							"pivot": [0, 9.41099, -1.63013],
							"rotation": [-10, 0, 0],
							"uv": {
								"north": {"uv": [59, 70], "uv_size": [10, 9]},
								"east": {"uv": [69, 70], "uv_size": [10, 9]},
								"south": {"uv": [72, 0], "uv_size": [10, 9]},
								"west": {"uv": [10, 72], "uv_size": [10, 9]},
								"up": {"uv": [0, 64], "uv_size": [10, 10]},
								"down": {"uv": [68, 61], "uv_size": [10, -10]}
							}
						}
					]
				},
				{
					"name": "Neck",
					"parent": "bone",
					"pivot": [0, 8, -23]
				},
				{
					"name": "bone2",
					"parent": "Neck",
					"pivot": [0, 8, -23],
					"cubes": [
						{
							"origin": [-5.5, 2.33249, -30.67194],
							"size": [11, 9, 10],
							"pivot": [3, 7.33249, -23.67194],
							"rotation": [-2.5, 0, 0],
							"uv": {
								"north": {"uv": [68, 61], "uv_size": [11, 9]},
								"east": {"uv": [0, 74], "uv_size": [10, 9]},
								"south": {"uv": [69, 10], "uv_size": [11, 9]},
								"west": {"uv": [75, 26], "uv_size": [10, 9]},
								"up": {"uv": [61, 0], "uv_size": [11, 10]},
								"down": {"uv": [10, 72], "uv_size": [11, -10]}
							}
						},
						{
							"origin": [-6, 7.44079, -29.25088],
							"size": [12, 9, 8],
							"pivot": [3, 1.44079, -24.25088],
							"rotation": [10, 0, 0],
							"uv": {
								"north": {"uv": [63, 33], "uv_size": [12, 9]},
								"east": {"uv": [35, 49], "uv_size": [8, 9]},
								"south": {"uv": [67, 42], "uv_size": [12, 9]},
								"west": {"uv": [50, 11], "uv_size": [8, 9]},
								"up": {"uv": [35, 69], "uv_size": [12, 8]},
								"down": {"uv": [47, 78], "uv_size": [12, -8]}
							}
						}
					]
				},
				{
					"name": "bone3",
					"parent": "bone2",
					"pivot": [0, 8, -31],
					"cubes": [
						{
							"origin": [-5, 6.07932, -33.79513],
							"size": [10, 9, 6],
							"pivot": [3, 0.07932, -30.79513],
							"rotation": [15, 0, 0],
							"uv": {
								"north": {"uv": [20, 76], "uv_size": [10, 9]},
								"east": {"uv": [58, 86], "uv_size": [6, 9]},
								"south": {"uv": [30, 77], "uv_size": [10, 9]},
								"west": {"uv": [64, 88], "uv_size": [6, 9]},
								"up": {"uv": [85, 29], "uv_size": [10, 6]},
								"down": {"uv": [48, 92], "uv_size": [10, -6]}
							}
						},
						{
							"origin": [-4.5, 3, -35.30774],
							"size": [9, 9, 6],
							"pivot": [3, -2.07693, -34.30774],
							"rotation": [-5, 0, 0],
							"uv": {
								"north": {"uv": [64, 79], "uv_size": [9, 9]},
								"east": {"uv": [88, 65], "uv_size": [6, 9]},
								"south": {"uv": [79, 65], "uv_size": [9, 9]},
								"west": {"uv": [88, 85], "uv_size": [6, 9]},
								"up": {"uv": [87, 35], "uv_size": [9, 6]},
								"down": {"uv": [0, 96], "uv_size": [9, -6]}
							}
						}
					]
				},
				{
					"name": "Head",
					"parent": "bone3",
					"pivot": [0, 10, -37]
				},
				{
					"name": "bone4",
					"parent": "Head",
					"pivot": [0, 10, -37],
					"cubes": [
						{
							"origin": [-4, 11, -41],
							"size": [8, 3, 5],
							"uv": {
								"north": {"uv": [46, 31], "uv_size": [8, 3]},
								"east": {"uv": [114, 96], "uv_size": [5, 3]},
								"south": {"uv": [103, 5], "uv_size": [8, 3]},
								"west": {"uv": [116, 0], "uv_size": [5, 3]},
								"up": {"uv": [94, 86], "uv_size": [8, 5]},
								"down": {"uv": [88, 99], "uv_size": [8, -5]}
							}
						},
						{
							"origin": [-3, 7, -43],
							"size": [6, 4, 8],
							"uv": {
								"north": {"uv": [105, 35], "uv_size": [6, 4]},
								"east": {"uv": [99, 8], "uv_size": [8, 4]},
								"south": {"uv": [106, 52], "uv_size": [6, 4]},
								"west": {"uv": [99, 63], "uv_size": [8, 4]},
								"up": {"uv": [27, 93], "uv_size": [6, 8]},
								"down": {"uv": [33, 101], "uv_size": [6, -8]}
							}
						},
						{
							"origin": [-3.1, 6.73543, -46.87485],
							"size": [6.2, 4, 4],
							"pivot": [0, 9.73543, -36.87485],
							"rotation": [-2.5, 0, 0],
							"uv": {
								"north": {"uv": [106, 81], "uv_size": [6, 4]},
								"east": {"uv": [107, 112], "uv_size": [4, 4]},
								"south": {"uv": [106, 85], "uv_size": [6, 4]},
								"west": {"uv": [31, 113], "uv_size": [4, 4]},
								"up": {"uv": [0, 107], "uv_size": [6, 4]},
								"down": {"uv": [107, 12], "uv_size": [6, -4]}
							}
						},
						{
							"origin": [-2.25, 6.2915, -53.77278],
							"size": [4.5, 2, 7],
							"pivot": [0, 9.2915, -36.77278],
							"rotation": [-5, 0, 0],
							"uv": {
								"north": {"uv": [119, 103], "uv_size": [5, 2]},
								"east": {"uv": [116, 30], "uv_size": [7, 2]},
								"south": {"uv": [119, 105], "uv_size": [5, 2]},
								"west": {"uv": [116, 43], "uv_size": [7, 2]},
								"up": {"uv": [98, 56], "uv_size": [5, 7]},
								"down": {"uv": [98, 79], "uv_size": [5, -7]}
							}
						},
						{
							"origin": [-3.5, 14.5359, -43.80385],
							"size": [7, 3, 4],
							"pivot": [0, 13.5359, -33.80385],
							"rotation": [30, 0, 0],
							"uv": {
								"north": {"uv": [17, 109], "uv_size": [7, 3]},
								"east": {"uv": [54, 31], "uv_size": [4, 3]},
								"south": {"uv": [109, 39], "uv_size": [7, 3]},
								"west": {"uv": [8, 118], "uv_size": [4, 3]},
								"up": {"uv": [102, 39], "uv_size": [7, 4]},
								"down": {"uv": [102, 47], "uv_size": [7, -4]}
							}
						},
						{
							"origin": [-3, 11.72449, -48.76957],
							"size": [6, 3, 6],
							"pivot": [0, 10.72449, -33.76957],
							"rotation": [15, 0, 0],
							"uv": {
								"north": {"uv": [113, 16], "uv_size": [6, 3]},
								"east": {"uv": [114, 59], "uv_size": [6, 3]},
								"south": {"uv": [114, 62], "uv_size": [6, 3]},
								"west": {"uv": [114, 65], "uv_size": [6, 3]},
								"up": {"uv": [69, 26], "uv_size": [6, 6]},
								"down": {"uv": [0, 102], "uv_size": [6, -6]}
							}
						},
						{
							"origin": [-2.5, 12.14611, -52.95607],
							"size": [5, 2, 5],
							"pivot": [0, 10.14611, -32.95607],
							"rotation": [12.5, 0, 0],
							"uv": {
								"north": {"uv": [98, 79], "uv_size": [5, 2]},
								"east": {"uv": [119, 16], "uv_size": [5, 2]},
								"south": {"uv": [119, 96], "uv_size": [5, 2]},
								"west": {"uv": [119, 98], "uv_size": [5, 2]},
								"up": {"uv": [103, 0], "uv_size": [5, 5]},
								"down": {"uv": [103, 35], "uv_size": [5, -5]}
							}
						},
						{
							"origin": [-2, 10.52064, -57.81667],
							"size": [4, 1, 5],
							"pivot": [0, 7.52064, -32.81667],
							"rotation": [5, 0, 0],
							"uv": {
								"north": {"uv": [10, 39], "uv_size": [4, 1]},
								"east": {"uv": [58, 33], "uv_size": [5, 1]},
								"south": {"uv": [63, 47], "uv_size": [4, 1]},
								"west": {"uv": [69, 32], "uv_size": [5, 1]},
								"up": {"uv": [63, 42], "uv_size": [4, 5]},
								"down": {"uv": [27, 115], "uv_size": [4, -5]}
							}
						},
						{
							"origin": [-1.5, 7.51986, -57.99134],
							"size": [3, 1.3, 9],
							"pivot": [0, 8.52064, -55.81667],
							"rotation": [2.5, 0, 0],
							"uv": {
								"north": {"uv": [48, 99], "uv_size": [3, 1]},
								"east": {"uv": [46, 58], "uv_size": [9, 1]},
								"south": {"uv": [51, 99], "uv_size": [3, 1]},
								"west": {"uv": [119, 36], "uv_size": [9, 1]},
								"up": {"uv": [92, 103], "uv_size": [3, 9]},
								"down": {"uv": [95, 112], "uv_size": [3, -9]}
							}
						},
						{
							"origin": [-1.5, 14.55932, -59.65601],
							"size": [3, 1, 4],
							"pivot": [-0.30843, 1.55932, -28.65601],
							"rotation": [12.598, 0, 0],
							"uv": {
								"north": {"uv": [77, 9], "uv_size": [3, 1]},
								"east": {"uv": [40, 77], "uv_size": [4, 1]},
								"south": {"uv": [44, 77], "uv_size": [3, 1]},
								"west": {"uv": [52, 78], "uv_size": [4, 1]},
								"up": {"uv": [80, 15], "uv_size": [3, 4]},
								"down": {"uv": [91, 85], "uv_size": [3, -4]}
							}
						},
						{
							"origin": [-1, 7.46101, -61.9612],
							"size": [2, 1, 5],
							"pivot": [-0.30843, 7.29605, -61.88212],
							"rotation": [0.098, 0, 0],
							"uv": {
								"north": {"uv": [28, 85], "uv_size": [2, 1]},
								"east": {"uv": [72, 9], "uv_size": [5, 1]},
								"south": {"uv": [90, 8], "uv_size": [2, 1]},
								"west": {"uv": [30, 76], "uv_size": [5, 1]},
								"up": {"uv": [29, 119], "uv_size": [2, 5]},
								"down": {"uv": [119, 112], "uv_size": [2, -5]}
							}
						}
					]
				},
				{
					"name": "Jaw",
					"parent": "bone4",
					"pivot": [0, 6, -37]
				},
				{
					"name": "bone5",
					"parent": "Jaw",
					"pivot": [0, 7, -36],
					"rotation": [-15, 0, 0],
					"cubes": [
						{
							"origin": [-2.5, 5, -45],
							"size": [5, 4, 9],
							"pivot": [0, 6, -37],
							"rotation": [22.5, 0, 0],
							"uv": {
								"north": {"uv": [50, 110], "uv_size": [5, 4]},
								"east": {"uv": [96, 35], "uv_size": [9, 4]},
								"south": {"uv": [55, 110], "uv_size": [5, 4]},
								"west": {"uv": [70, 96], "uv_size": [9, 4]},
								"up": {"uv": [83, 92], "uv_size": [5, 9]},
								"down": {"uv": [94, 72], "uv_size": [5, -9]}
							}
						},
						{
							"origin": [-0.5, 2.6, -44],
							"size": [2, 3, 7],
							"pivot": [0, 6, -37],
							"rotation": [5, 0, 0],
							"uv": {
								"north": {"uv": [94, 91], "uv_size": [2, 3]},
								"east": {"uv": [109, 42], "uv_size": [7, 3]},
								"south": {"uv": [121, 92], "uv_size": [2, 3]},
								"west": {"uv": [70, 109], "uv_size": [7, 3]},
								"up": {"uv": [92, 116], "uv_size": [2, 7]},
								"down": {"uv": [109, 123], "uv_size": [2, -7]}
							}
						},
						{
							"origin": [-1.5, 3, -37.255],
							"size": [3, 5, 8],
							"pivot": [0.5, 5.91466, -35.255],
							"rotation": [10, 0, 0],
							"uv": {
								"north": {"uv": [77, 116], "uv_size": [3, 5]},
								"east": {"uv": [95, 20], "uv_size": [8, 5]},
								"south": {"uv": [97, 116], "uv_size": [3, 5]},
								"west": {"uv": [95, 25], "uv_size": [8, 5]},
								"up": {"uv": [70, 88], "uv_size": [3, 8]},
								"down": {"uv": [80, 112], "uv_size": [3, -8]}
							}
						},
						{
							"origin": [-1.5, 2.70809, -53.12595],
							"size": [3, 2, 9],
							"pivot": [0, 3.70809, -36.12595],
							"rotation": [5, 0, 0],
							"uv": {
								"north": {"uv": [91, 63], "uv_size": [3, 2]},
								"east": {"uv": [79, 49], "uv_size": [9, 2]},
								"south": {"uv": [94, 72], "uv_size": [3, 2]},
								"west": {"uv": [110, 99], "uv_size": [9, 2]},
								"up": {"uv": [86, 103], "uv_size": [3, 9]},
								"down": {"uv": [89, 112], "uv_size": [3, -9]}
							}
						},
						{
							"origin": [-1.5, 4.86167, -60.46679],
							"size": [3, 1.3, 7],
							"pivot": [0, 5.86167, -32.46679],
							"rotation": [10, 0, 0],
							"uv": {
								"north": {"uv": [56, 78], "uv_size": [3, 1]},
								"east": {"uv": [36, 34], "uv_size": [7, 1]},
								"south": {"uv": [91, 48], "uv_size": [3, 1]},
								"west": {"uv": [61, 10], "uv_size": [7, 1]},
								"up": {"uv": [37, 86], "uv_size": [3, 7]},
								"down": {"uv": [24, 116], "uv_size": [3, -7]}
							}
						},
						{
							"origin": [-2, 7.86167, -60.46679],
							"size": [4, 1, 17],
							"pivot": [0, 5.86167, -32.46679],
							"rotation": [15, 0, 0],
							"uv": {
								"north": {"uv": [48, 85], "uv_size": [4, 1]},
								"east": {"uv": [111, 29], "uv_size": [17, 1]},
								"south": {"uv": [87, 41], "uv_size": [4, 1]},
								"west": {"uv": [111, 38], "uv_size": [17, 1]},
								"up": {"uv": [40, 85], "uv_size": [4, 17]},
								"down": {"uv": [44, 102], "uv_size": [4, -17]}
							}
						},
						{
							"origin": [-1.6, 6.86167, -54.46679],
							"size": [3.2, 1, 11],
							"pivot": [0, 5.86167, -32.46679],
							"rotation": [15, 0, 0],
							"uv": {
								"north": {"uv": [94, 48], "uv_size": [3, 1]},
								"east": {"uv": [47, 69], "uv_size": [11, 1]},
								"south": {"uv": [6, 96], "uv_size": [3, 1]},
								"west": {"uv": [115, 37], "uv_size": [11, 1]},
								"up": {"uv": [67, 97], "uv_size": [3, 11]},
								"down": {"uv": [14, 110], "uv_size": [3, -11]}
							}
						}
					]
				},
				{
					"name": "Tail",
					"parent": "bone",
					"pivot": [0, 10, 27]
				},
				{
					"name": "bone6",
					"parent": "Tail",
					"pivot": [0, 10, 26],
					"cubes": [
						{
							"origin": [-4, 9.7, 23.88002],
							"size": [8, 5, 9],
							"pivot": [4, 9.94198, 25.88002],
							"rotation": [-10, 0, 0],
							"uv": {
								"north": {"uv": [95, 30], "uv_size": [8, 5]},
								"east": {"uv": [93, 15], "uv_size": [9, 5]},
								"south": {"uv": [55, 95], "uv_size": [8, 5]},
								"west": {"uv": [94, 81], "uv_size": [9, 5]},
								"up": {"uv": [10, 81], "uv_size": [8, 9]},
								"down": {"uv": [82, 9], "uv_size": [8, -9]}
							}
						},
						{
							"origin": [-3.5, 3.99, 24.89044],
							"size": [7, 7, 8],
							"pivot": [3.5, 9.12933, 25.89044],
							"rotation": [15, 0, 0],
							"uv": {
								"north": {"uv": [91, 41], "uv_size": [7, 7]},
								"east": {"uv": [91, 56], "uv_size": [7, 7]},
								"south": {"uv": [91, 74], "uv_size": [7, 7]},
								"west": {"uv": [92, 8], "uv_size": [7, 7]},
								"up": {"uv": [16, 92], "uv_size": [7, 7]},
								"down": {"uv": [48, 99], "uv_size": [7, -7]}
							}
						}
					]
				},
				{
					"name": "bone7",
					"parent": "bone6",
					"pivot": [0, 9, 33],
					"cubes": [
						{
							"origin": [-3, 10.40113, 34.86611],
							"size": [6, 5, 5],
							"pivot": [4, 21.6431, 22.86611],
							"rotation": [-10, 0, 0],
							"uv": {
								"north": {"uv": [79, 74], "uv_size": [6, 5]},
								"east": {"uv": [103, 56], "uv_size": [5, 5]},
								"south": {"uv": [17, 99], "uv_size": [6, 5]},
								"west": {"uv": [98, 103], "uv_size": [5, 5]},
								"up": {"uv": [56, 100], "uv_size": [6, 5]},
								"down": {"uv": [0, 107], "uv_size": [6, -5]}
							}
						},
						{
							"origin": [-2.5, 5.97685, 32.98208],
							"size": [5, 5, 5],
							"uv": {
								"north": {"uv": [103, 103], "uv_size": [5, 5]},
								"east": {"uv": [17, 104], "uv_size": [5, 5]},
								"south": {"uv": [22, 104], "uv_size": [5, 5]},
								"west": {"uv": [47, 104], "uv_size": [5, 5]},
								"up": {"uv": [70, 104], "uv_size": [5, 5]},
								"down": {"uv": [75, 109], "uv_size": [5, -5]}
							}
						}
					]
				},
				{
					"name": "bone8",
					"parent": "bone7",
					"pivot": [0, 9, 38],
					"cubes": [
						{
							"origin": [-2, 9.70653, 39.80534],
							"size": [4, 5, 4],
							"pivot": [4, 20.94851, 26.80534],
							"rotation": [-10, 0, 0],
							"uv": {
								"north": {"uv": [110, 59], "uv_size": [4, 5]},
								"east": {"uv": [110, 64], "uv_size": [4, 5]},
								"south": {"uv": [110, 89], "uv_size": [4, 5]},
								"west": {"uv": [110, 94], "uv_size": [4, 5]},
								"up": {"uv": [114, 88], "uv_size": [4, 4]},
								"down": {"uv": [114, 96], "uv_size": [4, -4]}
							}
						},
						{
							"origin": [-1.5, 6.0791, 38.95645],
							"size": [3, 5, 4],
							"pivot": [3.96498, 10.39421, 40.96682],
							"rotation": [24.91698, 0, 0],
							"uv": {
								"north": {"uv": [100, 116], "uv_size": [3, 5]},
								"east": {"uv": [0, 111], "uv_size": [4, 5]},
								"south": {"uv": [103, 116], "uv_size": [3, 5]},
								"west": {"uv": [111, 3], "uv_size": [4, 5]},
								"up": {"uv": [118, 12], "uv_size": [3, 4]},
								"down": {"uv": [19, 122], "uv_size": [3, -4]}
							}
						},
						{
							"origin": [-1.06806, 1.27953, 36.26747],
							"size": [2, 5, 4],
							"pivot": [3.93194, 5.59464, 40.27784],
							"rotation": [-97.58302, 1.10373, 0.23597],
							"uv": {
								"north": {"uv": [120, 18], "uv_size": [2, 5]},
								"east": {"uv": [4, 111], "uv_size": [4, 5]},
								"south": {"uv": [120, 23], "uv_size": [2, 5]},
								"west": {"uv": [111, 19], "uv_size": [4, 5]},
								"up": {"uv": [18, 81], "uv_size": [2, 4]},
								"down": {"uv": [83, 26], "uv_size": [2, -4]}
							}
						}
					]
				},
				{
					"name": "Fin",
					"parent": "bone",
					"pivot": [7, 4, -16],
					"rotation": [0, 0, -30]
				},
				{
					"name": "bone9",
					"parent": "Fin",
					"pivot": [7, 6, -16],
					"rotation": [0, 0, -10],
					"cubes": [
						{
							"origin": [5, 1, -18],
							"size": [4, 5, 5],
							"pivot": [7, 4, -16],
							"rotation": [35, 0, 0],
							"uv": {
								"north": {"uv": [111, 24], "uv_size": [4, 5]},
								"east": {"uv": [27, 105], "uv_size": [5, 5]},
								"south": {"uv": [111, 33], "uv_size": [4, 5]},
								"west": {"uv": [52, 105], "uv_size": [5, 5]},
								"up": {"uv": [111, 45], "uv_size": [4, 5]},
								"down": {"uv": [60, 116], "uv_size": [4, -5]}
							}
						},
						{
							"origin": [5.25, -2, -17],
							"size": [3.5, 5, 5],
							"pivot": [7, 4, -16],
							"rotation": [2.63669, 0, 0],
							"uv": {
								"north": {"uv": [111, 69], "uv_size": [4, 5]},
								"east": {"uv": [57, 105], "uv_size": [5, 5]},
								"south": {"uv": [111, 74], "uv_size": [4, 5]},
								"west": {"uv": [105, 91], "uv_size": [5, 5]},
								"up": {"uv": [111, 104], "uv_size": [4, 5]},
								"down": {"uv": [111, 114], "uv_size": [4, -5]}
							}
						},
						{
							"origin": [5.5, -6.94153, -17.6183],
							"size": [3, 5, 5],
							"pivot": [7.02455, 3.05847, -16.6183],
							"rotation": [10.13669, 0, 0],
							"uv": {
								"north": {"uv": [106, 116], "uv_size": [3, 5]},
								"east": {"uv": [105, 96], "uv_size": [5, 5]},
								"south": {"uv": [13, 117], "uv_size": [3, 5]},
								"west": {"uv": [6, 106], "uv_size": [5, 5]},
								"up": {"uv": [16, 117], "uv_size": [3, 5]},
								"down": {"uv": [117, 24], "uv_size": [3, -5]}
							}
						},
						{
							"origin": [6.02455, -12.94153, -14.6183],
							"size": [2, 8, 3],
							"pivot": [7.02455, 3.05847, -16.6183],
							"rotation": [10.13669, 0, 0],
							"uv": {
								"north": {"uv": [33, 59], "uv_size": [2, 8]},
								"east": {"uv": [32, 105], "uv_size": [3, 8]},
								"south": {"uv": [111, 114], "uv_size": [2, 8]},
								"west": {"uv": [11, 106], "uv_size": [3, 8]},
								"up": {"uv": [101, 121], "uv_size": [2, 3]},
								"down": {"uv": [103, 124], "uv_size": [2, -3]}
							}
						},
						{
							"origin": [5.55, -6.94153, -12.6183],
							"size": [3.1, 10, 3],
							"pivot": [7.02455, 3.05847, -16.6183],
							"rotation": [-2.36331, 0, 0],
							"uv": {
								"north": {"uv": [35, 101], "uv_size": [3, 10]},
								"east": {"uv": [83, 101], "uv_size": [3, 10]},
								"south": {"uv": [38, 102], "uv_size": [3, 10]},
								"west": {"uv": [41, 102], "uv_size": [3, 10]},
								"up": {"uv": [86, 120], "uv_size": [3, 3]},
								"down": {"uv": [89, 123], "uv_size": [3, -3]}
							}
						},
						{
							"origin": [5.7988, -13.9808, -21.3236],
							"size": [2.2, 6, 3],
							"pivot": [6.9988, 2.0192, -20.3236],
							"rotation": [32.44986, 0, 0],
							"uv": {
								"north": {"uv": [72, 117], "uv_size": [2, 6]},
								"east": {"uv": [64, 111], "uv_size": [3, 6]},
								"south": {"uv": [22, 118], "uv_size": [2, 6]},
								"west": {"uv": [21, 112], "uv_size": [3, 6]},
								"up": {"uv": [97, 121], "uv_size": [2, 3]},
								"down": {"uv": [99, 124], "uv_size": [2, -3]}
							}
						},
						{
							"origin": [5.75, -17.19623, -19.53659],
							"size": [2.5, 3, 3],
							"pivot": [7.04507, -5.19623, -18.53659],
							"rotation": [47.44986, 0, 0],
							"uv": {
								"north": {"uv": [55, 92], "uv_size": [3, 3]},
								"east": {"uv": [99, 12], "uv_size": [3, 3]},
								"south": {"uv": [8, 111], "uv_size": [3, 3]},
								"west": {"uv": [120, 76], "uv_size": [3, 3]},
								"up": {"uv": [120, 79], "uv_size": [3, 3]},
								"down": {"uv": [83, 123], "uv_size": [3, -3]}
							}
						}
					]
				},
				{
					"name": "Fin2",
					"parent": "bone",
					"pivot": [-7, 4, -16],
					"rotation": [0, 0, 30]
				},
				{
					"name": "bone10",
					"parent": "Fin2",
					"pivot": [-7, 6, -16],
					"rotation": [0, 0, 10],
					"cubes": [
						{
							"origin": [-9, 1, -18],
							"size": [4, 5, 5],
							"pivot": [-7, 4, -16],
							"rotation": [35, 0, 0],
							"uv": {
								"north": {"uv": [17, 112], "uv_size": [4, 5]},
								"east": {"uv": [106, 20], "uv_size": [5, 5]},
								"south": {"uv": [35, 112], "uv_size": [4, 5]},
								"west": {"uv": [106, 25], "uv_size": [5, 5]},
								"up": {"uv": [39, 112], "uv_size": [4, 5]},
								"down": {"uv": [43, 117], "uv_size": [4, -5]}
							}
						},
						{
							"origin": [-8.75, -2, -17],
							"size": [3.5, 5, 5],
							"pivot": [-7, 4, -16],
							"rotation": [2.63669, 0, 0],
							"uv": {
								"north": {"uv": [112, 50], "uv_size": [4, 5]},
								"east": {"uv": [106, 47], "uv_size": [5, 5]},
								"south": {"uv": [70, 112], "uv_size": [4, 5]},
								"west": {"uv": [62, 106], "uv_size": [5, 5]},
								"up": {"uv": [112, 79], "uv_size": [4, 5]},
								"down": {"uv": [80, 117], "uv_size": [4, -5]}
							}
						},
						{
							"origin": [-8.5, -6.94153, -17.6183],
							"size": [3, 5, 5],
							"pivot": [-7.02455, 3.05847, -16.6183],
							"rotation": [10.13669, 0, 0],
							"uv": {
								"north": {"uv": [117, 24], "uv_size": [3, 5]},
								"east": {"uv": [106, 71], "uv_size": [5, 5]},
								"south": {"uv": [31, 117], "uv_size": [3, 5]},
								"west": {"uv": [106, 76], "uv_size": [5, 5]},
								"up": {"uv": [34, 117], "uv_size": [3, 5]},
								"down": {"uv": [37, 122], "uv_size": [3, -5]}
							}
						},
						{
							"origin": [-8.02455, -12.94153, -14.6183],
							"size": [2, 8, 3],
							"pivot": [-7.02455, 3.05847, -16.6183],
							"rotation": [10.13669, 0, 0],
							"uv": {
								"north": {"uv": [113, 114], "uv_size": [2, 8]},
								"east": {"uv": [107, 61], "uv_size": [3, 8]},
								"south": {"uv": [115, 19], "uv_size": [2, 8]},
								"west": {"uv": [67, 108], "uv_size": [3, 8]},
								"up": {"uv": [105, 121], "uv_size": [2, 3]},
								"down": {"uv": [107, 124], "uv_size": [2, -3]}
							}
						},
						{
							"origin": [-8.65, -6.94153, -12.6183],
							"size": [3.1, 10, 3],
							"pivot": [-7.02455, 3.05847, -16.6183],
							"rotation": [-2.36331, 0, 0],
							"uv": {
								"north": {"uv": [44, 102], "uv_size": [3, 10]},
								"east": {"uv": [103, 20], "uv_size": [3, 10]},
								"south": {"uv": [103, 71], "uv_size": [3, 10]},
								"west": {"uv": [103, 81], "uv_size": [3, 10]},
								"up": {"uv": [120, 112], "uv_size": [3, 3]},
								"down": {"uv": [120, 118], "uv_size": [3, -3]}
							}
						},
						{
							"origin": [-7.9988, -13.9808, -21.3236],
							"size": [2.2, 6, 3],
							"pivot": [-6.9988, 2.0192, -20.3236],
							"rotation": [32.44986, 0, 0],
							"uv": {
								"north": {"uv": [49, 118], "uv_size": [2, 6]},
								"east": {"uv": [74, 112], "uv_size": [3, 6]},
								"south": {"uv": [51, 118], "uv_size": [2, 6]},
								"west": {"uv": [94, 112], "uv_size": [3, 6]},
								"up": {"uv": [121, 107], "uv_size": [2, 3]},
								"down": {"uv": [120, 124], "uv_size": [2, -3]}
							}
						},
						{
							"origin": [-8.25, -17.19623, -19.53659],
							"size": [2.5, 3, 3],
							"pivot": [-7.04507, -5.19623, -18.53659],
							"rotation": [47.44986, 0, 0],
							"uv": {
								"north": {"uv": [120, 118], "uv_size": [3, 3]},
								"east": {"uv": [121, 0], "uv_size": [3, 3]},
								"south": {"uv": [121, 7], "uv_size": [3, 3]},
								"west": {"uv": [8, 121], "uv_size": [3, 3]},
								"up": {"uv": [121, 10], "uv_size": [3, 3]},
								"down": {"uv": [121, 16], "uv_size": [3, -3]}
							}
						}
					]
				},
				{
					"name": "Fin3",
					"parent": "bone",
					"pivot": [6, 3, 16],
					"rotation": [-0.02381, -0.32379, -39.99291]
				},
				{
					"name": "bone11",
					"parent": "Fin3",
					"pivot": [6, 4, 14],
					"cubes": [
						{
							"origin": [4, 1, 13],
							"size": [4, 4, 4],
							"pivot": [6, 3, 16],
							"rotation": [-27.5, 0, 0],
							"uv": {
								"north": {"uv": [115, 3], "uv_size": [4, 4]},
								"east": {"uv": [27, 115], "uv_size": [4, 4]},
								"south": {"uv": [115, 33], "uv_size": [4, 4]},
								"west": {"uv": [115, 45], "uv_size": [4, 4]},
								"up": {"uv": [115, 68], "uv_size": [4, 4]},
								"down": {"uv": [115, 76], "uv_size": [4, -4]}
							}
						},
						{
							"origin": [4.25, 0, 14],
							"size": [3.5, 4, 9],
							"pivot": [6, 3, 16],
							"rotation": [-45, 0, 0],
							"uv": {
								"north": {"uv": [115, 104], "uv_size": [4, 4]},
								"east": {"uv": [96, 91], "uv_size": [9, 4]},
								"south": {"uv": [115, 108], "uv_size": [4, 4]},
								"west": {"uv": [96, 95], "uv_size": [9, 4]},
								"up": {"uv": [6, 97], "uv_size": [4, 9]},
								"down": {"uv": [10, 106], "uv_size": [4, -9]}
							}
						},
						{
							"origin": [4.9, 5, 17],
							"size": [2.2, 4, 8],
							"pivot": [6, 3, 16],
							"rotation": [-62.5, 0, 0],
							"uv": {
								"north": {"uv": [115, 120], "uv_size": [2, 4]},
								"east": {"uv": [99, 67], "uv_size": [8, 4]},
								"south": {"uv": [11, 121], "uv_size": [2, 4]},
								"west": {"uv": [88, 99], "uv_size": [8, 4]},
								"up": {"uv": [115, 112], "uv_size": [2, 8]},
								"down": {"uv": [0, 124], "uv_size": [2, -8]}
							}
						},
						{
							"origin": [5, 1.15752, 22.0006],
							"size": [2, 3, 8],
							"pivot": [6, -1.84248, 17.0006],
							"rotation": [-47.5, 0, 0],
							"uv": {
								"north": {"uv": [122, 3], "uv_size": [2, 3]},
								"east": {"uv": [108, 0], "uv_size": [8, 3]},
								"south": {"uv": [13, 122], "uv_size": [2, 3]},
								"west": {"uv": [108, 30], "uv_size": [8, 3]},
								"up": {"uv": [2, 116], "uv_size": [2, 8]},
								"down": {"uv": [4, 124], "uv_size": [2, -8]}
							}
						},
						{
							"origin": [4.95, 2.15752, 30.0006],
							"size": [2.1, 2, 5],
							"pivot": [6, -1.84248, 17.0006],
							"rotation": [-47.5, 0, 0],
							"uv": {
								"north": {"uv": [33, 67], "uv_size": [2, 2]},
								"east": {"uv": [120, 39], "uv_size": [5, 2]},
								"south": {"uv": [88, 49], "uv_size": [2, 2]},
								"west": {"uv": [120, 41], "uv_size": [5, 2]},
								"up": {"uv": [120, 49], "uv_size": [2, 5]},
								"down": {"uv": [59, 125], "uv_size": [2, -5]}
							}
						},
						{
							"origin": [4.5, 0.88348, 13.78381],
							"size": [3, 4, 8],
							"uv": {
								"north": {"uv": [74, 118], "uv_size": [3, 4]},
								"east": {"uv": [96, 99], "uv_size": [8, 4]},
								"south": {"uv": [118, 88], "uv_size": [3, 4]},
								"west": {"uv": [48, 100], "uv_size": [8, 4]},
								"up": {"uv": [98, 108], "uv_size": [3, 8]},
								"down": {"uv": [101, 116], "uv_size": [3, -8]}
							}
						},
						{
							"origin": [4.5, -0.91621, 22.16052],
							"size": [3, 4, 5],
							"pivot": [6, 2.08379, 16.16052],
							"rotation": [-40, 0, 0],
							"uv": {
								"north": {"uv": [53, 118], "uv_size": [3, 4]},
								"east": {"uv": [84, 112], "uv_size": [5, 4]},
								"south": {"uv": [56, 118], "uv_size": [3, 4]},
								"west": {"uv": [112, 84], "uv_size": [5, 4]},
								"up": {"uv": [40, 117], "uv_size": [3, 5]},
								"down": {"uv": [43, 122], "uv_size": [3, -5]}
							}
						},
						{
							"origin": [4.4, -2.09179, 26.18786],
							"size": [3.2, 4, 5],
							"pivot": [6, 0.90821, 16.18786],
							"rotation": [-35, 0, 0],
							"uv": {
								"north": {"uv": [118, 92], "uv_size": [3, 4]},
								"east": {"uv": [89, 112], "uv_size": [5, 4]},
								"south": {"uv": [94, 118], "uv_size": [3, 4]},
								"west": {"uv": [113, 8], "uv_size": [5, 4]},
								"up": {"uv": [64, 117], "uv_size": [3, 5]},
								"down": {"uv": [69, 122], "uv_size": [3, -5]}
							}
						},
						{
							"origin": [4.5, -3.87563, 29.19651],
							"size": [3, 2, 7],
							"pivot": [6, -0.87563, 12.19651],
							"rotation": [-22.5, 0, 0],
							"uv": {
								"north": {"uv": [103, 61], "uv_size": [3, 2]},
								"east": {"uv": [116, 57], "uv_size": [7, 2]},
								"south": {"uv": [104, 101], "uv_size": [3, 2]},
								"west": {"uv": [116, 101], "uv_size": [7, 2]},
								"up": {"uv": [47, 109], "uv_size": [3, 7]},
								"down": {"uv": [77, 116], "uv_size": [3, -7]}
							}
						}
					]
				},
				{
					"name": "Fin4",
					"parent": "bone",
					"pivot": [-6, 3, 16],
					"rotation": [-0.02381, 0.32379, 39.99291]
				},
				{
					"name": "bone12",
					"parent": "Fin4",
					"pivot": [-6, 4, 14],
					"cubes": [
						{
							"origin": [-8, 1, 13],
							"size": [4, 4, 4],
							"pivot": [-6, 3, 16],
							"rotation": [-27.5, 0, 0],
							"uv": {
								"north": {"uv": [116, 39], "uv_size": [4, 4]},
								"east": {"uv": [116, 49], "uv_size": [4, 4]},
								"south": {"uv": [116, 53], "uv_size": [4, 4]},
								"west": {"uv": [60, 116], "uv_size": [4, 4]},
								"up": {"uv": [116, 76], "uv_size": [4, 4]},
								"down": {"uv": [116, 84], "uv_size": [4, -4]}
							}
						},
						{
							"origin": [-7.75, 0, 14],
							"size": [3.5, 4, 9],
							"pivot": [-6, 3, 16],
							"rotation": [-45, 0, 0],
							"uv": {
								"north": {"uv": [84, 116], "uv_size": [4, 4]},
								"east": {"uv": [97, 48], "uv_size": [9, 4]},
								"south": {"uv": [88, 116], "uv_size": [4, 4]},
								"west": {"uv": [97, 52], "uv_size": [9, 4]},
								"up": {"uv": [63, 97], "uv_size": [4, 9]},
								"down": {"uv": [98, 48], "uv_size": [4, -9]}
							}
						},
						{
							"origin": [-7.1, 5, 17],
							"size": [2.2, 4, 8],
							"pivot": [-6, 3, 16],
							"rotation": [-62.5, 0, 0],
							"uv": {
								"north": {"uv": [77, 121], "uv_size": [2, 4]},
								"east": {"uv": [70, 100], "uv_size": [8, 4]},
								"south": {"uv": [121, 88], "uv_size": [2, 4]},
								"west": {"uv": [27, 101], "uv_size": [8, 4]},
								"up": {"uv": [6, 116], "uv_size": [2, 8]},
								"down": {"uv": [24, 124], "uv_size": [2, -8]}
							}
						},
						{
							"origin": [-7, 1.15752, 22.0006],
							"size": [2, 3, 8],
							"pivot": [-6, -1.84248, 17.0006],
							"rotation": [-47.5, 0, 0],
							"uv": {
								"north": {"uv": [15, 122], "uv_size": [2, 3]},
								"east": {"uv": [108, 56], "uv_size": [8, 3]},
								"south": {"uv": [17, 122], "uv_size": [2, 3]},
								"west": {"uv": [108, 101], "uv_size": [8, 3]},
								"up": {"uv": [47, 116], "uv_size": [2, 8]},
								"down": {"uv": [67, 124], "uv_size": [2, -8]}
							}
						},
						{
							"origin": [-7.05, 2.15752, 30.0006],
							"size": [2.1, 2, 5],
							"pivot": [-6, -1.84248, 17.0006],
							"rotation": [-47.5, 0, 0],
							"uv": {
								"north": {"uv": [16, 90], "uv_size": [2, 2]},
								"east": {"uv": [120, 54], "uv_size": [5, 2]},
								"south": {"uv": [93, 20], "uv_size": [2, 2]},
								"west": {"uv": [120, 59], "uv_size": [5, 2]},
								"up": {"uv": [61, 120], "uv_size": [2, 5]},
								"down": {"uv": [120, 66], "uv_size": [2, -5]}
							}
						},
						{
							"origin": [-7.5, 0.88348, 13.78381],
							"size": [3, 4, 8],
							"uv": {
								"north": {"uv": [119, 3], "uv_size": [3, 4]},
								"east": {"uv": [102, 12], "uv_size": [8, 4]},
								"south": {"uv": [26, 119], "uv_size": [3, 4]},
								"west": {"uv": [102, 16], "uv_size": [8, 4]},
								"up": {"uv": [104, 108], "uv_size": [3, 8]},
								"down": {"uv": [108, 112], "uv_size": [3, -8]}
							}
						},
						{
							"origin": [-7.5, -0.91621, 22.16052],
							"size": [3, 4, 5],
							"pivot": [-6, 2.08379, 16.16052],
							"rotation": [-40, 0, 0],
							"uv": {
								"north": {"uv": [119, 32], "uv_size": [3, 4]},
								"east": {"uv": [113, 12], "uv_size": [5, 4]},
								"south": {"uv": [119, 45], "uv_size": [3, 4]},
								"west": {"uv": [8, 114], "uv_size": [5, 4]},
								"up": {"uv": [80, 117], "uv_size": [3, 5]},
								"down": {"uv": [117, 117], "uv_size": [3, -5]}
							}
						},
						{
							"origin": [-7.6, -2.09179, 26.18786],
							"size": [3.2, 4, 5],
							"pivot": [-6, 0.90821, 16.18786],
							"rotation": [-35, 0, 0],
							"uv": {
								"north": {"uv": [119, 68], "uv_size": [3, 4]},
								"east": {"uv": [50, 114], "uv_size": [5, 4]},
								"south": {"uv": [119, 72], "uv_size": [3, 4]},
								"west": {"uv": [55, 114], "uv_size": [5, 4]},
								"up": {"uv": [117, 117], "uv_size": [3, 5]},
								"down": {"uv": [118, 12], "uv_size": [3, -5]}
							}
						},
						{
							"origin": [-7.5, -3.87563, 29.19651],
							"size": [3, 2, 7],
							"pivot": [-6, -0.87563, 12.19651],
							"rotation": [-22.5, 0, 0],
							"uv": {
								"north": {"uv": [106, 89], "uv_size": [3, 2]},
								"east": {"uv": [117, 84], "uv_size": [7, 2]},
								"south": {"uv": [107, 69], "uv_size": [3, 2]},
								"west": {"uv": [117, 86], "uv_size": [7, 2]},
								"up": {"uv": [110, 12], "uv_size": [3, 7]},
								"down": {"uv": [14, 117], "uv_size": [3, -7]}
							}
						}
					]
				}
			]
		}
	]
}