{
	"format_version": "1.12.0",
	"minecraft:geometry": [
		{
			"description": {
				"identifier": "geometry.miragaia",
				"texture_width": 256,
				"texture_height": 256,
				"visible_bounds_width": 12,
				"visible_bounds_height": 5.5,
				"visible_bounds_offset": [
					0,
					2.25,
					0
				]
			},
			"bones": [
				{
					"name": "bone",
					"pivot": [
						0,
						28,
						11
					],
					"cubes": [
						{
							"origin": [
								-10.5,
								18,
								1
							],
							"size": [
								21,
								23,
								9
							],
							"uv": [
								0,
								105
							]
						},
						{
							"origin": [
								-10,
								16,
								1
							],
							"size": [
								20,
								23,
								9
							],
							"pivot": [
								0,
								16,
								9
							],
							"rotation": [
								12.5,
								0,
								0
							],
							"uv": [
								111,
								25
							]
						},
						{
							"origin": [
								-10.5,
								14.22108,
								-7.75675
							],
							"size": [
								21,
								23,
								9
							],
							"uv": [
								62,
								82
							]
						},
						{
							"origin": [
								-10,
								14.22108,
								-20.75675
							],
							"size": [
								20,
								18,
								13
							],
							"pivot": [
								0,
								14,
								-8
							],
							"rotation": [
								-32.5,
								0,
								0
							],
							"uv": [
								55,
								51
							]
						},
						{
							"origin": [
								-10,
								22,
								10
							],
							"size": [
								20,
								19,
								14
							],
							"pivot": [
								0,
								39,
								11
							],
							"rotation": [
								-5,
								0,
								0
							],
							"uv": [
								0,
								31
							]
						},
						{
							"origin": [
								-8.5,
								20.98421,
								11.73452
							],
							"size": [
								17,
								10,
								11
							],
							"pivot": [
								0,
								24,
								22
							],
							"rotation": [
								42.5,
								0,
								0
							],
							"uv": [
								0,
								137
							]
						},
						{
							"origin": [
								-9.5,
								14.82888,
								4.56291
							],
							"size": [
								19,
								10,
								12
							],
							"pivot": [
								0,
								16,
								16
							],
							"rotation": [
								-5,
								0,
								0
							],
							"uv": [
								93,
								0
							]
						},
						{
							"origin": [
								-12,
								18,
								-6
							],
							"size": [
								24,
								23,
								7
							],
							"pivot": [
								0,
								41,
								1
							],
							"rotation": [
								7.5,
								0,
								0
							],
							"uv": [
								0,
								75
							]
						},
						{
							"origin": [
								-11.5,
								26.08632,
								-23.05989
							],
							"size": [
								23,
								14,
								17
							],
							"pivot": [
								0,
								41,
								-6
							],
							"rotation": [
								15,
								0,
								0
							],
							"uv": [
								0,
								0
							]
						}
					]
				},
				{
					"name": "bone2",
					"parent": "bone",
					"pivot": [
						0,
						36,
						24
					],
					"cubes": [
						{
							"origin": [
								-8,
								27,
								23
							],
							"size": [
								16,
								13,
								14
							],
							"pivot": [
								0,
								36,
								24
							],
							"rotation": [
								-5,
								0,
								0
							],
							"uv": [
								108,
								100
							]
						},
						{
							"origin": [
								-7.5,
								23,
								16
							],
							"size": [
								15,
								13,
								14
							],
							"pivot": [
								0,
								36,
								24
							],
							"rotation": [
								27.5,
								0,
								0
							],
							"uv": [
								60,
								114
							]
						}
					]
				},
				{
					"name": "bone3",
					"parent": "bone2",
					"pivot": [
						0,
						36,
						37
					],
					"cubes": [
						{
							"origin": [
								-5,
								32,
								36
							],
							"size": [
								10,
								6,
								19
							],
							"pivot": [
								0,
								36,
								37
							],
							"rotation": [
								-5,
								0,
								0
							],
							"uv": [
								113,
								63
							]
						},
						{
							"origin": [
								-4.5,
								27,
								34
							],
							"size": [
								9,
								6,
								19
							],
							"pivot": [
								0,
								36,
								37
							],
							"rotation": [
								7.5,
								0,
								0
							],
							"uv": [
								99,
								127
							]
						}
					]
				},
				{
					"name": "bone4",
					"parent": "bone3",
					"pivot": [
						0,
						33,
						54
					],
					"cubes": [
						{
							"origin": [
								-3,
								33,
								53
							],
							"size": [
								6,
								3,
								27
							],
							"pivot": [
								0,
								33,
								54
							],
							"rotation": [
								-7.5,
								0,
								0
							],
							"uv": [
								54,
								4
							]
						},
						{
							"origin": [
								-2.5,
								30,
								52
							],
							"size": [
								5,
								3,
								16
							],
							"pivot": [
								0,
								33,
								54
							],
							"rotation": [
								5,
								0,
								0
							],
							"uv": [
								139,
								6
							]
						}
					]
				},
				{
					"name": "bone6",
					"parent": "bone4",
					"pivot": [
						3,
						33,
						74
					],
					"rotation": [
						-35,
						0,
						0
					],
					"cubes": [
						{
							"origin": [
								0.85,
								32,
								74
							],
							"size": [
								2.58,
								2.72,
								2.58
							],
							"pivot": [
								3,
								33,
								74
							],
							"rotation": [
								0,
								0,
								25
							],
							"uv": [
								0,
								158
							]
						},
						{
							"origin": [
								2.14,
								34.88115,
								74.43
							],
							"size": [
								1.72,
								7.3,
								1.72
							],
							"pivot": [
								3,
								34.72,
								74
							],
							"rotation": [
								-17.5,
								0,
								25
							],
							"uv": [
								106,
								34
							]
						}
					]
				},
				{
					"name": "bone7",
					"parent": "bone4",
					"pivot": [
						-3,
						33,
						74
					],
					"rotation": [
						-35,
						0,
						0
					],
					"cubes": [
						{
							"origin": [
								-3.43,
								32,
								74
							],
							"size": [
								2.58,
								2.72,
								2.58
							],
							"pivot": [
								-3,
								33,
								74
							],
							"rotation": [
								0,
								0,
								-25
							],
							"uv": [
								152,
								78
							]
						},
						{
							"origin": [
								-3.86,
								34.88115,
								74.43
							],
							"size": [
								1.72,
								7.3,
								1.72
							],
							"pivot": [
								-3,
								34.72,
								74
							],
							"rotation": [
								-17.5,
								0,
								-25
							],
							"uv": [
								0,
								74
							]
						}
					]
				},
				{
					"name": "bone8",
					"parent": "bone4",
					"pivot": [
						-3,
						34,
						67
					],
					"rotation": [
						-35,
						0,
						0
					],
					"cubes": [
						{
							"origin": [
								-3.43,
								33,
								67
							],
							"size": [
								2.58,
								6.72,
								2.58
							],
							"pivot": [
								-3,
								34,
								67
							],
							"rotation": [
								0,
								0,
								-25
							],
							"uv": [
								104,
								152
							]
						},
						{
							"origin": [
								-3.86,
								39.88115,
								66.43
							],
							"size": [
								1.72,
								7.3,
								1.72
							],
							"pivot": [
								-3,
								35.72,
								67
							],
							"rotation": [
								-17.5,
								0,
								-25
							],
							"uv": [
								72,
								34
							]
						}
					]
				},
				{
					"name": "bone9",
					"parent": "bone4",
					"pivot": [
						3,
						34,
						67
					],
					"rotation": [
						-35,
						0,
						0
					],
					"cubes": [
						{
							"origin": [
								0.85,
								33,
								67
							],
							"size": [
								2.58,
								9.72,
								2.58
							],
							"pivot": [
								3,
								34,
								67
							],
							"rotation": [
								0,
								0,
								25
							],
							"uv": [
								168,
								190
							]
						},
						{
							"origin": [
								2.14,
								41.88115,
								65.43
							],
							"size": [
								1.72,
								10.3,
								1.72
							],
							"pivot": [
								3,
								35.72,
								67
							],
							"rotation": [
								-17.5,
								0,
								25
							],
							"uv": [
								191,
								26
							]
						}
					]
				},
				{
					"name": "bone10",
					"parent": "bone4",
					"pivot": [
						3,
						34,
						60
					],
					"rotation": [
						-35,
						0,
						0
					],
					"cubes": [
						{
							"origin": [
								0.85,
								33,
								60
							],
							"size": [
								2.58,
								9.72,
								2.58
							],
							"pivot": [
								3,
								34,
								60
							],
							"rotation": [
								0,
								0,
								25
							],
							"uv": [
								190,
								151
							]
						},
						{
							"origin": [
								2.14,
								41.88115,
								59.43
							],
							"size": [
								1.72,
								10.3,
								1.72
							],
							"pivot": [
								3,
								35.72,
								60
							],
							"rotation": [
								-10,
								0,
								25
							],
							"uv": [
								191,
								0
							]
						}
					]
				},
				{
					"name": "bone11",
					"parent": "bone4",
					"pivot": [
						-3,
						34,
						60
					],
					"rotation": [
						-35,
						0,
						0
					],
					"cubes": [
						{
							"origin": [
								-3.43,
								33,
								60
							],
							"size": [
								2.58,
								9.72,
								2.58
							],
							"pivot": [
								-3,
								34,
								60
							],
							"rotation": [
								0,
								0,
								-25
							],
							"uv": [
								168,
								106
							]
						},
						{
							"origin": [
								-3.86,
								41.88115,
								59.43
							],
							"size": [
								1.72,
								10.3,
								1.72
							],
							"pivot": [
								-3,
								35.72,
								60
							],
							"rotation": [
								-10,
								0,
								-25
							],
							"uv": [
								190,
								177
							]
						}
					]
				},
				{
					"name": "bone12",
					"parent": "bone4",
					"pivot": [
						-3,
						34,
						55
					],
					"rotation": [
						-25,
						0,
						0
					],
					"cubes": [
						{
							"origin": [
								-3.43,
								33,
								55
							],
							"size": [
								2.58,
								9.72,
								2.58
							],
							"pivot": [
								-3,
								34,
								55
							],
							"rotation": [
								0,
								0,
								-25
							],
							"uv": [
								143,
								0
							]
						},
						{
							"origin": [
								-3.86,
								41.88115,
								54.43
							],
							"size": [
								1.72,
								10.3,
								1.72
							],
							"pivot": [
								-3,
								35.72,
								55
							],
							"rotation": [
								-10,
								0,
								-25
							],
							"uv": [
								176,
								106
							]
						}
					]
				},
				{
					"name": "bone13",
					"parent": "bone4",
					"pivot": [
						3,
						34,
						55
					],
					"rotation": [
						-25,
						0,
						0
					],
					"cubes": [
						{
							"origin": [
								0.85,
								33,
								55
							],
							"size": [
								2.58,
								9.72,
								2.58
							],
							"pivot": [
								3,
								34,
								55
							],
							"rotation": [
								0,
								0,
								25
							],
							"uv": [
								0,
								137
							]
						},
						{
							"origin": [
								2.14,
								41.88115,
								54.43
							],
							"size": [
								1.72,
								10.3,
								1.72
							],
							"pivot": [
								3,
								35.72,
								55
							],
							"rotation": [
								-10,
								0,
								25
							],
							"uv": [
								104,
								114
							]
						}
					]
				},
				{
					"name": "bone14",
					"parent": "bone3",
					"pivot": [
						4,
						34,
						46
					],
					"rotation": [
						-25,
						0,
						0
					],
					"cubes": [
						{
							"origin": [
								1.162,
								32.68,
								46
							],
							"size": [
								3.4056,
								12.8304,
								3.4056
							],
							"pivot": [
								4,
								34,
								46
							],
							"rotation": [
								0,
								0,
								25
							],
							"uv": [
								73,
								190
							]
						},
						{
							"origin": [
								2.8648,
								44.40312,
								45.2476
							],
							"size": [
								2.2704,
								11.596,
								2.2704
							],
							"pivot": [
								4,
								36.2704,
								46
							],
							"rotation": [
								-10,
								0,
								25
							],
							"uv": [
								93,
								190
							]
						}
					]
				},
				{
					"name": "bone15",
					"parent": "bone3",
					"pivot": [
						-4,
						34,
						46
					],
					"rotation": [
						-25,
						0,
						0
					],
					"cubes": [
						{
							"origin": [
								-4.5676,
								32.68,
								46
							],
							"size": [
								3.4056,
								12.8304,
								3.4056
							],
							"pivot": [
								-4,
								34,
								46
							],
							"rotation": [
								0,
								0,
								-25
							],
							"uv": [
								61,
								190
							]
						},
						{
							"origin": [
								-5.1352,
								44.40312,
								45.2476
							],
							"size": [
								2.2704,
								11.596,
								2.2704
							],
							"pivot": [
								-4,
								36.2704,
								46
							],
							"rotation": [
								-10,
								0,
								-25
							],
							"uv": [
								94,
								162
							]
						}
					]
				},
				{
					"name": "bone16",
					"parent": "bone3",
					"pivot": [
						-3,
						35,
						38
					],
					"rotation": [
						-25,
						0,
						0
					],
					"cubes": [
						{
							"origin": [
								-3.5676,
								33.68,
								38
							],
							"size": [
								3.4056,
								12.8304,
								3.4056
							],
							"pivot": [
								-3,
								35,
								38
							],
							"rotation": [
								0,
								0,
								-25
							],
							"uv": [
								156,
								187
							]
						},
						{
							"origin": [
								-4.1352,
								45.40312,
								37.2476
							],
							"size": [
								2.2704,
								13.596,
								2.2704
							],
							"pivot": [
								-3,
								37.2704,
								38
							],
							"rotation": [
								-10,
								0,
								-25
							],
							"uv": [
								85,
								190
							]
						}
					]
				},
				{
					"name": "bone17",
					"parent": "bone3",
					"pivot": [
						3,
						35,
						38
					],
					"rotation": [
						-25,
						0,
						0
					],
					"cubes": [
						{
							"origin": [
								0.162,
								33.68,
								38
							],
							"size": [
								3.4056,
								12.8304,
								3.4056
							],
							"pivot": [
								3,
								35,
								38
							],
							"rotation": [
								0,
								0,
								25
							],
							"uv": [
								12,
								187
							]
						},
						{
							"origin": [
								1.8648,
								45.40312,
								37.2476
							],
							"size": [
								2.2704,
								13.596,
								2.2704
							],
							"pivot": [
								3,
								37.2704,
								38
							],
							"rotation": [
								-10,
								0,
								25
							],
							"uv": [
								89,
								141
							]
						}
					]
				},
				{
					"name": "bone18",
					"parent": "bone2",
					"pivot": [
						7,
						39,
						29
					],
					"rotation": [
						-32.5,
						0,
						0
					],
					"cubes": [
						{
							"origin": [
								4.162,
								37.68,
								29
							],
							"size": [
								3.4056,
								12.8304,
								3.4056
							],
							"pivot": [
								7,
								39,
								29
							],
							"rotation": [
								0,
								0,
								25
							],
							"uv": [
								0,
								187
							]
						},
						{
							"origin": [
								5.8648,
								49.40312,
								28.2476
							],
							"size": [
								2.2704,
								13.596,
								2.2704
							],
							"pivot": [
								7,
								41.2704,
								29
							],
							"rotation": [
								-10,
								0,
								25
							],
							"uv": [
								63,
								141
							]
						}
					]
				},
				{
					"name": "bone19",
					"parent": "bone2",
					"pivot": [
						-7,
						39,
						29
					],
					"rotation": [
						-32.5,
						0,
						0
					],
					"cubes": [
						{
							"origin": [
								-7.5676,
								37.68,
								29
							],
							"size": [
								3.4056,
								12.8304,
								3.4056
							],
							"pivot": [
								-7,
								39,
								29
							],
							"rotation": [
								0,
								0,
								-25
							],
							"uv": [
								152,
								57
							]
						},
						{
							"origin": [
								-8.1352,
								49.40312,
								28.2476
							],
							"size": [
								2.2704,
								13.596,
								2.2704
							],
							"pivot": [
								-7,
								41.2704,
								29
							],
							"rotation": [
								-10,
								0,
								-25
							],
							"uv": [
								121,
								57
							]
						}
					]
				},
				{
					"name": "bone5",
					"parent": "bone",
					"pivot": [
						0,
						28,
						-19
					],
					"cubes": [
						{
							"origin": [
								-5,
								28,
								-33
							],
							"size": [
								10,
								7,
								15
							],
							"pivot": [
								0,
								28,
								-19
							],
							"rotation": [
								7.5,
								0,
								0
							],
							"uv": [
								140,
								137
							]
						},
						{
							"origin": [
								-4.5,
								27.17263,
								-48.11977
							],
							"size": [
								9,
								6,
								15
							],
							"pivot": [
								0,
								28,
								-33
							],
							"rotation": [
								-5,
								0,
								0
							],
							"uv": [
								152,
								57
							]
						},
						{
							"origin": [
								-4,
								23.99071,
								-42.28647
							],
							"size": [
								8,
								6,
								12
							],
							"uv": [
								154,
								88
							]
						},
						{
							"origin": [
								-3,
								23.99071,
								-51.28647
							],
							"size": [
								6,
								6,
								10
							],
							"pivot": [
								0,
								24,
								-42
							],
							"rotation": [
								-10,
								0,
								0
							],
							"uv": [
								68,
								34
							]
						},
						{
							"origin": [
								-4.5,
								22,
								-32
							],
							"size": [
								9,
								6,
								15
							],
							"pivot": [
								0,
								28,
								-19
							],
							"rotation": [
								-10,
								0,
								0
							],
							"uv": [
								56,
								141
							]
						}
					]
				},
				{
					"name": "bone30",
					"parent": "bone5",
					"pivot": [
						1,
						35,
						-24
					],
					"cubes": [
						{
							"origin": [
								-4,
								35,
								-26
							],
							"size": [
								2,
								3,
								3
							],
							"pivot": [
								1,
								35,
								-24
							],
							"rotation": [
								0,
								0,
								-15
							],
							"uv": [
								23,
								158
							]
						},
						{
							"origin": [
								-3.2,
								36,
								-27
							],
							"size": [
								0.2,
								4,
								4
							],
							"pivot": [
								1,
								35,
								-24
							],
							"rotation": [
								0,
								0,
								-15
							],
							"uv": [
								97,
								137
							]
						}
					]
				},
				{
					"name": "bone34",
					"parent": "bone5",
					"pivot": [
						-1,
						35,
						-24
					],
					"cubes": [
						{
							"origin": [
								2,
								35,
								-26
							],
							"size": [
								2,
								3,
								3
							],
							"pivot": [
								-1,
								35,
								-24
							],
							"rotation": [
								0,
								0,
								15
							],
							"uv": [
								154,
								130
							]
						},
						{
							"origin": [
								2.8,
								36,
								-27
							],
							"size": [
								0.2,
								4,
								4
							],
							"pivot": [
								-1,
								35,
								-24
							],
							"rotation": [
								0,
								0,
								15
							],
							"uv": [
								121,
								74
							]
						}
					]
				},
				{
					"name": "bone31",
					"parent": "bone5",
					"pivot": [
						1,
						35,
						-29
					],
					"rotation": [
						15,
						0,
						0
					],
					"cubes": [
						{
							"origin": [
								-4,
								35,
								-31
							],
							"size": [
								2,
								3,
								3
							],
							"pivot": [
								1,
								35,
								-29
							],
							"rotation": [
								0,
								0,
								-15
							],
							"uv": [
								154,
								106
							]
						},
						{
							"origin": [
								-3.2,
								36,
								-32
							],
							"size": [
								0.2,
								4,
								4
							],
							"pivot": [
								1,
								35,
								-29
							],
							"rotation": [
								0,
								0,
								-15
							],
							"uv": [
								0,
								105
							]
						}
					]
				},
				{
					"name": "bone35",
					"parent": "bone5",
					"pivot": [
						-1,
						35,
						-29
					],
					"rotation": [
						15,
						0,
						0
					],
					"cubes": [
						{
							"origin": [
								2,
								35,
								-31
							],
							"size": [
								2,
								3,
								3
							],
							"pivot": [
								-1,
								35,
								-29
							],
							"rotation": [
								0,
								0,
								15
							],
							"uv": [
								127,
								152
							]
						},
						{
							"origin": [
								2.8,
								36,
								-32
							],
							"size": [
								0.2,
								4,
								4
							],
							"pivot": [
								-1,
								35,
								-29
							],
							"rotation": [
								0,
								0,
								15
							],
							"uv": [
								102,
								42
							]
						}
					]
				},
				{
					"name": "bone32",
					"parent": "bone5",
					"pivot": [
						1,
						34,
						-35
					],
					"rotation": [
						2.5,
						0,
						0
					],
					"cubes": [
						{
							"origin": [
								-4,
								34,
								-37
							],
							"size": [
								2,
								3,
								3
							],
							"pivot": [
								1,
								34,
								-35
							],
							"rotation": [
								0,
								0,
								-15
							],
							"uv": [
								151,
								0
							]
						},
						{
							"origin": [
								-3.1,
								35,
								-38
							],
							"size": [
								0.1,
								4,
								4
							],
							"pivot": [
								1,
								34,
								-35
							],
							"rotation": [
								0,
								0,
								-15
							],
							"uv": [
								102,
								38
							]
						}
					]
				},
				{
					"name": "bone36",
					"parent": "bone5",
					"pivot": [
						-1,
						34,
						-35
					],
					"rotation": [
						2.5,
						0,
						0
					],
					"cubes": [
						{
							"origin": [
								2,
								34,
								-37
							],
							"size": [
								2,
								3,
								3
							],
							"pivot": [
								-1,
								34,
								-35
							],
							"rotation": [
								0,
								0,
								15
							],
							"uv": [
								121,
								72
							]
						},
						{
							"origin": [
								2.9,
								35,
								-38
							],
							"size": [
								0.1,
								4,
								4
							],
							"pivot": [
								-1,
								34,
								-35
							],
							"rotation": [
								0,
								0,
								15
							],
							"uv": [
								0,
								101
							]
						}
					]
				},
				{
					"name": "bone33",
					"parent": "bone5",
					"pivot": [
						1,
						34,
						-41
					],
					"rotation": [
						-7.5,
						0,
						0
					],
					"cubes": [
						{
							"origin": [
								-4,
								34,
								-43
							],
							"size": [
								2,
								3,
								3
							],
							"pivot": [
								1,
								34,
								-41
							],
							"rotation": [
								0,
								0,
								-15
							],
							"uv": [
								109,
								22
							]
						},
						{
							"origin": [
								-3.2,
								35,
								-44
							],
							"size": [
								0.2,
								4,
								4
							],
							"pivot": [
								1,
								34,
								-41
							],
							"rotation": [
								0,
								0,
								-15
							],
							"uv": [
								62,
								82
							]
						}
					]
				},
				{
					"name": "bone39",
					"parent": "bone33",
					"pivot": [
						0,
						28,
						-47
					],
					"rotation": [
						10,
						0,
						0
					],
					"cubes": [
						{
							"origin": [
								-3.04,
								28,
								-47.5632
							],
							"size": [
								6.04,
								5.0688,
								1.1264
							],
							"pivot": [
								4.4,
								28,
								-47
							],
							"rotation": [
								-2.5,
								0,
								0
							],
							"uv": [
								136,
								138
							]
						},
						{
							"origin": [
								-3.52,
								27.00482,
								-50.1581
							],
							"size": [
								7.04,
								6.0688,
								2.816
							],
							"uv": [
								54,
								34
							]
						},
						{
							"origin": [
								-3.04,
								27.00482,
								-52.4109
							],
							"size": [
								6.04,
								6.0688,
								2.2528
							],
							"pivot": [
								-4.4,
								33.0688,
								-49.816
							],
							"rotation": [
								12.5,
								0,
								0
							],
							"uv": [
								90,
								34
							]
						},
						{
							"origin": [
								-2.04,
								27.50388,
								-57.9744
							],
							"size": [
								4.04,
								5.0688,
								3.3792
							],
							"pivot": [
								4.4,
								32.5056,
								-52.0688
							],
							"rotation": [
								27.5,
								0,
								0
							],
							"uv": [
								93,
								22
							]
						},
						{
							"origin": [
								-2.52,
								25.97159,
								-60.62604
							],
							"size": [
								5.04,
								3.9424,
								3.3792
							],
							"pivot": [
								4.4,
								29.6896,
								-57.1376
							],
							"rotation": [
								35,
								0,
								0
							],
							"uv": [
								0,
								0
							]
						},
						{
							"origin": [
								-2.04,
								24.61404,
								-61.29259
							],
							"size": [
								4.04,
								3.3792,
								1.1264
							],
							"pivot": [
								4.4,
								28,
								-59.9536
							],
							"rotation": [
								40,
								0,
								0
							],
							"uv": [
								105,
								141
							]
						},
						{
							"origin": [
								-2.52,
								24.75287,
								-63.08488
							],
							"size": [
								5.04,
								2.2528,
								2.2528
							],
							"pivot": [
								4.4,
								26.8736,
								-61.08
							],
							"rotation": [
								90,
								0,
								0
							],
							"uv": [
								0,
								41
							]
						},
						{
							"origin": [
								-2.52,
								27.50388,
								-54.5952
							],
							"size": [
								5.04,
								5.0688,
								2.2528
							],
							"pivot": [
								4.4,
								32.5056,
								-52.0688
							],
							"rotation": [
								27.5,
								0,
								0
							],
							"uv": [
								60,
								114
							]
						}
					]
				},
				{
					"name": "bone38",
					"parent": "bone39",
					"pivot": [
						-0.6,
						28.2064,
						-47.8368
					],
					"cubes": [
						{
							"origin": [
								-3.42,
								24.6208,
								-49.2528
							],
							"size": [
								6.8,
								3.9424,
								2.816
							],
							"pivot": [
								-4.4,
								27.4368,
								-47
							],
							"rotation": [
								7.5,
								0,
								0
							],
							"uv": [
								129,
								57
							]
						},
						{
							"origin": [
								-3.06,
								24.37617,
								-51.71569
							],
							"size": [
								6.2,
								2.9424,
								2.816
							],
							"uv": [
								74,
								0
							]
						},
						{
							"origin": [
								-0.94,
								26.37617,
								-54.71569
							],
							"size": [
								2,
								4.7,
								7.816
							],
							"uv": [
								45,
								137
							]
						},
						{
							"origin": [
								-1.52,
								24.37617,
								-56.22129
							],
							"size": [
								3.04,
								2.816,
								4.5056
							],
							"pivot": [
								4.4,
								26.8736,
								-51.5056
							],
							"rotation": [
								5,
								0,
								0
							],
							"uv": [
								60,
								121
							]
						},
						{
							"origin": [
								-1.8,
								24.54668,
								-61.30724
							],
							"size": [
								1.9,
								1.6896,
								5.0688
							],
							"pivot": [
								4.4,
								26.8736,
								-56.0112
							],
							"rotation": [
								12.5,
								0,
								0
							],
							"uv": [
								140,
								57
							]
						},
						{
							"origin": [
								-0.1,
								24.54668,
								-61.30724
							],
							"size": [
								1.9,
								1.6896,
								5.0688
							],
							"pivot": [
								-4.4,
								26.8736,
								-56.0112
							],
							"rotation": [
								12.5,
								0,
								0
							],
							"uv": [
								108,
								57
							]
						},
						{
							"origin": [
								0,
								23.93008,
								-60.81964
							],
							"size": [
								1.2,
								1.6896,
								5.0688
							],
							"pivot": [
								-4.4,
								24.6208,
								-56.0112
							],
							"rotation": [
								5,
								0,
								0
							],
							"uv": [
								102,
								25
							]
						},
						{
							"origin": [
								-1.2,
								23.93008,
								-60.81964
							],
							"size": [
								1.2,
								1.6896,
								5.0688
							],
							"pivot": [
								4.4,
								24.6208,
								-56.0112
							],
							"rotation": [
								5,
								0,
								0
							],
							"uv": [
								95,
								45
							]
						}
					]
				},
				{
					"name": "bone37",
					"parent": "bone5",
					"pivot": [
						-1,
						34,
						-41
					],
					"rotation": [
						-7.5,
						0,
						0
					],
					"cubes": [
						{
							"origin": [
								2,
								34,
								-43
							],
							"size": [
								2,
								3,
								3
							],
							"pivot": [
								-1,
								34,
								-41
							],
							"rotation": [
								0,
								0,
								15
							],
							"uv": [
								51,
								105
							]
						},
						{
							"origin": [
								2.8,
								35,
								-44
							],
							"size": [
								0.2,
								4,
								4
							],
							"pivot": [
								-1,
								34,
								-41
							],
							"rotation": [
								0,
								0,
								15
							],
							"uv": [
								62,
								78
							]
						}
					]
				},
				{
					"name": "bone20",
					"parent": "bone",
					"pivot": [
						6,
						40,
						22
					],
					"rotation": [
						-12.5,
						0,
						15
					],
					"cubes": [
						{
							"origin": [
								4.74,
								38.74,
								18.22
							],
							"size": [
								2.52,
								12.6,
								7.56
							],
							"uv": [
								179,
								183
							]
						},
						{
							"origin": [
								5.9,
								38.74,
								16.96
							],
							"size": [
								0.1,
								15.12,
								10.08
							],
							"uv": [
								82,
								165
							]
						}
					]
				},
				{
					"name": "bone22",
					"parent": "bone",
					"pivot": [
						6,
						40,
						12
					],
					"rotation": [
						7.5,
						0,
						15
					],
					"cubes": [
						{
							"origin": [
								4.74,
								38.74,
								8.22
							],
							"size": [
								2.52,
								8.6,
								7.56
							],
							"uv": [
								185,
								11
							]
						},
						{
							"origin": [
								5.8,
								38.74,
								6.96
							],
							"size": [
								0.2,
								13.12,
								10.08
							],
							"uv": [
								102,
								171
							]
						}
					]
				},
				{
					"name": "bone26",
					"parent": "bone",
					"pivot": [
						-6,
						40,
						12
					],
					"rotation": [
						7.5,
						0,
						-15
					],
					"cubes": [
						{
							"origin": [
								-7.26,
								38.74,
								8.22
							],
							"size": [
								2.52,
								8.6,
								7.56
							],
							"uv": [
								63,
								0
							]
						},
						{
							"origin": [
								-6.2,
								38.74,
								6.96
							],
							"size": [
								0.2,
								13.12,
								10.08
							],
							"uv": [
								166,
								167
							]
						}
					]
				},
				{
					"name": "bone23",
					"parent": "bone",
					"pivot": [
						6,
						40,
						1
					],
					"rotation": [
						17.5,
						0,
						15
					],
					"cubes": [
						{
							"origin": [
								4.74,
								38.74,
								-2.78
							],
							"size": [
								2.52,
								6.6,
								7.56
							],
							"uv": [
								43,
								185
							]
						},
						{
							"origin": [
								5.9,
								38.74,
								-4.04
							],
							"size": [
								0.1,
								10.12,
								10.08
							],
							"uv": [
								20,
								54
							]
						}
					]
				},
				{
					"name": "bone27",
					"parent": "bone",
					"pivot": [
						-6,
						40,
						1
					],
					"rotation": [
						17.5,
						0,
						-15
					],
					"cubes": [
						{
							"origin": [
								-7.26,
								38.74,
								-2.78
							],
							"size": [
								2.52,
								6.6,
								7.56
							],
							"uv": [
								25,
								185
							]
						},
						{
							"origin": [
								-6.1,
								38.74,
								-4.04
							],
							"size": [
								0.1,
								10.12,
								10.08
							],
							"uv": [
								0,
								54
							]
						}
					]
				},
				{
					"name": "bone24",
					"parent": "bone",
					"pivot": [
						6,
						36,
						-11
					],
					"rotation": [
						17.5,
						0,
						15
					],
					"cubes": [
						{
							"origin": [
								4.74,
								34.74,
								-13.78
							],
							"size": [
								2.52,
								7.6,
								6.56
							],
							"uv": [
								140,
								186
							]
						},
						{
							"origin": [
								5.7,
								34.74,
								-14.04
							],
							"size": [
								0.3,
								11.12,
								9.08
							],
							"pivot": [
								6,
								36,
								-11
							],
							"rotation": [
								12.5,
								0,
								0
							],
							"uv": [
								136,
								118
							]
						}
					]
				},
				{
					"name": "bone25",
					"parent": "bone",
					"pivot": [
						-6,
						36,
						-11
					],
					"rotation": [
						17.5,
						0,
						-15
					],
					"cubes": [
						{
							"origin": [
								-7.26,
								34.74,
								-13.78
							],
							"size": [
								2.52,
								7.6,
								6.56
							],
							"uv": [
								185,
								56
							]
						},
						{
							"origin": [
								-6.3,
								34.74,
								-14.04
							],
							"size": [
								0.3,
								11.12,
								9.08
							],
							"pivot": [
								-6,
								36,
								-11
							],
							"rotation": [
								12.5,
								0,
								0
							],
							"uv": [
								122,
								79
							]
						}
					]
				},
				{
					"name": "bone28",
					"parent": "bone",
					"pivot": [
						-6,
						33,
						-17
					],
					"rotation": [
						30,
						0,
						-15
					],
					"cubes": [
						{
							"origin": [
								-7.26,
								31.74,
								-18.78
							],
							"size": [
								2.52,
								6.6,
								4.56
							],
							"uv": [
								93,
								0
							]
						},
						{
							"origin": [
								-6.1,
								31.74,
								-19.04
							],
							"size": [
								0.1,
								10.12,
								7.08
							],
							"pivot": [
								-6,
								33,
								-17
							],
							"rotation": [
								12.5,
								0,
								0
							],
							"uv": [
								0,
								24
							]
						}
					]
				},
				{
					"name": "bone29",
					"parent": "bone",
					"pivot": [
						6,
						33,
						-17
					],
					"rotation": [
						30,
						0,
						15
					],
					"cubes": [
						{
							"origin": [
								4.74,
								31.74,
								-18.78
							],
							"size": [
								2.52,
								6.6,
								4.56
							],
							"uv": [
								40,
								64
							]
						},
						{
							"origin": [
								5.9,
								31.74,
								-19.04
							],
							"size": [
								0.1,
								10.12,
								7.08
							],
							"pivot": [
								6,
								33,
								-17
							],
							"rotation": [
								12.5,
								0,
								0
							],
							"uv": [
								0,
								0
							]
						}
					]
				},
				{
					"name": "bone21",
					"parent": "bone",
					"pivot": [
						-6,
						40,
						22
					],
					"rotation": [
						-12.5,
						0,
						-15
					],
					"cubes": [
						{
							"origin": [
								-7.26,
								38.74,
								18.22
							],
							"size": [
								2.52,
								12.6,
								7.56
							],
							"uv": [
								122,
								181
							]
						},
						{
							"origin": [
								-6.1,
								38.74,
								16.96
							],
							"size": [
								0.1,
								15.12,
								10.08
							],
							"uv": [
								62,
								165
							]
						}
					]
				},
				{
					"name": "bone43",
					"pivot": [
						9,
						20,
						-10
					],
					"rotation": [
						-12.31594,
						2.15393,
						9.76758
					],
					"cubes": [
						{
							"origin": [
								4.04,
								15.0908,
								-13.95331
							],
							"size": [
								7.96,
								12.76,
								6.96
							],
							"pivot": [
								12,
								25.5308,
								-8.15331
							],
							"rotation": [
								19.5623,
								4.2453,
								-11.76782
							],
							"uv": [
								166,
								159
							]
						}
					]
				},
				{
					"name": "bone44",
					"parent": "bone43",
					"pivot": [
						9.92,
						14.6108,
						-6.95331
					],
					"rotation": [
						12.31594,
						2.15393,
						-9.76758
					],
					"cubes": [
						{
							"origin": [
								7.52,
								1.07598,
								-9.79555
							],
							"size": [
								5.64,
								15.08,
								5.756
							],
							"pivot": [
								12,
								14.99598,
								-4.96755
							],
							"rotation": [
								-5,
								0,
								0
							],
							"uv": [
								182,
								78
							]
						}
					]
				},
				{
					"name": "bone45",
					"parent": "bone44",
					"pivot": [
						9.92,
						4.07598,
						-4.56755
					],
					"cubes": [
						{
							"origin": [
								7.28,
								1.07525,
								-11.92509
							],
							"size": [
								6.32,
								3.8,
								7.8
							],
							"uv": [
								169,
								46
							]
						}
					]
				},
				{
					"name": "bone46",
					"pivot": [
						10,
						26,
						12
					],
					"rotation": [
						12.38495,
						0,
						9.76596
					],
					"cubes": [
						{
							"origin": [
								6.04,
								15.56,
								9.84
							],
							"size": [
								7.96,
								20.76,
								9.96
							],
							"pivot": [
								14,
								26,
								12
							],
							"rotation": [
								-27.0623,
								-4.2453,
								-11.76782
							],
							"uv": [
								0,
								158
							]
						},
						{
							"origin": [
								5.54,
								18.56,
								13.84
							],
							"size": [
								7.96,
								19.76,
								8.96
							],
							"pivot": [
								14,
								26,
								12
							],
							"rotation": [
								-44.5623,
								-4.2453,
								-11.76782
							],
							"uv": [
								136,
								159
							]
						}
					]
				},
				{
					"name": "bone47",
					"parent": "bone46",
					"pivot": [
						11.92,
						15.08,
						10.8
					],
					"rotation": [
						-12.31594,
						0,
						-9.76758
					],
					"cubes": [
						{
							"origin": [
								9.52,
								1.54518,
								7.88624
							],
							"size": [
								5.64,
								15.08,
								6.756
							],
							"pivot": [
								14,
								15.46518,
								8.81424
							],
							"rotation": [
								5,
								0,
								0
							],
							"uv": [
								175,
								130
							]
						}
					]
				},
				{
					"name": "bone48",
					"parent": "bone47",
					"pivot": [
						11.92,
						3.54518,
						12.41424
					],
					"cubes": [
						{
							"origin": [
								9.276,
								0.38518,
								5.23424
							],
							"size": [
								6,
								3.8,
								10.8
							],
							"uv": [
								62,
								162
							]
						}
					]
				},
				{
					"name": "bone40",
					"pivot": [
						-10,
						26,
						12
					],
					"rotation": [
						12.38495,
						0,
						-9.76596
					],
					"cubes": [
						{
							"origin": [
								-14,
								15.56,
								9.84
							],
							"size": [
								7.96,
								20.76,
								9.96
							],
							"pivot": [
								-14,
								26,
								12
							],
							"rotation": [
								-27.0623,
								4.2453,
								11.76782
							],
							"uv": [
								104,
								152
							]
						},
						{
							"origin": [
								-13.5,
								18.56,
								13.84
							],
							"size": [
								7.96,
								19.76,
								8.96
							],
							"pivot": [
								-14,
								26,
								12
							],
							"rotation": [
								-44.5623,
								4.2453,
								11.76782
							],
							"uv": [
								32,
								158
							]
						}
					]
				},
				{
					"name": "bone41",
					"parent": "bone40",
					"pivot": [
						-11.92,
						15.08,
						10.8
					],
					"rotation": [
						-12.31594,
						0,
						9.76758
					],
					"cubes": [
						{
							"origin": [
								-15.16,
								1.54518,
								7.88624
							],
							"size": [
								5.64,
								15.08,
								6.756
							],
							"pivot": [
								-14,
								15.46518,
								8.81424
							],
							"rotation": [
								5,
								0,
								0
							],
							"uv": [
								169,
								25
							]
						}
					]
				},
				{
					"name": "bone42",
					"parent": "bone41",
					"pivot": [
						-11.92,
						3.54518,
						12.41424
					],
					"cubes": [
						{
							"origin": [
								-15.3,
								0.38518,
								5.23424
							],
							"size": [
								6,
								3.8,
								10.8
							],
							"uv": [
								158,
								117
							]
						}
					]
				},
				{
					"name": "bone49",
					"pivot": [
						-9,
						21,
						-10
					],
					"rotation": [
						-12.31594,
						-2.15393,
						-9.76758
					],
					"cubes": [
						{
							"origin": [
								-12,
								16.0908,
								-13.95331
							],
							"size": [
								7.96,
								12.76,
								6.96
							],
							"pivot": [
								-12,
								26.5308,
								-8.15331
							],
							"rotation": [
								19.5623,
								-4.2453,
								11.76782
							],
							"uv": [
								165,
								0
							]
						}
					]
				},
				{
					"name": "bone50",
					"parent": "bone49",
					"pivot": [
						-9.92,
						15.6108,
						-6.95331
					],
					"rotation": [
						12.31594,
						-2.15393,
						9.76758
					],
					"cubes": [
						{
							"origin": [
								-13.16,
								2.07598,
								-9.79555
							],
							"size": [
								5.64,
								15.08,
								5.756
							],
							"pivot": [
								-12,
								15.99598,
								-4.96755
							],
							"rotation": [
								-5,
								0,
								0
							],
							"uv": [
								180,
								106
							]
						}
					]
				},
				{
					"name": "bone51",
					"parent": "bone50",
					"pivot": [
						-9.92,
						4.07598,
						-7.56755
					],
					"cubes": [
						{
							"origin": [
								-13.6,
								0.91598,
								-13.18755
							],
							"size": [
								6.32,
								3.8,
								7.8
							],
							"uv": [
								140,
								88
							]
						}
					]
				}
			]
		}
	]
}