{
	"format_version": "1.12.0",
	"minecraft:geometry": [
		{
			"description": {
				"identifier": "geometry.ohmdenosaurus",
				"texture_width": 224,
				"texture_height": 224,
				"visible_bounds_width": 6,
				"visible_bounds_height": 4.5,
				"visible_bounds_offset": [
					0,
					1.75,
					0
				]
			},
			"bones": [
				{
					"name": "bone",
					"pivot": [
						0,
						19,
						0
					],
					"cubes": [
						{
							"origin": [
								-8,
								12,
								-1
							],
							"size": [
								16,
								17,
								6
							],
							"uv": [
								98,
								0
							]
						}
					]
				},
				{
					"name": "bone2",
					"parent": "bone",
					"pivot": [
						0,
						19,
						5
					],
					"cubes": [
						{
							"origin": [
								-7.9,
								19,
								4
							],
							"size": [
								8,
								10,
								5
							],
							"pivot": [
								0,
								19,
								5
							],
							"rotation": [
								-5,
								0,
								0
							],
							"uv": [
								83,
								85
							]
						},
						{
							"origin": [
								-0.1,
								19,
								4
							],
							"size": [
								8,
								10,
								5
							],
							"pivot": [
								0,
								19,
								5
							],
							"rotation": [
								-5,
								0,
								0
							],
							"uv": [
								0,
								85
							]
						},
						{
							"origin": [
								-7.8,
								18.59847,
								9.80343
							],
							"size": [
								8,
								10,
								9
							],
							"pivot": [
								0,
								28,
								10
							],
							"rotation": [
								-17.5,
								0,
								0
							],
							"uv": [
								74,
								27
							]
						},
						{
							"origin": [
								-0.2,
								18.59847,
								9.80343
							],
							"size": [
								8,
								10,
								9
							],
							"pivot": [
								0,
								28,
								10
							],
							"rotation": [
								-17.5,
								0,
								0
							],
							"uv": [
								0,
								27
							]
						},
						{
							"origin": [
								-7.8,
								12,
								5
							],
							"size": [
								8,
								8,
								6
							],
							"pivot": [
								0,
								12,
								6
							],
							"rotation": [
								10,
								0,
								0
							],
							"uv": [
								145,
								66
							]
						},
						{
							"origin": [
								-0.2,
								12,
								5
							],
							"size": [
								8,
								8,
								6
							],
							"pivot": [
								0,
								12,
								6
							],
							"rotation": [
								10,
								0,
								0
							],
							"uv": [
								87,
								66
							]
						},
						{
							"origin": [
								-8,
								12.88343,
								10.90231
							],
							"size": [
								16,
								8,
								6
							],
							"pivot": [
								0,
								13,
								11
							],
							"rotation": [
								40,
								0,
								0
							],
							"uv": [
								143,
								0
							]
						}
					]
				},
				{
					"name": "bone8",
					"parent": "bone2",
					"pivot": [
						0,
						21,
						16
					],
					"cubes": [
						{
							"origin": [
								-5,
								20,
								15
							],
							"size": [
								10,
								6,
								9
							],
							"pivot": [
								0,
								21,
								16
							],
							"rotation": [
								-20,
								0,
								0
							],
							"uv": [
								35,
								27
							]
						},
						{
							"origin": [
								-4.9,
								17.82726,
								14.6778
							],
							"size": [
								5,
								5,
								9
							],
							"pivot": [
								0,
								19,
								22
							],
							"rotation": [
								7.5,
								0,
								0
							],
							"uv": [
								116,
								66
							]
						},
						{
							"origin": [
								-0.1,
								17.82726,
								14.6778
							],
							"size": [
								5,
								5,
								9
							],
							"pivot": [
								0,
								19,
								22
							],
							"rotation": [
								7.5,
								0,
								0
							],
							"uv": [
								58,
								66
							]
						}
					]
				},
				{
					"name": "bone9",
					"parent": "bone8",
					"pivot": [
						0,
						21,
						24
					],
					"cubes": [
						{
							"origin": [
								-3,
								19,
								23
							],
							"size": [
								6,
								4,
								11
							],
							"pivot": [
								0,
								21,
								24
							],
							"rotation": [
								-22.5,
								0,
								0
							],
							"uv": [
								0,
								47
							]
						},
						{
							"origin": [
								-2.8,
								17,
								20
							],
							"size": [
								3,
								4,
								14
							],
							"pivot": [
								0,
								21,
								24
							],
							"rotation": [
								-12.5,
								0,
								0
							],
							"uv": [
								144,
								27
							]
						},
						{
							"origin": [
								-0.2,
								17,
								20
							],
							"size": [
								3,
								4,
								14
							],
							"pivot": [
								0,
								21,
								24
							],
							"rotation": [
								-12.5,
								0,
								0
							],
							"uv": [
								109,
								27
							]
						}
					]
				},
				{
					"name": "bone10",
					"parent": "bone9",
					"pivot": [
						0,
						17,
						33
					],
					"cubes": [
						{
							"origin": [
								-2,
								16,
								32
							],
							"size": [
								4,
								3,
								10
							],
							"uv": [
								54,
								85
							]
						},
						{
							"origin": [
								-1.9,
								15,
								32
							],
							"size": [
								2,
								3,
								10
							],
							"pivot": [
								0,
								17,
								33
							],
							"rotation": [
								5,
								0,
								0
							],
							"uv": [
								82,
								140
							]
						},
						{
							"origin": [
								-0.1,
								15,
								32
							],
							"size": [
								2,
								3,
								10
							],
							"pivot": [
								0,
								17,
								33
							],
							"rotation": [
								5,
								0,
								0
							],
							"uv": [
								57,
								140
							]
						}
					]
				},
				{
					"name": "bone11",
					"parent": "bone10",
					"pivot": [
						0,
						17,
						42
					],
					"cubes": [
						{
							"origin": [
								-1.5,
								17,
								41
							],
							"size": [
								3,
								2,
								9
							],
							"pivot": [
								3,
								17,
								42
							],
							"rotation": [
								15,
								0,
								0
							],
							"uv": [
								0,
								177
							]
						},
						{
							"origin": [
								-1,
								16,
								41
							],
							"size": [
								2,
								2,
								9
							],
							"pivot": [
								3,
								17,
								42
							],
							"rotation": [
								22.5,
								0,
								0
							],
							"uv": [
								117,
								177
							]
						}
					]
				},
				{
					"name": "bone12",
					"parent": "bone11",
					"pivot": [
						0,
						20,
						49
					],
					"cubes": [
						{
							"origin": [
								0,
								19,
								49
							],
							"size": [
								0,
								2,
								13
							],
							"pivot": [
								0,
								20,
								49
							],
							"rotation": [
								-2.5,
								0,
								0
							],
							"uv": [
								27,
								85
							]
						}
					]
				},
				{
					"name": "bone3",
					"parent": "bone",
					"pivot": [
						0,
						17,
						-1
					],
					"cubes": [
						{
							"origin": [
								-7.9,
								19,
								-16
							],
							"size": [
								8,
								10,
								16
							],
							"pivot": [
								0,
								17,
								-1
							],
							"rotation": [
								-5,
								0,
								0
							],
							"uv": [
								49,
								0
							]
						},
						{
							"origin": [
								-0.1,
								19,
								-16
							],
							"size": [
								8,
								10,
								16
							],
							"pivot": [
								0,
								17,
								-1
							],
							"rotation": [
								-5,
								0,
								0
							],
							"uv": [
								0,
								0
							]
						},
						{
							"origin": [
								-7.8,
								11.98478,
								-6.34862
							],
							"size": [
								7.8,
								12,
								6
							],
							"pivot": [
								0,
								13,
								-1
							],
							"rotation": [
								-12.5,
								0,
								0
							],
							"uv": [
								31,
								66
							]
						},
						{
							"origin": [
								0,
								11.98478,
								-6.34862
							],
							"size": [
								7.8,
								12,
								6
							],
							"pivot": [
								0,
								13,
								-1
							],
							"rotation": [
								-12.5,
								0,
								0
							],
							"uv": [
								35,
								47
							]
						},
						{
							"origin": [
								0,
								13.06698,
								-12.46714
							],
							"size": [
								7.6,
								12,
								6
							],
							"pivot": [
								0,
								13,
								-6
							],
							"rotation": [
								-25,
								0,
								0
							],
							"uv": [
								89,
								47
							]
						},
						{
							"origin": [
								-7.6,
								13.06698,
								-12.46714
							],
							"size": [
								7.6,
								12,
								6
							],
							"pivot": [
								0,
								13,
								-6
							],
							"rotation": [
								-25,
								0,
								0
							],
							"uv": [
								62,
								47
							]
						},
						{
							"origin": [
								-0.1,
								15.88376,
								-15.76144
							],
							"size": [
								7.8,
								12,
								4
							],
							"pivot": [
								0,
								16,
								-12
							],
							"rotation": [
								-45,
								0,
								0
							],
							"uv": [
								69,
								120
							]
						},
						{
							"origin": [
								-7.7,
								15.88376,
								-15.76144
							],
							"size": [
								7.8,
								12,
								4
							],
							"pivot": [
								0,
								16,
								-12
							],
							"rotation": [
								-45,
								0,
								0
							],
							"uv": [
								46,
								120
							]
						},
						{
							"origin": [
								-7.8,
								17.51458,
								-18.95721
							],
							"size": [
								8,
								12,
								4
							],
							"pivot": [
								0,
								18,
								-14
							],
							"rotation": [
								-77.5,
								0,
								0
							],
							"uv": [
								135,
								85
							]
						},
						{
							"origin": [
								-0.2,
								17.51458,
								-18.95721
							],
							"size": [
								8,
								12,
								4
							],
							"pivot": [
								0,
								18,
								-14
							],
							"rotation": [
								-77.5,
								0,
								0
							],
							"uv": [
								110,
								85
							]
						}
					]
				},
				{
					"name": "bone4",
					"parent": "bone3",
					"pivot": [
						0,
						23,
						-11
					],
					"cubes": [
						{
							"origin": [
								-4,
								23,
								-17
							],
							"size": [
								8,
								7,
								7
							],
							"pivot": [
								0,
								23,
								-11
							],
							"rotation": [
								-25,
								0,
								0
							],
							"uv": [
								0,
								66
							]
						},
						{
							"origin": [
								-3.9,
								19.81262,
								-17.84524
							],
							"size": [
								3.9,
								7,
								7
							],
							"pivot": [
								0,
								21,
								-11
							],
							"rotation": [
								-35,
								0,
								0
							],
							"uv": [
								116,
								47
							]
						},
						{
							"origin": [
								0,
								19.81262,
								-17.84524
							],
							"size": [
								3.9,
								7,
								7
							],
							"pivot": [
								0,
								21,
								-11
							],
							"rotation": [
								-35,
								0,
								0
							],
							"uv": [
								116,
								47
							],
							"mirror": true
						}
					]
				},
				{
					"name": "bone5",
					"parent": "bone4",
					"pivot": [
						0,
						25,
						-16
					],
					"cubes": [
						{
							"origin": [
								-3.9,
								26,
								-22
							],
							"size": [
								4,
								6,
								7
							],
							"pivot": [
								0,
								25,
								-16
							],
							"rotation": [
								-42.5,
								0,
								0
							],
							"uv": [
								48,
								177
							]
						},
						{
							"origin": [
								-0.1,
								26,
								-22
							],
							"size": [
								4,
								6,
								7
							],
							"pivot": [
								0,
								25,
								-16
							],
							"rotation": [
								-42.5,
								0,
								0
							],
							"uv": [
								146,
								160
							]
						},
						{
							"origin": [
								-3.8,
								24,
								-22
							],
							"size": [
								4,
								6,
								7
							],
							"pivot": [
								0,
								25,
								-16
							],
							"rotation": [
								-50,
								0,
								0
							],
							"uv": [
								25,
								177
							]
						},
						{
							"origin": [
								-0.2,
								24,
								-22
							],
							"size": [
								4,
								6,
								7
							],
							"pivot": [
								0,
								25,
								-16
							],
							"rotation": [
								-50,
								0,
								0
							],
							"uv": [
								123,
								160
							]
						}
					]
				},
				{
					"name": "bone6",
					"parent": "bone5",
					"pivot": [
						1,
						31,
						-18
					],
					"cubes": [
						{
							"origin": [
								-3.5,
								31,
								-19
							],
							"size": [
								7,
								8,
								5
							],
							"pivot": [
								5,
								31,
								-18
							],
							"rotation": [
								42.5,
								0,
								0
							],
							"uv": [
								107,
								140
							]
						},
						{
							"origin": [
								-0.1,
								30,
								-21
							],
							"size": [
								3.5,
								9,
								5
							],
							"pivot": [
								-5,
								31,
								-18
							],
							"rotation": [
								35,
								0,
								0
							],
							"uv": [
								17,
								191
							]
						},
						{
							"origin": [
								-3.4,
								30,
								-21
							],
							"size": [
								3.5,
								9,
								5
							],
							"pivot": [
								5,
								31,
								-18
							],
							"rotation": [
								35,
								0,
								0
							],
							"uv": [
								0,
								191
							]
						}
					]
				},
				{
					"name": "bone7",
					"parent": "bone6",
					"pivot": [
						-1,
						37,
						-23
					],
					"cubes": [
						{
							"origin": [
								-2.9,
								37,
								-30
							],
							"size": [
								3,
								4,
								4
							],
							"pivot": [
								9,
								37,
								-23
							],
							"rotation": [
								-15,
								0,
								0
							],
							"uv": [
								108,
								191
							]
						},
						{
							"origin": [
								0.1,
								39,
								-30
							],
							"size": [
								0,
								4,
								5
							],
							"pivot": [
								9,
								37,
								-23
							],
							"rotation": [
								-15,
								0,
								0
							],
							"uv": [
								123,
								191
							]
						},
						{
							"origin": [
								-0.1,
								37,
								-30
							],
							"size": [
								3,
								4,
								4
							],
							"pivot": [
								-9,
								37,
								-23
							],
							"rotation": [
								-15,
								0,
								0
							],
							"uv": [
								93,
								191
							]
						},
						{
							"origin": [
								-3,
								37.68801,
								-24.77405
							],
							"size": [
								6,
								4,
								5
							],
							"pivot": [
								9,
								42,
								-25
							],
							"rotation": [
								-25,
								0,
								0
							],
							"uv": [
								140,
								177
							]
						},
						{
							"origin": [
								-2.8,
								34.58963,
								-29.92471
							],
							"size": [
								3,
								4,
								8
							],
							"pivot": [
								9,
								36,
								-23
							],
							"rotation": [
								-25,
								0,
								0
							],
							"uv": [
								94,
								177
							]
						},
						{
							"origin": [
								-0.2,
								34.58963,
								-29.92471
							],
							"size": [
								3,
								4,
								8
							],
							"pivot": [
								-9,
								36,
								-23
							],
							"rotation": [
								-25,
								0,
								0
							],
							"uv": [
								71,
								177
							]
						}
					]
				},
				{
					"name": "bone28",
					"parent": "bone7",
					"pivot": [
						0,
						41,
						-29
					],
					"rotation": [
						2.5,
						0,
						0
					],
					"cubes": [
						{
							"origin": [
								-3,
								37.39758,
								-31.64698
							],
							"size": [
								6,
								5.3244,
								2.958
							],
							"uv": [
								76,
								191
							]
						},
						{
							"origin": [
								-2.9,
								40.35558,
								-34.01338
							],
							"size": [
								3,
								2.3664,
								2.3664
							],
							"pivot": [
								0,
								42.72198,
								-31.64698
							],
							"rotation": [
								57.5,
								0,
								0
							],
							"uv": [
								74,
								206
							]
						},
						{
							"origin": [
								-0.1,
								40.35558,
								-34.01338
							],
							"size": [
								3,
								2.3664,
								2.3664
							],
							"pivot": [
								0,
								42.72198,
								-31.64698
							],
							"rotation": [
								57.5,
								0,
								0
							],
							"uv": [
								39,
								206
							]
						},
						{
							"origin": [
								-2.8,
								39.34899,
								-33.36182
							],
							"size": [
								3,
								2.3664,
								2.3664
							],
							"pivot": [
								0,
								39.46818,
								-31.05538
							],
							"rotation": [
								37.5,
								0,
								0
							],
							"uv": [
								63,
								206
							]
						},
						{
							"origin": [
								-0.2,
								39.34899,
								-33.36182
							],
							"size": [
								3,
								2.3664,
								2.3664
							],
							"pivot": [
								0,
								39.46818,
								-31.05538
							],
							"rotation": [
								37.5,
								0,
								0
							],
							"uv": [
								28,
								206
							]
						},
						{
							"origin": [
								-2.7,
								37.42933,
								-35.10168
							],
							"size": [
								3,
								2.3664,
								1
							],
							"pivot": [
								0,
								39.76398,
								-34.30918
							],
							"rotation": [
								57.5,
								0,
								0
							],
							"uv": [
								166,
								206
							]
						},
						{
							"origin": [
								-0.3,
								37.42933,
								-35.10168
							],
							"size": [
								3,
								2.3664,
								1
							],
							"pivot": [
								0,
								39.76398,
								-34.30918
							],
							"rotation": [
								57.5,
								0,
								0
							],
							"uv": [
								139,
								206
							]
						},
						{
							"origin": [
								-2.6,
								36.90612,
								-35.62699
							],
							"size": [
								3,
								2.3664,
								1
							],
							"pivot": [
								0,
								39.17238,
								-34.60498
							],
							"rotation": [
								75,
								0,
								0
							],
							"uv": [
								157,
								206
							]
						},
						{
							"origin": [
								-0.4,
								36.90612,
								-35.62699
							],
							"size": [
								3,
								2.3664,
								1
							],
							"pivot": [
								0,
								39.17238,
								-34.60498
							],
							"rotation": [
								75,
								0,
								0
							],
							"uv": [
								130,
								206
							]
						},
						{
							"origin": [
								-2.8,
								35.96268,
								-35.87647
							],
							"size": [
								3,
								2.3664,
								1
							],
							"pivot": [
								0,
								38.28498,
								-34.90078
							],
							"rotation": [
								105,
								0,
								0
							],
							"uv": [
								148,
								206
							]
						},
						{
							"origin": [
								-0.2,
								35.96268,
								-35.87647
							],
							"size": [
								3,
								2.3664,
								1
							],
							"pivot": [
								0,
								38.28498,
								-34.90078
							],
							"rotation": [
								105,
								0,
								0
							],
							"uv": [
								121,
								206
							]
						},
						{
							"origin": [
								-2.9,
								33.14736,
								-35.89663
							],
							"size": [
								3,
								4.437,
								1
							],
							"pivot": [
								0,
								37.69338,
								-34.90078
							],
							"rotation": [
								117.5,
								0,
								0
							],
							"uv": [
								94,
								206
							]
						},
						{
							"origin": [
								-0.1,
								33.14736,
								-35.89663
							],
							"size": [
								3,
								4.437,
								1
							],
							"pivot": [
								0,
								37.69338,
								-34.90078
							],
							"rotation": [
								117.5,
								0,
								0
							],
							"uv": [
								85,
								206
							]
						}
					]
				},
				{
					"name": "bone29",
					"parent": "bone28",
					"pivot": [
						-0.2958,
						4.03618,
						-12.98258
					],
					"cubes": [
						{
							"origin": [
								-2.5,
								40.65138,
								-32.53438
							],
							"size": [
								5,
								2.0706,
								2.0706
							],
							"pivot": [
								4,
								40.94718,
								-32.83018
							],
							"rotation": [
								17.5,
								0,
								0
							],
							"uv": [
								0,
								206
							]
						},
						{
							"origin": [
								-2.5,
								41.20565,
								-31.40272
							],
							"size": [
								5,
								2.0706,
								2.0706
							],
							"pivot": [
								4,
								43.31358,
								-31.35118
							],
							"rotation": [
								-15,
								0,
								0
							],
							"uv": [
								123,
								201
							]
						},
						{
							"origin": [
								-2.4,
								40.73352,
								-34.25127
							],
							"size": [
								3,
								2.0706,
								1.1832
							],
							"pivot": [
								4,
								42.72198,
								-32.83018
							],
							"rotation": [
								32.5,
								0,
								0
							],
							"uv": [
								15,
								206
							]
						},
						{
							"origin": [
								-0.6,
								40.73352,
								-34.25127
							],
							"size": [
								3,
								2.0706,
								1.1832
							],
							"pivot": [
								-4,
								42.72198,
								-32.83018
							],
							"rotation": [
								32.5,
								0,
								0
							],
							"uv": [
								15,
								206
							],
							"mirror": true
						},
						{
							"origin": [
								-2.3,
								40.00514,
								-37.0767
							],
							"size": [
								3,
								2.0706,
								2.958
							],
							"pivot": [
								4,
								42.13038,
								-34.01338
							],
							"rotation": [
								75,
								0,
								0
							],
							"uv": [
								138,
								191
							]
						},
						{
							"origin": [
								-0.7,
								40.00514,
								-37.0767
							],
							"size": [
								3,
								2.0706,
								2.958
							],
							"pivot": [
								-4,
								42.13038,
								-34.01338
							],
							"rotation": [
								75,
								0,
								0
							],
							"uv": [
								138,
								191
							],
							"mirror": true
						}
					]
				},
				{
					"name": "bone30",
					"parent": "bone28",
					"pivot": [
						4.7042,
						38.37398,
						-31.79938
					],
					"cubes": [
						{
							"origin": [
								-2.5,
								37.39758,
								-32.83018
							],
							"size": [
								5,
								1,
								1.479
							],
							"pivot": [
								4,
								38.28498,
								-31.64698
							],
							"rotation": [
								22.5,
								0,
								0
							],
							"uv": [
								50,
								206
							]
						},
						{
							"origin": [
								-0.1,
								37.6934,
								-34.60498
							],
							"size": [
								2.5,
								1,
								2.7748
							],
							"pivot": [
								-4,
								38.28498,
								-31.64698
							],
							"rotation": [
								22.5,
								0,
								0
							],
							"uv": [
								112,
								206
							]
						},
						{
							"origin": [
								-2.4,
								37.6934,
								-34.60498
							],
							"size": [
								2.5,
								1,
								2.7748
							],
							"pivot": [
								4,
								38.28498,
								-31.64698
							],
							"rotation": [
								22.5,
								0,
								0
							],
							"uv": [
								103,
								206
							]
						},
						{
							"origin": [
								-0.2,
								36.96792,
								-34.21974
							],
							"size": [
								2.5,
								1,
								1.7748
							],
							"pivot": [
								-4,
								37.10178,
								-32.53438
							],
							"rotation": [
								12.5,
								0,
								0
							],
							"uv": [
								0,
								212
							]
						},
						{
							"origin": [
								-2.3,
								36.96792,
								-34.21974
							],
							"size": [
								2.5,
								1,
								1.7748
							],
							"pivot": [
								4,
								37.10178,
								-32.53438
							],
							"rotation": [
								12.5,
								0,
								0
							],
							"uv": [
								175,
								206
							]
						}
					]
				},
				{
					"name": "bone13",
					"pivot": [
						-8,
						21,
						8
					],
					"rotation": [
						-10,
						0,
						0
					],
					"cubes": [
						{
							"origin": [
								-9.9,
								12,
								3
							],
							"size": [
								5.9,
								11,
								6
							],
							"pivot": [
								-8,
								21,
								8
							],
							"rotation": [
								10,
								0,
								0
							],
							"uv": [
								46,
								102
							]
						},
						{
							"origin": [
								-10,
								11.4009,
								6.85948
							],
							"size": [
								6,
								11,
								5
							],
							"pivot": [
								-8,
								12,
								12
							],
							"rotation": [
								-10,
								0,
								0
							],
							"uv": [
								23,
								120
							]
						}
					]
				},
				{
					"name": "bone14",
					"parent": "bone13",
					"pivot": [
						-8,
						12,
						8
					],
					"cubes": [
						{
							"origin": [
								-9,
								0,
								6
							],
							"size": [
								4,
								14,
								5
							],
							"pivot": [
								-8,
								12,
								8
							],
							"rotation": [
								24.99549,
								0.07068,
								-0.1309
							],
							"uv": [
								38,
								140
							]
						}
					]
				},
				{
					"name": "bone15",
					"parent": "bone14",
					"pivot": [
						-8,
						2,
						11
					],
					"cubes": [
						{
							"origin": [
								-9.5,
								0,
								8
							],
							"size": [
								5,
								2,
								8
							],
							"pivot": [
								-8,
								0,
								10
							],
							"rotation": [
								10,
								0,
								0
							],
							"uv": [
								96,
								160
							]
						}
					]
				},
				{
					"name": "bone16",
					"pivot": [
						8,
						21,
						8
					],
					"rotation": [
						-10,
						0,
						0
					],
					"cubes": [
						{
							"origin": [
								4,
								12,
								3
							],
							"size": [
								5.9,
								11,
								6
							],
							"pivot": [
								8,
								21,
								8
							],
							"rotation": [
								10,
								0,
								0
							],
							"uv": [
								23,
								102
							]
						},
						{
							"origin": [
								4,
								11.4009,
								6.85948
							],
							"size": [
								6,
								11,
								5
							],
							"pivot": [
								8,
								12,
								12
							],
							"rotation": [
								-10,
								0,
								0
							],
							"uv": [
								0,
								120
							]
						}
					]
				},
				{
					"name": "bone17",
					"parent": "bone16",
					"pivot": [
						8,
						12,
						8
					],
					"cubes": [
						{
							"origin": [
								5,
								0,
								6
							],
							"size": [
								4,
								14,
								5
							],
							"pivot": [
								8,
								12,
								8
							],
							"rotation": [
								24.99549,
								-0.07068,
								0.1309
							],
							"uv": [
								19,
								140
							]
						}
					]
				},
				{
					"name": "bone18",
					"parent": "bone17",
					"pivot": [
						8,
						2,
						11
					],
					"cubes": [
						{
							"origin": [
								4.5,
								0,
								8
							],
							"size": [
								5,
								2,
								8
							],
							"pivot": [
								8,
								0,
								10
							],
							"rotation": [
								10,
								0,
								0
							],
							"uv": [
								69,
								160
							]
						}
					]
				},
				{
					"name": "bone19",
					"pivot": [
						8,
						21,
						-8
					],
					"rotation": [
						10,
						0,
						0
					],
					"cubes": [
						{
							"origin": [
								4,
								11,
								-9
							],
							"size": [
								5.9,
								11,
								5
							],
							"pivot": [
								8,
								21,
								-8
							],
							"rotation": [
								-10,
								0,
								0
							],
							"uv": [
								48,
								160
							]
						},
						{
							"origin": [
								4.1,
								10.4009,
								-11.85948
							],
							"size": [
								6,
								11,
								5
							],
							"pivot": [
								8,
								12,
								-12
							],
							"rotation": [
								10,
								0,
								0
							],
							"uv": [
								115,
								102
							]
						}
					]
				},
				{
					"name": "bone20",
					"parent": "bone19",
					"pivot": [
						8,
						12,
						-8
					],
					"cubes": [
						{
							"origin": [
								5,
								0,
								-11
							],
							"size": [
								4,
								14,
								5
							],
							"pivot": [
								8,
								12,
								-8
							],
							"rotation": [
								-17.49549,
								0.07068,
								0.1309
							],
							"uv": [
								0,
								140
							]
						}
					]
				},
				{
					"name": "bone21",
					"parent": "bone20",
					"pivot": [
						8,
						2,
						-11
					],
					"rotation": [
						-20,
						0,
						0
					],
					"cubes": [
						{
							"origin": [
								4.5,
								-0.68818,
								-14.04658
							],
							"size": [
								5,
								2,
								5
							],
							"pivot": [
								8,
								-0.68818,
								-16.04658
							],
							"rotation": [
								10,
								0,
								0
							],
							"uv": [
								55,
								191
							]
						}
					]
				},
				{
					"name": "bone22",
					"pivot": [
						-8,
						21,
						-8
					],
					"rotation": [
						10,
						0,
						0
					],
					"cubes": [
						{
							"origin": [
								-9.9,
								11,
								-9
							],
							"size": [
								5.9,
								11,
								5
							],
							"pivot": [
								-8,
								21,
								-8
							],
							"rotation": [
								-10,
								0,
								0
							],
							"uv": [
								48,
								160
							],
							"mirror": true
						},
						{
							"origin": [
								-10.1,
								10.4009,
								-11.85948
							],
							"size": [
								6,
								11,
								5
							],
							"pivot": [
								-8,
								12,
								-12
							],
							"rotation": [
								10,
								0,
								0
							],
							"uv": [
								115,
								102
							],
							"mirror": true
						}
					]
				},
				{
					"name": "bone23",
					"parent": "bone22",
					"pivot": [
						-8,
						12,
						-8
					],
					"cubes": [
						{
							"origin": [
								-9,
								0,
								-11
							],
							"size": [
								4,
								14,
								5
							],
							"pivot": [
								-8,
								12,
								-8
							],
							"rotation": [
								-17.49549,
								-0.07068,
								-0.1309
							],
							"uv": [
								0,
								140
							],
							"mirror": true
						}
					]
				},
				{
					"name": "bone24",
					"parent": "bone23",
					"pivot": [
						-8,
						2,
						-11
					],
					"rotation": [
						-20,
						0,
						0
					],
					"cubes": [
						{
							"origin": [
								-9.5,
								-0.68818,
								-14.04658
							],
							"size": [
								5,
								2,
								5
							],
							"pivot": [
								-8,
								-0.68818,
								-16.04658
							],
							"rotation": [
								10,
								0,
								0
							],
							"uv": [
								55,
								191
							],
							"mirror": true
						}
					]
				}
			]
		}
	]
}