{
	"format_version": "1.12.0",
	"minecraft:geometry": [
		{
			"description": {
				"identifier": "geometry.postoshuchus",
				"texture_width": 240,
				"texture_height": 240,
				"visible_bounds_width": 10,
				"visible_bounds_height": 3.5,
				"visible_bounds_offset": [
					0,
					1.25,
					0
				]
			},
			"bones": [
				{
					"name": "bone",
					"pivot": [
						0,
						24,
						0
					],
					"cubes": [
						{
							"origin": [
								-7,
								13,
								-1
							],
							"size": [
								14,
								16,
								4
							],
							"uv": [
								152,
								79
							]
						},
						{
							"origin": [
								-6.7,
								13.56422,
								-6.01903
							],
							"size": [
								7,
								7,
								6
							],
							"pivot": [
								0,
								21,
								-5
							],
							"rotation": [
								-5,
								0,
								0
							],
							"uv": [
								54,
								144
							]
						},
						{
							"origin": [
								-0.3,
								13.56422,
								-6.01903
							],
							"size": [
								7,
								7,
								6
							],
							"pivot": [
								0,
								21,
								-5
							],
							"rotation": [
								-5,
								0,
								0
							],
							"uv": [
								27,
								144
							]
						},
						{
							"origin": [
								-6.6,
								13.54519,
								-18.58325
							],
							"size": [
								7,
								11,
								13
							],
							"pivot": [
								0,
								16,
								-5
							],
							"rotation": [
								-10,
								0,
								0
							],
							"uv": [
								86,
								25
							]
						},
						{
							"origin": [
								-0.4,
								13.54519,
								-18.58325
							],
							"size": [
								7,
								11,
								13
							],
							"pivot": [
								0,
								16,
								-5
							],
							"rotation": [
								-10,
								0,
								0
							],
							"uv": [
								45,
								25
							]
						},
						{
							"origin": [
								-6.9,
								20,
								-5
							],
							"size": [
								7,
								9,
								6
							],
							"pivot": [
								0,
								24,
								0
							],
							"rotation": [
								-5,
								0,
								0
							],
							"uv": [
								0,
								144
							]
						},
						{
							"origin": [
								-0.1,
								20,
								-5
							],
							"size": [
								7,
								9,
								6
							],
							"pivot": [
								0,
								24,
								0
							],
							"rotation": [
								-5,
								0,
								0
							],
							"uv": [
								0,
								144
							],
							"mirror": true
						},
						{
							"origin": [
								-6.9,
								17,
								-20
							],
							"size": [
								7,
								13,
								11
							],
							"pivot": [
								0,
								24,
								-10
							],
							"rotation": [
								5,
								0,
								0
							],
							"uv": [
								37,
								79
							]
						},
						{
							"origin": [
								-0.1,
								17,
								-20
							],
							"size": [
								7,
								13,
								11
							],
							"pivot": [
								0,
								24,
								-10
							],
							"rotation": [
								5,
								0,
								0
							],
							"uv": [
								0,
								79
							]
						},
						{
							"origin": [
								-0.1,
								20.17431,
								-7.00761
							],
							"size": [
								6.9,
								9,
								4
							],
							"pivot": [
								0,
								24,
								-2
							],
							"rotation": [
								-10,
								0,
								0
							],
							"uv": [
								88,
								176
							]
						},
						{
							"origin": [
								-6.8,
								20.17431,
								-7.00761
							],
							"size": [
								6.9,
								9,
								4
							],
							"pivot": [
								0,
								24,
								-2
							],
							"rotation": [
								-10,
								0,
								0
							],
							"uv": [
								67,
								176
							]
						},
						{
							"origin": [
								-7,
								20.94487,
								-10.20014
							],
							"size": [
								14,
								9,
								4
							],
							"pivot": [
								0,
								29,
								-6
							],
							"rotation": [
								-2.5,
								0,
								0
							],
							"uv": [
								0,
								125
							]
						}
					]
				},
				{
					"name": "bone3",
					"parent": "bone",
					"pivot": [
						0,
						24,
						3
					],
					"cubes": [
						{
							"origin": [
								0,
								21,
								2
							],
							"size": [
								7.2,
								8,
								8
							],
							"pivot": [
								0,
								24,
								3
							],
							"rotation": [
								-5,
								0,
								0
							],
							"uv": [
								126,
								125
							]
						},
						{
							"origin": [
								-7.2,
								21,
								2
							],
							"size": [
								7.2,
								8,
								8
							],
							"pivot": [
								0,
								24,
								3
							],
							"rotation": [
								-5,
								0,
								0
							],
							"uv": [
								37,
								125
							]
						},
						{
							"origin": [
								-0.1,
								13,
								5
							],
							"size": [
								7,
								12,
								8
							],
							"pivot": [
								0,
								-18,
								3
							],
							"rotation": [
								5,
								0,
								0
							],
							"uv": [
								142,
								104
							]
						},
						{
							"origin": [
								-6.9,
								13,
								5
							],
							"size": [
								7,
								12,
								8
							],
							"pivot": [
								0,
								-18,
								3
							],
							"rotation": [
								5,
								0,
								0
							],
							"uv": [
								111,
								104
							]
						}
					]
				},
				{
					"name": "bone4",
					"parent": "bone3",
					"pivot": [
						0,
						24,
						10
					],
					"cubes": [
						{
							"origin": [
								-6,
								21,
								9
							],
							"size": [
								12,
								7,
								13
							],
							"pivot": [
								0,
								24,
								10
							],
							"rotation": [
								-7.5,
								0,
								0
							],
							"uv": [
								0,
								0
							]
						},
						{
							"origin": [
								-5.9,
								19.14052,
								8.03279
							],
							"size": [
								6,
								7,
								13
							],
							"pivot": [
								0,
								20,
								19
							],
							"rotation": [
								30,
								0,
								0
							],
							"uv": [
								113,
								79
							]
						},
						{
							"origin": [
								-0.1,
								19.14052,
								8.03279
							],
							"size": [
								6,
								7,
								13
							],
							"pivot": [
								0,
								20,
								19
							],
							"rotation": [
								30,
								0,
								0
							],
							"uv": [
								74,
								79
							]
						}
					]
				},
				{
					"name": "bone5",
					"parent": "bone4",
					"pivot": [
						0,
						24,
						22
					],
					"rotation": [
						-12.5,
						0,
						0
					],
					"cubes": [
						{
							"origin": [
								-4,
								20,
								21
							],
							"size": [
								8,
								6,
								15
							],
							"pivot": [
								0,
								24,
								22
							],
							"rotation": [
								10,
								0,
								0
							],
							"uv": [
								141,
								0
							]
						},
						{
							"origin": [
								-3.9,
								19,
								16
							],
							"size": [
								4,
								5,
								19
							],
							"pivot": [
								0,
								24,
								22
							],
							"rotation": [
								15,
								0,
								0
							],
							"uv": [
								96,
								0
							]
						},
						{
							"origin": [
								-0.1,
								19,
								16
							],
							"size": [
								4,
								5,
								19
							],
							"pivot": [
								0,
								24,
								22
							],
							"rotation": [
								15,
								0,
								0
							],
							"uv": [
								51,
								0
							]
						}
					]
				},
				{
					"name": "bone6",
					"parent": "bone5",
					"pivot": [
						0,
						27,
						35
					],
					"rotation": [
						5,
						0,
						0
					],
					"cubes": [
						{
							"origin": [
								-3,
								23.5,
								35
							],
							"size": [
								6,
								5,
								15
							],
							"pivot": [
								0,
								27,
								47
							],
							"rotation": [
								2.5,
								0,
								0
							],
							"uv": [
								37,
								52
							]
						}
					]
				},
				{
					"name": "bone7",
					"parent": "bone6",
					"pivot": [
						0,
						27,
						50
					],
					"cubes": [
						{
							"origin": [
								-2,
								25,
								49
							],
							"size": [
								4,
								4,
								18
							],
							"pivot": [
								0,
								27,
								47
							],
							"rotation": [
								-10,
								0,
								0
							],
							"uv": [
								0,
								25
							]
						}
					]
				},
				{
					"name": "bone8",
					"parent": "bone",
					"pivot": [
						0,
						24,
						-20
					],
					"cubes": [
						{
							"origin": [
								-5,
								18,
								-26
							],
							"size": [
								10,
								11,
								8
							],
							"pivot": [
								0,
								24,
								-20
							],
							"rotation": [
								-10,
								0,
								0
							],
							"uv": [
								0,
								104
							]
						},
						{
							"origin": [
								-4.8,
								20.83786,
								-30.42326
							],
							"size": [
								5,
								9,
								5
							],
							"pivot": [
								0,
								22,
								-25
							],
							"rotation": [
								-17.5,
								0,
								0
							],
							"uv": [
								0,
								176
							]
						},
						{
							"origin": [
								-0.2,
								20.83786,
								-30.42326
							],
							"size": [
								5,
								9,
								5
							],
							"pivot": [
								0,
								22,
								-25
							],
							"rotation": [
								-17.5,
								0,
								0
							],
							"uv": [
								140,
								160
							]
						},
						{
							"origin": [
								-4.9,
								22.15652,
								-32.85575
							],
							"size": [
								5,
								9,
								5
							],
							"pivot": [
								0,
								31,
								-28
							],
							"rotation": [
								-2.5,
								0,
								0
							],
							"uv": [
								161,
								160
							]
						},
						{
							"origin": [
								-0.1,
								22.15652,
								-32.85575
							],
							"size": [
								5,
								9,
								5
							],
							"pivot": [
								0,
								31,
								-28
							],
							"rotation": [
								-2.5,
								0,
								0
							],
							"uv": [
								119,
								160
							]
						},
						{
							"origin": [
								-4.7,
								19.14986,
								-35.16109
							],
							"size": [
								5,
								9,
								9
							],
							"pivot": [
								0,
								24,
								-28
							],
							"rotation": [
								2.5,
								0,
								0
							],
							"uv": [
								97,
								125
							]
						},
						{
							"origin": [
								-0.3,
								19.14986,
								-35.16109
							],
							"size": [
								5,
								9,
								9
							],
							"pivot": [
								0,
								24,
								-28
							],
							"rotation": [
								2.5,
								0,
								0
							],
							"uv": [
								68,
								125
							]
						}
					]
				},
				{
					"name": "bone9",
					"parent": "bone8",
					"pivot": [
						0,
						25,
						-34
					],
					"rotation": [
						10,
						0,
						0
					],
					"cubes": [
						{
							"origin": [
								-5,
								23.8,
								-37.6
							],
							"size": [
								5,
								7.2,
								6
							],
							"uv": [
								96,
								160
							]
						},
						{
							"origin": [
								0,
								23.8,
								-37.6
							],
							"size": [
								5,
								7.2,
								6
							],
							"uv": [
								160,
								144
							]
						},
						{
							"origin": [
								-4.9,
								23.8,
								-41.2
							],
							"size": [
								5,
								7.2,
								3.6
							],
							"uv": [
								0,
								204
							]
						},
						{
							"origin": [
								-0.1,
								23.8,
								-41.2
							],
							"size": [
								5,
								7.2,
								3.6
							],
							"uv": [
								107,
								191
							]
						},
						{
							"origin": [
								-4.8,
								23.8,
								-44.8
							],
							"size": [
								5,
								7.2,
								3.6
							],
							"pivot": [
								1,
								31,
								-41.2
							],
							"rotation": [
								17.5,
								0,
								0
							],
							"uv": [
								124,
								191
							]
						},
						{
							"origin": [
								-0.2,
								23.8,
								-44.8
							],
							"size": [
								5,
								7.2,
								3.6
							],
							"pivot": [
								-1,
								31,
								-41.2
							],
							"rotation": [
								17.5,
								0,
								0
							],
							"uv": [
								90,
								191
							]
						},
						{
							"origin": [
								-4.7,
								24.04234,
								-48.178
							],
							"size": [
								5,
								6,
								3.6
							],
							"pivot": [
								1,
								29.8,
								-44.2
							],
							"rotation": [
								27.5,
								0,
								0
							],
							"uv": [
								144,
								204
							]
						},
						{
							"origin": [
								-0.3,
								24.04234,
								-48.178
							],
							"size": [
								5,
								6,
								3.6
							],
							"pivot": [
								-1,
								29.8,
								-44.2
							],
							"rotation": [
								27.5,
								0,
								0
							],
							"uv": [
								89,
								204
							]
						},
						{
							"origin": [
								0,
								24.40105,
								-48.28794
							],
							"size": [
								4.6,
								4.2,
								2.4
							],
							"pivot": [
								-1,
								24.4,
								-46
							],
							"rotation": [
								20,
								0,
								0
							],
							"uv": [
								50,
								225
							]
						},
						{
							"origin": [
								-4.6,
								24.40105,
								-48.28794
							],
							"size": [
								4.6,
								4.2,
								2.4
							],
							"pivot": [
								1,
								24.4,
								-46
							],
							"rotation": [
								20,
								0,
								0
							],
							"uv": [
								37,
								225
							]
						},
						{
							"origin": [
								0,
								23.63404,
								-51.27619
							],
							"size": [
								4.5,
								2.4,
								3
							],
							"pivot": [
								-1,
								25.6,
								-50.2
							],
							"rotation": [
								60,
								0,
								0
							],
							"uv": [
								0,
								225
							]
						},
						{
							"origin": [
								-4.5,
								23.63404,
								-51.27619
							],
							"size": [
								4.5,
								2.4,
								3
							],
							"pivot": [
								1,
								25.6,
								-50.2
							],
							"rotation": [
								60,
								0,
								0
							],
							"uv": [
								168,
								215
							]
						},
						{
							"origin": [
								-4.8,
								23.2,
								-39.4
							],
							"size": [
								10,
								1.8,
								3.6
							],
							"pivot": [
								-1,
								25,
								-37.6
							],
							"rotation": [
								15,
								0,
								0
							],
							"uv": [
								136,
								176
							]
						},
						{
							"origin": [
								-5.2,
								23.2,
								-39.4
							],
							"size": [
								10,
								1.8,
								3.6
							],
							"pivot": [
								1,
								25,
								-37.6
							],
							"rotation": [
								15,
								0,
								0
							],
							"uv": [
								136,
								176
							],
							"mirror": true
						},
						{
							"origin": [
								-4.9,
								22.82808,
								-42.57501
							],
							"size": [
								10,
								1.8,
								3.6
							],
							"uv": [
								109,
								183
							]
						},
						{
							"origin": [
								-5.1,
								22.82808,
								-42.57501
							],
							"size": [
								10,
								1.8,
								3.6
							],
							"uv": [
								109,
								183
							],
							"mirror": true
						},
						{
							"origin": [
								3.1,
								20.82808,
								-42.57501
							],
							"size": [
								0,
								3.8,
								3.6
							],
							"uv": [
								92,
								225
							]
						},
						{
							"origin": [
								-3.1,
								20.82808,
								-42.57501
							],
							"size": [
								0,
								3.8,
								3.6
							],
							"uv": [
								85,
								225
							]
						},
						{
							"origin": [
								-5.2,
								22.82808,
								-44.97501
							],
							"size": [
								10,
								1.8,
								2.4
							],
							"pivot": [
								1,
								24.4,
								-42.4
							],
							"rotation": [
								10,
								0,
								0
							],
							"uv": [
								65,
								195
							]
						},
						{
							"origin": [
								-4.8,
								22.82808,
								-44.97501
							],
							"size": [
								10,
								1.8,
								2.4
							],
							"pivot": [
								-1,
								24.4,
								-42.4
							],
							"rotation": [
								10,
								0,
								0
							],
							"uv": [
								65,
								191
							]
						},
						{
							"origin": [
								3.2,
								20.82808,
								-44.97501
							],
							"size": [
								0,
								2.8,
								2.4
							],
							"pivot": [
								-1,
								24.4,
								-42.4
							],
							"rotation": [
								10,
								0,
								0
							],
							"uv": [
								104,
								225
							]
						},
						{
							"origin": [
								-3.2,
								20.82808,
								-44.97501
							],
							"size": [
								0,
								2.8,
								2.4
							],
							"pivot": [
								1,
								24.4,
								-42.4
							],
							"rotation": [
								10,
								0,
								0
							],
							"uv": [
								99,
								225
							]
						},
						{
							"origin": [
								-5.1,
								22.48817,
								-49.48979
							],
							"size": [
								5,
								1.8,
								4.8
							],
							"pivot": [
								1,
								22.6,
								-44.2
							],
							"rotation": [
								-15,
								0,
								0
							],
							"uv": [
								106,
								215
							]
						},
						{
							"origin": [
								0.1,
								22.48817,
								-49.48979
							],
							"size": [
								5,
								1.8,
								4.8
							],
							"pivot": [
								-1,
								22.6,
								-44.2
							],
							"rotation": [
								-15,
								0,
								0
							],
							"uv": [
								68,
								215
							]
						},
						{
							"origin": [
								3.1,
								20.48817,
								-50.48979
							],
							"size": [
								0,
								2.8,
								5.8
							],
							"pivot": [
								-1,
								22.6,
								-44.2
							],
							"rotation": [
								-15,
								0,
								0
							],
							"uv": [
								74,
								225
							]
						},
						{
							"origin": [
								-3.1,
								20.48817,
								-50.48979
							],
							"size": [
								0,
								2.8,
								5.8
							],
							"pivot": [
								1,
								22.6,
								-44.2
							],
							"rotation": [
								-15,
								0,
								0
							],
							"uv": [
								63,
								225
							]
						},
						{
							"origin": [
								-0.3,
								23.67743,
								-51.25645
							],
							"size": [
								5.5,
								1.8,
								3
							],
							"pivot": [
								-1,
								25.6,
								-48.4
							],
							"rotation": [
								7.5,
								0,
								0
							],
							"uv": [
								151,
								220
							]
						},
						{
							"origin": [
								-5.2,
								23.67743,
								-51.25645
							],
							"size": [
								5.5,
								1.8,
								3
							],
							"pivot": [
								1,
								25.6,
								-48.4
							],
							"rotation": [
								7.5,
								0,
								0
							],
							"uv": [
								151,
								215
							]
						}
					]
				},
				{
					"name": "bone10",
					"parent": "bone9",
					"pivot": [
						1,
						24,
						-33
					],
					"rotation": [
						-15,
						0,
						0
					],
					"cubes": [
						{
							"origin": [
								-5.1,
								20.53826,
								-37.80084
							],
							"size": [
								7,
								4.2,
								6
							],
							"uv": [
								133,
								144
							]
						},
						{
							"origin": [
								-1.9,
								20.53826,
								-37.80084
							],
							"size": [
								7,
								4.2,
								6
							],
							"uv": [
								106,
								144
							]
						},
						{
							"origin": [
								0,
								20.53826,
								-40.20084
							],
							"size": [
								3,
								6,
								6.6
							],
							"pivot": [
								1,
								23.53826,
								-35.80084
							],
							"rotation": [
								0,
								-25,
								0
							],
							"uv": [
								19,
								191
							]
						},
						{
							"origin": [
								-3,
								20.53826,
								-40.20084
							],
							"size": [
								3,
								6,
								6.6
							],
							"pivot": [
								-1,
								23.53826,
								-35.80084
							],
							"rotation": [
								0,
								25,
								0
							],
							"uv": [
								0,
								191
							]
						},
						{
							"origin": [
								-5,
								20.53826,
								-36.00084
							],
							"size": [
								10,
								3,
								3.6
							],
							"pivot": [
								1,
								22.33826,
								-31.80084
							],
							"rotation": [
								30,
								0,
								0
							],
							"uv": [
								109,
								176
							]
						},
						{
							"origin": [
								-0.1,
								18.85595,
								-38.12238
							],
							"size": [
								5,
								3,
								4.2
							],
							"pivot": [
								-1,
								18.73826,
								-34.20084
							],
							"rotation": [
								10,
								0,
								0
							],
							"uv": [
								125,
								204
							]
						},
						{
							"origin": [
								-4.9,
								18.85595,
								-38.12238
							],
							"size": [
								5,
								3,
								4.2
							],
							"pivot": [
								1,
								18.73826,
								-34.20084
							],
							"rotation": [
								10,
								0,
								0
							],
							"uv": [
								70,
								204
							]
						},
						{
							"origin": [
								-0.2,
								18.85595,
								-42.32238
							],
							"size": [
								5,
								3,
								4.2
							],
							"pivot": [
								-1,
								18.73826,
								-34.20084
							],
							"rotation": [
								10,
								0,
								0
							],
							"uv": [
								106,
								204
							]
						},
						{
							"origin": [
								-4.8,
								18.85595,
								-42.32238
							],
							"size": [
								5,
								3,
								4.2
							],
							"pivot": [
								1,
								18.73826,
								-34.20084
							],
							"rotation": [
								10,
								0,
								0
							],
							"uv": [
								51,
								204
							]
						},
						{
							"origin": [
								-4.7,
								17.5015,
								-46.64088
							],
							"size": [
								5,
								2.4,
								4.2
							],
							"pivot": [
								1,
								18.73826,
								-42.00084
							],
							"rotation": [
								15,
								0,
								0
							],
							"uv": [
								0,
								215
							]
						},
						{
							"origin": [
								-0.3,
								17.5015,
								-46.64088
							],
							"size": [
								5,
								2.4,
								4.2
							],
							"pivot": [
								-1,
								18.73826,
								-42.00084
							],
							"rotation": [
								15,
								0,
								0
							],
							"uv": [
								161,
								204
							]
						},
						{
							"origin": [
								-4.6,
								16.33268,
								-50.36282
							],
							"size": [
								5,
								1.8,
								4.2
							],
							"pivot": [
								1,
								16.33826,
								-46.20084
							],
							"rotation": [
								-12.5,
								0,
								0
							],
							"uv": [
								87,
								215
							]
						},
						{
							"origin": [
								-0.4,
								16.33268,
								-50.36282
							],
							"size": [
								5,
								1.8,
								4.2
							],
							"pivot": [
								-1,
								16.33826,
								-46.20084
							],
							"rotation": [
								-12.5,
								0,
								0
							],
							"uv": [
								49,
								215
							]
						},
						{
							"origin": [
								-5,
								21.13826,
								-45.00084
							],
							"size": [
								10,
								2.4,
								7.2
							],
							"pivot": [
								1,
								24.13826,
								-37.80084
							],
							"rotation": [
								30,
								0,
								0
							],
							"uv": [
								157,
								125
							]
						},
						{
							"origin": [
								2,
								23.13826,
								-45.00084
							],
							"size": [
								0,
								2.4,
								7.2
							],
							"pivot": [
								1,
								24.13826,
								-37.80084
							],
							"rotation": [
								30,
								0,
								0
							],
							"uv": [
								34,
								215
							]
						},
						{
							"origin": [
								-2,
								23.13826,
								-45.00084
							],
							"size": [
								0,
								2.4,
								7.2
							],
							"pivot": [
								-1,
								24.13826,
								-37.80084
							],
							"rotation": [
								30,
								0,
								0
							],
							"uv": [
								19,
								215
							]
						},
						{
							"origin": [
								-0.1,
								18.39518,
								-50.5243
							],
							"size": [
								5,
								1.8,
								8.4
							],
							"pivot": [
								-1,
								19.33826,
								-43.20084
							],
							"rotation": [
								7.5,
								0,
								0
							],
							"uv": [
								42,
								160
							]
						},
						{
							"origin": [
								-4.9,
								18.39518,
								-50.5243
							],
							"size": [
								5,
								1.8,
								8.4
							],
							"pivot": [
								1,
								19.33826,
								-43.20084
							],
							"rotation": [
								7.5,
								0,
								0
							],
							"uv": [
								42,
								160
							],
							"mirror": true
						},
						{
							"origin": [
								1.9,
								19.39518,
								-50.5243
							],
							"size": [
								0,
								1.8,
								8.4
							],
							"pivot": [
								-1,
								19.33826,
								-43.20084
							],
							"rotation": [
								7.5,
								0,
								0
							],
							"uv": [
								34,
								204
							]
						},
						{
							"origin": [
								-1.9,
								19.39518,
								-50.5243
							],
							"size": [
								0,
								1.8,
								8.4
							],
							"pivot": [
								1,
								19.33826,
								-43.20084
							],
							"rotation": [
								7.5,
								0,
								0
							],
							"uv": [
								17,
								204
							]
						}
					]
				},
				{
					"name": "bone2",
					"pivot": [
						-7,
						19,
						5
					],
					"cubes": [
						{
							"origin": [
								-10,
								12,
								1
							],
							"size": [
								7,
								15,
								11
							],
							"pivot": [
								-7,
								19,
								5
							],
							"rotation": [
								-20,
								0,
								0
							],
							"uv": [
								0,
								52
							]
						}
					]
				},
				{
					"name": "bone11",
					"parent": "bone2",
					"pivot": [
						-8,
						13,
						0
					],
					"rotation": [
						-20,
						0,
						0
					],
					"cubes": [
						{
							"origin": [
								-9.5,
								4.60853,
								-2.49995
							],
							"size": [
								5,
								6,
								15
							],
							"pivot": [
								-12,
								6.12061,
								9.68404
							],
							"rotation": [
								-45,
								0,
								0
							],
							"uv": [
								121,
								52
							]
						}
					]
				},
				{
					"name": "bone12",
					"parent": "bone11",
					"pivot": [
						-7,
						6.12061,
						10.68404
					],
					"cubes": [
						{
							"origin": [
								-10.5,
								2.32061,
								3.68404
							],
							"size": [
								7,
								3,
								11
							],
							"pivot": [
								-12,
								4.12061,
								8.68404
							],
							"rotation": [
								20,
								0,
								0
							],
							"uv": [
								74,
								104
							]
						}
					]
				},
				{
					"name": "bone19",
					"pivot": [
						-7,
						19,
						-10
					],
					"cubes": [
						{
							"origin": [
								-9,
								11,
								-15
							],
							"size": [
								5,
								10,
								5
							],
							"pivot": [
								-7,
								19,
								-10
							],
							"rotation": [
								25,
								0,
								0
							],
							"uv": [
								0,
								160
							]
						}
					]
				},
				{
					"name": "bone20",
					"parent": "bone19",
					"pivot": [
						-8,
						11,
						-11
					],
					"rotation": [
						20,
						0,
						0
					],
					"cubes": [
						{
							"origin": [
								-8.5,
								3.55641,
								-11.8619
							],
							"size": [
								4,
								4,
								7
							],
							"pivot": [
								-12,
								2.06849,
								-15.04588
							],
							"rotation": [
								45,
								0,
								0
							],
							"uv": [
								21,
								176
							]
						}
					]
				},
				{
					"name": "bone21",
					"parent": "bone20",
					"pivot": [
						-6,
						6.06849,
						-15.6778
					],
					"rotation": [
						-40,
						0,
						0
					],
					"cubes": [
						{
							"origin": [
								-8.7,
								1.80804,
								-15.69036
							],
							"size": [
								2,
								5,
								3
							],
							"pivot": [
								12,
								2.60804,
								-16.69036
							],
							"rotation": [
								20,
								0,
								0
							],
							"uv": [
								15,
								225
							]
						},
						{
							"origin": [
								-7.3,
								1.80804,
								-15.69036
							],
							"size": [
								3,
								5,
								3
							],
							"pivot": [
								-12,
								2.60804,
								-16.69036
							],
							"rotation": [
								20,
								0,
								0
							],
							"uv": [
								125,
								215
							]
						}
					]
				},
				{
					"name": "bone13",
					"pivot": [
						7,
						19,
						5
					],
					"cubes": [
						{
							"origin": [
								3,
								12,
								1
							],
							"size": [
								7,
								15,
								11
							],
							"pivot": [
								7,
								19,
								5
							],
							"rotation": [
								-20,
								0,
								0
							],
							"uv": [
								0,
								52
							],
							"mirror": true
						}
					]
				},
				{
					"name": "bone14",
					"parent": "bone13",
					"pivot": [
						8,
						13,
						0
					],
					"rotation": [
						-20,
						0,
						0
					],
					"cubes": [
						{
							"origin": [
								4.5,
								4.60853,
								-2.49995
							],
							"size": [
								5,
								6,
								15
							],
							"pivot": [
								12,
								6.12061,
								9.68404
							],
							"rotation": [
								-45,
								0,
								0
							],
							"uv": [
								121,
								52
							],
							"mirror": true
						}
					]
				},
				{
					"name": "bone15",
					"parent": "bone14",
					"pivot": [
						7,
						6.12061,
						10.68404
					],
					"cubes": [
						{
							"origin": [
								3.5,
								2.32061,
								3.68404
							],
							"size": [
								7,
								3,
								11
							],
							"pivot": [
								12,
								4.12061,
								8.68404
							],
							"rotation": [
								20,
								0,
								0
							],
							"uv": [
								74,
								104
							],
							"mirror": true
						}
					]
				},
				{
					"name": "bone16",
					"pivot": [
						7,
						19,
						-10
					],
					"cubes": [
						{
							"origin": [
								4,
								11,
								-15
							],
							"size": [
								5,
								10,
								5
							],
							"pivot": [
								7,
								19,
								-10
							],
							"rotation": [
								25,
								0,
								0
							],
							"uv": [
								0,
								160
							],
							"mirror": true
						}
					]
				},
				{
					"name": "bone17",
					"parent": "bone16",
					"pivot": [
						8,
						11,
						-11
					],
					"rotation": [
						20,
						0,
						0
					],
					"cubes": [
						{
							"origin": [
								4.5,
								3.55641,
								-11.8619
							],
							"size": [
								4,
								4,
								7
							],
							"pivot": [
								12,
								2.06849,
								-15.04588
							],
							"rotation": [
								45,
								0,
								0
							],
							"uv": [
								21,
								176
							],
							"mirror": true
						}
					]
				},
				{
					"name": "bone18",
					"parent": "bone17",
					"pivot": [
						6,
						6.06849,
						-15.6778
					],
					"rotation": [
						-40,
						0,
						0
					],
					"cubes": [
						{
							"origin": [
								6.7,
								1.80804,
								-15.69036
							],
							"size": [
								2,
								5,
								3
							],
							"pivot": [
								-12,
								2.60804,
								-16.69036
							],
							"rotation": [
								20,
								0,
								0
							],
							"uv": [
								15,
								225
							],
							"mirror": true
						},
						{
							"origin": [
								4.3,
								1.80804,
								-15.69036
							],
							"size": [
								3,
								5,
								3
							],
							"pivot": [
								12,
								2.60804,
								-16.69036
							],
							"rotation": [
								20,
								0,
								0
							],
							"uv": [
								125,
								215
							],
							"mirror": true
						}
					]
				}
			]
		}
	]
}