{
	"format_version": "1.12.0",
	"minecraft:geometry": [
		{
			"description": {
				"identifier": "geometry.purusaurus",
				"texture_width": 256,
				"texture_height": 256,
				"visible_bounds_width": 16,
				"visible_bounds_height": 4,
				"visible_bounds_offset": [
					0,
					1,
					0
				]
			},
			"bones": [
				{
					"name": "Purusaurus",
					"pivot": [
						0,
						14,
						0
					]
				},
				{
					"name": "Body",
					"parent": "Purusaurus",
					"pivot": [
						0,
						14,
						0
					]
				},
				{
					"name": "bone",
					"parent": "Body",
					"pivot": [
						0,
						14,
						0
					],
					"cubes": [
						{
							"origin": [
								-10.5,
								4,
								-9
							],
							"size": [
								21,
								12,
								24
							],
							"uv": {
								"north": {
									"uv": [
										0,
										60
									],
									"uv_size": [
										21,
										12
									]
								},
								"east": {
									"uv": [
										45,
										0
									],
									"uv_size": [
										24,
										12
									]
								},
								"south": {
									"uv": [
										21,
										60
									],
									"uv_size": [
										21,
										12
									]
								},
								"west": {
									"uv": [
										45,
										12
									],
									"uv_size": [
										24,
										12
									]
								},
								"up": {
									"uv": [
										24,
										0
									],
									"uv_size": [
										21,
										24
									]
								},
								"down": {
									"uv": [
										24,
										48
									],
									"uv_size": [
										21,
										-24
									]
								}
							}
						},
						{
							"origin": [
								-9.98932,
								3.02258,
								-16.77981
							],
							"size": [
								20,
								12,
								9
							],
							"pivot": [
								0.01068,
								13.02258,
								-0.77981
							],
							"rotation": [
								-7.4332,
								0,
								0
							],
							"uv": {
								"north": {
									"uv": [
										69,
										28
									],
									"uv_size": [
										20,
										12
									]
								},
								"east": {
									"uv": [
										120,
										37
									],
									"uv_size": [
										9,
										12
									]
								},
								"south": {
									"uv": [
										70,
										40
									],
									"uv_size": [
										20,
										12
									]
								},
								"west": {
									"uv": [
										0,
										121
									],
									"uv_size": [
										9,
										12
									]
								},
								"up": {
									"uv": [
										14,
										96
									],
									"uv_size": [
										20,
										9
									]
								},
								"down": {
									"uv": [
										96,
										85
									],
									"uv_size": [
										20,
										-9
									]
								}
							}
						},
						{
							"origin": [
								-8.5,
								2.74177,
								14.18172
							],
							"size": [
								17,
								12,
								11
							],
							"pivot": [
								0,
								12.74177,
								0.18172
							],
							"rotation": [
								5,
								0,
								0
							],
							"uv": {
								"north": {
									"uv": [
										0,
										84
									],
									"uv_size": [
										17,
										12
									]
								},
								"east": {
									"uv": [
										35,
										118
									],
									"uv_size": [
										11,
										12
									]
								},
								"south": {
									"uv": [
										17,
										84
									],
									"uv_size": [
										17,
										12
									]
								},
								"west": {
									"uv": [
										118,
										57
									],
									"uv_size": [
										11,
										12
									]
								},
								"up": {
									"uv": [
										54,
										88
									],
									"uv_size": [
										17,
										11
									]
								},
								"down": {
									"uv": [
										89,
										31
									],
									"uv_size": [
										17,
										-11
									]
								}
							}
						},
						{
							"origin": [
								-6.5,
								2.74177,
								25.18172
							],
							"size": [
								13,
								12,
								7
							],
							"pivot": [
								0,
								12.74177,
								0.18172
							],
							"rotation": [
								5,
								0,
								0
							],
							"uv": {
								"north": {
									"uv": [
										81,
										109
									],
									"uv_size": [
										13,
										12
									]
								},
								"east": {
									"uv": [
										86,
										121
									],
									"uv_size": [
										7,
										12
									]
								},
								"south": {
									"uv": [
										112,
										109
									],
									"uv_size": [
										13,
										12
									]
								},
								"west": {
									"uv": [
										130,
										0
									],
									"uv_size": [
										7,
										12
									]
								},
								"up": {
									"uv": [
										127,
										16
									],
									"uv_size": [
										13,
										7
									]
								},
								"down": {
									"uv": [
										61,
										134
									],
									"uv_size": [
										13,
										-7
									]
								}
							}
						},
						{
							"origin": [
								-7,
								17.74177,
								22.18172
							],
							"size": [
								14,
								12,
								9
							],
							"pivot": [
								0,
								12.74177,
								0.18172
							],
							"rotation": [
								-15,
								0,
								0
							],
							"uv": {
								"north": {
									"uv": [
										98,
										101
									],
									"uv_size": [
										14,
										12
									]
								},
								"east": {
									"uv": [
										121,
										0
									],
									"uv_size": [
										9,
										12
									]
								},
								"south": {
									"uv": [
										104,
										63
									],
									"uv_size": [
										14,
										12
									]
								},
								"west": {
									"uv": [
										77,
										121
									],
									"uv_size": [
										9,
										12
									]
								},
								"up": {
									"uv": [
										116,
										75
									],
									"uv_size": [
										14,
										9
									]
								},
								"down": {
									"uv": [
										63,
										127
									],
									"uv_size": [
										14,
										-9
									]
								}
							}
						},
						{
							"origin": [
								-9,
								14.235,
								15.46833
							],
							"size": [
								18,
								12,
								9
							],
							"pivot": [
								0,
								9.235,
								-6.53167
							],
							"rotation": [
								-5,
								0,
								0
							],
							"uv": {
								"north": {
									"uv": [
										42,
										71
									],
									"uv_size": [
										18,
										12
									]
								},
								"east": {
									"uv": [
										104,
										121
									],
									"uv_size": [
										9,
										12
									]
								},
								"south": {
									"uv": [
										0,
										72
									],
									"uv_size": [
										18,
										12
									]
								},
								"west": {
									"uv": [
										113,
										121
									],
									"uv_size": [
										9,
										12
									]
								},
								"up": {
									"uv": [
										63,
										109
									],
									"uv_size": [
										18,
										9
									]
								},
								"down": {
									"uv": [
										112,
										37
									],
									"uv_size": [
										18,
										-9
									]
								}
							}
						},
						{
							"origin": [
								-10,
								11.48392,
								7.62492
							],
							"size": [
								20,
								12,
								10
							],
							"pivot": [
								0,
								6.48392,
								-0.37508
							],
							"rotation": [
								2.5,
								0,
								0
							],
							"uv": {
								"north": {
									"uv": [
										70,
										52
									],
									"uv_size": [
										20,
										12
									]
								},
								"east": {
									"uv": [
										118,
										84
									],
									"uv_size": [
										10,
										12
									]
								},
								"south": {
									"uv": [
										70,
										64
									],
									"uv_size": [
										20,
										12
									]
								},
								"west": {
									"uv": [
										46,
										119
									],
									"uv_size": [
										10,
										12
									]
								},
								"up": {
									"uv": [
										87,
										0
									],
									"uv_size": [
										20,
										10
									]
								},
								"down": {
									"uv": [
										87,
										20
									],
									"uv_size": [
										20,
										-10
									]
								}
							}
						},
						{
							"origin": [
								-12.07013,
								11.04599,
								-14.85049
							],
							"size": [
								24,
								12,
								24
							],
							"pivot": [
								-0.07013,
								6.04599,
								2.14951
							],
							"rotation": [
								7.45044,
								0,
								0
							],
							"uv": {
								"north": {
									"uv": [
										45,
										24
									],
									"uv_size": [
										24,
										12
									]
								},
								"east": {
									"uv": [
										45,
										36
									],
									"uv_size": [
										24,
										12
									]
								},
								"south": {
									"uv": [
										0,
										48
									],
									"uv_size": [
										24,
										12
									]
								},
								"west": {
									"uv": [
										24,
										48
									],
									"uv_size": [
										24,
										12
									]
								},
								"up": {
									"uv": [
										0,
										0
									],
									"uv_size": [
										24,
										24
									]
								},
								"down": {
									"uv": [
										0,
										48
									],
									"uv_size": [
										24,
										-24
									]
								}
							}
						}
					]
				},
				{
					"name": "Tail",
					"parent": "bone",
					"pivot": [
						0,
						14,
						31
					]
				},
				{
					"name": "bone2",
					"parent": "Tail",
					"pivot": [
						0,
						14,
						31
					],
					"cubes": [
						{
							"origin": [
								-5,
								13.7,
								26
							],
							"size": [
								11,
								8,
								23
							],
							"pivot": [
								0,
								14,
								31
							],
							"rotation": [
								-12.5,
								0,
								0
							],
							"uv": {
								"north": {
									"uv": [
										129,
										57
									],
									"uv_size": [
										11,
										8
									]
								},
								"east": {
									"uv": [
										89,
										31
									],
									"uv_size": [
										23,
										8
									]
								},
								"south": {
									"uv": [
										122,
										129
									],
									"uv_size": [
										11,
										8
									]
								},
								"west": {
									"uv": [
										90,
										39
									],
									"uv_size": [
										23,
										8
									]
								},
								"up": {
									"uv": [
										48,
										48
									],
									"uv_size": [
										11,
										23
									]
								},
								"down": {
									"uv": [
										59,
										71
									],
									"uv_size": [
										11,
										-23
									]
								}
							}
						},
						{
							"origin": [
								-4,
								5.7,
								26
							],
							"size": [
								9,
								8,
								23
							],
							"pivot": [
								0,
								14,
								31
							],
							"rotation": [
								-7.5,
								0,
								0
							],
							"uv": {
								"north": {
									"uv": [
										0,
										133
									],
									"uv_size": [
										9,
										8
									]
								},
								"east": {
									"uv": [
										90,
										47
									],
									"uv_size": [
										23,
										8
									]
								},
								"south": {
									"uv": [
										61,
										134
									],
									"uv_size": [
										9,
										8
									]
								},
								"west": {
									"uv": [
										90,
										55
									],
									"uv_size": [
										23,
										8
									]
								},
								"up": {
									"uv": [
										78,
										76
									],
									"uv_size": [
										9,
										23
									]
								},
								"down": {
									"uv": [
										36,
										106
									],
									"uv_size": [
										9,
										-23
									]
								}
							}
						}
					]
				},
				{
					"name": "bone3",
					"parent": "bone2",
					"pivot": [
						0,
						10,
						48
					],
					"cubes": [
						{
							"origin": [
								-4,
								9.3,
								45.54962
							],
							"size": [
								9,
								8,
								22
							],
							"pivot": [
								0,
								9.88765,
								49.54962
							],
							"rotation": [
								-12.5,
								0,
								0
							],
							"uv": {
								"north": {
									"uv": [
										134,
										121
									],
									"uv_size": [
										9,
										8
									]
								},
								"east": {
									"uv": [
										96,
										85
									],
									"uv_size": [
										22,
										8
									]
								},
								"south": {
									"uv": [
										14,
										135
									],
									"uv_size": [
										9,
										8
									]
								},
								"west": {
									"uv": [
										96,
										93
									],
									"uv_size": [
										22,
										8
									]
								},
								"up": {
									"uv": [
										45,
										83
									],
									"uv_size": [
										9,
										22
									]
								},
								"down": {
									"uv": [
										87,
										98
									],
									"uv_size": [
										9,
										-22
									]
								}
							}
						},
						{
							"origin": [
								-3,
								3.3,
								48.00516
							],
							"size": [
								7,
								8,
								20
							],
							"pivot": [
								0,
								17.57996,
								50.00516
							],
							"rotation": [
								-7.5,
								0,
								0
							],
							"uv": {
								"north": {
									"uv": [
										104,
										113
									],
									"uv_size": [
										7,
										8
									]
								},
								"east": {
									"uv": [
										107,
										12
									],
									"uv_size": [
										20,
										8
									]
								},
								"south": {
									"uv": [
										86,
										141
									],
									"uv_size": [
										7,
										8
									]
								},
								"west": {
									"uv": [
										112,
										101
									],
									"uv_size": [
										20,
										8
									]
								},
								"up": {
									"uv": [
										28,
										113
									],
									"uv_size": [
										7,
										20
									]
								},
								"down": {
									"uv": [
										113,
										57
									],
									"uv_size": [
										7,
										-20
									]
								}
							}
						}
					]
				},
				{
					"name": "bone4",
					"parent": "bone3",
					"pivot": [
						0,
						7,
						68
					],
					"cubes": [
						{
							"origin": [
								-3,
								4.7,
								64.03824
							],
							"size": [
								7,
								8,
								22
							],
							"pivot": [
								0,
								5.47853,
								71.03824
							],
							"rotation": [
								-7.5,
								0,
								0
							],
							"uv": {
								"north": {
									"uv": [
										6,
										142
									],
									"uv_size": [
										7,
										8
									]
								},
								"east": {
									"uv": [
										54,
										99
									],
									"uv_size": [
										22,
										8
									]
								},
								"south": {
									"uv": [
										142,
										22
									],
									"uv_size": [
										7,
										8
									]
								},
								"west": {
									"uv": [
										76,
										101
									],
									"uv_size": [
										22,
										8
									]
								},
								"up": {
									"uv": [
										14,
										113
									],
									"uv_size": [
										7,
										22
									]
								},
								"down": {
									"uv": [
										21,
										135
									],
									"uv_size": [
										7,
										-22
									]
								}
							}
						},
						{
							"origin": [
								0,
								11.7,
								78.03824
							],
							"size": [
								0,
								5,
								8
							],
							"pivot": [
								0,
								5.47853,
								71.03824
							],
							"rotation": [
								-7.5,
								0,
								0
							],
							"uv": {
								"north": {
									"uv": [
										0,
										0
									],
									"uv_size": [
										0,
										5
									]
								},
								"east": {
									"uv": [
										148,
										115
									],
									"uv_size": [
										8,
										5
									]
								},
								"south": {
									"uv": [
										0,
										0
									],
									"uv_size": [
										0,
										5
									]
								},
								"west": {
									"uv": [
										149,
										22
									],
									"uv_size": [
										8,
										5
									]
								},
								"up": {
									"uv": [
										0,
										0
									],
									"uv_size": [
										0,
										8
									]
								},
								"down": {
									"uv": [
										0,
										8
									],
									"uv_size": [
										0,
										-8
									]
								}
							}
						},
						{
							"origin": [
								-2,
								0.9,
								65.62261
							],
							"size": [
								5,
								8,
								21
							],
							"pivot": [
								0,
								15.51196,
								73.62261
							],
							"rotation": [
								-2.5,
								0,
								0
							],
							"uv": {
								"north": {
									"uv": [
										0,
										151
									],
									"uv_size": [
										5,
										8
									]
								},
								"east": {
									"uv": [
										14,
										105
									],
									"uv_size": [
										21,
										8
									]
								},
								"south": {
									"uv": [
										32,
										151
									],
									"uv_size": [
										5,
										8
									]
								},
								"west": {
									"uv": [
										106,
										20
									],
									"uv_size": [
										21,
										8
									]
								},
								"up": {
									"uv": [
										56,
										119
									],
									"uv_size": [
										5,
										21
									]
								},
								"down": {
									"uv": [
										9,
										142
									],
									"uv_size": [
										5,
										-21
									]
								}
							}
						}
					]
				},
				{
					"name": "bone5",
					"parent": "bone4",
					"pivot": [
						0,
						5,
						86
					],
					"cubes": [
						{
							"origin": [
								-2,
								5.11466,
								84.74494
							],
							"size": [
								5,
								4,
								27
							],
							"pivot": [
								0,
								1.89319,
								91.74494
							],
							"rotation": [
								-15,
								0,
								0
							],
							"uv": {
								"north": {
									"uv": [
										73,
										154
									],
									"uv_size": [
										5,
										4
									]
								},
								"east": {
									"uv": [
										118,
										69
									],
									"uv_size": [
										27,
										4
									]
								},
								"south": {
									"uv": [
										154,
										108
									],
									"uv_size": [
										5,
										4
									]
								},
								"west": {
									"uv": [
										118,
										96
									],
									"uv_size": [
										27,
										4
									]
								},
								"up": {
									"uv": [
										94,
										113
									],
									"uv_size": [
										5,
										27
									]
								},
								"down": {
									"uv": [
										99,
										140
									],
									"uv_size": [
										5,
										-27
									]
								}
							}
						},
						{
							"origin": [
								0,
								9.11466,
								84.74494
							],
							"size": [
								0,
								4,
								27
							],
							"pivot": [
								0,
								1.89319,
								91.74494
							],
							"rotation": [
								-15,
								0,
								0
							],
							"uv": {
								"north": {
									"uv": [
										0,
										0
									],
									"uv_size": [
										0,
										4
									]
								},
								"east": {
									"uv": [
										120,
										49
									],
									"uv_size": [
										27,
										4
									]
								},
								"south": {
									"uv": [
										0,
										0
									],
									"uv_size": [
										0,
										4
									]
								},
								"west": {
									"uv": [
										120,
										53
									],
									"uv_size": [
										27,
										4
									]
								},
								"up": {
									"uv": [
										0,
										0
									],
									"uv_size": [
										0,
										27
									]
								},
								"down": {
									"uv": [
										0,
										27
									],
									"uv_size": [
										0,
										-27
									]
								}
							}
						},
						{
							"origin": [
								-1.5,
								2.11466,
								84.74494
							],
							"size": [
								4,
								4,
								14
							],
							"pivot": [
								0,
								1.89319,
								91.74494
							],
							"rotation": [
								-15,
								0,
								0
							],
							"uv": {
								"north": {
									"uv": [
										94,
										109
									],
									"uv_size": [
										4,
										4
									]
								},
								"east": {
									"uv": [
										142,
										30
									],
									"uv_size": [
										14,
										4
									]
								},
								"south": {
									"uv": [
										153,
										156
									],
									"uv_size": [
										4,
										4
									]
								},
								"west": {
									"uv": [
										142,
										34
									],
									"uv_size": [
										14,
										4
									]
								},
								"up": {
									"uv": [
										58,
										142
									],
									"uv_size": [
										4,
										14
									]
								},
								"down": {
									"uv": [
										62,
										156
									],
									"uv_size": [
										4,
										-14
									]
								}
							}
						},
						{
							"origin": [
								-1,
								0.34685,
								85.97287
							],
							"size": [
								3,
								4,
								23
							],
							"uv": {
								"north": {
									"uv": [
										127,
										23
									],
									"uv_size": [
										3,
										4
									]
								},
								"east": {
									"uv": [
										125,
										117
									],
									"uv_size": [
										23,
										4
									]
								},
								"south": {
									"uv": [
										74,
										127
									],
									"uv_size": [
										3,
										4
									]
								},
								"west": {
									"uv": [
										127,
										12
									],
									"uv_size": [
										23,
										4
									]
								},
								"up": {
									"uv": [
										70,
										134
									],
									"uv_size": [
										3,
										23
									]
								},
								"down": {
									"uv": [
										127,
										160
									],
									"uv_size": [
										3,
										-23
									]
								}
							}
						}
					]
				},
				{
					"name": "Neck",
					"parent": "bone",
					"pivot": [
						0,
						14,
						-16
					]
				},
				{
					"name": "bone6",
					"parent": "Neck",
					"pivot": [
						0,
						14,
						-16
					],
					"cubes": [
						{
							"origin": [
								-9,
								8.7,
								-29
							],
							"size": [
								18,
								12,
								14
							],
							"pivot": [
								0,
								14,
								-16
							],
							"rotation": [
								5,
								0,
								0
							],
							"uv": {
								"north": {
									"uv": [
										18,
										72
									],
									"uv_size": [
										18,
										12
									]
								},
								"east": {
									"uv": [
										35,
										106
									],
									"uv_size": [
										14,
										12
									]
								},
								"south": {
									"uv": [
										60,
										76
									],
									"uv_size": [
										18,
										12
									]
								},
								"west": {
									"uv": [
										107,
										0
									],
									"uv_size": [
										14,
										12
									]
								},
								"up": {
									"uv": [
										69,
										0
									],
									"uv_size": [
										18,
										14
									]
								},
								"down": {
									"uv": [
										69,
										28
									],
									"uv_size": [
										18,
										-14
									]
								}
							}
						},
						{
							"origin": [
								-7,
								5.1,
								-28
							],
							"size": [
								14,
								5,
								13
							],
							"pivot": [
								0,
								14,
								-16
							],
							"rotation": [
								-4.91999,
								0,
								0
							],
							"uv": {
								"north": {
									"uv": [
										128,
										91
									],
									"uv_size": [
										14,
										5
									]
								},
								"east": {
									"uv": [
										73,
										141
									],
									"uv_size": [
										13,
										5
									]
								},
								"south": {
									"uv": [
										129,
										44
									],
									"uv_size": [
										14,
										5
									]
								},
								"west": {
									"uv": [
										141,
										73
									],
									"uv_size": [
										13,
										5
									]
								},
								"up": {
									"uv": [
										90,
										63
									],
									"uv_size": [
										14,
										13
									]
								},
								"down": {
									"uv": [
										0,
										109
									],
									"uv_size": [
										14,
										-13
									]
								}
							}
						}
					]
				},
				{
					"name": "Head",
					"parent": "bone6",
					"pivot": [
						1,
						18,
						-28
					]
				},
				{
					"name": "bone7",
					"parent": "Head",
					"pivot": [
						1,
						19,
						-28
					],
					"rotation": [
						7.5,
						0,
						0
					],
					"cubes": [
						{
							"origin": [
								-7,
								16.54719,
								-40.79619
							],
							"size": [
								14,
								3,
								12
							],
							"pivot": [
								0,
								13.54719,
								-28.79619
							],
							"rotation": [
								-2.5,
								0,
								0
							],
							"uv": {
								"north": {
									"uv": [
										145,
										69
									],
									"uv_size": [
										14,
										3
									]
								},
								"east": {
									"uv": [
										151,
										66
									],
									"uv_size": [
										12,
										3
									]
								},
								"south": {
									"uv": [
										145,
										96
									],
									"uv_size": [
										14,
										3
									]
								},
								"west": {
									"uv": [
										151,
										78
									],
									"uv_size": [
										12,
										3
									]
								},
								"up": {
									"uv": [
										49,
										107
									],
									"uv_size": [
										14,
										12
									]
								},
								"down": {
									"uv": [
										0,
										121
									],
									"uv_size": [
										14,
										-12
									]
								}
							}
						},
						{
							"origin": [
								-4,
								12.54719,
								-37.79619
							],
							"size": [
								2,
								6,
								9
							],
							"pivot": [
								0,
								13.54719,
								-28.79619
							],
							"rotation": [
								10,
								0,
								0
							],
							"uv": {
								"north": {
									"uv": [
										157,
										87
									],
									"uv_size": [
										2,
										6
									]
								},
								"east": {
									"uv": [
										142,
										38
									],
									"uv_size": [
										9,
										6
									]
								},
								"south": {
									"uv": [
										107,
										157
									],
									"uv_size": [
										2,
										6
									]
								},
								"west": {
									"uv": [
										142,
										90
									],
									"uv_size": [
										9,
										6
									]
								},
								"up": {
									"uv": [
										34,
										84
									],
									"uv_size": [
										2,
										9
									]
								},
								"down": {
									"uv": [
										34,
										102
									],
									"uv_size": [
										2,
										-9
									]
								}
							}
						},
						{
							"origin": [
								2,
								12.54719,
								-37.79619
							],
							"size": [
								2,
								6,
								9
							],
							"pivot": [
								0,
								13.54719,
								-28.79619
							],
							"rotation": [
								10,
								0,
								0
							],
							"uv": {
								"north": {
									"uv": [
										109,
										157
									],
									"uv_size": [
										2,
										6
									]
								},
								"east": {
									"uv": [
										142,
										100
									],
									"uv_size": [
										9,
										6
									]
								},
								"south": {
									"uv": [
										111,
										157
									],
									"uv_size": [
										2,
										6
									]
								},
								"west": {
									"uv": [
										130,
										142
									],
									"uv_size": [
										9,
										6
									]
								},
								"up": {
									"uv": [
										20,
										155
									],
									"uv_size": [
										2,
										9
									]
								},
								"down": {
									"uv": [
										57,
										165
									],
									"uv_size": [
										2,
										-9
									]
								}
							}
						},
						{
							"origin": [
								-6.9,
								18.63169,
								-36.16633
							],
							"size": [
								3.8,
								2.4,
								2
							],
							"pivot": [
								0,
								18.54719,
								-34.79619
							],
							"rotation": [
								25,
								0,
								0
							],
							"uv": {
								"north": {
									"uv": [
										77,
										118
									],
									"uv_size": [
										3.75,
										2.5
									]
								},
								"east": {
									"uv": [
										6,
										161
									],
									"uv_size": [
										2,
										2.5
									]
								},
								"south": {
									"uv": [
										147,
										54
									],
									"uv_size": [
										3.75,
										2.5
									]
								},
								"west": {
									"uv": [
										32,
										161
									],
									"uv_size": [
										2,
										2.5
									]
								},
								"up": {
									"uv": [
										159,
										69
									],
									"uv_size": [
										3.75,
										2
									]
								},
								"down": {
									"uv": [
										159,
										93
									],
									"uv_size": [
										3.75,
										-2
									]
								}
							}
						},
						{
							"origin": [
								3.1,
								18.63169,
								-36.16633
							],
							"size": [
								3.8,
								2.4,
								2
							],
							"pivot": [
								0,
								18.54719,
								-34.79619
							],
							"rotation": [
								25,
								0,
								0
							],
							"uv": {
								"north": {
									"uv": [
										148,
										158
									],
									"uv_size": [
										3.75,
										2.5
									]
								},
								"east": {
									"uv": [
										34,
										161
									],
									"uv_size": [
										2,
										2.5
									]
								},
								"south": {
									"uv": [
										0,
										159
									],
									"uv_size": [
										3.75,
										2.5
									]
								},
								"west": {
									"uv": [
										161,
										38
									],
									"uv_size": [
										2,
										2.5
									]
								},
								"up": {
									"uv": [
										159,
										96
									],
									"uv_size": [
										3.75,
										2
									]
								},
								"down": {
									"uv": [
										130,
										161
									],
									"uv_size": [
										3.75,
										-2
									]
								}
							}
						},
						{
							"origin": [
								-6.6,
								18.25239,
								-38.27487
							],
							"size": [
								3,
								2.4,
								2
							],
							"pivot": [
								0,
								19.04657,
								-36.94199
							],
							"rotation": [
								-70,
								0,
								0
							],
							"uv": {
								"north": {
									"uv": [
										124,
										152
									],
									"uv_size": [
										3,
										2.5
									]
								},
								"east": {
									"uv": [
										161,
										54
									],
									"uv_size": [
										2,
										2.5
									]
								},
								"south": {
									"uv": [
										159,
										142
									],
									"uv_size": [
										3,
										2.5
									]
								},
								"west": {
									"uv": [
										161,
										57
									],
									"uv_size": [
										2,
										2.5
									]
								},
								"up": {
									"uv": [
										74,
										131
									],
									"uv_size": [
										3,
										2
									]
								},
								"down": {
									"uv": [
										58,
										142
									],
									"uv_size": [
										3,
										-2
									]
								}
							}
						},
						{
							"origin": [
								3.4,
								18.25239,
								-38.27487
							],
							"size": [
								3,
								2.4,
								2
							],
							"pivot": [
								0,
								19.04657,
								-36.94199
							],
							"rotation": [
								-70,
								0,
								0
							],
							"uv": {
								"north": {
									"uv": [
										159,
										156
									],
									"uv_size": [
										3,
										2.5
									]
								},
								"east": {
									"uv": [
										161,
										60
									],
									"uv_size": [
										2,
										2.5
									]
								},
								"south": {
									"uv": [
										159,
										159
									],
									"uv_size": [
										3,
										2.5
									]
								},
								"west": {
									"uv": [
										161,
										63
									],
									"uv_size": [
										2,
										2.5
									]
								},
								"up": {
									"uv": [
										17,
										160
									],
									"uv_size": [
										3,
										2
									]
								},
								"down": {
									"uv": [
										160,
										34
									],
									"uv_size": [
										3,
										-2
									]
								}
							}
						},
						{
							"origin": [
								-5,
								13.37967,
								-45.67127
							],
							"size": [
								10,
								2,
								4
							],
							"pivot": [
								-0.20872,
								12.37967,
								-27.67127
							],
							"rotation": [
								-10,
								0,
								0
							],
							"uv": {
								"north": {
									"uv": [
										76,
										99
									],
									"uv_size": [
										10,
										2
									]
								},
								"east": {
									"uv": [
										4,
										159
									],
									"uv_size": [
										4,
										2
									]
								},
								"south": {
									"uv": [
										154,
										112
									],
									"uv_size": [
										10,
										2
									]
								},
								"west": {
									"uv": [
										32,
										159
									],
									"uv_size": [
										4,
										2
									]
								},
								"up": {
									"uv": [
										129,
										65
									],
									"uv_size": [
										10,
										4
									]
								},
								"down": {
									"uv": [
										150,
										13
									],
									"uv_size": [
										10,
										-4
									]
								}
							}
						},
						{
							"origin": [
								-5.63,
								17.16433,
								-47.58676
							],
							"size": [
								11.3,
								2,
								3
							],
							"pivot": [
								0.44128,
								12.16433,
								-28.58676
							],
							"rotation": [
								2.5,
								0,
								0
							],
							"uv": {
								"north": {
									"uv": [
										153,
										137
									],
									"uv_size": [
										11.25,
										2
									]
								},
								"east": {
									"uv": [
										160,
										34
									],
									"uv_size": [
										3,
										2
									]
								},
								"south": {
									"uv": [
										154,
										6
									],
									"uv_size": [
										11.25,
										2
									]
								},
								"west": {
									"uv": [
										36,
										160
									],
									"uv_size": [
										3,
										2
									]
								},
								"up": {
									"uv": [
										151,
										93
									],
									"uv_size": [
										11.25,
										3
									]
								},
								"down": {
									"uv": [
										151,
										102
									],
									"uv_size": [
										11.25,
										-3
									]
								}
							}
						},
						{
							"origin": [
								-4,
								13.02344,
								-52.22697
							],
							"size": [
								8,
								2,
								3
							],
							"pivot": [
								-0.20872,
								8.02344,
								-33.22697
							],
							"rotation": [
								-12.35369,
								0,
								0
							],
							"uv": {
								"north": {
									"uv": [
										103,
										155
									],
									"uv_size": [
										10,
										2
									]
								},
								"east": {
									"uv": [
										160,
										36
									],
									"uv_size": [
										3,
										2
									]
								},
								"south": {
									"uv": [
										113,
										155
									],
									"uv_size": [
										10,
										2
									]
								},
								"west": {
									"uv": [
										45,
										160
									],
									"uv_size": [
										3,
										2
									]
								},
								"up": {
									"uv": [
										152,
										42
									],
									"uv_size": [
										10,
										3
									]
								},
								"down": {
									"uv": [
										152,
										48
									],
									"uv_size": [
										10,
										-3
									]
								}
							}
						}
					]
				},
				{
					"name": "bone8",
					"parent": "bone7",
					"pivot": [
						1,
						8.08018,
						-31.17838
					]
				},
				{
					"name": "bone9",
					"parent": "bone7",
					"pivot": [
						1,
						8.08018,
						-20.17838
					],
					"rotation": [
						50,
						0,
						0
					],
					"cubes": [
						{
							"origin": [
								-6,
								20.14824,
								-31.21781
							],
							"size": [
								12,
								3,
								6
							],
							"pivot": [
								-0.20872,
								25.72178,
								-17.21781
							],
							"rotation": [
								-57.55301,
								0,
								0
							],
							"uv": {
								"north": {
									"uv": [
										151,
										81
									],
									"uv_size": [
										12,
										3
									]
								},
								"east": {
									"uv": [
										106,
										28
									],
									"uv_size": [
										6,
										3
									]
								},
								"south": {
									"uv": [
										151,
										84
									],
									"uv_size": [
										12,
										3
									]
								},
								"west": {
									"uv": [
										59,
										156
									],
									"uv_size": [
										6,
										3
									]
								},
								"up": {
									"uv": [
										23,
										135
									],
									"uv_size": [
										12,
										6
									]
								},
								"down": {
									"uv": [
										133,
										142
									],
									"uv_size": [
										12,
										-6
									]
								}
							}
						},
						{
							"origin": [
								-5.5,
								12.29754,
								-39.52718
							],
							"size": [
								11,
								4,
								3
							],
							"pivot": [
								-0.20872,
								18.87109,
								-19.52718
							],
							"rotation": [
								-75.05301,
								0,
								0
							],
							"uv": {
								"north": {
									"uv": [
										130,
										81
									],
									"uv_size": [
										11,
										3
									]
								},
								"east": {
									"uv": [
										83,
										146
									],
									"uv_size": [
										3,
										3
									]
								},
								"south": {
									"uv": [
										137,
										114
									],
									"uv_size": [
										11,
										3
									]
								},
								"west": {
									"uv": [
										16,
										152
									],
									"uv_size": [
										3,
										3
									]
								},
								"up": {
									"uv": [
										151,
										102
									],
									"uv_size": [
										11,
										3
									]
								},
								"down": {
									"uv": [
										151,
										123
									],
									"uv_size": [
										11,
										-3
									]
								}
							}
						},
						{
							"origin": [
								-5,
								25.91248,
								-31.02322
							],
							"size": [
								10,
								3,
								3
							],
							"pivot": [
								-0.20872,
								31.48602,
								-10.02322
							],
							"rotation": [
								-27.55301,
								0,
								0
							],
							"uv": {
								"north": {
									"uv": [
										155,
										146
									],
									"uv_size": [
										10,
										2
									]
								},
								"east": {
									"uv": [
										11,
										150
									],
									"uv_size": [
										2,
										2
									]
								},
								"south": {
									"uv": [
										155,
										148
									],
									"uv_size": [
										10,
										2
									]
								},
								"west": {
									"uv": [
										161,
										108
									],
									"uv_size": [
										2,
										2
									]
								},
								"up": {
									"uv": [
										155,
										150
									],
									"uv_size": [
										10,
										2
									]
								},
								"down": {
									"uv": [
										155,
										154
									],
									"uv_size": [
										10,
										-2
									]
								}
							}
						},
						{
							"origin": [
								-4.5,
								35.05869,
								-32.68685
							],
							"size": [
								9,
								2,
								3
							],
							"pivot": [
								-0.70872,
								39.63224,
								-8.68685
							],
							"rotation": [
								-5.05301,
								0,
								0
							],
							"uv": {
								"north": {
									"uv": [
										156,
										114
									],
									"uv_size": [
										9,
										2
									]
								},
								"east": {
									"uv": [
										48,
										160
									],
									"uv_size": [
										3,
										2
									]
								},
								"south": {
									"uv": [
										156,
										116
									],
									"uv_size": [
										9,
										2
									]
								},
								"west": {
									"uv": [
										160,
										48
									],
									"uv_size": [
										3,
										2
									]
								},
								"up": {
									"uv": [
										87,
										98
									],
									"uv_size": [
										9,
										3
									]
								},
								"down": {
									"uv": [
										115,
										155
									],
									"uv_size": [
										9,
										-3
									]
								}
							}
						},
						{
							"origin": [
								-6.15,
								20.708,
								-25.6616
							],
							"size": [
								12.3,
								2,
								9
							],
							"pivot": [
								0.79128,
								27.28154,
								-17.6616
							],
							"rotation": [
								-50.13273,
								0,
								0
							],
							"uv": {
								"north": {
									"uv": [
										63,
										107
									],
									"uv_size": [
										12,
										2
									]
								},
								"east": {
									"uv": [
										28,
										133
									],
									"uv_size": [
										7,
										2
									]
								},
								"south": {
									"uv": [
										118,
										73
									],
									"uv_size": [
										12,
										2
									]
								},
								"west": {
									"uv": [
										142,
										106
									],
									"uv_size": [
										7,
										2
									]
								},
								"up": {
									"uv": [
										130,
										23
									],
									"uv_size": [
										12,
										7
									]
								},
								"down": {
									"uv": [
										130,
										37
									],
									"uv_size": [
										12,
										-7
									]
								}
							}
						},
						{
							"origin": [
								-6.5,
								14.87494,
								-20.17764
							],
							"size": [
								13,
								3,
								7
							],
							"pivot": [
								-2.20872,
								21.44849,
								-15.17764
							],
							"rotation": [
								-72.63273,
								0,
								0
							],
							"uv": {
								"north": {
									"uv": [
										149,
										27
									],
									"uv_size": [
										13,
										3
									]
								},
								"east": {
									"uv": [
										115,
										133
									],
									"uv_size": [
										7,
										3
									]
								},
								"south": {
									"uv": [
										150,
										13
									],
									"uv_size": [
										13,
										3
									]
								},
								"west": {
									"uv": [
										154,
										72
									],
									"uv_size": [
										7,
										3
									]
								},
								"up": {
									"uv": [
										128,
										84
									],
									"uv_size": [
										13,
										7
									]
								},
								"down": {
									"uv": [
										129,
										44
									],
									"uv_size": [
										13,
										-7
									]
								}
							}
						}
					]
				},
				{
					"name": "Jaw",
					"parent": "bone7",
					"pivot": [
						0,
						13,
						-31
					],
					"rotation": [
						-47.5,
						0,
						0
					]
				},
				{
					"name": "bone10",
					"parent": "Jaw",
					"pivot": [
						0,
						15,
						-31
					],
					"rotation": [
						25,
						0,
						0
					],
					"cubes": [
						{
							"origin": [
								-6,
								12.9235,
								-37.77402
							],
							"size": [
								12,
								6,
								8
							],
							"pivot": [
								0,
								16,
								-31
							],
							"rotation": [
								37.5,
								0,
								0
							],
							"uv": {
								"north": {
									"uv": [
										137,
										0
									],
									"uv_size": [
										12,
										6
									]
								},
								"east": {
									"uv": [
										143,
										121
									],
									"uv_size": [
										8,
										6
									]
								},
								"south": {
									"uv": [
										137,
										6
									],
									"uv_size": [
										12,
										6
									]
								},
								"west": {
									"uv": [
										144,
										127
									],
									"uv_size": [
										8,
										6
									]
								},
								"up": {
									"uv": [
										122,
										121
									],
									"uv_size": [
										12,
										8
									]
								},
								"down": {
									"uv": [
										125,
										117
									],
									"uv_size": [
										12,
										-8
									]
								}
							}
						},
						{
							"origin": [
								-5.15,
								10.39139,
								-43.12329
							],
							"size": [
								10.3,
								3,
								8
							],
							"pivot": [
								0,
								13.4679,
								-29.34926
							],
							"rotation": [
								7.5,
								0,
								0
							],
							"uv": {
								"north": {
									"uv": [
										152,
										16
									],
									"uv_size": [
										10.25,
										3
									]
								},
								"east": {
									"uv": [
										153,
										131
									],
									"uv_size": [
										8,
										3
									]
								},
								"south": {
									"uv": [
										152,
										19
									],
									"uv_size": [
										10.25,
										3
									]
								},
								"west": {
									"uv": [
										153,
										134
									],
									"uv_size": [
										8,
										3
									]
								},
								"up": {
									"uv": [
										35,
										130
									],
									"uv_size": [
										10.25,
										8
									]
								},
								"down": {
									"uv": [
										130,
										81
									],
									"uv_size": [
										10.25,
										-8
									]
								}
							}
						},
						{
							"origin": [
								-4.5,
								5.39139,
								-38.12329
							],
							"size": [
								9,
								5,
								5
							],
							"pivot": [
								0,
								13.4679,
								-29.34926
							],
							"rotation": [
								-22.5,
								0,
								0
							],
							"uv": {
								"north": {
									"uv": [
										60,
										71
									],
									"uv_size": [
										9,
										5
									]
								},
								"east": {
									"uv": [
										54,
										83
									],
									"uv_size": [
										5,
										5
									]
								},
								"south": {
									"uv": [
										143,
										44
									],
									"uv_size": [
										9,
										5
									]
								},
								"west": {
									"uv": [
										152,
										126
									],
									"uv_size": [
										5,
										5
									]
								},
								"up": {
									"uv": [
										93,
										146
									],
									"uv_size": [
										9,
										5
									]
								},
								"down": {
									"uv": [
										102,
										151
									],
									"uv_size": [
										9,
										-5
									]
								}
							}
						},
						{
							"origin": [
								-5,
								7.45044,
								-35.92675
							],
							"size": [
								10,
								6,
								4
							],
							"uv": {
								"north": {
									"uv": [
										105,
										140
									],
									"uv_size": [
										10,
										6
									]
								},
								"east": {
									"uv": [
										28,
										152
									],
									"uv_size": [
										4,
										6
									]
								},
								"south": {
									"uv": [
										23,
										141
									],
									"uv_size": [
										10,
										6
									]
								},
								"west": {
									"uv": [
										41,
										153
									],
									"uv_size": [
										4,
										6
									]
								},
								"up": {
									"uv": [
										151,
										38
									],
									"uv_size": [
										10,
										4
									]
								},
								"down": {
									"uv": [
										151,
										58
									],
									"uv_size": [
										10,
										-4
									]
								}
							}
						},
						{
							"origin": [
								-5.5,
								7.74342,
								-33.00468
							],
							"size": [
								11,
								6,
								6
							],
							"pivot": [
								0,
								15.81992,
								-30.23066
							],
							"rotation": [
								7.5,
								0,
								0
							],
							"uv": {
								"north": {
									"uv": [
										47,
										140
									],
									"uv_size": [
										11,
										6
									]
								},
								"east": {
									"uv": [
										151,
										87
									],
									"uv_size": [
										6,
										6
									]
								},
								"south": {
									"uv": [
										140,
										57
									],
									"uv_size": [
										11,
										6
									]
								},
								"west": {
									"uv": [
										93,
										151
									],
									"uv_size": [
										6,
										6
									]
								},
								"up": {
									"uv": [
										140,
										63
									],
									"uv_size": [
										11,
										6
									]
								},
								"down": {
									"uv": [
										94,
										146
									],
									"uv_size": [
										11,
										-6
									]
								}
							}
						},
						{
							"origin": [
								-4,
								9.21773,
								-48.75119
							],
							"size": [
								8,
								2,
								6
							],
							"pivot": [
								0,
								12.29423,
								-28.97717
							],
							"rotation": [
								2.5,
								0,
								0
							],
							"uv": {
								"north": {
									"uv": [
										157,
										22
									],
									"uv_size": [
										8,
										2
									]
								},
								"east": {
									"uv": [
										113,
										157
									],
									"uv_size": [
										6,
										2
									]
								},
								"south": {
									"uv": [
										157,
										24
									],
									"uv_size": [
										8,
										2
									]
								},
								"west": {
									"uv": [
										157,
										126
									],
									"uv_size": [
										6,
										2
									]
								},
								"up": {
									"uv": [
										33,
										145
									],
									"uv_size": [
										8,
										6
									]
								},
								"down": {
									"uv": [
										145,
										139
									],
									"uv_size": [
										8,
										-6
									]
								}
							}
						},
						{
							"origin": [
								-4,
								2.57028,
								-52.54197
							],
							"size": [
								8,
								1,
								4
							],
							"pivot": [
								0,
								5.64678,
								-29.76795
							],
							"rotation": [
								-17.5,
								0,
								0
							],
							"uv": {
								"north": {
									"uv": [
										35,
										138
									],
									"uv_size": [
										8,
										1
									]
								},
								"east": {
									"uv": [
										42,
										70
									],
									"uv_size": [
										4,
										1
									]
								},
								"south": {
									"uv": [
										47,
										139
									],
									"uv_size": [
										8,
										1
									]
								},
								"west": {
									"uv": [
										36,
										82
									],
									"uv_size": [
										4,
										1
									]
								},
								"up": {
									"uv": [
										103,
										151
									],
									"uv_size": [
										8,
										4
									]
								},
								"down": {
									"uv": [
										151,
										146
									],
									"uv_size": [
										8,
										-4
									]
								}
							}
						},
						{
							"origin": [
								-4.72,
								9.51467,
								-52.11233
							],
							"size": [
								9.5,
								1,
								4
							],
							"uv": {
								"north": {
									"uv": [
										104,
										75
									],
									"uv_size": [
										9.5,
										1
									]
								},
								"east": {
									"uv": [
										71,
										98
									],
									"uv_size": [
										4,
										1
									]
								},
								"south": {
									"uv": [
										118,
										100
									],
									"uv_size": [
										9.5,
										1
									]
								},
								"west": {
									"uv": [
										45,
										105
									],
									"uv_size": [
										4,
										1
									]
								},
								"up": {
									"uv": [
										151,
										58
									],
									"uv_size": [
										9.5,
										4
									]
								},
								"down": {
									"uv": [
										151,
										66
									],
									"uv_size": [
										9.5,
										-4
									]
								}
							}
						},
						{
							"origin": [
								-4.5,
								14.51467,
								-49.11233
							],
							"size": [
								9,
								2,
								5
							],
							"pivot": [
								0,
								12.59117,
								-29.33831
							],
							"rotation": [
								17.5,
								0,
								0
							],
							"uv": {
								"north": {
									"uv": [
										156,
										118
									],
									"uv_size": [
										9,
										2
									]
								},
								"east": {
									"uv": [
										49,
										105
									],
									"uv_size": [
										5,
										2
									]
								},
								"south": {
									"uv": [
										144,
										156
									],
									"uv_size": [
										9,
										2
									]
								},
								"west": {
									"uv": [
										72,
										158
									],
									"uv_size": [
										5,
										2
									]
								},
								"up": {
									"uv": [
										23,
										147
									],
									"uv_size": [
										9,
										5
									]
								},
								"down": {
									"uv": [
										147,
										54
									],
									"uv_size": [
										9,
										-5
									]
								}
							}
						},
						{
							"origin": [
								-5,
								9.89044,
								-44.60837
							],
							"size": [
								10,
								2,
								6
							],
							"uv": {
								"north": {
									"uv": [
										155,
										154
									],
									"uv_size": [
										10,
										2
									]
								},
								"east": {
									"uv": [
										157,
										128
									],
									"uv_size": [
										6,
										2
									]
								},
								"south": {
									"uv": [
										156,
										30
									],
									"uv_size": [
										10,
										2
									]
								},
								"west": {
									"uv": [
										130,
										157
									],
									"uv_size": [
										6,
										2
									]
								},
								"up": {
									"uv": [
										141,
										78
									],
									"uv_size": [
										10,
										6
									]
								},
								"down": {
									"uv": [
										141,
										90
									],
									"uv_size": [
										10,
										-6
									]
								}
							}
						},
						{
							"origin": [
								-5.5,
								12.15915,
								-42.91421
							],
							"size": [
								11,
								3,
								7
							],
							"pivot": [
								0,
								13.4679,
								-36.34926
							],
							"rotation": [
								27.5,
								0,
								0
							],
							"uv": {
								"north": {
									"uv": [
										151,
										123
									],
									"uv_size": [
										11,
										3
									]
								},
								"east": {
									"uv": [
										154,
										75
									],
									"uv_size": [
										7,
										3
									]
								},
								"south": {
									"uv": [
										151,
										139
									],
									"uv_size": [
										11,
										3
									]
								},
								"west": {
									"uv": [
										154,
										105
									],
									"uv_size": [
										7,
										3
									]
								},
								"up": {
									"uv": [
										104,
										133
									],
									"uv_size": [
										11,
										7
									]
								},
								"down": {
									"uv": [
										133,
										136
									],
									"uv_size": [
										11,
										-7
									]
								}
							}
						}
					]
				},
				{
					"name": "Leg",
					"parent": "Purusaurus",
					"pivot": [
						-7,
						14,
						19
					],
					"rotation": [
						30,
						0,
						0
					]
				},
				{
					"name": "bone11",
					"parent": "Leg",
					"pivot": [
						-7,
						12,
						24
					],
					"rotation": [
						-3.07134,
						26.86332,
						-16.63693
					],
					"cubes": [
						{
							"origin": [
								-9.22986,
								7.6884,
								14.70167
							],
							"size": [
								6,
								8,
								10
							],
							"pivot": [
								-4.22986,
								13.6884,
								19.70167
							],
							"rotation": [
								12.5,
								0,
								0
							],
							"uv": {
								"north": {
									"uv": [
										41,
										145
									],
									"uv_size": [
										6,
										8
									]
								},
								"east": {
									"uv": [
										46,
										131
									],
									"uv_size": [
										10,
										8
									]
								},
								"south": {
									"uv": [
										145,
										139
									],
									"uv_size": [
										6,
										8
									]
								},
								"west": {
									"uv": [
										132,
										100
									],
									"uv_size": [
										10,
										8
									]
								},
								"up": {
									"uv": [
										42,
										60
									],
									"uv_size": [
										6,
										10
									]
								},
								"down": {
									"uv": [
										36,
										82
									],
									"uv_size": [
										6,
										-10
									]
								}
							}
						}
					]
				},
				{
					"name": "bone12",
					"parent": "bone11",
					"pivot": [
						-6.22986,
						10.6884,
						16.70167
					],
					"rotation": [
						60,
						0,
						0
					],
					"cubes": [
						{
							"origin": [
								-8.22986,
								8.62789,
								6.89635
							],
							"size": [
								4,
								6,
								12
							],
							"uv": {
								"north": {
									"uv": [
										154,
										0
									],
									"uv_size": [
										4,
										6
									]
								},
								"east": {
									"uv": [
										137,
										108
									],
									"uv_size": [
										12,
										6
									]
								},
								"south": {
									"uv": [
										45,
										154
									],
									"uv_size": [
										4,
										6
									]
								},
								"west": {
									"uv": [
										115,
										137
									],
									"uv_size": [
										12,
										6
									]
								},
								"up": {
									"uv": [
										66,
										142
									],
									"uv_size": [
										4,
										12
									]
								},
								"down": {
									"uv": [
										19,
										155
									],
									"uv_size": [
										4,
										-12
									]
								}
							}
						}
					]
				},
				{
					"name": "bone13",
					"parent": "bone12",
					"pivot": [
						-7.22986,
						10.59032,
						7.79975
					]
				},
				{
					"name": "bone14",
					"parent": "bone13",
					"pivot": [
						-7.22986,
						10.59032,
						6.79975
					],
					"cubes": [
						{
							"origin": [
								-8.73385,
								10.98841,
								6.79975
							],
							"size": [
								2,
								6,
								2
							],
							"pivot": [
								-7.22986,
								11.59032,
								7.79975
							],
							"rotation": [
								0,
								0,
								-32.5
							],
							"uv": {
								"north": {
									"uv": [
										119,
										157
									],
									"uv_size": [
										2,
										6
									]
								},
								"east": {
									"uv": [
										121,
										157
									],
									"uv_size": [
										2,
										6
									]
								},
								"south": {
									"uv": [
										136,
										157
									],
									"uv_size": [
										2,
										6
									]
								},
								"west": {
									"uv": [
										138,
										157
									],
									"uv_size": [
										2,
										6
									]
								},
								"up": {
									"uv": [
										161,
										110
									],
									"uv_size": [
										2,
										2
									]
								},
								"down": {
									"uv": [
										129,
										163
									],
									"uv_size": [
										2,
										-2
									]
								}
							}
						}
					]
				},
				{
					"name": "bone15",
					"parent": "bone14",
					"pivot": [
						-6.22986,
						11.59032,
						6.79975
					],
					"cubes": [
						{
							"origin": [
								-7.22986,
								13.59032,
								6.79975
							],
							"size": [
								2,
								7,
								2
							],
							"uv": {
								"north": {
									"uv": [
										87,
										20
									],
									"uv_size": [
										2,
										7
									]
								},
								"east": {
									"uv": [
										61,
										119
									],
									"uv_size": [
										2,
										7
									]
								},
								"south": {
									"uv": [
										70,
										157
									],
									"uv_size": [
										2,
										7
									]
								},
								"west": {
									"uv": [
										93,
										157
									],
									"uv_size": [
										2,
										7
									]
								},
								"up": {
									"uv": [
										161,
										130
									],
									"uv_size": [
										2,
										2
									]
								},
								"down": {
									"uv": [
										131,
										163
									],
									"uv_size": [
										2,
										-2
									]
								}
							}
						}
					]
				},
				{
					"name": "bone16",
					"parent": "bone14",
					"pivot": [
						-4.22986,
						9.59032,
						6.79975
					],
					"cubes": [
						{
							"origin": [
								-7.22986,
								13.59032,
								6.79975
							],
							"size": [
								2,
								5,
								2
							],
							"pivot": [
								-4.22986,
								9.59032,
								6.79975
							],
							"rotation": [
								0,
								0,
								17.5
							],
							"uv": {
								"north": {
									"uv": [
										130,
										137
									],
									"uv_size": [
										2,
										5
									]
								},
								"east": {
									"uv": [
										55,
										158
									],
									"uv_size": [
										2,
										5
									]
								},
								"south": {
									"uv": [
										77,
										158
									],
									"uv_size": [
										2,
										5
									]
								},
								"west": {
									"uv": [
										79,
										158
									],
									"uv_size": [
										2,
										5
									]
								},
								"up": {
									"uv": [
										161,
										132
									],
									"uv_size": [
										2,
										2
									]
								},
								"down": {
									"uv": [
										161,
										136
									],
									"uv_size": [
										2,
										-2
									]
								}
							}
						}
					]
				},
				{
					"name": "bone17",
					"parent": "bone14",
					"pivot": [
						-7.22986,
						12.59032,
						7.79975
					],
					"cubes": [
						{
							"origin": [
								-7.22986,
								13.59032,
								6.79975
							],
							"size": [
								2,
								6,
								2
							],
							"pivot": [
								-4.22986,
								9.59032,
								6.79975
							],
							"rotation": [
								0,
								0,
								-15
							],
							"uv": {
								"north": {
									"uv": [
										140,
										157
									],
									"uv_size": [
										2,
										6
									]
								},
								"east": {
									"uv": [
										142,
										157
									],
									"uv_size": [
										2,
										6
									]
								},
								"south": {
									"uv": [
										157,
										156
									],
									"uv_size": [
										2,
										6
									]
								},
								"west": {
									"uv": [
										158,
										0
									],
									"uv_size": [
										2,
										6
									]
								},
								"up": {
									"uv": [
										148,
										161
									],
									"uv_size": [
										2,
										2
									]
								},
								"down": {
									"uv": [
										150,
										163
									],
									"uv_size": [
										2,
										-2
									]
								}
							}
						}
					]
				},
				{
					"name": "Leg2",
					"parent": "Purusaurus",
					"pivot": [
						7,
						14,
						19
					],
					"rotation": [
						30,
						0,
						0
					]
				},
				{
					"name": "bone18",
					"parent": "Leg2",
					"pivot": [
						7,
						12,
						24
					],
					"rotation": [
						-3.07134,
						-26.86332,
						16.63693
					],
					"cubes": [
						{
							"origin": [
								3.22986,
								7.6884,
								14.70167
							],
							"size": [
								6,
								8,
								10
							],
							"pivot": [
								4.22986,
								13.6884,
								19.70167
							],
							"rotation": [
								12.5,
								0,
								0
							],
							"uv": {
								"north": {
									"uv": [
										47,
										146
									],
									"uv_size": [
										6,
										8
									]
								},
								"east": {
									"uv": [
										74,
										133
									],
									"uv_size": [
										10,
										8
									]
								},
								"south": {
									"uv": [
										73,
										146
									],
									"uv_size": [
										6,
										8
									]
								},
								"west": {
									"uv": [
										84,
										133
									],
									"uv_size": [
										10,
										8
									]
								},
								"up": {
									"uv": [
										71,
										88
									],
									"uv_size": [
										6,
										10
									]
								},
								"down": {
									"uv": [
										0,
										151
									],
									"uv_size": [
										6,
										-10
									]
								}
							}
						}
					]
				},
				{
					"name": "bone19",
					"parent": "bone18",
					"pivot": [
						6.22986,
						10.6884,
						16.70167
					],
					"rotation": [
						60,
						0,
						0
					],
					"cubes": [
						{
							"origin": [
								4.22986,
								8.62789,
								6.89635
							],
							"size": [
								4,
								6,
								12
							],
							"uv": {
								"north": {
									"uv": [
										49,
										154
									],
									"uv_size": [
										4,
										6
									]
								},
								"east": {
									"uv": [
										35,
										139
									],
									"uv_size": [
										12,
										6
									]
								},
								"south": {
									"uv": [
										66,
										154
									],
									"uv_size": [
										4,
										6
									]
								},
								"west": {
									"uv": [
										140,
										16
									],
									"uv_size": [
										12,
										6
									]
								},
								"up": {
									"uv": [
										53,
										146
									],
									"uv_size": [
										4,
										12
									]
								},
								"down": {
									"uv": [
										79,
										158
									],
									"uv_size": [
										4,
										-12
									]
								}
							}
						}
					]
				},
				{
					"name": "bone20",
					"parent": "bone19",
					"pivot": [
						7.22986,
						10.59032,
						7.79975
					]
				},
				{
					"name": "bone21",
					"parent": "bone20",
					"pivot": [
						7.22986,
						10.59032,
						6.79975
					],
					"cubes": [
						{
							"origin": [
								6.73385,
								10.98841,
								6.79975
							],
							"size": [
								2,
								6,
								2
							],
							"pivot": [
								7.22986,
								11.59032,
								7.79975
							],
							"rotation": [
								0,
								0,
								32.5
							],
							"uv": {
								"north": {
									"uv": [
										11,
										158
									],
									"uv_size": [
										2,
										6
									]
								},
								"east": {
									"uv": [
										13,
										158
									],
									"uv_size": [
										2,
										6
									]
								},
								"south": {
									"uv": [
										22,
										158
									],
									"uv_size": [
										2,
										6
									]
								},
								"west": {
									"uv": [
										24,
										158
									],
									"uv_size": [
										2,
										6
									]
								},
								"up": {
									"uv": [
										0,
										162
									],
									"uv_size": [
										2,
										2
									]
								},
								"down": {
									"uv": [
										162,
										2
									],
									"uv_size": [
										2,
										-2
									]
								}
							}
						}
					]
				},
				{
					"name": "bone22",
					"parent": "bone21",
					"pivot": [
						6.22986,
						11.59032,
						6.79975
					],
					"cubes": [
						{
							"origin": [
								5.22986,
								13.59032,
								6.79975
							],
							"size": [
								2,
								7,
								2
							],
							"uv": {
								"north": {
									"uv": [
										95,
										157
									],
									"uv_size": [
										2,
										7
									]
								},
								"east": {
									"uv": [
										97,
										157
									],
									"uv_size": [
										2,
										7
									]
								},
								"south": {
									"uv": [
										103,
										157
									],
									"uv_size": [
										2,
										7
									]
								},
								"west": {
									"uv": [
										105,
										157
									],
									"uv_size": [
										2,
										7
									]
								},
								"up": {
									"uv": [
										2,
										162
									],
									"uv_size": [
										2,
										2
									]
								},
								"down": {
									"uv": [
										162,
										4
									],
									"uv_size": [
										2,
										-2
									]
								}
							}
						}
					]
				},
				{
					"name": "bone23",
					"parent": "bone21",
					"pivot": [
						4.22986,
						9.59032,
						6.79975
					],
					"cubes": [
						{
							"origin": [
								5.22986,
								13.59032,
								6.79975
							],
							"size": [
								2,
								5,
								2
							],
							"pivot": [
								4.22986,
								9.59032,
								6.79975
							],
							"rotation": [
								0,
								0,
								-17.5
							],
							"uv": {
								"north": {
									"uv": [
										81,
										158
									],
									"uv_size": [
										2,
										5
									]
								},
								"east": {
									"uv": [
										83,
										158
									],
									"uv_size": [
										2,
										5
									]
								},
								"south": {
									"uv": [
										85,
										158
									],
									"uv_size": [
										2,
										5
									]
								},
								"west": {
									"uv": [
										87,
										158
									],
									"uv_size": [
										2,
										5
									]
								},
								"up": {
									"uv": [
										162,
										4
									],
									"uv_size": [
										2,
										2
									]
								},
								"down": {
									"uv": [
										162,
										10
									],
									"uv_size": [
										2,
										-2
									]
								}
							}
						}
					]
				},
				{
					"name": "bone24",
					"parent": "bone21",
					"pivot": [
						7.22986,
						12.59032,
						7.79975
					],
					"cubes": [
						{
							"origin": [
								5.22986,
								13.59032,
								6.79975
							],
							"size": [
								2,
								6,
								2
							],
							"pivot": [
								4.22986,
								9.59032,
								6.79975
							],
							"rotation": [
								0,
								0,
								15
							],
							"uv": {
								"north": {
									"uv": [
										26,
										158
									],
									"uv_size": [
										2,
										6
									]
								},
								"east": {
									"uv": [
										28,
										158
									],
									"uv_size": [
										2,
										6
									]
								},
								"south": {
									"uv": [
										30,
										158
									],
									"uv_size": [
										2,
										6
									]
								},
								"west": {
									"uv": [
										53,
										158
									],
									"uv_size": [
										2,
										6
									]
								},
								"up": {
									"uv": [
										162,
										10
									],
									"uv_size": [
										2,
										2
									]
								},
								"down": {
									"uv": [
										17,
										164
									],
									"uv_size": [
										2,
										-2
									]
								}
							}
						}
					]
				},
				{
					"name": "Leg3",
					"parent": "Purusaurus",
					"pivot": [
						-12,
						13,
						-11
					],
					"rotation": [
						0,
						-45,
						0
					]
				},
				{
					"name": "bone25",
					"parent": "Leg3",
					"pivot": [
						-11,
						12,
						-13
					],
					"rotation": [
						-1.82686,
						19.86205,
						-0.43491
					],
					"cubes": [
						{
							"origin": [
								-13.8,
								6.05951,
								-16.14923
							],
							"size": [
								5,
								9,
								6
							],
							"pivot": [
								-11.67237,
								13.05951,
								-11.14923
							],
							"rotation": [
								38.16584,
								9.88744,
								7.68615
							],
							"uv": {
								"north": {
									"uv": [
										145,
										147
									],
									"uv_size": [
										5,
										9
									]
								},
								"east": {
									"uv": [
										139,
										142
									],
									"uv_size": [
										6,
										9
									]
								},
								"south": {
									"uv": [
										130,
										148
									],
									"uv_size": [
										5,
										9
									]
								},
								"west": {
									"uv": [
										13,
										143
									],
									"uv_size": [
										6,
										9
									]
								},
								"up": {
									"uv": [
										113,
										57
									],
									"uv_size": [
										5,
										6
									]
								},
								"down": {
									"uv": [
										139,
										157
									],
									"uv_size": [
										5,
										-6
									]
								}
							}
						}
					]
				},
				{
					"name": "bone26",
					"parent": "bone25",
					"pivot": [
						-11.67237,
						7.05951,
						-9.14923
					],
					"rotation": [
						-58.90635,
						20.06347,
						0.77232
					],
					"cubes": [
						{
							"origin": [
								-13.67237,
								1.00734,
								-11.9738
							],
							"size": [
								4,
								9,
								5
							],
							"pivot": [
								-11.67237,
								8.00734,
								-7.9738
							],
							"rotation": [
								37.5,
								0,
								0
							],
							"uv": {
								"north": {
									"uv": [
										111,
										146
									],
									"uv_size": [
										4,
										9
									]
								},
								"east": {
									"uv": [
										149,
										0
									],
									"uv_size": [
										5,
										9
									]
								},
								"south": {
									"uv": [
										135,
										148
									],
									"uv_size": [
										4,
										9
									]
								},
								"west": {
									"uv": [
										83,
										149
									],
									"uv_size": [
										5,
										9
									]
								},
								"up": {
									"uv": [
										16,
										155
									],
									"uv_size": [
										4,
										5
									]
								},
								"down": {
									"uv": [
										123,
										160
									],
									"uv_size": [
										4,
										-5
									]
								}
							}
						}
					]
				},
				{
					"name": "bone27",
					"parent": "bone26",
					"pivot": [
						-11.67237,
						1.59653,
						-5.28418
					],
					"cubes": [
						{
							"origin": [
								-13.17237,
								-1.40347,
								-6.28418
							],
							"size": [
								1.5,
								4,
								2
							],
							"pivot": [
								-11.67237,
								1.59653,
								-5.28418
							],
							"rotation": [
								-18.89595,
								26.94622,
								52.9338
							],
							"uv": {
								"north": {
									"uv": [
										39,
										160
									],
									"uv_size": [
										1.5,
										4
									]
								},
								"east": {
									"uv": [
										33,
										141
									],
									"uv_size": [
										2,
										4
									]
								},
								"south": {
									"uv": [
										160,
										50
									],
									"uv_size": [
										1.5,
										4
									]
								},
								"west": {
									"uv": [
										8,
										159
									],
									"uv_size": [
										2,
										4
									]
								},
								"up": {
									"uv": [
										162,
										26
									],
									"uv_size": [
										1.5,
										2
									]
								},
								"down": {
									"uv": [
										162,
										30
									],
									"uv_size": [
										1.5,
										-2
									]
								}
							}
						}
					]
				},
				{
					"name": "bone28",
					"parent": "bone27",
					"pivot": [
						-11.67237,
						1.59653,
						-5.28418
					],
					"cubes": [
						{
							"origin": [
								-12.17237,
								-1.40347,
								-6.28418
							],
							"size": [
								1.5,
								3,
								2
							],
							"pivot": [
								-11.67237,
								1.59653,
								-5.28418
							],
							"rotation": [
								-24.25045,
								-22.32924,
								-40.144
							],
							"uv": {
								"north": {
									"uv": [
										161,
										71
									],
									"uv_size": [
										1.5,
										3
									]
								},
								"east": {
									"uv": [
										34,
										102
									],
									"uv_size": [
										2,
										3
									]
								},
								"south": {
									"uv": [
										161,
										74
									],
									"uv_size": [
										1.5,
										3
									]
								},
								"west": {
									"uv": [
										51,
										160
									],
									"uv_size": [
										2,
										3
									]
								},
								"up": {
									"uv": [
										36,
										162
									],
									"uv_size": [
										1.5,
										2
									]
								},
								"down": {
									"uv": [
										162,
										43
									],
									"uv_size": [
										1.5,
										-2
									]
								}
							}
						}
					]
				},
				{
					"name": "bone29",
					"parent": "bone27",
					"pivot": [
						-11.67237,
						1.59653,
						-5.28418
					],
					"cubes": [
						{
							"origin": [
								-12.17237,
								-2.40347,
								-6.28418
							],
							"size": [
								1.5,
								4,
								2
							],
							"pivot": [
								-11.67237,
								1.59653,
								-5.28418
							],
							"rotation": [
								-31.28223,
								-9.29798,
								-14.89149
							],
							"uv": {
								"north": {
									"uv": [
										65,
										160
									],
									"uv_size": [
										1.5,
										4
									]
								},
								"east": {
									"uv": [
										41,
										159
									],
									"uv_size": [
										2,
										4
									]
								},
								"south": {
									"uv": [
										67,
										160
									],
									"uv_size": [
										1.5,
										4
									]
								},
								"west": {
									"uv": [
										43,
										159
									],
									"uv_size": [
										2,
										4
									]
								},
								"up": {
									"uv": [
										162,
										43
									],
									"uv_size": [
										1.5,
										2
									]
								},
								"down": {
									"uv": [
										45,
										164
									],
									"uv_size": [
										1.5,
										-2
									]
								}
							}
						}
					]
				},
				{
					"name": "bone30",
					"parent": "bone27",
					"pivot": [
						-11.67237,
						1.59653,
						-5.28418
					],
					"cubes": [
						{
							"origin": [
								-12.17237,
								-3.40347,
								-6.28418
							],
							"size": [
								1.5,
								5,
								2
							],
							"pivot": [
								-11.67237,
								1.59653,
								-5.28418
							],
							"rotation": [
								-32.10382,
								5.35355,
								8.45862
							],
							"uv": {
								"north": {
									"uv": [
										134,
										159
									],
									"uv_size": [
										1.5,
										5
									]
								},
								"east": {
									"uv": [
										89,
										158
									],
									"uv_size": [
										2,
										5
									]
								},
								"south": {
									"uv": [
										160,
										0
									],
									"uv_size": [
										1.5,
										5
									]
								},
								"west": {
									"uv": [
										91,
										158
									],
									"uv_size": [
										2,
										5
									]
								},
								"up": {
									"uv": [
										162,
										45
									],
									"uv_size": [
										1.5,
										2
									]
								},
								"down": {
									"uv": [
										47,
										164
									],
									"uv_size": [
										1.5,
										-2
									]
								}
							}
						}
					]
				},
				{
					"name": "bone31",
					"parent": "bone27",
					"pivot": [
						-12.67237,
						1.59653,
						-5.28418
					],
					"cubes": [
						{
							"origin": [
								-13.17237,
								-2.40347,
								-6.28418
							],
							"size": [
								1.5,
								4,
								2
							],
							"pivot": [
								-11.67237,
								1.59653,
								-5.28418
							],
							"rotation": [
								-30.48005,
								11.86554,
								19.25656
							],
							"uv": {
								"north": {
									"uv": [
										72,
										160
									],
									"uv_size": [
										1.5,
										4
									]
								},
								"east": {
									"uv": [
										59,
										159
									],
									"uv_size": [
										2,
										4
									]
								},
								"south": {
									"uv": [
										74,
										160
									],
									"uv_size": [
										1.5,
										4
									]
								},
								"west": {
									"uv": [
										61,
										159
									],
									"uv_size": [
										2,
										4
									]
								},
								"up": {
									"uv": [
										49,
										162
									],
									"uv_size": [
										1.5,
										2
									]
								},
								"down": {
									"uv": [
										162,
										52
									],
									"uv_size": [
										1.5,
										-2
									]
								}
							}
						}
					]
				},
				{
					"name": "Leg4",
					"parent": "Purusaurus",
					"pivot": [
						12,
						13,
						-11
					],
					"rotation": [
						0,
						45,
						0
					]
				},
				{
					"name": "bone32",
					"parent": "Leg4",
					"pivot": [
						11,
						12,
						-13
					],
					"rotation": [
						-1.82686,
						-19.86205,
						0.43491
					],
					"cubes": [
						{
							"origin": [
								8.8,
								6.05951,
								-16.14923
							],
							"size": [
								5,
								9,
								6
							],
							"pivot": [
								11.67237,
								13.05951,
								-11.14923
							],
							"rotation": [
								38.16584,
								-9.88744,
								-7.68615
							],
							"uv": {
								"north": {
									"uv": [
										88,
										149
									],
									"uv_size": [
										5,
										9
									]
								},
								"east": {
									"uv": [
										115,
										143
									],
									"uv_size": [
										6,
										9
									]
								},
								"south": {
									"uv": [
										149,
										106
									],
									"uv_size": [
										5,
										9
									]
								},
								"west": {
									"uv": [
										121,
										143
									],
									"uv_size": [
										6,
										9
									]
								},
								"up": {
									"uv": [
										11,
										152
									],
									"uv_size": [
										5,
										6
									]
								},
								"down": {
									"uv": [
										23,
										158
									],
									"uv_size": [
										5,
										-6
									]
								}
							}
						}
					]
				},
				{
					"name": "bone33",
					"parent": "bone32",
					"pivot": [
						11.67237,
						7.05951,
						-9.14923
					],
					"rotation": [
						-58.90635,
						-20.06347,
						-0.77232
					],
					"cubes": [
						{
							"origin": [
								9.67237,
								1.00734,
								-11.9738
							],
							"size": [
								4,
								9,
								5
							],
							"pivot": [
								11.67237,
								8.00734,
								-7.9738
							],
							"rotation": [
								37.5,
								0,
								0
							],
							"uv": {
								"north": {
									"uv": [
										37,
										151
									],
									"uv_size": [
										4,
										9
									]
								},
								"east": {
									"uv": [
										6,
										150
									],
									"uv_size": [
										5,
										9
									]
								},
								"south": {
									"uv": [
										99,
										151
									],
									"uv_size": [
										4,
										9
									]
								},
								"west": {
									"uv": [
										150,
										147
									],
									"uv_size": [
										5,
										9
									]
								},
								"up": {
									"uv": [
										156,
										32
									],
									"uv_size": [
										4,
										5
									]
								},
								"down": {
									"uv": [
										156,
										53
									],
									"uv_size": [
										4,
										-5
									]
								}
							}
						}
					]
				},
				{
					"name": "bone34",
					"parent": "bone33",
					"pivot": [
						11.67237,
						1.59653,
						-5.28418
					],
					"cubes": [
						{
							"origin": [
								11.67237,
								-1.40347,
								-6.28418
							],
							"size": [
								1.5,
								4,
								2
							],
							"pivot": [
								11.67237,
								1.59653,
								-5.28418
							],
							"rotation": [
								-18.89595,
								-26.94622,
								-52.9338
							],
							"uv": {
								"north": {
									"uv": [
										99,
										160
									],
									"uv_size": [
										1.5,
										4
									]
								},
								"east": {
									"uv": [
										63,
										159
									],
									"uv_size": [
										2,
										4
									]
								},
								"south": {
									"uv": [
										101,
										160
									],
									"uv_size": [
										1.5,
										4
									]
								},
								"west": {
									"uv": [
										159,
										87
									],
									"uv_size": [
										2,
										4
									]
								},
								"up": {
									"uv": [
										162,
										52
									],
									"uv_size": [
										1.5,
										2
									]
								},
								"down": {
									"uv": [
										162,
										104
									],
									"uv_size": [
										1.5,
										-2
									]
								}
							}
						}
					]
				},
				{
					"name": "bone35",
					"parent": "bone34",
					"pivot": [
						11.67237,
						1.59653,
						-5.28418
					],
					"cubes": [
						{
							"origin": [
								10.67237,
								-1.40347,
								-6.28418
							],
							"size": [
								1.5,
								3,
								2
							],
							"pivot": [
								11.67237,
								1.59653,
								-5.28418
							],
							"rotation": [
								-24.25045,
								22.32924,
								40.144
							],
							"uv": {
								"north": {
									"uv": [
										161,
										87
									],
									"uv_size": [
										1.5,
										3
									]
								},
								"east": {
									"uv": [
										123,
										160
									],
									"uv_size": [
										2,
										3
									]
								},
								"south": {
									"uv": [
										161,
										105
									],
									"uv_size": [
										1.5,
										3
									]
								},
								"west": {
									"uv": [
										125,
										160
									],
									"uv_size": [
										2,
										3
									]
								},
								"up": {
									"uv": [
										162,
										120
									],
									"uv_size": [
										1.5,
										2
									]
								},
								"down": {
									"uv": [
										162,
										124
									],
									"uv_size": [
										1.5,
										-2
									]
								}
							}
						}
					]
				},
				{
					"name": "bone36",
					"parent": "bone34",
					"pivot": [
						11.67237,
						1.59653,
						-5.28418
					],
					"cubes": [
						{
							"origin": [
								10.67237,
								-2.40347,
								-6.28418
							],
							"size": [
								1.5,
								4,
								2
							],
							"pivot": [
								11.67237,
								1.59653,
								-5.28418
							],
							"rotation": [
								-31.28223,
								9.29798,
								14.89149
							],
							"uv": {
								"north": {
									"uv": [
										127,
										160
									],
									"uv_size": [
										1.5,
										4
									]
								},
								"east": {
									"uv": [
										159,
										108
									],
									"uv_size": [
										2,
										4
									]
								},
								"south": {
									"uv": [
										152,
										160
									],
									"uv_size": [
										1.5,
										4
									]
								},
								"west": {
									"uv": [
										113,
										159
									],
									"uv_size": [
										2,
										4
									]
								},
								"up": {
									"uv": [
										162,
										124
									],
									"uv_size": [
										1.5,
										2
									]
								},
								"down": {
									"uv": [
										162,
										141
									],
									"uv_size": [
										1.5,
										-2
									]
								}
							}
						}
					]
				},
				{
					"name": "bone37",
					"parent": "bone34",
					"pivot": [
						11.67237,
						1.59653,
						-5.28418
					],
					"cubes": [
						{
							"origin": [
								10.67237,
								-3.40347,
								-6.28418
							],
							"size": [
								1.5,
								5,
								2
							],
							"pivot": [
								11.67237,
								1.59653,
								-5.28418
							],
							"rotation": [
								-32.10382,
								-5.35355,
								-8.45862
							],
							"uv": {
								"north": {
									"uv": [
										160,
										8
									],
									"uv_size": [
										1.5,
										5
									]
								},
								"east": {
									"uv": [
										144,
										158
									],
									"uv_size": [
										2,
										5
									]
								},
								"south": {
									"uv": [
										15,
										160
									],
									"uv_size": [
										1.5,
										5
									]
								},
								"west": {
									"uv": [
										146,
										158
									],
									"uv_size": [
										2,
										5
									]
								},
								"up": {
									"uv": [
										162,
										141
									],
									"uv_size": [
										1.5,
										2
									]
								},
								"down": {
									"uv": [
										162,
										145
									],
									"uv_size": [
										1.5,
										-2
									]
								}
							}
						}
					]
				},
				{
					"name": "bone38",
					"parent": "bone34",
					"pivot": [
						12.67237,
						1.59653,
						-5.28418
					],
					"cubes": [
						{
							"origin": [
								11.67237,
								-2.40347,
								-6.28418
							],
							"size": [
								1.5,
								4,
								2
							],
							"pivot": [
								11.67237,
								1.59653,
								-5.28418
							],
							"rotation": [
								-30.48005,
								-11.86554,
								-19.25656
							],
							"uv": {
								"north": {
									"uv": [
										154,
										160
									],
									"uv_size": [
										1.5,
										4
									]
								},
								"east": {
									"uv": [
										115,
										159
									],
									"uv_size": [
										2,
										4
									]
								},
								"south": {
									"uv": [
										4,
										161
									],
									"uv_size": [
										1.5,
										4
									]
								},
								"west": {
									"uv": [
										117,
										159
									],
									"uv_size": [
										2,
										4
									]
								},
								"up": {
									"uv": [
										156,
										162
									],
									"uv_size": [
										1.5,
										2
									]
								},
								"down": {
									"uv": [
										162,
										158
									],
									"uv_size": [
										1.5,
										-2
									]
								}
							}
						}
					]
				}
			]
		}
	]
}