{
	"format_version": "1.12.0",
	"minecraft:geometry": [
		{
			"description": {
				"identifier": "geometry.pycnonemossauro",
				"texture_width": 128,
				"texture_height": 128,
				"visible_bounds_width": 16,
				"visible_bounds_height": 9,
				"visible_bounds_offset": [0, 1.5, 0]
			},
			"bones": [
				{
					"name": "pycnonemossauro",
					"pivot": [0, 24, 0]
				},
				{
					"name": "Body",
					"parent": "pycnonemossauro",
					"pivot": [0, 26, -8]
				},
				{
					"name": "bone",
					"parent": "Body",
					"pivot": [0, 26, -8],
					"cubes": [
						{
							"origin": [-7, 21, -3.82034],
							"size": [14, 10, 16],
							"pivot": [0, 26, 13],
							"rotation": [-10, 0, 0],
							"uv": {
								"north": {"uv": [54, 0], "uv_size": [14, 10]},
								"east": {"uv": [0, 45], "uv_size": [16, 10]},
								"south": {"uv": [0, 55], "uv_size": [14, 10]},
								"west": {"uv": [45, 12], "uv_size": [16, 10]},
								"up": {"uv": [0, 0], "uv_size": [14, 16]},
								"down": {"uv": [14, 16], "uv_size": [14, -16]}
							}
						},
						{
							"origin": [-6.5, 18.96962, -4.16764],
							"size": [13, 8, 11],
							"pivot": [0, 24, 13],
							"rotation": [10, 0, 0],
							"uv": {
								"north": {"uv": [75, 8], "uv_size": [13, 8]},
								"east": {"uv": [36, 86], "uv_size": [11, 8]},
								"south": {"uv": [76, 30], "uv_size": [13, 8]},
								"west": {"uv": [0, 88], "uv_size": [11, 8]},
								"up": {"uv": [40, 53], "uv_size": [13, 11]},
								"down": {"uv": [53, 64], "uv_size": [13, -11]}
							}
						},
						{
							"origin": [-7, 14.54951, -12.66021],
							"size": [14, 8, 10],
							"pivot": [0, 19.57989, 14.50743],
							"rotation": [-5, 0, 0],
							"uv": {
								"north": {"uv": [68, 0], "uv_size": [14, 8]},
								"east": {"uv": [88, 8], "uv_size": [10, 8]},
								"south": {"uv": [20, 74], "uv_size": [14, 8]},
								"west": {"uv": [88, 46], "uv_size": [10, 8]},
								"up": {"uv": [14, 58], "uv_size": [14, 10]},
								"down": {"uv": [61, 20], "uv_size": [14, -10]}
							}
						},
						{
							"origin": [-6, 9.73356, -20.61901],
							"size": [12, 8, 8],
							"pivot": [0, 14.76394, 14.54863],
							"rotation": [-15, 0, 0],
							"uv": {
								"north": {"uv": [78, 56], "uv_size": [12, 8]},
								"east": {"uv": [42, 99], "uv_size": [8, 8]},
								"south": {"uv": [79, 72], "uv_size": [12, 8]},
								"west": {"uv": [50, 99], "uv_size": [8, 8]},
								"up": {"uv": [0, 80], "uv_size": [12, 8]},
								"down": {"uv": [79, 88], "uv_size": [12, -8]}
							}
						},
						{
							"origin": [-6.5, 1.73828, -30.48644],
							"size": [13, 8, 8],
							"pivot": [0, 6.76867, 13.6812],
							"rotation": [-27.5, 0, 0],
							"uv": {
								"north": {"uv": [76, 64], "uv_size": [13, 8]},
								"east": {"uv": [74, 99], "uv_size": [8, 8]},
								"south": {"uv": [66, 76], "uv_size": [13, 8]},
								"west": {"uv": [88, 99], "uv_size": [8, 8]},
								"up": {"uv": [77, 16], "uv_size": [13, 8]},
								"down": {"uv": [78, 46], "uv_size": [13, -8]}
							}
						},
						{
							"origin": [-6, 19.65875, 6.25339],
							"size": [12, 8, 6],
							"pivot": [0, 24.68914, 13.42103],
							"rotation": [15, 0, 0],
							"uv": {
								"north": {"uv": [82, 0], "uv_size": [12, 8]},
								"east": {"uv": [35, 106], "uv_size": [6, 8]},
								"south": {"uv": [12, 82], "uv_size": [12, 8]},
								"west": {"uv": [58, 106], "uv_size": [6, 8]},
								"up": {"uv": [77, 24], "uv_size": [12, 6]},
								"down": {"uv": [89, 70], "uv_size": [12, -6]}
							}
						},
						{
							"origin": [-7.5, 20.84486, -14.69656],
							"size": [15, 13, 12],
							"pivot": [0, 28.84486, -1.87622],
							"rotation": [-2.5, 0, 0],
							"uv": {
								"north": {"uv": [0, 16], "uv_size": [15, 13]},
								"east": {"uv": [16, 45], "uv_size": [12, 13]},
								"south": {"uv": [15, 16], "uv_size": [15, 13]},
								"west": {"uv": [50, 40], "uv_size": [12, 13]},
								"up": {"uv": [30, 16], "uv_size": [15, 12]},
								"down": {"uv": [36, 40], "uv_size": [15, -12]}
							}
						},
						{
							"origin": [-7, 25.98496, -25.91476],
							"size": [14, 10, 12],
							"pivot": [0, 30.98496, -2.09441],
							"rotation": [7.5, 0, 0],
							"uv": {
								"north": {"uv": [62, 34], "uv_size": [14, 10]},
								"east": {"uv": [66, 44], "uv_size": [12, 10]},
								"south": {"uv": [63, 20], "uv_size": [14, 10]},
								"west": {"uv": [66, 54], "uv_size": [12, 10]},
								"up": {"uv": [40, 0], "uv_size": [14, 12]},
								"down": {"uv": [36, 52], "uv_size": [14, -12]}
							}
						}
					]
				},
				{
					"name": "Neck",
					"parent": "bone",
					"pivot": [0, 26, -25]
				},
				{
					"name": "bone2",
					"parent": "Neck",
					"pivot": [0, 26, -25],
					"cubes": [
						{
							"origin": [-5, 22, -38],
							"size": [10, 10, 14],
							"pivot": [0, 26, -25],
							"rotation": [-22.5, 0, 0],
							"uv": {
								"north": {"uv": [78, 46], "uv_size": [10, 10]},
								"east": {"uv": [28, 64], "uv_size": [14, 10]},
								"south": {"uv": [52, 78], "uv_size": [10, 10]},
								"west": {"uv": [42, 64], "uv_size": [14, 10]},
								"up": {"uv": [56, 64], "uv_size": [10, 14]},
								"down": {"uv": [0, 79], "uv_size": [10, -14]}
							}
						},
						{
							"origin": [0, 32, -38],
							"size": [0, 4, 4],
							"pivot": [0, 26, -25],
							"rotation": [-22.5, 0, 0],
							"uv": {
								"north": {"uv": [0, 0], "uv_size": [0, 4]},
								"east": {"uv": [40, 12], "uv_size": [4, 4]},
								"south": {"uv": [0, 0], "uv_size": [0, 4]},
								"west": {"uv": [62, 49], "uv_size": [4, 4]},
								"up": {"uv": [0, 0], "uv_size": [0, 4]},
								"down": {"uv": [0, 4], "uv_size": [0, -4]}
							}
						},
						{
							"origin": [-4.5, 33.42213, -36.91129],
							"size": [9, 4, 2],
							"pivot": [0, 35.84455, -39.979],
							"rotation": [-10, 0, 0],
							"uv": {
								"north": {"uv": [109, 6], "uv_size": [9, 4]},
								"east": {"uv": [74, 30], "uv_size": [2, 4]},
								"south": {"uv": [109, 22], "uv_size": [9, 4]},
								"west": {"uv": [75, 16], "uv_size": [2, 4]},
								"up": {"uv": [109, 26], "uv_size": [9, 2]},
								"down": {"uv": [112, 22], "uv_size": [9, -2]}
							}
						},
						{
							"origin": [-0.1, 36.42213, -36.91129],
							"size": [0, 5, 3],
							"pivot": [0, 35.84455, -39.979],
							"rotation": [-10, 0, 0],
							"uv": {
								"north": {"uv": [0, 0], "uv_size": [0, 5]},
								"east": {"uv": [78, 117], "uv_size": [3, 5]},
								"south": {"uv": [0, 0], "uv_size": [0, 5]},
								"west": {"uv": [87, 117], "uv_size": [3, 5]},
								"up": {"uv": [0, 0], "uv_size": [0, 3]},
								"down": {"uv": [0, 3], "uv_size": [0, -3]}
							}
						}
					]
				},
				{
					"name": "Head",
					"parent": "bone2",
					"pivot": [0, 34, -37]
				},
				{
					"name": "bone3",
					"parent": "Head",
					"pivot": [0, 34, -37],
					"cubes": [
						{
							"origin": [-5, 31.78591, -39.50583],
							"size": [10, 5, 3],
							"pivot": [0, 34.78591, -37.50583],
							"rotation": [5, 0, 0],
							"uv": {
								"north": {"uv": [102, 17], "uv_size": [10, 5]},
								"east": {"uv": [90, 117], "uv_size": [3, 5]},
								"south": {"uv": [103, 80], "uv_size": [10, 5]},
								"west": {"uv": [93, 117], "uv_size": [3, 5]},
								"up": {"uv": [112, 17], "uv_size": [10, 3]},
								"down": {"uv": [112, 66], "uv_size": [10, -3]}
							}
						},
						{
							"origin": [0, 35.78591, -40.50583],
							"size": [0, 5, 5],
							"pivot": [0, 34.78591, -37.50583],
							"rotation": [5, 0, 0],
							"uv": {
								"north": {"uv": [0, 0], "uv_size": [0, 5]},
								"east": {"uv": [42, 94], "uv_size": [5, 5]},
								"south": {"uv": [0, 0], "uv_size": [0, 5]},
								"west": {"uv": [83, 109], "uv_size": [5, 5]},
								"up": {"uv": [0, 0], "uv_size": [0, 5]},
								"down": {"uv": [0, 5], "uv_size": [0, -5]}
							}
						},
						{
							"origin": [-4, 32.08428, -41.28706],
							"size": [8, 5, 2],
							"pivot": [0, 35.08428, -37.28706],
							"rotation": [12.5, 0, 0],
							"uv": {
								"north": {"uv": [107, 99], "uv_size": [8, 5]},
								"east": {"uv": [76, 118], "uv_size": [2, 5]},
								"south": {"uv": [107, 104], "uv_size": [8, 5]},
								"west": {"uv": [0, 119], "uv_size": [2, 5]},
								"up": {"uv": [12, 80], "uv_size": [8, 2]},
								"down": {"uv": [116, 113], "uv_size": [8, -2]}
							}
						},
						{
							"origin": [-3.5, 34.74062, -43.22647],
							"size": [7, 2, 2],
							"pivot": [0, 34.74062, -37.22647],
							"rotation": [7.5, 0, 0],
							"uv": {
								"north": {"uv": [54, 10], "uv_size": [7, 2]},
								"east": {"uv": [61, 20], "uv_size": [2, 2]},
								"south": {"uv": [68, 8], "uv_size": [7, 2]},
								"west": {"uv": [88, 54], "uv_size": [2, 2]},
								"up": {"uv": [90, 22], "uv_size": [7, 2]},
								"down": {"uv": [28, 120], "uv_size": [7, -2]}
							}
						},
						{
							"origin": [-3, 37.74351, -47.37412],
							"size": [6, 2, 4],
							"pivot": [0, 37.74351, -37.37412],
							"rotation": [35, 0, 0],
							"uv": {
								"north": {"uv": [118, 34], "uv_size": [6, 2]},
								"east": {"uv": [47, 86], "uv_size": [4, 2]},
								"south": {"uv": [49, 118], "uv_size": [6, 2]},
								"west": {"uv": [94, 6], "uv_size": [4, 2]},
								"up": {"uv": [113, 40], "uv_size": [6, 4]},
								"down": {"uv": [113, 87], "uv_size": [6, -4]}
							}
						},
						{
							"origin": [-2.5, 38.2076, -52.70129],
							"size": [5, 3, 3],
							"pivot": [0, 39.2076, -43.70129],
							"rotation": [80, 0, 0],
							"uv": {
								"north": {"uv": [96, 117], "uv_size": [5, 3]},
								"east": {"uv": [10, 65], "uv_size": [3, 3]},
								"south": {"uv": [101, 117], "uv_size": [5, 3]},
								"west": {"uv": [76, 72], "uv_size": [3, 3]},
								"up": {"uv": [106, 117], "uv_size": [5, 3]},
								"down": {"uv": [111, 120], "uv_size": [5, -3]}
							}
						},
						{
							"origin": [-3, 30.07369, -47],
							"size": [6, 2, 3],
							"pivot": [0, 31.16995, -38.48518],
							"rotation": [2.5, 0, 0],
							"uv": {
								"north": {"uv": [68, 118], "uv_size": [6, 2]},
								"east": {"uv": [109, 10], "uv_size": [3, 2]},
								"south": {"uv": [118, 78], "uv_size": [6, 2]},
								"west": {"uv": [11, 119], "uv_size": [3, 2]},
								"up": {"uv": [94, 114], "uv_size": [6, 3]},
								"down": {"uv": [114, 97], "uv_size": [6, -3]}
							}
						},
						{
							"origin": [-3.25, 31.00182, -44.31493],
							"size": [6.5, 4, 4],
							"pivot": [0, 32.09808, -38.80011],
							"rotation": [12.5, 0, 0],
							"uv": {
								"north": {"uv": [112, 74], "uv_size": [6.5, 4]},
								"east": {"uv": [52, 74], "uv_size": [4, 4]},
								"south": {"uv": [113, 0], "uv_size": [6.5, 4]},
								"west": {"uv": [30, 82], "uv_size": [4, 4]},
								"up": {"uv": [113, 10], "uv_size": [6.5, 4]},
								"down": {"uv": [113, 40], "uv_size": [6.5, -4]}
							}
						},
						{
							"origin": [-4.5, 30.58732, -40.51549],
							"size": [9, 2, 4],
							"pivot": [0, 31.68358, -39.00067],
							"rotation": [-2.5, 0, 0],
							"uv": {
								"north": {"uv": [113, 4], "uv_size": [9, 2]},
								"east": {"uv": [78, 107], "uv_size": [4, 2]},
								"south": {"uv": [114, 97], "uv_size": [9, 2]},
								"west": {"uv": [108, 93], "uv_size": [4, 2]},
								"up": {"uv": [107, 109], "uv_size": [9, 4]},
								"down": {"uv": [16, 114], "uv_size": [9, -4]}
							}
						}
					]
				},
				{
					"name": "Jaw",
					"parent": "bone3",
					"pivot": [0, 29, -35],
					"rotation": [-22.5, 0, 0]
				},
				{
					"name": "bone4",
					"parent": "Jaw",
					"pivot": [0, 31, -36],
					"rotation": [-6.32864, 0, 0],
					"cubes": [
						{
							"origin": [-3.5, 29.29334, -42.87336],
							"size": [7, 1.5, 4],
							"pivot": [0, 29.09334, -36.87336],
							"rotation": [42.5, 0, 0],
							"uv": {
								"north": {"uv": [118, 80], "uv_size": [7, 1.5]},
								"east": {"uv": [119, 40], "uv_size": [4, 1.5]},
								"south": {"uv": [118, 113], "uv_size": [7, 1.5]},
								"west": {"uv": [119, 42], "uv_size": [4, 1.5]},
								"up": {"uv": [112, 66], "uv_size": [7, 4]},
								"down": {"uv": [112, 74], "uv_size": [7, -4]}
							}
						},
						{
							"origin": [-3, 27.87091, -42.44027],
							"size": [6, 1.5, 4],
							"pivot": [0, 28.87091, -36.44027],
							"rotation": [30, 0, 0],
							"uv": {
								"north": {"uv": [118, 115], "uv_size": [6, 1.5]},
								"east": {"uv": [57, 119], "uv_size": [4, 1.5]},
								"south": {"uv": [2, 119], "uv_size": [6, 1.5]},
								"west": {"uv": [119, 66], "uv_size": [4, 1.5]},
								"up": {"uv": [113, 87], "uv_size": [6, 4]},
								"down": {"uv": [88, 117], "uv_size": [6, -4]}
							}
						},
						{
							"origin": [-2, 25.87091, -41.44027],
							"size": [4, 1.5, 4],
							"pivot": [0, 28.87091, -36.44027],
							"rotation": [5, 0, 0],
							"uv": {
								"north": {"uv": [119, 68], "uv_size": [4, 1.5]},
								"east": {"uv": [119, 70], "uv_size": [4, 1.5]},
								"south": {"uv": [119, 72], "uv_size": [4, 1.5]},
								"west": {"uv": [119, 74], "uv_size": [4, 1.5]},
								"up": {"uv": [74, 84], "uv_size": [4, 4]},
								"down": {"uv": [6, 100], "uv_size": [4, -4]}
							}
						},
						{
							"origin": [-2.5, 25.88362, -38.46789],
							"size": [5, 2.5, 5],
							"pivot": [0, 26.95177, -36.98553],
							"rotation": [15, 0, 0],
							"uv": {
								"north": {"uv": [118, 28], "uv_size": [5, 2.5]},
								"east": {"uv": [118, 31], "uv_size": [5, 2.5]},
								"south": {"uv": [39, 118], "uv_size": [5, 2.5]},
								"west": {"uv": [44, 118], "uv_size": [5, 2.5]},
								"up": {"uv": [30, 113], "uv_size": [5, 5]},
								"down": {"uv": [113, 83], "uv_size": [5, -5]}
							}
						},
						{
							"origin": [-2, 27.99334, -46.44027],
							"size": [4, 1.5, 4],
							"pivot": [0, 28.87091, -36.44027],
							"rotation": [30, 0, 0],
							"uv": {
								"north": {"uv": [119, 76], "uv_size": [4, 1.5]},
								"east": {"uv": [119, 82], "uv_size": [4, 1.5]},
								"south": {"uv": [83, 119], "uv_size": [4, 1.5]},
								"west": {"uv": [119, 84], "uv_size": [4, 1.5]},
								"up": {"uv": [98, 12], "uv_size": [4, 4]},
								"down": {"uv": [20, 121], "uv_size": [4, -4]}
							}
						},
						{
							"origin": [-1, 28.99334, -45.44027],
							"size": [0, 2.5, 7],
							"pivot": [0, 28.87091, -36.44027],
							"rotation": [30, 0, 0],
							"uv": {
								"north": {"uv": [0, 0], "uv_size": [0, 2.5]},
								"east": {"uv": [115, 105], "uv_size": [7, 2.5]},
								"south": {"uv": [0, 0], "uv_size": [0, 2.5]},
								"west": {"uv": [0, 116], "uv_size": [7, 2.5]},
								"up": {"uv": [0, 0], "uv_size": [0, 7]},
								"down": {"uv": [0, 7], "uv_size": [0, -7]}
							}
						},
						{
							"origin": [1, 28.99334, -45.44027],
							"size": [0, 2.5, 7],
							"pivot": [0, 28.87091, -36.44027],
							"rotation": [30, 0, 0],
							"uv": {
								"north": {"uv": [0, 0], "uv_size": [0, 2.5]},
								"east": {"uv": [7, 116], "uv_size": [7, 2.5]},
								"south": {"uv": [0, 0], "uv_size": [0, 2.5]},
								"west": {"uv": [116, 108], "uv_size": [7, 2.5]},
								"up": {"uv": [0, 0], "uv_size": [0, 7]},
								"down": {"uv": [0, 7], "uv_size": [0, -7]}
							}
						},
						{
							"origin": [-4, 28.29334, -38.87336],
							"size": [8, 2.5, 3],
							"pivot": [0, 29.09334, -36.87336],
							"rotation": [42.5, 0, 0],
							"uv": {
								"north": {"uv": [114, 53], "uv_size": [8, 2.5]},
								"east": {"uv": [16, 106], "uv_size": [3, 2.5]},
								"south": {"uv": [114, 56], "uv_size": [8, 2.5]},
								"west": {"uv": [8, 119], "uv_size": [3, 2.5]},
								"up": {"uv": [113, 14], "uv_size": [8, 3]},
								"down": {"uv": [113, 94], "uv_size": [8, -3]}
							}
						},
						{
							"origin": [-3, 28.60414, -39.37841],
							"size": [1, 5.5, 3],
							"pivot": [0, 28.59558, -37.50894],
							"rotation": [7.5, 0, 0],
							"uv": {
								"north": {"uv": [57, 107], "uv_size": [1, 5.5]},
								"east": {"uv": [16, 100], "uv_size": [3, 5.5]},
								"south": {"uv": [5, 108], "uv_size": [1, 5.5]},
								"west": {"uv": [61, 114], "uv_size": [3, 5.5]},
								"up": {"uv": [44, 12], "uv_size": [1, 3]},
								"down": {"uv": [13, 68], "uv_size": [1, -3]}
							}
						},
						{
							"origin": [2, 28.60414, -39.37841],
							"size": [1, 5.5, 3],
							"pivot": [0, 28.59558, -37.50894],
							"rotation": [7.5, 0, 0],
							"uv": {
								"north": {"uv": [28, 120], "uv_size": [1, 5.5]},
								"east": {"uv": [14, 117], "uv_size": [3, 5.5]},
								"south": {"uv": [29, 120], "uv_size": [1, 5.5]},
								"west": {"uv": [17, 117], "uv_size": [3, 5.5]},
								"up": {"uv": [78, 84], "uv_size": [1, 3]},
								"down": {"uv": [10, 99], "uv_size": [1, -3]}
							}
						}
					]
				},
				{
					"name": "Arm",
					"parent": "bone",
					"pivot": [0, 24, -21]
				},
				{
					"name": "bone5",
					"parent": "Arm",
					"pivot": [6, 24, -21],
					"cubes": [
						{
							"origin": [6, 22, -22],
							"size": [2, 3, 6],
							"pivot": [7, 24, -21],
							"rotation": [-30.33761, 9.05478, -4.26175],
							"uv": {
								"north": {"uv": [14, 55], "uv_size": [2, 3]},
								"east": {"uv": [100, 114], "uv_size": [6, 3]},
								"south": {"uv": [89, 34], "uv_size": [2, 3]},
								"west": {"uv": [68, 115], "uv_size": [6, 3]},
								"up": {"uv": [76, 38], "uv_size": [2, 6]},
								"down": {"uv": [81, 123], "uv_size": [2, -6]}
							}
						}
					]
				},
				{
					"name": "Arm2",
					"parent": "bone",
					"pivot": [-7, 24, -21]
				},
				{
					"name": "bone6",
					"parent": "Arm2",
					"pivot": [0, 24, -21],
					"cubes": [
						{
							"origin": [-8, 22, -22],
							"size": [2, 3, 6],
							"pivot": [-7, 24, -21],
							"rotation": [-30.33761, -9.05478, 4.26175],
							"uv": {
								"north": {"uv": [39, 114], "uv_size": [2, 3]},
								"east": {"uv": [115, 99], "uv_size": [6, 3]},
								"south": {"uv": [119, 86], "uv_size": [2, 3]},
								"west": {"uv": [115, 102], "uv_size": [6, 3]},
								"up": {"uv": [55, 118], "uv_size": [2, 6]},
								"down": {"uv": [74, 124], "uv_size": [2, -6]}
							}
						}
					]
				},
				{
					"name": "Tail",
					"parent": "bone",
					"pivot": [6, 26, 14]
				},
				{
					"name": "bone7",
					"parent": "Tail",
					"pivot": [-2, 26, 11],
					"cubes": [
						{
							"origin": [-6, 24.8, 8.88224],
							"size": [12, 6, 12],
							"pivot": [0, 28.98694, 13.88224],
							"rotation": [-9.99499, 0.07728, -0.13981],
							"uv": {
								"north": {"uv": [90, 16], "uv_size": [12, 6]},
								"east": {"uv": [91, 34], "uv_size": [12, 6]},
								"south": {"uv": [91, 40], "uv_size": [12, 6]},
								"west": {"uv": [91, 70], "uv_size": [12, 6]},
								"up": {"uv": [51, 22], "uv_size": [12, 12]},
								"down": {"uv": [28, 64], "uv_size": [12, -12]}
							}
						},
						{
							"origin": [-4.5, 19.84525, 6.85523],
							"size": [9, 6, 12],
							"pivot": [1, 51.0322, 15.85523],
							"rotation": [5.00501, 0, 0],
							"uv": {
								"north": {"uv": [103, 68], "uv_size": [9, 6]},
								"east": {"uv": [91, 76], "uv_size": [12, 6]},
								"south": {"uv": [103, 74], "uv_size": [9, 6]},
								"west": {"uv": [91, 82], "uv_size": [12, 6]},
								"up": {"uv": [34, 74], "uv_size": [9, 12]},
								"down": {"uv": [43, 86], "uv_size": [9, -12]}
							}
						}
					]
				},
				{
					"name": "bone8",
					"parent": "bone7",
					"pivot": [-1, 25, 18],
					"cubes": [
						{
							"origin": [-6.01498, 23.42458, 18.93769],
							"size": [10, 6, 12],
							"pivot": [-0.99363, 27.61152, 26.93769],
							"rotation": [-2.49499, 0, 0],
							"uv": {
								"north": {"uv": [6, 100], "uv_size": [10, 6]},
								"east": {"uv": [94, 0], "uv_size": [12, 6]},
								"south": {"uv": [58, 100], "uv_size": [10, 6]},
								"west": {"uv": [97, 22], "uv_size": [12, 6]},
								"up": {"uv": [66, 64], "uv_size": [10, 12]},
								"down": {"uv": [10, 80], "uv_size": [10, -12]}
							}
						},
						{
							"origin": [-4.51498, 19.9594, 20.63757],
							"size": [7, 6, 11],
							"pivot": [-0.01498, 22.80849, 20.01253],
							"rotation": [10.00501, 0, 0],
							"uv": {
								"north": {"uv": [106, 0], "uv_size": [7, 6]},
								"east": {"uv": [51, 34], "uv_size": [11, 6]},
								"south": {"uv": [88, 107], "uv_size": [7, 6]},
								"west": {"uv": [97, 28], "uv_size": [11, 6]},
								"up": {"uv": [55, 88], "uv_size": [7, 11]},
								"down": {"uv": [90, 99], "uv_size": [7, -11]}
							}
						}
					]
				},
				{
					"name": "bone9",
					"parent": "bone8",
					"pivot": [-1.01498, 26, 29.70951],
					"cubes": [
						{
							"origin": [-5.01498, 23.9364, 30.35585],
							"size": [8, 6, 11],
							"pivot": [-0.99363, 28.12334, 38.35585],
							"rotation": [5.00501, 0, 0],
							"uv": {
								"north": {"uv": [28, 45], "uv_size": [8, 6]},
								"east": {"uv": [98, 6], "uv_size": [11, 6]},
								"south": {"uv": [20, 68], "uv_size": [8, 6]},
								"west": {"uv": [98, 46], "uv_size": [11, 6]},
								"up": {"uv": [47, 88], "uv_size": [8, 11]},
								"down": {"uv": [74, 99], "uv_size": [8, -11]}
							}
						},
						{
							"origin": [-4.01498, 23.88267, 30.08117],
							"size": [6, 4, 10],
							"pivot": [-0.01498, 30.06962, 38.08117],
							"rotation": [15.00501, 0, 0],
							"uv": {
								"north": {"uv": [106, 113], "uv_size": [6, 4]},
								"east": {"uv": [108, 28], "uv_size": [10, 4]},
								"south": {"uv": [112, 113], "uv_size": [6, 4]},
								"west": {"uv": [108, 32], "uv_size": [10, 4]},
								"up": {"uv": [68, 100], "uv_size": [6, 10]},
								"down": {"uv": [96, 110], "uv_size": [6, -10]}
							}
						}
					]
				},
				{
					"name": "bone10",
					"parent": "bone9",
					"pivot": [-1.01498, 26, 39.70951],
					"cubes": [
						{
							"origin": [-4.01498, 24.5, 40.75147],
							"size": [6, 5, 11],
							"pivot": [-0.99363, 20.03921, 48.75147],
							"rotation": [-2.49499, 0, 0],
							"uv": {
								"north": {"uv": [45, 22], "uv_size": [6, 5]},
								"east": {"uv": [101, 63], "uv_size": [11, 5]},
								"south": {"uv": [68, 110], "uv_size": [6, 5]},
								"west": {"uv": [102, 12], "uv_size": [11, 5]},
								"up": {"uv": [98, 52], "uv_size": [6, 11]},
								"down": {"uv": [82, 109], "uv_size": [6, -11]}
							}
						}
					]
				},
				{
					"name": "bone11",
					"parent": "bone10",
					"pivot": [-1.01498, 26, 49.70951],
					"cubes": [
						{
							"origin": [-3.01498, 23, 48.44022],
							"size": [4, 4, 11],
							"pivot": [-0.99363, 18.15192, 57.44022],
							"rotation": [-14.99499, 0, 0],
							"uv": {
								"north": {"uv": [24, 117], "uv_size": [4, 4]},
								"east": {"uv": [63, 30], "uv_size": [11, 4]},
								"south": {"uv": [64, 117], "uv_size": [4, 4]},
								"west": {"uv": [103, 95], "uv_size": [11, 4]},
								"up": {"uv": [64, 106], "uv_size": [4, 11]},
								"down": {"uv": [41, 118], "uv_size": [4, -11]}
							}
						}
					]
				},
				{
					"name": "bone12",
					"parent": "bone11",
					"pivot": [-1.01498, 23, 58.70951],
					"cubes": [
						{
							"origin": [-2.01498, 19.5, 57.07987],
							"size": [2, 3, 11],
							"pivot": [-0.99363, 14.35898, 66.07987],
							"rotation": [-24.99499, 0, 0],
							"uv": {
								"north": {"uv": [120, 0], "uv_size": [2, 3]},
								"east": {"uv": [109, 60], "uv_size": [11, 3]},
								"south": {"uv": [120, 9], "uv_size": [2, 3]},
								"west": {"uv": [95, 111], "uv_size": [11, 3]},
								"up": {"uv": [35, 114], "uv_size": [2, 11]},
								"down": {"uv": [37, 125], "uv_size": [2, -11]}
							}
						}
					]
				},
				{
					"name": "bone13",
					"pivot": [7, 26, 0],
					"cubes": [
						{
							"origin": [4, 15, -6],
							"size": [6, 16, 12],
							"pivot": [7, 26, 0],
							"rotation": [-9.99914, -0.06481, 0.11978],
							"uv": {
								"north": {"uv": [24, 82], "uv_size": [6, 16]},
								"east": {"uv": [28, 0], "uv_size": [12, 16]},
								"south": {"uv": [62, 84], "uv_size": [6, 16]},
								"west": {"uv": [0, 29], "uv_size": [12, 16]},
								"up": {"uv": [36, 94], "uv_size": [6, 12]},
								"down": {"uv": [0, 108], "uv_size": [6, -12]}
							}
						}
					]
				},
				{
					"name": "bone14",
					"parent": "bone13",
					"pivot": [7, 15, -8],
					"cubes": [
						{
							"origin": [4.5, 6, -7],
							"size": [5, 10, 8],
							"pivot": [7, 15, -8],
							"rotation": [32.41294, 0.15662, -2.35956],
							"uv": {
								"north": {"uv": [103, 85], "uv_size": [5, 10]},
								"east": {"uv": [82, 88], "uv_size": [8, 10]},
								"south": {"uv": [104, 52], "uv_size": [5, 10]},
								"west": {"uv": [89, 24], "uv_size": [8, 10]},
								"up": {"uv": [19, 90], "uv_size": [5, 8]},
								"down": {"uv": [0, 116], "uv_size": [5, -8]}
							}
						}
					]
				},
				{
					"name": "bone15",
					"parent": "bone14",
					"pivot": [7, 9, 0],
					"cubes": [
						{
							"origin": [5, 2, -2],
							"size": [4, 11, 5],
							"pivot": [7, 9, 0],
							"rotation": [-12.5, 0, 0],
							"uv": {
								"north": {"uv": [45, 107], "uv_size": [4, 11]},
								"east": {"uv": [25, 98], "uv_size": [5, 11]},
								"south": {"uv": [49, 107], "uv_size": [4, 11]},
								"west": {"uv": [30, 102], "uv_size": [5, 11]},
								"up": {"uv": [62, 44], "uv_size": [4, 5]},
								"down": {"uv": [62, 83], "uv_size": [4, -5]}
							}
						}
					]
				},
				{
					"name": "bone16",
					"parent": "bone15",
					"pivot": [7, 2, -2],
					"cubes": [
						{
							"origin": [4.5, 0, -6],
							"size": [5, 3, 8],
							"uv": {
								"north": {"uv": [116, 117], "uv_size": [5, 3]},
								"east": {"uv": [16, 114], "uv_size": [8, 3]},
								"south": {"uv": [118, 6], "uv_size": [5, 3]},
								"west": {"uv": [114, 44], "uv_size": [8, 3]},
								"up": {"uv": [108, 36], "uv_size": [5, 8]},
								"down": {"uv": [108, 93], "uv_size": [5, -8]}
							}
						}
					]
				},
				{
					"name": "bone17",
					"pivot": [-7, 26, 0],
					"cubes": [
						{
							"origin": [-10, 15, -6],
							"size": [6, 16, 12],
							"pivot": [-7, 26, 0],
							"rotation": [-9.99914, 0.06481, -0.11978],
							"uv": {
								"north": {"uv": [68, 84], "uv_size": [6, 16]},
								"east": {"uv": [12, 29], "uv_size": [12, 16]},
								"south": {"uv": [30, 86], "uv_size": [6, 16]},
								"west": {"uv": [24, 29], "uv_size": [12, 16]},
								"up": {"uv": [97, 88], "uv_size": [6, 12]},
								"down": {"uv": [19, 110], "uv_size": [6, -12]}
							}
						}
					]
				},
				{
					"name": "bone18",
					"parent": "bone17",
					"pivot": [-7, 15, -8],
					"cubes": [
						{
							"origin": [-9.5, 6, -7],
							"size": [5, 10, 8],
							"pivot": [-7, 15, -8],
							"rotation": [32.41294, -0.15662, 2.35956],
							"uv": {
								"north": {"uv": [6, 106], "uv_size": [5, 10]},
								"east": {"uv": [11, 90], "uv_size": [8, 10]},
								"south": {"uv": [11, 106], "uv_size": [5, 10]},
								"west": {"uv": [90, 54], "uv_size": [8, 10]},
								"up": {"uv": [25, 109], "uv_size": [5, 8]},
								"down": {"uv": [109, 52], "uv_size": [5, -8]}
							}
						}
					]
				},
				{
					"name": "bone19",
					"parent": "bone18",
					"pivot": [-7, 9, 0],
					"cubes": [
						{
							"origin": [-9, 2, -2],
							"size": [4, 11, 5],
							"pivot": [-7, 9, 0],
							"rotation": [-12.5, 0, 0],
							"uv": {
								"north": {"uv": [53, 107], "uv_size": [4, 11]},
								"east": {"uv": [102, 100], "uv_size": [5, 11]},
								"south": {"uv": [74, 107], "uv_size": [4, 11]},
								"west": {"uv": [103, 34], "uv_size": [5, 11]},
								"up": {"uv": [57, 114], "uv_size": [4, 5]},
								"down": {"uv": [83, 119], "uv_size": [4, -5]}
							}
						}
					]
				},
				{
					"name": "bone20",
					"parent": "bone19",
					"pivot": [-7, 2, -2],
					"cubes": [
						{
							"origin": [-9.5, 0, -6],
							"size": [5, 3, 8],
							"uv": {
								"north": {"uv": [118, 22], "uv_size": [5, 3]},
								"east": {"uv": [114, 47], "uv_size": [8, 3]},
								"south": {"uv": [118, 25], "uv_size": [5, 3]},
								"west": {"uv": [114, 50], "uv_size": [8, 3]},
								"up": {"uv": [109, 52], "uv_size": [5, 8]},
								"down": {"uv": [78, 117], "uv_size": [5, -8]}
							}
						}
					]
				}
			]
		}
	]
}