{
	"format_version": "1.12.0",
	"minecraft:geometry": [
		{
			"description": {
				"identifier": "geometry.sarcosushus",
				"texture_width": 256,
				"texture_height": 256,
				"visible_bounds_width": 20,
				"visible_bounds_height": 7,
				"visible_bounds_offset": [
					0,
					0.5,
					0
				]
			},
			"bones": [
				{
					"name": "Sarcosushus",
					"pivot": [
						1,
						16,
						-63
					]
				},
				{
					"name": "Body",
					"parent": "Sarcosushus",
					"pivot": [
						1,
						16,
						-63
					]
				},
				{
					"name": "bone",
					"parent": "Body",
					"pivot": [
						1,
						16,
						15
					],
					"cubes": [
						{
							"origin": [
								-10,
								13.65053,
								-18.15399
							],
							"size": [
								20,
								7,
								16
							],
							"pivot": [
								1,
								16,
								-18
							],
							"rotation": [
								10,
								0,
								0
							],
							"uv": [
								0,
								27
							]
						},
						{
							"origin": [
								-9.5,
								9.30792,
								-3.41814
							],
							"size": [
								19,
								13,
								14
							],
							"pivot": [
								0,
								25.2917,
								-15.0322
							],
							"rotation": [
								5,
								0,
								0
							],
							"uv": [
								58,
								13
							]
						},
						{
							"origin": [
								-7,
								13.64451,
								11.09621
							],
							"size": [
								14,
								13,
								14
							],
							"pivot": [
								-0.56941,
								29.62829,
								-13.51784
							],
							"rotation": [
								-4.8976,
								0,
								0
							],
							"uv": [
								0,
								79
							]
						},
						{
							"origin": [
								-8,
								9.12551,
								3.65292
							],
							"size": [
								16,
								7,
								20
							],
							"pivot": [
								-0.56941,
								12.62829,
								21.48216
							],
							"rotation": [
								10.1024,
								0,
								0
							],
							"uv": [
								0,
								0
							]
						},
						{
							"origin": [
								-9,
								6.89606,
								-2.63325
							],
							"size": [
								18,
								7,
								7
							],
							"pivot": [
								-0.68317,
								10.39885,
								23.19598
							],
							"rotation": [
								2.57934,
								0,
								0
							],
							"uv": [
								110,
								0
							]
						},
						{
							"origin": [
								-9.5,
								4.64318,
								-17.32456
							],
							"size": [
								19,
								11,
								15
							],
							"pivot": [
								-0.68125,
								8.14597,
								23.50468
							],
							"rotation": [
								-2.42066,
								0,
								0
							],
							"uv": [
								0,
								50
							]
						}
					]
				},
				{
					"name": "Tail",
					"parent": "bone",
					"pivot": [
						1,
						16,
						-40
					]
				},
				{
					"name": "bone2",
					"parent": "Tail",
					"pivot": [
						1,
						16,
						23
					],
					"cubes": [
						{
							"origin": [
								-5,
								14.8,
								23.39832
							],
							"size": [
								10,
								8,
								17
							],
							"pivot": [
								0.43312,
								22.26232,
								25.39832
							],
							"rotation": [
								-17.47645,
								0,
								0
							],
							"uv": [
								39,
								97
							]
						},
						{
							"origin": [
								-4.5,
								7.94498,
								25.72921
							],
							"size": [
								9,
								8,
								16
							],
							"pivot": [
								0.52271,
								36.4073,
								33.72921
							],
							"rotation": [
								-9.97645,
								0,
								0
							],
							"uv": [
								108,
								24
							]
						}
					]
				},
				{
					"name": "bone3",
					"parent": "bone2",
					"pivot": [
						1,
						12,
						40
					],
					"cubes": [
						{
							"origin": [
								-4,
								9.5,
								37.61334
							],
							"size": [
								8,
								8,
								17
							],
							"pivot": [
								0.51983,
								17.15687,
								41.61334
							],
							"rotation": [
								-17.47645,
								0,
								0
							],
							"uv": [
								0,
								106
							]
						},
						{
							"origin": [
								-3,
								5.79459,
								39.47731
							],
							"size": [
								6,
								8,
								14
							],
							"pivot": [
								0.55975,
								22.45145,
								43.47731
							],
							"rotation": [
								-12.47645,
								0,
								0
							],
							"uv": [
								119,
								108
							]
						}
					]
				},
				{
					"name": "bone4",
					"parent": "bone3",
					"pivot": [
						1,
						8,
						52
					],
					"cubes": [
						{
							"origin": [
								-3,
								4.39454,
								50.82836
							],
							"size": [
								6,
								8,
								20
							],
							"pivot": [
								0.60654,
								12.05141,
								57.82836
							],
							"rotation": [
								-9.97645,
								0,
								0
							],
							"uv": [
								80,
								86
							]
						},
						{
							"origin": [
								0,
								11.39454,
								50.82836
							],
							"size": [
								0,
								8,
								20
							],
							"pivot": [
								0.60654,
								12.05141,
								57.82836
							],
							"rotation": [
								-9.97645,
								0,
								0
							],
							"uv": [
								93,
								94
							]
						},
						{
							"origin": [
								-2.5,
								3.16882,
								49.0154
							],
							"size": [
								5,
								8,
								11
							],
							"pivot": [
								0.71042,
								6.67502,
								54.40327
							],
							"rotation": [
								-12.47645,
								0,
								0
							],
							"uv": [
								39,
								129
							]
						},
						{
							"origin": [
								-2,
								3.52038,
								59.68044
							],
							"size": [
								4,
								8,
								10
							],
							"pivot": [
								0.67427,
								7.02658,
								48.06831
							],
							"rotation": [
								-7.47645,
								0,
								0
							],
							"uv": [
								136,
								133
							]
						}
					]
				},
				{
					"name": "bone5",
					"parent": "bone4",
					"pivot": [
						1,
						5,
						70
					],
					"cubes": [
						{
							"origin": [
								-2,
								3.8,
								64.10024
							],
							"size": [
								4,
								5,
								24
							],
							"pivot": [
								0.68253,
								-5.20189,
								75.10024
							],
							"rotation": [
								-9.97645,
								0,
								0
							],
							"uv": [
								44,
								64
							]
						},
						{
							"origin": [
								0,
								8.8,
								68.10024
							],
							"size": [
								0,
								7,
								20
							],
							"pivot": [
								0.68253,
								-5.20189,
								75.10024
							],
							"rotation": [
								-9.97645,
								0,
								0
							],
							"uv": [
								50,
								102
							]
						},
						{
							"origin": [
								-1.5,
								-0.4,
								68.28907
							],
							"size": [
								3,
								5,
								16
							],
							"pivot": [
								0.76654,
								12.90963,
								85.28907
							],
							"rotation": [
								-4.97645,
								0,
								0
							],
							"uv": [
								120,
								48
							]
						},
						{
							"origin": [
								-1,
								-0.6,
								82.49235
							],
							"size": [
								2,
								5,
								10
							],
							"pivot": [
								0.86142,
								30.45459,
								97.49235
							],
							"rotation": [
								-2.47645,
								0,
								0
							],
							"uv": [
								142,
								48
							]
						}
					]
				},
				{
					"name": "bone6",
					"parent": "bone5",
					"pivot": [
						1,
						2,
						91
					],
					"cubes": [
						{
							"origin": [
								-1.5,
								1.70247,
								87.04398
							],
							"size": [
								3,
								3,
								17
							],
							"pivot": [
								0.804,
								-13.29942,
								98.04398
							],
							"rotation": [
								-9.97645,
								0,
								0
							],
							"uv": [
								112,
								86
							]
						},
						{
							"origin": [
								-1.25,
								0.70247,
								87.04398
							],
							"size": [
								2.5,
								3,
								11
							],
							"pivot": [
								0.804,
								-13.29942,
								98.04398
							],
							"rotation": [
								-9.97645,
								0,
								0
							],
							"uv": [
								21,
								138
							]
						},
						{
							"origin": [
								-0.5,
								0.10433,
								91.04906
							],
							"size": [
								1,
								3,
								16
							],
							"pivot": [
								0.4871,
								3.10245,
								102.04906
							],
							"rotation": [
								2.38877,
								0,
								0
							],
							"uv": [
								74,
								122
							]
						},
						{
							"origin": [
								0,
								4.70247,
								87.04398
							],
							"size": [
								0,
								5,
								16
							],
							"pivot": [
								0.804,
								-13.29942,
								98.04398
							],
							"rotation": [
								-9.97645,
								0,
								0
							],
							"uv": [
								104,
								32
							]
						}
					]
				},
				{
					"name": "Neck",
					"parent": "bone",
					"pivot": [
						1,
						13,
						-81
					]
				},
				{
					"name": "bone7",
					"parent": "Neck",
					"pivot": [
						1,
						13,
						-17
					],
					"cubes": [
						{
							"origin": [
								-8,
								11.66,
								-24.9723
							],
							"size": [
								16,
								9,
								15
							],
							"pivot": [
								1,
								-1.92198,
								-13.9723
							],
							"rotation": [
								15,
								0,
								0
							],
							"uv": [
								57,
								40
							]
						},
						{
							"origin": [
								-7.5,
								6.18295,
								-28.06049
							],
							"size": [
								15,
								8,
								14
							],
							"pivot": [
								0.55575,
								20.60097,
								-22.06049
							],
							"rotation": [
								2.5,
								0,
								0
							],
							"uv": [
								76,
								64
							]
						},
						{
							"origin": [
								-7,
								5.54691,
								-29.95613
							],
							"size": [
								14,
								8,
								5
							],
							"pivot": [
								0.55575,
								19.96493,
								-23.95613
							],
							"rotation": [
								-9.92352,
								0,
								0
							],
							"uv": [
								108,
								130
							]
						}
					]
				},
				{
					"name": "Head",
					"parent": "bone7",
					"pivot": [
						1,
						14,
						-88
					]
				},
				{
					"name": "bone8",
					"parent": "Head",
					"pivot": [
						0.91,
						12.83,
						-32.03
					],
					"rotation": [
						7.5,
						0,
						0
					],
					"cubes": [
						{
							"origin": [
								-0.645,
								27.74594,
								-33.2117
							],
							"size": [
								9.47,
								1.82,
								5.46
							],
							"pivot": [
								1,
								21.1113,
								-87.59355
							],
							"rotation": [
								-12.5,
								0,
								0
							],
							"uv": [
								52,
								7
							]
						},
						{
							"origin": [
								-8.825,
								27.74594,
								-33.2117
							],
							"size": [
								9.47,
								1.82,
								5.46
							],
							"pivot": [
								-1,
								21.1113,
								-87.59355
							],
							"rotation": [
								-12.5,
								0,
								0
							],
							"uv": [
								52,
								7
							],
							"mirror": true
						},
						{
							"origin": [
								-3.355,
								17.01079,
								-32.36456
							],
							"size": [
								4,
								1.82,
								4.46
							],
							"pivot": [
								-1,
								19.1113,
								-33.59355
							],
							"rotation": [
								-22.5,
								0,
								0
							],
							"uv": [
								0,
								37
							],
							"mirror": true
						},
						{
							"origin": [
								-0.645,
								17.01079,
								-32.36456
							],
							"size": [
								4,
								1.82,
								4.46
							],
							"pivot": [
								1,
								19.1113,
								-33.59355
							],
							"rotation": [
								-22.5,
								0,
								0
							],
							"uv": [
								0,
								37
							]
						},
						{
							"origin": [
								1.175,
								15.32782,
								-32.82545
							],
							"size": [
								4,
								1.82,
								4.46
							],
							"pivot": [
								5,
								17.1113,
								-29.59355
							],
							"rotation": [
								-28.78091,
								-10.76806,
								-12.51364
							],
							"uv": [
								0,
								32
							]
						},
						{
							"origin": [
								-5.175,
								15.32782,
								-32.82545
							],
							"size": [
								4,
								1.82,
								4.46
							],
							"pivot": [
								-5,
								17.1113,
								-29.59355
							],
							"rotation": [
								-33.78091,
								10.76806,
								12.51364
							],
							"uv": [
								0,
								27
							]
						},
						{
							"origin": [
								1.175,
								15.32782,
								-32.82545
							],
							"size": [
								4,
								1.82,
								4.46
							],
							"pivot": [
								5,
								17.1113,
								-29.59355
							],
							"rotation": [
								-33.78091,
								-10.76806,
								-12.51364
							],
							"uv": [
								0,
								27
							],
							"mirror": true
						},
						{
							"origin": [
								-5.58345,
								17.3744,
								-34.53257
							],
							"size": [
								3.9,
								2,
								2.2
							],
							"pivot": [
								-5,
								19.1113,
								-34.59355
							],
							"rotation": [
								-11.28091,
								10.76806,
								12.51364
							],
							"uv": [
								56,
								93
							]
						},
						{
							"origin": [
								1.68345,
								17.3744,
								-34.53257
							],
							"size": [
								3.9,
								2,
								2.2
							],
							"pivot": [
								5,
								19.1113,
								-34.59355
							],
							"rotation": [
								-11.28091,
								-10.76806,
								-12.51364
							],
							"uv": [
								56,
								93
							],
							"mirror": true
						},
						{
							"origin": [
								-5.48345,
								17.28941,
								-37.52134
							],
							"size": [
								3.8,
								1.82,
								3
							],
							"pivot": [
								-5,
								19.1113,
								-34.59355
							],
							"rotation": [
								46.21909,
								10.76806,
								12.51364
							],
							"uv": [
								54,
								84
							]
						},
						{
							"origin": [
								1.68345,
								17.28941,
								-37.52134
							],
							"size": [
								3.8,
								1.82,
								3
							],
							"pivot": [
								5,
								19.1113,
								-34.59355
							],
							"rotation": [
								46.21909,
								-10.76806,
								-12.51364
							],
							"uv": [
								54,
								84
							],
							"mirror": true
						},
						{
							"origin": [
								1.68345,
								17.28941,
								-37.52134
							],
							"size": [
								3.8,
								1.82,
								3
							],
							"pivot": [
								5,
								19.1113,
								-34.59355
							],
							"rotation": [
								44.9622,
								-16.12982,
								-7.11917
							],
							"uv": [
								42,
								84
							]
						},
						{
							"origin": [
								-3.915,
								15.86514,
								-39.04085
							],
							"size": [
								4,
								2.73,
								3.37
							],
							"pivot": [
								0,
								18.95579,
								-33.06844
							],
							"rotation": [
								7.5,
								0,
								0
							],
							"uv": [
								0,
								55
							]
						},
						{
							"origin": [
								-0.265,
								15.86514,
								-39.04085
							],
							"size": [
								4,
								2.73,
								3.37
							],
							"pivot": [
								0,
								18.95579,
								-33.06844
							],
							"rotation": [
								7.5,
								0,
								0
							],
							"uv": [
								0,
								55
							]
						},
						{
							"origin": [
								-3.735,
								15.46501,
								-35.93599
							],
							"size": [
								3.65,
								2.73,
								3.37
							],
							"pivot": [
								0,
								17.95579,
								-36.06844
							],
							"rotation": [
								2.5,
								0,
								0
							],
							"uv": [
								76,
								73
							]
						},
						{
							"origin": [
								-0.265,
								15.46501,
								-35.93599
							],
							"size": [
								4,
								2.73,
								3.37
							],
							"pivot": [
								0,
								17.95579,
								-36.06844
							],
							"rotation": [
								2.5,
								0,
								0
							],
							"uv": [
								0,
								50
							]
						},
						{
							"origin": [
								-0.735,
								14.86514,
								-39.04085
							],
							"size": [
								9.65,
								2.73,
								6.37
							],
							"uv": [
								60,
								129
							]
						},
						{
							"origin": [
								-8.915,
								14.86514,
								-39.04085
							],
							"size": [
								9.65,
								2.73,
								6.37
							],
							"uv": [
								60,
								129
							],
							"mirror": true
						},
						{
							"origin": [
								-7.37,
								1.92597,
								-46.03309
							],
							"size": [
								7.92,
								1.82,
								2.73
							],
							"pivot": [
								1,
								24.51668,
								-86.16172
							],
							"rotation": [
								17.5,
								0,
								0
							],
							"uv": [
								28,
								76
							]
						},
						{
							"origin": [
								-0.55,
								1.92597,
								-46.03309
							],
							"size": [
								7.92,
								1.82,
								2.73
							],
							"pivot": [
								-1,
								24.51668,
								-86.16172
							],
							"rotation": [
								17.5,
								0,
								0
							],
							"uv": [
								28,
								76
							],
							"mirror": true
						},
						{
							"origin": [
								-0.46,
								7.3612,
								-47.70544
							],
							"size": [
								7.1,
								1.82,
								4.55
							],
							"pivot": [
								1,
								22.96266,
								-86.00204
							],
							"rotation": [
								10,
								0,
								0
							],
							"uv": [
								33,
								106
							]
						},
						{
							"origin": [
								-6.64,
								7.3612,
								-47.70544
							],
							"size": [
								7.1,
								1.82,
								4.55
							],
							"pivot": [
								-1,
								22.96266,
								-86.00204
							],
							"rotation": [
								10,
								0,
								0
							],
							"uv": [
								33,
								106
							],
							"mirror": true
						},
						{
							"origin": [
								-0.55,
								17.80934,
								-50.80728
							],
							"size": [
								6.28,
								1.82,
								5.46
							],
							"pivot": [
								1,
								18.67205,
								-86.24272
							],
							"rotation": [
								-5,
								0,
								0
							],
							"uv": [
								92,
								0
							]
						},
						{
							"origin": [
								-5.73,
								17.80934,
								-50.80728
							],
							"size": [
								6.28,
								1.82,
								5.46
							],
							"pivot": [
								-1,
								18.67205,
								-86.24272
							],
							"rotation": [
								-5,
								0,
								0
							],
							"uv": [
								92,
								0
							],
							"mirror": true
						},
						{
							"origin": [
								-0.459,
								27.24484,
								-61.95314
							],
							"size": [
								6.098,
								1.82,
								8.19
							],
							"pivot": [
								1,
								13.19835,
								-87.89418
							],
							"rotation": [
								-20,
								0,
								0
							],
							"uv": [
								120,
								151
							]
						},
						{
							"origin": [
								-5.639,
								27.24484,
								-61.95314
							],
							"size": [
								6.098,
								1.82,
								8.19
							],
							"pivot": [
								-1,
								13.19835,
								-87.89418
							],
							"rotation": [
								-20,
								0,
								0
							],
							"uv": [
								120,
								151
							],
							"mirror": true
						},
						{
							"origin": [
								-0.36,
								9.29199,
								-64.28366
							],
							"size": [
								7,
								1.82,
								2.73
							],
							"pivot": [
								1,
								26.4227,
								-86.21229
							],
							"rotation": [
								17.5,
								0,
								0
							],
							"uv": [
								53,
								50
							]
						},
						{
							"origin": [
								-6.64,
								9.29199,
								-64.28366
							],
							"size": [
								7,
								1.82,
								2.73
							],
							"pivot": [
								-1,
								26.4227,
								-86.21229
							],
							"rotation": [
								17.5,
								0,
								0
							],
							"uv": [
								53,
								50
							],
							"mirror": true
						},
						{
							"origin": [
								-6.005,
								-26.57378,
								-116.09916
							],
							"size": [
								12.19,
								1.82,
								2.73
							],
							"pivot": [
								1,
								23.16775,
								-108.61609
							],
							"rotation": [
								90,
								0,
								0
							],
							"uv": [
								0,
								76
							]
						},
						{
							"origin": [
								-5.55,
								64.22469,
								-171.31681
							],
							"size": [
								11.28,
								1.82,
								3.64
							],
							"pivot": [
								1,
								33.36744,
								-117.44079
							],
							"rotation": [
								-165,
								0,
								0
							],
							"uv": [
								75,
								7
							]
						},
						{
							"origin": [
								-4.64,
								66.04469,
								-171.31681
							],
							"size": [
								0,
								1.82,
								3.64
							],
							"pivot": [
								1,
								33.36744,
								-117.44079
							],
							"rotation": [
								-165,
								0,
								0
							],
							"uv": [
								6,
								39
							]
						},
						{
							"origin": [
								4.82,
								66.04469,
								-171.31681
							],
							"size": [
								0,
								1.82,
								3.64
							],
							"pivot": [
								1,
								33.36744,
								-117.44079
							],
							"rotation": [
								-165,
								0,
								0
							],
							"uv": [
								0,
								39
							]
						},
						{
							"origin": [
								-6.005,
								48.38145,
								-186.26282
							],
							"size": [
								6.19,
								1.82,
								9.1
							],
							"pivot": [
								2.82,
								31.98039,
								-113.04328
							],
							"rotation": [
								180,
								0,
								0
							],
							"uv": [
								142,
								21
							]
						},
						{
							"origin": [
								-0.185,
								48.38145,
								-186.26282
							],
							"size": [
								6.19,
								1.82,
								9.1
							],
							"pivot": [
								-2.82,
								31.98039,
								-113.04328
							],
							"rotation": [
								180,
								0,
								0
							],
							"uv": [
								142,
								21
							],
							"mirror": true
						},
						{
							"origin": [
								-5.186,
								50.20145,
								-185.35282
							],
							"size": [
								0,
								1.82,
								8.19
							],
							"pivot": [
								2.82,
								31.98039,
								-113.04328
							],
							"rotation": [
								180,
								0,
								0
							],
							"uv": [
								0,
								11
							]
						},
						{
							"origin": [
								5.366,
								50.20145,
								-185.35282
							],
							"size": [
								0,
								1.82,
								8.19
							],
							"pivot": [
								2.82,
								31.98039,
								-113.04328
							],
							"rotation": [
								180,
								0,
								0
							],
							"uv": [
								0,
								10
							]
						},
						{
							"origin": [
								-8.28,
								53.26904,
								-196.05569
							],
							"size": [
								16.74,
								1.82,
								6.37
							],
							"pivot": [
								2.82,
								29.51294,
								-116.10917
							],
							"rotation": [
								-172.5,
								0,
								0
							],
							"uv": [
								110,
								14
							]
						},
						{
							"origin": [
								-8.5075,
								42.21808,
								-204.29142
							],
							"size": [
								17.195,
								1.82,
								6.37
							],
							"pivot": [
								2.82,
								38.29671,
								-114.41957
							],
							"rotation": [
								167.5,
								0,
								0
							],
							"uv": [
								52,
								0
							]
						},
						{
							"origin": [
								-5.095,
								37.02594,
								-173.14
							],
							"size": [
								5.37,
								1.82,
								9.1
							],
							"pivot": [
								1,
								33.10457,
								-109.65815
							],
							"rotation": [
								167.5,
								0,
								0
							],
							"uv": [
								145,
								99
							]
						},
						{
							"origin": [
								-0.275,
								37.02594,
								-173.14
							],
							"size": [
								5.37,
								1.82,
								9.1
							],
							"pivot": [
								-1,
								33.10457,
								-109.65815
							],
							"rotation": [
								167.5,
								0,
								0
							],
							"uv": [
								145,
								99
							],
							"mirror": true
						},
						{
							"origin": [
								-4.913,
								38.84594,
								-173.14
							],
							"size": [
								0,
								1.82,
								9.1
							],
							"pivot": [
								1,
								33.10457,
								-109.65815
							],
							"rotation": [
								167.5,
								0,
								0
							],
							"uv": [
								0,
								8
							]
						},
						{
							"origin": [
								5.093,
								38.84594,
								-173.14
							],
							"size": [
								0,
								1.82,
								9.1
							],
							"pivot": [
								1,
								33.10457,
								-109.65815
							],
							"rotation": [
								167.5,
								0,
								0
							],
							"uv": [
								0,
								7
							]
						}
					]
				},
				{
					"name": "Jaw",
					"parent": "bone8",
					"pivot": [
						0.91,
						19.0313,
						-79.13355
					],
					"rotation": [
						-25,
						0,
						0
					]
				},
				{
					"name": "bone9",
					"parent": "Jaw",
					"pivot": [
						0.91,
						32.4113,
						-32.53355
					],
					"rotation": [
						25,
						0,
						0
					],
					"cubes": [
						{
							"origin": [
								-6.915,
								30.93585,
								-34.77259
							],
							"size": [
								7.01,
								3.64,
								3.64
							],
							"uv": [
								52,
								13
							]
						},
						{
							"origin": [
								-0.095,
								30.93585,
								-34.77259
							],
							"size": [
								7.01,
								3.64,
								3.64
							],
							"uv": [
								52,
								13
							],
							"mirror": true
						},
						{
							"origin": [
								-7.93,
								31.84585,
								-40.23259
							],
							"size": [
								7.83,
								3.64,
								9.1
							],
							"uv": [
								135,
								87
							]
						},
						{
							"origin": [
								0.1,
								31.84585,
								-40.23259
							],
							"size": [
								7.83,
								3.64,
								9.1
							],
							"uv": [
								135,
								87
							],
							"mirror": true
						},
						{
							"origin": [
								-6.915,
								35.48585,
								-39.32259
							],
							"size": [
								7.64,
								2.548,
								7.28
							],
							"uv": [
								145,
								109
							]
						},
						{
							"origin": [
								-0.545,
								35.48585,
								-39.32259
							],
							"size": [
								7.64,
								2.548,
								7.28
							],
							"uv": [
								142,
								31
							]
						},
						{
							"origin": [
								-5.095,
								29.54048,
								-50.07708
							],
							"size": [
								5.37,
								1.82,
								9.1
							],
							"pivot": [
								1,
								41.94896,
								-87.84812
							],
							"rotation": [
								5,
								0,
								0
							],
							"uv": [
								100,
								143
							]
						},
						{
							"origin": [
								-0.275,
								29.54048,
								-50.07708
							],
							"size": [
								5.37,
								1.82,
								9.1
							],
							"pivot": [
								-1,
								41.94896,
								-87.84812
							],
							"rotation": [
								5,
								0,
								0
							],
							"uv": [
								100,
								143
							],
							"mirror": true
						},
						{
							"origin": [
								-6.005,
								35.66989,
								-40.47913
							],
							"size": [
								7.19,
								2.73,
								6.37
							],
							"pivot": [
								1,
								40.90059,
								-88.65457
							],
							"rotation": [
								-5,
								0,
								0
							],
							"uv": [
								42,
								76
							]
						},
						{
							"origin": [
								-1.185,
								35.66989,
								-40.47913
							],
							"size": [
								7.19,
								2.73,
								6.37
							],
							"pivot": [
								-1,
								40.90059,
								-88.65457
							],
							"rotation": [
								-5,
								0,
								0
							],
							"uv": [
								42,
								76
							],
							"mirror": true
						},
						{
							"origin": [
								-4.185,
								37.76296,
								-46.71939
							],
							"size": [
								3.55,
								2.73,
								6.37
							],
							"pivot": [
								1,
								40.49296,
								-88.57939
							],
							"rotation": [
								-7.5,
								0,
								0
							],
							"uv": [
								120,
								69
							]
						},
						{
							"origin": [
								0.635,
								37.76296,
								-46.71939
							],
							"size": [
								3.55,
								2.73,
								6.37
							],
							"pivot": [
								-1,
								40.49296,
								-88.57939
							],
							"rotation": [
								-7.5,
								0,
								0
							],
							"uv": [
								120,
								69
							],
							"mirror": true
						},
						{
							"origin": [
								-0.27,
								44.9882,
								-47.59036
							],
							"size": [
								4,
								2.73,
								11.83
							],
							"pivot": [
								-1,
								40.49296,
								-88.57939
							],
							"rotation": [
								-17.5,
								0,
								0
							],
							"uv": [
								60,
								141
							],
							"mirror": true
						},
						{
							"origin": [
								-3.73,
								44.9882,
								-47.59036
							],
							"size": [
								4,
								2.73,
								11.83
							],
							"pivot": [
								1,
								40.49296,
								-88.57939
							],
							"rotation": [
								-17.5,
								0,
								0
							],
							"uv": [
								60,
								141
							]
						},
						{
							"origin": [
								-0.5,
								28.84229,
								-37.47526
							],
							"size": [
								6,
								3.73,
								6.01
							],
							"pivot": [
								2.365,
								29.94156,
								-36.50867
							],
							"rotation": [
								-20,
								0,
								0
							],
							"uv": [
								76,
								93
							]
						},
						{
							"origin": [
								-5.5,
								28.84229,
								-37.47526
							],
							"size": [
								6,
								3.73,
								6.01
							],
							"pivot": [
								-2.365,
								29.94156,
								-36.50867
							],
							"rotation": [
								-20,
								0,
								0
							],
							"uv": [
								76,
								93
							],
							"mirror": true
						},
						{
							"origin": [
								-0.64,
								41.38915,
								-56.94736
							],
							"size": [
								5.46,
								1.82,
								10.01
							],
							"pivot": [
								1,
								39.12251,
								-88.5792
							],
							"rotation": [
								-12.5,
								0,
								0
							],
							"uv": [
								79,
								141
							]
						},
						{
							"origin": [
								-4.82,
								41.38915,
								-56.94736
							],
							"size": [
								5.46,
								1.82,
								10.01
							],
							"pivot": [
								-1,
								39.12251,
								-88.5792
							],
							"rotation": [
								-12.5,
								0,
								0
							],
							"uv": [
								79,
								141
							],
							"mirror": true
						},
						{
							"origin": [
								-4.185,
								48.24365,
								-60.95368
							],
							"size": [
								4.55,
								1.82,
								3.64
							],
							"pivot": [
								1,
								41.01841,
								-101.94271
							],
							"rotation": [
								-17.5,
								0,
								0
							],
							"uv": [
								0,
								60
							]
						},
						{
							"origin": [
								-0.365,
								48.24365,
								-60.95368
							],
							"size": [
								4.55,
								1.82,
								3.64
							],
							"pivot": [
								-1,
								41.01841,
								-101.94271
							],
							"rotation": [
								-17.5,
								0,
								0
							],
							"uv": [
								0,
								60
							],
							"mirror": true
						},
						{
							"origin": [
								-3.275,
								50.06365,
								-60.95368
							],
							"size": [
								0,
								1.82,
								10.92
							],
							"pivot": [
								1,
								41.01841,
								-101.94271
							],
							"rotation": [
								-17.5,
								0,
								0
							],
							"uv": [
								0,
								5
							]
						},
						{
							"origin": [
								3.455,
								50.06365,
								-60.95368
							],
							"size": [
								0,
								1.82,
								10.92
							],
							"pivot": [
								1,
								41.01841,
								-101.94271
							],
							"rotation": [
								-17.5,
								0,
								0
							],
							"uv": [
								0,
								4
							]
						}
					]
				},
				{
					"name": "Leg",
					"parent": "Sarcosushus",
					"pivot": [
						-7,
						14,
						-50
					],
					"rotation": [
						30,
						0,
						0
					]
				},
				{
					"name": "Leg2",
					"parent": "Sarcosushus",
					"pivot": [
						7,
						14,
						-50
					],
					"rotation": [
						30,
						0,
						0
					]
				},
				{
					"name": "bone18",
					"parent": "Leg2",
					"pivot": [
						7,
						-22,
						8
					],
					"rotation": [
						-3.07134,
						-26.86332,
						16.63693
					],
					"cubes": [
						{
							"origin": [
								3.29606,
								-33.1587,
								-6.81422
							],
							"size": [
								6,
								8,
								10
							],
							"pivot": [
								-28.40285,
								9.92072,
								-40.86416
							],
							"rotation": [
								12.5,
								0,
								0
							],
							"uv": [
								135,
								69
							]
						}
					]
				},
				{
					"name": "bone19",
					"parent": "bone18",
					"pivot": [
						7.59715,
						-20.07928,
						1.13584
					],
					"rotation": [
						60,
						0,
						0
					],
					"cubes": [
						{
							"origin": [
								4.29606,
								-23.50978,
								-8.74285
							],
							"size": [
								4,
								6,
								12
							],
							"uv": [
								0,
								131
							]
						}
					]
				},
				{
					"name": "bone20",
					"parent": "bone19",
					"pivot": [
						-25.40285,
						32.29378,
						-6.88339
					]
				},
				{
					"name": "bone21",
					"parent": "bone20",
					"pivot": [
						4.59715,
						-19.70622,
						-7.88339
					],
					"cubes": [
						{
							"origin": [
								30.60794,
								4.85184,
								-8.83945
							],
							"size": [
								2,
								6,
								2
							],
							"pivot": [
								-25.40285,
								33.29378,
								-6.88339
							],
							"rotation": [
								0,
								0,
								32.5
							],
							"uv": [
								6,
								85
							]
						}
					]
				},
				{
					"name": "bone22",
					"parent": "bone21",
					"pivot": [
						-26.40285,
						33.29378,
						-7.88339
					],
					"cubes": [
						{
							"origin": [
								5.29606,
								-18.54735,
								-8.83945
							],
							"size": [
								2,
								7,
								2
							],
							"uv": [
								76,
								64
							]
						}
					]
				},
				{
					"name": "bone23",
					"parent": "bone21",
					"pivot": [
						-28.40285,
						31.29378,
						-7.88339
					],
					"cubes": [
						{
							"origin": [
								-12.40768,
								-25.88817,
								-8.83945
							],
							"size": [
								2,
								5,
								2
							],
							"pivot": [
								-28.40285,
								31.29378,
								-7.88339
							],
							"rotation": [
								0,
								0,
								-17.5
							],
							"uv": [
								0,
								106
							]
						}
					]
				},
				{
					"name": "bone24",
					"parent": "bone21",
					"pivot": [
						-25.40285,
						34.29378,
						-6.88339
					],
					"cubes": [
						{
							"origin": [
								18.11698,
								-8.24965,
								-8.83945
							],
							"size": [
								2,
								6,
								2
							],
							"pivot": [
								-28.40285,
								31.29378,
								-7.88339
							],
							"rotation": [
								0,
								0,
								15
							],
							"uv": [
								0,
								79
							]
						}
					]
				},
				{
					"name": "bone11",
					"parent": "Leg2",
					"pivot": [
						-7,
						-22,
						8
					],
					"rotation": [
						-3.07134,
						26.86332,
						-16.63693
					],
					"cubes": [
						{
							"origin": [
								-9.29606,
								-33.1587,
								-6.81422
							],
							"size": [
								6,
								8,
								10
							],
							"pivot": [
								28.40285,
								9.92072,
								-40.86416
							],
							"rotation": [
								12.5,
								0,
								0
							],
							"uv": [
								135,
								69
							],
							"mirror": true
						}
					]
				},
				{
					"name": "bone12",
					"parent": "bone11",
					"pivot": [
						-7.59715,
						-20.07928,
						1.13584
					],
					"rotation": [
						60,
						0,
						0
					],
					"cubes": [
						{
							"origin": [
								-8.29606,
								-23.50978,
								-8.74285
							],
							"size": [
								4,
								6,
								12
							],
							"uv": [
								0,
								131
							],
							"mirror": true
						}
					]
				},
				{
					"name": "bone13",
					"parent": "bone12",
					"pivot": [
						25.40285,
						32.29378,
						-6.88339
					]
				},
				{
					"name": "bone14",
					"parent": "bone13",
					"pivot": [
						-7.59715,
						-19.70622,
						-7.88339
					],
					"cubes": [
						{
							"origin": [
								-32.60794,
								4.85184,
								-8.83945
							],
							"size": [
								2,
								6,
								2
							],
							"pivot": [
								25.40285,
								33.29378,
								-6.88339
							],
							"rotation": [
								0,
								0,
								-32.5
							],
							"uv": [
								6,
								85
							],
							"mirror": true
						}
					]
				},
				{
					"name": "bone15",
					"parent": "bone14",
					"pivot": [
						26.40285,
						33.29378,
						-7.88339
					],
					"cubes": [
						{
							"origin": [
								-7.29606,
								-18.54735,
								-8.83945
							],
							"size": [
								2,
								7,
								2
							],
							"uv": [
								76,
								64
							],
							"mirror": true
						}
					]
				},
				{
					"name": "bone16",
					"parent": "bone14",
					"pivot": [
						28.40285,
						31.29378,
						-7.88339
					],
					"cubes": [
						{
							"origin": [
								10.40768,
								-25.88817,
								-8.83945
							],
							"size": [
								2,
								5,
								2
							],
							"pivot": [
								28.40285,
								31.29378,
								-7.88339
							],
							"rotation": [
								0,
								0,
								17.5
							],
							"uv": [
								0,
								106
							],
							"mirror": true
						}
					]
				},
				{
					"name": "bone17",
					"parent": "bone14",
					"pivot": [
						25.40285,
						34.29378,
						-6.88339
					],
					"cubes": [
						{
							"origin": [
								-20.11698,
								-8.24965,
								-8.83945
							],
							"size": [
								2,
								6,
								2
							],
							"pivot": [
								28.40285,
								31.29378,
								-7.88339
							],
							"rotation": [
								0,
								0,
								-15
							],
							"uv": [
								0,
								79
							],
							"mirror": true
						}
					]
				},
				{
					"name": "Leg3",
					"parent": "Sarcosushus",
					"pivot": [
						-10,
						13,
						-76
					],
					"rotation": [
						0,
						-45,
						0
					]
				},
				{
					"name": "bone25",
					"parent": "Leg3",
					"pivot": [
						33,
						14,
						-33
					],
					"rotation": [
						-1.82686,
						19.86205,
						-0.43491
					],
					"cubes": [
						{
							"origin": [
								22.11598,
								-28.95897,
								-41.83217
							],
							"size": [
								5,
								9,
								6
							],
							"pivot": [
								8.10198,
								11.57493,
								-87.6645
							],
							"rotation": [
								38.16584,
								9.88744,
								7.68615
							],
							"uv": [
								0,
								149
							]
						}
					]
				},
				{
					"name": "bone26",
					"parent": "bone25",
					"pivot": [
						35.10198,
						7.57493,
						-27.6645
					],
					"rotation": [
						-58.90635,
						20.06347,
						0.77232
					],
					"cubes": [
						{
							"origin": [
								33.22231,
								-29.66579,
								-3.65056
							],
							"size": [
								4,
								9,
								5
							],
							"pivot": [
								29.66568,
								-47.27385,
								-57.37895
							],
							"rotation": [
								37.5,
								0,
								0
							],
							"uv": [
								148,
								151
							]
						}
					]
				},
				{
					"name": "bone27",
					"parent": "bone26",
					"pivot": [
						35.66568,
						1.31534,
						-24.68933
					],
					"cubes": [
						{
							"origin": [
								-21.69852,
								-19.32923,
								-59.06907
							],
							"size": [
								1.5,
								5,
								2
							],
							"pivot": [
								29.66568,
								-53.68466,
								-54.68933
							],
							"rotation": [
								-18.89595,
								26.94622,
								52.9338
							],
							"uv": [
								6,
								114
							]
						}
					]
				},
				{
					"name": "bone28",
					"parent": "bone27",
					"pivot": [
						29.66568,
						-53.68466,
						-54.68933
					],
					"cubes": [
						{
							"origin": [
								77.40453,
								-16.30408,
								-59.06907
							],
							"size": [
								1.5,
								3,
								2
							],
							"pivot": [
								29.66568,
								-53.68466,
								-54.68933
							],
							"rotation": [
								-24.25045,
								-22.32924,
								-40.144
							],
							"uv": [
								52,
								0
							]
						}
					]
				},
				{
					"name": "bone29",
					"parent": "bone27",
					"pivot": [
						29.66568,
						-53.68466,
						-54.68933
					],
					"cubes": [
						{
							"origin": [
								53.30838,
								-0.59243,
								-59.06907
							],
							"size": [
								1.5,
								5,
								2
							],
							"pivot": [
								29.66568,
								-53.68466,
								-54.68933
							],
							"rotation": [
								-31.28223,
								-9.29798,
								-14.89149
							],
							"uv": [
								0,
								113
							]
						}
					]
				},
				{
					"name": "bone30",
					"parent": "bone27",
					"pivot": [
						29.66568,
						-53.68466,
						-54.68933
					],
					"cubes": [
						{
							"origin": [
								23.7565,
								2.99164,
								-59.06907
							],
							"size": [
								1.5,
								6,
								2
							],
							"pivot": [
								29.66568,
								-53.68466,
								-54.68933
							],
							"rotation": [
								-32.10382,
								5.35355,
								8.45862
							],
							"uv": [
								8,
								106
							]
						}
					]
				},
				{
					"name": "bone31",
					"parent": "bone27",
					"pivot": [
						28.66568,
						-53.68466,
						-54.68933
					],
					"cubes": [
						{
							"origin": [
								9.3191,
								1.3352,
								-59.06907
							],
							"size": [
								1.5,
								5,
								2
							],
							"pivot": [
								29.66568,
								-53.68466,
								-54.68933
							],
							"rotation": [
								-30.48005,
								11.86554,
								19.25656
							],
							"uv": [
								112,
								93
							]
						}
					]
				},
				{
					"name": "Leg4",
					"parent": "Sarcosushus",
					"pivot": [
						10,
						13,
						-76
					],
					"rotation": [
						0,
						45,
						0
					]
				},
				{
					"name": "bone10",
					"parent": "Leg4",
					"pivot": [
						-33,
						11,
						-32
					],
					"rotation": [
						-1.82686,
						-19.86205,
						0.43491
					],
					"cubes": [
						{
							"origin": [
								-27.47715,
								-28.99032,
								-41.86011
							],
							"size": [
								5,
								9,
								6
							],
							"pivot": [
								-8.46315,
								11.54358,
								-87.69244
							],
							"rotation": [
								38.16584,
								-9.88744,
								-7.68615
							],
							"uv": [
								41,
								148
							]
						}
					]
				},
				{
					"name": "bone32",
					"parent": "bone10",
					"pivot": [
						-35.46315,
						7.54358,
						-27.69244
					],
					"rotation": [
						-58.90635,
						-20.06347,
						-0.77232
					],
					"cubes": [
						{
							"origin": [
								-37.58348,
								-29.69714,
								-3.6785
							],
							"size": [
								4,
								9,
								5
							],
							"pivot": [
								-30.02685,
								-47.3052,
								-57.40689
							],
							"rotation": [
								37.5,
								0,
								0
							],
							"uv": [
								0,
								0
							]
						}
					]
				},
				{
					"name": "bone33",
					"parent": "bone32",
					"pivot": [
						-36.02685,
						1.28399,
						-24.71727
					],
					"cubes": [
						{
							"origin": [
								19.83735,
								-19.36058,
								-59.09701
							],
							"size": [
								1.5,
								5,
								2
							],
							"pivot": [
								-30.02685,
								-53.71601,
								-54.71727
							],
							"rotation": [
								-18.89595,
								-26.94622,
								-52.9338
							],
							"uv": [
								112,
								86
							]
						}
					]
				},
				{
					"name": "bone34",
					"parent": "bone33",
					"pivot": [
						-30.02685,
						-53.71601,
						-54.71727
					],
					"cubes": [
						{
							"origin": [
								-79.2657,
								-16.33543,
								-59.09701
							],
							"size": [
								1.5,
								3,
								2
							],
							"pivot": [
								-30.02685,
								-53.71601,
								-54.71727
							],
							"rotation": [
								-24.25045,
								22.32924,
								40.144
							],
							"uv": [
								13,
								0
							]
						}
					]
				},
				{
					"name": "bone35",
					"parent": "bone33",
					"pivot": [
						-30.02685,
						-53.71601,
						-54.71727
					],
					"cubes": [
						{
							"origin": [
								-55.16955,
								-0.62378,
								-59.09701
							],
							"size": [
								1.5,
								5,
								2
							],
							"pivot": [
								-30.02685,
								-53.71601,
								-54.71727
							],
							"rotation": [
								-31.28223,
								9.29798,
								14.89149
							],
							"uv": [
								33,
								111
							]
						}
					]
				},
				{
					"name": "bone36",
					"parent": "bone33",
					"pivot": [
						-30.02685,
						-53.71601,
						-54.71727
					],
					"cubes": [
						{
							"origin": [
								-25.61767,
								2.96029,
								-59.09701
							],
							"size": [
								1.5,
								6,
								2
							],
							"pivot": [
								-30.02685,
								-53.71601,
								-54.71727
							],
							"rotation": [
								-32.10382,
								-5.35355,
								-8.45862
							],
							"uv": [
								84,
								64
							]
						}
					]
				},
				{
					"name": "bone37",
					"parent": "bone33",
					"pivot": [
						-29.02685,
						-53.71601,
						-54.71727
					],
					"cubes": [
						{
							"origin": [
								-11.18027,
								1.30385,
								-59.09701
							],
							"size": [
								1.5,
								5,
								2
							],
							"pivot": [
								-30.02685,
								-53.71601,
								-54.71727
							],
							"rotation": [
								-30.48005,
								-11.86554,
								-19.25656
							],
							"uv": [
								103,
								6
							]
						}
					]
				}
			]
		}
	]
}