{
	"format_version": "1.12.0",
	"minecraft:geometry": [
		{
			"description": {
				"identifier": "geometry.tarbosaurus",
				"texture_width": 512,
				"texture_height": 512,
				"visible_bounds_width": 19,
				"visible_bounds_height": 9.5,
				"visible_bounds_offset": [
					0,
					4.25,
					0
				]
			},
			"bones": [
				{
					"name": "bone",
					"pivot": [
						0,
						58,
						0
					],
					"cubes": [
						{
							"origin": [
								-15,
								42,
								-21
							],
							"size": [
								30,
								32,
								22
							],
							"uv": [
								0,
								0
							]
						},
						{
							"origin": [
								-14.5,
								36,
								-12
							],
							"size": [
								29,
								34,
								9
							],
							"uv": [
								125,
								180
							]
						},
						{
							"origin": [
								-14,
								39.46828,
								-5.21722
							],
							"size": [
								28,
								34,
								9
							],
							"pivot": [
								0,
								38,
								3
							],
							"rotation": [
								25,
								0,
								0
							],
							"uv": [
								196,
								106
							]
						},
						{
							"origin": [
								-13.9,
								36,
								-41
							],
							"size": [
								13.9,
								13,
								29
							],
							"pivot": [
								0,
								34,
								-10
							],
							"rotation": [
								-10,
								0,
								0
							],
							"uv": [
								141,
								138
							]
						},
						{
							"origin": [
								0,
								36,
								-41
							],
							"size": [
								13.9,
								13,
								29
							],
							"pivot": [
								0,
								34,
								-10
							],
							"rotation": [
								-10,
								0,
								0
							],
							"uv": [
								0,
								140
							]
						},
						{
							"origin": [
								-13.5,
								40.11176,
								-47.57233
							],
							"size": [
								27,
								13,
								6
							],
							"pivot": [
								0,
								39,
								-39
							],
							"rotation": [
								-37.5,
								0,
								0
							],
							"uv": [
								82,
								0
							]
						},
						{
							"origin": [
								-13,
								43.79756,
								-67.76841
							],
							"size": [
								26,
								13,
								23
							],
							"pivot": [
								0,
								44,
								-45
							],
							"rotation": [
								-57.5,
								0,
								0
							],
							"uv": [
								0,
								104
							]
						},
						{
							"origin": [
								-14.5,
								48,
								-34
							],
							"size": [
								29,
								26,
								14
							],
							"pivot": [
								0,
								74,
								-20
							],
							"rotation": [
								2.5,
								0,
								0
							],
							"uv": [
								84,
								127
							]
						},
						{
							"origin": [
								-14,
								46.86698,
								-48.04947
							],
							"size": [
								28,
								27,
								14
							],
							"pivot": [
								0,
								74,
								-33
							],
							"rotation": [
								17.5,
								0,
								0
							],
							"uv": [
								148,
								0
							]
						}
					]
				},
				{
					"name": "bone2",
					"parent": "bone",
					"pivot": [
						0,
						58,
						0
					],
					"cubes": [
						{
							"origin": [
								-13,
								42.5,
								-1
							],
							"size": [
								26,
								31,
								18
							],
							"pivot": [
								0,
								58,
								0
							],
							"rotation": [
								-7.5,
								0,
								0
							],
							"uv": [
								80,
								78
							]
						},
						{
							"origin": [
								-12.5,
								40.51864,
								1.7703
							],
							"size": [
								25,
								9,
								13
							],
							"pivot": [
								0,
								40,
								14
							],
							"rotation": [
								5,
								0,
								0
							],
							"uv": [
								209,
								41
							]
						}
					]
				},
				{
					"name": "bone3",
					"parent": "bone2",
					"pivot": [
						0,
						58,
						16
					],
					"cubes": [
						{
							"origin": [
								-11,
								54,
								15
							],
							"size": [
								22,
								17,
								25
							],
							"pivot": [
								0,
								58,
								16
							],
							"rotation": [
								-10,
								0,
								0
							],
							"uv": [
								79,
								29
							]
						},
						{
							"origin": [
								-10.5,
								41.27451,
								14.04272
							],
							"size": [
								21,
								14,
								28
							],
							"pivot": [
								0,
								43,
								16
							],
							"rotation": [
								17.5,
								0,
								0
							],
							"uv": [
								0,
								54
							]
						}
					]
				},
				{
					"name": "bone4",
					"parent": "bone3",
					"pivot": [
						0,
						58,
						40
					],
					"cubes": [
						{
							"origin": [
								-7,
								58,
								39
							],
							"size": [
								14,
								9,
								23
							],
							"pivot": [
								0,
								58,
								40
							],
							"rotation": [
								-7.5,
								0,
								0
							],
							"uv": [
								178,
								200
							]
						},
						{
							"origin": [
								-6.5,
								49,
								39
							],
							"size": [
								13,
								10,
								23
							],
							"pivot": [
								0,
								58,
								40
							],
							"rotation": [
								5,
								0,
								0
							],
							"uv": [
								0,
								202
							]
						}
					]
				},
				{
					"name": "bone5",
					"parent": "bone4",
					"pivot": [
						0,
						58,
						61
					],
					"cubes": [
						{
							"origin": [
								-4,
								58,
								59
							],
							"size": [
								8,
								6,
								22
							],
							"pivot": [
								0,
								58,
								61
							],
							"rotation": [
								-5,
								0,
								0
							],
							"uv": [
								50,
								229
							]
						},
						{
							"origin": [
								-3.5,
								51,
								61
							],
							"size": [
								7,
								7,
								20
							],
							"pivot": [
								0,
								58,
								61
							],
							"rotation": [
								5,
								0,
								0
							],
							"uv": [
								152,
								232
							]
						}
					]
				},
				{
					"name": "bone6",
					"parent": "bone5",
					"pivot": [
						0,
						58,
						82
					],
					"cubes": [
						{
							"origin": [
								-3,
								57,
								81
							],
							"size": [
								6,
								5,
								22
							],
							"uv": [
								229,
								196
							]
						},
						{
							"origin": [
								-2.5,
								53,
								81
							],
							"size": [
								5,
								6,
								22
							],
							"pivot": [
								0,
								58,
								82
							],
							"rotation": [
								7.5,
								0,
								0
							],
							"uv": [
								230,
								223
							]
						}
					]
				},
				{
					"name": "bone7",
					"parent": "bone6",
					"pivot": [
						0,
						61,
						103
					],
					"cubes": [
						{
							"origin": [
								-2,
								58,
								102
							],
							"size": [
								4,
								4,
								14
							],
							"pivot": [
								0,
								61,
								103
							],
							"rotation": [
								-5,
								0,
								0
							],
							"uv": [
								156,
								113
							]
						},
						{
							"origin": [
								-1.5,
								56,
								102
							],
							"size": [
								3,
								4,
								14
							],
							"uv": [
								256,
								135
							]
						}
					]
				},
				{
					"name": "bone8",
					"parent": "bone7",
					"pivot": [
						0,
						61,
						115
					],
					"cubes": [
						{
							"origin": [
								-1.5,
								58,
								115
							],
							"size": [
								3,
								3,
								22
							],
							"pivot": [
								0,
								61,
								115
							],
							"rotation": [
								-15,
								0,
								0
							],
							"uv": [
								184,
								237
							]
						}
					]
				},
				{
					"name": "bone9",
					"parent": "bone",
					"pivot": [
						0,
						58,
						-43
					]
				},
				{
					"name": "bone10",
					"parent": "bone9",
					"pivot": [
						0,
						55,
						-46
					],
					"rotation": [
						-10,
						0,
						0
					],
					"cubes": [
						{
							"origin": [
								-8,
								50,
								-59
							],
							"size": [
								16,
								16,
								17
							],
							"pivot": [
								0,
								55,
								-46
							],
							"rotation": [
								-25,
								0,
								0
							],
							"uv": [
								208,
								163
							]
						},
						{
							"origin": [
								-7.5,
								50.09808,
								-60.50962
							],
							"size": [
								15,
								11,
								17
							],
							"pivot": [
								0,
								52,
								-61
							],
							"rotation": [
								-17.5,
								0,
								0
							],
							"uv": [
								108,
								223
							]
						}
					]
				},
				{
					"name": "bone11",
					"parent": "bone10",
					"pivot": [
						0,
						59,
						-57
					],
					"rotation": [
						5,
						0,
						0
					],
					"cubes": [
						{
							"origin": [
								-6.9,
								62.428,
								-65.47001
							],
							"size": [
								7.2,
								13,
								4
							],
							"pivot": [
								0,
								64,
								-64
							],
							"rotation": [
								-10,
								0,
								0
							],
							"uv": [
								0,
								96
							]
						},
						{
							"origin": [
								-0.3,
								62.428,
								-65.47001
							],
							"size": [
								7.2,
								13,
								4
							],
							"pivot": [
								0,
								64,
								-64
							],
							"rotation": [
								-10,
								0,
								0
							],
							"uv": [
								0,
								0
							]
						},
						{
							"origin": [
								-7,
								61.26807,
								-59.79048
							],
							"size": [
								14,
								13,
								2
							],
							"pivot": [
								0,
								74,
								-58
							],
							"rotation": [
								-20,
								0,
								0
							],
							"uv": [
								262,
								223
							]
						},
						{
							"origin": [
								-6.8,
								62,
								-69
							],
							"size": [
								6.9,
								13,
								6
							],
							"pivot": [
								0,
								74,
								-65
							],
							"rotation": [
								15,
								0,
								0
							],
							"uv": [
								212,
								266
							]
						},
						{
							"origin": [
								-0.1,
								62,
								-69
							],
							"size": [
								6.9,
								13,
								6
							],
							"pivot": [
								0,
								74,
								-65
							],
							"rotation": [
								15,
								0,
								0
							],
							"uv": [
								263,
								196
							]
						},
						{
							"origin": [
								-7.5,
								61.0765,
								-56.77402
							],
							"size": [
								15,
								13,
								12
							],
							"pivot": [
								0,
								75,
								-57
							],
							"rotation": [
								-45,
								0,
								0
							],
							"uv": [
								98,
								251
							]
						},
						{
							"origin": [
								-7,
								53.51153,
								-67.06691
							],
							"size": [
								14,
								13,
								13
							],
							"pivot": [
								0,
								66,
								-67
							],
							"rotation": [
								-17.5,
								0,
								0
							],
							"uv": [
								0,
								244
							]
						}
					]
				},
				{
					"name": "bone12",
					"parent": "bone11",
					"pivot": [
						0,
						66,
						-71
					],
					"rotation": [
						5,
						0,
						0
					],
					"cubes": [
						{
							"origin": [
								-8,
								62.90218,
								-73.58152
							],
							"size": [
								16,
								10.84238,
								7.74456
							],
							"uv": [
								0,
								182
							]
						},
						{
							"origin": [
								-7.4837,
								62.90218,
								-78.22826
							],
							"size": [
								8,
								10.32608,
								7.22826
							],
							"pivot": [
								0,
								66,
								-73.06522
							],
							"rotation": [
								20,
								0,
								0
							],
							"uv": [
								182,
								262
							]
						},
						{
							"origin": [
								-0.5163,
								62.90218,
								-78.22826
							],
							"size": [
								8,
								10.32608,
								7.22826
							],
							"pivot": [
								0,
								66,
								-73.06522
							],
							"rotation": [
								20,
								0,
								0
							],
							"uv": [
								152,
								259
							]
						},
						{
							"origin": [
								-6.7837,
								61.07404,
								-83.34949
							],
							"size": [
								9.3,
								4.13043,
								5.16304
							],
							"pivot": [
								0,
								64.96739,
								-78.22826
							],
							"rotation": [
								35,
								0,
								0
							],
							"uv": [
								257,
								171
							]
						},
						{
							"origin": [
								-2.5163,
								61.07404,
								-83.34949
							],
							"size": [
								9.3,
								4.13043,
								5.16304
							],
							"pivot": [
								0,
								64.96739,
								-78.22826
							],
							"rotation": [
								35,
								0,
								0
							],
							"uv": [
								0,
								235
							]
						},
						{
							"origin": [
								-6.6837,
								58.76901,
								-86.36495
							],
							"size": [
								9.2,
								4.13043,
								6.19565
							],
							"pivot": [
								0,
								58.77174,
								-80.29347
							],
							"rotation": [
								25,
								0,
								0
							],
							"uv": [
								26,
								270
							]
						},
						{
							"origin": [
								-2.5163,
								58.76901,
								-86.36495
							],
							"size": [
								9.2,
								4.13043,
								6.19565
							],
							"pivot": [
								0,
								58.77174,
								-80.29347
							],
							"rotation": [
								25,
								0,
								0
							],
							"uv": [
								261,
								63
							]
						},
						{
							"origin": [
								-0.2,
								56.34515,
								-94.01856
							],
							"size": [
								7.1,
								4.64674,
								8.26086
							],
							"pivot": [
								0,
								56.19022,
								-85.45651
							],
							"rotation": [
								10,
								0,
								0
							],
							"uv": [
								212,
								232
							]
						},
						{
							"origin": [
								4.9,
								54.34515,
								-94.01856
							],
							"size": [
								0,
								4.64674,
								13.26086
							],
							"pivot": [
								0,
								56.19022,
								-85.45651
							],
							"rotation": [
								10,
								0,
								0
							],
							"uv": [
								70,
								58
							]
						},
						{
							"origin": [
								-4.9,
								54.34515,
								-94.01856
							],
							"size": [
								0,
								4.64674,
								13.26086
							],
							"pivot": [
								0,
								56.19022,
								-85.45651
							],
							"rotation": [
								10,
								0,
								0
							],
							"uv": [
								0,
								65
							]
						},
						{
							"origin": [
								-6.9,
								56.34515,
								-94.01856
							],
							"size": [
								7.1,
								4.64674,
								8.26086
							],
							"pivot": [
								0,
								56.19022,
								-85.45651
							],
							"rotation": [
								10,
								0,
								0
							],
							"uv": [
								228,
								149
							]
						},
						{
							"origin": [
								-6,
								59.51481,
								-94.68983
							],
							"size": [
								12,
								2.06522,
								8.26086
							],
							"pivot": [
								0,
								59.28805,
								-94.23368
							],
							"rotation": [
								-2.5,
								0,
								0
							],
							"uv": [
								104,
								19
							]
						},
						{
							"origin": [
								-0.0163,
								61.2089,
								-94.64007
							],
							"size": [
								6.5,
								8.77717,
								6.71195
							],
							"pivot": [
								0,
								61.35326,
								-94.23368
							],
							"rotation": [
								-52.5,
								0,
								0
							],
							"uv": [
								260,
								270
							]
						},
						{
							"origin": [
								-6.4837,
								61.2089,
								-94.64007
							],
							"size": [
								6.5,
								8.77717,
								6.71195
							],
							"pivot": [
								0,
								61.35326,
								-94.23368
							],
							"rotation": [
								-52.5,
								0,
								0
							],
							"uv": [
								236,
								270
							]
						},
						{
							"origin": [
								-7,
								67.29271,
								-87.71037
							],
							"size": [
								7,
								8.77717,
								6.71195
							],
							"pivot": [
								0,
								67.03261,
								-88.03803
							],
							"rotation": [
								-62.5,
								0,
								0
							],
							"uv": [
								0,
								270
							]
						},
						{
							"origin": [
								0,
								67.29271,
								-87.71037
							],
							"size": [
								7,
								8.77717,
								6.71195
							],
							"pivot": [
								0,
								67.03261,
								-88.03803
							],
							"rotation": [
								-62.5,
								0,
								0
							],
							"uv": [
								268,
								98
							]
						}
					]
				},
				{
					"name": "bone13",
					"parent": "bone12",
					"pivot": [
						0,
						63.43786,
						-67.9632
					],
					"rotation": [
						-27.53976,
						0,
						0
					],
					"cubes": [
						{
							"origin": [
								-7.4837,
								52.88444,
								-71.98678
							],
							"size": [
								8,
								9.80978,
								6.71195
							],
							"pivot": [
								0,
								61.66161,
								-68.88896
							],
							"rotation": [
								37.5,
								0,
								0
							],
							"uv": [
								41,
								235
							]
						},
						{
							"origin": [
								-0.5163,
								52.88444,
								-71.98678
							],
							"size": [
								8,
								9.80978,
								6.71195
							],
							"pivot": [
								0,
								61.66161,
								-68.88896
							],
							"rotation": [
								37.5,
								0,
								0
							],
							"uv": [
								55,
								140
							]
						},
						{
							"origin": [
								-6.4837,
								46.24952,
								-75.00221
							],
							"size": [
								7,
								4.64674,
								11.87499
							],
							"pivot": [
								0,
								46.68879,
								-74.052
							],
							"rotation": [
								40,
								0,
								0
							],
							"uv": [
								54,
								257
							]
						},
						{
							"origin": [
								-0.5163,
								46.24952,
								-75.00221
							],
							"size": [
								7,
								4.64674,
								11.87499
							],
							"pivot": [
								0,
								46.68879,
								-74.052
							],
							"rotation": [
								40,
								0,
								0
							],
							"uv": [
								88,
								225
							]
						},
						{
							"origin": [
								-6.1837,
								45.73322,
								-81.50031
							],
							"size": [
								6.7,
								4.64674,
								6.71195
							],
							"pivot": [
								0,
								46.17249,
								-74.5683
							],
							"rotation": [
								30,
								0,
								0
							],
							"uv": [
								272,
								35
							]
						},
						{
							"origin": [
								-0.5163,
								45.73322,
								-81.50031
							],
							"size": [
								6.7,
								4.64674,
								6.71195
							],
							"pivot": [
								0,
								46.17249,
								-74.5683
							],
							"rotation": [
								30,
								0,
								0
							],
							"uv": [
								218,
								0
							]
						},
						{
							"origin": [
								-6.4837,
								42.40934,
								-82.51935
							],
							"size": [
								7,
								4.64674,
								2.58152
							],
							"pivot": [
								0,
								42.55836,
								-80.24765
							],
							"rotation": [
								20,
								0,
								0
							],
							"uv": [
								96,
								71
							]
						},
						{
							"origin": [
								-0.5163,
								42.40934,
								-82.51935
							],
							"size": [
								7,
								4.64674,
								2.58152
							],
							"pivot": [
								0,
								42.55836,
								-80.24765
							],
							"rotation": [
								20,
								0,
								0
							],
							"uv": [
								62,
								96
							]
						},
						{
							"origin": [
								0,
								41.49528,
								-86.62888
							],
							"size": [
								6.4,
								2.58152,
								4.13043
							],
							"pivot": [
								0,
								42.04206,
								-82.82917
							],
							"rotation": [
								-25,
								0,
								0
							],
							"uv": [
								42,
								96
							]
						},
						{
							"origin": [
								-6.4,
								41.49528,
								-86.62888
							],
							"size": [
								6.4,
								2.58152,
								4.13043
							],
							"pivot": [
								0,
								42.04206,
								-82.82917
							],
							"rotation": [
								-25,
								0,
								0
							],
							"uv": [
								22,
								96
							]
						},
						{
							"origin": [
								-7,
								54.60696,
								-78.80558
							],
							"size": [
								7,
								6.19565,
								7.22826
							],
							"pivot": [
								0,
								60.1127,
								-71.47048
							],
							"rotation": [
								52.5,
								0,
								0
							],
							"uv": [
								261,
								0
							]
						},
						{
							"origin": [
								0,
								59.60696,
								-76.80558
							],
							"size": [
								5,
								8.19565,
								10.22826
							],
							"pivot": [
								0,
								60.1127,
								-71.47048
							],
							"rotation": [
								52.5,
								0,
								0
							],
							"uv": [
								257,
								153
							]
						},
						{
							"origin": [
								-5,
								59.60696,
								-76.80558
							],
							"size": [
								5,
								8.19565,
								10.22826
							],
							"pivot": [
								0,
								60.1127,
								-71.47048
							],
							"rotation": [
								52.5,
								0,
								0
							],
							"uv": [
								102,
								167
							]
						},
						{
							"origin": [
								0,
								54.60696,
								-78.80558
							],
							"size": [
								7,
								6.19565,
								7.22826
							],
							"pivot": [
								0,
								60.1127,
								-71.47048
							],
							"rotation": [
								52.5,
								0,
								0
							],
							"uv": [
								55,
								155
							]
						},
						{
							"origin": [
								-6.9,
								50.96569,
								-83.75571
							],
							"size": [
								7,
								4.13043,
								7.22826
							],
							"pivot": [
								0,
								54.94966,
								-76.11722
							],
							"rotation": [
								57.5,
								0,
								0
							],
							"uv": [
								270,
								123
							]
						},
						{
							"origin": [
								-0.1,
								50.96569,
								-83.75571
							],
							"size": [
								7,
								4.13043,
								7.22826
							],
							"pivot": [
								0,
								54.94966,
								-76.11722
							],
							"rotation": [
								57.5,
								0,
								0
							],
							"uv": [
								270,
								112
							]
						},
						{
							"origin": [
								-6.8,
								48.33771,
								-87.07613
							],
							"size": [
								7,
								2.06522,
								9.80978
							],
							"pivot": [
								0,
								46.68879,
								-77.14982
							],
							"rotation": [
								32.5,
								0,
								0
							],
							"uv": [
								196,
								149
							]
						},
						{
							"origin": [
								-4.8,
								50.33771,
								-87.07613
							],
							"size": [
								0,
								3.06522,
								13.80978
							],
							"pivot": [
								0,
								46.68879,
								-77.14982
							],
							"rotation": [
								32.5,
								0,
								0
							],
							"uv": [
								70,
								65
							]
						},
						{
							"origin": [
								4.8,
								50.33771,
								-87.07613
							],
							"size": [
								0,
								3.06522,
								13.80978
							],
							"pivot": [
								0,
								46.68879,
								-77.14982
							],
							"rotation": [
								32.5,
								0,
								0
							],
							"uv": [
								70,
								62
							]
						},
						{
							"origin": [
								-0.2,
								48.33771,
								-87.07613
							],
							"size": [
								7,
								2.06522,
								9.80978
							],
							"pivot": [
								0,
								46.68879,
								-77.14982
							],
							"rotation": [
								32.5,
								0,
								0
							],
							"uv": [
								148,
								41
							]
						}
					]
				},
				{
					"name": "bone14",
					"parent": "bone12",
					"pivot": [
						-4,
						69.75163,
						-75.99904
					],
					"rotation": [
						-2.5,
						0,
						-20
					],
					"cubes": [
						{
							"origin": [
								-8.4837,
								72.19565,
								-75.13043
							],
							"size": [
								4,
								3.61413,
								6.13043
							],
							"uv": [
								178,
								106
							]
						},
						{
							"origin": [
								-8.3837,
								72.19565,
								-78.19565
							],
							"size": [
								3.9,
								3.61413,
								3.8
							],
							"pivot": [
								-1,
								75.29347,
								-74.61413
							],
							"rotation": [
								40,
								0,
								0
							],
							"uv": [
								192,
								180
							]
						},
						{
							"origin": [
								-8.2837,
								70.80715,
								-78.54381
							],
							"size": [
								3.8,
								3.61413,
								3.09782
							],
							"pivot": [
								-1,
								72.19565,
								-75.64674
							],
							"rotation": [
								2.5,
								0,
								0
							],
							"uv": [
								192,
								106
							]
						},
						{
							"origin": [
								-8.1837,
								67.92024,
								-77.1101
							],
							"size": [
								3.7,
								3.61413,
								3.09782
							],
							"pivot": [
								-1,
								68.74456,
								-78.74456
							],
							"rotation": [
								57.5,
								0,
								0
							],
							"uv": [
								185,
								41
							]
						},
						{
							"origin": [
								-8.0837,
								66.45244,
								-80.01422
							],
							"size": [
								3.6,
								3.61413,
								3.09782
							],
							"pivot": [
								-1,
								67.16304,
								-81.74456
							],
							"rotation": [
								37.5,
								0,
								0
							],
							"uv": [
								63,
								182
							]
						},
						{
							"origin": [
								-7.9837,
								67.56314,
								-82.74519
							],
							"size": [
								3.5,
								3.61413,
								2.19565
							],
							"pivot": [
								-1,
								69.16304,
								-80.74456
							],
							"rotation": [
								25,
								0,
								0
							],
							"uv": [
								10,
								17
							]
						},
						{
							"origin": [
								-7.8837,
								66.35498,
								-86.81632
							],
							"size": [
								3.4,
								3.61413,
								3.19565
							],
							"pivot": [
								-6,
								70.16304,
								-83.74456
							],
							"rotation": [
								35,
								0,
								0
							],
							"uv": [
								51,
								182
							]
						},
						{
							"origin": [
								-7.9837,
								63.51513,
								-88.83756
							],
							"size": [
								3.5,
								3.61413,
								3.19565
							],
							"pivot": [
								-6,
								67.16304,
								-88.74456
							],
							"rotation": [
								25,
								0,
								0
							],
							"uv": [
								39,
								182
							]
						},
						{
							"origin": [
								-7.9837,
								63.51513,
								-91.83756
							],
							"size": [
								3.5,
								3.61413,
								3.19565
							],
							"pivot": [
								-6,
								67.16304,
								-88.74456
							],
							"rotation": [
								60.24222,
								4.81281,
								5.7589
							],
							"uv": [
								180,
								131
							]
						}
					]
				},
				{
					"name": "bone15",
					"parent": "bone12",
					"pivot": [
						4,
						69.75163,
						-75.99904
					],
					"rotation": [
						-2.5,
						0,
						20
					],
					"cubes": [
						{
							"origin": [
								4.4837,
								72.19565,
								-75.13043
							],
							"size": [
								4,
								3.61413,
								6.13043
							],
							"uv": [
								171,
								41
							]
						},
						{
							"origin": [
								4.4837,
								72.19565,
								-78.19565
							],
							"size": [
								3.9,
								3.61413,
								3.8
							],
							"pivot": [
								1,
								75.29347,
								-74.61413
							],
							"rotation": [
								40,
								0,
								0
							],
							"uv": [
								178,
								121
							]
						},
						{
							"origin": [
								4.4837,
								70.80715,
								-78.54381
							],
							"size": [
								3.8,
								3.61413,
								3.09782
							],
							"pivot": [
								1,
								72.19565,
								-75.64674
							],
							"rotation": [
								2.5,
								0,
								0
							],
							"uv": [
								178,
								115
							]
						},
						{
							"origin": [
								4.4837,
								67.92024,
								-77.1101
							],
							"size": [
								3.7,
								3.61413,
								3.09782
							],
							"pivot": [
								1,
								68.74456,
								-78.74456
							],
							"rotation": [
								57.5,
								0,
								0
							],
							"uv": [
								173,
								64
							]
						},
						{
							"origin": [
								4.4837,
								66.45244,
								-80.01422
							],
							"size": [
								3.6,
								3.61413,
								3.09782
							],
							"pivot": [
								1,
								67.16304,
								-81.74456
							],
							"rotation": [
								37.5,
								0,
								0
							],
							"uv": [
								173,
								58
							]
						},
						{
							"origin": [
								4.4837,
								67.56314,
								-82.74519
							],
							"size": [
								3.5,
								3.61413,
								2.19565
							],
							"pivot": [
								1,
								69.16304,
								-80.74456
							],
							"rotation": [
								25,
								0,
								0
							],
							"uv": [
								0,
								17
							]
						},
						{
							"origin": [
								4.4837,
								66.35498,
								-86.81632
							],
							"size": [
								3.4,
								3.61413,
								3.19565
							],
							"pivot": [
								6,
								70.16304,
								-83.74456
							],
							"rotation": [
								35,
								0,
								0
							],
							"uv": [
								173,
								52
							]
						},
						{
							"origin": [
								4.4837,
								63.51513,
								-88.83756
							],
							"size": [
								3.5,
								3.61413,
								3.19565
							],
							"pivot": [
								6,
								67.16304,
								-88.74456
							],
							"rotation": [
								25,
								0,
								0
							],
							"uv": [
								168,
								106
							]
						},
						{
							"origin": [
								4.4837,
								63.51513,
								-91.83756
							],
							"size": [
								3.5,
								3.61413,
								3.19565
							],
							"pivot": [
								6,
								67.16304,
								-88.74456
							],
							"rotation": [
								60.24222,
								-4.81281,
								-5.7589
							],
							"uv": [
								150,
								90
							]
						}
					]
				},
				{
					"name": "bone30",
					"parent": "bone",
					"pivot": [
						-14,
						46,
						-38
					],
					"rotation": [
						41.88034,
						-6.6782,
						10.59061
					],
					"cubes": [
						{
							"origin": [
								-15.716,
								43.192,
								-41.744
							],
							"size": [
								2.652,
								4.68,
								4.68
							],
							"pivot": [
								-14,
								46,
								-38
							],
							"rotation": [
								22.5,
								0,
								0
							],
							"uv": [
								150,
								82
							]
						},
						{
							"origin": [
								-15.716,
								37.732,
								-41.744
							],
							"size": [
								2.652,
								5.46,
								2.808
							],
							"pivot": [
								-14,
								46,
								-38
							],
							"rotation": [
								22.5,
								0,
								0
							],
							"uv": [
								20,
								54
							]
						},
						{
							"origin": [
								-16.064,
								38.448,
								-38.936
							],
							"size": [
								3,
								5.68,
								2.808
							],
							"pivot": [
								-14,
								45,
								-37
							],
							"rotation": [
								7.5,
								0,
								0
							],
							"uv": [
								196,
								160
							]
						}
					]
				},
				{
					"name": "bone31",
					"parent": "bone30",
					"pivot": [
						-14.544,
						38.86,
						-38.336
					],
					"rotation": [
						-21.17583,
						5.21721,
						-17.87227
					],
					"cubes": [
						{
							"origin": [
								-15.33328,
								31.2719,
								-39.0637
							],
							"size": [
								2.1824,
								8.1264,
								3.3696
							],
							"pivot": [
								-13.69587,
								38.05678,
								-38.15101
							],
							"rotation": [
								-18.14095,
								-3.98109,
								9.85578
							],
							"uv": [
								150,
								71
							]
						},
						{
							"origin": [
								-15.33328,
								28.2719,
								-38.0637
							],
							"size": [
								1.1824,
								5.1264,
								1.3696
							],
							"pivot": [
								-13.69587,
								38.05678,
								-38.15101
							],
							"rotation": [
								-27.74472,
								-6.51569,
								5.5273
							],
							"uv": [
								74,
								54
							]
						},
						{
							"origin": [
								-15.33328,
								27.44308,
								-38.0637
							],
							"size": [
								1.1824,
								5.1264,
								1.3696
							],
							"pivot": [
								-13.69587,
								38.05678,
								-38.15101
							],
							"rotation": [
								-7.74472,
								-6.51569,
								5.5273
							],
							"uv": [
								73,
								65
							]
						}
					]
				},
				{
					"name": "bone32",
					"parent": "bone",
					"pivot": [
						14,
						46,
						-38
					],
					"rotation": [
						41.88034,
						6.6782,
						-10.59061
					],
					"cubes": [
						{
							"origin": [
								13.064,
								43.192,
								-41.744
							],
							"size": [
								2.652,
								4.68,
								4.68
							],
							"pivot": [
								14,
								46,
								-38
							],
							"rotation": [
								22.5,
								0,
								0
							],
							"uv": [
								136,
								19
							]
						},
						{
							"origin": [
								13.064,
								37.732,
								-41.744
							],
							"size": [
								2.652,
								5.46,
								2.808
							],
							"pivot": [
								14,
								46,
								-38
							],
							"rotation": [
								22.5,
								0,
								0
							],
							"uv": [
								0,
								54
							]
						},
						{
							"origin": [
								13.064,
								38.448,
								-38.936
							],
							"size": [
								3,
								5.68,
								2.808
							],
							"pivot": [
								14,
								45,
								-37
							],
							"rotation": [
								7.5,
								0,
								0
							],
							"uv": [
								102,
								167
							]
						}
					]
				},
				{
					"name": "bone33",
					"parent": "bone32",
					"pivot": [
						14.544,
						38.86,
						-38.336
					],
					"rotation": [
						-21.17583,
						-5.21721,
						17.87227
					],
					"cubes": [
						{
							"origin": [
								13.15088,
								31.2719,
								-39.0637
							],
							"size": [
								2.1824,
								8.1264,
								3.3696
							],
							"pivot": [
								13.69587,
								38.05678,
								-38.15101
							],
							"rotation": [
								-18.14095,
								3.98109,
								-9.85578
							],
							"uv": [
								148,
								0
							]
						},
						{
							"origin": [
								14.15088,
								28.2719,
								-38.0637
							],
							"size": [
								1.1824,
								5.1264,
								1.3696
							],
							"pivot": [
								13.69587,
								38.05678,
								-38.15101
							],
							"rotation": [
								-27.74472,
								6.51569,
								-5.5273
							],
							"uv": [
								70,
								60
							]
						},
						{
							"origin": [
								14.15088,
								27.44308,
								-38.0637
							],
							"size": [
								1.1824,
								5.1264,
								1.3696
							],
							"pivot": [
								13.69587,
								38.05678,
								-38.15101
							],
							"rotation": [
								-7.74472,
								6.51569,
								-5.5273
							],
							"uv": [
								70,
								54
							]
						}
					]
				},
				{
					"name": "bone16",
					"pivot": [
						15,
						60,
						2
					],
					"cubes": [
						{
							"origin": [
								9.17916,
								31.48252,
								-13.09874
							],
							"size": [
								9.68,
								35.44,
								23.24
							],
							"pivot": [
								13.2,
								35.64,
								2.36
							],
							"rotation": [
								-14.94548,
								-1.29256,
								-4.83045
							],
							"uv": [
								168,
								48
							]
						}
					]
				},
				{
					"name": "bone17",
					"parent": "bone16",
					"pivot": [
						15,
						36,
						-11
					],
					"cubes": [
						{
							"origin": [
								10,
								10,
								-10
							],
							"size": [
								8,
								28,
								13
							],
							"pivot": [
								15,
								36,
								-11
							],
							"rotation": [
								27.5,
								0,
								0
							],
							"uv": [
								232,
								63
							]
						}
					]
				},
				{
					"name": "bone18",
					"parent": "bone17",
					"pivot": [
						15,
						20,
						7
					],
					"cubes": [
						{
							"origin": [
								11,
								2,
								3
							],
							"size": [
								6,
								16,
								8
							],
							"pivot": [
								15,
								20,
								7
							],
							"rotation": [
								-5,
								0,
								0
							],
							"uv": [
								0,
								140
							]
						}
					]
				},
				{
					"name": "bone19",
					"parent": "bone18",
					"pivot": [
						15,
						2,
						5
					],
					"cubes": [
						{
							"origin": [
								10,
								0,
								-1
							],
							"size": [
								8,
								4,
								11
							],
							"uv": [
								250,
								255
							]
						}
					]
				},
				{
					"name": "bone20",
					"parent": "bone19",
					"pivot": [
						16,
						2,
						-1
					],
					"cubes": [
						{
							"origin": [
								15,
								0,
								-8
							],
							"size": [
								3,
								3.9,
								8
							],
							"pivot": [
								16,
								2,
								-1
							],
							"rotation": [
								0,
								-17.5,
								0
							],
							"uv": [
								229,
								207
							]
						},
						{
							"origin": [
								17.5,
								1,
								-12.2777
							],
							"size": [
								1.5,
								2.9,
								5
							],
							"pivot": [
								16,
								3,
								-7
							],
							"rotation": [
								12.5,
								-17.5,
								0
							],
							"uv": [
								168,
								131
							]
						}
					]
				},
				{
					"name": "bone22",
					"parent": "bone19",
					"pivot": [
						14,
						2,
						-1
					],
					"rotation": [
						0,
						15,
						0
					],
					"cubes": [
						{
							"origin": [
								13,
								0,
								-8
							],
							"size": [
								3,
								4.1,
								8
							],
							"pivot": [
								14,
								2,
								-1
							],
							"rotation": [
								0,
								-17.5,
								0
							],
							"uv": [
								0,
								199
							]
						},
						{
							"origin": [
								15.5,
								1,
								-12.2777
							],
							"size": [
								1.5,
								2.9,
								5
							],
							"pivot": [
								14,
								3,
								-7
							],
							"rotation": [
								12.5,
								-17.5,
								0
							],
							"uv": [
								122,
								167
							]
						}
					]
				},
				{
					"name": "bone21",
					"parent": "bone19",
					"pivot": [
						12,
						2,
						-1
					],
					"cubes": [
						{
							"origin": [
								10,
								0,
								-8
							],
							"size": [
								3,
								3.9,
								8
							],
							"pivot": [
								12,
								2,
								-1
							],
							"rotation": [
								0,
								17.5,
								0
							],
							"uv": [
								229,
								196
							]
						},
						{
							"origin": [
								9,
								1,
								-12.2777
							],
							"size": [
								1.5,
								2.9,
								5
							],
							"pivot": [
								12,
								3,
								-7
							],
							"rotation": [
								12.5,
								17.5,
								0
							],
							"uv": [
								156,
								131
							]
						}
					]
				},
				{
					"name": "bone23",
					"pivot": [
						-15,
						60,
						2
					],
					"cubes": [
						{
							"origin": [
								-18.85916,
								31.48252,
								-13.09874
							],
							"size": [
								9.68,
								35.44,
								23.24
							],
							"pivot": [
								-13.2,
								35.64,
								2.36
							],
							"rotation": [
								-14.94548,
								1.29256,
								4.83045
							],
							"uv": [
								61,
								167
							]
						}
					]
				},
				{
					"name": "bone24",
					"parent": "bone23",
					"pivot": [
						-15,
						36,
						-11
					],
					"cubes": [
						{
							"origin": [
								-18,
								10,
								-10
							],
							"size": [
								8,
								28,
								13
							],
							"pivot": [
								-15,
								36,
								-11
							],
							"rotation": [
								27.5,
								0,
								0
							],
							"uv": [
								232,
								0
							]
						}
					]
				},
				{
					"name": "bone25",
					"parent": "bone24",
					"pivot": [
						-15,
						20,
						7
					],
					"cubes": [
						{
							"origin": [
								-17,
								2,
								3
							],
							"size": [
								6,
								16,
								8
							],
							"pivot": [
								-15,
								20,
								7
							],
							"rotation": [
								-5,
								0,
								0
							],
							"uv": [
								0,
								54
							]
						}
					]
				},
				{
					"name": "bone26",
					"parent": "bone25",
					"pivot": [
						-15,
						2,
						5
					],
					"cubes": [
						{
							"origin": [
								-18,
								0,
								-1
							],
							"size": [
								8,
								4,
								11
							],
							"uv": [
								223,
								251
							]
						}
					]
				},
				{
					"name": "bone27",
					"parent": "bone26",
					"pivot": [
						-16,
						2,
						-1
					],
					"cubes": [
						{
							"origin": [
								-18,
								0,
								-8
							],
							"size": [
								3,
								3.9,
								8
							],
							"pivot": [
								-16,
								2,
								-1
							],
							"rotation": [
								0,
								17.5,
								0
							],
							"uv": [
								0,
								211
							]
						},
						{
							"origin": [
								-19,
								1,
								-12.2777
							],
							"size": [
								1.5,
								2.9,
								5
							],
							"pivot": [
								-16,
								3,
								-7
							],
							"rotation": [
								12.5,
								17.5,
								0
							],
							"uv": [
								138,
								71
							]
						}
					]
				},
				{
					"name": "bone28",
					"parent": "bone26",
					"pivot": [
						-14,
						2,
						-1
					],
					"rotation": [
						0,
						-15,
						0
					],
					"cubes": [
						{
							"origin": [
								-16,
								0,
								-8
							],
							"size": [
								3,
								4.1,
								8
							],
							"pivot": [
								-14,
								2,
								-1
							],
							"rotation": [
								0,
								17.5,
								0
							],
							"uv": [
								0,
								113
							]
						},
						{
							"origin": [
								-17,
								1,
								-12.2777
							],
							"size": [
								1.5,
								2.9,
								5
							],
							"pivot": [
								-14,
								3,
								-7
							],
							"rotation": [
								12.5,
								17.5,
								0
							],
							"uv": [
								126,
								71
							]
						}
					]
				},
				{
					"name": "bone29",
					"parent": "bone26",
					"pivot": [
						-12,
						2,
						-1
					],
					"cubes": [
						{
							"origin": [
								-13,
								0,
								-8
							],
							"size": [
								3,
								3.9,
								8
							],
							"pivot": [
								-12,
								2,
								-1
							],
							"rotation": [
								0,
								-17.5,
								0
							],
							"uv": [
								38,
								191
							]
						},
						{
							"origin": [
								-10.5,
								1,
								-12.2777
							],
							"size": [
								1.5,
								2.9,
								5
							],
							"pivot": [
								-12,
								3,
								-7
							],
							"rotation": [
								12.5,
								-17.5,
								0
							],
							"uv": [
								114,
								71
							]
						}
					]
				}
			]
		}
	]
}