{
	"format_version": "1.12.0",
	"minecraft:geometry": [
		{
			"description": {
				"identifier": "geometry.tiktaalik",
				"texture_width": 128,
				"texture_height": 128,
				"visible_bounds_width": 9,
				"visible_bounds_height": 2.5,
				"visible_bounds_offset": [0, 0.75, 0]
			},
			"bones": [
				{
					"name": "tiktaalik",
					"pivot": [0, 7, 0]
				},
				{
					"name": "Body",
					"parent": "tiktaalik",
					"pivot": [0, 7, 0]
				},
				{
					"name": "bone",
					"parent": "Body",
					"pivot": [0, 7, 0],
					"cubes": [
						{
							"origin": [-7, 5, 6],
							"size": [14, 7, 13],
							"pivot": [0, 7, 0],
							"rotation": [-7.5, 0, 0],
							"uv": {
								"north": {"uv": [34, 58], "uv_size": [14, 7]},
								"east": {"uv": [27, 65], "uv_size": [13, 7]},
								"south": {"uv": [48, 62], "uv_size": [14, 7]},
								"west": {"uv": [65, 46], "uv_size": [13, 7]},
								"up": {"uv": [32, 24], "uv_size": [14, 13]},
								"down": {"uv": [34, 13], "uv_size": [14, -13]}
							}
						},
						{
							"origin": [-8, 5, -6],
							"size": [16, 7, 12],
							"pivot": [0, 7, 0],
							"rotation": [-7.5, 0, 0],
							"uv": {
								"north": {"uv": [50, 32], "uv_size": [16, 7]},
								"east": {"uv": [68, 53], "uv_size": [12, 7]},
								"south": {"uv": [50, 39], "uv_size": [16, 7]},
								"west": {"uv": [62, 68], "uv_size": [12, 7]},
								"up": {"uv": [18, 0], "uv_size": [16, 12]},
								"down": {"uv": [18, 24], "uv_size": [16, -12]}
							}
						},
						{
							"origin": [-9, 5.74038, -17.3],
							"size": [18, 7, 12.3],
							"uv": {
								"north": {"uv": [48, 0], "uv_size": [18, 7]},
								"east": {"uv": [69, 7], "uv_size": [12, 7]},
								"south": {"uv": [7, 48], "uv_size": [18, 7]},
								"west": {"uv": [69, 14], "uv_size": [12, 7]},
								"up": {"uv": [0, 0], "uv_size": [18, 12]},
								"down": {"uv": [0, 24], "uv_size": [18, -12]}
							}
						},
						{
							"origin": [-8, 1.3, -17.29604],
							"size": [16, 7, 12],
							"uv": {
								"north": {"uv": [53, 7], "uv_size": [16, 7]},
								"east": {"uv": [48, 69], "uv_size": [12, 7]},
								"south": {"uv": [53, 14], "uv_size": [16, 7]},
								"west": {"uv": [27, 72], "uv_size": [12, 7]},
								"up": {"uv": [0, 24], "uv_size": [16, 12]},
								"down": {"uv": [16, 36], "uv_size": [16, -12]}
							}
						},
						{
							"origin": [-6.5, 1.33463, -5.45848],
							"size": [13, 7, 12],
							"uv": {
								"north": {"uv": [66, 0], "uv_size": [13, 7]},
								"east": {"uv": [74, 34], "uv_size": [12, 7]},
								"south": {"uv": [66, 27], "uv_size": [13, 7]},
								"west": {"uv": [74, 68], "uv_size": [12, 7]},
								"up": {"uv": [0, 36], "uv_size": [13, 12]},
								"down": {"uv": [13, 48], "uv_size": [13, -12]}
							}
						},
						{
							"origin": [-6, 0.84584, 6.3905],
							"size": [12, 7, 12],
							"pivot": [0, 4.55079, -4.73465],
							"rotation": [2.5, 0, 0],
							"uv": {
								"north": {"uv": [60, 75], "uv_size": [12, 7]},
								"east": {"uv": [72, 75], "uv_size": [12, 7]},
								"south": {"uv": [39, 76], "uv_size": [12, 7]},
								"west": {"uv": [78, 41], "uv_size": [12, 7]},
								"up": {"uv": [26, 37], "uv_size": [12, 12]},
								"down": {"uv": [38, 49], "uv_size": [12, -12]}
							}
						}
					]
				},
				{
					"name": "Tail",
					"parent": "bone",
					"pivot": [0, 6, 19]
				},
				{
					"name": "bone2",
					"parent": "Tail",
					"pivot": [0, 6, 19],
					"cubes": [
						{
							"origin": [-5, 2, 18.5301],
							"size": [10, 5, 8],
							"pivot": [0, -4.14193, 18.5301],
							"rotation": [7.5, 0, 0],
							"uv": {
								"north": {"uv": [86, 33], "uv_size": [10, 5]},
								"east": {"uv": [90, 50], "uv_size": [8, 5]},
								"south": {"uv": [86, 67], "uv_size": [10, 5]},
								"west": {"uv": [90, 60], "uv_size": [8, 5]},
								"up": {"uv": [27, 79], "uv_size": [10, 8]},
								"down": {"uv": [80, 56], "uv_size": [10, -8]}
							}
						},
						{
							"origin": [-6, 4, 19.0985],
							"size": [12, 5, 7],
							"pivot": [0, 6.57133, 18.0543],
							"rotation": [-2.5, 0, 0],
							"uv": {
								"north": {"uv": [79, 82], "uv_size": [12, 5]},
								"east": {"uv": [19, 93], "uv_size": [7, 5]},
								"south": {"uv": [37, 83], "uv_size": [12, 5]},
								"west": {"uv": [93, 26], "uv_size": [7, 5]},
								"up": {"uv": [78, 60], "uv_size": [12, 7]},
								"down": {"uv": [79, 7], "uv_size": [12, -7]}
							}
						}
					]
				},
				{
					"name": "bone3",
					"parent": "bone2",
					"pivot": [0, 5, 26],
					"cubes": [
						{
							"origin": [-5, 4.3, 24.86752],
							"size": [10, 4, 11],
							"pivot": [0, 6.1749, 24.82331],
							"rotation": [5, 0, 0],
							"uv": {
								"north": {"uv": [91, 0], "uv_size": [10, 4]},
								"east": {"uv": [90, 42], "uv_size": [11, 4]},
								"south": {"uv": [91, 82], "uv_size": [10, 4]},
								"west": {"uv": [90, 46], "uv_size": [11, 4]},
								"up": {"uv": [34, 13], "uv_size": [10, 11]},
								"down": {"uv": [53, 32], "uv_size": [10, -11]}
							}
						},
						{
							"origin": [-3, 2.75133, 24.92638],
							"size": [6, 4, 12],
							"pivot": [0, 3.62623, 24.88217],
							"rotation": [-5, 0, 0],
							"uv": {
								"north": {"uv": [75, 96], "uv_size": [6, 4]},
								"east": {"uv": [89, 11], "uv_size": [12, 4]},
								"south": {"uv": [93, 97], "uv_size": [6, 4]},
								"west": {"uv": [90, 38], "uv_size": [12, 4]},
								"up": {"uv": [67, 82], "uv_size": [6, 12]},
								"down": {"uv": [73, 94], "uv_size": [6, -12]}
							}
						},
						{
							"origin": [-3, 4.3, 24.86752],
							"size": [6, 4, 12],
							"pivot": [0, 6.1749, 24.82331],
							"rotation": [17.5, 0, 0],
							"uv": {
								"north": {"uv": [53, 95], "uv_size": [6, 4]},
								"east": {"uv": [33, 88], "uv_size": [12, 4]},
								"south": {"uv": [96, 67], "uv_size": [6, 4]},
								"west": {"uv": [89, 7], "uv_size": [12, 4]},
								"up": {"uv": [0, 67], "uv_size": [6, 12]},
								"down": {"uv": [0, 91], "uv_size": [6, -12]}
							}
						},
						{
							"origin": [-4, 3.3, 24.86752],
							"size": [8, 2, 11],
							"pivot": [0, 6.1749, 24.82331],
							"rotation": [2.5, 0, 0],
							"uv": {
								"north": {"uv": [99, 97], "uv_size": [8, 2]},
								"east": {"uv": [95, 90], "uv_size": [11, 2]},
								"south": {"uv": [99, 99], "uv_size": [8, 2]},
								"west": {"uv": [98, 56], "uv_size": [11, 2]},
								"up": {"uv": [40, 65], "uv_size": [8, 11]},
								"down": {"uv": [66, 45], "uv_size": [8, -11]}
							}
						}
					]
				},
				{
					"name": "bone4",
					"parent": "bone3",
					"pivot": [0, 5, 36],
					"cubes": [
						{
							"origin": [-3.5, 7.09211, 35.44762],
							"size": [7, 2, 19],
							"pivot": [0, 6.96701, 37.40341],
							"rotation": [-5, 0, 0],
							"uv": {
								"north": {"uv": [72, 100], "uv_size": [7, 2]},
								"east": {"uv": [89, 15], "uv_size": [19, 2]},
								"south": {"uv": [100, 78], "uv_size": [7, 2]},
								"west": {"uv": [90, 65], "uv_size": [19, 2]},
								"up": {"uv": [46, 13], "uv_size": [7, 19]},
								"down": {"uv": [0, 67], "uv_size": [7, -19]}
							}
						},
						{
							"origin": [-2, 7.76722, 35.04642],
							"size": [4, 4, 18],
							"pivot": [0, 4.64212, 36.00221],
							"rotation": [-5, 0, 0],
							"uv": {
								"north": {"uv": [55, 99], "uv_size": [4, 4]},
								"east": {"uv": [80, 56], "uv_size": [18, 4]},
								"south": {"uv": [10, 100], "uv_size": [4, 4]},
								"west": {"uv": [81, 17], "uv_size": [18, 4]},
								"up": {"uv": [59, 82], "uv_size": [4, 18]},
								"down": {"uv": [63, 100], "uv_size": [4, -18]}
							}
						},
						{
							"origin": [-1, 6.19688, 52.35077],
							"size": [2, 4, 5],
							"pivot": [0, 3.07178, 53.30657],
							"rotation": [-10, 0, 0],
							"uv": {
								"north": {"uv": [63, 27], "uv_size": [2, 4]},
								"east": {"uv": [48, 58], "uv_size": [5, 4]},
								"south": {"uv": [60, 69], "uv_size": [2, 4]},
								"west": {"uv": [98, 58], "uv_size": [5, 4]},
								"up": {"uv": [44, 13], "uv_size": [2, 5]},
								"down": {"uv": [44, 23], "uv_size": [2, -5]}
							}
						},
						{
							"origin": [-2, 4.0517, 56.20759],
							"size": [4, 4, 5],
							"pivot": [0, 0.9266, 57.16338],
							"rotation": [22.5, 0, 0],
							"uv": {
								"north": {"uv": [26, 100], "uv_size": [4, 4]},
								"east": {"uv": [67, 98], "uv_size": [5, 4]},
								"south": {"uv": [100, 26], "uv_size": [4, 4]},
								"west": {"uv": [81, 98], "uv_size": [5, 4]},
								"up": {"uv": [46, 32], "uv_size": [4, 5]},
								"down": {"uv": [74, 46], "uv_size": [4, -5]}
							}
						},
						{
							"origin": [-3, 5.09211, 35.44762],
							"size": [6, 2, 9],
							"pivot": [0, 6.96701, 37.40341],
							"rotation": [-5, 0, 0],
							"uv": {
								"north": {"uv": [0, 91], "uv_size": [6, 2]},
								"east": {"uv": [99, 17], "uv_size": [9, 2]},
								"south": {"uv": [101, 2], "uv_size": [6, 2]},
								"west": {"uv": [99, 19], "uv_size": [9, 2]},
								"up": {"uv": [21, 84], "uv_size": [6, 9]},
								"down": {"uv": [49, 95], "uv_size": [6, -9]}
							}
						},
						{
							"origin": [-2.5, 3.92116, 35.20147],
							"size": [5, 2, 19],
							"pivot": [0, 12.79607, 37.15726],
							"rotation": [5, 0, 0],
							"uv": {
								"north": {"uv": [101, 42], "uv_size": [5, 2]},
								"east": {"uv": [91, 4], "uv_size": [19, 2]},
								"south": {"uv": [101, 44], "uv_size": [5, 2]},
								"west": {"uv": [85, 92], "uv_size": [19, 2]},
								"up": {"uv": [7, 64], "uv_size": [5, 19]},
								"down": {"uv": [12, 83], "uv_size": [5, -19]}
							}
						},
						{
							"origin": [-2.5, 1.92116, 35.20147],
							"size": [5, 2, 19],
							"pivot": [0, 12.79607, 37.15726],
							"rotation": [5, 0, 0],
							"uv": {
								"north": {"uv": [101, 46], "uv_size": [5, 2]},
								"east": {"uv": [0, 93], "uv_size": [19, 2]},
								"south": {"uv": [101, 48], "uv_size": [5, 2]},
								"west": {"uv": [93, 21], "uv_size": [19, 2]},
								"up": {"uv": [17, 65], "uv_size": [5, 19]},
								"down": {"uv": [22, 84], "uv_size": [5, -19]}
							}
						}
					]
				},
				{
					"name": "Neck",
					"parent": "bone",
					"pivot": [0, 7, -18]
				},
				{
					"name": "bone5",
					"parent": "Neck",
					"pivot": [0, 7, -18],
					"cubes": [
						{
							"origin": [-7, 1.6, -23],
							"size": [14, 9, 6],
							"uv": {
								"north": {"uv": [25, 49], "uv_size": [14, 9]},
								"east": {"uv": [27, 87], "uv_size": [6, 9]},
								"south": {"uv": [39, 49], "uv_size": [14, 9]},
								"west": {"uv": [79, 87], "uv_size": [6, 9]},
								"up": {"uv": [79, 21], "uv_size": [14, 6]},
								"down": {"uv": [79, 33], "uv_size": [14, -6]}
							}
						},
						{
							"origin": [-8, 9.67454, -22.80812],
							"size": [16, 3, 6],
							"pivot": [8, 7.07454, -17.80812],
							"rotation": [5, 0, 0],
							"uv": {
								"north": {"uv": [84, 79], "uv_size": [16, 3]},
								"east": {"uv": [19, 55], "uv_size": [6, 3]},
								"south": {"uv": [86, 72], "uv_size": [16, 3]},
								"west": {"uv": [43, 99], "uv_size": [6, 3]},
								"up": {"uv": [62, 62], "uv_size": [16, 6]},
								"down": {"uv": [63, 27], "uv_size": [16, -6]}
							}
						}
					]
				},
				{
					"name": "Head",
					"parent": "bone5",
					"pivot": [0, 11, -24]
				},
				{
					"name": "bone6",
					"parent": "Head",
					"pivot": [0, 11, -24],
					"cubes": [
						{
							"origin": [-7.5, 8.23626, -30.37261],
							"size": [15, 4, 7],
							"pivot": [7, 12.53689, -23.26379],
							"rotation": [17.5, 0, 0],
							"uv": {
								"north": {"uv": [6, 84], "uv_size": [15, 4]},
								"east": {"uv": [39, 95], "uv_size": [7, 4]},
								"south": {"uv": [84, 75], "uv_size": [15, 4]},
								"west": {"uv": [46, 95], "uv_size": [7, 4]},
								"up": {"uv": [53, 55], "uv_size": [15, 7]},
								"down": {"uv": [19, 65], "uv_size": [15, -7]}
							}
						},
						{
							"origin": [2, 11.00532, -27.91005],
							"size": [2, 1, 2],
							"pivot": [3, 10.53689, -26.26379],
							"rotation": [17.10967, 3.73171, -11.93845],
							"uv": {
								"north": {"uv": [44, 23], "uv_size": [2, 1]},
								"east": {"uv": [17, 64], "uv_size": [2, 1]},
								"south": {"uv": [72, 45], "uv_size": [2, 1]},
								"west": {"uv": [78, 52], "uv_size": [2, 1]},
								"up": {"uv": [50, 46], "uv_size": [2, 2]},
								"down": {"uv": [65, 55], "uv_size": [2, -2]}
							}
						},
						{
							"origin": [-4, 11.00532, -27.91005],
							"size": [2, 1, 2],
							"pivot": [-3, 10.53689, -26.26379],
							"rotation": [17.10967, -3.73171, 11.93845],
							"uv": {
								"north": {"uv": [49, 83], "uv_size": [2, 1]},
								"east": {"uv": [83, 67], "uv_size": [2, 1]},
								"south": {"uv": [84, 33], "uv_size": [2, 1]},
								"west": {"uv": [49, 84], "uv_size": [2, 1]},
								"up": {"uv": [78, 50], "uv_size": [2, 2]},
								"down": {"uv": [37, 81], "uv_size": [2, -2]}
							}
						},
						{
							"origin": [-5, 9.45084, -34.55857],
							"size": [10, 2, 5],
							"pivot": [7, 10.75148, -22.44975],
							"rotation": [10, 0, 0],
							"uv": {
								"north": {"uv": [68, 60], "uv_size": [10, 2]},
								"east": {"uv": [101, 82], "uv_size": [5, 2]},
								"south": {"uv": [98, 62], "uv_size": [10, 2]},
								"west": {"uv": [101, 84], "uv_size": [5, 2]},
								"up": {"uv": [85, 87], "uv_size": [10, 5]},
								"down": {"uv": [6, 93], "uv_size": [10, -5]}
							}
						},
						{
							"origin": [-4, 7.36792, -38.14876],
							"size": [8, 2, 4],
							"uv": {
								"north": {"uv": [30, 100], "uv_size": [8, 2]},
								"east": {"uv": [75, 94], "uv_size": [4, 2]},
								"south": {"uv": [59, 100], "uv_size": [8, 2]},
								"west": {"uv": [81, 96], "uv_size": [4, 2]},
								"up": {"uv": [67, 94], "uv_size": [8, 4]},
								"down": {"uv": [85, 98], "uv_size": [8, -4]}
							}
						},
						{
							"origin": [-3, 6.95496, -38.3131],
							"size": [6, 2, 4],
							"pivot": [7, 8.41112, -36.34556],
							"rotation": [-12.5, 0, 0],
							"uv": {
								"north": {"uv": [101, 6], "uv_size": [6, 2]},
								"east": {"uv": [35, 102], "uv_size": [4, 2]},
								"south": {"uv": [101, 8], "uv_size": [6, 2]},
								"west": {"uv": [59, 102], "uv_size": [4, 2]},
								"up": {"uv": [0, 98], "uv_size": [6, 4]},
								"down": {"uv": [16, 102], "uv_size": [6, -4]}
							}
						},
						{
							"origin": [-3.5, 6.72117, -34.5418],
							"size": [7, 2, 4],
							"pivot": [7, 8.17733, -36.57427],
							"rotation": [-5, 0, 0],
							"uv": {
								"north": {"uv": [100, 80], "uv_size": [7, 2]},
								"east": {"uv": [63, 102], "uv_size": [4, 2]},
								"south": {"uv": [101, 0], "uv_size": [7, 2]},
								"west": {"uv": [67, 102], "uv_size": [4, 2]},
								"up": {"uv": [95, 86], "uv_size": [7, 4]},
								"down": {"uv": [26, 100], "uv_size": [7, -4]}
							}
						},
						{
							"origin": [-6, 6.4627, -30.62241],
							"size": [12, 3, 9],
							"pivot": [7, 7.91886, -36.65488],
							"rotation": [-2.5, 0, 0],
							"uv": {
								"north": {"uv": [33, 92], "uv_size": [12, 3]},
								"east": {"uv": [96, 31], "uv_size": [9, 3]},
								"south": {"uv": [93, 23], "uv_size": [12, 3]},
								"west": {"uv": [96, 34], "uv_size": [9, 3]},
								"up": {"uv": [53, 46], "uv_size": [12, 9]},
								"down": {"uv": [7, 64], "uv_size": [12, -9]}
							}
						}
					]
				},
				{
					"name": "Jaw",
					"parent": "bone6",
					"pivot": [0, 4, -24]
				},
				{
					"name": "bone7",
					"parent": "Jaw",
					"pivot": [0, 4, -23],
					"rotation": [-7.5, 0, 0],
					"cubes": [
						{
							"origin": [-4, 3.5, -32],
							"size": [8, 3, 10],
							"pivot": [0, 5, -23],
							"rotation": [2.5, 0, 0],
							"uv": {
								"north": {"uv": [98, 50], "uv_size": [8, 3]},
								"east": {"uv": [93, 94], "uv_size": [10, 3]},
								"south": {"uv": [98, 53], "uv_size": [8, 3]},
								"west": {"uv": [0, 95], "uv_size": [10, 3]},
								"up": {"uv": [51, 76], "uv_size": [8, 10]},
								"down": {"uv": [81, 17], "uv_size": [8, -10]}
							}
						},
						{
							"origin": [-3, 1.67384, -26.69115],
							"size": [6, 2, 5],
							"pivot": [8, 5.17384, -22.69115],
							"rotation": [-5, 0, 0],
							"uv": {
								"north": {"uv": [101, 10], "uv_size": [6, 2]},
								"east": {"uv": [100, 101], "uv_size": [5, 2]},
								"south": {"uv": [101, 12], "uv_size": [6, 2]},
								"west": {"uv": [0, 102], "uv_size": [5, 2]},
								"up": {"uv": [10, 95], "uv_size": [6, 5]},
								"down": {"uv": [33, 100], "uv_size": [6, -5]}
							}
						},
						{
							"origin": [-2, 1.28801, -31.43397],
							"size": [4, 2, 5],
							"pivot": [8, 4.78801, -22.43397],
							"rotation": [-10, 0, 0],
							"uv": {
								"north": {"uv": [102, 67], "uv_size": [4, 2]},
								"east": {"uv": [14, 102], "uv_size": [5, 2]},
								"south": {"uv": [102, 69], "uv_size": [4, 2]},
								"west": {"uv": [30, 102], "uv_size": [5, 2]},
								"up": {"uv": [6, 98], "uv_size": [4, 5]},
								"down": {"uv": [22, 103], "uv_size": [4, -5]}
							}
						},
						{
							"origin": [-2.5, 1.28801, -33.43397],
							"size": [5, 2, 2],
							"pivot": [8, 4.78801, -22.43397],
							"rotation": [-10, 0, 0],
							"uv": {
								"north": {"uv": [102, 37], "uv_size": [5, 2]},
								"east": {"uv": [60, 73], "uv_size": [2, 2]},
								"south": {"uv": [102, 39], "uv_size": [5, 2]},
								"west": {"uv": [78, 48], "uv_size": [2, 2]},
								"up": {"uv": [43, 102], "uv_size": [5, 2]},
								"down": {"uv": [48, 104], "uv_size": [5, -2]}
							}
						},
						{
							"origin": [-2, 3.42471, -38.57006],
							"size": [4, 1, 5],
							"pivot": [8, 4.32743, -34.28561],
							"rotation": [-17.5, 0, 0],
							"uv": {
								"north": {"uv": [33, 87], "uv_size": [4, 1]},
								"east": {"uv": [91, 6], "uv_size": [5, 1]},
								"south": {"uv": [91, 86], "uv_size": [4, 1]},
								"west": {"uv": [96, 6], "uv_size": [5, 1]},
								"up": {"uv": [86, 98], "uv_size": [4, 5]},
								"down": {"uv": [39, 104], "uv_size": [4, -5]}
							}
						},
						{
							"origin": [-2.25, 5.10743, -37.01808],
							"size": [4.5, 1, 5],
							"pivot": [0, 5.2181, -32.00476],
							"rotation": [5, 0, 0],
							"uv": {
								"north": {"uv": [48, 12], "uv_size": [5, 1]},
								"east": {"uv": [78, 67], "uv_size": [5, 1]},
								"south": {"uv": [79, 33], "uv_size": [5, 1]},
								"west": {"uv": [6, 83], "uv_size": [5, 1]},
								"up": {"uv": [48, 7], "uv_size": [5, 5]},
								"down": {"uv": [16, 93], "uv_size": [5, -5]}
							}
						},
						{
							"origin": [-3, 4.10743, -35.4],
							"size": [6, 1, 3.4],
							"pivot": [0, 5.2181, -32.00476],
							"rotation": [5, 0, 0],
							"uv": {
								"north": {"uv": [26, 36], "uv_size": [6, 1]},
								"east": {"uv": [50, 48], "uv_size": [3, 1]},
								"south": {"uv": [66, 45], "uv_size": [6, 1]},
								"west": {"uv": [63, 31], "uv_size": [3, 1]},
								"up": {"uv": [49, 99], "uv_size": [6, 3]},
								"down": {"uv": [99, 78], "uv_size": [6, -3]}
							}
						},
						{
							"origin": [-2.5, 3.27773, -39.09188],
							"size": [5, 1, 2],
							"pivot": [0, 3.3884, -29.07856],
							"rotation": [-10, 0, 0],
							"uv": {
								"north": {"uv": [11, 83], "uv_size": [5, 1]},
								"east": {"uv": [37, 81], "uv_size": [2, 1]},
								"south": {"uv": [90, 55], "uv_size": [5, 1]},
								"west": {"uv": [37, 82], "uv_size": [2, 1]},
								"up": {"uv": [90, 101], "uv_size": [5, 2]},
								"down": {"uv": [95, 103], "uv_size": [5, -2]}
							}
						}
					]
				},
				{
					"name": "Leg",
					"parent": "tiktaalik",
					"pivot": [8, 5, -16]
				},
				{
					"name": "bone8",
					"parent": "Leg",
					"pivot": [8, 5, -16],
					"cubes": [
						{
							"origin": [8, 1, -17],
							"size": [0, 6, 4],
							"pivot": [8, 5, -16],
							"rotation": [0, 0, -30],
							"uv": {
								"north": {"uv": [0, 0], "uv_size": [0, 6]},
								"east": {"uv": [55, 86], "uv_size": [4, 6]},
								"south": {"uv": [0, 0], "uv_size": [0, 6]},
								"west": {"uv": [45, 88], "uv_size": [4, 6]},
								"up": {"uv": [0, 0], "uv_size": [0, 4]},
								"down": {"uv": [0, 4], "uv_size": [0, -4]}
							}
						}
					]
				},
				{
					"name": "bone9",
					"parent": "bone8",
					"pivot": [10, 2, -16],
					"cubes": [
						{
							"origin": [11.38, -3.91299, -16.51644],
							"size": [0, 4, 4],
							"pivot": [7.37241, -1.91299, -15.51644],
							"rotation": [15, 0, -30],
							"uv": {
								"north": {"uv": [0, 0], "uv_size": [0, 3]},
								"east": {"uv": [86, 38], "uv_size": [4, 3]},
								"south": {"uv": [0, 0], "uv_size": [0, 3]},
								"west": {"uv": [55, 92], "uv_size": [4, 3]},
								"up": {"uv": [0, 0], "uv_size": [0, 4]},
								"down": {"uv": [0, 4], "uv_size": [0, -4]}
							}
						}
					]
				},
				{
					"name": "Leg3",
					"parent": "tiktaalik",
					"pivot": [8, 9, 3]
				},
				{
					"name": "bone12",
					"parent": "Leg3",
					"pivot": [8, 5, 3],
					"cubes": [
						{
							"origin": [8, 1, 2],
							"size": [0, 6, 4],
							"pivot": [8, 5, 3],
							"rotation": [0, 0, -30],
							"uv": {
								"north": {"uv": [0, 0], "uv_size": [0, 6]},
								"east": {"uv": [55, 86], "uv_size": [4, 6]},
								"south": {"uv": [0, 0], "uv_size": [0, 6]},
								"west": {"uv": [45, 88], "uv_size": [4, 6]},
								"up": {"uv": [0, 0], "uv_size": [0, 4]},
								"down": {"uv": [0, 4], "uv_size": [0, -4]}
							}
						}
					]
				},
				{
					"name": "bone13",
					"parent": "bone12",
					"pivot": [10, 2, 3],
					"cubes": [
						{
							"origin": [11.38, -5.91299, 2.48356],
							"size": [0, 6, 4],
							"pivot": [7.37241, -1.91299, 3.48356],
							"rotation": [15, 0, -30],
							"uv": {
								"north": {"uv": [0, 0], "uv_size": [0, 3]},
								"east": {"uv": [86, 38], "uv_size": [4, 3]},
								"south": {"uv": [0, 0], "uv_size": [0, 3]},
								"west": {"uv": [55, 92], "uv_size": [4, 3]},
								"up": {"uv": [0, 0], "uv_size": [0, 4]},
								"down": {"uv": [0, 4], "uv_size": [0, -4]}
							}
						}
					]
				},
				{
					"name": "Leg4",
					"parent": "tiktaalik",
					"pivot": [-8, 5, 3]
				},
				{
					"name": "bone14",
					"parent": "Leg4",
					"pivot": [-8, 5, 3],
					"cubes": [
						{
							"origin": [-8, 1, 2],
							"size": [0, 6, 4],
							"pivot": [-8, 5, 3],
							"rotation": [0, 0, 30],
							"uv": {
								"north": {"uv": [0, 0], "uv_size": [0, 6]},
								"east": {"uv": [49, 88], "uv_size": [-4, 6]},
								"south": {"uv": [0, 0], "uv_size": [0, 6]},
								"west": {"uv": [59, 86], "uv_size": [-4, 6]},
								"up": {"uv": [0, 0], "uv_size": [0, 4]},
								"down": {"uv": [0, 4], "uv_size": [0, -4]}
							}
						}
					]
				},
				{
					"name": "bone15",
					"parent": "bone14",
					"pivot": [-10, 2, 3],
					"cubes": [
						{
							"origin": [-11.38, -5.91299, 2.48356],
							"size": [0, 6, 4],
							"pivot": [-7.37241, -1.91299, 3.48356],
							"rotation": [15, 0, 30],
							"uv": {
								"north": {"uv": [0, 0], "uv_size": [0, 3]},
								"east": {"uv": [59, 92], "uv_size": [-4, 3]},
								"south": {"uv": [0, 0], "uv_size": [0, 3]},
								"west": {"uv": [90, 38], "uv_size": [-4, 3]},
								"up": {"uv": [0, 0], "uv_size": [0, 4]},
								"down": {"uv": [0, 4], "uv_size": [0, -4]}
							}
						}
					]
				},
				{
					"name": "Leg2",
					"parent": "tiktaalik",
					"pivot": [-8, 5, -16]
				},
				{
					"name": "bone10",
					"parent": "Leg2",
					"pivot": [-8, 5, -16],
					"cubes": [
						{
							"origin": [-8, 1, -17],
							"size": [0, 6, 4],
							"pivot": [-8, 5, -16],
							"rotation": [0, 0, 30],
							"uv": {
								"north": {"uv": [0, 0], "uv_size": [0, 6]},
								"east": {"uv": [49, 88], "uv_size": [-4, 6]},
								"south": {"uv": [0, 0], "uv_size": [0, 6]},
								"west": {"uv": [59, 86], "uv_size": [-4, 6]},
								"up": {"uv": [0, 0], "uv_size": [0, 4]},
								"down": {"uv": [0, 4], "uv_size": [0, -4]}
							}
						}
					]
				},
				{
					"name": "bone11",
					"parent": "bone10",
					"pivot": [-10, 2, -16],
					"cubes": [
						{
							"origin": [-11.38, -3.91299, -16.51644],
							"size": [0, 4, 4],
							"pivot": [-7.37241, -1.91299, -15.51644],
							"rotation": [15, 0, 30],
							"uv": {
								"north": {"uv": [0, 0], "uv_size": [0, 3]},
								"east": {"uv": [59, 92], "uv_size": [-4, 3]},
								"south": {"uv": [0, 0], "uv_size": [0, 3]},
								"west": {"uv": [90, 38], "uv_size": [-4, 3]},
								"up": {"uv": [0, 0], "uv_size": [0, 4]},
								"down": {"uv": [0, 4], "uv_size": [0, -4]}
							}
						}
					]
				}
			]
		}
	]
}