{
	"format_version": "1.12.0",
	"minecraft:geometry": [
		{
			"description": {
				"identifier": "geometry.tsaangan",
				"texture_width": 128,
				"texture_height": 128,
				"visible_bounds_width": 9,
				"visible_bounds_height": 3.5,
				"visible_bounds_offset": [
					0,
					1.25,
					0
				]
			},
			"bones": [
				{
					"name": "bone",
					"pivot": [
						0,
						19,
						4
					],
					"cubes": [
						{
							"origin": [
								-4,
								17,
								-1
							],
							"size": [
								8,
								5,
								11
							],
							"pivot": [
								0,
								19,
								4
							],
							"rotation": [
								-12.5,
								0,
								0
							],
							"uv": [
								0,
								0
							]
						},
						{
							"origin": [
								-3.9,
								16.00585,
								-5.21106
							],
							"size": [
								4,
								7,
								5
							],
							"uv": [
								65,
								63
							]
						},
						{
							"origin": [
								-0.1,
								15.00585,
								-5.21106
							],
							"size": [
								4,
								8,
								5
							],
							"uv": [
								65,
								0
							]
						},
						{
							"origin": [
								-0.2,
								15.00585,
								-10.21106
							],
							"size": [
								4,
								8,
								5
							],
							"pivot": [
								0,
								23,
								-5
							],
							"rotation": [
								17.5,
								0,
								0
							],
							"uv": [
								64,
								46
							]
						},
						{
							"origin": [
								-3.8,
								15.00585,
								-10.21106
							],
							"size": [
								4,
								8,
								5
							],
							"pivot": [
								0,
								23,
								-5
							],
							"rotation": [
								17.5,
								0,
								0
							],
							"uv": [
								35,
								63
							]
						},
						{
							"origin": [
								-3.8,
								12.92889,
								-1.64932
							],
							"size": [
								4,
								7,
								6
							],
							"pivot": [
								0,
								16,
								4
							],
							"rotation": [
								2.5,
								0,
								0
							],
							"uv": [
								0,
								46
							]
						},
						{
							"origin": [
								-0.2,
								12.92889,
								-1.64932
							],
							"size": [
								4,
								7,
								6
							],
							"pivot": [
								0,
								16,
								4
							],
							"rotation": [
								2.5,
								0,
								0
							],
							"uv": [
								44,
								14
							]
						},
						{
							"origin": [
								-3.9,
								12.92603,
								4.48154
							],
							"size": [
								4,
								6,
								6
							],
							"pivot": [
								0,
								13,
								4
							],
							"rotation": [
								27.5,
								0,
								0
							],
							"uv": [
								0,
								59
							]
						},
						{
							"origin": [
								-0.1,
								12.92603,
								4.48154
							],
							"size": [
								4,
								6,
								6
							],
							"pivot": [
								0,
								13,
								4
							],
							"rotation": [
								27.5,
								0,
								0
							],
							"uv": [
								58,
								21
							]
						},
						{
							"origin": [
								-3.7,
								12.66432,
								-7.52417
							],
							"size": [
								4,
								6,
								6
							],
							"pivot": [
								0,
								13,
								-2
							],
							"rotation": [
								-10,
								0,
								0
							],
							"uv": [
								50,
								56
							]
						},
						{
							"origin": [
								-0.3,
								12.66432,
								-7.52417
							],
							"size": [
								4,
								6,
								6
							],
							"pivot": [
								0,
								13,
								-2
							],
							"rotation": [
								-10,
								0,
								0
							],
							"uv": [
								20,
								52
							]
						}
					]
				},
				{
					"name": "bone2",
					"parent": "bone",
					"pivot": [
						0,
						18,
						10
					],
					"cubes": [
						{
							"origin": [
								-3,
								17,
								9
							],
							"size": [
								6,
								3,
								12
							],
							"pivot": [
								0,
								18,
								10
							],
							"rotation": [
								5,
								0,
								0
							],
							"uv": [
								0,
								16
							]
						},
						{
							"origin": [
								-2.9,
								16,
								7
							],
							"size": [
								3,
								3,
								8
							],
							"pivot": [
								0,
								18,
								10
							],
							"rotation": [
								17.5,
								0,
								0
							],
							"uv": [
								43,
								3
							]
						},
						{
							"origin": [
								-0.1,
								16,
								7
							],
							"size": [
								3,
								3,
								8
							],
							"pivot": [
								0,
								18,
								10
							],
							"rotation": [
								17.5,
								0,
								0
							],
							"uv": [
								24,
								41
							]
						}
					]
				},
				{
					"name": "bone3",
					"parent": "bone2",
					"pivot": [
						0,
						20,
						21
					],
					"cubes": [
						{
							"origin": [
								-2,
								19,
								20
							],
							"size": [
								4,
								2,
								13
							],
							"pivot": [
								0,
								20,
								21
							],
							"rotation": [
								2.5,
								0,
								0
							],
							"uv": [
								23,
								26
							]
						}
					]
				},
				{
					"name": "bone4",
					"parent": "bone3",
					"pivot": [
						0,
						21,
						33
					],
					"cubes": [
						{
							"origin": [
								-1,
								20,
								33
							],
							"size": [
								2,
								1,
								14
							],
							"pivot": [
								0,
								21,
								33
							],
							"rotation": [
								-2.5,
								0,
								0
							],
							"uv": [
								0,
								31
							]
						},
						{
							"origin": [
								-5,
								20.5,
								38
							],
							"size": [
								10,
								0,
								10
							],
							"pivot": [
								0,
								21,
								33
							],
							"rotation": [
								-2.5,
								0,
								0
							],
							"uv": [
								14,
								16
							]
						},
						{
							"origin": [
								-4,
								20.5,
								33
							],
							"size": [
								8,
								0,
								5
							],
							"pivot": [
								0,
								21,
								33
							],
							"rotation": [
								-2.5,
								0,
								0
							],
							"uv": [
								13,
								31
							]
						},
						{
							"origin": [
								-6,
								20.5,
								48
							],
							"size": [
								12,
								0,
								3
							],
							"pivot": [
								0,
								21,
								33
							],
							"rotation": [
								-2.5,
								0,
								0
							],
							"uv": [
								24,
								6
							]
						},
						{
							"origin": [
								-7,
								20.5,
								51
							],
							"size": [
								14,
								0,
								3
							],
							"pivot": [
								0,
								21,
								33
							],
							"rotation": [
								-2.5,
								0,
								0
							],
							"uv": [
								24,
								0
							]
						},
						{
							"origin": [
								-6,
								20.5,
								54
							],
							"size": [
								12,
								0,
								3
							],
							"pivot": [
								0,
								21,
								33
							],
							"rotation": [
								-2.5,
								0,
								0
							],
							"uv": [
								24,
								3
							]
						},
						{
							"origin": [
								-5,
								20.5,
								57
							],
							"size": [
								10,
								0,
								3
							],
							"pivot": [
								0,
								21,
								33
							],
							"rotation": [
								-2.5,
								0,
								0
							],
							"uv": [
								58,
								38
							]
						}
					]
				},
				{
					"name": "bone5",
					"parent": "bone",
					"pivot": [
						0,
						19,
						-9
					],
					"cubes": [
						{
							"origin": [
								-2,
								16.74558,
								-12.65301
							],
							"size": [
								4,
								4,
								5
							],
							"pivot": [
								0,
								20,
								-8
							],
							"rotation": [
								-15,
								0,
								0
							],
							"uv": [
								0,
								71
							]
						},
						{
							"origin": [
								-0.2,
								15.08718,
								-14.37745
							],
							"size": [
								2,
								3,
								6
							],
							"pivot": [
								0,
								16,
								-9
							],
							"rotation": [
								-25,
								0,
								0
							],
							"uv": [
								63,
								75
							]
						},
						{
							"origin": [
								-1.8,
								15.08718,
								-14.37745
							],
							"size": [
								2,
								3,
								6
							],
							"pivot": [
								0,
								16,
								-9
							],
							"rotation": [
								-25,
								0,
								0
							],
							"uv": [
								75,
								35
							]
						},
						{
							"origin": [
								-1.9,
								15.08718,
								-9.37745
							],
							"size": [
								2,
								4,
								3
							],
							"pivot": [
								0,
								16,
								-9
							],
							"rotation": [
								-27.5,
								0,
								0
							],
							"uv": [
								78,
								27
							]
						},
						{
							"origin": [
								-0.1,
								15.08718,
								-9.37745
							],
							"size": [
								2,
								4,
								3
							],
							"pivot": [
								0,
								16,
								-9
							],
							"rotation": [
								-27.5,
								0,
								0
							],
							"uv": [
								77,
								44
							]
						},
						{
							"origin": [
								-1.7,
								17.20282,
								-19.18513
							],
							"size": [
								1.7,
								4,
								7
							],
							"pivot": [
								0,
								19,
								-13
							],
							"rotation": [
								-47.5,
								0,
								0
							],
							"uv": [
								24,
								69
							]
						},
						{
							"origin": [
								0,
								17.20282,
								-19.18513
							],
							"size": [
								1.7,
								4,
								7
							],
							"pivot": [
								0,
								19,
								-13
							],
							"rotation": [
								-47.5,
								0,
								0
							],
							"uv": [
								53,
								68
							]
						},
						{
							"origin": [
								-1.9,
								21.23774,
								-15.56043
							],
							"size": [
								2,
								2,
								5
							],
							"pivot": [
								0,
								23,
								-14
							],
							"rotation": [
								-37.5,
								0,
								0
							],
							"uv": [
								35,
								76
							]
						},
						{
							"origin": [
								-0.1,
								21.23774,
								-15.56043
							],
							"size": [
								2,
								2,
								5
							],
							"pivot": [
								0,
								23,
								-14
							],
							"rotation": [
								-37.5,
								0,
								0
							],
							"uv": [
								44,
								27
							]
						},
						{
							"origin": [
								-2,
								22.12516,
								-19.27094
							],
							"size": [
								4,
								3,
								2
							],
							"pivot": [
								0,
								22,
								-17
							],
							"rotation": [
								-70,
								0,
								0
							],
							"uv": [
								44,
								34
							]
						},
						{
							"origin": [
								-1.9,
								22.21972,
								-17.1359
							],
							"size": [
								2,
								3,
								2
							],
							"pivot": [
								0,
								25,
								-15
							],
							"rotation": [
								-25,
								0,
								0
							],
							"uv": [
								44,
								76
							]
						},
						{
							"origin": [
								-0.1,
								22.21972,
								-17.1359
							],
							"size": [
								2,
								3,
								2
							],
							"pivot": [
								0,
								25,
								-15
							],
							"rotation": [
								-25,
								0,
								0
							],
							"uv": [
								56,
								51
							]
						},
						{
							"origin": [
								-0.2,
								21.15864,
								-18.90067
							],
							"size": [
								2,
								5,
								2
							],
							"pivot": [
								0,
								26,
								-17
							],
							"rotation": [
								-2.5,
								0,
								0
							],
							"uv": [
								26,
								81
							]
						},
						{
							"origin": [
								-1.8,
								21.15864,
								-18.90067
							],
							"size": [
								2,
								5,
								2
							],
							"pivot": [
								0,
								26,
								-17
							],
							"rotation": [
								-2.5,
								0,
								0
							],
							"uv": [
								79,
								80
							]
						}
					]
				},
				{
					"name": "bone6",
					"parent": "bone5",
					"pivot": [
						1,
						24,
						-19
					],
					"rotation": [
						-5,
						0,
						0
					],
					"cubes": [
						{
							"origin": [
								-2.06,
								23.29569,
								-20.64239
							],
							"size": [
								2.06,
								3.18,
								3.18
							],
							"pivot": [
								2,
								23.82569,
								-17.99239
							],
							"rotation": [
								32.5,
								0,
								0
							],
							"uv": [
								49,
								79
							]
						},
						{
							"origin": [
								0,
								23.29569,
								-20.64239
							],
							"size": [
								2.06,
								3.18,
								3.18
							],
							"pivot": [
								-2,
								23.82569,
								-17.99239
							],
							"rotation": [
								32.5,
								0,
								0
							],
							"uv": [
								14,
								46
							]
						},
						{
							"origin": [
								-1.76,
								22.43761,
								-24.89009
							],
							"size": [
								2.06,
								1,
								4.77
							],
							"pivot": [
								2,
								22.23569,
								-20.11239
							],
							"rotation": [
								22.5,
								0,
								0
							],
							"uv": [
								38,
								41
							]
						},
						{
							"origin": [
								-0.3,
								22.43761,
								-24.89009
							],
							"size": [
								2.06,
								1,
								4.77
							],
							"pivot": [
								-2,
								22.23569,
								-20.11239
							],
							"rotation": [
								22.5,
								0,
								0
							],
							"uv": [
								0,
								22
							]
						},
						{
							"origin": [
								-1.66,
								20.81713,
								-25.77375
							],
							"size": [
								2.06,
								1,
								1.06
							],
							"pivot": [
								2,
								20.70569,
								-24.94239
							],
							"rotation": [
								-5,
								0,
								0
							],
							"uv": [
								39,
								9
							]
						},
						{
							"origin": [
								-0.4,
								20.81713,
								-25.77375
							],
							"size": [
								2.06,
								1,
								1.06
							],
							"pivot": [
								-2,
								20.70569,
								-24.94239
							],
							"rotation": [
								-5,
								0,
								0
							],
							"uv": [
								33,
								9
							]
						},
						{
							"origin": [
								-1.76,
								21.44303,
								-25.35751
							],
							"size": [
								2.06,
								1,
								1.06
							],
							"pivot": [
								2,
								22.23569,
								-24.94239
							],
							"rotation": [
								-30,
								0,
								0
							],
							"uv": [
								30,
								26
							]
						},
						{
							"origin": [
								-0.3,
								21.44303,
								-25.35751
							],
							"size": [
								2.06,
								1,
								1.06
							],
							"pivot": [
								-2,
								22.23569,
								-24.94239
							],
							"rotation": [
								-30,
								0,
								0
							],
							"uv": [
								27,
								9
							]
						},
						{
							"origin": [
								-1.8,
								21.32569,
								-23.34506
							],
							"size": [
								1.8,
								1.8,
								2.06
							],
							"pivot": [
								2,
								23.23569,
								-23.41239
							],
							"rotation": [
								-72.5,
								0,
								0
							],
							"uv": [
								38,
								46
							]
						},
						{
							"origin": [
								0,
								21.32569,
								-23.34506
							],
							"size": [
								1.8,
								1.8,
								2.06
							],
							"pivot": [
								-2,
								23.23569,
								-23.41239
							],
							"rotation": [
								-72.5,
								0,
								0
							],
							"uv": [
								21,
								46
							]
						},
						{
							"origin": [
								-1.9,
								22.12639,
								-24.29878
							],
							"size": [
								1.9,
								3,
								2.06
							],
							"pivot": [
								2,
								22.23569,
								-23.41239
							],
							"rotation": [
								-55,
								0,
								0
							],
							"uv": [
								0,
								46
							]
						},
						{
							"origin": [
								0,
								22.12639,
								-24.29878
							],
							"size": [
								1.9,
								3,
								2.06
							],
							"pivot": [
								-2,
								22.23569,
								-23.41239
							],
							"rotation": [
								-55,
								0,
								0
							],
							"uv": [
								44,
								14
							]
						}
					]
				},
				{
					"name": "bone8",
					"parent": "bone6",
					"pivot": [
						2,
						20.64569,
						-24.35239
					]
				},
				{
					"name": "bone7",
					"parent": "bone6",
					"pivot": [
						0,
						22.61569,
						-18.41239
					],
					"rotation": [
						-32.5,
						0,
						0
					],
					"cubes": [
						{
							"origin": [
								-2,
								20.58118,
								-19.73885
							],
							"size": [
								2,
								2.12,
								1.59
							],
							"pivot": [
								2,
								22.70118,
								-19.20885
							],
							"rotation": [
								47.5,
								0,
								0
							],
							"uv": [
								28,
								36
							]
						},
						{
							"origin": [
								0,
								20.58118,
								-19.73885
							],
							"size": [
								2,
								2.12,
								1.59
							],
							"pivot": [
								-2,
								22.70118,
								-19.20885
							],
							"rotation": [
								47.5,
								0,
								0
							],
							"uv": [
								22,
								36
							]
						},
						{
							"origin": [
								-1.5,
								21.23764,
								-21.23077
							],
							"size": [
								3,
								1.06,
								3.18
							],
							"pivot": [
								2,
								21.11118,
								-17.61885
							],
							"rotation": [
								45,
								0,
								0
							],
							"uv": [
								18,
								41
							]
						},
						{
							"origin": [
								-1.4,
								19.11426,
								-23.40503
							],
							"size": [
								2,
								1,
								3.18
							],
							"pivot": [
								2,
								19.11118,
								-19.61885
							],
							"rotation": [
								40,
								0,
								0
							],
							"uv": [
								78,
								0
							]
						},
						{
							"origin": [
								-0.6,
								19.11426,
								-23.40503
							],
							"size": [
								2,
								1,
								3.18
							],
							"pivot": [
								-2,
								19.11118,
								-19.61885
							],
							"rotation": [
								40,
								0,
								0
							],
							"uv": [
								67,
								41
							]
						},
						{
							"origin": [
								-1.6,
								21.46924,
								-23.05809
							],
							"size": [
								2.6,
								1.06,
								3.71
							],
							"pivot": [
								2,
								22.17118,
								-19.20885
							],
							"rotation": [
								60,
								0,
								0
							],
							"uv": [
								24,
								64
							]
						},
						{
							"origin": [
								-1,
								21.46924,
								-23.05809
							],
							"size": [
								2.6,
								1.06,
								3.71
							],
							"pivot": [
								-2,
								22.17118,
								-19.20885
							],
							"rotation": [
								60,
								0,
								0
							],
							"uv": [
								0,
								0
							]
						},
						{
							"origin": [
								-1.5,
								18.84242,
								-23
							],
							"size": [
								1.5,
								1,
								3
							],
							"pivot": [
								2,
								18.99118,
								-20.79885
							],
							"rotation": [
								45,
								0,
								0
							],
							"uv": [
								82,
								51
							]
						},
						{
							"origin": [
								0,
								18.84242,
								-23
							],
							"size": [
								1.5,
								1,
								3
							],
							"pivot": [
								-2,
								18.99118,
								-20.79885
							],
							"rotation": [
								45,
								0,
								0
							],
							"uv": [
								82,
								22
							]
						},
						{
							"origin": [
								-1,
								15.65331,
								-23.58516
							],
							"size": [
								2,
								1,
								1
							],
							"pivot": [
								2,
								16.99118,
								-23.79885
							],
							"rotation": [
								70,
								0,
								0
							],
							"uv": [
								24,
								26
							]
						}
					]
				},
				{
					"name": "bone9",
					"parent": "bone",
					"pivot": [
						4,
						16,
						-5
					],
					"rotation": [
						1.11877,
						14.9512,
						5.17073
					],
					"cubes": [
						{
							"origin": [
								2.85,
								14.85,
								-6.15
							],
							"size": [
								2.3,
								2.3,
								5.75
							],
							"pivot": [
								4,
								16,
								-5
							],
							"rotation": [
								-32.5,
								0,
								0
							],
							"uv": [
								0,
								38
							]
						},
						{
							"origin": [
								4.15,
								13.85,
								-6.15
							],
							"size": [
								0,
								5.3,
								8.75
							],
							"pivot": [
								4,
								16,
								-5
							],
							"rotation": [
								-32.5,
								0,
								0
							],
							"uv": [
								61,
								25
							]
						}
					]
				},
				{
					"name": "bone10",
					"parent": "bone9",
					"pivot": [
						4.6,
						13.25,
						-3.3
					],
					"rotation": [
						22.48637,
						-0.64686,
						2.41492
					],
					"cubes": [
						{
							"origin": [
								2.68147,
								5.45957,
								-2.65597
							],
							"size": [
								2.3,
								6.9,
								2.3
							],
							"pivot": [
								3.83147,
								12.56003,
								-1.51472
							],
							"rotation": [
								-82.5,
								0,
								0
							],
							"uv": [
								78,
								59
							]
						},
						{
							"origin": [
								4.68147,
								12,
								-1.65597
							],
							"size": [
								0,
								1,
								3.3
							],
							"pivot": [
								3.83147,
								12.56003,
								-1.51472
							],
							"rotation": [
								-82.5,
								0,
								0
							],
							"uv": [
								0,
								24
							]
						},
						{
							"origin": [
								4.68147,
								6,
								-0.65597
							],
							"size": [
								0,
								6.9,
								5.3
							],
							"pivot": [
								3.83147,
								12.56003,
								-1.51472
							],
							"rotation": [
								-82.5,
								0,
								0
							],
							"uv": [
								0,
								11
							]
						}
					]
				},
				{
					"name": "bone11",
					"parent": "bone10",
					"pivot": [
						4.43147,
						13.66003,
						-8.01472
					],
					"cubes": [
						{
							"origin": [
								3.3567,
								9.1144,
								-8.98972
							],
							"size": [
								1.15,
								3.45,
								1.15
							],
							"pivot": [
								3.83147,
								12.56003,
								-8.41472
							],
							"rotation": [
								-25,
								0,
								5
							],
							"uv": [
								8,
								22
							]
						},
						{
							"origin": [
								3.24523,
								7.82298,
								-10.25275
							],
							"size": [
								1,
								1.45,
								1.15
							],
							"pivot": [
								3.83147,
								9.56003,
								-8.41472
							],
							"rotation": [
								-21.16235,
								8.31087,
								23.25612
							],
							"uv": [
								38,
								43
							]
						},
						{
							"origin": [
								3.3567,
								7.9644,
								-8.41472
							],
							"size": [
								1.15,
								4.6,
								1.15
							],
							"pivot": [
								3.83147,
								12.56003,
								-8.41472
							],
							"rotation": [
								-12.54608,
								1.08089,
								0.11794
							],
							"uv": [
								0,
								38
							]
						},
						{
							"origin": [
								3.34659,
								6.83885,
								-9.519
							],
							"size": [
								1.15,
								1,
								1.15
							],
							"pivot": [
								4.83147,
								7.56003,
								-8.41472
							],
							"rotation": [
								-9.52869,
								3.75123,
								12.3414
							],
							"uv": [
								38,
								41
							]
						},
						{
							"origin": [
								3.37366,
								8.00826,
								-7.74155
							],
							"size": [
								1.15,
								4.75,
								1.15
							],
							"pivot": [
								3.83147,
								10.26003,
								-7.26472
							],
							"rotation": [
								2.45392,
								1.08089,
								0.11794
							],
							"uv": [
								18,
								36
							]
						},
						{
							"origin": [
								3.36972,
								7.00517,
								-7.67493
							],
							"size": [
								1.15,
								1,
								1.15
							],
							"pivot": [
								4.83147,
								8.26003,
								-7.26472
							],
							"rotation": [
								5.16522,
								0.29325,
								17.60161
							],
							"uv": [
								27,
								41
							]
						}
					]
				},
				{
					"name": "bone12",
					"parent": "bone11",
					"pivot": [
						4.43147,
						11.36003,
						-9.16472
					]
				},
				{
					"name": "bone13",
					"parent": "bone",
					"pivot": [
						-4,
						16,
						-5
					],
					"rotation": [
						1.11877,
						-14.9512,
						-5.17073
					],
					"cubes": [
						{
							"origin": [
								-5.15,
								14.85,
								-6.15
							],
							"size": [
								2.3,
								2.3,
								5.75
							],
							"pivot": [
								-4,
								16,
								-5
							],
							"rotation": [
								-32.5,
								0,
								0
							],
							"uv": [
								0,
								31
							]
						},
						{
							"origin": [
								-4.15,
								13.85,
								-6.15
							],
							"size": [
								0,
								5.3,
								8.75
							],
							"pivot": [
								-4,
								16,
								-5
							],
							"rotation": [
								-32.5,
								0,
								0
							],
							"uv": [
								58,
								6
							]
						}
					]
				},
				{
					"name": "bone14",
					"parent": "bone13",
					"pivot": [
						-4.6,
						13.25,
						-3.3
					],
					"rotation": [
						22.48637,
						0.64686,
						-2.41492
					],
					"cubes": [
						{
							"origin": [
								-4.98147,
								5.45957,
								-2.65597
							],
							"size": [
								2.3,
								6.9,
								2.3
							],
							"pivot": [
								-3.83147,
								12.56003,
								-1.51472
							],
							"rotation": [
								-82.5,
								0,
								0
							],
							"uv": [
								57,
								0
							]
						},
						{
							"origin": [
								-4.68147,
								12,
								-1.65597
							],
							"size": [
								0,
								1,
								3.3
							],
							"pivot": [
								-3.83147,
								12.56003,
								-1.51472
							],
							"rotation": [
								-82.5,
								0,
								0
							],
							"uv": [
								0,
								1
							]
						},
						{
							"origin": [
								-4.68147,
								6,
								-0.65597
							],
							"size": [
								0,
								6.9,
								5.3
							],
							"pivot": [
								-3.83147,
								12.56003,
								-1.51472
							],
							"rotation": [
								-82.5,
								0,
								0
							],
							"uv": [
								0,
								0
							]
						}
					]
				},
				{
					"name": "bone15",
					"parent": "bone14",
					"pivot": [
						-4.43147,
						13.66003,
						-8.01472
					],
					"cubes": [
						{
							"origin": [
								-4.5067,
								9.1144,
								-8.98972
							],
							"size": [
								1.15,
								3.45,
								1.15
							],
							"pivot": [
								-3.83147,
								12.56003,
								-8.41472
							],
							"rotation": [
								-25,
								0,
								-5
							],
							"uv": [
								0,
								22
							]
						},
						{
							"origin": [
								-4.24523,
								7.82298,
								-10.25275
							],
							"size": [
								1,
								1.45,
								1.15
							],
							"pivot": [
								-3.83147,
								9.56003,
								-8.41472
							],
							"rotation": [
								-21.16235,
								-8.31087,
								-23.25612
							],
							"uv": [
								9,
								40
							]
						},
						{
							"origin": [
								-4.5067,
								7.9644,
								-8.41472
							],
							"size": [
								1.15,
								4.6,
								1.15
							],
							"pivot": [
								-3.83147,
								12.56003,
								-8.41472
							],
							"rotation": [
								-12.54608,
								-1.08089,
								-0.11794
							],
							"uv": [
								9,
								31
							]
						},
						{
							"origin": [
								-4.49659,
								6.83885,
								-9.519
							],
							"size": [
								1.15,
								1,
								1.15
							],
							"pivot": [
								-4.83147,
								7.56003,
								-8.41472
							],
							"rotation": [
								-9.52869,
								-3.75123,
								-12.3414
							],
							"uv": [
								9,
								38
							]
						},
						{
							"origin": [
								-4.52366,
								8.00826,
								-7.74155
							],
							"size": [
								1.15,
								4.75,
								1.15
							],
							"pivot": [
								-3.83147,
								10.26003,
								-7.26472
							],
							"rotation": [
								2.45392,
								-1.08089,
								-0.11794
							],
							"uv": [
								0,
								31
							]
						},
						{
							"origin": [
								-4.51972,
								7.00517,
								-7.67493
							],
							"size": [
								1.15,
								1,
								1.15
							],
							"pivot": [
								-4.83147,
								8.26003,
								-7.26472
							],
							"rotation": [
								5.16522,
								-0.29325,
								-17.60161
							],
							"uv": [
								7,
								0
							]
						}
					]
				},
				{
					"name": "bone17",
					"parent": "bone15",
					"pivot": [
						-4.43147,
						11.36003,
						-9.16472
					]
				},
				{
					"name": "bone16",
					"pivot": [
						4,
						17,
						4
					],
					"cubes": [
						{
							"origin": [
								3,
								10,
								1
							],
							"size": [
								2,
								10,
								6
							],
							"pivot": [
								4,
								17,
								4
							],
							"rotation": [
								-10,
								0,
								0
							],
							"uv": [
								51,
								35
							]
						}
					]
				},
				{
					"name": "bone18",
					"parent": "bone16",
					"pivot": [
						4,
						11,
						1
					],
					"cubes": [
						{
							"origin": [
								3,
								11,
								1
							],
							"size": [
								2,
								3,
								6
							],
							"pivot": [
								4,
								11,
								1
							],
							"rotation": [
								-62.5078,
								-1.29569,
								1.93122
							],
							"uv": [
								12,
								74
							]
						}
					]
				},
				{
					"name": "bone19",
					"parent": "bone18",
					"pivot": [
						4,
						6,
						6
					]
				},
				{
					"name": "bone20",
					"parent": "bone19",
					"pivot": [
						4,
						7,
						5
					],
					"cubes": [
						{
							"origin": [
								3,
								0,
								3.5
							],
							"size": [
								1.8,
								7,
								2
							],
							"pivot": [
								4,
								5,
								5
							],
							"rotation": [
								-17.5,
								0,
								0
							],
							"uv": [
								6,
								80
							]
						}
					]
				},
				{
					"name": "bone21",
					"parent": "bone20",
					"pivot": [
						4,
						1,
						3
					],
					"cubes": [
						{
							"origin": [
								2.5,
								0,
								0
							],
							"size": [
								3,
								1.5,
								4
							],
							"uv": [
								73,
								75
							]
						}
					]
				},
				{
					"name": "bone22",
					"parent": "bone21",
					"pivot": [
						3,
						2,
						3
					],
					"cubes": [
						{
							"origin": [
								2,
								1,
								1
							],
							"size": [
								1,
								1,
								3
							],
							"pivot": [
								3,
								2,
								3
							],
							"rotation": [
								-35.41318,
								8.17773,
								-5.77509
							],
							"uv": [
								70,
								59
							]
						},
						{
							"origin": [
								2.5,
								0,
								0
							],
							"size": [
								0,
								2,
								1
							],
							"pivot": [
								3,
								2,
								3
							],
							"rotation": [
								-35.41318,
								8.17773,
								-5.77509
							],
							"uv": [
								10,
								15
							]
						}
					]
				},
				{
					"name": "bone23",
					"pivot": [
						-4,
						17,
						4
					],
					"cubes": [
						{
							"origin": [
								-5,
								10,
								1
							],
							"size": [
								2,
								10,
								6
							],
							"pivot": [
								-4,
								17,
								4
							],
							"rotation": [
								-10,
								0,
								0
							],
							"uv": [
								40,
								46
							]
						}
					]
				},
				{
					"name": "bone24",
					"parent": "bone23",
					"pivot": [
						-4,
						11,
						1
					],
					"cubes": [
						{
							"origin": [
								-5,
								11,
								1
							],
							"size": [
								2,
								3,
								6
							],
							"pivot": [
								-4,
								11,
								1
							],
							"rotation": [
								-62.5078,
								1.29569,
								-1.93122
							],
							"uv": [
								72,
								13
							]
						}
					]
				},
				{
					"name": "bone25",
					"parent": "bone24",
					"pivot": [
						-4,
						6,
						6
					]
				},
				{
					"name": "bone26",
					"parent": "bone25",
					"pivot": [
						-4,
						7,
						5
					],
					"cubes": [
						{
							"origin": [
								-4.8,
								0,
								3.5
							],
							"size": [
								1.8,
								7,
								2
							],
							"pivot": [
								-4,
								5,
								5
							],
							"rotation": [
								-17.5,
								0,
								0
							],
							"uv": [
								0,
								80
							]
						}
					]
				},
				{
					"name": "bone27",
					"parent": "bone26",
					"pivot": [
						-4,
						1,
						3
					],
					"cubes": [
						{
							"origin": [
								-5.5,
								0,
								0
							],
							"size": [
								3,
								1.5,
								4
							],
							"uv": [
								72,
								22
							]
						}
					]
				},
				{
					"name": "bone28",
					"parent": "bone27",
					"pivot": [
						-3,
						2,
						3
					],
					"cubes": [
						{
							"origin": [
								-3,
								1,
								1
							],
							"size": [
								1,
								1,
								3
							],
							"pivot": [
								-3,
								2,
								3
							],
							"rotation": [
								-35.41318,
								-8.17773,
								5.77509
							],
							"uv": [
								38,
								11
							]
						},
						{
							"origin": [
								-2.5,
								0,
								0
							],
							"size": [
								0,
								2,
								1
							],
							"pivot": [
								-3,
								2,
								3
							],
							"rotation": [
								-35.41318,
								-8.17773,
								5.77509
							],
							"uv": [
								0,
								0
							]
						}
					]
				}
			]
		}
	]
}