{
  "format_version": "1.8.0",
  "minecraft:client_entity": {
    "description": {
      "identifier": "os:big",
      "materials": {
        "default": "skeleton"
      },
      "textures": {
        "default": "textures/entity/pamobile/os_big"
      },
      "geometry": {
        "default": "geometry.os_big"
      },
      "scripts": {
        "pre_animation": [
          "variable.tcos0 \u003d (Math.cos(query.modified_distance_moved * 38.17) * query.modified_move_speed / variable.gliding_speed_value) * 57.3;"
        ]
      },
      "animations": {
        "look_at_target_default": "animation.os_big.default",
        "attack": "animation.os_big.jumpscare",
        "look_at": "animation.look_at",
        "walk": "animation.os_big.walk",
        "riding.arms": "animation.os_big.arms",
        "riding.legs": "animation.os_big.legs",
        "holding": "animation.os_big.holding",
        "brandish_spear": "animation.os_big.brandish_spear",
        "charging": "animation.os_big.charging",
        "attack.rotations": "animation.os_big.rotations",
        "sneaking": "animation.os_big.sneaking",
        "bob": "animation.os_big.bob",
        "damage_nearby_mobs": "animation.os_big.damage_nearby_mobs",
        "bow_and_arrow": "animation.os_big.bow_and_arrow",
        "swimming": "animation.os_big.swimming",
        "use_item_progress": "animation.os_big.use_item_progress",
        "skeleton_attack": "animation.os_big.attack"
      },
      "animation_controllers": [
        {
          "look_at": "controller.animation.look_at"
        },
        {
          "skibidi": "controller.animation.skibidi"
        },
        {
          "riding": "controller.animation.humanoid.riding"
        },
        {
          "holding": "controller.animation.humanoid.holding"
        },
        {
          "brandish_spear": "controller.animation.humanoid.brandish_spear"
        },
        {
          "charging": "controller.animation.humanoid.charging"
        },
        {
          "attack": "controller.animation.humanoid.attack"
        },
        {
          "sneaking": "controller.animation.humanoid.sneaking"
        },
        {
          "bob": "controller.animation.humanoid.bob"
        },
        {
          "damage_nearby_mobs": "controller.animation.humanoid.damage_nearby_mobs"
        },
        {
          "bow_and_arrow": "controller.animation.humanoid.bow_and_arrow"
        },
        {
          "swimming": "controller.animation.humanoid.swimming"
        },
        {
          "use_item_progress": "controller.animation.humanoid.use_item_progress"
        },
        {
          "skeleton_attack": "controller.animation.skeleton.attack"
        }
      ],
      "spawn_egg": {
        "base_color": "#E2E2E2",
        "overlay_color": "#ABABAB"
      },
      "render_controllers": [
        "controller.render.skeleton"
      ],
      "enable_attachables": true
    }
  }
}