{"format_version":"1.8.0","minecraft:entity":{"description":{"identifier":"yg:buzzsaw_toilet","is_spawnable":true,"is_summonable":true,"is_experimental":false},"component_groups":{},"components":{"minecraft:is_hidden_when_invisible":{},"minecraft:nameable":{},"minecraft:type_family":{"family":["yg_skibidi","monster","mob"]},"minecraft:collision_box":{"width":3,"height":3},"minecraft:movement.basic":{},"minecraft:navigation.walk":{"avoid_damage_blocks":false,"can_walk":true,"avoid_water":false,"can_path_over_water":true,"can_pass_doors":true,"can_break_doors":true,"can_open_doors":true,"can_open_iron_doors":true},"minecraft:movement":{"value":0.25},"minecraft:scale":{"value":1},"minecraft:jump.static":{},"minecraft:can_climb":{},"minecraft:attack":{"damage":35},"minecraft:health":{"value":350,"max":350},"minecraft:follow_range":{"value":30,"max":30},"minecraft:leashable":{"soft_distance":4,"hard_distance":6,"max_distance":10,"can_be_stolen":true},"minecraft:loot":{"table":"loot_tables/entities/iron_golem.json"},"minecraft:behavior.nearest_attackable_target":{"priority":2,"must_see":true,"reselect_targets":true,"within_radius":25,"must_see_forget_duration":17,"entity_types":[{"filters":{"any_of":[{"test":"is_family","subject":"other","value":"illager"},{"test":"is_family","subject":"other","value":"villager"},{"test":"is_family","subject":"other","value":"wandering_trader"},{"test":"is_family","subject":"other","value":"irongolem"}]},"max_dist":35},{"filters":{"any_of":[{"test":"is_family","subject":"other","value":"player"}]},"max_dist":25,"must_see":false}]},"minecraft:behavior.melee_attack":{"priority":3,"track_target":true,"speed_multiplier":1.31},"minecraft:behavior.random_stroll":{"priority":7,"speed_multiplier":1},"minecraft:behavior.look_at_player":{"priority":8,"look_distance":6,"probability":0.02},"minecraft:behavior.random_look_around":{"priority":9},"minecraft:behavior.hurt_by_target":{"priority":1},"minecraft:knockback_resistance":{"value":0.8},"minecraft:fire_immune":true,"minecraft:physics":{},"minecraft:pushable":{"is_pushable":true,"is_pushable_by_piston":true},"minecraft:fall_damage":{"value":0},"minecraft:behavior.float":{"priority":1},"minecraft:annotation.open_door":{},"minecraft:behavior.move_indoors":{"priority":4,"speed_multiplier":0.8},"minecraft:behavior.restrict_open_door":{"priority":5},"minecraft:behavior.open_door":{"priority":6,"close_door_after":true},"minecraft:area_attack":{"damage_range":4,"damage_per_tick":50,"cause":"contact","entity_filter":{"all_of":[{"test":"is_family","subject":"other","value":"yg_skibidi","operator":"!="}]}},"minecraft:break_blocks":{"breakable_blocks":["managrove_planks","acacia_fence_gate","acacia_stairs","birch_fence_gate","birch_stairs","crimson_fence","crimson_fence_gate","crimson_planks","dark_oak_fence_gate","dark_oak_stairs","monster_egg","fence","fence_gate","iron_bars","jungle_fence_gate","jungle_stairs","nether_brick_fence","oak_stairs","planks","spruce_fence_gate","spruce_stairs","warped_fence","warped_fence_gate","warped_planks","wood","wooden_slab"]}},"events":{"minecraft:entity_spawned":{}}}}