{
  "format_version": "1.16.0",
  "minecraft:entity": {
    "description": {
      "identifier": "pc:pceoc",
      "is_spawnable": true,
      "is_summonable": true,
      "is_experimental": false
    },
    "component_groups": {
      "minecraft:frog": {},
	  "minecraft:tadpole": {
		"minecraft:transformation": {
          "into": "pc:pctad"
        }
	  },	
      "minecraft:skin1": {
        "minecraft:variant": {
          "value": 0
        }
      },
      "minecraft:skin2": {
        "minecraft:variant": {
          "value": 1
        }
      }
    },
    "components": {
      "minecraft:experience_reward": {
        "on_bred": "Math.Random(2,0)",
        "on_death": "query.last_hit_by_player ? Math.Random(1,8) : 0"
      },
      "minecraft:loot": {
        "table": "loot_tables/animals/"
      },
      "minecraft:healable": {
        "items": [
          {
            "item": "spider_eye",
            "heal_amount": 2
          }
        ]
      },
      "minecraft:type_family": {
        "family": [ "frog", "mob_pc" ]
      },
      "minecraft:scale": {
         "value": 0.5
        },
	  "minecraft:collision_box": {
		"width": 0.5,
		"height": 0.55
	  },
	  "minecraft:breathable": {
		"total_supply": 15,
		"suffocate_time": 0,
		"breathes_water": true,
		"breathes_air": true,
		"generates_bubbles": false
	  },
	  "minecraft:nameable": {
	  },
	  "minecraft:health": {
		"value": 30
	  },
	  "minecraft:damage_sensor": {
		"triggers": [
		  {
			"cause": "fall",
			"deals_damage": true,
			"damage_modifier": -10
		  }
		]
	  },
      "minecraft:is_hidden_when_invisible": {
      },
      "minecraft:breedable": {
        "require_tame": false,
        "breed_cooldown": 120,
        "breeds_with": {
          "mate_type": "pc:pceoc",
          "baby_type": "pc:pceoc_egg",
          "breed_event": {
            "event": "minecraft:entity_born",
            "target": "baby"
          }
        },
        "breed_items": [ "spider_eye" ]
      },
      "minecraft:hurt_on_condition": {
        "damage_conditions": [
          {
            "filters": { "test": "in_lava", "subject": "self", "operator": "==", "value": true },
            "cause": "lava",
            "damage_per_tick": 4
          }
        ]
      },
	  "minecraft:behavior.nearest_attackable_target": {
	    "priority": 8,
	    "within_radius": 16,
		"entity_types": [
		  {
			"filters": {
			  "all_of": [
				{
				  "test": "is_family",
				  "subject": "other",
				  "value": ["bee","bird","little_dino","bird","penguin","spider"]
				},
				{
				  "test": "is_variant",
				  "subject": "other",
				  "operator": "==",
				  "value": 1
				}
			  ]
			},
			"max_dist": 16
		  }
		],
		"must_see": true
	  },
      "minecraft:navigation.generic": {
        "is_amphibious": true,
        "can_path_over_water": false,
        "can_swim": true,
        "can_walk": true,
        "can_sink": false,
        "can_breach": true,
        "avoid_damage_blocks": true
	  },
	  "minecraft:movement.amphibious": {},
	  "minecraft:movement": {
		"value": 0.1
	  },
	  "minecraft:underwater_movement": {
	    "value": 0.15
	  },
	  "minecraft:jump.static": {
	    "jump_power": 0.6
	  },
	  "minecraft:physics": {
	  },
	  "minecraft:pushable": {
	  },
	  "minecraft:leashable": {
	  },
	  "minecraft:behavior.panic": {
		"priority": 1,
		"speed_multiplier": 1.25
	  },
	  "minecraft:behavior.breed": {
		"priority": 4
	  },
	  "minecraft:behavior.tempt": {
		"priority": 5,
		"speed_multiplier": 1.25,
		"items": [ "spider_eye" ]
	  },
	  "minecraft:behavior.move_to_land": {
		"priority": 1,
		"search_range": 30,
		"search_height": 8,
		"search_count": 80,
		"goal_radius": 2
	  },
	  "minecraft:behavior.croak": {
		"priority": 9,
		"interval": [ 10, 20 ],
		"duration": 4.5,
		"filters": {
	      "all_of": [
			{
			  "test": "in_water",
			  "value": false
			},
			{
			  "test": "in_lava",
			  "value": false
			}
		  ]
		}
	  },
	  	  "minecraft:behavior.jump_to_block": {
		"priority": 10,
		"search_width": 8,
		"search_height": 3,
		"minimum_path_length": 2,
		"minimum_distance": 1,
		"scale_factor": 0.6,
		"max_velocity": 1,
		"cooldown_range": [ 10, 15 ],
		"preferred_blocks": [
		  "minecraft:waterlily",
		  "minecraft:big_dripleaf"
		],
		"preferred_blocks_chance": 10,
		"forbidden_blocks": [
		  "minecraft:water"
		]
	  },
	  "minecraft:behavior.random_stroll": {
	    "priority": 11
	  },
	  "minecraft:behavior.look_at_player": {
		"priority": 12,
		"target_distance": 6.0,
		"probability": 0.02
	  },
      "minecraft:behavior.mount_pathing": {
        "priority": 2,
        "speed_multiplier": 1.5,
        "target_dist": 0.0,
        "track_target": true
      },
      "minecraft:behavior.random_look_around": {
        "priority": 9
      },
      "minecraft:balloonable": {
      }
    },
    "events": {
      "green": {
		"sequence": [
          {
            "randomize": [
            {
                "weight": 20,
                "add": {
"component_groups": [ "minecraft:skin1" ]
				}
			  }
			]
		  }
	    ]
	  },
      "red": {
		"sequence": [
          {
            "randomize": [
            {
                "weight": 20,
                "add": {
"component_groups": [ "minecraft:skin1" ]
				}
			  }
			]
		  }
	    ]
	  },
      "minecraft:entity_spawned": {
        "randomize": [
          {
            "weight": 95,
            "add": {
              "component_groups": [
                "minecraft:skin1"
              ]
            }
          },
          {
            "weight": 90,
            "add": {
              "component_groups": [
                "minecraft:skin2"
              ]
            }
          },
          {
            "weight": 80,
            "add": {
              "component_groups": [
                "minecraft:tadpole"
              ]
            }
          }
        ]
      },
      "minecraft:entity_born": {
        "add": {
          "component_groups": [
            "minecraft:frog"
          ]
        }
      },
      "minecraft:captured": {
        "add": {
          "component_groups": [
            "minecraft:captured"
          ]
        }
      }
    }
  }
}