{
  "format_version": "1.8.0",
  "minecraft:client_entity": {
    "description": {
      "identifier": "mcpe:corpse_big__cameraman",
      "materials": {
        "default": "armor_stand"
      },
      "textures": {
        "default": "textures/entity/pamobile/mcpe_corpse_big__cameraman"
      },
      "spawn_egg": {
        "base_color": "#767676",
        "overlay_color": "#FF0909"
      },
      "animations": {
        "no_pose": "animation.mcpe_corpse_big__cameraman.no_pose"
      },
      "animation_controllers": [
        {
          "pose": "controller.animation.mcpe_corpse_big__cameraman.pose"
        },
        {
          "wiggling": "controller.animation.mcpe_corpse_big__cameraman.wiggle"
        }
      ],
      "geometry": {
        "default": "geometry.mcpe_corpse_big__cameraman"
      },
      "render_controllers": [
        "controller.render.armor_stand"
      ],
      "enable_attachables": true
    }
  }
}