{
  "resource_pack_name": "vanilla",
  "texture_name": "atlas.items",
  "texture_data": {
    "egg_camel": {
      "textures": "textures/items/egg_camel"
    },
    "egg_lion": {
      "textures": "textures/items/egg_lion"
    },
    "egg_penguin": {
      "textures": "textures/items/egg_penguin"
    },
    "egg_tiger": {
      "textures": "textures/items/egg_tiger"
    },
    "egg_elephant": {
      "textures": "textures/items/egg_elephant"
    },
    "egg_deer": {
      "textures": "textures/items/egg_deer"
    },
    "egg_panther": {
      "textures": "textures/items/egg_panther"
    },
    "egg_frog": {
      "textures": "textures/items/egg_frog"
    },
    "egg_crocodile": {
      "textures": "textures/items/egg_crocodile"
    },
    "egg_mouse": {
      "textures": "textures/items/egg_mouse"
    },
    "gallardo": {
      "textures": "textures/items/gallardo"
    },
    "bench": {
      "textures": "textures/items/bench"
    },
    "christmas_tree": {
      "textures": "textures/items/christmas_tree"
    },
    "tivi": {
      "textures": "textures/items/tivi"
    },
    "closet": {
      "textures": "textures/items/closet"
    },
    "laptop": {
      "textures": "textures/items/laptop"
    },
    "piano": {
      "textures": "textures/items/piano"
    },
    "armchairs": {
      "textures": "textures/items/armchairs"
    },
    "chair": {
      "textures": "textures/items/chair"
    },
    "big_table": {
      "textures": "textures/items/big_table"
    },
    "small_table": {
      "textures": "textures/items/small_table"
    },
    "drone": {
      "textures": "textures/items/drone"
    },
    "colorful_gifts": {
      "textures": "textures/items/colorful_gifts"
    },
    "nk_spiderman": {
      "textures": [
        "textures/items/mcjey/spiderman"
      ]
    },
    "nk_spidermanffh": {
      "textures": [
        "textures/items/mcjey/ffh"
      ]
    },
    "nk_spidermanraimi": {
      "textures": [
        "textures/items/mcjey/raimi"
      ]
    },
    "nk_spidermantasm": {
      "textures": [
        "textures/items/mcjey/tasm"
      ]
    },
    "nk_removeitem": {
      "textures": "textures/blocks/barrier"
    },
    "nk_spidermanps4": {
      "textures": [
        "textures/items/mcjey/ps4"
      ]
    },
    "mc_webshooter": {
      "textures": "textures/items/mcjey/mc_webshooter"
    },
    "mc_webszip": {
      "textures": "textures/items/mcjey/mc_webszip"
    },
    "mc_webswing": {
      "textures": "textures/items/mcjey/mc_webswing"
    },
    "mc_webshooterfast": {
      "textures": "textures/items/mcjey/mc_webshooterfast"
    },
    "nk_unmask": {
      "textures": "textures/items/mcjey/nk_unmask"
    },
    "mc_websling": {
      "textures": "textures/items/mcjey/mc_websling"
    },
    "mc_webshooterexpl": {
      "textures": "textures/items/mcjey/mc_webshooterexpl"
    },
    "nk_mysterio": {
      "textures": [
        "textures/items/mcjey/mysterio"
      ]
    },
    "mc_webbomb": {
      "textures": "textures/items/mcjey/mc_webbomb"
    },
    "mc_mysteriomagic": {
      "textures": "textures/items/mcjey/mc_mysteriomagic"
    },
    "mc_mysteriomagictwo": {
      "textures": "textures/items/mcjey/mc_mysteriomagictwo"
    },
    "nk_spidermanmiles": {
      "textures": [
        "textures/items/mcjey/miles"
      ]
    },
    "nk_spidermanmilesmcu": {
      "textures": [
        "textures/items/mcjey/homemade"
      ]
    },
    "nk_spidermantasmfirst": {
      "textures": [
        "textures/items/mcjey/integrated"
      ]
    },
    "nk_spidermanbigtime": {
      "textures": [
        "textures/items/mcjey/bigtime"
      ]
    },
    "nk_spidermanscarlet": {
      "textures": [
        "textures/items/mcjey/kiyim"
      ]
    },
    "nk_spidermansuperior": {
      "textures": [
        "textures/items/mcjey/gold"
      ]
    },
    "mc_greengoblin": {
      "textures": [
        "textures/items/mcjey/goblin"
      ]
    },
    "nk_spiderman2099": {
      "textures": [
        "textures/items/mcjey/2099"
      ]
    },
    "mc_prowler": {
      "textures": [
        "textures/items/mcjey/future"
      ]
    },
    "mc_docock": {
      "textures": [
        "textures/items/mcjey/mc_docock"
      ]
    },
    "mc_vulture": {
      "textures": [
        "textures/items/mcjey/final"
      ]
    },
    "mc_rhino": {
      "textures": [
        "textures/items/mcjey/blue"
      ]
    },
    "mc_scorpion": {
      "textures": [
        "textures/items/mcjey/crawler"
      ]
    },
    "mc_pmkinbomb": {
      "textures": "textures/items/mcjey/mc_pmkinbomb"
    },
    "mc_grab": {
      "textures": "textures/items/mcjey/mc_grab"
    },
    "mc_suitdata": {
      "textures": "textures/items/mcjey/data"
    },
    "mc_webset": {
      "textures": "textures/items/mcjey/mc_webset"
    },
    "mc_chitaurigun": {
      "textures": "textures/items/mcjey/mc_chitaurigun"
    },
    "mc_blast": {
      "textures": "textures/items/mcjey/mc_blast"
    },
    "mc:redmater": {
      "textures": "textures/items/mcjey/mc_redmater"
    },
    "mc:bluemater": {
      "textures": "textures/items/mcjey/mc_bluemater"
    },
    "mc:webliquid": {
      "textures": "textures/items/mcjey/mc_webliquid"
    },
    "mc:metallmater": {
      "textures": "textures/items/mcjey/mc_metallmater"
    },
    "mc:webliquidbottle": {
      "textures": "textures/items/mcjey/mc_webliquidbottle"
    },
    "mc:chitauri": {
      "textures": "textures/items/mcjey/mc_chitauri"
    },
    "mc:suitcreator": {
      "textures": "textures/items/mcjey/mc_suitcreator"
    },
    "mc:prowler": {
      "textures": "textures/items/mcjey/future"
    },
    "mc:kingpin": {
      "textures": "textures/items/mcjey/mc_kingpin"
    },
    "mc:scorpion": {
      "textures": "textures/items/mcjey/crawler"
    },
    "mc:rhino": {
      "textures": "textures/items/mcjey/blue"
    }
  }
}