{
	"format_version": "1.19.20",
	"minecraft:entity": {
		"description": {
			"identifier": "fv:icefall",
			"is_summonable": true,
			"is_spawnable": false,
			"animations": {
				"falldown": "controller.animation.falldown"
			},
			"scripts": {
				"animate": [
					"falldown"
				]
			}
		},
		"component_groups": {
			"start": {
				"minecraft:timer": {
					"time": [
						1.6,
						1.6
					],
					"time_down_event": {
						"event": "no",
						"target": "self"
					}
				},
				"minecraft:is_shaking": {}
			}
		},
		"components": {
			"minecraft:collision_box": {
				"height": 0,
				"width": 0
			},
			"minecraft:physics": {
				"has_collision": false,
				"has_gravity": false
			},
			"minecraft:type_family": {
				"family": [
					"illager"
				]
			},
			"minecraft:damage_sensor": {
				"triggers": {
					"cause": "all",
					"deals_damage": false
				}
			},
			"minecraft:explode": {
				"power": 4,
				"breaks_blocks": false,
				"fuse_length": {
					"range_min": 1.6,
					"range_max": 1.6
				},
				"fuse_lit": true,
				"causes_fire": false
			},
			"minecraft:pushable": {
				"is_pushable": false,
				"is_pushable_by_piston": false
			}
		},
		"events": {
			"minecraft:entity_spawned": {
				"add": {
					"component_groups": [
						"start"
					]
				}
			},
			"no": {
				"remove": {
					"component_groups": [
						"start"
					]
				}
			}
		}
	}
}