{
	"format_version": "1.13.0",
	"minecraft:entity": {
		"description": {
			"identifier": "fv:illager_arrow",
			"is_spawnable": false,
			"is_summonable": true,
			"is_experimental": false,
			"runtime_identifier": "arrow"
		},
		"component_groups": {
			"illager_arrow": {
				"minecraft:projectile": {
					"on_hit": {
						"impact_damage": {
							"damage": [
								8,
								16
							],
							"knockback": true,
							"semi_random_diff_damage": false,
							"destroy_on_hit": true
						},
						"stick_in_ground": {
							"shake_time": 0.35
						},
						"arrow_effect": {},
						"definition_event": {
							"affect_projectile": true,
							"event_trigger": {
								"event": "timer",
								"target": "self"
							}
						}
					},
					"hit_sound": "bow.hit",
					"power": 2,
					"gravity": 0.05,
					"uncertainty_base": 8,
					"uncertainty_multiplier": 2,
					"anchor": 1,
					"should_bounce": true,
					"offset": [
						0,
						-0.2,
						0
					]
				}
			},
			"pillager_arrow": {
				"minecraft:projectile": {
					"on_hit": {
						"impact_damage": {
							"damage": [
								5,
								10
							],
							"knockback": true,
							"semi_random_diff_damage": false,
							"destroy_on_hit": true
						},
						"stick_in_ground": {
							"shake_time": 0.35
						},
						"arrow_effect": {},
						"definition_event": {
							"affect_projectile": true,
							"event_trigger": {
								"event": "timer",
								"target": "self"
							}
						}
					},
					"hit_sound": "bow.hit",
					"power": 2,
					"gravity": 0.05,
					"uncertainty_base": 16,
					"uncertainty_multiplier": 4,
					"anchor": 1,
					"should_bounce": true,
					"offset": [
						0,
						-0.2,
						0
					]
				}
			},
			"elite_arrow": {
				"minecraft:projectile": {
					"on_hit": {
						"impact_damage": {
							"damage": [
								9,
								14
							],
							"knockback": true,
							"semi_random_diff_damage": false,
							"destroy_on_hit": true
						},
						"stick_in_ground": {
							"shake_time": 0.35
						},
						"arrow_effect": {},
						"definition_event": {
							"affect_projectile": true,
							"event_trigger": {
								"event": "timer",
								"target": "self"
							}
						}
					},
					"hit_sound": "bow.hit",
					"power": 2,
					"gravity": 0.05,
					"uncertainty_base": 8,
					"uncertainty_multiplier": 2,
					"anchor": 1,
					"should_bounce": true,
					"offset": [
						0,
						-0.2,
						0
					]
				}
			},
			"despawn": {
				"minecraft:instant_despawn": {
					"remove_child_entities": false
				}
			},
			"timer": {
				"minecraft:timer": {
					"time": [
						1,
						1
					],
					"time_down_event": {
						"event": "despawn",
						"target": "self"
					}
				}
			}
		},
		"components": {
			"minecraft:collision_box": {
				"width": 0.25,
				"height": 0.25
			},
			"minecraft:hurt_on_condition": {
				"damage_conditions": [
					{
						"filters": {
							"test": "in_lava",
							"subject": "self",
							"operator": "==",
							"value": true
						},
						"cause": "lava",
						"damage_per_tick": 4
					}
				]
			},
			"minecraft:projectile": {
				"on_hit": {
					"impact_damage": {
						"damage": [
							1,
							4
						],
						"knockback": true,
						"semi_random_diff_damage": false,
						"destroy_on_hit": true
					},
					"stick_in_ground": {
						"shake_time": 0.35
					},
					"arrow_effect": {},
					"definition_event": {
						"affect_projectile": true,
						"event_trigger": {
							"event": "timer",
							"target": "self"
						}
					}
				},
				"hit_sound": "bow.hit",
				"power": 1.6,
				"gravity": 0.05,
				"uncertainty_base": 16,
				"uncertainty_multiplier": 4,
				"anchor": 1,
				"should_bounce": true,
				"offset": [
					0,
					-0.2,
					0
				]
			},
			"minecraft:physics": {},
			"minecraft:pushable": {
				"is_pushable": false,
				"is_pushable_by_piston": true
			},
			"minecraft:conditional_bandwidth_optimization": {
				"default_values": {
					"max_optimized_distance": 80,
					"max_dropped_ticks": 7,
					"use_motion_prediction_hints": true
				}
			}
		},
		"events": {
			"minecraft:entity_spawned": {
				"sequence": [
					{
						"filters": {
							"test": "is_family",
							"subject": "other",
							"value": "pillager"
						},
						"add": {
							"component_groups": [
								"pillager_arrow"
							]
						}
					},
					{
						"filters": {
							"all_of": [
								{
									"test": "is_family",
									"subject": "other",
									"value": "pillager"
								},
								{
									"test": "is_family",
									"subject": "other",
									"operator": "==",
									"value": "raider"
								}
							]
						},
						"add": {
							"component_groups": [
								"pillager_arrow"
							]
						}
					},
					{
						"filters": {
							"all_of": [
								{
									"test": "is_family",
									"subject": "other",
									"value": "pillager"
								},
								{
									"test": "is_family",
									"subject": "other",
									"operator": "==",
									"value": "elite"
								}
							]
						},
						"add": {
							"component_groups": [
								"elite_arrow"
							]
						}
					}
				]
			},
			"despawn": {
				"add": {
					"component_groups": [
						"despawn"
					]
				}
			},
			"timer": {
				"add": {
					"component_groups": [
						"timer"
					]
				}
			}
		}
	}
}