{
	"format_version": "1.18.0",
	"minecraft:entity": {
		"description": {
			"identifier": "fv:shield_villager",
			"is_summonable": true,
			"is_spawnable": false
		},
		"component_groups": {
			"despawn": {
				"minecraft:instant_despawn": {
					"remove_child_entities": true
				}
			}
		},
		"components": {
			"minecraft:type_family": {
				"family": [
					"shield",
					"irongolem"
				]
			},
			"minecraft:area_attack": {
				"cause": "entity_attack",
				"damage_per_tick": 0,
				"damage_range": 0,
				"entity_filter": {
					"any_of": [
						{
							"test": "is_family",
							"subject": "other",
							"value": "illager"
						},
						{
							"test": "is_family",
							"subject": "other",
							"value": "monster"
						},
						{
							"test": "is_family",
							"subject": "other",
							"value": "undead"
						},
						{
							"test": "is_family",
							"subject": "other",
							"value": "wither"
						},
						{
							"test": "is_family",
							"subject": "other",
							"value": "zombie"
						}
					]
				}
			},
			"minecraft:health": {
				"value": 500,
				"max": 500
			},
			"minecraft:collision_box": {
				"height": 1.9,
				"width": 0.9
			},
			"minecraft:breathable": {
				"total_supply": 15,
				"suffocate_time": 0,
				"breathes_air": true,
				"breathes_water": true,
				"breathes_lava": true,
				"breathes_solids": true
			},
			"minecraft:environment_sensor": {
				"triggers": [
					{
						"filters": {
							"all_of": [
								{
									"test": "is_riding",
									"subject": "self",
									"value": false
								}
							]
						},
						"event": "despawn",
						"target": "self"
					}
				]
			},
			"minecraft:damage_sensor": {
				"triggers": [
					{
						"on_damage": {
							"filters": {
								"all_of": [
									{
										"test": "is_family",
										"subject": "other",
										"value": "irongolem"
									}
								]
							}
						},
						"deals_damage": false
					},
					{
						"cause": "entity_attack",
						"damage_multiplier": 0.1
					},
					{
						"cause": "piston",
						"deals_damage": false
					},
					{
						"on_damage": {
							"filters": {
								"all_of": [
									{
										"test": "has_damage",
										"subject": "self",
										"operator": "==",
										"value": "fatal"
									}
								]
							},
							"event": "despawn",
							"target": "self"
						}
					},
					{
						"cause": "drowning",
						"deals_damage": false
					},
					{
						"cause": "fire",
						"deals_damage": false
					}
				]
			}
		},
		"events": {
			"despawn": {
				"add": {
					"component_groups": [
						"despawn"
					]
				}
			}
		}
	}
}