{
	"format_version": "1.16.0",
	"minecraft:entity": {
		"description": {
			"identifier": "fv:villager_bow",
			"is_spawnable": true,
			"is_summonable": true,
			"is_experimental": false,
			"runtime_identifier": "piglin"
		},
		"component_groups": {
			"minecraft:ranged_attack": {
				"minecraft:behavior.ranged_attack": {
					"priority": 4,
					"attack_interval_min": 1,
					"attack_interval_max": 3,
					"attack_radius": 30,
					"attack_radius_min": 5
				},
				"minecraft:shooter": {
					"def": "fv:villager_arrow"
				}
			},
			"desert_villager": {
				"minecraft:mark_variant": {
					"value": 1
				}
			},
			"jungle_villager": {
				"minecraft:mark_variant": {
					"value": 2
				}
			},
			"savanna_villager": {
				"minecraft:mark_variant": {
					"value": 3
				}
			},
			"snow_villager": {
				"minecraft:mark_variant": {
					"value": 4
				}
			},
			"swamp_villager": {
				"minecraft:mark_variant": {
					"value": 5
				}
			},
			"taiga_villager": {
				"minecraft:mark_variant": {
					"value": 6
				}
			},
			"defender": {
				"minecraft:dweller": {
					"dwelling_type": "village",
					"dweller_role": "defender",
					"update_interval_base": 60,
					"update_interval_variant": 40,
					"can_find_poi": false,
					"can_migrate": true,
					"first_founding_reward": 0
				}
			},
			"equipment": {
				"minecraft:equipment": {
					"table": "loot_tables/entities/bow_gear.json"
				}
			},
			"become_soldier": {
				"minecraft:transformation": {
					"into": "fv:villager_soldier_bow",
					"preserve_equipment": true,
					"delay": {
						"value": 0.5
					}
				}
			}
		},
		"components": {
			"minecraft:is_hidden_when_invisible": {},
			"minecraft:experience_reward": {
				"on_death": "query.last_hit_by_player?(query.is_baby?12:5)+(math.die_roll(query.equipment_count,1,3)):0"
			},
			"minecraft:equip_item": {},
			"minecraft:collision_box": {
				"width": 0.6,
				"height": 1.9
			},
			"minecraft:type_family": {
				"family": [
					"irongolem",
					"mob"
				]
			},
			"minecraft:variant": {
				"value": 0
			},
			"minecraft:breathable": {
				"total_supply": 15,
				"suffocate_time": 0
			},
			"minecraft:health": {
				"value": 24,
				"max": 24
			},
			"minecraft:conditional_bandwidth_optimization": {},
			"minecraft:hurt_on_condition": {
				"damage_conditions": [
					{
						"filters": {
							"test": "in_lava",
							"subject": "self",
							"operator": "==",
							"value": true
						},
						"cause": "lava",
						"damage_per_tick": 4
					}
				]
			},
			"minecraft:loot": {
				"table": "loot_tables/entities/pillager.json"
			},
			"minecraft:shareables": {
				"items": [
					{
						"priority": 0,
						"item": "netherite_helmet",
						"want_amount": 1,
						"surplus_amount": 1
					},
					{
						"priority": 0,
						"item": "netherite_chestplate",
						"want_amount": 1,
						"surplus_amount": 1
					},
					{
						"priority": 0,
						"item": "netherite_leggings",
						"want_amount": 1,
						"surplus_amount": 1
					},
					{
						"priority": 0,
						"item": "netherite_boots",
						"want_amount": 1,
						"surplus_amount": 1
					},
					{
						"priority": 1,
						"item": "diamond_helmet",
						"want_amount": 1,
						"surplus_amount": 1
					},
					{
						"priority": 1,
						"item": "diamond_chestplate",
						"want_amount": 1,
						"surplus_amount": 1
					},
					{
						"priority": 1,
						"item": "diamond_leggings",
						"want_amount": 1,
						"surplus_amount": 1
					},
					{
						"priority": 1,
						"item": "diamond_boots",
						"want_amount": 1,
						"surplus_amount": 1
					},
					{
						"priority": 2,
						"item": "iron_helmet",
						"want_amount": 1,
						"surplus_amount": 1
					},
					{
						"priority": 2,
						"item": "iron_chestplate",
						"want_amount": 1,
						"surplus_amount": 1
					},
					{
						"priority": 2,
						"item": "iron_leggings",
						"want_amount": 1,
						"surplus_amount": 1
					},
					{
						"priority": 2,
						"item": "iron_boots",
						"want_amount": 1,
						"surplus_amount": 1
					},
					{
						"priority": 3,
						"item": "chainmail_helmet",
						"want_amount": 1,
						"surplus_amount": 1
					},
					{
						"priority": 3,
						"item": "chainmail_chestplate",
						"want_amount": 1,
						"surplus_amount": 1
					},
					{
						"priority": 3,
						"item": "chainmail_leggings",
						"want_amount": 1,
						"surplus_amount": 1
					},
					{
						"priority": 3,
						"item": "chainmail_boots",
						"want_amount": 1,
						"surplus_amount": 1
					},
					{
						"priority": 4,
						"item": "golden_helmet",
						"want_amount": 1,
						"surplus_amount": 1
					},
					{
						"priority": 4,
						"item": "golden_chestplate",
						"want_amount": 1,
						"surplus_amount": 1
					},
					{
						"priority": 4,
						"item": "golden_leggings",
						"want_amount": 1,
						"surplus_amount": 1
					},
					{
						"priority": 4,
						"item": "golden_boots",
						"want_amount": 1,
						"surplus_amount": 1
					},
					{
						"priority": 5,
						"item": "leather_helmet",
						"want_amount": 1,
						"surplus_amount": 1
					},
					{
						"priority": 5,
						"item": "leather_chestplate",
						"want_amount": 1,
						"surplus_amount": 1
					},
					{
						"priority": 5,
						"item": "leather_leggings",
						"want_amount": 1,
						"surplus_amount": 1
					},
					{
						"priority": 5,
						"item": "leather_boots",
						"want_amount": 1,
						"surplus_amount": 1
					},
					{
						"priority": 6,
						"item": "turtle_helmet",
						"want_amount": 1,
						"surplus_amount": 1
					},
					{
						"priority": 0,
						"item": "bow",
						"want_amount": 1,
						"surplus_amount": 1
					}
				]
			},
			"minecraft:movement": {
				"value": 0.35
			},
			"minecraft:navigation.walk": {
				"can_path_over_water": true,
				"avoid_water": true,
				"can_float": true,
				"can_open_doors": true,
				"can_pass_doors": true
			},
			"minecraft:movement.basic": {},
			"minecraft:jump.static": {},
			"minecraft:nameable": {},
			"minecraft:behavior.float": {
				"priority": 0
			},
			"minecraft:behavior.hurt_by_target": {
				"priority": 1,
				"entity_types": {
					"filters": {
						"all_of": [
							{
								"test": "is_family",
								"subject": "other",
								"operator": "!=",
								"value": "player"
							},
							{
								"test": "is_family",
								"subject": "other",
								"operator": "!=",
								"value": "irongolem"
							}
						]
					},
					"max_dist": 64
				}
			},
			"minecraft:behavior.nearest_attackable_target": {
				"priority": 2,
				"must_see": true,
				"reselect_targets": true,
				"within_radius": 40,
				"entity_types": [
					{
						"filters": {
							"any_of": [
								{
									"test": "is_family",
									"subject": "other",
									"value": "monster"
								},
								{
									"test": "is_family",
									"subject": "other",
									"value": "illager"
								},
								{
									"test": "is_family",
									"subject": "other",
									"value": "undead"
								}
							]
						},
						"max_dist": 40
					},
					{
						"filters": {
							"all_of": [
								{
									"test": "is_family",
									"subject": "other",
									"value": "piglin"
								},
								{
									"test": "has_component",
									"subject": "other",
									"operator": "!=",
									"value": "minecraft:is_baby"
								}
							]
						},
						"max_dist": 40
					}
				]
			},
			"minecraft:behavior.equip_item": {
				"priority": 3
			},
			"minecraft:behavior.pickup_items": {
				"priority": 3,
				"max_dist": 3,
				"goal_radius": 2,
				"speed_multiplier": 1
			},
			"minecraft:preferred_path": {
				"max_fall_blocks": 1,
				"jump_cost": 5,
				"default_block_cost": 1.5,
				"preferred_path_blocks": [
					{
						"cost": 0,
						"blocks": [
							"grass_path"
						]
					},
					{
						"cost": 1,
						"blocks": [
							"cobblestone",
							"stone",
							"stonebrick",
							"sandstone",
							"mossy_cobblestone",
							"stone_slab",
							"stone_slab2",
							"stone_slab3",
							"stone_slab4",
							"double_stone_slab",
							"double_stone_slab2",
							"double_stone_slab3",
							"double_stone_slab4",
							"wooden_slab",
							"double_wooden_slab",
							"planks",
							"brick_block",
							"nether_brick",
							"red_nether_brick",
							"end_bricks",
							"red_sandstone",
							"stained_glass",
							"glass",
							"glowstone",
							"prismarine",
							"emerald_block",
							"diamond_block",
							"lapis_block",
							"gold_block",
							"redstone_block",
							"purple_glazed_terracotta",
							"white_glazed_terracotta",
							"orange_glazed_terracotta",
							"magenta_glazed_terracotta",
							"light_blue_glazed_terracotta",
							"yellow_glazed_terracotta",
							"lime_glazed_terracotta",
							"pink_glazed_terracotta",
							"gray_glazed_terracotta",
							"silver_glazed_terracotta",
							"cyan_glazed_terracotta",
							"blue_glazed_terracotta",
							"brown_glazed_terracotta",
							"green_glazed_terracotta",
							"red_glazed_terracotta",
							"black_glazed_terracotta"
						]
					},
					{
						"cost": 50,
						"blocks": [
							"bed",
							"lectern",
							"composter",
							"grindstone",
							"blast_furnace",
							"smoker",
							"fletching_table",
							"cartography_table",
							"brewing_stand",
							"smithing_table",
							"cauldron",
							"barrel",
							"loom",
							"stonecutter"
						]
					}
				]
			},
			"minecraft:behavior.move_towards_target": {
				"priority": 5,
				"speed_multiplier": 1.2,
				"within_radius": 32
			},
			"minecraft:behavior.move_to_village": {
				"priority": 5,
				"speed_multiplier": 0.7,
				"goal_radius": 2
			},
			"minecraft:annotation.open_door": {},
			"minecraft:behavior.random_stroll": {
				"priority": 8,
				"speed_multiplier": 1
			},
			"minecraft:behavior.look_at_player": {
				"priority": 9,
				"look_distance": 8
			},
			"minecraft:behavior.random_look_around": {
				"priority": 10
			},
			"minecraft:physics": {},
			"minecraft:pushable": {
				"is_pushable": true,
				"is_pushable_by_piston": true
			},
			"minecraft:follow_range": {
				"value": 64
			},
			"minecraft:group_size": {
				"filters": {
					"test": "is_family",
					"subject": "other",
					"value": "irongolem"
				},
				"radius": 32
			},
			"minecraft:damage_sensor": {
				"triggers": [
					{
						"on_damage": {
							"filters": {
								"test": "is_family",
								"subject": "other",
								"value": "irongolem"
							}
						},
						"deals_damage": false
					}
				]
			},
			"minecraft:healable": {
				"items": [
					{
						"item": "bread",
						"heal_amount": 5
					},
					{
						"item": "golden_apple",
						"heal_amount": 5,
						"effects": [
							{
								"name": "regeneration",
								"amplifier": 1,
								"duration": 180,
								"chance": 1
							}
						]
					}
				]
			},
			"minecraft:behavior.tempt": {
				"priority": 3,
				"speed_multiplier": 1.2,
				"items": [
					"banner"
				]
			}
		},
		"events": {
			"minecraft:entity_spawned": {
				"sequence": [
					{
						"filters": {
							"any_of": [
								{
									"test": "has_biome_tag",
									"value": "desert"
								},
								{
									"test": "has_biome_tag",
									"value": "mesa"
								}
							]
						},
						"add": {
							"component_groups": [
								"desert_villager"
							]
						}
					},
					{
						"filters": {
							"test": "has_biome_tag",
							"value": "jungle"
						},
						"add": {
							"component_groups": [
								"jungle_villager"
							]
						}
					},
					{
						"filters": {
							"test": "has_biome_tag",
							"value": "savanna"
						},
						"add": {
							"component_groups": [
								"savanna_villager"
							]
						}
					},
					{
						"filters": {
							"any_of": [
								{
									"all_of": [
										{
											"test": "has_biome_tag",
											"value": "cold"
										},
										{
											"test": "has_biome_tag",
											"operator": "!=",
											"value": "ocean"
										}
									]
								},
								{
									"test": "has_biome_tag",
									"value": "frozen"
								}
							]
						},
						"add": {
							"component_groups": [
								"snow_villager"
							]
						}
					},
					{
						"filters": {
							"test": "has_biome_tag",
							"value": "swamp"
						},
						"add": {
							"component_groups": [
								"swamp_villager"
							]
						}
					},
					{
						"filters": {
							"all_of": [
								{
									"any_of": [
										{
											"test": "has_biome_tag",
											"value": "taiga"
										},
										{
											"test": "has_biome_tag",
											"value": "extreme_hills"
										}
									]
								},
								{
									"test": "has_biome_tag",
									"operator": "!=",
									"value": "cold"
								}
							]
						},
						"add": {
							"component_groups": [
								"taiga_villager"
							]
						}
					},
					{
						"add": {
							"component_groups": [
								"minecraft:ranged_attack",
								"defender",
								"equipment"
							]
						}
					}
				]
			},
			"minecraft:entity_transformed": {
				"sequence": [
					{
						"filters": {
							"test": "is_mark_variant",
							"subject": "other",
							"value": 1
						},
						"add": {
							"component_groups": [
								"desert_villager"
							]
						}
					},
					{
						"filters": {
							"test": "is_mark_variant",
							"subject": "other",
							"value": 2
						},
						"add": {
							"component_groups": [
								"jungle_villager"
							]
						}
					},
					{
						"filters": {
							"test": "is_mark_variant",
							"subject": "other",
							"value": 3
						},
						"add": {
							"component_groups": [
								"savanna_villager"
							]
						}
					},
					{
						"filters": {
							"test": "is_mark_variant",
							"subject": "other",
							"value": 4
						},
						"add": {
							"component_groups": [
								"snow_villager"
							]
						}
					},
					{
						"filters": {
							"test": "is_mark_variant",
							"subject": "other",
							"value": 5
						},
						"add": {
							"component_groups": [
								"swamp_villager"
							]
						}
					},
					{
						"filters": {
							"test": "is_mark_variant",
							"subject": "other",
							"value": 6
						},
						"add": {
							"component_groups": [
								"taiga_villager"
							]
						}
					},
					{
						"add": {
							"component_groups": [
								"minecraft:ranged_attack",
								"defender"
							]
						}
					}
				]
			},
			"level_up": {
				"add": {
					"component_groups": [
						"become_soldier"
					]
				}
			}
		}
	}
}