{
	"format_version": "1.16.0",
	"minecraft:entity": {
		"description": {
			"identifier": "fv:villager_soldier_captain",
			"is_spawnable": true,
			"is_summonable": true,
			"is_experimental": false,
			"animations": {
				"death": "controller.animation.horse.death",
				"clear": "animation.clear.shield"
			},
			"scripts": {
				"animate": [
					"death",
					"clear"
				]
			}
		},
		"component_groups": {
			"minecraft:melee_attack": {
				"minecraft:behavior.delayed_attack": {
					"priority": 4,
					"attack_duration": 1,
					"hit_delay_pct": 0.64,
					"cooldown_time": 0.6,
					"speed_multiplier": 1.3,
					"reach_multiplier": 3
				},
				"minecraft:attack": {
					"damage": 4
				}
			},
			"desert_villager": {
				"minecraft:mark_variant": {
					"value": 1
				}
			},
			"jungle_villager": {
				"minecraft:mark_variant": {
					"value": 2
				}
			},
			"savanna_villager": {
				"minecraft:mark_variant": {
					"value": 3
				}
			},
			"snow_villager": {
				"minecraft:mark_variant": {
					"value": 4
				}
			},
			"swamp_villager": {
				"minecraft:mark_variant": {
					"value": 5
				}
			},
			"taiga_villager": {
				"minecraft:mark_variant": {
					"value": 6
				}
			},
			"defender": {
				"minecraft:dweller": {
					"dwelling_type": "village",
					"dweller_role": "defender",
					"update_interval_base": 60,
					"update_interval_variant": 40,
					"can_find_poi": false,
					"can_migrate": true,
					"first_founding_reward": 0
				}
			},
			"equipment": {
				"minecraft:equipment": {
					"table": "loot_tables/entities/swordman.json",
					"slot_drop_chance": [
						{
							"slot": "slot.armor.chest",
							"drop_chance": 100
						},
						{
							"slot": "slot.armor.feet",
							"drop_chance": 100
						},
						{
							"slot": "slot.armor.head",
							"drop_chance": 100
						},
						{
							"slot": "slot.armor.legs",
							"drop_chance": 100
						},
						{
							"slot": "slot.weapon.mainhand",
							"drop_chance": 100
						}
					]
				}
			},
			"become_soldier": {
				"minecraft:transformation": {
					"into": "fv:villager_elite_soldier_captain",
					"preserve_equipment": true,
					"delay": {
						"value": 0.5
					}
				}
			},
			"angry": {
				"minecraft:angry": {
					"duration": 30,
					"broadcast_anger": true,
					"broadcast_anger_on_attack": false,
					"broadcast_anger_on_being_attacked": true,
					"broadcast_range": 16,
					"broadcast_targets": [
						"irongolem"
					],
					"calm_event": {
						"event": "become_calm_event",
						"target": "self"
					},
					"filters": {
						"any_of": [
							{
								"test": "is_family",
								"subject": "other",
								"operator": "!=",
								"value": "irongolem"
							},
							{
								"test": "is_family",
								"subject": "other",
								"operator": "!=",
								"value": "player"
							}
						]
					},
					"angry_sound": "angry",
					"sound_interval": {
						"range_min": 2,
						"range_max": 5
					}
				}
			},
			"drop": {
				"minecraft:spawn_entity": {
					"entities": {
						"min_wait_time": 0,
						"max_wait_time": 0,
						"num_to_spawn": 1,
						"single_use": true,
						"spawn_entity": "fv:villager_soldier_sword",
						"spawn_event": "minecraft:entity_transformed"
					}
				}
			},
			"skin1": {
				"minecraft:variant": {
					"value": 0
				}
			},
			"skin2": {
				"minecraft:variant": {
					"value": 1
				}
			},
			"skin3": {
				"minecraft:variant": {
					"value": 2
				}
			},
			"skin4": {
				"minecraft:variant": {
					"value": 3
				}
			},
			"skin5": {
				"minecraft:variant": {
					"value": 4
				}
			},
			"skin6": {
				"minecraft:variant": {
					"value": 5
				}
			},
			"skin7": {
				"minecraft:variant": {
					"value": 6
				}
			},
			"one_kill": {
				"minecraft:variant": {
					"value": 1
				}
			}
		},
		"components": {
			"minecraft:is_hidden_when_invisible": {},
			"minecraft:experience_reward": {
				"on_death": "query.last_hit_by_player?(query.is_baby?12:5)+(math.die_roll(query.equipment_count,1,3)):0"
			},
			"minecraft:equip_item": {},
			"minecraft:collision_box": {
				"width": 0.6,
				"height": 2.9
			},
			"minecraft:type_family": {
				"family": [
					"irongolem",
					"cavalry",
					"mob"
				]
			},
			"minecraft:variant": {
				"value": 0
			},
			"minecraft:breathable": {
				"total_supply": 15,
				"suffocate_time": 0
			},
			"minecraft:health": {
				"value": 70,
				"max": 70
			},
			"minecraft:conditional_bandwidth_optimization": {},
			"minecraft:hurt_on_condition": {
				"damage_conditions": [
					{
						"filters": {
							"test": "in_lava",
							"subject": "self",
							"operator": "==",
							"value": true
						},
						"cause": "lava",
						"damage_per_tick": 4
					}
				]
			},
			"minecraft:loot": {
				"table": "loot_tables/entities/bandit.json"
			},
			"minecraft:shareables": {
				"items": [
					{
						"priority": 0,
						"item": "netherite_helmet",
						"want_amount": 1,
						"surplus_amount": 1
					},
					{
						"priority": 0,
						"item": "netherite_chestplate",
						"want_amount": 1,
						"surplus_amount": 1
					},
					{
						"priority": 0,
						"item": "netherite_leggings",
						"want_amount": 1,
						"surplus_amount": 1
					},
					{
						"priority": 0,
						"item": "netherite_boots",
						"want_amount": 1,
						"surplus_amount": 1
					},
					{
						"priority": 1,
						"item": "diamond_helmet",
						"want_amount": 1,
						"surplus_amount": 1
					},
					{
						"priority": 1,
						"item": "diamond_chestplate",
						"want_amount": 1,
						"surplus_amount": 1
					},
					{
						"priority": 1,
						"item": "diamond_leggings",
						"want_amount": 1,
						"surplus_amount": 1
					},
					{
						"priority": 1,
						"item": "diamond_boots",
						"want_amount": 1,
						"surplus_amount": 1
					},
					{
						"priority": 2,
						"item": "iron_helmet",
						"want_amount": 1,
						"surplus_amount": 1
					},
					{
						"priority": 2,
						"item": "iron_chestplate",
						"want_amount": 1,
						"surplus_amount": 1
					},
					{
						"priority": 2,
						"item": "iron_leggings",
						"want_amount": 1,
						"surplus_amount": 1
					},
					{
						"priority": 2,
						"item": "iron_boots",
						"want_amount": 1,
						"surplus_amount": 1
					},
					{
						"priority": 3,
						"item": "chainmail_helmet",
						"want_amount": 1,
						"surplus_amount": 1
					},
					{
						"priority": 3,
						"item": "chainmail_chestplate",
						"want_amount": 1,
						"surplus_amount": 1
					},
					{
						"priority": 3,
						"item": "chainmail_leggings",
						"want_amount": 1,
						"surplus_amount": 1
					},
					{
						"priority": 3,
						"item": "chainmail_boots",
						"want_amount": 1,
						"surplus_amount": 1
					},
					{
						"priority": 4,
						"item": "golden_helmet",
						"want_amount": 1,
						"surplus_amount": 1
					},
					{
						"priority": 4,
						"item": "golden_chestplate",
						"want_amount": 1,
						"surplus_amount": 1
					},
					{
						"priority": 4,
						"item": "golden_leggings",
						"want_amount": 1,
						"surplus_amount": 1
					},
					{
						"priority": 4,
						"item": "golden_boots",
						"want_amount": 1,
						"surplus_amount": 1
					},
					{
						"priority": 5,
						"item": "leather_helmet",
						"want_amount": 1,
						"surplus_amount": 1
					},
					{
						"priority": 5,
						"item": "leather_chestplate",
						"want_amount": 1,
						"surplus_amount": 1
					},
					{
						"priority": 5,
						"item": "leather_leggings",
						"want_amount": 1,
						"surplus_amount": 1
					},
					{
						"priority": 5,
						"item": "leather_boots",
						"want_amount": 1,
						"surplus_amount": 1
					},
					{
						"priority": 6,
						"item": "turtle_helmet",
						"want_amount": 1,
						"surplus_amount": 1
					},
					{
						"priority": 0,
						"item": "netherite_sword",
						"want_amount": 1,
						"surplus_amount": 1
					},
					{
						"priority": 1,
						"item": "diamond_sword",
						"want_amount": 1,
						"surplus_amount": 1
					},
					{
						"priority": 2,
						"item": "iron_sword",
						"want_amount": 1,
						"surplus_amount": 1
					},
					{
						"priority": 3,
						"item": "stone_sword",
						"want_amount": 1,
						"surplus_amount": 1
					},
					{
						"priority": 4,
						"item": "golden_sword",
						"want_amount": 1,
						"surplus_amount": 1
					},
					{
						"priority": 5,
						"item": "wooden_sword",
						"want_amount": 1,
						"surplus_amount": 1
					}
				]
			},
			"minecraft:movement": {
				"value": 0.4
			},
			"minecraft:navigation.walk": {
				"can_path_over_water": true,
				"avoid_water": true,
				"can_float": true,
				"can_open_doors": true,
				"can_pass_doors": true
			},
			"minecraft:movement.basic": {},
			"minecraft:jump.static": {},
			"minecraft:nameable": {},
			"minecraft:behavior.float": {
				"priority": 0
			},
			"minecraft:behavior.hurt_by_target": {
				"priority": 1,
				"entity_types": {
					"filters": {
						"all_of": [
							{
								"test": "is_family",
								"subject": "other",
								"operator": "!=",
								"value": "player"
							},
							{
								"test": "is_family",
								"subject": "other",
								"operator": "!=",
								"value": "irongolem"
							}
						]
					},
					"max_dist": 64
				}
			},
			"minecraft:behavior.nearest_attackable_target": {
				"priority": 2,
				"must_see": true,
				"reselect_targets": true,
				"within_radius": 40,
				"entity_types": [
					{
						"filters": {
							"any_of": [
								{
									"test": "is_family",
									"subject": "other",
									"value": "monster"
								},
								{
									"test": "is_family",
									"subject": "other",
									"value": "illager"
								},
								{
									"test": "is_family",
									"subject": "other",
									"value": "undead"
								}
							]
						},
						"max_dist": 40
					},
					{
						"filters": {
							"all_of": [
								{
									"test": "is_family",
									"subject": "other",
									"value": "piglin"
								},
								{
									"test": "has_component",
									"subject": "other",
									"operator": "!=",
									"value": "minecraft:is_baby"
								}
							]
						},
						"max_dist": 40
					}
				]
			},
			"minecraft:behavior.equip_item": {
				"priority": 3
			},
			"minecraft:behavior.pickup_items": {
				"priority": 3,
				"max_dist": 3,
				"goal_radius": 2,
				"speed_multiplier": 1,
				"excluded_items": [
					"shield"
				]
			},
			"minecraft:preferred_path": {
				"max_fall_blocks": 1,
				"jump_cost": 5,
				"default_block_cost": 1.5,
				"preferred_path_blocks": [
					{
						"cost": 0,
						"blocks": [
							"grass_path"
						]
					},
					{
						"cost": 1,
						"blocks": [
							"cobblestone",
							"stone",
							"stonebrick",
							"sandstone",
							"mossy_cobblestone",
							"stone_slab",
							"stone_slab2",
							"stone_slab3",
							"stone_slab4",
							"double_stone_slab",
							"double_stone_slab2",
							"double_stone_slab3",
							"double_stone_slab4",
							"wooden_slab",
							"double_wooden_slab",
							"planks",
							"brick_block",
							"nether_brick",
							"red_nether_brick",
							"end_bricks",
							"red_sandstone",
							"stained_glass",
							"glass",
							"glowstone",
							"prismarine",
							"emerald_block",
							"diamond_block",
							"lapis_block",
							"gold_block",
							"redstone_block",
							"purple_glazed_terracotta",
							"white_glazed_terracotta",
							"orange_glazed_terracotta",
							"magenta_glazed_terracotta",
							"light_blue_glazed_terracotta",
							"yellow_glazed_terracotta",
							"lime_glazed_terracotta",
							"pink_glazed_terracotta",
							"gray_glazed_terracotta",
							"silver_glazed_terracotta",
							"cyan_glazed_terracotta",
							"blue_glazed_terracotta",
							"brown_glazed_terracotta",
							"green_glazed_terracotta",
							"red_glazed_terracotta",
							"black_glazed_terracotta"
						]
					},
					{
						"cost": 50,
						"blocks": [
							"bed",
							"lectern",
							"composter",
							"grindstone",
							"blast_furnace",
							"smoker",
							"fletching_table",
							"cartography_table",
							"brewing_stand",
							"smithing_table",
							"cauldron",
							"barrel",
							"loom",
							"stonecutter"
						]
					}
				]
			},
			"minecraft:behavior.move_towards_target": {
				"priority": 5,
				"speed_multiplier": 1.2,
				"within_radius": 32
			},
			"minecraft:behavior.move_to_village": {
				"priority": 5,
				"speed_multiplier": 0.8,
				"goal_radius": 2
			},
			"minecraft:annotation.open_door": {},
			"minecraft:behavior.random_stroll": {
				"priority": 8,
				"speed_multiplier": 1
			},
			"minecraft:behavior.look_at_player": {
				"priority": 9,
				"look_distance": 8
			},
			"minecraft:behavior.random_look_around": {
				"priority": 10
			},
			"minecraft:physics": {},
			"minecraft:pushable": {
				"is_pushable": true,
				"is_pushable_by_piston": true
			},
			"minecraft:follow_range": {
				"value": 64
			},
			"minecraft:group_size": {
				"filters": {
					"test": "is_family",
					"subject": "other",
					"value": "irongolem"
				},
				"radius": 32
			},
			"minecraft:damage_sensor": {
				"triggers": [
					{
						"on_damage": {
							"filters": {
								"test": "is_family",
								"subject": "other",
								"value": "irongolem"
							}
						},
						"deals_damage": false
					},
					{
						"on_damage": {
							"filters": {
								"all_of": [
									{
										"test": "has_damage",
										"value": "fatal"
									},
									{
										"test": "is_family",
										"subject": "other",
										"value": "illager"
									}
								]
							},
							"event": "level_up",
							"target": "other"
						}
					}
				]
			},
			"minecraft:healable": {
				"items": [
					{
						"item": "bread",
						"heal_amount": 5
					},
					{
						"item": "golden_apple",
						"heal_amount": 5,
						"effects": [
							{
								"name": "regeneration",
								"amplifier": 1,
								"duration": 180,
								"chance": 1
							}
						]
					}
				]
			},
			"minecraft:behavior.tempt": {
				"priority": 3,
				"speed_multiplier": 1.2,
				"items": [
					"banner"
				]
			},
			"minecraft:on_target_acquired": {
				"event": "become_angry_event",
				"target": "self"
			},
			"minecraft:knockback_resistance": {
				"value": 0.8,
				"max": 0.8
			}
		},
		"events": {
			"minecraft:entity_spawned": {
				"sequence": [
					{
						"randomize": [
							{
								"weight": 14,
								"add": {
									"component_groups": [
										"skin1"
									]
								}
							},
							{
								"weight": 14,
								"add": {
									"component_groups": [
										"skin2"
									]
								}
							},
							{
								"weight": 14,
								"add": {
									"component_groups": [
										"skin3"
									]
								}
							},
							{
								"weight": 14,
								"add": {
									"component_groups": [
										"skin4"
									]
								}
							},
							{
								"weight": 14,
								"add": {
									"component_groups": [
										"skin5"
									]
								}
							},
							{
								"weight": 14,
								"add": {
									"component_groups": [
										"skin6"
									]
								}
							},
							{
								"weight": 14,
								"add": {
									"component_groups": [
										"skin7"
									]
								}
							}
						]
					},
					{
						"filters": {
							"any_of": [
								{
									"test": "has_biome_tag",
									"value": "desert"
								},
								{
									"test": "has_biome_tag",
									"value": "mesa"
								}
							]
						},
						"add": {
							"component_groups": [
								"desert_villager"
							]
						}
					},
					{
						"filters": {
							"test": "has_biome_tag",
							"value": "jungle"
						},
						"add": {
							"component_groups": [
								"jungle_villager"
							]
						}
					},
					{
						"filters": {
							"test": "has_biome_tag",
							"value": "savanna"
						},
						"add": {
							"component_groups": [
								"savanna_villager"
							]
						}
					},
					{
						"filters": {
							"any_of": [
								{
									"all_of": [
										{
											"test": "has_biome_tag",
											"value": "cold"
										},
										{
											"test": "has_biome_tag",
											"operator": "!=",
											"value": "ocean"
										}
									]
								},
								{
									"test": "has_biome_tag",
									"value": "frozen"
								}
							]
						},
						"add": {
							"component_groups": [
								"snow_villager"
							]
						}
					},
					{
						"filters": {
							"test": "has_biome_tag",
							"value": "swamp"
						},
						"add": {
							"component_groups": [
								"swamp_villager"
							]
						}
					},
					{
						"filters": {
							"all_of": [
								{
									"any_of": [
										{
											"test": "has_biome_tag",
											"value": "taiga"
										},
										{
											"test": "has_biome_tag",
											"value": "extreme_hills"
										}
									]
								},
								{
									"test": "has_biome_tag",
									"operator": "!=",
									"value": "cold"
								}
							]
						},
						"add": {
							"component_groups": [
								"taiga_villager"
							]
						}
					},
					{
						"add": {
							"component_groups": [
								"minecraft:melee_attack",
								"defender",
								"equipment"
							]
						}
					}
				]
			},
			"minecraft:entity_transformed": {
				"sequence": [
					{
						"randomize": [
							{
								"weight": 14,
								"add": {
									"component_groups": [
										"skin1"
									]
								}
							},
							{
								"weight": 14,
								"add": {
									"component_groups": [
										"skin2"
									]
								}
							},
							{
								"weight": 14,
								"add": {
									"component_groups": [
										"skin3"
									]
								}
							},
							{
								"weight": 14,
								"add": {
									"component_groups": [
										"skin4"
									]
								}
							},
							{
								"weight": 14,
								"add": {
									"component_groups": [
										"skin5"
									]
								}
							},
							{
								"weight": 14,
								"add": {
									"component_groups": [
										"skin6"
									]
								}
							},
							{
								"weight": 14,
								"add": {
									"component_groups": [
										"skin7"
									]
								}
							}
						]
					},
					{
						"filters": {
							"test": "is_mark_variant",
							"subject": "other",
							"value": 1
						},
						"add": {
							"component_groups": [
								"desert_villager"
							]
						}
					},
					{
						"filters": {
							"test": "is_mark_variant",
							"subject": "other",
							"value": 2
						},
						"add": {
							"component_groups": [
								"jungle_villager"
							]
						}
					},
					{
						"filters": {
							"test": "is_mark_variant",
							"subject": "other",
							"value": 3
						},
						"add": {
							"component_groups": [
								"savanna_villager"
							]
						}
					},
					{
						"filters": {
							"test": "is_mark_variant",
							"subject": "other",
							"value": 4
						},
						"add": {
							"component_groups": [
								"snow_villager"
							]
						}
					},
					{
						"filters": {
							"test": "is_mark_variant",
							"subject": "other",
							"value": 5
						},
						"add": {
							"component_groups": [
								"swamp_villager"
							]
						}
					},
					{
						"filters": {
							"test": "is_mark_variant",
							"subject": "other",
							"value": 6
						},
						"add": {
							"component_groups": [
								"taiga_villager"
							]
						}
					},
					{
						"add": {
							"component_groups": [
								"minecraft:melee_attack",
								"defender"
							]
						}
					}
				]
			},
			"level_up": {
				"sequence": [
					{
						"filters": {
							"test": "is_variant",
							"subject": "self",
							"operator": "==",
							"value": 0
						},
						"add": {
							"component_groups": [
								"one_kill"
							]
						}
					},
					{
						"filters": {
							"test": "is_variant",
							"subject": "self",
							"operator": "==",
							"value": 1
						},
						"add": {
							"component_groups": [
								"become_soldier"
							]
						}
					}
				]
			},
			"become_calm_event": {
				"remove": {
					"component_groups": [
						"angry"
					]
				}
			},
			"become_angry_event": {
				"add": {
					"component_groups": [
						"angry"
					]
				}
			},
			"drop": {
				"add": {
					"component_groups": [
						"drop"
					]
				}
			},
			"become_captain": {
				"add": {
					"component_groups": [
						"become_soldier"
					]
				}
			}
		}
	}
}