{
	"format_version": "1.12",
	"minecraft:recipe_shapeless": {
		"description": {
			"identifier": "df:full_soldier_armor"
		},
		"tags": [
			"crafting_table"
		],
		"ingredients": [
			{
				"item": "df:villager_soldier_helmet",
				"count": 1
			},
			{
				"item": "df:villager_soldier_chestplate",
				"count": 1
			},
			{
				"item": "df:villager_soldier_leggings",
				"count": 1
			},
			{
				"item": "df:villager_soldier_boots",
				"count": 1
			}
		],
		"result": {
			"count": 1,
			"item": "df:full_soldier_armor"
		}
	}
}