{
	"format_version": 1.12,
	"minecraft:recipe_shapeless": {
		"description": {
			"identifier": "df:full_iron_armor"
		},
		"tags": [
			"crafting_table"
		],
		"ingredients": [
			{
				"item": "minecraft:iron_helmet",
				"count": 1
			},
			{
				"item": "minecraft:iron_chestplate",
				"count": 1
			},
			{
				"item": "minecraft:iron_leggings",
				"count": 1
			},
			{
				"item": "minecraft:iron_boots",
				"count": 1
			}
		],
		"result": [
			{
				"item": "df:full_iron_armor",
				"count": 1
			}
		]
	}
}