{
    "format_version": "1.8.0",
    "animations": {
      "animation.triceratops.spawn":{
          "loop": false,
          "animation_length": 0.5,
          "timeline":{
                "0.2":[
                    "/execute @s[tag=!counted,tag=!z2_exhibit_dino] ~ ~ ~ /scoreboard players add @e[tag=disaster_system] trice 1",
                    "/execute @s[tag=!counted,tag=!z2_exhibit_dino] ~ ~ ~ /tag @s add counted"           
                ]
          }
      },
      "animation.triceratops.dead": {
          "loop": false,
          "timeline": {
              "0.0":[
                      "/execute @s[tag=counted,tag=!z2_exhibit_dino,tag=!starting_dino] ~ ~ ~ /scoreboard players remove @e[tag=disaster_system] trice 1"
                  ]
          },
          "animation_length": 1.0
      }
    }
  }
  