{
  "mob.pa_raphtalia.hit": {
    "category": " neutral",
    "sounds": [
      "sounds/mob/pa_raphtalia/hit"
    ]
  },
  "mob.pa_megumi.hit": {
    "category": " neutral",
    "sounds": [
      "sounds/mob/pa_megumi/hit"
    ]
  },
  "mob.pa_megumi.idle": {
    "category": " neutral",
    "sounds": [
      "sounds/mob/pa_megumi/idle"
    ]
  },
  "mob.pa_raphtalia.idle": {
    "category": " neutral",
    "sounds": [
      "sounds/mob/pa_raphtalia/idle"
    ]
  },
  "mob.pa_megumi.death": {
    "category": " neutral",
    "sounds": [
      "sounds/mob/pa_megumi/death"
    ]
  },
  "mob.pa_raphtalia.death": {
    "category": " neutral",
    "sounds": [
      "sounds/mob/pa_raphtalia/death"
    ]
  },
  "mob.pa_levi.hit": {
    "category": " neutral",
    "sounds": [
      "sounds/mob/pa_levi/hit"
    ]
  },
  "mob.pa_levi.death": {
    "category": " neutral",
    "sounds": [
      "sounds/mob/pa_levi/death"
    ]
  },
  "mob.pa_levi.idle": {
    "category": " neutral",
    "sounds": [
      "sounds/mob/pa_levi/idle"
    ]
  },
  "mob.pa_satoru.hit": {
    "category": " neutral",
    "sounds": [
      "sounds/mob/pa_satoru/hit"
    ]
  },
  "mob.pa_baki.hit": {
    "category": " neutral",
    "sounds": [
      "sounds/mob/pa_baki/hit"
    ]
  },
  "mob.pa_dazai.hit": {
    "category": " neutral",
    "sounds": [
      "sounds/mob/pa_dazai/hit"
    ]
  },
  "mob.pa_satoru.idle": {
    "category": " neutral",
    "sounds": [
      "sounds/mob/pa_satoru/idle"
    ]
  },
  "mob.pa_satoru.death": {
    "category": " neutral",
    "sounds": [
      "sounds/mob/pa_satoru/death"
    ]
  },
  "mob.pa_dazai.death": {
    "category": " neutral",
    "sounds": [
      "sounds/mob/pa_dazai/death"
    ]
  },
  "mob.pa_baki.death": {
    "category": " neutral",
    "sounds": [
      "sounds/mob/pa_baki/death"
    ]
  },
  "mob.pa_glenn.hit": {
    "category": " neutral",
    "sounds": [
      "sounds/mob/pa_glenn/hit"
    ]
  },
  "mob.pa_glenn.death": {
    "category": " neutral",
    "sounds": [
      "sounds/mob/pa_glenn/death"
    ]
  },
  "mob.pa_baki.idle": {
    "category": " neutral",
    "sounds": [
      "sounds/mob/pa_baki/idle"
    ]
  },
  "mob.pa_chika.hit": {
    "category": " neutral",
    "sounds": [
      "sounds/mob/pa_chika/hit"
    ]
  },
  "mob.pa_ayame.hit": {
    "category": " neutral",
    "sounds": [
      "sounds/mob/pa_ayame/hit"
    ]
  },
  "mob.pa_glenn.idle": {
    "category": " neutral",
    "sounds": [
      "sounds/mob/pa_glenn/idle"
    ]
  },
  "mob.pa_vanitas.hit": {
    "category": " neutral",
    "sounds": [
      "sounds/mob/pa_vanitas/hit"
    ]
  },
  "mob.pa_ayame.death": {
    "category": " neutral",
    "sounds": [
      "sounds/mob/pa_ayame/death"
    ]
  },
  "mob.pa_vanitas.idle": {
    "category": " neutral",
    "sounds": [
      "sounds/mob/pa_vanitas/idle"
    ]
  },
  "mob.pa_chika.idle": {
    "category": " neutral",
    "sounds": [
      "sounds/mob/pa_chika/idle"
    ]
  },
  "mob.pa_chika.death": {
    "category": " neutral",
    "sounds": [
      "sounds/mob/pa_chika/death"
    ]
  },
  "mob.pa_oze.death": {
    "category": " neutral",
    "sounds": [
      "sounds/mob/pa_oze/death"
    ]
  },
  "mob.pa_mikey.death": {
    "category": " neutral",
    "sounds": [
      "sounds/mob/pa_mikey/death"
    ]
  },
  "mob.pa_rem.hit": {
    "category": " neutral",
    "sounds": [
      "sounds/mob/pa_rem/hit"
    ]
  },
  "mob.pa_mikey.idle": {
    "category": " neutral",
    "sounds": [
      "sounds/mob/pa_mikey/idle"
    ]
  },
  "mob.pa_rem.idle": {
    "category": " neutral",
    "sounds": [
      "sounds/mob/pa_rem/idle"
    ]
  },
  "mob.pa_oze.idle": {
    "category": " neutral",
    "sounds": [
      "sounds/mob/pa_oze/idle"
    ]
  },
  "mob.pa_rem.death": {
    "category": " neutral",
    "sounds": [
      "sounds/mob/pa_rem/death"
    ]
  },
  "mob.pa_mikey.hit": {
    "category": " neutral",
    "sounds": [
      "sounds/mob/pa_mikey/hit"
    ]
  },
  "mob.pa_miku.hit": {
    "category": " neutral",
    "sounds": [
      "sounds/mob/pa_miku/hit"
    ]
  },
  "mob.pa_ayame.idle": {
    "category": " neutral",
    "sounds": [
      "sounds/mob/pa_ayame/idle"
    ]
  },
  "mob.pa_oze.hit": {
    "category": " neutral",
    "sounds": [
      "sounds/mob/pa_oze/hit"
    ]
  },
  "mob.pa_miku.idle": {
    "category": " neutral",
    "sounds": [
      "sounds/mob/pa_miku/idle"
    ]
  },
  "mob.pa_hancock.hit": {
    "category": " neutral",
    "sounds": [
      "sounds/mob/pa_hancock/hit"
    ]
  },
  "mob.pa_miku.death": {
    "category": " neutral",
    "sounds": [
      "sounds/mob/pa_miku/death"
    ]
  },
  "mob.pa_dazai.idle": {
    "category": " neutral",
    "sounds": [
      "sounds/mob/pa_dazai/idle"
    ]
  },
  "mob.pa_asuna.hit": {
    "category": " neutral",
    "sounds": [
      "sounds/mob/pa_asuna/hit"
    ]
  },
  "mob.pa_vanitas.death": {
    "category": " neutral",
    "sounds": [
      "sounds/mob/pa_vanitas/death"
    ]
  },
  "mob.pa_asuna.idle": {
    "category": " neutral",
    "sounds": [
      "sounds/mob/pa_asuna/idle"
    ]
  },
  "mob.pa_asuna.death": {
    "category": " neutral",
    "sounds": [
      "sounds/mob/pa_asuna/death"
    ]
  },
  "mob.pa_hancock.idle": {
    "category": " neutral",
    "sounds": [
      "sounds/mob/pa_hancock/idle"
    ]
  },
  "mob.pa_sanji.idle": {
    "category": " neutral",
    "sounds": [
      "sounds/mob/pa_sanji/idle"
    ]
  },
  "mob.pa_sanji.hit": {
    "category": " neutral",
    "sounds": [
      "sounds/mob/pa_sanji/hit"
    ]
  },
  "mob.pa_goku.hit": {
    "category": " neutral",
    "sounds": [
      "sounds/mob/pa_goku/hit"
    ]
  },
  "mob.pa_sanji.death": {
    "category": " neutral",
    "sounds": [
      "sounds/mob/pa_sanji/death"
    ]
  },
  "mob.pa_goku.death": {
    "category": " neutral",
    "sounds": [
      "sounds/mob/pa_goku/death"
    ]
  },
  "mob.pa_boros.death": {
    "category": " neutral",
    "sounds": [
      "sounds/mob/pa_boros/death"
    ]
  },
  "mob.pa_goku.idle": {
    "category": " neutral",
    "sounds": [
      "sounds/mob/pa_goku/idle"
    ]
  },
  "mob.pa_hancock.death": {
    "category": " neutral",
    "sounds": [
      "sounds/mob/pa_hancock/death"
    ]
  },
  "mob.pa_boros.idle": {
    "category": " neutral",
    "sounds": [
      "sounds/mob/pa_boros/idle"
    ]
  },
  "mob.pa_tohru.idle": {
    "category": " neutral",
    "sounds": [
      "sounds/mob/pa_tohru/idle"
    ]
  },
  "mob.pa_muzanmonster.hit": {
    "category": " neutral",
    "sounds": [
      "sounds/mob/pa_muzanmonster/hit"
    ]
  },
  "mob.pa_muzanmonster.idle": {
    "category": " neutral",
    "sounds": [
      "sounds/mob/pa_muzanmonster/idle"
    ]
  },
  "mob.pa_muzanmonster.death": {
    "category": " neutral",
    "sounds": [
      "sounds/mob/pa_muzanmonster/death"
    ]
  },
  "mob.pa_tohru.hit": {
    "category": " neutral",
    "sounds": [
      "sounds/mob/pa_tohru/hit"
    ]
  },
  "mob.pa_kohaku.hit": {
    "category": " neutral",
    "sounds": [
      "sounds/mob/pa_kohaku/hit"
    ]
  },
  "mob.pa_korosensei.hit": {
    "category": " neutral",
    "sounds": [
      "sounds/mob/pa_korosensei/hit"
    ]
  },
  "mob.pa_kohaku.death": {
    "category": " neutral",
    "sounds": [
      "sounds/mob/pa_kohaku/death"
    ]
  },
  "mob.pa_yumeko.death": {
    "category": " neutral",
    "sounds": [
      "sounds/mob/pa_yumeko/death"
    ]
  },
  "mob.pa_tatsumaki.death": {
    "category": " neutral",
    "sounds": [
      "sounds/mob/pa_tatsumaki/death"
    ]
  },
  "mob.pa_tatsumaki.idle": {
    "category": " neutral",
    "sounds": [
      "sounds/mob/pa_tatsumaki/idle"
    ]
  },
  "mob.pa_korosensei.death": {
    "category": " neutral",
    "sounds": [
      "sounds/mob/pa_korosensei/death"
    ]
  },
  "mob.pa_tohru.death": {
    "category": " neutral",
    "sounds": [
      "sounds/mob/pa_tohru/death"
    ]
  },
  "mob.pa_tatsumaki.hit": {
    "category": " neutral",
    "sounds": [
      "sounds/mob/pa_tatsumaki/hit"
    ]
  },
  "mob.pa_boros.hit": {
    "category": " neutral",
    "sounds": [
      "sounds/mob/pa_boros/hit"
    ]
  },
  "mob.pa_kohaku.idle": {
    "category": " neutral",
    "sounds": [
      "sounds/mob/pa_kohaku/idle"
    ]
  },
  "mob.pa_yumeko.hit": {
    "category": " neutral",
    "sounds": [
      "sounds/mob/pa_yumeko/hit"
    ]
  },
  "mob.pa_korosensei.idle": {
    "category": " neutral",
    "sounds": [
      "sounds/mob/pa_korosensei/idle"
    ]
  },
  "mob.pa_esdeath.hit": {
    "category": " neutral",
    "sounds": [
      "sounds/mob/pa_esdeath/hit"
    ]
  },
  "mob.pa_yumeko.idle": {
    "category": " neutral",
    "sounds": [
      "sounds/mob/pa_yumeko/idle"
    ]
  },
  "mob.pa_muzan.idle": {
    "category": " neutral",
    "sounds": [
      "sounds/mob/pa_muzan/idle"
    ]
  },
  "mob.pa_esdeath.idle": {
    "category": " neutral",
    "sounds": [
      "sounds/mob/pa_esdeath/idle"
    ]
  },
  "mob.pa_esdeath.death": {
    "category": " neutral",
    "sounds": [
      "sounds/mob/pa_esdeath/death"
    ]
  },
  "mob.pa_muzan.hit": {
    "category": " neutral",
    "sounds": [
      "sounds/mob/pa_muzan/hit"
    ]
  },
  "mob.pa_tukaluna.hit": {
    "category": " neutral",
    "sounds": [
      "sounds/mob/pa_tukaluna/hit"
    ]
  },
  "mob.pa_muzan.death": {
    "category": " neutral",
    "sounds": [
      "sounds/mob/pa_muzan/death"
    ]
  },
  "mob.pa_tukaluna.death": {
    "category": " neutral",
    "sounds": [
      "sounds/mob/pa_tukaluna/death"
    ]
  },
  "mob.pa_tukaluna.idle": {
    "category": " neutral",
    "sounds": [
      "sounds/mob/pa_tukaluna/idle"
    ]
  },
  "pa_skillesdeath_shot": {
    "category": "neutral",
    "sounds": [
      "sounds/pa_skillesdeath_shot"
    ]
  },
  "pa_lunaskill_shot": {
    "category": "neutral",
    "sounds": [
      "sounds/pa_lunaskill_shot"
    ]
  },
  "pa_daizaskill_shot": {
    "category": "neutral",
    "sounds": [
      "sounds/pa_daizaskill_shot"
    ]
  },
  "pa_skill_shot": {
    "category": "neutral",
    "sounds": [
      "sounds/pa_skill_shot"
    ]
  },
  "pa_skilltatsumaki_shot": {
    "category": "neutral",
    "sounds": [
      "sounds/pa_skilltatsumaki_shot"
    ]
  },
  "pa_skillhancock_shot": {
    "category": "neutral",
    "sounds": [
      "sounds/pa_skillhancock_shot"
    ]
  }
}