{
  "format_version": "1.12",
  "minecraft:recipe_shaped": {
    "description": {
      "identifier": "recipes_801b081f"
    },
    "tags": [
      "crafting_table"
    ],
    "pattern": [
      "A B",
      "CDE",
      "AAE"
    ],
    "key": {
      "A": {
        "item": "minecraft:quartz_block",
        "data": 0
      },
      "B": {
        "item": "minecraft:compass",
        "data": 0
      },
      "C": {
        "item": "minecraft:quartz_block",
        "data": 3
      },
      "D": {
        "item": "minecraft:stone_slab",
        "data": 6
      },
      "E": {
        "item": "minecraft:chain",
        "data": 0
      }
    },
    "result": {
      "item": "seb:speakerman_car_spawn_egg",
      "count": 1
    }
  }
}