{
  "format_version": "1.12",
  "minecraft:recipe_shaped": {
    "description": {
      "identifier": "recipes_7209566c"
    },
    "tags": [
      "crafting_table"
    ],
    "pattern": [
      " AB",
      "CCC",
      "D D"
    ],
    "key": {
      "A": {
        "item": "minecraft:anvil",
        "data": 0
      },
      "B": {
        "item": "minecraft:beacon",
        "data": 0
      },
      "C": {
        "item": "minecraft:iron_block",
        "data": 0
      },
      "D": {
        "item": "minecraft:wool",
        "data": 15
      }
    },
    "result": {
      "item": "seb:laser_tank_spawn_egg",
      "count": 1
    }
  }
}