{
  "entity_sounds": {
    "entities": {
      "sb:armor_skibidi_toilet": {
        "volume": 1.0,
        "pitch": [
          0.8,
          1.2
        ],
        "events": {
          "ambient": "mob.sb_skibidi_toilet.say",
          "hurt": "mob.sb_skibidi_toilet.hit",
          "death": "mob.sb_skibidi_toilet.kill",
          "step": "mob.sb_skibidi_toilet.step"
        }
      },
      "sb:spider_skibidi_toilet": {
        "volume": 1.0,
        "pitch": [
          0.8,
          1.2
        ],
        "events": {
          "ambient": "mob.sb_skibidi_toilet.say",
          "hurt": "mob.sb_skibidi_toilet.hit",
          "death": "mob.sb_skibidi_toilet.kill",
          "step": "mob.sb_many_head_skibidi_toilet.step"
        }
      }
    }
  }
}