{
  "format_version": "1.17.0",
  "minecraft:block": {
    "description": {
      "identifier": "ard:deepslate_heart_shard_ore",
      "is_experimental": false,
      "category": "Nature"
    },
    "components": {
      "minecraft:creative_category": {
        "category": "nature",
        "group": "itemGroup.name.ore"
      },
      "minecraft:destroy_time": 2.3,
      "minecraft:explosion_resistance": 3.0,
      "minecraft:loot": "loot_tables/blocks/heart_shard.json",
      "minecraft:on_player_destroyed": {
        "event": "break",
        "target": "self"
      }
    },
    "events": {
      "break": {
        "randomize": [
          {
            "weight": 1,
            "run_command": {
              "command": [
                "summon xp_orb",
                "summon xp_orb"
              ]
            }
          },
          {
            "weight": 1,
            "run_command": {
              "command": [
                "summon xp_orb",
                "summon xp_orb",
                "summon xp_orb"
              ]
            }
          },
          {
            "weight": 1,
            "run_command": {
              "command": [
                "summon xp_orb",
                "summon xp_orb",
                "summon xp_orb",
                "summon xp_orb"
              ]
            }
          },
          {
            "weight": 1,
            "run_command": {
              "command": [
                "summon xp_orb",
                "summon xp_orb",
                "summon xp_orb",
                "summon xp_orb",
                "summon xp_orb"
              ]
            }
          }
        ]
      }
    }
  }
}