{
	"format_version": "1.10.0",
	"animation_controllers": {
		"controller.animation.check_for_walking": {
			"initial_state": "default",
			"states": {
				"default": {
					"on_entry": ["/say not walking", "v.tick_delay = q.life_time;"],
					"transitions": [
						{"checking_for_walking": "query.is_moving && (q.life_time - v.tick_delay) >= 2"}
					]
				},
				"checking_for_walking": {
					"on_entry": ["/say walking"],
					"transitions": [
						{"default": "query.all_animations_finished"}
					]
				}
			}
		},
		"controller.animation.compy3death": {
			"initial_state": "default",
			"states": {
				"default": {
					"transitions": [
						{"compy3death": "!query.is_alive && query.mark_variant == 3"},
						{"compy3death2": "!query.is_alive && query.mark_variant == 2"},
						{"compy3death1": "!query.is_alive && query.mark_variant == 1"}
					]
				},
				"compy3death": {
					"on_entry": ["/summon vl:compsognathus","/summon vl:compsognathus","/summon vl:compsognathus", "@s normal"],
					"transitions": [
						{"default": "query.is_alive && query.mark_variant != 3"}
					]
				},
				"compy3death2": {
					"on_entry": ["/summon vl:compsognathus","/summon vl:compsognathus", "@s normal"],
					"transitions": [
						{"default": "query.is_alive && query.mark_variant != 3"}
					]
				},
				"compy3death1": {
					"on_entry": ["/summon vl:compsognathus", "@s normal"],
					"transitions": [
						{"default": "query.is_alive && query.mark_variant != 3"}
					]
				}
			}
		},
		"controller.animation.compy": {
			"initial_state": "default",
			"states": {
				"default": {
					"transitions": [
						{"compy1": "query.mark_variant == 1 || query.mark_variant == 2"},
						{"compy3": "query.mark_variant == 3"}
					]
				},
				"compy1": {
					"animations": ["compy1"],
					"transitions": [
						{"default": "query.mark_variant != 1"}
					]
				},
				"compy3": {
					"animations": ["compy3"],
					"transitions": [
						{"default": "query.mark_variant != 3"}
					]
				}
			}
		},
		"controller.animation.compy_off_system": {
			"initial_state": "default",
			"states": {
			  "default": {
				"on_entry": ["/event entity @s sndbx:remove_ready_dash"],
				"transitions": [
				  { "sneaking": "query.mark_variant == 1 || query.mark_variant == 2 || query.mark_variant == 3"}
				]
			  },
			  "sneaking": {
				"animations": ["get_off_compy"], 
				"transitions": [
				  {"default": "!q.is_sneaking && query.mark_variant == 1 || query.mark_variant == 2 || query.mark_variant == 3"},
				  {"finished": "(q.all_animations_finished) && q.is_sneaking && query.mark_variant == 1 || query.mark_variant == 2 || query.mark_variant == 3"}
				]
			  },
			  "finished":{
				"on_entry": ["@s normal", "/summon vl:compsognathus ~~~-2"],
				"transitions": [
				  {"cooldown": "!query.mark_variant == 1 || !query.mark_variant == 2 || !query.mark_variant == 3"}
				]
			  },
			  "cooldown":{
				"transitions": [
				  {"default": "q.all_animations_finished && query.mark_variant == 1 || query.mark_variant == 2 || query.mark_variant == 3"}
				]
			  }
			}
		}
	}
}