{
  "format_version": "1.12.0",
  "minecraft:geometry": [
    {
      "description": {
        "identifier": "geometry.pa_hi",
        "texture_width": 128,
        "texture_height": 128,
        "visible_bounds_width": 10,
        "visible_bounds_height": 6,
        "visible_bounds_offset": [
          0,
          1,
          0
        ]
      },
      "bones": [
        {
          "name": "Body",
          "pivot": [
            0,
            17,
            0
          ],
          "rotation": [
            65,
            0,
            0
          ],
          "cubes": [
            {
              "origin": [
                -4,
                5,
                -4
              ],
              "size": [
                8,
                4,
                8
              ],
              "uv": [
                72,
                8
              ]
            },
            {
              "origin": [
                -3,
                9,
                -3
              ],
              "size": [
                6,
                3,
                6
              ],
              "uv": [
                64,
                26
              ]
            },
            {
              "origin": [
                -6,
                12,
                -6
              ],
              "size": [
                12,
                2,
                12
              ],
              "uv": [
                0,
                23
              ]
            },
            {
              "origin": [
                -8,
                14,
                -8
              ],
              "size": [
                16,
                7,
                16
              ],
              "uv": [
                0,
                0
              ]
            },
            {
              "origin": [
                -7,
                20,
                8
              ],
              "size": [
                14,
                14,
                2
              ],
              "uv": [
                64,
                61
              ]
            }
          ]
        },
        {
          "name": "Bo",
          "parent": "Body",
          "pivot": [
            -2,
            28,
            -3
          ],
          "rotation": [
            -57.5,
            0,
            0
          ],
          "cubes": [
            {
              "origin": [
                -3,
                22.5689,
                -2.19455
              ],
              "size": [
                6,
                9,
                4
              ],
              "pivot": [
                0,
                29,
                0
              ],
              "rotation": [
                65,
                0,
                0
              ],
              "uv": [
                0,
                95
              ]
            }
          ]
        },
        {
          "name": "Leher4",
          "parent": "Bo",
          "pivot": [
            -2,
            28,
            -3
          ],
          "cubes": [
            {
              "origin": [
                3,
                30,
                -5
              ],
              "size": [
                4,
                20,
                5
              ],
              "pivot": [
                0,
                13,
                -8
              ],
              "rotation": [
                0,
                0,
                -27.5
              ],
              "uv": [
                20,
                77
              ]
            }
          ]
        },
        {
          "name": "Head4",
          "parent": "Leher4",
          "pivot": [
            -13,
            46,
            -3
          ],
          "cubes": [
            {
              "origin": [
                -17,
                46,
                -7
              ],
              "size": [
                8,
                8,
                8
              ],
              "uv": [
                64,
                37
              ]
            }
          ]
        },
        {
          "name": "Bibir7",
          "parent": "Head4",
          "pivot": [
            -13,
            49,
            -11
          ],
          "cubes": [
            {
              "origin": [
                -15,
                48,
                -7.1
              ],
              "size": [
                4,
                1,
                0
              ],
              "uv": [
                0,
                1
              ]
            },
            {
              "origin": [
                -16,
                49,
                -7.1
              ],
              "size": [
                1,
                1,
                0
              ],
              "uv": [
                2,
                3
              ]
            },
            {
              "origin": [
                -11,
                49,
                -7.1
              ],
              "size": [
                1,
                1,
                0
              ],
              "uv": [
                0,
                3
              ]
            }
          ]
        },
        {
          "name": "Bibir8",
          "parent": "Head4",
          "pivot": [
            -13,
            48,
            -7
          ],
          "cubes": [
            {
              "origin": [
                -15,
                47,
                -7.1
              ],
              "size": [
                4,
                1,
                0
              ],
              "uv": [
                0,
                0
              ]
            },
            {
              "origin": [
                -16,
                48,
                -7.1
              ],
              "size": [
                1,
                1,
                0
              ],
              "uv": [
                2,
                2
              ]
            },
            {
              "origin": [
                -11,
                48,
                -7.1
              ],
              "size": [
                1,
                1,
                0
              ],
              "uv": [
                0,
                2
              ]
            }
          ]
        },
        {
          "name": "Leher3",
          "parent": "Bo",
          "pivot": [
            0,
            29,
            -3
          ],
          "cubes": [
            {
              "origin": [
                -1,
                31,
                -5
              ],
              "size": [
                5,
                28,
                5
              ],
              "pivot": [
                0,
                30,
                -8
              ],
              "rotation": [
                0,
                0,
                20
              ],
              "uv": [
                0,
                37
              ]
            }
          ]
        },
        {
          "name": "Head5",
          "parent": "Leher3",
          "pivot": [
            11,
            53,
            -3
          ],
          "cubes": [
            {
              "origin": [
                7,
                53,
                -7
              ],
              "size": [
                8,
                8,
                8
              ],
              "uv": [
                32,
                61
              ]
            }
          ]
        },
        {
          "name": "Bibir9",
          "parent": "Head5",
          "pivot": [
            11,
            56,
            -11
          ],
          "cubes": [
            {
              "origin": [
                9,
                55,
                -7.1
              ],
              "size": [
                4,
                1,
                0
              ],
              "uv": [
                0,
                1
              ]
            },
            {
              "origin": [
                8,
                56,
                -7.1
              ],
              "size": [
                1,
                1,
                0
              ],
              "uv": [
                2,
                3
              ]
            },
            {
              "origin": [
                13,
                56,
                -7.1
              ],
              "size": [
                1,
                1,
                0
              ],
              "uv": [
                0,
                3
              ]
            }
          ]
        },
        {
          "name": "Bibir10",
          "parent": "Head5",
          "pivot": [
            11,
            55,
            -7
          ],
          "cubes": [
            {
              "origin": [
                9,
                54,
                -7.1
              ],
              "size": [
                4,
                1,
                0
              ],
              "uv": [
                0,
                0
              ]
            },
            {
              "origin": [
                8,
                55,
                -7.1
              ],
              "size": [
                1,
                1,
                0
              ],
              "uv": [
                2,
                2
              ]
            },
            {
              "origin": [
                13,
                55,
                -7.1
              ],
              "size": [
                1,
                1,
                0
              ],
              "uv": [
                0,
                2
              ]
            }
          ]
        },
        {
          "name": "Leher",
          "parent": "Bo",
          "pivot": [
            0,
            28,
            -6
          ],
          "rotation": [
            0,
            20,
            0
          ],
          "cubes": [
            {
              "origin": [
                -13,
                26,
                -19
              ],
              "size": [
                5,
                26,
                5
              ],
              "pivot": [
                0,
                36,
                -18
              ],
              "rotation": [
                53.64593,
                41.29713,
                -22.36582
              ],
              "uv": [
                20,
                37
              ]
            }
          ]
        },
        {
          "name": "Head2",
          "parent": "Leher",
          "pivot": [
            -17,
            36,
            -22
          ],
          "rotation": [
            0,
            -15,
            0
          ],
          "cubes": [
            {
              "origin": [
                -21,
                36,
                -26
              ],
              "size": [
                8,
                8,
                8
              ],
              "uv": [
                48,
                0
              ]
            }
          ]
        },
        {
          "name": "Bibir3",
          "parent": "Head2",
          "pivot": [
            -17,
            39,
            -30
          ],
          "cubes": [
            {
              "origin": [
                -19,
                38,
                -26.1
              ],
              "size": [
                4,
                1,
                0
              ],
              "uv": [
                0,
                1
              ]
            },
            {
              "origin": [
                -20,
                39,
                -26.1
              ],
              "size": [
                1,
                1,
                0
              ],
              "uv": [
                2,
                3
              ]
            },
            {
              "origin": [
                -15,
                39,
                -26.1
              ],
              "size": [
                1,
                1,
                0
              ],
              "uv": [
                0,
                3
              ]
            }
          ]
        },
        {
          "name": "Bibir4",
          "parent": "Head2",
          "pivot": [
            -17,
            38,
            -26
          ],
          "cubes": [
            {
              "origin": [
                -19,
                37,
                -26.1
              ],
              "size": [
                4,
                1,
                0
              ],
              "uv": [
                0,
                0
              ]
            },
            {
              "origin": [
                -20,
                38,
                -26.1
              ],
              "size": [
                1,
                1,
                0
              ],
              "uv": [
                2,
                2
              ]
            },
            {
              "origin": [
                -15,
                38,
                -26.1
              ],
              "size": [
                1,
                1,
                0
              ],
              "uv": [
                0,
                2
              ]
            }
          ]
        },
        {
          "name": "Leher2",
          "parent": "Bo",
          "pivot": [
            0,
            29,
            -5
          ],
          "rotation": [
            0,
            0,
            110
          ],
          "cubes": [
            {
              "origin": [
                -15.11243,
                27.98018,
                -13
              ],
              "size": [
                5,
                20,
                5
              ],
              "pivot": [
                -1.11243,
                34.98018,
                -19
              ],
              "rotation": [
                13.88404,
                31.58888,
                -35.8861
              ],
              "uv": [
                0,
                70
              ]
            }
          ]
        },
        {
          "name": "Head3",
          "parent": "Leher2",
          "pivot": [
            -13,
            45,
            -8
          ],
          "rotation": [
            0,
            0,
            -107.5
          ],
          "cubes": [
            {
              "origin": [
                -17,
                45,
                -12
              ],
              "size": [
                8,
                8,
                8
              ],
              "uv": [
                40,
                45
              ]
            }
          ]
        },
        {
          "name": "Bibir5",
          "parent": "Head3",
          "pivot": [
            -13,
            48,
            -16
          ],
          "cubes": [
            {
              "origin": [
                -15,
                47,
                -12.1
              ],
              "size": [
                4,
                1,
                0
              ],
              "uv": [
                0,
                1
              ]
            },
            {
              "origin": [
                -16,
                48,
                -12.1
              ],
              "size": [
                1,
                1,
                0
              ],
              "uv": [
                2,
                3
              ]
            },
            {
              "origin": [
                -11,
                48,
                -12.1
              ],
              "size": [
                1,
                1,
                0
              ],
              "uv": [
                0,
                3
              ]
            }
          ]
        },
        {
          "name": "Bibir6",
          "parent": "Head3",
          "pivot": [
            -13,
            47,
            -12
          ],
          "cubes": [
            {
              "origin": [
                -15,
                46,
                -12.1
              ],
              "size": [
                4,
                1,
                0
              ],
              "uv": [
                0,
                0
              ]
            },
            {
              "origin": [
                -16,
                47,
                -12.1
              ],
              "size": [
                1,
                1,
                0
              ],
              "uv": [
                2,
                2
              ]
            },
            {
              "origin": [
                -11,
                47,
                -12.1
              ],
              "size": [
                1,
                1,
                0
              ],
              "uv": [
                0,
                2
              ]
            }
          ]
        },
        {
          "name": "Head6",
          "parent": "Body",
          "pivot": [
            3,
            44,
            -3
          ],
          "rotation": [
            -60,
            0,
            0
          ],
          "cubes": [
            {
              "origin": [
                -1,
                44,
                -7
              ],
              "size": [
                8,
                8,
                8
              ],
              "uv": [
                40,
                29
              ]
            },
            {
              "origin": [
                1,
                29,
                -3
              ],
              "size": [
                4,
                16,
                4
              ],
              "pivot": [
                3,
                44,
                -3
              ],
              "rotation": [
                59.40129,
                -10.80355,
                6.32526
              ],
              "uv": [
                2,
                71
              ]
            }
          ]
        },
        {
          "name": "Bibir",
          "parent": "Head6",
          "pivot": [
            3,
            47,
            -11
          ],
          "cubes": [
            {
              "origin": [
                1,
                46,
                -7.1
              ],
              "size": [
                4,
                1,
                0
              ],
              "uv": [
                0,
                1
              ]
            },
            {
              "origin": [
                0,
                47,
                -7.1
              ],
              "size": [
                1,
                1,
                0
              ],
              "uv": [
                2,
                3
              ]
            },
            {
              "origin": [
                5,
                47,
                -7.1
              ],
              "size": [
                1,
                1,
                0
              ],
              "uv": [
                0,
                3
              ]
            }
          ]
        },
        {
          "name": "Bibir2",
          "parent": "Head6",
          "pivot": [
            3,
            46,
            -7
          ],
          "cubes": [
            {
              "origin": [
                1,
                45,
                -7.1
              ],
              "size": [
                4,
                1,
                0
              ],
              "uv": [
                0,
                0
              ]
            },
            {
              "origin": [
                0,
                46,
                -7.1
              ],
              "size": [
                1,
                1,
                0
              ],
              "uv": [
                2,
                2
              ]
            },
            {
              "origin": [
                5,
                46,
                -7.1
              ],
              "size": [
                1,
                1,
                0
              ],
              "uv": [
                0,
                2
              ]
            }
          ]
        },
        {
          "name": "bone3",
          "parent": "Body",
          "pivot": [
            7,
            13,
            0
          ],
          "rotation": [
            -65,
            0,
            0
          ],
          "cubes": [
            {
              "origin": [
                -16.25263,
                11.83906,
                0
              ],
              "size": [
                23,
                2,
                1
              ],
              "pivot": [
                6,
                13,
                0
              ],
              "rotation": [
                0,
                0,
                165
              ],
              "uv": [
                36,
                23
              ]
            }
          ]
        },
        {
          "name": "bone4",
          "parent": "bone3",
          "pivot": [
            27,
            18,
            0
          ],
          "rotation": [
            0,
            0,
            50
          ],
          "cubes": [
            {
              "origin": [
                -24.89216,
                -10.11027,
                0
              ],
              "size": [
                23,
                2,
                1
              ],
              "pivot": [
                9.36047,
                7.05067,
                0
              ],
              "rotation": [
                0,
                0,
                -160
              ],
              "uv": [
                36,
                23
              ]
            }
          ]
        },
        {
          "name": "bone",
          "parent": "Body",
          "pivot": [
            -6,
            13,
            0
          ],
          "rotation": [
            -70.34456,
            -13.89628,
            -13.18359
          ],
          "cubes": [
            {
              "origin": [
                -25,
                9,
                0
              ],
              "size": [
                23,
                2,
                1
              ],
              "pivot": [
                0,
                17,
                0
              ],
              "rotation": [
                0,
                0,
                37.5
              ],
              "uv": [
                36,
                23
              ]
            }
          ]
        },
        {
          "name": "bone2",
          "parent": "bone",
          "pivot": [
            -23,
            26,
            0
          ],
          "cubes": [
            {
              "origin": [
                -38.07795,
                28.17553,
                0
              ],
              "size": [
                23,
                2,
                1
              ],
              "pivot": [
                -17,
                21,
                0
              ],
              "rotation": [
                0,
                0,
                -55
              ],
              "uv": [
                36,
                23
              ]
            }
          ]
        },
        {
          "name": "bone5",
          "parent": "Body",
          "pivot": [
            0,
            5,
            3
          ],
          "cubes": [
            {
              "origin": [
                -21,
                4,
                3
              ],
              "size": [
                23,
                2,
                1
              ],
              "pivot": [
                0,
                5,
                3
              ],
              "rotation": [
                90.11261,
                47.45843,
                -89.11729
              ],
              "uv": [
                36,
                23
              ]
            }
          ]
        },
        {
          "name": "bone6",
          "parent": "bone5",
          "pivot": [
            0,
            -9,
            18
          ],
          "cubes": [
            {
              "origin": [
                -22.48357,
                -10.17234,
                18.21534
              ],
              "size": [
                23,
                2,
                1
              ],
              "pivot": [
                0,
                -9,
                18
              ],
              "rotation": [
                90.12519,
                -52.54145,
                -89.29964
              ],
              "uv": [
                36,
                23
              ]
            }
          ]
        }
      ]
    }
  ]
}