{
  "format_version": "1.8.0",
  "minecraft:client_entity": {
    "description": {
      "identifier": "lv:banbaleena_sad",
      "materials": {
        "default": "armor_stand"
      },
      "textures": {
        "default": "textures/entity/pamobile/lv_banbaleena_sad"
      },
      "spawn_egg": {
        "texture": "lv:banbaleena_sad",
        "texture_index": 0
      },
      "animations": {
        "no_pose": "animation.lv_banbaleena_sad.no_pose"
      },
      "animation_controllers": [
        {
          "pose": "controller.animation.lv_banbaleena_sad.pose"
        },
        {
          "wiggling": "controller.animation.lv_banbaleena_sad.wiggle"
        }
      ],
      "geometry": {
        "default": "geometry.lv_banbaleena_sad"
      },
      "render_controllers": [
        "controller.render.armor_stand"
      ],
      "enable_attachables": true
    }
  }
}