{
  "format_version": "1.8.0",
  "minecraft:client_entity": {
    "description": {
      "identifier": "lv:mini_opila",
      "min_engine_version": "1.8.0",
      "materials": {
        "default": "witch"
      },
      "textures": {
        "default": "textures/entity/pamobile/lv_mini_opila"
      },
      "geometry": {
        "default": "geometry.lv_mini_opila"
      },
      "scripts": {
        "scale": "0.9375"
      },
      "animations": {
        "villager_general": "animation.lv_mini_opila.general_1",
        "look_at_target": "animation.lv_mini_opila.looking",
        "move": "animation.lv_mini_opila.move_2",
        "general": "animation.lv_mini_opila.general_1"
      },
      "animation_controllers": [
        {
          "general": "controller.animation.witch.general"
        },
        {
          "move": "controller.animation.villager.move"
        }
      ],
      "render_controllers": [
        "controller.render.witch"
      ],
      "spawn_egg": {
        "texture": "lv:mini_opila",
        "texture_index": 0
      }
    }
  }
}