{
  "resource_pack_name": "vanilla",
  "texture_name": "atlas.items",
  "texture_data": {
    "yg:banban": {
      "textures": "textures/items/yg_banban"
    },
    "yg:banbaleena": {
      "textures": "textures/items/yg_banbaleena"
    },
    "yg:hijacked_banban": {
      "textures": "textures/items/yg_hijacked_banban"
    },
    "yg:bettergiggle": {
      "textures": "textures/items/yg_bettergiggle"
    },
    "yg:captain_fiddels": {
      "textures": "textures/items/yg_captain_fiddels"
    },
    "yg:giant_captain_fiddels": {
      "textures": "textures/items/yg_giant_captain_fiddels"
    },
    "yg:zophius": {
      "textures": "textures/items/yg_zophius"
    },
    "yg:slow_seline": {
      "textures": "textures/items/yg_slow_seline"
    },
    "yg:mr_kabob_man": {
      "textures": "textures/items/yg_mr_kabob_man"
    },
    "yg:kittysaurus": {
      "textures": "textures/items/yg_kittysaurus"
    },
    "yg:mutant_opila_bird": {
      "textures": "textures/items/yg_mutant_opila_bird"
    },
    "yg:mutant_tarta_bird": {
      "textures": "textures/items/yg_mutant_tarta_bird"
    },
    "yg:opila_bird": {
      "textures": "textures/items/yg_opila_bird"
    },
    "yg:syringeon": {
      "textures": "textures/items/yg_syringeon"
    },
    "yg:tarta_bird": {
      "textures": "textures/items/yg_tarta_bird"
    },
    "yg:miniopila": {
      "textures": "textures/items/yg_miniopila"
    },
    "yg:tamataki_chamataki": {
      "textures": "textures/items/yg_tamataki_chamataki"
    },
    "yg:sherif_toadster": {
      "textures": "textures/items/yg_sherif_toadster"
    },
    "yg:queen_bouncelia": {
      "textures": "textures/items/yg_queen_bouncelia"
    },
    "yg:stinger_flynn": {
      "textures": "textures/items/yg_stinger_flynn"
    },
    "yg:jumbo_josh": {
      "textures": "textures/items/yg_jumbo_josh"
    },
    "yg:nabnab": {
      "textures": "textures/items/yg_nabnab"
    },
    "yg:drone": {
      "textures": "textures/items/yg_drone"
    },
    "yg:nabnaleena": {
      "textures": "textures/items/yg_nabnaleena"
    },
    "yg:remote": {
      "textures": "textures/items/equipment/yg_remote"
    },
    "yg_stinger_flynn_morph": {
      "textures": [
        "textures/items/equipment/yg_stinger_flynn_morph"
      ]
    },
    "yg:remote_2": {
      "textures": "textures/items/equipment/yg_remote_2"
    },
    "yg:drone_track": {
      "textures": "textures/items/yg_drone_track"
    },
    "yg:charles": {
      "textures": "textures/items/yg_charles"
    },
    "yg:yurie_gazo": {
      "textures": "textures/items/yg_yurie_gazo"
    }
  }
}