{
	"format_version": "1.12.0",
	"minecraft:geometry": [
		{
			"description": {
				"identifier": "geometry.carnotaurus",
				"texture_width": 256,
				"texture_height": 512,
				"visible_bounds_width": 14,
				"visible_bounds_height": 7,
				"visible_bounds_offset": [
					0,
					2.5,
					0
				]
			},
			"bones": [
				{
					"name": "body",
					"pivot": [
						0,
						58,
						0
					],
					"cubes": [
						{
							"origin": [
								-6,
								30,
								-11
							],
							"size": [
								12,
								35,
								24
							],
							"uv": [
								68,
								125
							]
						},
						{
							"origin": [
								0,
								65,
								-10
							],
							"size": [
								0,
								1,
								23
							],
							"uv": [
								0,
								1
							]
						}
					]
				},
				{
					"name": "torso",
					"parent": "body",
					"pivot": [
						0,
						55,
						-10
					],
					"cubes": [
						{
							"origin": [
								-9,
								33,
								-40
							],
							"size": [
								18,
								30,
								33
							],
							"uv": [
								154,
								119
							]
						},
						{
							"origin": [
								0,
								63,
								-32
							],
							"size": [
								0,
								1,
								20
							],
							"uv": [
								0,
								20
							]
						}
					]
				},
				{
					"name": "neck",
					"parent": "torso",
					"pivot": [
						0,
						51,
						-36
					],
					"cubes": [
						{
							"origin": [
								-4,
								44,
								-50
							],
							"size": [
								8,
								31,
								17
							],
							"uv": [
								0,
								92
							]
						},
						{
							"origin": [
								0,
								65,
								-40
							],
							"size": [
								0,
								11,
								8
							],
							"uv": [
								0,
								57
							],
							"mirror": true
						}
					]
				},
				{
					"name": "head",
					"parent": "neck",
					"pivot": [
						0,
						69,
						-45
					],
					"cubes": [
						{
							"origin": [
								-5,
								65,
								-52
							],
							"size": [
								10,
								11,
								10
							],
							"uv": [
								72,
								1
							]
						},
						{
							"origin": [
								4,
								74,
								-52
							],
							"size": [
								2,
								6,
								5
							],
							"inflate": 0.01,
							"uv": [
								0,
								1
							]
						},
						{
							"origin": [
								-6,
								74,
								-52
							],
							"size": [
								2,
								6,
								5
							],
							"inflate": 0.01,
							"uv": [
								0,
								1
							],
							"mirror": true
						},
						{
							"origin": [
								-4,
								64,
								-60
							],
							"size": [
								8,
								12,
								8
							],
							"uv": [
								127,
								1
							]
						},
						{
							"origin": [
								-4,
								64,
								-63
							],
							"size": [
								8,
								10,
								3
							],
							"uv": [
								173,
								1
							]
						}
					]
				},
				{
					"name": "bone9",
					"parent": "head",
					"pivot": [
						5,
						72,
						-45
					],
					"locators": {
						"sleep_locator": [
							5,
							72,
							-45
						]
					}
				},
				{
					"name": "lower",
					"parent": "head",
					"pivot": [
						0,
						66,
						-42
					],
					"cubes": [
						{
							"origin": [
								-5,
								60,
								-52
							],
							"size": [
								10,
								6,
								10
							],
							"uv": [
								216,
								1
							]
						},
						{
							"origin": [
								-4.5,
								63,
								-49
							],
							"size": [
								9,
								10,
								8
							],
							"inflate": 0.025,
							"uv": [
								169,
								25
							]
						},
						{
							"origin": [
								-4,
								61,
								-63
							],
							"size": [
								8,
								7,
								11
							],
							"inflate": -0.01,
							"uv": [
								218,
								31
							]
						}
					]
				},
				{
					"name": "shoulder0",
					"parent": "torso",
					"pivot": [
						9,
						35,
						-36
					],
					"cubes": [
						{
							"origin": [
								7,
								29,
								-38
							],
							"size": [
								4,
								8,
								5
							],
							"uv": [
								25,
								62
							]
						}
					]
				},
				{
					"name": "elbow0",
					"parent": "shoulder0",
					"pivot": [
						9,
						29,
						-35
					],
					"cubes": [
						{
							"origin": [
								8,
								22,
								-38
							],
							"size": [
								2,
								7,
								3
							],
							"uv": [
								47,
								65
							]
						}
					]
				},
				{
					"name": "shoulder1",
					"parent": "torso",
					"pivot": [
						-9,
						35,
						-36
					],
					"cubes": [
						{
							"origin": [
								-11,
								29,
								-38
							],
							"size": [
								4,
								8,
								5
							],
							"uv": [
								25,
								62
							],
							"mirror": true
						}
					]
				},
				{
					"name": "elbow1",
					"parent": "shoulder1",
					"pivot": [
						-9,
						29,
						-35
					],
					"cubes": [
						{
							"origin": [
								-10,
								22,
								-38
							],
							"size": [
								2,
								7,
								3
							],
							"uv": [
								47,
								65
							],
							"mirror": true
						}
					]
				},
				{
					"name": "tail1",
					"parent": "body",
					"pivot": [
						0,
						54,
						13
					],
					"cubes": [
						{
							"origin": [
								-4,
								45,
								11
							],
							"size": [
								8,
								19,
								27
							],
							"uv": [
								0,
								191
							]
						},
						{
							"origin": [
								0,
								64,
								14
							],
							"size": [
								0,
								1,
								23
							],
							"uv": [
								0,
								1
							]
						}
					]
				},
				{
					"name": "tail2",
					"parent": "tail1",
					"pivot": [
						0,
						57,
						38
					],
					"cubes": [
						{
							"origin": [
								-3,
								50,
								36
							],
							"size": [
								6,
								12,
								27
							],
							"uv": [
								69,
								243
							]
						},
						{
							"origin": [
								0,
								62,
								39
							],
							"size": [
								0,
								1,
								23
							],
							"uv": [
								0,
								1
							]
						}
					]
				},
				{
					"name": "tail3",
					"parent": "tail2",
					"pivot": [
						0,
						57,
						63
					],
					"cubes": [
						{
							"origin": [
								-2,
								53,
								59
							],
							"size": [
								4,
								8,
								45
							],
							"uv": [
								115,
								263
							]
						},
						{
							"origin": [
								0,
								61,
								64
							],
							"size": [
								0,
								1,
								26
							],
							"uv": [
								43,
								30
							]
						}
					]
				},
				{
					"name": "bone5",
					"parent": "body",
					"pivot": [
						8,
						53,
						0
					]
				},
				{
					"name": "leg0",
					"parent": "bone5",
					"pivot": [
						8,
						53,
						0
					],
					"cubes": [
						{
							"origin": [
								3,
								29,
								-10
							],
							"size": [
								10,
								29,
								21
							],
							"uv": [
								88,
								50
							]
						}
					]
				},
				{
					"name": "bone6",
					"parent": "leg0",
					"pivot": [
						8,
						29,
						-10
					]
				},
				{
					"name": "knee0",
					"parent": "bone6",
					"pivot": [
						8,
						29,
						-10
					],
					"cubes": [
						{
							"origin": [
								4.5,
								5,
								-10
							],
							"size": [
								7,
								24,
								15
							],
							"uv": [
								168,
								58
							]
						}
					]
				},
				{
					"name": "bone7",
					"parent": "knee0",
					"pivot": [
						8,
						5,
						4
					]
				},
				{
					"name": "ankle0",
					"parent": "bone7",
					"pivot": [
						8,
						5,
						4
					],
					"cubes": [
						{
							"origin": [
								6,
								-15,
								-7
							],
							"size": [
								4,
								20,
								11
							],
							"uv": [
								143,
								105
							]
						}
					]
				},
				{
					"name": "bone8",
					"parent": "ankle0",
					"pivot": [
						8,
						-15,
						-7
					]
				},
				{
					"name": "foot0",
					"parent": "bone8",
					"pivot": [
						8,
						-15,
						-7
					]
				},
				{
					"name": "toe0",
					"parent": "foot0",
					"pivot": [
						8,
						-9,
						-7
					],
					"cubes": [
						{
							"origin": [
								8,
								-15,
								-18
							],
							"size": [
								0,
								6,
								11
							],
							"uv": [
								42,
								-11
							]
						}
					]
				},
				{
					"name": "toe1",
					"parent": "foot0",
					"pivot": [
						6,
						-9,
						-7
					],
					"cubes": [
						{
							"origin": [
								6,
								-15,
								-18
							],
							"size": [
								0,
								6,
								11
							],
							"uv": [
								42,
								-11
							]
						}
					]
				},
				{
					"name": "toe2",
					"parent": "foot0",
					"pivot": [
						10,
						-9,
						-7
					],
					"cubes": [
						{
							"origin": [
								10,
								-15,
								-18
							],
							"size": [
								0,
								6,
								11
							],
							"uv": [
								42,
								-11
							]
						}
					]
				},
				{
					"name": "bone",
					"parent": "body",
					"pivot": [
						-8,
						53,
						0
					]
				},
				{
					"name": "leg1",
					"parent": "bone",
					"pivot": [
						-8,
						53,
						0
					],
					"cubes": [
						{
							"origin": [
								-13,
								29,
								-10
							],
							"size": [
								10,
								29,
								21
							],
							"uv": [
								88,
								50
							],
							"mirror": true
						}
					]
				},
				{
					"name": "bone2",
					"parent": "leg1",
					"pivot": [
						-8,
						29,
						-10
					]
				},
				{
					"name": "knee1",
					"parent": "bone2",
					"pivot": [
						-8,
						29,
						-10
					],
					"cubes": [
						{
							"origin": [
								-11.5,
								5,
								-10
							],
							"size": [
								7,
								24,
								15
							],
							"uv": [
								168,
								58
							],
							"mirror": true
						}
					]
				},
				{
					"name": "bone3",
					"parent": "knee1",
					"pivot": [
						-8,
						5,
						4
					]
				},
				{
					"name": "ankle1",
					"parent": "bone3",
					"pivot": [
						-8,
						5,
						4
					],
					"cubes": [
						{
							"origin": [
								-10,
								-15,
								-7
							],
							"size": [
								4,
								20,
								11
							],
							"uv": [
								143,
								105
							],
							"mirror": true
						}
					]
				},
				{
					"name": "bone4",
					"parent": "ankle1",
					"pivot": [
						-8,
						-15,
						-7
					]
				},
				{
					"name": "foot1",
					"parent": "bone4",
					"pivot": [
						-8,
						-15,
						-7
					]
				},
				{
					"name": "toe3",
					"parent": "foot1",
					"pivot": [
						-8,
						-9,
						-7
					],
					"cubes": [
						{
							"origin": [
								-8,
								-15,
								-18
							],
							"size": [
								0,
								6,
								11
							],
							"uv": [
								42,
								-11
							],
							"mirror": true
						}
					]
				},
				{
					"name": "toe4",
					"parent": "foot1",
					"pivot": [
						-6,
						-9,
						-7
					],
					"cubes": [
						{
							"origin": [
								-6,
								-15,
								-18
							],
							"size": [
								0,
								6,
								11
							],
							"uv": [
								42,
								-11
							],
							"mirror": true
						}
					]
				},
				{
					"name": "toe5",
					"parent": "foot1",
					"pivot": [
						-10,
						-9,
						-7
					],
					"cubes": [
						{
							"origin": [
								-10,
								-15,
								-18
							],
							"size": [
								0,
								6,
								11
							],
							"uv": [
								42,
								-11
							],
							"mirror": true
						}
					]
				}
			]
		}
	]
}