{
	"format_version": "1.12.0",
	"minecraft:geometry": [
		{
			"description": {
				"identifier": "geometry.DinoForge",
				"texture_width": 64,
				"texture_height": 64,
				"visible_bounds_width": 3,
				"visible_bounds_height": 2.5,
				"visible_bounds_offset": [0, 0.75, 0]
			},
			"bones": [
				{
					"name": "bb_main",
					"pivot": [0, 0, 0],
					"cubes": [
						{"origin": [-8, 0, -8], "size": [16, 10, 16], "uv": [0, 0]},
						{"origin": [-11, 0, -4], "size": [3, 7, 8], "uv": [0, 46]},
						{"origin": [-15, 0, -8], "size": [7, 0, 16], "uv": [16, 48]},
						{"origin": [-7, 10, -7], "size": [14, 6, 14], "uv": [0, 26]}
					]
				}
			]
		}
	]
}