{
	"format_version": "1.12.0",
	"minecraft:geometry": [
		{
			"description": {
				"identifier": "geometry.LUCID_Gallimimus",
				"texture_width": 256,
				"texture_height": 128,
				"visible_bounds_width": 13,
				"visible_bounds_height": 6,
				"visible_bounds_offset": [0, 2, 0]
			},
			"bones": [
				{
					"name": "body",
					"pivot": [0, 40, 0],
					"cubes": [
						{"origin": [-4, 24, -8], "size": [8, 21, 18], "uv": [0, 0]}
					]
				},
				{
					"name": "torso",
					"parent": "body",
					"pivot": [0, 42, -7],
					"cubes": [
						{"origin": [-6, 28, -23], "size": [12, 18, 19], "uv": [58, 0]}
					]
				},
				{
					"name": "bone",
					"parent": "torso",
					"pivot": [0, 42, -23]
				},
				{
					"name": "neck",
					"parent": "bone",
					"pivot": [0, 42, -23],
					"cubes": [
						{"origin": [-2, 38, -28], "size": [4, 7, 7], "uv": [111, 0]},
						{"origin": [-2, 38, -34], "size": [4, 29, 6], "uv": [138, 0]}
					]
				},
				{
					"name": "bone2",
					"parent": "neck",
					"pivot": [0, 66, -32]
				},
				{
					"name": "head",
					"parent": "bone2",
					"pivot": [0, 66, -32],
					"cubes": [
						{"origin": [-3, 63, -37], "size": [6, 5, 6], "uv": [168, 0]},
						{"origin": [-2, 63, -43], "size": [4, 4, 6], "uv": [168, 11]}
					]
				},
				{
					"name": "bone11",
					"parent": "head",
					"pivot": [3, 68, -34],
					"locators": {
						"sleep_locator": [6, 77, -38]
					}
				},
				{
					"name": "shoulder0",
					"parent": "torso",
					"pivot": [6, 32, -20],
					"cubes": [
						{"origin": [5, 23, -22], "size": [2, 11, 4], "uv": [102, 70]}
					]
				},
				{
					"name": "elbow0",
					"parent": "shoulder0",
					"pivot": [6, 23, -18],
					"cubes": [
						{"origin": [5.5, 10, -21], "size": [1, 13, 3], "uv": [89, 67]}
					]
				},
				{
					"name": "wrist0",
					"parent": "elbow0",
					"pivot": [6, 10, -18]
				},
				{
					"name": "finger0",
					"parent": "wrist0",
					"pivot": [6, 10, -21],
					"cubes": [
						{"origin": [6, 2, -21], "size": [0, 8, 3], "uv": [118, 73]}
					]
				},
				{
					"name": "finger1",
					"parent": "wrist0",
					"pivot": [6.5, 10, -21],
					"cubes": [
						{"origin": [6.5, 2, -21], "size": [0, 8, 3], "uv": [118, 73]}
					]
				},
				{
					"name": "finger2",
					"parent": "wrist0",
					"pivot": [5.5, 10, -21],
					"cubes": [
						{"origin": [5.5, 2, -21], "size": [0, 8, 3], "uv": [118, 73]}
					]
				},
				{
					"name": "shoulder1",
					"parent": "torso",
					"pivot": [-6, 32, -20],
					"cubes": [
						{"origin": [-7, 23, -22], "size": [2, 11, 4], "uv": [102, 70], "mirror": true}
					]
				},
				{
					"name": "elbow1",
					"parent": "shoulder1",
					"pivot": [-6, 23, -18],
					"cubes": [
						{"origin": [-6.5, 10, -21], "size": [1, 13, 3], "uv": [89, 67], "mirror": true}
					]
				},
				{
					"name": "wrist1",
					"parent": "elbow1",
					"pivot": [-6, 10, -18]
				},
				{
					"name": "finger3",
					"parent": "wrist1",
					"pivot": [-6, 10, -21],
					"cubes": [
						{"origin": [-6, 2, -21], "size": [0, 8, 3], "uv": [118, 73], "mirror": true}
					]
				},
				{
					"name": "finger4",
					"parent": "wrist1",
					"pivot": [-6.5, 10, -21],
					"cubes": [
						{"origin": [-6.5, 2, -21], "size": [0, 8, 3], "uv": [118, 73], "mirror": true}
					]
				},
				{
					"name": "finger5",
					"parent": "wrist1",
					"pivot": [-5.5, 10, -21],
					"cubes": [
						{"origin": [-5.5, 2, -21], "size": [0, 8, 3], "uv": [118, 73], "mirror": true}
					]
				},
				{
					"name": "tail1",
					"parent": "body",
					"pivot": [0, 38, 10],
					"cubes": [
						{"origin": [-3, 32, 8], "size": [6, 12, 23], "uv": [183, 0]}
					]
				},
				{
					"name": "tail2",
					"parent": "tail1",
					"pivot": [0, 39, 31],
					"cubes": [
						{"origin": [-2, 35, 30], "size": [4, 8, 24], "inflate": 0.01, "uv": [144, 21]}
					]
				},
				{
					"name": "tail3",
					"parent": "tail2",
					"pivot": [0, 40, 54],
					"cubes": [
						{"origin": [-1, 38, 52], "size": [2, 5, 34], "uv": [95, 26]}
					]
				},
				{
					"name": "bone3",
					"parent": "body",
					"pivot": [6, 38, 1]
				},
				{
					"name": "leg0",
					"parent": "bone3",
					"pivot": [6, 38, 1],
					"cubes": [
						{"origin": [3, 26, -4], "size": [6, 15, 12], "uv": [0, 45]}
					]
				},
				{
					"name": "bone4",
					"parent": "leg0",
					"pivot": [6, 26, -4]
				},
				{
					"name": "knee0",
					"parent": "bone4",
					"pivot": [6, 26, -4],
					"cubes": [
						{"origin": [4, 9, -4], "size": [4, 17, 9], "uv": [58, 46]}
					]
				},
				{
					"name": "bone5",
					"parent": "knee0",
					"pivot": [6, 9, 4]
				},
				{
					"name": "ankle0",
					"parent": "bone5",
					"pivot": [6, 9, 4],
					"cubes": [
						{"origin": [5, -12, -1], "size": [2, 21, 5], "uv": [40, 46]}
					]
				},
				{
					"name": "bone6",
					"parent": "ankle0",
					"pivot": [6, -12, -1]
				},
				{
					"name": "foot0",
					"parent": "bone6",
					"pivot": [6, -12, -1]
				},
				{
					"name": "toe0",
					"parent": "foot0",
					"pivot": [6, -9, -1],
					"cubes": [
						{"origin": [6, -12, -8], "size": [0, 3, 7], "uv": [81, 42]}
					]
				},
				{
					"name": "toe1",
					"parent": "foot0",
					"pivot": [5, -9, -1],
					"cubes": [
						{"origin": [5, -12, -8], "size": [0, 3, 7], "uv": [81, 42]}
					]
				},
				{
					"name": "toe2",
					"parent": "foot0",
					"pivot": [7, -9, -1],
					"cubes": [
						{"origin": [7, -12, -8], "size": [0, 3, 7], "uv": [81, 42]}
					]
				},
				{
					"name": "bone7",
					"parent": "body",
					"pivot": [-6, 38, 1]
				},
				{
					"name": "leg1",
					"parent": "bone7",
					"pivot": [-6, 38, 1],
					"cubes": [
						{"origin": [-9, 26, -4], "size": [6, 15, 12], "uv": [0, 45], "mirror": true}
					]
				},
				{
					"name": "bone8",
					"parent": "leg1",
					"pivot": [-6, 26, -4]
				},
				{
					"name": "knee1",
					"parent": "bone8",
					"pivot": [-6, 26, -4],
					"cubes": [
						{"origin": [-8, 9, -4], "size": [4, 17, 9], "uv": [58, 46], "mirror": true}
					]
				},
				{
					"name": "bone9",
					"parent": "knee1",
					"pivot": [-6, 9, 4]
				},
				{
					"name": "ankle1",
					"parent": "bone9",
					"pivot": [-6, 9, 4],
					"cubes": [
						{"origin": [-7, -12, -1], "size": [2, 21, 5], "uv": [40, 46], "mirror": true}
					]
				},
				{
					"name": "bone10",
					"parent": "ankle1",
					"pivot": [-6, -12, -1]
				},
				{
					"name": "foot1",
					"parent": "bone10",
					"pivot": [-6, -12, -1]
				},
				{
					"name": "toe3",
					"parent": "foot1",
					"pivot": [-6, -9, -1],
					"cubes": [
						{"origin": [-6, -12, -8], "size": [0, 3, 7], "uv": [81, 42], "mirror": true}
					]
				},
				{
					"name": "toe4",
					"parent": "foot1",
					"pivot": [-5, -9, -1],
					"cubes": [
						{"origin": [-5, -12, -8], "size": [0, 3, 7], "uv": [81, 42], "mirror": true}
					]
				},
				{
					"name": "toe5",
					"parent": "foot1",
					"pivot": [-7, -9, -1],
					"cubes": [
						{"origin": [-7, -12, -8], "size": [0, 3, 7], "uv": [81, 42], "mirror": true}
					]
				}
			]
		}
	]
}