{
	"format_version": "1.12.0",
	"minecraft:geometry": [
		{
			"description": {
				"identifier": "geometry.giganotosaurus",
				"texture_width": 512,
				"texture_height": 512,
				"visible_bounds_width": 23,
				"visible_bounds_height": 7.5,
				"visible_bounds_offset": [
					0,
					3.25,
					0
				]
			},
			"bones": [
				{
					"name": "body",
					"pivot": [
						0,
						74,
						0
					],
					"rotation": [
						-2.5,
						0,
						0
					],
					"cubes": [
						{
							"origin": [
								-8,
								40,
								-20
							],
							"size": [
								16,
								48,
								39
							],
							"uv": [
								0,
								0
							]
						},
						{
							"origin": [
								0,
								88,
								1
							],
							"size": [
								0,
								1,
								12
							],
							"uv": [
								0,
								0
							]
						}
					]
				},
				{
					"name": "torso",
					"parent": "body",
					"pivot": [
						0,
						77,
						-14
					],
					"rotation": [
						2.5,
						0,
						0
					],
					"cubes": [
						{
							"origin": [
								-12,
								48,
								-51
							],
							"size": [
								24,
								38,
								42
							],
							"uv": [
								183,
								0
							]
						},
						{
							"origin": [
								0,
								86,
								-44
							],
							"size": [
								0,
								1,
								2
							],
							"uv": [
								0,
								0
							]
						},
						{
							"origin": [
								0,
								85,
								-41
							],
							"size": [
								0,
								12,
								41
							],
							"uv": [
								430,
								-41
							]
						}
					]
				},
				{
					"name": "shoulder0",
					"parent": "torso",
					"pivot": [
						12,
						55,
						-44
					],
					"rotation": [
						17.30438,
						5.38041,
						-8.80147
					],
					"cubes": [
						{
							"origin": [
								9,
								41,
								-48
							],
							"size": [
								6,
								17,
								9
							],
							"uv": [
								418,
								74
							]
						}
					]
				},
				{
					"name": "elbow0",
					"parent": "shoulder0",
					"pivot": [
						12,
						41,
						-41
					],
					"rotation": [
						-39.32466,
						7.9972,
						9.63846
					],
					"cubes": [
						{
							"origin": [
								10,
								26,
								-47
							],
							"size": [
								4,
								15,
								6
							],
							"inflate": 0.01,
							"uv": [
								395,
								63
							]
						}
					]
				},
				{
					"name": "wrist0",
					"parent": "elbow0",
					"pivot": [
						10,
						26,
						-44
					]
				},
				{
					"name": "finger0",
					"parent": "wrist0",
					"pivot": [
						14,
						26,
						-44
					],
					"rotation": [
						0,
						0,
						20
					],
					"cubes": [
						{
							"origin": [
								10,
								16,
								-44
							],
							"size": [
								4,
								10,
								0
							],
							"uv": [
								341,
								133
							]
						}
					]
				},
				{
					"name": "finger1",
					"parent": "wrist0",
					"pivot": [
						14,
						26,
						-47
					],
					"rotation": [
						0,
						0,
						27.5
					],
					"cubes": [
						{
							"origin": [
								10,
								16,
								-47
							],
							"size": [
								4,
								10,
								0
							],
							"uv": [
								341,
								133
							]
						}
					]
				},
				{
					"name": "finger2",
					"parent": "wrist0",
					"pivot": [
						14,
						26,
						-41
					],
					"rotation": [
						0,
						0,
						15
					],
					"cubes": [
						{
							"origin": [
								10,
								16,
								-41
							],
							"size": [
								4,
								10,
								0
							],
							"uv": [
								341,
								133
							]
						}
					]
				},
				{
					"name": "shoulder1",
					"parent": "torso",
					"pivot": [
						-12,
						55,
						-44
					],
					"rotation": [
						17.30438,
						-5.3804,
						8.8015
					],
					"cubes": [
						{
							"origin": [
								-15,
								41,
								-48
							],
							"size": [
								6,
								17,
								9
							],
							"uv": [
								418,
								74
							],
							"mirror": true
						}
					]
				},
				{
					"name": "elbow1",
					"parent": "shoulder1",
					"pivot": [
						-12,
						41,
						-41
					],
					"rotation": [
						-39.32466,
						-7.9972,
						-9.6385
					],
					"cubes": [
						{
							"origin": [
								-14,
								26,
								-47
							],
							"size": [
								4,
								15,
								6
							],
							"inflate": 0.01,
							"uv": [
								395,
								63
							],
							"mirror": true
						}
					]
				},
				{
					"name": "wrist1",
					"parent": "elbow1",
					"pivot": [
						-10,
						26,
						-44
					]
				},
				{
					"name": "finger3",
					"parent": "wrist1",
					"pivot": [
						-14,
						26,
						-44
					],
					"rotation": [
						0,
						0,
						-20
					],
					"cubes": [
						{
							"origin": [
								-14,
								16,
								-44
							],
							"size": [
								4,
								10,
								0
							],
							"uv": [
								341,
								133
							],
							"mirror": true
						}
					]
				},
				{
					"name": "finger4",
					"parent": "wrist1",
					"pivot": [
						-14,
						26,
						-47
					],
					"rotation": [
						0,
						0,
						-27.5
					],
					"cubes": [
						{
							"origin": [
								-14,
								16,
								-47
							],
							"size": [
								4,
								10,
								0
							],
							"uv": [
								341,
								133
							],
							"mirror": true
						}
					]
				},
				{
					"name": "finger5",
					"parent": "wrist1",
					"pivot": [
						-14,
						26,
						-41
					],
					"rotation": [
						0,
						0,
						-15
					],
					"cubes": [
						{
							"origin": [
								-14,
								16,
								-41
							],
							"size": [
								4,
								10,
								0
							],
							"uv": [
								341,
								133
							],
							"mirror": true
						}
					]
				},
				{
					"name": "neck",
					"parent": "torso",
					"pivot": [
						0,
						74,
						-50
					],
					"rotation": [
						57.5,
						0,
						0
					],
					"cubes": [
						{
							"origin": [
								-5.5,
								59.25287,
								-65.7016
							],
							"size": [
								11,
								35,
								23
							],
							"inflate": -0.02,
							"uv": [
								0,
								201
							]
						},
						{
							"origin": [
								0,
								85.25287,
								-50.7016
							],
							"size": [
								0,
								14,
								11
							],
							"uv": [
								490,
								72
							]
						}
					]
				},
				{
					"name": "head",
					"parent": "neck",
					"pivot": [
						0,
						93.25287,
						-51.7016
					],
					"rotation": [
						-47.5,
						0,
						0
					],
					"cubes": [
						{
							"origin": [
								-7,
								84.25287,
								-65.7016
							],
							"size": [
								14,
								13,
								17
							],
							"uv": [
								221,
								111
							]
						},
						{
							"origin": [
								-7,
								97.25287,
								-65.7016
							],
							"size": [
								2,
								2,
								8
							],
							"uv": [
								446,
								161
							]
						},
						{
							"origin": [
								-5,
								96.25287,
								-71.7016
							],
							"size": [
								0,
								2,
								6
							],
							"uv": [
								500,
								153
							]
						},
						{
							"origin": [
								5,
								96.25287,
								-71.7016
							],
							"size": [
								0,
								2,
								6
							],
							"uv": [
								500,
								153
							],
							"mirror": true
						},
						{
							"origin": [
								5,
								97.25287,
								-65.7016
							],
							"size": [
								2,
								2,
								8
							],
							"uv": [
								446,
								161
							],
							"mirror": true
						},
						{
							"origin": [
								-5,
								82.25287,
								-86.7016
							],
							"size": [
								10,
								12,
								4
							],
							"uv": [
								78,
								147
							]
						},
						{
							"origin": [
								-5,
								82.25287,
								-82.7016
							],
							"size": [
								10,
								14,
								17
							],
							"uv": [
								119,
								116
							]
						}
					]
				},
				{
					"name": "lower",
					"parent": "head",
					"pivot": [
						0,
						86.25287,
						-48.7016
					],
					"cubes": [
						{
							"origin": [
								-7,
								77.25287,
								-65.7016
							],
							"size": [
								14,
								9,
								17
							],
							"uv": [
								370,
								127
							]
						},
						{
							"origin": [
								-6.5,
								79.25287,
								-62.7016
							],
							"size": [
								13,
								16,
								14
							],
							"inflate": -0.01,
							"uv": [
								374,
								188
							]
						},
						{
							"origin": [
								-5,
								78.25287,
								-86.7016
							],
							"size": [
								10,
								8,
								21
							],
							"inflate": -0.01,
							"uv": [
								277,
								150
							]
						}
					]
				},
				{
					"name": "sleep_locator",
					"parent": "head",
					"pivot": [
						6,
						94,
						-56
					],
					"locators": {
						"sleep_locator": [
							2,
							94,
							-57
						]
					}
				},
				{
					"name": "sail",
					"parent": "body",
					"pivot": [
						0,
						85,
						-21
					],
					"rotation": [
						2.5,
						0,
						0
					]
				},
				{
					"name": "tail1",
					"parent": "body",
					"pivot": [
						0,
						72,
						19
					],
					"rotation": [
						-5,
						0,
						0
					],
					"cubes": [
						{
							"origin": [
								-6,
								59,
								14
							],
							"size": [
								12,
								26,
								42
							],
							"uv": [
								359,
								338
							]
						},
						{
							"origin": [
								0,
								85,
								20
							],
							"size": [
								0,
								1,
								16
							],
							"uv": [
								4,
								12
							]
						}
					]
				},
				{
					"name": "tail2",
					"parent": "tail1",
					"pivot": [
						0,
						74,
						56
					],
					"rotation": [
						5,
						0,
						0
					],
					"cubes": [
						{
							"origin": [
								-4,
								65,
								52
							],
							"size": [
								8,
								18,
								60
							],
							"uv": [
								0,
								434
							]
						}
					]
				},
				{
					"name": "tail3",
					"parent": "tail2",
					"pivot": [
						0,
						75,
						112
					],
					"rotation": [
						-7.5,
						0,
						0
					],
					"cubes": [
						{
							"origin": [
								-3,
								69,
								108
							],
							"size": [
								6,
								12,
								66
							],
							"uv": [
								260,
								434
							]
						}
					]
				},
				{
					"name": "leg0",
					"parent": "body",
					"pivot": [
						13,
						75,
						-1
					],
					"rotation": [
						-7.41549,
						-5.28196,
						-1.83206
					],
					"cubes": [
						{
							"origin": [
								7,
								43,
								-16
							],
							"size": [
								12,
								39,
								30
							],
							"uv": [
								266,
								326
							]
						}
					]
				},
				{
					"name": "knee0",
					"parent": "leg0",
					"pivot": [
						13,
						43,
						-16
					],
					"rotation": [
						45,
						0,
						0
					],
					"cubes": [
						{
							"origin": [
								8.5,
								6,
								-16
							],
							"size": [
								9,
								37,
								19
							],
							"uv": [
								238,
								221
							]
						}
					]
				},
				{
					"name": "ankle0",
					"parent": "knee0",
					"pivot": [
						13,
						6,
						2
					],
					"rotation": [
						-34.97437,
						1.43364,
						2.04831
					],
					"cubes": [
						{
							"origin": [
								10,
								-20,
								-12
							],
							"size": [
								6,
								26,
								14
							],
							"uv": [
								98,
								372
							]
						}
					]
				},
				{
					"name": "foot0",
					"parent": "ankle0",
					"pivot": [
						13,
						-14,
						-12
					]
				},
				{
					"name": "toe0",
					"parent": "foot0",
					"pivot": [
						13,
						-20,
						-12
					],
					"cubes": [
						{
							"origin": [
								13,
								-20,
								-30
							],
							"size": [
								0,
								7,
								18
							],
							"uv": [
								125,
								296
							]
						}
					]
				},
				{
					"name": "toe1",
					"parent": "foot0",
					"pivot": [
						16,
						-20,
						-12
					],
					"rotation": [
						0,
						-20,
						0
					],
					"cubes": [
						{
							"origin": [
								16,
								-20,
								-30
							],
							"size": [
								0,
								7,
								18
							],
							"uv": [
								125,
								296
							]
						}
					]
				},
				{
					"name": "toe2",
					"parent": "foot0",
					"pivot": [
						10,
						-20,
						-12
					],
					"rotation": [
						0,
						20,
						0
					],
					"cubes": [
						{
							"origin": [
								10,
								-20,
								-30
							],
							"size": [
								0,
								7,
								18
							],
							"uv": [
								125,
								296
							]
						}
					]
				},
				{
					"name": "leg1",
					"parent": "body",
					"pivot": [
						-13,
						75,
						-1
					],
					"rotation": [
						-7.41549,
						5.282,
						1.8321
					],
					"cubes": [
						{
							"origin": [
								-19,
								43,
								-16
							],
							"size": [
								12,
								39,
								30
							],
							"uv": [
								266,
								326
							],
							"mirror": true
						}
					]
				},
				{
					"name": "knee1",
					"parent": "leg1",
					"pivot": [
						-13,
						43,
						-16
					],
					"rotation": [
						45,
						0,
						0
					],
					"cubes": [
						{
							"origin": [
								-17.5,
								6,
								-16
							],
							"size": [
								9,
								37,
								19
							],
							"uv": [
								238,
								221
							],
							"mirror": true
						}
					]
				},
				{
					"name": "ankle1",
					"parent": "knee1",
					"pivot": [
						-13,
						6,
						2
					],
					"rotation": [
						-34.97437,
						-1.4336,
						-2.0483
					],
					"cubes": [
						{
							"origin": [
								-16,
								-20,
								-12
							],
							"size": [
								6,
								26,
								14
							],
							"uv": [
								98,
								372
							],
							"mirror": true
						}
					]
				},
				{
					"name": "foot1",
					"parent": "ankle1",
					"pivot": [
						-13,
						-14,
						-12
					]
				},
				{
					"name": "toe3",
					"parent": "foot1",
					"pivot": [
						-13,
						-20,
						-12
					],
					"cubes": [
						{
							"origin": [
								-13,
								-20,
								-30
							],
							"size": [
								0,
								7,
								18
							],
							"uv": [
								125,
								296
							],
							"mirror": true
						}
					]
				},
				{
					"name": "toe4",
					"parent": "foot1",
					"pivot": [
						-16,
						-20,
						-12
					],
					"rotation": [
						0,
						20,
						0
					],
					"cubes": [
						{
							"origin": [
								-16,
								-20,
								-30
							],
							"size": [
								0,
								7,
								18
							],
							"uv": [
								125,
								296
							],
							"mirror": true
						}
					]
				},
				{
					"name": "toe5",
					"parent": "foot1",
					"pivot": [
						-10,
						-20,
						-12
					],
					"rotation": [
						0,
						-20,
						0
					],
					"cubes": [
						{
							"origin": [
								-10,
								-20,
								-30
							],
							"size": [
								0,
								7,
								18
							],
							"uv": [
								125,
								296
							],
							"mirror": true
						}
					]
				}
			]
		}
	]
}