{
	"format_version": "1.12.0",
	"minecraft:geometry": [
		{
			"description": {
				"identifier": "geometry.incubationtank",
				"texture_width": 128,
				"texture_height": 128,
				"visible_bounds_width": 6,
				"visible_bounds_height": 3.5,
				"visible_bounds_offset": [0, 1.25, 0]
			},
			"bones": [
				{
					"name": "thing",
					"pivot": [-3.75, 0, -7]
				},
				{
					"name": "bottom",
					"parent": "thing",
					"pivot": [-3.75, 0, -7]
				},
				{
					"name": "IncubationTankBOTTOM1",
					"parent": "bottom",
					"pivot": [1, 0, 6],
					"cubes": [
						{"origin": [-7, 0, -7], "size": [14, 5, 14], "uv": [0, 76], "mirror": true},
						{"origin": [-7, 5, -7], "size": [11, 11, 11], "uv": [0, 95], "mirror": true},
						{"origin": [-7, 5, -7], "size": [10, 11, 10], "uv": [34, 107], "mirror": true},
						{"origin": [3.75, 3, -1], "size": [5, 13, 0], "uv": [95, 103], "mirror": true}
					]
				},
				{
					"name": "IncubationTankBOTTOM4",
					"parent": "bottom",
					"pivot": [1, 0, -4],
					"rotation": [0, 180, 0],
					"cubes": [
						{"origin": [-5, 0, -1], "size": [14, 5, 14], "uv": [0, 76]},
						{"origin": [-2, 5, -1], "size": [11, 11, 11], "uv": [0, 95]},
						{"origin": [-1, 5, -1], "size": [10, 11, 10], "uv": [34, 107]}
					]
				},
				{
					"name": "IncubationTankBOTTOM3",
					"parent": "bottom",
					"pivot": [1, 0, -4],
					"rotation": [0, -180, 0],
					"cubes": [
						{"origin": [9, 0, -1], "size": [14, 5, 14], "uv": [0, 76], "mirror": true},
						{"origin": [9, 5, -1], "size": [11, 11, 11], "uv": [0, 95], "mirror": true},
						{"origin": [9, 5, -1], "size": [10, 11, 10], "uv": [34, 107], "mirror": true}
					]
				},
				{
					"name": "IncubationTankBOTTOM2",
					"parent": "bottom",
					"pivot": [1, 0, 6],
					"cubes": [
						{"origin": [-21, 0, -7], "size": [14, 5, 14], "uv": [0, 76]},
						{"origin": [-18, 5, -7], "size": [11, 11, 11], "uv": [0, 95]},
						{"origin": [-17, 5, -7], "size": [10, 11, 10], "uv": [34, 107]}
					]
				},
				{
					"name": "top",
					"parent": "thing",
					"pivot": [-7, -1, -7]
				},
				{
					"name": "IncubationTankTOP",
					"parent": "top",
					"pivot": [1, 27, 1],
					"cubes": [
						{"origin": [-7, 26, -7], "size": [14, 3, 14], "uv": [0, 0], "mirror": true},
						{"origin": [-7, 16, -7], "size": [11, 10, 11], "uv": [0, 32], "mirror": true},
						{"origin": [-7, 16, -7], "size": [10, 9, 10], "inflate": -0.001, "uv": [54, 41], "mirror": true},
						{"origin": [-7, 29, -7], "size": [12, 3, 12], "uv": [0, 17], "mirror": true}
					]
				},
				{
					"name": "IncubationTankTOP4",
					"parent": "top",
					"pivot": [-15, 27, 1],
					"rotation": [0, -180, 0],
					"cubes": [
						{"origin": [-23, 26, 9], "size": [14, 3, 14], "uv": [0, 0], "mirror": true},
						{"origin": [-23, 16, 9], "size": [11, 10, 11], "uv": [0, 32], "mirror": true},
						{"origin": [-23, 16, 9], "size": [10, 9, 10], "inflate": -0.001, "uv": [54, 41], "mirror": true},
						{"origin": [-23, 29, 9], "size": [12, 3, 12], "uv": [0, 17], "mirror": true}
					]
				},
				{
					"name": "IncubationTankTOP3",
					"parent": "top",
					"pivot": [1, 27, 1],
					"rotation": [0, 180, 0],
					"cubes": [
						{"origin": [-5, 26, 9], "size": [14, 3, 14], "uv": [0, 0]},
						{"origin": [-2, 16, 9], "size": [11, 10, 11], "uv": [0, 32]},
						{"origin": [-1, 16, 9], "size": [10, 9, 10], "inflate": -0.001, "uv": [54, 41]},
						{"origin": [-3, 29, 9], "size": [12, 3, 12], "uv": [0, 17]}
					]
				},
				{
					"name": "IncubationTankTOP2",
					"parent": "top",
					"pivot": [1, 27, 1],
					"cubes": [
						{"origin": [-21, 26, -7], "size": [14, 3, 14], "uv": [0, 0]},
						{"origin": [-18, 16, -7], "size": [11, 10, 11], "uv": [0, 32]},
						{"origin": [-17, 16, -7], "size": [10, 9, 10], "inflate": -0.001, "uv": [54, 41]},
						{"origin": [-19, 29, -7], "size": [12, 3, 12], "uv": [0, 17]}
					]
				}
			]
		}
	]
}