{
	"format_version": "1.12.0",
	"minecraft:geometry": [
		{
			"description": {
				"identifier": "geometry.indominus",
				"texture_width": 512,
				"texture_height": 256,
				"visible_bounds_width": 26,
				"visible_bounds_height": 8.5,
				"visible_bounds_offset": [
					0,
					3.75,
					0
				]
			},
			"bones": [
				{
					"name": "body",
					"pivot": [
						0,
						74,
						13
					],
					"rotation": [
						-2.5,
						0,
						0
					],
					"cubes": [
						{
							"origin": [
								-14,
								44,
								-5
							],
							"size": [
								28,
								43,
								36
							],
							"uv": [
								0,
								177
							]
						}
					]
				},
				{
					"name": "torso",
					"parent": "body",
					"pivot": [
						0,
						79,
						0
					],
					"rotation": [
						5,
						0,
						0
					],
					"cubes": [
						{
							"origin": [
								-11,
								50,
								-36
							],
							"size": [
								22,
								34,
								40
							],
							"uv": [
								146,
								182
							]
						}
					]
				},
				{
					"name": "neck",
					"parent": "torso",
					"pivot": [
						0,
						72,
						-34
					],
					"rotation": [
						30,
						0,
						0
					],
					"cubes": [
						{
							"origin": [
								-5,
								65,
								-50
							],
							"size": [
								10,
								35,
								22
							],
							"uv": [
								0,
								0
							]
						},
						{
							"origin": [
								0,
								90,
								-34
							],
							"size": [
								0,
								14,
								12
							],
							"uv": [
								199,
								94
							]
						}
					]
				},
				{
					"name": "head",
					"parent": "neck",
					"pivot": [
						0,
						95,
						-39
					],
					"rotation": [
						-20,
						0,
						0
					],
					"cubes": [
						{
							"origin": [
								-7,
								89,
								-52
							],
							"size": [
								14,
								11,
								16
							],
							"uv": [
								259,
								0
							]
						},
						{
							"origin": [
								-6,
								100,
								-59
							],
							"size": [
								0,
								3,
								9
							],
							"pivot": [
								-6,
								100,
								-54
							],
							"rotation": [
								0,
								0,
								-15
							],
							"uv": [
								0,
								0
							]
						},
						{
							"origin": [
								6,
								100,
								-59
							],
							"size": [
								0,
								3,
								9
							],
							"pivot": [
								6,
								100,
								-54
							],
							"rotation": [
								0,
								0,
								15
							],
							"uv": [
								0,
								0
							],
							"mirror": true
						},
						{
							"origin": [
								-6,
								87,
								-67
							],
							"size": [
								12,
								13,
								15
							],
							"uv": [
								194,
								0
							]
						},
						{
							"origin": [
								-6,
								87,
								-70.75
							],
							"size": [
								12,
								10,
								4
							],
							"uv": [
								321,
								0
							]
						}
					]
				},
				{
					"name": "sleep_locator",
					"parent": "head",
					"pivot": [
						0,
						0,
						0
					],
					"locators": {
						"sleep_locator": [
							7,
							98,
							-45
						]
					}
				},
				{
					"name": "lower",
					"parent": "head",
					"pivot": [
						0,
						91,
						-36
					],
					"rotation": [
						5,
						0,
						0
					],
					"cubes": [
						{
							"origin": [
								-7,
								83,
								-52
							],
							"size": [
								14,
								8,
								16
							],
							"uv": [
								304,
								56
							]
						},
						{
							"origin": [
								-6,
								83,
								-71
							],
							"size": [
								12,
								6,
								19
							],
							"inflate": -0.01,
							"uv": [
								230,
								53
							]
						},
						{
							"origin": [
								-6,
								88,
								-71
							],
							"size": [
								12,
								3,
								19
							],
							"inflate": 0.025,
							"uv": [
								239,
								103
							]
						}
					]
				},
				{
					"name": "shoulder0",
					"parent": "torso",
					"pivot": [
						11,
						59,
						-28
					],
					"rotation": [
						34.5623,
						4.2453,
						-11.76782
					],
					"cubes": [
						{
							"origin": [
								7.5,
								40,
								-33
							],
							"size": [
								7,
								21,
								10
							],
							"uv": [
								303,
								225
							]
						}
					]
				},
				{
					"name": "elbow0",
					"parent": "shoulder0",
					"pivot": [
						11,
						40,
						-23
					],
					"rotation": [
						-72.1301,
						6.04755,
						4.76508
					],
					"cubes": [
						{
							"origin": [
								8,
								18,
								-30
							],
							"size": [
								5,
								22,
								7
							],
							"uv": [
								122,
								0
							]
						}
					]
				},
				{
					"name": "wrist0",
					"parent": "elbow0",
					"pivot": [
						12,
						18,
						-27
					],
					"rotation": [
						18.26146,
						15.8326,
						19.85353
					],
					"cubes": [
						{
							"origin": [
								9,
								10,
								-31
							],
							"size": [
								4,
								8,
								8
							],
							"uv": [
								129,
								45
							]
						}
					]
				},
				{
					"name": "finger3",
					"parent": "wrist0",
					"pivot": [
						12,
						13,
						-31
					],
					"rotation": [
						-27.61008,
						15.76673,
						8.72023
					],
					"cubes": [
						{
							"origin": [
								12,
								9,
								-35
							],
							"size": [
								0,
								7,
								4
							],
							"uv": [
								158,
								41
							]
						}
					]
				},
				{
					"name": "finger0",
					"parent": "wrist0",
					"pivot": [
						13,
						10,
						-30
					],
					"rotation": [
						0,
						0,
						25
					],
					"cubes": [
						{
							"origin": [
								10,
								-2,
								-30
							],
							"size": [
								4,
								12,
								0
							],
							"uv": [
								187,
								63
							]
						}
					]
				},
				{
					"name": "finger1",
					"parent": "wrist0",
					"pivot": [
						13,
						10,
						-27
					],
					"rotation": [
						0,
						0,
						12.5
					],
					"cubes": [
						{
							"origin": [
								10,
								-2,
								-27
							],
							"size": [
								4,
								12,
								0
							],
							"uv": [
								187,
								63
							]
						}
					]
				},
				{
					"name": "finger2",
					"parent": "wrist0",
					"pivot": [
						13,
						10,
						-24
					],
					"rotation": [
						0,
						0,
						15
					],
					"cubes": [
						{
							"origin": [
								10,
								-2,
								-24
							],
							"size": [
								4,
								12,
								0
							],
							"uv": [
								187,
								63
							]
						}
					]
				},
				{
					"name": "shoulder1",
					"parent": "torso",
					"pivot": [
						-11,
						59,
						-28
					],
					"rotation": [
						34.5623,
						-4.2453,
						11.7678
					],
					"cubes": [
						{
							"origin": [
								-14.5,
								40,
								-33
							],
							"size": [
								7,
								21,
								10
							],
							"uv": [
								303,
								225
							],
							"mirror": true
						}
					]
				},
				{
					"name": "elbow1",
					"parent": "shoulder1",
					"pivot": [
						-11,
						40,
						-23
					],
					"rotation": [
						-72.1301,
						-6.0475,
						-4.7651
					],
					"cubes": [
						{
							"origin": [
								-13,
								18,
								-30
							],
							"size": [
								5,
								22,
								7
							],
							"uv": [
								122,
								0
							],
							"mirror": true
						}
					]
				},
				{
					"name": "wrist1",
					"parent": "elbow1",
					"pivot": [
						-12,
						18,
						-27
					],
					"rotation": [
						18.26146,
						-15.8326,
						-19.8535
					],
					"cubes": [
						{
							"origin": [
								-13,
								10,
								-31
							],
							"size": [
								4,
								8,
								8
							],
							"uv": [
								129,
								45
							],
							"mirror": true
						}
					]
				},
				{
					"name": "finger4",
					"parent": "wrist1",
					"pivot": [
						-12,
						13,
						-31
					],
					"rotation": [
						-27.61008,
						-15.7667,
						-8.7202
					],
					"cubes": [
						{
							"origin": [
								-12,
								9,
								-35
							],
							"size": [
								0,
								7,
								4
							],
							"uv": [
								158,
								41
							],
							"mirror": true
						}
					]
				},
				{
					"name": "finger5",
					"parent": "wrist1",
					"pivot": [
						-13,
						10,
						-30
					],
					"rotation": [
						0,
						0,
						-25
					],
					"cubes": [
						{
							"origin": [
								-13,
								-2,
								-30
							],
							"size": [
								4,
								12,
								0
							],
							"uv": [
								187,
								63
							],
							"mirror": true
						}
					]
				},
				{
					"name": "finger6",
					"parent": "wrist1",
					"pivot": [
						-13,
						10,
						-27
					],
					"rotation": [
						0,
						0,
						-12.5
					],
					"cubes": [
						{
							"origin": [
								-13,
								-2,
								-27
							],
							"size": [
								4,
								12,
								0
							],
							"uv": [
								187,
								63
							],
							"mirror": true
						}
					]
				},
				{
					"name": "finger7",
					"parent": "wrist1",
					"pivot": [
						-13,
						10,
						-24
					],
					"rotation": [
						0,
						0,
						-15
					],
					"cubes": [
						{
							"origin": [
								-13,
								-2,
								-24
							],
							"size": [
								4,
								12,
								0
							],
							"uv": [
								187,
								63
							],
							"mirror": true
						}
					]
				},
				{
					"name": "tail1",
					"parent": "body",
					"pivot": [
						0,
						75,
						31
					],
					"rotation": [
						5,
						0,
						0
					],
					"cubes": [
						{
							"origin": [
								-9,
								65,
								24
							],
							"size": [
								18,
								21,
								35
							],
							"uv": [
								406,
								200
							]
						}
					]
				},
				{
					"name": "tail2",
					"parent": "tail1",
					"pivot": [
						0,
						78,
						59
					],
					"rotation": [
						-5,
						0,
						0
					],
					"cubes": [
						{
							"origin": [
								-6,
								70,
								55
							],
							"size": [
								12,
								14,
								66
							],
							"uv": [
								356,
								109
							]
						}
					]
				},
				{
					"name": "tail3",
					"parent": "tail2",
					"pivot": [
						0,
						78,
						121
					],
					"rotation": [
						-7.5,
						0,
						0
					],
					"cubes": [
						{
							"origin": [
								-4,
								74,
								114
							],
							"size": [
								8,
								8,
								85
							],
							"uv": [
								0,
								0
							]
						}
					]
				},
				{
					"name": "leg0",
					"parent": "body",
					"pivot": [
						15,
						74,
						13
					],
					"rotation": [
						-9.40828,
						-8.23239,
						-3.66432
					],
					"cubes": [
						{
							"origin": [
								9,
								40,
								0
							],
							"size": [
								12,
								41,
								26
							],
							"uv": [
								436,
								0
							]
						}
					]
				},
				{
					"name": "knee0",
					"parent": "leg0",
					"pivot": [
						15,
						40,
						0
					],
					"rotation": [
						45,
						0,
						0
					],
					"cubes": [
						{
							"origin": [
								10.5,
								8,
								0
							],
							"size": [
								9,
								32,
								18
							],
							"uv": [
								355,
								88
							]
						}
					]
				},
				{
					"name": "ankle0",
					"parent": "knee0",
					"pivot": [
						15,
						8,
						17
					],
					"rotation": [
						-32.40109,
						2.68407,
						4.22005
					],
					"cubes": [
						{
							"origin": [
								12,
								-18,
								4
							],
							"size": [
								6,
								26,
								13
							],
							"uv": [
								286,
								148
							]
						}
					]
				},
				{
					"name": "foot0",
					"parent": "ankle0",
					"pivot": [
						15,
						-18,
						4
					]
				},
				{
					"name": "toe0",
					"parent": "foot0",
					"pivot": [
						15,
						-12,
						4
					],
					"cubes": [
						{
							"origin": [
								15,
								-18,
								-11
							],
							"size": [
								0,
								6,
								15
							],
							"uv": [
								245,
								150
							]
						}
					]
				},
				{
					"name": "toe1",
					"parent": "foot0",
					"pivot": [
						18,
						-12,
						4
					],
					"rotation": [
						0,
						-10,
						0
					],
					"cubes": [
						{
							"origin": [
								18,
								-18,
								-11
							],
							"size": [
								0,
								6,
								15
							],
							"uv": [
								245,
								150
							]
						}
					]
				},
				{
					"name": "toe2",
					"parent": "foot0",
					"pivot": [
						12,
						-12,
						4
					],
					"rotation": [
						0,
						10,
						0
					],
					"cubes": [
						{
							"origin": [
								12,
								-18,
								-11
							],
							"size": [
								0,
								6,
								15
							],
							"uv": [
								245,
								150
							]
						}
					]
				},
				{
					"name": "leg1",
					"parent": "body",
					"pivot": [
						-15,
						74,
						13
					],
					"rotation": [
						-9.40828,
						8.2324,
						3.6643
					],
					"cubes": [
						{
							"origin": [
								-21,
								40,
								0
							],
							"size": [
								12,
								41,
								26
							],
							"uv": [
								436,
								0
							],
							"mirror": true
						}
					]
				},
				{
					"name": "knee1",
					"parent": "leg1",
					"pivot": [
						-15,
						40,
						0
					],
					"rotation": [
						45,
						0,
						0
					],
					"cubes": [
						{
							"origin": [
								-19.5,
								8,
								0
							],
							"size": [
								9,
								32,
								18
							],
							"uv": [
								355,
								88
							],
							"mirror": true
						}
					]
				},
				{
					"name": "ankle1",
					"parent": "knee1",
					"pivot": [
						-15,
						8,
						17
					],
					"rotation": [
						-32.40109,
						-2.6841,
						-4.22
					],
					"cubes": [
						{
							"origin": [
								-18,
								-18,
								4
							],
							"size": [
								6,
								26,
								13
							],
							"uv": [
								286,
								148
							],
							"mirror": true
						}
					]
				},
				{
					"name": "foot1",
					"parent": "ankle1",
					"pivot": [
						-15,
						-18,
						4
					]
				},
				{
					"name": "toe3",
					"parent": "foot1",
					"pivot": [
						-15,
						-12,
						4
					],
					"cubes": [
						{
							"origin": [
								-15,
								-18,
								-11
							],
							"size": [
								0,
								6,
								15
							],
							"uv": [
								245,
								150
							],
							"mirror": true
						}
					]
				},
				{
					"name": "toe4",
					"parent": "foot1",
					"pivot": [
						-18,
						-12,
						4
					],
					"rotation": [
						0,
						10,
						0
					],
					"cubes": [
						{
							"origin": [
								-18,
								-18,
								-11
							],
							"size": [
								0,
								6,
								15
							],
							"uv": [
								245,
								150
							],
							"mirror": true
						}
					]
				},
				{
					"name": "toe5",
					"parent": "foot1",
					"pivot": [
						-12,
						-12,
						4
					],
					"rotation": [
						0,
						-10,
						0
					],
					"cubes": [
						{
							"origin": [
								-12,
								-18,
								-11
							],
							"size": [
								0,
								6,
								15
							],
							"uv": [
								245,
								150
							],
							"mirror": true
						}
					]
				}
			]
		}
	]
}