{
	"format_version": "1.12.0",
	"minecraft:geometry": [
		{
			"description": {
				"identifier": "geometry.LUCID_Pachycephalosaurus",
				"texture_width": 256,
				"texture_height": 256,
				"visible_bounds_width": 8,
				"visible_bounds_height": 4.5,
				"visible_bounds_offset": [0, 1.75, 0]
			},
			"bones": [
				{
					"name": "body",
					"pivot": [0, 26, 0],
					"cubes": [
						{"origin": [-4, 16, -7], "size": [8, 15, 13], "uv": [0, 0]}
					]
				},
				{
					"name": "torso",
					"parent": "body",
					"pivot": [0, 29, -6],
					"cubes": [
						{"origin": [-5.5, 17, -22], "size": [11, 15, 18], "uv": [0, 31]}
					]
				},
				{
					"name": "neck",
					"parent": "torso",
					"pivot": [0, 29, -20],
					"cubes": [
						{"origin": [-2.5, 25, -26], "size": [5, 16, 9], "uv": [48, 0]}
					]
				},
				{
					"name": "head",
					"parent": "neck",
					"pivot": [0, 38, -22],
					"cubes": [
						{"origin": [-5, 40, -25], "size": [10, 2, 7], "uv": [131, 0]},
						{"origin": [-4, 35, -29], "size": [8, 12, 10], "uv": [86, 0]},
						{"origin": [-2, 35, -34], "size": [4, 5, 5], "uv": [90, 28]},
						{"origin": [0, 40, -33], "size": [0, 1, 4], "uv": [82, -4]}
					]
				},
				{
					"name": "shoulder0",
					"parent": "torso",
					"pivot": [6, 20, -19],
					"cubes": [
						{"origin": [5, 15, -21], "size": [2, 7, 4], "inflate": 0.005, "uv": [91, 55]}
					]
				},
				{
					"name": "elbow0",
					"parent": "shoulder0",
					"pivot": [6, 15, -17],
					"cubes": [
						{"origin": [5, 11, -20], "size": [2, 4, 3], "uv": [108, 61]},
						{"origin": [6, 7, -20], "size": [0, 5, 5], "uv": [110, 72]}
					]
				},
				{
					"name": "shoulder1",
					"parent": "torso",
					"pivot": [-6, 20, -19],
					"cubes": [
						{"origin": [-7, 15, -21], "size": [2, 7, 4], "inflate": 0.005, "uv": [91, 55], "mirror": true}
					]
				},
				{
					"name": "elbow1",
					"parent": "shoulder1",
					"pivot": [-6, 15, -17],
					"cubes": [
						{"origin": [-7, 11, -20], "size": [2, 4, 3], "uv": [108, 61], "mirror": true},
						{"origin": [-7, 10, -20], "size": [2, 5, 3], "uv": [108, 61], "mirror": true},
						{"origin": [-6, 7, -20], "size": [0, 5, 5], "uv": [110, 72], "mirror": true}
					]
				},
				{
					"name": "bone",
					"parent": "body",
					"pivot": [0, 26, 6]
				},
				{
					"name": "tail1",
					"parent": "bone",
					"pivot": [0, 26, 6],
					"cubes": [
						{"origin": [-3, 21, 4], "size": [6, 9, 13], "uv": [0, 67]}
					]
				},
				{
					"name": "bone2",
					"parent": "tail1",
					"pivot": [0, 27, 17]
				},
				{
					"name": "tail2",
					"parent": "bone2",
					"pivot": [0, 27, 17],
					"cubes": [
						{"origin": [-2, 23, 14], "size": [4, 7, 20], "uv": [0, 94]}
					]
				},
				{
					"name": "bone3",
					"parent": "tail2",
					"pivot": [0, 27, 34]
				},
				{
					"name": "tail3",
					"parent": "bone3",
					"pivot": [0, 27, 34],
					"cubes": [
						{"origin": [-1, 25, 31], "size": [2, 4, 25], "uv": [0, 124]}
					]
				},
				{
					"name": "leg0",
					"parent": "body",
					"pivot": [5, 25, 0],
					"cubes": [
						{"origin": [2, 15, -5], "size": [6, 13, 10], "uv": [52, 58]}
					]
				},
				{
					"name": "knee0",
					"parent": "leg0",
					"pivot": [5, 15, -5],
					"cubes": [
						{"origin": [3, 4, -5], "size": [4, 11, 7], "uv": [57, 84]}
					]
				},
				{
					"name": "ankle0",
					"parent": "knee0",
					"pivot": [4.5, 4, 2],
					"cubes": [
						{"origin": [3.5, -7, -3], "size": [3, 11, 5], "uv": [90, 77]}
					]
				},
				{
					"name": "feet0",
					"parent": "ankle0",
					"pivot": [4.5, -7, -3]
				},
				{
					"name": "toe0",
					"parent": "feet0",
					"pivot": [5, -4, -3],
					"cubes": [
						{"origin": [5, -7, -8], "size": [0, 3, 5], "uv": [78, 99]}
					]
				},
				{
					"name": "toe1",
					"parent": "feet0",
					"pivot": [4, -4, -3],
					"cubes": [
						{"origin": [4, -7, -8], "size": [0, 3, 5], "uv": [78, 99]}
					]
				},
				{
					"name": "toe2",
					"parent": "feet0",
					"pivot": [6, -4, -3],
					"cubes": [
						{"origin": [6, -7, -8], "size": [0, 3, 5], "uv": [78, 99]}
					]
				},
				{
					"name": "leg1",
					"parent": "body",
					"pivot": [-5, 25, 0],
					"cubes": [
						{"origin": [-8, 15, -5], "size": [6, 13, 10], "uv": [52, 58], "mirror": true}
					]
				},
				{
					"name": "knee1",
					"parent": "leg1",
					"pivot": [-5, 15, -5],
					"cubes": [
						{"origin": [-7, 4, -5], "size": [4, 11, 7], "uv": [57, 84], "mirror": true}
					]
				},
				{
					"name": "ankle1",
					"parent": "knee1",
					"pivot": [-4.5, 4, 2],
					"cubes": [
						{"origin": [-6.5, -7, -3], "size": [3, 11, 5], "uv": [90, 77], "mirror": true}
					]
				},
				{
					"name": "feet1",
					"parent": "ankle1",
					"pivot": [-4.5, -7, -3]
				},
				{
					"name": "toe3",
					"parent": "feet1",
					"pivot": [-5, -4, -3],
					"cubes": [
						{"origin": [-5, -7, -8], "size": [0, 3, 5], "uv": [78, 99], "mirror": true}
					]
				},
				{
					"name": "toe4",
					"parent": "feet1",
					"pivot": [-4, -4, -3],
					"cubes": [
						{"origin": [-4, -7, -8], "size": [0, 3, 5], "uv": [78, 99], "mirror": true}
					]
				},
				{
					"name": "toe5",
					"parent": "feet1",
					"pivot": [-6, -4, -3],
					"cubes": [
						{"origin": [-6, -7, -8], "size": [0, 3, 5], "uv": [78, 99], "mirror": true}
					]
				}
			]
		}
	]
}