{
	"format_version": "1.12.0",
	"minecraft:geometry": [
		{
			"description": {
				"identifier": "geometry.spinosaurus",
				"texture_width": 512,
				"texture_height": 256,
				"visible_bounds_width": 22,
				"visible_bounds_height": 11,
				"visible_bounds_offset": [
					0,
					3.5,
					0
				]
			},
			"bones": [
				{
					"name": "body",
					"pivot": [
						0,
						68,
						0
					],
					"cubes": [
						{
							"origin": [
								-9,
								40,
								-17
							],
							"size": [
								18,
								49,
								35
							],
							"uv": [
								0,
								172
							]
						}
					]
				},
				{
					"name": "torso",
					"parent": "body",
					"pivot": [
						0,
						76,
						-13
					],
					"cubes": [
						{
							"origin": [
								-13,
								45,
								-55
							],
							"size": [
								26,
								42,
								46
							],
							"uv": [
								0,
								0
							]
						}
					]
				},
				{
					"name": "neck",
					"parent": "torso",
					"pivot": [
						0,
						71,
						-55
					],
					"cubes": [
						{
							"origin": [
								-5.5,
								61,
								-80
							],
							"size": [
								11,
								21,
								30
							],
							"uv": [
								158,
								131
							]
						},
						{
							"origin": [
								-5.5,
								82,
								-80
							],
							"size": [
								11,
								21,
								18
							],
							"uv": [
								249,
								106
							]
						}
					]
				},
				{
					"name": "bone2",
					"parent": "neck",
					"pivot": [
						0,
						101,
						-74
					]
				},
				{
					"name": "bone3",
					"parent": "bone2",
					"pivot": [
						0,
						101,
						-74
					],
					"cubes": [
						{
							"origin": [
								-7,
								95,
								-87
							],
							"size": [
								14,
								9,
								17
							],
							"uv": [
								0,
								131
							]
						},
						{
							"origin": [
								-5,
								90,
								-109
							],
							"size": [
								10,
								12,
								22
							],
							"inflate": 0.01,
							"uv": [
								77,
								116
							]
						},
						{
							"origin": [
								5,
								102,
								-90
							],
							"size": [
								0,
								3,
								3
							],
							"pivot": [
								4.999,
								102,
								-90
							],
							"rotation": [
								0,
								0,
								10
							],
							"uv": [
								0,
								0
							]
						},
						{
							"origin": [
								-5,
								102,
								-90
							],
							"size": [
								0,
								3,
								3
							],
							"pivot": [
								-4.999,
								102,
								-90
							],
							"rotation": [
								0,
								0,
								-10
							],
							"uv": [
								0,
								0
							],
							"mirror": true
						},
						{
							"origin": [
								-5,
								93,
								-119
							],
							"size": [
								10,
								9,
								10
							],
							"inflate": 0.01,
							"uv": [
								141,
								0
							]
						}
					]
				},
				{
					"name": "bone",
					"parent": "bone3",
					"pivot": [
						7,
						103,
						-81
					],
					"locators": {
						"sleep_locator": [
							7,
							103,
							-81
						]
					}
				},
				{
					"name": "lower",
					"parent": "bone3",
					"pivot": [
						0,
						95,
						-70
					],
					"cubes": [
						{
							"origin": [
								-7,
								86,
								-87
							],
							"size": [
								14,
								10,
								17
							],
							"uv": [
								155,
								59
							]
						},
						{
							"origin": [
								-5,
								88,
								-109
							],
							"size": [
								10,
								8,
								22
							],
							"inflate": -0.001,
							"uv": [
								235,
								64
							]
						},
						{
							"origin": [
								-5,
								88,
								-118
							],
							"size": [
								10,
								12,
								9
							],
							"inflate": -0.001,
							"uv": [
								327,
								167
							]
						}
					]
				},
				{
					"name": "insides",
					"parent": "bone3",
					"pivot": [
						0,
						94,
						-70
					],
					"cubes": [
						{
							"origin": [
								-5.5,
								87,
								-80
							],
							"size": [
								11,
								17,
								10
							],
							"inflate": 0.01,
							"uv": [
								299,
								94
							]
						}
					]
				},
				{
					"name": "shoulder0",
					"parent": "torso",
					"pivot": [
						13,
						54,
						-48
					],
					"cubes": [
						{
							"origin": [
								9,
								35,
								-53
							],
							"size": [
								8,
								22,
								10
							],
							"uv": [
								337,
								57
							]
						}
					]
				},
				{
					"name": "elbow0",
					"parent": "shoulder0",
					"pivot": [
						13,
						35,
						-43
					],
					"cubes": [
						{
							"origin": [
								10,
								18,
								-51
							],
							"size": [
								6,
								17,
								8
							],
							"inflate": 0.01,
							"uv": [
								356,
								109
							]
						}
					]
				},
				{
					"name": "wrist0",
					"parent": "elbow0",
					"pivot": [
						13,
						18,
						-46
					]
				},
				{
					"name": "finger0",
					"parent": "wrist0",
					"pivot": [
						13,
						18,
						-51
					],
					"cubes": [
						{
							"origin": [
								13,
								3,
								-51
							],
							"size": [
								0,
								15,
								5
							],
							"uv": [
								386,
								167
							]
						}
					]
				},
				{
					"name": "finger1",
					"parent": "wrist0",
					"pivot": [
						10,
						18,
						-51
					],
					"cubes": [
						{
							"origin": [
								10,
								1,
								-51
							],
							"size": [
								0,
								17,
								5
							],
							"uv": [
								275,
								167
							]
						}
					]
				},
				{
					"name": "finger2",
					"parent": "wrist0",
					"pivot": [
						16,
						18,
						-51
					],
					"cubes": [
						{
							"origin": [
								16,
								3,
								-51
							],
							"size": [
								0,
								15,
								5
							],
							"uv": [
								386,
								167
							]
						}
					]
				},
				{
					"name": "shoulder1",
					"parent": "torso",
					"pivot": [
						-13,
						54,
						-48
					],
					"cubes": [
						{
							"origin": [
								-17,
								35,
								-53
							],
							"size": [
								8,
								22,
								10
							],
							"uv": [
								337,
								57
							],
							"mirror": true
						}
					]
				},
				{
					"name": "elbow1",
					"parent": "shoulder1",
					"pivot": [
						-13,
						35,
						-43
					],
					"cubes": [
						{
							"origin": [
								-16,
								18,
								-51
							],
							"size": [
								6,
								17,
								8
							],
							"inflate": 0.01,
							"uv": [
								356,
								109
							],
							"mirror": true
						}
					]
				},
				{
					"name": "wrist1",
					"parent": "elbow1",
					"pivot": [
						-13,
						18,
						-46
					]
				},
				{
					"name": "finger3",
					"parent": "wrist1",
					"pivot": [
						-13,
						18,
						-51
					],
					"cubes": [
						{
							"origin": [
								-13,
								3,
								-51
							],
							"size": [
								0,
								15,
								5
							],
							"uv": [
								386,
								167
							],
							"mirror": true
						}
					]
				},
				{
					"name": "finger4",
					"parent": "wrist1",
					"pivot": [
						-10,
						18,
						-51
					],
					"cubes": [
						{
							"origin": [
								-10,
								1,
								-51
							],
							"size": [
								0,
								17,
								5
							],
							"uv": [
								275,
								167
							],
							"mirror": true
						}
					]
				},
				{
					"name": "finger5",
					"parent": "wrist1",
					"pivot": [
						-16,
						18,
						-51
					],
					"cubes": [
						{
							"origin": [
								-16,
								3,
								-51
							],
							"size": [
								0,
								15,
								5
							],
							"uv": [
								386,
								167
							],
							"mirror": true
						}
					]
				},
				{
					"name": "sail1",
					"parent": "body",
					"pivot": [
						0,
						87,
						-18
					],
					"cubes": [
						{
							"origin": [
								0,
								87,
								-17
							],
							"size": [
								0,
								35,
								31
							],
							"uv": [
								216,
								-31
							]
						}
					]
				},
				{
					"name": "sail2",
					"parent": "sail1",
					"pivot": [
						0,
						87,
						-17
					],
					"cubes": [
						{
							"origin": [
								0,
								87,
								-50
							],
							"size": [
								0,
								35,
								33
							],
							"uv": [
								304,
								-20
							]
						}
					]
				},
				{
					"name": "tail1",
					"parent": "body",
					"pivot": [
						0,
						75,
						18
					],
					"cubes": [
						{
							"origin": [
								-7,
								63,
								13
							],
							"size": [
								14,
								24,
								47
							],
							"uv": [
								390,
								0
							]
						}
					]
				},
				{
					"name": "tail2",
					"parent": "tail1",
					"pivot": [
						0,
						78,
						60
					],
					"cubes": [
						{
							"origin": [
								-5,
								68,
								54
							],
							"size": [
								10,
								17,
								51
							],
							"uv": [
								390,
								85
							]
						}
					]
				},
				{
					"name": "tail3",
					"parent": "tail2",
					"pivot": [
						0,
						77,
						105
					],
					"cubes": [
						{
							"origin": [
								-3,
								72,
								98
							],
							"size": [
								6,
								11,
								65
							],
							"uv": [
								370,
								180
							]
						}
					]
				},
				{
					"name": "leg0",
					"parent": "body",
					"pivot": [
						-14,
						71,
						-4
					],
					"cubes": [
						{
							"origin": [
								-20,
								43,
								-20
							],
							"size": [
								12,
								38,
								33
							],
							"uv": [
								109,
								185
							]
						}
					]
				},
				{
					"name": "knee0",
					"parent": "leg0",
					"pivot": [
						-14,
						43,
						-20
					],
					"cubes": [
						{
							"origin": [
								-19,
								6,
								-20
							],
							"size": [
								10,
								37,
								21
							],
							"uv": [
								232,
								198
							]
						}
					]
				},
				{
					"name": "ankle0",
					"parent": "knee0",
					"pivot": [
						-14,
						6,
						-1
					],
					"cubes": [
						{
							"origin": [
								-18,
								-25,
								-16
							],
							"size": [
								8,
								31,
								15
							],
							"inflate": 0.01,
							"uv": [
								314,
								210
							]
						}
					]
				},
				{
					"name": "foot0",
					"parent": "ankle0",
					"pivot": [
						-14,
						-19,
						-16
					]
				},
				{
					"name": "toe0",
					"parent": "foot0",
					"pivot": [
						-14,
						-25,
						-16
					],
					"cubes": [
						{
							"origin": [
								-14,
								-25,
								-31
							],
							"size": [
								0,
								6,
								15
							],
							"uv": [
								294,
								200
							]
						}
					]
				},
				{
					"name": "toe1",
					"parent": "foot0",
					"pivot": [
						-18,
						-25,
						-16
					],
					"cubes": [
						{
							"origin": [
								-18,
								-25,
								-31
							],
							"size": [
								0,
								6,
								15
							],
							"uv": [
								294,
								200
							]
						}
					]
				},
				{
					"name": "toe2",
					"parent": "foot0",
					"pivot": [
						-10,
						-25,
						-16
					],
					"cubes": [
						{
							"origin": [
								-10,
								-25,
								-31
							],
							"size": [
								0,
								6,
								15
							],
							"uv": [
								294,
								200
							]
						}
					]
				},
				{
					"name": "leg1",
					"parent": "body",
					"pivot": [
						14,
						71,
						-4
					],
					"cubes": [
						{
							"origin": [
								8,
								43,
								-20
							],
							"size": [
								12,
								38,
								33
							],
							"uv": [
								109,
								185
							],
							"mirror": true
						}
					]
				},
				{
					"name": "knee1",
					"parent": "leg1",
					"pivot": [
						14,
						43,
						-20
					],
					"cubes": [
						{
							"origin": [
								9,
								6,
								-20
							],
							"size": [
								10,
								37,
								21
							],
							"uv": [
								232,
								198
							],
							"mirror": true
						}
					]
				},
				{
					"name": "ankle1",
					"parent": "knee1",
					"pivot": [
						14,
						6,
						-1
					],
					"cubes": [
						{
							"origin": [
								10,
								-25,
								-16
							],
							"size": [
								8,
								31,
								15
							],
							"inflate": 0.01,
							"uv": [
								314,
								210
							],
							"mirror": true
						}
					]
				},
				{
					"name": "foot1",
					"parent": "ankle1",
					"pivot": [
						14,
						-19,
						-16
					]
				},
				{
					"name": "toe3",
					"parent": "foot1",
					"pivot": [
						14,
						-25,
						-16
					],
					"cubes": [
						{
							"origin": [
								14,
								-25,
								-31
							],
							"size": [
								0,
								6,
								15
							],
							"uv": [
								294,
								200
							],
							"mirror": true
						}
					]
				},
				{
					"name": "toe4",
					"parent": "foot1",
					"pivot": [
						18,
						-25,
						-16
					],
					"cubes": [
						{
							"origin": [
								18,
								-25,
								-31
							],
							"size": [
								0,
								6,
								15
							],
							"uv": [
								294,
								200
							],
							"mirror": true
						}
					]
				},
				{
					"name": "toe5",
					"parent": "foot1",
					"pivot": [
						10,
						-25,
						-16
					],
					"cubes": [
						{
							"origin": [
								10,
								-25,
								-31.4
							],
							"size": [
								0,
								6,
								15.4
							],
							"uv": [
								294,
								200
							],
							"mirror": true
						}
					]
				}
			]
		}
	]
}