{
	"format_version": "1.12.0",
	"minecraft:geometry": [
		{
			"description": {
				"identifier": "geometry.tyrannosaurus",
				"texture_width": 512,
				"texture_height": 512,
				"visible_bounds_width": 22,
				"visible_bounds_height": 8,
				"visible_bounds_offset": [
					0,
					3,
					0
				]
			},
			"bones": [
				{
					"name": "body",
					"pivot": [
						0,
						79,
						20
					],
					"cubes": [
						{
							"origin": [
								-9,
								38,
								3
							],
							"size": [
								18,
								51,
								32
							],
							"uv": [
								0,
								145
							]
						}
					]
				},
				{
					"name": "torso",
					"parent": "body",
					"pivot": [
						0,
						79,
						6
					],
					"cubes": [
						{
							"origin": [
								-13,
								44,
								-34
							],
							"size": [
								26,
								42,
								45
							],
							"uv": [
								152,
								149
							]
						}
					]
				},
				{
					"name": "shoulder0",
					"parent": "torso",
					"pivot": [
						13,
						49,
						-29
					],
					"cubes": [
						{
							"origin": [
								11,
								39,
								-32
							],
							"size": [
								4,
								13,
								6
							],
							"uv": [
								228,
								373
							]
						}
					]
				},
				{
					"name": "elbow",
					"parent": "shoulder0",
					"pivot": [
						12.5,
						39,
						-28
					],
					"cubes": [
						{
							"origin": [
								11.5,
								29,
								-32
							],
							"size": [
								3,
								10,
								4
							],
							"uv": [
								207,
								373
							]
						}
					]
				},
				{
					"name": "finger0",
					"parent": "elbow",
					"pivot": [
						12.5,
						29,
						-32
					],
					"cubes": [
						{
							"origin": [
								12.5,
								19,
								-32
							],
							"size": [
								0,
								10,
								3
							],
							"uv": [
								264,
								372
							]
						}
					]
				},
				{
					"name": "finger1",
					"parent": "elbow",
					"pivot": [
						13.5,
						29,
						-32
					],
					"cubes": [
						{
							"origin": [
								13.5,
								19,
								-32
							],
							"size": [
								0,
								10,
								3
							],
							"uv": [
								264,
								372
							]
						}
					]
				},
				{
					"name": "shoulder1",
					"parent": "torso",
					"pivot": [
						-13,
						49,
						-29
					],
					"cubes": [
						{
							"origin": [
								-15,
								39,
								-32
							],
							"size": [
								4,
								13,
								6
							],
							"uv": [
								228,
								373
							],
							"mirror": true
						}
					]
				},
				{
					"name": "elbow2",
					"parent": "shoulder1",
					"pivot": [
						-12.5,
						39,
						-28
					],
					"cubes": [
						{
							"origin": [
								-14.5,
								29,
								-32
							],
							"size": [
								3,
								10,
								4
							],
							"uv": [
								207,
								373
							],
							"mirror": true
						}
					]
				},
				{
					"name": "finger2",
					"parent": "elbow2",
					"pivot": [
						-12.5,
						29,
						-32
					],
					"cubes": [
						{
							"origin": [
								-12.5,
								19,
								-32
							],
							"size": [
								0,
								10,
								3
							],
							"uv": [
								264,
								372
							],
							"mirror": true
						}
					]
				},
				{
					"name": "finger3",
					"parent": "elbow2",
					"pivot": [
						-13.5,
						29,
						-32
					],
					"cubes": [
						{
							"origin": [
								-13.5,
								19,
								-32
							],
							"size": [
								0,
								10,
								3
							],
							"uv": [
								264,
								372
							],
							"mirror": true
						}
					]
				},
				{
					"name": "neck",
					"parent": "torso",
					"pivot": [
						0,
						69,
						-34
					],
					"cubes": [
						{
							"origin": [
								-5.5,
								63,
								-49
							],
							"size": [
								11,
								31,
								21
							],
							"uv": [
								82,
								34
							]
						}
					]
				},
				{
					"name": "head",
					"parent": "neck",
					"pivot": [
						0,
						88,
						-41
					],
					"cubes": [
						{
							"origin": [
								-7,
								82,
								-55
							],
							"size": [
								14,
								14,
								17
							],
							"uv": [
								143,
								0
							]
						},
						{
							"origin": [
								-4,
								79,
								-72
							],
							"size": [
								8,
								15,
								17
							],
							"inflate": 0.01,
							"uv": [
								242,
								0
							]
						},
						{
							"origin": [
								-0.5,
								94,
								-70
							],
							"size": [
								1,
								2,
								13
							],
							"inflate": 0.01,
							"uv": [
								206,
								24
							]
						},
						{
							"origin": [
								-7,
								96,
								-55
							],
							"size": [
								3,
								2,
								6
							],
							"uv": [
								277,
								147
							]
						},
						{
							"origin": [
								4,
								96,
								-55
							],
							"size": [
								3,
								2,
								6
							],
							"uv": [
								277,
								147
							],
							"mirror": true
						}
					]
				},
				{
					"name": "lower",
					"parent": "head",
					"pivot": [
						0,
						83,
						-38
					],
					"cubes": [
						{
							"origin": [
								-7,
								74,
								-55
							],
							"size": [
								14,
								10,
								17
							],
							"uv": [
								3,
								66
							]
						},
						{
							"origin": [
								-3.5,
								76,
								-72
							],
							"size": [
								7,
								9,
								17
							],
							"uv": [
								183,
								48
							]
						},
						{
							"origin": [
								-4.5,
								69,
								-53
							],
							"size": [
								9,
								5,
								14
							],
							"uv": [
								93,
								92
							]
						}
					]
				},
				{
					"name": "bone9",
					"parent": "head",
					"pivot": [
						9,
						94,
						-49
					],
					"locators": {
						"sleep_locator": [
							12,
							103,
							-53
						]
					}
				},
				{
					"name": "tail1",
					"parent": "body",
					"pivot": [
						0,
						76,
						35
					],
					"cubes": [
						{
							"origin": [
								-7,
								65,
								30
							],
							"size": [
								14,
								22,
								47
							],
							"uv": [
								390,
								0
							]
						}
					]
				},
				{
					"name": "tail2",
					"parent": "tail1",
					"pivot": [
						0,
						79,
						77
					],
					"cubes": [
						{
							"origin": [
								-5,
								70,
								75
							],
							"size": [
								10,
								16,
								50
							],
							"uv": [
								392,
								107
							]
						}
					]
				},
				{
					"name": "tail3",
					"parent": "tail2",
					"pivot": [
						0,
						80,
						125
					],
					"cubes": [
						{
							"origin": [
								-3,
								75,
								120
							],
							"size": [
								6,
								10,
								41
							],
							"uv": [
								418,
								242
							]
						}
					]
				},
				{
					"name": "bone5",
					"parent": "body",
					"pivot": [
						14,
						72,
						15
					]
				},
				{
					"name": "leg0",
					"parent": "bone5",
					"pivot": [
						14,
						72,
						15
					],
					"cubes": [
						{
							"origin": [
								8,
								40,
								1
							],
							"size": [
								12,
								40,
								27
							],
							"uv": [
								155,
								445
							]
						}
					]
				},
				{
					"name": "bone6",
					"parent": "leg0",
					"pivot": [
						14,
						40,
						1
					]
				},
				{
					"name": "knee0",
					"parent": "bone6",
					"pivot": [
						14,
						40,
						1
					],
					"cubes": [
						{
							"origin": [
								9.5,
								8,
								1
							],
							"size": [
								9,
								32,
								18
							],
							"uv": [
								247,
								462
							]
						}
					]
				},
				{
					"name": "bone7",
					"parent": "knee0",
					"pivot": [
						14,
						8,
						17
					]
				},
				{
					"name": "ankle0",
					"parent": "bone7",
					"pivot": [
						14,
						8,
						17
					],
					"cubes": [
						{
							"origin": [
								11,
								-17,
								5
							],
							"size": [
								6,
								25,
								12
							],
							"uv": [
								383,
								475
							]
						}
					]
				},
				{
					"name": "bone8",
					"parent": "ankle0",
					"pivot": [
						14,
						-11,
						5
					]
				},
				{
					"name": "foot0",
					"parent": "bone8",
					"pivot": [
						14,
						-11,
						5
					]
				},
				{
					"name": "toe0",
					"parent": "foot0",
					"pivot": [
						14,
						-17,
						5
					],
					"cubes": [
						{
							"origin": [
								14,
								-17,
								-13
							],
							"size": [
								0,
								6,
								18
							],
							"uv": [
								0,
								0
							]
						}
					]
				},
				{
					"name": "toe1",
					"parent": "foot0",
					"pivot": [
						11,
						-17,
						5
					],
					"cubes": [
						{
							"origin": [
								11,
								-17,
								-13
							],
							"size": [
								0,
								6,
								18
							],
							"uv": [
								0,
								0
							]
						}
					]
				},
				{
					"name": "toe2",
					"parent": "foot0",
					"pivot": [
						17,
						-17,
						5
					],
					"cubes": [
						{
							"origin": [
								17,
								-17,
								-13
							],
							"size": [
								0,
								6,
								18
							],
							"uv": [
								0,
								0
							]
						}
					]
				},
				{
					"name": "bone",
					"parent": "body",
					"pivot": [
						-14,
						72,
						14
					]
				},
				{
					"name": "leg1",
					"parent": "bone",
					"pivot": [
						-14,
						72,
						14
					],
					"cubes": [
						{
							"origin": [
								-20,
								40,
								0
							],
							"size": [
								12,
								40,
								27
							],
							"uv": [
								155,
								445
							],
							"mirror": true
						}
					]
				},
				{
					"name": "bone2",
					"parent": "leg1",
					"pivot": [
						-14,
						40,
						0
					]
				},
				{
					"name": "knee1",
					"parent": "bone2",
					"pivot": [
						-14,
						40,
						0
					],
					"cubes": [
						{
							"origin": [
								-18.5,
								8,
								0
							],
							"size": [
								9,
								32,
								18
							],
							"uv": [
								247,
								462
							],
							"mirror": true
						}
					]
				},
				{
					"name": "bone3",
					"parent": "knee1",
					"pivot": [
						-14,
						8,
						16
					]
				},
				{
					"name": "ankle1",
					"parent": "bone3",
					"pivot": [
						-14,
						8,
						16
					],
					"cubes": [
						{
							"origin": [
								-17,
								-17,
								4
							],
							"size": [
								6,
								25,
								12
							],
							"uv": [
								383,
								475
							],
							"mirror": true
						}
					]
				},
				{
					"name": "bone4",
					"parent": "ankle1",
					"pivot": [
						-14,
						-11,
						4
					]
				},
				{
					"name": "foot1",
					"parent": "bone4",
					"pivot": [
						-14,
						-11,
						4
					]
				},
				{
					"name": "toe3",
					"parent": "foot1",
					"pivot": [
						-14,
						-17,
						4
					],
					"cubes": [
						{
							"origin": [
								-14,
								-17,
								-14
							],
							"size": [
								0,
								6,
								18
							],
							"uv": [
								0,
								0
							],
							"mirror": true
						}
					]
				},
				{
					"name": "toe4",
					"parent": "foot1",
					"pivot": [
						-11,
						-17,
						4
					],
					"cubes": [
						{
							"origin": [
								-11,
								-17,
								-14
							],
							"size": [
								0,
								6,
								18
							],
							"uv": [
								0,
								0
							],
							"mirror": true
						}
					]
				},
				{
					"name": "toe5",
					"parent": "foot1",
					"pivot": [
						-17,
						-17,
						4
					],
					"cubes": [
						{
							"origin": [
								-17,
								-17,
								-14
							],
							"size": [
								0,
								6,
								18
							],
							"uv": [
								0,
								0
							],
							"mirror": true
						}
					]
				}
			]
		}
	]
}