{
  "format_version": "1.8.0",
  "minecraft:entity": {
    "description": {
      "identifier": "os:camerabig",
      "is_spawnable": true,
      "is_summonable": true,
      "is_experimental": false
    },
    "component_groups": {},
    "components": {
      "minecraft:is_hidden_when_invisible": {},
      "minecraft:nameable": {},
      "minecraft:type_family": {
        "family": [
          "mob",
          "fox"
        ]
      },
      "minecraft:collision_box": {
        "width": 0.6,
        "height": 1.8
      },
      "minecraft:movement.basic": {},
      "minecraft:navigation.walk": {
        "avoid_damage_blocks": true,
        "is_amphibious": true,
        "can_pass_doors": true,
        "can_break_doors": true,
        "can_open_doors": true,
        "can_open_iron_doors": true,
        "can_walk": true
      },
      "minecraft:movement": {
        "value": 0.25
      },
      "minecraft:scale": {
        "value": 1
      },
      "minecraft:jump.static": {},
      "minecraft:can_climb": {},
      "minecraft:attack": {
        "damage": 8
      },
      "minecraft:health": {
        "value": 20,
        "max": 20
      },
      "minecraft:follow_range": {
        "value": 30,
        "max": 30
      },
      "minecraft:leashable": {
        "soft_distance": 4,
        "hard_distance": 6,
        "max_distance": 10,
        "can_be_stolen": true
      },
      "minecraft:loot": {
        "table": "loot_tables/entities/null.json"
      },
      "minecraft:behavior.nearest_attackable_target": {
        "priority": 2,
        "must_see": true,
        "reselect_targets": true,
        "within_radius": 25,
        "must_see_forget_duration": 17,
        "entity_types": [
          {
            "filters": {
              "any_of": [
                {
                  "test": "is_family",
                  "subject": "other",
                  "value": "illager"
                },
                {
                  "test": "is_family",
                  "subject": "other",
                  "value": "monster"
                }
              ]
            },
            "max_dist": 35
          }
        ]
      },
      "minecraft:behavior.melee_attack": {
        "priority": 3,
        "track_target": true,
        "speed_multiplier": 1.25,
        "on_attack": {
          "event": "minecraft:jumpscare_active",
          "filters": {
            "all_of": [
              {
                "operator": "equals",
                "subject": "target",
                "test": "is_family",
                "value": "player"
              },
              {
                "operator": "not",
                "subject": "self",
                "test": "has_component",
                "value": "minecraft:is_sheared"
              }
            ]
          },
          "target": "self"
        }
      },
      "minecraft:behavior.random_stroll": {
        "priority": 7,
        "speed_multiplier": 1
      },
      "minecraft:behavior.look_at_player": {
        "priority": 8,
        "look_distance": 6,
        "probability": 0.02
      },
      "minecraft:behavior.random_look_around": {
        "priority": 9
      },
      "minecraft:behavior.hurt_by_target": {
        "priority": 1,
        "alert_same_type": true,
        "entity_types": {
          "filters": {
            "any_of": [
              {
                "test": "is_family",
                "subject": "other",
                "operator": "!\u003d",
                "value": "player"
              }
            ]
          },
          "max_dist": 64
        }
      },
      "minecraft:knockback_resistance": {
        "value": 0.8
      },
      "minecraft:physics": {},
      "minecraft:pushable": {
        "is_pushable": true,
        "is_pushable_by_piston": true
      },
      "minecraft:combat_regeneration": {
        "regeneration_duration": 15,
        "apply_to_self": true,
        "apply_to_family": false
      },
      "minecraft:annotation.open_door": {},
      "minecraft:behavior.move_indoors": {
        "priority": 4,
        "speed_multiplier": 0.8
      },
      "minecraft:behavior.restrict_open_door": {
        "priority": 5
      }
    },
    "events": {
      "minecraft:entity_spawned": {}
    }
  }
}