{
  "format_version": "1.16.100",
  "minecraft:entity": {
    "description": {
      "identifier": "os:normal",
      "is_spawnable": true,
      "is_summonable": true,
      "is_experimental": false,
      "scripts": {
        "animate": [
          "jumpscare"
        ]
      },
      "animations": {
        "jumpscare": "controller.animation.normal_jumpscare"
      }
    },
    "component_groups": {
      "dead": {
        "minecraft:transformation": {
          "into": "os:dead"
        }
      }
    },
    "components": {
      "minecraft:type_family": {
        "family": [
          "playtime",
          "longlegs",
          "monster",
          "arthropod",
          "vex"
        ]
      },
      "minecraft:damage_sensor": {
        "damage_conditions": [
          {
            "filters": {
              "test": "in_lava",
              "subject": "self",
              "operator": "\u003d\u003d",
              "value": true
            },
            "cause": "lava",
            "damage_per_tick": 4
          }
        ],
        "triggers": {
          "cause": "fall",
          "deals_damage": false
        }
      },
      "minecraft:behavior.float": {
        "priority": 0
      },
      "minecraft:nameable": {
        "alwaysShow": false,
        "allowNameTagRenaming": false
      },
      "minecraft:rideable": {
        "seat_count": 1,
        "rider_can_interact": false,
        "seats": [
          {
            "position": [
              0,
              0.1,
              1.3
            ],
            "rotate_rider_by": 180,
            "lock_rider_rotation": 45
          }
        ]
      },
      "minecraft:collision_box": {
        "height": 0.9,
        "width": 0.7
      },
      "minecraft:loot": {
        "table": "loot_tables/entities/robot.json"
      },
      "minecraft:health": {
        "value": 2,
        "max": 2
      },
      "minecraft:movement": {
        "value": 0.35
      },
      "minecraft:annotation.break_door": {
        "break_time": 10.0,
        "min_difficulty": "easy"
      },
      "minecraft:navigation.climb": {
        "can_path_over_water": true
      },
      "minecraft:movement.basic": {},
      "minecraft:jump.static": {},
      "minecraft:can_climb": {},
      "minecraft:behavior.mount_pathing": {
        "priority": 5,
        "speed_multiplier": 1.25,
        "target_dist": 0.0,
        "track_target": true
      },
      "minecraft:attack": {
        "damage": 5
      },
      "minecraft:fall_damage": {
        "value": 0.0
      },
      "minecraft:knockback_resistance": {
        "value": 1.0,
        "max": 1.0
      },
      "minecraft:leashable": {
        "soft_distance": 4.0,
        "hard_distance": 6.0,
        "max_distance": 10.0
      },
      "minecraft:balloonable": {},
      "minecraft:behavior.melee_attack": {
        "priority": 0,
        "speed_multiplier": 1.0,
        "track_target": true,
        "reach_multiplier": 1.6
      },
      "minecraft:behavior.move_towards_target": {
        "priority": 1,
        "speed_multiplier": 1.0,
        "within_radius": 64
      },
      "minecraft:behavior.random_stroll": {
        "priority": 6,
        "speed_multiplier": 0.9
      },
      "minecraft:behavior.look_at_player": {
        "priority": 7,
        "look_distance": 6.0,
        "probability": 0.02
      },
      "minecraft:behavior.random_look_around": {
        "priority": 9
      },
      "minecraft:behavior.nearest_attackable_target": {
        "priority": 2,
        "within_radius": 64,
        "reselect_targets": true,
        "entity_types": [
          {
            "filters": {
              "any_of": [
                {
                  "test": "is_family",
                  "subject": "other",
                  "value": "player"
                },
                {
                  "test": "is_family",
                  "subject": "other",
                  "value": "villager"
                },
                {
                  "test": "is_family",
                  "subject": "other",
                  "value": "irongolem"
                },
                {
                  "test": "is_family",
                  "subject": "other",
                  "value": "wandering_trader"
                },
                {
                  "test": "is_family",
                  "subject": "other",
                  "value": "snowgolem"
                },
                {
                  "test": "is_family",
                  "subject": "other",
                  "value": "mob"
                },
                {
                  "test": "is_family",
                  "subject": "other",
                  "operator": "!\u003d",
                  "value": "playtime"
                }
              ]
            },
            "max_dist": 64
          }
        ],
        "must_see": false,
        "must_see_forget_duration": 1000.0
      },
      "minecraft:behavior.hurt_by_target": {
        "priority": 4
      },
      "minecraft:physics": {},
      "minecraft:follow_range": {
        "value": 64
      },
      "minecraft:experience_reward": {
        "on_death": "query.last_hit_by_player ? 10 : 0"
      },
      "minecraft:underwater_movement": {
        "value": 0.02
      },
      "minecraft:scale": {
        "value": 1.1
      },
      "minecraft:fire_immune": true,
      "minecraft:behavior.owner_hurt_by_target": {
        "priority": 1
      },
      "minecraft:behavior.owner_hurt_target": {
        "priority": 2
      },
      "minecraft:on_death": {
        "event": "on:death",
        "target": "self"
      },
      "minecraft:on_hurt": {
        "event": "on:hurt",
        "target": "self"
      },
      "minecraft:on_hurt_by_player": {
        "event": "on:hurt_by_player",
        "target": "self"
      },
      "minecraft:on_ignite": {
        "event": "on:ignite",
        "target": "self"
      },
      "minecraft:on_target_acquired": {
        "event": "on:target_acquired",
        "target": "self"
      },
      "minecraft:on_target_escape": {
        "event": "on:target_escape",
        "target": "self"
      },
      "minecraft:on_wake_with_owner": {
        "event": "on:wake_with_owner",
        "target": "self"
      }
    },
    "events": {
      "on:death": {
        "add": {
          "component_groups": [
            "dead"
          ]
        }
      },
      "on:hurt": {
        "run_command": {
          "command": []
        }
      },
      "on:hurt_by_player": {
        "run_command": {
          "command": []
        }
      },
      "on:ignite": {
        "run_command": {
          "command": []
        }
      },
      "on:target_acquired": {
        "run_command": {
          "command": []
        }
      },
      "on:target_escape": {
        "run_command": {
          "command": []
        }
      },
      "on:wake_with_owner": {
        "run_command": {
          "command": []
        }
      }
    }
  }
}