{
  "format_version": "1.10.0",
  "minecraft:client_entity": {
    "description": {
      "identifier": "mc:webset",
      "materials": {
        "default": "slime"
      },
      "textures": {
        "default": "textures/entity/pamobile/mc_webset"
      },
      "geometry": {
        "default": "geometry.mc_webset_bullet"
      },
      "scripts": {
        "animate": [
          { "particles": "!query.is_on_ground" }
        ]
      },
      "animations": {
        "particles": "animation.web.shut"
      },
      "spawn_egg": {
        "texture": "spawn_egg",
        "texture_index": 99
      },
      "render_controllers": [
        "controller.render.slime"
      ]
    }
  }
}