{
  "format_version": "1.10.0",
  "minecraft:client_entity": {
    "description": {
      "identifier": "minecraft:player",
      "materials": {
        "default": "entity_alphatest",
        "cape": "entity_alphatest",
        "animated": "player_animated",
        "sl": "slime_outer",
        "gl": "charged_creeper",
        "glow": "entity_emissive_alpha"
      },
      "textures": {
        "default": "textures/entity/steve",
        "cape": "textures/entity/cape_invisible",
        "mc_blast_3d": "textures/entity/pamobile/3d/mc_blast",
        "mc_webshooterexpl_3d": "textures/entity/pamobile/3d/mc_webshooter",
        "mc_webbomb_3d": "textures/entity/pamobile/3d/mc_webshooter",
        "mc_webszip_3d": "textures/entity/pamobile/3d/mc_webshooter",
        "mc_webshooter_3d": "textures/entity/pamobile/3d/mc_webshooter",
        "mc_webshooterfast_3d": "textures/entity/pamobile/3d/mc_webshooter",
        "mc_webswing_3d": "textures/entity/pamobile/3d/mc_webshooter",
        "mc_websling_3d": "textures/entity/pamobile/3d/mc_webshooter",
        "mc_mysteriomagic_3d": "textures/entity/pamobile/3d/mc_mysteriomagic",
        "mc_mysteriomagictwo_3d": "textures/entity/pamobile/3d/mc_mysteriomagictwo",
        "mc_pmkinbomb_3d": "textures/entity/pamobile/3d/mc_pmkinbomb",
        "mc_webset_3d": "textures/entity/pamobile/3d/mc_webset",
        "mc_chitaurigun_3d": "textures/entity/pamobile/3d/mc_chitaurigun",
        "tasm": "textures/entity/pamobile/nk_spidermantasm",
        "ps4": "textures/entity/pamobile/nk_spidermanps4",
        "raimi": "textures/entity/pamobile/nk_spidermanraimi",
        "spiderman": "textures/entity/pamobile/nk_spiderman",
        "mysterio": "textures/entity/pamobile/nk_mysterio",
        "ffh": "textures/entity/pamobile/nk_spidermanffh",
        "sense": "textures/entity/sense",
        "scorpion": "textures/entity/pamobile/mc_scorpion",
        "miles": "textures/entity/pamobile/nk_spidermanmiles",
        "tasmfirst": "textures/entity/pamobile/nk_spidermantasmfirst",
        "bigtime": "textures/entity/pamobile/nk_spidermanbigtime",
        "scarlet": "textures/entity/pamobile/nk_spidermanscarlet",
        "milesmcu": "textures/entity/pamobile/nk_spidermanmilesmcu",
        "greengoblin": "textures/entity/pamobile/mc_greengoblin",
        "superior": "textures/entity/pamobile/nk_spidermansuperior",
        "spiderman2099": "textures/entity/pamobile/nk_spiderman2099",
        "prowler": "textures/entity/pamobile/mc_prowler",
        "vulture": "textures/entity/pamobile/mc_vulture",
        "rhino": "textures/entity/pamobile/mc_rhino",
        "docock": "textures/entity/pamobile/mc_docock",
        "chgun": "textures/entity/chgun",
        "ipak": "textures/entity/lead_rope",
        "bir": "textures/jey/bir",
        "ikki": "textures/jey/ikki",
        "uch": "textures/jey/uch",
        "tort": "textures/jey/tort",
        "besh": "textures/jey/besh",
        "olti": "textures/jey/olti",
        "yetti": "textures/jey/yetti",
        "sakkiz": "textures/jey/sakkiz",
        "toqqiz": "textures/jey/toqqiz",
        "on": "textures/jey/on",
        "onbir": "textures/jey/onbir",
        "onikki": "textures/jey/onikki",
        "onuch": "textures/jey/onuch",
        "ontort": "textures/jey/ontort",
        "onbesh": "textures/jey/onbesh",
        "onolti": "textures/jey/onolti",
        "onyetti": "textures/jey/onyetti",
        "w1": "textures/ui/w1",
        "w2": "textures/ui/w2",
        "w3": "textures/ui/w3",
        "w4": "textures/ui/w4",
        "w5": "textures/ui/w5",
        "w6": "textures/ui/w6",
        "w7": "textures/ui/w7",
        "w8": "textures/ui/w8"
      },
      "geometry": {
        "default": "geometry.humanoid.custom",
        "cape": "geometry.cape",
        "mc_blast": "geometry.mc_blast",
        "mc_webshooterexpl": "geometry.mc_webshooter",
        "mc_webbomb": "geometry.mc_webshooter",
        "mc_webszip": "geometry.mc_webshooter",
        "mc_webshooter": "geometry.mc_webshooter",
        "mc_webshooterfast": "geometry.mc_webshooter",
        "mc_webswing": "geometry.mc_webshooter",
        "mc_websling": "geometry.mc_webshooter",
        "mc_mysteriomagic": "geometry.mc_mysteriomagic",
        "mc_pmkinbomb": "geometry.mc_pmkinbomb",
        "mc_webset": "geometry.mc_webset",
        "mc_chitaurigun": "geometry.mc_chitaurigun",
        "spiderman": "geometry.starkk",
        "spidermanps4": "geometry.nk_spidermanps4",
        "mysterio": "geometry.nk_mysterio",
        "ffh": "geometry.extr",
        "had": "geometry.had",
        "scorpion": "geometry.mc_scorpion",
        "scarlet": "geometry.nk_spidermanscarlet",
        "greengoblin": "geometry.mc_greengoblin",
        "superior": "geometry.nk_spidermansuperior",
        "spiderman2099": "geometry.nk_spiderman2099",
        "prowler": "geometry.mc_prowler",
        "vulture": "geometry.mc_vulture",
        "rhino": "geometry.mc_rhino",
        "docock": "geometry.mc_docock",
        "chgun": "geometry.chgunlayer",
        "doc": "geometry.doc",
        "spr": "geometry.spr",
        "rh": "geometry.mc_inv",
        "ipak": "geometry.ipak",
        "raimi": "geometry.nk_spidermanraimi",
        "miles": "geometry.nk_spidermanmiles",
        "tazm": "geometry.nk_spidermantasmfirst",
        "uyda": "geometry.nk_spidermanmilesmcu",
        "bigtime": "geometry.nk_spidermanbigtime",
        "spffh": "geometry.nk_spidermanffh"
      },
      "scripts": {
        "scale": "0.9375",
        "initialize": [
          "variable.is_holding_right = 0.0;",
          "variable.is_blinking = 0.0;",
          "variable.last_blink_time = 0.0;",
          "variable.hand_bob = 0.0;"
        ],
        "pre_animation": [
          "variable.is_third_person = (!variable.is_first_person && !variable.map_face_icon && !variable.is_paperdoll);",
          "variable.helmet_layer_visible = 1.0;",
          "variable.leg_layer_visible = 1.0;",
          "variable.boot_layer_visible = 1.0;",
          "variable.chest_layer_visible = 1.0;",
          "variable.attack_body_rot_y = Math.sin(360*Math.sqrt(variable.attack_time)) * 5.0;",
          "variable.tcos0 = (math.cos(query.modified_distance_moved * 38.17) * query.modified_move_speed / variable.gliding_speed_value) * 57.3;",
          "variable.first_person_rotation_factor = math.sin((1 - variable.attack_time) * 180.0);",
          "variable.hand_bob = query.life_time < 0.01 ? 0.0 : variable.hand_bob + ((query.is_on_ground && query.is_alive ? math.clamp(math.sqrt(math.pow(query.position_delta(0), 2.0) + math.pow(query.position_delta(2), 2.0)), 0.0, 0.1) : 0.0) - variable.hand_bob) * 0.02;",
          "variable.map_angle = math.clamp(1 - variable.player_x_rotation / 45.1, 0.0, 1.0);",
          "variable.item_use_normalized = query.main_hand_item_use_duration / query.main_hand_item_max_duration;",
          "variable.mc_blast = query.get_equipped_item_name('main_hand') == 'blast';",
          "variable.mc_webshooterexpl = query.get_equipped_item_name('main_hand') == 'webshooterexpl';",
          "variable.mc_webbomb = query.get_equipped_item_name('main_hand') == 'webbomb';",
          "variable.mc_webszip = query.get_equipped_item_name('main_hand') == 'webszip';",
          "variable.mc_webshooter = query.get_equipped_item_name('main_hand') == 'webshooter';",
          "variable.mc_webshooterfast = query.get_equipped_item_name('main_hand') == 'webshooterfast';",
          "variable.mc_webswing = query.get_equipped_item_name('main_hand') == 'webswing';",
          "variable.mc_websling = query.get_equipped_item_name('main_hand') == 'websling';",
          "variable.mc_mysteriomagic = query.get_equipped_item_name('main_hand') == 'mysteriomagic';",
          "variable.mc_mysteriomagictwo = query.get_equipped_item_name('main_hand') == 'mysteriomagictwo';",
          "variable.mc_pmkinbomb = query.get_equipped_item_name('main_hand') == 'pmkinbomb';",
          "variable.mc_webset = query.get_equipped_item_name('main_hand') == 'webset';",
          "variable.mc_chitaurigun = query.get_equipped_item_name('main_hand') == 'chitaurigun';",
          "variable.spidermantasm = query.mark_variant == 6;",
          "variable.spidermanps4 = query.mark_variant == 9;",
          "variable.spidermanraimi = query.mark_variant == 5;",
          "variable.spiderman = query.mark_variant == 4;",
          "variable.mysterio = query.mark_variant == 7;",
          "variable.spidermanffh = query.mark_variant == 3;",
          "variable.scorpion = query.mark_variant == 2;",
          "variable.miles = query.mark_variant == 8;",
          "variable.spidermantasmfirst = query.mark_variant == 10;",
          "variable.spidermanbigtime = query.mark_variant == 11;",
          "variable.spidermanscarlet = query.mark_variant == 12;",
          "variable.milesmcu = query.mark_variant == 13;",
          "variable.greengoblin = query.mark_variant == 14;",
          "variable.superior = query.mark_variant == 15;",
          "variable.spiderman2099 = query.mark_variant == 16;",
          "variable.prowler = query.mark_variant == 17;",
          "variable.vulture = query.mark_variant == 18;",
          "variable.rhino = query.mark_variant == 19;",
          "variable.docock = query.mark_variant == 20;"
        ],
        "animate": [
          "root",
          {
            "swingupc": "variable.spidermantasm || variable.spidermantasmfirst || variable.spidermanbigtime || variable.milesmcu || variable.miles || variable.spiderman2099 || variable.superior || variable.spidermanscarlet || variable.spidermanps4 || variable.spidermanraimi || variable.spiderman || variable.spidermanffh && variable.mc_webswing && query.is_fire_immune && query.is_riding && !query.is_on_ground && variable.is_third_person"
          },
          {
            "swingdownc": "variable.spidermantasm || variable.spidermantasmfirst || variable.spidermanbigtime || variable.milesmcu || variable.miles || variable.spiderman2099 || variable.superior || variable.spidermanscarlet || variable.spidermanps4 || variable.spidermanraimi || variable.spiderman || variable.spidermanffh && variable.mc_webswing && query.is_fire_immune && query.is_riding && !query.is_on_ground && variable.is_third_person"
          },
          {
            "swinginc": "variable.spidermantasm || variable.spidermantasmfirst || variable.spidermanbigtime || variable.milesmcu || variable.miles || variable.spiderman2099 || variable.superior || variable.spidermanscarlet || variable.spidermanps4 || variable.spidermanraimi || variable.spiderman || variable.spidermanffh && variable.mc_webswing && query.is_fire_immune && query.is_riding && !query.is_on_ground && variable.is_third_person"
          },
          {
            "oairc": "variable.vulture || variable.rhino || variable.prowler || variable.spiderman2099 || variable.superior || variable.spidermanscarlet || variable.spidermantasm || variable.spidermantasmfirst || variable.spidermanbigtime || variable.milesmcu || variable.miles || variable.spidermanps4 || variable.spidermanraimi || variable.spiderman || variable.spidermanffh && !query.is_riding && variable.is_third_person"
          },
          {
            "opastc": "variable.vulture || variable.rhino || variable.prowler || variable.spiderman2099 || variable.superior || variable.spidermanscarlet || variable.spidermantasm || variable.spidermantasmfirst || variable.spidermanbigtime || variable.milesmcu || variable.miles || variable.spidermanps4 || variable.spidermanraimi || variable.spiderman || variable.spidermanffh && !query.is_riding && !query.is_on_ground && variable.is_third_person"
          },
          {
            "spsneakc": "variable.vulture || variable.rhino || variable.prowler || variable.spidermantasm || variable.spidermantasmfirst || variable.spidermanbigtime || variable.milesmcu || variable.miles || variable.spidermanps4 || variable.spidermanraimi || variable.spiderman || variable.spidermanffh || variable.spiderman2099 || variable.spidermanscarlet && query.is_on_ground && variable.is_third_person && !query.is_using_item"
          },
          {
            "gun": "variable.mc_webshooterfast || variable.mc_chitaurigun || variable.mc_webshooter || variable.mc_websling || variable.mc_webshooterexpl || variable.mc_webszip || variable.mc_webbomb || variable.mc_webswing || variable.mc_mysteriomagic && query.is_using_item && variable.is_third_person"
          },
          {
            "shieldluch": "variable.mc_mysteriomagictwo && query.is_sneaking"
          },
          {
            "luch": "variable.mc_mysteriomagic && query.is_using_item && !query.is_sneaking"
          },
          {
            "luch2": "variable.mc_mysteriomagic && query.is_using_item && query.is_sneaking"
          },
          {
            "luch3": "variable.mc_mysteriomagictwo && query.is_using_item && !query.is_sneaking"
          },
          {
            "mysteriofp": "variable.mc_mysteriomagictwo || variable.mc_mysteriomagic && query.is_using_item && variable.is_first_person"
          },
          {
            "fpshutingc": "variable.is_first_person"
          },
          {
            "climing": "variable.vulture || variable.rhino || variable.prowler || variable.spidermantasm || variable.spidermantasmfirst || variable.spidermanbigtime || variable.milesmcu || variable.miles || variable.spiderman2099 || variable.superior || variable.spidermanscarlet || variable.spidermanps4 || variable.spidermanraimi || variable.spiderman || variable.spidermanffh && variable.attack_time && query.head_x_rotation(0) < 0 && variable.is_third_person"
          },
          {
            "glidi": "variable.spidermantasm || variable.spidermanps4 || variable.spidermanraimi || variable.spiderman || variable.spidermanffh && query.is_riding && variable.is_third_person"
          },
          {
            "chshutc": "variable.mc_chitaurigun"
          },
          {
            "chhold": "variable.mc_chitaurigun && variable.is_first_person"
          },
          {
            "tho": "variable.mc_blast"
          },
          {
            "vibra": "variable.spidermanbigtime"
          },
          {
            "sprsneakc": "variable.superior && query.is_on_ground"
          },
          {
            "sprattack": "variable.superior && variable.attack_time"
          },
          {
            "ttstand": "variable.docock && variable.is_third_person"
          },
          {
            "ttlevitat": "variable.docock && query.is_levitating"
          },
          {
            "ttmovec": "variable.docock"
          },
          {
            "ttattackc": "variable.docock"
          },
          {
            "mair": "variable.miles || variable.milesmcu && query.is_sprinting && variable.is_third_person"
          },
          {
            "mfallc": "variable.milesmcu || variable.miles && !query.is_on_ground && !query.is_sneaking && variable.is_third_person"
          },
          {
            "mfallsnkc": "variable.milesmcu || variable.miles && !query.is_on_ground && variable.is_third_person"
          },
          {
            "gmov": "variable.greengoblin && !query.is_on_ground && !query.is_sprinting && variable.is_third_person"
          },
          {
            "gsprt": "variable.greengoblin && query.is_sprinting && !query.is_on_ground && variable.is_third_person"
          },
          {
            "offg": "variable.greengoblin && query.is_on_ground"
          },
          {
            "spsittinc": "variable.vulture || variable.rhino || variable.prowler || variable.spidermantasm || variable.spidermantasmfirst || variable.spidermanbigtime || variable.milesmcu || variable.miles || variable.spiderman2099 || variable.superior || variable.spidermanscarlet || variable.spidermanps4 || variable.spidermanraimi || variable.spiderman || variable.spidermanffh && query.is_sneaking && !query.is_levitating && !query.is_riding && variable.is_third_person"
          },
          {
            "vulfl": "variable.vulture && !query.is_on_ground && !query.is_sprinting"
          },
          {
            "vulflsc": "variable.vulture && !query.is_on_ground && variable.is_third_person"
          },
          {
            "oyurc": "variable.vulture || variable.rhino || variable.prowler || variable.spidermantasm || variable.spidermantasmfirst || variable.spidermanbigtime || variable.milesmcu || variable.miles || variable.spidermanps4 || variable.spidermanraimi || variable.spiderman || variable.spidermanffh && !query.is_riding && query.is_on_ground && !query.is_sprinting && variable.is_third_person"
          },
          {
            "oyugur": "variable.vulture || variable.rhino || variable.prowler || variable.spidermantasm || variable.spidermantasmfirst || variable.spidermanbigtime || variable.milesmcu || variable.miles || variable.spiderman2099 || variable.superior || variable.spidermanscarlet || variable.spidermanps4 || variable.spidermanraimi || variable.spiderman || variable.spidermanffh && !query.is_riding && query.is_on_ground && query.is_sprinting && variable.is_third_person"
          },
          {
            "osair": "variable.spidermantasm || variable.spidermantasmfirst || variable.spidermanbigtime || variable.milesmcu || variable.miles || variable.spiderman2099 || variable.superior || variable.spidermanscarlet || variable.spidermanps4 || variable.spidermanraimi || variable.spiderman || variable.spidermanffh && !query.is_riding && !query.is_on_ground && query.is_sprinting && variable.is_third_person"
          },
          {
            "ipakc": "variable.vulture || variable.rhino || variable.prowler || variable.spidermantasm || variable.spidermantasmfirst || variable.spidermanbigtime || variable.milesmcu || variable.miles || variable.spiderman2099 || variable.superior || variable.spidermanscarlet || variable.spidermanps4 || variable.spidermanraimi || variable.spiderman || variable.spidermanffh && variable.mc_webswing && variable.is_third_person"
          },
          {
            "mstrfl": "variable.mysterio && !query.is_on_ground && variable.is_third_person"
          }
        ]
      },
      "animations": {
        "root": "controller.animation.player.root",
        "base_controller": "controller.animation.player.base",
        "hudplayer": "controller.animation.player.hudplayer",
        "humanoid_base_pose": "animation.humanoid.base_pose",
        "look_at_target": "controller.animation.humanoid.look_at_target",
        "look_at_target_ui": "animation.player.look_at_target.ui",
        "look_at_target_default": "animation.humanoid.look_at_target.default",
        "look_at_target_gliding": "animation.humanoid.look_at_target.gliding",
        "look_at_target_swimming": "animation.humanoid.look_at_target.swimming",
        "look_at_target_inverted": "animation.player.look_at_target.inverted",
        "cape": "animation.player.cape",
        "move.arms": "animation.player.move.arms",
        "move.legs": "animation.player.move.legs",
        "swimming": "animation.player.swim",
        "swimming.legs": "animation.player.swim.legs",
        "riding.arms": "animation.player.riding.arms",
        "riding.legs": "animation.player.riding.legs",
        "holding": "animation.player.holding",
        "brandish_spear": "animation.humanoid.brandish_spear",
        "charging": "animation.humanoid.charging",
        "attack.positions": "animation.player.attack.positions",
        "attack.rotations": "animation.player.attack.rotations",
        "sneaking": "animation.player.bob",
        "bob": "animation.player.bob",
        "damage_nearby_mobs": "animation.humanoid.damage_nearby_mobs",
        "bow_and_arrow": "animation.humanoid.bow_and_arrow",
        "fishing_rod": "animation.humanoid.fishing_rod",
        "use_item_progress": "animation.humanoid.use_item_progress",
        "skeleton_attack": "animation.skeleton.attack",
        "sleeping": "animation.player.sleeping",
        "first_person_base_pose": "animation.player.first_person.base_pose",
        "first_person_empty_hand": "animation.player.first_person.empty_hand",
        "first_person_swap_item": "animation.player.first_person.swap_item",
        "first_person_attack_controller": "controller.animation.player.first_person_attack",
        "first_person_attack_rotation": "animation.player.first_person.attack_rotation",
        "first_person_vr_attack_rotation": "animation.player.first_person.vr_attack_rotation",
        "first_person_walk": "animation.player.first_person.walk",
        "first_person_map_controller": "controller.animation.player.first_person_map",
        "first_person_map_hold": "animation.player.first_person.map_hold",
        "first_person_map_hold_attack": "animation.player.first_person.map_hold_attack",
        "first_person_map_hold_off_hand": "animation.player.first_person.map_hold_off_hand",
        "first_person_map_hold_main_hand": "animation.player.first_person.map_hold_main_hand",
        "first_person_crossbow_equipped": "animation.player.first_person.crossbow_equipped",
        "third_person_crossbow_equipped": "animation.player.crossbow_equipped",
        "third_person_bow_equipped": "animation.player.bow_equipped",
        "crossbow_hold": "animation.player.crossbow_hold",
        "crossbow_controller": "controller.animation.player.crossbow",
        "shield_block_main_hand": "animation.player.shield_block_main_hand",
        "shield_block_off_hand": "animation.player.shield_block_off_hand",
        "blink": "controller.animation.persona.blink",
        "hold.first_person": "animation.first_person.hold",
        "hold.third_person": "animation.hold",
        "spdown": "animation.spidermen.down",
        "swindown": "animation.spidermen.swingdown",
        "swingup": "animation.spidermen.swingup",
        "swingin": "animation.spidermen.swing",
        "swingupc": "controller.animation.swingupc",
        "swindownc": "controller.animation.swingdownc",
        "swinginc": "controller.animation.swinginc",
        "spdownc": "controller.animation.spdownc",
        "spsneak": "animation.spiderman.sneak",
        "spsneakc": "controller.animation.spsneakc",
        "gun": "animation.gun",
        "luch3": "animation.mysteryo.luch3",
        "luch2": "animation.mysteryo.luch2",
        "luch": "animation.mysteryo.luch",
        "shieldluch": "animation.Mysteryo.shield",
        "mysteriofp": "animation.nk.firstmysterio",
        "fpshuting": "animation.mc.shutingfp",
        "climing": "animation.mc.cl",
        "fpshutingc": "controller.animation.fpshutingc",
        "glidi": "animation.gan",
        "chshut": "animation.chgun.shoot",
        "chhold": "animation.chgun.holdfp",
        "chshutc": "controller.animation.chshutc",
        "sprmove": "animation.superior.move",
        "sprattack": "animation.superior.attack",
        "sprstand": "animation.superior.stand",
        "vibra": "animation.bigtime.vibration",
        "tho": "animation.taser.hold",
        "sprmovec": "controller.animation.sprmovec",
        "sprsneak": "animation.superior.sneak",
        "sprsneakc": "controller.animation.sprsneakc",
        "ttmove": "animation.tentalk.move",
        "ttattack": "animation.tentalk.attack",
        "ttlevitat": "animation.tentalk.levitat",
        "ttkines": "animation.tentalk.kinesis",
        "ttstand": "animation.tentalk.stand",
        "ttmovec": "controller.animation.ttmovec",
        "ttattackc": "controller.animation.ttattackc",
        "mair": "animation.miles.sprintair",
        "mfall": "animation.miles.falll",
        "mfallsnk": "animation.mies.fallsneak",
        "mfallc": "controller.animation.mfallc",
        "mfallsnkc": "controller.animation.mfallsnkc",
        "offg": "animation.ggoblin.offground",
        "gsprt": "animation.ggoblin.sprint",
        "gmov": "animation.ggoblin.move",
        "vulflc": "controller.animation.offgc",
        "rmovec": "controller.animation.rmovec",
        "spsittin": "animation.spiderman.sitting",
        "spsittinc": "controller.animation.spsittinc",
        "vulfl": "animation.vulture.air",
        "vulfls": "animation.vulture.fly",
        "vulflsc": "controller.animation.vulflsc",
        "osneak": "animation.orgimchak.sneak",
        "oyur": "animation.orgimchak.yur",
        "opast": "animation.orgimchak.past",
        "oair": "animation.orgimchak.airt",
        "oyugur": "animation.orgimchak.yugur",
        "osair": "animation.orgimchak.sprintair",
        "oairc": "controller.animation.oairc",
        "opastc": "controller.animation.opastc",
        "vulgll": "animation.vulture.fly",
        "mstrfl": "animation.mysterio.fly",
        "ipak": "animation.ipak.swinging",
        "ipakc": "controller.animation.ipakc",
        "oyurc": "controller.animation.oyurc"
      },
      "render_controllers": [
        {
          "controller.render.player.first_person": "variable.is_first_person"
        },
        {
          "controller.render.player.third_person": "!variable.is_first_person && !variable.map_face_icon"
        },
        {
          "controller.render.player.map": "variable.map_face_icon"
        },
        {
          "controller.render.mc_blast": "variable.mc_blast"
        },
        {
          "controller.render.mc_webshooterexpl": "variable.mc_webshooterexpl"
        },
        {
          "controller.render.mc_webbomb": "variable.mc_webbomb"
        },
        {
          "controller.render.mc_webszip": "variable.mc_webszip"
        },
        {
          "controller.render.mc_webshooter": "variable.mc_webshooter"
        },
        {
          "controller.render.mc_webshooterfast": "variable.mc_webshooterfast"
        },
        {
          "controller.render.mc_webswing": "variable.mc_webswing && query.mark_variant != 5"
        },
        {
          "controller.render.mc_websling": "variable.mc_websling"
        },
        {
          "controller.render.spr": "variable.is_third_person && variable.superior"
        },
        {
          "controller.render.doc": "variable.is_third_person && variable.docock"
        },
        {
          "controller.render.chgun": "variable.mc_chitaurigun"
        },
        {
          "controller.render.mc_websling": "variable.mc_websling"
        },
        {
          "controller.render.mc_mysteriomagic": "variable.mc_mysteriomagic || variable.mc_mysteriomagictwo && query.is_using_item"
        },
        {
          "controller.render.mc_pmkinbomb": "variable.mc_pmkinbomb"
        },
        {
          "controller.render.mc_webset": "variable.mc_webset"
        },
        {
          "controller.render.mc_chitaurigun": "variable.mc_chitaurigun"
        },
        {
          "controller.render.player.tasm": "variable.is_first_person && variable.spidermantasm"
        },
        {
          "controller.render.player.ps4": "variable.is_first_person && query.mark_variant == 9"
        },
        {
          "controller.render.player.raimi": "variable.is_first_person && query.mark_variant == 5"
        },
        {
          "controller.render.player.spiderman": "variable.is_first_person && query.mark_variant == 6"
        },
        {
          "controller.render.player.mysterio": "variable.is_first_person && query.mark_variant == 7"
        },
        {
          "controller.render.mysterio": "variable.is_third_person && query.mark_variant == 7"
        },
        {
          "controller.render.player.ffh": "variable.is_first_person && query.mark_variant == 3"
        },
        {
          "controller.render.sense": "variable.is_first_person"
        },
        {
          "controller.render.player.scorpion": "variable.is_first_person && query.mark_variant == 2"
        },
        {
          "controller.render.player.miles": "variable.is_first_person && query.mark_variant == 8"
        },
        {
          "controller.render.player.tasmfirst": "variable.is_first_person && query.mark_variant == 10"
        },
        {
          "controller.render.player.bigtime": "variable.is_first_person && query.mark_variant == 11"
        },
        {
          "controller.render.player.scarlet": "variable.is_first_person && query.mark_variant == 12"
        },
        {
          "controller.render.player.milesmcu": "variable.is_first_person && query.mark_variant == 13"
        },
        {
          "controller.render.player.greengoblin": "variable.is_first_person && query.mark_variant == 14"
        },
        {
          "controller.render.player.superior": "variable.is_first_person && query.mark_variant == 15"
        },
        {
          "controller.render.player.spiderman2099": "variable.is_first_person && query.mark_variant == 16"
        },
        {
          "controller.render.spiderman2099": "variable.is_third_person && query.mark_variant == 16"
        },
        {
          "controller.render.player.prowler": "variable.is_first_person && query.mark_variant == 17"
        },
        {
          "controller.render.player.vulture": "variable.is_first_person && query.mark_variant == 18"
        },
        {
          "controller.render.player.rhino": "variable.is_first_person && query.mark_variant == 19"
        },
        {
          "controller.render.player.docock": "variable.is_first_person && query.mark_variant == 20"
        },
        {
          "controller.render.player.vultr": "variable.is_third_person && query.mark_variant == 18"
        },
        {
          "controller.render.player.milessmcu": "variable.is_third_person && query.mark_variant == 13"
        },
        {
          "controller.render.player.miless": "variable.is_third_person && query.mark_variant == 8 && !query.is_sneaking"
        },
        {
          "controller.render.player.ggobln": "variable.is_third_person && query.mark_variant == 14"
        },
        {
          "controller.render.karkidon": "variable.is_third_person && query.mark_variant == 19"
        },
        {
          "controller.render.scorpi": "variable.is_third_person && query.mark_variant == 2"
        },
        {
          "controller.render.ffhh": "variable.is_third_person && query.mark_variant == 3"
        },
        {
          "controller.render.tasmm": "variable.is_third_person && variable.spidermantasm"
        },
        {
          "controller.render.ps44": "variable.is_third_person && query.mark_variant == 9"
        },
        {
          "controller.render.raimii": "variable.is_third_person && query.mark_variant == 5"
        },
        {
          "controller.render.spidermann": "variable.is_third_person && query.mark_variant == 4"
        },
        {
          "controller.render.tasmfirstt": "variable.is_third_person && query.mark_variant == 10"
        },
        {
          "controller.render.bigtimee": "variable.is_third_person && query.mark_variant == 11"
        },
        {
          "controller.render.ipak": "variable.is_third_person"
        },
        {
          "controller.render.bir": "variable.is_first_person && query.scoreboard('hud') == 1"
        },
        {
          "controller.render.ikki": "variable.is_first_person && query.scoreboard('hud') == 2"
        },
        {
          "controller.render.uch": "variable.is_first_person && query.scoreboard('hud') == 3"
        },
        {
          "controller.render.tort": "variable.is_first_person && query.scoreboard('hud') == 4"
        },
        {
          "controller.render.besh": "variable.is_first_person && query.scoreboard('hud') == 5"
        },
        {
          "controller.render.olti": "variable.is_first_person && query.scoreboard('hud') == 6"
        },
        {
          "controller.render.yetti": "variable.is_first_person && query.scoreboard('hud') == 7"
        },
        {
          "controller.render.sakkiz": "variable.is_first_person && query.scoreboard('hud') == 8"
        },
        {
          "controller.render.toqqiz": "variable.is_first_person && query.scoreboard('hud') == 9"
        },
        {
          "controller.render.on": "variable.is_first_person && query.scoreboard('hud') == 10"
        },
        {
          "controller.render.onbir": "variable.is_first_person && query.scoreboard('hud') == 11"
        },
        {
          "controller.render.onikki": "variable.is_first_person && query.scoreboard('hud') == 12"
        },
        {
          "controller.render.onuch": "variable.is_first_person && query.scoreboard('hud') == 13"
        },
        {
          "controller.render.ontort": "variable.is_first_person && query.scoreboard('hud') == 14"
        },
        {
          "controller.render.onbesh": "variable.is_first_person && query.scoreboard('hud') == 15"
        },
        {
          "controller.render.onolti": "variable.is_first_person && query.scoreboard('hud') == 16"
        },
        {
          "controller.render.onyetti": "variable.is_first_person && query.scoreboard('hud') == 17"
        },
        {
          "controller.render.w1": "variable.is_first_person && query.scoreboard('hud') == 21"
        },
        {
          "controller.render.w2": "variable.is_first_person && query.scoreboard('hud') == 22"
        },
        {
          "controller.render.w3": "variable.is_first_person && query.scoreboard('hud') == 23"
        },
        {
          "controller.render.w4": "variable.is_first_person && query.scoreboard('hud') == 24"
        },
        {
          "controller.render.w5": "variable.is_first_person && query.scoreboard('hud') == 25"
        },
        {
          "controller.render.w6": "variable.is_first_person && query.scoreboard('hud') == 26"
        },
        {
          "controller.render.w7": "variable.is_first_person && query.scoreboard('hud') == 27"
        },
        {
          "controller.render.w8": "variable.is_first_person && query.scoreboard('hud') == 28"
        }
      ],
      "enable_attachables": true
    }
  }
}