{
  "resource_pack_name": "vanilla",
  "texture_name": "atlas.items",
  "texture_data": {
    "egg_camel": {
      "textures": "textures/items/egg_camel"
    },
    "egg_lion": {
      "textures": "textures/items/egg_lion"
    },
    "egg_penguin": {
      "textures": "textures/items/egg_penguin"
    },
    "egg_tiger": {
      "textures": "textures/items/egg_tiger"
    },
    "egg_elephant": {
      "textures": "textures/items/egg_elephant"
    },
    "egg_deer": {
      "textures": "textures/items/egg_deer"
    },
    "egg_panther": {
      "textures": "textures/items/egg_panther"
    },
    "egg_frog": {
      "textures": "textures/items/egg_frog"
    },
    "egg_crocodile": {
      "textures": "textures/items/egg_crocodile"
    },
    "egg_mouse": {
      "textures": "textures/items/egg_mouse"
    },
    "gallardo": {
      "textures": "textures/items/gallardo"
    },
    "bench": {
      "textures": "textures/items/bench"
    },
    "christmas_tree": {
      "textures": "textures/items/christmas_tree"
    },
    "tivi": {
      "textures": "textures/items/tivi"
    },
    "closet": {
      "textures": "textures/items/closet"
    },
    "laptop": {
      "textures": "textures/items/laptop"
    },
    "piano": {
      "textures": "textures/items/piano"
    },
    "armchairs": {
      "textures": "textures/items/armchairs"
    },
    "chair": {
      "textures": "textures/items/chair"
    },
    "big_table": {
      "textures": "textures/items/big_table"
    },
    "small_table": {
      "textures": "textures/items/small_table"
    },
    "drone": {
      "textures": "textures/items/drone"
    },
    "colorful_gifts": {
      "textures": "textures/items/colorful_gifts"
    },
    "gm:hydrastriderskibiditoilet": {
      "textures": "textures/items/pamobile/gm_hydrastriderskibiditoilet"
    },
    "gm:triplegiantskibiditoilet": {
      "textures": "textures/items/pamobile/gm_triplegiantskibiditoilet"
    },
    "gm:gmanskibiditoilet30": {
      "textures": "textures/items/pamobile/gm_gmanskibiditoilet30"
    },
    "gm:vacuumskibiditoilet": {
      "textures": "textures/items/pamobile/gm_vacuumskibiditoilet"
    },
    "gm:triplesmallskibiditoilet": {
      "textures": "textures/items/pamobile/gm_triplesmallskibiditoilet"
    },
    "gm:djskibiditoilet": {
      "textures": "textures/items/pamobile/gm_djskibiditoilet"
    },
    "gm:tvman": {
      "textures": "textures/items/pamobile/gm_tvman"
    },
    "gm:grandfatherskibiditoilet": {
      "textures": "textures/items/pamobile/gm_grandfatherskibiditoilet"
    },
    "gm:tvmanlarge": {
      "textures": "textures/items/pamobile/gm_tvmanlarge"
    },
    "gm:mutantskibidiman": {
      "textures": "textures/items/pamobile/gm_mutantskibidiman"
    },
    "gm:glitchskibiditoilet": {
      "textures": "textures/items/pamobile/gm_glitchskibiditoilet"
    }
  }
}