{
	"format_version": "1.8.0",
	"animations": {
		"animation.LUCID_Brachiosaurus.idle": {
			"loop": true,
			"animation_length": 8,
			"bones": {
				"body": {
					"rotation": {
						"0.0": [-7.5, 0, 0],
						"4.0": {
							"pre": [-5, 0, 0],
							"post": [-5, 0, 0],
							"lerp_mode": "catmullrom"
						},
						"8.0": [-7.5, 0, 0]
					},
					"position": [0, -8, 0]
				},
				"torso": {
					"rotation": {
						"0.0": [5, 0, 0],
						"2.0": {
							"pre": [5, 0, 0],
							"post": [5, 0, 0],
							"lerp_mode": "catmullrom"
						},
						"4.0": {
							"post": [5.08498, -0.63451, 0.1372],
							"lerp_mode": "catmullrom"
						},
						"6.0": {
							"post": [5, 0, 0],
							"lerp_mode": "catmullrom"
						},
						"8.0": [5, 0, 0]
					}
				},
				"shoulder0": {
					"rotation": {
						"0.0": [2.54651, 0.58143, -3.91996],
						"8.0": [2.54651, 0.58143, -3.91996]
					},
					"position": {
						"0.0": [0, 4, 0],
						"8.0": [0, 4, 0]
					}
				},
				"elbow0": {
					"rotation": {
						"0.0": [-14.9055, 2.4976, 4.3329],
						"4.0": {
							"pre": [-19.9055, 2.4976, 4.3329],
							"post": [-19.9055, 2.4976, 4.3329],
							"lerp_mode": "catmullrom"
						},
						"8.0": [-14.9055, 2.4976, 4.3329]
					}
				},
				"wrist0": {
					"rotation": {
						"0.0": [15, 0, 0],
						"4.0": {
							"pre": [17.41576, 0.57632, 0.29883],
							"post": [17.41576, 0.57632, 0.29883],
							"lerp_mode": "catmullrom"
						},
						"8.0": [15, 0, 0]
					}
				},
				"shoulder1": {
					"rotation": {
						"0.0": [2.54651, -0.58143, 3.91996],
						"8.0": [2.54651, -0.58143, 3.91996]
					},
					"position": {
						"0.0": [0, 4, 0],
						"8.0": [0, 4, 0]
					}
				},
				"elbow1": {
					"rotation": {
						"0.0": [-14.9055, -2.4976, -4.3329],
						"4.0": {
							"pre": [-19.9055, -2.4976, -4.3329],
							"post": [-19.9055, -2.4976, -4.3329],
							"lerp_mode": "catmullrom"
						},
						"8.0": [-14.9055, -2.4976, -4.3329]
					}
				},
				"wrist1": {
					"rotation": {
						"0.0": [15, 0, 0],
						"4.0": {
							"pre": [17.41576, -0.57632, -0.29883],
							"post": [17.41576, -0.57632, -0.29883],
							"lerp_mode": "catmullrom"
						},
						"8.0": [15, 0, 0]
					}
				},
				"neck1": {
					"rotation": {
						"0.0": [-22.5, 0, 0],
						"2.0": {
							"pre": [-25, 0, 0],
							"post": [-25, 0, 0],
							"lerp_mode": "catmullrom"
						},
						"4.0": {
							"post": [-22.5, 0, 0],
							"lerp_mode": "catmullrom"
						},
						"6.0": {
							"post": [-22.5, 0, 0],
							"lerp_mode": "catmullrom"
						},
						"8.0": [-22.5, 0, 0]
					}
				},
				"neck2": {
					"rotation": {
						"0.0": [32.5, 0, 0],
						"2.0": {
							"pre": [30, 0, 0],
							"post": [30, 0, 0],
							"lerp_mode": "catmullrom"
						},
						"4.0": {
							"post": [32.5, 0, 0],
							"lerp_mode": "catmullrom"
						},
						"6.0": {
							"post": [30, 0, 0],
							"lerp_mode": "catmullrom"
						},
						"8.0": [32.5, 0, 0]
					}
				},
				"neck3": {
					"rotation": {
						"0.0": [-12.5, 0, 0],
						"2.0": {
							"pre": [-10, 0, 0],
							"post": [-10, 0, 0],
							"lerp_mode": "catmullrom"
						},
						"4.0": {
							"post": [-12.5, 0, 0],
							"lerp_mode": "catmullrom"
						},
						"6.0": {
							"post": [-10, 0, 0],
							"lerp_mode": "catmullrom"
						},
						"8.0": [-12.5, 0, 0]
					}
				},
				"neck4": {
					"rotation": {
						"0.0": [10, 0, 0],
						"2.0": {
							"pre": [10.10428, 0.70561, -0.12856],
							"post": [10.10428, 0.70561, -0.12856],
							"lerp_mode": "catmullrom"
						},
						"4.0": {
							"post": [10, 0, 0],
							"lerp_mode": "catmullrom"
						},
						"6.0": {
							"post": [10.10428, 0.70561, -0.12856],
							"lerp_mode": "catmullrom"
						},
						"8.0": [10, 0, 0]
					}
				},
				"head": {
					"rotation": {
						"0.0": [-5, 0, 0],
						"2.0": {
							"pre": [-5.10654, -0.67211, 0.25037],
							"post": [-5.10654, -0.67211, 0.25037],
							"lerp_mode": "catmullrom"
						},
						"4.0": {
							"post": [-5, 0, 0],
							"lerp_mode": "catmullrom"
						},
						"6.0": {
							"post": [-5.10654, -0.67211, 0.25037],
							"lerp_mode": "catmullrom"
						},
						"8.0": [-5, 0, 0]
					}
				},
				"tail1": {
					"rotation": {
						"0.0": [-25.08377, -4.53051, 2.11751],
						"2.0": {
							"pre": [-25.18908, 6.79382, -3.18458],
							"post": [-25.18908, 6.79382, -3.18458],
							"lerp_mode": "catmullrom"
						},
						"4.0": {
							"post": [-25.08377, 4.53051, -2.11751],
							"lerp_mode": "catmullrom"
						},
						"6.0": {
							"post": [-25.18908, -6.79382, 3.18458],
							"lerp_mode": "catmullrom"
						},
						"8.0": [-25.08377, -4.53051, 2.11751]
					}
				},
				"tail2": {
					"rotation": {
						"0.0": [10.15108, -9.84655, -1.75378],
						"2.0": {
							"pre": [9.76795, -5.63248, 0.96257],
							"post": [9.76795, -5.63248, 0.96257],
							"lerp_mode": "catmullrom"
						},
						"4.0": {
							"post": [10.15108, 9.84655, 1.75378],
							"lerp_mode": "catmullrom"
						},
						"6.0": {
							"post": [9.76795, 5.63248, -0.96257],
							"lerp_mode": "catmullrom"
						},
						"8.0": [10.15108, -9.84655, -1.75378]
					}
				},
				"tail3": {
					"rotation": {
						"0.0": [12.79362, -12.19908, -2.74715],
						"2.0": {
							"pre": [12.92638, -14.63639, -3.31914],
							"post": [12.92638, -14.63639, -3.31914],
							"lerp_mode": "catmullrom"
						},
						"4.0": {
							"post": [12.79362, 12.19908, 2.74715],
							"lerp_mode": "catmullrom"
						},
						"6.0": {
							"post": [12.92638, 14.63639, 3.31914],
							"lerp_mode": "catmullrom"
						},
						"8.0": [12.79362, -12.19908, -2.74715]
					}
				},
				"leg0": {
					"rotation": {
						"0.0": [-5.10091, -10.5659, -3.6412],
						"4.0": {
							"pre": [-7.60091, -10.5659, -3.6412],
							"post": [-7.60091, -10.5659, -3.6412],
							"lerp_mode": "catmullrom"
						},
						"8.0": [-5.10091, -10.5659, -3.6412]
					},
					"position": {
						"0.0": [0, 8, 0],
						"8.0": [0, 8, 0]
					}
				},
				"knee0": {
					"rotation": {
						"0.0": [39.97314, -1.6067, 1.9156],
						"4.0": {
							"pre": [40.0584, -2.27471, 1.42997],
							"post": [40.0584, -2.27471, 1.42997],
							"lerp_mode": "catmullrom"
						},
						"8.0": [39.97314, -1.6067, 1.9156]
					}
				},
				"ankle0": {
					"rotation": {
						"0.0": [-27.5, 0, 0],
						"4.0": {
							"pre": [-27.53433, 0.41296, 0.00264],
							"post": [-27.53433, 0.41296, 0.00264],
							"lerp_mode": "catmullrom"
						},
						"8.0": [-27.5, 0, 0]
					}
				},
				"leg1": {
					"rotation": {
						"0.0": [-5.10091, 10.5659, 3.6412],
						"4.0": {
							"pre": [-7.60091, 10.5659, 3.6412],
							"post": [-7.60091, 10.5659, 3.6412],
							"lerp_mode": "catmullrom"
						},
						"8.0": [-5.10091, 10.5659, 3.6412]
					},
					"position": {
						"0.0": [0, 8, 0],
						"8.0": [0, 8, 0]
					}
				},
				"knee1": {
					"rotation": {
						"0.0": [39.97314, 1.6067, -1.9156],
						"4.0": {
							"pre": [40.0584, 2.27471, -1.42997],
							"post": [40.0584, 2.27471, -1.42997],
							"lerp_mode": "catmullrom"
						},
						"8.0": [39.97314, 1.6067, -1.9156]
					}
				},
				"ankle1": {
					"rotation": {
						"0.0": [-27.5, 0, 0],
						"4.0": {
							"pre": [-27.53433, -0.41296, -0.00264],
							"post": [-27.53433, -0.41296, -0.00264],
							"lerp_mode": "catmullrom"
						},
						"8.0": [-27.5, 0, 0]
					}
				}
			}
		},
		"animation.LUCID_Brachiosaurus.attack": {
			"loop": true,
			"animation_length": 3,
			"bones": {
				"body": {
					"rotation": {
						"0.0": [-7.5, 0, 0],
						"0.5417": {
							"pre": [0, 0, 0],
							"post": [0, 0, 0],
							"lerp_mode": "catmullrom"
						},
						"0.7917": {
							"post": [-20, 0, 0],
							"lerp_mode": "catmullrom"
						},
						"1.0": {
							"post": [-37.5, 0, 0],
							"lerp_mode": "catmullrom"
						},
						"1.4583": {
							"post": [-40, 0, 0],
							"lerp_mode": "catmullrom"
						},
						"1.625": {
							"post": [-27.81434, -2.28169, 1.38202],
							"lerp_mode": "catmullrom"
						},
						"1.875": {
							"post": [-5.31434, -2.28169, 1.38202],
							"lerp_mode": "catmullrom"
						},
						"2.625": {
							"post": [-7.5, 0, 0],
							"lerp_mode": "catmullrom"
						},
						"3.0": [-7.5, 0, 0]
					},
					"position": {
						"0.0": [0, -8, 0],
						"0.5417": {
							"pre": [0, -39, -3],
							"post": [0, -39, -3],
							"lerp_mode": "catmullrom"
						},
						"0.7917": {
							"post": [0, -39, -1],
							"lerp_mode": "catmullrom"
						},
						"1.625": {
							"post": [0, -39, -1],
							"lerp_mode": "catmullrom"
						},
						"1.6667": {
							"post": [0, -45, 2.03],
							"lerp_mode": "catmullrom"
						},
						"1.7083": {
							"post": [0, -43.88, -7.96],
							"lerp_mode": "catmullrom"
						},
						"1.75": {
							"post": [0, -37, -1],
							"lerp_mode": "catmullrom"
						},
						"2.625": {
							"post": [0, -8, 0],
							"lerp_mode": "catmullrom"
						},
						"3.0": [0, -8, 0]
					}
				},
				"torso": {
					"rotation": {
						"0.0": [5, 0, 0],
						"0.7917": {
							"pre": [7.33229, 1.95762, -0.86953],
							"post": [7.33229, 1.95762, -0.86953],
							"lerp_mode": "catmullrom"
						},
						"1.0": {
							"post": [-0.16771, 1.95762, -0.86953],
							"lerp_mode": "catmullrom"
						},
						"1.4583": {
							"post": [-5.16771, 1.95762, -0.86953],
							"lerp_mode": "catmullrom"
						},
						"1.625": {
							"post": [9.85941, 2.30956, -0.62917],
							"lerp_mode": "catmullrom"
						},
						"1.875": {
							"post": [22.35941, 2.30956, -0.62917],
							"lerp_mode": "catmullrom"
						},
						"2.625": {
							"post": [5, 0, 0],
							"lerp_mode": "catmullrom"
						},
						"3.0": [5, 0, 0]
					}
				},
				"shoulder0": {
					"rotation": {
						"0.0": [2.54651, 0.58143, -3.91996],
						"0.5417": {
							"pre": [30.04651, 0.58143, -3.91996],
							"post": [30.04651, 0.58143, -3.91996],
							"lerp_mode": "catmullrom"
						},
						"0.7917": {
							"post": [30.04651, 0.58143, -3.91996],
							"lerp_mode": "catmullrom"
						},
						"1.0": {
							"post": [19.51486, -2.06567, 1.80535],
							"lerp_mode": "catmullrom"
						},
						"1.4583": {
							"post": [12.35674, -1.14454, -0.40567],
							"lerp_mode": "catmullrom"
						},
						"1.625": {
							"post": [17.35674, -1.14454, -0.40567],
							"lerp_mode": "catmullrom"
						},
						"1.875": {
							"post": [-14.70381, -2.7318, 2.91611],
							"lerp_mode": "catmullrom"
						},
						"2.0833": {
							"post": [0.48771, 0.3369, -4.04348],
							"lerp_mode": "catmullrom"
						},
						"2.2917": {
							"post": [9.66103, 2.21137, -4.62854],
							"lerp_mode": "catmullrom"
						},
						"2.625": {
							"post": [2.54651, 0.58143, -3.91996],
							"lerp_mode": "catmullrom"
						},
						"3.0": [2.54651, 0.58143, -3.91996]
					},
					"position": {
						"0.0": [0, 4, 0],
						"0.5417": {
							"pre": [0.05145, 7.96986, 0.48738],
							"post": [0.05145, 7.96986, 0.48738],
							"lerp_mode": "catmullrom"
						},
						"0.7917": {
							"post": [0.05, 7.97, 0.49],
							"lerp_mode": "catmullrom"
						},
						"1.875": {
							"post": [0.05, 7.97, 0.49],
							"lerp_mode": "catmullrom"
						},
						"2.0833": {
							"post": [-0.01489, 13.80001, 2.19638],
							"lerp_mode": "catmullrom"
						},
						"2.2917": {
							"post": [0, 4, 0],
							"lerp_mode": "catmullrom"
						},
						"2.625": {
							"post": [0, 4, 0],
							"lerp_mode": "catmullrom"
						},
						"3.0": [0, 4, 0]
					}
				},
				"elbow0": {
					"rotation": {
						"0.0": [-14.9055, 2.4976, 4.3329],
						"0.5417": {
							"pre": [-79.9055, 2.4976, 4.3329],
							"post": [-79.9055, 2.4976, 4.3329],
							"lerp_mode": "catmullrom"
						},
						"0.7917": {
							"post": [-42.4055, 2.4976, 4.3329],
							"lerp_mode": "catmullrom"
						},
						"1.0": {
							"post": [-72.4055, 2.4976, 4.3329],
							"lerp_mode": "catmullrom"
						},
						"1.4583": {
							"post": [-74.9055, 2.4976, 4.3329],
							"lerp_mode": "catmullrom"
						},
						"1.625": {
							"post": [-37.37104, 3.09358, 4.51075],
							"lerp_mode": "catmullrom"
						},
						"1.875": {
							"post": [-72.42069, 2.7844, 3.47746],
							"lerp_mode": "catmullrom"
						},
						"2.0833": {
							"post": [-80.15779, 3.93861, 4.28782],
							"lerp_mode": "catmullrom"
						},
						"2.2917": {
							"post": [-58.79193, 2.46837, 4.3255],
							"lerp_mode": "catmullrom"
						},
						"2.625": {
							"post": [-14.9055, 2.4976, 4.3329],
							"lerp_mode": "catmullrom"
						},
						"3.0": [-14.9055, 2.4976, 4.3329]
					}
				},
				"wrist0": {
					"rotation": {
						"0.0": [15, 0, 0],
						"0.5417": {
							"pre": [44.6581, 4.73659, 1.30981],
							"post": [44.6581, 4.73659, 1.30981],
							"lerp_mode": "catmullrom"
						},
						"0.7917": {
							"post": [24.67657, 3.98027, 0.91122],
							"lerp_mode": "catmullrom"
						},
						"1.4583": {
							"post": [37.17657, 3.98027, 0.91122],
							"lerp_mode": "catmullrom"
						},
						"1.625": {
							"post": [29.67657, 3.98027, 0.91122],
							"lerp_mode": "catmullrom"
						},
						"1.875": {
							"post": [72.1897, 3.02384, 1.65083],
							"lerp_mode": "catmullrom"
						},
						"2.0833": {
							"post": [54.25176, 3.20466, 2.86463],
							"lerp_mode": "catmullrom"
						},
						"2.2917": {
							"post": [38.92, 2.07, 1.93],
							"lerp_mode": "catmullrom"
						},
						"2.625": {
							"post": [15, 0, 0],
							"lerp_mode": "catmullrom"
						},
						"3.0": [15, 0, 0]
					},
					"position": {
						"0.0": [0, 0, 0],
						"1.625": {
							"pre": [0, 0, 0],
							"post": [0, 0, 0],
							"lerp_mode": "catmullrom"
						},
						"1.875": {
							"post": [0.1498, -0.82569, 1.81543],
							"lerp_mode": "catmullrom"
						},
						"2.625": [0, 0, 0],
						"3.0": [0, 0, 0]
					}
				},
				"shoulder1": {
					"rotation": {
						"0.0": [2.54651, -0.58143, 3.91996],
						"0.5417": {
							"pre": [30.04651, -0.58143, 3.91996],
							"post": [30.04651, -0.58143, 3.91996],
							"lerp_mode": "catmullrom"
						},
						"0.7917": {
							"post": [30.04651, -0.58143, 3.91996],
							"lerp_mode": "catmullrom"
						},
						"1.0": {
							"post": [7.01486, 2.06567, -1.80535],
							"lerp_mode": "catmullrom"
						},
						"1.4583": {
							"post": [-5.14326, 1.14454, 0.40567],
							"lerp_mode": "catmullrom"
						},
						"1.625": {
							"post": [19.85674, 1.14454, 0.40567],
							"lerp_mode": "catmullrom"
						},
						"1.875": {
							"post": [-14.70381, 2.7318, -2.91611],
							"lerp_mode": "catmullrom"
						},
						"2.2917": {
							"post": [-6.3, 0.28, 2.16],
							"lerp_mode": "catmullrom"
						},
						"2.4583": {
							"post": [12.78703, -2.26605, 4.37828],
							"lerp_mode": "catmullrom"
						},
						"2.625": {
							"post": [2.54651, -0.58143, 3.91996],
							"lerp_mode": "catmullrom"
						},
						"3.0": [2.54651, -0.58143, 3.91996]
					},
					"position": {
						"0.0": [0, 4, 0],
						"0.5417": {
							"pre": [-0.05145, 7.96986, 0.48738],
							"post": [-0.05145, 7.96986, 0.48738],
							"lerp_mode": "catmullrom"
						},
						"0.7917": {
							"post": [-0.05, 7.97, 0.49],
							"lerp_mode": "catmullrom"
						},
						"1.875": {
							"post": [-0.05, 7.97, 0.49],
							"lerp_mode": "catmullrom"
						},
						"2.2917": {
							"post": [-0.03, 5.99, 0.25],
							"lerp_mode": "catmullrom"
						},
						"2.625": {
							"post": [0, 4, 0],
							"lerp_mode": "catmullrom"
						},
						"3.0": [0, 4, 0]
					}
				},
				"elbow1": {
					"rotation": {
						"0.0": [-14.9055, -2.4976, -4.3329],
						"0.5417": {
							"pre": [-79.9055, -2.4976, -4.3329],
							"post": [-79.9055, -2.4976, -4.3329],
							"lerp_mode": "catmullrom"
						},
						"0.7917": {
							"post": [-42.4055, -2.4976, -4.3329],
							"lerp_mode": "catmullrom"
						},
						"1.0": {
							"post": [-79.86105, -3.21152, -4.50363],
							"lerp_mode": "catmullrom"
						},
						"1.4583": {
							"post": [-79.9055, -2.4976, -4.3329],
							"lerp_mode": "catmullrom"
						},
						"1.625": {
							"post": [-59.87104, -3.09358, -4.51075],
							"lerp_mode": "catmullrom"
						},
						"1.875": {
							"post": [-72.42069, -2.7844, -3.47746],
							"lerp_mode": "catmullrom"
						},
						"2.2917": {
							"post": [-44.17491, -2.88836, -3.71986],
							"lerp_mode": "catmullrom"
						},
						"2.4583": {
							"post": [-55.07625, -2.48593, -4.23549],
							"lerp_mode": "catmullrom"
						},
						"2.625": {
							"post": [-14.9055, -2.4976, -4.3329],
							"lerp_mode": "catmullrom"
						},
						"3.0": [-14.9055, -2.4976, -4.3329]
					}
				},
				"wrist1": {
					"rotation": {
						"0.0": [15, 0, 0],
						"0.5417": {
							"pre": [44.6581, -4.73659, -1.30981],
							"post": [44.6581, -4.73659, -1.30981],
							"lerp_mode": "catmullrom"
						},
						"0.7917": {
							"post": [24.67657, -3.98027, -0.91122],
							"lerp_mode": "catmullrom"
						},
						"1.4583": {
							"post": [37.17657, -3.98027, -0.91122],
							"lerp_mode": "catmullrom"
						},
						"1.625": {
							"post": [52.17657, -3.98027, -0.91122],
							"lerp_mode": "catmullrom"
						},
						"1.875": {
							"post": [72.1897, -3.02384, -1.65083],
							"lerp_mode": "catmullrom"
						},
						"2.2917": {
							"post": [42.03, -1.45, -0.87],
							"lerp_mode": "catmullrom"
						},
						"2.4583": {
							"post": [41.75176, -3.20466, -2.86463],
							"lerp_mode": "catmullrom"
						},
						"2.625": {
							"post": [15, 0, 0],
							"lerp_mode": "catmullrom"
						},
						"3.0": [15, 0, 0]
					},
					"position": {
						"0.0": [0, 0, 0],
						"1.625": {
							"pre": [0, 0, 0],
							"post": [0, 0, 0],
							"lerp_mode": "catmullrom"
						},
						"1.875": {
							"post": [-0.1498, -0.82569, 1.81543],
							"lerp_mode": "catmullrom"
						},
						"2.2917": {
							"post": [-0.08, -0.46, 1.02],
							"lerp_mode": "catmullrom"
						},
						"2.625": [0, 0, 0],
						"3.0": [0, 0, 0]
					}
				},
				"neck1": {
					"rotation": {
						"0.0": [-22.5, 0, 0],
						"0.5417": {
							"pre": [7.5, 0, 0],
							"post": [7.5, 0, 0],
							"lerp_mode": "catmullrom"
						},
						"0.7917": {
							"post": [17.5, 0, 0],
							"lerp_mode": "catmullrom"
						},
						"1.0": {
							"post": [12.5, 0, 0],
							"lerp_mode": "catmullrom"
						},
						"1.4583": {
							"post": [15, 0, 0],
							"lerp_mode": "catmullrom"
						},
						"1.625": {
							"post": [-7.41436, 1.87231, 0.35583],
							"lerp_mode": "catmullrom"
						},
						"1.875": {
							"post": [7.58564, 1.87231, 0.35583],
							"lerp_mode": "catmullrom"
						},
						"2.6667": {
							"post": [-23.03018, 0.55476, 0.10543],
							"lerp_mode": "catmullrom"
						},
						"3.0": [-22.5, 0, 0]
					}
				},
				"neck2": {
					"rotation": {
						"0.0": [32.5, 0, 0],
						"0.5417": {
							"pre": [57.5, 0, 0],
							"post": [57.5, 0, 0],
							"lerp_mode": "catmullrom"
						},
						"0.7917": {
							"post": [42.5, 0, 0],
							"lerp_mode": "catmullrom"
						},
						"1.0": {
							"post": [47.5, 0, 0],
							"lerp_mode": "catmullrom"
						},
						"1.4583": {
							"post": [57.5, 0, 0],
							"lerp_mode": "catmullrom"
						},
						"1.875": {
							"post": [75, 0, 0],
							"lerp_mode": "catmullrom"
						},
						"2.1667": {
							"post": [103.6056, 7.27442, 0.05615],
							"lerp_mode": "catmullrom"
						},
						"2.4583": {
							"post": [75.10834, 0.4983, 0.00385],
							"lerp_mode": "catmullrom"
						},
						"2.7083": {
							"post": [38.94349, -0.18031, -0.00139],
							"lerp_mode": "catmullrom"
						},
						"3.0": [32.5, 0, 0]
					}
				},
				"neck3": {
					"rotation": {
						"0.0": [-12.5, 0, 0],
						"0.5417": {
							"pre": [-32.44911, 0.86796, -1.00411],
							"post": [-32.44911, 0.86796, -1.00411],
							"lerp_mode": "catmullrom"
						},
						"0.7917": {
							"post": [-32.45, 0.87, -1],
							"lerp_mode": "catmullrom"
						},
						"1.0": {
							"post": [-14.95, 0.87, -1],
							"lerp_mode": "catmullrom"
						},
						"1.4583": {
							"post": [-12.17404, -0.56369, -2.43834],
							"lerp_mode": "catmullrom"
						},
						"1.625": {
							"post": [-14.6686, -0.53738, -2.57892],
							"lerp_mode": "catmullrom"
						},
						"1.875": {
							"post": [-9.636, -1.06929, -2.29231],
							"lerp_mode": "catmullrom"
						},
						"2.1667": {
							"post": [-9.75206, -1.05373, 0.89616],
							"lerp_mode": "catmullrom"
						},
						"2.4583": {
							"post": [17.22601, -0.39599, -0.58117],
							"lerp_mode": "catmullrom"
						},
						"2.7083": {
							"post": [0.59553, -0.173, -0.41734],
							"lerp_mode": "catmullrom"
						},
						"3.0": [-12.5, 0, 0]
					}
				},
				"neck4": {
					"rotation": {
						"0.0": [10, 0, 0],
						"0.5417": {
							"pre": [-9.67817, 1.28968, 2.1026],
							"post": [-9.67817, 1.28968, 2.1026],
							"lerp_mode": "catmullrom"
						},
						"0.7917": {
							"post": [27.82183, 1.28968, 2.1026],
							"lerp_mode": "catmullrom"
						},
						"1.0": {
							"post": [35.32183, 1.28968, 2.1026],
							"lerp_mode": "catmullrom"
						},
						"1.4583": {
							"post": [32.86886, 1.49786, 1.60335],
							"lerp_mode": "catmullrom"
						},
						"1.625": {
							"post": [20.39125, 2.02685, 0.56232],
							"lerp_mode": "catmullrom"
						},
						"1.875": {
							"post": [-7.10875, 2.02685, 0.56232],
							"lerp_mode": "catmullrom"
						},
						"2.1667": {
							"post": [-10.77766, 1.69684, 4.68948],
							"lerp_mode": "catmullrom"
						},
						"2.4583": {
							"post": [31.41222, 0.60055, 0.16661],
							"lerp_mode": "catmullrom"
						},
						"3.0": [10, 0, 0]
					}
				},
				"head": {
					"rotation": {
						"0.0": [-5, 0, 0],
						"0.5417": {
							"pre": [-25, 0, 0],
							"post": [-25, 0, 0],
							"lerp_mode": "catmullrom"
						},
						"1.0": {
							"post": [-27.5, 0, 0],
							"lerp_mode": "catmullrom"
						},
						"1.4583": {
							"post": [-45, 0, 0],
							"lerp_mode": "catmullrom"
						},
						"1.625": {
							"post": [-70, 0, 0],
							"lerp_mode": "catmullrom"
						},
						"1.875": {
							"post": [-99.86212, -2.96315, 1.32911],
							"lerp_mode": "catmullrom"
						},
						"2.1667": {
							"post": [-87.64471, -2.10423, 0.94385],
							"lerp_mode": "catmullrom"
						},
						"2.7083": {
							"post": [-25.61899, -0.63048, 0.2828],
							"lerp_mode": "catmullrom"
						},
						"3.0": [-5, 0, 0]
					},
					"position": {
						"0.0": [0, 0, 0],
						"1.4583": {
							"pre": [0, 0, 0],
							"post": [0, 0, 0],
							"lerp_mode": "catmullrom"
						},
						"1.625": {
							"post": [0, 0, 0],
							"lerp_mode": "catmullrom"
						},
						"1.875": {
							"post": [0, 0, 0],
							"lerp_mode": "catmullrom"
						},
						"3.0": [0, 0, 0]
					}
				},
				"tail1": {
					"rotation": {
						"0.0": [-25.08377, -4.53051, 2.11751],
						"0.5417": {
							"pre": [-20.55246, -5.90765, 3.36135],
							"post": [-20.55246, -5.90765, 3.36135],
							"lerp_mode": "catmullrom"
						},
						"1.0": {
							"post": [-5.61969, -8.44743, 2.45538],
							"lerp_mode": "catmullrom"
						},
						"1.5": {
							"post": [-0.61969, -8.44743, 2.45538],
							"lerp_mode": "catmullrom"
						},
						"1.7083": {
							"post": [21.09575, -8.70922, 2.41142],
							"lerp_mode": "catmullrom"
						},
						"2.0": {
							"post": [11.87982, -8.80416, 2.36886],
							"lerp_mode": "catmullrom"
						},
						"2.4583": {
							"post": [-30.57118, -7.4694, 2.38003],
							"lerp_mode": "catmullrom"
						},
						"3.0": [-25.08377, -4.53051, 2.11751]
					}
				},
				"tail2": {
					"rotation": {
						"0.0": [10.15108, -9.84655, -1.75378],
						"0.5417": {
							"pre": [12.65108, -9.84655, -1.75378],
							"post": [12.65108, -9.84655, -1.75378],
							"lerp_mode": "catmullrom"
						},
						"1.0": {
							"post": [20.23284, -10.37819, -3.59648],
							"lerp_mode": "catmullrom"
						},
						"1.5": {
							"post": [15.13584, -9.01119, -0.99401],
							"lerp_mode": "catmullrom"
						},
						"1.7083": {
							"post": [-19.4278, -5.70643, 2.73841],
							"lerp_mode": "catmullrom"
						},
						"2.0": {
							"post": [2.5143, -10.3485, -1.473],
							"lerp_mode": "catmullrom"
						},
						"2.4583": {
							"post": [9.97834, -8.93514, 1.53058],
							"lerp_mode": "catmullrom"
						},
						"3.0": [10.15108, -9.84655, -1.75378]
					}
				},
				"tail3": {
					"rotation": {
						"0.0": [12.79362, -12.19908, -2.74715],
						"0.5417": {
							"pre": [15.29362, -12.19908, -2.74715],
							"post": [15.29362, -12.19908, -2.74715],
							"lerp_mode": "catmullrom"
						},
						"1.0": {
							"post": [17.78556, -12.40157, -3.80834],
							"lerp_mode": "catmullrom"
						},
						"1.5": {
							"post": [12.85257, -9.18978, 3.74173],
							"lerp_mode": "catmullrom"
						},
						"1.7083": {
							"post": [-12.52428, -5.4373, 5.9209],
							"lerp_mode": "catmullrom"
						},
						"2.0": {
							"post": [12.71073, -10.60681, -6.42447],
							"lerp_mode": "catmullrom"
						},
						"2.4583": {
							"post": [20.2943, -10.0654, 2.2098],
							"lerp_mode": "catmullrom"
						},
						"3.0": [12.79362, -12.19908, -2.74715]
					}
				},
				"leg0": {
					"rotation": {
						"0.0": [-5.10091, -10.5659, -3.6412],
						"0.1667": {
							"pre": [-12.65, -10.57, -3.64],
							"post": [-12.65, -10.57, -3.64],
							"lerp_mode": "catmullrom"
						},
						"0.375": {
							"post": [-36.35599, -13.29385, 0.23328],
							"lerp_mode": "catmullrom"
						},
						"0.5417": {
							"post": [-40.35565, -13.29187, 0.2658],
							"lerp_mode": "catmullrom"
						},
						"0.7917": {
							"post": [-22.94715, -9.71635, -4.87102],
							"lerp_mode": "catmullrom"
						},
						"1.0": {
							"post": [-5.4652, -9.27169, -4.79654],
							"lerp_mode": "catmullrom"
						},
						"1.4583": {
							"post": [-2.9652, -9.27169, -4.79654],
							"lerp_mode": "catmullrom"
						},
						"1.625": {
							"post": [-15.4652, -9.27169, -4.79654],
							"lerp_mode": "catmullrom"
						},
						"1.875": {
							"post": [-35.4652, -9.27169, -4.79654],
							"lerp_mode": "catmullrom"
						},
						"2.25": {
							"post": [-21.53, -9.92, -4.22],
							"lerp_mode": "catmullrom"
						},
						"2.4583": {
							"post": [-13.8473, -10.71428, -4.02073],
							"lerp_mode": "catmullrom"
						},
						"2.625": {
							"post": [-5.10091, -10.5659, -3.6412],
							"lerp_mode": "catmullrom"
						},
						"3.0": [-5.10091, -10.5659, -3.6412]
					},
					"position": {
						"0.0": [0, 8, 0],
						"0.1667": {
							"pre": [0, 12.23, 0],
							"post": [0, 12.23, 0],
							"lerp_mode": "catmullrom"
						},
						"0.5417": {
							"post": [0, 16, 0],
							"lerp_mode": "catmullrom"
						},
						"0.7917": {
							"post": [0, 16, 0],
							"lerp_mode": "catmullrom"
						},
						"1.4583": {
							"post": [0, 16, 0],
							"lerp_mode": "catmullrom"
						},
						"1.875": {
							"post": [0, 16, 0],
							"lerp_mode": "catmullrom"
						},
						"2.25": {
							"post": [-0.05973, 11.73854, -2.98799],
							"lerp_mode": "catmullrom"
						},
						"2.625": {
							"post": [0, 8, 0],
							"lerp_mode": "catmullrom"
						},
						"3.0": [0, 8, 0]
					}
				},
				"knee0": {
					"rotation": {
						"0.0": [39.97314, -1.6067, 1.9156],
						"0.1667": {
							"pre": [59.59, -1.61, 1.92],
							"post": [59.59, -1.61, 1.92],
							"lerp_mode": "catmullrom"
						},
						"0.375": {
							"post": [88.57069, -1.6081, 1.91747],
							"lerp_mode": "catmullrom"
						},
						"0.5417": {
							"post": [74.92073, -1.07639, 1.8082],
							"lerp_mode": "catmullrom"
						},
						"0.7917": {
							"post": [77.42073, -1.07639, 1.8082],
							"lerp_mode": "catmullrom"
						},
						"1.4583": {
							"post": [77.42, -1.08, 1.81],
							"lerp_mode": "catmullrom"
						},
						"1.875": {
							"post": [77.42, -1.08, 1.81],
							"lerp_mode": "catmullrom"
						},
						"2.25": {
							"post": [58.7, -1.34, 1.86],
							"lerp_mode": "catmullrom"
						},
						"2.4583": {
							"post": [59.51214, -1.50609, 1.8944],
							"lerp_mode": "catmullrom"
						},
						"2.625": {
							"post": [39.97314, -1.6067, 1.9156],
							"lerp_mode": "catmullrom"
						},
						"3.0": [39.97314, -1.6067, 1.9156]
					}
				},
				"ankle0": {
					"rotation": {
						"0.0": [-27.5, 0, 0],
						"0.1667": {
							"pre": [-42.59, 0, 0],
							"post": [-42.59, 0, 0],
							"lerp_mode": "catmullrom"
						},
						"0.375": {
							"post": [-72, 0, 0],
							"lerp_mode": "catmullrom"
						},
						"0.5417": {
							"post": [-35.17364, -0.37535, -1.58531],
							"lerp_mode": "catmullrom"
						},
						"0.7917": {
							"post": [-35.17, -0.38, -1.59],
							"lerp_mode": "catmullrom"
						},
						"1.4583": {
							"post": [-35.17, -0.38, -1.59],
							"lerp_mode": "catmullrom"
						},
						"1.875": {
							"post": [-35.17, -0.38, -1.59],
							"lerp_mode": "catmullrom"
						},
						"2.25": {
							"post": [-31.33, -0.19, -0.79],
							"lerp_mode": "catmullrom"
						},
						"2.4583": {
							"post": [-46.31154, -1.52977, 1.50126],
							"lerp_mode": "catmullrom"
						},
						"2.625": {
							"post": [-27.5, 0, 0],
							"lerp_mode": "catmullrom"
						},
						"3.0": [-27.5, 0, 0]
					}
				},
				"leg1": {
					"rotation": {
						"0.0": [-5.10091, 10.5659, 3.6412],
						"0.5417": {
							"pre": [-17.60091, 10.5659, 3.6412],
							"post": [-17.60091, 10.5659, 3.6412],
							"lerp_mode": "catmullrom"
						},
						"0.7917": {
							"post": [-22.94715, 9.71635, 4.87102],
							"lerp_mode": "catmullrom"
						},
						"1.0": {
							"post": [-5.44715, 9.71635, 4.87102],
							"lerp_mode": "catmullrom"
						},
						"1.4583": {
							"post": [-2.94715, 9.71635, 4.87102],
							"lerp_mode": "catmullrom"
						},
						"1.625": {
							"post": [0.15027, 10.84578, 4.35883],
							"lerp_mode": "catmullrom"
						},
						"1.875": {
							"post": [-16.63344, 10.89485, 4.15183],
							"lerp_mode": "catmullrom"
						},
						"2.125": {
							"post": [-17.28173, 10.77643, 3.968],
							"lerp_mode": "catmullrom"
						},
						"2.625": {
							"post": [-5.10091, 10.5659, 3.6412],
							"lerp_mode": "catmullrom"
						},
						"3.0": [-5.10091, 10.5659, 3.6412]
					},
					"position": {
						"0.0": [0, 8, 0],
						"0.5417": {
							"pre": [0, 8, 0],
							"post": [0, 8, 0],
							"lerp_mode": "catmullrom"
						},
						"0.7917": {
							"post": [0, 16, 0],
							"lerp_mode": "catmullrom"
						},
						"1.4583": {
							"post": [0, 16, 0],
							"lerp_mode": "catmullrom"
						},
						"1.625": {
							"post": [0, 8, 0],
							"lerp_mode": "catmullrom"
						},
						"1.875": {
							"post": [-0.0241, 8.4355, -0.09164],
							"lerp_mode": "catmullrom"
						},
						"2.125": {
							"post": [-0.02, 8.34, -0.07],
							"lerp_mode": "catmullrom"
						},
						"2.625": {
							"post": [0, 8, 0],
							"lerp_mode": "catmullrom"
						},
						"3.0": [0, 8, 0]
					}
				},
				"knee1": {
					"rotation": {
						"0.0": [39.97314, 1.6067, -1.9156],
						"0.5417": {
							"pre": [79.83769, -1.5699, -0.81353],
							"post": [79.83769, -1.5699, -0.81353],
							"lerp_mode": "catmullrom"
						},
						"0.7917": {
							"post": [77.42073, 1.07639, -1.8082],
							"lerp_mode": "catmullrom"
						},
						"1.4583": {
							"post": [77.42, 1.08, -1.81],
							"lerp_mode": "catmullrom"
						},
						"1.625": {
							"post": [84.83769, -1.5699, -0.81353],
							"lerp_mode": "catmullrom"
						},
						"2.125": {
							"post": [70.36902, -0.14722, -1.30228],
							"lerp_mode": "catmullrom"
						},
						"2.625": {
							"post": [39.97314, 1.6067, -1.9156],
							"lerp_mode": "catmullrom"
						},
						"3.0": [39.97314, 1.6067, -1.9156]
					}
				},
				"ankle1": {
					"rotation": {
						"0.0": [-27.5, 0, 0],
						"0.5417": {
							"pre": [-62.39047, -0.17692, -2.53806],
							"post": [-62.39047, -0.17692, -2.53806],
							"lerp_mode": "catmullrom"
						},
						"0.7917": {
							"post": [-35.17, 0.38, 1.59],
							"lerp_mode": "catmullrom"
						},
						"1.4583": {
							"post": [-35.17, 0.38, 1.59],
							"lerp_mode": "catmullrom"
						},
						"1.625": {
							"post": [-59.99298, -0.85939, -2.36785],
							"lerp_mode": "catmullrom"
						},
						"2.125": {
							"post": [-47.79792, -0.50715, -1.43129],
							"lerp_mode": "catmullrom"
						},
						"2.625": {
							"post": [-27.5, 0, 0],
							"lerp_mode": "catmullrom"
						},
						"3.0": [-27.5, 0, 0]
					}
				}
			},
			"sound_effects": {
				"0.0": {
					"effect": "attack"
				}
			}
		},
		"animation.LUCID_Brachiosaurus.look": {
			"loop": true,
			"animation_length": 8,
			"bones": {
				"body": {
					"rotation": {
						"0.0": [-7.5, 0, 0],
						"4.0": {
							"pre": [-5, 0, 0],
							"post": [-5, 0, 0],
							"lerp_mode": "catmullrom"
						}
					},
					"position": [0, -8, 0]
				},
				"torso": {
					"rotation": {
						"0.0": [5, 0, 0],
						"2.0": {
							"pre": [5, 0, 0],
							"post": [5, 0, 0],
							"lerp_mode": "catmullrom"
						},
						"4.0": {
							"post": [5.08498, -0.63451, 0.1372],
							"lerp_mode": "catmullrom"
						},
						"6.0": {
							"post": [5, 0, 0],
							"lerp_mode": "catmullrom"
						},
						"8.0": [5, 0, 0]
					}
				},
				"shoulder0": {
					"rotation": {
						"0.0": [2.54651, 0.58143, -3.91996],
						"8.0": [2.54651, 0.58143, -3.91996]
					},
					"position": {
						"0.0": [0, 4, 0],
						"8.0": [0, 4, 0]
					}
				},
				"elbow0": {
					"rotation": {
						"0.0": [-14.9055, 2.4976, 4.3329],
						"4.0": {
							"pre": [-19.9055, 2.4976, 4.3329],
							"post": [-19.9055, 2.4976, 4.3329],
							"lerp_mode": "catmullrom"
						},
						"8.0": [-14.9055, 2.4976, 4.3329]
					}
				},
				"wrist0": {
					"rotation": {
						"0.0": [15, 0, 0],
						"8.0": [15, 0, 0]
					}
				},
				"shoulder1": {
					"rotation": {
						"0.0": [2.54651, -0.58143, 3.91996],
						"8.0": [2.54651, -0.58143, 3.91996]
					},
					"position": {
						"0.0": [0, 4, 0],
						"8.0": [0, 4, 0]
					}
				},
				"elbow1": {
					"rotation": {
						"0.0": [-14.9055, -2.4976, -4.3329],
						"8.0": [-14.9055, -2.4976, -4.3329]
					}
				},
				"wrist1": {
					"rotation": {
						"0.0": [15, 0, 0],
						"8.0": [15, 0, 0]
					}
				},
				"neck1": {
					"rotation": {
						"0.0": [-22.5, 0, 0],
						"1.0": {
							"pre": [-23.91, 0, 0],
							"post": [-23.91, 0, 0],
							"lerp_mode": "catmullrom"
						},
						"2.0": {
							"post": [15.34721, -12.06754, -3.28396],
							"lerp_mode": "catmullrom"
						},
						"7.0833": {
							"post": [15.34721, -12.06754, -3.28396],
							"lerp_mode": "catmullrom"
						},
						"8.0": [-22.5, 0, 0]
					}
				},
				"neck2": {
					"rotation": {
						"0.0": [32.5, 0, 0],
						"1.0": {
							"pre": [48.59, 0, 0],
							"post": [48.59, 0, 0],
							"lerp_mode": "catmullrom"
						},
						"1.625": {
							"post": [81.18753, -14.22387, 0.47592],
							"lerp_mode": "catmullrom"
						},
						"2.0": {
							"post": [87.33978, -19.98015, 0.90956],
							"lerp_mode": "catmullrom"
						},
						"7.0833": {
							"post": [87.33978, -19.98015, 0.90956],
							"lerp_mode": "catmullrom"
						},
						"8.0": [32.5, 0, 0]
					},
					"position": {
						"0.0": [0, 0, 0],
						"1.0": {
							"pre": [0, 0, 0],
							"post": [0, 0, 0],
							"lerp_mode": "catmullrom"
						},
						"2.0": {
							"post": [0, 8.23684, -4.1418],
							"lerp_mode": "catmullrom"
						},
						"7.0833": {
							"post": [0, 8.23684, -4.1418],
							"lerp_mode": "catmullrom"
						}
					}
				},
				"neck3": {
					"rotation": {
						"0.0": [-12.5, 0, 0],
						"1.0": {
							"pre": [-21.09, 0, 0],
							"post": [-21.09, 0, 0],
							"lerp_mode": "catmullrom"
						},
						"1.625": {
							"post": [24.45885, -4.08691, 18.13095],
							"lerp_mode": "catmullrom"
						},
						"2.0": {
							"post": [11.24126, -1.32405, 30.36528],
							"lerp_mode": "catmullrom"
						},
						"7.0833": {
							"post": [11.24126, -1.32405, 30.36528],
							"lerp_mode": "catmullrom"
						},
						"8.0": [-12.5, 0, 0]
					}
				},
				"neck4": {
					"rotation": {
						"0.0": [10, 0, 0],
						"1.0": {
							"pre": [10.06, 0.4, -0.07],
							"post": [10.06, 0.4, -0.07],
							"lerp_mode": "catmullrom"
						},
						"1.625": {
							"post": [18.16536, 2.68782, 31.25225],
							"lerp_mode": "catmullrom"
						},
						"2.0": {
							"post": [12.31971, 3.89842, 51.26474],
							"lerp_mode": "catmullrom"
						},
						"7.0833": {
							"post": [12.31971, 3.89842, 51.26474],
							"lerp_mode": "catmullrom"
						},
						"8.0": [10, 0, 0]
					}
				},
				"head": {
					"rotation": {
						"0.0": [-5, 0, 0],
						"1.0": {
							"pre": [-5.06, -0.38, 0.14],
							"post": [-5.06, -0.38, 0.14],
							"lerp_mode": "catmullrom"
						},
						"2.0": {
							"post": [-76.6178, 9.51718, 17.26112],
							"lerp_mode": "catmullrom"
						},
						"7.0833": {
							"post": [-76.6178, 9.51718, 17.26112],
							"lerp_mode": "catmullrom"
						},
						"8.0": [-5, 0, 0]
					},
					"position": {
						"0.0": [0, 0, 0],
						"1.0": {
							"pre": [0, 0, 0],
							"post": [0, 0, 0],
							"lerp_mode": "catmullrom"
						},
						"2.0": {
							"post": [-0.35179, -1.56851, -1.67343],
							"lerp_mode": "catmullrom"
						},
						"7.0833": {
							"post": [-0.35179, -1.56851, -1.67343],
							"lerp_mode": "catmullrom"
						}
					}
				},
				"tail1": {
					"rotation": {
						"0.0": [-25.08377, -4.53051, 2.11751],
						"8.0": [-25.08377, -4.53051, 2.11751]
					}
				},
				"tail2": {
					"rotation": {
						"0.0": [10.15108, -9.84655, -1.75378],
						"8.0": [10.15108, -9.84655, -1.75378]
					}
				},
				"tail3": {
					"rotation": {
						"0.0": [12.79362, -12.19908, -2.74715],
						"8.0": [12.79362, -12.19908, -2.74715]
					}
				},
				"leg0": {
					"rotation": {
						"0.0": [-5.10091, -10.5659, -3.6412],
						"8.0": [-5.10091, -10.5659, -3.6412]
					},
					"position": {
						"0.0": [0, 8, 0],
						"8.0": [0, 8, 0]
					}
				},
				"knee0": {
					"rotation": {
						"0.0": [39.97314, -1.6067, 1.9156],
						"8.0": [39.97314, -1.6067, 1.9156]
					}
				},
				"ankle0": {
					"rotation": {
						"0.0": [-27.5, 0, 0],
						"8.0": [-27.5, 0, 0]
					}
				},
				"leg1": {
					"rotation": {
						"0.0": [-5.10091, 10.5659, 3.6412],
						"8.0": [-5.10091, 10.5659, 3.6412]
					},
					"position": {
						"0.0": [0, 8, 0],
						"8.0": [0, 8, 0]
					}
				},
				"knee1": {
					"rotation": {
						"0.0": [39.97314, 1.6067, -1.9156],
						"8.0": [39.97314, 1.6067, -1.9156]
					}
				},
				"ankle1": {
					"rotation": {
						"0.0": [-27.5, 0, 0],
						"8.0": [-27.5, 0, 0]
					}
				}
			}
		},
		"animation.LUCID_Brachiosaurus.walk": {
			"loop": true,
			"animation_length": 4,
			"bones": {
				"body": {
					"rotation": {
						"0.0": [-7.5, 0, 0],
						"1.0": {
							"pre": [-6.3581, -1.29557, 4.67958],
							"post": [-6.3581, -1.29557, 4.67958],
							"lerp_mode": "catmullrom"
						},
						"2.0": {
							"post": [-7.5, 0, 0],
							"lerp_mode": "catmullrom"
						},
						"3.0": {
							"post": [-6.3581, 1.29557, -4.67958],
							"lerp_mode": "catmullrom"
						},
						"4.0": [-7.5, 0, 0]
					},
					"position": {
						"0.0": [0, -28, 0],
						"4.0": [0, -28, 0]
					}
				},
				"torso": {
					"rotation": {
						"0.0": [5, 0, 0],
						"1.0": {
							"pre": [4.98107, 0.43523, -4.98107],
							"post": [4.98107, 0.43523, -4.98107],
							"lerp_mode": "catmullrom"
						},
						"2.0": {
							"post": [5, 0, 0],
							"lerp_mode": "catmullrom"
						},
						"3.0": {
							"post": [4.98107, -0.43523, 4.98107],
							"lerp_mode": "catmullrom"
						},
						"4.0": [5, 0, 0]
					}
				},
				"shoulder0": {
					"rotation": {
						"0.0": [42.4882, 0.31282, 0.15612],
						"0.5": {
							"pre": [24.9882, 0.31282, 0.15612],
							"post": [24.9882, 0.31282, 0.15612],
							"lerp_mode": "catmullrom"
						},
						"1.0": {
							"post": [-7.5, 0, 0],
							"lerp_mode": "catmullrom"
						},
						"2.0": {
							"post": [10, 0, 0],
							"lerp_mode": "catmullrom"
						},
						"3.0": {
							"post": [32.4882, 0.31282, 0.15612],
							"lerp_mode": "catmullrom"
						},
						"4.0": [42.4882, 0.31282, 0.15612]
					},
					"position": {
						"0.0": [0, 10.68466, -7.30334],
						"0.5": {
							"pre": [0, 10.99, -0.31],
							"post": [0, 10.99, -0.31],
							"lerp_mode": "catmullrom"
						},
						"1.0": {
							"post": [0, 4, 0],
							"lerp_mode": "catmullrom"
						},
						"1.0417": {
							"post": [0, 2.1619, 0.07724],
							"lerp_mode": "catmullrom"
						},
						"1.4167": {
							"post": [0, 6.77, -0.12],
							"lerp_mode": "catmullrom"
						},
						"2.0": {
							"post": [0, 10.99334, -0.30534],
							"lerp_mode": "catmullrom"
						},
						"3.0": {
							"post": [0, 10.99, -0.31],
							"lerp_mode": "catmullrom"
						},
						"4.0": [0, 10.68466, -7.30334]
					}
				},
				"elbow0": {
					"rotation": {
						"0.0": [-32.5556, -1.41618, -1.41671],
						"0.5": {
							"pre": [-67.5556, -1.41618, -1.41671],
							"post": [-67.5556, -1.41618, -1.41671],
							"lerp_mode": "catmullrom"
						},
						"1.0": {
							"post": [-32.5556, -1.41618, -1.41671],
							"lerp_mode": "catmullrom"
						},
						"2.0": {
							"post": [-37.5556, -1.41618, -1.41671],
							"lerp_mode": "catmullrom"
						},
						"3.0": {
							"post": [-40.0556, -1.41618, -1.41671],
							"lerp_mode": "catmullrom"
						},
						"4.0": [-32.5556, -1.41618, -1.41671]
					}
				},
				"wrist0": {
					"rotation": {
						"0.0": [-7.70855, -1.15653, 0.61599],
						"0.5": {
							"pre": [44.79145, -1.15653, 0.61599],
							"post": [44.79145, -1.15653, 0.61599],
							"lerp_mode": "catmullrom"
						},
						"1.0": {
							"post": [42.24355, -1.16435, 1.487],
							"lerp_mode": "catmullrom"
						},
						"2.0": {
							"post": [29.79145, -1.15653, 0.61599],
							"lerp_mode": "catmullrom"
						},
						"3.0": {
							"post": [9.79145, -1.15653, 0.61599],
							"lerp_mode": "catmullrom"
						},
						"4.0": [-7.70855, -1.15653, 0.61599]
					}
				},
				"shoulder1": {
					"rotation": {
						"0.0": [10, 0, 0],
						"1.0": {
							"pre": [32.4882, -0.31282, -0.15612],
							"post": [32.4882, -0.31282, -0.15612],
							"lerp_mode": "catmullrom"
						},
						"2.0": {
							"post": [42.4882, -0.31282, -0.15612],
							"lerp_mode": "catmullrom"
						},
						"2.5": {
							"post": [24.9882, -0.31282, -0.15612],
							"lerp_mode": "catmullrom"
						},
						"3.0": {
							"post": [-7.5, 0, 0],
							"lerp_mode": "catmullrom"
						},
						"4.0": [10, 0, 0]
					},
					"position": {
						"0.0": [0, 10.99334, -0.30534],
						"1.0": {
							"pre": [0, 10.99, -0.31],
							"post": [0, 10.99, -0.31],
							"lerp_mode": "catmullrom"
						},
						"2.0": {
							"post": [0, 10.68466, -7.30334],
							"lerp_mode": "catmullrom"
						},
						"2.5": {
							"post": [0, 10.99, -0.31],
							"lerp_mode": "catmullrom"
						},
						"3.0": {
							"post": [0, 4, 0],
							"lerp_mode": "catmullrom"
						},
						"3.0417": {
							"post": [0, 2.1619, 0.07724],
							"lerp_mode": "catmullrom"
						},
						"3.4167": {
							"post": [0, 6.77, -0.12],
							"lerp_mode": "catmullrom"
						},
						"4.0": [0, 10.99334, -0.30534]
					}
				},
				"elbow1": {
					"rotation": {
						"0.0": [-37.5556, 1.41618, 1.41671],
						"1.0": {
							"pre": [-40.0556, 1.41618, 1.41671],
							"post": [-40.0556, 1.41618, 1.41671],
							"lerp_mode": "catmullrom"
						},
						"2.0": {
							"post": [-32.5556, 1.41618, 1.41671],
							"lerp_mode": "catmullrom"
						},
						"2.5": {
							"post": [-67.5556, 1.41618, 1.41671],
							"lerp_mode": "catmullrom"
						},
						"3.0": {
							"post": [-32.5556, 1.41618, 1.41671],
							"lerp_mode": "catmullrom"
						},
						"4.0": [-37.5556, 1.41618, 1.41671]
					}
				},
				"wrist1": {
					"rotation": {
						"0.0": [29.79145, 1.15653, -0.61599],
						"1.0": {
							"pre": [9.79145, 1.15653, -0.61599],
							"post": [9.79145, 1.15653, -0.61599],
							"lerp_mode": "catmullrom"
						},
						"2.0": {
							"post": [-7.70855, 1.15653, -0.61599],
							"lerp_mode": "catmullrom"
						},
						"2.5": {
							"post": [44.79145, 1.15653, -0.61599],
							"lerp_mode": "catmullrom"
						},
						"3.0": {
							"post": [42.24355, 1.16435, -1.487],
							"lerp_mode": "catmullrom"
						},
						"4.0": [29.79145, 1.15653, -0.61599]
					}
				},
				"neck1": {
					"rotation": {
						"0.0": [-17.5, 0, 0],
						"1.0": {
							"pre": [-17.5, 0, 0],
							"post": [-17.5, 0, 0],
							"lerp_mode": "catmullrom"
						},
						"2.0": {
							"post": [-17.5, 0, 0],
							"lerp_mode": "catmullrom"
						},
						"3.0": {
							"post": [-17.5, 0, 0],
							"lerp_mode": "catmullrom"
						},
						"4.0": [-17.5, 0, 0]
					}
				},
				"neck2": {
					"rotation": {
						"0.0": [32.5, 0, 0],
						"1.0": {
							"pre": [33.80764, 0.3398, 0.15222],
							"post": [33.80764, 0.3398, 0.15222],
							"lerp_mode": "catmullrom"
						},
						"2.0": {
							"post": [32.5, 0, 0],
							"lerp_mode": "catmullrom"
						},
						"3.0": {
							"post": [33.80764, 0.3398, 0.15222],
							"lerp_mode": "catmullrom"
						},
						"4.0": [32.5, 0, 0]
					}
				},
				"neck3": {
					"rotation": {
						"0.0": [-12.5, 0, 0],
						"1.0": {
							"pre": [-17.5, 0, 0],
							"post": [-17.5, 0, 0],
							"lerp_mode": "catmullrom"
						},
						"2.0": {
							"post": [-12.5, 0, 0],
							"lerp_mode": "catmullrom"
						},
						"3.0": {
							"post": [-17.5, 0, 0],
							"lerp_mode": "catmullrom"
						},
						"4.0": [-12.5, 0, 0]
					}
				},
				"neck4": {
					"rotation": {
						"0.0": [10, 0, 0],
						"1.0": {
							"pre": [11.25718, 0.07773, 0.17093],
							"post": [11.25718, 0.07773, 0.17093],
							"lerp_mode": "catmullrom"
						},
						"2.0": {
							"post": [10, 0, 0],
							"lerp_mode": "catmullrom"
						},
						"3.0": {
							"post": [11.25718, 0.07773, 0.17093],
							"lerp_mode": "catmullrom"
						},
						"4.0": [10, 0, 0]
					}
				},
				"head": {
					"rotation": {
						"0.0": [-5, 0, 0],
						"1.0": {
							"pre": [-5, 0, 0],
							"post": [-5, 0, 0],
							"lerp_mode": "catmullrom"
						},
						"2.0": {
							"post": [-5, 0, 0],
							"lerp_mode": "catmullrom"
						},
						"3.0": {
							"post": [-5, 0, 0],
							"lerp_mode": "catmullrom"
						},
						"4.0": [-5, 0, 0]
					}
				},
				"tail1": {
					"rotation": {
						"0.0": [0.11533, -12.41358, -1.32355],
						"1.0": {
							"pre": [0.05568, 4.8945, 1.60302],
							"post": [0.05568, 4.8945, 1.60302],
							"lerp_mode": "catmullrom"
						},
						"2.0": {
							"post": [0.11533, 12.41358, 1.32355],
							"lerp_mode": "catmullrom"
						},
						"3.0": {
							"post": [0.05568, -4.8945, -1.60302],
							"lerp_mode": "catmullrom"
						},
						"4.0": [0.11533, -12.41358, -1.32355]
					}
				},
				"tail2": {
					"rotation": {
						"0.0": [0, 12.5, 0],
						"1.0": {
							"pre": [0, -10, 0],
							"post": [0, -10, 0],
							"lerp_mode": "catmullrom"
						},
						"2.0": {
							"post": [0, -12.5, 0],
							"lerp_mode": "catmullrom"
						},
						"3.0": {
							"post": [0, 10, 0],
							"lerp_mode": "catmullrom"
						},
						"4.0": [0, 12.5, 0]
					}
				},
				"tail3": {
					"rotation": {
						"0.0": [0, 20, 0],
						"1.0": {
							"pre": [0, -17.5, 0],
							"post": [0, -17.5, 0],
							"lerp_mode": "catmullrom"
						},
						"2.0": {
							"post": [0, -20, 0],
							"lerp_mode": "catmullrom"
						},
						"3.0": {
							"post": [0, 17.5, 0],
							"lerp_mode": "catmullrom"
						},
						"4.0": [0, 20, 0]
					}
				},
				"leg0": {
					"rotation": {
						"0.0": [-37.29074, -10.5659, -3.6412],
						"1.0": {
							"pre": [-24.4546, -9.58909, -7.06595],
							"post": [-24.4546, -9.58909, -7.06595],
							"lerp_mode": "catmullrom"
						},
						"2.0": {
							"post": [-11.05591, -8.9505, -2.45442],
							"lerp_mode": "catmullrom"
						},
						"3.0": {
							"post": [-0.94275, -8.497, 2.8189],
							"lerp_mode": "catmullrom"
						},
						"3.5": {
							"post": [-19.81734, -8.54682, -4.76478],
							"lerp_mode": "catmullrom"
						},
						"4.0": [-37.29074, -10.5659, -3.6412]
					},
					"position": {
						"0.0": [0, 9.30526, 9.91445],
						"0.0417": {
							"pre": [0, 7.42711, 9.92105],
							"post": [0, 7.42711, 9.92105],
							"lerp_mode": "catmullrom"
						},
						"0.5": {
							"post": [0, 11.39, 4.6],
							"lerp_mode": "catmullrom"
						},
						"1.0": {
							"post": [0, 12.95722, -0.65263],
							"lerp_mode": "catmullrom"
						},
						"3.0": {
							"post": [0, 8.83, -0.11],
							"lerp_mode": "catmullrom"
						},
						"3.5": {
							"post": [0, 15.35011, -0.96368],
							"lerp_mode": "catmullrom"
						},
						"4.0": [0, 9.30526, 9.91445]
					}
				},
				"knee0": {
					"rotation": {
						"0.0": [66.92201, -1.59696, 1.91387],
						"1.0": {
							"pre": [61.97971, -2.31483, 1.7367],
							"post": [61.97971, -2.31483, 1.7367],
							"lerp_mode": "catmullrom"
						},
						"2.0": {
							"post": [61.98, -2.31, 1.74],
							"lerp_mode": "catmullrom"
						},
						"3.0": {
							"post": [57.04167, -3.06432, 2.28468],
							"lerp_mode": "catmullrom"
						},
						"3.5": {
							"post": [74.62104, -4.17563, 2.34042],
							"lerp_mode": "catmullrom"
						},
						"4.0": [66.92201, -1.59696, 1.91387]
					}
				},
				"ankle0": {
					"rotation": {
						"0.0": [-22.5, 0, 0],
						"1.0": {
							"pre": [-29.88673, 0.27976, -1.50086],
							"post": [-29.88673, 0.27976, -1.50086],
							"lerp_mode": "catmullrom"
						},
						"2.0": {
							"post": [-42.1927, 0.01476, -3.71492],
							"lerp_mode": "catmullrom"
						},
						"3.0": {
							"post": [-47.1927, 0.01476, -3.71492],
							"lerp_mode": "catmullrom"
						},
						"3.5": {
							"post": [-39.80525, 0.30025, -2.21687],
							"lerp_mode": "catmullrom"
						},
						"4.0": [-22.5, 0, 0]
					}
				},
				"leg1": {
					"rotation": {
						"0.0": [-12.31734, 8.54682, 4.76478],
						"1.0": {
							"pre": [-0.94275, 8.497, -2.8189],
							"post": [-0.94275, 8.497, -2.8189],
							"lerp_mode": "catmullrom"
						},
						"1.5": {
							"post": [-19.81734, 8.54682, 4.76478],
							"lerp_mode": "catmullrom"
						},
						"2.0": {
							"post": [-37.29074, 10.5659, 3.6412],
							"lerp_mode": "catmullrom"
						},
						"3.0": {
							"post": [-24.04841, 10.61609, 9.3812],
							"lerp_mode": "catmullrom"
						},
						"4.0": [-12.31734, 8.54682, 4.76478]
					},
					"position": {
						"0.0": [0, 11.80433, -0.50158],
						"1.0": {
							"pre": [0, 11.80433, -0.50158],
							"post": [0, 11.80433, -0.50158],
							"lerp_mode": "catmullrom"
						},
						"1.5": {
							"post": [0, 15.35011, -0.96368],
							"lerp_mode": "catmullrom"
						},
						"2.0": {
							"post": [0, 9.30526, 9.91445],
							"lerp_mode": "catmullrom"
						},
						"2.0417": {
							"post": [0, 7.42711, 9.92105],
							"lerp_mode": "catmullrom"
						},
						"2.5": {
							"post": [0, 11.39, 4.6],
							"lerp_mode": "catmullrom"
						},
						"3.0": {
							"post": [0, 12.95722, -0.65263],
							"lerp_mode": "catmullrom"
						},
						"4.0": [0, 11.80433, -0.50158]
					}
				},
				"knee1": {
					"rotation": {
						"0.0": [61.98, 2.31, -1.74],
						"1.0": {
							"pre": [57.04167, 3.06432, -2.28468],
							"post": [57.04167, 3.06432, -2.28468],
							"lerp_mode": "catmullrom"
						},
						"1.5": {
							"post": [74.62104, 4.17563, -2.34042],
							"lerp_mode": "catmullrom"
						},
						"2.0": {
							"post": [66.92201, 1.59696, -1.91387],
							"lerp_mode": "catmullrom"
						},
						"3.0": {
							"post": [61.97971, 2.31483, -1.7367],
							"lerp_mode": "catmullrom"
						},
						"4.0": [61.98, 2.31, -1.74]
					}
				},
				"ankle1": {
					"rotation": {
						"0.0": [-42.1927, -0.01476, 3.71492],
						"1.0": {
							"pre": [-47.1927, -0.01476, 3.71492],
							"post": [-47.1927, -0.01476, 3.71492],
							"lerp_mode": "catmullrom"
						},
						"1.5": {
							"post": [-39.80525, -0.30025, 2.21687],
							"lerp_mode": "catmullrom"
						},
						"2.0": {
							"post": [-22.5, 0, 0],
							"lerp_mode": "catmullrom"
						},
						"3.0": {
							"post": [-29.88673, -0.27976, 1.50086],
							"lerp_mode": "catmullrom"
						},
						"4.0": [-42.1927, -0.01476, 3.71492]
					}
				},
				"bone3": {
					"rotation": [10, 0, 0]
				},
				"bone2": {
					"rotation": [4.54408, 0.85472, -1.86984]
				},
				"bone": {
					"rotation": [-15, 0, 0]
				}
			}
		},
		"animation.LUCID_Brachiosaurus.sleep_start": {
			"loop": "hold_on_last_frame",
			"animation_length": 1,
			"bones": {
				"body": {
					"rotation": {
						"0.0": [-7.5, 0, 0],
						"1.0": [-2.5, 0, 0]
					},
					"position": {
						"0.0": [0, -8, 0],
						"1.0": [0, -58, -7]
					}
				},
				"torso": {
					"rotation": {
						"0.0": [5, 0, 0],
						"1.0": [5, 0, 0]
					}
				},
				"shoulder0": {
					"rotation": {
						"0.0": [2.54651, 0.58143, -3.91996],
						"1.0": [42.54651, 0.58143, -3.91996]
					},
					"position": {
						"0.0": [0, 4, 0],
						"1.0": [0, 14.98953, -0.47981]
					}
				},
				"elbow0": {
					"rotation": {
						"0.0": [-14.9055, 2.4976, 4.3329],
						"1.0": [-92.4055, 2.4976, 4.3329]
					},
					"position": [0.01312, 0.70755, -0.70654]
				},
				"wrist0": {
					"rotation": {
						"0.0": [15, 0, 0],
						"1.0": [45, 0, 0]
					}
				},
				"shoulder1": {
					"rotation": {
						"0.0": [2.54651, -0.58143, 3.91996],
						"1.0": [42.54651, -0.58143, 3.91996]
					},
					"position": {
						"0.0": [0, 4, 0],
						"1.0": [0, 14.98953, -0.47981]
					}
				},
				"elbow1": {
					"rotation": {
						"0.0": [-14.9055, -2.4976, -4.3329],
						"1.0": [-92.4055, -2.4976, -4.3329]
					},
					"position": [-0.01312, 0.70755, -0.70654]
				},
				"wrist1": {
					"rotation": {
						"0.0": [15, 0, 0],
						"1.0": [45, 0, 0]
					}
				},
				"neck1": {
					"rotation": {
						"0.0": [-22.5, 0, 0],
						"0.7083": {
							"pre": [24.90939, -13.13958, -5.28319],
							"post": [24.90939, -13.13958, -5.28319],
							"lerp_mode": "catmullrom"
						},
						"1.0": [19.16577, -18.17448, 0.40125]
					}
				},
				"neck2": {
					"rotation": {
						"0.0": [32.5, 0, 0],
						"0.7083": {
							"pre": [86.34996, -16.72224, 5.54756],
							"post": [86.34996, -16.72224, 5.54756],
							"lerp_mode": "catmullrom"
						},
						"1.0": [97.54359, -22.20524, 6.31907]
					},
					"position": {
						"0.0": [0, 0, 0],
						"1.0": [0, 8.72936, -7.73293]
					}
				},
				"neck3": {
					"rotation": {
						"0.0": [-12.5, 0, 0],
						"0.7083": {
							"pre": [-14.86781, 6.04386, 40.52439],
							"post": [-14.86781, 6.04386, 40.52439],
							"lerp_mode": "catmullrom"
						},
						"1.0": [-5.25456, 8.53251, 57.2109]
					}
				},
				"neck4": {
					"rotation": {
						"0.0": [10, 0, 0],
						"0.7083": {
							"pre": [4.7786, 10.9912, 27.04905],
							"post": [4.7786, 10.9912, 27.04905],
							"lerp_mode": "catmullrom"
						},
						"1.0": [6.15803, 15.51699, 38.1869]
					}
				},
				"head": {
					"rotation": {
						"0.0": [-5, 0, 0],
						"1.0": [-92.5, 0, 0]
					}
				},
				"tail1": {
					"rotation": {
						"0.0": [-25.08377, -4.53051, 2.11751],
						"1.0": [-47.58377, -4.53051, 2.11751]
					}
				},
				"tail2": {
					"rotation": {
						"0.0": [10.15108, -9.84655, -1.75378],
						"1.0": [27.87431, -9.04731, -4.86592]
					}
				},
				"tail3": {
					"rotation": {
						"0.0": [12.79362, -12.19908, -2.74715],
						"1.0": [22.82022, -11.76193, -5.67414]
					}
				},
				"leg0": {
					"rotation": {
						"0.0": [-5.10091, -10.5659, -3.6412],
						"1.0": [-5.10091, -10.5659, -3.6412]
					},
					"position": {
						"0.0": [0, 8, 0],
						"1.0": [0, 23.98477, -0.69791]
					}
				},
				"knee0": {
					"rotation": {
						"0.0": [39.97314, -1.6067, 1.9156],
						"1.0": [81.53733, 4.38271, -3.92823]
					}
				},
				"ankle0": {
					"rotation": {
						"0.0": [-27.5, 0, 0],
						"1.0": [-71.34022, 5.32263, 7.05952]
					}
				},
				"leg1": {
					"rotation": {
						"0.0": [-5.10091, 10.5659, 3.6412],
						"1.0": [-5.10091, 10.5659, 3.6412]
					},
					"position": {
						"0.0": [0, 8, 0],
						"1.0": [0, 23.98477, -0.69791]
					}
				},
				"knee1": {
					"rotation": {
						"0.0": [39.97314, 1.6067, -1.9156],
						"1.0": [81.53733, -4.38271, 3.92823]
					}
				},
				"ankle1": {
					"rotation": {
						"0.0": [-27.5, 0, 0],
						"1.0": [-71.34022, -5.32263, -7.05952]
					}
				}
			}
		},
		"animation.LUCID_Brachiosaurus.sleep_end": {
			"loop": "hold_on_last_frame",
			"animation_length": 1,
			"bones": {
				"body": {
					"rotation": {
						"0.0": [-2.5, 0, 0],
						"1.0": [-7.5, 0, 0]
					},
					"position": {
						"0.0": [0, -58, -7],
						"1.0": [0, -8, 0]
					}
				},
				"torso": {
					"rotation": {
						"0.0": [5, 0, 0],
						"1.0": [5, 0, 0]
					}
				},
				"shoulder0": {
					"rotation": {
						"0.0": [42.54651, 0.58143, -3.91996],
						"1.0": [2.54651, 0.58143, -3.91996]
					},
					"position": {
						"0.0": [0, 14.98953, -0.47981],
						"1.0": [0, 4, 0]
					}
				},
				"elbow0": {
					"rotation": {
						"0.0": [-92.4055, 2.4976, 4.3329],
						"1.0": [-14.9055, 2.4976, 4.3329]
					},
					"position": [0.01312, 0.70755, -0.70654]
				},
				"wrist0": {
					"rotation": {
						"0.0": [45, 0, 0],
						"1.0": [15, 0, 0]
					}
				},
				"shoulder1": {
					"rotation": {
						"0.0": [42.54651, -0.58143, 3.91996],
						"1.0": [2.54651, -0.58143, 3.91996]
					},
					"position": {
						"0.0": [0, 14.98953, -0.47981],
						"1.0": [0, 4, 0]
					}
				},
				"elbow1": {
					"rotation": {
						"0.0": [-92.4055, -2.4976, -4.3329],
						"1.0": [-14.9055, -2.4976, -4.3329]
					},
					"position": [-0.01312, 0.70755, -0.70654]
				},
				"wrist1": {
					"rotation": {
						"0.0": [45, 0, 0],
						"1.0": [15, 0, 0]
					}
				},
				"neck1": {
					"rotation": {
						"0.0": [19.16577, -18.17448, 0.40125],
						"0.2917": {
							"pre": [24.90939, -13.13958, -5.28319],
							"post": [24.90939, -13.13958, -5.28319],
							"lerp_mode": "catmullrom"
						},
						"1.0": [-22.5, 0, 0]
					}
				},
				"neck2": {
					"rotation": {
						"0.0": [97.54359, -22.20524, 6.31907],
						"0.2917": {
							"pre": [86.34996, -16.72224, 5.54756],
							"post": [86.34996, -16.72224, 5.54756],
							"lerp_mode": "catmullrom"
						},
						"1.0": [32.5, 0, 0]
					},
					"position": {
						"0.0": [0, 8.72936, -7.73293],
						"1.0": [0, 0, 0]
					}
				},
				"neck3": {
					"rotation": {
						"0.0": [-5.25456, 8.53251, 57.2109],
						"0.2917": {
							"pre": [-14.86781, 6.04386, 40.52439],
							"post": [-14.86781, 6.04386, 40.52439],
							"lerp_mode": "catmullrom"
						},
						"1.0": [-12.5, 0, 0]
					}
				},
				"neck4": {
					"rotation": {
						"0.0": [6.15803, 15.51699, 38.1869],
						"0.2917": {
							"pre": [4.7786, 10.9912, 27.04905],
							"post": [4.7786, 10.9912, 27.04905],
							"lerp_mode": "catmullrom"
						},
						"1.0": [10, 0, 0]
					}
				},
				"head": {
					"rotation": {
						"0.0": [-92.5, 0, 0],
						"1.0": [-5, 0, 0]
					}
				},
				"tail1": {
					"rotation": {
						"0.0": [-47.58377, -4.53051, 2.11751],
						"1.0": [-25.08377, -4.53051, 2.11751]
					}
				},
				"tail2": {
					"rotation": {
						"0.0": [27.87431, -9.04731, -4.86592],
						"1.0": [10.15108, -9.84655, -1.75378]
					}
				},
				"tail3": {
					"rotation": {
						"0.0": [22.82022, -11.76193, -5.67414],
						"1.0": [12.79362, -12.19908, -2.74715]
					}
				},
				"leg0": {
					"rotation": {
						"0.0": [-5.10091, -10.5659, -3.6412],
						"1.0": [-5.10091, -10.5659, -3.6412]
					},
					"position": {
						"0.0": [0, 23.98477, -0.69791],
						"1.0": [0, 8, 0]
					}
				},
				"knee0": {
					"rotation": {
						"0.0": [81.53733, 4.38271, -3.92823],
						"1.0": [39.97314, -1.6067, 1.9156]
					}
				},
				"ankle0": {
					"rotation": {
						"0.0": [-71.34022, 5.32263, 7.05952],
						"1.0": [-27.5, 0, 0]
					}
				},
				"leg1": {
					"rotation": {
						"0.0": [-5.10091, 10.5659, 3.6412],
						"1.0": [-5.10091, 10.5659, 3.6412]
					},
					"position": {
						"0.0": [0, 23.98477, -0.69791],
						"1.0": [0, 8, 0]
					}
				},
				"knee1": {
					"rotation": {
						"0.0": [81.53733, -4.38271, 3.92823],
						"1.0": [39.97314, 1.6067, -1.9156]
					}
				},
				"ankle1": {
					"rotation": {
						"0.0": [-71.34022, -5.32263, -7.05952],
						"1.0": [-27.5, 0, 0]
					}
				}
			}
		},
		"animation.LUCID_Brachiosaurus.roar": {
			"loop": "hold_on_last_frame",
			"animation_length": 3,
			"bones": {
				"neck1": {
					"rotation": {
						"0.0": [0, 0, 0],
						"0.75": {
							"pre": [-7.5, 0, 0],
							"post": [-7.5, 0, 0],
							"lerp_mode": "catmullrom"
						},
						"1.25": {
							"post": [-7.5, 0, 0],
							"lerp_mode": "catmullrom"
						},
						"2.25": {
							"post": [-22.46042, 1.0973, -0.24083],
							"lerp_mode": "catmullrom"
						},
						"3.0": [0, 0, 0]
					}
				},
				"neck2": {
					"rotation": {
						"0.0": [0, 0, 0],
						"0.75": {
							"pre": [-5, 0, 0],
							"post": [-5, 0, 0],
							"lerp_mode": "catmullrom"
						},
						"1.25": {
							"post": [22.23107, -2.74254, 0.44805],
							"lerp_mode": "catmullrom"
						},
						"2.25": {
							"post": [70, 0, 0],
							"lerp_mode": "catmullrom"
						},
						"3.0": [0, 0, 0]
					},
					"position": {
						"0.0": [0, 0, 0],
						"0.75": {
							"pre": [0, 0, 0],
							"post": [0, 0, 0],
							"lerp_mode": "catmullrom"
						},
						"1.25": {
							"post": [0, 2.97433, -0.39158],
							"lerp_mode": "catmullrom"
						},
						"2.25": {
							"post": [0.15927, 5.84117, -9.14962],
							"lerp_mode": "catmullrom"
						},
						"3.0": [0, 0, 0]
					}
				},
				"neck3": {
					"rotation": {
						"0.0": [0, 0, 0],
						"0.75": {
							"pre": [-20, 0, 0],
							"post": [-20, 0, 0],
							"lerp_mode": "catmullrom"
						},
						"1.25": {
							"post": [10, 0, 0],
							"lerp_mode": "catmullrom"
						},
						"2.25": {
							"post": [-0.07394, -1.31076, 1.04958],
							"lerp_mode": "catmullrom"
						},
						"3.0": [0, 0, 0]
					}
				},
				"neck4": {
					"rotation": {
						"0.0": [0, 0, 0],
						"0.75": {
							"pre": [55, 0, 0],
							"post": [55, 0, 0],
							"lerp_mode": "catmullrom"
						},
						"1.25": {
							"post": [40, 0, 0],
							"lerp_mode": "catmullrom"
						},
						"2.25": {
							"post": [25, 0, 0],
							"lerp_mode": "catmullrom"
						},
						"3.0": [0, 0, 0]
					}
				},
				"head": {
					"rotation": {
						"0.0": [0, 0, 0],
						"0.75": {
							"pre": [-15, 0, 0],
							"post": [-15, 0, 0],
							"lerp_mode": "catmullrom"
						},
						"1.25": {
							"post": [-67.5, 0, 0],
							"lerp_mode": "catmullrom"
						},
						"2.25": {
							"post": [-105, 0, 0],
							"lerp_mode": "catmullrom"
						},
						"3.0": [0, 0, 0]
					},
					"position": {
						"0.0": [0, 0, 0],
						"0.75": {
							"pre": [0, 0, 0],
							"post": [0, 0, 0],
							"lerp_mode": "catmullrom"
						},
						"1.25": {
							"post": [0, 0, 0],
							"lerp_mode": "catmullrom"
						},
						"2.25": {
							"post": [0.01984, -2.21168, 0.32876],
							"lerp_mode": "catmullrom"
						},
						"3.0": [0, 0, 0]
					}
				},
				"lower": {
					"rotation": {
						"0.0": [0, 0, 0],
						"0.75": {
							"pre": [0, 0, 0],
							"post": [0, 0, 0],
							"lerp_mode": "catmullrom"
						},
						"1.25": {
							"post": [32.07083, -5.5305, -2.22392],
							"lerp_mode": "catmullrom"
						},
						"2.25": {
							"post": [50, 0, 0],
							"lerp_mode": "catmullrom"
						},
						"3.0": [0, 0, 0]
					}
				}
			}
		},
		"animation.LUCID_Brachiosaurus.sleeping": {
			"loop": true,
			"bones": {
				"body": {
					"rotation": [-2.5, 0, 0],
					"position": [0, -58, -7]
				},
				"torso": {
					"rotation": [5, 0, 0]
				},
				"shoulder0": {
					"rotation": [42.54651, 0.58143, -3.91996],
					"position": [0, 14.98953, -0.47981]
				},
				"elbow0": {
					"rotation": [-92.4055, 2.4976, 4.3329],
					"position": [0.01312, 0.70755, -0.70654]
				},
				"wrist0": {
					"rotation": [45, 0, 0]
				},
				"shoulder1": {
					"rotation": [42.54651, -0.58143, 3.91996],
					"position": [0, 14.98953, -0.47981]
				},
				"elbow1": {
					"rotation": [-92.4055, -2.4976, -4.3329],
					"position": [-0.01312, 0.70755, -0.70654]
				},
				"wrist1": {
					"rotation": [45, 0, 0]
				},
				"neck1": {
					"rotation": [19.16577, -18.17448, 0.40125]
				},
				"neck2": {
					"rotation": [97.54359, -22.20524, 6.31907],
					"position": [0, 8.72936, -7.73293]
				},
				"neck3": {
					"rotation": [-5.25456, 8.53251, 57.2109]
				},
				"neck4": {
					"rotation": [6.15803, 15.517, 38.1869]
				},
				"head": {
					"rotation": [-97.56397, -7.43547, 0.9845]
				},
				"tail1": {
					"rotation": [-47.58377, "-4.5305+math.cos(q.life_time *50) *10", 2.11751]
				},
				"tail2": {
					"rotation": [27.87431, "-9.0473+math.cos(q.life_time *50) *10", -4.86592]
				},
				"tail3": {
					"rotation": [22.82022, "-11.7619+math.cos(q.life_time *50) *10", -5.67414]
				},
				"leg0": {
					"rotation": [-5.10091, -10.5659, -3.6412],
					"position": [0, 23.98477, -0.69791]
				},
				"knee0": {
					"rotation": [81.53733, 4.38271, -3.92823]
				},
				"ankle0": {
					"rotation": [-71.34022, 5.32263, 7.05952]
				},
				"leg1": {
					"rotation": [-5.10091, 10.5659, 3.6412],
					"position": [0, 23.98477, -0.69791]
				},
				"knee1": {
					"rotation": [81.53733, -4.38271, 3.92823]
				},
				"ankle1": {
					"rotation": [-71.34022, -5.32263, -7.05952]
				}
			},
			"particle_effects": {
				"0.0": {
					"effect": "sleep_locator",
					"locator": "sleep_locator"
				}
			}
		},
		"animation.LUCID_Brachiosaurus.util": {
			"loop": true,
			"bones": {
				"neck": {
					"rotation": [0, 0, 0]
				},
				"torso": {
					"rotation": [0, "math.clamp(-variable.smoothed_turning/-10,-10,100)", 0]
				},
				"tail1": {
					"rotation": [0, "math.clamp(variable.smoothed_turning/-10,-10,100)", 0]
				},
				"tail2": {
					"rotation": [0, "math.clamp(variable.smoothed_turning/-10,-10,100)", 0]
				},
				"bone3": {
					"rotation": [0, 0, 0]
				},
				"tail3": {
					"rotation": [0, "math.clamp(variable.smoothed_turning/-10,-10,100)", 0]
				}
			}
		}
	}
}