{
	"format_version": "1.8.0",
	"animations": {
		"animation.LUCID_Compsognathus.idle": {
			"loop": true,
			"animation_length": 6,
			"bones": {
				"body": {
					"rotation": {
						"0.0": [
							7.5,
							0,
							0
						],
						"3.0": {
							"pre": [
								10,
								0,
								0
							],
							"post": [
								10,
								0,
								0
							],
							"lerp_mode": "catmullrom"
						},
						"6.0": [
							7.5,
							0,
							0
						]
					}
				},
				"neck": {
					"rotation": {
						"0.0": [
							12.5,
							0,
							0
						],
						"3.0": {
							"pre": [
								14.93131,
								0.20173,
								-0.54169
							],
							"post": [
								14.93131,
								0.20173,
								-0.54169
							],
							"lerp_mode": "catmullrom"
						},
						"6.0": [
							12.5,
							0,
							0
						]
					}
				},
				"head": {
					"rotation": {
						"0.0": [
							-12.70839,
							0.38563,
							-1.68962
						],
						"3.0": {
							"pre": [
								-20,
								0,
								0
							],
							"post": [
								-20,
								0,
								0
							],
							"lerp_mode": "catmullrom"
						},
						"6.0": [
							-12.70839,
							0.38563,
							-1.68962
						]
					}
				},
				"tail1": {
					"rotation": {
						"0.0": [
							-12.5,
							0,
							0
						],
						"1.5": {
							"pre": [
								-17.5,
								0,
								0
							],
							"post": [
								-17.5,
								0,
								0
							],
							"lerp_mode": "catmullrom"
						},
						"3.0": {
							"post": [
								-20,
								0,
								0
							],
							"lerp_mode": "catmullrom"
						},
						"4.5": {
							"post": [
								-15,
								0,
								0
							],
							"lerp_mode": "catmullrom"
						},
						"6.0": [
							-12.5,
							0,
							0
						]
					}
				},
				"leg0": {
					"rotation": {
						"0.0": [
							-7.5,
							0,
							0
						],
						"3.0": {
							"pre": [
								-10,
								0,
								0
							],
							"post": [
								-10,
								0,
								0
							],
							"lerp_mode": "catmullrom"
						},
						"6.0": [
							-7.5,
							0,
							0
						]
					}
				},
				"leg1": {
					"rotation": {
						"0.0": [
							-7.5,
							0,
							0
						],
						"3.0": {
							"pre": [
								-10,
								0,
								0
							],
							"post": [
								-10,
								0,
								0
							],
							"lerp_mode": "catmullrom"
						},
						"6.0": [
							-7.5,
							0,
							0
						]
					}
				},
				"shoulder0": {
					"rotation": {
						"0.0": [
							-40,
							0,
							0
						],
						"3.0": {
							"pre": [
								-45,
								0,
								0
							],
							"post": [
								-45,
								0,
								0
							],
							"lerp_mode": "catmullrom"
						},
						"6.0": [
							-40,
							0,
							0
						]
					}
				},
				"shoulder1": {
					"rotation": {
						"0.0": [
							-37.3701,
							-1.27032,
							3.37193
						],
						"3.0": {
							"pre": [
								-42.25043,
								-1.31278,
								4.57443
							],
							"post": [
								-42.25043,
								-1.31278,
								4.57443
							],
							"lerp_mode": "catmullrom"
						},
						"6.0": [
							-37.3701,
							-1.27032,
							3.37193
						]
					}
				}
			}
		},
		"animation.LUCID_Compsognathus.move": {
			"loop": true,
			"animation_length": 0.83333,
			"bones": {
				"body": {
					"rotation": {
						"0.0": [
							-32.5,
							0,
							0
						],
						"0.1667": {
							"pre": [
								-37.46893,
								0.356,
								0.41286
							],
							"post": [
								-37.46893,
								0.356,
								0.41286
							],
							"lerp_mode": "catmullrom"
						},
						"0.3333": {
							"post": [
								-18.17263,
								5.20865,
								-0.93574
							],
							"lerp_mode": "catmullrom"
						},
						"0.5": {
							"post": [
								4.32737,
								5.20865,
								-0.93574
							],
							"lerp_mode": "catmullrom"
						},
						"0.6667": {
							"post": [
								21.82737,
								5.20865,
								-0.93574
							],
							"lerp_mode": "catmullrom"
						},
						"0.8333": [
							-32.5,
							0,
							0
						]
					},
					"position": {
						"0.0": [
							0,
							1,
							-1
						],
						"0.1667": {
							"pre": [
								0,
								3,
								-1
							],
							"post": [
								0,
								3,
								-1
							],
							"lerp_mode": "catmullrom"
						},
						"0.3333": {
							"post": [
								0,
								1,
								-1
							],
							"lerp_mode": "catmullrom"
						},
						"0.5": {
							"post": [
								0,
								0,
								-1
							],
							"lerp_mode": "catmullrom"
						},
						"0.6667": {
							"post": [
								0,
								0,
								-1
							],
							"lerp_mode": "catmullrom"
						},
						"0.8333": [
							0,
							1,
							-1
						]
					}
				},
				"neck": {
					"rotation": {
						"0.0": [
							52.28043,
							5.42323,
							4.22075
						],
						"0.1667": {
							"pre": [
								69.67876,
								4.01155,
								3.7491
							],
							"post": [
								69.67876,
								4.01155,
								3.7491
							],
							"lerp_mode": "catmullrom"
						},
						"0.3333": {
							"post": [
								69.67876,
								4.01155,
								3.7491
							],
							"lerp_mode": "catmullrom"
						},
						"0.5": {
							"post": [
								32.17876,
								4.01155,
								3.7491
							],
							"lerp_mode": "catmullrom"
						},
						"0.6667": {
							"post": [
								27.17876,
								4.01155,
								3.7491
							],
							"lerp_mode": "catmullrom"
						},
						"0.8333": [
							52.28043,
							5.42323,
							4.22075
						]
					}
				},
				"head": {
					"rotation": {
						"0.0": [
							-15,
							0,
							0
						],
						"0.1667": {
							"pre": [
								-20,
								0,
								0
							],
							"post": [
								-20,
								0,
								0
							],
							"lerp_mode": "catmullrom"
						},
						"0.3333": {
							"post": [
								-50,
								0,
								0
							],
							"lerp_mode": "catmullrom"
						},
						"0.5": {
							"post": [
								-32.59907,
								-4.21541,
								2.69136
							],
							"lerp_mode": "catmullrom"
						},
						"0.6667": {
							"post": [
								-47.59907,
								-4.21541,
								2.69136
							],
							"lerp_mode": "catmullrom"
						},
						"0.8333": [
							-15,
							0,
							0
						]
					}
				},
				"tail1": {
					"rotation": {
						"0.0": [
							7.64531,
							0.71153,
							2.33234
						],
						"0.1667": {
							"pre": [
								27.51499,
								0.03336,
								0.27059
							],
							"post": [
								27.51499,
								0.03336,
								0.27059
							],
							"lerp_mode": "catmullrom"
						},
						"0.3333": {
							"post": [
								37.21829,
								2.40203,
								1.01776
							],
							"lerp_mode": "catmullrom"
						},
						"0.5": {
							"post": [
								-10.26365,
								1.50876,
								0.60776
							],
							"lerp_mode": "catmullrom"
						},
						"0.6667": {
							"post": [
								-25.26365,
								1.50876,
								0.60776
							],
							"lerp_mode": "catmullrom"
						},
						"0.8333": [
							7.64531,
							0.71153,
							2.33234
						]
					}
				},
				"leg0": {
					"rotation": {
						"0.0": [
							45,
							0,
							0
						],
						"0.1667": {
							"pre": [
								-2.27926,
								1.30645,
								3.24496
							],
							"post": [
								-2.27926,
								1.30645,
								3.24496
							],
							"lerp_mode": "catmullrom"
						},
						"0.3333": {
							"post": [
								-22.27926,
								1.30645,
								3.24496
							],
							"lerp_mode": "catmullrom"
						},
						"0.5": {
							"post": [
								-4.77926,
								1.30645,
								3.24496
							],
							"lerp_mode": "catmullrom"
						},
						"0.6667": {
							"post": [
								7.72074,
								1.30645,
								3.24496
							],
							"lerp_mode": "catmullrom"
						},
						"0.8333": [
							45,
							0,
							0
						]
					}
				},
				"leg1": {
					"rotation": {
						"0.0": [
							40,
							0,
							0
						],
						"0.1667": {
							"pre": [
								-7.27926,
								1.30645,
								3.24496
							],
							"post": [
								-7.27926,
								1.30645,
								3.24496
							],
							"lerp_mode": "catmullrom"
						},
						"0.3333": {
							"post": [
								-27.27926,
								1.30645,
								3.24496
							],
							"lerp_mode": "catmullrom"
						},
						"0.5": {
							"post": [
								-7.27926,
								1.30645,
								3.24496
							],
							"lerp_mode": "catmullrom"
						},
						"0.6667": {
							"post": [
								2.72074,
								1.30645,
								3.24496
							],
							"lerp_mode": "catmullrom"
						},
						"0.8333": [
							40,
							0,
							0
						]
					}
				},
				"shoulder0": {
					"rotation": {
						"0.0": [
							41.81615,
							-8.40819,
							9.28293
						],
						"0.1667": {
							"pre": [
								7.24163,
								-3.11522,
								8.94692
							],
							"post": [
								7.24163,
								-3.11522,
								8.94692
							],
							"lerp_mode": "catmullrom"
						},
						"0.3333": {
							"post": [
								-12.75837,
								-3.11522,
								8.94692
							],
							"lerp_mode": "catmullrom"
						},
						"0.5": {
							"post": [
								17.24163,
								-3.11522,
								8.94692
							],
							"lerp_mode": "catmullrom"
						},
						"0.6667": {
							"post": [
								-5.25837,
								-3.11522,
								8.94692
							],
							"lerp_mode": "catmullrom"
						},
						"0.8333": [
							41.81615,
							-8.40819,
							9.28293
						]
					},
					"position": {
						"0.0": [
							0,
							1,
							0
						],
						"0.8333": [
							0,
							1,
							0
						]
					}
				},
				"shoulder1": {
					"rotation": {
						"0.0": [
							41.81615,
							8.40819,
							-9.28293
						],
						"0.1667": {
							"pre": [
								7.24163,
								3.11522,
								-8.94692
							],
							"post": [
								7.24163,
								3.11522,
								-8.94692
							],
							"lerp_mode": "catmullrom"
						},
						"0.3333": {
							"post": [
								-12.75837,
								3.11522,
								-8.94692
							],
							"lerp_mode": "catmullrom"
						},
						"0.5": {
							"post": [
								17.24163,
								3.11522,
								-8.94692
							],
							"lerp_mode": "catmullrom"
						},
						"0.6667": {
							"post": [
								-5.25837,
								3.11522,
								-8.94692
							],
							"lerp_mode": "catmullrom"
						},
						"0.8333": [
							41.81615,
							8.40819,
							-9.28293
						]
					},
					"position": {
						"0.0": [
							0,
							1,
							0
						],
						"0.8333": [
							0,
							1,
							0
						]
					}
				}
			}
		},
		"animation.LUCID_Compsognathus.run": {
			"loop": true,
			"animation_length": 0.83333,
			"anim_time_update": "q.anim_time+q.delta_time*1.5",
			"bones": {
				"body": {
					"rotation": {
						"0.0": [
							-32.5,
							0,
							0
						],
						"0.1667": {
							"pre": [
								-37.46893,
								0.356,
								0.41286
							],
							"post": [
								-37.46893,
								0.356,
								0.41286
							],
							"lerp_mode": "catmullrom"
						},
						"0.3333": {
							"post": [
								-18.17263,
								5.20865,
								-0.93574
							],
							"lerp_mode": "catmullrom"
						},
						"0.5": {
							"post": [
								4.32737,
								5.20865,
								-0.93574
							],
							"lerp_mode": "catmullrom"
						},
						"0.6667": {
							"post": [
								21.82737,
								5.20865,
								-0.93574
							],
							"lerp_mode": "catmullrom"
						},
						"0.8333": [
							-32.5,
							0,
							0
						]
					},
					"position": {
						"0.0": [
							0,
							1,
							-1
						],
						"0.1667": {
							"pre": [
								0,
								3,
								-1
							],
							"post": [
								0,
								3,
								-1
							],
							"lerp_mode": "catmullrom"
						},
						"0.3333": {
							"post": [
								0,
								1,
								-1
							],
							"lerp_mode": "catmullrom"
						},
						"0.5": {
							"post": [
								0,
								0,
								-1
							],
							"lerp_mode": "catmullrom"
						},
						"0.6667": {
							"post": [
								0,
								0,
								-1
							],
							"lerp_mode": "catmullrom"
						},
						"0.8333": [
							0,
							1,
							-1
						]
					}
				},
				"neck": {
					"rotation": {
						"0.0": [
							52.28043,
							5.42323,
							4.22075
						],
						"0.1667": {
							"pre": [
								69.67876,
								4.01155,
								3.7491
							],
							"post": [
								69.67876,
								4.01155,
								3.7491
							],
							"lerp_mode": "catmullrom"
						},
						"0.3333": {
							"post": [
								69.67876,
								4.01155,
								3.7491
							],
							"lerp_mode": "catmullrom"
						},
						"0.5": {
							"post": [
								32.17876,
								4.01155,
								3.7491
							],
							"lerp_mode": "catmullrom"
						},
						"0.6667": {
							"post": [
								27.17876,
								4.01155,
								3.7491
							],
							"lerp_mode": "catmullrom"
						},
						"0.8333": [
							52.28043,
							5.42323,
							4.22075
						]
					}
				},
				"head": {
					"rotation": {
						"0.0": [
							-15,
							0,
							0
						],
						"0.1667": {
							"pre": [
								-20,
								0,
								0
							],
							"post": [
								-20,
								0,
								0
							],
							"lerp_mode": "catmullrom"
						},
						"0.3333": {
							"post": [
								-50,
								0,
								0
							],
							"lerp_mode": "catmullrom"
						},
						"0.5": {
							"post": [
								-32.59907,
								-4.21541,
								2.69136
							],
							"lerp_mode": "catmullrom"
						},
						"0.6667": {
							"post": [
								-47.59907,
								-4.21541,
								2.69136
							],
							"lerp_mode": "catmullrom"
						},
						"0.8333": [
							-15,
							0,
							0
						]
					}
				},
				"tail1": {
					"rotation": {
						"0.0": [
							7.64531,
							0.71153,
							2.33234
						],
						"0.1667": {
							"pre": [
								27.51499,
								0.03336,
								0.27059
							],
							"post": [
								27.51499,
								0.03336,
								0.27059
							],
							"lerp_mode": "catmullrom"
						},
						"0.3333": {
							"post": [
								37.21829,
								2.40203,
								1.01776
							],
							"lerp_mode": "catmullrom"
						},
						"0.5": {
							"post": [
								-10.26365,
								1.50876,
								0.60776
							],
							"lerp_mode": "catmullrom"
						},
						"0.6667": {
							"post": [
								-25.26365,
								1.50876,
								0.60776
							],
							"lerp_mode": "catmullrom"
						},
						"0.8333": [
							7.64531,
							0.71153,
							2.33234
						]
					}
				},
				"leg0": {
					"rotation": {
						"0.0": [
							45,
							0,
							0
						],
						"0.1667": {
							"pre": [
								-2.27926,
								1.30645,
								3.24496
							],
							"post": [
								-2.27926,
								1.30645,
								3.24496
							],
							"lerp_mode": "catmullrom"
						},
						"0.3333": {
							"post": [
								-22.27926,
								1.30645,
								3.24496
							],
							"lerp_mode": "catmullrom"
						},
						"0.5": {
							"post": [
								-4.77926,
								1.30645,
								3.24496
							],
							"lerp_mode": "catmullrom"
						},
						"0.6667": {
							"post": [
								7.72074,
								1.30645,
								3.24496
							],
							"lerp_mode": "catmullrom"
						},
						"0.8333": [
							45,
							0,
							0
						]
					}
				},
				"leg1": {
					"rotation": {
						"0.0": [
							40,
							0,
							0
						],
						"0.1667": {
							"pre": [
								-7.27926,
								1.30645,
								3.24496
							],
							"post": [
								-7.27926,
								1.30645,
								3.24496
							],
							"lerp_mode": "catmullrom"
						},
						"0.3333": {
							"post": [
								-27.27926,
								1.30645,
								3.24496
							],
							"lerp_mode": "catmullrom"
						},
						"0.5": {
							"post": [
								-7.27926,
								1.30645,
								3.24496
							],
							"lerp_mode": "catmullrom"
						},
						"0.6667": {
							"post": [
								2.72074,
								1.30645,
								3.24496
							],
							"lerp_mode": "catmullrom"
						},
						"0.8333": [
							40,
							0,
							0
						]
					}
				},
				"shoulder0": {
					"rotation": {
						"0.0": [
							41.81615,
							-8.40819,
							9.28293
						],
						"0.1667": {
							"pre": [
								7.24163,
								-3.11522,
								8.94692
							],
							"post": [
								7.24163,
								-3.11522,
								8.94692
							],
							"lerp_mode": "catmullrom"
						},
						"0.3333": {
							"post": [
								-12.75837,
								-3.11522,
								8.94692
							],
							"lerp_mode": "catmullrom"
						},
						"0.5": {
							"post": [
								17.24163,
								-3.11522,
								8.94692
							],
							"lerp_mode": "catmullrom"
						},
						"0.6667": {
							"post": [
								-5.25837,
								-3.11522,
								8.94692
							],
							"lerp_mode": "catmullrom"
						},
						"0.8333": [
							41.81615,
							-8.40819,
							9.28293
						]
					},
					"position": {
						"0.0": [
							0,
							1,
							0
						],
						"0.8333": [
							0,
							1,
							0
						]
					}
				},
				"shoulder1": {
					"rotation": {
						"0.0": [
							41.81615,
							8.40819,
							-9.28293
						],
						"0.1667": {
							"pre": [
								7.24163,
								3.11522,
								-8.94692
							],
							"post": [
								7.24163,
								3.11522,
								-8.94692
							],
							"lerp_mode": "catmullrom"
						},
						"0.3333": {
							"post": [
								-12.75837,
								3.11522,
								-8.94692
							],
							"lerp_mode": "catmullrom"
						},
						"0.5": {
							"post": [
								17.24163,
								3.11522,
								-8.94692
							],
							"lerp_mode": "catmullrom"
						},
						"0.6667": {
							"post": [
								-5.25837,
								3.11522,
								-8.94692
							],
							"lerp_mode": "catmullrom"
						},
						"0.8333": [
							41.81615,
							8.40819,
							-9.28293
						]
					},
					"position": {
						"0.0": [
							0,
							1,
							0
						],
						"0.8333": [
							0,
							1,
							0
						]
					}
				}
			}
		},
		"animation.LUCID_Compsognathus.look": {
			"loop": true,
			"animation_length": 6,
			"bones": {
				"body": {
					"rotation": {
						"0.0": [
							7.5,
							0,
							0
						],
						"3.0": {
							"pre": [
								10,
								0,
								0
							],
							"post": [
								10,
								0,
								0
							],
							"lerp_mode": "catmullrom"
						},
						"6.0": [
							7.5,
							0,
							0
						]
					}
				},
				"neck": {
					"rotation": {
						"0.0": [
							12.5,
							0,
							0
						],
						"0.5417": {
							"pre": [
								12.86,
								0.03,
								-0.08
							],
							"post": [
								12.86,
								0.03,
								-0.08
							],
							"lerp_mode": "catmullrom"
						},
						"0.75": {
							"post": [
								3.20425,
								0.05855,
								-0.15671
							],
							"lerp_mode": "catmullrom"
						},
						"2.7083": {
							"post": [
								13.20425,
								0.05855,
								-0.15671
							],
							"lerp_mode": "catmullrom"
						},
						"3.0": {
							"post": [
								13.20425,
								0.05855,
								-0.15671
							],
							"lerp_mode": "catmullrom"
						},
						"4.7083": {
							"post": [
								13.20425,
								0.05855,
								-0.15671
							],
							"lerp_mode": "catmullrom"
						},
						"5.2917": {
							"post": [
								14.01406,
								19.39126,
								4.9076
							],
							"lerp_mode": "catmullrom"
						},
						"5.7917": {
							"post": [
								14.01406,
								19.39126,
								4.9076
							],
							"lerp_mode": "catmullrom"
						},
						"6.0": [
							12.5,
							0,
							0
						]
					}
				},
				"head": {
					"rotation": {
						"0.0": [
							-12.70839,
							0.38563,
							-1.68962
						],
						"0.5417": {
							"pre": [
								-13.78,
								0.33,
								-1.44
							],
							"post": [
								-13.78,
								0.33,
								-1.44
							],
							"lerp_mode": "catmullrom"
						},
						"0.75": {
							"post": [
								-38.5313,
								4.7918,
								9.64836
							],
							"lerp_mode": "catmullrom"
						},
						"2.7083": {
							"post": [
								-46.0313,
								4.7918,
								9.64836
							],
							"lerp_mode": "catmullrom"
						},
						"3.0": {
							"post": [
								-47.27818,
								-12.51382,
								27.80212
							],
							"lerp_mode": "catmullrom"
						},
						"4.7083": {
							"post": [
								-47.27818,
								-12.51382,
								27.80212
							],
							"lerp_mode": "catmullrom"
						},
						"5.2917": {
							"post": [
								-45.82574,
								0.42872,
								-15.03895
							],
							"lerp_mode": "catmullrom"
						},
						"5.7917": {
							"post": [
								-45.82574,
								0.42872,
								-15.03895
							],
							"lerp_mode": "catmullrom"
						},
						"6.0": [
							-12.70839,
							0.38563,
							-1.68962
						]
					}
				},
				"tail1": {
					"rotation": {
						"0.0": [
							-12.5,
							0,
							0
						],
						"1.5": {
							"pre": [
								-17.5,
								0,
								0
							],
							"post": [
								-17.5,
								0,
								0
							],
							"lerp_mode": "catmullrom"
						},
						"3.0": {
							"post": [
								-20,
								0,
								0
							],
							"lerp_mode": "catmullrom"
						},
						"4.5": {
							"post": [
								-15,
								0,
								0
							],
							"lerp_mode": "catmullrom"
						},
						"6.0": [
							-12.5,
							0,
							0
						]
					}
				},
				"leg0": {
					"rotation": {
						"0.0": [
							-7.5,
							0,
							0
						],
						"3.0": {
							"pre": [
								-10,
								0,
								0
							],
							"post": [
								-10,
								0,
								0
							],
							"lerp_mode": "catmullrom"
						},
						"6.0": [
							-7.5,
							0,
							0
						]
					}
				},
				"leg1": {
					"rotation": {
						"0.0": [
							-7.5,
							0,
							0
						],
						"3.0": {
							"pre": [
								-10,
								0,
								0
							],
							"post": [
								-10,
								0,
								0
							],
							"lerp_mode": "catmullrom"
						},
						"6.0": [
							-7.5,
							0,
							0
						]
					}
				},
				"shoulder0": {
					"rotation": {
						"0.0": [
							-40,
							0,
							0
						],
						"3.0": {
							"pre": [
								-45,
								0,
								0
							],
							"post": [
								-45,
								0,
								0
							],
							"lerp_mode": "catmullrom"
						},
						"6.0": [
							-40,
							0,
							0
						]
					}
				},
				"shoulder1": {
					"rotation": {
						"0.0": [
							-37.3701,
							-1.27032,
							3.37193
						],
						"3.0": {
							"pre": [
								-42.25043,
								-1.31278,
								4.57443
							],
							"post": [
								-42.25043,
								-1.31278,
								4.57443
							],
							"lerp_mode": "catmullrom"
						},
						"6.0": [
							-37.3701,
							-1.27032,
							3.37193
						]
					}
				}
			}
		},
		"animation.LUCID_Compsognathus.attack": {
			"animation_length": 1.5,
			"bones": {
				"body": {
					"rotation": {
						"0.0": [
							7.5,
							0,
							0
						],
						"0.25": {
							"pre": [
								-52.5,
								0,
								0
							],
							"post": [
								-52.5,
								0,
								0
							],
							"lerp_mode": "catmullrom"
						},
						"0.3333": {
							"post": [
								-71.67,
								0,
								0
							],
							"lerp_mode": "catmullrom"
						},
						"0.5": {
							"post": [
								-52.5,
								0,
								0
							],
							"lerp_mode": "catmullrom"
						},
						"0.6667": {
							"post": [
								-52.5,
								0,
								0
							],
							"lerp_mode": "catmullrom"
						},
						"0.875": {
							"post": [
								-22.07,
								0,
								0
							],
							"lerp_mode": "catmullrom"
						},
						"1.0": {
							"post": [
								22.14743,
								3.18883,
								-0.30381
							],
							"lerp_mode": "catmullrom"
						},
						"1.1667": [
							7.5,
							0,
							0
						]
					},
					"position": {
						"0.0": [
							0,
							0,
							0
						],
						"0.25": {
							"pre": [
								0,
								9,
								-4
							],
							"post": [
								0,
								9,
								-4
							],
							"lerp_mode": "catmullrom"
						},
						"0.3333": {
							"post": [
								0,
								10.33,
								-5.78
							],
							"lerp_mode": "catmullrom"
						},
						"0.5": {
							"post": [
								0,
								13,
								-4
							],
							"lerp_mode": "catmullrom"
						},
						"0.6667": {
							"post": [
								0,
								14,
								-3
							],
							"lerp_mode": "catmullrom"
						},
						"0.875": {
							"post": [
								0,
								1.95,
								-0.45
							],
							"lerp_mode": "catmullrom"
						},
						"1.0": {
							"post": [
								0,
								0,
								-1
							],
							"lerp_mode": "catmullrom"
						},
						"1.1667": [
							0,
							0,
							0
						]
					}
				},
				"neck": {
					"rotation": {
						"0.0": [
							12.5,
							0,
							0
						],
						"0.25": {
							"pre": [
								65,
								0,
								0
							],
							"post": [
								65,
								0,
								0
							],
							"lerp_mode": "catmullrom"
						},
						"0.5": {
							"post": [
								48.11743,
								-4.52305,
								1.84512
							],
							"lerp_mode": "catmullrom"
						},
						"0.6667": {
							"post": [
								48.11743,
								-4.52305,
								1.84512
							],
							"lerp_mode": "catmullrom"
						},
						"1.0": {
							"post": [
								12.5,
								0,
								0
							],
							"lerp_mode": "catmullrom"
						},
						"1.1667": [
							12.5,
							0,
							0
						]
					}
				},
				"head": {
					"rotation": {
						"0.0": [
							-12.70839,
							0.38563,
							-1.68962
						],
						"0.25": {
							"pre": [
								-0.20839,
								0.38563,
								-1.68962
							],
							"post": [
								-0.20839,
								0.38563,
								-1.68962
							],
							"lerp_mode": "catmullrom"
						},
						"0.3333": {
							"post": [
								14.10654,
								2.81159,
								-1.16713
							],
							"lerp_mode": "catmullrom"
						},
						"0.5": {
							"post": [
								17.29161,
								0.38563,
								-1.68962
							],
							"lerp_mode": "catmullrom"
						},
						"0.6667": {
							"post": [
								17.29161,
								0.38563,
								-1.68962
							],
							"lerp_mode": "catmullrom"
						},
						"0.875": {
							"post": [
								-13.70153,
								0.29578,
								-1.70897
							],
							"lerp_mode": "catmullrom"
						},
						"1.0": {
							"post": [
								-17.47366,
								-1.12607,
								-1.7549
							],
							"lerp_mode": "catmullrom"
						},
						"1.1667": [
							-12.70839,
							0.38563,
							-1.68962
						]
					}
				},
				"tail1": {
					"rotation": {
						"0.0": [
							-12.5,
							0,
							0
						],
						"0.25": {
							"pre": [
								25,
								0,
								0
							],
							"post": [
								25,
								0,
								0
							],
							"lerp_mode": "catmullrom"
						},
						"0.5": {
							"post": [
								44.19505,
								5.56124,
								-0.40332
							],
							"lerp_mode": "catmullrom"
						},
						"0.6667": {
							"post": [
								44.19505,
								5.56124,
								-0.40332
							],
							"lerp_mode": "catmullrom"
						},
						"1.0": {
							"post": [
								-26.93866,
								-3.98344,
								1.50502
							],
							"lerp_mode": "catmullrom"
						},
						"1.1667": [
							-12.5,
							0,
							0
						]
					}
				},
				"leg0": {
					"rotation": {
						"0.0": [
							-7.5,
							0,
							0
						],
						"0.25": {
							"pre": [
								-5,
								0,
								0
							],
							"post": [
								-5,
								0,
								0
							],
							"lerp_mode": "catmullrom"
						},
						"0.3333": {
							"post": [
								-33.06,
								0,
								0
							],
							"lerp_mode": "catmullrom"
						},
						"0.5": {
							"post": [
								17.5,
								0,
								0
							],
							"lerp_mode": "catmullrom"
						},
						"0.6667": {
							"post": [
								17.5,
								0,
								0
							],
							"lerp_mode": "catmullrom"
						},
						"0.875": {
							"post": [
								-35.72,
								0,
								0
							],
							"lerp_mode": "catmullrom"
						},
						"1.0": {
							"post": [
								-21.98973,
								-3.80968,
								1.4063
							],
							"lerp_mode": "catmullrom"
						},
						"1.1667": [
							-7.5,
							0,
							0
						]
					}
				},
				"leg1": {
					"rotation": {
						"0.0": [
							-7.5,
							0,
							0
						],
						"0.25": {
							"pre": [
								-21.417,
								-4.53592,
								10.02594
							],
							"post": [
								-21.417,
								-4.53592,
								10.02594
							],
							"lerp_mode": "catmullrom"
						},
						"0.3333": {
							"post": [
								-41.35803,
								-3.37099,
								0.25857
							],
							"lerp_mode": "catmullrom"
						},
						"0.5": {
							"post": [
								-9.45965,
								1.96657,
								5.81681
							],
							"lerp_mode": "catmullrom"
						},
						"0.6667": {
							"post": [
								-9.45965,
								1.96657,
								5.81681
							],
							"lerp_mode": "catmullrom"
						},
						"0.875": {
							"post": [
								-19.39922,
								0.78037,
								1.92936
							],
							"lerp_mode": "catmullrom"
						},
						"1.0": {
							"post": [
								-19.56514,
								-3.20134,
								1.10524
							],
							"lerp_mode": "catmullrom"
						},
						"1.1667": [
							-7.5,
							0,
							0
						]
					}
				},
				"shoulder0": {
					"rotation": {
						"0.0": [
							-40,
							0,
							0
						],
						"0.25": {
							"pre": [
								-47.5,
								0,
								0
							],
							"post": [
								-47.5,
								0,
								0
							],
							"lerp_mode": "catmullrom"
						},
						"0.5": {
							"post": [
								-8.87858,
								10.94315,
								1.07011
							],
							"lerp_mode": "catmullrom"
						},
						"0.6667": {
							"post": [
								-8.87858,
								10.94315,
								1.07011
							],
							"lerp_mode": "catmullrom"
						},
						"1.0": {
							"post": [
								-40,
								0,
								0
							],
							"lerp_mode": "catmullrom"
						},
						"1.1667": [
							-40,
							0,
							0
						]
					}
				},
				"shoulder1": {
					"rotation": {
						"0.0": [
							-37.3701,
							-1.27032,
							3.37193
						],
						"0.25": {
							"pre": [
								-59.32195,
								-3.32537,
								8.87198
							],
							"post": [
								-59.32195,
								-3.32537,
								8.87198
							],
							"lerp_mode": "catmullrom"
						},
						"0.5": {
							"post": [
								-22.32376,
								2.34528,
								5.95582
							],
							"lerp_mode": "catmullrom"
						},
						"0.6667": {
							"post": [
								-22.32376,
								2.34528,
								5.95582
							],
							"lerp_mode": "catmullrom"
						},
						"1.0": {
							"post": [
								-37.3701,
								-1.27032,
								3.37193
							],
							"lerp_mode": "catmullrom"
						},
						"1.1667": [
							-37.3701,
							-1.27032,
							3.37193
						]
					}
				}
			}
		}
	}
}