{
	"format_version": "1.8.0",
	"animations": {
		"animation.LUCID_Gallimimus.idle": {
			"loop": true,
			"animation_length": 4,
			"bones": {
				"body": {
					"rotation": [-5, 0, 0]
				},
				"torso": {
					"rotation": {
						"0.0": [7.5, 0, 0],
						"2.0": {
							"pre": [12.5, 0, 0],
							"post": [12.5, 0, 0],
							"lerp_mode": "catmullrom"
						},
						"4.0": [7.5, 0, 0]
					}
				},
				"neck": {
					"rotation": {
						"0.0": [10, 0, 0],
						"2.0": {
							"pre": [2.5, 0, 0],
							"post": [2.5, 0, 0],
							"lerp_mode": "catmullrom"
						},
						"4.0": [10, 0, 0]
					}
				},
				"head": {
					"rotation": {
						"0.0": [-5, 0, 0],
						"2.0": {
							"pre": [-2.81223, -1.19576, -1.3135],
							"post": [-2.81223, -1.19576, -1.3135],
							"lerp_mode": "catmullrom"
						},
						"4.0": [-5, 0, 0]
					}
				},
				"tail1": {
					"rotation": {
						"0.0": [5.07672, 9.96156, 0.88045],
						"1.0": {
							"pre": [5.01899, -4.98093, -0.43688],
							"post": [5.01899, -4.98093, -0.43688],
							"lerp_mode": "catmullrom"
						},
						"2.0": {
							"post": [5.07672, -9.96156, -0.88045],
							"lerp_mode": "catmullrom"
						},
						"3.0": {
							"post": [5.01899, 4.98093, 0.43688],
							"lerp_mode": "catmullrom"
						},
						"4.0": [5.07672, 9.96156, 0.88045]
					}
				},
				"tail2": {
					"rotation": {
						"0.0": [7.61435, 9.91358, 1.31845],
						"1.0": {
							"pre": [7.50706, -2.4786, -0.32652],
							"post": [7.50706, -2.4786, -0.32652],
							"lerp_mode": "catmullrom"
						},
						"2.0": {
							"post": [7.61435, -9.91358, -1.31845],
							"lerp_mode": "catmullrom"
						},
						"3.0": {
							"post": [7.50706, 2.4786, 0.32652],
							"lerp_mode": "catmullrom"
						},
						"4.0": [7.61435, 9.91358, 1.31845]
					}
				},
				"tail3": {
					"rotation": {
						"0.0": [-13.08619, 17.07228, -3.90399],
						"1.0": {
							"pre": [-13.08619, 17.07228, -3.90399],
							"post": [-13.08619, 17.07228, -3.90399],
							"lerp_mode": "catmullrom"
						},
						"2.0": {
							"post": [-13.08619, -17.07228, 3.90399],
							"lerp_mode": "catmullrom"
						},
						"3.0": {
							"post": [-13.08619, -17.07228, 3.90399],
							"lerp_mode": "catmullrom"
						},
						"4.0": [-13.08619, 17.07228, -3.90399]
					}
				},
				"leg0": {
					"rotation": [-12.09615, -10.09149, -2.09615]
				},
				"knee0": {
					"rotation": [60, 0, 0]
				},
				"ankle0": {
					"rotation": [-42.48072, 0.95645, 2.30991]
				},
				"toe1": {
					"rotation": [0, 27.5, 0]
				},
				"toe2": {
					"rotation": [0, -27.5, 0]
				},
				"leg1": {
					"rotation": [-12.09615, 10.0915, 2.0961]
				},
				"knee1": {
					"rotation": [60, 0, 0]
				},
				"ankle1": {
					"rotation": [-42.48072, -0.9564, -2.3099]
				},
				"toe4": {
					"rotation": [0, -27.5, 0]
				},
				"toe5": {
					"rotation": [0, 27.5, 0]
				},
				"shoulder0": {
					"rotation": {
						"0.0": [57.55407, 6.6254, -4.5911],
						"2.0": {
							"pre": [47.55407, 6.6254, -4.5911],
							"post": [47.55407, 6.6254, -4.5911],
							"lerp_mode": "catmullrom"
						},
						"4.0": [57.55407, 6.6254, -4.5911]
					}
				},
				"elbow0": {
					"rotation": {
						"0.0": [-85, 0, 0],
						"2.0": {
							"pre": [-87.5, 0, 0],
							"post": [-87.5, 0, 0],
							"lerp_mode": "catmullrom"
						},
						"4.0": [-85, 0, 0]
					}
				},
				"finger0": {
					"rotation": [17.5, 0, 0]
				},
				"finger1": {
					"rotation": [34.58897, 5.71617, -8.21888]
				},
				"finger2": {
					"rotation": [24.81197, -3.1622, 6.80423]
				},
				"shoulder1": {
					"rotation": {
						"0.0": [57.55407, -6.6254, 4.5911],
						"2.0": {
							"pre": [47.55407, -6.6254, 4.5911],
							"post": [47.55407, -6.6254, 4.5911],
							"lerp_mode": "catmullrom"
						},
						"4.0": [57.55407, -6.6254, 4.5911]
					}
				},
				"elbow1": {
					"rotation": {
						"0.0": [-85, 0, 0],
						"2.0": {
							"pre": [-87.5, 0, 0],
							"post": [-87.5, 0, 0],
							"lerp_mode": "catmullrom"
						},
						"4.0": [-85, 0, 0]
					}
				},
				"finger3": {
					"rotation": [17.5, 0, 0]
				},
				"finger4": {
					"rotation": [24.81197, -3.1622, 6.80423]
				},
				"finger5": {
					"rotation": [34.58897, 5.71617, -8.21888]
				}
			}
		},
		"animation.LUCID_Gallimimus.look": {
			"loop": true,
			"animation_length": 4,
			"bones": {
				"body": {
					"rotation": {
						"0.0": [-5, 0, 0],
						"4.0": [-5, 0, 0]
					},
					"position": {
						"0.0": [0, 0, 0],
						"0.5": {
							"pre": [0, 0, 0],
							"post": [0, 0, 0],
							"lerp_mode": "catmullrom"
						},
						"1.0": {
							"post": [0, -8, -2],
							"lerp_mode": "catmullrom"
						},
						"2.0": {
							"post": [0, -8, -2],
							"lerp_mode": "catmullrom"
						},
						"3.5": {
							"post": [0, -8, -2],
							"lerp_mode": "catmullrom"
						},
						"4.0": [0, 0, 0]
					}
				},
				"torso": {
					"rotation": {
						"0.0": [7.5, 0, 0],
						"0.5": {
							"pre": [8.63, 0, 0],
							"post": [8.63, 0, 0],
							"lerp_mode": "catmullrom"
						},
						"1.0": {
							"post": [42.55, 0, 0],
							"lerp_mode": "catmullrom"
						},
						"2.0": {
							"post": [42.55, 0, 0],
							"lerp_mode": "catmullrom"
						},
						"3.5": {
							"post": [42.55, 0, 0],
							"lerp_mode": "catmullrom"
						},
						"4.0": [7.5, 0, 0]
					}
				},
				"neck": {
					"rotation": {
						"0.0": [10, 0, 0],
						"0.5": {
							"pre": [5.78, 0, 0],
							"post": [5.78, 0, 0],
							"lerp_mode": "catmullrom"
						},
						"1.0": {
							"post": [64.05711, -1.58038, -7.44451],
							"lerp_mode": "catmullrom"
						},
						"2.0": {
							"post": [64.05711, -1.58038, -7.44451],
							"lerp_mode": "catmullrom"
						},
						"3.5": {
							"post": [64.05711, -1.58038, -7.44451],
							"lerp_mode": "catmullrom"
						},
						"4.0": [10, 0, 0]
					}
				},
				"head": {
					"rotation": {
						"0.0": [-5, 0, 0],
						"0.5": {
							"pre": [-3.77, -0.67, -0.74],
							"post": [-3.77, -0.67, -0.74],
							"lerp_mode": "catmullrom"
						},
						"1.0": {
							"post": [-17.244, 7.03308, -3.19713],
							"lerp_mode": "catmullrom"
						},
						"2.0": {
							"post": [-17.244, 7.03308, -3.19713],
							"lerp_mode": "catmullrom"
						},
						"3.5": {
							"post": [-17.244, 7.03308, -3.19713],
							"lerp_mode": "catmullrom"
						},
						"4.0": [-5, 0, 0]
					}
				},
				"tail1": {
					"rotation": {
						"0.0": [5.07672, 9.96156, 0.88045],
						"0.5": {
							"pre": [5.04, 2.8, 0.25],
							"post": [5.04, 2.8, 0.25],
							"lerp_mode": "catmullrom"
						},
						"1.0": {
							"post": [5.01899, -4.98093, -0.43688],
							"lerp_mode": "catmullrom"
						},
						"2.0": {
							"post": [5.01899, -4.98093, -0.43688],
							"lerp_mode": "catmullrom"
						},
						"3.0": {
							"post": [5.01899, 4.98093, 0.43688],
							"lerp_mode": "catmullrom"
						},
						"3.5": {
							"post": [5.01899, -4.98093, -0.43688],
							"lerp_mode": "catmullrom"
						},
						"4.0": [5.07672, 9.96156, 0.88045]
					}
				},
				"tail2": {
					"rotation": {
						"0.0": [7.61435, 9.91358, 1.31845],
						"1.0": {
							"pre": [7.50706, -2.4786, -0.32652],
							"post": [7.50706, -2.4786, -0.32652],
							"lerp_mode": "catmullrom"
						},
						"2.0": {
							"post": [7.61435, -9.91358, -1.31845],
							"lerp_mode": "catmullrom"
						},
						"3.0": {
							"post": [7.50706, 2.4786, 0.32652],
							"lerp_mode": "catmullrom"
						},
						"4.0": [7.61435, 9.91358, 1.31845]
					}
				},
				"tail3": {
					"rotation": {
						"0.0": [-13.08619, 17.07228, -3.90399],
						"1.0": {
							"pre": [-13.08619, 17.07228, -3.90399],
							"post": [-13.08619, 17.07228, -3.90399],
							"lerp_mode": "catmullrom"
						},
						"2.0": {
							"post": [-13.08619, -17.07228, 3.90399],
							"lerp_mode": "catmullrom"
						},
						"3.0": {
							"post": [-13.08619, -17.07228, 3.90399],
							"lerp_mode": "catmullrom"
						},
						"4.0": [-13.08619, 17.07228, -3.90399]
					}
				},
				"leg0": {
					"rotation": {
						"0.0": [-12.09615, -10.0915, -2.0961],
						"0.5": {
							"pre": [-12.1, -10.09, -2.1],
							"post": [-12.1, -10.09, -2.1],
							"lerp_mode": "catmullrom"
						},
						"1.0": {
							"post": [-9.6, -10.09, -2.1],
							"lerp_mode": "catmullrom"
						},
						"2.0": {
							"post": [-9.6, -10.09, -2.1],
							"lerp_mode": "catmullrom"
						},
						"3.5": {
							"post": [-9.6, -10.09, -2.1],
							"lerp_mode": "catmullrom"
						},
						"4.0": [-12.09615, -10.0915, -2.0961]
					}
				},
				"knee0": {
					"rotation": {
						"0.0": [60, 0, 0],
						"0.5": {
							"pre": [60, 0, 0],
							"post": [60, 0, 0],
							"lerp_mode": "catmullrom"
						},
						"1.0": {
							"post": [82.5, 0, 0],
							"lerp_mode": "catmullrom"
						},
						"2.0": {
							"post": [82.5, 0, 0],
							"lerp_mode": "catmullrom"
						},
						"3.5": {
							"post": [82.5, 0, 0],
							"lerp_mode": "catmullrom"
						},
						"4.0": [60, 0, 0]
					}
				},
				"ankle0": {
					"rotation": {
						"0.0": [-42.48072, 0.9564, 2.3099],
						"0.5": {
							"pre": [-42.48, 0.96, 2.31],
							"post": [-42.48, 0.96, 2.31],
							"lerp_mode": "catmullrom"
						},
						"1.0": {
							"post": [-67.48, 0.96, 2.31],
							"lerp_mode": "catmullrom"
						},
						"2.0": {
							"post": [-67.48, 0.96, 2.31],
							"lerp_mode": "catmullrom"
						},
						"3.5": {
							"post": [-67.48, 0.96, 2.31],
							"lerp_mode": "catmullrom"
						},
						"4.0": [-42.48072, 0.9564, 2.3099]
					}
				},
				"toe1": {
					"rotation": {
						"0.0": [0, 27.5, 0],
						"4.0": [0, 27.5, 0]
					}
				},
				"toe2": {
					"rotation": {
						"0.0": [0, -27.5, 0],
						"4.0": [0, -27.5, 0]
					}
				},
				"leg1": {
					"rotation": {
						"0.0": [-12.09615, 10.0915, 2.0961],
						"0.5": {
							"pre": [-12.1, 10.09, 2.1],
							"post": [-12.1, 10.09, 2.1],
							"lerp_mode": "catmullrom"
						},
						"1.0": {
							"post": [-9.6, 10.09, 2.1],
							"lerp_mode": "catmullrom"
						},
						"2.0": {
							"post": [-9.6, 10.09, 2.1],
							"lerp_mode": "catmullrom"
						},
						"3.5": {
							"post": [-9.6, 10.09, 2.1],
							"lerp_mode": "catmullrom"
						},
						"4.0": [-12.09615, 10.0915, 2.0961]
					}
				},
				"knee1": {
					"rotation": {
						"0.0": [60, 0, 0],
						"0.5": {
							"pre": [60, 0, 0],
							"post": [60, 0, 0],
							"lerp_mode": "catmullrom"
						},
						"1.0": {
							"post": [82.5, 0, 0],
							"lerp_mode": "catmullrom"
						},
						"2.0": {
							"post": [82.5, 0, 0],
							"lerp_mode": "catmullrom"
						},
						"3.5": {
							"post": [82.5, 0, 0],
							"lerp_mode": "catmullrom"
						},
						"4.0": [60, 0, 0]
					}
				},
				"ankle1": {
					"rotation": {
						"0.0": [-42.48072, -0.9564, -2.3099],
						"0.5": {
							"pre": [-42.48, -0.96, -2.31],
							"post": [-42.48, -0.96, -2.31],
							"lerp_mode": "catmullrom"
						},
						"1.0": {
							"post": [-67.48, -0.96, -2.31],
							"lerp_mode": "catmullrom"
						},
						"2.0": {
							"post": [-67.48, -0.96, -2.31],
							"lerp_mode": "catmullrom"
						},
						"3.5": {
							"post": [-67.48, -0.96, -2.31],
							"lerp_mode": "catmullrom"
						},
						"4.0": [-42.48072, -0.9564, -2.3099]
					}
				},
				"toe4": {
					"rotation": {
						"0.0": [0, -27.5, 0],
						"4.0": [0, -27.5, 0]
					}
				},
				"toe5": {
					"rotation": {
						"0.0": [0, 27.5, 0],
						"0.5": {
							"pre": [0, 27.5, 0],
							"post": [0, 27.5, 0],
							"lerp_mode": "catmullrom"
						},
						"4.0": [0, 27.5, 0]
					}
				},
				"shoulder0": {
					"rotation": {
						"0.0": [57.55407, 6.6254, -4.5911],
						"0.5": {
							"pre": [57.55407, 6.6254, -4.5911],
							"post": [57.55407, 6.6254, -4.5911],
							"lerp_mode": "catmullrom"
						},
						"1.0": {
							"post": [40.06897, 6.49116, -1.77039],
							"lerp_mode": "catmullrom"
						},
						"2.0": {
							"post": [40.06897, 6.49116, -1.77039],
							"lerp_mode": "catmullrom"
						},
						"3.5": {
							"post": [40.06897, 6.49116, -1.77039],
							"lerp_mode": "catmullrom"
						},
						"4.0": [57.55407, 6.6254, -4.5911]
					}
				},
				"elbow0": {
					"rotation": {
						"0.0": [-85, 0, 0],
						"0.5": {
							"pre": [-85, 0, 0],
							"post": [-85, 0, 0],
							"lerp_mode": "catmullrom"
						},
						"1.0": {
							"post": [-116.41, 0, 0],
							"lerp_mode": "catmullrom"
						},
						"2.0": {
							"post": [-116.41, 0, 0],
							"lerp_mode": "catmullrom"
						},
						"3.5": {
							"post": [-116.41, 0, 0],
							"lerp_mode": "catmullrom"
						},
						"4.0": [-85, 0, 0]
					}
				},
				"finger0": {
					"rotation": {
						"0.0": [17.5, 0, 0],
						"4.0": [17.5, 0, 0]
					}
				},
				"finger1": {
					"rotation": {
						"0.0": [34.58897, 5.71617, -8.21888],
						"4.0": [34.58897, 5.71617, -8.21888]
					}
				},
				"finger2": {
					"rotation": {
						"0.0": [24.81197, -3.1622, 6.80423],
						"4.0": [24.81197, -3.1622, 6.80423]
					}
				},
				"shoulder1": {
					"rotation": {
						"0.0": [57.55407, -6.6254, 4.5911],
						"0.5": {
							"pre": [57.55407, -6.6254, 4.5911],
							"post": [57.55407, -6.6254, 4.5911],
							"lerp_mode": "catmullrom"
						},
						"1.0": {
							"post": [40.06897, -6.49116, 1.77039],
							"lerp_mode": "catmullrom"
						},
						"2.0": {
							"post": [40.06897, -6.49116, 1.77039],
							"lerp_mode": "catmullrom"
						},
						"3.5": {
							"post": [40.06897, -6.49116, 1.77039],
							"lerp_mode": "catmullrom"
						},
						"4.0": [57.55407, -6.6254, 4.5911]
					}
				},
				"elbow1": {
					"rotation": {
						"0.0": [-85, 0, 0],
						"0.5": {
							"pre": [-85, 0, 0],
							"post": [-85, 0, 0],
							"lerp_mode": "catmullrom"
						},
						"1.0": {
							"post": [-116.41, 0, 0],
							"lerp_mode": "catmullrom"
						},
						"2.0": {
							"post": [-116.41, 0, 0],
							"lerp_mode": "catmullrom"
						},
						"3.5": {
							"post": [-116.41, 0, 0],
							"lerp_mode": "catmullrom"
						},
						"4.0": [-85, 0, 0]
					}
				},
				"finger3": {
					"rotation": {
						"0.0": [17.5, 0, 0],
						"4.0": [17.5, 0, 0]
					}
				},
				"finger4": {
					"rotation": {
						"0.0": [24.81197, -3.1622, 6.80423],
						"4.0": [24.81197, -3.1622, 6.80423]
					}
				},
				"finger5": {
					"rotation": {
						"0.0": [34.58897, 5.71617, -8.21888],
						"4.0": [34.58897, 5.71617, -8.21888]
					}
				}
			}
		},
		"animation.LUCID_Gallimimus.sleep_start": {
			"loop": "hold_on_last_frame",
			"animation_length": 0.5,
			"bones": {
				"body": {
					"rotation": [-5, 0, 0],
					"position": {
						"0.0": [0, 0, 0],
						"0.5": [0, -23, 17]
					}
				},
				"torso": {
					"rotation": [7.5, 0, 0]
				},
				"neck": {
					"rotation": {
						"0.0": [10, 0, 0],
						"0.3333": {
							"pre": [97.14526, -5.25075, 2.39654],
							"post": [97.14526, -5.25075, 2.39654],
							"lerp_mode": "catmullrom"
						},
						"0.5": [84.46789, -7.87613, 3.59482]
					},
					"position": {
						"0.0": [0, 0, 0],
						"0.5": [0, -7, 0]
					}
				},
				"head": {
					"rotation": {
						"0.0": [-5, 0, 0],
						"0.3333": {
							"pre": [-81.67, 0, 0],
							"post": [-81.67, 0, 0],
							"lerp_mode": "catmullrom"
						},
						"0.5": [-75, 0, 0]
					}
				},
				"shoulder0": {
					"rotation": {
						"0.0": [57.55407, 6.6254, -4.5911],
						"0.5": [-4.94593, 6.6254, -4.5911]
					}
				},
				"elbow0": {
					"rotation": {
						"0.0": [-85, 0, 0],
						"0.5": [-80, 0, 0]
					}
				},
				"wrist0": {
					"rotation": {
						"0.0": [0, 0, 0],
						"0.5": [-10, 0, 0]
					}
				},
				"finger0": {
					"rotation": [17.5, 0, 0]
				},
				"finger1": {
					"rotation": {
						"0.0": [34.58897, 5.71617, -8.21888],
						"0.5": [0, 0, -15]
					}
				},
				"finger2": {
					"rotation": {
						"0.0": [24.81197, -3.1622, 6.80423],
						"0.5": [0, 0, 12.5]
					}
				},
				"shoulder1": {
					"rotation": {
						"0.0": [57.55407, -6.6254, 4.5911],
						"0.5": [-4.94593, -6.6254, 4.5911]
					}
				},
				"elbow1": {
					"rotation": {
						"0.0": [-85, 0, 0],
						"0.5": [-82.5, 0, 0]
					}
				},
				"wrist1": {
					"rotation": {
						"0.0": [0, 0, 0],
						"0.5": [-10, 0, 0]
					}
				},
				"finger3": {
					"rotation": [17.5, 0, 0]
				},
				"finger4": {
					"rotation": {
						"0.0": [24.81197, -3.1622, 6.80423],
						"0.5": [0, 0, 12.5]
					}
				},
				"finger5": {
					"rotation": {
						"0.0": [34.58897, 5.71617, -8.21888],
						"0.5": [0, 0, -22.5]
					}
				},
				"tail1": {
					"rotation": {
						"0.0": [5.07672, 9.96156, 0.88045],
						"0.25": {
							"pre": [-4.96555, -7.47217, 0.64734],
							"post": [-4.96555, -7.47217, 0.64734],
							"lerp_mode": "catmullrom"
						},
						"0.5": [-14.92328, -9.96156, -0.88045]
					}
				},
				"tail2": {
					"rotation": {
						"0.0": [7.61435, 9.91358, 1.31845],
						"0.25": {
							"pre": [7.79698, 12.38802, 1.68261],
							"post": [7.79698, 12.38802, 1.68261],
							"lerp_mode": "catmullrom"
						},
						"0.5": [7.61435, -9.91358, -1.31845]
					}
				},
				"tail3": {
					"rotation": {
						"0.0": [-13.08619, 17.07228, -3.90399],
						"0.25": {
							"pre": [-8.04371, 14.98762, 0.61522],
							"post": [-8.04371, 14.98762, 0.61522],
							"lerp_mode": "catmullrom"
						},
						"0.5": [-3.08619, -17.07228, 3.90399]
					}
				},
				"leg0": {
					"rotation": {
						"0.0": [-12.09615, -10.09149, -2.09615],
						"0.5": [-59.59615, -10.09149, -2.09615]
					},
					"position": {
						"0.0": [0, 0, 0],
						"0.5": [0, 0, 6]
					}
				},
				"knee0": {
					"rotation": {
						"0.0": [60, 0, 0],
						"0.5": [100, 0, 0]
					},
					"position": [0, 0, 1]
				},
				"ankle0": {
					"rotation": {
						"0.0": [-42.48072, 0.95645, 2.30991],
						"0.5": [-109.98072, 0.95645, 2.30991]
					}
				},
				"foot0": {
					"rotation": {
						"0.0": [0, 0, 0],
						"0.5": [82.1183, 16.76706, 11.63689]
					},
					"position": {
						"0.0": [0, 0, 0],
						"0.5": [0, 0, 3]
					}
				},
				"toe1": {
					"rotation": [0, 27.5, 0]
				},
				"toe2": {
					"rotation": {
						"0.0": [0, -27.5, 0],
						"0.5": [0, -12.5, 0]
					}
				},
				"leg1": {
					"rotation": {
						"0.0": [-12.09615, 10.09149, 2.09615],
						"0.5": [-59.59615, 10.09149, 2.09615]
					},
					"position": {
						"0.0": [0, 0, 0],
						"0.5": [0, 0, 6]
					}
				},
				"knee1": {
					"rotation": {
						"0.0": [60, 0, 0],
						"0.5": [100, 0, 0]
					},
					"position": [0, 0, 2]
				},
				"ankle1": {
					"rotation": {
						"0.0": [-42.48072, -0.95645, -2.30991],
						"0.5": [-114.98072, -0.95645, -2.30991]
					}
				},
				"foot1": {
					"rotation": {
						"0.0": [0, 0, 0],
						"0.5": [82.1183, -16.76706, -11.63689]
					},
					"position": {
						"0.0": [0, 0, 0],
						"0.5": [0, 0, 3]
					}
				},
				"toe4": {
					"rotation": [0, -27.5, 0]
				},
				"toe5": {
					"rotation": {
						"0.0": [0, 27.5, 0],
						"0.5": [0, 17.5, 0]
					}
				}
			}
		},
		"animation.LUCID_Gallimimus.sleeping": {
			"loop": true,
			"bones": {
				"body": {
					"position": [0, -23, 17]
				},
				"neck": {
					"rotation": ["84.4679+math.cos(q.anim_time*100)*2.5", "-7.8761+math.cos(q.anim_time*100)*1.5", 3.59482],
					"position": [0, -7, 0]
				},
				"head": {
					"rotation": ["-75+math.cos(q.anim_time*120)*-2.5", 0, 0]
				},
				"shoulder0": {
					"rotation": [-4.94593, "6.6254+math.cos(q.anim_time*120)*-2.5", -4.5911]
				},
				"elbow0": {
					"rotation": [-80, 0, 0]
				},
				"wrist0": {
					"rotation": [-10, 0, 0]
				},
				"finger1": {
					"rotation": [0, 0, -15]
				},
				"finger2": {
					"rotation": [0, 0, 12.5]
				},
				"shoulder1": {
					"rotation": [-4.94593, "-6.6254+math.cos(q.anim_time*120)*2.5", 4.5911]
				},
				"elbow1": {
					"rotation": [-82.5, 0, 0]
				},
				"wrist1": {
					"rotation": [-10, 0, 0]
				},
				"finger4": {
					"rotation": [0, 0, 12.5]
				},
				"finger5": {
					"rotation": [0, 0, -22.5]
				},
				"tail1": {
					"rotation": [-14.92328, "-9.9616+math.cos(q.anim_time*100)*10", -0.88045]
				},
				"tail2": {
					"rotation": [7.61435, "-9.9136+math.cos(q.anim_time*100)*10", -1.31845]
				},
				"tail3": {
					"rotation": [-3.08619, "-17.0723+math.cos(q.anim_time*100)*10", 3.90399]
				},
				"leg0": {
					"rotation": [-59.59615, -10.09149, -2.09615],
					"position": [0, 0, 6]
				},
				"knee0": {
					"rotation": [100, 0, 0],
					"position": [0, 0, 1]
				},
				"ankle0": {
					"rotation": [-109.98072, 0.95645, 2.30991]
				},
				"foot0": {
					"rotation": [82.1183, 16.76706, 11.63689],
					"position": [0, 0, 3]
				},
				"toe2": {
					"rotation": [0, -12.5, 0]
				},
				"leg1": {
					"rotation": [-59.59615, 10.09149, 2.09615],
					"position": [0, 0, 6]
				},
				"knee1": {
					"rotation": [100, 0, 0],
					"position": [0, 0, 2]
				},
				"ankle1": {
					"rotation": [-114.98072, -0.95645, -2.30991]
				},
				"foot1": {
					"rotation": [82.1183, -16.76706, -11.63689],
					"position": [0, 0, 3]
				},
				"toe5": {
					"rotation": [0, 17.5, 0]
				}
			},
			"particle_effects": {
				"0.0": {
					"effect": "sleep_locator",
					"locator": "sleep_locator"
				}
			}
		},
		"animation.LUCID_Gallimimus.sleep_end": {
			"loop": "hold_on_last_frame",
			"animation_length": 0.5,
			"bones": {
				"body": {
					"rotation": [-5, 0, 0],
					"position": {
						"0.0": [0, -23, 17],
						"0.5": [0, 0, 0]
					}
				},
				"torso": {
					"rotation": [7.5, 0, 0]
				},
				"neck": {
					"rotation": {
						"0.0": [84.46789, -7.87613, 3.59482],
						"0.2917": {
							"pre": [68.52829, -3.28172, 1.49784],
							"post": [68.52829, -3.28172, 1.49784],
							"lerp_mode": "catmullrom"
						},
						"0.5": [10, 0, 0]
					},
					"position": {
						"0.0": [0, -7, 0],
						"0.5": [0, 0, 0]
					}
				},
				"head": {
					"rotation": {
						"0.0": [-75, 0, 0],
						"0.2917": {
							"pre": [-6.67, 0, 0],
							"post": [-6.67, 0, 0],
							"lerp_mode": "catmullrom"
						},
						"0.5": [-5, 0, 0]
					}
				},
				"shoulder0": {
					"rotation": {
						"0.0": [-4.94593, 6.6254, -4.5911],
						"0.5": [57.55407, 6.6254, -4.5911]
					}
				},
				"elbow0": {
					"rotation": {
						"0.0": [-80, 0, 0],
						"0.5": [-85, 0, 0]
					}
				},
				"wrist0": {
					"rotation": {
						"0.0": [-10, 0, 0],
						"0.5": [0, 0, 0]
					}
				},
				"finger0": {
					"rotation": [17.5, 0, 0]
				},
				"finger1": {
					"rotation": {
						"0.0": [0, 0, -15],
						"0.5": [34.58897, 5.71617, -8.21888]
					}
				},
				"finger2": {
					"rotation": {
						"0.0": [0, 0, 12.5],
						"0.5": [24.81197, -3.1622, 6.80423]
					}
				},
				"shoulder1": {
					"rotation": {
						"0.0": [-4.94593, -6.6254, 4.5911],
						"0.5": [57.55407, -6.6254, 4.5911]
					}
				},
				"elbow1": {
					"rotation": {
						"0.0": [-82.5, 0, 0],
						"0.5": [-85, 0, 0]
					}
				},
				"wrist1": {
					"rotation": {
						"0.0": [-10, 0, 0],
						"0.5": [0, 0, 0]
					}
				},
				"finger3": {
					"rotation": [17.5, 0, 0]
				},
				"finger4": {
					"rotation": {
						"0.0": [0, 0, 12.5],
						"0.5": [24.81197, -3.1622, 6.80423]
					}
				},
				"finger5": {
					"rotation": {
						"0.0": [0, 0, -22.5],
						"0.5": [34.58897, 5.71617, -8.21888]
					}
				},
				"tail1": {
					"rotation": {
						"0.0": [-14.92328, -9.96156, -0.88045],
						"0.25": {
							"pre": [-4.96555, 7.47217, -0.64734],
							"post": [-4.96555, 7.47217, -0.64734],
							"lerp_mode": "catmullrom"
						},
						"0.5": [5.07672, 9.96156, 0.88045]
					}
				},
				"tail2": {
					"rotation": {
						"0.0": [7.61435, -9.91358, -1.31845],
						"0.25": {
							"pre": [7.79698, -12.38802, -1.68261],
							"post": [7.79698, -12.38802, -1.68261],
							"lerp_mode": "catmullrom"
						},
						"0.5": [7.61435, 9.91358, 1.31845]
					}
				},
				"tail3": {
					"rotation": {
						"0.0": [-3.08619, -17.07228, 3.90399],
						"0.25": {
							"pre": [-8.04371, -14.98762, -0.61522],
							"post": [-8.04371, -14.98762, -0.61522],
							"lerp_mode": "catmullrom"
						},
						"0.5": [-13.08619, 17.07228, -3.90399]
					}
				},
				"leg0": {
					"rotation": {
						"0.0": [-59.59615, -10.09149, -2.09615],
						"0.5": [-12.09615, -10.09149, -2.09615]
					},
					"position": {
						"0.0": [0, 0, 6],
						"0.5": [0, 0, 0]
					}
				},
				"knee0": {
					"rotation": {
						"0.0": [100, 0, 0],
						"0.5": [60, 0, 0]
					},
					"position": [0, 0, 1]
				},
				"ankle0": {
					"rotation": {
						"0.0": [-109.98072, 0.95645, 2.30991],
						"0.5": [-42.48072, 0.95645, 2.30991]
					}
				},
				"foot0": {
					"rotation": {
						"0.0": [82.1183, 16.76706, 11.63689],
						"0.5": [0, 0, 0]
					},
					"position": {
						"0.0": [0, 0, 3],
						"0.5": [0, 0, 0]
					}
				},
				"toe1": {
					"rotation": [0, 27.5, 0]
				},
				"toe2": {
					"rotation": {
						"0.0": [0, -12.5, 0],
						"0.5": [0, -27.5, 0]
					}
				},
				"leg1": {
					"rotation": {
						"0.0": [-59.59615, 10.09149, 2.09615],
						"0.5": [-12.09615, 10.09149, 2.09615]
					},
					"position": {
						"0.0": [0, 0, 6],
						"0.5": [0, 0, 0]
					}
				},
				"knee1": {
					"rotation": {
						"0.0": [100, 0, 0],
						"0.5": [60, 0, 0]
					},
					"position": [0, 0, 2]
				},
				"ankle1": {
					"rotation": {
						"0.0": [-114.98072, -0.95645, -2.30991],
						"0.5": [-42.48072, -0.95645, -2.30991]
					}
				},
				"foot1": {
					"rotation": {
						"0.0": [82.1183, -16.76706, -11.63689],
						"0.5": [0, 0, 0]
					},
					"position": {
						"0.0": [0, 0, 3],
						"0.5": [0, 0, 0]
					}
				},
				"toe4": {
					"rotation": [0, -27.5, 0]
				},
				"toe5": {
					"rotation": {
						"0.0": [0, 17.5, 0],
						"0.5": [0, 27.5, 0]
					}
				}
			}
		},
		"animation.LUCID_Gallimimus.walk": {
			"loop": true,
			"animation_length": 1,
			"bones": {
				"body": {
					"rotation": {
						"0.0": [-14.61801, -6.04458, 1.20124],
						"0.25": {
							"pre": [-16.8849, -2.58488, -4.21666],
							"post": [-16.8849, -2.58488, -4.21666],
							"lerp_mode": "catmullrom"
						},
						"0.5": {
							"post": [-14.53828, 1.21462, -0.68692],
							"lerp_mode": "catmullrom"
						},
						"0.75": {
							"post": [-16.8849, 2.58488, 4.21666],
							"lerp_mode": "catmullrom"
						},
						"1.0": [-14.61801, -6.04458, 1.20124]
					},
					"position": {
						"0.0": [0, 0, 0],
						"0.25": {
							"pre": [0, 4, 0],
							"post": [0, 4, 0],
							"lerp_mode": "catmullrom"
						},
						"0.5": {
							"post": [0, 0, 0],
							"lerp_mode": "catmullrom"
						},
						"0.75": {
							"post": [0, 4, 0],
							"lerp_mode": "catmullrom"
						},
						"1.0": [0, 0, 0]
					}
				},
				"torso": {
					"rotation": {
						"0.0": [-4.84844, 1.26803, -0.12441],
						"0.25": {
							"pre": [4.86997, -1.41096, 3.00753],
							"post": [4.86997, -1.41096, 3.00753],
							"lerp_mode": "catmullrom"
						},
						"0.5": {
							"post": [-4.85747, -3.71407, 0.29855],
							"lerp_mode": "catmullrom"
						},
						"0.75": {
							"post": [4.86997, 1.41096, -3.00753],
							"lerp_mode": "catmullrom"
						},
						"1.0": [-4.84844, 1.26803, -0.12441]
					}
				},
				"neck": {
					"rotation": {
						"0.0": [36.4279, 6.65671, 1.09895],
						"0.25": {
							"pre": [33.79681, -0.34008, 2.55413],
							"post": [33.79681, -0.34008, 2.55413],
							"lerp_mode": "catmullrom"
						},
						"0.5": {
							"post": [36.4279, 6.65671, 1.09895],
							"lerp_mode": "catmullrom"
						},
						"0.75": {
							"post": [33.79681, 0.34008, -2.55413],
							"lerp_mode": "catmullrom"
						},
						"1.0": [36.4279, 6.65671, 1.09895]
					}
				},
				"head": {
					"rotation": {
						"0.0": [-7.5, 0, 0],
						"0.25": {
							"pre": [-14.74521, 1.15395, -1.51467],
							"post": [-14.74521, 1.15395, -1.51467],
							"lerp_mode": "catmullrom"
						},
						"0.5": {
							"post": [-7.5, 0, 0],
							"lerp_mode": "catmullrom"
						},
						"0.75": {
							"post": [-14.74521, 1.15395, -1.51467],
							"lerp_mode": "catmullrom"
						},
						"1.0": [-7.5, 0, 0]
					}
				},
				"shoulder0": {
					"rotation": {
						"0.0": [47.5, 0, 0],
						"0.25": {
							"pre": [41.84438, 1.19434, -2.75605],
							"post": [41.84438, 1.19434, -2.75605],
							"lerp_mode": "catmullrom"
						},
						"0.5": {
							"post": [47.5, 0, 0],
							"lerp_mode": "catmullrom"
						},
						"0.75": {
							"post": [51.84438, -1.19434, 2.75605],
							"lerp_mode": "catmullrom"
						},
						"1.0": [47.5, 0, 0]
					}
				},
				"elbow0": {
					"rotation": {
						"0.0": [-75.71737, 4.84459, 13.90195],
						"0.25": {
							"pre": [-87.83277, 5.8567, 14.5934],
							"post": [-87.83277, 5.8567, 14.5934],
							"lerp_mode": "catmullrom"
						},
						"0.5": {
							"post": [-75.71737, 4.84459, 13.90195],
							"lerp_mode": "catmullrom"
						},
						"0.75": {
							"post": [-87.83277, 5.8567, 14.5934],
							"lerp_mode": "catmullrom"
						},
						"1.0": [-75.71737, 4.84459, 13.90195]
					}
				},
				"wrist0": {
					"rotation": [87.5, 0, 0],
					"position": [0, 2, -3]
				},
				"shoulder1": {
					"rotation": {
						"0.0": [47.5, 0, 0],
						"0.25": {
							"pre": [51.84438, 1.19434, -2.75605],
							"post": [51.84438, 1.19434, -2.75605],
							"lerp_mode": "catmullrom"
						},
						"0.5": {
							"post": [47.5, 0, 0],
							"lerp_mode": "catmullrom"
						},
						"0.75": {
							"post": [41.84438, 1.19434, -2.75605],
							"lerp_mode": "catmullrom"
						},
						"1.0": [47.5, 0, 0]
					}
				},
				"elbow1": {
					"rotation": {
						"0.0": [-75.71737, 4.84459, 13.90195],
						"0.25": {
							"pre": [-87.83277, 5.8567, 14.5934],
							"post": [-87.83277, 5.8567, 14.5934],
							"lerp_mode": "catmullrom"
						},
						"0.5": {
							"post": [-75.71737, 4.84459, 13.90195],
							"lerp_mode": "catmullrom"
						},
						"0.75": {
							"post": [-87.83277, 5.8567, 14.5934],
							"lerp_mode": "catmullrom"
						},
						"1.0": [-75.71737, 4.84459, 13.90195]
					}
				},
				"wrist1": {
					"rotation": [87.5, 0, 0],
					"position": [0, 2, -3]
				},
				"tail1": {
					"rotation": {
						"0.0": [0, 0, 0],
						"0.25": {
							"pre": [0, -7.5, 0],
							"post": [0, -7.5, 0],
							"lerp_mode": "catmullrom"
						},
						"0.5": {
							"post": [0, 0, 0],
							"lerp_mode": "catmullrom"
						},
						"0.75": {
							"post": [0, 7.5, 0],
							"lerp_mode": "catmullrom"
						},
						"1.0": [0, 0, 0]
					}
				},
				"tail2": {
					"rotation": {
						"0.0": [0.06687, 12.4196, 0.63855],
						"0.25": {
							"pre": [-0.18045, 5.21688, -1.46994],
							"post": [-0.18045, 5.21688, -1.46994],
							"lerp_mode": "catmullrom"
						},
						"0.5": {
							"post": [0.06687, -12.4196, -0.63855],
							"lerp_mode": "catmullrom"
						},
						"0.75": {
							"post": [-0.18045, -5.21688, 1.46994],
							"lerp_mode": "catmullrom"
						},
						"1.0": [0.06687, 12.4196, 0.63855]
					}
				},
				"tail3": {
					"rotation": {
						"0.0": [-0.21962, 9.76392, 1.83188],
						"0.25": {
							"pre": [-0.1332, 12.15269, 2.58089],
							"post": [-0.1332, 12.15269, 2.58089],
							"lerp_mode": "catmullrom"
						},
						"0.5": {
							"post": [-0.21962, -9.76392, -1.83188],
							"lerp_mode": "catmullrom"
						},
						"0.75": {
							"post": [-0.1332, -12.15269, -2.58089],
							"lerp_mode": "catmullrom"
						},
						"1.0": [-0.21962, 9.76392, 1.83188]
					}
				},
				"bone3": {
					"rotation": [15, 0, 0]
				},
				"leg0": {
					"rotation": {
						"0.0": [7.5, 0, 0],
						"0.25": {
							"pre": [-15.01361, 0.37977, 0.2711],
							"post": [-15.01361, 0.37977, 0.2711],
							"lerp_mode": "catmullrom"
						},
						"0.5": {
							"post": [-32.27733, -4.02155, -6.33586],
							"lerp_mode": "catmullrom"
						},
						"0.75": {
							"post": [-14.93882, -1.56095, -6.97419],
							"lerp_mode": "catmullrom"
						},
						"1.0": [7.5, 0, 0]
					}
				},
				"knee0": {
					"rotation": {
						"0.0": [55, 0, 0],
						"0.25": {
							"pre": [85, 0, 0],
							"post": [85, 0, 0],
							"lerp_mode": "catmullrom"
						},
						"0.5": {
							"post": [50, 0, 0],
							"lerp_mode": "catmullrom"
						},
						"0.75": {
							"post": [47.5067, 0.13308, -0.12853],
							"lerp_mode": "catmullrom"
						},
						"1.0": [55, 0, 0]
					}
				},
				"ankle0": {
					"rotation": {
						"0.0": [-30, 0, 0],
						"0.25": {
							"pre": [-85, 0, 0],
							"post": [-85, 0, 0],
							"lerp_mode": "catmullrom"
						},
						"0.5": {
							"post": [-50.64899, 6.14057, 8.78969],
							"lerp_mode": "catmullrom"
						},
						"0.75": {
							"post": [-32.54507, 1.77334, 1.20771],
							"lerp_mode": "catmullrom"
						},
						"1.0": [-30, 0, 0]
					}
				},
				"foot0": {
					"rotation": {
						"0.0": [15, 0, 0],
						"0.25": {
							"pre": [82.33645, 3.24819, 2.9271],
							"post": [82.33645, 3.24819, 2.9271],
							"lerp_mode": "catmullrom"
						},
						"0.5": {
							"post": [34.85902, 4.1593, 0.66664],
							"lerp_mode": "catmullrom"
						},
						"0.75": {
							"post": [2.35902, 4.1593, 0.66664],
							"lerp_mode": "catmullrom"
						},
						"1.0": [15, 0, 0]
					},
					"position": {
						"0.0": [0, 0, 0],
						"0.25": {
							"pre": [0, 0, 3],
							"post": [0, 0, 3],
							"lerp_mode": "catmullrom"
						},
						"0.5": {
							"post": [0, 0, 3],
							"lerp_mode": "catmullrom"
						},
						"0.75": {
							"post": [0, 0, 3],
							"lerp_mode": "catmullrom"
						},
						"1.0": [0, 0, 0]
					}
				},
				"toe1": {
					"rotation": [0, 15, 0]
				},
				"toe2": {
					"rotation": [0, -15, 0]
				},
				"bone7": {
					"rotation": [15, 0, 0]
				},
				"leg1": {
					"rotation": {
						"0.0": [-32.27733, 4.02155, 6.33586],
						"0.25": {
							"pre": [-14.93882, 1.56095, 6.97419],
							"post": [-14.93882, 1.56095, 6.97419],
							"lerp_mode": "catmullrom"
						},
						"0.5": {
							"post": [7.5, 0, 0],
							"lerp_mode": "catmullrom"
						},
						"0.75": {
							"post": [-15.01361, -0.37977, -0.2711],
							"lerp_mode": "catmullrom"
						},
						"1.0": [-32.27733, 4.02155, 6.33586]
					}
				},
				"knee1": {
					"rotation": {
						"0.0": [50, 0, 0],
						"0.25": {
							"pre": [47.5067, -0.13308, 0.12853],
							"post": [47.5067, -0.13308, 0.12853],
							"lerp_mode": "catmullrom"
						},
						"0.5": {
							"post": [55, 0, 0],
							"lerp_mode": "catmullrom"
						},
						"0.75": {
							"post": [85, 0, 0],
							"lerp_mode": "catmullrom"
						},
						"1.0": [50, 0, 0]
					}
				},
				"ankle1": {
					"rotation": {
						"0.0": [-50.64899, -6.14057, -8.78969],
						"0.25": {
							"pre": [-32.54507, -1.77334, -1.20771],
							"post": [-32.54507, -1.77334, -1.20771],
							"lerp_mode": "catmullrom"
						},
						"0.5": {
							"post": [-30, 0, 0],
							"lerp_mode": "catmullrom"
						},
						"0.75": {
							"post": [-85, 0, 0],
							"lerp_mode": "catmullrom"
						},
						"1.0": [-50.64899, -6.14057, -8.78969]
					}
				},
				"foot1": {
					"rotation": {
						"0.0": [34.85902, -4.1593, -0.66664],
						"0.25": {
							"pre": [2.35902, -4.1593, -0.66664],
							"post": [2.35902, -4.1593, -0.66664],
							"lerp_mode": "catmullrom"
						},
						"0.5": {
							"post": [15, 0, 0],
							"lerp_mode": "catmullrom"
						},
						"0.75": {
							"post": [82.33645, -3.24819, -2.9271],
							"lerp_mode": "catmullrom"
						},
						"1.0": [34.85902, -4.1593, -0.66664]
					},
					"position": {
						"0.0": [0, 0, 3],
						"0.25": {
							"pre": [0, 0, 3],
							"post": [0, 0, 3],
							"lerp_mode": "catmullrom"
						},
						"0.5": {
							"post": [0, 0, 0],
							"lerp_mode": "catmullrom"
						},
						"0.75": {
							"post": [0, 0, 3],
							"lerp_mode": "catmullrom"
						},
						"1.0": [0, 0, 3]
					}
				},
				"toe4": {
					"rotation": [0, -15, 0]
				},
				"toe5": {
					"rotation": [0, 15, 0]
				}
			}
		},
		"animation.LUCID_Gallimimus.run": {
			"loop": true,
			"animation_length": 0.75,
			"bones": {
				"body": {
					"rotation": {
						"0.0": [-10, 0, 0],
						"0.125": {
							"pre": [-10, 0, 0],
							"post": [-10, 0, 0],
							"lerp_mode": "catmullrom"
						},
						"0.25": {
							"post": [-9.91615, -1.29876, -7.38733],
							"lerp_mode": "catmullrom"
						},
						"0.375": {
							"post": [-10, 0, 0],
							"lerp_mode": "catmullrom"
						},
						"0.5": {
							"post": [-10, 0, 0],
							"lerp_mode": "catmullrom"
						},
						"0.625": {
							"post": [-9.91615, 1.29876, 7.38733],
							"lerp_mode": "catmullrom"
						},
						"0.75": [-10, 0, 0]
					},
					"position": {
						"0.0": [0, 0, 0],
						"0.125": {
							"pre": [0, 3, -3],
							"post": [0, 3, -3],
							"lerp_mode": "catmullrom"
						},
						"0.25": {
							"post": [0, 6, -4],
							"lerp_mode": "catmullrom"
						},
						"0.375": {
							"post": [0, 0, 0],
							"lerp_mode": "catmullrom"
						},
						"0.5": {
							"post": [0, 3, -3],
							"lerp_mode": "catmullrom"
						},
						"0.625": {
							"post": [0, 6, -4],
							"lerp_mode": "catmullrom"
						},
						"0.75": [0, 0, 0]
					}
				},
				"torso": {
					"rotation": {
						"0.0": [7.5, 0, 0],
						"0.125": {
							"pre": [12.5, 0, 0],
							"post": [12.5, 0, 0],
							"lerp_mode": "catmullrom"
						},
						"0.25": {
							"post": [14.78073, -1.9171, 5.64342],
							"lerp_mode": "catmullrom"
						},
						"0.375": {
							"post": [7.5, 0, 0],
							"lerp_mode": "catmullrom"
						},
						"0.5": {
							"post": [12.5, 0, 0],
							"lerp_mode": "catmullrom"
						},
						"0.625": {
							"post": [14.78073, 1.9171, -5.64342],
							"lerp_mode": "catmullrom"
						},
						"0.75": [7.5, 0, 0]
					}
				},
				"neck": {
					"rotation": {
						"0.0": [37.5, 0, 0],
						"0.125": {
							"pre": [32.5, 0, 0],
							"post": [32.5, 0, 0],
							"lerp_mode": "catmullrom"
						},
						"0.25": {
							"post": [30, 0, 0],
							"lerp_mode": "catmullrom"
						},
						"0.375": {
							"post": [37.5, 0, 0],
							"lerp_mode": "catmullrom"
						},
						"0.5": {
							"post": [32.5, 0, 0],
							"lerp_mode": "catmullrom"
						},
						"0.625": {
							"post": [30, 0, 0],
							"lerp_mode": "catmullrom"
						},
						"0.75": [37.5, 0, 0]
					}
				},
				"head": {
					"rotation": {
						"0.0": [-27.5, 0, 0],
						"0.125": {
							"pre": [-25, 0, 0],
							"post": [-25, 0, 0],
							"lerp_mode": "catmullrom"
						},
						"0.25": {
							"post": [-23.75, 0, 0],
							"lerp_mode": "catmullrom"
						},
						"0.375": {
							"post": [-27.5, 0, 0],
							"lerp_mode": "catmullrom"
						},
						"0.5": {
							"post": [-25, 0, 0],
							"lerp_mode": "catmullrom"
						},
						"0.625": {
							"post": [-23.75, 0, 0],
							"lerp_mode": "catmullrom"
						},
						"0.75": [-27.5, 0, 0]
					}
				},
				"shoulder0": {
					"rotation": {
						"0.0": [10, 0, 0],
						"0.125": {
							"pre": [15, 0, 0],
							"post": [15, 0, 0],
							"lerp_mode": "catmullrom"
						},
						"0.25": {
							"post": [22.5, 0, 0],
							"lerp_mode": "catmullrom"
						},
						"0.375": {
							"post": [10, 0, 0],
							"lerp_mode": "catmullrom"
						},
						"0.5": {
							"post": [15, 0, 0],
							"lerp_mode": "catmullrom"
						},
						"0.625": {
							"post": [22.5, 0, 0],
							"lerp_mode": "catmullrom"
						},
						"0.75": [10, 0, 0]
					}
				},
				"elbow0": {
					"rotation": {
						"0.0": [-80, 0, 0],
						"0.125": {
							"pre": [-75, 0, 0],
							"post": [-75, 0, 0],
							"lerp_mode": "catmullrom"
						},
						"0.25": {
							"post": [-85, 0, 0],
							"lerp_mode": "catmullrom"
						},
						"0.375": {
							"post": [-80, 0, 0],
							"lerp_mode": "catmullrom"
						},
						"0.5": {
							"post": [-75, 0, 0],
							"lerp_mode": "catmullrom"
						},
						"0.625": {
							"post": [-85, 0, 0],
							"lerp_mode": "catmullrom"
						},
						"0.75": [-80, 0, 0]
					}
				},
				"wrist0": {
					"rotation": [79.76738, 7.1125, 11.36619],
					"position": [0, 3, -2]
				},
				"shoulder1": {
					"rotation": {
						"0.0": [10, 0, 0],
						"0.125": {
							"pre": [15, 0, 0],
							"post": [15, 0, 0],
							"lerp_mode": "catmullrom"
						},
						"0.25": {
							"post": [22.5, 0, 0],
							"lerp_mode": "catmullrom"
						},
						"0.375": {
							"post": [10, 0, 0],
							"lerp_mode": "catmullrom"
						},
						"0.5": {
							"post": [15, 0, 0],
							"lerp_mode": "catmullrom"
						},
						"0.625": {
							"post": [22.5, 0, 0],
							"lerp_mode": "catmullrom"
						},
						"0.75": [10, 0, 0]
					}
				},
				"elbow1": {
					"rotation": {
						"0.0": [-80, 0, 0],
						"0.125": {
							"pre": [-75, 0, 0],
							"post": [-75, 0, 0],
							"lerp_mode": "catmullrom"
						},
						"0.25": {
							"post": [-85, 0, 0],
							"lerp_mode": "catmullrom"
						},
						"0.375": {
							"post": [-80, 0, 0],
							"lerp_mode": "catmullrom"
						},
						"0.5": {
							"post": [-75, 0, 0],
							"lerp_mode": "catmullrom"
						},
						"0.625": {
							"post": [-85, 0, 0],
							"lerp_mode": "catmullrom"
						},
						"0.75": [-80, 0, 0]
					}
				},
				"wrist1": {
					"rotation": [79.76738, -7.1125, -11.36619],
					"position": [0, 3, -2]
				},
				"tail1": {
					"rotation": {
						"0.0": [12.5, -7.5, 0],
						"0.1667": {
							"pre": [0, 0, 0],
							"post": [0, 0, 0],
							"lerp_mode": "catmullrom"
						},
						"0.375": {
							"post": [12.5, 7.5, 0],
							"lerp_mode": "catmullrom"
						},
						"0.5417": {
							"post": [0, 0, 0],
							"lerp_mode": "catmullrom"
						},
						"0.75": [12.5, -7.5, 0]
					}
				},
				"tail2": {
					"rotation": {
						"0.0": [-7.87822, 12.28558, 2.23826],
						"0.1667": {
							"pre": [2.17727, -7.23347, -1.20798],
							"post": [2.17727, -7.23347, -1.20798],
							"lerp_mode": "catmullrom"
						},
						"0.375": {
							"post": [-7.87822, -12.28558, -2.23826],
							"lerp_mode": "catmullrom"
						},
						"0.5417": {
							"post": [2.17727, 7.23347, 1.20798],
							"lerp_mode": "catmullrom"
						},
						"0.75": [-7.87822, 12.28558, 2.23826]
					}
				},
				"tail3": {
					"rotation": {
						"0.0": [-2.5, 17.5, 0],
						"0.1667": {
							"pre": [0, 17.5, 0],
							"post": [0, 17.5, 0],
							"lerp_mode": "catmullrom"
						},
						"0.375": {
							"post": [-2.5, -17.5, 0],
							"lerp_mode": "catmullrom"
						},
						"0.5417": {
							"post": [0, -17.5, 0],
							"lerp_mode": "catmullrom"
						},
						"0.75": [-2.5, 17.5, 0]
					}
				},
				"leg0": {
					"rotation": {
						"0.0": [-22.41109, -0.93928, 0.00701],
						"0.1667": {
							"pre": [14.68607, 3.98653, 3.84708],
							"post": [14.68607, 3.98653, 3.84708],
							"lerp_mode": "catmullrom"
						},
						"0.375": {
							"post": [22.18607, 3.98653, 3.84708],
							"lerp_mode": "catmullrom"
						},
						"0.5417": {
							"post": [-27.81393, 3.98653, 3.84708],
							"lerp_mode": "catmullrom"
						},
						"0.75": [-22.41109, -0.93928, 0.00701]
					}
				},
				"knee0": {
					"rotation": {
						"0.0": [50, 0, 0],
						"0.1667": {
							"pre": [37.43092, 0.60639, 0.59127],
							"post": [37.43092, 0.60639, 0.59127],
							"lerp_mode": "catmullrom"
						},
						"0.375": {
							"post": [57.43092, 0.60639, 0.59127],
							"lerp_mode": "catmullrom"
						},
						"0.5417": {
							"post": [82.43092, 0.60639, 0.59127],
							"lerp_mode": "catmullrom"
						},
						"0.75": [50, 0, 0]
					}
				},
				"ankle0": {
					"rotation": {
						"0.0": [-45, 0, 0],
						"0.1667": {
							"pre": [-42.3285, -2.06883, 0.43425],
							"post": [-42.3285, -2.06883, 0.43425],
							"lerp_mode": "catmullrom"
						},
						"0.375": {
							"post": [-34.8285, -2.06883, 0.43425],
							"lerp_mode": "catmullrom"
						},
						"0.5417": {
							"post": [-82.3285, -2.06883, 0.43425],
							"lerp_mode": "catmullrom"
						},
						"0.75": [-45, 0, 0]
					}
				},
				"foot0": {
					"rotation": {
						"0.0": [27.14153, 4.36901, 2.14126],
						"0.1667": {
							"pre": [-0.09737, 1.34355, -1.45191],
							"post": [-0.09737, 1.34355, -1.45191],
							"lerp_mode": "catmullrom"
						},
						"0.375": {
							"post": [84.90263, 1.34355, -1.45191],
							"lerp_mode": "catmullrom"
						},
						"0.5417": {
							"post": [32.40263, 1.34355, -1.45191],
							"lerp_mode": "catmullrom"
						},
						"0.75": [27.14153, 4.36901, 2.14126]
					},
					"position": {
						"0.0": [0, 0, 1],
						"0.1667": {
							"pre": [0, 0, 1],
							"post": [0, 0, 1],
							"lerp_mode": "catmullrom"
						},
						"0.375": {
							"post": [0, 0, 3],
							"lerp_mode": "catmullrom"
						},
						"0.5417": {
							"post": [0, 0, 3],
							"lerp_mode": "catmullrom"
						},
						"0.75": [0, 0, 1]
					}
				},
				"leg1": {
					"rotation": {
						"0.0": [22.18607, 3.98653, 3.84708],
						"0.1667": {
							"pre": [-27.81393, 3.98653, 3.84708],
							"post": [-27.81393, 3.98653, 3.84708],
							"lerp_mode": "catmullrom"
						},
						"0.375": {
							"post": [-22.41109, -0.93928, 0.00701],
							"lerp_mode": "catmullrom"
						},
						"0.5417": {
							"post": [14.68607, 3.98653, 3.84708],
							"lerp_mode": "catmullrom"
						},
						"0.75": [22.18607, 3.98653, 3.84708]
					}
				},
				"knee1": {
					"rotation": {
						"0.0": [57.43092, 0.60639, 0.59127],
						"0.1667": {
							"pre": [82.43092, 0.60639, 0.59127],
							"post": [82.43092, 0.60639, 0.59127],
							"lerp_mode": "catmullrom"
						},
						"0.375": {
							"post": [50, 0, 0],
							"lerp_mode": "catmullrom"
						},
						"0.5417": {
							"post": [37.43092, 0.60639, 0.59127],
							"lerp_mode": "catmullrom"
						},
						"0.75": [57.43092, 0.60639, 0.59127]
					}
				},
				"ankle1": {
					"rotation": {
						"0.0": [-34.8285, -2.06883, 0.43425],
						"0.1667": {
							"pre": [-82.3285, -2.06883, 0.43425],
							"post": [-82.3285, -2.06883, 0.43425],
							"lerp_mode": "catmullrom"
						},
						"0.375": {
							"post": [-45, 0, 0],
							"lerp_mode": "catmullrom"
						},
						"0.5417": {
							"post": [-42.3285, -2.06883, 0.43425],
							"lerp_mode": "catmullrom"
						},
						"0.75": [-34.8285, -2.06883, 0.43425]
					}
				},
				"foot1": {
					"rotation": {
						"0.0": [84.90263, 1.34355, -1.45191],
						"0.1667": {
							"pre": [32.40263, 1.34355, -1.45191],
							"post": [32.40263, 1.34355, -1.45191],
							"lerp_mode": "catmullrom"
						},
						"0.375": {
							"post": [27.14153, 4.36901, 2.14126],
							"lerp_mode": "catmullrom"
						},
						"0.5417": {
							"post": [-0.09737, 1.34355, -1.45191],
							"lerp_mode": "catmullrom"
						},
						"0.75": [84.90263, 1.34355, -1.45191]
					},
					"position": {
						"0.0": [0, 0, 3],
						"0.1667": {
							"pre": [0, 0, 3],
							"post": [0, 0, 3],
							"lerp_mode": "catmullrom"
						},
						"0.375": {
							"post": [0, 0, 1],
							"lerp_mode": "catmullrom"
						},
						"0.5417": {
							"post": [0, 0, 1],
							"lerp_mode": "catmullrom"
						},
						"0.75": [0, 0, 3]
					}
				}
			}
		},
		"animation.LUCID_Gallimimus.util": {
			"loop": true,
			"bones": {
				"neck": {
					"rotation": [0, "math.clamp(-variable.smoothed_turning/-10,-10,100)", 0]
				},
				"tail1": {
					"rotation": [0, "math.clamp(variable.smoothed_turning/-10,-10,100)", 0]
				},
				"tail2": {
					"rotation": [0, "math.clamp(variable.smoothed_turning/-10,-10,100)", 0]
				},
				"tail3": {
					"rotation": [0, "math.clamp(variable.smoothed_turning/-10,-10,100)", 0]
				}
			}
		}
	}
}