{
	"format_version": "1.8.0",
	"animations": {
		"animation.LUCID_Giganotosaurus.walk": {
			"loop": true,
			"animation_length": 1.28,
			"bones": {
				"body": {
					"rotation": {
						"0.0": [2.5, -5, 2.5],
						"0.16": [5.00238, -2.49762, -0.10912],
						"0.32": [9.99294, 0.32621, -2.47864],
						"0.48": [7.48744, 2.92578, -4.76379],
						"0.64": [2.5, 5, -2.5],
						"0.8": [5.00238, 2.49762, 0.10912],
						"0.96": [9.99294, -0.32621, 2.47864],
						"1.12": [7.48744, -2.92578, 4.76379],
						"1.28": [2.5, -5, 2.5]
					},
					"position": {
						"0.0": [1, -3, 0],
						"0.16": [0, -6, 0],
						"0.32": [-1, -4, 0],
						"0.48": [-2, -1, 0],
						"0.64": [-1, -3, 0],
						"0.8": [0, -6, 0],
						"0.96": [1, -4, 0],
						"1.12": [2, -1, 0],
						"1.28": [1, -3, 0]
					}
				},
				"torso": {
					"rotation": {
						"0.0": [2.03815, 5.63305, -4.98123],
						"0.16": [-2.77588, 6.35305, -2.51306],
						"0.32": [-1.56091, 2.35231, 2.49787],
						"0.48": [1.53327, -1.82504, 4.96863],
						"0.64": [2.03815, -5.63305, 4.98123],
						"0.8": [-2.77588, -6.35305, 2.51306],
						"0.96": [-1.66667, -2.5, 0],
						"1.12": [1.53327, 1.82504, -4.96863],
						"1.28": [2.03815, 5.63305, -4.98123]
					}
				},
				"neck": {
					"rotation": {
						"0.0": [0, 0, 0],
						"0.64": [0, 0, 0],
						"1.28": [0, 0, 0]
					}
				},
				"head": {
					"rotation": {
						"0.0": [2.5, 0, 0],
						"0.16": [0, 0, 0],
						"0.32": [-5, 0, 0],
						"0.48": [0, 0, 0],
						"0.64": [2.5, 0, 0],
						"0.8": [-0.62, 0, 0],
						"0.96": [-5.41, 0, 0],
						"1.12": [2.3, 0, 0],
						"1.28": [2.5, 0, 0]
					}
				},
				"lower": {
					"rotation": {
						"0.0": [7.5, 0, 0],
						"0.16": [5, 0, 0],
						"0.32": [0.83, 0, 0],
						"0.64": [7.5, 0, 0],
						"0.8": [5, 0, 0],
						"0.96": [0.83, 0, 0],
						"1.28": [7.5, 0, 0]
					}
				},
				"elbow0": {
					"rotation": {
						"0.0": [-15, 0, 0],
						"0.16": [-20, 0, 0],
						"0.32": [-29.17, 0, 0],
						"0.48": [-22.08, 0, 0],
						"0.64": [-17.5, 0, 0],
						"0.8": [-21.87, 0, 0],
						"0.96": [-27.91, 0, 0],
						"1.12": [-23.95, 0, 0],
						"1.28": [-15, 0, 0]
					}
				},
				"wrist0": {
					"rotation": {
						"0.0": [2.5, 0, 0],
						"0.64": [2.5, 0, 0],
						"1.28": [2.5, 0, 0]
					}
				},
				"elbow1": {
					"rotation": {
						"0.0": [-15, 0, 0],
						"0.16": [-20, 0, 0],
						"0.32": [-28.33, 0, 0],
						"0.48": [-21.66, 0, 0],
						"0.64": [-15, 0, 0],
						"0.8": [-20, 0, 0],
						"0.96": [-28.33, 0, 0],
						"1.12": [-21.66, 0, 0],
						"1.28": [-15, 0, 0]
					}
				},
				"wrist1": {
					"rotation": {
						"0.0": [2.5, 0, 0],
						"0.64": [2.5, 0, 0],
						"1.28": [2.5, 0, 0]
					}
				},
				"tail1": {
					"rotation": {
						"0.0": [0, 7.5, 0],
						"0.16": [-5, 10, 0],
						"0.32": [-12.52832, 4.95712, -0.65426],
						"0.48": [-7.50238, -2.49762, 0.10912],
						"0.64": [0, -7.5, 0],
						"0.8": [-5, -10, 0],
						"0.96": [-12.52832, -4.95712, 0.65426],
						"1.12": [-7.50238, 2.49762, -0.10912],
						"1.28": [0, 7.5, 0]
					}
				},
				"tail2": {
					"rotation": {
						"0.0": [-5.00933, -2.462, 0.43439],
						"0.16": [2.49046, 4.99523, -0.21865],
						"0.32": [0, 12.5, 0],
						"0.48": [-7.60443, 7.32123, -1.63219],
						"0.64": [-5.00933, 2.462, -0.43439],
						"0.8": [2.49046, -4.99523, 0.21865],
						"0.96": [2.49046, -4.99523, 0.21865],
						"1.12": [-7.60443, -7.32123, 1.63219],
						"1.28": [-5.00933, -2.462, 0.43439]
					}
				},
				"tail3": {
					"rotation": {
						"0.0": [-10.79388, -16.66577, 5.41615],
						"0.16": [-7.62353, -7.24305, 1.95155],
						"0.32": [7.13966, 2.49995, -0.01572],
						"0.48": [4.01533, 22.46254, -1.33283],
						"0.64": [-10.79388, 16.66577, -5.41615],
						"0.8": [-5.00933, 2.462, -0.43439],
						"0.96": [7.13966, -2.49995, 0.01572],
						"1.12": [4.01533, -22.46254, 1.33283],
						"1.28": [-10.79388, -16.66577, 5.41615]
					}
				},
				"leg0": {
					"rotation": {
						"0.0": [22.5, 0, 0],
						"0.16": [35, 0, 0],
						"0.32": [2.5, 0, 0],
						"0.48": [-37.5, 0, 0],
						"0.64": [-22.5, 0, 0],
						"0.8": [-27.5, 0, 0],
						"0.96": [-22.5, 0, 0],
						"1.12": [-5, 0, 0],
						"1.28": [22.5, 0, 0]
					}
				},
				"knee0": {
					"rotation": {
						"0.0": [-20, 0, 0],
						"0.16": [-22.5, 0, 0],
						"0.32": [27.5, 0, 0],
						"0.48": [20, 0, 0],
						"0.64": [-17.5, 0, 0],
						"0.8": [0, 0, 0],
						"0.96": [2.5, 0, 0],
						"1.12": [-5, 0, 0],
						"1.28": [-20, 0, 0]
					}
				},
				"ankle0": {
					"rotation": {
						"0.0": [-25, 0, 0],
						"0.16": [-17.5, 0, 0],
						"0.32": [-5, 0, 0],
						"0.48": [-22.5, 0, 0],
						"0.64": [-10, 0, 0],
						"0.8": [2.5, 0, 0],
						"0.96": [-5, 0, 0],
						"1.12": [-10, 0, 0],
						"1.28": [-25, 0, 0]
					}
				},
				"foot0": {
					"rotation": {
						"0.0": [20, 0, 0],
						"0.16": [0, 0, 0],
						"0.32": [35, 0, 0],
						"0.48": [47.5, 0, 0],
						"0.64": [5, 0, 0],
						"0.8": [20, 0, 0],
						"0.96": [15, 0, 0],
						"1.12": [12.5, 0, 0],
						"1.28": [20, 0, 0]
					}
				},
				"leg1": {
					"rotation": {
						"0.0": [-22.5, 0, 0],
						"0.16": [-27.5, 0, 0],
						"0.32": [-22.5, 0, 0],
						"0.48": [-5, 0, 0],
						"0.64": [20, 0, 0],
						"0.8": [35, 0, 0],
						"0.96": [2.5, 0, 0],
						"1.12": [-37.5, 0, 0],
						"1.28": [-22.5, 0, 0]
					}
				},
				"knee1": {
					"rotation": {
						"0.0": [-17.5, 0, 0],
						"0.16": [0, 0, 0],
						"0.32": [2.5, 0, 0],
						"0.48": [-2.5, 0, 0],
						"0.64": [-17.5, 0, 0],
						"0.8": [-20, 0, 0],
						"0.96": [27.5, 0, 0],
						"1.12": [20, 0, 0],
						"1.28": [-17.5, 0, 0]
					}
				},
				"ankle1": {
					"rotation": {
						"0.0": [-10, 0, 0],
						"0.16": [2.5, 0, 0],
						"0.32": [0, 0, 0],
						"0.64": [-25, 0, 0],
						"0.8": [-20, 0, 0],
						"0.96": [-7.5, 0, 0],
						"1.12": [-27.5, 0, 0],
						"1.28": [-10, 0, 0]
					}
				},
				"foot1": {
					"rotation": {
						"0.0": [2.5, 0, 0],
						"0.16": [20, 0, 0],
						"0.32": [10, 0, 0],
						"0.64": [20, 0, 0],
						"0.8": [2.5, 0, 0],
						"0.96": [42.5, 0, 0],
						"1.12": [47.5, 0, 0],
						"1.28": [2.5, 0, 0]
					}
				}
			}
		},
		"animation.LUCID_Giganotosaurus.run": {
			"loop": true,
			"animation_length": 0.64,
			"bones": {
				"body": {
					"rotation": {
						"0.0": [7.48107, -0.43523, 4.98107],
						"0.08": [5, 0, 0],
						"0.16": [7.48107, 0.43523, -4.98107],
						"0.24": [9.93656, 0.9762, -7.43656],
						"0.32": [7.48107, 0.43523, -4.98107],
						"0.4": [5, 0, 0],
						"0.48": [7.48107, -0.43523, 4.98107],
						"0.56": [9.93656, -0.9762, 7.43656],
						"0.64": [7.48107, -0.43523, 4.98107]
					},
					"position": {
						"0.0": [2, -4, 0],
						"0.08": [0, -8, 0],
						"0.16": [-2, -4, 0],
						"0.24": [-3, -1, 0],
						"0.32": [-2, -4, 0],
						"0.4": [0, -8, 0],
						"0.48": [2, -4, 0],
						"0.56": [3, -1, 0],
						"0.64": [2, -4, 0]
					}
				},
				"torso": {
					"rotation": {
						"0.0": [-0.01152, 0.54094, -2.44081],
						"0.08": [-2.52822, 0.65182, -4.95744],
						"0.16": [-0.01152, 0.54094, -2.44081],
						"0.24": [5, 0, 0],
						"0.32": [-0.01152, 0.54094, -2.44081],
						"0.4": [-2.52822, 0.65182, -4.95744],
						"0.48": [-0.01152, 0.54094, -2.44081],
						"0.56": [5, 0, 0],
						"0.64": [-0.01152, 0.54094, -2.44081]
					}
				},
				"neck": {
					"rotation": {
						"0.0": [12.5, 0, 0],
						"0.08": [17.5, 0, 0],
						"0.24": [2.5, 0, 0],
						"0.32": [12.5, 0, 0],
						"0.4": [17.5, 0, 0],
						"0.56": [2.5, 0, 0],
						"0.64": [12.5, 0, 0]
					}
				},
				"head": {
					"rotation": {
						"0.0": [-22.47283, -1.68868, -1.84373],
						"0.08": [-27.39118, 3.68425, 3.38262],
						"0.16": [-18.32255, 6.23983, 7.8299],
						"0.24": [-19.75778, 4.81281, 5.7589],
						"0.32": [-22.39121, 3.37562, 3.69066],
						"0.4": [-27.47282, -1.84293, -1.68956],
						"0.48": [-18.50992, -4.68625, -5.86223],
						"0.56": [-19.75778, -4.81281, -5.7589],
						"0.64": [-22.47283, -1.68868, -1.84373]
					}
				},
				"lower": {
					"rotation": {
						"0.0": [0, 0, 0],
						"0.08": [5, 0, 0],
						"0.36": [0, 0, 0],
						"0.44": [5, 0, 0],
						"0.64": [0, 0, 0]
					}
				},
				"shoulder0": {
					"rotation": [45, 0, 0]
				},
				"elbow0": {
					"rotation": [-19.8256, 1.30958, 22.61897]
				},
				"wrist0": {
					"rotation": [0, 337.5, 0]
				},
				"shoulder1": {
					"rotation": [45, 0, 0]
				},
				"elbow1": {
					"rotation": [-19.82561, -1.30958, -22.61896]
				},
				"wrist1": {
					"rotation": [0, 22.5, 0]
				},
				"tail1": {
					"rotation": {
						"0.0": [-7.5, 0, 0],
						"0.08": [2.50706, 2.4786, 0.32652],
						"0.16": [-12.52832, 4.95712, -0.65426],
						"0.24": [-17.51153, 2.4407, -0.54143],
						"0.32": [-7.5, 0, 0],
						"0.4": [2.52832, -4.95712, -0.65426],
						"0.48": [-12.52832, -4.95712, 0.65426],
						"0.56": [-17.51153, -2.4407, 0.54143],
						"0.64": [-7.5, 0, 0]
					}
				},
				"tail2": {
					"rotation": {
						"0.0": [-5.67643, -7.46237, 0.37297],
						"0.08": [-5.07535, -4.92356, 0.87119],
						"0.16": [6.45234, 3.35496, -0.04475],
						"0.24": [6.53572, 7.41408, 0.53532],
						"0.32": [-5.67643, 7.46237, -0.37297],
						"0.4": [-5.07535, 4.92356, -0.87119],
						"0.48": [6.45234, -3.35496, 0.04475],
						"0.56": [6.53572, -7.41408, -0.53532],
						"0.64": [-5.67643, -7.46237, 0.37297]
					}
				},
				"tail3": {
					"rotation": {
						"0.0": [10.69284, -16.88547, -4.6653],
						"0.08": [2.5, -10, 0],
						"0.16": [-8.9854, -17.66046, 9.54013],
						"0.24": [-7.5, -2.5, 0],
						"0.32": [10.69284, 16.88547, 4.6653],
						"0.4": [2.5, 10, 0],
						"0.48": [-8.9854, 17.66046, -9.54013],
						"0.56": [-7.5, 2.5, 0],
						"0.64": [10.69284, -16.88547, -4.6653]
					}
				},
				"leg0": {
					"rotation": {
						"0.0": [25, 0, 0],
						"0.08": [45, 0, 0],
						"0.16": [12.5, 0, 0],
						"0.24": [-26.25, 0, 0],
						"0.32": [-32.5, 0, 0],
						"0.4": [-40, 0, 0],
						"0.48": [-10, 0, 0],
						"0.56": [1.25, 0, 0],
						"0.64": [25, 0, 0]
					}
				},
				"knee0": {
					"rotation": {
						"0.0": [-15, 0, 0],
						"0.08": [2.5, 0, 0],
						"0.16": [27.5, 0, 0],
						"0.24": [22.32542, -6.92618, 2.88419],
						"0.32": [-30.21783, -2.57594, 9.6658],
						"0.4": [12.46885, 0.37751, -0.103],
						"0.48": [-2.5, 0, 0],
						"0.56": [-5, 0, 0],
						"0.64": [-15, 0, 0]
					}
				},
				"ankle0": {
					"rotation": {
						"0.0": [-12.5, 0, 0],
						"0.08": [-5, 0, 0],
						"0.16": [-20, 0, 0],
						"0.24": [-42.5, 0, 0],
						"0.32": [5, 0, 0],
						"0.4": [12.5, 0, 0],
						"0.48": [-15, 0, 0],
						"0.56": [-12.5, 0, 0],
						"0.64": [-12.5, 0, 0]
					}
				},
				"foot0": {
					"rotation": {
						"0.0": [-2.5, 0, 0],
						"0.08": [42.5, 0, 0],
						"0.16": [67.5, 0, 0],
						"0.24": [75.80684, 4.00507, -2.9146],
						"0.32": [15, 0, 0],
						"0.4": [12.5, 0, 0],
						"0.48": [20, 0, 0],
						"0.56": [8.30684, 4.00507, -2.9146],
						"0.64": [-2.5, 0, 0]
					}
				},
				"leg1": {
					"rotation": {
						"0.0": [-32.5, 0, 0],
						"0.08": [-37.5, 0, 0],
						"0.16": [-10, 0, 0],
						"0.24": [2.5, 0, 0],
						"0.32": [25, 0, 0],
						"0.4": [45, 0, 0],
						"0.48": [12.5, 0, 0],
						"0.56": [-22.5, 0, 0],
						"0.64": [-32.5, 0, 0]
					}
				},
				"knee1": {
					"rotation": {
						"0.0": [-30.21783, 2.57594, -9.6658],
						"0.08": [10, 0, 0],
						"0.16": [0, 0, 0],
						"0.24": [-5, 0, 0],
						"0.32": [-15, 0, 0],
						"0.4": [2.5, 0, 0],
						"0.48": [27.43726, 4.76804, -1.50701],
						"0.56": [22.18821, 9.23186, -3.86032],
						"0.64": [-30.21783, 2.57594, -9.6658]
					}
				},
				"ankle1": {
					"rotation": {
						"0.0": [5, 0, 0],
						"0.08": [5, 0, 0],
						"0.16": [-12.5, 0, 0],
						"0.24": [-12.5, 0, 0],
						"0.32": [-12.5, 0, 0],
						"0.4": [-7.5, 0, 0],
						"0.48": [-22.5, 0, 0],
						"0.56": [-45, 0, 0],
						"0.64": [5, 0, 0]
					}
				},
				"foot1": {
					"rotation": {
						"0.0": [17.5, 0, 0],
						"0.08": [20, 0, 0],
						"0.16": [12.5, 0, 0],
						"0.24": [7.47331, -0.02721, 0.36276],
						"0.32": [-2.5, 0, 0],
						"0.4": [40, 0, 0],
						"0.48": [62.5, 0, 0],
						"0.56": [77.47331, -0.02721, 0.36276],
						"0.64": [17.5, 0, 0]
					}
				}
			}
		},
		"animation.LUCID_Giganotosaurus.idle": {
			"loop": true,
			"animation_length": 2,
			"bones": {
				"body": {
					"rotation": {
						"0.0": [-5, 0, 0],
						"1.0": {
							"pre": [-2.5, 0, 0],
							"post": [-2.5, 0, 0],
							"lerp_mode": "catmullrom"
						},
						"2.0": [-5, 0, 0]
					},
					"position": {
						"0.0": [0, -2, 0],
						"1.0": {
							"pre": [0, -4, 0],
							"post": [0, -4, 0],
							"lerp_mode": "catmullrom"
						},
						"2.0": [0, -2, 0]
					}
				},
				"torso": {
					"rotation": {
						"0.0": [-2.5, 0, 0],
						"1.52": {
							"pre": [-0.77, 0, 0],
							"post": [-0.77, 0, 0],
							"lerp_mode": "catmullrom"
						},
						"2.0": [-2.5, 0, 0]
					}
				},
				"head": {
					"rotation": {
						"0.0": ["5+q.target_x_rotation", "q.target_y_rotation", 0],
						"2.0": ["5+q.target_x_rotation", "q.target_y_rotation", 0]
					}
				},
				"lower": {
					"rotation": {
						"0.0": [0, 0, 0],
						"0.96": {
							"pre": [2.5, 0, 0],
							"post": [2.5, 0, 0],
							"lerp_mode": "catmullrom"
						},
						"2.0": [0, 0, 0]
					}
				},
				"leg0": {
					"rotation": {
						"0.0": [10, 0, 0],
						"2.0": [10, 0, 0]
					}
				},
				"knee0": {
					"rotation": {
						"0.0": [2.5, 0, 0],
						"2.0": [2.5, 0, 0]
					}
				},
				"ankle0": {
					"rotation": {
						"0.0": [-7.5, 0, 0],
						"1.0": {
							"pre": [-17.5, 0, 0],
							"post": [-17.5, 0, 0],
							"lerp_mode": "catmullrom"
						},
						"2.0": [-7.5, 0, 0]
					}
				},
				"foot0": {
					"rotation": [5, 0, 0]
				},
				"leg1": {
					"rotation": {
						"0.0": [-15, 0, 0],
						"2.0": [-15, 0, 0]
					}
				},
				"knee1": {
					"rotation": {
						"0.0": [2.5, 0, 0],
						"1.0": {
							"pre": [5, 0, 0],
							"post": [5, 0, 0],
							"lerp_mode": "catmullrom"
						},
						"2.0": [2.5, 0, 0]
					}
				},
				"ankle1": {
					"rotation": {
						"0.0": [2.5, 0, 0],
						"1.0": {
							"pre": [-7.5, 0, 0],
							"post": [-7.5, 0, 0],
							"lerp_mode": "catmullrom"
						},
						"2.0": [2.5, 0, 0]
					}
				},
				"foot1": {
					"rotation": {
						"0.0": [17.5, 0, 0],
						"1.0": {
							"pre": [20, 0, 0],
							"post": [20, 0, 0],
							"lerp_mode": "catmullrom"
						},
						"2.0": [17.5, 0, 0]
					}
				}
			}
		},
		"animation.LUCID_Giganotosaurus.look": {
			"loop": true,
			"animation_length": 7.64,
			"bones": {
				"body": {
					"rotation": {
						"0.0": [-5, 0, 0],
						"4.16": {
							"pre": [7.44, -0.33, -0.71],
							"post": [7.44, -0.33, -0.71],
							"lerp_mode": "catmullrom"
						},
						"6.92": {
							"post": [7.44, -0.33, -0.71],
							"lerp_mode": "catmullrom"
						},
						"7.64": [-5, 0, 0]
					},
					"position": {
						"0.0": [0, -2, 0],
						"4.16": {
							"pre": [0, -11, 0],
							"post": [0, -11, 0],
							"lerp_mode": "catmullrom"
						},
						"6.92": {
							"post": [0, -11, 0],
							"lerp_mode": "catmullrom"
						},
						"7.64": [0, -2, 0]
					}
				},
				"torso": {
					"rotation": {
						"0.0": [-2.5, 0, 0],
						"1.56": {
							"pre": [-7.5, 0, 0],
							"post": [-7.5, 0, 0],
							"lerp_mode": "catmullrom"
						},
						"4.16": {
							"post": [0, 0, 0],
							"lerp_mode": "catmullrom"
						},
						"5.04": {
							"post": [0, 5, 0],
							"lerp_mode": "catmullrom"
						},
						"6.92": {
							"post": [5, 5, 0],
							"lerp_mode": "catmullrom"
						},
						"7.64": [-2.5, 0, 0]
					}
				},
				"shoulder0": {
					"rotation": {
						"0.0": [0, 0, 0],
						"4.16": {
							"pre": [7.29471, 1.63949, 1.77683],
							"post": [7.29471, 1.63949, 1.77683],
							"lerp_mode": "catmullrom"
						},
						"6.92": {
							"post": [7.87616, 8.44469, 4.98448],
							"lerp_mode": "catmullrom"
						},
						"7.64": [0, 0, 0]
					}
				},
				"elbow0": {
					"rotation": {
						"0.0": [0, 0, 0],
						"4.16": {
							"pre": [-47.5, 0, 0],
							"post": [-47.5, 0, 0],
							"lerp_mode": "catmullrom"
						},
						"6.92": {
							"post": [-47.5, 0, 0],
							"lerp_mode": "catmullrom"
						},
						"7.64": [0, 0, 0]
					}
				},
				"shoulder1": {
					"rotation": {
						"0.0": [0, 0, 0],
						"4.16": {
							"pre": [7.29471, -1.63949, -1.77683],
							"post": [7.29471, -1.63949, -1.77683],
							"lerp_mode": "catmullrom"
						},
						"6.92": {
							"post": [7.12241, 2.91035, 0.30425],
							"lerp_mode": "catmullrom"
						},
						"7.64": [0, 0, 0]
					}
				},
				"elbow1": {
					"rotation": {
						"0.0": [0, 0, 0],
						"4.16": {
							"pre": [-47.5, 0, 0],
							"post": [-47.5, 0, 0],
							"lerp_mode": "catmullrom"
						},
						"6.92": {
							"post": [-47.5, 0, 0],
							"lerp_mode": "catmullrom"
						},
						"7.64": [0, 0, 0]
					}
				},
				"neck": {
					"rotation": {
						"0.0": [0, 0, 0],
						"0.84": {
							"pre": [26.08, 0, 0],
							"post": [26.08, 0, 0],
							"lerp_mode": "catmullrom"
						},
						"1.6": {
							"post": [12.5, 0, 0],
							"lerp_mode": "catmullrom"
						},
						"3.04": {
							"post": [10.54, 0, 0],
							"lerp_mode": "catmullrom"
						},
						"3.28": {
							"post": [10.40185, 2.83537, 6.94623],
							"lerp_mode": "catmullrom"
						},
						"3.52": {
							"post": [10.04471, -1.18613, -2.76838],
							"lerp_mode": "catmullrom"
						},
						"3.76": {
							"post": [9.75287, 0.60384, 1.48122],
							"lerp_mode": "catmullrom"
						},
						"4.16": {
							"post": [7.5, 0, 0],
							"lerp_mode": "catmullrom"
						},
						"5.04": {
							"post": [17.42174, 6.64304, 2.41508],
							"lerp_mode": "catmullrom"
						},
						"6.92": {
							"post": [14.92174, 6.64304, 2.41508],
							"lerp_mode": "catmullrom"
						},
						"7.64": [0, 0, 0]
					}
				},
				"head": {
					"rotation": {
						"0.0": ["5+q.target_x_rotation", "q.target_y_rotation", 0],
						"0.52": {
							"pre": [-5.77479, -5.04334, -0.22257],
							"post": [-5.77479, -5.04334, -0.22257],
							"lerp_mode": "catmullrom"
						},
						"1.6": {
							"post": ["-2.5 + q.target_x_rotation", "q.target_y_rotation", 0],
							"lerp_mode": "catmullrom"
						},
						"3.04": {
							"post": [-3.8, 0.37, 0.02],
							"lerp_mode": "catmullrom"
						},
						"3.28": {
							"post": [-5.17283, -4.64551, 2.42712],
							"lerp_mode": "catmullrom"
						},
						"3.52": {
							"post": [-4.85417, 4.63423, 3.2533],
							"lerp_mode": "catmullrom"
						},
						"3.76": {
							"post": [-5.50399, -1.16043, -1.45609],
							"lerp_mode": "catmullrom"
						},
						"4.16": {
							"post": ["-7.5 + q.target_x_rotation", "q.target_y_rotation", 0],
							"lerp_mode": "catmullrom"
						},
						"5.04": {
							"post": ["-10.6197 + q.target_x_rotation", "6.6782+q.target_y_rotation", -10.59061],
							"lerp_mode": "catmullrom"
						},
						"6.92": {
							"post": ["-18.1197 + q.target_x_rotation", "6.6782+q.target_y_rotation", -10.59061],
							"lerp_mode": "catmullrom"
						},
						"7.64": ["5+q.target_x_rotation", "q.target_y_rotation", 0]
					}
				},
				"lower": {
					"rotation": {
						"0.0": [0, 0, 0],
						"0.52": {
							"pre": [2.8151, 0.22764, -0.95365],
							"post": [2.8151, 0.22764, -0.95365],
							"lerp_mode": "catmullrom"
						},
						"1.6": {
							"post": [10, 0, 0],
							"lerp_mode": "catmullrom"
						},
						"2.36": {
							"post": [12.98, -0.02, 0.07],
							"lerp_mode": "catmullrom"
						},
						"2.4": {
							"post": [14, -0.02, 0.07],
							"lerp_mode": "catmullrom"
						},
						"2.44": {
							"post": [12.98, -0.02, 0.07],
							"lerp_mode": "catmullrom"
						},
						"2.48": {
							"post": [14, -0.02, 0.07],
							"lerp_mode": "catmullrom"
						},
						"2.52": {
							"post": [12.98, -0.02, 0.07],
							"lerp_mode": "catmullrom"
						},
						"2.56": {
							"post": [14, -0.02, 0.07],
							"lerp_mode": "catmullrom"
						},
						"2.6": {
							"post": [12.98, -0.02, 0.07],
							"lerp_mode": "catmullrom"
						},
						"2.64": {
							"post": [14, -0.02, 0.07],
							"lerp_mode": "catmullrom"
						},
						"2.68": {
							"post": [12.98, -0.02, 0.07],
							"lerp_mode": "catmullrom"
						},
						"2.72": {
							"post": [14, -0.02, 0.07],
							"lerp_mode": "catmullrom"
						},
						"2.76": {
							"post": [12.98, -0.02, 0.07],
							"lerp_mode": "catmullrom"
						},
						"2.8": {
							"post": [14, -0.02, 0.07],
							"lerp_mode": "catmullrom"
						},
						"2.84": {
							"post": [12.98, -0.02, 0.07],
							"lerp_mode": "catmullrom"
						},
						"2.88": {
							"post": [14, -0.02, 0.07],
							"lerp_mode": "catmullrom"
						},
						"2.92": {
							"post": [12.98, -0.02, 0.07],
							"lerp_mode": "catmullrom"
						},
						"2.96": {
							"post": [14, -0.02, 0.07],
							"lerp_mode": "catmullrom"
						},
						"3.0": {
							"post": [12.98, -0.02, 0.07],
							"lerp_mode": "catmullrom"
						},
						"4.16": {
							"post": [17.5, 0, 0],
							"lerp_mode": "catmullrom"
						},
						"4.64": {
							"post": [20, 0, 0],
							"lerp_mode": "catmullrom"
						},
						"5.28": {
							"post": [15, 0, 0],
							"lerp_mode": "catmullrom"
						},
						"6.04": {
							"post": [18.77, 0, 0],
							"lerp_mode": "catmullrom"
						},
						"6.44": {
							"post": [30.56, 0, 0],
							"lerp_mode": "catmullrom"
						},
						"6.88": {
							"post": [19.54, 0, 0],
							"lerp_mode": "catmullrom"
						},
						"7.2": {
							"post": [20, 0, 0],
							"lerp_mode": "catmullrom"
						},
						"7.64": [0, 0, 0]
					}
				},
				"tail1": {
					"rotation": {
						"0.0": [0, -5, 0],
						"0.96": {
							"pre": [-9.92501, -5.58704, 0.49731],
							"post": [-9.92501, -5.58704, 0.49731],
							"lerp_mode": "catmullrom"
						},
						"1.56": {
							"post": [-10, -5, 0],
							"lerp_mode": "catmullrom"
						},
						"3.16": {
							"post": [-10.07055, -7.41444, 0.65231],
							"lerp_mode": "catmullrom"
						},
						"4.16": {
							"post": [-9.95716, -2.58492, -0.64751],
							"lerp_mode": "catmullrom"
						},
						"4.92": {
							"post": [-9.99233, 4.66107, -2.58449],
							"lerp_mode": "catmullrom"
						},
						"6.12": {
							"post": [-10.9202, 13.08151, -4.09468],
							"lerp_mode": "catmullrom"
						},
						"7.12": {
							"post": [-3.38586, -1.6059, -0.94891],
							"lerp_mode": "catmullrom"
						},
						"7.64": [0, -5, 0]
					}
				},
				"tail2": {
					"rotation": {
						"0.0": [-0.42501, 17.14754, 3.31386],
						"0.96": {
							"pre": [2.07499, 17.14754, 3.31386],
							"post": [2.07499, 17.14754, 3.31386],
							"lerp_mode": "catmullrom"
						},
						"1.56": {
							"post": [-5.42501, 17.14754, 3.31386],
							"lerp_mode": "catmullrom"
						},
						"3.16": {
							"post": [-5.4079, -5.35188, 3.47722],
							"lerp_mode": "catmullrom"
						},
						"4.16": {
							"post": [-5.41284, -10.35175, 3.51336],
							"lerp_mode": "catmullrom"
						},
						"4.92": {
							"post": [-5.4093, 7.14781, 3.38824],
							"lerp_mode": "catmullrom"
						},
						"6.12": {
							"post": [-4.82524, 19.5552, 5.717],
							"lerp_mode": "catmullrom"
						},
						"7.12": {
							"post": [-1.86065, 10.87493, 3.7087],
							"lerp_mode": "catmullrom"
						},
						"7.64": [-0.42501, 17.14754, 3.31386]
					}
				},
				"tail3": {
					"rotation": {
						"0.0": [0, 12.5, 0],
						"0.96": {
							"pre": [7.5, 12.5, 0],
							"post": [7.5, 12.5, 0],
							"lerp_mode": "catmullrom"
						},
						"1.56": {
							"post": [0.04043, 11.91951, -0.88665],
							"lerp_mode": "catmullrom"
						},
						"3.16": {
							"post": [0.13154, -7.91662, 1.68281],
							"lerp_mode": "catmullrom"
						},
						"4.16": {
							"post": [-0.06949, -15.35318, 2.67749],
							"lerp_mode": "catmullrom"
						},
						"4.92": {
							"post": [-0.16826, -17.83112, 3.02332],
							"lerp_mode": "catmullrom"
						},
						"6.12": {
							"post": [0.44183, 16.98463, 0.83066],
							"lerp_mode": "catmullrom"
						},
						"7.12": {
							"post": [0.5626, 20.18654, 0.66476],
							"lerp_mode": "catmullrom"
						},
						"7.64": [0, 12.5, 0]
					}
				},
				"leg0": {
					"rotation": {
						"0.0": [10, 0, 0],
						"4.16": {
							"pre": [-5, 0, 0],
							"post": [-5, 0, 0],
							"lerp_mode": "catmullrom"
						},
						"6.92": {
							"post": [-5, 0, 0],
							"lerp_mode": "catmullrom"
						},
						"7.64": [10, 0, 0]
					}
				},
				"knee0": {
					"rotation": {
						"0.0": [2.5, 0, 0],
						"4.16": {
							"pre": [15, 0, 0],
							"post": [15, 0, 0],
							"lerp_mode": "catmullrom"
						},
						"6.92": {
							"post": [15, 0, 0],
							"lerp_mode": "catmullrom"
						},
						"7.64": [2.5, 0, 0]
					}
				},
				"ankle0": {
					"rotation": {
						"0.0": [-7.5, 0, 0],
						"4.16": {
							"pre": [-19.75, 1.03, 1.65],
							"post": [-19.75, 1.03, 1.65],
							"lerp_mode": "catmullrom"
						},
						"6.92": {
							"post": [-19.75, 1.03, 1.65],
							"lerp_mode": "catmullrom"
						},
						"7.64": [-7.5, 0, 0]
					}
				},
				"foot0": {
					"rotation": {
						"0.0": [5, 0, 0],
						"7.64": [5, 0, 0]
					}
				},
				"leg1": {
					"rotation": {
						"0.0": [-15, 0, 0],
						"4.16": {
							"pre": [-30, 0, 0],
							"post": [-30, 0, 0],
							"lerp_mode": "catmullrom"
						},
						"6.92": {
							"post": [-30, 0, 0],
							"lerp_mode": "catmullrom"
						},
						"7.64": [-15, 0, 0]
					}
				},
				"knee1": {
					"rotation": {
						"0.0": [2.5, 0, 0],
						"4.16": {
							"pre": [15.02, 0.14, 0.25],
							"post": [15.02, 0.14, 0.25],
							"lerp_mode": "catmullrom"
						},
						"6.92": {
							"post": [15.02, 0.14, 0.25],
							"lerp_mode": "catmullrom"
						},
						"7.64": [2.5, 0, 0]
					}
				},
				"ankle1": {
					"rotation": {
						"0.0": [2.5, 0, 0],
						"4.16": {
							"pre": [-10, 0, 0],
							"post": [-10, 0, 0],
							"lerp_mode": "catmullrom"
						},
						"6.92": {
							"post": [-10, 0, 0],
							"lerp_mode": "catmullrom"
						},
						"7.64": [2.5, 0, 0]
					}
				},
				"foot1": {
					"rotation": {
						"0.0": [17.5, 0, 0],
						"7.64": [17.5, 0, 0]
					}
				}
			}
		},
		"animation.LUCID_Giganotosaurus.roar": {
			"loop": "hold_on_last_frame",
			"animation_length": 2,
			"bones": {
				"body": {
					"rotation": {
						"0.0": [-5, 0, 0],
						"2.0": [-5, 0, 0]
					},
					"position": {
						"0.0": [0, -2, 0],
						"0.32": {
							"pre": [0, -18, -6],
							"post": [0, -18, -6],
							"lerp_mode": "catmullrom"
						},
						"1.56": {
							"post": [0, -13.86, -20.45],
							"lerp_mode": "catmullrom"
						},
						"2.0": [0, -2, 0]
					}
				},
				"torso": {
					"rotation": {
						"0.0": [-2.5, 0, 0],
						"0.32": {
							"pre": [5.02832, 4.95712, 0.65426],
							"post": [5.02832, 4.95712, 0.65426],
							"lerp_mode": "catmullrom"
						},
						"0.52": {
							"post": [10.02821, -0.04288, 0.6518],
							"lerp_mode": "catmullrom"
						},
						"1.56": {
							"post": [2.35412, 0.08364, -1.59369],
							"lerp_mode": "catmullrom"
						},
						"2.0": [-2.5, 0, 0]
					}
				},
				"neck": {
					"rotation": {
						"0.0": [0, 0, 0],
						"0.32": {
							"pre": [10.07713, 1.91134, 4.62111],
							"post": [10.07713, 1.91134, 4.62111],
							"lerp_mode": "catmullrom"
						},
						"0.52": {
							"post": [15.01315, 1.16135, 2.23539],
							"lerp_mode": "catmullrom"
						},
						"1.56": {
							"post": [12.51315, 1.16135, 2.23539],
							"lerp_mode": "catmullrom"
						},
						"2.0": [0, 0, 0]
					}
				},
				"head": {
					"rotation": {
						"0.0": ["5+q.target_x_rotation", "q.target_y_rotation", 0],
						"0.32": {
							"pre": [14.37402, 10.51794, -6.79286],
							"post": [14.37402, 10.51794, -6.79286],
							"lerp_mode": "catmullrom"
						},
						"0.52": {
							"post": [-41.25538, -0.57752, -1.21821],
							"lerp_mode": "catmullrom"
						},
						"1.56": {
							"post": [-38.75538, -0.57752, -1.21821],
							"lerp_mode": "catmullrom"
						},
						"2.0": ["5+q.target_x_rotation", "q.target_y_rotation", 0]
					}
				},
				"lower": {
					"rotation": {
						"0.0": [0, 0, 0],
						"0.32": {
							"pre": [-2.5, 0, 0],
							"post": [-2.5, 0, 0],
							"lerp_mode": "catmullrom"
						},
						"0.52": {
							"post": [27.5, 0, 0],
							"lerp_mode": "catmullrom"
						},
						"1.56": {
							"post": [39.68036, -2.50694, -0.46897],
							"lerp_mode": "catmullrom"
						},
						"2.0": [0, 0, 0]
					}
				},
				"tail1": {
					"rotation": {
						"0.0": [0, -5, 0],
						"0.32": {
							"pre": [0.25347, 9.90963, 1.34103],
							"post": [0.25347, 9.90963, 1.34103],
							"lerp_mode": "catmullrom"
						},
						"0.6": {
							"post": [0.25649, 11.07713, 1.39578],
							"lerp_mode": "catmullrom"
						},
						"1.04": {
							"post": [0.10015, 17.38316, 0.69256],
							"lerp_mode": "catmullrom"
						},
						"1.56": {
							"post": [0.2125, 12.40099, 1.12929],
							"lerp_mode": "catmullrom"
						},
						"2.0": [0, -5, 0]
					}
				},
				"tail2": {
					"rotation": {
						"0.0": [-0.42501, 17.14754, 3.31386],
						"0.32": {
							"pre": [0, -5, 0],
							"post": [0, -5, 0],
							"lerp_mode": "catmullrom"
						},
						"0.6": {
							"post": [0.00234, 5.91292, 0.75275],
							"lerp_mode": "catmullrom"
						},
						"1.04": {
							"post": [0, 12.5, 0],
							"lerp_mode": "catmullrom"
						},
						"1.56": {
							"post": [0, 12.5, 0],
							"lerp_mode": "catmullrom"
						},
						"2.0": [-0.42501, 17.14754, 3.31386]
					}
				},
				"tail3": {
					"rotation": {
						"0.0": [0, 12.5, 0],
						"0.32": {
							"pre": [0, -7.5, 0],
							"post": [0, -7.5, 0],
							"lerp_mode": "catmullrom"
						},
						"0.6": {
							"post": [0, -21.37, 0],
							"lerp_mode": "catmullrom"
						},
						"1.04": {
							"post": [0, 12.5, 0],
							"lerp_mode": "catmullrom"
						},
						"1.56": {
							"post": [0, 25, 0],
							"lerp_mode": "catmullrom"
						},
						"2.0": [0, 12.5, 0]
					}
				},
				"leg0": {
					"rotation": {
						"0.0": [10, 0, 0],
						"0.32": {
							"pre": [2.5, 0, 0],
							"post": [2.5, 0, 0],
							"lerp_mode": "catmullrom"
						},
						"1.56": {
							"post": [34.93389, 1.5382, 0.0923],
							"lerp_mode": "catmullrom"
						},
						"2.0": [10, 0, 0]
					}
				},
				"knee0": {
					"rotation": {
						"0.0": [2.5, 0, 0],
						"0.32": {
							"pre": [32.5, 0, 0],
							"post": [32.5, 0, 0],
							"lerp_mode": "catmullrom"
						},
						"1.56": {
							"post": [0, 0, 0],
							"lerp_mode": "catmullrom"
						},
						"2.0": [2.5, 0, 0]
					}
				},
				"ankle0": {
					"rotation": {
						"0.0": [-7.5, 0, 0],
						"1.56": {
							"pre": [-24.94045, 0.36546, 1.16443],
							"post": [-24.94045, 0.36546, 1.16443],
							"lerp_mode": "catmullrom"
						},
						"2.0": [-7.5, 0, 0]
					}
				},
				"foot0": {
					"rotation": {
						"0.0": [5, 0, 0],
						"0.32": {
							"pre": [-22.5, 0, 0],
							"post": [-22.5, 0, 0],
							"lerp_mode": "catmullrom"
						},
						"1.56": {
							"post": [-5, 0, 0],
							"lerp_mode": "catmullrom"
						},
						"2.0": [5, 0, 0]
					}
				},
				"leg1": {
					"rotation": {
						"0.0": [-15, 0, 0],
						"1.56": {
							"pre": [7.5, 0, 0],
							"post": [7.5, 0, 0],
							"lerp_mode": "catmullrom"
						},
						"2.0": [-15, 0, 0]
					}
				},
				"knee1": {
					"rotation": {
						"0.0": [2.5, 0, 0],
						"0.32": {
							"pre": [22.5, 0, 0],
							"post": [22.5, 0, 0],
							"lerp_mode": "catmullrom"
						},
						"1.56": {
							"post": [17.5, 0, 0],
							"lerp_mode": "catmullrom"
						},
						"2.0": [2.5, 0, 0]
					}
				},
				"ankle1": {
					"rotation": {
						"0.0": [2.5, 0, 0],
						"0.32": {
							"pre": [-24.65818, 4.35467, 0.09555],
							"post": [-24.65818, 4.35467, 0.09555],
							"lerp_mode": "catmullrom"
						},
						"1.56": {
							"post": [-22.15818, 4.35467, 0.09555],
							"lerp_mode": "catmullrom"
						},
						"2.0": [2.5, 0, 0]
					}
				},
				"foot1": {
					"rotation": {
						"0.0": [17.5, 0, 0],
						"0.32": {
							"pre": [22.5, 0, 0],
							"post": [22.5, 0, 0],
							"lerp_mode": "catmullrom"
						},
						"1.56": {
							"post": [2.51715, 0.3116, 0.25916],
							"lerp_mode": "catmullrom"
						},
						"2.0": [17.5, 0, 0]
					}
				}
			}
		},
		"animation.LUCID_Giganotosaurus.attack": {
			"loop": "hold_on_last_frame",
			"animation_length": 1.22222,
			"bones": {
				"body": {
					"rotation": {
						"0.0": [-5, 0, 0],
						"0.2778": {
							"pre": [-5, 0, 0],
							"post": [-5, 0, 0],
							"lerp_mode": "catmullrom"
						},
						"0.5": {
							"post": [-27.71362, -6.49053, 3.76613],
							"lerp_mode": "catmullrom"
						},
						"0.7778": {
							"post": [-30.21, -6.49, 3.77],
							"lerp_mode": "catmullrom"
						},
						"1.1667": [-5, 0, 0]
					},
					"position": {
						"0.0": [0, -2, 0],
						"0.2778": {
							"pre": [-7, -17, -4],
							"post": [-7, -17, -4],
							"lerp_mode": "catmullrom"
						},
						"0.5": {
							"post": [-7, -16, -4],
							"lerp_mode": "catmullrom"
						},
						"0.5556": {
							"post": [-7.11, -18.32, -4.9],
							"lerp_mode": "catmullrom"
						},
						"0.7778": {
							"post": [-7, -11, -9],
							"lerp_mode": "catmullrom"
						},
						"1.1667": [0, -2, 0]
					}
				},
				"torso": {
					"rotation": {
						"0.0": [-2.5, 0, 0],
						"0.2778": {
							"pre": [15.17869, 9.26712, 3.48684],
							"post": [15.17869, 9.26712, 3.48684],
							"lerp_mode": "catmullrom"
						},
						"0.5": {
							"post": [23.23623, 2.31324, -2.63595],
							"lerp_mode": "catmullrom"
						},
						"0.7778": {
							"post": [30.79692, -4.44288, -5.89492],
							"lerp_mode": "catmullrom"
						},
						"1.1667": [-2.5, 0, 0]
					}
				},
				"shoulder0": {
					"rotation": {
						"0.0": [0, 0, 0],
						"1.1667": [0, 0, 0]
					}
				},
				"elbow0": {
					"rotation": {
						"0.0": [0, 0, 0],
						"1.1667": [0, 0, 0]
					}
				},
				"shoulder1": {
					"rotation": {
						"0.0": [0, 0, 0],
						"1.1667": [0, 0, 0]
					}
				},
				"elbow1": {
					"rotation": {
						"0.0": [0, 0, 0],
						"1.1667": [0, 0, 0]
					}
				},
				"neck": {
					"rotation": {
						"0.0": [0, 0, 0],
						"0.2778": {
							"pre": [25, 0, 0],
							"post": [25, 0, 0],
							"lerp_mode": "catmullrom"
						},
						"0.5": {
							"post": [24.82965, -13.04371, -3.30189],
							"lerp_mode": "catmullrom"
						},
						"0.7778": {
							"post": [28.4417, -19.56554, -18.61948],
							"lerp_mode": "catmullrom"
						},
						"1.1667": [0, 0, 0]
					}
				},
				"head": {
					"rotation": {
						"0.0": ["5+q.target_x_rotation", "q.target_y_rotation", 0],
						"0.2778": {
							"pre": ["-60+q.target_x_rotation", "0+q.target_y_rotation", 0],
							"post": ["-60+q.target_x_rotation", "0+q.target_y_rotation", 0],
							"lerp_mode": "catmullrom"
						},
						"0.5": {
							"post": ["-44.6098+q.target_x_rotation", "3.7316+q.target_y_rotation", 11.93844],
							"lerp_mode": "catmullrom"
						},
						"0.7778": {
							"post": [-35.11267, -1.29876, 9.91615],
							"lerp_mode": "catmullrom"
						},
						"1.1667": ["5+q.target_x_rotation", "q.target_y_rotation", 0]
					},
					"position": {
						"0.0": [0, 0, 0],
						"0.2778": {
							"pre": [0, -2, 2],
							"post": [0, -2, 2],
							"lerp_mode": "catmullrom"
						},
						"0.7778": {
							"post": [0, -2, 2],
							"lerp_mode": "catmullrom"
						},
						"1.1667": [0, 0, 0]
					}
				},
				"lower": {
					"rotation": {
						"0.0": [0, 0, 0],
						"0.2778": {
							"pre": [35, 0, 0],
							"post": [35, 0, 0],
							"lerp_mode": "catmullrom"
						},
						"0.3889": {
							"post": [40.43, 0, 0],
							"lerp_mode": "catmullrom"
						},
						"0.5": {
							"post": [0, 0, 0],
							"lerp_mode": "catmullrom"
						},
						"1.1667": [0, 0, 0]
					}
				},
				"tail1": {
					"rotation": {
						"0.0": [0, -5, 0],
						"0.2778": {
							"pre": [0, -12.5, 0],
							"post": [0, -12.5, 0],
							"lerp_mode": "catmullrom"
						},
						"0.5": {
							"post": [7.59357, -10.05946, 0.74373],
							"lerp_mode": "catmullrom"
						},
						"0.7778": {
							"post": [7.59246, 9.92047, 1.64397],
							"lerp_mode": "catmullrom"
						},
						"1.0": {
							"post": [3.10756, 7.17929, 0.55802],
							"lerp_mode": "catmullrom"
						},
						"1.1667": [0, -5, 0]
					}
				},
				"tail2": {
					"rotation": {
						"0.0": [-0.42501, 17.14754, 3.31386],
						"0.2778": {
							"pre": [-0.51782, -12.76301, 0.97026],
							"post": [-0.51782, -12.76301, 0.97026],
							"lerp_mode": "catmullrom"
						},
						"0.5": {
							"post": [7.41817, -22.53594, -1.20483],
							"lerp_mode": "catmullrom"
						},
						"0.7778": {
							"post": [7.03065, -17.64915, -0.07785],
							"lerp_mode": "catmullrom"
						},
						"1.0": {
							"post": [2.61232, -1.85613, 1.31625],
							"lerp_mode": "catmullrom"
						},
						"1.1667": [-0.42501, 17.14754, 3.31386]
					}
				},
				"tail3": {
					"rotation": {
						"0.0": [0, 12.5, 0],
						"0.2778": {
							"pre": [0, 20, 0],
							"post": [0, 20, 0],
							"lerp_mode": "catmullrom"
						},
						"0.5": {
							"post": [17.96182, -29.92064, -1.00054],
							"lerp_mode": "catmullrom"
						},
						"0.7778": {
							"post": [18.23984, -32.37799, -1.53789],
							"lerp_mode": "catmullrom"
						},
						"1.0": {
							"post": [7.51304, -16.07734, -0.66267],
							"lerp_mode": "catmullrom"
						},
						"1.1667": [0, 12.5, 0]
					}
				},
				"leg0": {
					"rotation": {
						"0.0": [10, 0, 0],
						"0.2778": {
							"pre": [8.41842, 0.09514, -10.04153],
							"post": [8.41842, 0.09514, -10.04153],
							"lerp_mode": "catmullrom"
						},
						"0.5": {
							"post": [30.91842, 0.09514, -10.04153],
							"lerp_mode": "catmullrom"
						},
						"0.7778": {
							"post": [38.41842, 0.09514, -10.04153],
							"lerp_mode": "catmullrom"
						},
						"1.1667": [10, 0, 0]
					}
				},
				"knee0": {
					"rotation": {
						"0.0": [2.5, 0, 0],
						"0.2778": {
							"pre": [25, 0, 0],
							"post": [25, 0, 0],
							"lerp_mode": "catmullrom"
						},
						"0.7778": {
							"post": [15, 0, 0],
							"lerp_mode": "catmullrom"
						},
						"1.1667": [2.5, 0, 0]
					}
				},
				"ankle0": {
					"rotation": {
						"0.0": [-7.5, 0, 0],
						"0.2778": {
							"pre": [-17.5, 0, 0],
							"post": [-17.5, 0, 0],
							"lerp_mode": "catmullrom"
						},
						"0.5": {
							"post": [-16.66575, -1.24071, -8.82014],
							"lerp_mode": "catmullrom"
						},
						"0.7778": {
							"post": [-11.66575, -1.24071, -8.82014],
							"lerp_mode": "catmullrom"
						},
						"1.1667": [-7.5, 0, 0]
					}
				},
				"foot0": {
					"rotation": {
						"0.0": [5, 0, 0],
						"0.2778": {
							"pre": [-10.86469, 2.10903, 8.76038],
							"post": [-10.86469, 2.10903, 8.76038],
							"lerp_mode": "catmullrom"
						},
						"0.7778": {
							"post": [-10.86469, 2.10903, 8.76038],
							"lerp_mode": "catmullrom"
						},
						"1.1667": [5, 0, 0]
					}
				},
				"leg1": {
					"rotation": {
						"0.0": [-15, 0, 0],
						"0.1111": {
							"pre": [-30.831, 1.55133, 9.08744],
							"post": [-30.831, 1.55133, 9.08744],
							"lerp_mode": "catmullrom"
						},
						"0.2778": {
							"post": [-30, 0, 12.5],
							"lerp_mode": "catmullrom"
						},
						"0.5": {
							"post": [-7.5, 0, 12.5],
							"lerp_mode": "catmullrom"
						},
						"0.7778": {
							"post": [0, 0, 12.5],
							"lerp_mode": "catmullrom"
						},
						"0.9444": {
							"post": [-5.92488, 2.40706, 16.01939],
							"lerp_mode": "catmullrom"
						},
						"1.1667": [-15, 0, 0]
					}
				},
				"knee1": {
					"rotation": {
						"0.0": [2.5, 0, 0],
						"0.1111": {
							"pre": [34.23, 0, 0],
							"post": [34.23, 0, 0],
							"lerp_mode": "catmullrom"
						},
						"0.2778": {
							"post": [27.5, 0, 0],
							"lerp_mode": "catmullrom"
						},
						"0.7778": {
							"post": [20, 0, 0],
							"lerp_mode": "catmullrom"
						},
						"0.9444": {
							"post": [8.63481, 0.34577, 1.22782],
							"lerp_mode": "catmullrom"
						},
						"1.1667": [2.5, 0, 0]
					}
				},
				"ankle1": {
					"rotation": {
						"0.0": [2.5, 0, 0],
						"0.1111": {
							"pre": [-5.84636, -7.29896, -6.69079],
							"post": [-5.84636, -7.29896, -6.69079],
							"lerp_mode": "catmullrom"
						},
						"0.2778": {
							"post": [-0.24803, -1.23862, 1.52048],
							"lerp_mode": "catmullrom"
						},
						"0.5": {
							"post": [1.94356, 8.96702, -5.71334],
							"lerp_mode": "catmullrom"
						},
						"0.7778": {
							"post": [6.94356, 8.96702, -5.71334],
							"lerp_mode": "catmullrom"
						},
						"0.9444": {
							"post": [8.02092, 1.76245, -11.91844],
							"lerp_mode": "catmullrom"
						},
						"1.1667": [2.5, 0, 0]
					}
				},
				"foot1": {
					"rotation": {
						"0.0": [17.5, 0, 0],
						"0.1111": {
							"pre": [49.36626, -0.92159, -4.16945],
							"post": [49.36626, -0.92159, -4.16945],
							"lerp_mode": "catmullrom"
						},
						"0.2778": {
							"post": [7.92411, -0.8234, -12.25695],
							"lerp_mode": "catmullrom"
						},
						"0.5": {
							"post": [14.70362, -1.36266, -9.91074],
							"lerp_mode": "catmullrom"
						},
						"0.7778": {
							"post": [7.60362, -1.61888, -7.32417],
							"lerp_mode": "catmullrom"
						},
						"0.9444": {
							"post": [7.60362, -1.61888, -7.32417],
							"lerp_mode": "catmullrom"
						},
						"1.1667": [17.5, 0, 0]
					}
				}
			}
		},
		"animation.LUCID_Giganotosaurus.start_sleep": {
			"loop": "hold_on_last_frame",
			"animation_length": 0.76923,
			"bones": {
				"body": {
					"rotation": {
						"0.0": [-5, 0, 0],
						"0.1538": [-10, 0, 0],
						"0.3077": [-12.5, 0, 0],
						"0.4615": [-7.5, 0, 0],
						"0.6154": [2.5, 0, 0]
					},
					"position": {
						"0.0": [0, -2, 0],
						"0.1538": [0, -15, 0],
						"0.3077": [0, -28, 0],
						"0.4615": [0, -41, 0],
						"0.6154": [0, -46, 0]
					}
				},
				"torso": {
					"rotation": {
						"0.0": [-2.5, 0, 0],
						"0.1538": [-12.5, 0, 0],
						"0.3077": [-17.5, 0, 0],
						"0.4615": [-10, 0, 0],
						"0.6154": [-2.5, 0, 0],
						"0.7692": [0, 0, 0]
					}
				},
				"head": {
					"rotation": {
						"0.0": [5, 0, 0],
						"0.1538": [15, 0, 0],
						"0.3077": [12.5, 0, 0],
						"0.4615": [-2.5, 0, 0],
						"0.6154": [-10, 0, 0],
						"0.7692": [-52.46148, -9.99038, -0.44067]
					}
				},
				"lower": {
					"rotation": {
						"0.0": [-5, 0, 0],
						"0.7692": [5, 0, 0]
					}
				},
				"leg0": {
					"rotation": {
						"0.0": [10, 0, 0],
						"0.1538": [17.5, 0, 0],
						"0.3077": [-20, 0, 0],
						"0.4615": [-47.5, 0, 0],
						"0.6154": [-65, 0, 0],
						"0.7692": [-64.4556, -9.52064, -3.11052]
					}
				},
				"knee0": {
					"rotation": {
						"0.0": [2.5, 0, 0],
						"0.1538": [22.5, 0, 0],
						"0.2308": [43.75, 0, 0],
						"0.3077": [5, 0, 0],
						"0.4615": [35, 0, 0],
						"0.6154": [45, 0, 0],
						"0.7692": [25, 0, 0]
					}
				},
				"ankle0": {
					"rotation": {
						"0.0": [-7.5, 0, 0],
						"0.1538": [-35, 0, 0],
						"0.2308": [-66.25, 0, 0],
						"0.3077": [-37.5, 0, 0]
					}
				},
				"foot0": {
					"rotation": {
						"0.1538": [12.5, 0, 0],
						"0.3077": [75, 0, 0]
					}
				},
				"leg1": {
					"rotation": {
						"0.0": [-15, 0, 0],
						"0.0769": [-33.75, 0, 0],
						"0.1538": [-27.5, 0, 0],
						"0.3077": [-35, 0, 0],
						"0.4615": [-62.5, 0, 0],
						"0.6154": [-65, 0, 0],
						"0.7692": [-63.31484, 18.99572, 6.50864]
					}
				},
				"knee1": {
					"rotation": {
						"0.0": [2.5, 0, 0],
						"0.0769": [26.25, 0, 0],
						"0.1538": [5, 0, 0],
						"0.3077": [20, 0, 0],
						"0.4615": [42.5, 0, 0],
						"0.7692": [25, 0, 0]
					}
				},
				"ankle1": {
					"rotation": {
						"0.0": [2.5, 0, 0],
						"0.0769": [-16.25, 0, 0],
						"0.1538": [0, 0, 0],
						"0.3077": [-17.5, 0, 0],
						"0.4615": [-15, 0, 0],
						"0.6154": [-37.5, 0, 0],
						"0.7692": [-37.5, 0, 0]
					}
				},
				"foot1": {
					"rotation": {
						"0.0": [17.5, 0, 0],
						"0.1538": [35, 0, 0],
						"0.3077": [47.5, 0, 0],
						"0.6154": [92.5, 0, 0]
					}
				},
				"neck": {
					"rotation": {
						"0.0": [20, 0, 0],
						"0.1538": [20, 0, 0],
						"0.3077": [20.24222, 4.81281, 5.7589],
						"0.4615": [23.64989, 14.50601, 21.85297],
						"0.6154": [76.64331, 52.1387, 36.65117],
						"0.7692": [52.75483, 31.96464, 16.35094]
					},
					"position": {
						"0.0": [0, 0, 0],
						"0.7692": [-2, 0, 0]
					}
				},
				"shoulder0": {
					"rotation": {
						"0.0": [0, 0, 0],
						"0.7692": [-45, 0, 0]
					}
				},
				"elbow0": {
					"rotation": {
						"0.0": [0, 0, 0],
						"0.6154": [-55, 0, 0],
						"0.7692": [-59.25881, -5.00936, -42.42183]
					}
				},
				"shoulder1": {
					"rotation": {
						"0.0": [0, 0, 0],
						"0.7692": [-30, 0, 0]
					}
				},
				"elbow1": {
					"rotation": {
						"0.0": [0, 0, 0],
						"0.6154": [-55, 0, 0]
					}
				},
				"tail1": {
					"rotation": {
						"0.0": [0, 0, 0],
						"0.3077": [-1.65396, -4.99152, -0.29146],
						"0.4615": [-1.87242, -19.6835, -3.61642],
						"0.6154": [-12.97532, -19.82169, 2.71994],
						"0.7692": [-21.00966, -24.59477, 4.62934]
					}
				},
				"tail2": {
					"rotation": {
						"0.0": [0, 0, 0],
						"0.1538": [7.5, 0, 0],
						"0.3077": [10.24133, -17.43127, -1.5741],
						"0.4615": [5, -22.5, 0],
						"0.6154": [-6.50839, -29.4987, 5.72511],
						"0.7692": [3.85612, -29.7174, 4.30963]
					}
				},
				"tail3": {
					"rotation": {
						"0.0": [0, 0, 0],
						"0.1538": [7.5, 0, 0],
						"0.3077": [12.54292, 7.4713, 0.6574],
						"0.4615": [15.09311, 8.69227, 0.98997],
						"0.6154": [17.50933, -2.462, -0.43439],
						"0.7692": [8.63216, -53.10479, -17.17679]
					}
				}
			}
		},
		"animation.LUCID_Giganotosaurus.end_sleep": {
			"loop": "hold_on_last_frame",
			"animation_length": 1.07692,
			"bones": {
				"body": {
					"rotation": {
						"0.0": [2.5, 0, 0],
						"0.2308": [5.89, 0, 0],
						"0.4615": [10.42, 0, 0],
						"0.8462": [3.28, 0, 0],
						"1.0769": [-5, 0, 0]
					},
					"position": {
						"0.0": [0, -45, 0],
						"0.2308": [0, -38.79, 0],
						"0.8462": [0, -8.03, 0],
						"1.0769": [0, -2, 0]
					}
				},
				"torso": {
					"rotation": {
						"0.0": [0, 0, 0],
						"1.0769": [-2.5, 0, 0]
					}
				},
				"head": {
					"rotation": {
						"0.0": [-52.46148, -9.99038, -0.44067],
						"1.0769": [5, 0, 0]
					}
				},
				"lower": {
					"rotation": {
						"0.0": [5, 0, 0],
						"1.0769": [-5, 0, 0]
					}
				},
				"leg0": {
					"rotation": {
						"0.0": [-64.4556, -9.52064, -3.11052],
						"0.2308": [-58.93, 0, 0],
						"0.3077": [-58.9, 0, 0],
						"0.4615": [-25.13, 0, 0],
						"1.0769": [10, 0, 0]
					}
				},
				"knee0": {
					"rotation": {
						"0.0": [25, 0, 0],
						"0.2308": [35.89, 0, 0],
						"0.3077": [47.85, 0, 0],
						"0.4615": [49.28, 0, 0],
						"0.8462": [15.04, 0, 0],
						"1.0769": [2.5, 0, 0]
					}
				},
				"ankle0": {
					"rotation": {
						"0.0": [-37.5, 0, 0],
						"0.2308": [-31.07, 0, 0],
						"0.3077": [-38.45, 0, 0],
						"0.4615": [-19.64, 0, 0],
						"1.0769": [-7.5, 0, 0]
					}
				},
				"foot0": {
					"rotation": {
						"0.0": [75, 0, 0],
						"0.2308": [57.5, 0, 0],
						"0.3077": [71.29, 0, 0],
						"0.4615": [-19.32, 0, 0],
						"1.0769": [5, 0, 0]
					}
				},
				"leg1": {
					"rotation": {
						"0.0": [-63.31484, 18.99572, 6.50864],
						"0.2308": [-56.79, 0, 0],
						"0.8462": [-31.4, 0, 0],
						"1.0769": [-15, 0, 0]
					}
				},
				"knee1": {
					"rotation": {
						"0.0": [25, 0, 0],
						"0.2308": [23.93, 0, 0],
						"0.4615": [10.59, 0, 0],
						"0.8462": [-4.47, 0, 0],
						"1.0": [15.18, 0, 0],
						"1.0769": [2.5, 0, 0]
					}
				},
				"ankle1": {
					"rotation": {
						"0.0": [-37.5, 0, 0],
						"0.2308": [-43.93, 0, 0],
						"0.4615": [-28.77, 0, 0],
						"0.8462": [3.27, 0, 0],
						"1.0": [-9.74, 0, 0],
						"1.0769": [2.5, 0, 0]
					}
				},
				"foot1": {
					"rotation": {
						"0.0": [92.5, 0, 0],
						"1.0769": [17.5, 0, 0]
					}
				},
				"neck": {
					"rotation": {
						"0.0": [52.75483, 31.96464, 16.35094],
						"1.0769": [20, 0, 0]
					},
					"position": [-2, 0, 0]
				},
				"elbow0": {
					"rotation": {
						"0.0": [-59.25881, -5.00936, -42.42183],
						"1.0769": [0, 0, 0]
					}
				},
				"elbow1": {
					"rotation": {
						"0.0": [0, 0, 0],
						"1.0769": [0, 0, 0]
					}
				},
				"tail1": {
					"rotation": {
						"0.0": [-21.00966, -24.59477, 4.62934],
						"0.4615": [-14.14838, -14.05415, 2.64534],
						"1.0769": [0, 0, 0]
					}
				},
				"tail2": {
					"rotation": {
						"0.0": [3.85612, -29.7174, 4.30963],
						"0.2308": [-18.20138, -28.30042, 4.16206],
						"0.4615": [-10.46569, -30.49379, 4.4999],
						"1.0769": [0, 0, 0]
					}
				},
				"tail3": {
					"rotation": {
						"0.0": [8.63216, -53.10479, -17.17679],
						"0.2308": [16.99813, -55.28176, -15.88771],
						"0.4615": [-2.63773, -40.20492, -11.5547],
						"1.0769": [0, 0, 0]
					}
				},
				"shoulder0": {
					"rotation": {
						"0.0": [-45, 0, 0],
						"1.0769": [0, 0, 0]
					}
				},
				"shoulder1": {
					"rotation": {
						"0.0": [-30, 0, 0],
						"1.0769": [0, 0, 0]
					}
				}
			}
		},
		"animation.LUCID_Giganotosaurus.sleeping": {
			"loop": true,
			"bones": {
				"body": {
					"rotation": [2.5, 0, 0],
					"position": [0, -45, 0]
				},
				"torso": {
					"rotation": [0, 0, "math.sin(q.anim_time*50)*5"]
				},
				"shoulder0": {
					"rotation": [-45, 0, 0]
				},
				"elbow0": {
					"rotation": ["-59.2588+math.sin(q.anim_time*50)*5", -5.00936, -42.42183]
				},
				"shoulder1": {
					"rotation": [-51.28246, "51.8336+math.sin(q.anim_time*-50)*5", 22.25428]
				},
				"elbow1": {
					"rotation": [0, "math.sin(q.anim_time*100)*5", 0]
				},
				"neck": {
					"rotation": [52.75483, 31.96464, "16.3509+math.sin(q.anim_time*-50)*5"],
					"position": [-2, 0, 0]
				},
				"head": {
					"rotation": ["-52.309+math.sin(q.anim_time*50)*5", -0.1381, -2.16203]
				},
				"lower": {
					"rotation": ["5+math.sin(q.anim_time*-50)*5", 0, 0]
				},
				"tail1": {
					"rotation": [-21.00966, "-24.5948+math.sin(q.anim_time*50)*15", 4.62934]
				},
				"tail2": {
					"rotation": [6.35612, "-29.7174+math.sin(q.anim_time*50)*15", 4.30963]
				},
				"tail3": {
					"rotation": [11.13216, "-53.1048+math.sin(q.anim_time*50)*15", -17.17679]
				},
				"leg0": {
					"rotation": [-64.4556, -9.52064, -3.11052]
				},
				"knee0": {
					"rotation": [25, "math.sin(q.anim_time*50)*5", 0]
				},
				"ankle0": {
					"rotation": [-37.5, 0, 0]
				},
				"foot0": {
					"rotation": [75, 0, 0]
				},
				"leg1": {
					"rotation": [-63.31484, 18.99572, 6.50864]
				},
				"knee1": {
					"rotation": [25, "math.sin(q.anim_time*50)*5", 0]
				},
				"ankle1": {
					"rotation": [-37.5, "math.sin(q.anim_time*50)*-5", 0]
				},
				"foot1": {
					"rotation": [92.5, 0, 0]
				},
				"finger1": {
					"rotation": ["-15+math.sin(q.anim_time*50)*5", 0, 0]
				},
				"finger2": {
					"rotation": ["27.5+math.sin(q.anim_time*50)*5", 0, 0]
				},
				"toe1": {
					"rotation": [0, "math.sin(q.anim_time*50)*5", 0]
				},
				"toe2": {
					"rotation": [0, "math.sin(q.anim_time*-50)*5", 0]
				},
				"sleep_locator": {
					"position": [2, 3, 0]
				}
			},
			"particle_effects": {
				"0.0": {
					"effect": "sleep_locator",
					"locator": "sleep_locator"
				}
			}
		},
		"animation.LUCID_Giganotosaurus.push": {
			"loop": "hold_on_last_frame",
			"animation_length": 1.58333,
			"bones": {
				"body": {
					"rotation": {
						"0.0": [0, 0, 0],
						"1.5833": [0, 0, 0]
					},
					"position": {
						"0.0": [0, 0, 0],
						"0.25": [0, -1, 0],
						"0.8333": [0, 1, 0],
						"1.5833": [0, 0, 0]
					}
				},
				"torso": {
					"rotation": {
						"0.0": [0, 0, 0],
						"0.25": {
							"pre": [10, 0, 0],
							"post": [10, 0, 0],
							"lerp_mode": "catmullrom"
						},
						"0.4167": {
							"post": [7.5, 0, 0],
							"lerp_mode": "catmullrom"
						},
						"0.6667": {
							"post": [10, 0, 0],
							"lerp_mode": "catmullrom"
						},
						"0.8333": {
							"post": [-5.28058, -10.82156, -11.79886],
							"lerp_mode": "catmullrom"
						},
						"1.0833": {
							"post": [-5, 0, 0],
							"lerp_mode": "catmullrom"
						},
						"1.5833": [0, 0, 0]
					},
					"position": {
						"0.0": [0, 0, 0],
						"0.25": {
							"pre": [0, -2, 0],
							"post": [0, -2, 0],
							"lerp_mode": "catmullrom"
						},
						"0.6667": {
							"post": [0, -2, 0],
							"lerp_mode": "catmullrom"
						},
						"0.8333": {
							"post": [0, -1, 0],
							"lerp_mode": "catmullrom"
						},
						"1.3333": {
							"post": [0, -1, -1],
							"lerp_mode": "catmullrom"
						},
						"1.5833": [0, 0, 0]
					}
				},
				"shoulder0": {
					"rotation": {
						"0.0": [0, 0, 0],
						"0.25": {
							"pre": [0, 0, 10],
							"post": [0, 0, 10],
							"lerp_mode": "catmullrom"
						},
						"0.4167": {
							"post": [0, 0, 7.5],
							"lerp_mode": "catmullrom"
						},
						"0.6667": {
							"post": [0, 0, 10],
							"lerp_mode": "catmullrom"
						},
						"0.8333": {
							"post": [0, 0, 12.5],
							"lerp_mode": "catmullrom"
						},
						"1.0833": {
							"post": [27.5, 0, -7.5],
							"lerp_mode": "catmullrom"
						},
						"1.3333": {
							"post": [45, 0, -7.5],
							"lerp_mode": "catmullrom"
						},
						"1.5833": [0, 0, 0]
					},
					"position": {
						"0.0": [0, 0, 0],
						"1.5833": [0, 0, 0]
					}
				},
				"elbow0": {
					"rotation": {
						"0.0": [0, 0, 0],
						"0.25": {
							"pre": [0, 0, 25],
							"post": [0, 0, 25],
							"lerp_mode": "catmullrom"
						},
						"0.4167": {
							"post": [0, 0, 15],
							"lerp_mode": "catmullrom"
						},
						"0.6667": {
							"post": [0, 0, 25],
							"lerp_mode": "catmullrom"
						},
						"0.8333": {
							"post": [0, 0, 0],
							"lerp_mode": "catmullrom"
						},
						"1.0833": {
							"post": [0, 0, 17.5],
							"lerp_mode": "catmullrom"
						},
						"1.3333": {
							"post": [-10, 0, 17.5],
							"lerp_mode": "catmullrom"
						},
						"1.5833": [0, 0, 0]
					},
					"position": {
						"0.0": [0, 0, 0],
						"1.5833": [0, 0, 0]
					}
				},
				"shoulder1": {
					"rotation": {
						"0.0": [0, 0, 0],
						"0.25": {
							"pre": [0, 0, -15],
							"post": [0, 0, -15],
							"lerp_mode": "catmullrom"
						},
						"0.4167": {
							"post": [0, 0, -10],
							"lerp_mode": "catmullrom"
						},
						"0.6667": {
							"post": [0, 0, -15],
							"lerp_mode": "catmullrom"
						},
						"0.8333": {
							"post": [0, 0, 25],
							"lerp_mode": "catmullrom"
						},
						"1.0833": {
							"post": [27.5, 0, 7.5],
							"lerp_mode": "catmullrom"
						},
						"1.3333": {
							"post": [17.5, 0, 7.5],
							"lerp_mode": "catmullrom"
						},
						"1.5833": [0, 0, 0]
					},
					"position": {
						"0.0": [0, 0, 0],
						"1.5833": [0, 0, 0]
					}
				},
				"elbow1": {
					"rotation": {
						"0.0": [0, 0, 0],
						"0.25": {
							"pre": [0, 0, -20],
							"post": [0, 0, -20],
							"lerp_mode": "catmullrom"
						},
						"0.4167": {
							"post": [0, 0, -15],
							"lerp_mode": "catmullrom"
						},
						"0.6667": {
							"post": [0, 0, -20],
							"lerp_mode": "catmullrom"
						},
						"0.8333": {
							"post": [0, 0, -5],
							"lerp_mode": "catmullrom"
						},
						"1.0833": {
							"post": [0, 0, -30],
							"lerp_mode": "catmullrom"
						},
						"1.3333": {
							"post": [-22.5, 0, -30],
							"lerp_mode": "catmullrom"
						},
						"1.5833": [0, 0, 0]
					},
					"position": {
						"0.0": [0, 0, 0],
						"1.5833": [0, 0, 0]
					}
				},
				"neck": {
					"rotation": {
						"0.0": [0, 0, 0],
						"0.25": {
							"pre": [15, 0, 0],
							"post": [15, 0, 0],
							"lerp_mode": "catmullrom"
						},
						"0.4167": {
							"post": [10, 0, 0],
							"lerp_mode": "catmullrom"
						},
						"0.6667": {
							"post": [15, 0, 0],
							"lerp_mode": "catmullrom"
						},
						"0.8333": {
							"post": [15, 0, 0],
							"lerp_mode": "catmullrom"
						},
						"1.0833": {
							"post": [22.5, 0, 0],
							"lerp_mode": "catmullrom"
						},
						"1.5833": [0, 0, 0]
					},
					"position": {
						"0.0": [0, 0, 0],
						"0.25": {
							"pre": [0, 0, 1],
							"post": [0, 0, 1],
							"lerp_mode": "catmullrom"
						},
						"0.6667": {
							"post": [0, 0, 1],
							"lerp_mode": "catmullrom"
						},
						"0.8333": {
							"post": [0, 1, 1],
							"lerp_mode": "catmullrom"
						},
						"1.3333": {
							"post": [0, 1, -2],
							"lerp_mode": "catmullrom"
						},
						"1.5833": [0, 0, 0]
					}
				},
				"head": {
					"rotation": {
						"0.0": [0, 0, 0],
						"0.25": {
							"pre": [27.5, 0, 0],
							"post": [27.5, 0, 0],
							"lerp_mode": "catmullrom"
						},
						"0.4167": {
							"post": [32.5, 0, 0],
							"lerp_mode": "catmullrom"
						},
						"0.6667": {
							"post": [27.5, 0, 0],
							"lerp_mode": "catmullrom"
						},
						"0.8333": {
							"post": [-10, 0, 0],
							"lerp_mode": "catmullrom"
						},
						"1.0833": {
							"post": [30, 0, 0],
							"lerp_mode": "catmullrom"
						},
						"1.3333": {
							"post": [37.5, 0, 0],
							"lerp_mode": "catmullrom"
						},
						"1.5833": [0, 0, 0]
					},
					"position": {
						"0.0": [0, 0, 0],
						"0.25": {
							"pre": [0, -1, 0],
							"post": [0, -1, 0],
							"lerp_mode": "catmullrom"
						},
						"0.6667": {
							"post": [0, -1, 0],
							"lerp_mode": "catmullrom"
						},
						"0.8333": {
							"post": [0, -1, 1],
							"lerp_mode": "catmullrom"
						},
						"1.3333": {
							"post": [0, 1, 1],
							"lerp_mode": "catmullrom"
						},
						"1.5833": [0, 0, 0]
					}
				},
				"lower": {
					"rotation": {
						"0.0": [0, 0, 0],
						"0.4167": {
							"pre": [2.5, 0, 0],
							"post": [2.5, 0, 0],
							"lerp_mode": "catmullrom"
						},
						"0.8333": {
							"post": [25, 0, 0],
							"lerp_mode": "catmullrom"
						},
						"1.3333": {
							"post": [0, 0, 0],
							"lerp_mode": "catmullrom"
						},
						"1.5833": [0, 0, 0]
					},
					"position": {
						"0.0": [0, 0, 0],
						"1.5833": [0, 0, 0]
					}
				},
				"tail1": {
					"rotation": {
						"0.0": [0, 0, 0],
						"0.25": {
							"pre": [-7.5, 0, 0],
							"post": [-7.5, 0, 0],
							"lerp_mode": "catmullrom"
						},
						"0.4167": {
							"post": [-6.60547, 4.89828, -1.00463],
							"lerp_mode": "catmullrom"
						},
						"0.6667": {
							"post": [-5.27968, -8.45399, 1.42921],
							"lerp_mode": "catmullrom"
						},
						"0.8333": {
							"post": [-4.29322, 5.41985, -0.84836],
							"lerp_mode": "catmullrom"
						},
						"1.0833": {
							"post": [-10.37982, -4.61127, 0.77957],
							"lerp_mode": "catmullrom"
						},
						"1.3333": {
							"post": [-5.21728, -4.76611, 0.83346],
							"lerp_mode": "catmullrom"
						},
						"1.5833": [0, 0, 0]
					},
					"position": {
						"0.0": [0, 0, 0],
						"1.5833": [0, 0, 0]
					}
				},
				"tail2": {
					"rotation": {
						"0.0": [0, 0, 0],
						"0.25": {
							"pre": [-5, 0, 0],
							"post": [-5, 0, 0],
							"lerp_mode": "catmullrom"
						},
						"0.4167": {
							"post": [-4.35295, 14.99909, 0.16746],
							"lerp_mode": "catmullrom"
						},
						"0.6667": {
							"post": [-3.45106, -3.20948, -0.2779],
							"lerp_mode": "catmullrom"
						},
						"0.8333": {
							"post": [-0.16751, 14.81479, 1.22574],
							"lerp_mode": "catmullrom"
						},
						"1.0833": {
							"post": [-12.71573, -1.75062, -0.15158],
							"lerp_mode": "catmullrom"
						},
						"1.3333": {
							"post": [-6.36006, -3.37461, -0.01647],
							"lerp_mode": "catmullrom"
						},
						"1.5833": [0, 0, 0]
					},
					"position": {
						"0.0": [0, 0, 0],
						"1.5833": [0, 0, 0]
					}
				},
				"tail3": {
					"rotation": {
						"0.0": [0, 0, 0],
						"0.25": {
							"pre": [-5, 0, 0],
							"post": [-5, 0, 0],
							"lerp_mode": "catmullrom"
						},
						"0.4167": {
							"post": [-4.55287, 9.78386, -2.07801],
							"lerp_mode": "catmullrom"
						},
						"0.6667": {
							"post": [-3.72242, -11.9426, 2.21856],
							"lerp_mode": "catmullrom"
						},
						"0.8333": {
							"post": [4.45036, 10.20106, 0.75723],
							"lerp_mode": "catmullrom"
						},
						"1.0833": {
							"post": [-4.53041, -6.51415, 1.21012],
							"lerp_mode": "catmullrom"
						},
						"1.3333": {
							"post": [-2.35058, -8.18409, 1.46079],
							"lerp_mode": "catmullrom"
						},
						"1.5833": [0, 0, 0]
					},
					"position": {
						"0.0": [0, 0, 0],
						"1.5833": [0, 0, 0]
					}
				},
				"leg0": {
					"rotation": {
						"0.0": [0, 0, 0],
						"0.4167": {
							"pre": [0, 7.5, 0],
							"post": [0, 7.5, 0],
							"lerp_mode": "catmullrom"
						},
						"0.6667": {
							"post": [5, -1.61, 0],
							"lerp_mode": "catmullrom"
						},
						"0.8333": {
							"post": [5.46885, -11.5353, -4.6125],
							"lerp_mode": "catmullrom"
						},
						"1.5833": [0, 0, 0]
					},
					"position": {
						"0.0": [0, 0, 0],
						"0.25": {
							"pre": [0, -2, 0],
							"post": [0, -2, 0],
							"lerp_mode": "catmullrom"
						},
						"1.5833": [0, 0, 0]
					}
				},
				"knee0": {
					"rotation": {
						"0.0": [0, 0, 0],
						"0.25": {
							"pre": [2.5, 0, 0],
							"post": [2.5, 0, 0],
							"lerp_mode": "catmullrom"
						},
						"0.6667": {
							"post": [-3.28, 0, 0],
							"lerp_mode": "catmullrom"
						},
						"0.8333": {
							"post": [-2.71079, -1.68277, 1.84913],
							"lerp_mode": "catmullrom"
						},
						"1.5833": [0, 0, 0]
					},
					"position": {
						"0.0": [0, 0, 0],
						"1.5833": [0, 0, 0]
					}
				},
				"ankle0": {
					"rotation": {
						"0.0": [0, 0, 0],
						"0.25": {
							"pre": [-2.5, 0, 0],
							"post": [-2.5, 0, 0],
							"lerp_mode": "catmullrom"
						},
						"0.6667": {
							"post": [-5, 0, 0],
							"lerp_mode": "catmullrom"
						},
						"0.8333": {
							"post": [0, 0, 0],
							"lerp_mode": "catmullrom"
						},
						"1.5833": [0, 0, 0]
					}
				},
				"leg1": {
					"rotation": {
						"0.0": [0, 0, 0],
						"0.4167": [-2.5, 0, 0],
						"1.5833": [0, 0, 0]
					},
					"position": {
						"0.0": [0, 0, 0],
						"0.25": [0, -4, 0],
						"1.5833": [0, 0, 0]
					}
				},
				"knee1": {
					"rotation": {
						"0.0": [0, 0, 0],
						"0.25": [10, 0, 0],
						"0.4167": [7.5, 0, 0],
						"0.6667": [5, 0, 0],
						"0.8333": [2.5, 0, 0],
						"1.0": [0, 0, 0],
						"1.5833": [0, 0, 0]
					}
				},
				"ankle1": {
					"rotation": {
						"0.0": [0, 0, 0],
						"0.25": [4.85559, 0.53514, 0.97233],
						"0.4167": [2.35559, 0.53514, 0.97233],
						"0.6667": [-2.64441, 0.53514, 0.97233],
						"1.5833": [0, 0, 0]
					},
					"position": {
						"0.0": [0, 0, 0],
						"1.5833": [0, 0, 0]
					}
				},
				"foot1": {
					"rotation": {
						"0.0": [0, 0, 0],
						"0.25": [-17.5, 0, 0],
						"0.4167": [-5, 0, 0],
						"0.6667": [0, 0, 0],
						"0.8333": [5, 0, 0],
						"1.5833": [0, 0, 0]
					}
				}
			}
		}
	}
}