{
	"format_version": "1.8.0",
	"animations": {
		"animation.Indominus_LUCID.walk": {
			"loop": true,
			"animation_length": 1.28,
			"bones": {
				"body": {
					"rotation": {
						"0.0": [
							2.5,
							-5,
							2.5
						],
						"0.16": [
							5.00238,
							-2.49762,
							-0.10912
						],
						"0.32": [
							9.99294,
							0.32621,
							-2.47864
						],
						"0.48": [
							7.48744,
							2.92578,
							-4.76379
						],
						"0.64": [
							2.5,
							5,
							-2.5
						],
						"0.8": [
							5.00238,
							2.49762,
							0.10912
						],
						"0.96": [
							9.99294,
							-0.32621,
							2.47864
						],
						"1.12": [
							7.48744,
							-2.92578,
							4.76379
						],
						"1.28": [
							2.5,
							-5,
							2.5
						]
					},
					"position": {
						"0.0": [
							1,
							-3,
							0
						],
						"0.16": [
							0,
							-6,
							0
						],
						"0.32": [
							-1,
							-4,
							0
						],
						"0.48": [
							-2,
							-1,
							0
						],
						"0.64": [
							-1,
							-3,
							0
						],
						"0.8": [
							0,
							-6,
							0
						],
						"0.96": [
							1,
							-4,
							0
						],
						"1.12": [
							2,
							-1,
							0
						],
						"1.28": [
							1,
							-3,
							0
						]
					}
				},
				"torso": {
					"rotation": {
						"0.0": [
							2.03815,
							5.63305,
							-4.98123
						],
						"0.16": [
							-2.77588,
							6.35305,
							-2.51306
						],
						"0.32": [
							-1.56091,
							2.35231,
							2.49787
						],
						"0.48": [
							1.53327,
							-1.82504,
							4.96863
						],
						"0.64": [
							2.03815,
							-5.63305,
							4.98123
						],
						"0.8": [
							-2.77588,
							-6.35305,
							2.51306
						],
						"0.96": [
							-1.66667,
							-2.5,
							0
						],
						"1.12": [
							1.53327,
							1.82504,
							-4.96863
						],
						"1.28": [
							2.03815,
							5.63305,
							-4.98123
						]
					}
				},
				"neck": {
					"rotation": {
						"0.0": [
							0,
							0,
							0
						],
						"0.64": [
							0,
							0,
							0
						],
						"1.28": [
							0,
							0,
							0
						]
					}
				},
				"head": {
					"rotation": {
						"0.0": [
							2.5,
							0,
							0
						],
						"0.16": [
							0,
							0,
							0
						],
						"0.32": [
							-5,
							0,
							0
						],
						"0.48": [
							0,
							0,
							0
						],
						"0.64": [
							2.5,
							0,
							0
						],
						"0.8": [
							-0.62,
							0,
							0
						],
						"0.96": [
							-5.41,
							0,
							0
						],
						"1.12": [
							2.3,
							0,
							0
						],
						"1.28": [
							2.5,
							0,
							0
						]
					}
				},
				"lower": {
					"rotation": {
						"0.0": [
							0,
							0,
							0
						],
						"0.16": [
							-2.5,
							0,
							0
						],
						"0.32": [
							-4.17,
							0,
							0
						],
						"0.64": [
							0,
							0,
							0
						],
						"0.8": [
							-2.5,
							0,
							0
						],
						"0.96": [
							-4.17,
							0,
							0
						],
						"1.28": [
							0,
							0,
							0
						]
					}
				},
				"elbow0": {
					"rotation": {
						"0.0": [
							-15,
							0,
							0
						],
						"0.16": [
							-20,
							0,
							0
						],
						"0.32": [
							-29.17,
							0,
							0
						],
						"0.48": [
							-22.08,
							0,
							0
						],
						"0.64": [
							-17.5,
							0,
							0
						],
						"0.8": [
							-21.87,
							0,
							0
						],
						"0.96": [
							-27.91,
							0,
							0
						],
						"1.12": [
							-23.95,
							0,
							0
						],
						"1.28": [
							-15,
							0,
							0
						]
					}
				},
				"wrist0": {
					"rotation": {
						"0.0": [
							2.5,
							0,
							0
						],
						"0.64": [
							2.5,
							0,
							0
						],
						"1.28": [
							2.5,
							0,
							0
						]
					}
				},
				"elbow1": {
					"rotation": {
						"0.0": [
							-15,
							0,
							0
						],
						"0.16": [
							-20,
							0,
							0
						],
						"0.32": [
							-28.33,
							0,
							0
						],
						"0.48": [
							-21.66,
							0,
							0
						],
						"0.64": [
							-15,
							0,
							0
						],
						"0.8": [
							-20,
							0,
							0
						],
						"0.96": [
							-28.33,
							0,
							0
						],
						"1.12": [
							-21.66,
							0,
							0
						],
						"1.28": [
							-15,
							0,
							0
						]
					}
				},
				"wrist1": {
					"rotation": {
						"0.0": [
							2.5,
							0,
							0
						],
						"0.64": [
							2.5,
							0,
							0
						],
						"1.28": [
							2.5,
							0,
							0
						]
					}
				},
				"tail1": {
					"rotation": {
						"0.0": [
							0,
							7.5,
							0
						],
						"0.16": [
							-5,
							10,
							0
						],
						"0.32": [
							-12.52832,
							4.95712,
							-0.65426
						],
						"0.48": [
							-7.50238,
							-2.49762,
							0.10912
						],
						"0.64": [
							0,
							-7.5,
							0
						],
						"0.8": [
							-5,
							-10,
							0
						],
						"0.96": [
							-12.52832,
							-4.95712,
							0.65426
						],
						"1.12": [
							-7.50238,
							2.49762,
							-0.10912
						],
						"1.28": [
							0,
							7.5,
							0
						]
					}
				},
				"tail2": {
					"rotation": {
						"0.0": [
							-5.00933,
							-2.462,
							0.43439
						],
						"0.16": [
							2.49046,
							4.99523,
							-0.21865
						],
						"0.32": [
							0,
							12.5,
							0
						],
						"0.48": [
							-7.60443,
							7.32123,
							-1.63219
						],
						"0.64": [
							-5.00933,
							2.462,
							-0.43439
						],
						"0.8": [
							2.49046,
							-4.99523,
							0.21865
						],
						"0.96": [
							2.49046,
							-4.99523,
							0.21865
						],
						"1.12": [
							-7.60443,
							-7.32123,
							1.63219
						],
						"1.28": [
							-5.00933,
							-2.462,
							0.43439
						]
					}
				},
				"tail3": {
					"rotation": {
						"0.0": [
							-10.79388,
							-16.66577,
							5.41615
						],
						"0.16": [
							-7.62353,
							-7.24305,
							1.95155
						],
						"0.32": [
							7.13966,
							2.49995,
							-0.01572
						],
						"0.48": [
							4.01533,
							22.46254,
							-1.33283
						],
						"0.64": [
							-10.79388,
							16.66577,
							-5.41615
						],
						"0.8": [
							-5.00933,
							2.462,
							-0.43439
						],
						"0.96": [
							7.13966,
							-2.49995,
							0.01572
						],
						"1.12": [
							4.01533,
							-22.46254,
							1.33283
						],
						"1.28": [
							-10.79388,
							-16.66577,
							5.41615
						]
					}
				},
				"leg0": {
					"rotation": {
						"0.0": [
							22.5,
							0,
							0
						],
						"0.16": [
							35,
							0,
							0
						],
						"0.32": [
							2.5,
							0,
							0
						],
						"0.48": [
							-37.5,
							0,
							0
						],
						"0.64": [
							-22.5,
							0,
							0
						],
						"0.8": [
							-27.5,
							0,
							0
						],
						"0.96": [
							-22.5,
							0,
							0
						],
						"1.12": [
							-5,
							0,
							0
						],
						"1.28": [
							22.5,
							0,
							0
						]
					}
				},
				"knee0": {
					"rotation": {
						"0.0": [
							-20,
							0,
							0
						],
						"0.16": [
							-22.5,
							0,
							0
						],
						"0.32": [
							27.5,
							0,
							0
						],
						"0.48": [
							20,
							0,
							0
						],
						"0.64": [
							-17.5,
							0,
							0
						],
						"0.8": [
							0,
							0,
							0
						],
						"0.96": [
							2.5,
							0,
							0
						],
						"1.12": [
							-5,
							0,
							0
						],
						"1.28": [
							-20,
							0,
							0
						]
					}
				},
				"ankle0": {
					"rotation": {
						"0.0": [
							-25,
							0,
							0
						],
						"0.16": [
							-17.5,
							0,
							0
						],
						"0.32": [
							-5,
							0,
							0
						],
						"0.48": [
							-5,
							0,
							0
						],
						"0.64": [
							-10,
							0,
							0
						],
						"0.8": [
							2.5,
							0,
							0
						],
						"0.96": [
							-5,
							0,
							0
						],
						"1.12": [
							-10,
							0,
							0
						],
						"1.28": [
							-25,
							0,
							0
						]
					}
				},
				"foot0": {
					"rotation": {
						"0.0": [
							20,
							0,
							0
						],
						"0.16": [
							0,
							0,
							0
						],
						"0.32": [
							35,
							0,
							0
						],
						"0.48": [
							47.5,
							0,
							0
						],
						"0.64": [
							5,
							0,
							0
						],
						"0.8": [
							20,
							0,
							0
						],
						"0.96": [
							15,
							0,
							0
						],
						"1.12": [
							12.5,
							0,
							0
						],
						"1.28": [
							20,
							0,
							0
						]
					}
				},
				"leg1": {
					"rotation": {
						"0.0": [
							-22.5,
							0,
							0
						],
						"0.16": [
							-27.5,
							0,
							0
						],
						"0.32": [
							-22.5,
							0,
							0
						],
						"0.48": [
							-5,
							0,
							0
						],
						"0.64": [
							20,
							0,
							0
						],
						"0.8": [
							35,
							0,
							0
						],
						"0.96": [
							2.5,
							0,
							0
						],
						"1.12": [
							-37.5,
							0,
							0
						],
						"1.28": [
							-22.5,
							0,
							0
						]
					}
				},
				"knee1": {
					"rotation": {
						"0.0": [
							-17.5,
							0,
							0
						],
						"0.16": [
							0,
							0,
							0
						],
						"0.32": [
							2.5,
							0,
							0
						],
						"0.48": [
							-2.5,
							0,
							0
						],
						"0.64": [
							-17.5,
							0,
							0
						],
						"0.8": [
							-20,
							0,
							0
						],
						"0.96": [
							27.5,
							0,
							0
						],
						"1.12": [
							20,
							0,
							0
						],
						"1.28": [
							-17.5,
							0,
							0
						]
					}
				},
				"ankle1": {
					"rotation": {
						"0.0": [
							-10,
							0,
							0
						],
						"0.16": [
							2.5,
							0,
							0
						],
						"0.32": [
							0,
							0,
							0
						],
						"0.64": [
							-25,
							0,
							0
						],
						"0.8": [
							-20,
							0,
							0
						],
						"0.96": [
							-7.5,
							0,
							0
						],
						"1.12": [
							-10,
							0,
							0
						],
						"1.28": [
							-10,
							0,
							0
						]
					}
				},
				"foot1": {
					"rotation": {
						"0.0": [
							2.5,
							0,
							0
						],
						"0.16": [
							20,
							0,
							0
						],
						"0.32": [
							10,
							0,
							0
						],
						"0.64": [
							20,
							0,
							0
						],
						"0.8": [
							2.5,
							0,
							0
						],
						"0.96": [
							42.5,
							0,
							0
						],
						"1.12": [
							47.5,
							0,
							0
						],
						"1.28": [
							2.5,
							0,
							0
						]
					}
				}
			}
		},
		"animation.Indominus_LUCID.run": {
			"loop": true,
			"animation_length": 0.64,
			"bones": {
				"body": {
					"rotation": {
						"0.0": [
							7.48107,
							-0.43523,
							4.98107
						],
						"0.08": [
							5,
							0,
							0
						],
						"0.16": [
							7.48107,
							0.43523,
							-4.98107
						],
						"0.24": [
							9.93656,
							0.9762,
							-7.43656
						],
						"0.32": [
							7.48107,
							0.43523,
							-4.98107
						],
						"0.4": [
							5,
							0,
							0
						],
						"0.48": [
							7.48107,
							-0.43523,
							4.98107
						],
						"0.56": [
							9.93656,
							-0.9762,
							7.43656
						],
						"0.64": [
							7.48107,
							-0.43523,
							4.98107
						]
					},
					"position": {
						"0.0": [
							2,
							-4,
							0
						],
						"0.08": [
							0,
							-8,
							0
						],
						"0.16": [
							-2,
							-4,
							0
						],
						"0.24": [
							-3,
							-1,
							0
						],
						"0.32": [
							-2,
							-4,
							0
						],
						"0.4": [
							0,
							-8,
							0
						],
						"0.48": [
							2,
							-4,
							0
						],
						"0.56": [
							3,
							-1,
							0
						],
						"0.64": [
							2,
							-4,
							0
						]
					}
				},
				"torso": {
					"rotation": {
						"0.0": [
							7.48848,
							0.54094,
							-2.44081
						],
						"0.08": [
							2.47178,
							0.65182,
							-4.95744
						],
						"0.16": [
							4.96271,
							0.86717,
							-4.92442
						],
						"0.24": [
							10,
							0,
							0
						],
						"0.32": [
							7.5,
							0,
							0
						],
						"0.4": [
							2.49294,
							-0.32621,
							2.47864
						],
						"0.48": [
							4.96271,
							-0.86717,
							4.92442
						],
						"0.56": [
							10,
							0,
							0
						],
						"0.64": [
							7.48848,
							0.54094,
							-2.44081
						]
					}
				},
				"neck": {
					"rotation": {
						"0.0": [
							15,
							0,
							0
						],
						"0.08": [
							27.5,
							0,
							0
						],
						"0.24": [
							7.5,
							0,
							0
						],
						"0.32": [
							15,
							0,
							0
						],
						"0.4": [
							27.5,
							0,
							0
						],
						"0.56": [
							7.5,
							0,
							0
						],
						"0.64": [
							15,
							0,
							0
						]
					}
				},
				"head": {
					"rotation": {
						"0.0": [
							-22.47283,
							-1.68868,
							-1.84373
						],
						"0.08": [
							-27.39118,
							3.68425,
							3.38262
						],
						"0.16": [
							-18.32255,
							6.23983,
							7.8299
						],
						"0.24": [
							-19.75778,
							4.81281,
							5.7589
						],
						"0.32": [
							-22.39121,
							3.37562,
							3.69066
						],
						"0.4": [
							-27.47282,
							-1.84293,
							-1.68956
						],
						"0.48": [
							-18.50992,
							-4.68625,
							-5.86223
						],
						"0.56": [
							-19.75778,
							-4.81281,
							-5.7589
						],
						"0.64": [
							-22.47283,
							-1.68868,
							-1.84373
						]
					}
				},
				"lower": {
					"rotation": {
						"0.0": [
							0,
							0,
							0
						],
						"0.08": [
							5,
							0,
							0
						],
						"0.36": [
							0,
							0,
							0
						],
						"0.44": [
							5,
							0,
							0
						],
						"0.64": [
							0,
							0,
							0
						]
					}
				},
				"shoulder0": {
					"rotation": {
						"0.0": [
							-41.20622,
							-2.39852,
							-22.40551
						],
						"0.12": [
							-40.78719,
							-1.27504,
							-12.45985
						],
						"0.32": [
							-41.20622,
							-2.39852,
							-22.40551
						],
						"0.44": [
							-41.44719,
							-3.87665,
							-34.82048
						],
						"0.64": [
							-41.20622,
							-2.39852,
							-22.40551
						]
					}
				},
				"elbow0": {
					"rotation": [
						-19.8256,
						1.30958,
						22.61897
					]
				},
				"wrist0": {
					"rotation": [
						0,
						337.5,
						0
					]
				},
				"shoulder1": {
					"rotation": {
						"0.0": [
							-41.20622,
							2.39852,
							22.40551
						],
						"0.12": [
							-41.45314,
							4.47665,
							39.78438
						],
						"0.32": [
							-41.20622,
							2.39852,
							22.40551
						],
						"0.44": [
							-41.02116,
							1.82769,
							17.43474
						],
						"0.64": [
							-41.20622,
							2.39852,
							22.40551
						]
					}
				},
				"elbow1": {
					"rotation": [
						-19.82561,
						-1.30958,
						-22.61896
					]
				},
				"wrist1": {
					"rotation": [
						0,
						22.5,
						0
					]
				},
				"tail1": {
					"rotation": {
						"0.0": [
							-7.5,
							0,
							0
						],
						"0.08": [
							2.50706,
							2.4786,
							0.32652
						],
						"0.16": [
							-12.52832,
							4.95712,
							-0.65426
						],
						"0.24": [
							-17.51153,
							2.4407,
							-0.54143
						],
						"0.32": [
							-7.5,
							0,
							0
						],
						"0.4": [
							2.52832,
							-4.95712,
							-0.65426
						],
						"0.48": [
							-12.52832,
							-4.95712,
							0.65426
						],
						"0.56": [
							-17.51153,
							-2.4407,
							0.54143
						],
						"0.64": [
							-7.5,
							0,
							0
						]
					}
				},
				"tail2": {
					"rotation": {
						"0.0": [
							-5.67643,
							-7.46237,
							0.37297
						],
						"0.08": [
							-5.07535,
							-4.92356,
							0.87119
						],
						"0.16": [
							6.45234,
							3.35496,
							-0.04475
						],
						"0.24": [
							6.53572,
							7.41408,
							0.53532
						],
						"0.32": [
							-5.67643,
							7.46237,
							-0.37297
						],
						"0.4": [
							-5.07535,
							4.92356,
							-0.87119
						],
						"0.48": [
							6.45234,
							-3.35496,
							0.04475
						],
						"0.56": [
							6.53572,
							-7.41408,
							-0.53532
						],
						"0.64": [
							-5.67643,
							-7.46237,
							0.37297
						]
					}
				},
				"tail3": {
					"rotation": {
						"0.0": [
							10.69284,
							-16.88547,
							-4.6653
						],
						"0.08": [
							2.5,
							-10,
							0
						],
						"0.16": [
							-8.9854,
							-17.66046,
							9.54013
						],
						"0.24": [
							-7.5,
							-2.5,
							0
						],
						"0.32": [
							10.69284,
							16.88547,
							4.6653
						],
						"0.4": [
							2.5,
							10,
							0
						],
						"0.48": [
							-8.9854,
							17.66046,
							-9.54013
						],
						"0.56": [
							-7.5,
							2.5,
							0
						],
						"0.64": [
							10.69284,
							-16.88547,
							-4.6653
						]
					}
				},
				"leg0": {
					"rotation": {
						"0.0": [
							25,
							0,
							0
						],
						"0.08": [
							45,
							0,
							0
						],
						"0.16": [
							12.5,
							0,
							0
						],
						"0.24": [
							-26.25,
							0,
							0
						],
						"0.32": [
							-32.5,
							0,
							0
						],
						"0.4": [
							-40,
							0,
							0
						],
						"0.48": [
							-10,
							0,
							0
						],
						"0.56": [
							1.25,
							0,
							0
						],
						"0.64": [
							25,
							0,
							0
						]
					}
				},
				"knee0": {
					"rotation": {
						"0.0": [
							-15,
							0,
							0
						],
						"0.08": [
							2.5,
							0,
							0
						],
						"0.16": [
							27.5,
							0,
							0
						],
						"0.24": [
							22.32542,
							-6.92618,
							2.88419
						],
						"0.32": [
							-30.21783,
							-2.57594,
							9.6658
						],
						"0.4": [
							12.46885,
							0.37751,
							-0.103
						],
						"0.48": [
							-2.5,
							0,
							0
						],
						"0.56": [
							-5,
							0,
							0
						],
						"0.64": [
							-15,
							0,
							0
						]
					}
				},
				"ankle0": {
					"rotation": {
						"0.0": [
							-12.5,
							0,
							0
						],
						"0.08": [
							-5,
							0,
							0
						],
						"0.16": [
							-20,
							0,
							0
						],
						"0.24": [
							-42.5,
							0,
							0
						],
						"0.32": [
							5,
							0,
							0
						],
						"0.4": [
							12.5,
							0,
							0
						],
						"0.48": [
							-15,
							0,
							0
						],
						"0.56": [
							-12.5,
							0,
							0
						],
						"0.64": [
							-12.5,
							0,
							0
						]
					}
				},
				"foot0": {
					"rotation": {
						"0.0": [
							-2.5,
							0,
							0
						],
						"0.08": [
							42.5,
							0,
							0
						],
						"0.16": [
							67.5,
							0,
							0
						],
						"0.24": [
							75.80684,
							4.00507,
							-2.9146
						],
						"0.32": [
							15,
							0,
							0
						],
						"0.4": [
							12.5,
							0,
							0
						],
						"0.48": [
							20,
							0,
							0
						],
						"0.56": [
							8.30684,
							4.00507,
							-2.9146
						],
						"0.64": [
							-2.5,
							0,
							0
						]
					}
				},
				"leg1": {
					"rotation": {
						"0.0": [
							-32.5,
							0,
							0
						],
						"0.08": [
							-37.5,
							0,
							0
						],
						"0.16": [
							-10,
							0,
							0
						],
						"0.24": [
							2.5,
							0,
							0
						],
						"0.32": [
							25,
							0,
							0
						],
						"0.4": [
							45,
							0,
							0
						],
						"0.48": [
							12.5,
							0,
							0
						],
						"0.56": [
							-22.5,
							0,
							0
						],
						"0.64": [
							-32.5,
							0,
							0
						]
					}
				},
				"knee1": {
					"rotation": {
						"0.0": [
							-30.21783,
							2.57594,
							-9.6658
						],
						"0.08": [
							10,
							0,
							0
						],
						"0.16": [
							0,
							0,
							0
						],
						"0.24": [
							-5,
							0,
							0
						],
						"0.32": [
							-15,
							0,
							0
						],
						"0.4": [
							2.5,
							0,
							0
						],
						"0.48": [
							27.43726,
							4.76804,
							-1.50701
						],
						"0.56": [
							22.18821,
							9.23186,
							-3.86032
						],
						"0.64": [
							-30.21783,
							2.57594,
							-9.6658
						]
					}
				},
				"ankle1": {
					"rotation": {
						"0.0": [
							5,
							0,
							0
						],
						"0.08": [
							5,
							0,
							0
						],
						"0.16": [
							-12.5,
							0,
							0
						],
						"0.24": [
							-12.5,
							0,
							0
						],
						"0.32": [
							-12.5,
							0,
							0
						],
						"0.4": [
							-7.5,
							0,
							0
						],
						"0.48": [
							-22.5,
							0,
							0
						],
						"0.56": [
							-45,
							0,
							0
						],
						"0.64": [
							5,
							0,
							0
						]
					}
				},
				"foot1": {
					"rotation": {
						"0.0": [
							17.5,
							0,
							0
						],
						"0.08": [
							20,
							0,
							0
						],
						"0.16": [
							12.5,
							0,
							0
						],
						"0.24": [
							7.47331,
							-0.02721,
							0.36276
						],
						"0.32": [
							-2.5,
							0,
							0
						],
						"0.4": [
							40,
							0,
							0
						],
						"0.48": [
							62.5,
							0,
							0
						],
						"0.56": [
							77.47331,
							-0.02721,
							0.36276
						],
						"0.64": [
							17.5,
							0,
							0
						]
					}
				}
			}
		},
		"animation.Indominus_LUCID.attack": {
			"animation_length": 1.66667,
			"bones": {
				"body": {
					"position": {
						"0.0": [
							0,
							0,
							0
						],
						"1.6111": [
							0,
							0,
							0
						]
					}
				},
				"torso": {
					"rotation": {
						"0.0": [
							0,
							0,
							0
						],
						"0.1111": [
							2.5,
							0,
							0
						],
						"0.2222": [
							4.5,
							0,
							0
						],
						"0.3333": [
							-0.5,
							0,
							0
						],
						"0.4444": [
							-23,
							0,
							0
						],
						"0.5556": [
							-30.30923,
							-3.22132,
							-6.77654
						],
						"0.6667": [
							-24.62523,
							-6.04499,
							-16.45354
						],
						"0.7778": [
							-3.03036,
							0.34723,
							-9.99403
						],
						"0.8889": [
							6.93931,
							-0.79413,
							-1.84453
						],
						"0.9444": [
							11.75631,
							-2.91015,
							9.57131
						],
						"1.0556": [
							16.31868,
							-5.56387,
							13.95199
						],
						"1.2222": [
							11.56368,
							-3.3262,
							8.89819
						],
						"1.6111": [
							0,
							0,
							0
						]
					}
				},
				"neck": {
					"rotation": {
						"0.0": [
							0,
							0,
							0
						],
						"0.1111": [
							7.5,
							0,
							0
						],
						"0.2222": [
							15,
							0,
							0
						],
						"0.3333": [
							30,
							0,
							0
						],
						"0.4444": [
							57.5,
							0,
							0
						],
						"0.5556": [
							27.5,
							0,
							0
						],
						"0.6667": [
							7.39455,
							-3.04137,
							3.9705
						],
						"0.7778": [
							-5.19937,
							7.15267,
							14.30254
						],
						"0.9444": [
							52.5,
							0,
							0
						],
						"1.0": [
							60,
							0,
							-17.5
						],
						"1.0556": [
							67.5,
							0,
							0
						],
						"1.2778": [
							58.75,
							0,
							0
						],
						"1.6111": [
							0,
							0,
							0
						]
					}
				},
				"head": {
					"rotation": {
						"0.0": [
							0,
							0,
							0
						],
						"0.1111": [
							-5,
							0,
							0
						],
						"0.2222": [
							-7.5,
							0,
							0
						],
						"0.3333": [
							0,
							0,
							0
						],
						"0.4444": [
							14.981,
							4.98093,
							-0.43688
						],
						"0.5556": [
							17.53793,
							0.43399,
							9.99067
						],
						"0.6667": [
							-22.25489,
							5.05904,
							5.54401
						],
						"0.7778": [
							-34.76837,
							6.13784,
							4.31837
						],
						"0.9444": [
							-24.31282,
							8.80348,
							8.90928
						],
						"1.0556": [
							-9.40842,
							-6.21271,
							-10.86815
						],
						"1.1667": [
							8.77894,
							-2.3406,
							13.88287
						],
						"1.2778": [
							28.71722,
							0.75967,
							-4.9421
						],
						"1.5": [
							0,
							0,
							0
						]
					}
				},
				"lower": {
					"rotation": {
						"0.0": [
							0,
							0,
							0
						],
						"0.2222": [
							-5,
							0,
							0
						],
						"0.5556": [
							0,
							0,
							0
						],
						"0.6667": [
							52.5,
							0,
							0
						],
						"0.7778": [
							46.04,
							0,
							0
						],
						"0.8889": [
							39.58,
							0,
							0
						],
						"0.9444": [
							-5,
							0,
							0
						],
						"1.5": [
							0,
							0,
							0
						]
					}
				},
				"shoulder0": {
					"rotation": {
						"0.0": [
							0,
							0,
							0
						],
						"0.2222": [
							11.54612,
							7.27296,
							-6.9337
						],
						"0.4444": [
							35.33,
							0,
							0
						],
						"0.6667": [
							-6.99076,
							13.95553,
							-24.2322
						],
						"0.8333": [
							13.39457,
							32.38815,
							-25.57249
						],
						"1.1667": [
							46.95187,
							22.28468,
							-3.24617
						],
						"1.3889": [
							28.2261,
							8.92555,
							-4.56695
						],
						"1.6111": [
							0,
							0,
							0
						]
					}
				},
				"elbow0": {
					"rotation": {
						"0.0": [
							0,
							0,
							0
						],
						"0.2222": [
							-20.04875,
							7.49471,
							-0.28592
						],
						"0.4444": [
							8.48,
							0,
							0
						],
						"0.6667": [
							3.24813,
							16.42579,
							6.25466
						],
						"0.8333": [
							-43.39673,
							-15.83052,
							7.48748
						],
						"1.0556": [
							-28.89111,
							-7.91524,
							6.39
						],
						"1.2222": [
							-18.09159,
							10.90383,
							3.05311
						],
						"1.5": [
							0,
							0,
							0
						]
					}
				},
				"shoulder1": {
					"rotation": {
						"0.0": [
							0,
							0,
							0
						],
						"0.2222": [
							12.5,
							0,
							0
						],
						"0.4444": [
							37.54002,
							1.52543,
							4.77058
						],
						"0.6667": [
							-6.64656,
							-17.18729,
							28.42996
						],
						"0.8333": [
							27.4,
							0,
							0
						],
						"1.0556": [
							43.27,
							0,
							0
						],
						"1.3333": [
							14.94507,
							-9.61251,
							8.10177
						],
						"1.5": [
							0,
							0,
							0
						]
					}
				},
				"elbow1": {
					"rotation": {
						"0.0": [
							0,
							0,
							0
						],
						"0.2222": [
							-20,
							0,
							0
						],
						"0.4444": [
							5.98,
							0,
							0
						],
						"0.6667": [
							4.72,
							0,
							0
						],
						"0.8333": [
							-56.22,
							0,
							0
						],
						"1.2222": [
							1.58,
							0,
							0
						],
						"1.5": [
							0,
							0,
							0
						]
					}
				},
				"tail1": {
					"rotation": {
						"0.0": [
							0,
							0,
							0
						],
						"0.2778": [
							0,
							17.5,
							0
						],
						"0.5": [
							0,
							-2.5,
							0
						],
						"0.7222": [
							0,
							0,
							0
						],
						"1.0": [
							0,
							17.5,
							0
						],
						"1.2222": [
							0,
							-2.5,
							0
						],
						"1.6667": [
							0,
							0,
							0
						]
					}
				},
				"tail2": {
					"rotation": {
						"0.0": [
							0,
							0,
							0
						],
						"0.2778": [
							0,
							10,
							0
						],
						"0.5": [
							0,
							-19.29,
							0
						],
						"0.7222": [
							0,
							0,
							0
						],
						"1.0": [
							0,
							10,
							0
						],
						"1.2222": [
							0,
							-19.29,
							0
						],
						"1.6667": [
							0,
							0,
							0
						]
					}
				},
				"tail3": {
					"rotation": {
						"0.0": [
							0,
							0,
							0
						],
						"0.2778": [
							0,
							22.5,
							0
						],
						"0.5": [
							0,
							-19.64,
							0
						],
						"0.7222": [
							0,
							0,
							0
						],
						"1.0": [
							0,
							22.5,
							0
						],
						"1.2222": [
							0,
							-19.64,
							0
						],
						"1.6667": [
							0,
							0,
							0
						]
					}
				}
			}
		},
		"animation.Indominus_LUCID.start_sleep": {
			"loop": "hold_on_last_frame",
			"animation_length": 0.76923,
			"bones": {
				"body": {
					"rotation": {
						"0.0": [
							-5,
							0,
							0
						],
						"0.1538": [
							-10,
							0,
							0
						],
						"0.3077": [
							-12.5,
							0,
							0
						],
						"0.4615": [
							-7.5,
							0,
							0
						],
						"0.6154": [
							2.5,
							0,
							0
						],
						"0.7692": [
							0,
							0,
							0
						]
					},
					"position": {
						"0.0": [
							0,
							-2,
							0
						],
						"0.1538": [
							0,
							-15,
							0
						],
						"0.3077": [
							0,
							-28,
							0
						],
						"0.4615": [
							0,
							-41,
							0
						],
						"0.6154": [
							0,
							-46,
							0
						],
						"0.7692": [
							0,
							-45,
							0
						]
					}
				},
				"torso": {
					"rotation": {
						"0.0": [
							-2.5,
							0,
							0
						],
						"0.1538": [
							-12.5,
							0,
							0
						],
						"0.3077": [
							-17.5,
							0,
							0
						],
						"0.4615": [
							-10,
							0,
							0
						],
						"0.6154": [
							-2.5,
							0,
							0
						],
						"0.7692": [
							0,
							0,
							0
						]
					}
				},
				"head": {
					"rotation": {
						"0.0": [
							5,
							0,
							0
						],
						"0.1538": [
							15,
							0,
							0
						],
						"0.3077": [
							12.5,
							0,
							0
						],
						"0.4615": [
							-2.5,
							0,
							0
						],
						"0.6154": [
							-10,
							0,
							0
						],
						"0.7692": [
							-64.981,
							-4.98093,
							-0.43688
						]
					},
					"position": {
						"0.0": [
							0,
							0,
							0
						],
						"0.6154": [
							0,
							0,
							0
						],
						"0.7692": [
							0,
							-5,
							0
						]
					}
				},
				"lower": {
					"rotation": {
						"0.0": [
							-5,
							0,
							0
						],
						"0.7692": [
							-5,
							0,
							0
						]
					}
				},
				"leg0": {
					"rotation": {
						"0.0": [
							10,
							0,
							0
						],
						"0.1538": [
							17.5,
							0,
							0
						],
						"0.3077": [
							-20,
							0,
							0
						],
						"0.4615": [
							-47.5,
							0,
							0
						],
						"0.6154": [
							-65,
							0,
							0
						],
						"0.7692": [
							-65,
							0,
							0
						]
					}
				},
				"knee0": {
					"rotation": {
						"0.0": [
							2.5,
							0,
							0
						],
						"0.1538": [
							22.5,
							0,
							0
						],
						"0.2308": [
							43.75,
							0,
							0
						],
						"0.3077": [
							5,
							0,
							0
						],
						"0.4615": [
							35,
							0,
							0
						],
						"0.6154": [
							45,
							0,
							0
						],
						"0.7692": [
							35,
							0,
							0
						]
					}
				},
				"ankle0": {
					"rotation": {
						"0.0": [
							-7.5,
							0,
							0
						],
						"0.1538": [
							-35,
							0,
							0
						],
						"0.2308": [
							-66.25,
							0,
							0
						],
						"0.3077": [
							-37.5,
							0,
							0
						],
						"0.7692": [
							-37.5,
							0,
							0
						]
					}
				},
				"foot0": {
					"rotation": {
						"0.1538": [
							12.5,
							0,
							0
						],
						"0.3077": [
							75,
							0,
							0
						],
						"0.7692": [
							75,
							0,
							0
						]
					},
					"position": [
						0,
						0,
						4
					]
				},
				"leg1": {
					"rotation": {
						"0.0": [
							-15,
							0,
							0
						],
						"0.0769": [
							-33.75,
							0,
							0
						],
						"0.1538": [
							-27.5,
							0,
							0
						],
						"0.3077": [
							-35,
							0,
							0
						],
						"0.4615": [
							-62.5,
							0,
							0
						],
						"0.6154": [
							-65,
							0,
							0
						],
						"0.7692": [
							-63.15256,
							19.19297,
							5.94468
						]
					}
				},
				"knee1": {
					"rotation": {
						"0.0": [
							2.5,
							0,
							0
						],
						"0.0769": [
							26.25,
							0,
							0
						],
						"0.1538": [
							5,
							0,
							0
						],
						"0.3077": [
							20,
							0,
							0
						],
						"0.4615": [
							42.5,
							0,
							0
						],
						"0.7692": [
							35,
							0,
							0
						]
					}
				},
				"ankle1": {
					"rotation": {
						"0.0": [
							2.5,
							0,
							0
						],
						"0.0769": [
							-16.25,
							0,
							0
						],
						"0.1538": [
							0,
							0,
							0
						],
						"0.3077": [
							-17.5,
							0,
							0
						],
						"0.4615": [
							-15,
							0,
							0
						],
						"0.6154": [
							-37.5,
							0,
							0
						],
						"0.7692": [
							-37.5,
							0,
							0
						]
					}
				},
				"foot1": {
					"rotation": {
						"0.0": [
							17.5,
							0,
							0
						],
						"0.1538": [
							35,
							0,
							0
						],
						"0.3077": [
							47.5,
							0,
							0
						],
						"0.6154": [
							92.5,
							0,
							0
						],
						"0.7692": [
							72.5,
							0,
							0
						]
					},
					"position": [
						0,
						0,
						6
					]
				},
				"neck": {
					"rotation": {
						"0.0": [
							20,
							0,
							0
						],
						"0.1538": [
							20,
							0,
							0
						],
						"0.3077": [
							20.24222,
							4.81281,
							5.7589
						],
						"0.4615": [
							23.64989,
							14.50601,
							21.85297
						],
						"0.6154": [
							76.64331,
							52.1387,
							36.65117
						],
						"0.7692": [
							94.14331,
							52.1387,
							36.65117
						]
					}
				},
				"shoulder0": {
					"rotation": {
						"0.0": [
							0,
							0,
							0
						],
						"0.7692": [
							0,
							0,
							0
						]
					}
				},
				"elbow0": {
					"rotation": {
						"0.0": [
							0,
							0,
							0
						],
						"0.6154": [
							-55,
							0,
							0
						],
						"0.7692": [
							-55,
							0,
							0
						]
					}
				},
				"shoulder1": {
					"rotation": {
						"0.0": [
							0,
							0,
							0
						],
						"0.7692": [
							-67.5,
							0,
							0
						]
					}
				},
				"elbow1": {
					"rotation": {
						"0.0": [
							0,
							0,
							0
						],
						"0.6154": [
							-55,
							0,
							0
						],
						"0.7692": [
							0,
							0,
							0
						]
					}
				},
				"tail1": {
					"rotation": {
						"0.0": [
							0,
							0,
							0
						],
						"0.3077": [
							-1.65396,
							-4.99152,
							-0.29146
						],
						"0.4615": [
							-1.87242,
							-19.6835,
							-3.61642
						],
						"0.6154": [
							-12.97532,
							-19.82169,
							2.71994
						],
						"0.7692": [
							-16.00966,
							-24.59477,
							4.62934
						]
					}
				},
				"tail2": {
					"rotation": {
						"0.0": [
							0,
							0,
							0
						],
						"0.1538": [
							7.5,
							0,
							0
						],
						"0.3077": [
							10.24133,
							-17.43127,
							-1.5741
						],
						"0.4615": [
							5,
							-22.5,
							0
						],
						"0.6154": [
							-6.50839,
							-29.4987,
							5.72511
						],
						"0.7692": [
							-41.14437,
							-71.0069,
							22.4884
						]
					}
				},
				"tail3": {
					"rotation": {
						"0.0": [
							0,
							0,
							0
						],
						"0.1538": [
							7.5,
							0,
							0
						],
						"0.3077": [
							12.54292,
							7.4713,
							0.6574
						],
						"0.4615": [
							15.09311,
							8.69227,
							0.98997
						],
						"0.6154": [
							17.50933,
							-2.462,
							-0.43439
						],
						"0.7692": [
							16.31846,
							-67.83592,
							-23.08697
						]
					}
				},
				"wrist0": {
					"rotation": [
						0,
						67.5,
						0
					]
				},
				"wrist1": {
					"rotation": [
						-43.21643,
						-54.05273,
						45.61829
					],
					"position": [
						0,
						1,
						0
					]
				}
			}
		},
		"animation.Indominus_LUCID.end_sleep": {
			"loop": "hold_on_last_frame",
			"animation_length": 1.07692,
			"bones": {
				"body": {
					"rotation": {
						"0.0": [
							0,
							0,
							0
						],
						"0.2308": [
							5.89,
							0,
							0
						],
						"0.4615": [
							10.42,
							0,
							0
						],
						"0.8462": [
							3.28,
							0,
							0
						],
						"1.0769": [
							-5,
							0,
							0
						]
					},
					"position": {
						"0.0": [
							0,
							-45,
							0
						],
						"0.2308": [
							0,
							-38.79,
							0
						],
						"0.8462": [
							0,
							-8.03,
							0
						],
						"1.0769": [
							0,
							-2,
							0
						]
					}
				},
				"torso": {
					"rotation": {
						"0.0": [
							0,
							0,
							0
						],
						"1.0769": [
							-2.5,
							0,
							0
						]
					}
				},
				"head": {
					"rotation": {
						"0.0": [
							-64.981,
							-4.98093,
							-0.43688
						],
						"1.0769": [
							5,
							0,
							0
						]
					},
					"position": {
						"0.0": [
							0,
							-5,
							0
						],
						"1.0769": [
							0,
							0,
							0
						]
					}
				},
				"lower": {
					"rotation": {
						"0.0": [
							-5,
							0,
							0
						],
						"1.0769": [
							-5,
							0,
							0
						]
					}
				},
				"leg0": {
					"rotation": {
						"0.0": [
							-65,
							0,
							0
						],
						"0.2308": [
							-58.93,
							0,
							0
						],
						"0.3077": [
							-58.9,
							0,
							0
						],
						"0.4615": [
							-25.13,
							0,
							0
						],
						"1.0769": [
							10,
							0,
							0
						]
					}
				},
				"knee0": {
					"rotation": {
						"0.0": [
							35,
							0,
							0
						],
						"0.2308": [
							35.89,
							0,
							0
						],
						"0.3077": [
							47.85,
							0,
							0
						],
						"0.4615": [
							49.28,
							0,
							0
						],
						"0.8462": [
							15.04,
							0,
							0
						],
						"1.0769": [
							2.5,
							0,
							0
						]
					}
				},
				"ankle0": {
					"rotation": {
						"0.0": [
							-37.5,
							0,
							0
						],
						"0.2308": [
							-31.07,
							0,
							0
						],
						"0.3077": [
							-38.45,
							0,
							0
						],
						"0.4615": [
							-19.64,
							0,
							0
						],
						"1.0769": [
							-7.5,
							0,
							0
						]
					}
				},
				"foot0": {
					"rotation": {
						"0.0": [
							75,
							0,
							0
						],
						"0.2308": [
							57.5,
							0,
							0
						],
						"0.3077": [
							71.29,
							0,
							0
						],
						"0.4615": [
							-19.32,
							0,
							0
						],
						"1.0769": [
							5,
							0,
							0
						]
					},
					"position": [
						0,
						0,
						4
					]
				},
				"leg1": {
					"rotation": {
						"0.0": [
							-63.15256,
							19.19297,
							5.94468
						],
						"0.2308": [
							-56.79,
							0,
							0
						],
						"0.8462": [
							-31.4,
							0,
							0
						],
						"1.0769": [
							-15,
							0,
							0
						]
					}
				},
				"knee1": {
					"rotation": {
						"0.0": [
							35,
							0,
							0
						],
						"0.2308": [
							23.93,
							0,
							0
						],
						"0.4615": [
							10.59,
							0,
							0
						],
						"0.8462": [
							-4.47,
							0,
							0
						],
						"1.0": [
							15.18,
							0,
							0
						],
						"1.0769": [
							2.5,
							0,
							0
						]
					}
				},
				"ankle1": {
					"rotation": {
						"0.0": [
							-37.5,
							0,
							0
						],
						"0.2308": [
							-43.93,
							0,
							0
						],
						"0.4615": [
							-28.77,
							0,
							0
						],
						"0.8462": [
							3.27,
							0,
							0
						],
						"1.0": [
							-9.74,
							0,
							0
						],
						"1.0769": [
							2.5,
							0,
							0
						]
					}
				},
				"foot1": {
					"rotation": {
						"0.0": [
							72.5,
							0,
							0
						],
						"1.0769": [
							17.5,
							0,
							0
						]
					},
					"position": [
						0,
						0,
						6
					]
				},
				"neck": {
					"rotation": {
						"0.0": [
							94.14331,
							52.1387,
							36.65117
						],
						"1.0769": [
							20,
							0,
							0
						]
					}
				},
				"elbow0": {
					"rotation": {
						"0.0": [
							-55,
							0,
							0
						],
						"1.0769": [
							0,
							0,
							0
						]
					}
				},
				"elbow1": {
					"rotation": {
						"0.0": [
							0,
							0,
							0
						],
						"1.0769": [
							0,
							0,
							0
						]
					}
				},
				"tail1": {
					"rotation": {
						"0.0": [
							-16.00966,
							-24.59477,
							4.62934
						],
						"0.4615": [
							-14.14838,
							-14.05415,
							2.64534
						],
						"1.0769": [
							0,
							0,
							0
						]
					}
				},
				"tail2": {
					"rotation": {
						"0.0": [
							-41.14437,
							-71.0069,
							22.4884
						],
						"0.2308": [
							-18.20138,
							-28.30042,
							4.16206
						],
						"0.4615": [
							-10.46569,
							-30.49379,
							4.4999
						],
						"1.0769": [
							0,
							0,
							0
						]
					}
				},
				"tail3": {
					"rotation": {
						"0.0": [
							16.31846,
							-67.83592,
							-23.08697
						],
						"0.2308": [
							16.99813,
							-55.28176,
							-15.88771
						],
						"0.4615": [
							-2.63773,
							-40.20492,
							-11.5547
						],
						"1.0769": [
							0,
							0,
							0
						]
					}
				},
				"shoulder0": {
					"rotation": {
						"0.0": [
							0,
							0,
							0
						],
						"1.0769": [
							0,
							0,
							0
						]
					}
				},
				"shoulder1": {
					"rotation": {
						"0.0": [
							-67.5,
							0,
							0
						],
						"1.0769": [
							0,
							0,
							0
						]
					}
				},
				"wrist0": {
					"rotation": [
						0,
						67.5,
						0
					]
				},
				"wrist1": {
					"rotation": [
						-43.21643,
						-54.05273,
						45.61829
					],
					"position": [
						0,
						1,
						0
					]
				}
			}
		},
		"animation.Indominus_LUCID.sleeping": {
			"loop": true,
			"bones": {
				"body": {
					"rotation": [
						0,
						"math.sin(q.anim_time*-50)*5",
						0
					],
					"position": [
						0,
						-45,
						0
					]
				},
				"torso": {
					"rotation": [
						0,
						"math.sin(q.anim_time*50)*5",
						0
					]
				},
				"neck": {
					"rotation": [
						94.14331,
						"52.1387+math.sin(q.anim_time*-50)*5",
						36.65117
					]
				},
				"head": {
					"rotation": [
						-64.981,
						"-4.9809+math.sin(q.anim_time*-50)*5",
						-0.43688
					],
					"position": [
						0,
						-5,
						0
					]
				},
				"lower": {
					"rotation": [
						"-2.5+math.sin(q.anim_time*100)*1.5",
						0,
						0
					]
				},
				"shoulder0": {
					"rotation": [
						0,
						0,
						0
					]
				},
				"elbow0": {
					"rotation": [
						-55,
						0,
						0
					]
				},
				"shoulder1": {
					"rotation": [
						-67.5,
						"math.sin(q.anim_time*-50)*5",
						0
					]
				},
				"elbow1": {
					"rotation": [
						0,
						"math.sin(q.anim_time*90)*5",
						0
					]
				},
				"tail1": {
					"rotation": [
						-16.00966,
						"-24.5948+math.sin(q.anim_time*50)*5",
						4.62934
					]
				},
				"tail2": {
					"rotation": [
						-41.14437,
						"-71.0069+math.sin(q.anim_time*50)*5",
						22.4884
					]
				},
				"tail3": {
					"rotation": [
						16.31846,
						"-67.8359+math.sin(q.anim_time*50)*5",
						-23.08697
					]
				},
				"leg0": {
					"rotation": [
						-65,
						"math.sin(q.anim_time*50)*5",
						0
					]
				},
				"knee0": {
					"rotation": [
						35,
						0,
						0
					]
				},
				"ankle0": {
					"rotation": [
						-37.5,
						0,
						0
					]
				},
				"foot0": {
					"rotation": [
						75,
						0,
						0
					],
					"position": [
						0,
						0,
						4
					]
				},
				"leg1": {
					"rotation": [
						-63.15256,
						"19.193+math.sin(q.anim_time*10)*5",
						5.94468
					]
				},
				"knee1": {
					"rotation": [
						35,
						"math.sin(q.anim_time*-50)*5",
						0
					]
				},
				"ankle1": {
					"rotation": [
						-37.5,
						"math.sin(q.anim_time*-80)*5",
						0
					]
				},
				"foot1": {
					"rotation": [
						72.5,
						0,
						0
					],
					"position": [
						0,
						0,
						6
					]
				},
				"wrist0": {
					"rotation": [
						0,
						"67.5+math.sin(q.anim_time*50)*5",
						0
					]
				},
				"wrist1": {
					"rotation": [
						-43.21643,
						-54.05273,
						45.61829
					],
					"position": [
						0,
						1,
						0
					]
				},
				"toe4": {
					"rotation": [
						0,
						"math.sin(q.anim_time*50)*5",
						0
					]
				},
				"toe5": {
					"rotation": [
						0,
						"math.sin(q.anim_time*50)*5",
						0
					]
				}
			},
			"particle_effects": {
				"0.0": {
					"effect": "sleep_locator",
					"locator": "sleep_locator"
				}
			}
		},
		"animation.Indominus_LUCID.roar": {
			"loop": true,
			"animation_length": 2.64,
			"bones": {
				"body": {
					"rotation": {
						"0.0": [
							-5,
							0,
							0
						],
						"0.32": {
							"pre": [
								-12.5,
								0,
								0
							],
							"post": [
								-12.5,
								0,
								0
							],
							"lerp_mode": "catmullrom"
						},
						"0.68": {
							"post": [
								-14.57,
								0,
								0
							],
							"lerp_mode": "catmullrom"
						},
						"0.96": {
							"post": [
								18.71,
								0,
								0
							],
							"lerp_mode": "catmullrom"
						},
						"2.64": [
							-5,
							0,
							0
						]
					},
					"position": {
						"0.0": [
							0,
							-2,
							0
						],
						"2.64": [
							0,
							-2,
							0
						]
					}
				},
				"torso": {
					"rotation": {
						"0.0": [
							-2.5,
							0,
							0
						],
						"0.36": {
							"pre": [
								15,
								0,
								0
							],
							"post": [
								15,
								0,
								0
							],
							"lerp_mode": "catmullrom"
						},
						"0.64": {
							"post": [
								21.95,
								0,
								0
							],
							"lerp_mode": "catmullrom"
						},
						"0.96": {
							"post": [
								-5.41,
								0,
								0
							],
							"lerp_mode": "catmullrom"
						},
						"1.2": {
							"post": [
								-1.13978,
								-2.2246,
								4.47898
							],
							"lerp_mode": "catmullrom"
						},
						"1.56": {
							"post": [
								-9.99999,
								1.86344,
								-8.45172
							],
							"lerp_mode": "catmullrom"
						},
						"1.88": {
							"post": [
								-1.14411,
								-2.33607,
								4.61295
							],
							"lerp_mode": "catmullrom"
						},
						"2.24": [
							15,
							0,
							0
						],
						"2.64": [
							-2.5,
							0,
							0
						]
					}
				},
				"neck": {
					"rotation": {
						"0.0": [
							0,
							0,
							0
						],
						"0.36": {
							"pre": [
								-35,
								0,
								0
							],
							"post": [
								-35,
								0,
								0
							],
							"lerp_mode": "catmullrom"
						},
						"0.64": {
							"post": [
								-41.4,
								0,
								0
							],
							"lerp_mode": "catmullrom"
						},
						"0.96": {
							"post": [
								2.9,
								0,
								0
							],
							"lerp_mode": "catmullrom"
						},
						"1.2": {
							"post": [
								7.27453,
								-1.39431,
								-10.50027
							],
							"lerp_mode": "catmullrom"
						},
						"1.56": {
							"post": [
								13.23444,
								11.85701,
								3.92901
							],
							"lerp_mode": "catmullrom"
						},
						"1.88": {
							"post": [
								7.27453,
								-1.39431,
								-10.50027
							],
							"lerp_mode": "catmullrom"
						},
						"2.24": [
							19.13,
							0,
							0
						],
						"2.64": [
							0,
							0,
							0
						]
					}
				},
				"head": {
					"rotation": {
						"0.0": [
							5,
							0,
							0
						],
						"0.36": {
							"pre": [
								42.5,
								0,
								0
							],
							"post": [
								42.5,
								0,
								0
							],
							"lerp_mode": "catmullrom"
						},
						"0.64": {
							"post": [
								36.32,
								0,
								0
							],
							"lerp_mode": "catmullrom"
						},
						"0.96": {
							"post": [
								-37.54658,
								0,
								0
							],
							"lerp_mode": "catmullrom"
						},
						"1.2": {
							"post": [
								-45.46957,
								6.82976,
								3.10646
							],
							"lerp_mode": "catmullrom"
						},
						"1.56": {
							"post": [
								-54.20386,
								-6.85557,
								-1.03668
							],
							"lerp_mode": "catmullrom"
						},
						"2.24": [
							-67.87,
							0,
							0
						],
						"2.64": [
							5,
							0,
							0
						]
					},
					"position": {
						"0.0": [
							0,
							0,
							0
						],
						"0.36": {
							"pre": [
								0,
								5,
								0
							],
							"post": [
								0,
								5,
								0
							],
							"lerp_mode": "catmullrom"
						},
						"0.64": {
							"post": [
								0,
								5,
								0
							],
							"lerp_mode": "catmullrom"
						},
						"0.96": {
							"post": [
								0,
								-1.56,
								3
							],
							"lerp_mode": "catmullrom"
						},
						"2.24": [
							0,
							-0.47,
							4.68
						],
						"2.64": [
							0,
							0,
							0
						]
					}
				},
				"lower": {
					"rotation": {
						"0.0": [
							-5,
							0,
							0
						],
						"0.28": {
							"pre": [
								-5,
								0,
								0
							],
							"post": [
								-5,
								0,
								0
							],
							"lerp_mode": "catmullrom"
						},
						"0.68": {
							"post": [
								-5,
								0,
								0
							],
							"lerp_mode": "catmullrom"
						},
						"0.96": {
							"post": [
								40,
								0,
								0
							],
							"lerp_mode": "catmullrom"
						},
						"2.24": [
							69.13465,
							-1.18063,
							4.85578
						],
						"2.64": [
							-5,
							0,
							0
						]
					}
				},
				"shoulder0": {
					"rotation": {
						"0.0": [
							0,
							0,
							0
						],
						"0.36": {
							"pre": [
								21.84528,
								0.52321,
								-3.13957
							],
							"post": [
								21.84528,
								0.52321,
								-3.13957
							],
							"lerp_mode": "catmullrom"
						},
						"1.12": {
							"post": [
								2.04102,
								-1.46827,
								-3.63325
							],
							"lerp_mode": "catmullrom"
						},
						"1.6": {
							"post": [
								-15.358,
								-0.5088,
								-1.0948
							],
							"lerp_mode": "catmullrom"
						},
						"1.84": {
							"post": [
								-17.97,
								0,
								0
							],
							"lerp_mode": "catmullrom"
						},
						"2.24": [
							-16.84,
							0,
							0
						],
						"2.64": [
							0,
							0,
							0
						]
					},
					"position": [
						0,
						0,
						0
					]
				},
				"elbow0": {
					"rotation": {
						"0.0": [
							0,
							0,
							0
						],
						"0.36": {
							"pre": [
								-25,
								0,
								0
							],
							"post": [
								-25,
								0,
								0
							],
							"lerp_mode": "catmullrom"
						},
						"1.12": {
							"post": [
								8.06,
								0,
								0
							],
							"lerp_mode": "catmullrom"
						},
						"1.6": {
							"post": [
								10.3,
								0,
								0
							],
							"lerp_mode": "catmullrom"
						},
						"1.84": {
							"post": [
								8.39,
								0,
								0
							],
							"lerp_mode": "catmullrom"
						},
						"2.24": [
							17.95891,
							-3.92745,
							-2.46056
						],
						"2.64": [
							0,
							0,
							0
						]
					}
				},
				"wrist0": {
					"rotation": {
						"0.0": [
							0,
							0,
							0
						],
						"2.08": [
							0,
							0,
							0
						]
					},
					"position": {
						"0.0": [
							0,
							0,
							0
						],
						"2.08": [
							0,
							0,
							0
						]
					}
				},
				"shoulder1": {
					"rotation": {
						"0.0": [
							0,
							0,
							0
						],
						"0.36": {
							"pre": [
								10,
								0,
								0
							],
							"post": [
								10,
								0,
								0
							],
							"lerp_mode": "catmullrom"
						},
						"1.12": {
							"post": [
								-12.22,
								0,
								0
							],
							"lerp_mode": "catmullrom"
						},
						"1.84": {
							"post": [
								-17.97,
								0,
								0
							],
							"lerp_mode": "catmullrom"
						},
						"2.24": [
							-16.84,
							0,
							0
						],
						"2.64": [
							0,
							0,
							0
						]
					}
				},
				"elbow1": {
					"rotation": {
						"0.0": [
							0,
							0,
							0
						],
						"0.36": {
							"pre": [
								-25,
								0,
								0
							],
							"post": [
								-25,
								0,
								0
							],
							"lerp_mode": "catmullrom"
						},
						"1.12": {
							"post": [
								-1.94,
								0,
								0
							],
							"lerp_mode": "catmullrom"
						},
						"1.6": {
							"post": [
								-12.2,
								0,
								0
							],
							"lerp_mode": "catmullrom"
						},
						"1.84": {
							"post": [
								8.39,
								0,
								0
							],
							"lerp_mode": "catmullrom"
						},
						"2.24": [
							-3.89,
							0,
							0
						],
						"2.64": [
							0,
							0,
							0
						]
					}
				},
				"wrist1": {
					"rotation": {
						"0.0": [
							0,
							0,
							0
						],
						"2.08": [
							0,
							0,
							0
						]
					}
				},
				"finger4": {
					"rotation": {
						"0.0": [
							0,
							0,
							0
						],
						"2.08": [
							0,
							0,
							0
						]
					},
					"position": {
						"0.0": [
							0,
							0,
							0
						],
						"2.08": [
							0,
							0,
							0
						]
					}
				},
				"finger5": {
					"rotation": {
						"0.0": [
							0,
							0,
							0
						],
						"2.08": [
							0,
							0,
							0
						]
					}
				},
				"finger6": {
					"rotation": {
						"0.0": [
							0,
							0,
							0
						],
						"2.08": [
							0,
							0,
							0
						]
					}
				},
				"finger7": {
					"rotation": {
						"0.0": [
							0,
							0,
							0
						],
						"2.08": [
							0,
							0,
							0
						]
					}
				},
				"tail1": {
					"rotation": {
						"0.0": [
							0,
							0,
							0
						],
						"0.28": {
							"pre": [
								0,
								-7.5,
								0
							],
							"post": [
								0,
								-7.5,
								0
							],
							"lerp_mode": "catmullrom"
						},
						"0.76": {
							"post": [
								0,
								-9.2,
								0
							],
							"lerp_mode": "catmullrom"
						},
						"1.12": {
							"post": [
								-23.94547,
								8.73474,
								-4.99282
							],
							"lerp_mode": "catmullrom"
						},
						"1.48": {
							"post": [
								-20.92525,
								-3.70128,
								-0.95125
							],
							"lerp_mode": "catmullrom"
						},
						"1.8": {
							"post": [
								-16.05745,
								-11.10891,
								0.99845
							],
							"lerp_mode": "catmullrom"
						},
						"2.16": [
							-9.08482,
							0.42026,
							0.18763
						],
						"2.64": [
							0,
							0,
							0
						]
					}
				},
				"tail2": {
					"rotation": {
						"0.0": [
							0,
							0,
							0
						],
						"0.28": {
							"pre": [
								0,
								10,
								0
							],
							"post": [
								0,
								10,
								0
							],
							"lerp_mode": "catmullrom"
						},
						"0.76": {
							"post": [
								-0.28204,
								-5.87627,
								-2.4005
							],
							"lerp_mode": "catmullrom"
						},
						"1.12": {
							"post": [
								-0.37891,
								-13.49315,
								-1.50076
							],
							"lerp_mode": "catmullrom"
						},
						"1.48": {
							"post": [
								-0.30424,
								10.94138,
								-3.22331
							],
							"lerp_mode": "catmullrom"
						},
						"1.8": {
							"post": [
								-0.16733,
								5.20079,
								-2.14608
							],
							"lerp_mode": "catmullrom"
						},
						"2.16": [
							-0.15877,
							-9.78926,
							-0.07217
						],
						"2.64": [
							0,
							0,
							0
						]
					}
				},
				"tail3": {
					"rotation": {
						"0.0": [
							0,
							0,
							0
						],
						"0.28": {
							"pre": [
								0,
								17.5,
								0
							],
							"post": [
								0,
								17.5,
								0
							],
							"lerp_mode": "catmullrom"
						},
						"0.76": {
							"post": [
								0,
								-9.37,
								0
							],
							"lerp_mode": "catmullrom"
						},
						"1.12": {
							"post": [
								0,
								-12.21,
								0
							],
							"lerp_mode": "catmullrom"
						},
						"1.48": {
							"post": [
								0,
								19.91,
								0
							],
							"lerp_mode": "catmullrom"
						},
						"1.8": {
							"post": [
								0,
								20.13,
								0
							],
							"lerp_mode": "catmullrom"
						},
						"2.16": [
							0,
							-15.63,
							0
						],
						"2.64": [
							0,
							0,
							0
						]
					}
				},
				"leg0": {
					"rotation": {
						"0.0": [
							10,
							0,
							0
						],
						"0.32": {
							"pre": [
								17.50648,
								0.29066,
								-0.26654
							],
							"post": [
								17.50648,
								0.29066,
								-0.26654
							],
							"lerp_mode": "catmullrom"
						},
						"0.68": {
							"post": [
								19.57685,
								0.27403,
								-0.25129
							],
							"lerp_mode": "catmullrom"
						},
						"0.96": {
							"post": [
								-13.70429,
								0.24784,
								-0.22727
							],
							"lerp_mode": "catmullrom"
						},
						"2.64": [
							10,
							0,
							0
						]
					}
				},
				"knee0": {
					"rotation": {
						"0.0": [
							2.5,
							0,
							0
						],
						"2.64": [
							2.5,
							0,
							0
						]
					}
				},
				"ankle0": {
					"rotation": {
						"0.0": [
							-7.5,
							0,
							0
						],
						"2.08": [
							-7.5,
							0,
							0
						]
					}
				},
				"foot0": {
					"rotation": {
						"0.0": [
							0,
							0,
							0
						],
						"2.08": [
							0,
							0,
							0
						]
					},
					"position": {
						"0.0": [
							0,
							0,
							0
						],
						"2.08": [
							0,
							0,
							0
						]
					}
				},
				"leg1": {
					"rotation": {
						"0.0": [
							-10,
							0,
							0
						],
						"0.32": {
							"pre": [
								-7.5,
								0,
								0
							],
							"post": [
								-7.5,
								0,
								0
							],
							"lerp_mode": "catmullrom"
						},
						"0.68": {
							"post": [
								-5.71,
								0,
								0
							],
							"lerp_mode": "catmullrom"
						},
						"0.96": {
							"post": [
								-36.48,
								0,
								0
							],
							"lerp_mode": "catmullrom"
						},
						"2.64": [
							-10,
							0,
							0
						]
					}
				},
				"knee1": {
					"rotation": {
						"0.0": [
							2.5,
							0,
							0
						],
						"2.64": [
							2.5,
							0,
							0
						]
					}
				},
				"ankle1": {
					"rotation": {
						"0.0": [
							2.5,
							0,
							0
						],
						"0.32": {
							"pre": [
								7.5,
								0,
								0
							],
							"post": [
								7.5,
								0,
								0
							],
							"lerp_mode": "catmullrom"
						},
						"2.64": [
							2.5,
							0,
							0
						]
					}
				},
				"foot1": {
					"rotation": {
						"0.0": [
							12.5,
							0,
							0
						],
						"0.32": {
							"pre": [
								15.53774,
								-0.17479,
								0.01453
							],
							"post": [
								15.53774,
								-0.17479,
								0.01453
							],
							"lerp_mode": "catmullrom"
						},
						"2.64": [
							12.5,
							0,
							0
						]
					}
				}
			}
		},
		"animation.Indominus_LUCID.idle": {
			"loop": true,
			"animation_length": 2,
			"bones": {
				"body": {
					"rotation": {
						"0.0": [
							-5,
							0,
							0
						],
						"1.0": {
							"pre": [
								-2.5,
								0,
								0
							],
							"post": [
								-2.5,
								0,
								0
							],
							"lerp_mode": "catmullrom"
						},
						"2.0": [
							-5,
							0,
							0
						]
					},
					"position": {
						"0.0": [
							0,
							-2,
							0
						],
						"1.0": {
							"pre": [
								0,
								-4,
								0
							],
							"post": [
								0,
								-4,
								0
							],
							"lerp_mode": "catmullrom"
						},
						"2.0": [
							0,
							-2,
							0
						]
					}
				},
				"torso": {
					"rotation": {
						"0.0": [
							-2.5,
							0,
							0
						],
						"0.44": {
							"pre": [
								-5,
								0,
								0
							],
							"post": [
								-5,
								0,
								0
							],
							"lerp_mode": "catmullrom"
						},
						"1.52": {
							"post": [
								-0.77,
								0,
								0
							],
							"lerp_mode": "catmullrom"
						},
						"2.0": [
							-2.5,
							0,
							0
						]
					}
				},
				"head": {
					"rotation": {
						"0.0": [
							5,
							0,
							0
						],
						"2.0": [
							5,
							0,
							0
						]
					}
				},
				"lower": {
					"rotation": {
						"0.0": [
							-5,
							0,
							0
						],
						"0.52": {
							"pre": [
								-5,
								0,
								0
							],
							"post": [
								-5,
								0,
								0
							],
							"lerp_mode": "catmullrom"
						},
						"1.04": {
							"post": [
								-2.5,
								0,
								0
							],
							"lerp_mode": "catmullrom"
						},
						"1.16": {
							"post": [
								0.37,
								0,
								0
							],
							"lerp_mode": "catmullrom"
						},
						"1.2": {
							"post": [
								-0.82,
								0,
								0
							],
							"lerp_mode": "catmullrom"
						},
						"1.24": {
							"post": [
								1.63,
								0,
								0
							],
							"lerp_mode": "catmullrom"
						},
						"1.28": {
							"post": [
								3.67,
								0,
								0
							],
							"lerp_mode": "catmullrom"
						},
						"1.32": {
							"post": [
								0.21,
								0,
								0
							],
							"lerp_mode": "catmullrom"
						},
						"1.48": {
							"post": [
								-1.15,
								0,
								0
							],
							"lerp_mode": "catmullrom"
						},
						"2.0": [
							-5,
							0,
							0
						]
					}
				},
				"leg0": {
					"rotation": {
						"0.0": [
							10,
							0,
							0
						],
						"2.0": [
							10,
							0,
							0
						]
					}
				},
				"knee0": {
					"rotation": {
						"0.0": [
							2.5,
							0,
							0
						],
						"2.0": [
							2.5,
							0,
							0
						]
					}
				},
				"ankle0": {
					"rotation": {
						"0.0": [
							-7.5,
							0,
							0
						],
						"1.0": {
							"pre": [
								-17.5,
								0,
								0
							],
							"post": [
								-17.5,
								0,
								0
							],
							"lerp_mode": "catmullrom"
						},
						"2.0": [
							-7.5,
							0,
							0
						]
					}
				},
				"foot0": {
					"rotation": {
						"1.0": {
							"pre": [
								5,
								0,
								0
							],
							"post": [
								5,
								0,
								0
							],
							"lerp_mode": "catmullrom"
						}
					}
				},
				"leg1": {
					"rotation": {
						"0.0": [
							-15,
							0,
							0
						],
						"2.0": [
							-15,
							0,
							0
						]
					}
				},
				"knee1": {
					"rotation": {
						"0.0": [
							2.5,
							0,
							0
						],
						"1.0": {
							"pre": [
								5,
								0,
								0
							],
							"post": [
								5,
								0,
								0
							],
							"lerp_mode": "catmullrom"
						},
						"2.0": [
							2.5,
							0,
							0
						]
					}
				},
				"ankle1": {
					"rotation": {
						"0.0": [
							2.5,
							0,
							0
						],
						"1.0": {
							"pre": [
								-7.5,
								0,
								0
							],
							"post": [
								-7.5,
								0,
								0
							],
							"lerp_mode": "catmullrom"
						},
						"2.0": [
							2.5,
							0,
							0
						]
					}
				},
				"foot1": {
					"rotation": {
						"0.0": [
							17.5,
							0,
							0
						],
						"1.0": {
							"pre": [
								20,
								0,
								0
							],
							"post": [
								20,
								0,
								0
							],
							"lerp_mode": "catmullrom"
						},
						"2.0": [
							17.5,
							0,
							0
						]
					}
				}
			}
		}
	}
}