{
	"format_version": "1.8.0",
	"animations": {
		"animation.LUCID_Pachycephalosaurus.idle": {
			"loop": true,
			"animation_length": 4,
			"bones": {
				"body": {
					"rotation": {
						"0.0": [-12.5, 0, 0],
						"4.0": [-12.5, 0, 0]
					}
				},
				"torso": {
					"rotation": {
						"0.0": [5, 0, 0],
						"2.0": {
							"pre": [10, 0, 0],
							"post": [10, 0, 0],
							"lerp_mode": "catmullrom"
						},
						"4.0": [5, 0, 0]
					}
				},
				"neck": {
					"rotation": {
						"0.0": [35, 0, 0],
						"2.0": {
							"pre": [32.5, 0, 0],
							"post": [32.5, 0, 0],
							"lerp_mode": "catmullrom"
						},
						"4.0": [35, 0, 0]
					}
				},
				"head": {
					"rotation": {
						"0.0": [-7.5, 0, 0],
						"2.0": {
							"pre": [-15, 0, 0],
							"post": [-15, 0, 0],
							"lerp_mode": "catmullrom"
						},
						"4.0": [-7.5, 0, 0]
					}
				},
				"tail1": {
					"rotation": {
						"0.0": [-13.46292, 8.08539, -5.21491],
						"1.0": {
							"pre": [-13.49357, -8.93979, -1.15094],
							"post": [-13.49357, -8.93979, -1.15094],
							"lerp_mode": "catmullrom"
						},
						"2.0": {
							"post": [-13.46292, -8.08539, 5.21491],
							"lerp_mode": "catmullrom"
						},
						"3.0": {
							"post": [-13.49357, 8.93979, 1.15094],
							"lerp_mode": "catmullrom"
						},
						"4.0": [-13.46292, 8.08539, -5.21491]
					}
				},
				"tail2": {
					"rotation": {
						"0.0": [7.00871, 11.96732, 0.29141],
						"1.0": {
							"pre": [8.47227, 9.53519, 8.3252],
							"post": [8.47227, 9.53519, 8.3252],
							"lerp_mode": "catmullrom"
						},
						"2.0": {
							"post": [7.00871, -11.96732, -0.29141],
							"lerp_mode": "catmullrom"
						},
						"3.0": {
							"post": [8.47227, -9.53519, -8.3252],
							"lerp_mode": "catmullrom"
						},
						"4.0": [7.00871, 11.96732, 0.29141]
					}
				},
				"tail3": {
					"rotation": {
						"0.0": [9.89773, 16.12411, -4.32774],
						"1.0": {
							"pre": [10.82211, 28.4223, -1.90324],
							"post": [10.82211, 28.4223, -1.90324],
							"lerp_mode": "catmullrom"
						},
						"2.0": {
							"post": [9.89773, -16.12411, 4.32774],
							"lerp_mode": "catmullrom"
						},
						"3.0": {
							"post": [10.82211, -28.4223, 1.90324],
							"lerp_mode": "catmullrom"
						},
						"4.0": [9.89773, 16.12411, -4.32774]
					}
				},
				"leg0": {
					"rotation": {
						"0.0": [-0.44067, -9.99038, -4.96148],
						"4.0": [-0.44067, -9.99038, -4.96148]
					}
				},
				"knee0": {
					"rotation": {
						"0.0": [47.5, 0, 0],
						"4.0": [47.5, 0, 0]
					}
				},
				"ankle0": {
					"rotation": {
						"0.0": [-32.47437, 1.43364, 2.04831],
						"4.0": [-32.47437, 1.43364, 2.04831]
					}
				},
				"leg1": {
					"rotation": {
						"0.0": [-0.44067, 9.9904, 4.9615],
						"4.0": [-0.44067, 9.9904, 4.9615]
					}
				},
				"toe1": {
					"rotation": {
						"0.0": [0, 12.5, 0],
						"4.0": [0, 12.5, 0]
					}
				},
				"toe2": {
					"rotation": {
						"0.0": [0, -12.5, 0],
						"4.0": [0, -12.5, 0]
					}
				},
				"knee1": {
					"rotation": {
						"0.0": [47.5, 0, 0],
						"4.0": [47.5, 0, 0]
					}
				},
				"ankle1": {
					"rotation": {
						"0.0": [-32.47437, -1.4336, -2.0483],
						"4.0": [-32.47437, -1.4336, -2.0483]
					}
				},
				"toe4": {
					"rotation": {
						"0.0": [0, -12.5, 0],
						"4.0": [0, -12.5, 0]
					}
				},
				"toe5": {
					"rotation": {
						"0.0": [0, 12.5, 0],
						"4.0": [0, 12.5, 0]
					}
				},
				"shoulder1": {
					"rotation": {
						"0.0": [26.69458, -6.86379, 13.36965],
						"4.0": [26.69458, -6.86379, 13.36965]
					}
				},
				"shoulder0": {
					"rotation": {
						"0.0": [26.69458, 6.8638, -13.3696],
						"4.0": [26.69458, 6.8638, -13.3696]
					}
				},
				"elbow0": {
					"rotation": {
						"0.0": [-54.3516, 10.2124, 7.2468],
						"4.0": [-54.3516, 10.2124, 7.2468]
					}
				},
				"elbow1": {
					"rotation": {
						"0.0": [-54.3516, -10.21235, -7.24677],
						"4.0": [-54.3516, -10.21235, -7.24677]
					}
				}
			}
		},
		"animation.LUCID_Pachycephalosaurus.attack": {
			"loop": "hold_on_last_frame",
			"animation_length": 0.91667,
			"bones": {
				"body": {
					"rotation": {
						"0.0": [-12.5, 0, 0],
						"0.2083": {
							"pre": [-2.5, 0, 0],
							"post": [-2.5, 0, 0],
							"lerp_mode": "catmullrom"
						},
						"0.375": {
							"post": [-4.98474, 0.1238, -0.24919],
							"lerp_mode": "catmullrom"
						},
						"0.4583": {
							"post": [-4.98474, 0.1238, -0.24919],
							"lerp_mode": "catmullrom"
						},
						"0.625": {
							"post": [-2.50451, -0.14979, -0.4034],
							"lerp_mode": "catmullrom"
						},
						"0.9167": [-12.5, 0, 0]
					},
					"position": {
						"0.0": [0, 0, 0],
						"0.2083": {
							"pre": [0, 0, 2],
							"post": [0, 0, 2],
							"lerp_mode": "catmullrom"
						},
						"0.375": {
							"post": [0, 0, 2],
							"lerp_mode": "catmullrom"
						},
						"0.4583": {
							"post": [0, 0, -6],
							"lerp_mode": "catmullrom"
						},
						"0.625": {
							"post": [0, 0, -6],
							"lerp_mode": "catmullrom"
						},
						"0.9167": [0, 0, 0]
					}
				},
				"torso": {
					"rotation": {
						"0.0": [5, 0, 0],
						"0.2083": {
							"pre": [20, 0, 0],
							"post": [20, 0, 0],
							"lerp_mode": "catmullrom"
						},
						"0.375": {
							"post": [29.98417, -0.14499, 0.23749],
							"lerp_mode": "catmullrom"
						},
						"0.4583": {
							"post": [27.48, -0.14, 0.24],
							"lerp_mode": "catmullrom"
						},
						"0.625": {
							"post": [14.98, -0.14, 0.24],
							"lerp_mode": "catmullrom"
						},
						"0.9167": [5, 0, 0]
					},
					"position": {
						"0.0": [0, 0, 0],
						"0.4583": {
							"pre": [0, 0, 0],
							"post": [0, 0, 0],
							"lerp_mode": "catmullrom"
						},
						"0.5": {
							"post": [0, 0, 0],
							"lerp_mode": "catmullrom"
						},
						"0.625": {
							"post": [0, 0, 0],
							"lerp_mode": "catmullrom"
						},
						"0.9167": [0, 0, 0]
					}
				},
				"neck": {
					"rotation": {
						"0.0": [35, 0, 0],
						"0.2083": {
							"pre": [57.5, 0, 0],
							"post": [57.5, 0, 0],
							"lerp_mode": "catmullrom"
						},
						"0.375": {
							"post": [42.53126, -0.04677, -0.55439],
							"lerp_mode": "catmullrom"
						},
						"0.4583": {
							"post": [47.53126, -0.04677, -0.55439],
							"lerp_mode": "catmullrom"
						},
						"0.625": {
							"post": [57.53126, -0.04677, -0.55439],
							"lerp_mode": "catmullrom"
						},
						"0.9167": [35, 0, 0]
					},
					"position": {
						"0.4583": {
							"pre": [0, 0, 0],
							"post": [0, 0, 0],
							"lerp_mode": "catmullrom"
						},
						"0.5": {
							"post": [0, 0, 1],
							"lerp_mode": "catmullrom"
						},
						"0.625": {
							"post": [0, 0, 0],
							"lerp_mode": "catmullrom"
						}
					}
				},
				"head": {
					"rotation": {
						"0.0": [-7.5, 0, 0],
						"0.2083": {
							"pre": [15, 0, 0],
							"post": [15, 0, 0],
							"lerp_mode": "catmullrom"
						},
						"0.375": {
							"post": [22.48499, 0.24174, 0.13347],
							"lerp_mode": "catmullrom"
						},
						"0.4583": {
							"post": [17.48499, 0.24174, 0.13347],
							"lerp_mode": "catmullrom"
						},
						"0.625": {
							"post": [-5.01501, 0.24174, 0.13347],
							"lerp_mode": "catmullrom"
						},
						"0.9167": [-7.5, 0, 0]
					},
					"position": {
						"0.4583": {
							"pre": [0, 0, 0],
							"post": [0, 0, 0],
							"lerp_mode": "catmullrom"
						},
						"0.5": {
							"post": [0, -1, 0],
							"lerp_mode": "catmullrom"
						},
						"0.625": {
							"post": [0, 0, 0],
							"lerp_mode": "catmullrom"
						}
					}
				},
				"tail1": {
					"rotation": {
						"0.0": [-13.46292, 8.08539, -5.21491],
						"0.2083": {
							"pre": [-13.89042, -16.22728, 0.66679],
							"post": [-13.89042, -16.22728, 0.66679],
							"lerp_mode": "catmullrom"
						},
						"0.375": {
							"post": [-13.49357, -8.93979, -1.15094],
							"lerp_mode": "catmullrom"
						},
						"0.4583": {
							"post": [-13.62391, 15.96382, 1.04774],
							"lerp_mode": "catmullrom"
						},
						"0.625": {
							"post": [-13.46973, 13.53335, 1.65325],
							"lerp_mode": "catmullrom"
						},
						"0.9167": [-13.46292, 8.08539, -5.21491]
					}
				},
				"tail2": {
					"rotation": {
						"0.0": [7.00871, 11.96732, 0.29141],
						"0.2083": {
							"pre": [4.14873, 2.40835, -0.83969],
							"post": [4.14873, 2.40835, -0.83969],
							"lerp_mode": "catmullrom"
						},
						"0.375": {
							"post": [4.65928, -7.0525, -4.06296],
							"lerp_mode": "catmullrom"
						},
						"0.4583": {
							"post": [4.83619, -17.01837, -4.90818],
							"lerp_mode": "catmullrom"
						},
						"0.625": {
							"post": [4.7436, 12.88157, -2.42983],
							"lerp_mode": "catmullrom"
						},
						"0.9167": [7.00871, 11.96732, 0.29141]
					}
				},
				"tail3": {
					"rotation": {
						"0.0": [9.89773, 16.12411, -4.32774],
						"0.2083": {
							"pre": [10.03296, 18.58641, -3.87451],
							"post": [10.03296, 18.58641, -3.87451],
							"lerp_mode": "catmullrom"
						},
						"0.375": {
							"post": [16.78107, -17.07989, -13.43809],
							"lerp_mode": "catmullrom"
						},
						"0.4583": {
							"post": [17.02113, -19.47195, -14.20345],
							"lerp_mode": "catmullrom"
						},
						"0.625": {
							"post": [16.73013, 16.51953, -3.4915],
							"lerp_mode": "catmullrom"
						},
						"0.9167": [9.89773, 16.12411, -4.32774]
					}
				},
				"leg0": {
					"rotation": {
						"0.0": [-0.44067, -9.99038, -4.96148],
						"0.2083": {
							"pre": [-17.94067, -9.99038, -4.96148],
							"post": [-17.94067, -9.99038, -4.96148],
							"lerp_mode": "catmullrom"
						},
						"0.375": {
							"post": [-15.44067, -9.99038, -4.96148],
							"lerp_mode": "catmullrom"
						},
						"0.4583": {
							"post": [17.18907, 2.79898, -9.46508],
							"lerp_mode": "catmullrom"
						},
						"0.625": {
							"post": [14.68907, 2.79898, -9.46508],
							"lerp_mode": "catmullrom"
						},
						"0.9167": [-0.44067, -9.99038, -4.96148]
					}
				},
				"knee0": {
					"rotation": {
						"0.0": [47.5, 0, 0],
						"0.2083": {
							"pre": [47.5, 0, 0],
							"post": [47.5, 0, 0],
							"lerp_mode": "catmullrom"
						},
						"0.375": {
							"post": [47.5, 0, 0],
							"lerp_mode": "catmullrom"
						},
						"0.4583": {
							"post": [30, 0, 0],
							"lerp_mode": "catmullrom"
						},
						"0.625": {
							"post": [30, 0, 0],
							"lerp_mode": "catmullrom"
						},
						"0.9167": [47.5, 0, 0]
					}
				},
				"ankle0": {
					"rotation": {
						"0.0": [-32.47437, 1.43364, 2.04831],
						"0.2083": {
							"pre": [-27.47437, 1.43364, 2.04831],
							"post": [-27.47437, 1.43364, 2.04831],
							"lerp_mode": "catmullrom"
						},
						"0.375": {
							"post": [-27.47437, 1.43364, 2.04831],
							"lerp_mode": "catmullrom"
						},
						"0.4583": {
							"post": [-41.35385, -1.37687, 7.54746],
							"lerp_mode": "catmullrom"
						},
						"0.625": {
							"post": [-41.35385, -1.37687, 7.54746],
							"lerp_mode": "catmullrom"
						},
						"0.9167": [-32.47437, 1.43364, 2.04831]
					}
				},
				"leg1": {
					"rotation": {
						"0.0": [-0.44067, 9.9904, 4.9615],
						"0.125": [-0.44067, 9.9904, 4.9615],
						"0.2083": {
							"pre": [29.55933, 9.9904, 4.9615],
							"post": [29.55933, 9.9904, 4.9615],
							"lerp_mode": "catmullrom"
						},
						"0.375": {
							"post": [29.55933, 9.9904, 4.9615],
							"lerp_mode": "catmullrom"
						},
						"0.4583": {
							"post": [42.05933, 9.9904, 4.9615],
							"lerp_mode": "catmullrom"
						},
						"0.6667": {
							"post": [39.55933, 9.9904, 4.9615],
							"lerp_mode": "catmullrom"
						},
						"0.7917": {
							"post": [2.1184, 10.95002, 7.4424],
							"lerp_mode": "catmullrom"
						},
						"0.9167": [-0.44067, 9.9904, 4.9615]
					},
					"position": {
						"0.0": [0, 0, 0],
						"0.375": {
							"pre": [0, 0, 0],
							"post": [0, 0, 0],
							"lerp_mode": "catmullrom"
						},
						"0.4583": {
							"post": [0, 0, 4],
							"lerp_mode": "catmullrom"
						},
						"0.6667": {
							"post": [0, 0, 4],
							"lerp_mode": "catmullrom"
						},
						"0.9167": [0, 0, 0]
					}
				},
				"toe1": {
					"rotation": {
						"0.0": [0, 12.5, 0],
						"0.9167": [0, 12.5, 0]
					}
				},
				"toe2": {
					"rotation": {
						"0.0": [0, -12.5, 0],
						"0.9167": [0, -12.5, 0]
					}
				},
				"knee1": {
					"rotation": {
						"0.0": [47.5, 0, 0],
						"0.125": [56.101, 0.02418, -0.03986],
						"0.2083": {
							"pre": [20, 0, 0],
							"post": [20, 0, 0],
							"lerp_mode": "catmullrom"
						},
						"0.375": {
							"post": [22.38397, -0.38696, 0.63779],
							"lerp_mode": "catmullrom"
						},
						"0.4583": {
							"post": [7.22872, -0.67019, 1.79767],
							"lerp_mode": "catmullrom"
						},
						"0.6667": {
							"post": [7.22872, -0.67019, 1.79767],
							"lerp_mode": "catmullrom"
						},
						"0.7917": {
							"post": [58.06777, -0.19857, 0.53264],
							"lerp_mode": "catmullrom"
						},
						"0.9167": [47.5, 0, 0]
					}
				},
				"ankle1": {
					"rotation": {
						"0.0": [-32.47437, -1.4336, -2.0483],
						"0.125": [-46.16507, -1.13058, -2.73864],
						"0.2083": {
							"pre": [-44.85623, -0.82782, -3.4291],
							"post": [-44.85623, -0.82782, -3.4291],
							"lerp_mode": "catmullrom"
						},
						"0.375": {
							"post": [-44.86, -0.83, -3.43],
							"lerp_mode": "catmullrom"
						},
						"0.4583": {
							"post": [-44.86, -0.83, -3.43],
							"lerp_mode": "catmullrom"
						},
						"0.6667": {
							"post": [-44.86, -0.83, -3.43],
							"lerp_mode": "catmullrom"
						},
						"0.7917": {
							"post": [-51.14419, -1.25476, -2.45769],
							"lerp_mode": "catmullrom"
						},
						"0.9167": [-32.47437, -1.4336, -2.0483]
					}
				},
				"toe4": {
					"rotation": {
						"0.0": [0, -12.5, 0],
						"0.9167": [0, -12.5, 0]
					}
				},
				"toe5": {
					"rotation": {
						"0.0": [0, 12.5, 0],
						"0.9167": [0, 12.5, 0]
					}
				},
				"shoulder1": {
					"rotation": {
						"0.0": [26.69458, -6.86379, 13.36965],
						"0.9167": [26.69458, -6.86379, 13.36965]
					}
				},
				"shoulder0": {
					"rotation": {
						"0.0": [26.69458, 6.8638, -13.3696],
						"0.9167": [26.69458, 6.8638, -13.3696]
					}
				},
				"elbow0": {
					"rotation": {
						"0.0": [-54.3516, 10.2124, 7.2468],
						"0.9167": [-54.3516, 10.2124, 7.2468]
					}
				},
				"elbow1": {
					"rotation": {
						"0.0": [-54.3516, -10.21235, -7.24677],
						"0.9167": [-54.3516, -10.21235, -7.24677]
					}
				}
			}
		},
		"animation.LUCID_Pachycephalosaurus.look": {
			"animation_length": 2.29167,
			"bones": {
				"torso": {
					"rotation": {
						"0.0": [0, 0, 0],
						"0.25": {
							"pre": [0, -5, 7.5],
							"post": [0, -5, 7.5],
							"lerp_mode": "catmullrom"
						},
						"0.5": {
							"post": [0, 5, -7.5],
							"lerp_mode": "catmullrom"
						},
						"0.75": {
							"post": [1.40163, 4.58798, 5.07712],
							"lerp_mode": "catmullrom"
						},
						"1.0": {
							"post": [1.39807, -2.08872, -5.01595],
							"lerp_mode": "catmullrom"
						},
						"1.25": {
							"post": [5, 0, 0],
							"lerp_mode": "catmullrom"
						},
						"1.3333": {
							"post": [5.31003, -7.34729, -0.40185],
							"lerp_mode": "catmullrom"
						},
						"1.4167": {
							"post": [5.31003, 7.34729, 0.40185],
							"lerp_mode": "catmullrom"
						},
						"1.5": {
							"post": [5.38273, 3.76987, 0.10646],
							"lerp_mode": "catmullrom"
						},
						"1.5833": {
							"post": [5.28534, -4.85797, -0.16973],
							"lerp_mode": "catmullrom"
						},
						"1.6667": {
							"post": [5, 0, 0],
							"lerp_mode": "catmullrom"
						},
						"1.8333": {
							"post": [-2.51783, 0.30362, 0.01061],
							"lerp_mode": "catmullrom"
						},
						"2.2917": [0, 0, 0]
					}
				},
				"neck": {
					"rotation": {
						"0.0": [0, 0, 0],
						"0.25": {
							"pre": [-0.88045, 9.96156, -5.07673],
							"post": [-0.88045, 9.96156, -5.07673],
							"lerp_mode": "catmullrom"
						},
						"0.5": {
							"post": [-0.88045, -9.96156, 5.07673],
							"lerp_mode": "catmullrom"
						},
						"0.75": {
							"post": [0.44067, -9.99038, -2.53852],
							"lerp_mode": "catmullrom"
						},
						"1.0": {
							"post": [0.44067, 9.99038, 2.53852],
							"lerp_mode": "catmullrom"
						},
						"1.25": {
							"post": [15, 0, 0],
							"lerp_mode": "catmullrom"
						},
						"1.3333": {
							"post": [14.75253, 13.44386, -4.0529],
							"lerp_mode": "catmullrom"
						},
						"1.4167": {
							"post": [14.75253, -13.44386, 4.0529],
							"lerp_mode": "catmullrom"
						},
						"1.5": {
							"post": [15.07547, -1.80159, 6.0937],
							"lerp_mode": "catmullrom"
						},
						"1.5833": {
							"post": [14.75253, 13.44386, -4.0529],
							"lerp_mode": "catmullrom"
						},
						"1.6667": {
							"post": [15, 0, 0],
							"lerp_mode": "catmullrom"
						},
						"1.8333": {
							"post": [20.01547, -0.84024, 0.25331],
							"lerp_mode": "catmullrom"
						},
						"2.2917": [0, 0, 0]
					}
				},
				"head": {
					"rotation": {
						"0.0": [0, 0, 0],
						"0.25": {
							"pre": [14.87739, 1.93597, -7.24721],
							"post": [14.87739, 1.93597, -7.24721],
							"lerp_mode": "catmullrom"
						},
						"0.5": {
							"post": [14.87739, -1.93597, 7.24721],
							"lerp_mode": "catmullrom"
						},
						"0.75": {
							"post": [14.94548, 1.29256, -4.83045],
							"lerp_mode": "catmullrom"
						},
						"1.0": {
							"post": [14.94548, -1.29256, 4.83045],
							"lerp_mode": "catmullrom"
						},
						"1.25": {
							"post": [7.91934, -0.40104, -6.1256],
							"lerp_mode": "catmullrom"
						},
						"1.3333": {
							"post": [14.23957, 18.21853, -3.08566],
							"lerp_mode": "catmullrom"
						},
						"1.4167": {
							"post": [14.23957, -18.21853, 3.08566],
							"lerp_mode": "catmullrom"
						},
						"1.5": {
							"post": [16.89958, 1.50606, -15.58129],
							"lerp_mode": "catmullrom"
						},
						"1.5833": {
							"post": [15.05039, 9.07185, 2.41651],
							"lerp_mode": "catmullrom"
						},
						"1.6667": {
							"post": [7.91934, -0.40104, -6.1256],
							"lerp_mode": "catmullrom"
						},
						"1.8333": {
							"post": [-5.9728, -3.74766, -7.9618],
							"lerp_mode": "catmullrom"
						},
						"2.2917": [0, 0, 0]
					}
				}
			}
		},
		"animation.LUCID_Pachycephalosaurus.run": {
			"loop": true,
			"animation_length": 0.6154,
			"bones": {
				"body": {
					"rotation": {
						"0.0": [7.49814, 2.15243, 2.80478],
						"0.0769": {
							"pre": [5, 0, 0],
							"post": [5, 0, 0],
							"lerp_mode": "catmullrom"
						},
						"0.1538": {
							"post": [9.99671, -2.02809, -2.89592],
							"lerp_mode": "catmullrom"
						},
						"0.2308": {
							"post": [7.49256, -4.30566, -5.60865],
							"lerp_mode": "catmullrom"
						},
						"0.3077": {
							"post": [7.49814, -2.15243, -2.80478],
							"lerp_mode": "catmullrom"
						},
						"0.3846": {
							"post": [5, 0, 0],
							"lerp_mode": "catmullrom"
						},
						"0.4615": {
							"post": [9.99671, 2.02809, 2.89592],
							"lerp_mode": "catmullrom"
						},
						"0.5385": {
							"post": [7.49256, 4.30566, 5.60865],
							"lerp_mode": "catmullrom"
						},
						"0.6154": [7.49814, 2.15243, 2.80478]
					},
					"position": {
						"0.0": [1, 1, 0],
						"0.0769": {
							"pre": [0, -1, 0],
							"post": [0, -1, 0],
							"lerp_mode": "catmullrom"
						},
						"0.1538": {
							"post": [-1, 1, 0],
							"lerp_mode": "catmullrom"
						},
						"0.2308": {
							"post": [-2, 2, 0],
							"lerp_mode": "catmullrom"
						},
						"0.3077": {
							"post": [-1, 1, 0],
							"lerp_mode": "catmullrom"
						},
						"0.3846": {
							"post": [0, -1, 0],
							"lerp_mode": "catmullrom"
						},
						"0.4615": {
							"post": [1, 1, 0],
							"lerp_mode": "catmullrom"
						},
						"0.5385": {
							"post": [2, 2, 0],
							"lerp_mode": "catmullrom"
						},
						"0.6154": [1, 1, 0]
					}
				},
				"torso": {
					"rotation": {
						"0.0": [7.49067, 0.43399, -2.46207],
						"0.0769": {
							"pre": [9.9697, 0.75888, -4.30881],
							"post": [9.9697, 0.75888, -4.30881],
							"lerp_mode": "catmullrom"
						},
						"0.1538": {
							"post": [14.94876, 0.93857, -5.33502],
							"lerp_mode": "catmullrom"
						},
						"0.2308": {
							"post": [9.97438, 0.46928, -2.66751],
							"lerp_mode": "catmullrom"
						},
						"0.3077": {
							"post": [7.49067, -0.43399, 2.46207],
							"lerp_mode": "catmullrom"
						},
						"0.3846": {
							"post": [9.9697, -0.75888, 4.30881],
							"lerp_mode": "catmullrom"
						},
						"0.4615": {
							"post": [14.94876, -0.93857, 5.33502],
							"lerp_mode": "catmullrom"
						},
						"0.5385": {
							"post": [9.97438, -0.46928, 2.66751],
							"lerp_mode": "catmullrom"
						},
						"0.6154": [7.49067, 0.43399, -2.46207]
					}
				},
				"neck": {
					"rotation": {
						"0.0": [34.97437, 1.43364, -2.04831],
						"0.0769": {
							"pre": [27.47766, -1.15408, 2.21783],
							"post": [27.47766, -1.15408, 2.21783],
							"lerp_mode": "catmullrom"
						},
						"0.1538": {
							"post": [24.91643, -2.11089, 4.53359],
							"lerp_mode": "catmullrom"
						},
						"0.2308": {
							"post": [32.27733, -4.02155, 6.33586],
							"lerp_mode": "catmullrom"
						},
						"0.3077": {
							"post": [34.97437, -1.43364, 2.04831],
							"lerp_mode": "catmullrom"
						},
						"0.3846": {
							"post": [27.47766, 1.15408, -2.21783],
							"lerp_mode": "catmullrom"
						},
						"0.4615": {
							"post": [24.91643, 2.11089, -4.53359],
							"lerp_mode": "catmullrom"
						},
						"0.5385": {
							"post": [32.27733, 4.02155, -6.33586],
							"lerp_mode": "catmullrom"
						},
						"0.6154": [34.97437, 1.43364, -2.04831]
					}
				},
				"head": {
					"rotation": {
						"0.0": [-42.59094, -1.99353, 5.2233],
						"0.0769": {
							"pre": [-39.97314, 1.60667, 1.91561],
							"post": [-39.97314, 1.60667, 1.91561],
							"lerp_mode": "catmullrom"
						},
						"0.2308": {
							"post": [-39.64022, 9.31769, -4.42444],
							"lerp_mode": "catmullrom"
						},
						"0.3077": {
							"post": [-42.59094, 1.99353, -5.2233],
							"lerp_mode": "catmullrom"
						},
						"0.3846": {
							"post": [-39.97314, -1.60667, -1.91561],
							"lerp_mode": "catmullrom"
						},
						"0.5385": {
							"post": [-39.64022, -9.31769, 4.42444],
							"lerp_mode": "catmullrom"
						},
						"0.6154": [-42.59094, -1.99353, 5.2233]
					}
				},
				"lower_jaw": {
					"rotation": {
						"0.0": [2.5, 0, 0],
						"0.0769": {
							"pre": [0, 0, 0],
							"post": [0, 0, 0],
							"lerp_mode": "catmullrom"
						},
						"0.1538": {
							"post": [0.83, 0, 0],
							"lerp_mode": "catmullrom"
						},
						"0.2308": {
							"post": [6.67, 0, 0],
							"lerp_mode": "catmullrom"
						},
						"0.3077": {
							"post": [2.5, 0, 0],
							"lerp_mode": "catmullrom"
						},
						"0.3846": {
							"post": [0, 0, 0],
							"lerp_mode": "catmullrom"
						},
						"0.4615": {
							"post": [0.83, 0, 0],
							"lerp_mode": "catmullrom"
						},
						"0.5385": {
							"post": [6.67, 0, 0],
							"lerp_mode": "catmullrom"
						},
						"0.6154": [2.5, 0, 0]
					}
				},
				"shoulder0": {
					"rotation": {
						"0.0": [7.16414, 1.35007, -16.68073],
						"0.6154": [7.16414, 1.35007, -16.68073]
					}
				},
				"elbow0": {
					"rotation": {
						"0.0": [-80.02704, 6.22373, -6.52225],
						"0.6154": [-80.02704, 6.22373, -6.52225]
					}
				},
				"finger1": {
					"rotation": {
						"0.0": [0, 0, -22.5],
						"0.3077": {
							"pre": [0, 0, -22.5],
							"post": [0, 0, -22.5],
							"lerp_mode": "catmullrom"
						},
						"0.6154": [0, 0, -22.5]
					}
				},
				"finger2": {
					"rotation": {
						"0.0": [0, 0, 22.5],
						"0.3077": {
							"pre": [0, 0, 22.5],
							"post": [0, 0, 22.5],
							"lerp_mode": "catmullrom"
						},
						"0.6154": [0, 0, 22.5]
					}
				},
				"shoulder1": {
					"rotation": {
						"0.0": [7.16414, -1.35007, 16.68073],
						"0.6154": [7.16414, -1.35007, 16.68073]
					}
				},
				"elbow1": {
					"rotation": {
						"0.0": [-80.02704, -6.22373, 6.52225],
						"0.6154": [-80.02704, -6.22373, 6.52225]
					}
				},
				"finger4": {
					"rotation": {
						"0.0": [0, 0, 22.5],
						"0.3077": {
							"pre": [0, 0, 22.5],
							"post": [0, 0, 22.5],
							"lerp_mode": "catmullrom"
						},
						"0.6154": [0, 0, 22.5]
					}
				},
				"finger5": {
					"rotation": {
						"0.0": [0, 0, -22.5],
						"0.3077": {
							"pre": [0, 0, -22.5],
							"post": [0, 0, -22.5],
							"lerp_mode": "catmullrom"
						},
						"0.6154": [0, 0, -22.5]
					}
				},
				"tail1": {
					"rotation": {
						"0.0": [15, 0, 0],
						"0.0769": {
							"pre": [18.81659, 4.73403, 1.61087],
							"post": [18.81659, 4.73403, 1.61087],
							"lerp_mode": "catmullrom"
						},
						"0.1538": {
							"post": [3.34269, 4.99154, 0.29117],
							"lerp_mode": "catmullrom"
						},
						"0.2308": {
							"post": [9.24777, 7.40361, 1.20193],
							"lerp_mode": "catmullrom"
						},
						"0.3077": {
							"post": [15, 0, 0],
							"lerp_mode": "catmullrom"
						},
						"0.3846": {
							"post": [18.81659, -4.73403, -1.61087],
							"lerp_mode": "catmullrom"
						},
						"0.4615": {
							"post": [3.34269, -4.99154, -0.29117],
							"lerp_mode": "catmullrom"
						},
						"0.5385": {
							"post": [9.24777, -7.40361, -1.20193],
							"lerp_mode": "catmullrom"
						},
						"0.6154": [15, 0, 0]
					}
				},
				"tail2": {
					"rotation": {
						"0.0": [-22.57734, -4.61854, 1.91757],
						"0.0769": {
							"pre": [-11.88099, 2.44651, -0.51454],
							"post": [-11.88099, 2.44651, -0.51454],
							"lerp_mode": "catmullrom"
						},
						"0.1538": {
							"post": [-12.12478, 4.88901, -1.04893],
							"lerp_mode": "catmullrom"
						},
						"0.2308": {
							"post": [-26.23469, 6.73493, -3.30774],
							"lerp_mode": "catmullrom"
						},
						"0.3077": {
							"post": [-22.57734, 4.61854, -1.91757],
							"lerp_mode": "catmullrom"
						},
						"0.3846": {
							"post": [-11.88099, -2.44651, 0.51454],
							"lerp_mode": "catmullrom"
						},
						"0.4615": {
							"post": [-12.12478, -4.88901, 1.04893],
							"lerp_mode": "catmullrom"
						},
						"0.5385": {
							"post": [-26.23469, -6.73493, 3.30774],
							"lerp_mode": "catmullrom"
						},
						"0.6154": [-22.57734, -4.61854, 1.91757]
					}
				},
				"tail3": {
					"rotation": {
						"0.0": [-13.27463, -19.50645, 4.50432],
						"0.0769": {
							"pre": [-12.0478, -9.78404, 2.07715],
							"post": [-12.0478, -9.78404, 2.07715],
							"lerp_mode": "catmullrom"
						},
						"0.1538": {
							"post": [4.70095, 12.45927, 1.01638],
							"lerp_mode": "catmullrom"
						},
						"0.2308": {
							"post": [8.04523, 24.78363, 3.39088],
							"lerp_mode": "catmullrom"
						},
						"0.3077": {
							"post": [-13.27463, 19.50645, -4.50432],
							"lerp_mode": "catmullrom"
						},
						"0.3846": {
							"post": [-12.0478, 9.78404, -2.07715],
							"lerp_mode": "catmullrom"
						},
						"0.4615": {
							"post": [4.70095, -12.45927, -1.01638],
							"lerp_mode": "catmullrom"
						},
						"0.5385": {
							"post": [8.04523, -24.78363, -3.39088],
							"lerp_mode": "catmullrom"
						},
						"0.6154": [-13.27463, -19.50645, 4.50432]
					}
				},
				"leg0": {
					"rotation": {
						"0.0": [30, 0, 0],
						"0.0769": {
							"pre": [40, 0, 0],
							"post": [40, 0, 0],
							"lerp_mode": "catmullrom"
						},
						"0.1538": {
							"post": [7.5, 0, 0],
							"lerp_mode": "catmullrom"
						},
						"0.2308": {
							"post": [-35, 0, 0],
							"lerp_mode": "catmullrom"
						},
						"0.3077": {
							"post": [-50, 0, 0],
							"lerp_mode": "catmullrom"
						},
						"0.3846": {
							"post": [-35, 0, 0],
							"lerp_mode": "catmullrom"
						},
						"0.4615": {
							"post": [-10, 0, 0],
							"lerp_mode": "catmullrom"
						},
						"0.5385": {
							"post": [15, 0, 0],
							"lerp_mode": "catmullrom"
						},
						"0.6154": [30, 0, 0]
					},
					"position": {
						"0.0": [0, 0, 0],
						"0.6154": [0, 0, 0]
					}
				},
				"knee0": {
					"rotation": {
						"0.0": [27.5, 0, 0],
						"0.0769": {
							"pre": [72.5, 0, 0],
							"post": [72.5, 0, 0],
							"lerp_mode": "catmullrom"
						},
						"0.1538": {
							"post": [85, 0, 0],
							"lerp_mode": "catmullrom"
						},
						"0.2308": {
							"post": [47.5, 0, 0],
							"lerp_mode": "catmullrom"
						},
						"0.3077": {
							"post": [15, 0, 0],
							"lerp_mode": "catmullrom"
						},
						"0.3846": {
							"post": [47.5, 0, 0],
							"lerp_mode": "catmullrom"
						},
						"0.4615": {
							"post": [40, 0, 0],
							"lerp_mode": "catmullrom"
						},
						"0.5385": {
							"post": [20, 0, 0],
							"lerp_mode": "catmullrom"
						},
						"0.6154": [27.5, 0, 0]
					}
				},
				"ankle0": {
					"rotation": {
						"0.0": [-27.5, 0, 0],
						"0.0769": {
							"pre": [-42.5, 0, 0],
							"post": [-42.5, 0, 0],
							"lerp_mode": "catmullrom"
						},
						"0.1538": {
							"post": [-117.5, 0, 0],
							"lerp_mode": "catmullrom"
						},
						"0.2308": {
							"post": [-80, 0, 0],
							"lerp_mode": "catmullrom"
						},
						"0.3077": {
							"post": [-15, 0, 0],
							"lerp_mode": "catmullrom"
						},
						"0.3846": {
							"post": [-42.5, 0, 0],
							"lerp_mode": "catmullrom"
						},
						"0.4615": {
							"post": [-40, 0, 0],
							"lerp_mode": "catmullrom"
						},
						"0.5385": {
							"post": [-27.5, 0, 0],
							"lerp_mode": "catmullrom"
						},
						"0.6154": [-27.5, 0, 0]
					}
				},
				"feet0": {
					"rotation": {
						"0.0": [30, 0, 0],
						"0.0769": {
							"pre": [90, 0, 0],
							"post": [90, 0, 0],
							"lerp_mode": "catmullrom"
						},
						"0.1538": {
							"post": [102.5, 0, 0],
							"lerp_mode": "catmullrom"
						},
						"0.3077": {
							"post": [65, 0, 0],
							"lerp_mode": "catmullrom"
						},
						"0.3846": {
							"post": [25, 0, 0],
							"lerp_mode": "catmullrom"
						},
						"0.4615": {
							"post": [0, 0, 0],
							"lerp_mode": "catmullrom"
						},
						"0.5385": {
							"post": [-10, 0, 0],
							"lerp_mode": "catmullrom"
						},
						"0.6154": [30, 0, 0]
					}
				},
				"toe1": {
					"rotation": {
						"0.0": [0, 25, 0],
						"0.6154": [0, 25, 0]
					}
				},
				"leg1": {
					"rotation": {
						"0.0": [-50, 0, 0],
						"0.0769": {
							"pre": [-35, 0, 0],
							"post": [-35, 0, 0],
							"lerp_mode": "catmullrom"
						},
						"0.1538": {
							"post": [-10, 0, 0],
							"lerp_mode": "catmullrom"
						},
						"0.2308": {
							"post": [15, 0, 0],
							"lerp_mode": "catmullrom"
						},
						"0.3077": {
							"post": [30, 0, 0],
							"lerp_mode": "catmullrom"
						},
						"0.3846": {
							"post": [37.5, 0, 0],
							"lerp_mode": "catmullrom"
						},
						"0.4615": {
							"post": [-2.5, 0, 0],
							"lerp_mode": "catmullrom"
						},
						"0.5385": {
							"post": [-32.5, 0, 0],
							"lerp_mode": "catmullrom"
						},
						"0.6154": [-50, 0, 0]
					}
				},
				"knee1": {
					"rotation": {
						"0.0": [15, 0, 0],
						"0.0769": {
							"pre": [47.5, 0, 0],
							"post": [47.5, 0, 0],
							"lerp_mode": "catmullrom"
						},
						"0.1538": {
							"post": [37.5, 0, 0],
							"lerp_mode": "catmullrom"
						},
						"0.2308": {
							"post": [20, 0, 0],
							"lerp_mode": "catmullrom"
						},
						"0.3077": {
							"post": [27.5, 0, 0],
							"lerp_mode": "catmullrom"
						},
						"0.3846": {
							"post": [70, 0, 0],
							"lerp_mode": "catmullrom"
						},
						"0.4615": {
							"post": [82.5, 0, 0],
							"lerp_mode": "catmullrom"
						},
						"0.5385": {
							"post": [47.5, 0, 0],
							"lerp_mode": "catmullrom"
						},
						"0.6154": [15, 0, 0]
					}
				},
				"ankle1": {
					"rotation": {
						"0.0": [-15, 0, 0],
						"0.0769": {
							"pre": [-42.5, 0, 0],
							"post": [-42.5, 0, 0],
							"lerp_mode": "catmullrom"
						},
						"0.1538": {
							"post": [-40, 0, 0],
							"lerp_mode": "catmullrom"
						},
						"0.2308": {
							"post": [-27.5, 0, 0],
							"lerp_mode": "catmullrom"
						},
						"0.3077": {
							"post": [-27.5, 0, 0],
							"lerp_mode": "catmullrom"
						},
						"0.3846": {
							"post": [-42.5, 0, 0],
							"lerp_mode": "catmullrom"
						},
						"0.4615": {
							"post": [-112.5, 0, 0],
							"lerp_mode": "catmullrom"
						},
						"0.5385": {
							"post": [-80, 0, 0],
							"lerp_mode": "catmullrom"
						},
						"0.6154": [-15, 0, 0]
					}
				},
				"feet1": {
					"rotation": {
						"0.0": [75, 0, 0],
						"0.0769": {
							"pre": [22.5, 0, 0],
							"post": [22.5, 0, 0],
							"lerp_mode": "catmullrom"
						},
						"0.1538": {
							"post": [0, 0, 0],
							"lerp_mode": "catmullrom"
						},
						"0.2308": {
							"post": [-10, 0, 0],
							"lerp_mode": "catmullrom"
						},
						"0.3077": {
							"post": [27.5, 0, 0],
							"lerp_mode": "catmullrom"
						},
						"0.3846": {
							"post": [22.5, 0, 0],
							"lerp_mode": "catmullrom"
						},
						"0.4615": {
							"post": [112.5, 0, 0],
							"lerp_mode": "catmullrom"
						},
						"0.5385": {
							"post": [95, 0, 0],
							"lerp_mode": "catmullrom"
						},
						"0.6154": [75, 0, 0]
					}
				},
				"toe5": {
					"rotation": {
						"0.0": [0, 25, 0],
						"0.6154": [0, 25, 0]
					}
				},
				"lower": {
					"rotation": {
						"0.0": [17.5, 0, 0],
						"0.6154": [17.5, 0, 0]
					}
				},
				"frillopen1": {
					"rotation": {
						"0.0": [0, -87.5, 0],
						"0.6154": [0, -87.5, 0]
					},
					"position": {
						"0.0": [0, 0, 0],
						"0.6154": [0, 0, 0]
					},
					"scale": {
						"0.0": [0, 0, 0],
						"0.6154": [0, 0, 0]
					}
				},
				"frillopen2": {
					"rotation": {
						"0.0": [0, 87.5, 0],
						"0.6154": [0, 87.5, 0]
					},
					"position": {
						"0.0": [0, 0, 0],
						"0.6154": [0, 0, 0]
					},
					"scale": {
						"0.0": [0, 0, 0],
						"0.6154": [0, 0, 0]
					}
				},
				"frill1": {
					"rotation": {
						"0.0": [0, 0, 0],
						"0.0769": {
							"pre": [2.5, 0, 0],
							"post": [2.5, 0, 0],
							"lerp_mode": "catmullrom"
						},
						"0.1538": {
							"post": [7.5, 0, 0],
							"lerp_mode": "catmullrom"
						},
						"0.2308": {
							"post": [10, 0, 0],
							"lerp_mode": "catmullrom"
						},
						"0.3077": {
							"post": [10, 0, 0],
							"lerp_mode": "catmullrom"
						},
						"0.3846": {
							"post": [7.5, 0, 0],
							"lerp_mode": "catmullrom"
						},
						"0.4615": {
							"post": [2.5, 0, 0],
							"lerp_mode": "catmullrom"
						},
						"0.5385": {
							"post": [0, 0, 0],
							"lerp_mode": "catmullrom"
						},
						"0.6154": [0, 0, 0]
					},
					"position": {
						"0.0": [0, 0, 0],
						"0.3077": {
							"pre": [0, 0, -2],
							"post": [0, 0, -2],
							"lerp_mode": "catmullrom"
						},
						"0.6154": [0, 0, 0]
					}
				},
				"frill2": {
					"rotation": {
						"0.0": [0, 0, 0],
						"0.0769": {
							"pre": [2.5, 0, 0],
							"post": [2.5, 0, 0],
							"lerp_mode": "catmullrom"
						},
						"0.1538": {
							"post": [7.5, 0, 0],
							"lerp_mode": "catmullrom"
						},
						"0.2308": {
							"post": [10, 0, 0],
							"lerp_mode": "catmullrom"
						},
						"0.3077": {
							"post": [10, 0, 0],
							"lerp_mode": "catmullrom"
						},
						"0.3846": {
							"post": [7.5, 0, 0],
							"lerp_mode": "catmullrom"
						},
						"0.4615": {
							"post": [2.5, 0, 0],
							"lerp_mode": "catmullrom"
						},
						"0.5385": {
							"post": [0, 0, 0],
							"lerp_mode": "catmullrom"
						},
						"0.6154": [0, 0, 0]
					},
					"position": {
						"0.0": [0, 0, 0],
						"0.3077": {
							"pre": [0, 0, -2],
							"post": [0, 0, -2],
							"lerp_mode": "catmullrom"
						},
						"0.6154": [0, 0, 0]
					}
				},
				"toe2": {
					"rotation": {
						"0.0": [0, -25, 0],
						"0.6154": [0, -25, 0]
					}
				},
				"toe3": {
					"rotation": {
						"0.0": [0, -25, 0],
						"0.6154": [0, -25, 0]
					}
				},
				"bone3": {
					"rotation": {
						"0.0": [22.5, 0, 0],
						"0.6154": [22.5, 0, 0]
					}
				},
				"bone2": {
					"rotation": {
						"0.0": [25, 0, 0],
						"0.6154": [25, 0, 0]
					}
				},
				"bone": {
					"rotation": {
						"0.0": [-27.21373, -1.17581, -0.88529],
						"0.6154": [-27.21373, -1.17581, -0.88529]
					},
					"scale": {
						"0.0": [0.8, 0.8, 0.8],
						"0.6154": [0.8, 0.8, 0.8]
					}
				}
			},
			"sound_effects": {
				"0.0": {
					"effect": "step_1"
				},
				"0.6154": {
					"effect": "step_1"
				}
			}
		},
		"animation.LUCID_Pachycephalosaurus.walk": {
			"loop": true,
			"animation_length": 1,
			"bones": {
				"body": {
					"rotation": {
						"0.0": [0, 2.5, 2.5],
						"0.125": {
							"pre": [2.5, 0, 0],
							"post": [2.5, 0, 0],
							"lerp_mode": "catmullrom"
						},
						"0.25": {
							"post": [4.99917, -2.27268, -2.70829],
							"lerp_mode": "catmullrom"
						},
						"0.375": {
							"post": [2.49917, -4.77745, -5.21302],
							"lerp_mode": "catmullrom"
						},
						"0.5": {
							"post": [0, -2.5, -2.5],
							"lerp_mode": "catmullrom"
						},
						"0.625": {
							"post": [2.5, 0, 0],
							"lerp_mode": "catmullrom"
						},
						"0.75": {
							"post": [4.16609, 2.31181, 2.67496],
							"lerp_mode": "catmullrom"
						},
						"0.875": {
							"post": [2.49917, 4.77745, 5.21302],
							"lerp_mode": "catmullrom"
						},
						"1.0": [0, 2.5, 2.5]
					},
					"position": {
						"0.0": [0.5, -1, 0],
						"0.125": {
							"pre": [0, -2, 0],
							"post": [0, -2, 0],
							"lerp_mode": "catmullrom"
						},
						"0.25": {
							"post": [-0.5, 0, 0],
							"lerp_mode": "catmullrom"
						},
						"0.375": {
							"post": [-1, 1, 0],
							"lerp_mode": "catmullrom"
						},
						"0.5": {
							"post": [-0.5, -1, 0],
							"lerp_mode": "catmullrom"
						},
						"0.625": {
							"post": [0, -2, 0],
							"lerp_mode": "catmullrom"
						},
						"0.75": {
							"post": [0.75, 0, 0],
							"lerp_mode": "catmullrom"
						},
						"0.875": {
							"post": [1, 1, 0],
							"lerp_mode": "catmullrom"
						},
						"1.0": [0.5, -1, 0]
					}
				},
				"torso": {
					"rotation": {
						"0.0": [-2.49762, -0.10901, -2.49762],
						"0.125": {
							"pre": [0, 0, 0],
							"post": [0, 0, 0],
							"lerp_mode": "catmullrom"
						},
						"0.25": {
							"post": [4.99527, -0.21782, 2.4905],
							"lerp_mode": "catmullrom"
						},
						"0.375": {
							"post": [2.4905, -0.21782, 4.99527],
							"lerp_mode": "catmullrom"
						},
						"0.5": {
							"post": [-2.49762, 0.10901, 2.49762],
							"lerp_mode": "catmullrom"
						},
						"0.625": {
							"post": [0, 0, 0],
							"lerp_mode": "catmullrom"
						},
						"0.75": {
							"post": [4.99527, -0.21782, 2.4905],
							"lerp_mode": "catmullrom"
						},
						"0.875": {
							"post": [2.4905, 0.21782, -4.99527],
							"lerp_mode": "catmullrom"
						},
						"1.0": [-2.49762, -0.10901, -2.49762]
					},
					"position": {
						"0.0": [0, -1, 0],
						"1.0": [0, -1, 0]
					}
				},
				"neck": {
					"rotation": {
						"0.0": [37.5, 0, 0],
						"0.25": {
							"pre": [7.5, 0, 0],
							"post": [7.5, 0, 0],
							"lerp_mode": "catmullrom"
						},
						"0.5": {
							"post": [37.5, 0, 0],
							"lerp_mode": "catmullrom"
						},
						"0.75": {
							"post": [7.5, 0, 0],
							"lerp_mode": "catmullrom"
						},
						"1.0": [37.5, 0, 0]
					}
				},
				"head": {
					"rotation": {
						"0.0": [-25.0209, -2.26564, 1.0571],
						"0.25": {
							"pre": [-6.25591, 2.48513, -0.27234],
							"post": [-6.25591, 2.48513, -0.27234],
							"lerp_mode": "catmullrom"
						},
						"0.5": {
							"post": [-25.0209, 2.26564, -1.0571],
							"lerp_mode": "catmullrom"
						},
						"0.75": {
							"post": [-6.25591, -2.48513, 0.27234],
							"lerp_mode": "catmullrom"
						},
						"1.0": [-25.0209, -2.26564, 1.0571]
					},
					"position": {
						"0.0": [0, 0, -1],
						"0.5": {
							"pre": [0, 0, -1],
							"post": [0, 0, -1],
							"lerp_mode": "catmullrom"
						},
						"1.0": [0, 0, -1]
					}
				},
				"shoulder1": {
					"rotation": {
						"0.0": [20.94102, -8.42106, 20.94102],
						"1.0": [20.94102, -8.42106, 20.94102]
					}
				},
				"tail1": {
					"rotation": {
						"0.0": [20, 0, 0],
						"0.125": {
							"pre": [16.3312, 4.85017, 1.24817],
							"post": [16.3312, 4.85017, 1.24817],
							"lerp_mode": "catmullrom"
						},
						"0.25": {
							"post": [12.60443, 7.32123, 1.63219],
							"lerp_mode": "catmullrom"
						},
						"0.375": {
							"post": [16.362, 6.05977, 1.52159],
							"lerp_mode": "catmullrom"
						},
						"0.5": {
							"post": [20, 0, 0],
							"lerp_mode": "catmullrom"
						},
						"0.625": {
							"post": [16.3312, -4.85017, -1.24817],
							"lerp_mode": "catmullrom"
						},
						"0.75": {
							"post": [12.60443, -7.32123, -1.63219],
							"lerp_mode": "catmullrom"
						},
						"0.875": {
							"post": [16.362, -6.05977, -1.52159],
							"lerp_mode": "catmullrom"
						},
						"1.0": [20, 0, 0]
					}
				},
				"tail2": {
					"rotation": {
						"0.0": [-12.54624, -4.88119, 1.08482],
						"0.125": {
							"pre": [-17.19, 0, 0],
							"post": [-17.19, 0, 0],
							"lerp_mode": "catmullrom"
						},
						"0.25": {
							"post": [-25.64153, 6.76861, -3.23801],
							"lerp_mode": "catmullrom"
						},
						"0.375": {
							"post": [-21.78915, 6.96964, -2.77708],
							"lerp_mode": "catmullrom"
						},
						"0.5": {
							"post": [-12.54624, 4.88119, -1.08482],
							"lerp_mode": "catmullrom"
						},
						"0.625": {
							"post": [-17.19, 0, 0],
							"lerp_mode": "catmullrom"
						},
						"0.75": {
							"post": [-25.64153, -6.76861, 3.23801],
							"lerp_mode": "catmullrom"
						},
						"0.875": {
							"post": [-21.78915, -6.96964, 2.77708],
							"lerp_mode": "catmullrom"
						},
						"1.0": [-12.54624, -4.88119, 1.08482]
					}
				},
				"tail3": {
					"rotation": {
						"0.0": [-15.91527, -19.291, 5.38152],
						"0.125": {
							"pre": [2.58807, -14.98539, -0.66963],
							"post": [2.58807, -14.98539, -0.66963],
							"lerp_mode": "catmullrom"
						},
						"0.25": {
							"post": [2.5, 0, 0],
							"lerp_mode": "catmullrom"
						},
						"0.375": {
							"post": [-12.92638, 14.63639, -3.31914],
							"lerp_mode": "catmullrom"
						},
						"0.5": {
							"post": [-15.91527, 19.291, -5.38152],
							"lerp_mode": "catmullrom"
						},
						"0.625": {
							"post": [2.58807, 14.98539, 0.66963],
							"lerp_mode": "catmullrom"
						},
						"0.75": {
							"post": [2.5, 0, 0],
							"lerp_mode": "catmullrom"
						},
						"0.875": {
							"post": [-12.92638, -14.63639, 3.31914],
							"lerp_mode": "catmullrom"
						},
						"1.0": [-15.91527, -19.291, 5.38152]
					}
				},
				"leg0": {
					"rotation": {
						"0.0": [-34.97296, -6.2237, -6.5223],
						"0.125": {
							"pre": [-44.97296, -6.2237, -6.5223],
							"post": [-44.97296, -6.2237, -6.5223],
							"lerp_mode": "catmullrom"
						},
						"0.25": {
							"post": [-32.47296, -6.2237, -6.5223],
							"lerp_mode": "catmullrom"
						},
						"0.375": {
							"post": [-14.97296, -6.2237, -6.5223],
							"lerp_mode": "catmullrom"
						},
						"0.5": {
							"post": [22.52704, -6.2237, -6.5223],
							"lerp_mode": "catmullrom"
						},
						"0.625": {
							"post": [37.52704, -6.2237, -6.5223],
							"lerp_mode": "catmullrom"
						},
						"0.75": {
							"post": [14.44493, -7.4963, -1.65197],
							"lerp_mode": "catmullrom"
						},
						"0.875": {
							"post": [-45.24787, -2.68023, -2.98347],
							"lerp_mode": "catmullrom"
						},
						"1.0": [-34.97296, -6.2237, -6.5223]
					}
				},
				"knee0": {
					"rotation": {
						"0.0": [25, 0, 0],
						"0.125": {
							"pre": [50, 0, 0],
							"post": [50, 0, 0],
							"lerp_mode": "catmullrom"
						},
						"0.25": {
							"post": [45, 0, 0],
							"lerp_mode": "catmullrom"
						},
						"0.375": {
							"post": [42.5, 0, 0],
							"lerp_mode": "catmullrom"
						},
						"0.5": {
							"post": [35, 0, 0],
							"lerp_mode": "catmullrom"
						},
						"0.625": {
							"post": [42.5, 0, 0],
							"lerp_mode": "catmullrom"
						},
						"0.75": {
							"post": [62.5, 0, 0],
							"lerp_mode": "catmullrom"
						},
						"0.875": {
							"post": [60, 0, 0],
							"lerp_mode": "catmullrom"
						},
						"1.0": [25, 0, 0]
					}
				},
				"ankle0": {
					"rotation": {
						"0.0": [-24.90109, 2.6841, 4.22],
						"0.125": {
							"pre": [-29.90109, 2.6841, 4.22],
							"post": [-29.90109, 2.6841, 4.22],
							"lerp_mode": "catmullrom"
						},
						"0.25": {
							"post": [-32.40109, 2.6841, 4.22],
							"lerp_mode": "catmullrom"
						},
						"0.375": {
							"post": [-34.90109, 2.6841, 4.22],
							"lerp_mode": "catmullrom"
						},
						"0.5": {
							"post": [-57.40109, 2.6841, 4.22],
							"lerp_mode": "catmullrom"
						},
						"0.625": {
							"post": [-62.40109, 2.6841, 4.22],
							"lerp_mode": "catmullrom"
						},
						"0.75": {
							"post": [-92.40109, 2.6841, 4.22],
							"lerp_mode": "catmullrom"
						},
						"0.875": {
							"post": [-62.40109, 2.6841, 4.22],
							"lerp_mode": "catmullrom"
						},
						"1.0": [-24.90109, 2.6841, 4.22]
					}
				},
				"toe1": {
					"rotation": {
						"0.0": [0, 25, 0],
						"1.0": [0, 25, 0]
					}
				},
				"toe2": {
					"rotation": {
						"0.0": [0, -25, 0],
						"1.0": [0, -25, 0]
					}
				},
				"shoulder0": {
					"rotation": {
						"0.0": [21.26765, 7.52076, -18.58597],
						"1.0": [21.26765, 7.52076, -18.58597]
					}
				},
				"elbow0": {
					"rotation": {
						"0.0": [-92.5174, 23.43703, 21.51748],
						"1.0": [-92.5174, 23.43703, 21.51748]
					}
				},
				"finger0": {
					"rotation": {
						"0.0": [25, 0, 0],
						"1.0": [25, 0, 0]
					}
				},
				"finger1": {
					"rotation": {
						"0.0": [32.5, 0, 0],
						"1.0": [32.5, 0, 0]
					}
				},
				"finger2": {
					"rotation": {
						"0.0": [32.5, 0, 0],
						"1.0": [32.5, 0, 0]
					}
				},
				"leg1": {
					"rotation": {
						"0.0": [22.52704, 6.22373, 6.52225],
						"0.125": {
							"pre": [37.52704, 6.22373, 6.52225],
							"post": [37.52704, 6.22373, 6.52225],
							"lerp_mode": "catmullrom"
						},
						"0.25": {
							"post": [14.44493, 7.49633, 1.65192],
							"lerp_mode": "catmullrom"
						},
						"0.375": {
							"post": [-45.24787, 2.68026, 2.98342],
							"lerp_mode": "catmullrom"
						},
						"0.5": {
							"post": [-34.97296, 6.22373, 6.52225],
							"lerp_mode": "catmullrom"
						},
						"0.625": {
							"post": [-44.97296, 6.22373, 6.52225],
							"lerp_mode": "catmullrom"
						},
						"0.75": {
							"post": [-32.47296, 6.22373, 6.52225],
							"lerp_mode": "catmullrom"
						},
						"0.875": {
							"post": [-14.97296, 6.22373, 6.52225],
							"lerp_mode": "catmullrom"
						},
						"1.0": [22.52704, 6.22373, 6.52225]
					}
				},
				"knee1": {
					"rotation": {
						"0.0": [34.96867, -0.16679, 0.35398],
						"0.125": {
							"pre": [42.46867, -0.16679, 0.35398],
							"post": [42.46867, -0.16679, 0.35398],
							"lerp_mode": "catmullrom"
						},
						"0.25": {
							"post": [62.46867, -0.16679, 0.35398],
							"lerp_mode": "catmullrom"
						},
						"0.375": {
							"post": [59.96867, -0.16679, 0.35398],
							"lerp_mode": "catmullrom"
						},
						"0.5": {
							"post": [27.46867, -0.16679, 0.35398],
							"lerp_mode": "catmullrom"
						},
						"0.625": {
							"post": [49.96867, -0.16679, 0.35398],
							"lerp_mode": "catmullrom"
						},
						"0.75": {
							"post": [44.96867, -0.16679, 0.35398],
							"lerp_mode": "catmullrom"
						},
						"0.875": {
							"post": [42.46867, -0.16679, 0.35398],
							"lerp_mode": "catmullrom"
						},
						"1.0": [34.96867, -0.16679, 0.35398]
					}
				},
				"ankle1": {
					"rotation": {
						"0.0": [-57.40109, -2.68407, -4.22005],
						"0.125": {
							"pre": [-62.40109, -2.68407, -4.22005],
							"post": [-62.40109, -2.68407, -4.22005],
							"lerp_mode": "catmullrom"
						},
						"0.25": {
							"post": [-92.40109, -2.68407, -4.22005],
							"lerp_mode": "catmullrom"
						},
						"0.375": {
							"post": [-62.40109, -2.68407, -4.22005],
							"lerp_mode": "catmullrom"
						},
						"0.5": {
							"post": [-27.40109, -2.68407, -4.22005],
							"lerp_mode": "catmullrom"
						},
						"0.625": {
							"post": [-32.40109, -2.68407, -4.22005],
							"lerp_mode": "catmullrom"
						},
						"0.75": {
							"post": [-32.40109, -2.68407, -4.22005],
							"lerp_mode": "catmullrom"
						},
						"0.875": {
							"post": [-34.90109, -2.68407, -4.22005],
							"lerp_mode": "catmullrom"
						},
						"1.0": [-57.40109, -2.68407, -4.22005]
					}
				},
				"toe4": {
					"rotation": {
						"0.0": [0, 25, 0],
						"1.0": [0, 25, 0]
					}
				},
				"toe5": {
					"rotation": {
						"0.0": [0, 25, 0],
						"1.0": [0, 25, 0]
					}
				},
				"elbow1": {
					"rotation": {
						"0.0": [-92.5174, -23.43703, -21.51748],
						"1.0": [-92.5174, -23.43703, -21.51748]
					}
				},
				"finger3": {
					"rotation": {
						"0.0": [25, 0, 0],
						"1.0": [25, 0, 0]
					}
				},
				"finger4": {
					"rotation": {
						"0.0": [32.5, 0, 0],
						"0.5": {
							"pre": [32.5, 0, 0],
							"post": [32.5, 0, 0],
							"lerp_mode": "catmullrom"
						},
						"1.0": [32.5, 0, 0]
					}
				},
				"finger5": {
					"rotation": {
						"0.0": [35, 0, 0],
						"1.0": [35, 0, 0]
					}
				},
				"feet0": {
					"rotation": {
						"0.0": [22.5, 0, 0],
						"0.125": {
							"pre": [22.5, 0, 0],
							"post": [22.5, 0, 0],
							"lerp_mode": "catmullrom"
						},
						"0.25": {
							"post": [15, 0, 0],
							"lerp_mode": "catmullrom"
						},
						"0.375": {
							"post": [7.5, 0, 0],
							"lerp_mode": "catmullrom"
						},
						"0.5": {
							"post": [2.5, 0, 0],
							"lerp_mode": "catmullrom"
						},
						"0.625": {
							"post": [25, 0, 0],
							"lerp_mode": "catmullrom"
						},
						"0.75": {
							"post": [87.5, 0, 0],
							"lerp_mode": "catmullrom"
						},
						"0.875": {
							"post": [77.5, 0, 0],
							"lerp_mode": "catmullrom"
						},
						"1.0": [22.5, 0, 0]
					}
				},
				"feet1": {
					"rotation": {
						"0.0": [0, 0, 0],
						"0.125": {
							"pre": [25, 0, 0],
							"post": [25, 0, 0],
							"lerp_mode": "catmullrom"
						},
						"0.25": {
							"post": [87.5, 0, 0],
							"lerp_mode": "catmullrom"
						},
						"0.5": {
							"post": [5, 0, 0],
							"lerp_mode": "catmullrom"
						},
						"0.625": {
							"post": [27.5, 0, 0],
							"lerp_mode": "catmullrom"
						},
						"0.75": {
							"post": [15, 0, 0],
							"lerp_mode": "catmullrom"
						},
						"0.875": {
							"post": [7.5, 0, 0],
							"lerp_mode": "catmullrom"
						},
						"1.0": [0, 0, 0]
					}
				},
				"frillopen1": {
					"rotation": {
						"0.0": [0, -87.5, 0],
						"1.0": [0, -87.5, 0]
					},
					"position": {
						"0.0": [0, 0, 0],
						"1.0": [0, 0, 0]
					},
					"scale": {
						"0.0": [0, 0, 0],
						"1.0": [0, 0, 0]
					}
				},
				"frillopen2": {
					"rotation": {
						"0.0": [0, 87.5, 0],
						"1.0": [0, 87.5, 0]
					},
					"position": {
						"0.0": [0, 0, 0],
						"1.0": [0, 0, 0]
					},
					"scale": {
						"0.0": [0, 0, 0],
						"1.0": [0, 0, 0]
					}
				},
				"toe3": {
					"rotation": {
						"0.0": [0, -25, 0],
						"1.0": [0, -25, 0]
					}
				},
				"bone": {
					"rotation": {
						"0.0": [-40, 0, 0],
						"1.0": [-40, 0, 0]
					},
					"scale": {
						"0.0": [0.8, 0.8, 0.8],
						"1.0": [0.8, 0.8, 0.8]
					}
				},
				"bone2": {
					"rotation": {
						"0.0": [25, 0, 0],
						"1.0": [25, 0, 0]
					}
				},
				"bone3": {
					"rotation": {
						"0.0": [22.5, 0, 0],
						"1.0": [22.5, 0, 0]
					}
				}
			}
		},
		"animation.LUCID_Pachycephalosaurus.sleep_start": {
			"loop": "hold_on_last_frame",
			"animation_length": 1,
			"bones": {
				"body": {
					"rotation": {
						"0.0": [-12.5, 0, 0],
						"0.25": [-10, 0, 0],
						"0.5": [-17.5, 0, 0],
						"0.75": [0, 0, 0]
					},
					"position": {
						"0.0": [0, -1, 0],
						"0.25": [0, -7, 1],
						"0.5": [0, -15, 9],
						"0.75": [0, -19.3, 9.7]
					}
				},
				"torso": {
					"rotation": {
						"0.0": [5, 0, 0],
						"0.25": [-10, 0, 0],
						"0.5": [-5, 0, 0],
						"0.75": [-2.5, 0, 0],
						"1.0": [-2.5, 0, 0]
					}
				},
				"neck": {
					"rotation": {
						"0.0": [35, 0, 0],
						"0.25": [20, 0, 0],
						"0.5": [50.97496, 9.57658, 11.59948],
						"0.75": [0, 12.5, 0],
						"0.9583": [57.51153, 2.44071, 0.54143],
						"1.0": [102.51153, 2.44071, 0.54143]
					},
					"position": [0, -1, 0]
				},
				"head": {
					"rotation": {
						"0.0": [-7.5, 0, 0],
						"0.25": [-2.5, 0, 0],
						"0.5": [-17.5, 0, 0],
						"0.75": [2.58807, 14.98539, 0.66963],
						"0.9583": [-37.5, 0, 0],
						"1.0": [-85, 0, 0]
					},
					"position": [0, 0, -1]
				},
				"shoulder1": {
					"rotation": {
						"0.0": [26.69458, -6.86379, 13.36965],
						"0.2917": [26.41077, -8.04735, 10.81033],
						"0.75": [-15.21474, -8.04735, 10.81033],
						"0.9583": [-65.21474, -8.04735, 10.81033],
						"1.0": [-77.73507, -5.48409, 56.3963]
					}
				},
				"tail1": {
					"rotation": {
						"0.0": [-13.46292, 8.08539, -5.21491],
						"0.5": [12.54624, -4.88119, -1.08482],
						"0.75": [-16.80857, -26.48829, 7.6734],
						"1.0": [-21.67413, -35.49178, 12.99301]
					}
				},
				"tail2": {
					"rotation": {
						"0.0": [7.00871, 11.96732, 0.29141],
						"0.25": [5, 0, 0],
						"0.5": [15.50409, -14.47751, -3.96713],
						"0.75": [3.53329, -44.94549, -2.49762],
						"0.9583": [-13.96671, -44.94549, -2.49762]
					}
				},
				"tail3": {
					"rotation": {
						"0.0": [9.89773, 16.12411, -4.32774],
						"0.25": [-2.5, 0, 0],
						"0.5": [17.5, 0, 0],
						"0.75": [16.51796, 14.00404, 4.64053],
						"1.0": [14.19231, -21.57755, -5.06156]
					}
				},
				"leg0": {
					"rotation": {
						"0.0": [-0.44067, -9.99038, -4.96148],
						"0.25": [-4.97296, -6.2237, -6.5223],
						"0.5": [-49.97296, -6.2237, -6.5223],
						"0.75": [-72.47296, -6.2237, -6.5223]
					}
				},
				"knee0": {
					"rotation": {
						"0.0": [47.5, 0, 0],
						"0.25": [65, 0, 0],
						"0.5": [87.5, 0, 0]
					}
				},
				"ankle0": {
					"rotation": {
						"0.0": [-32.47437, 1.43364, 2.04831],
						"0.25": [-72.40109, 2.6841, 4.22],
						"0.5": [-72.27724, 3.25748, 5.25684],
						"0.75": [-89.77724, 3.25748, 5.25684]
					}
				},
				"toe1": {
					"rotation": [0, 12.5, 0]
				},
				"toe2": {
					"rotation": [0, -12.5, 0]
				},
				"shoulder0": {
					"rotation": {
						"0.0": [26.69458, 6.8638, -13.3696],
						"0.2917": [26.41077, 8.0474, -10.8103],
						"0.75": [-15.21474, 8.0474, -10.8103],
						"0.9583": [-65.21474, 8.0474, -10.8103],
						"1.0": [-66.10608, 10.34458, -56.69751]
					}
				},
				"elbow0": {
					"rotation": {
						"0.0": [-54.3516, 10.2124, 7.2468],
						"0.2917": [-80, 0, 0],
						"0.75": [-70, 0, 0]
					}
				},
				"finger0": {
					"rotation": [25, 0, 0]
				},
				"finger1": {
					"rotation": [32.5, 0, 0]
				},
				"finger2": {
					"rotation": [32.5, 0, 0]
				},
				"leg1": {
					"rotation": {
						"0.0": [-0.44067, 9.9904, 4.9615],
						"0.25": [-4.97296, 6.22373, 6.52225],
						"0.5": [-47.47296, 6.22373, 6.52225],
						"0.75": [-75.22142, 8.90226, 1.36814]
					}
				},
				"knee1": {
					"rotation": {
						"0.0": [47.5, 0, 0],
						"0.25": [65, 0, 0],
						"0.5": [87.5, 0, 0]
					}
				},
				"ankle1": {
					"rotation": {
						"0.0": [-32.47437, -1.4336, -2.0483],
						"0.25": [-72.40109, -2.68407, -4.22005],
						"0.5": [-74.90109, -2.68407, -4.22005],
						"0.75": [-84.90109, -2.68407, -4.22005]
					}
				},
				"toe4": {
					"rotation": [0, -12.5, 0]
				},
				"toe5": {
					"rotation": [0, 12.5, 0]
				},
				"elbow1": {
					"rotation": {
						"0.0": [-54.3516, -10.21235, -7.24677],
						"0.2917": [-80, 0, 0],
						"0.75": [-70, 0, 0]
					}
				},
				"finger3": {
					"rotation": [25, 0, 0]
				},
				"finger4": {
					"rotation": [32.5, 0, 0]
				},
				"finger5": {
					"rotation": [35, 0, 0]
				},
				"feet0": {
					"rotation": {
						"0.0": [0, 0, 0],
						"0.25": [20, 0, 0],
						"0.5": [50, 0, 0],
						"0.75": [100, 0, 0]
					}
				},
				"toe0": {
					"rotation": [2.53591, 0.14448, 0.57446]
				},
				"feet1": {
					"rotation": {
						"0.0": [0, 0, 0],
						"0.25": [20, 0, 0],
						"0.5": [50, 0, 0],
						"0.75": [100, 0, 0]
					}
				},
				"frillopen1": {
					"rotation": [0, -87.5, 0],
					"position": [0, 0, 0],
					"scale": 0
				},
				"frillopen2": {
					"rotation": [0, 87.5, 0],
					"position": [0, 0, 0],
					"scale": 0
				},
				"toe3": {
					"rotation": [0, -25, 0]
				},
				"bone": {
					"scale": 0.8
				}
			}
		},
		"animation.LUCID_Pachycephalosaurus.sleep_end": {
			"loop": "hold_on_last_frame",
			"animation_length": 1.20833,
			"bones": {
				"body": {
					"rotation": {
						"0.0": [0, 0, 0],
						"1.2083": [-12.5, 0, 0]
					},
					"position": {
						"0.0": [0, -19.3, 9.7],
						"1.2083": [0, 0, 0]
					}
				},
				"torso": {
					"rotation": {
						"0.0": [0, 0, 0],
						"0.0417": [-2.5, 0, 0],
						"1.2083": [5, 0, 0]
					}
				},
				"neck": {
					"rotation": {
						"0.0": [57.51153, 2.44071, 0.54143],
						"0.0417": [102.51153, 2.44071, 0.54143],
						"1.2083": [35, 0, 0]
					},
					"position": [0, -1, 0]
				},
				"head": {
					"rotation": {
						"0.0": [-37.5, 0, 0],
						"0.0417": [-85, 0, 0],
						"1.2083": [-7.5, 0, 0]
					},
					"position": {
						"1.2083": {
							"pre": [0, 0, -1],
							"post": [0, 0, -1],
							"lerp_mode": "catmullrom"
						}
					}
				},
				"shoulder1": {
					"rotation": {
						"0.0": [-65.21474, -8.04735, 10.81033],
						"0.0417": [-77.73507, -5.48409, 56.3963],
						"1.2083": [26.69458, -6.86379, 13.36965]
					}
				},
				"tail1": {
					"rotation": {
						"0.0": [-6.33483, -40.42258, -11.68413],
						"0.0417": [-21.67413, -35.49178, 12.99301],
						"1.2083": [-13.46292, 8.08539, -5.21491]
					}
				},
				"tail2": {
					"rotation": {
						"0.0": [-13.96671, -44.94549, -2.49762],
						"1.2083": [7.00871, 11.96732, 0.29141]
					}
				},
				"tail3": {
					"rotation": {
						"0.0": [19.02909, -48.4076, -14.46375],
						"0.0417": [14.19231, -21.57755, -5.06156],
						"1.2083": [9.89773, 16.12411, -4.32774]
					}
				},
				"leg0": {
					"rotation": {
						"0.0": [-72.47296, -6.2237, -6.5223],
						"1.2083": [-0.44067, -9.99038, -4.96148]
					}
				},
				"knee0": {
					"rotation": {
						"0.0": [87.5, 0, 0],
						"1.2083": [47.5, 0, 0]
					}
				},
				"ankle0": {
					"rotation": {
						"0.0": [-89.77724, 3.25748, 5.25684],
						"1.2083": [-32.47437, 1.43364, 2.04831]
					}
				},
				"toe1": {
					"rotation": {
						"0.0": [0, 25, 0],
						"1.2083": [0, 12.5, 0]
					}
				},
				"toe2": {
					"rotation": {
						"0.0": [0, -25, 0],
						"1.2083": [0, -12.5, 0]
					}
				},
				"shoulder0": {
					"rotation": {
						"0.0": [-65.21474, 8.0474, -10.8103],
						"0.0417": [-66.10608, 10.34458, -56.69751],
						"1.2083": [26.69458, 6.8638, -13.3696]
					}
				},
				"elbow0": {
					"rotation": {
						"0.0": [-88.49762, 21.07593, 8.0634],
						"1.2083": [-54.3516, 10.2124, 7.2468]
					}
				},
				"finger0": {
					"rotation": {
						"0.0": [25, 0, 0],
						"1.2083": [25, 0, 0]
					}
				},
				"finger1": {
					"rotation": {
						"0.0": [32.5, 0, 0],
						"1.2083": [32.5, 0, 0]
					}
				},
				"finger2": {
					"rotation": {
						"0.0": [32.5, 0, 0],
						"1.2083": [32.5, 0, 0]
					}
				},
				"leg1": {
					"rotation": {
						"0.0": [-75.22142, 8.90226, 1.36814],
						"1.2083": [-0.44067, 9.9904, 4.9615]
					}
				},
				"knee1": {
					"rotation": {
						"0.0": [87.5, 0, 0],
						"1.2083": [47.5, 0, 0]
					}
				},
				"ankle1": {
					"rotation": {
						"0.0": [-84.90109, -2.68407, -4.22005],
						"1.2083": [-32.47437, -1.4336, -2.0483]
					}
				},
				"toe4": {
					"rotation": {
						"0.0": [0, 25, 0],
						"1.2083": [0, -12.5, 0]
					}
				},
				"toe5": {
					"rotation": {
						"0.0": [0, 25, 0],
						"1.2083": [0, 12.5, 0]
					}
				},
				"elbow1": {
					"rotation": {
						"0.0": [-87.05418, -11.73507, -4.3361],
						"1.2083": [-54.3516, -10.21235, -7.24677]
					}
				},
				"finger3": {
					"rotation": {
						"0.0": [25, 0, 0],
						"1.2083": [25, 0, 0]
					}
				},
				"finger4": {
					"rotation": {
						"0.0": [32.5, 0, 0],
						"1.2083": [32.5, 0, 0]
					}
				},
				"finger5": {
					"rotation": {
						"0.0": [35, 0, 0],
						"1.2083": [35, 0, 0]
					}
				},
				"feet0": {
					"rotation": {
						"0.0": [100, 0, 0],
						"1.2083": [-2.5, 0, 0]
					}
				},
				"toe0": {
					"rotation": {
						"0.0": [2.53591, 0.14448, 0.57446],
						"1.2083": [2.53591, 0.14448, 0.57446]
					}
				},
				"feet1": {
					"rotation": {
						"0.0": [100, 0, 0],
						"1.2083": [0, 0, 0]
					}
				},
				"frillopen1": {
					"rotation": {
						"0.0": [0, -87.5, 0],
						"1.2083": [0, -87.5, 0]
					},
					"position": {
						"0.0": [0, 0, 0],
						"1.2083": [0, 0, 0]
					},
					"scale": {
						"0.0": [0, 0, 0],
						"1.2083": [0, 0, 0]
					}
				},
				"frillopen2": {
					"rotation": {
						"0.0": [0, 87.5, 0],
						"1.2083": [0, 87.5, 0]
					},
					"position": {
						"0.0": [0, 0, 0],
						"1.2083": [0, 0, 0]
					},
					"scale": {
						"0.0": [0, 0, 0],
						"1.2083": [0, 0, 0]
					}
				},
				"toe3": {
					"rotation": {
						"0.0": [0, -25, 0],
						"1.2083": [0, -25, 0]
					}
				},
				"bone": {
					"scale": {
						"0.0": [0.8, 0.8, 0.8],
						"1.2083": [0.8, 0.8, 0.8]
					}
				}
			}
		},
		"animation.LUCID_Pachycephalosaurus.easteregg": {
			"loop": true,
			"bones": {
				"body": {
					"rotation": [-12.5, 0, 0]
				},
				"torso": {
					"rotation": ["-62.5+math.sin(q.life_time *-400) *5", "math.cos(q.life_time *-400) *5", 0],
					"position": [0, -4, 6]
				},
				"neck": {
					"rotation": [97.5, 0, 0],
					"position": [0, -4, -3]
				},
				"head": {
					"rotation": [35, 0, 0],
					"position": ["math.sin(q.life_time *400) *1", 0, "math.cos(q.life_time *400) *1"]
				},
				"shoulder0": {
					"rotation": [-39.0977, -12.42879, 19.06471],
					"position": ["math.sin(q.life_time *400) *1", 0, "math.cos(q.life_time *400) *1"]
				},
				"elbow0": {
					"rotation": ["-54.3516+math.sin(q.life_time *400) *20", 10.2124, 7.2468]
				},
				"shoulder1": {
					"rotation": [-22.24234, 11.2531, -22.47096],
					"position": ["math.sin(q.life_time *-400) *1", 0, "math.cos(q.life_time *-400) *1"]
				},
				"elbow1": {
					"rotation": ["-54.3516+math.sin(q.life_time *-400) *20", -10.21235, -7.24677]
				},
				"tail1": {
					"rotation": [-13.3322, "-1.6439+math.sin(q.life_time *400) *5", -2.89696]
				},
				"tail2": {
					"rotation": [6.86463, "-2.9241+math.sin(q.life_time *400) *10", -1.52072]
				},
				"tail3": {
					"rotation": [9.50656, "-1.1295+math.sin(q.life_time *400) *15", -7.29116]
				},
				"leg0": {
					"rotation": [2.11017, -27.41903, -10.4466]
				},
				"knee0": {
					"rotation": [47.5, 0, 0]
				},
				"ankle0": {
					"rotation": [-32.47437, 1.43364, 2.04831]
				},
				"toe1": {
					"rotation": [0, 12.5, 0]
				},
				"toe2": {
					"rotation": [0, -12.5, 0]
				},
				"leg1": {
					"rotation": [1.90482, 17.39513, 12.76261]
				},
				"knee1": {
					"rotation": [47.5, 0, 0]
				},
				"ankle1": {
					"rotation": [-32.47437, -1.4336, -2.0483]
				},
				"toe4": {
					"rotation": [0, -12.5, 0]
				},
				"toe5": {
					"rotation": [0, 12.5, 0]
				}
			}
		},
		"animation.LUCID_Pachycephalosaurus.sleeping": {
			"loop": true,
			"bones": {
				"body": {
					"rotation": [0, 0, 0],
					"position": [0, -19.3, 9.7]
				},
				"torso": {
					"rotation": [-2.5, 0, 0]
				},
				"neck": {
					"rotation": ["102.5115+math.sin(q.life_time *-80) *5", 2.44071, 0.54143],
					"position": [0, -1, 0]
				},
				"head": {
					"rotation": ["-85+math.sin(q.life_time *80) *5", 0, 0]
				},
				"shoulder0": {
					"rotation": [-66.10608, "10.3446+math.sin(q.life_time *80) *1", -56.69751]
				},
				"elbow0": {
					"rotation": [-88.49762, "21.0759+math.sin(q.life_time *-80) *2", 8.0634]
				},
				"shoulder1": {
					"rotation": [-77.73507, "-5.4841+math.sin(q.life_time *80) *1", 56.3963]
				},
				"elbow1": {
					"rotation": [-87.05418, "-11.7351+math.sin(q.life_time *-80) *2", -4.3361]
				},
				"bone": {
					"scale": 0.8
				},
				"tail1": {
					"rotation": [-21.67413, "-35.4918+math.sin(q.life_time *80) *10", 12.99301]
				},
				"tail2": {
					"rotation": [-13.96671, "-44.9455+math.sin(q.life_time *80) *10", -2.49762]
				},
				"tail3": {
					"rotation": [14.19231, "-21.5775+math.sin(q.life_time *80) *10", -5.06156]
				},
				"leg0": {
					"rotation": [-72.47296, -6.2237, -6.5223]
				},
				"knee0": {
					"rotation": [87.5, 0, 0]
				},
				"ankle0": {
					"rotation": [-89.77724, 3.25748, 5.25684]
				},
				"feet0": {
					"rotation": [100, 0, 0]
				},
				"toe0": {
					"rotation": [2.53591, 0.14448, 0.57446]
				},
				"toe1": {
					"rotation": [0, 25, 0]
				},
				"toe2": {
					"rotation": [0, -25, 0]
				},
				"leg1": {
					"rotation": [-75.22142, 8.90226, 1.36814]
				},
				"knee1": {
					"rotation": [87.5, 0, 0]
				},
				"ankle1": {
					"rotation": [-84.90109, -2.68407, -4.22005]
				},
				"feet1": {
					"rotation": [100, 0, 0]
				},
				"toe3": {
					"rotation": [0, -25, 0]
				},
				"toe4": {
					"rotation": [0, 25, 0]
				},
				"toe5": {
					"rotation": [0, 25, 0]
				}
			},
			"particle_effects": {
				"0.0": {
					"effect": "sleep_locator",
					"locator": "sleep_locator"
				}
			}
		},
		"animation.LUCID_Pachycephalosaurus.util": {
			"loop": true,
			"bones": {
				"torso": {
					"rotation": [0, "math.clamp(-variable.smoothed_turning/-10,-10,100)", 0]
				},
				"neck": {
					"rotation": [0, 0, 0]
				},
				"tail1": {
					"rotation": [0, "math.clamp(variable.smoothed_turning/-10,-10,100)", 0]
				},
				"tail2": {
					"rotation": [0, "math.clamp(variable.smoothed_turning/-10,-10,100)", 0]
				},
				"bone3": {
					"rotation": [0, 0, 0]
				},
				"tail3": {
					"rotation": [0, "math.clamp(variable.smoothed_turning/-10,-10,100)", 0]
				}
			}
		}
	}
}