{
	"format_version": "1.8.0",
	"animations": {
		"animation.LUCID_Tylosaurus.idle": {
			"loop": true,
			"animation_length": 8,
			"bones": {
				"leg0": {
					"rotation": {
						"0.0": [0, 0, -52.5],
						"2.0": {
							"pre": [0, 0, -42.5],
							"post": [0, 0, -42.5],
							"lerp_mode": "catmullrom"
						},
						"4.0": {
							"post": [0, 0, -49.17],
							"lerp_mode": "catmullrom"
						},
						"6.0": {
							"post": [0, 0, -59.17],
							"lerp_mode": "catmullrom"
						},
						"7.0": {
							"post": [0, 0, -43.96],
							"lerp_mode": "catmullrom"
						},
						"8.0": [0, 0, -52.5]
					}
				},
				"leg1": {
					"rotation": {
						"0.0": [0, 0, 52.5],
						"2.0": {
							"pre": [0, 0, 42.5],
							"post": [0, 0, 42.5],
							"lerp_mode": "catmullrom"
						},
						"4.0": {
							"post": [0, 0, 49.17],
							"lerp_mode": "catmullrom"
						},
						"6.0": {
							"post": [0, 0, 59.17],
							"lerp_mode": "catmullrom"
						},
						"7.0": {
							"post": [0, 0, 43.96],
							"lerp_mode": "catmullrom"
						},
						"8.0": [0, 0, 52.5]
					}
				},
				"leg2": {
					"rotation": {
						"0.0": [0, 0, -67.5],
						"2.0": {
							"pre": [0, 0, -60],
							"post": [0, 0, -60],
							"lerp_mode": "catmullrom"
						},
						"4.0": {
							"post": [0, 0, -55],
							"lerp_mode": "catmullrom"
						},
						"6.0": {
							"post": [0, 0, -62.19],
							"lerp_mode": "catmullrom"
						},
						"7.0": {
							"post": [0, 0, -52.79],
							"lerp_mode": "catmullrom"
						},
						"8.0": [0, 0, -67.5]
					}
				},
				"leg3": {
					"rotation": {
						"0.0": [0, 0, 67.5],
						"2.0": {
							"pre": [0, 0, 60],
							"post": [0, 0, 60],
							"lerp_mode": "catmullrom"
						},
						"4.0": {
							"post": [0, 0, 55],
							"lerp_mode": "catmullrom"
						},
						"6.0": {
							"post": [0, 0, 62.19],
							"lerp_mode": "catmullrom"
						},
						"7.0": {
							"post": [0, 0, 52.79],
							"lerp_mode": "catmullrom"
						},
						"8.0": [0, 0, 67.5]
					}
				},
				"body": {
					"rotation": {
						"0.0": [-2.5, 0, 0],
						"2.0": {
							"pre": [-5, 0, 0],
							"post": [-5, 0, 0],
							"lerp_mode": "catmullrom"
						},
						"4.0": {
							"post": [-2.5, 0, 0],
							"lerp_mode": "catmullrom"
						},
						"6.0": {
							"post": [-5, 0, 0],
							"lerp_mode": "catmullrom"
						},
						"8.0": [-2.5, 0, 0]
					},
					"position": [0, -28, 0]
				},
				"torso": {
					"rotation": {
						"0.0": [2.5, 0, 0],
						"2.0": {
							"pre": [5, 0, 0],
							"post": [5, 0, 0],
							"lerp_mode": "catmullrom"
						},
						"4.0": {
							"post": [2.5, 0, 0],
							"lerp_mode": "catmullrom"
						},
						"6.0": {
							"post": [5, 0, 0],
							"lerp_mode": "catmullrom"
						},
						"8.0": [2.5, 0, 0]
					}
				},
				"chest": {
					"rotation": {
						"0.0": [7.5, 0, 0],
						"2.0": {
							"pre": [10, 0, 0],
							"post": [10, 0, 0],
							"lerp_mode": "catmullrom"
						},
						"4.0": {
							"post": [12.5, 0, 0],
							"lerp_mode": "catmullrom"
						},
						"6.0": {
							"post": [10, 0, 0],
							"lerp_mode": "catmullrom"
						},
						"8.0": [7.5, 0, 0]
					}
				},
				"head": {
					"rotation": {
						"0.0": [0, 0, 0],
						"2.0": {
							"pre": [-2.43481, 0.31543, 0.46477],
							"post": [-2.43481, 0.31543, 0.46477],
							"lerp_mode": "catmullrom"
						},
						"4.0": {
							"post": [-4.93481, 0.31543, 0.46477],
							"lerp_mode": "catmullrom"
						},
						"6.0": {
							"post": [-2.43481, 0.31543, 0.46477],
							"lerp_mode": "catmullrom"
						},
						"8.0": [0, 0, 0]
					}
				},
				"tail1": {
					"rotation": {
						"0.0": [-2.5, 0, 0],
						"2.0": {
							"pre": [-7.5, 0, 0],
							"post": [-7.5, 0, 0],
							"lerp_mode": "catmullrom"
						},
						"4.0": {
							"post": [-12.5, 0, 0],
							"lerp_mode": "catmullrom"
						},
						"6.0": {
							"post": [-7.46867, 0.23796, 0.30967],
							"lerp_mode": "catmullrom"
						},
						"8.0": [-2.5, 0, 0]
					}
				},
				"tail2": {
					"rotation": {
						"0.0": [-7.5, 0, 0],
						"2.0": {
							"pre": [0, 0, 0],
							"post": [0, 0, 0],
							"lerp_mode": "catmullrom"
						},
						"4.0": {
							"post": [-4.97183, -0.22549, 0.30358],
							"lerp_mode": "catmullrom"
						},
						"6.0": {
							"post": [-5, 0, 0],
							"lerp_mode": "catmullrom"
						},
						"8.0": [-7.5, 0, 0]
					}
				},
				"tail3": {
					"rotation": {
						"0.0": [2.5, 0, 0],
						"2.0": {
							"pre": [4.87428, -0.20486, -1.1043],
							"post": [4.87428, -0.20486, -1.1043],
							"lerp_mode": "catmullrom"
						},
						"4.0": {
							"post": [-2.62572, -0.20486, -1.1043],
							"lerp_mode": "catmullrom"
						},
						"6.0": {
							"post": [-7.62572, -0.20486, -1.1043],
							"lerp_mode": "catmullrom"
						},
						"8.0": [2.5, 0, 0]
					}
				},
				"bone": {
					"rotation": {
						"0.0": [2.5, 0, 0],
						"2.0": {
							"pre": [0, 0, 0],
							"post": [0, 0, 0],
							"lerp_mode": "catmullrom"
						},
						"4.0": {
							"post": [-2.5, 0, 0],
							"lerp_mode": "catmullrom"
						},
						"6.0": {
							"post": [2.41666, 0.64197, 0.67222],
							"lerp_mode": "catmullrom"
						},
						"8.0": [2.5, 0, 0]
					},
					"position": {
						"0.0": [0, 0, 3],
						"2.0": {
							"pre": [0, 3, 0],
							"post": [0, 3, 0],
							"lerp_mode": "catmullrom"
						},
						"4.0": {
							"post": [0, 4, 2],
							"lerp_mode": "catmullrom"
						},
						"6.0": {
							"post": [0, 3, 8],
							"lerp_mode": "catmullrom"
						},
						"8.0": [0, 0, 3]
					}
				}
			}
		},
		"animation.LUCID_Tylosaurus.look": {
			"loop": true,
			"animation_length": 8,
			"bones": {
				"leg0": {
					"rotation": {
						"0.0": [0, 0, -52.5],
						"2.0": {
							"pre": [0, 0, -42.5],
							"post": [0, 0, -42.5],
							"lerp_mode": "catmullrom"
						},
						"4.0": {
							"post": [0, 0, -49.17],
							"lerp_mode": "catmullrom"
						},
						"6.0": {
							"post": [0, 0, -59.17],
							"lerp_mode": "catmullrom"
						},
						"7.0": {
							"post": [0, 0, -43.96],
							"lerp_mode": "catmullrom"
						},
						"8.0": [0, 0, -52.5]
					}
				},
				"leg1": {
					"rotation": {
						"0.0": [0, 0, 52.5],
						"2.0": {
							"pre": [0, 0, 42.5],
							"post": [0, 0, 42.5],
							"lerp_mode": "catmullrom"
						},
						"4.0": {
							"post": [0, 0, 49.17],
							"lerp_mode": "catmullrom"
						},
						"6.0": {
							"post": [0, 0, 59.17],
							"lerp_mode": "catmullrom"
						},
						"7.0": {
							"post": [0, 0, 43.96],
							"lerp_mode": "catmullrom"
						},
						"8.0": [0, 0, 52.5]
					}
				},
				"leg2": {
					"rotation": {
						"0.0": [0, 0, -67.5],
						"2.0": {
							"pre": [0, 0, -60],
							"post": [0, 0, -60],
							"lerp_mode": "catmullrom"
						},
						"4.0": {
							"post": [0, 0, -55],
							"lerp_mode": "catmullrom"
						},
						"6.0": {
							"post": [0, 0, -62.19],
							"lerp_mode": "catmullrom"
						},
						"7.0": {
							"post": [0, 0, -52.79],
							"lerp_mode": "catmullrom"
						},
						"8.0": [0, 0, -67.5]
					}
				},
				"leg3": {
					"rotation": {
						"0.0": [0, 0, 67.5],
						"2.0": {
							"pre": [0, 0, 60],
							"post": [0, 0, 60],
							"lerp_mode": "catmullrom"
						},
						"4.0": {
							"post": [0, 0, 55],
							"lerp_mode": "catmullrom"
						},
						"6.0": {
							"post": [0, 0, 62.19],
							"lerp_mode": "catmullrom"
						},
						"7.0": {
							"post": [0, 0, 52.79],
							"lerp_mode": "catmullrom"
						},
						"8.0": [0, 0, 67.5]
					}
				},
				"body": {
					"rotation": {
						"0.0": [-2.5, 0, 0],
						"2.0": {
							"pre": [-5, 0, 0],
							"post": [-5, 0, 0],
							"lerp_mode": "catmullrom"
						},
						"2.375": {
							"post": [-4.84982, 0.85407, 9.96383],
							"lerp_mode": "catmullrom"
						},
						"4.0": {
							"post": [-4.84982, 0.85407, 9.96383],
							"lerp_mode": "catmullrom"
						},
						"4.8333": {
							"post": [-4.84982, -0.85407, -9.96383],
							"lerp_mode": "catmullrom"
						},
						"6.0": {
							"post": [-4.84982, -0.85407, -9.96383],
							"lerp_mode": "catmullrom"
						},
						"7.5417": {
							"post": [-4.84982, -0.85407, -9.96383],
							"lerp_mode": "catmullrom"
						},
						"8.0": [-2.5, 0, 0]
					},
					"position": [0, -28, 0]
				},
				"torso": {
					"rotation": {
						"0.0": [2.5, 0, 0],
						"2.0": {
							"pre": [5, 0, 0],
							"post": [5, 0, 0],
							"lerp_mode": "catmullrom"
						},
						"2.375": {
							"post": [6.68758, -15.48073, 5.93483],
							"lerp_mode": "catmullrom"
						},
						"4.0": {
							"post": [8.93968, -16.67549, 4.93701],
							"lerp_mode": "catmullrom"
						},
						"4.8333": {
							"post": [8.93968, 16.67549, -4.93701],
							"lerp_mode": "catmullrom"
						},
						"6.0": {
							"post": [16.43968, 16.67549, -4.93701],
							"lerp_mode": "catmullrom"
						},
						"7.5417": {
							"post": [8.93968, 16.67549, -4.93701],
							"lerp_mode": "catmullrom"
						},
						"8.0": [2.5, 0, 0]
					}
				},
				"chest": {
					"rotation": {
						"0.0": [7.5, 0, 0],
						"2.0": {
							"pre": [10, 0, 0],
							"post": [10, 0, 0],
							"lerp_mode": "catmullrom"
						},
						"2.375": {
							"post": [13.03606, -12.69661, -12.81412],
							"lerp_mode": "catmullrom"
						},
						"4.0": {
							"post": [8.03606, -12.69661, -12.81412],
							"lerp_mode": "catmullrom"
						},
						"4.8333": {
							"post": [8.03606, 12.69661, 12.81412],
							"lerp_mode": "catmullrom"
						},
						"6.0": {
							"post": [3.03606, 12.69661, 12.81412],
							"lerp_mode": "catmullrom"
						},
						"7.5417": {
							"post": [8.03606, 12.69661, 12.81412],
							"lerp_mode": "catmullrom"
						},
						"8.0": [7.5, 0, 0]
					}
				},
				"head": {
					"rotation": {
						"0.0": [0, 0, 0],
						"2.0": {
							"pre": [-2.43481, 0.31543, 0.46477],
							"post": [-2.43481, 0.31543, 0.46477],
							"lerp_mode": "catmullrom"
						},
						"2.375": {
							"post": [0.27191, -17.37615, -9.13152],
							"lerp_mode": "catmullrom"
						},
						"4.0": {
							"post": [7.77191, -17.37615, -9.13152],
							"lerp_mode": "catmullrom"
						},
						"4.8333": {
							"post": [7.77191, 17.37615, 9.13152],
							"lerp_mode": "catmullrom"
						},
						"6.0": {
							"post": [0.27191, 17.37615, 9.13152],
							"lerp_mode": "catmullrom"
						},
						"7.5417": {
							"post": [7.77191, 17.37615, 9.13152],
							"lerp_mode": "catmullrom"
						},
						"8.0": [0, 0, 0]
					}
				},
				"tail1": {
					"rotation": {
						"0.0": [-2.5, 0, 0],
						"2.0": {
							"pre": [-7.5, 0, 0],
							"post": [-7.5, 0, 0],
							"lerp_mode": "catmullrom"
						},
						"4.0": {
							"post": [-12.5, 0, 0],
							"lerp_mode": "catmullrom"
						},
						"6.0": {
							"post": [-7.46867, 0.23796, 0.30967],
							"lerp_mode": "catmullrom"
						},
						"8.0": [-2.5, 0, 0]
					}
				},
				"tail2": {
					"rotation": {
						"0.0": [-7.5, 0, 0],
						"2.0": {
							"pre": [0, 0, 0],
							"post": [0, 0, 0],
							"lerp_mode": "catmullrom"
						},
						"4.0": {
							"post": [-4.97183, -0.22549, 0.30358],
							"lerp_mode": "catmullrom"
						},
						"6.0": {
							"post": [-5, 0, 0],
							"lerp_mode": "catmullrom"
						},
						"8.0": [-7.5, 0, 0]
					}
				},
				"tail3": {
					"rotation": {
						"0.0": [2.5, 0, 0],
						"2.0": {
							"pre": [4.87428, -0.20486, -1.1043],
							"post": [4.87428, -0.20486, -1.1043],
							"lerp_mode": "catmullrom"
						},
						"4.0": {
							"post": [-2.62572, -0.20486, -1.1043],
							"lerp_mode": "catmullrom"
						},
						"6.0": {
							"post": [-7.62572, -0.20486, -1.1043],
							"lerp_mode": "catmullrom"
						},
						"8.0": [2.5, 0, 0]
					}
				},
				"bone": {
					"rotation": {
						"0.0": [2.5, 0, 0],
						"2.0": {
							"pre": [0, 0, 0],
							"post": [0, 0, 0],
							"lerp_mode": "catmullrom"
						},
						"4.0": {
							"post": [-2.5, 0, 0],
							"lerp_mode": "catmullrom"
						},
						"6.0": {
							"post": [2.41666, 0.64197, 0.67222],
							"lerp_mode": "catmullrom"
						},
						"8.0": [2.5, 0, 0]
					},
					"position": {
						"0.0": [0, 0, 3],
						"2.0": {
							"pre": [0, 3, 0],
							"post": [0, 3, 0],
							"lerp_mode": "catmullrom"
						},
						"4.0": {
							"post": [0, 4, 2],
							"lerp_mode": "catmullrom"
						},
						"6.0": {
							"post": [0, 3, 8],
							"lerp_mode": "catmullrom"
						},
						"8.0": [0, 0, 3]
					}
				},
				"lower": {
					"rotation": {
						"6.2917": [0, 0, 0],
						"6.625": {
							"pre": [15, 0, 0],
							"post": [15, 0, 0],
							"lerp_mode": "catmullrom"
						},
						"7.2083": {
							"post": [22.5, 0, 0],
							"lerp_mode": "catmullrom"
						},
						"7.625": {
							"post": [15, 0, 0],
							"lerp_mode": "catmullrom"
						},
						"7.8333": [0, 0, 0]
					}
				}
			}
		},
		"animation.LUCID_Tylosaurus.onland": {
			"loop": true,
			"animation_length": 4,
			"bones": {
				"body": {
					"rotation": {
						"0.0": {
							"post": [-5.0899, 10.17838, -0.84646],
							"lerp_mode": "catmullrom"
						},
						"4.0": [-5.0899, 10.17838, -0.84646]
					},
					"position": {
						"0.0": {
							"post": [0, -19, 0],
							"lerp_mode": "catmullrom"
						},
						"4.0": [0, -19, 0]
					},
					"scale": {
						"0.0": {
							"post": [1, 1, 1],
							"lerp_mode": "catmullrom"
						},
						"2.0": {
							"post": [1.05, 1.05, 1.05],
							"lerp_mode": "catmullrom"
						},
						"4.0": [1, 1, 1]
					}
				},
				"torso": {
					"rotation": {
						"0.0": {
							"post": [6.61305, -8.40316, 6.8573],
							"lerp_mode": "catmullrom"
						},
						"2.0": {
							"post": [9.11305, -8.40316, 6.8573],
							"lerp_mode": "catmullrom"
						},
						"4.0": [6.61305, -8.40316, 6.8573]
					},
					"scale": {
						"0.0": {
							"post": [1, 1, 1],
							"lerp_mode": "catmullrom"
						},
						"2.0": {
							"post": [0.95, 0.95, 0.95],
							"lerp_mode": "catmullrom"
						},
						"4.0": [1, 1, 1]
					}
				},
				"chest": {
					"rotation": {
						"0.0": {
							"post": [24.63453, -2.67784, -6.90053],
							"lerp_mode": "catmullrom"
						},
						"2.0": {
							"post": [22.13453, -2.67784, -6.90053],
							"lerp_mode": "catmullrom"
						},
						"4.0": [24.63453, -2.67784, -6.90053]
					},
					"position": {
						"0.0": {
							"post": [0, 0, 3],
							"lerp_mode": "catmullrom"
						},
						"4.0": [0, 0, 3]
					}
				},
				"head": {
					"rotation": {
						"0.0": {
							"post": [-13.54648, -12.55672, 2.04947],
							"lerp_mode": "catmullrom"
						},
						"2.0": {
							"post": [-16.04648, -12.55672, 2.04947],
							"lerp_mode": "catmullrom"
						},
						"4.0": [-13.54648, -12.55672, 2.04947]
					}
				},
				"leg2": {
					"rotation": {
						"0.0": {
							"post": [2.76486, -28.01375, -76.28786],
							"lerp_mode": "catmullrom"
						}
					},
					"position": {
						"0.0": {
							"post": [0, 0, -5],
							"lerp_mode": "catmullrom"
						}
					}
				},
				"leg3": {
					"rotation": {
						"0.0": {
							"post": [2.76486, 28.01375, 76.28786],
							"lerp_mode": "catmullrom"
						}
					},
					"position": {
						"0.0": {
							"post": [0, 0, -5],
							"lerp_mode": "catmullrom"
						}
					}
				},
				"tail1": {
					"rotation": {
						"0.0": {
							"post": [-13.8603, 11.54158, 4.77264],
							"lerp_mode": "catmullrom"
						},
						"2.0": {
							"post": [-15.57331, 10.92206, 3.897],
							"lerp_mode": "catmullrom"
						},
						"4.0": [-13.8603, 11.54158, 4.77264]
					},
					"position": {
						"0.0": {
							"post": [0, -4, 0],
							"lerp_mode": "catmullrom"
						},
						"4.0": [0, -4, 0]
					},
					"scale": {
						"0.0": {
							"post": [1, 1, 1],
							"lerp_mode": "catmullrom"
						},
						"2.0": {
							"post": [0.95, 0.95, 0.95],
							"lerp_mode": "catmullrom"
						},
						"4.0": [1, 1, 1]
					}
				},
				"tail2": {
					"rotation": {
						"0.0": {
							"post": [17.415, 8.67508, 5.72015],
							"lerp_mode": "catmullrom"
						},
						"2.0": {
							"post": [19.915, 8.67508, 5.72015],
							"lerp_mode": "catmullrom"
						},
						"4.0": [17.415, 8.67508, 5.72015]
					}
				},
				"tail3": {
					"rotation": {
						"0.0": {
							"post": [-8.67591, 8.83022, -33.42032],
							"lerp_mode": "catmullrom"
						}
					},
					"position": {
						"0.0": {
							"post": [0, 3, 0],
							"lerp_mode": "catmullrom"
						}
					}
				},
				"leg0": {
					"rotation": {
						"0.0": {
							"post": [7.46284, 4.89442, -70.87519],
							"lerp_mode": "catmullrom"
						}
					}
				},
				"leg1": {
					"rotation": {
						"0.0": {
							"post": [7.46284, -4.89442, 70.87519],
							"lerp_mode": "catmullrom"
						}
					}
				}
			}
		},
		"animation.LUCID_Tylosaurus.land_attack": {
			"animation_length": 2.29167,
			"bones": {
				"body": {
					"rotation": {
						"0.0": [0, 0, 0],
						"0.5": {
							"pre": [-5, 0, 0],
							"post": [-5, 0, 0],
							"lerp_mode": "catmullrom"
						},
						"0.7083": {
							"post": [-5, 0, 0],
							"lerp_mode": "catmullrom"
						},
						"0.875": {
							"post": [5, 0, 0],
							"lerp_mode": "catmullrom"
						},
						"2.0417": {
							"post": [5, 0, 0],
							"lerp_mode": "catmullrom"
						},
						"2.2917": [0, 0, 0]
					}
				},
				"torso": {
					"rotation": {
						"0.0": [0, 0, 0],
						"0.5": {
							"pre": [7.5, 0, 0],
							"post": [7.5, 0, 0],
							"lerp_mode": "catmullrom"
						},
						"0.7083": {
							"post": [10.19331, 1.27004, 0.48217],
							"lerp_mode": "catmullrom"
						},
						"0.875": {
							"post": [-10, 0, 0],
							"lerp_mode": "catmullrom"
						},
						"1.1667": {
							"post": [-10.019, -4.98093, 0.43688],
							"lerp_mode": "catmullrom"
						},
						"1.375": {
							"post": [-10.3191, -19.92066, 1.81693],
							"lerp_mode": "catmullrom"
						},
						"1.625": {
							"post": [-10.00474, -2.49048, 0.21803],
							"lerp_mode": "catmullrom"
						},
						"1.8333": {
							"post": [-10.07673, 9.96156, -0.88045],
							"lerp_mode": "catmullrom"
						},
						"2.0417": {
							"post": [-10.019, 4.98093, -0.43688],
							"lerp_mode": "catmullrom"
						},
						"2.2917": [0, 0, 0]
					}
				},
				"chest": {
					"rotation": {
						"0.0": [0, 0, 0],
						"0.5": {
							"pre": [-10, 0, 0],
							"post": [-10, 0, 0],
							"lerp_mode": "catmullrom"
						},
						"0.7083": {
							"post": [-11.8836, 0.85421, 1.39054],
							"lerp_mode": "catmullrom"
						},
						"0.875": {
							"post": [15.41419, -1.70801, -12.46429],
							"lerp_mode": "catmullrom"
						},
						"1.1667": {
							"post": [15.97643, 15.14923, -7.71455],
							"lerp_mode": "catmullrom"
						},
						"1.375": {
							"post": [16.69343, 22.34744, -5.48842],
							"lerp_mode": "catmullrom"
						},
						"1.625": {
							"post": [15.97643, -15.14923, 7.71455],
							"lerp_mode": "catmullrom"
						},
						"1.8333": {
							"post": [16.69343, -22.34744, 5.48842],
							"lerp_mode": "catmullrom"
						},
						"2.0417": {
							"post": [18.24071, 2.60606, 5.01768],
							"lerp_mode": "catmullrom"
						},
						"2.2917": [0, 0, 0]
					}
				},
				"head": {
					"rotation": {
						"0.0": [0, 0, 0],
						"0.5": {
							"pre": [-22.5, 0, 0],
							"post": [-22.5, 0, 0],
							"lerp_mode": "catmullrom"
						},
						"0.7083": {
							"post": [-25, 0, 0],
							"lerp_mode": "catmullrom"
						},
						"0.875": {
							"post": [-29.49095, -3.45903, -5.68068],
							"lerp_mode": "catmullrom"
						},
						"1.1667": {
							"post": [-26.21826, -19.80173, -0.94596],
							"lerp_mode": "catmullrom"
						},
						"1.375": {
							"post": [-24.93867, 9.66032, -14.87907],
							"lerp_mode": "catmullrom"
						},
						"1.625": {
							"post": [-24.78108, -7.39191, 13.81639],
							"lerp_mode": "catmullrom"
						},
						"1.8333": {
							"post": [-24.93867, -9.66032, 14.87907],
							"lerp_mode": "catmullrom"
						},
						"2.0417": {
							"post": [-16.27807, 32.08209, 1.70283],
							"lerp_mode": "catmullrom"
						},
						"2.2917": [0, 0, 0]
					}
				},
				"lower": {
					"rotation": {
						"0.0": [0, 0, 0],
						"0.5": {
							"pre": [37.5, 0, 0],
							"post": [37.5, 0, 0],
							"lerp_mode": "catmullrom"
						},
						"0.7083": {
							"post": [41.27861, 0.35648, -3.24387],
							"lerp_mode": "catmullrom"
						},
						"0.875": {
							"post": [0, 0, 0],
							"lerp_mode": "catmullrom"
						},
						"2.0417": {
							"post": [0, 0, 0],
							"lerp_mode": "catmullrom"
						},
						"2.2917": [0, 0, 0]
					}
				},
				"leg2": {
					"rotation": {
						"0.0": [0, 0, 0],
						"0.5": {
							"pre": [-15, 0, 0],
							"post": [-15, 0, 0],
							"lerp_mode": "catmullrom"
						},
						"0.7083": {
							"post": [-17.5, 0, 0],
							"lerp_mode": "catmullrom"
						},
						"0.875": {
							"post": [-2.5, 0, 0],
							"lerp_mode": "catmullrom"
						},
						"2.0417": {
							"post": [-2.5, 0, 0],
							"lerp_mode": "catmullrom"
						},
						"2.2917": [0, 0, 0]
					}
				},
				"leg3": {
					"rotation": {
						"0.0": [0, 0, 0],
						"0.5": {
							"pre": [-15, 0, 0],
							"post": [-15, 0, 0],
							"lerp_mode": "catmullrom"
						},
						"0.7083": {
							"post": [-17.5, 0, 0],
							"lerp_mode": "catmullrom"
						},
						"0.875": {
							"post": [-2.5, 0, 0],
							"lerp_mode": "catmullrom"
						},
						"2.0417": {
							"post": [-2.5, 0, 0],
							"lerp_mode": "catmullrom"
						},
						"2.2917": [0, 0, 0]
					}
				},
				"tail1": {
					"rotation": {
						"0.0": [0, 0, 0],
						"0.5": {
							"pre": [5, 0, 0],
							"post": [5, 0, 0],
							"lerp_mode": "catmullrom"
						},
						"0.7083": {
							"post": [5, 0, 0],
							"lerp_mode": "catmullrom"
						},
						"0.875": {
							"post": [-5, 0, 0],
							"lerp_mode": "catmullrom"
						},
						"1.5": {
							"post": [-3.41, 0, 0],
							"lerp_mode": "catmullrom"
						},
						"2.0417": {
							"post": [-5, 0, 0],
							"lerp_mode": "catmullrom"
						},
						"2.2917": [0, 0, 0]
					}
				},
				"tail2": {
					"rotation": {
						"0.0": [0, 0, 0],
						"0.875": {
							"pre": [0, 0, 0],
							"post": [0, 0, 0],
							"lerp_mode": "catmullrom"
						},
						"1.5": {
							"post": [-5, 0, 0],
							"lerp_mode": "catmullrom"
						},
						"2.0417": {
							"post": [0, 0, 0],
							"lerp_mode": "catmullrom"
						},
						"2.2917": [0, 0, 0]
					}
				},
				"leg0": {
					"rotation": {
						"0.0": [0, 0, 0],
						"0.7083": {
							"pre": [-12.5, 0, 0],
							"post": [-12.5, 0, 0],
							"lerp_mode": "catmullrom"
						},
						"0.875": {
							"post": [2.5, 0, 0],
							"lerp_mode": "catmullrom"
						},
						"2.2917": [0, 0, 0]
					}
				},
				"leg1": {
					"rotation": {
						"0.0": [0, 0, 0],
						"0.7083": {
							"pre": [-12.5, 0, 0],
							"post": [-12.5, 0, 0],
							"lerp_mode": "catmullrom"
						},
						"0.875": {
							"post": [2.5, 0, 0],
							"lerp_mode": "catmullrom"
						},
						"2.2917": [0, 0, 0]
					}
				},
				"bone": {
					"rotation": {
						"0.0": [0, 0, 0],
						"2.2917": [0, 0, 0]
					},
					"position": {
						"0.0": [0, 0, 0],
						"0.5": {
							"pre": [0, 0, 6],
							"post": [0, 0, 6],
							"lerp_mode": "catmullrom"
						},
						"0.7083": {
							"post": [0, 0, 6],
							"lerp_mode": "catmullrom"
						},
						"0.875": {
							"post": [0, 0, 3],
							"lerp_mode": "catmullrom"
						},
						"2.0417": {
							"post": [0, 0, 3],
							"lerp_mode": "catmullrom"
						},
						"2.2917": [0, 0, 0]
					}
				}
			}
		},
		"animation.LUCID_Tylosaurus.swim": {
			"loop": true,
			"animation_length": 3,
			"bones": {
				"body": {
					"rotation": {
						"0.0": [0, 7.02, 0],
						"0.125": {
							"pre": [0, 5.4, 0],
							"post": [0, 5.4, 0],
							"lerp_mode": "catmullrom"
						},
						"0.3333": {
							"post": [0, 2.75, 0],
							"lerp_mode": "catmullrom"
						},
						"0.4167": {
							"post": [0, 1.25, 0],
							"lerp_mode": "catmullrom"
						},
						"0.625": {
							"post": [0, -1.68, 0],
							"lerp_mode": "catmullrom"
						},
						"0.875": {
							"post": [0, -3.97, 0],
							"lerp_mode": "catmullrom"
						},
						"0.9583": {
							"post": [0, -4.77, 0],
							"lerp_mode": "catmullrom"
						},
						"1.1667": {
							"post": [0, -5.65, 0],
							"lerp_mode": "catmullrom"
						},
						"1.4167": {
							"post": [0, -5.72, 0],
							"lerp_mode": "catmullrom"
						},
						"1.5": {
							"post": [0, -5.48, 0],
							"lerp_mode": "catmullrom"
						},
						"1.7083": {
							"post": [0, -4.21, 0],
							"lerp_mode": "catmullrom"
						},
						"1.9583": {
							"post": [0, -2.08, 0],
							"lerp_mode": "catmullrom"
						},
						"2.0417": {
							"post": [0, -0.83, 0],
							"lerp_mode": "catmullrom"
						},
						"2.25": {
							"post": [0, 1.7, 0],
							"lerp_mode": "catmullrom"
						},
						"2.4583": {
							"post": [0, 3.94, 0],
							"lerp_mode": "catmullrom"
						},
						"2.5417": {
							"post": [0, 4.9, 0],
							"lerp_mode": "catmullrom"
						},
						"2.75": {
							"post": [0, 6.36, 0],
							"lerp_mode": "catmullrom"
						},
						"3.0": [0, 7.0575, 0]
					}
				},
				"torso": {
					"rotation": {
						"0.0": [0, -2.83, 0],
						"0.125": {
							"pre": [0, -3.49, -0.01],
							"post": [0, -3.49, -0.01],
							"lerp_mode": "catmullrom"
						},
						"0.3333": {
							"post": [0, -3.8, -0.02],
							"lerp_mode": "catmullrom"
						},
						"0.4167": {
							"post": [0, -3.77, -0.02],
							"lerp_mode": "catmullrom"
						},
						"0.625": {
							"post": [0, -3.29, -0.02],
							"lerp_mode": "catmullrom"
						},
						"0.875": {
							"post": [-0.01, -2.1, -0.02],
							"lerp_mode": "catmullrom"
						},
						"0.9583": {
							"post": [-0.01, -1.16, -0.01],
							"lerp_mode": "catmullrom"
						},
						"1.1667": {
							"post": [0, 0.98, 0],
							"lerp_mode": "catmullrom"
						},
						"1.4167": {
							"post": [0, 2.87, 0.01],
							"lerp_mode": "catmullrom"
						},
						"1.5": {
							"post": [0, 3.47, 0.01],
							"lerp_mode": "catmullrom"
						},
						"1.7083": {
							"post": [0, 4.11, 0.02],
							"lerp_mode": "catmullrom"
						},
						"1.9583": {
							"post": [0, 4.25, 0.02],
							"lerp_mode": "catmullrom"
						},
						"2.0417": {
							"post": [0, 4.12, 0.03],
							"lerp_mode": "catmullrom"
						},
						"2.25": {
							"post": [0, 3.43, 0.02],
							"lerp_mode": "catmullrom"
						},
						"2.4583": {
							"post": [-0.01, 2.08, 0.02],
							"lerp_mode": "catmullrom"
						},
						"2.5417": {
							"post": [-0.01, 1.21, 0.02],
							"lerp_mode": "catmullrom"
						},
						"2.75": {
							"post": [-0.01, -0.67, 0.01],
							"lerp_mode": "catmullrom"
						},
						"3.0": [0, -2.495, 0]
					}
				},
				"chest": {
					"rotation": {
						"0.0": [-0.01, -3.97, 0.02],
						"0.125": {
							"pre": [0, -3.35, 0.04],
							"post": [0, -3.35, 0.04],
							"lerp_mode": "catmullrom"
						},
						"0.3333": {
							"post": [0, -2.28, 0.05],
							"lerp_mode": "catmullrom"
						},
						"0.4167": {
							"post": [-0.01, -1.66, 0.05],
							"lerp_mode": "catmullrom"
						},
						"0.625": {
							"post": [-0.01, -0.46, 0.05],
							"lerp_mode": "catmullrom"
						},
						"0.875": {
							"post": [-0.01, 0.57, 0.04],
							"lerp_mode": "catmullrom"
						},
						"0.9583": {
							"post": [-0.01, 1.07, 0.03],
							"lerp_mode": "catmullrom"
						},
						"1.1667": {
							"post": [-0.01, 1.97, 0],
							"lerp_mode": "catmullrom"
						},
						"1.4167": {
							"post": [0, 2.54, -0.03],
							"lerp_mode": "catmullrom"
						},
						"1.5": {
							"post": [0, 2.64, -0.04],
							"lerp_mode": "catmullrom"
						},
						"1.7083": {
							"post": [0, 2.44, -0.06],
							"lerp_mode": "catmullrom"
						},
						"1.9583": {
							"post": [-0.01, 1.84, -0.06],
							"lerp_mode": "catmullrom"
						},
						"2.0417": {
							"post": [-0.01, 1.43, -0.06],
							"lerp_mode": "catmullrom"
						},
						"2.25": {
							"post": [-0.01, 0.51, -0.06],
							"lerp_mode": "catmullrom"
						},
						"2.4583": {
							"post": [-0.01, -0.6, -0.04],
							"lerp_mode": "catmullrom"
						},
						"2.5417": {
							"post": [-0.01, -1.26, -0.03],
							"lerp_mode": "catmullrom"
						},
						"2.75": {
							"post": [-0.01, -2.59, 0],
							"lerp_mode": "catmullrom"
						},
						"3.0": [-0.01, -3.78625, 0.02]
					}
				},
				"head": {
					"rotation": {
						"0.0": [-0.01, 0, -0.03],
						"0.125": {
							"pre": [-0.01, 0.07, -0.03],
							"post": [-0.01, 0.07, -0.03],
							"lerp_mode": "catmullrom"
						},
						"0.3333": {
							"post": [0, 0.13, -0.03],
							"lerp_mode": "catmullrom"
						},
						"0.4167": {
							"post": [-0.01, 0.15, -0.03],
							"lerp_mode": "catmullrom"
						},
						"0.625": {
							"post": [-0.02, 0.18, -0.02],
							"lerp_mode": "catmullrom"
						},
						"0.875": {
							"post": [-0.02, 0.15, -0.01],
							"lerp_mode": "catmullrom"
						},
						"0.9583": {
							"post": [-0.02, 0.12, 0],
							"lerp_mode": "catmullrom"
						},
						"1.1667": {
							"post": [-0.01, 0.02, 0.01],
							"lerp_mode": "catmullrom"
						},
						"1.4167": {
							"post": [-0.01, -0.06, 0.02],
							"lerp_mode": "catmullrom"
						},
						"1.5": {
							"post": [0, -0.09, 0.03],
							"lerp_mode": "catmullrom"
						},
						"1.7083": {
							"post": [0, -0.14, 0.03],
							"lerp_mode": "catmullrom"
						},
						"1.9583": {
							"post": [-0.01, -0.17, 0.03],
							"lerp_mode": "catmullrom"
						},
						"2.0417": {
							"post": [-0.01, -0.18, 0.03],
							"lerp_mode": "catmullrom"
						},
						"2.25": {
							"post": [-0.02, -0.18, 0.02],
							"lerp_mode": "catmullrom"
						},
						"2.4583": {
							"post": [-0.02, -0.15, 0.01],
							"lerp_mode": "catmullrom"
						},
						"2.5417": {
							"post": [-0.02, -0.13, 0],
							"lerp_mode": "catmullrom"
						},
						"2.75": {
							"post": [-0.02, -0.07, -0.01],
							"lerp_mode": "catmullrom"
						},
						"3.0": [-0.01, -0.0075, -0.02]
					}
				},
				"leg2": {
					"rotation": {
						"0.0": [-1.33523, -4.7279, -59.66282],
						"0.5": {
							"pre": [-0.70533, -4.86164, -67.188],
							"post": [-0.70533, -4.86164, -67.188],
							"lerp_mode": "catmullrom"
						},
						"1.0": {
							"post": [-0.49209, -4.88776, -69.69694],
							"lerp_mode": "catmullrom"
						},
						"1.5417": {
							"post": [0.15166, -4.91008, -77.22444],
							"lerp_mode": "catmullrom"
						},
						"2.0": {
							"post": [-0.49209, -4.88776, -69.69694],
							"lerp_mode": "catmullrom"
						},
						"2.5": {
							"post": [-1.33523, -4.7279, -59.66282],
							"lerp_mode": "catmullrom"
						},
						"3.0": [-1.33523, -4.7279, -59.66282]
					}
				},
				"leg3": {
					"rotation": {
						"0.0": [-1.33523, 4.7279, 59.66282],
						"0.5": {
							"pre": [-0.70533, 4.86164, 67.188],
							"post": [-0.70533, 4.86164, 67.188],
							"lerp_mode": "catmullrom"
						},
						"1.0": {
							"post": [-0.49209, 4.88776, 69.69694],
							"lerp_mode": "catmullrom"
						},
						"1.5417": {
							"post": [0.15166, 4.91008, 77.22444],
							"lerp_mode": "catmullrom"
						},
						"2.0": {
							"post": [-0.49209, 4.88776, 69.69694],
							"lerp_mode": "catmullrom"
						},
						"2.5": {
							"post": [-1.33523, 4.7279, 59.66282],
							"lerp_mode": "catmullrom"
						},
						"3.0": [-1.33523, 4.7279, 59.66282]
					}
				},
				"tail1": {
					"rotation": {
						"0.0": [0.02, 2.17, 0],
						"0.125": {
							"pre": [0.02, 3.2, 0],
							"post": [0.02, 3.2, 0],
							"lerp_mode": "catmullrom"
						},
						"0.3333": {
							"post": [0.02, 3.74, 0],
							"lerp_mode": "catmullrom"
						},
						"0.4167": {
							"post": [0.02, 3.79, 0],
							"lerp_mode": "catmullrom"
						},
						"0.625": {
							"post": [0.02, 3.24, 0],
							"lerp_mode": "catmullrom"
						},
						"0.875": {
							"post": [0.02, 1.75, 0],
							"lerp_mode": "catmullrom"
						},
						"0.9583": {
							"post": [0.02, 0.73, 0],
							"lerp_mode": "catmullrom"
						},
						"1.1667": {
							"post": [0.02, -1.41, 0],
							"lerp_mode": "catmullrom"
						},
						"1.4167": {
							"post": [0.02, -3.21, 0],
							"lerp_mode": "catmullrom"
						},
						"1.5": {
							"post": [0.02, -3.81, 0],
							"lerp_mode": "catmullrom"
						},
						"1.7083": {
							"post": [0.02, -4.52, 0],
							"lerp_mode": "catmullrom"
						},
						"1.9583": {
							"post": [0.02, -4.66, 0],
							"lerp_mode": "catmullrom"
						},
						"2.0417": {
							"post": [0.02, -4.44, 0],
							"lerp_mode": "catmullrom"
						},
						"2.25": {
							"post": [0.02, -3.49, 0],
							"lerp_mode": "catmullrom"
						},
						"2.4583": {
							"post": [0.02, -2.01, 0],
							"lerp_mode": "catmullrom"
						},
						"2.5417": {
							"post": [0.02, -1.18, 0],
							"lerp_mode": "catmullrom"
						},
						"2.75": {
							"post": [0.02, 0.47, 0],
							"lerp_mode": "catmullrom"
						},
						"3.0": [0.02, 1.955, 0]
					}
				},
				"tail2": {
					"rotation": {
						"0.0": [0, -2.24, -0.02],
						"0.125": {
							"pre": [0, 0.03, -0.03],
							"post": [0, 0.03, -0.03],
							"lerp_mode": "catmullrom"
						},
						"0.3333": {
							"post": [0, 2.15, -0.03],
							"lerp_mode": "catmullrom"
						},
						"0.4167": {
							"post": [0, 3.05, -0.03],
							"lerp_mode": "catmullrom"
						},
						"0.625": {
							"post": [0, 4.33, -0.02],
							"lerp_mode": "catmullrom"
						},
						"0.875": {
							"post": [0, 4.63, -0.01],
							"lerp_mode": "catmullrom"
						},
						"0.9583": {
							"post": [0, 4.44, 0],
							"lerp_mode": "catmullrom"
						},
						"1.1667": {
							"post": [0, 3.9, 0.01],
							"lerp_mode": "catmullrom"
						},
						"1.4167": {
							"post": [0.01, 2.93, 0.02],
							"lerp_mode": "catmullrom"
						},
						"1.5": {
							"post": [0.01, 2.15, 0.03],
							"lerp_mode": "catmullrom"
						},
						"1.7083": {
							"post": [0, -0.6, 0.03],
							"lerp_mode": "catmullrom"
						},
						"1.9583": {
							"post": [0, -3.58, 0.04],
							"lerp_mode": "catmullrom"
						},
						"2.0417": {
							"post": [0, -4.48, 0.04],
							"lerp_mode": "catmullrom"
						},
						"2.25": {
							"post": [0, -5.66, 0.03],
							"lerp_mode": "catmullrom"
						},
						"2.4583": {
							"post": [0, -6.11, 0.02],
							"lerp_mode": "catmullrom"
						},
						"2.5417": {
							"post": [0, -6.05, 0.01],
							"lerp_mode": "catmullrom"
						},
						"2.75": {
							"post": [0, -4.92, 0],
							"lerp_mode": "catmullrom"
						},
						"3.0": [0, -2.73937, -0.02]
					}
				},
				"tail3": {
					"rotation": {
						"0.0": [0.01, -11.09, 0.02],
						"0.125": {
							"pre": [-0.01, -7.16, 0.07],
							"post": [-0.01, -7.16, 0.07],
							"lerp_mode": "catmullrom"
						},
						"0.3333": {
							"post": [-0.01, -2.21, 0.11],
							"lerp_mode": "catmullrom"
						},
						"0.4167": {
							"post": [0, 0.39, 0.12],
							"lerp_mode": "catmullrom"
						},
						"0.625": {
							"post": [0.01, 5.67, 0.11],
							"lerp_mode": "catmullrom"
						},
						"0.875": {
							"post": [0.02, 10.02, 0.07],
							"lerp_mode": "catmullrom"
						},
						"0.9583": {
							"post": [0.02, 11.17, 0.05],
							"lerp_mode": "catmullrom"
						},
						"1.1667": {
							"post": [0.02, 12.54, 0.02],
							"lerp_mode": "catmullrom"
						},
						"1.4167": {
							"post": [0.01, 12.36, -0.02],
							"lerp_mode": "catmullrom"
						},
						"1.5": {
							"post": [0, 11.42, -0.04],
							"lerp_mode": "catmullrom"
						},
						"1.7083": {
							"post": [-0.01, 6.39, -0.09],
							"lerp_mode": "catmullrom"
						},
						"1.9583": {
							"post": [0, -0.57, -0.13],
							"lerp_mode": "catmullrom"
						},
						"2.0417": {
							"post": [0.01, -3.26, -0.14],
							"lerp_mode": "catmullrom"
						},
						"2.25": {
							"post": [0.03, -7.97, -0.14],
							"lerp_mode": "catmullrom"
						},
						"2.4583": {
							"post": [0.04, -11.54, -0.12],
							"lerp_mode": "catmullrom"
						},
						"2.5417": {
							"post": [0.04, -12.73, -0.1],
							"lerp_mode": "catmullrom"
						},
						"2.75": {
							"post": [0.03, -13.32, -0.06],
							"lerp_mode": "catmullrom"
						},
						"3.0": [0.01, -11.72062, 0.0075]
					}
				},
				"leg0": {
					"rotation": {
						"0.0": [-1.33523, -4.7279, -59.66282],
						"0.5": {
							"pre": [-1.33523, -4.7279, -59.66282],
							"post": [-1.33523, -4.7279, -59.66282],
							"lerp_mode": "catmullrom"
						},
						"1.0": {
							"post": [-0.49209, -4.88776, -69.69694],
							"lerp_mode": "catmullrom"
						},
						"1.4583": {
							"post": [0.15166, -4.91008, -77.22444],
							"lerp_mode": "catmullrom"
						},
						"2.0": {
							"post": [-0.49209, -4.88776, -69.69694],
							"lerp_mode": "catmullrom"
						},
						"2.5": {
							"post": [-0.70533, -4.86164, -67.188],
							"lerp_mode": "catmullrom"
						},
						"3.0": [-1.33523, -4.7279, -59.66282]
					}
				},
				"leg1": {
					"rotation": {
						"0.0": [-1.33523, 4.7279, 59.66282],
						"0.5": {
							"pre": [-1.33523, 4.7279, 59.66282],
							"post": [-1.33523, 4.7279, 59.66282],
							"lerp_mode": "catmullrom"
						},
						"1.0": {
							"post": [-0.49209, 4.88776, 69.69694],
							"lerp_mode": "catmullrom"
						},
						"1.4583": {
							"post": [0.15166, 4.91008, 77.22444],
							"lerp_mode": "catmullrom"
						},
						"2.0": {
							"post": [-0.49209, 4.88776, 69.69694],
							"lerp_mode": "catmullrom"
						},
						"2.5": {
							"post": [-0.70533, 4.86164, 67.188],
							"lerp_mode": "catmullrom"
						},
						"3.0": [-1.33523, 4.7279, 59.66282]
					}
				},
				"bone": {
					"rotation": {
						"0.0": [0, 0, 0],
						"0.75": {
							"pre": [-2.5, 0, 0],
							"post": [-2.5, 0, 0],
							"lerp_mode": "catmullrom"
						},
						"1.5833": {
							"post": [2.5, 0, 0],
							"lerp_mode": "catmullrom"
						},
						"2.3333": {
							"post": [4.1, 0, 0],
							"lerp_mode": "catmullrom"
						},
						"3.0": [0, 0, 0]
					},
					"position": {
						"0.0": [0, -28, 0],
						"0.75": {
							"pre": [0, -19, 0],
							"post": [0, -19, 0],
							"lerp_mode": "catmullrom"
						},
						"1.5833": {
							"post": [0, -16, 0],
							"lerp_mode": "catmullrom"
						},
						"2.3333": {
							"post": [0, -19, 0],
							"lerp_mode": "catmullrom"
						},
						"3.0": [0, -28, 0]
					}
				}
			}
		},
		"animation.LUCID_Tylosaurus.attack": {
			"animation_length": 1.45833,
			"bones": {
				"body": {
					"rotation": {
						"0.0": [-2.5, 0, 0],
						"0.25": {
							"pre": [-9.91702, 5.45272, -8.53603],
							"post": [-9.91702, 5.45272, -8.53603],
							"lerp_mode": "catmullrom"
						},
						"0.375": {
							"post": [-9.91702, 5.45272, -8.53603],
							"lerp_mode": "catmullrom"
						},
						"0.5833": {
							"post": [0.12261, 1.93597, 7.24721],
							"lerp_mode": "catmullrom"
						},
						"0.875": {
							"post": [-2.37739, 1.93597, 7.24721],
							"lerp_mode": "catmullrom"
						},
						"1.4583": [-2.5, 0, 0]
					},
					"position": {
						"0.0": [0, -28, 0],
						"0.25": {
							"pre": [0, -28, -10],
							"post": [0, -28, -10],
							"lerp_mode": "catmullrom"
						},
						"0.375": {
							"post": [0, -28, -10],
							"lerp_mode": "catmullrom"
						},
						"0.5833": {
							"post": [0, -28, -16],
							"lerp_mode": "catmullrom"
						},
						"0.625": {
							"post": [0, -28, -13.46],
							"lerp_mode": "catmullrom"
						},
						"0.6667": {
							"post": [0, -28, -16],
							"lerp_mode": "catmullrom"
						},
						"0.875": {
							"post": [0, -28, -16],
							"lerp_mode": "catmullrom"
						},
						"1.4583": [0, -28, 0]
					},
					"scale": 1
				},
				"torso": {
					"rotation": {
						"0.0": [2.5, 0, 0],
						"0.25": {
							"pre": [-7.51681, -8.41262, -6.45804],
							"post": [-7.51681, -8.41262, -6.45804],
							"lerp_mode": "catmullrom"
						},
						"0.375": {
							"post": [-10.01681, -8.41262, -6.45804],
							"lerp_mode": "catmullrom"
						},
						"0.5833": {
							"post": [7.56344, 0.9762, 7.43656],
							"lerp_mode": "catmullrom"
						},
						"0.7917": {
							"post": [7.56344, 0.9762, 7.43656],
							"lerp_mode": "catmullrom"
						},
						"1.0": {
							"post": [5.96285, -6.80024, 4.24758],
							"lerp_mode": "catmullrom"
						},
						"1.125": {
							"post": [6.09217, -9.37826, -0.17425],
							"lerp_mode": "catmullrom"
						},
						"1.2917": {
							"post": [5.96285, 6.80024, -4.24758],
							"lerp_mode": "catmullrom"
						},
						"1.4583": [2.5, 0, 0]
					}
				},
				"chest": {
					"rotation": {
						"0.0": [7.5, 0, 0],
						"0.25": {
							"pre": [7.43656, 0.9762, -7.43656],
							"post": [7.43656, 0.9762, -7.43656],
							"lerp_mode": "catmullrom"
						},
						"0.375": {
							"post": [12.43656, 0.9762, -7.43656],
							"lerp_mode": "catmullrom"
						},
						"0.5833": {
							"post": [12.43656, -0.9762, 7.43656],
							"lerp_mode": "catmullrom"
						},
						"0.7917": {
							"post": [19.93656, -0.9762, 7.43656],
							"lerp_mode": "catmullrom"
						},
						"1.0": {
							"post": [16.95247, 13.71433, 9.35284],
							"lerp_mode": "catmullrom"
						},
						"1.125": {
							"post": [17.64372, 13.34431, 5.0322],
							"lerp_mode": "catmullrom"
						},
						"1.2917": {
							"post": [16.95247, -13.71433, -9.35284],
							"lerp_mode": "catmullrom"
						},
						"1.4583": [7.5, 0, 0]
					}
				},
				"head": {
					"rotation": {
						"0.0": [0, 0, 0],
						"0.25": {
							"pre": [-9.85108, -1.72794, -9.85108],
							"post": [-9.85108, -1.72794, -9.85108],
							"lerp_mode": "catmullrom"
						},
						"0.375": {
							"post": [-14.85108, -1.72794, -9.85108],
							"lerp_mode": "catmullrom"
						},
						"0.5833": {
							"post": [-2.60301, 1.23223, 10.88588],
							"lerp_mode": "catmullrom"
						},
						"0.7917": {
							"post": [4.89699, 1.23223, 10.88588],
							"lerp_mode": "catmullrom"
						},
						"1.0": {
							"post": [4.01358, 15.79757, 8.39322],
							"lerp_mode": "catmullrom"
						},
						"1.125": {
							"post": [4.18531, 9.19504, 1.86461],
							"lerp_mode": "catmullrom"
						},
						"1.2917": {
							"post": [4.01358, -15.79757, -8.39322],
							"lerp_mode": "catmullrom"
						},
						"1.4583": [0, 0, 0]
					}
				},
				"lower": {
					"rotation": {
						"0.0": [0, 0, 0],
						"0.25": {
							"pre": [40, 0, 0],
							"post": [40, 0, 0],
							"lerp_mode": "catmullrom"
						},
						"0.375": {
							"post": [42.5, 0, 0],
							"lerp_mode": "catmullrom"
						},
						"0.5833": {
							"post": [0, 0, 0],
							"lerp_mode": "catmullrom"
						},
						"0.875": {
							"post": [0, 0, 0],
							"lerp_mode": "catmullrom"
						},
						"1.4583": [0, 0, 0]
					}
				},
				"leg2": {
					"rotation": {
						"0.0": [0, 0, -67.5],
						"0.375": {
							"pre": [0, 0, -80],
							"post": [0, 0, -80],
							"lerp_mode": "catmullrom"
						},
						"0.5833": {
							"post": [0, 0, -120],
							"lerp_mode": "catmullrom"
						},
						"0.875": {
							"post": [0, 0, -117.5],
							"lerp_mode": "catmullrom"
						},
						"1.4583": [0, 0, -67.5]
					}
				},
				"leg3": {
					"rotation": {
						"0.0": [0, 0, 67.5],
						"0.375": {
							"pre": [0, 0, 77.5],
							"post": [0, 0, 77.5],
							"lerp_mode": "catmullrom"
						},
						"0.5833": {
							"post": [0, 0, 100],
							"lerp_mode": "catmullrom"
						},
						"0.875": {
							"post": [0, 0, 95],
							"lerp_mode": "catmullrom"
						},
						"1.4583": [0, 0, 67.5]
					}
				},
				"tail1": {
					"rotation": {
						"0.0": [-2.5, 0, 0],
						"0.25": {
							"pre": [4.98905, 12.30906, 0.58065],
							"post": [4.98905, 12.30906, 0.58065],
							"lerp_mode": "catmullrom"
						},
						"0.5833": {
							"post": [0.60805, -6.20794, 0.23546],
							"lerp_mode": "catmullrom"
						},
						"0.875": {
							"post": [-4.8627, -3.50846, -0.99822],
							"lerp_mode": "catmullrom"
						},
						"1.125": {
							"post": [-4.03196, -4.07934, -0.40042],
							"lerp_mode": "catmullrom"
						},
						"1.4583": [-2.5, 0, 0]
					}
				},
				"tail2": {
					"rotation": {
						"0.0": [-7.5, 0, 0],
						"0.25": {
							"pre": [5.26344, 17.6942, 1.29896],
							"post": [5.26344, 17.6942, 1.29896],
							"lerp_mode": "catmullrom"
						},
						"0.5833": {
							"post": [4.07193, -2.4222, -0.47322],
							"lerp_mode": "catmullrom"
						},
						"0.875": {
							"post": [4.16787, -12.53948, -0.60558],
							"lerp_mode": "catmullrom"
						},
						"1.125": {
							"post": [-3.1608, -7.15748, 0.70597],
							"lerp_mode": "catmullrom"
						},
						"1.4583": [-7.5, 0, 0]
					}
				},
				"tail3": {
					"rotation": {
						"0.0": [2.5, 0, 0],
						"0.25": {
							"pre": [-5.32001, 12.36437, -4.77962],
							"post": [-5.32001, 12.36437, -4.77962],
							"lerp_mode": "catmullrom"
						},
						"0.5833": {
							"post": [3.81423, 24.99314, 2.39324],
							"lerp_mode": "catmullrom"
						},
						"0.875": {
							"post": [3.99141, -29.98156, -2.77674],
							"lerp_mode": "catmullrom"
						},
						"1.125": {
							"post": [3.37316, -22.32519, -1.98381],
							"lerp_mode": "catmullrom"
						},
						"1.4583": [2.5, 0, 0]
					}
				},
				"leg0": {
					"rotation": {
						"0.0": [0, 0, -52.5],
						"0.375": {
							"pre": [14.327, -4.8019, -45.41135],
							"post": [14.327, -4.8019, -45.41135],
							"lerp_mode": "catmullrom"
						},
						"0.5833": {
							"post": [11.55124, 4.46918, -85.83349],
							"lerp_mode": "catmullrom"
						},
						"0.875": {
							"post": [7.10188, 4.27414, -82.51512],
							"lerp_mode": "catmullrom"
						},
						"1.4583": [0, 0, -52.5]
					}
				},
				"leg1": {
					"rotation": {
						"0.0": [0, 0, 52.5],
						"0.375": {
							"pre": [14.327, 4.8019, 45.41135],
							"post": [14.327, 4.8019, 45.41135],
							"lerp_mode": "catmullrom"
						},
						"0.5833": {
							"post": [11.55124, -4.46918, 85.83349],
							"lerp_mode": "catmullrom"
						},
						"0.875": {
							"post": [7.10188, -4.27414, 82.51512],
							"lerp_mode": "catmullrom"
						},
						"1.4583": [0, 0, 52.5]
					}
				},
				"bone": {
					"rotation": [2.5, 0, 0],
					"position": [0, 0, 3]
				}
			}
		},
		"animation.LUCID_Tylosaurus.breach": {
			"animation_length": 1.33333,
			"bones": {
				"body": {
					"rotation": {
						"0.0": [-2.5, 0, 0],
						"0.25": {
							"pre": [-34.12389, 17.28102, 15.45557],
							"post": [-34.12389, 17.28102, 15.45557],
							"lerp_mode": "catmullrom"
						},
						"0.5417": {
							"post": [-40.87355, 34.80952, -27.16701],
							"lerp_mode": "catmullrom"
						},
						"0.8333": {
							"post": [10.12436, 42.05244, 6.82047],
							"lerp_mode": "catmullrom"
						},
						"1.3333": [-2.5, 0, 0]
					},
					"position": {
						"0.0": [0, -28, 0],
						"0.25": {
							"pre": [0, -28, 0],
							"post": [0, -28, 0],
							"lerp_mode": "catmullrom"
						},
						"0.5417": {
							"post": [0, -28, 0],
							"lerp_mode": "catmullrom"
						},
						"0.8333": {
							"post": [0, -44, 0],
							"lerp_mode": "catmullrom"
						},
						"1.3333": [0, -28, 0]
					}
				},
				"torso": {
					"rotation": {
						"0.0": [2.5, 0, 0],
						"0.25": {
							"pre": [-2.18438, -0.10386, 1.74997],
							"post": [-2.18438, -0.10386, 1.74997],
							"lerp_mode": "catmullrom"
						},
						"0.5417": {
							"post": [-16.82818, -22.2009, 15.96011],
							"lerp_mode": "catmullrom"
						},
						"0.8333": {
							"post": [-12.14435, 0.51383, 2.8671],
							"lerp_mode": "catmullrom"
						},
						"1.125": {
							"post": [-4.45035, -13.55046, 1.61563],
							"lerp_mode": "catmullrom"
						},
						"1.3333": [2.5, 0, 0]
					}
				},
				"chest": {
					"rotation": {
						"0.0": [7.5, 0, 0],
						"0.25": {
							"pre": [-6.51663, -4.40184, 3.63955],
							"post": [-6.51663, -4.40184, 3.63955],
							"lerp_mode": "catmullrom"
						},
						"0.5417": {
							"post": [-22.1097, -13.68922, 7.39806],
							"lerp_mode": "catmullrom"
						},
						"0.8333": {
							"post": [-10, 0, 0],
							"lerp_mode": "catmullrom"
						},
						"1.125": {
							"post": [1.19667, 10.69104, -0.16681],
							"lerp_mode": "catmullrom"
						},
						"1.3333": [7.5, 0, 0]
					}
				},
				"head": {
					"rotation": {
						"0.0": [0, 0, 0],
						"0.25": {
							"pre": [-5, 0, 0],
							"post": [-5, 0, 0],
							"lerp_mode": "catmullrom"
						},
						"0.4583": {
							"post": [-25.08377, -4.53051, 2.11751],
							"lerp_mode": "catmullrom"
						},
						"0.5417": {
							"post": [-4.30392, -4.28123, 1.77145],
							"lerp_mode": "catmullrom"
						},
						"0.8333": {
							"post": [-5, 0, 0],
							"lerp_mode": "catmullrom"
						},
						"1.125": {
							"post": [-1.01319, 17.72684, -0.41188],
							"lerp_mode": "catmullrom"
						},
						"1.3333": [0, 0, 0]
					}
				},
				"lower": {
					"rotation": {
						"0.0": [0, 0, 0],
						"0.25": {
							"pre": [22.5, 0, 0],
							"post": [22.5, 0, 0],
							"lerp_mode": "catmullrom"
						},
						"0.4583": {
							"post": [55, 0, 0],
							"lerp_mode": "catmullrom"
						},
						"0.5417": {
							"post": [5.41, 0, 0],
							"lerp_mode": "catmullrom"
						},
						"0.8333": {
							"post": [0, 0, 0],
							"lerp_mode": "catmullrom"
						},
						"1.3333": [0, 0, 0]
					}
				},
				"leg2": {
					"rotation": {
						"0.0": [0, 0, -67.5],
						"0.25": {
							"pre": [20, 0, -32.5],
							"post": [20, 0, -32.5],
							"lerp_mode": "catmullrom"
						},
						"0.5417": {
							"post": [32.47733, 14.58645, -52.88945],
							"lerp_mode": "catmullrom"
						},
						"0.8333": {
							"post": [0, 0, -112.5],
							"lerp_mode": "catmullrom"
						},
						"1.3333": [0, 0, -67.5]
					}
				},
				"leg3": {
					"rotation": {
						"0.0": [0, 0, 67.5],
						"0.25": {
							"pre": [20, 0, 32.5],
							"post": [20, 0, 32.5],
							"lerp_mode": "catmullrom"
						},
						"0.5417": {
							"post": [42.18626, -17.38772, 50.7489],
							"lerp_mode": "catmullrom"
						},
						"0.8333": {
							"post": [0, 0, 107.5],
							"lerp_mode": "catmullrom"
						},
						"1.3333": [0, 0, 67.5]
					}
				},
				"tail1": {
					"rotation": {
						"0.0": [-2.5, 0, 0],
						"0.25": {
							"pre": [-2.52154, 7.49282, -0.32902],
							"post": [-2.52154, 7.49282, -0.32902],
							"lerp_mode": "catmullrom"
						},
						"0.5417": {
							"post": [-2.58807, 14.98539, -0.66963],
							"lerp_mode": "catmullrom"
						},
						"0.8333": {
							"post": [-2.52154, 7.49282, -0.32902],
							"lerp_mode": "catmullrom"
						},
						"1.125": {
							"post": [-2.54626, -0.55507, 0.01395],
							"lerp_mode": "catmullrom"
						},
						"1.3333": [-2.5, 0, 0]
					}
				},
				"tail2": {
					"rotation": {
						"0.0": [-7.5, 0, 0],
						"0.25": {
							"pre": [5.12076, 12.45167, 1.10693],
							"post": [5.12076, 12.45167, 1.10693],
							"lerp_mode": "catmullrom"
						},
						"0.5417": {
							"post": [7.14158, 23.63596, 4.29727],
							"lerp_mode": "catmullrom"
						},
						"0.8333": {
							"post": [10.23772, 12.3071, 2.20462],
							"lerp_mode": "catmullrom"
						},
						"1.125": {
							"post": [-2.32343, 0.96539, 0.60477],
							"lerp_mode": "catmullrom"
						},
						"1.3333": [-7.5, 0, 0]
					}
				},
				"tail3": {
					"rotation": {
						"0.0": [2.5, 0, 0],
						"0.25": {
							"pre": [7.67995, -12.39135, -1.6575],
							"post": [7.67995, -12.39135, -1.6575],
							"lerp_mode": "catmullrom"
						},
						"0.5417": {
							"post": [7.67995, 12.39135, 1.6575],
							"lerp_mode": "catmullrom"
						},
						"0.8333": {
							"post": [7.61435, 9.91358, 1.31845],
							"lerp_mode": "catmullrom"
						},
						"1.125": {
							"post": [4.1147, 14.01372, 1.25591],
							"lerp_mode": "catmullrom"
						},
						"1.3333": [2.5, 0, 0]
					}
				},
				"leg0": {
					"rotation": {
						"0.0": [0, 0, -52.5],
						"0.25": {
							"pre": [27.5, 0, -52.5],
							"post": [27.5, 0, -52.5],
							"lerp_mode": "catmullrom"
						},
						"0.5417": {
							"post": [35, 0, -52.5],
							"lerp_mode": "catmullrom"
						},
						"0.8333": {
							"post": [25, 0, -97.5],
							"lerp_mode": "catmullrom"
						},
						"1.3333": [0, 0, -52.5]
					}
				},
				"leg1": {
					"rotation": {
						"0.0": [0, 0, 52.5],
						"0.25": {
							"pre": [15, 0, 50],
							"post": [15, 0, 50],
							"lerp_mode": "catmullrom"
						},
						"0.5417": {
							"post": [35, 0, 50],
							"lerp_mode": "catmullrom"
						},
						"0.8333": {
							"post": [25, 0, 97.5],
							"lerp_mode": "catmullrom"
						},
						"1.3333": [0, 0, 52.5]
					}
				},
				"tail4": {
					"rotation": {
						"0.0": [0, 0, 0],
						"0.25": {
							"pre": [10.52665, -19.37318, -4.7418],
							"post": [10.52665, -19.37318, -4.7418],
							"lerp_mode": "catmullrom"
						},
						"0.5417": {
							"post": [8.3984, 27.01271, 3.30864],
							"lerp_mode": "catmullrom"
						},
						"0.8333": {
							"post": [-0.17132, 18.08765, -9.12901],
							"lerp_mode": "catmullrom"
						},
						"1.125": {
							"post": [-0.34311, 11.405, -3.0037],
							"lerp_mode": "catmullrom"
						},
						"1.3333": [0, 0, 0]
					}
				},
				"tail5": {
					"rotation": {
						"0.0": [0, 0, 0],
						"0.25": {
							"pre": [0, -25, 0],
							"post": [0, -25, 0],
							"lerp_mode": "catmullrom"
						},
						"0.5417": {
							"post": [0, 25, 0],
							"lerp_mode": "catmullrom"
						},
						"0.8333": {
							"post": [-15.96636, 15.90102, -18.21206],
							"lerp_mode": "catmullrom"
						},
						"1.125": {
							"post": [-6.31821, 13.75112, -6.47053],
							"lerp_mode": "catmullrom"
						},
						"1.3333": [0, 0, 0]
					}
				}
			}
		},
		"animation.LUCID_Tylosaurus.break_block": {
			"animation_length": 1.20833,
			"bones": {
				"body": {
					"rotation": {
						"0.0": [-2.5, 0, 0],
						"0.2917": {
							"pre": [-7.56397, -7.43547, 0.98448],
							"post": [-7.56397, -7.43547, 0.98448],
							"lerp_mode": "catmullrom"
						},
						"0.4167": {
							"post": [2.43603, -7.43547, 0.98448],
							"lerp_mode": "catmullrom"
						},
						"0.6667": {
							"post": [4.93603, -7.43547, 0.98448],
							"lerp_mode": "catmullrom"
						},
						"1.0": [-2.5, 0, 0]
					},
					"position": {
						"0.0": [0, -28, 0],
						"0.2917": {
							"pre": [0, -28, 14],
							"post": [0, -28, 14],
							"lerp_mode": "catmullrom"
						},
						"0.4167": {
							"post": [0, -28, -10],
							"lerp_mode": "catmullrom"
						},
						"0.4583": {
							"post": [0, -28, -7.03],
							"lerp_mode": "catmullrom"
						},
						"0.5833": {
							"post": [0, -28, -14.74],
							"lerp_mode": "catmullrom"
						},
						"0.6667": {
							"post": [0, -28, -14],
							"lerp_mode": "catmullrom"
						},
						"1.0": [0, -28, 0]
					}
				},
				"torso": {
					"rotation": {
						"0.0": [2.5, 0, 0],
						"0.2917": {
							"pre": [6.73006, 7.42345, 0.69412],
							"post": [6.73006, 7.42345, 0.69412],
							"lerp_mode": "catmullrom"
						},
						"0.4167": {
							"post": [-0.76994, 7.42345, 0.69412],
							"lerp_mode": "catmullrom"
						},
						"0.6667": {
							"post": [-8.26994, 7.42345, 0.69412],
							"lerp_mode": "catmullrom"
						},
						"1.0": [2.5, 0, 0]
					}
				},
				"chest": {
					"rotation": {
						"0.0": [7.5, 0, 0],
						"0.2917": {
							"pre": [12.5, 0, 0],
							"post": [12.5, 0, 0],
							"lerp_mode": "catmullrom"
						},
						"0.4167": {
							"post": [-2.5, 0, 0],
							"lerp_mode": "catmullrom"
						},
						"0.6667": {
							"post": [-5, 0, 0],
							"lerp_mode": "catmullrom"
						},
						"1.0": [7.5, 0, 0]
					}
				},
				"head": {
					"rotation": {
						"0.0": [0, 0, 0],
						"0.2917": {
							"pre": [24.52265, -1.34172, -10.44997],
							"post": [24.52265, -1.34172, -10.44997],
							"lerp_mode": "catmullrom"
						},
						"0.4167": {
							"post": [42.02265, -1.34172, -10.44997],
							"lerp_mode": "catmullrom"
						},
						"0.6667": {
							"post": [44.52265, -1.34172, -10.44997],
							"lerp_mode": "catmullrom"
						},
						"1.0": [0, 0, 0]
					}
				},
				"lower": {
					"rotation": [0, 0, 0]
				},
				"leg2": {
					"rotation": {
						"0.0": [0, 0, -67.5],
						"0.2917": {
							"pre": [-23.15426, 4.95712, -75.02832],
							"post": [-23.15426, 4.95712, -75.02832],
							"lerp_mode": "catmullrom"
						},
						"0.4167": {
							"post": [18.70294, -5.39991, -56.51553],
							"lerp_mode": "catmullrom"
						},
						"0.6667": {
							"post": [23.70294, -5.39991, -56.51553],
							"lerp_mode": "catmullrom"
						},
						"1.0": [0, 0, -67.5]
					}
				},
				"leg3": {
					"rotation": {
						"0.0": [0, 0, 67.5],
						"0.2917": {
							"pre": [-23.15426, -4.95712, 75.02832],
							"post": [-23.15426, -4.95712, 75.02832],
							"lerp_mode": "catmullrom"
						},
						"0.4167": {
							"post": [18.70294, 5.39991, 56.51553],
							"lerp_mode": "catmullrom"
						},
						"0.6667": {
							"post": [23.70294, 5.39991, 56.51553],
							"lerp_mode": "catmullrom"
						},
						"1.0": [0, 0, 67.5]
					}
				},
				"tail1": {
					"rotation": {
						"0.0": [-2.5, 0, 0],
						"0.2917": {
							"pre": [-2.52154, -7.49282, 0.32902],
							"post": [-2.52154, -7.49282, 0.32902],
							"lerp_mode": "catmullrom"
						},
						"0.4167": {
							"post": [-2.56062, -12.48791, 0.55404],
							"lerp_mode": "catmullrom"
						},
						"0.6667": {
							"post": [-2.50238, -2.49762, 0.10912],
							"lerp_mode": "catmullrom"
						},
						"1.0": [-2.5, 0, 0]
					}
				},
				"tail2": {
					"rotation": {
						"0.0": [-7.5, 0, 0],
						"0.2917": {
							"pre": [-8.02275, 7.40135, 0.3383],
							"post": [-8.02275, 7.40135, 0.3383],
							"lerp_mode": "catmullrom"
						},
						"0.4167": {
							"post": [-8.14689, -12.40384, 3.13977],
							"lerp_mode": "catmullrom"
						},
						"0.6667": {
							"post": [-8.28478, -14.86067, 3.66809],
							"lerp_mode": "catmullrom"
						},
						"1.0": [-7.5, 0, 0]
					}
				},
				"tail3": {
					"rotation": {
						"0.0": [2.5, 0, 0],
						"0.2917": {
							"pre": [2.58807, 14.98539, 0.66963],
							"post": [2.58807, 14.98539, 0.66963],
							"lerp_mode": "catmullrom"
						},
						"0.4167": {
							"post": [1.60374, -9.88431, -1.74915],
							"lerp_mode": "catmullrom"
						},
						"0.6667": {
							"post": [2.08303, -27.35318, -2.72599],
							"lerp_mode": "catmullrom"
						},
						"1.0": [2.5, 0, 0]
					}
				},
				"leg0": {
					"rotation": {
						"0.0": [0, 0, -52.5],
						"0.2917": {
							"pre": [-15, 0, -52.5],
							"post": [-15, 0, -52.5],
							"lerp_mode": "catmullrom"
						},
						"0.4167": {
							"post": [10, 0, -52.5],
							"lerp_mode": "catmullrom"
						},
						"0.6667": {
							"post": [15, 0, -52.5],
							"lerp_mode": "catmullrom"
						},
						"1.0": [0, 0, -52.5]
					}
				},
				"leg1": {
					"rotation": {
						"0.0": [0, 0, 52.5],
						"0.2917": {
							"pre": [-15, 0, 52.5],
							"post": [-15, 0, 52.5],
							"lerp_mode": "catmullrom"
						},
						"0.4167": {
							"post": [10, 0, 52.5],
							"lerp_mode": "catmullrom"
						},
						"0.6667": {
							"post": [15, 0, 52.5],
							"lerp_mode": "catmullrom"
						},
						"1.0": [0, 0, 52.5]
					}
				},
				"bone": {
					"rotation": [2.5, 0, 0],
					"position": [0, 0, 3]
				}
			},
			"sound_effects": {
				"0.0": {
					"effect": "5slamimpactsoundeffectmp3cut.net1"
				}
			}
		},
		"animation.LUCID_Tylosaurus.util": {
			"loop": true,
			"bones": {
				"bone8": {
					"rotation": [0, "math.clamp(-variable.smoothed_turning/-10,-10,100)", 0]
				},
				"chest": {
					"rotation": [0, "math.clamp(-variable.smoothed_turning/-10,-10,100)", 0]
				},
				"tail1": {
					"rotation": [0, "math.clamp(variable.smoothed_turning/-15,-15,1500)", 0]
				},
				"tail2": {
					"rotation": [0, "math.clamp(variable.smoothed_turning/-15,-15,1500)", 0]
				},
				"tail3": {
					"rotation": [0, "math.clamp(variable.smoothed_turning/-15,-15,1500)", 0]
				}
			}
		}
	}
}