{
  "format_version": "1.10.0",
  "minecraft:client_entity": {
    "description": {
      "identifier": "mc:webice",
      "materials": {
        "default": "slime"
      },
      "textures": {
        "default": "textures/entity/wbhp"
      },
      "geometry": {
        "default": "geometry.mc_webice_bullet"
      },
      "scripts": {
        "animate": [
          { "onair": "!query.is_on_ground" },
          { "ofair": "query.is_on_ground" },
          { "target": "query.is_alive" }
        ]
      },
      "animations": {
        "ofon": "controller.animation.ofonair",
        "ofair": "animation.web.ofair",
        "onair": "animation.web.onair",
        "target": "animation.mc.jey"
      },
      "spawn_egg": {
        "texture": "spawn_egg",
        "texture_index": 99
      },
      "render_controllers": [
        "controller.render.slime"
      ]
    }
  }
}