{
  "format_version": "1.10.0",
  "minecraft:client_entity": {
    "description": {
      "identifier": "mc:yerdagi",
      "materials": {
        "default": "charged_creeper"
      },
      "textures": {
        "default": "textures/entity/yerdagi"
      },
      "geometry": {
        "default": "geometry.yerdagichaqmoq"
      },
      "scripts": {
        "animate": [
          "partices"
        ]
      },
      "animations": {
        "partices": "animation.chqmq.lup"
      },
      "spawn_egg": {
        "texture": "spawn_egg",
        "texture_index": 99
      },
      "render_controllers": [
        "controller.render.slime"
      ]
    }
  }
}