{
	"format_version": "1.8.0",
	"animation_controllers":{
		"controller.animation.player_helicopter_commands":{
			"states":{
				"default":{
                    "animations":[
                        {"ground":[]}
					],
                    "transitions":[
                        {"flying_up":"( query.is_riding == 1) && (query.head_x_rotation(0) <= 0)"},
                        {"flying_down":"( query.is_riding == 1) && (query.head_x_rotation(0) > 0)"}
                    ]
                },
                "flying_up":{
                    "animations":[
                        {"flying_up":[]}
					],
                    "transitions":[
                        {"flying_down":"( query.is_riding == 1) && (query.head_x_rotation(0) > 0)"},
                        {"default":"(query.is_riding == 0)"}
                    ]
                },
                "flying_down":{
                    "animations":[
                        {"flying_down":[]}
					],
                    "transitions":[
                        {"flying_up":"( query.is_riding == 1) && (query.head_x_rotation(0) <= 0)"},
                        {"default":"(query.is_riding == 0)"}
                    ]
                }
			}
		}
	}
}