{
	"format_version": "1.8.0",
	"animation_controllers":{
		"controller.animation.sleep_commands":{
			"states":{
				"default":{
					"animations":[
						{"awake":[]}
                    ],
                    "transitions":[
                        {"sleeping": "query.mark_variant == 2"}
                    ]
                },
                "sleeping":{
					"animations":[
						{"sleeping":[]}
                    ],
                    "transitions":[
                        {"default": "query.mark_variant == 1"}
                    ]
				}
			}
		}
	}
}