{
	"format_version": "1.10.0",
	"animation_controllers": {
		"controller.animation.assassin.general": {
			"initial_state": "default",
			"states": {
				"default": {
					"animations": [
						{
							"piglin_attack_controller": "query.variant==0"
						},
						{
							"crossbow": "query.variant==2"
						},
						{
							"summon": "query.variant==1"
						},
						{
							"no_have": "query.variant!=2"
						}
					],
					"blend_transition": 0.2
				}
			}
		},
		"controller.animation.god.general": {
			"initial_state": "default",
			"states": {
				"default": {
					"animations": [
						{
							"piglin_attack_controller": "query.variant==1"
						},
						{
							"summon": "query.variant==2"
						},
						"sonic"
					],
					"blend_transition": 0.2
				}
			}
		},
		"controller.animation.assassin.attack": {
			"initial_state": "default",
			"states": {
				"default": {
					"transitions": [
						{
							"normal_damage": "query.is_delayed_attacking"
						}
					]
				},
				"normal_damage": {
					"animations": [
						"hand_attack"
					],
					"transitions": [
						{
							"default": "query.any_animation_finished&&!query.is_delayed_attacking"
						}
					],
					"blend_transition": 0.2
				}
			}
		},
		"controller.animation.assassin.summon": {
			"initial_state": "default",
			"states": {
				"default": {
					"transitions": [
						{
							"normal_damage": "query.is_casting"
						}
					]
				},
				"normal_damage": {
					"animations": [
						"melee_attack"
					],
					"transitions": [
						{
							"default": "query.all_animations_finished"
						}
					],
					"blend_transition": 0.2
				}
			}
		},
		"controller.animation.assassin.crossbow": {
			"initial_state": "default",
			"states": {
				"default": {
					"transitions": [
						{
							"charge": "query.is_charged"
						},
						{
							"hold": "query.has_target&&!query.is_charged"
						}
					]
				},
				"charge": {
					"animations": [
						"crossbow_charge"
					],
					"transitions": [
						{
							"default": "query.all_animations_finished&&!query.has_target"
						},
						{
							"hold": "query.all_animations_finished&&query.has_target"
						}
					],
					"blend_transition": 0.2
				},
				"hold": {
					"animations": [
						"crossbow_hold"
					],
					"transitions": [
						{
							"default": "!query.has_target"
						},
						{
							"charge": "query.is_charged&&query.has_target"
						}
					],
					"blend_transition": 0.2
				}
			}
		}
	}
}