{
	"format_version": "1.10.0",
	"animation_controllers": {
		"controller.animation.bamboosoldier.attack": {
			"initial_state": "default",
			"states": {
				"default": {
					"blend_transition": 0.1,
					"transitions": [
						{
							"sword": "query.is_delayed_attacking&&variable.sword"
						},
						{
							"spear1": "query.is_delayed_attacking&&variable.spear1"
						},
						{
							"spear2": "query.is_delayed_attacking&&variable.spear2"
						},
						{
							"spear3": "query.is_delayed_attacking&&variable.spear3"
						}
					]
				},
				"sword": {
					"animations": [
						"attack"
					],
					"blend_transition": 0.3,
					"transitions": [
						{
							"default": "!query.is_delayed_attacking"
						},
						{
							"spear1": "query.is_delayed_attacking&&variable.spear1"
						},
						{
							"spear2": "query.is_delayed_attacking&&variable.spear2"
						},
						{
							"spear3": "query.is_delayed_attacking&&variable.spear3"
						}
					]
				},
				"spear1": {
					"animations": [
						"attack1"
					],
					"blend_transition": 0.3,
					"transitions": [
						{
							"default": "!query.is_delayed_attacking"
						},
						{
							"sword": "query.is_delayed_attacking&&variable.sword"
						},
						{
							"spear2": "query.is_delayed_attacking&&variable.spear2"
						},
						{
							"spear3": "query.is_delayed_attacking&&variable.spear3"
						}
					]
				},
				"spear2": {
					"animations": [
						"attack2"
					],
					"blend_transition": 0.3,
					"transitions": [
						{
							"default": "!query.is_delayed_attacking"
						},
						{
							"spear1": "query.is_delayed_attacking&&variable.spear1"
						},
						{
							"sword": "query.is_delayed_attacking&&variable.sword"
						},
						{
							"spear3": "query.is_delayed_attacking&&variable.spear3"
						}
					]
				},
				"spear3": {
					"animations": [
						"attack3"
					],
					"blend_transition": 0.3,
					"transitions": [
						{
							"default": "!query.is_delayed_attacking"
						},
						{
							"spear1": "query.is_delayed_attacking&&variable.spear1"
						},
						{
							"spear2": "query.is_delayed_attacking&&variable.spear2"
						},
						{
							"sword": "query.is_delayed_attacking&&variable.sword"
						}
					]
				}
			}
		}
	}
}