{
	"format_version": "1.10.0",
	"animation_controllers": {
		"controller.animation.bamboorocket.attack": {
			"initial_state": "default",
			"states": {
				"default": {
					"blend_transition": 0.3,
					"transitions": [
						{
							"load": "query.has_target&&query.is_charged"
						},
						{
							"shoot": "query.has_target&&!query.is_charged"
						}
					]
				},
				"load": {
					"animations": [
						"reloading"
					],
					"blend_transition": 0.3,
					"transitions": [
						{
							"default": "!query.has_target&&!query.is_charged"
						},
						{
							"shoot": "query.has_target&&!query.is_charged"
						}
					]
				},
				"shoot": {
					"animations": [
						"flintlock"
					],
					"blend_transition": 0.3,
					"transitions": [
						{
							"default": "!query.has_target&&!query.is_charged"
						},
						{
							"load": "query.has_target&&query.is_charged"
						}
					]
				}
			}
		}
	}
}