{
	"format_version": "1.10.0",
	"animation_controllers": {
		"controller.animation.gun.riding": {
			"initial_state": "default",
			"states": {
				"default": {
					"transitions": [
						{
							"riding": "query.is_riding"
						}
					]
				},
				"riding": {
					"animations": [
						"riding.legs"
					],
					"transitions": [
						{
							"default": "!query.is_riding"
						}
					]
				}
			}
		},
		"controller.animation.bow.riding": {
			"initial_state": "default",
			"states": {
				"default": {
					"transitions": [
						{
							"riding": "query.is_riding"
						}
					]
				},
				"riding": {
					"animations": [
						"riding.legs",
						{
							"riding.arms": "!query.facing_target_to_range_attack||!query.is_charged"
						}
					],
					"transitions": [
						{
							"default": "!query.is_riding"
						}
					]
				}
			}
		}
	}
}