{
	"format_version": "1.10.0",
	"animation_controllers": {
		"controller.animation.illager.cannon": {
			"initial_state": "default",
			"states": {
				"default": {
					"animations": [
						"default"
					],
					"transitions": [
						{
							"attack": "query.has_target"
						}
					],
					"blend_transition": 1
				},
				"attack": {
					"animations": [
						"attack"
					],
					"transitions": [
						{
							"default": "!query.has_target"
						}
					],
					"blend_transition": 0.5
				}
			}
		}
	}
}