{
	"format_version": "1.10.0",
	"animation_controllers": {
		"controller.animation.illagerspaer.attack": {
			"initial_state": "default",
			"states": {
				"default": {
					"blend_transition": 0.2,
					"transitions": [
						{
							"attack": "query.is_delayed_attacking"
						}
					]
				},
				"attack": {
					"animations": [
						"attack"
					],
					"blend_transition": 0.3,
					"transitions": [
						{
							"default": "!query.is_delayed_attacking"
						}
					]
				}
			}
		}
	}
}