{
	"format_version": "1.10.0",
	"animation_controllers": {
		"controller.animation.mini14.fpp": {
			"initial_state": "default",
			"states": {
				"default": {
					"animations": [
						{
							"mini14_fpp": "variable.mini14"
						}
					],
					"transitions": [
						{
							"aim": "variable.mini14&&query.is_sneaking"
						},
						{
							"reload": "q.get_equipped_item_name('main_hand')=='piglin_rifle_empty'&&(query.is_item_name_any('slot.hotbar',0,'df:rifle_ammo')||query.is_item_name_any('slot.hotbar',1,'df:rifle_ammo')||query.is_item_name_any('slot.hotbar',2,'df:rifle_ammo')||query.is_item_name_any('slot.hotbar',3,'df:rifle_ammo')||query.is_item_name_any('slot.hotbar',4,'df:rifle_ammo')||query.is_item_name_any('slot.hotbar',5,'df:rifle_ammo')||query.is_item_name_any('slot.hotbar',6,'df:rifle_ammo')||query.is_item_name_any('slot.hotbar',7,'df:rifle_ammo')||query.is_item_name_any('slot.hotbar',8,'df:rifle_ammo')||query.is_item_name_any('slot.inventory',0,'df:rifle_ammo')||query.is_item_name_any('slot.inventory',1,'df:rifle_ammo')||query.is_item_name_any('slot.inventory',2,'df:rifle_ammo')||query.is_item_name_any('slot.inventory',3,'df:rifle_ammo')||query.is_item_name_any('slot.inventory',4,'df:rifle_ammo')||query.is_item_name_any('slot.inventory',5,'df:rifle_ammo')||query.is_item_name_any('slot.inventory',6,'df:rifle_ammo')||query.is_item_name_any('slot.inventory',7,'df:rifle_ammo')||query.is_item_name_any('slot.inventory',8,'df:rifle_ammo')||query.is_item_name_any('slot.inventory',9,'df:rifle_ammo')||query.is_item_name_any('slot.inventory',10,'df:rifle_ammo')||query.is_item_name_any('slot.inventory',11,'df:rifle_ammo')||query.is_item_name_any('slot.inventory',12,'df:rifle_ammo')||query.is_item_name_any('slot.inventory',13,'df:rifle_ammo')||query.is_item_name_any('slot.inventory',14,'df:rifle_ammo')||query.is_item_name_any('slot.inventory',15,'df:rifle_ammo')||query.is_item_name_any('slot.inventory',16,'df:rifle_ammo')||query.is_item_name_any('slot.inventory',17,'df:rifle_ammo')||query.is_item_name_any('slot.inventory',18,'df:rifle_ammo')||query.is_item_name_any('slot.inventory',19,'df:rifle_ammo')||query.is_item_name_any('slot.inventory',20,'df:rifle_ammo')||query.is_item_name_any('slot.inventory',21,'df:rifle_ammo')||query.is_item_name_any('slot.inventory',22,'df:rifle_ammo')||query.is_item_name_any('slot.inventory',23,'df:rifle_ammo')||query.is_item_name_any('slot.inventory',24,'df:rifle_ammo')||query.is_item_name_any('slot.inventory',25,'df:rifle_ammo')||query.is_item_name_any('slot.inventory',26,'df:rifle_ammo')||query.is_item_name_any('slot.inventory',27,'df:rifle_ammo'))"
						}
					],
					"blend_transition": 0.2
				},
				"aim": {
					"animations": [
						{
							"mini14_fpp_aim": "variable.mini14"
						}
					],
					"transitions": [
						{
							"default": "variable.mini14&&!query.is_sneaking"
						},
						{
							"reload": "q.get_equipped_item_name('main_hand')=='piglin_rifle_empty'&&(query.is_item_name_any('slot.hotbar',0,'df:rifle_ammo')||query.is_item_name_any('slot.hotbar',1,'df:rifle_ammo')||query.is_item_name_any('slot.hotbar',2,'df:rifle_ammo')||query.is_item_name_any('slot.hotbar',3,'df:rifle_ammo')||query.is_item_name_any('slot.hotbar',4,'df:rifle_ammo')||query.is_item_name_any('slot.hotbar',5,'df:rifle_ammo')||query.is_item_name_any('slot.hotbar',6,'df:rifle_ammo')||query.is_item_name_any('slot.hotbar',7,'df:rifle_ammo')||query.is_item_name_any('slot.hotbar',8,'df:rifle_ammo')||query.is_item_name_any('slot.inventory',0,'df:rifle_ammo')||query.is_item_name_any('slot.inventory',1,'df:rifle_ammo')||query.is_item_name_any('slot.inventory',2,'df:rifle_ammo')||query.is_item_name_any('slot.inventory',3,'df:rifle_ammo')||query.is_item_name_any('slot.inventory',4,'df:rifle_ammo')||query.is_item_name_any('slot.inventory',5,'df:rifle_ammo')||query.is_item_name_any('slot.inventory',6,'df:rifle_ammo')||query.is_item_name_any('slot.inventory',7,'df:rifle_ammo')||query.is_item_name_any('slot.inventory',8,'df:rifle_ammo')||query.is_item_name_any('slot.inventory',9,'df:rifle_ammo')||query.is_item_name_any('slot.inventory',10,'df:rifle_ammo')||query.is_item_name_any('slot.inventory',11,'df:rifle_ammo')||query.is_item_name_any('slot.inventory',12,'df:rifle_ammo')||query.is_item_name_any('slot.inventory',13,'df:rifle_ammo')||query.is_item_name_any('slot.inventory',14,'df:rifle_ammo')||query.is_item_name_any('slot.inventory',15,'df:rifle_ammo')||query.is_item_name_any('slot.inventory',16,'df:rifle_ammo')||query.is_item_name_any('slot.inventory',17,'df:rifle_ammo')||query.is_item_name_any('slot.inventory',18,'df:rifle_ammo')||query.is_item_name_any('slot.inventory',19,'df:rifle_ammo')||query.is_item_name_any('slot.inventory',20,'df:rifle_ammo')||query.is_item_name_any('slot.inventory',21,'df:rifle_ammo')||query.is_item_name_any('slot.inventory',22,'df:rifle_ammo')||query.is_item_name_any('slot.inventory',23,'df:rifle_ammo')||query.is_item_name_any('slot.inventory',24,'df:rifle_ammo')||query.is_item_name_any('slot.inventory',25,'df:rifle_ammo')||query.is_item_name_any('slot.inventory',26,'df:rifle_ammo')||query.is_item_name_any('slot.inventory',27,'df:rifle_ammo'))"
						}
					]
				},
				"reload": {
					"animations": [
						{
							"mini14_reload_fpp": "variable.mini14"
						}
					],
					"transitions": [
						{
							"default": "q.get_equipped_item_name('main_hand')=='piglin_rifle'&&query.all_animations_finished"
						}
					],
					"blend_transition": 0.2
				}
			}
		},
		"controller.animation.mini14.tpp": {
			"initial_state": "default",
			"states": {
				"default": {
					"animations": [
						{
							"mini14_tpp": "variable.mini14"
						},
						{
							"newgun": "variable.mini14"
						}
					],
					"transitions": [
						{
							"reload": "q.get_equipped_item_name('main_hand')=='piglin_rifle_empty'&&(query.is_item_name_any('slot.hotbar',0,'df:rifle_ammo')||query.is_item_name_any('slot.hotbar',1,'df:rifle_ammo')||query.is_item_name_any('slot.hotbar',2,'df:rifle_ammo')||query.is_item_name_any('slot.hotbar',3,'df:rifle_ammo')||query.is_item_name_any('slot.hotbar',4,'df:rifle_ammo')||query.is_item_name_any('slot.hotbar',5,'df:rifle_ammo')||query.is_item_name_any('slot.hotbar',6,'df:rifle_ammo')||query.is_item_name_any('slot.hotbar',7,'df:rifle_ammo')||query.is_item_name_any('slot.hotbar',8,'df:rifle_ammo')||query.is_item_name_any('slot.inventory',0,'df:rifle_ammo')||query.is_item_name_any('slot.inventory',1,'df:rifle_ammo')||query.is_item_name_any('slot.inventory',2,'df:rifle_ammo')||query.is_item_name_any('slot.inventory',3,'df:rifle_ammo')||query.is_item_name_any('slot.inventory',4,'df:rifle_ammo')||query.is_item_name_any('slot.inventory',5,'df:rifle_ammo')||query.is_item_name_any('slot.inventory',6,'df:rifle_ammo')||query.is_item_name_any('slot.inventory',7,'df:rifle_ammo')||query.is_item_name_any('slot.inventory',8,'df:rifle_ammo')||query.is_item_name_any('slot.inventory',9,'df:rifle_ammo')||query.is_item_name_any('slot.inventory',10,'df:rifle_ammo')||query.is_item_name_any('slot.inventory',11,'df:rifle_ammo')||query.is_item_name_any('slot.inventory',12,'df:rifle_ammo')||query.is_item_name_any('slot.inventory',13,'df:rifle_ammo')||query.is_item_name_any('slot.inventory',14,'df:rifle_ammo')||query.is_item_name_any('slot.inventory',15,'df:rifle_ammo')||query.is_item_name_any('slot.inventory',16,'df:rifle_ammo')||query.is_item_name_any('slot.inventory',17,'df:rifle_ammo')||query.is_item_name_any('slot.inventory',18,'df:rifle_ammo')||query.is_item_name_any('slot.inventory',19,'df:rifle_ammo')||query.is_item_name_any('slot.inventory',20,'df:rifle_ammo')||query.is_item_name_any('slot.inventory',21,'df:rifle_ammo')||query.is_item_name_any('slot.inventory',22,'df:rifle_ammo')||query.is_item_name_any('slot.inventory',23,'df:rifle_ammo')||query.is_item_name_any('slot.inventory',24,'df:rifle_ammo')||query.is_item_name_any('slot.inventory',25,'df:rifle_ammo')||query.is_item_name_any('slot.inventory',26,'df:rifle_ammo')||query.is_item_name_any('slot.inventory',27,'df:rifle_ammo'))"
						}
					],
					"blend_transition": 0.2
				},
				"reload": {
					"animations": [
						{
							"mini14_reload_tpp": "variable.mini14"
						},
						{
							"mini14_tpp": "variable.mini14"
						}
					],
					"transitions": [
						{
							"default": "q.get_equipped_item_name('main_hand')=='piglin_rifle'&&query.all_animations_finished"
						}
					],
					"blend_transition": 0.2
				}
			}
		},
		"controller.animation.mini14.shooting": {
			"initial_state": "default",
			"states": {
				"default": {
					"transitions": [
						{
							"mini14_fpp": "query.get_equipped_item_name('main_hand')=='piglin_rifle'&&query.is_using_item"
						}
					]
				},
				"mini14_fpp": {
					"animations": [
						"mini14_shoot"
					],
					"transitions": [
						{
							"default": "query.all_animations_finished"
						}
					]
				}
			}
		}
	}
}