{
	"format_version": "1.10.0",
	"animation_controllers": {
		"controller.animation.mosin.fpp": {
			"initial_state": "default",
			"states": {
				"default": {
					"animations": [
						{
							"mosin_fpp": "variable.mosin"
						}
					],
					"transitions": [
						{
							"aim": "variable.mosin&&query.is_sneaking"
						},
						{
							"reload": "q.get_equipped_item_name('main_hand')=='villager_rifle_empty'&&(query.is_item_name_any('slot.hotbar',0,'df:mosin_rifle_ammo')||query.is_item_name_any('slot.hotbar',1,'df:mosin_rifle_ammo')||query.is_item_name_any('slot.hotbar',2,'df:mosin_rifle_ammo')||query.is_item_name_any('slot.hotbar',3,'df:mosin_rifle_ammo')||query.is_item_name_any('slot.hotbar',4,'df:mosin_rifle_ammo')||query.is_item_name_any('slot.hotbar',5,'df:mosin_rifle_ammo')||query.is_item_name_any('slot.hotbar',6,'df:mosin_rifle_ammo')||query.is_item_name_any('slot.hotbar',7,'df:mosin_rifle_ammo')||query.is_item_name_any('slot.hotbar',8,'df:mosin_rifle_ammo')||query.is_item_name_any('slot.inventory',0,'df:mosin_rifle_ammo')||query.is_item_name_any('slot.inventory',1,'df:mosin_rifle_ammo')||query.is_item_name_any('slot.inventory',2,'df:mosin_rifle_ammo')||query.is_item_name_any('slot.inventory',3,'df:mosin_rifle_ammo')||query.is_item_name_any('slot.inventory',4,'df:mosin_rifle_ammo')||query.is_item_name_any('slot.inventory',5,'df:mosin_rifle_ammo')||query.is_item_name_any('slot.inventory',6,'df:mosin_rifle_ammo')||query.is_item_name_any('slot.inventory',7,'df:mosin_rifle_ammo')||query.is_item_name_any('slot.inventory',8,'df:mosin_rifle_ammo')||query.is_item_name_any('slot.inventory',9,'df:mosin_rifle_ammo')||query.is_item_name_any('slot.inventory',10,'df:mosin_rifle_ammo')||query.is_item_name_any('slot.inventory',11,'df:mosin_rifle_ammo')||query.is_item_name_any('slot.inventory',12,'df:mosin_rifle_ammo')||query.is_item_name_any('slot.inventory',13,'df:mosin_rifle_ammo')||query.is_item_name_any('slot.inventory',14,'df:mosin_rifle_ammo')||query.is_item_name_any('slot.inventory',15,'df:mosin_rifle_ammo')||query.is_item_name_any('slot.inventory',16,'df:mosin_rifle_ammo')||query.is_item_name_any('slot.inventory',17,'df:mosin_rifle_ammo')||query.is_item_name_any('slot.inventory',18,'df:mosin_rifle_ammo')||query.is_item_name_any('slot.inventory',19,'df:mosin_rifle_ammo')||query.is_item_name_any('slot.inventory',20,'df:mosin_rifle_ammo')||query.is_item_name_any('slot.inventory',21,'df:mosin_rifle_ammo')||query.is_item_name_any('slot.inventory',22,'df:mosin_rifle_ammo')||query.is_item_name_any('slot.inventory',23,'df:mosin_rifle_ammo')||query.is_item_name_any('slot.inventory',24,'df:mosin_rifle_ammo')||query.is_item_name_any('slot.inventory',25,'df:mosin_rifle_ammo')||query.is_item_name_any('slot.inventory',26,'df:mosin_rifle_ammo')||query.is_item_name_any('slot.inventory',27,'df:mosin_rifle_ammo'))"
						},
						{
							"shoot": "query.get_equipped_item_name('main_hand')=='villager_rifle'&&query.is_using_item"
						}
					],
					"blend_transition": 0.2
				},
				"aim": {
					"animations": [
						{
							"mosin_fpp_aim": "variable.mosin"
						}
					],
					"transitions": [
						{
							"default": "variable.mosin&&!query.is_sneaking"
						},
						{
							"reload": "q.get_equipped_item_name('main_hand')=='villager_rifle_empty'&&(query.is_item_name_any('slot.hotbar',0,'df:mosin_rifle_ammo')||query.is_item_name_any('slot.hotbar',1,'df:mosin_rifle_ammo')||query.is_item_name_any('slot.hotbar',2,'df:mosin_rifle_ammo')||query.is_item_name_any('slot.hotbar',3,'df:mosin_rifle_ammo')||query.is_item_name_any('slot.hotbar',4,'df:mosin_rifle_ammo')||query.is_item_name_any('slot.hotbar',5,'df:mosin_rifle_ammo')||query.is_item_name_any('slot.hotbar',6,'df:mosin_rifle_ammo')||query.is_item_name_any('slot.hotbar',7,'df:mosin_rifle_ammo')||query.is_item_name_any('slot.hotbar',8,'df:mosin_rifle_ammo')||query.is_item_name_any('slot.inventory',0,'df:mosin_rifle_ammo')||query.is_item_name_any('slot.inventory',1,'df:mosin_rifle_ammo')||query.is_item_name_any('slot.inventory',2,'df:mosin_rifle_ammo')||query.is_item_name_any('slot.inventory',3,'df:mosin_rifle_ammo')||query.is_item_name_any('slot.inventory',4,'df:mosin_rifle_ammo')||query.is_item_name_any('slot.inventory',5,'df:mosin_rifle_ammo')||query.is_item_name_any('slot.inventory',6,'df:mosin_rifle_ammo')||query.is_item_name_any('slot.inventory',7,'df:mosin_rifle_ammo')||query.is_item_name_any('slot.inventory',8,'df:mosin_rifle_ammo')||query.is_item_name_any('slot.inventory',9,'df:mosin_rifle_ammo')||query.is_item_name_any('slot.inventory',10,'df:mosin_rifle_ammo')||query.is_item_name_any('slot.inventory',11,'df:mosin_rifle_ammo')||query.is_item_name_any('slot.inventory',12,'df:mosin_rifle_ammo')||query.is_item_name_any('slot.inventory',13,'df:mosin_rifle_ammo')||query.is_item_name_any('slot.inventory',14,'df:mosin_rifle_ammo')||query.is_item_name_any('slot.inventory',15,'df:mosin_rifle_ammo')||query.is_item_name_any('slot.inventory',16,'df:mosin_rifle_ammo')||query.is_item_name_any('slot.inventory',17,'df:mosin_rifle_ammo')||query.is_item_name_any('slot.inventory',18,'df:mosin_rifle_ammo')||query.is_item_name_any('slot.inventory',19,'df:mosin_rifle_ammo')||query.is_item_name_any('slot.inventory',20,'df:mosin_rifle_ammo')||query.is_item_name_any('slot.inventory',21,'df:mosin_rifle_ammo')||query.is_item_name_any('slot.inventory',22,'df:mosin_rifle_ammo')||query.is_item_name_any('slot.inventory',23,'df:mosin_rifle_ammo')||query.is_item_name_any('slot.inventory',24,'df:mosin_rifle_ammo')||query.is_item_name_any('slot.inventory',25,'df:mosin_rifle_ammo')||query.is_item_name_any('slot.inventory',26,'df:mosin_rifle_ammo')||query.is_item_name_any('slot.inventory',27,'df:mosin_rifle_ammo'))"
						},
						{
							"shoot": "query.get_equipped_item_name('main_hand')=='villager_rifle'&&query.is_using_item"
						}
					]
				},
				"reload": {
					"animations": [
						{
							"mosin_reload_fpp": "variable.mosin"
						}
					],
					"transitions": [
						{
							"default": "q.get_equipped_item_name('main_hand')=='villager_rifle'&&query.all_animations_finished"
						}
					],
					"blend_transition": 0.1
				},
				"shoot": {
					"animations": [
						{
							"mosin_shoot_fpp": "variable.mosin"
						}
					],
					"transitions": [
						{
							"default": "variable.mosin&&query.all_animations_finished"
						}
					]
				}
			}
		},
		"controller.animation.mosin.tpp": {
			"initial_state": "default",
			"states": {
				"default": {
					"animations": [
						{
							"mosin_tpp": "variable.mosin"
						},
						{
							"newgun": "variable.mosin"
						}
					],
					"transitions": [
						{
							"reload": "q.get_equipped_item_name('main_hand')=='villager_rifle_empty'&&(query.is_item_name_any('slot.hotbar',0,'df:mosin_rifle_ammo')||query.is_item_name_any('slot.hotbar',1,'df:mosin_rifle_ammo')||query.is_item_name_any('slot.hotbar',2,'df:mosin_rifle_ammo')||query.is_item_name_any('slot.hotbar',3,'df:mosin_rifle_ammo')||query.is_item_name_any('slot.hotbar',4,'df:mosin_rifle_ammo')||query.is_item_name_any('slot.hotbar',5,'df:mosin_rifle_ammo')||query.is_item_name_any('slot.hotbar',6,'df:mosin_rifle_ammo')||query.is_item_name_any('slot.hotbar',7,'df:mosin_rifle_ammo')||query.is_item_name_any('slot.hotbar',8,'df:mosin_rifle_ammo')||query.is_item_name_any('slot.inventory',0,'df:mosin_rifle_ammo')||query.is_item_name_any('slot.inventory',1,'df:mosin_rifle_ammo')||query.is_item_name_any('slot.inventory',2,'df:mosin_rifle_ammo')||query.is_item_name_any('slot.inventory',3,'df:mosin_rifle_ammo')||query.is_item_name_any('slot.inventory',4,'df:mosin_rifle_ammo')||query.is_item_name_any('slot.inventory',5,'df:mosin_rifle_ammo')||query.is_item_name_any('slot.inventory',6,'df:mosin_rifle_ammo')||query.is_item_name_any('slot.inventory',7,'df:mosin_rifle_ammo')||query.is_item_name_any('slot.inventory',8,'df:mosin_rifle_ammo')||query.is_item_name_any('slot.inventory',9,'df:mosin_rifle_ammo')||query.is_item_name_any('slot.inventory',10,'df:mosin_rifle_ammo')||query.is_item_name_any('slot.inventory',11,'df:mosin_rifle_ammo')||query.is_item_name_any('slot.inventory',12,'df:mosin_rifle_ammo')||query.is_item_name_any('slot.inventory',13,'df:mosin_rifle_ammo')||query.is_item_name_any('slot.inventory',14,'df:mosin_rifle_ammo')||query.is_item_name_any('slot.inventory',15,'df:mosin_rifle_ammo')||query.is_item_name_any('slot.inventory',16,'df:mosin_rifle_ammo')||query.is_item_name_any('slot.inventory',17,'df:mosin_rifle_ammo')||query.is_item_name_any('slot.inventory',18,'df:mosin_rifle_ammo')||query.is_item_name_any('slot.inventory',19,'df:mosin_rifle_ammo')||query.is_item_name_any('slot.inventory',20,'df:mosin_rifle_ammo')||query.is_item_name_any('slot.inventory',21,'df:mosin_rifle_ammo')||query.is_item_name_any('slot.inventory',22,'df:mosin_rifle_ammo')||query.is_item_name_any('slot.inventory',23,'df:mosin_rifle_ammo')||query.is_item_name_any('slot.inventory',24,'df:mosin_rifle_ammo')||query.is_item_name_any('slot.inventory',25,'df:mosin_rifle_ammo')||query.is_item_name_any('slot.inventory',26,'df:mosin_rifle_ammo')||query.is_item_name_any('slot.inventory',27,'df:mosin_rifle_ammo'))"
						},
						{
							"shoot": "query.get_equipped_item_name('main_hand')=='villager_rifle'&&query.is_using_item"
						}
					],
					"blend_transition": 0.2
				},
				"reload": {
					"animations": [
						{
							"mosin_reload_tpp": "variable.mosin"
						},
						{
							"mosin_tpp": "variable.mosin"
						}
					],
					"transitions": [
						{
							"default": "q.get_equipped_item_name('main_hand')=='villager_rifle'&&query.all_animations_finished"
						}
					],
					"blend_transition": 0.2
				},
				"shoot": {
					"animations": [
						{
							"mosin_shoot_tpp": "variable.mosin"
						},
						{
							"mosin_tpp": "variable.mosin"
						}
					],
					"transitions": [
						{
							"default": "variable.mosin&&query.all_animations_finished"
						}
					],
					"blend_transition": 0.2
				}
			}
		},
		"controller.animation.mosin.shooting.mob": {
			"initial_state": "default",
			"states": {
				"default": {
					"transitions": [
						{
							"shooting": "variable.attack_time"
						}
					],
					"blend_transition": 0.1
				},
				"shooting": {
					"animations": [
						"mosin_shooting"
					],
					"transitions": [
						{
							"default": "!variable.attack_time"
						}
					],
					"blend_transition": 0.2
				}
			}
		}
	}
}