{
	"format_version": "1.10.0",
	"animation_controllers": {
		"controller.animation.mp40.fpp": {
			"initial_state": "default",
			"states": {
				"default": {
					"animations": [
						{
							"mp40_fpp": "variable.mp40"
						}
					],
					"transitions": [
						{
							"aim": "variable.mp40&&query.is_sneaking"
						},
						{
							"reload": "q.get_equipped_item_name('main_hand')=='illager_smg_empty'&&(query.is_item_name_any('slot.hotbar',0,'df:mp40_ammo')||query.is_item_name_any('slot.hotbar',1,'df:mp40_ammo')||query.is_item_name_any('slot.hotbar',2,'df:mp40_ammo')||query.is_item_name_any('slot.hotbar',3,'df:mp40_ammo')||query.is_item_name_any('slot.hotbar',4,'df:mp40_ammo')||query.is_item_name_any('slot.hotbar',5,'df:mp40_ammo')||query.is_item_name_any('slot.hotbar',6,'df:mp40_ammo')||query.is_item_name_any('slot.hotbar',7,'df:mp40_ammo')||query.is_item_name_any('slot.hotbar',8,'df:mp40_ammo')||query.is_item_name_any('slot.inventory',0,'df:mp40_ammo')||query.is_item_name_any('slot.inventory',1,'df:mp40_ammo')||query.is_item_name_any('slot.inventory',2,'df:mp40_ammo')||query.is_item_name_any('slot.inventory',3,'df:mp40_ammo')||query.is_item_name_any('slot.inventory',4,'df:mp40_ammo')||query.is_item_name_any('slot.inventory',5,'df:mp40_ammo')||query.is_item_name_any('slot.inventory',6,'df:mp40_ammo')||query.is_item_name_any('slot.inventory',7,'df:mp40_ammo')||query.is_item_name_any('slot.inventory',8,'df:mp40_ammo')||query.is_item_name_any('slot.inventory',9,'df:mp40_ammo')||query.is_item_name_any('slot.inventory',10,'df:mp40_ammo')||query.is_item_name_any('slot.inventory',11,'df:mp40_ammo')||query.is_item_name_any('slot.inventory',12,'df:mp40_ammo')||query.is_item_name_any('slot.inventory',13,'df:mp40_ammo')||query.is_item_name_any('slot.inventory',14,'df:mp40_ammo')||query.is_item_name_any('slot.inventory',15,'df:mp40_ammo')||query.is_item_name_any('slot.inventory',16,'df:mp40_ammo')||query.is_item_name_any('slot.inventory',17,'df:mp40_ammo')||query.is_item_name_any('slot.inventory',18,'df:mp40_ammo')||query.is_item_name_any('slot.inventory',19,'df:mp40_ammo')||query.is_item_name_any('slot.inventory',20,'df:mp40_ammo')||query.is_item_name_any('slot.inventory',21,'df:mp40_ammo')||query.is_item_name_any('slot.inventory',22,'df:mp40_ammo')||query.is_item_name_any('slot.inventory',23,'df:mp40_ammo')||query.is_item_name_any('slot.inventory',24,'df:mp40_ammo')||query.is_item_name_any('slot.inventory',25,'df:mp40_ammo')||query.is_item_name_any('slot.inventory',26,'df:mp40_ammo')||query.is_item_name_any('slot.inventory',27,'df:mp40_ammo'))"
						}
					],
					"blend_transition": 0.2
				},
				"aim": {
					"animations": [
						{
							"mp40_fpp_aim": "variable.mp40"
						}
					],
					"transitions": [
						{
							"default": "variable.mp40&&!query.is_sneaking"
						},
						{
							"reload": "q.get_equipped_item_name('main_hand')=='illager_smg_empty'&&(query.is_item_name_any('slot.hotbar',0,'df:mp40_ammo')||query.is_item_name_any('slot.hotbar',1,'df:mp40_ammo')||query.is_item_name_any('slot.hotbar',2,'df:mp40_ammo')||query.is_item_name_any('slot.hotbar',3,'df:mp40_ammo')||query.is_item_name_any('slot.hotbar',4,'df:mp40_ammo')||query.is_item_name_any('slot.hotbar',5,'df:mp40_ammo')||query.is_item_name_any('slot.hotbar',6,'df:mp40_ammo')||query.is_item_name_any('slot.hotbar',7,'df:mp40_ammo')||query.is_item_name_any('slot.hotbar',8,'df:mp40_ammo')||query.is_item_name_any('slot.inventory',0,'df:mp40_ammo')||query.is_item_name_any('slot.inventory',1,'df:mp40_ammo')||query.is_item_name_any('slot.inventory',2,'df:mp40_ammo')||query.is_item_name_any('slot.inventory',3,'df:mp40_ammo')||query.is_item_name_any('slot.inventory',4,'df:mp40_ammo')||query.is_item_name_any('slot.inventory',5,'df:mp40_ammo')||query.is_item_name_any('slot.inventory',6,'df:mp40_ammo')||query.is_item_name_any('slot.inventory',7,'df:mp40_ammo')||query.is_item_name_any('slot.inventory',8,'df:mp40_ammo')||query.is_item_name_any('slot.inventory',9,'df:mp40_ammo')||query.is_item_name_any('slot.inventory',10,'df:mp40_ammo')||query.is_item_name_any('slot.inventory',11,'df:mp40_ammo')||query.is_item_name_any('slot.inventory',12,'df:mp40_ammo')||query.is_item_name_any('slot.inventory',13,'df:mp40_ammo')||query.is_item_name_any('slot.inventory',14,'df:mp40_ammo')||query.is_item_name_any('slot.inventory',15,'df:mp40_ammo')||query.is_item_name_any('slot.inventory',16,'df:mp40_ammo')||query.is_item_name_any('slot.inventory',17,'df:mp40_ammo')||query.is_item_name_any('slot.inventory',18,'df:mp40_ammo')||query.is_item_name_any('slot.inventory',19,'df:mp40_ammo')||query.is_item_name_any('slot.inventory',20,'df:mp40_ammo')||query.is_item_name_any('slot.inventory',21,'df:mp40_ammo')||query.is_item_name_any('slot.inventory',22,'df:mp40_ammo')||query.is_item_name_any('slot.inventory',23,'df:mp40_ammo')||query.is_item_name_any('slot.inventory',24,'df:mp40_ammo')||query.is_item_name_any('slot.inventory',25,'df:mp40_ammo')||query.is_item_name_any('slot.inventory',26,'df:mp40_ammo')||query.is_item_name_any('slot.inventory',27,'df:mp40_ammo'))"
						}
					]
				},
				"reload": {
					"animations": [
						{
							"mp40_reload_fpp": "variable.mp40"
						}
					],
					"transitions": [
						{
							"default": "q.get_equipped_item_name('main_hand')=='illager_smg'&&query.all_animations_finished"
						}
					],
					"blend_transition": 0.2
				}
			}
		},
		"controller.animation.mp40.tpp": {
			"initial_state": "default",
			"states": {
				"default": {
					"animations": [
						{
							"mp40_tpp": "variable.mp40"
						},
						{
							"newgun": "variable.mp40"
						}
					],
					"transitions": [
						{
							"reload": "q.get_equipped_item_name('main_hand')=='illager_smg_empty'&&(query.is_item_name_any('slot.hotbar',0,'df:mp40_ammo')||query.is_item_name_any('slot.hotbar',1,'df:mp40_ammo')||query.is_item_name_any('slot.hotbar',2,'df:mp40_ammo')||query.is_item_name_any('slot.hotbar',3,'df:mp40_ammo')||query.is_item_name_any('slot.hotbar',4,'df:mp40_ammo')||query.is_item_name_any('slot.hotbar',5,'df:mp40_ammo')||query.is_item_name_any('slot.hotbar',6,'df:mp40_ammo')||query.is_item_name_any('slot.hotbar',7,'df:mp40_ammo')||query.is_item_name_any('slot.hotbar',8,'df:mp40_ammo')||query.is_item_name_any('slot.inventory',0,'df:mp40_ammo')||query.is_item_name_any('slot.inventory',1,'df:mp40_ammo')||query.is_item_name_any('slot.inventory',2,'df:mp40_ammo')||query.is_item_name_any('slot.inventory',3,'df:mp40_ammo')||query.is_item_name_any('slot.inventory',4,'df:mp40_ammo')||query.is_item_name_any('slot.inventory',5,'df:mp40_ammo')||query.is_item_name_any('slot.inventory',6,'df:mp40_ammo')||query.is_item_name_any('slot.inventory',7,'df:mp40_ammo')||query.is_item_name_any('slot.inventory',8,'df:mp40_ammo')||query.is_item_name_any('slot.inventory',9,'df:mp40_ammo')||query.is_item_name_any('slot.inventory',10,'df:mp40_ammo')||query.is_item_name_any('slot.inventory',11,'df:mp40_ammo')||query.is_item_name_any('slot.inventory',12,'df:mp40_ammo')||query.is_item_name_any('slot.inventory',13,'df:mp40_ammo')||query.is_item_name_any('slot.inventory',14,'df:mp40_ammo')||query.is_item_name_any('slot.inventory',15,'df:mp40_ammo')||query.is_item_name_any('slot.inventory',16,'df:mp40_ammo')||query.is_item_name_any('slot.inventory',17,'df:mp40_ammo')||query.is_item_name_any('slot.inventory',18,'df:mp40_ammo')||query.is_item_name_any('slot.inventory',19,'df:mp40_ammo')||query.is_item_name_any('slot.inventory',20,'df:mp40_ammo')||query.is_item_name_any('slot.inventory',21,'df:mp40_ammo')||query.is_item_name_any('slot.inventory',22,'df:mp40_ammo')||query.is_item_name_any('slot.inventory',23,'df:mp40_ammo')||query.is_item_name_any('slot.inventory',24,'df:mp40_ammo')||query.is_item_name_any('slot.inventory',25,'df:mp40_ammo')||query.is_item_name_any('slot.inventory',26,'df:mp40_ammo')||query.is_item_name_any('slot.inventory',27,'df:mp40_ammo'))"
						}
					],
					"blend_transition": 0.2
				},
				"reload": {
					"animations": [
						{
							"mp40_reload_tpp": "variable.mp40"
						},
						{
							"mp40_tpp": "variable.mp40"
						}
					],
					"transitions": [
						{
							"default": "q.get_equipped_item_name('main_hand')=='illager_smg'&&query.all_animations_finished"
						}
					],
					"blend_transition": 0.2
				}
			}
		},
		"controller.animation.mp40.shooting": {
			"initial_state": "default",
			"states": {
				"default": {
					"transitions": [
						{
							"mp40_fpp": "query.get_equipped_item_name('main_hand')=='illager_smg'&&query.is_using_item"
						}
					]
				},
				"mp40_fpp": {
					"animations": [
						"mp40_shoot_fpp"
					],
					"transitions": [
						{
							"default": "query.all_animations_finished"
						}
					]
				}
			}
		}
	}
}