{
	"format_version": "1.10.0",
	"animation_controllers": {
		"controller.animation.pillager.hunter": {
			"initial_state": "default",
			"states": {
				"default": {
					"animations": [
						"holding"
					],
					"transitions": [
						{
							"ranged_hold": "query.variant==0&&query.has_target&&!query.is_admiring"
						},
						{
							"charged": "query.is_charged&&!query.is_admiring"
						},
						{
							"hand_attack": "query.variant==1&&!query.is_item_equipped&&variable.attack_time>0"
						},
						{
							"melee_attack": "query.variant==1&&query.is_item_equipped&&variable.attack_time>0"
						}
					]
				},
				"ranged_hold": {
					"animations": [
						"bow_and_arrow"
					],
					"transitions": [
						{
							"default": "!query.has_target"
						},
						{
							"charged": "query.is_charged"
						}
					],
					"blend_transition": 0.2
				},
				"charged": {
					"animations": [
						"two_hand"
					],
					"transitions": [
						{
							"default": "!query.is_charged&&!query.has_target"
						},
						{
							"ranged_hold": "!query.is_charged&&query.has_target"
						}
					],
					"blend_transition": 0.1
				},
				"melee_attack": {
					"animations": [
						"melee_attack"
					],
					"transitions": [
						{
							"default": "!query.is_item_equipped||!variable.has_target||variable.attack_time<=0"
						}
					]
				},
				"hand_attack": {
					"animations": [
						"hand_attack"
					],
					"transitions": [
						{
							"default": "query.is_item_equipped||!variable.has_target||variable.attack_time<=0"
						}
					]
				}
			}
		}
	}
}