{
	"format_version": "1.10.0",
	"animation_controllers": {
		"controller.animation.ppsh41.fpp": {
			"initial_state": "default",
			"states": {
				"default": {
					"animations": [
						{
							"ppsh41_fpp": "variable.ppsh41"
						}
					],
					"transitions": [
						{
							"aim": "variable.ppsh41&&query.is_sneaking"
						},
						{
							"reload": "q.get_equipped_item_name('main_hand')=='villager_smg_empty'&&(query.is_item_name_any('slot.hotbar',0,'df:ppsh_ammo')||query.is_item_name_any('slot.hotbar',1,'df:ppsh_ammo')||query.is_item_name_any('slot.hotbar',2,'df:ppsh_ammo')||query.is_item_name_any('slot.hotbar',3,'df:ppsh_ammo')||query.is_item_name_any('slot.hotbar',4,'df:ppsh_ammo')||query.is_item_name_any('slot.hotbar',5,'df:ppsh_ammo')||query.is_item_name_any('slot.hotbar',6,'df:ppsh_ammo')||query.is_item_name_any('slot.hotbar',7,'df:ppsh_ammo')||query.is_item_name_any('slot.hotbar',8,'df:ppsh_ammo')||query.is_item_name_any('slot.inventory',0,'df:ppsh_ammo')||query.is_item_name_any('slot.inventory',1,'df:ppsh_ammo')||query.is_item_name_any('slot.inventory',2,'df:ppsh_ammo')||query.is_item_name_any('slot.inventory',3,'df:ppsh_ammo')||query.is_item_name_any('slot.inventory',4,'df:ppsh_ammo')||query.is_item_name_any('slot.inventory',5,'df:ppsh_ammo')||query.is_item_name_any('slot.inventory',6,'df:ppsh_ammo')||query.is_item_name_any('slot.inventory',7,'df:ppsh_ammo')||query.is_item_name_any('slot.inventory',8,'df:ppsh_ammo')||query.is_item_name_any('slot.inventory',9,'df:ppsh_ammo')||query.is_item_name_any('slot.inventory',10,'df:ppsh_ammo')||query.is_item_name_any('slot.inventory',11,'df:ppsh_ammo')||query.is_item_name_any('slot.inventory',12,'df:ppsh_ammo')||query.is_item_name_any('slot.inventory',13,'df:ppsh_ammo')||query.is_item_name_any('slot.inventory',14,'df:ppsh_ammo')||query.is_item_name_any('slot.inventory',15,'df:ppsh_ammo')||query.is_item_name_any('slot.inventory',16,'df:ppsh_ammo')||query.is_item_name_any('slot.inventory',17,'df:ppsh_ammo')||query.is_item_name_any('slot.inventory',18,'df:ppsh_ammo')||query.is_item_name_any('slot.inventory',19,'df:ppsh_ammo')||query.is_item_name_any('slot.inventory',20,'df:ppsh_ammo')||query.is_item_name_any('slot.inventory',21,'df:ppsh_ammo')||query.is_item_name_any('slot.inventory',22,'df:ppsh_ammo')||query.is_item_name_any('slot.inventory',23,'df:ppsh_ammo')||query.is_item_name_any('slot.inventory',24,'df:ppsh_ammo')||query.is_item_name_any('slot.inventory',25,'df:ppsh_ammo')||query.is_item_name_any('slot.inventory',26,'df:ppsh_ammo')||query.is_item_name_any('slot.inventory',27,'df:ppsh_ammo'))"
						}
					],
					"blend_transition": 0.2
				},
				"aim": {
					"animations": [
						{
							"ppsh41_fpp_aim": "variable.ppsh41"
						}
					],
					"transitions": [
						{
							"default": "variable.ppsh41&&!query.is_sneaking"
						},
						{
							"reload": "q.get_equipped_item_name('main_hand')=='villager_smg_empty'&&(query.is_item_name_any('slot.hotbar',0,'df:ppsh_ammo')||query.is_item_name_any('slot.hotbar',1,'df:ppsh_ammo')||query.is_item_name_any('slot.hotbar',2,'df:ppsh_ammo')||query.is_item_name_any('slot.hotbar',3,'df:ppsh_ammo')||query.is_item_name_any('slot.hotbar',4,'df:ppsh_ammo')||query.is_item_name_any('slot.hotbar',5,'df:ppsh_ammo')||query.is_item_name_any('slot.hotbar',6,'df:ppsh_ammo')||query.is_item_name_any('slot.hotbar',7,'df:ppsh_ammo')||query.is_item_name_any('slot.hotbar',8,'df:ppsh_ammo')||query.is_item_name_any('slot.inventory',0,'df:ppsh_ammo')||query.is_item_name_any('slot.inventory',1,'df:ppsh_ammo')||query.is_item_name_any('slot.inventory',2,'df:ppsh_ammo')||query.is_item_name_any('slot.inventory',3,'df:ppsh_ammo')||query.is_item_name_any('slot.inventory',4,'df:ppsh_ammo')||query.is_item_name_any('slot.inventory',5,'df:ppsh_ammo')||query.is_item_name_any('slot.inventory',6,'df:ppsh_ammo')||query.is_item_name_any('slot.inventory',7,'df:ppsh_ammo')||query.is_item_name_any('slot.inventory',8,'df:ppsh_ammo')||query.is_item_name_any('slot.inventory',9,'df:ppsh_ammo')||query.is_item_name_any('slot.inventory',10,'df:ppsh_ammo')||query.is_item_name_any('slot.inventory',11,'df:ppsh_ammo')||query.is_item_name_any('slot.inventory',12,'df:ppsh_ammo')||query.is_item_name_any('slot.inventory',13,'df:ppsh_ammo')||query.is_item_name_any('slot.inventory',14,'df:ppsh_ammo')||query.is_item_name_any('slot.inventory',15,'df:ppsh_ammo')||query.is_item_name_any('slot.inventory',16,'df:ppsh_ammo')||query.is_item_name_any('slot.inventory',17,'df:ppsh_ammo')||query.is_item_name_any('slot.inventory',18,'df:ppsh_ammo')||query.is_item_name_any('slot.inventory',19,'df:ppsh_ammo')||query.is_item_name_any('slot.inventory',20,'df:ppsh_ammo')||query.is_item_name_any('slot.inventory',21,'df:ppsh_ammo')||query.is_item_name_any('slot.inventory',22,'df:ppsh_ammo')||query.is_item_name_any('slot.inventory',23,'df:ppsh_ammo')||query.is_item_name_any('slot.inventory',24,'df:ppsh_ammo')||query.is_item_name_any('slot.inventory',25,'df:ppsh_ammo')||query.is_item_name_any('slot.inventory',26,'df:ppsh_ammo')||query.is_item_name_any('slot.inventory',27,'df:ppsh_ammo'))"
						}
					]
				},
				"reload": {
					"animations": [
						{
							"ppsh41_reload_fpp": "variable.ppsh41"
						}
					],
					"transitions": [
						{
							"default": "q.get_equipped_item_name('main_hand')=='villager_smg'&&query.all_animations_finished"
						}
					],
					"blend_transition": 0.2
				}
			}
		},
		"controller.animation.ppsh41.tpp": {
			"initial_state": "default",
			"states": {
				"default": {
					"animations": [
						{
							"ppsh41_tpp": "variable.ppsh41"
						},
						{
							"newgun": "variable.ppsh41"
						}
					],
					"transitions": [
						{
							"reload": "q.get_equipped_item_name('main_hand')=='villager_smg_empty'&&(query.is_item_name_any('slot.hotbar',0,'df:ppsh_ammo')||query.is_item_name_any('slot.hotbar',1,'df:ppsh_ammo')||query.is_item_name_any('slot.hotbar',2,'df:ppsh_ammo')||query.is_item_name_any('slot.hotbar',3,'df:ppsh_ammo')||query.is_item_name_any('slot.hotbar',4,'df:ppsh_ammo')||query.is_item_name_any('slot.hotbar',5,'df:ppsh_ammo')||query.is_item_name_any('slot.hotbar',6,'df:ppsh_ammo')||query.is_item_name_any('slot.hotbar',7,'df:ppsh_ammo')||query.is_item_name_any('slot.hotbar',8,'df:ppsh_ammo')||query.is_item_name_any('slot.inventory',0,'df:ppsh_ammo')||query.is_item_name_any('slot.inventory',1,'df:ppsh_ammo')||query.is_item_name_any('slot.inventory',2,'df:ppsh_ammo')||query.is_item_name_any('slot.inventory',3,'df:ppsh_ammo')||query.is_item_name_any('slot.inventory',4,'df:ppsh_ammo')||query.is_item_name_any('slot.inventory',5,'df:ppsh_ammo')||query.is_item_name_any('slot.inventory',6,'df:ppsh_ammo')||query.is_item_name_any('slot.inventory',7,'df:ppsh_ammo')||query.is_item_name_any('slot.inventory',8,'df:ppsh_ammo')||query.is_item_name_any('slot.inventory',9,'df:ppsh_ammo')||query.is_item_name_any('slot.inventory',10,'df:ppsh_ammo')||query.is_item_name_any('slot.inventory',11,'df:ppsh_ammo')||query.is_item_name_any('slot.inventory',12,'df:ppsh_ammo')||query.is_item_name_any('slot.inventory',13,'df:ppsh_ammo')||query.is_item_name_any('slot.inventory',14,'df:ppsh_ammo')||query.is_item_name_any('slot.inventory',15,'df:ppsh_ammo')||query.is_item_name_any('slot.inventory',16,'df:ppsh_ammo')||query.is_item_name_any('slot.inventory',17,'df:ppsh_ammo')||query.is_item_name_any('slot.inventory',18,'df:ppsh_ammo')||query.is_item_name_any('slot.inventory',19,'df:ppsh_ammo')||query.is_item_name_any('slot.inventory',20,'df:ppsh_ammo')||query.is_item_name_any('slot.inventory',21,'df:ppsh_ammo')||query.is_item_name_any('slot.inventory',22,'df:ppsh_ammo')||query.is_item_name_any('slot.inventory',23,'df:ppsh_ammo')||query.is_item_name_any('slot.inventory',24,'df:ppsh_ammo')||query.is_item_name_any('slot.inventory',25,'df:ppsh_ammo')||query.is_item_name_any('slot.inventory',26,'df:ppsh_ammo')||query.is_item_name_any('slot.inventory',27,'df:ppsh_ammo'))"
						}
					],
					"blend_transition": 0.2
				},
				"reload": {
					"animations": [
						{
							"ppsh41_reload_tpp": "variable.ppsh41"
						},
						{
							"ppsh41_tpp": "variable.ppsh41"
						}
					],
					"transitions": [
						{
							"default": "q.get_equipped_item_name('main_hand')=='villager_smg'&&query.all_animations_finished"
						}
					],
					"blend_transition": 0.2
				}
			}
		},
		"controller.animation.ppsh41.shooting": {
			"initial_state": "default",
			"states": {
				"default": {
					"transitions": [
						{
							"ppsh41_fpp": "query.get_equipped_item_name('main_hand')=='villager_smg'&&query.is_using_item"
						}
					]
				},
				"ppsh41_fpp": {
					"animations": [
						"ppsh41_shoot_fpp"
					],
					"transitions": [
						{
							"default": "query.all_animations_finished"
						}
					]
				}
			}
		}
	}
}