{
	"format_version": "1.10.0",
	"animation_controllers": {
		"controller.animation.villagerspaer.attack": {
			"initial_state": "default",
			"states": {
				"default": {
					"animations": [
						"default"
					],
					"blend_transition": 0.2,
					"transitions": [
						{
							"attack": "(query.get_equipped_item_name=='halberd_wooden'||query.get_equipped_item_name=='halberd_diamond_trident'||query.get_equipped_item_name=='diamond_spear'||query.get_equipped_item_name=='iron_spear')&&query.is_delayed_attacking"
						},
						{
							"attack2": "query.get_equipped_item_name=='halberd_stone'&&query.is_delayed_attacking"
						},
						{
							"attack3": "(query.get_equipped_item_name=='halberd_iron'||query.get_equipped_item_name=='halberd_diamond'||query.get_equipped_item_name=='halberd_golden')&&query.is_delayed_attacking"
						}
					]
				},
				"attack": {
					"animations": [
						"attack"
					],
					"blend_transition": 0.3,
					"transitions": [
						{
							"default": "!query.is_delayed_attacking"
						}
					]
				},
				"attack2": {
					"animations": [
						"attack2"
					],
					"blend_transition": 0.3,
					"transitions": [
						{
							"default": "!query.is_delayed_attacking"
						}
					]
				},
				"attack3": {
					"animations": [
						"attack3"
					],
					"blend_transition": 0.3,
					"transitions": [
						{
							"default": "!query.is_delayed_attacking"
						}
					]
				}
			}
		}
	}
}