{
	"format_version": "1.10.0",
	"animation_controllers": {
		"controller.animation.stg44.fpp": {
			"initial_state": "default",
			"states": {
				"default": {
					"animations": [
						{
							"stg44_fpp": "variable.stg44"
						}
					],
					"transitions": [
						{
							"aim": "variable.stg44&&query.is_sneaking"
						},
						{
							"reload": "q.get_equipped_item_name('main_hand')=='stg44_empty'&&(query.is_item_name_any('slot.hotbar',0,'df:stg44_ammo')||query.is_item_name_any('slot.hotbar',1,'df:stg44_ammo')||query.is_item_name_any('slot.hotbar',2,'df:stg44_ammo')||query.is_item_name_any('slot.hotbar',3,'df:stg44_ammo')||query.is_item_name_any('slot.hotbar',4,'df:stg44_ammo')||query.is_item_name_any('slot.hotbar',5,'df:stg44_ammo')||query.is_item_name_any('slot.hotbar',6,'df:stg44_ammo')||query.is_item_name_any('slot.hotbar',7,'df:stg44_ammo')||query.is_item_name_any('slot.hotbar',8,'df:stg44_ammo')||query.is_item_name_any('slot.inventory',0,'df:stg44_ammo')||query.is_item_name_any('slot.inventory',1,'df:stg44_ammo')||query.is_item_name_any('slot.inventory',2,'df:stg44_ammo')||query.is_item_name_any('slot.inventory',3,'df:stg44_ammo')||query.is_item_name_any('slot.inventory',4,'df:stg44_ammo')||query.is_item_name_any('slot.inventory',5,'df:stg44_ammo')||query.is_item_name_any('slot.inventory',6,'df:stg44_ammo')||query.is_item_name_any('slot.inventory',7,'df:stg44_ammo')||query.is_item_name_any('slot.inventory',8,'df:stg44_ammo')||query.is_item_name_any('slot.inventory',9,'df:stg44_ammo')||query.is_item_name_any('slot.inventory',10,'df:stg44_ammo')||query.is_item_name_any('slot.inventory',11,'df:stg44_ammo')||query.is_item_name_any('slot.inventory',12,'df:stg44_ammo')||query.is_item_name_any('slot.inventory',13,'df:stg44_ammo')||query.is_item_name_any('slot.inventory',14,'df:stg44_ammo')||query.is_item_name_any('slot.inventory',15,'df:stg44_ammo')||query.is_item_name_any('slot.inventory',16,'df:stg44_ammo')||query.is_item_name_any('slot.inventory',17,'df:stg44_ammo')||query.is_item_name_any('slot.inventory',18,'df:stg44_ammo')||query.is_item_name_any('slot.inventory',19,'df:stg44_ammo')||query.is_item_name_any('slot.inventory',20,'df:stg44_ammo')||query.is_item_name_any('slot.inventory',21,'df:stg44_ammo')||query.is_item_name_any('slot.inventory',22,'df:stg44_ammo')||query.is_item_name_any('slot.inventory',23,'df:stg44_ammo')||query.is_item_name_any('slot.inventory',24,'df:stg44_ammo')||query.is_item_name_any('slot.inventory',25,'df:stg44_ammo')||query.is_item_name_any('slot.inventory',26,'df:stg44_ammo')||query.is_item_name_any('slot.inventory',27,'df:stg44_ammo'))"
						}
					],
					"blend_transition": 0.2
				},
				"aim": {
					"animations": [
						{
							"stg44_fpp_aim": "variable.stg44"
						}
					],
					"transitions": [
						{
							"default": "variable.stg44&&!query.is_sneaking"
						},
						{
							"reload": "q.get_equipped_item_name('main_hand')=='stg44_empty'&&(query.is_item_name_any('slot.hotbar',0,'df:stg44_ammo')||query.is_item_name_any('slot.hotbar',1,'df:stg44_ammo')||query.is_item_name_any('slot.hotbar',2,'df:stg44_ammo')||query.is_item_name_any('slot.hotbar',3,'df:stg44_ammo')||query.is_item_name_any('slot.hotbar',4,'df:stg44_ammo')||query.is_item_name_any('slot.hotbar',5,'df:stg44_ammo')||query.is_item_name_any('slot.hotbar',6,'df:stg44_ammo')||query.is_item_name_any('slot.hotbar',7,'df:stg44_ammo')||query.is_item_name_any('slot.hotbar',8,'df:stg44_ammo')||query.is_item_name_any('slot.inventory',0,'df:stg44_ammo')||query.is_item_name_any('slot.inventory',1,'df:stg44_ammo')||query.is_item_name_any('slot.inventory',2,'df:stg44_ammo')||query.is_item_name_any('slot.inventory',3,'df:stg44_ammo')||query.is_item_name_any('slot.inventory',4,'df:stg44_ammo')||query.is_item_name_any('slot.inventory',5,'df:stg44_ammo')||query.is_item_name_any('slot.inventory',6,'df:stg44_ammo')||query.is_item_name_any('slot.inventory',7,'df:stg44_ammo')||query.is_item_name_any('slot.inventory',8,'df:stg44_ammo')||query.is_item_name_any('slot.inventory',9,'df:stg44_ammo')||query.is_item_name_any('slot.inventory',10,'df:stg44_ammo')||query.is_item_name_any('slot.inventory',11,'df:stg44_ammo')||query.is_item_name_any('slot.inventory',12,'df:stg44_ammo')||query.is_item_name_any('slot.inventory',13,'df:stg44_ammo')||query.is_item_name_any('slot.inventory',14,'df:stg44_ammo')||query.is_item_name_any('slot.inventory',15,'df:stg44_ammo')||query.is_item_name_any('slot.inventory',16,'df:stg44_ammo')||query.is_item_name_any('slot.inventory',17,'df:stg44_ammo')||query.is_item_name_any('slot.inventory',18,'df:stg44_ammo')||query.is_item_name_any('slot.inventory',19,'df:stg44_ammo')||query.is_item_name_any('slot.inventory',20,'df:stg44_ammo')||query.is_item_name_any('slot.inventory',21,'df:stg44_ammo')||query.is_item_name_any('slot.inventory',22,'df:stg44_ammo')||query.is_item_name_any('slot.inventory',23,'df:stg44_ammo')||query.is_item_name_any('slot.inventory',24,'df:stg44_ammo')||query.is_item_name_any('slot.inventory',25,'df:stg44_ammo')||query.is_item_name_any('slot.inventory',26,'df:stg44_ammo')||query.is_item_name_any('slot.inventory',27,'df:stg44_ammo'))"
						}
					]
				},
				"reload": {
					"animations": [
						{
							"stg44_reload_fpp": "variable.stg44"
						}
					],
					"transitions": [
						{
							"default": "q.get_equipped_item_name('main_hand')=='stg44'&&query.all_animations_finished"
						}
					],
					"blend_transition": 0.2
				}
			}
		},
		"controller.animation.stg44.tpp": {
			"initial_state": "default",
			"states": {
				"default": {
					"animations": [
						{
							"stg44_tpp": "variable.stg44"
						},
						{
							"newgun": "variable.stg44"
						}
					],
					"transitions": [
						{
							"reload": "q.get_equipped_item_name('main_hand')=='stg44_empty'&&(query.is_item_name_any('slot.hotbar',0,'df:stg44_ammo')||query.is_item_name_any('slot.hotbar',1,'df:stg44_ammo')||query.is_item_name_any('slot.hotbar',2,'df:stg44_ammo')||query.is_item_name_any('slot.hotbar',3,'df:stg44_ammo')||query.is_item_name_any('slot.hotbar',4,'df:stg44_ammo')||query.is_item_name_any('slot.hotbar',5,'df:stg44_ammo')||query.is_item_name_any('slot.hotbar',6,'df:stg44_ammo')||query.is_item_name_any('slot.hotbar',7,'df:stg44_ammo')||query.is_item_name_any('slot.hotbar',8,'df:stg44_ammo')||query.is_item_name_any('slot.inventory',0,'df:stg44_ammo')||query.is_item_name_any('slot.inventory',1,'df:stg44_ammo')||query.is_item_name_any('slot.inventory',2,'df:stg44_ammo')||query.is_item_name_any('slot.inventory',3,'df:stg44_ammo')||query.is_item_name_any('slot.inventory',4,'df:stg44_ammo')||query.is_item_name_any('slot.inventory',5,'df:stg44_ammo')||query.is_item_name_any('slot.inventory',6,'df:stg44_ammo')||query.is_item_name_any('slot.inventory',7,'df:stg44_ammo')||query.is_item_name_any('slot.inventory',8,'df:stg44_ammo')||query.is_item_name_any('slot.inventory',9,'df:stg44_ammo')||query.is_item_name_any('slot.inventory',10,'df:stg44_ammo')||query.is_item_name_any('slot.inventory',11,'df:stg44_ammo')||query.is_item_name_any('slot.inventory',12,'df:stg44_ammo')||query.is_item_name_any('slot.inventory',13,'df:stg44_ammo')||query.is_item_name_any('slot.inventory',14,'df:stg44_ammo')||query.is_item_name_any('slot.inventory',15,'df:stg44_ammo')||query.is_item_name_any('slot.inventory',16,'df:stg44_ammo')||query.is_item_name_any('slot.inventory',17,'df:stg44_ammo')||query.is_item_name_any('slot.inventory',18,'df:stg44_ammo')||query.is_item_name_any('slot.inventory',19,'df:stg44_ammo')||query.is_item_name_any('slot.inventory',20,'df:stg44_ammo')||query.is_item_name_any('slot.inventory',21,'df:stg44_ammo')||query.is_item_name_any('slot.inventory',22,'df:stg44_ammo')||query.is_item_name_any('slot.inventory',23,'df:stg44_ammo')||query.is_item_name_any('slot.inventory',24,'df:stg44_ammo')||query.is_item_name_any('slot.inventory',25,'df:stg44_ammo')||query.is_item_name_any('slot.inventory',26,'df:stg44_ammo')||query.is_item_name_any('slot.inventory',27,'df:stg44_ammo'))"
						}
					],
					"blend_transition": 0.2
				},
				"reload": {
					"animations": [
						{
							"stg44_reload_tpp": "variable.stg44"
						},
						{
							"stg44_tpp": "variable.stg44"
						}
					],
					"transitions": [
						{
							"default": "q.get_equipped_item_name('main_hand')=='stg44'&&query.all_animations_finished"
						}
					],
					"blend_transition": 0.2
				}
			}
		},
		"controller.animation.stg44.shooting": {
			"initial_state": "default",
			"states": {
				"default": {
					"transitions": [
						{
							"stg44_fpp": "query.get_equipped_item_name('main_hand')=='stg44'&&query.is_using_item"
						}
					]
				},
				"stg44_fpp": {
					"animations": [
						"stg44_shoot"
					],
					"transitions": [
						{
							"default": "query.all_animations_finished"
						}
					]
				}
			}
		}
	}
}