{
	"format_version": "1.10.0",
	"animation_controllers": {
		"controller.animation.tommy.fpp": {
			"initial_state": "default",
			"states": {
				"default": {
					"animations": [
						{
							"tommy_fpp": "variable.tommy"
						}
					],
					"transitions": [
						{
							"aim": "variable.tommy&&query.is_sneaking"
						},
						{
							"reload": "q.get_equipped_item_name('main_hand')=='piglin_tommy_gun_empty'&&(query.is_item_name_any('slot.hotbar',0,'df:tommy_ammo')||query.is_item_name_any('slot.hotbar',1,'df:tommy_ammo')||query.is_item_name_any('slot.hotbar',2,'df:tommy_ammo')||query.is_item_name_any('slot.hotbar',3,'df:tommy_ammo')||query.is_item_name_any('slot.hotbar',4,'df:tommy_ammo')||query.is_item_name_any('slot.hotbar',5,'df:tommy_ammo')||query.is_item_name_any('slot.hotbar',6,'df:tommy_ammo')||query.is_item_name_any('slot.hotbar',7,'df:tommy_ammo')||query.is_item_name_any('slot.hotbar',8,'df:tommy_ammo')||query.is_item_name_any('slot.inventory',0,'df:tommy_ammo')||query.is_item_name_any('slot.inventory',1,'df:tommy_ammo')||query.is_item_name_any('slot.inventory',2,'df:tommy_ammo')||query.is_item_name_any('slot.inventory',3,'df:tommy_ammo')||query.is_item_name_any('slot.inventory',4,'df:tommy_ammo')||query.is_item_name_any('slot.inventory',5,'df:tommy_ammo')||query.is_item_name_any('slot.inventory',6,'df:tommy_ammo')||query.is_item_name_any('slot.inventory',7,'df:tommy_ammo')||query.is_item_name_any('slot.inventory',8,'df:tommy_ammo')||query.is_item_name_any('slot.inventory',9,'df:tommy_ammo')||query.is_item_name_any('slot.inventory',10,'df:tommy_ammo')||query.is_item_name_any('slot.inventory',11,'df:tommy_ammo')||query.is_item_name_any('slot.inventory',12,'df:tommy_ammo')||query.is_item_name_any('slot.inventory',13,'df:tommy_ammo')||query.is_item_name_any('slot.inventory',14,'df:tommy_ammo')||query.is_item_name_any('slot.inventory',15,'df:tommy_ammo')||query.is_item_name_any('slot.inventory',16,'df:tommy_ammo')||query.is_item_name_any('slot.inventory',17,'df:tommy_ammo')||query.is_item_name_any('slot.inventory',18,'df:tommy_ammo')||query.is_item_name_any('slot.inventory',19,'df:tommy_ammo')||query.is_item_name_any('slot.inventory',20,'df:tommy_ammo')||query.is_item_name_any('slot.inventory',21,'df:tommy_ammo')||query.is_item_name_any('slot.inventory',22,'df:tommy_ammo')||query.is_item_name_any('slot.inventory',23,'df:tommy_ammo')||query.is_item_name_any('slot.inventory',24,'df:tommy_ammo')||query.is_item_name_any('slot.inventory',25,'df:tommy_ammo')||query.is_item_name_any('slot.inventory',26,'df:tommy_ammo')||query.is_item_name_any('slot.inventory',27,'df:tommy_ammo'))"
						}
					],
					"blend_transition": 0.2
				},
				"aim": {
					"animations": [
						{
							"tommy_fpp_aim": "variable.tommy"
						}
					],
					"transitions": [
						{
							"default": "variable.tommy&&!query.is_sneaking"
						},
						{
							"reload": "q.get_equipped_item_name('main_hand')=='piglin_tommy_gun_empty'&&(query.is_item_name_any('slot.hotbar',0,'df:tommy_ammo')||query.is_item_name_any('slot.hotbar',1,'df:tommy_ammo')||query.is_item_name_any('slot.hotbar',2,'df:tommy_ammo')||query.is_item_name_any('slot.hotbar',3,'df:tommy_ammo')||query.is_item_name_any('slot.hotbar',4,'df:tommy_ammo')||query.is_item_name_any('slot.hotbar',5,'df:tommy_ammo')||query.is_item_name_any('slot.hotbar',6,'df:tommy_ammo')||query.is_item_name_any('slot.hotbar',7,'df:tommy_ammo')||query.is_item_name_any('slot.hotbar',8,'df:tommy_ammo')||query.is_item_name_any('slot.inventory',0,'df:tommy_ammo')||query.is_item_name_any('slot.inventory',1,'df:tommy_ammo')||query.is_item_name_any('slot.inventory',2,'df:tommy_ammo')||query.is_item_name_any('slot.inventory',3,'df:tommy_ammo')||query.is_item_name_any('slot.inventory',4,'df:tommy_ammo')||query.is_item_name_any('slot.inventory',5,'df:tommy_ammo')||query.is_item_name_any('slot.inventory',6,'df:tommy_ammo')||query.is_item_name_any('slot.inventory',7,'df:tommy_ammo')||query.is_item_name_any('slot.inventory',8,'df:tommy_ammo')||query.is_item_name_any('slot.inventory',9,'df:tommy_ammo')||query.is_item_name_any('slot.inventory',10,'df:tommy_ammo')||query.is_item_name_any('slot.inventory',11,'df:tommy_ammo')||query.is_item_name_any('slot.inventory',12,'df:tommy_ammo')||query.is_item_name_any('slot.inventory',13,'df:tommy_ammo')||query.is_item_name_any('slot.inventory',14,'df:tommy_ammo')||query.is_item_name_any('slot.inventory',15,'df:tommy_ammo')||query.is_item_name_any('slot.inventory',16,'df:tommy_ammo')||query.is_item_name_any('slot.inventory',17,'df:tommy_ammo')||query.is_item_name_any('slot.inventory',18,'df:tommy_ammo')||query.is_item_name_any('slot.inventory',19,'df:tommy_ammo')||query.is_item_name_any('slot.inventory',20,'df:tommy_ammo')||query.is_item_name_any('slot.inventory',21,'df:tommy_ammo')||query.is_item_name_any('slot.inventory',22,'df:tommy_ammo')||query.is_item_name_any('slot.inventory',23,'df:tommy_ammo')||query.is_item_name_any('slot.inventory',24,'df:tommy_ammo')||query.is_item_name_any('slot.inventory',25,'df:tommy_ammo')||query.is_item_name_any('slot.inventory',26,'df:tommy_ammo')||query.is_item_name_any('slot.inventory',27,'df:tommy_ammo'))"
						}
					]
				},
				"reload": {
					"animations": [
						{
							"tommy_reload_fpp": "variable.tommy"
						}
					],
					"transitions": [
						{
							"default": "q.get_equipped_item_name('main_hand')=='piglin_tommy_gun'&&query.all_animations_finished"
						}
					],
					"blend_transition": 0.2
				}
			}
		},
		"controller.animation.tommy.tpp": {
			"initial_state": "default",
			"states": {
				"default": {
					"animations": [
						{
							"tommy_tpp": "variable.tommy"
						},
						{
							"newgun": "variable.tommy"
						}
					],
					"transitions": [
						{
							"reload": "q.get_equipped_item_name('main_hand')=='piglin_tommy_gun_empty'&&(query.is_item_name_any('slot.hotbar',0,'df:tommy_ammo')||query.is_item_name_any('slot.hotbar',1,'df:tommy_ammo')||query.is_item_name_any('slot.hotbar',2,'df:tommy_ammo')||query.is_item_name_any('slot.hotbar',3,'df:tommy_ammo')||query.is_item_name_any('slot.hotbar',4,'df:tommy_ammo')||query.is_item_name_any('slot.hotbar',5,'df:tommy_ammo')||query.is_item_name_any('slot.hotbar',6,'df:tommy_ammo')||query.is_item_name_any('slot.hotbar',7,'df:tommy_ammo')||query.is_item_name_any('slot.hotbar',8,'df:tommy_ammo')||query.is_item_name_any('slot.inventory',0,'df:tommy_ammo')||query.is_item_name_any('slot.inventory',1,'df:tommy_ammo')||query.is_item_name_any('slot.inventory',2,'df:tommy_ammo')||query.is_item_name_any('slot.inventory',3,'df:tommy_ammo')||query.is_item_name_any('slot.inventory',4,'df:tommy_ammo')||query.is_item_name_any('slot.inventory',5,'df:tommy_ammo')||query.is_item_name_any('slot.inventory',6,'df:tommy_ammo')||query.is_item_name_any('slot.inventory',7,'df:tommy_ammo')||query.is_item_name_any('slot.inventory',8,'df:tommy_ammo')||query.is_item_name_any('slot.inventory',9,'df:tommy_ammo')||query.is_item_name_any('slot.inventory',10,'df:tommy_ammo')||query.is_item_name_any('slot.inventory',11,'df:tommy_ammo')||query.is_item_name_any('slot.inventory',12,'df:tommy_ammo')||query.is_item_name_any('slot.inventory',13,'df:tommy_ammo')||query.is_item_name_any('slot.inventory',14,'df:tommy_ammo')||query.is_item_name_any('slot.inventory',15,'df:tommy_ammo')||query.is_item_name_any('slot.inventory',16,'df:tommy_ammo')||query.is_item_name_any('slot.inventory',17,'df:tommy_ammo')||query.is_item_name_any('slot.inventory',18,'df:tommy_ammo')||query.is_item_name_any('slot.inventory',19,'df:tommy_ammo')||query.is_item_name_any('slot.inventory',20,'df:tommy_ammo')||query.is_item_name_any('slot.inventory',21,'df:tommy_ammo')||query.is_item_name_any('slot.inventory',22,'df:tommy_ammo')||query.is_item_name_any('slot.inventory',23,'df:tommy_ammo')||query.is_item_name_any('slot.inventory',24,'df:tommy_ammo')||query.is_item_name_any('slot.inventory',25,'df:tommy_ammo')||query.is_item_name_any('slot.inventory',26,'df:tommy_ammo')||query.is_item_name_any('slot.inventory',27,'df:tommy_ammo'))"
						}
					],
					"blend_transition": 0.2
				},
				"reload": {
					"animations": [
						{
							"tommy_reload_tpp": "variable.tommy"
						},
						{
							"tommy_tpp": "variable.tommy"
						}
					],
					"transitions": [
						{
							"default": "q.get_equipped_item_name('main_hand')=='piglin_tommy_gun'&&query.all_animations_finished"
						}
					],
					"blend_transition": 0.2
				}
			}
		},
		"controller.animation.tommy.shooting": {
			"initial_state": "default",
			"states": {
				"default": {
					"transitions": [
						{
							"tommy_fpp": "query.get_equipped_item_name('main_hand')=='piglin_tommy_gun'&&query.is_using_item"
						}
					]
				},
				"tommy_fpp": {
					"animations": [
						"tommy_shoot"
					],
					"transitions": [
						{
							"default": "query.all_animations_finished"
						}
					]
				}
			}
		}
	}
}