{
	"format_version": "1.10.0",
	"animation_controllers": {
		"controller.animation.villager.soldier.ranged": {
			"initial_state": "default",
			"states": {
				"ranged_charge": {
					"animations": [
						"crossbow_charge"
					],
					"transitions": [
						{
							"default": "variable.attack_state==0||query.is_admiring"
						},
						{
							"ranged_hold": "variable.attack_state==1"
						}
					]
				},
				"default": {
					"transitions": [
						{
							"ranged_hold": "query.variant==0&&variable.attack_state==1"
						},
						{
							"ranged_charge": "query.variant==0&&variable.attack_state==2"
						}
					]
				},
				"ranged_hold": {
					"animations": [
						"crossbow_hold"
					],
					"transitions": [
						{
							"default": "variable.attack_state==0"
						},
						{
							"ranged_charge": "variable.attack_state==2"
						}
					]
				}
			}
		}
	}
}