{
	"format_version": "1.10.0",
	"animation_controllers": {
		"controller.animation.musket.attack": {
			"initial_state": "default",
			"states": {
				"default": {
					"animations": [
						"stand"
					],
					"blend_transition": 0.3,
					"transitions": [
						{
							"charge": "query.is_charged&&query.has_target"
						},
						{
							"bow_and_arrow": "!query.is_charged&&query.has_target"
						}
					]
				},
				"charge": {
					"animations": [
						"charge"
					],
					"blend_transition": 0.2,
					"transitions": [
						{
							"default": "!query.is_charged&&!query.has_target"
						},
						{
							"bow_and_arrow": "!query.is_charged&&query.has_target"
						}
					]
				},
				"bow_and_arrow": {
					"animations": [
						"bow_and_arrow"
					],
					"blend_transition": 0.2,
					"transitions": [
						{
							"default": "!query.is_charged&&!query.has_target"
						},
						{
							"charge": "query.is_charged&&query.has_target"
						}
					]
				}
			}
		}
	}
}