{
	"format_version": "1.10.0",
	"animation_controllers": {
		"controller.animation.horse.attack": {
			"initial_state": "default",
			"states": {
				"default": {
					"animations": [
						"stand",
						"target"
					],
					"blend_transition": 0.2,
					"transitions": [
						{
							"attack": "query.is_delayed_attacking&&query.variant==1"
						},
						{
							"spear": "query.is_delayed_attacking&&query.variant==2"
						}
					]
				},
				"attack": {
					"animations": [
						"sword"
					],
					"blend_transition": 0.3,
					"transitions": [
						{
							"default": "!query.is_delayed_attacking"
						}
					]
				},
				"spear": {
					"animations": [
						"spear"
					],
					"blend_transition": 0.3,
					"transitions": [
						{
							"default": "!query.is_delayed_attacking"
						}
					]
				}
			}
		}
	}
}