{
	"format_version": "1.10.0",
	"animation_controllers": {
		"controller.animation.sword.attack": {
			"initial_state": "default",
			"states": {
				"default": {
					"transitions": [
						{
							"hand_attack": "variable.has_target&&query.variant==1&&!query.is_item_equipped&&variable.attack_time>=0"
						},
						{
							"melee_attack": "variable.has_target&&query.variant==1&&query.is_item_equipped&&variable.attack_time>=0"
						}
					]
				},
				"melee_attack": {
					"animations": [
						"melee_attack",
						{
							"shield": "query.is_stunned"
						}
					],
					"transitions": [
						{
							"default": "!query.is_item_equipped||!variable.has_target||variable.attack_time<0"
						}
					]
				},
				"hand_attack": {
					"animations": [
						"hand_attack",
						{
							"shield": "query.is_stunned"
						}
					],
					"transitions": [
						{
							"default": "query.is_item_equipped||!variable.has_target||variable.attack_time<0"
						}
					]
				}
			}
		}
	}
}