{
  "format_version": "1.12",
  "minecraft:recipe_shaped": {
    "description": {
      "identifier": "id11_bandana_konoha_944efd58"
    },
    "tags": [
      "crafting_table"
    ],
    "pattern": [
      " A ",
      "ABA",
      " A "
    ],
    "key": {
      "A": {
        "item": "minecraft:leaves",
        "data": 0
      },
      "B": {
        "item": "taiyo:id11_bandana_konoha",
        "data": 0
      }
    },
    "result": {
      "item": "taiyo:id11_bandana_konoha",
      "count": 1
    }
  }
}