{
	"format_version": "1.10.0",
	"animation_controllers": {
		"controller.animation.get_health": {
			"initial_state": "default",
			"states": {
				"default": {
					"transitions": [
						{"get_health": "query.health == 1"}
					]
				},
				"get_health": {
					"on_entry": ["/say nearly dead !"],
					"transitions": [
						{"default": "!q.health"}
					]
				}
			}
		},
		"controller.animation.decontruc": {
			"initial_state": "default",
			"states": {
				"default": {
					"transitions": [
						{"decontruc": "query.skin_id == 1"}
					]
				},
				"decontruc": {
					"on_entry": ["/title @p[r=5] actionbar - dinosaur forge removed -", "/playsound random.anvil_break @p"]
				}
			}
		},
		"controller.animation.dilo_spit": {
			"initial_state": "default",
			"states": {
				"default": {
					"transitions": [
						{"set": "!q.mark_variant==0"}
					]
				},
				"set": {
					"on_entry": ["/particle vl:dilo_spit ~~~"],
					"transitions": [
						{"default": "q.mark_variant==1 && q.any_animation_finished"}
					]
				}
			}
		},
		"controller.animation.dilo_spit_util": {
			"initial_state": "default",
			"states": {
				"default": {
					"transitions": [
						{"set": "(1.0)"}
					]
				},
				"set": {
					"on_entry": [
						"/particle vl:dilo_spit ~~~",
						"/effect @e[r=2,type=!vl:dilophosaurus] poison 5 5 true",
						"/effect @e[r=2,type=!vl:dilophosaurus] blindness 5 5 true",
						"/effect @e[r=2,type=!vl:dilophosaurus] nausea 5 5 true"
					],
					"transitions": [
						{"default": "(1.0)"}
					]
				}
			}
		}
	}
}