{
	"format_version": "1.10.0",
	"animation_controllers": {
		"controller.animation.velociraptor.jump_sound": {
			"initial_state": "default",
			"states": {
				"default": {
					"transitions": [
						{"play_sound": "query.is_jumping&&query.is_on_ground"}
					]
				},
				"play_sound": {
					"on_entry": ["/playsound mob.velociraptor.jump @p[r=15]"],
					"transitions": [
						{"default": "!query.is_jumping&&query.is_on_ground"}
					]
				}
			}
		},
		"controller.animation.carno_attackRandom": {
			"states": {
			  "default": {
				"transitions": [
					{"choosing": "query.is_delayed_attacking"}
				]
			  },
			  "choosing":{
				"on_entry": ["v.random_attackChoice = math.random_integer(2, 3);"],
				"transitions": [
					{"normal": "(v.random_attackChoice == 2) && query.is_delayed_attacking"},
					{"special": "(v.random_attackChoice == 3) && query.is_delayed_attacking" }
				]
			  },
			  "normal": {
				"transitions": [
					{"default": "!query.is_delayed_attacking"}
				 ]
			  },
			  "special": {
				"animations": ["headbutt"],
				"transitions": [
					{"default": "!query.is_delayed_attacking"}
				 ]
			  }
			}
		},
		"controller.animation.brachiosaurus.attack": {
			"initial_state": "default",
			"states": {
				"default": {
					"transitions": [
						{"attack": "q.is_delayed_attacking"}
					]
				},
				"attack": {
					"animations": ["stomp"],
					"transitions": [
						{"default": "!q.is_delayed_attacking && q.all_animations_finished"}
					]
				}
			}
		},
		"controller.animation.triceratops.attack": {
			"initial_state": "default",
			"states": {
				"default": {
					"transitions": [
						{"attack": "q.is_delayed_attacking"}
					]
				},
				"attack": {
					"animations": ["stomp"],
					"transitions": [
						{"default": "!q.is_delayed_attacking && q.all_animations_finished"}
					]
				}
			}
		}
	}
}