{"mob.yg_skibidi_toilet.ambient":{"max_distance":50,"sounds":["sounds/mob/skibidi"]},"mob.yg_sunglasses_toilet.ambient":{"max_distance":50,"sounds":["sounds/mob/skibidi"]},"mob.yg_police_toilet.ambient":{"max_distance":50,"sounds":["sounds/mob/skibidi"]},"mob.yg_dj_toilet.ambient":{"max_distance":50,"sounds":["sounds/mob/dj_skibidi"]},"mob.yg_holy_toilet.ambient":{"max_distance":50,"sounds":["sounds/mob/holy_skibidi"]},"mob.yg_hydra_toilet.ambient":{"max_distance":50,"sounds":["sounds/mob/hydra_skibidi"]},"mob.yg_rocket_toilet.ambient":{"max_distance":50,"sounds":["sounds/mob/hydra_skibidi"]},"mob.yg_spider_buzzsaw_toilet.ambient":{"max_distance":50,"sounds":["sounds/mob/hydra_skibidi"]},"mob.yg_double_buzzsaw_toilet.ambient":{"max_distance":50,"sounds":["sounds/mob/big_skibidi"]},"mob.yg_camo_toilet.ambient":{"max_distance":50,"sounds":["sounds/mob/big_skibidi"]},"mob.yg_professor_toilet.ambient":{"max_distance":50,"sounds":["sounds/mob/big_skibidi"]},"mob.yg_bulldozer_toilet.ambient":{"max_distance":50,"sounds":["sounds/mob/bulldozer_skibidi","sounds/mob/big_skibidi"]},"mob.yg_buzzsaw_toilet.ambient":{"max_distance":50,"sounds":["sounds/mob/big_skibidi"]},"mob.yg_gman_toilet.ambient":{"max_distance":50,"sounds":["sounds/mob/big_skibidi"]},"mob.yg_terrorist_toilet.ambient":{"max_distance":50,"sounds":["sounds/mob/big_skibidi"]},"mob.yg_triple_toilet.ambient":{"max_distance":50,"sounds":["sounds/mob/big_skibidi"]},"mob.slash.attack":{"category":"hostile","max_distance":50,"sounds":["sounds/mob/attack"]},"mob.shoot.spit":{"category":"neutral","sounds":["sounds/mob/shoot"]}}