{
  "format_version": "1.16",
  "minecraft:recipe_shaped": {
    "description": {
      "identifier": "cartography_table_from_bjuvia_planks"
    },
    "tags": [
      "crafting_table"
    ],
    "pattern": [
      "AA",
      "BB",
      "BB"
    ],
    "key": {
      "A": {
        "item": "paper"
      },
      "B": {
        "item": "pc:bjuvia_planks"
      }
    },
    "result": {
      "item": "cartography_table",
      "count": 1
    },
    "priority": 2
  }
}
