{
  "format_version": "1.16",
  "minecraft:recipe_shaped": {
    "description": {
      "identifier": "grindstone_from_bjuvia_planks2"
    },
    "tags": [
      "crafting_table"
    ],
    "pattern": [
      "ABA",
      "C C"
    ],
    "key": {
      "A": {
        "item": "stick"
      },
      "B": {
        "item": "stone_slab2"
      },
      "C": {
        "item": "pc:bjuvia_planks"
      }
    },
    "result": {
      "item": "grindstone",
      "count": 1
    },
    "priority": 2
  }
}
