{
  "mob.villager_evocation_illager.death": {
    "category": "neutral",
    "sounds": [
      "sounds/mob/villager_evocation_illager/death"
    ]
  },
  "mob.villager_evocation_illager.ambient": {
    "category": "neutral",
    "sounds": [
      "sounds/mob/villager_evocation_illager/ambient"
    ]
  },
  "mob.villager_evocation_illager.hurt": {
    "category": "neutral",
    "sounds": [
      "sounds/mob/villager_evocation_illager/hurt"
    ]
  },
  "totem_totem_of_healing_shot": {
    "category": "neutral",
    "sounds": [
      "sounds/totem_totem_of_healing_shot"
    ]
  },
  "totem_totem_of_fangs_shot": {
    "category": "neutral",
    "sounds": [
      "sounds/totem_totem_of_fangs_shot"
    ]
  }
}
