{
  "mcpe:giant_claw_toilet_block": {
    "textures": "mcpe_giant_claw_toilet_block",
    "sound": "normal"
  },
  "mcpe:cameraman_block": {
    "textures": "mcpe_cameraman_block",
    "sound": "normal"
  },
  "mcpe:gman_upgraded30_block": {
    "textures": "mcpe_gman_upgraded30_block",
    "sound": "normal"
  },
  "mcpe:fire_thrower_toilet__block": {
    "textures": "mcpe_fire_thrower_toilet__block",
    "sound": "normal"
  },
  "mcpe:titan_speakerman_upgraded_block": {
    "textures": "mcpe_titan_speakerman_upgraded_block",
    "sound": "normal"
  },
  "mcpe:titan_cameraman_upgraded_toilet": {
    "textures": "mcpe_titan_cameraman_upgraded_toilet",
    "sound": "normal"
  },
  "mcpe:giant_scientists_toilet": {
    "textures": "mcpe_giant_scientists_toilet",
    "sound": "normal"
  },
  "mcpe:titan_tvman_upgraded_toilet": {
    "textures": "mcpe_titan_tvman_upgraded_toilet",
    "sound": "normal"
  },
  "format_version": [
    1,
    1,
    0
  ]
}