{
    "format_version": "1.16.100",
    "minecraft:item": {
        "description": {
            "identifier": "vl:pachycephalosaurus_egg",
            "category": "Equipment"
        },
        "components": {
            "minecraft:creative_category": {
                "parent": "equipment"
            },
            "minecraft:display_name": {
                "value": "Pachycephalosaurus Egg"
            },
            "minecraft:icon": {
                "texture": "hatched_pachycephalosaurus_egg"
            },
            "minecraft:max_stack_size": 16
        },
        "events": {}
    }
}