{
  "pools": [
    {
      "rolls": 1,
      "entries": [
        {
          "type": "item",
          "name": "pd:beff_dinosaur",
          "weight": 1,
          "functions": [
            {
              "function": "set_count",
              "count": {
                "min": 9,
                "max": 15
                }
              },
              {
              "function": "looting_enchant",
              "count": {
                "min": 2,
                "max": 4
                }
              }
            ]
          }
        ]
      },
      {
      "rolls": 1,
      "entries": [
        {
          "type": "item",
          "name": "pd:bone_dinosaur",
          "weight": 1,
          "functions": [
            {
              "function": "set_count",
              "count": {
                "min": 4,
                "max": 7
                }
              },
              {
              "function": "looting_enchant",
              "count": {
                "min": 0,
                "max": 1
              }
            }
          ]
        }
      ]
    }
  ]
}