{
  "format_version": "1.10.0",
  "animation_controllers": {
    "controller.animation.totem_totem_of_healing": {
      "initial_state": "default",
      "states": {
        "default": {
          "transitions": [
            {
              "shoot": "query.mark_variant == 1 && query.get_equipped_item_name=='totem_of_healing' && query.item_remaining_use_duration > 0"
            }
          ]
        },
        "shoot": {
          "transitions": [
            {
              "default": "query.mark_variant == 1 && query.get_equipped_item_name=='totem_of_healing' && query.item_remaining_use_duration > 0"
            }
          ],
          "on_entry": [
            "/title @s actionbar query.item_remaining_use_duration",
            "@s totem:totem_of_healing_fire",
            "/playsound totem_totem_of_healing_shot"
          ],
          "on_exit": [
            "/title @s actionbar query.item_remaining_use_duration",
            "/clear @s totem:totem_of_healing 0 1"
          ]
        }
      }
    }
  }
}