{"format_version":"1.12.0","minecraft:geometry":[{"description":{"identifier":"geometry.yg_banbaleena","texture_width":64,"texture_height":64,"visible_bounds_width":3,"visible_bounds_height":4.5,"visible_bounds_offset":[0,1.75,0]},"bones":[{"name":"Root","pivot":[0,0,0]},{"name":"Body","parent":"Root","pivot":[0,15,0],"cubes":[{"origin":[-4,15,-2],"size":[8,8,4],"uv":[0,16]}]},{"name":"bone","parent":"Body","pivot":[0,23,0],"cubes":[{"origin":[-4,23,-2],"size":[8,6,4],"uv":[32,0]}]},{"name":"Head","parent":"bone","pivot":[0,29,0],"cubes":[{"origin":[-4,29,-4],"size":[8,8,8],"uv":[0,0]},{"origin":[1,37,-3],"size":[2,2,2],"uv":[0,0]},{"origin":[-2,36,-2.2],"size":[3,4,0],"uv":[0,4]},{"origin":[3,36,-2.2],"size":[3,4,0],"uv":[0,4],"mirror":true},{"origin":[-3.5,32.5,-4.1],"size":[2,2,0],"uv":[0,16]},{"origin":[1.5,32.5,-4.1],"size":[2,2,0],"uv":[0,16],"mirror":true},{"origin":[-4.26047,36.47721,-2],"size":[4,3,4],"pivot":[-2.26047,37.97721,0],"rotation":[0,0,-10],"uv":[36,10]},{"origin":[0.26047,36.47721,-2],"size":[4,3,4],"pivot":[2.26047,37.97721,0],"rotation":[0,0,10],"uv":[36,10],"mirror":true},{"origin":[-4.28142,39.43163,-1.5],"size":[3,3,3],"pivot":[-2.78142,40.93163,0],"rotation":[0,0,-10],"uv":[40,17]},{"origin":[1.28142,39.43163,-1.5],"size":[3,3,3],"pivot":[2.78142,40.93163,0],"rotation":[0,0,10],"uv":[40,17],"mirror":true},{"origin":[-4.73162,41.92375,0],"size":[1,3,0],"pivot":[-4.23162,43.42375,0],"rotation":[0,0,-40],"uv":[6,4]}]},{"name":"Rightarm","parent":"bone","pivot":[-4,28,0],"cubes":[{"origin":[-8,14,-2],"size":[4,15,4],"uv":[0,28]},{"origin":[-8.2,16.6,-2.2],"size":[4.4,6.8,4.4],"uv":[32,35]}]},{"name":"Leftarm","parent":"bone","pivot":[4,28,0],"cubes":[{"origin":[4,14,-2],"size":[4,15,4],"uv":[0,28],"mirror":true},{"origin":[3.8,16.6,-2.2],"size":[4.4,6.8,4.4],"uv":[32,35],"mirror":true}]},{"name":"Rightleg","parent":"Root","pivot":[-2,15,0],"cubes":[{"origin":[-4,0,-2],"size":[4,15,4],"uv":[24,16]},{"origin":[-4.2,2.6,-2.2],"size":[4.4,6.8,4.4],"uv":[16,35]}]},{"name":"Leftleg","parent":"Root","pivot":[2,15,0],"cubes":[{"origin":[0,0,-2],"size":[4,15,4],"uv":[24,16],"mirror":true},{"origin":[-0.2,2.6,-2.2],"size":[4.4,6.8,4.4],"uv":[16,35],"mirror":true}]}]}]}