{
  "format_version": "1.12.0",
  "minecraft:geometry": [
    {
      "description": {
        "identifier": "geometry.yg_captain_fiddels",
        "texture_width": 64,
        "texture_height": 64,
        "visible_bounds_width": 3,
        "visible_bounds_height": 2.5,
        "visible_bounds_offset": [
          0,
          0.75,
          0
        ]
      },
      "bones": [
        {
          "name": "Root"
        },
        {
          "name": "Body",
          "pivot": [
            0,
            10,
            0
          ],
          "cubes": [
            {
              "origin": [
                -6.0,
                12.0,
                -4.0
              ],
              "size": [
                12.0,
                11.0,
                8.0
              ],
              "uv": [
                0,
                0
              ],
              "inflate": 0
            },
            {
              "origin": [
                2.5,
                18.5,
                -4.1
              ],
              "size": [
                2.0,
                2.0,
                0.0
              ],
              "uv": [
                4,
                6
              ],
              "inflate": 0
            },
            {
              "origin": [
                -4.5,
                18.5,
                -4.1
              ],
              "size": [
                2.0,
                2.0,
                0.0
              ],
              "uv": [
                0,
                6
              ],
              "inflate": 0
            },
            {
              "origin": [
                -4.0,
                13.19547,
                -5.42417
              ],
              "size": [
                2.0,
                4.0,
                2.0
              ],
              "pivot": [
                -4.0,
                15.19547,
                -4.42417
              ],
              "rotation": [
                37.5,
                0.0,
                0.0
              ],
              "uv": [
                0,
                0
              ],
              "inflate": 0
            },
            {
              "origin": [
                2.0,
                13.19547,
                -5.42417
              ],
              "size": [
                2.0,
                4.0,
                2.0
              ],
              "pivot": [
                4.0,
                15.19547,
                -4.42417
              ],
              "rotation": [
                37.5,
                0.0,
                0.0
              ],
              "uv": [
                0,
                0
              ],
              "inflate": 0,
              "mirror": true
            },
            {
              "origin": [
                -5.0,
                9.0,
                -3.5
              ],
              "size": [
                10.0,
                3.0,
                7.0
              ],
              "uv": [
                0,
                19
              ],
              "inflate": 0
            }
          ],
          "parent": "Root"
        },
        {
          "name": "Rightarm",
          "pivot": [
            -6,
            18,
            0
          ],
          "cubes": [
            {
              "origin": [
                -9.0,
                12.0,
                -2.0
              ],
              "size": [
                3.0,
                8.0,
                4.0
              ],
              "uv": [
                16,
                29
              ],
              "inflate": 0
            },
            {
              "origin": [
                -9.24,
                4.6,
                -2.24
              ],
              "size": [
                3.48,
                7.8,
                4.48
              ],
              "uv": [
                30,
                25
              ],
              "inflate": 0
            }
          ],
          "parent": "Body"
        },
        {
          "name": "Leftarm",
          "pivot": [
            6,
            18,
            0
          ],
          "cubes": [
            {
              "origin": [
                6.0,
                12.0,
                -2.0
              ],
              "size": [
                3.0,
                8.0,
                4.0
              ],
              "uv": [
                16,
                29
              ],
              "inflate": 0,
              "mirror": true
            },
            {
              "origin": [
                5.76,
                4.6,
                -2.24
              ],
              "size": [
                3.48,
                7.8,
                4.48
              ],
              "uv": [
                30,
                25
              ],
              "inflate": 0,
              "mirror": true
            }
          ],
          "parent": "Body"
        },
        {
          "name": "Rightleg",
          "pivot": [
            -4,
            10,
            0
          ],
          "cubes": [
            {
              "origin": [
                -6.0,
                6.0,
                -2.0
              ],
              "size": [
                4.0,
                4.0,
                4.0
              ],
              "uv": [
                32,
                0
              ],
              "inflate": 0
            },
            {
              "origin": [
                -6.2,
                -0.25,
                -2.2
              ],
              "size": [
                4.4,
                6.5,
                4.4
              ],
              "uv": [
                0,
                29
              ],
              "inflate": 0
            }
          ],
          "parent": "Root"
        },
        {
          "name": "Leftleg",
          "pivot": [
            4,
            10,
            0
          ],
          "cubes": [
            {
              "origin": [
                2.0,
                6.0,
                -2.0
              ],
              "size": [
                4.0,
                4.0,
                4.0
              ],
              "uv": [
                32,
                0
              ],
              "inflate": 0,
              "mirror": true
            },
            {
              "origin": [
                1.8,
                -0.25,
                -2.2
              ],
              "size": [
                4.4,
                6.5,
                4.4
              ],
              "uv": [
                0,
                29
              ],
              "inflate": 0,
              "mirror": true
            }
          ],
          "parent": "Root"
        }
      ]
    }
  ]
}