{
  "format_version": "1.12.0",
  "minecraft:geometry": [
    {
      "description": {
        "identifier": "geometry.yg_drone_track",
        "texture_width": 32,
        "texture_height": 32,
        "visible_bounds_width": 2,
        "visible_bounds_height": 2.5,
        "visible_bounds_offset": [
          0,
          0.75,
          0
        ]
      },
      "bones": [
        {
          "name": "Root",
          "cubes": [
            {
              "origin": [
                -3.0,
                0.0,
                0.0
              ],
              "size": [
                6.0,
                8.0,
                1.0
              ],
              "uv": [
                0,
                8
              ],
              "inflate": 0
            },
            {
              "origin": [
                -1.0,
                8.0,
                0.0
              ],
              "size": [
                2.0,
                3.0,
                1.0
              ],
              "uv": [
                14,
                11
              ],
              "inflate": 0
            },
            {
              "origin": [
                -1.5,
                11.0,
                0.0
              ],
              "size": [
                3.0,
                2.0,
                1.0
              ],
              "uv": [
                14,
                8
              ],
              "inflate": 0
            }
          ]
        },
        {
          "name": "bone",
          "pivot": [
            0,
            18,
            0.5
          ],
          "cubes": [
            {
              "origin": [
                -5.0,
                14.0,
                0.5
              ],
              "size": [
                10.0,
                8.0,
                0.0
              ],
              "uv": [
                0,
                0
              ],
              "inflate": 0
            }
          ],
          "parent": "Root"
        }
      ]
    }
  ]
}