{
  "format_version": "1.12.0",
  "minecraft:geometry": [
    {
      "description": {
        "identifier": "geometry.yg_hijacked_banban",
        "texture_width": 64,
        "texture_height": 64,
        "visible_bounds_width": 3,
        "visible_bounds_height": 4.5,
        "visible_bounds_offset": [
          0,
          1.75,
          0
        ]
      },
      "bones": [
        {
          "name": "Root"
        },
        {
          "name": "Body",
          "pivot": [
            0,
            15,
            0
          ],
          "cubes": [
            {
              "origin": [
                -4.0,
                15.0,
                -2.0
              ],
              "size": [
                8.0,
                8.0,
                4.0
              ],
              "uv": [
                0,
                16
              ],
              "inflate": 0
            }
          ],
          "parent": "Root"
        },
        {
          "name": "bone",
          "pivot": [
            0,
            23,
            0
          ],
          "cubes": [
            {
              "origin": [
                -4.4,
                22.7,
                -2.2
              ],
              "size": [
                8.8,
                6.6,
                4.4
              ],
              "uv": [
                32,
                0
              ],
              "inflate": 0
            }
          ],
          "parent": "Body"
        },
        {
          "name": "Head",
          "pivot": [
            0,
            29,
            0
          ],
          "cubes": [
            {
              "origin": [
                -4.0,
                29.0,
                -4.0
              ],
              "size": [
                8.0,
                8.0,
                8.0
              ],
              "uv": [
                0,
                0
              ],
              "inflate": 0
            },
            {
              "origin": [
                -5.0,
                27.0,
                -4.1
              ],
              "size": [
                10.0,
                6.0,
                0.0
              ],
              "uv": [
                32,
                10
              ],
              "inflate": 0
            },
            {
              "origin": [
                -4.26047,
                36.47721,
                -2.0
              ],
              "size": [
                4.0,
                3.0,
                4.0
              ],
              "pivot": [
                -2.26047,
                37.97721,
                0.0
              ],
              "rotation": [
                0.0,
                0.0,
                -10.0
              ],
              "uv": [
                40,
                16
              ],
              "inflate": 0
            },
            {
              "origin": [
                0.26047,
                36.47721,
                -2.0
              ],
              "size": [
                4.0,
                3.0,
                4.0
              ],
              "pivot": [
                2.26047,
                37.97721,
                0.0
              ],
              "rotation": [
                0.0,
                0.0,
                10.0
              ],
              "uv": [
                40,
                16
              ],
              "inflate": 0,
              "mirror": true
            },
            {
              "origin": [
                -4.28142,
                39.43163,
                -1.5
              ],
              "size": [
                3.0,
                3.0,
                3.0
              ],
              "pivot": [
                -2.78142,
                40.93163,
                0.0
              ],
              "rotation": [
                0.0,
                0.0,
                -10.0
              ],
              "uv": [
                40,
                23
              ],
              "inflate": 0
            },
            {
              "origin": [
                1.28142,
                39.43163,
                -1.5
              ],
              "size": [
                3.0,
                3.0,
                3.0
              ],
              "pivot": [
                2.78142,
                40.93163,
                0.0
              ],
              "rotation": [
                0.0,
                0.0,
                10.0
              ],
              "uv": [
                40,
                23
              ],
              "inflate": 0,
              "mirror": true
            },
            {
              "origin": [
                -4.73162,
                41.92375,
                0.0
              ],
              "size": [
                1.0,
                3.0,
                0.0
              ],
              "pivot": [
                -4.23162,
                43.42375,
                0.0
              ],
              "rotation": [
                0.0,
                0.0,
                -40.0
              ],
              "uv": [
                0,
                0
              ],
              "inflate": 0
            }
          ],
          "parent": "bone"
        },
        {
          "name": "Rightarm",
          "pivot": [
            -4,
            28,
            0
          ],
          "cubes": [
            {
              "origin": [
                -8.0,
                14.0,
                -2.0
              ],
              "size": [
                4.0,
                15.0,
                4.0
              ],
              "uv": [
                0,
                28
              ],
              "inflate": 0
            },
            {
              "origin": [
                -8.2,
                16.6,
                -2.2
              ],
              "size": [
                4.4,
                6.8,
                4.4
              ],
              "uv": [
                32,
                35
              ],
              "inflate": 0
            }
          ],
          "parent": "bone"
        },
        {
          "name": "Leftarm",
          "pivot": [
            4,
            28,
            0
          ],
          "cubes": [
            {
              "origin": [
                4.0,
                14.0,
                -2.0
              ],
              "size": [
                4.0,
                15.0,
                4.0
              ],
              "uv": [
                0,
                28
              ],
              "inflate": 0,
              "mirror": true
            },
            {
              "origin": [
                3.8,
                16.6,
                -2.2
              ],
              "size": [
                4.4,
                6.8,
                4.4
              ],
              "uv": [
                32,
                35
              ],
              "inflate": 0,
              "mirror": true
            }
          ],
          "parent": "bone"
        },
        {
          "name": "Rightleg",
          "pivot": [
            -2,
            15,
            0
          ],
          "cubes": [
            {
              "origin": [
                -4.0,
                0.0,
                -2.0
              ],
              "size": [
                4.0,
                15.0,
                4.0
              ],
              "uv": [
                24,
                16
              ],
              "inflate": 0
            },
            {
              "origin": [
                -4.2,
                2.6,
                -2.2
              ],
              "size": [
                4.4,
                6.8,
                4.4
              ],
              "uv": [
                16,
                35
              ],
              "inflate": 0
            }
          ],
          "parent": "Root"
        },
        {
          "name": "Leftleg",
          "pivot": [
            2,
            15,
            0
          ],
          "cubes": [
            {
              "origin": [
                0.0,
                0.0,
                -2.0
              ],
              "size": [
                4.0,
                15.0,
                4.0
              ],
              "uv": [
                24,
                16
              ],
              "inflate": 0,
              "mirror": true
            },
            {
              "origin": [
                -0.2,
                2.6,
                -2.2
              ],
              "size": [
                4.4,
                6.8,
                4.4
              ],
              "uv": [
                16,
                35
              ],
              "inflate": 0,
              "mirror": true
            }
          ],
          "parent": "Root"
        }
      ]
    }
  ]
}