{
  "format_version": "1.12.0",
  "minecraft:geometry": [
    {
      "description": {
        "identifier": "geometry.yg_jumbo_josh",
        "texture_width": 128,
        "texture_height": 128,
        "visible_bounds_width": 4,
        "visible_bounds_height": 4.5,
        "visible_bounds_offset": [
          0,
          1.75,
          0
        ]
      },
      "bones": [
        {
          "name": "Root",
          "pivot": [
            0,
            1,
            -11
          ]
        },
        {
          "name": "Body",
          "pivot": [
            0,
            19,
            12
          ],
          "cubes": [
            {
              "origin": [
                -7.5,
                16.77379,
                -7.84125
              ],
              "size": [
                15.0,
                14.0,
                10.0
              ],
              "pivot": [
                0.0,
                23.77379,
                -2.84125
              ],
              "rotation": [
                57.5,
                0.0,
                0.0
              ],
              "uv": [
                48,
                43
              ],
              "inflate": 0
            },
            {
              "origin": [
                -8.5,
                13.16662,
                1.78513
              ],
              "size": [
                17.0,
                14.0,
                12.0
              ],
              "pivot": [
                0.0,
                20.16662,
                7.78513
              ],
              "rotation": [
                85.0,
                0.0,
                0.0
              ],
              "uv": [
                0,
                27
              ],
              "inflate": 0
            }
          ],
          "parent": "Root"
        },
        {
          "name": "bone",
          "pivot": [
            0,
            26.5,
            -7.5
          ],
          "cubes": [
            {
              "origin": [
                -7.0,
                24.34712,
                -13.74471
              ],
              "size": [
                14.0,
                14.0,
                9.0
              ],
              "pivot": [
                0.0,
                31.34712,
                -9.24471
              ],
              "rotation": [
                17.5,
                0.0,
                0.0
              ],
              "uv": [
                0,
                53
              ],
              "inflate": 0
            }
          ],
          "parent": "Body"
        },
        {
          "name": "Head",
          "pivot": [
            0,
            37,
            -11
          ],
          "cubes": [
            {
              "origin": [
                -11.0,
                37.0,
                -17.0
              ],
              "size": [
                22.0,
                16.0,
                11.0
              ],
              "uv": [
                0,
                0
              ],
              "inflate": 0
            },
            {
              "origin": [
                -7.5,
                46.5,
                -17.1
              ],
              "size": [
                3.0,
                3.0,
                0.0
              ],
              "uv": [
                0,
                0
              ],
              "inflate": 0
            },
            {
              "origin": [
                4.5,
                46.5,
                -17.1
              ],
              "size": [
                3.0,
                3.0,
                0.0
              ],
              "uv": [
                0,
                0
              ],
              "inflate": 0,
              "mirror": true
            }
          ],
          "parent": "bone"
        },
        {
          "name": "Rightarm",
          "pivot": [
            -7,
            33,
            -10
          ],
          "cubes": [
            {
              "origin": [
                -13.0,
                22.0,
                -13.0
              ],
              "size": [
                6.0,
                13.0,
                6.0
              ],
              "uv": [
                28,
                85
              ],
              "inflate": 0
            },
            {
              "origin": [
                -13.78,
                7.31,
                -13.78
              ],
              "size": [
                7.56,
                15.38,
                7.56
              ],
              "uv": [
                74,
                67
              ],
              "inflate": 0
            },
            {
              "origin": [
                -13.4779,
                0.03422,
                -15.0
              ],
              "size": [
                9.0,
                8.0,
                10.0
              ],
              "pivot": [
                -8.9779,
                4.03422,
                -10.0
              ],
              "rotation": [
                0.0,
                0.0,
                -7.5
              ],
              "uv": [
                36,
                67
              ],
              "inflate": 0
            }
          ],
          "parent": "bone"
        },
        {
          "name": "Leftarm",
          "pivot": [
            7,
            33,
            -10
          ],
          "cubes": [
            {
              "origin": [
                7.0,
                22.0,
                -13.0
              ],
              "size": [
                6.0,
                13.0,
                6.0
              ],
              "uv": [
                28,
                85
              ],
              "inflate": 0,
              "mirror": true
            },
            {
              "origin": [
                6.22,
                7.31,
                -13.78
              ],
              "size": [
                7.56,
                15.38,
                7.56
              ],
              "uv": [
                74,
                67
              ],
              "inflate": 0,
              "mirror": true
            },
            {
              "origin": [
                4.4779,
                0.03422,
                -15.0
              ],
              "size": [
                9.0,
                8.0,
                10.0
              ],
              "pivot": [
                8.9779,
                4.03422,
                -10.0
              ],
              "rotation": [
                0.0,
                0.0,
                7.5
              ],
              "uv": [
                56,
                17
              ],
              "inflate": 0
            }
          ],
          "parent": "bone"
        },
        {
          "name": "Rightleg",
          "pivot": [
            -7,
            16,
            10.5
          ],
          "cubes": [
            {
              "origin": [
                -10.0,
                8.0,
                7.0
              ],
              "size": [
                7.0,
                9.0,
                7.0
              ],
              "uv": [
                0,
                76
              ],
              "inflate": 0
            },
            {
              "origin": [
                -10.49,
                -0.56,
                6.51
              ],
              "size": [
                7.98,
                9.12,
                7.98
              ],
              "uv": [
                66,
                0
              ],
              "inflate": 0
            }
          ],
          "parent": "Root"
        },
        {
          "name": "Leftleg",
          "pivot": [
            7,
            16,
            10.5
          ],
          "cubes": [
            {
              "origin": [
                3.0,
                8.0,
                7.0
              ],
              "size": [
                7.0,
                9.0,
                7.0
              ],
              "uv": [
                0,
                76
              ],
              "inflate": 0,
              "mirror": true
            },
            {
              "origin": [
                2.51,
                -0.56,
                6.51
              ],
              "size": [
                7.98,
                9.12,
                7.98
              ],
              "uv": [
                66,
                0
              ],
              "inflate": 0,
              "mirror": true
            }
          ],
          "parent": "Root"
        }
      ]
    }
  ]
}