{
  "format_version": "1.12.0",
  "minecraft:geometry": [
    {
      "description": {
        "identifier": "geometry.yg_kittysaurus",
        "texture_width": 128,
        "texture_height": 128,
        "visible_bounds_width": 7,
        "visible_bounds_height": 3.5,
        "visible_bounds_offset": [
          0,
          1.25,
          0
        ]
      },
      "bones": [
        {
          "name": "Root"
        },
        {
          "name": "Body",
          "pivot": [
            0,
            16,
            9
          ],
          "cubes": [
            {
              "origin": [
                -3.0,
                20.70187,
                -11.92836
              ],
              "size": [
                6.0,
                6.0,
                10.0
              ],
              "pivot": [
                0.0,
                23.70187,
                -6.92836
              ],
              "rotation": [
                -40.0,
                0.0,
                0.0
              ],
              "uv": [
                0,
                23
              ],
              "inflate": 0
            },
            {
              "origin": [
                -4.0,
                15.0,
                -7.0
              ],
              "size": [
                8.0,
                8.0,
                4.0
              ],
              "uv": [
                0,
                56
              ],
              "inflate": 0
            },
            {
              "origin": [
                -5.0,
                13.52064,
                -4.02093
              ],
              "size": [
                10.0,
                10.0,
                13.0
              ],
              "pivot": [
                0.0,
                18.52064,
                2.47907
              ],
              "rotation": [
                -5.0,
                0.0,
                0.0
              ],
              "uv": [
                0,
                0
              ],
              "inflate": 0
            },
            {
              "origin": [
                -4.0,
                13.8234,
                8.94863
              ],
              "size": [
                8.0,
                8.0,
                3.0
              ],
              "pivot": [
                0.0,
                17.8234,
                10.44863
              ],
              "rotation": [
                -5.0,
                0.0,
                0.0
              ],
              "uv": [
                64,
                55
              ],
              "inflate": 0
            }
          ],
          "parent": "Root"
        },
        {
          "name": "bone8",
          "pivot": [
            0,
            18,
            12
          ],
          "cubes": [
            {
              "origin": [
                -3.0,
                14.34404,
                11.9277
              ],
              "size": [
                6.0,
                6.0,
                8.0
              ],
              "pivot": [
                0.0,
                17.34404,
                15.9277
              ],
              "rotation": [
                -5.0,
                0.0,
                0.0
              ],
              "uv": [
                38,
                15
              ],
              "inflate": 0
            }
          ],
          "parent": "Body"
        },
        {
          "name": "bone5",
          "pivot": [
            0,
            17,
            20
          ],
          "cubes": [
            {
              "origin": [
                -2.5,
                14.14679,
                19.89726
              ],
              "size": [
                5.0,
                5.0,
                8.0
              ],
              "pivot": [
                0.0,
                16.64679,
                23.89726
              ],
              "rotation": [
                -5.0,
                0.0,
                0.0
              ],
              "uv": [
                22,
                46
              ],
              "inflate": 0
            }
          ],
          "parent": "bone8"
        },
        {
          "name": "bone6",
          "pivot": [
            0,
            16.5,
            28
          ],
          "cubes": [
            {
              "origin": [
                -2.0,
                13.94955,
                27.86681
              ],
              "size": [
                4.0,
                4.0,
                8.0
              ],
              "pivot": [
                0.0,
                15.94955,
                31.86681
              ],
              "rotation": [
                -5.0,
                0.0,
                0.0
              ],
              "uv": [
                40,
                55
              ],
              "inflate": 0
            }
          ],
          "parent": "bone5"
        },
        {
          "name": "bone7",
          "pivot": [
            0,
            15.5,
            36
          ],
          "cubes": [
            {
              "origin": [
                -1.5,
                13.7523,
                35.83637
              ],
              "size": [
                3.0,
                3.0,
                8.0
              ],
              "pivot": [
                0.0,
                15.2523,
                39.83637
              ],
              "rotation": [
                -5.0,
                0.0,
                0.0
              ],
              "uv": [
                57,
                2
              ],
              "inflate": 0
            }
          ],
          "parent": "bone6"
        },
        {
          "name": "Head",
          "pivot": [
            0,
            27,
            -9
          ],
          "cubes": [
            {
              "origin": [
                -4.0,
                25.0,
                -17.0
              ],
              "size": [
                8.0,
                7.0,
                8.0
              ],
              "uv": [
                24,
                31
              ],
              "inflate": 0
            },
            {
              "origin": [
                -3.5,
                24.0,
                -17.0
              ],
              "size": [
                7.0,
                1.0,
                7.0
              ],
              "uv": [
                48,
                47
              ],
              "inflate": 0
            },
            {
              "origin": [
                -2.5,
                24.0,
                -19.0
              ],
              "size": [
                5.0,
                1.0,
                2.0
              ],
              "uv": [
                33,
                10
              ],
              "inflate": 0
            },
            {
              "origin": [
                -5.86603,
                30.23205,
                -14.0
              ],
              "size": [
                3.0,
                4.0,
                2.0
              ],
              "pivot": [
                -4.36603,
                32.23205,
                -13.0
              ],
              "rotation": [
                0.0,
                0.0,
                -30.0
              ],
              "uv": [
                0,
                7
              ],
              "inflate": 0
            },
            {
              "origin": [
                2.86603,
                30.23205,
                -14.0
              ],
              "size": [
                3.0,
                4.0,
                2.0
              ],
              "pivot": [
                4.36603,
                32.23205,
                -13.0
              ],
              "rotation": [
                0.0,
                0.0,
                30.0
              ],
              "uv": [
                0,
                7
              ],
              "inflate": 0,
              "mirror": true
            },
            {
              "origin": [
                -6.61603,
                33.89711,
                -13.5
              ],
              "size": [
                2.0,
                1.0,
                1.0
              ],
              "pivot": [
                -5.61603,
                34.39711,
                -13.0
              ],
              "rotation": [
                0.0,
                0.0,
                -30.0
              ],
              "uv": [
                22,
                30
              ],
              "inflate": 0
            },
            {
              "origin": [
                4.61603,
                33.89711,
                -13.5
              ],
              "size": [
                2.0,
                1.0,
                1.0
              ],
              "pivot": [
                5.61603,
                34.39711,
                -13.0
              ],
              "rotation": [
                0.0,
                0.0,
                30.0
              ],
              "uv": [
                22,
                30
              ],
              "inflate": 0,
              "mirror": true
            },
            {
              "origin": [
                -5.86546,
                24.91855,
                -17.0
              ],
              "size": [
                2.0,
                3.0,
                7.0
              ],
              "pivot": [
                -4.86546,
                26.41855,
                -13.5
              ],
              "rotation": [
                0.0,
                0.0,
                -5.0
              ],
              "uv": [
                57,
                66
              ],
              "inflate": 0
            },
            {
              "origin": [
                3.86546,
                24.91855,
                -17.0
              ],
              "size": [
                2.0,
                3.0,
                7.0
              ],
              "pivot": [
                4.86546,
                26.41855,
                -13.5
              ],
              "rotation": [
                0.0,
                0.0,
                5.0
              ],
              "uv": [
                57,
                66
              ],
              "inflate": 0,
              "mirror": true
            },
            {
              "origin": [
                -3.0,
                24.81704,
                -19.79138
              ],
              "size": [
                6.0,
                3.0,
                3.0
              ],
              "pivot": [
                0.0,
                26.31704,
                -18.2914
              ],
              "rotation": [
                7.5,
                0.0,
                0.0
              ],
              "uv": [
                64,
                37
              ],
              "inflate": 0
            },
            {
              "origin": [
                -1.28,
                26.53796,
                -20.05335
              ],
              "size": [
                2.56,
                1.28,
                1.28
              ],
              "pivot": [
                0.0,
                27.17796,
                -19.41335
              ],
              "rotation": [
                7.5,
                0.0,
                0.0
              ],
              "uv": [
                0,
                30
              ],
              "inflate": 0
            }
          ],
          "parent": "Body"
        },
        {
          "name": "Jaw",
          "pivot": [
            0,
            25,
            -9
          ],
          "cubes": [
            {
              "origin": [
                -4.0,
                23.0,
                -17.0
              ],
              "size": [
                8.0,
                2.0,
                8.0
              ],
              "uv": [
                33,
                0
              ],
              "inflate": 0
            },
            {
              "origin": [
                -2.0,
                25.0,
                -18.0
              ],
              "size": [
                4.0,
                1.0,
                9.0
              ],
              "uv": [
                47,
                37
              ],
              "inflate": 0
            },
            {
              "origin": [
                -3.5,
                25.0,
                -17.0
              ],
              "size": [
                7.0,
                1.0,
                7.0
              ],
              "uv": [
                48,
                29
              ],
              "inflate": 0
            },
            {
              "origin": [
                -3.0,
                23.0,
                -19.0
              ],
              "size": [
                6.0,
                2.0,
                2.0
              ],
              "uv": [
                22,
                23
              ],
              "inflate": 0
            },
            {
              "origin": [
                -2.5,
                25.0,
                -19.0
              ],
              "size": [
                5.0,
                1.0,
                2.0
              ],
              "uv": [
                22,
                27
              ],
              "inflate": 0
            }
          ],
          "parent": "Head"
        },
        {
          "name": "Rightarm",
          "pivot": [
            -3,
            15,
            -5
          ],
          "cubes": [
            {
              "origin": [
                -4.0,
                11.0,
                -6.0
              ],
              "size": [
                2.0,
                4.0,
                2.0
              ],
              "uv": [
                33,
                0
              ],
              "inflate": 0
            }
          ],
          "parent": "Body"
        },
        {
          "name": "bone",
          "pivot": [
            -3,
            11,
            -5
          ],
          "cubes": [
            {
              "origin": [
                -4.14,
                5.65,
                -6.14
              ],
              "size": [
                2.28,
                5.7,
                2.28
              ],
              "uv": [
                0,
                23
              ],
              "inflate": 0
            }
          ],
          "parent": "Rightarm"
        },
        {
          "name": "Leftarm",
          "pivot": [
            3,
            15,
            -5
          ],
          "cubes": [
            {
              "origin": [
                2.0,
                11.0,
                -6.0
              ],
              "size": [
                2.0,
                4.0,
                2.0
              ],
              "uv": [
                33,
                0
              ],
              "inflate": 0,
              "mirror": true
            }
          ],
          "parent": "Body"
        },
        {
          "name": "bone2",
          "pivot": [
            3,
            11,
            -5
          ],
          "cubes": [
            {
              "origin": [
                1.86,
                5.65,
                -6.14
              ],
              "size": [
                2.28,
                5.7,
                2.28
              ],
              "uv": [
                0,
                23
              ],
              "inflate": 0,
              "mirror": true
            }
          ],
          "parent": "Leftarm"
        },
        {
          "name": "Rightleg",
          "pivot": [
            -4,
            17,
            9
          ],
          "cubes": [
            {
              "origin": [
                -8.0,
                8.15376,
                3.46719
              ],
              "size": [
                5.0,
                11.0,
                6.0
              ],
              "pivot": [
                -5.5,
                13.65376,
                6.46719
              ],
              "rotation": [
                -32.19524,
                0.0,
                0.0
              ],
              "uv": [
                0,
                39
              ],
              "inflate": 0
            }
          ],
          "parent": "Root"
        },
        {
          "name": "bone3",
          "pivot": [
            -5.5,
            10.5,
            7
          ],
          "cubes": [
            {
              "origin": [
                -7.0,
                1.10667,
                4.02602
              ],
              "size": [
                3.0,
                10.0,
                4.0
              ],
              "pivot": [
                -5.5,
                6.10667,
                6.02602
              ],
              "rotation": [
                -12.5,
                0.0,
                0.0
              ],
              "uv": [
                24,
                59
              ],
              "inflate": 0
            },
            {
              "origin": [
                -8.0,
                0.0,
                2.0
              ],
              "size": [
                5.0,
                3.0,
                5.0
              ],
              "uv": [
                58,
                13
              ],
              "inflate": 0
            },
            {
              "origin": [
                -8.60141,
                0.0,
                -1.90743
              ],
              "size": [
                2.0,
                3.0,
                4.0
              ],
              "pivot": [
                -7.60141,
                1.5,
                0.09257
              ],
              "rotation": [
                0.0,
                17.5,
                0.0
              ],
              "uv": [
                0,
                0
              ],
              "inflate": 0
            },
            {
              "origin": [
                -4.39859,
                0.0,
                -1.90743
              ],
              "size": [
                2.0,
                3.0,
                4.0
              ],
              "pivot": [
                -3.39859,
                1.5,
                0.09257
              ],
              "rotation": [
                0.0,
                -17.5,
                0.0
              ],
              "uv": [
                0,
                0
              ],
              "inflate": 0
            },
            {
              "origin": [
                -6.5,
                0.0,
                -2.0
              ],
              "size": [
                2.0,
                3.0,
                4.0
              ],
              "uv": [
                0,
                0
              ],
              "inflate": 0
            }
          ],
          "parent": "Rightleg"
        },
        {
          "name": "Leftleg",
          "pivot": [
            4,
            17,
            9
          ],
          "cubes": [
            {
              "origin": [
                3.0,
                8.15376,
                3.46719
              ],
              "size": [
                5.0,
                11.0,
                6.0
              ],
              "pivot": [
                5.5,
                13.65376,
                6.46719
              ],
              "rotation": [
                -32.19524,
                0.0,
                0.0
              ],
              "uv": [
                0,
                39
              ],
              "inflate": 0,
              "mirror": true
            }
          ],
          "parent": "Root"
        },
        {
          "name": "bone4",
          "pivot": [
            5.5,
            10.5,
            7
          ],
          "cubes": [
            {
              "origin": [
                4.0,
                1.10667,
                4.02602
              ],
              "size": [
                3.0,
                10.0,
                4.0
              ],
              "pivot": [
                5.5,
                6.10667,
                6.02602
              ],
              "rotation": [
                -12.5,
                0.0,
                0.0
              ],
              "uv": [
                24,
                59
              ],
              "inflate": 0,
              "mirror": true
            },
            {
              "origin": [
                3.0,
                0.0,
                2.0
              ],
              "size": [
                5.0,
                3.0,
                5.0
              ],
              "uv": [
                58,
                13
              ],
              "inflate": 0,
              "mirror": true
            },
            {
              "origin": [
                6.60141,
                0.0,
                -1.90743
              ],
              "size": [
                2.0,
                3.0,
                4.0
              ],
              "pivot": [
                7.60141,
                1.5,
                0.09257
              ],
              "rotation": [
                0.0,
                -17.5,
                0.0
              ],
              "uv": [
                0,
                0
              ],
              "inflate": 0,
              "mirror": true
            },
            {
              "origin": [
                2.39859,
                0.0,
                -1.90743
              ],
              "size": [
                2.0,
                3.0,
                4.0
              ],
              "pivot": [
                3.39859,
                1.5,
                0.09257
              ],
              "rotation": [
                0.0,
                17.5,
                0.0
              ],
              "uv": [
                0,
                0
              ],
              "inflate": 0,
              "mirror": true
            },
            {
              "origin": [
                4.5,
                0.0,
                -2.0
              ],
              "size": [
                2.0,
                3.0,
                4.0
              ],
              "uv": [
                0,
                0
              ],
              "inflate": 0,
              "mirror": true
            }
          ],
          "parent": "Leftleg"
        }
      ]
    }
  ]
}