{
  "format_version": "1.12.0",
  "minecraft:geometry": [
    {
      "description": {
        "identifier": "geometry.yg_mutant_opila_bird",
        "texture_width": 256,
        "texture_height": 256,
        "visible_bounds_width": 10,
        "visible_bounds_height": 4.5,
        "visible_bounds_offset": [
          0,
          1.75,
          0
        ]
      },
      "bones": [
        {
          "name": "Root"
        },
        {
          "name": "Body",
          "pivot": [
            0,
            22,
            10
          ],
          "cubes": [
            {
              "origin": [
                -5.0,
                18.0,
                -10.0
              ],
              "size": [
                11.0,
                11.0,
                5.0
              ],
              "uv": [
                61,
                64
              ],
              "inflate": 0
            },
            {
              "origin": [
                -6.0,
                17.0,
                -5.0
              ],
              "size": [
                13.0,
                13.0,
                14.0
              ],
              "uv": [
                0,
                29
              ],
              "inflate": 0
            },
            {
              "origin": [
                -5.0,
                18.0,
                9.0
              ],
              "size": [
                11.0,
                11.0,
                6.0
              ],
              "uv": [
                0,
                0
              ],
              "inflate": 0
            },
            {
              "origin": [
                -4.0,
                18.47579,
                13.99176
              ],
              "size": [
                9.0,
                9.0,
                7.0
              ],
              "pivot": [
                0.5,
                22.97579,
                17.49176
              ],
              "rotation": [
                -10.0,
                0.0,
                0.0
              ],
              "uv": [
                29,
                64
              ],
              "inflate": 0
            },
            {
              "origin": [
                0.52133,
                17.90509,
                15.69334
              ],
              "size": [
                0.0,
                13.0,
                18.0
              ],
              "pivot": [
                0.52133,
                24.40509,
                24.69334
              ],
              "rotation": [
                -29.91828,
                0.47926,
                -1.83708
              ],
              "uv": [
                0,
                38
              ],
              "inflate": 0
            }
          ],
          "parent": "Root"
        },
        {
          "name": "bone3",
          "pivot": [
            0.5,
            24.19454,
            -7.78241
          ],
          "cubes": [
            {
              "origin": [
                -2.0,
                31.70521,
                -19.59176
              ],
              "size": [
                5.0,
                11.0,
                5.0
              ],
              "pivot": [
                0.5,
                37.20521,
                -17.09176
              ],
              "rotation": [
                35.0,
                0.0,
                0.0
              ],
              "uv": [
                43,
                80
              ],
              "inflate": 0
            },
            {
              "origin": [
                -2.55,
                22.70454,
                -13.83241
              ],
              "size": [
                6.1,
                10.98,
                6.1
              ],
              "pivot": [
                0.5,
                28.19454,
                -10.78241
              ],
              "rotation": [
                35.0,
                0.0,
                0.0
              ],
              "uv": [
                0,
                69
              ],
              "inflate": 0
            }
          ],
          "parent": "Body"
        },
        {
          "name": "Head",
          "pivot": [
            0.5,
            39.12844,
            -18.03805
          ],
          "cubes": [
            {
              "origin": [
                -3.5,
                36.0,
                -26.0
              ],
              "size": [
                8.0,
                8.0,
                8.0
              ],
              "uv": [
                46,
                48
              ],
              "inflate": 0
            },
            {
              "origin": [
                0.5,
                42.47547,
                -23.01584
              ],
              "size": [
                0.0,
                8.0,
                11.0
              ],
              "pivot": [
                0.0,
                46.47547,
                -17.51584
              ],
              "rotation": [
                -15.0,
                0.0,
                0.0
              ],
              "uv": [
                0,
                6
              ],
              "inflate": 0
            },
            {
              "origin": [
                -5.15164,
                40.0,
                -25.18088
              ],
              "size": [
                2.0,
                3.0,
                3.0
              ],
              "pivot": [
                -4.15164,
                41.5,
                -23.68088
              ],
              "rotation": [
                0.0,
                -12.5,
                0.0
              ],
              "uv": [
                36,
                56
              ],
              "inflate": 0
            },
            {
              "origin": [
                4.15164,
                40.0,
                -25.18088
              ],
              "size": [
                2.0,
                3.0,
                3.0
              ],
              "pivot": [
                5.15164,
                41.5,
                -23.68088
              ],
              "rotation": [
                0.0,
                12.5,
                0.0
              ],
              "uv": [
                36,
                56
              ],
              "inflate": 0,
              "mirror": true
            },
            {
              "origin": [
                -2.5,
                37.21599,
                -31.94691
              ],
              "size": [
                6.0,
                4.0,
                7.0
              ],
              "pivot": [
                0.0,
                39.21599,
                -28.44691
              ],
              "rotation": [
                -5.0,
                0.0,
                0.0
              ],
              "uv": [
                17,
                80
              ],
              "inflate": 0
            },
            {
              "origin": [
                -1.5,
                36.92129,
                -36.37302
              ],
              "size": [
                4.0,
                3.0,
                5.0
              ],
              "pivot": [
                0.0,
                38.42129,
                -33.87302
              ],
              "rotation": [
                15.0,
                0.0,
                0.0
              ],
              "uv": [
                80,
                83
              ],
              "inflate": 0
            }
          ],
          "parent": "bone3"
        },
        {
          "name": "Jaw",
          "pivot": [
            0,
            37,
            -25
          ],
          "cubes": [
            {
              "origin": [
                -2.0,
                35.0,
                -31.0
              ],
              "size": [
                5.0,
                2.0,
                6.0
              ],
              "uv": [
                63,
                80
              ],
              "inflate": 0
            },
            {
              "origin": [
                -1.0,
                35.12693,
                -33.90714
              ],
              "size": [
                3.0,
                2.0,
                3.0
              ],
              "pivot": [
                0.0,
                36.12693,
                -32.40714
              ],
              "rotation": [
                -5.0,
                0.0,
                0.0
              ],
              "uv": [
                28,
                0
              ],
              "inflate": 0
            }
          ],
          "parent": "Head"
        },
        {
          "name": "Rightwing",
          "pivot": [
            -5,
            27,
            -2
          ],
          "cubes": [
            {
              "origin": [
                -30.97615,
                26.0,
                -5.27262
              ],
              "size": [
                26.0,
                2.0,
                2.0
              ],
              "pivot": [
                -17.97615,
                27.0,
                -4.27262
              ],
              "rotation": [
                0.0,
                -10.0,
                0.0
              ],
              "uv": [
                54,
                43
              ],
              "inflate": 0
            },
            {
              "origin": [
                -65.30046,
                27.0,
                -8.27561
              ],
              "size": [
                57.0,
                0.0,
                43.0
              ],
              "pivot": [
                -36.80046,
                27.0,
                13.22439
              ],
              "rotation": [
                0.0,
                -10.0,
                0.0
              ],
              "uv": [
                0,
                0
              ],
              "inflate": 0
            },
            {
              "origin": [
                -54.67439,
                26.0,
                -1.62511
              ],
              "size": [
                26.0,
                2.0,
                2.0
              ],
              "pivot": [
                -41.67439,
                27.0,
                -0.62511
              ],
              "rotation": [
                0.0,
                27.5,
                0.0
              ],
              "uv": [
                54,
                43
              ],
              "inflate": 0
            },
            {
              "origin": [
                -65.74402,
                26.0,
                10.4462
              ],
              "size": [
                16.0,
                2.0,
                2.0
              ],
              "pivot": [
                -57.74402,
                27.0,
                11.4462
              ],
              "rotation": [
                0.0,
                52.5,
                0.0
              ],
              "uv": [
                0,
                25
              ],
              "inflate": 0
            }
          ],
          "parent": "Body"
        },
        {
          "name": "Leftwing",
          "pivot": [
            5,
            27,
            -2
          ],
          "cubes": [
            {
              "origin": [
                4.97615,
                26.0,
                -5.27262
              ],
              "size": [
                26.0,
                2.0,
                2.0
              ],
              "pivot": [
                17.97615,
                27.0,
                -4.27262
              ],
              "rotation": [
                0.0,
                10.0,
                0.0
              ],
              "uv": [
                54,
                43
              ],
              "inflate": 0,
              "mirror": true
            },
            {
              "origin": [
                8.30046,
                27.0,
                -8.27561
              ],
              "size": [
                57.0,
                0.0,
                43.0
              ],
              "pivot": [
                36.80046,
                27.0,
                13.22439
              ],
              "rotation": [
                0.0,
                10.0,
                0.0
              ],
              "uv": [
                0,
                0
              ],
              "inflate": 0,
              "mirror": true
            },
            {
              "origin": [
                28.67439,
                26.0,
                -1.62511
              ],
              "size": [
                26.0,
                2.0,
                2.0
              ],
              "pivot": [
                41.67439,
                27.0,
                -0.62511
              ],
              "rotation": [
                0.0,
                -27.5,
                0.0
              ],
              "uv": [
                54,
                43
              ],
              "inflate": 0,
              "mirror": true
            },
            {
              "origin": [
                49.74402,
                26.0,
                10.4462
              ],
              "size": [
                16.0,
                2.0,
                2.0
              ],
              "pivot": [
                57.74402,
                27.0,
                11.4462
              ],
              "rotation": [
                0.0,
                -52.5,
                0.0
              ],
              "uv": [
                0,
                25
              ],
              "inflate": 0,
              "mirror": true
            }
          ],
          "parent": "Body"
        },
        {
          "name": "Rightleg",
          "pivot": [
            -4,
            21,
            9
          ],
          "cubes": [
            {
              "origin": [
                -7.8,
                12.72339,
                3.70569
              ],
              "size": [
                4.0,
                11.0,
                6.0
              ],
              "pivot": [
                -5.8,
                18.22339,
                6.70569
              ],
              "rotation": [
                -35.0,
                0.0,
                0.0
              ],
              "uv": [
                78,
                47
              ],
              "inflate": 0
            }
          ],
          "parent": "Root"
        },
        {
          "name": "bone",
          "pivot": [
            -6,
            15.5,
            8
          ],
          "cubes": [
            {
              "origin": [
                -7.50005,
                7.73982,
                5.35237
              ],
              "size": [
                3.3,
                8.8,
                3.3
              ],
              "pivot": [
                -5.85005,
                12.13982,
                7.00237
              ],
              "rotation": [
                -12.46287,
                0.54321,
                0.83916
              ],
              "uv": [
                0,
                85
              ],
              "inflate": 0
            },
            {
              "origin": [
                -7.47862,
                0.81872,
                5.33406
              ],
              "size": [
                3.0,
                10.0,
                3.0
              ],
              "pivot": [
                -5.97862,
                5.81872,
                6.83406
              ],
              "rotation": [
                -19.96287,
                0.54321,
                0.83916
              ],
              "uv": [
                0,
                29
              ],
              "inflate": 0
            },
            {
              "origin": [
                -8.5,
                0.0,
                2.0
              ],
              "size": [
                5.0,
                2.0,
                5.0
              ],
              "uv": [
                22,
                17
              ],
              "inflate": 0
            },
            {
              "origin": [
                -8.9479,
                0.48602,
                -0.659
              ],
              "size": [
                2.0,
                2.0,
                3.0
              ],
              "pivot": [
                -7.9479,
                1.48602,
                0.841
              ],
              "rotation": [
                -21.17283,
                18.74724,
                -7.09597
              ],
              "uv": [
                54,
                64
              ],
              "inflate": 0
            },
            {
              "origin": [
                -9.09788,
                0.40229,
                -2.62376
              ],
              "size": [
                1.0,
                2.0,
                3.0
              ],
              "pivot": [
                -8.59788,
                1.40229,
                -1.12376
              ],
              "rotation": [
                21.32717,
                18.74724,
                -7.09597
              ],
              "uv": [
                34,
                5
              ],
              "inflate": 0
            },
            {
              "origin": [
                -3.90212,
                0.40229,
                -2.62376
              ],
              "size": [
                1.0,
                2.0,
                3.0
              ],
              "pivot": [
                -3.40212,
                1.40229,
                -1.12376
              ],
              "rotation": [
                21.32717,
                -18.74724,
                7.09597
              ],
              "uv": [
                34,
                5
              ],
              "inflate": 0
            },
            {
              "origin": [
                -5.0521,
                0.48602,
                -0.659
              ],
              "size": [
                2.0,
                2.0,
                3.0
              ],
              "pivot": [
                -4.0521,
                1.48602,
                0.841
              ],
              "rotation": [
                -21.17283,
                -18.74724,
                7.09597
              ],
              "uv": [
                54,
                64
              ],
              "inflate": 0
            },
            {
              "origin": [
                -7.0,
                0.45272,
                -0.56752
              ],
              "size": [
                2.0,
                2.0,
                3.0
              ],
              "pivot": [
                -6.0,
                1.45272,
                0.93248
              ],
              "rotation": [
                -20.0,
                0.0,
                0.0
              ],
              "uv": [
                54,
                64
              ],
              "inflate": 0
            },
            {
              "origin": [
                -6.5,
                0.2561,
                -2.36283
              ],
              "size": [
                1.0,
                2.0,
                3.0
              ],
              "pivot": [
                -6.0,
                1.2561,
                -0.86283
              ],
              "rotation": [
                32.5,
                0.0,
                0.0
              ],
              "uv": [
                34,
                5
              ],
              "inflate": 0
            }
          ],
          "parent": "Rightleg"
        },
        {
          "name": "Leftleg",
          "pivot": [
            4,
            21,
            9
          ],
          "cubes": [
            {
              "origin": [
                3.8,
                12.72339,
                3.70569
              ],
              "size": [
                4.0,
                11.0,
                6.0
              ],
              "pivot": [
                5.8,
                18.22339,
                6.70569
              ],
              "rotation": [
                -35.0,
                0.0,
                0.0
              ],
              "uv": [
                78,
                47
              ],
              "inflate": 0,
              "mirror": true
            }
          ],
          "parent": "Root"
        },
        {
          "name": "bone2",
          "pivot": [
            6,
            15.5,
            8
          ],
          "cubes": [
            {
              "origin": [
                4.20005,
                7.73982,
                5.35237
              ],
              "size": [
                3.3,
                8.8,
                3.3
              ],
              "pivot": [
                5.85005,
                12.13982,
                7.00237
              ],
              "rotation": [
                -12.46287,
                -0.54321,
                -0.83916
              ],
              "uv": [
                0,
                85
              ],
              "inflate": 0,
              "mirror": true
            },
            {
              "origin": [
                4.47862,
                0.81872,
                5.33406
              ],
              "size": [
                3.0,
                10.0,
                3.0
              ],
              "pivot": [
                5.97862,
                5.81872,
                6.83406
              ],
              "rotation": [
                -19.96287,
                -0.54321,
                -0.83916
              ],
              "uv": [
                0,
                29
              ],
              "inflate": 0,
              "mirror": true
            },
            {
              "origin": [
                3.5,
                0.0,
                2.0
              ],
              "size": [
                5.0,
                2.0,
                5.0
              ],
              "uv": [
                22,
                17
              ],
              "inflate": 0,
              "mirror": true
            },
            {
              "origin": [
                6.9479,
                0.48602,
                -0.659
              ],
              "size": [
                2.0,
                2.0,
                3.0
              ],
              "pivot": [
                7.9479,
                1.48602,
                0.841
              ],
              "rotation": [
                -21.17283,
                -18.74724,
                7.09597
              ],
              "uv": [
                54,
                64
              ],
              "inflate": 0,
              "mirror": true
            },
            {
              "origin": [
                8.09788,
                0.40229,
                -2.62376
              ],
              "size": [
                1.0,
                2.0,
                3.0
              ],
              "pivot": [
                8.59788,
                1.40229,
                -1.12376
              ],
              "rotation": [
                21.32717,
                -18.74724,
                7.09597
              ],
              "uv": [
                34,
                5
              ],
              "inflate": 0,
              "mirror": true
            },
            {
              "origin": [
                2.90212,
                0.40229,
                -2.62376
              ],
              "size": [
                1.0,
                2.0,
                3.0
              ],
              "pivot": [
                3.40212,
                1.40229,
                -1.12376
              ],
              "rotation": [
                21.32717,
                18.74724,
                -7.09597
              ],
              "uv": [
                34,
                5
              ],
              "inflate": 0,
              "mirror": true
            },
            {
              "origin": [
                3.0521,
                0.48602,
                -0.659
              ],
              "size": [
                2.0,
                2.0,
                3.0
              ],
              "pivot": [
                4.0521,
                1.48602,
                0.841
              ],
              "rotation": [
                -21.17283,
                18.74724,
                -7.09597
              ],
              "uv": [
                54,
                64
              ],
              "inflate": 0,
              "mirror": true
            },
            {
              "origin": [
                5.0,
                0.45272,
                -0.56752
              ],
              "size": [
                2.0,
                2.0,
                3.0
              ],
              "pivot": [
                6.0,
                1.45272,
                0.93248
              ],
              "rotation": [
                -20.0,
                0.0,
                0.0
              ],
              "uv": [
                54,
                64
              ],
              "inflate": 0,
              "mirror": true
            },
            {
              "origin": [
                5.5,
                0.2561,
                -2.36283
              ],
              "size": [
                1.0,
                2.0,
                3.0
              ],
              "pivot": [
                6.0,
                1.2561,
                -0.86283
              ],
              "rotation": [
                32.5,
                0.0,
                0.0
              ],
              "uv": [
                34,
                5
              ],
              "inflate": 0,
              "mirror": true
            }
          ],
          "parent": "Leftleg"
        }
      ]
    }
  ]
}