{
  "format_version": "1.12.0",
  "minecraft:geometry": [
    {
      "description": {
        "identifier": "geometry.yg_nabnab",
        "texture_width": 64,
        "texture_height": 64,
        "visible_bounds_width": 2,
        "visible_bounds_height": 4.5,
        "visible_bounds_offset": [
          0,
          1.75,
          0
        ]
      },
      "bones": [
        {
          "name": "Root"
        },
        {
          "name": "Body",
          "pivot": [
            0,
            23,
            0
          ],
          "cubes": [
            {
              "origin": [
                -5.0,
                23.0,
                -3.0
              ],
              "size": [
                10.0,
                14.0,
                6.0
              ],
              "uv": [
                0,
                0
              ],
              "inflate": 0
            },
            {
              "origin": [
                -4.0,
                20.01903,
                -3.43578
              ],
              "size": [
                8.0,
                9.0,
                0.0
              ],
              "pivot": [
                -1.0,
                24.01903,
                -3.43578
              ],
              "rotation": [
                -5.0,
                0.0,
                0.0
              ],
              "uv": [
                28,
                29
              ],
              "inflate": 0
            },
            {
              "origin": [
                -4.0,
                11.11021,
                -2.91616
              ],
              "size": [
                8.0,
                9.0,
                0.0
              ],
              "pivot": [
                -1.0,
                15.11021,
                -2.91616
              ],
              "rotation": [
                10.0,
                0.0,
                0.0
              ],
              "uv": [
                28,
                20
              ],
              "inflate": 0
            },
            {
              "origin": [
                -4.0,
                37.0,
                -3.0
              ],
              "size": [
                8.0,
                6.0,
                6.0
              ],
              "uv": [
                0,
                20
              ],
              "inflate": 0
            },
            {
              "origin": [
                -0.5,
                40.5,
                -3.1
              ],
              "size": [
                1.0,
                1.0,
                0.0
              ],
              "uv": [
                0,
                20
              ],
              "inflate": 0
            },
            {
              "origin": [
                -2.5,
                37.5,
                -3.1
              ],
              "size": [
                1.0,
                1.0,
                0.0
              ],
              "uv": [
                0,
                20
              ],
              "inflate": 0
            },
            {
              "origin": [
                1.5,
                37.5,
                -3.1
              ],
              "size": [
                1.0,
                1.0,
                0.0
              ],
              "uv": [
                0,
                20
              ],
              "inflate": 0
            },
            {
              "origin": [
                -2.0,
                43.0,
                -2.0
              ],
              "size": [
                4.0,
                3.0,
                4.0
              ],
              "uv": [
                0,
                32
              ],
              "inflate": 0
            },
            {
              "origin": [
                -1.5,
                46.0,
                -1.5
              ],
              "size": [
                3.0,
                3.0,
                3.0
              ],
              "uv": [
                32,
                12
              ],
              "inflate": 0
            }
          ],
          "parent": "Root"
        },
        {
          "name": "Rightarm",
          "pivot": [
            -5,
            34,
            0
          ],
          "cubes": [
            {
              "origin": [
                -7.28,
                24.74,
                -1.28
              ],
              "size": [
                2.56,
                10.52,
                2.56
              ],
              "uv": [
                32,
                0
              ],
              "inflate": 0
            }
          ],
          "parent": "Body"
        },
        {
          "name": "bone",
          "pivot": [
            -6,
            24.5,
            0
          ],
          "cubes": [
            {
              "origin": [
                -7.0,
                16.0,
                -1.0
              ],
              "size": [
                2.0,
                9.0,
                2.0
              ],
              "uv": [
                16,
                32
              ],
              "inflate": 0
            },
            {
              "origin": [
                -6.73305,
                12.56249,
                -0.5
              ],
              "size": [
                2.0,
                5.0,
                1.0
              ],
              "pivot": [
                0.26695,
                15.56249,
                0.0
              ],
              "rotation": [
                0.0,
                0.0,
                -12.5
              ],
              "uv": [
                0,
                0
              ],
              "inflate": 0
            }
          ],
          "parent": "Rightarm"
        },
        {
          "name": "Leftarm",
          "pivot": [
            5,
            34,
            0
          ],
          "cubes": [
            {
              "origin": [
                4.72,
                24.74,
                -1.28
              ],
              "size": [
                2.56,
                10.52,
                2.56
              ],
              "uv": [
                32,
                0
              ],
              "inflate": 0,
              "mirror": true
            }
          ],
          "parent": "Body"
        },
        {
          "name": "bone3",
          "pivot": [
            6,
            24.5,
            0
          ],
          "cubes": [
            {
              "origin": [
                5.0,
                16.0,
                -1.0
              ],
              "size": [
                2.0,
                9.0,
                2.0
              ],
              "uv": [
                16,
                32
              ],
              "inflate": 0,
              "mirror": true
            },
            {
              "origin": [
                4.73305,
                12.56249,
                -0.5
              ],
              "size": [
                2.0,
                5.0,
                1.0
              ],
              "pivot": [
                -0.26695,
                15.56249,
                0.0
              ],
              "rotation": [
                0.0,
                0.0,
                12.5
              ],
              "uv": [
                0,
                0
              ],
              "inflate": 0,
              "mirror": true
            }
          ],
          "parent": "Leftarm"
        },
        {
          "name": "Rightleg",
          "pivot": [
            -3,
            23,
            0
          ],
          "cubes": [
            {
              "origin": [
                -4.28,
                12.74,
                -1.28
              ],
              "size": [
                2.56,
                10.52,
                2.56
              ],
              "uv": [
                32,
                0
              ],
              "inflate": 0
            }
          ],
          "parent": "Root"
        },
        {
          "name": "bone2",
          "pivot": [
            -3,
            12.5,
            0
          ],
          "cubes": [
            {
              "origin": [
                -4.0,
                4.0,
                -1.0
              ],
              "size": [
                2.0,
                9.0,
                2.0
              ],
              "uv": [
                16,
                32
              ],
              "inflate": 0
            },
            {
              "origin": [
                -3.73305,
                0.56249,
                -0.5
              ],
              "size": [
                2.0,
                5.0,
                1.0
              ],
              "pivot": [
                3.26695,
                3.56249,
                0.0
              ],
              "rotation": [
                0.0,
                0.0,
                -12.5
              ],
              "uv": [
                0,
                0
              ],
              "inflate": 0
            }
          ],
          "parent": "Rightleg"
        },
        {
          "name": "Leftleg",
          "pivot": [
            3,
            23,
            0
          ],
          "cubes": [
            {
              "origin": [
                1.72,
                12.74,
                -1.28
              ],
              "size": [
                2.56,
                10.52,
                2.56
              ],
              "uv": [
                32,
                0
              ],
              "inflate": 0,
              "mirror": true
            }
          ],
          "parent": "Root"
        },
        {
          "name": "bone4",
          "pivot": [
            3,
            12.5,
            0
          ],
          "cubes": [
            {
              "origin": [
                2.0,
                4.0,
                -1.0
              ],
              "size": [
                2.0,
                9.0,
                2.0
              ],
              "uv": [
                16,
                32
              ],
              "inflate": 0,
              "mirror": true
            },
            {
              "origin": [
                1.73305,
                0.56249,
                -0.5
              ],
              "size": [
                2.0,
                5.0,
                1.0
              ],
              "pivot": [
                -3.26695,
                3.56249,
                0.0
              ],
              "rotation": [
                0.0,
                0.0,
                12.5
              ],
              "uv": [
                0,
                0
              ],
              "inflate": 0,
              "mirror": true
            }
          ],
          "parent": "Leftleg"
        }
      ]
    }
  ]
}