{
  "format_version": "1.12.0",
  "minecraft:geometry": [
    {
      "description": {
        "identifier": "geometry.yg_opila_bird",
        "texture_width": 128,
        "texture_height": 128,
        "visible_bounds_width": 4,
        "visible_bounds_height": 4.5,
        "visible_bounds_offset": [
          0,
          1.75,
          0
        ]
      },
      "bones": [
        {
          "name": "Root"
        },
        {
          "name": "Body",
          "pivot": [
            0,
            15,
            2
          ],
          "cubes": [
            {
              "origin": [
                -5.0,
                15.0,
                -5.0
              ],
              "size": [
                10.0,
                10.0,
                13.0
              ],
              "uv": [
                0,
                0
              ],
              "inflate": 0
            },
            {
              "origin": [
                -4.0,
                15.47965,
                6.38076
              ],
              "size": [
                8.0,
                8.0,
                5.0
              ],
              "pivot": [
                0.0,
                19.47965,
                8.88076
              ],
              "rotation": [
                -17.5,
                0.0,
                0.0
              ],
              "uv": [
                32,
                23
              ],
              "inflate": 0
            },
            {
              "origin": [
                0.0,
                18.44528,
                10.15696
              ],
              "size": [
                0.0,
                1.0,
                6.0
              ],
              "pivot": [
                0.0,
                18.94528,
                13.15696
              ],
              "rotation": [
                -5.0,
                0.0,
                0.0
              ],
              "uv": [
                24,
                17
              ],
              "inflate": 0
            },
            {
              "origin": [
                0.07564,
                19.36144,
                9.93317
              ],
              "size": [
                0.0,
                1.0,
                6.0
              ],
              "pivot": [
                0.07564,
                19.86144,
                12.93317
              ],
              "rotation": [
                22.35023,
                0.90135,
                2.97799
              ],
              "uv": [
                24,
                17
              ],
              "inflate": 0
            },
            {
              "origin": [
                -0.02039,
                17.51695,
                9.92834
              ],
              "size": [
                0.0,
                1.0,
                6.0
              ],
              "pivot": [
                -0.02039,
                18.01695,
                12.92834
              ],
              "rotation": [
                -32.64977,
                0.90135,
                2.97799
              ],
              "uv": [
                24,
                17
              ],
              "inflate": 0
            }
          ],
          "parent": "Root"
        },
        {
          "name": "bone",
          "pivot": [
            0,
            20,
            -3
          ],
          "cubes": [
            {
              "origin": [
                -3.0,
                18.0,
                -7.0
              ],
              "size": [
                6.0,
                12.0,
                5.0
              ],
              "uv": [
                27,
                36
              ],
              "inflate": 0
            }
          ],
          "parent": "Body"
        },
        {
          "name": "Head",
          "pivot": [
            0,
            29,
            -5
          ],
          "cubes": [
            {
              "origin": [
                -4.0,
                29.0,
                -9.0
              ],
              "size": [
                8.0,
                8.0,
                8.0
              ],
              "uv": [
                0,
                23
              ],
              "inflate": 0
            },
            {
              "origin": [
                -3.5,
                33.5,
                -9.1
              ],
              "size": [
                2.0,
                2.0,
                0.0
              ],
              "uv": [
                6,
                0
              ],
              "inflate": 0
            },
            {
              "origin": [
                1.5,
                33.5,
                -9.1
              ],
              "size": [
                2.0,
                2.0,
                0.0
              ],
              "uv": [
                6,
                0
              ],
              "inflate": 0,
              "mirror": true
            },
            {
              "origin": [
                -0.5,
                36.87939,
                -4.31596
              ],
              "size": [
                1.0,
                4.0,
                0.0
              ],
              "pivot": [
                0.0,
                38.87939,
                -4.31596
              ],
              "rotation": [
                -20.0,
                0.0,
                0.0
              ],
              "uv": [
                8,
                2
              ],
              "inflate": 0
            },
            {
              "origin": [
                -1.64715,
                36.5395,
                -4.43967
              ],
              "size": [
                1.0,
                4.0,
                0.0
              ],
              "pivot": [
                -1.14715,
                38.5395,
                -4.43967
              ],
              "rotation": [
                -16.60179,
                -11.31335,
                -33.34411
              ],
              "uv": [
                8,
                2
              ],
              "inflate": 0
            },
            {
              "origin": [
                0.71752,
                36.49102,
                -4.45731
              ],
              "size": [
                1.0,
                4.0,
                0.0
              ],
              "pivot": [
                1.21752,
                38.49102,
                -4.45731
              ],
              "rotation": [
                -16.10644,
                12.0174,
                35.79355
              ],
              "uv": [
                8,
                2
              ],
              "inflate": 0
            },
            {
              "origin": [
                -3.0,
                29.0,
                -16.0
              ],
              "size": [
                6.0,
                4.0,
                7.0
              ],
              "uv": [
                33,
                0
              ],
              "inflate": 0
            }
          ],
          "parent": "bone"
        },
        {
          "name": "bone2",
          "pivot": [
            0,
            28.5,
            -8
          ],
          "cubes": [
            {
              "origin": [
                -2.0,
                28.0,
                -14.0
              ],
              "size": [
                4.0,
                1.0,
                6.0
              ],
              "uv": [
                46,
                11
              ],
              "inflate": 0
            }
          ],
          "parent": "Head"
        },
        {
          "name": "Rightwing",
          "pivot": [
            -5,
            19.5,
            -3
          ],
          "cubes": [
            {
              "origin": [
                -7.0,
                16.0,
                -3.0
              ],
              "size": [
                2.0,
                7.0,
                7.0
              ],
              "uv": [
                0,
                39
              ],
              "inflate": 0
            },
            {
              "origin": [
                -7.0,
                17.0,
                4.0
              ],
              "size": [
                2.0,
                5.0,
                4.0
              ],
              "uv": [
                49,
                36
              ],
              "inflate": 0
            }
          ],
          "parent": "Body"
        },
        {
          "name": "Leftwing",
          "pivot": [
            5,
            19.5,
            -3
          ],
          "cubes": [
            {
              "origin": [
                5.0,
                16.0,
                -3.0
              ],
              "size": [
                2.0,
                7.0,
                7.0
              ],
              "uv": [
                0,
                39
              ],
              "inflate": 0,
              "mirror": true
            },
            {
              "origin": [
                5.0,
                17.0,
                4.0
              ],
              "size": [
                2.0,
                5.0,
                4.0
              ],
              "uv": [
                49,
                36
              ],
              "inflate": 0,
              "mirror": true
            }
          ],
          "parent": "Body"
        },
        {
          "name": "Rightleg",
          "pivot": [
            -3,
            15,
            2
          ],
          "cubes": [
            {
              "origin": [
                -4.32,
                11.52,
                0.68
              ],
              "size": [
                2.64,
                3.96,
                2.64
              ],
              "uv": [
                0,
                23
              ],
              "inflate": 0
            },
            {
              "origin": [
                -4.0,
                1.0,
                1.0
              ],
              "size": [
                2.0,
                11.0,
                2.0
              ],
              "uv": [
                0,
                0
              ],
              "inflate": 0
            },
            {
              "origin": [
                -5.0,
                0.0,
                0.0
              ],
              "size": [
                4.0,
                2.0,
                4.0
              ],
              "uv": [
                11,
                39
              ],
              "inflate": 0
            },
            {
              "origin": [
                -4.0,
                0.0,
                -4.0
              ],
              "size": [
                2.0,
                2.0,
                7.0
              ],
              "uv": [
                11,
                46
              ],
              "inflate": 0
            },
            {
              "origin": [
                -5.14715,
                0.0,
                -3.6383
              ],
              "size": [
                2.0,
                2.0,
                7.0
              ],
              "pivot": [
                -4.14715,
                1.0,
                -0.1383
              ],
              "rotation": [
                0.0,
                35.0,
                0.0
              ],
              "uv": [
                11,
                46
              ],
              "inflate": 0
            },
            {
              "origin": [
                -2.9254,
                0.0,
                -3.68678
              ],
              "size": [
                2.0,
                2.0,
                7.0
              ],
              "pivot": [
                -1.9254,
                1.0,
                -0.18678
              ],
              "rotation": [
                0.0,
                -32.5,
                0.0
              ],
              "uv": [
                11,
                46
              ],
              "inflate": 0
            }
          ],
          "parent": "Root"
        },
        {
          "name": "Leftleg2",
          "pivot": [
            3,
            15,
            2
          ],
          "cubes": [
            {
              "origin": [
                1.68,
                11.52,
                0.68
              ],
              "size": [
                2.64,
                3.96,
                2.64
              ],
              "uv": [
                0,
                23
              ],
              "inflate": 0,
              "mirror": true
            },
            {
              "origin": [
                2.0,
                1.0,
                1.0
              ],
              "size": [
                2.0,
                11.0,
                2.0
              ],
              "uv": [
                0,
                0
              ],
              "inflate": 0,
              "mirror": true
            },
            {
              "origin": [
                1.0,
                0.0,
                0.0
              ],
              "size": [
                4.0,
                2.0,
                4.0
              ],
              "uv": [
                11,
                39
              ],
              "inflate": 0,
              "mirror": true
            },
            {
              "origin": [
                2.0,
                0.0,
                -4.0
              ],
              "size": [
                2.0,
                2.0,
                7.0
              ],
              "uv": [
                11,
                46
              ],
              "inflate": 0,
              "mirror": true
            },
            {
              "origin": [
                3.14715,
                0.0,
                -3.6383
              ],
              "size": [
                2.0,
                2.0,
                7.0
              ],
              "pivot": [
                4.14715,
                1.0,
                -0.1383
              ],
              "rotation": [
                0.0,
                -35.0,
                0.0
              ],
              "uv": [
                11,
                46
              ],
              "inflate": 0,
              "mirror": true
            },
            {
              "origin": [
                0.9254,
                0.0,
                -3.68678
              ],
              "size": [
                2.0,
                2.0,
                7.0
              ],
              "pivot": [
                1.9254,
                1.0,
                -0.18678
              ],
              "rotation": [
                0.0,
                32.5,
                0.0
              ],
              "uv": [
                11,
                46
              ],
              "inflate": 0,
              "mirror": true
            }
          ],
          "parent": "Root"
        }
      ]
    }
  ]
}