{
  "format_version": "1.12.0",
  "minecraft:geometry": [
    {
      "description": {
        "identifier": "geometry.yg_slow_seline",
        "texture_width": 128,
        "texture_height": 128,
        "visible_bounds_width": 7,
        "visible_bounds_height": 6.5,
        "visible_bounds_offset": [
          0,
          2.75,
          0
        ]
      },
      "bones": [
        {
          "name": "Root"
        },
        {
          "name": "Body",
          "pivot": [
            0,
            6.63779,
            -3.60455
          ],
          "cubes": [
            {
              "origin": [
                -5.0,
                0.0,
                -10.0
              ],
              "size": [
                10.0,
                7.0,
                20.0
              ],
              "uv": [
                0,
                34
              ],
              "inflate": 0
            },
            {
              "origin": [
                -7.0,
                2.87846,
                -7.61081
              ],
              "size": [
                14.0,
                17.0,
                17.0
              ],
              "pivot": [
                0.0,
                11.37846,
                0.88919
              ],
              "rotation": [
                -10.0,
                0.0,
                0.0
              ],
              "uv": [
                0,
                0
              ],
              "inflate": 0
            },
            {
              "origin": [
                -5.3,
                1.82491,
                -15.44285
              ],
              "size": [
                10.6,
                6.42,
                7.48
              ],
              "pivot": [
                0.0,
                5.03491,
                -11.70285
              ],
              "rotation": [
                -22.5,
                0.0,
                0.0
              ],
              "uv": [
                45,
                0
              ],
              "inflate": 0
            }
          ],
          "parent": "Root"
        },
        {
          "name": "bone",
          "pivot": [
            0,
            3.5,
            9.33333
          ],
          "cubes": [
            {
              "origin": [
                -4.0,
                0.0,
                10.0
              ],
              "size": [
                8.0,
                6.0,
                4.0
              ],
              "uv": [
                62,
                13
              ],
              "inflate": 0
            },
            {
              "origin": [
                -3.0,
                0.0,
                14.0
              ],
              "size": [
                6.0,
                5.0,
                4.0
              ],
              "uv": [
                0,
                44
              ],
              "inflate": 0
            },
            {
              "origin": [
                -2.0,
                0.0,
                18.0
              ],
              "size": [
                4.0,
                4.0,
                6.0
              ],
              "uv": [
                0,
                34
              ],
              "inflate": 0
            }
          ],
          "parent": "Body"
        },
        {
          "name": "Head",
          "pivot": [
            0,
            7,
            -11.5
          ],
          "cubes": [
            {
              "origin": [
                -3.5,
                6.0,
                -15.0
              ],
              "size": [
                7.0,
                7.0,
                7.0
              ],
              "uv": [
                0,
                61
              ],
              "inflate": 0
            },
            {
              "origin": [
                -3.0,
                13.0,
                -14.5
              ],
              "size": [
                6.0,
                11.0,
                6.0
              ],
              "uv": [
                28,
                61
              ],
              "inflate": 0
            },
            {
              "origin": [
                -4.0,
                28.0,
                -15.5
              ],
              "size": [
                8.0,
                4.0,
                8.0
              ],
              "uv": [
                52,
                53
              ],
              "inflate": 0
            },
            {
              "origin": [
                -6.0,
                24.0,
                -15.5
              ],
              "size": [
                12.0,
                4.0,
                8.0
              ],
              "uv": [
                40,
                34
              ],
              "inflate": 0
            }
          ],
          "parent": "Body"
        },
        {
          "name": "Eye",
          "pivot": [
            -2.5,
            32,
            -13.5
          ],
          "cubes": [
            {
              "origin": [
                -3.0,
                31.0,
                -14.0
              ],
              "size": [
                1.0,
                4.0,
                1.0
              ],
              "uv": [
                0,
                34
              ],
              "inflate": 0
            }
          ],
          "parent": "Head"
        },
        {
          "name": "bone2",
          "pivot": [
            -2.5,
            35,
            -13.5
          ],
          "cubes": [
            {
              "origin": [
                -3.0,
                35.0,
                -14.0
              ],
              "size": [
                1.0,
                4.0,
                1.0
              ],
              "uv": [
                12,
                5
              ],
              "inflate": 0
            }
          ],
          "parent": "Eye"
        },
        {
          "name": "bone3",
          "pivot": [
            -2.5,
            39,
            -13.5
          ],
          "cubes": [
            {
              "origin": [
                -3.0,
                39.0,
                -14.0
              ],
              "size": [
                1.0,
                4.0,
                1.0
              ],
              "uv": [
                4,
                12
              ],
              "inflate": 0
            }
          ],
          "parent": "bone2"
        },
        {
          "name": "bone4",
          "pivot": [
            -2.5,
            41,
            -13.5
          ],
          "cubes": [
            {
              "origin": [
                -4.0,
                41.0,
                -15.0
              ],
              "size": [
                3.0,
                3.0,
                3.0
              ],
              "uv": [
                52,
                46
              ],
              "inflate": 0
            },
            {
              "origin": [
                -4.21,
                40.79,
                -15.21
              ],
              "size": [
                3.42,
                3.42,
                3.42
              ],
              "uv": [
                40,
                46
              ],
              "inflate": 0
            }
          ],
          "parent": "bone3"
        },
        {
          "name": "Eye2",
          "pivot": [
            2.5,
            32,
            -13.5
          ],
          "cubes": [
            {
              "origin": [
                2.0,
                31.0,
                -14.0
              ],
              "size": [
                1.0,
                4.0,
                1.0
              ],
              "uv": [
                12,
                0
              ],
              "inflate": 0
            }
          ],
          "parent": "Head"
        },
        {
          "name": "bone5",
          "pivot": [
            2.5,
            35,
            -13.5
          ],
          "cubes": [
            {
              "origin": [
                2.0,
                35.0,
                -14.0
              ],
              "size": [
                1.0,
                4.0,
                1.0
              ],
              "uv": [
                0,
                12
              ],
              "inflate": 0
            }
          ],
          "parent": "Eye2"
        },
        {
          "name": "bone6",
          "pivot": [
            2.5,
            39,
            -13.5
          ],
          "cubes": [
            {
              "origin": [
                2.0,
                39.0,
                -14.0
              ],
              "size": [
                1.0,
                4.0,
                1.0
              ],
              "uv": [
                11,
                11
              ],
              "inflate": 0
            }
          ],
          "parent": "bone5"
        },
        {
          "name": "bone7",
          "pivot": [
            2.5,
            41,
            -13.5
          ],
          "cubes": [
            {
              "origin": [
                1.0,
                41.0,
                -15.0
              ],
              "size": [
                3.0,
                3.0,
                3.0
              ],
              "uv": [
                0,
                6
              ],
              "inflate": 0
            },
            {
              "origin": [
                0.79,
                40.79,
                -15.21
              ],
              "size": [
                3.42,
                3.42,
                3.42
              ],
              "uv": [
                0,
                0
              ],
              "inflate": 0
            }
          ],
          "parent": "bone6"
        }
      ]
    }
  ]
}