{
  "format_version": "1.12.0",
  "minecraft:geometry": [
    {
      "description": {
        "identifier": "geometry.yg_syringeon",
        "texture_width": 128,
        "texture_height": 128,
        "visible_bounds_width": 4,
        "visible_bounds_height": 5.5,
        "visible_bounds_offset": [
          0,
          2.25,
          0
        ]
      },
      "bones": [
        {
          "name": "Root"
        },
        {
          "name": "Body",
          "pivot": [
            0,
            15,
            0
          ],
          "cubes": [
            {
              "origin": [
                -3.5,
                28.0,
                -3.5
              ],
              "size": [
                7.0,
                4.0,
                7.0
              ],
              "uv": [
                0,
                23
              ],
              "inflate": 0
            },
            {
              "origin": [
                -5.0,
                15.0,
                -5.0
              ],
              "size": [
                10.0,
                13.0,
                10.0
              ],
              "uv": [
                0,
                0
              ],
              "inflate": 0
            }
          ],
          "parent": "Root"
        },
        {
          "name": "Head",
          "pivot": [
            0,
            32,
            0
          ],
          "cubes": [
            {
              "origin": [
                -2.0,
                31.0,
                -2.0
              ],
              "size": [
                4.0,
                8.0,
                4.0
              ],
              "uv": [
                40,
                0
              ],
              "inflate": 0
            },
            {
              "origin": [
                -3.0,
                39.0,
                -2.5
              ],
              "size": [
                6.0,
                8.0,
                5.0
              ],
              "uv": [
                16,
                34
              ],
              "inflate": 0
            },
            {
              "origin": [
                -2.0,
                47.0,
                -2.0
              ],
              "size": [
                4.0,
                5.0,
                4.0
              ],
              "uv": [
                0,
                53
              ],
              "inflate": 0
            },
            {
              "origin": [
                -5.0,
                52.0,
                -2.0
              ],
              "size": [
                10.0,
                7.0,
                4.0
              ],
              "uv": [
                28,
                23
              ],
              "inflate": 0
            },
            {
              "origin": [
                -4.17365,
                55.0,
                -3.98481
              ],
              "size": [
                3.0,
                3.0,
                3.0
              ],
              "pivot": [
                -2.67365,
                56.5,
                -2.48481
              ],
              "rotation": [
                0.0,
                10.0,
                0.0
              ],
              "uv": [
                50,
                43
              ],
              "inflate": 0
            },
            {
              "origin": [
                1.17365,
                55.0,
                -3.98481
              ],
              "size": [
                3.0,
                3.0,
                3.0
              ],
              "pivot": [
                2.67365,
                56.5,
                -2.48481
              ],
              "rotation": [
                0.0,
                -10.0,
                0.0
              ],
              "uv": [
                50,
                43
              ],
              "inflate": 0,
              "mirror": true
            },
            {
              "origin": [
                -3.93412,
                55.5,
                -4.46202
              ],
              "size": [
                2.0,
                2.0,
                1.0
              ],
              "pivot": [
                -2.93412,
                56.5,
                -3.96202
              ],
              "rotation": [
                0.0,
                10.0,
                0.0
              ],
              "uv": [
                0,
                6
              ],
              "inflate": 0
            },
            {
              "origin": [
                1.93412,
                55.5,
                -4.46202
              ],
              "size": [
                2.0,
                2.0,
                1.0
              ],
              "pivot": [
                2.93412,
                56.5,
                -3.96202
              ],
              "rotation": [
                0.0,
                -10.0,
                0.0
              ],
              "uv": [
                0,
                6
              ],
              "inflate": 0,
              "mirror": true
            },
            {
              "origin": [
                -9.07498,
                51.55372,
                -1.5
              ],
              "size": [
                5.0,
                6.0,
                3.0
              ],
              "pivot": [
                -6.57498,
                54.55372,
                0.0
              ],
              "rotation": [
                0.0,
                0.0,
                -12.5
              ],
              "uv": [
                47,
                49
              ],
              "inflate": 0
            },
            {
              "origin": [
                4.07498,
                51.55372,
                -1.5
              ],
              "size": [
                5.0,
                6.0,
                3.0
              ],
              "pivot": [
                6.57498,
                54.55372,
                0.0
              ],
              "rotation": [
                0.0,
                0.0,
                12.5
              ],
              "uv": [
                47,
                49
              ],
              "inflate": 0,
              "mirror": true
            },
            {
              "origin": [
                -9.3713,
                49.32939,
                -1.0
              ],
              "size": [
                2.0,
                4.0,
                2.0
              ],
              "pivot": [
                -8.3713,
                51.32939,
                0.0
              ],
              "rotation": [
                0.0,
                0.0,
                15.91174
              ],
              "uv": [
                0,
                0
              ],
              "inflate": 0
            },
            {
              "origin": [
                7.3713,
                49.32939,
                -1.0
              ],
              "size": [
                2.0,
                4.0,
                2.0
              ],
              "pivot": [
                8.3713,
                51.32939,
                0.0
              ],
              "rotation": [
                0.0,
                0.0,
                -15.91174
              ],
              "uv": [
                0,
                0
              ],
              "inflate": 0,
              "mirror": true
            }
          ],
          "parent": "Body"
        },
        {
          "name": "Rightarm",
          "pivot": [
            -5,
            21,
            0
          ],
          "cubes": [
            {
              "origin": [
                -8.0,
                7.0,
                -1.5
              ],
              "size": [
                3.0,
                15.0,
                3.0
              ],
              "uv": [
                38,
                34
              ],
              "inflate": 0
            },
            {
              "origin": [
                -8.36,
                5.88,
                -1.86
              ],
              "size": [
                3.72,
                1.24,
                3.72
              ],
              "uv": [
                30,
                0
              ],
              "inflate": 0
            },
            {
              "origin": [
                -8.0,
                4.0,
                -1.5
              ],
              "size": [
                3.0,
                2.0,
                3.0
              ],
              "uv": [
                53,
                20
              ],
              "inflate": 0
            },
            {
              "origin": [
                -7.0,
                -1.0,
                -0.5
              ],
              "size": [
                1.0,
                5.0,
                1.0
              ],
              "uv": [
                0,
                23
              ],
              "inflate": 0
            },
            {
              "origin": [
                -8.54,
                14.92,
                -2.04
              ],
              "size": [
                4.08,
                5.16,
                4.08
              ],
              "uv": [
                50,
                34
              ],
              "inflate": 0
            },
            {
              "origin": [
                -8.54,
                7.92,
                -2.04
              ],
              "size": [
                4.08,
                6.16,
                4.08
              ],
              "uv": [
                16,
                47
              ],
              "inflate": 0
            }
          ],
          "parent": "Body"
        },
        {
          "name": "Rightarm2",
          "pivot": [
            -5,
            26,
            0
          ],
          "cubes": [
            {
              "origin": [
                -8.0,
                12.0,
                -1.5
              ],
              "size": [
                3.0,
                15.0,
                3.0
              ],
              "uv": [
                38,
                34
              ],
              "inflate": 0
            },
            {
              "origin": [
                -8.36,
                10.88,
                -1.86
              ],
              "size": [
                3.72,
                1.24,
                3.72
              ],
              "uv": [
                30,
                0
              ],
              "inflate": 0
            },
            {
              "origin": [
                -8.0,
                9.0,
                -1.5
              ],
              "size": [
                3.0,
                2.0,
                3.0
              ],
              "uv": [
                53,
                20
              ],
              "inflate": 0
            },
            {
              "origin": [
                -7.0,
                4.0,
                -0.5
              ],
              "size": [
                1.0,
                5.0,
                1.0
              ],
              "uv": [
                0,
                23
              ],
              "inflate": 0
            },
            {
              "origin": [
                -8.54,
                19.92,
                -2.04
              ],
              "size": [
                4.08,
                5.16,
                4.08
              ],
              "uv": [
                50,
                34
              ],
              "inflate": 0
            },
            {
              "origin": [
                -8.54,
                12.92,
                -2.04
              ],
              "size": [
                4.08,
                6.16,
                4.08
              ],
              "uv": [
                16,
                47
              ],
              "inflate": 0
            }
          ],
          "parent": "Body"
        },
        {
          "name": "Leftarm",
          "pivot": [
            5,
            21,
            0
          ],
          "cubes": [
            {
              "origin": [
                5.0,
                7.0,
                -1.5
              ],
              "size": [
                3.0,
                15.0,
                3.0
              ],
              "uv": [
                38,
                34
              ],
              "inflate": 0
            },
            {
              "origin": [
                4.64,
                5.88,
                -1.86
              ],
              "size": [
                3.72,
                1.24,
                3.72
              ],
              "uv": [
                30,
                0
              ],
              "inflate": 0
            },
            {
              "origin": [
                5.0,
                4.0,
                -1.5
              ],
              "size": [
                3.0,
                2.0,
                3.0
              ],
              "uv": [
                53,
                20
              ],
              "inflate": 0
            },
            {
              "origin": [
                4.0,
                -1.0,
                -0.5
              ],
              "size": [
                5.0,
                5.0,
                1.0
              ],
              "uv": [
                32,
                52
              ],
              "inflate": 0
            },
            {
              "origin": [
                4.46,
                14.92,
                -2.04
              ],
              "size": [
                4.08,
                5.16,
                4.08
              ],
              "uv": [
                50,
                34
              ],
              "inflate": 0
            },
            {
              "origin": [
                4.46,
                7.92,
                -2.04
              ],
              "size": [
                4.08,
                6.16,
                4.08
              ],
              "uv": [
                16,
                47
              ],
              "inflate": 0
            }
          ],
          "parent": "Body"
        },
        {
          "name": "Leftarm2",
          "pivot": [
            5,
            26,
            0
          ],
          "cubes": [
            {
              "origin": [
                5.0,
                12.0,
                -1.5
              ],
              "size": [
                3.0,
                15.0,
                3.0
              ],
              "uv": [
                38,
                34
              ],
              "inflate": 0
            },
            {
              "origin": [
                4.64,
                10.88,
                -1.86
              ],
              "size": [
                3.72,
                1.24,
                3.72
              ],
              "uv": [
                30,
                0
              ],
              "inflate": 0
            },
            {
              "origin": [
                5.0,
                9.0,
                -1.5
              ],
              "size": [
                3.0,
                2.0,
                3.0
              ],
              "uv": [
                53,
                20
              ],
              "inflate": 0
            },
            {
              "origin": [
                5.76,
                7.76,
                -0.74
              ],
              "size": [
                1.48,
                1.48,
                1.48
              ],
              "uv": [
                6,
                0
              ],
              "inflate": 0
            },
            {
              "origin": [
                4.60792,
                4.97608,
                -0.5
              ],
              "size": [
                1.0,
                5.0,
                1.0
              ],
              "pivot": [
                5.10792,
                7.47608,
                0.0
              ],
              "rotation": [
                0.0,
                0.0,
                25.0
              ],
              "uv": [
                0,
                23
              ],
              "inflate": 0
            },
            {
              "origin": [
                7.39208,
                4.97608,
                -0.5
              ],
              "size": [
                1.0,
                5.0,
                1.0
              ],
              "pivot": [
                7.89208,
                7.47608,
                0.0
              ],
              "rotation": [
                0.0,
                0.0,
                -25.0
              ],
              "uv": [
                0,
                23
              ],
              "inflate": 0
            },
            {
              "origin": [
                4.46,
                19.92,
                -2.04
              ],
              "size": [
                4.08,
                5.16,
                4.08
              ],
              "uv": [
                50,
                34
              ],
              "inflate": 0
            },
            {
              "origin": [
                4.46,
                12.92,
                -2.04
              ],
              "size": [
                4.08,
                6.16,
                4.08
              ],
              "uv": [
                16,
                47
              ],
              "inflate": 0
            }
          ],
          "parent": "Body"
        },
        {
          "name": "Rightleg",
          "pivot": [
            -4,
            15,
            0
          ],
          "cubes": [
            {
              "origin": [
                -6.0,
                0.0,
                -2.0
              ],
              "size": [
                4.0,
                15.0,
                4.0
              ],
              "uv": [
                0,
                34
              ],
              "inflate": 0
            },
            {
              "origin": [
                -6.32466,
                0.0,
                -5.96444
              ],
              "size": [
                2.0,
                2.0,
                5.0
              ],
              "pivot": [
                -5.32466,
                1.0,
                -3.46444
              ],
              "rotation": [
                0.0,
                12.5,
                0.0
              ],
              "uv": [
                52,
                7
              ],
              "inflate": 0
            },
            {
              "origin": [
                -3.67534,
                0.0,
                -5.96444
              ],
              "size": [
                2.0,
                2.0,
                5.0
              ],
              "pivot": [
                -2.67534,
                1.0,
                -3.46444
              ],
              "rotation": [
                0.0,
                -12.5,
                0.0
              ],
              "uv": [
                52,
                7
              ],
              "inflate": 0
            },
            {
              "origin": [
                -6.16,
                3.72,
                -2.16
              ],
              "size": [
                4.32,
                7.56,
                4.32
              ],
              "uv": [
                40,
                12
              ],
              "inflate": 0
            }
          ],
          "parent": "Root"
        },
        {
          "name": "Leftleg",
          "pivot": [
            4,
            15,
            0
          ],
          "cubes": [
            {
              "origin": [
                2.0,
                0.0,
                -2.0
              ],
              "size": [
                4.0,
                15.0,
                4.0
              ],
              "uv": [
                0,
                34
              ],
              "inflate": 0,
              "mirror": true
            },
            {
              "origin": [
                4.32466,
                0.0,
                -5.96444
              ],
              "size": [
                2.0,
                2.0,
                5.0
              ],
              "pivot": [
                5.32466,
                1.0,
                -3.46444
              ],
              "rotation": [
                0.0,
                -12.5,
                0.0
              ],
              "uv": [
                52,
                7
              ],
              "inflate": 0,
              "mirror": true
            },
            {
              "origin": [
                1.67534,
                0.0,
                -5.96444
              ],
              "size": [
                2.0,
                2.0,
                5.0
              ],
              "pivot": [
                2.67534,
                1.0,
                -3.46444
              ],
              "rotation": [
                0.0,
                12.5,
                0.0
              ],
              "uv": [
                52,
                7
              ],
              "inflate": 0,
              "mirror": true
            },
            {
              "origin": [
                1.84,
                3.72,
                -2.16
              ],
              "size": [
                4.32,
                7.56,
                4.32
              ],
              "uv": [
                40,
                12
              ],
              "inflate": 0,
              "mirror": true
            }
          ],
          "parent": "Root"
        }
      ]
    }
  ]
}