{
  "format_version": "1.12.0",
  "minecraft:geometry": [
    {
      "description": {
        "identifier": "geometry.yg_zophius",
        "texture_width": 128,
        "texture_height": 128,
        "visible_bounds_width": 3,
        "visible_bounds_height": 6.5,
        "visible_bounds_offset": [
          0,
          2.75,
          0
        ]
      },
      "bones": [
        {
          "name": "Root",
          "pivot": [
            0,
            63,
            -7
          ]
        },
        {
          "name": "Body",
          "cubes": [
            {
              "origin": [
                -3.0,
                53.98496,
                -4.34443
              ],
              "size": [
                7.0,
                19.0,
                7.0
              ],
              "pivot": [
                0.5,
                63.48496,
                -0.84443
              ],
              "rotation": [
                5.0,
                0.0,
                0.0
              ],
              "uv": [
                32,
                61
              ],
              "inflate": 0
            },
            {
              "origin": [
                -3.5,
                37.0,
                -4.0
              ],
              "size": [
                8.0,
                18.0,
                8.0
              ],
              "uv": [
                0,
                60
              ],
              "inflate": 0
            },
            {
              "origin": [
                -4.06,
                17.74,
                -4.56
              ],
              "size": [
                9.12,
                20.52,
                9.12
              ],
              "uv": [
                40,
                32
              ],
              "inflate": 0
            },
            {
              "origin": [
                -4.5,
                0.0,
                -5.0
              ],
              "size": [
                10.0,
                18.0,
                10.0
              ],
              "uv": [
                0,
                32
              ],
              "inflate": 0
            }
          ],
          "parent": "Root"
        },
        {
          "name": "Head",
          "pivot": [
            0,
            70,
            -4
          ],
          "cubes": [
            {
              "origin": [
                -12.0,
                57.0,
                -10.0
              ],
              "size": [
                26.0,
                26.0,
                6.0
              ],
              "uv": [
                0,
                0
              ],
              "inflate": 0
            }
          ],
          "parent": "Body"
        }
      ]
    }
  ]
}