{
  "format_version": "1.13.0",
  "minecraft:entity": {
    "description": {
      "identifier": "pc:pcank",
      "is_spawnable": true,
      "is_summonable": true,
      "is_experimental": true
    },
    "component_groups": {
      "minecraft:skin1": {
        "minecraft:variant": {
          "value": 0
        }
      },
      "minecraft:skin2": {
        "minecraft:variant": {
          "value": 1
        }
      },
      "minecraft:skin3": {
        "minecraft:variant": {
          "value": 2
        }
      },
      "minecraft:skin4": {
        "minecraft:variant": {
          "value": 3
        }
      },
      "minecraft:skin5": {
        "minecraft:variant": {
          "value": 4
        }
      },
      "minecraft:ankylosaurus_roar": {
        "minecraft:on_target_acquired": {},
        "minecraft:behavior.summon_entity": {
          "priority": 0,
          "probability": 100,
          "summon_choices": [
            {
              "weight": 1,
              "cooldown_time": 20,
              "cast_duration": 2.0,
              "start_sound_event": "plop",
              "sequence": [
                {
                  "shape": "circle",
                  "target": "self",
                  "base_delay": 0,
                  "delay_per_summon": 0,
                  "num_entities_spawned": 0,
                  "entity_type": {},
                  "entity_lifespan": 10,
                  "size": 10,
                  "sound_event": {}
				}
			  ]
			}
		  ]
		}
	  },
      "minecraft:ankylosaurus_adult": {
        "minecraft:experience_reward": {
          "on_bred": "Math.Random(8,0)",
          "on_death": "query.last_hit_by_player ? Math.Random(9,0) : 0"
        },
        "minecraft:attack": {
          "damage": 20
        },
        "minecraft:scale": {
          "value": 1.3
        },
        "minecraft:health": {
          "value": 150,
          "max": 150
        }
      },
      "minecraft:ankylosaurus_adult_tame": {
        "minecraft:is_tamed": {
        },
        "minecraft:behavior.owner_hurt_by_target": {
          "priority": 1
        },
        "minecraft:behavior.owner_hurt_target": {
          "priority": 2
        },
        "minecraft:behavior.stay_while_sitting": {
          "priority": 0
        },
        "minecraft:interact": {
          "interactions": [
            {
              "on_interact": {
                "filters": {
                  "all_of": [
                    { "test": "has_equipment", "subject": "other", "domain": "hand", "operator": "==", "value": "stick"},							{ "test": "is_owner", "subject": "other", "operator": "==", "value": true},
					{ "test": "has_component", "value": "minecraft:shareables"},
					{ "test": "has_component", "subject": "self", "operator": "!=", "value": "minecraft:is_baby"}
					  ]
					},
					"event": "minecraft:stop_following",
					"target": "self"
			  },
              "use_item": false,
              "interact_text": "interact.stop_follow"
				},
			  {
              "on_interact": {
                "filters": {
                  "all_of": [
                    { "test": "has_equipment", "subject": "other", "domain": "hand", "operator": "==", "value": "stick"},
					{ "test": "is_owner", "subject": "other", "operator": "==", "value": true},
					{ "test": "has_component", "operator": "not", "value": "minecraft:shareables"},
					{ "test": "has_component", "subject": "self", "operator": "!=", "value": "minecraft:is_baby"}
					  ]
					},
					"event": "minecraft:start_following",
					"target": "self"
			  },
              "use_item": false,
              "interact_text": "interact.follow"
			}
		  ]
		},
        "minecraft:inventory": {
          "inventory_size": 2,
          "container_type": "horse"
        },
        "minecraft:equippable": {
          "slots": [
            {
              "slot": 0,
              "item": "saddle",
              "accepted_items": ["saddle"],
              "on_equip": {
                "event": "minecraft:ankylosaurus_saddled" },
              "on_unequip": {
                "event": "minecraft:ankylosaurus_unsaddled" }
          }
        ]
      },
        "minecraft:health": {
          "value": 150,
          "max": 150
        },
        "minecraft:attack": {
          "damage": 20
        },
        "minecraft:scale": {
          "value": 1.3
        },
        "minecraft:sittable": {
		  "sit_event": {
            "event": "minecraft:is_sitting",
            "target": "self"
          },
          "stand_event": {
            "event": "minecraft:is_standing",
            "target": "self"
          }
        }
      },
      "minecraft:ankylosaurus_baby": {
        "minecraft:is_baby": {
        },
        "minecraft:behavior.follow_parent": {
          "priority": 6,
          "speed_multiplier": 1.1
        },
        "minecraft:tameable": {
          "probability": 0.33,
          "tame_items": "sweet_berries",
          "tame_event": {
            "event": "minecraft:on_tame_baby",
            "target": "self"
          }
        },
        "minecraft:behavior.avoid_mob_type": {
          "priority": 5,
          "entity_types": [
            {
              "filters": {
                "any_of": [
                  { "test": "is_family", "subject": "other", "value": "small_carnivore"},
                  { "test": "is_family", "subject": "other", "value": "medium_carnivore"},
                  { "test": "is_family", "subject": "other", "value": "big_carnivore"}
                ]
              },   
              "max_dist": 15,
              "walk_speed_multiplier": 0.7,
              "sprint_speed_multiplier": 0.8
            }
          ]
        },
        "minecraft:type_family": {
          "family": [ "ankylosaurus", "dino_baby", "herbivore" ]
        },
        "minecraft:ageable": {
          "duration": 5000,
          "feed_items": [
            "carrot"
          ],
          "grow_up": {
            "event": "minecraft:ageable_grow_up",
            "target": "self"
          }
        },
        "minecraft:attack": {
          "damage": 2
        },
        "minecraft:scale_by_age": {
          "start_scale": 0.4,
          "end_scale": 1.3
        },
        "minecraft:health": {
          "value": 20,
          "max": 20
        }
      },
      "minecraft:ankylosaurus_baby_tame": {
        "minecraft:is_baby": {
        },
        "minecraft:is_tamed": {
        },
        "minecraft:type_family": {
          "family": [ "ankylosaurus", "dino_baby", "herbivore" ]
        },
        "minecraft:ageable": {
          "duration": 5000,
          "feed_items": [
            "carrot"
          ],
          "grow_up": {
            "event": "minecraft:ageable_grow_up_tame",
            "target": "self"
          }
        },
        "minecraft:behavior.owner_hurt_by_target": {
          "priority": 1
        },
        "minecraft:behavior.owner_hurt_target": {
          "priority": 2
        },
        "minecraft:behavior.stay_while_sitting": {
          "priority": 0
        },
        "minecraft:sittable": {
		  "sit_event": {
            "event": "minecraft:is_sitting",
            "target": "self"
          },
          "stand_event": {
            "event": "minecraft:is_standing",
            "target": "self"
          }
		},
        "minecraft:behavior.avoid_mob_type": {
          "priority": 5,
          "entity_types": [
            {
              "filters": {
                "any_of": [
                  { "test": "is_family", "subject": "other", "value": "small_carnivore"},
                  { "test": "is_family", "subject": "other", "value": "medium_carnivore"},
                  { "test": "is_family", "subject": "other", "value": "big_carnivore"}
                ]
              },   
              "max_dist": 15,
              "walk_speed_multiplier": 0.7,
              "sprint_speed_multiplier": 0.8
            }
          ]
        },
        "minecraft:attack": {
          "damage": 2
        },
        "minecraft:health": {
          "value": 20,
          "max": 20
        },
        "minecraft:scale_by_age": {
          "start_scale": 0.4,
          "end_scale": 1.3
        },
        "minecraft:behavior.follow_owner": {
          "priority": 6,
          "speed_multiplier": 1,
          "start_distance": 10,
          "stop_distance": 2
        }
      },
      "minecraft:following": {
        "minecraft:shareables": {
        },
        "minecraft:behavior.follow_owner": {
          "priority": 0,
          "speed_multiplier": 1.5,
          "start_distance": 10,
          "stop_distance": 2
        }
      },
      "minecraft:sitting": {},
      "minecraft:standing": {
        "minecraft:rideable": {
          "priority": 0,
          "seat_count": 1,
          "crouching_skip_interact": true,
          "family_types": [
            "player"
          ],
          "interact_text": "action.interact.ride.horse",
          "seats": {
            "position": [ 0.0, 1.6, 0.0 ]
          }
        }
      },
      "minecraft:ankylosaurus_saddled": {
        "minecraft:is_saddled": {
        },
        "minecraft:input_ground_controlled": {
        },
        "minecraft:can_power_jump": {
        },
        "minecraft:behavior.player_ride_tamed": {
        }
      },
      "minecraft:ankylosaurus_breed": {
        "minecraft:behavior.breed": {
          "priority": 0,
          "speed_multiplier": 1.5
        },
        "minecraft:breedable": {
          "require_tame": false,
          "breed_cooldown": 120,
          "breeds_with": {
            "mate_type": "pc:pcank",
            "baby_type": "pc:pcank_egg",
            "breed_event": {
              "event": "minecraft:entity_born",
              "target": "baby"
            }
          },
          "breed_items": [ "apple", "beetroot", "carrot", "wheat", "melon", "pumpkin", "sugar", "potato", "sweet_berries", "glow_berries", "enchanted_apple", "golden_apple" ]
        }
      },
      "minecraft:ankylosaurus_wild": {
        "minecraft:health": {
          "value": 150,
          "max": 150
        },
        "minecraft:attack": {
          "damage": 20
        },
        "minecraft:behavior.nearest_attackable_target": {
          "priority": 2,
          "within_radius": 15,
          "entity_types": [
            {
              "filters": { "other_with_families": [ "big_carnivore", "medium_carnivore", "small_carnivore", "hybrid", "pterosaur", "aquatic" ] },
              "max_dist": 15
            }
          ],
          "must_see": true
        },
        "minecraft:on_hurt_by_player": {},
        "minecraft:behavior.hurt_by_target": {
          "priority": 3
        }
      }
    },
    "components": {
      "minecraft:type_family": {
        "family": [ "ankylosaurus", "herbivore" ]
      },
      "minecraft:loot": {
        "table": "loot_tables/entities/.json"
      },
      "minecraft:healable": {
        "items": [
          {
            "item": "apple",
            "heal_amount": 3
          },
          {
            "item": "beetroot",
            "heal_amount": 2
          },
          {
            "item": "carrot",
            "heal_amount": 3
          },
          {
            "item": "wheat",
            "heal_amount": 5
          },
          {
            "item": "melon",
            "heal_amount": 2
          },
          {
            "item": "pumpkin",
            "heal_amount": 7
          },
          {
            "item": "sugar",
            "heal_amount": 1
          },
          {
            "item": "potato",
            "heal_amount": 3
          },
          {
            "item": "sweet_berries",
            "heal_amount": 5
          },
          {
            "item": "glow_berries",
            "heal_amount": 5
          },
          {
            "item": "enchanted_apple",
            "heal_amount": 30
          },
          {
            "item": "golden_apple",
            "heal_amount": 15
          },
          {
            "item": "hay_block",
            "heal_amount": 10
          }
        ]
      },
      "minecraft:leashable": {
        "soft_distance": 4.0,
        "hard_distance": 6.0,
        "max_distance": 10.0
      },
      "minecraft:breathable": {
        "total_supply": 15,
        "suffocate_time": 0
      },
      "minecraft:navigation.walk": {
        "can_path_over_water": true,
        "avoid_water": true,
        "avoid_damage_blocks": true
      },
      "minecraft:movement.basic": {

      },
      "minecraft:jump.static": {
      },
      "minecraft:can_climb": {
      },
      "minecraft:collision_box": {
        "width": 1.5,
        "height": 2
      },
      "minecraft:nameable": {
      },
      "minecraft:health": {
        "value": 150,
        "max": 150
      },
      "minecraft:attack": {
        "damage": 20
      },
      "minecraft:movement": {
        "value": 0.3
      },
	  "minecraft:knockback_resistance": {
		"value": 100,
		"max": 100
	  },
	  "minecraft:behavior.avoid_block": {
        "priority": 0,
        "tick_interval": 0,
        "search_range": 32,
        "search_height": 8,
        "sprint_speed_modifier": 1.25,
        "target_selection_method": "nearest",
        "target_blocks": [
          "minecraft:soul_fire",
          "minecraft:fire",
          "minecraft:magma",
          "time:fenceWire",
          "time:fencePillar",
          "time:edgeFencePillar",
          "minecraft:lava"
        ]
      },
      "minecraft:hurt_on_condition": {
        "damage_conditions": [
          {
            "filters": { "test": "in_lava", "subject": "self", "operator": "==", "value": true },
            "cause": "lava",
            "damage_per_tick": 4
          }
        ]
      },
      "minecraft:behavior.float": {
        "priority": 0
      },
      "minecraft:behavior.hurt_by_target": {
        "priority": 3
      },
      "minecraft:behavior.random_look_around_and_sit": {
        "priority": 10,
        "min_look_count": 2,
        "max_look_count": 5,
        "min_look_time": 100,
        "max_look_time": 300,
        "probability": 0.01
      },
      "minecraft:behavior.knockback_roar": {   
        "priority": 1,
        "duration": 1.6, 
        "attack_time": 0,
        "knockback_damage": 0,
        "knockback_strength": 0,
        "knockback_range": 0,
        "cooldown_time": 30
      },
      "minecraft:behavior.delayed_attack": {
        "priority": 4,
        "speed_multiplier": 1.5,
        "reach_multiplier": 2,
        "attack_duration": 1.6,
        "hit_delay_pct": 0.55,
        "track_target": true,
        "sound_event": "attack"
      },
      "minecraft:behavior.mount_pathing": {
        "priority": 2,
        "speed_multiplier": 1.5,
        "target_dist": 0.0,
        "track_target": true
      },
      "minecraft:behavior.tempt": {
        "priority": 4,
        "speed_multiplier": 1.6,
        "items": [
          "apple",
          "beetroot",
          "carrot",
          "wheat",
          "melon",
          "pumpkin",
          "sugar",
          "potato",
          "sweet_berries",
          "glow_berries",
          "golden_apple",
          "enchanted_apple"
        ]
      },
      "minecraft:behavior.random_stroll": {
        "priority": 6,
        "speed_multiplier": 0.8
      },
      "minecraft:behavior.look_at_player": {
        "priority": 8,
        "look_distance": 6.0,
        "probability": 0.02
      },
      "minecraft:behavior.random_look_around": {
        "priority": 8
      },
      "minecraft:behavior.nap": {
        "priority": 0,
        "cooldown_min": 420.0,
        "cooldown_max": 420.0,
        "mob_detect_dist": 12.0,
        "mob_detect_height": 6.0,
        "can_nap_filters": {
          "all_of": [
            {
              "test": "in_water",
              "subject": "self",
              "operator": "==",
              "value": false
            },
            {
              "test": "on_ground",
              "subject": "self",
              "operator": "==",
              "value": true
            },
            {
              "test": "is_daytime",
              "subject": "self",
              "operator": "==",
              "value": false
            }
          ]
        },
        "wake_mob_exceptions": {
          "any_of": [
            {
              "test": "trusts",
              "subject": "other",
              "operator": "==",
              "value": true
            },
            {
              "test": "is_sneaking",
              "subject": "other",
              "operator": "==",
              "value": true
            },
            {
              "test": "is_family",
              "subject": "other",
              "operator": "==",
              "value": "anquilo"
            },
            {
              "test": "is_family",
              "subject": "other",
              "operator": "==",
              "value": "herbivore"
            }
          ]
        }
      },
      "minecraft:persistent": {
      },
      "minecraft:follow_range": {
        "value": 64
      },
      "minecraft:physics": {
      },
      "minecraft:pushable": {
        "is_pushable": true,
        "is_pushable_by_piston": true
      }
    },
    "events": {
      "from_egg": {
        "sequence": [
          {
            "randomize": [
              {
                "weight": 15,
                "add": { "component_groups": [ "minecraft:skin1" ] }
              },
              {
                "weight": 13,
                "add": { "component_groups": [ "minecraft:skin2" ] }
              },
              {
                "weight": 11,
                "add": { "component_groups": [ "minecraft:skin3" ] }
              },
              {
                "weight": 9,
                "add": { "component_groups": [ "minecraft:skin4" ] }
              },
              {
                "weight": 7,
                "add": { "component_groups": [ "minecraft:skin5" ] }
              },
              {
                "weight": 5,
                "add": { "component_groups": [ "minecraft:skin6" ] }
              }
            ]
          },
          {
            "randomize": [
              {
                "weight": 5,
                "add": {
                  "component_groups": [
                "minecraft:ankylosaurus_baby"
                  ]
                }
              }
            ]
          }
        ]
      },
      "minecraft:entity_spawned": {
        "sequence": [
          {
            "randomize": [
              {
                "weight": 15,
                "add": { "component_groups": [ "minecraft:skin1" ] }
              },
              {
                "weight": 13,
                "add": { "component_groups": [ "minecraft:skin2" ] }
              },
              {
                "weight": 11,
                "add": { "component_groups": [ "minecraft:skin3" ] }
              },
              {
                "weight": 9,
                "add": { "component_groups": [ "minecraft:skin4" ] }
              },
              {
                "weight": 7,
                "add": { "component_groups": [ "minecraft:skin5" ] }
              },
              {
                "weight": 5,
                "add": { "component_groups": [ "minecraft:skin6" ] }
              }
            ]
          },
          {
            "randomize": [
              {
                "weight": 8,
                "add": {
                  "component_groups": [
                "minecraft:ankylosaurus_adult",
                "minecraft:ankylosaurus_wild",
                "minecraft:ankylosaurus_breed",
                "minecraft:ankylosaurus_roar"
                  ]
                }
              },
              {
                "weight": 2,
                "add": {
                  "component_groups": [
                "minecraft:ankylosaurus_baby",
                "minecraft:ankylosaurus_roar"
                  ]
                }
              }
            ]
          }
        ]
	  },
      "minecraft:entity_born": {
        "add": {
        "component_groups": [
          "minecraft:ankylosaurus_baby"
          ]
        }
			},
			"minecraft:entity_transformed": {
        "sequence": [
          {
            "randomize": [
              {
                "weight": 5,
                "add": {
                  "component_groups": [
                "minecraft:ankylosaurus_baby"
                  ]
                }
              }
            ]
          },
          {
            "randomize": [
              {
                "weight": 15,
                "add": { "component_groups": [ "minecraft:skin1" ] }
              },
              {
                "weight": 13,
                "add": { "component_groups": [ "minecraft:skin2" ] }
              },
              {
                "weight": 11,
                "add": { "component_groups": [ "minecraft:skin3" ] }
              },
              {
                "weight": 9,
                "add": { "component_groups": [ "minecraft:skin4" ] }
              },
              {
                "weight": 7,
                "add": { "component_groups": [ "minecraft:skin5" ] }
              },
              {
                "weight": 5,
                "add": { "component_groups": [ "minecraft:skin6" ] }
              }
            ]
          }
        ]
      },
      "minecraft:skin_born1": {
		"sequence": [
          {
            "randomize": [
              {
                "weight": 5,
                "add": {
"component_groups": [ "minecraft:ankylosaurus_baby" ]
				  }
				}
			  ]
			},
			{
            "randomize": [
            {
                "weight": 20,
                "add": {
"component_groups": [ "minecraft:skin1" ]
				}
			  }
			]
		  }
	    ]
	  },
      "minecraft:skin_born2": {
		"sequence": [
          {
            "randomize": [
              {
                "weight": 5,
                "add": {
"component_groups": [ "minecraft:ankylosaurus_baby" ]
				  }
				}
			  ]
			},
			{
            "randomize": [
            {
                "weight": 20,
                "add": {
"component_groups": [ "minecraft:skin2" ]
				}
			  }
			]
		  }
	    ]
	  },
      "minecraft:skin_born3": {
		"sequence": [
          {
            "randomize": [
              {
                "weight": 5,
                "add": {
"component_groups": [ "minecraft:ankylosaurus_baby" ]
				  }
				}
			  ]
			},
			{
            "randomize": [
            {
                "weight": 20,
                "add": {
"component_groups": [ "minecraft:skin3" ]
				}
			  }
			]
		  }
	    ]
	  },
      "minecraft:skin_born4": {
		"sequence": [
          {
            "randomize": [
              {
                "weight": 5,
                "add": {
"component_groups": [ "minecraft:ankylosaurus_baby" ]
				  }
				}
			  ]
			},
			{
            "randomize": [
            {
                "weight": 20,
                "add": {
"component_groups": [ "minecraft:skin4" ]
				}
			  }
			]
		  }
	    ]
	  },
      "minecraft:skin_born5": {
		"sequence": [
          {
            "randomize": [
              {
                "weight": 5,
                "add": {
"component_groups": [ "minecraft:ankylosaurus_baby" ]
				  }
				}
			  ]
			},
			{
            "randomize": [
            {
                "weight": 20,
                "add": {
"component_groups": [ "minecraft:skin5" ]
				}
			  }
			]
		  }
	    ]
	  },
      "minecraft:skin_born6": {
		"sequence": [
          {
            "randomize": [
              {
                "weight": 5,
                "add": {
"component_groups": [ "minecraft:ankylosaurus_baby" ]
				  }
				}
			  ]
			},
			{
            "randomize": [
            {
                "weight": 20,
                "add": {
"component_groups": [ "minecraft:skin6" ]
				}
			  }
			]
		  }
	    ]
	  },
      "minecraft:ageable_grow_up_tame": {
        "remove": {
          "component_groups": [ 
            "minecraft:ankylosaurus_baby_tame"
          ]
        },
        "add": {
          "component_groups": [
            "minecraft:ankylosaurus_adult",
            "minecraft:ankylosaurus_adult_tame",
            "minecraft:ankylosaurus_roar"
          ]
        }
      },
      "minecraft:ageable_grow_up": {
        "remove": {
          "component_groups": [ 
            "minecraft:ankylosaurus_baby"
          ]
        },
        "add": {
          "component_groups": [
            "minecraft:ankylosaurus_adult",
            "minecraft:ankylosaurus_wild",
            "minecraft:ankylosaurus_breed",
            "minecraft:ankylosaurus_roar"
          ]
        }
      },
      "minecraft:on_tame_baby": {
        "remove": {
          "component_groups": [
            "minecraft:ankylosaurus_baby"
          ]
        },
        "add": {
          "component_groups": [
            "minecraft:ankylosaurus_baby_tame"
          ]
        }
      },
      "minecraft:become_angry": {
        "remove": {
          "component_groups": [
            "minecraft:ankylosaurus_wild"
          ]
        },
        "add": {
          "component_groups": [
            "minecraft:ankylosaurus_angry"
          ]
        }
      },
      "minecraft:on_calm": {
        "remove": {
          "component_groups": [
            "minecraft:ankylosaurus_angry"
          ]
        },
        "add": {
          "component_groups": [
            "minecraft:ankylosaurus_wild"
          ]
        }
      },
	  "minecraft:is_sitting": {
        "remove": {
          "component_groups": [
            "minecraft:standing"
          ]
        },
        "add": {
          "component_groups": [
            "minecraft:sitting"
          ]
        }
      },
      "minecraft:is_standing": {
        "remove": {
          "component_groups": [
            "minecraft:sitting"
          ]
        },
        "add": {
          "component_groups": [
            "minecraft:standing"
          ]
        }
      },
	  "minecraft:start_following": {
        "add": {
          "component_groups": [
            "minecraft:following"
          ]
        }
      },
	  "minecraft:stop_following": {
        "remove": {
          "component_groups": [
            "minecraft:following"
          ]
        }
      },
      "minecraft:ankylosaurus_saddled": {
        "add": {
          "component_groups": [
            "minecraft:ankylosaurus_saddled"
          ]
        }
      },
      "minecraft:ankylosaurus_unsaddled": {
        "remove": {
          "component_groups": [
            "minecraft:ankylosaurus_saddled"
          ]
        }
      }
    }
  }
}