{
  "format_version": "1.11",
  "minecraft:entity": {
    "description": {
      "identifier": "minecraft:player",
      "is_spawnable": false,
      "is_summonable": false,
      "is_experimental": false,
      "scripts": {
        "animate": [
          "walk",
          "mc:blast",
          "nk:removeitem",
          "mc:webshooter",
          "mc:webszip",
          "mc:webshooterfast",
          "mc:webshooterexpl",
          "nk:unmask",
          "mc:webbomb",
          "mc:webswing",
          "mc:websling",
          "mc:mysteriomagic",
          "mc:mysteriomagictwo",
          "mc:pmkinbomb",
          "mc:grab",
          "mc:suitdata",
          "mc:webset",
          "mc:chitaurigun",
          "mc:scorpion",
          "nk:spidermanffh",
          "nk:spiderman",
          "nk:spidermanraimi",
          "nk:spidermantasm",
          "nk:mysterio",
          "nk:spidermanmiles",
          "nk:spidermanps4",
          "nk:spidermantasmfirst",
          "nk:spidermanbigtime",
          "nk:spidermanscarlet",
          "nk:spidermanmilesmcu",
          "mc:greengoblin",
          "nk:spidermansuperior",
          "nk:spiderman2099",
          "mc:prowler",
          "mc:vulture",
          "mc:rhino",
          "mc:docock",
          "a1",
          "a2",
          "a3",
          "a4",
          "a5",
          "aa",
          "aaa",
          "aaaa",
          "aaaaa",
          "a6",
          "a7",
          "a8",
          "a9",
          "az",
          "uchg",
          "azua",
          "xfc",
          "gggo",
          "shaza",
          "shazz",
          "sha",
          "shaz",
          "ehh"
        ]
      },
      "animations": {
        "walk": "controller.animation.walk",
        "mc:blast": "controller.animation.mc_blast",
        "nk:removeitem": "controller.animation.nk_removeitem",
        "mc:webshooter": "controller.animation.mc_webshooter",
        "mc:webszip": "controller.animation.mc_webszip",
        "mc:webshooterfast": "controller.animation.mc_webshooterfast",
        "mc:webshooterexpl": "controller.animation.mc_webshooterexpl",
        "nk:unmask": "controller.animation.nk_unmask",
        "mc:webbomb": "controller.animation.mc_webbomb",
        "mc:webswing": "controller.animation.mc_webswing",
        "mc:websling": "controller.animation.mc_websling",
        "mc:mysteriomagic": "controller.animation.mc_mysteriomagic",
        "mc:mysteriomagictwo": "controller.animation.mc_mysteriomagictwo",
        "mc:pmkinbomb": "controller.animation.mc_pmkinbomb",
        "mc:grab": "controller.animation.mc_grab",
        "mc:suitdata": "controller.animation.mc_suitdata",
        "mc:webset": "controller.animation.mc_webset",
        "mc:chitaurigun": "controller.animation.mc_chitaurigun",
        "mc:scorpion": "controller.animation.mc_scorpion",
        "nk:spidermanffh": "controller.animation.nk_spidermanffh",
        "nk:spiderman": "controller.animation.nk_spiderman",
        "nk:spidermanraimi": "controller.animation.nk_spidermanraimi",
        "nk:spidermantasm": "controller.animation.nk_spidermantasm",
        "nk:mysterio": "controller.animation.nk_mysterio",
        "nk:spidermanmiles": "controller.animation.nk_spidermanmiles",
        "nk:spidermanps4": "controller.animation.nk_spidermanps4",
        "nk:spidermantasmfirst": "controller.animation.nk_spidermantasmfirst",
        "nk:spidermanbigtime": "controller.animation.nk_spidermanbigtime",
        "nk:spidermanscarlet": "controller.animation.nk_spidermanscarlet",
        "nk:spidermanmilesmcu": "controller.animation.nk_spidermanmilesmcu",
        "mc:greengoblin": "controller.animation.mc_greengoblin",
        "nk:spidermansuperior": "controller.animation.nk_spidermansuperior",
        "nk:spiderman2099": "controller.animation.nk_spiderman2099",
        "mc:prowler": "controller.animation.mc_prowler",
        "mc:vulture": "controller.animation.mc_vulture",
        "mc:rhino": "controller.animation.yer",
        "mc:docock": "controller.animation.tepau",
        "a1": "controller.animation.ama",
        "a2": "controller.animation.cler",
        "a3": "controller.animation.clim",
        "a4": "controller.animation.saltoglid",
        "a5": "controller.animation.salto",
        "aa": "controller.animation.sakra",
        "aaa": "controller.animation.flightweb",
        "aaaa": "controller.animation.sprintingi",
        "aaaaa": "controller.animation.orqasalto",
        "a6": "controller.animation.webflood",
        "a7": "controller.animation.mystwo",
        "a8": "controller.animation.myst",
        "a9": "controller.animation.mystshield",
        "az": "controller.animation.climbm",
        "uchg": "controller.animation.uchg",
        "azua": "controller.animation.azua",
        "xfc": "controller.animation.slowfl",
        "gggo": "controller.animation.gggggo",
        "shaza": "animation.shaza",
        "shazz": "controller.animation.shazam",
        "sha": "controller.animation.shazamc",
        "shaz": "animation.shaz",
        "ehh": "controller.animation.amha"
      }
    },
    "component_groups": {
      "minecraft:normal_player": {
        "minecraft:mark_variant": {
          "value": 0
        },
        "minecraft:health": {
          "value": 20,
          "max": 20
        },
        "minecraft:movement": {
          "value": 0.1
        },
        "minecraft:attack": {
          "damage": 1
        },
        "minecraft:spell_effects": {
          "remove_effects": [
          ]
        }
      },
      "ammo:1": {
        "minecraft:health": {
          "value": 20,
          "max": 20
        }
      },
      "mc:blast_fire": {
        "minecraft:spawn_entity": [
          {
            "min_wait_time": 0,
            "max_wait_time": 0,
            "single_use": true,
            "spawn_entity": "mc:blast",
            "num_to_spawn": 1
          }
        ]
      },
      "nk:removeitem_fire": {
        "minecraft:spawn_entity": [
          {
            "min_wait_time": 0,
            "max_wait_time": 0,
            "single_use": true,
            "spawn_entity": "nk:removeitem",
            "num_to_spawn": 1
          }
        ]
      },
      "mc:webshooter_fire": {
        "minecraft:spawn_entity": [
          {
            "min_wait_time": 0,
            "max_wait_time": 0,
            "single_use": true,
            "spawn_entity": "mc:webshooter",
            "num_to_spawn": 1
          }
        ]
      },
      "mc:webszip_fire": {
        "minecraft:spawn_entity": [
          {
            "min_wait_time": 0,
            "max_wait_time": 0,
            "single_use": true,
            "spawn_entity": "mc:webszip",
            "num_to_spawn": 1
          }
        ]
      },
      "mc:webshooterfast_fire": {
        "minecraft:spawn_entity": [
          {
            "min_wait_time": 0,
            "max_wait_time": 0,
            "single_use": true,
            "spawn_entity": "mc:webshooterfast",
            "num_to_spawn": 1
          }
        ]
      },
      "mc:webshooterexpl_fire": {
        "minecraft:spawn_entity": [
          {
            "min_wait_time": 0,
            "max_wait_time": 0,
            "single_use": true,
            "spawn_entity": "mc:webshooterexpl",
            "num_to_spawn": 1
          }
        ]
      },
      "nk:unmask_fire": {
        "minecraft:spawn_entity": [
          {
            "min_wait_time": 0,
            "max_wait_time": 0,
            "single_use": true,
            "spawn_entity": "nk:unmask",
            "num_to_spawn": 1
          }
        ]
      },
      "mc:webbomb_fire": {
        "minecraft:spawn_entity": [
          {
            "min_wait_time": 0,
            "max_wait_time": 0,
            "single_use": true,
            "spawn_entity": "mc:webbomb",
            "num_to_spawn": 1
          }
        ]
      },
      "mc:webswing_fire": {
        "minecraft:spawn_entity": [
          {
            "min_wait_time": 0,
            "max_wait_time": 0,
            "single_use": true,
            "spawn_entity": "mc:webswing",
            "num_to_spawn": 1,
            "should_leash": true
          }
        ]
      },
      "mc:websling_fire": {
        "minecraft:spawn_entity": [
          {
            "min_wait_time": 0,
            "max_wait_time": 0,
            "single_use": true,
            "spawn_entity": "mc:websling",
            "num_to_spawn": 1
          }
        ]
      },
      "mc:mysteriomagic_fire": {
        "minecraft:spawn_entity": [
          {
            "min_wait_time": 0,
            "max_wait_time": 0,
            "single_use": true,
            "spawn_entity": "mc:mysteriomagic",
            "num_to_spawn": 1
          }
        ]
      },
      "mc:mysteriomagictwo_fire": {
        "minecraft:spawn_entity": [
          {
            "min_wait_time": 0,
            "max_wait_time": 0,
            "single_use": true,
            "spawn_entity": "mc:mysteriomagictwo",
            "num_to_spawn": 1
          }
        ]
      },
      "mc:pmkinbomb_fire": {
        "minecraft:spawn_entity": [
          {
            "min_wait_time": 0,
            "max_wait_time": 0,
            "single_use": true,
            "spawn_entity": "mc:pmkinbomb",
            "num_to_spawn": 1
          }
        ]
      },
      "mc:grab_fire": {
        "minecraft:spawn_entity": [
          {
            "min_wait_time": 0,
            "max_wait_time": 0,
            "single_use": true,
            "spawn_entity": "mc:grab",
            "num_to_spawn": 1
          }
        ]
      },
      "mc:suitdata_fire": {
        "minecraft:spawn_entity": [
          {
            "min_wait_time": 0,
            "max_wait_time": 0,
            "single_use": true,
            "spawn_entity": "mc:suitdata",
            "num_to_spawn": 1
          }
        ]
      },
      "mc:webset_fire": {
        "minecraft:spawn_entity": [
          {
            "min_wait_time": 0,
            "max_wait_time": 0,
            "single_use": true,
            "spawn_entity": "mc:webset",
            "num_to_spawn": 1
          }
        ]
      },
      "mc:chitaurigun_fire": {
        "minecraft:spawn_entity": [
          {
            "min_wait_time": 0,
            "max_wait_time": 0,
            "single_use": true,
            "spawn_entity": "mc:chitaurigun",
            "num_to_spawn": 1
          }
        ]
      },
      "mc:scorpion_event_play": {
        "minecraft:mark_variant": {
          "value": 2
        },
        "minecraft:scale": {
          "value": 1.0
        },
        "minecraft:health": {
          "value": 66,
          "max": 66
        },
        "minecraft:movement": {
          "value": 0.2
        },
        "minecraft:spell_effects": {
          "add_effects": [
            {
              "effect": "jump_boost",
              "duration": 99999,
              "amplifier": 5,
              "visible": false
            },
            {
              "effect": "regeneration",
              "duration": 9999,
              "amplifier": 3,
              "visible": false
            },
            {
              "effect": "resistance",
              "duration": 9999,
              "amplifier": 4,
              "visible": false
            }
          ]
        }
      },
      "nk:spidermanffh_event_play": {
        "minecraft:mark_variant": {
          "value": 3
        },
        "minecraft:scale": {
          "value": 1.0
        },
        "minecraft:health": {
          "value": 77,
          "max": 77
        },
        "minecraft:movement": {
          "value": 0.1
        },
        "minecraft:spell_effects": {
          "add_effects": [
            {
              "effect": "jump_boost",
              "duration": 99999,
              "amplifier": 3,
              "visible": false
            },
            {
              "effect": "regeneration",
              "duration": 9999,
              "amplifier": 3,
              "visible": false
            },
            {
              "effect": "resistance",
              "duration": 9999,
              "amplifier": 4,
              "visible": false
            }
          ]
        }
      },
      "nk:spiderman_event_play": {
        "minecraft:mark_variant": {
          "value": 4
        },
        "minecraft:scale": {
          "value": 1.0
        },
        "minecraft:health": {
          "value": 66,
          "max": 77
        },
        "minecraft:movement": {
          "value": 0.1
        },
        "minecraft:spell_effects": {
          "add_effects": [
            {
              "effect": "jump_boost",
              "duration": 99999,
              "amplifier": 2,
              "visible": false
            },
            {
              "effect": "regeneration",
              "duration": 9999,
              "amplifier": 3,
              "visible": false
            },
            {
              "effect": "resistance",
              "duration": 9999,
              "amplifier": 4,
              "visible": false
            }
          ]
        }
      },
      "nk:spidermanraimi_event_play": {
        "minecraft:mark_variant": {
          "value": 5
        },
        "minecraft:scale": {
          "value": 1.0
        },
        "minecraft:health": {
          "value": 66,
          "max": 66
        },
        "minecraft:movement": {
          "value": 0.1
        },
        "minecraft:spell_effects": {
          "add_effects": [
            {
              "effect": "jump_boost",
              "duration": 99999,
              "amplifier": 2,
              "visible": false
            },
            {
              "effect": "regeneration",
              "duration": 9999,
              "amplifier": 3,
              "visible": false
            },
            {
              "effect": "resistance",
              "duration": 9999,
              "amplifier": 4,
              "visible": false
            }
          ]
        }
      },
      "nk:spidermantasm_event_play": {
        "minecraft:mark_variant": {
          "value": 6
        },
        "minecraft:scale": {
          "value": 1.0
        },
        "minecraft:health": {
          "value": 66,
          "max": 77
        },
        "minecraft:movement": {
          "value": 0.1
        },
        "minecraft:spell_effects": {
          "add_effects": [
            {
              "effect": "jump_boost",
              "duration": 99999,
              "amplifier": 3,
              "visible": false
            },
            {
              "effect": "regeneration",
              "duration": 9999,
              "amplifier": 3,
              "visible": false
            },
            {
              "effect": "resistance",
              "duration": 9999,
              "amplifier": 4,
              "visible": false
            }
          ]
        }
      },
      "nk:mysterio_event_play": {
        "minecraft:mark_variant": {
          "value": 7
        },
        "minecraft:scale": {
          "value": 1.0
        },
        "minecraft:health": {
          "value": 20,
          "max": 20
        },
        "minecraft:movement": {
          "value": 0.1
        },
        "minecraft:spell_effects": {
          "add_effects": [
            {
              "effect": "jump_boost",
              "duration": 99999,
              "amplifier": 1,
              "visible": false
            },
            {
              "effect": "regeneration",
              "duration": 9999,
              "amplifier": 2,
              "visible": false
            },
            {
              "effect": "resistance",
              "duration": 9999,
              "amplifier": 2,
              "visible": false
            }
          ]
        }
      },
      "nk:spidermanmiles_event_play": {
        "minecraft:mark_variant": {
          "value": 8
        },
        "minecraft:scale": {
          "value": 0.9
        },
        "minecraft:health": {
          "value": 55,
          "max": 55
        },
        "minecraft:movement": {
          "value": 0.2
        },
        "minecraft:spell_effects": {
          "add_effects": [
            {
              "effect": "jump_boost",
              "duration": 99999,
              "amplifier": 2,
              "visible": false
            },
            {
              "effect": "regeneration",
              "duration": 9999,
              "amplifier": 3,
              "visible": false
            },
            {
              "effect": "resistance",
              "duration": 9999,
              "amplifier": 4,
              "visible": false
            }
          ]
        }
      },
      "nk:spidermanps4_event_play": {
        "minecraft:mark_variant": {
          "value": 9
        },
        "minecraft:scale": {
          "value": 1.0
        },
        "minecraft:health": {
          "value": 66,
          "max": 66
        },
        "minecraft:movement": {
          "value": 0.2
        },
        "minecraft:spell_effects": {
          "add_effects": [
            {
              "effect": "jump_boost",
              "duration": 99999,
              "amplifier": 2,
              "visible": false
            },
            {
              "effect": "regeneration",
              "duration": 9999,
              "amplifier": 3,
              "visible": false
            },
            {
              "effect": "resistance",
              "duration": 9999,
              "amplifier": 2,
              "visible": false
            }
          ]
        }
      },
      "nk:spidermantasmfirst_event_play": {
        "minecraft:mark_variant": {
          "value": 10
        },
        "minecraft:scale": {
          "value": 1.0
        },
        "minecraft:health": {
          "value": 55,
          "max": 55
        },
        "minecraft:movement": {
          "value": 0.2
        },
        "minecraft:spell_effects": {
          "add_effects": [
            {
              "effect": "jump_boost",
              "duration": 99999,
              "amplifier": 3,
              "visible": false
            },
            {
              "effect": "regeneration",
              "duration": 9999,
              "amplifier": 4,
              "visible": false
            },
            {
              "effect": "resistance",
              "duration": 9999,
              "amplifier": 4,
              "visible": false
            }
          ]
        }
      },
      "nk:spidermanbigtime_event_play": {
        "minecraft:mark_variant": {
          "value": 11
        },
        "minecraft:scale": {
          "value": 1.0
        },
        "minecraft:health": {
          "value": 66,
          "max": 66
        },
        "minecraft:movement": {
          "value": 0.3
        },
        "minecraft:spell_effects": {
          "add_effects": [
            {
              "effect": "jump_boost",
              "duration": 99999,
              "amplifier": 5,
              "visible": false
            },
            {
              "effect": "regeneration",
              "duration": 9999,
              "amplifier": 3,
              "visible": false
            },
            {
              "effect": "resistance",
              "duration": 9999,
              "amplifier": 4,
              "visible": false
            }
          ]
        }
      },
      "nk:spidermanscarlet_event_play": {
        "minecraft:mark_variant": {
          "value": 12
        },
        "minecraft:scale": {
          "value": 1.0
        },
        "minecraft:health": {
          "value": 33,
          "max": 33
        },
        "minecraft:movement": {
          "value": 0.1
        },
        "minecraft:spell_effects": {
          "add_effects": [
            {
              "effect": "jump_boost",
              "duration": 99999,
              "amplifier": 5,
              "visible": false
            },
            {
              "effect": "strength",
              "duration": 9999,
              "amplifier": 1,
              "visible": false
            },
            {
              "effect": "resistance",
              "duration": 9999,
              "amplifier": 4,
              "visible": false
            }
          ]
        }
      },
      "nk:spidermanmilesmcu_event_play": {
        "minecraft:mark_variant": {
          "value": 13
        },
        "minecraft:scale": {
          "value": 1.0
        },
        "minecraft:health": {
          "value": 66,
          "max": 66
        },
        "minecraft:movement": {
          "value": 0.1
        },
        "minecraft:spell_effects": {
          "add_effects": [
            {
              "effect": "jump_boost",
              "duration": 99999,
              "amplifier": 3,
              "visible": false
            },
            {
              "effect": "regeneration",
              "duration": 9999,
              "amplifier": 3,
              "visible": false
            },
            {
              "effect": "resistance",
              "duration": 9999,
              "amplifier": 4,
              "visible": false
            }
          ]
        }
      },
      "mc:greengoblin_event_play": {
        "minecraft:mark_variant": {
          "value": 14
        },
        "minecraft:scale": {
          "value": 1.0
        },
        "minecraft:health": {
          "value": 66,
          "max": 66
        },
        "minecraft:movement": {
          "value": 0.1
        },
        "minecraft:spell_effects": {
          "add_effects": [
            {
              "effect": "jump_boost",
              "duration": 99999,
              "amplifier": 5,
              "visible": false
            },
            {
              "effect": "regeneration",
              "duration": 9999,
              "amplifier": 4,
              "visible": false
            },
            {
              "effect": "resistance",
              "duration": 9999,
              "amplifier": 4,
              "visible": false
            }
          ]
        }
      },
      "nk:spidermansuperior_event_play": {
        "minecraft:mark_variant": {
          "value": 15
        },
        "minecraft:scale": {
          "value": 1.0
        },
        "minecraft:health": {
          "value": 66,
          "max": 66
        },
        "minecraft:movement": {
          "value": 0.2
        },
        "minecraft:spell_effects": {
          "add_effects": [
            {
              "effect": "jump_boost",
              "duration": 99999,
              "amplifier": 6,
              "visible": false
            },
            {
              "effect": "strength",
              "duration": 9999,
              "amplifier": 3,
              "visible": false
            },
            {
              "effect": "resistance",
              "duration": 9999,
              "amplifier": 4,
              "visible": false
            }
          ]
        }
      },
      "nk:spiderman2099_event_play": {
        "minecraft:mark_variant": {
          "value": 16
        },
        "minecraft:scale": {
          "value": 1.0
        },
        "minecraft:health": {
          "value": 77,
          "max": 77
        },
        "minecraft:movement": {
          "value": 0.2
        },
        "minecraft:spell_effects": {
          "add_effects": [
            {
              "effect": "jump_boost",
              "duration": 99999,
              "amplifier": 6,
              "visible": false
            },
            {
              "effect": "regeneration",
              "duration": 9999,
              "amplifier": 3,
              "visible": false
            },
            {
              "effect": "resistance",
              "duration": 9999,
              "amplifier": 4,
              "visible": false
            }
          ]
        }
      },
      "mc:prowler_event_play": {
        "minecraft:mark_variant": {
          "value": 17
        },
        "minecraft:scale": {
          "value": 1.0
        },
        "minecraft:health": {
          "value": 77,
          "max": 77
        },
        "minecraft:movement": {
          "value": 0.2
        },
        "minecraft:spell_effects": {
          "add_effects": [
            {
              "effect": "jump_boost",
              "duration": 99999,
              "amplifier": 5,
              "visible": false
            },
            {
              "effect": "strength",
              "duration": 9999,
              "amplifier": 2,
              "visible": false
            },
            {
              "effect": "resistance",
              "duration": 9999,
              "amplifier": 4,
              "visible": false
            }
          ]
        }
      },
      "mc:vulture_event_play": {
        "minecraft:mark_variant": {
          "value": 18
        },
        "minecraft:scale": {
          "value": 1.0
        },
        "minecraft:health": {
          "value": 77,
          "max": 77
        },
        "minecraft:movement": {
          "value": 0.1
        },
        "minecraft:spell_effects": {
          "add_effects": [
            {
              "effect": "jump_boost",
              "duration": 99999,
              "amplifier": 4,
              "visible": false
            },
            {
              "effect": "regeneration",
              "duration": 9999,
              "amplifier": 3,
              "visible": false
            },
            {
              "effect": "resistance",
              "duration": 9999,
              "amplifier": 4,
              "visible": false
            }
          ]
        }
      },
      "mc:rhino_event_play": {
        "minecraft:mark_variant": {
          "value": 19
        },
        "minecraft:scale": {
          "value": 1.0
        },
        "minecraft:health": {
          "value": 66,
          "max": 66
        },
        "minecraft:movement": {
          "value": 0.1
        },
        "minecraft:spell_effects": {
          "add_effects": [
            {
              "effect": "jump_boost",
              "duration": 99999,
              "amplifier": 5,
              "visible": false
            },
            {
              "effect": "strength",
              "duration": 9999,
              "amplifier": 3,
              "visible": false
            },
            {
              "effect": "resistance",
              "duration": 9999,
              "amplifier": 4,
              "visible": false
            }
          ]
        }
      },
      "mc:docock_event_play": {
        "minecraft:mark_variant": {
          "value": 20
        },
        "minecraft:scale": {
          "value": 1.0
        },
        "minecraft:health": {
          "value": 66,
          "max": 66
        },
        "minecraft:movement": {
          "value": 0.1
        },
        "minecraft:spell_effects": {
          "add_effects": [
            {
              "effect": "jump_boost",
              "duration": 99999,
              "amplifier": 6,
              "visible": false
            },
            {
              "effect": "strength",
              "duration": 9999,
              "amplifier": 2,
              "visible": false
            },
            {
              "effect": "resistance",
              "duration": 9999,
              "amplifier": 6,
              "visible": false
            }
          ]
        }
      }
    },
    "components": {
      "minecraft:type_family": {
        "family": [
          "player"
        ]
      },
      "minecraft:loot": {
        "table": "loot_tables/empty.json"
      },
      "minecraft:collision_box": {
        "width": 0.6,
        "height": 1.8
      },
      "minecraft:can_climb": {},
      "minecraft:movement": {
        "value": 0.1
      },
      "minecraft:environment_sensor": [
        {
          "on_environment": {
            "filters": {
              "any_of": [
                {
                  "test": "is_family",
                  "subject": "self",
                  "value": "player"
                }
              ]
            },
            "event": "minecraft:normal_player"
          }
        },
        {
          "on_environment": {
            "filters": {
              "all_of": [
                {
                  "test": "has_equipment",
                  "subject": "self",
                  "domain": "hand",
                  "value": "mc:blast"
                },
                {
                  "test": "is_family",
                  "subject": "self",
                  "value": "player"
                }
              ]
            },
            "event": "ammo:1"
          }
        },
        {
          "on_environment": {
            "filters": {
              "all_of": [
                {
                  "test": "has_equipment",
                  "subject": "self",
                  "domain": "hand",
                  "value": "nk:removeitem"
                },
                {
                  "test": "is_family",
                  "subject": "self",
                  "value": "player"
                }
              ]
            },
            "event": "ammo:1"
          }
        },
        {
          "on_environment": {
            "filters": {
              "all_of": [
                {
                  "test": "has_equipment",
                  "subject": "self",
                  "domain": "hand",
                  "value": "mc:webshooter"
                },
                {
                  "test": "is_family",
                  "subject": "self",
                  "value": "player"
                }
              ]
            },
            "event": "ammo:1"
          }
        },
        {
          "on_environment": {
            "filters": {
              "all_of": [
                {
                  "test": "has_equipment",
                  "subject": "self",
                  "domain": "hand",
                  "value": "mc:webszip"
                },
                {
                  "test": "is_family",
                  "subject": "self",
                  "value": "player"
                }
              ]
            },
            "event": "ammo:1"
          }
        },
        {
          "on_environment": {
            "filters": {
              "all_of": [
                {
                  "test": "has_equipment",
                  "subject": "self",
                  "domain": "hand",
                  "value": "mc:webshooterfast"
                },
                {
                  "test": "is_family",
                  "subject": "self",
                  "value": "player"
                }
              ]
            },
            "event": "ammo:1"
          }
        },
        {
          "on_environment": {
            "filters": {
              "all_of": [
                {
                  "test": "has_equipment",
                  "subject": "self",
                  "domain": "hand",
                  "value": "mc:webshooterexpl"
                },
                {
                  "test": "is_family",
                  "subject": "self",
                  "value": "player"
                }
              ]
            },
            "event": "ammo:1"
          }
        },
        {
          "on_environment": {
            "filters": {
              "all_of": [
                {
                  "test": "has_equipment",
                  "subject": "self",
                  "domain": "hand",
                  "value": "nk:unmask"
                },
                {
                  "test": "is_family",
                  "subject": "self",
                  "value": "player"
                }
              ]
            },
            "event": "ammo:1"
          }
        },
        {
          "on_environment": {
            "filters": {
              "all_of": [
                {
                  "test": "has_equipment",
                  "subject": "self",
                  "domain": "hand",
                  "value": "mc:webbomb"
                },
                {
                  "test": "is_family",
                  "subject": "self",
                  "value": "player"
                }
              ]
            },
            "event": "ammo:1"
          }
        },
        {
          "on_environment": {
            "filters": {
              "all_of": [
                {
                  "test": "has_equipment",
                  "subject": "self",
                  "domain": "hand",
                  "value": "mc:webswing"
                },
                {
                  "test": "is_family",
                  "subject": "self",
                  "value": "player"
                }
              ]
            },
            "event": "ammo:1"
          }
        },
        {
          "on_environment": {
            "filters": {
              "all_of": [
                {
                  "test": "has_equipment",
                  "subject": "self",
                  "domain": "hand",
                  "value": "mc:websling"
                },
                {
                  "test": "is_family",
                  "subject": "self",
                  "value": "player"
                }
              ]
            },
            "event": "ammo:1"
          }
        },
        {
          "on_environment": {
            "filters": {
              "all_of": [
                {
                  "test": "has_equipment",
                  "subject": "self",
                  "domain": "hand",
                  "value": "mc:mysteriomagic"
                },
                {
                  "test": "is_family",
                  "subject": "self",
                  "value": "player"
                }
              ]
            },
            "event": "ammo:1"
          }
        },
        {
          "on_environment": {
            "filters": {
              "all_of": [
                {
                  "test": "has_equipment",
                  "subject": "self",
                  "domain": "hand",
                  "value": "mc:mysteriomagictwo"
                },
                {
                  "test": "is_family",
                  "subject": "self",
                  "value": "player"
                }
              ]
            },
            "event": "ammo:1"
          }
        },
        {
          "on_environment": {
            "filters": {
              "all_of": [
                {
                  "test": "has_equipment",
                  "subject": "self",
                  "domain": "hand",
                  "value": "mc:pmkinbomb"
                },
                {
                  "test": "is_family",
                  "subject": "self",
                  "value": "player"
                }
              ]
            },
            "event": "ammo:1"
          }
        },
        {
          "on_environment": {
            "filters": {
              "all_of": [
                {
                  "test": "has_equipment",
                  "subject": "self",
                  "domain": "hand",
                  "value": "mc:grab"
                },
                {
                  "test": "is_family",
                  "subject": "self",
                  "value": "player"
                }
              ]
            },
            "event": "ammo:1"
          }
        },
        {
          "on_environment": {
            "filters": {
              "all_of": [
                {
                  "test": "has_equipment",
                  "subject": "self",
                  "domain": "hand",
                  "value": "mc:suitdata"
                },
                {
                  "test": "is_family",
                  "subject": "self",
                  "value": "player"
                }
              ]
            },
            "event": "ammo:1"
          }
        },
        {
          "on_environment": {
            "filters": {
              "all_of": [
                {
                  "test": "has_equipment",
                  "subject": "self",
                  "domain": "hand",
                  "value": "mc:webset"
                },
                {
                  "test": "is_family",
                  "subject": "self",
                  "value": "player"
                }
              ]
            },
            "event": "ammo:1"
          }
        },
        {
          "on_environment": {
            "filters": {
              "all_of": [
                {
                  "test": "has_equipment",
                  "subject": "self",
                  "domain": "hand",
                  "value": "mc:chitaurigun"
                },
                {
                  "test": "is_family",
                  "subject": "self",
                  "value": "player"
                }
              ]
            },
            "event": "ammo:1"
          }
        },
        {
          "on_environment": {
            "filters": {
              "all_of": [
                {
                  "test": "has_equipment",
                  "subject": "self",
                  "domain": "hand",
                  "value": "mc:scorpion"
                }
              ]
            },
            "event": "mc:scorpion_event_hold"
          }
        },
        {
          "on_environment": {
            "filters": {
              "all_of": [
                {
                  "test": "has_equipment",
                  "subject": "self",
                  "domain": "head",
                  "value": "mc:scorpion"
                }
              ]
            },
            "event": "mc:scorpion_event_play"
          }
        },
        {
          "on_environment": {
            "filters": {
              "all_of": [
                {
                  "test": "has_equipment",
                  "subject": "self",
                  "domain": "hand",
                  "value": "nk:spidermanffh"
                }
              ]
            },
            "event": "nk:spidermanffh_event_hold"
          }
        },
        {
          "on_environment": {
            "filters": {
              "all_of": [
                {
                  "test": "has_equipment",
                  "subject": "self",
                  "domain": "head",
                  "value": "nk:spidermanffh"
                }
              ]
            },
            "event": "nk:spidermanffh_event_play"
          }
        },
        {
          "on_environment": {
            "filters": {
              "all_of": [
                {
                  "test": "has_equipment",
                  "subject": "self",
                  "domain": "hand",
                  "value": "nk:spiderman"
                }
              ]
            },
            "event": "nk:spiderman_event_hold"
          }
        },
        {
          "on_environment": {
            "filters": {
              "all_of": [
                {
                  "test": "has_equipment",
                  "subject": "self",
                  "domain": "head",
                  "value": "nk:spiderman"
                }
              ]
            },
            "event": "nk:spiderman_event_play"
          }
        },
        {
          "on_environment": {
            "filters": {
              "all_of": [
                {
                  "test": "has_equipment",
                  "subject": "self",
                  "domain": "hand",
                  "value": "nk:spidermanraimi"
                }
              ]
            },
            "event": "nk:spidermanraimi_event_hold"
          }
        },
        {
          "on_environment": {
            "filters": {
              "all_of": [
                {
                  "test": "has_equipment",
                  "subject": "self",
                  "domain": "head",
                  "value": "nk:spidermanraimi"
                }
              ]
            },
            "event": "nk:spidermanraimi_event_play"
          }
        },
        {
          "on_environment": {
            "filters": {
              "all_of": [
                {
                  "test": "has_equipment",
                  "subject": "self",
                  "domain": "hand",
                  "value": "nk:spidermantasm"
                }
              ]
            },
            "event": "nk:spidermantasm_event_hold"
          }
        },
        {
          "on_environment": {
            "filters": {
              "all_of": [
                {
                  "test": "has_equipment",
                  "subject": "self",
                  "domain": "head",
                  "value": "nk:spidermantasm"
                }
              ]
            },
            "event": "nk:spidermantasm_event_play"
          }
        },
        {
          "on_environment": {
            "filters": {
              "all_of": [
                {
                  "test": "has_equipment",
                  "subject": "self",
                  "domain": "hand",
                  "value": "nk:mysterio"
                }
              ]
            },
            "event": "nk:mysterio_event_hold"
          }
        },
        {
          "on_environment": {
            "filters": {
              "all_of": [
                {
                  "test": "has_equipment",
                  "subject": "self",
                  "domain": "head",
                  "value": "nk:mysterio"
                }
              ]
            },
            "event": "nk:mysterio_event_play"
          }
        },
        {
          "on_environment": {
            "filters": {
              "all_of": [
                {
                  "test": "has_equipment",
                  "subject": "self",
                  "domain": "hand",
                  "value": "nk:spidermanmiles"
                }
              ]
            },
            "event": "nk:spidermanmiles_event_hold"
          }
        },
        {
          "on_environment": {
            "filters": {
              "all_of": [
                {
                  "test": "has_equipment",
                  "subject": "self",
                  "domain": "head",
                  "value": "nk:spidermanmiles"
                }
              ]
            },
            "event": "nk:spidermanmiles_event_play"
          }
        },
        {
          "on_environment": {
            "filters": {
              "all_of": [
                {
                  "test": "has_equipment",
                  "subject": "self",
                  "domain": "hand",
                  "value": "nk:spidermanps4"
                }
              ]
            },
            "event": "nk:spidermanps4_event_hold"
          }
        },
        {
          "on_environment": {
            "filters": {
              "all_of": [
                {
                  "test": "has_equipment",
                  "subject": "self",
                  "domain": "head",
                  "value": "nk:spidermanps4"
                }
              ]
            },
            "event": "nk:spidermanps4_event_play"
          }
        },
        {
          "on_environment": {
            "filters": {
              "all_of": [
                {
                  "test": "has_equipment",
                  "subject": "self",
                  "domain": "hand",
                  "value": "nk:spidermantasmfirst"
                }
              ]
            },
            "event": "nk:spidermantasmfirst_event_hold"
          }
        },
        {
          "on_environment": {
            "filters": {
              "all_of": [
                {
                  "test": "has_equipment",
                  "subject": "self",
                  "domain": "head",
                  "value": "nk:spidermantasmfirst"
                }
              ]
            },
            "event": "nk:spidermantasmfirst_event_play"
          }
        },
        {
          "on_environment": {
            "filters": {
              "all_of": [
                {
                  "test": "has_equipment",
                  "subject": "self",
                  "domain": "hand",
                  "value": "nk:spidermanbigtime"
                }
              ]
            },
            "event": "nk:spidermanbigtime_event_hold"
          }
        },
        {
          "on_environment": {
            "filters": {
              "all_of": [
                {
                  "test": "has_equipment",
                  "subject": "self",
                  "domain": "head",
                  "value": "nk:spidermanbigtime"
                }
              ]
            },
            "event": "nk:spidermanbigtime_event_play"
          }
        },
        {
          "on_environment": {
            "filters": {
              "all_of": [
                {
                  "test": "has_equipment",
                  "subject": "self",
                  "domain": "hand",
                  "value": "nk:spidermanscarlet"
                }
              ]
            },
            "event": "nk:spidermanscarlet_event_hold"
          }
        },
        {
          "on_environment": {
            "filters": {
              "all_of": [
                {
                  "test": "has_equipment",
                  "subject": "self",
                  "domain": "head",
                  "value": "nk:spidermanscarlet"
                }
              ]
            },
            "event": "nk:spidermanscarlet_event_play"
          }
        },
        {
          "on_environment": {
            "filters": {
              "all_of": [
                {
                  "test": "has_equipment",
                  "subject": "self",
                  "domain": "hand",
                  "value": "nk:spidermanmilesmcu"
                }
              ]
            },
            "event": "nk:spidermanmilesmcu_event_hold"
          }
        },
        {
          "on_environment": {
            "filters": {
              "all_of": [
                {
                  "test": "has_equipment",
                  "subject": "self",
                  "domain": "head",
                  "value": "nk:spidermanmilesmcu"
                }
              ]
            },
            "event": "nk:spidermanmilesmcu_event_play"
          }
        },
        {
          "on_environment": {
            "filters": {
              "all_of": [
                {
                  "test": "has_equipment",
                  "subject": "self",
                  "domain": "hand",
                  "value": "mc:greengoblin"
                }
              ]
            },
            "event": "mc:greengoblin_event_hold"
          }
        },
        {
          "on_environment": {
            "filters": {
              "all_of": [
                {
                  "test": "has_equipment",
                  "subject": "self",
                  "domain": "head",
                  "value": "mc:greengoblin"
                }
              ]
            },
            "event": "mc:greengoblin_event_play"
          }
        },
        {
          "on_environment": {
            "filters": {
              "all_of": [
                {
                  "test": "has_equipment",
                  "subject": "self",
                  "domain": "hand",
                  "value": "nk:spidermansuperior"
                }
              ]
            },
            "event": "nk:spidermansuperior_event_hold"
          }
        },
        {
          "on_environment": {
            "filters": {
              "all_of": [
                {
                  "test": "has_equipment",
                  "subject": "self",
                  "domain": "head",
                  "value": "nk:spidermansuperior"
                }
              ]
            },
            "event": "nk:spidermansuperior_event_play"
          }
        },
        {
          "on_environment": {
            "filters": {
              "all_of": [
                {
                  "test": "has_equipment",
                  "subject": "self",
                  "domain": "hand",
                  "value": "nk:spiderman2099"
                }
              ]
            },
            "event": "nk:spiderman2099_event_hold"
          }
        },
        {
          "on_environment": {
            "filters": {
              "all_of": [
                {
                  "test": "has_equipment",
                  "subject": "self",
                  "domain": "head",
                  "value": "nk:spiderman2099"
                }
              ]
            },
            "event": "nk:spiderman2099_event_play"
          }
        },
        {
          "on_environment": {
            "filters": {
              "all_of": [
                {
                  "test": "has_equipment",
                  "subject": "self",
                  "domain": "hand",
                  "value": "mc:prowler"
                }
              ]
            },
            "event": "mc:prowler_event_hold"
          }
        },
        {
          "on_environment": {
            "filters": {
              "all_of": [
                {
                  "test": "has_equipment",
                  "subject": "self",
                  "domain": "head",
                  "value": "mc:prowler"
                }
              ]
            },
            "event": "mc:prowler_event_play"
          }
        },
        {
          "on_environment": {
            "filters": {
              "all_of": [
                {
                  "test": "has_equipment",
                  "subject": "self",
                  "domain": "hand",
                  "value": "mc:vulture"
                }
              ]
            },
            "event": "mc:vulture_event_hold"
          }
        },
        {
          "on_environment": {
            "filters": {
              "all_of": [
                {
                  "test": "has_equipment",
                  "subject": "self",
                  "domain": "head",
                  "value": "mc:vulture"
                }
              ]
            },
            "event": "mc:vulture_event_play"
          }
        },
        {
          "on_environment": {
            "filters": {
              "all_of": [
                {
                  "test": "has_equipment",
                  "subject": "self",
                  "domain": "hand",
                  "value": "mc:rhino"
                }
              ]
            },
            "event": "mc:rhino_event_hold"
          }
        },
        {
          "on_environment": {
            "filters": {
              "all_of": [
                {
                  "test": "has_equipment",
                  "subject": "self",
                  "domain": "head",
                  "value": "mc:rhino"
                }
              ]
            },
            "event": "mc:rhino_event_play"
          }
        },
        {
          "on_environment": {
            "filters": {
              "all_of": [
                {
                  "test": "has_equipment",
                  "subject": "self",
                  "domain": "hand",
                  "value": "mc:docock"
                }
              ]
            },
            "event": "mc:docock_event_hold"
          }
        },
        {
          "on_environment": {
            "filters": {
              "all_of": [
                {
                  "test": "has_equipment",
                  "subject": "self",
                  "domain": "head",
                  "value": "mc:docock"
                }
              ]
            },
            "event": "mc:docock_event_play"
          }
        }
      ],
      "minecraft:player.saturation": {
        "value": 20
      },
      "minecraft:player.exhaustion": {
        "value": 0,
        "max": 4
      },
      "minecraft:player.level": {
        "value": 0,
        "max": 24791
      },
      "minecraft:player.experience": {
        "value": 0,
        "max": 1
      },
      "minecraft:breathable": {
        "totalSupply": 15,
        "suffocateTime": -1,
        "inhaleTime": 3.75,
        "generatesBubbles": false
      },
      "minecraft:nameable": {
        "alwaysShow": true,
        "allowNameTagRenaming": false
      },
      "minecraft:physics": {},
      "minecraft:insomnia": {
        "days_until_insomnia": 3
      },
      "minecraft:rideable": {
        "seat_count": 2,
        "family_types": [
          "parrot_tame"
        ],
        "pull_in_entities": true,
        "seats": [
          {
            "position": [
              0.4,
              -0.15,
              0.04
            ],
            "min_rider_count": 0,
            "max_rider_count": 0,
            "lock_rider_rotation": 0
          },
          {
            "position": [
              -0.4,
              -0.15,
              0.04
            ],
            "min_rider_count": 1,
            "max_rider_count": 2,
            "lock_rider_rotation": 0
          }
        ]
      },
      "minecraft:scaffolding_climber": {}
    },
    "events": {
      "minecraft:normal_player": {
        "add": {
          "component_groups": [
            "minecraft:normal_player"
          ]
        },
        "remove": {
          "component_groups": [
            "mc:scorpion_event_hold",
            "mc:scorpion_event_play",
            "nk:spidermanffh_event_hold",
            "nk:spidermanffh_event_play",
            "nk:spiderman_event_hold",
            "nk:spiderman_event_play",
            "nk:spidermanraimi_event_hold",
            "nk:spidermanraimi_event_play",
            "nk:spidermantasm_event_hold",
            "nk:spidermantasm_event_play",
            "nk:mysterio_event_hold",
            "nk:mysterio_event_play",
            "nk:spidermanmiles_event_hold",
            "nk:spidermanmiles_event_play",
            "nk:spidermanps4_event_hold",
            "nk:spidermanps4_event_play",
            "nk:spidermantasmfirst_event_hold",
            "nk:spidermantasmfirst_event_play",
            "nk:spidermanbigtime_event_hold",
            "nk:spidermanbigtime_event_play",
            "nk:spidermanscarlet_event_hold",
            "nk:spidermanscarlet_event_play",
            "nk:spidermanmilesmcu_event_hold",
            "nk:spidermanmilesmcu_event_play",
            "mc:greengoblin_event_hold",
            "mc:greengoblin_event_play",
            "nk:spidermansuperior_event_hold",
            "nk:spidermansuperior_event_play",
            "nk:spiderman2099_event_hold",
            "nk:spiderman2099_event_play",
            "mc:prowler_event_hold",
            "mc:prowler_event_play",
            "mc:vulture_event_hold",
            "mc:vulture_event_play",
            "mc:rhino_event_hold",
            "mc:rhino_event_play",
            "mc:docock_event_hold",
            "mc:docock_event_play"
          ]
        }
      },
      "minecraft:entity_spawned": {
        "add": {
          "component_groups": [
            "minecraft:normal_player"
          ]
        },
        "remove": {}
      },
      "ammo:1": {
        "remove": {
          "component_groups": [
            "ammo:1"
          ]
        },
        "add": {
          "component_groups": [
            "ammo:1"
          ]
        }
      },
      "ammo:2": {
        "remove": {
          "component_groups": [
            "ammo:2"
          ]
        },
        "add": {
          "component_groups": [
            "ammo:2"
          ]
        }
      },
      "mc:blast_fire": {
        "add": {
          "component_groups": [
            "mc:blast_fire"
          ]
        }
      },
      "nk:removeitem_fire": {
        "add": {
          "component_groups": [
            "nk:removeitem_fire"
          ]
        }
      },
      "mc:webshooter_fire": {
        "add": {
          "component_groups": [
            "mc:webshooter_fire"
          ]
        }
      },
      "mc:webszip_fire": {
        "add": {
          "component_groups": [
            "mc:webszip_fire"
          ]
        }
      },
      "mc:webshooterfast_fire": {
        "add": {
          "component_groups": [
            "mc:webshooterfast_fire"
          ]
        }
      },
      "mc:webshooterexpl_fire": {
        "add": {
          "component_groups": [
            "mc:webshooterexpl_fire"
          ]
        }
      },
      "nk:unmask_fire": {
        "add": {
          "component_groups": [
            "nk:unmask_fire"
          ]
        }
      },
      "mc:webbomb_fire": {
        "add": {
          "component_groups": [
            "mc:webbomb_fire"
          ]
        }
      },
      "mc:webswing_fire": {
        "add": {
          "component_groups": [
            "mc:webswing_fire"
          ]
        }
      },
      "mc:websling_fire": {
        "add": {
          "component_groups": [
            "mc:websling_fire"
          ]
        }
      },
      "mc:mysteriomagic_fire": {
        "add": {
          "component_groups": [
            "mc:mysteriomagic_fire"
          ]
        }
      },
      "mc:mysteriomagictwo_fire": {
        "add": {
          "component_groups": [
            "mc:mysteriomagictwo_fire"
          ]
        }
      },
      "mc:pmkinbomb_fire": {
        "add": {
          "component_groups": [
            "mc:pmkinbomb_fire"
          ]
        }
      },
      "mc:grab_fire": {
        "add": {
          "component_groups": [
            "mc:grab_fire"
          ]
        }
      },
      "mc:suitdata_fire": {
        "add": {
          "component_groups": [
            "mc:suitdata_fire"
          ]
        }
      },
      "mc:webset_fire": {
        "add": {
          "component_groups": [
            "mc:webset_fire"
          ]
        }
      },
      "mc:chitaurigun_fire": {
        "add": {
          "component_groups": [
            "mc:chitaurigun_fire"
          ]
        }
      },
      "mc:scorpion_event_hold": {
        "add": {
          "component_groups": [
            "mc:scorpion_event_hold"
          ]
        }
      },
      "mc:scorpion_event_play": {
        "add": {
          "component_groups": [
            "mc:scorpion_event_play"
          ]
        }
      },
      "nk:spidermanffh_event_hold": {
        "add": {
          "component_groups": [
            "nk:spidermanffh_event_hold"
          ]
        }
      },
      "nk:spidermanffh_event_play": {
        "add": {
          "component_groups": [
            "nk:spidermanffh_event_play"
          ]
        }
      },
      "nk:spiderman_event_hold": {
        "add": {
          "component_groups": [
            "nk:spiderman_event_hold"
          ]
        }
      },
      "nk:spiderman_event_play": {
        "add": {
          "component_groups": [
            "nk:spiderman_event_play"
          ]
        }
      },
      "nk:spidermanraimi_event_hold": {
        "add": {
          "component_groups": [
            "nk:spidermanraimi_event_hold"
          ]
        }
      },
      "nk:spidermanraimi_event_play": {
        "add": {
          "component_groups": [
            "nk:spidermanraimi_event_play"
          ]
        }
      },
      "nk:spidermantasm_event_hold": {
        "add": {
          "component_groups": [
            "nk:spidermantasm_event_hold"
          ]
        }
      },
      "nk:spidermantasm_event_play": {
        "add": {
          "component_groups": [
            "nk:spidermantasm_event_play"
          ]
        }
      },
      "nk:mysterio_event_hold": {
        "add": {
          "component_groups": [
            "nk:mysterio_event_hold"
          ]
        }
      },
      "nk:mysterio_event_play": {
        "add": {
          "component_groups": [
            "nk:mysterio_event_play"
          ]
        }
      },
      "nk:spidermanmiles_event_hold": {
        "add": {
          "component_groups": [
            "nk:spidermanmiles_event_hold"
          ]
        }
      },
      "nk:spidermanmiles_event_play": {
        "add": {
          "component_groups": [
            "nk:spidermanmiles_event_play"
          ]
        }
      },
      "nk:spidermanps4_event_hold": {
        "add": {
          "component_groups": [
            "nk:spidermanps4_event_hold"
          ]
        }
      },
      "nk:spidermanps4_event_play": {
        "add": {
          "component_groups": [
            "nk:spidermanps4_event_play"
          ]
        }
      },
      "nk:spidermantasmfirst_event_hold": {
        "add": {
          "component_groups": [
            "nk:spidermantasmfirst_event_hold"
          ]
        }
      },
      "nk:spidermantasmfirst_event_play": {
        "add": {
          "component_groups": [
            "nk:spidermantasmfirst_event_play"
          ]
        }
      },
      "nk:spidermanbigtime_event_hold": {
        "add": {
          "component_groups": [
            "nk:spidermanbigtime_event_hold"
          ]
        }
      },
      "nk:spidermanbigtime_event_play": {
        "add": {
          "component_groups": [
            "nk:spidermanbigtime_event_play"
          ]
        }
      },
      "nk:spidermanscarlet_event_hold": {
        "add": {
          "component_groups": [
            "nk:spidermanscarlet_event_hold"
          ]
        }
      },
      "nk:spidermanscarlet_event_play": {
        "add": {
          "component_groups": [
            "nk:spidermanscarlet_event_play"
          ]
        }
      },
      "nk:spidermanmilesmcu_event_hold": {
        "add": {
          "component_groups": [
            "nk:spidermanmilesmcu_event_hold"
          ]
        }
      },
      "nk:spidermanmilesmcu_event_play": {
        "add": {
          "component_groups": [
            "nk:spidermanmilesmcu_event_play"
          ]
        }
      },
      "mc:greengoblin_event_hold": {
        "add": {
          "component_groups": [
            "mc:greengoblin_event_hold"
          ]
        }
      },
      "mc:greengoblin_event_play": {
        "add": {
          "component_groups": [
            "mc:greengoblin_event_play"
          ]
        }
      },
      "nk:spidermansuperior_event_hold": {
        "add": {
          "component_groups": [
            "nk:spidermansuperior_event_hold"
          ]
        }
      },
      "nk:spidermansuperior_event_play": {
        "add": {
          "component_groups": [
            "nk:spidermansuperior_event_play"
          ]
        }
      },
      "nk:spiderman2099_event_hold": {
        "add": {
          "component_groups": [
            "nk:spiderman2099_event_hold"
          ]
        }
      },
      "nk:spiderman2099_event_play": {
        "add": {
          "component_groups": [
            "nk:spiderman2099_event_play"
          ]
        }
      },
      "mc:prowler_event_hold": {
        "add": {
          "component_groups": [
            "mc:prowler_event_hold"
          ]
        }
      },
      "mc:prowler_event_play": {
        "add": {
          "component_groups": [
            "mc:prowler_event_play"
          ]
        }
      },
      "mc:vulture_event_hold": {
        "add": {
          "component_groups": [
            "mc:vulture_event_hold"
          ]
        }
      },
      "mc:vulture_event_play": {
        "add": {
          "component_groups": [
            "mc:vulture_event_play"
          ]
        }
      },
      "mc:rhino_event_hold": {
        "add": {
          "component_groups": [
            "mc:rhino_event_hold"
          ]
        }
      },
      "mc:rhino_event_play": {
        "add": {
          "component_groups": [
            "mc:rhino_event_play"
          ]
        }
      },
      "mc:docock_event_hold": {
        "add": {
          "component_groups": [
            "mc:docock_event_hold"
          ]
        }
      },
      "mc:docock_event_play": {
        "add": {
          "component_groups": [
            "mc:docock_event_play"
          ]
        }
      }
    }
  }
}