{
	"format_version": "1.10.0",
	"minecraft:client_entity": {
		"description": {
			"identifier": "pd:anquilosaurus",
			"materials": {
				"default": "skeleton"
			},
			"textures": {
				"default": "textures/entity/anquilosaurus"
			},
			"geometry": {
				"default": "geometry.anquilosaurus"
			},
			"render_controllers": [
				"controller.render.anquilosaurus"
			],
			"spawn_egg": {
				"base_color": "#433634",
				"overlay_color": "#563031"
			},
			"animations": {
				"default": "animation.anquilosaurus.default",
				"sleep": "animation.anquilosaurus.sleep",
				"move": "animation.anquilosaurus.move",
				"landattack": "animation.anquilosaurus.attack",
				"swim": "animation.anquilosaurus.swim",
				"general": "controller.animation.spinosaurus_dt.general"
			},
			"scripts": {
				"scale": "0.94",
				"animate": [
					"general"
				]
			}
		}
	}
}