{
	"format_version": "1.10.0",
	"minecraft:client_entity": {
		"description": {
			"identifier": "pd:aramberri",
			"materials": {
				"default": "skeleton"
			},
			"textures": {
				"default": "textures/entity/aramberri"
			},
			"geometry": {
				"default": "geometry.aramberri"
			},
			"render_controllers": [
				"controller.render.macroplata"
			],
			"spawn_egg": {
				"base_color": "#42ccec",
				"overlay_color": "#dadbda"
			},
			"animations": {
				"idle": "animation.aramberri.death",
				"walk": "animation.aramberri.death",
				"attack": "animation.aramberri.attack",
				"swim": "animation.aramberri.swim",
				"general": "controller.animation.rex"
			},
			"scripts": {
				"scale": "1.61",
				"animate": [
					"general"
				]
			}
		}
	}
}