{
	"format_version": "1.10.0",
	"minecraft:client_entity": {
		"description": {
			"identifier": "pd:araripesuchus",
			"materials": {
				"default": "skeleton"
			},
			"textures": {
				"default": "textures/entity/araripesuchus"
			},
			"geometry": {
				"default": "geometry.araripesuchus"
			},
			"render_controllers": [
				"controller.render.araripesuchus"
			],
			"spawn_egg": {
				"base_color": "#3a932a",
				"overlay_color": "#69de54"
			},
			"animations": {
				"default": "animation.Araripesuchus.default",
				"sleep": "animation.Araripesuchus.sleep",
				"move": "animation.Araripesuchus.move",
				"landattack": "animation.Araripesuchus.attack",
				"attack": "animation.Araripesuchus.attack",
				"swim": "animation.Araripesuchus.swim",
				"general": "controller.animation.spinosaurus_dt.general"
			},
			"scripts": {
				"scale": "0.60",
				"animate": [
					"general"
				]
			}
		}
	}
}