{
	"format_version": "1.10.0",
	"minecraft:client_entity": {
		"description": {
			"identifier": "pd:brachiosaurus",
			"materials": {
				"default": "skeleton"
			},
			"textures": {
				"default": "textures/entity/brachiosaurus"
			},
			"geometry": {
				"default": "geometry.brachiosaurus"
			},
			"render_controllers": [
				"controller.render.brachiosaurus"
			],
			"spawn_egg": {
				"base_color": "#5d3f24",
				"overlay_color": "#b09b17"
			},
			"animations": {
				"default": "animation.brachiosaurus.default",
				"sleep": "animation.brachiosaurus.sleep",
				"move": "animation.brachiosaurus.move",
				"landattack": "animation.brachiosaurus.landattack",
				"swim": "animation.brachiosaurus.swim",
				"general": "controller.animation.spinosaurus_dt.general"
			},
			"scripts": {
				"scale": "2.26",
				"animate": [
					"general"
				]
			}
		}
	}
}