{
	"format_version": "1.10.0",
	"minecraft:client_entity": {
		"description": {
			"identifier": "pd:carcharo",
			"materials": {
				"default": "skeleton"
			},
			"textures": {
				"default": "textures/entity/carcharodontosaurus"
			},
			"geometry": {
				"default": "geometry.carcharodontosaurus"
			},
			"render_controllers": [
				"controller.render.carcharodontosaurus"
			],
			"spawn_egg": {
				"base_color": "#713f27",
				"overlay_color": "#3c9898"
			},
			"animations": {
				"idle": "animation.Carcharodontosaurus.idle",
				"walk": "animation.Carcharodontosaurus.walk",
				"attack": "animation.Carcharodontosaurus.attack",
				"swim": "animation.Carcharodontosaurus.swim",
				"general": "controller.animation.rex"
			},
			"scripts": {
				"scale": "0.88",
				"animate": [
					"general"
				]
			}
		}
	}
}