{
	"format_version": "1.10.0",
	"minecraft:client_entity": {
		"description": {
			"identifier": "pd:carnotaurus",
			"materials": {
				"default": "skeleton"
			},
			"textures": {
				"default": "textures/entity/carnotaurus"
			},
			"geometry": {
				"default": "geometry.carnotaurus"
			},
			"render_controllers": [
				"controller.render.carnotaurus"
			],
			"spawn_egg": {
				"base_color": "#6d2b2b",
				"overlay_color": "#316931"
			},
			"animations": {
				"default": "animation.carnotaurus.default",
				"sleep": "animation.carnotaurus.sleep",
				"move": "animation.carnotaurus.move",
				"landattack": "animation.carnotaurus.landattack",
				"swim": "animation.carnotaurus.swim",
				"general": "controller.animation.spinosaurus_dt.general"
			},
			"scripts": {
				"scale": "1.31",
				"animate": [
					"general"
				]
			}
		}
	}
}