{
	"format_version": "1.8.0",
	"minecraft:client_entity": {
		"description": {
			"identifier": "pd:cryodrakon",
			"materials": {
				"default": "skeleton"
			},
			"textures": {
				"default": "textures/entity/cryodrakon"
			},
			"geometry": {
				"default": "geometry.cryodrakon"
			},
			"animations": {
				"flying_attack": "animation.cryodrakon.fly_attack",
				"land_attack": "animation.cryodrakon.attack",
				"flying": "animation.cryodrakon.fly",
				"default": "animation.cryodrakon.idle",
				"sitting": "animation.cryodrakon.idle",
				"move": "animation.cryodrakon.move",
				"sleep": "animation.cryodrakon.sleep",
				"roar": "animation.cryodrakon.roar",
				"casting": "animation.cryodrakon.roar"
			},
			"animation_controllers": [
				{
					"general": "controller.animation.pcfly.general"
				}
			],
			"render_controllers": [
				"controller.render.default"
			],
			"spawn_egg": {
				"base_color": "#1a1a19",
				"overlay_color": "#ed6e18"
			}
		}
	}
}