{
	"format_version": "1.10.0",
	"minecraft:client_entity": {
		"description": {
			"identifier": "pd:deinotherium",
			"materials": {
				"default": "skeleton"
			},
			"textures": {
				"default": "textures/entity/deinotherium"
			},
			"geometry": {
				"default": "geometry.deinotherium"
			},
			"render_controllers": [
				"controller.render.deinotherium"
			],
			"spawn_egg": {
				"base_color": "#a5aaa4",
				"overlay_color": "#6d6f6d"
			},
			"animations": {
				"idle": "animation.Deinotherium.idle",
				"walk": "animation.Deinotherium.walk",
				"attack": "animation.Deinotherium.attack",
				"swim": "animation.Deinotherium.swim",
				"general": "controller.animation.rex"
			},
			"scripts": {
				"scale": "1.11",
				"animate": [
					"general"
				]
			}
		}
	}
}