{
	"format_version": "1.10.0",
	"minecraft:client_entity": {
		"description": {
			"identifier": "pd:dunkleosteus",
			"materials": {
				"default": "skeleton"
			},
			"textures": {
				"default": "textures/entity/dunkleosteus"
			},
			"geometry": {
				"default": "geometry.dunkleosteus"
			},
			"render_controllers": [
				"controller.render.dunkleosteus"
			],
			"spawn_egg": {
				"base_color": "#f7f7f7",
				"overlay_color": "#554139"
			},
			"animations": {
				"idle": "animation.dunkleosteus.idle",
				"walk": "animation.dunkleosteus.walk",
				"attack": "animation.dunkleosteus.attack",
				"swim": "animation.dunkleosteus.swim",
				"general": "controller.animation.rex"
			},
			"scripts": {
				"scale": "1.35",
				"animate": [
					"general"
				]
			}
		}
	}
}