{
	"format_version": "1.10.0",
	"minecraft:client_entity": {
		"description": {
			"identifier": "pd:eonatator",
			"materials": {
				"default": "skeleton"
			},
			"textures": {
				"default": "textures/entity/eonatator"
			},
			"geometry": {
				"default": "geometry.eonatator"
			},
			"render_controllers": [
				"controller.render.macroplata"
			],
			"spawn_egg": {
				"base_color": "#bcbcbc",
				"overlay_color": "#649b45"
			},
			"animations": {
				"idle": "animation.eonatator.death",
				"walk": "animation.eonatator.walk",
				"attack": "animation.eonatator.attack",
				"swim": "animation.eonatator.swim",
				"general": "controller.animation.rex"
			},
			"scripts": {
				"scale": "0.95",
				"animate": [
					"general"
				]
			}
		}
	}
}