{
	"format_version": "1.8.0",
	"minecraft:client_entity": {
		"description": {
			"identifier": "pd:geostenbergia",
			"materials": {
				"default": "skeleton"
			},
			"textures": {
				"default": "textures/entity/geostenbergia"
			},
			"geometry": {
				"default": "geometry.geostenbergia"
			},
			"animations": {
				"flying_attack": "animation.geostenbergia.fly_attack",
				"land_attack": "animation.geostenbergia.landattack",
				"flying": "animation.geostenbergia.fly",
				"default": "animation.geostenbergia.idle",
				"sitting": "animation.geostenbergia.idle",
				"move": "animation.geostenbergia.move",
				"sleep": "animation.geostenbergia.sleep",
				"roar": "animation.geostenbergia.roar",
				"casting": "animation.geostenbergia.roar"
			},
			"animation_controllers": [
				{
					"general": "controller.animation.pcfly.general"
				}
			],
			"render_controllers": [
				"controller.render.default"
			],
			"spawn_egg": {
				"base_color": "#8a6841",
				"overlay_color": "#5d2c28"
			}
		}
	}
}