{
	"format_version": "1.10.0",
	"minecraft:client_entity": {
		"description": {
			"identifier": "pd:leedsichtys",
			"materials": {
				"default": "skeleton"
			},
			"textures": {
				"default": "textures/entity/leedsichtys"
			},
			"geometry": {
				"default": "geometry.leedsichtys"
			},
			"render_controllers": [
				"controller.render.leedsicthys"
			],
			"spawn_egg": {
				"base_color": "#2c5fbd",
				"overlay_color": "#f8f8f8"
			},
			"animations": {
				"idle": "animation.Leedsicthys.idle",
				"walk": "animation.Leedsicthys.walk",
				"attack": "animation.Leedsicthys.attack",
				"swim": "animation.Leedsicthys.swim",
				"general": "controller.animation.rex"
			},
			"scripts": {
				"animate": [
					"general"
				]
			}
		}
	}
}