{
	"format_version": "1.10.0",
	"minecraft:client_entity": {
		"description": {
			"identifier": "pd:leptoceratops",
			"materials": {
				"default": "skeleton"
			},
			"textures": {
				"default": "textures/entity/leptoceratops"
			},
			"geometry": {
				"default": "geometry.leptoceratops"
			},
			"render_controllers": [
				"controller.render.leptoceratops"
			],
			"spawn_egg": {
				"base_color": "#1d1e22",
				"overlay_color": "#f0ece0"
			},
			"animations": {
				"idle": "animation.leptoceratops.idle",
				"walk": "animation.leptoceratops.walk",
				"attack": "animation.Leptoceratops..attack",
				"swim": "animation.Leptoceratops..swim",
				"general": "controller.animation.dinosaur"
			},
			"scripts": {
				"scale": "0.73",
				"animate": [
					"general"
				]
			}
		}
	}
}