{
	"format_version": "1.10.0",
	"minecraft:client_entity": {
		"description": {
			"identifier": "pd:miragaia",
			"materials": {
				"default": "skeleton"
			},
			"textures": {
				"default": "textures/entity/miragaia"
			},
			"geometry": {
				"default": "geometry.miragaia"
			},
			"render_controllers": [
				"controller.render.miragaia"
			],
			"spawn_egg": {
				"base_color": "#4d392e",
				"overlay_color": "#813d35"
			},
			"animations": {
				"idle": "animation.Miragaia.idle",
				"walk": "animation.Miragaia.walk",
				"attack": "animation.Miragaia.attack",
				"swim": "animation.Miragaia.swim",
				"general": "controller.animation.miragaia"
			},
			"scripts": {
				"animate": [
					"general"
				]
			}
		}
	}
}