{
	"format_version": "1.10.0",
	"minecraft:client_entity": {
		"description": {
			"identifier": "pd:ohmdenosaurus",
			"materials": {
				"default": "skeleton"
			},
			"textures": {
				"default": "textures/entity/ohmdenosaurus"
			},
			"geometry": {
				"default": "geometry.ohmdenosaurus"
			},
			"render_controllers": [
				"controller.render.ohmdenosaurus"
			],
			"spawn_egg": {
				"base_color": "#b73808",
				"overlay_color": "#323379"
			},
			"animations": {
				"idle": "animation.ohmdenosaurus.idle",
				"walk": "animation.ohmdenosaurus.walk",
				"attack": "animation.ohmdenosaurus.attack",
				"swim": "animation.ohmdenosaurus.swim",
				"general": "controller.animation.dinosaur"
			},
			"scripts": {
				"scale": "1.15",
				"animate": [
					"general"
				]
			}
		}
	}
}