{
	"format_version": "1.10.0",
	"minecraft:client_entity": {
		"description": {
			"identifier": "pd:prionosuchus",
			"materials": {
				"default": "skeleton"
			},
			"textures": {
				"default": "textures/entity/prionosuchus"
			},
			"geometry": {
				"default": "geometry.prionosuchus"
			},
			"render_controllers": [
				"controller.render.prionosuchus"
			],
			"spawn_egg": {
				"base_color": "#d7682d",
				"overlay_color": "#ae6c4b"
			},
			"animations": {
				"default": "animation.prionosuchus.default",
				"move": "animation.prionosuchus.move",
				"landattack": "animation.prionosuchus.landattack",
				"attack": "animation.prionosuchus.attack",
				"swim": "animation.prionosuchus.swim",
				"general": "controller.animation.spinosaurus_dt.general"
			},
			"scripts": {
				"scale": "1.09",
				"animate": [
					"general"
				]
			}
		}
	}
}