{
	"format_version": "1.10.0",
	"minecraft:client_entity": {
		"description": {
			"identifier": "pd:puru",
			"materials": {
				"default": "skeleton"
			},
			"textures": {
				"default": "textures/entity/purusaurus_male"
			},
			"geometry": {
				"default": "geometry.purusaurus"
			},
			"render_controllers": [
				"controller.render.purusaurus"
			],
			"spawn_egg": {
				"base_color": "#626539",
				"overlay_color": "#989259"
			},
			"animations": {
				"idle": "animation.Purusaurus.idle",
				"walk": "animation.Purusaurus.walk",
				"attack": "animation.Purusaurus.attack",
				"swim": "animation.Purusaurus.swim",
				"general": "controller.animation.rex"
			},
			"scripts": {
				"scale": "1.14",
				"animate": [
					"general"
				]
			}
		}
	}
}