{
	"format_version": "1.10.0",
	"minecraft:client_entity": {
		"description": {
			"identifier": "pd:pycnonemossauro",
			"materials": {
				"default": "skeleton"
			},
			"textures": {
				"default": "textures/entity/pycnonemossauro"
			},
			"geometry": {
				"default": "geometry.pycnonemossauro"
			},
			"render_controllers": [
				"controller.render.pycnonemossauro"
			],
			"spawn_egg": {
				"base_color": "#222121",
				"overlay_color": "#5c3700"
			},
			"animations": {
				"default": "animation.pycnonemossauro.default",
				"sleep": "animation.pycnonemossauro.sleep",
				"move": "animation.pycnonemossauro.move",
				"landattack": "animation.pycnonemossauro.landattack",
				"swim": "animation.pycnonemossauro.swim",
				"general": "controller.animation.spinosaurus_dt.general"
			},
			"scripts": {
				"scale": "1.09",
				"animate": [
					"general"
				]
			}
		}
	}
}