{
	"format_version": "1.10.0",
	"minecraft:client_entity": {
		"description": {
			"identifier": "pd:sarcosushus",
			"materials": {
				"default": "skeleton"
			},
			"textures": {
				"default": "textures/entity/sarcosushus"
			},
			"geometry": {
				"default": "geometry.sarcosushus"
			},
			"render_controllers": [
				"controller.render.sarcosushus"
			],
			"spawn_egg": {
				"base_color": "#71412e",
				"overlay_color": "#88533d"
			},
			"animations": {
				"default": "animation.sarcosushus.default",
				"sleep": "animation.sarcosushus.sleep",
				"move": "animation.sarcosushus.move",
				"landattack": "animation.sarcosushus.attack",
				"attack": "animation.sarcosushus.attack",
				"swim": "animation.sarcosushus.swim",
				"general": "controller.animation.spinosaurus_dt.general"
			},
			"scripts": {
				"animate": [
					"general"
				]
			}
		}
	}
}