{
	"format_version": "1.10.0",
	"minecraft:client_entity": {
		"description": {
			"identifier": "pd:suchomimus",
			"materials": {
				"default": "skeleton"
			},
			"textures": {
				"default": "textures/entity/suchomimus"
			},
			"geometry": {
				"default": "geometry.suchomimus"
			},
			"render_controllers": [
				"controller.render.suchomimus"
			],
			"spawn_egg": {
				"base_color": "#7c6363",
				"overlay_color": "#bea674"
			},
			"animations": {
				"default": "animation.suchomimus.default",
				"sleep": "animation.suchomimus.sleep",
				"move": "animation.suchomimus.move",
				"landattack": "animation.suchomimus.landattack",
				"swim": "animation.suchomimus.swim",
				"general": "controller.animation.spinosaurus_dt.general"
			},
			"scripts": {
				"scale": "1.31",
				"animate": [
					"general"
				]
			}
		}
	}
}