{
	"format_version": "1.10.0",
	"minecraft:client_entity": {
		"description": {
			"identifier": "pd:tarbo",
			"materials": {
				"default": "skeleton"
			},
			"textures": {
				"default": "textures/entity/tarbosaurus"
			},
			"geometry": {
				"default": "geometry.tarbosaurus"
			},
			"render_controllers": [
				"controller.render.tarbosaurus"
			],
			"spawn_egg": {
				"base_color": "#4d221f",
				"overlay_color": "#97744c"
			},
			"animations": {
				"default": "animation.Tarbosaurus.default",
				"sleep": "animation.Tarbosaurus.sleep",
				"move": "animation.Tarbosaurus.move",
				"landattack": "animation.Tarbosaurus.landattack",
				"swim": "animation.Tarbosaurus.swim",
				"general": "controller.animation.spinosaurus_dt.general"
			},
			"scripts": {
				"scale": "0.91",
				"animate": [
					"general"
				]
			}
		}
	}
}