{
	"format_version": "1.10.0",
	"minecraft:client_entity": {
		"description": {
			"identifier": "pd:tsaangan",
			"materials": {
				"default": "skeleton"
			},
			"textures": {
				"default": "textures/entity/tsaangan"
			},
			"geometry": {
				"default": "geometry.tsaangan"
			},
			"render_controllers": [
				"controller.render.tsaangan"
			],
			"spawn_egg": {
				"base_color": "#03f6ff",
				"overlay_color": "#03ff75"
			},
			"animations": {
				"default": "animation.tsaangan.default",
				"sleep": "animation.tsaangan.sleep",
				"move": "animation.tsaangan.move",
				"landattack": "animation.tsaangan.landattack",
				"swim": "animation.tsaangans.swim",
				"general": "controller.animation.spinosaurus_dt.general"
			},
			"scripts": {
				"scale": "0.67",
				"animate": [
					"general"
				]
			}
		}
	}
}