{
	"format_version": "1.8.0",
	"minecraft:client_entity": {
		"description": {
			"identifier": "pd:tupandactylus",
			"materials": {
				"default": "skeleton"
			},
			"textures": {
				"default": "textures/entity/tupandactylus"
			},
			"geometry": {
				"default": "geometry.tupandactylus"
			},
			"animations": {
				"flying_attack": "animation.tupandactylus.attack",
				"land_attack": "animation.tupandactylus.attack",
				"flying": "animation.tupandactylus.fly",
				"default": "animation.tupandactylus.idle",
				"sitting": "animation.tupandactylus.idle",
				"move": "animation.tupandactylus.move",
				"sleep": "animation.tupandactylus.sleep",
				"roar": "animation.tupandactylus.roar",
				"casting": "animation.tupandactylus.roar"
			},
			"animation_controllers": [
				{
					"general": "controller.animation.pcfly.general"
				}
			],
			"render_controllers": [
				"controller.render.default"
			],
			"spawn_egg": {
				"base_color": "#6d4b36",
				"overlay_color": "#7f4eec"
			}
		}
	}
}