{
	"format_version": "1.10.0",
	"minecraft:client_entity": {
		"description": {
			"identifier": "pd:tyrannosaurus",
			"materials": {
				"default": "skeleton"
			},
			"textures": {
				"default": "textures/entity/tyranno"
			},
			"geometry": {
				"default": "geometry.tyrannosaurus"
			},
			"render_controllers": [
				"controller.render.tyrannosaurus"
			],
			"spawn_egg": {
				"base_color": "#474747",
				"overlay_color": "#d9625f"
			},
			"animations": {
				"default": "animation.tyrannosaurus.default",
				"attack": "animation.tyrannosaurus.landattack",
				"sleep": "animation.tyrannosaurus.sleep",
				"move": "animation.tyrannosaurus.move",
				"landattack": "animation.tyrannosaurus.landattack",
				"swim": "animation.tyrannosaurus.swim",
				"general": "controller.animation.spinosaurus_dt.general"
			},
			"scripts": {
				"scale": "1.20",
				"animate": [
					"general"
				]
			}
		}
	}
}