{
  "format_version": "1.17.100",
  "minecraft:npc_dialogue": {
    "scenes": [
      //mmm
      {
        "scene_tag": "selectasosiyt",
        "npc_name": "MENU",
        "text": " ",
        "buttons": [
          {
            "name": {
              "rawtext": [
                {
                  "translate": "<<"
                }
              ]
            },
            "commands": [
              "execute @initiator ~~~ function pre"
            ]
          },
          {
            "name": {
              "rawtext": [
                {
                  "translate": "ok"
                }
              ]
            },
            "commands": [
              "execute @initiator ~~~ function ok"
            ]
          },
          {
            "name": {
              "rawtext": [
                {
                  "translate": ">>"
                }
              ]
            },
            "commands": [
              "execute @initiator ~~~ function next"
            ]
          }
        ]
      }
    ]
  }
}