{
  "format_version": "1.17.100",
  "minecraft:npc_dialogue": {
    "scenes": [
      //mmm
      {
        "scene_tag": "selectgadget",
        "npc_name": "/n",
        "text": " ",
        "buttons": [
          {
            "name": {
              "rawtext": [
                {
                  "translate": "<"
                }
              ]
            },
            "commands": [
              "execute @initiator ~~~ function pr"
            ]
          },
          {
            "name": {
              "rawtext": [
                {
                  "translate": "OK"
                }
              ]
            },
            "commands": [
              "execute @initiator ~~~ function ok"
            ]
          },
          {
            "name": {
              "rawtext": [
                {
                  "translate": ">"
                }
              ]
            },
            "commands": [
              "execute @initiator ~~~ function nx"
            ]
          }
        ]
      }
    ]
  }
}