{
	"format_version": "1.8.0",
	"animations": {
		"animation.test_for_gap": {
			"loop": true,
			"animation_length": 0.5,
			"timeline": {
				"0.0": ["/execute as @s at @s rotated ~ 0 anchored feet unless block ^ ^1 ^1 air if block ^ ^ ^1 air run event entity @s crawl"],
				"0.5": []
			}
		},
		"animation.start_curious": {
			"loop": "hold_on_last_frame",
			"animation_length": 9.5,
			"timeline": {
				"0.0": ["@s curious"],
				"4.3": ["@s remove_curious"],
				"4.6": ["@s roar"],
				"6.0": [],
				"6.5": ["/say starting to use spit"],
				"8.0": ["@s spit"],
				"8.7": ["@s remove_spit"],
				"9.5": ["@s remover"]
			}
		},
		"animation.headbutt": {
			"loop": "hold_on_last_frame",
			"animation_length": 1.7,
			"timeline": {
			  "0.1": ["@s headbutt", "/effect @s slowness 2 10 true"],
			  "0.5": [],
			  "0.6": [],
			  "0.8": [],
			  "1": ["/camerashake add @p[r=30] 0.5 0.2 positional", "/damage @e[type=!vl:carnotaurus,r=10] 2 contact", "/summon vl:knockback"],
			  "1.7": ["@s remove_headbutt"]
			}
		},
		"animation.stomp": {
			"loop": "hold_on_last_frame",
			"animation_length": 3,
			"timeline": {
				"0.0": [],
				"0.5": [],
				"1.0": [],
				"1.5": [],
				"1.7": ["/camerashake add @p[r=10] 0.4 0.4"],
				"2.1": [],
				"2.5": [],
				"3.0": []
			}
		},
		"animation.compy1": {
			"loop": true,
			"animation_length": 3,
			"timeline": {
				"0.0": ["/camerashake add @s 0.1 0.1", "/damage @s 1 entity_attack"],
				"0.5": [],
				"1.0": ["/camerashake add @s 0.1 0.1", "/damage @s 1 entity_attack"],
				"1.5": [],
				"1.7": ["/camerashake add @s 0.1 0.1", "/damage @s 1 entity_attack"],
				"2.1": [],
				"2.5": ["/camerashake add @s 0.1 0.1", "/damage @s 1 entity_attack"],
				"3.0": []
			}
		},
		"animation.compy3": {
			"loop": true,
			"animation_length": 3,
			"timeline": {
				"0.0": ["/camerashake add @s 0.1 0.1", "/damage @s 1 entity_attack"],
				"0.5": ["/damage @s 1 entity_attack"],
				"1.0": ["/camerashake add @s 0.1 0.1", "/damage @s 1 entity_attack"],
				"1.5": ["/damage @s 1 entity_attack"],
				"1.7": ["/camerashake add @s 0.1 0.1", "/damage @s 1 entity_attack"],
				"2.1": ["/damage @s 1 entity_attack"],
				"2.5": ["/camerashake add @s 0.1 0.1", "/damage @s 1 entity_attack"],
				"3.0": ["/damage @s 1 entity_attack"]
			}
		},
		"animation.triceratops": {
			"loop": "hold_on_last_frame",
			"animation_length": 2,
			"timeline": {
				"0.0": [],
				"0.5": [],
				"0.8": ["/camerashake add @p[r=10] 0.1 0.1","/summon vl:knockback ^^^1", "/playsound mob.trike_push.push_sound @p[r=15] ~~~ 0.5"],
				"1.5": [],
				"2.0": []
			}
		},
		"animation.get_off_compy":{
            "animation_length": 1,
            "loop": false,
            "timeline": {
                "0.0":["/title @s actionbar §r§c[|§r|||||||]§r"],
                "0.1":["/title @s actionbar §r§c[||§r||||||]§r"],
                "0.2":["/title @s actionbar §r§c[|||§r|||||]§r"],
                "0.3":["/title @s actionbar §r§c[||||§r||||]§r"],
                "0.4":["/title @s actionbar §r§c[|||||§r|||]§r"],
                "0.5":["/title @s actionbar §r§c[||||||§r||]§r"],
                "0.6":["/title @s actionbar §r§c[|||||||§r|]§r"],
                "0.7":["/title @s actionbar §r§c[||||||||§r]§r"],
                "0.8":["/title @s actionbar §r§c[|§c|§c|§c|§c|§c|§c|§c|§c]"],
                "0.9":["/title @s actionbar §r§c[! run compys are now off you !]", "/playsound note.bass @s"],
                "1.0":[]
            }
        }
	}
}