{
  "format_version": "1.10.0",
	"minecraft:entity": {
    "description": {
      "identifier": "c:swing",
      "is_spawnable": false,
      "is_summonable": true,
      "is_experimental": false
      },
	 "components": {
      "minecraft:damage_sensor": [
        {
         "cause": "all",
         "deals_damage": false
        }
      ],
      "minecraft:collision_box": {
		"width": 0.25,
		"height": 0.25
      },
      "minecraft:scale": {
        "value": 0.1
      },
      "minecraft:explode": {
       "fuseLength": 1,
       "fuseLit": true,
       "power": 0,
      "fireAffectedByGriefing": true,
       "destroyAffectedByGriefing": true,
       "breaks_blocks": false
      },
      "minecraft:behavior.knockback_roar": {
        "priority": 1,
        "duration": 0.1,
        "attack_time": 0.1,
        "knockback_damage": 0,
        "knockback_strength": 2,
        "knockback_range": 5,
        "knockback_filters": {
          "test": "is_family",
          "subject": "other",
          "operator": "==",
          "value": "technical"
      },
        "damage_filters": {
          "test": "is_family",
          "subject": "other",
          "operator": "=",
          "value": "none"
      },
        "on_roar_end": {
          "event": "vanish"
      },
        "cooldown_time": 0.01
      },
        "minecraft:pushable": {
          "is_pushable": false,
          "is_pushable_by_piston": true
         },
         "minecraft:physics": {
           "has_gravity": false,
           "has_collision": false
      }
    }
  }
}