{
  "format_version": "1.10.0",
  "minecraft:entity": {
    "description": {
      "identifier": "mc:tuzmoq",
      "is_spawnable": false,
      "is_summonable": true,
      "is_experimental": false
    },
    "component_groups": {
      "become_zombie": {
        "minecraft:transformation": {
          "into": "minecraft:zombie_villager"
        }
      },
      "baby": {
        "minecraft:is_baby": {},
        "minecraft:scale": {
          "value": 0.5
        },
        "minecraft:ageable": {
          "duration": 1200,
          "grow_up": {
            "event": "minecraft:ageable_grow_up",
            "target": "self"
          }
        },
        "minecraft:behavior.take_flower": {
          "priority": 7
        },
        "minecraft:behavior.play": {
          "priority": 8,
          "speed_multiplier": 0.32
        }
      },
      "adult": {
        "minecraft:behavior.make_love": {
          "priority": 6
        },
        "minecraft:behavior.receive_love": {
          "priority": 7
        }
      },
      "minecraft:pig_transform": {
        "minecraft:transformation": {
          "into": "minecraft:zombie_villager"
        }
      }
    },
    "components": {
      "minecraft:type_family": {
        "family": []
      },
      "minecraft:health": {
        "value": 30,
        "max": 30
      },
      "minecraft:collision_box": {
        "height": 1.8,
        "width": 0.6
      },
      "minecraft:movement": {
        "value": 0.0
      },
      "minecraft:navigation.walk": {
        "is_amphibious": true,
        "can_path_over_water": true,
        "can_pass_doors": true,
        "can_open_doors": true,
        "can_walk": true,
        "avoid_water": true
      },
      "minecraft:annotation.open_door": {},
      "minecraft:movement.basic": {},
      "minecraft:jump.static": {},
      "minecraft:can_climb": {},
      "minecraft:damage_sensor": [
        {
          "on_damage": {
            "filters": {
              "test": "is_family",
              "subject": "other",
              "value": "lightning"
            },
            "event": "become_witch"
          },
          "deals_damage": false
        },
        {
          "on_damage": {
            "filters": {
              "test": "is_family",
              "subject": "other",
              "value": "lightning"
            },
            "event": "become_zombie"
          },
          "deals_damage": true
        }
      ],
      "minecraft:behavior.move_indoors": {
        "priority": 4,
        "speed_multiplier": 0.8
      },
      "minecraft:behavior.restrict_open_door": {
        "priority": 5
      },
      "minecraft:behavior.move_towards_restriction": {
        "priority": 7,
        "speed_multiplier": 0.6
      },
      "minecraft:behavior.share_items": {
        "priority": 8,
        "max_dist": 3,
        "goal_radius": 2.0,
        "speed_multiplier": 0.5,
        "entity_types": [
          {
            "filters": {
              "test": "is_family",
              "subject": "other",
              "value": "villager"
            }
          }
        ]
      },
      "minecraft:behavior.random_stroll": {
        "priority": 11,
        "speed_multiplier": 0.6
      },
      "minecraft:behavior.look_at_player": {
        "priority": 12,
        "look_distance": 8,
        "probability": 0.02
      },
      "minecraft:physics": {},
      "minecraft:experience_reward": {
        "on_death": "query.last_hit_by_player ? 10 : 0"
      },
      "minecraft:underwater_movement": {
        "value": 0.02
      },
      "minecraft:scale": {
        "value": 1.1
      },
      "minecraft:rideable": {
        "seat_count": 2,
        "family_types": [
          "player",
          "zombie",
          "camel",
          "uchmoq",
          "monster",
          "immediate",
          "axolotl",
          "goat",
          "hoglin",
          "hoglin_baby",
          "adult_piglin",
          "piglin_brute",
          "strider",
          "strider_baby",
          "bat",
          "bee",
          "mob",
          "arthropod",
          "pacified",
          "cat",
          "fox",
          "panda",
          "panda_aggressive",
          "pillager",
          "illager",
          "ravager",
          "wandering_trader",
          "wandering_trader_despawning",
          "blaze",
          "cachalote",
          "cavespider",
          "chicken",
          "cow",
          "crab",
          "creeper",
          "dolphin",
          "donkey",
          "drowned",
          "undead",
          "guardian_elder",
          "dragon",
          "enderman",
          "endermite",
          "evocation_illager",
          "cod",
          "fish",
          "fishleon",
          "ghast",
          "guardian",
          "hammerhead_shark",
          "horse",
          "husk",
          "irongolem",
          "car",
          "llama",
          "magmacube",
          "mushroomcow",
          "mule",
          "ocelot",
          "octopus",
          "parrot_wild",
          "parrot_tame",
          "phantom",
          "pig",
          "piranha",
          "polarbear",
          "pufferfish",
          "rabbit",
          "salmon",
          "shark",
          "sheep",
          "shrimp",
          "shulker",
          "silverfish",
          "skeleton",
          "skeletonhorse",
          "slime",
          "snowgolem",
          "spider",
          "squid",
          "stingray",
          "stray",
          "turtle",
          "baby_turtle",
          "vex",
          "villager",
          "peasant",
          "farmer",
          "fisherman",
          "shepherd",
          "fletcher",
          "librarian",
          "cartographer",
          "priest",
          "cleric",
          "blacksmith",
          "armorer",
          "weaponsmith",
          "toolsmith",
          "artisan",
          "butcher",
          "leatherworker",
          "vindicator",
          "whale",
          "witch",
          "wither",
          "wolf",
          "zombiehorse",
          "zombie_pigman",
          "zombie_villager"
        ],
        "interact_text": "action.interact.mount",
        "pull_in_entities": true,
        "seats": [
          {
            "position": [
              0.0,
              1.0,
              -0.2
            ]
          },
          {
            "position": [
              0.0,
              1.0,
              0.0
            ],
            "min_rider_count": 0,
            "max_rider_count": 1
          }
        ]
      },
      "minecraft:addrider": {
        "entity_type": null
      },
      "minecraft:fire_immune": true,
      "minecraft:fall_damage": {
        "value": 0.0
      },
      "minecraft:knockback_resistance": {
        "value": 1.0,
        "max": 1.0
      },
      "minecraft:on_death": {
        "event": "on:death",
        "target": "self"
      },
      "minecraft:on_hurt": {
        "event": "on:hurt",
        "target": "self"
      },
      "minecraft:on_hurt_by_player": {
        "event": "on:hurt_by_player",
        "target": "self"
      },
      "minecraft:on_ignite": {
        "event": "on:ignite",
        "target": "self"
      },
      "minecraft:on_target_acquired": {
        "event": "on:target_acquired",
        "target": "self"
      },
      "minecraft:on_target_escape": {
        "event": "on:target_escape",
        "target": "self"
      },
      "minecraft:on_wake_with_owner": {
        "event": "on:wake_with_owner",
        "target": "self"
      },
      "minecraft:equip_item": {},
      "minecraft:transformed": {
        "minecraft:transformation": {
          "into": "minecraft:zombie_villager"
        }
      }
    },
    "events": {
      "become_zombie": {
        "remove": {},
        "add": {
          "component_groups": [
            "minecraft:pig_transform"
          ]
        }
      },
      "minecraft:entity_spawned": {
        "sequence": [
          {
            "filters": {
              "test": "has_component",
              "operator": "!=",
              "value": "minecraft:variant"
            },
            "randomize": [
              {
                "weight": 5,
                "add": {
                  "component_groups": [
                    "baby"
                  ]
                }
              },
              {
                "weight": 95,
                "add": {
                  "component_groups": [
                    "adult"
                  ]
                }
              }
            ]
          }
        ]
      },
      "minecraft:entity_transformed": {
        "sequence": [
          {
            "filters": {
              "test": "has_component",
              "subject": "other",
              "value": "minecraft:is_baby"
            },
            "add": {
              "component_groups": [
                "baby"
              ]
            }
          },
          {
            "filters": {
              "test": "has_component",
              "subject": "other",
              "operator": "!=",
              "value": "minecraft:is_baby"
            },
            "add": {
              "component_groups": [
                "adult"
              ]
            }
          }
        ]
      },
      "minecraft:entity_born": {
        "sequence": [
          {
            "add": {
              "component_groups": [
                "baby"
              ]
            }
          }
        ]
      },
      "minecraft:ageable_grow_up": {
        "sequence": [
          {
            "remove": {
              "component_groups": [
                "baby"
              ]
            },
            "add": {
              "component_groups": [
                "adult"
              ]
            }
          }
        ]
      },
      "on:death": {
        "run_command": {
          "command": []
        }
      },
      "on:hurt": {
        "run_command": {
          "command": []
        }
      },
      "on:hurt_by_player": {
        "run_command": {
          "command": []
        }
      },
      "on:ignite": {
        "run_command": {
          "command": []
        }
      },
      "on:target_acquired": {
        "run_command": {
          "command": []
        }
      },
      "on:target_escape": {
        "run_command": {
          "command": []
        }
      },
      "on:wake_with_owner": {
        "run_command": {
          "command": []
        }
      }
    }
  }
}