{
  "format_version": "1.10.0",
  "minecraft:entity": {
    "description": {
      "identifier": "mc:vulture",
      "is_spawnable": true,
      "is_summonable": true,
      "is_experimental": false
    },
    "component_groups": {
      "become_zombie": {
        "minecraft:transformation": {
          "into": "minecraft:zombie_villager"
        }
      },
      "baby": {
        "minecraft:is_baby": {},
        "minecraft:scale": {
          "value": 0.5
        },
        "minecraft:ageable": {
          "duration": 1200,
          "grow_up": {
            "event": "minecraft:ageable_grow_up",
            "target": "self"
          }
        },
        "minecraft:behavior.take_flower": {
          "priority": 7
        },
        "minecraft:behavior.play": {
          "priority": 8,
          "speed_multiplier": 0.32
        }
      },
      "adult": {
        "minecraft:behavior.make_love": {
          "priority": 6
        },
        "minecraft:behavior.receive_love": {
          "priority": 7
        }
      },
      "minecraft:pig_transform": {
        "minecraft:transformation": {
          "into": "minecraft:zombie_villager"
        }
      }
    },
    "components": {
      "minecraft:type_family": {
        "family": []
      },
      "minecraft:health": {
        "value": 130,
        "max": 130
      },
      "minecraft:collision_box": {
        "height": 1.9,
        "width": 0.6
      },
      "minecraft:nameable": {
        "alwaysShow": true,
        "allowNameTagRenaming": true
      },
      "minecraft:movement": {
        "value": 0.5
      },
      "minecraft:navigation.walk": {
        "is_amphibious": true,
        "can_path_over_water": true,
        "can_pass_doors": true,
        "can_open_doors": true,
        "can_walk": true,
        "avoid_water": true
      },
      "minecraft:annotation.open_door": {},
      "minecraft:movement.basic": {},
      "minecraft:jump.static": {},
      "minecraft:can_climb": {},
      "minecraft:damage_sensor": [
        {
          "on_damage": {
            "filters": {
              "test": "is_family",
              "subject": "other",
              "value": "lightning"
            },
            "event": "become_witch"
          },
          "deals_damage": false
        },
        {
          "on_damage": {
            "filters": {
              "test": "is_family",
              "subject": "other",
              "value": "lightning"
            },
            "event": "become_zombie"
          },
          "deals_damage": true
        }
      ],
      "minecraft:behavior.move_indoors": {
        "priority": 4,
        "speed_multiplier": 0.8
      },
      "minecraft:behavior.restrict_open_door": {
        "priority": 5
      },
      "minecraft:behavior.move_towards_restriction": {
        "priority": 7,
        "speed_multiplier": 0.6
      },
      "minecraft:behavior.share_items": {
        "priority": 8,
        "max_dist": 3,
        "goal_radius": 2.0,
        "speed_multiplier": 0.5,
        "entity_types": [
          {
            "filters": {
              "test": "is_family",
              "subject": "other",
              "value": "villager"
            }
          }
        ]
      },
      "minecraft:behavior.random_stroll": {
        "priority": 11,
        "speed_multiplier": 0.6
      },
      "minecraft:behavior.look_at_player": {
        "priority": 12,
        "look_distance": 8,
        "probability": 0.02
      },
      "minecraft:physics": {},
      "minecraft:experience_reward": {
        "on_death": "query.last_hit_by_player ? 100 : 0"
      },
      "minecraft:underwater_movement": {
        "value": 0.7
      },
      "minecraft:scale": {
        "value": 1.2
      },
      "minecraft:behavior.hurt_by_target": {
        "priority": 3
      },
      "minecraft:behavior.owner_hurt_by_target": {
        "priority": 1
      },
      "minecraft:behavior.owner_hurt_target": {
        "priority": 2
      },
      "minecraft:fall_damage": {
        "value": 0.0
      },
      "minecraft:knockback_resistance": {
        "value": 1.0,
        "max": 1.0
      },
      "minecraft:on_death": {
        "event": "on:death",
        "target": "self"
      },
      "minecraft:on_hurt": {
        "event": "on:hurt",
        "target": "self"
      },
      "minecraft:on_hurt_by_player": {
        "event": "on:hurt_by_player",
        "target": "self"
      },
      "minecraft:on_ignite": {
        "event": "on:ignite",
        "target": "self"
      },
      "minecraft:on_target_acquired": {
        "event": "on:target_acquired",
        "target": "self"
      },
      "minecraft:on_target_escape": {
        "event": "on:target_escape",
        "target": "self"
      },
      "minecraft:on_wake_with_owner": {
        "event": "on:wake_with_owner",
        "target": "self"
      },
      "minecraft:equip_item": {},
      "minecraft:attack": {
        "damage": 5,
        "effect_name": "blindness",
        "effect_duration": 30
      },
      "minecraft:behavior.nearest_attackable_target": {
        "priority": 3,
        "within_radius": 25,
        "must_reach": false,
        "entity_types": [
          {
            "filters": {
              "any_of": [
                {
                  "test": "is_family",
                  "subject": "other",
                  "value": "player"
                },
                {
                  "test": "is_family",
                  "subject": "other",
                  "value": "zombie_villager"
                },
                {
                  "test": "is_family",
                  "subject": "other",
                  "value": "zombie_pigman"
                },
                {
                  "test": "is_family",
                  "subject": "other",
                  "value": "illager"
                },
                {
                  "test": "is_family",
                  "subject": "other",
                  "value": "vex"
                }
              ]
            },
            "max_dist": 130,
            "must_see": false
          }
        ],
        "must_see": false,
        "speed_multiplier": 1.0
      },
      "minecraft:break_blocks": {
        "breakable_blocks": []
      },
      "minecraft:hurt_when_wet": {
        "value": true
      },
      "minecraft:behavior.melee_attack": {
        "priority": 2,
        "speed_multiplier": 1.0,
        "target_dist": 0.0,
        "max_dist": 3,
        "random_stop_interval": 100,
        "track_target": false,
        "reach_multiplier": 1.4
      },
      "minecraft:area_attack": {
        "damage_range": 1.0,
        "damage_per_tick": 10,
        "cause": "contact",
        "entity_filter": {
          "all_of": []
        }
      },
      "minecraft:flying_speed": {
        "value": 0.2
      },
      "minecraft:fire_immune": true,
      "minecraft:behavior.ranged_attack": {
        "attack_interval_min": 1,
        "attack_interval_max": 4,
        "attack_radius": 19,
        "burst_shots": 1,
        "burst_interval": 0.5
      },
      "minecraft:shooter": {
        "type": "Large Fireball",
        "def": "minecraft:fireball"
      },
      "minecraft:behavior.float": {
        "priority": 0
      },
      "minecraft:can_fly": {},
      "minecraft:behavior.float_wander": {
        "random_reselect": true,
        "priority": 2
      },
      "minecraft:movement.generic": {},
      "minecraft:navigation.fly": {},
      "minecraft:behavior.circle_around_anchor": {
        "priority": 3,
        "radius_range": [
          5.0,
          15.0
        ],
        "radius_change_chance": 250,
        "height_above_target_range": [
          20.0,
          40.0
        ],
        "height_offset_range": [
          -4.0,
          5.0
        ],
        "height_change_chance": 350,
        "goal_radius": 1.0
      },
      "minecraft:movement.glide": {
        "start_speed": 0.1,
        "speed_when_turning": 0.2
      }
    },
    "events": {
      "become_zombie": {
        "remove": {},
        "add": {
          "component_groups": [
            "minecraft:pig_transform"
          ]
        }
      },
      "minecraft:entity_spawned": {
        "sequence": [
          {
            "filters": {
              "test": "has_component",
              "operator": "!=",
              "value": "minecraft:variant"
            },
            "randomize": [
              {
                "weight": 5,
                "add": {
                  "component_groups": [
                    "baby"
                  ]
                }
              },
              {
                "weight": 95,
                "add": {
                  "component_groups": [
                    "adult"
                  ]
                }
              }
            ]
          }
        ]
      },
      "minecraft:entity_transformed": {
        "sequence": [
          {
            "filters": {
              "test": "has_component",
              "subject": "other",
              "value": "minecraft:is_baby"
            },
            "add": {
              "component_groups": [
                "baby"
              ]
            }
          },
          {
            "filters": {
              "test": "has_component",
              "subject": "other",
              "operator": "!=",
              "value": "minecraft:is_baby"
            },
            "add": {
              "component_groups": [
                "adult"
              ]
            }
          }
        ]
      },
      "minecraft:entity_born": {
        "sequence": [
          {
            "add": {
              "component_groups": [
                "baby"
              ]
            }
          }
        ]
      },
      "minecraft:ageable_grow_up": {
        "sequence": [
          {
            "remove": {
              "component_groups": [
                "baby"
              ]
            },
            "add": {
              "component_groups": [
                "adult"
              ]
            }
          }
        ]
      },
      "on:death": {
        "run_command": {
          "command": []
        }
      },
      "on:hurt": {
        "run_command": {
          "command": []
        }
      },
      "on:hurt_by_player": {
        "run_command": {
          "command": []
        }
      },
      "on:ignite": {
        "run_command": {
          "command": []
        }
      },
      "on:target_acquired": {
        "run_command": {
          "command": []
        }
      },
      "on:target_escape": {
        "run_command": {
          "command": []
        }
      },
      "on:wake_with_owner": {
        "run_command": {
          "command": []
        }
      }
    }
  }
}