{
  "format_version": "1.10.0",
  "minecraft:entity": {
    "description": {
      "identifier": "mc:webzipfast",
      "is_spawnable": false,
      "is_summonable": true,
      "is_experimental": false,
      "runtime_identifier": "minecraft:snowball"
    },
    "component_groups": {
      "exploding": {
        "minecraft:explode": {
          "fuseLength": 2,
          "power": 0,
          "fuseLit": true,
          "causesFire": false
        }
      }
    },
    "components": {
      "minecraft:projectile": {
        "onHit": {
          "impact_damage": {
            "damage": 3,
            "knockback": true,
            "semi_random_diff_damage": false,
            "destroy_on_hit": true
          },
          "mob_effect": {
            "effect": "",
            "durationeasy": 200,
            "durationnormal": 200,
            "durationhard": 200,
            "amplifier": 1
          },
          "stick_in_ground": {
            "shake_time": 0.35
          },
          "arrow_effect": {},
          "definition_event": {
            "affect_projectile": true,
            "eventTrigger": {
              "event": "on:hit",
              "target": "self"
            }
          }
        },
        "power": 1.6,
        "gravity": 0.03,
        "angleoffset": 0.0,
        "offset": [
          0,
          0,
          0
        ]
      },
      "minecraft:physics": {
        "has_collision": false
      },
      "minecraft:explode": {
        "fuseLength": 2,
        "power": 0,
        "fuseLit": true,
        "causesFire": false
      }
    },
    "events": {
      "on:hit": {
        "run_command": {
          "command": []
        }
      }
    }
  }
}