{
  "format_version": "1.10.0",
  "minecraft:entity": {
    "description": {
      "identifier": "mc:webswings",
      "is_spawnable": false,
      "is_summonable": true,
      "is_experimental": false,
      "runtime_identifier": "minecraft:snowball"
    },
    "component_groups": {
      "exploding": {
        "minecraft:explode": {
          "fuseLength": 10,
          "power": 0,
          "fuseLit": true,
          "causesFire": false
        }
      }
    },
    "components": {
      "minecraft:type_family": {
        "family": [
          "hook"
        ]
      },
      "minecraft:projectile": {
        "onHit": {
          "impact_damage": {
            "damage": 3,
            "knockback": true,
            "semi_random_diff_damage": false,
            "destroy_on_hit": true
          },
          "mob_effect": {
            "effect": "",
            "durationeasy": 200,
            "durationnormal": 200,
            "durationhard": 200,
            "amplifier": 1
          },
          "stick_in_ground": {
            "shake_time": 0.35
          },
          "arrow_effect": {},
          "definition_event": {
            "affect_projectile": true,
            "eventTrigger": {
              "event": "on:hit",
              "target": "self"
            }
          }
        },
        "power": 2.0,
        "gravity": 0.02,
        "angleoffset": 0.0,
        "offset": [
          0,
          0,
          0
        ]
      },
      "minecraft:physics": {
        "has_collision": false
      },
      "minecraft:spawn_entity": {
        "min_wait_time": 0,
        "max_wait_time": 0,
        "spawn_entity": "mc:webzips",
        "single_use": true,
        "num_to_spawn": 1,
        "should_leash": true
      }
    },
    "events": {
      "on:hit": {
        "run_command": {
          "command": [
            "function swin"
          ]
        }
      },
      "minecraft:entity_spawned": {
        "sequence": [
          {
            "filters": {
              "test": "has_component",
              "operator": "!=",
              "value": "minecraft:variant"
            },
            "randomize": [
              {
                "weight": 0,
                "add": {
                  "component_groups": [
                    "baby"
                  ]
                }
              },
              {
                "weight": 95,
                "add": {
                  "component_groups": [
                    "adult"
                  ]
                }
              }
            ]
          }
        ]
      }
    }
  }
}