{
  "format_version": "1.10.0",
  "minecraft:entity": {
    "description": {
      "identifier": "mc:webzips",
      "is_spawnable": false,
      "is_summonable": true,
      "is_experimental": false,
		  "scripts": {
			"animate": [
				"seat"
			]
		  },
		  "animations": {
			"seat": "controller.animation.jeseat"
		  }
    },
    "component_groups": {
      "exploding": {
        "minecraft:explode": {
          "fuseLength": 10,
          "power": 0,
          "fuseLit": true,
          "causesFire": false
        }
      }
    },
    "components": {
      "minecraft:projectile": {
        "onHit": {
          "impact_damage": {
            "damage": 3,
            "knockback": true,
            "semi_random_diff_damage": false,
            "destroy_on_hit": false
          },
          "mob_effect": {
            "effect": "",
            "durationeasy": 200,
            "durationnormal": 200,
            "durationhard": 200,
            "amplifier": 1
          },
          "stick_in_ground": {
            "shake_time": 0.2
          },
          "arrow_effect": {},
          "definition_event": {
            "affect_projectile": true,
            "eventTrigger": {
              "event": "on:hit",
              "target": "self"
            }
          }
        },
        "power": 0.0,
        "gravity": 0.1,
        "angleoffset": 0.0,
        "offset": [
          0,
          0,
          0
        ]
      },
      "minecraft:movement": {
        "value": 0.35,
        "max": 0.5
      },
      "minecraft:navigation.walk": {
        "can_path_over_water": true
      },
      "minecraft:movement.basic": {},
      "minecraft:jump.static": {},
      "minecraft:health": {
        "value": 666,
        "max": 666
      },
      "minecraft:nameable": {
        "alwaysShow": true,
        "allowNameTagRenaming": true
      },
      "minecraft:fire_immune": true,
      "minecraft:rideable": {
        "priority": 0,
        "seat_count": 1,
        "crouching_skip_interact": true,
        "family_types": [
          "uchmoq"
        ],
        "interact_text": "Swing!",
        "seats": [
          {
            "position": [
              0.0,
              0.0,
              0.0
            ]
          }
        ],
        "pull_in_entities": false
      },
      "minecraft:leashable": {
        "soft_distance": 7,
        "hard_distance": 10,
        "max_distance": 9999
      },
      "minecraft:scale": {
        "value": 1
      },
      "minecraft:collision_box": {
        "height": 0.1,
        "width": 0.1
      },
      "minecraft:explode": {
        "fuseLength": 10,
        "power": 0,
        "fuseLit": true,
        "causesFire": false
      }
    },
    "events": {
      "on:hit": {
        "run_command": {
          "command": []
        }
      }
    }
  }
}