{
	"format_version": "1.17.100",
	"minecraft:entity": {
		"description": {
			"identifier": "z:menu",
			"is_spawnable": false,
			"is_summonable": true,
			"is_experimental": false
		},
  "scripts": {
        "animate": [
		  "morto"
        ]
      },
      "animations": {
	    "spawned": "controller.animation.morto"
      },
		"component_groups": {
	"open": {
				"minecraft:timer": {
					"looping": false,
					"time": 0.1,
					"time_down_event": {
						"event": "open"
					}
				}
			},
			"opn": {
				"minecraft:timer": {
					"looping": false,
					"time": 0.1,
					"time_down_event": {
						"event": "opn"
					}
				}
			},
			"ope": {
				"minecraft:timer": {
					"looping": false,
					"time": 0.1,
					"time_down_event": {
						"event": "ope"
					}
				}
			},
			"openg": {
				"minecraft:timer": {
					"looping": false,
					"time": 0.1,
					"time_down_event": {
						"event": "openg"
					}
				}
			},
			"opens": {
				"minecraft:timer": {
					"looping": false,
					"time": 0.1,
					"time_down_event": {
						"event": "opens"
					}
				}
			},
			"openm": {
				"minecraft:timer": {
					"looping": false,
					"time": 0.1,
					"time_down_event": {
						"event": "openm"
					}
				}
			},
			"openl": {
				"minecraft:timer": {
					"looping": false,
					"time": 0.1,
					"time_down_event": {
						"event": "openl"
					}
				}
			},
			"openjarvis": {
				"minecraft:timer": {
					"looping": false,
					"time": 0.1,
					"time_down_event": {
						"event": "openjarvis"
					}
				}
			},
			"colors": {
				"minecraft:timer": {
					"looping": false,
					"time": 0.1,
					"time_down_event": {
						"event": "colors"
					}
				}
			},
			"opes": {
				"minecraft:timer": {
					"looping": false,
					"time": 0.1,
					"time_down_event": {
						"event": "opes"
					}
				}
			}
		},
		"components": {
			"minecraft:npc": {},
			"minecraft:scale": {
				"value": 0
			},
			"minecraft:collision_box": {
				"width": 0,
				"height": 0
			},
			"minecraft:movement": {
				"value": 0
			},
			"minecraft:timer": {
				"looping": true,
				"time": 0.1,
				"time_down_event": {
					"event": "z:edit"
				}
			},
			"minecraft:health": {
				"min": 1,
				"value": 1,
				"max": 1
			},
			"minecraft:pushable": {
				"is_pushable": false,
				"is_pushable_by_piston": false
			},
			"minecraft:physics": {
				"has_collision": false,
				"has_gravity": false
			}
		},
		"events": {
			"z:edit": {
				"run_command": {
					"command": [
			"kill @e[type=z:menu, r=5]"
					]
				}
			},
			"opn": {
				"run_command": {
					"command": [
						"dialogue open @s @p selectmadgic"
					]
				}
			},	
			"open": {
				"run_command": {
					"command": [
						"dialogue open @s @p selectmagic"
					]
				}
			},
			"ope": {
				"run_command": {
					"command": [
						"dialogue open @s @p select_suitt"
					]
				}
			},
			"openg": {
				"run_command": {
					"command": [
						"dialogue open @s @p selectgadget"
					]
				}
			},
			"opens": {
				"run_command": {
					"command": [
						"dialogue open @s @p selectshock"
					]
				}
			},
			"openm": {
				"run_command": {
					"command": [
						"dialogue open @s @p selectinjection"
					]
				}
			},
			"openl": {
				"run_command": {
					"command": [
						"dialogue open @s @p selectsuit1"
					]
				}
			},
			"openjarvis": {
				"run_command": {
					"command": [
						"dialogue open @s @p selectsuit2"
					]
				}
			},
			"colors": {
				"run_command": {
					"command": [
						"dialogue open @s @p selectmorph"
					]
				}
			},
			"opes": {
				"run_command": {
					"command": [
						"dialogue open @s @p gui.menu_5"
					]
				}
			}
		}
	}
}