{
  "format_version": "1.10.0",
  "animation_controllers": {
    "controller.animation.huhujjalabsjh": {
      "initial_state": "default",
      "states": {
        "default": { 
 
          "transitions": [
            {
              "flyu": "query.mark_variant == 16 || query.mark_variant == 26 || query.mark_variant == 3"
            }
          ]
        },
        "flyu": {
          "transitions": [
            {
              "default": "query.mark_variant <= 2"
            }
          ],
          "on_entry": [
            "/give @p mc:symfang",
            "/give @p mc:symbattack"
          ]
        }
      }
    }
  }
}