{
  "format_version": "1.16.210",
  "minecraft:entity": {
    "description": {
      "identifier": "mc:zahar",
      "is_spawnable": false,
      "is_summonable": true,
      "is_experimental": false
    },
    "components": {
      "minecraft:collision_box": {
        "width": 0.5,
        "height": 0.5
      },
      "minecraft:health": {
        "value": 80,
        "max": 80
      },
      "minecraft:knockback_resistance": {
        "value": 1.0
      },
      "minecraft:nameable": {
      },
      "minecraft:persistent": {
      },
      "minecraft:physics": {
        "has_collision": true
      },
      "minecraft:pushable": {
        "is_pushable": false,
        "is_pushable_by_piston": true
      },
      "minecraft:conditional_bandwidth_optimization": {
      }
    },

    "component_groups":{

      "dbjump":{
        "minecraft:behavior.knockback_roar": {
          "priority": 0,
          "duration": 1,
          "attack_time": 0.1,
          "knockback_damage": 9,
          "knockback_horizontal_strength":5.0,
          "knockback_vertical_strength": 3.0,
          "knockback_height_cap": 2.5,
          "knockback_range": 3,
          "knockback_filters": {
            "test": "is_family",
            "subject": "other",
            "operator": "!=",
            "value": "player"
          },
          "damage_filters": {
            "test": "is_family",
            "subject": "other",
            "operator": "!=",
            "value": "player"
          },
          "on_roar_end": {
            "event": "remove_projectile"
          },
          "cooldown_time": 0.0
        }
      },
      "remove_projectile":{"minecraft:instant_despawn":{}}

    },

    "events": {

      "minecraft:entity_spawned":{"add":{"component_groups":["dbjump"]}},
      "dbjump":{"add":{"component_groups":["dbjump"]}},
      "remove_projectile":{"add":{"component_groups":["remove_projectile"]}}

    }
  }
}


