{
  "format_version": "1.10.0",
  "animation_controllers": {
    "controller.animation.taiyo_id12_bandana_konoha_renegado": {
      "states": {
        "default": {
          "transitions": [
            {
              "walking": "(1.0)"
            }
          ],
          "on_entry": [
            "/function taiyo_id12_bandana_konoha_renegado"
          ]
        },
        "walking": {
          "transitions": [
            {
              "default": "query.get_equipped_item_name=='id12_bandana_konoha_renegado' && query.is_using_item"
            }
          ],
          "on_entry": [
            "/function taiyo_id12_bandana_konoha_renegado"
          ]
        }
      }
    }
  }
}