{
    "format_version": "1.16.100",
    "minecraft:item": {
        "description": {
            "identifier": "vl:hatched_mosasurus_egg",
            "category": "Commands"
        },
        "components": {
            "minecraft:on_use": {
                "on_use": {
                    "event": "hatch",
                    "target": "self"
                }
            },
            "minecraft:creative_category": {
                "parent": "commands"
            },
            "minecraft:display_name": {
                "value": "Hatched Mosasaurus Egg"
            },
            "minecraft:icon": {
                "texture": "mosasurus_egg"
            },
            "minecraft:max_stack_size": 16
        },
        "events": {
            "hatch": {
                "run_command": {
                    "command": [
                        "playsound block.turtle_egg.crack @p[r=15] ~~~",
                        "summon vl:mosasaurus ~~~ is_baby_dino",
                        "clear @s vl:hatched_mosasurus_egg 0 1"
                    ]
                }
            }
        }
    }
}