{
	"format_version": "1.16.100",
	"minecraft:item": {
		"description": {
			"identifier": "vl:hatched_indoraptor_egg",
			"category": "Commands"
		},
		"components": {
			"minecraft:on_use": {
				"on_use": {
					"event": "hatch",
					"target": "self"
				}
			},
			"minecraft:creative_category": {
				"parent": "commands"
			},
			"minecraft:display_name": {
				"value": "Hatched Indoraptor Egg"
			},
			"minecraft:icon": {
				"texture": "hatched_indoraptor_egg"
			},
			"minecraft:max_stack_size": 16
		},
		"events": {
			"hatch": {
				"run_command": {
					"command": [
						"playsound block.turtle_egg.crack @p[r=15] ~~~",
						"summon vl:indoraptor ~~~ is_baby_dino",
						"clear @s vl:hatched_indoraptor_egg 0 1"
					]
				}
			}
		}
	}
}