{
	"format_version": "1.13.0",
	"minecraft:entity": {
		"description": {
			"identifier": "pc:pcstyr_egg",
			"is_spawnable": true,
			"is_summonable": true,
			"is_experimental": false
		},
		"component_groups": {
			"minecraft:become_baby": {
				"minecraft:transformation": {
					"into": "pc:pcstyr<minecraft:entity_transformed>"
				}
			}
		},
		"components": {
			"minecraft:type_family": {
				"family": ["egg","sinoegg","herbdinosaur","sinoceratops"]
			},
			"minecraft:loot": {
				"table": "loot_tables/entities/pcstyr_egg.json"
			},
			"minecraft:is_baby": {},
			"minecraft:health": {
				"value": 1,
				"max": 1
			},
			"minecraft:collision_box": {
				"width": 0.4,
				"height": 0.4
			},
			"minecraft:knockback_resistance": {
				"value": 99.0
			},
			"minecraft:leashable": {
				"soft_distance": -100.0,
				"hard_distance": 1.0,
				"max_distance": 10.0
			},
			"minecraft:ageable": {
				"duration": 100,
				"grow_up": {
					"event": "minecraft:ageable_grow_up",
					"target": "self"
				}
			},
			"minecraft:pushable": {},
			"minecraft:physics": {}
		},
		"events": {
			"minecraft:ageable_grow_up": {
				"add": {
					"component_groups": [
						"minecraft:become_baby"
					]
				}
			}
		}
	}
}