{
  "format_version": "1.8.0",
  "render_controllers": {
    "controller.render.evocation_villager": {
      "geometry": "Geometry.default",
      "materials": [ { "*": "Material.default" } ],
      "part_visibility": [
        { "*": true },
        { "cape": "!(query.is_baby)" },
        { "arms": "!(query.is_casting)" }, //"query.is_casting || query.is_celebrating"
        { "leftarm": "query.is_casting" }, //"query.is_casting || query.is_celebrating"
        { "rightarm": "query.is_casting" } //"query.is_casting || query.is_celebrating"
      ],
      "textures": [ "Texture.default" ]
    }
  }
}
