{
  "format_version": "1.10.0",
  "minecraft:attachable": {
    "description": {
      "identifier": "minecraft:elytra",
      "materials": {
        "default": "phantom",
        "enchanted": "elytra_glint"
      },
      "textures": {
        "default": "textures/ui/empty",
        "enchanted": "textures/misc/enchanted_item_glint"
      },
      "geometry": {
        "default": "geometry.elytra"
      },
      "animations": {
				"default": "animation.mc.blank"
      },
      "scripts": {
        "parent_setup": "variable.chest_layer_visible = 0.0;",
        "animate": [
          "default_controller"
        ]
      },
      "render_controllers": [ "controller.render.elytra" ]
    }
  }
}
