{
  "format_version": "1.10.0",
  "minecraft:attachable": {
    "description": {
      "identifier": "mc:spiderpunk.player",
      "item": {
        "mc:spiderpunk": "query.owner_identifier == 'minecraft:player'"
      },
      "materials": {
        "default": "armor",
        "enchanted": "armor_enchanted",
        "outline": "outline"
      },
      "textures": {
        "default": "textures/entity/pamobile/mc_anomtrap",
        "enchanted": "textures/misc/enchanted_item_glint",
        "outline": "textures/entity/woid"
      },
      "geometry": {
        "default": "geometry.mc_spiderpunk",
        "outline": "geometry.woid"
      },
      "scripts": {
        "parent_setup": "variable.helmet_layer_visible = 0.0;"
      },
      "render_controllers": [
        "controller.render.armor",
        "controller.render.outline"
      ]
    }
  }
}