{
	"format_version": "1.16.100",
	"minecraft:item": {
		"description": {
			"identifier": "artifact:enchanter_tome",
			"category": "equipment"
		},
		"components": {
			"minecraft:use_duration": 0.4,
			"minecraft:max_stack_size": 1,
			"minecraft:can_destroy_in_creative": false,
			"minecraft:durability": {
				"max_durability": 800,
				"damage_chance": {
					"min": 10,
					"max": 20
				}
			},
			"minecraft:damage": 1,
			"minecraft:cooldown": {
				"category": "chorusfruit",
				"duration": 20
			},
			"minecraft:icon": {
				"texture": "artifact:enchanter_tome"
			},
			"minecraft:render_offsets": "totem",
			"minecraft:display_name": {
				"value": "Enchanter Tome"
			},
			"minecraft:on_use": {
				"on_use": {
					"event": "player:use_totem",
					"target": "self"
				}
			},
			"minecraft:use_animation": "drink",
			"minecraft:creative_category": {
				"parent": "itemGroup.name.totem"
       }
		},
		"events": {
			"player:use_totem": {
				"run_command": {
					"command": [
						"effect @e[family=village, r=10] strength 120 2", 
						"effect @e[family=village, r=10] resistance 120 3", 
						"effect @e[family=village, r=10] regeneration 120 2"
					],
					"target": "holder"
				},
				"damage": {
					"type": "magic",
					"amount": 45
				}
			}
		}
	}
}
