{
  "format_version": "1.16.100",
  "minecraft:item": {
    "description": {
      "identifier": "food:senzu_bean",
      "category": "nature"
    },
		"components": {
		 "minecraft:use_duration": 1.4,
		 "minecraft:max_stack_size": 64,
      "minecraft:food": {
        "saturation_modifier": "supernatural",
        "nutrition": 20,
        "can_always_eat": false,
			 "on_consume": {
				 "event": "consumed",
				 "target": "self"
			 }
      },
			"minecraft:use_animation": "eat",
			"minecraft:render_offsets": "apple",
			"minecraft:creative_category": {
				"parent": "itemGroup.name.crop"
			},
			"minecraft:icon": {
				"texture": "food:senzu_bean"
			},
			"minecraft:display_name": {
				"value": "Senzu Bean"
			}
		},
		"events": {
			"consumed": {
				"sequence": [
					{
						"add_mob_effect": {
							"effect": "instant_health",
							"amplifier": 250,
							"duration": 5,
							"target": "holder"
						}
					},
					{
						"add_mob_effect": {
							"effect": "regeneration",
							"amplifier": 200,
							"duration": 2,
							"target": "holder"
						}
					},
					{
						"remove_mob_effect": {
							"effect": "hunger",
							"target": "holder"
						}
					}, 
					{
						"randomize": [
							{
								"weight": 60,
								"add_mob_effect": {
									"effect": "resistance",
									"amplifier": 3,
									"duration": 20,
									"target": "holder"
								}
							},
							{
								"weight": 40,
								"add_mob_effect": {
									"effect": "absorption",
									"amplifier": 4,
									"duration": 30,
									"target": "holder"
								}
							}
						] 
					}
				]
			}
		}
	}
}
