{
	"format_version": "1.16.100",
	"minecraft:item": {
		"description": {
			"identifier": "artifact:scroll_of_truth",
			"category": "equipment"
		},
		"components": {
			"minecraft:use_duration": 0.1,
			"minecraft:max_stack_size": 1,
       "minecraft:allow_off_hand": true,
			"minecraft:can_destroy_in_creative": false,
			"minecraft:durability": {
				"max_durability": 1200,
				"damage_chance": {
					"min": 20,
					"max": 50
				}
			},
			"minecraft:damage": 1,
			"minecraft:cooldown": {
				"category": "artifact",
				"duration": 20
			},
			"minecraft:icon": {
				"texture": "artifact:scroll_of_truth"
			},
			"minecraft:render_offsets": "totem",
			"minecraft:display_name": {
				"value": "Scroll Of Truth"
			},
			"minecraft:on_use": {
				"on_use": {
					"event": "player:use_totem",
					"target": "self"
				}
			},
			"minecraft:use_animation": "drink",
			"minecraft:creative_category": {
				"parent": "itemGroup.name.totem"
			}
		},
		"events": {
			"player:use_totem": {
				"run_command": {
					"command": [
						"event entity @e[family=illager, r=10] become_friendly"
					],
					"target": "holder"
				},
				"damage": {
					"type": "magic",
					"amount": 45
				}
			}
		}
	}
}
