{
	"format_version": "1.16.100",
	"minecraft:item": {
		"description": {
			"identifier": "totem:backup_summoner",
			"category": "equipment"
		},
		"components": {
			"minecraft:use_duration": 0.6,
			"minecraft:max_stack_size": 1,
       "minecraft:allow_off_hand": true,
			"minecraft:can_destroy_in_creative": false,
			"minecraft:durability": {
				"max_durability": 1400,
				"damage_chance": {
					"min": 20,
					"max": 40
				}
			},
			"minecraft:damage": 1,
			"minecraft:cooldown": {
				"category": "chorusfruit",
				"duration": 40
			},
			"minecraft:icon": {
				"texture": "totem:backup_summoner"
			},
			"minecraft:render_offsets": "totem",
			"minecraft:display_name": {
				"value": "Backup Summoner"
			},
			"minecraft:on_use": {
				"on_use": {
					"event": "player:use_totem",
					"target": "self"
				}
			},
			"minecraft:use_animation": "drink",
			"minecraft:creative_category": {
				"parent": "itemGroup.name.totem"
			}
		},
		"events": {
			"player:use_totem": {
				"run_command": {
					"command": [
						"summon alien_being:friendly_pillager", 
						"summon alien_being:friendly_pillager", 
						"summon alien_being:friendly_pillager", 
						"summon alien_being:friendly_pillager", 
						"summon alien_being:friendly_pillager", 
						"summon alien_being:friendly_pillager", 
						"summon alien_being:friendly_vindicator", 
						"summon alien_being:friendly_vindicator", 
						"summon alien_being:friendly_vindicator", 
						"summon alien_being:friendly_vindicator"
					],
					"target": "holder"
				},
				"damage": {
					"type": "magic",
					"amount": 45
				}
			}
		}
	}
}
