{
    "materials":{
        "version":"1.0.0",
        "see_thru:entity":{
            "+states": [
                "Blending"
            ],
            "vertexfields": [
                {"field": "Position"},
                {"field": "Color"},
                {"field": "Normal"},
                {"field": "UV0"}
            ],
            "variants": [
                {
                    "skinning": {
                        "+defines": ["USE_SKINNING"],
                        "depthFunc": "Always",
                        "vertexFields": [
                            {"field": "Position"},
                            {"field": "Color"},
                            {"field": "Normal"},
                            {"field": "UV0"}
                        ]
                    }
                }
            ],
            "msaaSupport": "Both"
        }
    }
}