{
  "format_version": "1.10.0",
  "animation_controllers": {
    "controller.animation.salto": {
      "initial_state": "default",
      "states": {
        "default": { 
 
          "transitions": [
            {
              "flyu": "query.mark_variant >= 2 && query.mark_variant != 16 && !query.is_gliding && query.is_jumping"
            }
          ]
        },
        "flyu": {
          "transitions": [
            {
              "default": "query.mark_variant >= 2 && query.mark_variant != 16 && !query.is_gliding && !query.is_jumping"
            }
          ],
          "on_entry": [
            "/function jumpin",
            "/tag @p remove swinger"
          ]
        }
      }
    }
  }
}