{
  "format_version": "1.10.0",
  "animation_controllers": {
    "controller.animation.ama": {
      "initial_state": "default",
      "states": {
        "default": {
 
          "transitions": [
            {
              "spee": "query.mark_variant >= 2 && query.mark_variant != 16 || q.get_equipped_item_name(0) == 'webswing' && query.relative_block_has_any_tag(0,1,0,'stone') || query.relative_block_has_any_tag(0,1,0,'cobblestone') || query.relative_block_has_any_tag(0,1,0,'planks') || query.relative_block_has_any_tag(0,1,0,'log') || query.relative_block_has_any_tag(0,1,0,'iron_block') || query.relative_block_has_any_tag(0,1,0,'bedrock') || query.relative_block_has_any_tag(0,1,0,'obsidian') || query.relative_block_has_any_tag(0,1,0,'gold_block') || query.relative_block_has_any_tag(0,1,0,'emerald_block') || query.relative_block_has_any_tag(0,1,0,'diamond_block') || query.relative_block_has_any_tag(0,1,0,'snow') || query.relative_block_has_any_tag(0,1,0,'clay') || query.relative_block_has_any_tag(0,1,0,'sand') || query.relative_block_has_any_tag(0,1,0,'stonebrick') || query.relative_block_has_any_tag(0,1,0,'sandstone') || query.relative_block_has_any_tag(0,1,0,'quartz_block') || query.relative_block_has_any_tag(0,1,0,'ice') || query.relative_block_has_any_tag(0,1,0,'packed_ice') || query.relative_block_has_any_tag(0,1,0,'log2') || query.relative_block_has_any_tag(0,1,0,'glowstone') || query.relative_block_has_any_tag(0,1,0,'gravel') || query.relative_block_has_any_tag(0,1,0,'end_stone') || query.relative_block_has_any_tag(0,1,0,'glass') || query.relative_block_has_any_tag(0,1,0,'stained_glass') || query.relative_block_has_any_tag(0,1,0,'concrete') || query.relative_block_has_any_tag(0,1,0,'slime') || query.relative_block_has_any_tag(0,1,0,'honey_block') || query.relative_block_has_any_tag(0,1,0,'wood') || query.relative_block_has_any_tag(0,1,0,'wool') || query.relative_block_has_any_tag(0,1,0,'purpur_block') || query.relative_block_has_any_tag(0,1,0,'prismarine') || query.relative_block_has_any_tag(0,1,0,'mossy_cobblestone') && query.is_sneaking"
            }
          ]
        },
        "spee": {
          "transitions": [
            {
              "default": "query.mark_variant >= 2 && query.mark_variant != 16 || q.get_equipped_item_name(0) == 'webswing' && query.relative_block_has_any_tag(0,1,0,'stone') || query.relative_block_has_any_tag(0,1,0,'cobblestone') || query.relative_block_has_any_tag(0,1,0,'planks') || query.relative_block_has_any_tag(0,1,0,'log') || query.relative_block_has_any_tag(0,1,0,'iron_block') || query.relative_block_has_any_tag(0,1,0,'bedrock') || query.relative_block_has_any_tag(0,1,0,'obsidian') || query.relative_block_has_any_tag(0,1,0,'gold_block') || query.relative_block_has_any_tag(0,1,0,'emerald_block') || query.relative_block_has_any_tag(0,1,0,'diamond_block') || query.relative_block_has_any_tag(0,1,0,'snow') || query.relative_block_has_any_tag(0,1,0,'clay') || query.relative_block_has_any_tag(0,1,0,'sand') || query.relative_block_has_any_tag(0,1,0,'stonebrick') || query.relative_block_has_any_tag(0,1,0,'sandstone') || query.relative_block_has_any_tag(0,1,0,'quartz_block') || query.relative_block_has_any_tag(0,1,0,'ice') || query.relative_block_has_any_tag(0,1,0,'packed_ice') || query.relative_block_has_any_tag(0,1,0,'log2') || query.relative_block_has_any_tag(0,1,0,'glowstone') || query.relative_block_has_any_tag(0,1,0,'gravel') || query.relative_block_has_any_tag(0,1,0,'end_stone') || query.relative_block_has_any_tag(0,1,0,'glass') || query.relative_block_has_any_tag(0,1,0,'stained_glass') || query.relative_block_has_any_tag(0,1,0,'concrete') || query.relative_block_has_any_tag(0,1,0,'slime') || query.relative_block_has_any_tag(0,1,0,'honey_block') || query.relative_block_has_any_tag(0,1,0,'wood') || query.relative_block_has_any_tag(0,1,0,'wool') || query.relative_block_has_any_tag(0,1,0,'purpur_block') || query.relative_block_has_any_tag(0,1,0,'prismarine') || query.relative_block_has_any_tag(0,1,0,'mossy_cobblestone') && query.is_sneaking"
            }
          ],
          "on_entry": [
            "/effect @p levitation 1 3 true",
            "/effect @p slow_falling 5 255 true"
          ]
        }
      }
    }
  }
}