{
  "format_version": "1.10.0",
  "animation_controllers": {
    "controller.animation.attakingi": {
      "initial_state": "default",
      "states": {
        "default": {
 
          "transitions": [
            {
              "flyu": "query.mark_variant >= 2 && variable.attack_time && !query.is_gliding"
            }
          ]
        },
        "flyu": {
          "transitions": [
            {
              "default": "query.mark_variant >= 2 && !variable.attack_time && !query.is_gliding"
            }
          ],
          "on_entry": [
            "/execute @e [type=!player,r=2,c=1] ~~~ particle spidey:attack ~~0.5~"
          ]
        }
      }
    }
  }
}