{
  "format_version": "1.10.0",
  "animation_controllers": {
    "controller.animation.flu": {
      "initial_state": "default",
      "states": {
        "default": {
 
          "transitions": [
            {
              "flyu": "query.is_on_ground"
            }
          ]
        },
        "flyu": {
          "transitions": [
            {
              "default": "!query.is_on_ground"
            }
          ],
          "on_entry": [
            "/effect @e [r=1.9] ~~~ wither 3 2 true",
            "/particle miles:elektr ~~1~"
          ]
        }
      }
    }
  }
}