{
  "format_version": "1.10.0",
  "animation_controllers": {
    "controller.animation.flyuu": {
      "initial_state": "default",
      "states": {
        "default": {
 
          "transitions": [
            {
              "flyu": "query.is_on_ground"
            }
          ]
        },
        "flyu": {
          "transitions": [
            {
              "default": "!query.is_on_ground"
            }
          ],
          "on_entry": [
            "/fill ~+1 ~+1 ~+1 ~-1 ~-1 ~-1 web 0"
          ]
        }
      }
    }
  }
}