{
  "format_version": "1.10.0",
  "animation_controllers": {
    "controller.animation.huhuh": {
      "initial_state": "default",
      "states": {
        "default": { 
 
          "transitions": [
            {
              "flyu": "query.mark_variant >= 2 && query.mark_variant != 16"
            }
          ]
        },
        "flyu": {
          "transitions": [
            {
              "default": "query.mark_variant <= 1 && query.mark_variant != 16"
            }
          ],
          "on_entry": [
            "/function spidermen",
            "/kill @e [type=mc:uchmoq]"
          ]
        }
      }
    }
  }
}