{
  "format_version": "1.10.0",
  "animation_controllers": {
    "controller.animation.mc_punkguitar": {
      "initial_state": "preshoot",
      "states": {
        "preshoot": {
          "transitions": [
            {
              "shoot": "q.get_equipped_item_name(0) == 'punkguitar' && q.is_using_item"
            }
          ]
        },
        "shooting": {
          "on_entry": [
            "v.delaytime = q.life_time;"
          ],
          "transitions": [
            {
              "preshoot": "q.get_equipped_item_name(0) != 'punkguitar' || !q.is_using_item"
            },
            {
              "shoot": "q.get_equipped_item_name(0) != 'punkguitar' || !q.is_using_item"
            }
          ]
        },
        "shoot": {
          "on_entry": [
            "@s mc:punkguitar_fire",
            "/playsound mc_punkguitar_shot",
            "/playanimation @p animation.punk.guitar",
            "/camerashake add @p 1 1",
            "/summon mc:uloqtir",
            "/particle mcjey:smokin"
          ],
          "transitions": [
            {
              "shooting": "1.0"
            }
          ],
          "on_exit": [
            "v.bullet_fire = q.life_time;"
          ]
        }
      }
    }
  }
}