{
  "format_version": "1.10.0",
  "animation_controllers": {
    "controller.animation.huhujmilesjh": {
      "initial_state": "default",
      "states": {
        "default": { 
 
          "transitions": [
            {
              "flyu": "query.mark_variant == 18 || query.mark_variant == 20 || query.mark_variant == 21"
            }
          ]
        },
        "flyu": {
          "transitions": [
            {
              "default": "query.mark_variant <= 2"
            }
          ],
          "on_entry": [
            "/give @p mc:invisibiblity",
            "/give @p mc:venomblade"
          ]
        }
      }
    }
  }
}