{
  "format_version": "1.10.0",
  "animation_controllers": {
    "controller.animation.huhpunkjh": {
      "initial_state": "default",
      "states": {
        "default": { 
 
          "transitions": [
            {
              "flyu": "query.mark_variant == 24"
            }
          ]
        },
        "flyu": {
          "transitions": [
            {
              "default": "query.mark_variant <= 23"
            }
          ],
          "on_entry": [
            "/give @p mc:punkguitar"
          ]
        }
      }
    }
  }
}