{
  "format_version": "1.10.0",
  "animation_controllers": {
    "controller.animation.sprintingi": {
      "initial_state": "default",
      "states": {
        "default": {
 
          "transitions": [
            {
              "flyu": "query.mark_variant == 9 || query.mark_variant == 12 && !query.is_on_ground && !query.is_gliding && query.is_sprinting"
            }
          ]
        },
        "flyu": {
          "transitions": [
            {
              "default": "query.mark_variant == 9 || query.mark_variant == 12 && !query.is_on_ground && !query.is_gliding && query.is_sprinting"
            }
          ],
          "on_entry": [
            "/execute @p [rx=20] ~~~ summon mc:jum",
            "/effect @p slow_falling 4 2 true",
            "/playsound wind"
          ]
        }
      }
    }
  }
}