{
  "format_version": "1.10.0",
  "animation_controllers": {
    "controller.animation.sprinvgi": {
      "initial_state": "default",
      "states": {
        "default": {
 
          "transitions": [
            {
              "flyu": "query.mark_variant >= 2 && query.is_sprinting"
            }
          ]
        },
        "flyu": {
          "transitions": [
            {
              "default": "query.mark_variant >= 2 && query.is_sprinting"
            }
          ],
          "on_entry": [
            "/effect @p speed 1 7 true",
            "/effect @p jump_boost 2 4 true"
          ]
        }
      }
    }
  }
}