{
  "format_version": "1.10.0",
  "animation_controllers": {
    "controller.animation.huuhh": {
      "initial_state": "default",
      "states": {
        "default": { 
 
          "transitions": [
            {
              "flyu": "query.mark_variant == 5 || query.mark_variant == 6 || query.mark_variant == 7 || query.mark_variant == 18 || query.mark_variant == 20 || query.mark_variant == 21 || query.mark_variant == 26 || query.mark_variant == 30"
            }
          ]
        },
        "flyu": {
          "transitions": [
            {
              "default": "query.mark_variant != 5 || query.mark_variant != 6 || query.mark_variant != 7 || query.mark_variant != 18 || query.mark_variant != 20 || query.mark_variant != 21 || query.mark_variant != 26 || query.mark_variant != 30"
            }
          ],
          "on_entry": [
            "/replaceitem entity @p slot.armor.chest 0 elytra"
          ]
        }
      }
    }
  }
}