{
  "format_version": "1.10.0",
  "animation_controllers": {
"controller.animation.webt": {
            "states": {
                "default": {
                    "transitions": [
                        {
                            "swing": "query.get_equipped_item_name(0) == 'webswings' && query.is_using_item"
                            }
                    ]
                },
                "swing": {
                    "transitions": [
                        {
                            "release": "query.get_equipped_item_name != 'webswings' || !query.is_using_item"
                        }
                    ],
                    "animations": [
                        "web_swinging"
                    ]
                },
                "release": {
                    "transitions": [
                        {
                            "default": "query.all_animations_finished"
                        }
                    ],
                    "animations": [
                        "web_endswing"
                    ]
                }
           }
        }
  }
}