{"format_version":"1.10.0","animation_controllers":{"controller.animation.yg_arm_toilet.general":{"states":{"default":{"animations":["gazo_general"],"transitions":[{"attack0":"variable.attack_time > 0 && variable.random == 0"}],"blend_transition":0.1},"attack0":{"animations":["attack0"],"transitions":[{"default":"query.all_animations_finished"}],"blend_transition":0.1}}},"controller.animation.yg_arm_toilet.move":{"states":{"default":{"animations":[{"moving":"query.modified_move_speed *3"}],"transitions":[{"moving":"query.ground_speed > 3"}],"blend_transition":0.2},"moving":{"animations":["moving"],"transitions":[{"default":"!query.is_moving"}],"blend_transition":0.4}}}}}