{"format_version":"1.10.0","animation_controllers":{"controller.animation.yg_camera_man.general":{"states":{"default":{"animations":["gazo_general"],"transitions":[{"attack0":"variable.attack_time > 0 && variable.random == 0"},{"attack1":"variable.attack_time > 0 && variable.random == 1"},{"attack2":"variable.attack_time > 0 && variable.random == 2"}],"blend_transition":0.1},"attack0":{"animations":["attack0"],"transitions":[{"default":"query.all_animations_finished"}],"blend_transition":0.1},"attack1":{"animations":["attack1"],"transitions":[{"default":"query.all_animations_finished"}],"blend_transition":0.1},"attack2":{"animations":["attack2"],"transitions":[{"default":"query.all_animations_finished"}],"blend_transition":0.1}}},"controller.animation.yg_camera_man.move":{"states":{"default":{"animations":[{"moving":"query.modified_move_speed *3"}],"transitions":[{"moving":"query.ground_speed > 3"}],"blend_transition":0.2},"moving":{"animations":["moving"],"transitions":[{"default":"!query.is_moving"}],"blend_transition":0.4}}}}}