{
	"pools": [
		{
			"rolls": 1,
			"entries": [
				{
					"type": "item",
					"name": "iron_axe",
					"weight": 85,
					"functions": [
						{
							"function": "enchant_random_gear",
							"chance": 0.6
						}
					]
				},
				{
					"type": "item",
					"name": "diamond_axe",
					"weight": 10,
					"functions": [
						{
							"function": "enchant_random_gear",
							"chance": 0.9
						}
					]
				},
				{
					"type": "item",
					"name": "netherite_axe",
					"weight": 5,
					"functions": [
						{
							"function": "enchant_random_gear",
							"chance": 1.2
						}
					]
				}
			]
		},
		{
			"rolls": 1,
			"entries": [
				{
					"type": "empty",
					"weight": 70
				},
				{
					"type": "item",
					"name": "shield",
					"weight": 30
				}
			]
		}
	]
}