{
	"pools": [
		{
			"rolls": 1,
			"entries": [
				{
					"type": "item",
					"name": "scute",
					"weight": 20,
					"functions": [
						{
							"function": "set_count",
							"count": {
								"min": 2,
								"max": 4
							}
						}
					]
				},
				{
					"type": "item",
					"name": "saddle",
					"weight": 5
				},
				{
					"type": "item",
					"name": "iron_ingot",
					"weight": 10,
					"functions": [
						{
							"function": "set_count",
							"count": {
								"min": 4,
								"max": 6
							}
						}
					]
				},
				{
					"type": "item",
					"name": "book",
					"weight": 10,
					"functions": [
						{
							"function": "enchant_with_levels",
							"levels": {
								"min": 30,
								"max": 50
							},
							"treasure": true
						}
					]
				},
				{
					"type": "item",
					"name": "ender_pearl",
					"weight": 10
				},
				{
					"type": "item",
					"name": "bread",
					"weight": 10,
					"functions": [
						{
							"function": "set_count",
							"count": {
								"min": 4,
								"max": 6
							}
						}
					]
				},
				{
					"type": "item",
					"name": "pumpkin_pie",
					"weight": 10,
					"functions": [
						{
							"function": "set_count",
							"count": {
								"min": 2,
								"max": 4
							}
						}
					]
				},
				{
					"type": "item",
					"name": "diamond",
					"weight": 5
				},
				{
					"type": "item",
					"name": "gold_ingot",
					"weight": 10,
					"functions": [
						{
							"function": "set_count",
							"count": {
								"min": 1,
								"max": 3
							}
						}
					]
				},
				{
					"type": "item",
					"name": "prismarine_shard",
					"weight": 5,
					"functions": [
						{
							"function": "set_count",
							"count": {
								"min": 1,
								"max": 4
							}
						}
					]
				},
				{
					"type": "item",
					"name": "prismarine_crystals",
					"weight": 5,
					"functions": [
						{
							"function": "set_count",
							"count": {
								"min": 1,
								"max": 4
							}
						}
					]
				}
			]
		}
	]
}