{
	"pools": [
		{
			"rolls": 3,
			"entries": [
				{
					"type": "item",
					"name": "gold_ingot",
					"weight": 50,
					"functions": [
						{
							"function": "set_count",
							"count": {
								"min": 3,
								"max": 6
							}
						}
					]
				},
				{
					"type": "item",
					"name": "gold_nugget",
					"weight": 60,
					"functions": [
						{
							"function": "set_count",
							"count": {
								"min": 6,
								"max": 12
							}
						}
					]
				},
				{
					"type": "item",
					"name": "blackstone",
					"weight": 70,
					"functions": [
						{
							"function": "set_count",
							"count": {
								"min": 3,
								"max": 6
							}
						}
					]
				},
				{
					"type": "item",
					"name": "iron_ingot",
					"weight": 20,
					"functions": [
						{
							"function": "set_count",
							"count": {
								"min": 2,
								"max": 4
							}
						}
					]
				},
				{
					"type": "item",
					"name": "netherite_scrap",
					"weight": 1,
					"functions": [
						{
							"function": "set_count",
							"count": {
								"min": 1,
								"max": 2
							}
						}
					]
				}
			]
		},
		{
			"rolls": {
				"min": 3,
				"max": 5
			},
			"entries": [
				{
					"type": "item",
					"name": "df:piglin_tommy_gun",
					"weight": 10
				},
				{
					"type": "item",
					"name": "df:tommy_ammo",
					"weight": 30,
					"functions": [
						{
							"function": "set_count",
							"count": {
								"min": 5,
								"max": 10
							}
						}
					]
				},
				{
					"type": "item",
					"name": "df:rifle_ammo",
					"weight": 25,
					"functions": [
						{
							"function": "set_count",
							"count": {
								"min": 3,
								"max": 6
							}
						}
					]
				},
				{
					"type": "item",
					"name": "df:piglingun",
					"weight": 30,
					"functions": [
						{
							"function": "set_count",
							"count": {
								"min": 1,
								"max": 2
							}
						}
					]
				},
				{
					"type": "item",
					"name": "df:piglin_gun_ammo",
					"weight": 40,
					"functions": [
						{
							"function": "set_count",
							"count": {
								"min": 2,
								"max": 4
							}
						}
					]
				},
				{
					"type": "item",
					"name": "porkchop",
					"weight": 50,
					"functions": [
						{
							"function": "set_count",
							"count": {
								"min": 4,
								"max": 8
							}
						}
					]
				},
				{
					"type": "item",
					"name": "crossbow",
					"weight": 60,
					"functions": [
						{
							"function": "enchant_with_levels",
							"levels": {
								"min": 10,
								"max": 30
							}
						}
					]
				},
				{
					"type": "item",
					"name": "arrow",
					"weight": 90,
					"functions": [
						{
							"function": "set_count",
							"count": {
								"min": 15,
								"max": 20
							}
						}
					]
				}
			]
		}
	]
}