{
  "pools": [
    {
      "rolls": 1,
      "entries": [
        {
          "type": "item",
          "name": "df:halberd_golden",
          "weight": 1,
          "functions": [
            {
              "function": "looting_enchant",
              "count": {
                "min": 0,
                "max": 1
              }
            },
            {
              "function": "enchant_random_gear",
              "chance": 0.10
            }
          ]
        }
      ]
    },
    {
      "conditions": [
        {
          "condition": "random_regional_difficulty_chance",
          "max_chance": 1
        }
      ],
      "tiers": {
        "initial_range": 1
      },
      "entries": [
        {
          "type": "loot_table",
          "name": "loot_tables/entities/armor_set_gold.json"
        }
      ]
    }
  ]
}