{
	"pools": [
		{
			"rolls": 1,
			"entries": [
				{
					"type": "item",
					"name": "book",
					"weight": 70,
					"functions": [
						{
							"function": "enchant_with_levels",
							"levels": {
								"min": 10,
								"max": 20
							}
						}
					]
				},
				{
					"type": "item",
					"name": "book",
					"weight": 20,
					"functions": [
						{
							"function": "enchant_with_levels",
							"levels": {
								"min": 30,
								"max": 40
							}
						}
					]
				},
				{
					"type": "item",
					"name": "book",
					"weight": 8,
					"functions": [
						{
							"function": "enchant_with_levels",
							"levels": {
								"min": 50,
								"max": 60
							},
							"treasure": true
						}
					]
				},
				{
					"type": "item",
					"name": "book",
					"weight": 2,
					"functions": [
						{
							"function": "specific_enchants",
							"enchants": [
								{
									"id": "mending",
									"level": [
										1,
										1
									]
								}
							]
						}
					]
				}
			]
		}
	]
}