{
	"pools": [
		{
			"rolls": {
				"min": 3,
				"max": 6
			},
			"entries": [
				{
					"type": "item",
					"name": "aoi:coin",
					"weight": 50,
					"functions": [
						{
							"function": "set_count",
							"count": {
								"min": 5,
								"max": 10
							}
						}
					]
				},
				{
					"type": "item",
					"name": "gold_ingot",
					"weight": 20,
					"functions": [
						{
							"function": "set_count",
							"count": {
								"min": 4,
								"max": 6
							}
						}
					]
				},
				{
					"type": "item",
					"name": "iron_ingot",
					"weight": 10,
					"functions": [
						{
							"function": "set_count",
							"count": {
								"min": 5,
								"max": 12
							}
						}
					]
				},
				{
					"type": "item",
					"name": "emerald",
					"weight": 2,
					"functions": [
						{
							"function": "set_count",
							"count": {
								"min": 2,
								"max": 4
							}
						}
					]
				},
				{
					"type": "item",
					"name": "df:halberd_iron",
					"weight": 3,
					"functions": [
						{
							"function": "enchant_with_levels",
							"levels": {
								"min": 10,
								"max": 20
							}
						}
					]
				},
				{
					"type": "item",
					"name": "df:pillager_armor_helmet",
					"weight": 5,
					"functions": [
						{
							"function": "enchant_with_levels",
							"levels": {
								"min": 10,
								"max": 20
							}
						}
					]
				},
				{
					"type": "item",
					"name": "df:pillager_armor_chestplate",
					"weight": 5,
					"functions": [
						{
							"function": "enchant_with_levels",
							"levels": {
								"min": 10,
								"max": 20
							}
						}
					]
				},
				{
					"type": "item",
					"name": "df:pillager_armor_leggings",
					"weight": 5,
					"functions": [
						{
							"function": "enchant_with_levels",
							"levels": {
								"min": 10,
								"max": 20
							}
						}
					]
				},
				{
					"type": "item",
					"name": "df:pillager_armor_boots",
					"weight": 5,
					"functions": [
						{
							"function": "enchant_with_levels",
							"levels": {
								"min": 10,
								"max": 20
							}
						}
					]
				}
			]
		},
		{
			"rolls": {
				"min": 3,
				"max": 4
			},
			"entries": [
				{
					"type": "item",
					"name": "df:fast_crossbow",
					"weight": 2
				},
				{
					"type": "item",
					"name": "arrow",
					"weight": 40,
					"functions": [
						{
							"function": "set_count",
							"count": {
								"min": 4,
								"max": 12
							}
						}
					]
				},
				{
					"type": "item",
					"name": "crossbow",
					"functions": [
						{
							"function": "enchant_with_levels",
							"levels": {
								"min": 10,
								"max": 20
							}
						}
					],
					"weight": 10
				},
				{
					"type": "item",
					"name": "experience_bottle",
					"functions": [
						{
							"function": "set_count",
							"count": {
								"min": 1,
								"max": 2
							}
						}
					],
					"weight": 3
				},
				{
					"type": "item",
					"name": "diamond",
					"functions": [
						{
							"function": "set_count",
							"count": {
								"min": 1,
								"max": 2
							}
						}
					],
					"weight": 1
				},
				{
					"type": "item",
					"name": "df:iron_spear",
					"functions": [
						{
							"function": "enchant_random_gear",
							"chance": 10
						}
					],
					"weight": 10
				},
				{
					"type": "item",
					"name": "df:scimitar",
					"functions": [
						{
							"function": "enchant_with_levels",
							"levels": {
								"min": 30,
								"max": 40
							}
						}
					],
					"weight": 1
				}
			]
		}
	]
}