{
	"pools": [
		{
			"rolls": {
				"min": 2,
				"max": 4
			},
			"entries": [
				{
					"type": "item",
					"name": "bread",
					"weight": 20,
					"functions": [
						{
							"function": "set_count",
							"count": {
								"min": 4,
								"max": 10
							}
						}
					]
				},
				{
					"type": "item",
					"name": "cooked_porkchop",
					"weight": 10,
					"functions": [
						{
							"function": "set_count",
							"count": {
								"min": 6,
								"max": 12
							}
						}
					]
				},
				{
					"type": "item",
					"name": "cooked_chicken",
					"weight": 10,
					"functions": [
						{
							"function": "set_count",
							"count": {
								"min": 4,
								"max": 10
							}
						}
					]
				},
				{
					"type": "item",
					"name": "cooked_beef",
					"weight": 5,
					"functions": [
						{
							"function": "set_count",
							"count": {
								"min": 2,
								"max": 4
							}
						}
					]
				},
				{
					"type": "item",
					"name": "book",
					"weight": 15,
					"functions": [
						{
							"function": "set_count",
							"count": {
								"min": 10,
								"max": 20
							}
						}
					]
				},
				{
					"type": "item",
					"name": "book",
					"weight": 20,
					"functions": [
						{
							"function": "enchant_random_gear",
							"chance": 10
						}
					]
				},
				{
					"type": "item",
					"name": "book",
					"weight": 20,
					"functions": [
						{
							"function": "enchant_random_gear",
							"chance": 10
						}
					]
				},
				{
					"type": "item",
					"name": "book",
					"weight": 10,
					"functions": [
						{
							"function": "enchant_random_gear",
							"chance": 10
						}
					]
				}
			]
		}
	]
}