{
	"pools": [
		{
			"rolls": {
				"min": 4,
				"max": 6
			},
			"entries": [
				{
					"type": "item",
					"name": "df:general_medal",
					"weight": 5
				},
				{
					"type": "item",
					"name": "enchanted_golden_apple",
					"weight": 100,
					"functions": [
						{
							"function": "set_count",
							"count": {
								"min": 1,
								"max": 5
							}
						}
					]
				},
				{
					"type": "item",
					"name": "diamond",
					"weight": 30,
					"functions": [
						{
							"function": "set_count",
							"count": {
								"min": 20,
								"max": 30
							}
						}
					]
				},
				{
					"type": "item",
					"name": "book",
					"weight": 20,
					"functions": [
						{
							"function": "enchant_with_levels",
							"levels": {
								"min": 30,
								"max": 50
							},
							"treasure": true
						}
					]
				}
			]
		},
		{
			"rolls": {
				"min": 4,
				"max": 8
			},
			"entries": [
				{
					"type": "item",
					"name": "emerald",
					"weight": 10,
					"functions": [
						{
							"function": "set_count",
							"count": {
								"min": 6,
								"max": 12
							}
						}
					]
				},
				{
					"type": "item",
					"name": "gold_ingot",
					"weight": 10,
					"functions": [
						{
							"function": "set_count",
							"count": {
								"min": 4,
								"max": 10
							}
						}
					]
				},
				{
					"type": "item",
					"name": "diamond_chestplate",
					"weight": 10,
					"functions": [
						{
							"function": "enchant_with_levels",
							"levels": {
								"min": 30,
								"max": 40
							}
						}
					]
				},
				{
					"type": "item",
					"name": "diamond_helmet",
					"weight": 10,
					"functions": [
						{
							"function": "enchant_with_levels",
							"levels": {
								"min": 30,
								"max": 40
							}
						}
					]
				},
				{
					"type": "item",
					"name": "diamond_boots",
					"weight": 10,
					"functions": [
						{
							"function": "enchant_with_levels",
							"levels": {
								"min": 30,
								"max": 40
							}
						}
					]
				},
				{
					"type": "item",
					"name": "diamond_leggings",
					"weight": 10,
					"functions": [
						{
							"function": "enchant_with_levels",
							"levels": {
								"min": 30,
								"max": 40
							}
						}
					]
				}
			]
		},
		{
			"rolls": {
				"min": 4,
				"max": 8
			},
			"entries": [
				{
					"type": "item",
					"name": "df:jump_speed_boost",
					"weight": 10
				},
				{
					"type": "item",
					"name": "df:haste_effect",
					"weight": 10
				},
				{
					"type": "item",
					"name": "df:tanker_effect",
					"weight": 10
				},
				{
					"type": "item",
					"name": "df:health_boost",
					"weight": 10
				},
				{
					"type": "item",
					"name": "enchanted_golden_apple",
					"weight": 5,
					"functions": [
						{
							"function": "set_count",
							"count": {
								"min": 1,
								"max": 2
							}
						}
					]
				},
				{
					"type": "item",
					"name": "book",
					"weight": 5,
					"functions": [
						{
							"function": "enchant_with_levels",
							"levels": {
								"min": 30,
								"max": 40
							},
							"treasure": true
						}
					]
				},
				{
					"type": "item",
					"name": "netherite_pickaxe",
					"weight": 30,
					"functions": [
						{
							"function": "enchant_with_levels",
							"levels": {
								"min": 30,
								"max": 40
							}
						}
					]
				},
				{
					"type": "item",
					"name": "experience_bottle",
					"weight": 40,
					"functions": [
						{
							"function": "set_count",
							"count": {
								"min": 5,
								"max": 10
							}
						}
					]
				},
				{
					"type": "item",
					"name": "netherite_ingot",
					"weight": 1
				}
			]
		}
	]
}