{
	"pools": [
		{
			"rolls": {
				"min": 2,
				"max": 4
			},
			"entries": [
				{
					"type": "item",
					"name": "iron_ingot",
					"weight": 20,
					"functions": [
						{
							"function": "set_count",
							"count": {
								"min": 4,
								"max": 10
							}
						}
					]
				},
				{
					"type": "item",
					"name": "emerald",
					"weight": 10,
					"functions": [
						{
							"function": "set_count",
							"count": {
								"min": 6,
								"max": 12
							}
						}
					]
				},
				{
					"type": "item",
					"name": "gold_ingot",
					"weight": 10,
					"functions": [
						{
							"function": "set_count",
							"count": {
								"min": 4,
								"max": 10
							}
						}
					]
				},
				{
					"type": "item",
					"name": "diamond",
					"weight": 5,
					"functions": [
						{
							"function": "set_count",
							"count": {
								"min": 2,
								"max": 4
							}
						}
					]
				},
				{
					"type": "item",
					"name": "coal",
					"weight": 15,
					"functions": [
						{
							"function": "set_count",
							"count": {
								"min": 10,
								"max": 20
							}
						}
					]
				},
				{
					"type": "item",
					"name": "iron_sword",
					"weight": 20,
					"functions": [
						{
							"function": "enchant_random_gear",
							"chance": 10
						}
					]
				},
				{
					"type": "item",
					"name": "iron_axe",
					"weight": 20,
					"functions": [
						{
							"function": "enchant_random_gear",
							"chance": 10
						}
					]
				},
				{
					"type": "item",
					"name": "iron_pickaxe",
					"weight": 10,
					"functions": [
						{
							"function": "enchant_random_gear",
							"chance": 10
						}
					]
				}
			]
		},
		{
			"rolls": {
				"min": 2,
				"max": 4
			},
			"entries": [
				{
					"type": "item",
					"name": "stick",
					"weight": 20,
					"functions": [
						{
							"function": "set_count",
							"count": {
								"min": 4,
								"max": 10
							}
						}
					]
				},
				{
					"type": "item",
					"name": "string",
					"weight": 10,
					"functions": [
						{
							"function": "set_count",
							"count": {
								"min": 6,
								"max": 12
							}
						}
					]
				},
				{
					"type": "item",
					"name": "apple",
					"weight": 10,
					"functions": [
						{
							"function": "set_count",
							"count": {
								"min": 4,
								"max": 10
							}
						}
					]
				},
				{
					"type": "item",
					"name": "golden_apple",
					"weight": 5,
					"functions": [
						{
							"function": "set_count",
							"count": {
								"min": 2,
								"max": 4
							}
						}
					]
				},
				{
					"type": "item",
					"name": "charcoal",
					"weight": 15,
					"functions": [
						{
							"function": "set_count",
							"count": {
								"min": 10,
								"max": 20
							}
						}
					]
				},
				{
					"type": "item",
					"name": "df:halberd_iron",
					"weight": 20,
					"functions": [
						{
							"function": "enchant_random_gear",
							"chance": 10
						}
					]
				},
				{
					"type": "item",
					"name": "bow",
					"weight": 20,
					"functions": [
						{
							"function": "enchant_random_gear",
							"chance": 10
						}
					]
				},
				{
					"type": "item",
					"name": "crossbow",
					"weight": 8,
					"functions": [
						{
							"function": "enchant_random_gear",
							"chance": 10
						}
					]
				},
				{
					"type": "item",
					"name": "df:fast_crossbow",
					"weight": 1
				},
				{
					"type": "item",
					"name": "df:iron_spear",
					"weight": 1
				}
			]
		}
	]
}