{
	"pools": [
		{
			"rolls": 1,
			"entries": [
				{
					"type": "item",
					"name": "minecraft:netherite_helmet",
					"weight": 1
				}
			]
		},
		{
			"rolls": 1,
			"entries": [
				{
					"type": "item",
					"name": "minecraft:netherite_chestplate",
					"weight": 1
				}
			]
		},
		{
			"rolls": 1,
			"entries": [
				{
					"type": "item",
					"name": "minecraft:netherite_leggings",
					"weight": 1
				}
			]
		},
		{
			"rolls": 1,
			"entries": [
				{
					"type": "item",
					"name": "minecraft:netherite_boots",
					"weight": 1
				}
			]
		}
	]
}