{
	"pools": [
		{
			"rolls": 1,
			"entries": [
				{
					"type": "item",
					"name": "df:halberd_diamond",
					"weight": 4,
					"functions": [
						{
							"function": "enchant_random_gear",
							"chance": 1.6
						}
					]
				},
				{
					"type": "item",
					"name": "df:halberd_iron",
					"weight": 40,
					"functions": [
						{
							"function": "enchant_random_gear",
							"chance": 1.6
						}
					]
				},
				{
					"type": "item",
					"name": "df:halberd_stone",
					"weight": 12,
					"functions": [
						{
							"function": "enchant_random_gear",
							"chance": 1.6
						}
					]
				}
			]
		},
		{
			"rolls": 1,
			"entries": [
				{
					"type": "empty",
					"weight": 70
				},
				{
					"type": "item",
					"name": "shield",
					"weight": 30
				}
			]
		}
	]
}