{
	"pools": [
		{
			"rolls": 1,
			"entries": [
				{
					"type": "item",
					"name": "minecraft:iron_sword",
					"weight": 95,
					"functions": [
						{
							"function": "enchant_random_gear",
							"chance": 0.8
						}
					]
				},
				{
					"type": "item",
					"name": "diamond_sword",
					"weight": 4,
					"functions": [
						{
							"function": "enchant_random_gear",
							"chance": 1.2
						}
					]
				},
				{
					"type": "item",
					"name": "netherite_sword",
					"weight": 1,
					"functions": [
						{
							"function": "enchant_random_gear",
							"chance": 1.6
						}
					]
				}
			]
		},
		{
			"rolls": 1,
			"entries": [
				{
					"type": "empty",
					"weight": 70
				},
				{
					"type": "item",
					"name": "shield",
					"weight": 30
				}
			]
		}
	]
}