{
	"pools": [
		{
			"rolls": 1,
			"entries": [
				{
					"type": "item",
					"name": "diamond_sword",
					"weight": 1,
					"functions": [
						{
							"function": "specific_enchants",
							"enchants": [
								{
									"id": "knockback",
									"level": [
										1,
										2
									]
								},
								{
									"id": "fire_aspect",
									"level": [
										1,
										2
									]
								},
								{
									"id": "sharpness",
									"level": [
										3,
										5
									]
								}
							]
						}
					]
				}
			]
		}
	]
}