{
  "tiers": [
    {
      "total_exp_required": 0,
      "groups": [
        {
          "num_to_select": 1,
          "trades": [
            {
              "wants": [
                {
                  "item": "minecraft:emerald",
                  "quantity": 8,
                  "price_multiplier": -0.05
                }
              ],
              "gives": [
                {
                  "item": "minecraft:golden_apple",
                  "quantity": 1
                }
              ],
              "trader_exp": 1,
              "max_uses": 6,
              "reward_exp": true
            }
          ]
        },
        {
          "num_to_select": 1,
          "trades": [
            {
              "wants": [
                {
                  "item": "minecraft:lapis_lazuli",
                  "quantity": 5,
                  "price_multiplier": -0.05
                }
              ],
              "gives": [
                {
                  "item": "minecraft:emerald",
                  "quantity": 1
                }
              ],
              "trader_exp": 2,
              "max_uses": 10,
              "reward_exp": true
            }
          ]
        }
      ]
    },
    {
      "total_exp_required": 10,
      "groups": [
        {
          "num_to_select": 1,
          "trades": [
            {
              "wants": [
                {
                  "item": "minecraft:emerald",
                  "quantity": 1,
                  "price_multiplier": -0.05
                }
              ],
              "gives": [
                {
                  "item": "minecraft:fish",
                  "quantity": 8
                }
              ],
              "trader_exp": 10,
              "max_uses": 6,
              "reward_exp": true
            }
          ]
        },
        {
          "num_to_select": 1,
          "trades": [
            {
              "wants": [
                {
                  "item": "minecraft:coal:0",
                  "quantity": 10,
                  "price_multiplier": -0.05
                }
              ],
              "gives": [
                {
                  "item": "minecraft:emerald",
                  "quantity": 1
                }
              ],
              "trader_exp": 5,
              "max_uses": 8,
              "reward_exp": true
            }
          ]
        }
      ]
    },
    {
      "total_exp_required": 75,
      "groups": [
        {
          "num_to_select": 1,
          "trades": [
            {
              "wants": [
                {
                  "item": "minecraft:conduit",
                  "quantity": 1
                }
              ],
              "gives": [
                {
                  "item": "minecraft:emerald",
                  "quantity": 38
                }
              ],
              "trader_exp": 20,
              "max_uses": 2,
              "reward_exp": true
            }
          ]
        },
        {
          "num_to_select": 1,
          "trades": [
            {
              "wants": [
                {
                  "item": "minecraft:emerald",
                  "quantity": 36,
                  "price_multiplier": 0.05
                }
              ],
              "gives": [
                {
                  "item": "totem:backup_summoner",
                  "quantity": 1
                }
              ],
              "trader_exp": 10,
              "max_uses": 8,
              "reward_exp": true
            }
          ]
        }
      ]
    },
    {
      "total_exp_required": 150,
      "groups": [
        {
          "num_to_select": 1,
          "trades": [
            {
              "wants": [
                {
                  "item": "minecraft:emerald",
                  "quantity": 41,
                  "price_multiplier": 0.05
                }
              ],
              "gives": [
                {
                  "item": "totem:totem_of_fangs_attack",
                  "quantity": 1
                }
              ],
              "trader_exp": 30,
              "max_uses": 5,
              "reward_exp": true
            }
          ]
        },
        {
          "num_to_select": 1,
          "trades": [
            {
              "wants": [
                {
                  "item": "minecraft:emerald",
                  "quantity": 38,
                  "price_multiplier": 0.05
                }
              ],
              "gives": [
                {
                  "item": "totem:totem_of_fangs_shield",
                  "quantity": 1
                }
              ],
              "trader_exp": 15,
              "max_uses": 4,
              "reward_exp": true
            }
          ]
        }
      ]
    },
    {
      "total_exp_required": 250,
      "groups": [
        {
          "num_to_select": 1,
          "trades": [
            {
              "wants": [
                {
                  "item": "minecraft:emerald",
                  "quantity": 46,
                  "price_multiplier": 0.05
                }
              ],
              "gives": [
                {
                  "item": "totem:totem_of_vexs",
                  "quantity": 1
                }
              ],
              "trader_exp": 30,
              "max_uses": 3,
              "reward_exp": true
            }
          ]
        },
        {
          "num_to_select": 1,
          "trades": [
            {
              "wants": [
                {
                  "item": "minecraft:emerald",
                  "quantity": 52,
                  "price_multiplier": 0.05
                }
              ],
              "gives": [
                {
                  "item": "minecraft:totem",
                  "quantity": 1
                }
              ],
              "trader_exp": 30,
              "max_uses": 4,
              "reward_exp": true
            }
          ]
        }
      ]
    }
  ]
}
