{
  "tiers": [
    {
      "groups": [
        {
          "num_to_select": 5,
          "trades": [
            {
              "max_uses": 2,
              "wants": [
                {
                  "item": "minecraft:emerald",
                  "quantity": 60
                }
              ],
              "gives": [
                {
                  "item": "minecraft:totem"
                }
              ]
            },
            {
              "max_uses": 5,
              "wants": [
                {
                  "item": "minecraft:emerald",
                  "quantity": 1
                }
              ],
              "gives": [
                {
                  "item": "minecraft:slime_ball",
                  "quantity": 6
                }
              ]
            },
            {
              "max_uses": 5,
              "wants": [
                {
                  "item": "minecraft:emerald",
                  "quantity": 1
                }
              ],
              "gives": [
                {
                  "item": "minecraft:glowstone",
                  "quantity": 5
                }
              ]
            },
            {
              "max_uses": 6,
              "wants": [
                {
                  "item": "minecraft:emerald",
                  "quantity": 1
                }
              ],
              "gives": [
                {
                  "item": "minecraft:nautilus_shell",
                  "quantity": 7
                }
              ]
            },
            {
              "max_uses": 5,
              "wants": [
                {
                  "item": "minecraft:emerald",
                  "quantity": 1
                }
              ],
              "gives": [
                {
                  "item": "minecraft:tallgrass:2"
                }
              ]
            },
            {
              "max_uses": 8,
              "wants": [
                {
                  "item": "minecraft:emerald",
                  "quantity": 1
                }
              ],
              "gives": [
                {
                  "item": "minecraft:reeds",
                  "quantity": 12
                }
              ]
            },
            {
              "max_uses": 4,
              "wants": [
                {
                  "item": "minecraft:pumpkin",
                  "quantity": 6
                }
              ],
              "gives": [
                {
                  "item": "minecraft:emerald"
                }
              ]
            },
            {
              "max_uses": 12,
              "wants": [
                {
                  "item": "minecraft:kelp",
                  "quantity": 8
                }
              ],
              "gives": [
                {
                  "item": "minecraft:emerald"
                }
              ]
            },
            {
              "max_uses": 8,
              "wants": [
                {
                  "item": "minecraft:cactus",
                  "quantity": 10
                }
              ],
              "gives": [
                {
                  "item": "minecraft:emerald"
                }
              ]
            },
            {
              "max_uses": 12,
              "wants": [
                {
                  "item": "minecraft:emerald",
                  "quantity": 1
                }
              ],
              "gives": [
                {
                  "choice": [
                    {
                      "item": "minecraft:yellow_flower"
                    },
                    {
                      "item": "minecraft:red_flower",
                      "functions": [
                        {
                          "function": "random_block_state",
                          "block_state": "flower_type",
                          "values": {
                            "min": 0,
                            "max": 10
                          }
                        }
                      ]
                    },
                    {
                      "item": "minecraft:double_plant:0"
                    },
                    {
                      "item": "minecraft:double_plant:1"
                    },
                    {
                      "item": "minecraft:double_plant:4"
                    },
                    {
                      "item": "minecraft:double_plant:5"
                    }
                  ]
                }
              ]
            },
            {
              "max_uses": 12,
              "wants": [
                {
                  "item": "minecraft:emerald",
                  "quantity": 1
                }
              ],
              "gives": [
                {
                  "choice": [
                    {
                      "item": "minecraft:wheat_seeds",
                      "quantity": 10
                    },
                    {
                      "item": "minecraft:pumpkin_seeds",
                      "quantity": 8
                    },
                    {
                      "item": "minecraft:melon_seeds",
                     "quantity": 7
                    },
                    {
                      "item": "minecraft:beetroot_seeds",
                      "quantity": 9
                    }
                  ]
                }
              ]
            },
            {
              "max_uses": 8,
              "wants": [
                {
                  "item": "minecraft:emerald",
                  "quantity": 1
                }
              ],
              "gives": [
                {
                  "item": "minecraft:sapling",
                  "quantity": 4, 
                  "functions": [
                    {
                      "function": "random_block_state",
                      "block_state": "sapling_type",
                      "values": {
                        "min": 0,
                        "max": 5
                      }
                    }
                  ]
                }
              ]
            },
            {
              "max_uses": 12,
              "wants": [
                {
                  "item": "minecraft:emerald",
                  "quantity": 1
                }
              ],
              "gives": [
                {
                  "item": "minecraft:dye",
                  "quantity": 6,
                  "functions": [
                    {
                      "function": "random_aux_value",
                      "values": {
                        "min": 0,
                        "max": 15
                      }
                    }
                  ]
                }
              ]
            },
            {
              "max_uses": 8,
              "wants": [
                {
                  "item": "minecraft:emerald",
                  "quantity": 1
                }
              ],
              "gives": [
                {
                  "item": "minecraft:coral_block",
                  "quantity": 8,
                  "functions": [
                    {
                      "function": "random_block_state",
                      "block_state": "coral_color",
                      "values": {
                        "min": 0,
                        "max": 4
                      }
                    }
                  ]
                }
              ]
            },
            {
              "max_uses": 4,
              "wants": [
                {
                  "item": "minecraft:emerald",
                  "quantity": 54
                }
              ],
              "gives": [
                {
                  "item": "minecraft:appleenchanted"
                }
              ]
            },
            {
              "max_uses": 12,
              "wants": [
                {
                  "item": "minecraft:emerald",
                  "quantity": 1
                }
              ],
              "gives": [
                {
                  "choice": [
                    {
                      "item": "minecraft:brown_mushroom",
                      "quantity": 6
                    },
                    {
                      "item": "minecraft:red_mushroom",
                      "quantity": 5
                    }
                  ]
                }
              ]
            },
            {
              "max_uses": 5,
              "wants": [
                {
                  "item": "minecraft:waterlily",
                  "quantity": 14
                }
              ],
              "gives": [
                {
                  "item": "minecraft:emerald",
                  "quantity": 1
                }
              ]
            },
            {
              "max_uses": 8,
              "wants": [
                {
                  "item": "minecraft:emerald",
                  "quantity": 1
                }
              ],
              "gives": [
                {
                  "item": "minecraft:enderpearl",
                  "quantity": 4
                }
              ]
            },
            {
              "max_uses": 6,
              "wants": [
                {
                  "item": "minecraft:emerald",
                  "quantity": 8
                }
              ],
              "gives": [
                {
                  "item": "minecraft:golden_apple",
                  "quantity": 1
                }
              ]
            },
            {
              "max_uses": 5,
              "wants": [
                {
                  "item": "minecraft:emerald",
                  "quantity": 1
                }
              ],
              "gives": [
                {
                  "item": "minecraft:small_dripleaf_block",
                  "quantity": 6
                }
              ]
            },
            {
              "max_uses": 5,
              "wants": [
                {
                  "item": "minecraft:emerald",
                  "quantity": 1
                }
              ],
              "gives": [
                {
                  "item": "minecraft:dirt_with_roots",
                  "quantity": 10
                }
              ]
            },
            {
              "max_uses": 5,
              "wants": [
                {
                  "item": "minecraft:emerald",
                  "quantity": 1
                }
              ],
              "gives": [
                {
                  "item": "minecraft:moss_block",
                  "quantity": 12
                }
              ]
            },
            {
              "max_uses": 5,
              "wants": [
                {
                  "item": "minecraft:emerald",
                  "quantity": 1
                }
              ],
              "gives": [
                {
                  "item": "minecraft:pointed_dripstone",
                  "quantity": 6
                }
              ]
            }
          ]
        },
        {
          "num_to_select": 1,
          "trades": [
            {
              "max_uses": 4,
              "wants": [
                {
                  "item": "minecraft:emerald",
                  "quantity": 2
                }
              ],
              "gives": [
                {
                  "item": "minecraft:bucket:4"
                }
              ]
            },
            {
              "max_uses": 4,
              "wants": [
                {
                  "item": "minecraft:emerald",
                  "quantity": 3
                }
              ],
              "gives": [
                {
                  "item": "minecraft:bucket:5"
                }
              ]
            },
            {
              "max_uses": 6,
              "wants": [
                {
                  "item": "minecraft:emerald",
                  "quantity": 1
                }
              ],
              "gives": [
                {
                  "choice": [
                    {
                      "item": "minecraft:packed_ice",
                      "quantity": 7
                    },
                    {
                      "item": "minecraft:blue_ice",
                      "quantity": 9
                    }
                  ]
                }
              ]
            },
            {
              "max_uses": 8,
              "wants": [
                {
                  "item": "minecraft:emerald",
                  "quantity": 1
                }
              ],
              "gives": [
                {
                  "item": "minecraft:gunpowder",
                  "quantity": 10
                }
              ]
            },
            {
              "max_uses": 8,
              "wants": [
                {
                  "item": "minecraft:emerald",
                  "quantity": 6
                }
              ],
              "gives": [
                {
                  "item": "minecraft:saddle"
                }
              ]
            }
          ]
        }
      ]
    }
  ]
}
