{
	"format_version": "1.8.0",
	"minecraft:spawn_rules": {
		"description": {
			"identifier": "df:illager_soldier",
			"population_control": "monster"
		},
		"conditions": [
			{
				"minecraft:spawns_on_surface": {},
				"minecraft:difficulty_filter": {
					"min": "normal",
					"max": "hard"
				},
				"minecraft:brightness_filter": {
					"adjust_for_weather": true,
					"min": 0,
					"max": 10
				},
				"minecraft:delay_filter": {
					"identifier": "df:illager_soldier",
					"max": 40,
					"min": 30,
					"spawn_chance": 20
				},
				"minecraft:weight": {
					"default": 70
				},
				"minecraft:herd": {
					"min_size": 4,
					"max_size": 6
				},
				"minecraft:biome_filter": {
					"all_of": [
						{
							"test": "has_biome_tag",
							"operator": "==",
							"value": "forest"
						}
					]
				}
			}
		]
	}
}