{
  "format_version": "1.8.0",
  "minecraft:spawn_rules": {
    "description": {
      "identifier": "df:piglin_helper",
      "population_control": "monster"
    },
    "conditions": [
      {
        "minecraft:spawns_underground": {},
        "minecraft:spawns_on_block_prevented_filter": [
          "minecraft:nether_wart_block",
          "minecraft:shroomlight"
        ],
        "minecraft:difficulty_filter": {
          "min": "peaceful",
          "max": "hard"
        },
        "minecraft:weight": {
          "default": 5
        },
        "minecraft:herd": {
          "min_size": 1,
          "max_size": 1
        },
        "minecraft:biome_filter": {
          "all_of": [
            {
              "any_of": [
                {
                  "test": "has_biome_tag",
                  "operator": "==",
                  "value": "nether_wastes"
                },
                {
                  "test": "has_biome_tag",
                  "operator": "==",
                  "value": "crimson_forest"
                },
                {
                  "test": "has_biome_tag",
                  "operator": "==",
                  "value": "warped_forest"
                },
                {
                  "test": "has_biome_tag",
                  "operator": "==",
                  "value": "soulsand_valley"
                }
              ]
            }
          ]
        }
      }
    ]
  }
}