{
	"format_version": "1.8.0",
	"minecraft:spawn_rules": {
		"description": {
			"identifier": "df:pillager_hunter",
			"population_control": "monster"
		},
		"conditions": [
			{
				"minecraft:spawns_on_surface": {},
				"minecraft:brightness_filter": {
					"adjust_for_weather": true,
					"max": 7,
					"min": 0
				},
				"minecraft:delay_filter": {
					"identifier": "df:pillager_hunter",
					"min": 20,
					"max": 30,
					"spawn_chance": 20
				},
				"minecraft:weight": {
					"default": 80
				},
				"minecraft:herd": {
					"min_size": 2,
					"max_size": 4
				},
				"minecraft:biome_filter": {
					"any_of": [
						{
							"test": "has_biome_tag",
							"operator": "==",
							"value": "monster"
						}
					]
				}
			},
			{
				"minecraft:spawns_on_surface": {},
				"minecraft:brightness_filter": {
					"adjust_for_weather": true,
					"max": 15,
					"min": 1
				},
				"minecraft:delay_filter": {
					"identifier": "df:pillager_hunter",
					"min": 60,
					"max": 120,
					"spawn_chance": 20
				},
				"minecraft:weight": {
					"default": 15
				},
				"minecraft:herd": {
					"min_size": 1,
					"max_size": 2
				},
				"minecraft:biome_filter": {
					"any_of": [
						{
							"test": "has_biome_tag",
							"operator": "==",
							"value": "animal"
						}
					]
				}
			}
		]
	}
}