{
	"format_version": "1.8.0",
	"minecraft:spawn_rules": {
		"description": {
			"identifier": "df:pillager_desert",
			"population_control": "monster"
		},
		"conditions": [
			{
				"minecraft:spawns_on_surface": {},
				"minecraft:brightness_filter": {
					"adjust_for_weather": true,
					"min": 0,
					"max": 15
				},
				"minecraft:density_limit": {
					"surface": 5
				},
				"minecraft:delay_filter": {
					"identifier": "df:pillager_desert",
					"min": 30,
					"max": 60,
					"spawn_chance": 20
				},
				"minecraft:difficulty_filter": {
					"min": "normal",
					"max": "hard"
				},
				"minecraft:weight": {
					"default": 80
				},
				"minecraft:herd": {
					"min_size": 3,
					"max_size": 4,
					"event": "minecraft:promote_to_patrol_captain",
					"event_skip_count": 1,
					"initial_event": "minecraft:spawn_as_patrol_follower",
					"initial_event_count": 1
				},
				"minecraft:biome_filter": {
					"all_of": [
						{
							"test": "has_biome_tag",
							"operator": "==",
							"value": "desert"
						}
					]
				},
				"minecraft:permute_type": [
					{
						"entity_type": "df:pillager_desert<minecraft:spawn_as_patrol_follower>",
						"weight": 100
					}
				]
			},
			{
				"minecraft:spawns_on_surface": {},
				"minecraft:brightness_filter": {
					"adjust_for_weather": true,
					"min": 0,
					"max": 15
				},
				"minecraft:density_limit": {
					"surface": 5
				},
				"minecraft:difficulty_filter": {
					"min": "normal",
					"max": "hard"
				},
				"minecraft:weight": {
					"default": 20
				},
				"minecraft:delay_filter": {
					"identifier": "df:pillager_desert",
					"min": 20,
					"max": 30,
					"spawn_chance": 20
				},
				"minecraft:herd": {
					"min_size": 1,
					"max_size": 2
				},
				"minecraft:biome_filter": {
					"all_of": [
						{
							"test": "has_biome_tag",
							"operator": "==",
							"value": "desert"
						}
					]
				}
			}
		]
	}
}