{
	"format_version": "1.8.0",
	"minecraft:spawn_rules": {
		"description": {
			"identifier": "df:pillager_salior",
			"population_control": "monster"
		},
		"conditions": [
			{
				"minecraft:spawns_on_surface": {},
				"minecraft:spawns_on_block_filter": "minecraft:sand",
				"minecraft:brightness_filter": {
					"min": 7,
					"max": 15,
					"adjust_for_weather": true
				},
				"minecraft:height_filter": {
					"min": 60,
					"max": 67
				},
				"minecraft:weight": {
					"default": 8
				},
				"minecraft:herd": {
					"min_size": 2,
					"max_size": 3,
					"event": "df:patrol"
				},
				"minecraft:biome_filter": [
					{
						"test": "has_biome_tag",
						"operator": "==",
						"value": "beach"
					}
				],
				"minecraft:delay_filter": {
					"identifier": "df:pillager_salior",
					"min": 50,
					"max": 80,
					"spawn_chance": 20
				}
			},
			{
				"minecraft:spawns_on_surface": {},
				"minecraft:spawns_on_block_filter": "minecraft:sand",
				"minecraft:brightness_filter": {
					"min": 0,
					"max": 7,
					"adjust_for_weather": true
				},
				"minecraft:height_filter": {
					"min": 60,
					"max": 67
				},
				"minecraft:weight": {
					"default": 70
				},
				"minecraft:herd": {
					"min_size": 4,
					"max_size": 6,
					"event": "df:patrol"
				},
				"minecraft:biome_filter": [
					{
						"test": "has_biome_tag",
						"operator": "==",
						"value": "beach"
					}
				],
				"minecraft:delay_filter": {
					"identifier": "df:pillager_salior",
					"min": 20,
					"max": 30,
					"spawn_chance": 20
				}
			}
		]
	}
}