{
	"format_version": "1.8.0",
	"minecraft:spawn_rules": {
		"description": {
			"identifier": "aoi:pillager_wandering",
			"population_control": "monster"
		},
		"conditions": [
			{
				"minecraft:spawns_on_surface": {},
				"minecraft:brightness_filter": {
					"min": 0,
					"max": 7,
					"adjust_for_weather": true
				},
				"minecraft:density_limit": {
					"surface": 5
				},
				"minecraft:delay_filter": {
					"identifier": "aoi:pillager_wandering",
					"min": 10,
					"max": 20,
					"spawn_chance": 20
				},
				"minecraft:herd": {
					"min_size": 1,
					"max_size": 1
				},
				"minecraft:weight": {
					"default": 60
				},
				"minecraft:biome_filter": {
					"all_of": [
						{
							"test": "has_biome_tag",
							"operator": "==",
							"value": "monster"
						}
					]
				}
			}
		]
	}
}