{
	"format_version": "1.8.0",
	"minecraft:spawn_rules": {
		"description": {
			"identifier": "aoi:pillager_brutal",
			"population_control": "monster"
		},
		"conditions": [
			{
				"minecraft:spawns_on_surface": {},
				"minecraft:delay_filter": {
					"min": 20,
					"max": 30,
					"identifier": "aoi:pillager_brutal",
					"spawn_chance": 20
				},
				"minecraft:brightness_filter": {
					"min": 0,
					"max": 7,
					"adjust_for_weather": true
				},
				"minecraft:difficulty_filter": {
					"min": "normal",
					"max": "hard"
				},
				"minecraft:herd": {
					"min_size": 2,
					"max_size": 4,
					"event": "spawn_normal"
				},
				"minecraft:weight": {
					"default": 80
				},
				"minecraft:biome_filter": {
					"test": "has_biome_tag",
					"operator": "==",
					"value": "monster"
				}
			}
		]
	}
}