{
	"format_version": "1.8.0",
	"minecraft:spawn_rules": {
		"description": {
			"identifier": "df:wooden_golem",
			"population_control": "animal"
		},
		"conditions": [
			{
				"minecraft:spawns_on_surface": {},
				"minecraft:brightness_filter": {
					"min": 7,
					"max": 15,
					"adjust_for_weather": false
				},
				"minecraft:weight": {
					"default": 17
				},
				"minecraft:herd": {
					"min_size": 2,
					"max_size": 4
				},
				"minecraft:biome_filter": {
					"any_of": [
						{
							"test": "has_biome_tag",
							"operator": "==",
							"value": "forest"
						},
						{
							"test": "has_biome_tag",
							"operator": "==",
							"value": "swamp"
						},
						{
							"test": "has_biome_tag",
							"operator": "==",
							"value": "jungle"
						},
						{
							"test": "has_biome_tag",
							"operator": "==",
							"value": "savanna"
						},
						{
							"test": "has_biome_tag",
							"operator": "==",
							"value": "taiga"
						},
						{
							"test": "has_biome_tag",
							"operator": "==",
							"value": "birch"
						},
						{
							"test": "has_biome_tag",
							"operator": "==",
							"value": "roofed"
						},
						{
							"test": "has_biome_tag",
							"operator": "==",
							"value": "mangrove_swamp"
						}
					]
				}
			}
		]
	}
}