{
	"format_version": "1.12.0",
	"minecraft:geometry": [
		{
			"description": {
				"identifier": "geometry.Printer",
				"texture_width": 256,
				"texture_height": 256,
				"visible_bounds_width": 4,
				"visible_bounds_height": 6,
				"visible_bounds_offset": [0, 1, 0]
			},
			"bones": [
				{
					"name": "root",
					"pivot": [0, 0, 0]
				},
				{
					"name": "RightLeg",
					"parent": "root",
					"pivot": [-1.9, 12, 0]
				},
				{
					"name": "LeftLeg",
					"parent": "root",
					"pivot": [1.9, 12, 0]
				},
				{
					"name": "waist",
					"parent": "root",
					"pivot": [0, 0, 0]
				},
				{
					"name": "Body",
					"parent": "waist",
					"pivot": [0, 24, 0]
				},
				{
					"name": "Head",
					"parent": "Body",
					"pivot": [0, 24, 0]
				},
				{
					"name": "ArmorH",
					"parent": "Head",
					"pivot": [0, 0, 0]
				},
				{
					"name": "RightArm",
					"parent": "Body",
					"pivot": [-5, 22, 0]
				},
				{
					"name": "LeftArm",
					"parent": "Body",
					"pivot": [5, 22, 0]
				},
				{
					"name": "root2",
					"pivot": [0, 0, 0],
					"cubes": [
						{
							"origin": [-9, 0, -9],
							"size": [18, 1, 19],
							"uv": {
								"north": {"uv": [90, 14], "uv_size": [18, 1]},
								"east": {"uv": [90, 10], "uv_size": [19, 1]},
								"south": {"uv": [90, 15], "uv_size": [18, 1]},
								"west": {"uv": [90, 11], "uv_size": [19, 1]},
								"up": {"uv": [52, 40], "uv_size": [18, 19]},
								"down": {"uv": [54, 19], "uv_size": [18, -19]}
							}
						},
						{
							"origin": [-9, 39, -9],
							"size": [18, 1, 19],
							"uv": {
								"north": {"uv": [90, 16], "uv_size": [18, 1]},
								"east": {"uv": [90, 12], "uv_size": [19, 1]},
								"south": {"uv": [90, 17], "uv_size": [18, 1]},
								"west": {"uv": [90, 13], "uv_size": [19, 1]},
								"up": {"uv": [54, 19], "uv_size": [18, 19]},
								"down": {"uv": [52, 78], "uv_size": [18, -19]}
							}
						},
						{
							"origin": [-6, 0, 11],
							"size": [18, 40, 2],
							"pivot": [0, 0, 0],
							"rotation": [0, 70, 0],
							"uv": {
								"north": {"uv": [36, 0], "uv_size": [18, 40]},
								"east": {"uv": [38, 81], "uv_size": [2, 40]},
								"south": {"uv": [0, 40], "uv_size": [18, 40]},
								"west": {"uv": [40, 81], "uv_size": [2, 40]},
								"up": {"uv": [80, 87], "uv_size": [18, 2]},
								"down": {"uv": [0, 90], "uv_size": [18, -2]}
							}
						},
						{
							"origin": [-6, 0, 5],
							"size": [18, 2, 8],
							"pivot": [0, 0, 0],
							"rotation": [0, 70, 0],
							"uv": {
								"north": {"uv": [0, 90], "uv_size": [18, 2]},
								"east": {"uv": [72, 32], "uv_size": [8, 2]},
								"south": {"uv": [90, 0], "uv_size": [18, 2]},
								"west": {"uv": [72, 34], "uv_size": [8, 2]},
								"up": {"uv": [72, 16], "uv_size": [18, 8]},
								"down": {"uv": [72, 32], "uv_size": [18, -8]}
							}
						},
						{
							"origin": [-6, 38.3, 5],
							"size": [18, 2, 8],
							"pivot": [0, 0.3, 0],
							"rotation": [0, 70, 0],
							"uv": {
								"north": {"uv": [90, 2], "uv_size": [18, 2]},
								"east": {"uv": [72, 36], "uv_size": [8, 2]},
								"south": {"uv": [90, 4], "uv_size": [18, 2]},
								"west": {"uv": [42, 81], "uv_size": [8, 2]},
								"up": {"uv": [52, 78], "uv_size": [18, 8]},
								"down": {"uv": [0, 88], "uv_size": [18, -8]}
							}
						},
						{
							"origin": [-12, 0, 11],
							"size": [18, 40, 2],
							"pivot": [0, 0, 0],
							"rotation": [0, -70, 0],
							"uv": {
								"north": {"uv": [0, 0], "uv_size": [18, 40]},
								"east": {"uv": [34, 81], "uv_size": [2, 40]},
								"south": {"uv": [18, 0], "uv_size": [18, 40]},
								"west": {"uv": [36, 81], "uv_size": [2, 40]},
								"up": {"uv": [80, 85], "uv_size": [18, 2]},
								"down": {"uv": [42, 88], "uv_size": [18, -2]}
							}
						},
						{
							"origin": [-12, 0, 5],
							"size": [18, 2, 8],
							"pivot": [0, 0, 0],
							"rotation": [0, -70, 0],
							"uv": {
								"north": {"uv": [42, 88], "uv_size": [18, 2]},
								"east": {"uv": [54, 38], "uv_size": [8, 2]},
								"south": {"uv": [80, 89], "uv_size": [18, 2]},
								"west": {"uv": [62, 38], "uv_size": [8, 2]},
								"up": {"uv": [72, 0], "uv_size": [18, 8]},
								"down": {"uv": [72, 16], "uv_size": [18, -8]}
							}
						},
						{
							"origin": [-12, 38.3, 5],
							"size": [18, 2, 8],
							"pivot": [0, 0.3, 0],
							"rotation": [0, -70, 0],
							"uv": {
								"north": {"uv": [90, 6], "uv_size": [18, 2]},
								"east": {"uv": [42, 83], "uv_size": [8, 2]},
								"south": {"uv": [90, 8], "uv_size": [18, 2]},
								"west": {"uv": [60, 86], "uv_size": [8, 2]},
								"up": {"uv": [80, 32], "uv_size": [18, 8]},
								"down": {"uv": [80, 48], "uv_size": [18, -8]}
							}
						},
						{
							"origin": [-10, 38, 0],
							"size": [17, 1, 1],
							"uv": {
								"north": {"uv": [90, 18], "uv_size": [17, 1]},
								"east": {"uv": [50, 81], "uv_size": [1, 1]},
								"south": {"uv": [90, 19], "uv_size": [17, 1]},
								"west": {"uv": [51, 81], "uv_size": [1, 1]},
								"up": {"uv": [90, 20], "uv_size": [17, 1]},
								"down": {"uv": [90, 22], "uv_size": [17, -1]}
							}
						},
						{
							"origin": [-3, 37, 0],
							"size": [5, 1, 1],
							"uv": {
								"north": {"uv": [42, 85], "uv_size": [5, 1]},
								"east": {"uv": [50, 84], "uv_size": [1, 1]},
								"south": {"uv": [47, 85], "uv_size": [5, 1]},
								"west": {"uv": [51, 84], "uv_size": [1, 1]},
								"up": {"uv": [18, 88], "uv_size": [5, 1]},
								"down": {"uv": [23, 89], "uv_size": [5, -1]}
							}
						},
						{
							"origin": [-10, 38, -5],
							"size": [17, 1, 1],
							"uv": {
								"north": {"uv": [90, 22], "uv_size": [17, 1]},
								"east": {"uv": [50, 82], "uv_size": [1, 1]},
								"south": {"uv": [90, 23], "uv_size": [17, 1]},
								"west": {"uv": [51, 82], "uv_size": [1, 1]},
								"up": {"uv": [90, 24], "uv_size": [17, 1]},
								"down": {"uv": [90, 26], "uv_size": [17, -1]}
							}
						},
						{
							"origin": [-10, 38, 4],
							"size": [17, 1, 1],
							"uv": {
								"north": {"uv": [90, 26], "uv_size": [17, 1]},
								"east": {"uv": [50, 83], "uv_size": [1, 1]},
								"south": {"uv": [90, 27], "uv_size": [17, 1]},
								"west": {"uv": [51, 83], "uv_size": [1, 1]},
								"up": {"uv": [90, 28], "uv_size": [17, 1]},
								"down": {"uv": [90, 30], "uv_size": [17, -1]}
							}
						}
					]
				},
				{
					"name": "Printer",
					"parent": "root2",
					"pivot": [0, 39, 10],
					"cubes": [
						{
							"origin": [-8, 32, 10],
							"size": [16, 7, 0],
							"uv": {
								"north": {"uv": [82, 256], "uv_size": [50, -21]},
								"east": {"uv": [0, 0], "uv_size": [0, 7]},
								"south": {"uv": [131, 235], "uv_size": [47, 21]},
								"west": {"uv": [0, 0], "uv_size": [0, 7]},
								"up": {"uv": [0, 0], "uv_size": [16, 0]},
								"down": {"uv": [0, 0], "uv_size": [16, 0]}
							}
						}
					]
				},
				{
					"name": "Printer3",
					"parent": "root2",
					"pivot": [0, 3, -5],
					"cubes": [
						{
							"origin": [-8, 3, -5],
							"size": [16, 0, 8],
							"uv": {
								"north": {"uv": [0, 0], "uv_size": [16, 0]},
								"east": {"uv": [0, 0], "uv_size": [8, 0]},
								"south": {"uv": [0, 0], "uv_size": [16, 0]},
								"west": {"uv": [0, 0], "uv_size": [8, 0]},
								"up": {"uv": [112, 118], "uv_size": [16, 10]},
								"down": {"uv": [96, 128], "uv_size": [16, -8]}
							}
						}
					]
				},
				{
					"name": "Printer2",
					"parent": "root2",
					"pivot": [0, 39, 10],
					"cubes": [
						{
							"origin": [-8, 32, 10],
							"size": [16, 7, 0],
							"uv": {
								"north": {"uv": [0, 121], "uv_size": [16, 7]},
								"east": {"uv": [0, 0], "uv_size": [0, 7]},
								"south": {"uv": [18, 128], "uv_size": [15, -10]},
								"west": {"uv": [0, 0], "uv_size": [0, 7]},
								"up": {"uv": [0, 0], "uv_size": [16, 0]},
								"down": {"uv": [0, 0], "uv_size": [16, 0]}
							}
						}
					]
				},
				{
					"name": "printing",
					"pivot": [0, 1, 0],
					"cubes": [
						{
							"origin": [-8.3, -30.7, -6],
							"size": [16.8, 31.1, 10.4],
							"uv": {
								"north": {"uv": [18, 40], "uv_size": [17, 31]},
								"east": {"uv": [70, 38], "uv_size": [10, 31]},
								"south": {"uv": [35, 40], "uv_size": [17, 31]},
								"west": {"uv": [70, 69], "uv_size": [10, 31]},
								"up": {"uv": [18, 71], "uv_size": [17, 10]},
								"down": {"uv": [35, 81], "uv_size": [17, -10]}
							}
						}
					]
				}
			]
		}
	]
}