{
	"format_version": "1.12.0",
	"minecraft:geometry": [
		{
			"description": {
				"identifier": "geometry.chgunlayer",
				"texture_width": 32,
				"texture_height": 32,
				"visible_bounds_width": 3,
				"visible_bounds_height": 3.5,
				"visible_bounds_offset": [0, 1.25, 0]
			},
			"bones": [
				{
					"name": "root",
					"pivot": [0, 0, 0]
				},
				{
					"name": "waist",
					"parent": "root",
					"pivot": [0, 0, 0]
				},
				{
					"name": "Body",
					"parent": "waist",
					"pivot": [0, 24, 0]
				},
				{
					"name": "RightArm",
					"parent": "Body",
					"pivot": [-5, 22, 0]
				},
				{
					"name": "aurigun",
					"parent": "RightArm",
					"pivot": [-6, 13, 0]
				},
				{
					"name": "aurigun2",
					"parent": "aurigun",
					"pivot": [-5.8, 15, -4],
					"cubes": [
						{
							"origin": [-6.97005, 8.2, -5.30226],
							"size": [2.6, 6.8, 2.5],
							"uv": {
								"north": {"uv": [9, 0], "uv_size": [2, 7]},
								"east": {"uv": [9, 14], "uv_size": [2, 7]},
								"south": {"uv": [15, 6], "uv_size": [2, 7]},
								"west": {"uv": [15, 13], "uv_size": [2, 7]},
								"up": {"uv": [4, 21], "uv_size": [2, 2]},
								"down": {"uv": [21, 6], "uv_size": [2, -2]}
							}
						},
						{
							"origin": [-7.47005, 10.2, -5.50226],
							"size": [2.1, 4.6, 3],
							"pivot": [-5.67005, 15, -4.00226],
							"rotation": [0, 0, -26],
							"uv": {
								"north": {"uv": [9, 0], "uv_size": [2, 7]},
								"east": {"uv": [9, 14], "uv_size": [2, 7]},
								"south": {"uv": [15, 6], "uv_size": [2, 7]},
								"west": {"uv": [15, 13], "uv_size": [2, 7]},
								"up": {"uv": [4, 21], "uv_size": [2, 2]},
								"down": {"uv": [21, 6], "uv_size": [2, -2]}
							}
						},
						{
							"origin": [-6.17005, 8.4, -6.40226],
							"size": [2.2, 4.9, 2.4],
							"pivot": [-5.67005, 15, -4.00226],
							"rotation": [0, -61, 16],
							"uv": {
								"north": {"uv": [9, 0], "uv_size": [2, 7]},
								"east": {"uv": [9, 14], "uv_size": [2, 7]},
								"south": {"uv": [15, 6], "uv_size": [2, 7]},
								"west": {"uv": [15, 13], "uv_size": [2, 7]},
								"up": {"uv": [4, 21], "uv_size": [2, 2]},
								"down": {"uv": [21, 6], "uv_size": [2, -2]}
							}
						}
					]
				}
			]
		}
	]
}