{
	"format_version": "1.12.0",
	"minecraft:geometry": [
		{
			"description": {
				"identifier": "geometry.doc",
				"texture_width": 64,
				"texture_height": 64,
				"visible_bounds_width": 7,
				"visible_bounds_height": 3.5,
				"visible_bounds_offset": [0, 1.25, 0]
			},
			"bones": [
				{
					"name": "root",
					"pivot": [0, 0, 0]
				},
				{
					"name": "RightLeg",
					"parent": "root",
					"pivot": [-1.9, 12, 0],
					"cubes": [
						{
							"origin": [-3.9, 0, -2],
							"size": [4, 12, 4],
							"inflate": 0.15,
							"uv": {
								"north": {"uv": [50, 17], "uv_size": [4, 12]},
								"east": {"uv": [46, 17], "uv_size": [4, 12]},
								"south": {"uv": [58, 17], "uv_size": [4, 12]},
								"west": {"uv": [54, 17], "uv_size": [4, 12]},
								"up": {"uv": [50, 13], "uv_size": [4, 4]},
								"down": {"uv": [54, 17], "uv_size": [4, -4]}
							}
						}
					]
				},
				{
					"name": "LeftLeg",
					"parent": "root",
					"pivot": [1.9, 12, 0],
					"cubes": [
						{
							"origin": [-0.1, 0, -2],
							"size": [4, 12, 4],
							"inflate": 0.15,
							"uv": {
								"north": {"uv": [44, 36], "uv_size": [4, 12]},
								"east": {"uv": [40, 36], "uv_size": [4, 12]},
								"south": {"uv": [52, 36], "uv_size": [4, 12]},
								"west": {"uv": [48, 36], "uv_size": [4, 12]},
								"up": {"uv": [44, 32], "uv_size": [4, 4]},
								"down": {"uv": [48, 36], "uv_size": [4, -4]}
							}
						}
					]
				},
				{
					"name": "waist",
					"parent": "root",
					"pivot": [0, 0, 0]
				},
				{
					"name": "Body",
					"parent": "waist",
					"pivot": [0, 24, 0],
					"cubes": [
						{
							"origin": [-4, 12, -2],
							"size": [8, 12, 4],
							"inflate": 0.15,
							"uv": {
								"north": {"uv": [4, 36], "uv_size": [8, 12]},
								"east": {"uv": [0, 36], "uv_size": [4, 12]},
								"south": {"uv": [16, 36], "uv_size": [8, 12]},
								"west": {"uv": [12, 36], "uv_size": [4, 12]},
								"up": {"uv": [4, 32], "uv_size": [8, 4]},
								"down": {"uv": [12, 36], "uv_size": [8, -4]}
							}
						}
					]
				},
				{
					"name": "r1",
					"parent": "Body",
					"pivot": [-2, 22, 2],
					"cubes": [
						{
							"origin": [-3, 22, 2],
							"size": [1, 1, 14],
							"uv": {
								"north": {"uv": [32, 16], "uv_size": [1, 1]},
								"east": {"uv": [18, 16], "uv_size": [14, 1]},
								"south": {"uv": [47, 16], "uv_size": [1, 1]},
								"west": {"uv": [33, 16], "uv_size": [14, 1]},
								"up": {"uv": [32, 2], "uv_size": [1, 14]},
								"down": {"uv": [33, 16], "uv_size": [1, -14]}
							}
						},
						{
							"origin": [-4, 21, 12.6],
							"size": [3, 3, 3],
							"uv": {
								"north": {"uv": [27, 51], "uv_size": [3, 3]},
								"east": {"uv": [24, 51], "uv_size": [3, 3]},
								"south": {"uv": [33, 51], "uv_size": [3, 3]},
								"west": {"uv": [30, 51], "uv_size": [3, 3]},
								"up": {"uv": [27, 48], "uv_size": [3, 3]},
								"down": {"uv": [30, 51], "uv_size": [3, -3]}
							}
						},
						{
							"origin": [-4, 21, 8],
							"size": [3, 3, 3],
							"uv": {
								"north": {"uv": [15, 51], "uv_size": [3, 3]},
								"east": {"uv": [12, 51], "uv_size": [3, 3]},
								"south": {"uv": [21, 51], "uv_size": [3, 3]},
								"west": {"uv": [18, 51], "uv_size": [3, 3]},
								"up": {"uv": [15, 48], "uv_size": [3, 3]},
								"down": {"uv": [18, 51], "uv_size": [3, -3]}
							}
						},
						{
							"origin": [-4, 21, 4],
							"size": [3, 3, 3],
							"uv": {
								"north": {"uv": [3, 51], "uv_size": [3, 3]},
								"east": {"uv": [0, 51], "uv_size": [3, 3]},
								"south": {"uv": [9, 51], "uv_size": [3, 3]},
								"west": {"uv": [6, 51], "uv_size": [3, 3]},
								"up": {"uv": [3, 48], "uv_size": [3, 3]},
								"down": {"uv": [6, 51], "uv_size": [3, -3]}
							}
						}
					]
				},
				{
					"name": "r2",
					"parent": "r1",
					"pivot": [-2, 22, 16],
					"cubes": [
						{
							"origin": [-3, 22, 15],
							"size": [1, 1, 14],
							"uv": {
								"north": {"uv": [30, 31], "uv_size": [1, 1]},
								"east": {"uv": [16, 31], "uv_size": [14, 1]},
								"south": {"uv": [45, 31], "uv_size": [1, 1]},
								"west": {"uv": [31, 31], "uv_size": [14, 1]},
								"up": {"uv": [30, 17], "uv_size": [1, 14]},
								"down": {"uv": [31, 31], "uv_size": [1, -14]}
							}
						},
						{
							"origin": [-4, 21, 25],
							"size": [3, 3, 3],
							"uv": {
								"north": {"uv": [35, 26], "uv_size": [3, 3]},
								"east": {"uv": [32, 26], "uv_size": [3, 3]},
								"south": {"uv": [41, 26], "uv_size": [3, 3]},
								"west": {"uv": [38, 26], "uv_size": [3, 3]},
								"up": {"uv": [35, 23], "uv_size": [3, 3]},
								"down": {"uv": [38, 26], "uv_size": [3, -3]}
							}
						},
						{
							"origin": [-4, 21, 21],
							"size": [3, 3, 3],
							"uv": {
								"north": {"uv": [35, 20], "uv_size": [3, 3]},
								"east": {"uv": [32, 20], "uv_size": [3, 3]},
								"south": {"uv": [41, 20], "uv_size": [3, 3]},
								"west": {"uv": [38, 20], "uv_size": [3, 3]},
								"up": {"uv": [35, 17], "uv_size": [3, 3]},
								"down": {"uv": [38, 20], "uv_size": [3, -3]}
							}
						},
						{
							"origin": [-4, 21, 17],
							"size": [3, 3, 3],
							"uv": {
								"north": {"uv": [19, 26], "uv_size": [3, 3]},
								"east": {"uv": [16, 26], "uv_size": [3, 3]},
								"south": {"uv": [25, 26], "uv_size": [3, 3]},
								"west": {"uv": [22, 26], "uv_size": [3, 3]},
								"up": {"uv": [19, 23], "uv_size": [3, 3]},
								"down": {"uv": [22, 26], "uv_size": [3, -3]}
							}
						}
					]
				},
				{
					"name": "r3",
					"parent": "r2",
					"pivot": [-2, 22, 28],
					"cubes": [
						{
							"origin": [-3, 22, 27],
							"size": [1, 1, 14.9],
							"uv": {
								"north": {"uv": [14, 30], "uv_size": [1, 1]},
								"east": {"uv": [0, 30], "uv_size": [14, 1]},
								"south": {"uv": [29, 30], "uv_size": [1, 1]},
								"west": {"uv": [15, 30], "uv_size": [14, 1]},
								"up": {"uv": [14, 16], "uv_size": [1, 14]},
								"down": {"uv": [15, 30], "uv_size": [1, -14]}
							}
						},
						{
							"origin": [-4, 21, 37],
							"size": [3, 3, 3],
							"uv": {
								"north": {"uv": [3, 25], "uv_size": [3, 3]},
								"east": {"uv": [0, 25], "uv_size": [3, 3]},
								"south": {"uv": [9, 25], "uv_size": [3, 3]},
								"west": {"uv": [6, 25], "uv_size": [3, 3]},
								"up": {"uv": [3, 22], "uv_size": [3, 3]},
								"down": {"uv": [6, 25], "uv_size": [3, -3]}
							}
						},
						{
							"origin": [-4, 21, 33],
							"size": [3, 3, 3],
							"uv": {
								"north": {"uv": [19, 20], "uv_size": [3, 3]},
								"east": {"uv": [16, 20], "uv_size": [3, 3]},
								"south": {"uv": [25, 20], "uv_size": [3, 3]},
								"west": {"uv": [22, 20], "uv_size": [3, 3]},
								"up": {"uv": [19, 17], "uv_size": [3, 3]},
								"down": {"uv": [22, 20], "uv_size": [3, -3]}
							}
						},
						{
							"origin": [-4, 21, 29],
							"size": [3, 3, 3],
							"uv": {
								"north": {"uv": [3, 19], "uv_size": [3, 3]},
								"east": {"uv": [0, 19], "uv_size": [3, 3]},
								"south": {"uv": [9, 19], "uv_size": [3, 3]},
								"west": {"uv": [6, 19], "uv_size": [3, 3]},
								"up": {"uv": [3, 16], "uv_size": [3, 3]},
								"down": {"uv": [6, 19], "uv_size": [3, -3]}
							}
						}
					]
				},
				{
					"name": "Uch",
					"parent": "r3",
					"pivot": [-3.1, 22, 41],
					"cubes": [
						{
							"origin": [-3.1, 22, 41],
							"size": [2, 9, 1],
							"pivot": [-0.1, 23, 40],
							"rotation": [0, 0, -6],
							"uv": {
								"north": {"uv": [7, 55], "uv_size": [2, 9]},
								"east": {"uv": [6, 55], "uv_size": [1, 9]},
								"south": {"uv": [10, 55], "uv_size": [2, 9]},
								"west": {"uv": [9, 55], "uv_size": [1, 9]},
								"up": {"uv": [7, 54], "uv_size": [2, 1]},
								"down": {"uv": [9, 55], "uv_size": [2, -1]}
							}
						},
						{
							"origin": [-5.1, 21, 41],
							"size": [2, 9, 1],
							"pivot": [-0.1, 23, 40],
							"rotation": [0, 0, 12.5],
							"uv": {
								"north": {"uv": [1, 55], "uv_size": [2, 9]},
								"east": {"uv": [0, 55], "uv_size": [1, 9]},
								"south": {"uv": [4, 55], "uv_size": [2, 9]},
								"west": {"uv": [3, 55], "uv_size": [1, 9]},
								"up": {"uv": [1, 54], "uv_size": [2, 1]},
								"down": {"uv": [3, 55], "uv_size": [2, -1]}
							}
						}
					]
				},
				{
					"name": "Uch2",
					"parent": "r3",
					"pivot": [-3.1, 22, 40],
					"rotation": [0, 0, 120],
					"cubes": [
						{
							"origin": [-3.50192, 22.5, 41],
							"size": [2, 9, 1],
							"pivot": [-0.50192, 23.5, 40],
							"rotation": [0, 0, -6],
							"uv": {
								"north": {"uv": [51, 1], "uv_size": [2, 9]},
								"east": {"uv": [50, 1], "uv_size": [1, 9]},
								"south": {"uv": [54, 1], "uv_size": [2, 9]},
								"west": {"uv": [53, 1], "uv_size": [1, 9]},
								"up": {"uv": [51, 0], "uv_size": [2, 1]},
								"down": {"uv": [53, 1], "uv_size": [2, -1]}
							}
						},
						{
							"origin": [-5.50192, 21.5, 41],
							"size": [2, 9, 1],
							"pivot": [-0.50192, 23.5, 40],
							"rotation": [0, 0, 12.5],
							"uv": {
								"north": {"uv": [49, 49], "uv_size": [2, 9]},
								"east": {"uv": [48, 49], "uv_size": [1, 9]},
								"south": {"uv": [52, 49], "uv_size": [2, 9]},
								"west": {"uv": [51, 49], "uv_size": [1, 9]},
								"up": {"uv": [49, 48], "uv_size": [2, 1]},
								"down": {"uv": [51, 49], "uv_size": [2, -1]}
							}
						}
					]
				},
				{
					"name": "Uch3",
					"parent": "r3",
					"pivot": [-4.1, 22, 40],
					"rotation": [0, 0, -140],
					"cubes": [
						{
							"origin": [-4.15908, 22.16232, 41],
							"size": [2, 9, 1],
							"pivot": [-1.15908, 23.16232, 40],
							"rotation": [0, 0, -6],
							"uv": {
								"north": {"uv": [43, 49], "uv_size": [2, 9]},
								"east": {"uv": [42, 49], "uv_size": [1, 9]},
								"south": {"uv": [46, 49], "uv_size": [2, 9]},
								"west": {"uv": [45, 49], "uv_size": [1, 9]},
								"up": {"uv": [43, 48], "uv_size": [2, 1]},
								"down": {"uv": [45, 49], "uv_size": [2, -1]}
							}
						},
						{
							"origin": [-6.15908, 21.16232, 41],
							"size": [2, 9, 1],
							"pivot": [-1.15908, 23.16232, 40],
							"rotation": [0, 0, 12.5],
							"uv": {
								"north": {"uv": [37, 49], "uv_size": [2, 9]},
								"east": {"uv": [36, 49], "uv_size": [1, 9]},
								"south": {"uv": [40, 49], "uv_size": [2, 9]},
								"west": {"uv": [39, 49], "uv_size": [1, 9]},
								"up": {"uv": [37, 48], "uv_size": [2, 1]},
								"down": {"uv": [39, 49], "uv_size": [2, -1]}
							}
						}
					]
				},
				{
					"name": "r7",
					"parent": "Body",
					"pivot": [-2, 14, 2],
					"cubes": [
						{
							"origin": [-3, 14, 2],
							"size": [1, 1, 14],
							"uv": {
								"north": {"uv": [32, 16], "uv_size": [1, 1]},
								"east": {"uv": [18, 16], "uv_size": [14, 1]},
								"south": {"uv": [47, 16], "uv_size": [1, 1]},
								"west": {"uv": [33, 16], "uv_size": [14, 1]},
								"up": {"uv": [32, 2], "uv_size": [1, 14]},
								"down": {"uv": [33, 16], "uv_size": [1, -14]}
							}
						},
						{
							"origin": [-4, 13, 12.6],
							"size": [3, 3, 3],
							"uv": {
								"north": {"uv": [27, 51], "uv_size": [3, 3]},
								"east": {"uv": [24, 51], "uv_size": [3, 3]},
								"south": {"uv": [33, 51], "uv_size": [3, 3]},
								"west": {"uv": [30, 51], "uv_size": [3, 3]},
								"up": {"uv": [27, 48], "uv_size": [3, 3]},
								"down": {"uv": [30, 51], "uv_size": [3, -3]}
							}
						},
						{
							"origin": [-4, 13, 8],
							"size": [3, 3, 3],
							"uv": {
								"north": {"uv": [15, 51], "uv_size": [3, 3]},
								"east": {"uv": [12, 51], "uv_size": [3, 3]},
								"south": {"uv": [21, 51], "uv_size": [3, 3]},
								"west": {"uv": [18, 51], "uv_size": [3, 3]},
								"up": {"uv": [15, 48], "uv_size": [3, 3]},
								"down": {"uv": [18, 51], "uv_size": [3, -3]}
							}
						},
						{
							"origin": [-4, 13, 4],
							"size": [3, 3, 3],
							"uv": {
								"north": {"uv": [3, 51], "uv_size": [3, 3]},
								"east": {"uv": [0, 51], "uv_size": [3, 3]},
								"south": {"uv": [9, 51], "uv_size": [3, 3]},
								"west": {"uv": [6, 51], "uv_size": [3, 3]},
								"up": {"uv": [3, 48], "uv_size": [3, 3]},
								"down": {"uv": [6, 51], "uv_size": [3, -3]}
							}
						}
					]
				},
				{
					"name": "r8",
					"parent": "r7",
					"pivot": [-2, 14, 16],
					"cubes": [
						{
							"origin": [-3, 14, 15],
							"size": [1, 1, 14],
							"uv": {
								"north": {"uv": [30, 31], "uv_size": [1, 1]},
								"east": {"uv": [16, 31], "uv_size": [14, 1]},
								"south": {"uv": [45, 31], "uv_size": [1, 1]},
								"west": {"uv": [31, 31], "uv_size": [14, 1]},
								"up": {"uv": [30, 17], "uv_size": [1, 14]},
								"down": {"uv": [31, 31], "uv_size": [1, -14]}
							}
						},
						{
							"origin": [-4, 13, 25],
							"size": [3, 3, 3],
							"uv": {
								"north": {"uv": [35, 26], "uv_size": [3, 3]},
								"east": {"uv": [32, 26], "uv_size": [3, 3]},
								"south": {"uv": [41, 26], "uv_size": [3, 3]},
								"west": {"uv": [38, 26], "uv_size": [3, 3]},
								"up": {"uv": [35, 23], "uv_size": [3, 3]},
								"down": {"uv": [38, 26], "uv_size": [3, -3]}
							}
						},
						{
							"origin": [-4, 13, 21],
							"size": [3, 3, 3],
							"uv": {
								"north": {"uv": [35, 20], "uv_size": [3, 3]},
								"east": {"uv": [32, 20], "uv_size": [3, 3]},
								"south": {"uv": [41, 20], "uv_size": [3, 3]},
								"west": {"uv": [38, 20], "uv_size": [3, 3]},
								"up": {"uv": [35, 17], "uv_size": [3, 3]},
								"down": {"uv": [38, 20], "uv_size": [3, -3]}
							}
						},
						{
							"origin": [-4, 13, 17],
							"size": [3, 3, 3],
							"uv": {
								"north": {"uv": [19, 26], "uv_size": [3, 3]},
								"east": {"uv": [16, 26], "uv_size": [3, 3]},
								"south": {"uv": [25, 26], "uv_size": [3, 3]},
								"west": {"uv": [22, 26], "uv_size": [3, 3]},
								"up": {"uv": [19, 23], "uv_size": [3, 3]},
								"down": {"uv": [22, 26], "uv_size": [3, -3]}
							}
						}
					]
				},
				{
					"name": "r9",
					"parent": "r8",
					"pivot": [-2, 14, 28],
					"cubes": [
						{
							"origin": [-3, 14, 27],
							"size": [1, 1, 14.9],
							"uv": {
								"north": {"uv": [14, 30], "uv_size": [1, 1]},
								"east": {"uv": [0, 30], "uv_size": [14, 1]},
								"south": {"uv": [29, 30], "uv_size": [1, 1]},
								"west": {"uv": [15, 30], "uv_size": [14, 1]},
								"up": {"uv": [14, 16], "uv_size": [1, 14]},
								"down": {"uv": [15, 30], "uv_size": [1, -14]}
							}
						},
						{
							"origin": [-4, 13, 37],
							"size": [3, 3, 3],
							"uv": {
								"north": {"uv": [3, 25], "uv_size": [3, 3]},
								"east": {"uv": [0, 25], "uv_size": [3, 3]},
								"south": {"uv": [9, 25], "uv_size": [3, 3]},
								"west": {"uv": [6, 25], "uv_size": [3, 3]},
								"up": {"uv": [3, 22], "uv_size": [3, 3]},
								"down": {"uv": [6, 25], "uv_size": [3, -3]}
							}
						},
						{
							"origin": [-4, 13, 33],
							"size": [3, 3, 3],
							"uv": {
								"north": {"uv": [19, 20], "uv_size": [3, 3]},
								"east": {"uv": [16, 20], "uv_size": [3, 3]},
								"south": {"uv": [25, 20], "uv_size": [3, 3]},
								"west": {"uv": [22, 20], "uv_size": [3, 3]},
								"up": {"uv": [19, 17], "uv_size": [3, 3]},
								"down": {"uv": [22, 20], "uv_size": [3, -3]}
							}
						},
						{
							"origin": [-4, 13, 29],
							"size": [3, 3, 3],
							"uv": {
								"north": {"uv": [3, 19], "uv_size": [3, 3]},
								"east": {"uv": [0, 19], "uv_size": [3, 3]},
								"south": {"uv": [9, 19], "uv_size": [3, 3]},
								"west": {"uv": [6, 19], "uv_size": [3, 3]},
								"up": {"uv": [3, 16], "uv_size": [3, 3]},
								"down": {"uv": [6, 19], "uv_size": [3, -3]}
							}
						}
					]
				},
				{
					"name": "Uch7",
					"parent": "r9",
					"pivot": [-3.1, 14, 41],
					"cubes": [
						{
							"origin": [-3.1, 14, 41],
							"size": [2, 9, 1],
							"pivot": [-0.1, 15, 40],
							"rotation": [0, 0, -6],
							"uv": {
								"north": {"uv": [7, 55], "uv_size": [2, 9]},
								"east": {"uv": [6, 55], "uv_size": [1, 9]},
								"south": {"uv": [10, 55], "uv_size": [2, 9]},
								"west": {"uv": [9, 55], "uv_size": [1, 9]},
								"up": {"uv": [7, 54], "uv_size": [2, 1]},
								"down": {"uv": [9, 55], "uv_size": [2, -1]}
							}
						},
						{
							"origin": [-5.1, 13, 41],
							"size": [2, 9, 1],
							"pivot": [-0.1, 15, 40],
							"rotation": [0, 0, 12.5],
							"uv": {
								"north": {"uv": [1, 55], "uv_size": [2, 9]},
								"east": {"uv": [0, 55], "uv_size": [1, 9]},
								"south": {"uv": [4, 55], "uv_size": [2, 9]},
								"west": {"uv": [3, 55], "uv_size": [1, 9]},
								"up": {"uv": [1, 54], "uv_size": [2, 1]},
								"down": {"uv": [3, 55], "uv_size": [2, -1]}
							}
						}
					]
				},
				{
					"name": "Uch8",
					"parent": "r9",
					"pivot": [-3.1, 14, 40],
					"rotation": [0, 0, 120],
					"cubes": [
						{
							"origin": [-3.50192, 14.5, 41],
							"size": [2, 9, 1],
							"pivot": [-0.50192, 15.5, 40],
							"rotation": [0, 0, -6],
							"uv": {
								"north": {"uv": [51, 1], "uv_size": [2, 9]},
								"east": {"uv": [50, 1], "uv_size": [1, 9]},
								"south": {"uv": [54, 1], "uv_size": [2, 9]},
								"west": {"uv": [53, 1], "uv_size": [1, 9]},
								"up": {"uv": [51, 0], "uv_size": [2, 1]},
								"down": {"uv": [53, 1], "uv_size": [2, -1]}
							}
						},
						{
							"origin": [-5.50192, 13.5, 41],
							"size": [2, 9, 1],
							"pivot": [-0.50192, 15.5, 40],
							"rotation": [0, 0, 12.5],
							"uv": {
								"north": {"uv": [49, 49], "uv_size": [2, 9]},
								"east": {"uv": [48, 49], "uv_size": [1, 9]},
								"south": {"uv": [52, 49], "uv_size": [2, 9]},
								"west": {"uv": [51, 49], "uv_size": [1, 9]},
								"up": {"uv": [49, 48], "uv_size": [2, 1]},
								"down": {"uv": [51, 49], "uv_size": [2, -1]}
							}
						}
					]
				},
				{
					"name": "Uch9",
					"parent": "r9",
					"pivot": [-4.1, 14, 40],
					"rotation": [0, 0, -140],
					"cubes": [
						{
							"origin": [-4.15908, 14.16232, 41],
							"size": [2, 9, 1],
							"pivot": [-1.15908, 15.16232, 40],
							"rotation": [0, 0, -6],
							"uv": {
								"north": {"uv": [43, 49], "uv_size": [2, 9]},
								"east": {"uv": [42, 49], "uv_size": [1, 9]},
								"south": {"uv": [46, 49], "uv_size": [2, 9]},
								"west": {"uv": [45, 49], "uv_size": [1, 9]},
								"up": {"uv": [43, 48], "uv_size": [2, 1]},
								"down": {"uv": [45, 49], "uv_size": [2, -1]}
							}
						},
						{
							"origin": [-6.15908, 13.16232, 41],
							"size": [2, 9, 1],
							"pivot": [-1.15908, 15.16232, 40],
							"rotation": [0, 0, 12.5],
							"uv": {
								"north": {"uv": [37, 49], "uv_size": [2, 9]},
								"east": {"uv": [36, 49], "uv_size": [1, 9]},
								"south": {"uv": [40, 49], "uv_size": [2, 9]},
								"west": {"uv": [39, 49], "uv_size": [1, 9]},
								"up": {"uv": [37, 48], "uv_size": [2, 1]},
								"down": {"uv": [39, 49], "uv_size": [2, -1]}
							}
						}
					]
				},
				{
					"name": "r10",
					"parent": "Body",
					"pivot": [5, 14, 2],
					"cubes": [
						{
							"origin": [4, 14, 2],
							"size": [1, 1, 14],
							"uv": {
								"north": {"uv": [32, 16], "uv_size": [1, 1]},
								"east": {"uv": [18, 16], "uv_size": [14, 1]},
								"south": {"uv": [47, 16], "uv_size": [1, 1]},
								"west": {"uv": [33, 16], "uv_size": [14, 1]},
								"up": {"uv": [32, 2], "uv_size": [1, 14]},
								"down": {"uv": [33, 16], "uv_size": [1, -14]}
							}
						},
						{
							"origin": [3, 13, 12.6],
							"size": [3, 3, 3],
							"uv": {
								"north": {"uv": [27, 51], "uv_size": [3, 3]},
								"east": {"uv": [24, 51], "uv_size": [3, 3]},
								"south": {"uv": [33, 51], "uv_size": [3, 3]},
								"west": {"uv": [30, 51], "uv_size": [3, 3]},
								"up": {"uv": [27, 48], "uv_size": [3, 3]},
								"down": {"uv": [30, 51], "uv_size": [3, -3]}
							}
						},
						{
							"origin": [3, 13, 8],
							"size": [3, 3, 3],
							"uv": {
								"north": {"uv": [15, 51], "uv_size": [3, 3]},
								"east": {"uv": [12, 51], "uv_size": [3, 3]},
								"south": {"uv": [21, 51], "uv_size": [3, 3]},
								"west": {"uv": [18, 51], "uv_size": [3, 3]},
								"up": {"uv": [15, 48], "uv_size": [3, 3]},
								"down": {"uv": [18, 51], "uv_size": [3, -3]}
							}
						},
						{
							"origin": [3, 13, 4],
							"size": [3, 3, 3],
							"uv": {
								"north": {"uv": [3, 51], "uv_size": [3, 3]},
								"east": {"uv": [0, 51], "uv_size": [3, 3]},
								"south": {"uv": [9, 51], "uv_size": [3, 3]},
								"west": {"uv": [6, 51], "uv_size": [3, 3]},
								"up": {"uv": [3, 48], "uv_size": [3, 3]},
								"down": {"uv": [6, 51], "uv_size": [3, -3]}
							}
						}
					]
				},
				{
					"name": "r11",
					"parent": "r10",
					"pivot": [5, 14, 16],
					"cubes": [
						{
							"origin": [4, 14, 15],
							"size": [1, 1, 14],
							"uv": {
								"north": {"uv": [30, 31], "uv_size": [1, 1]},
								"east": {"uv": [16, 31], "uv_size": [14, 1]},
								"south": {"uv": [45, 31], "uv_size": [1, 1]},
								"west": {"uv": [31, 31], "uv_size": [14, 1]},
								"up": {"uv": [30, 17], "uv_size": [1, 14]},
								"down": {"uv": [31, 31], "uv_size": [1, -14]}
							}
						},
						{
							"origin": [3, 13, 25],
							"size": [3, 3, 3],
							"uv": {
								"north": {"uv": [35, 26], "uv_size": [3, 3]},
								"east": {"uv": [32, 26], "uv_size": [3, 3]},
								"south": {"uv": [41, 26], "uv_size": [3, 3]},
								"west": {"uv": [38, 26], "uv_size": [3, 3]},
								"up": {"uv": [35, 23], "uv_size": [3, 3]},
								"down": {"uv": [38, 26], "uv_size": [3, -3]}
							}
						},
						{
							"origin": [3, 13, 21],
							"size": [3, 3, 3],
							"uv": {
								"north": {"uv": [35, 20], "uv_size": [3, 3]},
								"east": {"uv": [32, 20], "uv_size": [3, 3]},
								"south": {"uv": [41, 20], "uv_size": [3, 3]},
								"west": {"uv": [38, 20], "uv_size": [3, 3]},
								"up": {"uv": [35, 17], "uv_size": [3, 3]},
								"down": {"uv": [38, 20], "uv_size": [3, -3]}
							}
						},
						{
							"origin": [3, 13, 17],
							"size": [3, 3, 3],
							"uv": {
								"north": {"uv": [19, 26], "uv_size": [3, 3]},
								"east": {"uv": [16, 26], "uv_size": [3, 3]},
								"south": {"uv": [25, 26], "uv_size": [3, 3]},
								"west": {"uv": [22, 26], "uv_size": [3, 3]},
								"up": {"uv": [19, 23], "uv_size": [3, 3]},
								"down": {"uv": [22, 26], "uv_size": [3, -3]}
							}
						}
					]
				},
				{
					"name": "r12",
					"parent": "r11",
					"pivot": [5, 14, 28],
					"cubes": [
						{
							"origin": [4, 14, 27],
							"size": [1, 1, 14.9],
							"uv": {
								"north": {"uv": [14, 30], "uv_size": [1, 1]},
								"east": {"uv": [0, 30], "uv_size": [14, 1]},
								"south": {"uv": [29, 30], "uv_size": [1, 1]},
								"west": {"uv": [15, 30], "uv_size": [14, 1]},
								"up": {"uv": [14, 16], "uv_size": [1, 14]},
								"down": {"uv": [15, 30], "uv_size": [1, -14]}
							}
						},
						{
							"origin": [3, 13, 37],
							"size": [3, 3, 3],
							"uv": {
								"north": {"uv": [3, 25], "uv_size": [3, 3]},
								"east": {"uv": [0, 25], "uv_size": [3, 3]},
								"south": {"uv": [9, 25], "uv_size": [3, 3]},
								"west": {"uv": [6, 25], "uv_size": [3, 3]},
								"up": {"uv": [3, 22], "uv_size": [3, 3]},
								"down": {"uv": [6, 25], "uv_size": [3, -3]}
							}
						},
						{
							"origin": [3, 13, 33],
							"size": [3, 3, 3],
							"uv": {
								"north": {"uv": [19, 20], "uv_size": [3, 3]},
								"east": {"uv": [16, 20], "uv_size": [3, 3]},
								"south": {"uv": [25, 20], "uv_size": [3, 3]},
								"west": {"uv": [22, 20], "uv_size": [3, 3]},
								"up": {"uv": [19, 17], "uv_size": [3, 3]},
								"down": {"uv": [22, 20], "uv_size": [3, -3]}
							}
						},
						{
							"origin": [3, 13, 29],
							"size": [3, 3, 3],
							"uv": {
								"north": {"uv": [3, 19], "uv_size": [3, 3]},
								"east": {"uv": [0, 19], "uv_size": [3, 3]},
								"south": {"uv": [9, 19], "uv_size": [3, 3]},
								"west": {"uv": [6, 19], "uv_size": [3, 3]},
								"up": {"uv": [3, 16], "uv_size": [3, 3]},
								"down": {"uv": [6, 19], "uv_size": [3, -3]}
							}
						}
					]
				},
				{
					"name": "Uch10",
					"parent": "r12",
					"pivot": [3.9, 14, 41],
					"cubes": [
						{
							"origin": [3.9, 14, 41],
							"size": [2, 9, 1],
							"pivot": [6.9, 15, 40],
							"rotation": [0, 0, -6],
							"uv": {
								"north": {"uv": [7, 55], "uv_size": [2, 9]},
								"east": {"uv": [6, 55], "uv_size": [1, 9]},
								"south": {"uv": [10, 55], "uv_size": [2, 9]},
								"west": {"uv": [9, 55], "uv_size": [1, 9]},
								"up": {"uv": [7, 54], "uv_size": [2, 1]},
								"down": {"uv": [9, 55], "uv_size": [2, -1]}
							}
						},
						{
							"origin": [1.9, 13, 41],
							"size": [2, 9, 1],
							"pivot": [6.9, 15, 40],
							"rotation": [0, 0, 12.5],
							"uv": {
								"north": {"uv": [1, 55], "uv_size": [2, 9]},
								"east": {"uv": [0, 55], "uv_size": [1, 9]},
								"south": {"uv": [4, 55], "uv_size": [2, 9]},
								"west": {"uv": [3, 55], "uv_size": [1, 9]},
								"up": {"uv": [1, 54], "uv_size": [2, 1]},
								"down": {"uv": [3, 55], "uv_size": [2, -1]}
							}
						}
					]
				},
				{
					"name": "Uch11",
					"parent": "r12",
					"pivot": [3.9, 14, 40],
					"rotation": [0, 0, 120],
					"cubes": [
						{
							"origin": [3.49808, 14.5, 41],
							"size": [2, 9, 1],
							"pivot": [6.49808, 15.5, 40],
							"rotation": [0, 0, -6],
							"uv": {
								"north": {"uv": [51, 1], "uv_size": [2, 9]},
								"east": {"uv": [50, 1], "uv_size": [1, 9]},
								"south": {"uv": [54, 1], "uv_size": [2, 9]},
								"west": {"uv": [53, 1], "uv_size": [1, 9]},
								"up": {"uv": [51, 0], "uv_size": [2, 1]},
								"down": {"uv": [53, 1], "uv_size": [2, -1]}
							}
						},
						{
							"origin": [1.49808, 13.5, 41],
							"size": [2, 9, 1],
							"pivot": [6.49808, 15.5, 40],
							"rotation": [0, 0, 12.5],
							"uv": {
								"north": {"uv": [49, 49], "uv_size": [2, 9]},
								"east": {"uv": [48, 49], "uv_size": [1, 9]},
								"south": {"uv": [52, 49], "uv_size": [2, 9]},
								"west": {"uv": [51, 49], "uv_size": [1, 9]},
								"up": {"uv": [49, 48], "uv_size": [2, 1]},
								"down": {"uv": [51, 49], "uv_size": [2, -1]}
							}
						}
					]
				},
				{
					"name": "Uch12",
					"parent": "r12",
					"pivot": [2.9, 14, 40],
					"rotation": [0, 0, -140],
					"cubes": [
						{
							"origin": [2.84092, 14.16232, 41],
							"size": [2, 9, 1],
							"pivot": [5.84092, 15.16232, 40],
							"rotation": [0, 0, -6],
							"uv": {
								"north": {"uv": [43, 49], "uv_size": [2, 9]},
								"east": {"uv": [42, 49], "uv_size": [1, 9]},
								"south": {"uv": [46, 49], "uv_size": [2, 9]},
								"west": {"uv": [45, 49], "uv_size": [1, 9]},
								"up": {"uv": [43, 48], "uv_size": [2, 1]},
								"down": {"uv": [45, 49], "uv_size": [2, -1]}
							}
						},
						{
							"origin": [0.84092, 13.16232, 41],
							"size": [2, 9, 1],
							"pivot": [5.84092, 15.16232, 40],
							"rotation": [0, 0, 12.5],
							"uv": {
								"north": {"uv": [37, 49], "uv_size": [2, 9]},
								"east": {"uv": [36, 49], "uv_size": [1, 9]},
								"south": {"uv": [40, 49], "uv_size": [2, 9]},
								"west": {"uv": [39, 49], "uv_size": [1, 9]},
								"up": {"uv": [37, 48], "uv_size": [2, 1]},
								"down": {"uv": [39, 49], "uv_size": [2, -1]}
							}
						}
					]
				},
				{
					"name": "r4",
					"parent": "Body",
					"pivot": [3, 22, 2],
					"cubes": [
						{
							"origin": [2, 22, 2],
							"size": [1, 1, 14],
							"uv": {
								"north": {"uv": [32, 16], "uv_size": [1, 1]},
								"east": {"uv": [18, 16], "uv_size": [14, 1]},
								"south": {"uv": [47, 16], "uv_size": [1, 1]},
								"west": {"uv": [33, 16], "uv_size": [14, 1]},
								"up": {"uv": [32, 2], "uv_size": [1, 14]},
								"down": {"uv": [33, 16], "uv_size": [1, -14]}
							}
						},
						{
							"origin": [1, 21, 12.6],
							"size": [3, 3, 3],
							"uv": {
								"north": {"uv": [27, 51], "uv_size": [3, 3]},
								"east": {"uv": [24, 51], "uv_size": [3, 3]},
								"south": {"uv": [33, 51], "uv_size": [3, 3]},
								"west": {"uv": [30, 51], "uv_size": [3, 3]},
								"up": {"uv": [27, 48], "uv_size": [3, 3]},
								"down": {"uv": [30, 51], "uv_size": [3, -3]}
							}
						},
						{
							"origin": [1, 21, 8],
							"size": [3, 3, 3],
							"uv": {
								"north": {"uv": [15, 51], "uv_size": [3, 3]},
								"east": {"uv": [12, 51], "uv_size": [3, 3]},
								"south": {"uv": [21, 51], "uv_size": [3, 3]},
								"west": {"uv": [18, 51], "uv_size": [3, 3]},
								"up": {"uv": [15, 48], "uv_size": [3, 3]},
								"down": {"uv": [18, 51], "uv_size": [3, -3]}
							}
						},
						{
							"origin": [1, 21, 4],
							"size": [3, 3, 3],
							"uv": {
								"north": {"uv": [3, 51], "uv_size": [3, 3]},
								"east": {"uv": [0, 51], "uv_size": [3, 3]},
								"south": {"uv": [9, 51], "uv_size": [3, 3]},
								"west": {"uv": [6, 51], "uv_size": [3, 3]},
								"up": {"uv": [3, 48], "uv_size": [3, 3]},
								"down": {"uv": [6, 51], "uv_size": [3, -3]}
							}
						}
					]
				},
				{
					"name": "r5",
					"parent": "r4",
					"pivot": [3, 22, 16],
					"cubes": [
						{
							"origin": [2, 22, 15],
							"size": [1, 1, 14],
							"uv": {
								"north": {"uv": [30, 31], "uv_size": [1, 1]},
								"east": {"uv": [16, 31], "uv_size": [14, 1]},
								"south": {"uv": [45, 31], "uv_size": [1, 1]},
								"west": {"uv": [31, 31], "uv_size": [14, 1]},
								"up": {"uv": [30, 17], "uv_size": [1, 14]},
								"down": {"uv": [31, 31], "uv_size": [1, -14]}
							}
						},
						{
							"origin": [1, 21, 25],
							"size": [3, 3, 3],
							"uv": {
								"north": {"uv": [35, 26], "uv_size": [3, 3]},
								"east": {"uv": [32, 26], "uv_size": [3, 3]},
								"south": {"uv": [41, 26], "uv_size": [3, 3]},
								"west": {"uv": [38, 26], "uv_size": [3, 3]},
								"up": {"uv": [35, 23], "uv_size": [3, 3]},
								"down": {"uv": [38, 26], "uv_size": [3, -3]}
							}
						},
						{
							"origin": [1, 21, 21],
							"size": [3, 3, 3],
							"uv": {
								"north": {"uv": [35, 20], "uv_size": [3, 3]},
								"east": {"uv": [32, 20], "uv_size": [3, 3]},
								"south": {"uv": [41, 20], "uv_size": [3, 3]},
								"west": {"uv": [38, 20], "uv_size": [3, 3]},
								"up": {"uv": [35, 17], "uv_size": [3, 3]},
								"down": {"uv": [38, 20], "uv_size": [3, -3]}
							}
						},
						{
							"origin": [1, 21, 17],
							"size": [3, 3, 3],
							"uv": {
								"north": {"uv": [19, 26], "uv_size": [3, 3]},
								"east": {"uv": [16, 26], "uv_size": [3, 3]},
								"south": {"uv": [25, 26], "uv_size": [3, 3]},
								"west": {"uv": [22, 26], "uv_size": [3, 3]},
								"up": {"uv": [19, 23], "uv_size": [3, 3]},
								"down": {"uv": [22, 26], "uv_size": [3, -3]}
							}
						}
					]
				},
				{
					"name": "r6",
					"parent": "r5",
					"pivot": [3, 22, 28],
					"cubes": [
						{
							"origin": [2, 22, 27],
							"size": [1, 1, 14.9],
							"uv": {
								"north": {"uv": [14, 30], "uv_size": [1, 1]},
								"east": {"uv": [0, 30], "uv_size": [14, 1]},
								"south": {"uv": [29, 30], "uv_size": [1, 1]},
								"west": {"uv": [15, 30], "uv_size": [14, 1]},
								"up": {"uv": [14, 16], "uv_size": [1, 14]},
								"down": {"uv": [15, 30], "uv_size": [1, -14]}
							}
						},
						{
							"origin": [1, 21, 37],
							"size": [3, 3, 3],
							"uv": {
								"north": {"uv": [3, 25], "uv_size": [3, 3]},
								"east": {"uv": [0, 25], "uv_size": [3, 3]},
								"south": {"uv": [9, 25], "uv_size": [3, 3]},
								"west": {"uv": [6, 25], "uv_size": [3, 3]},
								"up": {"uv": [3, 22], "uv_size": [3, 3]},
								"down": {"uv": [6, 25], "uv_size": [3, -3]}
							}
						},
						{
							"origin": [1, 21, 33],
							"size": [3, 3, 3],
							"uv": {
								"north": {"uv": [19, 20], "uv_size": [3, 3]},
								"east": {"uv": [16, 20], "uv_size": [3, 3]},
								"south": {"uv": [25, 20], "uv_size": [3, 3]},
								"west": {"uv": [22, 20], "uv_size": [3, 3]},
								"up": {"uv": [19, 17], "uv_size": [3, 3]},
								"down": {"uv": [22, 20], "uv_size": [3, -3]}
							}
						},
						{
							"origin": [1, 21, 29],
							"size": [3, 3, 3],
							"uv": {
								"north": {"uv": [3, 19], "uv_size": [3, 3]},
								"east": {"uv": [0, 19], "uv_size": [3, 3]},
								"south": {"uv": [9, 19], "uv_size": [3, 3]},
								"west": {"uv": [6, 19], "uv_size": [3, 3]},
								"up": {"uv": [3, 16], "uv_size": [3, 3]},
								"down": {"uv": [6, 19], "uv_size": [3, -3]}
							}
						}
					]
				},
				{
					"name": "Uch4",
					"parent": "r6",
					"pivot": [1.9, 22, 41],
					"cubes": [
						{
							"origin": [1.9, 22, 41],
							"size": [2, 9, 1],
							"pivot": [4.9, 23, 40],
							"rotation": [0, 0, -6],
							"uv": {
								"north": {"uv": [7, 55], "uv_size": [2, 9]},
								"east": {"uv": [6, 55], "uv_size": [1, 9]},
								"south": {"uv": [10, 55], "uv_size": [2, 9]},
								"west": {"uv": [9, 55], "uv_size": [1, 9]},
								"up": {"uv": [7, 54], "uv_size": [2, 1]},
								"down": {"uv": [9, 55], "uv_size": [2, -1]}
							}
						},
						{
							"origin": [-0.1, 21, 41],
							"size": [2, 9, 1],
							"pivot": [4.9, 23, 40],
							"rotation": [0, 0, 12.5],
							"uv": {
								"north": {"uv": [1, 55], "uv_size": [2, 9]},
								"east": {"uv": [0, 55], "uv_size": [1, 9]},
								"south": {"uv": [4, 55], "uv_size": [2, 9]},
								"west": {"uv": [3, 55], "uv_size": [1, 9]},
								"up": {"uv": [1, 54], "uv_size": [2, 1]},
								"down": {"uv": [3, 55], "uv_size": [2, -1]}
							}
						}
					]
				},
				{
					"name": "Uch5",
					"parent": "r6",
					"pivot": [1.9, 22, 40],
					"rotation": [0, 0, 120],
					"cubes": [
						{
							"origin": [1.49808, 22.5, 41],
							"size": [2, 9, 1],
							"pivot": [4.49808, 23.5, 40],
							"rotation": [0, 0, -6],
							"uv": {
								"north": {"uv": [51, 1], "uv_size": [2, 9]},
								"east": {"uv": [50, 1], "uv_size": [1, 9]},
								"south": {"uv": [54, 1], "uv_size": [2, 9]},
								"west": {"uv": [53, 1], "uv_size": [1, 9]},
								"up": {"uv": [51, 0], "uv_size": [2, 1]},
								"down": {"uv": [53, 1], "uv_size": [2, -1]}
							}
						},
						{
							"origin": [-0.50192, 21.5, 41],
							"size": [2, 9, 1],
							"pivot": [4.49808, 23.5, 40],
							"rotation": [0, 0, 12.5],
							"uv": {
								"north": {"uv": [49, 49], "uv_size": [2, 9]},
								"east": {"uv": [48, 49], "uv_size": [1, 9]},
								"south": {"uv": [52, 49], "uv_size": [2, 9]},
								"west": {"uv": [51, 49], "uv_size": [1, 9]},
								"up": {"uv": [49, 48], "uv_size": [2, 1]},
								"down": {"uv": [51, 49], "uv_size": [2, -1]}
							}
						}
					]
				},
				{
					"name": "Uch6",
					"parent": "r6",
					"pivot": [0.9, 22, 40],
					"rotation": [0, 0, -140],
					"cubes": [
						{
							"origin": [0.84092, 22.16232, 41],
							"size": [2, 9, 1],
							"pivot": [3.84092, 23.16232, 40],
							"rotation": [0, 0, -6],
							"uv": {
								"north": {"uv": [43, 49], "uv_size": [2, 9]},
								"east": {"uv": [42, 49], "uv_size": [1, 9]},
								"south": {"uv": [46, 49], "uv_size": [2, 9]},
								"west": {"uv": [45, 49], "uv_size": [1, 9]},
								"up": {"uv": [43, 48], "uv_size": [2, 1]},
								"down": {"uv": [45, 49], "uv_size": [2, -1]}
							}
						},
						{
							"origin": [-1.15908, 21.16232, 41],
							"size": [2, 9, 1],
							"pivot": [3.84092, 23.16232, 40],
							"rotation": [0, 0, 12.5],
							"uv": {
								"north": {"uv": [37, 49], "uv_size": [2, 9]},
								"east": {"uv": [36, 49], "uv_size": [1, 9]},
								"south": {"uv": [40, 49], "uv_size": [2, 9]},
								"west": {"uv": [39, 49], "uv_size": [1, 9]},
								"up": {"uv": [37, 48], "uv_size": [2, 1]},
								"down": {"uv": [39, 49], "uv_size": [2, -1]}
							}
						}
					]
				},
				{
					"name": "Head",
					"parent": "Body",
					"pivot": [0, 24, 0]
				},
				{
					"name": "ArmorH",
					"parent": "Head",
					"pivot": [0, 0, 0],
					"cubes": [
						{
							"origin": [-4, 24, -4],
							"size": [8, 8, 8],
							"inflate": 0.15,
							"uv": {
								"north": {"uv": [8, 8], "uv_size": [8, 8]},
								"east": {"uv": [0, 8], "uv_size": [8, 8]},
								"south": {"uv": [24, 8], "uv_size": [8, 8]},
								"west": {"uv": [16, 8], "uv_size": [8, 8]},
								"up": {"uv": [8, 0], "uv_size": [8, 8]},
								"down": {"uv": [16, 8], "uv_size": [8, -8]}
							}
						}
					]
				},
				{
					"name": "RightArm",
					"parent": "Body",
					"pivot": [-5, 22, 0],
					"cubes": [
						{
							"origin": [-8, 12, -2],
							"size": [4, 12, 4],
							"inflate": 0.15,
							"uv": {
								"north": {"uv": [38, 4], "uv_size": [4, 12]},
								"east": {"uv": [34, 4], "uv_size": [4, 12]},
								"south": {"uv": [46, 4], "uv_size": [4, 12]},
								"west": {"uv": [42, 4], "uv_size": [4, 12]},
								"up": {"uv": [38, 0], "uv_size": [4, 4]},
								"down": {"uv": [42, 4], "uv_size": [4, -4]}
							}
						}
					]
				},
				{
					"name": "LeftArm",
					"parent": "Body",
					"pivot": [5, 22, 0],
					"cubes": [
						{
							"origin": [4, 12, -2],
							"size": [4, 12, 4],
							"inflate": 0.15,
							"uv": {
								"north": {"uv": [28, 36], "uv_size": [4, 12]},
								"east": {"uv": [24, 36], "uv_size": [4, 12]},
								"south": {"uv": [36, 36], "uv_size": [4, 12]},
								"west": {"uv": [32, 36], "uv_size": [4, 12]},
								"up": {"uv": [28, 32], "uv_size": [4, 4]},
								"down": {"uv": [32, 36], "uv_size": [4, -4]}
							}
						}
					]
				}
			]
		}
	]
}