{
	"format_version": "1.12.0",
	"minecraft:geometry": [
		{
			"description": {
				"identifier": "geometry.mc_prowler",
				"texture_width": 64,
				"texture_height": 64,
				"visible_bounds_width": 3,
				"visible_bounds_height": 3.5,
				"visible_bounds_offset": [0, 1.25, 0]
			},
			"bones": [
				{
					"name": "root",
					"pivot": [0, 0, 0]
				},
				{
					"name": "RightLeg",
					"parent": "root",
					"pivot": [-1.9, 12, 0],
					"cubes": [
						{
							"origin": [-3.9, 0, -2],
							"size": [4, 12, 4],
							"inflate": 0.15,
							"uv": {
								"north": {"uv": [8, 20], "uv_size": [4, 12]},
								"east": {"uv": [12, 20], "uv_size": [4, 12]},
								"south": {"uv": [24, 0], "uv_size": [4, 12]},
								"west": {"uv": [24, 12], "uv_size": [4, 12]},
								"up": {"uv": [40, 21], "uv_size": [4, 4]},
								"down": {"uv": [40, 29], "uv_size": [4, -4]}
							}
						},
						{
							"origin": [-4.2, 0.8, -2.3],
							"size": [1.6, 1.8, 4.6],
							"inflate": 0.15,
							"pivot": [0, 0, 0],
							"rotation": [0.00061, 0.08005, 2.49872],
							"uv": {
								"north": {"uv": [22, 45], "uv_size": [2, 2]},
								"east": {"uv": [48, 9], "uv_size": [5, 2]},
								"south": {"uv": [42, 45], "uv_size": [2, 2]},
								"west": {"uv": [48, 11], "uv_size": [5, 2]},
								"up": {"uv": [45, 47], "uv_size": [2, 5]},
								"down": {"uv": [12, 53], "uv_size": [2, -5]}
							}
						},
						{
							"origin": [-4.2, 3.9, -2.3],
							"size": [1.6, 2, 4.6],
							"inflate": 0.15,
							"pivot": [0, 0, 0],
							"rotation": [0, 0, 2.5],
							"uv": {
								"north": {"uv": [10, 56], "uv_size": [2, 2]},
								"east": {"uv": [48, 13], "uv_size": [5, 2]},
								"south": {"uv": [41, 56], "uv_size": [2, 2]},
								"west": {"uv": [48, 15], "uv_size": [5, 2]},
								"up": {"uv": [14, 48], "uv_size": [2, 5]},
								"down": {"uv": [48, 22], "uv_size": [2, -5]}
							}
						},
						{
							"origin": [-4.2, 9.8, -2.3],
							"size": [1.6, 2, 4.6],
							"inflate": 0.15,
							"uv": {
								"north": {"uv": [56, 43], "uv_size": [2, 2]},
								"east": {"uv": [31, 49], "uv_size": [5, 2]},
								"south": {"uv": [50, 56], "uv_size": [2, 2]},
								"west": {"uv": [36, 49], "uv_size": [5, 2]},
								"up": {"uv": [49, 48], "uv_size": [2, 5]},
								"down": {"uv": [0, 55], "uv_size": [2, -5]}
							}
						},
						{
							"origin": [-4.2, 6.8, -2.3],
							"size": [1.6, 2, 4.6],
							"inflate": 0.15,
							"pivot": [0, 0, 0],
							"rotation": [0, 0, 1.5],
							"uv": {
								"north": {"uv": [56, 41], "uv_size": [2, 2]},
								"east": {"uv": [48, 22], "uv_size": [5, 2]},
								"south": {"uv": [43, 56], "uv_size": [2, 2]},
								"west": {"uv": [48, 24], "uv_size": [5, 2]},
								"up": {"uv": [48, 26], "uv_size": [2, 5]},
								"down": {"uv": [47, 53], "uv_size": [2, -5]}
							}
						}
					]
				},
				{
					"name": "LeftLeg",
					"parent": "root",
					"pivot": [1.9, 12, 0],
					"cubes": [
						{
							"origin": [-0.1, 0, -2],
							"size": [4, 12, 4],
							"inflate": 0.15,
							"uv": {
								"north": {"uv": [16, 24], "uv_size": [4, 12]},
								"east": {"uv": [20, 24], "uv_size": [4, 12]},
								"south": {"uv": [24, 24], "uv_size": [4, 12]},
								"west": {"uv": [0, 28], "uv_size": [4, 12]},
								"up": {"uv": [40, 29], "uv_size": [4, 4]},
								"down": {"uv": [40, 37], "uv_size": [4, -4]}
							}
						},
						{
							"origin": [2.8, 0.7, -2.2],
							"size": [1.4, 1.9, 4.4],
							"inflate": 0.15,
							"pivot": [0, 0, 0],
							"rotation": [0, 0, -3],
							"uv": {
								"north": {"uv": [31, 47], "uv_size": [1, 2]},
								"east": {"uv": [40, 10], "uv_size": [4, 2]},
								"south": {"uv": [41, 49], "uv_size": [1, 2]},
								"west": {"uv": [50, 46], "uv_size": [4, 2]},
								"up": {"uv": [35, 45], "uv_size": [1, 4]},
								"down": {"uv": [45, 60], "uv_size": [1, -4]}
							}
						},
						{
							"origin": [2.8, 3.9, -2.2],
							"size": [1.4, 1.9, 4.4],
							"inflate": 0.15,
							"pivot": [0, 0, 0],
							"rotation": [0, 0, -2],
							"uv": {
								"north": {"uv": [50, 53], "uv_size": [1, 2]},
								"east": {"uv": [51, 48], "uv_size": [4, 2]},
								"south": {"uv": [51, 58], "uv_size": [1, 2]},
								"west": {"uv": [51, 50], "uv_size": [4, 2]},
								"up": {"uv": [52, 56], "uv_size": [1, 4]},
								"down": {"uv": [53, 60], "uv_size": [1, -4]}
							}
						},
						{
							"origin": [2.8, 9.9, -2.2],
							"size": [1.4, 2.1, 4.4],
							"inflate": 0.15,
							"uv": {
								"north": {"uv": [49, 59], "uv_size": [1, 2]},
								"east": {"uv": [52, 4], "uv_size": [4, 2]},
								"south": {"uv": [10, 60], "uv_size": [1, 2]},
								"west": {"uv": [52, 6], "uv_size": [4, 2]},
								"up": {"uv": [56, 56], "uv_size": [1, 4]},
								"down": {"uv": [0, 61], "uv_size": [1, -4]}
							}
						},
						{
							"origin": [2.8, 6.9, -2.2],
							"size": [1.4, 1.9, 4.4],
							"inflate": 0.15,
							"pivot": [0, 0, 0],
							"rotation": [0, 0, -1],
							"uv": {
								"north": {"uv": [40, 59], "uv_size": [1, 2]},
								"east": {"uv": [52, 0], "uv_size": [4, 2]},
								"south": {"uv": [41, 59], "uv_size": [1, 2]},
								"west": {"uv": [52, 2], "uv_size": [4, 2]},
								"up": {"uv": [54, 56], "uv_size": [1, 4]},
								"down": {"uv": [55, 60], "uv_size": [1, -4]}
							}
						}
					]
				},
				{
					"name": "waist",
					"parent": "root",
					"pivot": [0, 0, 0]
				},
				{
					"name": "Body",
					"parent": "waist",
					"pivot": [0, 24, 0],
					"cubes": [
						{
							"origin": [-4, 12, -2],
							"size": [8, 12, 4],
							"inflate": 0.15,
							"uv": {
								"north": {"uv": [0, 0], "uv_size": [8, 12]},
								"east": {"uv": [28, 0], "uv_size": [4, 12]},
								"south": {"uv": [8, 0], "uv_size": [8, 12]},
								"west": {"uv": [4, 28], "uv_size": [4, 12]},
								"up": {"uv": [36, 12], "uv_size": [8, 4]},
								"down": {"uv": [16, 40], "uv_size": [8, -4]}
							}
						},
						{
							"origin": [-4.2, 11.7, -2.1],
							"size": [2.2, 7.4, 4.3],
							"inflate": 0.15,
							"uv": {
								"north": {"uv": [6, 45], "uv_size": [2, 7]},
								"east": {"uv": [36, 16], "uv_size": [4, 7]},
								"south": {"uv": [16, 45], "uv_size": [2, 7]},
								"west": {"uv": [36, 23], "uv_size": [4, 7]},
								"up": {"uv": [6, 52], "uv_size": [2, 4]},
								"down": {"uv": [16, 56], "uv_size": [2, -4]}
							}
						},
						{
							"origin": [2.2, 11.7, -2.1],
							"size": [2, 7.4, 4.3],
							"inflate": 0.15,
							"uv": {
								"north": {"uv": [18, 45], "uv_size": [2, 7]},
								"east": {"uv": [24, 36], "uv_size": [4, 7]},
								"south": {"uv": [20, 45], "uv_size": [2, 7]},
								"west": {"uv": [28, 36], "uv_size": [4, 7]},
								"up": {"uv": [52, 17], "uv_size": [2, 4]},
								"down": {"uv": [18, 56], "uv_size": [2, -4]}
							}
						},
						{
							"origin": [-1.9, 12.2, -0.1],
							"size": [3.9, 4.5, 2.3],
							"inflate": 0.15,
							"uv": {
								"north": {"uv": [44, 24], "uv_size": [4, 4]},
								"east": {"uv": [54, 38], "uv_size": [2, 4]},
								"south": {"uv": [44, 28], "uv_size": [4, 4]},
								"west": {"uv": [54, 42], "uv_size": [2, 4]},
								"up": {"uv": [54, 46], "uv_size": [4, 2]},
								"down": {"uv": [0, 57], "uv_size": [4, -2]}
							}
						},
						{
							"origin": [3.5, 19.3, -2.1],
							"size": [0.7, 1.3, 4.3],
							"inflate": 0.15,
							"uv": {
								"north": {"uv": [39, 44], "uv_size": [1, 1]},
								"east": {"uv": [56, 45], "uv_size": [4, 1]},
								"south": {"uv": [44, 51], "uv_size": [1, 1]},
								"west": {"uv": [57, 8], "uv_size": [4, 1]},
								"up": {"uv": [1, 57], "uv_size": [1, 4]},
								"down": {"uv": [2, 61], "uv_size": [1, -4]}
							}
						},
						{
							"origin": [-3.9, 19.3, -2.1],
							"size": [0.7, 1.3, 4.3],
							"inflate": 0.15,
							"uv": {
								"north": {"uv": [52, 8], "uv_size": [1, 1]},
								"east": {"uv": [57, 9], "uv_size": [4, 1]},
								"south": {"uv": [52, 21], "uv_size": [1, 1]},
								"west": {"uv": [57, 10], "uv_size": [4, 1]},
								"up": {"uv": [3, 57], "uv_size": [1, 4]},
								"down": {"uv": [57, 15], "uv_size": [1, -4]}
							}
						},
						{
							"origin": [-1.5, 20, -2.2],
							"size": [2.8, 0.6, 4.4],
							"inflate": 0.15,
							"uv": {
								"north": {"uv": [59, 20], "uv_size": [3, 1]},
								"east": {"uv": [57, 15], "uv_size": [4, 1]},
								"south": {"uv": [46, 59], "uv_size": [3, 1]},
								"west": {"uv": [16, 57], "uv_size": [4, 1]},
								"up": {"uv": [32, 45], "uv_size": [3, 4]},
								"down": {"uv": [39, 49], "uv_size": [3, -4]}
							}
						},
						{
							"origin": [-1, 19.6, -2.2],
							"size": [1.8, 0.6, 4.4],
							"inflate": 0.15,
							"uv": {
								"north": {"uv": [61, 10], "uv_size": [2, 1]},
								"east": {"uv": [34, 58], "uv_size": [4, 1]},
								"south": {"uv": [12, 61], "uv_size": [2, 1]},
								"west": {"uv": [38, 58], "uv_size": [4, 1]},
								"up": {"uv": [48, 53], "uv_size": [2, 4]},
								"down": {"uv": [53, 56], "uv_size": [2, -4]}
							}
						},
						{
							"origin": [-1, 21.1, -2.2],
							"size": [1.8, 0.6, 4.4],
							"inflate": 0.15,
							"uv": {
								"north": {"uv": [14, 61], "uv_size": [2, 1]},
								"east": {"uv": [58, 41], "uv_size": [4, 1]},
								"south": {"uv": [61, 15], "uv_size": [2, 1]},
								"west": {"uv": [58, 42], "uv_size": [4, 1]},
								"up": {"uv": [54, 16], "uv_size": [2, 4]},
								"down": {"uv": [54, 38], "uv_size": [2, -4]}
							}
						},
						{
							"origin": [0.9, 19.9, -2.4],
							"size": [3.8, 0.5, 4.7],
							"pivot": [0, 19.9, 0.1],
							"rotation": [0, 0, -28],
							"uv": {
								"north": {"uv": [24, 57], "uv_size": [4, 1]},
								"east": {"uv": [53, 25], "uv_size": [5, 1]},
								"south": {"uv": [57, 24], "uv_size": [4, 1]},
								"west": {"uv": [54, 20], "uv_size": [5, 1]},
								"up": {"uv": [36, 30], "uv_size": [4, 5]},
								"down": {"uv": [32, 41], "uv_size": [4, -5]}
							}
						},
						{
							"origin": [0.7, 20.9, -2.4],
							"size": [1.9, 0.5, 4.7],
							"pivot": [-0.2, 20.6, 0.1],
							"rotation": [0, 0, 31],
							"uv": {
								"north": {"uv": [61, 18], "uv_size": [2, 1]},
								"east": {"uv": [31, 56], "uv_size": [5, 1]},
								"south": {"uv": [61, 19], "uv_size": [2, 1]},
								"west": {"uv": [56, 31], "uv_size": [5, 1]},
								"up": {"uv": [10, 51], "uv_size": [2, 5]},
								"down": {"uv": [22, 56], "uv_size": [2, -5]}
							}
						},
						{
							"origin": [2, 20.7, -2.2],
							"size": [3.8, 0.5, 4.4],
							"pivot": [0, 19.9, 0],
							"rotation": [0, 0, -34],
							"uv": {
								"north": {"uv": [28, 57], "uv_size": [4, 1]},
								"east": {"uv": [32, 57], "uv_size": [4, 1]},
								"south": {"uv": [36, 57], "uv_size": [4, 1]},
								"west": {"uv": [46, 57], "uv_size": [4, 1]},
								"up": {"uv": [24, 43], "uv_size": [4, 4]},
								"down": {"uv": [28, 47], "uv_size": [4, -4]}
							}
						},
						{
							"origin": [2, 19.9, -2.2],
							"size": [3.8, 0.5, 4.4],
							"pivot": [0, 19.9, 0],
							"rotation": [0, 0, -48],
							"uv": {
								"north": {"uv": [58, 0], "uv_size": [4, 1]},
								"east": {"uv": [58, 1], "uv_size": [4, 1]},
								"south": {"uv": [58, 2], "uv_size": [4, 1]},
								"west": {"uv": [58, 3], "uv_size": [4, 1]},
								"up": {"uv": [12, 44], "uv_size": [4, 4]},
								"down": {"uv": [44, 16], "uv_size": [4, -4]}
							}
						},
						{
							"origin": [-5.8, 20.7, -2.2],
							"size": [3.8, 0.5, 4.4],
							"pivot": [0, 19.9, 0],
							"rotation": [0, 0, 34],
							"uv": {
								"north": {"uv": [57, 48], "uv_size": [4, 1]},
								"east": {"uv": [57, 49], "uv_size": [4, 1]},
								"south": {"uv": [57, 50], "uv_size": [4, 1]},
								"west": {"uv": [57, 51], "uv_size": [4, 1]},
								"up": {"uv": [44, 0], "uv_size": [4, 4]},
								"down": {"uv": [44, 8], "uv_size": [4, -4]}
							}
						},
						{
							"origin": [-3.2, 19.7, -2.2],
							"size": [3.5, 0.8, 4.4],
							"pivot": [0, 19.9, 0],
							"rotation": [0, 0, 64.5],
							"uv": {
								"north": {"uv": [58, 4], "uv_size": [4, 1]},
								"east": {"uv": [58, 5], "uv_size": [4, 1]},
								"south": {"uv": [58, 11], "uv_size": [4, 1]},
								"west": {"uv": [58, 12], "uv_size": [4, 1]},
								"up": {"uv": [44, 16], "uv_size": [4, 4]},
								"down": {"uv": [44, 24], "uv_size": [4, -4]}
							}
						},
						{
							"origin": [-3.2, 19.4, -2.2],
							"size": [3.3, 1, 4.4],
							"pivot": [0, 19.9, 0],
							"rotation": [0, 0, 104.5],
							"uv": {
								"north": {"uv": [19, 60], "uv_size": [3, 1]},
								"east": {"uv": [58, 13], "uv_size": [4, 1]},
								"south": {"uv": [45, 60], "uv_size": [3, 1]},
								"west": {"uv": [58, 14], "uv_size": [4, 1]},
								"up": {"uv": [28, 47], "uv_size": [3, 4]},
								"down": {"uv": [47, 36], "uv_size": [3, -4]}
							}
						},
						{
							"origin": [-5.8, 19.9, -2.2],
							"size": [3.8, 0.5, 4.4],
							"pivot": [0, 19.9, 0],
							"rotation": [0, 0, 48],
							"uv": {
								"north": {"uv": [57, 54], "uv_size": [4, 1]},
								"east": {"uv": [57, 55], "uv_size": [4, 1]},
								"south": {"uv": [57, 56], "uv_size": [4, 1]},
								"west": {"uv": [57, 57], "uv_size": [4, 1]},
								"up": {"uv": [8, 44], "uv_size": [4, 4]},
								"down": {"uv": [44, 12], "uv_size": [4, -4]}
							}
						},
						{
							"origin": [-5.1, 19.9, -2.4],
							"size": [3.8, 0.6, 4.7],
							"pivot": [0, 19.9, 0.1],
							"rotation": [0, 0, 26],
							"uv": {
								"north": {"uv": [57, 52], "uv_size": [4, 1]},
								"east": {"uv": [56, 6], "uv_size": [5, 1]},
								"south": {"uv": [57, 53], "uv_size": [4, 1]},
								"west": {"uv": [56, 7], "uv_size": [5, 1]},
								"up": {"uv": [36, 35], "uv_size": [4, 5]},
								"down": {"uv": [0, 45], "uv_size": [4, -5]}
							}
						},
						{
							"origin": [-3, 20.8, -2.4],
							"size": [2.2, 0.5, 4.7],
							"pivot": [0, 20.6, 0.1],
							"rotation": [0, 0, -36],
							"uv": {
								"north": {"uv": [20, 61], "uv_size": [2, 1]},
								"east": {"uv": [56, 32], "uv_size": [5, 1]},
								"south": {"uv": [61, 21], "uv_size": [2, 1]},
								"west": {"uv": [56, 33], "uv_size": [5, 1]},
								"up": {"uv": [24, 51], "uv_size": [2, 5]},
								"down": {"uv": [26, 56], "uv_size": [2, -5]}
							}
						},
						{
							"origin": [-4.6, 19, -2.4],
							"size": [2.2, 0.5, 4.7],
							"uv": {
								"north": {"uv": [22, 61], "uv_size": [2, 1]},
								"east": {"uv": [56, 34], "uv_size": [5, 1]},
								"south": {"uv": [61, 22], "uv_size": [2, 1]},
								"west": {"uv": [56, 35], "uv_size": [5, 1]},
								"up": {"uv": [28, 51], "uv_size": [2, 5]},
								"down": {"uv": [30, 56], "uv_size": [2, -5]}
							}
						},
						{
							"origin": [-2.6, 20.8, -2.4],
							"size": [2.2, 0.5, 4.7],
							"pivot": [0.4, 20.6, 0.1],
							"rotation": [0, 0, -145],
							"uv": {
								"north": {"uv": [61, 24], "uv_size": [2, 1]},
								"east": {"uv": [56, 37], "uv_size": [5, 1]},
								"south": {"uv": [26, 61], "uv_size": [2, 1]},
								"west": {"uv": [56, 38], "uv_size": [5, 1]},
								"up": {"uv": [36, 51], "uv_size": [2, 5]},
								"down": {"uv": [38, 56], "uv_size": [2, -5]}
							}
						},
						{
							"origin": [-3.4, 20.6, -2.4],
							"size": [2.2, 0.5, 4.7],
							"pivot": [0.4, 20.6, 0.1],
							"rotation": [0, 0, -45],
							"uv": {
								"north": {"uv": [61, 26], "uv_size": [2, 1]},
								"east": {"uv": [56, 39], "uv_size": [5, 1]},
								"south": {"uv": [61, 27], "uv_size": [2, 1]},
								"west": {"uv": [56, 40], "uv_size": [5, 1]},
								"up": {"uv": [40, 51], "uv_size": [2, 5]},
								"down": {"uv": [42, 56], "uv_size": [2, -5]}
							}
						},
						{
							"origin": [2.2, 19.5, -2.4],
							"size": [2.2, 0.5, 4.7],
							"uv": {
								"north": {"uv": [61, 23], "uv_size": [2, 1]},
								"east": {"uv": [36, 56], "uv_size": [5, 1]},
								"south": {"uv": [24, 61], "uv_size": [2, 1]},
								"west": {"uv": [56, 36], "uv_size": [5, 1]},
								"up": {"uv": [32, 51], "uv_size": [2, 5]},
								"down": {"uv": [34, 56], "uv_size": [2, -5]}
							}
						},
						{
							"origin": [-0.9, 20.9, -2.2],
							"size": [1.6, 0.6, 4.4],
							"inflate": 0.15,
							"uv": {
								"north": {"uv": [48, 31], "uv_size": [2, 1]},
								"east": {"uv": [20, 57], "uv_size": [4, 1]},
								"south": {"uv": [61, 9], "uv_size": [2, 1]},
								"west": {"uv": [57, 21], "uv_size": [4, 1]},
								"up": {"uv": [20, 52], "uv_size": [2, 4]},
								"down": {"uv": [52, 38], "uv_size": [2, -4]}
							}
						},
						{
							"origin": [-1.5, 21.6, -2.1],
							"size": [2.8, 0.6, 4.4],
							"inflate": 0.15,
							"uv": {
								"north": {"uv": [57, 59], "uv_size": [3, 1]},
								"east": {"uv": [57, 22], "uv_size": [4, 1]},
								"south": {"uv": [16, 60], "uv_size": [3, 1]},
								"west": {"uv": [57, 23], "uv_size": [4, 1]},
								"up": {"uv": [22, 47], "uv_size": [3, 4]},
								"down": {"uv": [25, 51], "uv_size": [3, -4]}
							}
						},
						{
							"origin": [-2.8, 18.2, -2.1],
							"size": [0.7, 1.8, 4.3],
							"inflate": 0.15,
							"pivot": [-3.3, 18.8, 0],
							"rotation": [0, 0, -45],
							"uv": {
								"north": {"uv": [11, 60], "uv_size": [1, 2]},
								"east": {"uv": [52, 26], "uv_size": [4, 2]},
								"south": {"uv": [48, 60], "uv_size": [1, 2]},
								"west": {"uv": [52, 28], "uv_size": [4, 2]},
								"up": {"uv": [12, 57], "uv_size": [1, 4]},
								"down": {"uv": [13, 61], "uv_size": [1, -4]}
							}
						},
						{
							"origin": [0.3, 23.1, -2.1],
							"size": [0.7, 1.8, 4.3],
							"inflate": 0.15,
							"pivot": [-3.3, 18.8, 0],
							"rotation": [0, 0, 45],
							"uv": {
								"north": {"uv": [61, 7], "uv_size": [1, 2]},
								"east": {"uv": [52, 30], "uv_size": [4, 2]},
								"south": {"uv": [9, 61], "uv_size": [1, 2]},
								"west": {"uv": [52, 32], "uv_size": [4, 2]},
								"up": {"uv": [14, 57], "uv_size": [1, 4]},
								"down": {"uv": [15, 61], "uv_size": [1, -4]}
							}
						}
					]
				},
				{
					"name": "Head",
					"parent": "Body",
					"pivot": [0, 24, 0],
					"cubes": [
						{
							"origin": [-4, 24, -4],
							"size": [8, 8, 8],
							"inflate": 0.15,
							"uv": {
								"north": {"uv": [0, 12], "uv_size": [8, 8]},
								"east": {"uv": [8, 12], "uv_size": [8, 8]},
								"south": {"uv": [16, 0], "uv_size": [8, 8]},
								"west": {"uv": [16, 8], "uv_size": [8, 8]},
								"up": {"uv": [16, 16], "uv_size": [8, 8]},
								"down": {"uv": [0, 28], "uv_size": [8, -8]}
							}
						}
					]
				},
				{
					"name": "Kozlar",
					"parent": "Head",
					"pivot": [0, 27, -4]
				},
				{
					"name": "koz",
					"parent": "Kozlar",
					"pivot": [0.6, 27.2, -2.8],
					"cubes": [
						{
							"origin": [0.54, 27.16, -4.452],
							"size": [1.404, 0.432, 1.512],
							"pivot": [0.648, 27.376, -3.48],
							"rotation": [0, 0, -57],
							"uv": {
								"north": {"uv": [62, 20], "uv_size": [1, 1]},
								"east": {"uv": [62, 25], "uv_size": [1, 1]},
								"south": {"uv": [26, 62], "uv_size": [1, 1]},
								"west": {"uv": [27, 62], "uv_size": [1, 1]},
								"up": {"uv": [28, 62], "uv_size": [1, 1]},
								"down": {"uv": [29, 63], "uv_size": [1, -1]}
							}
						},
						{
							"origin": [0.54, 27.16, -4.452],
							"size": [1.512, 1.728, 1.512],
							"pivot": [0.648, 27.376, -3.48],
							"rotation": [0, 0, 32],
							"uv": {
								"north": {"uv": [61, 36], "uv_size": [1, 2]},
								"east": {"uv": [37, 61], "uv_size": [1, 2]},
								"south": {"uv": [38, 61], "uv_size": [1, 2]},
								"west": {"uv": [61, 38], "uv_size": [1, 2]},
								"up": {"uv": [62, 47], "uv_size": [1, 1]},
								"down": {"uv": [48, 63], "uv_size": [1, -1]}
							}
						},
						{
							"origin": [1.62, 27.808, -4.452],
							"size": [1.404, 0.54, 1.512],
							"pivot": [0.648, 27.376, -3.48],
							"rotation": [0, 0, -22],
							"uv": {
								"north": {"uv": [30, 62], "uv_size": [1, 1]},
								"east": {"uv": [62, 30], "uv_size": [1, 1]},
								"south": {"uv": [31, 62], "uv_size": [1, 1]},
								"west": {"uv": [62, 31], "uv_size": [1, 1]},
								"up": {"uv": [62, 32], "uv_size": [1, 1]},
								"down": {"uv": [62, 34], "uv_size": [1, -1]}
							}
						},
						{
							"origin": [2.808, 26.512, -4.452],
							"size": [1.728, 0.648, 1.512],
							"pivot": [0.648, 27.376, -3.48],
							"rotation": [0, 0, -50],
							"uv": {
								"north": {"uv": [28, 61], "uv_size": [2, 1]},
								"east": {"uv": [62, 34], "uv_size": [1, 1]},
								"south": {"uv": [61, 28], "uv_size": [2, 1]},
								"west": {"uv": [62, 35], "uv_size": [1, 1]},
								"up": {"uv": [61, 29], "uv_size": [2, 1]},
								"down": {"uv": [30, 62], "uv_size": [2, -1]}
							}
						},
						{
							"origin": [2.808, 26.728, -4.452],
							"size": [1.728, 0.216, 1.512],
							"pivot": [0.648, 27.376, -3.48],
							"rotation": [0, 0, -55],
							"uv": {
								"north": {"uv": [39, 61], "uv_size": [2, 1]},
								"east": {"uv": [50, 62], "uv_size": [1, 1]},
								"south": {"uv": [61, 40], "uv_size": [2, 1]},
								"west": {"uv": [51, 62], "uv_size": [1, 1]},
								"up": {"uv": [45, 61], "uv_size": [2, 1]},
								"down": {"uv": [61, 49], "uv_size": [2, -1]}
							}
						},
						{
							"origin": [2.376, 27.7, -4.452],
							"size": [1.728, 0.216, 1.512],
							"pivot": [0.648, 27.376, -3.48],
							"rotation": [0, 0, -36],
							"uv": {
								"north": {"uv": [61, 49], "uv_size": [2, 1]},
								"east": {"uv": [52, 62], "uv_size": [1, 1]},
								"south": {"uv": [61, 50], "uv_size": [2, 1]},
								"west": {"uv": [53, 62], "uv_size": [1, 1]},
								"up": {"uv": [51, 61], "uv_size": [2, 1]},
								"down": {"uv": [61, 52], "uv_size": [2, -1]}
							}
						},
						{
							"origin": [1.29881, 23.78316, -4.452],
							"size": [1.62, 0.432, 1.512],
							"pivot": [0.648, 27.376, -3.48],
							"rotation": [0, 0, -102],
							"uv": {
								"north": {"uv": [62, 36], "uv_size": [1, 1]},
								"east": {"uv": [62, 37], "uv_size": [1, 1]},
								"south": {"uv": [62, 38], "uv_size": [1, 1]},
								"west": {"uv": [39, 62], "uv_size": [1, 1]},
								"up": {"uv": [62, 39], "uv_size": [1, 1]},
								"down": {"uv": [40, 63], "uv_size": [1, -1]}
							}
						},
						{
							"origin": [1.52335, 24.40444, -4.452],
							"size": [1.404, 1.296, 1.512],
							"pivot": [0.648, 27.376, -3.48],
							"rotation": [0, 0, -78],
							"uv": {
								"north": {"uv": [62, 41], "uv_size": [1, 1]},
								"east": {"uv": [42, 62], "uv_size": [1, 1]},
								"south": {"uv": [62, 42], "uv_size": [1, 1]},
								"west": {"uv": [43, 62], "uv_size": [1, 1]},
								"up": {"uv": [62, 43], "uv_size": [1, 1]},
								"down": {"uv": [44, 63], "uv_size": [1, -1]}
							}
						},
						{
							"origin": [1.43271, 24.44378, -4.452],
							"size": [1.62, 0.756, 1.512],
							"pivot": [0.648, 27.376, -3.48],
							"rotation": [0, 0, -87],
							"uv": {
								"north": {"uv": [62, 53], "uv_size": [1, 1]},
								"east": {"uv": [54, 62], "uv_size": [1, 1]},
								"south": {"uv": [62, 54], "uv_size": [1, 1]},
								"west": {"uv": [62, 55], "uv_size": [1, 1]},
								"up": {"uv": [56, 62], "uv_size": [1, 1]},
								"down": {"uv": [62, 57], "uv_size": [1, -1]}
							}
						},
						{
							"origin": [1.36539, 26.33311, -4.452],
							"size": [1.404, 1.944, 1.512],
							"pivot": [0.648, 27.376, -3.48],
							"rotation": [0, 0, -10],
							"uv": {
								"north": {"uv": [34, 61], "uv_size": [1, 2]},
								"east": {"uv": [61, 34], "uv_size": [1, 2]},
								"south": {"uv": [35, 61], "uv_size": [1, 2]},
								"west": {"uv": [36, 61], "uv_size": [1, 2]},
								"up": {"uv": [46, 62], "uv_size": [1, 1]},
								"down": {"uv": [62, 47], "uv_size": [1, -1]}
							}
						},
						{
							"origin": [1.46679, 25.12901, -4.452],
							"size": [1.404, 1.836, 1.512],
							"pivot": [0.648, 27.376, -3.48],
							"rotation": [0, 0, -53],
							"uv": {
								"north": {"uv": [61, 30], "uv_size": [1, 2]},
								"east": {"uv": [32, 61], "uv_size": [1, 2]},
								"south": {"uv": [61, 32], "uv_size": [1, 2]},
								"west": {"uv": [33, 61], "uv_size": [1, 2]},
								"up": {"uv": [62, 44], "uv_size": [1, 1]},
								"down": {"uv": [45, 63], "uv_size": [1, -1]}
							}
						}
					]
				},
				{
					"name": "koz2",
					"parent": "Kozlar",
					"pivot": [-0.7, 27.2, -3.5],
					"rotation": [0, 180, 0],
					"cubes": [
						{
							"origin": [-1.90201, 29.24822, -4.244],
							"size": [1.404, 0.432, 1.728],
							"pivot": [0.648, 29.376, -3.78],
							"rotation": [0, 0, -57],
							"uv": {
								"north": {"uv": [57, 62], "uv_size": [1, 1]},
								"east": {"uv": [61, 52], "uv_size": [2, 1]},
								"south": {"uv": [60, 62], "uv_size": [1, 1]},
								"west": {"uv": [53, 61], "uv_size": [2, 1]},
								"up": {"uv": [41, 61], "uv_size": [1, 2]},
								"down": {"uv": [47, 63], "uv_size": [1, -2]}
							}
						},
						{
							"origin": [0.40918, 26.7199, -4.244],
							"size": [1.512, 1.728, 1.728],
							"pivot": [0.648, 29.376, -3.78],
							"rotation": [0, 0, 32],
							"uv": {
								"north": {"uv": [49, 61], "uv_size": [1, 2]},
								"east": {"uv": [4, 59], "uv_size": [2, 2]},
								"south": {"uv": [61, 53], "uv_size": [1, 2]},
								"west": {"uv": [6, 59], "uv_size": [2, 2]},
								"up": {"uv": [55, 61], "uv_size": [1, 2]},
								"down": {"uv": [61, 57], "uv_size": [1, -2]}
							}
						},
						{
							"origin": [-0.43098, 28.47958, -4.244],
							"size": [1.404, 0.54, 1.728],
							"pivot": [0.648, 29.376, -3.78],
							"rotation": [0, 0, -22],
							"uv": {
								"north": {"uv": [61, 62], "uv_size": [1, 1]},
								"east": {"uv": [56, 61], "uv_size": [2, 1]},
								"south": {"uv": [62, 61], "uv_size": [1, 1]},
								"west": {"uv": [61, 57], "uv_size": [2, 1]},
								"up": {"uv": [58, 61], "uv_size": [1, 2]},
								"down": {"uv": [59, 63], "uv_size": [1, -2]}
							}
						},
						{
							"origin": [0.37344, 28.30195, -4.244],
							"size": [1.728, 0.648, 1.728],
							"pivot": [0.648, 29.376, -3.78],
							"rotation": [0, 0, -50],
							"uv": {
								"north": {"uv": [61, 58], "uv_size": [2, 1]},
								"east": {"uv": [60, 61], "uv_size": [2, 1]},
								"south": {"uv": [0, 62], "uv_size": [2, 1]},
								"west": {"uv": [62, 0], "uv_size": [2, 1]},
								"up": {"uv": [8, 59], "uv_size": [2, 2]},
								"down": {"uv": [22, 61], "uv_size": [2, -2]}
							}
						},
						{
							"origin": [0.36439, 28.73094, -4.244],
							"size": [1.728, 0.216, 1.728],
							"pivot": [0.648, 29.376, -3.78],
							"rotation": [0, 0, -55],
							"uv": {
								"north": {"uv": [62, 1], "uv_size": [2, 1]},
								"east": {"uv": [2, 62], "uv_size": [2, 1]},
								"south": {"uv": [62, 2], "uv_size": [2, 1]},
								"west": {"uv": [62, 3], "uv_size": [2, 1]},
								"up": {"uv": [24, 59], "uv_size": [2, 2]},
								"down": {"uv": [26, 61], "uv_size": [2, -2]}
							}
						},
						{
							"origin": [0.06457, 28.90722, -4.244],
							"size": [1.728, 0.216, 1.728],
							"pivot": [0.648, 29.376, -3.78],
							"rotation": [0, 0, -36],
							"uv": {
								"north": {"uv": [4, 62], "uv_size": [2, 1]},
								"east": {"uv": [62, 4], "uv_size": [2, 1]},
								"south": {"uv": [62, 5], "uv_size": [2, 1]},
								"west": {"uv": [6, 62], "uv_size": [2, 1]},
								"up": {"uv": [28, 59], "uv_size": [2, 2]},
								"down": {"uv": [30, 61], "uv_size": [2, -2]}
							}
						},
						{
							"origin": [-0.36558, 27.57231, -4.244],
							"size": [1.62, 0.432, 1.728],
							"pivot": [0.648, 29.376, -3.78],
							"rotation": [0, 0, -102],
							"uv": {
								"north": {"uv": [62, 62], "uv_size": [1, 1]},
								"east": {"uv": [62, 7], "uv_size": [2, 1]},
								"south": {"uv": [0, 63], "uv_size": [1, 1]},
								"west": {"uv": [62, 8], "uv_size": [2, 1]},
								"up": {"uv": [8, 62], "uv_size": [1, 2]},
								"down": {"uv": [10, 64], "uv_size": [1, -2]}
							}
						},
						{
							"origin": [-0.72485, 27.36193, -4.244],
							"size": [1.404, 1.296, 1.728],
							"pivot": [0.648, 29.376, -3.78],
							"rotation": [0, 0, -78],
							"uv": {
								"north": {"uv": [1, 63], "uv_size": [1, 1]},
								"east": {"uv": [11, 62], "uv_size": [2, 1]},
								"south": {"uv": [2, 63], "uv_size": [1, 1]},
								"west": {"uv": [62, 11], "uv_size": [2, 1]},
								"up": {"uv": [62, 12], "uv_size": [1, 2]},
								"down": {"uv": [13, 64], "uv_size": [1, -2]}
							}
						},
						{
							"origin": [-0.63803, 27.74119, -4.244],
							"size": [1.62, 0.756, 1.728],
							"pivot": [0.648, 29.376, -3.78],
							"rotation": [0, 0, -87],
							"uv": {
								"north": {"uv": [3, 63], "uv_size": [1, 1]},
								"east": {"uv": [14, 62], "uv_size": [2, 1]},
								"south": {"uv": [4, 63], "uv_size": [1, 1]},
								"west": {"uv": [62, 14], "uv_size": [2, 1]},
								"up": {"uv": [16, 62], "uv_size": [1, 2]},
								"down": {"uv": [17, 64], "uv_size": [1, -2]}
							}
						},
						{
							"origin": [-0.36458, 26.6073, -4.244],
							"size": [1.404, 1.944, 1.728],
							"pivot": [0.648, 29.376, -3.78],
							"rotation": [0, 0, -10],
							"uv": {
								"north": {"uv": [18, 62], "uv_size": [1, 2]},
								"east": {"uv": [32, 59], "uv_size": [2, 2]},
								"south": {"uv": [19, 62], "uv_size": [1, 2]},
								"west": {"uv": [34, 59], "uv_size": [2, 2]},
								"up": {"uv": [20, 62], "uv_size": [1, 2]},
								"down": {"uv": [21, 64], "uv_size": [1, -2]}
							}
						},
						{
							"origin": [-0.97543, 27.04666, -4.244],
							"size": [1.404, 1.836, 1.728],
							"pivot": [0.648, 29.376, -3.78],
							"rotation": [0, 0, -53],
							"uv": {
								"north": {"uv": [22, 62], "uv_size": [1, 2]},
								"east": {"uv": [36, 59], "uv_size": [2, 2]},
								"south": {"uv": [23, 62], "uv_size": [1, 2]},
								"west": {"uv": [38, 59], "uv_size": [2, 2]},
								"up": {"uv": [24, 62], "uv_size": [1, 2]},
								"down": {"uv": [25, 64], "uv_size": [1, -2]}
							}
						}
					]
				},
				{
					"name": "RightArm",
					"parent": "Body",
					"pivot": [-5, 22, 0],
					"cubes": [
						{
							"origin": [-8, 12, -2],
							"size": [4, 12, 4],
							"inflate": 0.15,
							"uv": {
								"north": {"uv": [28, 12], "uv_size": [4, 12]},
								"east": {"uv": [28, 24], "uv_size": [4, 12]},
								"south": {"uv": [32, 0], "uv_size": [4, 12]},
								"west": {"uv": [8, 32], "uv_size": [4, 12]},
								"up": {"uv": [36, 40], "uv_size": [4, 4]},
								"down": {"uv": [40, 41], "uv_size": [4, -4]}
							}
						},
						{
							"origin": [-7.2, 18.7, -2.1],
							"size": [2.4, 5, 4.2],
							"inflate": 0.15,
							"uv": {
								"north": {"uv": [2, 50], "uv_size": [2, 5]},
								"east": {"uv": [40, 0], "uv_size": [4, 5]},
								"south": {"uv": [4, 50], "uv_size": [2, 5]},
								"west": {"uv": [4, 40], "uv_size": [4, 5]},
								"up": {"uv": [52, 38], "uv_size": [2, 4]},
								"down": {"uv": [52, 46], "uv_size": [2, -4]}
							}
						},
						{
							"origin": [-5.9, 22.1, -2.3],
							"size": [2.2, 0.3, 4.6],
							"inflate": 0.15,
							"pivot": [-4.1, 21.6, 0],
							"rotation": [0, 0, -47],
							"uv": {
								"north": {"uv": [16, 61], "uv_size": [2, 1]},
								"east": {"uv": [16, 56], "uv_size": [5, 1]},
								"south": {"uv": [61, 16], "uv_size": [2, 1]},
								"west": {"uv": [56, 16], "uv_size": [5, 1]},
								"up": {"uv": [50, 31], "uv_size": [2, 5]},
								"down": {"uv": [50, 41], "uv_size": [2, -5]}
							}
						},
						{
							"origin": [-8.2, 20.6, -2.3],
							"size": [2.6, 0.3, 4.6],
							"inflate": 0.15,
							"uv": {
								"north": {"uv": [60, 59], "uv_size": [3, 1]},
								"east": {"uv": [56, 19], "uv_size": [5, 1]},
								"south": {"uv": [60, 60], "uv_size": [3, 1]},
								"west": {"uv": [21, 56], "uv_size": [5, 1]},
								"up": {"uv": [44, 32], "uv_size": [3, 5]},
								"down": {"uv": [36, 49], "uv_size": [3, -5]}
							}
						},
						{
							"origin": [-9.3, 21.8, -2.3],
							"size": [3.5, 0.3, 4.6],
							"inflate": 0.15,
							"pivot": [-6.2, 20.6, 0],
							"rotation": [0, 0, 26],
							"uv": {
								"north": {"uv": [6, 61], "uv_size": [3, 1]},
								"east": {"uv": [56, 27], "uv_size": [5, 1]},
								"south": {"uv": [61, 6], "uv_size": [3, 1]},
								"west": {"uv": [56, 28], "uv_size": [5, 1]},
								"up": {"uv": [0, 45], "uv_size": [3, 5]},
								"down": {"uv": [3, 50], "uv_size": [3, -5]}
							}
						},
						{
							"origin": [-5.8, 11.8, -2.1],
							"size": [2.1, 1.7, 4.2],
							"inflate": 0.15,
							"uv": {
								"north": {"uv": [18, 58], "uv_size": [2, 2]},
								"east": {"uv": [53, 21], "uv_size": [4, 2]},
								"south": {"uv": [20, 58], "uv_size": [2, 2]},
								"west": {"uv": [53, 23], "uv_size": [4, 2]},
								"up": {"uv": [14, 53], "uv_size": [2, 4]},
								"down": {"uv": [46, 57], "uv_size": [2, -4]}
							}
						},
						{
							"origin": [-7.2, 11.8, -2.1],
							"size": [3, 0.6, 4.2],
							"inflate": 0.15,
							"uv": {
								"north": {"uv": [54, 60], "uv_size": [3, 1]},
								"east": {"uv": [26, 58], "uv_size": [4, 1]},
								"south": {"uv": [57, 60], "uv_size": [3, 1]},
								"west": {"uv": [30, 58], "uv_size": [4, 1]},
								"up": {"uv": [42, 47], "uv_size": [3, 4]},
								"down": {"uv": [47, 48], "uv_size": [3, -4]}
							}
						},
						{
							"origin": [-5.1, 14.7, -2.1],
							"size": [1.4, 2.5, 4.2],
							"inflate": 0.15,
							"uv": {
								"north": {"uv": [56, 0], "uv_size": [2, 3]},
								"east": {"uv": [48, 0], "uv_size": [4, 3]},
								"south": {"uv": [56, 3], "uv_size": [2, 3]},
								"west": {"uv": [48, 3], "uv_size": [4, 3]},
								"up": {"uv": [4, 55], "uv_size": [2, 4]},
								"down": {"uv": [55, 16], "uv_size": [2, -4]}
							}
						},
						{
							"origin": [-5.1, 18.5, -2.2],
							"size": [1.4, 2.5, 4.4],
							"inflate": 0.15,
							"uv": {
								"north": {"uv": [56, 0], "uv_size": [2, 3]},
								"east": {"uv": [48, 0], "uv_size": [4, 3]},
								"south": {"uv": [56, 3], "uv_size": [2, 3]},
								"west": {"uv": [48, 3], "uv_size": [4, 3]},
								"up": {"uv": [4, 55], "uv_size": [2, 4]},
								"down": {"uv": [55, 16], "uv_size": [2, -4]}
							}
						},
						{
							"origin": [-6.7, 12.4, -2.1],
							"size": [1.1, 0.6, 4.2],
							"inflate": 0.15,
							"uv": {
								"north": {"uv": [50, 55], "uv_size": [1, 1]},
								"east": {"uv": [58, 47], "uv_size": [4, 1]},
								"south": {"uv": [40, 57], "uv_size": [1, 1]},
								"west": {"uv": [57, 58], "uv_size": [4, 1]},
								"up": {"uv": [44, 58], "uv_size": [1, 4]},
								"down": {"uv": [50, 62], "uv_size": [1, -4]}
							}
						}
					]
				},
				{
					"name": "LeftArm",
					"parent": "Body",
					"pivot": [5, 22, 0],
					"cubes": [
						{
							"origin": [4, 12, -2],
							"size": [4, 12, 4],
							"inflate": 0.15,
							"uv": {
								"north": {"uv": [12, 32], "uv_size": [4, 12]},
								"east": {"uv": [32, 12], "uv_size": [4, 12]},
								"south": {"uv": [32, 24], "uv_size": [4, 12]},
								"west": {"uv": [36, 0], "uv_size": [4, 12]},
								"up": {"uv": [32, 41], "uv_size": [4, 4]},
								"down": {"uv": [40, 45], "uv_size": [4, -4]}
							}
						},
						{
							"origin": [4.8, 18.7, -2.1],
							"size": [2.4, 5, 4.2],
							"inflate": 0.15,
							"uv": {
								"north": {"uv": [50, 17], "uv_size": [2, 5]},
								"east": {"uv": [40, 5], "uv_size": [4, 5]},
								"south": {"uv": [50, 26], "uv_size": [2, 5]},
								"west": {"uv": [16, 40], "uv_size": [4, 5]},
								"up": {"uv": [44, 52], "uv_size": [2, 4]},
								"down": {"uv": [51, 56], "uv_size": [2, -4]}
							}
						},
						{
							"origin": [3.5, 22.6, -2.3],
							"size": [1.7, 0.3, 4.6],
							"inflate": 0.15,
							"pivot": [3.3, 21.8, 0],
							"rotation": [0, 0, 45],
							"uv": {
								"north": {"uv": [61, 17], "uv_size": [2, 1]},
								"east": {"uv": [56, 17], "uv_size": [5, 1]},
								"south": {"uv": [18, 61], "uv_size": [2, 1]},
								"west": {"uv": [56, 18], "uv_size": [5, 1]},
								"up": {"uv": [50, 41], "uv_size": [2, 5]},
								"down": {"uv": [8, 56], "uv_size": [2, -5]}
							}
						},
						{
							"origin": [5.1, 20.6, -2.3],
							"size": [3, 0.3, 4.6],
							"inflate": 0.15,
							"uv": {
								"north": {"uv": [0, 61], "uv_size": [3, 1]},
								"east": {"uv": [26, 56], "uv_size": [5, 1]},
								"south": {"uv": [3, 61], "uv_size": [3, 1]},
								"west": {"uv": [56, 26], "uv_size": [5, 1]},
								"up": {"uv": [44, 37], "uv_size": [3, 5]},
								"down": {"uv": [44, 47], "uv_size": [3, -5]}
							}
						},
						{
							"origin": [5.8, 21.1, -2.3],
							"size": [3.6, 0.3, 4.6],
							"inflate": 0.15,
							"pivot": [5.2, 20.2, 0],
							"rotation": [0, 0, -30],
							"uv": {
								"north": {"uv": [58, 43], "uv_size": [4, 1]},
								"east": {"uv": [56, 29], "uv_size": [5, 1]},
								"south": {"uv": [58, 44], "uv_size": [4, 1]},
								"west": {"uv": [56, 30], "uv_size": [5, 1]},
								"up": {"uv": [40, 16], "uv_size": [4, 5]},
								"down": {"uv": [20, 45], "uv_size": [4, -5]}
							}
						},
						{
							"origin": [3.9, 11.8, -2.1],
							"size": [2.2, 1.7, 4.2],
							"inflate": 0.15,
							"uv": {
								"north": {"uv": [10, 58], "uv_size": [2, 2]},
								"east": {"uv": [53, 8], "uv_size": [4, 2]},
								"south": {"uv": [16, 58], "uv_size": [2, 2]},
								"west": {"uv": [53, 10], "uv_size": [4, 2]},
								"up": {"uv": [12, 53], "uv_size": [2, 4]},
								"down": {"uv": [53, 16], "uv_size": [2, -4]}
							}
						},
						{
							"origin": [4.3, 11.8, -2.1],
							"size": [2.9, 0.6, 4.2],
							"inflate": 0.15,
							"uv": {
								"north": {"uv": [60, 45], "uv_size": [3, 1]},
								"east": {"uv": [22, 58], "uv_size": [4, 1]},
								"south": {"uv": [51, 60], "uv_size": [3, 1]},
								"west": {"uv": [58, 25], "uv_size": [4, 1]},
								"up": {"uv": [47, 36], "uv_size": [3, 4]},
								"down": {"uv": [47, 44], "uv_size": [3, -4]}
							}
						},
						{
							"origin": [3.9, 14.7, -2.1],
							"size": [1.3, 2.5, 4.2],
							"inflate": 0.15,
							"uv": {
								"north": {"uv": [6, 56], "uv_size": [2, 3]},
								"east": {"uv": [48, 6], "uv_size": [4, 3]},
								"south": {"uv": [8, 56], "uv_size": [2, 3]},
								"west": {"uv": [8, 48], "uv_size": [4, 3]},
								"up": {"uv": [55, 48], "uv_size": [2, 4]},
								"down": {"uv": [55, 56], "uv_size": [2, -4]}
							}
						},
						{
							"origin": [3.9, 18.5, -2.2],
							"size": [1.3, 2.5, 4.4],
							"inflate": 0.15,
							"uv": {
								"north": {"uv": [6, 56], "uv_size": [2, 3]},
								"east": {"uv": [48, 6], "uv_size": [4, 3]},
								"south": {"uv": [8, 56], "uv_size": [2, 3]},
								"west": {"uv": [8, 48], "uv_size": [4, 3]},
								"up": {"uv": [55, 48], "uv_size": [2, 4]},
								"down": {"uv": [55, 56], "uv_size": [2, -4]}
							}
						},
						{
							"origin": [5.6, 12.4, -2.1],
							"size": [1.2, 0.6, 4.2],
							"inflate": 0.15,
							"uv": {
								"north": {"uv": [46, 52], "uv_size": [1, 1]},
								"east": {"uv": [46, 58], "uv_size": [4, 1]},
								"south": {"uv": [53, 16], "uv_size": [1, 1]},
								"west": {"uv": [58, 46], "uv_size": [4, 1]},
								"up": {"uv": [42, 58], "uv_size": [1, 4]},
								"down": {"uv": [43, 62], "uv_size": [1, -4]}
							}
						}
					]
				}
			]
		}
	]
}