{
	"format_version": "1.12.0",
	"minecraft:geometry": [
		{
			"description": {
				"identifier": "geometry.mc_greengoblin",
				"texture_width": 128,
				"texture_height": 128,
				"visible_bounds_width": 5,
				"visible_bounds_height": 3.5,
				"visible_bounds_offset": [0, 1.25, 0]
			},
			"bones": [
				{
					"name": "root",
					"pivot": [0, 0, 0]
				},
				{
					"name": "RightLeg",
					"parent": "root",
					"pivot": [-1.9, 12, 0],
					"cubes": [
						{
							"origin": [-3.9, 7, -2],
							"size": [4, 5, 4],
							"inflate": 0.15,
							"uv": {
								"north": {"uv": [48, 80], "uv_size": [4, 5]},
								"east": {"uv": [56, 80], "uv_size": [4, 5]},
								"south": {"uv": [4, 82], "uv_size": [4, 5]},
								"west": {"uv": [8, 82], "uv_size": [4, 5]},
								"up": {"uv": [12, 66], "uv_size": [4, 4]},
								"down": {"uv": [31, 91], "uv_size": [4, -4]}
							}
						}
					]
				},
				{
					"name": "RightLeg2",
					"parent": "RightLeg",
					"pivot": [-1.9, 7, 0],
					"cubes": [
						{
							"origin": [-3.9, 0.5, -2],
							"size": [4, 6.8, 4],
							"inflate": 0.15,
							"uv": {
								"north": {"uv": [75, 71], "uv_size": [4, 7]},
								"east": {"uv": [36, 77], "uv_size": [4, 7]},
								"south": {"uv": [40, 77], "uv_size": [4, 7]},
								"west": {"uv": [44, 77], "uv_size": [4, 7]},
								"up": {"uv": [88, 65], "uv_size": [4, 4]},
								"down": {"uv": [70, 92], "uv_size": [4, -4]}
							}
						},
						{
							"origin": [-4.3, 4, -2.3],
							"size": [4.6, 4.4, 0.7],
							"inflate": 0.15,
							"uv": {
								"north": {"uv": [42, 36], "uv_size": [5, 4]},
								"east": {"uv": [50, 91], "uv_size": [1, 4]},
								"south": {"uv": [48, 85], "uv_size": [5, 4]},
								"west": {"uv": [80, 91], "uv_size": [1, 4]},
								"up": {"uv": [65, 53], "uv_size": [5, 1]},
								"down": {"uv": [83, 53], "uv_size": [5, -1]}
							}
						},
						{
							"origin": [-4.3, 4.9, 1.6],
							"size": [4.6, 3, 0.7],
							"inflate": 0.15,
							"uv": {
								"north": {"uv": [78, 88], "uv_size": [5, 3]},
								"east": {"uv": [74, 75], "uv_size": [1, 3]},
								"south": {"uv": [0, 89], "uv_size": [5, 3]},
								"west": {"uv": [82, 91], "uv_size": [1, 3]},
								"up": {"uv": [35, 91], "uv_size": [5, 1]},
								"down": {"uv": [91, 40], "uv_size": [5, -1]}
							}
						}
					]
				},
				{
					"name": "LeftLeg",
					"parent": "root",
					"pivot": [1.9, 12, 0],
					"cubes": [
						{
							"origin": [-0.1, 7, -2],
							"size": [4, 5, 4],
							"inflate": 0.15,
							"uv": {
								"north": {"uv": [12, 82], "uv_size": [4, 5]},
								"east": {"uv": [16, 82], "uv_size": [4, 5]},
								"south": {"uv": [68, 82], "uv_size": [4, 5]},
								"west": {"uv": [74, 82], "uv_size": [4, 5]},
								"up": {"uv": [87, 39], "uv_size": [4, 4]},
								"down": {"uv": [87, 51], "uv_size": [4, -4]}
							}
						}
					]
				},
				{
					"name": "LeftLeg2",
					"parent": "LeftLeg",
					"pivot": [1.9, 7, 0],
					"cubes": [
						{
							"origin": [-0.1, 0.6, -2],
							"size": [4, 6.7, 4],
							"inflate": 0.15,
							"uv": {
								"north": {"uv": [12, 72], "uv_size": [4, 7]},
								"east": {"uv": [16, 72], "uv_size": [4, 7]},
								"south": {"uv": [50, 73], "uv_size": [4, 7]},
								"west": {"uv": [68, 75], "uv_size": [4, 7]},
								"up": {"uv": [88, 57], "uv_size": [4, 4]},
								"down": {"uv": [88, 65], "uv_size": [4, -4]}
							}
						},
						{
							"origin": [-0.4, 4.1, -2.3],
							"size": [4.5, 4.3, 0.7],
							"inflate": 0.15,
							"uv": {
								"north": {"uv": [53, 85], "uv_size": [5, 4]},
								"east": {"uv": [81, 91], "uv_size": [1, 4]},
								"south": {"uv": [86, 83], "uv_size": [5, 4]},
								"west": {"uv": [91, 81], "uv_size": [1, 4]},
								"up": {"uv": [89, 3], "uv_size": [5, 1]},
								"down": {"uv": [30, 92], "uv_size": [5, -1]}
							}
						},
						{
							"origin": [-0.4, 5.5, 1.6],
							"size": [4.5, 2.4, 0.7],
							"inflate": 0.15,
							"uv": {
								"north": {"uv": [41, 89], "uv_size": [5, 2]},
								"east": {"uv": [92, 61], "uv_size": [1, 2]},
								"south": {"uv": [46, 89], "uv_size": [5, 2]},
								"west": {"uv": [92, 63], "uv_size": [1, 2]},
								"up": {"uv": [40, 91], "uv_size": [5, 1]},
								"down": {"uv": [91, 41], "uv_size": [5, -1]}
							}
						}
					]
				},
				{
					"name": "waist",
					"parent": "root",
					"pivot": [0, 0, 0]
				},
				{
					"name": "Body",
					"parent": "waist",
					"pivot": [0, 24, 0],
					"cubes": [
						{
							"origin": [-4, 12, -2],
							"size": [8, 12, 4],
							"inflate": 0.15,
							"uv": {
								"north": {"uv": [11, 28], "uv_size": [8, 12]},
								"east": {"uv": [16, 58], "uv_size": [4, 12]},
								"south": {"uv": [36, 49], "uv_size": [8, 12]},
								"west": {"uv": [20, 58], "uv_size": [4, 12]},
								"up": {"uv": [4, 66], "uv_size": [8, 4]},
								"down": {"uv": [71, 24], "uv_size": [8, -4]}
							}
						},
						{
							"origin": [-4, 20, -2],
							"size": [3, 3, 4],
							"inflate": 0.25,
							"uv": {
								"north": {"uv": [8, 46], "uv_size": [3, 3]},
								"east": {"uv": [89, 0], "uv_size": [4, 3]},
								"south": {"uv": [27, 89], "uv_size": [3, 3]},
								"west": {"uv": [5, 89], "uv_size": [4, 3]},
								"up": {"uv": [44, 49], "uv_size": [3, 4]},
								"down": {"uv": [83, 92], "uv_size": [3, -4]}
							}
						},
						{
							"origin": [1, 20, -2],
							"size": [3, 3, 4],
							"inflate": 0.25,
							"uv": {
								"north": {"uv": [51, 89], "uv_size": [3, 3]},
								"east": {"uv": [9, 89], "uv_size": [4, 3]},
								"south": {"uv": [54, 89], "uv_size": [3, 3]},
								"west": {"uv": [13, 89], "uv_size": [4, 3]},
								"up": {"uv": [17, 89], "uv_size": [3, 4]},
								"down": {"uv": [20, 93], "uv_size": [3, -4]}
							}
						},
						{
							"origin": [-2.7, 18.7, -2],
							"size": [5.2, 0.5, 4],
							"inflate": 0.25,
							"uv": {
								"north": {"uv": [51, 89], "uv_size": [3, 3]},
								"east": {"uv": [9, 89], "uv_size": [4, 3]},
								"south": {"uv": [54, 89], "uv_size": [3, 3]},
								"west": {"uv": [13, 89], "uv_size": [4, 3]},
								"up": {"uv": [17, 89], "uv_size": [3, 4]},
								"down": {"uv": [20, 93], "uv_size": [3, -4]}
							}
						},
						{
							"origin": [-4, 11.7, -2],
							"size": [7.9, 0.5, 4],
							"inflate": 0.25,
							"uv": {
								"north": {"uv": [51, 89], "uv_size": [3, 3]},
								"east": {"uv": [9, 89], "uv_size": [4, 3]},
								"south": {"uv": [54, 89], "uv_size": [3, 3]},
								"west": {"uv": [13, 89], "uv_size": [4, 3]},
								"up": {"uv": [17, 89], "uv_size": [3, 4]},
								"down": {"uv": [20, 93], "uv_size": [3, -4]}
							}
						},
						{
							"origin": [-1.9, 16.9, -2],
							"size": [3.6, 0.5, 4],
							"inflate": 0.25,
							"uv": {
								"north": {"uv": [51, 89], "uv_size": [3, 3]},
								"east": {"uv": [9, 89], "uv_size": [4, 3]},
								"south": {"uv": [54, 89], "uv_size": [3, 3]},
								"west": {"uv": [13, 89], "uv_size": [4, 3]},
								"up": {"uv": [17, 89], "uv_size": [3, 4]},
								"down": {"uv": [20, 93], "uv_size": [3, -4]}
							}
						},
						{
							"origin": [-1.3, 15.1, -2],
							"size": [2.4, 0.5, 4],
							"inflate": 0.25,
							"uv": {
								"north": {"uv": [51, 89], "uv_size": [3, 3]},
								"east": {"uv": [9, 89], "uv_size": [4, 3]},
								"south": {"uv": [54, 89], "uv_size": [3, 3]},
								"west": {"uv": [13, 89], "uv_size": [4, 3]},
								"up": {"uv": [17, 89], "uv_size": [3, 4]},
								"down": {"uv": [20, 93], "uv_size": [3, -4]}
							}
						},
						{
							"origin": [-3.2, 13.6, -2],
							"size": [0.6, 4, 4],
							"inflate": 0.25,
							"pivot": [0, 15, 0],
							"rotation": [0, 0, -12.5],
							"uv": {
								"north": {"uv": [19, 28], "uv_size": [1, 4]},
								"east": {"uv": [58, 87], "uv_size": [4, 4]},
								"south": {"uv": [19, 32], "uv_size": [1, 4]},
								"west": {"uv": [62, 87], "uv_size": [4, 4]},
								"up": {"uv": [19, 36], "uv_size": [1, 4]},
								"down": {"uv": [59, 16], "uv_size": [1, -4]}
							}
						},
						{
							"origin": [2.6, 13.7, -2],
							"size": [0.6, 4, 4],
							"inflate": 0.25,
							"pivot": [0, 15, 0],
							"rotation": [0, 0, 9.5],
							"uv": {
								"north": {"uv": [57, 89], "uv_size": [1, 4]},
								"east": {"uv": [66, 87], "uv_size": [4, 4]},
								"south": {"uv": [91, 41], "uv_size": [1, 4]},
								"west": {"uv": [74, 87], "uv_size": [4, 4]},
								"up": {"uv": [45, 91], "uv_size": [1, 4]},
								"down": {"uv": [91, 49], "uv_size": [1, -4]}
							}
						}
					]
				},
				{
					"name": "Head",
					"parent": "Body",
					"pivot": [0, 24, 0],
					"cubes": [
						{
							"origin": [-4, 24, -4],
							"size": [8, 8, 8],
							"inflate": 0.15,
							"uv": {
								"north": {"uv": [51, 0], "uv_size": [8, 8]},
								"east": {"uv": [51, 8], "uv_size": [8, 8]},
								"south": {"uv": [44, 54], "uv_size": [8, 8]},
								"west": {"uv": [52, 54], "uv_size": [8, 8]},
								"up": {"uv": [0, 58], "uv_size": [8, 8]},
								"down": {"uv": [8, 66], "uv_size": [8, -8]}
							}
						},
						{
							"origin": [-0.4, 25.5, -3.7],
							"size": [0.9, 0.5, 1],
							"inflate": 0.3,
							"pivot": [0, 28, -3],
							"rotation": [-27.5, 0, 0],
							"uv": {
								"north": {"uv": [93, 61], "uv_size": [1, 1]},
								"east": {"uv": [62, 93], "uv_size": [1, 1]},
								"south": {"uv": [93, 62], "uv_size": [1, 1]},
								"west": {"uv": [63, 93], "uv_size": [1, 1]},
								"up": {"uv": [93, 63], "uv_size": [1, 1]},
								"down": {"uv": [64, 94], "uv_size": [1, -1]}
							}
						},
						{
							"origin": [-0.1, 25.4, -4],
							"size": [0.2, 2.2, 1],
							"inflate": 0.3,
							"pivot": [0, 28, -3],
							"rotation": [-22.5, 0, 0],
							"uv": {
								"north": {"uv": [93, 61], "uv_size": [1, 1]},
								"east": {"uv": [62, 93], "uv_size": [1, 1]},
								"south": {"uv": [93, 62], "uv_size": [1, 1]},
								"west": {"uv": [63, 93], "uv_size": [1, 1]},
								"up": {"uv": [93, 63], "uv_size": [1, 1]},
								"down": {"uv": [64, 94], "uv_size": [1, -1]}
							}
						},
						{
							"origin": [-1, 23.1, -3.5],
							"size": [2, 0.9, 0.8],
							"inflate": 0.3,
							"pivot": [0, 25.6, -3],
							"rotation": [-15, 0, 0],
							"uv": {
								"north": {"uv": [92, 11], "uv_size": [2, 1]},
								"east": {"uv": [63, 66], "uv_size": [1, 1]},
								"south": {"uv": [12, 92], "uv_size": [2, 1]},
								"west": {"uv": [79, 77], "uv_size": [1, 1]},
								"up": {"uv": [92, 12], "uv_size": [2, 1]},
								"down": {"uv": [92, 14], "uv_size": [2, -1]}
							}
						},
						{
							"origin": [-1.5, 23.6, -3.5],
							"size": [3, 0.8, 1.5],
							"inflate": 0.3,
							"pivot": [0, 26, -3],
							"rotation": [-15, 0, 0],
							"uv": {
								"north": {"uv": [92, 6], "uv_size": [3, 1]},
								"east": {"uv": [92, 54], "uv_size": [2, 1]},
								"south": {"uv": [92, 7], "uv_size": [3, 1]},
								"west": {"uv": [55, 92], "uv_size": [2, 1]},
								"up": {"uv": [90, 87], "uv_size": [3, 2]},
								"down": {"uv": [90, 91], "uv_size": [3, -2]}
							}
						},
						{
							"origin": [-1.6, 25, -4.4],
							"size": [3.2, 0.4, 1.2],
							"inflate": 0.3,
							"pivot": [0, 26, -3],
							"rotation": [-15, 0, 0],
							"uv": {
								"north": {"uv": [44, 53], "uv_size": [3, 1]},
								"east": {"uv": [87, 51], "uv_size": [1, 1]},
								"south": {"uv": [40, 61], "uv_size": [3, 1]},
								"west": {"uv": [92, 65], "uv_size": [1, 1]},
								"up": {"uv": [60, 66], "uv_size": [3, 1]},
								"down": {"uv": [91, 86], "uv_size": [3, -1]}
							}
						},
						{
							"origin": [-2.4, 23, -3.8],
							"size": [0.6, 2, 1.2],
							"pivot": [0, 26, -3],
							"rotation": [-15.39099, -3.3322, -8.34109],
							"uv": {
								"north": {"uv": [44, 53], "uv_size": [3, 1]},
								"east": {"uv": [87, 51], "uv_size": [1, 1]},
								"south": {"uv": [40, 61], "uv_size": [3, 1]},
								"west": {"uv": [92, 65], "uv_size": [1, 1]},
								"up": {"uv": [60, 66], "uv_size": [3, 1]},
								"down": {"uv": [91, 86], "uv_size": [3, -1]}
							}
						},
						{
							"origin": [1.6, 23, -3.8],
							"size": [0.6, 2, 1.2],
							"pivot": [0, 26, -3],
							"rotation": [-16.72333, 0.71227, 6.11017],
							"uv": {
								"north": {"uv": [44, 53], "uv_size": [3, 1]},
								"east": {"uv": [87, 51], "uv_size": [1, 1]},
								"south": {"uv": [40, 61], "uv_size": [3, 1]},
								"west": {"uv": [92, 65], "uv_size": [1, 1]},
								"up": {"uv": [60, 66], "uv_size": [3, 1]},
								"down": {"uv": [91, 86], "uv_size": [3, -1]}
							}
						},
						{
							"origin": [-1.3, 22.3, -4.4],
							"size": [2.3, 0.4, 1.6],
							"inflate": 0.3,
							"pivot": [0, 26, -3],
							"rotation": [-6.53185, -1.21699, -0.17563],
							"uv": {
								"north": {"uv": [44, 53], "uv_size": [3, 1]},
								"east": {"uv": [87, 51], "uv_size": [1, 1]},
								"south": {"uv": [40, 61], "uv_size": [3, 1]},
								"west": {"uv": [92, 65], "uv_size": [1, 1]},
								"up": {"uv": [60, 66], "uv_size": [3, 1]},
								"down": {"uv": [91, 86], "uv_size": [3, -1]}
							}
						},
						{
							"origin": [-1.3, 23, -4.7],
							"size": [0.4, 0.4, 0.4],
							"pivot": [0, 25.6, -3],
							"rotation": [-6, 0, 0],
							"uv": {
								"north": {"uv": [93, 64], "uv_size": [1, 1]},
								"east": {"uv": [65, 93], "uv_size": [1, 1]},
								"south": {"uv": [93, 65], "uv_size": [1, 1]},
								"west": {"uv": [66, 93], "uv_size": [1, 1]},
								"up": {"uv": [93, 66], "uv_size": [1, 1]},
								"down": {"uv": [67, 94], "uv_size": [1, -1]}
							}
						},
						{
							"origin": [0.8, 23, -4.7],
							"size": [0.4, 0.4, 0.4],
							"pivot": [0, 25.6, -3],
							"rotation": [-6, 0, 0],
							"uv": {
								"north": {"uv": [93, 67], "uv_size": [1, 1]},
								"east": {"uv": [68, 93], "uv_size": [1, 1]},
								"south": {"uv": [93, 68], "uv_size": [1, 1]},
								"west": {"uv": [69, 93], "uv_size": [1, 1]},
								"up": {"uv": [70, 93], "uv_size": [1, 1]},
								"down": {"uv": [71, 94], "uv_size": [1, -1]}
							}
						},
						{
							"origin": [1.3, 24.6, -4.7],
							"size": [0.4, 0.4, 0.4],
							"pivot": [0, 25.6, -3],
							"rotation": [-6, 0, 0],
							"uv": {
								"north": {"uv": [93, 71], "uv_size": [1, 1]},
								"east": {"uv": [72, 93], "uv_size": [1, 1]},
								"south": {"uv": [93, 72], "uv_size": [1, 1]},
								"west": {"uv": [73, 93], "uv_size": [1, 1]},
								"up": {"uv": [93, 73], "uv_size": [1, 1]},
								"down": {"uv": [74, 94], "uv_size": [1, -1]}
							}
						},
						{
							"origin": [-1.6, 24.6, -4.7],
							"size": [0.4, 0.4, 0.4],
							"pivot": [0, 25.6, -3],
							"rotation": [-6, 0, 0],
							"uv": {
								"north": {"uv": [93, 74], "uv_size": [1, 1]},
								"east": {"uv": [75, 93], "uv_size": [1, 1]},
								"south": {"uv": [93, 75], "uv_size": [1, 1]},
								"west": {"uv": [76, 93], "uv_size": [1, 1]},
								"up": {"uv": [93, 76], "uv_size": [1, 1]},
								"down": {"uv": [77, 94], "uv_size": [1, -1]}
							}
						},
						{
							"origin": [-1.2, 24.8, -4.7],
							"size": [2.7, 0.3, 0.4],
							"pivot": [0, 25.6, -3],
							"rotation": [-6, 0, 0],
							"uv": {
								"north": {"uv": [92, 8], "uv_size": [3, 1]},
								"east": {"uv": [93, 77], "uv_size": [1, 1]},
								"south": {"uv": [9, 92], "uv_size": [3, 1]},
								"west": {"uv": [78, 93], "uv_size": [1, 1]},
								"up": {"uv": [92, 9], "uv_size": [3, 1]},
								"down": {"uv": [92, 11], "uv_size": [3, -1]}
							}
						},
						{
							"origin": [-0.8, 22.9, -4.7],
							"size": [1.5, 0.3, 0.4],
							"pivot": [0, 25.6, -3],
							"rotation": [-6, 0, 0],
							"uv": {
								"north": {"uv": [92, 57], "uv_size": [2, 1]},
								"east": {"uv": [93, 78], "uv_size": [1, 1]},
								"south": {"uv": [92, 58], "uv_size": [2, 1]},
								"west": {"uv": [79, 93], "uv_size": [1, 1]},
								"up": {"uv": [92, 59], "uv_size": [2, 1]},
								"down": {"uv": [92, 61], "uv_size": [2, -1]}
							}
						},
						{
							"origin": [-1, 30.2, 1.1],
							"size": [2, 4, 6],
							"inflate": 0.3,
							"pivot": [0, 32.5, 0],
							"rotation": [10, 0, 0],
							"uv": {
								"north": {"uv": [40, 18], "uv_size": [2, 4]},
								"east": {"uv": [78, 67], "uv_size": [6, 4]},
								"south": {"uv": [52, 80], "uv_size": [2, 4]},
								"west": {"uv": [74, 78], "uv_size": [6, 4]},
								"up": {"uv": [23, 89], "uv_size": [2, 6]},
								"down": {"uv": [25, 95], "uv_size": [2, -6]}
							}
						},
						{
							"origin": [-4, 29.2, -5],
							"size": [8, 2, 6],
							"inflate": 0.3,
							"pivot": [0, 32.5, 0],
							"rotation": [46, 0, 0],
							"uv": {
								"north": {"uv": [88, 32], "uv_size": [8, 2]},
								"east": {"uv": [88, 69], "uv_size": [6, 2]},
								"south": {"uv": [88, 55], "uv_size": [8, 2]},
								"west": {"uv": [35, 89], "uv_size": [6, 2]},
								"up": {"uv": [40, 62], "uv_size": [8, 6]},
								"down": {"uv": [48, 68], "uv_size": [8, -6]}
							}
						},
						{
							"origin": [-4, 30.2, -5],
							"size": [8, 1, 6],
							"inflate": 0.3,
							"pivot": [0, 32.5, 0],
							"rotation": [63.5, 0, 0],
							"uv": {
								"north": {"uv": [70, 30], "uv_size": [8, 1]},
								"east": {"uv": [78, 30], "uv_size": [6, 1]},
								"south": {"uv": [79, 23], "uv_size": [8, 1]},
								"west": {"uv": [88, 34], "uv_size": [6, 1]},
								"up": {"uv": [63, 0], "uv_size": [8, 6]},
								"down": {"uv": [63, 12], "uv_size": [8, -6]}
							}
						},
						{
							"origin": [-2, 28.6, -0.4],
							"size": [4, 5, 7],
							"inflate": 0.3,
							"pivot": [0, 29.4, 0],
							"rotation": [6, 0, 0],
							"uv": {
								"north": {"uv": [83, 47], "uv_size": [4, 5]},
								"east": {"uv": [40, 68], "uv_size": [7, 5]},
								"south": {"uv": [78, 83], "uv_size": [4, 5]},
								"west": {"uv": [47, 68], "uv_size": [7, 5]},
								"up": {"uv": [4, 72], "uv_size": [4, 7]},
								"down": {"uv": [8, 79], "uv_size": [4, -7]}
							}
						},
						{
							"origin": [-3, 27, -1.7],
							"size": [6, 6, 7],
							"inflate": 0.3,
							"uv": {
								"north": {"uv": [65, 35], "uv_size": [6, 6]},
								"east": {"uv": [64, 12], "uv_size": [7, 6]},
								"south": {"uv": [65, 41], "uv_size": [6, 6]},
								"west": {"uv": [64, 18], "uv_size": [7, 6]},
								"up": {"uv": [64, 24], "uv_size": [6, 7]},
								"down": {"uv": [64, 61], "uv_size": [6, -7]}
							}
						}
					]
				},
				{
					"name": "bone",
					"parent": "Head",
					"pivot": [0, 0, 1],
					"cubes": [
						{
							"origin": [1.7, 25.9, -4.4],
							"size": [1.3, 0.6, 0.3],
							"pivot": [0.7, 26.4, -0.2],
							"rotation": [0, 0, -1.5],
							"uv": {
								"north": {"uv": [90, 92], "uv_size": [1, 1]},
								"east": {"uv": [91, 92], "uv_size": [1, 1]},
								"south": {"uv": [92, 91], "uv_size": [1, 1]},
								"west": {"uv": [92, 92], "uv_size": [1, 1]},
								"up": {"uv": [0, 93], "uv_size": [1, 1]},
								"down": {"uv": [93, 1], "uv_size": [1, -1]}
							}
						},
						{
							"origin": [2.5, 25.2, -4.4],
							"size": [1.6, 0.6, 0.3],
							"pivot": [0.7, 26.5, -0.2],
							"rotation": [0, 0, -26.5],
							"uv": {
								"north": {"uv": [1, 93], "uv_size": [1, 1]},
								"east": {"uv": [93, 1], "uv_size": [1, 1]},
								"south": {"uv": [2, 93], "uv_size": [1, 1]},
								"west": {"uv": [93, 2], "uv_size": [1, 1]},
								"up": {"uv": [3, 93], "uv_size": [1, 1]},
								"down": {"uv": [4, 94], "uv_size": [1, -1]}
							}
						},
						{
							"origin": [-1.8, 29.3, -4.4],
							"size": [2.2, 0.4, 0.3],
							"pivot": [0.7, 26.4, -0.2],
							"rotation": [0, 0, 95.5],
							"uv": {
								"north": {"uv": [92, 15], "uv_size": [2, 1]},
								"east": {"uv": [5, 93], "uv_size": [1, 1]},
								"south": {"uv": [92, 16], "uv_size": [2, 1]},
								"west": {"uv": [6, 93], "uv_size": [1, 1]},
								"up": {"uv": [92, 17], "uv_size": [2, 1]},
								"down": {"uv": [92, 19], "uv_size": [2, -1]}
							}
						},
						{
							"origin": [4.04556, 24.72987, -4.7],
							"size": [0.5, 1.5, 0.9],
							"pivot": [0.7, 26.4, -0.2],
							"rotation": [0, 0, -57.5],
							"uv": {
								"north": {"uv": [7, 93], "uv_size": [1, 1]},
								"east": {"uv": [8, 93], "uv_size": [1, 1]},
								"south": {"uv": [9, 93], "uv_size": [1, 1]},
								"west": {"uv": [10, 93], "uv_size": [1, 1]},
								"up": {"uv": [11, 93], "uv_size": [1, 1]},
								"down": {"uv": [12, 94], "uv_size": [1, -1]}
							}
						},
						{
							"origin": [3.1988, 27.16055, -4.7],
							"size": [1.1, 0.6, 0.3],
							"pivot": [0.7, 26.4, -0.5],
							"rotation": [0, 0, -33.5],
							"uv": {
								"north": {"uv": [92, 66], "uv_size": [1, 1]},
								"east": {"uv": [92, 67], "uv_size": [1, 1]},
								"south": {"uv": [92, 68], "uv_size": [1, 1]},
								"west": {"uv": [70, 92], "uv_size": [1, 1]},
								"up": {"uv": [71, 92], "uv_size": [1, 1]},
								"down": {"uv": [72, 93], "uv_size": [1, -1]}
							}
						},
						{
							"origin": [0.84864, 27.45688, -4.7],
							"size": [2.2, 0.6, 0.3],
							"pivot": [0.7, 26.4, -0.5],
							"rotation": [0, 0, -25.5],
							"uv": {
								"north": {"uv": [48, 79], "uv_size": [2, 1]},
								"east": {"uv": [43, 61], "uv_size": [1, 1]},
								"south": {"uv": [78, 82], "uv_size": [2, 1]},
								"west": {"uv": [64, 35], "uv_size": [1, 1]},
								"up": {"uv": [52, 84], "uv_size": [2, 1]},
								"down": {"uv": [70, 88], "uv_size": [2, -1]}
							}
						},
						{
							"origin": [0.58266, 26.4565, -4.4],
							"size": [1.1, 0.6, 0.3],
							"pivot": [0.7, 26.5, -0.2],
							"rotation": [-1.27759, -1.46042, 34.01822],
							"uv": {
								"north": {"uv": [92, 84], "uv_size": [1, 1]},
								"east": {"uv": [85, 92], "uv_size": [1, 1]},
								"south": {"uv": [86, 92], "uv_size": [1, 1]},
								"west": {"uv": [87, 92], "uv_size": [1, 1]},
								"up": {"uv": [88, 92], "uv_size": [1, 1]},
								"down": {"uv": [89, 93], "uv_size": [1, -1]}
							}
						},
						{
							"origin": [-0.57289, 26.2067, -4.7],
							"size": [1.3, 0.6, 0.3],
							"pivot": [0.7, 26.4, -0.5],
							"rotation": [0, 0, 79.5],
							"uv": {
								"north": {"uv": [73, 92], "uv_size": [1, 1]},
								"east": {"uv": [92, 81], "uv_size": [1, 1]},
								"south": {"uv": [92, 82], "uv_size": [1, 1]},
								"west": {"uv": [83, 92], "uv_size": [1, 1]},
								"up": {"uv": [92, 83], "uv_size": [1, 1]},
								"down": {"uv": [84, 93], "uv_size": [1, -1]}
							}
						},
						{
							"origin": [1.04556, 24.92987, -4.3],
							"size": [3, 1.3, 0.1],
							"pivot": [0.7, 26.4, -0.2],
							"rotation": [0, 0, -57.5],
							"uv": {
								"north": {"uv": [86, 91], "uv_size": [3, 1]},
								"east": {"uv": [13, 93], "uv_size": [1, 1]},
								"south": {"uv": [91, 86], "uv_size": [3, 1]},
								"west": {"uv": [14, 93], "uv_size": [1, 1]},
								"up": {"uv": [89, 91], "uv_size": [3, 1]},
								"down": {"uv": [0, 93], "uv_size": [3, -1]}
							}
						},
						{
							"origin": [2.04275, 24.95801, -4.3],
							"size": [1.8, 1.3, 0.1],
							"pivot": [0.7, 26.4, -0.2],
							"rotation": [0, 0, -40.5],
							"uv": {
								"north": {"uv": [92, 19], "uv_size": [2, 1]},
								"east": {"uv": [15, 93], "uv_size": [1, 1]},
								"south": {"uv": [92, 24], "uv_size": [2, 1]},
								"west": {"uv": [17, 93], "uv_size": [1, 1]},
								"up": {"uv": [92, 25], "uv_size": [2, 1]},
								"down": {"uv": [92, 27], "uv_size": [2, -1]}
							}
						},
						{
							"origin": [1.11161, 26.54955, -4.3],
							"size": [3.2, 1.1, 0.1],
							"pivot": [0.7, 26.4, -0.2],
							"rotation": [0, 0, -19.5],
							"uv": {
								"north": {"uv": [27, 92], "uv_size": [2, 1]},
								"east": {"uv": [18, 93], "uv_size": [1, 1]},
								"south": {"uv": [92, 27], "uv_size": [2, 1]},
								"west": {"uv": [19, 93], "uv_size": [1, 1]},
								"up": {"uv": [92, 28], "uv_size": [2, 1]},
								"down": {"uv": [29, 93], "uv_size": [2, -1]}
							}
						}
					]
				},
				{
					"name": "bone2",
					"parent": "Head",
					"pivot": [-1.1, 27, -4.4],
					"rotation": [0, 180, 0],
					"cubes": [
						{
							"origin": [-0.70262, 26.10003, -4.8],
							"size": [1.6, 0.6, 0.3],
							"pivot": [-1.4, 26.7, -0.6],
							"rotation": [0, 0, -1.5],
							"uv": {
								"north": {"uv": [92, 29], "uv_size": [2, 1]},
								"east": {"uv": [20, 93], "uv_size": [1, 1]},
								"south": {"uv": [92, 30], "uv_size": [2, 1]},
								"west": {"uv": [21, 93], "uv_size": [1, 1]},
								"up": {"uv": [31, 92], "uv_size": [2, 1]},
								"down": {"uv": [92, 32], "uv_size": [2, -1]}
							}
						},
						{
							"origin": [0.4, 25.3, -4.8],
							"size": [1.4, 0.6, 0.3],
							"pivot": [-1.4, 26.7, -0.6],
							"rotation": [0, 0, -26.5],
							"uv": {
								"north": {"uv": [22, 93], "uv_size": [1, 1]},
								"east": {"uv": [27, 93], "uv_size": [1, 1]},
								"south": {"uv": [28, 93], "uv_size": [1, 1]},
								"west": {"uv": [29, 93], "uv_size": [1, 1]},
								"up": {"uv": [30, 93], "uv_size": [1, 1]},
								"down": {"uv": [31, 94], "uv_size": [1, -1]}
							}
						},
						{
							"origin": [-3.60138, 29.52875, -4.8],
							"size": [2.2, 0.4, 0.3],
							"pivot": [-1.4, 26.7, -0.6],
							"rotation": [0, 0, 95.5],
							"uv": {
								"north": {"uv": [33, 92], "uv_size": [2, 1]},
								"east": {"uv": [32, 93], "uv_size": [1, 1]},
								"south": {"uv": [35, 92], "uv_size": [2, 1]},
								"west": {"uv": [33, 93], "uv_size": [1, 1]},
								"up": {"uv": [37, 92], "uv_size": [2, 1]},
								"down": {"uv": [39, 93], "uv_size": [2, -1]}
							}
						},
						{
							"origin": [1.69254, 24.76868, -5.1],
							"size": [0.5, 1.6, 0.9],
							"pivot": [-1.4, 26.7, -0.6],
							"rotation": [0, 0, -57.5],
							"uv": {
								"north": {"uv": [16, 92], "uv_size": [1, 2]},
								"east": {"uv": [41, 92], "uv_size": [1, 2]},
								"south": {"uv": [92, 41], "uv_size": [1, 2]},
								"west": {"uv": [42, 92], "uv_size": [1, 2]},
								"up": {"uv": [34, 93], "uv_size": [1, 1]},
								"down": {"uv": [35, 94], "uv_size": [1, -1]}
							}
						},
						{
							"origin": [0.93322, 27.21039, -4.5],
							"size": [1.1, 0.6, 0.3],
							"pivot": [-1.4, 26.7, -0.6],
							"rotation": [0, 0, -33.5],
							"uv": {
								"north": {"uv": [36, 93], "uv_size": [1, 1]},
								"east": {"uv": [37, 93], "uv_size": [1, 1]},
								"south": {"uv": [38, 93], "uv_size": [1, 1]},
								"west": {"uv": [39, 93], "uv_size": [1, 1]},
								"up": {"uv": [40, 93], "uv_size": [1, 1]},
								"down": {"uv": [93, 42], "uv_size": [1, -1]}
							}
						},
						{
							"origin": [-1.38052, 27.4861, -4.5],
							"size": [2.2, 0.6, 0.3],
							"pivot": [-1.4, 26.7, -0.6],
							"rotation": [0, 0, -25.5],
							"uv": {
								"north": {"uv": [43, 92], "uv_size": [2, 1]},
								"east": {"uv": [93, 42], "uv_size": [1, 1]},
								"south": {"uv": [92, 43], "uv_size": [2, 1]},
								"west": {"uv": [43, 93], "uv_size": [1, 1]},
								"up": {"uv": [92, 44], "uv_size": [2, 1]},
								"down": {"uv": [92, 46], "uv_size": [2, -1]}
							}
						},
						{
							"origin": [-1.51734, 26.7565, -4.8],
							"size": [1, 0.5, 0.3],
							"pivot": [-1.4, 26.7, -0.6],
							"rotation": [0, 0, 37.5],
							"uv": {
								"north": {"uv": [44, 93], "uv_size": [1, 1]},
								"east": {"uv": [46, 93], "uv_size": [1, 1]},
								"south": {"uv": [47, 93], "uv_size": [1, 1]},
								"west": {"uv": [48, 93], "uv_size": [1, 1]},
								"up": {"uv": [49, 93], "uv_size": [1, 1]},
								"down": {"uv": [93, 50], "uv_size": [1, -1]}
							}
						},
						{
							"origin": [-2.37792, 26.45203, -4.8],
							"size": [1.3, 0.6, 0.3],
							"pivot": [-1.4, 26.7, -0.6],
							"rotation": [0, 0, 79.5],
							"uv": {
								"north": {"uv": [93, 50], "uv_size": [1, 1]},
								"east": {"uv": [51, 93], "uv_size": [1, 1]},
								"south": {"uv": [52, 93], "uv_size": [1, 1]},
								"west": {"uv": [53, 93], "uv_size": [1, 1]},
								"up": {"uv": [54, 93], "uv_size": [1, 1]},
								"down": {"uv": [55, 94], "uv_size": [1, -1]}
							}
						},
						{
							"origin": [-0.50746, 24.66868, -4.7],
							"size": [2.2, 1.7, 0.1],
							"pivot": [-1.4, 26.7, -0.6],
							"rotation": [0, 0, -57.5],
							"uv": {
								"north": {"uv": [3, 92], "uv_size": [3, 1]},
								"east": {"uv": [56, 93], "uv_size": [1, 1]},
								"south": {"uv": [92, 4], "uv_size": [3, 1]},
								"west": {"uv": [57, 93], "uv_size": [1, 1]},
								"up": {"uv": [92, 5], "uv_size": [3, 1]},
								"down": {"uv": [6, 93], "uv_size": [3, -1]}
							}
						},
						{
							"origin": [-1.30746, 25.46868, -4.7],
							"size": [1, 0.9, 0.1],
							"pivot": [-1.4, 26.7, -0.6],
							"rotation": [0, 0, -57.5],
							"uv": {
								"north": {"uv": [3, 92], "uv_size": [3, 1]},
								"east": {"uv": [56, 93], "uv_size": [1, 1]},
								"south": {"uv": [92, 4], "uv_size": [3, 1]},
								"west": {"uv": [57, 93], "uv_size": [1, 1]},
								"up": {"uv": [92, 5], "uv_size": [3, 1]},
								"down": {"uv": [6, 93], "uv_size": [3, -1]}
							}
						},
						{
							"origin": [-0.05725, 25.25801, -4.7],
							"size": [1.8, 1.3, 0.1],
							"pivot": [-1.4, 26.7, -0.6],
							"rotation": [0, 0, -40.5],
							"uv": {
								"north": {"uv": [92, 46], "uv_size": [2, 1]},
								"east": {"uv": [58, 93], "uv_size": [1, 1]},
								"south": {"uv": [92, 47], "uv_size": [2, 1]},
								"west": {"uv": [59, 93], "uv_size": [1, 1]},
								"up": {"uv": [92, 48], "uv_size": [2, 1]},
								"down": {"uv": [51, 93], "uv_size": [2, -1]}
							}
						},
						{
							"origin": [-1.08853, 26.56676, -4.7],
							"size": [1.6, 1.1, 0.1],
							"pivot": [-1.4, 26.7, -0.6],
							"rotation": [0, 0, -19.5],
							"uv": {
								"north": {"uv": [92, 51], "uv_size": [2, 1]},
								"east": {"uv": [60, 93], "uv_size": [1, 1]},
								"south": {"uv": [92, 52], "uv_size": [2, 1]},
								"west": {"uv": [61, 93], "uv_size": [1, 1]},
								"up": {"uv": [53, 92], "uv_size": [2, 1]},
								"down": {"uv": [92, 54], "uv_size": [2, -1]}
							}
						}
					]
				},
				{
					"name": "RightArm",
					"parent": "Body",
					"pivot": [-5, 22, 0],
					"cubes": [
						{
							"origin": [-8, 12, -2],
							"size": [4, 12, 4],
							"inflate": 0.15,
							"uv": {
								"north": {"uv": [24, 58], "uv_size": [4, 12]},
								"east": {"uv": [28, 58], "uv_size": [4, 12]},
								"south": {"uv": [32, 58], "uv_size": [4, 12]},
								"west": {"uv": [59, 0], "uv_size": [4, 12]},
								"up": {"uv": [86, 87], "uv_size": [4, 4]},
								"down": {"uv": [88, 8], "uv_size": [4, -4]}
							}
						},
						{
							"origin": [-8, 19, -2],
							"size": [4, 5, 4],
							"inflate": 0.25,
							"pivot": [-4, 24, 0],
							"rotation": [0, 0, 4],
							"uv": {
								"north": {"uv": [82, 83], "uv_size": [4, 5]},
								"east": {"uv": [0, 84], "uv_size": [4, 5]},
								"south": {"uv": [84, 30], "uv_size": [4, 5]},
								"west": {"uv": [36, 84], "uv_size": [4, 5]},
								"up": {"uv": [88, 8], "uv_size": [4, 4]},
								"down": {"uv": [88, 16], "uv_size": [4, -4]}
							}
						}
					]
				},
				{
					"name": "LeftArm",
					"parent": "Body",
					"pivot": [5, 22, 0],
					"cubes": [
						{
							"origin": [4, 12, -2],
							"size": [4, 12, 4],
							"inflate": 0.15,
							"uv": {
								"north": {"uv": [60, 12], "uv_size": [4, 12]},
								"east": {"uv": [60, 24], "uv_size": [4, 12]},
								"south": {"uv": [60, 54], "uv_size": [4, 12]},
								"west": {"uv": [36, 61], "uv_size": [4, 12]},
								"up": {"uv": [88, 16], "uv_size": [4, 4]},
								"down": {"uv": [88, 28], "uv_size": [4, -4]}
							}
						},
						{
							"origin": [4, 19, -2],
							"size": [4, 5, 4],
							"inflate": 0.25,
							"pivot": [4, 24, 0],
							"rotation": [-0.18246, 0.7704, -3.08033],
							"uv": {
								"north": {"uv": [40, 84], "uv_size": [4, 5]},
								"east": {"uv": [44, 84], "uv_size": [4, 5]},
								"south": {"uv": [84, 61], "uv_size": [4, 5]},
								"west": {"uv": [84, 66], "uv_size": [4, 5]},
								"up": {"uv": [88, 28], "uv_size": [4, 4]},
								"down": {"uv": [88, 55], "uv_size": [4, -4]}
							}
						}
					]
				},
				{
					"name": "root2",
					"pivot": [0, 0, 0],
					"cubes": [
						{
							"origin": [-10, -1, -5],
							"size": [20, 2, 14.2],
							"uv": {
								"north": {"uv": [64, 31], "uv_size": [20, 2]},
								"east": {"uv": [36, 73], "uv_size": [14, 2]},
								"south": {"uv": [64, 33], "uv_size": [20, 2]},
								"west": {"uv": [36, 75], "uv_size": [14, 2]},
								"up": {"uv": [0, 0], "uv_size": [20, 14]},
								"down": {"uv": [0, 28], "uv_size": [20, -14]}
							}
						},
						{
							"origin": [-10, -2.8, -2],
							"size": [20, 2, 11],
							"uv": {
								"north": {"uv": [64, 61], "uv_size": [20, 2]},
								"east": {"uv": [79, 71], "uv_size": [11, 2]},
								"south": {"uv": [64, 63], "uv_size": [20, 2]},
								"west": {"uv": [79, 73], "uv_size": [11, 2]},
								"up": {"uv": [20, 0], "uv_size": [20, 11]},
								"down": {"uv": [20, 22], "uv_size": [20, -11]}
							}
						},
						{
							"origin": [-9, 0, -8],
							"size": [2, 2, 17.8],
							"pivot": [0, 0, -1],
							"rotation": [0, 4, 0],
							"uv": {
								"north": {"uv": [48, 77], "uv_size": [2, 2]},
								"east": {"uv": [65, 47], "uv_size": [18, 2]},
								"south": {"uv": [82, 65], "uv_size": [2, 2]},
								"west": {"uv": [65, 49], "uv_size": [18, 2]},
								"up": {"uv": [56, 62], "uv_size": [2, 18]},
								"down": {"uv": [58, 80], "uv_size": [2, -18]}
							}
						},
						{
							"origin": [-5.6, 0, -5.5],
							"size": [10.5, 2, 17.7],
							"uv": {
								"north": {"uv": [79, 75], "uv_size": [11, 2]},
								"east": {"uv": [70, 57], "uv_size": [18, 2]},
								"south": {"uv": [80, 77], "uv_size": [11, 2]},
								"west": {"uv": [70, 59], "uv_size": [18, 2]},
								"up": {"uv": [20, 22], "uv_size": [11, 18]},
								"down": {"uv": [0, 46], "uv_size": [11, -18]}
							}
						},
						{
							"origin": [-5.6, -3.5, -5.5],
							"size": [10.5, 2, 17.7],
							"pivot": [0, 0, -1],
							"rotation": [19, 0, 0],
							"uv": {
								"north": {"uv": [80, 79], "uv_size": [11, 2]},
								"east": {"uv": [71, 0], "uv_size": [18, 2]},
								"south": {"uv": [80, 81], "uv_size": [11, 2]},
								"west": {"uv": [71, 2], "uv_size": [18, 2]},
								"up": {"uv": [31, 22], "uv_size": [11, 18]},
								"down": {"uv": [40, 18], "uv_size": [11, -18]}
							}
						},
						{
							"origin": [7, 0, -8],
							"size": [2, 2, 17.8],
							"pivot": [0, 0, -1],
							"rotation": [0, -4, 0],
							"uv": {
								"north": {"uv": [20, 85], "uv_size": [2, 2]},
								"east": {"uv": [65, 51], "uv_size": [18, 2]},
								"south": {"uv": [58, 85], "uv_size": [2, 2]},
								"west": {"uv": [64, 65], "uv_size": [18, 2]},
								"up": {"uv": [0, 66], "uv_size": [2, 18]},
								"down": {"uv": [2, 84], "uv_size": [2, -18]}
							}
						},
						{
							"origin": [-1, -2, -9],
							"size": [2, 2, 13],
							"uv": {
								"north": {"uv": [46, 91], "uv_size": [2, 2]},
								"east": {"uv": [78, 43], "uv_size": [13, 2]},
								"south": {"uv": [48, 91], "uv_size": [2, 2]},
								"west": {"uv": [78, 45], "uv_size": [13, 2]},
								"up": {"uv": [20, 72], "uv_size": [2, 13]},
								"down": {"uv": [72, 88], "uv_size": [2, -13]}
							}
						},
						{
							"origin": [-4, -2.1, -8],
							"size": [8, 3.1, 3],
							"uv": {
								"north": {"uv": [0, 46], "uv_size": [8, 3]},
								"east": {"uv": [90, 71], "uv_size": [3, 3]},
								"south": {"uv": [4, 79], "uv_size": [8, 3]},
								"west": {"uv": [90, 74], "uv_size": [3, 3]},
								"up": {"uv": [12, 79], "uv_size": [8, 3]},
								"down": {"uv": [79, 23], "uv_size": [8, -3]}
							}
						},
						{
							"origin": [8, 0, -2],
							"size": [18, 2, 9],
							"pivot": [0, 0, 0],
							"rotation": [3.13388, 17.22575, 10.47479],
							"uv": {
								"north": {"uv": [60, 67], "uv_size": [18, 2]},
								"east": {"uv": [51, 16], "uv_size": [9, 2]},
								"south": {"uv": [60, 69], "uv_size": [18, 2]},
								"west": {"uv": [4, 87], "uv_size": [9, 2]},
								"up": {"uv": [11, 40], "uv_size": [18, 9]},
								"down": {"uv": [29, 49], "uv_size": [18, -9]}
							}
						},
						{
							"origin": [8, -3.5, 1],
							"size": [18, 2, 9],
							"pivot": [0, 1.2, 3],
							"rotation": [0.63045, 17.48899, 2.09697],
							"uv": {
								"north": {"uv": [70, 53], "uv_size": [18, 2]},
								"east": {"uv": [87, 35], "uv_size": [9, 2]},
								"south": {"uv": [70, 55], "uv_size": [18, 2]},
								"west": {"uv": [87, 37], "uv_size": [9, 2]},
								"up": {"uv": [0, 49], "uv_size": [18, 9]},
								"down": {"uv": [18, 58], "uv_size": [18, -9]}
							}
						},
						{
							"origin": [25, 1, -5],
							"size": [2, 2, 17.3],
							"pivot": [0, 0, 0],
							"rotation": [3.13388, 17.22575, 10.47479],
							"uv": {
								"north": {"uv": [91, 49], "uv_size": [2, 2]},
								"east": {"uv": [71, 4], "uv_size": [17, 2]},
								"south": {"uv": [58, 91], "uv_size": [2, 2]},
								"west": {"uv": [71, 6], "uv_size": [17, 2]},
								"up": {"uv": [54, 68], "uv_size": [2, 17]},
								"down": {"uv": [22, 87], "uv_size": [2, -17]}
							}
						},
						{
							"origin": [19.5, 1, -4],
							"size": [2, 2, 16.3],
							"pivot": [0, 0, 0],
							"rotation": [3.13388, 17.22575, 10.47479],
							"uv": {
								"north": {"uv": [60, 91], "uv_size": [2, 2]},
								"east": {"uv": [71, 35], "uv_size": [16, 2]},
								"south": {"uv": [62, 91], "uv_size": [2, 2]},
								"west": {"uv": [71, 37], "uv_size": [16, 2]},
								"up": {"uv": [60, 71], "uv_size": [2, 16]},
								"down": {"uv": [62, 87], "uv_size": [2, -16]}
							}
						},
						{
							"origin": [14.1, 1.7, -4],
							"size": [2, 2, 16.3],
							"pivot": [0, 0, 0],
							"rotation": [3.13388, 17.22575, 10.47479],
							"uv": {
								"north": {"uv": [78, 91], "uv_size": [2, 2]},
								"east": {"uv": [71, 39], "uv_size": [16, 2]},
								"south": {"uv": [91, 79], "uv_size": [2, 2]},
								"west": {"uv": [71, 41], "uv_size": [16, 2]},
								"up": {"uv": [64, 71], "uv_size": [2, 16]},
								"down": {"uv": [66, 87], "uv_size": [2, -16]}
							}
						},
						{
							"origin": [-26, 0, -2],
							"size": [18, 2, 9],
							"pivot": [0, 0, 0],
							"rotation": [3.13388, -17.22575, -10.47479],
							"uv": {
								"north": {"uv": [4, 70], "uv_size": [18, 2]},
								"east": {"uv": [13, 87], "uv_size": [9, 2]},
								"south": {"uv": [70, 24], "uv_size": [18, 2]},
								"west": {"uv": [87, 20], "uv_size": [9, 2]},
								"up": {"uv": [42, 18], "uv_size": [18, 9]},
								"down": {"uv": [42, 36], "uv_size": [18, -9]}
							}
						},
						{
							"origin": [-26, -2.6, 1],
							"size": [18, 2, 9],
							"pivot": [0, 1.2, 3],
							"rotation": [1.88766, -17.40106, -6.28889],
							"uv": {
								"north": {"uv": [70, 26], "uv_size": [18, 2]},
								"east": {"uv": [22, 87], "uv_size": [9, 2]},
								"south": {"uv": [70, 28], "uv_size": [18, 2]},
								"west": {"uv": [87, 22], "uv_size": [9, 2]},
								"up": {"uv": [47, 36], "uv_size": [18, 9]},
								"down": {"uv": [47, 54], "uv_size": [18, -9]}
							}
						},
						{
							"origin": [-27, 1, -5],
							"size": [2, 2, 17.3],
							"pivot": [0, 0, 0],
							"rotation": [3.13388, -17.22575, -10.47479],
							"uv": {
								"north": {"uv": [64, 91], "uv_size": [2, 2]},
								"east": {"uv": [71, 8], "uv_size": [17, 2]},
								"south": {"uv": [66, 91], "uv_size": [2, 2]},
								"west": {"uv": [71, 10], "uv_size": [17, 2]},
								"up": {"uv": [24, 70], "uv_size": [2, 17]},
								"down": {"uv": [26, 87], "uv_size": [2, -17]}
							}
						},
						{
							"origin": [-21, 1, -5],
							"size": [2, 2, 17.3],
							"pivot": [0, 0, 0],
							"rotation": [3.13388, -17.22575, -10.47479],
							"uv": {
								"north": {"uv": [68, 91], "uv_size": [2, 2]},
								"east": {"uv": [71, 12], "uv_size": [17, 2]},
								"south": {"uv": [74, 91], "uv_size": [2, 2]},
								"west": {"uv": [71, 14], "uv_size": [17, 2]},
								"up": {"uv": [28, 70], "uv_size": [2, 17]},
								"down": {"uv": [30, 87], "uv_size": [2, -17]}
							}
						},
						{
							"origin": [-14.9, 2.1, -5],
							"size": [2, 2, 17.3],
							"pivot": [0, 0, 0],
							"rotation": [3.13388, -17.22575, -10.47479],
							"uv": {
								"north": {"uv": [76, 91], "uv_size": [2, 2]},
								"east": {"uv": [71, 16], "uv_size": [17, 2]},
								"south": {"uv": [91, 77], "uv_size": [2, 2]},
								"west": {"uv": [71, 18], "uv_size": [17, 2]},
								"up": {"uv": [32, 70], "uv_size": [2, 17]},
								"down": {"uv": [34, 87], "uv_size": [2, -17]}
							}
						}
					]
				}
			]
		}
	]
}