{
	"format_version": "1.12.0",
	"minecraft:geometry": [
		{
			"description": {
				"identifier": "geometry.ipak",
				"texture_width": 16,
				"texture_height": 16,
				"visible_bounds_width": 3,
				"visible_bounds_height": 3.5,
				"visible_bounds_offset": [0, 1.25, 0]
			},
			"bones": [
				{
					"name": "root",
					"pivot": [0, 0, 0]
				},
				{
					"name": "waist",
					"parent": "root",
					"pivot": [0, 0, 0]
				},
				{
					"name": "Body",
					"parent": "waist",
					"pivot": [0, 24, 0]
				},
				{
					"name": "RightArm",
					"parent": "Body",
					"pivot": [-5, 22, 0]
				},
				{
					"name": "ipak",
					"parent": "RightArm",
					"pivot": [-6, 21, 0],
					"cubes": [
						{
							"origin": [-6.5, 12, -0.4],
							"size": [0.6, 9, 0.8],
							"uv": {
								"north": {"uv": [0, 0], "uv_size": [1, 9]},
								"east": {"uv": [1, 0], "uv_size": [1, 9]},
								"south": {"uv": [2, 0], "uv_size": [1, 9]},
								"west": {"uv": [3, 0], "uv_size": [1, 9]},
								"up": {"uv": [8, 0], "uv_size": [1, 1]},
								"down": {"uv": [8, 2], "uv_size": [1, -1]}
							}
						}
					]
				},
				{
					"name": "LeftArm",
					"parent": "Body",
					"pivot": [5, 22, 0]
				},
				{
					"name": "ipak2",
					"parent": "LeftArm",
					"pivot": [6, 21, 0],
					"cubes": [
						{
							"origin": [5.5, 12, -0.4],
							"size": [0.6, 9, 0.8],
							"uv": {
								"north": {"uv": [4, 0], "uv_size": [1, 9]},
								"east": {"uv": [5, 0], "uv_size": [1, 9]},
								"south": {"uv": [6, 0], "uv_size": [1, 9]},
								"west": {"uv": [7, 0], "uv_size": [1, 9]},
								"up": {"uv": [8, 2], "uv_size": [1, 1]},
								"down": {"uv": [8, 4], "uv_size": [1, -1]}
							}
						}
					]
				}
			]
		}
	]
}