{
	"format_version": "1.12.0",
	"minecraft:geometry": [
		{
			"description": {
				"identifier": "geometry.starkk",
				"texture_width": 64,
				"texture_height": 64,
				"visible_bounds_width": 3,
				"visible_bounds_height": 3.5,
				"visible_bounds_offset": [0, 1.25, 0]
			},
			"bones": [
				{
					"name": "root",
					"pivot": [0, 0, 0]
				},
				{
					"name": "RightLeg",
					"parent": "root",
					"pivot": [-1.9, 12, 0],
					"cubes": [
						{
							"origin": [-3.9, 0, -2],
							"size": [4, 12, 4],
							"inflate": 0.15,
							"uv": {
								"north": {"uv": [4, 20], "uv_size": [4, 12]},
								"east": {"uv": [0, 20], "uv_size": [4, 12]},
								"south": {"uv": [12, 20], "uv_size": [4, 12]},
								"west": {"uv": [8, 20], "uv_size": [4, 12]},
								"up": {"uv": [4, 16], "uv_size": [4, 4]},
								"down": {"uv": [8, 20], "uv_size": [4, -4]}
							}
						}
					]
				},
				{
					"name": "LeftLeg",
					"parent": "root",
					"pivot": [1.9, 12, 0],
					"cubes": [
						{
							"origin": [-0.1, 0, -2],
							"size": [4, 12, 4],
							"inflate": 0.15,
							"uv": {
								"north": {"uv": [8, 20], "uv_size": [-4, 12]},
								"east": {"uv": [12, 20], "uv_size": [-4, 12]},
								"south": {"uv": [16, 20], "uv_size": [-4, 12]},
								"west": {"uv": [4, 20], "uv_size": [-4, 12]},
								"up": {"uv": [8, 16], "uv_size": [-4, 4]},
								"down": {"uv": [12, 20], "uv_size": [-4, -4]}
							}
						}
					]
				},
				{
					"name": "waist",
					"parent": "root",
					"pivot": [0, 0, 0]
				},
				{
					"name": "Body",
					"parent": "waist",
					"pivot": [0, 24, 0],
					"cubes": [
						{
							"origin": [-4, 12, -2],
							"size": [8, 12, 4],
							"inflate": 0.15,
							"uv": {
								"north": {"uv": [20, 20], "uv_size": [8, 12]},
								"east": {"uv": [16, 20], "uv_size": [4, 12]},
								"south": {"uv": [32, 20], "uv_size": [8, 12]},
								"west": {"uv": [28, 20], "uv_size": [4, 12]},
								"up": {"uv": [20, 16], "uv_size": [8, 4]},
								"down": {"uv": [28, 20], "uv_size": [8, -4]}
							}
						},
						{
							"origin": [-3.1, 14.1, -2.3],
							"size": [2.5, 0.5, 4.6],
							"pivot": [-2.3341, 11.41343, 0],
							"rotation": [-180, 0, 180],
							"uv": {
								"north": {"uv": [11, 36], "uv_size": [4, 1]},
								"east": {"uv": [10, 36], "uv_size": [1, 1]},
								"south": {"uv": [16, 36], "uv_size": [4, 1]},
								"west": {"uv": [15, 36], "uv_size": [1, 1]},
								"up": {"uv": [11, 35], "uv_size": [4, 1]},
								"down": {"uv": [15, 36], "uv_size": [4, -1]}
							}
						},
						{
							"origin": [-8.7, 22.1, -2.3],
							"size": [8.1, 0.5, 2.6],
							"pivot": [-2.3341, 19.41343, 0],
							"rotation": [-180, 0, 180],
							"uv": {
								"north": {"uv": [11, 36], "uv_size": [4, 1]},
								"east": {"uv": [10, 36], "uv_size": [1, 1]},
								"south": {"uv": [16, 36], "uv_size": [4, 1]},
								"west": {"uv": [15, 36], "uv_size": [1, 1]},
								"up": {"uv": [11, 35], "uv_size": [4, 1]},
								"down": {"uv": [15, 36], "uv_size": [4, -1]}
							}
						},
						{
							"origin": [-6.1, 21.5, -2.3],
							"size": [2.9, 0.7, 2.6],
							"pivot": [-2.3341, 19.01343, 0],
							"rotation": [-180, 0, 180],
							"uv": {
								"north": {"uv": [11, 36], "uv_size": [4, 1]},
								"east": {"uv": [10, 36], "uv_size": [1, 1]},
								"south": {"uv": [16, 36], "uv_size": [4, 1]},
								"west": {"uv": [15, 36], "uv_size": [1, 1]},
								"up": {"uv": [11, 35], "uv_size": [4, 1]},
								"down": {"uv": [15, 36], "uv_size": [4, -1]}
							}
						},
						{
							"origin": [2.5, 14.1, -2.3],
							"size": [2.5, 0.5, 4.6],
							"pivot": [3.2659, 11.41343, 0],
							"rotation": [-180, 0, 180],
							"uv": {
								"north": {"uv": [11, 36], "uv_size": [4, 1]},
								"east": {"uv": [10, 36], "uv_size": [1, 1]},
								"south": {"uv": [16, 36], "uv_size": [4, 1]},
								"west": {"uv": [15, 36], "uv_size": [1, 1]},
								"up": {"uv": [11, 35], "uv_size": [4, 1]},
								"down": {"uv": [15, 36], "uv_size": [4, -1]}
							}
						},
						{
							"origin": [1.8318, 14.5, -1.1],
							"size": [0.5, 4.9, 3.4],
							"pivot": [2.0818, 16.95, 0],
							"rotation": [180, 0, -175],
							"uv": {
								"north": {"uv": [11, 36], "uv_size": [4, 1]},
								"east": {"uv": [10, 36], "uv_size": [1, 1]},
								"south": {"uv": [16, 36], "uv_size": [4, 1]},
								"west": {"uv": [15, 36], "uv_size": [1, 1]},
								"up": {"uv": [11, 35], "uv_size": [4, 1]},
								"down": {"uv": [15, 36], "uv_size": [4, -1]}
							}
						},
						{
							"origin": [4.3318, 21.2, -1.1],
							"size": [0.5, 2, 3.4],
							"pivot": [4.5818, 23.65, 0],
							"rotation": [180, 0, -136.5],
							"uv": {
								"north": {"uv": [11, 36], "uv_size": [4, 1]},
								"east": {"uv": [10, 36], "uv_size": [1, 1]},
								"south": {"uv": [16, 36], "uv_size": [4, 1]},
								"west": {"uv": [15, 36], "uv_size": [1, 1]},
								"up": {"uv": [11, 35], "uv_size": [4, 1]},
								"down": {"uv": [15, 36], "uv_size": [4, -1]}
							}
						},
						{
							"origin": [-4.6682, 21.2, -1.1],
							"size": [0.5, 2, 3.4],
							"pivot": [-4.4182, 23.65, 0],
							"rotation": [-180, 0, 136.5],
							"uv": {
								"north": {"uv": [11, 36], "uv_size": [4, 1]},
								"east": {"uv": [10, 36], "uv_size": [1, 1]},
								"south": {"uv": [16, 36], "uv_size": [4, 1]},
								"west": {"uv": [15, 36], "uv_size": [1, 1]},
								"up": {"uv": [11, 35], "uv_size": [4, 1]},
								"down": {"uv": [15, 36], "uv_size": [4, -1]}
							}
						},
						{
							"origin": [-3.0682, 19.2, -1.1],
							"size": [0.5, 2.9, 3.4],
							"pivot": [-2.8182, 21.65, 0],
							"rotation": [180, 0, 164],
							"uv": {
								"north": {"uv": [11, 36], "uv_size": [4, 1]},
								"east": {"uv": [10, 36], "uv_size": [1, 1]},
								"south": {"uv": [16, 36], "uv_size": [4, 1]},
								"west": {"uv": [15, 36], "uv_size": [1, 1]},
								"up": {"uv": [11, 35], "uv_size": [4, 1]},
								"down": {"uv": [15, 36], "uv_size": [4, -1]}
							}
						},
						{
							"origin": [2.6318, 19.2, -1.1],
							"size": [0.5, 2.9, 3.4],
							"pivot": [2.8818, 21.65, 0],
							"rotation": [180, 0, -163.5],
							"uv": {
								"north": {"uv": [11, 36], "uv_size": [4, 1]},
								"east": {"uv": [10, 36], "uv_size": [1, 1]},
								"south": {"uv": [16, 36], "uv_size": [4, 1]},
								"west": {"uv": [15, 36], "uv_size": [1, 1]},
								"up": {"uv": [11, 35], "uv_size": [4, 1]},
								"down": {"uv": [15, 36], "uv_size": [4, -1]}
							}
						},
						{
							"origin": [-2.1682, 14.5, -1.1],
							"size": [0.5, 4.9, 3.4],
							"pivot": [-1.9182, 16.95, 0],
							"rotation": [180, 0, 175],
							"uv": {
								"north": {"uv": [11, 36], "uv_size": [4, 1]},
								"east": {"uv": [10, 36], "uv_size": [1, 1]},
								"south": {"uv": [16, 36], "uv_size": [4, 1]},
								"west": {"uv": [15, 36], "uv_size": [1, 1]},
								"up": {"uv": [11, 35], "uv_size": [4, 1]},
								"down": {"uv": [15, 36], "uv_size": [4, -1]}
							}
						}
					]
				},
				{
					"name": "Head",
					"parent": "Body",
					"pivot": [0, 24, 0],
					"cubes": [
						{
							"origin": [-0.9, 25.6, -2],
							"size": [1.4, 0.4, 2.3],
							"pivot": [-1.1341, 22.81343, -2],
							"rotation": [-180, 0, 180],
							"uv": {
								"north": {"uv": [11, 36], "uv_size": [4, 1]},
								"east": {"uv": [10, 36], "uv_size": [1, 1]},
								"south": {"uv": [16, 36], "uv_size": [4, 1]},
								"west": {"uv": [15, 36], "uv_size": [1, 1]},
								"up": {"uv": [11, 35], "uv_size": [4, 1]},
								"down": {"uv": [15, 36], "uv_size": [4, -1]}
							}
						},
						{
							"origin": [-3.7682, 26.1, -2],
							"size": [1.5, 0.5, 2.3],
							"pivot": [-3.0182, 26.35, -2],
							"rotation": [180, 0, -127],
							"uv": {
								"north": {"uv": [11, 36], "uv_size": [4, 1]},
								"east": {"uv": [10, 36], "uv_size": [1, 1]},
								"south": {"uv": [16, 36], "uv_size": [4, 1]},
								"west": {"uv": [15, 36], "uv_size": [1, 1]},
								"up": {"uv": [11, 35], "uv_size": [4, 1]},
								"down": {"uv": [15, 36], "uv_size": [4, -1]}
							}
						},
						{
							"origin": [-4.1682, 27.3, -2],
							"size": [1.9, 0.5, 2.3],
							"pivot": [-3.4182, 27.55, -2],
							"rotation": [180, 0, -93],
							"uv": {
								"north": {"uv": [11, 36], "uv_size": [4, 1]},
								"east": {"uv": [10, 36], "uv_size": [1, 1]},
								"south": {"uv": [16, 36], "uv_size": [4, 1]},
								"west": {"uv": [15, 36], "uv_size": [1, 1]},
								"up": {"uv": [11, 35], "uv_size": [4, 1]},
								"down": {"uv": [15, 36], "uv_size": [4, -1]}
							}
						},
						{
							"origin": [-3.1682, 27.6, -2],
							"size": [1.9, 0.5, 2.3],
							"pivot": [-2.4182, 27.85, -2],
							"rotation": [180, 0, -155],
							"uv": {
								"north": {"uv": [11, 36], "uv_size": [4, 1]},
								"east": {"uv": [10, 36], "uv_size": [1, 1]},
								"south": {"uv": [16, 36], "uv_size": [4, 1]},
								"west": {"uv": [15, 36], "uv_size": [1, 1]},
								"up": {"uv": [11, 35], "uv_size": [4, 1]},
								"down": {"uv": [15, 36], "uv_size": [4, -1]}
							}
						},
						{
							"origin": [-1.6682, 26.5, -2],
							"size": [2, 0.5, 2.3],
							"pivot": [-0.9182, 26.75, -2],
							"rotation": [180, 0, -136],
							"uv": {
								"north": {"uv": [11, 36], "uv_size": [4, 1]},
								"east": {"uv": [10, 36], "uv_size": [1, 1]},
								"south": {"uv": [16, 36], "uv_size": [4, 1]},
								"west": {"uv": [15, 36], "uv_size": [1, 1]},
								"up": {"uv": [11, 35], "uv_size": [4, 1]},
								"down": {"uv": [15, 36], "uv_size": [4, -1]}
							}
						},
						{
							"origin": [-1.6682, 25.8, -2],
							"size": [1.3, 0.4, 2.3],
							"pivot": [-0.9182, 26.05, -2],
							"rotation": [180, 0, -40],
							"uv": {
								"north": {"uv": [11, 36], "uv_size": [4, 1]},
								"east": {"uv": [10, 36], "uv_size": [1, 1]},
								"south": {"uv": [16, 36], "uv_size": [4, 1]},
								"west": {"uv": [15, 36], "uv_size": [1, 1]},
								"up": {"uv": [11, 35], "uv_size": [4, 1]},
								"down": {"uv": [15, 36], "uv_size": [4, -1]}
							}
						},
						{
							"origin": [0.59869, 27.44264, -4.3],
							"size": [2, 0.5, 2.3],
							"pivot": [2.37219, 26.86726, -3.15],
							"rotation": [1.73722, -1.79807, -44.02726],
							"uv": {
								"north": {"uv": [11, 36], "uv_size": [4, 1]},
								"east": {"uv": [10, 36], "uv_size": [1, 1]},
								"south": {"uv": [16, 36], "uv_size": [4, 1]},
								"west": {"uv": [15, 36], "uv_size": [1, 1]},
								"up": {"uv": [11, 35], "uv_size": [4, 1]},
								"down": {"uv": [15, 36], "uv_size": [4, -1]}
							}
						},
						{
							"origin": [2.21007, 27.42746, -4.3],
							"size": [1.9, 0.5, 2.3],
							"pivot": [2.37219, 26.86726, -3.15],
							"rotation": [1.0571, -2.26564, -25.0209],
							"uv": {
								"north": {"uv": [11, 36], "uv_size": [4, 1]},
								"east": {"uv": [10, 36], "uv_size": [1, 1]},
								"south": {"uv": [16, 36], "uv_size": [4, 1]},
								"west": {"uv": [15, 36], "uv_size": [1, 1]},
								"up": {"uv": [11, 35], "uv_size": [4, 1]},
								"down": {"uv": [15, 36], "uv_size": [4, -1]}
							}
						},
						{
							"origin": [2.3663, 25.46423, -4.3],
							"size": [1.9, 0.5, 2.3],
							"pivot": [2.37219, 26.86726, -3.15],
							"rotation": [2.49658, -0.1308, -87.00285],
							"uv": {
								"north": {"uv": [11, 36], "uv_size": [4, 1]},
								"east": {"uv": [10, 36], "uv_size": [1, 1]},
								"south": {"uv": [16, 36], "uv_size": [4, 1]},
								"west": {"uv": [15, 36], "uv_size": [1, 1]},
								"up": {"uv": [11, 35], "uv_size": [4, 1]},
								"down": {"uv": [15, 36], "uv_size": [4, -1]}
							}
						},
						{
							"origin": [1.68476, 25.67473, -4.3],
							"size": [1.5, 0.5, 2.3],
							"pivot": [2.37219, 26.86726, -3.15],
							"rotation": [1.99705, -1.50423, -53.02622],
							"uv": {
								"north": {"uv": [11, 36], "uv_size": [4, 1]},
								"east": {"uv": [10, 36], "uv_size": [1, 1]},
								"south": {"uv": [16, 36], "uv_size": [4, 1]},
								"west": {"uv": [15, 36], "uv_size": [1, 1]},
								"up": {"uv": [11, 35], "uv_size": [4, 1]},
								"down": {"uv": [15, 36], "uv_size": [4, -1]}
							}
						},
						{
							"origin": [1.51259, 25.6, -4.3],
							"size": [1.4, 0.4, 2.3],
							"pivot": [2.37219, 26.86726, -3.15],
							"rotation": [0, -2.5, 0],
							"uv": {
								"north": {"uv": [11, 36], "uv_size": [4, 1]},
								"east": {"uv": [10, 36], "uv_size": [1, 1]},
								"south": {"uv": [16, 36], "uv_size": [4, 1]},
								"west": {"uv": [15, 36], "uv_size": [1, 1]},
								"up": {"uv": [11, 35], "uv_size": [4, 1]},
								"down": {"uv": [15, 36], "uv_size": [4, -1]}
							}
						},
						{
							"origin": [2.10008, 28.08512, -4.3],
							"size": [1.3, 0.4, 2.3],
							"pivot": [2.37219, 26.86726, -3.15],
							"rotation": [1.60757, 1.91486, -139.97313],
							"uv": {
								"north": {"uv": [11, 36], "uv_size": [4, 1]},
								"east": {"uv": [10, 36], "uv_size": [1, 1]},
								"south": {"uv": [16, 36], "uv_size": [4, 1]},
								"west": {"uv": [15, 36], "uv_size": [1, 1]},
								"up": {"uv": [11, 35], "uv_size": [4, 1]},
								"down": {"uv": [15, 36], "uv_size": [4, -1]}
							}
						}
					]
				},
				{
					"name": "ArmorH",
					"parent": "Head",
					"pivot": [0, 0, 0],
					"cubes": [
						{
							"origin": [-4, 24, -4],
							"size": [8, 8, 8],
							"inflate": 0.15,
							"uv": {
								"north": {"uv": [8, 8], "uv_size": [8, 8]},
								"east": {"uv": [0, 8], "uv_size": [8, 8]},
								"south": {"uv": [24, 8], "uv_size": [8, 8]},
								"west": {"uv": [16, 8], "uv_size": [8, 8]},
								"up": {"uv": [8, 0], "uv_size": [8, 8]},
								"down": {"uv": [16, 8], "uv_size": [8, -8]}
							}
						}
					]
				},
				{
					"name": "RightArm",
					"parent": "Body",
					"pivot": [-5, 22, 0],
					"cubes": [
						{
							"origin": [-8, 12, -2],
							"size": [4, 12, 4],
							"inflate": 0.15,
							"uv": {
								"north": {"uv": [44, 20], "uv_size": [4, 12]},
								"east": {"uv": [40, 20], "uv_size": [4, 12]},
								"south": {"uv": [52, 20], "uv_size": [4, 12]},
								"west": {"uv": [48, 20], "uv_size": [4, 12]},
								"up": {"uv": [44, 16], "uv_size": [4, 4]},
								"down": {"uv": [48, 20], "uv_size": [4, -4]}
							}
						},
						{
							"origin": [-7.20913, 15.58194, -2.3],
							"size": [2.5, 0.7, 4.6],
							"pivot": [-6.3341, 18.41343, 0],
							"rotation": [-180, 0, -163],
							"uv": {
								"north": {"uv": [11, 36], "uv_size": [4, 1]},
								"east": {"uv": [10, 36], "uv_size": [1, 1]},
								"south": {"uv": [16, 36], "uv_size": [4, 1]},
								"west": {"uv": [15, 36], "uv_size": [1, 1]},
								"up": {"uv": [11, 35], "uv_size": [4, 1]},
								"down": {"uv": [15, 36], "uv_size": [4, -1]}
							}
						},
						{
							"origin": [-8.6, 15.3, -2.3],
							"size": [2.5, 0.7, 4.6],
							"pivot": [-6.3341, 18.41343, 0],
							"rotation": [-180, 0, 180],
							"uv": {
								"north": {"uv": [11, 36], "uv_size": [4, 1]},
								"east": {"uv": [10, 36], "uv_size": [1, 1]},
								"south": {"uv": [16, 36], "uv_size": [4, 1]},
								"west": {"uv": [15, 36], "uv_size": [1, 1]},
								"up": {"uv": [11, 35], "uv_size": [4, 1]},
								"down": {"uv": [15, 36], "uv_size": [4, -1]}
							}
						},
						{
							"origin": [-5.7, 15.3, -2.3],
							"size": [0.3, 6.1, 4.6],
							"pivot": [-5.6341, 18.41343, 0],
							"rotation": [-180, 0, 180],
							"uv": {
								"north": {"uv": [11, 36], "uv_size": [4, 1]},
								"east": {"uv": [10, 36], "uv_size": [1, 1]},
								"south": {"uv": [16, 36], "uv_size": [4, 1]},
								"west": {"uv": [15, 36], "uv_size": [1, 1]},
								"up": {"uv": [11, 35], "uv_size": [4, 1]},
								"down": {"uv": [15, 36], "uv_size": [4, -1]}
							}
						},
						{
							"origin": [-11.24591, 20.23618, -2.3],
							"size": [2.9, 0.6, 4.6],
							"pivot": [-6.3341, 18.41343, 0],
							"rotation": [-180, 0, 137],
							"uv": {
								"north": {"uv": [11, 36], "uv_size": [4, 1]},
								"east": {"uv": [10, 36], "uv_size": [1, 1]},
								"south": {"uv": [16, 36], "uv_size": [4, 1]},
								"west": {"uv": [15, 36], "uv_size": [1, 1]},
								"up": {"uv": [11, 35], "uv_size": [4, 1]},
								"down": {"uv": [15, 36], "uv_size": [4, -1]}
							}
						},
						{
							"origin": [-7.1, 21.1, -2.3],
							"size": [2.9, 0.8, 4.6],
							"pivot": [-6.3341, 18.41343, 0],
							"rotation": [-180, 0, 180],
							"uv": {
								"north": {"uv": [11, 36], "uv_size": [4, 1]},
								"east": {"uv": [10, 36], "uv_size": [1, 1]},
								"south": {"uv": [16, 36], "uv_size": [4, 1]},
								"west": {"uv": [15, 36], "uv_size": [1, 1]},
								"up": {"uv": [11, 35], "uv_size": [4, 1]},
								"down": {"uv": [15, 36], "uv_size": [4, -1]}
							}
						},
						{
							"origin": [-8.8, 14, -2.3],
							"size": [4.6, 1, 4.6],
							"pivot": [-6.3341, 18.41343, 0],
							"rotation": [-180, 0, 180],
							"uv": {
								"north": {"uv": [11, 36], "uv_size": [4, 1]},
								"east": {"uv": [10, 36], "uv_size": [1, 1]},
								"south": {"uv": [16, 36], "uv_size": [4, 1]},
								"west": {"uv": [15, 36], "uv_size": [1, 1]},
								"up": {"uv": [11, 35], "uv_size": [4, 1]},
								"down": {"uv": [15, 36], "uv_size": [4, -1]}
							}
						}
					]
				},
				{
					"name": "LeftArm",
					"parent": "Body",
					"pivot": [5, 22, 0],
					"cubes": [
						{
							"origin": [4, 12, -2],
							"size": [4, 12, 4],
							"inflate": 0.15,
							"uv": {
								"north": {"uv": [48, 20], "uv_size": [-4, 12]},
								"east": {"uv": [52, 20], "uv_size": [-4, 12]},
								"south": {"uv": [56, 20], "uv_size": [-4, 12]},
								"west": {"uv": [44, 20], "uv_size": [-4, 12]},
								"up": {"uv": [48, 16], "uv_size": [-4, 4]},
								"down": {"uv": [52, 20], "uv_size": [-4, -4]}
							}
						},
						{
							"origin": [3.7, 14, -2.3],
							"size": [4.6, 1, 4.6],
							"uv": {
								"north": {"uv": [11, 36], "uv_size": [4, 1]},
								"east": {"uv": [10, 36], "uv_size": [1, 1]},
								"south": {"uv": [16, 36], "uv_size": [4, 1]},
								"west": {"uv": [15, 36], "uv_size": [1, 1]},
								"up": {"uv": [11, 35], "uv_size": [4, 1]},
								"down": {"uv": [15, 36], "uv_size": [4, -1]}
							}
						},
						{
							"origin": [5.4, 21.1, -2.3],
							"size": [2.9, 0.8, 4.6],
							"uv": {
								"north": {"uv": [11, 36], "uv_size": [4, 1]},
								"east": {"uv": [10, 36], "uv_size": [1, 1]},
								"south": {"uv": [16, 36], "uv_size": [4, 1]},
								"west": {"uv": [15, 36], "uv_size": [1, 1]},
								"up": {"uv": [11, 35], "uv_size": [4, 1]},
								"down": {"uv": [15, 36], "uv_size": [4, -1]}
							}
						},
						{
							"origin": [3.9, 15.3, -2.3],
							"size": [2.5, 0.7, 4.6],
							"uv": {
								"north": {"uv": [11, 36], "uv_size": [4, 1]},
								"east": {"uv": [10, 36], "uv_size": [1, 1]},
								"south": {"uv": [16, 36], "uv_size": [4, 1]},
								"west": {"uv": [15, 36], "uv_size": [1, 1]},
								"up": {"uv": [11, 35], "uv_size": [4, 1]},
								"down": {"uv": [15, 36], "uv_size": [4, -1]}
							}
						},
						{
							"origin": [5.7, 15.9, -2.3],
							"size": [0.3, 5.4, 4.6],
							"uv": {
								"north": {"uv": [11, 36], "uv_size": [4, 1]},
								"east": {"uv": [10, 36], "uv_size": [1, 1]},
								"south": {"uv": [16, 36], "uv_size": [4, 1]},
								"west": {"uv": [15, 36], "uv_size": [1, 1]},
								"up": {"uv": [11, 35], "uv_size": [4, 1]},
								"down": {"uv": [15, 36], "uv_size": [4, -1]}
							}
						},
						{
							"origin": [6, 15.8, -2.3],
							"size": [2.5, 0.7, 4.6],
							"pivot": [7.25, 16.15, 0],
							"rotation": [0, 0, -17],
							"uv": {
								"north": {"uv": [11, 36], "uv_size": [4, 1]},
								"east": {"uv": [10, 36], "uv_size": [1, 1]},
								"south": {"uv": [16, 36], "uv_size": [4, 1]},
								"west": {"uv": [15, 36], "uv_size": [1, 1]},
								"up": {"uv": [11, 35], "uv_size": [4, 1]},
								"down": {"uv": [15, 36], "uv_size": [4, -1]}
							}
						},
						{
							"origin": [3.7, 22, -2.3],
							"size": [2.9, 0.6, 4.6],
							"pivot": [5.15, 22.4, 0],
							"rotation": [0, 0, 43],
							"uv": {
								"north": {"uv": [11, 36], "uv_size": [4, 1]},
								"east": {"uv": [10, 36], "uv_size": [1, 1]},
								"south": {"uv": [16, 36], "uv_size": [4, 1]},
								"west": {"uv": [15, 36], "uv_size": [1, 1]},
								"up": {"uv": [11, 35], "uv_size": [4, 1]},
								"down": {"uv": [15, 36], "uv_size": [4, -1]}
							}
						}
					]
				}
			]
		}
	]
}