{
	"format_version": "1.12.0",
	"minecraft:geometry": [
		{
			"description": {
				"identifier": "geometry.mc_inv",
				"texture_width": 128,
				"texture_height": 128,
				"visible_bounds_width": 4,
				"visible_bounds_height": 3.5,
				"visible_bounds_offset": [0, 1.25, 0]
			},
			"bones": [
				{
					"name": "root",
					"pivot": [0, 0, 0]
				},
				{
					"name": "RightLeg",
					"parent": "root",
					"pivot": [-1.9, 14, 0],
					"rotation": [0, 0, 5],
					"cubes": [
						{"origin": [-4.9, 0, -4], "size": [5, 14, 7], "inflate": 0.15, "uv": [48, 54]},
						{"origin": [-5.9, 4, -5], "size": [7, 6, 9], "inflate": 0.25, "uv": [23, 46]}
					]
				},
				{
					"name": "LeftLeg",
					"parent": "root",
					"pivot": [1.9, 14, 0],
					"rotation": [0, 0, -7.5],
					"cubes": [
						{"origin": [-0.1, 0, -4], "size": [5, 14, 7], "inflate": 0.15, "uv": [0, 54]},
						{"origin": [-1.1, 4, -5], "size": [7, 6, 9], "inflate": 0.25, "uv": [0, 38]}
					]
				},
				{
					"name": "waist",
					"parent": "root",
					"pivot": [0, 6, 0]
				},
				{
					"name": "Body",
					"parent": "waist",
					"pivot": [0, 30, 0],
					"cubes": [
						{"origin": [-4, 15, -3], "size": [8, 15, 8], "inflate": 1.15, "uv": [0, 15]},
						{"origin": [-1, 27, 5], "size": [2, 3, 3], "inflate": 1.15, "uv": [62, 13]},
						{"origin": [-1, 21, 5], "size": [2, 3, 3], "inflate": 1.15, "pivot": [0, 6, 0], "rotation": [-7.5, 0, 0], "uv": [24, 15]},
						{"origin": [-1, 14, 2], "size": [2, 3, 6], "inflate": 1.15, "pivot": [0, 6, 0], "rotation": [-14.08444, -1.08266, -2.42688], "uv": [68, 13]},
						{"origin": [-8, 25, -5], "size": [16, 6, 9], "inflate": 1.15, "uv": [0, 0]},
						{"origin": [6, 27, -4], "size": [6, 5, 8], "inflate": 1.25, "pivot": [4, 32, 0], "rotation": [0, 0, 20], "uv": [50, 0]},
						{"origin": [-11, 29, -4], "size": [6, 5, 8], "inflate": 1.25, "pivot": [4, 32, 0], "rotation": [0.17313, -1.17921, -14.85774], "uv": [48, 38]},
						{"origin": [-6, 18, -3.6], "size": [12, 5, 6], "inflate": 1.15, "uv": [32, 15]},
						{"origin": [-4, 23, -2], "size": [8, 7, 4], "inflate": 1.25, "uv": [64, 22]}
					]
				},
				{
					"name": "deah",
					"parent": "Body",
					"pivot": [0, 27.5, -4.6],
					"cubes": [
						{"origin": [-4, 27.5, -8.6], "size": [8, 8, 8], "inflate": 0.15, "uv": [24, 30]},
						{"origin": [-2, 31.5, -8.6], "size": [4, 4, 8], "inflate": 0.3, "uv": [24, 61]},
						{"origin": [-2, 31.5, -12.6], "size": [4, 4, 8], "inflate": 0.3, "pivot": [0, 36.5, -4.6], "rotation": [-12.5, 0, 0], "uv": [48, 26]},
						{"origin": [-1, 29.5, -13.6], "size": [2, 4, 4], "inflate": 0.3, "pivot": [0, 36.5, -4.6], "rotation": [-32.5, 0, 0], "uv": [41, 0]}
					]
				},
				{
					"name": "RightArm",
					"parent": "Body",
					"pivot": [-5, 28, 0],
					"rotation": [0, 0, 22.5],
					"cubes": [
						{"origin": [-8, 22, -2], "size": [4, 5, 4], "inflate": 1.45, "uv": [78, 0]},
						{"origin": [-8, 18, -2], "size": [4, 12, 4], "inflate": 1.15, "uv": [36, 73]}
					]
				},
				{
					"name": "RightArm2",
					"parent": "RightArm",
					"pivot": [-5, 15, -1],
					"rotation": [-30, 0, 5],
					"cubes": [
						{"origin": [-8, 9, -3], "size": [4, 5, 4], "inflate": 1.45, "uv": [68, 34]},
						{"origin": [-8, 5, -3], "size": [4, 12, 4], "inflate": 1.15, "uv": [68, 71]}
					]
				},
				{
					"name": "LeftArm",
					"parent": "Body",
					"pivot": [5, 28, 0],
					"rotation": [0, 0, -22.5],
					"cubes": [
						{"origin": [4, 21, -2], "size": [4, 5, 4], "inflate": 1.45, "uv": [52, 75]},
						{"origin": [4, 18, -2], "size": [4, 12, 4], "inflate": 1.15, "uv": [20, 73]}
					]
				},
				{
					"name": "LeftArm2",
					"parent": "LeftArm",
					"pivot": [5, 15, -2],
					"rotation": [-37.5, 0, 0],
					"cubes": [
						{"origin": [4, 8, -4], "size": [4, 5, 4], "inflate": 1.45, "uv": [0, 75]},
						{"origin": [4, 5, -4], "size": [4, 12, 4], "inflate": 1.15, "uv": [72, 47]}
					]
				}
			]
		}
	]
}