{
  "format_version": "1.12.0",
  "minecraft:geometry": [
    {
      "description": {
        "identifier": "geometry.mc_chitaurigun",
        "texture_width": 32,
        "texture_height": 32,
        "visible_bounds_width": 3,
        "visible_bounds_height": 3.5,
        "visible_bounds_offset": [
          0,
          1.25,
          0
        ]
      },
      "bones": [
        {
          "name": "root"
        },
        {
          "name": "waist",
          "parent": "root"
        },
        {
          "name": "Body",
          "pivot": [
            0,
            24,
            0
          ],
          "parent": "waist"
        },
        {
          "name": "RightArm",
          "pivot": [
            -5,
            22,
            0
          ],
          "parent": "Body"
        },
        {
          "name": "aurigun",
          "pivot": [
            -6,
            13,
            0
          ],
          "cubes": [
            {
              "origin": [
                -7.0,
                13.0,
                -3.0
              ],
              "size": [
                2.0,
                1.8,
                6.0
              ],
              "pivot": [
                -6.0,
                13.0,
                0.0
              ],
              "rotation": [
                7.0,
                0.0,
                0.0
              ],
              "uv": {
                "north": {
                  "uv": [
                    20,
                    19
                  ],
                  "uv_size": [
                    2,
                    2
                  ]
                },
                "east": {
                  "uv": [
                    17,
                    6
                  ],
                  "uv_size": [
                    6,
                    2
                  ]
                },
                "south": {
                  "uv": [
                    21,
                    0
                  ],
                  "uv_size": [
                    2,
                    2
                  ]
                },
                "west": {
                  "uv": [
                    17,
                    8
                  ],
                  "uv_size": [
                    6,
                    2
                  ]
                },
                "up": {
                  "uv": [
                    0,
                    16
                  ],
                  "uv_size": [
                    2,
                    6
                  ]
                },
                "down": {
                  "uv": [
                    17,
                    16
                  ],
                  "uv_size": [
                    2,
                    -6
                  ]
                }
              },
              "inflate": 0
            },
            {
              "origin": [
                -7.0,
                5.1,
                -4.7
              ],
              "size": [
                2.0,
                9.7,
                2.0
              ],
              "pivot": [
                -6.0,
                13.0,
                0.0
              ],
              "rotation": [
                -2.0,
                0.0,
                0.0
              ],
              "uv": {
                "north": {
                  "uv": [
                    11,
                    0
                  ],
                  "uv_size": [
                    2,
                    10
                  ]
                },
                "east": {
                  "uv": [
                    11,
                    10
                  ],
                  "uv_size": [
                    2,
                    10
                  ]
                },
                "south": {
                  "uv": [
                    13,
                    0
                  ],
                  "uv_size": [
                    2,
                    10
                  ]
                },
                "west": {
                  "uv": [
                    13,
                    10
                  ],
                  "uv_size": [
                    2,
                    10
                  ]
                },
                "up": {
                  "uv": [
                    2,
                    21
                  ],
                  "uv_size": [
                    2,
                    2
                  ]
                },
                "down": {
                  "uv": [
                    21,
                    4
                  ],
                  "uv_size": [
                    2,
                    -2
                  ]
                }
              },
              "inflate": 0
            },
            {
              "origin": [
                -7.5,
                7.2,
                -5.1
              ],
              "size": [
                3.0,
                8.1,
                2.6
              ],
              "pivot": [
                -6.0,
                13.0,
                0.0
              ],
              "rotation": [
                -2.0,
                0.0,
                0.0
              ],
              "uv": {
                "north": {
                  "uv": [
                    0,
                    0
                  ],
                  "uv_size": [
                    3,
                    8
                  ]
                },
                "east": {
                  "uv": [
                    3,
                    0
                  ],
                  "uv_size": [
                    3,
                    8
                  ]
                },
                "south": {
                  "uv": [
                    6,
                    0
                  ],
                  "uv_size": [
                    3,
                    8
                  ]
                },
                "west": {
                  "uv": [
                    0,
                    8
                  ],
                  "uv_size": [
                    3,
                    8
                  ]
                },
                "up": {
                  "uv": [
                    19,
                    13
                  ],
                  "uv_size": [
                    3,
                    3
                  ]
                },
                "down": {
                  "uv": [
                    17,
                    22
                  ],
                  "uv_size": [
                    3,
                    -3
                  ]
                }
              },
              "inflate": 0
            },
            {
              "origin": [
                -8.1,
                9.0,
                -5.9
              ],
              "size": [
                3.7,
                6.1,
                3.1
              ],
              "pivot": [
                -6.0,
                13.0,
                0.0
              ],
              "rotation": [
                -2.0,
                0.0,
                0.0
              ],
              "uv": {
                "north": {
                  "uv": [
                    3,
                    8
                  ],
                  "uv_size": [
                    4,
                    6
                  ]
                },
                "east": {
                  "uv": [
                    3,
                    14
                  ],
                  "uv_size": [
                    3,
                    6
                  ]
                },
                "south": {
                  "uv": [
                    7,
                    8
                  ],
                  "uv_size": [
                    4,
                    6
                  ]
                },
                "west": {
                  "uv": [
                    6,
                    14
                  ],
                  "uv_size": [
                    3,
                    6
                  ]
                },
                "up": {
                  "uv": [
                    17,
                    16
                  ],
                  "uv_size": [
                    4,
                    3
                  ]
                },
                "down": {
                  "uv": [
                    19,
                    13
                  ],
                  "uv_size": [
                    4,
                    -3
                  ]
                }
              },
              "inflate": 0
            },
            {
              "origin": [
                -9.2,
                12.7,
                -5.4
              ],
              "size": [
                5.9,
                0.9,
                2.6
              ],
              "pivot": [
                -6.0,
                13.0,
                0.0
              ],
              "rotation": [
                -2.0,
                0.0,
                0.0
              ],
              "uv": {
                "north": {
                  "uv": [
                    2,
                    20
                  ],
                  "uv_size": [
                    6,
                    1
                  ]
                },
                "east": {
                  "uv": [
                    6,
                    21
                  ],
                  "uv_size": [
                    3,
                    1
                  ]
                },
                "south": {
                  "uv": [
                    11,
                    20
                  ],
                  "uv_size": [
                    6,
                    1
                  ]
                },
                "west": {
                  "uv": [
                    9,
                    21
                  ],
                  "uv_size": [
                    3,
                    1
                  ]
                },
                "up": {
                  "uv": [
                    15,
                    0
                  ],
                  "uv_size": [
                    6,
                    3
                  ]
                },
                "down": {
                  "uv": [
                    15,
                    6
                  ],
                  "uv_size": [
                    6,
                    -3
                  ]
                }
              },
              "inflate": 0
            },
            {
              "origin": [
                -7.1,
                5.5,
                -5.3
              ],
              "size": [
                2.3,
                0.9,
                1.4
              ],
              "pivot": [
                -6.0,
                13.0,
                0.0
              ],
              "rotation": [
                -2.0,
                0.0,
                0.0
              ],
              "uv": {
                "north": {
                  "uv": [
                    9,
                    7
                  ],
                  "uv_size": [
                    2,
                    1
                  ]
                },
                "east": {
                  "uv": [
                    2,
                    16
                  ],
                  "uv_size": [
                    1,
                    1
                  ]
                },
                "south": {
                  "uv": [
                    12,
                    21
                  ],
                  "uv_size": [
                    2,
                    1
                  ]
                },
                "west": {
                  "uv": [
                    2,
                    17
                  ],
                  "uv_size": [
                    1,
                    1
                  ]
                },
                "up": {
                  "uv": [
                    14,
                    21
                  ],
                  "uv_size": [
                    2,
                    1
                  ]
                },
                "down": {
                  "uv": [
                    21,
                    17
                  ],
                  "uv_size": [
                    2,
                    -1
                  ]
                }
              },
              "inflate": 0
            }
          ],
          "parent": "RightArm"
        },
        {
          "name": "aurigun2",
          "pivot": [
            -5.8,
            15,
            -4
          ],
          "cubes": [
            {
              "origin": [
                -6.47005,
                8.2,
                -4.80226
              ],
              "size": [
                1.6,
                6.8,
                1.5
              ],
              "uv": {
                "north": {
                  "uv": [
                    9,
                    0
                  ],
                  "uv_size": [
                    2,
                    7
                  ]
                },
                "east": {
                  "uv": [
                    9,
                    14
                  ],
                  "uv_size": [
                    2,
                    7
                  ]
                },
                "south": {
                  "uv": [
                    15,
                    6
                  ],
                  "uv_size": [
                    2,
                    7
                  ]
                },
                "west": {
                  "uv": [
                    15,
                    13
                  ],
                  "uv_size": [
                    2,
                    7
                  ]
                },
                "up": {
                  "uv": [
                    4,
                    21
                  ],
                  "uv_size": [
                    2,
                    2
                  ]
                },
                "down": {
                  "uv": [
                    21,
                    6
                  ],
                  "uv_size": [
                    2,
                    -2
                  ]
                }
              },
              "inflate": 0
            }
          ],
          "parent": "aurigun"
        }
      ]
    }
  ]
}