{
  "format_version": "1.12.0",
  "minecraft:geometry": [
    {
      "description": {
        "identifier": "geometry.mc_docock",
        "texture_width": 64,
        "texture_height": 64,
        "visible_bounds_width": 7,
        "visible_bounds_height": 3.5,
        "visible_bounds_offset": [
          0,
          1.25,
          0
        ]
      },
      "bones": [
        {
          "name": "root"
        },
        {
          "name": "RightLeg",
          "pivot": [
            -1.9,
            12,
            0
          ],
          "cubes": [
            {
              "origin": [
                -3.9,
                0.0,
                -2.0
              ],
              "size": [
                4.0,
                12.0,
                4.0
              ],
              "uv": {
                "north": {
                  "uv": [
                    50,
                    17
                  ],
                  "uv_size": [
                    4,
                    12
                  ]
                },
                "east": {
                  "uv": [
                    46,
                    17
                  ],
                  "uv_size": [
                    4,
                    12
                  ]
                },
                "south": {
                  "uv": [
                    58,
                    17
                  ],
                  "uv_size": [
                    4,
                    12
                  ]
                },
                "west": {
                  "uv": [
                    54,
                    17
                  ],
                  "uv_size": [
                    4,
                    12
                  ]
                },
                "up": {
                  "uv": [
                    50,
                    13
                  ],
                  "uv_size": [
                    4,
                    4
                  ]
                },
                "down": {
                  "uv": [
                    54,
                    17
                  ],
                  "uv_size": [
                    4,
                    -4
                  ]
                }
              },
              "inflate": 0.15
            }
          ],
          "parent": "root"
        },
        {
          "name": "LeftLeg",
          "pivot": [
            1.9,
            12,
            0
          ],
          "cubes": [
            {
              "origin": [
                -0.1,
                0.0,
                -2.0
              ],
              "size": [
                4.0,
                12.0,
                4.0
              ],
              "uv": {
                "north": {
                  "uv": [
                    44,
                    36
                  ],
                  "uv_size": [
                    4,
                    12
                  ]
                },
                "east": {
                  "uv": [
                    40,
                    36
                  ],
                  "uv_size": [
                    4,
                    12
                  ]
                },
                "south": {
                  "uv": [
                    52,
                    36
                  ],
                  "uv_size": [
                    4,
                    12
                  ]
                },
                "west": {
                  "uv": [
                    48,
                    36
                  ],
                  "uv_size": [
                    4,
                    12
                  ]
                },
                "up": {
                  "uv": [
                    44,
                    32
                  ],
                  "uv_size": [
                    4,
                    4
                  ]
                },
                "down": {
                  "uv": [
                    48,
                    36
                  ],
                  "uv_size": [
                    4,
                    -4
                  ]
                }
              },
              "inflate": 0.15
            }
          ],
          "parent": "root"
        },
        {
          "name": "waist",
          "parent": "root"
        },
        {
          "name": "Body",
          "pivot": [
            0,
            24,
            0
          ],
          "cubes": [
            {
              "origin": [
                -4.0,
                12.0,
                -2.0
              ],
              "size": [
                8.0,
                12.0,
                4.0
              ],
              "uv": {
                "north": {
                  "uv": [
                    4,
                    36
                  ],
                  "uv_size": [
                    8,
                    12
                  ]
                },
                "east": {
                  "uv": [
                    0,
                    36
                  ],
                  "uv_size": [
                    4,
                    12
                  ]
                },
                "south": {
                  "uv": [
                    16,
                    36
                  ],
                  "uv_size": [
                    8,
                    12
                  ]
                },
                "west": {
                  "uv": [
                    12,
                    36
                  ],
                  "uv_size": [
                    4,
                    12
                  ]
                },
                "up": {
                  "uv": [
                    4,
                    32
                  ],
                  "uv_size": [
                    8,
                    4
                  ]
                },
                "down": {
                  "uv": [
                    12,
                    36
                  ],
                  "uv_size": [
                    8,
                    -4
                  ]
                }
              },
              "inflate": 0.15
            }
          ],
          "parent": "waist"
        },
        {
          "name": "Head",
          "pivot": [
            0,
            24,
            0
          ],
          "parent": "Body"
        },
        {
          "name": "ArmorH",
          "cubes": [
            {
              "origin": [
                -4.0,
                24.0,
                -4.0
              ],
              "size": [
                8.0,
                8.0,
                8.0
              ],
              "uv": {
                "north": {
                  "uv": [
                    8,
                    8
                  ],
                  "uv_size": [
                    8,
                    8
                  ]
                },
                "east": {
                  "uv": [
                    0,
                    8
                  ],
                  "uv_size": [
                    8,
                    8
                  ]
                },
                "south": {
                  "uv": [
                    24,
                    8
                  ],
                  "uv_size": [
                    8,
                    8
                  ]
                },
                "west": {
                  "uv": [
                    16,
                    8
                  ],
                  "uv_size": [
                    8,
                    8
                  ]
                },
                "up": {
                  "uv": [
                    8,
                    0
                  ],
                  "uv_size": [
                    8,
                    8
                  ]
                },
                "down": {
                  "uv": [
                    16,
                    8
                  ],
                  "uv_size": [
                    8,
                    -8
                  ]
                }
              },
              "inflate": 0.15
            }
          ],
          "parent": "Head"
        },
        {
          "name": "RightArm",
          "pivot": [
            -5,
            22,
            0
          ],
          "cubes": [
            {
              "origin": [
                -8.0,
                12.0,
                -2.0
              ],
              "size": [
                4.0,
                12.0,
                4.0
              ],
              "uv": {
                "north": {
                  "uv": [
                    38,
                    4
                  ],
                  "uv_size": [
                    4,
                    12
                  ]
                },
                "east": {
                  "uv": [
                    34,
                    4
                  ],
                  "uv_size": [
                    4,
                    12
                  ]
                },
                "south": {
                  "uv": [
                    46,
                    4
                  ],
                  "uv_size": [
                    4,
                    12
                  ]
                },
                "west": {
                  "uv": [
                    42,
                    4
                  ],
                  "uv_size": [
                    4,
                    12
                  ]
                },
                "up": {
                  "uv": [
                    38,
                    0
                  ],
                  "uv_size": [
                    4,
                    4
                  ]
                },
                "down": {
                  "uv": [
                    42,
                    4
                  ],
                  "uv_size": [
                    4,
                    -4
                  ]
                }
              },
              "inflate": 0.15
            }
          ],
          "parent": "Body"
        },
        {
          "name": "LeftArm",
          "pivot": [
            5,
            22,
            0
          ],
          "cubes": [
            {
              "origin": [
                4.0,
                12.0,
                -2.0
              ],
              "size": [
                4.0,
                12.0,
                4.0
              ],
              "uv": {
                "north": {
                  "uv": [
                    28,
                    36
                  ],
                  "uv_size": [
                    4,
                    12
                  ]
                },
                "east": {
                  "uv": [
                    24,
                    36
                  ],
                  "uv_size": [
                    4,
                    12
                  ]
                },
                "south": {
                  "uv": [
                    36,
                    36
                  ],
                  "uv_size": [
                    4,
                    12
                  ]
                },
                "west": {
                  "uv": [
                    32,
                    36
                  ],
                  "uv_size": [
                    4,
                    12
                  ]
                },
                "up": {
                  "uv": [
                    28,
                    32
                  ],
                  "uv_size": [
                    4,
                    4
                  ]
                },
                "down": {
                  "uv": [
                    32,
                    36
                  ],
                  "uv_size": [
                    4,
                    -4
                  ]
                }
              },
              "inflate": 0.15
            }
          ],
          "parent": "Body"
        }
      ]
    }
  ]
}