{
  "format_version": "1.12.0",
  "minecraft:geometry": [
    {
      "description": {
        "identifier": "geometry.mc_kingpin",
        "texture_width": 64,
        "texture_height": 64,
        "visible_bounds_width": 3,
        "visible_bounds_height": 3.5,
        "visible_bounds_offset": [
          0,
          1.25,
          0
        ]
      },
      "bones": [
        {
          "name": "root"
        },
        {
          "name": "RightLeg",
          "pivot": [
            -1.9,
            12,
            0
          ],
          "cubes": [
            {
              "origin": [
                -3.9,
                0.0,
                -2.0
              ],
              "size": [
                4.0,
                12.0,
                4.0
              ],
              "uv": [
                0,
                16
              ],
              "inflate": 0.15
            },
            {
              "origin": [
                -3.9,
                0.0,
                -2.0
              ],
              "size": [
                4.0,
                12.0,
                4.0
              ],
              "uv": [
                0,
                32
              ],
              "inflate": 0.35
            }
          ],
          "parent": "root"
        },
        {
          "name": "LeftLeg",
          "pivot": [
            1.9,
            12,
            0
          ],
          "cubes": [
            {
              "origin": [
                -0.1,
                0.0,
                -2.0
              ],
              "size": [
                4.0,
                12.0,
                4.0
              ],
              "uv": [
                0,
                16
              ],
              "inflate": 0.15,
              "mirror": true
            },
            {
              "origin": [
                -0.1,
                0.0,
                -2.0
              ],
              "size": [
                4.0,
                12.0,
                4.0
              ],
              "uv": [
                0,
                32
              ],
              "inflate": 0.35,
              "mirror": true
            }
          ],
          "parent": "root"
        },
        {
          "name": "waist",
          "parent": "root"
        },
        {
          "name": "Body",
          "pivot": [
            0,
            24,
            0
          ],
          "cubes": [
            {
              "origin": [
                -4.0,
                12.0,
                -2.0
              ],
              "size": [
                8.0,
                12.0,
                4.0
              ],
              "uv": [
                16,
                16
              ],
              "inflate": 0.35
            },
            {
              "origin": [
                -4.0,
                11.2,
                -2.0
              ],
              "size": [
                8.0,
                12.8,
                4.0
              ],
              "uv": [
                16,
                32
              ],
              "inflate": 0.45
            }
          ],
          "parent": "waist"
        },
        {
          "name": "Head",
          "pivot": [
            0,
            24,
            0
          ],
          "cubes": [
            {
              "origin": [
                -4.0,
                24.0,
                -4.0
              ],
              "size": [
                8.0,
                8.0,
                8.0
              ],
              "pivot": [
                0.0,
                24.0,
                0.0
              ],
              "rotation": [
                2.5,
                0.0,
                0.0
              ],
              "uv": [
                0,
                0
              ],
              "inflate": -0.65
            }
          ],
          "parent": "Body"
        },
        {
          "name": "RightArm",
          "pivot": [
            -5,
            22,
            0
          ],
          "cubes": [
            {
              "origin": [
                -8.0,
                12.0,
                -2.0
              ],
              "size": [
                4.0,
                12.0,
                4.0
              ],
              "uv": [
                40,
                16
              ],
              "inflate": 0.35
            },
            {
              "origin": [
                -8.0,
                12.0,
                -2.0
              ],
              "size": [
                4.0,
                12.0,
                4.0
              ],
              "uv": [
                40,
                32
              ],
              "inflate": 0.35
            },
            {
              "origin": [
                -8.01296,
                19.99042,
                -2.70043
              ],
              "size": [
                4.0,
                4.0,
                5.0
              ],
              "pivot": [
                -3.0,
                24.0,
                0.0
              ],
              "rotation": [
                1.8309,
                2.47571,
                8.49758
              ],
              "uv": [
                40,
                32
              ],
              "inflate": 0.35
            }
          ],
          "parent": "Body",
          "rotation": [
            0,
            0,
            5
          ]
        },
        {
          "name": "LeftArm",
          "pivot": [
            5,
            22,
            0
          ],
          "cubes": [
            {
              "origin": [
                4.0,
                12.0,
                -2.0
              ],
              "size": [
                4.0,
                12.0,
                4.0
              ],
              "uv": [
                40,
                16
              ],
              "inflate": 0.35,
              "mirror": true
            },
            {
              "origin": [
                4.0,
                12.0,
                -2.0
              ],
              "size": [
                4.0,
                12.0,
                4.0
              ],
              "uv": [
                40,
                32
              ],
              "inflate": 0.35,
              "mirror": true
            },
            {
              "origin": [
                4.0,
                20.0,
                -2.7
              ],
              "size": [
                4.0,
                4.0,
                5.0
              ],
              "pivot": [
                3.0,
                24.2,
                0.0
              ],
              "rotation": [
                0.0,
                0.0,
                -12.5
              ],
              "uv": [
                40,
                32
              ],
              "inflate": 0.35,
              "mirror": true
            }
          ],
          "parent": "Body",
          "rotation": [
            0,
            0,
            -5
          ]
        }
      ]
    }
  ]
}