{
  "format_version": "1.12.0",
  "minecraft:geometry": [
    {
      "description": {
        "identifier": "geometry.mc_pmkinbomb_bullet",
        "texture_width": 16,
        "texture_height": 16,
        "visible_bounds_width": 2,
        "visible_bounds_height": 1.5,
        "visible_bounds_offset": [
          0,
          0.25,
          0
        ]
      },
      "bones": [
        {
          "name": "bone",
          "cubes": [
            {
              "origin": [
                -2.0,
                0.0,
                -1.0
              ],
              "size": [
                3.0,
                3.0,
                3.0
              ],
              "uv": [
                0,
                0
              ],
              "inflate": 0
            },
            {
              "origin": [
                -2.2,
                0.0,
                -1.4
              ],
              "size": [
                3.0,
                3.0,
                3.0
              ],
              "rotation": [
                0.0,
                42.5,
                0.0
              ],
              "uv": [
                0,
                0
              ],
              "inflate": 0
            },
            {
              "origin": [
                -2.2,
                0.0,
                -1.4
              ],
              "size": [
                3.0,
                3.0,
                3.0
              ],
              "rotation": [
                0.0,
                24.5,
                0.0
              ],
              "uv": [
                0,
                0
              ],
              "inflate": 0
            },
            {
              "origin": [
                -2.2,
                0.0,
                -1.4
              ],
              "size": [
                3.0,
                3.0,
                3.0
              ],
              "rotation": [
                0.0,
                20.5,
                0.0
              ],
              "uv": [
                0,
                0
              ],
              "inflate": 0
            }
          ]
        }
      ]
    }
  ]
}