{
  "format_version": "1.12.0",
  "minecraft:geometry": [
    {
      "description": {
        "identifier": "geometry.nk_spiderman2099",
        "texture_width": 64,
        "texture_height": 64,
        "visible_bounds_width": 3,
        "visible_bounds_height": 4.5,
        "visible_bounds_offset": [
          0,
          0.75,
          0
        ]
      },
      "bones": [
        {
          "name": "root"
        },
        {
          "name": "leftLeg",
          "pivot": [
            1.9,
            12,
            0
          ],
          "cubes": [
            {
              "origin": [
                0.0,
                0.0,
                -2.0
              ],
              "size": [
                4.0,
                12.0,
                4.0
              ],
              "uv": {
                "north": {
                  "uv": [
                    28,
                    32
                  ],
                  "uv_size": [
                    4,
                    12
                  ]
                },
                "east": {
                  "uv": [
                    36,
                    0
                  ],
                  "uv_size": [
                    4,
                    12
                  ]
                },
                "south": {
                  "uv": [
                    36,
                    12
                  ],
                  "uv_size": [
                    4,
                    12
                  ]
                },
                "west": {
                  "uv": [
                    36,
                    24
                  ],
                  "uv_size": [
                    4,
                    12
                  ]
                },
                "up": {
                  "uv": [
                    40,
                    24
                  ],
                  "uv_size": [
                    4,
                    4
                  ]
                },
                "down": {
                  "uv": [
                    40,
                    32
                  ],
                  "uv_size": [
                    4,
                    -4
                  ]
                }
              },
              "inflate": 0.1
            }
          ],
          "parent": "root"
        },
        {
          "name": "rightLeg",
          "pivot": [
            -1.9,
            12,
            0
          ],
          "cubes": [
            {
              "origin": [
                -4.0,
                0.0,
                -2.0
              ],
              "size": [
                4.0,
                12.0,
                4.0
              ],
              "uv": {
                "north": {
                  "uv": [
                    32,
                    0
                  ],
                  "uv_size": [
                    4,
                    12
                  ]
                },
                "east": {
                  "uv": [
                    32,
                    12
                  ],
                  "uv_size": [
                    4,
                    12
                  ]
                },
                "south": {
                  "uv": [
                    24,
                    32
                  ],
                  "uv_size": [
                    4,
                    12
                  ]
                },
                "west": {
                  "uv": [
                    32,
                    24
                  ],
                  "uv_size": [
                    4,
                    12
                  ]
                },
                "up": {
                  "uv": [
                    26,
                    4
                  ],
                  "uv_size": [
                    4,
                    4
                  ]
                },
                "down": {
                  "uv": [
                    40,
                    8
                  ],
                  "uv_size": [
                    4,
                    -4
                  ]
                }
              },
              "inflate": 0.1
            }
          ],
          "parent": "root"
        },
        {
          "name": "waist",
          "pivot": [
            0,
            12,
            0
          ],
          "parent": "root"
        },
        {
          "name": "body",
          "pivot": [
            0,
            24,
            0
          ],
          "cubes": [
            {
              "origin": [
                -4.5,
                12.55,
                -2.375
              ],
              "size": [
                9.0,
                11.5,
                0.0
              ],
              "uv": {
                "north": {
                  "uv": [
                    0,
                    0
                  ],
                  "uv_size": [
                    9,
                    13.5
                  ]
                },
                "east": {
                  "uv": [
                    0,
                    0
                  ],
                  "uv_size": [
                    0,
                    13.5
                  ]
                },
                "south": {
                  "uv": [
                    9,
                    0
                  ],
                  "uv_size": [
                    9,
                    13.5
                  ]
                },
                "west": {
                  "uv": [
                    0,
                    0
                  ],
                  "uv_size": [
                    0,
                    13.5
                  ]
                },
                "up": {
                  "uv": [
                    0,
                    0
                  ],
                  "uv_size": [
                    9,
                    0
                  ]
                },
                "down": {
                  "uv": [
                    0,
                    0
                  ],
                  "uv_size": [
                    9,
                    0
                  ]
                }
              },
              "inflate": 0
            },
            {
              "origin": [
                -4.0,
                12.0,
                -2.0
              ],
              "size": [
                8.0,
                12.0,
                4.0
              ],
              "uv": {
                "north": {
                  "uv": [
                    0,
                    14
                  ],
                  "uv_size": [
                    8,
                    12
                  ]
                },
                "east": {
                  "uv": [
                    16,
                    30
                  ],
                  "uv_size": [
                    4,
                    12
                  ]
                },
                "south": {
                  "uv": [
                    8,
                    14
                  ],
                  "uv_size": [
                    8,
                    12
                  ]
                },
                "west": {
                  "uv": [
                    20,
                    30
                  ],
                  "uv_size": [
                    4,
                    12
                  ]
                },
                "up": {
                  "uv": [
                    8,
                    38
                  ],
                  "uv_size": [
                    8,
                    4
                  ]
                },
                "down": {
                  "uv": [
                    40,
                    4
                  ],
                  "uv_size": [
                    8,
                    -4
                  ]
                }
              },
              "inflate": 0.1
            }
          ],
          "parent": "waist"
        },
        {
          "name": "head",
          "pivot": [
            0,
            24,
            0
          ],
          "cubes": [
            {
              "origin": [
                -4.0,
                24.0,
                -4.0
              ],
              "size": [
                8.0,
                8.0,
                8.0
              ],
              "uv": {
                "north": {
                  "uv": [
                    16,
                    14
                  ],
                  "uv_size": [
                    8,
                    8
                  ]
                },
                "east": {
                  "uv": [
                    18,
                    0
                  ],
                  "uv_size": [
                    8,
                    8
                  ]
                },
                "south": {
                  "uv": [
                    16,
                    22
                  ],
                  "uv_size": [
                    8,
                    8
                  ]
                },
                "west": {
                  "uv": [
                    24,
                    8
                  ],
                  "uv_size": [
                    8,
                    8
                  ]
                },
                "up": {
                  "uv": [
                    24,
                    16
                  ],
                  "uv_size": [
                    8,
                    8
                  ]
                },
                "down": {
                  "uv": [
                    24,
                    32
                  ],
                  "uv_size": [
                    8,
                    -8
                  ]
                }
              },
              "inflate": 0.1
            }
          ],
          "parent": "body"
        },
        {
          "name": "bone",
          "pivot": [
            0.05,
            12.35,
            -2.3
          ],
          "parent": "head"
        },
        {
          "name": "pv36",
          "pivot": [
            0.65,
            24.95,
            -4.58
          ],
          "cubes": [
            {
              "origin": [
                2.83099,
                26.69343,
                -4.46
              ],
              "size": [
                0.48,
                1.68,
                0.48
              ],
              "pivot": [
                3.31099,
                25.13343,
                -4.46
              ],
              "rotation": [
                0.0,
                45.0,
                -57.5
              ],
              "uv": {
                "north": {
                  "uv": [
                    15,
                    50
                  ],
                  "uv_size": [
                    0.5,
                    1.5
                  ]
                },
                "east": {
                  "uv": [
                    50,
                    23
                  ],
                  "uv_size": [
                    0.5,
                    1.5
                  ]
                },
                "south": {
                  "uv": [
                    50,
                    25
                  ],
                  "uv_size": [
                    0.5,
                    1.5
                  ]
                },
                "west": {
                  "uv": [
                    50,
                    27
                  ],
                  "uv_size": [
                    0.5,
                    1.5
                  ]
                },
                "up": {
                  "uv": [
                    51,
                    12
                  ],
                  "uv_size": [
                    0.5,
                    0.5
                  ]
                },
                "down": {
                  "uv": [
                    13,
                    51.5
                  ],
                  "uv_size": [
                    0.5,
                    -0.5
                  ]
                }
              },
              "inflate": 0
            },
            {
              "origin": [
                -0.13856,
                24.26962,
                -5.91123
              ],
              "size": [
                0.4224,
                2.3184,
                0.4224
              ],
              "pivot": [
                2.29024,
                23.78522,
                -5.66123
              ],
              "rotation": [
                0.0,
                45.0,
                0.0
              ],
              "uv": {
                "north": {
                  "uv": [
                    49,
                    32
                  ],
                  "uv_size": [
                    0.5,
                    2.5
                  ]
                },
                "east": {
                  "uv": [
                    35,
                    49
                  ],
                  "uv_size": [
                    0.5,
                    2.5
                  ]
                },
                "south": {
                  "uv": [
                    36,
                    49
                  ],
                  "uv_size": [
                    0.5,
                    2.5
                  ]
                },
                "west": {
                  "uv": [
                    37,
                    49
                  ],
                  "uv_size": [
                    0.5,
                    2.5
                  ]
                },
                "up": {
                  "uv": [
                    51,
                    13
                  ],
                  "uv_size": [
                    0.5,
                    0.5
                  ]
                },
                "down": {
                  "uv": [
                    14,
                    51.5
                  ],
                  "uv_size": [
                    0.5,
                    -0.5
                  ]
                }
              },
              "inflate": 0
            },
            {
              "origin": [
                -3.08475,
                26.97032,
                -6.82985
              ],
              "size": [
                0.48,
                2.89,
                0.48
              ],
              "pivot": [
                0.99525,
                26.02032,
                -7.42985
              ],
              "rotation": [
                0.0,
                45.0,
                55.0
              ],
              "uv": {
                "north": {
                  "uv": [
                    41,
                    48
                  ],
                  "uv_size": [
                    0.5,
                    3
                  ]
                },
                "east": {
                  "uv": [
                    48,
                    41
                  ],
                  "uv_size": [
                    0.5,
                    3
                  ]
                },
                "south": {
                  "uv": [
                    42,
                    48
                  ],
                  "uv_size": [
                    0.5,
                    3
                  ]
                },
                "west": {
                  "uv": [
                    43,
                    48
                  ],
                  "uv_size": [
                    0.5,
                    3
                  ]
                },
                "up": {
                  "uv": [
                    51,
                    20
                  ],
                  "uv_size": [
                    0.5,
                    0.5
                  ]
                },
                "down": {
                  "uv": [
                    51,
                    23.5
                  ],
                  "uv_size": [
                    0.5,
                    -0.5
                  ]
                }
              },
              "inflate": 0
            },
            {
              "origin": [
                2.12009,
                27.36205,
                -4.34
              ],
              "size": [
                0.48,
                2.88,
                0.48
              ],
              "pivot": [
                2.48009,
                25.44205,
                -4.46
              ],
              "rotation": [
                0.0,
                45.0,
                5.0
              ],
              "uv": {
                "north": {
                  "uv": [
                    44,
                    48
                  ],
                  "uv_size": [
                    0.5,
                    3
                  ]
                },
                "east": {
                  "uv": [
                    48,
                    44
                  ],
                  "uv_size": [
                    0.5,
                    3
                  ]
                },
                "south": {
                  "uv": [
                    45,
                    48
                  ],
                  "uv_size": [
                    0.5,
                    3
                  ]
                },
                "west": {
                  "uv": [
                    46,
                    48
                  ],
                  "uv_size": [
                    0.5,
                    3
                  ]
                },
                "up": {
                  "uv": [
                    51,
                    24
                  ],
                  "uv_size": [
                    0.5,
                    0.5
                  ]
                },
                "down": {
                  "uv": [
                    51,
                    25.5
                  ],
                  "uv_size": [
                    0.5,
                    -0.5
                  ]
                }
              },
              "inflate": 0
            },
            {
              "origin": [
                2.51756,
                25.33816,
                -4.17029
              ],
              "size": [
                0.48,
                2.04,
                0.48
              ],
              "pivot": [
                2.87756,
                26.77816,
                -4.29029
              ],
              "rotation": [
                0.0,
                -45.0,
                27.5
              ],
              "uv": {
                "north": {
                  "uv": [
                    2,
                    50
                  ],
                  "uv_size": [
                    0.5,
                    2
                  ]
                },
                "east": {
                  "uv": [
                    3,
                    50
                  ],
                  "uv_size": [
                    0.5,
                    2
                  ]
                },
                "south": {
                  "uv": [
                    4,
                    50
                  ],
                  "uv_size": [
                    0.5,
                    2
                  ]
                },
                "west": {
                  "uv": [
                    5,
                    50
                  ],
                  "uv_size": [
                    0.5,
                    2
                  ]
                },
                "up": {
                  "uv": [
                    51,
                    26
                  ],
                  "uv_size": [
                    0.5,
                    0.5
                  ]
                },
                "down": {
                  "uv": [
                    51,
                    27.5
                  ],
                  "uv_size": [
                    0.5,
                    -0.5
                  ]
                }
              },
              "inflate": 0
            }
          ],
          "parent": "bone"
        },
        {
          "name": "bone2",
          "pivot": [
            -0.05,
            12.35,
            -2.3
          ],
          "parent": "head"
        },
        {
          "name": "wee3w",
          "pivot": [
            -0.65,
            24.95,
            -4.58
          ],
          "cubes": [
            {
              "origin": [
                2.60475,
                26.97032,
                -6.82985
              ],
              "size": [
                0.48,
                2.89,
                0.48
              ],
              "pivot": [
                -0.99525,
                26.02032,
                -7.42985
              ],
              "rotation": [
                0.0,
                -45.0,
                -55.0
              ],
              "uv": {
                "north": {
                  "uv": [
                    29,
                    48
                  ],
                  "uv_size": [
                    0.5,
                    3
                  ]
                },
                "east": {
                  "uv": [
                    30,
                    48
                  ],
                  "uv_size": [
                    0.5,
                    3
                  ]
                },
                "south": {
                  "uv": [
                    31,
                    48
                  ],
                  "uv_size": [
                    0.5,
                    3
                  ]
                },
                "west": {
                  "uv": [
                    48,
                    31
                  ],
                  "uv_size": [
                    0.5,
                    3
                  ]
                },
                "up": {
                  "uv": [
                    50,
                    45
                  ],
                  "uv_size": [
                    0.5,
                    0.5
                  ]
                },
                "down": {
                  "uv": [
                    50,
                    46.5
                  ],
                  "uv_size": [
                    0.5,
                    -0.5
                  ]
                }
              },
              "inflate": 0
            },
            {
              "origin": [
                -2.60009,
                27.36205,
                -4.34
              ],
              "size": [
                0.48,
                2.88,
                0.48
              ],
              "pivot": [
                -2.48009,
                25.44205,
                -4.46
              ],
              "rotation": [
                0.0,
                -45.0,
                -5.0
              ],
              "uv": {
                "north": {
                  "uv": [
                    32,
                    48
                  ],
                  "uv_size": [
                    0.5,
                    3
                  ]
                },
                "east": {
                  "uv": [
                    33,
                    48
                  ],
                  "uv_size": [
                    0.5,
                    3
                  ]
                },
                "south": {
                  "uv": [
                    34,
                    48
                  ],
                  "uv_size": [
                    0.5,
                    3
                  ]
                },
                "west": {
                  "uv": [
                    48,
                    34
                  ],
                  "uv_size": [
                    0.5,
                    3
                  ]
                },
                "up": {
                  "uv": [
                    50,
                    47
                  ],
                  "uv_size": [
                    0.5,
                    0.5
                  ]
                },
                "down": {
                  "uv": [
                    48,
                    50.5
                  ],
                  "uv_size": [
                    0.5,
                    -0.5
                  ]
                }
              },
              "inflate": 0
            },
            {
              "origin": [
                -2.99756,
                25.33816,
                -4.17029
              ],
              "size": [
                0.48,
                2.04,
                0.48
              ],
              "pivot": [
                -2.87756,
                26.77816,
                -4.29029
              ],
              "rotation": [
                0.0,
                45.0,
                -27.5
              ],
              "uv": {
                "north": {
                  "uv": [
                    49,
                    35
                  ],
                  "uv_size": [
                    0.5,
                    2
                  ]
                },
                "east": {
                  "uv": [
                    49,
                    44
                  ],
                  "uv_size": [
                    0.5,
                    2
                  ]
                },
                "south": {
                  "uv": [
                    49,
                    46
                  ],
                  "uv_size": [
                    0.5,
                    2
                  ]
                },
                "west": {
                  "uv": [
                    49,
                    48
                  ],
                  "uv_size": [
                    0.5,
                    2
                  ]
                },
                "up": {
                  "uv": [
                    50,
                    48
                  ],
                  "uv_size": [
                    0.5,
                    0.5
                  ]
                },
                "down": {
                  "uv": [
                    49,
                    50.5
                  ],
                  "uv_size": [
                    0.5,
                    -0.5
                  ]
                }
              },
              "inflate": 0
            },
            {
              "origin": [
                -0.10706,
                24.26962,
                -5.83801
              ],
              "size": [
                0.4224,
                2.3184,
                0.4224
              ],
              "pivot": [
                -2.11346,
                23.78522,
                -5.83801
              ],
              "rotation": [
                0.0,
                -45.0,
                0.0
              ],
              "uv": {
                "north": {
                  "uv": [
                    49,
                    23
                  ],
                  "uv_size": [
                    0.5,
                    2.5
                  ]
                },
                "east": {
                  "uv": [
                    24,
                    49
                  ],
                  "uv_size": [
                    0.5,
                    2.5
                  ]
                },
                "south": {
                  "uv": [
                    25,
                    49
                  ],
                  "uv_size": [
                    0.5,
                    2.5
                  ]
                },
                "west": {
                  "uv": [
                    26,
                    49
                  ],
                  "uv_size": [
                    0.5,
                    2.5
                  ]
                },
                "up": {
                  "uv": [
                    50,
                    49
                  ],
                  "uv_size": [
                    0.5,
                    0.5
                  ]
                },
                "down": {
                  "uv": [
                    50,
                    50.5
                  ],
                  "uv_size": [
                    0.5,
                    -0.5
                  ]
                }
              },
              "inflate": 0
            },
            {
              "origin": [
                -3.31099,
                26.69343,
                -4.46
              ],
              "size": [
                0.48,
                1.68,
                0.48
              ],
              "pivot": [
                -3.31099,
                25.13343,
                -4.46
              ],
              "rotation": [
                0.0,
                -45.0,
                57.5
              ],
              "uv": {
                "north": {
                  "uv": [
                    10,
                    50
                  ],
                  "uv_size": [
                    0.5,
                    1.5
                  ]
                },
                "east": {
                  "uv": [
                    11,
                    50
                  ],
                  "uv_size": [
                    0.5,
                    1.5
                  ]
                },
                "south": {
                  "uv": [
                    12,
                    50
                  ],
                  "uv_size": [
                    0.5,
                    1.5
                  ]
                },
                "west": {
                  "uv": [
                    50,
                    12
                  ],
                  "uv_size": [
                    0.5,
                    1.5
                  ]
                },
                "up": {
                  "uv": [
                    51,
                    6
                  ],
                  "uv_size": [
                    0.5,
                    0.5
                  ]
                },
                "down": {
                  "uv": [
                    51,
                    7.5
                  ],
                  "uv_size": [
                    0.5,
                    -0.5
                  ]
                }
              },
              "inflate": 0
            }
          ],
          "parent": "bone2"
        },
        {
          "name": "rightArm",
          "pivot": [
            -5,
            22,
            0
          ],
          "cubes": [
            {
              "origin": [
                -4.6,
                23.35,
                -2.2
              ],
              "size": [
                0.35,
                0.75,
                2.7
              ],
              "uv": {
                "north": {
                  "uv": [
                    50,
                    32
                  ],
                  "uv_size": [
                    0.5,
                    1
                  ]
                },
                "east": {
                  "uv": [
                    48,
                    9
                  ],
                  "uv_size": [
                    2.5,
                    1
                  ]
                },
                "south": {
                  "uv": [
                    50,
                    33
                  ],
                  "uv_size": [
                    0.5,
                    1
                  ]
                },
                "west": {
                  "uv": [
                    48,
                    10
                  ],
                  "uv_size": [
                    2.5,
                    1
                  ]
                },
                "up": {
                  "uv": [
                    49,
                    26
                  ],
                  "uv_size": [
                    0.5,
                    2.5
                  ]
                },
                "down": {
                  "uv": [
                    49,
                    31.5
                  ],
                  "uv_size": [
                    0.5,
                    -2.5
                  ]
                }
              },
              "inflate": 0.1
            },
            {
              "origin": [
                -7.85,
                24.1,
                -0.5
              ],
              "size": [
                2.85,
                0.25,
                1.0
              ],
              "uv": {
                "north": {
                  "uv": [
                    35,
                    48
                  ],
                  "uv_size": [
                    3,
                    0.5
                  ]
                },
                "east": {
                  "uv": [
                    50,
                    34
                  ],
                  "uv_size": [
                    1,
                    0.5
                  ]
                },
                "south": {
                  "uv": [
                    48,
                    37
                  ],
                  "uv_size": [
                    3,
                    0.5
                  ]
                },
                "west": {
                  "uv": [
                    50,
                    35
                  ],
                  "uv_size": [
                    1,
                    0.5
                  ]
                },
                "up": {
                  "uv": [
                    48,
                    6
                  ],
                  "uv_size": [
                    3,
                    1
                  ]
                },
                "down": {
                  "uv": [
                    48,
                    8
                  ],
                  "uv_size": [
                    3,
                    -1
                  ]
                }
              },
              "inflate": 0.1
            },
            {
              "origin": [
                -4.85,
                23.35,
                -1.925
              ],
              "size": [
                0.35,
                1.0,
                2.175
              ],
              "uv": {
                "north": {
                  "uv": [
                    50,
                    36
                  ],
                  "uv_size": [
                    0.5,
                    1
                  ]
                },
                "east": {
                  "uv": [
                    22,
                    12
                  ],
                  "uv_size": [
                    2,
                    1
                  ]
                },
                "south": {
                  "uv": [
                    50,
                    38
                  ],
                  "uv_size": [
                    0.5,
                    1
                  ]
                },
                "west": {
                  "uv": [
                    22,
                    13
                  ],
                  "uv_size": [
                    2,
                    1
                  ]
                },
                "up": {
                  "uv": [
                    0,
                    50
                  ],
                  "uv_size": [
                    0.5,
                    2
                  ]
                },
                "down": {
                  "uv": [
                    1,
                    52
                  ],
                  "uv_size": [
                    0.5,
                    -2
                  ]
                }
              },
              "inflate": 0.1
            },
            {
              "origin": [
                -8.0,
                12.0,
                -2.0
              ],
              "size": [
                4.0,
                12.0,
                4.0
              ],
              "uv": {
                "north": {
                  "uv": [
                    0,
                    26
                  ],
                  "uv_size": [
                    4,
                    12
                  ]
                },
                "east": {
                  "uv": [
                    4,
                    26
                  ],
                  "uv_size": [
                    4,
                    12
                  ]
                },
                "south": {
                  "uv": [
                    8,
                    26
                  ],
                  "uv_size": [
                    4,
                    12
                  ]
                },
                "west": {
                  "uv": [
                    12,
                    26
                  ],
                  "uv_size": [
                    4,
                    12
                  ]
                },
                "up": {
                  "uv": [
                    18,
                    8
                  ],
                  "uv_size": [
                    4,
                    4
                  ]
                },
                "down": {
                  "uv": [
                    26,
                    4
                  ],
                  "uv_size": [
                    4,
                    -4
                  ]
                }
              },
              "inflate": 0.1
            },
            {
              "origin": [
                -7.75,
                24.0,
                -1.75
              ],
              "size": [
                3.5,
                0.25,
                3.5
              ],
              "uv": {
                "north": {
                  "uv": [
                    14,
                    48
                  ],
                  "uv_size": [
                    3.5,
                    0.5
                  ]
                },
                "east": {
                  "uv": [
                    48,
                    14
                  ],
                  "uv_size": [
                    3.5,
                    0.5
                  ]
                },
                "south": {
                  "uv": [
                    48,
                    15
                  ],
                  "uv_size": [
                    3.5,
                    0.5
                  ]
                },
                "west": {
                  "uv": [
                    48,
                    16
                  ],
                  "uv_size": [
                    3.5,
                    0.5
                  ]
                },
                "up": {
                  "uv": [
                    20,
                    42
                  ],
                  "uv_size": [
                    3.5,
                    3.5
                  ]
                },
                "down": {
                  "uv": [
                    44,
                    7.5
                  ],
                  "uv_size": [
                    3.5,
                    -3.5
                  ]
                }
              },
              "inflate": 0.1
            },
            {
              "origin": [
                -8.25,
                20.5,
                -1.75
              ],
              "size": [
                0.25,
                3.25,
                3.5
              ],
              "uv": {
                "north": {
                  "uv": [
                    31,
                    0
                  ],
                  "uv_size": [
                    0.5,
                    3.5
                  ]
                },
                "east": {
                  "uv": [
                    44,
                    8
                  ],
                  "uv_size": [
                    3.5,
                    3.5
                  ]
                },
                "south": {
                  "uv": [
                    31,
                    4
                  ],
                  "uv_size": [
                    0.5,
                    3.5
                  ]
                },
                "west": {
                  "uv": [
                    44,
                    12
                  ],
                  "uv_size": [
                    3.5,
                    3.5
                  ]
                },
                "up": {
                  "uv": [
                    48,
                    17
                  ],
                  "uv_size": [
                    0.5,
                    3.5
                  ]
                },
                "down": {
                  "uv": [
                    18,
                    51.5
                  ],
                  "uv_size": [
                    0.5,
                    -3.5
                  ]
                }
              },
              "inflate": 0.1
            },
            {
              "origin": [
                -8.35,
                20.35,
                -0.5
              ],
              "size": [
                3.6,
                3.5,
                1.0
              ],
              "uv": {
                "north": {
                  "uv": [
                    44,
                    16
                  ],
                  "uv_size": [
                    3.5,
                    3.5
                  ]
                },
                "east": {
                  "uv": [
                    22,
                    8
                  ],
                  "uv_size": [
                    1,
                    3.5
                  ]
                },
                "south": {
                  "uv": [
                    44,
                    20
                  ],
                  "uv_size": [
                    3.5,
                    3.5
                  ]
                },
                "west": {
                  "uv": [
                    23,
                    8
                  ],
                  "uv_size": [
                    1,
                    3.5
                  ]
                },
                "up": {
                  "uv": [
                    48,
                    2
                  ],
                  "uv_size": [
                    3.5,
                    1
                  ]
                },
                "down": {
                  "uv": [
                    48,
                    4
                  ],
                  "uv_size": [
                    3.5,
                    -1
                  ]
                }
              },
              "inflate": 0.1
            }
          ],
          "parent": "body"
        },
        {
          "name": "un",
          "pivot": [
            30.0788,
            64.2536,
            5.44
          ],
          "cubes": [
            {
              "origin": [
                41.09292,
                126.00607,
                -0.25789
              ],
              "size": [
                0.48188,
                3.21254,
                0.52907
              ],
              "pivot": [
                41.0723,
                125.96789,
                0.04627
              ],
              "rotation": [
                0.0,
                0.0,
                99.5
              ],
              "uv": {
                "north": {
                  "uv": [
                    38,
                    48
                  ],
                  "uv_size": [
                    0.5,
                    3
                  ]
                },
                "east": {
                  "uv": [
                    48,
                    38
                  ],
                  "uv_size": [
                    0.5,
                    3
                  ]
                },
                "south": {
                  "uv": [
                    39,
                    48
                  ],
                  "uv_size": [
                    0.5,
                    3
                  ]
                },
                "west": {
                  "uv": [
                    40,
                    48
                  ],
                  "uv_size": [
                    0.5,
                    3
                  ]
                },
                "up": {
                  "uv": [
                    51,
                    8
                  ],
                  "uv_size": [
                    0.5,
                    0.5
                  ]
                },
                "down": {
                  "uv": [
                    51,
                    9.5
                  ],
                  "uv_size": [
                    0.5,
                    -0.5
                  ]
                }
              },
              "inflate": 0.1
            },
            {
              "origin": [
                41.09292,
                126.00607,
                -0.25789
              ],
              "size": [
                0.48188,
                2.01254,
                0.52907
              ],
              "pivot": [
                41.0723,
                125.96789,
                0.04627
              ],
              "rotation": [
                0.0,
                0.0,
                99.5
              ],
              "uv": {
                "north": {
                  "uv": [
                    38,
                    48
                  ],
                  "uv_size": [
                    0.5,
                    3
                  ]
                },
                "east": {
                  "uv": [
                    48,
                    38
                  ],
                  "uv_size": [
                    0.5,
                    3
                  ]
                },
                "south": {
                  "uv": [
                    39,
                    48
                  ],
                  "uv_size": [
                    0.5,
                    3
                  ]
                },
                "west": {
                  "uv": [
                    40,
                    48
                  ],
                  "uv_size": [
                    0.5,
                    3
                  ]
                },
                "up": {
                  "uv": [
                    51,
                    8
                  ],
                  "uv_size": [
                    0.5,
                    0.5
                  ]
                },
                "down": {
                  "uv": [
                    51,
                    9.5
                  ],
                  "uv_size": [
                    0.5,
                    -0.5
                  ]
                }
              },
              "inflate": 0.3
            },
            {
              "origin": [
                43.09292,
                127.00607,
                -0.25789
              ],
              "size": [
                0.48188,
                3.21254,
                0.52907
              ],
              "pivot": [
                41.0723,
                125.96789,
                0.04627
              ],
              "rotation": [
                0.0,
                0.0,
                99.5
              ],
              "uv": {
                "north": {
                  "uv": [
                    47,
                    48
                  ],
                  "uv_size": [
                    0.5,
                    3
                  ]
                },
                "east": {
                  "uv": [
                    48,
                    47
                  ],
                  "uv_size": [
                    0.5,
                    3
                  ]
                },
                "south": {
                  "uv": [
                    8,
                    49
                  ],
                  "uv_size": [
                    0.5,
                    3
                  ]
                },
                "west": {
                  "uv": [
                    9,
                    49
                  ],
                  "uv_size": [
                    0.5,
                    3
                  ]
                },
                "up": {
                  "uv": [
                    51,
                    28
                  ],
                  "uv_size": [
                    0.5,
                    0.5
                  ]
                },
                "down": {
                  "uv": [
                    29,
                    51.5
                  ],
                  "uv_size": [
                    0.5,
                    -0.5
                  ]
                }
              },
              "inflate": 0.1
            },
            {
              "origin": [
                43.09292,
                127.00607,
                -0.25789
              ],
              "size": [
                0.48188,
                2.31254,
                0.52907
              ],
              "pivot": [
                41.0723,
                125.96789,
                0.04627
              ],
              "rotation": [
                0.0,
                0.0,
                99.5
              ],
              "uv": {
                "north": {
                  "uv": [
                    47,
                    48
                  ],
                  "uv_size": [
                    0.5,
                    3
                  ]
                },
                "east": {
                  "uv": [
                    48,
                    47
                  ],
                  "uv_size": [
                    0.5,
                    3
                  ]
                },
                "south": {
                  "uv": [
                    8,
                    49
                  ],
                  "uv_size": [
                    0.5,
                    3
                  ]
                },
                "west": {
                  "uv": [
                    9,
                    49
                  ],
                  "uv_size": [
                    0.5,
                    3
                  ]
                },
                "up": {
                  "uv": [
                    51,
                    28
                  ],
                  "uv_size": [
                    0.5,
                    0.5
                  ]
                },
                "down": {
                  "uv": [
                    29,
                    51.5
                  ],
                  "uv_size": [
                    0.5,
                    -0.5
                  ]
                }
              },
              "inflate": 0.3
            },
            {
              "origin": [
                71.65314,
                126.63166,
                -0.25789
              ],
              "size": [
                1.51741,
                0.61175,
                0.52907
              ],
              "pivot": [
                56.0723,
                132.96789,
                7.04627
              ],
              "rotation": [
                0.0,
                0.0,
                132.0
              ],
              "uv": {
                "north": {
                  "uv": [
                    49,
                    20
                  ],
                  "uv_size": [
                    1.5,
                    0.5
                  ]
                },
                "east": {
                  "uv": [
                    51,
                    10
                  ],
                  "uv_size": [
                    0.5,
                    0.5
                  ]
                },
                "south": {
                  "uv": [
                    13,
                    50
                  ],
                  "uv_size": [
                    1.5,
                    0.5
                  ]
                },
                "west": {
                  "uv": [
                    51,
                    11
                  ],
                  "uv_size": [
                    0.5,
                    0.5
                  ]
                },
                "up": {
                  "uv": [
                    50,
                    17
                  ],
                  "uv_size": [
                    1.5,
                    0.5
                  ]
                },
                "down": {
                  "uv": [
                    50,
                    18.5
                  ],
                  "uv_size": [
                    1.5,
                    -0.5
                  ]
                }
              },
              "inflate": 0
            }
          ],
          "parent": "rightArm",
          "rotation": [
            0,
            0,
            -152.5
          ]
        },
        {
          "name": "leftArm",
          "pivot": [
            5,
            22,
            0
          ],
          "cubes": [
            {
              "origin": [
                4.25,
                23.35,
                -2.2
              ],
              "size": [
                0.35,
                0.75,
                2.7
              ],
              "uv": {
                "north": {
                  "uv": [
                    50.5,
                    32
                  ],
                  "uv_size": [
                    -0.5,
                    1
                  ]
                },
                "east": {
                  "uv": [
                    50.5,
                    10
                  ],
                  "uv_size": [
                    -2.5,
                    1
                  ]
                },
                "south": {
                  "uv": [
                    50.5,
                    33
                  ],
                  "uv_size": [
                    -0.5,
                    1
                  ]
                },
                "west": {
                  "uv": [
                    50.5,
                    9
                  ],
                  "uv_size": [
                    -2.5,
                    1
                  ]
                },
                "up": {
                  "uv": [
                    49.5,
                    26
                  ],
                  "uv_size": [
                    -0.5,
                    2.5
                  ]
                },
                "down": {
                  "uv": [
                    49.5,
                    31.5
                  ],
                  "uv_size": [
                    -0.5,
                    -2.5
                  ]
                }
              },
              "inflate": 0.1
            },
            {
              "origin": [
                5.0,
                24.1,
                -0.5
              ],
              "size": [
                2.85,
                0.25,
                1.0
              ],
              "uv": {
                "north": {
                  "uv": [
                    38,
                    48
                  ],
                  "uv_size": [
                    -3,
                    0.5
                  ]
                },
                "east": {
                  "uv": [
                    51,
                    35
                  ],
                  "uv_size": [
                    -1,
                    0.5
                  ]
                },
                "south": {
                  "uv": [
                    51,
                    37
                  ],
                  "uv_size": [
                    -3,
                    0.5
                  ]
                },
                "west": {
                  "uv": [
                    51,
                    34
                  ],
                  "uv_size": [
                    -1,
                    0.5
                  ]
                },
                "up": {
                  "uv": [
                    51,
                    6
                  ],
                  "uv_size": [
                    -3,
                    1
                  ]
                },
                "down": {
                  "uv": [
                    51,
                    8
                  ],
                  "uv_size": [
                    -3,
                    -1
                  ]
                }
              },
              "inflate": 0.1
            },
            {
              "origin": [
                4.5,
                23.35,
                -1.925
              ],
              "size": [
                0.35,
                1.0,
                2.175
              ],
              "uv": {
                "north": {
                  "uv": [
                    50.5,
                    36
                  ],
                  "uv_size": [
                    -0.5,
                    1
                  ]
                },
                "east": {
                  "uv": [
                    24,
                    13
                  ],
                  "uv_size": [
                    -2,
                    1
                  ]
                },
                "south": {
                  "uv": [
                    50.5,
                    38
                  ],
                  "uv_size": [
                    -0.5,
                    1
                  ]
                },
                "west": {
                  "uv": [
                    24,
                    12
                  ],
                  "uv_size": [
                    -2,
                    1
                  ]
                },
                "up": {
                  "uv": [
                    0.5,
                    50
                  ],
                  "uv_size": [
                    -0.5,
                    2
                  ]
                },
                "down": {
                  "uv": [
                    1.5,
                    52
                  ],
                  "uv_size": [
                    -0.5,
                    -2
                  ]
                }
              },
              "inflate": 0.1
            },
            {
              "origin": [
                4.0,
                12.0,
                -2.0
              ],
              "size": [
                4.0,
                12.0,
                4.0
              ],
              "uv": {
                "north": {
                  "uv": [
                    4,
                    26
                  ],
                  "uv_size": [
                    -4,
                    12
                  ]
                },
                "east": {
                  "uv": [
                    16,
                    26
                  ],
                  "uv_size": [
                    -4,
                    12
                  ]
                },
                "south": {
                  "uv": [
                    12,
                    26
                  ],
                  "uv_size": [
                    -4,
                    12
                  ]
                },
                "west": {
                  "uv": [
                    8,
                    26
                  ],
                  "uv_size": [
                    -4,
                    12
                  ]
                },
                "up": {
                  "uv": [
                    22,
                    8
                  ],
                  "uv_size": [
                    -4,
                    4
                  ]
                },
                "down": {
                  "uv": [
                    30,
                    4
                  ],
                  "uv_size": [
                    -4,
                    -4
                  ]
                }
              },
              "inflate": 0.1
            },
            {
              "origin": [
                4.25,
                24.0,
                -1.75
              ],
              "size": [
                3.5,
                0.25,
                3.5
              ],
              "uv": {
                "north": {
                  "uv": [
                    17.5,
                    48
                  ],
                  "uv_size": [
                    -3.5,
                    0.5
                  ]
                },
                "east": {
                  "uv": [
                    51.5,
                    16
                  ],
                  "uv_size": [
                    -3.5,
                    0.5
                  ]
                },
                "south": {
                  "uv": [
                    51.5,
                    15
                  ],
                  "uv_size": [
                    -3.5,
                    0.5
                  ]
                },
                "west": {
                  "uv": [
                    51.5,
                    14
                  ],
                  "uv_size": [
                    -3.5,
                    0.5
                  ]
                },
                "up": {
                  "uv": [
                    23.5,
                    42
                  ],
                  "uv_size": [
                    -3.5,
                    3.5
                  ]
                },
                "down": {
                  "uv": [
                    47.5,
                    7.5
                  ],
                  "uv_size": [
                    -3.5,
                    -3.5
                  ]
                }
              },
              "inflate": 0.1
            },
            {
              "origin": [
                8.0,
                20.5,
                -1.75
              ],
              "size": [
                0.25,
                3.25,
                3.5
              ],
              "uv": {
                "north": {
                  "uv": [
                    31.5,
                    0
                  ],
                  "uv_size": [
                    -0.5,
                    3.5
                  ]
                },
                "east": {
                  "uv": [
                    47.5,
                    12
                  ],
                  "uv_size": [
                    -3.5,
                    3.5
                  ]
                },
                "south": {
                  "uv": [
                    31.5,
                    4
                  ],
                  "uv_size": [
                    -0.5,
                    3.5
                  ]
                },
                "west": {
                  "uv": [
                    47.5,
                    8
                  ],
                  "uv_size": [
                    -3.5,
                    3.5
                  ]
                },
                "up": {
                  "uv": [
                    48.5,
                    17
                  ],
                  "uv_size": [
                    -0.5,
                    3.5
                  ]
                },
                "down": {
                  "uv": [
                    18.5,
                    51.5
                  ],
                  "uv_size": [
                    -0.5,
                    -3.5
                  ]
                }
              },
              "inflate": 0.1
            },
            {
              "origin": [
                4.75,
                20.35,
                -0.5
              ],
              "size": [
                3.6,
                3.5,
                1.0
              ],
              "uv": {
                "north": {
                  "uv": [
                    47.5,
                    16
                  ],
                  "uv_size": [
                    -3.5,
                    3.5
                  ]
                },
                "east": {
                  "uv": [
                    24,
                    8
                  ],
                  "uv_size": [
                    -1,
                    3.5
                  ]
                },
                "south": {
                  "uv": [
                    47.5,
                    20
                  ],
                  "uv_size": [
                    -3.5,
                    3.5
                  ]
                },
                "west": {
                  "uv": [
                    23,
                    8
                  ],
                  "uv_size": [
                    -1,
                    3.5
                  ]
                },
                "up": {
                  "uv": [
                    51.5,
                    2
                  ],
                  "uv_size": [
                    -3.5,
                    1
                  ]
                },
                "down": {
                  "uv": [
                    51.5,
                    4
                  ],
                  "uv_size": [
                    -3.5,
                    -1
                  ]
                }
              },
              "inflate": 0.1
            }
          ],
          "parent": "body"
        },
        {
          "name": "un2",
          "pivot": [
            -30.0788,
            64.2536,
            5.44
          ],
          "cubes": [
            {
              "origin": [
                -41.5748,
                126.00607,
                -0.25789
              ],
              "size": [
                0.48188,
                3.21254,
                0.52907
              ],
              "pivot": [
                -41.0723,
                125.96789,
                0.04627
              ],
              "rotation": [
                0.0,
                0.0,
                -99.5
              ],
              "uv": {
                "north": {
                  "uv": [
                    38.5,
                    48
                  ],
                  "uv_size": [
                    -0.5,
                    3
                  ]
                },
                "east": {
                  "uv": [
                    40.5,
                    48
                  ],
                  "uv_size": [
                    -0.5,
                    3
                  ]
                },
                "south": {
                  "uv": [
                    39.5,
                    48
                  ],
                  "uv_size": [
                    -0.5,
                    3
                  ]
                },
                "west": {
                  "uv": [
                    48.5,
                    38
                  ],
                  "uv_size": [
                    -0.5,
                    3
                  ]
                },
                "up": {
                  "uv": [
                    51.5,
                    8
                  ],
                  "uv_size": [
                    -0.5,
                    0.5
                  ]
                },
                "down": {
                  "uv": [
                    51.5,
                    9.5
                  ],
                  "uv_size": [
                    -0.5,
                    -0.5
                  ]
                }
              },
              "inflate": 0.1
            },
            {
              "origin": [
                -41.5748,
                126.00607,
                -0.25789
              ],
              "size": [
                0.48188,
                2.51254,
                0.52907
              ],
              "pivot": [
                -41.0723,
                125.96789,
                0.04627
              ],
              "rotation": [
                0.0,
                0.0,
                -99.5
              ],
              "uv": {
                "north": {
                  "uv": [
                    38.5,
                    48
                  ],
                  "uv_size": [
                    -0.5,
                    3
                  ]
                },
                "east": {
                  "uv": [
                    40.5,
                    48
                  ],
                  "uv_size": [
                    -0.5,
                    3
                  ]
                },
                "south": {
                  "uv": [
                    39.5,
                    48
                  ],
                  "uv_size": [
                    -0.5,
                    3
                  ]
                },
                "west": {
                  "uv": [
                    48.5,
                    38
                  ],
                  "uv_size": [
                    -0.5,
                    3
                  ]
                },
                "up": {
                  "uv": [
                    51.5,
                    8
                  ],
                  "uv_size": [
                    -0.5,
                    0.5
                  ]
                },
                "down": {
                  "uv": [
                    51.5,
                    9.5
                  ],
                  "uv_size": [
                    -0.5,
                    -0.5
                  ]
                }
              },
              "inflate": 0.3
            },
            {
              "origin": [
                -43.5748,
                127.00607,
                -0.25789
              ],
              "size": [
                0.48188,
                1.71254,
                0.52907
              ],
              "pivot": [
                -41.0723,
                125.96789,
                0.04627
              ],
              "rotation": [
                0.0,
                0.0,
                -99.5
              ],
              "uv": {
                "north": {
                  "uv": [
                    47.5,
                    48
                  ],
                  "uv_size": [
                    -0.5,
                    3
                  ]
                },
                "east": {
                  "uv": [
                    9.5,
                    49
                  ],
                  "uv_size": [
                    -0.5,
                    3
                  ]
                },
                "south": {
                  "uv": [
                    8.5,
                    49
                  ],
                  "uv_size": [
                    -0.5,
                    3
                  ]
                },
                "west": {
                  "uv": [
                    48.5,
                    47
                  ],
                  "uv_size": [
                    -0.5,
                    3
                  ]
                },
                "up": {
                  "uv": [
                    51.5,
                    28
                  ],
                  "uv_size": [
                    -0.5,
                    0.5
                  ]
                },
                "down": {
                  "uv": [
                    29.5,
                    51.5
                  ],
                  "uv_size": [
                    -0.5,
                    -0.5
                  ]
                }
              },
              "inflate": 0.3
            },
            {
              "origin": [
                -43.5748,
                127.00607,
                -0.25789
              ],
              "size": [
                0.48188,
                2.41254,
                0.52907
              ],
              "pivot": [
                -41.0723,
                125.96789,
                0.04627
              ],
              "rotation": [
                0.0,
                0.0,
                -99.5
              ],
              "uv": {
                "north": {
                  "uv": [
                    47.5,
                    48
                  ],
                  "uv_size": [
                    -0.5,
                    3
                  ]
                },
                "east": {
                  "uv": [
                    9.5,
                    49
                  ],
                  "uv_size": [
                    -0.5,
                    3
                  ]
                },
                "south": {
                  "uv": [
                    8.5,
                    49
                  ],
                  "uv_size": [
                    -0.5,
                    3
                  ]
                },
                "west": {
                  "uv": [
                    48.5,
                    47
                  ],
                  "uv_size": [
                    -0.5,
                    3
                  ]
                },
                "up": {
                  "uv": [
                    51.5,
                    28
                  ],
                  "uv_size": [
                    -0.5,
                    0.5
                  ]
                },
                "down": {
                  "uv": [
                    29.5,
                    51.5
                  ],
                  "uv_size": [
                    -0.5,
                    -0.5
                  ]
                }
              },
              "inflate": 0.1
            },
            {
              "origin": [
                -73.17055,
                126.63166,
                -0.25789
              ],
              "size": [
                1.51741,
                0.61175,
                0.52907
              ],
              "pivot": [
                -56.0723,
                132.96789,
                7.04627
              ],
              "rotation": [
                0.0,
                0.0,
                -132.0
              ],
              "uv": {
                "north": {
                  "uv": [
                    50.5,
                    20
                  ],
                  "uv_size": [
                    -1.5,
                    0.5
                  ]
                },
                "east": {
                  "uv": [
                    51.5,
                    11
                  ],
                  "uv_size": [
                    -0.5,
                    0.5
                  ]
                },
                "south": {
                  "uv": [
                    14.5,
                    50
                  ],
                  "uv_size": [
                    -1.5,
                    0.5
                  ]
                },
                "west": {
                  "uv": [
                    51.5,
                    10
                  ],
                  "uv_size": [
                    -0.5,
                    0.5
                  ]
                },
                "up": {
                  "uv": [
                    51.5,
                    17
                  ],
                  "uv_size": [
                    -1.5,
                    0.5
                  ]
                },
                "down": {
                  "uv": [
                    51.5,
                    18.5
                  ],
                  "uv_size": [
                    -1.5,
                    -0.5
                  ]
                }
              },
              "inflate": 0
            }
          ],
          "parent": "leftArm",
          "rotation": [
            0,
            0,
            152.5
          ]
        }
      ]
    }
  ]
}