{
  "format_version": "1.12.0",
  "minecraft:geometry": [
    {
      "description": {
        "identifier": "geometry.mc_vulture",
        "texture_width": 128,
        "texture_height": 128,
        "visible_bounds_width": 6,
        "visible_bounds_height": 3.5,
        "visible_bounds_offset": [
          0,
          1.25,
          0
        ]
      },
      "bones": [
        {
          "name": "root"
        },
        {
          "name": "RightLeg",
          "pivot": [
            -1.9,
            12,
            0
          ],
          "cubes": [
            {
              "origin": [
                -3.9,
                0.0,
                -2.0
              ],
              "size": [
                4.0,
                12.0,
                4.0
              ],
              "uv": [
                16,
                51
              ],
              "inflate": 0.15
            }
          ],
          "parent": "root"
        },
        {
          "name": "LeftLeg",
          "pivot": [
            1.9,
            12,
            0
          ],
          "cubes": [
            {
              "origin": [
                -0.1,
                0.0,
                -2.0
              ],
              "size": [
                4.0,
                12.0,
                4.0
              ],
              "uv": [
                0,
                51
              ],
              "inflate": 0.15
            }
          ],
          "parent": "root"
        },
        {
          "name": "waist",
          "parent": "root"
        },
        {
          "name": "Body",
          "pivot": [
            0,
            24,
            0
          ],
          "cubes": [
            {
              "origin": [
                -4.0,
                12.0,
                -2.0
              ],
              "size": [
                8.0,
                12.0,
                4.0
              ],
              "uv": [
                32,
                26
              ],
              "inflate": 0.15
            }
          ],
          "parent": "waist"
        },
        {
          "name": "qanot",
          "pivot": [
            0,
            23,
            2
          ],
          "cubes": [
            {
              "origin": [
                -11.5,
                23.0,
                2.0
              ],
              "size": [
                11.5,
                2.0,
                2.0
              ],
              "pivot": [
                0.0,
                23.0,
                2.0
              ],
              "rotation": [
                0.0,
                0.0,
                15.0
              ],
              "uv": [
                48,
                20
              ],
              "inflate": 0
            },
            {
              "origin": [
                -11.0,
                15.0,
                2.0
              ],
              "size": [
                11.0,
                8.0,
                1.0
              ],
              "pivot": [
                0.0,
                23.0,
                2.0
              ],
              "rotation": [
                0.0,
                0.0,
                15.0
              ],
              "uv": [
                24,
                42
              ],
              "inflate": 0
            },
            {
              "origin": [
                -33.0,
                26.6,
                1.7
              ],
              "size": [
                23.0,
                2.0,
                2.0
              ],
              "pivot": [
                0.0,
                23.0,
                2.0
              ],
              "rotation": [
                1.38927,
                1.35307,
                -4.89031
              ],
              "uv": [
                0,
                22
              ],
              "inflate": 0
            },
            {
              "origin": [
                -33.29975,
                14.77677,
                2.65563
              ],
              "size": [
                1.0,
                11.0,
                2.0
              ],
              "pivot": [
                -33.0,
                25.0,
                2.0
              ],
              "rotation": [
                1.60309,
                1.0913,
                5.10855
              ],
              "uv": [
                30,
                66
              ],
              "inflate": 0
            },
            {
              "origin": [
                -33.29975,
                11.77677,
                2.65563
              ],
              "size": [
                3.0,
                14.0,
                1.0
              ],
              "pivot": [
                -33.0,
                25.0,
                2.0
              ],
              "rotation": [
                1.60309,
                1.0913,
                5.10855
              ],
              "uv": [
                60,
                54
              ],
              "inflate": 0
            },
            {
              "origin": [
                -33.29975,
                11.77677,
                2.65563
              ],
              "size": [
                3.0,
                14.0,
                1.0
              ],
              "pivot": [
                -33.0,
                25.0,
                2.0
              ],
              "rotation": [
                1.80122,
                0.71853,
                17.60458
              ],
              "uv": [
                60,
                39
              ],
              "inflate": 0
            },
            {
              "origin": [
                -27.29975,
                14.77677,
                2.75563
              ],
              "size": [
                2.0,
                12.0,
                1.0
              ],
              "pivot": [
                -33.0,
                25.0,
                2.0
              ],
              "rotation": [
                1.60309,
                1.0913,
                5.10855
              ],
              "uv": [
                64,
                24
              ],
              "inflate": 0
            },
            {
              "origin": [
                -30.29975,
                12.77677,
                2.75563
              ],
              "size": [
                2.0,
                12.0,
                1.0
              ],
              "pivot": [
                -33.0,
                25.0,
                2.0
              ],
              "rotation": [
                1.60309,
                1.0913,
                5.10855
              ],
              "uv": [
                52,
                63
              ],
              "inflate": 0
            },
            {
              "origin": [
                -32.0,
                18.6,
                2.0
              ],
              "size": [
                22.0,
                8.0,
                1.0
              ],
              "pivot": [
                0.0,
                23.0,
                2.0
              ],
              "rotation": [
                1.38927,
                1.35307,
                -4.89031
              ],
              "uv": [
                0,
                9
              ],
              "inflate": 0
            },
            {
              "origin": [
                -21.0,
                17.6,
                1.0
              ],
              "size": [
                5.0,
                5.0,
                1.0
              ],
              "pivot": [
                0.0,
                23.0,
                2.0
              ],
              "rotation": [
                1.38927,
                1.35307,
                -4.89031
              ],
              "uv": [
                12,
                67
              ],
              "inflate": 0
            }
          ],
          "parent": "Body"
        },
        {
          "name": "qanot2",
          "pivot": [
            0,
            23,
            3
          ],
          "cubes": [
            {
              "origin": [
                -11.5,
                23.0,
                3.0
              ],
              "size": [
                11.5,
                2.0,
                2.0
              ],
              "pivot": [
                0.0,
                23.0,
                3.0
              ],
              "rotation": [
                0.0,
                0.0,
                15.0
              ],
              "uv": [
                48,
                16
              ],
              "inflate": 0
            },
            {
              "origin": [
                -11.0,
                15.0,
                3.0
              ],
              "size": [
                11.0,
                8.0,
                1.0
              ],
              "pivot": [
                0.0,
                23.0,
                3.0
              ],
              "rotation": [
                0.0,
                0.0,
                15.0
              ],
              "uv": [
                0,
                42
              ],
              "inflate": 0
            },
            {
              "origin": [
                -33.0,
                26.6,
                2.7
              ],
              "size": [
                23.0,
                2.0,
                2.0
              ],
              "pivot": [
                0.0,
                23.0,
                3.0
              ],
              "rotation": [
                1.38927,
                1.35307,
                -4.89031
              ],
              "uv": [
                0,
                18
              ],
              "inflate": 0
            },
            {
              "origin": [
                -33.29975,
                14.77677,
                3.65563
              ],
              "size": [
                1.0,
                11.0,
                2.0
              ],
              "pivot": [
                -33.0,
                25.0,
                3.0
              ],
              "rotation": [
                1.60309,
                1.0913,
                5.10855
              ],
              "uv": [
                46,
                63
              ],
              "inflate": 0
            },
            {
              "origin": [
                -33.29975,
                11.77677,
                3.65563
              ],
              "size": [
                3.0,
                14.0,
                1.0
              ],
              "pivot": [
                -33.0,
                25.0,
                3.0
              ],
              "rotation": [
                1.60309,
                1.0913,
                5.10855
              ],
              "uv": [
                56,
                24
              ],
              "inflate": 0
            },
            {
              "origin": [
                -33.29975,
                11.77677,
                4.65563
              ],
              "size": [
                3.0,
                14.0,
                1.0
              ],
              "pivot": [
                -33.0,
                25.0,
                3.0
              ],
              "rotation": [
                1.80122,
                0.71853,
                17.60458
              ],
              "uv": [
                32,
                51
              ],
              "inflate": 0
            },
            {
              "origin": [
                -27.29975,
                14.77677,
                2.75563
              ],
              "size": [
                2.0,
                12.0,
                1.0
              ],
              "pivot": [
                -33.0,
                25.0,
                3.0
              ],
              "rotation": [
                1.60309,
                1.0913,
                5.10855
              ],
              "uv": [
                40,
                63
              ],
              "inflate": 0
            },
            {
              "origin": [
                -30.29975,
                12.77677,
                2.75563
              ],
              "size": [
                2.0,
                12.0,
                1.0
              ],
              "pivot": [
                -33.0,
                25.0,
                3.0
              ],
              "rotation": [
                1.60309,
                1.0913,
                5.10855
              ],
              "uv": [
                62,
                0
              ],
              "inflate": 0
            },
            {
              "origin": [
                -32.0,
                18.6,
                3.0
              ],
              "size": [
                22.0,
                8.0,
                1.0
              ],
              "pivot": [
                0.0,
                23.0,
                3.0
              ],
              "rotation": [
                1.38927,
                1.35307,
                -4.89031
              ],
              "uv": [
                0,
                0
              ],
              "inflate": 0
            },
            {
              "origin": [
                -21.0,
                17.6,
                4.0
              ],
              "size": [
                5.0,
                5.0,
                1.0
              ],
              "pivot": [
                0.0,
                23.0,
                3.0
              ],
              "rotation": [
                1.38927,
                1.35307,
                -4.89031
              ],
              "uv": [
                0,
                67
              ],
              "inflate": 0
            }
          ],
          "parent": "Body",
          "rotation": [
            0,
            180,
            0
          ]
        },
        {
          "name": "Head",
          "pivot": [
            0,
            24,
            0
          ],
          "cubes": [
            {
              "origin": [
                -4.0,
                24.0,
                -4.0
              ],
              "size": [
                8.0,
                8.0,
                8.0
              ],
              "uv": [
                0,
                26
              ],
              "inflate": 0.15
            }
          ],
          "parent": "Body"
        },
        {
          "name": "RightArm",
          "pivot": [
            -5,
            22,
            0
          ],
          "cubes": [
            {
              "origin": [
                -8.0,
                12.0,
                -2.0
              ],
              "size": [
                4.0,
                12.0,
                4.0
              ],
              "uv": [
                44,
                47
              ],
              "inflate": 0.15
            }
          ],
          "parent": "Body"
        },
        {
          "name": "LeftArm",
          "pivot": [
            5,
            22,
            0
          ],
          "cubes": [
            {
              "origin": [
                4.0,
                12.0,
                -2.0
              ],
              "size": [
                4.0,
                12.0,
                4.0
              ],
              "uv": [
                46,
                0
              ],
              "inflate": 0.15
            }
          ],
          "parent": "Body"
        }
      ]
    }
  ]
}