{
  "format_version": "1.12.0",
  "minecraft:geometry": [
    {
      "description": {
        "identifier": "geometry.mc_websling_bullet",
        "texture_width": 32,
        "texture_height": 32,
        "visible_bounds_width": 2,
        "visible_bounds_height": 2.5,
        "visible_bounds_offset": [
          0,
          0.75,
          0
        ]
      },
      "bones": [
        {
          "name": "roote"
        },
        {
          "name": "patron",
          "cubes": [
            {
              "origin": [
                -4.0,
                0.0,
                0.0
              ],
              "size": [
                9.0,
                9.0,
                0.0
              ],
              "uv": [
                0,
                0
              ],
              "inflate": 0
            }
          ],
          "parent": "roote"
        }
      ]
    }
  ]
}