{
  "format_version": "1.12.0",
  "minecraft:geometry": [
    {
      "description": {
        "identifier": "geometry.mc_webszip_bullet",
        "texture_width": 128,
        "texture_height": 128,
        "visible_bounds_width": 13,
        "visible_bounds_height": 3,
        "visible_bounds_offset": [
          0,
          0.5,
          0
        ]
      },
      "bones": [
        {
          "name": "patron",
          "cubes": [
            {
              "origin": [
                -0.7,
                2.0,
                -106.1
              ],
              "size": [
                0.3,
                0.3,
                107.1
              ],
              "rotation": [
                -5.0,
                0.0,
                0.0
              ],
              "uv": {
                "north": {
                  "uv": [
                    2,
                    2
                  ],
                  "uv_size": [
                    1,
                    1
                  ]
                },
                "east": {
                  "uv": [
                    0,
                    0
                  ],
                  "uv_size": [
                    71,
                    1
                  ]
                },
                "south": {
                  "uv": [
                    2,
                    3
                  ],
                  "uv_size": [
                    1,
                    1
                  ]
                },
                "west": {
                  "uv": [
                    0,
                    1
                  ],
                  "uv_size": [
                    71,
                    1
                  ]
                },
                "up": {
                  "uv": [
                    0,
                    2
                  ],
                  "uv_size": [
                    1,
                    71
                  ]
                },
                "down": {
                  "uv": [
                    1,
                    73
                  ],
                  "uv_size": [
                    1,
                    -71
                  ]
                }
              },
              "inflate": 0
            }
          ]
        }
      ]
    }
  ]
}