{
  "format_version": "1.12.0",
  "minecraft:geometry": [
    {
      "description": {
        "identifier": "geometry.mc_webset_bullet",
        "texture_width": 16,
        "texture_height": 16,
        "visible_bounds_width": 2,
        "visible_bounds_height": 2.5,
        "visible_bounds_offset": [
          0,
          0.75,
          0
        ]
      },
      "bones": [
        {
          "name": "root",
          "pivot": [
            0,
            4,
            0
          ]
        },
        {
          "name": "Wb",
          "pivot": [
            0,
            4,
            0
          ],
          "cubes": [
            {
              "origin": [
                -5.0,
                4.0,
                0.0
              ],
              "size": [
                5.0,
                5.0,
                0.0
              ],
              "uv": [
                0,
                0
              ],
              "inflate": 0
            }
          ],
          "parent": "root"
        },
        {
          "name": "Wb4",
          "pivot": [
            0,
            4,
            0
          ],
          "cubes": [
            {
              "origin": [
                -5.0,
                4.0,
                0.0
              ],
              "size": [
                5.0,
                5.0,
                0.0
              ],
              "pivot": [
                0.0,
                4.0,
                0.0
              ],
              "rotation": [
                0.0,
                0.0,
                -90.0
              ],
              "uv": [
                0,
                0
              ],
              "inflate": 0
            }
          ],
          "parent": "root"
        },
        {
          "name": "Wb3",
          "pivot": [
            0,
            4,
            0
          ],
          "cubes": [
            {
              "origin": [
                -5.0,
                4.0,
                0.0
              ],
              "size": [
                5.0,
                5.0,
                0.0
              ],
              "pivot": [
                0.0,
                4.0,
                0.0
              ],
              "rotation": [
                0.0,
                0.0,
                -180.0
              ],
              "uv": [
                0,
                0
              ],
              "inflate": 0
            }
          ],
          "parent": "root"
        },
        {
          "name": "Wb2",
          "pivot": [
            0,
            4,
            0
          ],
          "cubes": [
            {
              "origin": [
                -5.0,
                4.0,
                0.0
              ],
              "size": [
                5.0,
                5.0,
                0.0
              ],
              "pivot": [
                0.0,
                4.0,
                0.0
              ],
              "rotation": [
                0.0,
                0.0,
                90.0
              ],
              "uv": [
                0,
                0
              ],
              "inflate": 0
            }
          ],
          "parent": "root"
        }
      ]
    }
  ]
}