{
	"format_version": "1.12.0",
	"minecraft:geometry": [
		{
			"description": {
				"identifier": "geometry.mc_suitcreator",
				"texture_width": 128,
				"texture_height": 128,
				"visible_bounds_width": 4,
				"visible_bounds_height": 3.5,
				"visible_bounds_offset": [0, 1.25, 0]
			},
			"bones": [
				{
					"name": "root",
					"pivot": [0, 0, 0]
				},
				{
					"name": "RightLeg",
					"parent": "root",
					"pivot": [-1.9, 12, 0]
				},
				{
					"name": "LeftLeg",
					"parent": "root",
					"pivot": [1.9, 12, 0]
				},
				{
					"name": "waist",
					"parent": "root",
					"pivot": [0, 0, 0]
				},
				{
					"name": "Body",
					"parent": "waist",
					"pivot": [0, 24, 0]
				},
				{
					"name": "Head",
					"parent": "Body",
					"pivot": [0, 24, 0]
				},
				{
					"name": "RightArm",
					"parent": "Body",
					"pivot": [-5, 22, 0]
				},
				{
					"name": "LeftArm",
					"parent": "Body",
					"pivot": [5, 22, 0]
				},
				{
					"name": "Ceys",
					"pivot": [0, 0, 0],
					"cubes": [
						{
							"origin": [0.3, 5.28109, 1.24519],
							"size": [6, 3, 11],
							"pivot": [3.3, 6.78109, 4.74519],
							"rotation": [31.5667, -17.2294, -10.3141],
							"uv": {
								"north": {"uv": [73.05, 102.6], "uv_size": [11, 3]},
								"east": {"uv": [58.05, 102.6], "uv_size": [15, 3]},
								"south": {"uv": [99.05, 102.6], "uv_size": [11, 3]},
								"west": {"uv": [84.05, 102.6], "uv_size": [15, 3]},
								"up": {"uv": [73.05, 87.6], "uv_size": [11, 15]},
								"down": {"uv": [84.05, 102.6], "uv_size": [11, -15]}
							}
						},
						{
							"origin": [-6.7, 5.28109, 1.24519],
							"size": [6, 3, 11],
							"pivot": [-3.7, 6.78109, 4.74519],
							"rotation": [32.49858, 21.46902, 13.12427],
							"uv": {
								"north": {"uv": [73.05, 102.6], "uv_size": [11, 3]},
								"east": {"uv": [58.05, 102.6], "uv_size": [15, 3]},
								"south": {"uv": [99.05, 102.6], "uv_size": [11, 3]},
								"west": {"uv": [84.05, 102.6], "uv_size": [15, 3]},
								"up": {"uv": [73.05, 87.6], "uv_size": [11, 15]},
								"down": {"uv": [84.05, 102.6], "uv_size": [11, -15]}
							}
						},
						{
							"origin": [-5.85476, 2.1874, -5.18504],
							"size": [6, 3, 11],
							"pivot": [-2.85476, 3.6874, 0.31496],
							"rotation": [-4.30093, -35.26268, 19.95291],
							"uv": {
								"north": {"uv": [73.05, 102.6], "uv_size": [11, 3]},
								"east": {"uv": [58.05, 102.6], "uv_size": [15, 3]},
								"south": {"uv": [99.05, 102.6], "uv_size": [11, 3]},
								"west": {"uv": [84.05, 102.6], "uv_size": [15, 3]},
								"up": {"uv": [73.05, 87.6], "uv_size": [11, 15]},
								"down": {"uv": [84.05, 102.6], "uv_size": [11, -15]}
							}
						},
						{
							"origin": [-0.85476, 3.1874, -6.18504],
							"size": [6, 3, 11],
							"pivot": [2.14524, 4.6874, -0.68504],
							"rotation": [17.49858, 21.46902, 13.12427],
							"uv": {
								"north": {"uv": [73.05, 102.6], "uv_size": [11, 3]},
								"east": {"uv": [58.05, 102.6], "uv_size": [15, 3]},
								"south": {"uv": [99.05, 102.6], "uv_size": [11, 3]},
								"west": {"uv": [84.05, 102.6], "uv_size": [15, 3]},
								"up": {"uv": [73.05, 87.6], "uv_size": [11, 15]},
								"down": {"uv": [84.05, 102.6], "uv_size": [11, -15]}
							}
						},
						{
							"origin": [-9.7, 2.28109, -6.75481],
							"size": [1, 3, 15],
							"pivot": [-6.7, 3.78109, -3.25481],
							"rotation": [0.02363, -2.16489, -1.2506],
							"uv": {
								"north": {"uv": [73.05, 102.6], "uv_size": [11, 3]},
								"east": {"uv": [58.05, 102.6], "uv_size": [15, 3]},
								"south": {"uv": [99.05, 102.6], "uv_size": [11, 3]},
								"west": {"uv": [84.05, 102.6], "uv_size": [15, 3]},
								"up": {"uv": [73.05, 87.6], "uv_size": [11, 15]},
								"down": {"uv": [84.05, 102.6], "uv_size": [11, -15]}
							}
						},
						{
							"origin": [8.35037, 2.24564, -6.81622],
							"size": [1.1, 3, 15],
							"pivot": [8.90037, 3.74564, 0.68378],
							"rotation": [0.02361, 0.33511, -1.24956],
							"uv": {
								"north": {"uv": [73.05, 102.6], "uv_size": [11, 3]},
								"east": {"uv": [58.05, 102.6], "uv_size": [15, 3]},
								"south": {"uv": [99.05, 102.6], "uv_size": [11, 3]},
								"west": {"uv": [84.05, 102.6], "uv_size": [15, 3]},
								"up": {"uv": [73.05, 87.6], "uv_size": [11, 15]},
								"down": {"uv": [84.05, 102.6], "uv_size": [11, -15]}
							}
						},
						{
							"origin": [-8.6, 2.28109, -6.75481],
							"size": [17.4, 3, 1],
							"pivot": [9.6, 3.78109, -3.25481],
							"rotation": [0.02361, 0.33511, -1.24956],
							"uv": {
								"north": {"uv": [73.05, 102.6], "uv_size": [11, 3]},
								"east": {"uv": [58.05, 102.6], "uv_size": [15, 3]},
								"south": {"uv": [99.05, 102.6], "uv_size": [11, 3]},
								"west": {"uv": [84.05, 102.6], "uv_size": [15, 3]},
								"up": {"uv": [73.05, 87.6], "uv_size": [11, 15]},
								"down": {"uv": [84.05, 102.6], "uv_size": [11, -15]}
							}
						},
						{
							"origin": [-9.6, 2.28109, 7.24519],
							"size": [18.4, 3, 1],
							"pivot": [9.6, 3.78109, 10.74519],
							"rotation": [0.02361, 0.33511, -1.24956],
							"uv": {
								"north": {"uv": [73.05, 102.6], "uv_size": [11, 3]},
								"east": {"uv": [58.05, 102.6], "uv_size": [15, 3]},
								"south": {"uv": [99.05, 102.6], "uv_size": [11, 3]},
								"west": {"uv": [84.05, 102.6], "uv_size": [15, 3]},
								"up": {"uv": [73.05, 87.6], "uv_size": [11, 15]},
								"down": {"uv": [84.05, 102.6], "uv_size": [11, -15]}
							}
						},
						{
							"origin": [-8, 4, 11],
							"size": [15, 4, 3],
							"uv": {
								"north": {"uv": [48, 124], "uv_size": [15, 4]},
								"east": {"uv": [45, 124], "uv_size": [3, 4]},
								"south": {"uv": [66, 124], "uv_size": [15, 4]},
								"west": {"uv": [63, 124], "uv_size": [3, 4]},
								"up": {"uv": [48, 121], "uv_size": [15, 3]},
								"down": {"uv": [63, 124], "uv_size": [15, -3]}
							}
						},
						{
							"origin": [5, 1.2, -1],
							"size": [15, 9, 3],
							"pivot": [12.5, 3.2, 0.5],
							"rotation": [0, 90, 85],
							"uv": {
								"north": {"uv": [48, 119], "uv_size": [15, 9]},
								"east": {"uv": [45, 119], "uv_size": [3, 9]},
								"south": {"uv": [66, 119], "uv_size": [15, 9]},
								"west": {"uv": [63, 119], "uv_size": [3, 9]},
								"up": {"uv": [48, 116], "uv_size": [15, 3]},
								"down": {"uv": [63, 119], "uv_size": [15, -3]}
							}
						},
						{
							"origin": [-21.9, 0.5, -1],
							"size": [15, 6.3, 3],
							"pivot": [-14.4, 2.5, 0.5],
							"rotation": [0, -90, -80],
							"uv": {
								"north": {"uv": [48, 124], "uv_size": [15, 4]},
								"east": {"uv": [45, 124], "uv_size": [3, 4]},
								"south": {"uv": [66, 124], "uv_size": [15, 4]},
								"west": {"uv": [63, 124], "uv_size": [3, 4]},
								"up": {"uv": [48, 121], "uv_size": [15, 3]},
								"down": {"uv": [63, 124], "uv_size": [15, -3]}
							}
						},
						{
							"origin": [-9, 3, -3],
							"size": [2, 1, 4],
							"pivot": [-13.5, 5, 0.5],
							"rotation": [0, -90, 0],
							"uv": {
								"north": {"uv": [49, 125], "uv_size": [2, 1]},
								"east": {"uv": [45, 125], "uv_size": [4, 1]},
								"south": {"uv": [55, 125], "uv_size": [2, 1]},
								"west": {"uv": [51, 125], "uv_size": [4, 1]},
								"up": {"uv": [49, 121], "uv_size": [2, 4]},
								"down": {"uv": [51, 125], "uv_size": [2, -4]}
							}
						},
						{
							"origin": [-9, 3, -13],
							"size": [2, 1, 4],
							"pivot": [-13.5, 5, -9.5],
							"rotation": [0, -90, 0],
							"uv": {
								"north": {"uv": [49, 125], "uv_size": [2, 1]},
								"east": {"uv": [45, 125], "uv_size": [4, 1]},
								"south": {"uv": [55, 125], "uv_size": [2, 1]},
								"west": {"uv": [51, 125], "uv_size": [4, 1]},
								"up": {"uv": [49, 121], "uv_size": [2, 4]},
								"down": {"uv": [51, 125], "uv_size": [2, -4]}
							}
						},
						{
							"origin": [5, 3, -1],
							"size": [2, 1, 4],
							"pivot": [11, 3.5, 1],
							"rotation": [0, 90, 0],
							"uv": {
								"north": {"uv": [49, 125], "uv_size": [2, 1]},
								"east": {"uv": [45, 125], "uv_size": [4, 1]},
								"south": {"uv": [55, 125], "uv_size": [2, 1]},
								"west": {"uv": [51, 125], "uv_size": [4, 1]},
								"up": {"uv": [49, 121], "uv_size": [2, 4]},
								"down": {"uv": [51, 125], "uv_size": [2, -4]}
							}
						},
						{
							"origin": [15, 3, -1],
							"size": [2, 1, 4],
							"pivot": [11, 3.5, 1],
							"rotation": [0, 90, 0],
							"uv": {
								"north": {"uv": [49, 125], "uv_size": [2, 1]},
								"east": {"uv": [45, 125], "uv_size": [4, 1]},
								"south": {"uv": [55, 125], "uv_size": [2, 1]},
								"west": {"uv": [51, 125], "uv_size": [4, 1]},
								"up": {"uv": [49, 121], "uv_size": [2, 4]},
								"down": {"uv": [51, 125], "uv_size": [2, -4]}
							}
						},
						{
							"origin": [10, 3.2, -4],
							"size": [2, 2, 3],
							"uv": {
								"north": {"uv": [45, 87], "uv_size": [2, 2]},
								"east": {"uv": [42, 87], "uv_size": [3, 2]},
								"south": {"uv": [50, 87], "uv_size": [2, 2]},
								"west": {"uv": [47, 87], "uv_size": [3, 2]},
								"up": {"uv": [45, 84], "uv_size": [2, 3]},
								"down": {"uv": [47, 87], "uv_size": [2, -3]}
							}
						},
						{
							"origin": [-14.8, 2.7, -4],
							"size": [2, 2, 3],
							"uv": {
								"north": {"uv": [45, 87], "uv_size": [2, 2]},
								"east": {"uv": [42, 87], "uv_size": [3, 2]},
								"south": {"uv": [50, 87], "uv_size": [2, 2]},
								"west": {"uv": [47, 87], "uv_size": [3, 2]},
								"up": {"uv": [45, 84], "uv_size": [2, 3]},
								"down": {"uv": [47, 87], "uv_size": [2, -3]}
							}
						},
						{
							"origin": [-16.1, 2.6, 1.9],
							"size": [3.3, 2, 3],
							"pivot": [-13.8, 2.6, 3.9],
							"rotation": [9.81988, -1.89876, 10.83687],
							"uv": {
								"north": {"uv": [45, 87], "uv_size": [2, 2]},
								"east": {"uv": [42, 87], "uv_size": [3, 2]},
								"south": {"uv": [50, 87], "uv_size": [2, 2]},
								"west": {"uv": [47, 87], "uv_size": [3, 2]},
								"up": {"uv": [45, 84], "uv_size": [2, 3]},
								"down": {"uv": [47, 87], "uv_size": [2, -3]}
							}
						},
						{
							"origin": [15.2, 3.2, 1],
							"size": [1, 2, 7.1],
							"pivot": [15.7, 3.2, 3],
							"rotation": [0, 0, -4],
							"uv": {
								"north": {"uv": [45, 87], "uv_size": [2, 2]},
								"east": {"uv": [42, 87], "uv_size": [3, 2]},
								"south": {"uv": [50, 87], "uv_size": [2, 2]},
								"west": {"uv": [47, 87], "uv_size": [3, 2]},
								"up": {"uv": [45, 84], "uv_size": [2, 3]},
								"down": {"uv": [47, 87], "uv_size": [2, -3]}
							}
						},
						{
							"origin": [15.2, 3.2, 0.5],
							"size": [4.4, 2, 0.8],
							"pivot": [15.7, 3.2, 2.5],
							"rotation": [0, -8, -4],
							"uv": {
								"north": {"uv": [45, 87], "uv_size": [2, 2]},
								"east": {"uv": [42, 87], "uv_size": [3, 2]},
								"south": {"uv": [50, 87], "uv_size": [2, 2]},
								"west": {"uv": [47, 87], "uv_size": [3, 2]},
								"up": {"uv": [45, 84], "uv_size": [2, 3]},
								"down": {"uv": [47, 87], "uv_size": [2, -3]}
							}
						},
						{
							"origin": [11.498, 10.26, -0.43],
							"size": [2.76, 0.56, 0.86],
							"pivot": [12.878, 10.54, 0],
							"rotation": [0, 0, -6],
							"uv": {
								"north": {"uv": [67, 73], "uv_size": [6, 1]},
								"east": {"uv": [66, 73], "uv_size": [1, 1]},
								"south": {"uv": [74, 73], "uv_size": [6, 1]},
								"west": {"uv": [73, 73], "uv_size": [1, 1]},
								"up": {"uv": [67, 72], "uv_size": [6, 1]},
								"down": {"uv": [73, 73], "uv_size": [6, -1]}
							}
						},
						{
							"origin": [9.298, 10.56, -0.43],
							"size": [2.76, 0.36, 0.86],
							"uv": {
								"north": {"uv": [67, 73], "uv_size": [6, 1]},
								"east": {"uv": [66, 73], "uv_size": [1, 1]},
								"south": {"uv": [74, 73], "uv_size": [6, 1]},
								"west": {"uv": [73, 73], "uv_size": [1, 1]},
								"up": {"uv": [67, 72], "uv_size": [6, 1]},
								"down": {"uv": [73, 73], "uv_size": [6, -1]}
							}
						},
						{
							"origin": [11.52, 9.5, -0.86],
							"size": [1.72, 1.42, 1.72],
							"pivot": [12.38, 10.06, 0],
							"rotation": [0, 0, 7.5],
							"uv": {
								"north": {"uv": [68, 74], "uv_size": [2, 2]},
								"east": {"uv": [66, 74], "uv_size": [2, 2]},
								"south": {"uv": [72, 74], "uv_size": [2, 2]},
								"west": {"uv": [70, 74], "uv_size": [2, 2]},
								"up": {"uv": [68, 72], "uv_size": [2, 2]},
								"down": {"uv": [70, 74], "uv_size": [2, -2]}
							}
						},
						{
							"origin": [-13.78, 11.8, -0.86],
							"size": [1.72, 1.42, 1.72],
							"pivot": [-12.92, 12.36, 0],
							"rotation": [0, 0, -0.5],
							"uv": {
								"north": {"uv": [68, 74], "uv_size": [2, 2]},
								"east": {"uv": [66, 74], "uv_size": [2, 2]},
								"south": {"uv": [72, 74], "uv_size": [2, 2]},
								"west": {"uv": [70, 74], "uv_size": [2, 2]},
								"up": {"uv": [68, 72], "uv_size": [2, 2]},
								"down": {"uv": [70, 74], "uv_size": [2, -2]}
							}
						},
						{
							"origin": [-14.68, 12.2, -0.66],
							"size": [3.52, 0.62, 1.32],
							"pivot": [-12.92, 12.36, 0],
							"rotation": [0, 0, -0.5],
							"uv": {
								"north": {"uv": [68, 74], "uv_size": [2, 2]},
								"east": {"uv": [66, 74], "uv_size": [2, 2]},
								"south": {"uv": [72, 74], "uv_size": [2, 2]},
								"west": {"uv": [70, 74], "uv_size": [2, 2]},
								"up": {"uv": [68, 72], "uv_size": [2, 2]},
								"down": {"uv": [70, 74], "uv_size": [2, -2]}
							}
						},
						{
							"origin": [9.5, 9.1, -1.5],
							"size": [0, 3, 3],
							"pivot": [9.5, 10.6, 0],
							"rotation": [0, -5, 0],
							"uv": {
								"north": {"uv": [0, 0], "uv_size": [1, 1]},
								"east": {"uv": [33, 68], "uv_size": [10, 10]},
								"south": {"uv": [0, 0], "uv_size": [1, 1]},
								"west": {"uv": [0, 0], "uv_size": [1, 1]},
								"up": {"uv": [1, 1], "uv_size": [-1, -1]},
								"down": {"uv": [1, 1], "uv_size": [-1, -1]}
							}
						},
						{
							"origin": [-13.1, 8.1, -2.2],
							"size": [0, 3, 3],
							"pivot": [-13.1, 9.6, -0.7],
							"rotation": [-5, 0, 90],
							"uv": {
								"north": {"uv": [0, 0], "uv_size": [1, 1]},
								"east": {"uv": [33, 68], "uv_size": [10, 10]},
								"south": {"uv": [0, 0], "uv_size": [1, 1]},
								"west": {"uv": [0, 0], "uv_size": [1, 1]},
								"up": {"uv": [1, 1], "uv_size": [-1, -1]},
								"down": {"uv": [1, 1], "uv_size": [-1, -1]}
							}
						},
						{
							"origin": [-12.5, 5.2, -1.5],
							"size": [0, 1.7, 1.7],
							"pivot": [-12.5, 6.7, 0],
							"rotation": [-5, 0, 90],
							"uv": {
								"north": {"uv": [0, 0], "uv_size": [1, 1]},
								"east": {"uv": [33, 68], "uv_size": [10, 10]},
								"south": {"uv": [0, 0], "uv_size": [1, 1]},
								"west": {"uv": [0, 0], "uv_size": [1, 1]},
								"up": {"uv": [1, 1], "uv_size": [-1, -1]},
								"down": {"uv": [1, 1], "uv_size": [-1, -1]}
							}
						},
						{
							"origin": [-12.8, 6.6, -2],
							"size": [0, 2.4, 2.4],
							"pivot": [-12.8, 8.1, -0.5],
							"rotation": [-5, 0, 90],
							"uv": {
								"north": {"uv": [0, 0], "uv_size": [1, 1]},
								"east": {"uv": [33, 68], "uv_size": [10, 10]},
								"south": {"uv": [0, 0], "uv_size": [1, 1]},
								"west": {"uv": [0, 0], "uv_size": [1, 1]},
								"up": {"uv": [1, 1], "uv_size": [-1, -1]},
								"down": {"uv": [1, 1], "uv_size": [-1, -1]}
							}
						},
						{
							"origin": [11.4, 9.1, -1.5],
							"size": [0, 3, 3],
							"pivot": [11.4, 10.6, 0],
							"rotation": [0, -5, 0],
							"uv": {
								"north": {"uv": [0, 0], "uv_size": [1, 1]},
								"east": {"uv": [33, 68], "uv_size": [10, 10]},
								"south": {"uv": [0, 0], "uv_size": [1, 1]},
								"west": {"uv": [0, 0], "uv_size": [1, 1]},
								"up": {"uv": [1, 1], "uv_size": [-1, -1]},
								"down": {"uv": [1, 1], "uv_size": [-1, -1]}
							}
						},
						{
							"origin": [11.9, 8.1, -2.5],
							"size": [0, 5, 5],
							"pivot": [11.9, 10.6, 0],
							"rotation": [0, -5, 0],
							"uv": {
								"north": {"uv": [0, 0], "uv_size": [1, 1]},
								"east": {"uv": [33, 68], "uv_size": [10, 10]},
								"south": {"uv": [0, 0], "uv_size": [1, 1]},
								"west": {"uv": [0, 0], "uv_size": [1, 1]},
								"up": {"uv": [1, 1], "uv_size": [-1, -1]},
								"down": {"uv": [1, 1], "uv_size": [-1, -1]}
							}
						},
						{
							"origin": [10.9, 7.6, -3],
							"size": [0, 6, 6],
							"pivot": [10.9, 10.6, 0],
							"rotation": [0, -5, 0],
							"uv": {
								"north": {"uv": [0, 0], "uv_size": [1, 1]},
								"east": {"uv": [47, 68], "uv_size": [10, 10]},
								"south": {"uv": [0, 0], "uv_size": [1, 1]},
								"west": {"uv": [0, 0], "uv_size": [1, 1]},
								"up": {"uv": [1, 1], "uv_size": [-1, -1]},
								"down": {"uv": [1, 1], "uv_size": [-1, -1]}
							}
						},
						{
							"origin": [-13.1, 10.6, -3],
							"size": [0, 6, 6],
							"pivot": [-13.1, 13.6, 0],
							"rotation": [-5, 0, 90],
							"uv": {
								"north": {"uv": [0, 0], "uv_size": [1, 1]},
								"east": {"uv": [47, 68], "uv_size": [10, 10]},
								"south": {"uv": [0, 0], "uv_size": [1, 1]},
								"west": {"uv": [0, 0], "uv_size": [1, 1]},
								"up": {"uv": [1, 1], "uv_size": [-1, -1]},
								"down": {"uv": [1, 1], "uv_size": [-1, -1]}
							}
						},
						{
							"origin": [-13.1, 8, -3.6],
							"size": [0, 7.2, 7.2],
							"pivot": [-13.1, 11.6, 0],
							"rotation": [-5, 0, 90],
							"uv": {
								"north": {"uv": [0, 0], "uv_size": [1, 1]},
								"east": {"uv": [47, 68], "uv_size": [10, 10]},
								"south": {"uv": [0, 0], "uv_size": [1, 1]},
								"west": {"uv": [0, 0], "uv_size": [1, 1]},
								"up": {"uv": [1, 1], "uv_size": [-1, -1]},
								"down": {"uv": [1, 1], "uv_size": [-1, -1]}
							}
						},
						{
							"origin": [-10, 0, -7],
							"size": [19, 4, 15],
							"uv": {
								"north": {"uv": [15, 118], "uv_size": [19, 4]},
								"east": {"uv": [0, 118], "uv_size": [15, 4]},
								"south": {"uv": [49, 118], "uv_size": [19, 4]},
								"west": {"uv": [34, 118], "uv_size": [15, 4]},
								"up": {"uv": [15, 103], "uv_size": [19, 15]},
								"down": {"uv": [34, 118], "uv_size": [19, -15]}
							}
						},
						{
							"origin": [13.8, 8.2, -2.4],
							"size": [0, 4.8, 4.8],
							"pivot": [13.8, 10.6, 0],
							"rotation": [0, -5, 0],
							"uv": {
								"north": {"uv": [0, 0], "uv_size": [1, 1]},
								"east": {"uv": [47, 68], "uv_size": [10, 10]},
								"south": {"uv": [0, 0], "uv_size": [1, 1]},
								"west": {"uv": [0, 0], "uv_size": [1, 1]},
								"up": {"uv": [1, 1], "uv_size": [-1, -1]},
								"down": {"uv": [1, 1], "uv_size": [-1, -1]}
							}
						}
					]
				}
			]
		}
	]
}