{
	"format_version": "1.12.0",
	"minecraft:geometry": [
		{
			"description": {
				"identifier": "geometry.nk_mysterio",
				"texture_width": 128,
				"texture_height": 128,
				"visible_bounds_width": 3,
				"visible_bounds_height": 3.5,
				"visible_bounds_offset": [0, 1.25, 0]
			},
			"bones": [
				{
					"name": "root",
					"pivot": [0, 0, 0]
				},
				{
					"name": "RightLeg",
					"parent": "root",
					"pivot": [-1.9, 12, 0],
					"cubes": [
						{
							"origin": [-3.9, 0, -2],
							"size": [4, 12, 4],
							"inflate": 0.15,
							"uv": {
								"north": {"uv": [41, 42], "uv_size": [4, 12]},
								"east": {"uv": [16, 44], "uv_size": [4, 12]},
								"south": {"uv": [20, 44], "uv_size": [4, 12]},
								"west": {"uv": [45, 42], "uv_size": [4, 12]},
								"up": {"uv": [10, 63], "uv_size": [4, 4]},
								"down": {"uv": [41, 67], "uv_size": [4, -4]}
							}
						},
						{
							"origin": [-4.3, -0.3, -2.3],
							"size": [4.8, 4.2, 4.6],
							"inflate": 0.15,
							"uv": {
								"north": {"uv": [60, 34], "uv_size": [5, 4]},
								"east": {"uv": [61, 10], "uv_size": [5, 4]},
								"south": {"uv": [61, 14], "uv_size": [5, 4]},
								"west": {"uv": [15, 61], "uv_size": [5, 4]},
								"up": {"uv": [16, 56], "uv_size": [5, 5]},
								"down": {"uv": [56, 29], "uv_size": [5, -5]}
							}
						},
						{
							"origin": [-3.2, 4, -2.3],
							"size": [2.6, 1.6, 4.6],
							"inflate": 0.15,
							"uv": {
								"north": {"uv": [70, 51], "uv_size": [3, 2]},
								"east": {"uv": [69, 37], "uv_size": [5, 2]},
								"south": {"uv": [70, 53], "uv_size": [3, 2]},
								"west": {"uv": [69, 39], "uv_size": [5, 2]},
								"up": {"uv": [67, 55], "uv_size": [3, 5]},
								"down": {"uv": [58, 72], "uv_size": [3, -5]}
							}
						},
						{
							"origin": [-4, 8.1, -2.3],
							"size": [4.2, 1.6, 4.6],
							"inflate": 0.15,
							"uv": {
								"north": {"uv": [34, 70], "uv_size": [4, 2]},
								"east": {"uv": [69, 45], "uv_size": [5, 2]},
								"south": {"uv": [41, 70], "uv_size": [4, 2]},
								"west": {"uv": [69, 47], "uv_size": [5, 2]},
								"up": {"uv": [61, 38], "uv_size": [4, 5]},
								"down": {"uv": [58, 67], "uv_size": [4, -5]}
							}
						}
					]
				},
				{
					"name": "LeftLeg",
					"parent": "root",
					"pivot": [1.9, 12, 0],
					"cubes": [
						{
							"origin": [-0.1, 0, -2],
							"size": [4, 12, 4],
							"inflate": 0.15,
							"uv": {
								"north": {"uv": [0, 46], "uv_size": [4, 12]},
								"east": {"uv": [4, 46], "uv_size": [4, 12]},
								"south": {"uv": [8, 46], "uv_size": [4, 12]},
								"west": {"uv": [12, 46], "uv_size": [4, 12]},
								"up": {"uv": [45, 63], "uv_size": [4, 4]},
								"down": {"uv": [63, 56], "uv_size": [4, -4]}
							}
						},
						{
							"origin": [-0.5, -0.3, -2.3],
							"size": [4.8, 4.2, 4.6],
							"inflate": 0.15,
							"uv": {
								"north": {"uv": [61, 18], "uv_size": [5, 4]},
								"east": {"uv": [61, 22], "uv_size": [5, 4]},
								"south": {"uv": [61, 26], "uv_size": [5, 4]},
								"west": {"uv": [61, 30], "uv_size": [5, 4]},
								"up": {"uv": [56, 29], "uv_size": [5, 5]},
								"down": {"uv": [0, 63], "uv_size": [5, -5]}
							}
						},
						{
							"origin": [0.6, 4, -2.3],
							"size": [2.6, 1.6, 4.6],
							"inflate": 0.15,
							"uv": {
								"north": {"uv": [54, 70], "uv_size": [3, 2]},
								"east": {"uv": [69, 41], "uv_size": [5, 2]},
								"south": {"uv": [70, 55], "uv_size": [3, 2]},
								"west": {"uv": [69, 43], "uv_size": [5, 2]},
								"up": {"uv": [61, 67], "uv_size": [3, 5]},
								"down": {"uv": [0, 73], "uv_size": [3, -5]}
							}
						},
						{
							"origin": [-0.2, 8.1, -2.3],
							"size": [4.2, 1.6, 4.6],
							"inflate": 0.15,
							"uv": {
								"north": {"uv": [49, 70], "uv_size": [4, 2]},
								"east": {"uv": [69, 68], "uv_size": [5, 2]},
								"south": {"uv": [70, 49], "uv_size": [4, 2]},
								"west": {"uv": [3, 70], "uv_size": [5, 2]},
								"up": {"uv": [62, 62], "uv_size": [4, 5]},
								"down": {"uv": [0, 68], "uv_size": [4, -5]}
							}
						}
					]
				},
				{
					"name": "waist",
					"parent": "root",
					"pivot": [0, 0, 0]
				},
				{
					"name": "Body",
					"parent": "waist",
					"pivot": [0, 24, 0],
					"cubes": [
						{
							"origin": [-4, 12, -2],
							"size": [8, 12, 3.7],
							"inflate": 0.15,
							"uv": {
								"north": {"uv": [0, 27], "uv_size": [8, 12]},
								"east": {"uv": [24, 47], "uv_size": [4, 12]},
								"south": {"uv": [8, 27], "uv_size": [8, 12]},
								"west": {"uv": [28, 47], "uv_size": [4, 12]},
								"up": {"uv": [24, 36], "uv_size": [8, 4]},
								"down": {"uv": [52, 40], "uv_size": [8, -4]}
							}
						},
						{
							"origin": [-4, 20.9, -2.4],
							"size": [8, 2.7, 4.4],
							"inflate": 0.15,
							"uv": {
								"north": {"uv": [53, 12], "uv_size": [8, 4]},
								"east": {"uv": [66, 16], "uv_size": [4, 4]},
								"south": {"uv": [53, 16], "uv_size": [8, 4]},
								"west": {"uv": [66, 20], "uv_size": [4, 4]},
								"up": {"uv": [53, 20], "uv_size": [8, 4]},
								"down": {"uv": [53, 44], "uv_size": [8, -4]}
							}
						},
						{
							"origin": [-2.3, 11.3, -2.4],
							"size": [4.5, 2.9, 4.7],
							"inflate": 0.15,
							"uv": {
								"north": {"uv": [4, 63], "uv_size": [6, 3]},
								"east": {"uv": [68, 0], "uv_size": [4, 3]},
								"south": {"uv": [29, 63], "uv_size": [6, 3]},
								"west": {"uv": [68, 3], "uv_size": [4, 3]},
								"up": {"uv": [59, 44], "uv_size": [6, 4]},
								"down": {"uv": [59, 52], "uv_size": [6, -4]}
							}
						},
						{
							"origin": [-3, 14.6, -2.2],
							"size": [6, 6.2, 4.7],
							"inflate": 0.15,
							"uv": {
								"north": {"uv": [53, 0], "uv_size": [6, 6]},
								"east": {"uv": [21, 59], "uv_size": [4, 6]},
								"south": {"uv": [53, 6], "uv_size": [6, 6]},
								"west": {"uv": [25, 59], "uv_size": [4, 6]},
								"up": {"uv": [29, 59], "uv_size": [6, 4]},
								"down": {"uv": [41, 63], "uv_size": [6, -4]}
							}
						},
						{
							"origin": [-7.4, 17.6, -2.7],
							"size": [2, 2.2, 4.7],
							"inflate": 0.15,
							"pivot": [-1.4, 16, 0.5],
							"rotation": [0, 0, 52.5],
							"uv": {
								"north": {"uv": [53, 0], "uv_size": [6, 6]},
								"east": {"uv": [21, 59], "uv_size": [4, 6]},
								"south": {"uv": [53, 6], "uv_size": [6, 6]},
								"west": {"uv": [25, 59], "uv_size": [4, 6]},
								"up": {"uv": [29, 59], "uv_size": [6, 4]},
								"down": {"uv": [41, 63], "uv_size": [6, -4]}
							}
						},
						{
							"origin": [-4.4, 20.2, -2.7],
							"size": [2, 2.2, 4.7],
							"inflate": 0.15,
							"pivot": [-0.4, 15.6, 0.5],
							"rotation": [0, 0, 52.5],
							"uv": {
								"north": {"uv": [53, 0], "uv_size": [6, 6]},
								"east": {"uv": [21, 59], "uv_size": [4, 6]},
								"south": {"uv": [53, 6], "uv_size": [6, 6]},
								"west": {"uv": [25, 59], "uv_size": [4, 6]},
								"up": {"uv": [29, 59], "uv_size": [6, 4]},
								"down": {"uv": [41, 63], "uv_size": [6, -4]}
							}
						},
						{
							"origin": [-9.4, 17.9, -2.3],
							"size": [2, 5.6, 4.7],
							"inflate": 0.15,
							"pivot": [-5.4, 15.3, 0.9],
							"rotation": [0, -6, 88.5],
							"uv": {
								"north": {"uv": [53, 0], "uv_size": [6, 6]},
								"east": {"uv": [21, 59], "uv_size": [4, 6]},
								"south": {"uv": [53, 6], "uv_size": [6, 6]},
								"west": {"uv": [25, 59], "uv_size": [4, 6]},
								"up": {"uv": [29, 59], "uv_size": [6, 4]},
								"down": {"uv": [41, 63], "uv_size": [6, -4]}
							}
						},
						{
							"origin": [-9.4, 15, -2.3],
							"size": [2, 5.6, 4.7],
							"inflate": 0.15,
							"pivot": [-5.4, 12.4, 0.9],
							"rotation": [0, -6, 88.5],
							"uv": {
								"north": {"uv": [53, 0], "uv_size": [6, 6]},
								"east": {"uv": [21, 59], "uv_size": [4, 6]},
								"south": {"uv": [53, 6], "uv_size": [6, 6]},
								"west": {"uv": [25, 59], "uv_size": [4, 6]},
								"up": {"uv": [29, 59], "uv_size": [6, 4]},
								"down": {"uv": [41, 63], "uv_size": [6, -4]}
							}
						}
					]
				},
				{
					"name": "cape",
					"parent": "Body",
					"pivot": [0, 24, 3],
					"rotation": [167.5, 0, 180],
					"cubes": [
						{
							"origin": [-8, 7, 3.5],
							"size": [16, 17, -0.3],
							"uv": {
								"north": {"uv": [0, 0], "uv_size": [16, 27]},
								"east": {"uv": [40, 47], "uv_size": [1, 27]},
								"south": {"uv": [16, 0], "uv_size": [16, 27]},
								"west": {"uv": [53, 44], "uv_size": [1, 27]},
								"up": {"uv": [63, 60], "uv_size": [16, 1]},
								"down": {"uv": [63, 62], "uv_size": [16, -1]}
							}
						},
						{
							"origin": [-7.2, -3, 6.1],
							"size": [14.2, 17, -0.3],
							"pivot": [0, 24, 3],
							"rotation": [-7.5, 0, 0],
							"uv": {
								"north": {"uv": [0, 0], "uv_size": [16, 27]},
								"east": {"uv": [40, 47], "uv_size": [1, 27]},
								"south": {"uv": [16, 0], "uv_size": [16, 27]},
								"west": {"uv": [53, 44], "uv_size": [1, 27]},
								"up": {"uv": [63, 60], "uv_size": [16, 1]},
								"down": {"uv": [63, 62], "uv_size": [16, -1]}
							}
						},
						{
							"origin": [-8, -4, 2.5],
							"size": [6, 27, -0.3],
							"pivot": [0, 24, 3],
							"rotation": [0, 10, 10],
							"uv": {
								"north": {"uv": [0, 0], "uv_size": [16, 27]},
								"east": {"uv": [40, 47], "uv_size": [1, 27]},
								"south": {"uv": [16, 0], "uv_size": [16, 27]},
								"west": {"uv": [53, 44], "uv_size": [1, 27]},
								"up": {"uv": [63, 60], "uv_size": [16, 1]},
								"down": {"uv": [63, 62], "uv_size": [16, -1]}
							}
						},
						{
							"origin": [2, -4, 2.5],
							"size": [6, 27, -0.3],
							"pivot": [0, 24, 3],
							"rotation": [0, -15, -10],
							"uv": {
								"north": {"uv": [0, 0], "uv_size": [16, 27]},
								"east": {"uv": [40, 47], "uv_size": [1, 27]},
								"south": {"uv": [16, 0], "uv_size": [16, 27]},
								"west": {"uv": [53, 44], "uv_size": [1, 27]},
								"up": {"uv": [63, 60], "uv_size": [16, 1]},
								"down": {"uv": [63, 62], "uv_size": [16, -1]}
							}
						}
					]
				},
				{
					"name": "Head",
					"parent": "Body",
					"pivot": [0, 24, 0]
				},
				{
					"name": "ArmorH",
					"parent": "Head",
					"pivot": [0, 23, 0],
					"cubes": [
						{
							"origin": [-4, 24, -4],
							"size": [8, 8.4, 8],
							"inflate": 0.15,
							"uv": {
								"north": {"uv": [32, 0], "uv_size": [8, 8]},
								"east": {"uv": [32, 8], "uv_size": [8, 8]},
								"south": {"uv": [32, 16], "uv_size": [8, 8]},
								"west": {"uv": [32, 24], "uv_size": [8, 8]},
								"up": {"uv": [32, 32], "uv_size": [8, 8]},
								"down": {"uv": [16, 44], "uv_size": [8, -8]}
							}
						},
						{
							"origin": [-4.7, 24.4, -3.7],
							"size": [9.4, 7.2, 7.4],
							"inflate": 0.15,
							"uv": {
								"north": {"uv": [0, 39], "uv_size": [9, 7]},
								"east": {"uv": [9, 39], "uv_size": [7, 7]},
								"south": {"uv": [40, 0], "uv_size": [9, 7]},
								"west": {"uv": [41, 35], "uv_size": [7, 7]},
								"up": {"uv": [40, 7], "uv_size": [9, 7]},
								"down": {"uv": [40, 21], "uv_size": [9, -7]}
							}
						},
						{
							"origin": [-3.8, 24.4, -4.7],
							"size": [7.6, 7.2, 9.4],
							"inflate": 0.15,
							"uv": {
								"north": {"uv": [40, 28], "uv_size": [8, 7]},
								"east": {"uv": [40, 21], "uv_size": [9, 7]},
								"south": {"uv": [33, 40], "uv_size": [8, 7]},
								"west": {"uv": [24, 40], "uv_size": [9, 7]},
								"up": {"uv": [16, 27], "uv_size": [8, 9]},
								"down": {"uv": [24, 36], "uv_size": [8, -9]}
							}
						}
					]
				},
				{
					"name": "RightArm",
					"parent": "Body",
					"pivot": [-5, 22, 0],
					"cubes": [
						{
							"origin": [-8, 12, -2],
							"size": [4, 12, 4],
							"inflate": 0.15,
							"uv": {
								"north": {"uv": [32, 47], "uv_size": [4, 12]},
								"east": {"uv": [36, 47], "uv_size": [4, 12]},
								"south": {"uv": [48, 28], "uv_size": [4, 12]},
								"west": {"uv": [49, 0], "uv_size": [4, 12]},
								"up": {"uv": [63, 56], "uv_size": [4, 4]},
								"down": {"uv": [64, 4], "uv_size": [4, -4]}
							}
						},
						{
							"origin": [-8.2, 12, -2.1],
							"size": [4.4, 4.4, 4.2],
							"inflate": 0.15,
							"uv": {
								"north": {"uv": [49, 64], "uv_size": [4, 4]},
								"east": {"uv": [54, 64], "uv_size": [4, 4]},
								"south": {"uv": [14, 65], "uv_size": [4, 4]},
								"west": {"uv": [18, 65], "uv_size": [4, 4]},
								"up": {"uv": [22, 65], "uv_size": [4, 4]},
								"down": {"uv": [65, 38], "uv_size": [4, -4]}
							}
						},
						{
							"origin": [-8.4, 14.4, -2.3],
							"size": [4.8, 2.7, 4.6],
							"inflate": 0.15,
							"uv": {
								"north": {"uv": [66, 24], "uv_size": [5, 3]},
								"east": {"uv": [26, 66], "uv_size": [5, 3]},
								"south": {"uv": [66, 27], "uv_size": [5, 3]},
								"west": {"uv": [66, 30], "uv_size": [5, 3]},
								"up": {"uv": [41, 54], "uv_size": [5, 5]},
								"down": {"uv": [54, 49], "uv_size": [5, -5]}
							}
						},
						{
							"origin": [-8.5, 15.7, -2.6],
							"size": [5, 1.7, 5.2],
							"inflate": 0.15,
							"uv": {
								"north": {"uv": [70, 14], "uv_size": [5, 2]},
								"east": {"uv": [70, 16], "uv_size": [5, 2]},
								"south": {"uv": [70, 18], "uv_size": [5, 2]},
								"west": {"uv": [70, 20], "uv_size": [5, 2]},
								"up": {"uv": [59, 0], "uv_size": [5, 5]},
								"down": {"uv": [59, 10], "uv_size": [5, -5]}
							}
						}
					]
				},
				{
					"name": "LeftArm",
					"parent": "Body",
					"pivot": [5, 22, 0],
					"cubes": [
						{
							"origin": [4, 12, -2],
							"size": [4, 12, 4],
							"inflate": 0.15,
							"uv": {
								"north": {"uv": [49, 12], "uv_size": [4, 12]},
								"east": {"uv": [49, 40], "uv_size": [4, 12]},
								"south": {"uv": [52, 24], "uv_size": [4, 12]},
								"west": {"uv": [49, 52], "uv_size": [4, 12]},
								"up": {"uv": [64, 4], "uv_size": [4, 4]},
								"down": {"uv": [35, 68], "uv_size": [4, -4]}
							}
						},
						{
							"origin": [3.8, 12, -2.1],
							"size": [4.4, 4.4, 4.2],
							"inflate": 0.15,
							"uv": {
								"north": {"uv": [65, 38], "uv_size": [4, 4]},
								"east": {"uv": [65, 42], "uv_size": [4, 4]},
								"south": {"uv": [65, 46], "uv_size": [4, 4]},
								"west": {"uv": [4, 66], "uv_size": [4, 4]},
								"up": {"uv": [66, 8], "uv_size": [4, 4]},
								"down": {"uv": [66, 16], "uv_size": [4, -4]}
							}
						},
						{
							"origin": [3.6, 14.4, -2.3],
							"size": [4.8, 2.7, 4.6],
							"inflate": 0.15,
							"uv": {
								"north": {"uv": [66, 62], "uv_size": [5, 3]},
								"east": {"uv": [66, 65], "uv_size": [5, 3]},
								"south": {"uv": [8, 67], "uv_size": [5, 3]},
								"west": {"uv": [41, 67], "uv_size": [5, 3]},
								"up": {"uv": [54, 49], "uv_size": [5, 5]},
								"down": {"uv": [54, 59], "uv_size": [5, -5]}
							}
						},
						{
							"origin": [3.5, 15.7, -2.6],
							"size": [5, 1.7, 5.2],
							"inflate": 0.15,
							"uv": {
								"north": {"uv": [8, 70], "uv_size": [5, 2]},
								"east": {"uv": [70, 8], "uv_size": [5, 2]},
								"south": {"uv": [70, 10], "uv_size": [5, 2]},
								"west": {"uv": [70, 12], "uv_size": [5, 2]},
								"up": {"uv": [5, 58], "uv_size": [5, 5]},
								"down": {"uv": [10, 63], "uv_size": [5, -5]}
							}
						}
					]
				}
			]
		}
	]
}