{
	"format_version": "1.12.0",
	"minecraft:geometry": [
		{
			"description": {
				"identifier": "geometry.nk_spidermanraimi",
				"texture_width": 64,
				"texture_height": 64,
				"visible_bounds_width": 3,
				"visible_bounds_height": 3.5,
				"visible_bounds_offset": [0, 1.25, 0]
			},
			"bones": [
				{
					"name": "root",
					"pivot": [0, 0, 0]
				},
				{
					"name": "leftLeg",
					"parent": "root",
					"pivot": [1.9, 12, 0],
					"cubes": [
						{
							"origin": [0, 0, -2],
							"size": [4, 12, 4],
							"uv": {
								"north": {"uv": [8, 20], "uv_size": [-4, 12]},
								"east": {"uv": [12, 20], "uv_size": [-4, 12]},
								"south": {"uv": [16, 20], "uv_size": [-4, 12]},
								"west": {"uv": [4, 20], "uv_size": [-4, 12]},
								"up": {"uv": [8, 16], "uv_size": [-4, 4]},
								"down": {"uv": [12, 20], "uv_size": [-4, -4]}
							}
						}
					]
				},
				{
					"name": "rightLeg",
					"parent": "root",
					"pivot": [-1.9, 12, 0],
					"cubes": [
						{
							"origin": [-4, 0, -2],
							"size": [4, 12, 4],
							"uv": {
								"north": {"uv": [4, 20], "uv_size": [4, 12]},
								"east": {"uv": [0, 20], "uv_size": [4, 12]},
								"south": {"uv": [12, 20], "uv_size": [4, 12]},
								"west": {"uv": [8, 20], "uv_size": [4, 12]},
								"up": {"uv": [4, 16], "uv_size": [4, 4]},
								"down": {"uv": [8, 20], "uv_size": [4, -4]}
							}
						}
					]
				},
				{
					"name": "waist",
					"parent": "root",
					"pivot": [0, 0, 0]
				},
				{
					"name": "body",
					"parent": "waist",
					"pivot": [0, 24, 0],
					"cubes": [
						{
							"origin": [-4, 12, -2],
							"size": [8, 12, 4],
							"inflate": 0.03,
							"uv": {
								"north": {"uv": [20, 20], "uv_size": [8, 12]},
								"east": {"uv": [16, 20], "uv_size": [4, 12]},
								"south": {"uv": [32, 20], "uv_size": [8, 12]},
								"west": {"uv": [28, 20], "uv_size": [4, 12]},
								"up": {"uv": [20, 16], "uv_size": [8, 4]},
								"down": {"uv": [28, 20], "uv_size": [8, -4]}
							}
						},
						{
							"origin": [-2.3, 17.8, -2.1],
							"size": [4.7, 5.5, 0],
							"uv": {
								"north": {"uv": [32.25, 0], "uv_size": [12.75, 15.75]},
								"east": {"uv": [0, 0], "uv_size": [0, 6]},
								"south": {"uv": [0, 44.625], "uv_size": [1.75, 0]},
								"west": {"uv": [6, 0], "uv_size": [0, 6]},
								"up": {"uv": [0, 0], "uv_size": [6, 0]},
								"down": {"uv": [6, 0], "uv_size": [6, 0]}
							}
						},
						{
							"origin": [-3.3, 15.7, 2.1],
							"size": [6.7, 7.1, 0],
							"uv": {
								"north": {"uv": [48.75, 0], "uv_size": [15.25, 14.625]},
								"east": {"uv": [0, 0], "uv_size": [0, 6]},
								"south": {"uv": [0, 44.625], "uv_size": [1.75, 0]},
								"west": {"uv": [6, 0], "uv_size": [0, 6]},
								"up": {"uv": [0, 0], "uv_size": [6, 0]},
								"down": {"uv": [6, 0], "uv_size": [6, 0]}
							}
						}
					]
				},
				{
					"name": "head",
					"parent": "body",
					"pivot": [0, 24, 0],
					"cubes": [
						{
							"origin": [-4, 24, -4],
							"size": [8, 8, 8],
							"inflate": 0.02,
							"uv": {
								"north": {"uv": [8, 8], "uv_size": [8, 8]},
								"east": {"uv": [0, 8], "uv_size": [8, 8]},
								"south": {"uv": [24, 8], "uv_size": [8, 8]},
								"west": {"uv": [16, 8], "uv_size": [8, 8]},
								"up": {"uv": [8, 0], "uv_size": [8, 8]},
								"down": {"uv": [16, 8], "uv_size": [8, -8]}
							}
						}
					]
				},
				{
					"name": "lens",
					"parent": "head",
					"pivot": [0, 27, -4],
					"cubes": [
						{
							"origin": [-0.204, 27.458, -4.286],
							"size": [0.408, 3.468, 1.226],
							"pivot": [0, 26.54, -4.08],
							"rotation": [0, 0, -45],
							"uv": {
								"north": {"uv": [0, 51.25], "uv_size": [16.875, 12.75]},
								"east": {"uv": [0, 58.25], "uv_size": [8.75, 5.75]},
								"south": {"uv": [11.625, 56.875], "uv_size": [-10.625, 7.125]},
								"west": {"uv": [0, 55.5625], "uv_size": [14.225, 8.4375]},
								"up": {"uv": [14.225, 64], "uv_size": [-14.225, -8.4375]},
								"down": {"uv": [14.225, 64], "uv_size": [-14.225, -8.4375]}
							}
						},
						{
							"origin": [-3.264, 26.948, -4.286],
							"size": [0.408, 2.958, 1.226],
							"pivot": [0, 26.54, -4.08],
							"rotation": [0, 0, -2.5],
							"uv": {
								"north": {"uv": [0, 51.25], "uv_size": [16.875, 12.75]},
								"east": {"uv": [0, 58.25], "uv_size": [8.75, 5.75]},
								"south": {"uv": [11.625, 56.875], "uv_size": [-10.625, 7.125]},
								"west": {"uv": [0, 55.5625], "uv_size": [14.225, 8.4375]},
								"up": {"uv": [14.225, 64], "uv_size": [-14.225, -8.4375]},
								"down": {"uv": [14.225, 64], "uv_size": [-14.225, -8.4375]}
							}
						},
						{
							"origin": [-1.122, 27.458, -4.286],
							"size": [1.326, 0.408, 1.226],
							"pivot": [0, 26.54, -4.08],
							"rotation": [0, 0, -45],
							"uv": {
								"north": {"uv": [0, 51.25], "uv_size": [16.875, 12.75]},
								"east": {"uv": [0, 58.25], "uv_size": [8.75, 5.75]},
								"south": {"uv": [11.625, 56.875], "uv_size": [-10.625, 7.125]},
								"west": {"uv": [0, 55.5625], "uv_size": [14.225, 8.4375]},
								"up": {"uv": [14.225, 64], "uv_size": [-14.225, -8.4375]},
								"down": {"uv": [14.225, 64], "uv_size": [-14.225, -8.4375]}
							}
						},
						{
							"origin": [-2.90294, 26.49881, -4.286],
							"size": [1.326, 0.408, 1.226],
							"pivot": [-1.11794, 27.00881, -4.08],
							"rotation": [0, 0, -15],
							"uv": {
								"north": {"uv": [0, 51.25], "uv_size": [16.875, 12.75]},
								"east": {"uv": [0, 58.25], "uv_size": [8.75, 5.75]},
								"south": {"uv": [11.625, 56.875], "uv_size": [-10.625, 7.125]},
								"west": {"uv": [0, 55.5625], "uv_size": [14.225, 8.4375]},
								"up": {"uv": [14.225, 64], "uv_size": [-14.225, -8.4375]},
								"down": {"uv": [14.225, 64], "uv_size": [-14.225, -8.4375]}
							}
						},
						{
							"origin": [-3.25699, 26.29821, -4.286],
							"size": [0.918, 0.408, 1.226],
							"pivot": [-2.79799, 26.55321, -4.08],
							"rotation": [0, 0, 58],
							"uv": {
								"north": {"uv": [0, 51.25], "uv_size": [16.875, 12.75]},
								"east": {"uv": [0, 58.25], "uv_size": [8.75, 5.75]},
								"south": {"uv": [11.625, 56.875], "uv_size": [-10.625, 7.125]},
								"west": {"uv": [0, 55.5625], "uv_size": [14.225, 8.4375]},
								"up": {"uv": [14.225, 64], "uv_size": [-14.225, -8.4375]},
								"down": {"uv": [14.225, 64], "uv_size": [-14.225, -8.4375]}
							}
						},
						{
							"origin": [-3.06, 26.54, -4.182],
							"size": [1.632, 1.224, 0],
							"uv": {
								"north": {"uv": [35.75, 55.375], "uv_size": [12.875, 8.625]},
								"east": {"uv": [0, 0], "uv_size": [1, 1]},
								"south": {"uv": [0, 0], "uv_size": [1, 1]},
								"west": {"uv": [0, 0], "uv_size": [1, 1]},
								"up": {"uv": [1, 1], "uv_size": [-1, -1]},
								"down": {"uv": [1, 1], "uv_size": [-1, -1]}
							}
						},
						{
							"origin": [-3.672, 27.152, -4.182],
							"size": [2.244, 1.224, 0],
							"pivot": [-2.244, 27.152, -4.182],
							"rotation": [0, 0, 44],
							"uv": {
								"north": {"uv": [35.75, 55.375], "uv_size": [12.875, 8.625]},
								"east": {"uv": [0, 0], "uv_size": [1, 1]},
								"south": {"uv": [0, 0], "uv_size": [1, 1]},
								"west": {"uv": [0, 0], "uv_size": [1, 1]},
								"up": {"uv": [1, 1], "uv_size": [-1, -1]},
								"down": {"uv": [1, 1], "uv_size": [-1, -1]}
							}
						},
						{
							"origin": [-4.284, 27.662, -4.182],
							"size": [0.714, 0.714, 0],
							"pivot": [-2.244, 27.152, -4.182],
							"rotation": [0, 0, 44],
							"uv": {
								"north": {"uv": [35.75, 55.375], "uv_size": [12.875, 8.625]},
								"east": {"uv": [0, 0], "uv_size": [1, 1]},
								"south": {"uv": [0, 0], "uv_size": [1, 1]},
								"west": {"uv": [0, 0], "uv_size": [1, 1]},
								"up": {"uv": [1, 1], "uv_size": [-1, -1]},
								"down": {"uv": [1, 1], "uv_size": [-1, -1]}
							}
						},
						{
							"origin": [0.8098, 27.22114, -4.59],
							"size": [2.244, 1.224, 0],
							"pivot": [1.95133, 27.68381, -4.3605],
							"rotation": [-180, 0, 136],
							"uv": {
								"north": {"uv": [35.75, 55.375], "uv_size": [12.875, 8.625]},
								"east": {"uv": [0, 0], "uv_size": [1, 1]},
								"south": {"uv": [0, 0], "uv_size": [1, 1]},
								"west": {"uv": [0, 0], "uv_size": [1, 1]},
								"up": {"uv": [1, 1], "uv_size": [-1, -1]},
								"down": {"uv": [1, 1], "uv_size": [-1, -1]}
							}
						},
						{
							"origin": [0.1978, 27.73114, -4.59],
							"size": [0.714, 0.714, 0],
							"pivot": [1.95133, 27.68381, -4.3605],
							"rotation": [-180, 0, 136],
							"uv": {
								"north": {"uv": [35.75, 55.375], "uv_size": [12.875, 8.625]},
								"east": {"uv": [0, 0], "uv_size": [1, 1]},
								"south": {"uv": [0, 0], "uv_size": [1, 1]},
								"west": {"uv": [0, 0], "uv_size": [1, 1]},
								"up": {"uv": [1, 1], "uv_size": [-1, -1]},
								"down": {"uv": [1, 1], "uv_size": [-1, -1]}
							}
						},
						{
							"origin": [0.76408, 26.85624, -4.592],
							"size": [0.408, 2.958, 0.31],
							"pivot": [1.95133, 27.68381, -4.2585],
							"rotation": [180, 0, -177.5],
							"uv": {
								"north": {"uv": [0, 51.25], "uv_size": [16.875, 12.75]},
								"east": {"uv": [0, 58.25], "uv_size": [8.75, 5.75]},
								"south": {"uv": [11.625, 56.875], "uv_size": [-10.625, 7.125]},
								"west": {"uv": [0, 55.5625], "uv_size": [14.225, 8.4375]},
								"up": {"uv": [14.225, 64], "uv_size": [-14.225, -8.4375]},
								"down": {"uv": [14.225, 64], "uv_size": [-14.225, -8.4375]}
							}
						},
						{
							"origin": [2.44373, 26.28782, -4.592],
							"size": [0.408, 3.468, 0.31],
							"pivot": [1.95133, 27.68381, -4.2585],
							"rotation": [180, 0, -135],
							"uv": {
								"north": {"uv": [0, 51.25], "uv_size": [16.875, 12.75]},
								"east": {"uv": [0, 58.25], "uv_size": [8.75, 5.75]},
								"south": {"uv": [11.625, 56.875], "uv_size": [-10.625, 7.125]},
								"west": {"uv": [0, 55.5625], "uv_size": [14.225, 8.4375]},
								"up": {"uv": [14.225, 64], "uv_size": [-14.225, -8.4375]},
								"down": {"uv": [14.225, 64], "uv_size": [-14.225, -8.4375]}
							}
						},
						{
							"origin": [1.52573, 26.28782, -4.592],
							"size": [1.326, 0.408, 0.31],
							"pivot": [1.95133, 27.68381, -4.2585],
							"rotation": [180, 0, -135],
							"uv": {
								"north": {"uv": [0, 51.25], "uv_size": [16.875, 12.75]},
								"east": {"uv": [0, 58.25], "uv_size": [8.75, 5.75]},
								"south": {"uv": [11.625, 56.875], "uv_size": [-10.625, 7.125]},
								"west": {"uv": [0, 55.5625], "uv_size": [14.225, 8.4375]},
								"up": {"uv": [14.225, 64], "uv_size": [-14.225, -8.4375]},
								"down": {"uv": [14.225, 64], "uv_size": [-14.225, -8.4375]}
							}
						},
						{
							"origin": [0.96792, 26.26022, -4.592],
							"size": [1.326, 0.408, 0.31],
							"pivot": [1.95133, 27.68381, -4.2585],
							"rotation": [-180, 0, -165],
							"uv": {
								"north": {"uv": [0, 51.25], "uv_size": [16.875, 12.75]},
								"east": {"uv": [0, 58.25], "uv_size": [8.75, 5.75]},
								"south": {"uv": [11.625, 56.875], "uv_size": [-10.625, 7.125]},
								"west": {"uv": [0, 55.5625], "uv_size": [14.225, 8.4375]},
								"up": {"uv": [14.225, 64], "uv_size": [-14.225, -8.4375]},
								"down": {"uv": [14.225, 64], "uv_size": [-14.225, -8.4375]}
							}
						},
						{
							"origin": [2.09644, 26.26206, -4.592],
							"size": [0.918, 0.408, 0.31],
							"pivot": [1.95133, 27.68381, -4.2585],
							"rotation": [-180, 0, 122],
							"uv": {
								"north": {"uv": [0, 51.25], "uv_size": [16.875, 12.75]},
								"east": {"uv": [0, 58.25], "uv_size": [8.75, 5.75]},
								"south": {"uv": [11.625, 56.875], "uv_size": [-10.625, 7.125]},
								"west": {"uv": [0, 55.5625], "uv_size": [14.225, 8.4375]},
								"up": {"uv": [14.225, 64], "uv_size": [-14.225, -8.4375]},
								"down": {"uv": [14.225, 64], "uv_size": [-14.225, -8.4375]}
							}
						},
						{
							"origin": [1.02, 26.54, -4.59],
							"size": [1.632, 1.224, 0],
							"pivot": [1.95133, 27.68381, -4.3605],
							"rotation": [-180, 0, 180],
							"uv": {
								"north": {"uv": [35.75, 55.375], "uv_size": [12.875, 8.625]},
								"east": {"uv": [0, 0], "uv_size": [1, 1]},
								"south": {"uv": [0, 0], "uv_size": [1, 1]},
								"west": {"uv": [0, 0], "uv_size": [1, 1]},
								"up": {"uv": [1, 1], "uv_size": [-1, -1]},
								"down": {"uv": [1, 1], "uv_size": [-1, -1]}
							}
						}
					]
				},
				{
					"name": "leftArm",
					"parent": "body",
					"pivot": [5, 22, 0],
					"cubes": [
						{
							"origin": [4, 12, -2],
							"size": [4, 12, 4],
							"inflate": 0.02,
							"uv": {
								"north": {"uv": [48, 20], "uv_size": [-4, 12]},
								"east": {"uv": [52, 20], "uv_size": [-4, 12]},
								"south": {"uv": [56, 20], "uv_size": [-4, 12]},
								"west": {"uv": [44, 20], "uv_size": [-4, 12]},
								"up": {"uv": [48, 16], "uv_size": [-4, 4]},
								"down": {"uv": [52, 20], "uv_size": [-4, -4]}
							}
						},
						{
							"origin": [5, 14.8, -1.4],
							"size": [3.4, 9, 3.2],
							"inflate": 0.02,
							"uv": {
								"north": {"uv": [48, 20], "uv_size": [-4, 12]},
								"east": {"uv": [52, 20], "uv_size": [-4, 12]},
								"south": {"uv": [56, 20], "uv_size": [-4, 12]},
								"west": {"uv": [44, 20], "uv_size": [-4, 12]},
								"up": {"uv": [48, 16], "uv_size": [-4, 4]},
								"down": {"uv": [52, 20], "uv_size": [-4, -4]}
							}
						}
					]
				},
				{
					"name": "rightArm",
					"parent": "body",
					"pivot": [-5, 22, 0],
					"cubes": [
						{
							"origin": [-8, 12, -2],
							"size": [4, 12, 4],
							"inflate": 0.02,
							"uv": {
								"north": {"uv": [44, 20], "uv_size": [4, 12]},
								"east": {"uv": [40, 20], "uv_size": [4, 12]},
								"south": {"uv": [52, 20], "uv_size": [4, 12]},
								"west": {"uv": [48, 20], "uv_size": [4, 12]},
								"up": {"uv": [44, 16], "uv_size": [4, 4]},
								"down": {"uv": [48, 20], "uv_size": [4, -4]}
							}
						},
						{
							"origin": [-8.3, 14.8, -1.4],
							"size": [1.8, 8.3, 3.2],
							"inflate": 0.02,
							"uv": {
								"north": {"uv": [44, 20], "uv_size": [4, 12]},
								"east": {"uv": [40, 20], "uv_size": [4, 12]},
								"south": {"uv": [52, 20], "uv_size": [4, 12]},
								"west": {"uv": [48, 20], "uv_size": [4, 12]},
								"up": {"uv": [44, 16], "uv_size": [4, 4]},
								"down": {"uv": [48, 20], "uv_size": [4, -4]}
							}
						}
					]
				}
			]
		}
	]
}