{
	"format_version": "1.12.0",
	"minecraft:geometry": [
		{
			"description": {
				"identifier": "geometry.extr",
				"texture_width": 64,
				"texture_height": 64,
				"visible_bounds_width": 3,
				"visible_bounds_height": 3.5,
				"visible_bounds_offset": [0, 1.25, 0]
			},
			"bones": [
				{
					"name": "root",
					"pivot": [0, 0, 0]
				},
				{
					"name": "RightLeg",
					"parent": "root",
					"pivot": [-1.9, 12, 0],
					"cubes": [
						{
							"origin": [-3.9, 6, -2],
							"size": [4, 6, 4],
							"inflate": 0.15,
							"uv": {
								"north": {"uv": [4, 20], "uv_size": [4, 6]},
								"east": {"uv": [0, 20], "uv_size": [4, 6]},
								"south": {"uv": [12, 20], "uv_size": [4, 6]},
								"west": {"uv": [8, 20], "uv_size": [4, 6]},
								"up": {"uv": [4, 16], "uv_size": [4, 4]},
								"down": {"uv": [8, 20], "uv_size": [4, -4]}
							}
						},
						{
							"origin": [-3.9, 6, -2],
							"size": [4, 6, 4],
							"inflate": 0.25,
							"uv": {
								"north": {"uv": [4, 36], "uv_size": [4, 6]},
								"east": {"uv": [0, 36], "uv_size": [4, 6]},
								"south": {"uv": [12, 36], "uv_size": [4, 6]},
								"west": {"uv": [8, 36], "uv_size": [4, 6]},
								"up": {"uv": [4, 32], "uv_size": [4, 4]},
								"down": {"uv": [8, 36], "uv_size": [4, -4]}
							}
						}
					]
				},
				{
					"name": "RightLeg2",
					"parent": "RightLeg",
					"pivot": [-1.9, 5, 0],
					"cubes": [
						{
							"origin": [-3.9, 0, -2],
							"size": [4, 6, 4],
							"inflate": 0.15,
							"uv": {
								"north": {"uv": [4, 26], "uv_size": [4, 6]},
								"east": {"uv": [0, 26], "uv_size": [4, 6]},
								"south": {"uv": [12, 26], "uv_size": [4, 6]},
								"west": {"uv": [8, 26], "uv_size": [4, 6]},
								"up": {"uv": [4, 22], "uv_size": [4, 4]},
								"down": {"uv": [8, 26], "uv_size": [4, -4]}
							}
						},
						{
							"origin": [-3.9, 0, -2],
							"size": [4, 6, 4],
							"inflate": 0.25,
							"uv": {
								"north": {"uv": [4, 42], "uv_size": [4, 6]},
								"east": {"uv": [0, 42], "uv_size": [4, 6]},
								"south": {"uv": [12, 42], "uv_size": [4, 6]},
								"west": {"uv": [8, 42], "uv_size": [4, 6]},
								"up": {"uv": [4, 38], "uv_size": [4, 4]},
								"down": {"uv": [8, 42], "uv_size": [4, -4]}
							}
						}
					]
				},
				{
					"name": "LeftLeg",
					"parent": "root",
					"pivot": [1.9, 12, 0],
					"cubes": [
						{
							"origin": [-0.1, 6, -2],
							"size": [4, 6, 4],
							"inflate": 0.15,
							"uv": {
								"north": {"uv": [8, 20], "uv_size": [-4, 6]},
								"east": {"uv": [12, 20], "uv_size": [-4, 6]},
								"south": {"uv": [16, 20], "uv_size": [-4, 6]},
								"west": {"uv": [4, 20], "uv_size": [-4, 6]},
								"up": {"uv": [8, 16], "uv_size": [-4, 4]},
								"down": {"uv": [12, 20], "uv_size": [-4, -4]}
							}
						},
						{
							"origin": [-0.1, 6, -2],
							"size": [4, 6, 4],
							"inflate": 0.25,
							"uv": {
								"north": {"uv": [8, 36], "uv_size": [-4, 6]},
								"east": {"uv": [12, 36], "uv_size": [-4, 6]},
								"south": {"uv": [16, 36], "uv_size": [-4, 6]},
								"west": {"uv": [4, 36], "uv_size": [-4, 6]},
								"up": {"uv": [8, 32], "uv_size": [-4, 4]},
								"down": {"uv": [12, 36], "uv_size": [-4, -4]}
							}
						}
					]
				},
				{
					"name": "LeftLeg2",
					"parent": "LeftLeg",
					"pivot": [1.9, 6, 0],
					"cubes": [
						{
							"origin": [-0.1, 0, -2],
							"size": [4, 6, 4],
							"inflate": 0.15,
							"uv": {
								"north": {"uv": [8, 26], "uv_size": [-4, 6]},
								"east": {"uv": [12, 26], "uv_size": [-4, 6]},
								"south": {"uv": [16, 26], "uv_size": [-4, 6]},
								"west": {"uv": [4, 26], "uv_size": [-4, 6]},
								"up": {"uv": [8, 22], "uv_size": [-4, 4]},
								"down": {"uv": [12, 26], "uv_size": [-4, -4]}
							}
						},
						{
							"origin": [-0.1, 0, -2],
							"size": [4, 6, 4],
							"inflate": 0.25,
							"uv": {
								"north": {"uv": [8, 42], "uv_size": [-4, 6]},
								"east": {"uv": [12, 42], "uv_size": [-4, 6]},
								"south": {"uv": [16, 42], "uv_size": [-4, 6]},
								"west": {"uv": [4, 42], "uv_size": [-4, 6]},
								"up": {"uv": [8, 38], "uv_size": [-4, 4]},
								"down": {"uv": [12, 42], "uv_size": [-4, -4]}
							}
						}
					]
				},
				{
					"name": "waist",
					"parent": "root",
					"pivot": [0, 0, 0]
				},
				{
					"name": "Body",
					"parent": "waist",
					"pivot": [0, 24, 0],
					"cubes": [
						{
							"origin": [-4, 12, -2],
							"size": [8, 12, 4],
							"inflate": 0.15,
							"uv": {
								"north": {"uv": [20, 20], "uv_size": [8, 12]},
								"east": {"uv": [16, 20], "uv_size": [4, 12]},
								"south": {"uv": [32, 20], "uv_size": [8, 12]},
								"west": {"uv": [28, 20], "uv_size": [4, 12]},
								"up": {"uv": [20, 16], "uv_size": [8, 4]},
								"down": {"uv": [28, 20], "uv_size": [8, -4]}
							}
						},
						{
							"origin": [-4, 12, -2],
							"size": [8, 12, 4],
							"inflate": 0.25,
							"uv": {
								"north": {"uv": [20, 36], "uv_size": [8, 12]},
								"east": {"uv": [16, 36], "uv_size": [4, 12]},
								"south": {"uv": [32, 36], "uv_size": [8, 12]},
								"west": {"uv": [28, 36], "uv_size": [4, 12]},
								"up": {"uv": [20, 32], "uv_size": [8, 4]},
								"down": {"uv": [28, 36], "uv_size": [8, -4]}
							}
						}
					]
				},
				{
					"name": "Head",
					"parent": "Body",
					"pivot": [0, 24, 0],
					"cubes": [
						{
							"origin": [-4, 24, -4],
							"size": [8, 8, 8],
							"inflate": 0.15,
							"uv": {
								"north": {"uv": [8, 8], "uv_size": [8, 8]},
								"east": {"uv": [0, 8], "uv_size": [8, 8]},
								"south": {"uv": [24, 8], "uv_size": [8, 8]},
								"west": {"uv": [16, 8], "uv_size": [8, 8]},
								"up": {"uv": [8, 0], "uv_size": [8, 8]},
								"down": {"uv": [16, 8], "uv_size": [8, -8]}
							}
						},
						{
							"origin": [-4, 24, -4],
							"size": [8, 8, 8],
							"inflate": 0.3,
							"uv": {
								"north": {"uv": [40, 8], "uv_size": [8, 8]},
								"east": {"uv": [32, 8], "uv_size": [8, 8]},
								"south": {"uv": [56, 8], "uv_size": [8, 8]},
								"west": {"uv": [48, 8], "uv_size": [8, 8]},
								"up": {"uv": [40, 0], "uv_size": [8, 8]},
								"down": {"uv": [48, 8], "uv_size": [8, -8]}
							}
						}
					]
				},
				{
					"name": "RightArm",
					"parent": "Body",
					"pivot": [-4, 23, 0],
					"cubes": [
						{
							"origin": [-8.18884, 17.84154, -2],
							"size": [4, 6, 4],
							"inflate": 0.15,
							"uv": {
								"north": {"uv": [44, 20], "uv_size": [4, 6]},
								"east": {"uv": [40, 20], "uv_size": [4, 6]},
								"south": {"uv": [52, 20], "uv_size": [4, 6]},
								"west": {"uv": [48, 20], "uv_size": [4, 6]},
								"up": {"uv": [44, 16], "uv_size": [4, 4]},
								"down": {"uv": [48, 20], "uv_size": [4, -4]}
							}
						},
						{
							"origin": [-8.18884, 16.84154, -2],
							"size": [4, 7, 4],
							"inflate": 0.25,
							"uv": {
								"north": {"uv": [44, 36], "uv_size": [4, 6]},
								"east": {"uv": [40, 36], "uv_size": [4, 6]},
								"south": {"uv": [52, 36], "uv_size": [4, 6]},
								"west": {"uv": [48, 36], "uv_size": [4, 6]},
								"up": {"uv": [44, 32], "uv_size": [4, 4]},
								"down": {"uv": [48, 36], "uv_size": [4, -4]}
							}
						}
					]
				},
				{
					"name": "RightArm2",
					"parent": "RightArm",
					"pivot": [-6.18884, 17.84154, 0],
					"cubes": [
						{
							"origin": [-8.18884, 11.84154, -2],
							"size": [4, 6, 4],
							"inflate": 0.15,
							"uv": {
								"north": {"uv": [44, 26], "uv_size": [4, 6]},
								"east": {"uv": [40, 26], "uv_size": [4, 6]},
								"south": {"uv": [52, 26], "uv_size": [4, 6]},
								"west": {"uv": [48, 26], "uv_size": [4, 6]},
								"up": {"uv": [44, 22], "uv_size": [4, 4]},
								"down": {"uv": [48, 26], "uv_size": [4, -4]}
							}
						},
						{
							"origin": [-8.18884, 11.84154, -2],
							"size": [4, 6, 4],
							"inflate": 0.25,
							"uv": {
								"north": {"uv": [44, 42], "uv_size": [4, 6]},
								"east": {"uv": [40, 42], "uv_size": [4, 6]},
								"south": {"uv": [52, 42], "uv_size": [4, 6]},
								"west": {"uv": [48, 42], "uv_size": [4, 6]},
								"up": {"uv": [44, 38], "uv_size": [4, 4]},
								"down": {"uv": [48, 42], "uv_size": [4, -4]}
							}
						}
					]
				},
				{
					"name": "tor",
					"parent": "RightArm2",
					"pivot": [-6.18884, 15.84154, 0],
					"cubes": [
						{
							"origin": [-6.68884, 11.94154, -0.4],
							"size": [0.9, 3.9, 0.8],
							"uv": {
								"north": {"uv": [0, 0], "uv_size": [0.9, 3.9]},
								"east": {"uv": [0, 0], "uv_size": [0.8, 3.9]},
								"south": {"uv": [0, 0], "uv_size": [0.9, 3.9]},
								"west": {"uv": [0, 0], "uv_size": [0.8, 3.9]},
								"up": {"uv": [0.9, 0.8], "uv_size": [-0.9, -0.8]},
								"down": {"uv": [0.9, 0.8], "uv_size": [-0.9, -0.8]}
							}
						},
						{
							"origin": [-6.68884, 11.94154, -0.4],
							"size": [0.9, 3.9, 0.8],
							"pivot": [-6.18884, 15.84154, 0],
							"rotation": [0, -43, 0],
							"uv": {
								"north": {"uv": [0, 0], "uv_size": [0.9, 3.9]},
								"east": {"uv": [0, 0], "uv_size": [0.8, 3.9]},
								"south": {"uv": [0, 0], "uv_size": [0.9, 3.9]},
								"west": {"uv": [0, 0], "uv_size": [0.8, 3.9]},
								"up": {"uv": [0.9, 0.8], "uv_size": [-0.9, -0.8]},
								"down": {"uv": [0.9, 0.8], "uv_size": [-0.9, -0.8]}
							}
						}
					]
				},
				{
					"name": "LeftArm",
					"parent": "Body",
					"pivot": [5, 24, 0],
					"cubes": [
						{
							"origin": [4, 18, -2],
							"size": [4, 6, 4],
							"inflate": 0.15,
							"uv": {
								"north": {"uv": [48, 20], "uv_size": [-4, 6]},
								"east": {"uv": [52, 20], "uv_size": [-4, 6]},
								"south": {"uv": [56, 20], "uv_size": [-4, 6]},
								"west": {"uv": [44, 20], "uv_size": [-4, 6]},
								"up": {"uv": [48, 16], "uv_size": [-4, 4]},
								"down": {"uv": [52, 20], "uv_size": [-4, -4]}
							}
						},
						{
							"origin": [4, 18, -2],
							"size": [4, 6, 4],
							"inflate": 0.25,
							"uv": {}
						}
					]
				},
				{
					"name": "LeftArm2",
					"parent": "LeftArm",
					"pivot": [6, 18, 0],
					"cubes": [
						{
							"origin": [4, 12, -2],
							"size": [4, 6, 4],
							"inflate": 0.15,
							"uv": {
								"north": {"uv": [48, 26], "uv_size": [-4, 6]},
								"east": {"uv": [52, 26], "uv_size": [-4, 6]},
								"south": {"uv": [56, 26], "uv_size": [-4, 6]},
								"west": {"uv": [44, 26], "uv_size": [-4, 6]},
								"up": {"uv": [48, 22], "uv_size": [-4, 4]},
								"down": {"uv": [52, 26], "uv_size": [-4, -4]}
							}
						}
					]
				}
			]
		}
	]
}