{
	"format_version": "1.12.0",
	"minecraft:geometry": [
		{
			"description": {
				"identifier": "geometry.nk_spidermanscarlet",
				"texture_width": 128,
				"texture_height": 128,
				"visible_bounds_width": 3,
				"visible_bounds_height": 3.5,
				"visible_bounds_offset": [0, 1.25, 0]
			},
			"bones": [
				{
					"name": "root",
					"pivot": [0, 0, 0]
				},
				{
					"name": "RightLeg",
					"parent": "root",
					"pivot": [-1.9, 12, 0],
					"cubes": [
						{
							"origin": [-4.3, 0, -2.4],
							"size": [4.8, 3.7, 4.6],
							"inflate": 0.15,
							"uv": {
								"north": {"uv": [47, 45], "uv_size": [5, 4]},
								"east": {"uv": [48, 6], "uv_size": [5, 4]},
								"south": {"uv": [48, 10], "uv_size": [5, 4]},
								"west": {"uv": [48, 14], "uv_size": [5, 4]},
								"up": {"uv": [11, 44], "uv_size": [5, 5]},
								"down": {"uv": [26, 49], "uv_size": [5, -5]}
							}
						},
						{
							"origin": [-3, 3.7, -2.4],
							"size": [2.2, 1.7, 4.6],
							"inflate": 0.15,
							"uv": {
								"north": {"uv": [10, 62], "uv_size": [2, 2]},
								"east": {"uv": [58, 8], "uv_size": [5, 2]},
								"south": {"uv": [12, 62], "uv_size": [2, 2]},
								"west": {"uv": [58, 10], "uv_size": [5, 2]},
								"up": {"uv": [26, 57], "uv_size": [2, 5]},
								"down": {"uv": [40, 62], "uv_size": [2, -5]}
							}
						},
						{
							"origin": [-3.9, 0, -2],
							"size": [4, 12, 4],
							"inflate": 0.15,
							"uv": {
								"north": {"uv": [28, 32], "uv_size": [4, 12]},
								"east": {"uv": [36, 0], "uv_size": [4, 12]},
								"south": {"uv": [36, 12], "uv_size": [4, 12]},
								"west": {"uv": [16, 36], "uv_size": [4, 12]},
								"up": {"uv": [52, 47], "uv_size": [4, 4]},
								"down": {"uv": [52, 55], "uv_size": [4, -4]}
							}
						}
					]
				},
				{
					"name": "LeftLeg",
					"parent": "root",
					"pivot": [1.9, 12, 0],
					"cubes": [
						{
							"origin": [-0.1, 0, -2],
							"size": [4, 12, 4],
							"inflate": 0.15,
							"uv": {
								"north": {"uv": [24, 8], "uv_size": [4, 12]},
								"east": {"uv": [16, 24], "uv_size": [4, 12]},
								"south": {"uv": [20, 24], "uv_size": [4, 12]},
								"west": {"uv": [24, 20], "uv_size": [4, 12]},
								"up": {"uv": [50, 31], "uv_size": [4, 4]},
								"down": {"uv": [32, 54], "uv_size": [4, -4]}
							}
						},
						{
							"origin": [-0.5, 0, -2.4],
							"size": [4.8, 3.7, 4.6],
							"inflate": 0.15,
							"uv": {
								"north": {"uv": [49, 27], "uv_size": [5, 4]},
								"east": {"uv": [47, 49], "uv_size": [5, 4]},
								"south": {"uv": [0, 50], "uv_size": [5, 4]},
								"west": {"uv": [50, 23], "uv_size": [5, 4]},
								"up": {"uv": [47, 40], "uv_size": [5, 5]},
								"down": {"uv": [42, 52], "uv_size": [5, -5]}
							}
						},
						{
							"origin": [0.8, 3.7, -2.4],
							"size": [2.2, 1.7, 4.6],
							"inflate": 0.15,
							"uv": {
								"north": {"uv": [14, 62], "uv_size": [2, 2]},
								"east": {"uv": [12, 58], "uv_size": [5, 2]},
								"south": {"uv": [20, 62], "uv_size": [2, 2]},
								"west": {"uv": [58, 12], "uv_size": [5, 2]},
								"up": {"uv": [58, 14], "uv_size": [2, 5]},
								"down": {"uv": [17, 63], "uv_size": [2, -5]}
							}
						}
					]
				},
				{
					"name": "waist",
					"parent": "root",
					"pivot": [0, 0, 0]
				},
				{
					"name": "Body",
					"parent": "waist",
					"pivot": [0, 24, 0],
					"cubes": [
						{
							"origin": [-4, 12, -2],
							"size": [8, 12, 4],
							"inflate": 0.15,
							"uv": {
								"north": {"uv": [0, 0], "uv_size": [8, 12]},
								"east": {"uv": [28, 8], "uv_size": [4, 12]},
								"south": {"uv": [8, 0], "uv_size": [8, 12]},
								"west": {"uv": [28, 20], "uv_size": [4, 12]},
								"up": {"uv": [41, 27], "uv_size": [8, 4]},
								"down": {"uv": [42, 35], "uv_size": [8, -4]}
							}
						},
						{
							"origin": [-4.2, 12, -2.4],
							"size": [2.3, 8.7, 4.7],
							"inflate": 0.15,
							"uv": {
								"north": {"uv": [40, 48], "uv_size": [2, 9]},
								"east": {"uv": [36, 24], "uv_size": [5, 9]},
								"south": {"uv": [13, 49], "uv_size": [2, 9]},
								"west": {"uv": [32, 36], "uv_size": [5, 9]},
								"up": {"uv": [56, 54], "uv_size": [2, 5]},
								"down": {"uv": [0, 62], "uv_size": [2, -5]}
							}
						},
						{
							"origin": [-4, 12, -2.2],
							"size": [7.9, 0.8, 4.5],
							"inflate": 0.15,
							"uv": {
								"north": {"uv": [58, 20], "uv_size": [8, 1]},
								"east": {"uv": [59, 54], "uv_size": [5, 1]},
								"south": {"uv": [58, 21], "uv_size": [8, 1]},
								"west": {"uv": [59, 55], "uv_size": [5, 1]},
								"up": {"uv": [40, 9], "uv_size": [8, 5]},
								"down": {"uv": [40, 19], "uv_size": [8, -5]}
							}
						},
						{
							"origin": [-1, 12, -2.4],
							"size": [1.9, 0.8, 0.2],
							"inflate": 0.15,
							"uv": {
								"north": {"uv": [62, 52], "uv_size": [2, 1]},
								"east": {"uv": [15, 52], "uv_size": [1, 1]},
								"south": {"uv": [62, 53], "uv_size": [2, 1]},
								"west": {"uv": [46, 52], "uv_size": [1, 1]},
								"up": {"uv": [54, 62], "uv_size": [2, 1]},
								"down": {"uv": [62, 61], "uv_size": [2, -1]}
							}
						},
						{
							"origin": [-2, 17.9, -2.1],
							"size": [2.1, 0.3, 0.5],
							"inflate": 0.15,
							"pivot": [-1, 17.9, 0],
							"rotation": [0, 0, -17.5],
							"uv": {
								"north": {"uv": [54, 34], "uv_size": [2, 1]},
								"east": {"uv": [40, 23], "uv_size": [1, 1]},
								"south": {"uv": [56, 5], "uv_size": [2, 1]},
								"west": {"uv": [31, 44], "uv_size": [1, 1]},
								"up": {"uv": [40, 62], "uv_size": [2, 1]},
								"down": {"uv": [62, 41], "uv_size": [2, -1]}
							}
						},
						{
							"origin": [-0.1, 21, -2.1],
							"size": [0.3, 0.7, 0.5],
							"inflate": 0.15,
							"pivot": [-1, 18, 0],
							"rotation": [0, 0, -0.5],
							"uv": {
								"north": {"uv": [0, 65], "uv_size": [1, 1]},
								"east": {"uv": [1, 65], "uv_size": [1, 1]},
								"south": {"uv": [2, 65], "uv_size": [1, 1]},
								"west": {"uv": [3, 65], "uv_size": [1, 1]},
								"up": {"uv": [4, 65], "uv_size": [1, 1]},
								"down": {"uv": [5, 66], "uv_size": [1, -1]}
							}
						},
						{
							"origin": [-0.2, 18.6, -2.1],
							"size": [2.1, 0.3, 0.5],
							"inflate": 0.15,
							"pivot": [-1, 17.9, 0],
							"rotation": [0, 0, 21.5],
							"uv": {
								"north": {"uv": [62, 41], "uv_size": [2, 1]},
								"east": {"uv": [48, 18], "uv_size": [1, 1]},
								"south": {"uv": [62, 42], "uv_size": [2, 1]},
								"west": {"uv": [30, 49], "uv_size": [1, 1]},
								"up": {"uv": [62, 43], "uv_size": [2, 1]},
								"down": {"uv": [52, 63], "uv_size": [2, -1]}
							}
						},
						{
							"origin": [-4, 20.7, -2.4],
							"size": [1.6, 3.1, 4.7],
							"inflate": 0.15,
							"uv": {
								"north": {"uv": [45, 6], "uv_size": [2, 3]},
								"east": {"uv": [53, 6], "uv_size": [5, 3]},
								"south": {"uv": [28, 58], "uv_size": [2, 3]},
								"west": {"uv": [53, 9], "uv_size": [5, 3]},
								"up": {"uv": [10, 57], "uv_size": [2, 5]},
								"down": {"uv": [20, 62], "uv_size": [2, -5]}
							}
						},
						{
							"origin": [-2.3, 20.7, -2.4],
							"size": [0.6, 2.8, 4.7],
							"inflate": 0.15,
							"pivot": [-3.4, 20.4, 0],
							"rotation": [0, 0, -12],
							"uv": {
								"north": {"uv": [36, 33], "uv_size": [1, 3]},
								"east": {"uv": [53, 15], "uv_size": [5, 3]},
								"south": {"uv": [36, 45], "uv_size": [1, 3]},
								"west": {"uv": [53, 18], "uv_size": [5, 3]},
								"up": {"uv": [38, 59], "uv_size": [1, 5]},
								"down": {"uv": [39, 64], "uv_size": [1, -5]}
							}
						},
						{
							"origin": [2.4, 20.7, -2.4],
							"size": [1.6, 3.1, 4.7],
							"inflate": 0.15,
							"uv": {
								"north": {"uv": [42, 58], "uv_size": [2, 3]},
								"east": {"uv": [53, 12], "uv_size": [5, 3]},
								"south": {"uv": [58, 42], "uv_size": [2, 3]},
								"west": {"uv": [15, 53], "uv_size": [5, 3]},
								"up": {"uv": [22, 57], "uv_size": [2, 5]},
								"down": {"uv": [24, 62], "uv_size": [2, -5]}
							}
						},
						{
							"origin": [1.7, 20.7, -2.4],
							"size": [0.4, 3.1, 4.7],
							"inflate": 0.15,
							"pivot": [1.3, 20.5, 0],
							"rotation": [0, 0, 15],
							"uv": {
								"north": {"uv": [47, 6], "uv_size": [1, 3]},
								"east": {"uv": [46, 53], "uv_size": [5, 3]},
								"south": {"uv": [15, 49], "uv_size": [1, 3]},
								"west": {"uv": [0, 54], "uv_size": [5, 3]},
								"up": {"uv": [56, 59], "uv_size": [1, 5]},
								"down": {"uv": [57, 64], "uv_size": [1, -5]}
							}
						},
						{
							"origin": [1.9, 12, -2.4],
							"size": [2.2, 8.7, 4.8],
							"inflate": 0.15,
							"uv": {
								"north": {"uv": [28, 49], "uv_size": [2, 9]},
								"east": {"uv": [37, 33], "uv_size": [5, 9]},
								"south": {"uv": [30, 50], "uv_size": [2, 9]},
								"west": {"uv": [40, 0], "uv_size": [5, 9]},
								"up": {"uv": [2, 57], "uv_size": [2, 5]},
								"down": {"uv": [8, 62], "uv_size": [2, -5]}
							}
						},
						{
							"origin": [-4.2, 12, 1.6],
							"size": [8.2, 11.6, 1],
							"inflate": 0.15,
							"uv": {
								"north": {"uv": [0, 12], "uv_size": [8, 12]},
								"east": {"uv": [51, 53], "uv_size": [1, 12]},
								"south": {"uv": [8, 12], "uv_size": [8, 12]},
								"west": {"uv": [7, 54], "uv_size": [1, 12]},
								"up": {"uv": [56, 31], "uv_size": [8, 1]},
								"down": {"uv": [58, 20], "uv_size": [8, -1]}
							}
						},
						{
							"origin": [-2, 18.7, 1.9],
							"size": [3.9, 3.2, 1.1],
							"inflate": 0.15,
							"uv": {
								"north": {"uv": [20, 54], "uv_size": [4, 3]},
								"east": {"uv": [12, 54], "uv_size": [1, 3]},
								"south": {"uv": [24, 54], "uv_size": [4, 3]},
								"west": {"uv": [16, 61], "uv_size": [1, 3]},
								"up": {"uv": [22, 62], "uv_size": [4, 1]},
								"down": {"uv": [62, 25], "uv_size": [4, -1]}
							}
						},
						{
							"origin": [-1.4, 22.1, 1.9],
							"size": [2.7, 0.7, 1.1],
							"inflate": 0.15,
							"uv": {
								"north": {"uv": [62, 25], "uv_size": [3, 1]},
								"east": {"uv": [6, 65], "uv_size": [1, 1]},
								"south": {"uv": [32, 62], "uv_size": [3, 1]},
								"west": {"uv": [8, 65], "uv_size": [1, 1]},
								"up": {"uv": [62, 32], "uv_size": [3, 1]},
								"down": {"uv": [62, 34], "uv_size": [3, -1]}
							}
						},
						{
							"origin": [-1.4, 17.9, 1.9],
							"size": [2.7, 0.7, 1.1],
							"inflate": 0.15,
							"uv": {
								"north": {"uv": [62, 34], "uv_size": [3, 1]},
								"east": {"uv": [65, 8], "uv_size": [1, 1]},
								"south": {"uv": [62, 35], "uv_size": [3, 1]},
								"west": {"uv": [9, 65], "uv_size": [1, 1]},
								"up": {"uv": [62, 36], "uv_size": [3, 1]},
								"down": {"uv": [62, 38], "uv_size": [3, -1]}
							}
						},
						{
							"origin": [1.7, 21.7, 1.9],
							"size": [2.3, 0.5, 1.1],
							"inflate": 0.15,
							"pivot": [0, 21.8, 0],
							"rotation": [0, 0, 11],
							"uv": {
								"north": {"uv": [40, 63], "uv_size": [2, 1]},
								"east": {"uv": [65, 9], "uv_size": [1, 1]},
								"south": {"uv": [42, 63], "uv_size": [2, 1]},
								"west": {"uv": [65, 10], "uv_size": [1, 1]},
								"up": {"uv": [47, 63], "uv_size": [2, 1]},
								"down": {"uv": [49, 64], "uv_size": [2, -1]}
							}
						},
						{
							"origin": [1.8, 20.5, 1.9],
							"size": [2.3, 0.5, 1.1],
							"inflate": 0.15,
							"pivot": [0, 21.8, 0],
							"rotation": [0, 0, 11],
							"uv": {
								"north": {"uv": [52, 63], "uv_size": [2, 1]},
								"east": {"uv": [65, 11], "uv_size": [1, 1]},
								"south": {"uv": [54, 63], "uv_size": [2, 1]},
								"west": {"uv": [65, 12], "uv_size": [1, 1]},
								"up": {"uv": [58, 63], "uv_size": [2, 1]},
								"down": {"uv": [63, 60], "uv_size": [2, -1]}
							}
						},
						{
							"origin": [2, 19.2, 1.9],
							"size": [2.3, 0.5, 1.1],
							"inflate": 0.15,
							"pivot": [0, 21.8, 0],
							"rotation": [0, 0, 11],
							"uv": {
								"north": {"uv": [60, 63], "uv_size": [2, 1]},
								"east": {"uv": [65, 13], "uv_size": [1, 1]},
								"south": {"uv": [63, 61], "uv_size": [2, 1]},
								"west": {"uv": [65, 14], "uv_size": [1, 1]},
								"up": {"uv": [62, 63], "uv_size": [2, 1]},
								"down": {"uv": [63, 63], "uv_size": [2, -1]}
							}
						},
						{
							"origin": [-4.7, 19.4, 1.9],
							"size": [2.3, 0.5, 1.1],
							"inflate": 0.15,
							"pivot": [0, 21.8, 0],
							"rotation": [0, 0, -11],
							"uv": {
								"north": {"uv": [0, 64], "uv_size": [2, 1]},
								"east": {"uv": [65, 15], "uv_size": [1, 1]},
								"south": {"uv": [64, 0], "uv_size": [2, 1]},
								"west": {"uv": [65, 16], "uv_size": [1, 1]},
								"up": {"uv": [64, 1], "uv_size": [2, 1]},
								"down": {"uv": [2, 65], "uv_size": [2, -1]}
							}
						},
						{
							"origin": [-4.3, 20.5, 1.9],
							"size": [2.3, 0.5, 1.1],
							"inflate": 0.15,
							"pivot": [0, 21.8, 0],
							"rotation": [0, 0, -11],
							"uv": {
								"north": {"uv": [64, 2], "uv_size": [2, 1]},
								"east": {"uv": [17, 65], "uv_size": [1, 1]},
								"south": {"uv": [64, 3], "uv_size": [2, 1]},
								"west": {"uv": [65, 17], "uv_size": [1, 1]},
								"up": {"uv": [64, 4], "uv_size": [2, 1]},
								"down": {"uv": [5, 65], "uv_size": [2, -1]}
							}
						},
						{
							"origin": [-4.10919, 21.6046, 1.9],
							"size": [2.3, 0.5, 1.1],
							"inflate": 0.15,
							"pivot": [-0.5, 21.8, 0],
							"rotation": [0, 0, -11],
							"uv": {
								"north": {"uv": [64, 5], "uv_size": [2, 1]},
								"east": {"uv": [18, 65], "uv_size": [1, 1]},
								"south": {"uv": [64, 6], "uv_size": [2, 1]},
								"west": {"uv": [65, 18], "uv_size": [1, 1]},
								"up": {"uv": [64, 7], "uv_size": [2, 1]},
								"down": {"uv": [8, 65], "uv_size": [2, -1]}
							}
						},
						{
							"origin": [-2.6, 22.2, 1.9],
							"size": [1, 0.1, 1.1],
							"inflate": 0.15,
							"pivot": [0, 21.8, 0],
							"rotation": [0, 0, 15],
							"uv": {
								"north": {"uv": [22, 65], "uv_size": [1, 1]},
								"east": {"uv": [23, 65], "uv_size": [1, 1]},
								"south": {"uv": [65, 23], "uv_size": [1, 1]},
								"west": {"uv": [24, 65], "uv_size": [1, 1]},
								"up": {"uv": [25, 65], "uv_size": [1, 1]},
								"down": {"uv": [65, 26], "uv_size": [1, -1]}
							}
						},
						{
							"origin": [1.7, 22.2, 1.9],
							"size": [1, 0.1, 1.1],
							"inflate": 0.15,
							"pivot": [0, 21.8, 0],
							"rotation": [0, 0, -15],
							"uv": {
								"north": {"uv": [65, 26], "uv_size": [1, 1]},
								"east": {"uv": [65, 27], "uv_size": [1, 1]},
								"south": {"uv": [28, 65], "uv_size": [1, 1]},
								"west": {"uv": [65, 28], "uv_size": [1, 1]},
								"up": {"uv": [29, 65], "uv_size": [1, 1]},
								"down": {"uv": [65, 30], "uv_size": [1, -1]}
							}
						}
					]
				},
				{
					"name": "weeb",
					"parent": "Body",
					"pivot": [0, 15, -1],
					"cubes": [
						{
							"origin": [-0.6, 12, -1.4],
							"size": [0.6, 3, 0.6],
							"uv": {
								"north": {"uv": [0, 121], "uv_size": [8, 7]},
								"east": {"uv": [4, 121], "uv_size": [0, 7]},
								"south": {"uv": [0, 121], "uv_size": [12, 7]},
								"west": {"uv": [0, 122], "uv_size": [13, 6]},
								"up": {"uv": [1, 128], "uv_size": [-1, -1]},
								"down": {"uv": [1, 128], "uv_size": [-1, -1]}
							}
						}
					]
				},
				{
					"name": "Head",
					"parent": "Body",
					"pivot": [0, 24, 0],
					"cubes": [
						{
							"origin": [-4, 24, -4],
							"size": [8, 8, 8],
							"inflate": 0.15,
							"uv": {
								"north": {"uv": [16, 0], "uv_size": [8, 8]},
								"east": {"uv": [16, 8], "uv_size": [8, 8]},
								"south": {"uv": [16, 16], "uv_size": [8, 8]},
								"west": {"uv": [0, 24], "uv_size": [8, 8]},
								"up": {"uv": [24, 0], "uv_size": [8, 8]},
								"down": {"uv": [8, 32], "uv_size": [8, -8]}
							}
						},
						{
							"origin": [-4.6, 23.2, 0.5],
							"size": [9.2, 3, 4.1],
							"inflate": 0.15,
							"pivot": [0, 24.9, 0],
							"rotation": [9, 0, 0],
							"uv": {
								"north": {"uv": [45, 0], "uv_size": [9, 3]},
								"east": {"uv": [20, 41], "uv_size": [4, 3]},
								"south": {"uv": [45, 3], "uv_size": [9, 3]},
								"west": {"uv": [8, 54], "uv_size": [4, 3]},
								"up": {"uv": [40, 19], "uv_size": [9, 4]},
								"down": {"uv": [41, 27], "uv_size": [9, -4]}
							}
						},
						{
							"origin": [-0.6, 27.2, 6.1],
							"size": [1.2, 1.9, 2],
							"pivot": [0, 24, 0],
							"rotation": [41, 0, 0],
							"uv": {
								"north": {"uv": [41, 31], "uv_size": [1, 2]},
								"east": {"uv": [61, 27], "uv_size": [2, 2]},
								"south": {"uv": [35, 62], "uv_size": [1, 2]},
								"west": {"uv": [28, 61], "uv_size": [2, 2]},
								"up": {"uv": [62, 61], "uv_size": [1, 2]},
								"down": {"uv": [63, 2], "uv_size": [1, -2]}
							}
						},
						{
							"origin": [-0.6, 28.9, 4.2],
							"size": [1.2, 1.9, 2],
							"pivot": [0, 24, 0],
							"rotation": [41, 0, 0],
							"uv": {
								"north": {"uv": [25, 63], "uv_size": [1, 2]},
								"east": {"uv": [0, 62], "uv_size": [2, 2]},
								"south": {"uv": [63, 27], "uv_size": [1, 2]},
								"west": {"uv": [2, 62], "uv_size": [2, 2]},
								"up": {"uv": [28, 63], "uv_size": [1, 2]},
								"down": {"uv": [29, 65], "uv_size": [1, -2]}
							}
						},
						{
							"origin": [-0.6, 30.3, 2.3],
							"size": [1.2, 1.9, 2],
							"pivot": [0, 24, 0],
							"rotation": [41, 0, 0],
							"uv": {
								"north": {"uv": [63, 2], "uv_size": [1, 2]},
								"east": {"uv": [61, 29], "uv_size": [2, 2]},
								"south": {"uv": [4, 63], "uv_size": [1, 2]},
								"west": {"uv": [42, 61], "uv_size": [2, 2]},
								"up": {"uv": [63, 4], "uv_size": [1, 2]},
								"down": {"uv": [63, 8], "uv_size": [1, -2]}
							}
						},
						{
							"origin": [-0.6, 30.5, 0.6],
							"size": [1.2, 1.9, 2],
							"pivot": [0, 24, 0],
							"rotation": [41, 0, 0],
							"uv": {
								"north": {"uv": [63, 8], "uv_size": [1, 2]},
								"east": {"uv": [47, 61], "uv_size": [2, 2]},
								"south": {"uv": [63, 10], "uv_size": [1, 2]},
								"west": {"uv": [49, 61], "uv_size": [2, 2]},
								"up": {"uv": [63, 12], "uv_size": [1, 2]},
								"down": {"uv": [17, 65], "uv_size": [1, -2]}
							}
						},
						{
							"origin": [-0.6, 25.8, 6],
							"size": [1.2, 1.9, 2],
							"pivot": [0, 24, 0],
							"rotation": [41, 0, 0],
							"uv": {
								"north": {"uv": [18, 63], "uv_size": [1, 2]},
								"east": {"uv": [58, 61], "uv_size": [2, 2]},
								"south": {"uv": [22, 63], "uv_size": [1, 2]},
								"west": {"uv": [60, 61], "uv_size": [2, 2]},
								"up": {"uv": [23, 63], "uv_size": [1, 2]},
								"down": {"uv": [24, 65], "uv_size": [1, -2]}
							}
						},
						{
							"origin": [-0.6, 24.1, 4.9],
							"size": [1.2, 1.9, 2],
							"pivot": [0, 24, 0],
							"rotation": [41, 0, 0],
							"uv": {
								"north": {"uv": [63, 29], "uv_size": [1, 2]},
								"east": {"uv": [5, 62], "uv_size": [2, 2]},
								"south": {"uv": [32, 63], "uv_size": [1, 2]},
								"west": {"uv": [8, 62], "uv_size": [2, 2]},
								"up": {"uv": [33, 63], "uv_size": [1, 2]},
								"down": {"uv": [34, 65], "uv_size": [1, -2]}
							}
						}
					]
				},
				{
					"name": "Eyeglass",
					"parent": "Head",
					"pivot": [0.3, 27.4, -3.6],
					"cubes": [
						{
							"origin": [0.3, 27.4, -4.4],
							"size": [0.5, 1.5, 0.8],
							"pivot": [0.3, 27.4, -3.6],
							"rotation": [0, 0, 29],
							"uv": {
								"north": {"uv": [64, 8], "uv_size": [1, 2]},
								"east": {"uv": [10, 64], "uv_size": [1, 2]},
								"south": {"uv": [64, 10], "uv_size": [1, 2]},
								"west": {"uv": [11, 64], "uv_size": [1, 2]},
								"up": {"uv": [65, 30], "uv_size": [1, 1]},
								"down": {"uv": [65, 32], "uv_size": [1, -1]}
							}
						},
						{
							"origin": [-0.8, 28.6, -4.4],
							"size": [0.5, 1.5, 0.8],
							"pivot": [0.3, 27.4, -3.6],
							"rotation": [0, 0, 72],
							"uv": {
								"north": {"uv": [12, 64], "uv_size": [1, 2]},
								"east": {"uv": [64, 12], "uv_size": [1, 2]},
								"south": {"uv": [13, 64], "uv_size": [1, 2]},
								"west": {"uv": [14, 64], "uv_size": [1, 2]},
								"up": {"uv": [32, 65], "uv_size": [1, 1]},
								"down": {"uv": [65, 33], "uv_size": [1, -1]}
							}
						},
						{
							"origin": [-0.8, 28.6, -4.3],
							"size": [2.6, 1.8, 0.7],
							"pivot": [0.3, 27.4, -3.6],
							"rotation": [0, 0, 72],
							"uv": {
								"north": {"uv": [59, 32], "uv_size": [3, 2]},
								"east": {"uv": [64, 40], "uv_size": [1, 2]},
								"south": {"uv": [59, 52], "uv_size": [3, 2]},
								"west": {"uv": [41, 64], "uv_size": [1, 2]},
								"up": {"uv": [62, 38], "uv_size": [3, 1]},
								"down": {"uv": [62, 40], "uv_size": [3, -1]}
							}
						},
						{
							"origin": [-1.7, 27.8, -4.3],
							"size": [2, 1.8, 0.7],
							"pivot": [0.3, 27.4, -3.6],
							"rotation": [0, 0, 122],
							"uv": {
								"north": {"uv": [26, 62], "uv_size": [2, 2]},
								"east": {"uv": [42, 64], "uv_size": [1, 2]},
								"south": {"uv": [30, 62], "uv_size": [2, 2]},
								"west": {"uv": [64, 42], "uv_size": [1, 2]},
								"up": {"uv": [64, 22], "uv_size": [2, 1]},
								"down": {"uv": [43, 65], "uv_size": [2, -1]}
							}
						},
						{
							"origin": [-2.4, 29.2, -4.3],
							"size": [1.9, 1.1, 0.7],
							"pivot": [0.3, 27.4, -3.6],
							"rotation": [0, 0, 108],
							"uv": {
								"north": {"uv": [64, 44], "uv_size": [2, 1]},
								"east": {"uv": [43, 65], "uv_size": [1, 1]},
								"south": {"uv": [45, 64], "uv_size": [2, 1]},
								"west": {"uv": [65, 43], "uv_size": [1, 1]},
								"up": {"uv": [64, 45], "uv_size": [2, 1]},
								"down": {"uv": [64, 47], "uv_size": [2, -1]}
							}
						},
						{
							"origin": [-0.4, 30.2, -4.4],
							"size": [0.5, 1.5, 0.8],
							"pivot": [0.3, 27.4, -3.6],
							"rotation": [0, 0, 64],
							"uv": {
								"north": {"uv": [33, 65], "uv_size": [1, 1]},
								"east": {"uv": [65, 33], "uv_size": [1, 1]},
								"south": {"uv": [34, 65], "uv_size": [1, 1]},
								"west": {"uv": [65, 34], "uv_size": [1, 1]},
								"up": {"uv": [65, 35], "uv_size": [1, 1]},
								"down": {"uv": [36, 66], "uv_size": [1, -1]}
							}
						},
						{
							"origin": [3.7, 28.1, -4.4],
							"size": [0.5, 1.5, 0.8],
							"pivot": [0.1, 27.4, -3.6],
							"rotation": [0, 0, -3],
							"uv": {
								"north": {"uv": [15, 64], "uv_size": [1, 2]},
								"east": {"uv": [16, 64], "uv_size": [1, 2]},
								"south": {"uv": [19, 64], "uv_size": [1, 2]},
								"west": {"uv": [20, 64], "uv_size": [1, 2]},
								"up": {"uv": [65, 36], "uv_size": [1, 1]},
								"down": {"uv": [37, 66], "uv_size": [1, -1]}
							}
						},
						{
							"origin": [3.1, 28.1, -4.4],
							"size": [0.4, 1.7, 0.8],
							"pivot": [0.1, 27.4, -3.6],
							"rotation": [0, 0, 21],
							"uv": {
								"north": {"uv": [21, 64], "uv_size": [1, 2]},
								"east": {"uv": [26, 64], "uv_size": [1, 2]},
								"south": {"uv": [64, 26], "uv_size": [1, 2]},
								"west": {"uv": [27, 64], "uv_size": [1, 2]},
								"up": {"uv": [65, 37], "uv_size": [1, 1]},
								"down": {"uv": [65, 39], "uv_size": [1, -1]}
							}
						},
						{
							"origin": [1.8, 28.4, -4.4],
							"size": [0.4, 1.8, 0.8],
							"pivot": [0.3, 27.4, -3.6],
							"rotation": [0, 0, 65],
							"uv": {
								"north": {"uv": [64, 28], "uv_size": [1, 2]},
								"east": {"uv": [30, 64], "uv_size": [1, 2]},
								"south": {"uv": [64, 30], "uv_size": [1, 2]},
								"west": {"uv": [31, 64], "uv_size": [1, 2]},
								"up": {"uv": [65, 39], "uv_size": [1, 1]},
								"down": {"uv": [65, 41], "uv_size": [1, -1]}
							}
						},
						{
							"origin": [0.2, 27.5, -4.4],
							"size": [0.5, 2, 0.8],
							"pivot": [0.3, 27.4, -3.6],
							"rotation": [0, 0, 119],
							"uv": {
								"north": {"uv": [35, 64], "uv_size": [1, 2]},
								"east": {"uv": [38, 64], "uv_size": [1, 2]},
								"south": {"uv": [39, 64], "uv_size": [1, 2]},
								"west": {"uv": [40, 64], "uv_size": [1, 2]},
								"up": {"uv": [65, 41], "uv_size": [1, 1]},
								"down": {"uv": [65, 43], "uv_size": [1, -1]}
							}
						}
					]
				},
				{
					"name": "Eyeglass2",
					"parent": "Head",
					"pivot": [-0.3, 27.4, -4.4],
					"rotation": [0, 180, 0],
					"cubes": [
						{
							"origin": [-0.3, 27.4, -5.2],
							"size": [0.5, 1.5, 0.8],
							"pivot": [-0.3, 27.4, -4.4],
							"rotation": [0, 0, 29],
							"uv": {
								"north": {"uv": [64, 8], "uv_size": [1, 2]},
								"east": {"uv": [10, 64], "uv_size": [1, 2]},
								"south": {"uv": [64, 10], "uv_size": [1, 2]},
								"west": {"uv": [11, 64], "uv_size": [1, 2]},
								"up": {"uv": [65, 30], "uv_size": [1, 1]},
								"down": {"uv": [65, 32], "uv_size": [1, -1]}
							}
						},
						{
							"origin": [-1.4, 28.6, -5.2],
							"size": [0.5, 1.5, 0.8],
							"pivot": [-0.3, 27.4, -4.4],
							"rotation": [0, 0, 72],
							"uv": {
								"north": {"uv": [12, 64], "uv_size": [1, 2]},
								"east": {"uv": [64, 12], "uv_size": [1, 2]},
								"south": {"uv": [13, 64], "uv_size": [1, 2]},
								"west": {"uv": [14, 64], "uv_size": [1, 2]},
								"up": {"uv": [32, 65], "uv_size": [1, 1]},
								"down": {"uv": [65, 33], "uv_size": [1, -1]}
							}
						},
						{
							"origin": [-1.4, 28.6, -5.3],
							"size": [2.6, 1.8, 0.7],
							"pivot": [-0.3, 27.4, -4.6],
							"rotation": [0, 0, 72],
							"uv": {
								"north": {"uv": [59, 32], "uv_size": [3, 2]},
								"east": {"uv": [64, 40], "uv_size": [1, 2]},
								"south": {"uv": [59, 52], "uv_size": [3, 2]},
								"west": {"uv": [41, 64], "uv_size": [1, 2]},
								"up": {"uv": [62, 38], "uv_size": [3, 1]},
								"down": {"uv": [62, 40], "uv_size": [3, -1]}
							}
						},
						{
							"origin": [-2.3, 27.8, -5.3],
							"size": [2, 1.8, 0.7],
							"pivot": [-0.3, 27.4, -4.6],
							"rotation": [0, 0, 122],
							"uv": {
								"north": {"uv": [26, 62], "uv_size": [2, 2]},
								"east": {"uv": [42, 64], "uv_size": [1, 2]},
								"south": {"uv": [30, 62], "uv_size": [2, 2]},
								"west": {"uv": [64, 42], "uv_size": [1, 2]},
								"up": {"uv": [64, 22], "uv_size": [2, 1]},
								"down": {"uv": [43, 65], "uv_size": [2, -1]}
							}
						},
						{
							"origin": [-3, 29.2, -5.3],
							"size": [1.9, 1.1, 0.7],
							"pivot": [-0.3, 27.4, -4.6],
							"rotation": [0, 0, 108],
							"uv": {
								"north": {"uv": [64, 44], "uv_size": [2, 1]},
								"east": {"uv": [43, 65], "uv_size": [1, 1]},
								"south": {"uv": [45, 64], "uv_size": [2, 1]},
								"west": {"uv": [65, 43], "uv_size": [1, 1]},
								"up": {"uv": [64, 45], "uv_size": [2, 1]},
								"down": {"uv": [64, 47], "uv_size": [2, -1]}
							}
						},
						{
							"origin": [-1, 30.2, -5.2],
							"size": [0.5, 1.5, 0.8],
							"pivot": [-0.3, 27.4, -4.4],
							"rotation": [0, 0, 64],
							"uv": {
								"north": {"uv": [33, 65], "uv_size": [1, 1]},
								"east": {"uv": [65, 33], "uv_size": [1, 1]},
								"south": {"uv": [34, 65], "uv_size": [1, 1]},
								"west": {"uv": [65, 34], "uv_size": [1, 1]},
								"up": {"uv": [65, 35], "uv_size": [1, 1]},
								"down": {"uv": [36, 66], "uv_size": [1, -1]}
							}
						},
						{
							"origin": [3.1, 28.1, -5.2],
							"size": [0.5, 1.5, 0.8],
							"pivot": [-0.5, 27.4, -4.4],
							"rotation": [0, 0, -3],
							"uv": {
								"north": {"uv": [15, 64], "uv_size": [1, 2]},
								"east": {"uv": [16, 64], "uv_size": [1, 2]},
								"south": {"uv": [19, 64], "uv_size": [1, 2]},
								"west": {"uv": [20, 64], "uv_size": [1, 2]},
								"up": {"uv": [65, 36], "uv_size": [1, 1]},
								"down": {"uv": [37, 66], "uv_size": [1, -1]}
							}
						},
						{
							"origin": [2.5, 28.1, -5.2],
							"size": [0.4, 1.7, 0.8],
							"pivot": [-0.5, 27.4, -4.4],
							"rotation": [0, 0, 21],
							"uv": {
								"north": {"uv": [21, 64], "uv_size": [1, 2]},
								"east": {"uv": [26, 64], "uv_size": [1, 2]},
								"south": {"uv": [64, 26], "uv_size": [1, 2]},
								"west": {"uv": [27, 64], "uv_size": [1, 2]},
								"up": {"uv": [65, 37], "uv_size": [1, 1]},
								"down": {"uv": [65, 39], "uv_size": [1, -1]}
							}
						},
						{
							"origin": [1.2, 28.4, -5.2],
							"size": [0.4, 1.8, 0.8],
							"pivot": [-0.3, 27.4, -4.4],
							"rotation": [0, 0, 65],
							"uv": {
								"north": {"uv": [64, 28], "uv_size": [1, 2]},
								"east": {"uv": [30, 64], "uv_size": [1, 2]},
								"south": {"uv": [64, 30], "uv_size": [1, 2]},
								"west": {"uv": [31, 64], "uv_size": [1, 2]},
								"up": {"uv": [65, 39], "uv_size": [1, 1]},
								"down": {"uv": [65, 41], "uv_size": [1, -1]}
							}
						},
						{
							"origin": [-0.4, 27.5, -5.2],
							"size": [0.5, 2, 0.8],
							"pivot": [-0.3, 27.4, -4.4],
							"rotation": [0, 0, 119],
							"uv": {
								"north": {"uv": [35, 64], "uv_size": [1, 2]},
								"east": {"uv": [38, 64], "uv_size": [1, 2]},
								"south": {"uv": [39, 64], "uv_size": [1, 2]},
								"west": {"uv": [40, 64], "uv_size": [1, 2]},
								"up": {"uv": [65, 41], "uv_size": [1, 1]},
								"down": {"uv": [65, 43], "uv_size": [1, -1]}
							}
						}
					]
				},
				{
					"name": "RightArm",
					"parent": "Body",
					"pivot": [-5, 22, 0],
					"cubes": [
						{
							"origin": [-8, 12, -2],
							"size": [4, 12, 4],
							"inflate": 0.15,
							"uv": {
								"north": {"uv": [0, 32], "uv_size": [4, 12]},
								"east": {"uv": [32, 0], "uv_size": [4, 12]},
								"south": {"uv": [4, 32], "uv_size": [4, 12]},
								"west": {"uv": [8, 32], "uv_size": [4, 12]},
								"up": {"uv": [52, 35], "uv_size": [4, 4]},
								"down": {"uv": [52, 43], "uv_size": [4, -4]}
							}
						},
						{
							"origin": [-5.2, 23.5, -2.5],
							"size": [1.8, 1.5, 4.8],
							"pivot": [4.8, 22, 0],
							"rotation": [0, 0, -21],
							"uv": {
								"north": {"uv": [34, 60], "uv_size": [2, 2]},
								"east": {"uv": [15, 56], "uv_size": [5, 2]},
								"south": {"uv": [60, 42], "uv_size": [2, 2]},
								"west": {"uv": [56, 27], "uv_size": [5, 2]},
								"up": {"uv": [56, 34], "uv_size": [2, 5]},
								"down": {"uv": [56, 44], "uv_size": [2, -5]}
							}
						},
						{
							"origin": [-1.7, 11.1, -2.5],
							"size": [1.8, 1.5, 4.8],
							"pivot": [4.8, 22, 0],
							"rotation": [0, 0, 24],
							"uv": {
								"north": {"uv": [52, 60], "uv_size": [2, 2]},
								"east": {"uv": [56, 29], "uv_size": [5, 2]},
								"south": {"uv": [54, 60], "uv_size": [2, 2]},
								"west": {"uv": [42, 56], "uv_size": [5, 2]},
								"up": {"uv": [56, 44], "uv_size": [2, 5]},
								"down": {"uv": [47, 61], "uv_size": [2, -5]}
							}
						},
						{
							"origin": [-5.6, 15, -2.5],
							"size": [2, 6, 4.8],
							"uv": {
								"north": {"uv": [54, 0], "uv_size": [2, 6]},
								"east": {"uv": [42, 41], "uv_size": [5, 6]},
								"south": {"uv": [5, 54], "uv_size": [2, 6]},
								"west": {"uv": [0, 44], "uv_size": [5, 6]},
								"up": {"uv": [49, 56], "uv_size": [2, 5]},
								"down": {"uv": [56, 54], "uv_size": [2, -5]}
							}
						},
						{
							"origin": [-7.6, 22.9, -2.5],
							"size": [4, 1.5, 4.8],
							"uv": {
								"north": {"uv": [58, 34], "uv_size": [4, 2]},
								"east": {"uv": [58, 0], "uv_size": [5, 2]},
								"south": {"uv": [58, 36], "uv_size": [4, 2]},
								"west": {"uv": [58, 2], "uv_size": [5, 2]},
								"up": {"uv": [20, 36], "uv_size": [4, 5]},
								"down": {"uv": [16, 53], "uv_size": [4, -5]}
							}
						},
						{
							"origin": [-7.7, 20.7, -2.5],
							"size": [4.1, 1.5, 4.8],
							"pivot": [4.8, 22, 0],
							"rotation": [0, 0, 10],
							"uv": {
								"north": {"uv": [58, 38], "uv_size": [4, 2]},
								"east": {"uv": [58, 4], "uv_size": [5, 2]},
								"south": {"uv": [58, 40], "uv_size": [4, 2]},
								"west": {"uv": [58, 6], "uv_size": [5, 2]},
								"up": {"uv": [20, 49], "uv_size": [4, 5]},
								"down": {"uv": [24, 54], "uv_size": [4, -5]}
							}
						},
						{
							"origin": [-8.4, 12.6, -2.5],
							"size": [4.8, 1.2, 4.8],
							"uv": {
								"north": {"uv": [58, 59], "uv_size": [5, 1]},
								"east": {"uv": [12, 60], "uv_size": [5, 1]},
								"south": {"uv": [60, 14], "uv_size": [5, 1]},
								"west": {"uv": [60, 15], "uv_size": [5, 1]},
								"up": {"uv": [31, 45], "uv_size": [5, 5]},
								"down": {"uv": [47, 40], "uv_size": [5, -5]}
							}
						},
						{
							"origin": [-5.4, 12.8, -2.9],
							"size": [0.6, 0.9, 5.5],
							"uv": {
								"north": {"uv": [64, 48], "uv_size": [1, 1]},
								"east": {"uv": [58, 50], "uv_size": [6, 1]},
								"south": {"uv": [49, 64], "uv_size": [1, 1]},
								"west": {"uv": [58, 51], "uv_size": [6, 1]},
								"up": {"uv": [46, 58], "uv_size": [1, 6]},
								"down": {"uv": [58, 58], "uv_size": [1, -6]}
							}
						},
						{
							"origin": [-7.5, 12.8, -2.9],
							"size": [0.6, 0.9, 5.5],
							"uv": {
								"north": {"uv": [64, 49], "uv_size": [1, 1]},
								"east": {"uv": [58, 58], "uv_size": [6, 1]},
								"south": {"uv": [50, 64], "uv_size": [1, 1]},
								"west": {"uv": [30, 59], "uv_size": [6, 1]},
								"up": {"uv": [36, 59], "uv_size": [1, 6]},
								"down": {"uv": [37, 65], "uv_size": [1, -6]}
							}
						},
						{
							"origin": [-8.8, 12.8, 0.7],
							"size": [0.6, 0.9, 0.7],
							"uv": {
								"north": {"uv": [64, 50], "uv_size": [1, 1]},
								"east": {"uv": [64, 51], "uv_size": [1, 1]},
								"south": {"uv": [52, 64], "uv_size": [1, 1]},
								"west": {"uv": [64, 52], "uv_size": [1, 1]},
								"up": {"uv": [53, 64], "uv_size": [1, 1]},
								"down": {"uv": [64, 54], "uv_size": [1, -1]}
							}
						},
						{
							"origin": [-8.8, 12.8, -1.4],
							"size": [0.6, 0.9, 0.7],
							"uv": {
								"north": {"uv": [54, 64], "uv_size": [1, 1]},
								"east": {"uv": [64, 54], "uv_size": [1, 1]},
								"south": {"uv": [55, 64], "uv_size": [1, 1]},
								"west": {"uv": [64, 55], "uv_size": [1, 1]},
								"up": {"uv": [56, 64], "uv_size": [1, 1]},
								"down": {"uv": [64, 57], "uv_size": [1, -1]}
							}
						}
					]
				},
				{
					"name": "LeftArm",
					"parent": "Body",
					"pivot": [5, 22, 0],
					"cubes": [
						{
							"origin": [4, 12, -2],
							"size": [4, 12, 4],
							"inflate": 0.15,
							"uv": {
								"north": {"uv": [12, 32], "uv_size": [4, 12]},
								"east": {"uv": [32, 12], "uv_size": [4, 12]},
								"south": {"uv": [24, 32], "uv_size": [4, 12]},
								"west": {"uv": [32, 24], "uv_size": [4, 12]},
								"up": {"uv": [42, 52], "uv_size": [4, 4]},
								"down": {"uv": [52, 47], "uv_size": [4, -4]}
							}
						},
						{
							"origin": [3.5, 15, -2.5],
							"size": [2, 6, 4.8],
							"uv": {
								"north": {"uv": [36, 53], "uv_size": [2, 6]},
								"east": {"uv": [42, 35], "uv_size": [5, 6]},
								"south": {"uv": [38, 53], "uv_size": [2, 6]},
								"west": {"uv": [37, 42], "uv_size": [5, 6]},
								"up": {"uv": [54, 27], "uv_size": [2, 5]},
								"down": {"uv": [32, 59], "uv_size": [2, -5]}
							}
						},
						{
							"origin": [3.5, 23.2, -2.5],
							"size": [3.9, 1.4, 4.8],
							"uv": {
								"north": {"uv": [60, 26], "uv_size": [4, 1]},
								"east": {"uv": [60, 16], "uv_size": [5, 1]},
								"south": {"uv": [60, 44], "uv_size": [4, 1]},
								"west": {"uv": [60, 17], "uv_size": [5, 1]},
								"up": {"uv": [36, 48], "uv_size": [4, 5]},
								"down": {"uv": [5, 54], "uv_size": [4, -5]}
							}
						},
						{
							"origin": [3.5, 22.3, -2.5],
							"size": [3.9, 1.4, 4.8],
							"pivot": [4.5, 22, 0],
							"rotation": [0, 0, -18],
							"uv": {
								"north": {"uv": [58, 60], "uv_size": [4, 1]},
								"east": {"uv": [60, 18], "uv_size": [5, 1]},
								"south": {"uv": [12, 61], "uv_size": [4, 1]},
								"west": {"uv": [60, 23], "uv_size": [5, 1]},
								"up": {"uv": [9, 49], "uv_size": [4, 5]},
								"down": {"uv": [49, 23], "uv_size": [4, -5]}
							}
						},
						{
							"origin": [3, 12.8, -2.5],
							"size": [5.6, 1.2, 4.8],
							"uv": {
								"north": {"uv": [58, 22], "uv_size": [6, 1]},
								"east": {"uv": [59, 56], "uv_size": [5, 1]},
								"south": {"uv": [58, 45], "uv_size": [6, 1]},
								"west": {"uv": [59, 57], "uv_size": [5, 1]},
								"up": {"uv": [5, 44], "uv_size": [6, 5]},
								"down": {"uv": [20, 49], "uv_size": [6, -5]}
							}
						},
						{
							"origin": [4.7, 13, -2.9],
							"size": [0.7, 0.9, 5.6],
							"uv": {
								"north": {"uv": [12, 57], "uv_size": [1, 1]},
								"east": {"uv": [58, 46], "uv_size": [6, 1]},
								"south": {"uv": [47, 64], "uv_size": [1, 1]},
								"west": {"uv": [58, 47], "uv_size": [6, 1]},
								"up": {"uv": [4, 57], "uv_size": [1, 6]},
								"down": {"uv": [19, 64], "uv_size": [1, -6]}
							}
						},
						{
							"origin": [6.8, 13, -2.9],
							"size": [0.7, 0.9, 5.6],
							"uv": {
								"north": {"uv": [64, 47], "uv_size": [1, 1]},
								"east": {"uv": [58, 48], "uv_size": [6, 1]},
								"south": {"uv": [48, 64], "uv_size": [1, 1]},
								"west": {"uv": [58, 49], "uv_size": [6, 1]},
								"up": {"uv": [44, 58], "uv_size": [1, 6]},
								"down": {"uv": [45, 64], "uv_size": [1, -6]}
							}
						},
						{
							"origin": [8.2, 13, -1.7],
							"size": [0.7, 0.9, 0.7],
							"uv": {
								"north": {"uv": [57, 64], "uv_size": [1, 1]},
								"east": {"uv": [64, 57], "uv_size": [1, 1]},
								"south": {"uv": [58, 64], "uv_size": [1, 1]},
								"west": {"uv": [64, 58], "uv_size": [1, 1]},
								"up": {"uv": [59, 64], "uv_size": [1, 1]},
								"down": {"uv": [60, 65], "uv_size": [1, -1]}
							}
						},
						{
							"origin": [8.2, 13, 0.6],
							"size": [0.7, 0.9, 0.7],
							"uv": {
								"north": {"uv": [64, 60], "uv_size": [1, 1]},
								"east": {"uv": [61, 64], "uv_size": [1, 1]},
								"south": {"uv": [62, 64], "uv_size": [1, 1]},
								"west": {"uv": [63, 64], "uv_size": [1, 1]},
								"up": {"uv": [64, 63], "uv_size": [1, 1]},
								"down": {"uv": [64, 65], "uv_size": [1, -1]}
							}
						},
						{
							"origin": [4, 20.2, -2.4],
							"size": [1.8, 1.5, 4.8],
							"pivot": [4.5, 22, 0],
							"rotation": [0, 0, 24],
							"uv": {
								"north": {"uv": [5, 60], "uv_size": [2, 2]},
								"east": {"uv": [53, 21], "uv_size": [5, 2]},
								"south": {"uv": [60, 24], "uv_size": [2, 2]},
								"west": {"uv": [54, 32], "uv_size": [5, 2]},
								"up": {"uv": [34, 54], "uv_size": [2, 5]},
								"down": {"uv": [52, 60], "uv_size": [2, -5]}
							}
						},
						{
							"origin": [1.2, 15.1, -2.4],
							"size": [1.8, 1.3, 4.8],
							"pivot": [4.5, 22, 0],
							"rotation": [0, 0, -21],
							"uv": {
								"north": {"uv": [30, 60], "uv_size": [2, 2]},
								"east": {"uv": [55, 23], "uv_size": [5, 2]},
								"south": {"uv": [32, 60], "uv_size": [2, 2]},
								"west": {"uv": [55, 25], "uv_size": [5, 2]},
								"up": {"uv": [54, 55], "uv_size": [2, 5]},
								"down": {"uv": [56, 5], "uv_size": [2, -5]}
							}
						}
					]
				}
			]
		}
	]
}