{
	"format_version": "1.12.0",
	"minecraft:geometry": [
		{
			"description": {
				"identifier": "geometry.mc_blast",
				"texture_width": 32,
				"texture_height": 32,
				"visible_bounds_width": 3,
				"visible_bounds_height": 3.5,
				"visible_bounds_offset": [0, 1.25, 0]
			},
			"bones": [
				{
					"name": "root",
					"pivot": [0, 0, 0]
				},
				{
					"name": "RightLeg",
					"parent": "root",
					"pivot": [-1.9, 12, 0]
				},
				{
					"name": "LeftLeg",
					"parent": "root",
					"pivot": [1.9, 12, 0]
				},
				{
					"name": "waist",
					"parent": "root",
					"pivot": [0, 0, 0]
				},
				{
					"name": "Body",
					"parent": "waist",
					"pivot": [0, 24, 0]
				},
				{
					"name": "Head",
					"parent": "Body",
					"pivot": [0, 24, 0]
				},
				{
					"name": "ArmorH",
					"parent": "Head",
					"pivot": [0, 0, 0]
				},
				{
					"name": "RightArm",
					"parent": "Body",
					"pivot": [-5, 22, 0]
				},
				{
					"name": "Mini",
					"parent": "RightArm",
					"pivot": [-6, 18, 0],
					"cubes": [
						{
							"origin": [-7, 12, -1],
							"size": [2, 6, 2],
							"pivot": [-6, 18, 0],
							"rotation": [0, -42.5, 0],
							"uv": {
								"north": {"uv": [0, 0], "uv_size": [2, 6]},
								"east": {"uv": [2, 0], "uv_size": [2, 6]},
								"south": {"uv": [4, 0], "uv_size": [2, 6]},
								"west": {"uv": [0, 6], "uv_size": [2, 6]},
								"up": {"uv": [17, 6], "uv_size": [2, 2]},
								"down": {"uv": [17, 10], "uv_size": [2, -2]}
							}
						},
						{
							"origin": [-7, 12, -1],
							"size": [2, 6, 2],
							"uv": {
								"north": {"uv": [6, 0], "uv_size": [2, 6]},
								"east": {"uv": [2, 6], "uv_size": [2, 6]},
								"south": {"uv": [4, 6], "uv_size": [2, 6]},
								"west": {"uv": [6, 6], "uv_size": [2, 6]},
								"up": {"uv": [17, 10], "uv_size": [2, 2]},
								"down": {"uv": [17, 14], "uv_size": [2, -2]}
							}
						}
					]
				},
				{
					"name": "Light",
					"parent": "RightArm",
					"pivot": [-6, 12, 0],
					"cubes": [
						{
							"origin": [-7, 19.16744, 3.59078],
							"size": [1, 7, 1],
							"pivot": [-6, 20, 4],
							"rotation": [26.39218, -18.05776, -8.74472],
							"uv": {
								"north": {"uv": [7, 12], "uv_size": [1, 7]},
								"east": {"uv": [12, 9], "uv_size": [1, 7]},
								"south": {"uv": [13, 0], "uv_size": [1, 7]},
								"west": {"uv": [13, 7], "uv_size": [1, 7]},
								"up": {"uv": [17, 14], "uv_size": [1, 1]},
								"down": {"uv": [17, 16], "uv_size": [1, -1]}
							}
						},
						{
							"origin": [-7, 12, 1],
							"size": [1, 9, 1],
							"pivot": [-6, 12, 0],
							"rotation": [-17.5, 0, 0],
							"uv": {
								"north": {"uv": [8, 0], "uv_size": [1, 9]},
								"east": {"uv": [9, 0], "uv_size": [1, 9]},
								"south": {"uv": [8, 9], "uv_size": [1, 9]},
								"west": {"uv": [9, 9], "uv_size": [1, 9]},
								"up": {"uv": [17, 16], "uv_size": [1, 1]},
								"down": {"uv": [17, 18], "uv_size": [1, -1]}
							}
						},
						{
							"origin": [-11.48994, 19.80945, 0.84175],
							"size": [1, 7, 1],
							"pivot": [-10.5, 20, 1.7],
							"rotation": [-69.79314, -77.75061, 104.41254],
							"uv": {
								"north": {"uv": [14, 0], "uv_size": [1, 7]},
								"east": {"uv": [14, 7], "uv_size": [1, 7]},
								"south": {"uv": [13, 14], "uv_size": [1, 7]},
								"west": {"uv": [14, 14], "uv_size": [1, 7]},
								"up": {"uv": [18, 2], "uv_size": [1, 1]},
								"down": {"uv": [18, 4], "uv_size": [1, -1]}
							}
						},
						{
							"origin": [-9.88994, 16.70945, -1.55825],
							"size": [1, 7, 1],
							"pivot": [-10.5, 20, 1.7],
							"rotation": [3.74406, -74.04777, 5.54227],
							"uv": {
								"north": {"uv": [15, 0], "uv_size": [1, 7]},
								"east": {"uv": [15, 7], "uv_size": [1, 7]},
								"south": {"uv": [15, 14], "uv_size": [1, 7]},
								"west": {"uv": [16, 0], "uv_size": [1, 7]},
								"up": {"uv": [18, 4], "uv_size": [1, 1]},
								"down": {"uv": [18, 6], "uv_size": [1, -1]}
							}
						},
						{
							"origin": [-7, 12, 1],
							"size": [1, 9, 1],
							"pivot": [-6, 12, 0],
							"rotation": [-17.5, -66, 0],
							"uv": {
								"north": {"uv": [10, 0], "uv_size": [1, 9]},
								"east": {"uv": [10, 9], "uv_size": [1, 9]},
								"south": {"uv": [11, 0], "uv_size": [1, 9]},
								"west": {"uv": [11, 9], "uv_size": [1, 9]},
								"up": {"uv": [18, 0], "uv_size": [1, 1]},
								"down": {"uv": [18, 2], "uv_size": [1, -1]}
							}
						},
						{
							"origin": [-8.3, 12, 1],
							"size": [1, 9, 1],
							"pivot": [-6, 12, 0],
							"rotation": [49.19961, -69.6656, -36.86243],
							"uv": {
								"north": {"uv": [0, 12], "uv_size": [1, 9]},
								"east": {"uv": [12, 0], "uv_size": [1, 9]},
								"south": {"uv": [1, 12], "uv_size": [1, 9]},
								"west": {"uv": [2, 12], "uv_size": [1, 9]},
								"up": {"uv": [8, 18], "uv_size": [1, 1]},
								"down": {"uv": [9, 19], "uv_size": [1, -1]}
							}
						},
						{
							"origin": [-11.2, 17.2, -3.5],
							"size": [1, 7.7, 1],
							"pivot": [-6, 12, 0],
							"rotation": [-43.44062, -62.35653, 25.14977],
							"uv": {
								"north": {"uv": [3, 12], "uv_size": [1, 8]},
								"east": {"uv": [4, 12], "uv_size": [1, 8]},
								"south": {"uv": [5, 12], "uv_size": [1, 8]},
								"west": {"uv": [6, 12], "uv_size": [1, 8]},
								"up": {"uv": [10, 18], "uv_size": [1, 1]},
								"down": {"uv": [11, 19], "uv_size": [1, -1]}
							}
						},
						{
							"origin": [-10.7, 18.4, -1],
							"size": [1, 6.5, 1],
							"pivot": [-6, 12, 0],
							"rotation": [-17.44062, -62.35653, 25.14977],
							"uv": {
								"north": {"uv": [16, 7], "uv_size": [1, 6]},
								"east": {"uv": [12, 16], "uv_size": [1, 6]},
								"south": {"uv": [16, 13], "uv_size": [1, 6]},
								"west": {"uv": [17, 0], "uv_size": [1, 6]},
								"up": {"uv": [18, 14], "uv_size": [1, 1]},
								"down": {"uv": [18, 16], "uv_size": [1, -1]}
							}
						}
					]
				},
				{
					"name": "LeftArm",
					"parent": "Body",
					"pivot": [5, 22, 0]
				}
			]
		}
	]
}