{
	"format_version": "1.12.0",
	"minecraft:geometry": [
		{
			"description": {
				"identifier": "geometry.nk_spidermantasmfirst",
				"texture_width": 128,
				"texture_height": 128,
				"visible_bounds_width": 3,
				"visible_bounds_height": 3.5,
				"visible_bounds_offset": [0, 1.25, 0]
			},
			"bones": [
				{
					"name": "root",
					"pivot": [0, 0, 0]
				},
				{
					"name": "RightLeg",
					"parent": "root",
					"pivot": [-1.9, 12, 0],
					"cubes": [
						{
							"origin": [-3.9, 0, -2],
							"size": [4, 12, 4],
							"inflate": 0.15,
							"uv": {
								"north": {"uv": [8, 32], "uv_size": [4, 12]},
								"east": {"uv": [32, 8], "uv_size": [4, 12]},
								"south": {"uv": [12, 32], "uv_size": [4, 12]},
								"west": {"uv": [16, 32], "uv_size": [4, 12]},
								"up": {"uv": [62, 20], "uv_size": [4, 4]},
								"down": {"uv": [62, 28], "uv_size": [4, -4]}
							}
						},
						{
							"origin": [-3.9, 0, -2],
							"size": [4, 12, 4],
							"inflate": 0.25,
							"uv": {
								"north": {"uv": [20, 32], "uv_size": [4, 12]},
								"east": {"uv": [32, 20], "uv_size": [4, 12]},
								"south": {"uv": [24, 32], "uv_size": [4, 12]},
								"west": {"uv": [28, 32], "uv_size": [4, 12]},
								"up": {"uv": [62, 28], "uv_size": [4, 4]},
								"down": {"uv": [62, 36], "uv_size": [4, -4]}
							}
						},
						{
							"origin": [-3.99, 4.89, -2.09],
							"size": [4.18, 7.22, 4.18],
							"inflate": 0.25,
							"uv": {
								"north": {"uv": [57, 0], "uv_size": [4.25, 7.25]},
								"east": {"uv": [57, 8], "uv_size": [4.25, 7.25]},
								"south": {"uv": [57, 16], "uv_size": [4.25, 7.25]},
								"west": {"uv": [57, 24], "uv_size": [4.25, 7.25]},
								"up": {"uv": [40, 60], "uv_size": [4.25, 4.25]},
								"down": {"uv": [53, 64.25], "uv_size": [4.25, -4.25]}
							}
						},
						{
							"origin": [-2.79, 3.89, -2.09],
							"size": [1.78, 0.62, 4.18],
							"inflate": 0.25,
							"uv": {
								"north": {"uv": [106.07431, 0], "uv_size": [5.3656, 5.26111]},
								"east": {"uv": [106.07431, 5.80536], "uv_size": [5.3656, 5.26111]},
								"south": {"uv": [106.07431, 11.61073], "uv_size": [5.3656, 5.26111]},
								"west": {"uv": [106.07431, 17.41609], "uv_size": [5.3656, 5.26111]},
								"up": {"uv": [88.7, 43.54023], "uv_size": [5.3656, 3.0841]},
								"down": {"uv": [101.98624, 46.62433], "uv_size": [5.3656, -3.0841]}
							}
						},
						{
							"origin": [-4.19, 3.69, -2.09],
							"size": [4.58, 0.02, 4.18],
							"inflate": 0.25,
							"uv": {
								"north": {"uv": [106.07431, 0], "uv_size": [5.3656, 5.26111]},
								"east": {"uv": [106.07431, 5.80536], "uv_size": [5.3656, 5.26111]},
								"south": {"uv": [106.07431, 11.61073], "uv_size": [5.3656, 5.26111]},
								"west": {"uv": [106.07431, 17.41609], "uv_size": [5.3656, 5.26111]},
								"up": {"uv": [88.7, 43.54023], "uv_size": [5.3656, 3.0841]},
								"down": {"uv": [101.98624, 46.62433], "uv_size": [5.3656, -3.0841]}
							}
						},
						{
							"origin": [-3.99, -0.11, -2.09],
							"size": [4.18, 3.22, 4.18],
							"inflate": 0.25,
							"uv": {
								"north": {"uv": [21, 65], "uv_size": [4.25, 3.25]},
								"east": {"uv": [26, 65], "uv_size": [4.25, 3.25]},
								"south": {"uv": [31, 65], "uv_size": [4.25, 3.25]},
								"west": {"uv": [36, 65], "uv_size": [4.25, 3.25]},
								"up": {"uv": [58, 61], "uv_size": [4.25, 4.25]},
								"down": {"uv": [0, 66.25], "uv_size": [4.25, -4.25]}
							}
						}
					]
				},
				{
					"name": "LeftLeg",
					"parent": "root",
					"pivot": [1.9, 12, 0],
					"cubes": [
						{
							"origin": [-0.1, 0, -2],
							"size": [4, 12, 4],
							"inflate": 0.15,
							"uv": {
								"north": {"uv": [36, 44], "uv_size": [4, 12]},
								"east": {"uv": [44, 36], "uv_size": [4, 12]},
								"south": {"uv": [48, 0], "uv_size": [4, 12]},
								"west": {"uv": [48, 12], "uv_size": [4, 12]},
								"up": {"uv": [5, 65], "uv_size": [4, 4]},
								"down": {"uv": [9, 69], "uv_size": [4, -4]}
							}
						},
						{
							"origin": [-0.1, 0, -2],
							"size": [4, 12.1, 4],
							"inflate": 0.25,
							"uv": {
								"north": {"uv": [48, 24], "uv_size": [4, 12]},
								"east": {"uv": [48, 36], "uv_size": [4, 12]},
								"south": {"uv": [40, 48], "uv_size": [4, 12]},
								"west": {"uv": [44, 48], "uv_size": [4, 12]},
								"up": {"uv": [13, 65], "uv_size": [4, 4]},
								"down": {"uv": [17, 69], "uv_size": [4, -4]}
							}
						},
						{
							"origin": [-0.19, 4.89, -2.09],
							"size": [4.18, 7.22, 4.18],
							"inflate": 0.25,
							"uv": {
								"north": {"uv": [57, 32], "uv_size": [4.25, 7.25]},
								"east": {"uv": [58, 40], "uv_size": [4.25, 7.25]},
								"south": {"uv": [48, 58], "uv_size": [4.25, 7.25]},
								"west": {"uv": [58, 48], "uv_size": [4.25, 7.25]},
								"up": {"uv": [62, 0], "uv_size": [4.25, 4.25]},
								"down": {"uv": [62, 9.25], "uv_size": [4.25, -4.25]}
							}
						},
						{
							"origin": [1.01, 3.89, -2.09],
							"size": [1.78, 0.72, 4.18],
							"inflate": 0.25,
							"uv": {
								"north": {"uv": [106.07431, 23.22146], "uv_size": [5.3656, 5.26111]},
								"east": {"uv": [107.09633, 29.02682], "uv_size": [5.3656, 5.26111]},
								"south": {"uv": [96.87615, 42.08889], "uv_size": [5.3656, 5.26111]},
								"west": {"uv": [107.09633, 34.83218], "uv_size": [5.3656, 5.26111]},
								"up": {"uv": [111.1844, 0], "uv_size": [5.3656, 3.0841]},
								"down": {"uv": [111.1844, 6.71245], "uv_size": [5.3656, -3.0841]}
							}
						},
						{
							"origin": [-0.39, 3.69, -2.09],
							"size": [4.58, 0.12, 4.18],
							"inflate": 0.25,
							"uv": {
								"north": {"uv": [106.07431, 23.22146], "uv_size": [5.3656, 5.26111]},
								"east": {"uv": [107.09633, 29.02682], "uv_size": [5.3656, 5.26111]},
								"south": {"uv": [96.87615, 42.08889], "uv_size": [5.3656, 5.26111]},
								"west": {"uv": [107.09633, 34.83218], "uv_size": [5.3656, 5.26111]},
								"up": {"uv": [111.1844, 0], "uv_size": [5.3656, 3.0841]},
								"down": {"uv": [111.1844, 6.71245], "uv_size": [5.3656, -3.0841]}
							}
						},
						{
							"origin": [-0.19, -0.11, -2.09],
							"size": [4.18, 3.22, 4.18],
							"inflate": 0.25,
							"uv": {
								"north": {"uv": [41, 65], "uv_size": [4.25, 3.25]},
								"east": {"uv": [53, 65], "uv_size": [4.25, 3.25]},
								"south": {"uv": [66, 20], "uv_size": [4.25, 3.25]},
								"west": {"uv": [66, 24], "uv_size": [4.25, 3.25]},
								"up": {"uv": [62, 10], "uv_size": [4.25, 4.25]},
								"down": {"uv": [62, 19.25], "uv_size": [4.25, -4.25]}
							}
						}
					]
				},
				{
					"name": "waist",
					"parent": "root",
					"pivot": [0, 0, 0]
				},
				{
					"name": "Body",
					"parent": "waist",
					"pivot": [0, 24, 0],
					"cubes": [
						{
							"origin": [-4, 12, -2],
							"size": [8, 12, 4],
							"inflate": 0.15,
							"uv": {
								"north": {"uv": [0, 0], "uv_size": [8, 12]},
								"east": {"uv": [32, 32], "uv_size": [4, 12]},
								"south": {"uv": [8, 0], "uv_size": [8, 12]},
								"west": {"uv": [36, 8], "uv_size": [4, 12]},
								"up": {"uv": [5, 56], "uv_size": [8, 4]},
								"down": {"uv": [13, 60], "uv_size": [8, -4]}
							}
						},
						{
							"origin": [-4, 12, -2],
							"size": [8, 12, 4],
							"inflate": 0.25,
							"uv": {
								"north": {"uv": [0, 12], "uv_size": [8, 12]},
								"east": {"uv": [36, 20], "uv_size": [4, 12]},
								"south": {"uv": [8, 12], "uv_size": [8, 12]},
								"west": {"uv": [36, 32], "uv_size": [4, 12]},
								"up": {"uv": [21, 56], "uv_size": [8, 4]},
								"down": {"uv": [29, 60], "uv_size": [8, -4]}
							}
						},
						{
							"origin": [-5.235, 11.065, -2.535],
							"size": [10.37, 12.47, 0],
							"uv": {
								"north": {"uv": [19.8, 80], "uv_size": [47.3, 48]},
								"east": {"uv": [36, 20], "uv_size": [4, 12]},
								"south": {"uv": [105, 65], "uv_size": [-9, -7]},
								"west": {"uv": [36, 32], "uv_size": [4, 12]},
								"up": {"uv": [21, 56], "uv_size": [8, 4]},
								"down": {"uv": [29, 60], "uv_size": [8, -4]}
							}
						},
						{
							"origin": [-4.4412, 14.8588, 2.4188],
							"size": [8.7824, 9.0824, 0],
							"uv": {
								"north": {"uv": [92, 64], "uv_size": [-8, 12]},
								"east": {"uv": [79, 64], "uv_size": [-2, 12]},
								"south": {"uv": [122, 79], "uv_size": [-34, 49]},
								"west": {"uv": [84, 79], "uv_size": [-1, -11]},
								"up": {"uv": [93, 78], "uv_size": [1, -6]},
								"down": {"uv": [96, 70], "uv_size": [8, 4]}
							}
						},
						{
							"origin": [-4.135, 11.925, -2.135],
							"size": [1.47, 2.15, 4.27],
							"inflate": 0.25,
							"uv": {
								"north": {"uv": [5, 69], "uv_size": [2.25, 2.25]},
								"east": {"uv": [66, 28], "uv_size": [4.25, 2.25]},
								"south": {"uv": [8, 69], "uv_size": [2.25, 2.25]},
								"west": {"uv": [66, 31], "uv_size": [4.25, 2.25]},
								"up": {"uv": [45, 60], "uv_size": [2.25, 4.25]},
								"down": {"uv": [66, 38.25], "uv_size": [2.25, -4.25]}
							}
						},
						{
							"origin": [-4.135, 11.925, 0.865],
							"size": [7.47, 11.15, 1.27],
							"inflate": 0.25,
							"uv": {
								"north": {"uv": [5, 69], "uv_size": [2.25, 2.25]},
								"east": {"uv": [66, 28], "uv_size": [4.25, 2.25]},
								"south": {"uv": [8, 69], "uv_size": [2.25, 2.25]},
								"west": {"uv": [66, 31], "uv_size": [4.25, 2.25]},
								"up": {"uv": [45, 60], "uv_size": [2.25, 4.25]},
								"down": {"uv": [66, 38.25], "uv_size": [2.25, -4.25]}
							}
						},
						{
							"origin": [2.865, 11.925, -2.135],
							"size": [1.27, 2.15, 4.27],
							"inflate": 0.25,
							"uv": {
								"north": {"uv": [11, 69], "uv_size": [2.25, 2.25]},
								"east": {"uv": [46, 66], "uv_size": [4.25, 2.25]},
								"south": {"uv": [69, 13], "uv_size": [2.25, 2.25]},
								"west": {"uv": [58, 66], "uv_size": [4.25, 2.25]},
								"up": {"uv": [0, 67], "uv_size": [2.25, 4.25]},
								"down": {"uv": [67, 4.25], "uv_size": [2.25, -4.25]}
							}
						},
						{
							"origin": [-4.135, 14.075, -2.135],
							"size": [0.77, 8.1, 4.27],
							"inflate": 0.25,
							"uv": {
								"north": {"uv": [51, 66], "uv_size": [1.25, 5]},
								"east": {"uv": [58, 56], "uv_size": [4.25, 5]},
								"south": {"uv": [3, 67], "uv_size": [1.25, 5]},
								"west": {"uv": [5, 60], "uv_size": [4.25, 5]},
								"up": {"uv": [67, 52], "uv_size": [1.25, 4.25]},
								"down": {"uv": [67, 61.25], "uv_size": [1.25, -4.25]}
							}
						},
						{
							"origin": [-4.135, 19.075, -2.135],
							"size": [0.27, 2, 4.27],
							"inflate": 0.25,
							"uv": {
								"north": {"uv": [55, 69], "uv_size": [0.25, 2]},
								"east": {"uv": [67, 5], "uv_size": [4.25, 2]},
								"south": {"uv": [69, 55], "uv_size": [0.25, 2]},
								"west": {"uv": [67, 7], "uv_size": [4.25, 2]},
								"up": {"uv": [17, 69], "uv_size": [0.25, 4.25]},
								"down": {"uv": [18, 73.25], "uv_size": [0.25, -4.25]}
							}
						},
						{
							"origin": [3.865, 19.075, -2.135],
							"size": [0.27, 2, 4.27],
							"inflate": 0.25,
							"uv": {
								"north": {"uv": [56, 69], "uv_size": [0.25, 2]},
								"east": {"uv": [67, 9], "uv_size": [4.25, 2]},
								"south": {"uv": [57, 69], "uv_size": [0.25, 2]},
								"west": {"uv": [67, 11], "uv_size": [4.25, 2]},
								"up": {"uv": [19, 69], "uv_size": [0.25, 4.25]},
								"down": {"uv": [20, 73.25], "uv_size": [0.25, -4.25]}
							}
						},
						{
							"origin": [3.665, 14.075, -2.135],
							"size": [0.47, 8.4, 4.27],
							"inflate": 0.25,
							"uv": {
								"north": {"uv": [67, 13], "uv_size": [1.25, 5]},
								"east": {"uv": [10, 60], "uv_size": [4.25, 5]},
								"south": {"uv": [67, 39], "uv_size": [1.25, 5]},
								"west": {"uv": [15, 60], "uv_size": [4.25, 5]},
								"up": {"uv": [67, 66], "uv_size": [1.25, 4.25]},
								"down": {"uv": [63, 72.25], "uv_size": [1.25, -4.25]}
							}
						},
						{
							"origin": [-1.865, 11.925, -2.135],
							"size": [1.3, 7.75, 4.27],
							"inflate": 0.25,
							"pivot": [-2, 11, 0],
							"rotation": [0, 0, -17.5],
							"uv": {
								"north": {"uv": [52, 45], "uv_size": [1, 1.25]},
								"east": {"uv": [67, 18], "uv_size": [4.25, 1.25]},
								"south": {"uv": [15, 69], "uv_size": [1, 1.25]},
								"west": {"uv": [67, 50], "uv_size": [4.25, 1.25]},
								"up": {"uv": [52, 40], "uv_size": [1, 4.25]},
								"down": {"uv": [65, 72.25], "uv_size": [1, -4.25]}
							}
						},
						{
							"origin": [0.365, 12.525, -2.135],
							"size": [1.5, 9.65, 4.27],
							"inflate": 0.25,
							"pivot": [0, 10, 0],
							"rotation": [0, 0, 15],
							"uv": {
								"north": {"uv": [16, 69], "uv_size": [1, 1.25]},
								"east": {"uv": [67, 62], "uv_size": [4.25, 1.25]},
								"south": {"uv": [69, 16], "uv_size": [1, 1.25]},
								"west": {"uv": [67, 64], "uv_size": [4.25, 1.25]},
								"up": {"uv": [66, 68], "uv_size": [1, 4.25]},
								"down": {"uv": [14, 73.25], "uv_size": [1, -4.25]}
							}
						},
						{
							"origin": [-4.56027, 14.79587, 0.71],
							"size": [8.78, 0.3, 1.48],
							"inflate": 0.25,
							"uv": {
								"north": {"uv": [118.59422, 33.88016], "uv_size": [8.00578, 12.30545]},
								"east": {"uv": [121.3, 7.05837], "uv_size": [5.3, 12.30545]},
								"south": {"uv": [121.3, 0], "uv_size": [5.3, 12.30545]},
								"west": {"uv": [86.12489, 36.7035], "uv_size": [9.42511, 12.30545]},
								"up": {"uv": [99.65378, 42.35019], "uv_size": [9.42511, 8.59981]},
								"down": {"uv": [103.036, 50.95], "uv_size": [9.42511, -8.59981]}
							}
						},
						{
							"origin": [-3.06027, 13.49587, 0.71],
							"size": [5.78, 0, 1.48],
							"inflate": 0.25,
							"uv": {
								"north": {"uv": [118.59422, 33.88016], "uv_size": [8.00578, 12.30545]},
								"east": {"uv": [121.3, 7.05837], "uv_size": [5.3, 12.30545]},
								"south": {"uv": [121.3, 0], "uv_size": [5.3, 12.30545]},
								"west": {"uv": [86.12489, 36.7035], "uv_size": [9.42511, 12.30545]},
								"up": {"uv": [99.65378, 42.35019], "uv_size": [9.42511, 8.59981]},
								"down": {"uv": [103.036, 50.95], "uv_size": [9.42511, -8.59981]}
							}
						},
						{
							"origin": [2.13973, 13.89587, 0.71],
							"size": [0.28, 1.4, 1.48],
							"inflate": 0.25,
							"pivot": [1.47973, 13.99587, 1.45],
							"rotation": [0, 0, 28],
							"uv": {
								"north": {"uv": [118.59422, 33.88016], "uv_size": [8.00578, 12.30545]},
								"east": {"uv": [121.3, 7.05837], "uv_size": [5.3, 12.30545]},
								"south": {"uv": [121.3, 0], "uv_size": [5.3, 12.30545]},
								"west": {"uv": [86.12489, 36.7035], "uv_size": [9.42511, 12.30545]},
								"up": {"uv": [99.65378, 42.35019], "uv_size": [9.42511, 8.59981]},
								"down": {"uv": [103.036, 50.95], "uv_size": [9.42511, -8.59981]}
							}
						},
						{
							"origin": [-2.66027, 13.69587, 0.71],
							"size": [0.38, 1.4, 1.48],
							"inflate": 0.25,
							"pivot": [-2.62027, 13.99587, 1.45],
							"rotation": [0, 0, -28],
							"uv": {
								"north": {"uv": [118.59422, 33.88016], "uv_size": [8.00578, 12.30545]},
								"east": {"uv": [121.3, 7.05837], "uv_size": [5.3, 12.30545]},
								"south": {"uv": [121.3, 0], "uv_size": [5.3, 12.30545]},
								"west": {"uv": [86.12489, 36.7035], "uv_size": [9.42511, 12.30545]},
								"up": {"uv": [99.65378, 42.35019], "uv_size": [9.42511, 8.59981]},
								"down": {"uv": [103.036, 50.95], "uv_size": [9.42511, -8.59981]}
							}
						},
						{
							"origin": [2.33973, 15.19587, -2.39],
							"size": [0.38, 1.6, 1.38],
							"inflate": 0.25,
							"pivot": [1.47973, 13.99587, -1.75],
							"rotation": [0, 0, 71],
							"uv": {
								"north": {"uv": [118.59422, 33.88016], "uv_size": [8.00578, 12.30545]},
								"east": {"uv": [121.3, 7.05837], "uv_size": [5.3, 12.30545]},
								"south": {"uv": [121.3, 0], "uv_size": [5.3, 12.30545]},
								"west": {"uv": [86.12489, 36.7035], "uv_size": [9.42511, 12.30545]},
								"up": {"uv": [99.65378, 42.35019], "uv_size": [9.42511, 8.59981]},
								"down": {"uv": [103.036, 50.95], "uv_size": [9.42511, -8.59981]}
							}
						},
						{
							"origin": [-3.96562, 14.21947, -2.39],
							"size": [0.38, 1.5, 1.38],
							"inflate": 0.25,
							"pivot": [-2.67562, 14.41947, -1.75],
							"rotation": [0, 0, -75],
							"uv": {
								"north": {"uv": [118.59422, 33.88016], "uv_size": [8.00578, 12.30545]},
								"east": {"uv": [121.3, 7.05837], "uv_size": [5.3, 12.30545]},
								"south": {"uv": [121.3, 0], "uv_size": [5.3, 12.30545]},
								"west": {"uv": [86.12489, 36.7035], "uv_size": [9.42511, 12.30545]},
								"up": {"uv": [99.65378, 42.35019], "uv_size": [9.42511, 8.59981]},
								"down": {"uv": [103.036, 50.95], "uv_size": [9.42511, -8.59981]}
							}
						}
					]
				},
				{
					"name": "Head",
					"parent": "Body",
					"pivot": [0, 24, 0],
					"cubes": [
						{
							"origin": [-4, 24, -4],
							"size": [8, 8, 8],
							"inflate": 0.3,
							"uv": {
								"north": {"uv": [16, 0], "uv_size": [8, 8]},
								"east": {"uv": [16, 8], "uv_size": [8, 8]},
								"south": {"uv": [16, 16], "uv_size": [8, 8]},
								"west": {"uv": [0, 24], "uv_size": [8, 8]},
								"up": {"uv": [24, 0], "uv_size": [8, 8]},
								"down": {"uv": [8, 32], "uv_size": [8, -8]}
							}
						}
					]
				},
				{
					"name": "b",
					"parent": "Head",
					"pivot": [-2.95, 16.3, -3.3]
				},
				{
					"name": "e",
					"parent": "b",
					"pivot": [2.56482, 19.13305, -3.82647],
					"cubes": [
						{
							"origin": [1.51629, 26.72226, -4.4966],
							"size": [1.55337, 0.37995, 0.49591],
							"uv": {
								"north": {"uv": [69, 66], "uv_size": [1.25, 0.25]},
								"east": {"uv": [47, 70], "uv_size": [0.5, 0.25]},
								"south": {"uv": [69, 67], "uv_size": [1.25, 0.25]},
								"west": {"uv": [70, 47], "uv_size": [0.5, 0.25]},
								"up": {"uv": [23, 69], "uv_size": [1.25, 0.5]},
								"down": {"uv": [25, 69.5], "uv_size": [1.25, -0.5]}
							}
						},
						{
							"origin": [-6.21907, 22.89118, -4.4966],
							"size": [1.28937, 0.37995, 0.49591],
							"pivot": [4.36862, 14.58468, -3.28161],
							"rotation": [0, 0, 35],
							"uv": {
								"north": {"uv": [69, 68], "uv_size": [1.25, 0.25]},
								"east": {"uv": [48, 70], "uv_size": [0.5, 0.25]},
								"south": {"uv": [69, 69], "uv_size": [1.25, 0.25]},
								"west": {"uv": [70, 48], "uv_size": [0.5, 0.25]},
								"up": {"uv": [27, 69], "uv_size": [1.25, 0.5]},
								"down": {"uv": [29, 69.5], "uv_size": [1.25, -0.5]}
							}
						},
						{
							"origin": [-5.61631, -0.06218, -4.4966],
							"size": [1.40532, 0.37995, 0.49591],
							"pivot": [4.72342, 12.71554, -3.28161],
							"rotation": [0, 0, 130],
							"uv": {
								"north": {"uv": [70, 0], "uv_size": [1.25, 0.25]},
								"east": {"uv": [49, 70], "uv_size": [0.5, 0.25]},
								"south": {"uv": [70, 1], "uv_size": [1.25, 0.25]},
								"west": {"uv": [70, 49], "uv_size": [0.5, 0.25]},
								"up": {"uv": [31, 69], "uv_size": [1.25, 0.5]},
								"down": {"uv": [33, 69.5], "uv_size": [1.25, -0.5]}
							}
						},
						{
							"origin": [-7.73383, 2.31959, -4.4966],
							"size": [1.28937, 0.37995, 0.49591],
							"pivot": [3.59772, 12.61775, -3.28161],
							"rotation": [0, 0, 132.5],
							"uv": {
								"north": {"uv": [70, 2], "uv_size": [1.25, 0.25]},
								"east": {"uv": [50, 70], "uv_size": [0.5, 0.25]},
								"south": {"uv": [70, 3], "uv_size": [1.25, 0.25]},
								"west": {"uv": [53, 70], "uv_size": [0.5, 0.25]},
								"up": {"uv": [69, 34], "uv_size": [1.25, 0.5]},
								"down": {"uv": [35, 69.5], "uv_size": [1.25, -0.5]}
							}
						},
						{
							"origin": [-13.67648, 12.29164, -4.4966],
							"size": [1.6241, 0.37995, 0.49591],
							"pivot": [3.44482, 12.17569, -3.28161],
							"rotation": [0, 0, 90],
							"uv": {
								"north": {"uv": [69, 57], "uv_size": [1.5, 0.25]},
								"east": {"uv": [54, 70], "uv_size": [0.5, 0.25]},
								"south": {"uv": [58, 69], "uv_size": [1.5, 0.25]},
								"west": {"uv": [70, 55], "uv_size": [0.5, 0.25]},
								"up": {"uv": [5, 55], "uv_size": [1.5, 0.5]},
								"down": {"uv": [37, 59.5], "uv_size": [1.5, -0.5]}
							}
						},
						{
							"origin": [-11.32654, -7.91279, -4.4966],
							"size": [1.28937, 0.37995, 0.49591],
							"pivot": [-0.9868, 9.44407, -3.28161],
							"rotation": [0, 0, 160],
							"uv": {
								"north": {"uv": [70, 4], "uv_size": [1.25, 0.25]},
								"east": {"uv": [70, 56], "uv_size": [0.5, 0.25]},
								"south": {"uv": [70, 16], "uv_size": [1.25, 0.25]},
								"west": {"uv": [58, 70], "uv_size": [0.5, 0.25]},
								"up": {"uv": [69, 35], "uv_size": [1.25, 0.5]},
								"down": {"uv": [69, 36.5], "uv_size": [1.25, -0.5]}
							}
						},
						{
							"origin": [-7.43883, -9.39042, -4.4966],
							"size": [1.05746, 0.37995, 0.49591],
							"pivot": [-1.7942, 9.95009, -3.28161],
							"rotation": [0, 0, -180],
							"uv": {
								"north": {"uv": [62, 69], "uv_size": [1, 0.25]},
								"east": {"uv": [59, 70], "uv_size": [0.5, 0.25]},
								"south": {"uv": [39, 70], "uv_size": [1, 0.25]},
								"west": {"uv": [60, 70], "uv_size": [0.5, 0.25]},
								"up": {"uv": [52, 47], "uv_size": [1, 0.5]},
								"down": {"uv": [7, 55.5], "uv_size": [1, -0.5]}
							}
						},
						{
							"origin": [3.47445, 26.75982, -4.4966],
							"size": [1.05746, 0.37995, 0.49591],
							"pivot": [3.8898, 28.13889, -3.28161],
							"rotation": [0, 0, 162.5],
							"uv": {
								"north": {"uv": [62, 69], "uv_size": [1, 0.25]},
								"east": {"uv": [59, 70], "uv_size": [0.5, 0.25]},
								"south": {"uv": [39, 70], "uv_size": [1, 0.25]},
								"west": {"uv": [60, 70], "uv_size": [0.5, 0.25]},
								"up": {"uv": [52, 47], "uv_size": [1, 0.5]},
								"down": {"uv": [7, 55.5], "uv_size": [1, -0.5]}
							}
						}
					]
				},
				{
					"name": "e2",
					"parent": "b",
					"pivot": [-3.34882, 19.13305, -3.82647],
					"cubes": [
						{
							"origin": [-3.17198, 26.62226, -4.4966],
							"size": [1.55337, 0.47995, 0.49591],
							"uv": {
								"north": {"uv": [70, 17], "uv_size": [1.25, 0.25]},
								"east": {"uv": [70, 60], "uv_size": [0.5, 0.25]},
								"south": {"uv": [21, 70], "uv_size": [1.25, 0.25]},
								"west": {"uv": [61, 70], "uv_size": [0.5, 0.25]},
								"up": {"uv": [37, 69], "uv_size": [1.25, 0.5]},
								"down": {"uv": [69, 37.5], "uv_size": [1.25, -0.5]}
							}
						},
						{
							"origin": [4.82738, 22.79118, -4.4966],
							"size": [1.28937, 0.47995, 0.49591],
							"pivot": [-4.47094, 14.58468, -3.28161],
							"rotation": [0, 0, -35],
							"uv": {
								"north": {"uv": [23, 70], "uv_size": [1.25, 0.25]},
								"east": {"uv": [70, 61], "uv_size": [0.5, 0.25]},
								"south": {"uv": [25, 70], "uv_size": [1.25, 0.25]},
								"west": {"uv": [62, 70], "uv_size": [0.5, 0.25]},
								"up": {"uv": [69, 38], "uv_size": [1.25, 0.5]},
								"down": {"uv": [39, 69.5], "uv_size": [1.25, -0.5]}
							}
						},
						{
							"origin": [4.10868, -0.06218, -4.4966],
							"size": [1.40532, 0.37995, 0.49591],
							"pivot": [-4.82574, 12.71554, -3.28161],
							"rotation": [0, 0, -130],
							"uv": {
								"north": {"uv": [27, 70], "uv_size": [1.25, 0.25]},
								"east": {"uv": [69, 70], "uv_size": [0.5, 0.25]},
								"south": {"uv": [29, 70], "uv_size": [1.25, 0.25]},
								"west": {"uv": [70, 70], "uv_size": [0.5, 0.25]},
								"up": {"uv": [69, 39], "uv_size": [1.25, 0.5]},
								"down": {"uv": [69, 40.5], "uv_size": [1.25, -0.5]}
							}
						},
						{
							"origin": [6.34214, 2.31959, -4.4966],
							"size": [1.28937, 0.47995, 0.49591],
							"pivot": [-3.70004, 12.61775, -3.28161],
							"rotation": [0, 0, -132.5],
							"uv": {
								"north": {"uv": [31, 70], "uv_size": [1.25, 0.25]},
								"east": {"uv": [15, 71], "uv_size": [0.5, 0.25]},
								"south": {"uv": [33, 70], "uv_size": [1.25, 0.25]},
								"west": {"uv": [16, 71], "uv_size": [0.5, 0.25]},
								"up": {"uv": [41, 69], "uv_size": [1.25, 0.5]},
								"down": {"uv": [69, 41.5], "uv_size": [1.25, -0.5]}
							}
						},
						{
							"origin": [11.95006, 12.29164, -4.4966],
							"size": [1.6241, 0.37995, 0.49591],
							"pivot": [-3.54714, 12.17569, -3.28161],
							"rotation": [0, 0, -90],
							"uv": {
								"north": {"uv": [69, 58], "uv_size": [1.5, 0.25]},
								"east": {"uv": [71, 20], "uv_size": [0.5, 0.25]},
								"south": {"uv": [69, 59], "uv_size": [1.5, 0.25]},
								"west": {"uv": [21, 71], "uv_size": [0.5, 0.25]},
								"up": {"uv": [46, 65], "uv_size": [1.5, 0.5]},
								"down": {"uv": [21, 69.5], "uv_size": [1.5, -0.5]}
							}
						},
						{
							"origin": [9.93485, -7.91279, -4.4966],
							"size": [1.28937, 0.37995, 0.49591],
							"pivot": [0.88448, 9.44407, -3.28161],
							"rotation": [0, 0, -160],
							"uv": {
								"north": {"uv": [35, 70], "uv_size": [1.25, 0.25]},
								"east": {"uv": [71, 21], "uv_size": [0.5, 0.25]},
								"south": {"uv": [37, 70], "uv_size": [1.25, 0.25]},
								"west": {"uv": [22, 71], "uv_size": [0.5, 0.25]},
								"up": {"uv": [69, 42], "uv_size": [1.25, 0.5]},
								"down": {"uv": [43, 69.5], "uv_size": [1.25, -0.5]}
							}
						},
						{
							"origin": [6.27905, -9.39042, -4.4966],
							"size": [1.05746, 0.37995, 0.49591],
							"pivot": [1.69188, 9.95009, -3.28161],
							"rotation": [0, 0, 180],
							"uv": {
								"north": {"uv": [40, 70], "uv_size": [1, 0.25]},
								"east": {"uv": [71, 22], "uv_size": [0.5, 0.25]},
								"south": {"uv": [41, 70], "uv_size": [1, 0.25]},
								"west": {"uv": [23, 71], "uv_size": [0.5, 0.25]},
								"up": {"uv": [39, 59], "uv_size": [1, 0.5]},
								"down": {"uv": [66, 39.5], "uv_size": [1, -0.5]}
							}
						},
						{
							"origin": [-1.67855, 28.0103, -4.4966],
							"size": [1.05746, 0.37995, 0.49591],
							"pivot": [-2.4006, 28.59361, -3.28161],
							"rotation": [0, 0, -167],
							"uv": {
								"north": {"uv": [40, 70], "uv_size": [1, 0.25]},
								"east": {"uv": [71, 22], "uv_size": [0.5, 0.25]},
								"south": {"uv": [41, 70], "uv_size": [1, 0.25]},
								"west": {"uv": [23, 71], "uv_size": [0.5, 0.25]},
								"up": {"uv": [39, 59], "uv_size": [1, 0.5]},
								"down": {"uv": [66, 39.5], "uv_size": [1, -0.5]}
							}
						}
					]
				},
				{
					"name": "RightArm",
					"parent": "Body",
					"pivot": [-5, 22, 0],
					"cubes": [
						{
							"origin": [-8, 12, -2],
							"size": [4, 12, 4],
							"inflate": 0.15,
							"uv": {
								"north": {"uv": [0, 40], "uv_size": [4, 12]},
								"east": {"uv": [40, 0], "uv_size": [4, 12]},
								"south": {"uv": [4, 40], "uv_size": [4, 12]},
								"west": {"uv": [40, 12], "uv_size": [4, 12]},
								"up": {"uv": [62, 36], "uv_size": [4, 4]},
								"down": {"uv": [63, 44], "uv_size": [4, -4]}
							}
						},
						{
							"origin": [-8, 12, -2],
							"size": [4, 12, 4],
							"inflate": 0.25,
							"uv": {
								"north": {"uv": [40, 24], "uv_size": [4, 12]},
								"east": {"uv": [40, 36], "uv_size": [4, 12]},
								"south": {"uv": [44, 0], "uv_size": [4, 12]},
								"west": {"uv": [8, 44], "uv_size": [4, 12]},
								"up": {"uv": [63, 44], "uv_size": [4, 4]},
								"down": {"uv": [63, 52], "uv_size": [4, -4]}
							}
						},
						{
							"origin": [-8.09, 16.31, -2.09],
							"size": [4.18, 5.48, 4.18],
							"inflate": 0.25,
							"uv": {
								"north": {"uv": [48, 48], "uv_size": [4.25, 9.5]},
								"east": {"uv": [0, 52], "uv_size": [4.25, 9.5]},
								"south": {"uv": [52, 0], "uv_size": [4.25, 9.5]},
								"west": {"uv": [52, 10], "uv_size": [4.25, 9.5]},
								"up": {"uv": [20, 60], "uv_size": [4.25, 4.25]},
								"down": {"uv": [25, 64.25], "uv_size": [4.25, -4.25]}
							}
						},
						{
							"origin": [-7.59, 20.31, -2.09],
							"size": [4.18, 0.88, 4.18],
							"inflate": 0.25,
							"pivot": [-8.6, 19.3, 0],
							"rotation": [0, 0, -15],
							"uv": {
								"north": {"uv": [48, 48], "uv_size": [4.25, 9.5]},
								"east": {"uv": [0, 52], "uv_size": [4.25, 9.5]},
								"south": {"uv": [52, 0], "uv_size": [4.25, 9.5]},
								"west": {"uv": [52, 10], "uv_size": [4.25, 9.5]},
								"up": {"uv": [20, 60], "uv_size": [4.25, 4.25]},
								"down": {"uv": [25, 64.25], "uv_size": [4.25, -4.25]}
							}
						},
						{
							"origin": [-8.09, 12.61, -2.09],
							"size": [1.08, 3.78, 4.18],
							"inflate": 0.25,
							"uv": {
								"north": {"uv": [48, 48], "uv_size": [4.25, 9.5]},
								"east": {"uv": [0, 52], "uv_size": [4.25, 9.5]},
								"south": {"uv": [52, 0], "uv_size": [4.25, 9.5]},
								"west": {"uv": [52, 10], "uv_size": [4.25, 9.5]},
								"up": {"uv": [20, 60], "uv_size": [4.25, 4.25]},
								"down": {"uv": [25, 64.25], "uv_size": [4.25, -4.25]}
							}
						},
						{
							"origin": [-6.79, 13.41, -2.09],
							"size": [2.18, 0.5, 4.18],
							"inflate": 0.25,
							"pivot": [-7.5, 13.8, 0],
							"rotation": [0, 0, -5],
							"uv": {
								"north": {"uv": [48, 48], "uv_size": [4.25, 9.5]},
								"east": {"uv": [0, 52], "uv_size": [4.25, 9.5]},
								"south": {"uv": [52, 0], "uv_size": [4.25, 9.5]},
								"west": {"uv": [52, 10], "uv_size": [4.25, 9.5]},
								"up": {"uv": [20, 60], "uv_size": [4.25, 4.25]},
								"down": {"uv": [25, 64.25], "uv_size": [4.25, -4.25]}
							}
						},
						{
							"origin": [-6.79, 13.71, -2.09],
							"size": [2.18, 0.5, 4.18],
							"inflate": 0.25,
							"uv": {
								"north": {"uv": [48, 48], "uv_size": [4.25, 9.5]},
								"east": {"uv": [0, 52], "uv_size": [4.25, 9.5]},
								"south": {"uv": [52, 0], "uv_size": [4.25, 9.5]},
								"west": {"uv": [52, 10], "uv_size": [4.25, 9.5]},
								"up": {"uv": [20, 60], "uv_size": [4.25, 4.25]},
								"down": {"uv": [25, 64.25], "uv_size": [4.25, -4.25]}
							}
						},
						{
							"origin": [-6.79, 14.91, -2.09],
							"size": [1.08, 0.5, 4.18],
							"inflate": 0.25,
							"uv": {
								"north": {"uv": [48, 48], "uv_size": [4.25, 9.5]},
								"east": {"uv": [0, 52], "uv_size": [4.25, 9.5]},
								"south": {"uv": [52, 0], "uv_size": [4.25, 9.5]},
								"west": {"uv": [52, 10], "uv_size": [4.25, 9.5]},
								"up": {"uv": [20, 60], "uv_size": [4.25, 4.25]},
								"down": {"uv": [25, 64.25], "uv_size": [4.25, -4.25]}
							}
						},
						{
							"origin": [-3.7696, 11.7236, -1.1704],
							"size": [0, 2.5528, 2.3408],
							"inflate": 0.25,
							"uv": {
								"north": {"uv": [0, 0], "uv_size": [0, 2.5]},
								"east": {"uv": [5, 52], "uv_size": [2.25, 2.5]},
								"south": {"uv": [0, 0], "uv_size": [0, 2.5]},
								"west": {"uv": [37, 56], "uv_size": [2.25, 2.5]},
								"up": {"uv": [0, 0], "uv_size": [0, 2.25]},
								"down": {"uv": [0, 2.25], "uv_size": [0, -2.25]}
							}
						},
						{
							"origin": [-3.7952, 12.6697, -0.21345],
							"size": [0.0512, 0.66061, 0.4269],
							"inflate": 0.25,
							"uv": {
								"north": {"uv": [45, 70], "uv_size": [0.25, 0.75]},
								"east": {"uv": [60, 69], "uv_size": [0.5, 0.75]},
								"south": {"uv": [70, 45], "uv_size": [0.25, 0.75]},
								"west": {"uv": [69, 60], "uv_size": [0.5, 0.75]},
								"up": {"uv": [71, 23], "uv_size": [0.25, 0.5]},
								"down": {"uv": [24, 71.5], "uv_size": [0.25, -0.5]}
							}
						},
						{
							"origin": [-3.7696, 10.7236, -0.1704],
							"size": [0, 1, 0.3408],
							"inflate": 0.25,
							"uv": {
								"north": {"uv": [0, 0], "uv_size": [0, 1]},
								"east": {"uv": [42, 70], "uv_size": [0.25, 1]},
								"south": {"uv": [0, 0], "uv_size": [0, 1]},
								"west": {"uv": [43, 70], "uv_size": [0.25, 1]},
								"up": {"uv": [0, 0], "uv_size": [0, 0.25]},
								"down": {"uv": [0, 0.25], "uv_size": [0, -0.25]}
							}
						},
						{
							"origin": [-3.7696, 11.7236, -2.1704],
							"size": [0, 0.5528, 1.3408],
							"inflate": 0.25,
							"pivot": [-3.3856, 14.5204, 0],
							"rotation": [20, 0, 0],
							"uv": {
								"north": {"uv": [0, 0], "uv_size": [0, 0.5]},
								"east": {"uv": [69, 43], "uv_size": [1.25, 0.5]},
								"south": {"uv": [0, 0], "uv_size": [0, 0.5]},
								"west": {"uv": [45, 69], "uv_size": [1.25, 0.5]},
								"up": {"uv": [0, 0], "uv_size": [0, 1.25]},
								"down": {"uv": [0, 1.25], "uv_size": [0, -1.25]}
							}
						},
						{
							"origin": [-3.7696, 11.7236, 0.8296],
							"size": [0, 0.5528, 1.3408],
							"inflate": 0.25,
							"pivot": [-3.3856, 14.5204, 0],
							"rotation": [-20, 0, 0],
							"uv": {
								"north": {"uv": [0, 0], "uv_size": [0, 0.5]},
								"east": {"uv": [47, 69], "uv_size": [1.25, 0.5]},
								"south": {"uv": [0, 0], "uv_size": [0, 0.5]},
								"west": {"uv": [49, 69], "uv_size": [1.25, 0.5]},
								"up": {"uv": [0, 0], "uv_size": [0, 1.25]},
								"down": {"uv": [0, 1.25], "uv_size": [0, -1.25]}
							}
						},
						{
							"origin": [-8.31693, 14.31587, 0.41],
							"size": [3.78, 0.18, 1.78],
							"inflate": 0.25,
							"pivot": [-6.42693, 14.25587, -0.05],
							"rotation": [180, 0, -164],
							"uv": {
								"north": {"uv": [118.59422, 33.88016], "uv_size": [8.00578, 12.30545]},
								"east": {"uv": [121.3, 7.05837], "uv_size": [5.3, 12.30545]},
								"south": {"uv": [121.3, 0], "uv_size": [5.3, 12.30545]},
								"west": {"uv": [86.12489, 36.7035], "uv_size": [9.42511, 12.30545]},
								"up": {"uv": [99.65378, 42.35019], "uv_size": [9.42511, 8.59981]},
								"down": {"uv": [103.036, 50.95], "uv_size": [9.42511, -8.59981]}
							}
						},
						{
							"origin": [-9.26748, 17.26069, -2.29],
							"size": [3.88, 0.08, 4.48],
							"inflate": 0.25,
							"pivot": [-6.9486, 16.52227, -0.05],
							"rotation": [180, 0, -175],
							"uv": {
								"north": {"uv": [118.59422, 33.88016], "uv_size": [8.00578, 12.30545]},
								"east": {"uv": [121.3, 7.05837], "uv_size": [5.3, 12.30545]},
								"south": {"uv": [121.3, 0], "uv_size": [5.3, 12.30545]},
								"west": {"uv": [86.12489, 36.7035], "uv_size": [9.42511, 12.30545]},
								"up": {"uv": [99.65378, 42.35019], "uv_size": [9.42511, 8.59981]},
								"down": {"uv": [103.036, 50.95], "uv_size": [9.42511, -8.59981]}
							}
						},
						{
							"origin": [-6.06748, 17.76069, -1.79],
							"size": [0.68, 0.48, 3.58],
							"inflate": 0.25,
							"pivot": [-6.9486, 17.02227, -0.05],
							"rotation": [180, 0, -175],
							"uv": {
								"north": {"uv": [118.59422, 33.88016], "uv_size": [8.00578, 12.30545]},
								"east": {"uv": [121.3, 7.05837], "uv_size": [5.3, 12.30545]},
								"south": {"uv": [121.3, 0], "uv_size": [5.3, 12.30545]},
								"west": {"uv": [86.12489, 36.7035], "uv_size": [9.42511, 12.30545]},
								"up": {"uv": [99.65378, 42.35019], "uv_size": [9.42511, 8.59981]},
								"down": {"uv": [103.036, 50.95], "uv_size": [9.42511, -8.59981]}
							}
						},
						{
							"origin": [-8.04624, 17.35802, -2.29],
							"size": [0.08, 4.18, 4.48],
							"inflate": 0.25,
							"pivot": [-6.9486, 18.02227, -0.05],
							"rotation": [180, 0, 167],
							"uv": {
								"north": {"uv": [118.59422, 33.88016], "uv_size": [8.00578, 12.30545]},
								"east": {"uv": [121.3, 7.05837], "uv_size": [5.3, 12.30545]},
								"south": {"uv": [121.3, 0], "uv_size": [5.3, 12.30545]},
								"west": {"uv": [86.12489, 36.7035], "uv_size": [9.42511, 12.30545]},
								"up": {"uv": [99.65378, 42.35019], "uv_size": [9.42511, 8.59981]},
								"down": {"uv": [103.036, 50.95], "uv_size": [9.42511, -8.59981]}
							}
						},
						{
							"origin": [-6.96748, 20.76069, -2.29],
							"size": [1.58, 0.18, 4.48],
							"inflate": 0.25,
							"pivot": [-6.9486, 18.02227, -0.05],
							"rotation": [180, 0, -175],
							"uv": {
								"north": {"uv": [118.59422, 33.88016], "uv_size": [8.00578, 12.30545]},
								"east": {"uv": [121.3, 7.05837], "uv_size": [5.3, 12.30545]},
								"south": {"uv": [121.3, 0], "uv_size": [5.3, 12.30545]},
								"west": {"uv": [86.12489, 36.7035], "uv_size": [9.42511, 12.30545]},
								"up": {"uv": [99.65378, 42.35019], "uv_size": [9.42511, 8.59981]},
								"down": {"uv": [103.036, 50.95], "uv_size": [9.42511, -8.59981]}
							}
						},
						{
							"origin": [-8.53833, 21.96828, -2.29],
							"size": [3.78, 0.18, 4.48],
							"inflate": 0.25,
							"pivot": [-6.9486, 18.02227, -0.05],
							"rotation": [-180, 0, -169],
							"uv": {
								"north": {"uv": [118.59422, 33.88016], "uv_size": [8.00578, 12.30545]},
								"east": {"uv": [121.3, 7.05837], "uv_size": [5.3, 12.30545]},
								"south": {"uv": [121.3, 0], "uv_size": [5.3, 12.30545]},
								"west": {"uv": [86.12489, 36.7035], "uv_size": [9.42511, 12.30545]},
								"up": {"uv": [99.65378, 42.35019], "uv_size": [9.42511, 8.59981]},
								"down": {"uv": [103.036, 50.95], "uv_size": [9.42511, -8.59981]}
							}
						}
					]
				},
				{
					"name": "LeftArm",
					"parent": "Body",
					"pivot": [5, 22, 0],
					"cubes": [
						{
							"origin": [4, 12, -2],
							"size": [4, 12, 4],
							"inflate": 0.15,
							"uv": {
								"north": {"uv": [4, 40], "uv_size": [-4, 12]},
								"east": {"uv": [44, 12], "uv_size": [-4, 12]},
								"south": {"uv": [8, 40], "uv_size": [-4, 12]},
								"west": {"uv": [44, 0], "uv_size": [-4, 12]},
								"up": {"uv": [66, 36], "uv_size": [-4, 4]},
								"down": {"uv": [67, 44], "uv_size": [-4, -4]}
							}
						},
						{
							"origin": [4, 12, -2],
							"size": [4, 12, 4],
							"inflate": 0.25,
							"uv": {
								"north": {"uv": [44, 24], "uv_size": [-4, 12]},
								"east": {"uv": [12, 44], "uv_size": [-4, 12]},
								"south": {"uv": [48, 0], "uv_size": [-4, 12]},
								"west": {"uv": [44, 36], "uv_size": [-4, 12]},
								"up": {"uv": [67, 44], "uv_size": [-4, 4]},
								"down": {"uv": [67, 52], "uv_size": [-4, -4]}
							}
						},
						{
							"origin": [3.91, 16.51, -2.09],
							"size": [4.18, 5.28, 4.18],
							"inflate": 0.25,
							"uv": {
								"north": {"uv": [52.25, 48], "uv_size": [-4.25, 9.5]},
								"east": {"uv": [56.25, 10], "uv_size": [-4.25, 9.5]},
								"south": {"uv": [56.25, 0], "uv_size": [-4.25, 9.5]},
								"west": {"uv": [4.25, 52], "uv_size": [-4.25, 9.5]},
								"up": {"uv": [24.25, 60], "uv_size": [-4.25, 4.25]},
								"down": {"uv": [29.25, 64.25], "uv_size": [-4.25, -4.25]}
							}
						},
						{
							"origin": [5.01, 22.31, -2.29],
							"size": [3.78, 0.18, 4.48],
							"inflate": 0.25,
							"pivot": [8.5, 19.5, 0],
							"rotation": [0, 0, -11],
							"uv": {
								"north": {"uv": [118.59422, 33.88016], "uv_size": [8.00578, 12.30545]},
								"east": {"uv": [121.3, 7.05837], "uv_size": [5.3, 12.30545]},
								"south": {"uv": [121.3, 0], "uv_size": [5.3, 12.30545]},
								"west": {"uv": [86.12489, 36.7035], "uv_size": [9.42511, 12.30545]},
								"up": {"uv": [99.65378, 42.35019], "uv_size": [9.42511, 8.59981]},
								"down": {"uv": [103.036, 50.95], "uv_size": [9.42511, -8.59981]}
							}
						},
						{
							"origin": [4.41, 17.41, -2.29],
							"size": [3.88, 0.08, 4.48],
							"inflate": 0.25,
							"pivot": [8.5, 18, 0],
							"rotation": [0, 0, -5],
							"uv": {
								"north": {"uv": [118.59422, 33.88016], "uv_size": [8.00578, 12.30545]},
								"east": {"uv": [121.3, 7.05837], "uv_size": [5.3, 12.30545]},
								"south": {"uv": [121.3, 0], "uv_size": [5.3, 12.30545]},
								"west": {"uv": [86.12489, 36.7035], "uv_size": [9.42511, 12.30545]},
								"up": {"uv": [99.65378, 42.35019], "uv_size": [9.42511, 8.59981]},
								"down": {"uv": [103.036, 50.95], "uv_size": [9.42511, -8.59981]}
							}
						},
						{
							"origin": [7.61, 17.91, -1.79],
							"size": [0.68, 0.48, 3.58],
							"inflate": 0.25,
							"pivot": [8.5, 18.5, 0],
							"rotation": [0, 0, -5],
							"uv": {
								"north": {"uv": [118.59422, 33.88016], "uv_size": [8.00578, 12.30545]},
								"east": {"uv": [121.3, 7.05837], "uv_size": [5.3, 12.30545]},
								"south": {"uv": [121.3, 0], "uv_size": [5.3, 12.30545]},
								"west": {"uv": [86.12489, 36.7035], "uv_size": [9.42511, 12.30545]},
								"up": {"uv": [99.65378, 42.35019], "uv_size": [9.42511, 8.59981]},
								"down": {"uv": [103.036, 50.95], "uv_size": [9.42511, -8.59981]}
							}
						},
						{
							"origin": [6.71, 20.91, -2.29],
							"size": [1.58, 0.18, 4.48],
							"inflate": 0.25,
							"pivot": [8.5, 19.5, 0],
							"rotation": [0, 0, -5],
							"uv": {
								"north": {"uv": [118.59422, 33.88016], "uv_size": [8.00578, 12.30545]},
								"east": {"uv": [121.3, 7.05837], "uv_size": [5.3, 12.30545]},
								"south": {"uv": [121.3, 0], "uv_size": [5.3, 12.30545]},
								"west": {"uv": [86.12489, 36.7035], "uv_size": [9.42511, 12.30545]},
								"up": {"uv": [99.65378, 42.35019], "uv_size": [9.42511, 8.59981]},
								"down": {"uv": [103.036, 50.95], "uv_size": [9.42511, -8.59981]}
							}
						},
						{
							"origin": [6.15, 17.88429, -2.29],
							"size": [0.08, 4.18, 4.48],
							"inflate": 0.25,
							"pivot": [4.74, 20.02429, -0.1],
							"rotation": [0, 0, 13],
							"uv": {
								"north": {"uv": [118.59422, 33.88016], "uv_size": [8.00578, 12.30545]},
								"east": {"uv": [121.3, 7.05837], "uv_size": [5.3, 12.30545]},
								"south": {"uv": [121.3, 0], "uv_size": [5.3, 12.30545]},
								"west": {"uv": [86.12489, 36.7035], "uv_size": [9.42511, 12.30545]},
								"up": {"uv": [99.65378, 42.35019], "uv_size": [9.42511, 8.59981]},
								"down": {"uv": [103.036, 50.95], "uv_size": [9.42511, -8.59981]}
							}
						},
						{
							"origin": [4.43973, 14.31587, -2.29],
							"size": [3.78, 0.18, 1.98],
							"inflate": 0.25,
							"pivot": [6.32973, 14.25587, -0.05],
							"rotation": [0, 0, -12],
							"uv": {
								"north": {"uv": [118.59422, 33.88016], "uv_size": [8.00578, 12.30545]},
								"east": {"uv": [121.3, 7.05837], "uv_size": [5.3, 12.30545]},
								"south": {"uv": [121.3, 0], "uv_size": [5.3, 12.30545]},
								"west": {"uv": [86.12489, 36.7035], "uv_size": [9.42511, 12.30545]},
								"up": {"uv": [99.65378, 42.35019], "uv_size": [9.42511, 8.59981]},
								"down": {"uv": [103.036, 50.95], "uv_size": [9.42511, -8.59981]}
							}
						},
						{
							"origin": [6.91, 12.11, -2.09],
							"size": [1.18, 5.08, 4.18],
							"inflate": 0.25,
							"uv": {
								"north": {"uv": [52.25, 48], "uv_size": [-4.25, 9.5]},
								"east": {"uv": [56.25, 10], "uv_size": [-4.25, 9.5]},
								"south": {"uv": [56.25, 0], "uv_size": [-4.25, 9.5]},
								"west": {"uv": [4.25, 52], "uv_size": [-4.25, 9.5]},
								"up": {"uv": [24.25, 60], "uv_size": [-4.25, 4.25]},
								"down": {"uv": [29.25, 64.25], "uv_size": [-4.25, -4.25]}
							}
						},
						{
							"origin": [4.51, 13.31, -2.09],
							"size": [2.18, 0.5, 4.18],
							"inflate": 0.25,
							"pivot": [6.2, 13.8, 0],
							"rotation": [0, 0, 9],
							"uv": {
								"north": {"uv": [52.25, 48], "uv_size": [-4.25, 9.5]},
								"east": {"uv": [56.25, 10], "uv_size": [-4.25, 9.5]},
								"south": {"uv": [56.25, 0], "uv_size": [-4.25, 9.5]},
								"west": {"uv": [4.25, 52], "uv_size": [-4.25, 9.5]},
								"up": {"uv": [24.25, 60], "uv_size": [-4.25, 4.25]},
								"down": {"uv": [29.25, 64.25], "uv_size": [-4.25, -4.25]}
							}
						},
						{
							"origin": [4.51, 13.71, -2.09],
							"size": [2.18, 0.5, 4.18],
							"inflate": 0.25,
							"uv": {
								"north": {"uv": [52.25, 48], "uv_size": [-4.25, 9.5]},
								"east": {"uv": [56.25, 10], "uv_size": [-4.25, 9.5]},
								"south": {"uv": [56.25, 0], "uv_size": [-4.25, 9.5]},
								"west": {"uv": [4.25, 52], "uv_size": [-4.25, 9.5]},
								"up": {"uv": [24.25, 60], "uv_size": [-4.25, 4.25]},
								"down": {"uv": [29.25, 64.25], "uv_size": [-4.25, -4.25]}
							}
						},
						{
							"origin": [5.61, 15.11, -2.09],
							"size": [1.28, 0.5, 4.18],
							"inflate": 0.25,
							"uv": {
								"north": {"uv": [52.25, 48], "uv_size": [-4.25, 9.5]},
								"east": {"uv": [56.25, 10], "uv_size": [-4.25, 9.5]},
								"south": {"uv": [56.25, 0], "uv_size": [-4.25, 9.5]},
								"west": {"uv": [4.25, 52], "uv_size": [-4.25, 9.5]},
								"up": {"uv": [24.25, 60], "uv_size": [-4.25, 4.25]},
								"down": {"uv": [29.25, 64.25], "uv_size": [-4.25, -4.25]}
							}
						},
						{
							"origin": [3.7696, 11.7236, -1.1704],
							"size": [0, 2.5528, 2.3408],
							"inflate": 0.25,
							"uv": {
								"north": {"uv": [0, 0], "uv_size": [0, 2.5]},
								"east": {"uv": [39.25, 56], "uv_size": [-2.25, 2.5]},
								"south": {"uv": [0, 0], "uv_size": [0, 2.5]},
								"west": {"uv": [7.25, 52], "uv_size": [-2.25, 2.5]},
								"up": {"uv": [0, 0], "uv_size": [0, 2.25]},
								"down": {"uv": [0, 2.25], "uv_size": [0, -2.25]}
							}
						},
						{
							"origin": [3.744, 12.6697, -0.21345],
							"size": [0.0512, 0.66061, 0.4269],
							"inflate": 0.25,
							"uv": {
								"north": {"uv": [45.25, 70], "uv_size": [-0.25, 0.75]},
								"east": {"uv": [69.5, 60], "uv_size": [-0.5, 0.75]},
								"south": {"uv": [70.25, 45], "uv_size": [-0.25, 0.75]},
								"west": {"uv": [60.5, 69], "uv_size": [-0.5, 0.75]},
								"up": {"uv": [71.25, 23], "uv_size": [-0.25, 0.5]},
								"down": {"uv": [24.25, 71.5], "uv_size": [-0.25, -0.5]}
							}
						},
						{
							"origin": [3.7696, 10.7236, -0.1704],
							"size": [0, 1, 0.3408],
							"inflate": 0.25,
							"uv": {
								"north": {"uv": [0, 0], "uv_size": [0, 1]},
								"east": {"uv": [43.25, 70], "uv_size": [-0.25, 1]},
								"south": {"uv": [0, 0], "uv_size": [0, 1]},
								"west": {"uv": [42.25, 70], "uv_size": [-0.25, 1]},
								"up": {"uv": [0, 0], "uv_size": [0, 0.25]},
								"down": {"uv": [0, 0.25], "uv_size": [0, -0.25]}
							}
						},
						{
							"origin": [3.7696, 11.7236, -2.1704],
							"size": [0, 0.5528, 1.3408],
							"inflate": 0.25,
							"pivot": [3.3856, 14.5204, 0],
							"rotation": [20, 0, 0],
							"uv": {
								"north": {"uv": [0, 0], "uv_size": [0, 0.5]},
								"east": {"uv": [46.25, 69], "uv_size": [-1.25, 0.5]},
								"south": {"uv": [0, 0], "uv_size": [0, 0.5]},
								"west": {"uv": [70.25, 43], "uv_size": [-1.25, 0.5]},
								"up": {"uv": [0, 0], "uv_size": [0, 1.25]},
								"down": {"uv": [0, 1.25], "uv_size": [0, -1.25]}
							}
						},
						{
							"origin": [3.7696, 11.7236, 0.8296],
							"size": [0, 0.5528, 1.3408],
							"inflate": 0.25,
							"pivot": [3.3856, 14.5204, 0],
							"rotation": [-20, 0, 0],
							"uv": {
								"north": {"uv": [0, 0], "uv_size": [0, 0.5]},
								"east": {"uv": [50.25, 69], "uv_size": [-1.25, 0.5]},
								"south": {"uv": [0, 0], "uv_size": [0, 0.5]},
								"west": {"uv": [48.25, 69], "uv_size": [-1.25, 0.5]},
								"up": {"uv": [0, 0], "uv_size": [0, 1.25]},
								"down": {"uv": [0, 1.25], "uv_size": [0, -1.25]}
							}
						}
					]
				}
			]
		}
	]
}