{
	"format_version": "1.12.0",
	"minecraft:geometry": [
		{
			"description": {
				"identifier": "geometry.mc_scorpion",
				"texture_width": 128,
				"texture_height": 128,
				"visible_bounds_width": 3,
				"visible_bounds_height": 3.5,
				"visible_bounds_offset": [0, 1.25, 0]
			},
			"bones": [
				{
					"name": "root",
					"pivot": [0, 0, 0]
				},
				{
					"name": "RightLeg",
					"parent": "root",
					"pivot": [-1.9, 12, 0],
					"cubes": [
						{
							"origin": [-4.3, 3.9, -2.3],
							"size": [1.3, 8.1, 4.5],
							"inflate": 0.15,
							"uv": {
								"north": {"uv": [66, 64], "uv_size": [1, 8]},
								"east": {"uv": [54, 48], "uv_size": [5, 8]},
								"south": {"uv": [67, 12], "uv_size": [1, 8]},
								"west": {"uv": [55, 12], "uv_size": [5, 8]},
								"up": {"uv": [66, 57], "uv_size": [1, 5]},
								"down": {"uv": [69, 36], "uv_size": [1, -5]}
							}
						},
						{
							"origin": [-3.9, 0, -2],
							"size": [4, 12, 4],
							"inflate": 0.15,
							"uv": {
								"north": {"uv": [12, 50], "uv_size": [4, 12]},
								"east": {"uv": [50, 48], "uv_size": [4, 12]},
								"south": {"uv": [51, 12], "uv_size": [4, 12]},
								"west": {"uv": [52, 0], "uv_size": [4, 12]},
								"up": {"uv": [64, 0], "uv_size": [4, 4]},
								"down": {"uv": [64, 8], "uv_size": [4, -4]}
							}
						}
					]
				},
				{
					"name": "LeftLeg",
					"parent": "root",
					"pivot": [1.9, 12, 0],
					"cubes": [
						{
							"origin": [3.2, 4.1, -2.2],
							"size": [1.3, 7.9, 4.6],
							"inflate": 0.15,
							"uv": {
								"north": {"uv": [51, 24], "uv_size": [2, 8]},
								"east": {"uv": [56, 0], "uv_size": [5, 8]},
								"south": {"uv": [62, 30], "uv_size": [2, 8]},
								"west": {"uv": [54, 56], "uv_size": [5, 8]},
								"up": {"uv": [24, 53], "uv_size": [2, 5]},
								"down": {"uv": [64, 62], "uv_size": [2, -5]}
							}
						},
						{
							"origin": [-0.1, 0, -2],
							"size": [4, 12, 4],
							"inflate": 0.15,
							"uv": {
								"north": {"uv": [16, 53], "uv_size": [4, 12]},
								"east": {"uv": [20, 53], "uv_size": [4, 12]},
								"south": {"uv": [53, 24], "uv_size": [4, 12]},
								"west": {"uv": [53, 36], "uv_size": [4, 12]},
								"up": {"uv": [64, 8], "uv_size": [4, 4]},
								"down": {"uv": [64, 25], "uv_size": [4, -4]}
							}
						}
					]
				},
				{
					"name": "waist",
					"parent": "root",
					"pivot": [0, 0, 0]
				},
				{
					"name": "Body",
					"parent": "waist",
					"pivot": [0, 24, 0],
					"cubes": [
						{
							"origin": [-4, 12, -2],
							"size": [8, 12, 4],
							"inflate": 0.15,
							"uv": {
								"north": {"uv": [18, 25], "uv_size": [8, 12]},
								"east": {"uv": [26, 46], "uv_size": [4, 12]},
								"south": {"uv": [26, 25], "uv_size": [8, 12]},
								"west": {"uv": [30, 46], "uv_size": [4, 12]},
								"up": {"uv": [56, 8], "uv_size": [8, 4]},
								"down": {"uv": [24, 62], "uv_size": [8, -4]}
							}
						},
						{
							"origin": [-1, 11.8, -2.6],
							"size": [2, 1, 1],
							"inflate": 0.15,
							"uv": {
								"north": {"uv": [18, 25], "uv_size": [8, 12]},
								"east": {"uv": [26, 46], "uv_size": [4, 12]},
								"south": {"uv": [26, 25], "uv_size": [8, 12]},
								"west": {"uv": [30, 46], "uv_size": [4, 12]},
								"up": {"uv": [56, 8], "uv_size": [8, 4]},
								"down": {"uv": [24, 62], "uv_size": [8, -4]}
							}
						},
						{
							"origin": [-4.1, 12.7, -2.3],
							"size": [1.6, 5.8, 4.6],
							"uv": {
								"north": {"uv": [43, 32], "uv_size": [2, 6]},
								"east": {"uv": [64, 32], "uv_size": [2, 6]},
								"south": {"uv": [60, 64], "uv_size": [2, 6]},
								"west": {"uv": [62, 64], "uv_size": [2, 6]},
								"up": {"uv": [42, 46], "uv_size": [2, 2]},
								"down": {"uv": [35, 72], "uv_size": [2, -2]}
							}
						},
						{
							"origin": [-4.9, 11.7, -2.5],
							"size": [9.7, 1, 4.9],
							"uv": {
								"north": {"uv": [62, 42], "uv_size": [8, 2]},
								"east": {"uv": [70, 38], "uv_size": [2, 2]},
								"south": {"uv": [62, 44], "uv_size": [8, 2]},
								"west": {"uv": [70, 42], "uv_size": [2, 2]},
								"up": {"uv": [62, 46], "uv_size": [8, 2]},
								"down": {"uv": [59, 64], "uv_size": [8, -2]}
							}
						},
						{
							"origin": [-0.726, 18.554, -2.218],
							"size": [1.254, 3.894, 1.32],
							"uv": {
								"north": {"uv": [17, 65], "uv_size": [2, 6]},
								"east": {"uv": [19, 65], "uv_size": [2, 6]},
								"south": {"uv": [21, 65], "uv_size": [2, 6]},
								"west": {"uv": [40, 65], "uv_size": [2, 6]},
								"up": {"uv": [70, 44], "uv_size": [2, 2]},
								"down": {"uv": [45, 72], "uv_size": [2, -2]}
							}
						},
						{
							"origin": [-0.528, 17.762, -2.218],
							"size": [0.924, 2.706, 1.32],
							"pivot": [-0.132, 17.498, -0.7],
							"rotation": [0, 0, -12],
							"uv": {
								"north": {"uv": [47, 70], "uv_size": [1, 4]},
								"east": {"uv": [55, 20], "uv_size": [2, 4]},
								"south": {"uv": [48, 70], "uv_size": [1, 4]},
								"west": {"uv": [51, 68], "uv_size": [2, 4]},
								"up": {"uv": [72, 44], "uv_size": [1, 2]},
								"down": {"uv": [45, 74], "uv_size": [1, -2]}
							}
						},
						{
							"origin": [-0.726, 17.762, -2.218],
							"size": [0.924, 2.706, 1.32],
							"pivot": [-0.132, 17.498, -0.7],
							"rotation": [0, 0, 15],
							"uv": {
								"north": {"uv": [49, 70], "uv_size": [1, 4]},
								"east": {"uv": [68, 56], "uv_size": [2, 4]},
								"south": {"uv": [50, 70], "uv_size": [1, 4]},
								"west": {"uv": [68, 60], "uv_size": [2, 4]},
								"up": {"uv": [46, 72], "uv_size": [1, 2]},
								"down": {"uv": [72, 48], "uv_size": [1, -2]}
							}
						},
						{
							"origin": [0.264, 19.906, -2.218],
							"size": [0.924, 1.782, 1.32],
							"pivot": [-0.132, 16.398, -0.7],
							"rotation": [0, 0, -5],
							"uv": {
								"north": {"uv": [72, 0], "uv_size": [1, 3]},
								"east": {"uv": [16, 50], "uv_size": [2, 3]},
								"south": {"uv": [35, 72], "uv_size": [1, 3]},
								"west": {"uv": [60, 17], "uv_size": [2, 3]},
								"up": {"uv": [51, 72], "uv_size": [1, 2]},
								"down": {"uv": [72, 53], "uv_size": [1, -2]}
							}
						},
						{
							"origin": [0.788, 20.6, -2.284],
							"size": [1.126, 0.462, 1.32],
							"pivot": [-0.132, 17.498, -0.766],
							"rotation": [0, 0, -5],
							"uv": {
								"north": {"uv": [67, 20], "uv_size": [1, 1]},
								"east": {"uv": [16, 73], "uv_size": [2, 1]},
								"south": {"uv": [70, 13], "uv_size": [1, 1]},
								"west": {"uv": [73, 16], "uv_size": [2, 1]},
								"up": {"uv": [73, 17], "uv_size": [1, 2]},
								"down": {"uv": [18, 75], "uv_size": [1, -2]}
							}
						},
						{
							"origin": [1.584, 17.696, -2.284],
							"size": [0.396, 3.432, 1.32],
							"pivot": [-0.132, 17.498, -0.766],
							"rotation": [0, 0, -1],
							"uv": {
								"north": {"uv": [33, 70], "uv_size": [1, 5]},
								"east": {"uv": [2, 66], "uv_size": [2, 5]},
								"south": {"uv": [34, 70], "uv_size": [1, 5]},
								"west": {"uv": [4, 66], "uv_size": [2, 5]},
								"up": {"uv": [19, 73], "uv_size": [1, 2]},
								"down": {"uv": [73, 21], "uv_size": [1, -2]}
							}
						},
						{
							"origin": [0, 20.402, -2.284],
							"size": [0.726, 0.462, 1.32],
							"pivot": [-1.32, 17.3, -0.766],
							"rotation": [0, 0, 11],
							"uv": {
								"north": {"uv": [58, 74], "uv_size": [1, 1]},
								"east": {"uv": [73, 21], "uv_size": [2, 1]},
								"south": {"uv": [59, 74], "uv_size": [1, 1]},
								"west": {"uv": [24, 73], "uv_size": [2, 1]},
								"up": {"uv": [22, 73], "uv_size": [1, 2]},
								"down": {"uv": [26, 75], "uv_size": [1, -2]}
							}
						},
						{
							"origin": [0.462, 18.356, -2.284],
							"size": [0.33, 2.574, 1.32],
							"pivot": [-1.32, 17.3, -0.766],
							"rotation": [0, 0, 13],
							"uv": {
								"north": {"uv": [0, 71], "uv_size": [1, 4]},
								"east": {"uv": [68, 64], "uv_size": [2, 4]},
								"south": {"uv": [71, 0], "uv_size": [1, 4]},
								"west": {"uv": [68, 68], "uv_size": [2, 4]},
								"up": {"uv": [20, 73], "uv_size": [1, 2]},
								"down": {"uv": [21, 75], "uv_size": [1, -2]}
							}
						},
						{
							"origin": [0.656, 21.26, -2.218],
							"size": [1.39, 0.528, 1.32],
							"pivot": [-0.132, 17.498, -0.7],
							"rotation": [0, 0, -5],
							"uv": {
								"north": {"uv": [60, 72], "uv_size": [2, 1]},
								"east": {"uv": [72, 60], "uv_size": [2, 1]},
								"south": {"uv": [72, 61], "uv_size": [2, 1]},
								"west": {"uv": [62, 72], "uv_size": [2, 1]},
								"up": {"uv": [70, 53], "uv_size": [2, 2]},
								"down": {"uv": [70, 57], "uv_size": [2, -2]}
							}
						},
						{
							"origin": [1.716, 21.788, -2.218],
							"size": [0.33, 1.386, 1.32],
							"pivot": [-0.132, 17.498, -0.7],
							"rotation": [0, 0, -5],
							"uv": {
								"north": {"uv": [72, 62], "uv_size": [1, 2]},
								"east": {"uv": [70, 57], "uv_size": [2, 2]},
								"south": {"uv": [64, 72], "uv_size": [1, 2]},
								"west": {"uv": [70, 59], "uv_size": [2, 2]},
								"up": {"uv": [72, 64], "uv_size": [1, 2]},
								"down": {"uv": [65, 74], "uv_size": [1, -2]}
							}
						},
						{
							"origin": [0.49237, 21.7956, -2.218],
							"size": [0.99, 0.33, 1.32],
							"pivot": [0.528, 21.722, -0.7],
							"rotation": [0, 0, -29],
							"uv": {
								"north": {"uv": [72, 70], "uv_size": [2, 1]},
								"east": {"uv": [72, 71], "uv_size": [2, 1]},
								"south": {"uv": [72, 72], "uv_size": [2, 1]},
								"west": {"uv": [73, 0], "uv_size": [2, 1]},
								"up": {"uv": [62, 70], "uv_size": [2, 2]},
								"down": {"uv": [70, 65], "uv_size": [2, -2]}
							}
						},
						{
							"origin": [1.15237, 22.1256, -2.218],
							"size": [0.33, 1.386, 1.32],
							"pivot": [0.528, 21.722, -0.7],
							"rotation": [0, 0, -29],
							"uv": {
								"north": {"uv": [66, 72], "uv_size": [1, 2]},
								"east": {"uv": [60, 70], "uv_size": [2, 2]},
								"south": {"uv": [72, 66], "uv_size": [1, 2]},
								"west": {"uv": [70, 61], "uv_size": [2, 2]},
								"up": {"uv": [68, 72], "uv_size": [1, 2]},
								"down": {"uv": [72, 70], "uv_size": [1, -2]}
							}
						},
						{
							"origin": [-1.452, 20.006, -2.218],
							"size": [0.792, 1.782, 1.32],
							"pivot": [-0.132, 17.498, -0.7],
							"rotation": [0, 0, 7],
							"uv": {
								"north": {"uv": [36, 72], "uv_size": [1, 3]},
								"east": {"uv": [67, 39], "uv_size": [2, 3]},
								"south": {"uv": [72, 36], "uv_size": [1, 3]},
								"west": {"uv": [69, 14], "uv_size": [2, 3]},
								"up": {"uv": [52, 72], "uv_size": [1, 2]},
								"down": {"uv": [72, 55], "uv_size": [1, -2]}
							}
						},
						{
							"origin": [-2.31, 20.468, -2.284],
							"size": [0.924, 0.462, 1.32],
							"pivot": [-0.132, 17.498, -0.766],
							"rotation": [0, 0, 7],
							"uv": {
								"north": {"uv": [33, 24], "uv_size": [1, 1]},
								"east": {"uv": [73, 8], "uv_size": [2, 1]},
								"south": {"uv": [26, 45], "uv_size": [1, 1]},
								"west": {"uv": [73, 9], "uv_size": [2, 1]},
								"up": {"uv": [73, 10], "uv_size": [1, 2]},
								"down": {"uv": [73, 14], "uv_size": [1, -2]}
							}
						},
						{
							"origin": [-2.178, 17.696, -2.284],
							"size": [0.396, 3.366, 1.32],
							"pivot": [-0.132, 17.498, -0.766],
							"rotation": [0, 0, 2],
							"uv": {
								"north": {"uv": [70, 31], "uv_size": [1, 5]},
								"east": {"uv": [49, 65], "uv_size": [2, 5]},
								"south": {"uv": [32, 70], "uv_size": [1, 5]},
								"west": {"uv": [0, 66], "uv_size": [2, 5]},
								"up": {"uv": [73, 14], "uv_size": [1, 2]},
								"down": {"uv": [15, 75], "uv_size": [1, -2]}
							}
						},
						{
							"origin": [-1.188, 18.422, -2.284],
							"size": [0.264, 2.442, 1.32],
							"pivot": [1.518, 17.762, -0.766],
							"rotation": [0, 0, -10],
							"uv": {
								"north": {"uv": [1, 71], "uv_size": [1, 4]},
								"east": {"uv": [69, 0], "uv_size": [2, 4]},
								"south": {"uv": [2, 71], "uv_size": [1, 4]},
								"west": {"uv": [69, 4], "uv_size": [2, 4]},
								"up": {"uv": [31, 73], "uv_size": [1, 2]},
								"down": {"uv": [73, 33], "uv_size": [1, -2]}
							}
						},
						{
							"origin": [-0.66, 20.732, -2.284],
							"size": [0.924, 0.462, 1.32],
							"pivot": [1.518, 17.762, -0.766],
							"rotation": [0, 0, -18],
							"uv": {
								"north": {"uv": [74, 60], "uv_size": [1, 1]},
								"east": {"uv": [73, 24], "uv_size": [2, 1]},
								"south": {"uv": [74, 61], "uv_size": [1, 1]},
								"west": {"uv": [27, 73], "uv_size": [2, 1]},
								"up": {"uv": [29, 73], "uv_size": [1, 2]},
								"down": {"uv": [30, 75], "uv_size": [1, -2]}
							}
						},
						{
							"origin": [-2.376, 21.26, -2.218],
							"size": [1.056, 0.528, 1.32],
							"pivot": [-0.132, 17.498, -0.7],
							"rotation": [0, 0, 7],
							"uv": {
								"north": {"uv": [32, 37], "uv_size": [2, 1]},
								"east": {"uv": [72, 3], "uv_size": [2, 1]},
								"south": {"uv": [72, 39], "uv_size": [2, 1]},
								"west": {"uv": [72, 55], "uv_size": [2, 1]},
								"up": {"uv": [70, 46], "uv_size": [2, 2]},
								"down": {"uv": [70, 53], "uv_size": [2, -2]}
							}
						},
						{
							"origin": [-2.376, 21.26, -2.218],
							"size": [0.33, 1.848, 1.32],
							"pivot": [-0.132, 17.498, -0.7],
							"rotation": [0, 0, 7],
							"uv": {
								"north": {"uv": [38, 72], "uv_size": [1, 3]},
								"east": {"uv": [69, 17], "uv_size": [2, 3]},
								"south": {"uv": [39, 72], "uv_size": [1, 3]},
								"west": {"uv": [69, 20], "uv_size": [2, 3]},
								"up": {"uv": [72, 56], "uv_size": [1, 2]},
								"down": {"uv": [72, 60], "uv_size": [1, -2]}
							}
						},
						{
							"origin": [-1.57292, 22.21415, -2.218],
							"size": [1.056, 0.33, 1.32],
							"pivot": [-1.188, 21.986, -0.7],
							"rotation": [0, 0, 31],
							"uv": {
								"north": {"uv": [73, 4], "uv_size": [2, 1]},
								"east": {"uv": [73, 5], "uv_size": [2, 1]},
								"south": {"uv": [73, 6], "uv_size": [2, 1]},
								"west": {"uv": [73, 7], "uv_size": [2, 1]},
								"up": {"uv": [70, 67], "uv_size": [2, 2]},
								"down": {"uv": [70, 71], "uv_size": [2, -2]}
							}
						},
						{
							"origin": [-1.57292, 22.54415, -2.218],
							"size": [0.33, 1.32, 1.32],
							"pivot": [-1.188, 21.986, -0.7],
							"rotation": [0, 0, 31],
							"uv": {
								"north": {"uv": [69, 72], "uv_size": [1, 2]},
								"east": {"uv": [64, 70], "uv_size": [2, 2]},
								"south": {"uv": [73, 1], "uv_size": [1, 2]},
								"west": {"uv": [70, 65], "uv_size": [2, 2]},
								"up": {"uv": [3, 73], "uv_size": [1, 2]},
								"down": {"uv": [4, 75], "uv_size": [1, -2]}
							}
						},
						{
							"origin": [-6, 14.3, -2.3],
							"size": [1.5, 3.9, 4.6],
							"pivot": [-0.3, 24, 0],
							"rotation": [0, 0, -20],
							"uv": {
								"north": {"uv": [14, 66], "uv_size": [1, 9]},
								"east": {"uv": [28, 62], "uv_size": [2, 9]},
								"south": {"uv": [66, 31], "uv_size": [1, 9]},
								"west": {"uv": [30, 62], "uv_size": [2, 9]},
								"up": {"uv": [66, 40], "uv_size": [1, 2]},
								"down": {"uv": [72, 44], "uv_size": [1, -2]}
							}
						},
						{
							"origin": [-5, 21.3, -2.3],
							"size": [1.1, 2.9, 4.6],
							"pivot": [-0.3, 24, 0],
							"rotation": [0, 0, -20],
							"uv": {
								"north": {"uv": [14, 66], "uv_size": [1, 9]},
								"east": {"uv": [28, 62], "uv_size": [2, 9]},
								"south": {"uv": [66, 31], "uv_size": [1, 9]},
								"west": {"uv": [30, 62], "uv_size": [2, 9]},
								"up": {"uv": [66, 40], "uv_size": [1, 2]},
								"down": {"uv": [72, 44], "uv_size": [1, -2]}
							}
						},
						{
							"origin": [2.6, 12.7, -2.3],
							"size": [1.3, 5.5, 4.6],
							"uv": {
								"north": {"uv": [53, 68], "uv_size": [1, 6]},
								"east": {"uv": [64, 64], "uv_size": [2, 6]},
								"south": {"uv": [69, 8], "uv_size": [1, 6]},
								"west": {"uv": [15, 65], "uv_size": [2, 6]},
								"up": {"uv": [44, 46], "uv_size": [1, 2]},
								"down": {"uv": [41, 60], "uv_size": [1, -2]}
							}
						},
						{
							"origin": [-4, 12.7, -2.3],
							"size": [7.9, 0.9, 4.6],
							"uv": {
								"north": {"uv": [53, 68], "uv_size": [1, 6]},
								"east": {"uv": [64, 64], "uv_size": [2, 6]},
								"south": {"uv": [69, 8], "uv_size": [1, 6]},
								"west": {"uv": [15, 65], "uv_size": [2, 6]},
								"up": {"uv": [44, 46], "uv_size": [1, 2]},
								"down": {"uv": [41, 60], "uv_size": [1, -2]}
							}
						},
						{
							"origin": [4.2, 14, -2.3],
							"size": [2, 4.3, 4.6],
							"pivot": [0, 24, 0],
							"rotation": [0, 0, 20],
							"uv": {
								"north": {"uv": [38, 61], "uv_size": [2, 9]},
								"east": {"uv": [62, 21], "uv_size": [2, 9]},
								"south": {"uv": [24, 62], "uv_size": [2, 9]},
								"west": {"uv": [26, 62], "uv_size": [2, 9]},
								"up": {"uv": [70, 36], "uv_size": [2, 2]},
								"down": {"uv": [38, 72], "uv_size": [2, -2]}
							}
						},
						{
							"origin": [3.6, 14, -2.3],
							"size": [2, 9.8, 4.6],
							"pivot": [0, 24, 0],
							"rotation": [0, 0, 14],
							"uv": {
								"north": {"uv": [38, 61], "uv_size": [2, 9]},
								"east": {"uv": [62, 21], "uv_size": [2, 9]},
								"south": {"uv": [24, 62], "uv_size": [2, 9]},
								"west": {"uv": [26, 62], "uv_size": [2, 9]},
								"up": {"uv": [70, 36], "uv_size": [2, 2]},
								"down": {"uv": [38, 72], "uv_size": [2, -2]}
							}
						},
						{
							"origin": [3.6, 22.8, -2.3],
							"size": [1.5, 3.2, 4.6],
							"pivot": [0, 24, 0],
							"rotation": [0, 0, 20],
							"uv": {
								"north": {"uv": [38, 61], "uv_size": [2, 9]},
								"east": {"uv": [62, 21], "uv_size": [2, 9]},
								"south": {"uv": [24, 62], "uv_size": [2, 9]},
								"west": {"uv": [26, 62], "uv_size": [2, 9]},
								"up": {"uv": [70, 36], "uv_size": [2, 2]},
								"down": {"uv": [38, 72], "uv_size": [2, -2]}
							}
						},
						{
							"origin": [-5, 13.3, -2.3],
							"size": [1.5, 8.9, 4.6],
							"pivot": [-0.3, 24, 0],
							"rotation": [0, 0, -10],
							"uv": {
								"north": {"uv": [14, 66], "uv_size": [1, 9]},
								"east": {"uv": [28, 62], "uv_size": [2, 9]},
								"south": {"uv": [66, 31], "uv_size": [1, 9]},
								"west": {"uv": [30, 62], "uv_size": [2, 9]},
								"up": {"uv": [66, 40], "uv_size": [1, 2]},
								"down": {"uv": [72, 44], "uv_size": [1, -2]}
							}
						}
					]
				},
				{
					"name": "cape",
					"parent": "Body",
					"pivot": [0, 23, 3.6],
					"rotation": [163, 0, 180],
					"cubes": [
						{
							"origin": [-6, 0, 4.6],
							"size": [12, 25, 0],
							"uv": {
								"north": {"uv": [0, 0], "uv_size": [12, 25]},
								"east": {"uv": [0, 0], "uv_size": [0, 25]},
								"south": {"uv": [12, 0], "uv_size": [12, 25]},
								"west": {"uv": [0, 0], "uv_size": [0, 25]},
								"up": {"uv": [0, 0], "uv_size": [12, 0]},
								"down": {"uv": [0, 0], "uv_size": [12, 0]}
							}
						},
						{
							"origin": [0, 0, 4.6],
							"size": [6, 25, 0],
							"pivot": [0, 23, 3.6],
							"rotation": [0, 0, -15],
							"uv": {
								"north": {"uv": [24, 0], "uv_size": [6, 25]},
								"east": {"uv": [0, 0], "uv_size": [0, 25]},
								"south": {"uv": [0, 25], "uv_size": [6, 25]},
								"west": {"uv": [0, 0], "uv_size": [0, 25]},
								"up": {"uv": [0, 0], "uv_size": [6, 0]},
								"down": {"uv": [0, 0], "uv_size": [6, 0]}
							}
						},
						{
							"origin": [-7, 0, 4.6],
							"size": [6, 25, 0],
							"pivot": [0, 23, 3.6],
							"rotation": [0, 0, 12.5],
							"uv": {
								"north": {"uv": [6, 25], "uv_size": [6, 25]},
								"east": {"uv": [0, 0], "uv_size": [0, 25]},
								"south": {"uv": [12, 25], "uv_size": [6, 25]},
								"west": {"uv": [0, 0], "uv_size": [0, 25]},
								"up": {"uv": [0, 0], "uv_size": [6, 0]},
								"down": {"uv": [0, 0], "uv_size": [6, 0]}
							}
						}
					]
				},
				{
					"name": "Head",
					"parent": "Body",
					"pivot": [0, 24, 0],
					"cubes": [
						{
							"origin": [-4.3, 23.3, 4],
							"size": [9.1, 9.9, 0.5],
							"inflate": 0.05,
							"uv": {
								"north": {"uv": [30, 0], "uv_size": [9, 10]},
								"east": {"uv": [23, 65], "uv_size": [1, 10]},
								"south": {"uv": [30, 10], "uv_size": [9, 10]},
								"west": {"uv": [42, 65], "uv_size": [1, 10]},
								"up": {"uv": [66, 29], "uv_size": [9, 1]},
								"down": {"uv": [66, 31], "uv_size": [9, -1]}
							}
						},
						{
							"origin": [-4.3, 32.3, -4.5],
							"size": [8.7, 0.9, 9],
							"inflate": 0.05,
							"uv": {
								"north": {"uv": [66, 25], "uv_size": [9, 1]},
								"east": {"uv": [66, 26], "uv_size": [9, 1]},
								"south": {"uv": [66, 27], "uv_size": [9, 1]},
								"west": {"uv": [66, 28], "uv_size": [9, 1]},
								"up": {"uv": [34, 20], "uv_size": [9, 9]},
								"down": {"uv": [34, 38], "uv_size": [9, -9]}
							}
						},
						{
							"origin": [4.5, 24, -4.5],
							"size": [0.9, 2.8, 9],
							"inflate": 0.05,
							"pivot": [-0.2, 24, 0],
							"rotation": [0, 0, 11],
							"uv": {
								"north": {"uv": [15, 62], "uv_size": [1, 3]},
								"east": {"uv": [32, 58], "uv_size": [9, 3]},
								"south": {"uv": [5, 71], "uv_size": [1, 3]},
								"west": {"uv": [59, 48], "uv_size": [9, 3]},
								"up": {"uv": [10, 66], "uv_size": [1, 9]},
								"down": {"uv": [11, 75], "uv_size": [1, -9]}
							}
						},
						{
							"origin": [-4.9, 24, 3.7],
							"size": [3.3, 8, 0.8],
							"inflate": 0.05,
							"pivot": [0, 24, 0],
							"rotation": [0, 0, 7],
							"uv": {
								"north": {"uv": [32, 61], "uv_size": [3, 8]},
								"east": {"uv": [68, 31], "uv_size": [1, 8]},
								"south": {"uv": [35, 61], "uv_size": [3, 8]},
								"west": {"uv": [68, 48], "uv_size": [1, 8]},
								"up": {"uv": [71, 22], "uv_size": [3, 1]},
								"down": {"uv": [71, 36], "uv_size": [3, -1]}
							}
						},
						{
							"origin": [2, 24, 3.7],
							"size": [3.3, 8, 0.8],
							"inflate": 0.05,
							"pivot": [0, 24, 0],
							"rotation": [0, 0, -9],
							"uv": {
								"north": {"uv": [51, 60], "uv_size": [3, 8]},
								"east": {"uv": [68, 8], "uv_size": [1, 8]},
								"south": {"uv": [61, 0], "uv_size": [3, 8]},
								"west": {"uv": [68, 16], "uv_size": [1, 8]},
								"up": {"uv": [30, 24], "uv_size": [3, 1]},
								"down": {"uv": [70, 41], "uv_size": [3, -1]}
							}
						},
						{
							"origin": [4.9, 24, -4.5],
							"size": [0.9, 8, 9],
							"inflate": 0.05,
							"pivot": [-0.2, 24, 0],
							"rotation": [0, 0, -9],
							"uv": {
								"north": {"uv": [67, 65], "uv_size": [1, 8]},
								"east": {"uv": [36, 38], "uv_size": [9, 8]},
								"south": {"uv": [68, 0], "uv_size": [1, 8]},
								"west": {"uv": [39, 0], "uv_size": [9, 8]},
								"up": {"uv": [8, 66], "uv_size": [1, 9]},
								"down": {"uv": [9, 75], "uv_size": [1, -9]}
							}
						},
						{
							"origin": [-5, 24.3, -4.5],
							"size": [0.9, 2.8, 9],
							"inflate": 0.05,
							"pivot": [0, 24, 0],
							"rotation": [0, 0, -14],
							"uv": {
								"north": {"uv": [70, 71], "uv_size": [1, 3]},
								"east": {"uv": [59, 51], "uv_size": [9, 3]},
								"south": {"uv": [71, 71], "uv_size": [1, 3]},
								"west": {"uv": [59, 54], "uv_size": [9, 3]},
								"up": {"uv": [12, 66], "uv_size": [1, 9]},
								"down": {"uv": [13, 75], "uv_size": [1, -9]}
							}
						},
						{
							"origin": [-5.7, 24, -4.5],
							"size": [0.9, 8, 9],
							"inflate": 0.05,
							"pivot": [0, 24, 0],
							"rotation": [0, 0, 9],
							"uv": {
								"north": {"uv": [67, 31], "uv_size": [1, 8]},
								"east": {"uv": [18, 37], "uv_size": [9, 8]},
								"south": {"uv": [67, 57], "uv_size": [1, 8]},
								"west": {"uv": [27, 38], "uv_size": [9, 8]},
								"up": {"uv": [6, 66], "uv_size": [1, 9]},
								"down": {"uv": [7, 75], "uv_size": [1, -9]}
							}
						},
						{
							"origin": [-4, 24, -4],
							"size": [8, 8, 8],
							"inflate": 0.15,
							"uv": {
								"north": {"uv": [39, 8], "uv_size": [8, 8]},
								"east": {"uv": [43, 16], "uv_size": [8, 8]},
								"south": {"uv": [43, 24], "uv_size": [8, 8]},
								"west": {"uv": [18, 45], "uv_size": [8, 8]},
								"up": {"uv": [45, 32], "uv_size": [8, 8]},
								"down": {"uv": [45, 48], "uv_size": [8, -8]}
							}
						}
					]
				},
				{
					"name": "Kozlar2",
					"parent": "Head",
					"pivot": [-0.3, 27.4, -3.7],
					"rotation": [180, 0, 170],
					"cubes": [
						{
							"origin": [-0.2, 27.4, -4.7],
							"size": [1.9, 1.1, 2],
							"pivot": [-0.3, 27.4, -3.7],
							"rotation": [0, 0, 16],
							"uv": {
								"north": {"uv": [74, 3], "uv_size": [2, 1]},
								"east": {"uv": [74, 10], "uv_size": [2, 1]},
								"south": {"uv": [74, 11], "uv_size": [2, 1]},
								"west": {"uv": [74, 12], "uv_size": [2, 1]},
								"up": {"uv": [71, 20], "uv_size": [2, 2]},
								"down": {"uv": [21, 73], "uv_size": [2, -2]}
							}
						},
						{
							"origin": [-0.5, 28.4, -4.7],
							"size": [2.3, 1.1, 2],
							"pivot": [-0.3, 27.4, -3.7],
							"rotation": [3.01539, 3.87766, 33.42436],
							"uv": {
								"north": {"uv": [74, 13], "uv_size": [2, 1]},
								"east": {"uv": [74, 14], "uv_size": [2, 1]},
								"south": {"uv": [74, 15], "uv_size": [2, 1]},
								"west": {"uv": [16, 74], "uv_size": [2, 1]},
								"up": {"uv": [24, 71], "uv_size": [2, 2]},
								"down": {"uv": [26, 73], "uv_size": [2, -2]}
							}
						},
						{
							"origin": [-1.1, 29.1, -4.7],
							"size": [2, 1.5, 2],
							"pivot": [-0.3, 27.4, -3.7],
							"rotation": [0, 0, 50.5],
							"uv": {
								"north": {"uv": [28, 71], "uv_size": [2, 2]},
								"east": {"uv": [30, 71], "uv_size": [2, 2]},
								"south": {"uv": [71, 31], "uv_size": [2, 2]},
								"west": {"uv": [71, 33], "uv_size": [2, 2]},
								"up": {"uv": [40, 71], "uv_size": [2, 2]},
								"down": {"uv": [54, 73], "uv_size": [2, -2]}
							}
						},
						{
							"origin": [-1.1, 30.2, -4.7],
							"size": [0.7, 1.3, 2],
							"pivot": [-0.3, 27.4, -3.7],
							"rotation": [0, 0, 51],
							"uv": {
								"north": {"uv": [74, 70], "uv_size": [1, 1]},
								"east": {"uv": [74, 17], "uv_size": [2, 1]},
								"south": {"uv": [71, 74], "uv_size": [1, 1]},
								"west": {"uv": [74, 18], "uv_size": [2, 1]},
								"up": {"uv": [74, 19], "uv_size": [1, 2]},
								"down": {"uv": [74, 24], "uv_size": [1, -2]}
							}
						},
						{
							"origin": [-0.5, 30.2, -4.7],
							"size": [0.7, 0.8, 2],
							"pivot": [-0.3, 27.4, -3.7],
							"rotation": [0, 0, 51],
							"uv": {
								"north": {"uv": [74, 71], "uv_size": [1, 1]},
								"east": {"uv": [24, 74], "uv_size": [2, 1]},
								"south": {"uv": [74, 72], "uv_size": [1, 1]},
								"west": {"uv": [27, 74], "uv_size": [2, 1]},
								"up": {"uv": [74, 31], "uv_size": [1, 2]},
								"down": {"uv": [37, 76], "uv_size": [1, -2]}
							}
						},
						{
							"origin": [2.6, 28, -4.7],
							"size": [0.6, 1.8, 2],
							"pivot": [-0.3, 27.4, -3.7],
							"rotation": [0, 0, -12],
							"uv": {
								"north": {"uv": [40, 74], "uv_size": [1, 2]},
								"east": {"uv": [56, 71], "uv_size": [2, 2]},
								"south": {"uv": [41, 74], "uv_size": [1, 2]},
								"west": {"uv": [58, 71], "uv_size": [2, 2]},
								"up": {"uv": [43, 74], "uv_size": [1, 2]},
								"down": {"uv": [44, 76], "uv_size": [1, -2]}
							}
						},
						{
							"origin": [2.2, 27.6, -4.7],
							"size": [0.7, 1.4, 2],
							"pivot": [-0.3, 27.4, -3.7],
							"rotation": [-1.06499, 2.47607, 4.76351],
							"uv": {
								"north": {"uv": [73, 74], "uv_size": [1, 1]},
								"east": {"uv": [74, 35], "uv_size": [2, 1]},
								"south": {"uv": [74, 74], "uv_size": [1, 1]},
								"west": {"uv": [74, 39], "uv_size": [2, 1]},
								"up": {"uv": [45, 74], "uv_size": [1, 2]},
								"down": {"uv": [74, 47], "uv_size": [1, -2]}
							}
						},
						{
							"origin": [0.9, 28.6, -4.7],
							"size": [0.7, 1.4, 2],
							"pivot": [-0.3, 27.4, -3.7],
							"rotation": [1.08579, 2.46703, 51.80991],
							"uv": {
								"north": {"uv": [0, 75], "uv_size": [1, 1]},
								"east": {"uv": [74, 41], "uv_size": [2, 1]},
								"south": {"uv": [75, 0], "uv_size": [1, 1]},
								"west": {"uv": [46, 74], "uv_size": [2, 1]},
								"up": {"uv": [48, 74], "uv_size": [1, 2]},
								"down": {"uv": [74, 50], "uv_size": [1, -2]}
							}
						},
						{
							"origin": [0.1, 28.2, -4.7],
							"size": [0.7, 1.4, 2],
							"pivot": [-0.3, 27.4, -3.7],
							"rotation": [2.17389, 1.5937, 81.81677],
							"uv": {
								"north": {"uv": [1, 75], "uv_size": [1, 1]},
								"east": {"uv": [49, 74], "uv_size": [2, 1]},
								"south": {"uv": [75, 1], "uv_size": [1, 1]},
								"west": {"uv": [74, 50], "uv_size": [2, 1]},
								"up": {"uv": [51, 74], "uv_size": [1, 2]},
								"down": {"uv": [74, 53], "uv_size": [1, -2]}
							}
						},
						{
							"origin": [-0.7, 27.6, -4.7],
							"size": [0.7, 1.4, 2],
							"pivot": [-0.3, 27.4, -3.7],
							"rotation": [2.69524, 0.01218, 117.78682],
							"uv": {
								"north": {"uv": [2, 75], "uv_size": [1, 1]},
								"east": {"uv": [52, 74], "uv_size": [2, 1]},
								"south": {"uv": [75, 2], "uv_size": [1, 1]},
								"west": {"uv": [74, 53], "uv_size": [2, 1]},
								"up": {"uv": [74, 54], "uv_size": [1, 2]},
								"down": {"uv": [74, 59], "uv_size": [1, -2]}
							}
						}
					]
				},
				{
					"name": "Kozlar",
					"parent": "Head",
					"pivot": [0.4, 27.4, -3.4],
					"rotation": [0, 0, 10],
					"cubes": [
						{
							"origin": [0.5, 27.4, -4.4],
							"size": [1.9, 1.1, 2],
							"pivot": [0.4, 27.4, -3.4],
							"rotation": [0, 0, 16],
							"uv": {
								"north": {"uv": [73, 33], "uv_size": [2, 1]},
								"east": {"uv": [73, 34], "uv_size": [2, 1]},
								"south": {"uv": [73, 36], "uv_size": [2, 1]},
								"west": {"uv": [73, 37], "uv_size": [2, 1]},
								"up": {"uv": [3, 71], "uv_size": [2, 2]},
								"down": {"uv": [71, 6], "uv_size": [2, -2]}
							}
						},
						{
							"origin": [0, 28.4, -4.4],
							"size": [2.3, 1.1, 2],
							"pivot": [0.4, 27.4, -3.4],
							"rotation": [0, 0, 40],
							"uv": {
								"north": {"uv": [73, 38], "uv_size": [2, 1]},
								"east": {"uv": [40, 73], "uv_size": [2, 1]},
								"south": {"uv": [73, 40], "uv_size": [2, 1]},
								"west": {"uv": [73, 42], "uv_size": [2, 1]},
								"up": {"uv": [71, 6], "uv_size": [2, 2]},
								"down": {"uv": [71, 10], "uv_size": [2, -2]}
							}
						},
						{
							"origin": [-0.4, 29.1, -4.4],
							"size": [2.4, 1.5, 2],
							"pivot": [0.4, 27.4, -3.4],
							"rotation": [0, 0, 50],
							"uv": {
								"north": {"uv": [71, 10], "uv_size": [2, 2]},
								"east": {"uv": [71, 12], "uv_size": [2, 2]},
								"south": {"uv": [71, 14], "uv_size": [2, 2]},
								"west": {"uv": [15, 71], "uv_size": [2, 2]},
								"up": {"uv": [71, 16], "uv_size": [2, 2]},
								"down": {"uv": [17, 73], "uv_size": [2, -2]}
							}
						},
						{
							"origin": [-0.4, 30.2, -4.4],
							"size": [0.7, 1.3, 2],
							"pivot": [0.4, 27.4, -3.4],
							"rotation": [0, 0, 51],
							"uv": {
								"north": {"uv": [62, 74], "uv_size": [1, 1]},
								"east": {"uv": [73, 43], "uv_size": [2, 1]},
								"south": {"uv": [63, 74], "uv_size": [1, 1]},
								"west": {"uv": [73, 44], "uv_size": [2, 1]},
								"up": {"uv": [73, 45], "uv_size": [1, 2]},
								"down": {"uv": [73, 53], "uv_size": [1, -2]}
							}
						},
						{
							"origin": [0.2, 30.2, -4.4],
							"size": [0.7, 0.8, 2],
							"pivot": [0.4, 27.4, -3.4],
							"rotation": [0, 0, 51],
							"uv": {
								"north": {"uv": [69, 74], "uv_size": [1, 1]},
								"east": {"uv": [73, 69], "uv_size": [2, 1]},
								"south": {"uv": [70, 74], "uv_size": [1, 1]},
								"west": {"uv": [73, 73], "uv_size": [2, 1]},
								"up": {"uv": [74, 1], "uv_size": [1, 2]},
								"down": {"uv": [5, 76], "uv_size": [1, -2]}
							}
						},
						{
							"origin": [3.3, 28, -4.4],
							"size": [0.6, 1.8, 2],
							"pivot": [0.4, 27.4, -3.4],
							"rotation": [0, 0, -12],
							"uv": {
								"north": {"uv": [73, 53], "uv_size": [1, 2]},
								"east": {"uv": [71, 18], "uv_size": [2, 2]},
								"south": {"uv": [54, 73], "uv_size": [1, 2]},
								"west": {"uv": [19, 71], "uv_size": [2, 2]},
								"up": {"uv": [55, 73], "uv_size": [1, 2]},
								"down": {"uv": [56, 75], "uv_size": [1, -2]}
							}
						},
						{
							"origin": [2.9, 27.6, -4.4],
							"size": [0.7, 1.4, 2],
							"pivot": [0.4, 27.4, -3.4],
							"rotation": [-1.06499, 2.47607, 4.76351],
							"uv": {
								"north": {"uv": [74, 63], "uv_size": [1, 1]},
								"east": {"uv": [73, 47], "uv_size": [2, 1]},
								"south": {"uv": [64, 74], "uv_size": [1, 1]},
								"west": {"uv": [73, 56], "uv_size": [2, 1]},
								"up": {"uv": [57, 73], "uv_size": [1, 2]},
								"down": {"uv": [73, 59], "uv_size": [1, -2]}
							}
						},
						{
							"origin": [1.6, 28.6, -4.4],
							"size": [0.7, 1.4, 2],
							"pivot": [0.4, 27.4, -3.4],
							"rotation": [1.08579, 2.46703, 51.80991],
							"uv": {
								"north": {"uv": [74, 64], "uv_size": [1, 1]},
								"east": {"uv": [58, 73], "uv_size": [2, 1]},
								"south": {"uv": [65, 74], "uv_size": [1, 1]},
								"west": {"uv": [73, 59], "uv_size": [2, 1]},
								"up": {"uv": [60, 73], "uv_size": [1, 2]},
								"down": {"uv": [61, 75], "uv_size": [1, -2]}
							}
						},
						{
							"origin": [0.8, 28.2, -4.4],
							"size": [0.7, 1.4, 2],
							"pivot": [0.4, 27.4, -3.4],
							"rotation": [2.17389, 1.5937, 81.81677],
							"uv": {
								"north": {"uv": [74, 65], "uv_size": [1, 1]},
								"east": {"uv": [62, 73], "uv_size": [2, 1]},
								"south": {"uv": [66, 74], "uv_size": [1, 1]},
								"west": {"uv": [73, 62], "uv_size": [2, 1]},
								"up": {"uv": [73, 63], "uv_size": [1, 2]},
								"down": {"uv": [73, 67], "uv_size": [1, -2]}
							}
						},
						{
							"origin": [0, 27.6, -4.4],
							"size": [0.7, 1.4, 2],
							"pivot": [0.4, 27.4, -3.4],
							"rotation": [2.69524, 0.01218, 117.78682],
							"uv": {
								"north": {"uv": [74, 66], "uv_size": [1, 1]},
								"east": {"uv": [73, 67], "uv_size": [2, 1]},
								"south": {"uv": [68, 74], "uv_size": [1, 1]},
								"west": {"uv": [73, 68], "uv_size": [2, 1]},
								"up": {"uv": [67, 73], "uv_size": [1, 2]},
								"down": {"uv": [72, 75], "uv_size": [1, -2]}
							}
						}
					]
				},
				{
					"name": "RightArm",
					"parent": "Body",
					"pivot": [-5, 22, 0],
					"cubes": [
						{
							"origin": [-8, 12, -2],
							"size": [4, 12, 4],
							"inflate": 0.15,
							"uv": {
								"north": {"uv": [34, 46], "uv_size": [4, 12]},
								"east": {"uv": [38, 46], "uv_size": [4, 12]},
								"south": {"uv": [48, 0], "uv_size": [4, 12]},
								"west": {"uv": [42, 48], "uv_size": [4, 12]},
								"up": {"uv": [30, 20], "uv_size": [4, 4]},
								"down": {"uv": [39, 20], "uv_size": [4, -4]}
							}
						},
						{
							"origin": [-5.7, 15.2, -2.3],
							"size": [2, 6.9, 4.6],
							"uv": {
								"north": {"uv": [56, 64], "uv_size": [2, 7]},
								"east": {"uv": [57, 34], "uv_size": [5, 7]},
								"south": {"uv": [58, 64], "uv_size": [2, 7]},
								"west": {"uv": [57, 41], "uv_size": [5, 7]},
								"up": {"uv": [45, 65], "uv_size": [2, 5]},
								"down": {"uv": [47, 70], "uv_size": [2, -5]}
							}
						},
						{
							"origin": [-8.4, 21.8, -2.3],
							"size": [4.7, 2.6, 4.6],
							"uv": {
								"north": {"uv": [56, 64], "uv_size": [2, 7]},
								"east": {"uv": [57, 34], "uv_size": [5, 7]},
								"south": {"uv": [58, 64], "uv_size": [2, 7]},
								"west": {"uv": [57, 41], "uv_size": [5, 7]},
								"up": {"uv": [45, 65], "uv_size": [2, 5]},
								"down": {"uv": [47, 70], "uv_size": [2, -5]}
							}
						},
						{
							"origin": [-6.6, 20.1, -2.3],
							"size": [1.2, 2.6, 4.6],
							"pivot": [-5, 22, 0],
							"rotation": [0, 0, -25],
							"uv": {
								"north": {"uv": [56, 64], "uv_size": [2, 7]},
								"east": {"uv": [57, 34], "uv_size": [5, 7]},
								"south": {"uv": [58, 64], "uv_size": [2, 7]},
								"west": {"uv": [57, 41], "uv_size": [5, 7]},
								"up": {"uv": [45, 65], "uv_size": [2, 5]},
								"down": {"uv": [47, 70], "uv_size": [2, -5]}
							}
						},
						{
							"origin": [-8.4, 15, -2.3],
							"size": [4.7, 0.6, 4.6],
							"pivot": [-5, 15.5, 0],
							"rotation": [0, 0, 7],
							"uv": {
								"north": {"uv": [69, 41], "uv_size": [5, 1]},
								"east": {"uv": [69, 48], "uv_size": [5, 1]},
								"south": {"uv": [69, 49], "uv_size": [5, 1]},
								"west": {"uv": [69, 50], "uv_size": [5, 1]},
								"up": {"uv": [41, 60], "uv_size": [5, 5]},
								"down": {"uv": [46, 65], "uv_size": [5, -5]}
							}
						},
						{
							"origin": [-6.2, 11.7, -2.3],
							"size": [0.7, 3.9, 4.6],
							"pivot": [-5, 15.3, 0],
							"rotation": [0, 0, -18],
							"uv": {
								"north": {"uv": [43, 70], "uv_size": [1, 4]},
								"east": {"uv": [10, 62], "uv_size": [5, 4]},
								"south": {"uv": [44, 70], "uv_size": [1, 4]},
								"west": {"uv": [62, 17], "uv_size": [5, 4]},
								"up": {"uv": [69, 51], "uv_size": [1, 5]},
								"down": {"uv": [70, 13], "uv_size": [1, -5]}
							}
						}
					]
				},
				{
					"name": "LeftArm",
					"parent": "Body",
					"pivot": [5, 22, 0],
					"cubes": [
						{
							"origin": [4, 12, -2],
							"size": [4, 12, 4],
							"inflate": 0.15,
							"uv": {
								"north": {"uv": [46, 48], "uv_size": [4, 12]},
								"east": {"uv": [0, 50], "uv_size": [4, 12]},
								"south": {"uv": [4, 50], "uv_size": [4, 12]},
								"west": {"uv": [8, 50], "uv_size": [4, 12]},
								"up": {"uv": [47, 12], "uv_size": [4, 4]},
								"down": {"uv": [62, 42], "uv_size": [4, -4]}
							}
						},
						{
							"origin": [3.6, 15.2, -2.4],
							"size": [2, 6.8, 4.7],
							"uv": {
								"north": {"uv": [64, 25], "uv_size": [2, 7]},
								"east": {"uv": [57, 20], "uv_size": [5, 7]},
								"south": {"uv": [54, 64], "uv_size": [2, 7]},
								"west": {"uv": [57, 27], "uv_size": [5, 7]},
								"up": {"uv": [65, 12], "uv_size": [2, 5]},
								"down": {"uv": [43, 70], "uv_size": [2, -5]}
							}
						},
						{
							"origin": [3.6, 22, -2.4],
							"size": [4.6, 2.4, 4.7],
							"uv": {
								"north": {"uv": [64, 25], "uv_size": [2, 7]},
								"east": {"uv": [57, 20], "uv_size": [5, 7]},
								"south": {"uv": [54, 64], "uv_size": [2, 7]},
								"west": {"uv": [57, 27], "uv_size": [5, 7]},
								"up": {"uv": [65, 12], "uv_size": [2, 5]},
								"down": {"uv": [43, 70], "uv_size": [2, -5]}
							}
						},
						{
							"origin": [5.4, 21.3, -2.4],
							"size": [1.1, 2.4, 4.7],
							"pivot": [5, 22, 0],
							"rotation": [0, 0, 44],
							"uv": {
								"north": {"uv": [64, 25], "uv_size": [2, 7]},
								"east": {"uv": [57, 20], "uv_size": [5, 7]},
								"south": {"uv": [54, 64], "uv_size": [2, 7]},
								"west": {"uv": [57, 27], "uv_size": [5, 7]},
								"up": {"uv": [65, 12], "uv_size": [2, 5]},
								"down": {"uv": [43, 70], "uv_size": [2, -5]}
							}
						},
						{
							"origin": [3.6, 14.9, -2.4],
							"size": [4.8, 0.5, 4.7],
							"pivot": [5, 14.7, 0],
							"rotation": [0, 0, -6],
							"uv": {
								"north": {"uv": [27, 37], "uv_size": [5, 1]},
								"east": {"uv": [68, 24], "uv_size": [5, 1]},
								"south": {"uv": [69, 23], "uv_size": [5, 1]},
								"west": {"uv": [32, 69], "uv_size": [5, 1]},
								"up": {"uv": [59, 57], "uv_size": [5, 5]},
								"down": {"uv": [60, 17], "uv_size": [5, -5]}
							}
						},
						{
							"origin": [5.2, 11.9, -2.4],
							"size": [0.7, 3.7, 4.7],
							"pivot": [5, 14.4, 0],
							"rotation": [0, 0, 22],
							"uv": {
								"north": {"uv": [47, 8], "uv_size": [1, 4]},
								"east": {"uv": [0, 62], "uv_size": [5, 4]},
								"south": {"uv": [40, 61], "uv_size": [1, 4]},
								"west": {"uv": [5, 62], "uv_size": [5, 4]},
								"up": {"uv": [69, 36], "uv_size": [1, 5]},
								"down": {"uv": [37, 74], "uv_size": [1, -5]}
							}
						}
					]
				}
			]
		}
	]
}