{
  "format_version": "1.12.0",
  "minecraft:geometry": [
    {
      "description": {
        "identifier": "geometry.sb_camera_man",
        "texture_width": 64,
        "texture_height": 64,
        "visible_bounds_width": 3,
        "visible_bounds_height": 3.5,
        "visible_bounds_offset": [
          0,
          1.25,
          0
        ]
      },
      "bones": [
        {
          "name": "Body",
          "pivot": [
            0,
            24,
            0
          ],
          "cubes": [
            {
              "origin": [
                -1,
                24,
                -2
              ],
              "size": [
                2,
                2,
                3
              ],
              "pivot": [
                0,
                25,
                0
              ],
              "rotation": [
                12.5,
                0,
                0
              ],
              "uv": [
                0,
                48
              ]
            },
            {
              "origin": [
                -4,
                12,
                -2
              ],
              "size": [
                8,
                12,
                4
              ],
              "uv": [
                0,
                16
              ]
            },
            {
              "origin": [
                -4.4,
                16.5,
                -2.3
              ],
              "size": [
                8.8,
                7.9,
                4.5
              ],
              "uv": [
                0,
                0
              ]
            }
          ]
        },
        {
          "name": "Head",
          "parent": "Body",
          "pivot": [
            0,
            25,
            -1
          ],
          "cubes": [
            {
              "origin": [
                -3,
                24,
                -4.5
              ],
              "size": [
                3,
                2,
                2
              ],
              "uv": [
                20,
                0
              ]
            }
          ]
        },
        {
          "name": "bone",
          "parent": "Head",
          "pivot": [
            0,
            0,
            0
          ],
          "cubes": [
            {
              "origin": [
                2,
                29,
                -7
              ],
              "size": [
                1,
                2,
                9
              ],
              "pivot": [
                2,
                29,
                0
              ],
              "rotation": [
                0,
                0,
                -10
              ],
              "uv": [
                7,
                39
              ]
            },
            {
              "origin": [
                -3,
                29,
                -7
              ],
              "size": [
                1,
                2,
                9
              ],
              "pivot": [
                -2,
                29,
                0
              ],
              "rotation": [
                0,
                0,
                10
              ],
              "uv": [
                39,
                4
              ]
            },
            {
              "origin": [
                -2,
                26,
                -6
              ],
              "size": [
                4,
                5,
                8
              ],
              "uv": [
                24,
                0
              ]
            },
            {
              "origin": [
                -2,
                29,
                2
              ],
              "size": [
                4,
                2,
                1
              ],
              "uv": [
                40,
                0
              ]
            },
            {
              "origin": [
                -2,
                30,
                -7
              ],
              "size": [
                4,
                1,
                1
              ],
              "uv": [
                18,
                45
              ]
            }
          ]
        },
        {
          "name": "bone2",
          "parent": "Head",
          "pivot": [
            0,
            0,
            0
          ],
          "cubes": [
            {
              "origin": [
                -3,
                25,
                -2
              ],
              "size": [
                6,
                4,
                5
              ],
              "uv": [
                40,
                15
              ]
            },
            {
              "origin": [
                -2,
                25,
                3
              ],
              "size": [
                4,
                4,
                1
              ],
              "uv": [
                48,
                24
              ]
            }
          ]
        },
        {
          "name": "LeftArm",
          "parent": "Body",
          "pivot": [
            5,
            22,
            0
          ],
          "cubes": [
            {
              "origin": [
                4.40075,
                12.62875,
                -2
              ],
              "size": [
                4,
                12,
                4
              ],
              "pivot": [
                6.40075,
                18.62875,
                0
              ],
              "rotation": [
                0,
                0,
                -5
              ],
              "uv": [
                24,
                13
              ]
            }
          ]
        },
        {
          "name": "RightArm",
          "parent": "Body",
          "pivot": [
            -5,
            22,
            0
          ],
          "cubes": [
            {
              "origin": [
                -8.40075,
                12.62875,
                -2
              ],
              "size": [
                4,
                12,
                4
              ],
              "pivot": [
                -6.40075,
                18.62875,
                0
              ],
              "rotation": [
                0,
                0,
                5
              ],
              "uv": [
                24,
                13
              ],
              "mirror": true
            }
          ]
        },
        {
          "name": "RightLeg",
          "pivot": [
            -1.9,
            13,
            0
          ],
          "cubes": [
            {
              "origin": [
                -4.9,
                0,
                -2
              ],
              "size": [
                4,
                12,
                4
              ],
              "pivot": [
                0,
                0,
                0
              ],
              "rotation": [
                0,
                0,
                2.5
              ],
              "uv": [
                20,
                29
              ],
              "mirror": true
            },
            {
              "origin": [
                -4.9,
                5,
                -2
              ],
              "size": [
                4,
                9,
                4
              ],
              "inflate": 0.25,
              "pivot": [
                0,
                0,
                0
              ],
              "rotation": [
                0,
                0,
                2.5
              ],
              "uv": [
                32,
                41
              ],
              "mirror": true
            }
          ]
        },
        {
          "name": "LeftLeg",
          "pivot": [
            1.9,
            13,
            0
          ],
          "cubes": [
            {
              "origin": [
                0.9,
                0,
                -2
              ],
              "size": [
                4,
                12,
                4
              ],
              "pivot": [
                0,
                0,
                0
              ],
              "rotation": [
                0,
                0,
                -2.5
              ],
              "uv": [
                20,
                29
              ]
            },
            {
              "origin": [
                0.9,
                5,
                -2
              ],
              "size": [
                4,
                9,
                4
              ],
              "inflate": 0.25,
              "pivot": [
                0,
                0,
                0
              ],
              "rotation": [
                0,
                0,
                -2.5
              ],
              "uv": [
                32,
                41
              ]
            }
          ]
        }
      ]
    }
  ]
}