{
	"namespace": "chest",
//---INCUBATOR---
	"incubator_grid": {
		"type": "grid",
		"size": [90, 80],
		"anchor_from": "top_left",
		"anchor_to": "top_left",
		"grid_dimensions": [4, 2],
		"collection_name": "container_items",
		"controls": [{
				"one@input_item": {
					"grid_position": [0, 0],
                    "ignored": false,
					"controls": [{
						"slot_1@chest.chest_grid_item": {"offset": [0, 0]}
					}]
				}
			},
			{
				"two@input_item": {
					"grid_position": [1, 0],
                    "ignored": false,
					"controls": [{
						"slot_2@chest.chest_grid_item": {"offset": [0, 0]}
					}]
				}
			},
			{
				"three@input_item": {
					"grid_position": [2, 0],"ignored": false,
					"controls": [{
						"slot_3@chest.chest_grid_item": {"offset": [0, 0]}
					}]
				}
			},
			{
				"four@input_item": {
					"grid_position": [3, 0],"ignored": false,
					"controls": [{
						"slot_4@chest.chest_grid_item": {"offset": [0, 0]}
					}]
				}
			},
			{
				"five@input_item": {
					"grid_position": [0, 1],
                    "ignored": false,
					"controls": [{
						"slot_5@chest.chest_grid_item": {"offset": [0, 0]}
					}]
				}
			},
			{
				"six@input_item": {
					"grid_position": [1, 1],
                    "ignored": false,
					"controls": [{
						"slot_6@chest.chest_grid_item": {"offset": [0, 0]}
					}]
				}
			},
			{
				"seven@input_item": {
					"grid_position": [2, 1],
                    "ignored": false,
					"controls": [{
						"slot_7@chest.chest_grid_item": {"offset": [0, 0]}
					}]
				}
			},
			{
				"eight@input_item": {
					"grid_position": [3, 1],
                    "ignored": false,
					"controls": [{
						"slot_8@chest.chest_grid_item": {"offset": [0, 0]}
					}]
				}
			}
		]
	},
	"input_item": {
		"type": "panel",
		"grid_position": [0, 0],
        "ignored": true
	},
	"incubator_top_half": {
		"type": "panel",
		"size": ["100%", 100],
		"anchor_to": "top_left",
		"anchor_from": "top_left",
		"controls": [{
			"incubator_grid@chest.incubator_grid": {
				"offset": [48, 16]
			}
		},
  {
    "egg": {
     "size": [ 10, 8],
     "offset": [36, -40],
     "type": "image",
     "texture": "textures/ui/incubator/egg"
     }
   },
   {
    "nest": {
     "size": [ 150, 110 ],
     "offset": [0, 40],
     "type": "image",
     "texture": "textures/ui/incubator/nest"
     }
   },
   { 
     "label@chest.chest_label": { "offset": [54, 5]}
    }
   ]
	},
	"incubator_root_panel@small_root_panel": {
		"size": [190, 200],
		"$chest_panel": "chest.incubator_top_half"
	},
     //---DNA SEQUENCER---
	"dna_seq_grid": {
		"type": "grid",
		"size": [130, 54],
		"anchor_from": "top_left",
		"anchor_to": "top_left",
		"grid_dimensions": [2, 3],
		"collection_name": "container_items",
		"controls": [{
				"one@input_item": {
					"grid_position": [0, 0],"ignored": false,
					"controls": [{
						"slot_1@chest.chest_grid_item": {"offset": [0, 0]}
					}]
				}
			},
			{
				"two@input_item": {
					"grid_position": [1, 0],
                    "ignored": false,
					"controls": [{
						"slot_2@chest.chest_grid_item": {"offset": [0, 0]}
					}]
				}
			},
			{
				"three@input_item": {
					"grid_position": [0, 1],
                    "ignored": false,
					"controls": [{
						"slot_3@chest.chest_grid_item": {"offset": [0, 0]}
					}]
				}
			},
			{
				"four@input_item": {
					"grid_position": [1, 1],
                    "ignored": false,
					"controls": [{
						"slot_4@chest.chest_grid_item": {"offset": [0, 0]}
					}]
				}
			},
			{
				"five@input_item": {
					"grid_position": [0, 2],
                    "ignored": false,
					"controls": [{
						"slot_5@chest.chest_grid_item": {"offset": [0, 0]}
					}]
				}
			},
			{
				"six@input_item": {
					"grid_position": [1, 2],
                    "ignored": false,
					"controls": [{
						"slot_6@chest.chest_grid_item": {"offset": [0, 0]}
					}]
				}
			}
		]
	},
	"dna_seq_top_half": {
		"type": "panel",
		"size": ["100%", 100],
		"anchor_to": "top_left",
		"anchor_from": "top_left",
		"controls": [{
			"dna_seq_grid@chest.dna_seq_grid": {
				"offset": [22.5, 25]
			}
		},
   { 
     "label@chest.chest_label": {
      "offset": [50, 8]
     }
    },
    {
      "dna": {
       "size": [ 40, 40 ],
       "offset": [-0.5, 2],
       "type": "image",
       "texture": "textures/ui/mrdna/dna"
       }
     },
     {
      "dnatail": {
       "size": [ 30, 40 ],
       "offset": [-98.8, 94],
       "type": "image",
       "texture": "textures/ui/mrdna/dnatail"
       }
     },
     {
      "dnabody": {
       "size": [ 55, 88 ],
       "offset": [93.4, -25],
       "type": "image",
       "texture": "textures/ui/mrdna/dnabody"
       }
     },
     {
      "upperhand": {
       "size": [ 15, 15 ],
       "offset": [58, -49.5],
       "type": "image",
       "texture": "textures/ui/mrdna/upperhand"
       }
     }
   ]
	},
	"dna_seq_root_panel@small_root_panel": {
		"size": [176, 180],
		"$chest_panel": "chest.dna_seq_top_half"
	},
    //---ROOT PANEL---
	"small_root_panel@common.root_panel": {
		"$chest_panel|default": "chest.small_chest_panel_top_half",
		"layer": 1,
		"controls": [{
			"common_panel@common.common_panel": {}
		}, {
			"chest_panel": {
				"type": "panel",
				"layer": 5,
				"controls": [{
					"small_chest_panel_top_half@$chest_panel": {}
				}, {
					"inventory_panel_bottom_half_with_label@common.inventory_panel_bottom_half_with_label": {}
				}, {
					"hotbar_grid@common.hotbar_grid_template": {}
				}, {
					"inventory_take_progress_icon_button@common.inventory_take_progress_icon_button": {}
				}]
			}
		}, {
			"inventory_selected_icon_button@common.inventory_selected_icon_button": {}
		}, {
			"gamepad_cursor@common.gamepad_cursor_button": {}
		}]
	},
	"small_chest_panel": {
		"type": "panel",
		"controls": [{
			"container_gamepad_helpers@common.container_gamepad_helpers": {}
		}, {
			"flying_item_renderer@common.flying_item_renderer": {
				"layer": 11
			}
		}, {
			"selected_item_details_factory@common.selected_item_details_factory": {
				"control_name": "@chest.selected_item_details"
			}
		}, {
			"item_lock_notification_factory@common.item_lock_notification_factory": {
				"control_name": "@common.item_lock_notification"
			}
		}, {
			"root_panel@$root_panel": {}
		}]
	},
	"small_chest_screen@common.inventory_screen_common": {
		"$close_on_player_hurt|default": true,
		"close_on_player_hurt": "$close_on_player_hurt",
		"$root_panel|default": "chest.small_root_panel",
		"$container_size|default": 27,
		"variables": [{
			"requires": "($container_title = 'Egg Incubator')",
			"$root_panel": "chest.incubator_root_panel",
			"$container_size": 54
		},{
			"requires": "($container_title = 'DNA Sequencer')",
			"$root_panel": "chest.dna_seq_root_panel",
			"$container_size": 54
		},{
			"requires": "$desktop_screen",
			"$screen_content": "chest.small_chest_panel",
			"$screen_bg_content": "common.screen_background"
		}, {
			"requires": "$pocket_screen",
			"$screen_content": "chest.small_chest_panel",
			"$screen_bg_content": "common.screen_background"
		}]
	},
	"ender_chest_screen@common.inventory_screen_common": {
		"$close_on_player_hurt|default": true,
		"close_on_player_hurt": "$close_on_player_hurt",
		"variables": [{
			"requires": "$desktop_screen",
			"$screen_content": "chest.small_root_panel",
			"$screen_bg_content": "common.screen_background"
		}, {
			"requires": "$pocket_screen",
			"$screen_content": "pocket_containers.ender_chest_panel"
		}]
	}
}
