{
  "format_version": "1.12.0",
  "minecraft:geometry": [
    {
      "description": {
        "identifier": "geometry.fitt_cameraman",
        "texture_width": 128,
        "texture_height": 128,
        "visible_bounds_width": 3,
        "visible_bounds_height": 3.5,
        "visible_bounds_offset": [
          0,
          1.25,
          0
        ]
      },
      "bones": [
        {
          "name": "Head",
          "pivot": [
            0,
            25,
            0
          ],
          "cubes": [
            {
              "origin": [
                2,
                26,
                -5
              ],
              "size": [
                1,
                2,
                8
              ],
              "uv": [
                13,
                28
              ]
            },
            {
              "origin": [
                -2,
                25,
                -3
              ],
              "size": [
                4,
                3,
                6
              ],
              "uv": [
                0,
                23
              ]
            },
            {
              "origin": [
                -3,
                28,
                -5
              ],
              "size": [
                6,
                1,
                8
              ],
              "uv": [
                0,
                0
              ]
            }
          ]
        },
        {
          "name": "bone",
          "parent": "Head",
          "pivot": [
            0,
            0,
            0
          ],
          "cubes": [
            {
              "origin": [
                -3,
                26,
                -5
              ],
              "size": [
                1,
                2,
                8
              ],
              "uv": [
                21,
                2
              ]
            },
            {
              "origin": [
                -2,
                23,
                -2.5
              ],
              "size": [
                2,
                2,
                1
              ],
              "uv": [
                0,
                0
              ]
            }
          ]
        },
        {
          "name": "Body",
          "pivot": [
            0,
            24,
            0
          ],
          "cubes": [
            {
              "origin": [
                4,
                6,
                -2
              ],
              "size": [
                0,
                18,
                4
              ],
              "uv": [
                0,
                106
              ]
            },
            {
              "origin": [
                -4,
                6,
                -2
              ],
              "size": [
                0,
                18,
                4
              ],
              "uv": [
                0,
                78
              ]
            },
            {
              "origin": [
                -4,
                6,
                2
              ],
              "size": [
                8,
                18,
                0
              ],
              "pivot": [
                0,
                23,
                0
              ],
              "rotation": [
                2.5,
                0,
                0
              ],
              "uv": [
                72,
                53
              ]
            },
            {
              "origin": [
                -4,
                6,
                -2
              ],
              "size": [
                1,
                10,
                0
              ],
              "pivot": [
                -3,
                16,
                0
              ],
              "rotation": [
                0,
                0,
                5
              ],
              "uv": [
                72,
                53
              ]
            },
            {
              "origin": [
                3,
                5,
                -2
              ],
              "size": [
                1,
                11,
                0
              ],
              "pivot": [
                3,
                16,
                0
              ],
              "rotation": [
                0,
                0,
                -5
              ],
              "uv": [
                72,
                53
              ]
            },
            {
              "origin": [
                -1,
                24,
                -1
              ],
              "size": [
                2,
                1,
                2
              ],
              "uv": [
                32,
                0
              ]
            }
          ]
        },
        {
          "name": "UpperBody",
          "parent": "Body",
          "pivot": [
            0,
            16,
            0
          ],
          "cubes": [
            {
              "origin": [
                -4,
                16,
                -2
              ],
              "size": [
                8,
                8,
                4
              ],
              "uv": [
                0,
                10
              ]
            }
          ]
        },
        {
          "name": "LowerBody",
          "parent": "Body",
          "pivot": [
            0,
            16,
            0
          ],
          "cubes": [
            {
              "origin": [
                -3.5,
                12,
                -2
              ],
              "size": [
                7,
                4,
                4
              ],
              "uv": [
                21,
                19
              ]
            }
          ]
        },
        {
          "name": "RightArm",
          "pivot": [
            -5,
            22,
            0
          ],
          "rotation": [
            0,
            0,
            7.5
          ],
          "cubes": [
            {
              "origin": [
                -8,
                18,
                -2
              ],
              "size": [
                4,
                6,
                4
              ],
              "uv": [
                34,
                39
              ]
            }
          ]
        },
        {
          "name": "LoweRightArm",
          "parent": "RightArm",
          "pivot": [
            -6,
            18,
            0
          ],
          "cubes": [
            {
              "origin": [
                -8,
                12,
                -2
              ],
              "size": [
                4,
                6,
                4
              ],
              "pivot": [
                -6,
                17,
                0
              ],
              "rotation": [
                -15,
                0,
                0
              ],
              "uv": [
                17,
                39
              ]
            },
            {
              "origin": [
                -7,
                11,
                -1
              ],
              "size": [
                2,
                1,
                2
              ],
              "pivot": [
                -6,
                17,
                0
              ],
              "rotation": [
                -15,
                0,
                0
              ],
              "uv": [
                24,
                28
              ]
            }
          ]
        },
        {
          "name": "LeftArm",
          "pivot": [
            5,
            22,
            0
          ],
          "rotation": [
            0,
            0,
            -7.5
          ],
          "cubes": [
            {
              "origin": [
                4,
                18,
                -2
              ],
              "size": [
                4,
                6,
                4
              ],
              "uv": [
                0,
                35
              ]
            }
          ]
        },
        {
          "name": "LowerLeftArm",
          "parent": "LeftArm",
          "pivot": [
            6,
            18,
            0
          ],
          "cubes": [
            {
              "origin": [
                5,
                11,
                -1
              ],
              "size": [
                2,
                1,
                2
              ],
              "pivot": [
                6,
                18,
                0
              ],
              "rotation": [
                -17.5,
                0,
                0
              ],
              "uv": [
                25,
                13
              ]
            },
            {
              "origin": [
                4,
                12,
                -2
              ],
              "size": [
                4,
                6,
                4
              ],
              "pivot": [
                6,
                18,
                0
              ],
              "rotation": [
                -17.5,
                0,
                0
              ],
              "uv": [
                32,
                28
              ]
            }
          ]
        },
        {
          "name": "RightLeg",
          "pivot": [
            -1.9,
            12,
            0
          ],
          "cubes": [
            {
              "origin": [
                -3.25,
                6,
                -3.5
              ],
              "size": [
                3,
                6,
                4
              ],
              "pivot": [
                0,
                0,
                0
              ],
              "rotation": [
                -7.5,
                0,
                0
              ],
              "uv": [
                47,
                46
              ]
            },
            {
              "origin": [
                -3.25,
                0.05133,
                -2.71684
              ],
              "size": [
                3,
                7,
                4
              ],
              "pivot": [
                0,
                6,
                0
              ],
              "rotation": [
                2.5,
                0,
                0
              ],
              "uv": [
                44,
                12
              ]
            }
          ]
        },
        {
          "name": "LeftLeg",
          "pivot": [
            1.9,
            12,
            0
          ],
          "cubes": [
            {
              "origin": [
                0.25,
                0.05133,
                -2.71684
              ],
              "size": [
                3,
                7,
                4
              ],
              "pivot": [
                0,
                6,
                0
              ],
              "rotation": [
                2.5,
                0,
                0
              ],
              "uv": [
                40,
                0
              ]
            },
            {
              "origin": [
                0.25,
                6,
                -3.5
              ],
              "size": [
                3,
                6,
                4
              ],
              "pivot": [
                0,
                0,
                0
              ],
              "rotation": [
                -7.5,
                0,
                0
              ],
              "uv": [
                0,
                46
              ]
            }
          ]
        }
      ]
    }
  ]
}