{
  "format_version": "1.12.0",
  "minecraft:geometry": [
    {
      "description": {
        "identifier": "geometry.fitt_camera_strider",
        "texture_width": 128,
        "texture_height": 128,
        "visible_bounds_width": 5,
        "visible_bounds_height": 3.5,
        "visible_bounds_offset": [
          0,
          1.25,
          0
        ]
      },
      "bones": [
        {
          "name": "MainBody",
          "pivot": [
            0,
            0,
            0
          ],
          "cubes": [
            {
              "origin": [
                -5,
                21,
                -4
              ],
              "size": [
                10,
                6,
                11
              ],
              "uv": [
                3,
                3
              ]
            },
            {
              "origin": [
                -0.5,
                30.5,
                -18
              ],
              "size": [
                1,
                1,
                13
              ],
              "uv": [
                20,
                36
              ]
            },
            {
              "origin": [
                -1,
                30,
                -5
              ],
              "size": [
                2,
                2,
                14
              ],
              "uv": [
                0,
                30
              ]
            },
            {
              "origin": [
                -2,
                27,
                3
              ],
              "size": [
                4,
                3,
                6
              ],
              "uv": [
                35,
                3
              ]
            },
            {
              "origin": [
                -2,
                22,
                -7
              ],
              "size": [
                4,
                4,
                3
              ],
              "uv": [
                46,
                49
              ]
            },
            {
              "origin": [
                -2.5,
                22,
                -13
              ],
              "size": [
                5,
                5,
                3
              ],
              "uv": [
                112,
                38
              ]
            },
            {
              "origin": [
                -4,
                21,
                -10
              ],
              "size": [
                8,
                7,
                3
              ],
              "uv": [
                0,
                70
              ]
            },
            {
              "origin": [
                5,
                22,
                1
              ],
              "size": [
                5,
                4,
                2
              ],
              "uv": [
                23,
                51
              ]
            },
            {
              "origin": [
                -1.5,
                29.5,
                -6
              ],
              "size": [
                3,
                3,
                1
              ],
              "uv": [
                0,
                7
              ]
            },
            {
              "origin": [
                -6,
                23,
                -1
              ],
              "size": [
                1,
                2,
                2
              ],
              "uv": [
                0,
                34
              ]
            },
            {
              "origin": [
                5,
                23,
                -1
              ],
              "size": [
                1,
                2,
                2
              ],
              "uv": [
                7,
                32
              ]
            },
            {
              "origin": [
                -1,
                23,
                7
              ],
              "size": [
                2,
                2,
                1
              ],
              "uv": [
                19,
                36
              ]
            },
            {
              "origin": [
                -3,
                19,
                -2
              ],
              "size": [
                6,
                2,
                5
              ],
              "uv": [
                0,
                47
              ]
            },
            {
              "origin": [
                -2,
                18,
                -1
              ],
              "size": [
                4,
                1,
                3
              ],
              "uv": [
                49,
                15
              ]
            }
          ]
        },
        {
          "name": "Leg1",
          "pivot": [
            5,
            25,
            0
          ],
          "rotation": [
            0,
            15,
            0
          ],
          "cubes": [
            {
              "origin": [
                5.28445,
                23.90272,
                -0.5
              ],
              "size": [
                19,
                1,
                1
              ],
              "pivot": [
                6,
                24,
                0
              ],
              "rotation": [
                0,
                15,
                -10
              ],
              "uv": [
                35,
                0
              ]
            },
            {
              "origin": [
                23.57382,
                27.89282,
                -5.5
              ],
              "size": [
                30,
                1,
                1
              ],
              "pivot": [
                23,
                28,
                0
              ],
              "rotation": [
                0,
                0,
                80
              ],
              "uv": [
                0,
                24
              ]
            }
          ]
        },
        {
          "name": "Leg2",
          "pivot": [
            -6,
            24,
            0
          ],
          "cubes": [
            {
              "origin": [
                -25,
                23.5,
                -0.5
              ],
              "size": [
                19,
                1,
                1
              ],
              "pivot": [
                -6,
                24,
                0
              ],
              "rotation": [
                0,
                -17.5,
                12.5
              ],
              "uv": [
                19,
                33
              ]
            },
            {
              "origin": [
                -24.56091,
                27.49073,
                -6.5
              ],
              "size": [
                30,
                1,
                1
              ],
              "pivot": [
                -24,
                28,
                0
              ],
              "rotation": [
                -5,
                0,
                97.5
              ],
              "uv": [
                0,
                27
              ]
            }
          ]
        },
        {
          "name": "Leg3",
          "pivot": [
            0,
            24,
            7
          ],
          "cubes": [
            {
              "origin": [
                -17.85778,
                23.20136,
                7.5
              ],
              "size": [
                19,
                1,
                1
              ],
              "pivot": [
                0,
                24,
                8
              ],
              "rotation": [
                98.31396,
                72.8718,
                97.93851
              ],
              "uv": [
                19,
                30
              ]
            },
            {
              "origin": [
                -0.15332,
                28.37286,
                25.22295
              ],
              "size": [
                30,
                1,
                1
              ],
              "pivot": [
                0,
                29,
                25
              ],
              "rotation": [
                92.49478,
                -11.94756,
                89.47169
              ],
              "uv": [
                0,
                21
              ]
            }
          ]
        },
        {
          "name": "Head",
          "pivot": [
            0,
            18,
            2
          ],
          "cubes": [
            {
              "origin": [
                -0.5,
                16,
                -14
              ],
              "size": [
                1,
                1,
                7
              ],
              "pivot": [
                0,
                18,
                2
              ],
              "rotation": [
                7.5,
                0,
                0
              ],
              "uv": [
                49,
                6
              ]
            },
            {
              "origin": [
                -1.5,
                15,
                -7
              ],
              "size": [
                3,
                3,
                9
              ],
              "pivot": [
                0,
                18,
                2
              ],
              "rotation": [
                7.5,
                0,
                0
              ],
              "uv": [
                36,
                36
              ]
            }
          ]
        },
        {
          "name": "Laser",
          "parent": "Head",
          "pivot": [
            0,
            18,
            2
          ],
          "cubes": [
            {
              "origin": [
                -0.5,
                16,
                -6
              ],
              "size": [
                1,
                1,
                5
              ],
              "pivot": [
                0,
                18,
                2
              ],
              "rotation": [
                7.5,
                0,
                0
              ],
              "uv": [
                0,
                0
              ]
            }
          ]
        }
      ]
    }
  ]
}