{
  "format_version": "1.12.0",
  "minecraft:geometry": [
    {
      "description": {
        "identifier": "geometry.fitt_big_speakerman_infected",
        "texture_width": 64,
        "texture_height": 64,
        "visible_bounds_width": 3,
        "visible_bounds_height": 3.5,
        "visible_bounds_offset": [
          0,
          1.25,
          0
        ]
      },
      "bones": [
        {
          "name": "Head",
          "pivot": [
            0,
            29,
            -4
          ],
          "rotation": [
            2.5,
            0,
            0
          ],
          "cubes": [
            {
              "origin": [
                -3,
                29,
                -8
              ],
              "size": [
                6,
                10,
                6
              ],
              "uv": [
                0,
                0
              ]
            },
            {
              "origin": [
                -1,
                28.5,
                -5
              ],
              "size": [
                2,
                1.5,
                2
              ],
              "uv": [
                43,
                33
              ]
            }
          ]
        },
        {
          "name": "Body",
          "pivot": [
            0,
            24,
            -2
          ],
          "rotation": [
            10,
            0,
            0
          ],
          "cubes": [
            {
              "origin": [
                -6,
                25,
                -8
              ],
              "size": [
                5,
                5,
                0
              ],
              "pivot": [
                0,
                25,
                -2
              ],
              "rotation": [
                23.05787,
                19.7426,
                51.56568
              ],
              "uv": [
                51,
                27
              ]
            },
            {
              "origin": [
                -9,
                33,
                -2
              ],
              "size": [
                5,
                5,
                0
              ],
              "pivot": [
                0,
                25,
                -2
              ],
              "rotation": [
                23.05787,
                19.7426,
                51.56568
              ],
              "uv": [
                51,
                27
              ]
            }
          ]
        },
        {
          "name": "UpperBody",
          "parent": "Body",
          "pivot": [
            0,
            19,
            -2
          ],
          "rotation": [
            12.5,
            0,
            0
          ]
        },
        {
          "name": "bone",
          "parent": "UpperBody",
          "pivot": [
            0,
            0,
            -2
          ],
          "cubes": [
            {
              "origin": [
                -4.5,
                22.5,
                -2.25
              ],
              "size": [
                9,
                7,
                4
              ],
              "uv": [
                0,
                17
              ]
            }
          ]
        },
        {
          "name": "LowerBody",
          "parent": "Body",
          "pivot": [
            0,
            16,
            -2
          ],
          "cubes": [
            {
              "origin": [
                -3.5,
                15,
                -3.25
              ],
              "size": [
                7,
                4.5,
                4
              ],
              "uv": [
                27,
                15
              ]
            },
            {
              "origin": [
                -4,
                19,
                -3.25
              ],
              "size": [
                8,
                4.5,
                4
              ],
              "uv": [
                23,
                24
              ]
            }
          ]
        },
        {
          "name": "RightArm",
          "pivot": [
            -4.5,
            28,
            -3
          ],
          "rotation": [
            0,
            0,
            7.5
          ],
          "cubes": [
            {
              "origin": [
                -8.07776,
                18.42936,
                -5
              ],
              "size": [
                4,
                10,
                4
              ],
              "uv": [
                0,
                28
              ]
            }
          ]
        },
        {
          "name": "LoweRightArm",
          "parent": "RightArm",
          "pivot": [
            -5.57776,
            17.92936,
            -3
          ],
          "cubes": [
            {
              "origin": [
                -7.57776,
                7.92936,
                -5
              ],
              "size": [
                3,
                10.5,
                3
              ],
              "pivot": [
                -5.57776,
                15.92936,
                -3
              ],
              "rotation": [
                -15,
                0,
                0
              ],
              "uv": [
                15,
                47
              ]
            },
            {
              "origin": [
                -7.07776,
                6.92936,
                -4.5
              ],
              "size": [
                2,
                1,
                2
              ],
              "pivot": [
                -5.57776,
                15.92936,
                -3
              ],
              "rotation": [
                -15,
                0,
                0
              ],
              "uv": [
                13,
                28
              ]
            }
          ]
        },
        {
          "name": "LeftArm",
          "pivot": [
            4.5,
            28,
            -3
          ],
          "rotation": [
            0,
            0,
            -7.5
          ],
          "cubes": [
            {
              "origin": [
                4.07776,
                18.42936,
                -5
              ],
              "size": [
                4,
                10,
                4
              ],
              "uv": [
                25,
                0
              ]
            }
          ]
        },
        {
          "name": "LowerLeftArm",
          "parent": "LeftArm",
          "pivot": [
            6.57776,
            17.92936,
            -3
          ],
          "cubes": [
            {
              "origin": [
                4.57776,
                7.42936,
                -5
              ],
              "size": [
                3,
                11,
                3
              ],
              "pivot": [
                5.57776,
                16.92936,
                -3
              ],
              "rotation": [
                -17.5,
                0,
                0
              ],
              "uv": [
                42,
                0
              ]
            },
            {
              "origin": [
                5.07776,
                6.42936,
                -4.5
              ],
              "size": [
                2,
                1,
                2
              ],
              "pivot": [
                5.57776,
                16.92936,
                -3
              ],
              "rotation": [
                -17.5,
                0,
                0
              ],
              "uv": [
                19,
                0
              ]
            }
          ]
        },
        {
          "name": "RightLeg",
          "pivot": [
            -1.9,
            16,
            1
          ],
          "cubes": [
            {
              "origin": [
                -3.25,
                6,
                -3.5
              ],
              "size": [
                3,
                10,
                4
              ],
              "pivot": [
                0,
                0,
                0
              ],
              "rotation": [
                -7.5,
                0,
                0
              ],
              "uv": [
                32,
                33
              ]
            },
            {
              "origin": [
                -3.25,
                0.05133,
                -2.71684
              ],
              "size": [
                3,
                7,
                4
              ],
              "pivot": [
                0,
                6,
                0
              ],
              "rotation": [
                2.5,
                0,
                0
              ],
              "uv": [
                43,
                43
              ]
            }
          ]
        },
        {
          "name": "LeftLeg",
          "pivot": [
            1.9,
            16,
            1
          ],
          "cubes": [
            {
              "origin": [
                0.25,
                0.05133,
                -2.71684
              ],
              "size": [
                3,
                7,
                4
              ],
              "pivot": [
                0,
                6,
                0
              ],
              "rotation": [
                2.5,
                0,
                0
              ],
              "uv": [
                0,
                43
              ]
            },
            {
              "origin": [
                0.25,
                6,
                -3.5
              ],
              "size": [
                3,
                10,
                4
              ],
              "pivot": [
                0,
                0,
                0
              ],
              "rotation": [
                -7.5,
                0,
                0
              ],
              "uv": [
                17,
                33
              ]
            }
          ]
        }
      ]
    }
  ]
}