{
	"format_version": "1.10.0",
	"geometry.skilled_blacksmith_lvl2": {
		"texturewidth": 128,
		"textureheight": 128,
		"visible_bounds_width": 3,
		"visible_bounds_height": 5.5,
		"visible_bounds_offset": [0, 0.25, 0],
		"bones": [
			{
				"name": "waist",
				"pivot": [0, 12, 0]
			},
			{
				"name": "body",
				"parent": "waist",
				"pivot": [0, 24, 0],
				"cubes": [
					{"origin": [-4, 12, -3], "size": [8, 12, 6], "uv": [32, 34]},
					{"origin": [-4, 6, -3], "size": [8, 18, 6], "uv": [0, 0], "inflate": 0.5}
				]
			},
			{
				"name": "head",
				"parent": "body",
				"pivot": [0, 24, 0],
				"cubes": [
					{"origin": [-4, 24, -4], "size": [0, 0, 0], "uv": [0, 0]}
				]
			},
			{
				"name": "head1",
				"parent": "head",
				"pivot": [0, 24, 0],
				"cubes": [
					{"origin": [-4, 24, -4], "size": [8, 10, 8], "uv": [0, 34]}
				]
			},
			{
				"name": "hat",
				"parent": "head1",
				"pivot": [0, 30.6, 0],
				"cubes": [
					{"origin": [-4, 24, -4], "size": [8, 10, 8], "uv": [20, 16], "inflate": 0.5}
				]
			},
			{
				"name": "nose",
				"parent": "head1",
				"pivot": [0, 26, 0],
				"cubes": [
					{"origin": [-1, 23, -6], "size": [2, 4, 2], "uv": [22, 0]}
				]
			},
			{
				"name": "rightArm",
				"parent": "body",
				"pivot": [-5, 22, 0],
				"cubes": [
					{"origin": [-8, 12, -2], "size": [4, 12, 4], "uv": [0, 52]}
				]
			},
			{
				"name": "rightItem",
				"parent": "rightArm",
				"pivot": [-6, 15, 1]
			},
			{
				"name": "leftArm",
				"parent": "body",
				"pivot": [5, 22, 0],
				"mirror": true,
				"cubes": [
					{"origin": [4, 12, -2], "size": [4, 12, 4], "uv": [0, 52]}
				]
			},
			{
				"name": "leftItem",
				"parent": "leftArm",
				"pivot": [6, 15, 1]
			},
			{
				"name": "rightLeg",
				"parent": "body",
				"pivot": [-2, 12, 0],
				"cubes": [
					{"origin": [-4, 0, -2], "size": [4, 12, 4], "uv": [44, 8]}
				]
			},
			{
				"name": "leftLeg",
				"parent": "body",
				"pivot": [2, 12, 0],
				"mirror": true,
				"cubes": [
					{"origin": [0, 0, -2], "size": [4, 12, 4], "uv": [44, 8]}
				]
			},
			{
				"name": "bone",
				"parent": "body",
				"pivot": [0, 24, 0],
				"rotation": [10, 0, 0],
				"cubes": [
					{"origin": [-4, 16, -5], "size": [8, 7, 2], "uv": [0, 24]},
					{"origin": [-10, 23, -3], "size": [6, 2, 6], "uv": [28, 0]},
					{"origin": [4, 23, -3], "size": [6, 2, 6], "uv": [28, 0]}
				]
			}
		]
	}
}