{"format_version":"1.8.0","animations":{"animation.yg_bulldozer_toilet.general":{"loop":true,"animation_length":2,"bones":{"Neck":{"rotation":{"0.0":{"post":[0,0,-7.5],"lerp_mode":"catmullrom"},"0.25":{"post":[0,0,2.5],"lerp_mode":"catmullrom"},"0.5":{"post":[0,0,-5],"lerp_mode":"catmullrom"},"0.75":{"post":[0,0,0],"lerp_mode":"catmullrom"},"1.0":{"post":[0,0,10],"lerp_mode":"catmullrom"},"1.5":{"post":[0,0,-2.5],"lerp_mode":"catmullrom"},"2.0":{"post":[0,0,-7.5],"lerp_mode":"catmullrom"}}},"Head":{"rotation":{"0.0":{"post":[0,0,7.5],"lerp_mode":"catmullrom"},"0.25":{"post":[0,0,-7.5],"lerp_mode":"catmullrom"},"0.5":{"post":[0,0,5],"lerp_mode":"catmullrom"},"0.75":{"post":[-2.99649,-2.74215,-6.75269],"lerp_mode":"catmullrom"},"1.0":{"post":[-3.68168,-1.71487,10.73069],"lerp_mode":"catmullrom"},"1.5":{"post":[-3.11317,-2.6089,-4.25352],"lerp_mode":"catmullrom"},"2.0":{"post":[0,0,7.5],"lerp_mode":"catmullrom"}}},"Mouth":{"scale":{"0.0":{"post":[1,1,1],"lerp_mode":"catmullrom"},"0.2917":{"post":[1.1,1,1],"lerp_mode":"catmullrom"},"0.5":{"post":[1.1,1.3,1],"lerp_mode":"catmullrom"},"0.75":{"post":[1.1,1,1],"lerp_mode":"catmullrom"},"1.0":{"post":[0.8,1,1],"lerp_mode":"catmullrom"},"1.5":{"post":[1.1,1,1],"lerp_mode":"catmullrom"},"2.0":{"post":[1,1,1],"lerp_mode":"catmullrom"}}}}},"animation.yg_bulldozer_toilet.looking":{"loop":true,"bones":{"bone7":{"rotation":{"0.0":{"post":["query.target_x_rotation-this","query.target_y_rotation-this",0],"lerp_mode":"catmullrom"}}}}},"animation.yg_bulldozer_toilet.move":{"loop":true,"animation_length":1,"anim_time_update":"query.modified_distance_moved * 0.1","bones":{"Body":{"rotation":{"0.0":{"post":[0,0,0],"lerp_mode":"catmullrom"}}},"Neck":{"rotation":{"0.0":{"post":[19.9299,1.70818,-4.69986],"lerp_mode":"catmullrom"},"0.5":{"post":[19.9299,-1.70818,4.69986],"lerp_mode":"catmullrom"},"1.0":{"post":[19.9299,1.70818,-4.69986],"lerp_mode":"catmullrom"}}},"Head":{"rotation":{"0.0":{"post":[-19.9299,1.70818,4.69986],"lerp_mode":"catmullrom"},"0.5":{"post":[-19.71975,-3.40487,-9.40804],"lerp_mode":"catmullrom"},"1.0":{"post":[-19.9299,1.70818,4.69986],"lerp_mode":"catmullrom"}}},"bone7":{"rotation":{"0.0":{"post":[0,-12.5,0],"lerp_mode":"catmullrom"},"0.5":{"post":[0,10,0],"lerp_mode":"catmullrom"},"1.0":{"post":[0,-12.5,0],"lerp_mode":"catmullrom"}},"position":{"0.0":{"post":[0,0,0],"lerp_mode":"catmullrom"}}}}},"animation.yg_bulldozer_toilet.attack":{"animation_length":1,"bones":{"Neck":{"rotation":{"0.0":{"post":[0,0,0],"lerp_mode":"catmullrom"},"0.1667":{"post":[-15,0,0],"lerp_mode":"catmullrom"},"0.3333":{"post":[42.5,0,0],"lerp_mode":"catmullrom"},"0.6667":{"post":[42.5,0,0],"lerp_mode":"catmullrom"},"1.0":{"post":[0,0,0],"lerp_mode":"catmullrom"}}},"Head":{"rotation":{"0.0":{"post":[0,0,0],"lerp_mode":"catmullrom"},"0.1667":{"post":[17.5,0,0],"lerp_mode":"catmullrom"},"0.3333":{"post":[-30,0,0],"lerp_mode":"catmullrom"},"0.6667":{"post":[-30,0,0],"lerp_mode":"catmullrom"},"1.0":{"post":[0,0,0],"lerp_mode":"catmullrom"}}}}},"animation.yg_bulldozer_toilet.attack2":{"animation_length":1,"bones":{"Rightknife":{"rotation":{"0.0":{"post":[0,0,0],"lerp_mode":"catmullrom"},"0.1667":{"post":[-22.5,0,0],"lerp_mode":"catmullrom"},"0.3333":{"post":[5,0,0],"lerp_mode":"catmullrom"},"0.6667":{"post":[5,0,0],"lerp_mode":"catmullrom"},"1.0":{"post":[0,0,0],"lerp_mode":"catmullrom"}}},"bone":{"rotation":{"0.0":{"post":[0,0,0],"lerp_mode":"catmullrom"},"0.1667":{"post":[42.5,0,0],"lerp_mode":"catmullrom"},"0.3333":{"post":[85,0,0],"lerp_mode":"catmullrom"},"0.6667":{"post":[85,0,0],"lerp_mode":"catmullrom"},"1.0":{"post":[0,0,0],"lerp_mode":"catmullrom"}}},"bone2":{"rotation":{"0.0":{"post":[0,0,0],"lerp_mode":"catmullrom"},"0.1667":{"post":[-57.5,0,0],"lerp_mode":"catmullrom"},"0.3333":{"post":[-57.5,0,0],"lerp_mode":"catmullrom"},"0.6667":{"post":[-57.5,0,0],"lerp_mode":"catmullrom"},"1.0":{"post":[0,0,0],"lerp_mode":"catmullrom"}}},"bone3":{"rotation":{"0.0":{"post":[0,0,0],"lerp_mode":"catmullrom"},"0.1667":{"post":[-85,0,0],"lerp_mode":"catmullrom"},"0.3333":{"post":[-17.5,0,0],"lerp_mode":"catmullrom"},"0.6667":{"post":[-17.5,0,0],"lerp_mode":"catmullrom"},"1.0":{"post":[0,0,0],"lerp_mode":"catmullrom"}}}}},"animation.yg_bulldozer_toilet.attack3":{"animation_length":1,"bones":{"Leftknife":{"rotation":{"0.0":{"post":[0,0,0],"lerp_mode":"catmullrom"},"0.1667":{"post":[-35,0,0],"lerp_mode":"catmullrom"},"0.3333":{"post":[-0.33035,-3.51429,2.45258],"lerp_mode":"catmullrom"},"0.6667":{"post":[-0.33035,-3.51429,2.45258],"lerp_mode":"catmullrom"},"1.0":{"post":[0,0,0],"lerp_mode":"catmullrom"}}},"bone4":{"rotation":{"0.0":{"post":[0,0,0],"lerp_mode":"catmullrom"},"0.1667":{"post":[65,0,0],"lerp_mode":"catmullrom"},"0.3333":{"post":[105,0,0],"lerp_mode":"catmullrom"},"0.6667":{"post":[105,0,0],"lerp_mode":"catmullrom"},"1.0":{"post":[0,0,0],"lerp_mode":"catmullrom"}}},"bone5":{"rotation":{"0.0":{"post":[0,0,0],"lerp_mode":"catmullrom"},"0.1667":{"post":[-102.5,0,0],"lerp_mode":"catmullrom"},"0.3333":{"post":[-72.5,0,0],"lerp_mode":"catmullrom"},"0.6667":{"post":[-72.5,0,0],"lerp_mode":"catmullrom"},"1.0":{"post":[0,0,0],"lerp_mode":"catmullrom"}}},"bone6":{"rotation":{"0.0":{"post":[0,0,0],"lerp_mode":"catmullrom"},"0.1667":{"post":[-72.5,0,0],"lerp_mode":"catmullrom"},"0.3333":{"post":[-12.5,0,0],"lerp_mode":"catmullrom"},"0.6667":{"post":[-12.5,0,0],"lerp_mode":"catmullrom"},"1.0":{"post":[0,0,0],"lerp_mode":"catmullrom"}}}}}}}