{"format_version":"1.8.0","animations":{"animation.yg_rocket_toilet.general":{"loop":true,"animation_length":0.25,"bones":{"Neck":{"rotation":{"0.0":[-0.20099,-0.3048,-9.97267],"0.0417":[-0.27303,-0.2424,5.02738],"0.0833":[-0.20099,-0.3048,-9.97267],"0.125":[-0.25086,-0.26527,0.02738],"0.1667":[9.74914,-0.26527,0.02738],"0.2083":[-5.25086,-0.26527,0.02738],"0.25":[-0.20099,-0.3048,-9.97267]}},"Head":{"rotation":{"0.0":[0,0,10],"0.0417":[0,0,-7.5],"0.0833":[0,0,10],"0.125":[0,0,-5],"0.1667":[-15,0,-5],"0.2083":[7.5,0,-5],"0.25":[0,0,10]}},"Mouth":{"scale":{"0.0":[1,1,1],"0.0417":[1.2,1,1],"0.0833":[0.8,1.3,1],"0.125":[1.3,1.2,1],"0.1667":[1.1,1.9,1],"0.2083":[0.7,1.1,1],"0.25":[1.2,1.1,1]}}}},"animation.yg_rocket_toilet.looking":{"loop":true,"animation_length":1,"bones":{"Head":{"rotation":{"0.0":{"post":["query.target_x_rotation-this","query.target_y_rotation-this",0],"lerp_mode":"catmullrom"}}},"bone":{"rotation":{"0.0":{"post":[0,0,0],"lerp_mode":"catmullrom"},"1.0":{"post":[0,0,360],"lerp_mode":"catmullrom"}},"scale":{"0.0":{"post":[1,1,1],"lerp_mode":"catmullrom"},"0.5":{"post":[1.4,1.2,1.1],"lerp_mode":"catmullrom"},"1.0":{"post":[1,1,1],"lerp_mode":"catmullrom"}}},"bone2":{"rotation":{"0.0":{"post":[0,0,0],"lerp_mode":"catmullrom"},"1.0":{"post":[0,0,360],"lerp_mode":"catmullrom"}},"scale":{"0.0":{"post":[1,1,1],"lerp_mode":"catmullrom"},"0.5":{"post":[1.4,1.2,1.1],"lerp_mode":"catmullrom"},"1.0":{"post":[1,1,1],"lerp_mode":"catmullrom"}}},"bone3":{"rotation":{"0.0":{"post":[0,0,0],"lerp_mode":"catmullrom"},"1.0":{"post":[0,0,360],"lerp_mode":"catmullrom"}},"scale":{"0.0":{"post":[1,1,1],"lerp_mode":"catmullrom"},"0.5":{"post":[1.4,1.2,1.1],"lerp_mode":"catmullrom"},"1.0":{"post":[1,1,1],"lerp_mode":"catmullrom"}}},"bone4":{"rotation":{"0.0":{"post":[0,0,0],"lerp_mode":"catmullrom"},"1.0":{"post":[0,0,360],"lerp_mode":"catmullrom"}},"scale":{"0.0":{"post":[1,1,1],"lerp_mode":"catmullrom"},"0.5":{"post":[1.4,1.2,1.1],"lerp_mode":"catmullrom"},"1.0":{"post":[1,1,1],"lerp_mode":"catmullrom"}}},"bone5":{"rotation":{"0.0":{"post":[0,0,0],"lerp_mode":"catmullrom"},"1.0":{"post":[0,0,360],"lerp_mode":"catmullrom"}},"scale":{"0.0":{"post":[1,1,1],"lerp_mode":"catmullrom"},"0.5":{"post":[1.4,1.2,1.1],"lerp_mode":"catmullrom"},"1.0":{"post":[1,1,1],"lerp_mode":"catmullrom"}}},"bone6":{"rotation":{"0.0":{"post":[0,0,0],"lerp_mode":"catmullrom"},"1.0":{"post":[0,0,360],"lerp_mode":"catmullrom"}},"scale":{"0.0":{"post":[1,1,1],"lerp_mode":"catmullrom"},"0.5":{"post":[1.4,1.2,1.1],"lerp_mode":"catmullrom"},"1.0":{"post":[1,1,1],"lerp_mode":"catmullrom"}}}}}}}