{
  "format_version": "1.8.0",
  "animations": {
    "animation.yg_sc_bullet.north": {
      "loop": true,
      "bones": {
        "root": {
          "rotation": [
            0,
            "-query.body_y_rotation - this",
            0
          ]
        }
      }
    },
    "animation.yg_sc_bullet.east": {
      "loop": true,
      "bones": {
        "root": {
          "rotation": [
            0,
            "-query.body_y_rotation - this + 90",
            0
          ]
        }
      }
    },
    "animation.yg_sc_bullet.south": {
      "loop": true,
      "bones": {
        "root": {
          "rotation": [
            0,
            "-query.body_y_rotation - this + 180",
            0
          ]
        }
      }
    },
    "animation.yg_sc_bullet.west": {
      "loop": true,
      "bones": {
        "root": {
          "rotation": [
            0,
            "-query.body_y_rotation - this - 90",
            0
          ]
        }
      }
    }
  }
}