{"format_version":"1.8.0","animations":{"animation.yg_saw_toilet.general":{"loop":true,"animation_length":0.5,"bones":{"Neck":{"rotation":{"0.0":{"post":[0,0,10],"lerp_mode":"catmullrom"},"0.25":{"post":[0,0,-17.5],"lerp_mode":"catmullrom"},"0.5":{"post":[0,0,10],"lerp_mode":"catmullrom"}}},"Head":{"rotation":{"0.0":{"post":[0.34005,-5.10674,-19.35567],"lerp_mode":"catmullrom"},"0.25":{"post":[-3.5409,-3.69778,28.27383],"lerp_mode":"catmullrom"},"0.5":{"post":[0.34005,-5.10674,-19.35567],"lerp_mode":"catmullrom"}}},"Mouth":{"scale":{"0.0":{"post":[1.2,1,1],"lerp_mode":"catmullrom"},"0.25":{"post":[0.9,1.3,1],"lerp_mode":"catmullrom"},"0.5":{"post":[1.2,1,1],"lerp_mode":"catmullrom"}}},"Rightsaw":{"rotation":{"0.0":{"post":[0,0,0],"lerp_mode":"catmullrom"},"0.5":{"post":[360,0,0],"lerp_mode":"catmullrom"}}},"bone":{"rotation":{"0.0":{"post":[0,0,0],"lerp_mode":"catmullrom"},"0.125":{"post":[-63.82929,-5.5845,11.20098],"lerp_mode":"catmullrom"},"0.25":{"post":[-112.5,0,0],"lerp_mode":"catmullrom"},"0.5":{"post":[0,0,0],"lerp_mode":"catmullrom"}}},"Leftsaw":{"rotation":{"0.0":{"post":[0,0,0],"lerp_mode":"catmullrom"},"0.5":{"post":[360,0,0],"lerp_mode":"catmullrom"}}},"bone2":{"rotation":{"0.0":{"post":[0,0,0],"lerp_mode":"catmullrom"},"0.125":{"post":[-64.35616,7.77023,-15.72895],"lerp_mode":"catmullrom"},"0.25":{"post":[-112.5,0,0],"lerp_mode":"catmullrom"},"0.5":{"post":[0,0,0],"lerp_mode":"catmullrom"}}}}}}}