{
	"resource_pack_name": "Prehistoric_diversity_teste",
	"texture_name": "atlas.items",
	"texture_data": {
		"spawn_tyranno": {
			"textures": "textures/items/tyranno"
		},
		"bridge_arrhinoceratops_egg": {
			"textures": "textures/items/spawn_egg_arrhino"
    },
    "pd:beff_dinosaur": {
      "textures": "textures/items/pamobile/pd_beff_dinosaur"
    },
    "beff_dinosaur_cooked": {
      "textures": "textures/items/pamobile/beff_dinosaur_cooked"
    },
    "pd_spear": {
      "textures": "textures/items/pamobile/pd_spear"
    },
    "pd:hand_of_tsaagan": {
      "textures": "textures/items/pamobile/hand_of_tsaagan"
    },
    "pd:bone_dinosaur": {
      "textures": "textures/items/pamobile/bone_dinosaur"
    },
    "pd_dinosaur_bone_sword": {
      "textures": "textures/items/pamobile/pd_dinosaur_bone_sword"
    },
    "pd_cacetete": {
      "textures": "textures/items/pamobile/pd_cacetete"
    },
    "pd:suchomimus_tooth": {
      "textures": "textures/items/pamobile/pd_suchomimus_tooth"
    },
    "pd_suchomimus_tooth_knife": {
      "textures": "textures/items/pamobile/pd_suchomimus_tooth_knife"
    },
    "pd_dinosaur_bone_pickaxe": {
      "textures": "textures/items/pamobile/pd_dinosaur_bone_pickaxe"
    },
    "pd_dinosaur_bone_axe": {
      "textures": "textures/items/pamobile/pd_dinosaur_bone_axe"
		}
	}
}