{
	"format_version": "1.10.0",
	"particle_effect": {
		"description": {
			"identifier": "miles:elektr",
			"basic_render_parameters": {
				"material": "particles_add",
				"texture": "particles/elektr"
			}
		},
		"components": {
			"minecraft:emitter_rate_steady": {
				"spawn_rate": 10,
				"max_particles": 100
			},
			"minecraft:emitter_lifetime_once": {
				"active_time": 2.4
			},
			"minecraft:emitter_shape_box": {
				"offset": ["Math.random(0.1, 0.2)", "Math.random(0.3, -0.9)", 0],
				"direction": "outwards"
			},
			"minecraft:particle_lifetime_expression": {
				"max_lifetime": "Math.random(0.4, 0.6)"
			},
			"minecraft:particle_initial_spin": {
				"rotation": 1,
				"rotation_rate": 5
			},
			"minecraft:particle_initial_speed": 9,
			"minecraft:particle_motion_dynamic": {
				"linear_acceleration": [0.9, 0.9, -0.9],
				"rotation_acceleration": 10
			},
			"minecraft:particle_appearance_billboard": {
				"size": ["Math.random(0.8, 1.1)", "Math.random(0.8, 1.1)"],
				"facing_camera_mode": "rotate_xyz",
				"uv": {
					"texture_width": 128,
					"texture_height": 128,
					"uv": [0, 0],
					"uv_size": [128, 128]
				}
			},
			"minecraft:particle_appearance_lighting": {},
			"minecraft:particle_appearance_tinting": {
				"color": {
					"interpolant": "v.particle_age / v.particle_lifetime",
					"gradient": {
						"0.0": "#ffffffff",
						"0.61": "#ffffffff",
						"1.0": "#FF3BFFD6"
					}
				}
			}
		}
	}
}