{
  "format_version": "1.8.0",
  "animations": {
    "animation.mcpe_skibidi_bathtub_giant_rocket_launcher.bob": {
      "loop": true,
      "animation_length": 3.2083333333333335,
      "bones": {
        "bb_main": {
          "rotation": {
            "0.0417": [
              0,
              0,
              0
            ],
            "0.2083": [
              7.5,
              0,
              0
            ],
            "0.2917": [
              2.5,
              0,
              0
            ],
            "0.4167": [
              0,
              0,
              0
            ],
            "0.5": [
              -7.5,
              0,
              0
            ],
            "1.0": [
              -12.5,
              0,
              0
            ],
            "1.6667": [
              5,
              0,
              0
            ],
            "2.0417": [
              -10,
              0,
              0
            ],
            "2.5": [
              12.5,
              0,
              0
            ],
            "2.7083": [
              2.5,
              0,
              0
            ],
            "2.875": [
              -7.5,
              0,
              0
            ],
            "3.0417": [
              0,
              0,
              0
            ]
          },
          "position": {
            "0.0": [
              0,
              0,
              0
            ],
            "0.0417": [
              -1,
              0.67,
              0
            ],
            "0.125": [
              0,
              2,
              0
            ],
            "0.25": [
              0,
              1,
              0
            ],
            "0.4167": [
              2,
              1,
              0
            ],
            "0.5": [
              5,
              2,
              0
            ],
            "0.7917": [
              3,
              4,
              0
            ],
            "1.3333": [
              8,
              4,
              0
            ],
            "2.9583": [
              1,
              0,
              0
            ]
          }
        }
      }
    }
  }
}