{
  "format_version": "1.8.0",
  "animations": {
    "animation.mcpe_black_giant_toilet_weapon.bob": {
      "animation_length": 3.625,
      "bones": {
        "head": {
          "rotation": {
            "0.0": [
              0,
              0,
              0
            ],
            "0.1667": [
              -10,
              0,
              0
            ],
            "0.2917": [
              -11.50839336582203,
              -29.498704231103602,
              5.725105173375596
            ],
            "0.4167": [
              -11.243137314442956,
              27.047795812741242,
              -5.165243287321591
            ],
            "0.625": [
              7.415474158173547,
              -7.385417875792154,
              1.3096230881061093
            ],
            "0.7917": [
              -12.584525841826308,
              -7.3854178757921,
              1.309623088106091
            ],
            "1.0833": [
              -0.08452584182630751,
              -7.3854178757921,
              1.309623088106091
            ],
            "1.2917": [
              -0.08794816312054536,
              17.614554707717943,
              1.2721436675661244
            ],
            "1.4583": [
              4.9120518368796695,
              17.614554707717943,
              1.272143667566088
            ],
            "1.5833": [
              -0.1238060763947395,
              -47.38535917468211,
              1.3898697980698853
            ],
            "1.7083": [
              -0.08389730843793586,
              -2.3854232694185526,
              1.3022497889088662
            ],
            "1.8333": [
              -2.2703686363234556,
              -0.7368781100827984,
              71.31510472706286
            ],
            "2.0417": [
              0.4970746532639896,
              2.3345946996244127,
              191.31063152469216
            ],
            "2.1667": [
              2.0774715413235754,
              -1.175583499750628,
              298.77918740898355
            ],
            "2.2917": [
              -0.08389730843775389,
              -2.385423269419043,
              361.30224978890715
            ],
            "2.4167": [
              -0.48825351264993516,
              80.1142223157634,
              360.81775360309194
            ],
            "2.625": [
              -179.89781196454373,
              34.88538307072609,
              181.35720297925428
            ],
            "2.7917": [
              -179.80080009992972,
              -65.11444198945752,
              181.11805351708597
            ],
            "2.9167": [
              -0.3838218177773456,
              -77.38515183165406,
              1.6733145597760313
            ],
            "3.125": [
              -0.0944042471195462,
              -27.385394059173578,
              1.3421813355311496
            ],
            "3.3333": [
              -0.08413025280409783,
              -4.885420582664793,
              1.3059226804187711
            ],
            "3.4583": [
              -0.08391195963720748,
              2.614571376131935,
              1.2949300394180319
            ]
          }
        }
      }
    }
  }
}