{
	"format_version": "1.10.0",
	"minecraft:client_entity": {
		"description": {
			"identifier": "vl:motorcycle",
			"materials": {
				"default": "spider"
			},
			"textures": {
				"default": "textures/entity/vehicle/motor_LUCID_TEXT"
			},
			"geometry": {
				"default": "geometry.LUCID_Motorcycle"
			},
			"animations": {
				"move": "animation.model.move",

				"horn": "animation.model.horn",
				"hit": "animation.model.hit",
				"runover": "animation.model.run_over", // when entity 

				"rest": "animation.model.rest",
				"idle": "animation.model.idle",

				"turning_var": "animation.model.turning",
				"engine": "controller.animation.motorcycle",
				"damage_setup": "controller.animation.motorcycle.damage"

			},
			"sound_effects": {
				"tlw_bike_horn": "mob.bike.horn"
			},
			"scripts": {
				"initialize": [
					"variable.distance_multiplier = 0.03;",
					"variable.rot_reach = 0;",
					"variable.smoothed_falling = 0;",
					"variable.smoot_turn = 0;"
				],
				"pre_animation": [
					"variable.period = query.modified_distance_moved*variable.distance_multiplier;",
					"variable.time_multiplier = !query.variant && query.is_alive ? 500 : 180;",
					"variable.len = variable.time_multiplier*(query.life_time+variable.period);",
					"variable.rotate = query.yaw_speed/10;",
					"variable.smoot_turn = Math.abs(variable.rotate-variable.smoot_turn) < 2 ? variable.smoot_turn : (variable.rotate-variable.smoot_turn > 0 ? variable.smoot_turn+0.5 : variable.smoot_turn-0.5);",

					"variable.smoothed_falling = variable.smoothed_falling + Math.clamp(query.vertical_speed - variable.smoothed_falling, -10, 10) / 10;"
				],
				"animate": ["engine", "turning_var", "damage_setup"]
			},
			"render_controllers": ["controller.render.vehicles"],
			"spawn_egg": {
				"base_color": "#949771",
				"overlay_color": "#35332a"
			}
		}
	}
}