{
  "format_version": "1.12.0",
  "minecraft:geometry": [
    {
      "description": {
        "identifier": "geometry.seb_upgraded_gman",
        "texture_width": 128,
        "texture_height": 128,
        "visible_bounds_width": 3,
        "visible_bounds_height": 11,
        "visible_bounds_offset": [
          0,
          4.5,
          0
        ]
      },
      "bones": [
        {
          "name": "bone",
          "pivot": [
            0,
            3,
            2
          ],
          "rotation": [
            10,
            0,
            0
          ]
        },
        {
          "name": "Model2",
          "parent": "bone",
          "pivot": [
            0,
            28,
            2
          ],
          "cubes": [
            {
              "origin": [
                -8,
                18,
                6
              ],
              "size": [
                16,
                16,
                4
              ],
              "uv": [
                0,
                19
              ]
            },
            {
              "origin": [
                -8,
                18,
                -8
              ],
              "size": [
                3,
                1,
                14
              ],
              "uv": [
                35,
                67
              ]
            },
            {
              "origin": [
                5,
                18,
                -8
              ],
              "size": [
                3,
                1,
                14
              ],
              "uv": [
                0,
                66
              ]
            },
            {
              "origin": [
                -10,
                18,
                -3
              ],
              "size": [
                3,
                1,
                10
              ],
              "pivot": [
                0,
                28,
                2
              ],
              "rotation": [
                0,
                -90,
                0
              ],
              "uv": [
                21,
                67
              ]
            },
            {
              "origin": [
                -7,
                31,
                5
              ],
              "size": [
                3,
                1,
                1
              ],
              "uv": [
                37,
                19
              ]
            },
            {
              "origin": [
                -2,
                18,
                -3
              ],
              "size": [
                4,
                6,
                4
              ],
              "pivot": [
                0,
                28,
                2
              ],
              "rotation": [
                10,
                0,
                0
              ],
              "uv": [
                0,
                82
              ]
            }
          ]
        },
        {
          "name": "Model",
          "parent": "bone",
          "pivot": [
            7,
            4,
            0
          ],
          "rotation": [
            0,
            -90,
            0
          ],
          "cubes": [
            {
              "origin": [
                -1,
                16,
                -1
              ],
              "size": [
                17,
                2,
                16
              ],
              "uv": [
                0,
                0
              ]
            },
            {
              "origin": [
                2,
                13,
                1
              ],
              "size": [
                11,
                3,
                11
              ],
              "uv": [
                44,
                19
              ]
            },
            {
              "origin": [
                5,
                6,
                2
              ],
              "size": [
                6,
                7,
                9
              ],
              "uv": [
                79,
                41
              ]
            },
            {
              "origin": [
                1,
                9,
                -1
              ],
              "size": [
                1,
                8,
                16
              ],
              "pivot": [
                0,
                3,
                2
              ],
              "rotation": [
                0,
                0,
                -12.5
              ],
              "uv": [
                44,
                34
              ]
            },
            {
              "origin": [
                -1,
                9,
                -12
              ],
              "size": [
                1,
                7,
                12
              ],
              "pivot": [
                0,
                3,
                2
              ],
              "rotation": [
                76.6449,
                -79.28222,
                -79.3604
              ],
              "uv": [
                4,
                44
              ]
            },
            {
              "origin": [
                9,
                11,
                -14
              ],
              "size": [
                1,
                8,
                14
              ],
              "pivot": [
                0,
                3,
                2
              ],
              "rotation": [
                -101.46568,
                -77.69643,
                99.76324
              ],
              "uv": [
                27,
                26
              ]
            },
            {
              "origin": [
                3,
                4,
                1
              ],
              "size": [
                10,
                2,
                11
              ],
              "uv": [
                51,
                0
              ]
            },
            {
              "origin": [
                13.5,
                21,
                15
              ],
              "size": [
                3,
                12,
                3
              ],
              "uv": [
                0,
                40
              ]
            },
            {
              "origin": [
                13.5,
                21,
                -4
              ],
              "size": [
                3,
                12,
                3
              ],
              "uv": [
                0,
                0
              ]
            },
            {
              "origin": [
                12.5,
                30,
                -5
              ],
              "size": [
                5,
                1,
                4
              ],
              "uv": [
                0,
                123
              ]
            },
            {
              "origin": [
                12.5,
                28,
                -5
              ],
              "size": [
                5,
                1,
                4
              ],
              "uv": [
                0,
                123
              ]
            },
            {
              "origin": [
                12.5,
                26,
                -5
              ],
              "size": [
                5,
                1,
                4
              ],
              "uv": [
                0,
                123
              ]
            },
            {
              "origin": [
                12.5,
                30,
                15
              ],
              "size": [
                5,
                1,
                4
              ],
              "uv": [
                0,
                123
              ]
            },
            {
              "origin": [
                12.5,
                28,
                15
              ],
              "size": [
                5,
                1,
                4
              ],
              "uv": [
                0,
                123
              ]
            },
            {
              "origin": [
                12.5,
                26,
                15
              ],
              "size": [
                5,
                1,
                4
              ],
              "uv": [
                0,
                123
              ]
            },
            {
              "origin": [
                16.25,
                19,
                17
              ],
              "size": [
                1,
                2,
                1
              ],
              "pivot": [
                7,
                4,
                0
              ],
              "rotation": [
                0,
                0,
                -2.5
              ],
              "uv": [
                49,
                23
              ]
            },
            {
              "origin": [
                16.25,
                19,
                15
              ],
              "size": [
                1,
                2,
                1
              ],
              "pivot": [
                7,
                4,
                0
              ],
              "rotation": [
                0,
                0,
                -2.5
              ],
              "uv": [
                19,
                48
              ]
            },
            {
              "origin": [
                16.25,
                19,
                -4
              ],
              "size": [
                1,
                2,
                1
              ],
              "pivot": [
                7,
                4,
                0
              ],
              "rotation": [
                0,
                0,
                -2.5
              ],
              "uv": [
                44,
                26
              ]
            },
            {
              "origin": [
                14.25,
                19,
                -4
              ],
              "size": [
                1,
                2,
                1
              ],
              "pivot": [
                7,
                4,
                0
              ],
              "rotation": [
                0,
                0,
                -2.5
              ],
              "uv": [
                44,
                22
              ]
            },
            {
              "origin": [
                14.25,
                19,
                -2
              ],
              "size": [
                1,
                2,
                1
              ],
              "pivot": [
                7,
                4,
                0
              ],
              "rotation": [
                0,
                0,
                -2.5
              ],
              "uv": [
                19,
                44
              ]
            },
            {
              "origin": [
                16.25,
                19,
                -2
              ],
              "size": [
                1,
                2,
                1
              ],
              "pivot": [
                7,
                4,
                0
              ],
              "rotation": [
                0,
                0,
                -2.5
              ],
              "uv": [
                19,
                40
              ]
            },
            {
              "origin": [
                14.25,
                19,
                15
              ],
              "size": [
                1,
                2,
                1
              ],
              "pivot": [
                7,
                4,
                0
              ],
              "rotation": [
                0,
                0,
                -2.5
              ],
              "uv": [
                44,
                34
              ]
            },
            {
              "origin": [
                14.25,
                19,
                17
              ],
              "size": [
                1,
                2,
                1
              ],
              "pivot": [
                7,
                4,
                0
              ],
              "rotation": [
                0,
                0,
                -2.5
              ],
              "uv": [
                48,
                19
              ]
            },
            {
              "origin": [
                -12,
                16,
                -4
              ],
              "size": [
                20,
                3,
                3
              ],
              "uv": [
                63,
                34
              ]
            }
          ]
        },
        {
          "name": "bone2",
          "parent": "Model",
          "pivot": [
            7,
            4,
            0
          ],
          "cubes": [
            {
              "origin": [
                -12,
                16,
                15
              ],
              "size": [
                20,
                3,
                3
              ],
              "uv": [
                35,
                60
              ]
            }
          ]
        },
        {
          "name": "bone3",
          "parent": "bone2",
          "pivot": [
            0,
            0,
            0
          ],
          "cubes": [
            {
              "origin": [
                -14,
                19,
                16
              ],
              "size": [
                4,
                1,
                1
              ],
              "uv": [
                37,
                62
              ]
            },
            {
              "origin": [
                -14,
                19,
                -3
              ],
              "size": [
                4,
                1,
                1
              ],
              "uv": [
                37,
                62
              ]
            },
            {
              "origin": [
                -14,
                17,
                18
              ],
              "size": [
                4,
                1,
                1
              ],
              "uv": [
                37,
                62
              ]
            },
            {
              "origin": [
                -14,
                17,
                -1
              ],
              "size": [
                4,
                1,
                1
              ],
              "uv": [
                37,
                62
              ]
            },
            {
              "origin": [
                -14,
                17,
                14
              ],
              "size": [
                4,
                1,
                1
              ],
              "uv": [
                37,
                62
              ]
            },
            {
              "origin": [
                -14,
                17,
                -5
              ],
              "size": [
                4,
                1,
                1
              ],
              "uv": [
                37,
                62
              ]
            },
            {
              "origin": [
                -14,
                15,
                16
              ],
              "size": [
                4,
                1,
                1
              ],
              "uv": [
                37,
                62
              ]
            },
            {
              "origin": [
                -14,
                15,
                -3
              ],
              "size": [
                4,
                1,
                1
              ],
              "uv": [
                37,
                62
              ]
            }
          ]
        },
        {
          "name": "Head",
          "pivot": [
            0,
            22,
            -4
          ],
          "cubes": [
            {
              "origin": [
                -4,
                21,
                -10
              ],
              "size": [
                8,
                8,
                8
              ],
              "pivot": [
                0,
                1,
                0
              ],
              "rotation": [
                -5,
                0,
                0
              ],
              "uv": [
                70,
                67
              ]
            }
          ]
        },
        {
          "name": "Lasereye",
          "parent": "Head",
          "pivot": [
            0,
            25,
            -5
          ],
          "cubes": [
            {
              "origin": [
                -4,
                25,
                -21.35
              ],
              "size": [
                7,
                1,
                1
              ],
              "pivot": [
                7,
                5,
                -12
              ],
              "rotation": [
                -144.39581,
                86.82019,
                -144.31117
              ],
              "uv": [
                78,
                17
              ]
            },
            {
              "origin": [
                -4,
                25,
                -18.35
              ],
              "size": [
                7,
                1,
                1
              ],
              "pivot": [
                7,
                5,
                -12
              ],
              "rotation": [
                -144.39581,
                86.82019,
                -144.31117
              ],
              "uv": [
                78,
                17
              ]
            }
          ]
        },
        {
          "name": "Laser",
          "pivot": [
            7,
            5,
            -16
          ],
          "rotation": [
            89.56312,
            -80.03815,
            -90.43688
          ],
          "cubes": [
            {
              "origin": [
                5,
                14,
                0
              ],
              "size": [
                18,
                1,
                1
              ],
              "uv": [
                78,
                17
              ]
            },
            {
              "origin": [
                5,
                14,
                -19
              ],
              "size": [
                18,
                1,
                1
              ],
              "uv": [
                67,
                14
              ]
            }
          ]
        }
      ]
    }
  ]
}