{
  "format_version": "1.12.0",
  "minecraft:geometry": [
    {
      "description": {
        "identifier": "geometry.seb_mafia_skibidi",
        "texture_width": 64,
        "texture_height": 64,
        "visible_bounds_width": 3,
        "visible_bounds_height": 10.5,
        "visible_bounds_offset": [
          0,
          4.75,
          0
        ]
      },
      "bones": [
        {
          "name": "bone",
          "pivot": [
            0,
            8,
            2
          ],
          "rotation": [
            5,
            0,
            0
          ]
        },
        {
          "name": "Model2",
          "parent": "bone",
          "pivot": [
            0,
            33,
            2
          ],
          "cubes": [
            {
              "origin": [
                -8,
                23,
                6
              ],
              "size": [
                16,
                16,
                4
              ],
              "uv": [
                25,
                28
              ]
            },
            {
              "origin": [
                -8,
                23,
                -8
              ],
              "size": [
                3,
                1,
                14
              ],
              "uv": [
                12,
                33
              ]
            },
            {
              "origin": [
                5,
                23,
                -8
              ],
              "size": [
                3,
                1,
                14
              ],
              "uv": [
                18,
                33
              ]
            },
            {
              "origin": [
                -10,
                23,
                -3
              ],
              "size": [
                3,
                1,
                10
              ],
              "pivot": [
                0,
                33,
                2
              ],
              "rotation": [
                0,
                -90,
                0
              ],
              "uv": [
                -8,
                -8
              ]
            },
            {
              "origin": [
                -7,
                36,
                5
              ],
              "size": [
                3,
                1,
                1
              ],
              "uv": [
                54,
                1
              ]
            },
            {
              "origin": [
                -2,
                23,
                -3
              ],
              "size": [
                4,
                6,
                4
              ],
              "pivot": [
                0,
                33,
                2
              ],
              "rotation": [
                10,
                0,
                0
              ],
              "uv": [
                48,
                55
              ]
            }
          ]
        },
        {
          "name": "Model",
          "parent": "bone",
          "pivot": [
            7,
            9,
            0
          ],
          "rotation": [
            0,
            -90,
            0
          ],
          "cubes": [
            {
              "origin": [
                -1,
                21,
                -1
              ],
              "size": [
                17,
                2,
                16
              ],
              "uv": [
                0,
                16
              ]
            },
            {
              "origin": [
                2,
                18,
                1
              ],
              "size": [
                11,
                3,
                11
              ],
              "uv": [
                11,
                41
              ]
            },
            {
              "origin": [
                5,
                11,
                2
              ],
              "size": [
                6,
                7,
                9
              ],
              "uv": [
                1,
                43
              ]
            },
            {
              "origin": [
                3,
                9,
                1
              ],
              "size": [
                10,
                2,
                11
              ],
              "uv": [
                5,
                40
              ]
            },
            {
              "origin": [
                15,
                26,
                -4
              ],
              "size": [
                3,
                12,
                3
              ],
              "pivot": [
                7,
                9,
                0
              ],
              "rotation": [
                0,
                0,
                -2.5
              ],
              "uv": [
                32,
                1
              ]
            },
            {
              "origin": [
                15,
                26,
                15
              ],
              "size": [
                3,
                12,
                3
              ],
              "pivot": [
                7,
                9,
                0
              ],
              "rotation": [
                0,
                0,
                -2.5
              ],
              "uv": [
                32,
                1
              ]
            },
            {
              "origin": [
                17,
                24,
                17
              ],
              "size": [
                1,
                2,
                1
              ],
              "pivot": [
                7,
                9,
                0
              ],
              "rotation": [
                0,
                0,
                -2.5
              ],
              "uv": [
                34,
                3
              ]
            },
            {
              "origin": [
                15,
                24,
                17
              ],
              "size": [
                1,
                2,
                1
              ],
              "pivot": [
                7,
                9,
                0
              ],
              "rotation": [
                0,
                0,
                -2.5
              ],
              "uv": [
                34,
                3
              ]
            },
            {
              "origin": [
                15,
                24,
                15
              ],
              "size": [
                1,
                2,
                1
              ],
              "pivot": [
                7,
                9,
                0
              ],
              "rotation": [
                0,
                0,
                -2.5
              ],
              "uv": [
                34,
                3
              ]
            },
            {
              "origin": [
                17,
                24,
                15
              ],
              "size": [
                1,
                2,
                1
              ],
              "pivot": [
                7,
                9,
                0
              ],
              "rotation": [
                0,
                0,
                -2.5
              ],
              "uv": [
                34,
                3
              ]
            },
            {
              "origin": [
                17,
                24,
                -2
              ],
              "size": [
                1,
                2,
                1
              ],
              "pivot": [
                7,
                9,
                0
              ],
              "rotation": [
                0,
                0,
                -2.5
              ],
              "uv": [
                34,
                3
              ]
            },
            {
              "origin": [
                15,
                24,
                -2
              ],
              "size": [
                1,
                2,
                1
              ],
              "pivot": [
                7,
                9,
                0
              ],
              "rotation": [
                0,
                0,
                -2.5
              ],
              "uv": [
                34,
                3
              ]
            },
            {
              "origin": [
                15,
                24,
                -4
              ],
              "size": [
                1,
                2,
                1
              ],
              "pivot": [
                7,
                9,
                0
              ],
              "rotation": [
                0,
                0,
                -2.5
              ],
              "uv": [
                34,
                3
              ]
            },
            {
              "origin": [
                17,
                24,
                -4
              ],
              "size": [
                1,
                2,
                1
              ],
              "pivot": [
                7,
                9,
                0
              ],
              "rotation": [
                0,
                0,
                -2.5
              ],
              "uv": [
                34,
                3
              ]
            },
            {
              "origin": [
                16,
                22,
                -3
              ],
              "size": [
                1,
                2,
                1
              ],
              "pivot": [
                7,
                9,
                0
              ],
              "rotation": [
                0,
                0,
                -2.5
              ],
              "uv": [
                8,
                23
              ]
            },
            {
              "origin": [
                16,
                22,
                16
              ],
              "size": [
                1,
                2,
                1
              ],
              "pivot": [
                7,
                9,
                0
              ],
              "rotation": [
                0,
                0,
                -2.5
              ],
              "uv": [
                8,
                23
              ]
            },
            {
              "origin": [
                17,
                21,
                16
              ],
              "size": [
                1,
                2,
                1
              ],
              "pivot": [
                7,
                9,
                0
              ],
              "rotation": [
                0,
                0,
                -2.5
              ],
              "uv": [
                8,
                23
              ]
            },
            {
              "origin": [
                17,
                21,
                -3
              ],
              "size": [
                1,
                2,
                1
              ],
              "pivot": [
                7,
                9,
                0
              ],
              "rotation": [
                0,
                0,
                -2.5
              ],
              "uv": [
                8,
                23
              ]
            }
          ]
        },
        {
          "name": "Head",
          "pivot": [
            0,
            28,
            -2
          ],
          "cubes": [
            {
              "origin": [
                -4,
                27,
                -8
              ],
              "size": [
                8,
                8,
                8
              ],
              "pivot": [
                0,
                7,
                2
              ],
              "rotation": [
                -5,
                0,
                0
              ],
              "uv": [
                0,
                0
              ]
            },
            {
              "origin": [
                -6,
                33,
                -11
              ],
              "size": [
                12,
                1,
                14
              ],
              "pivot": [
                0,
                7,
                2
              ],
              "rotation": [
                -5,
                0,
                0
              ],
              "uv": [
                23,
                23
              ]
            },
            {
              "origin": [
                -4,
                34,
                -9
              ],
              "size": [
                8,
                2,
                10
              ],
              "pivot": [
                0,
                7,
                2
              ],
              "rotation": [
                -5,
                0,
                0
              ],
              "uv": [
                27,
                27
              ]
            }
          ]
        }
      ]
    }
  ]
}