{
  "format_version": "1.12.0",
  "minecraft:geometry": [
    {
      "description": {
        "identifier": "geometry.seb_speakerman_car_rider",
        "texture_width": 64,
        "texture_height": 64,
        "visible_bounds_width": 2,
        "visible_bounds_height": 10.5,
        "visible_bounds_offset": [
          0,
          4.75,
          0
        ]
      },
      "bones": [
        {
          "name": "Model",
          "pivot": [
            7,
            1,
            -2
          ],
          "rotation": [
            0,
            -90,
            0
          ],
          "cubes": [
            {
              "origin": [
                -1,
                13,
                -3
              ],
              "size": [
                17,
                2,
                16
              ],
              "uv": [
                0,
                16
              ]
            },
            {
              "origin": [
                2,
                10,
                -1
              ],
              "size": [
                11,
                3,
                11
              ],
              "uv": [
                11,
                41
              ]
            },
            {
              "origin": [
                5,
                3,
                0
              ],
              "size": [
                6,
                7,
                9
              ],
              "uv": [
                1,
                43
              ]
            },
            {
              "origin": [
                3,
                1,
                -1
              ],
              "size": [
                10,
                2,
                11
              ],
              "uv": [
                5,
                40
              ]
            },
            {
              "origin": [
                -4,
                5,
                4
              ],
              "size": [
                9,
                1,
                1
              ],
              "uv": [
                39,
                9
              ]
            },
            {
              "origin": [
                -7,
                5,
                0
              ],
              "size": [
                3,
                1,
                9
              ],
              "uv": [
                40,
                16
              ]
            },
            {
              "origin": [
                -7,
                6,
                4
              ],
              "size": [
                1,
                13,
                1
              ],
              "uv": [
                1,
                1
              ]
            },
            {
              "origin": [
                -6,
                19,
                2
              ],
              "size": [
                1,
                5,
                5
              ],
              "uv": [
                39,
                6
              ]
            },
            {
              "origin": [
                -6,
                21,
                7
              ],
              "size": [
                1,
                1,
                2
              ],
              "uv": [
                41,
                6
              ]
            },
            {
              "origin": [
                -6,
                21,
                0
              ],
              "size": [
                1,
                1,
                2
              ],
              "uv": [
                39,
                4
              ]
            },
            {
              "origin": [
                -6,
                16,
                -1
              ],
              "size": [
                1,
                11,
                1
              ],
              "uv": [
                41,
                0
              ]
            },
            {
              "origin": [
                -6,
                26,
                0
              ],
              "size": [
                1,
                1,
                9
              ],
              "uv": [
                34,
                0
              ]
            },
            {
              "origin": [
                -6,
                16,
                0
              ],
              "size": [
                1,
                1,
                9
              ],
              "uv": [
                36,
                1
              ]
            },
            {
              "origin": [
                -6,
                16,
                9
              ],
              "size": [
                1,
                11,
                1
              ],
              "uv": [
                32,
                0
              ]
            }
          ]
        },
        {
          "name": "Model2",
          "pivot": [
            0,
            25,
            0
          ],
          "cubes": [
            {
              "origin": [
                -8,
                15,
                4
              ],
              "size": [
                16,
                16,
                3
              ],
              "uv": [
                26,
                29
              ]
            },
            {
              "origin": [
                -8,
                15,
                -10
              ],
              "size": [
                3,
                1,
                14
              ],
              "uv": [
                12,
                33
              ]
            },
            {
              "origin": [
                5,
                15,
                -10
              ],
              "size": [
                3,
                1,
                14
              ],
              "uv": [
                18,
                33
              ]
            },
            {
              "origin": [
                -10,
                15,
                -5
              ],
              "size": [
                3,
                1,
                10
              ],
              "pivot": [
                0,
                25,
                0
              ],
              "rotation": [
                0,
                -90,
                0
              ],
              "uv": [
                3,
                37
              ]
            },
            {
              "origin": [
                -7,
                28,
                3
              ],
              "size": [
                3,
                1,
                1
              ],
              "uv": [
                54,
                1
              ]
            }
          ]
        }
      ]
    }
  ]
}