{
  "format_version": "1.12.0",
  "minecraft:geometry": [
    {
      "description": {
        "identifier": "geometry.seb_upgraded_titan_cameraman",
        "texture_width": 128,
        "texture_height": 128,
        "visible_bounds_width": 4,
        "visible_bounds_height": 3.5,
        "visible_bounds_offset": [
          0,
          1.25,
          0
        ]
      },
      "bones": [
        {
          "name": "Body",
          "pivot": [
            0,
            24,
            0
          ],
          "cubes": [
            {
              "origin": [
                -3,
                12,
                -2
              ],
              "size": [
                6,
                5,
                4
              ],
              "uv": [
                40,
                41
              ]
            },
            {
              "origin": [
                -4,
                17,
                -2
              ],
              "size": [
                8,
                7,
                4
              ],
              "uv": [
                0,
                19
              ]
            },
            {
              "origin": [
                -1.5,
                17.5,
                -3
              ],
              "size": [
                3,
                3,
                1
              ],
              "uv": [
                46,
                64
              ]
            },
            {
              "origin": [
                -3.1,
                14,
                2
              ],
              "size": [
                6,
                9,
                2
              ],
              "uv": [
                50,
                0
              ]
            },
            {
              "origin": [
                4.9,
                27,
                3
              ],
              "size": [
                1,
                2,
                1.25
              ],
              "uv": [
                78,
                0
              ]
            },
            {
              "origin": [
                -6.1,
                27,
                3
              ],
              "size": [
                1,
                2,
                1.25
              ],
              "uv": [
                81,
                0
              ]
            },
            {
              "origin": [
                2.9,
                27,
                5
              ],
              "size": [
                1,
                3,
                1.25
              ],
              "uv": [
                71,
                124
              ]
            },
            {
              "origin": [
                -4.1,
                27,
                5
              ],
              "size": [
                1,
                3,
                1.25
              ],
              "uv": [
                73,
                124
              ]
            },
            {
              "origin": [
                2.9,
                12,
                3
              ],
              "size": [
                3,
                15,
                3.25
              ],
              "uv": [
                116,
                110
              ]
            },
            {
              "origin": [
                -6.1,
                12,
                3
              ],
              "size": [
                3,
                15,
                3.25
              ],
              "uv": [
                116,
                110
              ]
            },
            {
              "origin": [
                -18.18653,
                12.23205,
                -3
              ],
              "size": [
                3,
                1,
                1
              ],
              "pivot": [
                0,
                0,
                0
              ],
              "rotation": [
                0,
                0,
                60
              ],
              "uv": [
                71,
                58
              ]
            },
            {
              "origin": [
                -18.18653,
                6.23205,
                -3
              ],
              "size": [
                3,
                1,
                1
              ],
              "pivot": [
                0,
                0,
                0
              ],
              "rotation": [
                0,
                0,
                60
              ],
              "uv": [
                71,
                58
              ]
            },
            {
              "origin": [
                1,
                11,
                -1
              ],
              "size": [
                1,
                1,
                2
              ],
              "pivot": [
                3,
                18,
                0
              ],
              "rotation": [
                -32.5,
                0,
                92.5
              ],
              "uv": [
                122,
                87
              ]
            },
            {
              "origin": [
                1,
                19,
                -4
              ],
              "size": [
                1,
                1,
                2
              ],
              "pivot": [
                3,
                18,
                0
              ],
              "rotation": [
                32.5,
                0,
                92.5
              ],
              "uv": [
                122,
                67
              ]
            },
            {
              "origin": [
                3.52737,
                11.99437,
                -5.09432
              ],
              "size": [
                1,
                1,
                2
              ],
              "pivot": [
                2,
                14,
                0
              ],
              "rotation": [
                21.34295,
                0.02471,
                -179.60829
              ],
              "uv": [
                122,
                71
              ]
            },
            {
              "origin": [
                -20,
                2.5,
                -3
              ],
              "size": [
                2,
                1,
                1
              ],
              "pivot": [
                0,
                0,
                0
              ],
              "rotation": [
                0,
                0,
                90
              ],
              "uv": [
                71,
                58
              ]
            },
            {
              "origin": [
                -20,
                -3.5,
                -3
              ],
              "size": [
                2,
                1,
                1
              ],
              "pivot": [
                0,
                0,
                0
              ],
              "rotation": [
                0,
                0,
                90
              ],
              "uv": [
                71,
                58
              ]
            },
            {
              "origin": [
                13.99659,
                7.50105,
                -3
              ],
              "size": [
                3,
                1,
                1
              ],
              "pivot": [
                0,
                0,
                0
              ],
              "rotation": [
                0,
                0,
                -55
              ],
              "uv": [
                71,
                58
              ]
            },
            {
              "origin": [
                13.99659,
                13.50105,
                -3
              ],
              "size": [
                3,
                1,
                1
              ],
              "pivot": [
                0,
                0,
                0
              ],
              "rotation": [
                0,
                0,
                -55
              ],
              "uv": [
                71,
                58
              ]
            },
            {
              "origin": [
                -2,
                21,
                -3
              ],
              "size": [
                4,
                1,
                1
              ],
              "uv": [
                71,
                58
              ]
            },
            {
              "origin": [
                -2,
                16,
                -3
              ],
              "size": [
                4,
                1,
                1
              ],
              "uv": [
                71,
                58
              ]
            }
          ]
        },
        {
          "name": "Wings",
          "parent": "Body",
          "pivot": [
            0,
            0,
            3
          ],
          "cubes": [
            {
              "origin": [
                -24.50505,
                -21.551,
                5.74978
              ],
              "size": [
                9,
                4,
                1
              ],
              "pivot": [
                0,
                0,
                3
              ],
              "rotation": [
                1.54069,
                -0.05087,
                150.84687
              ],
              "uv": [
                21,
                6
              ]
            },
            {
              "origin": [
                -18.50505,
                -28.551,
                5.74978
              ],
              "size": [
                3,
                2,
                1
              ],
              "pivot": [
                0,
                0,
                3
              ],
              "rotation": [
                1.43042,
                -0.5747,
                170.84038
              ],
              "uv": [
                21,
                6
              ]
            },
            {
              "origin": [
                -30.50505,
                -12.551,
                5.74978
              ],
              "size": [
                3,
                2,
                1
              ],
              "pivot": [
                0,
                0,
                3
              ],
              "rotation": [
                1.50138,
                0.34958,
                135.85213
              ],
              "uv": [
                21,
                6
              ]
            }
          ]
        },
        {
          "name": "Wings4",
          "parent": "Body",
          "pivot": [
            0,
            -10,
            3
          ],
          "cubes": [
            {
              "origin": [
                -24.50505,
                -31.551,
                5.74978
              ],
              "size": [
                9,
                4,
                1
              ],
              "pivot": [
                0,
                -10,
                3
              ],
              "rotation": [
                1.54069,
                -0.05087,
                150.84687
              ],
              "uv": [
                21,
                6
              ]
            },
            {
              "origin": [
                -18.50505,
                -38.551,
                5.74978
              ],
              "size": [
                3,
                2,
                1
              ],
              "pivot": [
                0,
                -10,
                3
              ],
              "rotation": [
                1.43042,
                -0.5747,
                170.84038
              ],
              "uv": [
                21,
                6
              ]
            },
            {
              "origin": [
                -30.50505,
                -22.551,
                5.74978
              ],
              "size": [
                3,
                2,
                1
              ],
              "pivot": [
                0,
                -10,
                3
              ],
              "rotation": [
                1.50138,
                0.34958,
                135.85213
              ],
              "uv": [
                21,
                6
              ]
            }
          ]
        },
        {
          "name": "Wings2",
          "parent": "Body",
          "pivot": [
            20,
            33,
            3
          ],
          "rotation": [
            0,
            0,
            -120
          ],
          "cubes": [
            {
              "origin": [
                -4.50505,
                11.449,
                5.74978
              ],
              "size": [
                9,
                4,
                1
              ],
              "pivot": [
                20,
                33,
                3
              ],
              "rotation": [
                1.54069,
                -0.05087,
                150.84687
              ],
              "uv": [
                21,
                6
              ]
            },
            {
              "origin": [
                1.49495,
                4.449,
                5.74978
              ],
              "size": [
                3,
                2,
                1
              ],
              "pivot": [
                20,
                33,
                3
              ],
              "rotation": [
                1.43042,
                -0.5747,
                170.84038
              ],
              "uv": [
                21,
                6
              ]
            },
            {
              "origin": [
                -10.50505,
                20.449,
                5.74978
              ],
              "size": [
                3,
                2,
                1
              ],
              "pivot": [
                20,
                33,
                3
              ],
              "rotation": [
                1.50138,
                0.34958,
                135.85213
              ],
              "uv": [
                21,
                6
              ]
            }
          ]
        },
        {
          "name": "Wings3",
          "parent": "Body",
          "pivot": [
            20,
            23,
            3
          ],
          "rotation": [
            0,
            0,
            -120
          ],
          "cubes": [
            {
              "origin": [
                -4.50505,
                1.449,
                5.74978
              ],
              "size": [
                9,
                4,
                1
              ],
              "pivot": [
                20,
                23,
                3
              ],
              "rotation": [
                1.54069,
                -0.05087,
                150.84687
              ],
              "uv": [
                21,
                6
              ]
            },
            {
              "origin": [
                1.49495,
                -5.551,
                5.74978
              ],
              "size": [
                3,
                2,
                1
              ],
              "pivot": [
                20,
                23,
                3
              ],
              "rotation": [
                1.43042,
                -0.5747,
                170.84038
              ],
              "uv": [
                21,
                6
              ]
            },
            {
              "origin": [
                -10.50505,
                10.449,
                5.74978
              ],
              "size": [
                3,
                2,
                1
              ],
              "pivot": [
                20,
                23,
                3
              ],
              "rotation": [
                1.50138,
                0.34958,
                135.85213
              ],
              "uv": [
                21,
                6
              ]
            }
          ]
        },
        {
          "name": "Fake",
          "parent": "Body",
          "pivot": [
            9,
            3,
            0
          ],
          "rotation": [
            0,
            0,
            -20
          ],
          "cubes": [
            {
              "origin": [
                3,
                29,
                -3
              ],
              "size": [
                1,
                2,
                6
              ],
              "uv": [
                67,
                0
              ]
            },
            {
              "origin": [
                0,
                30,
                -3
              ],
              "size": [
                3,
                1,
                6
              ],
              "uv": [
                0,
                59
              ]
            },
            {
              "origin": [
                1,
                31,
                1
              ],
              "size": [
                1,
                3,
                1
              ],
              "uv": [
                1,
                89
              ]
            },
            {
              "origin": [
                0,
                28,
                -2
              ],
              "size": [
                3,
                2,
                5
              ],
              "uv": [
                63,
                23
              ]
            },
            {
              "origin": [
                -1,
                29,
                -3
              ],
              "size": [
                1,
                2,
                6
              ],
              "uv": [
                0,
                67
              ]
            }
          ]
        },
        {
          "name": "Fake2",
          "parent": "Body",
          "pivot": [
            7,
            -2,
            -1
          ],
          "rotation": [
            0,
            0,
            15
          ],
          "cubes": [
            {
              "origin": [
                1,
                24,
                -3
              ],
              "size": [
                1,
                2,
                6
              ],
              "uv": [
                52,
                66
              ]
            },
            {
              "origin": [
                -2,
                25,
                -3
              ],
              "size": [
                3,
                1,
                6
              ],
              "uv": [
                58,
                58
              ]
            },
            {
              "origin": [
                -1,
                26,
                1
              ],
              "size": [
                1,
                3,
                1
              ],
              "uv": [
                77,
                87
              ]
            },
            {
              "origin": [
                -2,
                23,
                -2
              ],
              "size": [
                3,
                2,
                5
              ],
              "uv": [
                61,
                13
              ]
            },
            {
              "origin": [
                -3,
                24,
                -3
              ],
              "size": [
                1,
                2,
                6
              ],
              "uv": [
                37,
                64
              ]
            }
          ]
        },
        {
          "name": "bone",
          "parent": "Body",
          "pivot": [
            1.9,
            12,
            0
          ],
          "cubes": [
            {
              "origin": [
                0.9,
                14,
                4
              ],
              "size": [
                2,
                9,
                1
              ],
              "uv": [
                14,
                75
              ]
            }
          ]
        },
        {
          "name": "bone2",
          "parent": "Body",
          "pivot": [
            -2.1,
            12,
            0
          ],
          "cubes": [
            {
              "origin": [
                -3.1,
                14,
                4
              ],
              "size": [
                2,
                9,
                1
              ],
              "uv": [
                46,
                74
              ]
            }
          ]
        },
        {
          "name": "RightArm",
          "pivot": [
            -5,
            22,
            0
          ],
          "cubes": [
            {
              "origin": [
                -7,
                9,
                -3.25
              ],
              "size": [
                3,
                8,
                2.75
              ],
              "pivot": [
                0,
                0,
                0
              ],
              "rotation": [
                -6.9423,
                -1.70349,
                0.3288
              ],
              "uv": [
                51,
                53
              ]
            },
            {
              "origin": [
                -7,
                17,
                -2
              ],
              "size": [
                3,
                7,
                4
              ],
              "uv": [
                13,
                53
              ]
            },
            {
              "origin": [
                -6.5,
                6.05989,
                -15.08632
              ],
              "size": [
                2,
                2,
                16
              ],
              "pivot": [
                -5,
                7,
                0
              ],
              "rotation": [
                -5.31847,
                -5.29571,
                -44.75386
              ],
              "uv": [
                0,
                0
              ]
            },
            {
              "origin": [
                -7.5,
                5,
                -20
              ],
              "size": [
                4,
                4,
                4
              ],
              "pivot": [
                0,
                0,
                0
              ],
              "rotation": [
                -7.5,
                0,
                0
              ],
              "uv": [
                0,
                44
              ]
            },
            {
              "origin": [
                -8.5,
                9,
                -20
              ],
              "size": [
                6,
                3,
                4
              ],
              "pivot": [
                0,
                0,
                0
              ],
              "rotation": [
                -7.5,
                0,
                0
              ],
              "uv": [
                83,
                104
              ]
            },
            {
              "origin": [
                -7.5,
                12,
                -20
              ],
              "size": [
                4,
                2,
                4
              ],
              "pivot": [
                0,
                0,
                0
              ],
              "rotation": [
                -7.5,
                0,
                0
              ],
              "uv": [
                84,
                92
              ]
            },
            {
              "origin": [
                -7.5,
                0,
                -20
              ],
              "size": [
                4,
                2,
                4
              ],
              "pivot": [
                0,
                0,
                0
              ],
              "rotation": [
                -7.5,
                0,
                0
              ],
              "uv": [
                84,
                92
              ]
            },
            {
              "origin": [
                -8.5,
                2,
                -20
              ],
              "size": [
                6,
                3,
                4
              ],
              "pivot": [
                0,
                0,
                0
              ],
              "rotation": [
                -7.5,
                0,
                0
              ],
              "uv": [
                83,
                104
              ]
            },
            {
              "origin": [
                -6.5,
                8,
                -2.75
              ],
              "size": [
                2,
                1,
                2
              ],
              "pivot": [
                0,
                0,
                0
              ],
              "rotation": [
                -6.9423,
                -1.70349,
                0.3288
              ],
              "uv": [
                2,
                103
              ]
            }
          ]
        },
        {
          "name": "LeftArm",
          "pivot": [
            5,
            22,
            0
          ],
          "cubes": [
            {
              "origin": [
                4.25,
                8,
                -2.75
              ],
              "size": [
                2,
                1,
                2
              ],
              "pivot": [
                0,
                0,
                0
              ],
              "rotation": [
                -6.9423,
                -1.70349,
                0.3288
              ],
              "uv": [
                2,
                103
              ]
            },
            {
              "origin": [
                4.25,
                8,
                -2.75
              ],
              "size": [
                2,
                1,
                2
              ],
              "pivot": [
                0,
                0,
                0
              ],
              "rotation": [
                -6.9423,
                -1.70349,
                0.3288
              ],
              "uv": [
                2,
                103
              ]
            },
            {
              "origin": [
                6,
                16,
                -3
              ],
              "size": [
                2,
                1,
                1
              ],
              "pivot": [
                0,
                0,
                0
              ],
              "rotation": [
                -6.9423,
                -1.70349,
                0.3288
              ],
              "uv": [
                34,
                45
              ]
            },
            {
              "origin": [
                8,
                12,
                -4
              ],
              "size": [
                3,
                5,
                4
              ],
              "pivot": [
                0,
                0,
                0
              ],
              "rotation": [
                -6.9423,
                -1.70349,
                0.3288
              ],
              "uv": [
                0,
                0
              ]
            },
            {
              "origin": [
                6,
                16,
                -1
              ],
              "size": [
                2,
                1,
                1
              ],
              "pivot": [
                0,
                0,
                0
              ],
              "rotation": [
                -6.9423,
                -1.70349,
                0.3288
              ],
              "uv": [
                44,
                32
              ]
            },
            {
              "origin": [
                6,
                12,
                -3
              ],
              "size": [
                2,
                1,
                1
              ],
              "pivot": [
                0,
                0,
                0
              ],
              "rotation": [
                -6.9423,
                -1.70349,
                0.3288
              ],
              "uv": [
                28,
                35
              ]
            },
            {
              "origin": [
                6,
                12,
                -1
              ],
              "size": [
                2,
                1,
                1
              ],
              "pivot": [
                0,
                0,
                0
              ],
              "rotation": [
                -6.9423,
                -1.70349,
                0.3288
              ],
              "uv": [
                11,
                0
              ]
            },
            {
              "origin": [
                3.75,
                9,
                -3.25
              ],
              "size": [
                3,
                8,
                2.75
              ],
              "pivot": [
                0,
                0,
                0
              ],
              "rotation": [
                -6.9423,
                -1.70349,
                0.3288
              ],
              "uv": [
                51,
                53
              ],
              "mirror": true
            },
            {
              "origin": [
                4,
                17,
                -2
              ],
              "size": [
                3,
                7,
                4
              ],
              "uv": [
                13,
                53
              ]
            }
          ]
        },
        {
          "name": "bone3",
          "parent": "LeftArm",
          "pivot": [
            0,
            0,
            0
          ]
        },
        {
          "name": "bone4",
          "parent": "bone3",
          "pivot": [
            0,
            0,
            0
          ],
          "cubes": [
            {
              "origin": [
                8.5,
                10,
                -3
              ],
              "size": [
                2,
                2,
                2
              ],
              "pivot": [
                0,
                0,
                0
              ],
              "rotation": [
                -6.9423,
                -1.70349,
                0.3288
              ],
              "uv": [
                2,
                2
              ]
            },
            {
              "origin": [
                8.85,
                9,
                -2.5
              ],
              "size": [
                1.25,
                1,
                1.25
              ],
              "pivot": [
                0,
                0,
                0
              ],
              "rotation": [
                -6.9423,
                -1.70349,
                0.3288
              ],
              "uv": [
                3,
                3
              ]
            },
            {
              "origin": [
                9,
                7,
                -2.35
              ],
              "size": [
                1,
                2,
                1
              ],
              "pivot": [
                0,
                0,
                0
              ],
              "rotation": [
                -6.9423,
                -1.70349,
                0.3288
              ],
              "uv": [
                101,
                14
              ]
            }
          ]
        },
        {
          "name": "RightLeg",
          "pivot": [
            -1.9,
            12,
            0
          ],
          "cubes": [
            {
              "origin": [
                -3,
                1,
                -2.5
              ],
              "size": [
                2.75,
                6.25,
                4
              ],
              "uv": [
                61,
                40
              ]
            },
            {
              "origin": [
                -3,
                7,
                -3
              ],
              "size": [
                2.75,
                5,
                4
              ],
              "pivot": [
                0,
                0,
                0
              ],
              "rotation": [
                -5,
                0,
                0
              ],
              "uv": [
                70,
                48
              ]
            }
          ]
        },
        {
          "name": "LeftLeg",
          "pivot": [
            1.9,
            12,
            0
          ],
          "cubes": [
            {
              "origin": [
                0,
                0,
                -4.5
              ],
              "size": [
                2.75,
                1.25,
                6
              ],
              "uv": [
                67,
                92
              ]
            },
            {
              "origin": [
                -3,
                0,
                -4.5
              ],
              "size": [
                2.75,
                1.25,
                6
              ],
              "uv": [
                67,
                92
              ]
            },
            {
              "origin": [
                0,
                1,
                -2.5
              ],
              "size": [
                2.75,
                6.25,
                4
              ],
              "uv": [
                24,
                61
              ]
            },
            {
              "origin": [
                0,
                7,
                -3
              ],
              "size": [
                2.75,
                5,
                4
              ],
              "pivot": [
                0,
                0,
                0
              ],
              "rotation": [
                -5,
                0,
                0
              ],
              "uv": [
                67,
                66
              ]
            }
          ]
        },
        {
          "name": "Head",
          "pivot": [
            0,
            24,
            0
          ],
          "cubes": [
            {
              "origin": [
                1.5,
                25,
                -7
              ],
              "size": [
                1,
                3,
                8
              ],
              "uv": [
                33,
                27
              ]
            },
            {
              "origin": [
                -2.5,
                25,
                -7
              ],
              "size": [
                1,
                3,
                8
              ],
              "uv": [
                29,
                12
              ]
            },
            {
              "origin": [
                -4.5,
                25,
                -5
              ],
              "size": [
                2,
                2,
                4
              ],
              "uv": [
                32,
                106
              ]
            },
            {
              "origin": [
                -4,
                27,
                -2
              ],
              "size": [
                1,
                2,
                1
              ],
              "uv": [
                56,
                93
              ]
            },
            {
              "origin": [
                3,
                27,
                -2
              ],
              "size": [
                1,
                2,
                1
              ],
              "uv": [
                85,
                79
              ]
            },
            {
              "origin": [
                3,
                25.5,
                -6
              ],
              "size": [
                1,
                1,
                1
              ],
              "uv": [
                93,
                12
              ]
            },
            {
              "origin": [
                -4,
                25.5,
                -6
              ],
              "size": [
                1,
                1,
                1
              ],
              "uv": [
                61,
                116
              ]
            },
            {
              "origin": [
                2.5,
                25,
                -5
              ],
              "size": [
                2,
                2,
                4
              ],
              "uv": [
                66,
                83
              ]
            },
            {
              "origin": [
                27,
                -1.5,
                -7
              ],
              "size": [
                1,
                3,
                8
              ],
              "pivot": [
                0,
                0,
                0
              ],
              "rotation": [
                0,
                0,
                -90
              ],
              "uv": [
                0,
                31
              ]
            },
            {
              "origin": [
                24,
                -0.5,
                1
              ],
              "size": [
                7,
                1,
                1
              ],
              "pivot": [
                0,
                0,
                0
              ],
              "rotation": [
                0,
                0,
                -90
              ],
              "uv": [
                11,
                35
              ]
            },
            {
              "origin": [
                20.15064,
                -16.13397,
                1
              ],
              "size": [
                5,
                1,
                1
              ],
              "pivot": [
                0,
                0,
                0
              ],
              "rotation": [
                0,
                0,
                -120
              ],
              "uv": [
                94,
                33
              ]
            },
            {
              "origin": [
                20.71352,
                13.93073,
                1
              ],
              "size": [
                5,
                1,
                1
              ],
              "pivot": [
                0,
                0,
                0
              ],
              "rotation": [
                0,
                0,
                -62.5
              ],
              "uv": [
                94,
                24
              ]
            },
            {
              "origin": [
                -1.5,
                24,
                -6
              ],
              "size": [
                3,
                3,
                7
              ],
              "uv": [
                18,
                24
              ]
            },
            {
              "origin": [
                -1,
                24.5,
                -6.75
              ],
              "size": [
                2,
                2,
                1
              ],
              "uv": [
                11,
                31
              ]
            }
          ]
        },
        {
          "name": "Head3",
          "parent": "Head",
          "pivot": [
            16,
            21,
            3
          ],
          "rotation": [
            0,
            -15,
            0
          ]
        },
        {
          "name": "Head2",
          "parent": "Head",
          "pivot": [
            8,
            21,
            0
          ]
        }
      ]
    }
  ]
}