{
  "format_version": "1.12.0",
  "minecraft:geometry": [
    {
      "description": {
        "identifier": "geometry.seb_tv_woman",
        "texture_width": 64,
        "texture_height": 64,
        "visible_bounds_width": 2,
        "visible_bounds_height": 3.5,
        "visible_bounds_offset": [
          0,
          1.25,
          0
        ]
      },
      "bones": [
        {
          "name": "LeftLeg",
          "pivot": [
            2,
            12,
            2
          ],
          "cubes": [
            {
              "origin": [
                0.5,
                6,
                0.5
              ],
              "size": [
                1.5,
                7,
                2
              ],
              "pivot": [
                0,
                0,
                0
              ],
              "rotation": [
                -5,
                0,
                0
              ],
              "uv": [
                20,
                20
              ]
            },
            {
              "origin": [
                0.5,
                0,
                1
              ],
              "size": [
                1.5,
                6,
                2
              ],
              "uv": [
                27,
                20
              ]
            }
          ]
        },
        {
          "name": "Body",
          "pivot": [
            0,
            22,
            0
          ],
          "rotation": [
            5,
            0,
            0
          ],
          "cubes": [
            {
              "origin": [
                -2.5,
                16,
                0
              ],
              "size": [
                5,
                6,
                3.5
              ],
              "uv": [
                0,
                9
              ]
            },
            {
              "origin": [
                -2,
                12,
                0.25
              ],
              "size": [
                4,
                4,
                2.25
              ],
              "pivot": [
                0,
                12,
                2
              ],
              "rotation": [
                -4.99841,
                0.087,
                0.08785
              ],
              "uv": [
                17,
                7
              ]
            },
            {
              "origin": [
                -2,
                8.11977,
                3.75
              ],
              "size": [
                4,
                5,
                0
              ],
              "pivot": [
                -1,
                14,
                0
              ],
              "rotation": [
                9.68009,
                0.03888,
                0.74958
              ],
              "uv": [
                19,
                0
              ]
            },
            {
              "origin": [
                -4.5,
                9.11977,
                -1
              ],
              "size": [
                3,
                5.5,
                0
              ],
              "pivot": [
                -1,
                14,
                0
              ],
              "rotation": [
                -129.49191,
                82.75693,
                -116.74157
              ],
              "uv": [
                32,
                29
              ]
            },
            {
              "origin": [
                -4.5,
                8.11977,
                2.8
              ],
              "size": [
                3,
                4.5,
                0
              ],
              "pivot": [
                -1,
                14,
                0
              ],
              "rotation": [
                -76.59087,
                82.82273,
                -90.932
              ],
              "uv": [
                0,
                34
              ]
            },
            {
              "origin": [
                -2,
                9.11977,
                0.5
              ],
              "size": [
                4,
                5,
                0
              ],
              "pivot": [
                -1,
                14,
                0
              ],
              "rotation": [
                -17.5,
                0,
                0
              ],
              "uv": [
                14,
                30
              ]
            }
          ]
        },
        {
          "name": "Heheha",
          "pivot": [
            3,
            22,
            2
          ],
          "rotation": [
            22.5,
            0,
            0
          ],
          "cubes": [
            {
              "origin": [
                2.5,
                16,
                0.5
              ],
              "size": [
                1.5,
                6,
                2
              ],
              "uv": [
                30,
                9
              ]
            },
            {
              "origin": [
                2.5,
                10.24308,
                0.27837
              ],
              "size": [
                1.5,
                6,
                2
              ],
              "pivot": [
                3,
                16,
                0
              ],
              "rotation": [
                -7.40702,
                6.73717,
                42.06341
              ],
              "uv": [
                25,
                29
              ]
            }
          ]
        },
        {
          "name": "Nice",
          "pivot": [
            -2,
            22,
            2
          ],
          "rotation": [
            22.5,
            0,
            0
          ],
          "cubes": [
            {
              "origin": [
                -4,
                16,
                0.5
              ],
              "size": [
                1.5,
                6,
                2
              ],
              "uv": [
                7,
                28
              ]
            },
            {
              "origin": [
                -4,
                11.25827,
                0.45202
              ],
              "size": [
                1.5,
                6,
                2
              ],
              "pivot": [
                -2,
                17,
                0
              ],
              "rotation": [
                -8.21888,
                -5.71617,
                -34.58897
              ],
              "uv": [
                28,
                0
              ]
            }
          ]
        },
        {
          "name": "RightLeg",
          "pivot": [
            -1,
            12,
            2
          ],
          "cubes": [
            {
              "origin": [
                -1.75,
                0,
                0.4
              ],
              "size": [
                1.5,
                6,
                2
              ],
              "uv": [
                18,
                26
              ]
            },
            {
              "origin": [
                -2,
                0,
                1
              ],
              "size": [
                1.5,
                6,
                2
              ],
              "uv": [
                0,
                25
              ]
            },
            {
              "origin": [
                -2,
                6,
                0.5
              ],
              "size": [
                1.5,
                7,
                2
              ],
              "pivot": [
                0,
                0,
                0
              ],
              "rotation": [
                -5,
                0,
                0
              ],
              "uv": [
                13,
                20
              ]
            }
          ]
        },
        {
          "name": "Head",
          "pivot": [
            0,
            22,
            2
          ],
          "cubes": [
            {
              "origin": [
                -3.25,
                22,
                -1
              ],
              "size": [
                6.5,
                5,
                3
              ],
              "uv": [
                0,
                0
              ]
            },
            {
              "origin": [
                -3,
                27,
                0.5
              ],
              "size": [
                6,
                5,
                0
              ],
              "uv": [
                17,
                14
              ]
            },
            {
              "origin": [
                -2,
                22,
                2
              ],
              "size": [
                4,
                3,
                2
              ],
              "uv": [
                0,
                19
              ]
            }
          ]
        },
        {
          "name": "Ok",
          "parent": "Head",
          "pivot": [
            0,
            0,
            0
          ],
          "cubes": [
            {
              "origin": [
                -3.25,
                22,
                0
              ],
              "size": [
                6.5,
                5,
                0
              ],
              "uv": [
                3,
                46
              ]
            }
          ]
        }
      ]
    }
  ]
}