{
  "format_version": "1.12.0",
  "minecraft:geometry": [
    {
      "description": {
        "identifier": "geometry.seb_triplet_skibidi_toilet",
        "texture_width": 64,
        "texture_height": 64,
        "visible_bounds_width": 4,
        "visible_bounds_height": 11,
        "visible_bounds_offset": [
          0,
          4.5,
          0
        ]
      },
      "bones": [
        {
          "name": "Head",
          "pivot": [
            0,
            31,
            14
          ],
          "cubes": [
            {
              "origin": [
                -4,
                29,
                8
              ],
              "size": [
                8,
                8,
                8
              ],
              "pivot": [
                0,
                0,
                40
              ],
              "rotation": [
                -5,
                0,
                0
              ],
              "uv": [
                0,
                0
              ]
            },
            {
              "origin": [
                -1,
                40,
                0
              ],
              "size": [
                2,
                1,
                1
              ],
              "pivot": [
                -1,
                0,
                -2
              ],
              "rotation": [
                -84.57749,
                -73.6976,
                84.86986
              ],
              "uv": [
                1,
                1
              ]
            },
            {
              "origin": [
                -1,
                40,
                -6
              ],
              "size": [
                2,
                1,
                1
              ],
              "pivot": [
                -1,
                0,
                -2
              ],
              "rotation": [
                -84.57749,
                -73.6976,
                84.86986
              ],
              "uv": [
                1,
                1
              ]
            }
          ]
        },
        {
          "name": "Model3",
          "pivot": [
            8,
            24,
            0
          ],
          "cubes": [
            {
              "origin": [
                0,
                14,
                4
              ],
              "size": [
                16,
                16,
                3
              ],
              "uv": [
                26,
                29
              ]
            },
            {
              "origin": [
                0,
                14,
                -10
              ],
              "size": [
                3,
                1,
                14
              ],
              "uv": [
                12,
                33
              ]
            },
            {
              "origin": [
                13,
                14,
                -10
              ],
              "size": [
                3,
                1,
                14
              ],
              "uv": [
                18,
                33
              ]
            },
            {
              "origin": [
                -2,
                14,
                -5
              ],
              "size": [
                3,
                1,
                10
              ],
              "pivot": [
                8,
                24,
                0
              ],
              "rotation": [
                0,
                -90,
                0
              ],
              "uv": [
                38,
                19
              ]
            },
            {
              "origin": [
                1,
                27,
                3
              ],
              "size": [
                3,
                1,
                1
              ],
              "uv": [
                54,
                1
              ]
            },
            {
              "origin": [
                6,
                14,
                -5
              ],
              "size": [
                4,
                6,
                4
              ],
              "pivot": [
                8,
                24,
                0
              ],
              "rotation": [
                10,
                0,
                0
              ],
              "uv": [
                48,
                55
              ]
            }
          ]
        },
        {
          "name": "Model6",
          "pivot": [
            7,
            0,
            15
          ],
          "rotation": [
            0,
            -90,
            0
          ],
          "cubes": [
            {
              "origin": [
                -1,
                12,
                14
              ],
              "size": [
                17,
                2,
                16
              ],
              "uv": [
                0,
                16
              ]
            },
            {
              "origin": [
                2,
                9,
                16
              ],
              "size": [
                11,
                3,
                11
              ],
              "uv": [
                11,
                41
              ]
            },
            {
              "origin": [
                5,
                2,
                17
              ],
              "size": [
                6,
                7,
                9
              ],
              "uv": [
                1,
                43
              ]
            },
            {
              "origin": [
                3,
                0,
                16
              ],
              "size": [
                10,
                2,
                11
              ],
              "uv": [
                5,
                40
              ]
            }
          ]
        },
        {
          "name": "Head2",
          "pivot": [
            8,
            18,
            -2
          ],
          "cubes": [
            {
              "origin": [
                4,
                18,
                -8
              ],
              "size": [
                8,
                8,
                8
              ],
              "pivot": [
                8,
                0,
                0
              ],
              "rotation": [
                -5,
                0,
                0
              ],
              "uv": [
                0,
                0
              ]
            }
          ]
        },
        {
          "name": "Model",
          "pivot": [
            -1,
            0,
            -2
          ],
          "rotation": [
            0,
            -90,
            0
          ],
          "cubes": [
            {
              "origin": [
                -9,
                12,
                -3
              ],
              "size": [
                17,
                2,
                16
              ],
              "uv": [
                0,
                16
              ]
            },
            {
              "origin": [
                -6,
                9,
                -1
              ],
              "size": [
                11,
                3,
                11
              ],
              "uv": [
                11,
                41
              ]
            },
            {
              "origin": [
                -3,
                2,
                0
              ],
              "size": [
                6,
                7,
                9
              ],
              "uv": [
                1,
                43
              ]
            },
            {
              "origin": [
                -5,
                0,
                -1
              ],
              "size": [
                10,
                2,
                11
              ],
              "uv": [
                5,
                40
              ]
            }
          ]
        },
        {
          "name": "Model4",
          "pivot": [
            15,
            0,
            -2
          ],
          "rotation": [
            0,
            -90,
            0
          ],
          "cubes": [
            {
              "origin": [
                7,
                12,
                -3
              ],
              "size": [
                17,
                2,
                16
              ],
              "uv": [
                0,
                16
              ]
            },
            {
              "origin": [
                10,
                9,
                -1
              ],
              "size": [
                11,
                3,
                11
              ],
              "uv": [
                11,
                41
              ]
            },
            {
              "origin": [
                13,
                2,
                0
              ],
              "size": [
                6,
                7,
                9
              ],
              "uv": [
                1,
                43
              ]
            },
            {
              "origin": [
                11,
                0,
                -1
              ],
              "size": [
                10,
                2,
                11
              ],
              "uv": [
                5,
                40
              ]
            }
          ]
        },
        {
          "name": "Head3",
          "pivot": [
            -8,
            18,
            -2
          ],
          "cubes": [
            {
              "origin": [
                -12,
                18,
                -8
              ],
              "size": [
                8,
                8,
                8
              ],
              "pivot": [
                -8,
                0,
                0
              ],
              "rotation": [
                -5,
                0,
                0
              ],
              "uv": [
                0,
                0
              ]
            }
          ]
        },
        {
          "name": "Model5",
          "pivot": [
            0,
            24,
            14
          ],
          "rotation": [
            0,
            180,
            0
          ],
          "cubes": [
            {
              "origin": [
                -8,
                14,
                18
              ],
              "size": [
                16,
                16,
                3
              ],
              "uv": [
                26,
                29
              ]
            },
            {
              "origin": [
                -8,
                14,
                4
              ],
              "size": [
                3,
                1,
                14
              ],
              "uv": [
                12,
                33
              ]
            },
            {
              "origin": [
                5,
                14,
                4
              ],
              "size": [
                3,
                1,
                14
              ],
              "uv": [
                18,
                33
              ]
            },
            {
              "origin": [
                -10,
                14,
                9
              ],
              "size": [
                3,
                1,
                10
              ],
              "pivot": [
                0,
                24,
                14
              ],
              "rotation": [
                0,
                -90,
                0
              ],
              "uv": [
                38,
                14
              ]
            },
            {
              "origin": [
                -7,
                27,
                17
              ],
              "size": [
                3,
                1,
                1
              ],
              "uv": [
                54,
                1
              ]
            },
            {
              "origin": [
                -3,
                13,
                11
              ],
              "size": [
                6,
                19,
                5
              ],
              "uv": [
                47,
                54
              ]
            }
          ]
        },
        {
          "name": "Model2",
          "pivot": [
            -8,
            24,
            0
          ],
          "cubes": [
            {
              "origin": [
                -16,
                14,
                4
              ],
              "size": [
                16,
                16,
                3
              ],
              "uv": [
                26,
                29
              ]
            },
            {
              "origin": [
                -16,
                14,
                -10
              ],
              "size": [
                3,
                1,
                14
              ],
              "uv": [
                12,
                33
              ]
            },
            {
              "origin": [
                -3,
                14,
                -10
              ],
              "size": [
                3,
                1,
                14
              ],
              "uv": [
                18,
                33
              ]
            },
            {
              "origin": [
                -18,
                14,
                -5
              ],
              "size": [
                3,
                1,
                10
              ],
              "pivot": [
                -8,
                24,
                0
              ],
              "rotation": [
                0,
                -90,
                0
              ],
              "uv": [
                33,
                10
              ]
            },
            {
              "origin": [
                -15,
                27,
                3
              ],
              "size": [
                3,
                1,
                1
              ],
              "uv": [
                54,
                1
              ]
            },
            {
              "origin": [
                -10,
                14,
                -5
              ],
              "size": [
                4,
                6,
                4
              ],
              "pivot": [
                -8,
                24,
                0
              ],
              "rotation": [
                10,
                0,
                0
              ],
              "uv": [
                48,
                55
              ]
            }
          ]
        }
      ]
    }
  ]
}