{
  "format_version": "1.12.0",
  "minecraft:geometry": [
    {
      "description": {
        "identifier": "geometry.seb_cameraman",
        "texture_width": 64,
        "texture_height": 64,
        "visible_bounds_width": 2,
        "visible_bounds_height": 3.5,
        "visible_bounds_offset": [
          0,
          1.25,
          0
        ]
      },
      "bones": [
        {
          "name": "LeftLeg",
          "pivot": [
            2,
            12,
            2
          ],
          "cubes": [
            {
              "origin": [
                1,
                6,
                0
              ],
              "size": [
                2,
                6,
                2
              ],
              "pivot": [
                0,
                0,
                0
              ],
              "rotation": [
                -5,
                0,
                0
              ],
              "uv": [
                28,
                0
              ]
            },
            {
              "origin": [
                1,
                0,
                0.5
              ],
              "size": [
                2,
                6,
                2
              ],
              "uv": [
                27,
                26
              ]
            }
          ]
        },
        {
          "name": "Body",
          "pivot": [
            0,
            22,
            0
          ],
          "cubes": [
            {
              "origin": [
                -2.5,
                16,
                0
              ],
              "size": [
                6,
                6,
                3.5
              ],
              "uv": [
                0,
                0
              ]
            },
            {
              "origin": [
                -2,
                12,
                0.75
              ],
              "size": [
                5,
                4,
                2.25
              ],
              "uv": [
                15,
                10
              ]
            }
          ]
        },
        {
          "name": "LeftArm",
          "pivot": [
            3,
            21,
            2
          ],
          "cubes": [
            {
              "origin": [
                3.5,
                16,
                0.5
              ],
              "size": [
                2,
                6,
                2
              ],
              "uv": [
                19,
                0
              ]
            }
          ]
        },
        {
          "name": "LowerLeftArm",
          "parent": "LeftArm",
          "pivot": [
            4,
            16,
            2
          ],
          "cubes": [
            {
              "origin": [
                3.5,
                10,
                -2.5
              ],
              "size": [
                2,
                6,
                2
              ],
              "pivot": [
                0,
                0,
                0
              ],
              "rotation": [
                -10,
                0,
                0
              ],
              "uv": [
                13,
                17
              ]
            }
          ]
        },
        {
          "name": "RightArm",
          "pivot": [
            -2,
            21,
            2
          ],
          "cubes": [
            {
              "origin": [
                -4.5,
                16,
                0.5
              ],
              "size": [
                2,
                6,
                2
              ],
              "uv": [
                0,
                23
              ]
            }
          ]
        },
        {
          "name": "LoweRightArm",
          "parent": "RightArm",
          "pivot": [
            -4,
            16,
            2
          ],
          "cubes": [
            {
              "origin": [
                -4.5,
                10,
                -2.5
              ],
              "size": [
                2,
                6,
                2
              ],
              "pivot": [
                0,
                0,
                0
              ],
              "rotation": [
                -10,
                0,
                0
              ],
              "uv": [
                22,
                17
              ]
            }
          ]
        },
        {
          "name": "RightLeg",
          "pivot": [
            -1,
            12,
            2
          ],
          "cubes": [
            {
              "origin": [
                -2,
                6,
                0
              ],
              "size": [
                2,
                6,
                2
              ],
              "pivot": [
                0,
                0,
                0
              ],
              "rotation": [
                -5,
                0,
                0
              ],
              "uv": [
                18,
                26
              ]
            },
            {
              "origin": [
                -2,
                0,
                0.5
              ],
              "size": [
                2,
                6,
                2
              ],
              "uv": [
                9,
                26
              ]
            }
          ]
        },
        {
          "name": "Head",
          "pivot": [
            0,
            22,
            2
          ],
          "cubes": [
            {
              "origin": [
                -0.9999,
                25,
                -2
              ],
              "size": [
                2.9999,
                1,
                4.25
              ],
              "uv": [
                0,
                17
              ]
            },
            {
              "origin": [
                -2,
                22,
                -0.5
              ],
              "size": [
                1,
                2,
                2
              ],
              "uv": [
                0,
                32
              ]
            },
            {
              "origin": [
                -1,
                22,
                -0.5
              ],
              "size": [
                1,
                1,
                2
              ],
              "uv": [
                5,
                33
              ]
            },
            {
              "origin": [
                2,
                24,
                -2
              ],
              "size": [
                1,
                2,
                4.25
              ],
              "uv": [
                30,
                9
              ]
            },
            {
              "origin": [
                -2,
                24,
                -2
              ],
              "size": [
                1,
                2,
                4.25
              ],
              "uv": [
                31,
                16
              ]
            },
            {
              "origin": [
                -1,
                23,
                -1
              ],
              "size": [
                3,
                2,
                4
              ],
              "uv": [
                0,
                10
              ]
            },
            {
              "origin": [
                0,
                22,
                1
              ],
              "size": [
                1,
                1,
                1
              ],
              "uv": [
                28,
                9
              ]
            }
          ]
        }
      ]
    }
  ]
}