{
  "format_version": "1.12.0",
  "minecraft:geometry": [
    {
      "description": {
        "identifier": "geometry.seb_glitched_skibidi_toilet",
        "texture_width": 256,
        "texture_height": 256,
        "visible_bounds_width": 3,
        "visible_bounds_height": 10.5,
        "visible_bounds_offset": [
          0,
          4.75,
          0
        ]
      },
      "bones": [
        {
          "name": "Model",
          "pivot": [
            7,
            1,
            -2
          ],
          "rotation": [
            0,
            -90,
            0
          ],
          "cubes": [
            {
              "origin": [
                -1,
                13,
                -3
              ],
              "size": [
                17,
                2,
                16
              ],
              "uv": [
                0,
                16
              ]
            },
            {
              "origin": [
                14,
                14,
                13
              ],
              "size": [
                2,
                1,
                7.75
              ],
              "uv": [
                77,
                13
              ]
            },
            {
              "origin": [
                14,
                14,
                -10.75
              ],
              "size": [
                2,
                1,
                7.75
              ],
              "uv": [
                77,
                13
              ]
            },
            {
              "origin": [
                14,
                12,
                20
              ],
              "size": [
                2,
                4,
                1
              ],
              "uv": [
                83,
                19
              ]
            },
            {
              "origin": [
                14,
                12,
                -11
              ],
              "size": [
                2,
                4,
                1
              ],
              "uv": [
                83,
                19
              ]
            },
            {
              "origin": [
                14,
                11,
                9
              ],
              "size": [
                2,
                1,
                12
              ],
              "pivot": [
                15,
                11,
                13
              ],
              "rotation": [
                15,
                0,
                0
              ],
              "uv": [
                74,
                8
              ]
            },
            {
              "origin": [
                14,
                15,
                24
              ],
              "size": [
                2,
                1,
                11
              ],
              "pivot": [
                15,
                11,
                13
              ],
              "rotation": [
                160,
                0,
                0
              ],
              "uv": [
                75,
                9
              ]
            },
            {
              "origin": [
                2,
                10,
                -1
              ],
              "size": [
                11,
                3,
                11
              ],
              "uv": [
                11,
                41
              ]
            },
            {
              "origin": [
                5,
                3,
                0
              ],
              "size": [
                6,
                7,
                9
              ],
              "uv": [
                1,
                43
              ]
            },
            {
              "origin": [
                2,
                -1,
                -1
              ],
              "size": [
                1,
                19,
                11
              ],
              "pivot": [
                0,
                0,
                0
              ],
              "rotation": [
                0,
                0,
                -15
              ],
              "uv": [
                0,
                72
              ]
            },
            {
              "origin": [
                0,
                -1,
                2
              ],
              "size": [
                1,
                19,
                11
              ],
              "pivot": [
                0,
                0,
                0
              ],
              "rotation": [
                86.84606,
                77.32729,
                87.3346
              ],
              "uv": [
                0,
                72
              ]
            },
            {
              "origin": [
                -11,
                1.75,
                2
              ],
              "size": [
                1,
                19,
                11
              ],
              "pivot": [
                0,
                0,
                0
              ],
              "rotation": [
                -85.96211,
                80.13012,
                -85.60982
              ],
              "uv": [
                0,
                72
              ]
            },
            {
              "origin": [
                3,
                1,
                -1
              ],
              "size": [
                10,
                2,
                11
              ],
              "uv": [
                5,
                40
              ]
            }
          ]
        },
        {
          "name": "bone2",
          "parent": "Model",
          "pivot": [
            0,
            0,
            0
          ]
        },
        {
          "name": "bone",
          "parent": "bone2",
          "pivot": [
            0,
            0,
            0
          ]
        },
        {
          "name": "Model2",
          "pivot": [
            0,
            25,
            0
          ],
          "cubes": [
            {
              "origin": [
                -8,
                15,
                4
              ],
              "size": [
                16,
                16,
                3
              ],
              "uv": [
                26,
                29
              ]
            },
            {
              "origin": [
                -8,
                31,
                4.5
              ],
              "size": [
                16,
                4,
                2
              ],
              "uv": [
                23,
                75
              ]
            },
            {
              "origin": [
                -8,
                15,
                -10
              ],
              "size": [
                3,
                1,
                14
              ],
              "uv": [
                12,
                33
              ]
            },
            {
              "origin": [
                5,
                15,
                -10
              ],
              "size": [
                3,
                1,
                14
              ],
              "uv": [
                26,
                19
              ]
            },
            {
              "origin": [
                -10,
                15,
                -5
              ],
              "size": [
                3,
                1,
                10
              ],
              "pivot": [
                0,
                25,
                0
              ],
              "rotation": [
                0,
                -90,
                0
              ],
              "uv": [
                -8,
                -8
              ]
            },
            {
              "origin": [
                -2,
                14,
                -5
              ],
              "size": [
                4,
                7,
                4
              ],
              "pivot": [
                0,
                25,
                0
              ],
              "rotation": [
                10,
                0,
                0
              ],
              "uv": [
                84,
                104
              ]
            }
          ]
        },
        {
          "name": "Head",
          "pivot": [
            0,
            19,
            -2
          ],
          "rotation": [
            7.01082,
            3.84097,
            -14.51082
          ],
          "cubes": [
            {
              "origin": [
                -4,
                20,
                -8
              ],
              "size": [
                8,
                8,
                8
              ],
              "pivot": [
                0,
                1,
                0
              ],
              "rotation": [
                -5,
                0,
                0
              ],
              "uv": [
                0,
                0
              ]
            }
          ]
        }
      ]
    }
  ]
}