{
  "format_version": "1.12.0",
  "minecraft:geometry": [
    {
      "description": {
        "identifier": "geometry.seb_laser_tank",
        "texture_width": 128,
        "texture_height": 128,
        "visible_bounds_width": 3,
        "visible_bounds_height": 3.5,
        "visible_bounds_offset": [
          0,
          1.25,
          0
        ]
      },
      "bones": [
        {
          "name": "bb_main",
          "pivot": [
            0,
            0,
            0
          ],
          "cubes": [
            {
              "origin": [
                -4,
                9,
                -7
              ],
              "size": [
                8,
                6,
                21
              ],
              "uv": [
                0,
                40
              ]
            },
            {
              "origin": [
                -8,
                7,
                -7
              ],
              "size": [
                4,
                7,
                21
              ],
              "uv": [
                78,
                100
              ]
            },
            {
              "origin": [
                4,
                7,
                -7
              ],
              "size": [
                4,
                7,
                21
              ],
              "uv": [
                78,
                100
              ]
            },
            {
              "origin": [
                -4,
                7,
                -7
              ],
              "size": [
                10,
                2,
                21
              ],
              "uv": [
                29,
                16
              ]
            },
            {
              "origin": [
                -14,
                7,
                -18
              ],
              "size": [
                4,
                2,
                11
              ],
              "uv": [
                64,
                58
              ]
            },
            {
              "origin": [
                10,
                7,
                -18
              ],
              "size": [
                4,
                2,
                11
              ],
              "uv": [
                0,
                18
              ]
            },
            {
              "origin": [
                -14,
                4,
                -9
              ],
              "size": [
                4,
                3,
                2
              ],
              "uv": [
                93,
                45
              ]
            },
            {
              "origin": [
                10,
                4,
                -9
              ],
              "size": [
                4,
                3,
                2
              ],
              "uv": [
                69,
                72
              ]
            },
            {
              "origin": [
                -14,
                3,
                -18
              ],
              "size": [
                4,
                4,
                2
              ],
              "uv": [
                63,
                51
              ]
            },
            {
              "origin": [
                10,
                3,
                -18
              ],
              "size": [
                4,
                4,
                2
              ],
              "uv": [
                0,
                97
              ]
            },
            {
              "origin": [
                -10,
                -3,
                -19
              ],
              "size": [
                8,
                6,
                2
              ],
              "pivot": [
                0,
                0,
                0
              ],
              "rotation": [
                -17.5,
                0,
                0
              ],
              "uv": [
                53,
                84
              ]
            },
            {
              "origin": [
                2,
                -3,
                -19
              ],
              "size": [
                8,
                6,
                2
              ],
              "pivot": [
                0,
                0,
                0
              ],
              "rotation": [
                -17.5,
                0,
                0
              ],
              "uv": [
                84,
                51
              ]
            },
            {
              "origin": [
                -2,
                3,
                -19
              ],
              "size": [
                4,
                5,
                2
              ],
              "uv": [
                20,
                18
              ]
            },
            {
              "origin": [
                -1,
                15,
                0
              ],
              "size": [
                2,
                2,
                2
              ],
              "uv": [
                12,
                40
              ]
            }
          ]
        },
        {
          "name": "bone",
          "pivot": [
            0,
            0,
            0
          ],
          "cubes": [
            {
              "origin": [
                -10,
                4,
                -16
              ],
              "size": [
                20,
                5,
                9
              ],
              "uv": [
                25,
                25
              ]
            },
            {
              "origin": [
                -8,
                4,
                -7
              ],
              "size": [
                16,
                3,
                20
              ],
              "uv": [
                14,
                14
              ]
            },
            {
              "origin": [
                -4,
                15,
                6
              ],
              "size": [
                8,
                9,
                4
              ],
              "uv": [
                27,
                68
              ]
            },
            {
              "origin": [
                -5,
                3,
                -21
              ],
              "size": [
                4,
                11,
                4
              ],
              "pivot": [
                0,
                0,
                0
              ],
              "rotation": [
                -77.20638,
                -12.19908,
                -2.74715
              ],
              "uv": [
                36,
                82
              ]
            },
            {
              "origin": [
                1,
                3,
                -21
              ],
              "size": [
                4,
                11,
                4
              ],
              "pivot": [
                0,
                0,
                0
              ],
              "rotation": [
                -77.07362,
                14.63639,
                3.31914
              ],
              "uv": [
                19,
                82
              ]
            }
          ]
        },
        {
          "name": "bone2",
          "parent": "bone",
          "pivot": [
            0,
            7,
            -12
          ],
          "cubes": [
            {
              "origin": [
                -3,
                8.5,
                -18
              ],
              "size": [
                2,
                6,
                11
              ],
              "pivot": [
                0,
                7,
                -12
              ],
              "rotation": [
                0,
                0,
                10
              ],
              "uv": [
                54,
                40
              ]
            },
            {
              "origin": [
                -3,
                3.5,
                -18
              ],
              "size": [
                2,
                5,
                1
              ],
              "pivot": [
                0,
                7,
                -12
              ],
              "rotation": [
                0,
                0,
                10
              ],
              "uv": [
                27,
                11
              ]
            }
          ]
        },
        {
          "name": "bone3",
          "parent": "bone",
          "pivot": [
            2,
            7,
            -14
          ],
          "cubes": [
            {
              "origin": [
                1,
                9,
                -18
              ],
              "size": [
                2,
                6,
                11
              ],
              "pivot": [
                2,
                7,
                -14
              ],
              "rotation": [
                0,
                0,
                -5
              ],
              "uv": [
                0,
                0
              ]
            },
            {
              "origin": [
                1,
                3,
                -18
              ],
              "size": [
                2,
                6,
                2
              ],
              "pivot": [
                2,
                7,
                -14
              ],
              "rotation": [
                0,
                0,
                -5
              ],
              "uv": [
                13,
                98
              ]
            }
          ]
        },
        {
          "name": "Head3",
          "parent": "bone",
          "pivot": [
            0,
            24,
            0
          ],
          "cubes": [
            {
              "origin": [
                -3,
                24,
                6
              ],
              "size": [
                5,
                5,
                6
              ],
              "uv": [
                52,
                72
              ]
            },
            {
              "origin": [
                -4,
                28,
                0
              ],
              "size": [
                7,
                1,
                4
              ],
              "pivot": [
                0,
                0,
                11
              ],
              "rotation": [
                -5,
                0,
                0
              ],
              "uv": [
                84,
                60
              ]
            },
            {
              "origin": [
                -3,
                24,
                6
              ],
              "size": [
                6,
                1,
                3
              ],
              "pivot": [
                0,
                0,
                11
              ],
              "rotation": [
                7.5,
                0,
                0
              ],
              "uv": [
                87,
                11
              ]
            },
            {
              "origin": [
                -2,
                29,
                10
              ],
              "size": [
                3,
                1,
                2
              ],
              "uv": [
                19,
                68
              ]
            },
            {
              "origin": [
                -29,
                1,
                3
              ],
              "size": [
                6,
                1,
                3
              ],
              "pivot": [
                0,
                0,
                11
              ],
              "rotation": [
                -7.5,
                0,
                90
              ],
              "uv": [
                86,
                40
              ]
            },
            {
              "origin": [
                -2,
                26,
                11
              ],
              "size": [
                3,
                5,
                5
              ],
              "uv": [
                16,
                0
              ]
            },
            {
              "origin": [
                -29,
                -3,
                3
              ],
              "size": [
                6,
                1,
                3
              ],
              "pivot": [
                0,
                0,
                11
              ],
              "rotation": [
                7.5,
                0,
                90
              ],
              "uv": [
                0,
                55
              ]
            }
          ]
        },
        {
          "name": "RightArm",
          "parent": "bone",
          "pivot": [
            -5,
            22,
            0
          ]
        },
        {
          "name": "bone5",
          "pivot": [
            0,
            0,
            0
          ]
        },
        {
          "name": "bone6",
          "parent": "bone5",
          "pivot": [
            0,
            0,
            17
          ],
          "cubes": [
            {
              "origin": [
                -12,
                7,
                -7
              ],
              "size": [
                4,
                5,
                21
              ],
              "uv": [
                0,
                104
              ]
            },
            {
              "origin": [
                8,
                7,
                -7
              ],
              "size": [
                4,
                5,
                21
              ],
              "uv": [
                0,
                104
              ]
            }
          ]
        },
        {
          "name": "bone4",
          "pivot": [
            0,
            24,
            0
          ]
        },
        {
          "name": "Rhfhr",
          "parent": "bone4",
          "pivot": [
            0,
            24,
            0
          ],
          "cubes": [
            {
              "origin": [
                -9,
                9,
                -12
              ],
              "size": [
                2,
                2,
                2
              ],
              "uv": [
                96,
                23
              ]
            },
            {
              "origin": [
                -10,
                11,
                -17
              ],
              "size": [
                4,
                3,
                7
              ],
              "uv": [
                75,
                0
              ]
            },
            {
              "origin": [
                -10,
                14,
                -18
              ],
              "size": [
                4,
                1,
                4
              ],
              "uv": [
                89,
                87
              ]
            },
            {
              "origin": [
                -11,
                12,
                -18
              ],
              "size": [
                1,
                3,
                4
              ],
              "uv": [
                75,
                96
              ]
            },
            {
              "origin": [
                -6,
                12,
                -18
              ],
              "size": [
                1,
                3,
                4
              ],
              "uv": [
                54,
                40
              ]
            }
          ]
        },
        {
          "name": "Head2",
          "parent": "bone4",
          "pivot": [
            16,
            24,
            0
          ],
          "cubes": [
            {
              "origin": [
                7,
                9,
                -12
              ],
              "size": [
                2,
                2,
                2
              ],
              "uv": [
                66,
                52
              ]
            },
            {
              "origin": [
                6,
                11,
                -17
              ],
              "size": [
                4,
                3,
                7
              ],
              "uv": [
                75,
                0
              ]
            },
            {
              "origin": [
                6,
                14,
                -18
              ],
              "size": [
                4,
                1,
                4
              ],
              "uv": [
                57,
                52
              ]
            },
            {
              "origin": [
                5,
                12,
                -18
              ],
              "size": [
                1,
                3,
                4
              ],
              "uv": [
                86,
                52
              ]
            },
            {
              "origin": [
                10,
                12,
                -18
              ],
              "size": [
                1,
                3,
                4
              ],
              "uv": [
                75,
                96
              ]
            }
          ]
        },
        {
          "name": "Head",
          "pivot": [
            0,
            17,
            1
          ],
          "cubes": [
            {
              "origin": [
                -3,
                17,
                -6
              ],
              "size": [
                5,
                5,
                8
              ],
              "uv": [
                0,
                68
              ]
            },
            {
              "origin": [
                -7,
                17,
                -5
              ],
              "size": [
                4,
                4,
                2
              ],
              "uv": [
                53,
                93
              ]
            },
            {
              "origin": [
                2,
                17,
                -5
              ],
              "size": [
                4,
                4,
                2
              ],
              "uv": [
                91,
                0
              ]
            },
            {
              "origin": [
                -3,
                21,
                -11
              ],
              "size": [
                1,
                1,
                5
              ],
              "uv": [
                94,
                78
              ]
            },
            {
              "origin": [
                1,
                21,
                -11
              ],
              "size": [
                1,
                1,
                5
              ],
              "uv": [
                66,
                93
              ]
            },
            {
              "origin": [
                -3,
                17,
                -11
              ],
              "size": [
                1,
                1,
                5
              ],
              "uv": [
                94,
                16
              ]
            },
            {
              "origin": [
                1,
                17,
                -11
              ],
              "size": [
                1,
                1,
                5
              ],
              "uv": [
                84,
                93
              ]
            },
            {
              "origin": [
                -5,
                17,
                -13
              ],
              "size": [
                9,
                5,
                2
              ],
              "uv": [
                75,
                26
              ]
            },
            {
              "origin": [
                -2,
                18,
                -17
              ],
              "size": [
                3,
                3,
                4
              ],
              "uv": [
                74,
                87
              ]
            }
          ]
        },
        {
          "name": "body",
          "pivot": [
            0,
            0,
            0
          ],
          "cubes": [
            {
              "origin": [
                11,
                0,
                6
              ],
              "size": [
                2,
                7,
                7
              ],
              "uv": [
                75,
                11
              ]
            },
            {
              "origin": [
                10,
                0,
                -16
              ],
              "size": [
                2,
                7,
                7
              ],
              "uv": [
                0,
                40
              ]
            },
            {
              "origin": [
                -12,
                0,
                -16
              ],
              "size": [
                2,
                7,
                7
              ],
              "uv": [
                75,
                72
              ]
            },
            {
              "origin": [
                -13,
                0,
                7
              ],
              "size": [
                2,
                7,
                7
              ],
              "uv": [
                0,
                82
              ]
            }
          ]
        }
      ]
    }
  ]
}