{
  "format_version": "1.12.0",
  "minecraft:geometry": [
    {
      "description": {
        "identifier": "geometry.seb_skibidi_man",
        "texture_width": 128,
        "texture_height": 128,
        "visible_bounds_width": 3,
        "visible_bounds_height": 5,
        "visible_bounds_offset": [
          0,
          1.5,
          0
        ]
      },
      "bones": [
        {
          "name": "Head",
          "pivot": [
            -2,
            34,
            -1
          ],
          "rotation": [
            0,
            -90,
            0
          ],
          "cubes": [
            {
              "origin": [
                -12.75,
                34,
                -14
              ],
              "size": [
                8,
                8,
                8
              ],
              "pivot": [
                -2,
                17,
                -9
              ],
              "rotation": [
                0,
                90,
                0
              ],
              "uv": [
                3,
                89
              ]
            }
          ]
        },
        {
          "name": "Body",
          "pivot": [
            0,
            24,
            0
          ],
          "cubes": [
            {
              "origin": [
                -5,
                22,
                -0.25
              ],
              "size": [
                10,
                7,
                4
              ],
              "pivot": [
                0,
                0,
                0
              ],
              "rotation": [
                5,
                0,
                0
              ],
              "uv": [
                0,
                18
              ]
            },
            {
              "origin": [
                -3,
                17,
                -2
              ],
              "size": [
                6,
                5.25,
                4
              ],
              "uv": [
                25,
                26
              ]
            }
          ]
        },
        {
          "name": "RightLeg",
          "pivot": [
            -1.9,
            17,
            0
          ],
          "cubes": [
            {
              "origin": [
                -2.9,
                9,
                -4
              ],
              "size": [
                2,
                8,
                4
              ],
              "pivot": [
                0,
                0,
                0
              ],
              "rotation": [
                -7.5,
                0,
                0
              ],
              "uv": [
                39,
                46
              ]
            },
            {
              "origin": [
                -2.9,
                1,
                -2.5
              ],
              "size": [
                2,
                9,
                4
              ],
              "pivot": [
                0,
                0,
                0
              ],
              "rotation": [
                2.5,
                0,
                0
              ],
              "uv": [
                43,
                32
              ]
            }
          ]
        },
        {
          "name": "LeftLeg",
          "pivot": [
            1.9,
            17,
            0
          ],
          "cubes": [
            {
              "origin": [
                1.1,
                9,
                -4
              ],
              "size": [
                2,
                8,
                4
              ],
              "pivot": [
                0,
                0,
                0
              ],
              "rotation": [
                -7.5,
                0,
                0
              ],
              "uv": [
                0,
                46
              ]
            },
            {
              "origin": [
                1.1,
                1,
                -2.5
              ],
              "size": [
                2,
                9,
                4
              ],
              "pivot": [
                0,
                0,
                0
              ],
              "rotation": [
                2.5,
                0,
                0
              ],
              "uv": [
                30,
                36
              ]
            }
          ]
        },
        {
          "name": "bone",
          "pivot": [
            -1,
            16,
            1
          ],
          "rotation": [
            2.5,
            0,
            0
          ]
        },
        {
          "name": "Model",
          "parent": "bone",
          "pivot": [
            6,
            17,
            -1
          ],
          "rotation": [
            0,
            -90,
            0
          ],
          "cubes": [
            {
              "origin": [
                -2,
                29,
                -2
              ],
              "size": [
                17,
                2,
                16
              ],
              "uv": [
                45,
                108
              ]
            },
            {
              "origin": [
                -2,
                31,
                -2
              ],
              "size": [
                3,
                1,
                16
              ],
              "uv": [
                45,
                108
              ]
            },
            {
              "origin": [
                -4,
                31,
                -15
              ],
              "size": [
                3,
                1,
                14
              ],
              "pivot": [
                -1,
                16,
                1
              ],
              "rotation": [
                0,
                -90,
                0
              ],
              "uv": [
                47,
                110
              ]
            },
            {
              "origin": [
                9,
                31,
                -15
              ],
              "size": [
                3,
                1,
                14
              ],
              "pivot": [
                -1,
                16,
                1
              ],
              "rotation": [
                0,
                -90,
                0
              ],
              "uv": [
                47,
                110
              ]
            },
            {
              "origin": [
                1,
                26,
                0
              ],
              "size": [
                11,
                3,
                11
              ],
              "uv": [
                52,
                66
              ]
            },
            {
              "origin": [
                4,
                19,
                3.25
              ],
              "size": [
                6,
                7,
                4
              ],
              "uv": [
                6,
                66
              ]
            },
            {
              "origin": [
                7,
                30,
                4
              ],
              "size": [
                3,
                4,
                3
              ],
              "pivot": [
                6,
                17,
                -1
              ],
              "rotation": [
                0,
                0,
                -7.5
              ],
              "uv": [
                -1,
                -1
              ]
            },
            {
              "origin": [
                12,
                31,
                4.5
              ],
              "size": [
                2,
                12,
                2
              ],
              "uv": [
                95,
                58
              ]
            },
            {
              "origin": [
                12,
                39,
                1.5
              ],
              "size": [
                2,
                2,
                3
              ],
              "uv": [
                94,
                57
              ]
            },
            {
              "origin": [
                14,
                38,
                0.5
              ],
              "size": [
                1,
                4,
                4
              ],
              "uv": [
                93,
                56
              ]
            }
          ]
        },
        {
          "name": "RightArm",
          "pivot": [
            -5,
            27,
            0
          ],
          "cubes": [
            {
              "origin": [
                -8,
                19,
                0.5
              ],
              "size": [
                3,
                9,
                3
              ],
              "pivot": [
                0,
                0,
                0
              ],
              "rotation": [
                5,
                0,
                0
              ],
              "uv": [
                37,
                13
              ]
            },
            {
              "origin": [
                -8,
                8,
                -3.5
              ],
              "size": [
                3,
                11,
                3
              ],
              "pivot": [
                0,
                0,
                0
              ],
              "rotation": [
                -7.5,
                0,
                0
              ],
              "uv": [
                26,
                1
              ]
            }
          ]
        },
        {
          "name": "LeftArm",
          "pivot": [
            5,
            27,
            0
          ],
          "cubes": [
            {
              "origin": [
                5,
                8,
                -3.5
              ],
              "size": [
                3,
                11,
                3
              ],
              "pivot": [
                0,
                0,
                0
              ],
              "rotation": [
                -7.5,
                0,
                0
              ],
              "uv": [
                26,
                1
              ]
            },
            {
              "origin": [
                5,
                19,
                0.5
              ],
              "size": [
                3,
                9,
                3
              ],
              "pivot": [
                0,
                0,
                0
              ],
              "rotation": [
                5,
                0,
                0
              ],
              "uv": [
                37,
                13
              ]
            }
          ]
        }
      ]
    }
  ]
}