{
  "format_version": "1.12.0",
  "minecraft:geometry": [
    {
      "description": {
        "identifier": "geometry.seb_sw_heli_toilet",
        "texture_width": 64,
        "texture_height": 64,
        "visible_bounds_width": 4,
        "visible_bounds_height": 10.5,
        "visible_bounds_offset": [
          0,
          4.75,
          0
        ]
      },
      "bones": [
        {
          "name": "Heli",
          "pivot": [
            -1,
            57,
            6
          ],
          "cubes": [
            {
              "origin": [
                -1,
                56,
                -7
              ],
              "size": [
                1,
                1,
                25
              ],
              "uv": [
                30,
                -23
              ]
            },
            {
              "origin": [
                5,
                56,
                -12
              ],
              "size": [
                1,
                1,
                25
              ],
              "pivot": [
                0,
                23,
                0
              ],
              "rotation": [
                0,
                -90,
                0
              ],
              "uv": [
                30,
                -23
              ]
            }
          ]
        },
        {
          "name": "Model2",
          "pivot": [
            0,
            48,
            0
          ],
          "cubes": [
            {
              "origin": [
                -3,
                38,
                4
              ],
              "size": [
                5,
                16,
                3
              ],
              "uv": [
                26,
                29
              ]
            },
            {
              "origin": [
                -8,
                38,
                -10
              ],
              "size": [
                3,
                1,
                14
              ],
              "uv": [
                12,
                33
              ]
            },
            {
              "origin": [
                5,
                38,
                -10
              ],
              "size": [
                3,
                1,
                14
              ],
              "uv": [
                18,
                33
              ]
            },
            {
              "origin": [
                -10,
                38,
                -5
              ],
              "size": [
                3,
                1,
                10
              ],
              "pivot": [
                0,
                48,
                0
              ],
              "rotation": [
                0,
                -90,
                0
              ],
              "uv": [
                -8,
                -8
              ]
            },
            {
              "origin": [
                -1,
                54,
                5
              ],
              "size": [
                1,
                2,
                1
              ],
              "uv": [
                54,
                1
              ]
            },
            {
              "origin": [
                -2,
                38,
                -5
              ],
              "size": [
                4,
                6,
                4
              ],
              "pivot": [
                0,
                48,
                0
              ],
              "rotation": [
                10,
                0,
                0
              ],
              "uv": [
                48,
                55
              ]
            }
          ]
        },
        {
          "name": "Model",
          "pivot": [
            7,
            24,
            -2
          ],
          "rotation": [
            0,
            -90,
            0
          ],
          "cubes": [
            {
              "origin": [
                -1,
                36,
                -3
              ],
              "size": [
                17,
                2,
                16
              ],
              "uv": [
                0,
                16
              ]
            },
            {
              "origin": [
                2,
                33,
                -1
              ],
              "size": [
                11,
                3,
                11
              ],
              "uv": [
                11,
                41
              ]
            },
            {
              "origin": [
                5,
                26,
                0
              ],
              "size": [
                6,
                7,
                9
              ],
              "uv": [
                1,
                43
              ]
            },
            {
              "origin": [
                3,
                24,
                -1
              ],
              "size": [
                10,
                2,
                11
              ],
              "uv": [
                5,
                40
              ]
            }
          ]
        },
        {
          "name": "Head",
          "pivot": [
            0,
            42,
            -2
          ],
          "cubes": [
            {
              "origin": [
                -4,
                42,
                -8
              ],
              "size": [
                8,
                8,
                8
              ],
              "pivot": [
                0,
                24,
                0
              ],
              "rotation": [
                -5,
                0,
                0
              ],
              "uv": [
                0,
                0
              ]
            }
          ]
        }
      ]
    }
  ]
}