{
  "mob.fitt_skibidi_toilet.idle": {
    "category": " neutral",
    "sounds": [
      "sounds/mob/fitt_skibidi_toilet/idle/idle1",
      "sounds/mob/fitt_skibidi_toilet/idle/idle2",
      "sounds/mob/fitt_skibidi_toilet/idle/idle3"
    ]
  },
  "mob.fitt_skibidi_toilet.death": {
    "category": " neutral",
    "sounds": [
      "sounds/sounds/mob/axolotl/idle_air1"
    ]
  },
  "mob.fitt_skibidi_toilet.haggle": {
    "category": " neutral",
    "sounds": [
      "sounds/sounds/mob/axolotl/idle_air1",
      "sounds/mob/axolotl/idle_air1",
      "sounds/sounds/mob/axolotl/idle_air1"
    ]
  },
  "mob.fitt_skibidi_toilet.no": {
    "category": " neutral",
    "sounds": [
      "sounds/sounds/mob/axolotl/idle_air2",
      "sounds/sounds/mob/axolotl/idle_air1",
      "sounds/sounds/mob/axolotl/idle_air1"
    ]
  },
  "mob.fitt_skibidi_toilet.yes": {
    "category": " neutral",
    "sounds": [
      "sounds/mob/axolotl/idle_air1",
      "sounds/sounds/mob/axolotl/idle_air1",
      "sounds/sounds/mob/axolotl/idle_air1"
    ]
  },
  "mob.fitt_skibidi_toilet.hit": {
    "category": " neutral",
    "sounds": [
      "sounds/mob/axolotl/idle_air1",
      "sounds/mob/axolotl/idle_air1",
      "sounds/mob/axolotl/idle_air1",
      "sounds/mob/axolotl/idle_air1"
    ]
  },
  "mob.fitt_big_speakerman.idle": {
    "category": " neutral",
    "sounds": [
      "sounds/mob/fitt_big_speakerman/idle/idle1",
      "sounds/mob/villager/idle2",
      "sounds/mob/villager/idle3"
    ]
  }
}