{
  "resource_pack_name": "vanilla",
  "texture_name": "atlas.items",
  "texture_data": {
    "team_helper_wand": {
      "textures": "textures/items/team_helper_wand"
    },
    "team_stone_health_upgrade": {
      "textures": "textures/items/team_stone_health_upgrade"
    },
    "team_iron_health_upgrade": {
      "textures": "textures/items/team_iron_health_upgrade"
    },
    "team_diamond_health_upgrade": {
      "textures": "textures/items/team_diamond_health_upgrade"
    },
    "team_netherite_health_upgrade": {
      "textures": "textures/items/team_netherite_health_upgrade"
    },
        "team_stone_attack_upgrade": {
      "textures": "textures/items/team_stone_attack_upgrade"
    },
        "team_iron_attack_upgrade": {
      "textures": "textures/items/team_iron_attack_upgrade"
    },
    "team_diamond_attack_upgrade": {
      "textures": "textures/items/team_diamond_attack_upgrade" },
      "team_netherite_attack_upgrade": {
      "textures": "textures/items/team_netherite_attack_upgrade" }
  }
}