{"format_version":"1.10.0","animation_controllers":{"controller.animation.yg_nabnaleena.general":{"states":{"default":{"animations":["gazo_general"],"transitions":[{"jumpscare":"query.has_rider && !query.is_stunned"},{"climbing":"query.is_wall_climbing"}],"blend_transition":0.1},"jumpscare":{"animations":["jumpscare"],"transitions":[{"default":"!query.has_rider"}],"blend_transition":0.4},"climbing":{"animations":["climb"],"transitions":[{"default":"!query.is_wall_climbing"}],"blend_transition":0.5}}},"controller.animation.yg_nabnaleena.move":{"states":{"default":{"animations":[{"moving":"query.modified_move_speed"}]}}}}}