{
	"format_version": "1.10.0",
	"particle_effect": {
		"description": {
			"identifier": "vl:dilo_spit",
			"basic_render_parameters": {
				"material": "particles_blend",
				"texture": "textures/particle/dilo_spit"
			}
		},
		"components": {
			"minecraft:emitter_rate_steady": {
				"spawn_rate": 100,
				"max_particles": 200
			},
			"minecraft:emitter_lifetime_once": {
				"active_time": 0.3
			},
			"minecraft:emitter_shape_box": {
				"offset": [0, 0.5, 0],
				"half_dimensions": [0.35, 0.35, 0.35],
				"direction": "outwards"
			},
			"minecraft:particle_lifetime_expression": {
				"max_lifetime": "math.random(0.5,1)"
			},
			"minecraft:particle_expire_if_not_in_blocks": ["minecraft:air"],
			"minecraft:particle_initial_spin": {
				"rotation": "math.random(360,0)",
				"rotation_rate": "math.random(360,180)"
			},
			"minecraft:particle_initial_speed": "math.random(0.1,0.45)",
			"minecraft:particle_motion_dynamic": {
				"linear_acceleration": [0, "math.random(6,-6)", 0],
				"linear_drag_coefficient": 1
			},
			"minecraft:particle_appearance_billboard": {
				"size": [0.2, 0.2],
				"facing_camera_mode": "lookat_xyz",
				"uv": {
					"texture_width": 66,
					"texture_height": 8,
					"flipbook": {
						"base_UV": [0, 0],
						"size_UV": [8, 8],
						"step_UV": [8, 0],
						"frames_per_second": 8,
						"max_frame": 8,
						"loop": true
					}
				}
			},
			"minecraft:particle_appearance_tinting": {
				"color": {
					"interpolant": "Math.abs(variable.emitter_age+1.3*variable.particle_age)",
					"gradient": {
						"0.36": "#FF283611",
						"0.9": "#FF061001"
					}
				}
			}
		}
	}
}