{
	"format_version": "1.10.0",
	"particle_effect": {
		"description": {
			"identifier": "vl:sleep",
			"basic_render_parameters": {
				"material": "particles_blend",
				"texture": "textures/particle/sleep"
			}
		},
		"curves": {
			"variable.size": {
				"type": "linear",
				"input": "v.particle_age/v.particle_lifetime",
				"horizontal_range": 2,
				"nodes": [
					1,
					1,
					-1.22
				]
			}
		},
		"components": {
			"minecraft:emitter_rate_steady": {
				"spawn_rate": 1,
				"max_particles": 1
			},
			"minecraft:emitter_lifetime_looping": {
				"active_time": 1.1
			},
			"minecraft:emitter_shape_point": {},
			"minecraft:particle_lifetime_expression": {
				"max_lifetime": 2
			},
			"minecraft:particle_initial_speed": 0,
			"minecraft:particle_motion_dynamic": {
				"linear_acceleration": [
					"math.random(-1,1)",
					0.5,
					-0.5
				],
				"linear_drag_coefficient": 1
			},
			"minecraft:particle_appearance_billboard": {
				"size": [
					"0.3*variable.size",
					"0.3*variable.size"
				],
				"facing_camera_mode": "rotate_xyz",
				"uv": {
					"texture_width": 16,
					"texture_height": 16,
					"uv": [
						0,
						0
					],
					"uv_size": [
						16,
						16
					]
				}
			},
			"minecraft:particle_appearance_tinting": {
				"color": {
					"interpolant": "v.particle_age / v.particle_lifetime",
					"gradient": {
						"0.0": "#ffffffff",
						"0.5": "#ffffffff",
						"1.0": "#00000000"
					}
				}
			}
		}
	}
}