{
  "format_version": "1.13.0",
  "minecraft:entity": {
	"description": {
	  "identifier": "pc:pcyuyu",
	  "runtime_identifier": "minecraft:dolphin",
	  "is_spawnable": true,
	  "is_summonable": true,
	  "is_experimental": true
	},
	"component_groups": {
	  "minecraft:skin1": {
		"minecraft:variant": {
		  "value": 0
		}
	  },
	  "minecraft:skin2": {
	    "minecraft:variant": {
		  "value": 1
		}
	  },
	  "minecraft:skin3": {
		"minecraft:variant": {
		  "value": 2
		}
	  },
	  "minecraft:mosasaurus_adult": {
		"minecraft:scale": {
		  "value": 0.2
		},
		"minecraft:jump.static": {
		  "jump_power": 1.6
		},
		"minecraft:behavior.look_at_player": {
		  "priority": 8,
		  "look_distance": 6
		},
	    "minecraft:navigation.generic": {
		  "is_amphibious": false,
		  "can_path_over_water": false,
		  "can_swim": true,
		  "can_walk": false,
		  "can_breach": true,
		  "can_sink": false
		},
	    "minecraft:knockback_resistance": {
		  "value": 100
		},
		"minecraft:health": {
		  "value": 5,
		  "max": 5
		},
        "minecraft:breedable": {
          "require_tame": false,
          "breed_cooldown": 120,
          "breeds_with": {
            "mate_type": "pc:pcyuyu",
            "baby_type": "pc:pcyuyu",
            "breed_event": {
              "event": "minecraft:entity_born",
              "target": "baby"
            }
          },
          "breed_items": [
		  "chicken",
		  "cooked_chicken",
		  "beef",
		  "cooked_beef",
		  "muttonRaw",
		  "muttonCooked",
		  "porkchop",
		  "cooked_porkchop",
		  "rabbit",
		  "cooked_rabbit",
		  "time:dino_beef",
		  "time:dino_cooked",
          "salmon",
          "fish",
          "cooked_salmon",
          "cooked_fish",
          "pufferfish",
          "tropicalfish",
		  "time:ostrich_raw",
		  "time:ostrich_cooked",
		  "time:frog_raw",
		  "time:frog_cooked"
          ]
        },
        "minecraft:behavior.breed": {
          "priority": 0,
          "speed_multiplier": 1.5
        }
	  },
	  "minecraft:mosasaurus_baby": {
		"minecraft:is_baby": {},
        "minecraft:ageable": {
          "duration": 5000,
          "feed_items": [
            "minecraft:"
          ],
          "grow_up": {
            "event": "minecraft:ageable_grow_up",
            "target": "self"
          }
        },
		"minecraft:scale_by_age": {
		  "start_scale": 0.05,
		  "end_scale": 0.2
		},
		"minecraft:behavior.follow_parent": {
		  "priority": 4,
		  "speed_multiplier": 1.1
		},
		"minecraft:behavior.panic": {
		  "priority": 1,
		  "speed_multiplier": 1.25
		},
		"minecraft:jump.static": {
		  "jump_power": 0.7
		},
	    "minecraft:navigation.generic": {
		  "is_amphibious": false,
		  "can_path_over_water": false,
		  "can_swim": true,
		  "can_walk": false,
		  "can_breach": true,
		  "can_sink": false
		},
		"minecraft:behavior.look_at_player": {
		  "priority": 8,
		  "look_distance": 6
		},
		"minecraft:health": {
		  "value": 5,
		  "max": 5
		},
	    "minecraft:attack": {
		  "damage": 0
		}
	  },
	  "minecraft:mosasaurus_angry": {
		"minecraft:angry": {
		  "duration": 30,
		  "broadcastAnger": false,
		  "calm_event": {
			"event": "minecraft:on_calm",
			"target": "self"
		  }
		},
		"minecraft:on_target_acquired": {}
	  },
	  "minecraft:not_hungry": {
		"minecraft:timer": {
		  "time": [100, 100],
		  "looping": false,
		  "time_down_event": {
			"event": "hungry",
			"target": "self"
		  }
		}
	  },
	  "minecraft:hungry": {
		"minecraft:timer": {
		  "time": [5, 15],
		  "looping": false,
		  "time_down_event": {
			"event": "full",
			"target": "self"
		  }
	    },
        "minecraft:behavior.nearest_attackable_target": {
          "priority": 2,
          "within_radius": 64,
          "entity_types": [
            {
              "filters": { "other_with_families": [ "none"] },
              "max_dist": 64
            }
          ],
          "must_see": true
        }
	  },
	  "minecraft:breathair": {
		"minecraft:timer": {
		  "time": [120, 120],
		  "looping": false,
		  "time_down_event": {
			"event": "not_breath",
			"target": "self"
		  }
		},
		"minecraft:behavior.breathe_air": {
		  "priority": 1
		}
	  },
	  "minecraft:not_breathair": {
		"minecraft:timer": {
		  "time": [60, 60],
		  "looping": false,
		  "time_down_event": {
			"event": "breath",
			"target": "self"
		  }
		}
	  }
	},
	"components": {
	  "minecraft:type_family": {
		"family": ["fish", "cambrian", "aquatic"]
	  },
	  "minecraft:loot": {
		"table": "loot_tables/entities/.json"
	  },
      "minecraft:healable": {
        "items": [
          {
            "item": "cooked_fish",
            "heal_amount": 5
          }
        ]
      },
	  "minecraft:nameable": {},
	  "minecraft:collision_box": {
		"width": 1.0,
		"height": 1.0
	  },
	  "minecraft:breathable": {
		"totalSupply": 40,
	    "suffocateTime": 0,
		"breathesAir": false,
		"breathesWater": true
	  },
	  "minecraft:attack": {
		"damage": 0
	  },
	  "minecraft:movement": {
	    "value": 0.1
	  },
	    "minecraft:navigation.generic": {
		  "is_amphibious": false,
		  "can_path_over_water": false,
		  "can_swim": true,
		  "can_walk": false,
		  "can_breach": true,
		  "can_sink": false
	  },
	  "minecraft:underwater_movement": {
		"value": 0.2
	  },
	  "minecraft:can_climb": {},
	  "minecraft:behavior.hurt_by_target": {
		"priority": 1
	  },
	  "minecraft:behavior.move_to_water": {
		"priority": 1,
	    "search_range": 15,
		"search_height": 5
	  },
	  "minecraft:on_target_acquired": {
		"event": "minecraft:become_angry",
		"target": "self"
	  },
	  "minecraft:on_target_escape": {
		"event": "minecraft:on_calm",
		"target": "self"
	  },
	  "minecraft:physics": {},
	  "minecraft:pushable": {
		"is_pushable": true,
		"is_pushable_by_piston": true
	  },
      "minecraft:hurt_on_condition": {
        "damage_conditions": [
          {
            "filters": { "test": "in_lava", "subject": "self", "operator": "==", "value": true },
            "cause": "lava",
            "damage_per_tick": 4
          }
        ]
      },
	  "minecraft:experience_reward": {
		"on_death": "query.last_hit_by_player ? Math.Random(20) : 0"
	  },
	  "minecraft:behavior.delayed_attack": {
		"priority": 3,
		"speed_multiplier": 1.9,
		"track_target": true,
		"hit_delay_pct": 0.3,
		"attack_duration": 2.1,
	    "reach_multiplier": 1.8,
		"sound_event": "attack"
	  },
	  "minecraft:behavior.swim_with_entity": {
		"priority": 5,
		"success_rate": 0.1,
		"chance_to_stop": 0.0333,
		"state_check_interval": 0.5,
		"catch_up_threshold": 12,
		"match_direction_threshold": 2,
		"catch_up_multiplier": 2.5,
		"speed_multiplier": 1.5,
		"search_range": 20,
		"stop_distance": 5,
		"entity_types": [
		  {
			"filters": {
			  "test": "is_family",
			  "subject": "other",
			  "value": "player"
			}
		  }
		]
	  },
	  "minecraft:behavior.random_swim": {
		"priority": 5,
		"interval": 0,
		"xz_dist": 20
	  },
	  "minecraft:behavior.random_breach": {
		"priority": 6,
		"interval": 50,
	    "xz_dist": 6,
		"cooldown_time": 2
	  },
	  "minecraft:behavior.random_look_around": {
		"priority": 7
		}
	  },
    "events": {
      "from_egg": {
        "sequence": [
          {
            "randomize": [
              {
                "weight": 10,
                "add": { "component_groups": [ "minecraft:skin1" ] }
              },
              {
                "weight": 9,
                "add": { "component_groups": [ "minecraft:skin2" ] }
              },
              {
                "weight": 8,
                "add": { "component_groups": [ "minecraft:skin3" ] }
              },
              {
                "weight": 7,
                "add": { "component_groups": [ "minecraft:skin4" ] }
              },
              {
                "weight": 6,
                "add": { "component_groups": [ "minecraft:skin5" ] }
              },
              {
                "weight": 5,
                "add": { "component_groups": [ "minecraft:skin6" ] }
              }
            ]
          },
          {
            "randomize": [
              {
                "weight": 5,
                "add": {
                  "component_groups": [
                "minecraft:mosasaurus_baby",
                "minecraft:breathair"
                  ]
                }
              }
            ]
          }
        ]
      },
      "minecraft:entity_spawned": {
        "sequence": [
          {
            "randomize": [
              {
                "weight": 10,
                "add": { "component_groups": [ "minecraft:skin1" ] }
              },
              {
                "weight": 9,
                "add": { "component_groups": [ "minecraft:skin2" ] }
              },
              {
                "weight": 8,
                "add": { "component_groups": [ "minecraft:skin3" ] }
              },
              {
                "weight": 7,
                "add": { "component_groups": [ "minecraft:skin4" ] }
              },
              {
                "weight": 6,
                "add": { "component_groups": [ "minecraft:skin5" ] }
              },
              {
                "weight": 5,
                "add": { "component_groups": [ "minecraft:skin6" ] }
              }
            ]
          },
          {
            "randomize": [
              {
                "weight": 8,
                "add": {
                  "component_groups": [
                "minecraft:mosasaurus_adult",
                "minecraft:mosasaurus_wild",
                "minecraft:hungry",
                "minecraft:breathair"
                  ]
                }
              },
              {
                "weight": 2,
                "add": {
                  "component_groups": [
                "minecraft:mosasaurus_baby",
                "minecraft:mosasaurus_roar",
                "minecraft:breathair"
                  ]
                }
              }
            ]
          }
        ]
	  },
	  "hungry": {
		"remove": {
		  "component_groups": [
			"minecraft:not_hungry"
		  ]
		},
		"add": {
		  "component_groups": [
			"minecraft:hungry"
		  ]
		}
	  },
	  "breath": {
		"remove": {
		  "component_groups": [
			"minecraft:not_breathair"
		  ]
		},
		"add": {
		  "component_groups": [
			"minecraft:breathair"
		  ]
		}
	  },
	  "not_breath": {
		"add": {
		  "component_groups": [
			"minecraft:not_breathair"
		  ]
		},
	    "remove": {
		  "component_groups": [
			"minecraft:breathair"
		  ]
		}
	  },
	  "full": {
		"add": {
		  "component_groups": [
			"minecraft:not_hungry"
		  ]
	    },
		"remove": {
		  "component_groups": [
			"minecraft:hungry"
		  ]
		}
	  },
	  "minecraft:start_following": {
        "add": {
          "component_groups": [
            "minecraft:following"
          ]
        }
      },
	  "minecraft:stop_following": {
        "remove": {
          "component_groups": [
            "minecraft:following"
          ]
        }
      },
      "minecraft:entity_born": {
        "add": {
        "component_groups": [
          "minecraft:mosasaurus_baby"
          ]
        }
	  },
	  "minecraft:entity_transformed": {
        "sequence": [
          {
            "randomize": [
              {
                "weight": 5,
                "add": {
                  "component_groups": [
                "minecraft:mosasaurus_baby"
                  ]
                }
              }
            ]
          },
          {
            "randomize": [
              {
                "weight": 10,
                "add": { "component_groups": [ "minecraft:skin1" ] }
              },
              {
                "weight": 9,
                "add": { "component_groups": [ "minecraft:skin2" ] }
              },
              {
                "weight": 8,
                "add": { "component_groups": [ "minecraft:skin3" ] }
              },
              {
                "weight": 7,
                "add": { "component_groups": [ "minecraft:skin4" ] }
              },
              {
                "weight": 6,
                "add": { "component_groups": [ "minecraft:skin5" ] }
              },
              {
                "weight": 5,
                "add": { "component_groups": [ "minecraft:skin6" ] }
              }
            ]
          }
        ]
      },
      "minecraft:ageable_grow_up_tame": {
        "remove": {
          "component_groups": [ 
            "minecraft:mosasaurus_baby_tame"
          ]
        },
        "add": {
          "component_groups": [
            "minecraft:mosasaurus_adult",
            "minecraft:mosasaurus_adult_tame",
            "minecraft:mosasaurus_roar"
          ]
        }
      },
      "minecraft:ageable_grow_up": {
        "remove": {
          "component_groups": [ 
            "minecraft:mosasaurus_baby"
          ]
        },
        "add": {
          "component_groups": [
            "minecraft:mosasaurus_adult",
            "minecraft:mosasaurus_wild",
            "minecraft:mosasaurus_roar",
            "minecraft:hungry"
          ]
        }
      },
	  "minecraft:become_angry": {
		"add": {
		  "component_groups": [
			"minecraft:mosasaurus_angry"
		  ]
		}
	  },
	  "minecraft:on_calm": {
		"remove": {
		  "component_groups": [
			"minecraft:mosasaurus_angry"
		  ]
		}
	  }
	}
  }
}