{
	"format_version": [1,1,0],
	"vl:incubator_pump": {
		"textures": "incubator_pump",
		"sound": "stone"
	},
	"vl:fence_base": {
		"textures": "fence_base",
		"sound": "iron_block"
	},
	"vl:fence": {
		"textures": "fence",
		"sound": "iron_block"
	},
	"vl:amber_ore": {
		"textures": "amber_ore",
		"sound": "stone"
	},
	"vl:velociraptor_eggs": {
		"textures": "velociraptor_eggs",
		"sound": "turtle_egg"
	},
	"vl:eggs_incubator": {
		"textures": "eggs_incubator",
		"sound": "iron_block"
	},
	"vl:dna_sequencer": {
		"textures": "dna_block",
		"sound": "iron_block"
	},
	"vl:glow_block": {
		"textures": "glow_block",
		"sound": "slime_block"
	},
	"vl:fan": {
		"textures": "fan",
		"sound": "iron_block"
	},
	"vl:small_light": {
		"textures": "small_light",
		"sound": "iron_block"
	},
	"vl:crate": {
		"textures": "crate",
		"sound": "wood"
	},
	"vl:peach_clay_path": {
		"textures": "peach_clay_path",
		"sound": "stone"
	},
	"vl:grey_path_block": {
		"textures": "grey_path_block",
		"sound": "stone"
	},
	"vl:heavy_iron_block": {
		"textures": "heavy_iron_block",
		"sound": "iron"
	},
	"vl:rusted_iron_block": {
		"textures": "rusted_iron_block",
		"sound": "iron"
	},
	"vl:decor_glass": {
		"textures": "decor_glass",
		"sound": "glass"
	},
	"vl:incubator_glass": {
		"textures": "incubator_glass",
		"sound": "glass"
	},
	"vl:light_glass": {
		"textures": "light_glass",
		"sound": "glass"
	}
}