{
  "entity_sounds":{
    "entities": {
        "vl:velociraptor": {
            "volume": [0.5,0.5],
            "pitch": [0.9,1],
            "events": {
                "ambient": "mob.velociraptor.idle",
                "run": "mob.zombie.step",
                "hurt": "mob.velociraptor.hurt",
                "step": "mob.zombie.step",
                "plop": "mob.velociraptor.jump",
                "attack": "mob.velociraptor.attack"
            }
        },
        "vl:brachiosaurus": {
          "volume": [0.5,0.5],
          "pitch": [0.9,1],
          "events": {
              "ambient": "mob.brachiosaurus.idle",
              "run": "mob.brachiosaurus.step",
              "step": "mob.brachiosaurus.step",
              "hurt": "mob.brachiosaurus.hurt"
          }
      },
        "vl:indoraptor": {
          "volume": [2,1],
          "pitch": [1,1],
          "events": {
              "ambient": "mob.indoraptor.idle",
              "death": "mob.indoraptor.step",
              "idle": "mob.indoraptor.idle",
              "hurt": "mob.indoraptor.hurt",
              "step": "mob.indoraptor.step"
          }
        },
        "vl:mosasaurus": {
          "volume": [2,1],
          "pitch": [1,1],
          "events": {
              "ambient": "mob.mosasaurus.idle",
              "idle": "mob.mosasaurus.idle",
              "hurt": "mob.mosasaurus.hurt"
          }
        },
        "vl:dilophosaurus": {
          "volume": [2,1],
          "pitch": [1,1],
          "events": {
              "ambient": "mob.dilophosaurus.idle",
              "idle": "mob.dilophosaurus.idle",
              "hurt": "mob.dilophosaurus.hurt",
              "step": "mob.dilophosaurus.step"
          }
        },
        "vl:compsognathus": {
          "volume": [2,1],
          "pitch": [1,1],
          "events": {
              "ambient": "mob.compy.idle",
              "idle": "mob.compy.idle",
              "attack": "mob.compy.attack",
              "hurt": "mob.compy.hurt",
              "step": "mob.compy.step"
          }
        },
        "vl:carnotaurus": {
          "volume": [2,1],
          "pitch": [1,1],
          "events": {
              "ambient": "mob.carnotaurus.idle",
              "death": "mob.carnotaurus.death",
              "idle": "mob.carnotaurus.idle",
              "hurt": "mob.carnotaurus.hurt",
              "step": "mob.indoraptor.step",
              "roar": "mob.carnotaurus.roar",
              "attack": "mob.carnotaurus.attack"
          }
        },
        "vl:tyrannosaurus": {
          "volume": [2,1],
          "pitch": [1,1],
          "events": {
              "ambient": "mob.tyrannosaurus.idle",
              "idle": "mob.tyrannosaurus.idle",
              "hurt": "mob.carnotaurus.hurt",
              "step": "mob.tyrannosaurus.step",
              "attack": "mob.tyrannosaurus.attack"
          }
        },
        "vl:spinosaurus": {
          "volume": [4,2],
          "pitch": [1,1],
          "events": {
              "ambient": "mob.spinosaurus.idle",
              "death": "mob.spinosaurus.step",
              "idle": "mob.spinosaurus.idle",
              "hurt": "mob.spinosaurus.hurt",
              "step": "mob.spinosaurus.step",
              "attack": "mob.spinosaurus.attack",
              "roar": "mob.spinosaurus.roar"
          }
        },
        "vl:indominusrex": {
          "volume": [4,2],
          "pitch": [1,1],
          "events": {
              "ambient": "mob.indominusrex.idle",
              "death": "mob.indominusrex.death",
              "hurt": "mob.indominusrex.hurt",
              "step": "mob.spinosaurus.step",
              "attack": "mob.indominusrex.attack",
              "roar": "mob.indominusrex.roar"
          }
        },
        "vl:giganotosaurus": {
          "volume": [4,2],
          "pitch": [1,1],
          "events": {
              "ambient": "mob.giganotosaurus.idle",
              "death": "mob.giganotosaurus.death",
              "hurt": "mob.giganotosaurus.hurt",
              "step": "mob.spinosaurus.step",
              "attack": "mob.giganotosaurus.attack",
              "roar": "mob.giganotosaurus.roar"
          }
        }
     }
  }
}