{
  "format_version": "1.14.0",
  "minecraft:entity": {
    "description": {
      "identifier": "alien_being:friendly_nitwit_witch",
      "is_spawnable": true,
      "is_summonable": true,
      "is_experimental": false,
      "runtime_identifier": "minecraft:witch"
    },
    "component_groups": {
      "minecraft:celebrate": {
        "minecraft:behavior.celebrate": {
          "priority": 5,
          "celebration_sound": "celebrate",
          "sound_interval": {
            "range_min": 2.0,
            "range_max": 7.0
          },
          "jump_interval": {
            "range_min": 1.0,
            "range_max": 3.5
          },
          "duration": 30.0,
          "on_celebration_end_event": {
            "event": "minecraft:stop_celebrating",
            "target": "self"
          }
        }
      },
      "minecraft:village_created": {
        "minecraft:behavior.defend_village_target": {
          "priority": 0,
          "must_reach": true,
          "attack_chance": 100.0,
          "entity_types": {
            "filters": {
              "any_of": [
                {
                  "test": "is_family",
                  "subject": "other",
                  "value": "mob"
                },
                {
                  "test": "is_family",
                  "subject": "other",
                  "value": "player"
                },
                {
                  "test": "is_family",
                  "subject": "other",
                  "operator": "!=",
                  "value": "village"
                }
              ]
            }
          }
        },
        "minecraft:dweller": {
          "dwelling_type": "village",
          "dweller_role": "defender",
          "update_interval_base": 60,
          "update_interval_variant": 40,
          "can_find_poi": false,
          "can_migrate": true,
          "first_founding_reward": 0
        }
      },
      "minecraft:default_targeting": {
        "minecraft:behavior.nearest_attackable_target": {
          "priority": 3,
          "within_radius": 20,
          "must_reach": false,
          "entity_types": [
            {
              "filters": {
                "all_of": [
                  {
                    "test": "is_family",
                    "subject": "other",
                    "operator": "!=",
                    "value": "creeper"
                  },
                  {
                    "test": "is_family",
                    "subject": "other",
                    "value": "monster"
                  }
                ]
              },
              "max_dist": 24,
              "must_see": true
            }
          ],
          "must_see": true,
          "speed_multiplier": 1.0
        }
      },
      "minecraft:mode_switcher": {
        "minecraft:target_nearby_sensor": {
          "inside_range": 2.0,
          "outside_range": 3.0,
          "on_inside_range": {
            "event": "minecraft:switch_to_melee",
            "target": "self"
          },
          "on_outside_range": {
            "event": "minecraft:switch_to_ranged",
            "target": "self"
          }
        }
      },
      "minecraft:ranged_mode": {
        "minecraft:behavior.ranged_attack": {
          "priority": 2,
          "attack_interval_min": 2.0,
          "attack_interval_max": 3.0,
          "attack_radius": 10.0
        },
        "minecraft:mob_effect": {
          "effect_range": 16,
          "mob_effect": "regeneration",
          "effect_time": 8,
          "entity_filter": {
            "all_of": [
              {
                "test": "is_family",
                "subject": "other",
                "value": "village"
              }
            ]
          }
        }
      },
      "minecraft:melee_mode": {
        "minecraft:behavior.melee_attack": {
          "priority": 2,
          "track_target": true
        },
        "minecraft:attack": {
          "damage": 8
        },
        "minecraft:mob_effect": {
          "effect_range": 15,
          "mob_effect": "regeneration",
          "effect_time": 10,
          "entity_filter": {
            "all_of": [
              {
                "test": "is_family",
                "subject": "other",
                "value": "village"
              }
            ]
          }
        }
      },
      "trade_resupply_component_group": {
        "minecraft:trade_resupply": {},
        "minecraft:timer": {
          "time": 2,
          "looping": true,
          "time_down_event": {
            "event": "minecraft:stop_resupply"
          }
        }
      }
    },
    "components": {
      "minecraft:breathable": {
        "totalSupply": 15,
        "suffocateTime": 0
      },
      "minecraft:nameable": {
        "alwaysShow": false,
        "allowNameTagRenaming": false
      },
      "minecraft:type_family": {
        "family": [
          "witch",
          "village",
          "mob"
        ]
      },
      "minecraft:equipment": {
        "table": "loot_tables/entities/witch.json"
      },
      "minecraft:loot": {
        "table": "loot_tables/entities/witch.json"
      },
      "minecraft:health": {
        "value": 48,
        "max": 48
      },
      "minecraft:movement": {
        "value": 0.28
      },
      "minecraft:navigation.walk": {
        "can_path_over_water": true,
        "can_pass_doors": true,
        "can_open_doors": true,
        "avoid_water": true
      },
      "minecraft:equip_item": {},
      "minecraft:movement.basic": {},
      "minecraft:jump.static": {},
      "minecraft:can_climb": {},
      "minecraft:annotation.open_door": {},
      "minecraft:inventory": {
        "inventory_size": 8,
        "private": true
      },
      "minecraft:behavior.open_door": {
        "priority": 1,
        "close_door_after": true
      },
      "minecraft:combat_regeneration": {
        "regeneration_duration": 15,
        "apply_to_self": true,
        "apply_to_family": true
      },
      "minecraft:behavior.play_dead": {
        "priority": 0,
        "duration": 15,
        "play_dead": false,
        "force_below_health": 8,
        "random_start_chance": 0.50,
        "random_damage_range": [ 5, 30 ],
        "damage_sources": [
          "contact",
          "entity_attack",
          "entity_explosion",
          "magic",
          "projectile",
          "thorns",
          "wither"
        ],
        "apply_regeneration": true
      },
      "minecraft:behavior.float": {
        "priority": 0
      },
      "minecraft:behavior.summon_entity": {
        "priority": 1,
        "summon_choices": [
          {
            "min_activation_range": 8,
            "cooldown_time": 40,
            "weight": 1,
            "cast_duration": 3.6,
            "start_sound_event": "prepare.attack",
            "particle_color": "#FF664D59",
            "sequence": [
              {
                "shape": "circle",
                "target": "self",
                "base_delay": 3.4,
                "delay_per_summon": 0,
                "num_entities_spawned": 1,
                "entity_type": "minecraft:iron_golem <minecraft:from_village>",
                "size": 1
              }
            ]
          }
        ]
      },
      "minecraft:scheduler": {
        "min_delay_secs": 0,
        "max_delay_secs": 1,
        "scheduled_events": [
          {
            "filters": {
              "any_of": [
                {
                  "test": "hourly_clock_time",
                  "operator": "==",
                  "value": 5000
                },
                {
                  "test": "hourly_clock_time",
                  "operator": "==",
                  "value": 8000
                }
              ]
            },
            "event": "minecraft:resupply_trades"
          }
        ]
      },
      "minecraft:behavior.random_stroll": {
        "priority": 4,
        "speed_multiplier": 1.0
      },
      "minecraft:behavior.move_towards_target": {
        "priority": 2,
        "speed_multiplier": 0.9,
        "within_radius": 32
      },
      "minecraft:behavior.move_to_village": {
        "priority": 3,
        "speed_multiplier": 0.8
      },
      "minecraft:behavior.explore_outskirts": {
        "priority": 5,
        "explore_dist": 16,
        "speed_multiplier": 0.6,
        "wait_time": 80
      },
      "minecraft:behavior.move_indoors": {
        "priority": 4,
        "speed_multiplier": 0.6,
        "timeout_cooldown": 20
      },
      "minecraft:behavior.move_through_village": {
        "priority": 5,
        "speed_multiplier": 0.6,
        "only_at_night": false
      },
      "minecraft:behavior.trade_with_player": {
        "priority": 2
      },
      "minecraft:behavior.look_at_trading_player": {
        "priority": 2
      },
      "minecraft:behavior.trade_interest": {
        "priority": 5,
        "within_radius": 6.0,
        "interest_time": 45.0,
        "remove_item_time": 1.0,
        "carried_item_switch_time": 2.0,
        "cooldown": 2.0
      },
      "minecraft:trade_table": {
        "display_name": "entity.alien_being:friendly_nitwit_witch.name",
        "table": "trades/entities/nitwitch_trades.json",
        "convert_trades_economy": true,
        "new_screen": true
      },
      "minecraft:behavior.look_at_player": {
        "priority": 5,
        "look_distance": 8.0
      },
      "minecraft:behavior.random_look_around": {
        "priority": 5,
        "look_distance": 8.0
      },
      "minecraft:behavior.hurt_by_target": {
        "priority": 3,
        "entity_types": {
          "filters": {
            "test": "is_family",
            "subject": "other",
            "operator": "!=",
            "value": "village"
          }
        }
      },
      "minecraft:damage_sensor": {
        "triggers": [
          {
            "on_damage": {
              "filters": {
                "any_of": [
                  {
                    "test": "is_family",
                    "subject": "other",
                    "value": "village"
                  },
                  {
                    "test": "is_family",
                    "subject": "other",
                    "value": "villager"
                  }
                ]
              }
            },
            "deals_damage": false
          }
        ]
      },
      "minecraft:behavior.nearest_attackable_target": {
        "priority": 2,
        "within_radius": 60,
        "must_reach": true,
        "entity_types": [
          {
            "filters": {
              "all_of": [
                {
                  "test": "is_family",
                  "subject": "other",
                  "value": "monster"
                },
                {
                  "test": "is_family",
                  "subject": "other",
                  "operator": "!=",
                  "value": "creeper"
                }
              ]
            },
            "max_dist": 24,
            "must_see": true
          },
          {
            "filters": {
              "all_of": [
                {
                  "test": "is_family",
                  "subject": "other",
                  "value": "illager"
                }
              ]
            },
            "max_dist": 48,
            "must_see": false
          }
        ]
      },
      "minecraft:persistent": {},
      "minecraft:healable": {
        "force_use": false,
        "items": [
          {
            "item": "minecraft:golden_apple",
            "heal_amount": 3,
            "effects": [
              {
                "name": "absorption",
                "amplifier": 2,
                "duration": 24
              },
              {
                "name": "regeneration",
                "amplifier": 2,
                "duration": 120
              }
            ]
          },
          {
            "item": "minecraft:bread",
            "heal_amount": 10
          }
        ]
      },
      "minecraft:physics": {
      },
      "minecraft:follow_range": {
        "value": 64
      },
      "minecraft:experience_reward": {
        "on_death": "query.last_hit_by_player ? 10 : 0"
      },
      "minecraft:scale": {
        "value": 1
      },
      "minecraft:behavior.owner_hurt_by_target": {
        "priority": 1
      },
      "minecraft:behavior.owner_hurt_target": {
        "priority": 2
      }
    },
    "events": {
      "minecraft:entity_spawned": {
        "add": {
          "component_groups": [
            "minecraft:mode_switcher",
            "minecraft:village_created",
            "minecraft:ranged_mode",
            "minecraft:default_targeting"
          ]
        }
      },
      "minecraft:switch_to_melee": {
        "remove": {
          "component_groups": [
            "minecraft:ranged_mode"
          ]
        },
        "add": {
          "component_groups": [
            "minecraft:melee_mode"
          ]
        }
      },
      "minecraft:switch_to_ranged": {
        "remove": {
          "component_groups": [
            "minecraft:melee_mode"
          ]
        },
        "add": {
          "component_groups": [
            "minecraft:ranged_mode"
          ]
        }
      },
      "minecraft:stop_resupply": {
        "remove": {
          "component_groups": [
            "trade_resupply_component_group"
          ]
        }
      },
      "minecraft:resupply_trades": {
        "add": {
          "component_groups": [
            "trade_resupply_component_group"
          ]
        },
        "run_command": {
          "command": [
            "playsound bucket.empty.water @a[r=8] ~~~ 0.8"
          ]
        }
      }, 

      "minecraft:start_celebrating": { // Event must be called exactly this for village to fire it when a raid is won
        "add": { "component_groups": [ "minecraft:celebrate" ] }
      },

      "minecraft:stop_celebrating": {
        "remove": { "component_groups": [ "minecraft:celebrate" ] }
      }
    }
  }
}
