{
  "format_version": "1.12.0",
  "minecraft:entity": {
    "description": {
      "identifier": "minecraft:dragon_fireball",
      "is_spawnable": false,
      "is_summonable": false,
      "is_experimental": false
    },
    "component_groups": {
      "minecraft:exploding": {
        "minecraft:explode": {
          "fuseLength": 0,
          "fuseLit": true,
          "power": 6,
          "causesFire": true,
          "fireAffectedByGriefing": true,
          "destroyAffectedByGriefing": true
        }
      }
    },
    "components": {
			"countdown_to_perish": {
				"minecraft:timer": {
					"looping": false,
					"time": [
						5,
						5
					],
					"time_down_event": {
						"event": "gone"
					}
				}
			},
			"gone": {
				"minecraft:instant_despawn": {}
			},
      "minecraft:collision_box": {
        "width": 0.31,
        "height": 0.31
      },

      "minecraft:projectile": {
        "on_hit": {
          "spawn_aoe_cloud": {
            "radius": 6.0,
            "radius_on_use": 0,
            "potion": 23,
            "particle": "dragonbreath",
            "duration": 30,
            "color": [ 220, 0, 239 ],
            "affect_owner": false,
            "reapplication_delay": 20
            },
           "remove_on_hit": { }
           }
         } 
       }, 
        "power": 0.5,
        "gravity": 0.0,
        "inertia": 1,
        "uncertaintyBase": 0,
        "uncertaintyMultiplier": 0,
        "anchor": 1,
        "offset": [
          0,
          -0.3,
          0
        ],
        "reflectOnHurt": true,
        "catchFire": true,
        "on_hit": {
          "definition_event": {
            "affectProjectile": true,
            "eventTrigger": {
              "event": "minecraft:explode",
              "target": "self"
            }
          }
        }
      },
      "minecraft:physics": {}
    },
    "events": {
		"gone": {
			"add": {
				"component_groups": [
					"gone"
				 ]
		   }
		 }, 
      "minecraft:explode": {
        "add": {
          "component_groups": [
            "minecraft:exploding"
          ]
        }
      }
    }
  }
}
