{
  "format_version": "1.16.100",
  "minecraft:entity": {
    "description": {
      "identifier": "alien_being:evocation_villager",
      "is_spawnable": true,
      "is_summonable": true,
      "is_experimental": false,
      "runtime_identifier": "minecraft:villager_v2"
    },
    "component_groups": {
      "minecraft:celebrate": { // /event entity @e minecraft:start_celebrating
        "minecraft:behavior.celebrate_survive": {
          "priority": 5,
          "fireworks_interval": {
            "range_min": 2.0,
            "range_max": 7.0
          },
          "duration": 30.0,
          "on_celebration_end_event": {
            "event": "minecraft:stop_celebrating",
            "target": "self"
          }
        },
        "minecraft:behavior.drop_item_for": {
          "priority": 1,
          "cooldown": 3.75,
          "drop_item_chance": 1.0,
          "offering_distance": 2.75,
          "max_head_look_at_height": 5.0,
          "minimum_teleport_distance": 48.0,
          "target_range": [ 4.5, 4.5, 4.5 ],
          "time_of_day_range": [ 0, 1 ],
          "seconds_before_pickup": 0.0,
          "search_range": 5,
          "search_height": 5,
          "search_count": 0,
          "speed_multiplier": 0.85,
          "goal_radius": 2.0,
          "entity_types": [
            {
              "filters": [
                {
                  "test": "is_family",
                  "subject": "other",
                  "value": "player"
                },
                {
                  "test": "distance_to_nearest_player",
                  "operator": "<=",
                  "value": 4.5
                }
              ],
              "max_dist": 5
            }
          ],
          "loot_table": "loot_tables/entities/villoker_gifts_lootbox.json"
        },
        "minecraft:behavior.move_outdoors": {
          "priority": 2,
          "speed_multiplier": 0.8,
          "timeout_cooldown": 8.0
        }
      },
      "minecraft:village_created": {
        "minecraft:behavior.defend_village_target": {
          "priority": 0,
          "must_reach": false,
          "attack_chance": 1.0,
          "entity_types": {
            "filters": {
              "any_of": [
                {
                  "test": "is_family",
                  "subject": "other",
                  "value": "mob"
                },
                {
                  "test": "is_family",
                  "subject": "other",
                  "value": "player"
                },
                {
                  "test": "is_family",
                  "subject": "other",
                  "operator": "!=",
                  "value": "village"
                }
              ]
            }
          }
        },
        "minecraft:angry": {
          "broadcast_anger": true,
          "broadcast_anger_on_attack": true,
          "broadcast_anger_on_being_attacked": true,
          "broadcast_range": 64,
          "broadcast_targets": [
            "village"
          ]
        }
      },


      //schedules

      "basic_schedule": {
        "minecraft:scheduler": {
          "min_delay_secs": 0,
          "max_delay_secs": 10,
          "scheduled_events": [
            {
              "filters": {
                "all_of": [
                  {
                    "test": "hourly_clock_time",
                    "operator": ">=",
                    "value": 0
                  },
                  {
                    "test": "hourly_clock_time",
                    "operator": "<",
                    "value": 8000
                  }
                ]
              },
              "event": "minecraft:schedule_work_villager"
            },
            {
              "filters": {
                "all_of": [
                  {
                    "test": "hourly_clock_time",
                    "operator": ">=",
                    "value": 8000
                  },
                  {
                    "test": "hourly_clock_time",
                    "operator": "<",
                    "value": 10000
                  }
                ]
              },
              "event": "minecraft:schedule_gather_villager"
            },
            {
              "filters": {
                "all_of": [
                  {
                    "test": "hourly_clock_time",
                    "operator": ">=",
                    "value": 10000
                  },
                  {
                    "test": "hourly_clock_time",
                    "operator": "<",
                    "value": 11000
                  }
                ]
              },
              "event": "minecraft:schedule_wander_villager"
            },
            {
              "filters": {
                "all_of": [
                  {
                    "test": "hourly_clock_time",
                    "operator": ">=",
                    "value": 11000
                  },
                  {
                    "test": "hourly_clock_time",
                    "operator": "<",
                    "value": 12000
                  }
                ]
              },
              "event": "minecraft:schedule_home_villager"
            },
            {
              "filters": {
                "all_of": [
                  {
                    "test": "hourly_clock_time",
                    "operator": ">=",
                    "value": 12000
                  },
                  {
                    "test": "hourly_clock_time",
                    "operator": "<",
                    "value": 24000
                  }
                ]
              },
              "event": "minecraft:schedule_bed_villager"
            }
          ]
        }
      },

      "child_schedule": {
        "minecraft:scheduler": {
          "min_delay_secs": 0,
          "max_delay_secs": 10,
          "scheduled_events": [
            {
              "filters": {
                "all_of": [
                  {
                    "test": "hourly_clock_time",
                    "operator": ">=",
                    "value": 0
                  },
                  {
                    "test": "hourly_clock_time",
                    "operator": "<",
                    "value": 11000
                  }
                ]
              },
              "event": "minecraft:schedule_play_villager"
            },
            {
              "filters": {
                "all_of": [
                  {
                    "test": "hourly_clock_time",
                    "operator": ">=",
                    "value": 11000
                  },
                  {
                    "test": "hourly_clock_time",
                    "operator": "<",
                    "value": 12000
                  }
                ]
              },
              "event": "minecraft:schedule_home_villager"
            },
            {
              "filters": {
                "all_of": [
                  {
                    "test": "hourly_clock_time",
                    "operator": ">=",
                    "value": 12000
                  },
                  {
                    "test": "hourly_clock_time",
                    "operator": "<",
                    "value": 24000
                  }
                ]
              },
              "event": "minecraft:schedule_bed_villager"
            }
          ]
        }
      },


      "work_schedule_villager": {
        "minecraft:behavior.work": {
          "priority": 6,
          "active_time": 250,
          "speed_multiplier": 0.5,
          "goal_cooldown": 200,
          "sound_delay_min": 100,
          "sound_delay_max": 200,
          "can_work_in_rain": false,
          "work_in_rain_tolerance": 100,
          "on_arrival": {
            "event": "minecraft:resupply_trades",
            "target": "self"
          }
        }
      },

      "trade_resupply_component_group": {
        "minecraft:trade_resupply": {}
      },

      "play_schedule_villager": {
        "minecraft:behavior.play": {
          "priority": 8,
          "speed_multiplier": 0.32
        }
      },

      "gather_schedule_villager": {
        "minecraft:behavior.mingle": {
          "priority": 7,
          "speed_multiplier": 0.5,
          "duration": 30,
          "cooldown_time": 10,
          "mingle_partner_type": "minecraft:villager_v2",
          "mingle_distance": 2.0
        }
      },

      "home_schedule_villager": {},

      "bed_schedule_villager": {
        "minecraft:behavior.sleep": {
          "priority": 3,
          "goal_radius": 1.5,
          "speed_multiplier": 0.6,
          "sleep_collider_height": 0.3,
          "sleep_collider_width": 1.0,
          "sleep_y_offset": 0.6,
          "timeout_cooldown": 10.0
        }
      },


      "wander_schedule_villager": {
        "minecraft:behavior.explore_outskirts": {
          "priority": 9,
          "next_xz": 5,
          "next_y": 3,
          "min_wait_time": 3.0,
          "max_wait_time": 10.0,
          "max_travel_time": 60.0,
          "speed_multiplier": 0.6,
          "explore_dist": 6.0,
          "min_perimeter": 1.0,
          "min_dist_from_target": 2.5,
          "timer_ratio": 2.0,
          "dist_from_boundary": [ 5.0, 0.0, 5.0 ]
        }
      },


      // Default targeting

      "default_targeting": {
        "minecraft:environment_sensor": {
          "triggers": [
            {
              "filters": {
                "all_of": [
                  {
                    "test": "is_in_village",
                    "subject": "self",
                    "operator": "==",
                    "value": true
                  }
                ]
              },
              "event": "default_targeting_inside_village"
            },
            {
              "filters": {
                "all_of": [
                  {
                    "test": "is_in_village",
                    "subject": "self",
                    "operator": "==",
                    "value": false
                  }
                ]
              },
              "event": "default_targeting_outside_village"
            }
          ]
        }
      },

      "default_targeting_inside_village": {
        "minecraft:behavior.nearest_prioritized_attackable_target": {
          "priority": 4,
          "set_persistent": true,
          "reselect_targets": true,
          "entity_types": [
            {
              "priority": 2,
              "filters": [
                {
                  "test": "is_family",
                  "subject": "other",
                  "value": "illager"
                }
              ],
              "max_dist": 48,
              "must_see": false
            },
            {
              "priority": 3,
              "filters": [
                {
                  "test": "is_family",
                  "subject": "other",
                  "value": "monster"
                },
                {
                  "test": "is_family",
                  "subject": "other",
                  "operator": "!=",
                  "value": "creeper"
                },
                {
                  "test": "is_family",
                  "subject": "other",
                  "operator": "!=",
                  "value": "phantom"
                }
              ],
              "max_dist": 32,
              "must_see": true
            }
          ]
        },
        "minecraft:timer": {
          "looping": false,
          "time": 60,
          "time_down_event": {
            "event": "default_targeting"
          }
        }
      },

      "default_targeting_outside_village": {
        "minecraft:behavior.nearest_prioritized_attackable_target": {
          "priority": 4,
          "set_persistent": true,
          "reselect_targets": true,
          "must_reach": true,
          "must_see": true,
          "entity_types": [
            {
              "priority": 2,
              "filters": [
                {
                  "test": "is_family",
                  "subject": "other",
                  "value": "illager"
                }
              ],
              "max_dist": 32
            },
            {
              "priority": 3,
              "filters": [
                {
                  "test": "is_family",
                  "subject": "other",
                  "value": "monster"
                },
                {
                  "test": "is_family",
                  "subject": "other",
                  "operator": "!=",
                  "value": "creeper"
                },
                {
                  "test": "is_family",
                  "subject": "other",
                  "operator": "!=",
                  "value": "phantom"
                }
              ],
              "max_dist": 16
            }
          ]
        },
        "minecraft:timer": {
          "looping": false,
          "time": 120,
          "time_down_event": {
            "event": "default_targeting"
          }
        }
      },


      //Life Stages

      "baby": {
        "minecraft:is_baby": {},
        "minecraft:scale": {
          "value": 0.6
        },
        "minecraft:ageable": {
          "duration": 2400,
          "grow_up": {
            "event": "minecraft:ageable_grow_up",
            "target": "self"
          }
        },
        "minecraft:behavior.avoid_mob_type": {
          "priority": 4,
          "entity_types": [
            {
              "filters": {
                "any_of": [
                  {
                    "test": "is_family",
                    "subject": "other",
                    "value": "zombie"
                  },
                  {
                    "test": "is_family",
                    "subject": "other",
                    "value": "zombie_villager"
                  },
                  {
                    "test": "is_family",
                    "subject": "other",
                    "value": "illager"
                  }
                ]
              },
              "max_dist": 8,
              "walk_speed_multiplier": 0.75,
              "sprint_speed_multiplier": 0.75
            }
          ]
        },
        "minecraft:behavior.take_flower": {
          "priority": 9
        },
        "minecraft:preferred_path": {
          "max_fall_blocks": 1,
          "jump_cost": 5,
          "default_block_cost": 1.5,
          "preferred_path_blocks": [
            {
              "cost": 0,
              "blocks": [
                "grass_path"
              ]
            },
            {
              "cost": 1,
              "blocks": [
                "cobblestone",
                "stone",
                "stonebrick",
                "sandstone",
                "mossy_cobblestone",
                "stone_slab",
                "stone_slab2",
                "stone_slab3",
                "stone_slab4",
                "double_stone_slab",
                "double_stone_slab2",
                "double_stone_slab3",
                "double_stone_slab4",
                "wooden_slab",
                "double_wooden_slab",
                "planks",
                "brick_block",
                "nether_brick",
                "red_nether_brick",
                "end_bricks",
                "red_sandstone",
                "stained_glass",
                "glass",
                "glowstone",
                "prismarine",
                "emerald_block",
                "diamond_block",
                "lapis_block",
                "gold_block",
                "redstone_block",
                "purple_glazed_terracotta",
                "white_glazed_terracotta",
                "orange_glazed_terracotta",
                "magenta_glazed_terracotta",
                "light_blue_glazed_terracotta",
                "yellow_glazed_terracotta",
                "lime_glazed_terracotta",
                "pink_glazed_terracotta",
                "gray_glazed_terracotta",
                "silver_glazed_terracotta",
                "cyan_glazed_terracotta",
                "blue_glazed_terracotta",
                "brown_glazed_terracotta",
                "green_glazed_terracotta",
                "red_glazed_terracotta",
                "black_glazed_terracotta"
              ]
            },
            {
              "cost": 50,
              "blocks": [
                "bed",
                "lectern",
                "composter",
                "grindstone",
                "blast_furnace",
                "smoker",
                "fletching_table",
                "cartography_table",
                "brewing_stand",
                "smithing_table",
                "cauldron",
                "barrel",
                "loom",
                "stonecutter"
              ]
            }
          ]
        }
      },

      "baby_summoning_abilities": {
        "minecraft:behavior.summon_entity": {
          "priority": 1,
          "summon_choices": [
            {
              "min_activation_range": 0.0,
              "max_activation_range": 3.5,
              "cooldown_time": 1.25,
              "weight": 80.0,
              "cast_duration": 0.5,
              "particle_color": "#FF664D59",
              "start_sound_event": "cast.spell",
              "sequence": [
                {
                  "shape": "circle",
                  "target": "self",
                  "base_delay": 1.0,
                  "delay_per_summon": 0.0,
                  "num_entities_spawned": 5,
                  "entity_type": "minecraft:evocation_fang",
                  "size": 1.5,
                  "entity_lifespan": 1.1,
                  "sound_event": "prepare.attack"
                },
                {
                  "shape": "circle",
                  "target": "self",
                  "base_delay": 0.1,
                  "delay_per_summon": 0.0,
                  "num_entities_spawned": 8,
                  "entity_type": "minecraft:evocation_fang",
                  "size": 2.5,
                  "entity_lifespan": 1.1
                },
                {
                  "shape": "circle",
                  "target": "self",
                  "base_delay": 0.3,
                  "delay_per_summon": 0.0,
                  "num_entities_spawned": 1,
                  "entity_type": "villoker:healing_1",
                  "size": 1.0,
                  "entity_lifespan": 2.5
                }
              ]
            },
            {
              "max_activation_range": 24.0,
              "weight": 80.0,
              "cooldown_time": 0.5,
              "cast_duration": 1.3,
              "particle_color": "#FF664D59",
              "start_sound_event": "cast.spell",
              "sequence": [
                {
                  "shape": "line",
                  "target": "self",
                  "base_delay": 1.0,
                  "delay_per_summon": 0.05,
                  "num_entities_spawned": 16,
                  "entity_type": "minecraft:evocation_fang",
                  "size": 20,
                  "entity_lifespan": 1.1
                }
              ]
            },
            {
              "min_activation_range": 6.0,
              "weight": 30.0,
              "cooldown_time": 36,
              "cast_duration": 2.4,
              "particle_color": "#FFB3B3CC",
              "sequence": [
                {
                  "shape": "circle",
                  "target": "self",
                  "base_delay": 2.2,
                  "num_entities_spawned": 3,
                  "entity_type": "alien_being:evocation_villager_vex",
                  "summon_cap": 8,
                  "summon_cap_radius": 16.0,
                  "size": 1.4,
                  "sound_event": "prepare.summon",
                  "entity_lifespan": 35
                },
                {
                  "shape": "circle",
                  "target": "self",
                  "base_delay": 0.3,
                  "delay_per_summon": 0.0,
                  "num_entities_spawned": 1,
                  "entity_type": "villoker:healing_2",
                  "size": 1.0,
                  "entity_lifespan": 2.5
                }
              ]
            },
            {
              "min_activation_range": 12.0,
              "weight": 10.0,
              "cooldown_time": 50,
              "cast_duration": 5.6,
              "particle_color": "#FF00AAAA",
              "sequence": [
                {
                  "shape": "circle",
                  "target": "self",
                  "base_delay": 2.0,
                  "num_entities_spawned": 4,
                  "entity_type": "alien_being:friendly_pillager",
                  "summon_cap": 12,
                  "summon_cap_radius": 30,
                  "entity_lifespan": 80,
                  "size": 2.5
                },
                {
                  "shape": "circle",
                  "target": "self",
                  "base_delay": 0.2,
                  "num_entities_spawned": 3,
                  "entity_type": "alien_being:friendly_vindicator",
                  "summon_cap": 10,
                  "summon_cap_radius": 25,
                  "entity_lifespan": 80,
                  "size": 1.5
                },
                {
                  "shape": "circle",
                  "target": "self",
                  "base_delay": 3.0,
                  "delay_per_summon": 0.0,
                  "num_entities_spawned": 1,
                  "entity_type": "minecraft:iron_golem",
                  "size": 1.2
                },
                {
                  "shape": "circle",
                  "target": "self",
                  "base_delay": 0.3,
                  "delay_per_summon": 0.0,
                  "num_entities_spawned": 1,
                  "entity_type": "villoker:healing_3",
                  "size": 1.0,
                  "entity_lifespan": 2.5
                }
              ]
            }
          ]
        }
      },

      "adult": {
        "minecraft:behavior.trade_interest": {
          "priority": 5,
          "within_radius": 6.0,
          "interest_time": 45.0,
          "remove_item_time": 1.0,
          "carried_item_switch_time": 2.0,
          "cooldown": 2.0
        },
        "minecraft:economy_trade_table": {
          "display_name": "entity.alien_being:evocation_villager.name",
          "table": "trades/entities/evocation_villager_trades.json",
          "new_screen": true,
          "persist_trades": true,
          "cured_discount": [ -100, -100 ],
          "max_cured_discount": [ -500, -500 ]
        },
        "minecraft:dweller": {
          "dwelling_type": "village",
          "dweller_role": "inhabitant",
          "preferred_profession": "fisherman",
          "update_interval_base": 60,
          "update_interval_variant": 40,
          "can_find_poi": true,
          "can_migrate": true,
          "first_founding_reward": 5
        },
        "minecraft:behavior.make_love": {
          "priority": 5
        },
        "minecraft:behavior.receive_love": {
          "priority": 6
        },
        "minecraft:preferred_path": {
          "max_fall_blocks": 1,
          "jump_cost": 20,
          "default_block_cost": 3,
          "preferred_path_blocks": [
            {
              "cost": 0,
              "blocks": [
                "grass_path"
              ]
            },
            {
              "cost": 1,
              "blocks": [
                "cobblestone",
                "stone",
                "stonebrick",
                "sandstone",
                "mossy_cobblestone",
                "stone_slab",
                "stone_slab2",
                "stone_slab3",
                "stone_slab4",
                "double_stone_slab",
                "double_stone_slab2",
                "double_stone_slab3",
                "double_stone_slab4",
                "wooden_slab",
                "double_wooden_slab",
                "planks",
                "brick_block",
                "nether_brick",
                "red_nether_brick",
                "end_bricks",
                "red_sandstone",
                "stained_glass",
                "glass",
                "glowstone",
                "prismarine",
                "emerald_block",
                "diamond_block",
                "lapis_block",
                "gold_block",
                "redstone_block",
                "purple_glazed_terracotta",
                "white_glazed_terracotta",
                "orange_glazed_terracotta",
                "magenta_glazed_terracotta",
                "light_blue_glazed_terracotta",
                "yellow_glazed_terracotta",
                "lime_glazed_terracotta",
                "pink_glazed_terracotta",
                "gray_glazed_terracotta",
                "silver_glazed_terracotta",
                "cyan_glazed_terracotta",
                "blue_glazed_terracotta",
                "brown_glazed_terracotta",
                "green_glazed_terracotta",
                "red_glazed_terracotta",
                "black_glazed_terracotta"
              ]
            },
            {
              "cost": 50,
              "blocks": [
                "bed",
                "lectern",
                "composter",
                "grindstone",
                "blast_furnace",
                "smoker",
                "fletching_table",
                "cartography_table",
                "brewing_stand",
                "smithing_table",
                "cauldron",
                "barrel",
                "loom",
                "stonecutter"
              ]
            }
          ]
        }
      },

      "adult_summoning_abilities": {
        "minecraft:behavior.summon_entity": {
          "priority": 1,
          "summon_choices": [
            {
              "min_activation_range": 0.0,
              "max_activation_range": 3.5,
              "cooldown_time": 1.05,
              "weight": 80,
              "cast_duration": 0.5,
              "particle_color": "#FF664D59",
              "start_sound_event": "cast.spell",
              "sequence": [
                {
                  "shape": "circle",
                  "target": "self",
                  "base_delay": 1.0,
                  "delay_per_summon": 0.0,
                  "num_entities_spawned": 5,
                  "entity_type": "minecraft:evocation_fang",
                  "size": 1.5,
                  "entity_lifespan": 1.1,
                  "sound_event": "prepare.attack"
                },
                {
                  "shape": "circle",
                  "target": "self",
                  "base_delay": 0.1,
                  "delay_per_summon": 0.0,
                  "num_entities_spawned": 8,
                  "entity_type": "minecraft:evocation_fang",
                  "size": 2.5,
                  "entity_lifespan": 1.1
                },
                {
                  "shape": "circle",
                  "target": "self",
                  "base_delay": 0.3,
                  "delay_per_summon": 0.0,
                  "num_entities_spawned": 1,
                  "entity_type": "villoker:healing_1",
                  "size": 1.0,
                  "entity_lifespan": 2.5
                }
              ]
            },
            {
              "max_activation_range": 24.0,
              "weight": 80,
              "cooldown_time": 0.5,
              "cast_duration": 1.3,
              "particle_color": "#FF664D59",
              "start_sound_event": "cast.spell",
              "sequence": [
                {
                  "shape": "line",
                  "target": "self",
                  "base_delay": 1.0,
                  "delay_per_summon": 0.05,
                  "num_entities_spawned": 16,
                  "entity_type": "minecraft:evocation_fang",
                  "size": 20,
                  "entity_lifespan": 1.1
                }
              ]
            },
            {
              "min_activation_range": 6.0,
              "weight": 30,
              "cooldown_time": 40,
              "cast_duration": 2.4,
              "particle_color": "#FFB3B3CC",
              "sequence": [
                {
                  "shape": "circle",
                  "target": "self",
                  "base_delay": 2.2,
                  "num_entities_spawned": 3,
                  "entity_type": "alien_being:evocation_villager_vex",
                  "sound_event": "prepare.summon",
                  "entity_lifespan": 50,
                  "summon_cap_radius": 16.0,
                  "summon_cap": 8,
                  "size": 1.4
                }, 
                {
                  "shape": "circle",
                  "target": "self",
                  "base_delay": 0.3,
                  "delay_per_summon": 0.0,
                  "num_entities_spawned": 1,
                  "entity_type": "villoker:healing_2",
                  "size": 1.0,
                  "entity_lifespan": 2.5
                } 
              ]
            },
            {
              "min_activation_range": 8.0,
              "weight": 10,
              "cooldown_time": 50,
              "cast_duration": 5.6,
              "particle_color": "#FF00AAAA",
              "sequence": [
                {
                  "shape": "circle",
                  "target": "self",
                  "base_delay": 2.0,
                  "num_entities_spawned": 7,
                  "entity_type": "alien_being:friendly_pillager",
                  "summon_cap_radius": 30,
                  "summon_cap": 12,
                  "size": 2.5
                },
                {
                  "shape": "circle",
                  "target": "self",
                  "base_delay": 0.2,
                  "num_entities_spawned": 5,
                  "entity_type": "alien_being:friendly_vindicator",
                  "summon_cap_radius": 25,
                  "summon_cap": 10,
                  "size": 1.5
                },
                {
                  "shape": "circle",
                  "target": "self",
                  "base_delay": 3.0,
                  "delay_per_summon": 0.0,
                  "num_entities_spawned": 1,
                  "entity_type": "minecraft:iron_golem",
                  "size": 1.2
                }
              ]
            },
            {
              "min_activation_range": 10.0,
              "weight": 15,
              "cooldown_time": 65,
              "cast_duration": 6.5,
              "particle_color": "#FF49C64E",
              "sequence": [
                {
                  "shape": "circle",
                  "target": "self",
                  "base_delay": 5.0,
                  "num_entities_spawned": 1,
                  "entity_type": "golem:enchanted_iron_golem",
                  "summon_cap_radius": 16.0,
                  "entity_lifespan": 90,
                  "summon_cap": 8,
                  "size": 1.0
                },
                {
                  "shape": "circle",
                  "target": "self",
                  "base_delay": 1.2,
                  "delay_per_summon": 0.0,
                  "num_entities_spawned": 1,
                  "entity_type": "villoker:healing_3",
                  "size": 1.0,
                  "entity_lifespan": 2.5
                }
              ]
            },
            {
              "min_activation_range": 1.5,
              "max_activation_range": 18.0,
              "weight": 5,
              "cooldown_time": 40,
              "cast_duration": 1.8,
              "particle_color": "#FFEFAA00",
              "filters": {
                "all_of": [
                  {
                    "test": "is_family",
                    "subject": "target",
                    "operator": "!=",
                    "value": "player"
                  },
                  {
                    "test": "has_tag",
                    "subject": "self",
                    "operator": "!=",
                    "value": "using_full_potential"
                  }
                ]
              },
              "start_sound_event": "beacon.power",
              "sequence": [
                {
                  "shape": "circle",
                  "target": "self",
                  "base_delay": 1.0,
                  "num_entities_spawned": 1,
                  "entity_type": "villoker:healing_4",
                  "summon_cap": 8,
                  "summon_cap_radius": 16.0,
                  "entity_lifespan": 0.5,
                  "size": 1.0
                }
              ]
            }
          ]
        }
      },

      "by_player:full_potential_unlocking": {
        "minecraft:spell_effects": {
          "add_effects": [
            {
              "effect": "resistance",
              "amplifier": 3,
              "visible": false,
              "ambient": false,
              "duration": 99999
            },
            {
              "effect": "strength",
              "amplifier": 14,
              "visible": true,
              "ambient": false,
              "duration": 180
            },
            {
              "effect": "speed",
              "amplifier": 5,
              "visible": true,
              "ambient": false,
              "duration": 180
            },
            {
              "effect": "health_boost",
              "amplifier": 24,
              "visible": true,
              "ambient": false,
              "duration": 240
            },
            {
              "effect": "regeneration",
              "amplifier": 8,
              "visible": true,
              "ambient": false,
              "duration": 180
            },
            {
              "effect": "absorption",
              "amplifier": 16,
              "visible": false,
              "ambient": false,
              "duration": 120
            },
            {
              "effect": "instant_health",
              "amplifier": 24,
              "visible": true,
              "ambient": false,
              "duration": 6
            }
          ],
          "remove_effects": [ "poison", "wither" ]
        },
        "minecraft:mob_effect": {
          "mob_effect": "wither",
          "effect_range": 24,
          "effect_time": 12,
          "entity_filter": {
            "all_of": [
              {
                "test": "is_family",
                "subject": "other",
                "operator": "==",
                "value": "monster"
              }
            ]
          }
        },
        "minecraft:timer": {
          "looping": false,
          "time": 840,
          "time_down_event": {
            "event": "minecraft:become_calm"
          }
        }
      },
      "full_potential_unlocking": {
        "minecraft:spell_effects": {
          "add_effects": [
            {
              "effect": "resistance",
              "amplifier": 3,
              "visible": false,
              "ambient": false,
              "duration": 99999
            },
            {
              "effect": "health_boost",
              "amplifier": 12,
              "visible": true,
              "ambient": false,
              "duration": 120
            },
            {
              "effect": "strength",
              "amplifier": 12,
              "visible": true,
              "ambient": false,
              "duration": 60
            },
            {
              "effect": "speed",
              "amplifier": 4,
              "visible": true,
              "ambient": false,
              "duration": 60
            },
            {
              "effect": "regeneration",
              "amplifier": 5,
              "visible": true,
              "ambient": false,
              "duration": 60
            },
            {
              "effect": "absorption",
              "amplifier": 10,
              "visible": false,
              "ambient": false,
              "duration": 60
            },
            {
              "effect": "instant_health",
              "amplifier": 12,
              "visible": true,
              "ambient": false,
              "duration": 3
            }
          ],
          "remove_effects": [ "poison", "wither" ]
        },
        "minecraft:mob_effect": {
          "mob_effect": "wither",
          "effect_range": 10,
          "effect_time": 2,
          "entity_filter": {
            "all_of": [
              {
                "test": "is_family",
                "subject": "other",
                "operator": "==",
                "value": "monster"
              }
            ]
          }
        },
        "minecraft:timer": {
          "looping": false,
          "time": 600,
          "time_down_event": {
            "event": "minecraft:become_calm"
          }
        }
      },
      "power_up_roar": {
        "minecraft:behavior.knockback_roar": {
          "priority": 1,
          "duration": 1.2,
          "attack_time": 0.5,
          "knockback_damage": 12,
          "knockback_strength": 24,
          "knockback_range": 5,
          "knockback_filters": {
            "test": "is_family",
            "subject": "other",
            "operator": "!=",
            "value": "village"
          },
          "damage_filters": [
            {
              "test": "is_family",
              "subject": "other",
              "value": "monster"
            },
            {
              "test": "is_family",
              "subject": "target"
            }
          ],
          "on_roar_end": {
            "event": "minecraft:end_roar"
          },
          "cooldown_time": 0.25
        }
      },
      "minecraft:become_calm": {
        "minecraft:spell_effects": {
          "remove_effects": [ "poison", "wither" ], //[ "strength", "speed", "poison", "wither" ]
          "add_effects": [
            {
              "effect": "resistance",
              "amplifier": 3,
              "visible": false,
              "ambient": false,
              "duration": 99999
            },
            {
              "effect": "regeneration",
              "amplifier": 2,
              "visible": true,
              "ambient": false,
              "duration": 60
            },
            {
              "effect": "instant_health",
              "amplifier": 3,
              "visible": true,
              "ambient": false,
              "duration": 12
            }
          ]
        }
      },
      "on_target_defeted": {
        "minecraft:combat_regeneration": {
          "regeneration_duration": 5,
          "apply_to_self": true,
          "apply_to_family": true
        }
      },
      "despawn_on_death": {
        "minecraft:experience_reward": {
          "on_death": "10"
        },
        "minecraft:loot": {
          "table": "loot_tables/entities/villager_evocation_illager.json"
        }
      }
    },
    "components": {
      "minecraft:is_hidden_when_invisible": {},
      "minecraft:type_family": {
        "family": [
          "evocation_villager",
          "villager",
          "fisherman",
          "village",
          "mob"
        ]
      },
      "minecraft:breathable": {
        "totalSupply": 15,
        "suffocateTime": 0
      },
      "minecraft:boss": { //§a = limeGreen, §l = large font
        "name": "§a§lVilloker",
        "hud_range": 12
      },
      "minecraft:nameable": {},
      "minecraft:health": {
        "value": 80,
        "max": 80
      },
      "minecraft:spell_effects": {
        "add_effects": [
          {
            "effect": "resistance",
            "amplifier": 3,
            "visible": false,
            "ambient": false,
            "duration": 99999
          },
          {
            "effect": "regeneration",
            "amplifier": 2,
            "visible": true,
            "ambient": false,
            "duration": 90
          },
          {
            "effect": "instant_health",
            "amplifier": 3,
            "visible": true,
            "ambient": false,
            "duration": 12
          }
        ]
      },
      "minecraft:spawn_entity": {
        "entities": [
          {
            "min_wait_time": 0,
            "max_wait_time": 0,
            "spawn_entity": "alien_being:vindo",
            "single_use": true,
            "num_to_spawn": 1
          }
        ]
      },
      "minecraft:scale": {
        "value": 1
      },
      "minecraft:collision_box": {
        "width": 0.6,
        "height": 1.9
      },
      "minecraft:hide": {},
      "minecraft:movement": {
        "value": 0.32
      },
      "minecraft:navigation.walk": {
        "can_path_over_water": true,
        "can_pass_doors": true,
        "can_open_doors": true,
        "avoid_water": true
      },
      "minecraft:equip_item": {},
      "minecraft:movement.basic": {},
      "minecraft:jump.static": {},
      "minecraft:can_climb": {},
      "minecraft:annotation.open_door": {},
      "minecraft:inventory": {
        "inventory_size": 8,
        "private": true
      },
      "minecraft:behavior.open_door": {
        "priority": 2,
        "close_door_after": true
      },
      "minecraft:behavior.float": {
        "priority": 0
      },
      "minecraft:behavior.send_event": {
        "priority": 1,
        "event_choices": [
          {
            "max_activation_range": 8.0,
            "cooldown_time": 18,
            "cast_duration": 4.5,
            "particle_color": "#FF972FED",
            "weight": 2.5,
            "filters": {
              "all_of": [
                {
                  "test": "is_family",
                  "subject": "other",
                  "value": "irongolem"
                },
                {
                  "test": "is_family",
                  "subject": "other",
                  "operator": "!=",
                  "value": "enchanted"
                },
                {
                  "test": "has_target",
                  "subject": "self",
                  "operator": "!=",
                  "value": true
                }
              ]
            },
            "start_sound_event": "cast.spell",
            "sequence": [
              {
                "base_delay": 3.0,
                "sound_event": "beacon.activate",
                "event": "become_enchanted"
              }
            ]
          },
          {
            "min_activation_range": 6.0,
            "max_activation_range": 14.0,
            "cooldown_time": 24,
            "cast_duration": 3.6,
            "particle_color": "#FFD642B6",
            "weight": 1.5,
            "filters": {
              "all_of": [
                {
                  "test": "is_family",
                  "subject": "other",
                  "value": "illager"
                },
                {
                  "test": "is_target",
                  "subject": "self",
                  "operator": "!=",
                  "value": true
                }
              ],
              "any_of": [
                {
                  "test": "is_family",
                  "subject": "target",
                  "operator": "==",
                  "value": "pillager"
                },
                {
                  "test": "is_family",
                  "subject": "target",
                  "operator": "==",
                  "value": "vindicator"
                },
                {
                  "test": "is_family",
                  "subject": "target",
                  "operator": "==",
                  "value": "ravager"
                }
              ]
            },
            "start_sound_event": "prepare.wololo",
            "sequence": [
              {
                "base_delay": 2.0,
                "sound_event": "prepare.wololo",
                "event": "become_friendly"
              }
            ]
          },
          {
            "max_activation_range": 8.0,
            "cooldown_time": 7.5,
            "cast_duration": 1.5,
            "particle_color": "#FFF9FF4C",
            "weight": 4.5,
            "filters": {
              "all_of": [
                {
                  "test": "is_family",
                  "subject": "other",
                  "value": "creeper"
                },
                {
                  "test": "has_component",
                  "subject": "other",
                  "operator": "==",
                  "value": "minecraft:explode"
                }
              ]
            },
            "start_sound_event": "prepare.wololo",
            "sequence": [
              {
                "base_delay": 0.6,
                "sound_event": "cast.spell",
                "event": "minecraft:stop_exploding"
              }
            ]
          }
        ]
      },
      "minecraft:on_target_acquired": {
        "event": "by_player:full_potential_unlocking",
        "filters": {
          "all_of": [
            {
              "test": "is_family",
              "subject": "target",
              "operator": "==",
              "value": "player"
            },
            {
              "test": "has_tag",
              "subject": "self",
              "operator": "!=",
              "value": "using_full_potential"
            }
          ]
        },
        "target": "self"
      },
      "minecraft:behavior.move_towards_target": {
        "priority": 2,
        "speed_multiplier": 1.05,
        "within_radius": 64
      },
      "minecraft:behavior.hide": {
        "priority": 3,
        "speed_multiplier": 1.25,
        "poi_type": "bed",
        "duration": 60.0,
        "timeout_cooldown": 8.0
      },
      "minecraft:behavior.move_to_village": {
        "priority": 3,
        "speed_multiplier": 1.15
      },
      "minecraft:behavior.move_indoors": {
        "priority": 4,
        "speed_multiplier": 1.05,
        "timeout_cooldown": 40.0
      },
      "minecraft:behavior.move_through_village": {
        "priority": 5,
        "speed_multiplier": 0.85,
        "only_at_night": false
      },
      "minecraft:behavior.trade_with_player": {
        "priority": 2
      },
      "minecraft:behavior.look_at_trading_player": {
        "priority": 7
      },
      "minecraft:behavior.pickup_items": {
        "priority": 4,
        "max_dist": 3,
        "goal_radius": 2,
        "speed_multiplier": 0.5,
        "can_pickup_to_hand_or_equipment": false
      },
      "minecraft:behavior.share_items": {
        "priority": 10,
        "max_dist": 3,
        "goal_radius": 2.0,
        "speed_multiplier": 0.5,
        "entity_types": [
          {
            "filters": {
              "test": "is_family",
              "subject": "other",
              "value": "villager"
            }
          }
        ]
      },
      "minecraft:behavior.look_at_player": {
        "priority": 9,
        "look_distance": 3.0,
        "probability": 1.0
      },
      "minecraft:behavior.look_at_entity": {
        "priority": 10,
        "look_distance": 8.0,
        "filters": {
          "test": "is_family",
          "subject": "other",
          "value": "mob"
        }
      },
      "minecraft:attack": {
        "damage": 6
      },
      "minecraft:behavior.melee_attack": {
        "priority": 2,
        "speed_multiplier": 0.95,
        "reach_multiplier": 1.5,
        "track_target": true
      },
      "minecraft:behavior.nearest_attackable_target": {
        "priority": 1,
        "within_radius": 36.0,
        "reselect_targets": true,
        "must_reach": false,
        "entity_types": [
          {
            "filters": {
              "all_of": [
                {
                  "test": "is_family",
                  "subject": "other",
                  "value": "monster"
                },
                {
                  "test": "is_family",
                  "subject": "other",
                  "operator": "!=",
                  "value": "creeper"
                },
                {
                  "test": "is_family",
                  "subject": "other",
                  "operator": "!=",
                  "value": "phantom"
                }
              ]
            },
            "max_dist": 32.0,
            "walk_speed_multiplier": 0.95,
            "must_see": true
          },
          {
            "filters": {
              "all_of": [
                {
                  "test": "is_family",
                  "subject": "other",
                  "value": "monster"
                },
                {
                  "test": "is_family",
                  "subject": "other",
                  "operator": "!=",
                  "value": "creeper"
                },
                {
                  "test": "is_family",
                  "subject": "other",
                  "operator": "!=",
                  "value": "phantom"
                }
              ]
            },
            "max_dist": 12.0,
            "walk_speed_multiplier": 1.05,
            "must_see": false
          },
          {
            "filters": {
              "all_of": [
                {
                  "test": "is_family",
                  "subject": "other",
                  "value": "phantom"
                }
              ]
            },
            "max_dist": 8.0,
            "walk_speed_multiplier": 0.9,
            "must_see": true
          },
          {
            "filters": {
              "all_of": [
                {
                  "test": "is_family",
                  "subject": "other",
                  "value": "illager"
                }
              ]
            },
            "max_dist": 48.0,
            "walk_speed_multiplier": 1.12,
            "must_see": false
          }
        ]
      },
      "minecraft:on_target_escape": {
        "event": "minecraft:become_calm",
        "target": "self"
      },
      "minecraft:follow_range": {
        "value": 64
      },
      "minecraft:behavior.hurt_by_target": {
        "priority": 2,
        "entity_types": {
          "filters": {
            "test": "is_family",
            "subject": "other",
            "operator": "!=",
            "value": "village"
          }
        }
      },
      "minecraft:damage_sensor": {
        "triggers": [
          {
            "on_damage": {
              "filters": {
                "any_of": [
                  {
                    "test": "is_family",
                    "subject": "other",
                    "value": "village"
                  },
                  {
                    "test": "is_family",
                    "subject": "other",
                    "value": "villager"
                  }
                ]
              }
            },
            "deals_damage": false
          }
        ]
      },
      "minecraft:behavior.move_towards_dwelling_restriction": {
        "priority": 11,
        "speed_multiplier": 0.6
      },
      "minecraft:behavior.random_stroll": {
        "priority": 11,
        "speed_multiplier": 0.6
      },
      "minecraft:flying_speed": {
        "value": 0.02
      },
      "minecraft:healable": {
        "force_use": false,
        "items": [
          {
            "item": "minecraft:golden_apple",
            "heal_amount": 3,
            "effects": [
              {
                "name": "absorption",
                "amplifier": 2,
                "duration": 24
              },
              {
                "name": "regeneration",
                "amplifier": 2,
                "duration": 120
              }
            ]
          },
          {
            "item": "minecraft:bread",
            "heal_amount": 12
          }
        ]
      },
      "minecraft:conditional_bandwidth_optimization": {},
      "minecraft:persistent": {},
      "minecraft:physics": {},
      "minecraft:pushable": {
        "is_pushable": true,
        "is_pushable_by_piston": true
      },
      "minecraft:on_death": {
        "event": "despawn_on_death",
        "target": "self"
      }
    },
    "events": {
      "minecraft:entity_spawned": {
        "sequence": [
          {
            "add": {
              "component_groups": [
                "minecraft:village_created",
                "default_targeting",
                "minecraft:become_calm"
              ]
            }
          },
          {
            "randomize": [
              {
                "weight": 90,
                "add": {
                  "component_groups": [
                    "adult",
                    "adult_summoning_abilities",
                    "basic_schedule"
                  ]
                }
              },
              {
                "weight": 10,
                "add": {
                  "component_groups": [
                    "baby",
                    "baby_summoning_abilities",
                    "child_schedule"
                  ]
                }
              }
            ]
          }
        ]
      },


      // schedules
      "minecraft:schedule_wander_villager": {
        "remove": { "component_groups": [ "home_schedule_villager", "bed_schedule_villager", "wander_schedule_villager", "play_schedule_villager", "trade_resupply_component_group" ] },
        "add": { "component_groups": [ "wander_schedule_villager" ] }
      },

      "minecraft:schedule_gather_villager": {
        "remove": { "component_groups": [ "bed_schedule_villager", "wander_schedule_villager", "home_schedule_villager", "play_schedule_villager", "trade_resupply_component_group" ] },
        "add": { "component_groups": [ "gather_schedule_villager" ] }
      },

      "minecraft:schedule_home_villager": {
        "remove": { "component_groups": [ "bed_schedule_villager", "wander_schedule_villager", "gather_schedule_villager", "play_schedule_villager", "trade_resupply_component_group" ] },
        "add": { "component_groups": [ "home_schedule_villager" ] }
      },

      "minecraft:schedule_bed_villager": {
        "remove": { "component_groups": [ "home_schedule_villager", "gather_schedule_villager", "wander_schedule_villager", "play_schedule_villager", "trade_resupply_component_group" ] },
        "add": { "component_groups": [ "bed_schedule_villager" ] }
      },

      "minecraft:schedule_play_villager": {
        "remove": { "component_groups": [ "home_schedule_villager", "gather_schedule_villager", "wander_schedule_villager", "bed_schedule_villager", "trade_resupply_component_group" ] },
        "add": { "component_groups": [ "play_schedule_villager" ] }
      },

      "minecraft:schedule_work_villager": {
        "remove": { "component_groups": [ "home_schedule_villager", "gather_schedule_villager", "wander_schedule_villager", "bed_schedule_villager", "play_schedule_villager" ] },
        "add": { "component_groups": [ "work_schedule_villager" ] }
      },

      "minecraft:resupply_trades": {
        "add": { "component_groups": [ "trade_resupply_component_group" ] }
      },


      // Full Potential unlocking component groups
      "by_player:full_potential_unlocking": {
        "sequence": [
          {
            "remove": {
              "component_groups": [
                "minecraft:become_calm",
                "on_target_defeted"
              ]
            }
          },
          {
            "randomize": [
              {
                "weight": 25
              },
              {
                "weight": 75,
                "add": {
                  "component_groups": [
                    "by_player:full_potential_unlocking",
                    "power_up_roar"
                  ]
                },
                "run_command": {
                  "command": [
                    "say time to get serious, player",
                    "tag @e[type = alien_being:evocation_villager, r = 1.5] add using_full_potential"
                  ]
                }
              }
            ]
          }
        ]
      },
      "full_potential_unlocking": {
        "sequence": [
          {
            "remove": {
              "component_groups": [
                "minecraft:become_calm",
                "on_target_defeted"
              ]
            }
          },
          {
            "add": {
              "component_groups": [
                "full_potential_unlocking",
                "power_up_roar"
              ]
            },
            "run_command": {
              "command": [
                "tag @e[type = alien_being:evocation_villager, r = 1.5] add using_full_potential",
                "kill @e[type=villoker:healing_4]"
              ]
            }
          }
        ]
      },
      "power_up_roar": {
        "add": {
          "component_groups": [
            "power_up_roar"
          ]
        }
      },
      "minecraft:end_roar": {
        "remove": {
          "component_groups": [
            "power_up_roar"
          ]
        }
      },
      "minecraft:become_calm": {
        "remove": {
          "component_groups": [
            "by_player:full_potential_unlocking",
            "full_potential_unlocking"
          ]
        },
        "add": {
          "component_groups": [
            "minecraft:become_calm"
          ]
        },
        "run_command": {
          "command": [
            "tag @e[type = alien_being:evocation_villager, r = 1.5] remove using_full_potential"
          ]
        }
      },


      // Default targeting
      "default_targeting": {
        "sequence": [
          {
            "add": {
              "component_groups": [
                "default_targeting"
              ]
            }
          },
          {
            "remove": {
              "component_groups": [
                "default_targeting_outside_village",
                "default_targeting_inside_village"
              ]
            }
          }
        ]
      },
      "default_targeting_inside_village": {
        "sequence": [
          {
            "add": {
              "component_groups": [
                "default_targeting_inside_village"
              ]
            }
          },
          {
            "remove": {
              "component_groups": [
                "default_targeting_outside_village",
                "default_targeting"
              ]
            }
          }
        ]
      },
      "default_targeting_outside_village": {
        "sequence": [
          {
            "add": {
              "component_groups": [
                "default_targeting_outside_village"
              ]
            }
          },
          {
            "remove": {
              "component_groups": [
                "default_targeting_inside_village",
                "default_targeting"
              ]
            }
          }
        ]
      },

      "on_target_defeted": {
        "add": {
          "component_groups": [
            "minecraft:become_calm",
            "on_target_defeted"
          ]
        }
      },


      // Summoning abilities
      "adult_summoning_abilities": {
        "sequence": [
          {
            "add": {
              "component_groups": [
                "adult_summoning_abilities"
              ]
            }
          },
          {
            "remove": {
              "component_groups": [
                "baby_summoning_abilities"
              ]
            }
          }
        ]
      },

      "baby_summoning_abilities": {
        "sequence": [
          {
            "add": {
              "component_groups": [
                "baby_summoning_abilities"
              ]
            }
          },
          {
            "remove": {
              "component_groups": [
                "adult_summoning_abilities"
              ]
            }
          }
        ]
      },


      // Growing stages
      "minecraft:as_adult": {
        "add": {
          "component_groups": [
            "minecraft:village_created",
            "default_targeting",
            "minecraft:become_calm",
            "adult",
            "adult_summoning_abilities",
            "basic_schedule"
          ]
        }
      },
      "minecraft:as_baby": {
        "add": {
          "component_groups": [
            "minecraft:village_created",
            "default_targeting",
            "minecraft:become_calm",
            "baby",
            "baby_summoning_abilities",
            "child_schedule"
          ]
        }
      },
      "adult": {
        "add": { "component_groups": [ "adult", "adult_summoning_abilities", "basic_schedule" ] }
      },
      "baby": {
        "add": { "component_groups": [ "baby", "baby_summoning_abilities", "child_schedule" ] }
      },
      "minecraft:ageable_grow_up": {
        "sequence": [
          {
            "add": {
              "component_groups": [
                "adult"
              ]
            }
          },
          {
            "remove": {
              "component_groups": [
                "baby"
              ]
            }
          }
        ]
      },


      // Event must be called exactly this for village to fire it when a raid is won
      "minecraft:start_celebrating": {
        "add": { "component_groups": [ "minecraft:celebrate" ] }
      },
      "minecraft:stop_celebrating": {
        "remove": { "component_groups": [ "minecraft:celebrate" ] }
      },


      // On death
      "despawn_on_death": {
        "add": { "component_groups": [ "despawn_on_death" ] },
        "run_command": {
          "command": [
            "kill @e[type = alien_being:evocation_villager_vex, r = 16]", 
            "say I have died :(" 
          ]
        }
      }
    }
  }
}
