{
  "format_version": "1.16.0",
  "minecraft:entity": {
    "description": {
      "identifier": "alien_being:friendly_ravager",
      "is_spawnable": true,
      "is_summonable": true,
      "is_experimental": false
    },
    "component_groups": {
      "minecraft:celebrate": {
        "minecraft:behavior.celebrate": {
          "priority": 5,
          "celebration_sound": "celebrate",
          "sound_interval": {
            "range_min": 2.0,
            "range_max": 7.0
          },
          "jump_interval": {
            "range_min": 1.0,
            "range_max": 3.5
          },
          "duration": 30.0,
          "on_celebration_end_event": {
            "event": "minecraft:stop_celebrating",
            "target": "self"
          }
        }
      },
      "minecraft:pillager_rider": {
        "minecraft:addrider": {
          "entity_type": "alien_being:friendly_pillager"
        }
      },
      "minecraft:pillager_rider_for_raid": {
        "minecraft:addrider": {
          "entity_type": "alien_being:friendly_pillager",
          "spawn_event": "minecraft:spawn_for_raid"
        }
      },
      "minecraft:evoker_rider_for_raid": {
        "minecraft:addrider": {
          "entity_type": "minecraft:evocation_illager",
          "spawn_event": "minecraft:spawn_for_raid"
        }
      },
      "minecraft:pillager_captain_rider": {
        "minecraft:addrider": {
          "entity_type": "alien_being:friendly_pillager",
          "spawn_event": "minecraft:spawn_as_illager_captain"
        }
      },
      "minecraft:vindicator_rider": {
        "minecraft:addrider": {
          "entity_type": "alien_being:friendly_vindicator"
        }
      },
      "minecraft:vindicator_captain_rider": {
        "minecraft:addrider": {
          "entity_type": "alien_being:friendly_vindicator",
          "spawn_event": "minecraft:spawn_as_illager_captain"
        }
      },
      "minecraft:hostile": {
        "minecraft:movement": {
          "value": 0.3
        },
        "minecraft:behavior.delayed_attack": {
          "priority": 4,
          "attack_once": false,
          "track_target": true,
          "require_complete_path": false,
          "random_stop_interval": 0,
          "reach_multiplier": 1.5,
          "speed_multiplier": 1.0,
          "attack_duration": 0.75,
          "hit_delay_pct": 0.5
        },
        "minecraft:behavior.move_to_village": {
          "priority": 5,
          "speed_multiplier": 0.6,
          "goal_radius": 10.0
        },
        "minecraft:behavior.explore_outskirts": {
          "priority": 4,
          "explore_dist": 18,
          "speed_multiplier": 0.6,
          "wait_time": 80
        },
        "minecraft:behavior.move_through_village": {
          "priority": 5,
          "speed_multiplier": 0.6,
          "only_at_night": true
        },
        "minecraft:behavior.random_stroll": {
          "priority": 6,
          "speed_multiplier": 0.4
        },
        "minecraft:behavior.look_at_player": {
          "priority": 7,
          "look_distance": 6,
          "angle_of_view_horizontal": 45,
          "probability": 1
        },
        "minecraft:behavior.look_at_entity": {
          "priority": 10,
          "look_distance": 8,
          "angle_of_view_horizontal": 45,
          "filters": {
            "test": "is_family",
            "subject": "other",
            "value": "mob"
          }
        },
        "minecraft:behavior.hurt_by_target": {
          "priority": 2,
          "entity_types": {
            "filters": {
              "test": "is_family",
              "subject": "other",
              "operator": "!=",
              "value": "village"
            },
            "max_dist": 64
          }
        },
        "minecraft:damage_sensor": {
          "triggers": [
            {
              "on_damage": {
                "filters": {
                  "any_of": [
                    {
                      "test": "is_family",
                      "subject": "other",
                      "value": "village"
                    },
                    {
                      "test": "is_family",
                      "subject": "other",
                      "value": "villager"
                    }
                  ]
                }
              },
              "deals_damage": false
            }
          ]
        },
        "minecraft:behavior.nearest_attackable_target": {
          "priority": 3,
          "must_see": true,
          "within_radius": 16.0,
          "entity_types": [
            {
              "filters": {
                "any_of": [
                  {
                    "subject": "other",
                    "test": "is_family",
                    "value": "monster"
                  }
                ]
              },
              "max_dist": 16
            }
          ]
        },
        "minecraft:behavior.mount_pathing": {
          "priority": 5,
          "speed_multiplier": 1.25,
          "target_dist": 0.0,
          "track_target": true
        }
      },
      "stunned": {
        "minecraft:is_stunned": {
        },
        "minecraft:timer": {
          "looping": false,
          "time": 2,
          "time_down_event": {
            "event": "minecraft:start_roar"
          }
        }
      },
      "roaring": {
        "minecraft:behavior.knockback_roar": {
          "priority": 1,
          "duration": 1,
          "attack_time": 0.5,
          "knockback_damage": 6,
          "knockback_strength": 3,
          "knockback_range": 4,
          "knockback_filters": {
            "test": "is_family",
            "subject": "other",
            "operator": "!=",
            "value": "ravager"
          },
          "damage_filters": {
            "test": "is_family",
            "subject": "other",
            "operator": "!=",
            "value": "village"
          },
          "on_roar_end": {
            "event": "minecraft:end_roar"
          },
          "cooldown_time": 0.1
        }
      },
      "minecraft:recruited": {
        "minecraft:is_tamed": {},
        "minecraft:sittable": {},
        "minecraft:behavior.follow_owner": {
          "priority": 3,
          "speed_multiplier": 1.0,
          "start_distance": 14, 
          "stop_distance": 6
        },
        "minecraft:behavior.owner_hurt_by_target": {
          "priority": 1
        },
        "minecraft:behavior.owner_hurt_target": {
          "priority": 2
        }
      }
    },
    "components": {
      "minecraft:experience_reward": {
        "on_death": "query.last_hit_by_player ? 20 : 0"
      },
      "minecraft:type_family": {
        "family": [
          "friendly_illager",
          "village",
          "villager",
          "ravager"
        ]
      },
      "minecraft:tameable": {
        "probability": 0.33,
        "tame_items": "totem:totem_of_recruitment",
        "tame_event": {
          "event": "minecraft:on_tame",
          "target": "self"
        }
      },
      "minecraft:behavior.float": {
        "priority": 0
      },
      "minecraft:ravager_blocked": {
        "knockback_strength": 3.0,
        "reaction_choices": [
          {
            "weight": 1,
            "value": {
              "event": "minecraft:become_stunned",
              "target": "self"
            }
          },
          {
            // Default, large knockback case
            "weight": 1
          }
        ]
      },
      "minecraft:attack": {
        "damage": 12.0
      },
      "minecraft:breathable": {
        "suffocate_time": 0,
        "total_supply": 15
      },
      "minecraft:collision_box": {
        "height": 1.9,
        "width": 1.2
      },
      "minecraft:health": {
        "max": 100,
        "value": 100
      },
      "minecraft:hurt_on_condition": {
        "damage_conditions": [
          {
            "filters": {
              "test": "in_lava",
              "subject": "self",
              "operator": "==",
              "value": true
            },
            "cause": "lava",
            "damage_per_tick": 4
          }
        ]
      },
      "minecraft:jump.static": {},
      "minecraft:loot": {
        "table": "loot_tables/entities/ravager.json"
      },
      "minecraft:knockback_resistance": {
        "value": 0.5
      },
      "minecraft:movement": {
        "value": 0.15
      },
      "minecraft:movement.basic": {},
      "minecraft:nameable": {},
      "minecraft:navigation.walk": {
        "avoid_damage_blocks": true,
        "can_path_over_water": true,
        "can_sink": false
      },
      "minecraft:healable": {
        "items": [
          {
            "item": "warped_fungus",
            "heal_amount": 3
          },
          {
            "item": "beef",
            "heal_amount": 6
          },
          {
            "item": "cooked_beef",
            "heal_amount": 14
          }
        ]
      },
      "minecraft:physics": {
      },
      "minecraft:pushable": {
        "is_pushable": true,
        "is_pushable_by_piston": true
      },
      "minecraft:conditional_bandwidth_optimization": {
      },
      "minecraft:break_blocks": {
        "breakable_blocks": [
          "bamboo",
          "bamboo_sapling",
          "beetroot",
          "brown_mushroom",
          "carrots",
          "carved_pumpkin",
          "chorus_flower",
          "chorus_plant",
          "deadbush",
          "double_plant",
          "leaves",
          "leaves2",
          "lit_pumpkin",
          "melon_block",
          "melon_stem",
          "potatoes",
          "pumpkin",
          "pumpkin_stem",
          "red_flower",
          "red_mushroom",
          "crimson_fungus",
          "warped_fungus",
          "reeds",
          "sapling",
          "snow_layer",
          "sweet_berry_bush",
          "tallgrass",
          "turtle_egg",
          "vine",
          "waterlily",
          "wheat",
          "yellow_flower"
        ]
      },
      "minecraft:boostable": {
        "speed_multiplier": 1.2,
        "duration": 3.4,
        "boost_items": [
          {
            "item": "warped_fungus_on_a_stick",
            "damage": 2,
            "replace_item": "fishing_rod"
          }
        ]
      },
      "minecraft:rideable": {
        "seat_count": 1,
        "interact_text": "action.interact.mount",
        "family_types": [
          "player"
        ],
        "seats": {
          "position": [ 0.0, 2.1, -0.3 ]
        }
      },
      "minecraft:item_controllable": {
        "control_items": "warped_fungus_on_a_stick"
      },
      "minecraft:behavior.controlled_by_player": {
        "priority": 1
      },
      "minecraft:follow_range": {
        "value": 64
      }
    },
    "events": {
      "minecraft:entity_spawned": {
        "add": {
          "component_groups": [
            "minecraft:hostile"
          ]
        }
      },
      "minecraft:on_tame": {
        "add": {
          "component_groups": [
            "minecraft:recruited"
          ]
        }
      },
      "minecraft:spawn_for_raid_with_evoker_rider": {
        "add": {
          "component_groups": [
            "minecraft:hostile",
            "minecraft:evoker_rider_for_raid"
          ]
        }
      },
      "minecraft:spawn_for_raid_with_pillager_rider": {
        "add": {
          "component_groups": [
            "minecraft:hostile",
            "minecraft:pillager_rider_for_raid"
          ]
        }
      },
      "minecraft:spawn_with_pillager_rider": {
        "add": {
          "component_groups": [
            "minecraft:hostile",
            "minecraft:pillager_rider"
          ]
        }
      },
      "minecraft:spawn_with_pillager_captain_rider": {
        "add": {
          "component_groups": [
            "minecraft:hostile",
            "minecraft:pillager_captain_rider"
          ]
        }
      },
      "minecraft:spawn_with_vindicator_rider": {
        "add": {
          "component_groups": [
            "minecraft:hostile",
            "minecraft:vindicator_rider"
          ]
        }
      },
      "minecraft:spawn_with_vindicator_captain_rider": {
        "add": {
          "component_groups": [
            "minecraft:hostile",
            "minecraft:vindicator_captain_rider"
          ]
        }
      },
      "minecraft:become_stunned": {
        "add": {
          "component_groups": [
            "stunned"
          ]
        },
        "remove": {
          "component_groups": [
            "minecraft:hostile"
          ]
        }
      },
      "minecraft:start_roar": {
        "add": {
          "component_groups": [
            "roaring"
          ]
        },
        "remove": {
          "component_groups": [
            "stunned"
          ]
        }
      },
      "minecraft:end_roar": {
        "add": {
          "component_groups": [
            "minecraft:hostile"
          ]
        },
        "remove": {
          "component_groups": [
            "roaring"
          ]
        }
      },

      "minecraft:start_celebrating": { // Event must be called exactly this for village to fire it when a raid is won
        "add": { "component_groups": [ "minecraft:celebrate" ] }
      },

      "minecraft:stop_celebrating": {
        "remove": { "component_groups": [ "minecraft:celebrate" ] }
      }
    }
  }
}
