{
  "format_version": "1.16.0",
  "minecraft:entity": {
    "description": {
      "identifier": "alien_being:snow_warrior",
      "is_spawnable": true,
      "is_summonable": true,
      "is_experimental": false
    },

    "component_groups": {
      "minecraft:snowman_sheared": {
        "minecraft:is_sheared": {
        }
      }
    },

    "components": {
      "minecraft:is_hidden_when_invisible": {
      },
      "minecraft:type_family": {
        "family": [ "snowgolem", "village", "mob" ]
      },
      "minecraft:breathable": {
        "total_supply": 15,
        "suffocate_time": 0
      },
      "minecraft:nameable": {
      },
      "minecraft:collision_box": {
        "width": 0.4,
        "height": 1.8
      },
      "minecraft:loot": {
        "table": "loot_tables/entities/snowman.json"
      },
      "minecraft:health": {
        "value": 48,
        "max": 48
      },
      "minecraft:movement": {
        "value": 0.25
      },
      "minecraft:navigation.walk": {
        "avoid_water": true
      },
      "minecraft:movement.basic": {
      },
      "minecraft:jump.static": {
      },
      "minecraft:can_climb": {
      },
      "minecraft:behavior.hurt_by_target": {
        "priority": 2,
        "entity_types": {
          "filters": {
            "test": "is_family",
            "subject": "other",
            "operator": "!=",
            "value": "village"
          }
        }
      },
      "minecraft:damage_sensor": {
        "triggers": [
          {
            "on_damage": {
              "filters": {
                "any_of": [
                  {
                    "test": "is_family",
                    "subject": "other",
                    "value": "village"
                  },
                  {
                    "test": "is_family",
                    "subject": "other",
                    "value": "villager"
                  }
                ]
              }
            },
            "deals_damage": false
          },
          {
            "cause": "fall",
            "deals_damage": false
          }
        ]
      },
      "minecraft:hurt_on_condition": {
        "damage_conditions": [
          {
            "filters": {
              "test": "in_lava",
              "subject": "self",
              "operator": "==",
              "value": true
            },
            "cause": "lava",
            "damage_per_tick": 4
          },
          {
            "filters": {
              "test": "is_temperature_value",
              "operator": ">",
              "value": 1.0
            },
            "cause": "temperature",
            "damage_per_tick": 1
          },
          {
            "filters": {
              "test": "in_contact_with_water",
              "operator": "==",
              "value": true
            },
            "cause": "drowning",
            "damage_per_tick": 1
          }
        ]
      },
      "minecraft:interact": {
        "interactions": [
          {
            "cooldown": 2.5,
            "use_item": false,
            "hurt_item": 1,
            "spawn_items": { "table": "loot_tables/entities/snow_golem_shear.json" },
            "play_sounds": "shear",
            "interact_text": "action.interact.shear",
            "on_interact": {
              "filters": {
                "all_of": [
                  {
                    "test": "has_equipment",
                    "subject": "other",
                    "domain": "hand",
                    "value": "shears"
                  },
                  {
                    "test": "is_family",
                    "subject": "other",
                    "value": "player"
                  },
                  {
                    "test": "has_component",
                    "operator": "!=",
                    "value": "minecraft:is_sheared"
                  }
                ]
              },
              "event": "minecraft:on_sheared",
              "target": "self"
            }
          }
        ]
      },
      "minecraft:leashable": {
        "soft_distance": 4.0,
        "hard_distance": 6.0,
        "max_distance": 10.0
      },
      "minecraft:balloonable": {
      },
      "minecraft:behavior.melee_attack": {
        "priority": 3,
        "speed_multiplier": 1.15,
        "reach_multiplier": 1.75,
        "track_target": true
      },
      "minecraft:attack": {
        "damage": 9
      },
      "minecraft:trail": {
        "block_type": "minecraft:snow_layer",
        "spawn_filter": {
          "test": "is_temperature_value",
          "operator": "<",
          "value": 0.81
        }
      },
      "minecraft:behavior.random_stroll": {
        "priority": 7,
        "speed_multiplier": 1
      },
      "minecraft:behavior.look_at_player": {
        "priority": 5,
        "look_distance": 6.0
      },
      "minecraft:behavior.random_look_around": {
        "priority": 6
      },
      "minecraft:behavior.nearest_attackable_target": {
        "priority": 1,
        "within_radius": 16,
        "entity_types": [
          {
            "filters": {
              "test": "is_family",
              "subject": "other",
              "value": "monster"
            }
          }
        ]
      },
      "minecraft:follow_range": {
        "value": 64
      },
      "minecraft:persistent": {
      },
      "minecraft:physics": {
      },
      "minecraft:pushable": {
        "is_pushable": true,
        "is_pushable_by_piston": true
      },
      "minecraft:conditional_bandwidth_optimization": {
      }
    },

    "events": {
      "minecraft:on_sheared": {
        "remove": {
        },
        "add": {
          "component_groups": [
            "minecraft:snowman_sheared"
          ]
        }
      }
    }
  }
}
