{
	"format_version": "1.16.100",
	"minecraft:entity": {
		"description": {
			"identifier": "villoker:healing_2",
			"is_summonable": true,
			"is_spawnable": false,
			"is_experimental": false
		},
		"component_groups": {
			"countdown_to_perish": {
				"minecraft:timer": {
					"looping": false,
					"time": [
						2,
						2
					],
					"time_down_event": {
						"event": "gone"
					}
				}
			},
			"gone": {
				"minecraft:instant_despawn": {}
			},
			"effect": {
				"minecraft:environment_sensor": {
					"triggers": {
						"filters": {
							"test": "is_family",
							"subject": "self",
							"operator": "==",
							"value": "furniture"
						},
						"event": "effect",
						"target": "self"
					}
				}
			}
		},
		"components": {
			"minecraft:type_family": {
				"family": [
					"furniture",
					"totem"
				]
			},
			"minecraft:health": {
				"value": 99999,
				"max": 99999
			},
			"minecraft:navigation.walk": {},
			"minecraft:movement.basic": {},
			"minecraft:is_stackable": {},
			"minecraft:movement": {
				"value": 0,
				"max": 0
			},
			"minecraft:knockback_resistance": {
				"value": 200,
				"max": 200
			},
			"minecraft:push_through": {
				"value": 1
			},
			"minecraft:behavior.controlled_by_player": {
				"priority": 0
			},
			"minecraft:scale": {
				"value": 1
			},
			"minecraft:collision_box": {
				"width": 0.5,
				"height": 1
			},
			"minecraft:physics": {},
			"minecraft:pushable": {
				"is_pushable": false,
				"is_pushable_by_piston": false
			},
			"minecraft:entity_sensor": {
				"sensor_range": 4,
				"minimum_count": 1,
				"maximum_count": 4,
				"event_filters": {
					"any_of": [
						{
							"test": "is_family",
							"subject": "other",
							"value": "village"
						}
					]
				},
				"event": "effect"
			},
			"minecraft:damage_sensor": {
				"triggers": [
					{
						"on_damage": {
							"filters": {
								"test": "is_family",
								"subject": "other",
								"value": "mob"
							}
						},
						"deals_damage": false
					}
				]
			}
		},
		"events": {
			"minecraft:entity_spawned": {
				"add": {
					"component_groups": [
						"countdown_to_perish",
						"effect"
					]
				}
			},
			"gone": {
				"add": {
					"component_groups": [
						"gone"
					]
				}
			},
			"effect": {
				"run_command": {
					"command": [
						"effect @e[type=alien_being:evocation_villager, r=8] resistance 99999 3 true",
						"effect @e[type=alien_being:evocation_villager, r=8] regeneration 120 3", 
						"effect @e[type=alien_being:evocation_villager, r=8] fire_resistance 60 2 true",
						"effect @e[type=alien_being:evocation_villager, r=5] instant_health 5 0" 
					]
				}
			}
		}
	}
}
