{
  "id": "1614843246174",
  "name": "Pillager Captain",
  "pools": [
    {
      "rolls": 6,
      "entries": [
        {
          "type": "item",
          "weight": 1,
          "name": "minecraft:air",
          "functions": [
            {
              "function": "set_count",
              "count": {
                "min": 1,
                "max": 1
              }
            }
          ]
        },
        {
          "type": "item",
          "weight": 1,
          "name": "minecraft:arrow",
          "functions": [
            {
              "function": "set_count",
              "count": {
                "min": 1,
                "max": 1
              }
            }
          ]
        },
        {
          "type": "item",
          "weight": 1,
          "name": "minecraft:emerald",
          "functions": [
            {
              "function": "set_count",
              "count": {
                "min": 1,
                "max": 1
              }
            }
          ]
        }
      ]
    }
  ]
}