{
	"pools": [
		{
			"rolls": 1,
			"entries": [
				{
					"type": "item",
					"name": "minecraft:emerald",
					"weight": 20,
					"functions": [
						{
							"function": "set_count",
							"count": {
								"min": 2,
								"max": 5
							}
						}
					]
				},
				{
					"type": "item",
					"name": "minecraft:fish",
					"weight": 25,
					"functions": [
						{
							"function": "set_count",
							"count": {
								"min": 4,
								"max": 8
							}
						}
					]
				},
				{
					"type": "item",
					"name": "minecraft:cooked_fish",
					"weight": 15,
					"functions": [
						{
							"function": "set_count",
							"count": {
								"min": 3,
								"max": 5
							}
						}
					]
				},
				{
					"type": "item",
					"name": "minecraft:golden_apple",
					"weight": 5,
					"functions": [
						{
							"function": "set_count",
							"count": {
								"min": 1,
								"max": 3
							}
						}
					]
				},
				{
					"type": "item",
					"name": "knife:soul_knife",
					"weight": 14
				},
				{
					"type": "item",
					"name": "artifact:scroll_of_truth",
					"weight": 4
				},
				{
					"type": "item",
					"name": "totem:totem_of_healing",
					"weight": 3
				},
				{
					"type": "item",
					"name": "minecraft:totem",
					"weight": 3
				},
				{
					"type": "item",
					"name": "food:senzu_bean",
					"weight": 1,
					"functions": [
						{
							"function": "set_count",
							"count": {
								"min": 1,
								"max": 2
							}
						}
					]
				}
			]
		}
	]
}