{
	"format_version": "1.10.0",
	"minecraft:attachable": {
		"description": {
			"identifier": "df:bambooluncher",
			"materials": {
				"default": "entity_alphatest"
			},
			"textures": {
				"default": "textures/items/bamboonorocket"
			},
			"geometry": {
				"default": "geometry.bamboorocket"
			},
			"animations": {
				"third_person_main_hand": "animation.bamboorocket.tp",
				"first_person_main_hand": "animation.bamboorocket.fp"
			},
			"scripts": {
				"pre_animation": [
					"v.main_hand = c.item_slot == 'main_hand';"
				],
				"animate": [
					{
						"first_person_main_hand": "c.is_first_person && c.item_slot == 'main_hand' && q.get_equipped_item_name == 'bambooluncher'"
					},
					{
						"third_person_main_hand": "!c.is_first_person && c.item_slot == 'main_hand' && q.get_equipped_item_name == 'bambooluncher'"
					}
				]
			},
			"render_controllers": [
				"controller.render.musket"
			]
		}
	}
}