{
	"format_version": "1.10.0",
	"minecraft:attachable": {
		"description": {
			"identifier": "df:multiple-fire_crossbow_load",
			"materials": {
				"default": "entity_alphatest"
			},
			"textures": {
				"default": "textures/items/Multiple-fire_crossbow"
			},
			"geometry": {
				"default": "geometry.multiple-fire_crossbow_load"
			},
			"animations": {
				"wield": "animation.fast_crossbow.wield"
			},
			"scripts": {
				"animate": [
					{
						"wield": "c.is_first_person && c.item_slot == 'main_hand' && q.get_equipped_item_name == 'multiple-fire_crossbow_load'"
					}
				]
			},
			"render_controllers": [
				"controller.render.bat"
			]
		}
	}
}