{"format_version":"1.12.0","minecraft:geometry":[{"description":{"identifier":"geometry.yg_bulldozer_toilet","texture_width":128,"texture_height":128,"visible_bounds_width":4,"visible_bounds_height":2.5,"visible_bounds_offset":[0,0.75,0]},"bones":[{"name":"Root","pivot":[0,16,0]},{"name":"Body","parent":"Root","pivot":[0,0,0],"cubes":[{"origin":[-6.89,6.45358,-10.34085],"size":[13.78,4.24,25.32],"pivot":[0,8.57358,2.31915],"rotation":[35,0,0],"uv":[0,0]},{"origin":[-6.5,-0.18181,6.29613],"size":[13,14,7],"uv":[45,45]},{"origin":[-9.66,-0.34181,17.17613],"size":[4.32,4.32,2.24],"uv":[0,29]},{"origin":[5.34,-0.34181,17.17613],"size":[4.32,4.32,2.24],"uv":[0,29],"mirror":true},{"origin":[-9.5,-0.18181,6.29613],"size":[4,4,8],"uv":[0,0]},{"origin":[5.5,-0.18181,6.29613],"size":[4,4,8],"uv":[0,0],"mirror":true},{"origin":[-9.78,-0.46181,7.01613],"size":[4.56,4.56,4.56],"uv":[69,16]},{"origin":[5.22,-0.46181,7.01613],"size":[4.56,4.56,4.56],"uv":[69,16],"mirror":true},{"origin":[-10.0992,-0.78101,13.69693],"size":[5.1984,5.1984,4.1984],"uv":[67,29]},{"origin":[4.9008,-0.78101,13.69693],"size":[5.1984,5.1984,4.1984],"uv":[67,29],"mirror":true},{"origin":[-9.5,1.81819,-6.70387],"size":[1,6,13],"uv":[0,52]},{"origin":[8.5,1.81819,-6.70387],"size":[1,6,13],"uv":[0,52],"mirror":true},{"origin":[-9.18719,7.67441,-6.70387],"size":[1,3,13],"pivot":[-8.68719,9.17441,-0.20387],"rotation":[0,0,12.5],"uv":[28,53]},{"origin":[8.18719,7.67441,-6.70387],"size":[1,3,13],"pivot":[8.68719,9.17441,-0.20387],"rotation":[0,0,-12.5],"uv":[28,53],"mirror":true},{"origin":[-9.18719,-1.03803,-6.70387],"size":[1,3,13],"pivot":[-8.68719,0.46197,-0.20387],"rotation":[0,0,-12.5],"uv":[52,29]},{"origin":[8.18719,-1.03803,-6.70387],"size":[1,3,13],"pivot":[8.68719,0.46197,-0.20387],"rotation":[0,0,12.5],"uv":[52,29],"mirror":true},{"origin":[-6.5,-0.18181,-6.70387],"size":[13,10,13],"uv":[0,29]}]},{"name":"bone7","parent":"Body","pivot":[0,4.31819,-6.70387],"cubes":[{"origin":[-1.5,3.81819,-11.70387],"size":[3,3,6],"uv":[51,16]}]},{"name":"Rightknife","parent":"Body","pivot":[-7,2.81819,11.29613],"cubes":[{"origin":[-8,0.81819,3.29613],"size":[2,4,8],"uv":[0,12]}]},{"name":"bone","parent":"Rightknife","pivot":[-7,5.31819,3.79613],"cubes":[{"origin":[-7.5,4.81819,3.29613],"size":[1,1,12],"uv":[39,29]}]},{"name":"bone2","parent":"bone","pivot":[-7,6.31819,14.79613],"cubes":[{"origin":[-7.5,5.81819,6.29613],"size":[1,1,9],"uv":[47,66]},{"origin":[-8.5,4.81819,7.29613],"size":[1,3,6],"uv":[22,69]},{"origin":[-8.95106,3.88761,7.29613],"size":[0,3,6],"pivot":[-8.95106,5.38761,10.29613],"rotation":[0,0,17.5],"uv":[12,6]},{"origin":[-8.18813,7.58687,7.29613],"size":[1,2,6],"pivot":[-7.68813,8.58687,10.29613],"rotation":[0,0,20],"uv":[36,70]},{"origin":[-8.18813,3.04951,7.29613],"size":[1,2,6],"pivot":[-7.68813,4.04951,10.29613],"rotation":[0,0,-20],"uv":[36,70]}]},{"name":"bone3","parent":"bone2","pivot":[-7,6.31819,5.79613],"cubes":[{"origin":[-7.5,5.81819,-0.70387],"size":[1,1,7],"uv":[15,57]},{"origin":[-7,1.81819,-13.70387],"size":[0,5,13],"uv":[15,39]},{"origin":[-7.74,5.57819,-1.94387],"size":[1.48,1.48,1.48],"uv":[4,0]}]},{"name":"Leftknife","parent":"Body","pivot":[7,2.81819,11.29613],"cubes":[{"origin":[6,0.81819,3.29613],"size":[2,4,8],"uv":[0,12],"mirror":true}]},{"name":"bone4","parent":"Leftknife","pivot":[7,5.31819,3.79613],"cubes":[{"origin":[6.5,4.81819,3.29613],"size":[1,1,12],"uv":[39,29],"mirror":true}]},{"name":"bone5","parent":"bone4","pivot":[7,6.31819,14.79613],"cubes":[{"origin":[6.5,5.81819,6.29613],"size":[1,1,9],"uv":[47,66],"mirror":true},{"origin":[7.5,4.81819,7.29613],"size":[1,3,6],"uv":[22,69],"mirror":true},{"origin":[8.95106,3.88761,7.29613],"size":[0,3,6],"pivot":[8.95106,5.38761,10.29613],"rotation":[0,0,-17.5],"uv":[12,6],"mirror":true},{"origin":[7.18813,7.58687,7.29613],"size":[1,2,6],"pivot":[7.68813,8.58687,10.29613],"rotation":[0,0,-20],"uv":[36,70],"mirror":true},{"origin":[7.18813,3.04951,7.29613],"size":[1,2,6],"pivot":[7.68813,4.04951,10.29613],"rotation":[0,0,20],"uv":[36,70],"mirror":true}]},{"name":"bone6","parent":"bone5","pivot":[7,6.31819,5.79613],"cubes":[{"origin":[6.5,5.81819,-0.70387],"size":[1,1,7],"uv":[15,57],"mirror":true},{"origin":[7,1.81819,-13.70387],"size":[0,5,13],"uv":[15,39],"mirror":true},{"origin":[6.26,5.57819,-1.94387],"size":[1.48,1.48,1.48],"uv":[4,0],"mirror":true}]},{"name":"Neck","parent":"Body","pivot":[0,7,-2],"cubes":[{"origin":[-2,6,-4],"size":[4,10,4],"uv":[67,66]}]},{"name":"Head","parent":"Neck","pivot":[0,15,-2],"cubes":[{"origin":[-4,15,-6],"size":[8,8,8],"uv":[51,0]},{"origin":[-6,18,-3],"size":[2,1,1],"uv":[0,4]},{"origin":[4,18,-3],"size":[2,1,1],"uv":[0,4],"mirror":true},{"origin":[-7,17.5,-3.5],"size":[1,2,2],"uv":[0,0]},{"origin":[6,17.5,-3.5],"size":[1,2,2],"uv":[0,0],"mirror":true},{"origin":[-4.5,18,-6.5],"size":[9,2,1],"uv":[67,38]}]},{"name":"Mouth","parent":"Head","pivot":[0,16,-6.1],"cubes":[{"origin":[-4.5,14,-6.1],"size":[9,4,0],"uv":[0,71]}]}]}]}