{"format_version":"1.12.0","minecraft:geometry":[{"description":{"identifier":"geometry.yg_buzzsaw_toilet","texture_width":256,"texture_height":256,"visible_bounds_width":5,"visible_bounds_height":4.5,"visible_bounds_offset":[0,1.75,0]},"bones":[{"name":"Root","pivot":[0,0,0]},{"name":"Body","parent":"Root","pivot":[0,5,0],"cubes":[{"origin":[-5,14,-6],"size":[10,2,11],"uv":[0,60]},{"origin":[-4.5,10,-5.5],"size":[9,4,10],"uv":[42,60]},{"origin":[-3,6,-3],"size":[6,4,6],"uv":[52,74]},{"origin":[-3.42,4.93,-3.42],"size":[6.84,1.14,6.84],"uv":[0,84]},{"origin":[-5.5,12,4],"size":[11,12,6],"uv":[0,0]},{"origin":[-16.5,17.5,0],"size":[3,3,14],"uv":[0,18]},{"origin":[13.5,17.5,0],"size":[3,3,14],"uv":[0,18],"mirror":true},{"origin":[13.54422,20.16408,6],"size":[5,1,1],"pivot":[16.04422,20.66408,6.5],"rotation":[0,0,-15],"uv":[0,56],"mirror":true},{"origin":[-18.47708,16.39661,6],"size":[5,1,1],"pivot":[-15.97708,16.89661,6.5],"rotation":[0,0,-25],"uv":[0,56]},{"origin":[-18.47708,16.39661,11],"size":[5,1,1],"pivot":[-15.97708,16.89661,11.5],"rotation":[0,0,-25],"uv":[0,56]},{"origin":[17.5,20.5,5.5],"size":[2,2,2],"uv":[27,25]},{"origin":[-19.5,14.5,5.5],"size":[2,2,7],"uv":[31,60]},{"origin":[13.54422,20.16408,11],"size":[5,1,1],"pivot":[16.04422,20.66408,11.5],"rotation":[0,0,-15],"uv":[0,56],"mirror":true},{"origin":[18.32963,20.7941,7],"size":[1,1,5],"uv":[20,25]},{"origin":[-15.65,17.35,0.75],"size":[3.3,3.3,5.5],"uv":[29,88]},{"origin":[12.35,17.35,0.75],"size":[3.3,3.3,5.5],"uv":[29,88],"mirror":true},{"origin":[-16,18,-6],"size":[2,2,6],"uv":[18,85],"mirror":true},{"origin":[14,18,-6],"size":[2,2,6],"uv":[18,85]},{"origin":[-13.64,17.96,5.96],"size":[8.28,2.08,2.08],"uv":[86,82]},{"origin":[5.36,17.96,5.96],"size":[8.28,2.08,2.08],"uv":[86,82],"mirror":true},{"origin":[-12.37838,17.11054,6],"size":[8,2,2],"pivot":[-8.37838,18.11054,7],"rotation":[0,0,12.5],"uv":[86,82]},{"origin":[4.37838,17.11054,6],"size":[8,2,2],"pivot":[8.37838,18.11054,7],"rotation":[0,0,-12.5],"uv":[86,82],"mirror":true},{"origin":[-2.5,13.19019,11.49009],"size":[6,15,6],"pivot":[0.5,20.69019,14.49009],"rotation":[30,0,0],"uv":[0,35]},{"origin":[-2.92,20.16429,9.07009],"size":[6.84,7.98,6.84],"pivot":[0.5,24.15429,12.49009],"rotation":[30,0,0],"uv":[28,74]},{"origin":[-3.04,10.10295,15.70009],"size":[7.08,4.72,7.08],"pivot":[0.5,12.46295,19.24009],"rotation":[30,0,0],"uv":[0,73]},{"origin":[-1.5,24,5],"size":[3,6,3],"uv":[0,18]},{"origin":[-2.5,6,3],"size":[5,6,5],"uv":[71,82]},{"origin":[-1,6,6.3],"size":[2,6,2],"uv":[0,60]},{"origin":[1,6,4.3],"size":[2,6,2],"uv":[0,60]},{"origin":[-3,6,4.3],"size":[2,6,2],"uv":[0,60]},{"origin":[-3.136,3.7456,2.364],"size":[6.272,2.5088,6.272],"uv":[72,51]},{"origin":[-1.5,28.5,5.62132],"size":[3,3,3],"pivot":[0,30,7.12132],"rotation":[-45,0,0],"uv":[21,73]},{"origin":[-1.5,29.12132,7.12132],"size":[3,3,3],"uv":[21,73]},{"origin":[-1.68,28.94132,10.06132],"size":[3.36,3.36,1.12],"uv":[42,60]}]},{"name":"bone2","parent":"Body","pivot":[0.5,11.27175,20.24867],"cubes":[{"origin":[-2,3.27175,19.74867],"size":[5,8,5],"pivot":[0.5,7.27175,22.24867],"rotation":[30,0,0],"uv":[76,69]}]},{"name":"bone","parent":"Body","pivot":[0.5,13.5,-0.5],"cubes":[{"origin":[-11.5,13,-12.5],"size":[24,1,24],"uv":[0,35]},{"origin":[-17.5,13.5,-17.5],"size":[35,0,35],"uv":[0,0]}]},{"name":"Neck","parent":"Body","pivot":[0,13,0],"cubes":[{"origin":[-2,12,-2],"size":[4,10,4],"uv":[48,84]}]},{"name":"Head","parent":"Neck","pivot":[0,21,0],"cubes":[{"origin":[-4,21,-4],"size":[8,8,8],"uv":[72,35]},{"origin":[-3.5,24.5,-8],"size":[3,3,4],"uv":[20,18]},{"origin":[-3,25,-8.1],"size":[2,2,0],"uv":[0,4]},{"origin":[1,25,-7.1],"size":[2,2,0],"uv":[0,4]},{"origin":[0.5,24.5,-7],"size":[3,3,3],"uv":[46,74]},{"origin":[0.38,24.38,-6.08],"size":[3.24,3.24,2.16],"uv":[0,27]},{"origin":[-3.62,24.38,-6.08],"size":[3.24,3.24,2.16],"uv":[0,27]},{"origin":[-4.56,21.72,-4.21],"size":[1,2,2],"uv":[0,0]},{"origin":[3.56,21.72,-4.21],"size":[1,2,2],"uv":[0,0],"mirror":true},{"origin":[-4.56,23.72,-4.21],"size":[9.12,5.56,4.42],"uv":[70,60]}]},{"name":"Mouth","parent":"Head","pivot":[0,22,-4.1],"cubes":[{"origin":[-4.5,20,-4.1],"size":[9,4,0],"uv":[90,51]}]}]}]}