{
  "format_version": "1.12.0",
  "minecraft:geometry": [
    {
      "description": {
        "identifier": "geometry.yg_police_toilet",
        "texture_width": 128,
        "texture_height": 128,
        "visible_bounds_width": 3,
        "visible_bounds_height": 3.5,
        "visible_bounds_offset": [
          0,
          1.25,
          0
        ]
      },
      "bones": [
        {
          "name": "Root",
          "pivot": [
            0,
            16,
            0
          ]
        },
        {
          "name": "Body",
          "cubes": [
            {
              "origin": [
                -5.0,
                9.0,
                -6.0
              ],
              "size": [
                10.0,
                2.0,
                11.0
              ],
              "uv": [
                0,
                0
              ],
              "inflate": 0
            },
            {
              "origin": [
                -4.5,
                5.0,
                -5.5
              ],
              "size": [
                9.0,
                4.0,
                10.0
              ],
              "uv": [
                0,
                25
              ],
              "inflate": 0
            },
            {
              "origin": [
                -3.0,
                1.0,
                -3.0
              ],
              "size": [
                6.0,
                4.0,
                6.0
              ],
              "uv": [
                0,
                39
              ],
              "inflate": 0
            },
            {
              "origin": [
                -3.42,
                -0.07,
                -3.42
              ],
              "size": [
                6.84,
                1.14,
                6.84
              ],
              "uv": [
                0,
                49
              ],
              "inflate": 0
            },
            {
              "origin": [
                -5.5,
                7.0,
                4.0
              ],
              "size": [
                11.0,
                12.0,
                5.0
              ],
              "uv": [
                33,
                34
              ],
              "inflate": 0
            },
            {
              "origin": [
                1.5,
                20.0,
                5.0
              ],
              "size": [
                4.0,
                2.0,
                3.0
              ],
              "uv": [
                0,
                56
              ],
              "inflate": 0
            },
            {
              "origin": [
                -5.5,
                20.0,
                5.0
              ],
              "size": [
                4.0,
                2.0,
                3.0
              ],
              "uv": [
                18,
                39
              ],
              "inflate": 0
            },
            {
              "origin": [
                1.22,
                18.93,
                4.79
              ],
              "size": [
                4.56,
                1.14,
                3.42
              ],
              "uv": [
                55,
                4
              ],
              "inflate": 0
            },
            {
              "origin": [
                -5.78,
                18.93,
                4.79
              ],
              "size": [
                4.56,
                1.14,
                3.42
              ],
              "uv": [
                55,
                4
              ],
              "inflate": 0,
              "mirror": true
            },
            {
              "origin": [
                -1.0,
                19.0,
                5.5
              ],
              "size": [
                2.0,
                1.0,
                2.0
              ],
              "uv": [
                0,
                0
              ],
              "inflate": 0
            }
          ],
          "parent": "Root"
        },
        {
          "name": "Neck",
          "pivot": [
            0,
            8,
            0
          ],
          "cubes": [
            {
              "origin": [
                -2.0,
                7.0,
                -2.0
              ],
              "size": [
                4.0,
                10.0,
                4.0
              ],
              "uv": [
                24,
                51
              ],
              "inflate": 0
            }
          ],
          "parent": "Body"
        },
        {
          "name": "Head",
          "pivot": [
            0,
            16,
            0
          ],
          "cubes": [
            {
              "origin": [
                -4.0,
                16.0,
                -4.0
              ],
              "size": [
                8.0,
                8.0,
                8.0
              ],
              "uv": [
                32,
                17
              ],
              "inflate": 0
            },
            {
              "origin": [
                -4.0,
                23.0,
                -7.0
              ],
              "size": [
                8.0,
                1.0,
                4.0
              ],
              "uv": [
                40,
                51
              ],
              "inflate": 0
            },
            {
              "origin": [
                -4.4,
                21.9,
                -4.4
              ],
              "size": [
                8.8,
                2.2,
                8.8
              ],
              "pivot": [
                0.0,
                23.0,
                0.0
              ],
              "rotation": [
                -20.0,
                0.0,
                0.0
              ],
              "uv": [
                31,
                0
              ],
              "inflate": 0
            },
            {
              "origin": [
                -5.016,
                23.81332,
                -4.26356
              ],
              "size": [
                10.032,
                2.508,
                10.032
              ],
              "pivot": [
                0.0,
                25.06732,
                0.75244
              ],
              "rotation": [
                -20.0,
                0.0,
                0.0
              ],
              "uv": [
                0,
                13
              ],
              "inflate": 0
            },
            {
              "origin": [
                -5.11632,
                25.34245,
                -5.58312
              ],
              "size": [
                10.23264,
                3.57816,
                4.11264
              ],
              "pivot": [
                0.0,
                27.13153,
                -3.5268
              ],
              "rotation": [
                -30.0,
                0.0,
                0.0
              ],
              "uv": [
                38,
                10
              ],
              "inflate": 0
            }
          ],
          "parent": "Neck"
        },
        {
          "name": "Mouth",
          "pivot": [
            0,
            17,
            -4.1
          ],
          "cubes": [
            {
              "origin": [
                -4.5,
                15.0,
                -4.1
              ],
              "size": [
                9.0,
                4.0,
                0.0
              ],
              "uv": [
                55,
                0
              ],
              "inflate": 0
            }
          ],
          "parent": "Head"
        }
      ]
    }
  ]
}