{
  "format_version": "1.12.0",
  "minecraft:geometry": [
    {
      "description": {
        "identifier": "geometry.yg_skibidi_toilet",
        "texture_width": 64,
        "texture_height": 64,
        "visible_bounds_width": 3,
        "visible_bounds_height": 2.5,
        "visible_bounds_offset": [
          0,
          0.75,
          0
        ]
      },
      "bones": [
        {
          "name": "Root",
          "pivot": [
            0,
            16,
            0
          ]
        },
        {
          "name": "Body",
          "cubes": [
            {
              "origin": [
                -5.0,
                9.0,
                -6.0
              ],
              "size": [
                10.0,
                2.0,
                11.0
              ],
              "uv": [
                0,
                0
              ],
              "inflate": 0
            },
            {
              "origin": [
                -4.5,
                5.0,
                -5.5
              ],
              "size": [
                9.0,
                4.0,
                10.0
              ],
              "uv": [
                0,
                13
              ],
              "inflate": 0
            },
            {
              "origin": [
                -3.0,
                1.0,
                -3.0
              ],
              "size": [
                6.0,
                4.0,
                6.0
              ],
              "uv": [
                31,
                0
              ],
              "inflate": 0
            },
            {
              "origin": [
                -3.42,
                -0.07,
                -3.42
              ],
              "size": [
                6.84,
                1.14,
                6.84
              ],
              "uv": [
                32,
                35
              ],
              "inflate": 0
            },
            {
              "origin": [
                -5.5,
                7.0,
                4.0
              ],
              "size": [
                11.0,
                12.0,
                5.0
              ],
              "uv": [
                0,
                27
              ],
              "inflate": 0
            },
            {
              "origin": [
                -1.0,
                19.0,
                5.5
              ],
              "size": [
                2.0,
                1.0,
                2.0
              ],
              "uv": [
                0,
                0
              ],
              "inflate": 0
            }
          ],
          "parent": "Root"
        },
        {
          "name": "Neck",
          "pivot": [
            0,
            8,
            0
          ],
          "cubes": [
            {
              "origin": [
                -2.0,
                7.0,
                -2.0
              ],
              "size": [
                4.0,
                10.0,
                4.0
              ],
              "uv": [
                28,
                42
              ],
              "inflate": 0
            }
          ],
          "parent": "Body"
        },
        {
          "name": "Head",
          "pivot": [
            0,
            16,
            0
          ],
          "cubes": [
            {
              "origin": [
                -4.0,
                16.0,
                -4.0
              ],
              "size": [
                8.0,
                8.0,
                8.0
              ],
              "uv": [
                32,
                19
              ],
              "inflate": 0
            }
          ],
          "parent": "Neck"
        },
        {
          "name": "Mouth",
          "pivot": [
            0,
            17,
            -4.1
          ],
          "cubes": [
            {
              "origin": [
                -4.5,
                15.0,
                -4.1
              ],
              "size": [
                9.0,
                4.0,
                0.0
              ],
              "uv": [
                28,
                13
              ],
              "inflate": 0
            }
          ],
          "parent": "Head"
        }
      ]
    }
  ]
}