{
	"format_version" : "1.10.0",
	"animation_controllers" : {
		"controller.animation.chshutc" : {
			"initial_state" : "default",
			"states" : {
				"chshut" : {
					"animations" : [ "chshut" ],
					"transitions" : [
						{
							"default" : "!query.is_using_item"
						}
					],
                    "blend_transition": 0.3
				},
				"default" : {
					"transitions" : [
						{
							"chshut" : "query.is_using_item"
						}
					],
                    "blend_transition": 0.4
				}
			}
		}
	}
}
