{
	"format_version" : "1.10.0",
	"animation_controllers" : {
		"controller.animation.spdownc" : {
			"initial_state" : "default",
			"states" : {
				"spdown" : {
					"animations" : [ "spdown" ],
					"transitions" : [
						{
							"default" : "query.head_x_rotation(0) < 0"
						}
					],
                    "blend_transition": 0.6
				},
				"default" : {
					"transitions" : [
						{
							"spdown" : "query.head_x_rotation(0) > 23"
						}
					],
                    "blend_transition": 0.6
				}
			}
		}
	}
}
