{
	"format_version" : "1.10.0",
	"animation_controllers" : {
		"controller.animation.fpshutingc" : {
			"initial_state" : "default",
			"states" : {
				"fpshuting" : {
					"animations" : [ "fpshuting" ],
					"transitions" : [
						{
							"default" : "!query.is_using_item"
						}
					],
                    "blend_transition": 0.5
				},
				"default" : {
					"transitions" : [
						{
							"fpshuting" : "query.is_using_item"
						}
					],
                    "blend_transition": 0.3
				}
			}
		}
	}
}
