{
	"format_version" : "1.10.0",
	"animation_controllers" : {
		"controller.animation.mfallsnkc" : {
			"initial_state" : "default",
			"states" : {
				"mfallsnk" : {
					"animations" : [ "mfallsnk" ],
					"transitions" : [
						{
							"default" : "query.head_x_rotation(0) < 5 || query.is_on_ground"
						}
					],
                    "blend_transition": 0.6
				},
				"default" : {
					"transitions" : [
						{
							"mfallsnk" : "query.head_x_rotation(0) > 25"
						}
					],
                    "blend_transition": 0.5
				}
			}
		}
	}
}
