{
	"format_version" : "1.10.0",
	"animation_controllers" : {
		"controller.animation.opastc" : {
			"initial_state" : "oair",
			"states" : {
				"opast" : {
					"animations" : [ "opast" ],
					"transitions" : [
						{
							"oair" : "query.head_x_rotation(0) < 0"
						}
					],
                    "blend_transition": 0.4
				},
				"oair" : {
					"transitions" : [
						{
							"opast" : "query.head_x_rotation(0) > 23"
						}
					],
                    "blend_transition": 0.3
				}
			}
		}
	}
}
