{
	"format_version" : "1.10.0",
	"animation_controllers" : {
		"controller.animation.vulflc" : {
			"initial_state" : "default",
			"states" : {
				"vulfl" : {
					"animations" : [ "vulfl" ],
					"transitions" : [
						{
							"default" : "query.is_on_ground"
						}
					],
                    "blend_transition": 0.3
				},
				"default" : {
					"transitions" : [
						{
							"vulfl" : "!query.is_on_ground"
						}
					],
                    "blend_transition": 0.3
				}
			}
		}
	}
}
