{
	"format_version" : "1.10.0",
	"animation_controllers" : {
		"controller.animation.sprmovec" : {
			"initial_state" : "default",
			"states" : {
				"sprmove" : {
					"animations" : [ "sprmove" ],
					"transitions" : [
						{
							"default" : "!query.is_moving"
						}
					],
                    "blend_transition": 0.5
				},
				"default" : {
					"transitions" : [
						{
							"sprmove" : "query.is_moving"
						}
					],
                    "blend_transition": 0.5
				}
			}
		}
	}
}
