{
	"format_version" : "1.10.0",
	"animation_controllers" : {
		"controller.animation.spsittinc" : {
			"initial_state" : "spsneak",
			"states" : {
				"spsittin" : {
					"animations" : [ "spsittin" ],
					"transitions" : [
						{
							"spsneak" : "query.is_on_ground"
						}
					],
                    "blend_transition": 0.3
				},
				"spsneak" : {
					"transitions" : [
						{
							"spsittin" : "!query.is_on_ground"
						}
					],
                    "blend_transition": 0.3
				}
			}
		}
	}
}
