{
	"format_version" : "1.10.0",
	"animation_controllers" : {
		"controller.animation.swinginc" : {
			"initial_state" : "default",
			"states" : {
				"swingin" : {
					"animations" : [ "swingin" ],
					"transitions" : [
						{
							"default" : "query.head_x_rotation(0) < 0"
						}
					],
                    "blend_transition": 0.3
				},
				"default" : {
					"transitions" : [
						{
							"swingin" : "query.head_x_rotation(0) > 15"
						}
					],
                    "blend_transition": 0.3
				}
			}
		}
	}
}
