{
	"format_version" : "1.10.0",
	"animation_controllers" : {
		"controller.animation.ttattackc" : {
			"initial_state" : "default",
			"states" : {
				"ttattack" : {
					"animations" : [ "ttattack" ],
					"transitions" : [
						{
							"default" : "!variable.attack_time"
						}
					],
                    "blend_transition": 0.7
				},
				"default" : {
					"transitions" : [
						{
							"ttattack" : "variable.attack_time"
						}
					],
                    "blend_transition": 0.5
				}
			}
		}
	}
}
