{
	"format_version" : "1.10.0",
	"animation_controllers" : {
		"controller.animation.ttmovec" : {
			"initial_state" : "default",
			"states" : {
				"ttmove" : {
					"animations" : [ "ttmove" ],
					"transitions" : [
						{
							"default" : "!query.is_moving"
						}
					],
                    "blend_transition": 0.7
				},
				"default" : {
					"transitions" : [
						{
							"ttmove" : "query.is_moving"
						}
					],
                    "blend_transition": 0.5
				}
			}
		}
	}
}
