{
	"format_version" : "1.10.0",
	"animation_controllers" : {
		"controller.animation.oyurc" : {
			"initial_state" : "default",
			"states" : {
				"oyur" : {
					"animations" : [ "oyur" ],
					"transitions" : [
						{
							"default" : "!query.is_moving"
						}
					],
                    "blend_transition": 0.4
				},
				"default" : {
					"transitions" : [
						{
							"oyur" : "query.is_moving"
						}
					],
                    "blend_transition": 0.3
				}
			}
		}
	}
}
