{
  "format_version": "1.8.0",
  "animations": {
    "animation.mcpe_skibidi_toilet_helicopter_launcher.bob": {
      "loop": true,
      "animation_length": 1.75,
      "bones": {
        "bb_main": {
          "position": {
            "0.0": [
              0,
              0,
              0
            ],
            "0.9583": [
              0,
              -5,
              0
            ],
            "1.7083": [
              0,
              0,
              0
            ]
          }
        },
        "bone2": {
          "position": [
            0,
            0,
            0
          ]
        },
        "bone": {
          "rotation": {
            "0.0": [
              0,
              0,
              0
            ],
            "0.2083": [
              0,
              -147.5,
              0
            ],
            "0.375": [
              0,
              -242.5,
              0
            ],
            "0.5417": [
              0,
              -380,
              0
            ],
            "0.75": [
              0,
              -552.5,
              0
            ],
            "0.9167": [
              0,
              -652.5,
              0
            ],
            "1.0833": [
              0,
              -1022.5,
              0
            ],
            "1.2917": [
              0,
              -1275,
              0
            ],
            "1.5": [
              0,
              -1412.5,
              0
            ],
            "1.7083": [
              0,
              -1692.5,
              0
            ]
          }
        },
        "head": {
          "rotation": {
            "0.0": [
              0,
              0,
              0
            ],
            "0.6667": [
              17.5,
              0,
              0
            ],
            "1.3333": [
              -1.3930064396859052,
              -1.2505453999719975,
              0.06213056853721355
            ]
          }
        }
      }
    },
    "animation.mcpe_skibidi_toilet_helicopter_launcher.bow_and_arrow": {
      "loop": "hold_on_last_frame",
      "animation_length": 1.5833333333333333,
      "bones": {
        "bone2": {
          "rotation": {
            "0.0": [
              0,
              0,
              0
            ],
            "0.4167": [
              27.5,
              0,
              0
            ]
          }
        },
        "head": {
          "rotation": {
            "0.0": [
              0,
              0,
              0
            ],
            "0.5417": [
              12.5,
              0,
              0
            ]
          }
        }
      }
    }
  }
}