{
  "format_version": "1.8.0",
  "animations": {
    "animation.mcpe_skibidi_toilet_ohio.bob": {
      "loop": true,
      "animation_length": 9.083333333333334,
      "bones": {
        "bb_main": {
          "rotation": {
            "2.1667": [
              0,
              0,
              0
            ],
            "2.25": [
              0,
              0,
              0
            ],
            "2.5": [
              0,
              0,
              -45
            ],
            "2.7917": [
              0,
              0,
              -332.5
            ],
            "3.125": [
              0,
              0,
              -785
            ],
            "3.3333": [
              0,
              0,
              -357.5
            ],
            "5.3333": [
              0,
              0,
              -357.5
            ],
            "5.4583": [
              0,
              0,
              -647.5
            ],
            "5.5417": [
              0,
              0,
              -1597.5
            ],
            "5.6667": [
              0,
              0,
              -1797.5
            ]
          },
          "position": {
            "0.0": [
              0,
              0,
              0
            ],
            "0.3333": [
              5,
              2.27,
              0
            ],
            "3.4583": [
              0,
              25,
              0
            ],
            "3.5": [
              0,
              29,
              0
            ],
            "3.5417": [
              0,
              236,
              0
            ],
            "3.75": [
              0,
              236,
              815
            ],
            "3.875": [
              0,
              1228,
              815
            ],
            "3.9583": [
              150,
              320,
              -98
            ],
            "4.0833": [
              11,
              17,
              -3
            ],
            "4.4167": [
              2,
              -1,
              0
            ]
          },
          "scale": {
            "0.1667": [
              29.7,
              29.8,
              29.099999999999998
            ],
            "0.375": [
              1,
              2.3,
              1
            ],
            "0.7917": [
              24,
              29.8,
              29.1
            ],
            "1.1667": [
              27.400000000000002,
              29.8,
              29.1
            ],
            "1.5417": [
              17.799999999999997,
              29.8,
              29.1
            ],
            "1.875": [
              29.200000000000003,
              29.8,
              29.1
            ],
            "3.4583": [
              5.999999999999966,
              6.599999999999961,
              5.899999999999972
            ],
            "4.2917": [
              2.4999999999999996,
              2.4999999999999987,
              2.4
            ],
            "4.375": [
              0.6999999999999997,
              0.6999999999999997,
              0.6000000000000001
            ],
            "5.6667": [
              0.7,
              0.6000000000000001,
              0.6
            ],
            "6.0": [
              0.7,
              0.7,
              0.6
            ]
          }
        },
        "head": {
          "rotation": {
            "4.5417": [
              0,
              0,
              0
            ],
            "4.75": [
              0,
              0,
              -317.5
            ],
            "4.9167": [
              0,
              0,
              -360
            ],
            "7.4583": [
              0,
              0,
              -357.5
            ],
            "7.6667": [
              0,
              0,
              -692.5
            ],
            "7.875": [
              0,
              0,
              -722.5
            ],
            "8.25": [
              0,
              0,
              -1397.5
            ],
            "8.6667": [
              0,
              0,
              -1802.5
            ]
          },
          "position": {
            "6.7083": [
              0,
              -1,
              0
            ],
            "6.75": [
              0,
              187,
              372
            ],
            "8.4167": [
              0,
              63,
              372
            ],
            "8.6667": [
              0,
              187,
              372
            ],
            "9.0833": [
              0,
              266,
              372
            ]
          },
          "scale": {
            "6.2083": [
              1,
              1,
              1
            ],
            "6.4583": [
              1,
              2.200000000000001,
              1
            ],
            "6.5417": [
              48.6,
              52.8,
              42.000000000000014
            ]
          }
        }
      }
    }
  }
}