{
  "format_version": "1.8.0",
  "animations": {
    "animation.mcpe_black_toilet.bob": {
      "loop": true,
      "animation_length": 2.7916666666666665,
      "bones": {
        "head": {
          "rotation": {
            "0.0": [
              0,
              0,
              0
            ],
            "0.2917": [
              0,
              0,
              12.5
            ],
            "0.5417": [
              0,
              0,
              -20
            ],
            "0.75": [
              0,
              0,
              25
            ],
            "1.1667": [
              0,
              0,
              0
            ],
            "1.625": [
              0,
              5,
              0
            ],
            "1.7083": [
              -0.000004051738869748078,
              -2.499999999996362,
              -0.00000613213524047751
            ]
          },
          "position": {
            "1.8333": [
              0,
              0,
              0
            ],
            "1.9583": [
              0,
              0,
              -3
            ],
            "2.0417": [
              0,
              0,
              -3.14
            ],
            "2.25": [
              0,
              0,
              0
            ],
            "2.3333": [
              0,
              0,
              -3
            ],
            "2.5": [
              0,
              0,
              -4
            ],
            "2.5833": [
              0,
              0,
              0
            ]
          }
        }
      }
    }
  }
}