{
  "format_version": "1.8.0",
  "animations": {
    "animation.mcpe_mini_car_buzz_saw_toilet.walk": {
      "loop": true,
      "animation_length": 0.5833333333333334,
      "bones": {
        "bone": {
          "rotation": {
            "0.0": [
              0,
              0,
              0
            ],
            "0.1667": [
              42.5,
              0,
              0
            ],
            "0.3333": [
              115,
              0,
              0
            ],
            "0.5833": [
              358.77887684006646,
              1.1815280661462566,
              -0.2993152901931353
            ]
          }
        },
        "bone2": {
          "rotation": {
            "0.0": [
              0,
              0,
              0
            ],
            "0.0833": [
              0,
              -55,
              0
            ],
            "0.25": [
              0,
              -92.5,
              0
            ],
            "0.4167": [
              0,
              -135,
              0
            ],
            "0.5": [
              0,
              -177.5,
              0
            ]
          }
        },
        "bone3": {
          "rotation": {
            "0.0": [
              0,
              0,
              0
            ],
            "0.0833": [
              0,
              45,
              0
            ],
            "0.1667": [
              0,
              102.5,
              0
            ],
            "0.4167": [
              0,
              195,
              0
            ],
            "0.5833": [
              0,
              182.5,
              0
            ]
          }
        },
        "head": {
          "rotation": {
            "0.0": [
              0,
              0,
              0
            ],
            "0.1667": [
              10,
              0,
              0
            ],
            "0.5": [
              0,
              0,
              0
            ]
          }
        },
        "bone4": {
          "rotation": {
            "0.0": [
              0.06264236036895454,
              0.7561080097389095,
              -0.26117945208898163
            ],
            "0.1667": [
              33.98756055429391,
              0.8112990548827475,
              -0.30460274033408496
            ],
            "0.3333": [
              111.48756055429544,
              0.8112990548825656,
              -0.3046027403341213
            ],
            "0.5": [
              363.98756055429544,
              0.8112990548825656,
              -0.3046027403341213
            ]
          }
        }
      }
    }
  }
}