{
  "format_version": "1.8.0",
  "animations": {
    "animation.mcpe_ufo_toilet.bob": {
      "loop": true,
      "animation_length": 1.9583333333333333,
      "bones": {
        "bone": {
          "rotation": {
            "0.0": [
              0,
              0,
              0
            ],
            "0.125": [
              0,
              12.5,
              0
            ],
            "0.375": [
              0,
              85,
              0
            ],
            "0.6667": [
              0,
              157.5,
              0
            ],
            "1.0417": [
              0,
              225,
              0
            ],
            "1.5": [
              0,
              302.5,
              0
            ],
            "1.875": [
              0,
              360,
              0
            ]
          }
        },
        "head": {
          "rotation": {
            "0.0": [
              0,
              0,
              0
            ],
            "0.3333": [
              0,
              0,
              -7.5
            ],
            "0.75": [
              0,
              0,
              7.5
            ],
            "1.0417": [
              0,
              0,
              -7.5
            ],
            "1.4583": [
              0,
              0,
              15
            ],
            "1.7083": [
              0,
              0,
              0
            ]
          }
        }
      }
    },
    "animation.mcpe_ufo_toilet.move": {
      "loop": true,
      "animation_length": 1.9583333333333333,
      "bones": {
        "bone": {
          "rotation": {
            "0.0": [
              0,
              0,
              0
            ],
            "0.125": [
              0,
              12.5,
              0
            ],
            "0.375": [
              0,
              85,
              0
            ],
            "0.6667": [
              0,
              157.5,
              0
            ],
            "1.0417": [
              0,
              225,
              0
            ],
            "1.5": [
              0,
              302.5,
              0
            ],
            "1.875": [
              0,
              360,
              0
            ]
          }
        },
        "head": {
          "rotation": {
            "0.0": [
              0,
              0,
              0
            ],
            "0.3333": [
              0,
              0,
              -7.5
            ],
            "0.75": [
              0,
              0,
              7.5
            ],
            "1.0417": [
              0,
              0,
              -7.5
            ],
            "1.4583": [
              0,
              0,
              15
            ],
            "1.7083": [
              0,
              0,
              0
            ]
          }
        }
      }
    },
    "animation.mcpe_ufo_toilet.bow_and_arrow": {
      "loop": "hold_on_last_frame",
      "animation_length": 2.2083333333333335,
      "bones": {
        "bb_main": {
          "rotation": [
            0.694721437510907,
            3.937652307418375,
            2.921642209816582
          ],
          "position": {
            "0.0": [
              0,
              0,
              0
            ],
            "0.1667": [
              0,
              19,
              0
            ],
            "0.4167": [
              0,
              103,
              207
            ],
            "1.5417": [
              -3,
              103,
              207
            ],
            "1.875": [
              -3,
              37,
              -2
            ],
            "2.0": [
              -3,
              5,
              -2
            ]
          }
        },
        "bone": {
          "rotation": {
            "0.0": [
              0,
              0,
              0
            ],
            "0.2083": [
              0,
              -45,
              0
            ],
            "0.5": [
              0,
              -127.5,
              0
            ],
            "0.8333": [
              0,
              -200,
              0
            ],
            "1.2083": [
              0,
              -282.5,
              0
            ],
            "1.5417": [
              0,
              -370,
              0
            ],
            "2.0": [
              0,
              -360,
              0
            ],
            "2.0417": [
              0,
              -437.5,
              0
            ],
            "2.1667": [
              0,
              -550,
              0
            ]
          }
        }
      }
    }
  }
}