{
  "format_version": "1.8.0",
  "minecraft:client_entity": {
    "description": {
      "identifier": "sb:armor_skibidi_toilet",
      "materials": {
        "default": "endermite"
      },
      "textures": {
        "default": "textures/entity/pamobile/sb_armor_skibidi_toilet"
      },
      "geometry": {
        "default": "geometry.sb_armor_skibidi_toilet"
      },
      "animations": {
        "move": "animation.sb_armor_skibidi_toilet.fly"
      },
      "animation_controllers": [
        {
          "move": "controller.animation.endermite.move"
        }
      ],
      "render_controllers": [
        "controller.render.endermite"
      ],
      "spawn_egg": {
        "texture": "sb:armor_skibidi_toilet",
        "texture_index": 0
      }
    }
  }
}