{
  "format_version": "1.16.100",
  "minecraft:item": {
    "description": {
      "identifier": "ard:morphine",
      "category": "equipment"
    },
    "components": {
      "minecraft:hand_equipped": false,
      "minecraft:max_stack_size": 16,
      "minecraft:stacked_by_data": true,
      "minecraft:use_duration": 1.0,
      "minecraft:use_animation": "drink",
      "minecraft:creative_category": {
        "parent": "itemGroup.name.potion"
      },
      "minecraft:icon": {
        "texture": "morphine"
      },
      "minecraft:foil": false,
      "minecraft:food": {
        "can_always_eat": true,
        "using_converts_to": "minecraft:glass_bottle",
        "on_consume": {
          "event": "drink"
        }
      },
      "minecraft:display_name": {
        "value": "Morphine\n§7Clears some negative effects\n§o§9Arduous"
      }
    },
    "events": {
      "drink": {
        "run_command": {
          "command": [
            "effect @s fatal_poison 0",
            "effect @s instant_damage 0",
            "effect @s mining_fatigue 0",
            "effect @s nausea 0",
            "effect @s poison 0",
            "effect @s slowness 0",
            "effect @s weakness 0",
            "effect @s wither 0"
          ]
        }
      }
    }
  }
}