{
  "format_version": "1.16.100",
  "minecraft:item": {
    "description": {
      "category": "equipment",
      "identifier": "ard:plaster"
    },
    "components": {
      "minecraft:icon": {
        "texture": "plaster"
      },
      "minecraft:creative_category": {
        "parent": "itemGroup.name.equipment"
      },
      "minecraft:max_stack_size": 1,
      "minecraft:hand_equipped": false,
      "minecraft:foil": false,
      "minecraft:display_name": {
        "value": "Plaster\n§716x Use\n§o§9Arduous"
      },
      "minecraft:on_use": {
        "on_use": {
          "event": "use"
        }
      },
      "minecraft:use_duration": 22,
      "minecraft:durability": {
        "max_durability": 16
      },
      "minecraft:cooldown": {
        "category": "heal",
        "duration": 2
      }
    },
    "events": {
      "use": {
        "run_command": {
          "command": [
            "playsound armor.equip_leather @a [r=5]  ~~~ 0.5",
            "effect @s regeneration 1 3 true"
          ]
        },
        "damage": {
          "type": "durability",
          "amount": 1,
          "target": "self"
        }
      }
    }
  }
}