{"format_version":"1.8.0","minecraft:entity":{"description":{"identifier":"yg:big_camera_man","is_spawnable":true,"is_summonable":true,"is_experimental":false},"component_groups":{"white":{"minecraft:variant":{"value":0}},"black":{"minecraft:variant":{"value":1}},"red":{"minecraft:variant":{"value":2}},"minecraft:infected_event":{"minecraft:transformation":{"into":"yg:infected_big_camera_man<minecraft:entity_spawned>"}}},"components":{"minecraft:is_hidden_when_invisible":{},"minecraft:nameable":{},"minecraft:type_family":{"family":["camera_man","camera","host","mob"]},"minecraft:collision_box":{"width":0.8,"height":3.5},"minecraft:movement.basic":{},"minecraft:navigation.walk":{"avoid_damage_blocks":false,"can_walk":true,"avoid_water":false,"can_path_over_water":true,"can_pass_doors":true,"can_break_doors":true,"can_open_doors":true,"can_open_iron_doors":true},"minecraft:movement":{"value":0.23},"minecraft:scale":{"value":1},"minecraft:jump.static":{},"minecraft:can_climb":{},"minecraft:attack":{"damage":50},"minecraft:health":{"value":350,"max":350},"minecraft:follow_range":{"value":30,"max":30},"minecraft:leashable":{"soft_distance":4,"hard_distance":6,"max_distance":10,"can_be_stolen":true},"minecraft:loot":{"table":"loot_tables/entities/iron_golem.json"},"minecraft:behavior.nearest_attackable_target":{"priority":2,"must_see":true,"reselect_targets":true,"within_radius":25,"must_see_forget_duration":17,"entity_types":[{"filters":{"any_of":[{"test":"is_family","subject":"other","value":"illager"},{"test":"is_family","subject":"other","value":"monster"},{"test":"is_family","subject":"other","value":"yg_skibidi"}]},"max_dist":35}]},"minecraft:behavior.melee_attack":{"priority":3,"track_target":true,"speed_multiplier":1.23},"minecraft:behavior.random_stroll":{"priority":7,"speed_multiplier":1},"minecraft:behavior.look_at_player":{"priority":8,"look_distance":6,"probability":0.02},"minecraft:behavior.random_look_around":{"priority":9},"minecraft:behavior.hurt_by_target":{"priority":1},"minecraft:knockback_resistance":{"value":0.8},"minecraft:physics":{},"minecraft:pushable":{"is_pushable":true,"is_pushable_by_piston":true},"minecraft:behavior.float":{"priority":1},"minecraft:annotation.open_door":{},"minecraft:behavior.move_indoors":{"priority":4,"speed_multiplier":0.8},"minecraft:behavior.restrict_open_door":{"priority":5},"minecraft:behavior.open_door":{"priority":6,"close_door_after":true},"minecraft:damage_sensor":{"on_damage":{"filters":{"test":"is_family","subject":"other","value":"a_parasite"},"event":"minecraft:infected_event"},"deals_damage":true}},"events":{"minecraft:entity_spawned":{"sequence":[{"filters":{"test":"has_component","operator":"!=","value":"minecraft:variant"},"randomize":[{"weight":20,"add":{"component_groups":["white"]}},{"weight":20,"add":{"component_groups":["black"]}},{"weight":20,"add":{"component_groups":["red"]}}]}]},"minecraft:infected_event":{"add":{"component_groups":["minecraft:infected_event"]},"remove":{}}}}}