{"format_version":"1.8.0","minecraft:entity":{"description":{"identifier":"yg:parasitic_toilet","is_spawnable":true,"is_summonable":true,"is_experimental":false},"component_groups":{"minecraft:infection":{"minecraft:health":{"value":5,"max":5},"minecraft:spell_effects":{"add_effects":[{"effect":"poison","amplifier":6,"visible":false,"ambient":false,"duration":99999}]}}},"components":{"minecraft:is_hidden_when_invisible":{},"minecraft:nameable":{},"minecraft:type_family":{"family":["yg_skibidi","a_parasite","monster","mob"]},"minecraft:collision_box":{"width":0.5,"height":0.5},"minecraft:movement.basic":{},"minecraft:navigation.climb":{"avoid_damage_blocks":false,"can_walk":true,"avoid_water":false},"minecraft:movement":{"value":0.25},"minecraft:scale":{"value":1},"minecraft:jump.static":{},"minecraft:can_climb":{},"minecraft:attack":{"damage":3},"minecraft:health":{"value":20,"max":20},"minecraft:follow_range":{"value":30,"max":30},"minecraft:leashable":{"soft_distance":4,"hard_distance":6,"max_distance":10,"can_be_stolen":true},"minecraft:loot":{"table":"loot_tables/entities/iron_golem.json"},"minecraft:behavior.nearest_attackable_target":{"priority":2,"must_see":true,"reselect_targets":true,"within_radius":25,"must_see_forget_duration":17,"entity_types":[{"filters":{"any_of":[{"test":"is_family","subject":"other","value":"illager"},{"test":"is_family","subject":"other","value":"villager"},{"test":"is_family","subject":"other","value":"wandering_trader"},{"test":"is_family","subject":"other","value":"irongolem"},{"test":"is_family","subject":"other","value":"camera"},{"test":"is_family","subject":"other","value":"titan_camera"}]},"max_dist":35},{"filters":{"any_of":[{"test":"is_family","subject":"other","value":"player"}]},"max_dist":25,"must_see":false}]},"minecraft:behavior.melee_attack":{"priority":3,"track_target":true,"speed_multiplier":1.31},"minecraft:behavior.random_stroll":{"priority":7,"speed_multiplier":1},"minecraft:behavior.look_at_player":{"priority":8,"look_distance":6,"probability":0.02},"minecraft:behavior.random_look_around":{"priority":9},"minecraft:behavior.hurt_by_target":{"priority":1},"minecraft:knockback_resistance":{"value":0.8},"minecraft:fire_immune":true,"minecraft:physics":{},"minecraft:pushable":{"is_pushable":true,"is_pushable_by_piston":true},"minecraft:fall_damage":{"value":0},"minecraft:behavior.float":{"priority":1},"minecraft:on_target_escape":{"event":"minecraft:infection","target":"self"}},"events":{"minecraft:entity_spawned":{},"minecraft:infection":{"add":{"component_groups":["minecraft:infection"]}}}}}