{"format_version":"1.8.0","minecraft:entity":{"description":{"identifier":"yg:titan_camera_man_2","is_spawnable":true,"is_summonable":true,"is_experimental":false},"component_groups":{"minecraft:melee":{"minecraft:variant":{"value":0},"minecraft:behavior.nearest_attackable_target":{"priority":2,"must_see":true,"reselect_targets":true,"within_radius":25,"must_see_forget_duration":17,"entity_types":[{"filters":{"any_of":[{"test":"is_family","subject":"other","value":"illager"},{"test":"is_family","subject":"other","value":"monster"},{"test":"is_family","subject":"other","value":"yg_skibidi"}]},"max_dist":35}]},"minecraft:behavior.melee_attack":{"priority":3,"track_target":true,"speed_multiplier":1.25},"minecraft:attack":{"damage":999},"minecraft:movement":{"value":0.23}},"minecraft:range":{"minecraft:variant":{"value":1},"minecraft:behavior.ranged_attack":{"priority":1,"attack_radius":40,"charge_shoot_trigger":1,"charge_charged_trigger":0.5},"minecraft:shooter":{"type":"snowball","def":"yg:ctitan_bullet"}},"minecraft:normal":{"minecraft:variant":{"value":0}}},"components":{"minecraft:is_hidden_when_invisible":{},"minecraft:nameable":{},"minecraft:type_family":{"family":["camera_man","titan_camera","mob"]},"minecraft:collision_box":{"width":0.8,"height":4},"minecraft:movement.basic":{},"minecraft:navigation.walk":{"avoid_damage_blocks":false,"can_walk":true,"avoid_water":false,"can_path_over_water":true},"minecraft:movement":{"value":0.23},"minecraft:scale":{"value":1},"minecraft:jump.static":{},"minecraft:can_climb":{},"minecraft:attack":{"damage":9999},"minecraft:health":{"value":900000,"max":900000},"minecraft:follow_range":{"value":30,"max":30},"minecraft:leashable":{"soft_distance":4,"hard_distance":6,"max_distance":10,"can_be_stolen":true},"minecraft:loot":{"table":"loot_tables/entities/iron_golem.json"},"minecraft:behavior.nearest_attackable_target":{"priority":2,"must_see":true,"reselect_targets":true,"within_radius":25,"must_see_forget_duration":17,"entity_types":[{"filters":{"any_of":[{"test":"is_family","subject":"other","value":"illager"},{"test":"is_family","subject":"other","value":"monster"},{"test":"is_family","subject":"other","value":"yg_skibidi"}]},"max_dist":35}]},"minecraft:behavior.melee_attack":{"priority":3,"track_target":true,"speed_multiplier":1.23},"minecraft:behavior.random_stroll":{"priority":7,"speed_multiplier":1},"minecraft:behavior.look_at_player":{"priority":8,"look_distance":6,"probability":0.02},"minecraft:behavior.random_look_around":{"priority":9},"minecraft:behavior.hurt_by_target":{"priority":1},"minecraft:knockback_resistance":{"value":9999},"minecraft:physics":{},"minecraft:pushable":{"is_pushable":true,"is_pushable_by_piston":true},"minecraft:behavior.float":{"priority":1},"minecraft:target_nearby_sensor":{"inside_range":2,"outside_range":2,"on_inside_range":{"event":"minecraft:stop_shoot","target":"self"},"on_outside_range":{"event":"minecraft:shoot","target":"self"}},"minecraft:on_target_escape":{"event":"minecraft:normal","target":"self"},"minecraft:fire_immune":true,"minecraft:spell_effects":{"add_effects":[{"effect":"resistance","amplifier":4,"visible":false,"ambient":false,"duration":999999999},{"effect":"strength","amplifier":4,"visible":false,"ambient":false,"duration":999999999}]}},"events":{"minecraft:entity_spawned":{},"minecraft:stop_shoot":{"remove":{"component_groups":["minecraft:range"]},"add":{"component_groups":["minecraft:melee"]}},"minecraft:shoot":{"add":{"component_groups":["minecraft:range"]}},"minecraft:normal":{"add":{"component_groups":["minecraft:normal"]}}}}}