{"format_version":"1.8.0","minecraft:entity":{"description":{"identifier":"yg:triple_toilet","is_spawnable":true,"is_summonable":true,"is_experimental":false},"component_groups":{},"components":{"minecraft:is_hidden_when_invisible":{},"minecraft:nameable":{},"minecraft:type_family":{"family":["yg_skibidi","monster","mob"]},"minecraft:collision_box":{"width":0.8,"height":3.5},"minecraft:movement.basic":{},"minecraft:navigation.walk":{"avoid_damage_blocks":false,"can_walk":true,"avoid_water":false,"can_path_over_water":true},"minecraft:movement":{"value":0.25},"minecraft:scale":{"value":1},"minecraft:jump.static":{},"minecraft:can_climb":{},"minecraft:attack":{"damage":35},"minecraft:health":{"value":550,"max":550},"minecraft:follow_range":{"value":30,"max":30},"minecraft:leashable":{"soft_distance":4,"hard_distance":6,"max_distance":10,"can_be_stolen":true},"minecraft:loot":{"table":"loot_tables/entities/iron_golem.json"},"minecraft:behavior.nearest_attackable_target":{"priority":2,"must_see":true,"reselect_targets":true,"within_radius":25,"must_see_forget_duration":17,"entity_types":[{"filters":{"any_of":[{"test":"is_family","subject":"other","value":"illager"},{"test":"is_family","subject":"other","value":"villager"},{"test":"is_family","subject":"other","value":"wandering_trader"},{"test":"is_family","subject":"other","value":"irongolem"},{"test":"is_family","subject":"other","value":"camera"},{"test":"is_family","subject":"other","value":"titan_camera"}]},"max_dist":35},{"filters":{"any_of":[{"test":"is_family","subject":"other","value":"player"}]},"max_dist":25,"must_see":false}]},"minecraft:behavior.melee_attack":{"priority":3,"track_target":true,"speed_multiplier":1.31},"minecraft:behavior.random_stroll":{"priority":7,"speed_multiplier":1},"minecraft:behavior.look_at_player":{"priority":8,"look_distance":6,"probability":0.02},"minecraft:behavior.random_look_around":{"priority":9},"minecraft:behavior.hurt_by_target":{"priority":1},"minecraft:knockback_resistance":{"value":0.8},"minecraft:fire_immune":true,"minecraft:physics":{},"minecraft:pushable":{"is_pushable":true,"is_pushable_by_piston":true},"minecraft:fall_damage":{"value":0},"minecraft:behavior.float":{"priority":1}},"events":{"minecraft:entity_spawned":{}}}}