{
	"format_version": "1.16.0",
	"minecraft:entity": {
	  "description": {
		"identifier": "vl:dilo_spit",
		"runtime_identifier": "minecraft:snowball",
		"is_spawnable": false,
		"is_summonable": true,
		"animations": {
			"setup": "controller.animation.dilo_spit",
			"util": "controller.animation.dilo_spit_util"
		},
		"scripts": {
			"animate": ["setup","util"]
		}
	  },
	  "component_groups": {
		"despawn":{
			"minecraft:instant_despawn": {}
		},
		"vl:spit":{
		  "minecraft:instant_despawn": {
			"remove_child_entities": false
		  },
		  "minecraft:mark_variant": {
			"value": 1
		  }
		}
	  },
	  "components": {
		"minecraft:type_family": {
			"family": ["dummy"]
		},
		"minecraft:collision_box": {
		  "width": 0.3,
		  "height": 0.3
	  },
	  "minecraft:projectile": {
		"on_hit": {
		  "definition_event": {
			"affect_projectile": true,
			"event_trigger": {
			  "event": "vl:spit",
			  "target": "self"
			}
		  },
		  "stick_in_ground": {
			"shake_time": 0.5
		  },
		  "impact_damage": {
			"damage": 5,
			"knockback": false
		  }
		},
		"anchor": 1,
		"power": 3.25,
		"gravity": 0.03,
		"angle_offset": 0.0,
		"offset": [ 0, 0, 0 ],
		"liquid_inertia": 1.5
	},
		"minecraft:physics": {},
		"minecraft:pushable": {
		  "is_pushable": false,
		  "is_pushable_by_piston": false
	  }
	},
	"events": {
	"despawn":{
	   "add": {
		"component_groups": ["despawn"]
		}
	 },
	  "vl:spit":{
		"add": {
		  "component_groups": ["vl:spit"]
		}
	  }
	}
  }
  }