{
	"format_version": "1.16.100",
	"minecraft:entity": {
		"description": {
			"identifier": "vl:dinosaur_forge",
			"is_spawnable": true,
			"is_summonable": true,
			"is_experimental": false,
			"animations": {
				"dinoforge": "controller.animation.decontruc"
			},
			"scripts": {
				"animate": ["dinoforge"]
			}
		},
		"component_groups": {
			"despawn":{
				"minecraft:skin_id": {
					"value": 1
				},
				"minecraft:instant_despawn": {
					"remove_child_entities": false
				}
			},
			"trade":{
				"minecraft:trade_table": {
				  "display_name": "Dino Forge", 
				  "table": "trading/dinoforge.json"
				}
			  }
		},
		"components": {
			"minecraft:is_stackable": {},
			"minecraft:interact": {
				"interactions": [
					{
						"on_interact": {
							"filters": {
								"subject": "other",
								"test": "has_equipment",
								"domain": "hand",
								"value": "vl:wrench"
							},
							"event": "despawn",
							"target": "self"
						}
					}
				]
			},
			"minecraft:persistent": {},
			"minecraft:type_family": {
				"family": [
					"dinoforge", "stack"
				]
			},
			"minecraft:custom_hit_test": {
				"hitboxes": [
					{
						"width": 1,
						"height": 1,
						"pivot": [
							0,
							1,
							0
						]
					}
				]
			},
			"minecraft:collision_box": {
				"width": 0.01,
				"height": 0.01
			},
			"minecraft:hurt_on_condition": {
				"damage_conditions": [
					{
						"filters": {
							"test": "in_lava",
							"subject": "self",
							"operator": "==",
							"value": true
						},
						"cause": "lava",
						"damage_per_tick": 4
					}
				]
			},
			"minecraft:health": {
				"value": 1,
				"max": 1
			},
			"minecraft:physics": {
				"has_gravity": false,
				"has_collision": false
			},
			"minecraft:nameable": {
				"allow_name_tag_renaming": false
			},
			"minecraft:conditional_bandwidth_optimization": {}
		},
		"events": {
			"despawn":{
				"add": {
					"component_groups": ["despawn"]
				}
			},
			"minecraft:entity_spawned": {
				"add": {
				  "component_groups": ["trade"]
				}
			  }
		}
	}
}