{
	"format_version": "1.16.100",
	"minecraft:entity": {
		"description": {
			"identifier": "vl:egg_incubator",
			"is_spawnable": false,
			"is_summonable": true,
			"is_experimental": false
		},
		"component_groups": {
			"despawn": {
				"minecraft:instant_despawn": {}
			}
		},
		"components": {
			"minecraft:inventory": {
				"inventory_size": 8,
				"container_type": "container"
			},
			"minecraft:persistent": {},
			"minecraft:type_family": {
				"family": [
					"egg_incubator"
				]
			},
			"minecraft:collision_box": {
				"width": 0.5,
				"height": 1.2
			},
			"minecraft:custom_hit_test": {
				"hitboxes": [
					{
						"width": 0.5,
						"height": 1.2
					}
				]
			},
			"minecraft:damage_sensor": {
				"triggers": [
					{
						"cause": "all",
						"deals_damage": false
					}
				]
			},
			"minecraft:hurt_on_condition": {
				"damage_conditions": [
					{
						"filters": {
							"test": "in_lava",
							"subject": "self",
							"operator": "==",
							"value": true
						},
						"cause": "lava",
						"damage_per_tick": 4
					}
				]
			},
			"minecraft:health": {
				"value": 1,
				"max": 1
			},
			"minecraft:physics": {
				"has_gravity": false,
				"has_collision": false
			},
			"minecraft:nameable": {
				"allow_name_tag_renaming": false
			},
			"minecraft:conditional_bandwidth_optimization": {}
		},
		"events": {
			"despawn": {
				"add": {
					"component_groups": [
						"despawn"
					]
				}
			}
		}
	}
}