{
    "format_version": "1.14.0",
    "minecraft:entity": {
        "description": {
            "identifier": "vl:knockback",
            "is_spawnable": false,
            "is_summonable": true,
            "is_evlerimental": false
        },
        "component_groups": {
            "vl:boost": {
                "minecraft:behavior.knockback_roar": {
                    "duration": 1,
                    "attack_time": 0.1,
                    "knockback_damage": 0,
                    "knockback_horizontal_strength": 5,
                    "knockback_vertical_strength": 5,
                    "knockback_range": 3,
                    "knockback_filters": [
                    ],
                    "damage_filters": [
                        {
                          "none_of": {
                            "test": "is_family",
                            "subject": "other",
                            "value": "player"
                          }
                        },
                        {
                            "none_of": {
                              "test": "is_family",
                              "subject": "other",
                              "value": "mob"
                            }
                        },
                        {
                            "none_of": {
                              "test": "is_family",
                              "subject": "other",
                              "value": "monster"
                            }
                        }
                      ]
                },
                "minecraft:timer": {
                    "time": 0.125,
                    "looping": false,
                    "time_down_event": {
                        "event": "vl:remove_boost"
                    }
                }
            },
            "vl:remove_boost": {
                "minecraft:instant_despawn":{}
            }
        },
        "components": {
            "minecraft:damage_sensor": {
                "triggers": {
                    "cause": "all",
                    "deals_damage": false
                }
            },
            "minecraft:type_family": {
                "family": ["dummy"]
            },
            "minecraft:knockback_resistance": {
                "value": 1
            },
            "minecraft:collision_box": {
                "width": 0.0,
                "height": 0.0
            },
            "minecraft:health": {
                "value": 1,
                "max": 1
            },
            "minecraft:nameable": {}
        },
        "events": {
            "minecraft:entity_spawned": {
                "add": {
                    "component_groups": ["vl:boost" ]
                }
            },
            "vl:remove_boost": {
                "add": {
                    "component_groups": ["vl:remove_boost" ]
                }
            }
        }
    }
}