{
    "format_version": "1.14.0",
    "minecraft:entity": {
        "description": {
            "identifier": "vl:knockback",
            "is_spawnable": false,
            "is_summonable": true,
            "is_ewderimental": false
        },
        "component_groups": {
            "wd:boost": {
                "minecraft:behavior.knockback_roar": {
                    "duration": 1,
                    "attack_time": 0.1,
                    "knockback_damage": 4,
                    "knockback_horizontal_strength": 4,
                    "knockback_vertical_strength": 4,
                    "knockback_range": 4,
                    "knockback_filters": [
                          {
                              "none_of": {
                                "test": "is_family",
                                "subject": "other",
                                "value": "triceratops"
                              }
                          }
                    ]
                },
                "minecraft:timer": {
                    "time": 0.125,
                    "looping": false,
                    "time_down_event": {
                        "event": "wd:remove_boost"
                    }
                }
            },
            "wd:remove_boost": {
                "minecraft:instant_despawn":{}
            }
        },
        "components": {
            "minecraft:damage_sensor": {
                "triggers": {
                    "cause": "all",
                    "deals_damage": false
                }
            },
            "minecraft:type_family": {
                "family": ["dummy"]
            },
            "minecraft:knockback_resistance": {
                "value": 1
            },
            "minecraft:collision_box": {
                "width": 0.0,
                "height": 0.0
            },
            "minecraft:health": {
                "value": 1,
                "max": 1
            },
            "minecraft:nameable": {}
        },
        "events": {
            "minecraft:entity_spawned": {
                "add": {
                    "component_groups": ["wd:boost" ]
                }
            },
            "wd:remove_boost": {
                "add": {
                    "component_groups": ["wd:remove_boost" ]
                }
            }
        }
    }
}