{
  "mob.pa_ca.idle": {
    "category": " neutral",
    "sounds": [
      "sounds/mob/pa_ca/idle"
    ]
  },
  "mob.pa_virus.idle": {
    "category": " neutral",
    "sounds": [
      "sounds/mob/pa_virus/idle"
    ]
  },
  "mob.pa_sain.idle": {
    "category": " neutral",
    "sounds": [
      "sounds/mob/pa_sain/idle"
    ]
  },
  "mob.pa_man.hit": {
    "category": " neutral",
    "sounds": [
      "sounds/mob/pa_man/hit"
    ]
  },
  "mob.pa_gman.idle": {
    "category": " neutral",
    "sounds": [
      "sounds/mob/pa_gman/idle"
    ]
  },
  "mob.pa_toilet.idle": {
    "category": " neutral",
    "sounds": [
      "sounds/mob/pa_toilet/idle"
    ]
  },
  "mob.pa_toilet.hit": {
    "category": " neutral",
    "sounds": [
      "sounds/mob/pa_toilet/hit"
    ]
  },
  "mob.pa_cer.idle": {
    "category": " neutral",
    "sounds": [
      "sounds/mob/pa_cer/idle"
    ]
  },
  "mob.pa_ba.idle": {
    "category": " neutral",
    "sounds": [
      "sounds/mob/pa_ba/idle"
    ]
  },
  "mob.pa_hi.idle": {
    "category": " neutral",
    "sounds": [
      "sounds/mob/pa_hi/idle"
    ]
  },
  "mob.pa_hi.hit": {
    "category": " neutral",
    "sounds": [
      "sounds/mob/pa_hi/hit"
    ]
  }
}