{
  "resource_pack_name": "Addon Maker Resource",
  "texture_name": "atlas.items",
  "texture_data": {
    "alien_being:friendly_pillager": {
      "textures": "textures/items/pamobile/alian_being_friendly_pillager"
    },
    "alian_being:armed_friendly_pillager": {
      "textures": "textures/items/pamobile/alian_being_armed_friendly_pillager"
    },
    "totem:totem_of_recruitment": {
      "textures": "textures/items/pamobile/totem_of_recruitment"
    },
    "totem:totem_of_vexs": {
      "textures": "textures/items/pamobile/totem_totem_of_vexs"
    },
    "totem:totem_of_healing": {
      "textures": "textures/items/pamobile/totem_totem_of_healing"
    },
    "totem:totem_of_fangs_shield": {
      "textures": "textures/items/pamobile/totem_totem_of_fangs_shield"
    },
    "totem:totem_of_fangs_attack": {
      "textures": "textures/items/pamobile/totem_totem_of_fangs_attack"
    },
    "alien_being:evocation_villager": {
      "textures": "textures/items/pamobile/evocation_villager"
    },
    "alien_being:friendly_vindicator": {
      "textures": "textures/items/pamobile/alian_being_friendly_vindicator"
    },
    "alien_being:vindo": {
      "textures": "textures/items/pamobile/alian_being_vindo"
    },
    "alien_being:captain_pillager": {
      "textures": "textures/items/pamobile/captain_pillager"
    },
    "alien_being:doctor_vindicator": {
      "textures": "textures/items/pamobile/doctor_vindicator"
    },
    "alien_being:friendly_nitwit_witch": {
      "textures": "textures/items/pamobile/alien_being_friendly_nitwit_witch"
    },
    "artifact:scroll_of_truth": {
      "textures": "textures/items/pamobile/scroll_of_truth"
    },
    "artifact:enchanter_tome": {
      "textures": "textures/items/pamobile/artifact_enchanter_tome"
    },
    "knife_soul_knife": {
      "textures": "textures/items/pamobile/knife_soul_knife"
    },
    "totem:backup_summoner": {
      "textures": "textures/items/pamobile/totem_backup_summoner"
    },
    "food:senzu_bean": {
      "textures": "textures/items/pamobile/food_senzu_bean"
    }
  }
}
