{
  "format_version": "1.8.0",
  "minecraft:entity": {
    "component_groups": {
      "BruhFR": {},
      "YouAreSoLuckyBecauseIMadeTheTemplateHere": {},
      "Don't Waste Your Time": {}
    },
    "description": {
      "identifier": "gm:mutantskibidiman",
      "is_spawnable": true,
      "is_summonable": true,
      "is_experimental": false
    },
    "components": {
      "minecraft:collision_box": {
        "height": 1.8,
        "width": 0.6
      },
      "minecraft:attack": {
        "damage": 9999
      },
      "minecraft:fall_damage": {
        "value": 0
      },
      "minecraft:underwater_movement": {
        "value": 0.125
      },
      "minecraft:movement": {
        "value": 0.4
      },
      "minecraft:movement.basic": {
        "max_turn": 15
      },
      "minecraft:jump.static": {
        "jump_power": 2
      },
      "minecraft:can_climb": {},
      "minecraft:ambient_sound_interval": {
        "value": 4.57,
        "range": 0,
        "event_name": "ambient",
        "event_names": [
          {
            "event_name": "angry",
            "condition": "query.anger_level(this) >= 80"
          },
          {
            "event_name": "agitated",
            "condition": "query.anger_level(this) >= 40"
          }
        ]
      },
      "minecraft:heartbeat": {
        "interval": "4.57 - math.clamp(query.anger_level / 80 * 1.5, 0, 1.5)"
      },
      "minecraft:health": {
        "value": 99999,
        "max": 99999
      },
      "minecraft:follow_range": {
        "value": 99999,
        "max": 99999
      },
      "minecraft:fire_immune": true,
      "minecraft:behavior.float": {
        "priority": 0
      },
      "minecraft:behavior.hurt_by_target": {
        "priority": 3
      },
      "minecraft:behavior.nearest_attackable_target": {
        "priority": 2,
        "must_see": false,
        "reselect_targets": true,
        "within_radius": 99999,
        "must_see_forget_duration": 1,
        "entity_types": [
          {
            "filters": {
              "any_of": [
                {
                  "test": "is_family",
                  "subject": "other",
                  "value": "villager"
                },
                {
                  "test": "is_family",
                  "subject": "other",
                  "value": "player"
                }
              ]
            },
            "max_dist": 128.0,
            "must_see": false
          }
        ],
        "must_reach": false
      },
      "minecraft:behavior.melee_attack": {
        "priority": 3,
        "speed_multiplier": 1,
        "track_target": true
      },
      "minecraft:type_family": {
        "family": [
          "monster"
        ]
      },
      "minecraft:physics": {},
      "minecraft:scale": {
        "value": 1
      },
      "minecraft:behavior.owner_hurt_by_target": {
        "priority": 1
      },
      "minecraft:behavior.owner_hurt_target": {
        "priority": 2
      },
      "minecraft:navigation.climb": {
        "can_path_over_water": true,
        "can_open_doors": true,
        "can_jump": true,
        "can_open_iron_doors": true,
        "can_pass_doors": true,
        "can_break_doors": true
      },
      "minecraft:knockback_resistance": {
        "value": 0.0,
        "max": 0.0
      },
      "minecraft:annotation.open_door": {},
      "minecraft:behavior.open_door": {
        "close_door_after": true
      },
      "minecraft:experience_reward": {
        "on_death": "query.last_hit_by_player ? 0 : 0"
      }
    },
    "events": {
      "on:death": {
        "run_command": {
          "command": []
        }
      },
      "on:hurt": {
        "run_command": {
          "command": []
        }
      },
      "on:hurt_by_player": {
        "run_command": {
          "command": []
        }
      },
      "on:ignite": {
        "run_command": {
          "command": []
        }
      },
      "on:target_acquired": {
        "run_command": {
          "command": []
        }
      },
      "on:target_escape": {
        "run_command": {
          "command": []
        }
      },
      "on:wake_with_owner": {
        "run_command": {
          "command": []
        }
      }
    }
  }
}