{
    "format_version": "1.8.0",
    "animations": {
      "animation.pluma_raptor.spawn":{
          "loop": false,
          "animation_length": 0.5,
          "timeline":{
              "0.2":[
                "/execute @s[tag=!counted] ~ ~ ~ /scoreboard players add @e[tag=disaster_system] featherraptor 1",
					      "/execute @s[tag=!counted] ~ ~ ~ /tag @s add counted"             ]
          }
      },
      "animation.pluma_raptor.dead": {
          "loop": false,
          "timeline": {
              "0.0":[
                      "/execute @s[tag=counted] ~ ~ ~ /scoreboard players remove @e[tag=disaster_system] featherraptor 1"
                  ]
          },
          "animation_length": 1.0
      }
    }
  }
  