{
  "resource_pack_name": "vanilla",
  "texture_name": "atlas.items",
  "texture_data": {
    "egg_camel": {
      "textures": "textures/items/egg_camel"
    },
    "egg_lion": {
      "textures": "textures/items/egg_lion"
    },
    "egg_penguin": {
      "textures": "textures/items/egg_penguin"
    },
    "egg_tiger": {
      "textures": "textures/items/egg_tiger"
    },
    "egg_elephant": {
      "textures": "textures/items/egg_elephant"
    },
    "egg_deer": {
      "textures": "textures/items/egg_deer"
    },
    "egg_panther": {
      "textures": "textures/items/egg_panther"
    },
    "egg_frog": {
      "textures": "textures/items/egg_frog"
    },
    "egg_crocodile": {
      "textures": "textures/items/egg_crocodile"
    },
    "egg_mouse": {
      "textures": "textures/items/egg_mouse"
    },
    "gallardo": {
      "textures": "textures/items/gallardo"
    },
    "bench": {
      "textures": "textures/items/bench"
    },
    "christmas_tree": {
      "textures": "textures/items/christmas_tree"
    },
    "tivi": {
      "textures": "textures/items/tivi"
    },
    "closet": {
      "textures": "textures/items/closet"
    },
    "laptop": {
      "textures": "textures/items/laptop"
    },
    "piano": {
      "textures": "textures/items/piano"
    },
    "armchairs": {
      "textures": "textures/items/armchairs"
    },
    "chair": {
      "textures": "textures/items/chair"
    },
    "big_table": {
      "textures": "textures/items/big_table"
    },
    "small_table": {
      "textures": "textures/items/small_table"
    },
    "drone": {
      "textures": "textures/items/drone"
    },
    "colorful_gifts": {
      "textures": "textures/items/colorful_gifts"
    },
    "taiyo:id1_iniciar": {
      "textures": "textures/items/pamobile/taiyo_id1_iniciar"
    },
    "taiyo:id2_menu": {
      "textures": "textures/items/pamobile/taiyo_id2_menu"
    },
    "taiyo:id3_menu_selec": {
      "textures": "textures/items/pamobile/taiyo_id3_menu_selec"
    },
    "taiyo_id4_kunai": {
      "textures": "textures/items/pamobile/taiyo_id4_kunai"
    },
    "taiyo:id5_ramen": {
      "textures": "textures/items/pamobile/taiyo_id5_ramen"
    },
    "taiyo_id6_bandana_konoha": {
      "textures": [
        "textures/items/pamobile/taiyo_id6_bandana_konoha"
      ]
    },
    "taiyo_id8_ropa_sasuke_v1": {
      "textures": [
        "textures/items/pamobile/taiyo_id8_ropa_sasuke_v1"
      ]
    },
    "taiyo_id7_ropa_naruto_v1": {
      "textures": [
        "textures/items/pamobile/taiyo_id7_ropa_naruto_v1"
      ]
    },
    "taiyo_id10_bandana": {
      "textures": [
        "textures/items/pamobile/taiyo_id10_bandana"
      ]
    },
    "taiyo_id11_bandana_konoha": {
      "textures": [
        "textures/items/pamobile/taiyo_id11_bandana_konoha"
      ]
    },
    "taiyo_id12_bandana_konoha_renegado": {
      "textures": [
        "textures/items/pamobile/taiyo_id12_bandana_konoha_renegado"
      ]
    },
    "taiyo_id14_sharingan_v1": {
      "textures": [
        "textures/items/pamobile/taiyo_id14_sharingan_v1"
      ]
    },
    "taiyo_id13_sharingan": {
      "textures": [
        "textures/items/pamobile/taiyo_id13_sharingan"
      ]
    },
    "taiyo_id15_sharingan_v2": {
      "textures": [
        "textures/items/pamobile/taiyo_id15_sharingan_v2"
      ]
    },
    "taiyo_id16_sharingan_v3": {
      "textures": [
        "textures/items/pamobile/taiyo_id16_sharingan_v3"
      ]
    },
    "taiyo_id17_mangekyou_v1": {
      "textures": [
        "textures/items/pamobile/taiyo_id17_mangekyou_v1"
      ]
    },
    "taiyo_id18_mangekyou_eterno_v1": {
      "textures": [
        "textures/items/pamobile/taiyo_id18_mangekyou_eterno_v1"
      ]
    },
    "taiyo_id19_susanoo_f1_v1": {
      "textures": [
        "textures/items/pamobile/taiyo_id19_susanoo_f1_v1"
      ]
    },
    "taiyo_id20_susanoo_f2_v1": {
      "textures": [
        "textures/items/pamobile/taiyo_id20_susanoo_f2_v1"
      ]
    },
    "taiyo_id21_rinnegan": {
      "textures": [
        "textures/items/pamobile/taiyo_id21_rinnegan"
      ]
    },
    "taiyo_id22_rinnegan_supremo_v1": {
      "textures": [
        "textures/items/pamobile/taiyo_id22_rinnegan_supremo_v1"
      ]
    },
    "taiyo:id27_gekkei_genkai": {
      "textures": "textures/items/pamobile/taiyo_id27_gekkei_genkai"
    },
    "taiyo_id23_byakugan": {
      "textures": [
        "textures/items/pamobile/taiyo_id23_byakugan"
      ]
    },
    "taiyo_id25_byakugan_v2": {
      "textures": [
        "textures/items/pamobile/taiyo_id25_byakugan_v2"
      ]
    },
    "taiyo_id26_byakugan_v3": {
      "textures": [
        "textures/items/pamobile/taiyo_id26_byakugan_v3"
      ]
    },
    "taiyo_id24_byakugan_v1": {
      "textures": [
        "textures/items/pamobile/taiyo_id24_byakugan_v1"
      ]
    },
    "taiyo:id28_mangekyou_aleatorio": {
      "textures": "textures/items/pamobile/taiyo_id28_mangekyou_aleatorio"
    },
    "taiyo_id30_bandana_konoha_renegado_v2": {
      "textures": [
        "textures/items/pamobile/taiyo_id30_bandana_konoha_renegado_v2"
      ]
    },
    "taiyo_id29_bandana_konoha_v2": {
      "textures": [
        "textures/items/pamobile/taiyo_id29_bandana_konoha_v2"
      ]
    },
    "taiyo_id9_bandana_konoha_renegado": {
      "textures": [
        "textures/items/pamobile/taiyo_id9_bandana_konoha_renegado"
      ]
    },
    "taiyo:id31_elemento_aleatorio": {
      "textures": "textures/items/pamobile/taiyo_id31_elemento_aleatorio"
    },
    "taiyo:id32_rayo_j1": {
      "textures": "textures/items/pamobile/taiyo_id32_rayo_j1"
    },
    "taiyo_id32_rayo_ju1": {
      "textures": "textures/items/pamobile/taiyo_id32_rayo_ju1"
    },
    "taiyo:id32_rayo_j1_v2": {
      "textures": "textures/items/pamobile/taiyo_id32_rayo_j1_v2"
    },
    "taiyo:id33_jutsu_salto_elevado": {
      "textures": "textures/items/pamobile/taiyo_id33_jutsu_salto_elevado"
    },
    "taiyo:hyuga": {
      "textures": "textures/items/pamobile/taiyo_hyuga"
    },
    "taiyo:id34_ramen_divino": {
      "textures": "textures/items/pamobile/taiyo_id34_ramen_divino"
    },
    "taiyo_id33_puerta_1": {
      "textures": [
        "textures/items/pamobile/taiyo_id33_puerta_1"
      ]
    },
    "taiyo_id35_espada_de_chakra": {
      "textures": "textures/items/pamobile/taiyo_id35_espada_de_chakra"
    },
    "taiyo:uchiha": {
      "textures": "textures/items/pamobile/taiyo_uchiha"
    }
  }
}