{
  "animation_controllers": {
    "controller.animation.spider_jumpscare": {
      "initial_state": "default",
      "states": {
        "add": {
          "on_entry": [
            "/camerashake stop @a"
          ],
          "transitions": [
            {
              "default": "1.0"
            }
          ]
        },
        "attack": {
          "on_entry": [
            "/tag @s add eee",
            "/title @p actionbar §l§4!YOU HURT! ",
            "/effect @e[type\u003dos:spider] slowness 5 29"
          ],
          "transitions": [
            {
              "default": "1.0"
            }
          ]
        },
        "default": {
          "transitions": [
            {
              "attack": "variable.attack_time \u003e 0 \u0026\u0026 !query.is_stunned"
            },
            {
              "add": "query.has_rider \u0026\u0026 !query.is_stunned"
            }
          ]
        }
      }
    },
    "controller.animation.big_jumpscare": {
      "initial_state": "default",
      "states": {
        "add": {
          "on_entry": [
            "/camerashake stop @a"
          ],
          "transitions": [
            {
              "default": "1.0"
            }
          ]
        },
        "attack": {
          "on_entry": [
            "/tag @s add eee",
            "/title @p actionbar §l§4!YOU HURT! ",
            "/effect @e[type\u003dos:big] slowness 5 29"
          ],
          "transitions": [
            {
              "default": "1.0"
            }
          ]
        },
        "default": {
          "transitions": [
            {
              "attack": "variable.attack_time \u003e 0 \u0026\u0026 !query.is_stunned"
            },
            {
              "add": "query.has_rider \u0026\u0026 !query.is_stunned"
            }
          ]
        }
      }
    },
    "controller.animation.normal_jumpscare": {
      "initial_state": "default",
      "states": {
        "add": {
          "on_entry": [
            "/scoreboard objectives add eee dummy",
            "/scoreboard players add @e[r\u003d3,type\u003d!os:normal] eee 1",
            "/execute @e[scores\u003d{eee\u003d8..1000}] ~ ~ ~event entity @e[type\u003dos:normal,r\u003d5] tb:jumpscare_stop",
            "/execute @e[scores\u003d{eee\u003d8..1000}] ~ ~ ~tag @e[type\u003dos:normal,r\u003d5] remove eee",
            "/kill @e[scores\u003d{eee\u003d8..1000}]",
            "/scoreboard players set @a[scores\u003d{eee\u003d8..1000}] eee 0"
          ],
          "transitions": [
            {
              "default": "1.0"
            }
          ]
        },
        "attack": {
          "on_entry": [
            "/tag @s add eee",
            "/execute @s ~ ~ ~ ride @e[r\u003d3,type\u003d!os:normal] start_riding @s",
            "/playsound mob.skibidi.jumpscare @a[r\u003d20]",
            "/effect @s slowness 2 255 true"
          ],
          "transitions": [
            {
              "default": "1.0"
            }
          ]
        },
        "default": {
          "transitions": [
            {
              "attack": "variable.attack_time \u003e 0 \u0026\u0026 !query.is_stunned"
            },
            {
              "add": "query.has_rider \u0026\u0026 !query.is_stunned"
            }
          ]
        }
      }
    },
    "controller.animation.boy_jumpscare": {
      "initial_state": "default",
      "states": {
        "add": {
          "on_entry": [
            "/scoreboard objectives add eee dummy",
            "/scoreboard players add @e[r\u003d3,type\u003d!os:boy] eee 1",
            "/execute @e[scores\u003d{eee\u003d8..1000}] ~ ~ ~event entity @e[type\u003dos:boy,r\u003d5] tb:jumpscare_stop",
            "/execute @e[scores\u003d{eee\u003d8..1000}] ~ ~ ~tag @e[type\u003dos:boy,r\u003d5] remove eee",
            "/kill @e[scores\u003d{eee\u003d8..1000}]",
            "/scoreboard players set @a[scores\u003d{eee\u003d8..1000}] eee 0"
          ],
          "transitions": [
            {
              "default": "1.0"
            }
          ]
        },
        "attack": {
          "on_entry": [
            "/tag @s add eee",
            "/execute @s ~ ~ ~ ride @e[r\u003d3,type\u003d!os:boy] start_riding @s",
            "/playsound mob.skibidi.jumpscare @a[r\u003d20]",
            "/effect @s slowness 2 255 true"
          ],
          "transitions": [
            {
              "default": "1.0"
            }
          ]
        },
        "default": {
          "transitions": [
            {
              "attack": "variable.attack_time \u003e 0 \u0026\u0026 !query.is_stunned"
            },
            {
              "add": "query.has_rider \u0026\u0026 !query.is_stunned"
            }
          ]
        }
      }
    }
  },
  "format_version": "1.10.0"
}