{
	"format_version": "1.13.0",
	"minecraft:feature_rules": {
		"description": {
			"identifier": "df:assassinhouse",
			"places_feature": "df:assassinhouse"
		},
		"conditions": {
			"placement_pass": "after_surface_pass",
			"minecraft:biome_filter": {
				"any_of": [
					{
						"test": "has_biome_tag",
						"operator": "==",
						"value": "plains"
					},
					{
						"test": "has_biome_tag",
						"operator": "==",
						"value": "desert"
					},
					{
						"test": "has_biome_tag",
						"operator": "==",
						"value": "swamp"
					},
					{
						"test": "has_biome_tag",
						"operator": "==",
						"value": "taiga"
					},
					{
						"test": "has_biome_tag",
						"operator": "==",
						"value": "savanna"
					},
					{
						"test": "has_biome_tag",
						"operator": "==",
						"value": "mesa"
					}
				]
			}
		},
		"distribution": {
			"iterations": 1,
			"scatter_chance": 0.6,
			"x": {
				"distribution": "uniform",
				"extent": [
					0,
					35
				]
			},
			"y": "query.heightmap(variable.worldx, variable.worldz) + 0",
			"z": {
				"distribution": "uniform",
				"extent": [
					0,
					35
				]
			}
		}
	}
}