{
	"format_version": "1.13.0",
	"minecraft:feature_rules": {
		"description": {
			"identifier": "df:piglincamp",
			"places_feature": "df:piglincamp"
		},
		"conditions": {
			"placement_pass": "final_pass",
			"minecraft:biome_filter": [
				{
					"all_of": [
						{
							"any_of": [
								{
									"test": "has_biome_tag",
									"operator": "==",
									"value": "nether_wastes"
								},
								{
									"test": "has_biome_tag",
									"operator": "==",
									"value": "crimson_forest"
								},
								{
									"test": "has_biome_tag",
									"operator": "==",
									"value": "warped_forest"
								},
								{
									"test": "has_biome_tag",
									"operator": "==",
									"value": "soulsand_valley"
								},
								{
									"test": "has_biome_tag",
									"operator": "==",
									"value": "nether"
								}
							]
						}
					]
				}
			]
		},
		"distribution": {
			"iterations": 5,
			"x": {
				"extent": [
					0,
					16
				],
				"distribution": "uniform"
			},
			"y": {
				"extent": [
					31,
					124
				],
				"distribution": "uniform"
			},
			"z": {
				"distribution": "uniform",
				"extent": [
					0,
					16
				]
			}
		}
	}
}