{
	"format_version": "1.13.0",
	"minecraft:feature_rules": {
		"description": {
			"identifier": "df:smallbase",
			"places_feature": "df:smallbase"
		},
		"conditions": {
			"placement_pass": "after_surface_pass",
			"minecraft:biome_filter": {
				"all_of": [
					{
						"test": "has_biome_tag",
						"operator": "!=",
						"value": "extreme_hills"
					},
					{
						"any_of": [
							{
								"test": "has_biome_tag",
								"operator": "==",
								"value": "flower_forest"
							},
							{
								"test": "has_biome_tag",
								"operator": "==",
								"value": "plains"
							},
							{
								"test": "has_biome_tag",
								"operator": "==",
								"value": "desert"
							},
							{
								"test": "has_biome_tag",
								"operator": "==",
								"value": "swamp"
							},
							{
								"test": "has_biome_tag",
								"operator": "==",
								"value": "jungle"
							},
							{
								"test": "has_biome_tag",
								"operator": "==",
								"value": "taiga"
							},
							{
								"test": "has_biome_tag",
								"operator": "==",
								"value": "savanna"
							}
						]
					}
				]
			}
		},
		"distribution": {
			"iterations": 1,
			"scatter_chance": 0.09,
			"x": {
				"distribution": "uniform",
				"extent": [
					0,
					16
				]
			},
			"y": "query.heightmap(variable.worldx, variable.worldz) + -1",
			"z": {
				"distribution": "uniform",
				"extent": [
					0,
					16
				]
			}
		}
	}
}