{
  "format_version": "1.8.0",
  "animations": {
    "animation.os_boy.walk": {
      "loop": true,
      "animation_length": 0.75,
      "bones": {
        "body": {
          "rotation": {
            "0.0": [
              0,
              0,
              0
            ],
            "0.25": [
              -10,
              0,
              0
            ],
            "0.5": [
              5,
              0,
              0
            ],
            "0.75": [
              0,
              0,
              0
            ]
          },
          "position": {
            "0.0": [
              0,
              0,
              0
            ],
            "0.25": [
              0,
              8,
              0
            ],
            "0.5": [
              0,
              0,
              0
            ],
            "0.75": [
              0,
              0,
              0
            ]
          }
        },
        "penutup": {
          "rotation": {
            "0.0": [
              12.5,
              0,
              0
            ],
            "0.25": [
              -7.5,
              0,
              0
            ],
            "0.5833": [
              7.5,
              0,
              0
            ],
            "0.75": [
              12.5,
              0,
              0
            ]
          }
        }
      }
    },
    "animation.os_boy.jumpscare": {
      "loop": "hold_on_last_frame",
      "animation_length": 1,
      "bones": {
        "head": {
          "rotation": {
            "0.0": [
              0.36373,
              0.65271,
              12.46481
            ],
            "0.25": [
              -0.1088,
              0.73925,
              -25.03796
            ],
            "0.5": [
              0.41924,
              0.61853,
              17.465
            ],
            "0.75": [
              -0.1088,
              0.73925,
              -25.03796
            ],
            "1.0": [
              5.21383,
              0.71597,
              -0.03593
            ]
          },
          "position": {
            "0.0": [
              0,
              0,
              0
            ],
            "1.0": [
              0,
              -7,
              -2
            ]
          },
          "scale": {
            "0.0": [
              1,
              1,
              1
            ],
            "1.0": [
              2,
              1.8,
              2.1
            ]
          }
        }
      }
    },
    "animation.os_boy.look_at": {
      "loop": true,
      "bones": {
        "head": {
          "rotation": [
            0,
            "math.clamp(query.target_y_rotation, -25, 25)",
            0
          ]
        }
      }
    }
  }
}