{
  "format_version": "1.8.0",
  "animations": {
    "animation.os_dead.bob": {
      "loop": "hold_on_last_frame",
      "animation_length": 1.45833,
      "bones": {
        "penutup": {
          "rotation": {
            "1.25": [
              -7.5,
              0,
              0
            ],
            "1.4583": [
              90,
              0,
              0
            ]
          }
        },
        "head": {
          "rotation": {
            "0.0": [
              0,
              72.5,
              0
            ],
            "0.25": [
              0,
              112.5,
              0
            ],
            "0.5": [
              0,
              347.5,
              0
            ],
            "0.75": [
              0,
              595,
              0
            ],
            "1.0": [
              0,
              940,
              0
            ],
            "1.375": [
              0,
              2422.5,
              0
            ]
          },
          "position": {
            "0.0": [
              0,
              0,
              0
            ],
            "1.375": [
              0,
              -13,
              0
            ]
          },
          "scale": {
            "1.0": [
              1,
              1,
              1
            ],
            "1.375": [
              0.4,
              0.6,
              0.2
            ]
          }
        }
      }
    }
  }
}