{
  "format_version": "1.8.0",
  "animations": {
    "animation.os_spider.walk": {
      "loop": true,
      "animation_length": 1,
      "bones": {
        "body": {
          "rotation": {
            "0.0": [
              30,
              0,
              0
            ],
            "0.25": [
              40,
              0,
              0
            ],
            "0.5": [
              22.5,
              0,
              0
            ],
            "0.75": [
              30,
              0,
              0
            ],
            "1.0": [
              30,
              0,
              0
            ]
          },
          "position": {
            "0.0": [
              0,
              0,
              0
            ],
            "0.25": [
              0,
              2,
              -6
            ],
            "0.5": [
              0,
              -1,
              -2
            ],
            "0.75": [
              0,
              2,
              -2
            ],
            "1.0": [
              0,
              0,
              0
            ]
          }
        },
        "head": {
          "rotation": [
            0,
            0,
            0
          ],
          "position": [
            0,
            0,
            0
          ],
          "scale": 1
        },
        "rightLeg": {
          "position": {
            "0.0": [
              0,
              2,
              -2
            ],
            "0.25": [
              0,
              5,
              -4
            ],
            "0.5": [
              0,
              0,
              -2
            ],
            "0.75": [
              0,
              0,
              2
            ],
            "1.0": [
              0,
              2,
              -2
            ]
          }
        },
        "rightLeg2": {
          "position": {
            "0.0": [
              0,
              2,
              -3
            ],
            "0.25": [
              0,
              0,
              -3
            ],
            "0.5": [
              0,
              0,
              2
            ],
            "0.75": [
              0,
              3,
              -5
            ],
            "1.0": [
              0,
              2,
              -3
            ]
          }
        },
        "leftLeg": {
          "position": {
            "0.0": [
              0,
              0,
              4
            ],
            "0.25": [
              0,
              2,
              3
            ],
            "0.5": [
              0,
              3,
              -2
            ],
            "0.75": [
              0,
              0,
              -2
            ],
            "1.0": [
              0,
              0,
              4
            ]
          }
        },
        "leftLeg2": {
          "position": {
            "0.0": [
              0,
              4,
              -2
            ],
            "0.25": [
              0,
              0,
              -2
            ],
            "0.5": [
              0,
              0,
              4
            ],
            "0.75": [
              0,
              2,
              4
            ],
            "1.0": [
              0,
              4,
              -2
            ]
          }
        },
        "neck": {
          "rotation": [
            0,
            0,
            0
          ],
          "scale": 1
        }
      }
    },
    "animation.os_spider.bob": {
      "loop": true,
      "animation_length": 4,
      "bones": {
        "root": {
          "scale": [
            1.5,
            1.5,
            1.5
          ]
        },
        "body": {
          "rotation": {
            "0.0": [
              7.5,
              0,
              0
            ],
            "2.0": [
              -5,
              0,
              0
            ],
            "4.0": [
              7.5,
              0,
              0
            ]
          }
        },
        "penutup": {
          "rotation": [
            0,
            0,
            0
          ]
        }
      }
    },
    "animation.os_spider.attack": {
      "animation_length": 0.5,
      "bones": {
        "body": {
          "rotation": {
            "0.0": [
              7.5,
              0,
              0
            ],
            "0.25": [
              35,
              0,
              0
            ],
            "0.5": [
              7.5,
              0,
              0
            ]
          }
        },
        "penutup": {
          "rotation": {
            "0.0": [
              0,
              0,
              0
            ],
            "0.125": [
              -84.67111,
              0.09951,
              -5.07814
            ],
            "0.375": [
              88.80168,
              -2.83368,
              3.31439
            ],
            "0.5": [
              0,
              0,
              0
            ]
          }
        },
        "head": {
          "rotation": {
            "0.0": [
              0,
              0,
              0
            ],
            "0.25": [
              -35,
              0,
              0
            ],
            "0.5": [
              0,
              0,
              0
            ]
          },
          "position": {
            "0.0": [
              0,
              0,
              0
            ],
            "0.25": [
              0,
              2,
              -52
            ],
            "0.5": [
              0,
              0,
              0
            ]
          },
          "scale": {
            "0.0": [
              1,
              1,
              1
            ],
            "0.5": [
              1,
              1,
              1
            ]
          }
        },
        "neck": {
          "rotation": {
            "0.0": [
              0,
              0,
              0
            ],
            "0.125": [
              72.06569,
              1.84687,
              -2.11058
            ],
            "0.25": [
              84.56569,
              1.84687,
              -2.11058
            ],
            "0.375": [
              49.78284,
              0.92344,
              -1.05529
            ],
            "0.5": [
              0,
              0,
              0
            ]
          },
          "scale": {
            "0.0": [
              1,
              1,
              1
            ],
            "0.125": [
              1,
              4.45,
              1
            ],
            "0.25": [
              1,
              11.5,
              1
            ],
            "0.5": [
              1,
              1,
              1
            ]
          }
        }
      }
    }
  }
}