{
  "format_version": "1.12.0",
  "minecraft:geometry": [
    {
      "description": {
        "identifier": "geometry.lv_banbaleena_sad",
        "texture_width": 64,
        "texture_height": 64,
        "visible_bounds_width": 3,
        "visible_bounds_height": 4.5,
        "visible_bounds_offset": [
          0,
          1.75,
          0
        ]
      },
      "bones": [
        {
          "name": "Root",
          "pivot": [
            0,
            -12,
            0
          ],
          "rotation": [
            0,
            180,
            0
          ]
        },
        {
          "name": "LeftLeg",
          "parent": "Root",
          "pivot": [
            2.5,
            3,
            0
          ],
          "rotation": [
            -80,
            -2.5,
            0
          ],
          "cubes": [
            {
              "origin": [
                0.16284,
                -2.9981,
                -2.24619
              ],
              "size": [
                4.5,
                7,
                4.5
              ],
              "uv": [
                28,
                0
              ]
            },
            {
              "origin": [
                0.56284,
                -11.4981,
                -1.84619
              ],
              "size": [
                3.7,
                9,
                3.7
              ],
              "uv": [
                28,
                38
              ]
            }
          ]
        },
        {
          "name": "bone5",
          "parent": "LeftLeg",
          "pivot": [
            3,
            -8,
            0
          ],
          "cubes": [
            {
              "origin": [
                0.25,
                -12,
                -2.25
              ],
              "size": [
                4.5,
                4,
                4.5
              ],
              "uv": [
                36,
                22
              ]
            }
          ]
        },
        {
          "name": "RightLeg",
          "parent": "Root",
          "pivot": [
            -2.5,
            3,
            0
          ],
          "rotation": [
            -80,
            2.5,
            0
          ],
          "cubes": [
            {
              "origin": [
                -4.66284,
                -2.9981,
                -2.24619
              ],
              "size": [
                4.5,
                7,
                4.5
              ],
              "uv": [
                24,
                15
              ]
            },
            {
              "origin": [
                -4.26284,
                -11.4981,
                -1.84619
              ],
              "size": [
                3.7,
                9,
                3.7
              ],
              "uv": [
                16,
                35
              ]
            }
          ]
        },
        {
          "name": "bone4",
          "parent": "RightLeg",
          "pivot": [
            -3,
            -8,
            0
          ],
          "cubes": [
            {
              "origin": [
                -4.75,
                -12,
                -2.25
              ],
              "size": [
                4.5,
                4,
                4.5
              ],
              "uv": [
                36,
                11
              ]
            }
          ]
        },
        {
          "name": "Body",
          "parent": "Root",
          "pivot": [
            0,
            3,
            0
          ],
          "rotation": [
            17.5,
            0,
            0
          ],
          "cubes": [
            {
              "origin": [
                -4.25,
                2,
                -3
              ],
              "size": [
                8.5,
                13,
                6
              ],
              "uv": [
                0,
                0
              ]
            }
          ]
        },
        {
          "name": "Head",
          "parent": "Body",
          "pivot": [
            0,
            15,
            0
          ],
          "rotation": [
            20,
            0,
            0
          ],
          "cubes": [
            {
              "origin": [
                -4,
                15,
                -3.5
              ],
              "size": [
                8,
                8,
                7
              ],
              "uv": [
                0,
                19
              ]
            },
            {
              "origin": [
                -4,
                23,
                -1.75
              ],
              "size": [
                3.5,
                3.25,
                3.5
              ],
              "uv": [
                48,
                9
              ]
            },
            {
              "origin": [
                -3.5,
                23.75,
                -1.25
              ],
              "size": [
                2.5,
                4,
                2.5
              ],
              "uv": [
                49,
                30
              ]
            },
            {
              "origin": [
                1,
                23.75,
                -1.25
              ],
              "size": [
                2.5,
                4,
                2.5
              ],
              "uv": [
                48,
                19
              ]
            },
            {
              "origin": [
                0.5,
                23,
                -1.75
              ],
              "size": [
                3.5,
                3.25,
                3.5
              ],
              "uv": [
                12,
                47
              ]
            },
            {
              "origin": [
                -1.3,
                22.75,
                -2.1
              ],
              "size": [
                5,
                4,
                0
              ],
              "pivot": [
                0,
                15,
                0
              ],
              "rotation": [
                0,
                -6,
                6
              ],
              "uv": [
                22,
                0
              ]
            },
            {
              "origin": [
                0.45,
                23.5,
                -2.3
              ],
              "size": [
                1.5,
                1.5,
                1
              ],
              "pivot": [
                0,
                15,
                0
              ],
              "rotation": [
                0,
                -6,
                6
              ],
              "uv": [
                0,
                4
              ]
            }
          ]
        },
        {
          "name": "bone2",
          "parent": "Head",
          "pivot": [
            -2,
            20,
            -4
          ],
          "cubes": [
            {
              "origin": [
                -3.25,
                18.75,
                -4.25
              ],
              "size": [
                2.5,
                2.5,
                2
              ],
              "uv": [
                38,
                30
              ]
            },
            {
              "origin": [
                -3,
                19,
                -4.35
              ],
              "size": [
                2,
                2,
                0
              ],
              "uv": [
                0,
                2
              ]
            }
          ]
        },
        {
          "name": "bone",
          "parent": "Head",
          "pivot": [
            -2,
            16,
            -4.5
          ],
          "rotation": [
            -2.5,
            0,
            10
          ]
        },
        {
          "name": "bone3",
          "parent": "Head",
          "pivot": [
            2,
            20,
            -4
          ],
          "cubes": [
            {
              "origin": [
                0.75,
                18.75,
                -4.25
              ],
              "size": [
                2.5,
                2.5,
                2
              ],
              "uv": [
                28,
                11
              ]
            },
            {
              "origin": [
                1,
                19,
                -4.35
              ],
              "size": [
                2,
                2,
                0
              ],
              "uv": [
                0,
                0
              ]
            }
          ]
        },
        {
          "name": "RightArm",
          "parent": "Body",
          "pivot": [
            -4,
            14,
            0
          ],
          "rotation": [
            -40,
            0,
            12.5
          ],
          "cubes": [
            {
              "origin": [
                -6.25,
                8,
                -1.75
              ],
              "size": [
                3.5,
                7,
                3.5
              ],
              "uv": [
                0,
                42
              ]
            }
          ]
        },
        {
          "name": "bone7",
          "parent": "RightArm",
          "pivot": [
            -4,
            8,
            0
          ],
          "rotation": [
            -25.25766,
            -11.2531,
            -22.47096
          ],
          "cubes": [
            {
              "origin": [
                -6.5,
                -1,
                -2
              ],
              "size": [
                4,
                4,
                4
              ],
              "uv": [
                0,
                34
              ]
            },
            {
              "origin": [
                -6.1,
                2.6,
                -1.6
              ],
              "size": [
                3.2,
                6.4,
                3.2
              ],
              "uv": [
                40,
                45
              ]
            }
          ]
        },
        {
          "name": "LeftArm",
          "parent": "Body",
          "pivot": [
            4,
            14,
            0
          ],
          "rotation": [
            -42.5,
            0,
            -12.5
          ],
          "cubes": [
            {
              "origin": [
                2.75,
                8,
                -1.75
              ],
              "size": [
                3.5,
                7,
                3.5
              ],
              "uv": [
                40,
                35
              ]
            }
          ]
        },
        {
          "name": "bone6",
          "parent": "LeftArm",
          "pivot": [
            4,
            8,
            0
          ],
          "rotation": [
            -22.47096,
            11.2531,
            25.25766
          ],
          "cubes": [
            {
              "origin": [
                2.9,
                2.6,
                -1.6
              ],
              "size": [
                3.2,
                6.4,
                3.2
              ],
              "uv": [
                44,
                0
              ]
            },
            {
              "origin": [
                2.5,
                -1,
                -2
              ],
              "size": [
                4,
                4,
                4
              ],
              "uv": [
                26,
                30
              ]
            }
          ]
        }
      ]
    }
  ]
}