{
  "format_version": "1.12.0",
  "minecraft:geometry": [
    {
      "description": {
        "identifier": "geometry.lv_drone",
        "texture_width": 64,
        "texture_height": 64,
        "visible_bounds_width": 3,
        "visible_bounds_height": 2.5,
        "visible_bounds_offset": [
          0,
          0.75,
          0
        ]
      },
      "bones": [
        {
          "name": "Body",
          "pivot": [
            0,
            17,
            0
          ],
          "cubes": [
            {
              "origin": [
                -2,
                15,
                -2
              ],
              "size": [
                4,
                4,
                4
              ],
              "uv": [
                28,
                28
              ]
            },
            {
              "origin": [
                -4,
                17,
                -4
              ],
              "size": [
                8,
                0,
                8
              ],
              "uv": [
                16,
                20
              ]
            }
          ]
        },
        {
          "name": "bone",
          "parent": "Body",
          "pivot": [
            5,
            16,
            -5
          ],
          "cubes": [
            {
              "origin": [
                1,
                16,
                -9
              ],
              "size": [
                8,
                2,
                8
              ],
              "uv": [
                24,
                2
              ]
            }
          ]
        },
        {
          "name": "bone2",
          "parent": "bone",
          "pivot": [
            5,
            16,
            -5
          ],
          "cubes": [
            {
              "origin": [
                4,
                17,
                -8
              ],
              "size": [
                2,
                0,
                6
              ],
              "uv": [
                -5,
                39
              ]
            }
          ]
        },
        {
          "name": "bone5",
          "parent": "Body",
          "pivot": [
            -5,
            16,
            5
          ],
          "cubes": [
            {
              "origin": [
                -9,
                16,
                1
              ],
              "size": [
                8,
                2,
                8
              ],
              "uv": [
                0,
                20
              ]
            }
          ]
        },
        {
          "name": "bone6",
          "parent": "bone5",
          "pivot": [
            -5,
            16,
            5
          ],
          "cubes": [
            {
              "origin": [
                -6,
                17,
                2
              ],
              "size": [
                2,
                0,
                6
              ],
              "uv": [
                8,
                46
              ]
            }
          ]
        },
        {
          "name": "bone9",
          "parent": "Body",
          "pivot": [
            -5,
            16,
            -5
          ],
          "cubes": [
            {
              "origin": [
                -9,
                16,
                -9
              ],
              "size": [
                8,
                2,
                8
              ],
              "uv": [
                0,
                10
              ]
            }
          ]
        },
        {
          "name": "bone10",
          "parent": "bone9",
          "pivot": [
            -5,
            16,
            -5
          ]
        },
        {
          "name": "bone11",
          "parent": "bone10",
          "pivot": [
            -5,
            16,
            -5
          ],
          "cubes": [
            {
              "origin": [
                -6,
                17,
                -8
              ],
              "size": [
                2,
                0,
                6
              ],
              "uv": [
                50,
                29
              ]
            }
          ]
        },
        {
          "name": "bone7",
          "parent": "Body",
          "pivot": [
            5,
            16,
            5
          ],
          "cubes": [
            {
              "origin": [
                1,
                16,
                1
              ],
              "size": [
                8,
                2,
                8
              ],
              "uv": [
                0,
                0
              ]
            }
          ]
        },
        {
          "name": "bone8",
          "parent": "bone7",
          "pivot": [
            5,
            16,
            5
          ]
        },
        {
          "name": "bone12",
          "parent": "bone8",
          "pivot": [
            5,
            16,
            5
          ],
          "cubes": [
            {
              "origin": [
                4,
                17,
                2
              ],
              "size": [
                2,
                0,
                6
              ],
              "uv": [
                17,
                57
              ]
            }
          ]
        }
      ]
    }
  ]
}