{
  "format_version": "1.12.0",
  "minecraft:geometry": [
    {
      "description": {
        "identifier": "geometry.lv_droner",
        "texture_width": 64,
        "texture_height": 64,
        "visible_bounds_width": 2,
        "visible_bounds_height": 2.5,
        "visible_bounds_offset": [
          0,
          0.75,
          0
        ]
      },
      "bones": [
        {
          "name": "Body",
          "pivot": [
            0,
            4,
            0
          ],
          "cubes": [
            {
              "origin": [
                -4.5,
                4,
                0
              ],
              "size": [
                9,
                10,
                0
              ],
              "uv": [
                24,
                18
              ]
            },
            {
              "origin": [
                0,
                4,
                -4.5
              ],
              "size": [
                0,
                10,
                9
              ],
              "uv": [
                0,
                23
              ]
            }
          ]
        },
        {
          "name": "bone",
          "parent": "Body",
          "pivot": [
            0,
            4,
            0
          ],
          "cubes": [
            {
              "origin": [
                -6,
                2,
                0
              ],
              "size": [
                12,
                14,
                0
              ],
              "uv": [
                0,
                18
              ]
            }
          ]
        },
        {
          "name": "bone2",
          "parent": "Body",
          "pivot": [
            0,
            4,
            0
          ],
          "cubes": [
            {
              "origin": [
                -8,
                0,
                0
              ],
              "size": [
                16,
                18,
                0
              ],
              "uv": [
                0,
                0
              ]
            }
          ]
        }
      ]
    }
  ]
}