{
  "format_version": "1.12.0",
  "minecraft:geometry": [
    {
      "description": {
        "identifier": "geometry.lv_experiment_4",
        "texture_width": 128,
        "texture_height": 128,
        "visible_bounds_width": 3,
        "visible_bounds_height": 4.5,
        "visible_bounds_offset": [
          0,
          1.75,
          0
        ]
      },
      "bones": [
        {
          "name": "Root",
          "pivot": [
            0,
            0,
            0
          ]
        },
        {
          "name": "Body",
          "parent": "Root",
          "pivot": [
            0,
            19,
            0
          ],
          "cubes": [
            {
              "origin": [
                -4,
                18,
                -2.5
              ],
              "size": [
                8,
                15,
                5
              ],
              "uv": [
                0,
                17
              ]
            },
            {
              "origin": [
                -4.5,
                27.25,
                -3
              ],
              "size": [
                9,
                7,
                6
              ],
              "uv": [
                26,
                17
              ]
            }
          ]
        },
        {
          "name": "RightArm",
          "parent": "Body",
          "pivot": [
            -5,
            33,
            0
          ],
          "rotation": [
            0,
            0,
            10
          ],
          "cubes": [
            {
              "origin": [
                -6.75,
                26,
                -1.75
              ],
              "size": [
                3.5,
                8,
                3.5
              ],
              "uv": [
                12,
                54
              ]
            }
          ]
        },
        {
          "name": "bone5",
          "parent": "RightArm",
          "pivot": [
            -5,
            26,
            0
          ],
          "cubes": [
            {
              "origin": [
                -6.75,
                18,
                -1.75
              ],
              "size": [
                3.5,
                8,
                3.5
              ],
              "uv": [
                52,
                0
              ]
            }
          ]
        },
        {
          "name": "bone4",
          "parent": "bone5",
          "pivot": [
            -5,
            18,
            0
          ],
          "cubes": [
            {
              "origin": [
                -7.25,
                13.75,
                -2.25
              ],
              "size": [
                4.5,
                4.5,
                4.5
              ],
              "uv": [
                42,
                30
              ]
            }
          ]
        },
        {
          "name": "bone13",
          "parent": "bone5",
          "pivot": [
            2,
            26,
            0
          ],
          "rotation": [
            0,
            0,
            35
          ],
          "cubes": [
            {
              "origin": [
                -3,
                15.5,
                -1
              ],
              "size": [
                5,
                3,
                2
              ],
              "uv": [
                56,
                19
              ]
            },
            {
              "origin": [
                -5,
                18.5,
                -1
              ],
              "size": [
                5,
                3,
                2
              ],
              "uv": [
                56,
                19
              ]
            }
          ]
        },
        {
          "name": "bone14",
          "parent": "RightArm",
          "pivot": [
            2,
            33,
            0
          ],
          "rotation": [
            0,
            0,
            35
          ],
          "cubes": [
            {
              "origin": [
                -3,
                22.5,
                -1
              ],
              "size": [
                5,
                3,
                2
              ],
              "uv": [
                56,
                19
              ]
            },
            {
              "origin": [
                -5,
                25.5,
                -1
              ],
              "size": [
                5,
                3,
                2
              ],
              "uv": [
                56,
                19
              ]
            }
          ]
        },
        {
          "name": "Head",
          "parent": "Body",
          "pivot": [
            0,
            34,
            0
          ],
          "cubes": [
            {
              "origin": [
                -6,
                34,
                -4
              ],
              "size": [
                12,
                9,
                8
              ],
              "uv": [
                0,
                0
              ]
            },
            {
              "origin": [
                9,
                35,
                -2
              ],
              "size": [
                2,
                5,
                4
              ],
              "pivot": [
                0,
                0,
                0
              ],
              "rotation": [
                0,
                0,
                -5
              ],
              "uv": [
                24,
                54
              ]
            },
            {
              "origin": [
                9,
                35,
                0
              ],
              "size": [
                7,
                8,
                0
              ],
              "pivot": [
                0,
                0,
                0
              ],
              "rotation": [
                0,
                0,
                -5
              ],
              "uv": [
                56,
                11
              ]
            }
          ]
        },
        {
          "name": "bone17",
          "parent": "Head",
          "pivot": [
            2,
            33,
            0
          ],
          "rotation": [
            0,
            0,
            35
          ],
          "cubes": [
            {
              "origin": [
                -8.25,
                30.25,
                -1
              ],
              "size": [
                4.5,
                3,
                2
              ],
              "uv": [
                56,
                19
              ]
            },
            {
              "origin": [
                -10.25,
                33.25,
                -1
              ],
              "size": [
                4.5,
                3,
                2
              ],
              "uv": [
                56,
                19
              ]
            },
            {
              "origin": [
                -1.25,
                35.75,
                -1
              ],
              "size": [
                3.5,
                3,
                2
              ],
              "pivot": [
                -3.5,
                40.75,
                0
              ],
              "rotation": [
                0,
                0,
                95
              ],
              "uv": [
                56,
                19
              ]
            },
            {
              "origin": [
                -2.75,
                37.25,
                -1
              ],
              "size": [
                3.5,
                3,
                2
              ],
              "pivot": [
                -3.5,
                40.75,
                0
              ],
              "rotation": [
                0,
                0,
                95
              ],
              "uv": [
                56,
                19
              ]
            }
          ]
        },
        {
          "name": "LeftLeg",
          "parent": "Root",
          "pivot": [
            2.25,
            17,
            0
          ],
          "rotation": [
            0,
            0,
            -2.5
          ],
          "cubes": [
            {
              "origin": [
                0.25,
                10,
                -2
              ],
              "size": [
                4,
                9,
                4
              ],
              "uv": [
                0,
                37
              ]
            }
          ]
        },
        {
          "name": "bone",
          "parent": "LeftLeg",
          "pivot": [
            2.25,
            10,
            0
          ],
          "cubes": [
            {
              "origin": [
                0,
                3,
                -2.25
              ],
              "size": [
                4.5,
                7,
                4.5
              ],
              "uv": [
                32,
                46
              ]
            }
          ]
        },
        {
          "name": "bone2",
          "parent": "bone",
          "pivot": [
            2.25,
            3,
            0
          ],
          "rotation": [
            0,
            0,
            2.5
          ],
          "cubes": [
            {
              "origin": [
                -0.25,
                0,
                -2.75
              ],
              "size": [
                5,
                3.25,
                5.5
              ],
              "uv": [
                37,
                38
              ]
            },
            {
              "origin": [
                0.25,
                0,
                -4.5
              ],
              "size": [
                4,
                3,
                2
              ],
              "uv": [
                60,
                60
              ]
            }
          ]
        },
        {
          "name": "RightLeg",
          "parent": "Root",
          "pivot": [
            -2.25,
            17,
            0
          ],
          "rotation": [
            0,
            0,
            2.5
          ],
          "cubes": [
            {
              "origin": [
                -4.25,
                10,
                -2
              ],
              "size": [
                4,
                9,
                4
              ],
              "uv": [
                26,
                30
              ]
            }
          ]
        },
        {
          "name": "bone8",
          "parent": "RightLeg",
          "pivot": [
            -2.25,
            10,
            0
          ],
          "cubes": [
            {
              "origin": [
                -4.5,
                3,
                -2.25
              ],
              "size": [
                4.5,
                7,
                4.5
              ],
              "uv": [
                16,
                43
              ]
            }
          ]
        },
        {
          "name": "bone3",
          "parent": "bone8",
          "pivot": [
            -2.25,
            3,
            0
          ],
          "rotation": [
            0,
            0,
            -2.5
          ],
          "cubes": [
            {
              "origin": [
                -4.75,
                0,
                -2.75
              ],
              "size": [
                5,
                3.25,
                5.5
              ],
              "uv": [
                32,
                0
              ]
            },
            {
              "origin": [
                -4.25,
                0,
                -4.5
              ],
              "size": [
                4,
                3,
                2
              ],
              "uv": [
                60,
                53
              ]
            }
          ]
        },
        {
          "name": "bone15",
          "parent": "bone8",
          "pivot": [
            2,
            33,
            0
          ],
          "rotation": [
            0,
            0,
            35
          ],
          "cubes": [
            {
              "origin": [
                11.89947,
                4.54615,
                -1
              ],
              "size": [
                4.5,
                3,
                2
              ],
              "uv": [
                56,
                19
              ]
            },
            {
              "origin": [
                9.89947,
                7.54615,
                -1
              ],
              "size": [
                4.5,
                3,
                2
              ],
              "uv": [
                56,
                19
              ]
            }
          ]
        },
        {
          "name": "bone16",
          "parent": "RightLeg",
          "pivot": [
            2,
            33,
            0
          ],
          "rotation": [
            0,
            0,
            35
          ],
          "cubes": [
            {
              "origin": [
                7.89947,
                10.54615,
                -1
              ],
              "size": [
                4.5,
                3,
                2
              ],
              "uv": [
                56,
                19
              ]
            },
            {
              "origin": [
                5.89947,
                13.54615,
                -1
              ],
              "size": [
                4.5,
                3,
                2
              ],
              "uv": [
                56,
                19
              ]
            }
          ]
        }
      ]
    }
  ]
}