{
  "format_version": "1.12.0",
  "minecraft:geometry": [
    {
      "description": {
        "identifier": "geometry.lv_evil_banban",
        "texture_width": 128,
        "texture_height": 128,
        "visible_bounds_width": 4,
        "visible_bounds_height": 5,
        "visible_bounds_offset": [
          0,
          1.5,
          0
        ]
      },
      "bones": [
        {
          "name": "Root",
          "pivot": [
            2.25,
            15,
            -2
          ],
          "rotation": [
            0,
            -2.5,
            0
          ]
        },
        {
          "name": "Body",
          "parent": "Root",
          "pivot": [
            0,
            15,
            0
          ],
          "cubes": [
            {
              "origin": [
                -4.7,
                15,
                -3.7
              ],
              "size": [
                9.2,
                7,
                7.4
              ],
              "uv": [
                29,
                28
              ]
            }
          ]
        },
        {
          "name": "bone15",
          "parent": "Body",
          "pivot": [
            0,
            22,
            0
          ],
          "cubes": [
            {
              "origin": [
                -5.3,
                22,
                -4.2
              ],
              "size": [
                10.8,
                8,
                8.4
              ],
              "uv": [
                0,
                19
              ]
            }
          ]
        },
        {
          "name": "Head",
          "parent": "bone15",
          "pivot": [
            0,
            31,
            -1
          ],
          "cubes": [
            {
              "origin": [
                -5,
                30,
                -4.5
              ],
              "size": [
                10,
                10,
                9
              ],
              "uv": [
                0,
                0
              ]
            },
            {
              "origin": [
                -6,
                39,
                -2
              ],
              "size": [
                4.2,
                3.5,
                4
              ],
              "uv": [
                18,
                55
              ]
            },
            {
              "origin": [
                1.8,
                39,
                -2
              ],
              "size": [
                4.2,
                3.5,
                4
              ],
              "uv": [
                52,
                9
              ]
            },
            {
              "origin": [
                -6.9,
                41,
                -1.5
              ],
              "size": [
                3,
                4,
                3
              ],
              "pivot": [
                -0.4,
                8,
                -0.5
              ],
              "rotation": [
                0,
                0,
                2.5
              ],
              "uv": [
                61,
                35
              ]
            },
            {
              "origin": [
                3.9,
                41,
                -1.5
              ],
              "size": [
                3,
                4,
                3
              ],
              "pivot": [
                0.4,
                8,
                -0.5
              ],
              "rotation": [
                0,
                0,
                -2.5
              ],
              "uv": [
                56,
                42
              ]
            },
            {
              "origin": [
                -7.4,
                44.6,
                0
              ],
              "size": [
                5,
                7,
                0
              ],
              "pivot": [
                -0.4,
                7.6,
                -0.5
              ],
              "rotation": [
                0,
                0,
                2.5
              ],
              "uv": [
                10,
                62
              ]
            },
            {
              "origin": [
                2.4,
                44.6,
                0
              ],
              "size": [
                5,
                7,
                0
              ],
              "pivot": [
                0.4,
                7.6,
                -0.5
              ],
              "rotation": [
                0,
                0,
                -2.5
              ],
              "uv": [
                0,
                62
              ]
            }
          ]
        },
        {
          "name": "bone14",
          "parent": "Head",
          "pivot": [
            0,
            33,
            -4
          ],
          "cubes": [
            {
              "origin": [
                -6,
                29.6,
                -4.6
              ],
              "size": [
                12,
                5.2,
                0
              ],
              "uv": [
                51,
                0
              ]
            }
          ]
        },
        {
          "name": "bone10",
          "parent": "Head",
          "pivot": [
            -2,
            36,
            -4
          ],
          "cubes": [
            {
              "origin": [
                -3.8,
                34.6,
                -5
              ],
              "size": [
                2.8,
                2.8,
                2
              ],
              "uv": [
                0,
                4
              ]
            }
          ]
        },
        {
          "name": "bone7",
          "parent": "Head",
          "pivot": [
            0,
            32.3,
            -3.5
          ],
          "rotation": [
            -10,
            0,
            0
          ],
          "cubes": [
            {
              "origin": [
                -2,
                30.3,
                -4.5
              ],
              "size": [
                4,
                2,
                1
              ],
              "uv": [
                29,
                0
              ]
            },
            {
              "origin": [
                -1.5,
                28.3,
                -4.5
              ],
              "size": [
                3,
                2,
                1
              ],
              "uv": [
                0,
                19
              ]
            }
          ]
        },
        {
          "name": "bone13",
          "parent": "bone7",
          "pivot": [
            0,
            28.3,
            -4
          ],
          "rotation": [
            12.5,
            0,
            0
          ],
          "cubes": [
            {
              "origin": [
                -1,
                23.2763,
                -4.08356
              ],
              "size": [
                2,
                5,
                0
              ],
              "uv": [
                0,
                22
              ]
            }
          ]
        },
        {
          "name": "bone11",
          "parent": "Head",
          "pivot": [
            2,
            36,
            -4
          ],
          "cubes": [
            {
              "origin": [
                1,
                34.6,
                -5
              ],
              "size": [
                2.8,
                2.8,
                2
              ],
              "uv": [
                0,
                0
              ]
            }
          ]
        },
        {
          "name": "RightArm",
          "parent": "bone15",
          "pivot": [
            -5,
            30,
            0
          ],
          "rotation": [
            0,
            0,
            5
          ],
          "cubes": [
            {
              "origin": [
                -7.5,
                22,
                -2.5
              ],
              "size": [
                4,
                8,
                5
              ],
              "uv": [
                0,
                49
              ]
            }
          ]
        },
        {
          "name": "bone5",
          "parent": "RightArm",
          "pivot": [
            -5,
            22,
            0
          ],
          "cubes": [
            {
              "origin": [
                -7.7,
                14,
                -2.7
              ],
              "size": [
                4.4,
                8,
                5.4
              ],
              "uv": [
                38,
                42
              ]
            }
          ]
        },
        {
          "name": "bone6",
          "parent": "bone5",
          "pivot": [
            -6,
            16,
            0
          ],
          "cubes": [
            {
              "origin": [
                -7.4,
                10,
                -2.2
              ],
              "size": [
                3.8,
                4,
                4.4
              ],
              "uv": [
                56,
                16
              ]
            }
          ]
        },
        {
          "name": "LeftArm",
          "parent": "bone15",
          "pivot": [
            5,
            30,
            0
          ],
          "rotation": [
            0,
            0,
            -5
          ],
          "cubes": [
            {
              "origin": [
                3.5,
                22,
                -2.5
              ],
              "size": [
                4,
                8,
                5
              ],
              "uv": [
                20,
                42
              ]
            }
          ]
        },
        {
          "name": "bone8",
          "parent": "LeftArm",
          "pivot": [
            5,
            22,
            0
          ],
          "cubes": [
            {
              "origin": [
                3.3,
                14,
                -2.7
              ],
              "size": [
                4.4,
                8,
                5.4
              ],
              "uv": [
                38,
                0
              ]
            }
          ]
        },
        {
          "name": "bone9",
          "parent": "bone8",
          "pivot": [
            6,
            16,
            0
          ],
          "cubes": [
            {
              "origin": [
                3.6,
                10,
                -2.2
              ],
              "size": [
                3.8,
                4,
                4.4
              ],
              "uv": [
                34,
                55
              ]
            }
          ]
        },
        {
          "name": "bone12",
          "parent": "LeftArm",
          "pivot": [
            5,
            30,
            0
          ]
        },
        {
          "name": "LeftLeg",
          "parent": "Root",
          "pivot": [
            2.25,
            15,
            -2
          ],
          "rotation": [
            0,
            -2.5,
            -2.5
          ],
          "cubes": [
            {
              "origin": [
                0.65,
                9,
                -2
              ],
              "size": [
                4.6,
                7,
                4.6
              ],
              "uv": [
                54,
                24
              ]
            }
          ]
        },
        {
          "name": "bone3",
          "parent": "LeftLeg",
          "pivot": [
            3.46437,
            9.03146,
            -1.80233
          ],
          "cubes": [
            {
              "origin": [
                0.4,
                0,
                -2.25
              ],
              "size": [
                5.1,
                9,
                5.1
              ],
              "uv": [
                36,
                14
              ]
            }
          ]
        },
        {
          "name": "bone4",
          "parent": "bone3",
          "pivot": [
            7.46437,
            2.03146,
            -1.80233
          ],
          "rotation": [
            0,
            0,
            2.5
          ]
        },
        {
          "name": "RightLeg2",
          "parent": "Root",
          "pivot": [
            -2.25,
            15,
            -2
          ],
          "rotation": [
            0,
            2.5,
            0
          ],
          "cubes": [
            {
              "origin": [
                -5.25,
                9,
                -2
              ],
              "size": [
                4.6,
                7,
                4.6
              ],
              "uv": [
                52,
                51
              ]
            }
          ]
        },
        {
          "name": "RightLeg3",
          "parent": "RightLeg2",
          "pivot": [
            -2.25,
            15,
            -2
          ],
          "rotation": [
            0,
            2.5,
            2.5
          ]
        },
        {
          "name": "bone17",
          "parent": "RightLeg3",
          "pivot": [
            -3.46437,
            9.03146,
            -1.80233
          ],
          "rotation": [
            0,
            0,
            -2.5
          ],
          "cubes": [
            {
              "origin": [
                -5.35,
                0,
                -2.25
              ],
              "size": [
                5.1,
                9,
                5.1
              ],
              "uv": [
                0,
                35
              ]
            }
          ]
        }
      ]
    }
  ]
}