{
  "format_version": "1.12.0",
  "minecraft:geometry": [
    {
      "description": {
        "identifier": "geometry.lv_experiment_1",
        "texture_width": 128,
        "texture_height": 128,
        "visible_bounds_width": 4,
        "visible_bounds_height": 7,
        "visible_bounds_offset": [
          0,
          0.5,
          0
        ]
      },
      "bones": [
        {
          "name": "bone",
          "pivot": [
            0,
            0,
            0
          ]
        },
        {
          "name": "Head",
          "parent": "bone",
          "pivot": [
            0,
            34,
            0
          ],
          "cubes": [
            {
              "origin": [
                -6,
                0,
                -4
              ],
              "size": [
                12,
                9,
                8
              ],
              "uv": [
                0,
                0
              ]
            },
            {
              "origin": [
                9,
                1,
                -2
              ],
              "size": [
                2,
                5,
                4
              ],
              "pivot": [
                0,
                -34,
                0
              ],
              "rotation": [
                0,
                0,
                -5
              ],
              "uv": [
                14,
                17
              ]
            },
            {
              "origin": [
                9,
                1,
                0
              ],
              "size": [
                7,
                8,
                0
              ],
              "pivot": [
                0,
                -34,
                0
              ],
              "rotation": [
                0,
                0,
                -5
              ],
              "uv": [
                0,
                17
              ]
            }
          ]
        },
        {
          "name": "bone9",
          "parent": "Head",
          "pivot": [
            3,
            39,
            -4
          ],
          "cubes": [
            {
              "origin": [
                1.75,
                3.75,
                -4.5
              ],
              "size": [
                2.5,
                2.5,
                2
              ],
              "uv": [
                0,
                4
              ]
            }
          ]
        },
        {
          "name": "bone10",
          "parent": "bone9",
          "pivot": [
            3,
            39,
            -5
          ],
          "cubes": [
            {
              "origin": [
                2.5,
                4.5,
                -4.65
              ],
              "size": [
                1,
                1,
                2
              ],
              "uv": [
                26,
                29
              ]
            }
          ]
        },
        {
          "name": "bone11",
          "parent": "Head",
          "pivot": [
            -3,
            39,
            -4
          ],
          "cubes": [
            {
              "origin": [
                -4.25,
                3.75,
                -4.5
              ],
              "size": [
                2.5,
                2.5,
                2
              ],
              "uv": [
                0,
                0
              ]
            }
          ]
        },
        {
          "name": "bone12",
          "parent": "bone11",
          "pivot": [
            -3,
            39,
            -5
          ],
          "cubes": [
            {
              "origin": [
                -3.5,
                4.5,
                -4.65
              ],
              "size": [
                1,
                1,
                2
              ],
              "uv": [
                20,
                29
              ]
            }
          ]
        },
        {
          "name": "bone17",
          "parent": "Head",
          "pivot": [
            2,
            33,
            0
          ],
          "rotation": [
            0,
            0,
            35
          ],
          "cubes": [
            {
              "origin": [
                11.2516,
                2.39883,
                -1
              ],
              "size": [
                4.5,
                3,
                2
              ],
              "uv": [
                24,
                24
              ]
            },
            {
              "origin": [
                9.2516,
                5.39883,
                -1
              ],
              "size": [
                4.5,
                3,
                2
              ],
              "uv": [
                24,
                24
              ]
            },
            {
              "origin": [
                24.79551,
                56.60478,
                -1
              ],
              "size": [
                3.5,
                3,
                2
              ],
              "pivot": [
                -3.5,
                40.75,
                0
              ],
              "rotation": [
                0,
                0,
                95
              ],
              "uv": [
                24,
                24
              ]
            },
            {
              "origin": [
                23.29551,
                59.10478,
                -1
              ],
              "size": [
                3.5,
                3,
                2
              ],
              "pivot": [
                -3.5,
                40.75,
                0
              ],
              "rotation": [
                0,
                0,
                95
              ],
              "uv": [
                24,
                24
              ]
            }
          ]
        }
      ]
    }
  ]
}