{
  "format_version": "1.12.0",
  "minecraft:geometry": [
    {
      "description": {
        "identifier": "geometry.lv_jumbo_josh_in_jail",
        "texture_width": 128,
        "texture_height": 128,
        "visible_bounds_width": 5,
        "visible_bounds_height": 3.5,
        "visible_bounds_offset": [
          0,
          1.25,
          0
        ]
      },
      "bones": [
        {
          "name": "Root",
          "pivot": [
            0,
            17,
            3
          ]
        },
        {
          "name": "LeftLeg",
          "parent": "Root",
          "pivot": [
            3,
            11,
            3
          ],
          "rotation": [
            0,
            0,
            -2.5
          ],
          "cubes": [
            {
              "origin": [
                1,
                6,
                1
              ],
              "size": [
                4,
                7,
                4
              ],
              "uv": [
                36,
                64
              ]
            },
            {
              "origin": [
                0.5,
                0,
                0.5
              ],
              "size": [
                5,
                7,
                5
              ],
              "uv": [
                0,
                59
              ]
            }
          ]
        },
        {
          "name": "RightLeg",
          "parent": "Root",
          "pivot": [
            -3,
            11,
            3
          ],
          "rotation": [
            0,
            0,
            2.5
          ],
          "cubes": [
            {
              "origin": [
                -5,
                6,
                1
              ],
              "size": [
                4,
                7,
                4
              ],
              "uv": [
                64,
                29
              ]
            },
            {
              "origin": [
                -5.5,
                0,
                0.5
              ],
              "size": [
                5,
                7,
                5
              ],
              "uv": [
                44,
                52
              ]
            }
          ]
        },
        {
          "name": "Body",
          "parent": "Root",
          "pivot": [
            0,
            12,
            3
          ],
          "rotation": [
            60,
            0,
            0
          ],
          "cubes": [
            {
              "origin": [
                -5,
                11,
                -1
              ],
              "size": [
                10,
                10,
                8
              ],
              "uv": [
                36,
                34
              ]
            }
          ]
        },
        {
          "name": "bone",
          "parent": "Body",
          "pivot": [
            0,
            19,
            3
          ],
          "rotation": [
            -30,
            0,
            0
          ],
          "cubes": [
            {
              "origin": [
                -6,
                19,
                -2
              ],
              "size": [
                12,
                11,
                10
              ],
              "uv": [
                0,
                21
              ]
            }
          ]
        },
        {
          "name": "RightArm",
          "parent": "bone",
          "pivot": [
            -8,
            28.75,
            3
          ],
          "rotation": [
            -34.0724,
            8.53726,
            17.37961
          ],
          "cubes": [
            {
              "origin": [
                -10,
                21.75,
                1
              ],
              "size": [
                4,
                8,
                4
              ],
              "uv": [
                20,
                64
              ]
            },
            {
              "origin": [
                -10.5,
                9.75,
                0.5
              ],
              "size": [
                5,
                12,
                5
              ],
              "uv": [
                45,
                16
              ]
            }
          ]
        },
        {
          "name": "bone4",
          "parent": "RightArm",
          "pivot": [
            -8,
            10.75,
            3
          ],
          "rotation": [
            3.69066,
            -3.37562,
            37.39121
          ],
          "cubes": [
            {
              "origin": [
                -14,
                0.75,
                -2
              ],
              "size": [
                11,
                13,
                10
              ],
              "uv": [
                88,
                29
              ]
            }
          ]
        },
        {
          "name": "bone5",
          "parent": "bone4",
          "pivot": [
            -7,
            8.75,
            0
          ],
          "rotation": [
            -5,
            -7.5,
            -7.5
          ]
        },
        {
          "name": "LeftArm",
          "parent": "bone",
          "pivot": [
            8,
            28.75,
            3
          ],
          "rotation": [
            -34.0724,
            -8.53726,
            -17.37961
          ],
          "cubes": [
            {
              "origin": [
                6,
                21.75,
                1
              ],
              "size": [
                4,
                8,
                4
              ],
              "uv": [
                60,
                60
              ]
            },
            {
              "origin": [
                5.5,
                9.75,
                0.5
              ],
              "size": [
                5,
                12,
                5
              ],
              "uv": [
                0,
                42
              ]
            }
          ]
        },
        {
          "name": "bone7",
          "parent": "LeftArm",
          "pivot": [
            8,
            10.75,
            3
          ],
          "rotation": [
            3.21873,
            3.82821,
            -44.8924
          ],
          "cubes": [
            {
              "origin": [
                4,
                0.75,
                -3
              ],
              "size": [
                11,
                13,
                10
              ],
              "uv": [
                88,
                29
              ]
            }
          ]
        },
        {
          "name": "bone8",
          "parent": "bone7",
          "pivot": [
            7,
            8.75,
            0
          ],
          "rotation": [
            -5,
            7.5,
            7.5
          ]
        },
        {
          "name": "Head",
          "parent": "bone",
          "pivot": [
            0,
            31,
            3
          ],
          "rotation": [
            -17.5,
            0,
            0
          ],
          "cubes": [
            {
              "origin": [
                -7,
                30,
                -3
              ],
              "size": [
                14,
                10,
                11
              ],
              "uv": [
                0,
                0
              ]
            }
          ]
        },
        {
          "name": "bone6",
          "parent": "Head",
          "pivot": [
            0,
            17,
            3
          ]
        },
        {
          "name": "bone3",
          "parent": "Head",
          "pivot": [
            3.5,
            36.75,
            -3
          ],
          "rotation": [
            0,
            -5,
            0
          ],
          "cubes": [
            {
              "origin": [
                2,
                35.25,
                -4
              ],
              "size": [
                3,
                3,
                2
              ],
              "uv": [
                34,
                26
              ]
            },
            {
              "origin": [
                2.25,
                35.5,
                -4.1
              ],
              "size": [
                2.5,
                2.5,
                0
              ],
              "uv": [
                4,
                9
              ]
            }
          ]
        },
        {
          "name": "bone2",
          "parent": "Head",
          "pivot": [
            -3.5,
            36.75,
            -3
          ],
          "rotation": [
            0,
            5,
            0
          ],
          "cubes": [
            {
              "origin": [
                -5,
                35.25,
                -4
              ],
              "size": [
                3,
                3,
                2
              ],
              "uv": [
                34,
                21
              ]
            },
            {
              "origin": [
                -4.75,
                35.5,
                -4.1
              ],
              "size": [
                2.5,
                2.5,
                0
              ],
              "uv": [
                0,
                9
              ]
            },
            {
              "origin": [
                -4.77615,
                35.5,
                -3.80114
              ],
              "size": [
                2.5,
                2.5,
                0
              ],
              "uv": [
                4,
                7
              ]
            }
          ]
        },
        {
          "name": "bone9",
          "parent": "Head",
          "pivot": [
            3.5,
            36.75,
            -3
          ],
          "rotation": [
            0,
            -5,
            0
          ],
          "cubes": [
            {
              "origin": [
                2.27615,
                35.5,
                -3.80114
              ],
              "size": [
                2.5,
                2.5,
                0
              ],
              "uv": [
                0,
                7
              ]
            }
          ]
        }
      ]
    }
  ]
}