{
  "format_version": "1.12.0",
  "minecraft:geometry": [
    {
      "description": {
        "identifier": "geometry.lv_mutant_mini_opila",
        "texture_width": 128,
        "texture_height": 128,
        "visible_bounds_width": 3,
        "visible_bounds_height": 3.5,
        "visible_bounds_offset": [
          0,
          1.25,
          0
        ]
      },
      "bones": [
        {
          "name": "Body",
          "pivot": [
            0,
            14,
            0
          ],
          "cubes": [
            {
              "origin": [
                -5,
                11,
                -7
              ],
              "size": [
                10,
                10,
                14
              ],
              "uv": [
                0,
                0
              ]
            },
            {
              "origin": [
                -4,
                17,
                7
              ],
              "size": [
                8,
                0,
                8
              ],
              "uv": [
                8,
                24
              ]
            }
          ]
        },
        {
          "name": "bone6",
          "parent": "Body",
          "pivot": [
            -5.25,
            16,
            -3
          ],
          "cubes": [
            {
              "origin": [
                4.5,
                12,
                -9
              ],
              "size": [
                1,
                8,
                14
              ],
              "pivot": [
                0,
                0,
                0
              ],
              "rotation": [
                0,
                180,
                0
              ],
              "uv": [
                0,
                24
              ]
            }
          ]
        },
        {
          "name": "bone",
          "parent": "Body",
          "pivot": [
            0,
            14,
            -5
          ],
          "rotation": [
            27.5,
            0,
            0
          ],
          "cubes": [
            {
              "origin": [
                -2.5,
                12,
                -7.5
              ],
              "size": [
                5,
                17,
                5
              ],
              "uv": [
                28,
                46
              ]
            }
          ]
        },
        {
          "name": "Head",
          "parent": "bone",
          "pivot": [
            0,
            25,
            -5
          ],
          "rotation": [
            -25,
            0,
            0
          ],
          "cubes": [
            {
              "origin": [
                -3.5,
                24.5,
                -8.75
              ],
              "size": [
                7,
                8,
                7.5
              ],
              "uv": [
                0,
                46
              ]
            },
            {
              "origin": [
                -4.5,
                31.5,
                -5
              ],
              "size": [
                8,
                8,
                0
              ],
              "uv": [
                60,
                26
              ]
            },
            {
              "origin": [
                -2.5,
                26.5,
                -13
              ],
              "size": [
                5,
                2.5,
                6
              ],
              "uv": [
                52,
                58
              ]
            },
            {
              "origin": [
                -2,
                31.25,
                -9
              ],
              "size": [
                4,
                2,
                3
              ],
              "pivot": [
                0,
                13,
                2
              ],
              "rotation": [
                22.5,
                0,
                0
              ],
              "uv": [
                16,
                32
              ]
            }
          ]
        },
        {
          "name": "bone3",
          "parent": "Head",
          "pivot": [
            2,
            30.5,
            -9
          ],
          "rotation": [
            0,
            -5,
            0
          ],
          "cubes": [
            {
              "origin": [
                0.75,
                29.25,
                -10
              ],
              "size": [
                2.5,
                2.5,
                2
              ],
              "uv": [
                34,
                0
              ]
            }
          ]
        },
        {
          "name": "bone2",
          "parent": "Head",
          "pivot": [
            0,
            25.75,
            -9
          ],
          "rotation": [
            -7.5,
            0,
            0
          ],
          "cubes": [
            {
              "origin": [
                -2,
                24.75,
                -13
              ],
              "size": [
                4,
                1.25,
                6
              ],
              "uv": [
                60,
                14
              ]
            }
          ]
        },
        {
          "name": "bone4",
          "parent": "Head",
          "pivot": [
            -2,
            30.5,
            -9
          ],
          "rotation": [
            0,
            5,
            0
          ],
          "cubes": [
            {
              "origin": [
                -3.25,
                29.25,
                -10
              ],
              "size": [
                2.5,
                2.5,
                2
              ],
              "uv": [
                32,
                24
              ]
            }
          ]
        },
        {
          "name": "bone7",
          "parent": "Body",
          "pivot": [
            5.15,
            16,
            -3
          ],
          "cubes": [
            {
              "origin": [
                4.4,
                12,
                -5
              ],
              "size": [
                1,
                8,
                14
              ],
              "uv": [
                0,
                24
              ]
            }
          ]
        },
        {
          "name": "RightLeg",
          "pivot": [
            -4,
            13,
            0
          ],
          "rotation": [
            32.5,
            0,
            0
          ],
          "cubes": [
            {
              "origin": [
                -6.25,
                7,
                -2.75
              ],
              "size": [
                4.5,
                8,
                5.5
              ],
              "uv": [
                62,
                38
              ]
            }
          ]
        },
        {
          "name": "bone8",
          "parent": "RightLeg",
          "pivot": [
            -4,
            7,
            1
          ],
          "rotation": [
            -57.5,
            0,
            0
          ],
          "cubes": [
            {
              "origin": [
                -5.75,
                0,
                -0.75
              ],
              "size": [
                3.5,
                8,
                3.5
              ],
              "uv": [
                0,
                24
              ]
            }
          ]
        },
        {
          "name": "bone9",
          "parent": "bone8",
          "pivot": [
            -4,
            1,
            1
          ],
          "rotation": [
            22.5,
            0,
            0
          ],
          "cubes": [
            {
              "origin": [
                -6.25,
                -2,
                -1.25
              ],
              "size": [
                4.5,
                3,
                4.5
              ],
              "uv": [
                28,
                28
              ]
            },
            {
              "origin": [
                -4,
                -2,
                -5
              ],
              "size": [
                2,
                2,
                10
              ],
              "pivot": [
                -4,
                11,
                1
              ],
              "rotation": [
                0,
                -27.5,
                0
              ],
              "uv": [
                46,
                26
              ]
            },
            {
              "origin": [
                -6,
                -2,
                -5
              ],
              "size": [
                2,
                2,
                10
              ],
              "pivot": [
                -4,
                11,
                1
              ],
              "rotation": [
                0,
                27.5,
                0
              ],
              "uv": [
                46,
                26
              ]
            },
            {
              "origin": [
                -5,
                -2,
                -5
              ],
              "size": [
                2,
                2,
                10
              ],
              "uv": [
                46,
                26
              ]
            }
          ]
        },
        {
          "name": "LeftLeg",
          "pivot": [
            4,
            13,
            0
          ],
          "rotation": [
            32.5,
            0,
            0
          ],
          "cubes": [
            {
              "origin": [
                1.75,
                7,
                -2.75
              ],
              "size": [
                4.5,
                8,
                5.5
              ],
              "uv": [
                62,
                38
              ]
            }
          ]
        },
        {
          "name": "bone11",
          "parent": "LeftLeg",
          "pivot": [
            4,
            7,
            1
          ],
          "rotation": [
            -57.5,
            0,
            0
          ],
          "cubes": [
            {
              "origin": [
                2.25,
                0,
                -0.75
              ],
              "size": [
                3.5,
                8,
                3.5
              ],
              "uv": [
                0,
                0
              ]
            }
          ]
        },
        {
          "name": "bone12",
          "parent": "bone11",
          "pivot": [
            4,
            1,
            1
          ],
          "rotation": [
            22.5,
            0,
            0
          ],
          "cubes": [
            {
              "origin": [
                1.75,
                -2,
                -1.25
              ],
              "size": [
                4.5,
                3,
                4.5
              ],
              "uv": [
                28,
                28
              ]
            },
            {
              "origin": [
                4,
                -2,
                -5
              ],
              "size": [
                2,
                2,
                10
              ],
              "pivot": [
                4,
                11,
                1
              ],
              "rotation": [
                0,
                -27.5,
                0
              ],
              "uv": [
                46,
                26
              ]
            },
            {
              "origin": [
                2,
                -2,
                -5
              ],
              "size": [
                2,
                2,
                10
              ],
              "pivot": [
                4,
                11,
                1
              ],
              "rotation": [
                0,
                27.5,
                0
              ],
              "uv": [
                46,
                26
              ]
            },
            {
              "origin": [
                3,
                -2,
                -5
              ],
              "size": [
                2,
                2,
                10
              ],
              "uv": [
                46,
                26
              ]
            }
          ]
        }
      ]
    }
  ]
}