{
  "format_version": "1.12.0",
  "minecraft:geometry": [
    {
      "description": {
        "identifier": "geometry.lv_mr_opila_bird",
        "texture_width": 128,
        "texture_height": 128,
        "visible_bounds_width": 3,
        "visible_bounds_height": 4.5,
        "visible_bounds_offset": [
          0,
          1.75,
          0
        ]
      },
      "bones": [
        {
          "name": "RightLeg",
          "pivot": [
            -3,
            20,
            0
          ],
          "rotation": [
            0,
            7.5,
            5
          ],
          "cubes": [
            {
              "origin": [
                -4.75,
                11,
                -1.75
              ],
              "size": [
                3.5,
                10,
                3.5
              ],
              "uv": [
                60,
                38
              ]
            }
          ]
        },
        {
          "name": "bone",
          "parent": "RightLeg",
          "pivot": [
            -3,
            11,
            0
          ],
          "cubes": [
            {
              "origin": [
                -5,
                2,
                -2
              ],
              "size": [
                4,
                9,
                4
              ],
              "uv": [
                44,
                46
              ]
            }
          ]
        },
        {
          "name": "bone2",
          "parent": "bone",
          "pivot": [
            -3,
            3,
            0
          ],
          "rotation": [
            0,
            0,
            -5
          ],
          "cubes": [
            {
              "origin": [
                -4.2,
                0,
                -2
              ],
              "size": [
                2.4,
                2.6,
                7
              ],
              "uv": [
                54,
                20
              ]
            },
            {
              "origin": [
                -4.7,
                0,
                -6.5
              ],
              "size": [
                2.4,
                2.6,
                6.5
              ],
              "pivot": [
                -3,
                2,
                0
              ],
              "rotation": [
                0,
                27.5,
                0
              ],
              "uv": [
                64,
                51
              ]
            },
            {
              "origin": [
                -3.7,
                0,
                -6.5
              ],
              "size": [
                2.4,
                2.6,
                6.5
              ],
              "pivot": [
                -3,
                2,
                0
              ],
              "rotation": [
                0,
                -27.5,
                0
              ],
              "uv": [
                63,
                63
              ]
            },
            {
              "origin": [
                -5.5,
                0,
                -2.5
              ],
              "size": [
                5,
                3.3,
                5
              ],
              "uv": [
                51,
                5
              ]
            }
          ]
        },
        {
          "name": "LeftLeg",
          "pivot": [
            3,
            20,
            0
          ],
          "rotation": [
            0,
            -7.5,
            -5
          ],
          "cubes": [
            {
              "origin": [
                1.25,
                11,
                -1.75
              ],
              "size": [
                3.5,
                10,
                3.5
              ],
              "uv": [
                41,
                59
              ]
            }
          ]
        },
        {
          "name": "bone4",
          "parent": "LeftLeg",
          "pivot": [
            3,
            11,
            0
          ],
          "cubes": [
            {
              "origin": [
                1,
                2,
                -2
              ],
              "size": [
                4,
                9,
                4
              ],
              "uv": [
                0,
                0
              ]
            }
          ]
        },
        {
          "name": "bone5",
          "parent": "bone4",
          "pivot": [
            3,
            3,
            0
          ],
          "rotation": [
            0,
            0,
            5
          ],
          "cubes": [
            {
              "origin": [
                1.8,
                0,
                -2
              ],
              "size": [
                2.4,
                2.6,
                7
              ],
              "uv": [
                53,
                52
              ]
            },
            {
              "origin": [
                1.3,
                0,
                -6.5
              ],
              "size": [
                2.4,
                2.6,
                6.5
              ],
              "pivot": [
                3,
                2,
                0
              ],
              "rotation": [
                0,
                27.5,
                0
              ],
              "uv": [
                16,
                62
              ]
            },
            {
              "origin": [
                2.3,
                0,
                -6.5
              ],
              "size": [
                2.4,
                2.6,
                6.5
              ],
              "pivot": [
                3,
                2,
                0
              ],
              "rotation": [
                0,
                -27.5,
                0
              ],
              "uv": [
                0,
                62
              ]
            },
            {
              "origin": [
                0.5,
                0,
                -2.5
              ],
              "size": [
                5,
                3.3,
                5
              ],
              "uv": [
                12,
                44
              ]
            }
          ]
        },
        {
          "name": "Body",
          "pivot": [
            0,
            16,
            0
          ],
          "cubes": [
            {
              "origin": [
                -5,
                16,
                -8
              ],
              "size": [
                10,
                10,
                16
              ],
              "uv": [
                0,
                0
              ]
            },
            {
              "origin": [
                -4,
                17,
                8
              ],
              "size": [
                8,
                8.5,
                2
              ],
              "uv": [
                15,
                15
              ]
            },
            {
              "origin": [
                -3,
                18,
                10
              ],
              "size": [
                6,
                7,
                2
              ],
              "uv": [
                37,
                35
              ]
            }
          ]
        },
        {
          "name": "bone3",
          "parent": "Body",
          "pivot": [
            0,
            22,
            -6
          ],
          "cubes": [
            {
              "origin": [
                -3.25,
                18,
                -11.25
              ],
              "size": [
                6.5,
                14,
                6.5
              ],
              "uv": [
                36,
                26
              ]
            }
          ]
        },
        {
          "name": "Head",
          "parent": "bone3",
          "pivot": [
            0,
            29,
            -8
          ],
          "cubes": [
            {
              "origin": [
                -4.5,
                29,
                -13
              ],
              "size": [
                9,
                9,
                9
              ],
              "uv": [
                0,
                26
              ]
            },
            {
              "origin": [
                -3,
                31,
                -17.25
              ],
              "size": [
                6,
                3,
                4.25
              ],
              "uv": [
                52,
                13
              ]
            },
            {
              "origin": [
                -4,
                35,
                -14
              ],
              "size": [
                8,
                8,
                0
              ],
              "pivot": [
                0,
                0,
                0
              ],
              "rotation": [
                -10,
                0,
                0
              ],
              "uv": [
                53,
                61
              ]
            }
          ]
        },
        {
          "name": "bone9",
          "parent": "Head",
          "pivot": [
            2.5,
            35.5,
            -13
          ],
          "cubes": [
            {
              "origin": [
                1.1,
                34.1,
                -14
              ],
              "size": [
                2.8,
                2.8,
                2
              ],
              "uv": [
                0,
                48
              ]
            },
            {
              "origin": [
                1.35,
                34.35,
                -14.1
              ],
              "size": [
                2.3,
                2.3,
                2
              ],
              "uv": [
                34,
                46
              ]
            }
          ]
        },
        {
          "name": "bone6",
          "parent": "Head",
          "pivot": [
            0,
            31,
            -13
          ],
          "cubes": [
            {
              "origin": [
                -2.75,
                29.4,
                -17
              ],
              "size": [
                5.5,
                1.6,
                4
              ],
              "uv": [
                36,
                10
              ]
            }
          ]
        },
        {
          "name": "bone10",
          "parent": "Head",
          "pivot": [
            -2.5,
            35.5,
            -13
          ],
          "cubes": [
            {
              "origin": [
                -3.9,
                34.1,
                -14
              ],
              "size": [
                2.8,
                2.8,
                2
              ],
              "uv": [
                0,
                44
              ]
            },
            {
              "origin": [
                -3.65,
                34.35,
                -14.1
              ],
              "size": [
                2.3,
                2.3,
                2
              ],
              "uv": [
                33,
                26
              ]
            }
          ]
        },
        {
          "name": "bone7",
          "parent": "Body",
          "pivot": [
            -5,
            22,
            -6
          ],
          "cubes": [
            {
              "origin": [
                -6.25,
                17,
                -7
              ],
              "size": [
                1.25,
                8.2,
                10
              ],
              "uv": [
                22,
                44
              ]
            },
            {
              "origin": [
                -6.25,
                19,
                3
              ],
              "size": [
                1.25,
                6,
                2
              ],
              "uv": [
                16,
                54
              ]
            },
            {
              "origin": [
                -6.25,
                21,
                5
              ],
              "size": [
                1.25,
                4,
                2
              ],
              "uv": [
                23,
                55
              ]
            }
          ]
        },
        {
          "name": "bone8",
          "parent": "Body",
          "pivot": [
            5,
            22,
            -6
          ],
          "cubes": [
            {
              "origin": [
                5,
                17,
                -7
              ],
              "size": [
                1.25,
                8.2,
                10
              ],
              "uv": [
                0,
                44
              ]
            },
            {
              "origin": [
                5,
                19,
                3
              ],
              "size": [
                1.25,
                6,
                2
              ],
              "uv": [
                16,
                54
              ]
            },
            {
              "origin": [
                5,
                21,
                5
              ],
              "size": [
                1.25,
                4,
                2
              ],
              "uv": [
                21,
                55
              ]
            }
          ]
        }
      ]
    }
  ]
}