{
  "format_version": "1.12.0",
  "minecraft:geometry": [
    {
      "description": {
        "identifier": "geometry.lv_mr_stinger_flyyn",
        "texture_width": 128,
        "texture_height": 128,
        "visible_bounds_width": 6,
        "visible_bounds_height": 7,
        "visible_bounds_offset": [
          0,
          1.5,
          0
        ]
      },
      "bones": [
        {
          "name": "Body",
          "pivot": [
            0,
            26,
            0
          ],
          "cubes": [
            {
              "origin": [
                -8,
                26,
                -8
              ],
              "size": [
                16,
                17,
                16
              ],
              "uv": [
                0,
                29
              ]
            },
            {
              "origin": [
                -8.25,
                24,
                -8.25
              ],
              "size": [
                16.5,
                3,
                16.5
              ],
              "uv": [
                48,
                46
              ]
            },
            {
              "origin": [
                -9,
                29,
                -9
              ],
              "size": [
                18,
                11,
                18
              ],
              "uv": [
                0,
                0
              ]
            },
            {
              "origin": [
                -7,
                43,
                -7
              ],
              "size": [
                14,
                2,
                14
              ],
              "uv": [
                48,
                29
              ]
            }
          ]
        },
        {
          "name": "bone3",
          "parent": "Body",
          "pivot": [
            0,
            37,
            -9
          ],
          "cubes": [
            {
              "origin": [
                -3,
                37,
                -9.1
              ],
              "size": [
                6,
                6,
                0
              ],
              "pivot": [
                0,
                24,
                0
              ],
              "rotation": [
                -7.5,
                0,
                0
              ],
              "uv": [
                48,
                36
              ]
            }
          ]
        },
        {
          "name": "bone",
          "parent": "Body",
          "pivot": [
            0,
            35,
            -6.5
          ],
          "cubes": [
            {
              "origin": [
                -2.5,
                32.5,
                -8.5
              ],
              "size": [
                5,
                5,
                2
              ],
              "uv": [
                48,
                29
              ]
            }
          ]
        },
        {
          "name": "bone2",
          "parent": "bone",
          "pivot": [
            0,
            35,
            -8.5
          ],
          "cubes": [
            {
              "origin": [
                -1.5,
                33.5,
                -8.6
              ],
              "size": [
                3,
                3,
                0
              ],
              "uv": [
                9,
                0
              ]
            }
          ]
        },
        {
          "name": "bone6",
          "parent": "Body",
          "pivot": [
            0,
            24,
            0
          ]
        },
        {
          "name": "bone17",
          "parent": "bone6",
          "pivot": [
            -5,
            26,
            0
          ],
          "rotation": [
            0,
            0,
            90
          ]
        },
        {
          "name": "Leg2",
          "parent": "bone17",
          "pivot": [
            -5,
            26,
            6
          ],
          "rotation": [
            3.82336,
            10.80942,
            -52.59505
          ],
          "cubes": [
            {
              "origin": [
                -6.5,
                15,
                4.5
              ],
              "size": [
                3,
                11,
                3
              ],
              "uv": [
                0,
                29
              ]
            }
          ]
        },
        {
          "name": "bone7",
          "parent": "Leg2",
          "pivot": [
            -5,
            16,
            6
          ],
          "rotation": [
            0,
            0,
            12.5
          ],
          "cubes": [
            {
              "origin": [
                -6.25,
                3,
                4.75
              ],
              "size": [
                2.5,
                13,
                2.5
              ],
              "uv": [
                54,
                0
              ]
            }
          ]
        },
        {
          "name": "bone8",
          "parent": "bone7",
          "pivot": [
            -5,
            4,
            6
          ],
          "rotation": [
            3.0045,
            2.68675,
            -33.88208
          ],
          "cubes": [
            {
              "origin": [
                -6.5,
                -7,
                4.5
              ],
              "size": [
                3,
                11,
                3
              ],
              "uv": [
                0,
                0
              ]
            }
          ]
        },
        {
          "name": "Leg3",
          "parent": "bone17",
          "pivot": [
            -5,
            26,
            -6
          ],
          "rotation": [
            -107.2661,
            -81.74922,
            49.89139
          ],
          "cubes": [
            {
              "origin": [
                -6.5,
                15,
                -7.5
              ],
              "size": [
                3,
                11,
                3
              ],
              "uv": [
                0,
                29
              ]
            }
          ]
        },
        {
          "name": "bone9",
          "parent": "Leg3",
          "pivot": [
            -5,
            16,
            -6
          ],
          "rotation": [
            20,
            0,
            0
          ],
          "cubes": [
            {
              "origin": [
                -6.25,
                3,
                -7.25
              ],
              "size": [
                2.5,
                13,
                2.5
              ],
              "uv": [
                54,
                0
              ]
            }
          ]
        },
        {
          "name": "bone10",
          "parent": "bone9",
          "pivot": [
            -5,
            4,
            -6
          ],
          "rotation": [
            -42.47283,
            -1.68868,
            -1.84373
          ],
          "cubes": [
            {
              "origin": [
                -6.5,
                -7,
                -7.5
              ],
              "size": [
                3,
                11,
                3
              ],
              "uv": [
                0,
                0
              ]
            }
          ]
        },
        {
          "name": "Leg5",
          "parent": "bone17",
          "pivot": [
            -6,
            26,
            0
          ],
          "rotation": [
            0,
            0,
            30
          ],
          "cubes": [
            {
              "origin": [
                -7.5,
                15,
                -1.5
              ],
              "size": [
                3,
                11,
                3
              ],
              "uv": [
                0,
                29
              ]
            }
          ]
        },
        {
          "name": "bone13",
          "parent": "Leg5",
          "pivot": [
            -6,
            16,
            0
          ],
          "rotation": [
            0,
            0,
            22.5
          ],
          "cubes": [
            {
              "origin": [
                -7.25,
                3,
                -1.25
              ],
              "size": [
                2.5,
                13,
                2.5
              ],
              "uv": [
                54,
                0
              ]
            }
          ]
        },
        {
          "name": "bone14",
          "parent": "bone13",
          "pivot": [
            -6,
            4,
            0
          ],
          "rotation": [
            0,
            0,
            -50
          ],
          "cubes": [
            {
              "origin": [
                -7.5,
                -7,
                -1.5
              ],
              "size": [
                3,
                11,
                3
              ],
              "uv": [
                0,
                0
              ]
            }
          ]
        },
        {
          "name": "bone18",
          "parent": "bone6",
          "pivot": [
            5,
            26,
            0
          ],
          "rotation": [
            0,
            0,
            -90
          ]
        },
        {
          "name": "Leg",
          "parent": "bone18",
          "pivot": [
            5,
            25,
            -6
          ],
          "rotation": [
            -26.54386,
            -85.08114,
            92.63177
          ],
          "cubes": [
            {
              "origin": [
                3.5,
                14,
                -7.5
              ],
              "size": [
                3,
                11,
                3
              ],
              "uv": [
                0,
                29
              ]
            }
          ]
        },
        {
          "name": "bone4",
          "parent": "Leg",
          "pivot": [
            5,
            15,
            -6
          ],
          "rotation": [
            -30,
            0,
            0
          ],
          "cubes": [
            {
              "origin": [
                3.75,
                2,
                -7.25
              ],
              "size": [
                2.5,
                13,
                2.5
              ],
              "uv": [
                54,
                0
              ]
            }
          ]
        },
        {
          "name": "bone5",
          "parent": "bone4",
          "pivot": [
            5,
            3,
            -6
          ],
          "rotation": [
            40,
            0,
            0
          ],
          "cubes": [
            {
              "origin": [
                3.5,
                -8,
                -7.5
              ],
              "size": [
                3,
                11,
                3
              ],
              "uv": [
                0,
                0
              ]
            }
          ]
        },
        {
          "name": "Leg6",
          "parent": "bone18",
          "pivot": [
            5,
            26,
            6
          ],
          "rotation": [
            1.73635,
            1.24958,
            62.10034
          ],
          "cubes": [
            {
              "origin": [
                3.5,
                15,
                4.5
              ],
              "size": [
                3,
                11,
                3
              ],
              "uv": [
                0,
                29
              ]
            }
          ]
        },
        {
          "name": "bone15",
          "parent": "Leg6",
          "pivot": [
            5,
            16,
            6
          ],
          "rotation": [
            -2.30991,
            -0.95645,
            -22.48072
          ],
          "cubes": [
            {
              "origin": [
                3.75,
                3,
                4.75
              ],
              "size": [
                2.5,
                13,
                2.5
              ],
              "uv": [
                54,
                0
              ]
            }
          ]
        },
        {
          "name": "bone16",
          "parent": "bone15",
          "pivot": [
            5,
            4,
            6
          ],
          "rotation": [
            0.97264,
            -1.03439,
            30.66159
          ],
          "cubes": [
            {
              "origin": [
                3.5,
                -7,
                4.5
              ],
              "size": [
                3,
                11,
                3
              ],
              "uv": [
                0,
                0
              ]
            }
          ]
        },
        {
          "name": "Leg4",
          "parent": "bone18",
          "pivot": [
            10,
            23,
            0
          ],
          "cubes": [
            {
              "origin": [
                8.5,
                12,
                -1.5
              ],
              "size": [
                3,
                11,
                3
              ],
              "pivot": [
                4,
                19,
                0
              ],
              "rotation": [
                0,
                0,
                -25
              ],
              "uv": [
                0,
                29
              ]
            }
          ]
        },
        {
          "name": "bone11",
          "parent": "Leg4",
          "pivot": [
            13,
            15,
            0
          ],
          "rotation": [
            0,
            0,
            -32.5
          ],
          "cubes": [
            {
              "origin": [
                8.75,
                0,
                -1.25
              ],
              "size": [
                2.5,
                13,
                2.5
              ],
              "pivot": [
                4,
                19,
                0
              ],
              "rotation": [
                0,
                0,
                -25
              ],
              "uv": [
                54,
                0
              ]
            }
          ]
        },
        {
          "name": "bone12",
          "parent": "bone11",
          "pivot": [
            17,
            5,
            0
          ],
          "rotation": [
            0,
            0,
            50
          ],
          "cubes": [
            {
              "origin": [
                8.5,
                -10,
                -1.5
              ],
              "size": [
                3,
                11,
                3
              ],
              "pivot": [
                4,
                19,
                0
              ],
              "rotation": [
                0,
                0,
                -25
              ],
              "uv": [
                0,
                0
              ]
            }
          ]
        }
      ]
    }
  ]
}