{
  "format_version": "1.12.0",
  "minecraft:geometry": [
    {
      "description": {
        "identifier": "geometry.lv_mini_opila",
        "texture_width": 64,
        "texture_height": 64,
        "visible_bounds_width": 2,
        "visible_bounds_height": 2.5,
        "visible_bounds_offset": [
          0,
          0.75,
          0
        ]
      },
      "bones": [
        {
          "name": "Root",
          "pivot": [
            0,
            0,
            0
          ]
        },
        {
          "name": "LeftLeg",
          "parent": "Root",
          "pivot": [
            2,
            7,
            0
          ],
          "cubes": [
            {
              "origin": [
                1.25,
                0,
                -0.75
              ],
              "size": [
                1.5,
                6,
                1.5
              ],
              "uv": [
                0,
                0
              ]
            }
          ]
        },
        {
          "name": "bone7",
          "parent": "LeftLeg",
          "pivot": [
            2,
            5,
            0
          ],
          "cubes": [
            {
              "origin": [
                1,
                0,
                -1
              ],
              "size": [
                2,
                1,
                2
              ],
              "uv": [
                14,
                29
              ]
            },
            {
              "origin": [
                1.25,
                0.25,
                -3.5
              ],
              "size": [
                1.5,
                0,
                4
              ],
              "pivot": [
                2,
                7,
                0
              ],
              "rotation": [
                0,
                -35,
                0
              ],
              "uv": [
                17,
                0
              ]
            },
            {
              "origin": [
                1.25,
                0.25,
                -3.5
              ],
              "size": [
                1.5,
                0,
                4
              ],
              "pivot": [
                2,
                7,
                0
              ],
              "rotation": [
                0,
                35,
                0
              ],
              "uv": [
                16,
                14
              ]
            },
            {
              "origin": [
                1.25,
                0.35,
                -3.5
              ],
              "size": [
                1.5,
                0,
                5
              ],
              "uv": [
                0,
                0
              ]
            }
          ]
        },
        {
          "name": "RightLeg",
          "parent": "Root",
          "pivot": [
            -2,
            7,
            0
          ],
          "cubes": [
            {
              "origin": [
                -2.75,
                0,
                -0.75
              ],
              "size": [
                1.5,
                6,
                1.5
              ],
              "uv": [
                14,
                32
              ]
            }
          ]
        },
        {
          "name": "bone5",
          "parent": "RightLeg",
          "pivot": [
            -2,
            5,
            0
          ],
          "cubes": [
            {
              "origin": [
                -3,
                0,
                -1
              ],
              "size": [
                2,
                1,
                2
              ],
              "uv": [
                30,
                20
              ]
            },
            {
              "origin": [
                -2.75,
                0.25,
                -3.5
              ],
              "size": [
                1.5,
                0,
                4
              ],
              "pivot": [
                -2,
                7,
                0
              ],
              "rotation": [
                0,
                -35,
                0
              ],
              "uv": [
                16,
                18
              ]
            },
            {
              "origin": [
                -2.75,
                0.25,
                -3.5
              ],
              "size": [
                1.5,
                0,
                4
              ],
              "pivot": [
                -2,
                7,
                0
              ],
              "rotation": [
                0,
                35,
                0
              ],
              "uv": [
                18,
                14
              ]
            },
            {
              "origin": [
                -2.75,
                0.35,
                -3.5
              ],
              "size": [
                1.5,
                0,
                5
              ],
              "uv": [
                0,
                14
              ]
            }
          ]
        },
        {
          "name": "Body",
          "parent": "Root",
          "pivot": [
            0,
            6,
            0
          ],
          "cubes": [
            {
              "origin": [
                -3,
                5,
                -4
              ],
              "size": [
                6,
                6,
                8
              ],
              "uv": [
                0,
                14
              ]
            },
            {
              "origin": [
                0,
                7.5,
                3
              ],
              "size": [
                0,
                1,
                4
              ],
              "pivot": [
                0,
                7,
                -1
              ],
              "rotation": [
                -10,
                0,
                0
              ],
              "uv": [
                0,
                17
              ]
            },
            {
              "origin": [
                0,
                7.5,
                3
              ],
              "size": [
                0,
                1,
                4
              ],
              "pivot": [
                0,
                7,
                -1
              ],
              "rotation": [
                12.5,
                0,
                0
              ],
              "uv": [
                0,
                15
              ]
            },
            {
              "origin": [
                0,
                7.5,
                4
              ],
              "size": [
                0,
                1,
                4
              ],
              "uv": [
                0,
                16
              ]
            }
          ]
        },
        {
          "name": "bone3",
          "parent": "Body",
          "pivot": [
            -3,
            8,
            -1
          ],
          "cubes": [
            {
              "origin": [
                -4,
                6,
                -3
              ],
              "size": [
                1,
                4,
                6
              ],
              "uv": [
                0,
                28
              ]
            }
          ]
        },
        {
          "name": "bone",
          "parent": "Body",
          "pivot": [
            0,
            9,
            -3
          ],
          "rotation": [
            25,
            0,
            0
          ],
          "cubes": [
            {
              "origin": [
                -2,
                7,
                -5
              ],
              "size": [
                4,
                6,
                4
              ],
              "uv": [
                24,
                10
              ]
            }
          ]
        },
        {
          "name": "Head",
          "parent": "bone",
          "pivot": [
            0,
            13,
            -3
          ],
          "rotation": [
            -20,
            0,
            0
          ],
          "cubes": [
            {
              "origin": [
                -3.5,
                12.5,
                -6.75
              ],
              "size": [
                7,
                7,
                7.5
              ],
              "uv": [
                0,
                0
              ]
            },
            {
              "origin": [
                -0.5,
                19,
                -6
              ],
              "size": [
                1,
                3,
                0
              ],
              "pivot": [
                0,
                6,
                -5
              ],
              "rotation": [
                -12.45392,
                -1.08089,
                -4.88206
              ],
              "uv": [
                22,
                18
              ]
            },
            {
              "origin": [
                -0.5,
                19,
                -6
              ],
              "size": [
                1,
                3,
                0
              ],
              "pivot": [
                0,
                6,
                -5
              ],
              "rotation": [
                -12.45392,
                1.08089,
                4.88206
              ],
              "uv": [
                2,
                14
              ]
            },
            {
              "origin": [
                -0.5,
                19,
                -5.75
              ],
              "size": [
                1,
                4,
                0
              ],
              "pivot": [
                0,
                6,
                -5
              ],
              "rotation": [
                -10,
                0,
                0
              ],
              "uv": [
                0,
                14
              ]
            },
            {
              "origin": [
                -2.25,
                14,
                -9.5
              ],
              "size": [
                4.5,
                2,
                3.5
              ],
              "uv": [
                28,
                5
              ]
            },
            {
              "origin": [
                -1.5,
                15.75,
                -4.75
              ],
              "size": [
                3,
                2,
                1.75
              ],
              "pivot": [
                0,
                6,
                -3
              ],
              "rotation": [
                32.5,
                0,
                0
              ],
              "uv": [
                8,
                28
              ]
            }
          ]
        },
        {
          "name": "bone2",
          "parent": "Head",
          "pivot": [
            0,
            14,
            -7
          ],
          "cubes": [
            {
              "origin": [
                -1.5,
                13,
                -9
              ],
              "size": [
                3,
                1,
                4
              ],
              "uv": [
                21,
                0
              ]
            }
          ]
        },
        {
          "name": "bone4",
          "parent": "Body",
          "pivot": [
            3,
            8,
            -1
          ],
          "cubes": [
            {
              "origin": [
                3,
                6,
                -3
              ],
              "size": [
                1,
                4,
                6
              ],
              "uv": [
                22,
                22
              ]
            }
          ]
        }
      ]
    }
  ]
}