{
  "format_version": "1.12.0",
  "minecraft:geometry": [
    {
      "description": {
        "identifier": "geometry.lv_nabnab_no_hat",
        "texture_width": 120,
        "texture_height": 120,
        "visible_bounds_width": 4,
        "visible_bounds_height": 3.5,
        "visible_bounds_offset": [
          0,
          1.25,
          0
        ]
      },
      "bones": [
        {
          "name": "Root",
          "pivot": [
            0,
            22,
            1
          ]
        },
        {
          "name": "LeftLeg",
          "parent": "Root",
          "pivot": [
            3.5,
            18,
            1
          ],
          "rotation": [
            -12.47285,
            -6.50174,
            -6.24516
          ],
          "cubes": [
            {
              "origin": [
                2,
                12,
                -0.5
              ],
              "size": [
                3,
                7,
                3
              ],
              "uv": [
                48,
                0
              ]
            }
          ]
        },
        {
          "name": "bone17",
          "parent": "LeftLeg",
          "pivot": [
            3.5,
            13,
            1
          ],
          "rotation": [
            158.65391,
            46.57741,
            156.11213
          ],
          "cubes": [
            {
              "origin": [
                2.25,
                8,
                -0.25
              ],
              "size": [
                2.5,
                5,
                2.5
              ],
              "uv": [
                49,
                10
              ]
            }
          ]
        },
        {
          "name": "bone16",
          "parent": "bone17",
          "pivot": [
            3.5,
            8,
            1
          ],
          "cubes": [
            {
              "origin": [
                1.49952,
                -1,
                0.97819
              ],
              "size": [
                4,
                15,
                0
              ],
              "uv": [
                0,
                41
              ]
            }
          ]
        },
        {
          "name": "RightLeg",
          "parent": "Root",
          "pivot": [
            -3.5,
            18,
            1
          ],
          "rotation": [
            -12.47285,
            6.50174,
            6.24516
          ],
          "cubes": [
            {
              "origin": [
                -5,
                12,
                -0.5
              ],
              "size": [
                3,
                7,
                3
              ],
              "uv": [
                48,
                0
              ]
            }
          ]
        },
        {
          "name": "bone12",
          "parent": "RightLeg",
          "pivot": [
            -3.5,
            13,
            1
          ],
          "rotation": [
            158.46449,
            -54.75758,
            -152.5116
          ],
          "cubes": [
            {
              "origin": [
                -4.75,
                8,
                -0.25
              ],
              "size": [
                2.5,
                5,
                2.5
              ],
              "uv": [
                49,
                10
              ]
            }
          ]
        },
        {
          "name": "bone15",
          "parent": "bone12",
          "pivot": [
            -3.5,
            8,
            1
          ],
          "cubes": [
            {
              "origin": [
                -5.49952,
                -1,
                0.97819
              ],
              "size": [
                4,
                15,
                0
              ],
              "uv": [
                0,
                41
              ]
            }
          ]
        },
        {
          "name": "Body",
          "parent": "Root",
          "pivot": [
            0,
            22,
            1
          ],
          "cubes": [
            {
              "origin": [
                -4.5,
                17,
                -2.25
              ],
              "size": [
                9,
                9.5,
                6
              ],
              "uv": [
                21,
                24
              ]
            },
            {
              "origin": [
                -4.2,
                17.1,
                -1.4
              ],
              "size": [
                8.4,
                9.3,
                2
              ],
              "uv": [
                0,
                30
              ]
            },
            {
              "origin": [
                -4,
                29,
                -2.25
              ],
              "size": [
                8,
                5,
                6.5
              ],
              "uv": [
                27,
                13
              ]
            },
            {
              "origin": [
                -4.75,
                17,
                -2.5
              ],
              "size": [
                9.5,
                12,
                7
              ],
              "uv": [
                0,
                0
              ]
            }
          ]
        },
        {
          "name": "bone8",
          "parent": "Body",
          "pivot": [
            0,
            22,
            -3
          ],
          "rotation": [
            60,
            0,
            0
          ],
          "cubes": [
            {
              "origin": [
                -4,
                21.50885,
                -11.21454
              ],
              "size": [
                8,
                0,
                11
              ],
              "uv": [
                0,
                19
              ]
            }
          ]
        },
        {
          "name": "bone9",
          "parent": "bone8",
          "pivot": [
            0,
            21.50885,
            -11.21454
          ],
          "rotation": [
            22.5,
            0,
            0
          ],
          "cubes": [
            {
              "origin": [
                -4,
                21.50885,
                -20.21454
              ],
              "size": [
                8,
                0,
                9
              ],
              "uv": [
                23,
                0
              ]
            }
          ]
        },
        {
          "name": "bone7",
          "parent": "Body",
          "pivot": [
            0,
            33,
            1
          ],
          "rotation": [
            -15.22074,
            9.65594,
            -2.61298
          ]
        },
        {
          "name": "bone",
          "parent": "Body",
          "pivot": [
            0,
            31,
            -2
          ],
          "rotation": [
            -5,
            0,
            0
          ],
          "cubes": [
            {
              "origin": [
                -1.5,
                29.5,
                -3.25
              ],
              "size": [
                3,
                3,
                2
              ],
              "uv": [
                45,
                24
              ]
            },
            {
              "origin": [
                -1,
                30,
                -3.3
              ],
              "size": [
                2,
                2,
                0
              ],
              "uv": [
                0,
                0
              ]
            }
          ]
        },
        {
          "name": "bone2",
          "parent": "bone",
          "pivot": [
            0,
            31,
            -2
          ],
          "rotation": [
            -110,
            0,
            0
          ],
          "cubes": [
            {
              "origin": [
                -1,
                30,
                -3.35
              ],
              "size": [
                2,
                2,
                0
              ],
              "uv": [
                0,
                2
              ]
            }
          ]
        },
        {
          "name": "bone3",
          "parent": "Body",
          "pivot": [
            3,
            27.5,
            -2
          ],
          "rotation": [
            4.98093,
            -0.01893,
            0.43523
          ],
          "cubes": [
            {
              "origin": [
                1.75,
                26.25,
                -3.25
              ],
              "size": [
                2.5,
                2.5,
                2
              ],
              "uv": [
                40,
                9
              ]
            }
          ]
        },
        {
          "name": "bone5",
          "parent": "bone3",
          "pivot": [
            3,
            27.5,
            -2
          ],
          "cubes": [
            {
              "origin": [
                2.25,
                26.75,
                -3.35
              ],
              "size": [
                1.5,
                1.5,
                0
              ],
              "uv": [
                4,
                0
              ]
            }
          ]
        },
        {
          "name": "bone4",
          "parent": "Body",
          "pivot": [
            -3,
            27.5,
            -2
          ],
          "rotation": [
            2.93218,
            -0.08001,
            0.99522
          ],
          "cubes": [
            {
              "origin": [
                -4.25,
                26.25,
                -3.25
              ],
              "size": [
                2.5,
                2.5,
                2
              ],
              "uv": [
                32,
                9
              ]
            }
          ]
        },
        {
          "name": "bone6",
          "parent": "bone4",
          "pivot": [
            -3,
            27.5,
            -2
          ],
          "cubes": [
            {
              "origin": [
                -3.75,
                26.75,
                -3.35
              ],
              "size": [
                1.5,
                1.5,
                0
              ],
              "uv": [
                0,
                4
              ]
            }
          ]
        },
        {
          "name": "RightArm",
          "parent": "Body",
          "pivot": [
            -4.5,
            25,
            1
          ],
          "rotation": [
            0,
            0,
            42.5
          ],
          "cubes": [
            {
              "origin": [
                -6,
                19,
                -0.5
              ],
              "size": [
                3,
                7,
                3
              ],
              "uv": [
                48,
                0
              ]
            }
          ]
        },
        {
          "name": "bone10",
          "parent": "RightArm",
          "pivot": [
            -4.5,
            20,
            1
          ],
          "rotation": [
            -13.68966,
            1.50137,
            -34.14971
          ],
          "cubes": [
            {
              "origin": [
                -5.75,
                15,
                -0.25
              ],
              "size": [
                2.5,
                5,
                2.5
              ],
              "uv": [
                49,
                10
              ]
            }
          ]
        },
        {
          "name": "bone11",
          "parent": "bone10",
          "pivot": [
            -4.5,
            14,
            1
          ],
          "cubes": [
            {
              "origin": [
                -6.64984,
                5.35379,
                0.78872
              ],
              "size": [
                4,
                15,
                0
              ],
              "uv": [
                40,
                39
              ]
            }
          ]
        },
        {
          "name": "LeftArm",
          "parent": "Body",
          "pivot": [
            4.5,
            25,
            1
          ],
          "rotation": [
            -13.9042,
            5.68422,
            -50.69367
          ],
          "cubes": [
            {
              "origin": [
                3,
                19,
                -0.5
              ],
              "size": [
                3,
                7,
                3
              ],
              "uv": [
                48,
                0
              ]
            }
          ]
        },
        {
          "name": "bone13",
          "parent": "LeftArm",
          "pivot": [
            4.5,
            20,
            1
          ],
          "rotation": [
            9.63454,
            -10.43599,
            42.62198
          ],
          "cubes": [
            {
              "origin": [
                3.25,
                15,
                -0.25
              ],
              "size": [
                2.5,
                5,
                2.5
              ],
              "uv": [
                49,
                10
              ]
            }
          ]
        },
        {
          "name": "bone14",
          "parent": "bone13",
          "pivot": [
            4.5,
            14,
            1
          ],
          "cubes": [
            {
              "origin": [
                2.64984,
                5.35379,
                0.78872
              ],
              "size": [
                4,
                15,
                0
              ],
              "uv": [
                36,
                39
              ]
            }
          ]
        }
      ]
    }
  ]
}