{
  "format_version": "1.12.0",
  "minecraft:geometry": [
    {
      "description": {
        "identifier": "geometry.lv_remote",
        "texture_width": 32,
        "texture_height": 32,
        "visible_bounds_width": 4,
        "visible_bounds_height": 3.5,
        "visible_bounds_offset": [
          0,
          1.25,
          0
        ]
      },
      "bones": [
        {
          "name": "root",
          "pivot": [
            0,
            0,
            0
          ]
        },
        {
          "name": "waist",
          "parent": "root",
          "pivot": [
            0,
            0,
            0
          ]
        },
        {
          "name": "body",
          "parent": "waist",
          "pivot": [
            0,
            24,
            0
          ]
        },
        {
          "name": "head",
          "parent": "body",
          "pivot": [
            0,
            24,
            0
          ]
        },
        {
          "name": "rightArm",
          "parent": "body",
          "pivot": [
            -5,
            22,
            0
          ]
        },
        {
          "name": "rightItem",
          "parent": "rightArm",
          "pivot": [
            -5,
            22,
            0
          ]
        },
        {
          "name": "Remote",
          "parent": "rightItem",
          "pivot": [
            -5,
            22,
            0.12284
          ],
          "cubes": [
            {
              "origin": [
                -8.5,
                10,
                -6.5
              ],
              "size": [
                5,
                4,
                7
              ],
              "uv": {
                "north": {
                  "uv": [
                    10,
                    0
                  ],
                  "uv_size": [
                    5,
                    4
                  ]
                },
                "east": {
                  "uv": [
                    0,
                    7
                  ],
                  "uv_size": [
                    7,
                    4
                  ]
                },
                "south": {
                  "uv": [
                    0,
                    11
                  ],
                  "uv_size": [
                    5,
                    4
                  ]
                },
                "west": {
                  "uv": [
                    7,
                    7
                  ],
                  "uv_size": [
                    7,
                    4
                  ]
                },
                "up": {
                  "uv": [
                    0,
                    0
                  ],
                  "uv_size": [
                    5,
                    7
                  ]
                },
                "down": {
                  "uv": [
                    5,
                    7
                  ],
                  "uv_size": [
                    5,
                    -7
                  ]
                }
              }
            },
            {
              "origin": [
                -6.5,
                11.5,
                -10.5
              ],
              "size": [
                1,
                1,
                4
              ],
              "uv": {
                "north": {
                  "uv": [
                    14,
                    8
                  ],
                  "uv_size": [
                    1,
                    1
                  ]
                },
                "east": {
                  "uv": [
                    8,
                    11
                  ],
                  "uv_size": [
                    4,
                    1
                  ]
                },
                "south": {
                  "uv": [
                    14,
                    9
                  ],
                  "uv_size": [
                    1,
                    1
                  ]
                },
                "west": {
                  "uv": [
                    8,
                    12
                  ],
                  "uv_size": [
                    4,
                    1
                  ]
                },
                "up": {
                  "uv": [
                    12,
                    11
                  ],
                  "uv_size": [
                    1,
                    4
                  ]
                },
                "down": {
                  "uv": [
                    8,
                    17
                  ],
                  "uv_size": [
                    1,
                    -4
                  ]
                }
              }
            },
            {
              "origin": [
                -7,
                11,
                -11.5
              ],
              "size": [
                2,
                2,
                1
              ],
              "uv": {
                "north": {
                  "uv": [
                    13,
                    4
                  ],
                  "uv_size": [
                    2,
                    2
                  ]
                },
                "east": {
                  "uv": [
                    11,
                    13
                  ],
                  "uv_size": [
                    1,
                    2
                  ]
                },
                "south": {
                  "uv": [
                    9,
                    13
                  ],
                  "uv_size": [
                    2,
                    2
                  ]
                },
                "west": {
                  "uv": [
                    5,
                    14
                  ],
                  "uv_size": [
                    1,
                    2
                  ]
                },
                "up": {
                  "uv": [
                    6,
                    14
                  ],
                  "uv_size": [
                    2,
                    1
                  ]
                },
                "down": {
                  "uv": [
                    14,
                    8
                  ],
                  "uv_size": [
                    2,
                    -1
                  ]
                }
              }
            },
            {
              "origin": [
                -7.5,
                14,
                -5.5
              ],
              "size": [
                3,
                1,
                3
              ],
              "uv": {
                "north": {
                  "uv": [
                    13,
                    6
                  ],
                  "uv_size": [
                    3,
                    1
                  ]
                },
                "east": {
                  "uv": [
                    13,
                    11
                  ],
                  "uv_size": [
                    3,
                    1
                  ]
                },
                "south": {
                  "uv": [
                    13,
                    12
                  ],
                  "uv_size": [
                    3,
                    1
                  ]
                },
                "west": {
                  "uv": [
                    13,
                    13
                  ],
                  "uv_size": [
                    3,
                    1
                  ]
                },
                "up": {
                  "uv": [
                    10,
                    4
                  ],
                  "uv_size": [
                    3,
                    3
                  ]
                },
                "down": {
                  "uv": [
                    5,
                    14
                  ],
                  "uv_size": [
                    3,
                    -3
                  ]
                }
              }
            }
          ]
        },
        {
          "name": "leftArm",
          "parent": "body",
          "pivot": [
            5,
            22,
            0
          ]
        },
        {
          "name": "rightLeg",
          "parent": "waist",
          "pivot": [
            -1.9,
            12,
            0
          ]
        },
        {
          "name": "leftLeg",
          "parent": "waist",
          "pivot": [
            1.9,
            12,
            0
          ]
        }
      ]
    }
  ]
}