{
  "format_version": "1.12.0",
  "minecraft:geometry": [
    {
      "description": {
        "identifier": "geometry.lv_slow_seline",
        "texture_width": 128,
        "texture_height": 128,
        "visible_bounds_width": 4,
        "visible_bounds_height": 3.5,
        "visible_bounds_offset": [
          0,
          1.25,
          0
        ]
      },
      "bones": [
        {
          "name": "tors0",
          "pivot": [
            0,
            0,
            0
          ],
          "cubes": [
            {
              "origin": [
                -5.5,
                0,
                -10
              ],
              "size": [
                11,
                6,
                20
              ],
              "uv": [
                0,
                32
              ]
            },
            {
              "origin": [
                -7,
                3,
                -7
              ],
              "size": [
                14,
                16,
                16
              ],
              "pivot": [
                0,
                0,
                0
              ],
              "rotation": [
                -10,
                0,
                0
              ],
              "uv": [
                0,
                0
              ]
            }
          ]
        },
        {
          "name": "bone3",
          "parent": "tors0",
          "pivot": [
            0,
            5,
            -9
          ],
          "cubes": [
            {
              "origin": [
                -4,
                1,
                -15
              ],
              "size": [
                8,
                9,
                9
              ],
              "uv": [
                53,
                49
              ]
            }
          ]
        },
        {
          "name": "bone4",
          "parent": "bone3",
          "pivot": [
            0,
            10,
            -11
          ],
          "cubes": [
            {
              "origin": [
                -3,
                10,
                -14
              ],
              "size": [
                6,
                11,
                7
              ],
              "uv": [
                0,
                58
              ]
            }
          ]
        },
        {
          "name": "Head",
          "parent": "bone4",
          "pivot": [
            0,
            21,
            -11
          ],
          "cubes": [
            {
              "origin": [
                -5,
                21,
                -15
              ],
              "size": [
                10,
                6,
                9
              ],
              "uv": [
                42,
                32
              ]
            },
            {
              "origin": [
                -4,
                27,
                -15
              ],
              "size": [
                8,
                3,
                9
              ],
              "uv": [
                44,
                0
              ]
            }
          ]
        },
        {
          "name": "bone6",
          "parent": "Head",
          "pivot": [
            -2,
            30,
            -11
          ],
          "cubes": [
            {
              "origin": [
                -3.2,
                30,
                -11.7
              ],
              "size": [
                1.4,
                5,
                1.4
              ],
              "uv": [
                12,
                6
              ]
            },
            {
              "origin": [
                -4,
                35,
                -12.5
              ],
              "size": [
                3,
                3,
                3
              ],
              "uv": [
                0,
                6
              ]
            }
          ]
        },
        {
          "name": "bone7",
          "parent": "Head",
          "pivot": [
            2,
            30,
            -11
          ],
          "cubes": [
            {
              "origin": [
                1.8,
                30,
                -11.7
              ],
              "size": [
                1.4,
                5,
                1.4
              ],
              "uv": [
                12,
                0
              ]
            },
            {
              "origin": [
                1,
                35,
                -12.5
              ],
              "size": [
                3,
                3,
                3
              ],
              "uv": [
                0,
                0
              ]
            }
          ]
        },
        {
          "name": "bone",
          "parent": "tors0",
          "pivot": [
            0,
            2,
            10
          ],
          "cubes": [
            {
              "origin": [
                -4.5,
                0,
                10
              ],
              "size": [
                9,
                5,
                5
              ],
              "uv": [
                60,
                12
              ]
            }
          ]
        },
        {
          "name": "bone2",
          "parent": "bone",
          "pivot": [
            0,
            2,
            15
          ],
          "cubes": [
            {
              "origin": [
                -3.5,
                0,
                15
              ],
              "size": [
                7,
                4,
                5
              ],
              "uv": [
                26,
                58
              ]
            }
          ]
        }
      ]
    }
  ]
}