{
  "format_version": "1.12.0",
  "minecraft:geometry": [
    {
      "description": {
        "identifier": "geometry.lv_slow_seline_hiding",
        "texture_width": 128,
        "texture_height": 128,
        "visible_bounds_width": 4,
        "visible_bounds_height": 3.5,
        "visible_bounds_offset": [
          0,
          1.25,
          0
        ]
      },
      "bones": [
        {
          "name": "tors0",
          "pivot": [
            0,
            -3,
            -1
          ],
          "rotation": [
            10.00939,
            -0.21611,
            -0.00843
          ],
          "cubes": [
            {
              "origin": [
                -7,
                0,
                -8
              ],
              "size": [
                14,
                16,
                16
              ],
              "pivot": [
                0,
                -3,
                -1
              ],
              "rotation": [
                -10,
                0,
                0
              ],
              "uv": [
                0,
                0
              ]
            }
          ]
        },
        {
          "name": "bone3",
          "parent": "tors0",
          "pivot": [
            0,
            2,
            -10
          ]
        }
      ]
    }
  ]
}