{
  "format_version": "1.12.0",
  "minecraft:geometry": [
    {
      "description": {
        "identifier": "geometry.lv_zophius",
        "texture_width": 128,
        "texture_height": 128,
        "visible_bounds_width": 3,
        "visible_bounds_height": 7,
        "visible_bounds_offset": [
          0,
          2.5,
          0
        ]
      },
      "bones": [
        {
          "name": "Root",
          "pivot": [
            0,
            63,
            -7
          ]
        },
        {
          "name": "Body",
          "parent": "Root",
          "pivot": [
            0,
            0,
            0
          ],
          "cubes": [
            {
              "origin": [
                -3,
                53.98496,
                -5.34443
              ],
              "size": [
                7,
                19,
                7
              ],
              "pivot": [
                0.5,
                63.48496,
                -0.84443
              ],
              "rotation": [
                5,
                0,
                0
              ],
              "uv": [
                32,
                61
              ]
            },
            {
              "origin": [
                -3.5,
                37,
                -4
              ],
              "size": [
                8,
                18,
                8
              ],
              "uv": [
                0,
                60
              ]
            },
            {
              "origin": [
                -4.06,
                17.74,
                -4.56
              ],
              "size": [
                9.12,
                20.52,
                9.12
              ],
              "uv": [
                40,
                32
              ]
            },
            {
              "origin": [
                -4.5,
                0,
                -5
              ],
              "size": [
                10,
                18,
                10
              ],
              "uv": [
                0,
                32
              ]
            }
          ]
        },
        {
          "name": "Head",
          "parent": "Body",
          "pivot": [
            0,
            70,
            -4
          ],
          "cubes": [
            {
              "origin": [
                -12,
                57,
                -10
              ],
              "size": [
                26,
                26,
                6
              ],
              "uv": [
                0,
                0
              ]
            },
            {
              "origin": [
                -9,
                53,
                -10
              ],
              "size": [
                20,
                4,
                2
              ],
              "uv": [
                68,
                9
              ]
            }
          ]
        }
      ]
    }
  ]
}