{
	"format_version": "1.8.0",
	"geometry.illusioner:geometry.villager": {
		"texturewidth": 64,
		"textureheight": 64,
		"visible_bounds_width": 2,
		"visible_bounds_height": 3,
		"visible_bounds_offset": [0, 1.5, 0],
		"bones": [
			{
				"name": "hat",
				"pivot": [0, 24, 0],
				"cubes": [
					{"origin": [-4, 24, -4], "size": [8, 10, 8], "uv": [32, 0], "inflate": 0.5}
				]
			},
			{
				"name": "nose",
				"pivot": [0, 0, 0]
			},
			{
				"name": "rightarm",
				"pivot": [-5, 22, 0],
				"cubes": [
					{"origin": [-8, 12, -2], "size": [4, 12, 4], "uv": [40, 46]}
				],
				"locators": {
					"right_hand": [-6, 12, 0]
				}
			},
			{
				"name": "rightItem",
				"parent": "rightarm",
				"pivot": [-5.5, 16, 0.5]
			},
			{
				"name": "leftarm",
				"pivot": [5, 22, 0],
				"mirror": true,
				"cubes": [
					{"origin": [4, 12, -2], "size": [4, 12, 4], "uv": [40, 46]}
				],
				"locators": {
					"left_hand": [6, 12, 0]
				}
			}
		]
	}
}