{
    "format_version": "1.8.0",
    "animations": {
        "animation.player_helicopter_ground_command":{
            "loop": false,
            "animation_length": 1,
            "timeline":{
                "0.0":[
                  "/effect @e[type=jurassic_world:helicopter,r=4] clear"
                ]
            }
        },
      "animation.player_helicopter_fly_command":{
		"loop": true,
		"animation_length": 1,
		"timeline":{
			"0.0":[
              "/effect @e[type=jurassic_world:helicopter,r=4] clear",
              "/effect @e[type=jurassic_world:helicopter,r=4] levitation 1 10 true"
			]
		}
	  },
	  "animation.player_helicopter_fall_command":{
		  "loop":true,
          "animation_length":1,
          "timeline":{
			"0.0":[
              "/effect @e[type=jurassic_world:helicopter,r=4] clear",
              "/effect @e[type=jurassic_world:helicopter,r=4] slow_falling 1 1 true"
			]
		}
	  }
    }
  }
  