{
    "format_version": "1.8.0",
    "animations": {
      "animation.saboteur.dead": {
          "loop": false,
          "timeline": {
              "0.0":[
                      "/execute @s[tag=zone1_saboteur] ~ ~ ~ /scoreboard players remove @e[tag=sabo_zone_math] z1_sabos_left 1",
                      "/execute @s[tag=zone2_saboteur] ~ ~ ~ /scoreboard players remove @e[tag=sabo_zone_math] z2_sabos_left 1",
                      "/execute @s[tag=zone3_saboteur] ~ ~ ~ /scoreboard players remove @e[tag=sabo_zone_math] z3_sabos_left 1"
                  ]
          },
          "animation_length": 1.0
      }
    }
  }
  