  {
    "format_version": "1.8.0",
    "animations": {
      "animation.walkietalkie.spawn":{
          "loop": false,
          "animation_length": 0.5,
          "timeline":{
              "0.2":[
                "/kill @s"
              ]
          }
      },
      "animation.walkietalkie.dead": {
          "loop": false,
          "timeline": {
              "0.0":[
                      "/execute @a[tag=inIsland] ~5 ~5 ~5 function tp/IslandHelepad",
                      "/execute @a[tag=inJungle] ~5 ~5 ~5 function tp/JungleMinesDock",
                      "/execute @a[tag=inDesert] ~5 ~5 ~5 function tp/DesertSiteCamp",
						"/execute @p ~5 ~5 ~5 function GiveRadio",
						"/tp @s 367 1 -456"
                  ]
          },
          "animation_length": 1.0
      }
    }
  }
  