{
	"entity_sounds": {
		"entities": {
			"fv:villager_crossbow": {
				"events": {
					"ambient": "mob.villager.idle",
					"celebrate": "mob.villager.yes",
					"death": "mob.villager.death",
					"hurt": "mob.villager.hit",
					"shoot": "crossbow.shoot"
				},
				"pitch": [
					0.8,
					1.2
				],
				"volume": 3
			},
			"fv:villager_swordman": {
				"events": {
					"ambient": "mob.villager.idle",
					"celebrate": "mob.villager.yes",
					"death": "mob.villager.death",
					"hurt": "mob.villager.hit"
				},
				"pitch": [
					0.8,
					1.2
				],
				"volume": 3
			},
			"fv:villager_ax": {
				"events": {
					"ambient": "mob.villager.idle",
					"celebrate": "mob.villager.yes",
					"death": "mob.villager.death",
					"hurt": "mob.villager.hit"
				},
				"pitch": [
					0.8,
					1.2
				],
				"volume": 3
			},
			"fv:villager_bow": {
				"events": {
					"ambient": "mob.villager.idle",
					"celebrate": "mob.villager.yes",
					"death": "mob.villager.death",
					"hurt": "mob.villager.hit",
					"shoot": "random.bow"
				},
				"pitch": [
					0.8,
					1.2
				],
				"volume": 3
			},
			"fv:pillager_raider": {
				"events": {
					"ambient": "mob.pillager.idle",
					"ambient.in.raid": {
						"pitch": [
							0.8,
							1.2
						],
						"sound": "mob.pillager.idle",
						"volume": 3
					},
					"celebrate": "mob.pillager.celebrate",
					"death": "mob.pillager.death",
					"hurt": "mob.pillager.hurt",
					"shoot": "crossbow.shoot",
					"angry": {
						"sound": "illager_call_horn",
						"pitch": [
							0.8,
							1.2
						],
						"volume": 50
					}
				},
				"pitch": [
					0.8,
					1.2
				],
				"volume": 1
			},
			"fv:pillager_armored": {
				"events": {
					"ambient": "mob.pillager.idle",
					"ambient.in.raid": {
						"pitch": [
							0.8,
							1.2
						],
						"sound": "mob.pillager.idle",
						"volume": 3
					},
					"celebrate": "mob.pillager.celebrate",
					"death": "mob.pillager.death",
					"hurt": "mob.pillager.hurt",
					"shoot": "crossbow.shoot"
				},
				"pitch": [
					0.8,
					1.2
				],
				"volume": 1
			},
			"fv:villager_soldier_crossbow": {
				"events": {
					"ambient": "mob.villager.idle",
					"celebrate": "mob.villager.yes",
					"death": "mob.villager.death",
					"hurt": "mob.villager.hit",
					"shoot": "crossbow.shoot"
				},
				"pitch": [
					0.8,
					1.2
				],
				"volume": 3
			},
			"fv:shield_villager": {
				"events": {
					"hurt": "item.shield.block",
					"death": "random.break"
				},
				"pitch": [
					0.8,
					1.2
				],
				"volume": 3
			},
			"fv:villager_soldier_sword": {
				"events": {
					"ambient": "mob.villager.idle",
					"celebrate": "mob.villager.yes",
					"death": "mob.villager.death",
					"hurt": "mob.villager.hit"
				},
				"pitch": [
					0.8,
					1.2
				],
				"volume": 3
			},
			"fv:villager_soldier_bow": {
				"events": {
					"ambient": "mob.villager.idle",
					"celebrate": "mob.villager.yes",
					"death": "mob.villager.death",
					"hurt": "mob.villager.hit",
					"shoot": "random.bow"
				},
				"pitch": [
					0.8,
					1.2
				],
				"volume": 3
			},
			"fv:villager_soldier_ax": {
				"events": {
					"ambient": "mob.villager.idle",
					"celebrate": "mob.villager.yes",
					"death": "mob.villager.death",
					"hurt": "mob.villager.hit"
				},
				"pitch": [
					0.8,
					1.2
				],
				"volume": 3
			},
			"fv:iceologer": {
				"events": {
					"ambient": "mob.evocation_illager.ambient",
					"ambient.in.raid": {
						"pitch": [
							0.8,
							1.2
						],
						"sound": "mob.evocation_illager.ambient",
						"volume": 3
					},
					"cast.spell": "mob.evocation_illager.cast_spell",
					"celebrate": "mob.evocation_illager.celebrate",
					"death": "mob.evocation_illager.death",
					"hurt": "mob.evocation_illager.hurt",
					"prepare.attack": "mob.evocation_illager.prepare_attack",
					"prepare.summon": "mob.evocation_illager.prepare_summon",
					"prepare.wololo": "mob.evocation_illager.prepare_wololo"
				},
				"pitch": [
					0.8,
					1.2
				],
				"volume": 1
			},
			"fv:bamboo_turret": {
				"events": {
					"ambient": "block.bamboo.place",
					"death": "block.bamboo.break",
					"hurt": "block.bamboo.hit",
					"shoot": "random.bow"
				},
				"pitch": [
					0.8,
					1.2
				],
				"volume": 3
			},
			"fv:pillager_armored_melee": {
				"events": {
					"ambient": "mob.pillager.idle",
					"ambient.in.raid": {
						"pitch": [
							0.8,
							1.2
						],
						"sound": "mob.pillager.idle",
						"volume": 3
					},
					"celebrate": "mob.pillager.celebrate",
					"death": "mob.pillager.death",
					"hurt": "mob.pillager.hurt"
				},
				"pitch": [
					0.8,
					1.2
				],
				"volume": 1
			},
			"fv:shield_illager": {
				"events": {
					"hurt": "item.shield.block",
					"death": "random.break"
				},
				"pitch": [
					0.8,
					1.2
				],
				"volume": 3
			},
			"fv:villager_soldier_captain": {
				"events": {
					"ambient": "soldier_horse_idle",
					"celebrate": "mob.villager.yes",
					"death": "mob.horse.death",
					"hurt": "soldier_horse_hurt",
					"step": "soldier_horse_step",
					"angry": {
						"sound": "villager_call_horn",
						"pitch": [
							0.8,
							1.2
						],
						"volume": 50
					}
				},
				"pitch": [
					0.8,
					1.2
				],
				"volume": 3
			},
			"fv:villager_elite_soldier_sword": {
				"events": {
					"ambient": "mob.villager.idle",
					"celebrate": "mob.villager.yes",
					"death": "mob.villager.death",
					"hurt": "mob.villager.hit"
				},
				"pitch": [
					0.8,
					1.2
				],
				"volume": 3
			},
			"fv:villager_elite_soldier_crossbow": {
				"events": {
					"ambient": "mob.villager.idle",
					"celebrate": "mob.villager.yes",
					"death": "mob.villager.death",
					"hurt": "mob.villager.hit",
					"shoot": "crossbow.shoot"
				},
				"pitch": [
					0.8,
					1.2
				],
				"volume": 3
			},
			"fv:villager_elite_soldier_ax": {
				"events": {
					"ambient": "mob.villager.idle",
					"celebrate": "mob.villager.yes",
					"death": "mob.villager.death",
					"hurt": "mob.villager.hit"
				},
				"pitch": [
					0.8,
					1.2
				],
				"volume": 3
			},
			"fv:villager_elite_soldier_bow": {
				"events": {
					"ambient": "mob.villager.idle",
					"celebrate": "mob.villager.yes",
					"death": "mob.villager.death",
					"hurt": "mob.villager.hit",
					"shoot": "random.bow"
				},
				"pitch": [
					0.8,
					1.2
				],
				"volume": 3
			},
			"fv:villager_elite_soldier_captain": {
				"events": {
					"ambient": "soldier_horse_idle",
					"celebrate": "mob.villager.yes",
					"death": "mob.horse.death",
					"hurt": "soldier_horse_hurt",
					"step": "soldier_horse_step",
					"angry": {
						"sound": "villager_call_horn",
						"pitch": [
							0.8,
							1.2
						],
						"volume": 50
					}
				},
				"pitch": [
					0.8,
					1.2
				],
				"volume": 3
			},
			"fv:pillager_tanker": {
				"events": {
					"ambient": "mob.pillager.idle",
					"ambient.in.raid": {
						"pitch": [
							0.8,
							1.2
						],
						"sound": "mob.pillager.idle",
						"volume": 3
					},
					"celebrate": "mob.pillager.celebrate",
					"death": "mob.pillager.death",
					"hurt": "mob.pillager.hurt"
				},
				"pitch": [
					0.8,
					1.2
				],
				"volume": 1
			},
			"fv:pillager_elite": {
				"events": {
					"ambient": "mob.pillager.idle",
					"ambient.in.raid": {
						"pitch": [
							0.8,
							1.2
						],
						"sound": "mob.pillager.idle",
						"volume": 3
					},
					"celebrate": "mob.pillager.celebrate",
					"death": "mob.pillager.death",
					"hurt": "mob.pillager.hurt",
					"shoot": "crossbow.shoot"
				},
				"pitch": [
					0.8,
					1.2
				],
				"volume": 1
			},
			"fv:villager_royal_sword": {
				"events": {
					"ambient": "mob.villager.idle",
					"celebrate": "mob.villager.yes",
					"death": "mob.villager.death",
					"hurt": "mob.villager.hit"
				},
				"pitch": [
					0.8,
					1.2
				],
				"volume": 3
			},
			"fv:villager_royal_crossbow": {
				"events": {
					"ambient": "mob.villager.idle",
					"celebrate": "mob.villager.yes",
					"death": "mob.villager.death",
					"hurt": "mob.villager.hit",
					"shoot": "crossbow.shoot"
				},
				"pitch": [
					0.8,
					1.2
				],
				"volume": 3
			},
			"fv:villager_royal_captain": {
				"events": {
					"ambient": "soldier_horse_idle",
					"celebrate": "mob.villager.yes",
					"death": "mob.horse.death",
					"hurt": "soldier_horse_hurt",
					"step": "soldier_horse_step",
					"angry": {
						"sound": "villager_call_horn",
						"pitch": [
							0.8,
							1.2
						],
						"volume": 50
					}
				},
				"pitch": [
					0.8,
					1.2
				],
				"volume": 3
			},
			"fv:villager_royal_bow": {
				"events": {
					"ambient": "mob.villager.idle",
					"celebrate": "mob.villager.yes",
					"death": "mob.villager.death",
					"hurt": "mob.villager.hit",
					"shoot": "random.bow"
				},
				"pitch": [
					0.8,
					1.2
				],
				"volume": 3
			},
			"fv:villager_royal_ax": {
				"events": {
					"ambient": "mob.villager.idle",
					"celebrate": "mob.villager.yes",
					"death": "mob.villager.death",
					"hurt": "mob.villager.hit"
				},
				"pitch": [
					0.8,
					1.2
				],
				"volume": 3
			},
			"fv:villager_diamond_captain": {
				"events": {
					"ambient": "soldier_horse_idle",
					"celebrate": "mob.villager.yes",
					"death": "mob.horse.death",
					"hurt": "soldier_horse_hurt",
					"step": "soldier_horse_step",
					"angry": {
						"sound": "villager_call_horn",
						"pitch": [
							0.8,
							1.2
						],
						"volume": 50
					}
				},
				"pitch": [
					0.8,
					1.2
				],
				"volume": 3
			},
			"fv:iron_golem_tamed": {
				"events": {
					"ambient": "mob.irongolem.say",
					"death": "mob.irongolem.death",
					"hurt": "mob.irongolem.hit",
					"irongolem.crack": "mob.irongolem.crack",
					"irongolem.repair": "mob.irongolem.repair",
					"step": {
						"pitch": 1.0,
						"sound": "mob.irongolem.walk",
						"volume": 1.0
					},
					"throw": {
						"pitch": 1.0,
						"sound": "mob.irongolem.throw",
						"volume": 1.0
					}
				},
				"pitch": [
					0.80,
					1.0
				],
				"volume": 1.0
			},
			"fv:iron_golem_guard": {
				"events": {
					"ambient": "mob.irongolem.say",
					"death": "mob.irongolem.death",
					"hurt": "mob.irongolem.hit",
					"irongolem.crack": "mob.irongolem.crack",
					"irongolem.repair": "mob.irongolem.repair",
					"step": {
						"pitch": 1.0,
						"sound": "mob.irongolem.walk",
						"volume": 1.0
					},
					"throw": {
						"pitch": 1.0,
						"sound": "mob.irongolem.throw",
						"volume": 1.0
					}
				},
				"pitch": [
					0.80,
					1.0
				],
				"volume": 1.0
			},
			"fv:melon_golem": {
				"events": {
					"ambient": "use.wood",
					"death": "dig.wood",
					"hurt": "hit.wood",
					"shoot": "mob.shulker.shoot"
				},
				"pitch": [
					0.80,
					1.0
				],
				"volume": 3
			},
			"fv:watermelon": {
				"events": {
					"ambient": "dig.wood"
				},
				"pitch": [
					0.80,
					1.0
				],
				"volume": 4
			},
			"fv:hoglin_illager": {
				"events": {
					"ambient": "mob.hoglin.ambient",
					"angry": "mob.hoglin.angry",
					"attack": "mob.hoglin.attack",
					"death": "mob.hoglin.death",
					"hurt": "mob.hoglin.hurt",
					"retreat": "mob.hoglin.retreat",
					"step": {
						"pitch": 1,
						"sound": "mob.hoglin.step",
						"volume": 1
					}
				},
				"pitch": [
					0.8,
					1.2
				],
				"volume": 3
			},
			"fv:stonestride": {
				"events": {
					"ambient": "mob.sniffer.idle",
					"death": "dig.stone",
					"eat": "mob.sniffer.eat",
					"hurt": "hit.stone",
					"step": "land.stone"
				},
				"pitch": [
					0.80,
					1.20
				],
				"volume": 3.0
			}
		}
	}
}