{
	"format_version": "1.10.0",
	"animations": {
		"animation.shaz": {
			"timeline": {
				"0.0": "/gamerule sendcommandfeedback false",
				"0.3": "/gamerule sendcommandfeedback false",
				"0.5": "/effect @p slowness 2 2 true",
				"0.6": "/gamerule sendcommandfeedback false",
				"0.5417": "/gamerule sendcommandfeedback false",
				"1.0": "/gamerule sendcommandfeedback false",
				"1.6": "/summon mc:knockback ^^^-0.4",
				"1.7": "/function zzzip"
				

			},
			"animation_length": 1.9,
			"loop": false
		}
	}
}