{
	"format_version": "1.8.0",
	"animations": {
		"animation.anquilosaurus.move": {
			"loop": true,
			"animation_length": 2,
			"bones": {
				"bone8": {
					"rotation": {
						"0.0": [5, 0, 0],
						"2.0": [5, 0, 0]
					}
				},
				"bone9": {
					"rotation": [0, 0, 0]
				},
				"Head": {
					"rotation": {
						"0.0": [5, 0, 0],
						"2.0": [4.91355, 0.14705, 0.6381]
					}
				},
				"bone10": {
					"rotation": {
						"0.0": [15, 0, 0],
						"1.0": [-10, 0, 0],
						"2.0": [15, 0, 0]
					}
				},
				"bone20": {
					"rotation": {
						"0.0": [-15, 0, 0],
						"0.4167": [-67.5, 0, 0],
						"1.0": [-15, 0, 0],
						"2.0": [-15, 0, 0]
					}
				},
				"bone19": {
					"rotation": {
						"0.0": [15, 0, 0],
						"0.25": [68.13, 0, 0],
						"0.4167": [101.6, 0, 0],
						"0.8333": [-1.33, 0, 0],
						"1.0": [27.5, 0, 0],
						"2.0": [15, 0, 0]
					}
				},
				"bone21": {
					"rotation": {
						"0.0": [-7.46519, 1.63401, 0.79708],
						"1.0": [12.53481, 1.63401, 0.79708],
						"2.0": [-7.46519, 1.63401, 0.79708]
					}
				},
				"bone22": {
					"rotation": {
						"0.0": [-27.5, 0, 0],
						"1.0": [-7.5, 0, 0],
						"1.625": [-57.5, 0, 0],
						"2.0": [-27.5, 0, 0]
					}
				},
				"bone23": {
					"rotation": {
						"0.0": [32.5, 0, 0],
						"1.0": [-9.95731, 0.49996, -2.08907],
						"1.3333": [116.69513, 0.3333, -1.39271],
						"1.625": [127.35976, 0.18748, -0.7834],
						"1.8333": [22.15989, 0.08333, -0.34818],
						"2.0": [32.5, 0, 0]
					}
				},
				"bone24": {
					"rotation": {
						"0.0": [-12.5, 0, 0],
						"1.0": [20, 0, 0],
						"2.0": [-12.5, 0, 0]
					}
				},
				"bone25": {
					"rotation": {
						"0.0": [-17.5, 0, 0],
						"1.0": [-2.5, 0, 0],
						"1.3333": [22.5, 0, 0],
						"1.7083": [17.5, 0, 0],
						"2.0": [-17.5, 0, 0]
					}
				},
				"bone26": {
					"rotation": {
						"0.0": [0, 0, 0],
						"1.7083": [-35, 0, 0],
						"2.0": [0, 0, 0]
					}
				},
				"bone27": {
					"rotation": {
						"0.0": [30, 0, 0],
						"1.0": [2.5, 0, 0],
						"1.25": [44.17, 0, 0],
						"1.5": [58.7, 0, 0],
						"1.8333": [19.79698, -0.17659, -0.81382],
						"2.0": [30, 0, 0]
					}
				},
				"bone28": {
					"rotation": {
						"0.0": [15, 0, 0],
						"1.0": [0.32347, -2.85133, 1.65465],
						"2.0": [15, 0, 0]
					}
				},
				"bone29": {
					"rotation": {
						"0.0": [0, 0, 0],
						"0.5": [22.5, 0, 0],
						"1.0": [-20, 0, 0],
						"2.0": [0, 0, 0]
					}
				},
				"bone30": {
					"rotation": {
						"0.0": [0, 0, 0],
						"1.0": [-7.5, 0, 0],
						"2.0": [0, 0, 0]
					}
				},
				"bone31": {
					"rotation": {
						"0.0": [-10, 0, 0],
						"0.5": [55, 0, 0],
						"0.8333": [-9.17, 0, 0],
						"1.0": [30, 0, 0],
						"2.0": [-10, 0, 0]
					}
				}
			}
		},
		"animation.anquilosaurus.sleep": {
			"loop": true,
			"animation_length": 0.04167,
			"bones": {
				"bone": {
					"position": [0, -10, 0]
				},
				"bone2": {
					"rotation": [-14.58302, 15.72136, -6.54487]
				},
				"bone3": {
					"rotation": [9.57236, 22.03761, 4.23427]
				},
				"bone4": {
					"rotation": [0, 30, 0]
				},
				"bone5": {
					"rotation": [0, 22.5, 0]
				},
				"bone7": {
					"rotation": [0, 17.5, 0]
				},
				"bone8": {
					"rotation": [37.5, 0, 0]
				},
				"bone9": {
					"rotation": [-20, 0, 0]
				},
				"Head": {
					"rotation": [-2.5, 0, 0]
				},
				"bone10": {
					"rotation": [37.5, 0, 0],
					"position": [0, -7, 0]
				},
				"bone20": {
					"rotation": [-72.5, 0, 0]
				},
				"bone19": {
					"rotation": [37.5, 0, 0]
				},
				"bone21": {
					"rotation": [24.43828, 5.43156, 0.8906],
					"position": [0, -5, 0]
				},
				"bone22": {
					"rotation": [-62.5, 0, 0]
				},
				"bone23": {
					"rotation": [40, 0, 0]
				},
				"bone24": {
					"rotation": [22.5, 0, 0],
					"position": [0, -5, 0]
				},
				"bone25": {
					"rotation": [32.5, 0, 0]
				},
				"bone26": {
					"rotation": [-50, 0, 0]
				},
				"bone28": {
					"rotation": [45, 0, 0],
					"position": [0, -9, 0]
				},
				"bone29": {
					"rotation": [17.30928, 2.20572, 1.72776]
				},
				"bone30": {
					"rotation": [-47.5, 0, 0]
				},
				"bone31": {
					"rotation": [-7.5, 0, 0]
				}
			}
		},
		"animation.anquilosaurus.default": {
			"loop": true,
			"animation_length": 2,
			"bones": {
				"bone": {
					"rotation": {
						"0.0": [2.5, 0, 0],
						"1.0": [0, 0, 0],
						"2.0": [2.5, 0, 0]
					}
				},
				"bone2": {
					"rotation": {
						"0.0": [-2.5, 0, 0],
						"1.0": [2.5, 0, 0],
						"2.0": [-2.5, 0, 0]
					}
				},
				"bone3": {
					"rotation": {
						"0.0": [0, 0, 0],
						"1.0": [5, 0, 0],
						"2.0": [0, 0, 0]
					}
				},
				"bone4": {
					"rotation": {
						"0.0": [0, 0, 0],
						"1.0": [-9.94978, 0.89009, -0.54445],
						"2.0": [0, 0, 0]
					}
				},
				"bone5": {
					"rotation": {
						"0.0": [0, 0, 0],
						"1.0": [-10, 0, 0],
						"2.0": [0, 0, 0]
					}
				},
				"bone7": {
					"rotation": {
						"0.0": [0, 0, 0],
						"1.0": [-7.5, 0, 0],
						"2.0": [0, 0, 0]
					}
				}
			}
		},
		"animation.anquilosaurus.attack": {
			"animation_length": 1,
			"bones": {
				"bone": {
					"rotation": {
						"0.0": [0, 0, 0],
						"0.3333": [5, 0, 0],
						"0.625": [-13.12, 0, 0],
						"0.8333": [9.17, 0, 0],
						"1.0": [0, 0, 0]
					}
				},
				"bone2": {
					"rotation": {
						"0.0": [0, 0, 0],
						"0.375": [0, 15, 0],
						"0.75": [0, -36.5, 0],
						"1.0": [0, 0, 0]
					}
				},
				"bone3": {
					"rotation": {
						"0.0": [0, 0, 0],
						"0.375": [0.03711, 22.52346, 0.22058],
						"0.75": [0.07159, -15.95306, 0.38779],
						"1.0": [0.09142, 0.06257, 0.55033]
					}
				},
				"bone4": {
					"rotation": {
						"0.0": [0, 0, 0],
						"0.375": [0, 12.5, 0],
						"0.75": [0, -15, 0],
						"1.0": [0, 0, 0]
					}
				},
				"bone5": {
					"rotation": {
						"0.0": [0, 0, 0],
						"0.375": [0, 17.5, 0],
						"0.75": [0, -15.5, 0],
						"1.0": [0, 0, 0]
					}
				},
				"bone7": {
					"rotation": {
						"0.0": [0, 0, 0],
						"1.0": [0, 0, 0]
					}
				},
				"bone6": {
					"rotation": {
						"0.0": [0, 0, 0],
						"0.375": [0, 17.5, 0],
						"0.75": [0, -35.5, 0],
						"1.0": [0, 0, 0]
					}
				},
				"bone8": {
					"rotation": {
						"0.0": [0, 0, 0],
						"0.3333": [10, 0, 0],
						"0.6667": [-12.5, 0, 0],
						"1.0": [0, 0, 0]
					}
				}
			}
		}
	}
}