{
	"format_version": "1.8.0",
	"animations": {
		"animation.Araripesuchus.sleep": {
			"loop": true,
			"bones": {
				"bone": {
					"position": [0, -8, 0]
				},
				"bone2": {
					"rotation": [5, -17.5, 0]
				},
				"bone3": {
					"rotation": [-7.88847, -24.1081, 22.26512]
				},
				"bone4": {
					"rotation": [-10, -37.5, 0]
				},
				"bone5": {
					"rotation": [12.79362, 12.19908, 2.74715]
				},
				"bone6": {
					"rotation": [-5, 15, 0]
				},
				"bone8": {
					"rotation": [15, 0, 0],
					"position": [0, -5, 0]
				},
				"bone9": {
					"rotation": [-82.5, 0, 0]
				},
				"bone10": {
					"rotation": [65, 0, 0]
				},
				"bone11": {
					"rotation": [17.64168, -7.15102, -2.26708],
					"position": [0, -5, 0]
				},
				"bone12": {
					"rotation": [-82.5, 0, 0]
				},
				"bone13": {
					"rotation": [60, 0, 0]
				},
				"bone14": {
					"rotation": [0, -10, 0],
					"position": [0, -6, 0]
				},
				"bone15": {
					"rotation": [-87.5, 0, 0]
				},
				"bone17": {
					"rotation": [27.5, 0, 0]
				},
				"bone16": {
					"rotation": [65, 0, 0]
				},
				"bone18": {
					"position": [0, -6, 0]
				},
				"bone19": {
					"rotation": [-82.5, 0, 0]
				},
				"bone20": {
					"rotation": [17.5, 0, 0]
				},
				"bone21": {
					"rotation": [67.5, 0, 0]
				}
			}
		}
	}
}