{
	"format_version": "1.8.0",
	"animations": {
		"animation.Arrhinoceratops.walk": {
			"loop": true,
			"animation_length": 2,
			"bones": {
				"bone": {
					"rotation": {
						"0.0": [
							0,
							5,
							0
						],
						"1.0": [
							0,
							-5,
							0
						],
						"2.0": [
							0,
							5,
							0
						]
					}
				},
				"bone6": {
					"rotation": {
						"0.0": [
							-15,
							0,
							0
						],
						"1.0": [
							15,
							0,
							0
						],
						"2.0": [
							-15,
							0,
							0
						]
					}
				},
				"bone3": {
					"rotation": {
						"0.0": [
							0,
							17.5,
							0
						],
						"1.0": [
							0,
							-25,
							0
						],
						"2.0": [
							0,
							17.5,
							0
						]
					}
				},
				"bone4": {
					"rotation": {
						"0.0": [
							0,
							22.5,
							0
						],
						"0.8333": [
							0,
							-25,
							0
						],
						"2.0": [
							0,
							22.5,
							0
						]
					}
				},
				"bone5": {
					"rotation": {
						"0.0": [
							0,
							35,
							0
						],
						"0.75": [
							0,
							-30,
							0
						],
						"2.0": [
							0,
							35,
							0
						]
					}
				},
				"bone17": {
					"rotation": {
						"0.0": [
							-32.5,
							0,
							0
						],
						"1.0": [
							2.5,
							0,
							0
						],
						"2.0": [
							-32.5,
							0,
							0
						]
					}
				},
				"bone16": {
					"rotation": {
						"0.0": [
							17.5,
							0,
							0
						],
						"1.0": [
							-2.5,
							0,
							0
						],
						"1.5": [
							-25,
							0,
							0
						],
						"2.0": [
							17.5,
							0,
							0
						]
					}
				},
				"bone18": {
					"rotation": {
						"0.0": [
							19.60734,
							-3.32834,
							1.65182
						],
						"1.0": [
							4.60734,
							-3.32834,
							1.65182
						],
						"1.5": [
							122.10734,
							-3.32834,
							1.65182
						],
						"2.0": [
							19.60734,
							-3.32834,
							1.65182
						]
					},
					"position": {
						"0.0": [
							0,
							1,
							0
						],
						"1.0": [
							0,
							0,
							0
						],
						"1.5": [
							0,
							0.5,
							-1
						],
						"2.0": [
							0,
							1,
							0
						]
					}
				},
				"bone19": {
					"rotation": {
						"0.0": [
							5,
							0,
							0
						],
						"1.0": [
							-32.5,
							0,
							0
						],
						"2.0": [
							5,
							0,
							0
						]
					}
				},
				"bone20": {
					"rotation": {
						"0.0": [
							15,
							0,
							0
						],
						"0.5": [
							-41.25,
							0,
							0
						],
						"1.0": [
							7.5,
							0,
							0
						],
						"2.0": [
							15,
							0,
							0
						]
					}
				},
				"bone21": {
					"rotation": {
						"0.0": [
							-15,
							0,
							0
						],
						"0.5": [
							110.63,
							0,
							0
						],
						"1.0": [
							21.25,
							0,
							0
						],
						"2.0": [
							-17.5,
							0,
							0
						]
					},
					"position": [
						0,
						0,
						-1
					]
				},
				"bone26": {
					"rotation": {
						"0.0": [
							-10,
							0,
							0
						],
						"1.0": [
							27.5,
							0,
							0
						],
						"2.0": [
							-10,
							0,
							0
						]
					}
				},
				"bone27": {
					"rotation": {
						"0.0": [
							0,
							0,
							0
						],
						"1.0": [
							15,
							0,
							0
						],
						"1.5417": [
							36.87,
							0,
							0
						],
						"2.0": [
							0,
							0,
							0
						]
					}
				},
				"bone28": {
					"rotation": {
						"0.0": [
							-2.52486,
							0.24762,
							-0.42162
						],
						"1.0": [
							-35,
							0,
							0
						],
						"1.5417": [
							-58.54,
							0,
							0
						],
						"2.0": [
							0,
							0,
							0
						]
					}
				},
				"bone29": {
					"rotation": {
						"0.0": [
							19.98865,
							0.53171,
							5.12904
						],
						"1.0": [
							-10.01135,
							0.53171,
							5.12904
						],
						"1.5417": [
							67.38449,
							0.53171,
							5.12904
						],
						"2.0": [
							17.48865,
							0.53171,
							5.12904
						]
					}
				},
				"bone22": {
					"rotation": {
						"0.0": [
							27.5,
							0,
							0
						],
						"1.0": [
							-7.5,
							0,
							0
						],
						"2.0": [
							27.5,
							0,
							0
						]
					}
				},
				"bone23": {
					"rotation": {
						"0.0": [
							7.5,
							0,
							0
						],
						"0.5": [
							28.75,
							0,
							0
						],
						"1.0": [
							-15,
							0,
							0
						],
						"2.0": [
							7.5,
							0,
							0
						]
					}
				},
				"bone24": {
					"rotation": {
						"0.0": [
							0,
							0,
							0
						],
						"0.5": [
							-47.5,
							0,
							0
						],
						"2.0": [
							0,
							0,
							0
						]
					}
				},
				"bone25": {
					"rotation": {
						"0.0": [
							-25,
							0,
							0
						],
						"0.5": [
							49.38,
							0,
							0
						],
						"1.0": [
							61.25,
							0,
							0
						],
						"2.0": [
							-25,
							0,
							0
						]
					}
				}
			}
		},
		"animation.Arrhinoceratops.attack": {
			"animation_length": 1,
			"bones": {
				"bone": {
					"rotation": {
						"0.0": [
							0,
							0,
							0
						],
						"0.5": [
							12.5,
							0,
							0
						],
						"0.6667": [
							-16.67,
							0,
							0
						],
						"1.0": [
							0,
							0,
							0
						]
					}
				},
				"bone2": {
					"rotation": {
						"0.0": [
							0,
							0,
							0
						],
						"0.3333": [
							20,
							0,
							0
						],
						"0.6667": [
							-40,
							0,
							0
						],
						"1.0": [
							0,
							0,
							0
						]
					}
				},
				"bone6": {
					"rotation": {
						"0.0": [
							0,
							0,
							0
						],
						"0.4167": [
							40,
							0,
							0
						],
						"0.6667": [
							-37.14,
							0,
							0
						],
						"1.0": [
							0,
							0,
							0
						]
					}
				},
				"bone17": {
					"position": {
						"0.0": [
							0,
							0,
							0
						],
						"0.5": [
							0,
							-0.67,
							0
						],
						"0.75": [
							0,
							5,
							0
						],
						"1.0": [
							0,
							0,
							0
						]
					}
				},
				"bone16": {
					"rotation": {
						"0.0": [
							0,
							0,
							0
						],
						"0.5": [
							0,
							0,
							0
						],
						"0.75": [
							-37.5,
							0,
							0
						],
						"1.0": [
							0,
							0,
							0
						]
					}
				},
				"bone18": {
					"rotation": {
						"0.0": [
							0,
							0,
							0
						],
						"0.4167": [
							0.28,
							0,
							0
						],
						"0.75": [
							117.5,
							0,
							0
						],
						"1.0": [
							0,
							0,
							0
						]
					}
				},
				"bone19": {
					"position": {
						"0.0": [
							0,
							0,
							0
						],
						"0.5": [
							0,
							-0.33,
							0
						],
						"0.75": [
							0,
							4,
							0
						],
						"1.0": [
							0,
							0,
							0
						]
					}
				},
				"bone20": {
					"rotation": {
						"0.0": [
							0,
							0,
							0
						],
						"0.4167": [
							0,
							0,
							0
						],
						"0.75": [
							-40,
							0,
							0
						],
						"1.0": [
							0,
							0,
							0
						]
					}
				},
				"bone21": {
					"rotation": {
						"0.0": [
							0,
							0,
							0
						],
						"0.4583": [
							0,
							0,
							0
						],
						"0.75": [
							123.65,
							0,
							0
						],
						"1.0": [
							-2.5,
							0,
							0
						]
					}
				}
			}
		},
		"animation.Arrhinoceratops.idle": {
			"loop": true,
			"animation_length": 2,
			"bones": {
				"bone": {
					"rotation": {
						"0.0": [
							0,
							0,
							0
						],
						"1.0": [
							5,
							0,
							0
						],
						"2.0": [
							0,
							0,
							0
						]
					}
				},
				"bone26": {
					"rotation": [
						25,
						0,
						0
					]
				},
				"bone22": {
					"rotation": [
						25,
						0,
						0
					]
				}
			}
		}
	}
}