{
	"format_version": "1.8.0",
	"animations": {
		"animation.carnotaurus.move": {
			"loop": true,
			"animation_length": 2,
			"bones": {
				"bone": {
					"rotation": {
						"0.0": [2.5, 0, 0],
						"1.0": [0, 0, 0],
						"2.0": [2.5, 0, 0]
					},
					"position": {
						"0.0": [0, 1, 0],
						"1.0": [0, 0, 0],
						"2.0": [0, 1, 0]
					}
				},
				"bone2": {
					"rotation": {
						"0.0": [2.5, 0, 0],
						"0.5": [3.75, 0, 0],
						"1.0": [0, 0, 0],
						"1.5": [-1.25, 0, 0],
						"2.0": [2.5, 0, 0]
					}
				},
				"bone9": {
					"rotation": {
						"0.0": [2.5, 0, 0],
						"0.5": [6.25, 0, 0],
						"1.0": [0, 0, 0],
						"1.5": [-1.22214, -0.09904, -0.35664],
						"2.0": [2.5, 0, 0]
					}
				},
				"bone4": {
					"rotation": {
						"0.0": [0, -10, 0],
						"0.5": [0, 12.5, 0],
						"1.0": [0, 15, 0],
						"1.5": [0, -10, 0],
						"2.0": [0, -10, 0]
					}
				},
				"bone5": {
					"rotation": {
						"0.0": [0, -12.5, 0],
						"0.5": [0, -15, 0],
						"1.0": [0, 12.5, 0],
						"1.5": [0, 17.5, 0],
						"2.0": [0, -12.5, 0]
					}
				},
				"bone6": {
					"rotation": {
						"0.0": [0, -15, 0],
						"0.5": [0, -16.25, 0],
						"1.0": [0, 12.5, 0],
						"1.5": [0, 11.25, 0],
						"2.0": [0, -15, 0]
					}
				},
				"bone7": {
					"rotation": {
						"0.0": [0, -15, 0],
						"0.5": [0, -10, 0],
						"1.0": [0, 20, 0],
						"1.5": [0, 17.5, 0],
						"2.0": [0, -15, 0]
					}
				},
				"bone8": {
					"rotation": {
						"0.0": [0, -22.5, 0],
						"0.5": [0, -13.75, 0],
						"1.0": [0, 15, 0],
						"1.5": [0, 18.75, 0],
						"2.0": [0, -22.5, 0]
					}
				},
				"bone11": {
					"rotation": {
						"0.0": [15, 0, 0],
						"0.5": [-27.5, 0, 0],
						"1.0": [-10, 0, 0],
						"2.0": [15, 0, 0]
					},
					"position": {
						"0.0": [0, 0, 0],
						"0.5": [0, 2, -1],
						"1.0": [0, 0, -2],
						"2.0": [0, 0, 0]
					}
				},
				"bone12": {
					"rotation": {
						"0.0": [-12.5, 0, 0],
						"0.5": [15, 0, 0],
						"1.0": [-22.5, 0, 0],
						"2.0": [-12.5, 0, 0]
					}
				},
				"bone13": {
					"rotation": {
						"0.0": [0, 0, 0],
						"0.5": [-27.5, 0, 0],
						"1.0": [10, 0, 0],
						"2.0": [0, 0, 0]
					}
				},
				"bone14": {
					"rotation": {
						"0.0": [0, 0, 0],
						"0.5": [96.25, 0, 0],
						"0.8333": [-2.92, 0, 0],
						"1.0": [22.5, 0, 0],
						"2.0": [0, 0, 0]
					}
				},
				"bone15": {
					"rotation": {
						"0.0": [-12.49924, -0.16028, -0.0484],
						"1.0": [25.00076, -0.16028, -0.0484],
						"1.5": [-1.24924, -0.16028, -0.0484],
						"2.0": [-12.49924, -0.16028, -0.0484]
					},
					"position": {
						"0.0": [0, 0, 0],
						"1.0": [0, 0, 2],
						"1.5": [0, 2, 1],
						"2.0": [0, 0, 0]
					}
				},
				"bone16": {
					"rotation": {
						"0.0": [-25, 0, 0],
						"1.0": [-12.5, 0, 0],
						"1.5": [1.25, 0, 0],
						"2.0": [-25, 0, 0]
					}
				},
				"bone17": {
					"rotation": {
						"0.0": [15, 0, 0],
						"1.0": [-2.5, 0, 0],
						"1.5": [-41.25, 0, 0],
						"2.0": [15, 0, 0]
					}
				},
				"bone18": {
					"rotation": {
						"0.0": [22.5, 0, 0],
						"1.0": [0, 0, 0],
						"1.5": [66.25, 0, 0],
						"1.8333": [2.08, 0, 0],
						"2.0": [22.5, 0, 0]
					}
				}
			}
		},
		"animation.carnotaurus.default": {
			"loop": true,
			"animation_length": 2,
			"bones": {
				"bone": {
					"rotation": {
						"0.0": [-2.5, 0, 0],
						"1.0": [0, 0, 0],
						"2.0": [-2.5, 0, 0]
					},
					"position": {
						"0.0": [0, 0, 0],
						"1.0": [0, 1, 0],
						"2.0": [0, 0, 0]
					}
				},
				"bone2": {
					"rotation": {
						"0.0": [2.5, 0, 0],
						"1.0": [0, 0, 0],
						"2.0": [2.5, 0, 0]
					}
				},
				"bone9": {
					"rotation": {
						"0.0": [2.5, 0, 0],
						"1.0": [0, 0, 0],
						"2.0": [2.5, 0, 0]
					}
				},
				"bone4": {
					"rotation": {
						"0.0": [0, 7.5, 0],
						"0.5": [0, -10, 0],
						"1.0": [0, -7.5, 0],
						"1.5": [0, 10, 0.00001],
						"2.0": [0, 7.5, 0]
					}
				},
				"bone5": {
					"rotation": {
						"0.0": [0, 7.5, 0],
						"0.5": [0, 12.5, 0],
						"1.0": [0, -7.5, 0],
						"1.5": [0, -10, 0],
						"2.0": [0, 7.5, 0]
					}
				},
				"bone6": {
					"rotation": {
						"0.0": [-0.01933, 9.9906, 0.43188],
						"0.5": [-0.00051, 8.73149, 0.86385],
						"1.0": [-0.0195, -12.5094, 0.43946],
						"1.5": [-0.01964, -8.7594, 0.43823],
						"2.0": [-0.01933, 9.9906, 0.43188]
					}
				},
				"bone7": {
					"rotation": {
						"0.0": [0, 10, 0],
						"0.5": [0, 15, 0],
						"1.0": [0, -10, 0],
						"1.5": [0, -15, 0],
						"2.0": [0, 10, 0]
					}
				},
				"bone8": {
					"rotation": {
						"0.0": [0, 10, 0],
						"0.5": [0, 11.88, 0],
						"1.0": [0, -16.25, 0],
						"1.5": [0, -11.87, 0],
						"2.0": [0, 12.5, 0]
					}
				}
			}
		},
		"animation.carnotaurus.landattack": {
			"animation_length": 1,
			"bones": {
				"bone": {
					"rotation": {
						"0.0": [0, 0, 0],
						"0.25": [14.6858, 12.36497, 1.85327],
						"0.5": [-29.16756, -13.16876, 7.24656],
						"0.75": [15.72497, 2.69188, 0.83461],
						"1.0": [0, 0, 0]
					}
				},
				"bone2": {
					"rotation": {
						"0.0": [0, 0, 0],
						"0.25": [35, 0, 0],
						"0.5": [-31.67, 0, 0],
						"0.75": [51.67, 0, 0],
						"1.0": [0, 0, 0]
					}
				},
				"bone9": {
					"rotation": {
						"0.0": [0, 0, 0],
						"0.25": [32.5, 0, 0],
						"0.5": [-28.33, 0, 0],
						"0.75": [-59.16, 0, 0],
						"0.9167": [17.78, 0, 0],
						"1.0": [0, 0, 0]
					}
				},
				"bone10": {
					"rotation": {
						"0.0": [0, 0, 0],
						"0.4167": [15, 0, 0],
						"0.5833": [0, 0, 0],
						"0.6667": [7.51, 0, 0],
						"0.75": [70, 0, 0],
						"0.8333": [5.42, 0, 0],
						"0.9167": [5.83, 0, 0],
						"1.0": [0, 0, 0]
					},
					"position": {
						"0.0": [0, 0, 0],
						"0.6667": [0, 0, 0]
					}
				}
			}
		},
		"animation.carnotaurus.sleep": {
			"loop": true,
			"animation_length": 0.04167,
			"bones": {
				"bone": {
					"rotation": [2.5, 0, 0],
					"position": [0, -16, 0]
				},
				"bone2": {
					"rotation": [36.68416, 28.46296, 16.39211]
				},
				"bone9": {
					"rotation": [25.02235, 2.21738, 1.15495]
				},
				"bone3": {
					"rotation": [-15.93521, -12.02102, -0.94732]
				},
				"bone4": {
					"rotation": [-10.27078, -16.92654, -6.10609]
				},
				"bone5": {
					"rotation": [18.29388, -16.66577, -5.41615]
				},
				"bone6": {
					"rotation": [4.11405, -22.13991, -10.80524]
				},
				"bone7": {
					"rotation": [2.33873, -25.11621, -5.5184]
				},
				"bone8": {
					"rotation": [0, -25, 0]
				},
				"bone11": {
					"rotation": [-53.30854, 16.27014, 11.79198],
					"position": [0, -13, 0]
				},
				"bone12": {
					"rotation": [14.90743, -3.00913, 5.44826]
				},
				"bone13": {
					"rotation": [-52.5, 0, 0]
				},
				"bone14": {
					"rotation": [82.05418, 11.73507, -4.3361]
				},
				"bone15": {
					"rotation": [-46.96327, -24.62118, -3.19022],
					"position": [0, -15, 0]
				},
				"bone16": {
					"rotation": [9.83708, 1.80545, 0.22073]
				},
				"bone17": {
					"rotation": [-65, 0, 0]
				},
				"bone18": {
					"rotation": [104.84866, 0.85195, 1.84087]
				}
			}
		}
	}
}