{
	"format_version": "1.8.0",
	"animations": {
		"animation.eonatator.swim": {
			"loop": true,
			"animation_length": 2,
			"bones": {
				"bone": {
					"rotation": {
						"0.0": {
							"post": [0, -5, 0],
							"lerp_mode": "catmullrom"
						},
						"1.0": {
							"post": [0, 5, 0],
							"lerp_mode": "catmullrom"
						},
						"2.0": {
							"post": [0, -5, 0],
							"lerp_mode": "catmullrom"
						}
					}
				},
				"bone6": {
					"rotation": {
						"0.0": {
							"post": [0, 15, -0.00001],
							"lerp_mode": "catmullrom"
						},
						"1.0": {
							"post": [0, -5, 0],
							"lerp_mode": "catmullrom"
						},
						"2.0": {
							"post": [0, 15, 0],
							"lerp_mode": "catmullrom"
						}
					}
				},
				"bone7": {
					"rotation": {
						"0.0": {
							"post": [0, 10, 0],
							"lerp_mode": "catmullrom"
						},
						"0.5": {
							"post": [0, -10, 0],
							"lerp_mode": "catmullrom"
						},
						"1.0": {
							"post": [0, -10, 0],
							"lerp_mode": "catmullrom"
						},
						"2.0": {
							"post": [0, 10, 0],
							"lerp_mode": "catmullrom"
						}
					}
				},
				"bone8": {
					"rotation": {
						"0.0": {
							"post": [0, 10, 0],
							"lerp_mode": "catmullrom"
						},
						"0.5": {
							"post": [0, 21.25, 0],
							"lerp_mode": "catmullrom"
						},
						"1.0": {
							"post": [0, -7.5, 0],
							"lerp_mode": "catmullrom"
						},
						"1.5": {
							"post": [0, -16.25, 0],
							"lerp_mode": "catmullrom"
						},
						"2.0": {
							"post": [0, 10, 0],
							"lerp_mode": "catmullrom"
						}
					}
				},
				"bone9": {
					"rotation": {
						"0.0": {
							"post": [0, 15, 0],
							"lerp_mode": "catmullrom"
						},
						"0.5": {
							"post": [0, 17.5, 0],
							"lerp_mode": "catmullrom"
						},
						"1.0": {
							"post": [0, -25, 0],
							"lerp_mode": "catmullrom"
						},
						"1.5": {
							"post": [-0.41706, -19.70242, 1.77689],
							"lerp_mode": "catmullrom"
						},
						"2.0": {
							"post": [0, 15, 0],
							"lerp_mode": "catmullrom"
						}
					}
				},
				"bone10": {
					"rotation": {
						"0.0": {
							"post": [0, 0, -95],
							"lerp_mode": "catmullrom"
						},
						"0.5": {
							"post": [0, -57.5, -41.25],
							"lerp_mode": "catmullrom"
						},
						"1.0": {
							"post": [0, 0, 12.5],
							"lerp_mode": "catmullrom"
						},
						"1.5": {
							"post": [0, 52.5, -41.25],
							"lerp_mode": "catmullrom"
						},
						"2.0": {
							"post": [0, 0, -95],
							"lerp_mode": "catmullrom"
						}
					}
				},
				"bone12": {
					"rotation": {
						"0.0": {
							"post": [0, 0, 77.5],
							"lerp_mode": "catmullrom"
						},
						"0.5": {
							"post": [-0.58768, 70.24303, 34.48715],
							"lerp_mode": "catmullrom"
						},
						"1.0": {
							"post": [-0.39731, 0.48798, -7.42121],
							"lerp_mode": "catmullrom"
						},
						"1.5": {
							"post": [-0.27975, -44.75567, 35.2372],
							"lerp_mode": "catmullrom"
						},
						"2.0": {
							"post": [0, 0, 77.5],
							"lerp_mode": "catmullrom"
						}
					}
				},
				"bone11": {
					"rotation": {
						"0.0": {
							"post": [0, 0, 0],
							"lerp_mode": "catmullrom"
						},
						"0.5": {
							"post": [0, -37.5, -37.5],
							"lerp_mode": "catmullrom"
						},
						"1.0": {
							"post": [0, 0, -75],
							"lerp_mode": "catmullrom"
						},
						"1.5": {
							"post": [0, 32.5, -37.5],
							"lerp_mode": "catmullrom"
						},
						"2.0": {
							"post": [0, 0, 0],
							"lerp_mode": "catmullrom"
						}
					}
				},
				"bone13": {
					"rotation": {
						"0.0": {
							"post": [0, 0, 0],
							"lerp_mode": "catmullrom"
						},
						"0.5": {
							"post": [0, 47.5, 50],
							"lerp_mode": "catmullrom"
						},
						"1.0": {
							"post": [0, 0, 100],
							"lerp_mode": "catmullrom"
						},
						"1.5": {
							"post": [0, -30, 50],
							"lerp_mode": "catmullrom"
						},
						"2.0": {
							"post": [0, 0, 0],
							"lerp_mode": "catmullrom"
						}
					}
				}
			}
		},
		"animation.eonatator.attack": {
			"animation_length": 2,
			"bones": {
				"bone": {
					"rotation": {
						"0.0": {
							"post": [0, -5, 0],
							"lerp_mode": "catmullrom"
						},
						"0.5": {
							"post": [-30, 0.625, 0],
							"lerp_mode": "catmullrom"
						},
						"1.0": {
							"post": [24.61696, -6.72435, 24.92206],
							"lerp_mode": "catmullrom"
						},
						"1.5": {
							"post": [16.84825, 1.52959, -12.38113],
							"lerp_mode": "catmullrom"
						},
						"2.0": {
							"post": [0, -5, 0],
							"lerp_mode": "catmullrom"
						}
					}
				},
				"bone6": {
					"rotation": {
						"0.0": {
							"post": [0, 15, -0.00001],
							"lerp_mode": "catmullrom"
						},
						"1.0": {
							"post": [0, -5, 0],
							"lerp_mode": "catmullrom"
						},
						"2.0": {
							"post": [0, 15, 0],
							"lerp_mode": "catmullrom"
						}
					}
				},
				"bone7": {
					"rotation": {
						"0.0": {
							"post": [0, 10, 0],
							"lerp_mode": "catmullrom"
						},
						"0.5": {
							"post": [0, -10, 0],
							"lerp_mode": "catmullrom"
						},
						"1.0": {
							"post": [0, -10, 0],
							"lerp_mode": "catmullrom"
						},
						"2.0": {
							"post": [0, 10, 0],
							"lerp_mode": "catmullrom"
						}
					}
				},
				"bone8": {
					"rotation": {
						"0.0": {
							"post": [0, 10, 0],
							"lerp_mode": "catmullrom"
						},
						"0.5": {
							"post": [0, 21.25, 0],
							"lerp_mode": "catmullrom"
						},
						"1.0": {
							"post": [0, -7.5, 0],
							"lerp_mode": "catmullrom"
						},
						"1.5": {
							"post": [0, -16.25, 0],
							"lerp_mode": "catmullrom"
						},
						"2.0": {
							"post": [0, 10, 0],
							"lerp_mode": "catmullrom"
						}
					}
				},
				"bone9": {
					"rotation": {
						"0.0": {
							"post": [0, 15, 0],
							"lerp_mode": "catmullrom"
						},
						"0.5": {
							"post": [0, 17.5, 0],
							"lerp_mode": "catmullrom"
						},
						"1.0": {
							"post": [0, -25, 0],
							"lerp_mode": "catmullrom"
						},
						"1.5": {
							"post": [-0.41706, -19.70242, 1.77689],
							"lerp_mode": "catmullrom"
						},
						"2.0": {
							"post": [0, 15, 0],
							"lerp_mode": "catmullrom"
						}
					}
				},
				"bone10": {
					"rotation": {
						"0.0": {
							"post": [0, 0, -95],
							"lerp_mode": "catmullrom"
						},
						"0.5": {
							"post": [0, -57.5, -41.25],
							"lerp_mode": "catmullrom"
						},
						"1.0": {
							"post": [0, 0, 12.5],
							"lerp_mode": "catmullrom"
						},
						"1.5": {
							"post": [0, 52.5, -41.25],
							"lerp_mode": "catmullrom"
						},
						"2.0": {
							"post": [0, 0, -95],
							"lerp_mode": "catmullrom"
						}
					}
				},
				"bone12": {
					"rotation": {
						"0.0": {
							"post": [0, 0, 77.5],
							"lerp_mode": "catmullrom"
						},
						"0.5": {
							"post": [-0.58768, 70.24303, 34.48715],
							"lerp_mode": "catmullrom"
						},
						"1.0": {
							"post": [-0.39731, 0.48798, -7.42121],
							"lerp_mode": "catmullrom"
						},
						"1.5": {
							"post": [-0.27975, -44.75567, 35.2372],
							"lerp_mode": "catmullrom"
						},
						"2.0": {
							"post": [0, 0, 77.5],
							"lerp_mode": "catmullrom"
						}
					}
				},
				"bone11": {
					"rotation": {
						"0.0": {
							"post": [0, 0, 0],
							"lerp_mode": "catmullrom"
						},
						"0.5": {
							"post": [0, -37.5, -37.5],
							"lerp_mode": "catmullrom"
						},
						"1.0": {
							"post": [0, 0, -75],
							"lerp_mode": "catmullrom"
						},
						"1.5": {
							"post": [0, 32.5, -37.5],
							"lerp_mode": "catmullrom"
						},
						"2.0": {
							"post": [0, 0, 0],
							"lerp_mode": "catmullrom"
						}
					}
				},
				"bone13": {
					"rotation": {
						"0.0": {
							"post": [0, 0, 0],
							"lerp_mode": "catmullrom"
						},
						"0.5": {
							"post": [0, 47.5, 50],
							"lerp_mode": "catmullrom"
						},
						"1.0": {
							"post": [0, 0, 100],
							"lerp_mode": "catmullrom"
						},
						"1.5": {
							"post": [0, -30, 50],
							"lerp_mode": "catmullrom"
						},
						"2.0": {
							"post": [0, 0, 0],
							"lerp_mode": "catmullrom"
						}
					}
				},
				"bone2": {
					"rotation": {
						"0.0": {
							"post": [0, 0, 0],
							"lerp_mode": "catmullrom"
						},
						"0.5": {
							"post": [25, 0, 0],
							"lerp_mode": "catmullrom"
						},
						"1.0": {
							"post": [-13.33, 0, 0],
							"lerp_mode": "catmullrom"
						},
						"2.0": {
							"post": [0, 0, 0],
							"lerp_mode": "catmullrom"
						}
					}
				},
				"bone3": {
					"rotation": {
						"0.0": {
							"post": [0, 0, 0],
							"lerp_mode": "catmullrom"
						},
						"0.5": {
							"post": [20, 0, 0],
							"lerp_mode": "catmullrom"
						},
						"1.0": {
							"post": [-26.67, 0, 0],
							"lerp_mode": "catmullrom"
						},
						"2.0": {
							"post": [0, 0, 0],
							"lerp_mode": "catmullrom"
						}
					}
				},
				"bone4": {
					"rotation": {
						"0.0": {
							"post": [0, 0, 0],
							"lerp_mode": "catmullrom"
						},
						"0.5": {
							"post": [15, 0, 0],
							"lerp_mode": "catmullrom"
						},
						"1.0": {
							"post": [-37.5, 0, 0],
							"lerp_mode": "catmullrom"
						},
						"1.5": {
							"post": [31.25, 0, 0],
							"lerp_mode": "catmullrom"
						},
						"2.0": {
							"post": [0, 0, 0],
							"lerp_mode": "catmullrom"
						}
					}
				},
				"bone5": {
					"rotation": {
						"0.0": {
							"post": [-2.5, 0, 0],
							"lerp_mode": "catmullrom"
						},
						"0.5": {
							"post": [-2.5, 0, 0],
							"lerp_mode": "catmullrom"
						},
						"1.0": {
							"post": [80, 0, 0],
							"lerp_mode": "catmullrom"
						},
						"1.5": {
							"post": [-3.75, 0, 0],
							"lerp_mode": "catmullrom"
						},
						"2.0": {
							"post": [-2.5, 0, 0],
							"lerp_mode": "catmullrom"
						}
					}
				}
			}
		},
		"animation.eonatator.death": {
			"loop": true,
			"animation_length": 3.54167,
			"bones": {
				"bone": {
					"rotation": [0, 0, -87.5]
				},
				"bone2": {
					"rotation": [12.60443, 7.32123, 1.63219]
				},
				"bone3": {
					"rotation": [5, 0, 0]
				},
				"bone4": {
					"rotation": [5.019, 4.98093, 0.43688]
				},
				"bone6": {
					"rotation": [0, -12.5, 0]
				},
				"bone9": {
					"rotation": [0.53653, 7.44242, 0.0454]
				},
				"bone10": {
					"rotation": [-20, 0, 82.5],
					"position": [-1, 0, 0]
				},
				"bone12": {
					"rotation": [-12.5, 0, 0]
				},
				"bone11": {
					"rotation": [-17.10967, 3.73171, 76.93845],
					"position": {
						"0.0": [0, 0, -1],
						"3.5417": [-1, 0, -1]
					}
				}
			}
		}
	}
}