{
	"format_version": "1.8.0",
	"animations": {
		"animation.geostenbergia.move": {
			"loop": true,
			"animation_length": 2,
			"bones": {
				"bone3": {
					"rotation": {
						"0.0": [7.5, 0, 0],
						"0.8333": [-7.5, 0, 0],
						"1.3333": [2.32, 0, 0],
						"2.0": [7.5, 0, 0]
					}
				},
				"bone4": {
					"rotation": {
						"0.0": [5, 0, 0],
						"1.0": [-2.5, 0, 0],
						"1.3333": [5, 0, 0],
						"2.0": [5, 0, 0]
					}
				},
				"bone8": {
					"rotation": {
						"0.0": [-27.5, 0, 0],
						"1.0": [-2.5, 0, 0],
						"1.5": [-37.5, 0, 0],
						"2.0": [-27.5, 0, 0]
					},
					"position": [0, 0, 0]
				},
				"bone9": {
					"rotation": {
						"0.0": [35, 0, 0],
						"1.0": [5, 0, 0],
						"1.8333": [7.5, 0, 0],
						"2.0": [35, 0, 0]
					},
					"position": [0, 0, 0]
				},
				"bone10": {
					"rotation": {
						"0.0": [0, 0, 0],
						"1.5": [22.5, 0, 0],
						"2.0": [0, 0, 0]
					}
				},
				"bone12": {
					"rotation": {
						"0.0": [-20, 0, 0],
						"1.5": [-45, 0, 0],
						"2.0": [-20, 0, 0]
					}
				},
				"bone13": {
					"rotation": {
						"0.0": [0, 0, 0],
						"2.0": [0, 0, 0]
					}
				},
				"bone20": {
					"rotation": {
						"0.0": [22.5, 0, 0],
						"0.5": [-15, 0, 0],
						"1.0": [2.5, 0, 0],
						"2.0": [22.5, 0, 0]
					}
				},
				"bone21": {
					"rotation": {
						"0.0": [-17.5, 0, 0],
						"0.5": [-25, 0, 0],
						"1.0": [2.5, 0, 0],
						"2.0": [-17.5, 0, 0]
					}
				},
				"bone22": {
					"rotation": {
						"0.0": [2.5, 0, 0],
						"0.5": [37.5, 0, 0],
						"0.7917": [5.69, 0, 0],
						"2.0": [2.5, 0, 0]
					}
				},
				"bone24": {
					"rotation": {
						"0.0": [0, 0, 0],
						"0.5": [-42.5, 0, 0],
						"1.0": [-35, 0, 0],
						"2.0": [0, 0, 0]
					}
				},
				"bone25": {
					"rotation": {
						"0.0": [0, 0, 0],
						"2.0": [0, 0, 0]
					}
				},
				"bone14": {
					"rotation": {
						"0.0": [0, 0, 0],
						"0.5": [-32.5, 0, 0],
						"1.0": [-15, 0, 0],
						"2.0": [0, 0, 0]
					},
					"position": {
						"0.0": [0, 0, 0],
						"0.5": [0, 1.5, 0],
						"1.0": [0, -1, 0],
						"2.0": [0, 0, 0]
					}
				},
				"bone15": {
					"rotation": {
						"0.0": [-2.5, 0, 0],
						"0.5": [30, 0, 0],
						"1.0": [-12.5, 0, 0],
						"2.0": [-2.5, 0, 0]
					}
				},
				"bone16": {
					"rotation": {
						"0.0": [2.5, 0, 0],
						"0.5": [-25, 0, 0],
						"0.8333": [17.5, 0, 0],
						"1.0": [27.5, 0, 0],
						"2.0": [2.5, 0, 0]
					}
				},
				"bone17": {
					"rotation": {
						"0.0": [-10, 0, 0],
						"1.0": [22.5, 0, 0],
						"1.5": [-46.25, 0, 0],
						"2.0": [-10, 0, 0]
					},
					"position": {
						"0.0": [0, -1, 0],
						"1.0": [0, -0.67, 0],
						"1.5": [0, 1, 0],
						"2.0": [0, -1, 0]
					}
				},
				"bone18": {
					"rotation": {
						"0.0": [-17.5, 0, 0],
						"1.0": [7.5, 0, 0],
						"1.5": [45, 0, 0],
						"2.0": [-17.5, 0, 0]
					}
				},
				"bone19": {
					"rotation": {
						"0.0": [27.5, 0, 0],
						"1.0": [-27.5, 0, 0],
						"1.5": [-35, 0, 0],
						"1.8333": [14.17, 0, 0],
						"2.0": [27.5, 0, 0]
					}
				}
			}
		},
		"animation.geostenbergia.landattack": {
			"animation_length": 1,
			"bones": {
				"bone3": {
					"rotation": {
						"0.0": [0, 0, 0],
						"0.3333": [17.5, 0, 0],
						"0.5833": [-26.56, 0, 0],
						"0.8333": [31.88, 0, 0],
						"1.0": [0, 0, 0]
					}
				},
				"bone4": {
					"rotation": {
						"0.0": [0, 0, 0],
						"0.3333": [20, 0, 0],
						"0.5833": [-17.5, 0, 0],
						"0.8333": [25.5, 0, 0],
						"1.0": [0, 0, 0]
					}
				}
			}
		},
		"animation.geostenbergia.fly": {
			"loop": true,
			"animation_length": 2,
			"bones": {
				"bone2": {
					"rotation": {
						"0.0": [50, 0, 0],
						"1.0": [42.5, 0, 0],
						"2.0": [50, 0, 0]
					}
				},
				"bone8": {
					"rotation": {
						"0.0": [1.20742, 89.353, 88.79258],
						"1.0": [88.79667, 57.48064, 176.57038],
						"2.0": [1.20742, 89.353, 88.79258]
					}
				},
				"bone9": {
					"rotation": {
						"0.0": [75, 0, 0],
						"1.0": [75.66499, 4.46375, 16.93839],
						"1.5": [69.76535, 42.9837, -5.05411],
						"2.0": [75, 0, 0]
					}
				},
				"bone10": {
					"rotation": {
						"0.0": [-60, 0, 0],
						"0.25": [-59.7829, -3.24515, -1.86487],
						"1.0": [-59.13252, 12.95254, 7.63074],
						"2.0": [-60, 0, 0]
					}
				},
				"bone12": {
					"rotation": {
						"0.0": [-124.04258, -27.15647, -34.04258],
						"0.25": [-121.44462, -27.76771, -37.38451],
						"1.0": [-132.47283, -1.68868, -1.84373],
						"2.0": [-124.04258, -27.15647, -34.04258]
					},
					"position": [0, 0, -2]
				},
				"bone13": {
					"rotation": {
						"0.0": [0, 0, 0],
						"0.25": [0, -3.12, 0],
						"1.0": [0, -52.5, 0],
						"2.0": [0, 0, 0]
					}
				},
				"bone20": {
					"rotation": {
						"0.0": [0, -90, -85],
						"1.0": [85, -62.5, -175],
						"1.5": [16.7478, -56.13383, -102.35786],
						"2.0": [0, -90, -85]
					}
				},
				"bone21": {
					"rotation": {
						"0.0": [75.01363, -0.64686, -2.41492],
						"0.1667": [75.15649, -0.30737, -1.21911],
						"1.0": [76.35027, -6.27967, -24.24769],
						"2.0": [75.01363, -0.64686, -2.41492]
					}
				},
				"bone22": {
					"rotation": {
						"0.0": [-55, 0, 0],
						"0.1667": [-54.33505, -0.29196, -0.42425],
						"1.0": [-50.29958, -26.11218, -20.07273],
						"2.0": [-55, 0, 0]
					}
				},
				"bone24": {
					"rotation": {
						"0.0": [-125.06695, 25.73828, 31.74297],
						"1.0": [-132.47283, 1.68868, 1.84373],
						"2.0": [-125.06695, 25.73828, 31.74297]
					},
					"position": [-1, 0, -2]
				},
				"bone25": {
					"rotation": {
						"0.0": [0, 0, 0],
						"1.0": [0, 37.5, 0],
						"2.0": [0, 0, 0]
					}
				},
				"bone3": {
					"rotation": {
						"0.0": [-12.5, 0, 0],
						"1.0833": [-20, 0, 0],
						"2.0": [-12.5, 0, 0]
					}
				},
				"bone4": {
					"rotation": {
						"0.0": [-12.5, 0, 0],
						"1.25": [-22.5, 0, 0],
						"2.0": [-12.5, 0, 0]
					}
				},
				"bone14": {
					"rotation": [40, 0, 0],
					"position": {
						"0.0": [0, 3, 0],
						"1.0": [0, 4, 0],
						"2.0": [0, 3, 0]
					}
				},
				"bone16": {
					"rotation": [65, 0, 0]
				},
				"bone17": {
					"rotation": [42.5, 0, 0],
					"position": {
						"0.0": [0, 3, 0],
						"1.0": [0, 4, 0],
						"2.0": [0, 3, 0]
					}
				},
				"bone19": {
					"rotation": [67.5, 0, 0]
				}
			}
		}
	}
}