{
	"format_version": "1.8.0",
	"animations": {
		"animation.inostrancevia.sleep": {
			"loop": true,
			"bones": {
				"bone": {
					"position": [0, -13, 0]
				},
				"bone2": {
					"rotation": [0, 7.5, 5]
				},
				"bone7": {
					"rotation": [19.45802, 25.59012, 4.94193],
					"position": [0, -1, 0]
				},
				"bone8": {
					"rotation": [-7.16165, 17.52441, -1.37105]
				},
				"bone9": {
					"rotation": [2.5, 0, 0]
				},
				"bone10": {
					"rotation": [37.5, 0, 0],
					"position": [0, -10, 0]
				},
				"bone12": {
					"rotation": [-100, 0, 0]
				},
				"bone11": {
					"rotation": [62.46631, -0.9599, 1.44291],
					"position": [0, 0, -1]
				},
				"bone13": {
					"rotation": [30, 0, 0],
					"position": [0, -8, 0]
				},
				"bone14": {
					"rotation": [-82.5, 0, 0]
				},
				"bone15": {
					"rotation": [50, 0, 0],
					"position": [0, 0, -1]
				},
				"bone16": {
					"rotation": [-15, 0, 0],
					"position": [0, -12, 0]
				},
				"bone17": {
					"rotation": [-80, 0, 0],
					"position": [0, 0, -2]
				},
				"bone18": {
					"rotation": [95, 0, 0]
				},
				"bone19": {
					"rotation": [-20, 0, 0],
					"position": [0, -12, 0]
				},
				"bone20": {
					"rotation": [-72.5, 0, 0],
					"position": [0, 0, -2]
				},
				"bone21": {
					"rotation": [92.5, 0, 0],
					"position": [0, 0, 1]
				}
			}
		}
	}
}