{
	"format_version": "1.8.0",
	"animations": {
		"animation.Leedsicthys.swim": {
			"loop": true,
			"animation_length": 4,
			"bones": {
				"bone": {
					"rotation": {
						"0.0": [
							0,
							-5,
							0
						],
						"2.0": [
							0,
							5,
							0
						],
						"4.0": [
							0,
							-5,
							0
						]
					}
				},
				"bone2": {
					"rotation": {
						"0.0": [
							0,
							5,
							0
						],
						"1.8333": [
							0,
							-5,
							0
						],
						"4.0": [
							0,
							5,
							0
						]
					}
				},
				"bone3": {
					"rotation": {
						"0.0": [
							0,
							5,
							0
						],
						"0.25": [
							0,
							5.17,
							0
						],
						"1.875": [
							0,
							-12.5,
							0
						],
						"2.7083": [
							0,
							-8.14,
							0
						],
						"4.0": [
							0,
							5,
							0
						]
					}
				},
				"bone4": {
					"rotation": {
						"0.0": [
							0,
							7.5,
							0
						],
						"0.25": [
							0,
							6.81,
							0
						],
						"1.9583": [
							0,
							-17.5,
							0
						],
						"2.7083": [
							0,
							-10.82,
							0
						],
						"4.0": [
							0,
							7.5,
							0
						]
					}
				},
				"bone6": {
					"rotation": {
						"0.0": [
							0,
							15,
							0
						],
						"0.25": [
							0,
							17.5,
							0
						],
						"1.9583": [
							0,
							15,
							0
						],
						"2.5": [
							0,
							-40,
							0
						],
						"2.7083": [
							0,
							-34.86,
							0
						],
						"4.0": [
							0,
							15,
							0
						]
					}
				}
			}
		},
		"animation.Leedsicthys.attack": {
			"animation_length": 2,
			"bones": {
				"bone": {
					"position": {
						"0.0": [
							0,
							0,
							0
						],
						"1.0": [
							0,
							0,
							5
						],
						"1.7083": [
							0,
							0,
							-6.54
						],
						"2.0": [
							0,
							0,
							0
						]
					}
				},
				"bone2": {
					"rotation": {
						"0.0": [
							0,
							-2.5,
							0
						],
						"1.0": [
							0,
							2.5,
							0
						],
						"2.0": [
							0,
							-2.5,
							0
						]
					}
				},
				"bone3": {
					"rotation": {
						"0.0": [
							0,
							-2.5,
							0
						],
						"1.0833": [
							0,
							2.5,
							0
						],
						"2.0": [
							0,
							-2.5,
							0
						]
					}
				},
				"bone4": {
					"rotation": {
						"0.0": [
							0,
							-2.5,
							0
						],
						"1.125": [
							0,
							5,
							0
						],
						"2.0": [
							0,
							-2.5,
							0
						]
					}
				},
				"bone6": {
					"rotation": {
						"0.0": [
							0,
							0,
							0
						],
						"1.2083": [
							0,
							17.5,
							0
						],
						"2.0": [
							0,
							0,
							0
						]
					}
				}
			}
		}
	}
}