{
	"format_version": "1.8.0",
	"animations": {
		"animation.Postosuchus.new": {
			"loop": true,
			"bones": {
				"bone4": {
					"rotation": [
						0,
						0,
						0
					]
				},
				"bone5": {
					"rotation": [
						10,
						0,
						0
					]
				},
				"bone6": {
					"rotation": [
						15,
						0,
						0
					]
				},
				"bone7": {
					"rotation": [
						22.5,
						0,
						0
					]
				},
				"bone8": {
					"rotation": [
						-18.20194,
						10.83932,
						-16.22737
					]
				},
				"bone9": {
					"rotation": [
						-21.36517,
						-12.36147,
						17.22357
					]
				},
				"bone10": {
					"rotation": [
						40,
						0,
						0
					]
				},
				"bone13": {
					"rotation": [
						-15,
						0,
						0
					]
				},
				"bone14": {
					"rotation": [
						-17.5,
						0,
						0
					]
				},
				"bone15": {
					"rotation": [
						32.5,
						0,
						0
					]
				}
			}
		},
		"animation.postoshuchus.move": {
			"loop": true,
			"animation_length": 2,
			"bones": {
				"bone": {
					"rotation": {
						"0.0": [
							2.5,
							0,
							0
						],
						"1.0": [
							0,
							0,
							0
						],
						"2.0": [
							2.5,
							0,
							0
						]
					},
					"position": {
						"0.0": [
							-1,
							0,
							0
						],
						"1.0": [
							1,
							0,
							0
						],
						"2.0": [
							-1,
							0,
							0
						]
					}
				},
				"bone4": {
					"rotation": {
						"0.0": [
							-5.3594,
							-21.91214,
							1.83456
						],
						"0.1667": [
							0,
							-22.08,
							0
						],
						"1.0": [
							12.5,
							10,
							0
						],
						"2.0": [
							-5,
							-22.5,
							0
						]
					}
				},
				"bone5": {
					"rotation": {
						"0.0": [
							0,
							-15,
							0
						],
						"0.1667": [
							-10,
							7.5,
							0
						],
						"1.0": [
							0,
							17.5,
							0
						],
						"1.25": [
							-12.5,
							-15,
							0
						],
						"2.0": [
							0,
							-12.5,
							0
						]
					}
				},
				"bone6": {
					"rotation": {
						"0.0": [
							0,
							-10,
							0
						],
						"0.1667": [
							0,
							-9.17,
							0
						],
						"1.0": [
							0,
							25,
							0
						],
						"1.25": [
							0,
							21.25,
							0
						],
						"2.0": [
							0,
							-10,
							0
						]
					}
				},
				"bone7": {
					"rotation": {
						"0.0": [
							0,
							-20,
							0
						],
						"0.1667": [
							0,
							-17.5,
							0
						],
						"1.0": [
							0,
							25,
							0
						],
						"1.25": [
							0,
							23.75,
							0
						],
						"2.0": [
							0,
							-20,
							0
						]
					}
				},
				"bone8": {
					"rotation": {
						"0.0": [
							-7.5,
							0,
							0
						],
						"0.3333": [
							-3.33,
							0,
							0
						],
						"1.0": [
							-2.5,
							0,
							0
						],
						"1.25": [
							-6.25,
							0,
							0
						],
						"2.0": [
							-7.5,
							0,
							0
						]
					}
				},
				"bone9": {
					"rotation": {
						"0.0": [
							5,
							0,
							0
						],
						"0.3333": [
							5.83,
							0,
							0
						],
						"1.0": [
							0,
							0,
							0
						],
						"1.25": [
							1.25,
							0,
							0
						],
						"2.0": [
							5,
							0,
							0
						]
					}
				},
				"bone10": {
					"rotation": {
						"0.5": [
							0,
							0,
							0
						],
						"0.625": [
							12.5,
							0,
							0
						],
						"0.7917": [
							0,
							0,
							0
						]
					}
				},
				"bone2": {
					"rotation": {
						"0.0": [
							-32.5,
							0,
							0
						],
						"1.0": [
							10,
							0,
							0
						],
						"1.6667": [
							-48.33,
							0,
							0
						],
						"2.0": [
							-32.5,
							0,
							0
						]
					},
					"position": {
						"0.0": [
							-1,
							0,
							0
						],
						"0.5": [
							-0.5,
							2,
							0
						],
						"1.0": [
							0,
							0,
							0
						],
						"2.0": [
							-1,
							0,
							0
						]
					}
				},
				"bone11": {
					"rotation": {
						"0.0": [
							-15,
							0,
							0
						],
						"1.0": [
							2.5,
							0,
							0
						],
						"1.3333": [
							26.67,
							0,
							0
						],
						"1.6667": [
							15.83,
							0,
							0
						],
						"2.0": [
							-15,
							0,
							0
						]
					}
				},
				"bone12": {
					"rotation": {
						"0.0": [
							50,
							0,
							0
						],
						"1.0": [
							-12.5,
							0,
							0
						],
						"1.3333": [
							60.83,
							0,
							0
						],
						"1.6667": [
							117.92,
							0,
							0
						],
						"1.9167": [
							6.98,
							0,
							0
						],
						"2.0": [
							50,
							0,
							0
						]
					},
					"position": {
						"0.0": [
							0,
							0,
							1
						],
						"1.0": [
							0,
							-1,
							0
						],
						"2.0": [
							0,
							0,
							1
						]
					}
				},
				"bone19": {
					"position": {
						"0.0": [
							-1,
							0,
							0
						],
						"1.0": [
							0,
							0,
							0
						],
						"2.0": [
							-1,
							0,
							0
						]
					}
				},
				"bone13": {
					"rotation": {
						"0.0": [
							0,
							0,
							0
						],
						"0.75": [
							-32.5,
							0,
							0
						],
						"1.0": [
							-20,
							0,
							0
						],
						"2.0": [
							0,
							0,
							0
						]
					}
				},
				"bone14": {
					"rotation": {
						"0.0": [
							0,
							0,
							0
						],
						"0.25": [
							32.5,
							0,
							0
						],
						"0.75": [
							15,
							0,
							0
						],
						"1.0": [
							-20,
							0,
							0
						],
						"2.0": [
							0,
							0,
							0
						]
					}
				},
				"bone15": {
					"rotation": {
						"0.0": [
							0,
							0,
							0
						],
						"0.375": [
							70,
							0,
							0
						],
						"0.5833": [
							100,
							0,
							0
						],
						"0.7917": [
							-2.5,
							0,
							0
						],
						"1.0": [
							40,
							0,
							0
						],
						"2.0": [
							0,
							0,
							0
						]
					}
				},
				"bone16": {
					"position": {
						"0.0": [
							1,
							0,
							0
						],
						"1.0": [
							2,
							0,
							0
						],
						"2.0": [
							1,
							0,
							0
						]
					}
				}
			}
		},
		"animation.Postosuchus.bocejo": {
			"animation_length": 1,
			"bones": {
				"bone8": {
					"rotation": {
						"0.0": [
							0,
							0,
							0
						],
						"0.1667": [
							25,
							0,
							0
						],
						"0.4167": [
							-10,
							0,
							0
						],
						"0.5833": [
							-6.97523,
							-1.54218,
							-12.40601
						],
						"0.7083": [
							-4.83036,
							1.29405,
							18.71519
						],
						"0.8333": [
							-2.83308,
							-0.37264,
							-11.77858
						],
						"1.0": [
							0,
							0,
							0
						]
					}
				},
				"bone9": {
					"rotation": {
						"0.0": [
							0,
							0,
							0
						],
						"0.375": [
							-30,
							0,
							0
						],
						"0.5417": [
							-8.9578,
							0.23104,
							-12.4979
						],
						"0.75": [
							-5.02694,
							-1.20018,
							8.12522
						],
						"0.9167": [
							-1.73161,
							1.04647,
							-7.18684
						],
						"1.0": [
							0,
							0,
							0
						]
					}
				},
				"bone10": {
					"rotation": {
						"0.0": [
							0,
							0,
							0
						],
						"0.375": [
							52.5,
							0,
							0
						],
						"0.5417": [
							-1.03,
							0,
							0
						],
						"0.75": [
							21.94,
							0,
							0
						],
						"0.8333": [
							0.78,
							0,
							0
						],
						"0.9167": [
							15.39,
							0,
							0
						],
						"1.0": [
							0,
							0,
							0
						]
					}
				}
			}
		},
		"animation.postoshuchus.default": {
			"loop": true,
			"animation_length": 2,
			"bones": {
				"bone": {
					"rotation": {
						"0.0": [
							2.5,
							0,
							0
						],
						"1.0": [
							0,
							0,
							0
						],
						"2.0": [
							2.5,
							0,
							0
						]
					}
				},
				"bone4": {
					"rotation": {
						"0.0": [
							2.5,
							-2.5,
							0
						],
						"1.0": [
							-2.5,
							2.5,
							0
						],
						"2.0": [
							2.5,
							-2.5,
							0
						]
					}
				},
				"bone5": {
					"rotation": {
						"0.0": [
							2.5,
							-2.5,
							0
						],
						"1.0": [
							-5,
							2.5,
							0
						],
						"2.0": [
							2.5,
							-2.5,
							0
						]
					}
				},
				"bone6": {
					"rotation": {
						"0.0": [
							7.5,
							-2.5,
							0
						],
						"1.0": [
							0.19821,
							2.05533,
							4.98414
						],
						"2.0": [
							7.5,
							-2.5,
							0
						]
					}
				}
			}
		},
		"animation.postoshuchus.attack": {
			"animation_length": 1,
			"bones": {
				"bone8": {
					"rotation": {
						"0.0": [
							0,
							0,
							0
						],
						"0.25": [
							-40,
							0,
							0
						],
						"0.5": [
							7.55903,
							-3.51022,
							24.76804
						],
						"0.75": [
							4.02383,
							1.08231,
							-27.52005
						],
						"1.0": [
							0,
							0,
							0
						]
					}
				},
				"bone9": {
					"rotation": {
						"0.0": [
							0,
							0,
							0
						],
						"0.2917": [
							-37.5,
							0,
							0
						],
						"0.6667": [
							0.18449,
							-3.70043,
							-11.94794
						],
						"0.8333": [
							-2.76336,
							-7.29079,
							28.72776
						],
						"1.0": [
							0,
							0,
							0
						]
					}
				},
				"bone10": {
					"rotation": {
						"0.0": [
							0,
							0,
							0
						],
						"0.2917": [
							45,
							0,
							0
						],
						"0.5": [
							42.5,
							0,
							0
						],
						"0.7083": [
							-0.21,
							0,
							0
						],
						"1.0": [
							0,
							0,
							0
						]
					}
				}
			}
		}
	}
}