{
	"format_version": "1.8.0",
	"animations": {
		"animation.prionosuchus.move": {
			"loop": true,
			"animation_length": 1,
			"bones": {
				"bone": {
					"rotation": {
						"0.0": [0, 0, 0],
						"0.25": [15, 0, 0],
						"0.7083": [-19.17, 0, 0],
						"1.0": [0, 0, 0]
					},
					"position": {
						"0.0": [0, -1, 0],
						"0.25": [0, -3, 0],
						"0.7083": [0, 7, 0],
						"1.0": [0, -1, 0]
					},
					"scale": [1, 0.9, 1]
				},
				"bone2": {
					"rotation": {
						"0.0": [0, 0, 0],
						"0.3333": [-9.89155, 0.36958, 1.74217],
						"0.6667": [20.05421, 0.18479, 0.8711],
						"1.0": [-0.00002, 0, 0.00003]
					}
				},
				"bone8": {
					"rotation": {
						"0.0": [2.5, 0, 0],
						"0.2917": [-15, 0, 0],
						"0.7917": [12.20437, 0.331, -2.57752],
						"1.0": [2.5, 0, 0]
					}
				},
				"bone3": {
					"rotation": {
						"0.0": [0, 0, 0],
						"0.25": [5, 0, 0],
						"0.75": [-8.33, 0, 0],
						"1.0": [0, 0, 0]
					}
				},
				"bone4": {
					"rotation": {
						"0.0": [0, 0, 0],
						"0.2917": [27.5, 0, 0],
						"0.75": [7.21, 0, 0],
						"1.0": [0, 0, 0]
					}
				},
				"bone5": {
					"rotation": {
						"0.0": [0, 0, 0],
						"0.3333": [27.5, 0, 0],
						"1.0": [0, 0, 0]
					}
				},
				"bone6": {
					"rotation": {
						"0.0": [0, 0, 0],
						"0.3333": [20, 0, 0],
						"1.0": [0, 0, 0]
					}
				},
				"bone25": {
					"rotation": {
						"0.0": [0, 0, 0],
						"0.7083": [25, 0, 0],
						"1.0": [0, 0, 0]
					},
					"position": {
						"0.0": [0, 0, 0],
						"0.25": [0, -3.47, 0],
						"0.7083": [0, 10, 0],
						"1.0": [0, 0, 0]
					}
				},
				"bone26": {
					"rotation": {
						"0.0": [0, 0, 0],
						"0.7083": [45, 0, 0],
						"1.0": [0, 0, 0]
					}
				},
				"bone27": {
					"rotation": {
						"0.0": [0, 0, 0],
						"0.7083": [92.5, 0, 0],
						"1.0": [0, 0, 0]
					}
				},
				"bone10": {
					"rotation": {
						"0.0": [0, 0, 0],
						"0.6667": [35, 0, 0],
						"1.0": [0, 0, 0]
					},
					"position": {
						"0.0": [0, 0, 0],
						"0.25": [0, -4.25, 0],
						"0.6667": [0, 10, 0],
						"1.0": [0, 0, 0]
					}
				},
				"bone11": {
					"rotation": {
						"0.0": [0, 0, 0],
						"0.6667": [40, 0, 0],
						"1.0": [0, 0, 0]
					}
				},
				"bone12": {
					"rotation": {
						"0.0": [0, 0, 0],
						"0.6667": [82.5, 0, 0],
						"1.0": [0, 0, 0]
					}
				},
				"bone37": {
					"rotation": {
						"0.0": [0, 0, 0],
						"0.5": [55.53838, -27.07183, 23.06049],
						"1.0": [0, 0, 0]
					},
					"position": {
						"0.0": [0, 0, 0],
						"0.5": [0, 6, 0],
						"1.0": [0, 0, 0]
					}
				},
				"bone36": {
					"rotation": {
						"0.0": [2.5, 0, 0],
						"0.5": [32.5, 0, 0],
						"1.0": [2.5, 0, 0]
					}
				},
				"bone18": {
					"rotation": {
						"0.0": [0, 0, 0],
						"0.6667": [61.79592, 25.22918, -16.91642],
						"1.0": [0, 0, 0]
					},
					"position": {
						"0.0": [0, 0, 0],
						"0.5": [0, 4, 0],
						"1.0": [0, 0, 0]
					}
				},
				"bone19": {
					"rotation": {
						"0.0": [0, 0, 0],
						"1.0": [0, 0, 0]
					}
				}
			}
		},
		"animation.prionosuchus.default": {
			"loop": true,
			"animation_length": 0.04167,
			"bones": {
				"bone2": {
					"rotation": [27.5, 0, 0]
				},
				"bone8": {
					"rotation": [-15, 0, 0]
				},
				"bone3": {
					"rotation": [-30, 0, 0]
				},
				"bone4": {
					"rotation": [27.5, 0, 0]
				}
			}
		},
		"animation.prionosuchus.swim": {
			"loop": true,
			"animation_length": 1,
			"bones": {
				"bone": {
					"rotation": {
						"0.0": [0, -5, 0],
						"0.5": [0, 10, 0],
						"1.0": [0, -5, 0]
					}
				},
				"bone3": {
					"rotation": {
						"0.0": [0, 2.5, 0],
						"0.25": [0, 18.75, 0],
						"0.5": [0, -10, 0],
						"0.75": [0, -13.75, 0],
						"1.0": [0, 2.5, 0]
					}
				},
				"bone4": {
					"rotation": {
						"0.0": [0, 35, 0],
						"0.25": [0, -28.75, 0],
						"0.5": [0, -22.5, 0],
						"0.75": [0, 28.75, 0],
						"1.0": [0, 35, 0]
					}
				},
				"bone5": {
					"rotation": {
						"0.0": [0, 20, 0],
						"0.5": [0, -35, 0],
						"1.0": [0, 20, 0]
					}
				},
				"bone6": {
					"rotation": {
						"0.0": [0, 20, 0],
						"0.5": [0, -35, 0],
						"1.0": [0, 20, 0]
					}
				},
				"bone7": {
					"rotation": {
						"0.0": [-0.3814, 27.5044, -0.51372],
						"0.5": [-0.27391, -12.49375, -0.25769],
						"1.0": [-0.3015, 27.50579, -0.4562]
					}
				},
				"bone25": {
					"rotation": {
						"0.0": [57.5, 0, 0],
						"1.0": [57.5, 0, 0]
					}
				},
				"bone10": {
					"rotation": {
						"0.0": [55, 0, 0],
						"1.0": [55, 0, 0]
					}
				},
				"bone37": {
					"rotation": {
						"0.0": [65.94521, -30.34003, 45.8016],
						"1.0": [65.94521, -30.34003, 45.8016]
					}
				},
				"bone18": {
					"rotation": {
						"0.0": [67.89915, 3.13498, -16.9399],
						"1.0": [67.77195, 2.67275, -16.39503]
					}
				}
			}
		},
		"animation.prionosuchus.attack": {
			"animation_length": 1,
			"bones": {
				"bone": {
					"rotation": {
						"0.0": [0, -5, 0],
						"0.2917": [7.5, 3.75, 0],
						"0.5": [0, 10, 0],
						"0.7917": [-12.5, 1.25, 0],
						"1.0": [0, -5, 0]
					}
				},
				"bone3": {
					"rotation": {
						"0.0": [0, 2.5, 0],
						"0.25": [0, 18.75, 0],
						"0.5": [0, -10, 0],
						"0.75": [0, -13.75, 0],
						"1.0": [0, 2.5, 0]
					}
				},
				"bone4": {
					"rotation": {
						"0.0": [0, 35, 0],
						"0.25": [0, -28.75, 0],
						"0.5": [0, -22.5, 0],
						"0.75": [0, 28.75, 0],
						"1.0": [0, 35, 0]
					}
				},
				"bone5": {
					"rotation": {
						"0.0": [0, 20, 0],
						"0.5": [0, -35, 0],
						"1.0": [0, 20, 0]
					}
				},
				"bone6": {
					"rotation": {
						"0.0": [0, 20, 0],
						"0.5": [0, -35, 0],
						"1.0": [0, 20, 0]
					}
				},
				"bone7": {
					"rotation": {
						"0.0": [-0.3814, 27.5044, -0.51372],
						"0.5": [-0.27391, -12.49375, -0.25769],
						"1.0": [-0.3015, 27.50579, -0.4562]
					}
				},
				"bone25": {
					"rotation": {
						"0.0": [57.5, 0, 0],
						"1.0": [57.5, 0, 0]
					},
					"position": {
						"0.0": [0, 0, 0],
						"0.7917": [0, 1, 0],
						"1.0": [0, 0, 0]
					}
				},
				"bone10": {
					"rotation": {
						"0.0": [55, 0, 0],
						"1.0": [55, 0, 0]
					},
					"position": {
						"0.0": [0, 0, 0],
						"0.375": [0, -2, 0],
						"0.7917": [0, 2.33, 0],
						"1.0": [0, 0, 0]
					}
				},
				"bone37": {
					"rotation": {
						"0.0": [65.94521, -30.34003, 45.8016],
						"1.0": [65.94521, -30.34003, 45.8016]
					},
					"position": {
						"0.0": [0, 0, 0],
						"0.6667": [0, 2, 0],
						"1.0": [0, 0, 0]
					}
				},
				"bone18": {
					"rotation": {
						"0.0": [67.89915, 3.13498, -16.9399],
						"1.0": [67.77195, 2.67275, -16.39503]
					},
					"position": {
						"0.0": [0, 0, 0],
						"0.5": [0, 2, 0],
						"1.0": [0, 0, 0]
					}
				},
				"bone2": {
					"rotation": {
						"0.0": [0, 0, 0],
						"0.375": [15, 0, 0],
						"0.75": [-36.5, 0, 0],
						"0.9167": [20.33, 0, 0],
						"1.0": [0, 0, 0]
					}
				},
				"bone9": {
					"rotation": {
						"0.0": [0, 0, 0],
						"0.375": [0, 0, 0],
						"0.7083": [25, 0, 0],
						"0.875": [-1.79, 0, 0],
						"1.0": [0, 0, 0]
					}
				}
			}
		},
		"animation.prionosuchus.landattack": {
			"animation_length": 1,
			"bones": {
				"bone2": {
					"rotation": {
						"0.0": [0, 0, 0],
						"0.25": [25, 0, 0],
						"0.6667": [-56.39, 0, 0],
						"0.8333": [19.31, 0, 0],
						"1.0": [0, 0, 0]
					}
				},
				"bone9": {
					"rotation": {
						"0.0": [0, 0, 0],
						"0.25": [0, 0, 0],
						"0.6667": [25, 0, 0],
						"0.875": [-0.62, 0, 0],
						"1.0": [0, 0, 0]
					}
				}
			}
		}
	}
}