{
	"format_version": "1.8.0",
	"animations": {
		"animation.Purusaurus.walk": {
			"loop": true,
			"animation_length": 1,
			"bones": {
				"bone": {
					"rotation": {
						"0.0": [
							0,
							2.5,
							0
						],
						"0.5": [
							0,
							-2.5,
							0
						],
						"1.0": [
							0,
							2.5,
							0
						]
					}
				},
				"bone2": {
					"rotation": {
						"0.0": [
							0,
							22.5,
							0
						],
						"0.3333": [
							0,
							-15,
							0
						],
						"1.0": [
							0,
							22.5,
							0
						]
					}
				},
				"bone3": {
					"rotation": {
						"0.0": [
							0,
							30,
							0
						],
						"0.4167": [
							0,
							-17.5,
							0
						],
						"1.0": [
							0,
							30,
							0
						]
					}
				},
				"bone4": {
					"rotation": {
						"0.0": [
							0,
							25,
							0
						],
						"0.6667": [
							0,
							-15,
							0
						],
						"1.0": [
							0,
							25,
							0
						]
					}
				},
				"bone5": {
					"rotation": {
						"0.0": [
							0,
							25,
							0
						],
						"0.875": [
							0,
							-22.5,
							0
						],
						"1.0": [
							0,
							25,
							0
						]
					}
				},
				"bone11": {
					"rotation": {
						"0.0": [
							45.70201,
							-24.16291,
							17.49411
						],
						"0.25": [
							-21.79799,
							-24.16291,
							17.49411
						],
						"0.5": [
							5.70201,
							-24.16291,
							17.49411
						],
						"1.0": [
							45.70201,
							-24.16291,
							17.49411
						]
					},
					"position": [
						-3,
						0,
						0
					]
				},
				"bone12": {
					"rotation": {
						"0.0": [
							0,
							0,
							0
						],
						"0.25": [
							17.5,
							0,
							0
						],
						"1.0": [
							0,
							0,
							0
						]
					}
				},
				"bone14": {
					"rotation": {
						"0.0": [
							-42.5,
							0,
							0
						],
						"0.25": [
							55,
							0,
							0
						],
						"0.4167": [
							-20.83,
							0,
							0
						],
						"0.5": [
							-2.5,
							0,
							0
						],
						"1.0": [
							-42.5,
							0,
							0
						]
					},
					"position": {
						"0.0": [
							0,
							0,
							-2
						],
						"0.25": [
							0,
							0,
							2.5
						],
						"0.4167": [
							0,
							0,
							-0.83
						],
						"0.5": [
							0,
							0,
							-1
						],
						"0.6667": [
							0,
							0,
							-0.33
						],
						"1.0": [
							0,
							0,
							-2
						]
					}
				},
				"bone17": {
					"rotation": [
						0,
						0,
						0
					],
					"position": [
						0,
						0,
						0
					]
				},
				"bone18": {
					"rotation": {
						"0.0": [
							-9.29799,
							24.16291,
							-17.49411
						],
						"0.5": [
							45.70201,
							24.16291,
							-17.49411
						],
						"0.75": [
							-19.29799,
							24.16291,
							-17.49411
						],
						"1.0": [
							-9.29799,
							24.16291,
							-17.49411
						]
					},
					"position": {
						"0.0": [
							4,
							-2,
							0
						],
						"0.5": [
							4,
							-1,
							0
						],
						"0.75": [
							4,
							1.5,
							0
						],
						"1.0": [
							4,
							-2,
							0
						]
					}
				},
				"bone19": {
					"rotation": {
						"0.0": [
							-7.5,
							0,
							0
						],
						"0.5": [
							10,
							0,
							0
						],
						"0.75": [
							38.43339,
							1.53822,
							-4.21699
						],
						"1.0": [
							-7.5,
							0,
							0
						]
					}
				},
				"bone21": {
					"rotation": {
						"0.0": [
							25,
							0,
							0
						],
						"0.5": [
							-50,
							0,
							0
						],
						"0.75": [
							42.5,
							0,
							0
						],
						"0.9167": [
							-19.17,
							0,
							0
						],
						"1.0": [
							25,
							0,
							0
						]
					},
					"position": {
						"0.0": [
							0,
							0,
							0
						],
						"0.5": [
							0,
							0,
							-3
						],
						"0.75": [
							0,
							0,
							1.5
						],
						"0.9167": [
							0,
							0,
							-1.5
						],
						"1.0": [
							0,
							0,
							0
						]
					}
				},
				"bone25": {
					"rotation": {
						"0.0": [
							18.10368,
							8.66911,
							-0.50143
						],
						"0.25": [
							-51.10737,
							7.18197,
							5.78603
						],
						"0.5": [
							-22.81843,
							5.69484,
							12.07348
						],
						"1.0": [
							18.4828,
							9.941,
							-1.2146
						]
					},
					"position": {
						"0.0": [
							0,
							-2,
							0
						],
						"1.0": [
							0,
							-2,
							0
						]
					}
				},
				"bone26": {
					"rotation": {
						"0.0": [
							30,
							0,
							0
						],
						"0.25": [
							-20,
							0,
							0
						],
						"0.5": [
							-10,
							0,
							0
						],
						"1.0": [
							30,
							0,
							0
						]
					}
				},
				"bone27": {
					"rotation": {
						"0.0": [
							-42.5,
							0,
							0
						],
						"0.25": [
							112.5,
							0,
							0
						],
						"0.4167": [
							11.67,
							0,
							0
						],
						"0.5": [
							40,
							0,
							0
						],
						"1.0": [
							-45,
							0,
							0
						]
					}
				},
				"bone32": {
					"rotation": {
						"0.0": [
							-20,
							0,
							0
						],
						"0.5": [
							15,
							0,
							0
						],
						"1.0": [
							-20,
							0,
							0
						]
					}
				},
				"bone33": {
					"rotation": {
						"0.0": [
							0,
							0,
							0
						],
						"0.5": [
							27.5,
							0,
							0
						],
						"0.75": [
							-31.25,
							0,
							0
						],
						"1.0": [
							0,
							0,
							0
						]
					}
				},
				"bone34": {
					"rotation": {
						"0.0": [
							29.97569,
							-0.10401,
							-0.33418
						],
						"0.5": [
							-32.5,
							0,
							0
						],
						"0.75": [
							81.25,
							0,
							0
						],
						"0.9167": [
							14.58,
							0,
							0
						],
						"1.0": [
							30,
							0,
							0
						]
					}
				}
			}
		},
		"animation.Purusaurus.swim": {
			"loop": true,
			"animation_length": 4,
			"bones": {
				"bone": {
					"rotation": {
						"0.0": [
							0,
							-5,
							0
						],
						"2.0": [
							0,
							5,
							0
						],
						"4.0": [
							0,
							-5,
							0
						]
					}
				},
				"bone2": {
					"rotation": {
						"0.0": [
							0,
							15,
							0
						],
						"1.0": [
							0,
							-15.56,
							0
						],
						"1.75": [
							0,
							-11.61,
							0
						],
						"4.0": [
							0,
							15,
							0
						]
					}
				},
				"bone3": {
					"rotation": {
						"0.0": [
							0,
							12.5,
							0
						],
						"1.8333": [
							0,
							-15,
							0
						],
						"4.0": [
							0,
							12.5,
							0
						]
					}
				},
				"bone4": {
					"rotation": {
						"0.0": [
							0,
							17.5,
							0
						],
						"1.9167": [
							0,
							-10,
							0
						],
						"4.0": [
							0,
							17.5,
							0
						]
					}
				},
				"bone5": {
					"rotation": {
						"0.0": [
							0,
							20,
							0
						],
						"1.9167": [
							0,
							20,
							0
						],
						"2.5": [
							0,
							-30,
							0
						],
						"3.5833": [
							0,
							-34.17,
							0
						],
						"4.0": [
							0,
							20,
							0
						]
					}
				},
				"bone6": {
					"rotation": {
						"0.0": [
							0,
							12.5,
							0
						],
						"2.0": [
							0,
							-20,
							0
						],
						"4.0": [
							0,
							12.5,
							0
						]
					}
				},
				"bone11": {
					"rotation": [
						59.69731,
						-26.648,
						19.34915
					]
				},
				"bone14": {
					"rotation": [
						109.6841,
						14.54697,
						2.82461
					],
					"position": [
						0,
						0,
						4
					]
				},
				"bone18": {
					"rotation": [
						65.03584,
						41.99368,
						-22.85828
					]
				},
				"bone21": {
					"rotation": [
						77.5,
						0,
						0
					],
					"position": [
						0,
						0,
						3
					]
				},
				"bone25": {
					"rotation": [
						25,
						0,
						0
					]
				},
				"bone26": {
					"rotation": [
						35,
						0,
						0
					]
				},
				"bone27": {
					"rotation": [
						122.5,
						0,
						0
					]
				},
				"bone39": {
					"rotation": [
						22.5,
						0,
						0
					]
				},
				"bone40": {
					"rotation": [
						37.5,
						0,
						0
					]
				},
				"bone41": {
					"rotation": [
						107.5,
						0,
						0
					]
				},
				"bone32": {
					"rotation": [
						30,
						0,
						0
					]
				},
				"bone33": {
					"rotation": [
						35,
						0,
						0
					]
				},
				"bone34": {
					"rotation": [
						112.5,
						0,
						0
					]
				}
			}
		},
		"animation.Purusaurus.attack_water": {
			"animation_length": 4,
			"bones": {
				"bone": {
					"rotation": {
						"0.0": [
							0,
							-5,
							0
						],
						"2.0": [
							0,
							5,
							0
						],
						"4.0": [
							0,
							-5,
							0
						]
					}
				},
				"bone2": {
					"rotation": {
						"0.0": [
							0,
							15,
							0
						],
						"1.0": [
							0,
							-15.56,
							0
						],
						"1.75": [
							0,
							-11.61,
							0
						],
						"4.0": [
							0,
							15,
							0
						]
					}
				},
				"bone3": {
					"rotation": {
						"0.0": [
							0,
							12.5,
							0
						],
						"1.8333": [
							0,
							-15,
							0
						],
						"4.0": [
							0,
							12.5,
							0
						]
					}
				},
				"bone4": {
					"rotation": {
						"0.0": [
							0,
							17.5,
							0
						],
						"1.9167": [
							0,
							-10,
							0
						],
						"4.0": [
							0,
							17.5,
							0
						]
					}
				},
				"bone5": {
					"rotation": {
						"0.0": [
							0,
							20,
							0
						],
						"1.9167": [
							0,
							20,
							0
						],
						"2.5": [
							0,
							-30,
							0
						],
						"3.5833": [
							0,
							-34.17,
							0
						],
						"4.0": [
							0,
							20,
							0
						]
					}
				},
				"bone6": {
					"rotation": {
						"0.0": [
							-10,
							12.5,
							0
						],
						"0.4167": [
							-17.91667,
							5.72917,
							0
						],
						"0.6667": [
							2.41228,
							1.66667,
							0
						],
						"1.0": [
							17.30965,
							-3.75033,
							0
						],
						"1.0833": [
							11.65844,
							-5.10417,
							0
						],
						"2.0": [
							0,
							-20,
							0
						],
						"3.0": [
							-5,
							-3.75,
							0
						],
						"4.0": [
							-10,
							12.5,
							0
						]
					}
				},
				"bone11": {
					"rotation": [
						59.69731,
						-26.648,
						19.34915
					]
				},
				"bone14": {
					"rotation": [
						109.6841,
						14.54697,
						2.82461
					],
					"position": [
						0,
						0,
						4
					]
				},
				"bone18": {
					"rotation": [
						65.03584,
						41.99368,
						-22.85828
					]
				},
				"bone21": {
					"rotation": [
						77.5,
						0,
						0
					],
					"position": [
						0,
						0,
						3
					]
				},
				"bone25": {
					"rotation": [
						25,
						0,
						0
					]
				},
				"bone26": {
					"rotation": [
						35,
						0,
						0
					]
				},
				"bone27": {
					"rotation": [
						122.5,
						0,
						0
					]
				},
				"bone39": {
					"rotation": [
						22.5,
						0,
						0
					]
				},
				"bone40": {
					"rotation": [
						37.5,
						0,
						0
					]
				},
				"bone41": {
					"rotation": [
						107.5,
						0,
						0
					]
				},
				"bone32": {
					"rotation": [
						30,
						0,
						0
					]
				},
				"bone33": {
					"rotation": [
						35,
						0,
						0
					]
				},
				"bone34": {
					"rotation": [
						112.5,
						0,
						0
					]
				},
				"bone10": {
					"rotation": {
						"0.0": [
							32.5,
							0,
							0
						],
						"0.4167": [
							20,
							0,
							0
						],
						"0.6667": [
							10,
							0,
							0
						],
						"1.0833": [
							0,
							0,
							0
						],
						"1.5": [
							-0.43,
							0,
							0
						],
						"3.0": [
							32.5,
							0,
							0
						],
						"4.0": [
							32.5,
							0,
							0
						]
					}
				}
			}
		},
		"animation.Purusaurus.attack": {
			"animation_length": 1.5,
			"bones": {
				"bone6": {
					"rotation": {
						"0.0": [
							0,
							0,
							0
						],
						"0.3333": [
							-24.19042,
							-1.46267,
							-5.88227
						],
						"0.7083": [
							21.08507,
							-0.99253,
							-3.99154
						],
						"1.5": [
							0,
							0,
							0
						]
					}
				},
				"bone7": {
					"rotation": {
						"0.0": [
							-2.5,
							0,
							0
						],
						"0.25": [
							-25,
							0,
							0
						],
						"0.5833": [
							21.11,
							0,
							0
						],
						"0.875": [
							19.94631,
							41.58723,
							19.02118
						],
						"1.125": [
							20.58956,
							-36.91113,
							-17.25925
						],
						"1.5": [
							-2.334,
							0,
							0
						]
					}
				},
				"bone10": {
					"rotation": {
						"0.0": [
							0,
							0,
							0
						],
						"0.25": [
							52.5,
							0,
							0
						],
						"0.5417": [
							16.46,
							0,
							0
						],
						"0.5833": [
							9.15128,
							0.9229,
							-2.32352
						],
						"0.625": [
							0.10957,
							-0.48234,
							0.5175
						],
						"0.7917": [
							0.64915,
							1.06163,
							1.59193
						],
						"0.8333": [
							-0.22658,
							-0.64769,
							-0.60292
						],
						"0.875": [
							-0.10567,
							-0.05681,
							2.34816
						],
						"0.9167": [
							1.57016,
							-1.88122,
							3.51402
						],
						"0.9583": [
							0.7787,
							-0.19327,
							3.3589
						],
						"1.0": [
							19.98724,
							1.49469,
							3.20379
						],
						"1.0417": [
							3.12904,
							0.10196,
							2.98535
						],
						"1.0833": [
							4.50406,
							0.79888,
							-0.51765
						],
						"1.1667": [
							7.67809,
							4.44651,
							0.17418
						],
						"1.5": [
							20.71319,
							0.33737,
							-0.33993
						]
					},
					"position": {
						"0.0": [
							0,
							0,
							2
						],
						"0.625": [
							0,
							0,
							0
						]
					}
				}
			}
		},
		"animation.Purusaurus.resting": {
			"loop": true,
			"animation_length": 7.95833,
			"bones": {
				"bone": {
					"position": {
						"0.0": [
							0,
							-4,
							0
						],
						"4.9583": [
							0,
							-4,
							0
						]
					}
				},
				"bone2": {
					"rotation": [
						0,
						20,
						0
					]
				},
				"bone3": {
					"rotation": [
						0,
						35,
						0
					]
				},
				"bone4": {
					"rotation": [
						0,
						22.5,
						0
					]
				},
				"bone5": {
					"rotation": [
						0,
						35,
						0
					]
				},
				"bone6": {
					"rotation": [
						7.5,
						0,
						0
					]
				},
				"bone7": {
					"rotation": [
						-27.5,
						0,
						0
					]
				},
				"bone18": {
					"rotation": [
						-17.5,
						0,
						0
					],
					"position": [
						0,
						-1,
						-2
					]
				},
				"bone19": {
					"rotation": [
						15,
						0,
						0
					]
				},
				"bone33": {
					"rotation": [
						-22.5,
						0,
						0
					]
				},
				"bone34": {
					"rotation": [
						25,
						0,
						0
					]
				},
				"bone26": {
					"rotation": [
						-20,
						0,
						0
					]
				},
				"bone27": {
					"rotation": [
						20,
						0,
						0
					]
				},
				"bone11": {
					"rotation": [
						-17.5,
						0,
						0
					],
					"position": [
						0,
						-2,
						-2
					]
				},
				"bone12": {
					"rotation": [
						17.5,
						0,
						0
					]
				},
				"bone25": {
					"position": [
						0,
						-2,
						0
					]
				},
				"bone32": {
					"position": [
						0,
						-2,
						0
					]
				},
				"bone10": {
					"rotation": [
						30,
						0,
						0
					]
				}
			}
		},
		"animation.Purusaurus.idle": {
			"loop": true,
			"animation_length": 1,
			"bones": {
				"bone": {
					"rotation": {
						"0.0": [
							0,
							0,
							0
						],
						"0.0417": [
							-0.42,
							0,
							0
						],
						"0.5": [
							-2.5,
							0,
							0
						],
						"1.0": [
							0,
							0,
							0
						]
					}
				},
				"bone2": {
					"rotation": {
						"0.0": [
							0,
							-7.5,
							0
						],
						"0.5": [
							0,
							7.5,
							0
						],
						"1.0": [
							0,
							-7.5,
							0
						]
					}
				},
				"bone3": {
					"rotation": {
						"0.0": [
							0,
							-2.5,
							0
						],
						"0.5": [
							0,
							2.5,
							0
						],
						"1.0": [
							0,
							-2.5,
							0
						]
					}
				},
				"bone4": {
					"rotation": {
						"0.0": [
							0,
							-2.5,
							0
						],
						"0.5": [
							0,
							2.5,
							0
						],
						"1.0": [
							0,
							-2.5,
							0
						]
					}
				},
				"bone5": {
					"rotation": {
						"0.0": [
							0,
							-2.5,
							0
						],
						"0.5": [
							0,
							2.5,
							0
						],
						"1.0": [
							0,
							-2.5,
							0
						]
					},
					"position": [
						0,
						0,
						0
					]
				},
				"bone10": {
					"rotation": {
						"0.0": [
							2.5,
							0,
							0
						],
						"0.5": [
							0,
							0,
							0
						],
						"0.875": [
							2.5,
							0,
							0
						]
					}
				}
			}
		}
	}
}