{
	"format_version": "1.8.0",
	"animations": {
		"animation.pycnonemossauro.move": {
			"loop": true,
			"animation_length": 2,
			"bones": {
				"bone": {
					"rotation": {
						"0.0": [2.49786, 0.09183, 0.0494],
						"1.0": [-2.50214, 0.09183, 0.0494],
						"2.0": [2.49786, 0.09183, 0.0494]
					}
				},
				"bone2": {
					"rotation": {
						"0.0": [2.5, 0, 0],
						"0.5": [5.63, 0, 0],
						"1.0": [-1.25, 0, 0],
						"1.5417": [5.78, 0, 0],
						"2.0": [2.5, 0, 0]
					}
				},
				"bone3": {
					"rotation": {
						"0.0": [0, 0, 0],
						"0.5": [-7.5, 0, 0],
						"1.0": [5, 0, 0],
						"1.5417": [7.29, 0, 0],
						"2.0": [0, 0, 0]
					}
				},
				"bone7": {
					"rotation": {
						"0.0": [0, 10, 0],
						"0.5": [0, -18.75, 0],
						"1.0": [0, -12.5, 0],
						"1.5": [0, 13.75, 0],
						"2.0": [0, 10, 0]
					}
				},
				"bone8": {
					"rotation": {
						"0.0": [0, 17.5, 0],
						"0.5": [0, 16.25, 0],
						"1.0": [0, -15, 0],
						"1.5": [0, -21.25, 0],
						"2.0": [0, 17.5, 0]
					}
				},
				"bone9": {
					"rotation": {
						"0.0": [0.21541, 12.48872, -0.46347],
						"0.5": [0.22291, 13.7387, -0.45725],
						"1.0": [0.21775, -15.01109, -0.56645],
						"1.5": [0.23234, -21.26104, -0.59445],
						"2.0": [0.21541, 12.48872, -0.46347]
					}
				},
				"bone10": {
					"rotation": {
						"0.0": [0, 15, 0],
						"0.5": [0, 13.75, 0],
						"1.0": [0, -7.5, 0],
						"1.5": [0, -11.25, 0],
						"2.0": [0, 15, 0]
					}
				},
				"bone11": {
					"rotation": {
						"0.0": [0, 7.5, 0],
						"0.5": [0, 17.5, 0],
						"1.0": [0, -12.5, 0],
						"1.5": [0, -12.5, 0],
						"2.0": [0, 7.5, 0]
					}
				},
				"bone12": {
					"rotation": {
						"0.0": [0, 12.5, 0],
						"0.5": [0, 17.5, 0],
						"1.0": [0, -17.5, 0],
						"1.5": [0, -22.5, 0],
						"2.0": [0, 12.5, 0]
					}
				},
				"bone13": {
					"rotation": {
						"0.0": [-7.49362, 0.17365, -0.26771],
						"1.0": [12.50638, 0.17365, -0.26771],
						"2.0": [-7.49362, 0.17365, -0.26771]
					}
				},
				"bone14": {
					"rotation": {
						"0.0": [-22.5, 0, 0],
						"1.0": [-7.5, 0, 0],
						"1.5": [12.5, 0, 0],
						"2.0": [-22.5, 0, 0]
					}
				},
				"bone15": {
					"rotation": {
						"0.0": [0, 0, 0],
						"1.0": [17.5, 0, 0],
						"1.5": [-43.75, 0, 0],
						"2.0": [0, 0, 0]
					}
				},
				"bone16": {
					"rotation": {
						"0.0": [30, 0, 0],
						"1.0": [-20, 0, 0],
						"1.5": [60, 0, 0],
						"1.8333": [7.5, 0, 0],
						"2.0": [30, 0, 0]
					}
				},
				"bone17": {
					"rotation": {
						"0.0": [12.5, 0, 0],
						"0.5": [-22.5, 0, 0],
						"1.0": [-7.5, 0, 0],
						"2.0": [12.5, 0, 0]
					}
				},
				"bone18": {
					"rotation": {
						"0.0": [0, 0, 0],
						"0.5": [13.75, 0, 0],
						"1.0": [-22.5, 0, 0],
						"2.0": [0, 0, 0]
					}
				},
				"bone19": {
					"rotation": {
						"0.0": [0, 0, 0],
						"0.5": [-36.12277, 0.95771, -0.22106],
						"1.0": [-7.24555, 1.91542, -0.44212],
						"2.0": [0, 0, 0]
					}
				},
				"bone20": {
					"rotation": {
						"0.0": [-10, 0, 0],
						"0.5": [75, 0, 0],
						"0.8333": [1.67, 0, 0],
						"1.0": [40, 0, 0],
						"2.0": [-10, 0, 0]
					}
				}
			}
		},
		"animation.pycnonemossauro.sleep": {
			"loop": true,
			"animation_length": 0.04167,
			"bones": {
				"bone": {
					"rotation": [0, 0, -65],
					"position": [0, -17, 0]
				},
				"bone2": {
					"rotation": [-5.66435, 19.80105, -2.19042]
				},
				"bone3": {
					"rotation": [0, 5, 15]
				},
				"bone7": {
					"rotation": [-9.06627, -13.59136, -30.39921],
					"position": [0, -3, 0]
				},
				"bone8": {
					"rotation": [-15.97567, 7.32301, 0.65702]
				},
				"bone9": {
					"rotation": [-17.5, 0, 0]
				},
				"bone13": {
					"rotation": [19.7771, -6.32218, -81.41271],
					"position": [-6, -11, 0]
				},
				"bone14": {
					"rotation": [-2.44534, -2.82726, 9.33733]
				},
				"bone15": {
					"rotation": [0, 0, 15]
				},
				"bone16": {
					"rotation": [67.5, 0, 15]
				},
				"bone17": {
					"rotation": [0, 0, -85],
					"position": [6, -22, 0]
				}
			}
		},
		"animation.pycnonemossauro.default": {
			"loop": true,
			"animation_length": 2,
			"bones": {
				"bone": {
					"position": {
						"0.0": [0, -1, 0],
						"1.0": [0, 0, 0],
						"2.0": [0, -1, 0]
					}
				},
				"bone7": {
					"rotation": {
						"0.0": [0, 10, 0],
						"0.5": [0, -13.75, 0],
						"1.0": [0, -17.5, 0],
						"1.5": [0, 8.75, 0],
						"2.0": [0, 10, 0]
					}
				},
				"bone8": {
					"rotation": {
						"0.0": [0, 17.5, 0],
						"0.5": [0, 12.5, 0],
						"1.0": [0, -15, 0],
						"1.5": [0, -17.5, 0],
						"2.0": [0, 17.5, 0]
					}
				},
				"bone9": {
					"rotation": {
						"0.0": [0, 12.5, 0],
						"0.5": [0, 13.75, 0],
						"1.0": [0, -5, 0],
						"1.5": [0, -26.25, 0],
						"2.0": [0, 12.5, 0]
					}
				},
				"bone10": {
					"rotation": {
						"0.0": [0, 12.5, 0],
						"0.5": [0, 11.25, 0],
						"1.0": [0, -10, 0],
						"1.5": [0, -16.25, 0],
						"2.0": [0, 12.5, 0]
					}
				},
				"bone11": {
					"rotation": {
						"0.0": [0, 12.5, 0],
						"0.5": [0, 11.25, 0],
						"1.0": [0, -15, 0],
						"1.5": [0, -21.25, 0],
						"2.0": [0, 12.5, 0]
					}
				},
				"bone12": {
					"rotation": {
						"0.0": [0, 10, 0],
						"0.5": [0, 8.75, 0],
						"1.0": [0, -27.5, 0],
						"1.5": [0.00001, -26.25, 0],
						"2.0": [0, 10, 0]
					}
				}
			}
		},
		"animation.pycnonemossauro.landattack": {
			"animation_length": 1,
			"bones": {
				"bone": {
					"rotation": {
						"0.0": [0, 0, 0],
						"0.25": [15, 0, 0],
						"0.6667": [-25.83, 0, 0],
						"0.8333": [12.09, 0, 0],
						"1.0": [0, 0, 0]
					}
				},
				"bone2": {
					"rotation": {
						"0.0": [0, 0, 0],
						"0.2917": [17.48386, 0.19992, 0.20559],
						"0.6667": [-24.2723, 0.09408, 0.09675],
						"0.875": [20.89789, 0.03528, 0.03628],
						"1.0": [0, 0, 0]
					}
				},
				"bone3": {
					"rotation": {
						"0.0": [0, 0, 0],
						"0.3333": [27.5, 0, 0],
						"0.7083": [-45.47, 0, 0],
						"0.8333": [16.52, 0, 0],
						"1.0": [0, 0, 0]
					}
				},
				"bone4": {
					"rotation": {
						"0.0": [0, 0, 0],
						"0.3333": [0, 0, 0],
						"0.5833": [57.5, 0, 0],
						"0.8333": [-1.61401, 3.56469, -3.48915],
						"1.0": [0, 0, 0]
					}
				}
			}
		}
	}
}