{
	"format_version": "1.8.0",
	"animations": {
		"animation.sarcosushus.swim": {
			"loop": true,
			"animation_length": 4,
			"bones": {
				"bone": {
					"rotation": {
						"0.0": [
							0,
							-2.5,
							0
						],
						"2.0": [
							0,
							2.5,
							0
						],
						"4.0": [
							0,
							-2.5,
							0
						]
					}
				},
				"bone2": {
					"rotation": {
						"0.0": [
							0,
							15,
							0
						],
						"0.25": [
							0,
							15.94,
							0
						],
						"2.0": [
							0,
							-17.5,
							0
						],
						"2.5": [
							0,
							-14.37,
							0
						],
						"4.0": [
							0,
							15,
							0
						]
					}
				},
				"bone3": {
					"rotation": {
						"0.0": [
							0,
							32.5,
							0
						],
						"0.25": [
							0,
							33.75,
							0
						],
						"2.0": [
							0,
							-17.5,
							0
						],
						"2.5": [
							0,
							-12.5,
							0
						],
						"4.0": [
							0,
							32.5,
							0
						]
					}
				},
				"bone4": {
					"rotation": {
						"0.0": [
							0,
							27.5,
							0
						],
						"0.25": [
							-0.00001,
							29.0625,
							0
						],
						"2.0": [
							0,
							-20,
							0
						],
						"2.5": [
							0,
							-18.12,
							0
						],
						"4.0": [
							0,
							27.5,
							0
						]
					}
				},
				"bone5": {
					"rotation": {
						"0.0": [
							0,
							30,
							0
						],
						"0.25": [
							0,
							28.13,
							0
						],
						"2.0": [
							0,
							-25,
							0
						],
						"2.5": [
							0,
							-23.75,
							0
						],
						"4.0": [
							0,
							30,
							0
						]
					}
				},
				"bone6": {
					"rotation": {
						"0.0": [
							0,
							22.5,
							0
						],
						"0.25": [
							0,
							23.44,
							0
						],
						"2.0": [
							0,
							-30,
							0
						],
						"2.5": [
							0,
							-24.37,
							0
						],
						"4.0": [
							0,
							22.5,
							0
						]
					}
				},
				"bone7": {
					"rotation": {
						"0.0": [
							0,
							-2.5,
							0
						],
						"2.0": [
							0,
							12.5,
							0
						],
						"4.0": [
							0,
							-2.5,
							0
						]
					}
				},
				"bone8": {
					"rotation": {
						"0.0": [
							0,
							-2.5,
							0
						],
						"2.0": [
							0,
							10,
							0
						],
						"4.0": [
							0,
							-2.5,
							0
						]
					}
				},
				"bone18": {
					"rotation": [
						105.92439,
						43.13966,
						-29.72202
					]
				},
				"bone21": {
					"rotation": [
						60,
						0,
						0
					]
				},
				"bone11": {
					"rotation": [
						106.24084,
						-37.23964,
						36.11287
					]
				},
				"bone14": {
					"rotation": [
						54.81174,
						-0.56613,
						4.41547
					]
				},
				"bone25": {
					"rotation": [
						45,
						0,
						0
					]
				},
				"bone26": {
					"rotation": [
						25,
						0,
						0
					]
				},
				"bone27": {
					"rotation": [
						82.5,
						0,
						0
					]
				},
				"bone10": {
					"rotation": [
						40.16833,
						4.65105,
						19.94964
					]
				},
				"bone32": {
					"rotation": [
						27.5,
						0,
						0
					]
				},
				"bone33": {
					"rotation": [
						70,
						0,
						0
					]
				}
			}
		},
		"animation.sarcosushus.move": {
			"loop": true,
			"animation_length": 2,
			"bones": {
				"bone": {
					"rotation": [
						0,
						0,
						0
					],
					"position": {
						"0.0": [
							0,
							0,
							0
						],
						"1.0": [
							0,
							1,
							0
						],
						"2.0": [
							0,
							0,
							0
						]
					}
				},
				"bone2": {
					"rotation": {
						"0.0": [
							0,
							-10,
							0
						],
						"1.0": [
							0,
							7.5,
							0
						],
						"2.0": [
							0,
							-10,
							0
						]
					}
				},
				"bone3": {
					"rotation": {
						"0.0": [
							0,
							-10,
							0
						],
						"1.0": [
							0,
							17.5,
							0
						],
						"2.0": [
							0,
							-10,
							0
						]
					}
				},
				"bone4": {
					"rotation": {
						"0.0": [
							0,
							-12.5,
							0
						],
						"1.0": [
							0,
							15,
							0
						],
						"2.0": [
							0,
							-12.5,
							0
						]
					}
				},
				"bone5": {
					"rotation": {
						"0.0": [
							0,
							-5,
							0
						],
						"1.0": [
							0,
							15,
							0
						],
						"2.0": [
							0,
							-5,
							0
						]
					}
				},
				"bone6": {
					"rotation": {
						"0.0": [
							0,
							-17.5,
							0
						],
						"1.0": [
							0,
							30,
							0
						],
						"2.0": [
							0,
							-17.5,
							0
						]
					}
				},
				"bone18": {
					"rotation": {
						"0.0": [
							40.70201,
							24.16291,
							-17.49411
						],
						"0.5": [
							1.53217,
							22.68112,
							-50.0215
						],
						"0.7083": [
							-17.63132,
							24.16291,
							-17.49411
						],
						"1.0": [
							0.70201,
							24.16291,
							-17.49411
						],
						"2.0": [
							40.70201,
							24.16291,
							-17.49411
						]
					},
					"position": {
						"0.0": [
							0,
							1,
							0
						],
						"0.5": [
							0,
							3,
							0
						],
						"1.0": [
							0,
							-0.67,
							0
						],
						"2.0": [
							0,
							1,
							0
						]
					}
				},
				"bone19": {
					"rotation": {
						"0.0": [
							17.5,
							0,
							0
						],
						"0.25": [
							48.13,
							0,
							0
						],
						"1.0": [
							-10,
							0,
							0
						],
						"2.0": [
							17.5,
							0,
							0
						]
					}
				},
				"bone21": {
					"rotation": {
						"0.0": [
							-55,
							0,
							0
						],
						"0.25": [
							34.38,
							0,
							0
						],
						"0.7083": [
							56.01,
							0,
							0
						],
						"0.875": [
							-23.85,
							0,
							0
						],
						"1.0": [
							12.5,
							0,
							0
						],
						"2.0": [
							-55,
							0,
							0
						]
					},
					"position": {
						"0.0": [
							0,
							0,
							2
						],
						"0.5": [
							0,
							0,
							1.5
						],
						"1.0": [
							0,
							0,
							-1
						],
						"1.5": [
							0,
							0,
							1.5
						],
						"2.0": [
							0,
							0,
							2
						]
					}
				},
				"bone11": {
					"rotation": {
						"0.0": [
							2.03526,
							-26.82648,
							20.00463
						],
						"1.0": [
							19.53351,
							-26.88876,
							19.98149
						],
						"1.5": [
							10.41284,
							-29.22979,
							37.32189
						],
						"2.0": [
							2.03175,
							-26.95104,
							19.95835
						]
					},
					"position": {
						"0.0": [
							0,
							0,
							0
						],
						"1.0": [
							0,
							0,
							0
						],
						"1.5": [
							0,
							5,
							0
						],
						"2.0": [
							0,
							0,
							0
						]
					}
				},
				"bone12": {
					"rotation": {
						"0.0": [
							-2.5,
							0,
							0
						],
						"1.0": [
							25,
							0,
							0
						],
						"1.3333": [
							50.83,
							0,
							0
						],
						"1.75": [
							-20,
							0,
							0
						],
						"2.0": [
							-2.5,
							0,
							0
						]
					}
				},
				"bone14": {
					"rotation": {
						"0.0": [
							0,
							0,
							0
						],
						"1.0": [
							-40,
							0,
							0
						],
						"1.3333": [
							29.95117,
							0.28624,
							10.62782
						],
						"1.6667": [
							70.16226,
							0.17615,
							6.5402
						],
						"1.875": [
							-38.76831,
							0.10734,
							3.98543
						],
						"2.0": [
							0,
							0,
							0
						]
					}
				},
				"bone25": {
					"rotation": {
						"0.0": [
							20,
							0,
							0
						],
						"0.25": [
							18.9192,
							-0.18035,
							-3.44442
						],
						"0.5": [
							14.82163,
							-4.09101,
							23.64886
						],
						"1.0": [
							-17.5,
							0,
							0
						],
						"2.0": [
							20,
							0,
							0
						]
					},
					"position": {
						"0.0": [
							0,
							0,
							0
						],
						"0.5": [
							0,
							3,
							0
						],
						"1.0": [
							0,
							0,
							0
						]
					}
				},
				"bone26": {
					"rotation": {
						"0.0": [
							17.5,
							0,
							0
						],
						"0.25": [
							38.75,
							0,
							0
						],
						"0.75": [
							-15.42,
							0,
							0
						],
						"1.0": [
							2.5,
							0,
							0
						],
						"2.0": [
							17.5,
							0,
							0
						]
					}
				},
				"bone27": {
					"rotation": {
						"0.0": [
							-27.5,
							0,
							0
						],
						"0.25": [
							25.0031,
							0.03809,
							0.02098
						],
						"0.75": [
							63.34262,
							0.11428,
							0.06293
						],
						"0.875": [
							-7.76746,
							0.12698,
							0.06992
						],
						"1.0": [
							22.51238,
							0.15238,
							0.0839
						],
						"2.0": [
							-27.47523,
							0.30475,
							0.1678
						]
					}
				},
				"bone10": {
					"rotation": {
						"0.0": [
							0,
							0,
							0
						],
						"1.0": [
							17.5,
							0,
							0
						],
						"1.5": [
							17.24218,
							5.44249,
							-28.24816
						],
						"2.0": [
							0,
							0,
							0
						]
					},
					"position": {
						"0.0": [
							0,
							0,
							0
						],
						"1.0": [
							0,
							0,
							0
						],
						"1.5": [
							0,
							2,
							0
						],
						"2.0": [
							0,
							0,
							0
						]
					}
				},
				"bone32": {
					"rotation": {
						"0.0": [
							0,
							0,
							0
						],
						"1.0": [
							20,
							0,
							0
						],
						"1.25": [
							42.5,
							0,
							0
						],
						"1.75": [
							-25.83,
							0,
							0
						],
						"2.0": [
							0,
							0,
							0
						]
					}
				},
				"bone33": {
					"rotation": {
						"0.0": [
							0,
							0,
							0
						],
						"1.0": [
							-30,
							0,
							0
						],
						"1.25": [
							47.5,
							0,
							0
						],
						"1.75": [
							75.83,
							0,
							0
						],
						"1.875": [
							-4.36933,
							-3.94494,
							-0.90932
						],
						"2.0": [
							0,
							0,
							0
						]
					}
				}
			}
		},
		"animation.sarcosushus.attack": {
			"animation_length": 1,
			"bones": {
				"bone": {
					"rotation": {
						"0.0": [
							0,
							0,
							0
						],
						"0.3333": [
							-10,
							0,
							0
						],
						"1.0": [
							0,
							0,
							0
						]
					}
				},
				"bone7": {
					"rotation": {
						"0.0": [
							0,
							0,
							0
						],
						"0.3333": [
							-19.02753,
							12.23087,
							12.53336
						],
						"0.5": [
							0.76357,
							11.00757,
							17.71445
						],
						"0.6667": [
							11.91686,
							8.67297,
							-22.90219
						],
						"0.875": [
							5.49397,
							0.58657,
							21.31289
						],
						"1.0": [
							0,
							0,
							0
						]
					}
				},
				"bone8": {
					"rotation": {
						"0.0": [
							0,
							0,
							0
						],
						"0.3333": [
							-22.28217,
							2.57594,
							9.6658
						],
						"0.5": [
							33.85656,
							13.52232,
							-14.87579
						],
						"0.75": [
							16.87263,
							-6.97082,
							22.08975
						],
						"1.0": [
							0,
							0,
							0
						]
					}
				},
				"bone9": {
					"rotation": {
						"0.0": [
							0,
							0,
							0
						],
						"0.3333": [
							25,
							0,
							0
						],
						"0.5": [
							-1.25,
							0,
							0
						],
						"1.0": [
							0,
							0,
							0
						]
					}
				}
			}
		},
		"animation.sarcosushus.default": {
			"loop": true,
			"animation_length": 1,
			"bones": {
				"bone": {
					"rotation": {
						"0.0": [
							2.5,
							0,
							0
						],
						"0.5": [
							0,
							0,
							0
						],
						"1.0": [
							2.5,
							0,
							0
						]
					}
				},
				"bone2": {
					"rotation": {
						"0.0": [
							0,
							2.5,
							0
						],
						"0.5": [
							0,
							0,
							0
						],
						"1.0": [
							0,
							2.5,
							0
						]
					}
				},
				"bone3": {
					"rotation": {
						"0.0": [
							0,
							2.5,
							0
						],
						"0.5": [
							0,
							0,
							0
						],
						"1.0": [
							0,
							2.5,
							0
						]
					}
				},
				"bone4": {
					"rotation": {
						"0.0": [
							0,
							2.5,
							0
						],
						"0.5": [
							0,
							0,
							0
						],
						"1.0": [
							0,
							2.5,
							0
						]
					}
				},
				"bone5": {
					"rotation": {
						"0.0": [
							0,
							2.5,
							0
						],
						"0.5": [
							0,
							0,
							0
						],
						"1.0": [
							0,
							2.5,
							0
						]
					}
				},
				"bone6": {
					"rotation": {
						"0.0": [
							0,
							2.5,
							0
						],
						"0.5": [
							0,
							0,
							0
						],
						"1.0": [
							0,
							2.5,
							0
						]
					}
				},
				"bone9": {
					"rotation": {
						"0.0": [
							2.5,
							0,
							0
						],
						"0.5": [
							0,
							0,
							0
						],
						"1.0": [
							2.5,
							0,
							0
						]
					}
				}
			}
		}
	}
}