{
	"format_version": "1.8.0",
	"animations": {
		"animation.suchomimus.move": {
			"loop": true,
			"animation_length": 2,
			"bones": {
				"bone": {
					"rotation": {
						"0.0": [5, 0, 0],
						"1.0": [0, 0, 0],
						"2.0": [5, 0, 0]
					},
					"position": {
						"0.0": [0, 0, 0],
						"1.0": [0, -1, 0],
						"2.0": [0, 0, 0]
					}
				},
				"bone2": {
					"rotation": {
						"0.0": [0, 10, 0],
						"0.5": [0, -2.5, 0],
						"1.0": [0, -5, 0],
						"2.0": [0, 10, 0]
					}
				},
				"bone3": {
					"rotation": {
						"0.0": [0, 20, 0],
						"0.5": [0, 12.5, 0],
						"1.0": [0, -10, 0],
						"1.5": [0, 12.5, 0],
						"2.0": [0, 20, 0]
					}
				},
				"bone4": {
					"rotation": {
						"0.0": [0, 12.5, 0],
						"0.5": [0, 17.5, 0],
						"1.0": [0, -17.5, 0],
						"1.5": [0, -15, 0],
						"2.0": [0, 12.5, 0]
					}
				},
				"bone5": {
					"rotation": {
						"0.0": [0, 17.5, 2.5],
						"0.5": [0, 16.25, 2.5],
						"1.0": [0, -25, 2.5],
						"1.5": [0, -21.25, 2.5],
						"2.0": [0, 17.5, 2.5]
					}
				},
				"bone12": {
					"rotation": {
						"0.0": [15, 0, 0],
						"0.5": [-13.75, 0, 0],
						"1.0": [-2.5, 0, 0],
						"2.0": [15, 0, 0]
					},
					"position": {
						"0.0": [0, 0, 2],
						"0.25": [0, 1, 2],
						"0.5": [0, 0.86, 2],
						"1.0": [0, -0.09, 0],
						"2.0": [0, 0, 2]
					}
				},
				"bone13": {
					"rotation": {
						"0.0": [0, 0, 0],
						"0.5": [16.25, 0, 0],
						"1.0": [-32.5, 0, 0],
						"2.0": [0, 0, 0]
					}
				},
				"bone14": {
					"rotation": {
						"0.0": [0, 0, 0],
						"0.5": [-28.75, 0, 0],
						"1.0": [22.5, 0, 0],
						"1.5": [-26.25, 0, 0],
						"2.0": [0, 0, 0]
					}
				},
				"bone15": {
					"rotation": {
						"0.0": [-12.29207, -2.19591, -0.40282],
						"0.5": [102.70793, -2.19591, -0.40282],
						"0.8333": [-16.51771, -11.17457, -1.67437],
						"1.0": [12.70793, -2.19591, -0.40282],
						"1.5": [34.64078, -8.7633, -1.76739],
						"2.0": [-12.29207, -2.19591, -0.40282]
					}
				},
				"bone16": {
					"rotation": {
						"0.0": [2.5, 0, 0],
						"1.0": [25, 0, 0],
						"2.0": [2.5, 0, 0]
					},
					"position": {
						"0.0": [0, 0, 0],
						"1.0": [0, 0, 2],
						"1.25": [0, 2, 1.5],
						"1.5": [0, 3.33, 1],
						"2.0": [0, 0, 0]
					}
				},
				"bone17": {
					"rotation": {
						"0.0": [-27.5, 0, 0],
						"1.0": [-10, 0, 0],
						"1.5": [6.25, 0, 0],
						"2.0": [-27.5, 0, 0]
					}
				},
				"bone19": {
					"rotation": {
						"0.0": [25, 0, 0],
						"0.5": [43.75, 0, 0],
						"1.0": [-17.5, 0, 0],
						"1.5": [86.25, 0, 0],
						"1.8333": [-7.08, 0, 0],
						"2.0": [25, 0, 0]
					}
				},
				"bone18": {
					"rotation": {
						"0.0": [0, 0, 0],
						"0.5": [-36.25, 0, 0],
						"1.0": [2.5, 0, 0],
						"1.5": [-37.5, 0, 0],
						"2.0": [0, 0, 0]
					}
				}
			}
		},
		"animation.suchomimus.default": {
			"loop": true,
			"animation_length": 2,
			"bones": {
				"bone": {
					"rotation": {
						"0.0": [2.5, 0, 0],
						"1.0": [0, 0, 0],
						"2.0": [2.5, 0, 0]
					},
					"position": {
						"0.0": [0, 0, 0],
						"1.0": [0, 1, 0],
						"2.0": [0, 0, 0]
					}
				},
				"bone2": {
					"rotation": {
						"0.0": [0, 20, 0],
						"0.5": [0, -12.5, 0],
						"1.0": [0, -5, 0],
						"2.0": [0, 20, 0]
					}
				},
				"bone3": {
					"rotation": {
						"0.0": [0, 12.5, 0],
						"0.5": [0, 10, 0],
						"1.0": [0, -2.5, 0],
						"1.5": [0, -7.5, 0],
						"2.0": [0, 12.5, 0]
					}
				},
				"bone4": {
					"rotation": {
						"0.0": [0, 12.5, 0],
						"0.5": [0, 12.5, 0],
						"1.0": [0, -12.5, 0],
						"1.5": [0, -12.5, 0],
						"2.0": [0, 12.5, 0]
					}
				},
				"bone5": {
					"rotation": {
						"0.0": [0, 15, 0],
						"0.5": [0, 12.5, 0],
						"1.0": [0, -20, 0],
						"1.5": [0, -15, 0],
						"2.0": [0, 15, 0]
					}
				},
				"bone7": {
					"rotation": {
						"0.0": [2.5, 0, 0],
						"0.5": [-2.5, 0, 0],
						"1.0": [-2.5, 0, 0],
						"1.5": [-2.5, 0, 0],
						"2.0": [2.5, 0, 0]
					}
				},
				"bone8": {
					"rotation": {
						"0.0": [2.5, 0, 0],
						"0.5": [2.5, 0, 0],
						"1.0": [-2.5, 0, 0],
						"1.5": [2.5, 0, 0],
						"2.0": [2.5, 0, 0]
					}
				},
				"bone10": {
					"rotation": {
						"0.0": [-5, 0, 0],
						"1.0": [0, 0, 0],
						"2.0": [-5, 0, 0]
					}
				},
				"bone11": {
					"rotation": {
						"1.125": [0, 0, 0],
						"1.1875": [0, 0, 0],
						"1.25": [0, 0, 0],
						"1.3125": [0, 0, 0],
						"1.375": [0, 0, 0]
					}
				}
			}
		},
		"animation.suchomimus.landattack": {
			"animation_length": 1,
			"bones": {
				"bone": {
					"rotation": {
						"0.0": [0, 0, 0],
						"0.3333": [12.5, 0, 0],
						"0.5833": [-19.69, 0, 0],
						"1.0": [0, 0, 0]
					}
				},
				"bone2": {
					"rotation": {
						"0.0": [0, 0, 0],
						"0.3333": [17.5, 0, 0],
						"0.625": [-7.66, 0, 0],
						"1.0": [0, 0, 0]
					}
				},
				"bone3": {
					"rotation": {
						"0.0": [0, 0, 0],
						"0.25": [-15, 0, 0],
						"0.4583": [15, 0, 0],
						"0.625": [-11.56, 0, 0],
						"1.0": [0, 0, 0]
					}
				},
				"bone4": {
					"rotation": {
						"0.0": [0, 0, 0],
						"0.25": [-18.75, 0, 0],
						"0.4583": [12.5, 0, 0],
						"0.625": [-2.97, 0, 0],
						"1.0": [0, 0, 0]
					}
				},
				"bone5": {
					"rotation": {
						"0.0": [0, 0, 0],
						"0.3333": [15, 0, 0],
						"0.625": [-19.06, 0, 0],
						"1.0": [0, 0, 0]
					}
				},
				"bone11": {
					"rotation": {
						"0.0": [-0.01527, -0.1423, 0.23338],
						"0.1667": [34.98473, -0.1423, 0.23338],
						"0.8333": [-0.01527, -0.1423, 0.23338],
						"1.0": [-0.01527, -0.1423, 0.23338]
					}
				},
				"bone20": {
					"rotation": {
						"0.0": [0, 0, 0],
						"0.2083": [0, 0, 0],
						"0.375": [-45, 0, 32.5],
						"0.5833": [-22.21552, -22.42176, -20.54307],
						"0.8333": [0, 0, 0],
						"1.0": [0, 0, 0]
					}
				},
				"bone26": {
					"rotation": {
						"0.0": [0, 0, 0],
						"0.2083": [0, 0, 0],
						"0.5": [-30, 0, -32.5],
						"0.7083": [-7.74599, 0.72703, 21.86385],
						"0.875": [0, 0, 0],
						"1.0": [0, 0, 0]
					}
				}
			}
		},
		"animation.suchomimus.swim": {
			"loop": true,
			"animation_length": 2,
			"bones": {
				"bone": {
					"rotation": {
						"0.0": [0, 5, 0],
						"1.0": [0, -5, 0],
						"2.0": [0, 5, 0]
					}
				},
				"bone2": {
					"rotation": {
						"0.0": [0, -5, 0],
						"0.5": [0, 6.25, 0],
						"1.0": [0, 7.5, 0],
						"1.5": [0, -1.25, 0],
						"2.0": [0, -5, 0]
					}
				},
				"bone3": {
					"rotation": {
						"0.0": [0, -7.5, 0],
						"0.5": [0, -8.75, 0],
						"1.0": [0, 5, 0],
						"1.5": [0, 3.75, 0],
						"2.0": [0, -7.5, 0]
					}
				},
				"bone4": {
					"rotation": {
						"0.0": [0, -7.5, 0],
						"0.5": [0.56894, -7.34762, -1.87655],
						"1.0": [0, 2.5, 0],
						"1.5": [0, 5, 0],
						"2.0": [0, -7.5, 0]
					}
				},
				"bone5": {
					"rotation": {
						"0.0": [0, -10, 0],
						"0.5": [0.11842, -16.22818, -0.29869],
						"1.0": [0.0088, 17.48555, 0.1918],
						"1.5": [0.01304, 8.72833, 0.28472],
						"2.0": [0.01704, -10.0289, 0.37536]
					}
				},
				"bone7": {
					"rotation": {
						"0.0": [20.07031, -4.69776, -1.71394],
						"1.0": [20.64219, 6.9821, 2.72166],
						"2.0": [20.07031, -4.69776, -1.71394]
					},
					"position": [0, 0, 0]
				},
				"bone8": {
					"rotation": [30, 0, 0]
				},
				"bone9": {
					"rotation": [-40, 0, 0]
				},
				"bone10": {
					"rotation": {
						"0.0": [-12.54624, -4.88119, 1.08482],
						"1.0": [-12.51153, 2.4407, -0.54143],
						"2.0": [-12.54624, -4.88119, 1.08482]
					}
				},
				"bone21": {
					"rotation": [57.5, 0, 0],
					"position": [0, 0, -2]
				},
				"bone27": {
					"rotation": [57.5, 0, 0],
					"position": [0, -1, -1]
				},
				"bone12": {
					"rotation": {
						"0.0": [60, 0, 0],
						"1.0": [32.5, 0, 0],
						"2.0": [60, 0, 0]
					}
				},
				"bone13": {
					"rotation": {
						"0.0": [25, 0, 0],
						"1.0": [5, 0, 0],
						"2.0": [25, 0, 0]
					}
				},
				"bone14": {
					"rotation": [10, 0, 0]
				},
				"bone15": {
					"rotation": {
						"0.0": [100, 0, 0],
						"1.0": [35, 0, 0],
						"2.0": [100, 0, 0]
					}
				},
				"bone16": {
					"rotation": {
						"0.0": [50, 0, 0],
						"1.0": [87.5, 0, 0],
						"2.0": [50, 0, 0]
					}
				},
				"bone17": {
					"rotation": {
						"0.0": [7.5, 0, 0],
						"1.0": [-10, 0, 0],
						"2.0": [7.5, 0, 0]
					}
				},
				"bone19": {
					"rotation": {
						"0.0": [32.5, 0, 0],
						"1.0": [112.5, 0, 0],
						"2.0": [32.5, 0, 0]
					}
				},
				"bone18": {
					"rotation": [17.5, 0, 0]
				}
			}
		},
		"animation.suchomimus.attack": {
			"animation_length": 2,
			"bones": {
				"bone": {
					"rotation": {
						"0.0": [0, 5, 0],
						"1.0": [0, -5, 0],
						"2.0": [0, 5, 0]
					}
				},
				"bone2": {
					"rotation": {
						"0.0": [0, -5, 0],
						"0.5": [0, 6.25, 0],
						"1.0": [0, 7.5, 0],
						"1.5": [0, -1.25, 0],
						"2.0": [0, -5, 0]
					}
				},
				"bone3": {
					"rotation": {
						"0.0": [0, -7.5, 0],
						"0.5": [0, -8.75, 0],
						"1.0": [0, 5, 0],
						"1.5": [0, 3.75, 0],
						"2.0": [0, -7.5, 0]
					}
				},
				"bone4": {
					"rotation": {
						"0.0": [0, -7.5, 0],
						"0.5": [0.56894, -7.34762, -1.87655],
						"1.0": [0, 2.5, 0],
						"1.5": [0, 5, 0],
						"2.0": [0, -7.5, 0]
					}
				},
				"bone5": {
					"rotation": {
						"0.0": [0, -10, 0],
						"0.5": [0.11842, -16.22818, -0.29869],
						"1.0": [0.0088, 17.48555, 0.1918],
						"1.5": [0.01304, 8.72833, 0.28472],
						"2.0": [0.01704, -10.0289, 0.37536]
					}
				},
				"bone7": {
					"rotation": {
						"0.0": [20.07031, -4.69776, -1.71394],
						"0.3": [-4.75813, -1.1938, -0.38326],
						"0.8": [35.88496, 4.64613, 1.83454],
						"1.0": [20.64219, 6.9821, 2.72166],
						"1.1": [16.81112, 5.7952, 2.63889],
						"1.2": [7.98005, 4.60831, 2.55611],
						"1.3": [3.24134, 3.44505, 2.02235],
						"2.0": [20.07031, -4.69776, -1.71394]
					}
				},
				"bone8": {
					"rotation": {
						"0.0": [30, 0, 0],
						"0.3": [15, 0, 0],
						"0.5": [30, 0, 0],
						"0.9": [37.5, 0, 0]
					}
				},
				"bone9": {
					"rotation": [-40, 0, 0]
				},
				"bone10": {
					"rotation": {
						"0.0": [-12.54624, -4.88119, 1.08482],
						"1.0": [-12.51153, 2.4407, -0.54143],
						"2.0": [-12.54624, -4.88119, 1.08482]
					}
				},
				"bone21": {
					"rotation": [57.5, 0, 0],
					"position": [0, 0, -2]
				},
				"bone27": {
					"rotation": [57.5, 0, 0],
					"position": [0, -1, -1]
				},
				"bone12": {
					"rotation": {
						"0.0": [60, 0, 0],
						"1.0": [32.5, 0, 0],
						"2.0": [60, 0, 0]
					}
				},
				"bone13": {
					"rotation": {
						"0.0": [25, 0, 0],
						"1.0": [5, 0, 0],
						"2.0": [25, 0, 0]
					}
				},
				"bone14": {
					"rotation": [10, 0, 0]
				},
				"bone15": {
					"rotation": {
						"0.0": [100, 0, 0],
						"1.0": [35, 0, 0],
						"2.0": [100, 0, 0]
					}
				},
				"bone16": {
					"rotation": {
						"0.0": [50, 0, 0],
						"1.0": [87.5, 0, 0],
						"2.0": [50, 0, 0]
					}
				},
				"bone17": {
					"rotation": {
						"0.0": [7.5, 0, 0],
						"1.0": [-10, 0, 0],
						"2.0": [7.5, 0, 0]
					}
				},
				"bone19": {
					"rotation": {
						"0.0": [32.5, 0, 0],
						"1.0": [112.5, 0, 0],
						"2.0": [32.5, 0, 0]
					}
				},
				"bone18": {
					"rotation": [17.5, 0, 0]
				},
				"bone11": {
					"rotation": {
						"0.0": [0, 0, 0],
						"0.3": [20, 0, 0],
						"0.8": [5, 0, 0],
						"1.2": [0, 0, 0]
					}
				}
			}
		},
		"animation.suchomimus.sleep": {
			"loop": true,
			"bones": {
				"bone": {
					"rotation": [7.57872, 10.33092, 1.54031],
					"position": [0, -16, 0]
				},
				"bone2": {
					"rotation": [-12.67995, -12.39135, 1.6575]
				},
				"bone3": {
					"rotation": [-2.5, -12.5, 0]
				},
				"bone4": {
					"rotation": [0, -17.5, 0]
				},
				"bone5": {
					"rotation": [0, -15, 0]
				},
				"bone6": {
					"rotation": [0, -7.5, 0]
				},
				"bone7": {
					"rotation": [33.19489, 2.23575, 10.35538],
					"position": [0, 0, 0]
				},
				"bone8": {
					"rotation": [27.86082, 8.86042, 4.65468]
				},
				"bone9": {
					"rotation": [0, 17.5, 0],
					"position": [0, 0, -1]
				},
				"bone10": {
					"rotation": [0, 22.5, 0]
				},
				"bone20": {
					"rotation": [-45, 0, 0]
				},
				"bone21": {
					"rotation": [-27.5, 0, 0]
				},
				"bone26": {
					"rotation": [-37.5, 0, 0]
				},
				"bone27": {
					"rotation": [-32.5, 0, 0]
				},
				"bone12": {
					"rotation": [-61.0146, 17.66046, 9.54013],
					"position": [0, -17, 0]
				},
				"bone13": {
					"rotation": [90, 0, -10],
					"position": [0, 0, 1]
				},
				"bone14": {
					"rotation": [-91.70206, 1.89577, 0.55908]
				},
				"bone15": {
					"rotation": [62.5, 0, 0],
					"position": [0, 0, -1]
				},
				"bone16": {
					"rotation": [-57.84456, -9.00348, 0.21125],
					"position": [0, -16, 0]
				},
				"bone17": {
					"rotation": [102.5, 0, 0],
					"position": [0, 0, 1]
				},
				"bone18": {
					"rotation": [-57.5, 0, 0]
				},
				"bone19": {
					"rotation": [5, 0, 0]
				}
			}
		}
	}
}