{
	"format_version": "1.8.0",
	"animations": {
		"animation.tiktaalik.sleep": {
			"loop": true,
			"bones": {
				"tiktaalik": {
					"rotation": [0, 0, 0],
					"position": [0, -1, 0]
				},
				"bone": {
					"rotation": [2.47864, 0.32621, -7.49294]
				},
				"bone2": {
					"rotation": [-10.17586, 12.93937, -2.61218]
				},
				"bone3": {
					"rotation": [-2.56062, 12.48791, -0.55404]
				},
				"bone4": {
					"rotation": [0, 15, 0]
				},
				"Neck": {
					"rotation": [7.67995, -12.39135, -1.6575]
				},
				"Head": {
					"rotation": [0, -7.5, 0]
				},
				"bone8": {
					"rotation": [0, 0, -22.5]
				},
				"bone12": {
					"rotation": [0, 0, -35]
				},
				"bone14": {
					"rotation": [0, 0, -47.5]
				},
				"bone15": {
					"rotation": [0, 0, -20]
				},
				"bone10": {
					"rotation": [-18.80206, -4.03294, -33.21334]
				},
				"bone11": {
					"rotation": [0, 0, -15]
				}
			}
		}
	}
}