{
	"format_version": "1.8.0",
	"animations": {
		"animation.tsaangan.sleep": {
			"loop": true,
			"bones": {
				"bone": {
					"position": [0, -13, 0]
				},
				"bone2": {
					"rotation": [-12.68664, -9.76061, 2.18558]
				},
				"bone3": {
					"rotation": [-5.3191, -19.92066, 1.81693]
				},
				"bone4": {
					"rotation": [2.5, -55, 0]
				},
				"bone5": {
					"rotation": [50.497, 18.69924, 15.91903]
				},
				"bone6": {
					"rotation": [25.27088, 68.94237, 16.75042],
					"position": [-1, 0, -1]
				},
				"bone9": {
					"rotation": [7.17342, -1.6541, -13.76459]
				},
				"bone10": {
					"rotation": [-57.5, 0, 0]
				},
				"bone11": {
					"rotation": [-40, 0, 0],
					"position": [0, -1, 1]
				},
				"bone13": {
					"rotation": [0, 0, 27.5]
				},
				"bone14": {
					"rotation": [-55, 0, 0]
				},
				"bone15": {
					"rotation": [-40, 0, 0],
					"position": [0, -1, 1]
				},
				"bone16": {
					"rotation": [-45, 0, 0],
					"position": [0, -12, 0]
				},
				"bone18": {
					"rotation": [60, 0, 0]
				},
				"bone20": {
					"rotation": [-85, 0, 0]
				},
				"bone21": {
					"rotation": [57.5, 0, 0]
				},
				"bone23": {
					"rotation": [-75, 0, 0],
					"position": [0, -12, 0]
				},
				"bone24": {
					"rotation": [52.5, 0, 0]
				},
				"bone26": {
					"rotation": [-40, 0, 0]
				},
				"bone27": {
					"rotation": [58.94216, 2.92019, 11.56604]
				}
			}
		}
	}
}