{
	"format_version": "1.8.0",
	"animations": {
		"animation.tupandactylus.fly": {
			"loop": true,
			"animation_length": 2,
			"bones": {
				"bone": {
					"rotation": {
						"0.0": {
							"post": [27.41063, -2.30644, 4.43745],
							"lerp_mode": "catmullrom"
						},
						"1.0": {
							"post": [14.94548, 1.29256, -4.83045],
							"lerp_mode": "catmullrom"
						},
						"2.0": {
							"post": [27.41063, -2.30644, 4.43745],
							"lerp_mode": "catmullrom"
						}
					},
					"position": {
						"0.0": {
							"post": [0, -1, 1],
							"lerp_mode": "catmullrom"
						},
						"1.0": {
							"post": [0, 2, -1],
							"lerp_mode": "catmullrom"
						},
						"2.0": {
							"post": [0, -1, 1],
							"lerp_mode": "catmullrom"
						}
					}
				},
				"bone2": {
					"rotation": {
						"0.0": {
							"post": [-20, 0, 0],
							"lerp_mode": "catmullrom"
						},
						"1.0": {
							"post": [-5.28388, 0.84441, 1.91686],
							"lerp_mode": "catmullrom"
						},
						"2.0": {
							"post": [-20, 0, 0],
							"lerp_mode": "catmullrom"
						}
					}
				},
				"bone23": {
					"rotation": {
						"0.0": {
							"post": [-15, 0, 0],
							"lerp_mode": "catmullrom"
						},
						"1.0": {
							"post": [2.5, 0, 0],
							"lerp_mode": "catmullrom"
						},
						"2.0": {
							"post": [-15, 0, 0],
							"lerp_mode": "catmullrom"
						}
					}
				},
				"bone4": {
					"rotation": {
						"0.0": {
							"post": [-20.59502, -12.02063, -104.81456],
							"lerp_mode": "catmullrom"
						},
						"0.5": {
							"post": [-30.02681, -27.75743, -64.83427],
							"lerp_mode": "catmullrom"
						},
						"1.0": {
							"post": [-23.58601, 2.53421, -70.0355],
							"lerp_mode": "catmullrom"
						},
						"1.5": {
							"post": [-22.09261, 11.07962, -93.34324],
							"lerp_mode": "catmullrom"
						},
						"2.0": {
							"post": [-20.59502, -12.02063, -104.81456],
							"lerp_mode": "catmullrom"
						}
					}
				},
				"bone5": {
					"rotation": {
						"0.0": {
							"post": [32.09854, 6.19175, -11.97075],
							"lerp_mode": "catmullrom"
						},
						"0.5": {
							"post": [33.31556, -16.47812, -6.42497],
							"lerp_mode": "catmullrom"
						},
						"1.0": {
							"post": [32.02839, -6.51366, 12.46865],
							"lerp_mode": "catmullrom"
						},
						"1.5": {
							"post": [33.16405, 16.00074, 9.58976],
							"lerp_mode": "catmullrom"
						},
						"2.0": {
							"post": [32.09854, 6.19175, -11.97075],
							"lerp_mode": "catmullrom"
						}
					}
				},
				"bone6": {
					"rotation": {
						"0.0": {
							"post": [-27.37739, -1.93597, -7.24721],
							"lerp_mode": "catmullrom"
						},
						"0.5": {
							"post": [-27.31632, -10.4304, 9.53137],
							"lerp_mode": "catmullrom"
						},
						"1.0": {
							"post": [-26.83501, 4.46375, 16.93839],
							"lerp_mode": "catmullrom"
						},
						"1.5": {
							"post": [-27.27013, 9.45085, 3.40017],
							"lerp_mode": "catmullrom"
						},
						"2.0": {
							"post": [-27.37739, -1.93597, -7.24721],
							"lerp_mode": "catmullrom"
						}
					}
				},
				"bone8": {
					"rotation": {
						"0.0": {
							"post": [-106.7084, 5.51941, -20.35687],
							"lerp_mode": "catmullrom"
						},
						"1.0": {
							"post": [-94.28756, -14.54128, 35.11305],
							"lerp_mode": "catmullrom"
						},
						"1.5": {
							"post": [-98.45391, 5.97988, 15.31543],
							"lerp_mode": "catmullrom"
						},
						"2.0": {
							"post": [-106.7084, 5.51941, -20.35687],
							"lerp_mode": "catmullrom"
						}
					}
				},
				"bone9": {
					"rotation": {
						"0.0": {
							"post": [-28.07555, 11.0311, 107.2339],
							"lerp_mode": "catmullrom"
						},
						"0.5": {
							"post": [-32.32697, 27.551, 69.59354],
							"lerp_mode": "catmullrom"
						},
						"1.0": {
							"post": [-28.48124, -9.84655, 70.00476],
							"lerp_mode": "catmullrom"
						},
						"1.5": {
							"post": [-29.09572, -14.93671, 95.87859],
							"lerp_mode": "catmullrom"
						},
						"2.0": {
							"post": [-28.07555, 11.0311, 107.2339],
							"lerp_mode": "catmullrom"
						}
					}
				},
				"bone10": {
					"rotation": {
						"0.0": {
							"post": [31.40319, -7.98133, 15.62489],
							"lerp_mode": "catmullrom"
						},
						"0.5": {
							"post": [32.5157, 12.45638, 8.70395],
							"lerp_mode": "catmullrom"
						},
						"1.0": {
							"post": [32.14233, 4.59902, -8.88927],
							"lerp_mode": "catmullrom"
						},
						"1.5": {
							"post": [32.82708, -15.52948, -4.67614],
							"lerp_mode": "catmullrom"
						},
						"2.0": {
							"post": [31.40319, -7.98133, 15.62489],
							"lerp_mode": "catmullrom"
						}
					}
				},
				"bone11": {
					"rotation": {
						"0.0": {
							"post": [-33.44102, 8.42106, 20.94102],
							"lerp_mode": "catmullrom"
						},
						"0.5": {
							"post": [-34.24712, 13.42702, -6.79601],
							"lerp_mode": "catmullrom"
						},
						"1.0": {
							"post": [-33.76765, -7.52076, -18.58597],
							"lerp_mode": "catmullrom"
						},
						"1.5": {
							"post": [-33.78108, -7.85388, 3.15628],
							"lerp_mode": "catmullrom"
						},
						"2.0": {
							"post": [-33.44102, 8.42106, 20.94102],
							"lerp_mode": "catmullrom"
						}
					}
				},
				"bone13": {
					"rotation": {
						"0.0": {
							"post": [-108.19308, -4.22382, 17.90848],
							"lerp_mode": "catmullrom"
						},
						"0.5": {
							"post": [-101.57185, 15.45286, -16.44731],
							"lerp_mode": "catmullrom"
						},
						"1.0": {
							"post": [-96.11021, 18.05361, -47.23316],
							"lerp_mode": "catmullrom"
						},
						"1.5": {
							"post": [-100.76626, -4.82221, -20.5602],
							"lerp_mode": "catmullrom"
						},
						"2.0": {
							"post": [-108.19308, -4.22382, 17.90848],
							"lerp_mode": "catmullrom"
						}
					},
					"position": {
						"0.0": {
							"post": [0, 0, -1],
							"lerp_mode": "catmullrom"
						},
						"2.0": {
							"post": [0, 0, -1],
							"lerp_mode": "catmullrom"
						}
					}
				},
				"bone15": {
					"rotation": [35, 0, 0]
				},
				"bone18": {
					"rotation": [72.5, 0, 0]
				},
				"bone19": {
					"rotation": [35, 0, 0]
				},
				"bone22": {
					"rotation": [55, 0, 0]
				}
			}
		},
		"animation.tupandactylus.attack": {
			"animation_length": 1.5,
			"bones": {
				"bone2": {
					"rotation": {
						"0.0": {
							"post": [0, 0, 0],
							"lerp_mode": "catmullrom"
						},
						"0.5": {
							"post": [-50, 0, 0],
							"lerp_mode": "catmullrom"
						},
						"1.0": {
							"post": [54.38, 0, 0],
							"lerp_mode": "catmullrom"
						},
						"1.5": {
							"post": [0, 0, 0],
							"lerp_mode": "catmullrom"
						}
					}
				},
				"bone23": {
					"rotation": {
						"0.0": {
							"post": [0, 0, 0],
							"lerp_mode": "catmullrom"
						},
						"0.5": {
							"post": [-17.5, 0, 0],
							"lerp_mode": "catmullrom"
						},
						"1.0": {
							"post": [31.25, 0, 0],
							"lerp_mode": "catmullrom"
						},
						"1.5": {
							"post": [0, 0, 0],
							"lerp_mode": "catmullrom"
						}
					}
				},
				"bone24": {
					"rotation": {
						"0.0": {
							"post": [0, 0, 0],
							"lerp_mode": "catmullrom"
						},
						"0.25": {
							"post": [57.5, 0, 0],
							"lerp_mode": "catmullrom"
						},
						"0.75": {
							"post": [-5.5, 0, 0],
							"lerp_mode": "catmullrom"
						},
						"1.5": {
							"post": [0, 0, 0],
							"lerp_mode": "catmullrom"
						}
					}
				}
			}
		},
		"animation.tupandactylus.move": {
			"loop": true,
			"animation_length": 2,
			"bones": {
				"bone2": {
					"rotation": {
						"0.0": {
							"post": [12.5, 0, 0],
							"lerp_mode": "catmullrom"
						},
						"1.0": {
							"post": [-5, 0, 0],
							"lerp_mode": "catmullrom"
						},
						"2.0": [12.5, 0, 0]
					}
				},
				"bone23": {
					"rotation": {
						"0.0": {
							"post": [10, 0, 0],
							"lerp_mode": "catmullrom"
						},
						"1.0": {
							"post": [0, 0, 0],
							"lerp_mode": "catmullrom"
						},
						"2.0": {
							"post": [10, 0, 0],
							"lerp_mode": "catmullrom"
						}
					}
				},
				"bone4": {
					"rotation": {
						"0.0": {
							"post": [0, 0, 0],
							"lerp_mode": "catmullrom"
						},
						"0.5": {
							"post": [-4.80521, -10.18412, -64.57157],
							"lerp_mode": "catmullrom"
						},
						"1.0": {
							"post": [-20, 0, 0],
							"lerp_mode": "catmullrom"
						},
						"2.0": {
							"post": [0, 0, 0],
							"lerp_mode": "catmullrom"
						}
					}
				},
				"bone5": {
					"rotation": {
						"0.0": {
							"post": [0, 0, 0],
							"lerp_mode": "catmullrom"
						},
						"0.5": {
							"post": [11.2441, -0.27208, 2.48516],
							"lerp_mode": "catmullrom"
						},
						"1.0": {
							"post": [20, 0, 0],
							"lerp_mode": "catmullrom"
						},
						"2.0": {
							"post": [0, 0, 0],
							"lerp_mode": "catmullrom"
						}
					}
				},
				"bone6": {
					"rotation": {
						"0.0": {
							"post": [0, 0, 0],
							"lerp_mode": "catmullrom"
						},
						"0.5": {
							"post": [-29.75002, 2.99318, 9.54589],
							"lerp_mode": "catmullrom"
						},
						"2.0": {
							"post": [0, 0, 0],
							"lerp_mode": "catmullrom"
						}
					}
				},
				"bone8": {
					"rotation": {
						"0.0": {
							"post": [0, 0, 0],
							"lerp_mode": "catmullrom"
						},
						"0.5": {
							"post": [-34.00907, -2.83189, 9.92427],
							"lerp_mode": "catmullrom"
						},
						"1.0": {
							"post": [-25, 0, 0],
							"lerp_mode": "catmullrom"
						},
						"2.0": {
							"post": [0, 0, 0],
							"lerp_mode": "catmullrom"
						}
					}
				},
				"bone9": {
					"rotation": {
						"0.0": {
							"post": [-15, 0, 0],
							"lerp_mode": "catmullrom"
						},
						"1.0": {
							"post": [19.99255, -0.34666, -0.37226],
							"lerp_mode": "catmullrom"
						},
						"1.5": {
							"post": [-2.01692, 3.16207, 57.44432],
							"lerp_mode": "catmullrom"
						},
						"2.0": {
							"post": [-15, 0, 0],
							"lerp_mode": "catmullrom"
						}
					},
					"position": {
						"0.0": {
							"post": [0, 0, -2],
							"lerp_mode": "catmullrom"
						},
						"1.0": {
							"post": [0, 0, -1],
							"lerp_mode": "catmullrom"
						},
						"1.5": {
							"post": [-2, 0, -1.44],
							"lerp_mode": "catmullrom"
						},
						"2.0": {
							"post": [0, 0, -2],
							"lerp_mode": "catmullrom"
						}
					}
				},
				"bone10": {
					"rotation": {
						"0.0": {
							"post": [17.5, 0, 0],
							"lerp_mode": "catmullrom"
						},
						"1.0": {
							"post": [0, 0, 0],
							"lerp_mode": "catmullrom"
						},
						"1.5": {
							"post": [-1.03564, -6.7235, -6.89391],
							"lerp_mode": "catmullrom"
						},
						"2.0": {
							"post": [17.5, 0, 0],
							"lerp_mode": "catmullrom"
						}
					}
				},
				"bone11": {
					"rotation": {
						"0.0": {
							"post": [0, 0, 0],
							"lerp_mode": "catmullrom"
						},
						"1.0": {
							"post": [-2.5, 0, 0],
							"lerp_mode": "catmullrom"
						},
						"1.5": {
							"post": [-16.37665, -0.50997, -7.48274],
							"lerp_mode": "catmullrom"
						},
						"2.0": {
							"post": [0, 0, 0],
							"lerp_mode": "catmullrom"
						}
					}
				},
				"bone12": {
					"rotation": [-9.99386, 0.30896, 0.1411]
				},
				"bone13": {
					"rotation": {
						"0.0": {
							"post": [-15, 0, 0],
							"lerp_mode": "catmullrom"
						},
						"1.0": {
							"post": [-40, 0, 0],
							"lerp_mode": "catmullrom"
						},
						"1.5": [-48.12, 0, 0],
						"2.0": [-15, 0, 0]
					}
				},
				"bone15": {
					"position": {
						"0.0": {
							"post": [0, 0, 0],
							"lerp_mode": "catmullrom"
						},
						"1.0": {
							"post": [0, 0, -1],
							"lerp_mode": "catmullrom"
						},
						"2.0": {
							"post": [0, 0, 0],
							"lerp_mode": "catmullrom"
						}
					}
				},
				"bone16": {
					"rotation": {
						"0.0": {
							"post": [15, 0, 0],
							"lerp_mode": "catmullrom"
						},
						"0.9583": {
							"post": [-17.5, 0, 0],
							"lerp_mode": "catmullrom"
						},
						"2.0": {
							"post": [15, 0, 0],
							"lerp_mode": "catmullrom"
						}
					}
				},
				"bone18": {
					"rotation": {
						"0.0": {
							"post": [-15, 0, 0],
							"lerp_mode": "catmullrom"
						},
						"1.0": {
							"post": [17.5, 0, 0],
							"lerp_mode": "catmullrom"
						},
						"2.0": {
							"post": [-15, 0, 0],
							"lerp_mode": "catmullrom"
						}
					}
				},
				"bone19": {
					"rotation": {
						"0.0": {
							"post": [2.5, 0, 0],
							"lerp_mode": "catmullrom"
						},
						"1.0": {
							"post": [42.5, 0, 0],
							"lerp_mode": "catmullrom"
						},
						"2.0": {
							"post": [2.5, 0, 0],
							"lerp_mode": "catmullrom"
						}
					},
					"position": {
						"0.0": {
							"post": [0, 0, 0],
							"lerp_mode": "catmullrom"
						},
						"1.0": {
							"post": [0, 0, 1],
							"lerp_mode": "catmullrom"
						},
						"2.0": {
							"post": [0, 0, 0],
							"lerp_mode": "catmullrom"
						}
					}
				},
				"bone20": {
					"rotation": {
						"0.0": {
							"post": [-22.5, 0, 0],
							"lerp_mode": "catmullrom"
						},
						"2.0": {
							"post": [-22.5, 0, 0],
							"lerp_mode": "catmullrom"
						}
					}
				},
				"bone22": {
					"rotation": {
						"0.0": {
							"post": [20, 0, 0],
							"lerp_mode": "catmullrom"
						},
						"1.0": {
							"post": [-20, 0, 0],
							"lerp_mode": "catmullrom"
						},
						"2.0": {
							"post": [20, 0, 0],
							"lerp_mode": "catmullrom"
						}
					}
				}
			}
		}
	}
}