{"format_version":"1.8.0","minecraft:entity":{"description":{"identifier":"yg:captain_fiddels_dead","is_spawnable":false,"is_summonable":true,"is_experimental":false},"component_groups":{"minecraft:fiddles":{"minecraft:variant":{"value":0}},"minecraft:fiddles1":{"minecraft:variant":{"value":1}},"minecraft:fiddles2":{"minecraft:variant":{"value":2}},"minecraft:fiddles3":{"minecraft:variant":{"value":3}},"minecraft:fiddles4":{"minecraft:variant":{"value":4}},"minecraft:fiddles5":{"minecraft:variant":{"value":5}},"minecraft:fiddles6":{"minecraft:variant":{"value":6}}},"components":{"minecraft:type_family":{"family":["captain_fiddels","inanimate"]},"minecraft:collision_box":{"width":0.6,"height":0.6},"minecraft:scale":{"value":1},"minecraft:pushable":{"is_pushable":false,"is_pushable_by_piston":true},"minecraft:physics":{},"minecraft:damage_sensor":{"triggers":{"cause":"all","deals_damage":false}}},"events":{"minecraft:entity_spawned":{"sequence":[{"filters":{"test":"has_component","operator":"!=","value":"minecraft:variant"},"randomize":[{"weight":20,"add":{"component_groups":["minecraft:fiddles"]}},{"weight":20,"add":{"component_groups":["minecraft:fiddles1"]}},{"weight":20,"add":{"component_groups":["minecraft:fiddles2"]}},{"weight":20,"add":{"component_groups":["minecraft:fiddles3"]}},{"weight":20,"add":{"component_groups":["minecraft:fiddles4"]}},{"weight":20,"add":{"component_groups":["minecraft:fiddles5"]}},{"weight":20,"add":{"component_groups":["minecraft:fiddles6"]}}]}]}}}}