{"format_version":"1.8.0","minecraft:entity":{"description":{"identifier":"yg:drone_track","runtime_identifier":"minecraft:snowball","is_spawnable":false,"is_summonable":true,"is_experimental":false},"component_groups":{"minecraft:despawndead":{"minecraft:type_family":{"family":["despawn_"]}}},"components":{"minecraft:health":{"value":1,"max":1},"minecraft:type_family":{"family":["drone_track"]},"minecraft:collision_box":{"width":0.25,"height":0.25},"minecraft:projectile":{"on_hit":{"impact_damage":{"damage":[1,4],"knockback":true,"semi_random_diff_damage":false,"destroy_on_hit":true},"definition_event":{"affect_projectile":true,"event_trigger":{"event":"minecraft:gone","target":"self"}},"stick_in_ground":{"shake_time":0.35}},"power":1.6,"gravity":0,"uncertainty_base":0,"uncertainty_multiplier":0,"anchor":1,"offset":[0,-0.1,0]},"minecraft:pushable":{"is_pushable":false,"is_pushable_by_piston":false},"minecraft:physics":{},"minecraft:despawn":{"filters":{"all_of":[{"test":"is_family","subject":"self","value":"despawn_"}]}}},"events":{"minecraft:gone":{"add":{"component_groups":["minecraft:despawndead"]},"run_command":{"command":["gamerule sendcommandfeedback true","tp @e[type=yg:drone,c=1] ~~~","playsound random.levelup @a"]}}}}}