{"format_version":"1.8.0","minecraft:entity":{"description":{"identifier":"yg:drone","is_spawnable":true,"is_summonable":true,"is_experimental":false},"component_groups":{"minecraft:drone":{"minecraft:is_tamed":{},"minecraft:behavior.follow_owner":{"priority":6,"speed_multiplier":1,"start_distance":10,"stop_distance":2},"minecraft:behavior.owner_hurt_by_target":{"priority":1},"minecraft:behavior.owner_hurt_target":{"priority":2},"minecraft:leashable":{"soft_distance":4,"hard_distance":6,"max_distance":10,"on_leash":{"event":"minecraft:on_leash","target":"self"},"on_unleash":{"event":"minecraft:on_unleash","target":"self"}},"minecraft:sittable":{}}},"components":{"minecraft:is_hidden_when_invisible":{},"minecraft:nameable":{},"minecraft:type_family":{"family":["drone","inanimate"]},"minecraft:collision_box":{"width":0.6,"height":0.6},"minecraft:movement.basic":{},"minecraft:navigation.walk":{"can_walk":true,"can_path_over_water":true,"avoid_water":false},"minecraft:movement":{"value":0.25},"minecraft:can_climb":{},"minecraft:jump.static":{},"minecraft:scale":{"value":1},"minecraft:attack":{"damage":10},"minecraft:health":{"value":150,"max":150},"minecraft:loot":{"table":"loot_tables/entities/null.json"},"minecraft:leashable":{"soft_distance":4,"hard_distance":6,"max_distance":10,"can_be_stolen":true},"minecraft:follow_range":{"value":30,"max":30},"minecraft:behavior.melee_attack":{"priority":3,"track_target":true,"speed_multiplier":1.29},"minecraft:behavior.nearest_attackable_target":{"priority":2,"must_see":true,"reselect_targets":true,"within_radius":250,"must_see_forget_duration":1,"entity_types":[{"filters":{"any_of":[{"test":"is_family","subject":"other","value":"drone_track"}]},"max_dist":250}]},"minecraft:behavior.random_stroll":{"priority":7,"speed_multiplier":1},"minecraft:behavior.hurt_by_target":{"priority":1},"minecraft:knockback_resistance":{"value":0.25},"minecraft:pushable":{"is_pushable":true,"is_pushable_by_piston":true},"minecraft:physics":{},"minecraft:breathable":{"totalSupply":15,"suffocateTime":0},"minecraft:behavior.float":{"priority":2},"minecraft:underwater_movement":{"value":0.25},"minecraft:npc":{"npc_data":{"portrait_offsets":{"translate":[-7,50,0],"scale":[1.75,1.75,1.75]},"picker_offsets":{"translate":[0,20,0],"scale":[1.7,1.7,1.7]},"skin_list":[{"variant":0},{"variant":1},{"variant":2},{"variant":3},{"variant":4},{"variant":5},{"variant":6},{"variant":7},{"variant":8},{"variant":9},{"variant":10},{"variant":11},{"variant":12},{"variant":13},{"variant":14},{"variant":15},{"variant":16}]}},"minecraft:spell_effects":{"add_effects":[{"effect":"resistance","amplifier":2,"visible":false,"ambient":false,"duration":99999},{"effect":"strength","amplifier":3,"visible":false,"ambient":false,"duration":99999},{"effect":"regeneration","amplifier":6,"visible":false,"ambient":false,"duration":99999},{"effect":"slow_falling","amplifier":3,"visible":false,"ambient":false,"duration":99999999}]}},"events":{"minecraft:entity_spawned":{"add":{"component_groups":["minecraft:drone"]}}}}}