{"format_version":"1.8.0","minecraft:entity":{"description":{"identifier":"yg:jumbo_josh_dead","is_spawnable":false,"is_summonable":true,"is_experimental":false},"component_groups":{},"components":{"minecraft:type_family":{"family":["jumbo_josh","inanimate"]},"minecraft:collision_box":{"width":0.6,"height":0.6},"minecraft:scale":{"value":1},"minecraft:pushable":{"is_pushable":false,"is_pushable_by_piston":true},"minecraft:physics":{},"minecraft:damage_sensor":{"triggers":{"cause":"all","deals_damage":false}}},"events":{"minecraft:entity_spawned":{}}}}