{"format_version":"1.8.0","minecraft:entity":{"description":{"identifier":"yg:miniopila","is_spawnable":true,"is_summonable":true,"is_experimental":false},"component_groups":{"minecraft:opila":{"minecraft:variant":{"value":0}},"minecraft:tarta":{"minecraft:variant":{"value":1}}},"components":{"minecraft:is_hidden_when_invisible":{},"minecraft:nameable":{},"minecraft:type_family":{"family":["miniopila","gob_monster","mob"]},"minecraft:collision_box":{"width":0.6,"height":1},"minecraft:movement.basic":{},"minecraft:navigation.walk":{"can_walk":true,"can_path_over_water":true,"avoid_water":false},"minecraft:movement":{"value":0.25},"minecraft:can_climb":{},"minecraft:jump.static":{},"minecraft:scale":{"value":1},"minecraft:health":{"value":100,"max":100},"minecraft:loot":{"table":"loot_tables/entities/null.json"},"minecraft:leashable":{"soft_distance":4,"hard_distance":6,"max_distance":10,"can_be_stolen":true},"minecraft:follow_range":{"value":30,"max":30},"minecraft:behavior.random_look_around":{"priority":9},"minecraft:behavior.look_at_player":{"priority":8,"look_distance":6,"probability":0.02},"minecraft:behavior.random_stroll":{"priority":7,"speed_multiplier":1},"minecraft:behavior.hurt_by_target":{"priority":1},"minecraft:knockback_resistance":{"value":0.25},"minecraft:pushable":{"is_pushable":true,"is_pushable_by_piston":true},"minecraft:physics":{},"minecraft:breathable":{"totalSupply":15,"suffocateTime":0},"minecraft:behavior.float":{"priority":2},"minecraft:underwater_movement":{"value":0.22}},"events":{"minecraft:entity_spawned":{"sequence":[{"filters":{"test":"has_component","operator":"!=","value":"minecraft:variant"},"randomize":[{"weight":20,"add":{"component_groups":["minecraft:opila"]}},{"weight":10,"add":{"component_groups":["minecraft:tarta"]}}]}]}}}}