{
	"format_version" : "1.10.0",
	"animation_controllers" : {
		"controller.animation.spfally" : {
			"initial_state" : "default",
			"states" : {
				"spfall" : {
					"animations" : [ "spfall" ],
					"transitions" : [
						{
							"default" : "query.head_x_rotation(0) < 0"
						}
					],
                    "blend_transition": 0.2
				},
				"default" : {
					"transitions" : [
						{
							"spfall" : "query.head_x_rotation(0) > 23"
						}
					],
                    "blend_transition": 0.4
				}
			}
		}
	}
}
