{
	"format_version" : "1.10.0",
	"animation_controllers" : {
		"controller.animation.spruny" : {
			"initial_state" : "default",
			"states" : {
				"sprun" : {
					"animations" : [ "sprun" ],
					"transitions" : [
						{
							"default" : "!query.is_on_ground || !query.is_sprinting"
						}
					],
                    "blend_transition": 0.1
				},
				"default" : {
					"transitions" : [
						{
							"sprun" : "query.is_on_ground && query.is_sprinting"
						}
					],
                    "blend_transition": 0.2
				}
			}
		}
	}
}
