{
	"format_version" : "1.10.0",
	"animation_controllers" : {
		"controller.animation.spsitdy" : {
			"initial_state" : "default",
			"states" : {
				"spsitd" : {
					"animations" : [ "spsitd" ],
					"transitions" : [
						{
							"default" : "!query.is_sneaking"
						}
					],
                    "blend_transition": 0.2
				},
				"default" : {
					"transitions" : [
						{
							"spsitd" : "query.is_sneaking"
						}
					],
                    "blend_transition": 0.3
				}
			}
		}
	}
}
