{
  "entity_sounds": {
    "entities": {
      "fitt:skibidi_toilet": {
        "volume": 1.0,
        "pitch": [
          1.1,
          1.1
        ],
        "events": {
          "ambient": "mob.fitt_skibidi_toilet.idle",
          "death": "mob.fitt_skibidi_toilet.death",
          "death.to.zombie": "mob.fitt_skibidi_toilet.death",
          "haggle": "mob.fitt_skibidi_toilet.haggle",
          "haggle.no": "mob.fitt_skibidi_toilet.no",
          "haggle.yes": "mob.fitt_skibidi_toilet.yes",
          "hurt": "mob.fitt_skibidi_toilet.hit"
        }
      },
      "fitt:skibidi_toilet_large": {
        "volume": 1.5,
        "pitch": [
          0.8,
          0.8
        ],
        "events": {
          "ambient": "mob.fitt_skibidi_toilet.idle",
          "death": "mob.fitt_skibidi_toilet.death",
          "death.to.zombie": "mob.fitt_skibidi_toilet.death",
          "haggle": "mob.fitt_skibidi_toilet.haggle",
          "haggle.no": "mob.fitt_skibidi_toilet.no",
          "haggle.yes": "mob.fitt_skibidi_toilet.yes",
          "hurt": "mob.fitt_skibidi_toilet.hit"
        }
      },
      "fitt:skibidi_toilet_medium": {
        "volume": 1.1,
        "pitch": [
          0.95,
          0.95
        ],
        "events": {
          "ambient": "mob.fitt_skibidi_toilet.idle",
          "death": "mob.fitt_skibidi_toilet.death",
          "death.to.zombie": "mob.fitt_skibidi_toilet.death",
          "haggle": "mob.fitt_skibidi_toilet.haggle",
          "haggle.no": "mob.fitt_skibidi_toilet.no",
          "haggle.yes": "mob.fitt_skibidi_toilet.yes",
          "hurt": "mob.fitt_skibidi_toilet.hit"
        }
      },
      "fitt:glasses_skibidi_normal": {
        "volume": 1.0,
        "pitch": [
          1.1,
          1.1
        ],
        "events": {
          "ambient": "mob.fitt_skibidi_toilet.idle",
          "death": "mob.fitt_skibidi_toilet.death",
          "death.to.zombie": "mob.fitt_skibidi_toilet.death",
          "haggle": "mob.fitt_skibidi_toilet.haggle",
          "haggle.no": "mob.fitt_skibidi_toilet.no",
          "haggle.yes": "mob.fitt_skibidi_toilet.yes",
          "hurt": "mob.fitt_skibidi_toilet.hit"
        }
      },
      "fitt:skibidi_toilet_semilarge": {
        "volume": 1.15,
        "pitch": [
          0.9,
          0.9
        ],
        "events": {
          "ambient": "mob.fitt_skibidi_toilet.idle",
          "death": "mob.fitt_skibidi_toilet.death",
          "death.to.zombie": "mob.fitt_skibidi_toilet.death",
          "haggle": "mob.fitt_skibidi_toilet.haggle",
          "haggle.no": "mob.fitt_skibidi_toilet.no",
          "haggle.yes": "mob.fitt_skibidi_toilet.yes",
          "hurt": "mob.fitt_skibidi_toilet.hit"
        }
      },
      "fitt:big_speakerman": {
        "volume": 1.0,
        "pitch": [
          1,
          1
        ],
        "events": {
          "ambient": "mob.fitt_big_speakerman.idle",
          "death": "mob.villager.death",
          "death.to.zombie": "mob.villager.death",
          "haggle": "mob.villager.haggle",
          "haggle.no": "mob.villager.no",
          "haggle.yes": "mob.villager.yes",
          "hurt": "mob.villager.hit"
        }
      },
      "fitt:glasses_skibidi_semilarge": {
        "volume": 1.15,
        "pitch": [
          0.9,
          0.9
        ],
        "events": {
          "ambient": "mob.fitt_skibidi_toilet.idle",
          "death": "mob.fitt_skibidi_toilet.death",
          "death.to.zombie": "mob.fitt_skibidi_toilet.death",
          "haggle": "mob.fitt_skibidi_toilet.haggle",
          "haggle.no": "mob.fitt_skibidi_toilet.no",
          "haggle.yes": "mob.fitt_skibidi_toilet.yes",
          "hurt": "mob.fitt_skibidi_toilet.hit"
        }
      },
      "fitt:glasses_skibidi_large": {
        "volume": 1.5,
        "pitch": [
          0.8,
          0.8
        ],
        "events": {
          "ambient": "mob.fitt_skibidi_toilet.idle",
          "death": "mob.fitt_skibidi_toilet.death",
          "death.to.zombie": "mob.fitt_skibidi_toilet.death",
          "haggle": "mob.fitt_skibidi_toilet.haggle",
          "haggle.no": "mob.fitt_skibidi_toilet.no",
          "haggle.yes": "mob.fitt_skibidi_toilet.yes",
          "hurt": "mob.fitt_skibidi_toilet.hit"
        }
      },
      "fitt:glasses_skibidi_medium": {
        "volume": 1.1,
        "pitch": [
          0.95,
          0.95
        ],
        "events": {
          "ambient": "mob.fitt_skibidi_toilet.idle",
          "death": "mob.fitt_skibidi_toilet.death",
          "death.to.zombie": "mob.fitt_skibidi_toilet.death",
          "haggle": "mob.fitt_skibidi_toilet.haggle",
          "haggle.no": "mob.fitt_skibidi_toilet.no",
          "haggle.yes": "mob.fitt_skibidi_toilet.yes",
          "hurt": "mob.fitt_skibidi_toilet.hit"
        }
      },
      "fitt:big_speakerman_infected": {
        "volume": 1.0,
        "pitch": [
          0.9,
          0.9
        ],
        "events": {
          "ambient": "mob.fitt_skibidi_toilet.idle",
          "death": "mob.fitt_skibidi_toilet.death",
          "death.to.zombie": "mob.fitt_skibidi_toilet.death",
          "haggle": "mob.fitt_skibidi_toilet.haggle",
          "haggle.no": "mob.fitt_skibidi_toilet.no",
          "haggle.yes": "mob.fitt_skibidi_toilet.yes",
          "hurt": "mob.fitt_skibidi_toilet.hit"
        }
      },
      "fitt:police_skibidi_toilet": {
        "volume": 1.0,
        "pitch": [
          1.1,
          1.1
        ],
        "events": {
          "ambient": "mob.fitt_skibidi_toilet.idle",
          "death": "mob.fitt_skibidi_toilet.death",
          "death.to.zombie": "mob.fitt_skibidi_toilet.death",
          "haggle": "mob.fitt_skibidi_toilet.haggle",
          "haggle.no": "mob.fitt_skibidi_toilet.no",
          "haggle.yes": "mob.fitt_skibidi_toilet.yes",
          "hurt": "mob.fitt_skibidi_toilet.hit"
        }
      },
      "fitt:skibidi_parasite": {
        "volume": 1.0,
        "pitch": [
          1.2,
          1.2
        ],
        "events": {
          "ambient": "mob.fitt_skibidi_toilet.idle",
          "death": "mob.fitt_skibidi_toilet.death",
          "death.to.zombie": "mob.fitt_skibidi_toilet.death",
          "haggle": "mob.fitt_skibidi_toilet.haggle",
          "haggle.no": "mob.fitt_skibidi_toilet.no",
          "haggle.yes": "mob.fitt_skibidi_toilet.yes",
          "hurt": "mob.fitt_skibidi_toilet.hit"
        }
      },
      "fitt:cameraman_infected": {
        "volume": 1.0,
        "pitch": [
          1,
          1
        ],
        "events": {
          "ambient": "mob.fitt_skibidi_toilet.idle",
          "death": "mob.fitt_skibidi_toilet.death",
          "death.to.zombie": "mob.fitt_skibidi_toilet.death",
          "haggle": "mob.fitt_skibidi_toilet.haggle",
          "haggle.no": "mob.fitt_skibidi_toilet.no",
          "haggle.yes": "mob.fitt_skibidi_toilet.yes",
          "hurt": "mob.fitt_skibidi_toilet.hit"
        }
      },
      "fitt:speakerman_infected": {
        "volume": 1.0,
        "pitch": [
          0.8,
          1.2
        ],
        "events": {
          "ambient": "mob.fitt_skibidi_toilet.idle",
          "death": "mob.fitt_skibidi_toilet.death",
          "death.to.zombie": "mob.fitt_skibidi_toilet.death",
          "haggle": "mob.fitt_skibidi_toilet.haggle",
          "haggle.no": "mob.fitt_skibidi_toilet.no",
          "haggle.yes": "mob.fitt_skibidi_toilet.yes",
          "hurt": "mob.fitt_skibidi_toilet.hit"
        }
      }
    }
  }
}