{
  "format_version": "1.12.0",
  "minecraft:geometry": [
    {
      "description": {
        "identifier": "geometry.pa_mutan",
        "texture_width": 256,
        "texture_height": 256,
        "visible_bounds_width": 7,
        "visible_bounds_height": 11,
        "visible_bounds_offset": [
          0,
          3.5,
          0
        ]
      },
      "bones": [
        {
          "name": "Body",
          "pivot": [
            0,
            43,
            1
          ],
          "cubes": [
            {
              "origin": [
                -8,
                43,
                -6
              ],
              "size": [
                16,
                14,
                14
              ],
              "inflate": 0.25,
              "uv": [
                150,
                81
              ]
            }
          ]
        },
        {
          "name": "Tangan2",
          "parent": "Body",
          "pivot": [
            15,
            74,
            2
          ],
          "cubes": [
            {
              "origin": [
                14,
                50,
                -2
              ],
              "size": [
                9,
                27,
                8
              ],
              "uv": [
                0,
                70
              ]
            }
          ]
        },
        {
          "name": "bone2",
          "parent": "Tangan2",
          "pivot": [
            23,
            50,
            4
          ],
          "cubes": [
            {
              "origin": [
                14,
                23,
                -2
              ],
              "size": [
                9,
                27,
                8
              ],
              "uv": [
                0,
                0
              ]
            }
          ]
        },
        {
          "name": "bone10",
          "parent": "bone2",
          "pivot": [
            22,
            23,
            0
          ],
          "cubes": [
            {
              "origin": [
                21,
                12,
                -2
              ],
              "size": [
                2,
                11,
                2
              ],
              "uv": [
                0,
                36
              ]
            },
            {
              "origin": [
                21,
                12,
                1
              ],
              "size": [
                1,
                11,
                1
              ],
              "uv": [
                0,
                36
              ]
            },
            {
              "origin": [
                21,
                12,
                3
              ],
              "size": [
                1,
                11,
                1
              ],
              "uv": [
                0,
                36
              ]
            },
            {
              "origin": [
                21,
                12,
                5
              ],
              "size": [
                1,
                11,
                1
              ],
              "uv": [
                0,
                36
              ]
            }
          ]
        },
        {
          "name": "Tangan",
          "parent": "Body",
          "pivot": [
            -15,
            72,
            2
          ],
          "cubes": [
            {
              "origin": [
                -23,
                50,
                -2
              ],
              "size": [
                9,
                27,
                8
              ],
              "uv": [
                0,
                70
              ]
            }
          ]
        },
        {
          "name": "bone",
          "parent": "Tangan",
          "pivot": [
            -22,
            50,
            0
          ],
          "cubes": [
            {
              "origin": [
                -23,
                23,
                -2
              ],
              "size": [
                9,
                27,
                8
              ],
              "uv": [
                0,
                0
              ]
            }
          ]
        },
        {
          "name": "bone9",
          "parent": "bone",
          "pivot": [
            -22,
            23,
            0
          ],
          "cubes": [
            {
              "origin": [
                -23,
                12,
                -2
              ],
              "size": [
                2,
                11,
                2
              ],
              "uv": [
                0,
                36
              ]
            },
            {
              "origin": [
                -23,
                12,
                1
              ],
              "size": [
                1,
                11,
                1
              ],
              "uv": [
                0,
                36
              ]
            },
            {
              "origin": [
                -23,
                12,
                3
              ],
              "size": [
                1,
                11,
                1
              ],
              "uv": [
                0,
                36
              ]
            },
            {
              "origin": [
                -23,
                12,
                5
              ],
              "size": [
                1,
                11,
                1
              ],
              "uv": [
                0,
                36
              ]
            }
          ]
        },
        {
          "name": "bone5",
          "parent": "Body",
          "pivot": [
            0,
            56,
            7
          ],
          "rotation": [
            0,
            180,
            0
          ],
          "cubes": [
            {
              "origin": [
                -20,
                66,
                -17
              ],
              "size": [
                40,
                11,
                59
              ],
              "uv": [
                0,
                0
              ]
            },
            {
              "origin": [
                -13,
                69,
                -30
              ],
              "size": [
                25,
                7,
                18
              ],
              "uv": [
                78,
                70
              ]
            },
            {
              "origin": [
                -2,
                76,
                -30
              ],
              "size": [
                3,
                42,
                3
              ],
              "uv": [
                34,
                70
              ]
            },
            {
              "origin": [
                -14,
                114,
                -30
              ],
              "size": [
                12,
                3,
                3
              ],
              "uv": [
                26,
                0
              ]
            },
            {
              "origin": [
                1,
                110,
                -29
              ],
              "size": [
                13,
                1,
                1
              ],
              "uv": [
                0,
                56
              ]
            },
            {
              "origin": [
                -17,
                112,
                -32
              ],
              "size": [
                3,
                8,
                7
              ],
              "uv": [
                34,
                6
              ]
            },
            {
              "origin": [
                -4,
                118,
                -32
              ],
              "size": [
                7,
                3,
                7
              ],
              "uv": [
                108,
                95
              ]
            },
            {
              "origin": [
                -17,
                54,
                -8
              ],
              "size": [
                34,
                13,
                46
              ],
              "uv": [
                90,
                111
              ]
            },
            {
              "origin": [
                -3,
                41,
                -29
              ],
              "size": [
                5,
                29,
                58
              ],
              "uv": [
                0,
                70
              ]
            }
          ]
        },
        {
          "name": "Head",
          "parent": "Body",
          "pivot": [
            -1,
            80,
            1
          ],
          "rotation": [
            20,
            0,
            0
          ],
          "cubes": [
            {
              "origin": [
                -8,
                80,
                -7
              ],
              "size": [
                15,
                18,
                15
              ],
              "uv": [
                139,
                0
              ]
            }
          ]
        },
        {
          "name": "bone6",
          "parent": "Head",
          "pivot": [
            0,
            0,
            2
          ],
          "rotation": [
            0,
            180,
            0
          ]
        },
        {
          "name": "Pipi",
          "parent": "bone6",
          "pivot": [
            8,
            84,
            11
          ],
          "cubes": [
            {
              "origin": [
                4,
                80,
                11.1
              ],
              "size": [
                4,
                7,
                0
              ],
              "uv": [
                34,
                21
              ]
            }
          ]
        },
        {
          "name": "Pipi2",
          "parent": "bone6",
          "pivot": [
            -7,
            84,
            11
          ],
          "cubes": [
            {
              "origin": [
                -7,
                80,
                11.1
              ],
              "size": [
                4,
                7,
                0
              ],
              "uv": [
                0,
                0
              ]
            }
          ]
        },
        {
          "name": "Gigi",
          "parent": "bone6",
          "pivot": [
            1,
            81,
            11
          ],
          "cubes": [
            {
              "origin": [
                -2,
                81,
                11.2
              ],
              "size": [
                5,
                2,
                0
              ],
              "uv": [
                26,
                6
              ]
            }
          ]
        },
        {
          "name": "Bibir",
          "parent": "bone6",
          "pivot": [
            0,
            81,
            12
          ],
          "cubes": [
            {
              "origin": [
                -2,
                80,
                11.1
              ],
              "size": [
                5,
                1,
                0
              ],
              "uv": [
                0,
                35
              ]
            }
          ]
        },
        {
          "name": "Alis",
          "parent": "bone6",
          "pivot": [
            1,
            90,
            11
          ]
        },
        {
          "name": "bone7",
          "parent": "Alis",
          "pivot": [
            -1,
            91,
            11
          ],
          "cubes": [
            {
              "origin": [
                -5,
                92,
                11.1
              ],
              "size": [
                3,
                1,
                0
              ],
              "uv": [
                0,
                7
              ]
            },
            {
              "origin": [
                -2,
                92,
                11.1
              ],
              "size": [
                3,
                1,
                0
              ],
              "pivot": [
                -2,
                93,
                11
              ],
              "rotation": [
                0,
                0,
                40
              ],
              "uv": [
                0,
                7
              ]
            }
          ]
        },
        {
          "name": "bone8",
          "parent": "Alis",
          "pivot": [
            2,
            91,
            11
          ],
          "cubes": [
            {
              "origin": [
                1,
                90,
                11.1
              ],
              "size": [
                3,
                1,
                0
              ],
              "pivot": [
                1,
                91,
                11
              ],
              "rotation": [
                0,
                0,
                -40
              ],
              "uv": [
                0,
                7
              ]
            },
            {
              "origin": [
                3,
                92,
                11.1
              ],
              "size": [
                3,
                1,
                0
              ],
              "uv": [
                0,
                7
              ]
            }
          ]
        },
        {
          "name": "Leher",
          "parent": "bone6",
          "pivot": [
            1,
            80,
            3
          ],
          "cubes": [
            {
              "origin": [
                -3,
                67,
                -1
              ],
              "size": [
                7,
                13,
                7
              ],
              "uv": [
                0,
                105
              ]
            }
          ]
        },
        {
          "name": "RightLeg",
          "parent": "Body",
          "pivot": [
            -3.9,
            44,
            1
          ],
          "cubes": [
            {
              "origin": [
                -8,
                21,
                -3
              ],
              "size": [
                8,
                22,
                7
              ],
              "uv": [
                27,
                28
              ]
            }
          ]
        },
        {
          "name": "bone4",
          "parent": "RightLeg",
          "pivot": [
            -4,
            21,
            4
          ],
          "cubes": [
            {
              "origin": [
                -8,
                0,
                -3
              ],
              "size": [
                8,
                21,
                7
              ],
              "uv": [
                78,
                95
              ]
            }
          ]
        },
        {
          "name": "LeftLeg",
          "parent": "Body",
          "pivot": [
            3.9,
            43,
            1
          ],
          "cubes": [
            {
              "origin": [
                0,
                21,
                -3
              ],
              "size": [
                8,
                22,
                7
              ],
              "inflate": 0.25,
              "uv": [
                27,
                28
              ]
            }
          ]
        },
        {
          "name": "bone3",
          "parent": "LeftLeg",
          "pivot": [
            4,
            21,
            5
          ],
          "cubes": [
            {
              "origin": [
                0,
                0,
                -3
              ],
              "size": [
                8,
                21,
                7
              ],
              "inflate": 0.25,
              "uv": [
                78,
                95
              ]
            }
          ]
        }
      ]
    }
  ]
}