{
  "format_version": "1.12.0",
  "minecraft:geometry": [
    {
      "description": {
        "identifier": "geometry.pa_spe",
        "texture_width": 64,
        "texture_height": 64,
        "visible_bounds_width": 3,
        "visible_bounds_height": 3.5,
        "visible_bounds_offset": [
          0,
          1.25,
          0
        ]
      },
      "bones": [
        {
          "name": "Head",
          "pivot": [
            0,
            25,
            1
          ],
          "cubes": [
            {
              "origin": [
                -4,
                25,
                -2
              ],
              "size": [
                6,
                6,
                10
              ],
              "pivot": [
                1,
                0,
                2
              ],
              "rotation": [
                0,
                -90,
                0
              ],
              "uv": [
                0,
                48
              ]
            }
          ]
        },
        {
          "name": "Body",
          "pivot": [
            0,
            24,
            0
          ],
          "cubes": [
            {
              "origin": [
                -4,
                12,
                -2
              ],
              "size": [
                8,
                12,
                4
              ],
              "uv": [
                0,
                14
              ]
            },
            {
              "origin": [
                -1,
                24,
                -1
              ],
              "size": [
                2,
                4,
                2
              ],
              "uv": [
                0,
                0
              ]
            }
          ]
        },
        {
          "name": "Tangan2",
          "pivot": [
            -5,
            22,
            0
          ],
          "cubes": [
            {
              "origin": [
                -8,
                18,
                -2
              ],
              "size": [
                4,
                6,
                4
              ],
              "uv": [
                0,
                30
              ]
            }
          ]
        },
        {
          "name": "bone2",
          "parent": "Tangan2",
          "pivot": [
            -8,
            18,
            0
          ],
          "cubes": [
            {
              "origin": [
                -8,
                12,
                -2
              ],
              "size": [
                4,
                6,
                4
              ],
              "uv": [
                36,
                38
              ]
            }
          ]
        },
        {
          "name": "Tangan",
          "pivot": [
            5,
            22,
            0
          ],
          "cubes": [
            {
              "origin": [
                4,
                18,
                -2
              ],
              "size": [
                4,
                6,
                4
              ],
              "uv": [
                36,
                22
              ]
            }
          ]
        },
        {
          "name": "bone",
          "parent": "Tangan",
          "pivot": [
            8,
            18,
            0
          ],
          "cubes": [
            {
              "origin": [
                4,
                12,
                -2
              ],
              "size": [
                4,
                6,
                4
              ],
              "uv": [
                36,
                38
              ]
            }
          ]
        },
        {
          "name": "RightLeg",
          "pivot": [
            -1.9,
            12,
            0
          ],
          "cubes": [
            {
              "origin": [
                -3.9,
                6,
                -2
              ],
              "size": [
                4,
                6,
                4
              ],
              "uv": [
                20,
                26
              ]
            }
          ]
        },
        {
          "name": "bone4",
          "parent": "RightLeg",
          "pivot": [
            -2,
            6,
            -2
          ],
          "cubes": [
            {
              "origin": [
                -3.9,
                0,
                -2
              ],
              "size": [
                4,
                6,
                4
              ],
              "uv": [
                40,
                12
              ]
            }
          ]
        },
        {
          "name": "LeftLeg",
          "pivot": [
            1.9,
            12,
            0
          ],
          "cubes": [
            {
              "origin": [
                -0.1,
                6,
                -2
              ],
              "size": [
                4,
                6,
                4
              ],
              "uv": [
                24,
                10
              ]
            }
          ]
        },
        {
          "name": "bone3",
          "parent": "LeftLeg",
          "pivot": [
            2,
            6,
            -2
          ],
          "cubes": [
            {
              "origin": [
                -0.1,
                0,
                -2
              ],
              "size": [
                4,
                6,
                4
              ],
              "uv": [
                40,
                12
              ]
            }
          ]
        }
      ]
    }
  ]
}