{
  "mob.seb_skibidi_toilet.idle": {
    "category": " neutral",
    "sounds": [
      "sounds/mob/seb_skibidi_toilet/idle"
    ]
  },
  "mob.seb_medium_camera_man_turned.idle": {
    "category": " neutral",
    "sounds": [
      "sounds/mob/seb_medium_camera_man_turned/idle"
    ]
  },
  "mob.seb_skibidi_strider.say": {
    "category": " neutral",
    "sounds": [
      "sounds/mob/seb_buzz_skibidi/idle"
    ]
  },
  "mob.seb_buzz_skibidi.idle": {
    "category": " neutral",
    "sounds": [
      "sounds/mob/seb_buzz_skibidi/idle"
    ]
  },
  "mob.seb_medium_camera_man_turned.death": {
    "category": " neutral",
    "sounds": [
      "sounds/sounds/mob/axolotl/idle_air2"
    ]
  },
  "mob.seb_medium_camera_man_turned.haggle": {
    "category": " neutral",
    "sounds": [
      "sounds/sounds/mob/axolotl/idle_air2"
    ]
  },
  "mob.seb_medium_camera_man_turned.no": {
    "category": " neutral",
    "sounds": [
      "sounds/sounds/mob/axolotl/idle_air2"
    ]
  },
  "mob.seb_medium_camera_man_turned.yes": {
    "category": " neutral",
    "sounds": [
      "sounds/sounds/mob/axolotl/idle_air2"
    ]
  },
  "mob.seb_medium_camera_man_turned.hit": {
    "category": " neutral",
    "sounds": [
      "sounds/sounds/mob/axolotl/idle_air2"
    ]
  },
  "mob.seb_large_speakerman_turned.idle": {
    "category": " neutral",
    "sounds": [
      "sounds/mob/seb_large_speakerman_turned/idle"
    ]
  },
  "mob.seb_large_speakerman_turned.death": {
    "category": " neutral",
    "sounds": [
      "sounds/sounds/mob/axolotl/idle_air2"
    ]
  },
  "mob.seb_large_speakerman_turned.haggle": {
    "category": " neutral",
    "sounds": [
      "sounds/sounds/mob/axolotl/idle_air2"
    ]
  },
  "mob.seb_large_speakerman_turned.no": {
    "category": " neutral",
    "sounds": [
      "sounds/sounds/mob/axolotl/idle_air2"
    ]
  },
  "mob.seb_large_speakerman_turned.yes": {
    "category": " neutral",
    "sounds": [
      "sounds/sounds/mob/axolotl/idle_air2"
    ]
  },
  "mob.seb_large_speakerman_turned.hit": {
    "category": " neutral",
    "sounds": [
      "sounds/sounds/mob/axolotl/idle_air2"
    ]
  },
  "mob.seb_large_speakerman.hit": {
    "category": " neutral",
    "sounds": [
      "sounds/sounds/mob/wither/hurt1"
    ]
  },
  "mob.seb_holy_skibidi_toilet.idle": {
    "category": " neutral",
    "sounds": [
      "sounds/mob/seb_holy_skibidi_toilet/idle"
    ]
  },
  "mob.seb_large_speakerman.idle": {
    "category": " neutral",
    "sounds": [
      "sounds/mob/seb_large_speakerman/idle"
    ]
  },
  "mob.seb_cameraman_turned.idle": {
    "category": " neutral",
    "sounds": [
      "sounds/mob/seb_cameraman_turned/idle"
    ]
  },
  "mob.seb_tv_man.death": {
    "category": " neutral",
    "sounds": [
      "sounds/sounds/mob/axolotl/idle_air2"
    ]
  },
  "mob.seb_tv_man.haggle": {
    "category": " neutral",
    "sounds": [
      "sounds/sounds/mob/axolotl/idle_air2"
    ]
  },
  "mob.seb_tv_man.no": {
    "category": " neutral",
    "sounds": [
      "sounds/sounds/mob/axolotl/idle_air2"
    ]
  },
  "mob.seb_tv_man.yes": {
    "category": " neutral",
    "sounds": [
      "sounds/sounds/mob/axolotl/idle_air2"
    ]
  },
  "mob.seb_tv_man.hit": {
    "category": " neutral",
    "sounds": [
      "sounds/sounds/mob/axolotl/idle_air2"
    ]
  },
  "mob.seb_big_tv_man.death": {
    "category": " neutral",
    "sounds": [
      "sounds/sounds/mob/axolotl/idle_air2"
    ]
  },
  "mob.seb_big_tv_man.haggle": {
    "category": " neutral",
    "sounds": [
      "sounds/sounds/mob/axolotl/idle_air2"
    ]
  },
  "mob.seb_big_tv_man.no": {
    "category": " neutral",
    "sounds": [
      "sounds/sounds/mob/axolotl/idle_air2"
    ]
  },
  "mob.seb_big_tv_man.yes": {
    "category": " neutral",
    "sounds": [
      "sounds/sounds/mob/axolotl/idle_air2"
    ]
  },
  "mob.seb_big_tv_man.hit": {
    "category": " neutral",
    "sounds": [
      "sounds/sounds/mob/axolotl/idle_air2"
    ]
  },
  "mob.seb_big_tv_man.idle": {
    "category": " neutral",
    "sounds": [
      "sounds/mob/seb_big_tv_man/idle"
    ]
  },
  "mob.seb_tv_man.idle": {
    "category": " neutral",
    "sounds": [
      "sounds/mob/seb_tv_man/idle"
    ]
  },
  "mob.seb_dj_skibidi_toilet.idle": {
    "category": " neutral",
    "sounds": [
      "sounds/mob/seb_dj_skibidi_toilet/idle"
    ]
  },
  "mob.seb_titan_tv_man.idle": {
    "category": " neutral",
    "sounds": [
      "sounds/mob/seb_titan_tv_man/idle"
    ]
  },
  "mob.seb_multihead_skibidi_toilet.say": {
    "category": " neutral",
    "sounds": [
      {
        "load_on_low_memory": true,
        "name": "sounds/mob/seb_multihead_skibidi_toilet/say"
      },
      "sounds/mob/seb_multihead_skibidi_toilet/say",
      "sounds/mob/seb_multihead_skibidi_toilet/say",
      "sounds/mob/seb_multihead_skibidi_toilet/say"
    ]
  },
  "mob.seb_multihead_skibidi_toilet.hurt": {
    "category": " neutral",
    "sounds": [
      "sounds/sounds/mob/axolotl/idle_air2"
    ]
  },
  "mob.seb_gman_skibidi_toilet.say": {
    "category": " neutral",
    "sounds": [
      "sounds/mob/seb_gman_skibidi_toilet/say/say1",
      "sounds/mob/seb_gman_skibidi_toilet/say",
      {
        "load_on_low_memory": true,
        "name": "sounds/mob/seb_gman_skibidi_toilet/say"
      }
    ]
  },
  "mob.seb_gman_skibidi_toilet.hurt": {
    "category": " neutral",
    "sounds": [
      "sounds/sounds/mob/axolotl/idle_air2"
    ]
  },
  "mob.seb_gman_skibidi_toilet.death": {
    "category": " neutral",
    "sounds": [
      "sounds/sounds/mob/axolotl/idle_air2"
    ]
  },
  "mob.seb_gman_skibidi_toilet.step": {
    "category": " neutral",
    "sounds": [
      {
        "load_on_low_memory": true,
        "name": "sounds/sounds/mob/axolotl/idle_air2"
      },
      "sounds/sounds/mob/axolotl/idle_air2",
      "sounds/sounds/mob/axolotl/idle_air2",
      "sounds/sounds/mob/axolotl/idle_air2"
    ]
  }
}