{
  "format_version": "1.12.0",
  "minecraft:geometry": [
    {
      "description": {
        "identifier": "geometry.yg_big_camera_man",
        "texture_width": 128,
        "texture_height": 128,
        "visible_bounds_width": 4,
        "visible_bounds_height": 6,
        "visible_bounds_offset": [
          0,
          2,
          0
        ]
      },
      "bones": [
        {
          "name": "Root"
        },
        {
          "name": "Body",
          "pivot": [
            0,
            23,
            0
          ],
          "cubes": [
            {
              "origin": [
                -6.0,
                36.98097,
                -4.43578
              ],
              "size": [
                12.0,
                9.0,
                7.0
              ],
              "pivot": [
                0.0,
                41.48097,
                -0.93578
              ],
              "rotation": [
                5.0,
                0.0,
                0.0
              ],
              "uv": [
                0,
                0
              ],
              "inflate": 0
            },
            {
              "origin": [
                -1.2,
                43.4588,
                -4.81466
              ],
              "size": [
                2.4,
                2.4,
                0.0
              ],
              "uv": [
                0,
                0
              ],
              "inflate": 0
            },
            {
              "origin": [
                -1.0,
                34.6588,
                -4.81466
              ],
              "size": [
                2.0,
                9.0,
                0.0
              ],
              "uv": [
                16,
                62
              ],
              "inflate": 0
            },
            {
              "origin": [
                -5.0,
                27.0,
                -3.5
              ],
              "size": [
                10.0,
                11.0,
                6.0
              ],
              "uv": [
                36,
                10
              ],
              "inflate": 0
            },
            {
              "origin": [
                -5.2,
                22.92,
                -3.62
              ],
              "size": [
                10.4,
                4.16,
                6.24
              ],
              "uv": [
                38,
                0
              ],
              "inflate": 0
            }
          ],
          "parent": "Root"
        },
        {
          "name": "Head",
          "pivot": [
            0,
            46,
            0
          ],
          "cubes": [
            {
              "origin": [
                -3.5,
                46.0,
                -5.0
              ],
              "size": [
                7.0,
                7.0,
                7.0
              ],
              "uv": [
                51,
                27
              ],
              "inflate": 0
            },
            {
              "origin": [
                -6.41363,
                52.1611,
                -3.0
              ],
              "size": [
                4.0,
                6.0,
                0.0
              ],
              "pivot": [
                -4.41363,
                55.1611,
                -3.0
              ],
              "rotation": [
                0.0,
                0.0,
                20.0
              ],
              "uv": [
                31,
                0
              ],
              "inflate": 0
            },
            {
              "origin": [
                -4.5,
                44.03407,
                -5.25882
              ],
              "size": [
                9.0,
                2.0,
                0.0
              ],
              "pivot": [
                0.0,
                45.03407,
                -5.25882
              ],
              "rotation": [
                -15.0,
                0.0,
                0.0
              ],
              "uv": [
                36,
                31
              ],
              "inflate": 0
            },
            {
              "origin": [
                -2.5,
                53.0,
                -5.0
              ],
              "size": [
                8.0,
                2.0,
                2.0
              ],
              "uv": [
                36,
                27
              ],
              "inflate": 0
            },
            {
              "origin": [
                3.5,
                53.96285,
                -3.65685
              ],
              "size": [
                2.0,
                2.0,
                5.0
              ],
              "pivot": [
                4.5,
                54.96285,
                -1.15685
              ],
              "rotation": [
                25.0,
                0.0,
                0.0
              ],
              "uv": [
                21,
                16
              ],
              "inflate": 0
            },
            {
              "origin": [
                0.3,
                55.36202,
                0.93523
              ],
              "size": [
                5.4,
                2.16,
                2.16
              ],
              "pivot": [
                3.0,
                56.44202,
                2.01523
              ],
              "rotation": [
                25.0,
                0.0,
                0.0
              ],
              "uv": [
                51,
                41
              ],
              "inflate": 0
            },
            {
              "origin": [
                -2.0,
                46.653,
                -3.74558
              ],
              "size": [
                4.0,
                8.0,
                11.0
              ],
              "pivot": [
                0.0,
                50.653,
                1.75442
              ],
              "rotation": [
                -17.5,
                0.0,
                0.0
              ],
              "uv": [
                17,
                26
              ],
              "inflate": 0
            },
            {
              "origin": [
                -0.08,
                46.33301,
                -4.18558
              ],
              "size": [
                2.16,
                8.64,
                11.88
              ],
              "pivot": [
                1.0,
                50.65301,
                1.75442
              ],
              "rotation": [
                -17.5,
                0.0,
                0.0
              ],
              "uv": [
                36,
                34
              ],
              "inflate": 0
            },
            {
              "origin": [
                -3.0,
                46.5,
                -7.0
              ],
              "size": [
                6.0,
                6.0,
                2.0
              ],
              "uv": [
                0,
                62
              ],
              "inflate": 0
            },
            {
              "origin": [
                -4.5,
                45.5,
                -10.0
              ],
              "size": [
                9.0,
                8.0,
                3.0
              ],
              "uv": [
                60,
                65
              ],
              "inflate": 0
            }
          ],
          "parent": "Body"
        },
        {
          "name": "Rightarm",
          "pivot": [
            -5.5,
            44.5,
            -0.5
          ],
          "cubes": [
            {
              "origin": [
                -11.0,
                33.0,
                -3.0
              ],
              "size": [
                5.0,
                13.0,
                5.0
              ],
              "uv": [
                40,
                53
              ],
              "inflate": 0
            }
          ],
          "parent": "Body"
        },
        {
          "name": "bone",
          "pivot": [
            -8.5,
            33,
            -0.5
          ],
          "cubes": [
            {
              "origin": [
                -11.2,
                16.36,
                -3.2
              ],
              "size": [
                5.4,
                17.28,
                5.4
              ],
              "uv": [
                0,
                40
              ],
              "inflate": 0
            }
          ],
          "parent": "Rightarm"
        },
        {
          "name": "Leftarm",
          "pivot": [
            5.5,
            44.5,
            -0.5
          ],
          "cubes": [
            {
              "origin": [
                6.0,
                33.0,
                -3.0
              ],
              "size": [
                5.0,
                13.0,
                5.0
              ],
              "uv": [
                40,
                53
              ],
              "inflate": 0,
              "mirror": true
            }
          ],
          "parent": "Body"
        },
        {
          "name": "bone4",
          "pivot": [
            8.5,
            33,
            -0.5
          ],
          "cubes": [
            {
              "origin": [
                5.8,
                16.36,
                -3.2
              ],
              "size": [
                5.4,
                17.28,
                5.4
              ],
              "uv": [
                0,
                40
              ],
              "inflate": 0,
              "mirror": true
            }
          ],
          "parent": "Leftarm"
        },
        {
          "name": "Rightleg",
          "pivot": [
            -3.5,
            24,
            -0.5
          ],
          "cubes": [
            {
              "origin": [
                -6.0,
                11.0,
                -3.0
              ],
              "size": [
                5.0,
                13.0,
                5.0
              ],
              "uv": [
                20,
                48
              ],
              "inflate": 0
            },
            {
              "origin": [
                -6.73591,
                11.10334,
                -4.0
              ],
              "size": [
                7.0,
                14.0,
                7.0
              ],
              "pivot": [
                -3.23591,
                18.10334,
                -0.5
              ],
              "rotation": [
                0.0,
                0.0,
                2.5
              ],
              "uv": [
                0,
                16
              ],
              "inflate": 0
            }
          ],
          "parent": "Root"
        },
        {
          "name": "bone2",
          "pivot": [
            -3.5,
            11.5,
            -0.5
          ],
          "cubes": [
            {
              "origin": [
                -6.2,
                -0.64,
                -3.2
              ],
              "size": [
                5.4,
                12.28,
                5.4
              ],
              "uv": [
                60,
                48
              ],
              "inflate": 0
            }
          ],
          "parent": "Rightleg"
        },
        {
          "name": "Leftleg",
          "pivot": [
            3.5,
            25,
            -0.5
          ],
          "cubes": [
            {
              "origin": [
                1.0,
                11.0,
                -3.0
              ],
              "size": [
                5.0,
                13.0,
                5.0
              ],
              "uv": [
                20,
                48
              ],
              "inflate": 0,
              "mirror": true
            },
            {
              "origin": [
                -0.26409,
                11.10334,
                -4.0
              ],
              "size": [
                7.0,
                14.0,
                7.0
              ],
              "pivot": [
                3.23591,
                18.10334,
                -0.5
              ],
              "rotation": [
                0.0,
                0.0,
                -2.5
              ],
              "uv": [
                0,
                16
              ],
              "inflate": 0,
              "mirror": true
            }
          ],
          "parent": "Root"
        },
        {
          "name": "bone3",
          "pivot": [
            3.5,
            11.5,
            -0.5
          ],
          "cubes": [
            {
              "origin": [
                0.8,
                -0.64,
                -3.2
              ],
              "size": [
                5.4,
                12.28,
                5.4
              ],
              "uv": [
                60,
                48
              ],
              "inflate": 0,
              "mirror": true
            }
          ],
          "parent": "Leftleg"
        }
      ]
    }
  ]
}