{
  "format_version": "1.12.0",
  "minecraft:geometry": [
    {
      "description": {
        "identifier": "geometry.yg_camera_women",
        "texture_width": 64,
        "texture_height": 64,
        "visible_bounds_width": 3,
        "visible_bounds_height": 4.5,
        "visible_bounds_offset": [
          0,
          1.75,
          0
        ]
      },
      "bones": [
        {
          "name": "Root"
        },
        {
          "name": "Body",
          "pivot": [
            0,
            17,
            1
          ],
          "cubes": [
            {
              "origin": [
                -3.3864,
                26.63459,
                -1.61563
              ],
              "size": [
                6.7728,
                6.6912,
                5.508
              ],
              "pivot": [
                0.0,
                29.98019,
                1.13837
              ],
              "rotation": [
                -2.5,
                0.0,
                0.0
              ],
              "uv": [
                40,
                0
              ],
              "inflate": 0
            },
            {
              "origin": [
                -3.32,
                27.76184,
                -2.34269
              ],
              "size": [
                6.64,
                4.56,
                1.4
              ],
              "pivot": [
                0.0,
                30.04184,
                -1.64269
              ],
              "rotation": [
                -17.5,
                0.0,
                0.0
              ],
              "uv": [
                33,
                20
              ],
              "inflate": 0
            },
            {
              "origin": [
                -3.0,
                20.0,
                -1.5
              ],
              "size": [
                6.0,
                7.0,
                5.0
              ],
              "uv": [
                0,
                33
              ],
              "inflate": 0
            },
            {
              "origin": [
                -3.42,
                16.82,
                -1.8
              ],
              "size": [
                6.84,
                3.36,
                5.6
              ],
              "uv": [
                42,
                20
              ],
              "inflate": 0
            },
            {
              "origin": [
                -2.96256,
                32.30239,
                -1.0
              ],
              "size": [
                2.0,
                5.0,
                5.0
              ],
              "pivot": [
                -1.96256,
                34.80239,
                1.5
              ],
              "rotation": [
                0.0,
                0.0,
                -32.5
              ],
              "uv": [
                28,
                45
              ],
              "inflate": 0
            },
            {
              "origin": [
                0.96256,
                32.30239,
                -1.0
              ],
              "size": [
                2.0,
                5.0,
                5.0
              ],
              "pivot": [
                1.96256,
                34.80239,
                1.5
              ],
              "rotation": [
                0.0,
                0.0,
                32.5
              ],
              "uv": [
                28,
                45
              ],
              "inflate": 0,
              "mirror": true
            },
            {
              "origin": [
                -2.53758,
                32.44816,
                4.0
              ],
              "size": [
                5.0,
                5.0,
                0.0
              ],
              "uv": [
                0,
                17
              ],
              "inflate": 0
            },
            {
              "origin": [
                1.28962,
                27.08973,
                -2.72572
              ],
              "size": [
                4.0,
                6.0,
                0.0
              ],
              "pivot": [
                3.28962,
                30.08973,
                -2.72572
              ],
              "rotation": [
                -17.75313,
                9.53274,
                -3.03513
              ],
              "uv": [
                40,
                11
              ],
              "inflate": 0
            },
            {
              "origin": [
                -5.28961,
                27.08974,
                -2.72571
              ],
              "size": [
                4.0,
                6.0,
                0.0
              ],
              "pivot": [
                -3.28961,
                30.08974,
                -2.72571
              ],
              "rotation": [
                -17.75313,
                -9.53274,
                3.03513
              ],
              "uv": [
                40,
                11
              ],
              "inflate": 0,
              "mirror": true
            }
          ],
          "parent": "Root"
        },
        {
          "name": "Head",
          "pivot": [
            0,
            33,
            0
          ],
          "cubes": [
            {
              "origin": [
                -3.0,
                35.0,
                -5.0
              ],
              "size": [
                6.0,
                6.0,
                10.0
              ],
              "uv": [
                0,
                17
              ],
              "inflate": 0
            },
            {
              "origin": [
                -3.18,
                34.85,
                -6.33
              ],
              "size": [
                6.36,
                6.3,
                11.66
              ],
              "uv": [
                0,
                0
              ],
              "inflate": 0
            },
            {
              "origin": [
                -1.5,
                32.0,
                0.0
              ],
              "size": [
                3.0,
                4.0,
                3.0
              ],
              "pivot": [
                0.0,
                34.0,
                1.5
              ],
              "rotation": [
                -10.0,
                0.0,
                0.0
              ],
              "uv": [
                23,
                0
              ],
              "inflate": 0
            }
          ],
          "parent": "Body"
        },
        {
          "name": "bone5",
          "pivot": [
            0,
            33,
            1.5
          ],
          "cubes": [
            {
              "origin": [
                -1.0,
                31.90954,
                1.01303
              ],
              "size": [
                2.0,
                5.0,
                2.0
              ],
              "pivot": [
                0.0,
                34.40954,
                2.01303
              ],
              "rotation": [
                -20.0,
                0.0,
                0.0
              ],
              "uv": [
                0,
                0
              ],
              "inflate": 0
            },
            {
              "origin": [
                -1.2992,
                36.11755,
                1.50857
              ],
              "size": [
                2.5984,
                2.5984,
                2.5984
              ],
              "uv": [
                0,
                22
              ],
              "inflate": 0
            },
            {
              "origin": [
                -1.5,
                38.0,
                -3.5
              ],
              "size": [
                3.0,
                3.0,
                9.0
              ],
              "uv": [
                25,
                8
              ],
              "inflate": 0
            },
            {
              "origin": [
                -1.74,
                36.84,
                -2.9
              ],
              "size": [
                3.48,
                2.32,
                5.8
              ],
              "uv": [
                22,
                20
              ],
              "inflate": 0
            },
            {
              "origin": [
                -0.5,
                39.0,
                -6.5
              ],
              "size": [
                1.0,
                1.0,
                3.0
              ],
              "uv": [
                0,
                7
              ],
              "inflate": 0
            },
            {
              "origin": [
                -0.66,
                38.84,
                -9.98
              ],
              "size": [
                1.32,
                1.32,
                3.96
              ],
              "uv": [
                0,
                7
              ],
              "inflate": 0
            }
          ],
          "parent": "Head",
          "rotation": [
            -90,
            0,
            0
          ]
        },
        {
          "name": "Rightarm",
          "pivot": [
            -4.5,
            32,
            1
          ],
          "cubes": [
            {
              "origin": [
                -6.0,
                25.0,
                -0.5
              ],
              "size": [
                3.0,
                8.0,
                3.0
              ],
              "uv": [
                48,
                28
              ],
              "inflate": 0
            }
          ],
          "parent": "Body"
        },
        {
          "name": "bone",
          "pivot": [
            -5.5,
            25.5,
            1
          ],
          "cubes": [
            {
              "origin": [
                -6.18,
                15.4,
                -0.68
              ],
              "size": [
                3.36,
                10.2,
                3.36
              ],
              "uv": [
                16,
                45
              ],
              "inflate": 0
            }
          ],
          "parent": "Rightarm"
        },
        {
          "name": "Leftarm",
          "pivot": [
            4.5,
            32,
            1
          ],
          "cubes": [
            {
              "origin": [
                3.0,
                25.0,
                -0.5
              ],
              "size": [
                3.0,
                8.0,
                3.0
              ],
              "uv": [
                48,
                28
              ],
              "inflate": 0,
              "mirror": true
            }
          ],
          "parent": "Body"
        },
        {
          "name": "bone3",
          "pivot": [
            5.5,
            25.5,
            1
          ],
          "cubes": [
            {
              "origin": [
                2.82,
                15.4,
                -0.68
              ],
              "size": [
                3.36,
                10.2,
                3.36
              ],
              "uv": [
                16,
                45
              ],
              "inflate": 0,
              "mirror": true
            }
          ],
          "parent": "Leftarm"
        },
        {
          "name": "Rightleg",
          "pivot": [
            -2,
            17,
            1
          ],
          "cubes": [
            {
              "origin": [
                -4.0,
                9.0,
                -1.0
              ],
              "size": [
                4.0,
                8.0,
                4.0
              ],
              "uv": [
                0,
                45
              ],
              "inflate": 0
            },
            {
              "origin": [
                -4.44855,
                7.98741,
                -2.0
              ],
              "size": [
                5.0,
                12.0,
                6.0
              ],
              "pivot": [
                -1.94855,
                13.98741,
                1.0
              ],
              "rotation": [
                0.0,
                0.0,
                5.0
              ],
              "uv": [
                26,
                27
              ],
              "inflate": 0
            }
          ],
          "parent": "Root"
        },
        {
          "name": "bone2",
          "pivot": [
            -2,
            9.5,
            0.98
          ],
          "cubes": [
            {
              "origin": [
                -4.18,
                -0.6,
                -1.2
              ],
              "size": [
                4.36,
                10.2,
                4.36
              ],
              "uv": [
                44,
                41
              ],
              "inflate": 0
            }
          ],
          "parent": "Rightleg"
        },
        {
          "name": "Leftleg",
          "pivot": [
            2,
            17,
            1
          ],
          "cubes": [
            {
              "origin": [
                0.0,
                9.0,
                -1.0
              ],
              "size": [
                4.0,
                8.0,
                4.0
              ],
              "uv": [
                0,
                45
              ],
              "inflate": 0,
              "mirror": true
            },
            {
              "origin": [
                -0.55145,
                7.98741,
                -2.0
              ],
              "size": [
                5.0,
                12.0,
                6.0
              ],
              "pivot": [
                1.94855,
                13.98741,
                1.0
              ],
              "rotation": [
                0.0,
                0.0,
                -5.0
              ],
              "uv": [
                26,
                27
              ],
              "inflate": 0,
              "mirror": true
            }
          ],
          "parent": "Root"
        },
        {
          "name": "bone4",
          "pivot": [
            2,
            9.5,
            0.98
          ],
          "cubes": [
            {
              "origin": [
                -0.18,
                -0.6,
                -1.2
              ],
              "size": [
                4.36,
                10.2,
                4.36
              ],
              "uv": [
                44,
                41
              ],
              "inflate": 0,
              "mirror": true
            }
          ],
          "parent": "Leftleg"
        }
      ]
    }
  ]
}