{
	"format_version": "1.12.0",
	"minecraft:geometry": [
		{
			"description": {
				"identifier": "geometry.yg_double_buzzsaw_toilet",
				"texture_width": 128,
				"texture_height": 128,
				"visible_bounds_width": 3,
				"visible_bounds_height": 4.5,
				"visible_bounds_offset": [0, 1.75, 0]
			},
			"bones": [
				{
					"name": "Root",
					"pivot": [0, 36, 0]
				},
				{
					"name": "Body",
					"parent": "Root",
					"pivot": [0, 20, 0],
					"cubes": [
						{"origin": [-5, 29, -6], "size": [10, 2, 11], "uv": [28, 31]},
						{"origin": [-4.5, 25, -5.5], "size": [9, 4, 10], "uv": [18, 44]},
						{"origin": [-3, 21, -3], "size": [6, 4, 6], "uv": [64, 40]},
						{"origin": [-3.42, 19.93, -3.42], "size": [6.84, 1.14, 6.84], "uv": [0, 45]},
						{"origin": [-7.5, 27, 4], "size": [15, 23, 8], "uv": [0, 0]},
						{"origin": [-8.5, 34, 7], "size": [1, 4, 3], "uv": [0, 0]},
						{"origin": [7.5, 34, 7], "size": [1, 4, 3], "uv": [0, 0], "mirror": true},
						{"origin": [-13.5, 27, 6], "size": [5, 23, 5], "uv": [46, 0]},
						{"origin": [8.5, 27, 6], "size": [5, 23, 5], "uv": [46, 0], "mirror": true},
						{"origin": [-14, 45.5, 5.5], "size": [6, 6, 6], "uv": [59, 28]},
						{"origin": [8, 45.5, 5.5], "size": [6, 6, 6], "uv": [59, 28], "mirror": true},
						{"origin": [-14.18, 25.32, 5.32], "size": [6.36, 6.36, 6.36], "uv": [24, 58]},
						{"origin": [7.82, 25.32, 5.32], "size": [6.36, 6.36, 6.36], "uv": [24, 58], "mirror": true},
						{"origin": [-14, 42.5, 5.5], "size": [6, 2, 6], "uv": [0, 66]},
						{"origin": [8, 42.5, 5.5], "size": [6, 2, 6], "uv": [0, 66], "mirror": true},
						{"origin": [-14, 33.5, 5.5], "size": [6, 8, 6], "uv": [0, 52]},
						{"origin": [8, 33.5, 5.5], "size": [6, 8, 6], "uv": [0, 52], "mirror": true},
						{"origin": [-15.34862, 34.51522, 6.5], "size": [2, 7, 4], "pivot": [-14.34862, 38.01522, 8.5], "rotation": [0, 0, 5], "uv": [20, 70]},
						{"origin": [13.34862, 34.51522, 6.5], "size": [2, 7, 4], "pivot": [14.34862, 38.01522, 8.5], "rotation": [0, 0, -5], "uv": [20, 70], "mirror": true}
					]
				},
				{
					"name": "Rightarm",
					"parent": "Body",
					"pivot": [-4, 28, 2.5],
					"cubes": [
						{"origin": [-8, 26, 0.5], "size": [4, 4, 4], "uv": [61, 66]},
						{"origin": [-9, 16, 2], "size": [1, 12, 1], "uv": [12, 74]},
						{"origin": [-4, 16, 2], "size": [1, 12, 1], "uv": [12, 74]},
						{"origin": [-9.22, 26.78, 1.78], "size": [1.44, 1.44, 1.44], "uv": [34, 35]},
						{"origin": [-4.22, 26.78, 1.78], "size": [1.44, 1.44, 1.44], "uv": [34, 35]},
						{"origin": [-9.22, 15.78, 1.78], "size": [2.44, 1.44, 1.44], "uv": [38, 6]},
						{"origin": [-5.22, 15.78, 1.78], "size": [2.44, 1.44, 1.44], "uv": [38, 6]},
						{"origin": [-7.5, 21, 0.5], "size": [3, 4, 4], "uv": [32, 71]},
						{"origin": [-7, 16, 1.5], "size": [2, 4, 2], "uv": [28, 35]},
						{"origin": [-7.36, 14.64, 1.14], "size": [2.72, 2.72, 2.72], "uv": [18, 45]},
						{"origin": [-7.92, 19.72, 1.22], "size": [3.84, 2.56, 2.56], "uv": [28, 31]},
						{"origin": [-8.36, 24.88, 0.02], "size": [4.72, 1.24, 4.96], "uv": [66, 23]},
						{"origin": [-8, 14, -5.5], "size": [4, 4, 5], "uv": [43, 66]},
						{"origin": [-7, 15, -16.5], "size": [2, 2, 7], "uv": [66, 14]},
						{"origin": [-6.57, 15.75986, -14.39899], "size": [1.14, 3.42, 1.14], "pivot": [-6, 17.46986, -13.82899], "rotation": [-20, 0, 0], "uv": [0, 45]},
						{"origin": [-6.57, 12.82015, -14.39899], "size": [1.14, 3.42, 1.14], "pivot": [-6, 14.53015, -13.82899], "rotation": [20, 0, 0], "uv": [0, 45]},
						{"origin": [-6.5, 18.30802, -14.48224], "size": [1, 3, 1], "pivot": [-6, 19.80802, -13.98224], "rotation": [27.5, 0, 0], "uv": [0, 45]},
						{"origin": [-6.5, 10.69198, -14.48224], "size": [1, 3, 1], "pivot": [-6, 12.19198, -13.98224], "rotation": [-27.5, 0, 0], "uv": [0, 45]},
						{"origin": [-7.4, 14.6, -10.3], "size": [2.8, 2.8, 5.6], "uv": [72, 50]},
						{"origin": [-7.3, 14.7, -16.65], "size": [2.6, 2.6, 1.3], "uv": [43, 0]},
						{"origin": [-7.6, 14.4, -19.1], "size": [3.2, 3.2, 3.2], "uv": [58, 74]},
						{"origin": [-8.28, 13.72, -0.64], "size": [4.56, 4.56, 2.28], "uv": [0, 74]}
					]
				},
				{
					"name": "bone",
					"parent": "Rightarm",
					"pivot": [-6, 16, -17.5],
					"cubes": [
						{"origin": [-6, 9, -24.5], "size": [0, 14, 14], "uv": [0, 17]}
					]
				},
				{
					"name": "Leftarm",
					"parent": "Body",
					"pivot": [4, 28, 2.5],
					"cubes": [
						{"origin": [4, 26, 0.5], "size": [4, 4, 4], "uv": [61, 66], "mirror": true},
						{"origin": [8, 16, 2], "size": [1, 12, 1], "uv": [12, 74], "mirror": true},
						{"origin": [3, 16, 2], "size": [1, 12, 1], "uv": [12, 74], "mirror": true},
						{"origin": [7.78, 26.78, 1.78], "size": [1.44, 1.44, 1.44], "uv": [34, 35], "mirror": true},
						{"origin": [2.78, 26.78, 1.78], "size": [1.44, 1.44, 1.44], "uv": [34, 35], "mirror": true},
						{"origin": [6.78, 15.78, 1.78], "size": [2.44, 1.44, 1.44], "uv": [38, 6], "mirror": true},
						{"origin": [2.78, 15.78, 1.78], "size": [2.44, 1.44, 1.44], "uv": [38, 6], "mirror": true},
						{"origin": [4.5, 21, 0.5], "size": [3, 4, 4], "uv": [32, 71], "mirror": true},
						{"origin": [5, 16, 1.5], "size": [2, 4, 2], "uv": [28, 35], "mirror": true},
						{"origin": [4.64, 14.64, 1.14], "size": [2.72, 2.72, 2.72], "uv": [18, 45], "mirror": true},
						{"origin": [4.08, 19.72, 1.22], "size": [3.84, 2.56, 2.56], "uv": [28, 31], "mirror": true},
						{"origin": [3.64, 24.88, 0.02], "size": [4.72, 1.24, 4.96], "uv": [66, 23], "mirror": true},
						{"origin": [4, 14, -5.5], "size": [4, 4, 5], "uv": [43, 66], "mirror": true},
						{"origin": [5, 15, -16.5], "size": [2, 2, 7], "uv": [66, 14], "mirror": true},
						{"origin": [5.43, 15.75985, -14.39899], "size": [1.14, 3.42, 1.14], "pivot": [6, 17.46985, -13.82899], "rotation": [-20, 0, 0], "uv": [0, 45], "mirror": true},
						{"origin": [5.43, 12.82014, -14.39899], "size": [1.14, 3.42, 1.14], "pivot": [6, 14.53014, -13.82899], "rotation": [20, 0, 0], "uv": [0, 45], "mirror": true},
						{"origin": [5.5, 18.30802, -14.48224], "size": [1, 3, 1], "pivot": [6, 19.80802, -13.98224], "rotation": [27.5, 0, 0], "uv": [0, 45], "mirror": true},
						{"origin": [5.5, 10.69198, -14.48224], "size": [1, 3, 1], "pivot": [6, 12.19198, -13.98224], "rotation": [-27.5, 0, 0], "uv": [0, 45], "mirror": true},
						{"origin": [4.6, 14.6, -10.3], "size": [2.8, 2.8, 5.6], "uv": [72, 50], "mirror": true},
						{"origin": [4.7, 14.7, -16.65], "size": [2.6, 2.6, 1.3], "uv": [43, 0], "mirror": true},
						{"origin": [4.4, 14.4, -19.1], "size": [3.2, 3.2, 3.2], "uv": [58, 74], "mirror": true},
						{"origin": [3.72, 13.72, -0.64], "size": [4.56, 4.56, 2.28], "uv": [0, 74], "mirror": true}
					]
				},
				{
					"name": "bone2",
					"parent": "Leftarm",
					"pivot": [6, 16, -17.5],
					"cubes": [
						{"origin": [6, 9, -24.5], "size": [0, 14, 14], "uv": [0, 17], "mirror": true}
					]
				},
				{
					"name": "Neck",
					"parent": "Body",
					"pivot": [0, 28, 0],
					"cubes": [
						{"origin": [-2, 27, -2], "size": [4, 10, 4], "uv": [66, 0]}
					]
				},
				{
					"name": "Head",
					"parent": "Neck",
					"pivot": [0, 36, 0],
					"cubes": [
						{"origin": [-4, 36, -4], "size": [8, 8, 8], "uv": [48, 50]},
						{"origin": [-4, 38.5, -5], "size": [8, 1, 1], "uv": [46, 28]},
						{"origin": [-4.33651, 38.5, -4.92734], "size": [1, 3, 3], "pivot": [-3.83651, 40, -3.42734], "rotation": [0, -12.5, 0], "uv": [38, 0]},
						{"origin": [3.33651, 38.5, -4.92734], "size": [1, 3, 3], "pivot": [3.83651, 40, -3.42734], "rotation": [0, 12.5, 0], "uv": [38, 0], "mirror": true},
						{"origin": [-4, 40.5, -5], "size": [8, 1, 1], "uv": [46, 28]}
					]
				},
				{
					"name": "Mouth",
					"parent": "Head",
					"pivot": [0, 37, -4.1],
					"cubes": [
						{"origin": [-4.5, 35, -4.1], "size": [9, 4, 0], "uv": [46, 44]}
					]
				}
			]
		}
	]
}