{"format_version":"1.12.0","minecraft:geometry":[{"description":{"identifier":"geometry.yg_infected_big_camera_man","texture_width":128,"texture_height":128,"visible_bounds_width":4,"visible_bounds_height":6,"visible_bounds_offset":[0,2,0]},"bones":[{"name":"Root","pivot":[0,0,0]},{"name":"Body","parent":"Root","pivot":[0,23,0],"cubes":[{"origin":[-6,36.98097,-4.43578],"size":[12,9,7],"pivot":[0,41.48097,-0.93578],"rotation":[5,0,0],"uv":[0,0]},{"origin":[-1.2,43.4588,-4.81466],"size":[2.4,2.4,0],"uv":[0,0]},{"origin":[-1,34.6588,-4.81466],"size":[2,9,0],"uv":[16,62]},{"origin":[-5,27,-3.5],"size":[10,11,6],"uv":[36,10]},{"origin":[-5.2,22.92,-3.62],"size":[10.4,4.16,6.24],"uv":[38,0]}]},{"name":"Head","parent":"Body","pivot":[0,46,0],"cubes":[{"origin":[-3.5,46,-5],"size":[7,7,7],"uv":[51,27]},{"origin":[-6.41363,52.1611,-3],"size":[4,6,0],"pivot":[-4.41363,55.1611,-3],"rotation":[0,0,20],"uv":[31,0]},{"origin":[-4.5,44.03407,-5.25882],"size":[9,2,0],"pivot":[0,45.03407,-5.25882],"rotation":[-15,0,0],"uv":[36,31]},{"origin":[-2.5,53,-5],"size":[8,2,2],"uv":[36,27]},{"origin":[3.5,53.96285,-3.65685],"size":[2,2,5],"pivot":[4.5,54.96285,-1.15685],"rotation":[25,0,0],"uv":[21,16]},{"origin":[0.3,55.36202,0.93523],"size":[5.4,2.16,2.16],"pivot":[3,56.44202,2.01523],"rotation":[25,0,0],"uv":[51,41]},{"origin":[-2,46.653,-3.74558],"size":[4,8,11],"pivot":[0,50.653,1.75442],"rotation":[-17.5,0,0],"uv":[17,26]},{"origin":[-0.08,46.33301,-4.18558],"size":[2.16,8.64,11.88],"pivot":[1,50.65301,1.75442],"rotation":[-17.5,0,0],"uv":[36,34]},{"origin":[-3,46.5,-7],"size":[6,6,2],"uv":[0,62]},{"origin":[-4.5,45.5,-10],"size":[9,8,3],"uv":[60,65]}],"locators":{"infection":[0,49,-1]}},{"name":"Rightarm","parent":"Body","pivot":[-5.5,44.5,-0.5],"cubes":[{"origin":[-11,33,-3],"size":[5,13,5],"uv":[40,53]}]},{"name":"bone","parent":"Rightarm","pivot":[-8.5,33,-0.5],"cubes":[{"origin":[-11.2,16.36,-3.2],"size":[5.4,17.28,5.4],"uv":[0,40]}]},{"name":"Leftarm","parent":"Body","pivot":[5.5,44.5,-0.5],"cubes":[{"origin":[6,33,-3],"size":[5,13,5],"uv":[40,53],"mirror":true}]},{"name":"bone4","parent":"Leftarm","pivot":[8.5,33,-0.5],"cubes":[{"origin":[5.8,16.36,-3.2],"size":[5.4,17.28,5.4],"uv":[0,40],"mirror":true}]},{"name":"Rightleg","parent":"Root","pivot":[-3.5,24,-0.5],"cubes":[{"origin":[-6,11,-3],"size":[5,13,5],"uv":[20,48]},{"origin":[-6.73591,11.10334,-4],"size":[7,14,7],"pivot":[-3.23591,18.10334,-0.5],"rotation":[0,0,2.5],"uv":[0,16]}]},{"name":"bone2","parent":"Rightleg","pivot":[-3.5,11.5,-0.5],"cubes":[{"origin":[-6.2,-0.64,-3.2],"size":[5.4,12.28,5.4],"uv":[60,48]}]},{"name":"Leftleg","parent":"Root","pivot":[3.5,25,-0.5],"cubes":[{"origin":[1,11,-3],"size":[5,13,5],"uv":[20,48],"mirror":true},{"origin":[-0.26409,11.10334,-4],"size":[7,14,7],"pivot":[3.23591,18.10334,-0.5],"rotation":[0,0,-2.5],"uv":[0,16],"mirror":true}]},{"name":"bone3","parent":"Leftleg","pivot":[3.5,11.5,-0.5],"cubes":[{"origin":[0.8,-0.64,-3.2],"size":[5.4,12.28,5.4],"uv":[60,48],"mirror":true}]}]}]}