{"format_version":"1.12.0","minecraft:geometry":[{"description":{"identifier":"geometry.yg_parasitic_toilet","texture_width":64,"texture_height":64,"visible_bounds_width":3,"visible_bounds_height":3.5,"visible_bounds_offset":[0,1.25,0]},"bones":[{"name":"Root","pivot":[0,17,0]},{"name":"Body","parent":"Root","pivot":[0,1,0],"cubes":[{"origin":[-5,10,-6],"size":[10,2,11],"uv":[0,0]},{"origin":[-4.5,6,-5.5],"size":[9,4,10],"uv":[0,13]},{"origin":[-3,2,-3],"size":[6,4,6],"uv":[31,0]},{"origin":[-3.42,0.93,-3.42],"size":[6.84,1.14,6.84],"uv":[28,13]},{"origin":[-3.5,10,4],"size":[6,18,6],"uv":[32,21]},{"origin":[-1.5,27,6],"size":[2,8,2],"uv":[0,0]},{"origin":[2.5,22,6],"size":[5,2,2],"uv":[49,0]},{"origin":[5.5,22,8],"size":[2,2,4],"uv":[48,45]},{"origin":[5.14,21.64,11.82],"size":[2.72,2.72,1.36],"uv":[0,19]}]},{"name":"Leg","parent":"Body","pivot":[-4,8.5,-3.5],"cubes":[{"origin":[-10.73358,8.33939,-5],"size":[6,3,3],"pivot":[-7.73358,9.83939,-3.5],"rotation":[0,0,22.5],"uv":[16,43]},{"origin":[-6.10194,6.98134,-5.21],"size":[2.28,3.42,3.42],"pivot":[-4.96194,8.69134,-3.5],"rotation":[0,0,22.5],"uv":[0,13]},{"origin":[-14.27508,7.8086,-4.5],"size":[7,2,2],"pivot":[-10.77508,8.8086,-3.5],"rotation":[0,0,-45],"uv":[34,45]},{"origin":[-15.50138,2.72542,-4],"size":[8,2,1],"pivot":[-11.50138,3.72542,-3.5],"rotation":[0,0,-112.5],"uv":[46,14]}]},{"name":"Leg2","parent":"Body","pivot":[4,8.5,-3.5],"cubes":[{"origin":[4.73358,8.33939,-5],"size":[6,3,3],"pivot":[7.73358,9.83939,-3.5],"rotation":[0,0,-22.5],"uv":[16,43],"mirror":true},{"origin":[3.82194,6.98134,-5.21],"size":[2.28,3.42,3.42],"pivot":[4.96194,8.69134,-3.5],"rotation":[0,0,-22.5],"uv":[0,13],"mirror":true},{"origin":[7.27508,7.8086,-4.5],"size":[7,2,2],"pivot":[10.77508,8.8086,-3.5],"rotation":[0,0,45],"uv":[34,45],"mirror":true},{"origin":[7.50138,2.72542,-4],"size":[8,2,1],"pivot":[11.50138,3.72542,-3.5],"rotation":[0,0,112.5],"uv":[46,14],"mirror":true}]},{"name":"Leg3","parent":"Body","pivot":[4,8.5,2.5],"cubes":[{"origin":[4.73358,8.33939,1],"size":[6,3,3],"pivot":[7.73358,9.83939,2.5],"rotation":[0,0,-22.5],"uv":[16,43],"mirror":true},{"origin":[3.82194,6.98134,0.79],"size":[2.28,3.42,3.42],"pivot":[4.96194,8.69134,2.5],"rotation":[0,0,-22.5],"uv":[0,13],"mirror":true},{"origin":[7.27508,7.8086,1.5],"size":[7,2,2],"pivot":[10.77508,8.8086,2.5],"rotation":[0,0,45],"uv":[34,45],"mirror":true},{"origin":[7.50138,2.72542,2],"size":[8,2,1],"pivot":[11.50138,3.72542,2.5],"rotation":[0,0,112.5],"uv":[46,14],"mirror":true}]},{"name":"Leg4","parent":"Body","pivot":[0,8.5,2.5],"cubes":[{"origin":[-10.73358,8.33939,1],"size":[6,3,3],"pivot":[-7.73358,9.83939,2.5],"rotation":[0,0,22.5],"uv":[16,43]},{"origin":[-6.10194,6.98134,0.79],"size":[2.28,3.42,3.42],"pivot":[-4.96194,8.69134,2.5],"rotation":[0,0,22.5],"uv":[0,13]},{"origin":[-14.50731,9.36926,1.5],"size":[7,2,2],"pivot":[-9.00731,9.86926,2.5],"rotation":[0,0,-45],"uv":[34,45]},{"origin":[-15.50138,2.72542,2],"size":[8,2,1],"pivot":[-11.50138,3.72542,2.5],"rotation":[0,0,-112.5],"uv":[46,14]}]},{"name":"Neck","parent":"Body","pivot":[0,9,0],"cubes":[{"origin":[-2,8,-2],"size":[4,10,4],"uv":[0,43]}]},{"name":"Head","parent":"Neck","pivot":[0,17,0],"cubes":[{"origin":[-4,17,-4],"size":[8,8,8],"uv":[0,27]}]},{"name":"Mouth","parent":"Head","pivot":[0,18,-4.1],"cubes":[{"origin":[-4.5,16,-4.1],"size":[9,4,0],"uv":[46,10]},{"origin":[-1,16.53825,-6.98701],"size":[2,2,4],"pivot":[0,17.53825,-4.98701],"rotation":[27.5,0,0],"uv":[28,49]},{"origin":[-1.1,14.98005,-10.70742],"size":[2.2,2.2,4.4],"pivot":[0,16.08005,-8.50742],"rotation":[17.5,0,0],"uv":[28,49]},{"origin":[-1.2,14.32492,-14.51415],"size":[2.4,2.4,4.8],"uv":[28,49]},{"origin":[-2,13.5,-15.1],"size":[4,4,2],"uv":[16,49]},{"origin":[-2.66762,15.95948,-15.70634],"size":[1.26,3.78,1.26],"pivot":[-2.03762,17.84948,-15.07634],"rotation":[20,0,-50],"uv":[24,27]},{"origin":[-1.51493,10.32861,-15.10615],"size":[1.26,3.78,1.26],"pivot":[-0.57551,13.97345,-14.47615],"rotation":[-20,0,50],"uv":[0,27]},{"origin":[1.40762,11.26052,-15.70634],"size":[1.26,3.78,1.26],"pivot":[2.03762,13.15052,-15.07634],"rotation":[-20,0,-50],"uv":[0,27],"mirror":true},{"origin":[1.40762,15.95948,-15.70634],"size":[1.26,3.78,1.26],"pivot":[2.03762,17.84948,-15.07634],"rotation":[20,0,50],"uv":[24,27],"mirror":true},{"origin":[-3.72862,17.34886,-17.20045],"size":[1,3,1],"pivot":[-3.22862,18.84886,-16.70045],"rotation":[72.5,0,-50],"uv":[4,27]},{"origin":[-3.72862,10.65114,-17.20045],"size":[1,3,1],"pivot":[-3.22862,12.15114,-16.70045],"rotation":[-72.5,0,50],"uv":[6,19]},{"origin":[2.72862,10.65114,-17.20045],"size":[1,3,1],"pivot":[3.22862,12.15114,-16.70045],"rotation":[-72.5,0,-50],"uv":[6,19],"mirror":true},{"origin":[2.72862,17.34886,-17.20045],"size":[1,3,1],"pivot":[3.22862,18.84886,-16.70045],"rotation":[72.5,0,50],"uv":[4,27],"mirror":true}]}]}]}