{
	"format_version": "1.12.0",
	"minecraft:geometry": [
		{
			"description": {
				"identifier": "geometry.yg_police_toilet",
				"texture_width": 128,
				"texture_height": 128,
				"visible_bounds_width": 3,
				"visible_bounds_height": 3.5,
				"visible_bounds_offset": [0, 1.25, 0]
			},
			"bones": [
				{
					"name": "Root",
					"pivot": [0, 16, 0]
				},
				{
					"name": "Body",
					"parent": "Root",
					"pivot": [0, 0, 0],
					"cubes": [
						{"origin": [-5, 9, -6], "size": [10, 2, 11], "uv": [0, 0]},
						{"origin": [-4.5, 5, -5.5], "size": [9, 4, 10], "uv": [0, 25]},
						{"origin": [-3, 1, -3], "size": [6, 4, 6], "uv": [0, 39]},
						{"origin": [-3.42, -0.07, -3.42], "size": [6.84, 1.14, 6.84], "uv": [0, 49]},
						{"origin": [-5.5, 7, 4], "size": [11, 12, 5], "uv": [33, 34]},
						{"origin": [1.22, 18.93, 4.79], "size": [4.56, 1.14, 3.42], "uv": [55, 4]},
						{"origin": [-5.78, 18.93, 4.79], "size": [4.56, 1.14, 3.42], "uv": [55, 4], "mirror": true},
						{"origin": [-1, 19, 5.5], "size": [2, 1, 2], "uv": [0, 0]}
					]
				},
				{
					"name": "Red",
					"parent": "Body",
					"pivot": [3.5, 21, 6.5],
					"cubes": [
						{"origin": [1.5, 20, 5], "size": [4, 2, 3], "uv": [40, 56]}
					]
				},
				{
					"name": "Blue",
					"parent": "Body",
					"pivot": [-3.5, 21, 6.5],
					"cubes": [
						{"origin": [-5.5, 20, 5], "size": [4, 2, 3], "uv": [56, 17]}
					]
				},
				{
					"name": "Red2",
					"parent": "Body",
					"pivot": [3.5, 21, 6.5],
					"cubes": [
						{"origin": [1.5, 20, 5], "size": [4, 2, 3], "uv": [0, 56]}
					]
				},
				{
					"name": "Blue2",
					"parent": "Body",
					"pivot": [-3.5, 21, 6.5],
					"cubes": [
						{"origin": [-5.5, 20, 5], "size": [4, 2, 3], "uv": [18, 39]}
					]
				},
				{
					"name": "Neck",
					"parent": "Body",
					"pivot": [0, 8, 0],
					"cubes": [
						{"origin": [-2, 7, -2], "size": [4, 10, 4], "uv": [24, 51]}
					]
				},
				{
					"name": "Head",
					"parent": "Neck",
					"pivot": [0, 16, 0],
					"cubes": [
						{"origin": [-4, 16, -4], "size": [8, 8, 8], "uv": [32, 17]},
						{"origin": [-4, 23, -7], "size": [8, 1, 4], "uv": [40, 51]},
						{"origin": [-4.4, 21.9, -4.4], "size": [8.8, 2.2, 8.8], "pivot": [0, 23, 0], "rotation": [-20, 0, 0], "uv": [31, 0]},
						{"origin": [-5.016, 23.81332, -4.26356], "size": [10.032, 2.508, 10.032], "pivot": [0, 25.06732, 0.75244], "rotation": [-20, 0, 0], "uv": [0, 13]},
						{"origin": [-5.11632, 25.34245, -5.58312], "size": [10.23264, 3.57816, 4.11264], "pivot": [0, 27.13153, -3.5268], "rotation": [-30, 0, 0], "uv": [38, 10]}
					]
				},
				{
					"name": "Mouth",
					"parent": "Head",
					"pivot": [0, 17, -4.1],
					"cubes": [
						{"origin": [-4.5, 15, -4.1], "size": [9, 4, 0], "uv": [55, 0]}
					]
				}
			]
		}
	]
}