{
  "format_version": "1.12.0",
  "minecraft:geometry": [
    {
      "description": {
        "identifier": "geometry.yg_spider_camera",
        "texture_width": 128,
        "texture_height": 128,
        "visible_bounds_width": 7,
        "visible_bounds_height": 5.5,
        "visible_bounds_offset": [
          0,
          2.25,
          0
        ]
      },
      "bones": [
        {
          "name": "Root",
          "pivot": [
            0,
            44,
            0
          ]
        },
        {
          "name": "Body",
          "pivot": [
            0,
            44,
            0
          ],
          "cubes": [
            {
              "origin": [
                -5.0,
                43.0,
                -4.0
              ],
              "size": [
                10.0,
                10.0,
                15.0
              ],
              "uv": [
                0,
                0
              ],
              "inflate": 0
            },
            {
              "origin": [
                -6.0,
                44.0,
                5.0
              ],
              "size": [
                7.0,
                5.0,
                7.0
              ],
              "uv": [
                46,
                33
              ],
              "inflate": 0
            },
            {
              "origin": [
                -2.0,
                53.0,
                -1.0
              ],
              "size": [
                4.0,
                4.0,
                7.0
              ],
              "uv": [
                8,
                60
              ],
              "inflate": 0
            },
            {
              "origin": [
                -5.0,
                56.0,
                7.0
              ],
              "size": [
                3.0,
                1.0,
                1.0
              ],
              "uv": [
                30,
                38
              ],
              "inflate": 0
            },
            {
              "origin": [
                -5.0,
                57.63031,
                1.82933
              ],
              "size": [
                1.0,
                1.0,
                6.0
              ],
              "pivot": [
                -4.5,
                58.13031,
                4.82933
              ],
              "rotation": [
                -35.0,
                0.0,
                0.0
              ],
              "uv": [
                0,
                0
              ],
              "inflate": 0
            },
            {
              "origin": [
                -5.0,
                59.26061,
                -1.34134
              ],
              "size": [
                1.0,
                1.0,
                4.0
              ],
              "uv": [
                30,
                33
              ],
              "inflate": 0
            },
            {
              "origin": [
                -5.5,
                58.8,
                -13.34134
              ],
              "size": [
                2.0,
                2.0,
                12.0
              ],
              "uv": [
                30,
                33
              ],
              "inflate": 0
            },
            {
              "origin": [
                -6.0,
                58.4,
                -1.34134
              ],
              "size": [
                3.0,
                3.0,
                1.0
              ],
              "uv": [
                50,
                14
              ],
              "inflate": 0
            },
            {
              "origin": [
                -1.0,
                55.80595,
                8.76509
              ],
              "size": [
                2.0,
                2.0,
                6.0
              ],
              "pivot": [
                0.0,
                56.80595,
                11.76509
              ],
              "rotation": [
                32.5,
                0.0,
                0.0
              ],
              "uv": [
                68,
                62
              ],
              "inflate": 0
            },
            {
              "origin": [
                -1.28,
                57.3038,
                13.64035
              ],
              "size": [
                2.56,
                3.84,
                3.84
              ],
              "pivot": [
                0.0,
                59.2238,
                15.56035
              ],
              "rotation": [
                32.5,
                0.0,
                0.0
              ],
              "uv": [
                8,
                29
              ],
              "inflate": 0
            },
            {
              "origin": [
                -1.0,
                59.778,
                4.95326
              ],
              "size": [
                2.0,
                2.0,
                11.0
              ],
              "pivot": [
                0.0,
                60.778,
                10.45326
              ],
              "rotation": [
                -5.0,
                0.0,
                0.0
              ],
              "uv": [
                34,
                47
              ],
              "inflate": 0
            },
            {
              "origin": [
                -2.5,
                59.6,
                -6.94627
              ],
              "size": [
                5.0,
                3.0,
                12.0
              ],
              "uv": [
                8,
                29
              ],
              "inflate": 0
            },
            {
              "origin": [
                -2.32,
                52.68,
                5.68
              ],
              "size": [
                4.64,
                4.64,
                4.64
              ],
              "uv": [
                70,
                10
              ],
              "inflate": 0
            },
            {
              "origin": [
                5.0,
                47.0,
                2.0
              ],
              "size": [
                9.0,
                8.0,
                2.0
              ],
              "uv": [
                67,
                0
              ],
              "inflate": 0
            },
            {
              "origin": [
                4.92,
                43.88,
                -4.2
              ],
              "size": [
                2.16,
                4.24,
                6.4
              ],
              "uv": [
                67,
                27
              ],
              "inflate": 0
            },
            {
              "origin": [
                -8.08,
                42.88,
                -4.2
              ],
              "size": [
                4.16,
                7.24,
                9.4
              ],
              "uv": [
                8,
                44
              ],
              "inflate": 0
            },
            {
              "origin": [
                -4.0,
                44.0,
                -7.0
              ],
              "size": [
                8.0,
                8.0,
                3.0
              ],
              "uv": [
                30,
                60
              ],
              "inflate": 0
            },
            {
              "origin": [
                4.0,
                49.0,
                -7.0
              ],
              "size": [
                3.0,
                2.0,
                2.0
              ],
              "uv": [
                0,
                11
              ],
              "inflate": 0
            },
            {
              "origin": [
                5.0,
                50.61603,
                -5.96891
              ],
              "size": [
                2.0,
                2.0,
                7.0
              ],
              "pivot": [
                6.0,
                51.61603,
                -2.46891
              ],
              "rotation": [
                30.0,
                0.0,
                0.0
              ],
              "uv": [
                66,
                50
              ],
              "inflate": 0
            },
            {
              "origin": [
                2.0,
                52.23205,
                0.06218
              ],
              "size": [
                5.0,
                2.0,
                2.0
              ],
              "uv": [
                0,
                7
              ],
              "inflate": 0
            },
            {
              "origin": [
                -6.0,
                43.0,
                -11.0
              ],
              "size": [
                12.0,
                10.0,
                4.0
              ],
              "uv": [
                35,
                0
              ],
              "inflate": 0
            },
            {
              "origin": [
                -3.0,
                45.0,
                -15.0
              ],
              "size": [
                6.0,
                6.0,
                4.0
              ],
              "uv": [
                48,
                68
              ],
              "inflate": 0
            },
            {
              "origin": [
                -2.5,
                45.5,
                -18.0
              ],
              "size": [
                5.0,
                5.0,
                3.0
              ],
              "uv": [
                68,
                70
              ],
              "inflate": 0
            }
          ],
          "parent": "Root"
        },
        {
          "name": "Gun",
          "pivot": [
            0,
            44,
            0
          ],
          "cubes": [
            {
              "origin": [
                -3.0,
                39.0,
                0.0
              ],
              "size": [
                6.0,
                6.0,
                6.0
              ],
              "pivot": [
                0.0,
                42.0,
                3.0
              ],
              "rotation": [
                -40.0,
                0.0,
                0.0
              ],
              "uv": [
                52,
                14
              ],
              "inflate": 0
            },
            {
              "origin": [
                -1.5,
                39.0,
                -9.0
              ],
              "size": [
                3.0,
                3.0,
                9.0
              ],
              "uv": [
                49,
                45
              ],
              "inflate": 0
            },
            {
              "origin": [
                -1.77,
                37.73,
                -5.63
              ],
              "size": [
                3.54,
                3.54,
                8.26
              ],
              "uv": [
                52,
                57
              ],
              "inflate": 0
            },
            {
              "origin": [
                -1.0,
                39.5,
                -17.0
              ],
              "size": [
                2.0,
                2.0,
                8.0
              ],
              "uv": [
                66,
                37
              ],
              "inflate": 0
            }
          ],
          "parent": "Body"
        },
        {
          "name": "Leg",
          "pivot": [
            -5,
            45.5,
            3
          ],
          "cubes": [
            {
              "origin": [
                -11.0,
                44.0,
                2.0
              ],
              "size": [
                6.0,
                3.0,
                3.0
              ],
              "uv": [
                25,
                47
              ],
              "inflate": 0
            },
            {
              "origin": [
                -26.76561,
                50.22407,
                2.5
              ],
              "size": [
                19.0,
                2.0,
                2.0
              ],
              "pivot": [
                -17.26561,
                51.22407,
                3.5
              ],
              "rotation": [
                0.0,
                0.0,
                42.5
              ],
              "uv": [
                30,
                29
              ],
              "inflate": 0
            },
            {
              "origin": [
                -43.70043,
                49.18469,
                2.5
              ],
              "size": [
                21.0,
                2.0,
                2.0
              ],
              "pivot": [
                -33.20043,
                50.18469,
                3.5
              ],
              "rotation": [
                0.0,
                0.0,
                -45.0
              ],
              "uv": [
                8,
                25
              ],
              "inflate": 0
            },
            {
              "origin": [
                -38.46914,
                -0.21408,
                2.5
              ],
              "size": [
                2.0,
                44.0,
                2.0
              ],
              "pivot": [
                -37.46914,
                21.78592,
                3.5
              ],
              "rotation": [
                0.0,
                0.0,
                -7.5
              ],
              "uv": [
                0,
                25
              ],
              "inflate": 0
            },
            {
              "origin": [
                -40.89941,
                36.74563,
                5.4049
              ],
              "size": [
                2.0,
                7.0,
                0.0
              ],
              "pivot": [
                -39.89941,
                40.24563,
                5.4049
              ],
              "rotation": [
                15.0,
                0.0,
                -7.5
              ],
              "uv": [
                8,
                60
              ],
              "inflate": 0
            },
            {
              "origin": [
                -37.98345,
                36.9168,
                2.5
              ],
              "size": [
                0.0,
                7.0,
                2.0
              ],
              "pivot": [
                -37.98345,
                40.4168,
                3.5
              ],
              "rotation": [
                0.0,
                0.0,
                -22.5
              ],
              "uv": [
                12,
                42
              ],
              "inflate": 0
            },
            {
              "origin": [
                -41.78801,
                36.49699,
                2.5
              ],
              "size": [
                0.0,
                7.0,
                2.0
              ],
              "pivot": [
                -41.78801,
                39.99699,
                3.5
              ],
              "rotation": [
                0.0,
                0.0,
                7.5
              ],
              "uv": [
                8,
                42
              ],
              "inflate": 0
            },
            {
              "origin": [
                -40.90502,
                36.78825,
                1.44753
              ],
              "size": [
                2.0,
                7.0,
                0.0
              ],
              "pivot": [
                -39.90502,
                40.28825,
                1.44753
              ],
              "rotation": [
                -17.5,
                0.0,
                -7.5
              ],
              "uv": [
                46,
                33
              ],
              "inflate": 0
            },
            {
              "origin": [
                -41.63019,
                41.18626,
                2.08
              ],
              "size": [
                2.84,
                2.84,
                2.84
              ],
              "pivot": [
                -40.21019,
                42.60626,
                3.5
              ],
              "rotation": [
                0.0,
                0.0,
                -7.5
              ],
              "uv": [
                49,
                47
              ],
              "inflate": 0
            },
            {
              "origin": [
                -26.36871,
                57.01642,
                2.2
              ],
              "size": [
                2.6,
                2.6,
                2.6
              ],
              "pivot": [
                -25.06871,
                58.31642,
                3.5
              ],
              "rotation": [
                0.0,
                0.0,
                -45.0
              ],
              "uv": [
                8,
                35
              ],
              "inflate": 0
            }
          ],
          "parent": "Body"
        },
        {
          "name": "Leg2",
          "pivot": [
            5,
            45.5,
            3
          ],
          "cubes": [
            {
              "origin": [
                5.0,
                44.0,
                2.0
              ],
              "size": [
                6.0,
                3.0,
                3.0
              ],
              "uv": [
                25,
                47
              ],
              "inflate": 0,
              "mirror": true
            },
            {
              "origin": [
                7.76561,
                50.22407,
                2.5
              ],
              "size": [
                19.0,
                2.0,
                2.0
              ],
              "pivot": [
                17.26561,
                51.22407,
                3.5
              ],
              "rotation": [
                0.0,
                0.0,
                -42.5
              ],
              "uv": [
                30,
                29
              ],
              "inflate": 0,
              "mirror": true
            },
            {
              "origin": [
                22.70043,
                49.18469,
                2.5
              ],
              "size": [
                21.0,
                2.0,
                2.0
              ],
              "pivot": [
                33.20043,
                50.18469,
                3.5
              ],
              "rotation": [
                0.0,
                0.0,
                45.0
              ],
              "uv": [
                8,
                25
              ],
              "inflate": 0,
              "mirror": true
            },
            {
              "origin": [
                36.46914,
                -0.21408,
                2.5
              ],
              "size": [
                2.0,
                44.0,
                2.0
              ],
              "pivot": [
                37.46914,
                21.78592,
                3.5
              ],
              "rotation": [
                0.0,
                0.0,
                7.5
              ],
              "uv": [
                0,
                25
              ],
              "inflate": 0,
              "mirror": true
            },
            {
              "origin": [
                38.89941,
                36.74563,
                5.4049
              ],
              "size": [
                2.0,
                7.0,
                0.0
              ],
              "pivot": [
                39.89941,
                40.24563,
                5.4049
              ],
              "rotation": [
                15.0,
                0.0,
                7.5
              ],
              "uv": [
                8,
                60
              ],
              "inflate": 0,
              "mirror": true
            },
            {
              "origin": [
                37.98345,
                36.9168,
                2.5
              ],
              "size": [
                0.0,
                7.0,
                2.0
              ],
              "pivot": [
                37.98345,
                40.4168,
                3.5
              ],
              "rotation": [
                0.0,
                0.0,
                22.5
              ],
              "uv": [
                12,
                42
              ],
              "inflate": 0,
              "mirror": true
            },
            {
              "origin": [
                41.78801,
                36.49699,
                2.5
              ],
              "size": [
                0.0,
                7.0,
                2.0
              ],
              "pivot": [
                41.78801,
                39.99699,
                3.5
              ],
              "rotation": [
                0.0,
                0.0,
                -7.5
              ],
              "uv": [
                8,
                42
              ],
              "inflate": 0,
              "mirror": true
            },
            {
              "origin": [
                38.90502,
                36.78825,
                1.44753
              ],
              "size": [
                2.0,
                7.0,
                0.0
              ],
              "pivot": [
                39.90502,
                40.28825,
                1.44753
              ],
              "rotation": [
                -17.5,
                0.0,
                7.5
              ],
              "uv": [
                46,
                33
              ],
              "inflate": 0,
              "mirror": true
            },
            {
              "origin": [
                38.79019,
                41.18626,
                2.08
              ],
              "size": [
                2.84,
                2.84,
                2.84
              ],
              "pivot": [
                40.21019,
                42.60626,
                3.5
              ],
              "rotation": [
                0.0,
                0.0,
                7.5
              ],
              "uv": [
                49,
                47
              ],
              "inflate": 0,
              "mirror": true
            },
            {
              "origin": [
                23.76871,
                57.01642,
                2.2
              ],
              "size": [
                2.6,
                2.6,
                2.6
              ],
              "pivot": [
                25.06871,
                58.31642,
                3.5
              ],
              "rotation": [
                0.0,
                0.0,
                45.0
              ],
              "uv": [
                8,
                35
              ],
              "inflate": 0,
              "mirror": true
            }
          ],
          "parent": "Body"
        },
        {
          "name": "Leg3",
          "pivot": [
            0,
            45.5,
            11
          ],
          "cubes": [
            {
              "origin": [
                0.0,
                44.0,
                10.0
              ],
              "size": [
                6.0,
                3.0,
                3.0
              ],
              "uv": [
                25,
                47
              ],
              "inflate": 0,
              "mirror": true
            },
            {
              "origin": [
                2.76561,
                50.22407,
                10.5
              ],
              "size": [
                19.0,
                2.0,
                2.0
              ],
              "pivot": [
                12.26561,
                51.22407,
                11.5
              ],
              "rotation": [
                0.0,
                0.0,
                -42.5
              ],
              "uv": [
                30,
                29
              ],
              "inflate": 0,
              "mirror": true
            },
            {
              "origin": [
                17.70043,
                49.18469,
                10.5
              ],
              "size": [
                21.0,
                2.0,
                2.0
              ],
              "pivot": [
                28.20043,
                50.18469,
                11.5
              ],
              "rotation": [
                0.0,
                0.0,
                45.0
              ],
              "uv": [
                8,
                25
              ],
              "inflate": 0,
              "mirror": true
            },
            {
              "origin": [
                31.46914,
                -0.21408,
                10.5
              ],
              "size": [
                2.0,
                44.0,
                2.0
              ],
              "pivot": [
                32.46914,
                21.78592,
                11.5
              ],
              "rotation": [
                0.0,
                0.0,
                7.5
              ],
              "uv": [
                0,
                25
              ],
              "inflate": 0,
              "mirror": true
            },
            {
              "origin": [
                33.89941,
                36.74563,
                13.4049
              ],
              "size": [
                2.0,
                7.0,
                0.0
              ],
              "pivot": [
                34.89941,
                40.24563,
                13.4049
              ],
              "rotation": [
                15.0,
                0.0,
                7.5
              ],
              "uv": [
                8,
                60
              ],
              "inflate": 0,
              "mirror": true
            },
            {
              "origin": [
                32.98345,
                36.9168,
                10.5
              ],
              "size": [
                0.0,
                7.0,
                2.0
              ],
              "pivot": [
                32.98345,
                40.4168,
                11.5
              ],
              "rotation": [
                0.0,
                0.0,
                22.5
              ],
              "uv": [
                12,
                42
              ],
              "inflate": 0,
              "mirror": true
            },
            {
              "origin": [
                36.78801,
                36.49699,
                10.5
              ],
              "size": [
                0.0,
                7.0,
                2.0
              ],
              "pivot": [
                36.78801,
                39.99699,
                11.5
              ],
              "rotation": [
                0.0,
                0.0,
                -7.5
              ],
              "uv": [
                8,
                42
              ],
              "inflate": 0,
              "mirror": true
            },
            {
              "origin": [
                33.90502,
                36.78825,
                9.44753
              ],
              "size": [
                2.0,
                7.0,
                0.0
              ],
              "pivot": [
                34.90502,
                40.28825,
                9.44753
              ],
              "rotation": [
                -17.5,
                0.0,
                7.5
              ],
              "uv": [
                46,
                33
              ],
              "inflate": 0,
              "mirror": true
            },
            {
              "origin": [
                33.79019,
                41.18626,
                10.08
              ],
              "size": [
                2.84,
                2.84,
                2.84
              ],
              "pivot": [
                35.21019,
                42.60626,
                11.5
              ],
              "rotation": [
                0.0,
                0.0,
                7.5
              ],
              "uv": [
                49,
                47
              ],
              "inflate": 0,
              "mirror": true
            },
            {
              "origin": [
                18.76871,
                57.01642,
                10.2
              ],
              "size": [
                2.6,
                2.6,
                2.6
              ],
              "pivot": [
                20.06871,
                58.31642,
                11.5
              ],
              "rotation": [
                0.0,
                0.0,
                45.0
              ],
              "uv": [
                8,
                35
              ],
              "inflate": 0,
              "mirror": true
            }
          ],
          "parent": "Body",
          "rotation": [
            0,
            -90,
            0
          ]
        }
      ]
    }
  ]
}