{"format_version":"1.12.0","minecraft:geometry":[{"description":{"identifier":"geometry.yg_spider_buzzsaw_toilet","texture_width":128,"texture_height":128,"visible_bounds_width":4,"visible_bounds_height":3.5,"visible_bounds_offset":[0,1.25,0]},"bones":[{"name":"Root","pivot":[0,0,0]},{"name":"Body","parent":"Root","pivot":[0,6,0],"cubes":[{"origin":[-5,15,-6],"size":[10,2,11],"uv":[0,0]},{"origin":[-4.5,11,-5.5],"size":[9,4,10],"uv":[0,13]},{"origin":[-3.5,11,-8.5],"size":[7,5,3],"uv":[45,57]},{"origin":[-3,7,-3],"size":[6,4,6],"uv":[48,40]},{"origin":[-3.42,5.93,-3.42],"size":[6.84,1.14,6.84],"uv":[48,50]},{"origin":[-5.5,13,4],"size":[11,12,5],"uv":[0,27]},{"origin":[-10.5,18,6],"size":[3,3,2],"uv":[0,5]},{"origin":[7.5,18,6],"size":[3,3,2],"uv":[0,5],"mirror":true},{"origin":[-7.8,17.55,5.7],"size":[2.6,3.9,2.6],"uv":[0,44]},{"origin":[5.2,17.55,5.7],"size":[2.6,3.9,2.6],"uv":[0,44],"mirror":true},{"origin":[-3.5,16,9],"size":[7,7,2],"uv":[61,0]},{"origin":[-1,25,5.5],"size":[2,1,2],"uv":[0,20]}]},{"name":"Leg","parent":"Body","pivot":[-3,12,0],"cubes":[{"origin":[-10.93923,9.30541,-1.5],"size":[8,4,3],"pivot":[-6.93923,11.30541,0],"rotation":[0,0,-10],"uv":[56,16]},{"origin":[-8.30713,11.30972,-0.5],"size":[2,9,0],"pivot":[-7.30713,15.80972,-0.5],"rotation":[0,0,27.5],"uv":[31,0]},{"origin":[-13.85567,8.85034,-1],"size":[3,3,2],"pivot":[-12.35567,10.35034,0],"rotation":[0,0,-10],"uv":[0,0]},{"origin":[-13.16999,-1.26946,-0.51189],"size":[2,12,1],"pivot":[-12.16999,4.73054,-0.01189],"rotation":[-0.30118,1.09652,-17.4163],"uv":[34,58]}]},{"name":"Leg2","parent":"Body","pivot":[3,12,0],"cubes":[{"origin":[2.93923,9.30541,-1.5],"size":[8,4,3],"pivot":[6.93923,11.30541,0],"rotation":[0,0,10],"uv":[56,16],"mirror":true},{"origin":[6.30713,11.30972,-0.5],"size":[2,9,0],"pivot":[7.30713,15.80972,-0.5],"rotation":[0,0,-27.5],"uv":[31,0],"mirror":true},{"origin":[10.85567,8.85034,-1],"size":[3,3,2],"pivot":[12.35567,10.35034,0],"rotation":[0,0,10],"uv":[0,0],"mirror":true},{"origin":[11.16999,-1.26946,-0.51189],"size":[2,12,1],"pivot":[12.16999,4.73054,-0.01189],"rotation":[-0.30118,-1.09652,17.4163],"uv":[34,58],"mirror":true}]},{"name":"Leg3","parent":"Body","pivot":[0,12,4],"rotation":[0,-90,0],"cubes":[{"origin":[-0.06077,9.30541,2.5],"size":[8,4,3],"pivot":[3.93923,11.30541,4],"rotation":[0,0,10],"uv":[56,16],"mirror":true},{"origin":[3.30713,11.30972,3.5],"size":[2,9,0],"pivot":[4.30713,15.80972,3.5],"rotation":[0,0,-27.5],"uv":[31,0],"mirror":true},{"origin":[7.85567,8.85034,3],"size":[3,3,2],"pivot":[9.35567,10.35034,4],"rotation":[0,0,10],"uv":[0,0],"mirror":true},{"origin":[8.16999,-1.26946,3.48811],"size":[2,12,1],"pivot":[9.16999,4.73054,3.98811],"rotation":[-0.30118,-1.09652,17.4163],"uv":[34,58],"mirror":true}]},{"name":"Rightarm","parent":"Body","pivot":[-9.5,19.5,5.75],"cubes":[{"origin":[-10,18,-3],"size":[1,3,9],"uv":[50,0]},{"origin":[-10.15,17.55,-5.15],"size":[1.3,3.9,2.3],"uv":[35,0]}]},{"name":"bone","parent":"Rightarm","pivot":[-9.5,19.5,-5],"cubes":[{"origin":[-9.85,17.85,-13.45],"size":[1,3,9],"uv":[50,0]},{"origin":[-10.02,18.68,-19.98],"size":[1.34,1.34,9.06],"uv":[55,26]},{"origin":[-10.288,17.9,-21.392],"size":[1.876,2.876,2.884],"uv":[28,19]},{"origin":[-9.85,19.82686,-20.29965],"size":[1,2,1],"pivot":[-9.35,20.82686,-19.79965],"rotation":[-17.5,0,0],"uv":[5,13]},{"origin":[-9.85,16.17314,-20.29965],"size":[1,2,1],"pivot":[-9.35,17.17314,-19.79965],"rotation":[17.5,0,0],"uv":[5,13]},{"origin":[-9.85,21.20496,-20.48108],"size":[1,2,1],"pivot":[-9.35,22.20496,-19.98108],"rotation":[32.5,0,0],"uv":[5,13]},{"origin":[-9.85,14.79504,-20.48108],"size":[1,2,1],"pivot":[-9.35,15.79504,-19.98108],"rotation":[-32.5,0,0],"uv":[5,13]}]},{"name":"bone2","parent":"bone","pivot":[-9.4,19,-20],"cubes":[{"origin":[-9.4,13.5,-25.5],"size":[0,11,11],"uv":[32,24]}]},{"name":"Leftarm","parent":"Body","pivot":[9.5,19.5,6.16667],"cubes":[{"origin":[9,18,-3],"size":[1,3,9],"uv":[50,0],"mirror":true},{"origin":[8,17.5,-13],"size":[3,4,8],"uv":[26,46]},{"origin":[8.85,17.55,-5.15],"size":[1.3,3.9,2.3],"uv":[35,0],"mirror":true}]},{"name":"Neck","parent":"Body","pivot":[0,14,0],"cubes":[{"origin":[-2,13,-2],"size":[4,10,4],"uv":[0,56]}]},{"name":"Head","parent":"Neck","pivot":[0,22,0],"cubes":[{"origin":[-4,22,-4],"size":[8,8,8],"uv":[32,19]},{"origin":[-1,30,-3],"size":[2,2,6],"uv":[17,44]},{"origin":[2,30,1],"size":[1,4,1],"uv":[0,27]},{"origin":[1.87,32.87,0.87],"size":[1.26,1.26,1.26],"uv":[6,20]},{"origin":[2.57827,33.75708,1],"size":[1,4,1],"pivot":[3.07827,35.75708,1.5],"rotation":[0,0,17.5],"uv":[0,27]},{"origin":[0.89772,36.54924,1],"size":[3,0,1],"pivot":[2.39772,36.54924,1.5],"rotation":[0,0,-57.5],"uv":[31,19]},{"origin":[-1.99517,34.06638,1],"size":[4,0,1],"pivot":[0.00483,34.06638,1.5],"rotation":[0,0,-37.5],"uv":[0,10]},{"origin":[3.01003,37.32137,0.68],"size":[1.64,1.64,1.64],"pivot":[3.83003,38.14137,1.5],"rotation":[0,0,17.5],"uv":[6,20]},{"origin":[-4.78869,27.95315,-2],"size":[1,2,2],"pivot":[-4.28869,28.95315,-1],"rotation":[0,0,25],"uv":[33,7]},{"origin":[-4.78869,27.95315,1],"size":[1,2,2],"pivot":[-4.28869,28.95315,2],"rotation":[0,0,25],"uv":[33,7]},{"origin":[-4,24,4],"size":[8,1,1],"uv":[28,16]},{"origin":[-4.56699,24,2.88397],"size":[1,1,2],"pivot":[-4.06699,24.5,3.88397],"rotation":[0,30,0],"uv":[34,20]},{"origin":[3.56699,24,2.88397],"size":[1,1,2],"pivot":[4.06699,24.5,3.88397],"rotation":[0,-30,0],"uv":[34,20],"mirror":true},{"origin":[-4.16,27.96,-4.06],"size":[8.32,2.08,3.12],"uv":[62,62]},{"origin":[-2.16,24.96,-0.94],"size":[4.32,5.08,5.12],"uv":[16,58]},{"origin":[-4,24.5,-5],"size":[8,1,1],"uv":[28,16]},{"origin":[-4.69424,24.5,-4.93084],"size":[1,4,3],"pivot":[-4.19424,26.5,-3.43084],"rotation":[0,-25.4914,0],"uv":[0,13]},{"origin":[3.69424,24.5,-4.93084],"size":[1,4,3],"pivot":[4.19424,26.5,-3.43084],"rotation":[0,25.4914,0],"uv":[0,13],"mirror":true},{"origin":[-4,27.5,-5],"size":[8,1,1],"uv":[28,16]},{"origin":[-4,26.5,-4.5],"size":[8,1,0],"uv":[28,18]},{"origin":[-5,30,-5],"size":[4,3,9],"pivot":[-3,31.5,-0.5],"rotation":[0,0,-7.5],"uv":[0,44]},{"origin":[-5.2,29.85,-6.45],"size":[4.4,3.3,10.9],"pivot":[-3,31.5,-1],"rotation":[0,0,-7.5],"uv":[32,3]}]},{"name":"Mouth","parent":"Head","pivot":[0,23,-4.1],"cubes":[{"origin":[-4.5,21,-4.1],"size":[9,4,0],"uv":[54,36]}]}]}]}