{
  "format_version": "1.12.0",
  "minecraft:geometry": [
    {
      "description": {
        "identifier": "geometry.yg_titan_camera_man",
        "texture_width": 256,
        "texture_height": 256,
        "visible_bounds_width": 4,
        "visible_bounds_height": 6.5,
        "visible_bounds_offset": [
          0,
          2.75,
          0
        ]
      },
      "bones": [
        {
          "name": "Root",
          "pivot": [
            0,
            1,
            0
          ]
        },
        {
          "name": "Body",
          "pivot": [
            0,
            37,
            0
          ],
          "cubes": [
            {
              "origin": [
                -8.0,
                55.0,
                -6.0
              ],
              "size": [
                16.0,
                13.0,
                12.0
              ],
              "pivot": [
                0.0,
                61.5,
                0.0
              ],
              "rotation": [
                5.0,
                0.0,
                0.0
              ],
              "uv": [
                56,
                0
              ],
              "inflate": 0
            },
            {
              "origin": [
                -3.0,
                57.0,
                -10.0
              ],
              "size": [
                6.0,
                6.0,
                5.0
              ],
              "uv": [
                100,
                0
              ],
              "inflate": 0
            },
            {
              "origin": [
                -3.42,
                56.58,
                -8.21
              ],
              "size": [
                6.84,
                6.84,
                3.42
              ],
              "uv": [
                57,
                130
              ],
              "inflate": 0
            },
            {
              "origin": [
                -6.5,
                42.0,
                -5.0
              ],
              "size": [
                13.0,
                14.0,
                10.0
              ],
              "uv": [
                56,
                78
              ],
              "inflate": 0
            },
            {
              "origin": [
                -7.15,
                35.7,
                -5.5
              ],
              "size": [
                14.3,
                6.6,
                11.0
              ],
              "uv": [
                91,
                91
              ],
              "inflate": 0
            },
            {
              "origin": [
                -6.0,
                55.0,
                5.0
              ],
              "size": [
                12.0,
                10.0,
                4.0
              ],
              "uv": [
                124,
                0
              ],
              "inflate": 0
            },
            {
              "origin": [
                -3.0,
                45.0,
                5.0
              ],
              "size": [
                6.0,
                10.0,
                3.0
              ],
              "uv": [
                39,
                125
              ],
              "inflate": 0
            },
            {
              "origin": [
                6.0,
                57.0,
                5.0
              ],
              "size": [
                4.0,
                6.0,
                2.0
              ],
              "uv": [
                56,
                0
              ],
              "inflate": 0
            },
            {
              "origin": [
                -10.0,
                57.0,
                5.0
              ],
              "size": [
                4.0,
                6.0,
                2.0
              ],
              "uv": [
                56,
                0
              ],
              "inflate": 0,
              "mirror": true
            },
            {
              "origin": [
                -14.0,
                39.0,
                4.0
              ],
              "size": [
                7.0,
                29.0,
                7.0
              ],
              "uv": [
                0,
                94
              ],
              "inflate": 0
            },
            {
              "origin": [
                7.0,
                39.0,
                4.0
              ],
              "size": [
                7.0,
                29.0,
                7.0
              ],
              "uv": [
                0,
                94
              ],
              "inflate": 0,
              "mirror": true
            },
            {
              "origin": [
                -14.49,
                59.65,
                3.51
              ],
              "size": [
                7.98,
                5.7,
                7.98
              ],
              "uv": [
                124,
                108
              ],
              "inflate": 0
            },
            {
              "origin": [
                6.51,
                59.65,
                3.51
              ],
              "size": [
                7.98,
                5.7,
                7.98
              ],
              "uv": [
                124,
                108
              ],
              "inflate": 0,
              "mirror": true
            },
            {
              "origin": [
                -14.49,
                41.65,
                3.51
              ],
              "size": [
                7.98,
                5.7,
                7.98
              ],
              "uv": [
                124,
                108
              ],
              "inflate": 0
            },
            {
              "origin": [
                6.51,
                41.65,
                3.51
              ],
              "size": [
                7.98,
                5.7,
                7.98
              ],
              "uv": [
                124,
                108
              ],
              "inflate": 0,
              "mirror": true
            },
            {
              "origin": [
                -14.889,
                31.265,
                3.111
              ],
              "size": [
                8.778,
                8.47,
                8.778
              ],
              "uv": [
                120,
                30
              ],
              "inflate": 0
            },
            {
              "origin": [
                6.111,
                31.265,
                3.111
              ],
              "size": [
                8.778,
                8.47,
                8.778
              ],
              "uv": [
                120,
                30
              ],
              "inflate": 0,
              "mirror": true
            },
            {
              "origin": [
                -14.49,
                56.65,
                3.51
              ],
              "size": [
                7.98,
                1.7,
                7.98
              ],
              "uv": [
                124,
                14
              ],
              "inflate": 0
            },
            {
              "origin": [
                6.51,
                56.65,
                3.51
              ],
              "size": [
                7.98,
                1.7,
                7.98
              ],
              "uv": [
                124,
                14
              ],
              "inflate": 0,
              "mirror": true
            },
            {
              "origin": [
                -14.49,
                52.65,
                3.51
              ],
              "size": [
                7.98,
                1.7,
                7.98
              ],
              "uv": [
                124,
                14
              ],
              "inflate": 0
            },
            {
              "origin": [
                6.51,
                52.65,
                3.51
              ],
              "size": [
                7.98,
                1.7,
                7.98
              ],
              "uv": [
                124,
                14
              ],
              "inflate": 0,
              "mirror": true
            },
            {
              "origin": [
                3.0,
                44.0,
                5.0
              ],
              "size": [
                5.0,
                12.0,
                5.0
              ],
              "uv": [
                124,
                120
              ],
              "inflate": 0
            },
            {
              "origin": [
                -8.0,
                44.0,
                5.0
              ],
              "size": [
                5.0,
                12.0,
                5.0
              ],
              "uv": [
                124,
                120
              ],
              "inflate": 0,
              "mirror": true
            },
            {
              "origin": [
                -13.0,
                25.0,
                11.0
              ],
              "size": [
                26.0,
                45.0,
                2.0
              ],
              "uv": [
                0,
                47
              ],
              "inflate": 0
            }
          ],
          "parent": "Root",
          "locators": {}
        },
        {
          "name": "Head",
          "pivot": [
            0,
            68,
            0
          ],
          "cubes": [
            {
              "origin": [
                -4.0,
                68.0,
                -7.0
              ],
              "size": [
                8.0,
                8.0,
                14.0
              ],
              "uv": [
                90,
                35
              ],
              "inflate": 0
            },
            {
              "origin": [
                -3.0,
                69.0,
                -7.3
              ],
              "size": [
                6.0,
                6.0,
                1.0
              ],
              "uv": [
                88,
                30
              ],
              "inflate": 0
            },
            {
              "origin": [
                -4.2112,
                67.7888,
                -9.3096
              ],
              "size": [
                8.4224,
                8.4224,
                16.6192
              ],
              "uv": [
                56,
                25
              ],
              "inflate": 0
            },
            {
              "origin": [
                -1.0,
                74.89778,
                -4.22354
              ],
              "size": [
                2.0,
                8.0,
                2.0
              ],
              "pivot": [
                0.0,
                78.89778,
                -3.22354
              ],
              "rotation": [
                -15.0,
                0.0,
                0.0
              ],
              "uv": [
                56,
                49
              ],
              "inflate": 0
            },
            {
              "origin": [
                -8.73691,
                74.20232,
                -0.07
              ],
              "size": [
                6.84,
                6.84,
                1.14
              ],
              "pivot": [
                -5.31691,
                77.62232,
                0.5
              ],
              "rotation": [
                0.0,
                0.0,
                -10.0
              ],
              "uv": [
                56,
                32
              ],
              "inflate": 0
            },
            {
              "origin": [
                1.89691,
                74.20232,
                -0.07
              ],
              "size": [
                6.84,
                6.84,
                1.14
              ],
              "pivot": [
                5.31691,
                77.62232,
                0.5
              ],
              "rotation": [
                0.0,
                0.0,
                10.0
              ],
              "uv": [
                56,
                32
              ],
              "inflate": 0,
              "mirror": true
            },
            {
              "origin": [
                -9.31691,
                73.62232,
                0.3
              ],
              "size": [
                8.0,
                8.0,
                2.0
              ],
              "pivot": [
                -5.31691,
                77.62232,
                1.3
              ],
              "rotation": [
                0.0,
                0.0,
                -10.0
              ],
              "uv": [
                0,
                130
              ],
              "inflate": 0
            },
            {
              "origin": [
                1.31691,
                73.62232,
                0.3
              ],
              "size": [
                8.0,
                8.0,
                2.0
              ],
              "pivot": [
                5.31691,
                77.62232,
                1.3
              ],
              "rotation": [
                0.0,
                0.0,
                10.0
              ],
              "uv": [
                0,
                130
              ],
              "inflate": 0,
              "mirror": true
            },
            {
              "origin": [
                -9.39614,
                67.5279,
                -5.0
              ],
              "size": [
                5.0,
                5.0,
                10.0
              ],
              "pivot": [
                -6.89614,
                70.0279,
                0.0
              ],
              "rotation": [
                0.0,
                0.0,
                -10.0
              ],
              "uv": [
                124,
                47
              ],
              "inflate": 0
            },
            {
              "origin": [
                4.39614,
                67.5279,
                -5.0
              ],
              "size": [
                5.0,
                5.0,
                10.0
              ],
              "pivot": [
                6.89614,
                70.0279,
                0.0
              ],
              "rotation": [
                0.0,
                0.0,
                10.0
              ],
              "uv": [
                124,
                47
              ],
              "inflate": 0,
              "mirror": true
            },
            {
              "origin": [
                -8.93614,
                67.9879,
                -6.48
              ],
              "size": [
                4.08,
                4.08,
                1.36
              ],
              "pivot": [
                -6.89614,
                70.0279,
                -5.8
              ],
              "rotation": [
                0.0,
                0.0,
                -10.0
              ],
              "uv": [
                56,
                78
              ],
              "inflate": 0
            },
            {
              "origin": [
                4.85614,
                67.9879,
                -6.48
              ],
              "size": [
                4.08,
                4.08,
                1.36
              ],
              "pivot": [
                6.89614,
                70.0279,
                -5.8
              ],
              "rotation": [
                0.0,
                0.0,
                10.0
              ],
              "uv": [
                56,
                78
              ],
              "inflate": 0,
              "mirror": true
            },
            {
              "origin": [
                -9.39614,
                67.5279,
                -8.3
              ],
              "size": [
                5.0,
                5.0,
                2.0
              ],
              "pivot": [
                -6.89614,
                70.0279,
                -7.3
              ],
              "rotation": [
                0.0,
                0.0,
                -10.0
              ],
              "uv": [
                56,
                25
              ],
              "inflate": 0
            },
            {
              "origin": [
                4.39614,
                67.5279,
                -8.3
              ],
              "size": [
                5.0,
                5.0,
                2.0
              ],
              "pivot": [
                6.89614,
                70.0279,
                -7.3
              ],
              "rotation": [
                0.0,
                0.0,
                10.0
              ],
              "uv": [
                56,
                25
              ],
              "inflate": 0,
              "mirror": true
            },
            {
              "origin": [
                -10.45261,
                71.74882,
                -3.0
              ],
              "size": [
                2.0,
                7.0,
                7.0
              ],
              "pivot": [
                -9.45261,
                75.24882,
                0.5
              ],
              "rotation": [
                0.0,
                0.0,
                -32.5
              ],
              "uv": [
                21,
                125
              ],
              "inflate": 0
            },
            {
              "origin": [
                8.45261,
                71.74882,
                -3.0
              ],
              "size": [
                2.0,
                7.0,
                7.0
              ],
              "pivot": [
                9.45261,
                75.24882,
                0.5
              ],
              "rotation": [
                0.0,
                0.0,
                32.5
              ],
              "uv": [
                21,
                125
              ],
              "inflate": 0,
              "mirror": true
            }
          ],
          "parent": "Body"
        },
        {
          "name": "Rightarm",
          "pivot": [
            -8,
            66,
            0
          ],
          "cubes": [
            {
              "origin": [
                -16.0,
                46.0,
                -4.0
              ],
              "size": [
                8.0,
                21.0,
                8.0
              ],
              "uv": [
                98,
                57
              ],
              "inflate": 0
            },
            {
              "origin": [
                -18.75442,
                63.39273,
                -7.0
              ],
              "size": [
                6.0,
                5.0,
                12.0
              ],
              "pivot": [
                -15.75442,
                65.89273,
                -1.0
              ],
              "rotation": [
                0.0,
                0.0,
                -35.0
              ],
              "uv": [
                118,
                74
              ],
              "inflate": 0
            },
            {
              "origin": [
                -18.99442,
                63.19273,
                -8.48
              ],
              "size": [
                6.48,
                5.4,
                13.96
              ],
              "pivot": [
                -15.75442,
                65.89273,
                -1.5
              ],
              "rotation": [
                0.0,
                0.0,
                -35.0
              ],
              "uv": [
                99,
                12
              ],
              "inflate": 0
            }
          ],
          "parent": "Body"
        },
        {
          "name": "bone",
          "pivot": [
            -12,
            47,
            0
          ],
          "cubes": [
            {
              "origin": [
                -16.24,
                23.31,
                -4.24
              ],
              "size": [
                8.48,
                23.38,
                8.48
              ],
              "uv": [
                28,
                94
              ],
              "inflate": 0
            }
          ],
          "parent": "Rightarm"
        },
        {
          "name": "Leftarm",
          "pivot": [
            8,
            66,
            0
          ],
          "cubes": [
            {
              "origin": [
                8.0,
                46.0,
                -4.0
              ],
              "size": [
                8.0,
                21.0,
                8.0
              ],
              "uv": [
                98,
                57
              ],
              "inflate": 0,
              "mirror": true
            },
            {
              "origin": [
                12.75442,
                63.39273,
                -7.0
              ],
              "size": [
                6.0,
                5.0,
                12.0
              ],
              "pivot": [
                15.75442,
                65.89273,
                -1.0
              ],
              "rotation": [
                0.0,
                0.0,
                35.0
              ],
              "uv": [
                118,
                74
              ],
              "inflate": 0,
              "mirror": true
            },
            {
              "origin": [
                12.51442,
                63.19273,
                -8.48
              ],
              "size": [
                6.48,
                5.4,
                13.96
              ],
              "pivot": [
                15.75442,
                65.89273,
                -1.5
              ],
              "rotation": [
                0.0,
                0.0,
                35.0
              ],
              "uv": [
                99,
                12
              ],
              "inflate": 0,
              "mirror": true
            }
          ],
          "parent": "Body"
        },
        {
          "name": "bone3",
          "pivot": [
            12,
            47,
            0
          ],
          "cubes": [
            {
              "origin": [
                7.76,
                23.31,
                -4.24
              ],
              "size": [
                8.48,
                23.38,
                8.48
              ],
              "uv": [
                28,
                94
              ],
              "inflate": 0,
              "mirror": true
            }
          ],
          "parent": "Leftarm"
        },
        {
          "name": "bone5",
          "pivot": [
            17,
            28.5,
            0
          ],
          "cubes": [
            {
              "origin": [
                4.0,
                6.0,
                -1.0
              ],
              "size": [
                26.0,
                45.0,
                2.0
              ],
              "pivot": [
                17.0,
                28.5,
                0.0
              ],
              "rotation": [
                90.0,
                0.0,
                90.0
              ],
              "uv": [
                0,
                0
              ],
              "inflate": 0
            }
          ],
          "parent": "bone3"
        },
        {
          "name": "Rightleg",
          "pivot": [
            -5,
            38,
            0
          ],
          "cubes": [
            {
              "origin": [
                -9.0,
                20.0,
                -4.0
              ],
              "size": [
                8.0,
                19.0,
                8.0
              ],
              "uv": [
                92,
                108
              ],
              "inflate": 0
            },
            {
              "origin": [
                -9.71723,
                20.57136,
                -5.0
              ],
              "size": [
                11.0,
                19.0,
                10.0
              ],
              "pivot": [
                -4.21723,
                30.07136,
                0.0
              ],
              "rotation": [
                0.0,
                0.0,
                7.5
              ],
              "uv": [
                56,
                49
              ],
              "inflate": 0
            }
          ],
          "parent": "Root"
        },
        {
          "name": "bone2",
          "pivot": [
            -5,
            21.5,
            0
          ],
          "cubes": [
            {
              "origin": [
                -9.24,
                0.31,
                -4.24
              ],
              "size": [
                8.48,
                20.38,
                8.48
              ],
              "uv": [
                60,
                102
              ],
              "inflate": 0
            }
          ],
          "parent": "Rightleg"
        },
        {
          "name": "Leftleg",
          "pivot": [
            5,
            38,
            0
          ],
          "cubes": [
            {
              "origin": [
                1.0,
                20.0,
                -4.0
              ],
              "size": [
                8.0,
                19.0,
                8.0
              ],
              "uv": [
                92,
                108
              ],
              "inflate": 0,
              "mirror": true
            },
            {
              "origin": [
                -1.28277,
                20.57136,
                -5.0
              ],
              "size": [
                11.0,
                19.0,
                10.0
              ],
              "pivot": [
                4.21723,
                30.07136,
                0.0
              ],
              "rotation": [
                0.0,
                0.0,
                -7.5
              ],
              "uv": [
                56,
                49
              ],
              "inflate": 0,
              "mirror": true
            }
          ],
          "parent": "Root"
        },
        {
          "name": "bone4",
          "pivot": [
            5,
            21.5,
            0
          ],
          "cubes": [
            {
              "origin": [
                0.76,
                0.31,
                -4.24
              ],
              "size": [
                8.48,
                20.38,
                8.48
              ],
              "uv": [
                60,
                102
              ],
              "inflate": 0,
              "mirror": true
            }
          ],
          "parent": "Leftleg"
        }
      ]
    }
  ]
}