{
  "format_version": "1.12.0",
  "minecraft:geometry": [
    {
      "description": {
        "identifier": "geometry.taiyo_id8_ropa_sasuke_v1",
        "texture_width": 64,
        "texture_height": 64,
        "visible_bounds_width": 3,
        "visible_bounds_height": 3.5,
        "visible_bounds_offset": [
          0,
          1.25,
          0
        ]
      },
      "bones": [
        {
          "name": "TaiyoRopa"
        },
        {
          "name": "head",
          "pivot": [
            0,
            24,
            0
          ],
          "cubes": [
            {
              "origin": [
                -4.0,
                24.0,
                -4.0
              ],
              "size": [
                8.0,
                8.0,
                8.0
              ],
              "uv": [
                0,
                0
              ],
              "inflate": 0
            }
          ],
          "parent": "TaiyoRopa"
        },
        {
          "name": "hat",
          "pivot": [
            0,
            24,
            0
          ],
          "cubes": [
            {
              "origin": [
                -4.2,
                24.0,
                -4.0
              ],
              "size": [
                8.2,
                8.2,
                8.2
              ],
              "uv": [
                32,
                0
              ],
              "inflate": 0.5
            }
          ],
          "parent": "head"
        },
        {
          "name": "body",
          "pivot": [
            0,
            24,
            0
          ],
          "cubes": [
            {
              "origin": [
                -4.05,
                12.2,
                -2.1
              ],
              "size": [
                8.2,
                12.2,
                4.2
              ],
              "uv": [
                16,
                16
              ],
              "inflate": 0
            }
          ],
          "parent": "TaiyoRopa"
        },
        {
          "name": "cape",
          "pivot": [
            0,
            24,
            3
          ],
          "parent": "body"
        },
        {
          "name": "leftArm",
          "pivot": [
            5,
            22,
            0
          ],
          "cubes": [
            {
              "origin": [
                3.9,
                12.0,
                -2.1
              ],
              "size": [
                4.2,
                12.2,
                4.2
              ],
              "uv": [
                32,
                48
              ],
              "inflate": 0
            }
          ],
          "parent": "TaiyoRopa"
        },
        {
          "name": "leftSleeve",
          "pivot": [
            5,
            22,
            0
          ],
          "cubes": [
            {
              "origin": [
                3.8,
                12.0,
                -2.0
              ],
              "size": [
                4.2,
                12.2,
                4.2
              ],
              "uv": [
                48,
                48
              ],
              "inflate": 0.25
            }
          ],
          "parent": "leftArm"
        },
        {
          "name": "leftItem",
          "pivot": [
            6,
            15,
            1
          ],
          "parent": "leftArm"
        },
        {
          "name": "rightArm",
          "pivot": [
            -5,
            22,
            0
          ],
          "cubes": [
            {
              "origin": [
                -8.2,
                12.0,
                -2.1
              ],
              "size": [
                4.2,
                12.2,
                4.2
              ],
              "uv": [
                40,
                16
              ],
              "inflate": 0
            }
          ],
          "parent": "TaiyoRopa"
        },
        {
          "name": "rightSleeve",
          "pivot": [
            -5,
            22,
            0
          ],
          "cubes": [
            {
              "origin": [
                -8.2,
                12.0,
                -2.2
              ],
              "size": [
                4.2,
                12.2,
                4.2
              ],
              "uv": [
                40,
                32
              ],
              "inflate": 0.25
            }
          ],
          "parent": "rightArm"
        },
        {
          "name": "rightItem",
          "pivot": [
            -6,
            15,
            1
          ],
          "parent": "rightArm"
        },
        {
          "name": "leftLeg",
          "pivot": [
            1.9,
            12,
            0
          ],
          "cubes": [
            {
              "origin": [
                -0.2,
                0.0,
                -2.1
              ],
              "size": [
                4.2,
                12.2,
                4.2
              ],
              "uv": [
                16,
                48
              ],
              "inflate": 0
            }
          ],
          "parent": "TaiyoRopa"
        },
        {
          "name": "leftPants",
          "pivot": [
            1.9,
            12,
            0
          ],
          "cubes": [
            {
              "origin": [
                -0.3,
                0.0,
                -2.0
              ],
              "size": [
                4.2,
                12.2,
                4.2
              ],
              "uv": [
                0,
                48
              ],
              "inflate": 0.25
            }
          ],
          "parent": "leftLeg"
        },
        {
          "name": "rightLeg",
          "pivot": [
            -1.9,
            12,
            0
          ],
          "cubes": [
            {
              "origin": [
                -4.1,
                0.0,
                -2.1
              ],
              "size": [
                4.2,
                12.2,
                4.2
              ],
              "uv": [
                0,
                16
              ],
              "inflate": 0
            }
          ],
          "parent": "TaiyoRopa"
        },
        {
          "name": "rightPants",
          "pivot": [
            -1.9,
            12,
            0
          ],
          "cubes": [
            {
              "origin": [
                -4.1,
                0.0,
                -2.1
              ],
              "size": [
                4.2,
                12.2,
                4.2
              ],
              "uv": [
                0,
                32
              ],
              "inflate": 0.25
            }
          ],
          "parent": "rightLeg"
        },
        {
          "name": "jacket",
          "pivot": [
            0,
            24,
            0
          ],
          "cubes": [
            {
              "origin": [
                -4.0,
                12.2,
                -2.2
              ],
              "size": [
                8.2,
                12.2,
                4.2
              ],
              "uv": [
                16,
                32
              ],
              "inflate": 0.25
            }
          ],
          "parent": "TaiyoRopa"
        }
      ]
    }
  ]
}