{
  "format_version": "1.12.0",
  "minecraft:geometry": [
    {
      "description": {
        "identifier": "geometry.taiyo_id9_bandana_konoha_renegado",
        "texture_width": 64,
        "texture_height": 64,
        "visible_bounds_width": 3,
        "visible_bounds_height": 3,
        "visible_bounds_offset": [
          0,
          1.5,
          0
        ]
      },
      "bones": [
        {
          "name": "TaiyoBody"
        },
        {
          "name": "head",
          "pivot": [
            0,
            24,
            0
          ],
          "cubes": [
            {
              "origin": [
                -4.0,
                24.0,
                -4.0
              ],
              "size": [
                8.0,
                8.0,
                8.0
              ],
              "uv": {},
              "inflate": 0
            }
          ],
          "parent": "TaiyoBody"
        },
        {
          "name": "hat",
          "pivot": [
            0,
            24,
            0
          ],
          "cubes": [
            {
              "origin": [
                -4.0,
                24.0,
                -4.0
              ],
              "size": [
                8.0,
                8.0,
                8.0
              ],
              "uv": {
                "north": {
                  "uv": [
                    0,
                    0
                  ],
                  "uv_size": [
                    64,
                    50
                  ]
                },
                "east": {
                  "uv": [
                    0,
                    0
                  ],
                  "uv_size": [
                    20.05333,
                    50
                  ]
                },
                "south": {
                  "uv": [
                    43.94667,
                    0
                  ],
                  "uv_size": [
                    20.05333,
                    50
                  ]
                },
                "west": {
                  "uv": [
                    0,
                    0
                  ],
                  "uv_size": [
                    20.05333,
                    50
                  ]
                }
              },
              "inflate": 0.5
            },
            {
              "origin": [
                -0.5,
                29.0,
                4.2
              ],
              "size": [
                1.0,
                1.0,
                1.0
              ],
              "uv": {
                "north": {
                  "uv": [
                    0,
                    14.93333
                  ],
                  "uv_size": [
                    18.64,
                    4.13333
                  ]
                },
                "east": {
                  "uv": [
                    0,
                    14.93333
                  ],
                  "uv_size": [
                    18.64,
                    4.13333
                  ]
                },
                "south": {
                  "uv": [
                    0,
                    14.93333
                  ],
                  "uv_size": [
                    18.64,
                    4.13333
                  ]
                },
                "west": {
                  "uv": [
                    45.36,
                    14.93333
                  ],
                  "uv_size": [
                    18.64,
                    4.13333
                  ]
                },
                "up": {
                  "uv": [
                    64,
                    19.06667
                  ],
                  "uv_size": [
                    -18.64,
                    -4.13333
                  ]
                },
                "down": {
                  "uv": [
                    64,
                    19.06667
                  ],
                  "uv_size": [
                    -18.64,
                    -4.13333
                  ]
                }
              },
              "inflate": 0
            }
          ],
          "parent": "head"
        },
        {
          "name": "bone",
          "pivot": [
            0,
            23,
            1
          ],
          "cubes": [
            {
              "origin": [
                2.6,
                17.2,
                5.8
              ],
              "size": [
                1.0,
                6.0,
                0.5
              ],
              "pivot": [
                0.0,
                23.0,
                1.0
              ],
              "rotation": [
                5.0,
                0.0,
                -10.0
              ],
              "uv": {
                "north": {
                  "uv": [
                    0,
                    14.93333
                  ],
                  "uv_size": [
                    18.64,
                    4.13333
                  ]
                },
                "east": {
                  "uv": [
                    0,
                    14.93333
                  ],
                  "uv_size": [
                    18.64,
                    4.13333
                  ]
                },
                "south": {
                  "uv": [
                    0,
                    14.93333
                  ],
                  "uv_size": [
                    18.64,
                    4.13333
                  ]
                },
                "west": {
                  "uv": [
                    45.36,
                    14.93333
                  ],
                  "uv_size": [
                    18.64,
                    4.13333
                  ]
                },
                "up": {
                  "uv": [
                    64,
                    19.06667
                  ],
                  "uv_size": [
                    -18.64,
                    -4.13333
                  ]
                },
                "down": {
                  "uv": [
                    64,
                    19.06667
                  ],
                  "uv_size": [
                    -18.64,
                    -4.13333
                  ]
                }
              },
              "inflate": 0
            },
            {
              "origin": [
                2.5,
                22.0,
                5.8
              ],
              "size": [
                1.0,
                6.0,
                0.5
              ],
              "pivot": [
                0.0,
                23.0,
                1.0
              ],
              "rotation": [
                0.0,
                0.0,
                -27.5
              ],
              "uv": {
                "north": {
                  "uv": [
                    0,
                    14.93333
                  ],
                  "uv_size": [
                    18.64,
                    4.13333
                  ]
                },
                "east": {
                  "uv": [
                    0,
                    14.93333
                  ],
                  "uv_size": [
                    18.64,
                    4.13333
                  ]
                },
                "south": {
                  "uv": [
                    0,
                    14.93333
                  ],
                  "uv_size": [
                    18.64,
                    4.13333
                  ]
                },
                "west": {
                  "uv": [
                    45.36,
                    14.93333
                  ],
                  "uv_size": [
                    18.64,
                    4.13333
                  ]
                },
                "up": {
                  "uv": [
                    64,
                    19.06667
                  ],
                  "uv_size": [
                    -18.64,
                    -4.13333
                  ]
                },
                "down": {
                  "uv": [
                    64,
                    19.06667
                  ],
                  "uv_size": [
                    -18.64,
                    -4.13333
                  ]
                }
              },
              "inflate": 0
            }
          ],
          "parent": "hat",
          "rotation": [
            12.5,
            0,
            0
          ]
        },
        {
          "name": "bone2",
          "pivot": [
            0,
            23,
            10
          ],
          "cubes": [
            {
              "origin": [
                2.6,
                17.8,
                13.8
              ],
              "size": [
                1.0,
                6.0,
                0.5
              ],
              "pivot": [
                0.0,
                23.0,
                10.0
              ],
              "rotation": [
                -5.0,
                0.0,
                -10.0
              ],
              "uv": {
                "north": {
                  "uv": [
                    0,
                    14.93333
                  ],
                  "uv_size": [
                    18.64,
                    4.13333
                  ]
                },
                "east": {
                  "uv": [
                    0,
                    14.93333
                  ],
                  "uv_size": [
                    18.64,
                    4.13333
                  ]
                },
                "south": {
                  "uv": [
                    0,
                    14.93333
                  ],
                  "uv_size": [
                    18.64,
                    4.13333
                  ]
                },
                "west": {
                  "uv": [
                    45.36,
                    14.93333
                  ],
                  "uv_size": [
                    18.64,
                    4.13333
                  ]
                },
                "up": {
                  "uv": [
                    64,
                    19.06667
                  ],
                  "uv_size": [
                    -18.64,
                    -4.13333
                  ]
                },
                "down": {
                  "uv": [
                    64,
                    19.06667
                  ],
                  "uv_size": [
                    -18.64,
                    -4.13333
                  ]
                }
              },
              "inflate": 0
            },
            {
              "origin": [
                2.5,
                22.0,
                13.8
              ],
              "size": [
                1.0,
                6.0,
                0.5
              ],
              "pivot": [
                0.0,
                23.0,
                10.0
              ],
              "rotation": [
                0.0,
                0.0,
                -27.5
              ],
              "uv": {
                "north": {
                  "uv": [
                    0,
                    14.93333
                  ],
                  "uv_size": [
                    18.64,
                    4.13333
                  ]
                },
                "east": {
                  "uv": [
                    0,
                    14.93333
                  ],
                  "uv_size": [
                    18.64,
                    4.13333
                  ]
                },
                "south": {
                  "uv": [
                    0,
                    14.93333
                  ],
                  "uv_size": [
                    18.64,
                    4.13333
                  ]
                },
                "west": {
                  "uv": [
                    45.36,
                    14.93333
                  ],
                  "uv_size": [
                    18.64,
                    4.13333
                  ]
                },
                "up": {
                  "uv": [
                    64,
                    19.06667
                  ],
                  "uv_size": [
                    -18.64,
                    -4.13333
                  ]
                },
                "down": {
                  "uv": [
                    64,
                    19.06667
                  ],
                  "uv_size": [
                    -18.64,
                    -4.13333
                  ]
                }
              },
              "inflate": 0
            }
          ],
          "parent": "bone",
          "rotation": [
            0,
            180,
            0
          ]
        },
        {
          "name": "body",
          "pivot": [
            0,
            24,
            0
          ],
          "cubes": [
            {
              "origin": [
                -4.0,
                12.0,
                -2.0
              ],
              "size": [
                8.0,
                12.0,
                4.0
              ],
              "uv": {},
              "inflate": 0
            }
          ],
          "parent": "TaiyoBody"
        },
        {
          "name": "cape",
          "pivot": [
            0,
            24,
            3
          ],
          "parent": "body"
        },
        {
          "name": "leftArm",
          "pivot": [
            5,
            22,
            0
          ],
          "cubes": [
            {
              "origin": [
                4.0,
                12.0,
                -2.0
              ],
              "size": [
                4.0,
                12.0,
                4.0
              ],
              "uv": {},
              "inflate": 0
            }
          ],
          "parent": "TaiyoBody"
        },
        {
          "name": "leftSleeve",
          "pivot": [
            5,
            22,
            0
          ],
          "cubes": [
            {
              "origin": [
                4.0,
                12.0,
                -2.0
              ],
              "size": [
                4.0,
                12.0,
                4.0
              ],
              "uv": {},
              "inflate": 0.25
            }
          ],
          "parent": "leftArm"
        },
        {
          "name": "leftItem",
          "pivot": [
            6,
            15,
            1
          ],
          "parent": "leftArm"
        },
        {
          "name": "rightArm",
          "pivot": [
            -5,
            22,
            0
          ],
          "cubes": [
            {
              "origin": [
                -8.0,
                12.0,
                -2.0
              ],
              "size": [
                4.0,
                12.0,
                4.0
              ],
              "uv": {},
              "inflate": 0
            }
          ],
          "parent": "TaiyoBody"
        },
        {
          "name": "rightSleeve",
          "pivot": [
            -5,
            22,
            0
          ],
          "cubes": [
            {
              "origin": [
                -8.0,
                12.0,
                -2.0
              ],
              "size": [
                4.0,
                12.0,
                4.0
              ],
              "uv": {},
              "inflate": 0.25
            }
          ],
          "parent": "rightArm"
        },
        {
          "name": "rightItem",
          "pivot": [
            -6,
            15,
            1
          ],
          "parent": "rightArm"
        },
        {
          "name": "leftLeg",
          "pivot": [
            1.9,
            12,
            0
          ],
          "cubes": [
            {
              "origin": [
                -0.1,
                0.0,
                -2.0
              ],
              "size": [
                4.0,
                12.0,
                4.0
              ],
              "uv": {},
              "inflate": 0
            }
          ],
          "parent": "TaiyoBody"
        },
        {
          "name": "leftPants",
          "pivot": [
            1.9,
            12,
            0
          ],
          "cubes": [
            {
              "origin": [
                -0.1,
                0.0,
                -2.0
              ],
              "size": [
                4.0,
                12.0,
                4.0
              ],
              "uv": {},
              "inflate": 0.25
            }
          ],
          "parent": "leftLeg"
        },
        {
          "name": "rightLeg",
          "pivot": [
            -1.9,
            12,
            0
          ],
          "cubes": [
            {
              "origin": [
                -3.9,
                0.0,
                -2.0
              ],
              "size": [
                4.0,
                12.0,
                4.0
              ],
              "uv": {},
              "inflate": 0
            }
          ],
          "parent": "TaiyoBody"
        },
        {
          "name": "rightPants",
          "pivot": [
            -1.9,
            12,
            0
          ],
          "cubes": [
            {
              "origin": [
                -3.9,
                0.0,
                -2.0
              ],
              "size": [
                4.0,
                12.0,
                4.0
              ],
              "uv": {},
              "inflate": 0.25
            }
          ],
          "parent": "rightLeg"
        },
        {
          "name": "jacket",
          "pivot": [
            0,
            24,
            0
          ],
          "cubes": [
            {
              "origin": [
                -4.0,
                12.0,
                -2.0
              ],
              "size": [
                8.0,
                12.0,
                4.0
              ],
              "uv": {},
              "inflate": 0.25
            }
          ],
          "parent": "TaiyoBody"
        }
      ]
    }
  ]
}