{
  "format_version": "1.12.0",
  "minecraft:geometry": [
    {
      "description": {
        "identifier": "geometry.mcpe_astro_detainer_toilet",
        "texture_width": 256,
        "texture_height": 256,
        "visible_bounds_width": 6,
        "visible_bounds_height": 8,
        "visible_bounds_offset": [
          0,
          2,
          0
        ]
      },
      "bones": [
        {
          "name": "bb_main",
          "pivot": [
            0,
            20,
            0
          ],
          "cubes": [
            {
              "origin": [
                -6,
                29,
                -5
              ],
              "size": [
                10,
                3,
                9
              ],
              "uv": [
                69,
                19
              ]
            },
            {
              "origin": [
                -6,
                22,
                -4
              ],
              "size": [
                10,
                7,
                9
              ],
              "uv": [
                57,
                0
              ]
            },
            {
              "origin": [
                -8,
                29,
                -7
              ],
              "size": [
                3,
                5,
                14
              ],
              "uv": [
                22,
                64
              ]
            },
            {
              "origin": [
                -2,
                27,
                27
              ],
              "size": [
                3,
                5,
                11
              ],
              "pivot": [
                0,
                0,
                0
              ],
              "rotation": [
                27.5,
                0,
                0
              ],
              "uv": [
                0,
                0
              ]
            },
            {
              "origin": [
                -3,
                27,
                27
              ],
              "size": [
                3,
                5,
                11
              ],
              "pivot": [
                0,
                0,
                0
              ],
              "rotation": [
                27.5,
                0,
                0
              ],
              "uv": [
                0,
                0
              ]
            },
            {
              "origin": [
                -3,
                -9,
                47
              ],
              "size": [
                3,
                5,
                11
              ],
              "pivot": [
                0,
                0,
                0
              ],
              "rotation": [
                72.5,
                0,
                0
              ],
              "uv": [
                0,
                0
              ]
            },
            {
              "origin": [
                -3,
                -58,
                17
              ],
              "size": [
                3,
                5,
                11
              ],
              "pivot": [
                0,
                0,
                0
              ],
              "rotation": [
                137.5,
                0,
                0
              ],
              "uv": [
                0,
                0
              ]
            },
            {
              "origin": [
                -3,
                -58,
                28
              ],
              "size": [
                3,
                5,
                11
              ],
              "pivot": [
                0,
                0,
                0
              ],
              "rotation": [
                137.5,
                0,
                0
              ],
              "uv": [
                0,
                0
              ]
            },
            {
              "origin": [
                -3,
                -58,
                29
              ],
              "size": [
                3,
                5,
                11
              ],
              "pivot": [
                0,
                0,
                0
              ],
              "rotation": [
                137.5,
                0,
                0
              ],
              "uv": [
                0,
                0
              ]
            },
            {
              "origin": [
                -2,
                -58,
                17
              ],
              "size": [
                3,
                5,
                11
              ],
              "pivot": [
                0,
                0,
                0
              ],
              "rotation": [
                137.5,
                0,
                0
              ],
              "uv": [
                0,
                0
              ]
            },
            {
              "origin": [
                -2,
                -58,
                29
              ],
              "size": [
                3,
                5,
                11
              ],
              "pivot": [
                0,
                0,
                0
              ],
              "rotation": [
                137.5,
                0,
                0
              ],
              "uv": [
                0,
                0
              ]
            },
            {
              "origin": [
                -2,
                -58,
                28
              ],
              "size": [
                3,
                5,
                11
              ],
              "pivot": [
                0,
                0,
                0
              ],
              "rotation": [
                137.5,
                0,
                0
              ],
              "uv": [
                0,
                0
              ]
            },
            {
              "origin": [
                -2,
                -9,
                47
              ],
              "size": [
                3,
                5,
                11
              ],
              "pivot": [
                0,
                0,
                0
              ],
              "rotation": [
                72.5,
                0,
                0
              ],
              "uv": [
                0,
                0
              ]
            },
            {
              "origin": [
                -6,
                32,
                -8
              ],
              "size": [
                1,
                2,
                15
              ],
              "uv": [
                41,
                74
              ]
            },
            {
              "origin": [
                -6,
                30,
                -8
              ],
              "size": [
                3,
                2,
                15
              ],
              "uv": [
                0,
                57
              ]
            },
            {
              "origin": [
                3,
                30,
                -8
              ],
              "size": [
                1,
                2,
                15
              ],
              "uv": [
                0,
                74
              ]
            },
            {
              "origin": [
                3,
                32,
                -8
              ],
              "size": [
                1,
                2,
                15
              ],
              "uv": [
                72,
                62
              ]
            },
            {
              "origin": [
                3,
                29,
                -7
              ],
              "size": [
                3,
                5,
                14
              ],
              "uv": [
                53,
                55
              ]
            },
            {
              "origin": [
                -5,
                29,
                -8
              ],
              "size": [
                8,
                5,
                3
              ],
              "uv": [
                104,
                103
              ]
            },
            {
              "origin": [
                -17,
                30,
                1
              ],
              "size": [
                8,
                3,
                2
              ],
              "pivot": [
                0,
                -1,
                0
              ],
              "rotation": [
                0,
                -55,
                0
              ],
              "uv": [
                42,
                64
              ]
            },
            {
              "origin": [
                -16,
                30,
                -2
              ],
              "size": [
                8,
                3,
                2
              ],
              "pivot": [
                0,
                -1,
                0
              ],
              "rotation": [
                0,
                -120,
                0
              ],
              "uv": [
                42,
                64
              ]
            },
            {
              "origin": [
                -16,
                28,
                -2
              ],
              "size": [
                1,
                3,
                2
              ],
              "pivot": [
                0,
                -1,
                0
              ],
              "rotation": [
                0,
                -120,
                0
              ],
              "uv": [
                17,
                0
              ]
            },
            {
              "origin": [
                -17,
                28,
                1
              ],
              "size": [
                1,
                3,
                2
              ],
              "pivot": [
                0,
                -1,
                0
              ],
              "rotation": [
                0,
                -55,
                0
              ],
              "uv": [
                17,
                0
              ]
            },
            {
              "origin": [
                -3,
                30,
                -4
              ],
              "size": [
                4,
                6,
                4
              ],
              "uv": [
                23,
                42
              ]
            },
            {
              "origin": [
                -3,
                32,
                -4
              ],
              "size": [
                4,
                6,
                4
              ],
              "uv": [
                23,
                42
              ]
            },
            {
              "origin": [
                -6,
                35,
                9
              ],
              "size": [
                10,
                7,
                1
              ],
              "inflate": 2,
              "uv": [
                0,
                20
              ]
            },
            {
              "origin": [
                -9,
                44,
                7
              ],
              "size": [
                16,
                2,
                5
              ],
              "uv": [
                73,
                55
              ]
            },
            {
              "origin": [
                -2,
                46,
                8
              ],
              "size": [
                2,
                1,
                2
              ],
              "uv": [
                0,
                7
              ]
            },
            {
              "origin": [
                -7,
                31,
                5
              ],
              "size": [
                12,
                16,
                1
              ],
              "uv": [
                0,
                91
              ]
            },
            {
              "origin": [
                -6,
                47,
                5
              ],
              "size": [
                10,
                1,
                1
              ],
              "uv": [
                21,
                57
              ]
            },
            {
              "origin": [
                -8,
                32,
                4
              ],
              "size": [
                14,
                2,
                3
              ],
              "uv": [
                104,
                81
              ]
            },
            {
              "origin": [
                -8,
                30,
                4
              ],
              "size": [
                14,
                2,
                3
              ],
              "uv": [
                104,
                76
              ]
            },
            {
              "origin": [
                -8,
                32,
                4
              ],
              "size": [
                14,
                2,
                3
              ],
              "uv": [
                104,
                76
              ]
            },
            {
              "origin": [
                -8,
                31,
                7
              ],
              "size": [
                14,
                2,
                3
              ],
              "uv": [
                98,
                23
              ]
            },
            {
              "origin": [
                -8,
                29,
                5
              ],
              "size": [
                14,
                2,
                3
              ],
              "uv": [
                98,
                18
              ]
            }
          ]
        },
        {
          "name": "bone2",
          "parent": "bb_main",
          "pivot": [
            -8,
            32,
            3
          ],
          "rotation": [
            12.79362,
            12.19908,
            2.74715
          ],
          "cubes": [
            {
              "origin": [
                -17,
                30,
                7
              ],
              "size": [
                16,
                3,
                3
              ],
              "pivot": [
                0,
                -1,
                0
              ],
              "rotation": [
                0,
                -55,
                0
              ],
              "uv": [
                89,
                62
              ]
            },
            {
              "origin": [
                -25,
                30,
                15
              ],
              "size": [
                16,
                3,
                3
              ],
              "pivot": [
                0,
                -1,
                0
              ],
              "rotation": [
                0,
                -90,
                0
              ],
              "uv": [
                86,
                0
              ]
            }
          ]
        },
        {
          "name": "bone3",
          "parent": "bone2",
          "pivot": [
            -16,
            32,
            -26
          ],
          "rotation": [
            0,
            0,
            -2.5
          ],
          "cubes": [
            {
              "origin": [
                -27,
                30,
                11
              ],
              "size": [
                2,
                3,
                11
              ],
              "pivot": [
                0,
                -1,
                0
              ],
              "rotation": [
                0,
                -90,
                0
              ],
              "uv": [
                57,
                98
              ]
            },
            {
              "origin": [
                -32,
                28,
                10
              ],
              "size": [
                5,
                7,
                2
              ],
              "pivot": [
                0,
                -1,
                0
              ],
              "rotation": [
                0,
                -90,
                0
              ],
              "uv": [
                0,
                57
              ]
            },
            {
              "origin": [
                -32,
                28,
                21
              ],
              "size": [
                5,
                7,
                2
              ],
              "pivot": [
                0,
                -1,
                0
              ],
              "rotation": [
                0,
                -90,
                0
              ],
              "uv": [
                0,
                57
              ]
            },
            {
              "origin": [
                -37,
                35,
                10
              ],
              "size": [
                4,
                1,
                2
              ],
              "pivot": [
                0,
                -1,
                0
              ],
              "rotation": [
                0,
                -90,
                0
              ],
              "uv": [
                21,
                64
              ]
            },
            {
              "origin": [
                -37,
                35,
                21
              ],
              "size": [
                4,
                1,
                2
              ],
              "pivot": [
                0,
                -1,
                0
              ],
              "rotation": [
                0,
                -90,
                0
              ],
              "uv": [
                21,
                64
              ]
            },
            {
              "origin": [
                -38,
                28,
                10
              ],
              "size": [
                6,
                7,
                2
              ],
              "pivot": [
                0,
                -1,
                0
              ],
              "rotation": [
                0,
                -90,
                0
              ],
              "uv": [
                0,
                45
              ]
            },
            {
              "origin": [
                -38,
                28,
                21
              ],
              "size": [
                6,
                7,
                2
              ],
              "pivot": [
                0,
                -1,
                0
              ],
              "rotation": [
                0,
                -90,
                0
              ],
              "uv": [
                0,
                45
              ]
            },
            {
              "origin": [
                -39,
                29,
                10
              ],
              "size": [
                1,
                5,
                2
              ],
              "pivot": [
                0,
                -1,
                0
              ],
              "rotation": [
                0,
                -90,
                0
              ],
              "uv": [
                0,
                0
              ]
            },
            {
              "origin": [
                -39,
                29,
                21
              ],
              "size": [
                1,
                5,
                2
              ],
              "pivot": [
                0,
                -1,
                0
              ],
              "rotation": [
                0,
                -90,
                0
              ],
              "uv": [
                0,
                0
              ]
            },
            {
              "origin": [
                -37,
                27,
                10
              ],
              "size": [
                4,
                1,
                2
              ],
              "pivot": [
                0,
                -1,
                0
              ],
              "rotation": [
                0,
                -90,
                0
              ],
              "uv": [
                50,
                55
              ]
            },
            {
              "origin": [
                -37,
                27,
                21
              ],
              "size": [
                4,
                1,
                2
              ],
              "pivot": [
                0,
                -1,
                0
              ],
              "rotation": [
                0,
                -90,
                0
              ],
              "uv": [
                50,
                55
              ]
            }
          ]
        },
        {
          "name": "bone4",
          "parent": "bb_main",
          "pivot": [
            -1,
            68,
            7
          ],
          "rotation": [
            -10,
            0,
            0
          ],
          "cubes": [
            {
              "origin": [
                -5,
                70,
                -33
              ],
              "size": [
                8,
                2,
                8
              ],
              "pivot": [
                0,
                3,
                1
              ],
              "rotation": [
                -27.5,
                0,
                0
              ],
              "uv": [
                87,
                8
              ]
            },
            {
              "origin": [
                -5,
                56,
                -33
              ],
              "size": [
                8,
                2,
                8
              ],
              "pivot": [
                0,
                3,
                1
              ],
              "rotation": [
                -27.5,
                0,
                0
              ],
              "uv": [
                87,
                8
              ]
            },
            {
              "origin": [
                -7,
                63,
                -25
              ],
              "size": [
                12,
                2,
                2
              ],
              "pivot": [
                0,
                3,
                1
              ],
              "rotation": [
                -27.5,
                0,
                0
              ],
              "uv": [
                0,
                16
              ]
            },
            {
              "origin": [
                3,
                62,
                -32
              ],
              "size": [
                2,
                5,
                7
              ],
              "pivot": [
                0,
                3,
                1
              ],
              "rotation": [
                -27.5,
                0,
                0
              ],
              "uv": [
                0,
                33
              ]
            },
            {
              "origin": [
                -7,
                62,
                -32
              ],
              "size": [
                2,
                5,
                7
              ],
              "pivot": [
                0,
                3,
                1
              ],
              "rotation": [
                -27.5,
                0,
                0
              ],
              "uv": [
                0,
                33
              ]
            },
            {
              "origin": [
                -3,
                57,
                -25
              ],
              "size": [
                4,
                14,
                2
              ],
              "pivot": [
                0,
                3,
                1
              ],
              "rotation": [
                -27.5,
                0,
                0
              ],
              "uv": [
                34,
                0
              ]
            }
          ]
        },
        {
          "name": "bone",
          "parent": "bb_main",
          "pivot": [
            0,
            25,
            2
          ],
          "cubes": [
            {
              "origin": [
                11,
                20,
                -8
              ],
              "size": [
                3,
                5,
                17
              ],
              "uv": [
                27,
                42
              ]
            },
            {
              "origin": [
                -15,
                20,
                -7
              ],
              "size": [
                3,
                5,
                17
              ],
              "uv": [
                34,
                0
              ]
            },
            {
              "origin": [
                -8,
                20,
                -15
              ],
              "size": [
                14,
                5,
                3
              ],
              "uv": [
                89,
                68
              ]
            },
            {
              "origin": [
                -7,
                20,
                16
              ],
              "size": [
                13,
                5,
                3
              ],
              "uv": [
                97,
                91
              ]
            },
            {
              "origin": [
                -2,
                20,
                -12
              ],
              "size": [
                3,
                5,
                28
              ],
              "uv": [
                0,
                0
              ]
            },
            {
              "origin": [
                -12,
                20,
                -1
              ],
              "size": [
                23,
                5,
                4
              ],
              "uv": [
                23,
                33
              ]
            },
            {
              "origin": [
                -16,
                20,
                -6
              ],
              "size": [
                3,
                5,
                10
              ],
              "pivot": [
                0,
                20,
                0
              ],
              "rotation": [
                0,
                -40,
                0
              ],
              "uv": [
                42,
                94
              ]
            },
            {
              "origin": [
                -18,
                20,
                0
              ],
              "size": [
                3,
                5,
                10
              ],
              "pivot": [
                0,
                20,
                0
              ],
              "rotation": [
                0,
                37.5,
                0
              ],
              "uv": [
                81,
                91
              ]
            },
            {
              "origin": [
                14,
                20,
                -2
              ],
              "size": [
                3,
                5,
                12
              ],
              "pivot": [
                0,
                20,
                0
              ],
              "rotation": [
                0,
                -40,
                0
              ],
              "uv": [
                61,
                79
              ]
            },
            {
              "origin": [
                -15,
                20,
                -5
              ],
              "size": [
                3,
                5,
                11
              ],
              "pivot": [
                0,
                20,
                0
              ],
              "rotation": [
                0,
                -132.5,
                0
              ],
              "uv": [
                0,
                0
              ]
            }
          ]
        },
        {
          "name": "head",
          "parent": "bb_main",
          "pivot": [
            -1,
            37,
            -2
          ],
          "cubes": [
            {
              "origin": [
                -6,
                43,
                -8
              ],
              "size": [
                10,
                2,
                11
              ],
              "uv": [
                50,
                42
              ]
            },
            {
              "origin": [
                -5,
                45,
                -6
              ],
              "size": [
                8,
                3,
                9
              ],
              "uv": [
                79,
                79
              ]
            },
            {
              "origin": [
                -2,
                45,
                -8
              ],
              "size": [
                2,
                4,
                11
              ],
              "uv": [
                26,
                89
              ]
            },
            {
              "origin": [
                -5,
                37,
                -6
              ],
              "size": [
                8,
                6,
                8
              ],
              "uv": [
                81,
                31
              ]
            }
          ]
        },
        {
          "name": "bone5",
          "pivot": [
            6,
            32,
            4
          ],
          "rotation": [
            90,
            -82.5,
            -90
          ],
          "cubes": [
            {
              "origin": [
                -21,
                30,
                -2
              ],
              "size": [
                16,
                3,
                3
              ],
              "pivot": [
                -4,
                -1,
                14
              ],
              "rotation": [
                0,
                -55,
                0
              ],
              "uv": [
                17,
                83
              ]
            },
            {
              "origin": [
                -23,
                30,
                -9
              ],
              "size": [
                16,
                3,
                3
              ],
              "pivot": [
                -4,
                -1,
                14
              ],
              "rotation": [
                0,
                -15,
                0
              ],
              "uv": [
                81,
                45
              ]
            }
          ]
        },
        {
          "name": "bone6",
          "parent": "bone5",
          "pivot": [
            -17,
            32,
            -12
          ],
          "rotation": [
            2.45355,
            0.02929,
            6.59455
          ],
          "cubes": [
            {
              "origin": [
                -24,
                30,
                -18
              ],
              "size": [
                1,
                3,
                21
              ],
              "pivot": [
                -4,
                -1,
                14
              ],
              "rotation": [
                0,
                -15,
                0
              ],
              "uv": [
                0,
                33
              ]
            },
            {
              "origin": [
                -43,
                30,
                -9
              ],
              "size": [
                19,
                3,
                3
              ],
              "pivot": [
                -4,
                -1,
                14
              ],
              "rotation": [
                0,
                -15,
                0
              ],
              "uv": [
                34,
                22
              ]
            },
            {
              "origin": [
                -49,
                31,
                -8
              ],
              "size": [
                6,
                1,
                1
              ],
              "pivot": [
                -4,
                -1,
                14
              ],
              "rotation": [
                0,
                -15,
                0
              ],
              "uv": [
                23,
                52
              ]
            }
          ]
        }
      ]
    }
  ]
}