{
  "format_version": "1.12",
  "minecraft:recipe_shaped": {
    "description": {
      "identifier": "dinosaur_bone_pickaxe_ea470071"
    },
    "tags": [
      "crafting_table"
    ],
    "pattern": [
      "AAA",
      " B ",
      " B "
    ],
    "key": {
      "A": {
        "item": "pd:bone_dinosaur",
        "data": 0
      },
      "B": {
        "item": "minecraft:stick",
        "data": 0
      }
    },
    "result": {
      "item": "pd:dinosaur_bone_pickaxe",
      "count": 1
    }
  }
}