{
 "format_version": "1.10.0",
 "animation_controllers": {
   "controller.animation.alive": {
      "states": {
        "default": {
          "transitions": [ { "alive": "query.is_alive" } ],
          "on_entry": [ "/function Spectator  " ]
        },
        "alive": {
          "transitions": [ { "default": "query.is_alive" } ],
          "on_entry": [ "" ]
        }
      }
    },

   "controller.animation.noalive": {
      "states": {
        "default": {
          "transitions": [ { "alive": "!query.is_alive" } ],
          "on_entry": [ "/tag @s add dead" ]
        },
        "alive": {
          "transitions": [ { "default": "!query.is_alive" } ],
          "on_entry": [ "" ]
        }
      }
    }
  }
}