{
  "format_version": "1.12.0",
  "minecraft:geometry": [
    {
      "description": {
        "identifier": "geometry.sb_many_head_skibidi_toilet",
        "texture_width": 128,
        "texture_height": 128,
        "visible_bounds_width": 7,
        "visible_bounds_height": 5.5,
        "visible_bounds_offset": [
          0,
          2.25,
          0
        ]
      },
      "bones": [
        {
          "name": "bone",
          "pivot": [
            0,
            16,
            10
          ],
          "rotation": [
            42.5,
            0,
            0
          ],
          "cubes": [
            {
              "origin": [
                -1.15,
                16,
                0.95
              ],
              "size": [
                5.75,
                6.9,
                13.8
              ],
              "pivot": [
                0,
                24.05,
                10
              ],
              "rotation": [
                0,
                0,
                -7.5
              ],
              "uv": [
                50,
                30
              ]
            },
            {
              "origin": [
                2.3,
                20.6,
                -0.2
              ],
              "size": [
                2.45,
                10.2,
                11.35
              ],
              "pivot": [
                0,
                24.05,
                10
              ],
              "rotation": [
                0,
                0,
                25
              ],
              "uv": [
                62,
                66
              ]
            },
            {
              "origin": [
                -4.75,
                20.6,
                -0.2
              ],
              "size": [
                2.45,
                10.2,
                12.35
              ],
              "pivot": [
                0,
                24.05,
                10
              ],
              "rotation": [
                0,
                0,
                -25
              ],
              "uv": [
                0,
                56
              ]
            },
            {
              "origin": [
                -4.6,
                16,
                0.95
              ],
              "size": [
                5.75,
                6.9,
                13.8
              ],
              "pivot": [
                0,
                24.05,
                10
              ],
              "rotation": [
                0,
                0,
                7.5
              ],
              "uv": [
                42,
                0
              ]
            },
            {
              "origin": [
                -4.45,
                22.75,
                -0.35
              ],
              "size": [
                8.9,
                6.9,
                2.45
              ],
              "pivot": [
                0,
                21.75,
                0.8
              ],
              "rotation": [
                20,
                0,
                0
              ],
              "uv": [
                86,
                11
              ]
            },
            {
              "origin": [
                -2.9,
                21.9,
                0.15
              ],
              "size": [
                6.65,
                3.95,
                11.2
              ],
              "uv": [
                39,
                63
              ]
            },
            {
              "origin": [
                -2.3,
                17.15,
                11.15
              ],
              "size": [
                4.45,
                5.75,
                6.9
              ],
              "uv": [
                41,
                77
              ]
            },
            {
              "origin": [
                -5.75,
                14.85,
                -2.5
              ],
              "size": [
                11.5,
                2.3,
                20.7
              ],
              "uv": [
                0,
                0
              ]
            },
            {
              "origin": [
                -5.75,
                22.85,
                20.2
              ],
              "size": [
                11.5,
                15.3,
                1
              ],
              "uv": [
                86,
                40
              ]
            },
            {
              "origin": [
                -4.75,
                21.85,
                10.5
              ],
              "size": [
                9.5,
                7.3,
                1.7
              ],
              "uv": [
                77,
                67
              ]
            },
            {
              "origin": [
                -7,
                28,
                0
              ],
              "size": [
                3,
                2,
                9
              ],
              "uv": [
                77,
                56
              ],
              "mirror": true
            },
            {
              "origin": [
                4,
                28,
                0
              ],
              "size": [
                3,
                2,
                9
              ],
              "uv": [
                77,
                56
              ]
            },
            {
              "origin": [
                -7,
                28,
                -3
              ],
              "size": [
                14,
                2,
                3
              ],
              "uv": [
                65,
                6
              ]
            },
            {
              "origin": [
                -7,
                28,
                9
              ],
              "size": [
                14,
                2,
                4
              ],
              "uv": [
                65,
                0
              ]
            }
          ]
        },
        {
          "name": "bone15",
          "parent": "bone",
          "pivot": [
            6,
            22,
            6
          ],
          "rotation": [
            -70.34456,
            13.89628,
            13.18359
          ],
          "cubes": [
            {
              "origin": [
                -3.54043,
                13.89813,
                6.218
              ],
              "size": [
                34.5,
                3,
                1.5
              ],
              "pivot": [
                -6.54043,
                25.89813,
                6.218
              ],
              "rotation": [
                0,
                0,
                -37.5
              ],
              "uv": [
                0,
                22
              ],
              "mirror": true
            }
          ]
        },
        {
          "name": "bone16",
          "parent": "bone15",
          "pivot": [
            27.95957,
            39.89813,
            6.718
          ],
          "cubes": [
            {
              "origin": [
                16.0765,
                42.66142,
                6.218
              ],
              "size": [
                34.5,
                3,
                1.5
              ],
              "pivot": [
                18.95957,
                31.89813,
                6.218
              ],
              "rotation": [
                0,
                0,
                55
              ],
              "uv": [
                0,
                22
              ],
              "mirror": true
            }
          ]
        },
        {
          "name": "bone13",
          "parent": "bone",
          "pivot": [
            -6,
            22,
            6
          ],
          "rotation": [
            -70.34456,
            -13.89628,
            -13.18359
          ],
          "cubes": [
            {
              "origin": [
                -30.95957,
                13.89813,
                6.218
              ],
              "size": [
                34.5,
                3,
                1.5
              ],
              "pivot": [
                6.54043,
                25.89813,
                6.218
              ],
              "rotation": [
                0,
                0,
                37.5
              ],
              "uv": [
                0,
                22
              ]
            }
          ]
        },
        {
          "name": "bone14",
          "parent": "bone13",
          "pivot": [
            -27.95957,
            39.89813,
            6.718
          ],
          "cubes": [
            {
              "origin": [
                -50.5765,
                42.66142,
                6.218
              ],
              "size": [
                34.5,
                3,
                1.5
              ],
              "pivot": [
                -18.95957,
                31.89813,
                6.218
              ],
              "rotation": [
                0,
                0,
                -55
              ],
              "uv": [
                0,
                22
              ]
            }
          ]
        },
        {
          "name": "bone12",
          "parent": "bone",
          "pivot": [
            0,
            27.05,
            6
          ],
          "cubes": [
            {
              "origin": [
                -2.3,
                26.45,
                4.25
              ],
              "size": [
                4.6,
                11.5,
                5.75
              ],
              "uv": [
                0,
                0
              ]
            },
            {
              "origin": [
                -2.3,
                35.21241,
                4.62514
              ],
              "size": [
                4.6,
                21.5,
                5.75
              ],
              "pivot": [
                -5,
                38,
                9
              ],
              "rotation": [
                -30,
                0,
                0
              ],
              "uv": [
                73,
                14
              ]
            }
          ]
        },
        {
          "name": "bone10",
          "parent": "bone12",
          "pivot": [
            2,
            37,
            6
          ],
          "cubes": [
            {
              "origin": [
                -0.3,
                34.45,
                2.25
              ],
              "size": [
                4.6,
                20.5,
                5.75
              ],
              "pivot": [
                2,
                35,
                6
              ],
              "rotation": [
                -180,
                60,
                -147.5
              ],
              "uv": [
                23,
                73
              ],
              "mirror": true
            }
          ]
        },
        {
          "name": "bone11",
          "parent": "bone10",
          "pivot": [
            12,
            51.35,
            4.7
          ],
          "rotation": [
            -35.01467,
            1.4056,
            -2.81267
          ],
          "cubes": [
            {
              "origin": [
                12.19876,
                52.63724,
                -1.13018
              ],
              "size": [
                3.45,
                5.75,
                2.3
              ],
              "pivot": [
                13.34876,
                58.38724,
                0.01982
              ],
              "rotation": [
                57.40093,
                -4.21541,
                2.69136
              ],
              "uv": [
                50,
                49
              ],
              "mirror": true
            },
            {
              "origin": [
                8.74876,
                52.63724,
                -1.13018
              ],
              "size": [
                3.45,
                5.75,
                2.3
              ],
              "pivot": [
                11.04876,
                58.38724,
                0.01982
              ],
              "rotation": [
                57.40093,
                4.21541,
                -2.69136
              ],
              "uv": [
                50,
                35
              ],
              "mirror": true
            },
            {
              "origin": [
                9.89876,
                49.18724,
                0.01982
              ],
              "size": [
                4.6,
                2.3,
                1.15
              ],
              "uv": [
                42,
                9
              ],
              "mirror": true
            },
            {
              "origin": [
                8.74876,
                49.18724,
                -0.09518
              ],
              "size": [
                6.9,
                4.6,
                0
              ],
              "uv": [
                0,
                16
              ],
              "mirror": true
            },
            {
              "origin": [
                8.74876,
                56.18724,
                -0.09518
              ],
              "size": [
                2.9,
                1.6,
                0
              ],
              "pivot": [
                11.19876,
                56.58724,
                -0.08018
              ],
              "rotation": [
                0,
                0,
                12.5
              ],
              "uv": [
                0,
                0
              ]
            },
            {
              "origin": [
                12.74876,
                56.18724,
                -0.09518
              ],
              "size": [
                2.9,
                1.6,
                0
              ],
              "pivot": [
                13.19876,
                56.58724,
                -0.08018
              ],
              "rotation": [
                0,
                0,
                -12.5
              ],
              "uv": [
                0,
                0
              ],
              "mirror": true
            },
            {
              "origin": [
                8.74876,
                49.18724,
                -0.09518
              ],
              "size": [
                6.9,
                4.6,
                0
              ],
              "uv": [
                0,
                16
              ],
              "mirror": true
            },
            {
              "origin": [
                12.19876,
                52.63724,
                0.24982
              ],
              "size": [
                3.45,
                5.75,
                6.9
              ],
              "uv": [
                0,
                78
              ],
              "mirror": true
            },
            {
              "origin": [
                8.74876,
                52.63724,
                0.24982
              ],
              "size": [
                3.45,
                5.75,
                6.9
              ],
              "uv": [
                0,
                78
              ]
            },
            {
              "origin": [
                11.73876,
                53.78724,
                3.69982
              ],
              "size": [
                5.75,
                3.45,
                2.3
              ],
              "pivot": [
                14.49876,
                56.08724,
                6.91982
              ],
              "rotation": [
                0,
                12.5,
                15
              ],
              "uv": [
                45,
                30
              ],
              "mirror": true
            },
            {
              "origin": [
                6.90876,
                53.78724,
                3.69982
              ],
              "size": [
                5.75,
                3.45,
                2.3
              ],
              "pivot": [
                9.89876,
                56.08724,
                6.91982
              ],
              "rotation": [
                0,
                -12.5,
                -15
              ],
              "uv": [
                23,
                30
              ],
              "mirror": true
            },
            {
              "origin": [
                11.62376,
                52.63724,
                0.24982
              ],
              "size": [
                1.15,
                5.75,
                4.6
              ],
              "pivot": [
                12.19876,
                56.08724,
                1.16982
              ],
              "rotation": [
                -17.5,
                0,
                0
              ],
              "uv": [
                42,
                0
              ],
              "mirror": true
            },
            {
              "origin": [
                12.19876,
                58.38724,
                0.24982
              ],
              "size": [
                3.45,
                1.15,
                6.9
              ],
              "uv": [
                67,
                90
              ],
              "mirror": true
            },
            {
              "origin": [
                8.74876,
                58.38724,
                0.24982
              ],
              "size": [
                3.45,
                1.15,
                6.9
              ],
              "uv": [
                41,
                90
              ],
              "mirror": true
            },
            {
              "origin": [
                8.74876,
                49.18724,
                0.01982
              ],
              "size": [
                3.45,
                3.45,
                6.9
              ],
              "pivot": [
                8.74876,
                52.63724,
                3.46982
              ],
              "rotation": [
                0,
                0,
                -20
              ],
              "uv": [
                55,
                87
              ],
              "mirror": true
            },
            {
              "origin": [
                12.19876,
                49.18724,
                0.01982
              ],
              "size": [
                3.45,
                3.45,
                6.9
              ],
              "pivot": [
                15.64876,
                52.63724,
                3.46982
              ],
              "rotation": [
                0,
                0,
                20
              ],
              "uv": [
                82,
                81
              ],
              "mirror": true
            }
          ]
        },
        {
          "name": "bone9",
          "parent": "bone12",
          "pivot": [
            -2,
            37,
            6
          ],
          "cubes": [
            {
              "origin": [
                -4.3,
                34.45,
                2.25
              ],
              "size": [
                4.6,
                20.5,
                5.75
              ],
              "pivot": [
                -2,
                35,
                6
              ],
              "rotation": [
                -180,
                -60,
                147.5
              ],
              "uv": [
                23,
                73
              ]
            }
          ]
        },
        {
          "name": "bone5",
          "parent": "bone9",
          "pivot": [
            -12,
            51.35,
            4.7
          ],
          "rotation": [
            -35.01467,
            -1.4056,
            2.81267
          ],
          "cubes": [
            {
              "origin": [
                -15.64876,
                52.63724,
                -1.13018
              ],
              "size": [
                3.45,
                5.75,
                2.3
              ],
              "pivot": [
                -13.34876,
                58.38724,
                0.01982
              ],
              "rotation": [
                57.40093,
                4.21541,
                -2.69136
              ],
              "uv": [
                50,
                49
              ]
            },
            {
              "origin": [
                -12.19876,
                52.63724,
                -1.13018
              ],
              "size": [
                3.45,
                5.75,
                2.3
              ],
              "pivot": [
                -11.04876,
                58.38724,
                0.01982
              ],
              "rotation": [
                57.40093,
                -4.21541,
                2.69136
              ],
              "uv": [
                50,
                35
              ]
            },
            {
              "origin": [
                -14.49876,
                49.18724,
                0.01982
              ],
              "size": [
                4.6,
                2.3,
                1.15
              ],
              "uv": [
                42,
                9
              ]
            },
            {
              "origin": [
                -15.64876,
                49.18724,
                -0.09518
              ],
              "size": [
                6.9,
                4.6,
                0
              ],
              "uv": [
                0,
                16
              ]
            },
            {
              "origin": [
                -11.64876,
                56.18724,
                -0.09518
              ],
              "size": [
                2.9,
                1.6,
                0
              ],
              "pivot": [
                -11.19876,
                56.58724,
                -0.08018
              ],
              "rotation": [
                0,
                0,
                -12.5
              ],
              "uv": [
                0,
                0
              ],
              "mirror": true
            },
            {
              "origin": [
                -15.64876,
                56.18724,
                -0.09518
              ],
              "size": [
                2.9,
                1.6,
                0
              ],
              "pivot": [
                -13.19876,
                56.58724,
                -0.08018
              ],
              "rotation": [
                0,
                0,
                12.5
              ],
              "uv": [
                0,
                0
              ]
            },
            {
              "origin": [
                -15.64876,
                49.18724,
                -0.09518
              ],
              "size": [
                6.9,
                4.6,
                0
              ],
              "uv": [
                0,
                16
              ]
            },
            {
              "origin": [
                -15.64876,
                52.63724,
                0.24982
              ],
              "size": [
                3.45,
                5.75,
                6.9
              ],
              "uv": [
                0,
                78
              ]
            },
            {
              "origin": [
                -12.19876,
                52.63724,
                0.24982
              ],
              "size": [
                3.45,
                5.75,
                6.9
              ],
              "uv": [
                0,
                78
              ],
              "mirror": true
            },
            {
              "origin": [
                -17.48876,
                53.78724,
                3.69982
              ],
              "size": [
                5.75,
                3.45,
                2.3
              ],
              "pivot": [
                -14.49876,
                56.08724,
                6.91982
              ],
              "rotation": [
                0,
                -12.5,
                -15
              ],
              "uv": [
                45,
                30
              ]
            },
            {
              "origin": [
                -12.65876,
                53.78724,
                3.69982
              ],
              "size": [
                5.75,
                3.45,
                2.3
              ],
              "pivot": [
                -9.89876,
                56.08724,
                6.91982
              ],
              "rotation": [
                0,
                12.5,
                15
              ],
              "uv": [
                23,
                30
              ]
            },
            {
              "origin": [
                -12.77376,
                52.63724,
                0.24982
              ],
              "size": [
                1.15,
                5.75,
                4.6
              ],
              "pivot": [
                -12.19876,
                56.08724,
                1.16982
              ],
              "rotation": [
                -17.5,
                0,
                0
              ],
              "uv": [
                42,
                0
              ]
            },
            {
              "origin": [
                -15.64876,
                58.38724,
                0.24982
              ],
              "size": [
                3.45,
                1.15,
                6.9
              ],
              "uv": [
                67,
                90
              ]
            },
            {
              "origin": [
                -12.19876,
                58.38724,
                0.24982
              ],
              "size": [
                3.45,
                1.15,
                6.9
              ],
              "uv": [
                41,
                90
              ]
            },
            {
              "origin": [
                -12.19876,
                49.18724,
                0.01982
              ],
              "size": [
                3.45,
                3.45,
                6.9
              ],
              "pivot": [
                -8.74876,
                52.63724,
                3.46982
              ],
              "rotation": [
                0,
                0,
                20
              ],
              "uv": [
                55,
                87
              ]
            },
            {
              "origin": [
                -15.64876,
                49.18724,
                0.01982
              ],
              "size": [
                3.45,
                3.45,
                6.9
              ],
              "pivot": [
                -15.64876,
                52.63724,
                3.46982
              ],
              "rotation": [
                0,
                0,
                -20
              ],
              "uv": [
                82,
                81
              ]
            }
          ]
        },
        {
          "name": "bone3",
          "parent": "bone12",
          "pivot": [
            2,
            38,
            7
          ],
          "cubes": [
            {
              "origin": [
                -0.3,
                34.45,
                0.25
              ],
              "size": [
                4.6,
                34.5,
                5.75
              ],
              "pivot": [
                2,
                35,
                6
              ],
              "rotation": [
                -139.10661,
                48.59038,
                -98.39339
              ],
              "uv": [
                32,
                30
              ],
              "mirror": true
            }
          ]
        },
        {
          "name": "bone7",
          "parent": "bone3",
          "pivot": [
            22,
            54.35,
            21.7
          ],
          "rotation": [
            -35.01467,
            1.4056,
            -2.81267
          ],
          "cubes": [
            {
              "origin": [
                22.19876,
                55.63724,
                15.86982
              ],
              "size": [
                3.45,
                5.75,
                2.3
              ],
              "pivot": [
                23.34876,
                61.38724,
                17.01982
              ],
              "rotation": [
                57.40093,
                -4.21541,
                2.69136
              ],
              "uv": [
                50,
                49
              ],
              "mirror": true
            },
            {
              "origin": [
                18.74876,
                55.63724,
                15.86982
              ],
              "size": [
                3.45,
                5.75,
                2.3
              ],
              "pivot": [
                21.04876,
                61.38724,
                17.01982
              ],
              "rotation": [
                57.40093,
                4.21541,
                -2.69136
              ],
              "uv": [
                50,
                35
              ],
              "mirror": true
            },
            {
              "origin": [
                19.89876,
                52.18724,
                17.01982
              ],
              "size": [
                4.6,
                2.3,
                1.15
              ],
              "uv": [
                42,
                9
              ],
              "mirror": true
            },
            {
              "origin": [
                18.74876,
                52.18724,
                17.90482
              ],
              "size": [
                6.9,
                4.6,
                0
              ],
              "uv": [
                0,
                16
              ],
              "mirror": true
            },
            {
              "origin": [
                18.74876,
                59.18724,
                16.90482
              ],
              "size": [
                2.9,
                1.6,
                0
              ],
              "pivot": [
                21.19876,
                59.58724,
                16.91982
              ],
              "rotation": [
                0,
                0,
                12.5
              ],
              "uv": [
                0,
                0
              ]
            },
            {
              "origin": [
                22.74876,
                59.18724,
                16.90482
              ],
              "size": [
                2.9,
                1.6,
                0
              ],
              "pivot": [
                23.19876,
                59.58724,
                16.91982
              ],
              "rotation": [
                0,
                0,
                -12.5
              ],
              "uv": [
                0,
                0
              ],
              "mirror": true
            },
            {
              "origin": [
                18.74876,
                52.18724,
                16.90482
              ],
              "size": [
                6.9,
                4.6,
                0
              ],
              "uv": [
                0,
                16
              ],
              "mirror": true
            },
            {
              "origin": [
                22.19876,
                55.63724,
                17.24982
              ],
              "size": [
                3.45,
                5.75,
                6.9
              ],
              "uv": [
                0,
                78
              ],
              "mirror": true
            },
            {
              "origin": [
                18.74876,
                55.63724,
                17.24982
              ],
              "size": [
                3.45,
                5.75,
                6.9
              ],
              "uv": [
                0,
                78
              ]
            },
            {
              "origin": [
                21.73876,
                56.78724,
                20.69982
              ],
              "size": [
                5.75,
                3.45,
                2.3
              ],
              "pivot": [
                24.49876,
                59.08724,
                23.91982
              ],
              "rotation": [
                0,
                12.5,
                15
              ],
              "uv": [
                45,
                30
              ],
              "mirror": true
            },
            {
              "origin": [
                16.90876,
                56.78724,
                20.69982
              ],
              "size": [
                5.75,
                3.45,
                2.3
              ],
              "pivot": [
                19.89876,
                59.08724,
                23.91982
              ],
              "rotation": [
                0,
                -12.5,
                -15
              ],
              "uv": [
                23,
                30
              ],
              "mirror": true
            },
            {
              "origin": [
                21.62376,
                55.63724,
                17.24982
              ],
              "size": [
                1.15,
                5.75,
                4.6
              ],
              "pivot": [
                22.19876,
                59.08724,
                18.16982
              ],
              "rotation": [
                -17.5,
                0,
                0
              ],
              "uv": [
                42,
                0
              ],
              "mirror": true
            },
            {
              "origin": [
                22.19876,
                61.38724,
                17.24982
              ],
              "size": [
                3.45,
                1.15,
                6.9
              ],
              "uv": [
                67,
                90
              ],
              "mirror": true
            },
            {
              "origin": [
                18.74876,
                61.38724,
                17.24982
              ],
              "size": [
                3.45,
                1.15,
                6.9
              ],
              "uv": [
                41,
                90
              ],
              "mirror": true
            },
            {
              "origin": [
                18.74876,
                52.18724,
                17.01982
              ],
              "size": [
                3.45,
                3.45,
                6.9
              ],
              "pivot": [
                18.74876,
                55.63724,
                20.46982
              ],
              "rotation": [
                0,
                0,
                -20
              ],
              "uv": [
                55,
                87
              ],
              "mirror": true
            },
            {
              "origin": [
                22.19876,
                52.18724,
                17.01982
              ],
              "size": [
                3.45,
                3.45,
                6.9
              ],
              "pivot": [
                25.64876,
                55.63724,
                20.46982
              ],
              "rotation": [
                0,
                0,
                20
              ],
              "uv": [
                82,
                81
              ],
              "mirror": true
            }
          ]
        },
        {
          "name": "bone2",
          "parent": "bone12",
          "pivot": [
            -2,
            38,
            7
          ],
          "cubes": [
            {
              "origin": [
                -4.3,
                34.45,
                0.25
              ],
              "size": [
                4.6,
                34.5,
                5.75
              ],
              "pivot": [
                -2,
                35,
                6
              ],
              "rotation": [
                -139.10661,
                -48.59038,
                98.39339
              ],
              "uv": [
                32,
                30
              ]
            }
          ]
        },
        {
          "name": "bone8",
          "parent": "bone2",
          "pivot": [
            -22,
            54.35,
            21.7
          ],
          "rotation": [
            -35.01467,
            -1.4056,
            2.81267
          ],
          "cubes": [
            {
              "origin": [
                -25.64876,
                55.63724,
                15.86982
              ],
              "size": [
                3.45,
                5.75,
                2.3
              ],
              "pivot": [
                -23.34876,
                61.38724,
                17.01982
              ],
              "rotation": [
                57.40093,
                4.21541,
                -2.69136
              ],
              "uv": [
                50,
                49
              ]
            },
            {
              "origin": [
                -24.49876,
                52.18724,
                17.01982
              ],
              "size": [
                4.6,
                2.3,
                1.15
              ],
              "uv": [
                42,
                9
              ]
            },
            {
              "origin": [
                -25.64876,
                52.18724,
                16.90482
              ],
              "size": [
                6.9,
                4.6,
                0
              ],
              "uv": [
                0,
                16
              ]
            },
            {
              "origin": [
                -22.19876,
                55.63724,
                15.86982
              ],
              "size": [
                3.45,
                5.75,
                2.3
              ],
              "pivot": [
                -21.04876,
                61.38724,
                17.01982
              ],
              "rotation": [
                57.40093,
                -4.21541,
                2.69136
              ],
              "uv": [
                50,
                35
              ]
            },
            {
              "origin": [
                -21.64876,
                59.18724,
                16.90482
              ],
              "size": [
                2.9,
                1.6,
                0
              ],
              "pivot": [
                -21.19876,
                59.58724,
                16.91982
              ],
              "rotation": [
                0,
                0,
                -12.5
              ],
              "uv": [
                0,
                0
              ],
              "mirror": true
            },
            {
              "origin": [
                -25.64876,
                59.18724,
                16.90482
              ],
              "size": [
                2.9,
                1.6,
                0
              ],
              "pivot": [
                -23.19876,
                59.58724,
                16.91982
              ],
              "rotation": [
                0,
                0,
                12.5
              ],
              "uv": [
                0,
                0
              ]
            },
            {
              "origin": [
                -25.64876,
                52.18724,
                16.90482
              ],
              "size": [
                6.9,
                4.6,
                0
              ],
              "uv": [
                0,
                16
              ]
            },
            {
              "origin": [
                -25.64876,
                55.63724,
                17.24982
              ],
              "size": [
                3.45,
                5.75,
                6.9
              ],
              "uv": [
                0,
                78
              ]
            },
            {
              "origin": [
                -22.19876,
                55.63724,
                17.24982
              ],
              "size": [
                3.45,
                5.75,
                6.9
              ],
              "uv": [
                0,
                78
              ],
              "mirror": true
            },
            {
              "origin": [
                -27.48876,
                56.78724,
                20.69982
              ],
              "size": [
                5.75,
                3.45,
                2.3
              ],
              "pivot": [
                -24.49876,
                59.08724,
                23.91982
              ],
              "rotation": [
                0,
                -12.5,
                -15
              ],
              "uv": [
                45,
                30
              ]
            },
            {
              "origin": [
                -22.65876,
                56.78724,
                20.69982
              ],
              "size": [
                5.75,
                3.45,
                2.3
              ],
              "pivot": [
                -19.89876,
                59.08724,
                23.91982
              ],
              "rotation": [
                0,
                12.5,
                15
              ],
              "uv": [
                23,
                30
              ]
            },
            {
              "origin": [
                -22.77376,
                55.63724,
                17.24982
              ],
              "size": [
                1.15,
                5.75,
                4.6
              ],
              "pivot": [
                -22.19876,
                59.08724,
                18.16982
              ],
              "rotation": [
                -17.5,
                0,
                0
              ],
              "uv": [
                42,
                0
              ]
            },
            {
              "origin": [
                -25.64876,
                61.38724,
                17.24982
              ],
              "size": [
                3.45,
                1.15,
                6.9
              ],
              "uv": [
                67,
                90
              ]
            },
            {
              "origin": [
                -22.19876,
                61.38724,
                17.24982
              ],
              "size": [
                3.45,
                1.15,
                6.9
              ],
              "uv": [
                41,
                90
              ]
            },
            {
              "origin": [
                -22.19876,
                52.18724,
                17.01982
              ],
              "size": [
                3.45,
                3.45,
                6.9
              ],
              "pivot": [
                -18.74876,
                55.63724,
                20.46982
              ],
              "rotation": [
                0,
                0,
                20
              ],
              "uv": [
                55,
                87
              ]
            },
            {
              "origin": [
                -25.64876,
                52.18724,
                17.01982
              ],
              "size": [
                3.45,
                3.45,
                6.9
              ],
              "pivot": [
                -25.64876,
                55.63724,
                20.46982
              ],
              "rotation": [
                0,
                0,
                -20
              ],
              "uv": [
                82,
                81
              ]
            }
          ]
        },
        {
          "name": "bone6",
          "parent": "bone12",
          "pivot": [
            0,
            53.35,
            16.7
          ],
          "rotation": [
            -35.01467,
            1.4056,
            -2.81267
          ],
          "cubes": [
            {
              "origin": [
                0.19876,
                54.63724,
                10.86982
              ],
              "size": [
                3.45,
                5.75,
                2.3
              ],
              "pivot": [
                1.34876,
                60.38724,
                12.01982
              ],
              "rotation": [
                57.40093,
                -4.21541,
                2.69136
              ],
              "uv": [
                50,
                49
              ],
              "mirror": true
            },
            {
              "origin": [
                -3.25124,
                54.63724,
                10.86982
              ],
              "size": [
                3.45,
                5.75,
                2.3
              ],
              "pivot": [
                -0.95124,
                60.38724,
                12.01982
              ],
              "rotation": [
                57.40093,
                4.21541,
                -2.69136
              ],
              "uv": [
                50,
                35
              ],
              "mirror": true
            },
            {
              "origin": [
                -2.10124,
                51.18724,
                12.01982
              ],
              "size": [
                4.6,
                2.3,
                1.15
              ],
              "uv": [
                42,
                9
              ],
              "mirror": true
            },
            {
              "origin": [
                -3.25124,
                51.18724,
                11.90482
              ],
              "size": [
                6.9,
                4.6,
                0
              ],
              "uv": [
                0,
                16
              ],
              "mirror": true
            },
            {
              "origin": [
                -3.25124,
                58.18724,
                11.90482
              ],
              "size": [
                2.9,
                1.6,
                0
              ],
              "pivot": [
                -0.80124,
                58.58724,
                11.91982
              ],
              "rotation": [
                0,
                0,
                12.5
              ],
              "uv": [
                0,
                0
              ]
            },
            {
              "origin": [
                0.74876,
                58.18724,
                11.90482
              ],
              "size": [
                2.9,
                1.6,
                0
              ],
              "pivot": [
                1.19876,
                58.58724,
                11.91982
              ],
              "rotation": [
                0,
                0,
                -12.5
              ],
              "uv": [
                0,
                0
              ],
              "mirror": true
            },
            {
              "origin": [
                -3.25124,
                51.18724,
                11.90482
              ],
              "size": [
                6.9,
                4.6,
                0
              ],
              "uv": [
                0,
                16
              ],
              "mirror": true
            },
            {
              "origin": [
                0.19876,
                54.63724,
                12.24982
              ],
              "size": [
                3.45,
                5.75,
                6.9
              ],
              "uv": [
                0,
                78
              ],
              "mirror": true
            },
            {
              "origin": [
                -3.25124,
                54.63724,
                12.24982
              ],
              "size": [
                3.45,
                5.75,
                6.9
              ],
              "uv": [
                0,
                78
              ]
            },
            {
              "origin": [
                -0.26124,
                55.78724,
                15.69982
              ],
              "size": [
                5.75,
                3.45,
                2.3
              ],
              "pivot": [
                2.49876,
                58.08724,
                18.91982
              ],
              "rotation": [
                0,
                12.5,
                15
              ],
              "uv": [
                45,
                30
              ],
              "mirror": true
            },
            {
              "origin": [
                -5.09124,
                55.78724,
                15.69982
              ],
              "size": [
                5.75,
                3.45,
                2.3
              ],
              "pivot": [
                -2.10124,
                58.08724,
                18.91982
              ],
              "rotation": [
                0,
                -12.5,
                -15
              ],
              "uv": [
                23,
                30
              ],
              "mirror": true
            },
            {
              "origin": [
                -0.37624,
                54.63724,
                12.24982
              ],
              "size": [
                1.15,
                5.75,
                4.6
              ],
              "pivot": [
                0.19876,
                58.08724,
                13.16982
              ],
              "rotation": [
                -17.5,
                0,
                0
              ],
              "uv": [
                42,
                0
              ],
              "mirror": true
            },
            {
              "origin": [
                0.19876,
                60.38724,
                12.24982
              ],
              "size": [
                3.45,
                1.15,
                6.9
              ],
              "uv": [
                67,
                90
              ],
              "mirror": true
            },
            {
              "origin": [
                -3.25124,
                60.38724,
                12.24982
              ],
              "size": [
                3.45,
                1.15,
                6.9
              ],
              "uv": [
                41,
                90
              ],
              "mirror": true
            },
            {
              "origin": [
                -3.25124,
                51.18724,
                12.01982
              ],
              "size": [
                3.45,
                3.45,
                6.9
              ],
              "pivot": [
                -3.25124,
                54.63724,
                15.46982
              ],
              "rotation": [
                0,
                0,
                -20
              ],
              "uv": [
                55,
                87
              ],
              "mirror": true
            },
            {
              "origin": [
                0.19876,
                51.18724,
                12.01982
              ],
              "size": [
                3.45,
                3.45,
                6.9
              ],
              "pivot": [
                3.64876,
                54.63724,
                15.46982
              ],
              "rotation": [
                0,
                0,
                20
              ],
              "uv": [
                82,
                81
              ],
              "mirror": true
            }
          ]
        },
        {
          "name": "bone17",
          "parent": "bone",
          "pivot": [
            0,
            18,
            18
          ],
          "rotation": [
            35,
            0,
            0
          ],
          "cubes": [
            {
              "origin": [
                -31.5,
                25.10365,
                4.71272
              ],
              "size": [
                34.5,
                3,
                1.5
              ],
              "pivot": [
                0,
                26.60365,
                5.71272
              ],
              "rotation": [
                90.11261,
                47.45843,
                -89.11729
              ],
              "uv": [
                0,
                26
              ]
            }
          ]
        },
        {
          "name": "bone18",
          "parent": "bone17",
          "pivot": [
            0,
            5.60365,
            27.71272
          ],
          "cubes": [
            {
              "origin": [
                -33.72535,
                3.84514,
                27.53573
              ],
              "size": [
                34.5,
                3,
                1.5
              ],
              "pivot": [
                0,
                5.60365,
                28.21272
              ],
              "rotation": [
                90.12519,
                -52.54145,
                -89.29964
              ],
              "uv": [
                0,
                26
              ]
            }
          ]
        },
        {
          "name": "H",
          "parent": "bone",
          "pivot": [
            0,
            23.05,
            0.95
          ],
          "rotation": [
            -10,
            0,
            0
          ],
          "cubes": [
            {
              "origin": [
                -4.64919,
                16.75053,
                -0.2
              ],
              "size": [
                5.75,
                6.9,
                2.3
              ],
              "pivot": [
                -5.75,
                24.05,
                0.95
              ],
              "rotation": [
                0,
                7.5,
                7.5
              ],
              "uv": [
                85,
                90
              ]
            },
            {
              "origin": [
                -1.10081,
                16.75053,
                -0.2
              ],
              "size": [
                5.75,
                6.9,
                2.3
              ],
              "pivot": [
                5.75,
                24.05,
                0.95
              ],
              "rotation": [
                0,
                -7.5,
                -7.5
              ],
              "uv": [
                16,
                56
              ]
            }
          ]
        },
        {
          "name": "bone4",
          "parent": "bone",
          "pivot": [
            0,
            16,
            9
          ],
          "cubes": [
            {
              "origin": [
                -0.9,
                22.9,
                11.15
              ],
              "size": [
                7.65,
                17.95,
                9.2
              ],
              "uv": [
                0,
                30
              ]
            },
            {
              "origin": [
                -6.75,
                22.9,
                11.15
              ],
              "size": [
                7.65,
                17.95,
                9.2
              ],
              "uv": [
                0,
                30
              ],
              "mirror": true
            },
            {
              "origin": [
                -0.555,
                37.55,
                10.46
              ],
              "size": [
                8.26,
                4.6,
                10.81
              ],
              "uv": [
                50,
                49
              ]
            },
            {
              "origin": [
                -7.705,
                37.55,
                10.46
              ],
              "size": [
                8.26,
                4.6,
                10.81
              ],
              "uv": [
                50,
                49
              ],
              "mirror": true
            },
            {
              "origin": [
                -1.705,
                38.55,
                14.46
              ],
              "size": [
                3.26,
                5.6,
                2.81
              ],
              "uv": [
                0,
                56
              ]
            },
            {
              "origin": [
                -2.705,
                38.55,
                13.46
              ],
              "size": [
                5.26,
                4.6,
                4.81
              ],
              "uv": [
                0,
                89
              ]
            }
          ]
        }
      ]
    }
  ]
}