{
  "format_version": "1.8.0",
  "animations": {
    "animation.velociraptor.revive": {
      "loop": "hold_on_last_frame", 
      "sound_effects": { 
        "0.0": [{ "effect": "revive" }] 
      }, 
      "bones": {
        "root": {
          "position": {
            "0": [ 3.312, -14.688, 0.976 ],
            "0.1": [ 3.312, -14.688, 0.976 ],
            "0.2": [ 3.312, -14.704, 0.976 ],
            "0.3": [ 3.312, -14.72, 0.976 ],
            "0.4": [ 3.312, -14.72, 0.96 ],
            "0.5": [ 3.312, -14.736, 0.96 ],
            "1.3": [ 3.312, -14.736, 0.96 ],
            "1.4": [ 3.312, -14.752, 0.96 ],
            "1.5": [ 3.312, -14.768, 0.96 ],
            "1.8": [ 3.312, -14.768, 0.96 ],
            "1.9": [ 3.232, -14.56, 0.96 ],
            "2": [ 3.008, -14.064, 0.976 ],
            "2.1": [ 2.672, -13.12, 0.96 ],
            "2.2": [ 1.728, -10.816, 0.848 ],
            "2.3": [ 0.288, -8.832, 0.784 ],
            "2.4": [ -0.96, -7.712, 0.8 ],
            "2.5": [ -1.936, -6.976, 0.816 ],
            "2.6": [ -2.496, -6.512, 0.848 ],
            "2.7": [ -2.768, -6.048, 0.88 ],
            "2.8": [ -2.768, -5.536, 0.912 ],
            "2.9": [ -2.528, -4.944, 0.96 ],
            "3": [ -2.16, -4.48, 0.976 ],
            "3.1": [ -1.712, -3.968, 0.96 ],
            "3.2": [ -1.232, -3.328, 0.96 ],
            "3.3": [ -0.672, -2.976, 0.944 ],
            "3.4": [ -0.208, -2.864, 0.928 ],
            "3.5": [ -0.016, -2.8, 0.928 ]
          },
          "rotation": {
            "0": [ -6.41, 0, 84.24 ],
            "0.1": [ -6.47, 0.49, 83.51 ],
            "0.2": [ -6.66, 1.65, 81.74 ],
            "0.3": [ -6.97, 3.01, 79.63 ],
            "0.4": [ -7.3, 4.13, 77.84 ],
            "0.5": [ -7.45, 4.59, 77.08 ],
            "1.3": [ -7.45, 4.59, 77.08 ],
            "1.4": [ -7.68, 5.48, 76.78 ],
            "1.5": [ -7.8, 5.76, 76.27 ],
            "1.6": [ -7.86, 5.71, 75.61 ],
            "1.7": [ -7.93, 5.66, 74.83 ],
            "1.8": [ -8.01, 5.6, 74.01 ],
            "1.9": [ -7.65, 4.55, 72.89 ],
            "2": [ -6.92, 2.99, 69.71 ],
            "2.1": [ -6.36, 2.23, 62.19 ],
            "2.2": [ -5.03, -0.42, 50.13 ],
            "2.3": [ -4.04, -2.81, 39.29 ],
            "2.4": [ -4.69, -3.03, 30.91 ],
            "2.5": [ -5.55, -2.67, 22.31 ],
            "2.6": [ -5.74, -2.78, 14.29 ],
            "2.7": [ -6.07, -2.9, 7.23 ],
            "2.8": [ -6.58, -2.9, 1.27 ],
            "2.9": [ -7.42, -2.76, -3.33 ],
            "3": [ -8.83, -2.96, -5.73 ],
            "3.1": [ -9.9, -3.09, -5.76 ],
            "3.2": [ -9.93, -2.79, -3.72 ],
            "3.3": [ -10.34, -2.09, -1.73 ],
            "3.4": [ -10.95, -1.34, -0.38 ],
            "3.5": [ -11.26, -0.99, 0.12 ]
          }
        },
        "jaw": {
          "position": {
            "0": [ -1.978598E-15, 9.094947E-15, -1.356007E-14 ],
            "3.5": [ -2.12911E-15, 9.094947E-15, -1.285178E-14 ]
          },
          "rotation": {
            "0": [ 9.02, 0, 0 ],
            "0.1": [ 8.57, 0, 0 ],
            "0.2": [ 7.49, 0, 0 ],
            "0.3": [ 6.21, 0, 0 ],
            "0.4": [ 5.13, 0, 0 ],
            "0.5": [ 4.68, 0, 0 ],
            "3.5": [ 4.68, 0, 0 ]
          }
        },
        "eyelids": {
          "position": {
            "0": [ -2.389855E-16, 7.243017E-15, -1.078217E-14 ],
            "3.5": [ -2.258823E-16, 6.9597E-15, -9.648906E-15 ]
          },
          "rotation": {
            "0": [ 0, 0, 0 ],
            "3.5": [ 0, 0, 0 ]
          }
        },
        "head": {
          "position": {
            "0": [ -0.128, -0.4, 0.544 ],
            "0.1": [ -0.128, -0.432, 0.768 ],
            "0.2": [ -0.112, -0.464, 0.848 ],
            "0.3": [ -0.064, -0.432, 0.224 ],
            "0.4": [ -0.048, -0.368, -0.704 ],
            "0.5": [ -0.032, -0.336, -1.2 ],
            "0.6": [ -0.032, -0.336, -1.216 ],
            "0.7": [ -0.032, -0.336, -1.184 ],
            "0.8": [ -0.032, -0.336, -1.168 ],
            "0.9": [ -0.032, -0.336, -1.168 ],
            "1": [ -0.032, -0.336, -1.184 ],
            "1.1": [ -0.032, -0.336, -1.216 ],
            "1.2": [ -0.032, -0.32, -1.248 ],
            "1.3": [ -0.032, -0.32, -1.28 ],
            "1.4": [ 0.352, -0.448, -1.84 ],
            "1.5": [ 0.56, -0.432, -1.984 ],
            "1.6": [ 0.56, -0.416, -2 ],
            "1.7": [ 0.576, -0.416, -2 ],
            "1.8": [ 0.576, -0.432, -2 ],
            "1.9": [ 0.544, -0.48, -1.776 ],
            "2": [ 0.48, -0.576, -1.296 ],
            "2.1": [ 0.384, -0.64, -0.816 ],
            "2.2": [ 0.256, -0.64, -0.608 ],
            "2.3": [ 0.224, -0.656, -0.528 ],
            "2.4": [ 0.208, -0.72, -0.128 ],
            "2.5": [ 0.176, -0.784, 0.432 ],
            "2.6": [ 0.128, -0.816, 0.832 ],
            "2.7": [ 0.064, -0.816, 1.072 ],
            "2.8": [ 0.016, -0.784, 1.152 ],
            "2.9": [ -0.016, -0.736, 1.024 ],
            "3": [ 0, -0.672, 0.64 ],
            "3.1": [ 0.016, -0.576, 0.16 ],
            "3.2": [ 0.032, -0.496, -0.304 ],
            "3.3": [ 0.016, -0.368, -1.024 ],
            "3.4": [ 0.016, -0.24, -1.696 ],
            "3.5": [ 0, -0.192, -1.968 ]
          },
          "rotation": {
            "0": [ 37.41, 14.61, 0.9 ],
            "0.1": [ 36.8, 14.17, 0.93 ],
            "0.2": [ 35.78, 11.45, -0.16 ],
            "0.3": [ 38.05, 10.04, -3.57 ],
            "0.4": [ 43.86, 14.07, -7.49 ],
            "0.5": [ 47.09, 19.79, -10.03 ],
            "0.6": [ 47.22, 22.94, -10.91 ],
            "0.7": [ 47.77, 23.75, -10.8 ],
            "0.8": [ 47.9, 24.28, -10.77 ],
            "0.9": [ 47.72, 24.62, -10.81 ],
            "1": [ 47.32, 24.8, -10.9 ],
            "1.1": [ 46.8, 24.89, -11.02 ],
            "1.2": [ 46.28, 24.92, -11.15 ],
            "1.3": [ 45.86, 24.92, -11.28 ],
            "1.4": [ 38.5, -3.88, -28.69 ],
            "1.5": [ 38.59, -14.56, -34.96 ],
            "1.6": [ 38.48, -14.85, -35.06 ],
            "1.7": [ 38.47, -15.04, -35.17 ],
            "1.8": [ 38.58, -15.14, -35.26 ],
            "1.9": [ 38.13, -13.37, -35.23 ],
            "2": [ 35.63, -8.94, -35.31 ],
            "2.1": [ 29.03, -2.41, -35.92 ],
            "2.2": [ 22.12, 5.52, -36.12 ],
            "2.3": [ 24.94, 8.35, -33.62 ],
            "2.4": [ 35, 5.79, -26.5 ],
            "2.5": [ 41.95, 2.11, -18.69 ],
            "2.6": [ 44.86, 1.09, -14.08 ],
            "2.7": [ 45.63, 3.74, -10.73 ],
            "2.8": [ 47.13, 6.3, -8.02 ],
            "2.9": [ 49.09, 7.84, -5.97 ],
            "3": [ 51.99, 5.96, -4.67 ],
            "3.1": [ 53.66, 2.71, -3.62 ],
            "3.2": [ 54.23, 0.12, -2.78 ],
            "3.3": [ 57.95, -0.52, -1.83 ],
            "3.4": [ 61.9, -0.1, -0.93 ],
            "3.5": [ 63.76, 0.2, -0.52 ]
          }
        },
        "neck1": {
          "position": {
            "0": [ 1.772257E-15, -5.207283E-16, -0.944 ],
            "0.1": [ 1.742411E-15, -5.061479E-16, -0.896 ],
            "0.2": [ 1.659323E-15, -4.665726E-16, -0.816 ],
            "0.3": [ 1.532676E-15, -4.08251E-16, -0.8 ],
            "0.4": [ 1.372148E-15, -3.37432E-16, -0.88 ],
            "0.5": [ 1.18742E-15, -2.603642E-16, -0.992 ],
            "0.6": [ 9.881727E-16, -1.832964E-16, -1.024 ],
            "0.7": [ 7.840847E-16, -1.124773E-16, -1.008 ],
            "0.8": [ 5.848369E-16, -5.415575E-17, -0.992 ],
            "1": [ 2.395814E-16, 0, -1.000296 ],
            "1.1": [ 1.12934E-16, -0.016, -1.008 ],
            "1.2": [ 2.984685E-17, -0.01589461, -1.024 ],
            "1.3": [ 0, -0.01559227, -1.04 ],
            "1.4": [ 0.016, -0.0151137, -0.912 ],
            "1.5": [ 0, -0.01447965, -0.912 ],
            "1.6": [ 1.57438E-17, -0.01371083, -0.928 ],
            "1.8": [ 1.118639E-16, -0.01185185, -0.928 ],
            "1.9": [ 1.723532E-16, -0.01080315, -0.88 ],
            "2": [ 2.278708E-16, -0.009702624, -0.784 ],
            "2.1": [ 2.684733E-16, -0.008570997, -0.688 ],
            "2.2": [ 2.842171E-16, -0.007429003, -0.544 ],
            "2.3": [ -0.016, -0.006297376, -0.352 ],
            "2.4": [ -0.016, -0.005196847, -0.128 ],
            "2.5": [ -0.015552, -0.004148148, 0.112 ],
            "2.6": [ -0.014336, -0.003172012, 0.24 ],
            "2.7": [ -0.012544, -0.00228917, 0.272 ],
            "2.8": [ -0.010368, -0.001520354, 0.24 ],
            "2.9": [ -0.008, -0.0008862974, 0.128 ],
            "3": [ -0.005632, -0.0004077313, -0.08 ],
            "3.1": [ -0.003456, -0.0001053882, -0.32 ],
            "3.2": [ -0.001664, 0, -0.464 ],
            "3.3": [ -0.000448, -0.08, -0.512 ],
            "3.4": [ 0, -0.192, -0.528 ],
            "3.5": [ 0, -0.224, -0.528 ]
          },
          "rotation": {
            "0": [ -8.4, 3.95, 0.31 ],
            "0.1": [ -7.59, 5.84, -1.59 ],
            "0.2": [ -5.01, 11.52, -6.35 ],
            "0.3": [ -2.43, 15.42, -10.73 ],
            "0.4": [ -2.31, 12.64, -13.94 ],
            "0.5": [ -3.95, 6.46, -15.73 ],
            "0.6": [ -5.05, 3.02, -15.93 ],
            "0.7": [ -5.28, 3.31, -16.02 ],
            "0.8": [ -5.38, 3.48, -16.07 ],
            "0.9": [ -5.38, 3.55, -16.09 ],
            "1": [ -5.29, 3.54, -16.09 ],
            "1.1": [ -5.13, 3.48, -16.05 ],
            "1.2": [ -4.92, 3.38, -15.98 ],
            "1.3": [ -4.67, 3.26, -15.89 ],
            "1.4": [ -2.19, 1.27, -18.75 ],
            "1.5": [ -1.85, -0.41, -18.72 ],
            "1.6": [ -1.76, -0.46, -18.63 ],
            "1.7": [ -1.76, -0.48, -18.6 ],
            "1.8": [ -1.87, -0.46, -18.69 ],
            "1.9": [ -2.56, -1.75, -18.33 ],
            "2": [ -3.39, -5.61, -16.49 ],
            "2.1": [ -3.27, -12.61, -12.68 ],
            "2.2": [ -1.94, -19.51, -8.67 ],
            "2.3": [ 0.55, -18.61, -7.01 ],
            "2.4": [ 3.71, -16.88, -2.31 ],
            "2.5": [ 7.43, -16.3, 2.56 ],
            "2.6": [ 7.91, -15.24, 4.5 ],
            "2.7": [ 4.89, -18.13, 6.62 ],
            "2.8": [ -0.25, -19.47, 8.29 ],
            "2.9": [ -7.03, -18.79, 9.45 ],
            "3": [ -16, -14.32, 8.53 ],
            "3.1": [ -21.74, -9.12, 4.81 ],
            "3.2": [ -22.1, -4.8, 1.32 ],
            "3.3": [ -19.38, -2.08, -0.18 ],
            "3.4": [ -15.03, -0.81, -0.28 ],
            "3.5": [ -13.11, -0.46, -0.11 ]
          }
        },
        "neck0": {
          "position": {
            "0": [ -4.282375E-16, 0.736, 1.12 ],
            "3.1": [ -5.126189E-16, 0.736, 1.12 ],
            "3.2": [ -5.139687E-16, 0.704, 1.088 ],
            "3.3": [ -5.149632E-16, 0.544, 0.944 ],
            "3.4": [ -5.155778E-16, 0.336, 0.768 ],
            "3.5": [ -5.157881E-16, 0.24, 0.688 ]
          },
          "rotation": {
            "0": [ -43.9, -15.2, 14.16 ],
            "0.1": [ -41.85, -12.17, 10.69 ],
            "0.2": [ -37.31, -3.99, 3.03 ],
            "0.3": [ -32.03, 7.28, -4.53 ],
            "0.4": [ -26.35, 18.04, -8.72 ],
            "0.5": [ -21.39, 24.23, -9.13 ],
            "0.6": [ -19.57, 25.65, -8.75 ],
            "0.7": [ -19.63, 25.54, -8.74 ],
            "0.8": [ -19.64, 25.46, -8.72 ],
            "0.9": [ -19.62, 25.4, -8.69 ],
            "1": [ -19.58, 25.35, -8.66 ],
            "1.1": [ -19.52, 25.32, -8.62 ],
            "1.2": [ -19.46, 25.3, -8.59 ],
            "1.3": [ -19.41, 25.28, -8.56 ],
            "1.4": [ -19.74, 24.4, -8.43 ],
            "1.5": [ -19.09, 24.79, -8.26 ],
            "1.6": [ -19.03, 24.78, -8.23 ],
            "1.7": [ -18.99, 24.78, -8.21 ],
            "1.8": [ -18.96, 24.78, -8.19 ],
            "1.9": [ -19.15, 24.09, -8.07 ],
            "2": [ -19.55, 22.34, -7.69 ],
            "2.1": [ -19.69, 19.42, -6.79 ],
            "2.2": [ -21.12, 13.55, -5.17 ],
            "2.3": [ -24.95, 6.84, -3.17 ],
            "2.4": [ -29.51, 2.69, -1.52 ],
            "2.5": [ -31.55, -0.68, 0.42 ],
            "2.6": [ -30.84, -2.69, 1.6 ],
            "2.7": [ -28.54, -2.78, 1.51 ],
            "2.8": [ -26.3, -2.95, 1.46 ],
            "2.9": [ -23.83, -3.06, 1.35 ],
            "3": [ -20.06, -2.22, 0.81 ],
            "3.1": [ -18.26, -1.21, 0.4 ],
            "3.2": [ -20.86, -0.68, 0.26 ],
            "3.3": [ -26.76, -0.43, 0.22 ],
            "3.4": [ -33.01, -0.33, 0.22 ],
            "3.5": [ -35.64, -0.33, 0.24 ]
          }
        },
        "finger0_r": {
          "position": {
            "0": [ 7.032114E-15, -5.051632E-15, 3.70386E-15 ],
            "3.5": [ 6.890455E-15, -5.476608E-15, 4.270494E-15 ]
          },
          "rotation": {
            "0": [ -19.74, 0, -24.88 ],
            "0.1": [ -18.02, 0.8, -22.3 ],
            "0.2": [ -13.5, 2, -16.04 ],
            "0.3": [ -7.52, 2.03, -8.55 ],
            "0.4": [ -2.24, 0.83, -2.46 ],
            "0.5": [ 0, 0, 0 ],
            "2.3": [ 0, 0, 0 ],
            "2.4": [ 0, 0, -1.03 ],
            "2.5": [ 0, 0, -3.54 ],
            "2.6": [ 0, 0, -6.7 ],
            "2.7": [ 0, 0, -9.64 ],
            "2.8": [ 0, 0, -11.52 ],
            "2.9": [ 0, 0, -11.79 ],
            "3.5": [ 0, 0, -11.79 ]
          }
        },
        "finger1_r": {
          "position": {
            "0": [ -3.199702E-15, 1.347772E-15, -1.675977E-14 ],
            "3.5": [ -3.34136E-15, 1.206113E-15, -1.619314E-14 ]
          },
          "rotation": {
            "0": [ 0, 0, 0 ],
            "2.3": [ 0, 0, 0 ],
            "2.4": [ -1.56, 0, 0 ],
            "2.5": [ -5.39, 0, 0 ],
            "2.6": [ -10.19, 0, 0 ],
            "2.7": [ -14.67, 0, 0 ],
            "2.8": [ -17.53, 0, 0 ],
            "2.9": [ -17.95, 0, 0 ],
            "3.5": [ -17.95, 0, 0 ]
          }
        },
        "finger2_r": {
          "position": {
            "0": [ -1.364242E-14, 4.969281E-15, 1.279881E-14 ],
            "3.5": [ -1.364242E-14, 4.685963E-15, 1.336544E-14 ]
          },
          "rotation": {
            "0": [ 20.95, 0, 0 ],
            "0.1": [ 18.77, 0, 0 ],
            "0.2": [ 13.58, 0, 0 ],
            "0.3": [ 7.37, 0, 0 ],
            "0.4": [ 2.18, 0, 0 ],
            "0.5": [ 0, 0, 0 ],
            "2.3": [ 0, 0, 0 ],
            "2.4": [ 0, 0, 1.78 ],
            "2.5": [ 0, 0, 6.12 ],
            "2.6": [ 0, 0, 11.57 ],
            "2.7": [ 0, 0, 16.65 ],
            "2.8": [ 0, 0, 19.9 ],
            "2.9": [ 0, 0, 20.37 ],
            "3.5": [ 0, 0, 20.37 ]
          }
        },
        "wrist_r": {
          "position": {
            "0": [ 5.890219E-16, -8.436138E-16, 0 ],
            "3.5": [ 7.660953E-16, -2.769791E-16, 0 ]
          },
          "rotation": {
            "0": [ -52.96, 18.26, -25.35 ],
            "0.1": [ -50.99, 18.22, -23.78 ],
            "0.2": [ -46.26, 17.83, -20.15 ],
            "0.3": [ -40.63, 16.88, -16.05 ],
            "0.4": [ -35.97, 15.7, -12.89 ],
            "0.5": [ -34.03, 15.1, -11.64 ],
            "3.1": [ -34.03, 15.1, -11.64 ],
            "3.2": [ -33.26, 15.23, -11.44 ],
            "3.3": [ -28.54, 15.96, -10.17 ],
            "3.4": [ -22.79, 16.71, -8.55 ],
            "3.5": [ -19.99, 17.01, -7.74 ]
          }
        },
        "elbow_r": {
          "position": {
            "0": [ 7.896316E-15, -7.747175E-15, -6.82121E-15 ],
            "3.5": [ 7.365095E-15, -7.888834E-15, -6.82121E-15 ]
          },
          "rotation": {
            "0": [ 1.3, -31.37, -4.79 ],
            "0.1": [ 2.18, -30.07, -4.33 ],
            "0.2": [ 4.4, -27.09, -3.05 ],
            "0.3": [ 7.25, -23.78, -1.19 ],
            "0.4": [ 9.83, -21.26, 0.63 ],
            "0.5": [ 10.96, -20.28, 1.46 ],
            "2": [ 10.96, -20.28, 1.46 ],
            "2.1": [ 10.9, -20.28, 1.46 ],
            "2.2": [ 10.55, -20.26, 1.46 ],
            "2.3": [ 10.33, -20.25, 1.46 ],
            "2.5": [ 10.33, -20.25, 1.46 ],
            "2.6": [ 9.77, -20.23, 1.46 ],
            "2.7": [ 8.32, -20.18, 1.46 ],
            "2.8": [ 6.31, -20.13, 1.46 ],
            "2.9": [ 3.73, -20.1, 1.45 ],
            "3": [ -0.34, -20.15, 1.45 ],
            "3.1": [ -3.67, -20.27, 1.46 ],
            "3.2": [ -4.21, -20.3, 1.46 ],
            "3.5": [ -4.21, -20.3, 1.46 ]
          }
        },
        "shoulder_r": {
          "position": {
            "0": [ 2.358601E-15, 0, -2.947623E-15 ],
            "3.5": [ 2.110698E-15, 0, -2.876793E-15 ]
          },
          "rotation": {
            "0": [ 9.64, 0, 0 ],
            "3.5": [ 9.64, 0, 0 ]
          }
        },
        "finger0_l": {
          "position": {
            "0": [ -9.094947E-15, -2.695544E-15, 3.199702E-15 ],
            "3.5": [ -9.094947E-15, -2.412226E-15, 3.34136E-15 ]
          },
          "rotation": {
            "0": [ 0, 0, 0 ],
            "2.3": [ 0, 0, 0 ],
            "2.4": [ 0, 0, 1.22 ],
            "2.5": [ 0, 0, 4.21 ],
            "2.6": [ 0, 0, 7.95 ],
            "2.7": [ 0, 0, 11.44 ],
            "2.8": [ 0, 0, 13.67 ],
            "2.9": [ 0, 0, 14 ],
            "3.5": [ 0, 0, 14 ]
          }
        },
        "finger1_l": {
          "position": {
            "0": [ -2.314912E-16, -4.465122E-15, -9.094947E-15 ],
            "3.5": [ -2.669059E-16, -3.756829E-15, -9.094947E-15 ]
          },
          "rotation": {
            "0": [ 0, 0, 0 ],
            "2.3": [ 0, 0, 0 ],
            "2.4": [ -0.76, 0, 0 ],
            "2.5": [ -2.64, 0, 0 ],
            "2.6": [ -4.98, 0, 0 ],
            "2.7": [ -7.17, 0, 0 ],
            "2.8": [ -8.57, 0, 0 ],
            "2.9": [ -8.77, 0, 0 ],
            "3.5": [ -8.77, 0, 0 ]
          }
        },
        "finger2_l": {
          "position": {
            "0": [ 1.364242E-14, 8.251333E-15, 6.399403E-15 ],
            "3.5": [ 1.364242E-14, 8.817968E-15, 6.682721E-15 ]
          },
          "rotation": {
            "0": [ 0, 0, 0 ],
            "2.3": [ 0, 0, 0 ],
            "2.4": [ 0, 0, -1.7 ],
            "2.5": [ 0, 0, -5.84 ],
            "2.6": [ 0, 0, -11.05 ],
            "2.7": [ 0, 0, -15.9 ],
            "2.8": [ 0, 0, -19 ],
            "2.9": [ 0, 0, -19.45 ],
            "3.5": [ 0, 0, -19.45 ]
          }
        },
        "wrist_l": {
          "position": {
            "0": [ 5.936421E-15, 3.199702E-15, -1.347772E-15 ],
            "3.5": [ 6.148909E-15, 3.34136E-15, -1.206113E-15 ]
          },
          "rotation": {
            "0": [ 8.82, -11.92, 12.01 ],
            "0.1": [ 6.19, -12.11, 11.95 ],
            "0.2": [ -0.11, -12.45, 11.88 ],
            "0.3": [ -7.64, -12.66, 11.86 ],
            "0.4": [ -13.96, -12.67, 11.89 ],
            "0.5": [ -16.61, -12.63, 11.91 ],
            "2": [ -16.61, -12.63, 11.91 ],
            "2.1": [ -16.5, -12.7, 11.86 ],
            "2.2": [ -15.68, -13.23, 11.48 ],
            "2.3": [ -14.3, -14.13, 10.81 ],
            "2.4": [ -12.58, -15.24, 9.92 ],
            "2.5": [ -10.79, -16.39, 8.94 ],
            "2.6": [ -9.17, -17.41, 7.99 ],
            "2.7": [ -8, -18.15, 7.28 ],
            "2.8": [ -7.55, -18.43, 7 ],
            "2.9": [ -7.89, -18.15, 7.1 ],
            "3": [ -8.79, -17.43, 7.35 ],
            "3.1": [ -10.11, -16.43, 7.68 ],
            "3.2": [ -11.68, -15.34, 8.03 ],
            "3.3": [ -13.36, -14.33, 8.36 ],
            "3.4": [ -15.01, -13.56, 8.67 ],
            "3.5": [ -16.5, -13.21, 8.97 ]
          }
        },
        "elbow_l": {
          "position": {
            "0": [ 1.538088E-15, -8.673141E-15, -5.895246E-15 ],
            "3.5": [ 1.077697E-15, -8.956458E-15, -5.753586E-15 ]
          },
          "rotation": {
            "0": [ -4.15, 17.84, -1.27 ],
            "2": [ -4.15, 17.84, -1.27 ],
            "2.1": [ -3.94, 17.79, -1.27 ],
            "2.2": [ -2.46, 17.42, -1.26 ],
            "2.3": [ 0.06, 16.82, -1.29 ],
            "2.4": [ 3.16, 16.13, -1.4 ],
            "2.5": [ 6.38, 15.49, -1.6 ],
            "2.6": [ 9.26, 14.99, -1.85 ],
            "2.7": [ 11.33, 14.66, -2.05 ],
            "2.8": [ 12.13, 14.55, -2.14 ],
            "2.9": [ 11.22, 14.68, -2.04 ],
            "3": [ 8.89, 15.05, -1.81 ],
            "3.1": [ 5.71, 15.62, -1.56 ],
            "3.2": [ 2.24, 16.33, -1.36 ],
            "3.3": [ -0.93, 17.05, -1.27 ],
            "3.4": [ -3.25, 17.61, -1.26 ],
            "3.5": [ -4.15, 17.84, -1.27 ]
          }
        },
        "shoulder_l": {
          "position": {
            "0": [ 1.017917E-17, 0, 1.136868E-15 ],
            "0.1": [ 7.540125E-18, 0, -0.016 ],
            "0.2": [ 2.639044E-18, 0, -0.048 ],
            "0.3": [ 0, 0.016, -0.08 ],
            "0.4": [ 0.016, 0.032, -0.112 ],
            "0.5": [ 0.016, 0.048, -0.112 ],
            "2.1": [ 0.016, 0.048, -0.112 ],
            "2.2": [ 0.016, 0.032, -0.112 ],
            "2.3": [ 0.016, 0.032, -0.112 ],
            "2.4": [ 0.016, 0.016, -0.112 ],
            "2.5": [ 0.016, 0, -0.112 ],
            "2.6": [ 0.016, -0.016, -0.112 ],
            "2.7": [ 0.016, -0.032, -0.096 ],
            "2.8": [ 0.016, -0.032, -0.096 ],
            "2.9": [ 0, -0.032, -0.08 ],
            "3": [ -1.051611E-18, -0.016, -0.064 ],
            "3.1": [ -3.68064E-18, -0.016, -0.048 ],
            "3.2": [ -7.098377E-18, -0.016, -0.032 ],
            "3.3": [ -1.051611E-17, 0, -0.016 ],
            "3.4": [ -1.314514E-17, -6.79715E-19, 0 ],
            "3.5": [ -1.419675E-17, -1.35943E-18, 1.039091E-18 ]
          },
          "rotation": {
            "0": [ 9.63, 0, 0 ],
            "0.1": [ 6.7, -1.47, -0.1 ],
            "0.2": [ -0.27, -4.98, 0.28 ],
            "0.3": [ -8.65, -8.99, 1.85 ],
            "0.4": [ -15.8, -12.03, 4.08 ],
            "0.5": [ -18.84, -13.17, 5.25 ],
            "2": [ -18.84, -13.17, 5.25 ],
            "2.1": [ -18.55, -13.2, 5.13 ],
            "2.2": [ -16.45, -13.36, 4.29 ],
            "2.3": [ -12.89, -13.51, 2.86 ],
            "2.4": [ -8.49, -13.45, 1.09 ],
            "2.5": [ -3.94, -13.07, -0.7 ],
            "2.6": [ 0.11, -12.4, -2.21 ],
            "2.7": [ 2.98, -11.52, -3.18 ],
            "2.8": [ 4.05, -10.58, -3.39 ],
            "2.9": [ 3.65, -9.32, -3 ],
            "3": [ 2.69, -7.58, -2.34 ],
            "3.1": [ 1.42, -5.57, -1.61 ],
            "3.2": [ 0.05, -3.55, -0.95 ],
            "3.3": [ -1.19, -1.76, -0.43 ],
            "3.4": [ -2.09, -0.49, -0.11 ],
            "3.5": [ -2.44, 0, 0 ]
          }
        },
        "chest": {
          "position": {
            "0": [ 5.115908E-15, 0.192, -0.176 ],
            "0.1": [ 0.048, 0.176, -0.176 ],
            "0.2": [ 0.176, 0.16, -0.144 ],
            "0.3": [ 0.32, 0.128, -0.096 ],
            "0.4": [ 0.432, 0.096, -0.032 ],
            "0.5": [ 0.464, 0.08, -0.016 ],
            "1.3": [ 0.464, 0.08, -0.016 ],
            "1.4": [ 0.528, 0.064, 0.032 ],
            "1.5": [ 0.528, 0.064, 0.048 ],
            "1.6": [ 0.528, 0.048, 0.048 ],
            "1.7": [ 0.512, 0.048, 0.048 ],
            "1.8": [ 0.496, 0.048, 0.048 ],
            "1.9": [ 0.416, 0.08, -0.016 ],
            "2": [ 0.304, 0.144, -0.112 ],
            "2.1": [ 0.24, 0.192, -0.16 ],
            "2.2": [ 0, 0.32, -0.272 ],
            "2.3": [ -0.256, 0.432, -0.336 ],
            "2.4": [ -0.176, 0.416, -0.336 ],
            "2.5": [ -0.032, 0.368, -0.32 ],
            "2.6": [ -0.048, 0.384, -0.32 ],
            "2.7": [ -0.08, 0.368, -0.32 ],
            "2.8": [ -0.112, 0.368, -0.304 ],
            "2.9": [ -0.112, 0.352, -0.288 ],
            "3": [ -0.176, 0.336, -0.288 ],
            "3.1": [ -0.208, 0.336, -0.272 ],
            "3.2": [ -0.192, 0.304, -0.256 ],
            "3.3": [ -0.128, 0.224, -0.208 ],
            "3.4": [ -0.048, 0.144, -0.144 ],
            "3.5": [ -0.016, 0.112, -0.112 ]
          },
          "rotation": {
            "0": [ -7.17, 0, 0 ],
            "0.1": [ -6.95, -1.54, -0.52 ],
            "0.2": [ -6.13, -5.14, -1.76 ],
            "0.3": [ -4.57, -9.19, -3.28 ],
            "0.4": [ -2.8, -12.3, -4.6 ],
            "0.5": [ -1.95, -13.51, -5.17 ],
            "1.3": [ -1.95, -13.51, -5.17 ],
            "1.4": [ -0.99, -15.99, -5.14 ],
            "1.5": [ -0.66, -16.79, -4.92 ],
            "1.6": [ -0.67, -16.72, -4.57 ],
            "1.7": [ -0.68, -16.62, -4.16 ],
            "1.8": [ -0.68, -16.53, -3.72 ],
            "1.9": [ -2.21, -13.71, -3.19 ],
            "2": [ -4.92, -9.28, -2.57 ],
            "2.1": [ -6.93, -7.13, -1.92 ],
            "2.2": [ -11.71, 1.03, -1.12 ],
            "2.3": [ -15.66, 8.49, -0.49 ],
            "2.4": [ -15.41, 8.1, -3.81 ],
            "2.5": [ -14.23, 6.18, -7.38 ],
            "2.6": [ -14.39, 6.25, -6.95 ],
            "2.7": [ -14.21, 6.55, -5.91 ],
            "2.8": [ -13.71, 6.56, -4.59 ],
            "2.9": [ -13.09, 6.08, -3.11 ],
            "3": [ -12.7, 6.47, -1.05 ],
            "3.1": [ -12.27, 6.93, 0.63 ],
            "3.2": [ -11.4, 6.19, 0.98 ],
            "3.3": [ -8.75, 4.03, 0.67 ],
            "3.4": [ -5.85, 1.72, 0.22 ],
            "3.5": [ -4.5, 0.67, 0 ]
          }
        },
        "spine0": {
          "position": {
            "0": [ 0, 0, 0 ],
            "3.5": [ 0, 0, 0 ]
          },
          "rotation": {
            "0": [ 9.05, 0, 0 ],
            "0.1": [ 8.94, 0.93, -0.29 ],
            "0.2": [ 8.53, 3.12, -1.04 ],
            "0.3": [ 7.79, 5.62, -2.05 ],
            "0.4": [ 6.97, 7.56, -3.05 ],
            "0.5": [ 6.57, 8.33, -3.52 ],
            "1.3": [ 6.57, 8.33, -3.52 ],
            "1.4": [ 6.13, 9.99, -3.28 ],
            "1.5": [ 5.94, 10.51, -3.03 ],
            "1.6": [ 5.87, 10.42, -2.73 ],
            "1.7": [ 5.79, 10.32, -2.38 ],
            "1.8": [ 5.71, 10.21, -2.01 ],
            "1.9": [ 6.47, 8.26, -1.65 ],
            "2": [ 8, 5.18, -1.39 ],
            "2.1": [ 9.22, 3.65, -0.95 ],
            "2.2": [ 12.3, -1.88, -1.59 ],
            "2.3": [ 15.11, -6.74, -2.95 ],
            "2.4": [ 14.74, -7.14, -6.31 ],
            "2.5": [ 13.75, -6.49, -9.4 ],
            "2.6": [ 13.88, -6.43, -8.99 ],
            "2.7": [ 13.82, -6.35, -7.94 ],
            "2.8": [ 13.55, -6, -6.48 ],
            "2.9": [ 13.17, -5.3, -4.75 ],
            "3": [ 12.72, -5.04, -2.6 ],
            "3.1": [ 12.04, -4.75, -0.79 ],
            "3.2": [ 10.88, -3.69, -0.07 ],
            "3.3": [ 8.51, -1.66, 0.24 ],
            "3.4": [ 6.16, 0.42, 0.21 ],
            "3.5": [ 5.11, 1.36, 0.1 ]
          }
        },
        "tail_2": {
          "position": {
            "0": [ -1.855092E-12, 9.827484E-14, 1.279881E-14 ],
            "3.5": [ -1.871469E-12, 9.869982E-14, 1.336544E-14 ]
          },
          "rotation": {
            "0": [ 0, 0.44, 0 ],
            "0.1": [ -1.43, -6.16, 0.04 ],
            "0.2": [ 0.05, -0.88, 0.06 ],
            "0.3": [ 4.94, 15.4, -0.68 ],
            "0.4": [ 9.43, 23.3, 0.17 ],
            "0.5": [ 12.55, 24.54, 2.32 ],
            "0.6": [ 7.14, 13.37, 1.96 ],
            "0.7": [ 0, 0.01, 0.11 ],
            "0.8": [ -0.1, -1.39, 0.67 ],
            "0.9": [ -0.2, -2.46, 2.59 ],
            "1": [ -0.32, -3.2, 4.75 ],
            "1.1": [ -0.39, -3.61, 5.62 ],
            "1.2": [ -0.37, -3.69, 5.26 ],
            "1.3": [ -0.3, -3.27, 4.69 ],
            "1.4": [ -0.21, -2.77, 3.41 ],
            "1.5": [ -0.07, -2.49, 1.85 ],
            "1.6": [ 0.08, -2.42, 0.47 ],
            "1.7": [ 0.14, -2.67, -0.15 ],
            "1.8": [ 0.1, -3.24, -0.19 ],
            "1.9": [ -1.09, -6.93, -0.15 ],
            "2": [ -0.81, -11.08, 0.18 ],
            "2.1": [ 1.38, -19.06, 0.7 ],
            "2.2": [ -7.68, -25.14, 3.54 ],
            "2.3": [ -13.8, -1.17, -4.79 ],
            "2.4": [ -4.4, 11.89, -10.13 ],
            "2.5": [ 1.76, 15.73, -4.61 ],
            "2.6": [ 3.29, 16.8, -1.85 ],
            "2.7": [ 3.69, 16.6, 4.32 ],
            "2.8": [ 4.14, 15.98, 8.25 ],
            "2.9": [ 2.61, 13.44, 11.55 ],
            "3": [ -1.51, 7.58, 14.12 ],
            "3.1": [ 10.03, -4.4, 15.76 ],
            "3.2": [ 14.65, -12.56, 13.54 ],
            "3.3": [ -0.13, -6.3, 15.6 ],
            "3.4": [ 2.12, -9.38, 13.99 ],
            "3.5": [ 6.09, -10.76, 11.97 ]
          }
        },
        "tail_1": {
          "position": {
            "0": [ -4.745834E-13, 1.85193E-15, -5.473438E-15 ],
            "3.5": [ -4.745486E-13, 2.135247E-15, -5.615097E-15 ]
          },
          "rotation": {
            "0": [ -2.49, -8.5, 0.37 ],
            "0.1": [ -1.34, -3.38, 0.88 ],
            "0.2": [ 0.66, 4.52, 2.39 ],
            "0.3": [ 2.1, 8.73, 4.37 ],
            "0.4": [ 2.05, 8.76, 5.72 ],
            "0.5": [ -0.42, 4.14, 5.69 ],
            "0.6": [ -2.49, -0.11, 5.24 ],
            "0.7": [ -2.53, -0.7, 4.69 ],
            "0.8": [ -2.54, -1.17, 3.44 ],
            "0.9": [ -2.52, -1.49, 1.9 ],
            "1": [ -2.48, -1.66, 0.54 ],
            "1.1": [ -2.46, -1.64, -0.09 ],
            "1.2": [ -2.46, -1.45, -0.13 ],
            "1.3": [ -2.46, -1.27, -0.15 ],
            "1.4": [ -2.44, -1.19, 0.02 ],
            "1.5": [ -2.42, -1.23, 0.48 ],
            "1.6": [ -2.43, -1.4, 1.16 ],
            "1.7": [ -2.47, -1.73, 1.95 ],
            "1.8": [ -2.54, -2.2, 2.77 ],
            "1.9": [ -2.22, -1.94, 6.14 ],
            "2": [ -2.74, -0.23, 11.13 ],
            "2.1": [ -4.33, 4.82, 16.44 ],
            "2.2": [ -5.45, 10.8, 21.17 ],
            "2.3": [ -4.17, 13.7, 26.21 ],
            "2.4": [ -3.05, 15.48, 31 ],
            "2.5": [ -3.35, 17.13, 35.18 ],
            "2.6": [ -3.73, 17.6, 37.21 ],
            "2.7": [ -4.41, 15.35, 37.34 ],
            "2.8": [ -4.31, 10.64, 36.46 ],
            "2.9": [ -3.74, 3.8, 32.58 ],
            "3": [ 0.41, -1.95, 25.94 ],
            "3.1": [ 0.78, -4.31, 17.79 ],
            "3.2": [ -2.51, -4.51, 10.01 ],
            "3.3": [ -0.68, -4.72, 3.21 ],
            "3.4": [ -0.09, -3.34, -0.8 ],
            "3.5": [ -0.92, -2.02, -1.33 ]
          }
        },
        "tail_0": {
          "position": {
            "0": [ 1.136868E-15, 0.48, -0.032 ],
            "0.1": [ -0.032, 0.48, -0.032 ],
            "0.2": [ -0.128, 0.496, -0.032 ],
            "0.3": [ -0.224, 0.512, -0.032 ],
            "0.4": [ -0.304, 0.544, -0.048 ],
            "0.5": [ -0.336, 0.544, -0.048 ],
            "1.3": [ -0.336, 0.544, -0.048 ],
            "1.4": [ -0.4, 0.56, -0.064 ],
            "1.5": [ -0.432, 0.576, -0.064 ],
            "1.6": [ -0.416, 0.5837037, -0.064 ],
            "1.8": [ -0.416, 0.592, -0.064 ],
            "1.9": [ -0.336, 0.56, -0.048 ],
            "2": [ -0.224, 0.512, -0.032 ],
            "2.1": [ -0.16, 0.464, -0.032 ],
            "2.2": [ 0.032, 0.368, -0.016 ],
            "2.3": [ 0.208, 0.288, -0.016 ],
            "2.4": [ 0.208, 0.304, -0.016 ],
            "2.5": [ 0.176, 0.352, -0.016 ],
            "3.1": [ 0.16, 0.352, -0.016 ],
            "3.2": [ 0.144, 0.368, -0.016 ],
            "3.3": [ 0.096, 0.432, -0.016 ],
            "3.4": [ 0.032, 0.512, -0.032 ],
            "3.5": [ 0.016, 0.544, -0.032 ]
          },
          "rotation": {
            "0": [ 19.17, 12.35, 3.28 ],
            "0.1": [ 18.41, 9.74, 2.51 ],
            "0.2": [ 16.79, 3.47, 0.91 ],
            "0.3": [ 15.16, -4.1, -0.64 ],
            "0.4": [ 13.98, -10.48, -1.67 ],
            "0.5": [ 13.54, -13.16, -2.05 ],
            "0.6": [ 13.53, -13.01, -2.01 ],
            "0.7": [ 13.5, -12.6, -1.91 ],
            "0.8": [ 13.47, -12, -1.76 ],
            "0.9": [ 13.44, -11.28, -1.59 ],
            "1": [ 13.4, -10.51, -1.4 ],
            "1.1": [ 13.37, -9.76, -1.22 ],
            "1.2": [ 13.34, -9.1, -1.06 ],
            "1.3": [ 13.32, -8.53, -0.92 ],
            "1.4": [ 13.53, -8.86, -0.81 ],
            "1.5": [ 13.63, -8.54, -0.66 ],
            "1.6": [ 13.67, -7.78, -0.49 ],
            "1.7": [ 13.71, -6.84, -0.28 ],
            "1.8": [ 13.76, -5.66, 0 ],
            "1.9": [ 13.31, -2.77, 0.43 ],
            "2": [ 12.42, 1.36, 0.96 ],
            "2.1": [ 11.68, 4.75, 1.44 ],
            "2.2": [ 10.23, 9.48, 1.63 ],
            "2.3": [ 9.05, 12.67, 1.58 ],
            "2.4": [ 10.61, 11.9, 1.68 ],
            "2.5": [ 13.97, 9.26, 1.69 ],
            "2.6": [ 17.29, 6.59, 1.29 ],
            "2.7": [ 20.44, 4.2, 0.64 ],
            "2.8": [ 22.49, 2.6, 0.09 ],
            "2.9": [ 22.6, 2.13, 0 ],
            "3": [ 21, 2.12, 0 ],
            "3.1": [ 18.44, 2.16, 0 ],
            "3.2": [ 15.68, 1.9, 0 ],
            "3.3": [ 13.69, 1.23, 0 ],
            "3.4": [ 12.5, 0.49, 0 ],
            "3.5": [ 12.11, 0.14, 0 ]
          }
        },
        "toe0_r": {
          "position": {
            "0": [ 6.354039E-13, -0.032, 0.176 ],
            "1.9": [ 6.35444E-13, -0.032, 0.176 ],
            "2": [ 6.354469E-13, -0.048, 0.176 ],
            "3.5": [ 6.354748E-13, -0.048, 0.176 ]
          },
          "rotation": {
            "0": [ -24.78, -2.94, 1.73 ],
            "1.8": [ -24.78, -2.94, 1.73 ],
            "1.9": [ -25.21, -4.69, 2.44 ],
            "2": [ -25.92, -7.36, 3.6 ],
            "2.1": [ -26.06, -7.87, 3.83 ],
            "3.5": [ -26.06, -7.87, 3.83 ]
          }
        },
        "toe1_r": {
          "position": {
            "0": [ 0, 3.665682E-17, -7.369057E-16 ],
            "3.5": [ 0, 1.074862E-16, -7.191983E-16 ]
          },
          "rotation": {
            "0": [ 0, 0, 0 ],
            "3.5": [ 0, 0, 0 ]
          }
        },
        "toe2_r": {
          "position": {
            "0": [ 0, -0.006124143, 0 ],
            "3.5": [ 0, -0.00465137, 0 ]
          },
          "rotation": {
            "0": [ 0, 0, 0 ],
            "1.8": [ 0, 0, 0 ],
            "1.9": [ 0, 4.61, 0 ],
            "2": [ 0, 11.74, 0 ],
            "2.1": [ 0, 13.1, 0 ],
            "3.1": [ 0, 13.1, 0 ],
            "3.2": [ 0, 13.43, 0 ],
            "3.3": [ 0, 15.4, 0 ],
            "3.4": [ 0, 17.78, 0 ],
            "3.5": [ 0, 18.94, 0 ]
          }
        },
        "foot_r": {
          "position": {
            "0": [ 0, 0, 0 ],
            "3.5": [ 0, 0, 0 ]
          },
          "rotation": {
            "0": [ 36.77, 3.68, 15.84 ],
            "0.1": [ 36.3, 2, 15.97 ],
            "0.2": [ 35.14, -1.99, 16.33 ],
            "0.3": [ 33.74, -6.67, 16.84 ],
            "0.4": [ 32.54, -10.48, 17.34 ],
            "0.5": [ 32.04, -12.04, 17.57 ],
            "1.3": [ 32.04, -12.04, 17.57 ],
            "1.4": [ 32.04, -12.03, 17.57 ],
            "1.5": [ 32.04, -12.03, 17.58 ],
            "1.6": [ 32.04, -12.02, 17.59 ],
            "1.7": [ 32.05, -12.01, 17.6 ],
            "1.8": [ 32.06, -12.01, 17.6 ],
            "1.9": [ 30.55, -11.6, 19.26 ],
            "2": [ 28.23, -10.79, 22.87 ],
            "2.1": [ 25.31, -8.91, 20.02 ],
            "2.2": [ 10.68, 2.43, -8.69 ],
            "2.3": [ -3.18, 10.85, -22.01 ],
            "2.4": [ -5.62, 12.08, -11.2 ],
            "2.5": [ -7.48, 12.33, -3.32 ],
            "2.6": [ -6.93, 13.25, -0.71 ],
            "2.7": [ -5.4, 13.94, 0.01 ],
            "2.8": [ -2.64, 14.13, -0.74 ],
            "2.9": [ 2.33, 13.9, -2.48 ],
            "3": [ 11.31, 14.28, -5.21 ],
            "3.1": [ 18.92, 14.17, -7.99 ],
            "3.2": [ 22.72, 9.43, -5.87 ],
            "3.3": [ 28.05, -1.51, 1.86 ],
            "3.4": [ 25.9, -9.56, -1.93 ],
            "3.5": [ 25.07, -13.04, -3.34 ]
          }
        },
        "knee_r": {
          "position": {
            "0": [ 0, 0, 0 ],
            "3.5": [ 0, 0, 0 ]
          },
          "rotation": {
            "0": [ -27.36, 0, 0 ],
            "0.1": [ -27.59, 0, 0 ],
            "0.2": [ -28.13, 0, 0 ],
            "0.3": [ -28.76, 0, 0 ],
            "0.4": [ -29.27, 0, 0 ],
            "0.5": [ -29.49, 0, 0 ],
            "1.3": [ -29.49, 0, 0 ],
            "1.4": [ -29.54, 0, 0 ],
            "1.5": [ -29.69, 0, 0 ],
            "1.6": [ -29.9, 0, 0 ],
            "1.7": [ -30.15, 0, 0 ],
            "1.8": [ -30.41, 0, 0 ],
            "1.9": [ -28.94, 0, 0 ],
            "2": [ -26.45, 0, 0 ],
            "2.1": [ -27.45, -0.18, -0.51 ],
            "2.2": [ -30.05, -1.89, -3.79 ],
            "2.3": [ -29.49, -4.8, -8.22 ],
            "2.4": [ -24.53, -7.57, -16.69 ],
            "2.5": [ -20.29, -8.43, -23.29 ],
            "2.6": [ -21.98, -8.89, -22.73 ],
            "2.7": [ -25.36, -9.22, -20.36 ],
            "2.8": [ -30.65, -8.94, -16.62 ],
            "2.9": [ -39.13, -7.49, -11.72 ],
            "3": [ -52.58, -3.92, -5.06 ],
            "3.1": [ -58.67, -0.5, -0.67 ],
            "3.2": [ -54.86, 0, 0 ],
            "3.3": [ -48.52, 0, 0 ],
            "3.4": [ -44.58, 0, 0 ],
            "3.5": [ -42.61, 0, 0 ]
          }
        },
        "hip_r": {
          "position": {
            "0": [ 0, 0, 0 ],
            "3.5": [ 0, 0, 0 ]
          },
          "rotation": {
            "0": [ 66.27, 0, 0 ],
            "0.1": [ 66.89, 0, 0 ],
            "0.2": [ 68.37, 0, 0 ],
            "0.3": [ 70.12, 0, 0 ],
            "0.4": [ 71.57, 0, 0 ],
            "0.5": [ 72.18, 0, 0 ],
            "1.3": [ 72.18, 0, 0 ],
            "1.4": [ 72.34, 0, 0 ],
            "1.5": [ 72.76, 0, 0 ],
            "1.6": [ 73.37, 0, 0 ],
            "1.7": [ 74.08, 0, 0 ],
            "1.8": [ 74.83, 0, 0 ],
            "1.9": [ 70.64, 0, 0 ],
            "2": [ 63.82, 0, 0 ],
            "2.1": [ 66.49, 0, 0 ],
            "2.2": [ 73.75, 0, 0 ],
            "2.3": [ 72.86, 0, 0 ],
            "2.4": [ 72.25, 0, 0 ],
            "2.5": [ 73.07, 0, 0 ],
            "2.6": [ 76.34, 0, 0 ],
            "2.7": [ 78.54, 0, 0 ],
            "2.8": [ 78.27, 0, 0 ],
            "2.9": [ 74.5, 0, 0 ],
            "3": [ 65.81, 0, 0 ],
            "3.1": [ 51.33, 0, 0 ],
            "3.2": [ 41.04, 0, 0 ],
            "3.3": [ 34.35, 0, 0 ],
            "3.4": [ 33.43, 0, 0 ],
            "3.5": [ 32.88, 0, 0 ]
          }
        },
        "rump_r": {
          "position": {
            "0": [ -0.016, 0.08, 0 ],
            "0.1": [ 0, 0.064, -0.064 ],
            "0.2": [ 0.016, 0.032, -0.208 ],
            "0.3": [ 0.032, -0.016, -0.368 ],
            "0.4": [ 0.048, -0.048, -0.496 ],
            "0.5": [ 0.048, -0.064, -0.56 ],
            "1.3": [ 0.048, -0.064, -0.56 ],
            "1.4": [ 0.08, -0.08, -0.608 ],
            "1.5": [ 0.08, -0.08, -0.624 ],
            "1.6": [ 0.08, -0.096, -0.624 ],
            "1.7": [ 0.08, -0.112, -0.608 ],
            "1.8": [ 0.08, -0.128, -0.608 ],
            "1.9": [ 0.064, -0.112, -0.528 ],
            "2": [ 0.032, -0.096, -0.416 ],
            "2.1": [ 0.016, -0.08, -0.352 ],
            "2.2": [ -0.016, 0.048, -0.032 ],
            "2.3": [ -0.048, 0.096, 0.208 ],
            "2.4": [ -0.032, 0, 0.256 ],
            "2.5": [ -0.032, -0.128, 0.272 ],
            "2.6": [ -0.048, -0.208, 0.288 ],
            "2.7": [ -0.064, -0.288, 0.288 ],
            "2.8": [ -0.08, -0.352, 0.288 ],
            "2.9": [ -0.08, -0.4, 0.256 ],
            "3": [ -0.08, -0.4, 0.24 ],
            "3.1": [ -0.08, -0.384, 0.192 ],
            "3.2": [ -0.048, -0.288, 0.128 ],
            "3.3": [ -0.016, -0.08, 0.048 ],
            "3.4": [ -0.032, -0.096, -0.144 ],
            "3.5": [ -0.032, -0.096, -0.24 ]
          },
          "rotation": {
            "0": [ -30.82, 0.5, -9.69 ],
            "0.1": [ -31.06, 1.7, -8.92 ],
            "0.2": [ -31.64, 4.54, -7.02 ],
            "0.3": [ -32.33, 7.86, -4.7 ],
            "0.4": [ -32.9, 10.53, -2.69 ],
            "0.5": [ -33.13, 11.61, -1.84 ],
            "1.3": [ -33.13, 11.61, -1.84 ],
            "1.4": [ -33.01, 10.7, -1.61 ],
            "1.5": [ -33.2, 10.35, -1.14 ],
            "1.6": [ -33.6, 10.3, -0.5 ],
            "1.7": [ -34.08, 10.24, 0.27 ],
            "1.8": [ -34.58, 10.18, 1.08 ],
            "1.9": [ -30.75, 10.52, 0.75 ],
            "2": [ -25.06, 11.12, -0.03 ],
            "2.1": [ -27.21, 10.09, -0.48 ],
            "2.2": [ -35.13, 3.82, -6.29 ],
            "2.3": [ -37.38, 0.81, -8.34 ],
            "2.4": [ -38.45, -1.81, -2.81 ],
            "2.5": [ -40.12, -4.07, 3.55 ],
            "2.6": [ -41.87, -4.93, 8.55 ],
            "2.7": [ -41.73, -5.29, 13.16 ],
            "2.8": [ -38.33, -5.31, 17.11 ],
            "2.9": [ -30.27, -5.06, 19.74 ],
            "3": [ -15.65, -3.92, 19.63 ],
            "3.1": [ -1.34, -1.5, 18.75 ],
            "3.2": [ 1.53, 1.17, 13.18 ],
            "3.3": [ -3.58, 2.62, -0.15 ],
            "3.4": [ -3.7, 10.98, 0.02 ],
            "3.5": [ -3.67, 14.45, 0.24 ]
          }
        },
        "toe0_l": {
          "position": {
            "0": [ 0, -3.424531E-16, 0 ],
            "1.8": [ 0, -2.746016E-18, 0 ],
            "1.9": [ 0, 0, 0.064 ],
            "2": [ 0, -0.032, 0.16 ],
            "2.1": [ 0, -0.048, 0.176 ],
            "3.5": [ 0, -0.048, 0.176 ]
          },
          "rotation": {
            "0": [ 0, 0, 0 ],
            "1.8": [ 0, 0, 0 ],
            "1.9": [ -9.09, 3.04, -0.49 ],
            "2": [ -23.31, 7.21, -3.09 ],
            "2.1": [ -26.06, 7.87, -3.83 ],
            "3.5": [ -26.06, 7.87, -3.83 ]
          }
        },
        "toe1_l": {
          "position": {
            "0": [ 2.062833E-15, -3.15727E-16, -1.189594E-15 ],
            "3.5": [ 2.204492E-15, -3.42288E-16, -1.15418E-15 ]
          },
          "rotation": {
            "0": [ 0, 0, 0 ],
            "3.5": [ 0, 0, 0 ]
          }
        },
        "toe2_l": {
          "position": {
            "0": [ 0, -0.016, 0.128 ],
            "1.8": [ 0, -0.016, 0.128 ],
            "1.9": [ 0, -0.016, 0.08 ],
            "2": [ 0, 0, 0.016 ],
            "2.1": [ 0, -7.709727E-19, 0 ],
            "3.5": [ 0, -6.051238E-17, 0 ]
          },
          "rotation": {
            "0": [ -18.05, -11.62, 3.75 ],
            "1.8": [ -18.05, -11.62, 3.75 ],
            "1.9": [ -11.72, -12.27, 2.52 ],
            "2": [ -1.89, -13, 0.42 ],
            "2.1": [ 0, -13.1, 0 ],
            "3.1": [ 0, -13.1, 0 ],
            "3.2": [ 0, -13.31, 0 ],
            "3.3": [ 0, -14.56, 0 ],
            "3.4": [ 0, -16.07, 0 ],
            "3.5": [ 0, -16.81, 0 ]
          }
        },
        "foot_l": {
          "position": {
            "0": [ 0, 0, 0 ],
            "3.5": [ 0, 0, 0 ]
          },
          "rotation": {
            "0": [ 44.38, 15.24, -2.21 ],
            "0.1": [ 44.39, 15.26, -2.13 ],
            "0.2": [ 44.41, 15.29, -1.94 ],
            "0.3": [ 44.44, 15.34, -1.7 ],
            "0.4": [ 44.46, 15.38, -1.48 ],
            "0.5": [ 44.48, 15.4, -1.38 ],
            "1.3": [ 44.48, 15.4, -1.38 ],
            "1.4": [ 44.48, 15.4, -1.36 ],
            "1.5": [ 44.48, 15.42, -1.32 ],
            "1.6": [ 44.49, 15.45, -1.24 ],
            "1.7": [ 44.5, 15.49, -1.15 ],
            "1.8": [ 44.51, 15.52, -1.06 ],
            "1.9": [ 50.31, 19.1, -5.72 ],
            "2": [ 63.71, 30.03, -10.12 ],
            "2.1": [ 74.3, 38.46, -7.25 ],
            "2.2": [ 78.24, 30.19, 4.94 ],
            "2.3": [ 72.04, 6.64, 17.4 ],
            "2.4": [ 63.26, -0.07, 21.23 ],
            "2.5": [ 56.46, -0.1, 21.43 ],
            "2.6": [ 52.42, 0.3, 20.93 ],
            "2.7": [ 48.02, 1.55, 20.03 ],
            "2.8": [ 43.4, 3.43, 18.57 ],
            "2.9": [ 38.71, 5.54, 16.66 ],
            "3": [ 34.1, 7.57, 14.54 ],
            "3.1": [ 29.62, 9.35, 12.12 ],
            "3.2": [ 25.59, 10.7, 9.59 ],
            "3.3": [ 22.27, 11.78, 7.11 ],
            "3.4": [ 20, 12.49, 5.15 ],
            "3.5": [ 19.15, 12.74, 4.35 ]
          }
        },
        "knee_l": {
          "position": {
            "0": [ 0, 0, 0 ],
            "3.5": [ 0, 0, 0 ]
          },
          "rotation": {
            "0": [ -48.99, 0, 0 ],
            "0.1": [ -48.55, 0, 0 ],
            "0.2": [ -47.5, 0, 0 ],
            "0.3": [ -46.21, 0, 0 ],
            "0.4": [ -45.1, 0, 0 ],
            "0.5": [ -44.63, 0, 0 ],
            "1.3": [ -44.63, 0, 0 ],
            "1.4": [ -44.51, 0, 0 ],
            "1.5": [ -44.18, 0, 0 ],
            "1.6": [ -43.71, 0, 0 ],
            "1.7": [ -43.14, 0, 0 ],
            "1.8": [ -42.54, 0, 0 ],
            "1.9": [ -63.04, 0, 0 ],
            "2": [ -96.83, 0, 0 ],
            "2.1": [ -122.89, 0, 0 ],
            "2.2": [ -146.79, 0, 0 ],
            "2.3": [ -145.4, 0, 0 ],
            "2.4": [ -129.9, 0, 0 ],
            "2.5": [ -116.87, 0, 0 ],
            "2.6": [ -106.52, 0, 0 ],
            "2.7": [ -96.7, 0, 0 ],
            "2.8": [ -86.78, 0, 0 ],
            "2.9": [ -76.82, 0, 0 ],
            "3": [ -68.94, 0, 0 ],
            "3.1": [ -62.17, 0, 0 ],
            "3.2": [ -55.88, 0, 0 ],
            "3.3": [ -52.37, 0, 0 ],
            "3.4": [ -50.8, 0, 0 ],
            "3.5": [ -49.99, 0, 0 ]
          }
        },
        "hip_l": {
          "position": {
            "0": [ -1.36836E-15, 0, 0 ],
            "3.5": [ -1.403774E-15, 0, 0 ]
          },
          "rotation": {
            "0": [ 28.66, 0, 0 ],
            "0.1": [ 27.79, 0, 0 ],
            "0.2": [ 25.68, 0, 0 ],
            "0.3": [ 23.09, 0, 0 ],
            "0.4": [ 20.85, 0, 0 ],
            "0.5": [ 19.89, 0, 0 ],
            "1.3": [ 19.89, 0, 0 ],
            "1.4": [ 19.65, 0, 0 ],
            "1.5": [ 18.99, 0, 0 ],
            "1.6": [ 18.02, 0, 0 ],
            "1.7": [ 16.86, 0, 0 ],
            "1.8": [ 15.63, 0, 0 ],
            "1.9": [ 25.99, 0, 0 ],
            "2": [ 36.72, 0, 0 ],
            "2.1": [ 49.15, 0, 0 ],
            "2.2": [ 62.45, 0, 0 ],
            "2.3": [ 57.2, 0, 0 ],
            "2.4": [ 48.43, 0, 0 ],
            "2.5": [ 45.43, 0, 0 ],
            "2.6": [ 40.09, 0, 0 ],
            "2.7": [ 36.06, 0, 0 ],
            "2.8": [ 32.18, 0, 0 ],
            "2.9": [ 28.08, 0, 0 ],
            "3": [ 27.07, 0, 0 ],
            "3.1": [ 27.07, 0, 0 ],
            "3.2": [ 26.25, 0, 0 ],
            "3.3": [ 28.4, 0, 0 ],
            "3.4": [ 31.25, 0, 0 ],
            "3.5": [ 31.8, 0, 0 ]
          }
        },
        "rump_l": {
          "position": {
            "0": [ 0.048, 0.112, -0.256 ],
            "0.1": [ 0.064, 0.128, -0.224 ],
            "0.2": [ 0.096, 0.144, -0.16 ],
            "0.3": [ 0.128, 0.16, -0.08 ],
            "0.4": [ 0.144, 0.176, 0 ],
            "0.5": [ 0.16, 0.192, 0.016 ],
            "1.3": [ 0.1696638, 0.192, 0.016 ],
            "1.4": [ 0.1707308, 0.192, 0.08 ],
            "1.5": [ 0.1720798, 0.192, 0.096 ],
            "1.6": [ 0.1738048, 0.192, 0.08 ],
            "1.7": [ 0.176, 0.208, 0.08 ],
            "1.8": [ 0.192, 0.224, 0.08 ],
            "1.9": [ 0.16, 0.24, 0.048 ],
            "2": [ 0.128, 0.272, 0.064 ],
            "2.1": [ 0.096, 0.272, 0.064 ],
            "2.2": [ 0.016, -0.032, -0.192 ],
            "2.3": [ 0.128, -0.56, -0.432 ],
            "2.4": [ 0.224, -0.704, -0.448 ],
            "2.5": [ 0.16, -0.624, -0.4 ],
            "2.6": [ 0.096, -0.528, -0.384 ],
            "2.7": [ 0.048, -0.416, -0.384 ],
            "2.8": [ 0.016, -0.304, -0.368 ],
            "2.9": [ 0, -0.192, -0.352 ],
            "3": [ -0.016, -0.128, -0.352 ],
            "3.1": [ -0.016, -0.096, -0.352 ],
            "3.2": [ -0.016, -0.112, -0.336 ],
            "3.3": [ 0, -0.128, -0.288 ],
            "3.4": [ 0.016, -0.144, -0.24 ],
            "3.5": [ 0.016, -0.144, -0.224 ]
          },
          "rotation": {
            "0": [ 5.03, -14.84, 11.77 ],
            "0.1": [ 5.41, -15.44, 12.39 ],
            "0.2": [ 6.33, -16.87, 13.87 ],
            "0.3": [ 7.47, -18.58, 15.65 ],
            "0.4": [ 8.47, -20.02, 17.13 ],
            "0.5": [ 8.89, -20.62, 17.76 ],
            "1.3": [ 8.89, -20.62, 17.76 ],
            "1.4": [ 8.92, -21.57, 17.96 ],
            "1.5": [ 9.22, -21.95, 18.4 ],
            "1.6": [ 9.71, -22.04, 18.99 ],
            "1.7": [ 10.3, -22.14, 19.7 ],
            "1.8": [ 10.94, -22.26, 20.44 ],
            "1.9": [ 9.17, -18.6, 21.28 ],
            "2": [ 9.47, -10.71, 21.95 ],
            "2.1": [ 8.57, -7.19, 21.07 ],
            "2.2": [ 13.68, -9.36, 2.44 ],
            "2.3": [ 19.9, -13.13, -31.58 ],
            "2.4": [ 21.47, -13.47, -41.21 ],
            "2.5": [ 20.01, -12.31, -35.3 ],
            "2.6": [ 19.87, -11.5, -28.01 ],
            "2.7": [ 19.46, -10.93, -20.8 ],
            "2.8": [ 19.17, -10.73, -13.92 ],
            "2.9": [ 19.3, -10.89, -7.95 ],
            "3": [ 18.6, -10.81, -4.06 ],
            "3.1": [ 17.29, -10.68, -2.28 ],
            "3.2": [ 15.53, -10.68, -2.37 ],
            "3.3": [ 13.23, -11.19, -2.57 ],
            "3.4": [ 11.37, -11.87, -2.59 ],
            "3.5": [ 11.04, -12.2, -2.56 ]
          }
        }
      }
    }
  }
}