{
  "format_version": "1.8.0",
  "animations": {
    "animation.velociraptor.run": {
      "loop": true,
      "bones": {
        "root": {
          "position": {
            "0": [ 0.032, -3.536, 0.8413448 ],
            "0.05": [ -0.24, -3.84, 0.8411438 ],
            "0.1": [ -0.48, -4.048, 0.8409629 ],
            "0.15": [ -0.48, -3.92, 0.8407997 ],
            "0.2": [ -0.272, -3.68, 0.8406518 ],
            "0.25": [ -0.032, -3.568, 0.8405168 ],
            "0.3": [ 0.24, -3.712, 0.8403924 ],
            "0.35": [ 0.464, -4, 0.8402761 ],
            "0.4": [ 0.448, -4.144, 0.8401657 ],
            "0.45": [ 0.208, -4, 0.8400588 ],
            "0.5": [ 0.096, -3.728, 0.8399529 ]
          },
          "rotation": {
            "0": [ -16.74, 1.58, -0.12 ],
            "0.05": [ -17.23, 0.68, 0.07 ],
            "0.1": [ -18.02, -0.71, 0.29 ],
            "0.15": [ -17.9, -1.81, 0.35 ],
            "0.2": [ -17.1, -2.33, 0.28 ],
            "0.25": [ -16.78, -2.24, 0.16 ],
            "0.3": [ -17.25, -1.35, -0.03 ],
            "0.35": [ -18.07, -0.06, -0.23 ],
            "0.4": [ -17.76, 0.96, -0.28 ],
            "0.45": [ -17.04, 1.47, -0.2 ],
            "0.5": [ -16.79, 1.76, -0.16 ]
          }
        },
        "jaw": {
          "position": {
            "0": [ -1.244092E-15, 9.094947E-15, -1.701657E-14 ],
            "0.5": [ -1.244989E-15, 9.094947E-15, -1.701235E-14 ]
          },
          "rotation": {
            "0": [ 4.68, 0, 0 ],
            "0.05": [ 5.75, 0, 0 ],
            "0.1": [ 7.44, 0, 0 ],
            "0.15": [ 7.52, 0, 0 ],
            "0.2": [ 6.82, 0, 0 ],
            "0.25": [ 6.09, 0, 0 ],
            "0.3": [ 5.32, 0, 0 ],
            "0.35": [ 4.74, 0, 0 ],
            "0.4": [ 4.68, 0, 0 ],
            "0.5": [ 4.68, 0, 0 ]
          }
        },
        "eyelids": {
          "position": {
            "0": [ -3.029299E-16, 8.625616E-15, -1.631257E-14 ],
            "0.5": [ -3.028518E-16, 8.623928E-15, -1.630582E-14 ]
          },
          "rotation": {
            "0": [ 0, 0, 0 ],
            "0.5": [ 0, 0, 0 ]
          }
        },
        "head": {
          "position": {
            "0": [ -0.016, -0.256, -1.44 ],
            "0.05": [ -0.016, -0.256, -1.584 ],
            "0.1": [ -0.016, -0.272, -1.584 ],
            "0.15": [ -0.016, -0.272, -1.504 ],
            "0.2": [ -0.016, -0.256, -1.504 ],
            "0.25": [ -0.016, -0.24, -1.504 ],
            "0.3": [ -0.016, -0.24, -1.632 ],
            "0.35": [ -0.016, -0.256, -1.616 ],
            "0.4": [ -0.016, -0.256, -1.584 ],
            "0.45": [ -0.016, -0.24, -1.584 ],
            "0.5": [ -0.016, -0.2396024, -1.584 ]
          },
          "rotation": {
            "0": [ 57.96, 3.02, -0.62 ],
            "0.05": [ 63.16, 2.82, -0.61 ],
            "0.1": [ 66.72, 2.72, -0.61 ],
            "0.15": [ 63.02, 2.82, -0.61 ],
            "0.2": [ 59.07, 3, -0.61 ],
            "0.25": [ 58.22, 3.16, -0.62 ],
            "0.3": [ 62.52, 3.25, -0.64 ],
            "0.35": [ 65.56, 3.33, -0.66 ],
            "0.4": [ 64.23, 3.26, -0.65 ],
            "0.45": [ 61.05, 3.07, -0.62 ],
            "0.5": [ 58.63, 2.96, -0.61 ]
          }
        },
        "neck1": {
          "position": {
            "0": [ 0, -0.064, -0.8 ],
            "0.05": [ -0.016, -0.112, -0.768 ],
            "0.1": [ -0.016, -0.16, -0.72 ],
            "0.15": [ -0.016, -0.112, -0.768 ],
            "0.2": [ 0, -0.08, -0.816 ],
            "0.25": [ 0, -0.064, -0.816 ],
            "0.3": [ -0.016, -0.112, -0.8 ],
            "0.35": [ -0.016, -0.144, -0.752 ],
            "0.4": [ -0.016, -0.128, -0.768 ],
            "0.45": [ -0.016, -0.096, -0.8 ],
            "0.5": [ -0.016, -0.08, -0.832 ]
          },
          "rotation": {
            "0": [ -13.78, -2.26, 1.11 ],
            "0.05": [ -16.32, -2.02, 1.17 ],
            "0.1": [ -18.89, -1.87, 1.25 ],
            "0.15": [ -18.33, -2, 1.26 ],
            "0.2": [ -15.28, -2.19, 1.17 ],
            "0.25": [ -13.67, -2.28, 1.14 ],
            "0.3": [ -16.25, -2.13, 1.32 ],
            "0.35": [ -18.3, -2.04, 1.46 ],
            "0.4": [ -17.86, -2.07, 1.41 ],
            "0.45": [ -15.24, -2.15, 1.2 ],
            "0.5": [ -13.41, -2.19, 1.07 ]
          }
        },
        "neck0": {
          "position": {
            "0": [ -9.872414E-19, 0.704, 0.4994927 ],
            "0.5": [ -1.508857E-18, 0.704, 0.5032501 ]
          },
          "rotation": {
            "0": [ -41.11, -0.39, 0.34 ],
            "0.05": [ -45.81, -0.34, 0.35 ],
            "0.1": [ -49.09, -0.3, 0.35 ],
            "0.15": [ -46.03, -0.32, 0.33 ],
            "0.2": [ -42.5, -0.39, 0.35 ],
            "0.25": [ -41.51, -0.47, 0.42 ],
            "0.3": [ -45.59, -0.55, 0.56 ],
            "0.35": [ -48.28, -0.58, 0.65 ],
            "0.4": [ -47.05, -0.54, 0.58 ],
            "0.45": [ -44.11, -0.45, 0.44 ],
            "0.5": [ -41.98, -0.4, 0.36 ]
          }
        },
        "finger0_r": {
          "position": {
            "0": [ 7.723413E-15, -2.977733E-15, 9.386615E-16 ],
            "0.5": [ 7.72257E-15, -2.980265E-15, 9.420374E-16 ]
          },
          "rotation": {
            "0": [ 0, 0, -11.79 ],
            "0.5": [ 0, 0, -11.79 ]
          }
        },
        "finger1_r": {
          "position": {
            "0": [ -2.508402E-15, 2.039071E-15, -1.952497E-14 ],
            "0.5": [ -2.509246E-15, 2.038227E-15, -1.952159E-14 ]
          },
          "rotation": {
            "0": [ -17.95, 0, 0 ],
            "0.5": [ -17.95, 0, 0 ]
          }
        },
        "finger2_r": {
          "position": {
            "0": [ -1.364242E-14, 6.351879E-15, 1.003361E-14 ],
            "0.5": [ -1.364242E-14, 6.350192E-15, 1.003698E-14 ]
          },
          "rotation": {
            "0": [ 0, 0, 20.37 ],
            "0.5": [ 0, 0, 20.37 ]
          }
        },
        "wrist_r": {
          "position": {
            "0": [ -2.751025E-16, -3.608812E-15, 0 ],
            "0.5": [ -2.740475E-16, -3.605436E-15, 0 ]
          },
          "rotation": {
            "0": [ -34.03, 15.1, -11.64 ],
            "0.05": [ -44.08, 15.3, -11.58 ],
            "0.1": [ -45.27, 15.29, -11.6 ],
            "0.15": [ -36.17, 15.35, -11.57 ],
            "0.2": [ -34.21, 15.17, -11.62 ],
            "0.25": [ -34.16, 15.15, -11.63 ],
            "0.3": [ -34.11, 15.13, -11.63 ],
            "0.35": [ -34.07, 15.12, -11.64 ],
            "0.4": [ -34.05, 15.11, -11.64 ],
            "0.45": [ -34.03, 15.1, -11.64 ],
            "0.5": [ -34.03, 15.1, -11.64 ]
          }
        },
        "elbow_r": {
          "position": {
            "0": [ 1.048869E-14, -7.055876E-15, -6.82121E-15 ],
            "0.5": [ 1.048552E-14, -7.05672E-15, -6.82121E-15 ]
          },
          "rotation": {
            "0": [ -4.21, -20.3, 1.46 ],
            "0.5": [ -4.21, -20.3, 1.46 ]
          }
        },
        "shoulder_r": {
          "position": {
            "0": [ 3.568375E-15, 0.01227719, -3.293272E-15 ],
            "0.5": [ 3.566898E-15, 0.0127486, -3.292851E-15 ]
          },
          "rotation": {
            "0": [ 9.64, 0, 0 ],
            "0.5": [ 9.64, 0, 0 ]
          }
        },
        "finger0_l": {
          "position": {
            "0": [ -9.094947E-15, -4.078143E-15, 2.508402E-15 ],
            "0.5": [ -9.094947E-15, -4.076455E-15, 2.509246E-15 ]
          },
          "rotation": {
            "0": [ 0, 0, 14 ],
            "0.5": [ 0, 0, 14 ]
          }
        },
        "finger1_l": {
          "position": {
            "0": [ -5.866634E-17, -7.92162E-15, -9.094947E-15 ],
            "0.5": [ -5.887734E-17, -7.9174E-15, -9.094947E-15 ]
          },
          "rotation": {
            "0": [ -8.77, 0, 0 ],
            "0.5": [ -8.77, 0, 0 ]
          }
        },
        "finger2_l": {
          "position": {
            "0": [ 1.364242E-14, 5.486135E-15, 5.016804E-15 ],
            "0.5": [ 1.364242E-14, 5.489511E-15, 5.018492E-15 ]
          },
          "rotation": {
            "0": [ 0, 0, -19.45 ],
            "0.5": [ 0, 0, -19.45 ]
          }
        },
        "wrist_l": {
          "position": {
            "0": [ 4.899472E-15, 2.508402E-15, -2.039071E-15 ],
            "0.5": [ 4.900737E-15, 2.509246E-15, -2.038227E-15 ]
          },
          "rotation": {
            "0": [ -30.4, -11.92, 12.01 ],
            "0.5": [ -30.4, -11.92, 12.01 ]
          }
        },
        "elbow_l": {
          "position": {
            "0": [ 3.784811E-15, -7.290541E-15, -6.586545E-15 ],
            "0.5": [ 3.782068E-15, -7.292229E-15, -6.585701E-15 ]
          },
          "rotation": {
            "0": [ -4.15, 17.84, -1.27 ],
            "0.5": [ -4.15, 17.84, -1.27 ]
          }
        },
        "shoulder_l": {
          "position": {
            "0": [ 3.638542E-15, -0.0122518, 0 ],
            "0.5": [ 3.634335E-15, -0.01270949, 0 ]
          },
          "rotation": {
            "0": [ 17.47, 0, 0 ],
            "0.05": [ 20.56, 0, 0 ],
            "0.1": [ 23.46, 0, 0 ],
            "0.15": [ 21.26, 0, 0 ],
            "0.2": [ 17.95, 0, 0 ],
            "0.25": [ 17.47, 0, 0 ],
            "0.3": [ 20.81, 0, 0 ],
            "0.35": [ 22.6, 0, 0 ],
            "0.4": [ 19.61, 0, 0 ],
            "0.45": [ 17.47, 0, 0 ],
            "0.5": [ 17.47, 0, 0 ]
          }
        },
        "chest": {
          "position": {
            "0": [ -0.016, -0.192, 0.24 ],
            "0.05": [ -0.032, -0.24, 0.304 ],
            "0.1": [ -0.048, -0.304, 0.416 ],
            "0.15": [ -0.048, -0.288, 0.384 ],
            "0.2": [ -0.016, -0.224, 0.288 ],
            "0.25": [ 0.016, -0.192, 0.24 ],
            "0.3": [ 0.048, -0.24, 0.32 ],
            "0.35": [ 0.064, -0.304, 0.432 ],
            "0.4": [ 0.048, -0.272, 0.368 ],
            "0.45": [ 0.016, -0.208, 0.272 ],
            "0.5": [ 0, -0.192, 0.24 ]
          },
          "rotation": {
            "0": [ 8.38, 0.58, -0.03 ],
            "0.05": [ 10.9, 2.13, -0.01 ],
            "0.1": [ 14.43, 3.28, -0.01 ],
            "0.15": [ 13.47, 2.7, 0 ],
            "0.2": [ 9.91, 0.81, 0.03 ],
            "0.25": [ 8.56, -0.99, 0.04 ],
            "0.3": [ 11.13, -2.6, 0.01 ],
            "0.35": [ 14.56, -3.58, 0.02 ],
            "0.4": [ 12.85, -2.86, 0.01 ],
            "0.45": [ 9.65, -0.84, -0.02 ],
            "0.5": [ 8.56, 0.24, -0.03 ]
          }
        },
        "spine0": {
          "position": {
            "0": [ 0, 0, 0 ],
            "0.5": [ 0, 0, 0 ]
          },
          "rotation": {
            "0": [ 9.26, -2.13, -0.4 ],
            "0.05": [ 11.27, -2.72, -0.67 ],
            "0.1": [ 12.15, -2.45, -0.73 ],
            "0.15": [ 10.91, -0.82, -0.29 ],
            "0.2": [ 9.74, 1.51, 0.25 ],
            "0.25": [ 9.46, 3.17, 0.61 ],
            "0.3": [ 11.73, 3.82, 0.95 ],
            "0.35": [ 11.9, 3.5, 0.96 ],
            "0.4": [ 10.71, 1.81, 0.5 ],
            "0.45": [ 9.66, -0.64, -0.09 ],
            "0.5": [ 9.32, -1.97, -0.37 ]
          }
        },
        "tail_2": {
          "position": {
            "0": [ -1.775171E-12, 9.620094E-14, 1.003361E-14 ],
            "0.5": [ -1.775269E-12, 9.620347E-14, 1.003698E-14 ]
          },
          "rotation": {
            "0": [ 8.69, 3.95, 1.83 ],
            "0.05": [ 14.68, 8.2, 2.91 ],
            "0.1": [ 17.2, 10.07, 3.61 ],
            "0.15": [ 7.82, 11.37, 1.95 ],
            "0.2": [ -3.78, 9.2, -0.37 ],
            "0.25": [ -8.51, 0.82, -0.28 ],
            "0.3": [ -13.45, -10.52, 1.63 ],
            "0.35": [ -18.09, -17.89, 4.54 ],
            "0.4": [ -19.82, -17.04, 5.65 ],
            "0.45": [ -13.54, -9.89, 3.21 ],
            "0.5": [ -2.35, -1.34, 1.47 ]
          }
        },
        "tail_1": {
          "position": {
            "0": [ -4.747535E-13, 4.693307E-16, -4.782139E-15 ],
            "0.5": [ -4.747533E-13, 4.710187E-16, -4.782983E-15 ]
          },
          "rotation": {
            "0": [ 0.43, 2.45, -0.4 ],
            "0.05": [ -1.71, 1.65, -0.46 ],
            "0.1": [ -3.85, -0.11, -0.41 ],
            "0.15": [ -4.81, -1.84, -0.26 ],
            "0.2": [ -4, -3.63, -0.16 ],
            "0.25": [ -2.08, -5.42, -0.22 ],
            "0.3": [ 0.22, -6.23, -0.44 ],
            "0.35": [ 2.13, -5.2, -0.61 ],
            "0.4": [ 2.91, -2.79, -0.56 ],
            "0.45": [ 2.44, 0.07, -0.41 ],
            "0.5": [ 1.43, 2.46, -0.35 ]
          }
        },
        "tail_0": {
          "position": {
            "0": [ 0.016, 1.248, -0.192 ],
            "0.05": [ 0.048, 1.28, -0.192 ],
            "0.1": [ 0.064, 1.344, -0.224 ],
            "0.15": [ 0.048, 1.328, -0.208 ],
            "0.2": [ 0.016, 1.28, -0.192 ],
            "0.25": [ -0.032, 1.248, -0.192 ],
            "0.3": [ -0.064, 1.28, -0.192 ],
            "0.35": [ -0.08, 1.344, -0.224 ],
            "0.4": [ -0.064, 1.312, -0.208 ],
            "0.45": [ -0.016, 1.264, -0.192 ],
            "0.5": [ 0.016, 1.248, -0.192 ]
          },
          "rotation": {
            "0": [ 27.55, 9.13, 3.36 ],
            "0.05": [ 23.89, 8.07, 2.04 ],
            "0.1": [ 20.53, 4.62, 0.16 ],
            "0.15": [ 18.59, 0.49, -1.28 ],
            "0.2": [ 19.5, -3.22, -2.38 ],
            "0.25": [ 23.18, -6.67, -3.88 ],
            "0.3": [ 28.36, -8.11, -5.13 ],
            "0.35": [ 32.85, -6.15, -4.55 ],
            "0.4": [ 33.82, -1.59, -1.84 ],
            "0.45": [ 32.05, 4.11, 1.38 ],
            "0.5": [ 29.8, 8.88, 3.71 ]
          }
        },
        "toe0_r": {
          "position": {
            "0": [ 6.350583E-13, 0, 0.048 ],
            "0.5": [ 6.350587E-13, 0, 0.048 ]
          },
          "rotation": {
            "0": [ -6.2, -8.7, 0.94 ],
            "0.5": [ -6.2, -8.7, 0.94 ]
          }
        },
        "toe1_r": {
          "position": {
            "0": [ 0, -3.08993E-16, -8.233181E-16 ],
            "0.5": [ 0, -3.08571E-16, -8.232126E-16 ]
          },
          "rotation": {
            "0": [ 0, 0, 0 ],
            "0.5": [ 0, 0, 0 ]
          }
        },
        "toe2_r": {
          "position": {
            "0": [ 0, 0, 0 ],
            "0.3": [ 0, 0, 0 ],
            "0.35": [ 0, -0.016, -0.096 ],
            "0.4": [ 0, -0.016, -0.096 ],
            "0.45": [ 0, -0.01599997, 0 ],
            "0.5": [ 0, -0.01599973, 0 ]
          },
          "rotation": {
            "0": [ 0, 9.58, 0 ],
            "0.05": [ 0, 30.11, 0 ],
            "0.2": [ 0, 30.11, 0 ],
            "0.25": [ 0, 29.08, 0 ],
            "0.3": [ 0.45, 6.46, 0.05 ],
            "0.35": [ 12.54, 1, 0.22 ],
            "0.4": [ 13.8, 0.48, 0.12 ],
            "0.45": [ 0, 4.54, 0 ],
            "0.5": [ 0, 5.91, 0 ]
          }
        },
        "foot_r": {
          "position": {
            "0": [ 0, 0, 0 ],
            "0.5": [ 0, 0, 0 ]
          },
          "rotation": {
            "0": [ 87.46, -0.74, -0.19 ],
            "0.05": [ 48.71, -0.2, 0.81 ],
            "0.1": [ 22.81, -1.24, 1.56 ],
            "0.15": [ 7.83, -1.66, 1.32 ],
            "0.2": [ 14.26, -1.06, 0.42 ],
            "0.25": [ 49.6, 0.15, -0.18 ],
            "0.3": [ 47.66, -0.05, -1.42 ],
            "0.35": [ 27.73, -1.47, -3.34 ],
            "0.4": [ 71.47, -2.98, -4.45 ],
            "0.45": [ 109.65, -1.33, -1.43 ],
            "0.5": [ 97.95, -1.16, -0.55 ]
          }
        },
        "knee_r": {
          "position": {
            "0": [ 0, 0, 0 ],
            "0.5": [ 0, 0, 0 ]
          },
          "rotation": {
            "0": [ -53.44, 0, 0 ],
            "0.05": [ -24.84, 0, 0 ],
            "0.1": [ -41.04, 0, 0 ],
            "0.15": [ -48.26, 0, 0 ],
            "0.2": [ -52.52, 0, 0 ],
            "0.25": [ -54.44, 0, 0 ],
            "0.3": [ -73.26, 0, 0 ],
            "0.35": [ -87.92, 0, 0 ],
            "0.4": [ -109.15, 0, 0 ],
            "0.45": [ -77.12, 0, 0 ],
            "0.5": [ -63.19, 0, 0 ]
          }
        },
        "hip_r": {
          "position": {
            "0": [ 0, 0, 0 ],
            "0.5": [ 0, 0, 0 ]
          },
          "rotation": {
            "0": [ 33.39, 0, 0 ],
            "0.05": [ 7.34, 0, 0 ],
            "0.1": [ 51.28, 0, 0 ],
            "0.15": [ 54.31, 0, 0 ],
            "0.2": [ 46.93, 0, 0 ],
            "0.25": [ 33.97, 0, 0 ],
            "0.3": [ 51.68, 0, 0 ],
            "0.35": [ 68.77, 0, 0 ],
            "0.4": [ 92.84, 0, 0 ],
            "0.45": [ 57.46, 0, 0 ],
            "0.5": [ 51.71, 0, 0 ]
          }
        },
        "rump_r": {
          "position": {
            "0": [ 0, -0.208, 0.064 ],
            "0.05": [ -0.016, -0.208, 0.112 ],
            "0.1": [ -0.016, -0.208, 0.08 ],
            "0.15": [ -0.016, -0.224, 0.032 ],
            "0.2": [ 0, -0.24, -0.016 ],
            "0.25": [ 0, -0.24, -0.032 ],
            "0.3": [ 0.016, -0.256, -0.048 ],
            "0.35": [ 0.016, -0.304, -0.064 ],
            "0.4": [ 0.016, -0.304, -0.08 ],
            "0.45": [ 0, -0.224, 0.016 ],
            "0.5": [ 0, -0.208, 0.064 ]
          },
          "rotation": {
            "0": [ -24.25, -0.89, -0.72 ],
            "0.05": [ -7.65, -0.79, -1.09 ],
            "0.1": [ -15.09, 1.87, -1.71 ],
            "0.15": [ 4.11, 3.7, -0.78 ],
            "0.2": [ 31.62, 3.44, 0.51 ],
            "0.25": [ 56.71, 1.96, 0.55 ],
            "0.3": [ 50.24, 0.64, 1.7 ],
            "0.35": [ 33.4, 0.59, 3.84 ],
            "0.4": [ -0.62, 3.15, 3.35 ],
            "0.45": [ -33.36, 0.48, -0.44 ],
            "0.5": [ -37.26, -0.55, -0.87 ]
          }
        },
        "toe0_l": {
          "position": {
            "0": [ 0, -2.024619E-05, 0.048 ],
            "0.5": [ 0, -0.0002910487, 0.048 ]
          },
          "rotation": {
            "0": [ -6.2, 8.7, -0.94 ],
            "0.5": [ -6.2, 8.7, -0.94 ]
          }
        },
        "toe1_l": {
          "position": {
            "0": [ 1.371534E-15, -1.861083E-16, -1.362419E-15 ],
            "0.5": [ 1.372378E-15, -1.862666E-16, -1.362208E-15 ]
          },
          "rotation": {
            "0": [ 0, 0, 0 ],
            "0.5": [ 0, 0, 0 ]
          }
        },
        "toe2_l": {
          "position": {
            "0": [ 0, 1.957624E-16, 0 ],
            "0.05": [ 0, 1.957478E-16, -0.016 ],
            "0.1": [ 0.016, 1.957084E-16, -0.048 ],
            "0.15": [ 0, 1.956503E-16, -0.048 ],
            "0.2": [ 0, 1.955797E-16, -0.016 ],
            "0.25": [ 0, 1.955029E-16, 0 ],
            "0.5": [ 0, 1.952434E-16, 0 ]
          },
          "rotation": {
            "0": [ 0, -14.68, 0 ],
            "0.05": [ 2.67, 0.01, 0.42 ],
            "0.1": [ 6.9, 0.93, 1.21 ],
            "0.15": [ 6.43, 0.25, 1.05 ],
            "0.2": [ 2.23, -1.21, 0.31 ],
            "0.25": [ 0.02, -4.59, 0 ],
            "0.3": [ 0, -29.99, 0 ],
            "0.45": [ 0, -29.99, 0 ],
            "0.5": [ 0, -30, 0 ]
          }
        },
        "foot_l": {
          "position": {
            "0": [ 0, 0, 0 ],
            "0.5": [ 0, 0, 0 ]
          },
          "rotation": {
            "0": [ 27.2, -0.13, 0.05 ],
            "0.05": [ 46.37, 0.18, 1.26 ],
            "0.1": [ 75.91, 1.1, 3.57 ],
            "0.15": [ 109.38, 1.94, 3.58 ],
            "0.2": [ 97.79, 2.2, 1.83 ],
            "0.25": [ 72.83, 1.94, 0.18 ],
            "0.3": [ 28.57, 0.06, -0.97 ],
            "0.35": [ 22.09, 1.39, -1.57 ],
            "0.4": [ 6.82, 1.77, -1.21 ],
            "0.45": [ 2.49, 1.05, -0.31 ],
            "0.5": [ 17.99, -0.12, -0.12 ]
          }
        },
        "knee_l": {
          "position": {
            "0": [ 0, 0, 0 ],
            "0.5": [ 0, 0, 0 ]
          },
          "rotation": {
            "0": [ -42.56, 0, 0 ],
            "0.05": [ -70.97, 0, 0 ],
            "0.1": [ -104.16, 0, 0 ],
            "0.15": [ -100.49, 0, 0 ],
            "0.2": [ -83.85, 0, 0 ],
            "0.25": [ -61.43, 0, 0 ],
            "0.3": [ -10.54, 0, 0 ],
            "0.35": [ -45.55, 0, 0 ],
            "0.4": [ -52.96, 0, 0 ],
            "0.45": [ -49.36, 0, 0 ],
            "0.5": [ -35.07, 0, 0 ]
          }
        },
        "hip_l": {
          "position": {
            "0": [ -1.195535E-15, 0, 0 ],
            "0.5": [ -1.195746E-15, 0, 0 ]
          },
          "rotation": {
            "0": [ 19.09, 0, 0 ],
            "0.05": [ 50.38, 0, 0 ],
            "0.1": [ 88.33, 0, 0 ],
            "0.15": [ 90.49, 0, 0 ],
            "0.2": [ 84.45, 0, 0 ],
            "0.25": [ 76.88, 0, 0 ],
            "0.3": [ 21.14, 0, 0 ],
            "0.35": [ 52.21, 0, 0 ],
            "0.4": [ 53.46, 0, 0 ],
            "0.45": [ 39.42, 0, 0 ],
            "0.5": [ 9.15, 0, 0 ]
          }
        },
        "rump_l": {
          "position": {
            "0": [ 0, -0.224, -0.016 ],
            "0.05": [ -0.016, -0.256, -0.016 ],
            "0.1": [ -0.016, -0.304, -0.032 ],
            "0.15": [ -0.016, -0.272, -0.048 ],
            "0.2": [ 0, -0.224, 0.016 ],
            "0.25": [ 0, -0.208, 0.08 ],
            "0.3": [ 0.016, -0.208, 0.128 ],
            "0.35": [ 0.016, -0.208, 0.112 ],
            "0.4": [ 0.016, -0.224, 0.048 ],
            "0.45": [ 0, -0.24, 0 ],
            "0.5": [ 0, -0.24, -0.016 ]
          },
          "rotation": {
            "0": [ 63.72, -1.42, -0.3 ],
            "0.05": [ 53.97, -0.08, -1.42 ],
            "0.1": [ 26.87, 0.37, -3.76 ],
            "0.15": [ -17.36, -1.54, -2.06 ],
            "0.2": [ -31.23, -0.52, -0.04 ],
            "0.25": [ -39.69, 0.35, 1.12 ],
            "0.3": [ -21.9, 1.41, 1.39 ],
            "0.35": [ -10.72, -1.29, 1.91 ],
            "0.4": [ 10.39, -2.96, 0.83 ],
            "0.45": [ 37.24, -2.53, -0.45 ],
            "0.5": [ 69.87, -1.72, -0.19 ]
          }
        }
      }
    }
  }
}