{
  "format_version": "1.8.0",
  "animations": {
    "animation.velociraptor.walk": {
      "loop": true,
      "bones": {
        "root": {
          "position": {
            "0": [ -0.064, -3.328, 0.88 ],
            "0.05": [ -0.144, -3.488, 0.912 ],
            "0.1": [ -0.224, -3.632, 0.944 ],
            "0.15": [ -0.32, -3.712, 0.96 ],
            "0.2": [ -0.4, -3.664, 0.912 ],
            "0.25": [ -0.464, -3.536, 0.848 ],
            "0.3": [ -0.512, -3.36, 0.8 ],
            "0.35": [ -0.544, -3.168, 0.736 ],
            "0.4": [ -0.528, -2.96, 0.688 ],
            "0.45": [ -0.48, -2.8, 0.64 ],
            "0.5": [ -0.416, -2.704, 0.624 ],
            "0.55": [ -0.32, -2.704, 0.64 ],
            "0.6": [ -0.208, -2.8, 0.688 ],
            "0.65": [ -0.096, -2.96, 0.768 ],
            "0.7": [ 0, -3.152, 0.816 ],
            "0.75": [ 0.064, -3.36, 0.864 ],
            "0.8": [ 0.144, -3.536, 0.912 ],
            "0.85": [ 0.24, -3.664, 0.96 ],
            "0.9": [ 0.32, -3.712, 0.96 ],
            "0.95": [ 0.4, -3.648, 0.944 ],
            "1": [ 0.48, -3.52, 0.896 ],
            "1.05": [ 0.528, -3.344, 0.832 ],
            "1.1": [ 0.544, -3.136, 0.768 ],
            "1.15": [ 0.528, -2.944, 0.704 ],
            "1.2": [ 0.48, -2.784, 0.656 ],
            "1.25": [ 0.416, -2.704, 0.624 ],
            "1.3": [ 0.32, -2.72, 0.64 ],
            "1.35": [ 0.208, -2.832, 0.704 ],
            "1.4": [ 0.112, -3.008, 0.768 ],
            "1.45": [ 0, -3.184, 0.832 ]
          },
          "rotation": {
            "0": [ -6.97, -2.88, 0.32 ],
            "0.05": [ -7.04, -3.02, 0.33 ],
            "0.1": [ -7.27, -3.13, 0.35 ],
            "0.15": [ -7.56, -3.19, 0.36 ],
            "0.2": [ -7.89, -3.21, 0.37 ],
            "0.25": [ -8.26, -3.15, 0.37 ],
            "0.3": [ -8.56, -3.01, 0.36 ],
            "0.35": [ -8.67, -2.77, 0.33 ],
            "0.4": [ -8.59, -2.38, 0.28 ],
            "0.45": [ -8.37, -1.69, 0.2 ],
            "0.5": [ -8.08, -0.79, 0.09 ],
            "0.55": [ -7.75, 0.2, -0.02 ],
            "0.6": [ -7.44, 1.17, -0.13 ],
            "0.65": [ -7.19, 2.01, -0.22 ],
            "0.7": [ -7.02, 2.6, -0.28 ],
            "0.75": [ -6.97, 2.86, -0.31 ],
            "0.8": [ -6.98, 2.97, -0.33 ],
            "0.85": [ -7.12, 3.08, -0.34 ],
            "0.9": [ -7.5, 3.16, -0.36 ],
            "0.95": [ -8.01, 3.19, -0.37 ],
            "1": [ -8.45, 3.16, -0.37 ],
            "1.05": [ -8.67, 3.05, -0.37 ],
            "1.1": [ -8.67, 2.84, -0.34 ],
            "1.15": [ -8.52, 2.48, -0.3 ],
            "1.2": [ -8.28, 1.9, -0.23 ],
            "1.25": [ -7.98, 1.14, -0.14 ],
            "1.3": [ -7.67, 0.29, -0.04 ],
            "1.35": [ -7.42, -0.59, 0.06 ],
            "1.4": [ -7.19, -1.43, 0.16 ],
            "1.45": [ -7.02, -2.16, 0.24 ]
          }
        },
        "jaw": {
          "position": {
            "0": [ -1.200582E-15, 9.094947E-15, -1.722132E-14 ],
            "1.45": [ -1.20666E-15, 9.094947E-15, -1.719272E-14 ]
          },
          "rotation": {
            "0": [ 4.68, 0, 0 ],
            "0.05": [ 4.83, 0, 0 ],
            "0.1": [ 5.21, 0, 0 ],
            "0.15": [ 5.73, 0, 0 ],
            "0.2": [ 6.32, 0, 0 ],
            "0.25": [ 6.89, 0, 0 ],
            "0.3": [ 7.35, 0, 0 ],
            "0.35": [ 7.61, 0, 0 ],
            "0.4": [ 7.62, 0, 0 ],
            "0.45": [ 7.54, 0, 0 ],
            "0.5": [ 7.4, 0, 0 ],
            "0.55": [ 7.21, 0, 0 ],
            "0.6": [ 6.97, 0, 0 ],
            "0.65": [ 6.71, 0, 0 ],
            "0.7": [ 6.42, 0, 0 ],
            "0.75": [ 6.12, 0, 0 ],
            "0.8": [ 5.83, 0, 0 ],
            "0.85": [ 5.55, 0, 0 ],
            "0.9": [ 5.29, 0, 0 ],
            "0.95": [ 5.06, 0, 0 ],
            "1": [ 4.88, 0, 0 ],
            "1.05": [ 4.75, 0, 0 ],
            "1.1": [ 4.69, 0, 0 ],
            "1.15": [ 4.68, 0, 0 ],
            "1.45": [ 4.68, 0, 0 ]
          }
        },
        "eyelids": {
          "position": {
            "0": [ -3.067178E-16, 8.707517E-15, -1.664017E-14 ],
            "1.45": [ -3.061886E-16, 8.696076E-15, -1.659441E-14 ]
          },
          "rotation": {
            "0": [ 0, 0, 0 ],
            "1.45": [ 0, 0, 0 ]
          }
        },
        "head": {
          "position": {
            "0": [ 0, -0.304, -1.456 ],
            "0.05": [ 0, -0.288, -1.584 ],
            "0.1": [ 0, -0.256, -1.712 ],
            "0.15": [ 0, -0.24, -1.824 ],
            "0.2": [ 0, -0.24, -1.856 ],
            "0.25": [ 0, -0.256, -1.792 ],
            "0.3": [ 0, -0.288, -1.632 ],
            "0.35": [ 0, -0.304, -1.456 ],
            "0.4": [ 0, -0.336, -1.296 ],
            "0.45": [ 0, -0.352, -1.168 ],
            "0.5": [ 0, -0.352, -1.088 ],
            "0.55": [ -0.016, -0.352, -1.088 ],
            "0.6": [ -0.016, -0.336, -1.136 ],
            "0.65": [ -0.016, -0.304, -1.248 ],
            "0.7": [ -0.016, -0.272, -1.376 ],
            "0.75": [ -0.016, -0.256, -1.488 ],
            "0.8": [ -0.016, -0.24, -1.648 ],
            "0.85": [ -0.016, -0.208, -1.792 ],
            "0.9": [ -0.016, -0.208, -1.856 ],
            "0.95": [ -0.016, -0.224, -1.824 ],
            "1": [ -0.016, -0.256, -1.712 ],
            "1.05": [ 0, -0.288, -1.568 ],
            "1.1": [ 0, -0.32, -1.408 ],
            "1.15": [ 0, -0.352, -1.248 ],
            "1.2": [ 0, -0.368, -1.12 ],
            "1.25": [ 0, -0.384, -1.04 ],
            "1.3": [ 0, -0.384, -1.04 ],
            "1.35": [ 0, -0.368, -1.12 ],
            "1.4": [ 0, -0.352, -1.232 ],
            "1.45": [ 0, -0.32, -1.36 ]
          },
          "rotation": {
            "0": [ 65.39, 0.02, -0.52 ],
            "0.05": [ 66.42, -0.07, -0.47 ],
            "0.1": [ 68.17, -0.25, -0.34 ],
            "0.15": [ 70.26, -0.48, -0.15 ],
            "0.2": [ 72.5, -0.77, 0.11 ],
            "0.25": [ 74.08, -1.07, 0.41 ],
            "0.3": [ 74.59, -1.37, 0.74 ],
            "0.35": [ 73.94, -1.66, 1.07 ],
            "0.4": [ 72.71, -1.92, 1.39 ],
            "0.45": [ 71.34, -2.14, 1.68 ],
            "0.5": [ 70.03, -2.31, 1.92 ],
            "0.55": [ 68.68, -2.4, 2.1 ],
            "0.6": [ 67.19, -2.4, 2.2 ],
            "0.65": [ 65.97, -2.32, 2.22 ],
            "0.7": [ 65.35, -2.19, 2.18 ],
            "0.75": [ 65.4, -2.04, 2.1 ],
            "0.8": [ 66.61, -1.88, 2 ],
            "0.85": [ 68.64, -1.73, 1.88 ],
            "0.9": [ 70.78, -1.6, 1.73 ],
            "0.95": [ 72.66, -1.47, 1.55 ],
            "1": [ 73.99, -1.33, 1.34 ],
            "1.05": [ 74.38, -1.16, 1.1 ],
            "1.1": [ 73.74, -0.97, 0.85 ],
            "1.15": [ 72.52, -0.78, 0.59 ],
            "1.2": [ 71.2, -0.59, 0.34 ],
            "1.25": [ 69.93, -0.41, 0.1 ],
            "1.3": [ 68.64, -0.24, -0.12 ],
            "1.35": [ 67.37, -0.08, -0.31 ],
            "1.4": [ 66.29, 0.04, -0.47 ],
            "1.45": [ 65.65, 0.14, -0.6 ]
          }
        },
        "neck1": {
          "position": {
            "0": [ 0, -0.224, -0.4 ],
            "0.05": [ 0, -0.24, -0.416 ],
            "0.1": [ 0, -0.288, -0.416 ],
            "0.15": [ 0, -0.336, -0.384 ],
            "0.2": [ 0, -0.384, -0.336 ],
            "0.25": [ 0, -0.416, -0.288 ],
            "0.3": [ 0.016, -0.4, -0.24 ],
            "0.35": [ 0.016, -0.384, -0.208 ],
            "0.4": [ 0.016, -0.352, -0.208 ],
            "0.45": [ 0.016, -0.304, -0.208 ],
            "0.5": [ 0.016, -0.272, -0.224 ],
            "0.55": [ 0.016, -0.24, -0.256 ],
            "0.6": [ 0.016, -0.224, -0.32 ],
            "0.65": [ 0.016, -0.208, -0.368 ],
            "0.7": [ 0.016, -0.208, -0.416 ],
            "0.75": [ 0.016, -0.208, -0.464 ],
            "0.8": [ 0.016, -0.224, -0.48 ],
            "0.85": [ 0.016, -0.272, -0.496 ],
            "0.9": [ 0.016, -0.32, -0.464 ],
            "0.95": [ 0.016, -0.352, -0.416 ],
            "1": [ 0.016, -0.368, -0.352 ],
            "1.05": [ 0.016, -0.368, -0.304 ],
            "1.1": [ 0, -0.352, -0.288 ],
            "1.15": [ 0, -0.304, -0.272 ],
            "1.2": [ 0, -0.272, -0.272 ],
            "1.25": [ 0, -0.24, -0.304 ],
            "1.3": [ 0, -0.208, -0.336 ],
            "1.35": [ 0, -0.192, -0.384 ],
            "1.4": [ 0, -0.176, -0.448 ],
            "1.45": [ 0, -0.176, -0.496 ]
          },
          "rotation": {
            "0": [ -17.77, -0.39, -0.17 ],
            "0.05": [ -17.8, -0.33, -0.19 ],
            "0.1": [ -18.48, -0.21, -0.21 ],
            "0.15": [ -19.4, -0.05, -0.23 ],
            "0.2": [ -20.6, 0.15, -0.28 ],
            "0.25": [ -21.75, 0.38, -0.34 ],
            "0.3": [ -22.67, 0.64, -0.42 ],
            "0.35": [ -23.4, 0.95, -0.52 ],
            "0.4": [ -23.95, 1.27, -0.62 ],
            "0.45": [ -24.06, 1.59, -0.7 ],
            "0.5": [ -23.68, 1.9, -0.73 ],
            "0.55": [ -22.84, 2.15, -0.71 ],
            "0.6": [ -21.54, 2.31, -0.63 ],
            "0.65": [ -20.12, 2.38, -0.51 ],
            "0.7": [ -18.94, 2.33, -0.39 ],
            "0.75": [ -18.2, 2.21, -0.3 ],
            "0.8": [ -18.22, 2.01, -0.23 ],
            "0.85": [ -18.87, 1.77, -0.18 ],
            "0.9": [ -19.95, 1.52, -0.17 ],
            "0.95": [ -21.23, 1.28, -0.18 ],
            "1": [ -22.39, 1.05, -0.18 ],
            "1.05": [ -23.13, 0.84, -0.17 ],
            "1.1": [ -23.67, 0.63, -0.16 ],
            "1.15": [ -24.02, 0.42, -0.14 ],
            "1.2": [ -23.96, 0.2, -0.11 ],
            "1.25": [ -23.52, -0.01, -0.09 ],
            "1.3": [ -22.67, -0.22, -0.07 ],
            "1.35": [ -21.44, -0.41, -0.05 ],
            "1.4": [ -19.88, -0.57, -0.04 ],
            "1.45": [ -18.52, -0.7, -0.05 ]
          }
        },
        "neck0": {
          "position": {
            "0": [ 0.048, 0.992, -0.416 ],
            "1.45": [ 0.048, 0.992, -0.416 ]
          },
          "rotation": {
            "0": [ -36.05, -0.2, 0.15 ],
            "0.05": [ -37.23, -0.14, 0.11 ],
            "0.1": [ -39.2, -0.03, 0.02 ],
            "0.15": [ -41.56, 0.13, -0.11 ],
            "0.2": [ -43.78, 0.31, -0.3 ],
            "0.25": [ -45.12, 0.49, -0.49 ],
            "0.3": [ -45.07, 0.67, -0.67 ],
            "0.35": [ -43.85, 0.85, -0.82 ],
            "0.4": [ -42.22, 1.02, -0.93 ],
            "0.45": [ -40.49, 1.18, -1.01 ],
            "0.5": [ -38.91, 1.32, -1.07 ],
            "0.55": [ -37.57, 1.43, -1.1 ],
            "0.6": [ -36.46, 1.51, -1.12 ],
            "0.65": [ -35.73, 1.55, -1.11 ],
            "0.7": [ -35.49, 1.54, -1.1 ],
            "0.75": [ -35.77, 1.49, -1.07 ],
            "0.8": [ -37.13, 1.39, -1.05 ],
            "0.85": [ -39.32, 1.26, -1.03 ],
            "0.9": [ -41.53, 1.12, -0.99 ],
            "0.95": [ -43.29, 0.98, -0.93 ],
            "1": [ -44.33, 0.86, -0.84 ],
            "1.05": [ -44.22, 0.74, -0.72 ],
            "1.1": [ -43.13, 0.64, -0.6 ],
            "1.15": [ -41.55, 0.54, -0.48 ],
            "1.2": [ -39.86, 0.44, -0.36 ],
            "1.25": [ -38.3, 0.34, -0.27 ],
            "1.3": [ -37.06, 0.24, -0.18 ],
            "1.35": [ -36.25, 0.14, -0.1 ],
            "1.4": [ -35.77, 0.05, -0.04 ],
            "1.45": [ -35.55, -0.02, 0.01 ]
          }
        },
        "finger0_r": {
          "position": {
            "0": [ 7.764364E-15, -2.854882E-15, 7.748599E-16 ],
            "1.45": [ 7.758643E-15, -2.872043E-15, 7.977412E-16 ]
          },
          "rotation": {
            "0": [ 0, 0, -11.79 ],
            "1.45": [ 0, 0, -11.79 ]
          }
        },
        "finger1_r": {
          "position": {
            "0": [ -2.467452E-15, 2.080022E-15, -1.968877E-14 ],
            "1.45": [ -2.473172E-15, 2.074302E-15, -1.966589E-14 ]
          },
          "rotation": {
            "0": [ -17.95, 0, 0 ],
            "1.45": [ -17.95, 0, 0 ]
          }
        },
        "finger2_r": {
          "position": {
            "0": [ -1.364242E-14, 6.43378E-15, 9.869807E-15 ],
            "1.45": [ -1.364242E-14, 6.42234E-15, 9.892688E-15 ]
          },
          "rotation": {
            "0": [ 0, 0, 20.37 ],
            "1.45": [ 0, 0, 20.37 ]
          }
        },
        "wrist_r": {
          "position": {
            "0": [ -3.262905E-16, -3.772614E-15, 0 ],
            "1.45": [ -3.191401E-16, -3.749732E-15, 0 ]
          },
          "rotation": {
            "0": [ -34.03, 15.1, -11.64 ],
            "0.05": [ -35.81, 15.21, -11.6 ],
            "0.1": [ -39.9, 15.34, -11.56 ],
            "0.15": [ -44.41, 15.29, -11.59 ],
            "0.2": [ -47.47, 15.13, -11.63 ],
            "0.25": [ -47.59, 15.13, -11.64 ],
            "0.3": [ -45.68, 15.26, -11.6 ],
            "0.35": [ -42.67, 15.38, -11.56 ],
            "0.4": [ -39.3, 15.41, -11.55 ],
            "0.45": [ -36.34, 15.34, -11.57 ],
            "0.5": [ -34.56, 15.25, -11.6 ],
            "0.55": [ -34.32, 15.22, -11.61 ],
            "0.6": [ -34.28, 15.2, -11.61 ],
            "0.65": [ -34.23, 15.18, -11.62 ],
            "0.7": [ -34.2, 15.17, -11.62 ],
            "0.75": [ -34.17, 15.16, -11.63 ],
            "0.8": [ -34.14, 15.14, -11.63 ],
            "0.85": [ -34.11, 15.13, -11.63 ],
            "0.9": [ -34.09, 15.13, -11.64 ],
            "0.95": [ -34.08, 15.12, -11.64 ],
            "1": [ -34.07, 15.11, -11.64 ],
            "1.05": [ -34.06, 15.11, -11.64 ],
            "1.1": [ -34.05, 15.11, -11.64 ],
            "1.15": [ -34.04, 15.1, -11.64 ],
            "1.25": [ -34.04, 15.1, -11.64 ],
            "1.3": [ -34.03, 15.1, -11.64 ],
            "1.45": [ -34.03, 15.1, -11.64 ]
          }
        },
        "elbow_r": {
          "position": {
            "0": [ 1.064225E-14, -7.014925E-15, -6.82121E-15 ],
            "1.45": [ 1.06208E-14, -7.020646E-15, -6.82121E-15 ]
          },
          "rotation": {
            "0": [ -4.21, -20.3, 1.46 ],
            "1.45": [ -4.21, -20.3, 1.46 ]
          }
        },
        "shoulder_r": {
          "position": {
            "0": [ 3.640038E-15, 0.006697528, -3.313748E-15 ],
            "1.45": [ 3.630027E-15, 0.008248597, -3.310887E-15 ]
          },
          "rotation": {
            "0": [ 9.64, 0, 0 ],
            "1.45": [ 9.64, 0, 0 ]
          }
        },
        "finger0_l": {
          "position": {
            "0": [ -9.094947E-15, -4.160044E-15, 2.467452E-15 ],
            "1.45": [ -9.094947E-15, -4.148603E-15, 2.473172E-15 ]
          },
          "rotation": {
            "0": [ 0, 0, 14 ],
            "1.45": [ 0, 0, 14 ]
          }
        },
        "finger1_l": {
          "position": {
            "0": [ -4.842874E-17, -8.126372E-15, -9.094947E-15 ],
            "1.45": [ -4.985882E-17, -8.097771E-15, -9.094947E-15 ]
          },
          "rotation": {
            "0": [ -8.77, 0, 0 ],
            "1.45": [ -8.77, 0, 0 ]
          }
        },
        "finger2_l": {
          "position": {
            "0": [ 1.364242E-14, 5.322333E-15, 4.934903E-15 ],
            "1.45": [ 1.364242E-14, 5.345215E-15, 4.946344E-15 ]
          },
          "rotation": {
            "0": [ 0, 0, -19.45 ],
            "1.45": [ 0, 0, -19.45 ]
          }
        },
        "wrist_l": {
          "position": {
            "0": [ 4.838046E-15, 2.467452E-15, -2.080022E-15 ],
            "1.45": [ 4.846626E-15, 2.473172E-15, -2.074302E-15 ]
          },
          "rotation": {
            "0": [ -30.4, -11.92, 12.01 ],
            "1.45": [ -30.4, -11.92, 12.01 ]
          }
        },
        "elbow_l": {
          "position": {
            "0": [ 3.9179E-15, -7.20864E-15, -6.627495E-15 ],
            "1.45": [ 3.899309E-15, -7.220081E-15, -6.621775E-15 ]
          },
          "rotation": {
            "0": [ -4.15, 17.84, -1.27 ],
            "1.45": [ -4.15, 17.84, -1.27 ]
          }
        },
        "shoulder_l": {
          "position": {
            "0": [ 3.822285E-15, -0.006845841, 0 ],
            "1.45": [ 3.796863E-15, -0.008347118, 0 ]
          },
          "rotation": {
            "0": [ 18.84, 0, 0 ],
            "0.05": [ 19.35, 0, 0 ],
            "0.1": [ 20.41, 0, 0 ],
            "0.15": [ 21.89, 0, 0 ],
            "0.2": [ 23.41, 0, 0 ],
            "0.25": [ 24.59, 0, 0 ],
            "0.3": [ 25.04, 0, 0 ],
            "0.35": [ 24.71, 0, 0 ],
            "0.4": [ 23.89, 0, 0 ],
            "0.45": [ 22.77, 0, 0 ],
            "0.5": [ 21.53, 0, 0 ],
            "0.55": [ 20.35, 0, 0 ],
            "0.6": [ 19.41, 0, 0 ],
            "0.65": [ 18.89, 0, 0 ],
            "0.7": [ 18.95, 0, 0 ],
            "0.75": [ 19.58, 0, 0 ],
            "0.8": [ 20.59, 0, 0 ],
            "0.85": [ 21.81, 0, 0 ],
            "0.9": [ 23.04, 0, 0 ],
            "0.95": [ 24.12, 0, 0 ],
            "1": [ 24.85, 0, 0 ],
            "1.05": [ 25.06, 0, 0 ],
            "1.1": [ 24.45, 0, 0 ],
            "1.15": [ 23.2, 0, 0 ],
            "1.2": [ 21.66, 0, 0 ],
            "1.25": [ 20.19, 0, 0 ],
            "1.3": [ 19.14, 0, 0 ],
            "1.35": [ 18.84, 0, 0 ],
            "1.45": [ 18.84, 0, 0 ]
          }
        },
        "chest": {
          "position": {
            "0": [ -0.048, 0.128, -0.128 ],
            "0.05": [ -0.064, 0.128, -0.112 ],
            "0.1": [ -0.064, 0.096, -0.096 ],
            "0.15": [ -0.064, 0.064, -0.064 ],
            "0.2": [ -0.08, 0.032, -0.032 ],
            "0.25": [ -0.064, 0, 0 ],
            "0.3": [ -0.064, -0.016, 0.032 ],
            "0.35": [ -0.064, -0.032, 0.032 ],
            "0.4": [ -0.048, -0.016, 0.016 ],
            "0.45": [ -0.032, 0, 0 ],
            "0.5": [ -0.016, 0.032, -0.032 ],
            "0.55": [ 0, 0.048, -0.064 ],
            "0.6": [ 0.016, 0.08, -0.08 ],
            "0.65": [ 0.032, 0.112, -0.112 ],
            "0.7": [ 0.032, 0.128, -0.128 ],
            "0.75": [ 0.048, 0.128, -0.128 ],
            "0.8": [ 0.064, 0.128, -0.128 ],
            "0.85": [ 0.064, 0.112, -0.112 ],
            "0.9": [ 0.064, 0.064, -0.08 ],
            "0.95": [ 0.064, 0.032, -0.032 ],
            "1": [ 0.08, -0.016, 0.016 ],
            "1.05": [ 0.064, -0.032, 0.032 ],
            "1.1": [ 0.064, -0.032, 0.032 ],
            "1.15": [ 0.064, -0.016, 0.016 ],
            "1.2": [ 0.048, 0, 0 ],
            "1.25": [ 0.032, 0.032, -0.032 ],
            "1.3": [ 0.016, 0.064, -0.064 ],
            "1.35": [ 0, 0.08, -0.08 ],
            "1.4": [ -0.016, 0.112, -0.112 ],
            "1.45": [ -0.032, 0.128, -0.128 ]
          },
          "rotation": {
            "0": [ -5.09, 1.9, -0.02 ],
            "0.05": [ -4.76, 2.32, -0.03 ],
            "0.1": [ -3.85, 2.65, -0.06 ],
            "0.15": [ -2.7, 2.89, -0.08 ],
            "0.2": [ -1.41, 3.02, -0.1 ],
            "0.25": [ -0.08, 3.01, -0.09 ],
            "0.3": [ 0.91, 2.83, -0.06 ],
            "0.35": [ 1.21, 2.48, -0.03 ],
            "0.4": [ 0.84, 1.95, -0.01 ],
            "0.45": [ 0.04, 1.33, 0 ],
            "0.5": [ -1.03, 0.68, 0.01 ],
            "0.55": [ -2.21, 0.03, 0.01 ],
            "0.6": [ -3.34, -0.57, 0.02 ],
            "0.65": [ -4.27, -1.09, 0.02 ],
            "0.7": [ -4.89, -1.49, 0.02 ],
            "0.75": [ -5.09, -1.83, 0.02 ],
            "0.8": [ -4.93, -2.15, 0.04 ],
            "0.85": [ -4.3, -2.48, 0.08 ],
            "0.9": [ -2.87, -2.76, 0.09 ],
            "0.95": [ -1.03, -2.98, 0.09 ],
            "1": [ 0.51, -3.08, 0.07 ],
            "1.05": [ 1.24, -3.04, 0.05 ],
            "1.1": [ 1.19, -2.83, 0.03 ],
            "1.15": [ 0.6, -2.41, 0.02 ],
            "1.2": [ -0.31, -1.86, 0.01 ],
            "1.25": [ -1.4, -1.22, 0 ],
            "1.3": [ -2.51, -0.52, -0.01 ],
            "1.35": [ -3.41, 0.19, -0.01 ],
            "1.4": [ -4.24, 0.87, -0.01 ],
            "1.45": [ -4.9, 1.49, -0.01 ]
          }
        },
        "spine0": {
          "position": {
            "0": [ 0, 0, 0 ],
            "1.45": [ 0, 0, 0 ]
          },
          "rotation": {
            "0": [ 1.39, 3.99, 0.05 ],
            "0.05": [ 1.77, 3.62, 0.05 ],
            "0.1": [ 2.57, 3.13, 0.04 ],
            "0.15": [ 3.6, 2.55, 0.02 ],
            "0.2": [ 4.52, 1.92, -0.02 ],
            "0.25": [ 4.99, 1.28, -0.05 ],
            "0.3": [ 4.85, 0.67, -0.07 ],
            "0.35": [ 4.37, 0.11, -0.08 ],
            "0.4": [ 3.9, -0.42, -0.08 ],
            "0.45": [ 3.42, -1.11, -0.09 ],
            "0.5": [ 2.94, -1.92, -0.09 ],
            "0.55": [ 2.48, -2.73, -0.09 ],
            "0.6": [ 2.05, -3.43, -0.09 ],
            "0.65": [ 1.7, -3.92, -0.07 ],
            "0.7": [ 1.47, -4.1, -0.06 ],
            "0.75": [ 1.4, -3.91, -0.05 ],
            "0.8": [ 1.98, -3.49, -0.04 ],
            "0.85": [ 3.03, -2.98, -0.03 ],
            "0.9": [ 3.91, -2.42, -0.01 ],
            "0.95": [ 4.45, -1.83, 0.01 ],
            "1": [ 4.72, -1.25, 0.04 ],
            "1.05": [ 4.62, -0.69, 0.07 ],
            "1.1": [ 4.26, -0.2, 0.08 ],
            "1.15": [ 3.81, 0.25, 0.08 ],
            "1.2": [ 3.3, 0.78, 0.08 ],
            "1.25": [ 2.79, 1.37, 0.08 ],
            "1.3": [ 2.37, 1.97, 0.07 ],
            "1.35": [ 2.02, 2.55, 0.07 ],
            "1.4": [ 1.71, 3.04, 0.06 ],
            "1.45": [ 1.46, 3.42, 0.05 ]
          }
        },
        "tail_2": {
          "position": {
            "0": [ -1.770437E-12, 9.607809E-14, 9.869807E-15 ],
            "1.45": [ -1.771098E-12, 9.609525E-14, 9.892688E-15 ]
          },
          "rotation": {
            "0": [ -7.11, 12.97, -1.08 ],
            "0.05": [ -3.3, 11.4, -0.29 ],
            "0.1": [ 3.21, 10.39, 0.61 ],
            "0.15": [ 6.32, 7.31, 1.03 ],
            "0.2": [ 6.38, 2.94, 0.71 ],
            "0.25": [ 8.86, 0.08, 0.98 ],
            "0.3": [ 16.51, -1.94, 1.84 ],
            "0.35": [ 22.6, -3.73, 2.66 ],
            "0.4": [ 20.33, -4.48, 2.24 ],
            "0.45": [ 9.82, -4.51, 0.64 ],
            "0.5": [ 1.3, -5.06, -0.22 ],
            "0.55": [ -3.54, -5.84, -0.32 ],
            "0.6": [ -5.75, -6.17, -0.33 ],
            "0.65": [ -6.6, -5.82, -0.58 ],
            "0.7": [ -6.01, -4.74, -0.82 ],
            "0.75": [ -4.19, -3.01, -0.97 ],
            "0.8": [ -0.72, -0.29, -0.91 ],
            "0.85": [ 3.47, 2.52, -0.47 ],
            "0.9": [ 5.56, 4.37, 0.07 ],
            "0.95": [ 6.25, 5.76, 0.52 ],
            "1": [ 9.24, 6.81, 1.26 ],
            "1.05": [ 16.98, 7.55, 2.73 ],
            "1.1": [ 23.05, 7.96, 4.39 ],
            "1.15": [ 20.79, 8.81, 4.86 ],
            "1.2": [ 10.08, 10.29, 3.15 ],
            "1.25": [ 0.56, 11.52, 1 ],
            "1.3": [ -5.55, 12.47, -0.63 ],
            "1.35": [ -8.16, 13.04, -1.39 ],
            "1.4": [ -8.67, 13.21, -1.5 ],
            "1.45": [ -6.99, 12.97, -1.05 ]
          }
        },
        "tail_1": {
          "position": {
            "0": [ -4.747636E-13, 3.8743E-16, -4.741189E-15 ],
            "1.45": [ -4.747622E-13, 3.988706E-16, -4.746909E-15 ]
          },
          "rotation": {
            "0": [ 0.37, 6.05, -0.38 ],
            "0.05": [ 3.4, 5.07, -0.41 ],
            "0.1": [ 4, 3.16, -0.38 ],
            "0.15": [ 4.42, 1.95, -0.3 ],
            "0.2": [ 7.92, 1.51, -0.12 ],
            "0.25": [ 12.41, 1.13, -0.18 ],
            "0.3": [ 13.04, 0.75, -0.14 ],
            "0.35": [ 8.24, 0.33, -0.1 ],
            "0.4": [ 1.63, -0.15, -0.08 ],
            "0.45": [ -1.86, -0.8, -0.17 ],
            "0.5": [ -3.54, -1.3, -0.47 ],
            "0.55": [ -4.28, -1.39, -0.74 ],
            "0.6": [ -4.13, -1.03, -0.98 ],
            "0.65": [ -3.19, -0.25, -1.11 ],
            "0.7": [ -1.51, 0.93, -1.1 ],
            "0.75": [ 0.93, 2.44, -0.93 ],
            "0.8": [ 2.87, 3.54, -0.62 ],
            "0.85": [ 3.65, 4.15, -0.33 ],
            "0.9": [ 4.48, 4.55, -0.09 ],
            "0.95": [ 8, 4.92, 0.34 ],
            "1": [ 12.41, 5.18, 0.9 ],
            "1.05": [ 12.94, 5.4, 1.13 ],
            "1.1": [ 8.15, 5.75, 0.7 ],
            "1.15": [ 1.26, 6.09, 0.04 ],
            "1.2": [ -2.92, 6.48, -0.27 ],
            "1.25": [ -4.97, 6.76, -0.33 ],
            "1.3": [ -5.59, 6.77, -0.21 ],
            "1.35": [ -4.85, 6.51, -0.09 ],
            "1.4": [ -2.93, 5.99, -0.07 ],
            "1.45": [ 0.16, 5.24, -0.17 ]
          }
        },
        "tail_0": {
          "position": {
            "0": [ 0.032, 0.544, -0.032 ],
            "0.05": [ 0.032, 0.544, -0.032 ],
            "0.1": [ 0.048, 0.56, -0.032 ],
            "0.15": [ 0.048, 0.592, -0.048 ],
            "0.2": [ 0.064, 0.608, -0.048 ],
            "0.25": [ 0.064, 0.64, -0.048 ],
            "0.3": [ 0.064, 0.656, -0.048 ],
            "0.35": [ 0.048, 0.672, -0.048 ],
            "0.4": [ 0.048, 0.656, -0.048 ],
            "0.45": [ 0.032, 0.64, -0.048 ],
            "0.5": [ 0.016, 0.624, -0.048 ],
            "0.55": [ 0.016, 0.608, -0.048 ],
            "0.6": [ 0, 0.576, -0.032 ],
            "0.65": [ -0.016, 0.56, -0.032 ],
            "0.7": [ -0.016, 0.544, -0.032 ],
            "0.75": [ -0.032, 0.544, -0.032 ],
            "0.8": [ -0.032, 0.544, -0.032 ],
            "0.85": [ -0.048, 0.56, -0.032 ],
            "0.9": [ -0.048, 0.576, -0.048 ],
            "0.95": [ -0.064, 0.624, -0.048 ],
            "1": [ -0.064, 0.656, -0.048 ],
            "1.05": [ -0.064, 0.672, -0.048 ],
            "1.1": [ -0.064, 0.672, -0.048 ],
            "1.15": [ -0.048, 0.656, -0.048 ],
            "1.2": [ -0.048, 0.64, -0.048 ],
            "1.25": [ -0.032, 0.624, -0.048 ],
            "1.3": [ -0.016, 0.592, -0.048 ],
            "1.35": [ 0, 0.576, -0.032 ],
            "1.4": [ 0.016, 0.56, -0.032 ],
            "1.45": [ 0.016, 0.544, -0.032 ]
          },
          "rotation": {
            "0": [ 17.48, -5.46, -2.51 ],
            "0.05": [ 17.5, -5.14, -2.48 ],
            "0.1": [ 17.34, -4.53, -2.36 ],
            "0.15": [ 16.63, -3.71, -2.12 ],
            "0.2": [ 14.47, -2.75, -1.75 ],
            "0.25": [ 11.2, -1.68, -1.37 ],
            "0.3": [ 8.22, -0.52, -1.09 ],
            "0.35": [ 6.89, 0.68, -0.91 ],
            "0.4": [ 7.32, 1.86, -0.73 ],
            "0.45": [ 8.49, 2.96, -0.48 ],
            "0.5": [ 10.16, 3.94, -0.14 ],
            "0.55": [ 12.09, 4.74, 0.27 ],
            "0.6": [ 14.05, 5.32, 0.69 ],
            "0.65": [ 15.77, 5.62, 1.07 ],
            "0.7": [ 17, 5.64, 1.33 ],
            "0.75": [ 17.48, 5.35, 1.4 ],
            "0.8": [ 17.43, 4.8, 1.33 ],
            "0.85": [ 17.16, 4.03, 1.15 ],
            "0.9": [ 16.45, 3.1, 0.9 ],
            "0.95": [ 14.42, 2.04, 0.55 ],
            "1": [ 11.27, 0.9, 0.21 ],
            "1.05": [ 8.29, -0.29, -0.02 ],
            "1.1": [ 6.91, -1.45, -0.16 ],
            "1.15": [ 7.45, -2.53, -0.31 ],
            "1.2": [ 8.99, -3.49, -0.58 ],
            "1.25": [ 11.14, -4.28, -0.99 ],
            "1.3": [ 13.5, -4.87, -1.49 ],
            "1.35": [ 15.71, -5.23, -1.99 ],
            "1.4": [ 17.27, -5.38, -2.36 ],
            "1.45": [ 17.78, -5.33, -2.5 ]
          }
        },
        "toe0_r": {
          "position": {
            "0": [ 6.350379E-13, -0.048, 0.1537375 ],
            "1.45": [ 6.350407E-13, -0.048, 0.1517046 ]
          },
          "rotation": {
            "0": [ -26.06, -7.87, 3.83 ],
            "1.45": [ -26.06, -7.87, 3.83 ]
          }
        },
        "toe1_r": {
          "position": {
            "0": [ 0, -3.294682E-16, -8.284369E-16 ],
            "1.45": [ 0, -3.26608E-16, -8.277219E-16 ]
          },
          "rotation": {
            "0": [ 0, 0, 0 ],
            "1.45": [ 0, 0, 0 ]
          }
        },
        "toe2_r": {
          "position": {
            "0": [ 0, 0, 0 ],
            "0.9": [ 0, 0, 0 ],
            "0.95": [ 0, 0, -0.016 ],
            "1": [ 0, 0, -0.048 ],
            "1.05": [ 0, -0.016, -0.08 ],
            "1.1": [ 0, -0.016, -0.112 ],
            "1.2": [ 0, -0.016, -0.112 ],
            "1.25": [ 0, -0.016, -0.096 ],
            "1.3": [ 0, 0, -0.048 ],
            "1.35": [ 0, 0, 0 ],
            "1.45": [ 0, 0, 0 ]
          },
          "rotation": {
            "0": [ 0, 30.11, 0 ],
            "0.7": [ 0, 30.11, 0 ],
            "0.75": [ 0, 30.06, 0 ],
            "0.8": [ 0, 26.25, 0 ],
            "0.85": [ 0, 19.71, 0 ],
            "0.9": [ 0.04, 14.99, 0.01 ],
            "0.95": [ 2.47, 12.2, 0.52 ],
            "1": [ 7.1, 9.87, 1.22 ],
            "1.05": [ 11.88, 8.17, 1.71 ],
            "1.1": [ 14.81, 7.32, 1.93 ],
            "1.15": [ 14.99, 7.26, 1.94 ],
            "1.2": [ 14.38, 7.28, 1.86 ],
            "1.25": [ 12.51, 7.34, 1.62 ],
            "1.3": [ 5.69, 8.21, 0.81 ],
            "1.35": [ 0, 11.78, 0 ],
            "1.4": [ 0, 18.35, 0 ],
            "1.45": [ 0, 26.19, 0 ]
          }
        },
        "foot_r": {
          "position": {
            "0": [ 0, 0, 0 ],
            "1.45": [ 0, 0, 0 ]
          },
          "rotation": {
            "0": [ 27.86, -0.6, -0.17 ],
            "0.05": [ 25.21, -0.82, 0.06 ],
            "0.1": [ 22.66, -1.02, 0.34 ],
            "0.15": [ 20.24, -1.21, 0.64 ],
            "0.2": [ 17.75, -1.35, 0.92 ],
            "0.25": [ 15.21, -1.43, 1.16 ],
            "0.3": [ 12.7, -1.47, 1.32 ],
            "0.35": [ 10.27, -1.47, 1.4 ],
            "0.4": [ 7.94, -1.42, 1.37 ],
            "0.45": [ 5.82, -1.32, 1.25 ],
            "0.5": [ 3.82, -1.2, 1.07 ],
            "0.55": [ 1.86, -1.08, 0.85 ],
            "0.6": [ -0.04, -0.95, 0.61 ],
            "0.65": [ -2.07, -0.82, 0.35 ],
            "0.7": [ -4.57, -0.69, 0.1 ],
            "0.75": [ -6.92, -0.56, -0.11 ],
            "0.8": [ 3.84, -0.35, -0.33 ],
            "0.85": [ 22.94, -0.07, -0.57 ],
            "0.9": [ 32.48, 0.16, -0.84 ],
            "0.95": [ 40.9, -0.18, -1.11 ],
            "1": [ 56.96, -1.23, -1.42 ],
            "1.05": [ 76.27, -2.61, -1.68 ],
            "1.1": [ 94.51, -3.37, -1.6 ],
            "1.15": [ 107.75, -3.11, -1.22 ],
            "1.2": [ 115.69, -2.41, -0.6 ],
            "1.25": [ 113.09, -1.91, -0.09 ],
            "1.3": [ 93.33, -1.73, 0.31 ],
            "1.35": [ 62.88, -1.18, 0.55 ],
            "1.4": [ 35.39, -0.59, 0.51 ],
            "1.45": [ 27.53, -0.48, 0.11 ]
          }
        },
        "knee_r": {
          "position": {
            "0": [ 0, 0, 0 ],
            "1.45": [ 0, 0, 0 ]
          },
          "rotation": {
            "0": [ -26.42, 0, 0 ],
            "0.05": [ -30.26, 0, 0 ],
            "0.1": [ -33.84, 0, 0 ],
            "0.15": [ -37.17, 0, 0 ],
            "0.2": [ -39.98, 0, 0 ],
            "0.25": [ -42, 0, 0 ],
            "0.3": [ -43.27, 0, 0 ],
            "0.35": [ -43.85, 0, 0 ],
            "0.4": [ -43.88, 0, 0 ],
            "0.45": [ -43.63, 0, 0 ],
            "0.5": [ -43.28, 0, 0 ],
            "0.55": [ -43.08, 0, 0 ],
            "0.6": [ -43.14, 0, 0 ],
            "0.65": [ -43.16, 0, 0 ],
            "0.7": [ -42.52, 0, 0 ],
            "0.75": [ -41.38, 0, 0 ],
            "0.8": [ -47.38, 0, 0 ],
            "0.85": [ -57.15, 0, 0 ],
            "0.9": [ -61.92, 0, 0 ],
            "0.95": [ -70.23, 0, 0 ],
            "1": [ -82.56, 0, 0 ],
            "1.05": [ -93.42, 0, 0 ],
            "1.1": [ -98.97, 0, 0 ],
            "1.15": [ -95.06, 0, 0 ],
            "1.2": [ -82.97, 0, 0 ],
            "1.25": [ -70.86, 0, 0 ],
            "1.3": [ -58.89, 0, 0 ],
            "1.35": [ -38.22, 0, 0 ],
            "1.4": [ -18.25, 0, 0 ],
            "1.45": [ -19.06, 0, 0 ]
          }
        },
        "hip_r": {
          "position": {
            "0": [ 0, 0, 0 ],
            "1.45": [ 0, 0, 0 ]
          },
          "rotation": {
            "0": [ 33.43, 0, 0 ],
            "0.05": [ 41.37, 0, 0 ],
            "0.1": [ 47.54, 0, 0 ],
            "0.15": [ 51.71, 0, 0 ],
            "0.2": [ 53.29, 0, 0 ],
            "0.25": [ 52.83, 0, 0 ],
            "0.3": [ 50.7, 0, 0 ],
            "0.35": [ 47.27, 0, 0 ],
            "0.4": [ 42.95, 0, 0 ],
            "0.45": [ 38.15, 0, 0 ],
            "0.5": [ 33.44, 0, 0 ],
            "0.55": [ 29.44, 0, 0 ],
            "0.6": [ 26.28, 0, 0 ],
            "0.65": [ 23.41, 0, 0 ],
            "0.7": [ 20.44, 0, 0 ],
            "0.75": [ 16.43, 0, 0 ],
            "0.8": [ 20.79, 0, 0 ],
            "0.85": [ 29.93, 0, 0 ],
            "0.9": [ 32.35, 0, 0 ],
            "0.95": [ 44.06, 0, 0 ],
            "1": [ 62.18, 0, 0 ],
            "1.05": [ 76.25, 0, 0 ],
            "1.1": [ 82.51, 0, 0 ],
            "1.15": [ 79.23, 0, 0 ],
            "1.2": [ 69.67, 0, 0 ],
            "1.25": [ 62.54, 0, 0 ],
            "1.3": [ 64.75, 0, 0 ],
            "1.35": [ 57.7, 0, 0 ],
            "1.4": [ 40.7, 0, 0 ],
            "1.45": [ 31.6, 0, 0 ]
          }
        },
        "rump_r": {
          "position": {
            "0": [ 0, -0.096, -0.016 ],
            "0.05": [ -0.016, -0.096, -0.016 ],
            "0.1": [ -0.016, -0.096, -0.016 ],
            "0.15": [ -0.016, -0.096, 0 ],
            "0.35": [ -0.016, -0.096, 0 ],
            "0.4": [ -0.016, -0.096, -0.016 ],
            "0.45": [ 0, -0.096, -0.016 ],
            "0.5": [ 0, -0.096, 0 ],
            "0.6": [ 0, -0.096, 0 ],
            "0.65": [ 0, -0.096, 0.016 ],
            "0.75": [ 0, -0.096, 0.016 ],
            "0.8": [ 0, -0.112, 0.016 ],
            "0.9": [ 0, -0.112, 0.016 ],
            "0.95": [ 0.016, -0.128, 0 ],
            "1": [ 0.016, -0.144, -0.016 ],
            "1.05": [ 0.016, -0.144, -0.048 ],
            "1.1": [ 0.016, -0.128, -0.064 ],
            "1.15": [ 0.016, -0.096, -0.064 ],
            "1.2": [ 0, -0.096, -0.032 ],
            "1.25": [ 0, -0.08, -0.032 ],
            "1.3": [ 0, -0.08, -0.016 ],
            "1.35": [ 0, -0.08, -0.016 ],
            "1.4": [ 0, -0.096, -0.016 ],
            "1.45": [ 0, -0.096, -0.016 ]
          },
          "rotation": {
            "0": [ -27.91, 3.52, -0.02 ],
            "0.05": [ -29.31, 3.79, -0.28 ],
            "0.1": [ -29.14, 4.04, -0.55 ],
            "0.15": [ -27.29, 4.25, -0.83 ],
            "0.2": [ -23.26, 4.4, -1.06 ],
            "0.25": [ -17.9, 4.45, -1.24 ],
            "0.3": [ -11.7, 4.4, -1.34 ],
            "0.35": [ -5.13, 4.21, -1.35 ],
            "0.4": [ 1.49, 3.82, -1.28 ],
            "0.45": [ 7.97, 3.08, -1.14 ],
            "0.5": [ 14.06, 2.08, -0.96 ],
            "0.55": [ 19.51, 0.96, -0.75 ],
            "0.6": [ 24.35, -0.16, -0.5 ],
            "0.65": [ 29, -1.15, -0.24 ],
            "0.7": [ 33.66, -1.92, 0 ],
            "0.75": [ 39.01, -2.36, 0.2 ],
            "0.8": [ 42.83, -2.75, 0.37 ],
            "0.85": [ 44.42, -3.2, 0.52 ],
            "0.9": [ 46.04, -3.57, 0.7 ],
            "0.95": [ 37.95, -3.26, 1.05 ],
            "1": [ 22.78, -2.01, 1.38 ],
            "1.05": [ 7.01, -0.2, 1.09 ],
            "1.1": [ -7.91, 0.86, -0.03 ],
            "1.15": [ -22.02, 0.7, -1.02 ],
            "1.2": [ -35.09, 0.14, -1.45 ],
            "1.25": [ -42.81, 0.12, -1.45 ],
            "1.3": [ -49.22, 0.75, -1.41 ],
            "1.35": [ -50.45, 1.32, -1.07 ],
            "1.4": [ -42.98, 1.81, -0.66 ],
            "1.45": [ -32.45, 2.59, -0.24 ]
          }
        },
        "toe0_l": {
          "position": {
            "0": [ 0, -0.048, 0.176 ],
            "1.45": [ 0, -0.048, 0.176 ]
          },
          "rotation": {
            "0": [ -26.06, 7.87, -3.83 ],
            "1.45": [ -26.06, 7.87, -3.83 ]
          }
        },
        "toe1_l": {
          "position": {
            "0": [ 1.330583E-15, -1.784301E-16, -1.372657E-15 ],
            "1.45": [ 1.336304E-15, -1.795027E-16, -1.371227E-15 ]
          },
          "rotation": {
            "0": [ 0, 0, 0 ],
            "1.45": [ 0, 0, 0 ]
          }
        },
        "toe2_l": {
          "position": {
            "0": [ 0, 2.159791E-16, 0 ],
            "0.05": [ 0, 2.159694E-16, 0 ],
            "0.1": [ 0, 2.159413E-16, -0.016 ],
            "0.15": [ 0, 2.158961E-16, -0.016 ],
            "0.2": [ 0, 2.158352E-16, -0.032 ],
            "0.25": [ 0, 2.157599E-16, -0.032 ],
            "0.3": [ 0, 2.156717E-16, -0.048 ],
            "0.35": [ 0.016, 2.155718E-16, -0.048 ],
            "0.4": [ 0.016, 2.154618E-16, -0.048 ],
            "0.45": [ 0, 2.153428E-16, -0.048 ],
            "0.5": [ 0, 2.152163E-16, -0.032 ],
            "0.55": [ 0, 2.150837E-16, -0.032 ],
            "0.6": [ 0, 2.149463E-16, -0.016 ],
            "0.65": [ 0, 2.148054E-16, -0.016 ],
            "0.7": [ 0, 2.146626E-16, 0 ],
            "1.45": [ 0, 2.132025E-16, 0 ]
          },
          "rotation": {
            "0": [ 0, -23.89, 0 ],
            "0.05": [ 0.37, -21.92, -0.08 ],
            "0.1": [ 1.31, -17.41, -0.19 ],
            "0.15": [ 2.6, -12.41, -0.15 ],
            "0.2": [ 4.05, -9.02, 0.01 ],
            "0.25": [ 5.44, -8.57, 0.05 ],
            "0.3": [ 6.56, -8.66, 0.05 ],
            "0.35": [ 7.2, -8.92, 0.03 ],
            "0.4": [ 7.16, -9.69, -0.07 ],
            "0.45": [ 6.46, -11.96, -0.33 ],
            "0.5": [ 5.32, -15.35, -0.59 ],
            "0.55": [ 3.94, -19.33, -0.72 ],
            "0.6": [ 2.51, -23.35, -0.64 ],
            "0.65": [ 1.23, -26.83, -0.39 ],
            "0.7": [ 0.3, -29.23, -0.11 ],
            "0.75": [ 0, -29.99, 0 ],
            "1.45": [ 0, -29.99, 0 ]
          }
        },
        "foot_l": {
          "position": {
            "0": [ 0, 0, 0 ],
            "1.45": [ 0, 0, 0 ]
          },
          "rotation": {
            "0": [ -6.53, 0.58, 0.09 ],
            "0.05": [ 4.07, 0.42, 0.31 ],
            "0.1": [ 19.88, 0.14, 0.56 ],
            "0.15": [ 32.19, -0.15, 0.81 ],
            "0.2": [ 39.2, 0.16, 0.95 ],
            "0.25": [ 54.51, 1.27, 0.95 ],
            "0.3": [ 73.64, 2.72, 0.83 ],
            "0.35": [ 92.36, 3.52, 0.61 ],
            "0.4": [ 106.38, 3.35, 0.3 ],
            "0.45": [ 116.07, 2.68, -0.2 ],
            "0.5": [ 114.65, 2.09, -0.58 ],
            "0.55": [ 97.15, 1.86, -0.76 ],
            "0.6": [ 65.48, 1.23, -0.77 ],
            "0.65": [ 37.13, 0.65, -0.53 ],
            "0.7": [ 27.29, 0.5, -0.12 ],
            "0.75": [ 27.51, 0.64, 0.15 ],
            "0.8": [ 25.52, 0.85, -0.08 ],
            "0.85": [ 22.67, 1.06, -0.37 ],
            "0.9": [ 19.94, 1.23, -0.67 ],
            "0.95": [ 17.46, 1.34, -0.95 ],
            "1": [ 14.98, 1.39, -1.19 ],
            "1.05": [ 12.54, 1.4, -1.35 ],
            "1.1": [ 10.12, 1.37, -1.42 ],
            "1.15": [ 7.88, 1.33, -1.37 ],
            "1.2": [ 6.01, 1.26, -1.23 ],
            "1.25": [ 3.77, 1.15, -1.04 ],
            "1.3": [ 0.79, 1.03, -0.82 ],
            "1.35": [ -2.17, 0.92, -0.58 ],
            "1.4": [ -5.07, 0.81, -0.33 ],
            "1.45": [ -6.65, 0.69, -0.08 ]
          }
        },
        "knee_l": {
          "position": {
            "0": [ 0, 0, 0 ],
            "1.45": [ 0, 0, 0 ]
          },
          "rotation": {
            "0": [ -41.72, 0, 0 ],
            "0.05": [ -48.19, 0, 0 ],
            "0.1": [ -56.17, 0, 0 ],
            "0.15": [ -61.65, 0, 0 ],
            "0.2": [ -68.64, 0, 0 ],
            "0.25": [ -80.89, 0, 0 ],
            "0.3": [ -92.19, 0, 0 ],
            "0.35": [ -98.76, 0, 0 ],
            "0.4": [ -96.09, 0, 0 ],
            "0.45": [ -84.76, 0, 0 ],
            "0.5": [ -72.14, 0, 0 ],
            "0.55": [ -61.92, 0, 0 ],
            "0.6": [ -40.1, 0, 0 ],
            "0.65": [ -19.57, 0, 0 ],
            "0.7": [ -17.61, 0, 0 ],
            "0.75": [ -27.01, 0, 0 ],
            "0.8": [ -31.71, 0, 0 ],
            "0.85": [ -34.74, 0, 0 ],
            "0.9": [ -37.48, 0, 0 ],
            "0.95": [ -40.06, 0, 0 ],
            "1": [ -42.01, 0, 0 ],
            "1.05": [ -43.28, 0, 0 ],
            "1.1": [ -43.87, 0, 0 ],
            "1.15": [ -44.03, 0, 0 ],
            "1.2": [ -44.09, 0, 0 ],
            "1.25": [ -43.47, 0, 0 ],
            "1.3": [ -42.25, 0, 0 ],
            "1.35": [ -41.4, 0, 0 ],
            "1.4": [ -40.59, 0, 0 ],
            "1.45": [ -40.8, 0, 0 ]
          }
        },
        "hip_l": {
          "position": {
            "0": [ -1.185297E-15, 0, 0 ],
            "1.45": [ -1.186727E-15, 0, 0 ]
          },
          "rotation": {
            "0": [ 17.38, 0, 0 ],
            "0.05": [ 24.3, 0, 0 ],
            "0.1": [ 30.4, 0, 0 ],
            "0.15": [ 32.35, 0, 0 ],
            "0.2": [ 41.99, 0, 0 ],
            "0.25": [ 60.16, 0, 0 ],
            "0.3": [ 74.95, 0, 0 ],
            "0.35": [ 82.31, 0, 0 ],
            "0.4": [ 79.98, 0, 0 ],
            "0.45": [ 70.81, 0, 0 ],
            "0.5": [ 62.7, 0, 0 ],
            "0.55": [ 65.38, 0, 0 ],
            "0.6": [ 58.83, 0, 0 ],
            "0.65": [ 42.6, 0, 0 ],
            "0.7": [ 32.11, 0, 0 ],
            "0.75": [ 34.75, 0, 0 ],
            "0.8": [ 42.27, 0, 0 ],
            "0.85": [ 48.27, 0, 0 ],
            "0.9": [ 52.01, 0, 0 ],
            "0.95": [ 53.33, 0, 0 ],
            "1": [ 52.66, 0, 0 ],
            "1.05": [ 50.37, 0, 0 ],
            "1.1": [ 46.82, 0, 0 ],
            "1.15": [ 42.3, 0, 0 ],
            "1.2": [ 37.1, 0, 0 ],
            "1.25": [ 32.51, 0, 0 ],
            "1.3": [ 29.77, 0, 0 ],
            "1.35": [ 28.03, 0, 0 ],
            "1.4": [ 26.36, 0, 0 ],
            "1.45": [ 22.72, 0, 0 ]
          }
        },
        "rump_l": {
          "position": {
            "0": [ 0, -0.096, 0.016 ],
            "0.05": [ 0, -0.112, 0.016 ],
            "0.1": [ 0, -0.1170773, 0.016 ],
            "0.15": [ -0.016, -0.121472, 0.016 ],
            "0.2": [ -0.016, -0.124928, 0 ],
            "0.25": [ -0.016, -0.1271893, -0.016 ],
            "0.3": [ -0.016, -0.128, -0.048 ],
            "0.35": [ -0.016, -0.112, -0.064 ],
            "0.4": [ 0, -0.08, -0.048 ],
            "0.45": [ 0, -0.08, -0.032 ],
            "0.5": [ 0, -0.08, -0.016 ],
            "0.6": [ 0, -0.08, -0.016 ],
            "0.65": [ 0, -0.096, -0.016 ],
            "0.7": [ 0, -0.096, -0.032 ],
            "0.75": [ 0, -0.096, -0.032 ],
            "0.8": [ 0.016, -0.096, -0.016 ],
            "0.9": [ 0.016, -0.096, -0.016 ],
            "0.95": [ 0.016, -0.096, 0 ],
            "1.2": [ 0.016, -0.096, 0 ],
            "1.25": [ 0, -0.096, 0 ],
            "1.4": [ 0, -0.096, 0 ],
            "1.45": [ 0, -0.096, 0.016 ]
          },
          "rotation": {
            "0": [ 37.82, 2.35, -0.19 ],
            "0.05": [ 39.26, 2.71, -0.38 ],
            "0.1": [ 42.59, 3.17, -0.53 ],
            "0.15": [ 46.07, 3.59, -0.67 ],
            "0.2": [ 39.46, 3.28, -0.89 ],
            "0.25": [ 24.62, 1.97, -0.95 ],
            "0.3": [ 8.93, 0.21, -0.33 ],
            "0.35": [ -6.03, -0.7, 0.88 ],
            "0.4": [ -20.01, -0.49, 1.81 ],
            "0.45": [ -33.54, 0.03, 2.16 ],
            "0.5": [ -41.78, -0.06, 2.01 ],
            "0.55": [ -48.54, -0.98, 1.85 ],
            "0.6": [ -50.58, -1.82, 1.27 ],
            "0.65": [ -43.92, -2.44, 0.69 ],
            "0.7": [ -33.85, -3.05, 0.24 ],
            "0.75": [ -28.3, -3.53, 0.05 ],
            "0.8": [ -29.12, -3.77, 0.32 ],
            "0.85": [ -29.13, -4.02, 0.6 ],
            "0.9": [ -27.05, -4.23, 0.86 ],
            "0.95": [ -22.81, -4.37, 1.08 ],
            "1": [ -17.3, -4.42, 1.25 ],
            "1.05": [ -11.07, -4.37, 1.35 ],
            "1.1": [ -4.51, -4.2, 1.36 ],
            "1.15": [ 2.27, -3.84, 1.28 ],
            "1.2": [ 9.18, -3.22, 1.13 ],
            "1.25": [ 15.12, -2.38, 0.93 ],
            "1.3": [ 19.34, -1.41, 0.69 ],
            "1.35": [ 22.95, -0.41, 0.43 ],
            "1.4": [ 26.49, 0.59, 0.17 ],
            "1.45": [ 31.73, 1.49, -0.06 ]
          }
        }
      }
    }
  }
}