{
  "format_version": "1.12.0",
  "minecraft:geometry": [
    {
      "description": {
        "identifier": "geometry.seb_acid_toilet",
        "texture_width": 128,
        "texture_height": 128,
        "visible_bounds_width": 3,
        "visible_bounds_height": 10.5,
        "visible_bounds_offset": [
          0,
          4.75,
          0
        ]
      },
      "bones": [
        {
          "name": "Model",
          "pivot": [
            7,
            1,
            -2
          ],
          "rotation": [
            0,
            -90,
            0
          ],
          "cubes": [
            {
              "origin": [
                -1,
                13,
                -3
              ],
              "size": [
                17,
                2,
                16
              ],
              "uv": [
                0,
                16
              ]
            },
            {
              "origin": [
                2,
                10,
                -1
              ],
              "size": [
                11,
                3,
                11
              ],
              "uv": [
                0,
                114
              ]
            },
            {
              "origin": [
                5,
                3,
                0
              ],
              "size": [
                6,
                7,
                9
              ],
              "uv": [
                75,
                89
              ]
            },
            {
              "origin": [
                3,
                1,
                -1
              ],
              "size": [
                10,
                2,
                11
              ],
              "uv": [
                86,
                115
              ]
            }
          ]
        },
        {
          "name": "Model2",
          "pivot": [
            0,
            25,
            0
          ],
          "cubes": [
            {
              "origin": [
                -5,
                15,
                4
              ],
              "size": [
                10,
                16,
                8
              ],
              "uv": [
                -5,
                71
              ]
            },
            {
              "origin": [
                6,
                -9,
                1
              ],
              "size": [
                6,
                16,
                7
              ],
              "pivot": [
                0,
                0,
                0
              ],
              "rotation": [
                90,
                0,
                0
              ],
              "uv": [
                -4,
                72
              ]
            },
            {
              "origin": [
                -11,
                -9,
                1
              ],
              "size": [
                6,
                16,
                7
              ],
              "pivot": [
                0,
                0,
                0
              ],
              "rotation": [
                90,
                0,
                0
              ],
              "uv": [
                -4,
                72
              ]
            },
            {
              "origin": [
                -8,
                15,
                -10
              ],
              "size": [
                3,
                1,
                14
              ],
              "uv": [
                12,
                33
              ]
            },
            {
              "origin": [
                5,
                15,
                -10
              ],
              "size": [
                3,
                1,
                14
              ],
              "uv": [
                18,
                33
              ]
            },
            {
              "origin": [
                -10,
                15,
                -5
              ],
              "size": [
                3,
                1,
                10
              ],
              "pivot": [
                0,
                25,
                0
              ],
              "rotation": [
                0,
                -90,
                0
              ],
              "uv": [
                -8,
                -8
              ]
            }
          ]
        },
        {
          "name": "Head",
          "pivot": [
            0,
            19,
            -2
          ],
          "cubes": [
            {
              "origin": [
                -4,
                19,
                -8
              ],
              "size": [
                8,
                8,
                8
              ],
              "pivot": [
                0,
                1,
                0
              ],
              "rotation": [
                -5,
                0,
                0
              ],
              "uv": [
                0,
                0
              ]
            },
            {
              "origin": [
                -1,
                27,
                -8
              ],
              "size": [
                2,
                5,
                8
              ],
              "pivot": [
                0,
                1,
                0
              ],
              "rotation": [
                -5,
                0,
                0
              ],
              "uv": [
                84,
                40
              ]
            },
            {
              "origin": [
                -1,
                27.52711,
                -4.92729
              ],
              "size": [
                2,
                5,
                7
              ],
              "pivot": [
                0,
                25,
                -5
              ],
              "rotation": [
                -6.51543,
                -39.8173,
                4.18273
              ],
              "uv": [
                85,
                41
              ]
            },
            {
              "origin": [
                -1,
                27.52711,
                -4.92729
              ],
              "size": [
                2,
                5,
                7
              ],
              "pivot": [
                0,
                25,
                -5
              ],
              "rotation": [
                -6.0963,
                34.84748,
                -3.49226
              ],
              "uv": [
                85,
                41
              ]
            },
            {
              "origin": [
                -4,
                22,
                -9
              ],
              "size": [
                8,
                4,
                1
              ],
              "pivot": [
                0,
                1,
                0
              ],
              "rotation": [
                -5,
                0,
                0
              ],
              "uv": [
                93,
                64
              ]
            },
            {
              "origin": [
                -4,
                26,
                -9
              ],
              "size": [
                8,
                2,
                1
              ],
              "pivot": [
                0,
                1,
                0
              ],
              "rotation": [
                -5,
                0,
                0
              ],
              "uv": [
                64,
                104
              ]
            },
            {
              "origin": [
                -4,
                27,
                -8
              ],
              "size": [
                8,
                1,
                8
              ],
              "pivot": [
                0,
                1,
                0
              ],
              "rotation": [
                -5,
                0,
                0
              ],
              "uv": [
                57,
                97
              ]
            },
            {
              "origin": [
                -5,
                22,
                -9
              ],
              "size": [
                1,
                5,
                9
              ],
              "pivot": [
                0,
                1,
                0
              ],
              "rotation": [
                -5,
                0,
                0
              ],
              "uv": [
                62,
                72
              ]
            },
            {
              "origin": [
                4,
                22,
                -9
              ],
              "size": [
                1,
                5,
                9
              ],
              "pivot": [
                0,
                1,
                0
              ],
              "rotation": [
                -5,
                0,
                0
              ],
              "uv": [
                62,
                72
              ]
            },
            {
              "origin": [
                5,
                24,
                -9
              ],
              "size": [
                2,
                1,
                9
              ],
              "pivot": [
                0,
                1,
                0
              ],
              "rotation": [
                -5,
                0,
                0
              ],
              "uv": [
                62,
                72
              ]
            },
            {
              "origin": [
                -7,
                24,
                -9
              ],
              "size": [
                2,
                1,
                9
              ],
              "pivot": [
                0,
                1,
                0
              ],
              "rotation": [
                -5,
                0,
                0
              ],
              "uv": [
                62,
                72
              ]
            },
            {
              "origin": [
                7,
                23,
                -9
              ],
              "size": [
                1,
                3,
                9
              ],
              "pivot": [
                0,
                1,
                0
              ],
              "rotation": [
                -5,
                0,
                0
              ],
              "uv": [
                62,
                72
              ]
            },
            {
              "origin": [
                -8,
                23.5,
                -9
              ],
              "size": [
                1,
                2,
                9
              ],
              "pivot": [
                0,
                1,
                0
              ],
              "rotation": [
                -5,
                0,
                0
              ],
              "uv": [
                62,
                72
              ]
            },
            {
              "origin": [
                -6.5,
                22.5,
                -9
              ],
              "size": [
                1,
                4,
                9
              ],
              "pivot": [
                0,
                1,
                0
              ],
              "rotation": [
                -5,
                0,
                0
              ],
              "uv": [
                62,
                72
              ]
            },
            {
              "origin": [
                4,
                20,
                -9
              ],
              "size": [
                1,
                2,
                1
              ],
              "pivot": [
                0,
                1,
                0
              ],
              "rotation": [
                -5,
                0,
                0
              ],
              "uv": [
                93,
                64
              ]
            },
            {
              "origin": [
                -5,
                20,
                -9
              ],
              "size": [
                1,
                2,
                1
              ],
              "pivot": [
                0,
                1,
                0
              ],
              "rotation": [
                -5,
                0,
                0
              ],
              "uv": [
                93,
                64
              ]
            },
            {
              "origin": [
                3.5,
                19.0723,
                -7.34404
              ],
              "size": [
                1,
                2,
                1
              ],
              "pivot": [
                4,
                20,
                0
              ],
              "rotation": [
                -4.22005,
                2.68407,
                32.40109
              ],
              "uv": [
                93,
                64
              ]
            },
            {
              "origin": [
                -3.5,
                23.0723,
                -7.34404
              ],
              "size": [
                1,
                2,
                1
              ],
              "pivot": [
                4,
                20,
                0
              ],
              "rotation": [
                -4.22005,
                -2.68407,
                -32.40109
              ],
              "uv": [
                93,
                64
              ]
            }
          ]
        },
        {
          "name": "AcidicCrap",
          "pivot": [
            0,
            19,
            9
          ],
          "rotation": [
            -100,
            0,
            0
          ],
          "cubes": [
            {
              "origin": [
                2,
                17.48447,
                -2.28868
              ],
              "size": [
                2,
                2,
                2
              ],
              "pivot": [
                0,
                17.48447,
                25.71132
              ],
              "rotation": [
                10,
                0,
                0
              ],
              "uv": [
                98,
                28
              ]
            },
            {
              "origin": [
                0,
                24.48447,
                5.71132
              ],
              "size": [
                1,
                1,
                1
              ],
              "pivot": [
                0,
                17.48447,
                25.71132
              ],
              "rotation": [
                10,
                0,
                0
              ],
              "uv": [
                99,
                29
              ]
            },
            {
              "origin": [
                -1,
                21.48447,
                16.71132
              ],
              "size": [
                2,
                2,
                2
              ],
              "pivot": [
                0,
                17.48447,
                25.71132
              ],
              "rotation": [
                10,
                0,
                0
              ],
              "uv": [
                98,
                28
              ]
            },
            {
              "origin": [
                -1,
                24.48447,
                10.71132
              ],
              "size": [
                2,
                2,
                2
              ],
              "pivot": [
                0,
                17.48447,
                25.71132
              ],
              "rotation": [
                10,
                0,
                0
              ],
              "uv": [
                98,
                28
              ]
            },
            {
              "origin": [
                -5,
                20.48447,
                11.71132
              ],
              "size": [
                1,
                1,
                1
              ],
              "pivot": [
                0,
                17.48447,
                25.71132
              ],
              "rotation": [
                10,
                0,
                0
              ],
              "uv": [
                99,
                29
              ]
            },
            {
              "origin": [
                0,
                19.48447,
                0.71132
              ],
              "size": [
                1,
                1,
                1
              ],
              "pivot": [
                0,
                17.48447,
                25.71132
              ],
              "rotation": [
                10,
                0,
                0
              ],
              "uv": [
                99,
                29
              ]
            },
            {
              "origin": [
                2,
                20.48447,
                11.71132
              ],
              "size": [
                1,
                1,
                1
              ],
              "pivot": [
                0,
                17.48447,
                25.71132
              ],
              "rotation": [
                10,
                0,
                0
              ],
              "uv": [
                99,
                29
              ]
            },
            {
              "origin": [
                -2,
                21.48447,
                8.71132
              ],
              "size": [
                1,
                1,
                1
              ],
              "pivot": [
                0,
                17.48447,
                25.71132
              ],
              "rotation": [
                10,
                0,
                0
              ],
              "uv": [
                99,
                29
              ]
            },
            {
              "origin": [
                -2,
                21.48447,
                2.71132
              ],
              "size": [
                1,
                1,
                1
              ],
              "pivot": [
                0,
                17.48447,
                25.71132
              ],
              "rotation": [
                10,
                0,
                0
              ],
              "uv": [
                99,
                29
              ]
            },
            {
              "origin": [
                -2,
                17.48447,
                7.71132
              ],
              "size": [
                1,
                1,
                1
              ],
              "pivot": [
                0,
                17.48447,
                25.71132
              ],
              "rotation": [
                10,
                0,
                0
              ],
              "uv": [
                99,
                29
              ]
            },
            {
              "origin": [
                3,
                20.48447,
                4.71132
              ],
              "size": [
                1,
                1,
                1
              ],
              "pivot": [
                0,
                17.48447,
                25.71132
              ],
              "rotation": [
                10,
                0,
                0
              ],
              "uv": [
                99,
                29
              ]
            },
            {
              "origin": [
                0,
                22.48447,
                12.71132
              ],
              "size": [
                1,
                1,
                1
              ],
              "pivot": [
                0,
                17.48447,
                25.71132
              ],
              "rotation": [
                10,
                0,
                0
              ],
              "uv": [
                99,
                29
              ]
            }
          ]
        },
        {
          "name": "Neck",
          "pivot": [
            0,
            14,
            0
          ],
          "cubes": [
            {
              "origin": [
                -2,
                15,
                -5
              ],
              "size": [
                4,
                6,
                4
              ],
              "pivot": [
                0,
                25,
                0
              ],
              "rotation": [
                10,
                0,
                0
              ],
              "uv": [
                48,
                55
              ]
            }
          ]
        }
      ]
    }
  ]
}