{
  "format_version": "1.12.0",
  "minecraft:geometry": [
    {
      "description": {
        "identifier": "geometry.seb_buzz_skibidi",
        "texture_width": 128,
        "texture_height": 128,
        "visible_bounds_width": 4,
        "visible_bounds_height": 10.5,
        "visible_bounds_offset": [
          0,
          4.75,
          0
        ]
      },
      "bones": [
        {
          "name": "Head",
          "pivot": [
            0,
            33,
            -4
          ],
          "cubes": [
            {
              "origin": [
                -4,
                21,
                -5
              ],
              "size": [
                8,
                8,
                8
              ],
              "pivot": [
                0,
                3,
                3
              ],
              "rotation": [
                2.5,
                0,
                0
              ],
              "uv": [
                0,
                0
              ]
            },
            {
              "origin": [
                -4,
                23,
                -8
              ],
              "size": [
                8,
                4,
                3
              ],
              "uv": [
                43,
                75
              ]
            },
            {
              "origin": [
                3,
                27,
                -9
              ],
              "size": [
                1,
                1,
                3
              ],
              "uv": [
                70,
                29
              ]
            },
            {
              "origin": [
                1.75,
                26,
                -9
              ],
              "size": [
                1,
                1,
                1
              ],
              "uv": [
                72,
                31
              ]
            },
            {
              "origin": [
                3,
                26,
                -9
              ],
              "size": [
                1,
                1,
                1
              ],
              "uv": [
                72,
                31
              ]
            },
            {
              "origin": [
                1.75,
                27,
                -9
              ],
              "size": [
                1,
                1,
                3
              ],
              "uv": [
                70,
                29
              ]
            }
          ]
        },
        {
          "name": "Model2",
          "pivot": [
            0,
            39,
            0
          ],
          "cubes": [
            {
              "origin": [
                -8,
                17,
                9
              ],
              "size": [
                16,
                16,
                3
              ],
              "pivot": [
                0,
                -12,
                5
              ],
              "rotation": [
                7.5,
                0,
                0
              ],
              "uv": [
                26,
                29
              ]
            },
            {
              "origin": [
                -1,
                32,
                12
              ],
              "size": [
                1,
                6,
                1
              ],
              "pivot": [
                0,
                -12,
                5
              ],
              "rotation": [
                7.5,
                0,
                0
              ],
              "uv": [
                124,
                121
              ]
            },
            {
              "origin": [
                -2.5,
                36,
                13
              ],
              "size": [
                4,
                4,
                1
              ],
              "pivot": [
                0,
                -12,
                5
              ],
              "rotation": [
                7.5,
                0,
                0
              ],
              "uv": [
                66,
                67
              ]
            },
            {
              "origin": [
                -17,
                21.5,
                8
              ],
              "size": [
                3,
                3,
                5
              ],
              "pivot": [
                0,
                -12,
                5
              ],
              "rotation": [
                7.5,
                0,
                0
              ],
              "uv": [
                112,
                25
              ]
            },
            {
              "origin": [
                14,
                21.5,
                8
              ],
              "size": [
                3,
                3,
                5
              ],
              "pivot": [
                0,
                -12,
                5
              ],
              "rotation": [
                7.5,
                0,
                0
              ],
              "uv": [
                112,
                25
              ]
            },
            {
              "origin": [
                -16,
                22.5,
                3
              ],
              "size": [
                1,
                1,
                5
              ],
              "pivot": [
                0,
                -12,
                5
              ],
              "rotation": [
                7.5,
                0,
                0
              ],
              "uv": [
                58,
                103
              ]
            },
            {
              "origin": [
                15,
                22.5,
                3
              ],
              "size": [
                1,
                1,
                5
              ],
              "pivot": [
                0,
                -12,
                5
              ],
              "rotation": [
                7.5,
                0,
                0
              ],
              "uv": [
                58,
                103
              ]
            },
            {
              "origin": [
                -14,
                22,
                9.5
              ],
              "size": [
                6,
                2,
                2
              ],
              "pivot": [
                0,
                -12,
                5
              ],
              "rotation": [
                7.5,
                0,
                0
              ],
              "uv": [
                26,
                110
              ]
            },
            {
              "origin": [
                8,
                22,
                9
              ],
              "size": [
                6,
                2,
                3
              ],
              "pivot": [
                0,
                -12,
                5
              ],
              "rotation": [
                7.5,
                0,
                0
              ],
              "uv": [
                25,
                109
              ]
            },
            {
              "origin": [
                -3.5,
                21,
                12
              ],
              "size": [
                7,
                7,
                3
              ],
              "pivot": [
                0,
                -12,
                5
              ],
              "rotation": [
                7.5,
                0,
                0
              ],
              "uv": [
                0,
                102
              ]
            },
            {
              "origin": [
                -8,
                17,
                -5
              ],
              "size": [
                3,
                1,
                14
              ],
              "pivot": [
                0,
                -12,
                5
              ],
              "rotation": [
                7.5,
                0,
                0
              ],
              "uv": [
                12,
                33
              ]
            },
            {
              "origin": [
                5,
                17,
                -5
              ],
              "size": [
                3,
                1,
                14
              ],
              "pivot": [
                0,
                -12,
                5
              ],
              "rotation": [
                7.5,
                0,
                0
              ],
              "uv": [
                18,
                33
              ]
            },
            {
              "origin": [
                -10,
                17,
                0
              ],
              "size": [
                3,
                1,
                10
              ],
              "pivot": [
                0,
                27,
                5
              ],
              "rotation": [
                90,
                -82.5,
                -90
              ],
              "uv": [
                -8,
                -8
              ]
            },
            {
              "origin": [
                -7,
                30,
                8
              ],
              "size": [
                3,
                1,
                1
              ],
              "pivot": [
                0,
                -12,
                5
              ],
              "rotation": [
                7.5,
                0,
                0
              ],
              "uv": [
                54,
                1
              ]
            },
            {
              "origin": [
                -2,
                18,
                -5
              ],
              "size": [
                4,
                6,
                4
              ],
              "pivot": [
                0,
                27,
                5
              ],
              "rotation": [
                17.5,
                0,
                0
              ],
              "uv": [
                48,
                55
              ]
            }
          ]
        },
        {
          "name": "Model",
          "pivot": [
            7,
            15,
            -2
          ],
          "rotation": [
            0,
            -90,
            0
          ],
          "cubes": [
            {
              "origin": [
                3.56565,
                14.37303,
                -3
              ],
              "size": [
                17,
                2,
                16
              ],
              "pivot": [
                0,
                0,
                0
              ],
              "rotation": [
                0,
                0,
                -7.5
              ],
              "uv": [
                0,
                16
              ]
            },
            {
              "origin": [
                6.56565,
                11.37303,
                -1
              ],
              "size": [
                11,
                3,
                11
              ],
              "pivot": [
                0,
                0,
                0
              ],
              "rotation": [
                0,
                0,
                -7.5
              ],
              "uv": [
                11,
                41
              ]
            },
            {
              "origin": [
                9.56565,
                4.37303,
                0
              ],
              "size": [
                6,
                7,
                9
              ],
              "pivot": [
                0,
                0,
                0
              ],
              "rotation": [
                0,
                0,
                -7.5
              ],
              "uv": [
                1,
                43
              ]
            },
            {
              "origin": [
                -12.13119,
                12.48425,
                -11
              ],
              "size": [
                31,
                0,
                37
              ],
              "pivot": [
                0,
                13,
                6
              ],
              "rotation": [
                0,
                0,
                -7.5
              ],
              "uv": [
                -35,
                65
              ]
            }
          ]
        }
      ]
    }
  ]
}