{
  "format_version": "1.12.0",
  "minecraft:geometry": [
    {
      "description": {
        "identifier": "geometry.seb_big_tv_man",
        "texture_width": 64,
        "texture_height": 64,
        "visible_bounds_width": 3,
        "visible_bounds_height": 3.5,
        "visible_bounds_offset": [
          0,
          1.25,
          0
        ]
      },
      "bones": [
        {
          "name": "Body",
          "pivot": [
            0,
            24,
            0
          ],
          "cubes": [
            {
              "origin": [
                -4,
                12,
                -2
              ],
              "size": [
                8,
                12,
                4
              ],
              "uv": [
                16,
                16
              ]
            },
            {
              "origin": [
                -4,
                24,
                -4
              ],
              "size": [
                8,
                8,
                6
              ],
              "uv": [
                2,
                2
              ]
            },
            {
              "origin": [
                -14,
                24,
                -1
              ],
              "size": [
                4,
                4,
                3
              ],
              "uv": [
                0,
                42
              ]
            },
            {
              "origin": [
                11,
                24,
                -1
              ],
              "size": [
                4,
                4,
                3
              ],
              "uv": [
                12,
                33
              ]
            },
            {
              "origin": [
                -16,
                15,
                -1
              ],
              "size": [
                4,
                4,
                3
              ],
              "uv": [
                0,
                57
              ]
            },
            {
              "origin": [
                14,
                15,
                -1
              ],
              "size": [
                4,
                4,
                3
              ],
              "uv": [
                50,
                57
              ]
            },
            {
              "origin": [
                -4,
                25,
                2
              ],
              "size": [
                8,
                5,
                2
              ],
              "uv": [
                6,
                6
              ]
            },
            {
              "origin": [
                -16.1,
                11,
                2
              ],
              "size": [
                13,
                2,
                2
              ],
              "pivot": [
                1.9,
                12,
                0
              ],
              "rotation": [
                0,
                0,
                17.5
              ],
              "uv": [
                34,
                36
              ]
            },
            {
              "origin": [
                -14.1,
                1,
                2
              ],
              "size": [
                13,
                2,
                2
              ],
              "pivot": [
                1.9,
                12,
                0
              ],
              "rotation": [
                0,
                0,
                165
              ],
              "uv": [
                34,
                36
              ]
            },
            {
              "origin": [
                -14.1,
                10,
                2
              ],
              "size": [
                15,
                2,
                2
              ],
              "pivot": [
                1.9,
                12,
                0
              ],
              "rotation": [
                0,
                0,
                165
              ],
              "uv": [
                30,
                32
              ]
            },
            {
              "origin": [
                -16.1,
                20,
                2
              ],
              "size": [
                13,
                2,
                2
              ],
              "pivot": [
                1.9,
                12,
                0
              ],
              "rotation": [
                0,
                0,
                17.5
              ],
              "uv": [
                34,
                35
              ]
            }
          ]
        },
        {
          "name": "RightArm",
          "pivot": [
            -5,
            22,
            0
          ],
          "cubes": [
            {
              "origin": [
                -8,
                12,
                -2
              ],
              "size": [
                4,
                12,
                4
              ],
              "uv": [
                40,
                16
              ]
            }
          ]
        },
        {
          "name": "LeftArm",
          "pivot": [
            5,
            22,
            0
          ],
          "cubes": [
            {
              "origin": [
                4,
                12,
                -2
              ],
              "size": [
                4,
                12,
                4
              ],
              "uv": [
                32,
                48
              ]
            }
          ]
        },
        {
          "name": "RightLeg",
          "pivot": [
            -1.9,
            12,
            0
          ],
          "cubes": [
            {
              "origin": [
                -3.9,
                0,
                -2
              ],
              "size": [
                4,
                12,
                4
              ],
              "uv": [
                0,
                16
              ]
            }
          ]
        },
        {
          "name": "LeftLeg",
          "pivot": [
            1.9,
            12,
            0
          ],
          "cubes": [
            {
              "origin": [
                -0.1,
                0,
                -2
              ],
              "size": [
                4,
                12,
                4
              ],
              "uv": [
                16,
                48
              ]
            }
          ]
        }
      ]
    }
  ]
}