{
	"format_version": "1.10.0",
	"minecraft:client_entity": {
		"description": {
			"identifier": "vl:compsognathus",
			"materials": {
				"default": "entity_alphatest"
			},
			"textures": {
				"default": "textures/entity/compsognathus"
			},
			"geometry": {
				"default": "geometry.tlw_compsognathus"
			},
			"animations": {
				"walk": "animation.LUCID_Compsognathus.move",
				"run": "animation.LUCID_Compsognathus.run",
				"idle": "animation.LUCID_Compsognathus.idle",
				"attack": "animation.LUCID_Compsognathus.attack",
				"look": "animation.LUCID_Compsognathus.look",
				"compsognathus": "controller.animation.compsognathus"
			},
			"scripts": {
				"scale": "0.8",
				"initialize": [
					"variable.smoothed_turning = 0;"
				],
				"pre_animation": [
					"variable.random = math.round(math.random(0,1));",
					"variable.smoothed_turning = variable.smoothed_turning + Math.clamp(query.yaw_speed - variable.smoothed_turning, -10, 10) / 1.5;"
				],
				"animate": [
					"compsognathus"
				]
			},
			"render_controllers": [
				"controller.render.default"
			],
			"spawn_egg": {
				"base_color": "#739937",
				"overlay_color": "#224020"
			}
		}
	}
}