{
	"format_version": "1.10.0",
	"minecraft:client_entity": {
		"description": {
			"identifier": "vl:indoraptor",
			"materials": {
				"default": "spider"
			},
			"textures": {
				"default": "textures/entity/indoraptor"
			},
			"geometry": {
				"default": "geometry.indoraptor"
			},
			"animations": {
				"start_sleep": "animation.LUCID_Indoraptor.start_sleep",
				"sleeping": "animation.LUCID_Indoraptor.sleeping",
				"wake_up": "animation.LUCID_Indoraptor.end_sleep",
				"attack": "animation.LUCID_Indoraptor.attack1",
				"roar": "animation.LUCID_Indoraptor.roar",
				"look": "animation.LUCID_Indoraptor.look",
				"walk": "animation.LUCID_Indoraptor.walk",
				"run": "animation.LUCID_Indoraptor.run",
				"idle": "animation.LUCID_Indoraptor.idle",
				"util_variables": "animation.LUCID_Indoraptor.util_variables",
				"indoraptor": "controller.animation.indoraptor"
			},
			"scripts": {
				"initialize": [
					"variable.smoothed_turning = 0;",
					"variable.body_turn = 0;"
				],
				"pre_animation": [
					"variable.body_turn = variable.body_turn + Math.clamp(query.body_y_rotation - variable.body_turn, -10, 10) / 1.5;",
					"variable.random = math.round(math.random(0,1));",
					"variable.smoothed_turning = variable.smoothed_turning + Math.clamp(query.yaw_speed - variable.smoothed_turning, -10, 10) / 1.5;"
				],
				"animate": [
					"indoraptor",
					"util_variables"
				]
			},
			"render_controllers": [
				"controller.render.default"
			],
			"particle_effects": {
				"sleep_locator": "vl:sleep"
			},
			"sound_effects": {
				"attack": "mob.indoraptor.attack",
				"roar": "mob.indoraptor.roar"
			},
			"spawn_egg": {
				"base_color": "#1a1614",
				"overlay_color": "#bf703c"
			}
		}
	}
}