{
	"format_version": "1.10.0",
	"minecraft:client_entity": {
		"description": {
			"identifier": "vl:indominusrex",
			"materials": {
				"default": "spider"
			},
			"textures": {
				"default": "textures/entity/indominus"
			},
			"geometry": {
				"default": "geometry.indominus"
			},
			"animations": {
				"start_sleep": "animation.Indominus_LUCID.start_sleep",
				"sleeping": "animation.Indominus_LUCID.sleeping",
				"wake_up": "animation.Indominus_LUCID.end_sleep",
				"push": "animation.LUCID_Giganotosaurus.push",
				"attack": "animation.Indominus_LUCID.attack",
				"roar": "animation.Indominus_LUCID.roar",
				"walk": "animation.Indominus_LUCID.walk",
				"run": "animation.Indominus_LUCID.run",
				"idle": "animation.Indominus_LUCID.idle",
				"indominusrex": "controller.animation.indominusrex"
			},
			"scripts": {
				"initialize": [
					"variable.body_turn = 0;"
				],
				"pre_animation": [
					"variable.random = math.round(math.random(0,1));",
					"variable.body_turn = variable.body_turn + Math.clamp(query.body_y_rotation - variable.body_turn, -10, 10) / 1.5;"
				],
				"animate": [
					"indominusrex"
				]
			},
			"render_controllers": [
				"controller.render.default"
			],
			"particle_effects": {
				"sleep_locator": "vl:sleep"
			},
			"spawn_egg": {
				"base_color": "#ececec",
				"overlay_color": "#b7b7b7"
			}
		}
	}
}