{
	"format_version": "1.10.0",
	"minecraft:client_entity": {
		"description": {
			"identifier": "vl:mosasaurus",
			"materials": {
				"default": "spider"
			},
			"textures": {
				"default": "textures/entity/mosasaurus"
			},
			"geometry": {
				"default": "geometry.tlw_Mosasaurus"
			},
			"animations": {
				"look": "animation.LUCID_Mosasaurus.look",
				"onland": "animation.LUCID_Mosasaurus.onland",
				"swim": "animation.LUCID_Mosasaurus.swim",
				"attack": "animation.LUCID_Mosasaurus.attack",
				"idle": "animation.LUCID_Mosasaurus.idle",
				"jump": "animation.LUCID_Mosasaurus.breach",
				"util": "animation.LUCID_Mosasaurus.util",
				"Mosasaurus": "controller.animation.mosasaurus"
			},
			"scripts": {
				"initialize": [
					"variable.smoothed_turning = 0;",
					"variable.body_turn = 0;"
				],
				"pre_animation": [
					"variable.smoothed_turning = variable.smoothed_turning + Math.clamp(query.yaw_speed - variable.smoothed_turning, -10, 10) / 1.5;",
					"variable.body_turn = variable.body_turn + Math.clamp(-query.body_y_rotation - variable.body_turn, -10, 10) / 1.5;"
				],
				"animate": [
					"Mosasaurus",
					"util"
				]
			},
			"sound_effects": {
				"tlw_mosa_attack": "mob.mosasaurus.attack",
				"tlw_mosa_breach": "mob.mosasaurus.breach"
			},
			"render_controllers": [
				"controller.render.default"
			],
			"spawn_egg": {
				"base_color": "#7cb392",
				"overlay_color": "#282c33"
			}
		}
	}
}