{
	"format_version": "1.10.0",
	"minecraft:client_entity": {
		"description": {
			"identifier": "vl:spinosaurus",
			"materials": {
				"default": "spider"
			},
			"textures": {
				"default": "textures/entity/spinosaurus"
			},
			"geometry": {
				"default": "geometry.spinosaurus"
			},
			"animations": {
				"start_sleep": "animation.LUCID_Spinosaurus.start_sleep",
				"sleeping": "animation.LUCID_Spinosaurus.sleeping",
				"wake_up": "animation.LUCID_Spinosaurus.end_sleep",
				"swim": "animation.LUCID_Spinosaurus.swim",
				"look": "animation.LUCID_Spinosaurus.look",
				"roar": "animation.LUCID_Spinosaurus.roar",
				"walk": "animation.LUCID_Spinosaurus.walk",
				"run": "animation.LUCID_Spinosaurus.run",
				"attack": "animation.LUCID_Spinosaurus.attack",
				"idle": "animation.LUCID_Spinosaurus.idle",
				"util": "animation.LUCID_Spinosaurus.util",
				"spinosaurus": "controller.animation.spinosaurus"
			},
			"scripts": {
				"initialize": [
					"variable.smoothed_turning = 0;",
					"variable.body_turn = 0;"
				],
				"pre_animation": [
					"variable.smoothed_turning = variable.smoothed_turning + Math.clamp(query.yaw_speed - variable.smoothed_turning, -10, 10) / 1.5;",
					"variable.body_turn = variable.body_turn + Math.clamp(-query.body_y_rotation - variable.body_turn, -10, 10) / 1.5;"
				],
				"animate": [
					"spinosaurus",
					"util"
				]
			},
			"render_controllers": [
				"controller.render.default"
			],
			"particle_effects": {
				"sleep_locator": "vl:sleep"
			},
			"spawn_egg": {
				"base_color": "#8c815a",
				"overlay_color": "#93482d"
			}
		}
	}
}