{
	"format_version": "1.10.0",
	"minecraft:client_entity": {
		"description": {
			"identifier": "vl:tyrannosaurus",
			"materials": {
				"default": "entity_alphatest"
			},
			"textures": {
				"default": "textures/entity/tyrannosaurus/LUCID_Tyrannosaurus",
				"default1": "textures/entity/tyrannosaurus/LUCID_Tyrannosaurus_doe",
				"default2": "textures/entity/tyrannosaurus/LUCID_Tyrannosaurus_bull",
				"default3": "textures/entity/tyrannosaurus/LUCID_Tyrannosaurus_buck"
			},
			"geometry": {
				"default": "geometry.tyrannosaurus"
			},
			"animations": {
				"walk": "animation.LUCID_Tyrannosaurus.walk",
				"run": "animation.LUCID_Tyrannosaurus.run",
				"idle": "animation.LUCID_Tyrannosaurus.idle",
				"attack": "animation.LUCID_Tyrannosaurus.attack",
				"look": "animation.LUCID_Tyrannosaurus.look",
				"roar": "animation.LUCID_Tyrannosaurus.roar",
				"swim": "animation.LUCID_Spinosaurus.swim",
				"start_sleep": "animation.LUCID_Tyrannosaurus.start_sleep",
				"sleeping": "animation.LUCID_Tyrannosaurus.sleeping",
				"wake_up": "animation.LUCID_Tyrannosaurus.end_sleep",
				"util_variables": "animation.LUCID_Tyrannosaurus.util_variables",
				"spinosaurus": "controller.animation.spinosaurus"
			},
			"scripts": {
				"initialize": [
					"variable.smoothed_turning = 0;"
				],
				"pre_animation": [
					"variable.random = math.round(math.random(0,1));",
					"variable.smoothed_turning = variable.smoothed_turning + Math.clamp(query.yaw_speed - variable.smoothed_turning, -10, 10) / 1.5;"
				],
				"animate": [
					"spinosaurus",
					"util_variables"
				]
			},
			"particle_effects": {
				"sleep_locator": "vl:sleep"
			},
			"sound_effects": {
				"roar": "mob.tyrannosaurus.roar",
				"mini_roar": "mob.tyrannosaurus.lookaround1",
				"lookaround1": "mob.tyrannosaurus.lookaround2"
			},
			"render_controllers": [
				"controller.render.velociraptor"
			],
			"spawn_egg": {
				"base_color": "#8f7366",
				"overlay_color": "#60555f"
			}
		}
	}
}