{
	"format_version": "1.10.0",
	"minecraft:client_entity": {
		"description": {
			"identifier": "vl:velociraptor",
			"materials": {
				"default": "entity_alphatest"
			},
			"textures": {
				"default": "textures/entity/velociraptor/velociraptor",
				"default1": "textures/entity/velociraptor/velociraptor_tiger",
				"default2": "textures/entity/velociraptor/velociraptor_jp3male",
				"default3": "textures/entity/velociraptor/velociraptor_jp3female"
			},
			"geometry": {
				"default": "geometry.velociraptor"
			},
			"animations": {
				"walk": "animation.LUCID_Velociraptor.walk",
				"run": "animation.LUCID_Velociraptor.run",
				"idle": "animation.LUCID_Velociraptor.idle",
				"dig": "animation.LUCID_Velociraptor.dig",
				"attack": "animation.LUCID_Velociraptor.attack",
				"start_jump": "animation.LUCID_Velociraptor.start_jump",
				"jump": "animation.LUCID_Velociraptor.jump_inair",
				"crawl": "animation.LUCID_Velociraptor.crawl",
				"land_jump": "animation.LUCID_Velociraptor.jump_land",
				"look": "animation.LUCID_Velociraptor.look",
				"start_sleep": "animation.LUCID_Velociraptor.sleep_start",
				"sleeping": "animation.LUCID_Velociraptor.sleeping",
				"wake_up": "animation.LUCID_Velociraptor.sleep_end",
				"util_variables": "animation.LUCID_Velociraptor.util_variables",
				"velociraptor": "controller.animation.velociraptor"
			},
			"scripts": {
				"initialize": [
					"variable.smoothed_turning = 0;"
				],
				"pre_animation": [
					"variable.random = math.round(math.random(0,1));",
					"variable.smoothed_turning = variable.smoothed_turning + Math.clamp(query.yaw_speed - variable.smoothed_turning, -10, 10) / 1.5;"
				],
				"animate": [
					"velociraptor",
					"util_variables"
				]
			},
			"particle_effects": {
				"sleep_locator": "vl:sleep"
			},
			"render_controllers": [
				"controller.render.velociraptor"
			],
			"spawn_egg": {
				"base_color": "#8f7366",
				"overlay_color": "#573e2e"
			}
		}
	}
}