{
	"format_version": "1.14.0",
	"sound_definitions": {
		"soldier_horse_idle": {
			"__use_legacy_max_distance": true,
			"category": "neutral",
			"sounds": [
				"sounds/mob/horse/idle1",
				"sounds/mob/horse/idle2",
				"sounds/mob/horse/idle3",
				"sounds/mob/villager/idle1",
				"sounds/mob/villager/idle2",
				"sounds/mob/villager/idle3"
			]
		},
		"soldier_horse_hurt": {
			"__use_legacy_max_distance": true,
			"category": "neutral",
			"sounds": [
				"sounds/mob/horse/hit1",
				"sounds/mob/horse/hit2",
				"sounds/mob/horse/hit3",
				"sounds/mob/horse/hit4",
				"sounds/mob/villager/hit1",
				"sounds/mob/villager/hit2",
				"sounds/mob/villager/hit3",
				"sounds/mob/villager/hit4"
			]
		},
		"soldier_horse_step": {
			"__use_legacy_max_distance": true,
			"category": "neutral",
			"sounds": [
				"sounds/mob/horse/wood1",
				"sounds/mob/horse/wood2",
				"sounds/mob/horse/wood3",
				"sounds/mob/horse/wood4",
				"sounds/mob/horse/wood5",
				"sounds/mob/horse/wood6"
			]
		},
		"villager_call_horn": {
			"__use_legacy_max_distance": true,
			"category": "hostile",
			"sounds": [
				"sounds/item/horn/call0",
				"sounds/item/horn/call1"
			]
		},
		"illager_call_horn": {
			"__use_legacy_max_distance": true,
			"category": "hostile",
			"sounds": [
				"sounds/item/horn/call5",
				"sounds/item/horn/call6"
			]
		}
	}
}