{
  "format_version": "1.11",
  "minecraft:entity": {
    "description": {
      "identifier": "minecraft:player",
      "is_spawnable": false,
      "is_summonable": false,
      "is_experimental": false,
      "scripts": {
        "animate": [
          "walk",
          "seb:projectile",
          "seb:projectile2",
          "seb:projectile3",
          "seb:projectile800",
          "seb:bullet"
        ]
      },
      "animations": {
        "walk": "controller.animation.walk",
        "seb:projectile": "controller.animation.seb_projectile",
        "seb:projectile2": "controller.animation.seb_projectile2",
        "seb:projectile3": "controller.animation.seb_projectile3",
        "seb:projectile800": "controller.animation.seb_projectile800",
        "seb:bullet": "controller.animation.seb_bullet"
      }
    },
    "component_groups": {
      "pamobile:respawn": {
        "minecraft:mark_variant": {
          "value": 99999
        },
        "minecraft:health": {
          "value": 20,
          "max": 20
        },
        "minecraft:movement": {
          "value": 0.1
        },
        "minecraft:attack": {
          "damage": 1
        },
        "minecraft:spell_effects": {
          "remove_effects": [
            "invisibility"
          ]
        }
      },
      "ammo:1": {
        "minecraft:mark_variant": {
          "value": 1
        }
      },
      "seb:projectile_fire": {
        "minecraft:spawn_entity": [
          {
            "min_wait_time": 0,
            "max_wait_time": 0,
            "single_use": true,
            "spawn_entity": "seb:projectile",
            "num_to_spawn": 1
          }
        ]
      },
      "seb:projectile2_fire": {
        "minecraft:spawn_entity": [
          {
            "min_wait_time": 0,
            "max_wait_time": 0,
            "single_use": true,
            "spawn_entity": "seb:projectile2",
            "num_to_spawn": 1
          }
        ]
      },
      "seb:skibidi_moroh": {
        "minecraft:health": {
          "value": 10,
          "max": 10
        },
        "minecraft:movement": {
          "value": 0.1
        },
        "minecraft:spell_effects": {
          "add_effects": [
            {
              "effect": "invisibility",
              "duration": 60000,
              "amplifier": 1,
              "display_on_screen_animation": false
            }
          ]
        }
      },
      "seb:big_camera_morph": {
        "minecraft:health": {
          "value": 40,
          "max": 40
        },
        "minecraft:movement": {
          "value": 0.1
        },
        "minecraft:spell_effects": {
          "add_effects": [
            {
              "effect": "invisibility",
              "duration": 60000,
              "amplifier": 1,
              "display_on_screen_animation": false
            }
          ]
        }
      },
      "seb:projectile3_fire": {
        "minecraft:spawn_entity": [
          {
            "min_wait_time": 0,
            "max_wait_time": 0,
            "single_use": true,
            "spawn_entity": "seb:projectile3",
            "num_to_spawn": 1
          }
        ]
      },
      "seb:dj_skibidi_morph": {
        "minecraft:health": {
          "value": 19,
          "max": 19
        },
        "minecraft:movement": {
          "value": 0.1
        },
        "minecraft:spell_effects": {
          "add_effects": [
            {
              "effect": "invisibility",
              "duration": 60000,
              "amplifier": 1,
              "display_on_screen_animation": false
            }
          ]
        }
      },
      "seb:police_skibidi_morph": {
        "minecraft:health": {
          "value": 10,
          "max": 10
        },
        "minecraft:movement": {
          "value": 0.1
        },
        "minecraft:spell_effects": {
          "add_effects": [
            {
              "effect": "invisibility",
              "duration": 60000,
              "amplifier": 1,
              "display_on_screen_animation": false
            }
          ]
        }
      },
      "seb:projectile800_fire": {
        "minecraft:spawn_entity": [
          {
            "min_wait_time": 0,
            "max_wait_time": 0,
            "single_use": true,
            "spawn_entity": "seb:projectile800",
            "num_to_spawn": 1
          }
        ]
      },
      "seb:bullet_fire": {
        "minecraft:spawn_entity": [
          {
            "min_wait_time": 0,
            "max_wait_time": 0,
            "single_use": true,
            "spawn_entity": "seb:bullet",
            "num_to_spawn": 1
          }
        ]
      },
      "seb:jetpack_skibidi_morph": {
        "minecraft:health": {
          "value": 10,
          "max": 10
        },
        "minecraft:movement": {
          "value": 0.1
        },
        "minecraft:spell_effects": {
          "add_effects": [
            {
              "effect": "invisibility",
              "duration": 60000,
              "amplifier": 1,
              "display_on_screen_animation": false
            }
          ]
        }
      }
    },
    "components": {
      "minecraft:type_family": {
        "family": [
          "player"
        ]
      },
      "minecraft:loot": {
        "table": "loot_tables/empty.json"
      },
      "minecraft:collision_box": {
        "width": 0.6,
        "height": 1.8
      },
      "minecraft:can_climb": {},
      "minecraft:movement": {
        "value": 0.1
      },
      "minecraft:environment_sensor": [
        {
          "on_environment": {
            "filters": {
              "any_of": [
                {
                  "test": "is_family",
                  "subject": "self",
                  "value": "player"
                }
              ]
            },
            "event": "pamobile:refresh_player"
          }
        },
        {
          "on_environment": {
            "filters": {
              "all_of": [
                {
                  "test": "has_equipment",
                  "subject": "self",
                  "domain": "hand",
                  "value": "seb:projectile"
                },
                {
                  "test": "is_family",
                  "subject": "self",
                  "value": "player"
                }
              ]
            },
            "event": "ammo:1"
          }
        },
        {
          "on_environment": {
            "filters": {
              "all_of": [
                {
                  "test": "has_equipment",
                  "subject": "self",
                  "domain": "hand",
                  "value": "seb:projectile2"
                },
                {
                  "test": "is_family",
                  "subject": "self",
                  "value": "player"
                }
              ]
            },
            "event": "ammo:1"
          }
        },
        {
          "on_environment": {
            "filters": {
              "all_of": [
                {
                  "test": "has_equipment",
                  "subject": "self",
                  "domain": "armor",
                  "value": "seb:skibidi_moroh"
                }
              ]
            },
            "event": "seb:skibidi_moroh_event"
          }
        },
        {
          "on_environment": {
            "filters": {
              "all_of": [
                {
                  "test": "has_equipment",
                  "subject": "self",
                  "domain": "armor",
                  "value": "seb:big_camera_morph"
                }
              ]
            },
            "event": "seb:big_camera_morph_event"
          }
        },
        {
          "on_environment": {
            "filters": {
              "all_of": [
                {
                  "test": "has_equipment",
                  "subject": "self",
                  "domain": "hand",
                  "value": "seb:projectile3"
                },
                {
                  "test": "is_family",
                  "subject": "self",
                  "value": "player"
                }
              ]
            },
            "event": "ammo:1"
          }
        },
        {
          "on_environment": {
            "filters": {
              "all_of": [
                {
                  "test": "has_equipment",
                  "subject": "self",
                  "domain": "armor",
                  "value": "seb:dj_skibidi_morph"
                }
              ]
            },
            "event": "seb:dj_skibidi_morph_event"
          }
        },
        {
          "on_environment": {
            "filters": {
              "all_of": [
                {
                  "test": "has_equipment",
                  "subject": "self",
                  "domain": "armor",
                  "value": "seb:police_skibidi_morph"
                }
              ]
            },
            "event": "seb:police_skibidi_morph_event"
          }
        },
        {
          "on_environment": {
            "filters": {
              "all_of": [
                {
                  "test": "has_equipment",
                  "subject": "self",
                  "domain": "hand",
                  "value": "seb:projectile800"
                },
                {
                  "test": "is_family",
                  "subject": "self",
                  "value": "player"
                }
              ]
            },
            "event": "ammo:1"
          }
        },
        {
          "on_environment": {
            "filters": {
              "all_of": [
                {
                  "test": "has_equipment",
                  "subject": "self",
                  "domain": "hand",
                  "value": "seb:bullet"
                },
                {
                  "test": "is_family",
                  "subject": "self",
                  "value": "player"
                }
              ]
            },
            "event": "ammo:1"
          }
        },
        {
          "on_environment": {
            "filters": {
              "all_of": [
                {
                  "test": "has_equipment",
                  "subject": "self",
                  "domain": "armor",
                  "value": "seb:jetpack_skibidi_morph"
                }
              ]
            },
            "event": "seb:jetpack_skibidi_morph_event"
          }
        }
      ],
      "minecraft:player.saturation": {
        "value": 20
      },
      "minecraft:player.exhaustion": {
        "value": 0,
        "max": 4
      },
      "minecraft:player.level": {
        "value": 0,
        "max": 24791
      },
      "minecraft:player.experience": {
        "value": 0,
        "max": 1
      },
      "minecraft:breathable": {
        "totalSupply": 15,
        "suffocateTime": -1,
        "inhaleTime": 3.75,
        "generatesBubbles": false
      },
      "minecraft:nameable": {
        "alwaysShow": true,
        "allowNameTagRenaming": false
      },
      "minecraft:physics": {},
      "minecraft:insomnia": {
        "days_until_insomnia": 3
      },
      "minecraft:rideable": {
        "seat_count": 2,
        "family_types": [
          "parrot_tame"
        ],
        "pull_in_entities": true,
        "seats": [
          {
            "position": [
              0.4,
              -0.15,
              0.04
            ],
            "min_rider_count": 0,
            "max_rider_count": 0,
            "lock_rider_rotation": 0
          },
          {
            "position": [
              -0.4,
              -0.15,
              0.04
            ],
            "min_rider_count": 1,
            "max_rider_count": 2,
            "lock_rider_rotation": 0
          }
        ]
      },
      "minecraft:scaffolding_climber": {}
    },
    "events": {
      "pamobile:refresh_player": {
        "add": {
          "component_groups": [
            "pamobile:respawn"
          ]
        },
        "remove": {
          "component_groups": [
            "seb:skibidi_moroh",
            "seb:big_camera_morph",
            "seb:dj_skibidi_morph",
            "seb:police_skibidi_morph",
            "seb:jetpack_skibidi_morph"
          ]
        }
      },
      "minecraft:entity_spawned": {
        "add": {
          "component_groups": [
            "pamobile:respawn"
          ]
        },
        "remove": {}
      },
      "ammo:1": {
        "remove": {
          "component_groups": [
            "ammo:1"
          ]
        },
        "add": {
          "component_groups": [
            "ammo:1"
          ]
        }
      },
      "ammo:2": {
        "remove": {
          "component_groups": [
            "ammo:2"
          ]
        },
        "add": {
          "component_groups": [
            "ammo:2"
          ]
        }
      },
      "seb:projectile_fire": {
        "add": {
          "component_groups": [
            "seb:projectile_fire"
          ]
        }
      },
      "seb:projectile2_fire": {
        "add": {
          "component_groups": [
            "seb:projectile2_fire"
          ]
        }
      },
      "seb:skibidi_moroh_event": {
        "add": {
          "component_groups": [
            "seb:skibidi_moroh"
          ]
        }
      },
      "seb:big_camera_morph_event": {
        "add": {
          "component_groups": [
            "seb:big_camera_morph"
          ]
        }
      },
      "seb:projectile3_fire": {
        "add": {
          "component_groups": [
            "seb:projectile3_fire"
          ]
        }
      },
      "seb:dj_skibidi_morph_event": {
        "add": {
          "component_groups": [
            "seb:dj_skibidi_morph"
          ]
        }
      },
      "seb:police_skibidi_morph_event": {
        "add": {
          "component_groups": [
            "seb:police_skibidi_morph"
          ]
        }
      },
      "seb:projectile800_fire": {
        "add": {
          "component_groups": [
            "seb:projectile800_fire"
          ]
        }
      },
      "seb:bullet_fire": {
        "add": {
          "component_groups": [
            "seb:bullet_fire"
          ]
        }
      },
      "seb:jetpack_skibidi_morph_event": {
        "add": {
          "component_groups": [
            "seb:jetpack_skibidi_morph"
          ]
        }
      }
    }
  }
}