{
    "format_version": "1.17.0",
    "minecraft:npc_dialogue": {
        "scenes": [
            {
                "scene_tag": "gui.menu_5",
                "npc_name": "gui.menu_5",
                "text": {
                    "rawtext": [
                        {
                            "text": "gui.menu_5"
                        }
                    ]
                },
                "on_open_commands": [
                    "/playsound menu_open @p"
                ],
                "buttons": [
                    {
                        "name": "webshooter",
                        "commands": [
                            "/execute @initiator ~ ~ ~ function ability1"
                        ]
                    },
                    {
                        "name": "webbomb",
                        "commands": [
                            "/execute @initiator ~ ~ ~ function ability2"
                        ]
                    },
                    {
                        "name": "electricweb",
                        "commands": [
                            "/execute @initiator ~ ~ ~ function ability3"
                        ]
                    },
                    {
                        "name": "webzip",
                        "commands": [
                            "/execute @initiator ~ ~ ~ function ability4"
                        ]
                    },
                    {
                        "name": "webzip2x",
                        "commands": [
                            "/execute @initiator ~ ~ ~ function ability5"
                        ]
                    },
                    {
                        "name": "special",
                        "commands": [
                            "/execute @initiator ~ ~ ~ function special"
                        ]
                    }    
                ],
                "on_close_commands": [
                    "/kill @e [type=z:menu]"
                ]
            }
        ]
    }
}