{
    "format_version": "1.8.0",
    "animations": {
      "animation.velociraptor.spawn":{
          "loop": false,
          "animation_length": 0.5,
          "timeline":{
                "0.2":[
                    "/execute @s[tag=!counted,tag=!po2_dino_escaped] ~ ~ ~ /scoreboard players add @e[tag=disaster_system] veloc 1",
                    "/execute @s[tag=!counted,tag=!po2_dino_escaped] ~ ~ ~ /tag @s add counted"
                ]
          }
      },
      "animation.velociraptor.dead": {
          "loop": false,
          "timeline": {
              "0.0":[
                      "/execute @s[tag=counted,tag=!po2_dino_escaped,tag=!starting_dino] ~ ~ ~ /scoreboard players remove @e[tag=disaster_system] veloc 1"
                  ]
          },
          "animation_length": 1.0
      }
    }
  }
  