{
  "format_version": "1.8.0",
  "render_controllers": {
    "controller.render.chgun": {
      "textures": [
        "Texture.chgun"
      ],
      "geometry": "Geometry.chgun",
      "materials": [
        {
          "*": "Material.gl"
        }
      ]
    },
    "controller.render.karkidon": {
      "textures": [
        "Texture.rhino"
      ],
      "geometry": "Geometry.bigtime",
      "materials": [
        {
          "*": "Material.glow"
        }
      ]
    },
    "controller.render.scorpi": {
      "textures": [
        "Texture.scorpion"
      ],
      "geometry": "Geometry.scorpion",
      "materials": [
        {
          "*": "Material.glow"
        }
      ]
    },
    "controller.render.player.milessmcu": {
      "textures": [
        "Texture.milesmcu"
      ],
      "geometry": "Geometry.uyda",
      "materials": [
        {
          "*": "Material.default"
        }
      ]
    },
    "controller.render.player.miless": {
      "textures": [
        "Texture.miles"
      ],
      "geometry": "Geometry.miles",
      "materials": [
        {
          "*": "Material.default"
        }
      ]
    },
    "controller.render.player.vultr": {
      "textures": [
        "Texture.vulture"
      ],
      "geometry": "Geometry.ffh",
      "materials": [
        {
          "*": "Material.default"
        }
      ]
    },
    "controller.render.player.ggobln": {
      "textures": [
        "Texture.greengoblin"
      ],
      "geometry": "Geometry.greengoblin",
      "materials": [
        {
          "*": "Material.default"
        }
      ]
    },
    "controller.render.ffhh": {
      "textures": [
        "Texture.ffh"
      ],
      "geometry": "Geometry.spffh",
      "materials": [
        {
          "*": "Material.default"
        }
      ]
    },
    "controller.render.tasmm": {
      "textures": [
        "Texture.tasm"
      ],
      "geometry": "Geometry.ffh",
      "materials": [
        {
          "*": "Material.default"
        }
      ]
    },
    "controller.render.tasmfirstt": {
      "textures": [
        "Texture.tasmfirst"
      ],
      "geometry": "Geometry.tazm",
      "materials": [
        {
          "*": "Material.default"
        }
      ]
    },
    "controller.render.bigtimee": {
      "textures": [
        "Texture.bigtime"
      ],
      "geometry": "Geometry.bigtime",
      "materials": [
        {
          "*": "Material.glow"
        }
      ]
    },
    "controller.render.spidermann": {
      "textures": [
        "Texture.spiderman"
      ],
      "geometry": "Geometry.spiderman",
      "materials": [
        {
          "*": "Material.default"
        }
      ]
    },
    "controller.render.ps44": {
      "textures": [
        "Texture.ps4"
      ],
      "geometry": "Geometry.spidermanps4",
      "materials": [
        {
          "*": "Material.default"
        }
      ]
    },
    "controller.render.raimii": {
      "textures": [
        "Texture.raimi"
      ],
      "geometry": "Geometry.raimi",
      "materials": [
        {
          "*": "Material.default"
        }
      ]
    },
    "controller.render.mysterio": {
      "textures": [
        "Texture.mysterio"
      ],
      "geometry": "Geometry.mysterio",
      "materials": [
        {
          "*": "Material.default"
        }
      ]
    },
    "controller.render.spiderman2099": {
      "textures": [
        "Texture.spiderman2099"
      ],
      "geometry": "Geometry.spiderman2099",
      "materials": [
        {
          "*": "Material.default"
        }
      ]
    },
    "controller.render.bir": {
      "textures": [
        "Texture.bir"
      ],
      "geometry": "Geometry.had",
      "materials": [
        {
          "*": "Material.default"
        }
      ]
    },
    "controller.render.ikki": {
      "textures": [
        "Texture.ikki"
      ],
      "geometry": "Geometry.had",
      "materials": [
        {
          "*": "Material.default"
        }
      ]
    },
    "controller.render.uch": {
      "textures": [
        "Texture.uch"
      ],
      "geometry": "Geometry.had",
      "materials": [
        {
          "*": "Material.default"
        }
      ]
    },
    "controller.render.tort": {
      "textures": [
        "Texture.tort"
      ],
      "geometry": "Geometry.had",
      "materials": [
        {
          "*": "Material.default"
        }
      ]
    },
    "controller.render.besh": {
      "textures": [
        "Texture.besh"
      ],
      "geometry": "Geometry.had",
      "materials": [
        {
          "*": "Material.default"
        }
      ]
    },
    "controller.render.olti": {
      "textures": [
        "Texture.olti"
      ],
      "geometry": "Geometry.had",
      "materials": [
        {
          "*": "Material.default"
        }
      ]
    },
    "controller.render.yetti": {
      "textures": [
        "Texture.yetti"
      ],
      "geometry": "Geometry.had",
      "materials": [
        {
          "*": "Material.default"
        }
      ]
    },
    "controller.render.sakkiz": {
      "textures": [
        "Texture.sakkiz"
      ],
      "geometry": "Geometry.had",
      "materials": [
        {
          "*": "Material.default"
        }
      ]
    },
    "controller.render.toqqiz": {
      "textures": [
        "Texture.toqqiz"
      ],
      "geometry": "Geometry.had",
      "materials": [
        {
          "*": "Material.default"
        }
      ]
    },
    "controller.render.on": {
      "textures": [
        "Texture.on"
      ],
      "geometry": "Geometry.had",
      "materials": [
        {
          "*": "Material.default"
        }
      ]
    },
    "controller.render.onbir": {
      "textures": [
        "Texture.onbir"
      ],
      "geometry": "Geometry.had",
      "materials": [
        {
          "*": "Material.default"
        }
      ]
    },
    "controller.render.onikki": {
      "textures": [
        "Texture.onikki"
      ],
      "geometry": "Geometry.had",
      "materials": [
        {
          "*": "Material.default"
        }
      ]
    },
    "controller.render.onuch": {
      "textures": [
        "Texture.onuch"
      ],
      "geometry": "Geometry.had",
      "materials": [
        {
          "*": "Material.default"
        }
      ]
    },
    "controller.render.ontort": {
      "textures": [
        "Texture.ontort"
      ],
      "geometry": "Geometry.had",
      "materials": [
        {
          "*": "Material.default"
        }
      ]
    },
    "controller.render.onbesh": {
      "textures": [
        "Texture.onbesh"
      ],
      "geometry": "Geometry.had",
      "materials": [
        {
          "*": "Material.default"
        }
      ]
    },
    "controller.render.onyetti": {
      "textures": [
        "Texture.onyetti"
      ],
      "geometry": "Geometry.had",
      "materials": [
        {
          "*": "Material.default"
        }
      ]
    },
    "controller.render.onolti": {
      "textures": [
        "Texture.onolti"
      ],
      "geometry": "Geometry.had",
      "materials": [
        {
          "*": "Material.default"
        }
      ]
    },
    "controller.render.scorp": {
      "textures": [
        "Texture.scorpion"
      ],
      "geometry": "Geometry.scorpion",
      "materials": [
        {
          "*": "Material.default"
        }
      ]
    },
    "controller.render.w1": {
      "textures": [
        "Texture.w1"
      ],
      "geometry": "Geometry.had",
      "materials": [
        {
          "*": "Material.sl"
        }
      ]
    },
    "controller.render.w2": {
      "textures": [
        "Texture.w2"
      ],
      "geometry": "Geometry.had",
      "materials": [
        {
          "*": "Material.sl"
        }
      ]
    },
    "controller.render.w3": {
      "textures": [
        "Texture.w3"
      ],
      "geometry": "Geometry.had",
      "materials": [
        {
          "*": "Material.sl"
        }
      ]
    },
    "controller.render.w4": {
      "textures": [
        "Texture.w4"
      ],
      "geometry": "Geometry.had",
      "materials": [
        {
          "*": "Material.sl"
        }
      ]
    },
    "controller.render.w5": {
      "textures": [
        "Texture.w5"
      ],
      "geometry": "Geometry.had",
      "materials": [
        {
          "*": "Material.sl"
        }
      ]
    },
    "controller.render.w6": {
      "textures": [
        "Texture.w6"
      ],
      "geometry": "Geometry.had",
      "materials": [
        {
          "*": "Material.sl"
        }
      ]
    },
    "controller.render.w7": {
      "textures": [
        "Texture.w7"
      ],
      "geometry": "Geometry.had",
      "materials": [
        {
          "*": "Material.sl"
        }
      ]
    },
    "controller.render.w8": {
      "textures": [
        "Texture.w8"
      ],
      "geometry": "Geometry.had",
      "materials": [
        {
          "*": "Material.sl"
        }
      ]
    }
  }
}