{
  "format_version": "1.8.0",
  "render_controllers": {
    "controller.render.player.obi": {
      "geometry": "Geometry.obi",
      "materials": [ { "*": "Material.default" } ],
      "textures": [ "Texture.obi" ],
      "part_visibility": [
        { "*": false },
        { "rightArm": "query.mark_variant == 19 || query.get_equipped_item_name(0, 1) == '' || query.get_equipped_item_name(0, 1) == 'map'" },
        { "rightSleeve": false },
        { "leftArm": "query.mark_variant == 19 && (query.get_equipped_item_name(0, 1) == 'map' && query.get_equipped_item_name('off_hand') != 'shield') || (query.get_equipped_item_name('off_hand') == 'map' && !query.item_is_charged) || (!query.item_is_charged && (variable.item_use_normalized > 0 && variable.item_use_normalized < 1.0))" },
        { "leftSleeve": false },
        { "head": false },
        { "hat": false },
        { "body": false },
        { "jacket": false },
        { "rightLeg": false },
        { "leftLeg": false },
        { "rightPants": false },
        { "leftPants": false }
      ]
    },
    "controller.render.player.rhinoo": {
      "geometry": "Geometry.rhino",
      "materials": [ { "*": "Material.default" } ],
      "textures": [ "Texture.rhino" ],
      "part_visibility": [
        { "*": true },
        { "head": "query.mark_variant == 0" },
        { "qanot19": "query.mark_variant <= 19" },
        { "body": "query.mark_variant <= 19" },
        { "rightArm": "query.mark_variant <= 19" },
        { "leftArm": "query.mark_variant <= 19" },
        { "rightArm2": "query.mark_variant <= 19" },
        { "leftArm2": "query.mark_variant <= 19" },
        { "rightLeg": "query.mark_variant <= 19" },
        { "leftLeg": "query.mark_variant <= 19" },
        { "leftPants": false }
      ]
    }
    "controller.render.player.vultr": {
      "geometry": "Geometry.vulture",
      "materials": [ { "*": "Material.glow" } ],
      "textures": [ "Texture.vulture" ],
      "part_visibility": [
        { "*": true },
        { "head": "query.mark_variant == 18" },
        { "qanot": "query.mark_variant == 18" },
        { "body": "query.mark_variant <= 18" },
        { "qanot": "query.mark_variant <= 18" },
        { "rightArm": "query.mark_variant <= 18" },
        { "leftArm": "query.mark_variant <= 18" },
        { "qanot2": "query.mark_variant <= 18" },
        { "rightLeg": "query.mark_variant <= 18" },
        { "leftLeg": "query.mark_variant <= 18" },
        { "leftPants": false }
      ]
    },
    "controller.render.player.ggobln": {
      "geometry": "Geometry.greengoblin",
      "materials": [ { "*": "Material.default" } ],
      "textures": [ "Texture.greengoblin" ],
      "part_visibility": [
        { "*": true },
        { "head": "query.mark_variant == 14" },
        { "qanot": "query.mark_variant == 14" },
        { "body": "query.mark_variant <= 14" },
        { "rightArm": "query.mark_variant <= 14" },
        { "leftArm": "query.mark_variant <= 14" },
        { "root2": "query.mark_variant <= 14" },
        { "rightLeg": "query.mark_variant <= 14" },
        { "leftLeg": "query.mark_variant <= 14" },
        { "leftPants": false }
      ]
    },
    "controller.render.player.miless": {
      "geometry": "Geometry.miles",
      "materials": [ { "*": "Material.default" } ],
      "textures": [ "Texture.miles" ],
      "part_visibility": [
        { "*": true },
        { "head": "query.mark_variant == 8 && !query.is_sneaking" },
        { "body": "query.mark_variant <= 8 && !query.is_sneaking" },
        { "rightArm": "query.mark_variant <= 8 && !query.is_sneaking" },
        { "leftArm": "query.mark_variant <= 8 && !query.is_sneaking" },
        { "rightLeg": "query.mark_variant <= 8 && !query.is_sneaking" },
        { "leftLeg": "query.mark_variant <= 8 && !query.is_sneaking" },
        { "leftPants": false }
      ]
    },
    "controller.render.player.milessmcu": {
      "geometry": "Geometry.milesmcu",
      "materials": [ { "*": "Material.default" } ],
      "textures": [ "Texture.milesmcu" ],
      "part_visibility": [
        { "*": true },
        { "head": "query.mark_variant == 13 && !query.is_sneaking" },
        { "body": "query.mark_variant <= 13 && !query.is_sneaking" },
        { "rightArm": "query.mark_variant <= 13 && !query.is_sneaking" },
        { "leftArm": "query.mark_variant <= 13 && !query.is_sneaking" },
        { "rightLeg": "query.mark_variant <= 13 && !query.is_sneaking" },
        { "leftLeg": "query.mark_variant <= 13 && !query.is_sneaking" },
        { "leftPants": false }
      ]
    }
  }
}
