{
  "format_version": "1.8.0",
  "render_controllers": {
    "controller.render.player.tasm": {
      "geometry": "Geometry.ffh",
      "materials": [ { "*": "Material.default" } ],
      "textures": [ "Texture.tasm" ],
      "part_visibility": [
        { "*": false },
        { "rightArm": "query.mark_variant == 6 || query.get_equipped_item_name(0, 1) == '' || query.get_equipped_item_name(0, 1) == 'map'" },
        { "rightSleeve": false },
        { "leftArm": "query.mark_variant == 6 || (query.get_equipped_item_name(0, 1) == 'map' && query.get_equipped_item_name('off_hand') != 'shield') || (query.get_equipped_item_name('off_hand') == 'map' && !query.item_is_charged) || (!query.item_is_charged && (variable.item_use_normalized > 0 && variable.item_use_normalized < 1.0))" },
        { "leftSleeve": false },
        { "head": false },
        { "hat": false },
        { "body": false },
        { "jacket": false },
        { "rightLeg": false },
        { "leftLeg": false },
        { "rightPants": false },
        { "leftPants": false }
      ]
    },
    "controller.render.player.ps4": {
      "geometry": "Geometry.ps4",
      "materials": [ { "*": "Material.default" } ],
      "textures": [ "Texture.ps4" ],
      "part_visibility": [
        { "*": false },
        { "rightArm": "query.mark_variant == 9 || query.get_equipped_item_name(0, 1) == '' || query.get_equipped_item_name(0, 1) == 'map'" },
        { "rightSleeve": false },
        { "leftArm": "query.mark_variant == 9 || (query.get_equipped_item_name(0, 1) == 'map' && query.get_equipped_item_name('off_hand') != 'shield') || (query.get_equipped_item_name('off_hand') == 'map' && !query.item_is_charged) || (!query.item_is_charged && (variable.item_use_normalized > 0 && variable.item_use_normalized < 1.0))" },
        { "leftSleeve": false },
        { "head": false },
        { "hat": false },
        { "body": false },
        { "jacket": false },
        { "rightLeg": false },
        { "leftLeg": false },
        { "rightPants": false },
        { "leftPants": false }
      ]
    },
    "controller.render.player.raimi": {
      "geometry": "Geometry.raimi",
      "materials": [ { "*": "Material.default" } ],
      "textures": [ "Texture.raimi" ],
      "part_visibility": [
        { "*": false },
        { "rightArm": "query.mark_variant == 5 || query.get_equipped_item_name(0, 1) == '' || query.get_equipped_item_name(0, 1) == 'map'" },
        { "rightSleeve": false },
        { "leftArm": "query.mark_variant == 5 || (query.get_equipped_item_name(0, 1) == 'map' && query.get_equipped_item_name('off_hand') != 'shield') || (query.get_equipped_item_name('off_hand') == 'map' && !query.item_is_charged) || (!query.item_is_charged && (variable.item_use_normalized > 0 && variable.item_use_normalized < 1.0))" },
        { "leftSleeve": false },
        { "head": false },
        { "hat": false },
        { "body": false },
        { "jacket": false },
        { "rightLeg": false },
        { "leftLeg": false },
        { "rightPants": false },
        { "leftPants": false }
      ]
    },
    "controller.render.player.spiderman": {
      "geometry": "Geometry.spiderman",
      "materials": [ { "*": "Material.default" } ],
      "textures": [ "Texture.spiderman" ],
      "part_visibility": [
        { "*": false },
        { "rightArm": "query.mark_variant == 4 || query.get_equipped_item_name(0, 1) == '' || query.get_equipped_item_name(0, 1) == 'map'" },
        { "rightSleeve": false },
        { "leftArm": "query.mark_variant == 4 || (query.get_equipped_item_name(0, 1) == 'map' && query.get_equipped_item_name('off_hand') != 'shield') || (query.get_equipped_item_name('off_hand') == 'map' && !query.item_is_charged) || (!query.item_is_charged && (variable.item_use_normalized > 0 && variable.item_use_normalized < 1.0))" },
        { "leftSleeve": false },
        { "head": false },
        { "hat": false },
        { "body": false },
        { "jacket": false },
        { "rightLeg": false },
        { "leftLeg": false },
        { "rightPants": false },
        { "leftPants": false }
      ]
    },
    "controller.render.player.ironman": {
      "geometry": "Geometry.ironman",
      "materials": [ { "*": "Material.gl" } ],
      "textures": [ "Texture.ironman" ],
      "part_visibility": [
        { "*": false },
        { "rightArm": "query.mark_variant == 5 || query.get_equipped_item_name(0, 1) == '' || query.get_equipped_item_name(0, 1) == 'map'" },
        { "rightSleeve": false },
        { "leftArm": "query.mark_variant == 5 && (query.get_equipped_item_name(0, 1) == 'map' && query.get_equipped_item_name('off_hand') != 'shield') || (query.get_equipped_item_name('off_hand') == 'map' && !query.item_is_charged) || (!query.item_is_charged && (variable.item_use_normalized > 0 && variable.item_use_normalized < 1.0))" },
        { "leftSleeve": false },
        { "head": "query.scoreboard('thor') == 50" },
        { "hat": false },
        { "body": false },
        { "jacket": false },
        { "rightLeg": false },
        { "leftLeg": false },
        { "rightPants": false },
        { "leftPants": false }
      ]
    },
    "controller.render.player.mysterio": {
      "geometry": "Geometry.mysterio",
      "materials": [ { "*": "Material.default" } ],
      "textures": [ "Texture.mysterio" ],
      "part_visibility": [
        { "*": false },
        { "rightArm": "query.mark_variant == 7 || query.get_equipped_item_name(0, 1) == '' || query.get_equipped_item_name(0, 1) == 'map'" },
        { "rightSleeve": false },
        { "leftArm": "query.mark_variant == 7 || (query.get_equipped_item_name(0, 1) == 'map' && query.get_equipped_item_name('off_hand') != 'shield') || (query.get_equipped_item_name('off_hand') == 'map' && !query.item_is_charged) || (!query.item_is_charged && (variable.item_use_normalized > 0 && variable.item_use_normalized < 1.0))" },
        { "leftSleeve": false },
        { "head": false },
        { "hat": false },
        { "body": false },
        { "jacket": false },
        { "rightLeg": false },
        { "leftLeg": false },
        { "rightPants": false },
        { "leftPants": false }
      ]
    },
    "controller.render.player.ffh": {
      "geometry": "Geometry.spffh",
      "materials": [ { "*": "Material.default" } ],
      "textures": [ "Texture.ffh" ],
      "part_visibility": [
        { "*": false },
        { "rightArm": "query.mark_variant == 3 || query.get_equipped_item_name(0, 1) == '' || query.get_equipped_item_name(0, 1) == 'map'" },
        { "rightSleeve": false },
        { "leftArm": "query.mark_variant == 3 || (query.get_equipped_item_name(0, 1) == 'map' && query.get_equipped_item_name('off_hand') != 'shield') || (query.get_equipped_item_name('off_hand') == 'map' && !query.item_is_charged) || (!query.item_is_charged && (variable.item_use_normalized > 0 && variable.item_use_normalized < 1.0))" },
        { "leftSleeve": false },
        { "head": false },
        { "hat": false },
        { "body": false },
        { "jacket": false },
        { "rightLeg": false },
        { "leftLeg": false },
        { "rightPants": false },
        { "leftPants": false }
      ]
    },
    "controller.render.player.scorpion": {
      "geometry": "Geometry.scorpion",
      "materials": [ { "*": "Material.default" } ],
      "textures": [ "Texture.scorpion" ],
      "part_visibility": [
        { "*": false },
        { "rightArm": "query.mark_variant == 2 || query.get_equipped_item_name(0, 1) == '' || query.get_equipped_item_name(0, 1) == 'map'" },
        { "rightSleeve": false },
        { "leftArm": "query.mark_variant == 2 || (query.get_equipped_item_name(0, 1) == 'map' && query.get_equipped_item_name('off_hand') != 'shield') || (query.get_equipped_item_name('off_hand') == 'map' && !query.item_is_charged) || (!query.item_is_charged && (variable.item_use_normalized > 0 && variable.item_use_normalized < 1.0))" },
        { "leftSleeve": false },
        { "head": false },
        { "hat": false },
        { "body": false },
        { "jacket": false },
        { "rightLeg": false },
        { "leftLeg": false },
        { "rightPants": false },
        { "leftPants": false }
      ]
    },
    "controller.render.player.miles": {
      "geometry": "Geometry.miles",
      "materials": [ { "*": "Material.default" } ],
      "textures": [ "Texture.miles" ],
      "part_visibility": [
        { "*": false },
        { "rightArm": "query.mark_variant == 8 || query.get_equipped_item_name(0, 1) == '' || query.get_equipped_item_name(0, 1) == 'map'" },
        { "rightSleeve": false },
        { "leftArm": "query.mark_variant == 8 || (query.get_equipped_item_name(0, 1) == 'map' && query.get_equipped_item_name('off_hand') != 'shield') || (query.get_equipped_item_name('off_hand') == 'map' && !query.item_is_charged) || (!query.item_is_charged && (variable.item_use_normalized > 0 && variable.item_use_normalized < 1.0))" },
        { "leftSleeve": false },
        { "head": false },
        { "hat": false },
        { "body": false },
        { "jacket": false },
        { "rightLeg": false },
        { "leftLeg": false },
        { "rightPants": false },
        { "leftPants": false }
      ]
    },
    "controller.render.player.tasmfirst": {
      "geometry": "Geometry.tazm",
      "materials": [ { "*": "Material.default" } ],
      "textures": [ "Texture.tasmfirst" ],
      "part_visibility": [
        { "*": false },
        { "rightArm": "query.mark_variant == 10 || query.get_equipped_item_name(0, 1) == '' || query.get_equipped_item_name(0, 1) == 'map'" },
        { "rightSleeve": false },
        { "leftArm": "query.mark_variant == 10 || (query.get_equipped_item_name(0, 1) == 'map' && query.get_equipped_item_name('off_hand') != 'shield') || (query.get_equipped_item_name('off_hand') == 'map' && !query.item_is_charged) || (!query.item_is_charged && (variable.item_use_normalized > 0 && variable.item_use_normalized < 1.0))" },
        { "leftSleeve": false },
        { "head": false },
        { "hat": false },
        { "body": false },
        { "jacket": false },
        { "rightLeg": false },
        { "leftLeg": false },
        { "rightPants": false },
        { "leftPants": false }
      ]
    },
    "controller.render.player.bigtime": {
      "geometry": "Geometry.bigtime",
      "materials": [ { "*": "Material.default" } ],
      "textures": [ "Texture.bigtime" ],
      "part_visibility": [
        { "*": false },
        { "rightArm": "query.mark_variant == 11 || query.get_equipped_item_name(0, 1) == '' || query.get_equipped_item_name(0, 1) == 'map'" },
        { "rightSleeve": false },
        { "leftArm": "query.mark_variant == 11 || (query.get_equipped_item_name(0, 1) == 'map' && query.get_equipped_item_name('off_hand') != 'shield') || (query.get_equipped_item_name('off_hand') == 'map' && !query.item_is_charged) || (!query.item_is_charged && (variable.item_use_normalized > 0 && variable.item_use_normalized < 1.0))" },
        { "leftSleeve": false },
        { "head": false },
        { "hat": false },
        { "body": false },
        { "jacket": false },
        { "rightLeg": false },
        { "leftLeg": false },
        { "rightPants": false },
        { "leftPants": false }
      ]
    },
    "controller.render.player.scarlet": {
      "geometry": "Geometry.scarlet",
      "materials": [ { "*": "Material.default" } ],
      "textures": [ "Texture.scarlet" ],
      "part_visibility": [
        { "*": false },
        { "rightArm": "query.mark_variant == 12 || query.get_equipped_item_name(0, 1) == '' || query.get_equipped_item_name(0, 1) == 'map'" },
        { "rightSleeve": false },
        { "leftArm": "query.mark_variant == 12 || (query.get_equipped_item_name(0, 1) == 'map' && query.get_equipped_item_name('off_hand') != 'shield') || (query.get_equipped_item_name('off_hand') == 'map' && !query.item_is_charged) || (!query.item_is_charged && (variable.item_use_normalized > 0 && variable.item_use_normalized < 1.0))" },
        { "leftSleeve": false },
        { "head": false },
        { "hat": false },
        { "body": false },
        { "jacket": false },
        { "rightLeg": false },
        { "leftLeg": false },
        { "rightPants": false },
        { "leftPants": false }
      ]
    },
    "controller.render.player.milesmcu": {
      "geometry": "Geometry.uyda",
      "materials": [ { "*": "Material.default" } ],
      "textures": [ "Texture.milesmcu" ],
      "part_visibility": [
        { "*": false },
        { "rightArm": "query.mark_variant == 13 || query.get_equipped_item_name(0, 1) == '' || query.get_equipped_item_name(0, 1) == 'map'" },
        { "rightSleeve": false },
        { "leftArm": "query.mark_variant == 13 || (query.get_equipped_item_name(0, 1) == 'map' && query.get_equipped_item_name('off_hand') != 'shield') || (query.get_equipped_item_name('off_hand') == 'map' && !query.item_is_charged) || (!query.item_is_charged && (variable.item_use_normalized > 0 && variable.item_use_normalized < 1.0))" },
        { "leftSleeve": false },
        { "head": false },
        { "hat": false },
        { "body": false },
        { "jacket": false },
        { "rightLeg": false },
        { "leftLeg": false },
        { "rightPants": false },
        { "leftPants": false }
      ]
    },
    "controller.render.player.greengoblin": {
      "geometry": "Geometry.greengoblin",
      "materials": [ { "*": "Material.default" } ],
      "textures": [ "Texture.greengoblin" ],
      "part_visibility": [
        { "*": false },
        { "rightArm": "query.mark_variant == 14 || query.get_equipped_item_name(0, 1) == '' || query.get_equipped_item_name(0, 1) == 'map'" },
        { "rightSleeve": false },
        { "leftArm": "query.mark_variant == 14 || (query.get_equipped_item_name(0, 1) == 'map' && query.get_equipped_item_name('off_hand') != 'shield') || (query.get_equipped_item_name('off_hand') == 'map' && !query.item_is_charged) || (!query.item_is_charged && (variable.item_use_normalized > 0 && variable.item_use_normalized < 1.0))" },
        { "leftSleeve": false },
        { "head": false },
        { "hat": false },
        { "body": false },
        { "jacket": false },
        { "rightLeg": false },
        { "leftLeg": false },
        { "rightPants": false },
        { "leftPants": false }
      ]
    },
    "controller.render.player.superior": {
      "geometry": "Geometry.superior",
      "materials": [ { "*": "Material.default" } ],
      "textures": [ "Texture.superior" ],
      "part_visibility": [
        { "*": false },
        { "rightArm": "query.mark_variant == 15 || query.get_equipped_item_name(0, 1) == '' || query.get_equipped_item_name(0, 1) == 'map'" },
        { "rightSleeve": false },
        { "leftArm": "query.mark_variant == 15 || (query.get_equipped_item_name(0, 1) == 'map' && query.get_equipped_item_name('off_hand') != 'shield') || (query.get_equipped_item_name('off_hand') == 'map' && !query.item_is_charged) || (!query.item_is_charged && (variable.item_use_normalized > 0 && variable.item_use_normalized < 1.0))" },
        { "leftSleeve": false },
        { "head": false },
        { "hat": false },
        { "body": false },
        { "jacket": false },
        { "rightLeg": false },
        { "leftLeg": false },
        { "rightPants": false },
        { "leftPants": false }
      ]
    },
    "controller.render.player.spiderman2099": {
      "geometry": "Geometry.spiderman2099",
      "materials": [ { "*": "Material.default" } ],
      "textures": [ "Texture.spiderman2099" ],
      "part_visibility": [
        { "*": false },
        { "rightArm": "query.mark_variant == 16 || query.get_equipped_item_name(0, 1) == '' || query.get_equipped_item_name(0, 1) == 'map'" },
        { "rightSleeve": false },
        { "leftArm": "query.mark_variant == 16 || (query.get_equipped_item_name(0, 1) == 'map' && query.get_equipped_item_name('off_hand') != 'shield') || (query.get_equipped_item_name('off_hand') == 'map' && !query.item_is_charged) || (!query.item_is_charged && (variable.item_use_normalized > 0 && variable.item_use_normalized < 1.0))" },
        { "leftSleeve": false },
        { "head": false },
        { "hat": false },
        { "body": false },
        { "jacket": false },
        { "rightLeg": false },
        { "leftLeg": false },
        { "rightPants": false },
        { "leftPants": false }
      ]
    },
    "controller.render.player.prowler": {
      "geometry": "Geometry.prowler",
      "materials": [ { "*": "Material.default" } ],
      "textures": [ "Texture.prowler" ],
      "part_visibility": [
        { "*": false },
        { "rightArm": "query.mark_variant == 17 || query.get_equipped_item_name(0, 1) == '' || query.get_equipped_item_name(0, 1) == 'map'" },
        { "rightSleeve": false },
        { "leftArm": "query.mark_variant == 17 || (query.get_equipped_item_name(0, 1) == 'map' && query.get_equipped_item_name('off_hand') != 'shield') || (query.get_equipped_item_name('off_hand') == 'map' && !query.item_is_charged) || (!query.item_is_charged && (variable.item_use_normalized > 0 && variable.item_use_normalized < 1.0))" },
        { "leftSleeve": false },
        { "head": false },
        { "hat": false },
        { "body": false },
        { "jacket": false },
        { "rightLeg": false },
        { "leftLeg": false },
        { "rightPants": false },
        { "leftPants": false }
      ]
    },
    "controller.render.player.vulture": {
      "geometry": "Geometry.vulture",
      "materials": [ { "*": "Material.default" } ],
      "textures": [ "Texture.vulture" ],
      "part_visibility": [
        { "*": false },
        { "rightArm": "query.mark_variant == 18 || query.get_equipped_item_name(0, 1) == '' || query.get_equipped_item_name(0, 1) == 'map'" },
        { "rightSleeve": false },
        { "leftArm": "query.mark_variant == 18 || (query.get_equipped_item_name(0, 1) == 'map' && query.get_equipped_item_name('off_hand') != 'shield') || (query.get_equipped_item_name('off_hand') == 'map' && !query.item_is_charged) || (!query.item_is_charged && (variable.item_use_normalized > 0 && variable.item_use_normalized < 1.0))" },
        { "leftSleeve": false },
        { "head": false },
        { "hat": false },
        { "body": false },
        { "jacket": false },
        { "rightLeg": false },
        { "leftLeg": false },
        { "rightPants": false },
        { "leftPants": false }
      ]
    },
    "controller.render.player.rhino": {
      "geometry": "Geometry.rhino",
      "materials": [ { "*": "Material.default" } ],
      "textures": [ "Texture.rhino" ],
      "part_visibility": [
        { "*": false },
        { "rightArm": "query.mark_variant == 19 || query.get_equipped_item_name(0, 1) == '' || query.get_equipped_item_name(0, 1) == 'map'" },
        { "rightSleeve": false },
        { "leftArm": "query.mark_variant == 19 || (query.get_equipped_item_name(0, 1) == 'map' && query.get_equipped_item_name('off_hand') != 'shield') || (query.get_equipped_item_name('off_hand') == 'map' && !query.item_is_charged) || (!query.item_is_charged && (variable.item_use_normalized > 0 && variable.item_use_normalized < 1.0))" },
        { "leftSleeve": false },
        { "head": false },
        { "hat": false },
        { "body": false },
        { "jacket": false },
        { "rightLeg": false },
        { "leftLeg": false },
        { "rightPants": false },
        { "leftPants": false }
      ]
    },
    "controller.render.player.docock": {
      "geometry": "Geometry.docock",
      "materials": [ { "*": "Material.default" } ],
      "textures": [ "Texture.docock" ],
      "part_visibility": [
        { "*": false },
        { "rightArm": "query.mark_variant == 20 || query.get_equipped_item_name(0, 1) == '' || query.get_equipped_item_name(0, 1) == 'map'" },
        { "rightSleeve": false },
        { "leftArm": "query.mark_variant == 20 || (query.get_equipped_item_name(0, 1) == 'map' && query.get_equipped_item_name('off_hand') != 'shield') || (query.get_equipped_item_name('off_hand') == 'map' && !query.item_is_charged) || (!query.item_is_charged && (variable.item_use_normalized > 0 && variable.item_use_normalized < 1.0))" },
        { "leftSleeve": false },
        { "head": false },
        { "hat": false },
        { "body": false },
        { "jacket": false },
        { "rightLeg": false },
        { "leftLeg": false },
        { "rightPants": false },
        { "leftPants": false }
      ]
    }
  }
}
