{
  "format_version": "1.12",
  "minecraft:recipe_shaped": {
    "description": {
      "identifier": "chitauri_a76e4d71"
    },
    "tags": [
      "crafting_table"
    ],
    "pattern": [
      "ABC"
    ],
    "key": {
      "A": {
        "item": "minecraft:dye",
        "data": 5
      },
      "B": {
        "item": "minecraft:monster_egg",
        "data": 0
      },
      "C": {
        "item": "minecraft:dye",
        "data": 18
      }
    },
    "result": {
      "item": "mc:chitauri",
      "count": 1
    }
  }
}