{
  "format_version": "1.12",
  "minecraft:recipe_shaped": {
    "description": {
      "identifier": "chitaurigun_e13672a5"
    },
    "tags": [
      "crafting_table"
    ],
    "pattern": [
      "A  ",
      " B ",
      " AC"
    ],
    "key": {
      "A": {
        "item": "mc:chitauri",
        "data": 0
      },
      "B": {
        "item": "minecraft:polished_blackstone_brick_wall",
        "data": 0
      },
      "C": {
        "item": "minecraft:blackstone_wall",
        "data": 0
      }
    },
    "result": {
      "item": "mc:chitaurigun",
      "count": 1
    }
  }
}