{
  "format_version": "1.12",
  "minecraft:recipe_shaped": {
    "description": {
      "identifier": "prowler_42d4ecae"
    },
    "tags": [
      "crafting_table"
    ],
    "pattern": [
      "A",
      "B",
      "C"
    ],
    "key": {
      "A": {
        "item": "minecraft:dye",
        "data": 5
      },
      "B": {
        "item": "mc:bluemater",
        "data": 0
      },
      "C": {
        "item": "minecraft:leather_helmet",
        "data": 0
      }
    },
    "result": {
      "item": "mc:prowler",
      "count": 1
    }
  }
}