{
  "format_version": "1.12",
  "minecraft:recipe_shaped": {
    "description": {
      "identifier": "suitdata_ba406ee6"
    },
    "tags": [
      "crafting_table"
    ],
    "pattern": [
      " A ",
      "ABC"
    ],
    "key": {
      "A": {
        "item": "mc:redmater",
        "data": 0
      },
      "B": {
        "item": "minecraft:leather_helmet",
        "data": 0
      },
      "C": {
        "item": "mc:bluemater",
        "data": 0
      }
    },
    "result": {
      "item": "mc:suitdata",
      "count": 1
    }
  }
}