{
  "format_version": "1.12",
  "minecraft:recipe_shaped": {
    "description": {
      "identifier": "vulture_4def0554"
    },
    "tags": [
      "crafting_table"
    ],
    "pattern": [
      " AB",
      " C ",
      " D "
    ],
    "key": {
      "A": {
        "item": "minecraft:dye",
        "data": 5
      },
      "B": {
        "item": "mc:bluemater",
        "data": 0
      },
      "C": {
        "item": "minecraft:dye",
        "data": 2
      },
      "D": {
        "item": "minecraft:leather_helmet",
        "data": 0
      }
    },
    "result": {
      "item": "mc:vulture",
      "count": 1
    }
  }
}