{
  "format_version": "1.12",
  "minecraft:recipe_shaped": {
    "description": {
      "identifier": "webset_631c17de"
    },
    "tags": [
      "crafting_table"
    ],
    "pattern": [
      "ABB",
      "ACA",
      " D "
    ],
    "key": {
      "A": {
        "item": "mc:webliquid",
        "data": 0
      },
      "B": {
        "item": "mc:webliquidbottle",
        "data": 0
      },
      "C": {
        "item": "mc:webshooter",
        "data": 0
      },
      "D": {
        "item": "mc:metallmater",
        "data": 0
      }
    },
    "result": {
      "item": "mc:webset",
      "count": 1
    }
  }
}