{
  "format_version": "1.12",
  "minecraft:recipe_shaped": {
    "description": {
      "identifier": "webszip_efad826b"
    },
    "tags": [
      "crafting_table"
    ],
    "pattern": [
      "AB ",
      " B ",
      "AC "
    ],
    "key": {
      "A": {
        "item": "mc:metallmater",
        "data": 0
      },
      "B": {
        "item": "mc:webliquid",
        "data": 0
      },
      "C": {
        "item": "mc:webliquidbottle",
        "data": 0
      }
    },
    "result": {
      "item": "mc:webszip",
      "count": 1
    }
  }
}