{
  "format_version": "1.12",
  "minecraft:recipe_shaped": {
    "description": {
      "identifier": "webswing_d9950be0"
    },
    "tags": [
      "crafting_table"
    ],
    "pattern": [
      "A",
      "B",
      "C"
    ],
    "key": {
      "A": {
        "item": "mc:metallmater",
        "data": 0
      },
      "B": {
        "item": "mc:webliquidbottle",
        "data": 0
      },
      "C": {
        "item": "mc:webliquid",
        "data": 0
      }
    },
    "result": {
      "item": "mc:webswing",
      "count": 1
    }
  }
}