{
  "format_version": "1.12",
  "minecraft:recipe_shaped": {
    "description": {
      "identifier": "webbomb_ef76edde"
    },
    "tags": [
      "crafting_table"
    ],
    "pattern": [
      "ABB",
      "ACA"
    ],
    "key": {
      "A": {
        "item": "mc:webliquid",
        "data": 0
      },
      "B": {
        "item": "mc:webliquidbottle",
        "data": 0
      },
      "C": {
        "item": "mc:webshooter",
        "data": 0
      }
    },
    "result": {
      "item": "mc:webbomb",
      "count": 1
    }
  }
}