{
  "format_version": "1.12",
  "minecraft:recipe_shaped": {
    "description": {
      "identifier": "mysterio_1ae69e6e"
    },
    "tags": [
      "crafting_table"
    ],
    "pattern": [
      "A",
      "B",
      "C"
    ],
    "key": {
      "A": {
        "item": "minecraft:glass_pane",
        "data": 0
      },
      "B": {
        "item": "minecraft:dye",
        "data": 2
      },
      "C": {
        "item": "minecraft:dye",
        "data": 11
      }
    },
    "result": {
      "item": "nk:mysterio",
      "count": 1
    }
  }
}