{
  "format_version": "1.12",
  "minecraft:recipe_shaped": {
    "description": {
      "identifier": "spidermanps4_b0fd0dc4"
    },
    "tags": [
      "crafting_table"
    ],
    "pattern": [
      "ABC"
    ],
    "key": {
      "A": {
        "item": "mc:redmater",
        "data": 0
      },
      "B": {
        "item": "mc:metallmater",
        "data": 0
      },
      "C": {
        "item": "mc:bluemater",
        "data": 0
      }
    },
    "result": {
      "item": "nk:spidermanps4",
      "count": 1
    }
  }
}