{
  "format_version": "1.12",
  "minecraft:recipe_shaped": {
    "description": {
      "identifier": "spidermanscarlet_08ffa2a3"
    },
    "tags": [
      "crafting_table"
    ],
    "pattern": [
      " A ",
      "B B",
      "C C"
    ],
    "key": {
      "A": {
        "item": "mc:bluemater",
        "data": 0
      },
      "B": {
        "item": "mc:redmater",
        "data": 0
      },
      "C": {
        "item": "mc:metallmater",
        "data": 0
      }
    },
    "result": {
      "item": "nk:spidermanscarlet",
      "count": 1
    }
  }
}