{
  "format_version": "1.12",
  "minecraft:recipe_shaped": {
    "description": {
      "identifier": "spidermanraimi_9c917489"
    },
    "tags": [
      "crafting_table"
    ],
    "pattern": [
      "ABA",
      "CCC"
    ],
    "key": {
      "A": {
        "item": "mc:bluemater",
        "data": 0
      },
      "B": {
        "item": "mc:redmater",
        "data": 0
      },
      "C": {
        "item": "minecraft:string",
        "data": 0
      }
    },
    "result": {
      "item": "nk:spidermanraimi",
      "count": 1
    }
  }
}