{
  "format_version": "1.12",
  "minecraft:recipe_shaped": {
    "description": {
      "identifier": "spidermanffh_1fabe63f"
    },
    "tags": [
      "crafting_table"
    ],
    "pattern": [
      "ABC",
      "A C"
    ],
    "key": {
      "A": {
        "item": "mc:bluemater",
        "data": 0
      },
      "B": {
        "item": "mc:metallmater",
        "data": 0
      },
      "C": {
        "item": "mc:redmater",
        "data": 0
      }
    },
    "result": {
      "item": "nk:spidermanffh",
      "count": 1
    }
  }
}