{
	"format_version": "1.16.100",
	"minecraft:item": {
		"description": {
			"identifier": "df:bamboogun",
			"category": "equipment"
		},
		"components": {
			"minecraft:icon": {
				"texture": "df_bamboogun"
			},
			"minecraft:entity_placer": {
				"entity": "df:bamboogun"
			},
			"minecraft:max_stack_size": 16,
			"minecraft:creative_category": {
				"parent": "equipment"
			},
			"minecraft:render_offsets": {
				"main_hand": {
					"third_person": {
						"scale": [
							0.03,
							0.03,
							0.03
						]
					},
					"first_person": {
						"scale": [
							0.01,
							0.01,
							0.01
						]
					}
				}
			}
		}
	}
}