{
	"format_version": "1.17.0",
	"minecraft:item": {
		"description": {
			"identifier": "df:bom",
			"category": "equipment"
		},
		"components": {
			"minecraft:max_stack_size": 32,
			"minecraft:stacked_by_data": true,
			"minecraft:icon": {
				"texture": "bom"
			},
			"minecraft:display_name": {
				"value": "bom"
			},
			"minecraft:can_destroy_in_creative": false,
			"minecraft:creative_category": {
				"parent": "equipment"
			},
			"minecraft:throwable": {
				"do_swing_animation": true,
				"launch_power_scale": 2
			},
			"minecraft:projectile": {
				"projectile_entity": "df:bom"
			}
		}
	}
}