{
	"format_version": "1.16.100",
	"minecraft:item": {
		"description": {
			"identifier": "df:bullet_40mm",
			"category": "equipment"
		},
		"components": {
			"minecraft:icon": {
				"texture": "df_bullet_100mm"
			},
			"minecraft:max_stack_size": 10,
			"minecraft:creative_category": {
				"parent": "equipment"
			},
			"minecraft:cooldown": {
				"category": "40mm",
				"duration": 0.7
			},
			"minecraft:on_use": {
				"on_use": {
					"condition": "query.get_ride -> q.has_any_family('ravagertank')",
					"event": "shoot"
				}
			}
		},
		"events": {
			"shoot": {
				"run_command": {
					"command": [
						"clear @s df:bullet_40mm 0 1",
						"playsound medium.shoot @a ~ ~ ~ 1000"
					]
				},
				"shoot": {
					"projectile": "df:player_bullet_40",
					"angle_offset": 0,
					"launch_power": 3
				}
			}
		}
	}
}