{
	"format_version": "1.16.100",
	"minecraft:item": {
		"description": {
			"identifier": "df:enchanted_random",
			"category": "items"
		},
		"components": {
			"minecraft:icon": {
				"texture": "df_enchanted_random"
			},
			"minecraft:entity_placer": {
				"entity": "df:enchanted_random"
			},
			"minecraft:max_stack_size": 1,
			"minecraft:foil": true,
			"minecraft:creative_category": {
				"parent": "equipment"
			},
			"minecraft:render_offsets": {
				"main_hand": {
					"first_person": {
						"scale": [
							0.005,
							0.013333333333333334,
							0.005
						]
					},
					"third_person": {
						"scale": [
							0.008,
							0.013333333333333334,
							0.008
						]
					}
				}
			}
		}
	}
}