{
	"format_version": "1.16.100",
	"minecraft:item": {
		"description": {
			"identifier": "df:flintlock_model1",
			"category": "equipment"
		},
		"components": {
			"minecraft:icon": {
				"texture": "flintlock_model1"
			},
			"minecraft:max_stack_size": 1,
			"minecraft:hand_equipped": true,
			"minecraft:can_destroy_in_creative": false,
			"minecraft:durability": {
				"max_durability": 3
			},
			"minecraft:on_use": {
				"on_use": {
					"event": "df:shoot"
				}
			},
			"minecraft:creative_category": {
				"parent": "equipment"
			},
			"minecraft:cooldown": {
				"category": "flintlock",
				"duration": 1.5
			}
		},
		"events": {
			"df:shoot": {
				"sequence": [
					{
						"condition": "query.remaining_durability>0&&(query.is_item_name_any('slot.hotbar',0,'df:bullet')||query.is_item_name_any('slot.hotbar',1,'df:bullet')||query.is_item_name_any('slot.hotbar',2,'df:bullet')||query.is_item_name_any('slot.hotbar',3,'df:bullet')||query.is_item_name_any('slot.hotbar',4,'df:bullet')||query.is_item_name_any('slot.hotbar',5,'df:bullet')||query.is_item_name_any('slot.hotbar',6,'df:bullet')||query.is_item_name_any('slot.hotbar',7,'df:bullet')||query.is_item_name_any('slot.hotbar',8,'df:bullet')||query.is_item_name_any('slot.inventory',0,'df:bullet')||query.is_item_name_any('slot.inventory',1,'df:bullet')||query.is_item_name_any('slot.inventory',2,'df:bullet')||query.is_item_name_any('slot.inventory',3,'df:bullet')||query.is_item_name_any('slot.inventory',4,'df:bullet')||query.is_item_name_any('slot.inventory',5,'df:bullet')||query.is_item_name_any('slot.inventory',6,'df:bullet')||query.is_item_name_any('slot.inventory',7,'df:bullet')||query.is_item_name_any('slot.inventory',8,'df:bullet')||query.is_item_name_any('slot.inventory',9,'df:bullet')||query.is_item_name_any('slot.inventory',10,'df:bullet')||query.is_item_name_any('slot.inventory',11,'df:bullet')||query.is_item_name_any('slot.inventory',12,'df:bullet')||query.is_item_name_any('slot.inventory',13,'df:bullet')||query.is_item_name_any('slot.inventory',14,'df:bullet')||query.is_item_name_any('slot.inventory',15,'df:bullet')||query.is_item_name_any('slot.inventory',16,'df:bullet')||query.is_item_name_any('slot.inventory',17,'df:bullet')||query.is_item_name_any('slot.inventory',18,'df:bullet')||query.is_item_name_any('slot.inventory',19,'df:bullet')||query.is_item_name_any('slot.inventory',20,'df:bullet')||query.is_item_name_any('slot.inventory',21,'df:bullet')||query.is_item_name_any('slot.inventory',22,'df:bullet')||query.is_item_name_any('slot.inventory',23,'df:bullet')||query.is_item_name_any('slot.inventory',24,'df:bullet')||query.is_item_name_any('slot.inventory',25,'df:bullet')||query.is_item_name_any('slot.inventory',26,'df:bullet')||query.is_item_name_any('slot.inventory',27,'df:bullet'))",
						"shoot": {
							"projectile": "df:bullet",
							"launch_power": 3
						},
						"damage": {
							"type": "none",
							"amount": 1,
							"target": "self"
						},
						"run_command": {
							"command": [
								"clear @s df:bullet 0 1",
								"execute @s ~ ~ ~ playsound musketshoot.model1 @a ~ ~ ~ 10",
								"execute @s ~ ~ ~ particle minecraft:llama_spit_smoke ^-1 ^1 ^3",
								"camerashake add @p 0.1 0.1"
							],
							"target": "holder"
						}
					},
					{
						"condition": "query.remaining_durability==0&&(query.is_item_name_any('slot.hotbar',0,'df:gunpower_paper')||query.is_item_name_any('slot.hotbar',1,'df:gunpower_paper')||query.is_item_name_any('slot.hotbar',2,'df:gunpower_paper')||query.is_item_name_any('slot.hotbar',3,'df:gunpower_paper')||query.is_item_name_any('slot.hotbar',4,'df:gunpower_paper')||query.is_item_name_any('slot.hotbar',5,'df:gunpower_paper')||query.is_item_name_any('slot.hotbar',6,'df:gunpower_paper')||query.is_item_name_any('slot.hotbar',7,'df:gunpower_paper')||query.is_item_name_any('slot.hotbar',8,'df:gunpower_paper')||query.is_item_name_any('slot.inventory',0,'df:gunpower_paper')||query.is_item_name_any('slot.inventory',1,'df:gunpower_paper')||query.is_item_name_any('slot.inventory',2,'df:gunpower_paper')||query.is_item_name_any('slot.inventory',3,'df:gunpower_paper')||query.is_item_name_any('slot.inventory',4,'df:gunpower_paper')||query.is_item_name_any('slot.inventory',5,'df:gunpower_paper')||query.is_item_name_any('slot.inventory',6,'df:gunpower_paper')||query.is_item_name_any('slot.inventory',7,'df:gunpower_paper')||query.is_item_name_any('slot.inventory',8,'df:gunpower_paper')||query.is_item_name_any('slot.inventory',9,'df:gunpower_paper')||query.is_item_name_any('slot.inventory',10,'df:gunpower_paper')||query.is_item_name_any('slot.inventory',11,'df:gunpower_paper')||query.is_item_name_any('slot.inventory',12,'df:gunpower_paper')||query.is_item_name_any('slot.inventory',13,'df:gunpower_paper')||query.is_item_name_any('slot.inventory',14,'df:gunpower_paper')||query.is_item_name_any('slot.inventory',15,'df:gunpower_paper')||query.is_item_name_any('slot.inventory',16,'df:gunpower_paper')||query.is_item_name_any('slot.inventory',17,'df:gunpower_paper')||query.is_item_name_any('slot.inventory',18,'df:gunpower_paper')||query.is_item_name_any('slot.inventory',19,'df:gunpower_paper')||query.is_item_name_any('slot.inventory',20,'df:gunpower_paper')||query.is_item_name_any('slot.inventory',21,'df:gunpower_paper')||query.is_item_name_any('slot.inventory',22,'df:gunpower_paper')||query.is_item_name_any('slot.inventory',23,'df:gunpower_paper')||query.is_item_name_any('slot.inventory',24,'df:gunpower_paper')||query.is_item_name_any('slot.inventory',25,'df:gunpower_paper')||query.is_item_name_any('slot.inventory',26,'df:gunpower_paper')||query.is_item_name_any('slot.inventory',27,'df:gunpower_paper'))",
						"run_command": {
							"command": [
								"clear @s df:gunpower_paper 0 1",
								"replaceitem entity @s slot.weapon.mainhand 0 df:flintlock_model1 1 0",
								"execute @s ~ ~ ~ playsound musketlock.model1 @a ~ ~ ~ 10"
							],
							"target": "holder"
						}
					}
				]
			}
		}
	}
}