{
	"format_version": "1.16.100",
	"minecraft:item": {
		"description": {
			"category": "equipment",
			"identifier": "df:hammer_tool"
		},
		"components": {
			"minecraft:creative_category": {
				"parent": "itemGroup.name.pickaxe"
			},
			"minecraft:max_stack_size": 1,
			"minecraft:hand_equipped": true,
			"minecraft:durability": {
				"max_durability": 500
			},
			"minecraft:icon": {
				"texture": "df_hammer_tool"
			},
			"minecraft:repairable": {
				"repair_items": [
					{
						"items": [
							"df:hammer_tool"
						],
						"repair_amount": 20
					}
				]
			},
			"minecraft:mining_speed": 4,
			"minecraft:damage": 3,
			"minecraft:enchantable": {
				"value": 14,
				"slot": "pickaxe"
			},
			"tag:minecraft:is_pickaxe": {}
		}
	}
}