{
	"format_version": "1.16.100",
	"minecraft:item": {
		"description": {
			"identifier": "df:haste_effect",
			"category": "equipment"
		},
		"components": {
			"minecraft:icon": {
				"texture": "df_haste_effect"
			},
			"minecraft:creative_category": {
				"parent": "equipment"
			},
			"minecraft:foil": true,
			"minecraft:max_stack_size": 2,
			"minecraft:on_use": {
				"on_use": {
					"event": "use"
				}
			}
		},
		"events": {
			"use": {
				"add_mob_effect": {
					"effect": "haste",
					"amplifier": 3,
					"duration": 1200,
					"target": "holder"
				},
				"run_command": {
					"command": [
						"clear @s df:haste_effect 0 1"
					]
				}
			}
		}
	}
}