{
	"format_version": "1.16.100",
	"minecraft:item": {
		"description": {
			"identifier": "df:horse_car",
			"category": "equipment"
		},
		"components": {
			"minecraft:icon": {
				"texture": "df_horse_car"
			},
			"minecraft:max_stack_size": 1,
			"minecraft:creative_category": {
				"parent": "equipment"
			},
			"minecraft:entity_placer": {
				"entity": "df:horse_car"
			},
			"minecraft:render_offsets": {
				"main_hand": {
					"first_person": {
						"scale": [
							0.024,
							0.04,
							0.024
						]
					},
					"third_person": {
						"scale": [
							0.024,
							0.04,
							0.024
						]
					}
				},
				"off_hand": {
					"first_person": {
						"scale": [
							0.024,
							0.04,
							0.024
						]
					},
					"third_person": {
						"scale": [
							0.024,
							0.04,
							0.024
						]
					}
				}
			}
		}
	}
}