{
	"format_version": "1.16.100",
	"minecraft:item": {
		"description": {
			"identifier": "df:large_fireball",
			"category": "equipment"
		},
		"components": {
			"minecraft:icon": {
				"texture": "df_medium_fireball"
			},
			"minecraft:on_use": {
				"on_use": {
					"condition": "query.get_ride -> q.has_any_family('large_machine')",
					"event": "shoot"
				}
			},
			"minecraft:creative_category": {
				"parent": "equipment"
			},
			"minecraft:max_stack_size": 64,
			"minecraft:cooldown": {
				"category": "large",
				"duration": 0.5
			}
		},
		"events": {
			"shoot": {
				"run_command": {
					"command": [
						"clear @s df:large_fireball 0 1",
						"playsound mob.blaze.shoot @a ~ ~ ~ 50"
					]
				},
				"shoot": {
					"projectile": "df:large_fireball",
					"launch_power": 1,
					"angle_offset": 1
				}
			}
		}
	}
}