{
	"format_version": "1.17.0",
	"minecraft:item": {
		"description": {
			"identifier": "df:piglin_rifle_empty",
			"category": "equipment"
		},
		"components": {
			"minecraft:icon": {
				"texture": "piglin_rilfe"
			},
			"minecraft:max_stack_size": 1,
			"minecraft:hand_equipped": true,
			"minecraft:can_destroy_in_creative": false,
			"minecraft:creative_category": {
				"parent": "equipment"
			},
			"minecraft:render_offsets": {
				"main_hand": {
					"first_person": {
						"scale": [
							0,
							0,
							0
						]
					},
					"third_person": {
						"scale": [
							0,
							0,
							0
						]
					}
				}
			}
		}
	}
}