{
	"format_version": "1.16.100",
	"minecraft:item": {
		"description": {
			"identifier": "df:piglin_faction",
			"category": "equipment"
		},
		"components": {
			"minecraft:icon": {
				"texture": "df_piglin_faction"
			},
			"minecraft:foil": true,
			"minecraft:creative_category": {
				"parent": "equipment"
			},
			"minecraft:max_stack_size": 1,
			"minecraft:on_use": {
				"on_use": {
					"event": "use"
				}
			}
		},
		"events": {
			"use": {
				"sequence": [
					{
						"run_command": {
							"command": [
								"tag @s remove illager",
								"tag @s remove villager",
								"tag @s add piglin",
								"effect @s fire_resistance 999",
								"clear @s df:piglin_faction 0 1"
							]
						}
					}
				]
			}
		}
	}
}