{
	"format_version": "1.16.100",
	"minecraft:item": {
		"description": {
			"identifier": "df:piglin_tank_gun",
			"category": "items"
		},
		"components": {
			"minecraft:icon": {
				"texture": "df_piglin_tank_gun"
			},
			"minecraft:max_stack_size": 1,
			"minecraft:creative_category": {
				"parent": "items"
			},
			"minecraft:render_offsets": {
				"main_hand": {
					"third_person": {
						"scale": [
							0.05,
							0.05,
							0.05
						]
					},
					"first_person": {
						"scale": [
							0.018999999999988602,
							0.018999999999988602,
							0.018999999999988602
						]
					}
				},
				"off_hand": {
					"third_person": {
						"scale": [
							0.05,
							0.05,
							0.05
						]
					},
					"first_person": {
						"scale": [
							0.018999999999988602,
							0.018999999999988602,
							0.018999999999988602
						]
					}
				}
			}
		}
	}
}