{
	"format_version": "1.16.100",
	"minecraft:item": {
		"description": {
			"identifier": "df:stg44",
			"category": "equipment"
		},
		"components": {
			"minecraft:hand_equipped": true,
			"minecraft:use_duration": 3600,
			"minecraft:shooter": {
				"max_draw_duration": 1,
				"launch_power_scale": 1
			},
			"minecraft:icon": {
				"texture": "stg44"
			},
			"minecraft:render_offsets": {
				"main_hand": {
					"first_person": {
						"scale": [
							0,
							0,
							0
						]
					},
					"third_person": {
						"scale": [
							0,
							0,
							0
						]
					}
				}
			},
			"minecraft:max_stack_size": 1,
			"minecraft:creative_category": {
				"parent": "equipment"
			}
		}
	}
}