{
	"format_version": "1.16.100",
	"minecraft:item": {
		"description": {
			"identifier": "df:tanker_effect",
			"category": "equipment"
		},
		"components": {
			"minecraft:icon": {
				"texture": "df_tanker_effect"
			},
			"minecraft:creative_category": {
				"parent": "equipment"
			},
			"minecraft:foil": true,
			"minecraft:max_stack_size": 2,
			"minecraft:on_use": {
				"on_use": {
					"event": "use"
				}
			},
			"minecraft:render_offsets": {
				"main_hand": {
					"third_person": {
						"scale": [
							0.05,
							0.05,
							0.05
						]
					},
					"first_person": {
						"scale": [
							0.018999999999988602,
							0.018999999999988602,
							0.018999999999988602
						]
					}
				},
				"off_hand": {
					"third_person": {
						"scale": [
							0.05,
							0.05,
							0.05
						]
					},
					"first_person": {
						"scale": [
							0.018999999999988602,
							0.018999999999988602,
							0.018999999999988602
						]
					}
				}
			}
		},
		"events": {
			"use": {
				"sequence": [
					{
						"add_mob_effect": {
							"effect": "regeneration",
							"amplifier": 3,
							"duration": 1200,
							"target": "holder"
						}
					},
					{
						"add_mob_effect": {
							"effect": "resistance",
							"amplifier": 2,
							"duration": 1200,
							"target": "holder"
						}
					},
					{
						"run_command": {
							"command": [
								"clear @s df:tanker_effect 0 1"
							]
						}
					}
				]
			}
		}
	}
}