{
	"format_version": "1.16.100",
	"minecraft:item": {
		"description": {
			"identifier": "df:thermal_suit",
			"category": "equipment"
		},
		"components": {
			"minecraft:icon": {
				"texture": "df_thermal_suit"
			},
			"minecraft:max_stack_size": 32,
			"minecraft:creative_category": {
				"parent": "equipment"
			},
			"minecraft:render_offsets": {
				"main_hand": {
					"third_person": {
						"scale": [
							0.05,
							0.05,
							0.05
						]
					},
					"first_person": {
						"scale": [
							0.018999999999988602,
							0.018999999999988602,
							0.018999999999988602
						]
					}
				},
				"off_hand": {
					"third_person": {
						"scale": [
							0.05,
							0.05,
							0.05
						]
					},
					"first_person": {
						"scale": [
							0.018999999999988602,
							0.018999999999988602,
							0.018999999999988602
						]
					}
				}
			}
		}
	}
}