{
	"format_version": "1.16.100",
	"minecraft:item": {
		"description": {
			"identifier": "df:walkie_talkie_summon",
			"category": "equipment"
		},
		"components": {
			"minecraft:icon": {
				"texture": "bdth"
			},
			"minecraft:max_stack_size": 6,
			"minecraft:creative_category": {
				"parent": "equipment"
			},
			"minecraft:on_use": {
				"on_use": {
					"event": "summon"
				}
			}
		},
		"events": {
			"summon": {
				"run_command": {
					"command": [
						"summon df:piglin_brute_smg ~1 ~ ~",
						"summon df:piglin_brute_smg ~ ~ ~1",
						"summon df:piglin_brute_smg ~-1 ~ ~",
						"summon df:piglin_brute_smg ~ ~ ~-1",
						"summon piglin_brute ~2 ~ ~",
						"summon piglin_brute ~ ~ ~2",
						"summon piglin_brute ~-2 ~ ~",
						"summon piglin_brute ~ ~ ~-2",
						"clear @s df:walkie_talkie_summon 0 1"
					],
					"target": "holder"
				}
			}
		}
	}
}