{
	"format_version": "1.17.0",
	"sound_definitions": {
		//velociraptor
		"mob.velociraptor.idle": {
			"category": "hostile",
			"sounds": [
				"sounds/mob/velociraptor/idle1",
				"sounds/mob/velociraptor/idle5",
				"sounds/mob/velociraptor/idle4",
				"sounds/mob/velociraptor/idle3"
			]
		},
        "mob.velociraptor.hurt": {
			"category": "hostile",
			"sounds": [
				"sounds/mob/velociraptor/hurt",
				"sounds/mob/velociraptor/hurt2"
			]
		},
        "mob.velociraptor.attack": {
			"category": "hostile",
			"sounds": [
				"sounds/mob/velociraptor/attack1",
				"sounds/mob/velociraptor/attack2",
				"sounds/mob/velociraptor/attack3"
			]
		},
		"mob.velociraptor.jump": {
			"category": "hostile",
			"sounds": ["sounds/mob/velociraptor/jump"]
		},
		// indoraptor
		"mob.indoraptor.idle": {
			"category": "hostile",
			"sounds": [
				"sounds/mob/indoraptor/idle1",
				"sounds/mob/indoraptor/idle2"
			]
		},
        "mob.indoraptor.hurt": {
			"category": "hostile",
			"sounds": [
				"sounds/mob/indoraptor/hurt1",
				"sounds/mob/indoraptor/hurt2"
			]
		},
		"mob.indoraptor.death": {
			"category": "hostile",
			"sounds": [
				"sounds/mob/indoraptor/death1",
				"sounds/mob/indoraptor/death2"
			]
		},
        "mob.indoraptor.attack": {
			"category": "hostile",
			"sounds": ["sounds/mob/indoraptor/attack"]
		},
		"mob.indoraptor.step": {
			"category": "hostile",
			"sounds": ["sounds/mob/indoraptor/walk3"]
		},
		"mob.indoraptor.roar": {
			"category": "hostile",
			"sounds": ["sounds/mob/indoraptor/roar"]
		},
		// carnotaurus
		"mob.carnotaurus.idle": {
			"category": "hostile",
			"sounds": [
				"sounds/mob/carnotaurus/carnotaurus_living_1",
				"sounds/mob/carnotaurus/carnotaurus_living_2",
				"sounds/mob/carnotaurus/carnotaurus_living_3"
			]
		},
        "mob.carnotaurus.hurt": {
			"category": "hostile",
			"sounds": [
				"sounds/mob/carnotaurus/carnotaurus_hurt_1",
				"sounds/mob/carnotaurus/carnotaurus_hurt_2",
				"sounds/mob/carnotaurus/carnotaurus_hurt_3"
			]
		},
		"mob.carnotaurus.death": {
			"category": "hostile",
			"sounds": [
				"sounds/mob/carnotaurus/carnotaurus_death_1",
				"sounds/mob/carnotaurus/carnotaurus_death_2"
			]
		},
        "mob.carnotaurus.attack": {
			"category": "hostile",
			"sounds": [
				"sounds/mob/carnotaurus/carnotaurus_attack_1",
				"sounds/mob/carnotaurus/carnotaurus_attack_2",
				"sounds/mob/carnotaurus/carnotaurus_attack_3"
			]
		},
		"mob.carnotaurus.roar": {
			"category": "hostile",
			"sounds": [
				"sounds/mob/carnotaurus/carnotaurus_roar_1",
				"sounds/mob/carnotaurus/carnotaurus_roar_2",
				"sounds/mob/carnotaurus/carnotaurus_roar_3"
			]
		},
		// spinosaurus
		"mob.spinosaurus.idle": {
			"category": "hostile",
			"sounds": [
				"sounds/mob/spinosaurus/idle1",
				"sounds/mob/spinosaurus/idle2"
			]
		},
        "mob.spinosaurus.hurt": {
			"category": "hostile",
			"sounds": [
				"sounds/mob/spinosaurus/hurt1",
				"sounds/mob/spinosaurus/hurt2"
			]
		},
		"mob.spinosaurus.death": {
			"category": "hostile",
			"sounds": ["sounds/mob/spinosaurus/death1"]
		},
        "mob.spinosaurus.attack": {
			"category": "hostile",
			"sounds": ["sounds/mob/spinosaurus/attack1"]
		},
		"mob.spinosaurus.step": {
			"category": "hostile",
			"sounds": ["sounds/mob/spinosaurus/footstep1"]
		},
		"mob.spinosaurus.roar": {
			"category": "hostile",
			"sounds": ["sounds/mob/spinosaurus/roar1"]
		},
		// indominusrex
		"mob.indominusrex.idle": {
			"category": "hostile",
			"sounds": [
				"sounds/mob/indominusrex/idle1",
				"sounds/mob/indominusrex/idle2",
				"sounds/mob/indominusrex/idle3",
				"sounds/mob/indominusrex/idle4",
				"sounds/mob/indominusrex/idle5"
			]
		},
        "mob.indominusrex.hurt": {
			"category": "hostile",
			"sounds": ["sounds/mob/indominusrex/hurt"]
		},
		"mob.indominusrex.death": {
			"category": "hostile",
			"sounds": ["sounds/mob/indominusrex/death"]
		},
        "mob.indominusrex.attack": {
			"category": "hostile",
			"sounds": ["sounds/mob/indominusrex/attack"]
		},
		"mob.indominusrex.roar": {
			"category": "hostile",
			"sounds": ["sounds/mob/spinosaurus/roar1"]
		},
		// trex
		"mob.tyrannosaurus.idle": {
			"category": "hostile",
			"sounds": [
				"sounds/mob/tyranno/idle1",
				"sounds/mob/tyranno/idle2",
				"sounds/mob/tyranno/idle3",
				"sounds/mob/tyranno/idle4"
			]
		},
        "mob.tyrannosaurus.attack": {
			"category": "hostile",
			"sounds": [
			"sounds/mob/tyranno/tyrannosaurus_attack_1",
			"sounds/mob/tyranno/tyrannosaurus_attack_2"
		]
		},
		"mob.tyrannosaurus.lookaround1": {
			"category": "hostile",
			"sounds": [
			"sounds/mob/tyranno/lookaround1"
		]
		},
		"mob.tyrannosaurus.lookaround2": {
			"category": "hostile",
			"sounds": [
			"sounds/mob/tyranno/lookaround2"
		]
		},
		"mob.tyrannosaurus.roar": {
			"category": "hostile",
			"sounds": [
			"sounds/mob/tyranno/roar"
		]
		},
		"mob.tyrannosaurus.step": {
			"category": "hostile",
			"sounds": [
			"sounds/mob/tyranno/step",
			"sounds/mob/tyranno/step2"
		]
		},
		// giganotosaurus
		"mob.giganotosaurus.idle": {
			"category": "hostile",
			"sounds": [
				"sounds/mob/indominusrex/idle1",
				"sounds/mob/indominusrex/idle2"
			]
		},
        "mob.giganotosaurus.hurt": {
			"category": "hostile",
			"sounds": [
				"sounds/mob/giganotosaurus/hurt1",
				"sounds/mob/giganotosaurus/hurt2"
			]
		},
		"mob.giganotosaurus.death": {
			"category": "hostile",
			"sounds": ["sounds/mob/giganotosaurus/death1"]
		},
        "mob.giganotosaurus.attack": {
			"category": "hostile",
			"sounds": ["sounds/mob/giganotosaurus/attack1"]
		},
		"mob.giganotosaurus.roar": {
			"category": "hostile",
			"sounds": ["sounds/mob/giganotosaurus/roar1"]
		},
		// dilophosaurus
		"mob.dilophosaurus.idle": {
			"category": "hostile",
			"sounds": [
				"sounds/mob/diloo/TLW_Dilo_idle1",
				"sounds/mob/diloo/TLW_Dilo_idle2",
				"sounds/mob/diloo/TLW_Dilo_idle3"
			]
		},
        "mob.dilophosaurus.hurt": {
			"category": "hostile",
			"sounds": [
				"sounds/mob/diloo/TLW_Dilo_hurt1",
				"sounds/mob/diloo/TLW_Dilo_hurt2",
				"sounds/mob/diloo/TLW_Dilo_hurt3"
			]
		},
		"mob.dilophosaurus.random": {
			"category": "hostile",
			"sounds": ["sounds/mob/diloo/TLW_Dilo_idle3"]
		},
		"mob.dilophosaurus.spit": {
			"category": "hostile",
			"sounds": ["sounds/mob/diloo/TLW_Dilo_spit"]
		},
        "mob.dilophosaurus.attack": {
			"category": "hostile",
			"sounds": ["sounds/mob/diloo/TLW_Dilo_attack"]
		},
		"mob.dilophosaurus.tlw_scare": {
			"category": "hostile",
			"sounds": ["sounds/mob/diloo/tlw_dilo_roar"]
		},
		"mob.dilophosaurus.roar": {
			"category": "hostile",
			"sounds": ["sounds/mob/diloo/tlw_dilo_roar"]
		},
		// mosasaurus
		"mob.mosasaurus.idle": {
			"category": "hostile",
			"sounds": [
				"sounds/mob/mosasaurus/TLW_mosa_idle1",
				"sounds/mob/mosasaurus/TLW_mosa_idle2",
				"sounds/mob/mosasaurus/TLW_mosa_idle3"
			]
		},
        "mob.mosasaurus.hurt": {
			"category": "hostile",
			"sounds": [
				"sounds/mob/mosasaurus/TLW_mosa_hurt1",
				"sounds/mob/mosasaurus/TLW_mosa_hurt2",
				"sounds/mob/mosasaurus/TLW_mosa_hurt3"
			]
		},
        "mob.mosasaurus.attack": {
			"category": "hostile",
			"sounds": ["sounds/mob/mosasaurus/TLW_mosa_attack"]
		},
		"mob.mosasaurus.breach": {
			"category": "hostile",
			"sounds": ["sounds/mob/mosasaurus/TLW_mosa_breach"]
		},
		// brachiosaurus
		"mob.brachiosaurus.idle": {
			"category": "hostile",
			"sounds": [
				"sounds/mob/brachio/tlw_brachio_idle1",
				"sounds/mob/brachio/tlw_brachio_idle2",
				"sounds/mob/brachio/tlw_brachio_idle3"
			]
		},
        "mob.brachiosaurus.hurt": {
			"category": "hostile",
			"sounds": [
				"sounds/mob/brachio/tlw_brachio_hurt1",
				"sounds/mob/brachio/tlw_brachio_hurt2",
				"sounds/mob/brachio/tlw_brachio_hurt3"
			]
		},
        "mob.brachiosaurus.attack": {
			"category": "hostile",
			"sounds": ["sounds/mob/brachio/tlw_brachio_attack"]
		},
		"mob.brachiosaurus.step": {
			"category": "hostile",
			"sounds": ["sounds/mob/brachio/tlw_brachio_walk"]
		},
		//misc
		"mob.trike_push.push_sound": {
			"category": "hostile",
			"sounds": ["sounds/mob/setup/trike_push"]
		},
		"mob.bike.horn": {
			"category": "hostile",
			"sounds": ["sounds/mob/vehicle/tlw_bike_horn"]
		},
		//compy
		"mob.compy.idle": {
			"category": "hostile",
			"sounds": [
				"sounds/mob/compy/tlw_compy_idle1",
				"sounds/mob/compy/tlw_compy_idle2",
				"sounds/mob/compy/tlw_compy_idle3",
				"sounds/mob/compy/tlw_compy_idle4"
			]
		},
        "mob.compy.hurt": {
			"category": "hostile",
			"sounds": [
				"sounds/mob/compy/tlw_compy_hurt1",
				"sounds/mob/compy/tlw_compy_hurt2",
				"sounds/mob/compy/tlw_compy_hurt3"
			]
		},
        "mob.compy.attack": {
			"category": "hostile",
			"sounds": ["sounds/mob/compy/tlw_compy_attack"]
		},
		"mob.compy.step": {
			"category": "hostile",
			"sounds": ["sounds/mob/compy/tlw_compy_move"]
		}
	}
}