{"format_version":"1.10.0","minecraft:client_entity":{"description":{"identifier":"yg:bulldozer_toilet","materials":{"default":"witch"},"textures":{"default":"textures/entity/yg_bulldozer_toilet"},"geometry":{"default":"geometry.yg_bulldozer_toilet"},"scripts":{"animate":["move","general","look_at_target"],"pre_animation":["variable.random = math.round(math.random(0,2));"],"scale":"6"},"animations":{"moving":"animation.yg_bulldozer_toilet.move","move":"controller.animation.yg_bulldozer_toilet.move","gazo_general":"animation.yg_bulldozer_toilet.general","general":"controller.animation.yg_bulldozer_toilet.general","attack0":"animation.yg_bulldozer_toilet.attack","attack1":"animation.yg_bulldozer_toilet.attack2","attack2":"animation.yg_bulldozer_toilet.attack3","attack":"controller.animation.yg_bulldozer_toilet.attack","look_at_target":"animation.yg_bulldozer_toilet.looking"},"render_controllers":["controller.render.witch"],"spawn_egg":{"texture":"yg:bulldozer_toilet","texture_index":0}}}}