{"format_version":"1.10.0","minecraft:client_entity":{"description":{"identifier":"yg:buzzsaw_toilet","materials":{"default":"enderman"},"textures":{"default":"textures/entity/yg_buzzsaw_toilet"},"geometry":{"default":"geometry.yg_buzzsaw_toilet"},"scripts":{"animate":["move","general","look_at_target"],"pre_animation":["variable.random = math.round(math.random(0,2));"],"scale":"3"},"animations":{"moving":"animation.yg_buzzsaw_toilet.move","move":"controller.animation.yg_buzzsaw_toilet.move","gazo_general":"animation.yg_buzzsaw_toilet.general","general":"controller.animation.yg_buzzsaw_toilet.general","look_at_target":"animation.yg_buzzsaw_toilet.looking"},"render_controllers":["controller.render.witch"],"spawn_egg":{"texture":"yg:buzzsaw_toilet","texture_index":0}}}}