{"format_version":"1.10.0","minecraft:client_entity":{"description":{"identifier":"yg:gman_toilet","materials":{"default":"enderman"},"textures":{"default":"textures/entity/gman/yg_gman_toilet","laser":"textures/entity/gman/yg_gman_toilet_laser"},"geometry":{"default":"geometry.yg_gman_toilet"},"scripts":{"animate":["move","general","look_at_target"],"pre_animation":["variable.random = math.round(math.random(0,2));"],"scale":"12"},"animations":{"moving":"animation.yg_gman_toilet.move","move":"controller.animation.yg_gman_toilet.move","gazo_general":"animation.yg_gman_toilet.general","general":"controller.animation.yg_gman_toilet.general","attack0":"animation.yg_gman_toilet.attack","attack":"controller.animation.yg_gman_toilet.attack","look_at_target":"animation.yg_gman_toilet.looking"},"render_controllers":["controller.render.yg_gman"],"spawn_egg":{"texture":"yg:gman_toilet","texture_index":0}}}}