{"format_version":"1.10.0","minecraft:client_entity":{"description":{"identifier":"yg:holy_toilet","materials":{"default":"enderman"},"textures":{"default":"textures/entity/yg_holy_toilet"},"geometry":{"default":"geometry.yg_holy_toilet"},"scripts":{"animate":["move","general","look_at_target"],"pre_animation":["variable.random = math.round(math.random(0,2));"],"scale":"6"},"animations":{"moving":"animation.yg_holy_toilet.move","move":"controller.animation.yg_holy_toilet.move","gazo_general":"animation.yg_holy_toilet.general","general":"controller.animation.yg_holy_toilet.general","attack0":"animation.yg_holy_toilet.attack","attack":"controller.animation.yg_holy_toilet.attack","look_at_target":"animation.yg_holy_toilet.looking"},"render_controllers":["controller.render.witch"],"spawn_egg":{"texture":"yg:holy_toilet","texture_index":0}}}}