{"format_version":"1.10.0","minecraft:client_entity":{"description":{"identifier":"yg:plumber_camera_man","materials":{"default":"enderman"},"textures":{"default":"textures/entity/yg_plumber_camera_man"},"geometry":{"default":"geometry.yg_plumber_camera_man"},"scripts":{"animate":["move","general","look_at_target"],"pre_animation":["variable.random = math.round(math.random(0,2));"]},"animations":{"moving":"animation.yg_plumber_camera_man.move","move":"controller.animation.yg_plumber_camera_man.move","gazo_general":"animation.yg_plumber_camera_man.general","general":"controller.animation.yg_plumber_camera_man.general","attack0":"animation.yg_plumber_camera_man.attack","attack1":"animation.yg_plumber_camera_man.attack1","attack2":"animation.yg_plumber_camera_man.attack2","attack":"controller.animation.yg_plumber_camera_man.attack","look_at_target":"animation.yg_plumber_camera_man.looking"},"render_controllers":["controller.render.witch"],"spawn_egg":{"texture":"yg:plumber_camera_man","texture_index":0}}}}