{"format_version":"1.10.0","minecraft:client_entity":{"description":{"identifier":"yg:titan_camera_man_2","materials":{"default":"enderman"},"textures":{"default":"textures/entity/titan_camera/yg_titan_camera_man_2"},"geometry":{"default":"geometry.yg_titan_camera_man_2"},"scripts":{"animate":["move","general","look_at_target"],"pre_animation":["variable.random = math.round(math.random(0,2));"],"scale":"4"},"animations":{"moving":"animation.yg_titan_camera_man_2.move","move":"controller.animation.yg_titan_camera_man_2.move","gazo_general":"animation.yg_titan_camera_man_2.general","general":"controller.animation.yg_titan_camera_man_2.general","attack0":"animation.yg_titan_camera_man_2.attack","attack1":"animation.yg_titan_camera_man_2.attack1","attack2":"animation.yg_titan_camera_man_2.attack2","attack":"controller.animation.yg_titan_camera_man_2.attack","look_at_target":"animation.yg_titan_camera_man_2.looking","shoot":"animation.yg_titan_camera_man_2.shoot"},"render_controllers":["controller.render.witch"],"spawn_egg":{"texture":"yg:titan_camera_man","texture_index":0}}}}