{"format_version":"1.10.0","minecraft:client_entity":{"description":{"identifier":"yg:terrorist_toilet","materials":{"default":"witch"},"textures":{"default":"textures/entity/yg_terrorist_toilet"},"geometry":{"default":"geometry.yg_terrorist_toilet"},"scripts":{"animate":["move","general","look_at_target"],"pre_animation":["variable.random = math.round(math.random(0,2));"],"scale":"6"},"animations":{"moving":"animation.yg_terrorist_toilet.move","move":"controller.animation.yg_terrorist_toilet.move","gazo_general":"animation.yg_terrorist_toilet.general","general":"controller.animation.yg_terrorist_toilet.general","attack0":"animation.yg_terrorist_toilet.attack","attack":"controller.animation.yg_terrorist_toilet.attack","look_at_target":"animation.yg_terrorist_toilet.looking"},"render_controllers":["controller.render.witch"],"spawn_egg":{"texture":"yg:terrorist_toilet","texture_index":0}}}}