{
  "format_version": "1.13.0",
  "minecraft:entity": {
    "description": {
      "identifier": "pc:pcpanther",
      "is_spawnable": true,
      "is_summonable": true,
      "is_experimental": false
    },
    "component_groups": {
      "minecraft:skin1": {
        "minecraft:variant": {
          "value": 0
        }
      },
      "minecraft:skin2": {
        "minecraft:variant": {
          "value": 1
        }
      },
      "minecraft:allosaurus_roar": {
        "minecraft:on_target_acquired": {},
        "minecraft:behavior.summon_entity": {
          "priority": 0,
          "probability": 100,
          "summon_choices": [
            {
              "weight": 1,
              "cooldown_time": 20,
              "cast_duration": 3,
              "start_sound_event": "plop",
              "sequence": [
                {
                  "shape": "circle",
                  "target": "self",
                  "base_delay": 0,
                  "delay_per_summon": 0,
                  "num_entities_spawned": 0,
                  "entity_type": {},
                  "entity_lifespan": 10,
                  "size": 10,
                  "sound_event": {}
				}
			  ]
			}
		  ]
		}
	  },
      "minecraft:allosaurus_adult": {
        "minecraft:experience_reward": {
          "on_bred": "Math.Random(3,0)",
          "on_death": "query.last_hit_by_player ? Math.Random(4,0) : 0"
        },
        "minecraft:scale": {
          "value": 0.7
        }
      },
      "minecraft:allosaurus_adult_tame": {
        "minecraft:is_tamed": {
        },
        "minecraft:behavior.owner_hurt_by_target": {
          "priority": 1
        },
        "minecraft:behavior.owner_hurt_target": {
          "priority": 2
        },
        "minecraft:behavior.stay_while_sitting": {
          "priority": 0
        },
        "minecraft:interact": {
          "interactions": [
            {
              "on_interact": {
                "filters": {
                  "all_of": [
                    { "test": "has_equipment", "subject": "other", "domain": "hand", "operator": "==", "value": "bone"},							{ "test": "is_owner", "subject": "other", "operator": "==", "value": true},
					{ "test": "has_component", "value": "minecraft:shareables"},
					{ "test": "has_component", "subject": "self", "operator": "!=", "value": "minecraft:is_baby"}
					  ]
					},
					"event": "minecraft:stop_following",
					"target": "self"
			  },
              "use_item": false,
              "interact_text": "interact.stop_follow"
				},
			  {
              "on_interact": {
                "filters": {
                  "all_of": [
                    { "test": "has_equipment", "subject": "other", "domain": "hand", "operator": "==", "value": "bone"},
					{ "test": "is_owner", "subject": "other", "operator": "==", "value": true},
					{ "test": "has_component", "operator": "not", "value": "minecraft:shareables"},
					{ "test": "has_component", "subject": "self", "operator": "!=", "value": "minecraft:is_baby"}
					  ]
					},
					"event": "minecraft:start_following",
					"target": "self"
			  },
              "use_item": false,
              "interact_text": "interact.follow"
			}
		  ]
		},
        "minecraft:leashable": {
          "soft_distance": 4.0,
          "hard_distance": 6.0,
          "max_distance": 10.0
        },
        "minecraft:health": {
          "value": 80,
          "max": 80
        },
        "minecraft:attack": {
          "damage": 12
        },
        "minecraft:scale": {
          "value": 0.7
        },
        "minecraft:sittable": {
		  "sit_event": {
            "event": "minecraft:is_sitting",
            "target": "self"
          },
          "stand_event": {
            "event": "minecraft:is_standing",
            "target": "self"
          }
        }
      },
      "minecraft:allosaurus_baby": {
        "minecraft:is_baby": {
        },
	    "minecraft:knockback_resistance": {
		  "value": 0.1,
		  "max": 0.1
	    },
        "minecraft:behavior.follow_parent": {
          "priority": 6,
          "speed_multiplier": 1.1
        },
        "minecraft:leashable": {
          "hard_distance": 6,
          "max_distance": 10,
          "soft_distance": 4
        },
        "minecraft:tameable": {
          "probability": 0.33,
          "tame_items": "cooked_beef",
          "tame_event": {
            "event": "minecraft:on_tame_baby",
            "target": "self"
          }
        },
        "minecraft:type_family": {
          "family": [ "smilodon", "mammal_baby", "small_carnivore" ]
        },
        "minecraft:ageable": {
          "duration": 5000,
          "feed_items": [
            "beef"
          ],
          "grow_up": {
            "event": "minecraft:ageable_grow_up",
            "target": "self"
          }
        },
        "minecraft:attack": {
          "damage": 2
        },
        "minecraft:scale_by_age": {
          "start_scale": 0.3,
          "end_scale": 0.7
        },
        "minecraft:health": {
          "value": 13,
          "max": 13
        }
      },
      "minecraft:allosaurus_baby_tame": {
        "minecraft:is_baby": {
        },
        "minecraft:is_tamed": {
        },
        "minecraft:type_family": {
          "family": [ "smilodon", "mammal_baby", "small_carnivore" ]
        },
	    "minecraft:knockback_resistance": {
		  "value": 0.1,
		  "max": 0.1
	    },
        "minecraft:ageable": {
          "duration": 5000,
          "feed_items": [
            "beef"
          ],
          "grow_up": {
            "event": "minecraft:ageable_grow_up_tame",
            "target": "self"
          }
        },
        "minecraft:behavior.owner_hurt_by_target": {
          "priority": 1
        },
        "minecraft:behavior.owner_hurt_target": {
          "priority": 2
        },
        "minecraft:behavior.stay_while_sitting": {
          "priority": 0
        },
        "minecraft:sittable": {
		  "sit_event": {
            "event": "minecraft:is_sitting",
            "target": "self"
          },
          "stand_event": {
            "event": "minecraft:is_standing",
            "target": "self"
          }
		},
        "minecraft:leashable": {
          "hard_distance": 6,
          "max_distance": 10,
          "soft_distance": 4
        },
        "minecraft:attack": {
          "damage": 2
        },
        "minecraft:health": {
          "value": 13,
          "max": 13
        },
        "minecraft:scale_by_age": {
          "start_scale": 0.3,
          "end_scale": 0.7
        },
        "minecraft:behavior.follow_owner": {
          "priority": 6,
          "speed_multiplier": 1.1,
          "start_distance": 10,
          "stop_distance": 2
        }
      },
      "minecraft:following": {
        "minecraft:shareables": {
        },
        "minecraft:behavior.follow_owner": {
          "priority": 0,
          "speed_multiplier": 1.5,
          "start_distance": 10,
          "stop_distance": 2
        }
      },
      "minecraft:allosaurus_wild": {
        "minecraft:behavior.breed": {
          "priority": 2,
          "speed_multiplier": 1.1
        },
        "minecraft:breedable": {
          "require_tame": false,
          "breed_cooldown": 120,
          "breeds_with": {
            "mate_type": "pc:pcpanther",
            "baby_type": "pc:pcpanther",
            "breed_event": {
              "event": "minecraft:entity_born",
              "target": "baby"
            }
          },
          "breed_items": [
		  "chicken",
		  "cooked_chicken",
		  "beef",
		  "cooked_beef",
		  "muttonRaw",
		  "muttonCooked",
		  "porkchop",
		  "cooked_porkchop",
		  "rabbit",
		  "cooked_rabbit",
		  "time:dino_beef",
		  "time:dino_cooked",
		  "time:ostrich_raw",
		  "time:ostrich_cooked",
		  "time:frog_raw",
		  "time:frog_cooked",
		  "time:crocodile_raw",
		  "time:crocodile_cooked"
          ]
        },
        "minecraft:break_blocks": {
          "breakable_blocks": [
            ""
          ]
        },
        "minecraft:behavior.nearest_attackable_target": {
          "priority": 2,
          "within_radius": 64,
          "entity_types": [
            {
              "filters": { "other_with_families": [ "achillo", "acro", "apato", "bary", "carno", "cerato", "coryto", "deino", "dilo", "pterosaur", "edmonto", "galli", "giga", "hybrid", "majunga", "metria", "monolopho", "nasuto", "ourano", "para", "paqui", "pachyrhi", "procerato", "sino", "stego", "stygi", "sucho", "spino", "trike", "terato", "tyranno", "velo", "velo_deino", "zuni", "player", "chicken", "pig", "cow", "sheep", "horse", "goat", "ostrich", "donkey", "mule", "polar_bear", "llama", "mooshroom", "pillager", "villager", "wandering_trader", "herbivoro","herbivore", "herbdinosaur", "crocodile","gigantoraptor","zhuchentyrannus" ,"tarbosaurus","thylacosmilus"] },
              "max_dist": 64
            }
          ],
          "must_see": true
        },
        "minecraft:on_hurt_by_player": {}
      },
      "minecraft:tempt": {
        "minecraft:behavior.tempt": {
          "priority": 5,
          "speed_multiplier": 1.1,
          "items": [
            "chicken",
            "cooked_chicken",
            "beef",
            "cooked_beef",
            "muttonRaw",
            "muttonCooked",
            "porkchop",
            "cooked_porkchop",
            "rabbit",
            "cooked_rabbit",
            "time:dino_beef",
            "time:dino_cooked",
            "time:ostrich_raw",
            "time:ostrich_cooked",
            "time:frog_raw",
            "time:frog_cooked"
          ]
        }
      }
    },
    "components": {
      "minecraft:type_family": {
        "family": [ "smilodon", "big_carnivore" ]
      },
      "minecraft:loot": {
        "table": "loot_tables/entities/.json"
      },
      "minecraft:healable": {
        "items": [
          {
            "item": "chicken",
            "heal_amount": 3
          },
          {
            "item": "cooked_chicken",
            "heal_amount": 5
          },
          {
            "item": "beef",
            "heal_amount": 3
          },
          {
            "item": "cooked_beef",
            "heal_amount": 5
          },
          {
            "item": "muttonRaw",
            "heal_amount": 3
          },
          {
            "item": "muttonCooked",
            "heal_amount": 5
          },
          {
            "item": "porkchop",
            "heal_amount": 3
          },
          {
            "item": "cooked_porkchop",
            "heal_amount": 5
          },
          {
            "item": "time:dino_beef",
            "heal_amount": 3
          },
          {
            "item": "time:dino_cooked",
            "heal_amount": 5
          },
          {
            "item": "time:ostrich_raw",
            "heal_amount": 3
          },
          {
            "item": "time:ostrich_cooked",
            "heal_amount": 4
          },
          {
            "item": "time:frog_raw",
            "heal_amount": 2
          },
          {
            "item": "time:frog_cooked",
            "heal_amount": 3
          },
          {
            "item": "rabbit",
            "heal_amount": 2
          },
          {
            "item": "cooked_rabbit",
            "heal_amount": 3
          },
          {
            "item": "time:crocodile_raw",
            "heal_amount": 3
          },
          {
            "item": "time:crocodile_cooked",
            "heal_amount": 5
          }
        ]
      },
      "minecraft:breathable": {
        "total_supply": 15,
        "suffocate_time": 0
      },
      "minecraft:navigation.walk": {
        "can_path_over_water": true,
        "avoid_water": true,
        "avoid_damage_blocks": true
      },
      "minecraft:movement.basic": {

      },
      "minecraft:jump.static": {
      },
      "minecraft:can_climb": {
      },
      "minecraft:collision_box": {
        "width": 1.5,
        "height": 2
      },
      "minecraft:nameable": {
      },
      "minecraft:health": {
        "value": 80,
        "max": 80
      },
      "minecraft:attack": {
        "damage": 12
      },
      "minecraft:movement": {
        "value": 0.32
      },
	  "minecraft:knockback_resistance": {
		"value": 100,
		"max": 100
	  },
      "minecraft:hurt_on_condition": {
        "damage_conditions": [
          {
            "filters": { "test": "in_lava", "subject": "self", "operator": "==", "value": true },
            "cause": "lava",
            "damage_per_tick": 4
          }
        ]
      },
	  "minecraft:behavior.avoid_block": {
        "priority": 3,
        "tick_interval": 0,
        "search_range": 2,
        "search_height": 4,
        "sprint_speed_modifier": 1.1,
        "target_selection_method": "nearest",
        "target_blocks": [
          "minecraft:soul_fire",
          "minecraft:fire",
          "minecraft:magma",
          "time:fenceWire",
          "minecraft:lava"
        ]
      },
      "minecraft:behavior.float": {
        "priority": 0
      },
      "minecraft:behavior.hurt_by_target": {
        "priority": 3
      },
      "minecraft:behavior.random_look_around_and_sit": {
        "priority": 8,
        "min_look_count": 2,
        "max_look_count": 5,
        "min_look_time": 100,
        "max_look_time": 300,
        "probability": 0.01
      },
      "minecraft:behavior.knockback_roar": {   
        "priority": 1,
        "duration": 3, 
        "attack_time": 0,
        "knockback_damage": 0,
        "knockback_strength": 0,
        "knockback_range": 0,
        "cooldown_time": 30
      },
      "minecraft:behavior.delayed_attack": {
        "priority": 4,
        "speed_multiplier": 1.5,
        "reach_multiplier": 2,
        "attack_duration": 1.6,
        "hit_delay_pct": 0.55,
        "track_target": true,
        "sound_event": "attack"
      },
      "minecraft:behavior.mount_pathing": {
        "priority": 2,
        "speed_multiplier": 1.5,
        "target_dist": 0.0,
        "track_target": true
      },
      "minecraft:behavior.random_stroll": {
        "priority": 6,
        "speed_multiplier": 0.8,
        "interval": 30
      },
      "minecraft:behavior.look_at_player": {
        "priority": 8,
        "look_distance": 6.0,
        "probability": 0.02
      },
      "minecraft:behavior.random_look_around": {
        "priority": 8
      },
      "minecraft:behavior.nap": {
        "priority": 0,
        "cooldown_min": 420.0,
        "cooldown_max": 420.0,
        "mob_detect_dist": 12.0,
        "mob_detect_height": 6.0,
        "can_nap_filters": {
          "all_of": [
            {
              "test": "in_water",
              "subject": "self",
              "operator": "==",
              "value": false
            },
            {
              "test": "on_ground",
              "subject": "self",
              "operator": "==",
              "value": true
            },
            {
              "test": "is_daytime",
              "subject": "self",
              "operator": "==",
              "value": false
            }
          ]
        },
        "wake_mob_exceptions": {
          "any_of": [
            {
              "test": "trusts",
              "subject": "other",
              "operator": "==",
              "value": true
            },
            {
              "test": "is_sneaking",
              "subject": "other",
              "operator": "==",
              "value": true
            },
            {
              "test": "is_family",
              "subject": "other",
              "operator": "==",
              "value": "smilodon"
            },
            {
              "test": "is_family",
              "subject": "other",
              "operator": "==",
              "value": "smilodon"
            }
          ]
        }
      },
      "minecraft:persistent": {
      },
      "minecraft:follow_range": {
        "value": 64
      },
      "minecraft:physics": {
      },
      "minecraft:pushable": {
        "is_pushable": true,
        "is_pushable_by_piston": true
      }
    },
    "events": {
      "from_egg": {
        "sequence": [
          {
            "randomize": [
              {
                "weight": 30,
                "add": { "component_groups": [ "minecraft:skin1" ] }
              },
              {
                "weight": 27,
                "add": { "component_groups": [ "minecraft:skin2" ] }
              },
              {
                "weight": 24,
                "add": { "component_groups": [ "minecraft:skin3" ] }
              },
              {
                "weight": 21,
                "add": { "component_groups": [ "minecraft:skin4" ] }
              },
              {
                "weight": 18,
                "add": { "component_groups": [ "minecraft:skin5" ] }
              },
              {
                "weight": 15,
                "add": { "component_groups": [ "minecraft:skin6" ] }
              }
            ]
          },
          {
            "randomize": [
              {
                "weight": 5,
                "add": {
                  "component_groups": [
                "minecraft:allosaurus_baby"
                  ]
                }
              }
            ]
          }
        ]
      },
      "minecraft:entity_spawned": {
        "sequence": [
          {
            "randomize": [
              {
                "weight": 30,
                "add": { "component_groups": [ "minecraft:skin1" ] }
              },
              {
                "weight": 27,
                "add": { "component_groups": [ "minecraft:skin2" ] }
              },
              {
                "weight": 24,
                "add": { "component_groups": [ "minecraft:skin3" ] }
              },
              {
                "weight": 21,
                "add": { "component_groups": [ "minecraft:skin4" ] }
              },
              {
                "weight": 18,
                "add": { "component_groups": [ "minecraft:skin5" ] }
              },
              {
                "weight": 15,
                "add": { "component_groups": [ "minecraft:skin6" ] }
              }
            ]
          },
          {
            "randomize": [
              {
                "weight": 8,
                "add": {
                  "component_groups": [
                "minecraft:allosaurus_adult",
                "minecraft:allosaurus_wild",
                "minecraft:allosaurus_roar"
                  ]
                }
              },
              {
                "weight": 2,
                "add": {
                  "component_groups": [
                "minecraft:allosaurus_baby",
                "minecraft:allosaurus_roar",
                "minecraft:tempt"
                  ]
                }
              }
            ]
          }
        ]
	  },
      "minecraft:entity_born": {
        "add": {
        "component_groups": [
          "minecraft:allosaurus_baby"
          ]
        }
	  },
	  "minecraft:entity_transformed": {
        "sequence": [
          {
            "randomize": [
              {
                "weight": 5,
                "add": {
                  "component_groups": [
                "minecraft:allosaurus_baby"
                  ]
                }
              }
            ]
          },
          {
            "randomize": [
              {
                "weight": 30,
                "add": { "component_groups": [ "minecraft:skin1" ] }
              },
              {
                "weight": 27,
                "add": { "component_groups": [ "minecraft:skin2" ] }
              },
              {
                "weight": 24,
                "add": { "component_groups": [ "minecraft:skin3" ] }
              },
              {
                "weight": 21,
                "add": { "component_groups": [ "minecraft:skin4" ] }
              },
              {
                "weight": 18,
                "add": { "component_groups": [ "minecraft:skin5" ] }
              },
              {
                "weight": 15,
                "add": { "component_groups": [ "minecraft:skin6" ] }
              }
            ]
          }
        ]
      },
      "minecraft:ageable_grow_up_tame": {
        "remove": {
          "component_groups": [ 
            "minecraft:allosaurus_baby_tame",
            "minecraft:tempt"
          ]
        },
        "add": {
          "component_groups": [
            "minecraft:allosaurus_adult",
            "minecraft:allosaurus_adult_tame",
            "minecraft:allosaurus_roar",
            "minecraft:tempt"
          ]
        }
      },
      "minecraft:ageable_grow_up": {
        "remove": {
          "component_groups": [ 
            "minecraft:allosaurus_baby",
            "minecraft:tempt"
          ]
        },
        "add": {
          "component_groups": [
            "minecraft:allosaurus_adult",
            "minecraft:allosaurus_wild",
            "minecraft:allosaurus_roar"
          ]
        }
      },
      "minecraft:on_tame_baby": {
        "remove": {
          "component_groups": [
            "minecraft:allosaurus_baby"
          ]
        },
        "add": {
          "component_groups": [
            "minecraft:allosaurus_baby_tame"
          ]
        }
      },
      "minecraft:become_angry": {
        "remove": {
          "component_groups": [
            "minecraft:wild"
          ]
        },
        "add": {
          "component_groups": [
            "minecraft:angry"
          ]
        }
      },
      "minecraft:on_calm": {
        "remove": {
          "component_groups": [
            "minecraft:angry"
          ]
        },
        "add": {
          "component_groups": [
            "minecraft:wild"
          ]
        }
      },
	  "minecraft:is_sitting": {
        "remove": {
          "component_groups": [
            "minecraft:standing"
          ]
        },
        "add": {
          "component_groups": [
            "minecraft:sitting"
          ]
        }
      },
      "minecraft:is_standing": {
        "remove": {
          "component_groups": [
            "minecraft:sitting"
          ]
        },
        "add": {
          "component_groups": [
            "minecraft:standing"
          ]
        }
      },
	  "minecraft:start_following": {
        "add": {
          "component_groups": [
            "minecraft:following"
          ]
        }
      },
	  "minecraft:stop_following": {
        "remove": {
          "component_groups": [
            "minecraft:following"
          ]
        }
      },
      "minecraft:allosaurus_saddled": {
        "add": {
          "component_groups": [
            "minecraft:allosaurus_saddled"
          ]
        }
      },
      "minecraft:allosaurus_unsaddled": {
        "remove": {
          "component_groups": [
            "minecraft:allosaurus_saddled"
          ]
        }
      }
    }
  }
}