{
    "format_version": "1.12.0",
    "minecraft:recipe_shaped": {
        "description": {
            "identifier": "vl:dino_forge"
        },
        "tags": [
            "crafting_table"
        ],
        "pattern": [
            "###",
            "QHQ",
            "V_V"
        ],
        "key": {
            "#": {
                "item": "minecraft:glass"
            },
            "Q": {
                "item": "minecraft:quartz_block"
            },
            "H": {
                "item": "minecraft:hay_block"
            },
            "V": {
                "item": "minecraft:quartz_stairs"
            },
            "_": {
                "item": "minecraft:double_stone_block_slab",
                "data": 6
            }
        },
        "result": {
            "item": "vl:dinosaur_forge_spawn_egg",
            "count": 1
        }
    }
}