{
    "format_version": "1.12.0",
    "minecraft:recipe_shaped": {
        "description": {
            "identifier": "vl:egg_incubator"
        },
        "tags": [
            "crafting_table"
        ],
        "pattern": [
            "###",
            "IHI",
            "III"
        ],
        "key": {
            "#": {
                "item": "minecraft:stained_glass"
            },
            "I": {
                "item": "minecraft:iron_block"
            },
            "H": {
                "item": "minecraft:hay_block"
            }
        },
        "result": {
            "item": "vl:eggs_incubator",
            "count": 1
        }
    }
}