{
    "format_version": "1.12.0",
    "minecraft:recipe_shaped": {
        "description": {
            "identifier": "vl:wrench"
        },
        "tags": [
            "crafting_table"
        ],
        "pattern": [
            " #i",
            " C#",
            "C  "
        ],
        "key": {
            "#": {
                "item": "minecraft:concrete",
                "data": 7
            },
            "i": {
                "item": "minecraft:iron_ingot"
            },
            "C": {
                "item": "minecraft:concrete",
                "data": 14
            }
        },
        "result": {
            "item": "vl:wrench",
            "count": 1
        }
    }
}