{
	"format_version": "1.12.0",
	"minecraft:geometry": [
		{
			"description": {
				"identifier": "geometry.3D_helper_wand",
				"texture_width": 16,
				"texture_height": 16,
				"visible_bounds_width": 2,
				"visible_bounds_height": 2.5,
				"visible_bounds_offset": [0, 0.75, 0]
			},
			"bones": [
				{
					"name": "helper_wand",
					"pivot": [0, 7, 0]
				},
				{
					"name": "helper_base",
					"parent": "helper_wand",
					"pivot": [0, 3, 0],
					"cubes": [
						{"origin": [-0.8, 0, 0], "size": [1.5, 5, 1], "uv": [1, 1]},
						{"origin": [-2.5, 5, -0.5], "size": [5, 1, 2], "uv": [0, 0]},
						{"origin": [2, 6, -0.5], "size": [1, 3.5, 2], "uv": [0, 0]},
						{"origin": [-3, 6, -0.5], "size": [1, 3.5, 2], "uv": [0, 0]}
					]
				},
				{
					"name": "Helper_center",
					"parent": "helper_wand",
					"pivot": [0, 7, 0],
					"cubes": [
						{"origin": [-1, 7, -0.5], "size": [2, 2, 2], "uv": [0, 0]}
					]
				}
			]
		}
	]
}