{

  "format_version": "1.10.0",

  "minecraft:client_entity": {

    "description": {

      "identifier": "md:bumpy",

      "materials": { "default": "ankylosaurus" },

      "textures": { "default": "textures/entity/pamobile/md_bumpy"},

      "geometry": { "default": "geometry.md_bumpy"},

      "render_controllers": [ "controller.render.ankylosaurus" ],

      "scripts":{

        "animate":[

          "move_controller"

        ]

      },

      "animations":{

          "walk": "animation.md_bumpy.walk",

          "run": "animation.md_bumpy.run",

          "idle": "animation.md_bumpy.idle",

          "attack": "animation.md_bumpy.attack",

          "idle_timeout": "animation.md_bumpy.idle_timeout",

          "tranquilized": "animation.md_bumpy.tranqed",

          "sleep": "animation.md_bumpy.sleeping",

          "revive": "animation.md_bumpy.revive",

          "move_controller": "controller.animation.ankylosaurus.move",

          "snooze": "animation.particle.snooze"

      },

        "particle_effects": {

            "snooze": "jw:snooze90"

        },

      "sound_effects": {

        "timeout": "mob.ankylosaurus.timeout",

        "tranq": "mob.ankylosaurus.tranq",

        "sleep": "mob.ankylosaurus.sleep",

        "revive": "mob.ankylosaurus.revive",

        "attack": "mob.ankylosaurus.attack"

      },

      "spawn_egg": {

		"texture": "md:bumpy"

      }

    }

  }

}

