{

  "format_version": "1.10.0",

  "minecraft:client_entity": {

    "description": {

      "identifier": "md:chaos",

      "materials": { "default": "spinosaurus" },

      "textures": { "default": "textures/entity/pamobile/md_chaos"},

      "geometry": { "default": "geometry.md_chaos"},

      "render_controllers": [ "controller.render.spinosaurus" ],

      "scripts":{

        "animate":[

          "move_controller",

          "particle_controller"

        ]

      },

      "animations":{

          "walk": "animation.carnotaurus.walk",

          "run": "animation.carnotaurus.run",

          "idle": "animation.carnotaurus.idle",

          "attack": "animation.carnotaurus.attack",

          "idle_timeout": "animation.carnotaurus.idle_timeout",

          "tranquilized": "animation.carnotaurus.tranqed",

          "sleep": "animation.carnotaurus.sleeping",

          "revive": "animation.carnotaurus.revive",

          "move_controller": "controller.animation.spinosaurus.move",

          "escaped_vfx_anim": "animation.particle.escaped",

          "particle_controller": "controller.animation.escapedparticle",

          "do_nothing": "animation.particle.do_nothing",

          "snooze": "animation.particle.snooze"

      },

        "particle_effects": {

            "particle_1": "jw:escaped",

            "snooze": "jw:snooze"

        },

        "sound_effects": {

          "timeout": "mob.spinosaurus.timeout",

          "tranq": "mob.spinosaurus.tranq",

          "sleep": "mob.spinosaurus.sleep",

          "revive": "mob.spinosaurus.revive",

          "attack": "mob.spinosaurus.attack"

        },

      "spawn_egg": {

		"texture": "md:chaos"

      }

    }

  }

}

