{

  "format_version": "1.10.0",

  "minecraft:client_entity": {

    "description": {

      "identifier": "md:firekraker",

      "materials": { "default": "hybrid_cute" },

      "textures": { "default": "textures/entity/pamobile/md_firekraker"},

      "geometry": { "default": "geometry.md_firekraker"},

      "render_controllers": [ "controller.render.hybrid_cute" ],

      "scripts":{

        "animate":[

          "move_controller"

        ]

      },

      "animations":{

          "walk": "animation.md_micro_male.walk",

          "run": "animation.md_micro_male.run",

          "idle": "animation.md_micro_male.idle",

          "idle_timeout": "animation.md_micro_male.idle_timeout",

          "tranquilized": "animation.md_micro_male.tranqed",

          "sleep": "animation.md_micro_male.sleeping",

          "revive": "animation.md_micro_male.revive",

          "snooze": "animation.particle.snooze",

          "move_controller": "controller.animation.stygi_liberi.move"

      },

      "sound_effects": {

        "timeout": "mob.stygi_liberi.timeout",

        "tranq": "mob.stygi_liberi.tranq",

        "sleep": "mob.stygi_liberi.sleep",

        "revive": "mob.stygi_liberi.revive"

      },

      "particle_effects": {"snooze": "jw:snooze"},

      "spawn_egg": {

		"texture": "md:firekraker"

      }

    }

  }

}

