{

  "format_version": "1.10.0",

  "minecraft:client_entity": {

    "description": {

      "identifier": "md:f_l",

      "materials": { "default": "bio_dino" },

      "textures": { "default": "textures/entity/pamobile/md_f_l"},

      "geometry": { "default": "geometry.md_f_l"},

      "render_controllers": [ "controller.render.hybrid_amphibiousflyer" ],

      "scripts":{

        "animate":[

          "move_controller"

        ]

      },

      "animations":{

          "walk": "animation.fascino_nathus.walk",

          "run": "animation.fascino_nathus.run",

          "idle": "animation.fascino_nathus.idle",

          "attack": "animation.fascino_nathus.attack",

          "idle_timeout": "animation.fascino_nathus.idle_timeout",

          "tranquilized": "animation.fascino_nathus.tranqed",

          "sleep": "animation.fascino_nathus.sleeping",

          "revive": "animation.fascino_nathus.revive",

          "move_controller": "controller.animation.fascino_nathus.move",

          "snooze": "animation.particle.snooze"

      },

        "particle_effects": {

            "snooze": "jw:snooze_small"

        },

        "sound_effects": {

          "timeout": "mob.fascino_natus.timeout",

          "tranq": "mob.fascino_natus.tranq",

          "sleep": "mob.fascino_nahus.sleep",

          "revive": "mob.fascino_nahus.revive",

          "attack": "mob.fascino_natus.attack"

        },

      "spawn_egg": {

		"texture": "md_f_l"

      }

    }

  }

}

