{

  "format_version": "1.10.0",

  "minecraft:client_entity": {

    "description": {

      "identifier": "md:iguano",

      "materials": { "default": "stegosaurus" },

      "textures": { "default": "textures/entity/pamobile/md_iguano"},

      "geometry": { "default": "geometry.md_iguano"},

      "render_controllers": [ "controller.render.stegosaurus" ],

      "scripts":{

        "animate":[

          "move_controller"

        ]

      },

      "animations":{

          "walk": "animation.md_iguano.walk",

          "run": "animation.md_iguano.run",

          "idle": "animation.md_iguano.idle",

          "attack": "animation.md_iguano.attack",

          "idle_timeout": "animation.md_iguano.idle_timeout",

          "tranquilized": "animation.md_iguano.tranqed",

          "sleep": "animation.md_iguano.sleeping",

          "revive": "animation.md_iguano.revive",

          "move_controller": "controller.animation.stegosaurus.move",

          "snooze": "animation.particle.snooze"

      },

        "particle_effects": {

            "snooze": "jw:snooze_small"

        },

        "sound_effects": {

          "timeout": "mob.stegosas.timeout",

          "tranq": "mob.sosaurus.tranq",

          "sleep": "mob.stsaurussaurus.sleep",

          "revive": "mob.stsaurus.revive",

          "attack": "mob.stesaurus.attack"

        },

      "spawn_egg": {

		"texture": "md:iguano"

      }

    }

  }

}

