{

  "format_version": "1.10.0",

  "minecraft:client_entity": {

    "description": {

      "identifier": "md:jp3ptera",

      "materials": { "default": "pteranodon" },

      "textures": { "default": "textures/entity/pamobile/md_jp3ptera"},

      "geometry": { "default": "geometry.md_jp3ptera"},

      "render_controllers": [ "controller.render.pteranodon" ],

      "scripts":{

        "animate":[

          "move_controller"

        ]

      },

      "animations":{

          "walk": "animation.pteranodon.walk",

          "idle": "animation.pteranodon.idle",

          "attack": "animation.pteranodon.attack",

          "idle_timeout": "animation.pteranodon.idle_timeout",

          "tranquilized": "animation.pteranodon.tranqed",

          "sleep": "animation.pteranodon.sleeping",

          "revive": "animation.pteranodon.revive",

          "falling": "animation.pteranodon.falling",

          "move_controller": "controller.animation.pteranodon.move",

          "snooze": "animation.particle.snooze"

      },

        "particle_effects": {

            "snooze": "jw:snoozeflyer"

        },

      "sound_effects": {

        "timeout": "mob.pteranodon.timeout",

        "tranq": "mob.pteranodon.tranq",

        "sleep": "mob.pteranodon.sleep",

        "revive": "mob.pteranodon.revive",

        "attack": "mob.pteranodon.attack"

      },

      "spawn_egg": {

		    "texture": "md:jp3ptera"

      }

    }

  }

}



