{

  "format_version": "1.10.0",

  "minecraft:client_entity": {

    "description": {

      "identifier": "md:jp3brachio",

      "materials": { "default": "brachiosaurus" },

      "textures": { "default": "textures/entity/pamobile/md_jp3brachio"},

      "geometry": { "default": "geometry.md_jp3brachio"},

      "render_controllers": [ "controller.render.brachiosaurus" ],

      "scripts":{

        "animate":[

          "move_controller"

        ]

      },

      "animations":{

          "walk": "animation.brachiosaurus.walk",

          "run": "animation.brachiosaurus.run",

          "idle": "animation.brachiosaurus.idle",

          "attack": "animation.brachiosaurus.attack",

          "idle_timeout": "animation.brachiosaurus.idle_timeout",

          "tranquilized": "animation.brachiosaurus.tranqed",

          "sleep": "animation.brachiosaurus.sleeping",

          "revive": "animation.brachiosaurus.revive",

          "move_controller": "controller.animation.brachiosaurus.move",

          "snooze": "animation.particle.snooze"

      },

        "particle_effects": {

            "snooze": "jw:snooze"

        },

      "sound_effects": {

        "timeout": "mob.brachiosaurus.timeout",

        "tranq": "mob.brachiosaurus.tranq",

        "sleep": "mob.brachiosaurus.sleep",

        "revive": "mob.brachiosaurus.revive",

        "attack": "mob.brachiosaurus.attack"

      },

      "spawn_egg": {

		"texture": "md:jp3brachio"

      }

    }

  }

}



