{

  "format_version": "1.10.0",

  "minecraft:client_entity": {

    "description": {

      "identifier": "md:jp3cerato",

      "materials": { "default": "trex" },

      "textures": { "default": "textures/entity/pamobile/md_jp3cerato"},

      "geometry": { "default": "geometry.md_jp3cerato"},

      "render_controllers": [ "controller.render.tyrannosaurus_rex" ],

      "scripts":{

        "animate":[

          "move_controller",

          "particle_controller"

        ]

      },

      "animations":{

          "walk": "animation.carnotaurus.walk",

          "run": "animation.carnotaurus.run",

          "idle": "animation.carnotaurus.idle",

          "attack": "animation.carnotaurus.attack",

          "idle_timeout": "animation.carnotaurus.idle_timeout",

          "tranquilized": "animation.carnotaurus.tranqed",

          "sleep": "animation.carnotaurus.sleeping",

          "revive": "animation.carnotaurus.revive",

          "move_controller": "controller.animation.trex.move",

          "do_nothing":"animation.particle.do_nothing",

          "escaped_vfx_anim": "animation.particle.escaped",

          "particle_controller": "controller.animation.escapedparticle",

          "snooze": "animation.particle.snooze"

      },

        "particle_effects": {

            "particle_1": "jw:escaped",

            "snooze": "jw:snooze"

        },

      "sound_effects": {

        "timeout": "mob.trx.timeout",

        "tranq": "mob.tex.tranq",

        "sleep": "mob.tranqedx.sleep",

        "revive": "mob.tex.revive",

        "attack": "mob.ex.attack"

      },

      "spawn_egg": {

		"texture": "md:jp3cerato"

      }

    }

  }

}

