{

  "format_version": "1.10.0",

  "minecraft:client_entity": {

    "description": {

      "identifier": "md:jeep",

      "materials": { "default": "truck" },

      "textures": { "default": "textures/entity/pamobile/md_jeep"},

      "geometry": { "default": "geometry.md_jeep"},

      "render_controllers": [ "controller.render.truck" ],

      "scripts":{

        "animate":[

          "particle_controller",

          "truck_controller",

          "truck_sfx_controller"

        ]

      },

      "animations":{

          "do_nothing": "animation.particle.do_nothing",

          "vehicle_smoke_vfx_anim": "animation.particle.vehicle_smoke",

          "particle_controller": "controller.animation.vehicle_smoke.particle",



          "off": "animation.truck.off",

          "on": "animation.truck.on",

          "stopped": "animation.truck.stopped",

          "driving_start": "animation.truck.driving_start",

          "driving_loop": "animation.truck.driving_loop",

          "truck_controller": "controller.animation.truck_moving",

          "truck_sfx_controller": "controller.animation.truck_sounds"

      },

      "particle_effects": {"particle_1": "jw:vehicle_smoke"}, 



      "sound_effects": {

        "start": "bus.start",

        "loop": "bus.loop",

        "stop": "bus.stop"

      },



      "spawn_egg": {

        "base_color": "#c7c9bb",

        "overlay_color": "#bd0a28"

      }

    }

  }

}

