{

  "format_version": "1.10.0",

  "minecraft:client_entity": {

    "description": {

      "identifier": "md:kentro",

      "materials": { "default": "stegosaurus" },

      "textures": { "default": "textures/entity/pamobile/md_kentro"},

      "geometry": { "default": "geometry.md_kentro"},

      "render_controllers": [ "controller.render.stegosaurus" ],

      "scripts":{

        "animate":[

          "move_controller"

        ]

      },

      "animations":{

          "walk": "animation.md_kentro.walk",

          "run": "animation.md_kentro.run",

          "idle": "animation.md_kentro.idle",

          "attack": "animation.md_kentro.attack",

          "idle_timeout": "animation.md_kentro.idle_timeout",

          "tranquilized": "animation.md_kentro.tranqed",

          "sleep": "animation.md_kentro.sleeping",

          "revive": "animation.md_kentro.revive",

          "move_controller": "controller.animation.stegosaurus.move",

          "snooze": "animation.particle.snooze"

      },

        "particle_effects": {

            "snooze": "jw:snooze_small"

        },

        "sound_effects": {

          "timeout": "mob.stegosaurus.timeout",

          "tranq": "mob.stegosaurus.tranq",

          "sleep": "mob.stegosaurus.sleep",

          "revive": "mob.stegosaurus.revive",

          "attack": "mob.stegosaurus.attack"

        },

      "spawn_egg": {

		"texture": "md:kentro"

      }

    }

  }

}

