{

  "format_version": "1.10.0",

  "minecraft:client_entity": {

    "description": {

      "identifier": "md:mamut",

      "materials": { "default": "stegosaurus" },

      "textures": { "default": "textures/entity/pamobile/md_mamut"},

      "geometry": { "default": "geometry.md_mamut"},

      "render_controllers": [ "controller.render.stegosaurus" ],

      "scripts":{

        "animate":[

          "move_controller"

        ]

      },

      "animations":{

          "walk": "animation.md_mamut.walk",

          "run": "animation.md_mamut.run",

          "idle": "animation.md_mamut.idle",

          "attack": "animation.md_mamut.attack",

          "idle_timeout": "animation.md_mamut.idle_timeout",

          "tranquilized": "animation.md_mamut.tranqed",

          "sleep": "animation.md_mamut.sleeping",

          "revive": "animation.md_mamut.revive",

          "move_controller": "controller.animation.stegosaurus.move",

          "snooze": "animation.particle.snooze"

      },

        "particle_effects": {

            "snooze": "jw:snooze_small"

        },

        "sound_effects": {

          "timeout": "mob.stegosussaurus.timeout",

          "tranq": "mob.staurus.tranq",

          "sleep": "mob.stegorus.sleep",

          "revive": "mob.steaurus.revive",

          "attack": "mob.stegosus.attack"

        },

      "spawn_egg": {

		"texture": "md:mamut"

      }

    }

  }

}

