{

  "format_version": "1.10.0",

  "minecraft:client_entity": {

    "description": {

      "identifier": "md:m_edmo",

      "materials": { "default": "stegosaurus" },

      "textures": { "default": "textures/entity/pamobile/md_m_edmo"},

      "geometry": { "default": "geometry.md_m_edmo"},

      "render_controllers": [ "controller.render.stegosaurus" ],

      "scripts":{

        "animate":[

          "move_controller"

        ]

      },

      "animations":{

          "walk": "animation.stegosaurus.walk",

          "run": "animation.stegosaurus.run",

          "idle": "animation.stegosaurus.idle",

          "attack": "animation.apatosaurus.attack",

          "idle_timeout": "animation.stegosaurus.idle_timeout",

          "tranquilized": "animation.stegosaurus.tranqed",

          "sleep": "animation.stegosaurus.sleeping",

          "revive": "animation.stegosaurus.revive",

          "move_controller": "controller.animation.stegosaurus.move",

          "snooze": "animation.particle.snooze"

      },

        "particle_effects": {

            "snooze": "jw:snooze_small"

        },

        "sound_effects": {

          "timeout": "mob.stegosaurus.timeout",

          "tranq": "mob.stegosaurus.tranq",

          "sleep": "mob.stegosaurus.sleep",

          "revive": "mob.stegosaurus.revive",

          "attack": "mob.stegosaurus.attack"

        },

      "spawn_egg": {

		"texture": "md:m_edmo"

      }

    }

  }

}

