{

  "format_version": "1.10.0",

  "minecraft:client_entity": {

    "description": {

      "identifier": "md:moros",

      "materials": { "default": "velociraptor" },

      "textures": { "default": "textures/entity/pamobile/md_moros"},

      "geometry": { "default": "geometry.md_moros"},

      "render_controllers": [ "controller.render.velociraptor" ],

      "scripts":{

        "animate":[

          "move_controller",

          "trained_vfx_controller"

        ]

      },

      "animations":{

          "walk": "animation.velociraptor.walk",

          "run": "animation.velociraptor.run",

          "idle": "animation.velociraptor.idle",

          "attack": "animation.velociraptor.attack",

          "idle_timeout": "animation.velociraptor.idle_timeout",

          "tranquilized": "animation.velociraptor.tranqed",

          "sleep": "animation.velociraptor.sleeping",

          "revive": "animation.velociraptor.revive",

          "move_controller": "controller.animation.velociraptor.move",

          "trained_vfx": "animation.trained_vfx",

          "do_nothing": "animation.trainvfx.donothing",

          "trained_vfx_controller": "controller.animation.trained_vfx",

          "snooze": "animation.particle.snooze"

      },

        "particle_effects": {

            "train_vfx": "jw:trained",

            "snooze": "jw:snooze"

        },

      "sound_effects": {

        "timeout": "mob.velociraptor.timeout",

        "tranq": "mob.velociraptor.tranq",

        "sleep": "mob.velociraptor.sleep",

        "revive": "mob.velociraptor.revive",

        "attack": "mob.velociraptor.attack"

      },

      "spawn_egg": {

		"texture": "md:moros"

      }

    }

  }

}

