{

  "format_version": "1.10.0",

  "minecraft:client_entity": {

    "description": {

      "identifier": "md:microraptor",

      "materials": { "default": "hybrid_cuteflyer" },

      "textures": { "default": "textures/entity/pamobile/md_microraptor"},

      "geometry": { "default": "geometry.md_microraptor"},

      "render_controllers": [ "controller.render.hybrid_cuteflyer" ],

      "scripts":{

        "animate":[

          "move_controller"

        ]

      },

      "animations":{

          "walk": "animation.claridon.walk",

          "falling": "animation.claridon.falling",

          "idle": "animation.claridon.idle",

          "idle_timeout": "animation.claridon.idle_timeout",

          "tranquilized": "animation.claridon.tranqed",

          "sleep": "animation.claridon.sleeping",

          "revive": "animation.claridon.revive",

          "move_controller": "controller.animation.claridon.move",

          "snooze": "animation.particle.snooze"

      },

        "particle_effects": {

            "snooze": "jw:snoozeflyer_small"

        },

        "sound_effects": {

          "timeout": "mob.claridon.timeout",

          "tranq": "mob.claridon.tranq",

          "sleep": "mob.claridon.sleep",

          "revive": "mob.claridon.revive"

        },

      "spawn_egg": {

		"texture": "md:microraptor"

      }

    }

  }

}

