{

  "format_version": "1.10.0",

  "minecraft:client_entity": {

    "description": {

      "identifier": "md:pachyce",

      "materials": { "default": "stygimoloch" },

      "textures": { "default": "textures/entity/pamobile/md_pachyce"},

      "geometry": { "default": "geometry.md_pachyce"},

      "render_controllers": [ "controller.render.stygimoloch" ],

      "scripts":{

        "animate":[

          "move_controller"

        ]

      },

      "animations":{

          "walk": "animation.stygimoloch.walk",

          "run": "animation.stygimoloch.run",

          "idle": "animation.stygimoloch.idle",

          "attack": "animation.stygimoloch.attack",

          "idle_timeout": "animation.stygimoloch.idle_timeout",

          "tranquilized": "animation.stygimoloch.tranqed",

          "sleep": "animation.stygimoloch.sleeping",

          "revive": "animation.stygimoloch.revive",

          "move_controller": "controller.animation.stygimoloch.move",

          "snooze": "animation.particle.snooze"

      },

        "particle_effects": {

            "snooze": "jw:snooze_small"

        },

        "sound_effects": {

          "timeout": "mob.stimoloch.timeout",

          "tranq": "mob.stygiloch.tranq",

          "sleep": "mob.stymoloch.sleep",

          "revive": "mob.styoloch.revive",

          "attack": "mob.stimoloch.attack"

        },

      "spawn_egg": {

		"texture": "md:pachyce"

      }

    }

  }

}

