{

  "format_version": "1.10.0",

  "minecraft:client_entity": {

    "description": {

      "identifier": "md:para_d",

      "materials": { "default": "bio_dino" },

      "textures": { "default": "textures/entity/pamobile/md_para_d"},

      "geometry": { "default": "geometry.md_para_d"},

      "render_controllers": [ "controller.render.parasaurolophus" ],

      "scripts":{

        "animate":[

          "move_controller"

        ]

      },

      "animations":{

          "walk": "animation.parasaurolophus.walk",

          "run": "animation.parasaurolophus.run",

          "idle": "animation.parasaurolophus.idle",

          "idle_timeout": "animation.parasaurolophus.idle_timeout",

          "tranquilized": "animation.parasaurolophus.tranqed",

          "sleep": "animation.parasaurolophus.sleeping",

          "revive": "animation.parasaurolophus.revive",

          "move_controller": "controller.animation.parasaurolophus.move",

          "snooze": "animation.particle.snooze"

      },

        "particle_effects": {

            "snooze": "jw:snooze"

        },

        "sound_effects": {

          "timeout": "mob.parasaurolophus.timeout",

          "tranq": "mob.parasaurolophus.tranq",

          "sleep": "mob.parasaurolophus.sleep",

          "revive": "mob.parasaurolophus.revive"

        },

      "spawn_egg": {

		"texture": "md:para_d"

      }

    }

  }

}

