{

  "format_version": "1.10.0",

  "minecraft:client_entity": {

    "description": {

      "identifier": "md:quetzal",

      "materials": { "default": "pteranodon" },

      "textures": { "default": "textures/entity/pamobile/md_quetzal"},

      "geometry": { "default": "geometry.md_quetzal"},

      "render_controllers": [ "controller.render.pteranodon" ],

      "scripts":{

        "animate":[

          "move_controller"

        ]

      },

      "animations":{

          "walk": "animation.md_quetzal.walk",

          "idle": "animation.md_quetzal.idle",

          "attack": "animation.md_quetzal.attack",

          "idle_timeout": "animation.md_quetzal.idle_timeout",

          "tranquilized": "animation.md_quetzal.tranqed",

          "sleep": "animation.md_quetzal.sleeping",

          "revive": "animation.md_quetzal.revive",

          "falling": "animation.md_quetzal.falling",

          "move_controller": "controller.animation.pteranodon.move",

          "snooze": "animation.particle.snooze"

      },

        "particle_effects": {

            "snooze": "jw:snoozeflyer"

        },

      "sound_effects": {

        "timeout": "mob.ptenodon.timeout",

        "tranq": "mob.pteraon.tranq",

        "sleep": "mob.pteodon.sleep",

        "revive": "mob.pteodon.revive",

        "attack": "mob.pterdon.attack"

      },

      "spawn_egg": {

		    "texture": "md:quetzal"

      }

    }

  }

}



