{

  "format_version": "1.10.0",

  "minecraft:client_entity": {

    "description": {

      "identifier": "md:rexyjwd",

      "materials": { "default": "trex" },

      "textures": { "default": "textures/entity/pamobile/md_rexyjwd"},

      "geometry": { "default": "geometry.md_rexyjwd"},

      "render_controllers": [ "controller.render.tyrannosaurus_rex" ],

      "scripts":{

        "animate":[

          "move_controller",

          "particle_controller"

        ]

      },

      "animations":{

          "walk": "animation.trex.walk",

          "run": "animation.trex.run",

          "idle": "animation.trex.idle",

          "attack": "animation.trex.attack",

          "idle_timeout": "animation.trex.idle_timeout",

          "tranquilized": "animation.trex.tranqed",

          "sleep": "animation.trex.sleeping",

          "revive": "animation.trex.revive",

          "move_controller": "controller.animation.trex.move",

          "do_nothing":"animation.particle.do_nothing",

          "escaped_vfx_anim": "animation.particle.escaped",

          "particle_controller": "controller.animation.escapedparticle",

          "snooze": "animation.particle.snooze"

      },

        "particle_effects": {

            "particle_1": "jw:escaped",

            "snooze": "jw:snooze"

        },

      "sound_effects": {

        "timeout": "mob.trex.timeout",

        "tranq": "mob.trex.tranq",

        "sleep": "mob.trex.sleep",

        "revive": "mob.trex.revive",

        "attack": "mob.trex.attack"

      },

      "spawn_egg": {

		"texture": "md:rexyjwd"

      }

    }

  }

}

