{

  "format_version": "1.10.0",

  "minecraft:client_entity": {

    "description": {

      "identifier": "md:smilo",

      "materials": { "default": "hybrid_quadrupedcarnivore" },

      "textures": { "default": "textures/entity/pamobile/md_smilo"},

      "geometry": { "default": "geometry.md_smilo"},

      "render_controllers": [ "controller.render.hybrid_quadrupedcarnivore" ],

      "scripts":{

        "animate":[

          "move_controller"

        ]

      },

      "animations":{

          "walk": "animation.md_smilo.walk",

          "run": "animation.md_smilo.run",

          "idle": "animation.md_smilo.idle",

          "attack": "animation.md_smilo.attack",

          "idle_timeout": "animation.md_smilo.idle_timeout",

          "tranquilized": "animation.md_smilo.tranqed",

          "sleep": "animation.md_smilo.sleeping",

          "revive": "animation.md_smilo.revive",

          "move_controller": "controller.animation.fascino_nathus.move",

          "snooze": "animation.particle.snooze"

      },

        "particle_effects": {

            "snooze": "jw:snooze_small"

        },

        "sound_effects": {

          "timeout": "mob.fascino_nath.timeout",

          "tranq": "mob.fascinothus.tranq",

          "sleep": "mob.fascino_nathathus.sleep",

          "revive": "mob.fascino_nathathuso_nathus.revive",

          "attack": "mob.fascino_us.attack"

        },

      "spawn_egg": {

		"texture": "md:smilo"

      }

    }

  }

}

