{

  "format_version": "1.10.0",

  "minecraft:client_entity": {

    "description": {

      "identifier": "md:tylo",

      "materials": { "default": "bio_dino" },

      "textures": { "default": "textures/entity/pamobile/md_tylo"},

      "geometry": { "default": "geometry.md_tylo"},

      "render_controllers": [ "controller.render.hybrid_amphibiousflyer" ],

      "scripts":{

        "animate":[

          "move_controller"

        ]

      },

      "animations":{

          "walk": "animation.md_tylo.walk",

          "run": "animation.md_tylo.walk",

          "idle": "animation.md_tylo.idle",

          "attack": "animation.md_tylo.attack",

          "idle_timeout": "animation.md_tylo.idle_timeout",

          "tranquilized": "animation.md_tylo.tranqed",

          "sleep": "animation.md_tylo.sleeping",

          "revive": "animation.md_tylo.revive",

          "move_controller": "controller.animation.fascino_nathus.move",

          "snooze": "animation.particle.snooze"

      },

        "particle_effects": {

            "snooze": "jw:snooze_small"

        },

        "sound_effects": {

          "timeout": "mob.fasthus.timeout",

          "tranq": "mob.faso_nathus.tranq",

          "sleep": "mob.fascinathus.sleep",

          "revive": "mob.fa_nathus.revive",

          "attack": "mob.fascinothus.attack"

        },

      "spawn_egg": {

		"texture": "md:tylo"

      }

    }

  }

}

