{

  "format_version": "1.10.0",

  "minecraft:client_entity": {

    "description": {

      "identifier": "md:theri",

      "materials": { "default": "indominus_rex" },

      "textures": { "default": "textures/entity/pamobile/md_theri"},

      "geometry": { "default": "geometry.md_theri"},

      "render_controllers": [ "controller.render.indominus_rex" ],

      "scripts":{

        "animate":[

          "move_controller"

        ]

      },

      "animations":{

          "walk": "animation.md_theri.walk",

          "run": "animation.md_theri.run",

          "idle": "animation.md_theri.idle",

          "attack": "animation.md_theri.attack",

          "idle_timeout": "animation.md_theri.idle_timeout",

          "tranquilized": "animation.md_theri.tranqed",

          "sleep": "animation.md_theri.sleeping",

          "revive": "animation.md_theri.revive",

          "move_controller": "controller.animation.indominus_rex.move",

          "snooze": "animation.particle.snooze"

      },

        "particle_effects": {

            "snooze": "jw:snooze"

        },

      "sound_effects": {

        "timeout": "mob.indrex.timeout",

        "tranq": "mob.indonus_rex.tranq",

        "sleep": "mob.indnus_rex.sleep",

        "revive": "mob.ininus_rex.revive",

        "attack": "mob.indous_rex.attack"

      },

      "spawn_egg": {

		"texture": "md:theri"

      }

    }

  }

}

