{

  "format_version": "1.10.0",

  "minecraft:client_entity": {

    "description": {

      "identifier": "md:ultima",

      "materials": { "default": "indominus_rex" },

      "textures": { "default": "textures/entity/pamobile/md_ultima"},

      "geometry": { "default": "geometry.md_ultima"},

      "render_controllers": [ "controller.render.indominus_rex" ],

      "scripts":{

        "animate":[

          "move_controller"

        ]

      },

      "animations":{

          "walk": "animation.trex.walk",

          "run": "animation.trex.run",

          "idle": "animation.trex.idle",

          "attack": "animation.trex.attack",

          "idle_timeout": "animation.trex.idle_timeout",

          "tranquilized": "animation.trex.tranqed",

          "sleep": "animation.trex.sleeping",

          "revive": "animation.trex.revive",

          "move_controller": "controller.animation.indominus_rex.move",

          "snooze": "animation.particle.snooze"

      },

        "particle_effects": {

            "snooze": "jw:snooze"

        },

      "sound_effects": {

        "timeout": "mob.i_rex.timeout",

        "tranq": "mob.indomis_rex.tranq",

        "sleep": "mob.indus_rex.sleep",

        "revive": "mob.innus_rex.revive",

        "attack": "mob.innus_rex.attack"

      },

      "spawn_egg": {

		"texture": "md:ultima"

      }

    }

  }

}

