{
  "format_version": "1.19.30",
  "minecraft:block": {
    "description": {
      "identifier": "vl:fence",
      "is_experimental": false,
      "properties": {
        "vl:north": [false, true],
        "vl:east": [false, true],
        "vl:south": [false, true],
        "vl:west": [false, true]
      },
      "register_to_creative_menu": true,
      "menu_category": {
        "category": "construction"
      }
    },
    "components": {
      "tag:fence": {},
      "minecraft:queued_ticking": {
        "looping": true,
        "interval_range": [0, 0],
        "on_tick": {
          "event": "ticking"
        }
      },
      "minecraft:destructible_by_mining": true,
      "minecraft:light_dampening": 0,
      "minecraft:destructible_by_explosion": true,
      "minecraft:material_instances": {
        "*": {
          "render_method": "alpha_test",
          "ambient_occlusion": false,
          "texture": "fence"
        }
      },
      "minecraft:geometry": {
        "identifier": "geometry.fence",
        "bone_visibility": {
          "bone2": false,
          "bone1": false,
          "bone3": false,
          "bone4": false
        }
      },
      
      "minecraft:selection_box": {
        "origin": [-3, 0, -3],
        "size": [6, 16, 6]
      },
      "minecraft:collision_box": {
        "origin": [-3, 0, -3],
        "size": [6, 16, 6]
      },
      "minecraft:on_player_placing": {
        "event": "vl:block_rotation"
      },
      "minecraft:rotation": [0, 0, 0]
    },
    "events": {
      "ticking": {
        "set_block_property": {
          "vl:north": "query.block_neighbor_has_any_tag(0,0,-1,'fence')?true:false",
          "vl:east": "query.block_neighbor_has_any_tag(1,0,0,'fence')?true:false",
          "vl:south": "query.block_neighbor_has_any_tag(0,0,1,'fence')?true:false",
          "vl:west": "query.block_neighbor_has_any_tag(-1,0,0,'fence')?true:false"
        }
      }
    },
    "permutations": [
      {
        "condition": "query.block_property('vl:north')",
        "components": {
          "minecraft:geometry": {
            "identifier": "geometry.fence",
            "bone_visibility": {
              "bone2": true,
              "bone1": false,
              "bone3": false,
              "bone4": false,
              "bone5": true
            }
          },
          "minecraft:selection_box": {
            "origin": [-3, 0, -8],
            "size": [6, 16, 11]
          },
          "minecraft:collision_box": {
            "origin": [-3, 0, -8],
            "size": [6, 16, 11]
          }
        }
      },
      {
        "condition": "query.block_property('vl:south')",
        "components": {
          "minecraft:geometry": {
            "identifier": "geometry.fence",
            "bone_visibility": {
              "bone2": false,
              "bone1": true,
              "bone3": false,
              "bone4": false,
              "bone5": true
            }
          },
          "minecraft:selection_box": {
            "origin": [-3, 0, -3],
            "size": [6, 16, 11]
          },
          "minecraft:collision_box": {
            "origin": [-3, 0, -3],
            "size": [6, 16, 11]
          }
        }
      },
      {
        "condition": "query.block_property('vl:north')&&query.block_property('vl:south')",
        "components": {
          "minecraft:geometry": {
            "identifier": "geometry.fence",
            "bone_visibility": {
              "bone2": true,
              "bone1": true,
              "bone3": false,
              "bone4": false,
              "bone5": false
            }
          },
          "minecraft:selection_box": {
            "origin": [-0.1, 0, -8],
            "size": [0.2, 14, 16]
          },
          "minecraft:collision_box": {
            "origin": [-0.1, 0, -8],
            "size": [0.2, 14, 16]
          }
        }
      },
      {
        "condition": "query.block_property('vl:east')",
        "components": {
          "minecraft:geometry": {
            "identifier": "geometry.fence",
            "bone_visibility": {
              "bone2": false,
              "bone1": false,
              "bone3": true,
              "bone4": false,
              "bone5": true
            }
          },
          "minecraft:selection_box": {
            "origin": [-8, 0, -3],
            "size": [11, 16, 6]
          },
          "minecraft:collision_box": {
            "origin": [-8, 0, -3],
            "size": [11, 16, 6]
          }
        }
      },
      {
        "condition": "query.block_property('vl:west')",
        "components": {
          "minecraft:geometry": {
            "identifier": "geometry.fence",
            "bone_visibility": {
              "bone2": false,
              "bone1": false,
              "bone3": false,
              "bone4": true,
              "bone5": true
            }
          },
          "minecraft:selection_box": {
            "origin": [-3, 0, -3],
            "size": [11, 16, 6]
          },
          "minecraft:collision_box": {
            "origin": [-3, 0, -3],
            "size": [11, 16, 6]
          }
        }
      },
      {
        "condition": "query.block_property('vl:west')&&query.block_property('vl:east')",
        "components": {
          "minecraft:geometry": {
            "identifier": "geometry.fence",
            "bone_visibility": {
              "bone2": false,
              "bone1": false,
              "bone3": true,
              "bone4": true,
              "bone5": false
            }
          },
          "minecraft:selection_box": {
            "origin": [-8, 0, -0.1],
            "size": [16, 14, 0.2]
          },
          "minecraft:collision_box": {
            "origin": [-8, 0, -0.1],
            "size": [16, 14, 0.2]
          }
        }
      },
      {
        "condition": "query.block_property('vl:north')&&query.block_property('vl:east')",
        "components": {
          "minecraft:geometry": {
            "identifier": "geometry.fence",
            "bone_visibility": {
              "bone2": true,
              "bone1": false,
              "bone3": true,
              "bone4": false,
              "bone5": true
            }
          },
          "minecraft:selection_box": {
            "origin": [-8, 0, -8],
            "size": [11, 16, 11]
          },
          "minecraft:collision_box": {
            "origin": [-8, 0, -8],
            "size": [11, 16, 11]
          }
        }
      },
      {
        "condition": "query.block_property('vl:north')&&query.block_property('vl:west')",
        "components": {
          "minecraft:geometry": {
            "identifier": "geometry.fence",
            "bone_visibility": {
              "bone2": true,
              "bone1": false,
              "bone3": false,
              "bone4": true,
              "bone5": true
            }
          },
          "minecraft:selection_box": {
            "origin": [-3, 0, -8],
            "size": [11, 16, 11]
          },
          "minecraft:collision_box": {
            "origin": [-3, 0, -8],
            "size": [11, 16, 11]
          }
        }
      },
      {
        "condition": "query.block_property('vl:south')&&query.block_property('vl:east')",
        "components": {
          "minecraft:geometry": {
            "identifier": "geometry.fence",
            "bone_visibility": {
              "bone2": false,
              "bone1": true,
              "bone3": true,
              "bone4": false,
              "bone5": true
            }
          },
          "minecraft:selection_box": {
            "origin": [-8, 0, -3],
            "size": [11, 16, 11]
          },
          "minecraft:collision_box": {
            "origin": [-8, 0, -3],
            "size": [11, 16, 11]
          }
        }
      },
      {
        "condition": "query.block_property('vl:south')&&query.block_property('vl:west')",
        "components": {
          "minecraft:geometry": {
            "identifier": "geometry.fence",
            "bone_visibility": {
              "bone2": false,
              "bone1": true,
              "bone3": false,
              "bone4": true,
              "bone5": true
            }
          },
          "minecraft:selection_box": {
            "origin": [-3, 0, -3],
            "size": [11, 16, 11]
          },
          "minecraft:collision_box": {
            "origin": [-3, 0, -3],
            "size": [11, 16, 11]
          }
        }
      },
      {
        "condition": "query.block_property('vl:south')&&query.block_property('vl:west')&&query.block_property('vl:east')",
        "components": {
          "minecraft:geometry": {
            "identifier": "geometry.fence",
            "bone_visibility": {
              "bone2": false,
              "bone1": true,
              "bone3": true,
              "bone4": true,
              "bone5": true
            }
          },
          "minecraft:selection_box": {
            "origin": [-8, 0, -3],
            "size": [16, 16, 11]
          },
          "minecraft:collision_box": {
            "origin": [-8, 0, -3],
            "size": [16, 16, 11]
          }
        }
      },
      {
        "condition": "query.block_property('vl:north')&&query.block_property('vl:west')&&query.block_property('vl:east')",
        "components": {
          "minecraft:geometry": {
            "identifier": "geometry.fence",
            "bone_visibility": {
              "bone2": true,
              "bone1": false,
              "bone3": true,
              "bone4": true,
              "bone5": true
            }
          },
          "minecraft:selection_box": {
            "origin": [-8, 0, -8],
            "size": [16, 16, 11]
          },
          "minecraft:collision_box": {
            "origin": [-8, 0, -8],
            "size": [16, 16, 11]
          }
        }
      },
      {
        "condition": "query.block_property('vl:north')&&query.block_property('vl:south')&&query.block_property('vl:east')",
        "components": {
          "minecraft:geometry": {
            "identifier": "geometry.fence",
            "bone_visibility": {
              "bone2": true,
              "bone1": true,
              "bone3": true,
              "bone4": false,
              "bone5": true
            }
          },
          "minecraft:selection_box": {
            "origin": [-8, 0, -8],
            "size": [11, 16, 16]
          },
          "minecraft:collision_box": {
            "origin": [-8, 0, -8],
            "size": [11, 16, 16]
          }
        }
      },
      {
        "condition": "query.block_property('vl:north')&&query.block_property('vl:south')&&query.block_property('vl:west')",
        "components": {
          "minecraft:geometry": {
            "identifier": "geometry.fence",
            "bone_visibility": {
              "bone2": true,
              "bone1": true,
              "bone3": false,
              "bone4": true,
              "bone5": true
            }
          },
          "minecraft:selection_box": {
            "origin": [-3, 0, -8],
            "size": [11, 16, 16]
          },
          "minecraft:collision_box": {
            "origin": [-3, 0, -8],
            "size": [11, 16, 16]
          }
        }
      },
      {
        "condition": "query.block_property('vl:north')&&query.block_property('vl:south')&&query.block_property('vl:east')&&query.block_property('vl:west')",
        "components": {
          "minecraft:geometry": {
            "identifier": "geometry.fence",
            "bone_visibility": {
              "bone2": true,
              "bone1": true,
              "bone3": true,
              "bone4": true,
              "bone5": true
            }
          },
          "minecraft:selection_box": {
            "origin": [-8, 0, -8],
            "size": [16, 16, 16]
          },
          "minecraft:collision_box": {
            "origin": [-8, 0, -8],
            "size": [16, 16, 16]
          }
        }
      }
    ]
  }
}
