{
  "format_version": "1.16.100",
  "minecraft:item": {
    "description": {
      "category": "equipment",
      "identifier": "whs:whistle_cyan"
    },
    "components": {
      "minecraft:icon": {
        "texture": "whistle_cyan"
      },
      "minecraft:creative_category": {
        "parent": "itemGroup.name.equipment"
      },
      "minecraft:max_stack_size": 1,
      "minecraft:hand_equipped": false,
      "minecraft:foil": false,
      "minecraft:display_name": {
        "value": "Whistle <§3Cyan§f>\n§o§9Mounts Whistle"
      },
      "minecraft:on_use": {
        "on_use": {
          "event": "call"
        }
      },
      "minecraft:use_duration": 32,
      "minecraft:cooldown": {
        "category": "whistle",
        "duration": 5
      }
    },
    "events": {
      "call": {
        "run_command": {
          "command": [
            "playsound random.whistle @a [r=10] ~~~ 0.5",
            "tp @e [tag=whistle_cyan,c=1] ~~~"
          ]
        }
      }
    }
  }
}