{
	"format_version": "1.12.0",
	"minecraft:geometry": [
		{
			"description": {
				"identifier": "geometry.LUCID_Motorcycle",
				"texture_width": 128,
				"texture_height": 128,
				"visible_bounds_width": 4,
				"visible_bounds_height": 3.5,
				"visible_bounds_offset": [0, 1.25, 0]
			},
			"bones": [
				{
					"name": "bone15",
					"pivot": [0, 8, -6]
				},
				{
					"name": "bone",
					"parent": "bone15",
					"pivot": [0, 8, -6],
					"cubes": [
						{"origin": [-4, 14, -10], "size": [8, 7, 11], "uv": [0, 20]},
						{"origin": [-4, 16, -13], "size": [8, 5, 3], "uv": [65, 16]},
						{"origin": [-3.5, 11, -5], "size": [7, 6, 13], "uv": [0, 0]},
						{"origin": [-2.5, 14, 7.5], "size": [2, 2, 11], "uv": [27, 59]},
						{"origin": [0.5, 14, 7.5], "size": [2, 2, 11], "uv": [0, 58]},
						{"origin": [-2, 14.5, 18.5], "size": [1, 1, 1], "uv": [0, 3]},
						{"origin": [1, 14.5, 18.5], "size": [1, 1, 1], "uv": [0, 0]},
						{"origin": [-3.1, 8, 3], "size": [0, 5, 6], "uv": [64, 67]},
						{"origin": [3.1, 8, 3], "size": [0, 5, 6], "uv": [0, 0]},
						{"origin": [-3, 7, -7], "size": [6, 8, 10], "uv": [0, 39]}
					]
				},
				{
					"name": "bone5",
					"parent": "bone",
					"pivot": [0, 13.001, 8],
					"cubes": [
						{"origin": [3, 13, 8], "size": [0, 4, 12], "uv": [52, 19], "mirror": true},
						{"origin": [-3, 13, 8], "size": [0, 4, 12], "uv": [52, 19]},
						{"origin": [-1, 13, 20], "size": [2, 4, 0], "uv": [28, 0]},
						{"origin": [-3, 17, 8], "size": [6, 0, 14], "uv": [25, 25]}
					]
				},
				{
					"name": "bone16",
					"parent": "bone",
					"pivot": [0, 21, -12]
				},
				{
					"name": "bone11",
					"parent": "bone16",
					"pivot": [0, 21, -12],
					"cubes": [
						{"origin": [1, 21, -16], "size": [5, 7, 0], "pivot": [1, 21, -16], "rotation": [0, -52.5, 0], "uv": [28, 20]},
						{"origin": [-6, 21, -16], "size": [5, 7, 0], "pivot": [-1, 21, -16], "rotation": [0, 52.5, 0], "uv": [0, 20]},
						{"origin": [-8, 21, -16], "size": [2, 7, 0], "pivot": [-1, 21, -16], "rotation": [0, 62.5, 0], "uv": [88, 34]},
						{"origin": [6, 21, -16], "size": [2, 7, 0], "pivot": [1, 21, -16], "rotation": [0, -62.5, 0], "uv": [88, 34], "mirror": true},
						{"origin": [-1, 21, -16], "size": [2, 7, 0], "uv": [45, 0]},
						{"origin": [-3, 21, -16], "size": [3, 0, 4], "uv": [39, 19]},
						{"origin": [0, 21, -16], "size": [3, 0, 4], "uv": [39, 19], "mirror": true}
					]
				},
				{
					"name": "bone4",
					"parent": "bone",
					"pivot": [0, 16, -10],
					"cubes": [
						{"origin": [1.6, 5, -12], "size": [0, 13, 2], "uv": [5, 72]},
						{"origin": [-1.6, 5, -12], "size": [0, 13, 2], "uv": [0, 72]}
					]
				},
				{
					"name": "bone13",
					"parent": "bone4",
					"pivot": [0, 6.5, -11.5],
					"cubes": [
						{"origin": [-1.5, 1.61522, -15.61522], "size": [3, 9, 9], "pivot": [0, 6.5, -11.5], "rotation": [45, 0, 0], "uv": [41, 0]}
					]
				},
				{
					"name": "bone12",
					"parent": "bone4",
					"pivot": [0, 21, -11],
					"cubes": [
						{"origin": [-1, 18, -12], "size": [2, 5, 2], "pivot": [0, 21, -11], "rotation": [0, -45, 0], "uv": [0, 39]},
						{"origin": [-0.6, 22, -11.5], "size": [0, 2, 1], "uv": [7, 0]},
						{"origin": [0.6, 22, -11.5], "size": [0, 2, 1], "uv": [10, 0]}
					]
				},
				{
					"name": "bone6",
					"parent": "bone12",
					"pivot": [-0.6, 24.001, -11.5],
					"cubes": [
						{"origin": [-6.6, 24, -11.5], "size": [6, 0, 1], "uv": [23, 42]}
					]
				},
				{
					"name": "bone7",
					"parent": "bone6",
					"pivot": [-0.6, 24.001, -11.5],
					"cubes": [
						{"origin": [-3.6, 23, -11.5], "size": [3, 1, 0], "pivot": [-0.6, 24.001, -11.5], "rotation": [0, 0, 32.5], "uv": [28, 28]},
						{"origin": [-6.6, 22, -11.5], "size": [3, 2, 0], "pivot": [-0.6, 24.001, -11.5], "rotation": [0, 0, 32.5], "uv": [28, 9]},
						{"origin": [-3.6, 23, -11.4], "size": [3, 1, 0], "pivot": [-0.6, 24.001, -11.4], "rotation": [0, 0, 32.5], "uv": [109, 84]},
						{"origin": [-6.6, 22, -11.4], "size": [3, 2, 0], "pivot": [-0.6, 24.001, -11.4], "rotation": [0, 0, 32.5], "uv": [109, 65]}
					]
				},
				{
					"name": "bone8",
					"parent": "bone12",
					"pivot": [0.6, 24.001, -11.5],
					"cubes": [
						{"origin": [0.6, 24, -11.5], "size": [6, 0, 1], "uv": [23, 40]}
					]
				},
				{
					"name": "bone9",
					"parent": "bone8",
					"pivot": [0.6, 24.001, -11.5],
					"cubes": [
						{"origin": [0.6, 23, -11.5], "size": [3, 1, 0], "pivot": [0.6, 24.001, -11.5], "rotation": [0, 0, -32.5], "uv": [28, 5]},
						{"origin": [3.6, 22, -11.5], "size": [3, 2, 0], "pivot": [0.6, 24.001, -11.5], "rotation": [0, 0, -32.5], "uv": [0, 28]},
						{"origin": [3.6, 22, -11.4], "size": [3, 2, 0], "pivot": [0.6, 24.001, -11.4], "rotation": [0, 0, -32.5], "uv": [81, 84]},
						{"origin": [0.6, 23, -11.4], "size": [3, 1, 0], "pivot": [0.6, 24.001, -11.4], "rotation": [0, 0, -32.5], "uv": [109, 61]}
					]
				},
				{
					"name": "bone3",
					"parent": "bone",
					"pivot": [-3.001, 8, 0],
					"cubes": [
						{"origin": [-4, 7, 0], "size": [1, 1, 7], "uv": [28, 0]}
					]
				},
				{
					"name": "bone2",
					"parent": "bone",
					"pivot": [0, 8, 3],
					"cubes": [
						{"origin": [2.7, 7, 3], "size": [0, 2, 12], "uv": [63, 52]},
						{"origin": [-2.7, 7, 3], "size": [0, 2, 12], "uv": [63, 36]}
					]
				},
				{
					"name": "bone10",
					"parent": "bone2",
					"pivot": [2.6, 8, 3],
					"cubes": [
						{"origin": [2.6, 6, 2], "size": [0, 4, 13], "uv": [36, 99]}
					]
				},
				{
					"name": "bone14",
					"parent": "bone2",
					"pivot": [0, 6.5, 14.5],
					"cubes": [
						{"origin": [-2.5, 2, 10], "size": [5, 9, 9], "pivot": [0, 6.5, 14.5], "rotation": [45, 0, 0], "uv": [33, 40]}
					]
				}
			]
		}
	]
}