{
  "format_version": "1.10.0",
  "animation_controllers": {
    "controller.animation.salto": {
      "initial_state": "default",
      "states": {
        "default": { 
 
          "transitions": [
            {
              "flyu": "query.mark_variant == 20 || query.mark_variant == 2 || query.mark_variant == 17 || query.mark_variant == 18 || query.mark_variant == 3 || query.mark_variant == 4 || query.mark_variant == 5 || query.mark_variant == 6 || query.mark_variant == 8 || query.mark_variant == 9 || query.mark_variant == 10 || query.mark_variant == 11 || query.mark_variant == 12 || query.mark_variant == 13 || query.mark_variant == 15 || query.mark_variant == 16 && !query.is_gliding && query.is_jumping"
            }
          ]
        },
        "flyu": {
          "transitions": [
            {
              "default": "!query.is_gliding && query.is_jumping"
            }
          ],
          "on_entry": [
            "/function jumpin",
            "/summon mc:jum ^^^",
            "/title @p actionbar lines"
          ]
        }
      }
    }
  }
}