{
  "format_version": "1.10.0",
  "animation_controllers": {
    "controller.animation.amha": {
      "initial_state": "default",
      "states": {
        "default": {
 
          "transitions": [
            {
              "spee": "query.mark_variant == 20 || query.mark_variant == 2 || query.mark_variant == 17 || query.mark_variant == 18 || query.mark_variant == 3 || query.mark_variant == 4 || query.mark_variant == 5 || query.mark_variant == 6 || query.mark_variant == 7 || query.mark_variant == 8 || query.mark_variant == 9 || query.mark_variant == 10 || query.mark_variant == 11 || query.mark_variant == 12 || query.mark_variant == 13 || query.mark_variant == 15 || query.mark_variant == 16 && q.get_equipped_item_name(0) == 'webswing' && query.is_sneaking"
            }
          ]
        },
        "spee": {
          "transitions": [
            {
              "default": "query.is_sneaking"
            }
          ],
          "on_entry": [
            "/function aaaclim",
            "/function aclim",
            "/effect @p slow_falling 5 255 true"
          ]
        }
      }
    }
  }
}