{
  "format_version": "1.10.0",
  "animation_controllers": {
    "controller.animation.cler": {
      "initial_state": "default",
      "states": {
        "default": {
 
          "transitions": [
            {
              "unn": "!query.is_fire_immune"
            }
          ]
        },
        "unn": {
          "transitions": [
            {
              "default": "!query.is_fire_immune"
            }
          ],
          "on_entry": [
            "/clear @p elytra"
          ]
        }
      }
    }
  }
}