{
  "format_version": "1.10.0",
  "animation_controllers": {
    "controller.animation.myst": {
      "states": {
        "default": {
          "transitions": [
            {
              "walking": "(1.0)"
            }
          ],
          "on_entry": [
            "/playsound luch"
          ]
        },
        "walking": {
          "transitions": [
            {
              "default": "query.get_equipped_item_name=='mysteriomagic' && query.is_using_item"
            }
          ],
          "on_entry": [
            "/event entity @p mc:mysteriomagic_fire"
          ]
        }
      }
    }
  }
}