{
  "format_version": "1.10.0",
  "animation_controllers": {
    "controller.animation.mystshield": {
      "states": {
        "default": {
          "transitions": [
            {
              "walking": "(1.0)"
            }
          ],
          "on_entry": [
            "/effect @p resistance 1 255 true"
          ]
        },
        "walking": {
          "transitions": [
            {
              "default": "query.get_equipped_item_name=='mysteriomagictwo' && query.is_sneaking"
            }
          ],
          "on_entry": [
            "/replaceitem entity @p slot.weapon.offhand 0 shield"
          ]
        }
      }
    }
  }
}