{
  "format_version": "1.10.0",
  "animation_controllers": {
    "controller.animation.nk_removeitem": {
      "initial_state": "preshoot",
      "states": {
        "preshoot": {
          "transitions": [
            {
              "shoot": "q.get_equipped_item_name(0) == 'removeitem' && q.is_using_item"
            }
          ]
        },
        "shooting": {
          "on_entry": [
            "v.delaytime = q.life_time;"
          ],
          "transitions": [
            {
              "preshoot": "q.get_equipped_item_name(0) != 'removeitem' || !q.is_using_item"
            },
            {
              "shoot": "q.get_equipped_item_name(0) != 'removeitem' || !q.is_using_item"
            }
          ]
        },
        "shoot": {
          "on_entry": [
            "@s nk:removeitem_fire",
            "/tag @p remove spider",
            "/clear @p shield",
            "/tag @p remove mysterio",
            "/replaceitem entity @p slot.armor.head 0 air",
            "/effect @p clear"
          ],
          "transitions": [
            {
              "shooting": "1.0"
            }
          ],
          "on_exit": [
            "v.bullet_fire = q.life_time;"
          ]
        }
      }
    }
  }
}