{
  "format_version": "1.10.0",
  "animation_controllers": {
    "controller.animation.nk_spiderman": {
      "states": {
        "default": {
          "transitions": [
            {
              "walking": "(1.0)"
            }
          ],
          "on_entry": [
            "/function nk_spiderman"
          ]
        },
        "walking": {
          "transitions": [
            {
              "default": "query.get_equipped_item_name=='spiderman' && variable.attack_time"
            }
          ],
          "on_entry": [
            "/function nk_spiderman"
          ]
        }
      }
    }
  }
}