{
  "format_version": "1.10.0",
  "animation_controllers": {
    "controller.animation.nk_spidermanraimi": {
      "states": {
        "default": {
          "transitions": [
            {
              "walking": "(1.0)"
            }
          ],
          "on_entry": [
            "/function nk_spidermanraimi"
          ]
        },
        "walking": {
          "transitions": [
            {
              "default": "query.get_equipped_item_name=='spidermanraimi' && variable.attack_time"
            }
          ],
          "on_entry": [
            "/function nk_spidermanraimi"
          ]
        }
      }
    }
  }
}