{
  "format_version": "1.10.0",
  "animation_controllers": {
    "controller.animation.nk_spidermanbigtime": {
      "states": {
        "default": {
          "transitions": [
            {
              "walking": "(1.0)"
            }
          ],
          "on_entry": [
            "/function nk_spidermanbigtime"
          ]
        },
        "walking": {
          "transitions": [
            {
              "default": "query.get_equipped_item_name=='spidermanbigtime' && variable.attack_time."
            }
          ],
          "on_entry": [
            "/function nk_spidermanbigtime"
          ]
        }
      }
    }
  }
}