{
  "format_version": "1.10.0",
  "animation_controllers": {
    "controller.animation.orqasalto": {
      "initial_state": "default",
      "states": {
        "default": {
          "transitions": [
            {
              "clim": "query.mark_variant == 20 || query.mark_variant == 2 || query.mark_variant == 17 || query.mark_variant == 18 || query.mark_variant == 3 || query.mark_variant == 4 || query.mark_variant == 5 || query.mark_variant == 6 || query.mark_variant == 7 || query.mark_variant == 8 || query.mark_variant == 9 || query.mark_variant == 10 || query.mark_variant == 11 || query.mark_variant == 12 || query.mark_variant == 13 || query.mark_variant == 15 || query.mark_variant == 16 && query.is_jumping && !query.is_on_ground"
            }
          ]
        },
        "climbf": {
          "transitions": [
            {
              "default": "query.is_jumping && !query.is_on_ground"
            }
          ],
          "on_entry": [
            "/function orqasalto",
            "/function orqasalto2"
          ]
        }
      }
    }
  }
}