{
  "format_version": "1.10.0",
  "animation_controllers": {
    "controller.animation.sprintingi": {
      "initial_state": "default",
      "states": {
        "default": {
 
          "transitions": [
            {
              "flyu": "query.mark_variant == 20 || query.mark_variant == 3 || query.mark_variant == 4 || query.mark_variant == 5 || query.mark_variant == 6 || query.mark_variant == 7 || query.mark_variant == 8 || query.mark_variant == 9 || query.mark_variant == 10 || query.mark_variant == 11 || query.mark_variant == 12 || query.mark_variant == 13 || query.mark_variant == 15 || query.mark_variant == 16 && !query.is_gliding && query.is_sprinting"
            }
          ]
        },
        "flyu": {
          "transitions": [
            {
              "default": "!query.is_gliding && query.is_sprinting"
            }
          ],
          "on_entry": [
            "/effect @p jump_boost 1 6 true",
            "/effect @p speed 1 9 true"
          ]
        }
      }
    }
  }
}