{
  "format_version": "1.10.0",
  "animation_controllers": {
    "controller.animation.uchg": {
      "initial_state": "default",
      "states": {
        "default": { 
 
          "transitions": [
            {
              "flyu": "query.mark_variant == 14 || query.mark_variant == 16 && !query.is_on_ground && !query.is_gliding && query.is_sprinting"
            }
          ]
        },
        "flyu": {
          "transitions": [
            {
              "default": "!query.is_on_ground && !query.is_gliding && query.is_sprinting"
            }
          ],
          "on_entry": [
            "/execute @p [rx=20] ~~~ effect @p levitation 1 4 true",
            "/execute @p [rx=29] ~~~ summon mc:uu ^^^-1",
            "/execute @p [rxm=20] ~~~ effect @p slow_falling 6 255 true"
          ]
        }
      }
    }
  }
}