{
  "format_version": "1.10.0",
  "animation_controllers": {
    "controller.animation.sakrra": {
      "states": {
        "default": {
          "transitions": [
            {
              "walkinkg": "(1.0)"
            }
          ],
          "on_entry": [
            "/execute @e [type=mc:webswing] ~~~ effect @p fire_resistance 10 1 true",
            "/execute @e [type=mc:webswing] ~~~ replaceitem entity @p slot.armor.chest 0 elytra",
            "/effect @p jump_boost 2 13 true"
          ]
        },
        "walkinkg": {
          "transitions": [
            {
              "default": "query.get_equipped_item_name=='webswing' && query.is_jumping"
            }
          ],
          "on_entry": [
            "/execute @p [tag=spider] ~~~ execute @e [type=mc:webswing] ~~~ summon mc:knockback"
          ]
        }
      }
    }
  }
}