{
  "format_version": "1.10.0",
  "animation_controllers": {
    "controller.animation.azua": {
      "initial_state": "default",
      "states": {
        "default": {
          "transitions": [
            {
              "spee": "query.mark_variant == 16 && query.is_sprinting"
            }
          ]
        },
        "spee": {
          "transitions": [
            {
              "default": "query.is_sprinting"
            }
          ],
          "on_entry": [
            "/particle mcjey:bluefire ^ ^1 ^"
          ]
        }
      }
    }
  }
}