{
    "pools": [
        {
            "rolls": 1,
            "entries": [
                {
                    "type": "item",
                    "name": "minecraft:banner",
                    "weight": 1,
                    "functions": [
                        {
                            "function": "set_banner_details",
                            "type": 1
                        }
                    ]
                }
            ]
        },
        {
            "rolls": 1,
            "entries": [
                {
                    "type": "item",
                    "name": "minecraft:diamond_axe",
                    "weight": 1,
                    "functions": [
                        {
                            "function": "looting_enchant",
                            "count": {
                                "min": 0,
                                "max": 1
                            }
                        },
                        {
                            "function": "enchant_random_gear",
                            "chance": 1
                        }
                    ]
                }
            ]
        },
        {
            "rolls": 1,
            "entries": [
                {
                    "type": "item",
                    "name": "diamond_helmet",
                    "functions": [
                        {
                            "function": "enchant_with_levels",
                            "levels": {
                                "min": 30,
                                "max": 40
                            }
                        }
                    ]
                }
            ]
        },
        {
            "rolls": 1,
            "entries": [
                {
                    "type": "item",
                    "name": "diamond_leggings",
                    "functions": [
                        {
                            "function": "enchant_with_levels",
                            "levels": {
                                "min": 30,
                                "max": 40
                            }
                        }
                    ]
                }
            ]
        },
        {
            "rolls": 1,
            "entries": [
                {
                    "type": "item",
                    "name": "diamond_boots",
                    "functions": [
                        {
                            "function": "enchant_with_levels",
                            "levels": {
                                "min": 30,
                                "max": 40
                            }
                        }
                    ]
                }
            ]
        }
    ]
}