{
  "namespace": "death",

  // Base button //

  "a_button_panel": {
    "type": "panel",
    "anchor_from": "bottom_middle",
    "anchor_to": "bottom_middle",
    "size": [ "100%c", 26 ],
    "offset": [ 0, "-17.75%" ],
    "controls": [
      {
        "gamepad_helper_a@common.gamepad_helper_a": {
          "$icon_text_color": "$gamepad_button_generic_text_color",
          "$icon_description_bind": "controller.buttonTip.select",
          "$icon_description_bind_type": "none"
        }
      }
    ]
  },

  // Screen //

  "death_screen@common.base_screen": {
    "$screen_content": "death.death_screen_content",
    "$screen_bg_content": "death.background_gradient",
    "load_screen_immediately": true
  },

  "death_screen_content": {
    "type": "panel",
    "controls": [
      {
        "death_screen_buttons_and_stuff": {
          "type": "panel",
          "controls": [
            {
        "you_died_label": {
          "type": "label",
          "color": "$death_text_color",
          "anchor_from": "top_middle",
          "anchor_to": "top_middle",
          "offset": [ 0, "25%" ],
          "text": "deathScreen.title.hardcore",
          "shadow": true,
          "font_size": "large"
        }
      },
               {
            "hardcore_mode_info":{
               "type":"label",
               "color":"$death_text_color",
               "anchor_from":"top_middle",
               "anchor_to":"top_middle",
               "offset":[
                  0,
                  "40%"
               ],
               "text":"deathScreen.hardcoreInfo",
               "shadow":true,
               "font_size":"medium"
            }
      }, 
      {
          "hardcore_mode_info_delete": {
              "type" : "label", 
              "color":"$death_text_color", 
              "anchor_from": "top_middle", 
              "anchor_to": "top_middle", 
              "offset": [
                  0,
                  "50%"
                  ],
              "text": "deathScreen.hardcoreInfo.delete",
              "shadow": true, 
              "font_size": "medium" 
          }
      }, 
      {
        "main_menu_button@common_buttons.light_text_button": {
          "size": [ "25%", 26 ],
          "$button_text": "deathScreen.quit",
                        "anchor_from":"top_middle", 

              "anchor_to": "top_middle", 
          "$pressed_button_name": "button.main_menu_button",
          "offset":[
              0, "70%"],
          "variables": [
            {
              "requires": "$is_secondary_client",
              "$button_text": "deathScreen.quit.secondaryClient"
            }
                ],
                "bindings": [
                  {
                    "binding_name": "#quit_enabled",
                    "binding_name_override": "#enabled"
                  }
                ]
              }
            },
            {
              "select_button@death.a_button_panel": {}
            }
          ],
          "bindings": [
            {
              "binding_name": "#buttons_and_deathmessage_visible",
              "binding_name_override": "#visible"
            }
          ]
        }
      },
      {
        "loading_label": {
          "type": "label",
          "color": "$title_command_text_color",
          "anchor_from": "top_middle",
          "anchor_to": "top_middle",
          "offset": [ 0, "85%" ],
          "text": "progressScreen.generating",
          "font_size": "normal",
          "bindings": [
            {
              "binding_name": "#loading_message_visible",
              "binding_name_override": "#visible"
            }
          ]
        }
      }

    ]
  }
}