{
  "namespace": "death",

  // Base button //

  "a_button_panel": {
    "type": "panel",
    "anchor_from": "bottom_middle",
    "anchor_to": "bottom_middle",
    "size": [ "100%c", 26 ],
    "offset": [ 0, "-17.75%" ],
    "controls": [
      {
        "gamepad_helper_a@common.gamepad_helper_a": {
          "$icon_text_color": "$gamepad_button_generic_text_color",
          "$icon_description_bind": "controller.buttonTip.select",
          "$icon_description_bind_type": "none"
        }
      }
    ]
  },

  // Screen //

  "death_screen@common.base_screen": {
    "$screen_content": "death.death_screen_content",
    "$screen_bg_content": "death.background_gradient",
    "load_screen_immediately": true
  },

  "death_screen_content": {
    "type": "panel",
    "controls": [
      {
        "death_screen_buttons_and_stuff": {
          "type": "panel",
          "controls": [
            {
        "you_died_label": {
          "type": "label",
          "color": "$death_text_color",
          "anchor_from": "top_middle",
          "anchor_to": "top_middle",
          "offset": [ 0, "25%" ],
          "text": "deathScreen.title.hardcore",
          "shadow": true,
          "font_size": "large"
        }
      },
               {
            "hardcore_mode_info":{
               "type":"label",
               "color":"$death_text_color",
               "anchor_from":"top_middle",
               "anchor_to":"top_middle",
               "offset":[
                  0,
                  "40%"
               ],
               "text":"deathScreen.hardcoreInfo",
               "shadow":true,
               "font_size":"medium"
            }
      }, 
      {
        "respawn_button@common_buttons.light_text_button": {
          "size": [ "25%", 26 ],
          "$button_text": "selectWorld.gameMode.spectator",
          "anchor_from": "top_middle",
          "anchor_to": "top_middle",
          "offset": [ 0, "70%" ],
                "$pressed_button_name": "button.respawn_button",
                "bindings": [
                  {
                    "binding_name": "#respawn_enabled",
                    "binding_name_override": "#enabled"
                  }
                ]

        }
      },
            {
              "select_button@death.a_button_panel": {}
            }
          ],
          "bindings": [
            {
              "binding_name": "#buttons_and_deathmessage_visible",
              "binding_name_override": "#visible"
            }
          ]
        }
      },
      {
        "loading_label": {
          "type": "label",
          "color": "$title_command_text_color",
          "anchor_from": "top_middle",
          "anchor_to": "top_middle",
          "offset": [ 0, "85%" ],
          "text": "progressScreen.generating",
          "font_size": "normal",
          "bindings": [
            {
              "binding_name": "#loading_message_visible",
              "binding_name_override": "#visible"
            }
          ]
        }
      }

    ]
  },

  "background_gradient": {
    "type": "custom",
    "renderer": "gradient_renderer",
    "color1": [ 0.313, 0, 0, 0.37 ],
    "color2": [ 0.5, 0.188, 0.188, 0.627 ],
    "ignored": "$is_holographic"
  }
}