{
  "format_version": "1.8.0",
  "minecraft:spawn_rules": {
    "description": {
      "identifier": "alien_being:friendly_witch",
      "population_control": "cat"
    },
    "conditions": [
      {
				"minecraft:spawns_on_surface": {},
				"minecraft:brightness_filter": {
					"min": 10,
					"max": 16,
					"adjust_for_weather": true
				},
				"minecraft:weight": {
					"default": 25
				},
				"minecraft:herd": {
					"min_size": 1,
					"max_size": 1
				}, 
        "minecraft:player_in_village_filter": {
          "distance": 12,
          "village_border_tolerance": 32
        }  
			}
		]
	}
}
