{
  "format_version": "1.11.0",
  "minecraft:spawn_rules": {
    "description": {
      "identifier": "alien_being:derp_pillager",
      "population_control": "pillager"
    },
    "conditions": [
      {
				"minecraft:spawns_on_surface": {},
				"minecraft:brightness_filter": {
					"min": 0,
					"max": 6,
					"adjust_for_weather": false
				},
				"minecraft:weight": {
					"default": 15
				},
				"minecraft:herd": {
					"min_size": 1,
					"max_size": 4
				}, 
         "minecraft:biome_filter": [
            {"test": "has_biome_tag", "operator": "==", "value": "frozen"}
          ]
		   }
		]
	}
}
