{
  "format_version": "1.8.0",
  "minecraft:spawn_rules": {
    "description": {
      "identifier": "alien_being:evocation_villager",
      "population_control": "cat"
    },
    "conditions": [
      {
        "minecraft:spawns_on_surface": {},
        "minecraft:brightness_filter": {
          "min": 10,
          "max": 14,
          "adjust_for_weather": false
        },
        "minecraft:weight": {
          "default": 5
        },
        "minecraft:herd": {
          "max_size": 1
        },
        "minecraft:density_limit": {
          "surface": 1
        },
        "minecraft:biome_filter": [
          {
            "test": "has_biome_tag",
            "operator": "==",
            "value": "plains"
          }
        ],
        "minecraft:player_in_village_filter": {
          "distance": 12,
          "village_border_tolerance": 32
        }
      }
    ]
	}
}
