{
  "format_version": "1.11.0",
  "minecraft:spawn_rules": {
    "description": {
      "identifier": "alien_being:friendly_pillager",
      "population_control": "pillager"
    },
    "conditions": [
      {
        "minecraft:mob_event_filter": {
          "event": "minecraft:pillager_patrols_event"
        },
        "minecraft:world_age_filter": {
          "min": 100
        },
        "minecraft:delay_filter": {
          "min": 100,
          "identifier": "minecraft:pillager_patrol_normal",
          "spawn_chance": 60
        },
        "minecraft:spawns_on_surface": {},
        "minecraft:distance_filter": {
          "min": 12,
          "max": 60
        },
        "minecraft:difficulty_filter": {
          "min": "easy",
          "max": "hard"
        },
        "minecraft:brightness_filter": {
          "min": 12,
          "max": 16,
          "adjust_for_weather": false
        },
        "minecraft:herd": {
          "min_size": 5,
          "max_size": 8,
          "initial_event": "minecraft:promote_to_patrol_captain",
          "initial_event_count": 1,
          "event": "minecraft:spawn_as_patrol_follower",
          "event_skip_count": 1
        },
        "minecraft:permute_type": [
          {
            "weight": 40,
            "entity_type": "alien_being:friendly_pillager"
          },
          {
            "weight": 40,
            "entity_type": "alien_being:friendly_vindicator"
          },
          {
            "weight": 10,
            "entity_type": "minecraft:iron_golem<from_village>"
          },
          {
            "weight": 5,
            "entity_type": "alien_being:friendly_ravager"
          },
          {
            "weight": 5,
            "entity_type": "alien_being:friendly_witch"
          } 
        ],
        "minecraft:player_in_village_filter": {
          "distance": 48,
          "village_border_tolerance": 32
        }
      }
    ]
  }
}
