{
	"format_version": "1.8.0",
	"render_controllers": {
		"controller.render.velociraptor": {
			"arrays": {
				"textures": {
					"Array.skins": [
						"Texture.default",
						"Texture.default1",
						"Texture.default2",
						"Texture.default3"
					]
				}
			},
			"geometry": "geometry.default",
			"part_visibility": [
				{
					"*": true
				}
			],
			"materials": [
				{
					"*": "material.default"
				}
			],
			"textures": [
				"array.skins[query.skin_id]"
			]
		},
		"controller.render.trike": {
			"arrays": {
				"textures": {
					"Array.skins": [
						"Texture.default",
						"Texture.blue"
					]
				}
			},
			"geometry": "geometry.default",
			"part_visibility": [
				{
					"*": true
				}
			],
			"materials": [
				{
					"*": "material.default"
				}
			],
			"textures": [
				"array.skins[query.skin_id]"
			]
		}
	}
}