{
  "format_version": "1.12",
  "minecraft:recipe_shaped": {
    "description": {
      "identifier": "diamond_health_upgrade_5cellb1t"
    },
    "tags": [
      "crafting_table"
    ],
    "pattern": [
      "DBD",
      "CAC",
      "DBD"
    ],
    "key": {
      "A": {
        "item": "team:iron_health_upgrade",
        "data": 0
      },
      "B": {
        "item": "minecraft:diamond",
        "data": 0
      },
      "C": {
        "item": "minecraft:redstone",
        "data": 0
      },
      "D": {
        "item": "minecraft:iron_ingot",
        "data": 0
      }
    },
    "result": {
      "item": "team:diamond_health_upgrade",
      "count": 1
    }
  }
}