{
  "format_version": "1.12",
  "minecraft:recipe_shaped": {
    "description": {
      "identifier": "stone_health_upgrade_2ffffb7a"
    },
    "tags": [
      "crafting_table"
    ],
    "pattern": [
      "AAA",
      "ABA",
      "ACA"
    ],
    "key": {
      "A": {
        "item": "minecraft:cobblestone",
        "data": 0
      },
      "B": {
        "item": "minecraft:redstone",
        "data": 0
      },
      "C": {
        "item": "minecraft:iron_ingot",
        "data": 0
      }
    },
    "result": {
      "item": "team:stone_health_upgrade",
      "count": 1
    }
  }
}