{
  "format_version": "1.12",
  "minecraft:recipe_shaped": {
    "description": {
      "identifier": "iron_health_upgrade_3cbalb0k"
    },
    "tags": [
      "crafting_table"
    ],
    "pattern": [
      "CCC",
      "BAB",
      "CCC"
    ],
    "key": {
      "A": {
        "item": "team:stone_health_upgrade",
        "data": 0
      },
      "B": {
        "item": "minecraft:redstone",
        "data": 0
      },
      "C": {
        "item": "minecraft:iron_ingot",
        "data": 0
      }
    },
    "result": {
      "item": "team:iron_health_upgrade",
      "count": 1
    }
  }
}