{
  "format_version": "1.12",
  "minecraft:recipe_shaped": {
    "description": {
      "identifier": "helper_wand_a53795a5"
    },
    "tags": [
      "crafting_table"
    ],
    "pattern": [
      "ABA",
      "ACA",
      " C "
    ],
    "key": {
      "A": {
        "item": "minecraft:diamond",
        "data": 0
      },
      "B": {
        "item": "minecraft:iron_ingot",
        "data": 0
      },
      "C": {
        "item": "minecraft:stick",
        "data": 0
      }
    },
    "result": {
      "item": "team:helper_wand",
      "count": 1
    }
  }
}