{
  "format_version": "1.8.0",
  "animations": {
    "animation.seb_skibidi_strider.baby_transform": {
      "loop": true,
      "bones": {
        "Head": {
          "position": [
            0,
            4,
            4
          ],
          "scale": [
            2,
            2,
            2
          ]
        }
      }
    },
    "animation.seb_skibidi_strider.setup": {
      "loop": true,
      "bones": {
        "body": {
          "rotation": [
            "-this",
            0,
            0
          ]
        }
      }
    },
    "animation.cow.setup.v1.0": {
      "loop": true,
      "bones": {
        "body": {
          "rotation": [
            "90 - this",
            0,
            0
          ]
        }
      }
    }
  }
}