{
  "format_version": "1.8.0",
  "animations": {
    "animation.seb_upgraded_gman.attack": {
      "loop": true,
      "bones": {
        "leftarm": {
          "rotation": [
            "-68.75 * math.sin(variable.attack_time * 180.0) + 22.92 * (math.sin((1.0 - (1.0 - variable.attack_time) * (1.0 - variable.attack_time)) * 180.0)) - 90.0 - this",
            "5.73 - math.sin(variable.attack_time * 180.0) * 34.38 - this",
            "-this"
          ]
        },
        "rightarm": {
          "rotation": [
            "-68.75 * math.sin(variable.attack_time * 180.0) + 22.92 * (math.sin((1.0 - (1.0 - variable.attack_time) * (1.0 - variable.attack_time)) * 180.0)) - 90.0 - this",
            "-5.73 + math.sin(variable.attack_time * 180.0) * 34.38 - this",
            "-this"
          ]
        }
      }
    },
    "animation.seb_upgraded_gman.bow_and_arrow": {
      "loop": "hold_on_last_frame",
      "animation_length": 0.125,
      "bones": {
        "Laser": {
          "position": {
            "0.0": [
              0,
              0,
              0
            ],
            "0.125": [
              0,
              -8,
              -45
            ]
          },
          "scale": {
            "0.0": [
              1,
              1,
              1
            ],
            "0.125": [
              3.4,
              1,
              1
            ]
          }
        },
        "Lasereye": {
          "position": {
            "0.0": [
              0,
              0,
              0
            ],
            "0.125": [
              0,
              0,
              -45
            ]
          },
          "scale": {
            "0.0": [
              1,
              1,
              1
            ],
            "0.125": [
              1,
              1,
              9.6
            ]
          }
        }
      }
    }
  }
}